<?xml version="1.0" encoding="UTF-8"?>
<TEI xmlns="http://www.tei-c.org/ns/1.0" xml:lang="en">
   <teiHeader>
      <fileDesc>
         <titleStmt>
            <title>ODD by Example customization</title>
         </titleStmt>
         <publicationStmt>
            <p>Unpublished first draft </p>
         </publicationStmt>
         <sourceDesc>
            <p>Derived from an analysis of 290 files from file:/Users/nicolas/Desktop/</p>
         </sourceDesc>
      </fileDesc>
   </teiHeader>
   <text>
      <body>
         <schemaSpec ident="oddbyexample" start="TEI ">
            <moduleRef key="tei"/>
            <!--Checking module textcrit-->
            <classRef key="att.textCritical"/>
            <classRef key="model.rdgLike"/>
            <classRef key="model.rdgPart"/>
            <classSpec ident="att.textCritical" type="atts" mode="change">
               <attList>
                  <attDef ident="type" mode="delete"/>
                  <attDef ident="cause" mode="delete"/>
                  <attDef ident="varSeq" mode="delete"/>
                  <attDef ident="hand" mode="delete"/>
               </attList>
            </classSpec>
            <!--Checking module namesdates-->
            <classRef key="model.persNamePart"/>
            <moduleRef key="namesdates"
                       include="persName surname forename placeName country settlement affiliation"/>
            <elementSpec ident="persName" mode="change">
               <attList>
                  <attDef ident="ana" mode="delete"/>
                  <attDef ident="facs" mode="delete"/>
                  <attDef ident="when" mode="delete"/>
                  <attDef ident="notBefore" mode="delete"/>
                  <attDef ident="notAfter" mode="delete"/>
                  <attDef ident="from" mode="delete"/>
                  <attDef ident="to" mode="delete"/>
                  <attDef ident="resp" mode="delete"/>
                  <attDef ident="source" mode="delete"/>
                  <attDef ident="full" mode="change">
                     <valList mode="add" type="closed">
                        <valItem ident="yes"/>
                     </valList>
                  </attDef>
                  <attDef ident="role" mode="delete"/>
                  <attDef ident="type" mode="delete"/>
                  <attDef ident="subtype" mode="delete"/>
               </attList>
            </elementSpec>
            <elementSpec ident="surname" mode="change">
               <attList>
                  <attDef ident="ana" mode="delete"/>
                  <attDef ident="facs" mode="delete"/>
                  <attDef ident="full" mode="delete"/>
                  <attDef ident="role" mode="delete"/>
                  <attDef ident="key" mode="delete"/>
                  <attDef ident="ref" mode="delete"/>
                  <attDef ident="type" mode="change">
                     <valList mode="add" type="closed">
                        <valItem ident="linked"/>
                     </valList>
                  </attDef>
                  <attDef ident="subtype" mode="delete"/>
               </attList>
            </elementSpec>
            <elementSpec ident="forename" mode="change">
               <attList>
                  <attDef ident="ana" mode="delete"/>
                  <attDef ident="facs" mode="delete"/>
                  <attDef ident="full" mode="delete"/>
                  <attDef ident="role" mode="delete"/>
                  <attDef ident="key" mode="delete"/>
                  <attDef ident="ref" mode="delete"/>
                  <attDef ident="type" mode="delete"/>
                  <attDef ident="subtype" mode="delete"/>
               </attList>
            </elementSpec>
            <elementSpec ident="placeName" mode="change">
               <attList>
                  <attDef ident="when" mode="delete"/>
                  <attDef ident="notBefore" mode="delete"/>
                  <attDef ident="notAfter" mode="delete"/>
                  <attDef ident="from" mode="delete"/>
                  <attDef ident="to" mode="delete"/>
                  <attDef ident="resp" mode="delete"/>
                  <attDef ident="source" mode="delete"/>
                  <attDef ident="ana" mode="delete"/>
                  <attDef ident="facs" mode="delete"/>
                  <attDef ident="full" mode="change">
                     <valList mode="add" type="closed">
                        <valItem ident="yes"/>
                     </valList>
                  </attDef>
                  <attDef ident="role" mode="delete"/>
                  <attDef ident="key" mode="delete"/>
                  <attDef ident="ref" mode="delete"/>
                  <attDef ident="type" mode="delete"/>
                  <attDef ident="subtype" mode="delete"/>
               </attList>
            </elementSpec>
            <elementSpec ident="country" mode="change">
               <attList>
                  <attDef ident="ana" mode="delete"/>
                  <attDef ident="facs" mode="delete"/>
                  <attDef ident="role" mode="delete"/>
                  <attDef ident="key" mode="delete"/>
                  <attDef ident="ref" mode="delete"/>
                  <attDef ident="type" mode="delete"/>
                  <attDef ident="subtype" mode="delete"/>
                  <attDef ident="when" mode="delete"/>
                  <attDef ident="notBefore" mode="delete"/>
                  <attDef ident="notAfter" mode="delete"/>
                  <attDef ident="from" mode="delete"/>
                  <attDef ident="to" mode="delete"/>
               </attList>
            </elementSpec>
            <elementSpec ident="settlement" mode="change">
               <attList>
                  <attDef ident="ana" mode="delete"/>
                  <attDef ident="facs" mode="delete"/>
                  <attDef ident="role" mode="delete"/>
                  <attDef ident="key" mode="delete"/>
                  <attDef ident="ref" mode="delete"/>
                  <attDef ident="type" mode="delete"/>
                  <attDef ident="subtype" mode="delete"/>
                  <attDef ident="when" mode="delete"/>
                  <attDef ident="notBefore" mode="delete"/>
                  <attDef ident="notAfter" mode="delete"/>
                  <attDef ident="from" mode="delete"/>
                  <attDef ident="to" mode="delete"/>
               </attList>
            </elementSpec>
            <elementSpec ident="affiliation" mode="change">
               <attList>
                  <attDef ident="ana" mode="delete"/>
                  <attDef ident="facs" mode="delete"/>
                  <attDef ident="instant" mode="delete"/>
                  <attDef ident="resp" mode="delete"/>
                  <attDef ident="source" mode="delete"/>
                  <attDef ident="when" mode="delete"/>
                  <attDef ident="notBefore" mode="delete"/>
                  <attDef ident="notAfter" mode="delete"/>
                  <attDef ident="from" mode="delete"/>
                  <attDef ident="to" mode="delete"/>
                  <attDef ident="role" mode="delete"/>
                  <attDef ident="key" mode="delete"/>
                  <attDef ident="ref" mode="delete"/>
               </attList>
            </elementSpec>
            <!--Checking module dictionaries-->
            <classRef key="att.lexicographic"/>
            <classRef key="model.entryLike"/>
            <classRef key="model.formPart"/>
            <classRef key="model.gramPart"/>
            <classRef key="model.morphLike"/>
            <classRef key="model.ptrLike.form"/>
            <classSpec ident="att.lexicographic" type="atts" mode="change">
               <attList>
                  <attDef ident="expand" mode="delete"/>
                  <attDef ident="norm" mode="delete"/>
                  <attDef ident="split" mode="delete"/>
                  <attDef ident="value" mode="delete"/>
                  <attDef ident="orig" mode="delete"/>
                  <attDef ident="location" mode="delete"/>
                  <attDef ident="mergedIn" mode="delete"/>
                  <attDef ident="opt" mode="delete"/>
               </attList>
            </classSpec>
            <!--Checking module tagdocs-->
            <macroRef key="macro.anyXML"/>
            <macroRef key="macro.schemaPattern"/>
            <classRef key="att.combinable"/>
            <classRef key="att.identified"/>
            <classRef key="att.namespaceable"/>
            <classRef key="model.contentPart"/>
            <moduleRef key="tagdocs"
                       include="att code eg gi ident tag val specList specDesc classRef macroRef moduleRef schemaSpec specGrp specGrpRef elementSpec classSpec classes memberOf content attList attDef datatype valItem valList"/>
            <elementSpec ident="att" mode="change">
               <attList>
                  <attDef ident="scheme" mode="delete"/>
                  <attDef ident="ana" mode="delete"/>
                  <attDef ident="facs" mode="delete"/>
               </attList>
            </elementSpec>
            <elementSpec ident="code" mode="change">
               <attList>
                  <attDef ident="lang" mode="delete"/>
                  <attDef ident="ana" mode="delete"/>
                  <attDef ident="facs" mode="delete"/>
               </attList>
            </elementSpec>
            <elementSpec ident="eg" mode="change">
               <attList>
                  <attDef ident="ana" mode="delete"/>
                  <attDef ident="facs" mode="delete"/>
               </attList>
            </elementSpec>
            <elementSpec ident="gi" mode="change">
               <attList>
                  <attDef ident="scheme" mode="delete"/>
                  <attDef ident="ana" mode="delete"/>
                  <attDef ident="facs" mode="delete"/>
               </attList>
            </elementSpec>
            <elementSpec ident="ident" mode="change">
               <attList>
                  <attDef ident="ana" mode="delete"/>
                  <attDef ident="facs" mode="delete"/>
                  <attDef ident="type" mode="delete"/>
                  <attDef ident="subtype" mode="delete"/>
               </attList>
            </elementSpec>
            <elementSpec ident="tag" mode="change">
               <attList>
                  <attDef ident="type" mode="delete"/>
                  <attDef ident="scheme" mode="delete"/>
                  <attDef ident="ana" mode="delete"/>
                  <attDef ident="facs" mode="delete"/>
               </attList>
            </elementSpec>
            <elementSpec ident="val" mode="change">
               <attList>
                  <attDef ident="ana" mode="delete"/>
                  <attDef ident="facs" mode="delete"/>
               </attList>
            </elementSpec>
            <elementSpec ident="specList" mode="change">
               <attList>
                  <attDef ident="ana" mode="delete"/>
                  <attDef ident="facs" mode="delete"/>
               </attList>
            </elementSpec>
            <elementSpec ident="specDesc" mode="change">
               <attList>
                  <attDef ident="atts" mode="delete"/>
                  <attDef ident="ana" mode="delete"/>
                  <attDef ident="facs" mode="delete"/>
               </attList>
            </elementSpec>
            <elementSpec ident="classRef" mode="change">
               <attList>
                  <attDef ident="expand" mode="delete"/>
                  <attDef ident="include" mode="delete"/>
                  <attDef ident="except" mode="delete"/>
                  <attDef ident="ana" mode="delete"/>
                  <attDef ident="facs" mode="delete"/>
                  <attDef ident="source" mode="delete"/>
               </attList>
            </elementSpec>
            <elementSpec ident="macroRef" mode="change">
               <attList>
                  <attDef ident="ana" mode="delete"/>
                  <attDef ident="facs" mode="delete"/>
                  <attDef ident="source" mode="delete"/>
               </attList>
            </elementSpec>
            <elementSpec ident="moduleRef" mode="change">
               <attList>
                  <attDef ident="prefix" mode="delete"/>
                  <attDef ident="url" mode="delete"/>
                  <attDef ident="ana" mode="delete"/>
                  <attDef ident="facs" mode="delete"/>
                  <attDef ident="source" mode="delete"/>
               </attList>
            </elementSpec>
            <elementSpec ident="schemaSpec" mode="change">
               <attList>
                  <attDef ident="ana" mode="delete"/>
                  <attDef ident="facs" mode="delete"/>
                  <attDef ident="module" mode="delete"/>
                  <attDef ident="mode" mode="delete"/>
                  <attDef ident="ns" mode="delete"/>
               </attList>
            </elementSpec>
            <elementSpec ident="specGrp" mode="change">
               <attList>
                  <attDef ident="ana" mode="delete"/>
                  <attDef ident="facs" mode="delete"/>
               </attList>
            </elementSpec>
            <elementSpec ident="specGrpRef" mode="change">
               <attList>
                  <attDef ident="ana" mode="delete"/>
                  <attDef ident="facs" mode="delete"/>
               </attList>
            </elementSpec>
            <elementSpec ident="elementSpec" mode="change">
               <attList>
                  <attDef ident="prefix" mode="delete"/>
                  <attDef ident="ana" mode="delete"/>
                  <attDef ident="facs" mode="delete"/>
                  <attDef ident="mode" mode="change">
                     <valList mode="add" type="closed">
                        <valItem ident="change"/>
                        <valItem ident="delete"/>
                     </valList>
                  </attDef>
               </attList>
            </elementSpec>
            <elementSpec ident="classSpec" mode="change">
               <attList>
                  <attDef ident="type" mode="change">
                     <valList mode="add" type="closed">
                        <valItem ident="atts"/>
                     </valList>
                  </attDef>
                  <attDef ident="generate" mode="delete"/>
                  <attDef ident="ana" mode="delete"/>
                  <attDef ident="facs" mode="delete"/>
                  <attDef ident="mode" mode="change">
                     <valList mode="add" type="closed">
                        <valItem ident="change"/>
                     </valList>
                  </attDef>
               </attList>
            </elementSpec>
            <elementSpec ident="classes" mode="change">
               <attList>
                  <attDef ident="mode" mode="change">
                     <valList mode="add" type="closed">
                        <valItem ident="change"/>
                     </valList>
                  </attDef>
                  <attDef ident="ana" mode="delete"/>
                  <attDef ident="facs" mode="delete"/>
               </attList>
            </elementSpec>
            <elementSpec ident="memberOf" mode="change">
               <attList>
                  <attDef ident="mode" mode="change">
                     <valList mode="add" type="closed">
                        <valItem ident="add"/>
                     </valList>
                  </attDef>
                  <attDef ident="max" mode="delete"/>
                  <attDef ident="min" mode="delete"/>
                  <attDef ident="ana" mode="delete"/>
                  <attDef ident="facs" mode="delete"/>
               </attList>
            </elementSpec>
            <elementSpec ident="content" mode="change">
               <attList>
                  <attDef ident="allowText" mode="delete"/>
                  <attDef ident="autoPrefix" mode="delete"/>
                  <attDef ident="ana" mode="delete"/>
                  <attDef ident="facs" mode="delete"/>
               </attList>
            </elementSpec>
            <elementSpec ident="attList" mode="change">
               <attList>
                  <attDef ident="org" mode="delete"/>
                  <attDef ident="ana" mode="delete"/>
                  <attDef ident="facs" mode="delete"/>
               </attList>
            </elementSpec>
            <elementSpec ident="attDef" mode="change">
               <attList>
                  <attDef ident="usage" mode="change">
                     <valList mode="add" type="closed">
                        <valItem ident="opt"/>
                        <valItem ident="req"/>
                     </valList>
                  </attDef>
                  <attDef ident="ns" mode="delete"/>
                  <attDef ident="ana" mode="delete"/>
                  <attDef ident="facs" mode="delete"/>
                  <attDef ident="module" mode="delete"/>
                  <attDef ident="mode" mode="change">
                     <valList mode="add" type="closed">
                        <valItem ident="change"/>
                        <valItem ident="delete"/>
                        <valItem ident="replace"/>
                     </valList>
                  </attDef>
               </attList>
            </elementSpec>
            <elementSpec ident="datatype" mode="change">
               <attList>
                  <attDef ident="ana" mode="delete"/>
                  <attDef ident="facs" mode="delete"/>
               </attList>
            </elementSpec>
            <elementSpec ident="valItem" mode="change">
               <attList>
                  <attDef ident="ana" mode="delete"/>
                  <attDef ident="facs" mode="delete"/>
                  <attDef ident="mode" mode="delete"/>
               </attList>
            </elementSpec>
            <elementSpec ident="valList" mode="change">
               <attList>
                  <attDef ident="type" mode="change">
                     <valList mode="add" type="closed">
                        <valItem ident="closed"/>
                     </valList>
                  </attDef>
                  <attDef ident="ana" mode="delete"/>
                  <attDef ident="facs" mode="delete"/>
                  <attDef ident="mode" mode="change">
                     <valList mode="add" type="closed">
                        <valItem ident="add"/>
                        <valItem ident="replace"/>
                     </valList>
                  </attDef>
               </attList>
            </elementSpec>
            <classSpec ident="att.identified" type="atts" mode="change">
               <attList>
                  <attDef ident="predeclare" mode="delete"/>
                  <attDef ident="status" mode="delete"/>
               </attList>
            </classSpec>
            <classSpec ident="att.dimensions" type="atts" mode="change">
               <attList>
                  <attDef ident="unit" mode="delete"/>
                  <attDef ident="quantity" mode="delete"/>
                  <attDef ident="extent" mode="delete"/>
                  <attDef ident="precision" mode="delete"/>
                  <attDef ident="scope" mode="delete"/>
               </attList>
            </classSpec>
            <classSpec ident="att.damaged" type="atts" mode="change">
               <attList>
                  <attDef ident="hand" mode="delete"/>
                  <attDef ident="degree" mode="delete"/>
                  <attDef ident="group" mode="delete"/>
               </attList>
            </classSpec>
            <classSpec ident="att.datable" type="atts" mode="change">
               <attList>
                  <attDef ident="calendar" mode="delete"/>
                  <attDef ident="period" mode="delete"/>
               </attList>
            </classSpec>
            <classSpec ident="att.responsibility" type="atts" mode="change">
               <attList>
                  <attDef ident="cert" mode="delete"/>
               </attList>
            </classSpec>
            <classSpec ident="att.editLike" type="atts" mode="change">
               <attList>
                  <attDef ident="evidence" mode="delete"/>
               </attList>
            </classSpec>
            <classSpec ident="att.media" type="atts" mode="change">
               <attList>
                  <attDef ident="scale" mode="delete"/>
               </attList>
            </classSpec>
            <classSpec ident="att.interpLike" type="atts" mode="change">
               <attList>
                  <attDef ident="type" mode="delete"/>
                  <attDef ident="inst" mode="delete"/>
               </attList>
            </classSpec>
            <classSpec ident="att.naming" type="atts" mode="change">
               <attList>
                  <attDef ident="nymRef" mode="delete"/>
               </attList>
            </classSpec>
            <classSpec ident="att.pointing" type="atts" mode="change">
               <attList>
                  <attDef ident="targetLang" mode="delete"/>
                  <attDef ident="evaluate" mode="delete"/>
               </attList>
            </classSpec>
            <classSpec ident="att.pointing.group" type="atts" mode="change">
               <attList>
                  <attDef ident="domains" mode="delete"/>
                  <attDef ident="targFunc" mode="delete"/>
               </attList>
            </classSpec>
            <classSpec ident="att.segLike" type="atts" mode="change">
               <attList>
                  <attDef ident="function" mode="delete"/>
               </attList>
            </classSpec>
            <classSpec ident="att.edition" type="atts" mode="change">
               <attList>
                  <attDef ident="edRef" mode="delete"/>
               </attList>
            </classSpec>
            <classSpec ident="att.styleDef" type="atts" mode="change">
               <attList>
                  <attDef ident="schemeVersion" mode="delete"/>
               </attList>
            </classSpec>
            <classSpec ident="att.timed" type="atts" mode="change">
               <attList>
                  <attDef ident="start" mode="delete"/>
                  <attDef ident="end" mode="delete"/>
               </attList>
            </classSpec>
            <classSpec ident="att.transcriptional" type="atts" mode="change">
               <attList>
                  <attDef ident="hand" mode="delete"/>
                  <attDef ident="cause" mode="delete"/>
                  <attDef ident="seq" mode="delete"/>
               </attList>
            </classSpec>
            <classSpec ident="att.personal" type="atts" mode="change">
               <attList>
                  <attDef ident="sort" mode="delete"/>
               </attList>
            </classSpec>
            <!--Checking module core-->
            <classRef key="att.milestoneUnit"/>
            <moduleRef key="core"
                       include="p foreign emph hi quote q mentioned soCalled desc gloss term sic corr choice orig add del name email address addrLine date ptr ref list item label head note graphic milestone pb lb analytic monogr author editor respStmt resp title meeting imprint publisher biblScope pubPlace bibl biblStruct listBibl relatedItem l lg sp speaker divGen"/>
            <elementSpec ident="p" mode="change">
               <attList>
                  <attDef ident="ana" mode="delete"/>
                  <attDef ident="facs" mode="delete"/>
                  <attDef ident="part" mode="change">
                     <valList mode="add" type="closed">
                        <valItem ident="N"/>
                     </valList>
                  </attDef>
               </attList>
            </elementSpec>
            <elementSpec ident="foreign" mode="change">
               <attList>
                  <attDef ident="ana" mode="delete"/>
                  <attDef ident="facs" mode="delete"/>
               </attList>
            </elementSpec>
            <elementSpec ident="emph" mode="change">
               <attList>
                  <attDef ident="ana" mode="delete"/>
                  <attDef ident="facs" mode="delete"/>
               </attList>
            </elementSpec>
            <elementSpec ident="hi" mode="change">
               <attList>
                  <attDef ident="ana" mode="delete"/>
                  <attDef ident="facs" mode="delete"/>
               </attList>
            </elementSpec>
            <elementSpec ident="quote" mode="change">
               <attList>
                  <attDef ident="ana" mode="delete"/>
                  <attDef ident="facs" mode="delete"/>
                  <attDef ident="type" mode="change">
                     <valList mode="add" type="closed">
                        <valItem ident="verse"/>
                     </valList>
                  </attDef>
                  <attDef ident="subtype" mode="delete"/>
                  <attDef ident="source" mode="delete"/>
               </attList>
            </elementSpec>
            <elementSpec ident="q" mode="change">
               <attList>
                  <attDef ident="type" mode="change">
                     <valList mode="add" type="closed">
                        <valItem ident="written"/>
                     </valList>
                  </attDef>
                  <attDef ident="ana" mode="delete"/>
                  <attDef ident="facs" mode="delete"/>
                  <attDef ident="who" mode="delete"/>
                  <attDef ident="source" mode="delete"/>
               </attList>
            </elementSpec>
            <elementSpec ident="mentioned" mode="change">
               <attList>
                  <attDef ident="ana" mode="delete"/>
                  <attDef ident="facs" mode="delete"/>
               </attList>
            </elementSpec>
            <elementSpec ident="soCalled" mode="change">
               <attList>
                  <attDef ident="ana" mode="delete"/>
                  <attDef ident="facs" mode="delete"/>
               </attList>
            </elementSpec>
            <elementSpec ident="desc" mode="change">
               <attList>
                  <attDef ident="ana" mode="delete"/>
                  <attDef ident="facs" mode="delete"/>
                  <attDef ident="type" mode="delete"/>
                  <attDef ident="subtype" mode="delete"/>
               </attList>
            </elementSpec>
            <elementSpec ident="gloss" mode="change">
               <attList>
                  <attDef ident="ana" mode="delete"/>
                  <attDef ident="facs" mode="delete"/>
                  <attDef ident="type" mode="delete"/>
                  <attDef ident="subtype" mode="delete"/>
                  <attDef ident="target" mode="delete"/>
               </attList>
            </elementSpec>
            <elementSpec ident="term" mode="change">
               <attList>
                  <attDef ident="ana" mode="delete"/>
                  <attDef ident="facs" mode="delete"/>
                  <attDef ident="target" mode="delete"/>
                  <attDef ident="type" mode="change">
                     <valList mode="add" type="closed">
                        <valItem ident="genre"/>
                     </valList>
                  </attDef>
                  <attDef ident="subtype" mode="delete"/>
                  <attDef ident="key" mode="delete"/>
                  <attDef ident="ref" mode="delete"/>
               </attList>
            </elementSpec>
            <elementSpec ident="sic" mode="change">
               <attList>
                  <attDef ident="ana" mode="delete"/>
                  <attDef ident="facs" mode="delete"/>
                  <attDef ident="resp" mode="delete"/>
                  <attDef ident="source" mode="delete"/>
               </attList>
            </elementSpec>
            <elementSpec ident="corr" mode="change">
               <attList>
                  <attDef ident="ana" mode="delete"/>
                  <attDef ident="facs" mode="delete"/>
                  <attDef ident="instant" mode="delete"/>
                  <attDef ident="source" mode="delete"/>
                  <attDef ident="type" mode="change">
                     <valList mode="add" type="closed">
                        <valItem ident="barre_de_nasalité_omise"/>
                        <valItem ident="erreur"/>
                        <valItem ident="lettre_omise"/>
                        <valItem ident="lettres_omises"/>
                        <valItem ident="lettres_répétées"/>
                        <valItem ident="lettrine_omise"/>
                        <valItem ident="mot_répété"/>
                        <valItem ident="mots_répétés"/>
                     </valList>
                  </attDef>
                  <attDef ident="subtype" mode="delete"/>
               </attList>
            </elementSpec>
            <elementSpec ident="choice" mode="change">
               <attList>
                  <attDef ident="ana" mode="delete"/>
                  <attDef ident="facs" mode="delete"/>
               </attList>
            </elementSpec>
            <elementSpec ident="orig" mode="change">
               <attList>
                  <attDef ident="ana" mode="delete"/>
                  <attDef ident="facs" mode="delete"/>
                  <attDef ident="resp" mode="delete"/>
                  <attDef ident="source" mode="delete"/>
               </attList>
            </elementSpec>
            <elementSpec ident="add" mode="change">
               <attList>
                  <attDef ident="ana" mode="delete"/>
                  <attDef ident="facs" mode="delete"/>
                  <attDef ident="status" mode="change">
                     <valList mode="add" type="closed">
                        <valItem ident="unremarkable"/>
                     </valList>
                  </attDef>
                  <attDef ident="instant" mode="delete"/>
                  <attDef ident="resp" mode="delete"/>
                  <attDef ident="source" mode="delete"/>
                  <attDef ident="place" mode="change">
                     <valList mode="add" type="closed">
                        <valItem ident="supralinear"/>
                     </valList>
                  </attDef>
                  <attDef ident="type" mode="delete"/>
                  <attDef ident="subtype" mode="delete"/>
               </attList>
            </elementSpec>
            <elementSpec ident="del" mode="change">
               <attList>
                  <attDef ident="ana" mode="delete"/>
                  <attDef ident="facs" mode="delete"/>
                  <attDef ident="status" mode="change">
                     <valList mode="add" type="closed">
                        <valItem ident="shortEnd"/>
                        <valItem ident="unremarkable"/>
                     </valList>
                  </attDef>
                  <attDef ident="instant" mode="delete"/>
                  <attDef ident="resp" mode="delete"/>
                  <attDef ident="source" mode="delete"/>
                  <attDef ident="type" mode="delete"/>
                  <attDef ident="subtype" mode="delete"/>
               </attList>
            </elementSpec>
            <elementSpec ident="name" mode="change">
               <attList>
                  <attDef ident="ana" mode="delete"/>
                  <attDef ident="facs" mode="delete"/>
                  <attDef ident="full" mode="change">
                     <valList mode="add" type="closed">
                        <valItem ident="yes"/>
                     </valList>
                  </attDef>
                  <attDef ident="role" mode="delete"/>
                  <attDef ident="ref" mode="delete"/>
                  <attDef ident="when" mode="delete"/>
                  <attDef ident="notBefore" mode="delete"/>
                  <attDef ident="notAfter" mode="delete"/>
                  <attDef ident="from" mode="delete"/>
                  <attDef ident="to" mode="delete"/>
                  <attDef ident="resp" mode="delete"/>
                  <attDef ident="source" mode="delete"/>
                  <attDef ident="type" mode="change">
                     <valList mode="add" type="closed">
                        <valItem ident="author"/>
                        <valItem ident="person"/>
                     </valList>
                  </attDef>
                  <attDef ident="subtype" mode="delete"/>
               </attList>
            </elementSpec>
            <elementSpec ident="email" mode="change">
               <attList>
                  <attDef ident="ana" mode="delete"/>
                  <attDef ident="facs" mode="delete"/>
               </attList>
            </elementSpec>
            <elementSpec ident="address" mode="change">
               <attList>
                  <attDef ident="ana" mode="delete"/>
                  <attDef ident="facs" mode="delete"/>
               </attList>
            </elementSpec>
            <elementSpec ident="addrLine" mode="change">
               <attList>
                  <attDef ident="ana" mode="delete"/>
                  <attDef ident="facs" mode="delete"/>
               </attList>
            </elementSpec>
            <elementSpec ident="date" mode="change">
               <attList>
                  <attDef ident="ana" mode="delete"/>
                  <attDef ident="facs" mode="delete"/>
                  <attDef ident="resp" mode="delete"/>
                  <attDef ident="source" mode="delete"/>
                  <attDef ident="type" mode="delete"/>
                  <attDef ident="subtype" mode="delete"/>
               </attList>
            </elementSpec>
            <elementSpec ident="ptr" mode="change">
               <attList>
                  <attDef ident="ana" mode="delete"/>
                  <attDef ident="facs" mode="delete"/>
                  <attDef ident="type" mode="delete"/>
                  <attDef ident="subtype" mode="delete"/>
               </attList>
            </elementSpec>
            <elementSpec ident="ref" mode="change">
               <attList>
                  <attDef ident="ana" mode="delete"/>
                  <attDef ident="facs" mode="delete"/>
                  <attDef ident="type" mode="delete"/>
                  <attDef ident="subtype" mode="delete"/>
               </attList>
            </elementSpec>
            <elementSpec ident="list" mode="change">
               <attList>
                  <attDef ident="type" mode="change">
                     <valList mode="add" type="closed">
                        <valItem ident="bulleted"/>
                        <valItem ident="gloss"/>
                        <valItem ident="ordered"/>
                        <valItem ident="simple"/>
                        <valItem ident="unordered"/>
                     </valList>
                  </attDef>
                  <attDef ident="ana" mode="delete"/>
                  <attDef ident="facs" mode="delete"/>
                  <attDef ident="type" mode="change">
                     <valList mode="add" type="closed">
                        <valItem ident="bulleted"/>
                        <valItem ident="gloss"/>
                        <valItem ident="ordered"/>
                        <valItem ident="simple"/>
                        <valItem ident="unordered"/>
                     </valList>
                  </attDef>
                  <attDef ident="subtype" mode="delete"/>
               </attList>
            </elementSpec>
            <elementSpec ident="item" mode="change">
               <attList>
                  <attDef ident="ana" mode="delete"/>
                  <attDef ident="facs" mode="delete"/>
               </attList>
            </elementSpec>
            <elementSpec ident="label" mode="change">
               <attList>
                  <attDef ident="ana" mode="delete"/>
                  <attDef ident="facs" mode="delete"/>
                  <attDef ident="type" mode="delete"/>
                  <attDef ident="subtype" mode="delete"/>
                  <attDef ident="place" mode="delete"/>
               </attList>
            </elementSpec>
            <elementSpec ident="head" mode="change">
               <attList>
                  <attDef ident="ana" mode="delete"/>
                  <attDef ident="facs" mode="delete"/>
                  <attDef ident="type" mode="change">
                     <valList mode="add" type="closed">
                        <valItem ident="legende"/>
                     </valList>
                  </attDef>
                  <attDef ident="subtype" mode="change">
                     <valList mode="add" type="closed">
                        <valItem ident="level1"/>
                        <valItem ident="level2"/>
                        <valItem ident="level3"/>
                     </valList>
                  </attDef>
               </attList>
            </elementSpec>
            <elementSpec ident="note" mode="change">
               <attList>
                  <attDef ident="targetEnd" mode="delete"/>
                  <attDef ident="ana" mode="delete"/>
                  <attDef ident="facs" mode="delete"/>
                  <attDef ident="place" mode="change">
                     <valList mode="add" type="closed">
                        <valItem ident="app"/>
                        <valItem ident="foot"/>
                        <valItem ident="inline"/>
                     </valList>
                  </attDef>
                  <attDef ident="target" mode="delete"/>
                  <attDef ident="source" mode="delete"/>
                  <attDef ident="type" mode="change">
                     <valList mode="add" type="closed">
                        <valItem ident="commentary"/>
                        <valItem ident="ns"/>
                     </valList>
                  </attDef>
                  <attDef ident="subtype" mode="delete"/>
               </attList>
            </elementSpec>
            <elementSpec ident="graphic" mode="change">
               <attList>
                  <attDef ident="ana" mode="delete"/>
                  <attDef ident="facs" mode="delete"/>
               </attList>
            </elementSpec>
            <elementSpec ident="milestone" mode="change">
               <attList>
                  <attDef ident="ana" mode="delete"/>
                  <attDef ident="facs" mode="delete"/>
                  <attDef ident="unit" mode="change">
                     <valList mode="add" type="closed">
                        <valItem ident="column"/>
                     </valList>
                  </attDef>
                  <attDef ident="type" mode="delete"/>
                  <attDef ident="subtype" mode="delete"/>
                  <attDef ident="ed" mode="delete"/>
                  <attDef ident="break" mode="delete"/>
               </attList>
            </elementSpec>
            <elementSpec ident="pb" mode="change">
               <attList>
                  <attDef ident="ana" mode="delete"/>
                  <attDef ident="type" mode="delete"/>
                  <attDef ident="subtype" mode="delete"/>
                  <attDef ident="break" mode="delete"/>
               </attList>
            </elementSpec>
            <elementSpec ident="lb" mode="change">
               <attList>
                  <attDef ident="ana" mode="delete"/>
                  <attDef ident="facs" mode="delete"/>
                  <attDef ident="type" mode="delete"/>
                  <attDef ident="subtype" mode="delete"/>
                  <attDef ident="ed" mode="delete"/>
                  <attDef ident="break" mode="change">
                     <valList mode="add" type="closed">
                        <valItem ident="no"/>
                     </valList>
                  </attDef>
               </attList>
            </elementSpec>
            <elementSpec ident="analytic" mode="change">
               <attList>
                  <attDef ident="ana" mode="delete"/>
                  <attDef ident="facs" mode="delete"/>
               </attList>
            </elementSpec>
            <elementSpec ident="monogr" mode="change">
               <attList>
                  <attDef ident="ana" mode="delete"/>
                  <attDef ident="facs" mode="delete"/>
               </attList>
            </elementSpec>
            <elementSpec ident="author" mode="change">
               <attList>
                  <attDef ident="ana" mode="delete"/>
                  <attDef ident="facs" mode="delete"/>
                  <attDef ident="role" mode="delete"/>
                  <attDef ident="key" mode="delete"/>
                  <attDef ident="ref" mode="delete"/>
               </attList>
            </elementSpec>
            <elementSpec ident="editor" mode="change">
               <attList>
                  <attDef ident="ana" mode="delete"/>
                  <attDef ident="facs" mode="delete"/>
                  <attDef ident="role" mode="change">
                     <valList mode="add" type="closed">
                        <valItem ident="associate_editor"/>
                        <valItem ident="editor"/>
                     </valList>
                  </attDef>
                  <attDef ident="key" mode="delete"/>
                  <attDef ident="ref" mode="delete"/>
               </attList>
            </elementSpec>
            <elementSpec ident="respStmt" mode="change">
               <attList>
                  <attDef ident="ana" mode="delete"/>
                  <attDef ident="facs" mode="delete"/>
                  <attDef ident="key" mode="delete"/>
                  <attDef ident="ref" mode="delete"/>
               </attList>
            </elementSpec>
            <elementSpec ident="resp" mode="change">
               <attList>
                  <attDef ident="ana" mode="delete"/>
                  <attDef ident="facs" mode="delete"/>
                  <attDef ident="key" mode="delete"/>
                  <attDef ident="ref" mode="delete"/>
                  <attDef ident="when" mode="delete"/>
                  <attDef ident="notBefore" mode="delete"/>
                  <attDef ident="notAfter" mode="delete"/>
                  <attDef ident="from" mode="delete"/>
                  <attDef ident="to" mode="delete"/>
               </attList>
            </elementSpec>
            <elementSpec ident="title" mode="change">
               <attList>
                  <attDef ident="level" mode="change">
                     <valList mode="add" type="closed">
                        <valItem ident="a"/>
                        <valItem ident="j"/>
                        <valItem ident="m"/>
                     </valList>
                  </attDef>
                  <attDef ident="type" mode="change">
                     <valList mode="add" type="closed">
                        <valItem ident="alt"/>
                        <valItem ident="gmd"/>
                        <valItem ident="main"/>
                        <valItem ident="normal"/>
                        <valItem ident="reference"/>
                        <valItem ident="source"/>
                        <valItem ident="sub"/>
                     </valList>
                  </attDef>
                  <attDef ident="ana" mode="delete"/>
                  <attDef ident="facs" mode="delete"/>
                  <attDef ident="key" mode="delete"/>
                  <attDef ident="ref" mode="delete"/>
                  <attDef ident="type" mode="change">
                     <valList mode="add" type="closed">
                        <valItem ident="alt"/>
                        <valItem ident="gmd"/>
                        <valItem ident="main"/>
                        <valItem ident="normal"/>
                        <valItem ident="reference"/>
                        <valItem ident="source"/>
                        <valItem ident="sub"/>
                     </valList>
                  </attDef>
                  <attDef ident="subtype" mode="delete"/>
               </attList>
            </elementSpec>
            <elementSpec ident="meeting" mode="change">
               <attList>
                  <attDef ident="ana" mode="delete"/>
                  <attDef ident="facs" mode="delete"/>
                  <attDef ident="key" mode="delete"/>
                  <attDef ident="ref" mode="delete"/>
               </attList>
            </elementSpec>
            <elementSpec ident="imprint" mode="change">
               <attList>
                  <attDef ident="ana" mode="delete"/>
                  <attDef ident="facs" mode="delete"/>
               </attList>
            </elementSpec>
            <elementSpec ident="publisher" mode="change">
               <attList>
                  <attDef ident="ana" mode="delete"/>
                  <attDef ident="facs" mode="delete"/>
               </attList>
            </elementSpec>
            <elementSpec ident="biblScope" mode="change">
               <attList>
                  <attDef ident="type" mode="change">
                     <valList mode="add" type="closed">
                        <valItem ident="issue"/>
                        <valItem ident="pp"/>
                        <valItem ident="publicationDate"/>
                        <valItem ident="vol"/>
                     </valList>
                  </attDef>
                  <attDef ident="ana" mode="delete"/>
                  <attDef ident="facs" mode="delete"/>
               </attList>
            </elementSpec>
            <elementSpec ident="pubPlace" mode="change">
               <attList>
                  <attDef ident="ana" mode="delete"/>
                  <attDef ident="facs" mode="delete"/>
                  <attDef ident="role" mode="delete"/>
                  <attDef ident="key" mode="delete"/>
                  <attDef ident="ref" mode="delete"/>
               </attList>
            </elementSpec>
            <elementSpec ident="bibl" mode="change">
               <attList>
                  <attDef ident="ana" mode="delete"/>
                  <attDef ident="facs" mode="delete"/>
                  <attDef ident="default" mode="change">
                     <valList mode="add" type="closed">
                        <valItem ident="false"/>
                     </valList>
                  </attDef>
                  <attDef ident="type" mode="change">
                     <valList mode="add" type="closed">
                        <valItem ident="head"/>
                     </valList>
                  </attDef>
                  <attDef ident="subtype" mode="change">
                     <valList mode="add" type="closed">
                        <valItem ident="level1"/>
                     </valList>
                  </attDef>
                  <attDef ident="status" mode="change">
                     <valList mode="add" type="closed">
                        <valItem ident="draft"/>
                     </valList>
                  </attDef>
               </attList>
            </elementSpec>
            <elementSpec ident="biblStruct" mode="change">
               <attList>
                  <attDef ident="ana" mode="delete"/>
                  <attDef ident="facs" mode="delete"/>
                  <attDef ident="default" mode="delete"/>
                  <attDef ident="type" mode="delete"/>
                  <attDef ident="subtype" mode="delete"/>
                  <attDef ident="status" mode="delete"/>
               </attList>
            </elementSpec>
            <elementSpec ident="listBibl" mode="change">
               <attList>
                  <attDef ident="ana" mode="delete"/>
                  <attDef ident="facs" mode="delete"/>
                  <attDef ident="default" mode="delete"/>
                  <attDef ident="type" mode="delete"/>
                  <attDef ident="subtype" mode="delete"/>
               </attList>
            </elementSpec>
            <elementSpec ident="relatedItem" mode="change">
               <attList>
                  <attDef ident="ana" mode="delete"/>
                  <attDef ident="facs" mode="delete"/>
                  <attDef ident="type" mode="delete"/>
                  <attDef ident="subtype" mode="delete"/>
               </attList>
            </elementSpec>
            <elementSpec ident="l" mode="change">
               <attList>
                  <attDef ident="ana" mode="delete"/>
                  <attDef ident="facs" mode="delete"/>
                  <attDef ident="part" mode="delete"/>
               </attList>
            </elementSpec>
            <elementSpec ident="lg" mode="change">
               <attList>
                  <attDef ident="ana" mode="delete"/>
                  <attDef ident="facs" mode="delete"/>
                  <attDef ident="org" mode="delete"/>
                  <attDef ident="sample" mode="delete"/>
                  <attDef ident="part" mode="delete"/>
                  <attDef ident="type" mode="change">
                     <valList mode="add" type="closed">
                        <valItem ident="couplet"/>
                        <valItem ident="sonnet"/>
                        <valItem ident="stanza"/>
                     </valList>
                  </attDef>
                  <attDef ident="subtype" mode="delete"/>
               </attList>
            </elementSpec>
            <elementSpec ident="sp" mode="change">
               <attList>
                  <attDef ident="ana" mode="delete"/>
                  <attDef ident="facs" mode="delete"/>
                  <attDef ident="who" mode="delete"/>
               </attList>
            </elementSpec>
            <elementSpec ident="speaker" mode="change">
               <attList>
                  <attDef ident="ana" mode="delete"/>
                  <attDef ident="facs" mode="delete"/>
               </attList>
            </elementSpec>
            <elementSpec ident="divGen" mode="change">
               <attList>
                  <attDef ident="type" mode="change">
                     <valList mode="add" type="closed">
                        <valItem ident="toc"/>
                     </valList>
                  </attDef>
                  <attDef ident="ana" mode="delete"/>
                  <attDef ident="facs" mode="delete"/>
               </attList>
            </elementSpec>
            <!--Checking module header-->
            <moduleRef key="header"
                       include="teiHeader fileDesc titleStmt funder editionStmt edition extent publicationStmt distributor idno availability licence notesStmt sourceDesc biblFull encodingDesc projectDesc editorialDecl tagsDecl rendition classDecl taxonomy category catDesc appInfo application profileDesc creation langUsage language textClass keywords catRef revisionDesc change"/>
            <elementSpec ident="teiHeader" mode="change">
               <attList>
                  <attDef ident="type" mode="change">
                     <valList mode="add" type="closed">
                        <valItem ident="text"/>
                     </valList>
                  </attDef>
                  <attDef ident="ana" mode="delete"/>
                  <attDef ident="facs" mode="delete"/>
               </attList>
            </elementSpec>
            <elementSpec ident="fileDesc" mode="change">
               <attList>
                  <attDef ident="ana" mode="delete"/>
                  <attDef ident="facs" mode="delete"/>
               </attList>
            </elementSpec>
            <elementSpec ident="titleStmt" mode="change">
               <attList>
                  <attDef ident="ana" mode="delete"/>
                  <attDef ident="facs" mode="delete"/>
               </attList>
            </elementSpec>
            <elementSpec ident="funder" mode="change">
               <attList>
                  <attDef ident="ana" mode="delete"/>
                  <attDef ident="facs" mode="delete"/>
                  <attDef ident="key" mode="delete"/>
                  <attDef ident="ref" mode="delete"/>
               </attList>
            </elementSpec>
            <elementSpec ident="editionStmt" mode="change">
               <attList>
                  <attDef ident="ana" mode="delete"/>
                  <attDef ident="facs" mode="delete"/>
               </attList>
            </elementSpec>
            <elementSpec ident="edition" mode="change">
               <attList>
                  <attDef ident="ana" mode="delete"/>
                  <attDef ident="facs" mode="delete"/>
               </attList>
            </elementSpec>
            <elementSpec ident="extent" mode="change">
               <attList>
                  <attDef ident="ana" mode="delete"/>
                  <attDef ident="facs" mode="delete"/>
               </attList>
            </elementSpec>
            <elementSpec ident="publicationStmt" mode="change">
               <attList>
                  <attDef ident="ana" mode="delete"/>
                  <attDef ident="facs" mode="delete"/>
               </attList>
            </elementSpec>
            <elementSpec ident="distributor" mode="change">
               <attList>
                  <attDef ident="ana" mode="delete"/>
                  <attDef ident="facs" mode="delete"/>
               </attList>
            </elementSpec>
            <elementSpec ident="idno" mode="change">
               <attList>
                  <attDef ident="type" mode="change">
                     <valList mode="add" type="closed">
                        <valItem ident="DOI"/>
                        <valItem ident="HALid"/>
                        <valItem ident="filename"/>
                        <valItem ident="isbn10"/>
                        <valItem ident="isbn13"/>
                        <valItem ident="ota"/>
                        <valItem ident="pp"/>
                        <valItem ident="url"/>
                     </valList>
                  </attDef>
                  <attDef ident="ana" mode="delete"/>
                  <attDef ident="facs" mode="delete"/>
               </attList>
            </elementSpec>
            <elementSpec ident="availability" mode="change">
               <attList>
                  <attDef ident="status" mode="change">
                     <valList mode="add" type="closed">
                        <valItem ident="free"/>
                        <valItem ident="restricted"/>
                        <valItem ident="unknown"/>
                     </valList>
                  </attDef>
                  <attDef ident="ana" mode="delete"/>
                  <attDef ident="facs" mode="delete"/>
                  <attDef ident="default" mode="change">
                     <valList mode="add" type="closed">
                        <valItem ident="false"/>
                     </valList>
                  </attDef>
               </attList>
            </elementSpec>
            <elementSpec ident="licence" mode="change">
               <attList>
                  <attDef ident="ana" mode="delete"/>
                  <attDef ident="facs" mode="delete"/>
                  <attDef ident="when" mode="delete"/>
                  <attDef ident="notBefore" mode="delete"/>
                  <attDef ident="notAfter" mode="delete"/>
                  <attDef ident="from" mode="delete"/>
                  <attDef ident="to" mode="delete"/>
               </attList>
            </elementSpec>
            <elementSpec ident="notesStmt" mode="change">
               <attList>
                  <attDef ident="ana" mode="delete"/>
                  <attDef ident="facs" mode="delete"/>
               </attList>
            </elementSpec>
            <elementSpec ident="sourceDesc" mode="change">
               <attList>
                  <attDef ident="ana" mode="delete"/>
                  <attDef ident="facs" mode="delete"/>
                  <attDef ident="default" mode="change">
                     <valList mode="add" type="closed">
                        <valItem ident="false"/>
                     </valList>
                  </attDef>
               </attList>
            </elementSpec>
            <elementSpec ident="biblFull" mode="change">
               <attList>
                  <attDef ident="ana" mode="delete"/>
                  <attDef ident="facs" mode="delete"/>
                  <attDef ident="default" mode="delete"/>
                  <attDef ident="status" mode="delete"/>
               </attList>
            </elementSpec>
            <elementSpec ident="encodingDesc" mode="change">
               <attList>
                  <attDef ident="ana" mode="delete"/>
                  <attDef ident="facs" mode="delete"/>
               </attList>
            </elementSpec>
            <elementSpec ident="projectDesc" mode="change">
               <attList>
                  <attDef ident="ana" mode="delete"/>
                  <attDef ident="facs" mode="delete"/>
                  <attDef ident="default" mode="change">
                     <valList mode="add" type="closed">
                        <valItem ident="false"/>
                     </valList>
                  </attDef>
               </attList>
            </elementSpec>
            <elementSpec ident="editorialDecl" mode="change">
               <attList>
                  <attDef ident="ana" mode="delete"/>
                  <attDef ident="facs" mode="delete"/>
                  <attDef ident="default" mode="change">
                     <valList mode="add" type="closed">
                        <valItem ident="false"/>
                     </valList>
                  </attDef>
               </attList>
            </elementSpec>
            <elementSpec ident="tagsDecl" mode="change">
               <attList>
                  <attDef ident="ana" mode="delete"/>
                  <attDef ident="facs" mode="delete"/>
               </attList>
            </elementSpec>
            <elementSpec ident="rendition" mode="change">
               <attList>
                  <attDef ident="scope" mode="delete"/>
                  <attDef ident="ana" mode="delete"/>
                  <attDef ident="facs" mode="delete"/>
                  <attDef ident="scheme" mode="change">
                     <valList mode="add" type="closed">
                        <valItem ident="css"/>
                     </valList>
                  </attDef>
               </attList>
            </elementSpec>
            <elementSpec ident="classDecl" mode="change">
               <attList>
                  <attDef ident="ana" mode="delete"/>
                  <attDef ident="facs" mode="delete"/>
               </attList>
            </elementSpec>
            <elementSpec ident="taxonomy" mode="change">
               <attList>
                  <attDef ident="ana" mode="delete"/>
                  <attDef ident="facs" mode="delete"/>
               </attList>
            </elementSpec>
            <elementSpec ident="category" mode="change">
               <attList>
                  <attDef ident="ana" mode="delete"/>
                  <attDef ident="facs" mode="delete"/>
               </attList>
            </elementSpec>
            <elementSpec ident="catDesc" mode="change">
               <attList>
                  <attDef ident="ana" mode="delete"/>
                  <attDef ident="facs" mode="delete"/>
               </attList>
            </elementSpec>
            <elementSpec ident="appInfo" mode="change">
               <attList>
                  <attDef ident="ana" mode="delete"/>
                  <attDef ident="facs" mode="delete"/>
               </attList>
            </elementSpec>
            <elementSpec ident="application" mode="change">
               <attList>
                  <attDef ident="ana" mode="delete"/>
                  <attDef ident="facs" mode="delete"/>
                  <attDef ident="type" mode="delete"/>
                  <attDef ident="subtype" mode="delete"/>
                  <attDef ident="when" mode="delete"/>
                  <attDef ident="notBefore" mode="delete"/>
                  <attDef ident="notAfter" mode="delete"/>
                  <attDef ident="from" mode="delete"/>
                  <attDef ident="to" mode="delete"/>
               </attList>
            </elementSpec>
            <elementSpec ident="profileDesc" mode="change">
               <attList>
                  <attDef ident="ana" mode="delete"/>
                  <attDef ident="facs" mode="delete"/>
               </attList>
            </elementSpec>
            <elementSpec ident="creation" mode="change">
               <attList>
                  <attDef ident="ana" mode="delete"/>
                  <attDef ident="facs" mode="delete"/>
                  <attDef ident="when" mode="delete"/>
                  <attDef ident="notBefore" mode="delete"/>
                  <attDef ident="notAfter" mode="delete"/>
                  <attDef ident="from" mode="delete"/>
                  <attDef ident="to" mode="delete"/>
               </attList>
            </elementSpec>
            <elementSpec ident="langUsage" mode="change">
               <attList>
                  <attDef ident="ana" mode="delete"/>
                  <attDef ident="facs" mode="delete"/>
                  <attDef ident="default" mode="change">
                     <valList mode="add" type="closed">
                        <valItem ident="false"/>
                     </valList>
                  </attDef>
               </attList>
            </elementSpec>
            <elementSpec ident="language" mode="change">
               <attList>
                  <attDef ident="ana" mode="delete"/>
                  <attDef ident="facs" mode="delete"/>
               </attList>
            </elementSpec>
            <elementSpec ident="textClass" mode="change">
               <attList>
                  <attDef ident="ana" mode="delete"/>
                  <attDef ident="facs" mode="delete"/>
                  <attDef ident="default" mode="change">
                     <valList mode="add" type="closed">
                        <valItem ident="false"/>
                     </valList>
                  </attDef>
               </attList>
            </elementSpec>
            <elementSpec ident="keywords" mode="change">
               <attList>
                  <attDef ident="ana" mode="delete"/>
                  <attDef ident="facs" mode="delete"/>
               </attList>
            </elementSpec>
            <elementSpec ident="catRef" mode="change">
               <attList>
                  <attDef ident="scheme" mode="delete"/>
                  <attDef ident="ana" mode="delete"/>
                  <attDef ident="facs" mode="delete"/>
               </attList>
            </elementSpec>
            <elementSpec ident="revisionDesc" mode="change">
               <attList>
                  <attDef ident="ana" mode="delete"/>
                  <attDef ident="facs" mode="delete"/>
                  <attDef ident="status" mode="change">
                     <valList mode="add" type="closed">
                        <valItem ident="draft"/>
                     </valList>
                  </attDef>
               </attList>
            </elementSpec>
            <elementSpec ident="change" mode="change">
               <attList>
                  <attDef ident="target" mode="delete"/>
                  <attDef ident="notBefore" mode="delete"/>
                  <attDef ident="notAfter" mode="delete"/>
                  <attDef ident="from" mode="delete"/>
                  <attDef ident="to" mode="delete"/>
                  <attDef ident="status" mode="change">
                     <valList mode="add" type="closed">
                        <valItem ident="draft"/>
                     </valList>
                  </attDef>
                  <attDef ident="ana" mode="delete"/>
                  <attDef ident="facs" mode="delete"/>
                  <attDef ident="type" mode="delete"/>
                  <attDef ident="subtype" mode="delete"/>
               </attList>
            </elementSpec>
            <!--Checking module verse-->
            <!--Checking module msdescription-->
            <moduleRef key="msdescription"
                       include="msDesc msIdentifier repository altIdentifier history origin msPart"/>
            <elementSpec ident="msDesc" mode="change">
               <attList>
                  <attDef ident="ana" mode="delete"/>
                  <attDef ident="facs" mode="delete"/>
                  <attDef ident="type" mode="delete"/>
                  <attDef ident="subtype" mode="delete"/>
               </attList>
            </elementSpec>
            <elementSpec ident="msIdentifier" mode="change">
               <attList>
                  <attDef ident="ana" mode="delete"/>
                  <attDef ident="facs" mode="delete"/>
               </attList>
            </elementSpec>
            <elementSpec ident="repository" mode="change">
               <attList>
                  <attDef ident="ana" mode="delete"/>
                  <attDef ident="facs" mode="delete"/>
                  <attDef ident="role" mode="delete"/>
                  <attDef ident="key" mode="delete"/>
                  <attDef ident="ref" mode="delete"/>
               </attList>
            </elementSpec>
            <elementSpec ident="altIdentifier" mode="change">
               <attList>
                  <attDef ident="ana" mode="delete"/>
                  <attDef ident="facs" mode="delete"/>
                  <attDef ident="type" mode="delete"/>
                  <attDef ident="subtype" mode="delete"/>
               </attList>
            </elementSpec>
            <elementSpec ident="history" mode="change">
               <attList>
                  <attDef ident="ana" mode="delete"/>
                  <attDef ident="facs" mode="delete"/>
               </attList>
            </elementSpec>
            <elementSpec ident="origin" mode="change">
               <attList>
                  <attDef ident="ana" mode="delete"/>
                  <attDef ident="facs" mode="delete"/>
                  <attDef ident="instant" mode="delete"/>
                  <attDef ident="resp" mode="delete"/>
                  <attDef ident="source" mode="delete"/>
                  <attDef ident="when" mode="delete"/>
                  <attDef ident="notBefore" mode="delete"/>
                  <attDef ident="notAfter" mode="delete"/>
                  <attDef ident="from" mode="delete"/>
                  <attDef ident="to" mode="delete"/>
               </attList>
            </elementSpec>
            <elementSpec ident="msPart" mode="change">
               <attList>
                  <attDef ident="ana" mode="delete"/>
                  <attDef ident="facs" mode="delete"/>
               </attList>
            </elementSpec>
            <!--Checking module transcr-->
            <classRef key="att.global.facs"/>
            <moduleRef key="transcr" include="facsimile surface damage subst supplied"/>
            <elementSpec ident="facsimile" mode="change">
               <attList>
                  <attDef ident="ana" mode="delete"/>
                  <attDef ident="facs" mode="delete"/>
               </attList>
            </elementSpec>
            <elementSpec ident="surface" mode="change">
               <attList>
                  <attDef ident="attachment" mode="delete"/>
                  <attDef ident="flipping" mode="delete"/>
                  <attDef ident="ana" mode="delete"/>
                  <attDef ident="facs" mode="delete"/>
                  <attDef ident="type" mode="delete"/>
                  <attDef ident="subtype" mode="delete"/>
               </attList>
            </elementSpec>
            <elementSpec ident="damage" mode="change">
               <attList>
                  <attDef ident="ana" mode="delete"/>
                  <attDef ident="facs" mode="delete"/>
                  <attDef ident="type" mode="delete"/>
                  <attDef ident="subtype" mode="delete"/>
                  <attDef ident="agent" mode="change">
                     <valList mode="add" type="closed">
                        <valItem ident="arraché"/>
                     </valList>
                  </attDef>
               </attList>
            </elementSpec>
            <elementSpec ident="subst" mode="change">
               <attList>
                  <attDef ident="ana" mode="delete"/>
                  <attDef ident="facs" mode="delete"/>
                  <attDef ident="status" mode="change">
                     <valList mode="add" type="closed">
                        <valItem ident="unremarkable"/>
                     </valList>
                  </attDef>
                  <attDef ident="instant" mode="delete"/>
                  <attDef ident="resp" mode="delete"/>
                  <attDef ident="source" mode="delete"/>
               </attList>
            </elementSpec>
            <elementSpec ident="supplied" mode="change">
               <attList>
                  <attDef ident="ana" mode="delete"/>
                  <attDef ident="facs" mode="delete"/>
               </attList>
            </elementSpec>
            <!--Checking module linking-->
            <moduleRef key="linking" include="seg"/>
            <elementSpec ident="seg" mode="change">
               <attList>
                  <attDef ident="ana" mode="delete"/>
                  <attDef ident="facs" mode="delete"/>
                  <attDef ident="part" mode="change">
                     <valList mode="add" type="closed">
                        <valItem ident="N"/>
                     </valList>
                  </attDef>
                  <attDef ident="type" mode="change">
                     <valList mode="add" type="closed">
                        <valItem ident="word_part"/>
                     </valList>
                  </attDef>
                  <attDef ident="subtype" mode="delete"/>
                  <attDef ident="resp" mode="delete"/>
                  <attDef ident="source" mode="delete"/>
               </attList>
            </elementSpec>
            <!--Checking module analysis-->
            <classRef key="att.global.analytic"/>
            <moduleRef key="analysis" include="s w pc"/>
            <elementSpec ident="s" mode="change">
               <attList>
                  <attDef ident="ana" mode="delete"/>
                  <attDef ident="facs" mode="delete"/>
                  <attDef ident="part" mode="change">
                     <valList mode="add" type="closed">
                        <valItem ident="N"/>
                     </valList>
                  </attDef>
                  <attDef ident="type" mode="delete"/>
                  <attDef ident="subtype" mode="delete"/>
               </attList>
            </elementSpec>
            <elementSpec ident="w" mode="change">
               <attList>
                  <attDef ident="lemmaRef" mode="delete"/>
                  <attDef ident="facs" mode="delete"/>
                  <attDef ident="part" mode="change">
                     <valList mode="add" type="closed">
                        <valItem ident="N"/>
                     </valList>
                  </attDef>
                  <attDef ident="type" mode="change">
                     <valList mode="add" type="closed">
                        <valItem ident="ADJcar"/>
                        <valItem ident="ADJind"/>
                        <valItem ident="ADJord"/>
                        <valItem ident="ADJpos"/>
                        <valItem ident="ADJqua"/>
                        <valItem ident="ADVgen"/>
                        <valItem ident="ADVgen.PROper"/>
                        <valItem ident="ADVint"/>
                        <valItem ident="ADVneg"/>
                        <valItem ident="ADVneg.PROper"/>
                        <valItem ident="ADVsub"/>
                        <valItem ident="CC"/>
                        <valItem ident="CD"/>
                        <valItem ident="CONcoo"/>
                        <valItem ident="CONsub"/>
                        <valItem ident="CONsub_o"/>
                        <valItem ident="CONsub_pre"/>
                        <valItem ident="DETcar"/>
                        <valItem ident="DETdef"/>
                        <valItem ident="DETdem"/>
                        <valItem ident="DETind"/>
                        <valItem ident="DETint"/>
                        <valItem ident="DETint_exc"/>
                        <valItem ident="DETndf"/>
                        <valItem ident="DETpos"/>
                        <valItem ident="DETrel"/>
                        <valItem ident="DETrel_o"/>
                        <valItem ident="DT"/>
                        <valItem ident="ETR"/>
                        <valItem ident="EX"/>
                        <valItem ident="IN"/>
                        <valItem ident="INJ"/>
                        <valItem ident="JJ"/>
                        <valItem ident="JJR"/>
                        <valItem ident="JJS"/>
                        <valItem ident="MD"/>
                        <valItem ident="NN"/>
                        <valItem ident="NNS"/>
                        <valItem ident="NOMcom"/>
                        <valItem ident="NOMpro"/>
                        <valItem ident="NP"/>
                        <valItem ident="NPS"/>
                        <valItem ident="PDT"/>
                        <valItem ident="PONfbl"/>
                        <valItem ident="PONfrt"/>
                        <valItem ident="PONpdr"/>
                        <valItem ident="PONpga"/>
                        <valItem ident="POS"/>
                        <valItem ident="PP"/>
                        <valItem ident="PPs"/>
                        <valItem ident="PRE"/>
                        <valItem ident="PRE.DETdef"/>
                        <valItem ident="PRE.DETrel"/>
                        <valItem ident="PRE.PROper"/>
                        <valItem ident="PROadv"/>
                        <valItem ident="PROcar"/>
                        <valItem ident="PROdem"/>
                        <valItem ident="PROimp"/>
                        <valItem ident="PROind"/>
                        <valItem ident="PROint"/>
                        <valItem ident="PROint_adv"/>
                        <valItem ident="PROord"/>
                        <valItem ident="PROper"/>
                        <valItem ident="PROper.PROper"/>
                        <valItem ident="PROpos"/>
                        <valItem ident="PROrel"/>
                        <valItem ident="PROrel_adv"/>
                        <valItem ident="PROrel_o"/>
                        <valItem ident="RB"/>
                        <valItem ident="RBR"/>
                        <valItem ident="RBS"/>
                        <valItem ident="RED"/>
                        <valItem ident="RP"/>
                        <valItem ident="TO"/>
                        <valItem ident="UH"/>
                        <valItem ident="VB"/>
                        <valItem ident="VBD"/>
                        <valItem ident="VBG"/>
                        <valItem ident="VBN"/>
                        <valItem ident="VBP"/>
                        <valItem ident="VBZ"/>
                        <valItem ident="VERcjg"/>
                        <valItem ident="VERinf"/>
                        <valItem ident="VERppa"/>
                        <valItem ident="VERppe"/>
                        <valItem ident="VH"/>
                        <valItem ident="VHD"/>
                        <valItem ident="VHG"/>
                        <valItem ident="VHN"/>
                        <valItem ident="VHP"/>
                        <valItem ident="VHZ"/>
                        <valItem ident="VV"/>
                        <valItem ident="VVD"/>
                        <valItem ident="VVG"/>
                        <valItem ident="VVN"/>
                        <valItem ident="VVP"/>
                        <valItem ident="VVZ"/>
                        <valItem ident="WDT"/>
                        <valItem ident="WP"/>
                        <valItem ident="WPs"/>
                        <valItem ident="WRB"/>
                     </valList>
                  </attDef>
                  <attDef ident="subtype" mode="delete"/>
               </attList>
            </elementSpec>
            <elementSpec ident="pc" mode="change">
               <attList>
                  <attDef ident="force" mode="delete"/>
                  <attDef ident="unit" mode="delete"/>
                  <attDef ident="pre" mode="delete"/>
                  <attDef ident="ana" mode="delete"/>
                  <attDef ident="facs" mode="delete"/>
                  <attDef ident="part" mode="change">
                     <valList mode="add" type="closed">
                        <valItem ident="N"/>
                     </valList>
                  </attDef>
                  <attDef ident="type" mode="change">
                     <valList mode="add" type="closed">
                        <valItem ident="SENT"/>
                        <valItem ident="cp"/>
                        <valItem ident="cq"/>
                        <valItem ident="op"/>
                        <valItem ident="oq"/>
                        <valItem ident="sub"/>
                     </valList>
                  </attDef>
                  <attDef ident="subtype" mode="delete"/>
               </attList>
            </elementSpec>
            <!--Checking module textstructure-->
            <moduleRef key="textstructure"
                       include="TEI text body div byline dateline opener closer salute signed postscript titlePage docTitle titlePart docAuthor docImprint docDate front back"/>
            <elementSpec ident="TEI" mode="change">
               <attList>
                  <attDef ident="ana" mode="delete"/>
                  <attDef ident="facs" mode="delete"/>
               </attList>
            </elementSpec>
            <elementSpec ident="text" mode="change">
               <attList>
                  <attDef ident="ana" mode="delete"/>
                  <attDef ident="facs" mode="delete"/>
                  <attDef ident="type" mode="change">
                     <valList mode="add" type="closed">
                        <valItem ident="letter"/>
                     </valList>
                  </attDef>
                  <attDef ident="subtype" mode="delete"/>
               </attList>
            </elementSpec>
            <elementSpec ident="body" mode="change">
               <attList>
                  <attDef ident="ana" mode="delete"/>
                  <attDef ident="facs" mode="delete"/>
               </attList>
            </elementSpec>
            <elementSpec ident="div" mode="change">
               <attList>
                  <attDef ident="ana" mode="delete"/>
                  <attDef ident="facs" mode="delete"/>
                  <attDef ident="org" mode="change">
                     <valList mode="add" type="closed">
                        <valItem ident="uniform"/>
                     </valList>
                  </attDef>
                  <attDef ident="sample" mode="change">
                     <valList mode="add" type="closed">
                        <valItem ident="complete"/>
                     </valList>
                  </attDef>
                  <attDef ident="part" mode="change">
                     <valList mode="add" type="closed">
                        <valItem ident="N"/>
                     </valList>
                  </attDef>
                  <attDef ident="type" mode="change">
                     <valList mode="add" type="closed">
                        <valItem ident="abstract"/>
                        <valItem ident="accroche"/>
                        <valItem ident="article"/>
                        <valItem ident="bibliography"/>
                        <valItem ident="chapter"/>
                        <valItem ident="dedication"/>
                        <valItem ident="destination"/>
                        <valItem ident="div1"/>
                        <valItem ident="div2"/>
                        <valItem ident="div3"/>
                        <valItem ident="message"/>
                        <valItem ident="part"/>
                        <valItem ident="preface"/>
                        <valItem ident="scene"/>
                        <valItem ident="section"/>
                        <valItem ident="verso"/>
                        <valItem ident="volume"/>
                        <valItem ident="writingSession"/>
                     </valList>
                  </attDef>
                  <attDef ident="subtype" mode="change">
                     <valList mode="add" type="closed">
                        <valItem ident="BAR"/>
                        <valItem ident="BEL"/>
                        <valItem ident="BES"/>
                        <valItem ident="EPI"/>
                        <valItem ident="GBN"/>
                        <valItem ident="GBS"/>
                        <valItem ident="ING"/>
                        <valItem ident="LUN"/>
                        <valItem ident="MEU"/>
                        <valItem ident="MMO"/>
                        <valItem ident="MTB"/>
                        <valItem ident="NCO"/>
                        <valItem ident="NCY"/>
                        <valItem ident="NEU"/>
                        <valItem ident="PTM"/>
                        <valItem ident="REM"/>
                        <valItem ident="RFC"/>
                        <valItem ident="RLO"/>
                        <valItem ident="SFC"/>
                        <valItem ident="SLO"/>
                        <valItem ident="SME"/>
                        <valItem ident="SNA"/>
                        <valItem ident="STD"/>
                        <valItem ident="SVO"/>
                        <valItem ident="TOU"/>
                        <valItem ident="VER"/>
                        <valItem ident="VES"/>
                        <valItem ident="VIV"/>
                        <valItem ident="VOG"/>
                     </valList>
                  </attDef>
               </attList>
            </elementSpec>
            <elementSpec ident="byline" mode="change">
               <attList>
                  <attDef ident="ana" mode="delete"/>
                  <attDef ident="facs" mode="delete"/>
               </attList>
            </elementSpec>
            <elementSpec ident="dateline" mode="change">
               <attList>
                  <attDef ident="ana" mode="delete"/>
                  <attDef ident="facs" mode="delete"/>
               </attList>
            </elementSpec>
            <elementSpec ident="opener" mode="change">
               <attList>
                  <attDef ident="ana" mode="delete"/>
                  <attDef ident="facs" mode="delete"/>
               </attList>
            </elementSpec>
            <elementSpec ident="closer" mode="change">
               <attList>
                  <attDef ident="ana" mode="delete"/>
                  <attDef ident="facs" mode="delete"/>
               </attList>
            </elementSpec>
            <elementSpec ident="salute" mode="change">
               <attList>
                  <attDef ident="ana" mode="delete"/>
                  <attDef ident="facs" mode="delete"/>
               </attList>
            </elementSpec>
            <elementSpec ident="signed" mode="change">
               <attList>
                  <attDef ident="ana" mode="delete"/>
                  <attDef ident="facs" mode="delete"/>
               </attList>
            </elementSpec>
            <elementSpec ident="postscript" mode="change">
               <attList>
                  <attDef ident="ana" mode="delete"/>
                  <attDef ident="facs" mode="delete"/>
               </attList>
            </elementSpec>
            <elementSpec ident="titlePage" mode="change">
               <attList>
                  <attDef ident="type" mode="delete"/>
                  <attDef ident="ana" mode="delete"/>
               </attList>
            </elementSpec>
            <elementSpec ident="docTitle" mode="change">
               <attList>
                  <attDef ident="ana" mode="delete"/>
                  <attDef ident="facs" mode="delete"/>
                  <attDef ident="key" mode="delete"/>
                  <attDef ident="ref" mode="delete"/>
               </attList>
            </elementSpec>
            <elementSpec ident="titlePart" mode="change">
               <attList>
                  <attDef ident="type" mode="change">
                     <valList mode="add" type="closed">
                        <valItem ident="main"/>
                        <valItem ident="sub"/>
                     </valList>
                  </attDef>
                  <attDef ident="ana" mode="delete"/>
                  <attDef ident="facs" mode="delete"/>
               </attList>
            </elementSpec>
            <elementSpec ident="docAuthor" mode="change">
               <attList>
                  <attDef ident="ana" mode="delete"/>
                  <attDef ident="facs" mode="delete"/>
                  <attDef ident="key" mode="delete"/>
                  <attDef ident="ref" mode="delete"/>
               </attList>
            </elementSpec>
            <elementSpec ident="docImprint" mode="change">
               <attList>
                  <attDef ident="ana" mode="delete"/>
                  <attDef ident="facs" mode="delete"/>
               </attList>
            </elementSpec>
            <elementSpec ident="docDate" mode="change">
               <attList>
                  <attDef ident="when" mode="delete"/>
                  <attDef ident="ana" mode="delete"/>
                  <attDef ident="facs" mode="delete"/>
               </attList>
            </elementSpec>
            <elementSpec ident="front" mode="change">
               <attList>
                  <attDef ident="ana" mode="delete"/>
                  <attDef ident="facs" mode="delete"/>
               </attList>
            </elementSpec>
            <elementSpec ident="back" mode="change">
               <attList>
                  <attDef ident="ana" mode="delete"/>
                  <attDef ident="facs" mode="delete"/>
               </attList>
            </elementSpec>
            <!--Checking module figures-->
            <moduleRef key="figures" include="table row cell formula notatedMusic figure"/>
            <elementSpec ident="table" mode="change">
               <attList>
                  <attDef ident="ana" mode="delete"/>
                  <attDef ident="facs" mode="delete"/>
               </attList>
            </elementSpec>
            <elementSpec ident="row" mode="change">
               <attList>
                  <attDef ident="ana" mode="delete"/>
                  <attDef ident="facs" mode="delete"/>
                  <attDef ident="role" mode="change">
                     <valList mode="add" type="closed">
                        <valItem ident="label"/>
                     </valList>
                  </attDef>
                  <attDef ident="rows" mode="delete"/>
                  <attDef ident="cols" mode="delete"/>
               </attList>
            </elementSpec>
            <elementSpec ident="cell" mode="change">
               <attList>
                  <attDef ident="ana" mode="delete"/>
                  <attDef ident="facs" mode="delete"/>
                  <attDef ident="role" mode="change">
                     <valList mode="add" type="closed">
                        <valItem ident="label"/>
                     </valList>
                  </attDef>
               </attList>
            </elementSpec>
            <elementSpec ident="formula" mode="change">
               <attList>
                  <attDef ident="notation" mode="change">
                     <valList mode="add" type="closed">
                        <valItem ident="MathML"/>
                     </valList>
                  </attDef>
                  <attDef ident="ana" mode="delete"/>
                  <attDef ident="facs" mode="delete"/>
               </attList>
            </elementSpec>
            <elementSpec ident="notatedMusic" mode="change">
               <attList>
                  <attDef ident="ana" mode="delete"/>
                  <attDef ident="facs" mode="delete"/>
                  <attDef ident="place" mode="delete"/>
                  <attDef ident="type" mode="delete"/>
                  <attDef ident="subtype" mode="delete"/>
               </attList>
            </elementSpec>
            <elementSpec ident="figure" mode="change">
               <attList>
                  <attDef ident="ana" mode="delete"/>
                  <attDef ident="facs" mode="delete"/>
                  <attDef ident="place" mode="change">
                     <valList mode="add" type="closed">
                        <valItem ident="topLeft"/>
                     </valList>
                  </attDef>
                  <attDef ident="type" mode="change">
                     <valList mode="add" type="closed">
                        <valItem ident="cartoon"/>
                     </valList>
                  </attDef>
                  <attDef ident="subtype" mode="delete"/>
               </attList>
            </elementSpec>
            <!--Checking module corpus-->
            <moduleRef key="corpus"
                       include="textDesc channel constitution derivation domain factuality interaction preparedness purpose"/>
            <elementSpec ident="textDesc" mode="change">
               <attList>
                  <attDef ident="ana" mode="delete"/>
                  <attDef ident="facs" mode="delete"/>
                  <attDef ident="default" mode="change">
                     <valList mode="add" type="closed">
                        <valItem ident="false"/>
                     </valList>
                  </attDef>
               </attList>
            </elementSpec>
            <elementSpec ident="channel" mode="change">
               <attList>
                  <attDef ident="mode" mode="change">
                     <valList mode="add" type="closed">
                        <valItem ident="w"/>
                     </valList>
                  </attDef>
                  <attDef ident="ana" mode="delete"/>
                  <attDef ident="facs" mode="delete"/>
               </attList>
            </elementSpec>
            <elementSpec ident="constitution" mode="change">
               <attList>
                  <attDef ident="type" mode="change">
                     <valList mode="add" type="closed">
                        <valItem ident="single"/>
                     </valList>
                  </attDef>
                  <attDef ident="ana" mode="delete"/>
                  <attDef ident="facs" mode="delete"/>
               </attList>
            </elementSpec>
            <elementSpec ident="derivation" mode="change">
               <attList>
                  <attDef ident="type" mode="change">
                     <valList mode="add" type="closed">
                        <valItem ident="original"/>
                     </valList>
                  </attDef>
                  <attDef ident="ana" mode="delete"/>
                  <attDef ident="facs" mode="delete"/>
               </attList>
            </elementSpec>
            <elementSpec ident="domain" mode="change">
               <attList>
                  <attDef ident="type" mode="change">
                     <valList mode="add" type="closed">
                        <valItem ident="litteraire"/>
                     </valList>
                  </attDef>
                  <attDef ident="ana" mode="delete"/>
                  <attDef ident="facs" mode="delete"/>
               </attList>
            </elementSpec>
            <elementSpec ident="factuality" mode="change">
               <attList>
                  <attDef ident="type" mode="change">
                     <valList mode="add" type="closed">
                        <valItem ident="inapplicable"/>
                     </valList>
                  </attDef>
                  <attDef ident="ana" mode="delete"/>
                  <attDef ident="facs" mode="delete"/>
               </attList>
            </elementSpec>
            <elementSpec ident="interaction" mode="change">
               <attList>
                  <attDef ident="type" mode="change">
                     <valList mode="add" type="closed">
                        <valItem ident="none"/>
                     </valList>
                  </attDef>
                  <attDef ident="active" mode="delete"/>
                  <attDef ident="passive" mode="delete"/>
                  <attDef ident="ana" mode="delete"/>
                  <attDef ident="facs" mode="delete"/>
               </attList>
            </elementSpec>
            <elementSpec ident="preparedness" mode="change">
               <attList>
                  <attDef ident="type" mode="change">
                     <valList mode="add" type="closed">
                        <valItem ident="prepared"/>
                     </valList>
                  </attDef>
                  <attDef ident="ana" mode="delete"/>
                  <attDef ident="facs" mode="delete"/>
               </attList>
            </elementSpec>
            <elementSpec ident="purpose" mode="change">
               <attList>
                  <attDef ident="type" mode="change">
                     <valList mode="add" type="closed">
                        <valItem ident="narrative"/>
                     </valList>
                  </attDef>
                  <attDef ident="degree" mode="delete"/>
                  <attDef ident="ana" mode="delete"/>
                  <attDef ident="facs" mode="delete"/>
               </attList>
            </elementSpec>
         </schemaSpec>
      </body>
   </text>
</TEI>
