<?xml version="1.0" encoding="UTF-8"?>
<?xml-stylesheet type="text/xsl" href="teibp.xsl"?>
<TEI xmlns="http://www.tei-c.org/ns/1.0">
   <teiHeader>
      <fileDesc>
         <titleStmt>
            <title>Echantillon de Spirales (1917): pp 33 a 40</title>
         </titleStmt>
         <publicationStmt>
            <p>Publication information</p>
         </publicationStmt>
         <sourceDesc>
            <p>Information about the source</p>
         </sourceDesc>
      </fileDesc>
      <encodingDesc>
         <tagsDecl>
            <rendition xml:id="titre-1" scheme="css"> display:block; text-align:center;
               padding-bottom:3em; </rendition>
            <rendition xml:id="titre-2" scheme="css"> text-align:right;
               font-variant:small-caps; font-size:70%; padding-bottom:2em;
	       text-color:red;
               <!-- rjust smallcaps whitespace below -->
            </rendition>
            <rendition xml:id="i" n="tiebp:italic" scheme="css"> font-style:italic; </rendition>
            <rendition xml:id="punchline">
               <!-- caps -->
            </rendition>
            <rendition xml:id="smallcaps">
               <!-- smallcaps bigger than #titre2, inline -->
            </rendition>
            <rendition xml:id="indent-1" n="tiebp:l-indent-01" scheme="css"> display:block;
               padding-left:4em; text-indent:-2em; </rendition>
            <rendition xml:id="indent-2" n="tiebp:l-indent-02" scheme="css"> display:block;
               padding-left:6em; text-indent:-2em; </rendition>
            <rendition xml:id="indent-3" n="tiebp:l-indent-02" scheme="css"> display:block;
               padding-left:8em; text-indent:-2em; </rendition>
            <rendition xml:id="indent-4" n="tiebp:l-indent-02" scheme="css"> display:block;
               padding-left:10em; text-indent:-2em; </rendition>
            <rendition xml:id="indent-5" n="tiebp:l-indent-02" scheme="css"> display:block;
               padding-left:12em; text-indent:-2em; </rendition>
            <rendition xml:id="indent-6" n="tiebp:l-indent-02" scheme="css"> display:block;
               padding-left:14em; text-indent:-2em; </rendition>
            <rendition xml:id="indent-7" n="tiebp:l-indent-02" scheme="css"> display:block;
               padding-left:16em; text-indent:-2em; </rendition>
<rendition xml:id="space-2">
  padding-left:2em;
</rendition>
            <rendition xml:id="space-3">
               padding-left:4em;
            </rendition>
<!-- nb in custom.css <space> already has 2 em padding -->
         </tagsDecl>
<!-- styles for rotonde -->
<rendition xml:id="span.c2">
   display: inline-block; 
   transform: translate(-5px,20px);
</rendition>
<rendition xml:id="span.c3">
    display: inline-block; 
    transform: translate(0px,40px);
</rendition>
<rendition xml:id="span.c4">
    display: inline-block;  
   transform: translate(0px,43px);
</rendition>
<rendition xml:id="span.c5">
    display: inline-block; 
   transform: translate(3px,40px);
</rendition>
<rendition xml:id="span.c6">
    display: inline-block; 
   transform: translate(3px,20px);
</rendition>
<rendition xml:id="span.c7">
    display: inline-block; 
   transform: translate(10px);
</rendition>




      </encodingDesc>
   </teiHeader>
   <text>
      <body>
         <pb facs="../images/bljd_D_IV_1_033.jpg"/>
         <div n="4">
            <head rendition="#titre-1">ROMANCE</head>
            <lg>
               <l>Le pavé sonne sous la semelle</l>
               <l>En route le joyeux troupier</l>
               <l>Mon bâton ferré sème des étincelles</l>
               <l>L'avenir s'ouvre comme une rose au coeur pommé</l>
            </lg>
            <lg>
               <l rendition="#indent-1">Les dernières maisons <space/>ô chant de l'alouette</l>
               <l>Têtes jointes</l>
               <l rendition="#indent-4">en rire</l>
               <l rendition="#indent-7">en pleurs</l>
            </lg>
            <lg>
               <l rendition="#indent-5">Années d'autrefois</l>
               <l rendition="#indent-3">Vous errez à l'ombre épaisse des bois</l>
            </lg>
            <lg>
               <l>Mon bâton ferré</l>
               <l rendition="#indent-3">volez étincelles</l>
               <l rendition="#indent-1">Des regards plus doux que la pimprenelle</l>
               <l rendition="#indent-6">ou le blond lilas</l>
               <l rendition="#indent-3">m'attendent là-bas</l>
            </lg>
            <lg>
               <l rendition="#indent-5">Tragiques années </l>
               <l rendition="#indent-3">O mes souvenirs O mon pur désir</l>
               <l rendition="#indent-3">Corolles par le sang tachées</l>
            </lg>
            <pb facs="../../Doucet-Print-Photos/bljd_D_IV_1_034.jpg"/>
            <lg>
               <l>Trimardeur pose ton paquet</l>
               <l rendition="#indent-1">flatte ton chien</l>
               <l rendition="#indent-4">Est-ce la pluie</l>
               <l rendition="#indent-1">ou sa langue sur tes mains ...</l>
               <l rendition="#indent-1">Le ciel sinistre <space/> quel noir mélange</l>
               <l rendition="#indent-1">Tu laisses tomber ton baton</l>
               <l rendition="#indent-5">Tu pleures</l>
            </lg>
<gap/>
            <lg>
               <l rendition="#indent-1">Un peu de liqueur espérance</l>
               <l rendition="#indent-3">tache le ciel à l'Orient</l>
               <l rendition="#indent-1">Bois a ta gourde<space/>grand flandrin </l>
               <l rendition="#indent-1">Prends ton bâton<space/>flatte ton chien</l>
               <l rendition="#indent-1">Vivent les routes et les filles de France</l>
            </lg>
            <lg>
               <l>Je vois là-bas une lumière ....</l>
               <l rendition="#indent-1">Le pain dur craque sous mes dents</l>
               <l>Je sens là-bas une chaleur...</l>
               <l rendition="#indent-1">Soleil</l>             
               <l rendition="#indent-2">que<space /><space /><space />Gloire pure comme l'olive</l>
               <l rendition="#indent-3">mon<space /> <space /><space />regards ardents</l>
               <l rendition="#indent-4">orgueil<space  /><space />Victoire</l>
               <l rendition="#indent-5">attend<space  /> <space />Rire</l>
            </lg>
            <l rendition="#indent-1">Mon bâton sème des étoiles</l>
            <l rendition="#indent-1">Je chante au rythme de mes pas</l>
            <l>L'AVENIR qui croissait sur le bord du chemin</l>
            <l rendition="#indent-6">s'épanouira dans ma main</l>
         </div>
         <pb facs="../../Doucet-Print-Photos/bljd_D_IV_1_035.jpg"/>
         <div n="8">
            <head rendition="#titre-2">a juan gris</head>
            <head rendition="#titre-1">NORD-SUD</head>
            <lg>
               <l>De Montmartre à Montparnasse</l>
               <l rendition="#indent-2">cheval de Troie</l>
               <l rendition="#indent-5">pour la paix et la guerre</l>
               <l>Tu vas et viens</l>
               <l rendition="#indent-4">NORD-SUD</l>
               <l>Coursier sonnaillant de lumière</l>
            </lg>
            <lg>
               <l>Voûte de la chapelle</l>
               <l rendition="#indent-5">grotte humide</l>
               <l>Usine où l'huile coule sur les pièces d'acier</l>
               <l rendition="#indent-2">Chambre des morts aux flammes de cierges</l>
               <l>GARES</l>
               <l rendition="#indent-2">refuges contre la beauté du ciel</l>
               <l rendition="#indent-5">&#338;uvres d'art</l>
               <l>Vos quais frémissent comme des embarcadères</l>
            </lg>
            <l rendition="#indent-3">T&#x2003;r&#x2003;a&#x2003;v&#x2003;e&#x2003;r&#x2003;s&#x2003;é&#x2003;e</l>
            <pb facs="../../Doucet-Print-Photos/bljd_D_IV_1_036.jpg"/>
            <lg>
               <l>La demoiselle qui perse les tickets</l>
               <l rendition="#indent-2">jamais n'est remontée au jours</l>
               <l>Comme les chevaux de mine aux robes couleurs de bière</l>
               <l rendition="#indent-2">à mille pieds sous la terre elle fait l'amour</l>
               <l>Nostalgique des Etoiles elle y mourra un jour</l>
            </lg>
            <lg>
               <l>Rapides nous passons</l>
               <l rendition="#indent-4">Nous émergeons dans la lumière</l>
               <l>VAVIN<space rendition="#space-3"/><hi rend="curve">R 
<c rendition="#span.c2">o</c> <c rendition="#span.c3">t</c> <c rendition="#span.c4">o</c> 
<c rendition="#span.c5">n</c> <c rendition="#span.c6">d</c> <c rendition="#span.c7">e</c></hi></l>
               <l rendition="#indent-1">Cette station devrait s'appeler</l>
               <l rendition="#indent-2">Nombril du monde</l>
            </lg>
          
            <lg>
               <l>Par un trou de sape nous nous acheminons </l>
               <l rendition="#indent-2">Paris là-haut nous ignore</l>
               <l>Epanouissement d'une rose</l>
               <l rendition="#indent-6 #i">Aurore</l>
               <l rendition="#indent-1">Les belles filles au rire humide...</l>
               <l>Comme les nihilistes</l>
               <l rendition="#indent-2">c'est sous le regard de grands yeux peints</l>
               <l rendition="#indent-1">que nous édifions un monde</l>
               <l rendition="#indent-6">l'Avenir</l>
            </lg>
            <lg>
               <l>Luttes ardentes</l>
               <l rendition="#indent-3">Jeunes lions dans la caverne</l>
               <l rendition="#indent-2">Morsures de haine ou d'amour on ne sait</l>
               <l rendition="#indent-2">Flamme ronflante des lampes à souder</l>
               <l rendition="#indent-3">Jeunesse et force puissamment se marient</l>
               <l rendition="#indent-5">Vie</l>
               <pb facs="../../Doucet-Print-Photos/bljd_D_IV_1_037.jpg"/>
               <l rendition="#indent-2">Pôle Nord</l>
               <l rendition="#indent-7">Pôle Sud</l>
            </lg>
            <lg>
               <l>Montmartre où laboure un géant</l>
               <l rendition="#indent-1">où de bons ouvriers travaillent</l>
               <l>Montparnasse qui tressaille</l>
               <l rendition="#indent-3">locomotive lancée en un galop furieux</l>
            </lg>
            <lg>
               <l rendition="#indent-1">Un peu de braise incandescente</l>
               <l rendition="#indent-4">Gare à vos yeux </l>
               <l rendition="#indent-2">Suprême badaud dilettante</l>
            </lg>
            <lg>
               <l>Seins jumeaux</l>
               <l rendition="#indent-5">Pôles de Paris</l>
            </lg>
            <l>L'ARC VOLTAIQUE JAILLIT</l>
            <l rendition="#indent-5">DANS LA NUIT</l>
         </div>
         <pb facs="../../Doucet-Print-Photos/bljd_D_IV_1_038.jpg"/>
         <div n="12">
            <head rendition="#titre-2">a marthe laurens</head>
            <lg>
               <l>Est-ce un avion dans le ciel</l>
               <l rendition="#indent-6">une abeille</l>
            </lg>
            <lg>
               <l>O Souvenir tu chantes dans ma pensée</l>
            </lg>
            <lg>
               <l>Rose blanche</l>
               <l rendition="#indent-3">ton rire</l>
               <l rendition="#indent-5">l'ombrelle verte</l>
               <l rendition="#indent-1">Un papillon butin l'herbe</l>
               <l rendition="#indent-1">La carpe saute au ruisseau d'acier</l>
            </lg>
            <lg>
               <l rendition="#indent-1">Ma cigarette dans les arbres</l>
               <l rendition="#indent-7">air de flûte</l>
               <l rendition="#indent-1">Soleil<space/>ma tête bourdonne</l>
            </lg>
            <lg>
               <l>Cette basse éternelle à l'horizon</l>
               <l>Est-ce la chute d'eau</l>
               <l rendition="#indent-5">OU LE CANON</l>
            </lg>
         </div>
         <pb facs="../../Doucet-Print-Photos/bljd_D_IV_1_039.jpg"/>
         <div n="16">
            <head rendition="#titre-1">SPIRALES</head>
            <lg>
               <l>Spirales qui percez l'inconnu de mon ciel</l>
               <l>Ondoiements</l>
               <l rendition="#indent-3">Coupes dans l'air tiède</l>
               <l rendition="#indent-7">Verres</l>
               <l>Une jeune lumière tremble sur ma tête</l>
            </lg>
            <lg>
               <l rendition="#indent-4">O mare bleue dans l'oeil des biches</l>
               <l rendition="#indent-6">Des rides vous plissent</l>
               <l>Roseaux serpents frénétiques</l>
               <l>Premières branches fraîches encore</l>
               <l>Soies qui se froissent</l>
               <l rendition="#indent-4">Je m'élève</l>
               <l rendition="#indent-3">Un coup de talon bon nageur</l>
               <l>NAISSANCE MAGNIFIQUE <space/>LA</l>
               <l rendition="#indent-6"> LUMIERE</l>
            </lg>
            <lg>
               <l>Plumes au vent</l>
               <l rendition="#indent-3">oscille<space/>hésite</l>
               <l>Monter<space/>virer <space/> ou redescendre</l>
               <l>Mes poches sont pleines de cailloux</l>
               <l rendition="#indent-1">Je nargue la bonne chance</l>
            </lg>
            <pb facs="../../Doucet-Print-Photos/bljd_D_IV_1_040.jpg"/>
            <lg>
               <l>Les routes du ciel montent devant moi</l>
               <l rendition="#indent-6">Irai-je seul...</l>
               <l>En route précieux amis</l>
               <l rendition="#indent-2">A l'horizon fument les toits</l>
               <l>Mettez vos gros souliers à clous</l>
            </lg>
            <lg>
               <l>Fumer fumer sa pipe sur le borde du chemin</l>
               <l>Faire naître un soleil rouge dans sa main<space/>EN</l>
               <l>C'est ainsi que Dieu passe son temps<space/> ROUTE</l>
               <l>lui pour qui tout manque d'imprévu...</l>
               <l>lui que manque d'espérance...</l>
            </lg>
            <lg>
               <l>Du courage ô toi que j'aimais</l>
               <l rendition="#indent-3">Ton astre tremble au bout de l'avenue</l>
               <l rendition="#indent-3">Couvre ton coeur du pur acier</l>
               <l rendition="#indent-6">LUTTE</l>
               <l rendition="#indent-2">Volutes</l>
               <l>Vous frémissez au vent comme un drapeau</l>
               <l>Chant de Victoire montez<space/>montez montez</l>
               <l rendition="#indent-1">La route tremble sous mes sabots</l>
               <l rendition="#indent-2">Mon poing brandit l'ardente torche</l>
            </lg>
            <lg>
               <l>Sublime spirale d'acier</l>
            </lg>
            <l>LE CIEL POUDROIE D'ETOILES MORTES</l>
         </div>
      </body>
   </text>
</TEI>
