<?xml-stylesheet type="text/xsl" href="teibp.xsl"?>
<TEI xmlns="http://www.tei-c.org/ns/1.0">
    <teiHeader>
        <fileDesc>
            <titleStmt>
                <title>Spirales MS: echantillon</title>
                <author/>
            </titleStmt>
            <editionStmt>
                <edition><date/></edition>
            </editionStmt>
            <publicationStmt>
                <p>no publication statement available</p>
            </publicationStmt>
            <sourceDesc>
                <p>Written by OpenOffice</p>
            </sourceDesc>
        </fileDesc>
        <revisionDesc>
            <listChange>
                <change><name/><date/></change>
            </listChange>
        </revisionDesc>
    </teiHeader>
    <text>
        <body>
            <pb n="60" facs="../../Doucet-MS-Photos/IMG_1255.JPG"/>
            <fw>p 60 et p 61</fw>
            <fw>2 pages</fw>
            <note xml:id="ftn1" place="foot" n="1"> Texte manuscrit, 2
                façades.</note>
         <div><head>Flammes</head><lg>
            <l>Cette plaie qui saigne à mon flanc...</l>
            <l>La flamme ronge une basilique</l>
            <l rend="indent">Que des prières au vol ardent</l>
            <l rend="indent">Se tordent</l>
            <l rend="indent">ô torche héroïque</l>
           </lg><lg>
            <l rend="indent">Spirales qui montez au ciel</l>
           </lg><lg>
            <l rend="indent">L'orgue fait vibrer ma chair</l>
            <l rend="indent"><hi rend="doubleunderline">U</hi>ne voix crie</l>
            <l rend="indent">Ah c'est mon flanc qui saigne</l>
           </lg><lg>
            <l>Etoile pure qui brilles</l>
            <l>Je couve ta tremblante enfance</l>
            <l rend="center">Fièvre</l>
            <l>Frissonnes dans la nuit ardente</l>
           </lg>
             <pb n="61" facs="../../Doucet-MS-Photos/IMG_1256.JPG"/><lg>
            <l>Sueur divine du dernier soir</l>
           </lg><lg>
            <l>Je me cramponne de mes mains tâtonnantes</l>
            <l rend="center">Si seul</l>
            <l>Feux de tourbe à mon côté</l>
            <l rend="center">Flamme purifiante</l>
            <l rend="center">Douleur</l>
           </lg><lg>
            <l>Ces feuilles mortes sur mon front</l>
           </lg><lg>
            <l>Mes cris ont effrayé les oiseaux qui dormaient</l>
            <l>Le coeur des hommes est froid comme la terre</l>
            <l>Lune polie</l>
            <l rend="center">tu montes en dansant dans le ciel</l>
            <l>Ma tête danse<space/> mes yeux me quittent</l>
            <l rend="center">s'envolent</l>
            <l>Je me sens soulevé comme une plume folle</l>
            <l>Je suis guéri</l>
            <l rend="center"><hi rend="doubleunderline">C'est le délire</hi> [caps
                rom.]</l>
           </lg><lg>
            <l>Cette plaie qui saigne à mon flanc...</l>
<pb/>            <fw>p 62-63 2p</fw>
            <note xml:id="ftn2" place="foot" n="2"> Texte imprimé, (voir Sic ?), avec des
                    corrections à la main. Sur le verso de la feuille, un poème, "A Luigi Amaro -
                    Poème liminaire de son &lt;&lt; Ode à Gallieni &gt;&gt;".</note>
            <l rend="center">Agrafes d'argent</l>
            <l>Tu te bandes comme un arc</l>
            <l>La bÊte qu'il faudrait tuer</l>
            <l>Pince joyeusement la harpe</l>
            <l rend="indent">Chantez nerfs<space/>gorge criez</l>
            <l>Dans une eau chaude et verdâtre </l>
            <l rend="indent">lentement glisse</l>
            <l rend="center">Un geste un soupir une plainte</l>
            <l rend="center">vont irriter ses dents sauvages</l>
            <l>L'oreille ouverte</l>
            <l rend="center">rien ne bouge</l>
            <l>Un cri</l>
            <l rend="center">voilà qu'un vent tranchant</l>
            <l>fait tomber les brandons ardents</l>
            <l rend="indent">Vole la flamme<space/>allume la joue</l>
            <l>Un table pour s'accouder</l>
            <l rend="indent">le froid</l>
            <l rend="indent">la montre <space/>ciseaux à broder</l>
            <l rend="indent">la couverture sur ses épaules tièdes</l>
            <l>Est-ce un monde en formation</l>
            <l rend="indent">qui tourne en sifflant tout au fond de mon être</l>
            <l>Il brûle</l>
            <l rend="indent">S'il allait apparaître</l>
            <l>Rosaire sanglant à la fenêtre</l>
            <l rend="center">soleil couchant sur les marais</l>
            <l>La bÊte mord</l>
            <l rend="indent">Voussure</l>
            <l rend="center">Contracte le silence</l>
            <l>Ferme les yeux pour passer le gué</l>
            <l>A<space/>Je la piétine avec une ineffable rage<space/>V</l>
            <l>h<space/><space/>I</l>
            <l>!<space/>Chant de triomphe<space/>C</l>
            <l rend="indent"><space/>T</l>
            <l rend="indent"><space/>O</l>
            <l rend="indent">sur mon ennemi vaincu<space/>I</l>
            <l rend="indent">R</l>
            <l rend="indent">E</l>
            <l>L'holocauste monte en spirales</l>
             <pb  n="64" facs="../../Doucet-MS-Photos/IMG_1258.JPG"/>
            <fw>64-65</fw>
            <fw>2 p </fw>
<note xml:id="ftn3" place="foot" n="3"> Textes manuscrit, 2 façades. Sur le verso
                    de la deuxième feuille, sont collées deux pages [petites] de l'acte II,
                    scène III de <hi rend="italic">L'ecole de la médisance</hi>, en particulier
                    l'entrée de Sir Peter Teazle [pp. 75-76].</note>
<l><space/>A Blaise Cendrars</l>
            <l>Etendu sur le dos la jeune bruyère...</l>
            <l rend="indent">#</l>
            <l rend="center">Le ciel tourne</l>
            <l rend="end"><hi rend="doubleunderline">U</hi>n bourdon sonne du clairon</l>
            <l>Est-ce un oiseau qui passe </l>
            <l rend="end">une balle</l>
            <l>Vierge lumière</l>
            <l>L'air vibre et danse dans ma tête</l>
            <l>Toujours <space/>toujours cette tempête</l>
            <l rend="end">qui déferle à l'horizon</l>
            <l>Les trains passent sans arrêt</l>
            <l rend="center">Mourir !</l>
            <l rend="end">Fumée au ciel</l>
            <l rend="end">et dans l'air des chansons</l>
               <pb facs="../../Doucet-MS-Photos/IMG_1259.JPG"/>
            <l>64-65</l>
            <l>Grattez le sol<space/>Ongles fiévreux</l>
            <l rend="end">M'endormir jusqu'à la nuit !</l>
            <l>La libellule aux ailes bleus</l>
            <l rend="end">frissonne </l>
            <l>Un nuage de pluie pour ma peine infinie</l>
            <l rend="end"><hi rend="doubleunderline">o</hi>u le vin blanc gommé des jours
                de canicule</l>
            <l rend="center">eau de vie !</l>
           </lg><lg>
            <l>Le ciel d'acier tourne comme une coupole</l>
            <l rend="end">Et frémit du canon qui tonne</l>
           </lg><lg>
            <l>Je grelotte sous l'ardent soleil</l>
            <l rend="center"><hi rend="doubleunderline">C</hi>oquelicot</l>
            <l rend="end">Fleurs qu'on porte sous la peau</l>
            <l>Chaude caresse </l>
            <l rend="indent">La chemise colle à mon côté</l>
            <l rend="end">it. <space/><hi rend="underline">Rouge épanouissement</hi></l>
            <l><hi rend="doubleunderline">U</hi>n monde</l>
            <l rend="center">toupie hollandaise</l>
            <l rend="indent">astre</l>
            <l rend="indent">naît de mon flanc</l>
           </lg><lg>
            <note resp="auteur">grdes caps</note><l> <space/><hi rend="doubleunderline">Ma tête s'éclaire</hi> comme
                une ampoule incandescente</l>
              <pb facs="../../Doucet-MS-Photos/IMG_1260.JPG"/>
               <fw>p 66-67 2 p </fw><note xml:id="ftn4" place="foot" n="4"> Textes manuscrit, 2 façades. Sur le verso
                    de la première feuille, papier-en-tête "La Revue Mosane" - Paul Dermée directeur
                    - Liège, le......, 16 rue des Clarisses. Sur le verso de la deuxième feuille,
                    encore deux pages collées tirées de <hi rend="italic">L'école de la
                        médisance</hi>, acte III, scène III [pp. 111-112]. Dans le texte il y a des
                    notes.</note>
<lg>            <head rend="center">Mélusine</head>
            <l>Circée</l>
            <l rend="end">Tes fleurs closes sont des gouttes de sang </l>
            <l>Ma sève pour les philtres magiques</l>
            <l><hi rend="doubleunderline">O</hi> toujours payer de <del>son sang</del> sa
                vie</l>
            <l>Le destin</l>
            <l rend="center">la lumière</l>
            <l rend="end">et l'accomplissement</l>
            <l>Herbe aux sorcières</l>
            <l rend="indent">macère</l>
            <l>Je boirai d'un trait le breuvage</l>
            <l>Renaître... <space/>Mélusine</l>
            <l rend="end">Ta chair de nacre</l>
            <l rend="end">Sort des écailles du serpent</l>
            <l>it <hi rend="underline">Le soleil perce le brouillard</hi></l>
            <l rend="end">Tu luis comme un couteau neuf</l>
            <l rend="indent">Tu ris</l>
            <l rend="center">Enfance</l>
            <l rend="indent">Et tu chantes<space/>Abeille blonde</l>
	  </lg>
	</lg>	  </div></body></text></TEI>