<body>
<p>Le 11 Septembre 1966.</p>
<p>Cher Ami,</p>
<p>J'ai bien reçu vos deux lettres relatives aux eventuels membres de l'OUARPO. Soyez remercié pour ces precieux renseignements. </p>
<p>J'???? à Uzes et j'en profite pour visiter la merceilleuse region de Nimes, d'Avignon et de la Camargue. Le 15 septembre a has le vernissage Bloquière où j'espere bien vous rencontrer.</p>
<p>Croyez. cher Ami, à ma respectueuse amitié.</p>
<p>Bucaille</p>
Monsieur
François Le Lionnais
23 Route de la Reine
à Boulogne Billancourt.
(Seine)
</body>