<?xml version="1.0" encoding="UTF-8"?>
<carte>
    <p>26-07-1967</p>
    <p>Les Sables d'Olonne, (Vendée). Le Port.</p>
    <p>Bientôt sur le chemin du retour avons eu du beau temps, tout le mois de juillet. Vous
        souhaite à tous la même chose. </p>
    <p>J'espère que vous êtes tous en bonne santé – A chacun son tour, le bon temps et le repos. </p>
    <p>Avec d'affectueuses pensées et bons baisers à tous. </p>
    <p>Marcelle </p>
    <p> Mme Veyssade Lucienne 31, rue du Président Kennedy ALFORTVILLE Val de Marne </p>
</carte>
