<?oxygen RNGSchema="http://www.tei-c.org/release/xml/tei/custom/schema/relaxng/teilite.rng" type="xml"?>
<TEI xmlns="http://www.tei-c.org/ns/1.0">
    <teiHeader>
        <fileDesc>
            <titleStmt>
                <title>The Tale of Samuel Whiskers</title>
            </titleStmt>
            <publicationStmt>
                <p>TEI edition</p>
            </publicationStmt><sourceDesc>
                <p>Found on the net</p>
            </sourceDesc></fileDesc>
    </teiHeader>
<text>
<front><titlePage>
<docTitle><titlePart><lb/>THE TALE OF
<lb/>SAMUEL  WHISKERS</titlePart>
<titlePart><lb/>Or,<lb/>
THE  ROLY  POLY  PUDDING</titlePart></docTitle>
</titlePage>
<div type="dedication">
<figure><graphic url="../Graphics/pic06.jpg" width="324px" height="184px"/><figDesc>Sammy</figDesc></figure>

<p rend="smcap">In Remembrance of<lb/>
"SAMMY,"<lb/>
The intelligent pink-eyed Representative<lb/>
of<lb/>
a Persecuted (but Irrepressible) Race<lb/>
An affectionate little Friend,<lb/>
and most accomplished<lb/>
thief</p>

<figure><graphic url="../Graphics/pic08.jpg" width="400px" height="342px"/><figDesc>Tabitha tells Ribby that Tom is missing</figDesc></figure>

</div>
<titlePage>
<figure><graphic url="../Graphics/title.gif" width="558px" height="758px"/><figDesc>Title page of book</figDesc></figure>

    
<docImprint>
<publisher>FREDERICK WARNE</publisher>
<docDate>First published 1908</docDate>
</docImprint>

</titlePage>
    
<figure><graphic url="../Graphics/pic12.gif" width="356px" height="304px"/><figDesc>Kitten</figDesc></figure>
</front>
<body>

<figure><graphic url="../Graphics/pic13.gif" width="660px" height="436px"/><figDesc>Tabitha puts her children in the cupboard</figDesc></figure>

<p>Once upon a time there was an old cat, called Mrs. Tabitha Twitchit, who
was an anxious parent. She used to lose her kittens continually, and
whenever they were lost they were always in mischief!</p>

<p>On baking day she determined to shut them up in a cupboard.</p>

<p>She caught Moppet and Mittens, but she could not find Tom.</p>

<p>Mrs. Tabitha went up and down all over the house, mewing for Tom
Kitten. She looked in the pantry under the staircase, and she searched
the best spare bedroom that was all covered up with dust sheets. She
went right upstairs and looked into the attics, but she could not find
him anywhere.</p>

<p>It was an old, old house, full of cupboards and passages. Some of the
walls were four feet thick, and there used to be queer noises inside
them, as if there might be a little secret staircase. Certainly there
were odd little jagged doorways in the wainscot, and things disappeared
at night—especially cheese and bacon.</p>

<p>Mrs. Tabitha became more and more distracted, and mewed dreadfully.</p>

<figure><graphic url="../Graphics/pic15.jpg" width="474px" height="600px"/><figDesc>Tabitha calls for Tom</figDesc></figure>

<p>While their mother was searching the house, Moppet and Mittens had got into mischief.</p>

<p>The cupboard door was not locked, so they pushed it open and came out.</p>

<figure><graphic url="../Graphics/pic16.gif" width="546px" height="285px"/><figDesc>Kittens let themselves out</figDesc></figure>

<p>They went straight to the dough which was set to rise in a pan before the fire.</p>

<p>They patted it with their little soft paws—"Shall we make dear little
muffins?" said Mittens to Moppet.</p>

<figure><graphic url="../Graphics/pic17.gif" width="552px" height="327px"/><figDesc>Kittens knead dough</figDesc></figure>

<p>But just at that moment somebody knocked at the front door, and Moppet
jumped into the flour barrel in a fright.</p>

<figure><graphic url="../Graphics/pic18.gif" width="539px" height="304px"/><figDesc>Moppet dives into barrel to hide</figDesc></figure>

<p>Mittens ran away to the dairy, and hid in an empty jar on the stone
shelf where the milk pans stand.</p>

<figure><graphic url="../Graphics/pic19.gif" width="551px" height="345px"/><figDesc>Mittens climbs into a jar</figDesc></figure>

<p>The visitor was a neighbour, Mrs. Ribby; she had called to borrow some yeast.</p>

<figure><graphic url="../Graphics/pic21.jpg" width="480px" height="600px"/><figDesc>Cousin Ribby at the door</figDesc></figure>

<p>Mrs. Tabitha came downstairs mewing dreadfully—"Come in, Cousin Ribby,
come in, and sit ye down! I'm in sad trouble, Cousin Ribby," said
Tabitha, shedding tears. "I've lost my dear son Thomas; I'm afraid the
rats have got him." She wiped her eyes with her apron.</p>

<p>"He's a bad kitten, Cousin Tabitha; he made a cat's cradle of my best
bonnet last time I came to tea. Where have you looked for him?"</p>

<p>"All over the house! The rats are too many for me. What a thing it is to
have an unruly family!" said Mrs. Tabitha Twitchit.</p>

<figure><graphic url="../Graphics/pic22.gif" width="548px" height="408px"/><figDesc>Ribby will help with the rats</figDesc></figure>

<p>"I'm not afraid of rats; I will help you to find him; and whip him too!
What is all that soot in the fender?"</p>

<figure><graphic url="../Graphics/pic23.gif" width="536px" height="350px"/><figDesc>Tabitha sees the kittens have escaped</figDesc></figure>

<p>"The chimney wants sweeping—Oh, dear me, Cousin Ribby—now Moppet and
Mittens are gone!"</p>

<p>"They have both got out of the cupboard!"</p>

<figure><graphic url="../Graphics/pic24.jpg" width="471px" height="600px"/><figDesc>Searching for the kittens</figDesc></figure>

<p>Ribby and Tabitha set to work to search the house thoroughly again.
They poked under the beds with Ribby's umbrella, and they rummaged in
cupboards. They even fetched a candle, and looked inside a clothes chest
in one of the attics. They could not find anything, but once they heard
a door bang and somebody scuttered downstairs.</p>

<p>"Yes, it is infested with rats," said Tabitha tearfully. "I caught seven
young ones out of one hole in the back kitchen, and we had them for
dinner last Saturday. And once I saw the old father rat—an enormous old
rat, Cousin Ribby. I was just going to jump upon him, when he showed his
yellow teeth at me and whisked down the hole."</p>

<p>"The rats get upon my nerves, Cousin Ribby," said Tabitha.</p>

<figure><graphic url="../Graphics/pic26.gif" width="547px" height="226px"/><figDesc>Listning for roly-poly noises</figDesc></figure>

<p>Ribby and Tabitha searched and searched. They both heard a curious
roly-poly noise under the attic floor. But there was nothing to be seen.</p>

<figure><graphic url="../Graphics/pic27.gif" width="550px" height="325px"/><figDesc>One kitten found</figDesc></figure>

<p>They returned to the kitchen. "Here's one of your kittens at least,"
said Ribby, dragging Moppet out of the flour barrel.</p>

<p>They shook the flour off her and set her down on the kitchen floor. She
seemed to be in a terrible fright.</p>

<p>"Oh! Mother, Mother," said Moppet, "there's been an old woman rat in the
kitchen, and she's stolen some of the dough!"</p>

<p>The two cats ran to look at the dough pan. Sure enough there were marks
of little scratching fingers, and a lump of dough was gone!</p>

<p>"Which way did she go, Moppet?"</p>

<p>But Moppet had been too much frightened to peep out of the barrel again.</p>

<p>Ribby and Tabitha took her with them to keep her safely in sight, while
they went on with their search.</p>

<figure><graphic url="../Graphics/pic29.jpg" width="480px" height="417px"/><figDesc>Sneaky Mrs. Rat</figDesc></figure>

<p>They went into the dairy.</p>

<figure><graphic url="../Graphics/pic30.gif" width="547px" height="341px"/><figDesc>Tabitha holds Moppet as Ribby searches</figDesc></figure>

<p>The first thing they found was Mittens, hiding
in an empty jar.</p>

<figure><graphic url="../Graphics/pic31.gif" width="550px" height="355px"/><figDesc>Mittens is scared</figDesc></figure>

<p>They tipped up the jar, and she scrambled out.</p>

<p>"Oh, Mother, Mother!" said Mittens—</p>

<figure><graphic url="../Graphics/pic32.jpg" width="450px" height="392px"/><figDesc>Mr. Rat makes off with the butter</figDesc></figure>

<p>"Oh! Mother, Mother, there has been an old man rat in the dairy—a
dreadful 'normous big rat, mother; and he's stolen a pat of butter and
the rolling-pin."</p>

<p>Ribby and Tabitha looked at one another.</p>

<p>"A rolling-pin and butter! Oh, my poor son Thomas!" exclaimed Tabitha,
wringing her paws.</p>

<p>"A rolling-pin?" said Ribby. "Did we not hear a roly-poly noise in the
attic when we were looking into that chest?"</p>

<p>Ribby and Tabitha rushed upstairs again. Sure enough the roly-poly noise
was still going on quite distinctly under the attic floor.</p>

<figure><graphic url="../Graphics/pic34.gif" width="574px" height="321px"/><figDesc>John Joiner, the carpenter dog</figDesc></figure>

<p>"This is serious, Cousin Tabitha," said Ribby. "We must send for John
Joiner at once, with a saw."</p>



<figure><graphic url="../Graphics/pic35.gif" width="547px" height="350px"/><figDesc>Thomas Kitten</figDesc></figure>

<p>Now this is what had been happening to Tom Kitten, and it shows how very
unwise it is to go up a chimney in a very old house, where a person does
not know his way, and where there are enormous rats.</p>

<p>Tom Kitten did not want to be shut up in a cupboard. When he saw that
his mother was going to bake, he determined to hide.</p>

<p>He looked about for a nice convenient place, and he fixed upon the
chimney.</p>

<p>The fire had only just been lighted, and it was not hot; but there was a
white choky smoke from the green sticks. Tom Kitten got upon the fender
and looked up. It was a big old-fashioned fire-place.</p>

<p>The chimney itself was wide enough inside for a man to stand up and walk
about. So there was plenty of room for a little Tom Cat.</p>

<figure><graphic url="../Graphics/pic37.jpg" width="470px" height="600px"/><figDesc>Tom begins his climb</figDesc></figure>

<p>He jumped right up into the fire-place, balancing himself upon the iron
bar where the kettle hangs.</p>

<figure><graphic url="../Graphics/pic38.gif" width="550px" height="398px"/><figDesc>Up he goes!</figDesc></figure>

<p>Tom Kitten took another big jump off the bar, and landed on a ledge high
up inside the chimney, knocking down some soot into the fender.</p>

<figure><graphic url="../Graphics/pic39.gif" width="547px" height="444px"/><figDesc>Tom perches on the ledge</figDesc></figure>

<p>Tom Kitten coughed and choked with the smoke; and he could hear the
sticks beginning to crackle and burn in the fire-place down below. He
made up his mind to climb right to the top, and get out on the slates,
and try to catch sparrows.</p>

<p>"I cannot go back. If I slipped I might fall in the fire and singe my
beautiful tail and my little blue jacket."</p>

<figure><graphic url="../Graphics/pic40.jpg" width="467px" height="600px"/><figDesc>The chimney, the birds and the view</figDesc></figure>

<p>The chimney was a very big old-fashioned one. It was built in the days
when people burnt logs of wood upon the hearth.</p>

<p>The chimney stack stood up above the roof like a little stone tower, and
the daylight shone down from the top, under the slanting slates that
kept out the rain.</p>

<figure><graphic url="../Graphics/pic42.gif" width="423px" height="340px"/><figDesc>Climbing to the chimneytop</figDesc></figure>

<p>Tom Kitten was getting very frightened! He climbed up, and up, and up.</p>

<figure><graphic url="../Graphics/pic43.gif" width="467px" height="272px"/><figDesc>Kitty gets sooty</figDesc></figure>

<p>Then he waded sideways through inches of soot. He was like a little sweep himself.</p>

<p>It was most confusing in the dark. One flue seemed to lead into another.</p>

<p>There was less smoke, but Tom Kitten felt quite lost.</p>

<p>He scrambled up and up; but before he reached the chimney top he came to
a place where somebody had loosened a stone in the wall. There were some
mutton bones lying about—</p>

<p>"This seems funny," said Tom Kitten. "Who has been gnawing bones up here
in the chimney? I wish I had never come! And what a funny smell? It is something
like mouse; only dreadfully strong. It makes me sneeze," said Tom Kitten.</p>

<figure><graphic url="../Graphics/pic45.jpg" width="475px" height="600px"/><figDesc>Tom finds bones and smells a rat</figDesc></figure>

<p>He squeezed through the hole in the wall, and dragged himself along a
most uncomfortably tight passage where there was scarcely any light.</p>

<figure><graphic url="../Graphics/pic46.gif" width="553px" height="338px"/><figDesc>Tom squeezes through a gap</figDesc></figure>

<p>He groped his way carefully for several yards; he was at the back of the
skirting-board in the attic, where there is a little mark * in the picture.</p>

<figure><graphic url="../Graphics/pic47.gif" width="523px" height="323px"/><figDesc>The kitten is behind this attic wall</figDesc></figure>

<p>All at once he fell head over heels in the dark, down a hole, and
landed on a heap of very dirty rags.</p>

<p>When Tom Kitten picked himself up and looked about him—he found himself
in a place that he had never seen before, although he had lived all his
life in the house.</p>

<p>It was a very small stuffy fusty room, with boards, and rafters, and
cobwebs, and lath and plaster.</p>

<p>Opposite to him—as far away as he could sit—was an enormous rat.</p>

<p>"What do you mean by tumbling into my bed all covered with smuts?" said
the rat, chattering his teeth.</p>

<figure><graphic url="../Graphics/pic48.jpg" width="443px" height="390px"/><figDesc>Tom is face-to-face with the rat!</figDesc></figure>

<p>"Please sir, the chimney wants sweeping," said poor Tom Kitten.</p>

<figure><graphic url="../Graphics/pic50.gif" width="540px" height="331px"/><figDesc>Tom apologizes for dropping in</figDesc></figure>

<p>"Anna Maria! Anna Maria!" squeaked the rat. There was a pattering noise
and an old woman rat poked her head round a rafter.</p>

<figure><graphic url="../Graphics/pic51.gif" width="559px" height="305px"/><figDesc>Mrs. Rat called to attend to Tom</figDesc></figure>

<p>All in a minute she rushed upon Tom Kitten, and before he knew what was
happening—</p>

<p>His coat was pulled off, and he was rolled up in a bundle, and tied with
string in very hard knots.</p>

<p>Anna Maria did the tying. The old rat watched her and took snuff. When
she had finished, they both sat staring at him with their mouths open.</p>

<p>"Anna Maria," said the old man rat (whose name was Samuel
Whiskers),—"Anna Maria, make me a kitten dumpling roly-poly pudding for
my dinner."</p>

<p>"It requires dough and a pat of butter, and a rolling-pin," said Anna
Maria, considering Tom Kitten with her head on one side.</p>

<figure><graphic url="../Graphics/pic53.jpg" width="414px" height="360px"/><figDesc>Sam and Anna-Marie discuss pudding</figDesc></figure>


<figure><graphic url="../Graphics/pic54.gif" width="519px" height="172px"/><figDesc>Poor kitty is bound and helpless</figDesc></figure>

<p>"No," said Samuel Whiskers, "make it properly, Anna Maria, with
breadcrumbs."</p>

<figure><graphic url="../Graphics/pic55.gif" width="472px" height="257px"/><figDesc>Can't agree on the recipe</figDesc></figure>

<p>"Nonsense! Butter and dough," replied Anna Maria.</p>

<p>The two rats consulted together for a few minutes and then went away.</p>

<p>Samuel Whiskers got through a hole in the wainscot, and went boldly down
the front staircase to the dairy to get the butter. He did not meet anybody.</p>

<figure><graphic url="../Graphics/pic56.jpg" width="450px" height="389px"/><figDesc>Sam rolls the rolling pin</figDesc></figure>

<p>He made a second journey for the rolling-pin. He pushed it in front of
him with his paws, like a brewer's man trundling a barrel.</p>

<p>He could hear Ribby and Tabitha talking, but they were busy lighting the
candle to look into the chest.</p>

<p>They did not see him.</p>

<figure><graphic url="../Graphics/pic58.gif" width="559px" height="421px"/><figDesc>Anna-Marie returns to the kitchen</figDesc></figure>

<p>Anna Maria went down by way of the skirting-board and a window shutter
to the kitchen to steal the dough.</p>

<figure><graphic url="../Graphics/pic59.gif" width="553px" height="454px"/><figDesc>Anna-Marie takes some dough</figDesc></figure>

<p>She borrowed a small saucer, and scooped up the dough with her paws.</p>

<p>She did not observe Moppet.</p>

<p>While Tom Kitten was left alone under the floor of the attic, he
wriggled about and tried to mew for help.</p>

<p>But his mouth was full of soot and cobwebs, and he was tied up in such
very tight knots, he could not make anybody hear him.</p>

<p>Except a spider, which came out of a crack in the ceiling and examined
the knots critically, from a safe distance.</p>

<p>It was a judge of knots because it had a habit of tying up unfortunate
blue-bottles. It did not offer to assist him.</p>

<p>Tom Kitten wriggled and squirmed until he was quite exhausted.</p>

<figure><graphic url="../Graphics/pic61.jpg" width="420px" height="372px"/><figDesc>Tom has worn himself out trying to get free</figDesc></figure>

<p>Presently the rats came back and set to work to make him into a
dumpling. First they smeared him with butter, and then they rolled him
in the dough.</p>

<p>"Will not the string be very indigestible, Anna Maria?" inquired Samuel
Whiskers.</p>

<figure><graphic url="../Graphics/pic62.gif" width="544px" height="248px"/><figDesc>Tom is basted in butter!</figDesc></figure>

<p>Anna Maria said she thought that it was of no consequence; but she
wished that Tom Kitten would hold his head still, as it disarranged the
pastry. She laid hold of his ears.</p>

<figure><graphic url="../Graphics/pic63.gif" width="544px" height="313px"/><figDesc>Tom is wrapped in dough!</figDesc></figure>

<p>Tom Kitten bit and spat, and mewed and wriggled; and the rolling-pin
went roly-poly, roly; roly, poly, roly. The rats each held an end.</p>

<figure><graphic url="../Graphics/pic64.jpg" width="420px" height="367px"/><figDesc>The rats are rolling Tom with a rolling-pin!</figDesc></figure>

<p>"His tail is sticking out! You did not fetch enough dough, Anna Maria."</p>

<p>"I fetched as much as I could carry," replied Anna Maria.</p>

<p>"I do not think"—said Samuel Whiskers, pausing to take a look at Tom
Kitten—"I do <emph>not</emph> think it will be a good pudding. It smells sooty."</p>

<p>Anna Maria was about to argue the point, when all at once there began to
be other sounds up above—the rasping noise of a saw; and the noise of a
little dog, scratching and yelping!</p>

<figure><graphic url="../Graphics/pic66.gif" width="525px" height="275px"/><figDesc>The rats stop rolling the rolling-pin</figDesc></figure>

<p>The rats dropped the rolling-pin, and listened attentively.</p>

<p>"We are discovered and interrupted, Anna Maria; let us collect our
property—and other people's,—and depart at once."</p>

<p>"I fear that we shall be obliged to leave this pudding."</p>

<figure><graphic url="../Graphics/pic67.gif" width="553px" height="209px"/><figDesc>Sam Whiskers makes his escape</figDesc></figure>

<p>"But I am persuaded that the knots would have proved indigestible,
whatever you may urge to the contrary."</p>

<p>"Come away at once and help me to tie up some mutton bones in a
counterpane," said Anna Maria. "I have got half a smoked ham hidden in
the chimney."</p>

<figure><graphic url="../Graphics/pic68.gif" width="558px" height="263px"/><figDesc>Tom is rescued!</figDesc></figure>

<p>So it happened that by the time John Joiner had got the plank up—there
was nobody under the floor except the rolling-pin and Tom Kitten in a
very dirty dumpling!</p>

<figure><graphic url="../Graphics/pic69.gif" width="525px" height="230px"/><figDesc>John Joiner makes sure the rats are gone</figDesc></figure>

<p>But there was a strong smell of rats; and John Joiner spent the rest of
the morning sniffing and whining, and wagging his tail, and going round
and round with his head in the hole like a gimlet.</p>

<figure><graphic url="../Graphics/pic70.jpg" width="412px" height="360px"/><figDesc>Tom Kitten gets a good bath</figDesc></figure>

<p>Then he nailed the plank down again and put his tools in his bag, and
came downstairs.</p>

<p>The cat family had quite recovered. They invited him to stay to dinner.</p>

<p>The dumpling had been peeled off Tom Kitten, and made separately into a
bag pudding, with currants in it to hide the smuts.</p>

<p>They had been obliged to put Tom Kitten into a hot bath to get the
butter off.</p>

<p>John Joiner smelt the pudding; but he regretted that he had not time to
stay to dinner, because he had just finished making a wheel-barrow for
Miss Potter, and she had ordered two hen-coops.</p>

<p>And when I was going to the post late in the afternoon—I looked up the
lane from the corner, and I saw Mr. Samuel Whiskers and his wife on the
run, with big bundles on a little wheel-barrow, which looked very like
mine.</p>

<p>They were just turning in at the gate to the barn of Farmer Potatoes.</p>

<p>Samuel Whiskers was puffing and out of breath. Anna Maria was still
arguing in shrill tones.</p>

<p>She seemed to know her way, and she seemed to have a quantity of
luggage.</p>

<p>I am sure <emph>I</emph> never gave her leave to borrow my wheel-barrow!</p>

<figure><graphic url="../Graphics/pic74.gif" width="542px" height="422px"/><figDesc>The rats make a home in the hayloft</figDesc></figure>

<p>They went into the barn, and hauled their parcels with a bit of string
to the top of the hay mow.</p>

<figure><graphic url="../Graphics/pic75.gif" width="547px" height="417px"/><figDesc>Tabitha has peace and quiet now</figDesc></figure>

<p>After that, there were no more rats for a long time at Tabitha Twitchit's.</p>

<figure><graphic url="../Graphics/pic76.jpg" width="470px" height="600px"/><figDesc>Farmer Potatoes has inheirited the rats</figDesc></figure>

<p>As for Farmer Potatoes, he has been driven nearly distracted. There are
rats, and rats, and rats in his barn! They eat up the chicken food, and
steal the oats and bran, and make holes in the meal bags.</p>

<figure><graphic url="../Graphics/inside00.jpg" width="473px" height="473px"/><figDesc>They're eating up his chicken feed</figDesc></figure>

<p>And they are all descended from Mr. and Mrs. Samuel Whiskers—children
and grand-children and great great grand-children.</p>

<figure><graphic url="../Graphics/inside01.jpg" width="491px" height="436px"/><figDesc>They're eating up his oats</figDesc></figure>

<p>There is no end to them!</p>

<figure><graphic url="../Graphics/inside02.jpg" width="472px" height="448px"/><figDesc>They're eating up his potatoes</figDesc></figure>

<p>Moppet and Mittens have grown up into very good rat-catchers.</p>

<p>They go out rat-catching in the village, and they find plenty of
employment. They charge so much a dozen, and earn their living very
comfortably.</p>

<figure><graphic url="../Graphics/pic79.jpg" width="466px" height="600px"/><figDesc>Catching rats outdoors</figDesc></figure>

<figure><graphic url="../Graphics/pic80.gif" width="604px" height="528px"/><figDesc>Moppet and Mittens, rat-catchers</figDesc></figure>

<p>They hang up the rats' tails in a row on the barn door, to show how many
they have caught—dozens and dozens of them.</p>

<figure><graphic url="../Graphics/pic81.gif" width="544px" height="326px"/><figDesc>Tom is a scaredy-cat!</figDesc></figure>

<p>But Tom Kitten has always been afraid of a rat; he never durst face
anything that is bigger than—</p>

<figure><graphic url="../Graphics/pic82.gif" width="315px" height="192px"/><figDesc/></figure>

<p>A Mouse.</p>


<figure><graphic url="../Graphics/inside03.jpg" width="476px" height="451px"/><figDesc>Rats beware!</figDesc></figure>
</body>
</text>

</TEI>
