<div xmlns='http://www.tei-c.org/ns/1.0' n="1955"><head><s><w type="NP" lemma="Christmas">Christmas</w>
<w type="NP" lemma="Broadcast">Broadcast</w>
<w type="CD" lemma="@card@">1955</w>
</s></head><p><s><w type="DT" lemma="no">No</w>
<w type="NN" lemma="doubt">doubt</w>
<w type="PP" lemma="you">you</w>
<w type="VHP" lemma="have">have</w>
<w type="VBN" lemma="be">been</w>
<w type="VVG" lemma="listen">listening</w>
<pc type="sub">,</pc>
<w type="IN" lemma="as">as</w>
<w type="PP" lemma="I">I</w>
<w type="VHP" lemma="have">have</w>
<pc type="sub">,</pc>
<w type="TO" lemma="to">to</w>
<w type="DT" lemma="the">the</w>
<w type="NNS" lemma="message">messages</w>
<w type="WDT" lemma="which">which</w>
<w type="VHP" lemma="have">have</w>
<w type="VBN" lemma="be">been</w>
<w type="VVG" lemma="reach">reaching</w>
<w type="PP" lemma="us">us</w>
<w type="IN" lemma="from">from</w>
<w type="DT" lemma="all">all</w>
<w type="IN" lemma="over">over</w>
<w type="DT" lemma="the">the</w>
<w type="NN" lemma="world">world</w>
<pc type="SENT">.</pc>
</s>
<s><w type="PP" lemma="I">I</w>
<w type="RB" lemma="always">always</w>
<w type="VVP" lemma="feel">feel</w>
<w type="IN" lemma="that">that</w>
<w type="RB" lemma="just">just</w>
<w type="IN" lemma="for">for</w>
<w type="DT" lemma="these">these</w>
<w type="JJ" lemma="few">few</w>
<w type="NNS" lemma="minute">minutes</w>
<pc type="sub">,</pc>
<w type="DT" lemma="the">the</w>
<w type="NN" lemma="march">march</w>
<w type="IN" lemma="of">of</w>
<w type="NN" lemma="history">history</w>
<w type="NNS" lemma="stop">stops</w>
<w type="IN" lemma="while">while</w>
<w type="PP" lemma="we">we</w>
<w type="VVP" lemma="listen">listen</w>
<w type="TO" lemma="to">to</w>
<w type="DT" lemma="each">each</w>
<w type="JJ" lemma="other">other</w>
<pc type="sub">,</pc>
<w type="CC" lemma="and">and</w>
<w type="VVP" lemma="think">think</w>
<w type="IN" lemma="of">of</w>
<w type="DT" lemma="each">each</w>
<w type="JJ" lemma="other">other</w>
<pc type="sub">,</pc>
<w type="IN" lemma="on">on</w>
<w type="NP" lemma="Christmas">Christmas</w>
<w type="NP" lemma="Day">Day</w>
<pc type="SENT">.</pc>
</s></p><p><s><w type="IN" lemma="for">For</w>
<w type="PPs" lemma="my">my</w>
<w type="NN" lemma="husband">husband</w>
<w type="CC" lemma="and">and</w>
<w type="PP" lemma="myself">myself</w>
<w type="CC" lemma="and">and</w>
<w type="IN" lemma="for">for</w>
<w type="PPs" lemma="our">our</w>
<w type="NNS" lemma="child">children</w>
<pc type="sub">,</pc>
<w type="DT" lemma="the">the</w>
<w type="NN" lemma="year">year</w>
<w type="WDT" lemma="that">that</w>
<w type="VBZ" lemma="be">is</w>
<w type="VVG" lemma="pass">passing</w>
<w type="VHZ" lemma="have">has</w>
<w type="VVN" lemma="add">added</w>
<w type="TO" lemma="to">to</w>
<w type="PPs" lemma="our">our</w>
<w type="NN" lemma="store">store</w>
<w type="IN" lemma="of">of</w>
<w type="JJ" lemma="happy">happy</w>
<w type="NNS" lemma="memory">memories</w>
<pc type="SENT">.</pc>
</s>
<s><w type="PP" lemma="we">We</w>
<w type="VHP" lemma="have">have</w>
<w type="VVN" lemma="spend">spent</w>
<w type="JJS" lemma="most">most</w>
<w type="IN" lemma="of">of</w>
<w type="PP" lemma="it">it</w>
<w type="IN" lemma="in">in</w>
<w type="DT" lemma="this">this</w>
<w type="NN" lemma="country">country</w>
<pc type="sub">,</pc>
<w type="CC" lemma="and">and</w>
<w type="PP" lemma="we">we</w>
<w type="VHP" lemma="have">have</w>
<w type="VVN" lemma="enjoy">enjoyed</w>
<w type="VVG" lemma="see">seeing</w>
<w type="JJ" lemma="many">many</w>
<w type="NNS" lemma="part">parts</w>
<w type="IN" lemma="of">of</w>
<w type="NP" lemma="Britain">Britain</w>
<w type="WDT" lemma="which">which</w>
<w type="PP" lemma="we">we</w>
<w type="VHD" lemma="have">had</w>
<w type="RB" lemma="not">not</w>
<w type="VVN" lemma="visit">visited</w>
<w type="RB" lemma="before">before</w>
<pc type="SENT">.</pc>
</s></p><p><s><w type="RB" lemma="now">Now</w>
<w type="DT" lemma="a">a</w>
<w type="NP" lemma="New">New</w>
<w type="NN" lemma="year">Year</w>
<w type="MD" lemma="will">will</w>
<w type="RB" lemma="soon">soon</w>
<w type="VB" lemma="be">be</w>
<w type="IN" lemma="upon">upon</w>
<w type="PP" lemma="us">us</w>
<pc type="sub">,</pc>
<w type="CC" lemma="and">and</w>
<w type="PP" lemma="we">we</w>
<w type="VBP" lemma="are">are</w>
<w type="VVG" lemma="look">looking</w>
<w type="RB" lemma="forward">forward</w>
<w type="TO" lemma="to">to</w>
<w type="VVG" lemma="see">seeing</w>
<w type="NN" lemma="something">something</w>
<w type="IN" lemma="of">of</w>
<w type="NP" lemma="Nigeria">Nigeria</w>
<pc type="sub">,</pc>
<w type="DT" lemma="that">that</w>
<w type="JJ" lemma="great">great</w>
<w type="JJ" lemma="tropical">tropical</w>
<w type="NN" lemma="land">land</w>
<w type="IN" lemma="in">in</w>
<w type="NP" lemma="Equatorial">Equatorial</w>
<w type="NP" lemma="Africa">Africa</w>
<w type="WRB" lemma="where">where</w>
<w type="JJR" lemma="more">more</w>
<w type="IN" lemma="than">than</w>
<w type="CD" lemma="thirty">thirty</w>
<w type="NNS" lemma="million">millions</w>
<w type="IN" lemma="of">of</w>
<w type="PPs" lemma="my">my</w>
<w type="NNS" lemma="people">people</w>
<w type="VHP" lemma="have">have</w>
<w type="PPs" lemma="their">their</w>
<w type="NNS" lemma="home">homes</w>
<pc type="SENT">.</pc>
</s></p><p><s><w type="IN" lemma="for">For</w>
<w type="PP" lemma="them">them</w>
<w type="CC" lemma="and">and</w>
<w type="IN" lemma="for">for</w>
<w type="DT" lemma="all">all</w>
<w type="IN" lemma="of">of</w>
<w type="PP" lemma="us">us</w>
<w type="DT" lemma="each">each</w>
<w type="NP" lemma="New">New</w>
<w type="NN" lemma="year">Year</w>
<w type="VBZ" lemma="be">is</w>
<w type="DT" lemma="an">an</w>
<w type="NN" lemma="adventure">adventure</w>
<w type="IN" lemma="into">into</w>
<w type="DT" lemma="the">the</w>
<w type="NN" lemma="unknown">unknown</w>
<pc type="SENT">.</pc>
</s>
<s><w type="NN" lemma="year">Year</w>
<w type="IN" lemma="by">by</w>
<w type="NN" lemma="year">year</w>
<pc type="sub">,</pc>
<w type="JJ" lemma="new">new</w>
<w type="NNS" lemma="secret">secrets</w>
<w type="IN" lemma="of">of</w>
<w type="NN" lemma="nature">nature</w>
<w type="VBP" lemma="are">are</w>
<w type="VBG" lemma="be">being</w>
<w type="VVN" lemma="reveal">revealed</w>
<w type="TO" lemma="to">to</w>
<w type="PP" lemma="us">us</w>
<w type="IN" lemma="by">by</w>
<w type="NN" lemma="science">science</w>
<pc type="sub">-</pc>
<w type="NNS" lemma="secret">secrets</w>
<w type="IN" lemma="of">of</w>
<w type="JJ" lemma="immense">immense</w>
<w type="NN" lemma="power">power</w>
<pc type="sub">,</pc>
<w type="IN" lemma="for">for</w>
<w type="JJ" lemma="good">good</w>
<w type="CC" lemma="or">or</w>
<w type="JJ" lemma="evil">evil</w>
<pc type="sub">,</pc>
<w type="VVG" lemma="accord">according</w>
<w type="TO" lemma="to">to</w>
<w type="PPs" lemma="their">their</w>
<w type="NN" lemma="use">use</w>
<pc type="SENT">.</pc>
</s>
<s><w type="DT" lemma="these">These</w>
<w type="NNS" lemma="discovery">discoveries</w>
<w type="VV" lemma="resolve">resolve</w>
<w type="DT" lemma="some">some</w>
<w type="IN" lemma="of">of</w>
<w type="PPs" lemma="our">our</w>
<w type="NNS" lemma="problem">problems</w>
<pc type="sub">,</pc>
<w type="CC" lemma="but">but</w>
<w type="PP" lemma="they">they</w>
<w type="VVP" lemma="make">make</w>
<w type="NNS" lemma="other">others</w>
<w type="RBR" lemma="deeper">deeper</w>
<w type="CC" lemma="and">and</w>
<w type="RBR" lemma="more">more</w>
<w type="JJ" lemma="immediate">immediate</w>
<pc type="SENT">.</pc>
</s></p><p><s><w type="DT" lemma="a">A</w>
<w type="CD" lemma="hundred">hundred</w>
<w type="NNS" lemma="year">years</w>
<w type="RB" lemma="ago">ago</w>
<pc type="sub">,</pc>
<w type="PPs" lemma="our">our</w>
<w type="NN" lemma="knowledge">knowledge</w>
<w type="IN" lemma="of">of</w>
<w type="DT" lemma="the">the</w>
<w type="NN" lemma="world">world</w>
<w type="POS" lemma="'s">'s</w>
<w type="NN" lemma="surface">surface</w>
<w type="VBD" lemma="be">was</w>
<w type="IN" lemma="by">by</w>
<w type="DT" lemma="no">no</w>
<w type="NNS" lemma="mean">means</w>
<w type="JJ" lemma="complete">complete</w>
<pc type="sub">;</pc>
<w type="NN" lemma="today">today</w>
<w type="JJS" lemma="most">most</w>
<w type="IN" lemma="of">of</w>
<w type="DT" lemma="the">the</w>
<w type="NNS" lemma="blank">blanks</w>
<w type="VHP" lemma="have">have</w>
<w type="VBN" lemma="be">been</w>
<w type="VVN" lemma="fill">filled</w>
<w type="RP" lemma="in">in</w>
<pc type="SENT">.</pc>
</s>
<s><w type="PPs" lemma="our">Our</w>
<w type="JJ" lemma="present">present</w>
<w type="NNS" lemma="exploration">explorations</w>
<w type="VBP" lemma="are">are</w>
<w type="IN" lemma="into">into</w>
<w type="JJ" lemma="new">new</w>
<w type="NNS" lemma="territory">territories</w>
<w type="IN" lemma="of">of</w>
<w type="JJ" lemma="scientific">scientific</w>
<w type="NN" lemma="knowledge">knowledge</w>
<w type="CC" lemma="and">and</w>
<w type="IN" lemma="into">into</w>
<w type="DT" lemma="the">the</w>
<w type="JJ" lemma="undeveloped">undeveloped</w>
<w type="NNS" lemma="region">regions</w>
<w type="IN" lemma="of">of</w>
<w type="JJ" lemma="human">human</w>
<w type="NN" lemma="behaviour">behaviour</w>
<pc type="SENT">.</pc>
</s>
<s><w type="PP" lemma="we">We</w>
<w type="VHP" lemma="have">have</w>
<w type="RB" lemma="still">still</w>
<w type="TO" lemma="to">to</w>
<w type="VV" lemma="solve">solve</w>
<w type="DT" lemma="the">the</w>
<w type="NN" lemma="problem">problem</w>
<w type="IN" lemma="of">of</w>
<w type="VVG" lemma="live">living</w>
<w type="RB" lemma="peaceably">peaceably</w>
<w type="RB" lemma="together">together</w>
<w type="IN" lemma="as">as</w>
<w type="NNS" lemma="people">peoples</w>
<w type="CC" lemma="and">and</w>
<w type="IN" lemma="as">as</w>
<w type="NNS" lemma="nation">nations</w>
<pc type="SENT">.</pc>
</s></p><p><s><w type="PP" lemma="we">We</w>
<w type="MD" lemma="shall">shall</w>
<w type="VV" lemma="need">need</w>
<w type="DT" lemma="the">the</w>
<w type="NN" lemma="faith">faith</w>
<w type="CC" lemma="and">and</w>
<w type="NN" lemma="determination">determination</w>
<w type="IN" lemma="of">of</w>
<w type="PPs" lemma="our">our</w>
<w type="NNS" lemma="forebear">forebears</w>
<pc type="sub">,</pc>
<w type="WRB" lemma="when">when</w>
<w type="PP" lemma="they">they</w>
<w type="VVD" lemma="cross">crossed</w>
<w type="JJ" lemma="uncharted">uncharted</w>
<w type="NNS" lemma="sea">seas</w>
<w type="IN" lemma="into">into</w>
<w type="DT" lemma="the">the</w>
<w type="JJ" lemma="hidden">hidden</w>
<w type="NNS" lemma="interior">interiors</w>
<w type="IN" lemma="of">of</w>
<w type="NP" lemma="Africa">Africa</w>
<w type="CC" lemma="and">and</w>
<w type="NP" lemma="Australia">Australia</w>
<pc type="sub">,</pc>
<w type="TO" lemma="to">to</w>
<w type="VV" lemma="guide">guide</w>
<w type="PP" lemma="us">us</w>
<w type="IN" lemma="on">on</w>
<w type="PPs" lemma="our">our</w>
<w type="NNS" lemma="journey">journeys</w>
<w type="IN" lemma="into">into</w>
<w type="DT" lemma="the">the</w>
<w type="JJ" lemma="undiscovered">undiscovered</w>
<w type="NNS" lemma="realm">realms</w>
<w type="IN" lemma="of">of</w>
<w type="DT" lemma="the">the</w>
<w type="JJ" lemma="human">human</w>
<w type="NN" lemma="spirit">spirit</w>
<pc type="SENT">.</pc>
</s></p><p><s><w type="IN" lemma="in">In</w>
<w type="DT" lemma="the">the</w>
<w type="NNS" lemma="word">words</w>
<w type="IN" lemma="of">of</w>
<w type="PPs" lemma="our">our</w>
<w type="NP" lemma="Poet">Poet</w>
<w type="NP" lemma="XXXX">Laureate</w>
<pc type="sub">:</pc>
</s></p><p><s><pc type="oq">"</pc>
<w type="IN" lemma="though">Though</w>
<w type="PP" lemma="you">you</w>
<w type="VHP" lemma="have">have</w>
<w type="VVN" lemma="conquer">conquered</w>
<w type="NN" lemma="earth">Earth</w>
<w type="CC" lemma="and">and</w>
<w type="VVD" lemma="chart">charted</w>
<w type="NP" lemma="XXXX">SeaAnd</w>
<w type="VVD" lemma="plan">planned</w>
<w type="DT" lemma="the">the</w>
<w type="NNS" lemma="course">courses</w>
<w type="IN" lemma="of">of</w>
<w type="DT" lemma="all">all</w>
<w type="NP" lemma="Stars">Stars</w>
<w type="WDT" lemma="that">that</w>
<w type="VB" lemma="be">be</w>
<pc type="sub">,</pc>
<w type="NN" lemma="adventure">Adventure</w>
<w type="IN" lemma="on">on</w>
<pc type="sub">,</pc>
<w type="JJR" lemma="more">more</w>
<w type="NNS" lemma="wonder">wonders</w>
<w type="VBP" lemma="are">are</w>
<w type="IN" lemma="in">in</w>
<w type="NP" lemma="Thee">Thee</w>
<pc type="SENT">.</pc>
</s></p><p><s><w type="NN" lemma="adventure">Adventure</w>
<w type="IN" lemma="on">on</w>
<pc type="sub">,</pc>
<w type="IN" lemma="for">for</w>
<w type="IN" lemma="from">from</w>
<w type="DT" lemma="the">the</w>
<w type="JJS" lemma="little">littlest</w>
<w type="NNS" lemma="XXXX">clueHas</w>
<w type="VVP" lemma="come">come</w>
<w type="WDT" lemma="whatever">whatever</w>
<w type="JJ" lemma="worth">worth</w>
<w type="NN" lemma="man">man</w>
<w type="RB" lemma="ever">ever</w>
<w type="VVD" lemma="know">knew</w>
<pc type="sub">;</pc>
<w type="DT" lemma="the">The</w>
<w type="JJ" lemma="next">next</w>
<w type="TO" lemma="to">to</w>
<w type="VV" lemma="lighten">lighten</w>
<w type="DT" lemma="all">all</w>
<w type="NNS" lemma="man">men</w>
<w type="MD" lemma="may">may</w>
<w type="VB" lemma="be">be</w>
<w type="PP" lemma="you">you</w>
<pc type="SENT">.</pc>
<pc type="oq">"</pc>
</s></p><p><s><w type="PP" lemma="we">We</w>
<w type="MD" lemma="must">must</w>
<w type="NN" lemma="adventure">adventure</w>
<w type="IN" lemma="on">on</w>
<w type="IN" lemma="if">if</w>
<w type="PP" lemma="we">we</w>
<w type="VBP" lemma="are">are</w>
<w type="TO" lemma="to">to</w>
<w type="VV" lemma="make">make</w>
<w type="DT" lemma="the">the</w>
<w type="NN" lemma="world">world</w>
<w type="DT" lemma="a">a</w>
<w type="JJR" lemma="good">better</w>
<w type="NN" lemma="place">place</w>
<pc type="SENT">.</pc>
</s>
<s><w type="PDT" lemma="All">All</w>
<w type="PPs" lemma="my">my</w>
<w type="NNS" lemma="people">peoples</w>
<w type="IN" lemma="of">of</w>
<w type="DT" lemma="the">the</w>
<w type="NP" lemma="Commonwealth">Commonwealth</w>
<w type="CC" lemma="and">and</w>
<w type="NP" lemma="Empire">Empire</w>
<w type="VHP" lemma="have">have</w>
<w type="PPs" lemma="their">their</w>
<w type="NN" lemma="part">part</w>
<w type="TO" lemma="to">to</w>
<w type="VV" lemma="play">play</w>
<w type="IN" lemma="in">in</w>
<w type="DT" lemma="this">this</w>
<w type="NN" lemma="voyage">voyage</w>
<w type="IN" lemma="of">of</w>
<w type="NN" lemma="discovery">discovery</w>
<pc type="SENT">.</pc>
</s>
<s><w type="PP" lemma="we">We</w>
<w type="VVP" lemma="travel">travel</w>
<w type="RB" lemma="all">all</w>
<w type="RB" lemma="together">together</w>
<pc type="sub">,</pc>
<w type="RB" lemma="just">just</w>
<w type="IN" lemma="as">as</w>
<w type="DT" lemma="the">the</w>
<w type="JJ" lemma="Maori">Maori</w>
<w type="NNS" lemma="tribe">tribes</w>
<w type="VVD" lemma="sail">sailed</w>
<w type="RB" lemma="all">all</w>
<w type="RB" lemma="together">together</w>
<w type="IN" lemma="into">into</w>
<w type="DT" lemma="the">the</w>
<w type="JJ" lemma="mysterious">mysterious</w>
<w type="NP" lemma="South">South</w>
<w type="NP" lemma="Pacific">Pacific</w>
<w type="TO" lemma="to">to</w>
<w type="VV" lemma="find">find</w>
<w type="NP" lemma="New">New</w>
<w type="NP" lemma="Zealand">Zealand</w>
<pc type="SENT">.</pc>
</s></p><p><s><w type="EX" lemma="There">There</w>
<w type="VBP" lemma="are">are</w>
<w type="JJ" lemma="certain">certain</w>
<w type="JJ" lemma="spiritual">spiritual</w>
<w type="NNS" lemma="value">values</w>
<w type="WDT" lemma="which">which</w>
<w type="VVP" lemma="inspire">inspire</w>
<w type="DT" lemma="all">all</w>
<w type="IN" lemma="of">of</w>
<w type="PP" lemma="us">us</w>
<pc type="SENT">.</pc>
</s>
<s><w type="PP" lemma="we">We</w>
<w type="VVP" lemma="try">try</w>
<w type="TO" lemma="to">to</w>
<w type="VV" lemma="express">express</w>
<w type="PP" lemma="them">them</w>
<w type="IN" lemma="in">in</w>
<w type="PPs" lemma="our">our</w>
<w type="NN" lemma="devotion">devotion</w>
<w type="TO" lemma="to">to</w>
<w type="NN" lemma="freedom">freedom</w>
<pc type="sub">,</pc>
<w type="WDT" lemma="which">which</w>
<w type="VVZ" lemma="mean">means</w>
<w type="NN" lemma="respect">respect</w>
<w type="IN" lemma="for">for</w>
<w type="DT" lemma="the">the</w>
<w type="NN" lemma="individual">individual</w>
<w type="CC" lemma="and">and</w>
<w type="NN" lemma="equality">equality</w>
<w type="IN" lemma="before">before</w>
<w type="DT" lemma="the">the</w>
<w type="NN" lemma="law">law</w>
<pc type="SENT">.</pc>
</s>
<s><w type="JJ" lemma="parliamentary">Parliamentary</w>
<w type="NN" lemma="government">Government</w>
<w type="VBZ" lemma="be">is</w>
<w type="RB" lemma="also">also</w>
<w type="DT" lemma="a">a</w>
<w type="NN" lemma="part">part</w>
<w type="IN" lemma="of">of</w>
<w type="DT" lemma="this">this</w>
<w type="NN" lemma="heritage">heritage</w>
<pc type="SENT">.</pc>
</s></p><p><s><w type="PP" lemma="we">We</w>
<w type="VVP" lemma="believe">believe</w>
<w type="IN" lemma="in">in</w>
<w type="DT" lemma="the">the</w>
<w type="NN" lemma="conception">conception</w>
<w type="IN" lemma="of">of</w>
<w type="DT" lemma="a">a</w>
<w type="NP" lemma="Government">Government</w>
<w type="CC" lemma="and">and</w>
<w type="NP" lemma="XXXX">Opposition</w>
<w type="CC" lemma="and">and</w>
<w type="DT" lemma="the">the</w>
<w type="NN" lemma="right">right</w>
<w type="TO" lemma="to">to</w>
<w type="VV" lemma="criticise">criticise</w>
<w type="CC" lemma="and">and</w>
<w type="VV" lemma="defend">defend</w>
<pc type="SENT">.</pc>
</s>
<s><w type="PDT" lemma="All">All</w>
<w type="DT" lemma="these">these</w>
<w type="NNS" lemma="thing">things</w>
<w type="VBP" lemma="are">are</w>
<w type="NN" lemma="part">part</w>
<w type="IN" lemma="of">of</w>
<w type="DT" lemma="the">the</w>
<w type="JJ" lemma="natural">natural</w>
<w type="NN" lemma="life">life</w>
<w type="IN" lemma="of">of</w>
<w type="PPs" lemma="our">our</w>
<w type="JJ" lemma="free">free</w>
<w type="NN" lemma="commonwealth">Commonwealth</w>
<pc type="SENT">.</pc>
</s></p><p><s><w type="JJ" lemma="great">Great</w>
<w type="NNS" lemma="opportunity">opportunities</w>
<w type="VVP" lemma="lie">lie</w>
<w type="IN" lemma="before">before</w>
<w type="PP" lemma="us">us</w>
<pc type="SENT">.</pc>
</s>
<s><w type="RB" lemma="indeed">Indeed</w>
<w type="DT" lemma="a">a</w>
<w type="JJ" lemma="large">large</w>
<w type="NN" lemma="part">part</w>
<w type="IN" lemma="of">of</w>
<w type="DT" lemma="the">the</w>
<w type="NN" lemma="world">world</w>
<w type="VVZ" lemma="look">looks</w>
<w type="TO" lemma="to">to</w>
<w type="DT" lemma="the">the</w>
<w type="NP" lemma="Commonwealth">Commonwealth</w>
<w type="IN" lemma="for">for</w>
<w type="DT" lemma="a">a</w>
<w type="NN" lemma="lead">lead</w>
<pc type="SENT">.</pc>
</s>
<s><w type="PP" lemma="we">We</w>
<w type="VHP" lemma="have">have</w>
<w type="RB" lemma="already">already</w>
<w type="VVN" lemma="go">gone</w>
<w type="RB" lemma="far">far</w>
<w type="IN" lemma="towards">towards</w>
<w type="VVG" lemma="discover">discovering</w>
<w type="IN" lemma="for">for</w>
<w type="PP" lemma="ourselves">ourselves</w>
<w type="WRB" lemma="how">how</w>
<w type="JJ" lemma="different">different</w>
<w type="NNS" lemma="nation">nations</w>
<pc type="sub">,</pc>
<w type="IN" lemma="from">from</w>
<w type="NP" lemma="North">North</w>
<w type="CC" lemma="and">and</w>
<w type="NP" lemma="South">South</w>
<pc type="sub">,</pc>
<w type="IN" lemma="from">from</w>
<w type="NP" lemma="East">East</w>
<w type="CC" lemma="and">and</w>
<w type="NP" lemma="West">West</w>
<pc type="sub">,</pc>
<w type="MD" lemma="can">can</w>
<w type="VV" lemma="live">live</w>
<w type="RB" lemma="together">together</w>
<w type="IN" lemma="in">in</w>
<w type="JJ" lemma="friendly">friendly</w>
<w type="NN" lemma="brotherhood">brotherhood</w>
<pc type="sub">,</pc>
<w type="VVG" lemma="pool">pooling</w>
<w type="DT" lemma="the">the</w>
<w type="NNS" lemma="resource">resources</w>
<w type="IN" lemma="of">of</w>
<w type="DT" lemma="each">each</w>
<w type="IN" lemma="for">for</w>
<w type="DT" lemma="the">the</w>
<w type="NN" lemma="benefit">benefit</w>
<w type="IN" lemma="of">of</w>
<w type="DT" lemma="all">all</w>
<pc type="SENT">.</pc>
</s></p><p><s><w type="DT" lemma="every">Every</w>
<w type="NN" lemma="one">one</w>
<w type="IN" lemma="of">of</w>
<w type="PP" lemma="us">us</w>
<w type="MD" lemma="can">can</w>
<w type="RB" lemma="also">also</w>
<w type="VV" lemma="help">help</w>
<w type="IN" lemma="in">in</w>
<w type="DT" lemma="this">this</w>
<w type="JJ" lemma="great">great</w>
<w type="NN" lemma="adventure">adventure</w>
<pc type="sub">,</pc>
<w type="IN" lemma="for">for</w>
<w type="RB" lemma="just">just</w>
<w type="IN" lemma="as">as</w>
<w type="DT" lemma="the">the</w>
<w type="NP" lemma="Commonwealth">Commonwealth</w>
<w type="VBZ" lemma="be">is</w>
<w type="VVN" lemma="make">made</w>
<w type="RP" lemma="up">up</w>
<w type="IN" lemma="of">of</w>
<w type="JJ" lemma="different">different</w>
<w type="NNS" lemma="nation">nations</w>
<pc type="sub">,</pc>
<w type="RB" lemma="so">so</w>
<w type="DT" lemma="those">those</w>
<w type="NNS" lemma="nation">nations</w>
<w type="VBP" lemma="are">are</w>
<w type="VVN" lemma="make">made</w>
<w type="RP" lemma="up">up</w>
<w type="IN" lemma="of">of</w>
<w type="NNS" lemma="individual">individuals</w>
<pc type="SENT">.</pc>
</s>
<s><w type="DT" lemma="the">The</w>
<w type="JJR" lemma="great">greater</w>
<w type="DT" lemma="the">the</w>
<w type="NN" lemma="enterprise">enterprise</w>
<w type="DT" lemma="the">the</w>
<w type="JJR" lemma="more">more</w>
<w type="JJ" lemma="important">important</w>
<w type="PPs" lemma="our">our</w>
<w type="JJ" lemma="personal">personal</w>
<w type="NN" lemma="contribution">contribution</w>
<pc type="SENT">.</pc>
</s></p><p><s><w type="DT" lemma="the">The</w>
<w type="NP" lemma="Christmas">Christmas</w>
<w type="NN" lemma="message">message</w>
<w type="TO" lemma="to">to</w>
<w type="DT" lemma="each">each</w>
<w type="IN" lemma="of">of</w>
<w type="PP" lemma="us">us</w>
<w type="VBZ" lemma="be">is</w>
<w type="JJ" lemma="indivisible">indivisible</w>
<pc type="sub">;</pc>
<w type="EX" lemma="there">there</w>
<w type="MD" lemma="can">can</w>
<w type="VB" lemma="be">be</w>
<w type="DT" lemma="no">no</w>
<pc type="oq">"</pc>
<w type="NN" lemma="peace">Peace</w>
<w type="IN" lemma="on">on</w>
<w type="NN" lemma="earth">earth</w>
<pc type="cq">"</pc>
<w type="IN" lemma="without">without</w>
<pc type="oq">"</pc>
<w type="NP" lemma="Goodwill">Goodwill</w>
<w type="IN" lemma="toward">toward</w>
<w type="NNS" lemma="man">men</w>
<pc type="cq">"</pc>
<pc type="SENT">.</pc>
</s>
<s><w type="NNS" lemma="scientist">Scientists</w>
<w type="VVP" lemma="talk">talk</w>
<w type="IN" lemma="of">of</w>
<w type="NN" lemma="XXXX">'chain</w>
<w type="NN" lemma="reaction">reaction</w>
<pc type="cq">'</pc>
<pc type="sub">-</pc>
<w type="IN" lemma="of">of</w>
<w type="NN" lemma="power">power</w>
<w type="VVG" lemma="release">releasing</w>
<w type="RB" lemma="yet">yet</w>
<w type="JJR" lemma="more">more</w>
<w type="NN" lemma="power">power</w>
<pc type="SENT">.</pc>
</s>
<s><w type="DT" lemma="this">This</w>
<w type="NN" lemma="principle">principle</w>
<w type="MD" lemma="must">must</w>
<w type="VB" lemma="be">be</w>
<w type="RBS" lemma="most">most</w>
<w type="JJ" lemma="true">true</w>
<w type="WRB" lemma="when">when</w>
<w type="PP" lemma="it">it</w>
<w type="VBZ" lemma="be">is</w>
<w type="VVN" lemma="apply">applied</w>
<w type="TO" lemma="to">to</w>
<w type="DT" lemma="the">the</w>
<w type="JJS" lemma="great">greatest</w>
<w type="NN" lemma="power">power</w>
<w type="IN" lemma="of">of</w>
<w type="DT" lemma="all">all</w>
<pc type="sub">:</pc>
<w type="DT" lemma="the">the</w>
<w type="NN" lemma="power">power</w>
<w type="IN" lemma="of">of</w>
<w type="NN" lemma="love">love</w>
<pc type="SENT">.</pc>
</s></p><p><s><w type="PPs" lemma="my">My</w>
<w type="JJ" lemma="beloved">beloved</w>
<w type="NN" lemma="grandfather">grandfather</w>
<pc type="sub">,</pc>
<w type="NP" lemma="King">King</w>
<w type="NP" lemma="George">George</w>
<w type="NN" lemma="V">V</w>
<pc type="sub">,</pc>
<w type="IN" lemma="in">in</w>
<w type="CD" lemma="one">one</w>
<w type="IN" lemma="of">of</w>
<w type="PPs" lemma="his">his</w>
<w type="NNS" lemma="broadcast">broadcasts</w>
<w type="WRB" lemma="when">when</w>
<w type="PP" lemma="I">I</w>
<w type="VBD" lemma="be">was</w>
<w type="DT" lemma="a">a</w>
<w type="JJ" lemma="little">little</w>
<w type="NN" lemma="girl">girl</w>
<pc type="sub">,</pc>
<w type="VVN" lemma="call">called</w>
<w type="IN" lemma="upon">upon</w>
<w type="PDT" lemma="all">all</w>
<w type="PPs" lemma="his">his</w>
<w type="NNS" lemma="people">peoples</w>
<w type="IN" lemma="in">in</w>
<w type="DT" lemma="these">these</w>
<w type="NNS" lemma="word">words</w>
<pc type="sub">:</pc>
<pc type="oq">"</pc>
<w type="VV" lemma="let">Let</w>
<w type="DT" lemma="each">each</w>
<w type="IN" lemma="of">of</w>
<w type="PP" lemma="you">you</w>
<w type="VB" lemma="be">be</w>
<w type="JJ" lemma="ready">ready</w>
<w type="CC" lemma="and">and</w>
<w type="JJ" lemma="proud">proud</w>
<w type="TO" lemma="to">to</w>
<w type="VV" lemma="give">give</w>
<w type="TO" lemma="to">to</w>
<w type="PPs" lemma="his">his</w>
<w type="NN" lemma="country">country</w>
<w type="DT" lemma="the">the</w>
<w type="NN" lemma="service">service</w>
<w type="IN" lemma="of">of</w>
<w type="PPs" lemma="his">his</w>
<w type="NN" lemma="work">work</w>
<pc type="sub">,</pc>
<w type="PPs" lemma="his">his</w>
<w type="NN" lemma="mind">mind</w>
<w type="CC" lemma="and">and</w>
<w type="PPs" lemma="his">his</w>
<w type="NN" lemma="heart">heart</w>
<pc type="SENT">.</pc>
<pc type="oq">"</pc>
<w type="DT" lemma="that">That</w>
<w type="VBZ" lemma="be">is</w>
<w type="RB" lemma="surely">surely</w>
<w type="DT" lemma="the">the</w>
<w type="JJ" lemma="first">first</w>
<w type="NN" lemma="step">step</w>
<w type="TO" lemma="to">to</w>
<w type="VV" lemma="set">set</w>
<w type="IN" lemma="in">in</w>
<w type="NN" lemma="motion">motion</w>
<w type="DT" lemma="the">the</w>
<w type="NN" lemma="XXXX">'chain</w>
<w type="NN" lemma="reaction">reaction</w>
<pc type="cq">'</pc>
<w type="IN" lemma="of">of</w>
<w type="DT" lemma="the">the</w>
<w type="NP" lemma="Powers">Powers</w>
<w type="IN" lemma="of">of</w>
<w type="NP" lemma="Light">Light</w>
<pc type="sub">,</pc>
<w type="TO" lemma="to">to</w>
<w type="VV" lemma="illuminate">illuminate</w>
<w type="DT" lemma="the">the</w>
<w type="JJ" lemma="new">new</w>
<w type="NN" lemma="age">age</w>
<w type="RB" lemma="ahead">ahead</w>
<w type="IN" lemma="of">of</w>
<w type="PP" lemma="us">us</w>
<pc type="SENT">.</pc>
</s></p><p><s><w type="CC" lemma="and">And</w>
<w type="DT" lemma="the">the</w>
<w type="JJ" lemma="second">second</w>
<w type="NN" lemma="step">step</w>
<w type="VBZ" lemma="be">is</w>
<w type="DT" lemma="this">this</w>
<pc type="sub">:</pc>
<w type="TO" lemma="to">to</w>
<w type="VV" lemma="understand">understand</w>
<w type="IN" lemma="with">with</w>
<w type="NN" lemma="sympathy">sympathy</w>
<w type="DT" lemma="the">the</w>
<w type="NN" lemma="point">point</w>
<w type="IN" lemma="of">of</w>
<w type="NN" lemma="view">view</w>
<w type="IN" lemma="of">of</w>
<w type="NNS" lemma="other">others</w>
<pc type="sub">,</pc>
<w type="IN" lemma="within">within</w>
<w type="PPs" lemma="our">our</w>
<w type="JJ" lemma="own">own</w>
<w type="NNS" lemma="country">countries</w>
<w type="CC" lemma="and">and</w>
<w type="IN" lemma="in">in</w>
<w type="DT" lemma="the">the</w>
<w type="NP" lemma="Commonwealth">Commonwealth</w>
<pc type="sub">,</pc>
<w type="RB" lemma="as">as</w>
<w type="RB" lemma="well">well</w>
<w type="IN" lemma="as">as</w>
<w type="DT" lemma="those">those</w>
<w type="IN" lemma="outside">outside</w>
<w type="PP" lemma="it">it</w>
<pc type="SENT">.</pc>
</s>
<s><w type="IN" lemma="in">In</w>
<w type="DT" lemma="this">this</w>
<w type="NN" lemma="way">way</w>
<w type="PP" lemma="we">we</w>
<w type="MD" lemma="can">can</w>
<w type="VV" lemma="bring">bring</w>
<w type="PPs" lemma="our">our</w>
<w type="JJ" lemma="unlimited">unlimited</w>
<w type="JJ" lemma="spiritual">spiritual</w>
<w type="NNS" lemma="resource">resources</w>
<w type="TO" lemma="to">to</w>
<w type="VV" lemma="bear">bear</w>
<w type="IN" lemma="upon">upon</w>
<w type="DT" lemma="the">the</w>
<w type="NN" lemma="world">world</w>
<pc type="SENT">.</pc>
</s></p><p><s><w type="IN" lemma="as">As</w>
<w type="DT" lemma="this">this</w>
<w type="NP" lemma="Christmas">Christmas</w>
<w type="VVZ" lemma="pass">passes</w>
<w type="IN" lemma="by">by</w>
<pc type="sub">,</pc>
<w type="CC" lemma="and">and</w>
<w type="NN" lemma="time">time</w>
<w type="VVZ" lemma="resume">resumes</w>
<w type="PPs" lemma="its">its</w>
<w type="NN" lemma="march">march</w>
<pc type="sub">,</pc>
<w type="VV" lemma="let">let</w>
<w type="PP" lemma="us">us</w>
<w type="VV" lemma="resolve">resolve</w>
<w type="IN" lemma="that">that</w>
<w type="DT" lemma="the">the</w>
<w type="NN" lemma="spirit">spirit</w>
<w type="IN" lemma="of">of</w>
<w type="NP" lemma="Christmas">Christmas</w>
<w type="MD" lemma="shall">shall</w>
<w type="VV" lemma="stay">stay</w>
<w type="IN" lemma="with">with</w>
<w type="PP" lemma="us">us</w>
<w type="IN" lemma="as">as</w>
<w type="PP" lemma="we">we</w>
<w type="NN" lemma="journey">journey</w>
<w type="IN" lemma="into">into</w>
<w type="DT" lemma="the">the</w>
<w type="JJ" lemma="unknown">unknown</w>
<w type="NN" lemma="year">year</w>
<w type="WDT" lemma="that">that</w>
<w type="VVZ" lemma="lie">lies</w>
<w type="RB" lemma="ahead">ahead</w>
<pc type="SENT">.</pc>
</s></p></div>