<div xmlns='http://www.tei-c.org/ns/1.0' n="1956"><head><s><w type="NP" lemma="Christmas">Christmas</w>
<w type="NP" lemma="Broadcast">Broadcast</w>
<w type="CD" lemma="@card@">1956</w>
</s></head><p><s><w type="RB" lemma="once">Once</w>
<w type="RB" lemma="again">again</w>
<w type="NNS" lemma="message">messages</w>
<w type="IN" lemma="of">of</w>
<w type="NP" lemma="Christmas">Christmas</w>
<w type="NN" lemma="greeting">greeting</w>
<w type="VHP" lemma="have">have</w>
<w type="VBN" lemma="be">been</w>
<w type="VVN" lemma="exchange">exchanged</w>
<w type="IN" lemma="around">around</w>
<w type="DT" lemma="the">the</w>
<w type="NN" lemma="world">world</w>
<pc type="SENT">.</pc>
</s></p><p><s><w type="IN" lemma="from">From</w>
<w type="DT" lemma="all">all</w>
<w type="NNS" lemma="part">parts</w>
<w type="IN" lemma="of">of</w>
<w type="DT" lemma="the">the</w>
<w type="NP" lemma="Commonwealth">Commonwealth</w>
<pc type="sub">,</pc>
<w type="CC" lemma="and">and</w>
<w type="IN" lemma="from">from</w>
<w type="DT" lemma="the">the</w>
<w type="JJ" lemma="remote">remote</w>
<w type="CC" lemma="and">and</w>
<w type="JJ" lemma="lonely">lonely</w>
<w type="NNS" lemma="space">spaces</w>
<w type="IN" lemma="of">of</w>
<w type="NP" lemma="Antarctica">Antarctica</w>
<pc type="sub">,</pc>
<w type="NNS" lemma="word">words</w>
<w type="CC" lemma="and">and</w>
<w type="NNS" lemma="thought">thoughts</w>
<pc type="sub">,</pc>
<w type="VVG" lemma="take">taking</w>
<w type="PPs" lemma="their">their</w>
<w type="NN" lemma="inspiration">inspiration</w>
<w type="IN" lemma="from">from</w>
<w type="DT" lemma="the">the</w>
<w type="NN" lemma="birth">birth</w>
<w type="IN" lemma="of">of</w>
<w type="DT" lemma="the">the</w>
<w type="NN" lemma="child">child</w>
<w type="IN" lemma="in">in</w>
<w type="NP" lemma="Bethlehem">Bethlehem</w>
<w type="RB" lemma="long">long</w>
<w type="RB" lemma="ago">ago</w>
<pc type="sub">,</pc>
<w type="VHP" lemma="have">have</w>
<w type="VBN" lemma="be">been</w>
<w type="VVN" lemma="carry">carried</w>
<w type="IN" lemma="between">between</w>
<w type="PP" lemma="us">us</w>
<w type="IN" lemma="upon">upon</w>
<w type="DT" lemma="the">the</w>
<w type="JJ" lemma="invisible">invisible</w>
<w type="NNS" lemma="wing">wings</w>
<w type="IN" lemma="of">of</w>
<w type="NN" lemma="XXXX">twentieth-century</w>
<w type="NN" lemma="science">science</w>
<pc type="SENT">.</pc>
</s></p><p><s><w type="CC" lemma="neither">Neither</w>
<w type="DT" lemma="the">the</w>
<w type="JJ" lemma="long">long</w>
<w type="CC" lemma="and">and</w>
<w type="JJ" lemma="troubled">troubled</w>
<w type="NNS" lemma="century">centuries</w>
<w type="WDT" lemma="that">that</w>
<w type="VHP" lemma="have">have</w>
<w type="VVN" lemma="pass">passed</w>
<w type="IN" lemma="since">since</w>
<w type="DT" lemma="that">that</w>
<w type="NN" lemma="child">child</w>
<w type="VBD" lemma="be">was</w>
<w type="VVN" lemma="bear">born</w>
<pc type="sub">,</pc>
<w type="CC" lemma="nor">nor</w>
<w type="DT" lemma="the">the</w>
<w type="JJ" lemma="complex">complex</w>
<w type="JJ" lemma="scientific">scientific</w>
<w type="NNS" lemma="development">developments</w>
<w type="IN" lemma="of">of</w>
<w type="PPs" lemma="our">our</w>
<w type="NN" lemma="age">age</w>
<pc type="sub">,</pc>
<w type="VHP" lemma="have">have</w>
<w type="VVN" lemma="do">done</w>
<w type="NN" lemma="anything">anything</w>
<w type="TO" lemma="to">to</w>
<w type="VV" lemma="dim">dim</w>
<w type="DT" lemma="the">the</w>
<w type="JJ" lemma="simple">simple</w>
<w type="NN" lemma="joy">joy</w>
<w type="CC" lemma="and">and</w>
<w type="JJ" lemma="bright">bright</w>
<w type="VVP" lemma="hope">hope</w>
<w type="PP" lemma="we">we</w>
<w type="DT" lemma="all">all</w>
<w type="VVP" lemma="feel">feel</w>
<w type="WRB" lemma="when">when</w>
<w type="PP" lemma="we">we</w>
<w type="VVP" lemma="celebrate">celebrate</w>
<w type="PPs" lemma="his">his</w>
<w type="NN" lemma="birthday">birthday</w>
<pc type="SENT">.</pc>
</s>
<s><w type="DT" lemma="that">That</w>
<w type="NN" lemma="joy">joy</w>
<w type="CC" lemma="and">and</w>
<w type="VVP" lemma="hope">hope</w>
<w type="VV" lemma="find">find</w>
<w type="PPs" lemma="their">their</w>
<w type="RBS" lemma="most">most</w>
<w type="JJ" lemma="complete">complete</w>
<w type="NN" lemma="fulfilment">fulfilment</w>
<w type="IN" lemma="within">within</w>
<w type="DT" lemma="the">the</w>
<w type="JJ" lemma="loving">loving</w>
<w type="NN" lemma="circle">circle</w>
<w type="IN" lemma="of">of</w>
<w type="DT" lemma="a">a</w>
<w type="VVN" lemma="unite">united</w>
<w type="NN" lemma="family">family</w>
<pc type="SENT">.</pc>
</s></p><p><s><w type="PP" lemma="you">You</w>
<w type="MD" lemma="will">will</w>
<w type="VV" lemma="understand">understand</w>
<w type="PP" lemma="me">me</w>
<pc type="sub">,</pc>
<w type="RB" lemma="therefore">therefore</w>
<pc type="sub">,</pc>
<w type="WRB" lemma="when">when</w>
<w type="PP" lemma="I">I</w>
<w type="VVP" lemma="tell">tell</w>
<w type="PP" lemma="you">you</w>
<w type="IN" lemma="that">that</w>
<w type="IN" lemma="of">of</w>
<w type="PDT" lemma="all">all</w>
<w type="DT" lemma="the">the</w>
<w type="NNS" lemma="voice">voices</w>
<w type="PP" lemma="we">we</w>
<w type="VHP" lemma="have">have</w>
<w type="VVN" lemma="hear">heard</w>
<w type="DT" lemma="this">this</w>
<w type="NN" lemma="afternoon">afternoon</w>
<w type="NN" lemma="none">none</w>
<w type="VHZ" lemma="have">has</w>
<w type="VVN" lemma="give">given</w>
<w type="PPs" lemma="my">my</w>
<w type="NNS" lemma="child">children</w>
<w type="CC" lemma="and">and</w>
<w type="PP" lemma="myself">myself</w>
<w type="JJR" lemma="great">greater</w>
<w type="NN" lemma="joy">joy</w>
<w type="IN" lemma="than">than</w>
<w type="DT" lemma="that">that</w>
<w type="IN" lemma="of">of</w>
<w type="PPs" lemma="my">my</w>
<w type="NN" lemma="husband">husband</w>
<pc type="SENT">.</pc>
</s>
<s><w type="TO" lemma="To">To</w>
<w type="PP" lemma="him">him</w>
<w type="PP" lemma="I">I</w>
<w type="VVP" lemma="say">say</w>
<pc type="sub">:</pc>
<pc type="oq">"</pc>
<w type="IN" lemma="from">From</w>
<w type="PDT" lemma="all">all</w>
<w type="DT" lemma="the">the</w>
<w type="NNS" lemma="member">members</w>
<w type="IN" lemma="of">of</w>
<w type="DT" lemma="the">the</w>
<w type="NN" lemma="family">family</w>
<w type="VVD" lemma="gather">gathered</w>
<w type="RB" lemma="here">here</w>
<w type="NN" lemma="today">today</w>
<w type="PPs" lemma="our">our</w>
<w type="RB" lemma="very">very</w>
<w type="JJS" lemma="good">best</w>
<w type="JJ" lemma="good">good</w>
<w type="NNS" lemma="wish">wishes</w>
<w type="VVP" lemma="go">go</w>
<w type="RP" lemma="out">out</w>
<w type="TO" lemma="to">to</w>
<w type="PP" lemma="you">you</w>
<w type="CC" lemma="and">and</w>
<w type="TO" lemma="to">to</w>
<w type="DT" lemma="every">every</w>
<w type="NN" lemma="one">one</w>
<w type="IN" lemma="on">on</w>
<w type="NN" lemma="board">board</w>
<w type="NP" lemma="Britannia">Britannia</w>
<pc type="sub">,</pc>
<w type="IN" lemma="as">as</w>
<w type="PP" lemma="you">you</w>
<w type="NN" lemma="voyage">voyage</w>
<w type="RB" lemma="together">together</w>
<w type="IN" lemma="in">in</w>
<w type="DT" lemma="the">the</w>
<w type="RB" lemma="far">far</w>
<w type="JJ" lemma="Southern">Southern</w>
<w type="NNS" lemma="sea">seas</w>
<pc type="SENT">.</pc>
</s>
<s><w type="NP" lemma="Happy">Happy</w>
<w type="NP" lemma="Christmas">Christmas</w>
<w type="IN" lemma="from">from</w>
<w type="PP" lemma="us">us</w>
<w type="RB" lemma="all">all</w>
<pc type="SENT">.</pc>
<pc type="cq">"</pc>
</s></p><p><s><w type="IN" lemma="of">Of</w>
<w type="NN" lemma="course">course</w>
<w type="PP" lemma="it">it</w>
<w type="VBZ" lemma="be">is</w>
<w type="JJ" lemma="sad">sad</w>
<w type="IN" lemma="for">for</w>
<w type="PP" lemma="us">us</w>
<w type="TO" lemma="to">to</w>
<w type="VB" lemma="be">be</w>
<w type="VVN" lemma="separate">separated</w>
<w type="IN" lemma="on">on</w>
<w type="DT" lemma="this">this</w>
<w type="NN" lemma="day">day</w>
<pc type="sub">,</pc>
<w type="CC" lemma="and">and</w>
<w type="IN" lemma="of">of</w>
<w type="NN" lemma="course">course</w>
<w type="PP" lemma="we">we</w>
<w type="VVP" lemma="look">look</w>
<w type="RB" lemma="forward">forward</w>
<w type="TO" lemma="to">to</w>
<w type="DT" lemma="the">the</w>
<w type="NN" lemma="moment">moment</w>
<w type="WRB" lemma="when">when</w>
<w type="PP" lemma="we">we</w>
<w type="MD" lemma="shall">shall</w>
<w type="RB" lemma="all">all</w>
<w type="RB" lemma="again">again</w>
<w type="VB" lemma="be">be</w>
<w type="RB" lemma="together">together</w>
<pc type="SENT">.</pc>
</s>
<s><w type="CC" lemma="yet">Yet</w>
<w type="PPs" lemma="my">my</w>
<w type="NN" lemma="husband">husband</w>
<w type="POS" lemma="'s">'s</w>
<w type="NN" lemma="absence">absence</w>
<w type="IN" lemma="at">at</w>
<w type="DT" lemma="this">this</w>
<w type="NN" lemma="time">time</w>
<w type="VHZ" lemma="have">has</w>
<w type="VVN" lemma="make">made</w>
<w type="PP" lemma="me">me</w>
<w type="RB" lemma="even">even</w>
<w type="RBR" lemma="more">more</w>
<w type="JJ" lemma="aware">aware</w>
<w type="IN" lemma="than">than</w>
<w type="PP" lemma="I">I</w>
<w type="VBD" lemma="be">was</w>
<w type="RB" lemma="before">before</w>
<w type="IN" lemma="of">of</w>
<w type="PPs" lemma="my">my</w>
<w type="JJ" lemma="own">own</w>
<w type="JJ" lemma="good">good</w>
<w type="NN" lemma="fortune">fortune</w>
<w type="IN" lemma="in">in</w>
<w type="VBG" lemma="be">being</w>
<w type="CD" lemma="one">one</w>
<w type="IN" lemma="of">of</w>
<w type="DT" lemma="a">a</w>
<w type="VVN" lemma="unite">united</w>
<w type="NN" lemma="family">family</w>
<pc type="SENT">.</pc>
</s></p><p><s><w type="IN" lemma="with">With</w>
<w type="DT" lemma="that">that</w>
<w type="NN" lemma="consciousness">consciousness</w>
<w type="IN" lemma="in">in</w>
<w type="NN" lemma="mind">mind</w>
<pc type="sub">,</pc>
<w type="PP" lemma="I">I</w>
<w type="MD" lemma="would">would</w>
<w type="VV" lemma="like">like</w>
<w type="TO" lemma="to">to</w>
<w type="VV" lemma="send">send</w>
<w type="DT" lemma="a">a</w>
<w type="JJ" lemma="special">special</w>
<w type="NN" lemma="message">message</w>
<w type="IN" lemma="of">of</w>
<w type="NN" lemma="hope">hope</w>
<w type="CC" lemma="and">and</w>
<w type="NN" lemma="encouragement">encouragement</w>
<w type="TO" lemma="to">to</w>
<w type="DT" lemma="all">all</w>
<w type="WP" lemma="who">who</w>
<w type="VBP" lemma="are">are</w>
<w type="RB" lemma="not">not</w>
<w type="RB" lemma="so">so</w>
<w type="VVN" lemma="bless">blessed</w>
<pc type="sub">,</pc>
<w type="CC" lemma="or">or</w>
<w type="IN" lemma="for">for</w>
<w type="DT" lemma="any">any</w>
<w type="NN" lemma="reason">reason</w>
<w type="NN" lemma="XXXX">cannot</w>
<w type="VB" lemma="be">be</w>
<w type="IN" lemma="with">with</w>
<w type="DT" lemma="those">those</w>
<w type="PP" lemma="they">they</w>
<w type="VVP" lemma="love">love</w>
<w type="NN" lemma="today">today</w>
<pc type="sub">:</pc>
<w type="TO" lemma="to">to</w>
<w type="DT" lemma="the">the</w>
<w type="JJ" lemma="sick">sick</w>
<w type="WP" lemma="who">who</w>
<w type="NN" lemma="XXXX">cannot</w>
<w type="VB" lemma="be">be</w>
<w type="IN" lemma="at">at</w>
<w type="NN" lemma="home">home</w>
<pc type="sub">;</pc>
<w type="TO" lemma="to">to</w>
<w type="DT" lemma="all">all</w>
<w type="WP" lemma="who">who</w>
<w type="VVP" lemma="serve">serve</w>
<w type="PPs" lemma="their">their</w>
<w type="NN" lemma="country">country</w>
<w type="IN" lemma="in">in</w>
<w type="JJ" lemma="foreign">foreign</w>
<w type="NNS" lemma="land">lands</w>
<pc type="sub">,</pc>
<w type="CC" lemma="or">or</w>
<w type="WPs" lemma="whose">whose</w>
<w type="NN" lemma="duty">duty</w>
<w type="VVZ" lemma="keep">keeps</w>
<w type="PP" lemma="them">them</w>
<w type="IN" lemma="upon">upon</w>
<w type="DT" lemma="the">the</w>
<w type="NNS" lemma="ocean">oceans</w>
<pc type="sub">;</pc>
<w type="CC" lemma="and">and</w>
<w type="TO" lemma="to">to</w>
<w type="DT" lemma="every">every</w>
<w type="NN" lemma="man">man</w>
<w type="CC" lemma="or">or</w>
<w type="NN" lemma="woman">woman</w>
<w type="WPs" lemma="whose">whose</w>
<w type="NN" lemma="destiny">destiny</w>
<w type="PP" lemma="it">it</w>
<w type="VBZ" lemma="be">is</w>
<w type="TO" lemma="to">to</w>
<w type="VV" lemma="walk">walk</w>
<w type="IN" lemma="through">through</w>
<w type="NN" lemma="life">life</w>
<w type="RB" lemma="alone">alone</w>
<pc type="SENT">.</pc>
</s></p><p><s><w type="RB" lemma="particularly">Particularly</w>
<w type="IN" lemma="on">on</w>
<w type="DT" lemma="this">this</w>
<w type="NN" lemma="day">day</w>
<w type="IN" lemma="of">of</w>
<w type="DT" lemma="the">the</w>
<w type="NN" lemma="family">family</w>
<w type="NN" lemma="festival">festival</w>
<w type="VV" lemma="let">let</w>
<w type="PP" lemma="us">us</w>
<w type="VV" lemma="remember">remember</w>
<w type="DT" lemma="those">those</w>
<w type="WP" lemma="who">who</w>
<pc type="sub">-</pc>
<w type="IN" lemma="like">like</w>
<w type="DT" lemma="the">the</w>
<w type="NP" lemma="Holy">Holy</w>
<w type="NP" lemma="Family">Family</w>
<w type="IN" lemma="before">before</w>
<w type="PP" lemma="them">them</w>
<pc type="sub">-</pc>
<w type="VHP" lemma="have">have</w>
<w type="VBN" lemma="be">been</w>
<w type="VVN" lemma="drive">driven</w>
<w type="IN" lemma="from">from</w>
<w type="PPs" lemma="their">their</w>
<w type="NNS" lemma="home">homes</w>
<w type="IN" lemma="by">by</w>
<w type="NN" lemma="war">war</w>
<w type="CC" lemma="or">or</w>
<w type="NN" lemma="violence">violence</w>
<pc type="SENT">.</pc>
</s>
<s><w type="PP" lemma="we">We</w>
<w type="VVP" lemma="call">call</w>
<w type="PP" lemma="them">them</w>
<w type="NNS" lemma="XXXX">'refugees</w>
<pc type="cq">'</pc>
<pc type="sub">:</pc>
<w type="VV" lemma="let">let</w>
<w type="PP" lemma="us">us</w>
<w type="VV" lemma="give">give</w>
<w type="PP" lemma="them">them</w>
<w type="DT" lemma="a">a</w>
<w type="JJ" lemma="true">true</w>
<w type="NN" lemma="refuge">refuge</w>
<pc type="sub">:</pc>
<w type="VV" lemma="let">let</w>
<w type="PP" lemma="us">us</w>
<w type="VV" lemma="see">see</w>
<w type="IN" lemma="that">that</w>
<w type="IN" lemma="for">for</w>
<w type="PP" lemma="them">them</w>
<w type="CC" lemma="and">and</w>
<w type="PPs" lemma="their">their</w>
<w type="NNS" lemma="child">children</w>
<w type="EX" lemma="there">there</w>
<w type="VBZ" lemma="be">is</w>
<w type="NN" lemma="room">room</w>
<w type="IN" lemma="at">at</w>
<w type="DT" lemma="the">the</w>
<w type="NP" lemma="Inn">Inn</w>
<pc type="SENT">.</pc>
</s></p><p><s><w type="IN" lemma="if">If</w>
<w type="PPs" lemma="my">my</w>
<w type="NN" lemma="husband">husband</w>
<w type="NN" lemma="XXXX">cannot</w>
<w type="VB" lemma="be">be</w>
<w type="IN" lemma="at">at</w>
<w type="NN" lemma="home">home</w>
<w type="IN" lemma="on">on</w>
<w type="NP" lemma="Christmas">Christmas</w>
<w type="NP" lemma="Day">Day</w>
<pc type="sub">,</pc>
<w type="PP" lemma="I">I</w>
<w type="MD" lemma="could">could</w>
<w type="RB" lemma="not">not</w>
<w type="VV" lemma="wish">wish</w>
<w type="IN" lemma="for">for</w>
<w type="DT" lemma="a">a</w>
<w type="JJR" lemma="good">better</w>
<w type="NN" lemma="reason">reason</w>
<w type="IN" lemma="than">than</w>
<w type="WDT" lemma="that">that</w>
<w type="PP" lemma="he">he</w>
<w type="MD" lemma="should">should</w>
<w type="VB" lemma="be">be</w>
<w type="VVG" lemma="travel">travelling</w>
<w type="IN" lemma="in">in</w>
<w type="JJ" lemma="other">other</w>
<w type="NNS" lemma="part">parts</w>
<w type="IN" lemma="of">of</w>
<w type="DT" lemma="the">the</w>
<w type="NP" lemma="Commonwealth">Commonwealth</w>
<pc type="SENT">.</pc>
</s>
<s><w type="IN" lemma="on">On</w>
<w type="PPs" lemma="his">his</w>
<w type="NN" lemma="journey">journey</w>
<w type="PP" lemma="he">he</w>
<w type="VHZ" lemma="have">has</w>
<w type="VVN" lemma="return">returned</w>
<w type="TO" lemma="to">to</w>
<w type="JJ" lemma="many">many</w>
<w type="NNS" lemma="place">places</w>
<w type="IN" lemma="that">that</w>
<w type="PP" lemma="we">we</w>
<w type="VHP" lemma="have">have</w>
<w type="RB" lemma="already">already</w>
<w type="VVN" lemma="visit">visited</w>
<w type="RB" lemma="together">together</w>
<pc type="sub">,</pc>
<w type="CC" lemma="and">and</w>
<w type="PP" lemma="he">he</w>
<w type="VHZ" lemma="have">has</w>
<w type="VBN" lemma="be">been</w>
<w type="TO" lemma="to">to</w>
<w type="NNS" lemma="other">others</w>
<w type="IN" lemma="that">that</w>
<w type="PP" lemma="I">I</w>
<w type="VHP" lemma="have">have</w>
<w type="RB" lemma="never">never</w>
<w type="VVN" lemma="see">seen</w>
<pc type="SENT">.</pc>
</s></p><p><s><w type="IN" lemma="on">On</w>
<w type="DT" lemma="the">the</w>
<w type="NN" lemma="voyage">voyage</w>
<w type="RB" lemma="back">back</w>
<w type="TO" lemma="to">to</w>
<w type="NP" lemma="England">England</w>
<w type="PP" lemma="he">he</w>
<w type="MD" lemma="will">will</w>
<w type="VV" lemma="call">call</w>
<w type="IN" lemma="at">at</w>
<w type="DT" lemma="some">some</w>
<w type="IN" lemma="of">of</w>
<w type="DT" lemma="the">the</w>
<w type="JJS" lemma="least">least</w>
<w type="JJ" lemma="accessible">accessible</w>
<w type="NNS" lemma="part">parts</w>
<w type="IN" lemma="of">of</w>
<w type="DT" lemma="the">the</w>
<w type="NN" lemma="world">world</w>
<pc type="sub">,</pc>
<w type="DT" lemma="those">those</w>
<w type="NNS" lemma="island">islands</w>
<w type="IN" lemma="of">of</w>
<w type="DT" lemma="the">the</w>
<w type="NP" lemma="South">South</w>
<w type="NP" lemma="Atlantic">Atlantic</w>
<w type="VVN" lemma="separate">separated</w>
<w type="IN" lemma="from">from</w>
<w type="PP" lemma="us">us</w>
<w type="IN" lemma="by">by</w>
<w type="JJ" lemma="immense">immense</w>
<w type="NNS" lemma="stretch">stretches</w>
<w type="IN" lemma="of">of</w>
<w type="DT" lemma="the">the</w>
<w type="NN" lemma="ocean">ocean</w>
<pc type="sub">,</pc>
<w type="RB" lemma="yet">yet</w>
<w type="VVN" lemma="link">linked</w>
<w type="TO" lemma="to">to</w>
<w type="PP" lemma="us">us</w>
<w type="IN" lemma="with">with</w>
<w type="NNS" lemma="bond">bonds</w>
<w type="IN" lemma="of">of</w>
<w type="NN" lemma="brotherhood">brotherhood</w>
<w type="CC" lemma="and">and</w>
<w type="NN" lemma="trust">trust</w>
<pc type="SENT">.</pc>
</s></p><p><s><w type="CD" lemma="One">One</w>
<w type="NN" lemma="idea">idea</w>
<w type="IN" lemma="above">above</w>
<w type="DT" lemma="all">all</w>
<w type="NNS" lemma="other">others</w>
<w type="VHZ" lemma="have">has</w>
<w type="VBN" lemma="be">been</w>
<w type="DT" lemma="the">the</w>
<w type="NN" lemma="mainspring">mainspring</w>
<w type="IN" lemma="of">of</w>
<w type="DT" lemma="this">this</w>
<w type="NN" lemma="journey">journey</w>
<pc type="SENT">.</pc>
</s>
<s><w type="PP" lemma="it">It</w>
<w type="VBZ" lemma="be">is</w>
<w type="DT" lemma="the">the</w>
<w type="NN" lemma="wish">wish</w>
<w type="TO" lemma="to">to</w>
<w type="VV" lemma="foster">foster</w>
<pc type="sub">,</pc>
<w type="CC" lemma="and">and</w>
<w type="NN" lemma="advance">advance</w>
<pc type="sub">,</pc>
<w type="NN" lemma="concord">concord</w>
<w type="CC" lemma="and">and</w>
<w type="NN" lemma="understanding">understanding</w>
<w type="IN" lemma="within">within</w>
<w type="DT" lemma="the">the</w>
<w type="NP" lemma="Commonwealth">Commonwealth</w>
<pc type="SENT">.</pc>
</s></p><p><s><w type="DT" lemma="no">No</w>
<w type="NN" lemma="purpose">purpose</w>
<w type="VVZ" lemma="come">comes</w>
<w type="JJR" lemma="near">nearer</w>
<w type="TO" lemma="to">to</w>
<w type="PPs" lemma="my">my</w>
<w type="JJ" lemma="own">own</w>
<w type="NNS" lemma="desire">desires</w>
<pc type="sub">,</pc>
<w type="IN" lemma="for">for</w>
<w type="PP" lemma="I">I</w>
<w type="VVP" lemma="believe">believe</w>
<w type="IN" lemma="that">that</w>
<w type="DT" lemma="the">the</w>
<w type="NN" lemma="way">way</w>
<w type="IN" lemma="in">in</w>
<w type="WDT" lemma="which">which</w>
<w type="PPs" lemma="our">our</w>
<w type="NN" lemma="commonwealth">Commonwealth</w>
<w type="VBZ" lemma="be">is</w>
<w type="JJ" lemma="developing">developing</w>
<w type="VVZ" lemma="represent">represents</w>
<w type="CD" lemma="one">one</w>
<w type="IN" lemma="of">of</w>
<w type="DT" lemma="the">the</w>
<w type="RBS" lemma="most">most</w>
<w type="JJ" lemma="hopeful">hopeful</w>
<w type="CC" lemma="and">and</w>
<w type="JJ" lemma="imaginative">imaginative</w>
<w type="NNS" lemma="experiment">experiments</w>
<w type="IN" lemma="in">in</w>
<w type="JJ" lemma="international">international</w>
<w type="NNS" lemma="affair">affairs</w>
<w type="IN" lemma="that">that</w>
<w type="DT" lemma="the">the</w>
<w type="NN" lemma="world">world</w>
<w type="VHZ" lemma="have">has</w>
<w type="RB" lemma="ever">ever</w>
<w type="VVN" lemma="see">seen</w>
<pc type="SENT">.</pc>
</s></p><p><s><w type="IN" lemma="if">If</w>
<pc type="sub">,</pc>
<w type="IN" lemma="as">as</w>
<w type="PPs" lemma="its">its</w>
<w type="NP" lemma="Head">Head</w>
<pc type="sub">,</pc>
<w type="PP" lemma="I">I</w>
<w type="MD" lemma="can">can</w>
<w type="VV" lemma="make">make</w>
<w type="DT" lemma="any">any</w>
<w type="JJ" lemma="real">real</w>
<w type="JJ" lemma="personal">personal</w>
<w type="NN" lemma="contribution">contribution</w>
<w type="IN" lemma="towards">towards</w>
<w type="PPs" lemma="its">its</w>
<w type="NN" lemma="progress">progress</w>
<pc type="sub">,</pc>
<w type="PP" lemma="it">it</w>
<w type="MD" lemma="must">must</w>
<w type="RB" lemma="surely">surely</w>
<w type="VB" lemma="be">be</w>
<w type="TO" lemma="to">to</w>
<w type="VV" lemma="promote">promote</w>
<w type="PPs" lemma="its">its</w>
<w type="NN" lemma="unity">unity</w>
<pc type="SENT">.</pc>
</s></p><p><s><w type="PP" lemma="we">We</w>
<w type="VVP" lemma="talk">talk</w>
<w type="IN" lemma="of">of</w>
<w type="PP" lemma="ourselves">ourselves</w>
<w type="IN" lemma="as">as</w>
<w type="DT" lemma="a">a</w>
<pc type="oq">"</pc>
<w type="NN" lemma="family">family</w>
<w type="IN" lemma="of">of</w>
<w type="NNS" lemma="nation">nations</w>
<pc type="cq">"</pc>
<pc type="sub">,</pc>
<w type="CC" lemma="and">and</w>
<w type="RB" lemma="perhaps">perhaps</w>
<w type="PPs" lemma="our">our</w>
<w type="NNS" lemma="relation">relations</w>
<w type="IN" lemma="with">with</w>
<w type="PP" lemma="one">one</w>
<w type="DT" lemma="another">another</w>
<w type="VBP" lemma="are">are</w>
<w type="RB" lemma="not">not</w>
<w type="RB" lemma="so">so</w>
<w type="RB" lemma="very">very</w>
<w type="JJ" lemma="different">different</w>
<w type="IN" lemma="from">from</w>
<w type="DT" lemma="those">those</w>
<w type="WDT" lemma="which">which</w>
<w type="VVP" lemma="exist">exist</w>
<w type="IN" lemma="between">between</w>
<w type="NNS" lemma="member">members</w>
<w type="IN" lemma="of">of</w>
<w type="DT" lemma="any">any</w>
<w type="NN" lemma="family">family</w>
<pc type="SENT">.</pc>
</s>
<s><w type="PP" lemma="we">We</w>
<w type="RB" lemma="all">all</w>
<w type="VVP" lemma="know">know</w>
<w type="IN" lemma="that">that</w>
<w type="DT" lemma="these">these</w>
<w type="VBP" lemma="are">are</w>
<w type="RB" lemma="not">not</w>
<w type="RB" lemma="always">always</w>
<w type="JJ" lemma="easy">easy</w>
<pc type="sub">,</pc>
<w type="IN" lemma="for">for</w>
<w type="EX" lemma="there">there</w>
<w type="VBZ" lemma="be">is</w>
<w type="DT" lemma="no">no</w>
<w type="NN" lemma="law">law</w>
<w type="IN" lemma="within">within</w>
<w type="DT" lemma="a">a</w>
<w type="NN" lemma="family">family</w>
<w type="WDT" lemma="which">which</w>
<w type="VVZ" lemma="bind">binds</w>
<w type="PPs" lemma="its">its</w>
<w type="NNS" lemma="member">members</w>
<w type="TO" lemma="to">to</w>
<w type="VV" lemma="think">think</w>
<pc type="sub">,</pc>
<w type="CC" lemma="or">or</w>
<w type="NN" lemma="act">act</w>
<pc type="sub">,</pc>
<w type="CC" lemma="or">or</w>
<w type="VB" lemma="be">be</w>
<w type="RB" lemma="alike">alike</w>
<pc type="SENT">.</pc>
</s></p><p><s><w type="CC" lemma="and">And</w>
<w type="RB" lemma="surely">surely</w>
<w type="PP" lemma="it">it</w>
<w type="VBZ" lemma="be">is</w>
<w type="DT" lemma="this">this</w>
<w type="JJ" lemma="very">very</w>
<w type="NN" lemma="freedom">freedom</w>
<w type="IN" lemma="of">of</w>
<w type="NN" lemma="choice">choice</w>
<w type="CC" lemma="and">and</w>
<w type="NN" lemma="decision">decision</w>
<w type="WDT" lemma="which">which</w>
<w type="VVZ" lemma="give">gives</w>
<w type="JJ" lemma="exceptional">exceptional</w>
<w type="NN" lemma="value">value</w>
<w type="TO" lemma="to">to</w>
<w type="NN" lemma="friendship">friendship</w>
<w type="IN" lemma="in">in</w>
<w type="NNS" lemma="time">times</w>
<w type="IN" lemma="of">of</w>
<w type="NN" lemma="stress">stress</w>
<w type="CC" lemma="and">and</w>
<w type="NN" lemma="disagreement">disagreement</w>
<pc type="SENT">.</pc>
</s>
<s><w type="JJ" lemma="such">Such</w>
<w type="NN" lemma="friendship">friendship</w>
<w type="VBZ" lemma="be">is</w>
<w type="DT" lemma="a">a</w>
<w type="NN" lemma="gift">gift</w>
<w type="IN" lemma="for">for</w>
<w type="WDT" lemma="which">which</w>
<w type="PP" lemma="we">we</w>
<w type="VBP" lemma="are">are</w>
<w type="RB" lemma="truly">truly</w>
<w type="CC" lemma="and">and</w>
<w type="RB" lemma="rightly">rightly</w>
<w type="JJ" lemma="grateful">grateful</w>
<pc type="SENT">.</pc>
</s></p><p><s><w type="NN" lemma="none">None</w>
<w type="DT" lemma="the">the</w>
<w type="JJR" lemma="less">less</w>
<pc type="sub">,</pc>
<w type="JJ" lemma="deep">deep</w>
<w type="CC" lemma="and">and</w>
<w type="JJ" lemma="acute">acute</w>
<w type="NNS" lemma="difference">differences</w>
<pc type="sub">,</pc>
<w type="VVG" lemma="involve">involving</w>
<w type="DT" lemma="both">both</w>
<w type="NN" lemma="intellect">intellect</w>
<w type="CC" lemma="and">and</w>
<w type="NN" lemma="emotion">emotion</w>
<pc type="sub">,</pc>
<w type="VBP" lemma="are">are</w>
<w type="VVN" lemma="bind">bound</w>
<w type="TO" lemma="to">to</w>
<w type="VV" lemma="arise">arise</w>
<w type="IN" lemma="between">between</w>
<w type="NNS" lemma="member">members</w>
<w type="IN" lemma="of">of</w>
<w type="DT" lemma="a">a</w>
<w type="NN" lemma="family">family</w>
<w type="CC" lemma="and">and</w>
<w type="RB" lemma="also">also</w>
<w type="IN" lemma="between">between</w>
<w type="NN" lemma="friend">friend</w>
<w type="CC" lemma="and">and</w>
<w type="NN" lemma="friend">friend</w>
<pc type="sub">,</pc>
<w type="CC" lemma="and">and</w>
<w type="EX" lemma="there">there</w>
<w type="VBZ" lemma="be">is</w>
<w type="DT" lemma="neither">neither</w>
<w type="NN" lemma="virtue">virtue</w>
<w type="CC" lemma="nor">nor</w>
<w type="NN" lemma="value">value</w>
<w type="IN" lemma="in">in</w>
<w type="VVG" lemma="pretend">pretending</w>
<w type="IN" lemma="that">that</w>
<w type="PP" lemma="they">they</w>
<w type="VVP" lemma="do">do</w>
<w type="RB" lemma="not">not</w>
<pc type="SENT">.</pc>
</s></p><p><s><w type="IN" lemma="in">In</w>
<w type="DT" lemma="all">all</w>
<w type="JJ" lemma="such">such</w>
<w type="NNS" lemma="difference">differences</w>
<pc type="sub">,</pc>
<w type="RB" lemma="however">however</w>
<pc type="sub">,</pc>
<w type="EX" lemma="there">there</w>
<w type="VVZ" lemma="come">comes</w>
<w type="DT" lemma="a">a</w>
<w type="NN" lemma="moment">moment</w>
<w type="WRB" lemma="when">when</w>
<pc type="sub">,</pc>
<w type="IN" lemma="for">for</w>
<w type="DT" lemma="the">the</w>
<w type="NN" lemma="sake">sake</w>
<w type="IN" lemma="of">of</w>
<w type="JJ" lemma="ultimate">ultimate</w>
<w type="NN" lemma="harmony">harmony</w>
<pc type="sub">,</pc>
<w type="DT" lemma="the">the</w>
<w type="NN" lemma="healing">healing</w>
<w type="NN" lemma="power">power</w>
<w type="IN" lemma="of">of</w>
<w type="NN" lemma="tolerance">tolerance</w>
<pc type="sub">,</pc>
<w type="NN" lemma="comradeship">comradeship</w>
<w type="CC" lemma="and">and</w>
<w type="NN" lemma="love">love</w>
<w type="MD" lemma="must">must</w>
<w type="VB" lemma="be">be</w>
<w type="VVN" lemma="allow">allowed</w>
<w type="TO" lemma="to">to</w>
<w type="VV" lemma="play">play</w>
<w type="PPs" lemma="its">its</w>
<w type="NN" lemma="part">part</w>
<pc type="SENT">.</pc>
</s></p><p><s><w type="PP" lemma="I">I</w>
<w type="VVP" lemma="speak">speak</w>
<w type="IN" lemma="of">of</w>
<w type="DT" lemma="a">a</w>
<w type="NN" lemma="tolerance">tolerance</w>
<w type="WDT" lemma="that">that</w>
<w type="VBZ" lemma="be">is</w>
<w type="RB" lemma="not">not</w>
<w type="NN" lemma="indifference">indifference</w>
<pc type="sub">,</pc>
<w type="CC" lemma="but">but</w>
<w type="VBZ" lemma="be">is</w>
<w type="RB" lemma="rather">rather</w>
<w type="DT" lemma="a">a</w>
<w type="NN" lemma="willingness">willingness</w>
<w type="TO" lemma="to">to</w>
<w type="VV" lemma="recognise">recognise</w>
<w type="DT" lemma="the">the</w>
<w type="NN" lemma="possibility">possibility</w>
<w type="IN" lemma="of">of</w>
<w type="NN" lemma="right">right</w>
<w type="IN" lemma="in">in</w>
<w type="NNS" lemma="other">others</w>
<pc type="sub">;</pc>
<w type="IN" lemma="of">of</w>
<w type="DT" lemma="a">a</w>
<w type="NN" lemma="comradeship">comradeship</w>
<w type="WDT" lemma="that">that</w>
<w type="VBZ" lemma="be">is</w>
<w type="RB" lemma="not">not</w>
<w type="RB" lemma="just">just</w>
<w type="DT" lemma="a">a</w>
<w type="JJ" lemma="sentimental">sentimental</w>
<w type="NN" lemma="memory">memory</w>
<w type="IN" lemma="of">of</w>
<w type="JJ" lemma="good">good</w>
<w type="NNS" lemma="day">days</w>
<w type="JJ" lemma="past">past</w>
<pc type="sub">,</pc>
<w type="CC" lemma="but">but</w>
<w type="DT" lemma="the">the</w>
<w type="NN" lemma="certainty">certainty</w>
<w type="IN" lemma="that">that</w>
<w type="DT" lemma="the">the</w>
<w type="JJ" lemma="tried">tried</w>
<w type="CC" lemma="and">and</w>
<w type="JJ" lemma="staunch">staunch</w>
<w type="NNS" lemma="friend">friends</w>
<w type="IN" lemma="of">of</w>
<w type="NN" lemma="yesterday">yesterday</w>
<w type="VBP" lemma="are">are</w>
<w type="RB" lemma="still">still</w>
<w type="IN" lemma="in">in</w>
<w type="NN" lemma="truth">truth</w>
<w type="DT" lemma="the">the</w>
<w type="JJ" lemma="same">same</w>
<w type="NNS" lemma="people">people</w>
<w type="NN" lemma="today">today</w>
<pc type="sub">;</pc>
<w type="IN" lemma="of">of</w>
<w type="DT" lemma="a">a</w>
<w type="NN" lemma="love">love</w>
<w type="WDT" lemma="that">that</w>
<w type="MD" lemma="can">can</w>
<w type="VV" lemma="rise">rise</w>
<w type="IN" lemma="above">above</w>
<w type="NN" lemma="anger">anger</w>
<w type="CC" lemma="and">and</w>
<w type="VBZ" lemma="be">is</w>
<w type="JJ" lemma="ready">ready</w>
<w type="TO" lemma="to">to</w>
<w type="VV" lemma="forgive">forgive</w>
<pc type="SENT">.</pc>
</s></p><p><s><w type="IN" lemma="that">That</w>
<w type="DT" lemma="each">each</w>
<w type="NN" lemma="one">one</w>
<w type="IN" lemma="of">of</w>
<w type="PP" lemma="us">us</w>
<w type="MD" lemma="should">should</w>
<w type="VV" lemma="give">give</w>
<w type="DT" lemma="this">this</w>
<w type="NN" lemma="power">power</w>
<w type="DT" lemma="a">a</w>
<w type="NN" lemma="chance">chance</w>
<w type="TO" lemma="to">to</w>
<w type="VV" lemma="do">do</w>
<w type="PPs" lemma="its">its</w>
<w type="NN" lemma="work">work</w>
<w type="VBZ" lemma="be">is</w>
<w type="PPs" lemma="my">my</w>
<w type="JJ" lemma="heartfelt">heartfelt</w>
<w type="NN" lemma="message">message</w>
<w type="TO" lemma="to">to</w>
<w type="PP" lemma="you">you</w>
<w type="RB" lemma="all">all</w>
<w type="IN" lemma="upon">upon</w>
<w type="DT" lemma="this">this</w>
<w type="NP" lemma="Christmas">Christmas</w>
<w type="NP" lemma="Day">Day</w>
<pc type="SENT">.</pc>
</s>
<s><w type="PP" lemma="I">I</w>
<w type="MD" lemma="can">can</w>
<w type="VV" lemma="think">think</w>
<w type="IN" lemma="of">of</w>
<w type="DT" lemma="no">no</w>
<w type="JJR" lemma="good">better</w>
<w type="NN" lemma="resolve">resolve</w>
<w type="TO" lemma="to">to</w>
<w type="VV" lemma="make">make</w>
<pc type="sub">,</pc>
<w type="CC" lemma="nor">nor</w>
<w type="DT" lemma="any">any</w>
<w type="JJR" lemma="good">better</w>
<w type="NN" lemma="day">day</w>
<w type="IN" lemma="on">on</w>
<w type="WDT" lemma="which">which</w>
<w type="TO" lemma="to">to</w>
<w type="VV" lemma="make">make</w>
<w type="PP" lemma="it">it</w>
<pc type="SENT">.</pc>
</s>
<s><w type="VV" lemma="let">Let</w>
<w type="PP" lemma="us">us</w>
<w type="VV" lemma="remember">remember</w>
<w type="DT" lemma="this">this</w>
<w type="IN" lemma="during">during</w>
<w type="PPs" lemma="our">our</w>
<w type="NNS" lemma="festivity">festivities</w>
<pc type="sub">,</pc>
<w type="IN" lemma="for">for</w>
<w type="PP" lemma="it">it</w>
<w type="VBZ" lemma="be">is</w>
<w type="NN" lemma="part">part</w>
<w type="IN" lemma="of">of</w>
<w type="DT" lemma="the">the</w>
<w type="NP" lemma="Christmas">Christmas</w>
<w type="NN" lemma="message">message</w>
<pc type="sub">-</pc>
<pc type="oq">"</pc>
<w type="NP" lemma="Goodwill">Goodwill</w>
<w type="IN" lemma="toward">toward</w>
<w type="NNS" lemma="man">men</w>
<pc type="cq">"</pc>
<pc type="SENT">.</pc>
</s></p><p><s><w type="PP" lemma="I">I</w>
<w type="VVP" lemma="wish">wish</w>
<w type="PP" lemma="you">you</w>
<w type="PDT" lemma="all">all</w>
<w type="DT" lemma="a">a</w>
<w type="NP" lemma="Happy">Happy</w>
<w type="NP" lemma="Christmas">Christmas</w>
<w type="CC" lemma="and">and</w>
<w type="DT" lemma="a">a</w>
<w type="NP" lemma="Happy">Happy</w>
<w type="NP" lemma="New">New</w>
<w type="NN" lemma="year">Year</w>
<pc type="SENT">.</pc>
</s></p></div>