<div xmlns='http://www.tei-c.org/ns/1.0' n="1959"><head><s><w type="NP" lemma="Christmas">Christmas</w>
<w type="NP" lemma="Broadcast">Broadcast</w>
<w type="CD" lemma="@card@">1959</w>
</s></head><p><s><w type="PP" lemma="I">I</w>
<w type="VVP" lemma="do">do</w>
<w type="RB" lemma="not">not</w>
<w type="VV" lemma="want">want</w>
<w type="NP" lemma="Christmas">Christmas</w>
<w type="TO" lemma="to">to</w>
<w type="VV" lemma="pass">pass</w>
<w type="IN" lemma="by">by</w>
<w type="IN" lemma="without">without</w>
<w type="VVG" lemma="send">sending</w>
<w type="PPs" lemma="my">my</w>
<w type="JJS" lemma="good">best</w>
<w type="NNS" lemma="wish">wishes</w>
<w type="IN" lemma="for">for</w>
<w type="DT" lemma="a">a</w>
<w type="JJ" lemma="happy">happy</w>
<w type="NN" lemma="day">day</w>
<w type="TO" lemma="to">to</w>
<w type="DT" lemma="all">all</w>
<w type="IN" lemma="of">of</w>
<w type="PP" lemma="you">you</w>
<w type="WP" lemma="who">who</w>
<w type="MD" lemma="may">may</w>
<w type="VB" lemma="be">be</w>
<w type="VVG" lemma="listen">listening</w>
<pc type="sub">,</pc>
<w type="CC" lemma="and">and</w>
<w type="RB" lemma="especially">especially</w>
<w type="TO" lemma="to">to</w>
<w type="PPs" lemma="my">my</w>
<w type="JJ" lemma="own">own</w>
<w type="NNS" lemma="people">peoples</w>
<w type="IN" lemma="in">in</w>
<w type="DT" lemma="the">the</w>
<w type="NP" lemma="Commonwealth">Commonwealth</w>
<pc type="SENT">.</pc>
</s></p><p><s><w type="WRB" lemma="wherever">Wherever</w>
<w type="PP" lemma="you">you</w>
<w type="VBP" lemma="are">are</w>
<w type="CC" lemma="and">and</w>
<w type="WDT" lemma="whatever">whatever</w>
<w type="PP" lemma="you">you</w>
<w type="MD" lemma="may">may</w>
<w type="VB" lemma="be">be</w>
<w type="VVG" lemma="do">doing</w>
<pc type="sub">,</pc>
<w type="PP" lemma="you">you</w>
<w type="VHP" lemma="have">have</w>
<w type="PPs" lemma="my">my</w>
<w type="JJ" lemma="constant">constant</w>
<w type="NN" lemma="interest">interest</w>
<w type="CC" lemma="and">and</w>
<w type="NN" lemma="affection">affection</w>
<pc type="SENT">.</pc>
</s></p><p><s><w type="PP" lemma="I">I</w>
<w type="VBP" lemma="am">am</w>
<w type="RB" lemma="particularly">particularly</w>
<w type="JJ" lemma="grateful">grateful</w>
<w type="TO" lemma="to">to</w>
<w type="DT" lemma="the">the</w>
<w type="JJ" lemma="many">many</w>
<w type="NN" lemma="kind">kind</w>
<w type="NNS" lemma="people">people</w>
<w type="RB" lemma="all">all</w>
<w type="IN" lemma="over">over</w>
<w type="DT" lemma="the">the</w>
<w type="NN" lemma="world">world</w>
<w type="WP" lemma="who">who</w>
<w type="VHP" lemma="have">have</w>
<w type="VVN" lemma="send">sent</w>
<w type="PP" lemma="me">me</w>
<w type="PPs" lemma="their">their</w>
<w type="JJ" lemma="good">good</w>
<w type="NNS" lemma="wish">wishes</w>
<w type="IN" lemma="at">at</w>
<w type="DT" lemma="this">this</w>
<w type="NN" lemma="time">time</w>
<pc type="SENT">.</pc>
</s>
<s><w type="PP" lemma="I">I</w>
<w type="VBP" lemma="am">am</w>
<w type="JJ" lemma="glad">glad</w>
<w type="TO" lemma="to">to</w>
<w type="VH" lemma="have">have</w>
<w type="DT" lemma="this">this</w>
<w type="NN" lemma="chance">chance</w>
<w type="TO" lemma="to">to</w>
<w type="VV" lemma="thank">thank</w>
<w type="PP" lemma="you">you</w>
<w type="RB" lemma="all">all</w>
<w type="RB" lemma="very">very</w>
<w type="RB" lemma="warmly">warmly</w>
<w type="RB" lemma="indeed">indeed</w>
<pc type="SENT">.</pc>
</s></p><p><s><w type="IN" lemma="as">As</w>
<w type="DT" lemma="the">the</w>
<w type="JJ" lemma="old">old</w>
<w type="NN" lemma="year">year</w>
<w type="VVZ" lemma="pass">passes</w>
<pc type="sub">,</pc>
<w type="VV" lemma="let">let</w>
<w type="PP" lemma="us">us</w>
<w type="VV" lemma="celebrate">celebrate</w>
<w type="NP" lemma="Christmas">Christmas</w>
<w type="IN" lemma="with">with</w>
<w type="NN" lemma="thanksgiving">thanksgiving</w>
<w type="CC" lemma="and">and</w>
<w type="VV" lemma="carry">carry</w>
<w type="PPs" lemma="its">its</w>
<w type="NN" lemma="message">message</w>
<w type="IN" lemma="of">of</w>
<w type="NN" lemma="peace">peace</w>
<w type="CC" lemma="and">and</w>
<w type="JJ" lemma="good">good</w>
<w type="NN" lemma="will">will</w>
<w type="IN" lemma="into">into</w>
<w type="DT" lemma="the">the</w>
<w type="NN" lemma="year">year</w>
<w type="RB" lemma="ahead">ahead</w>
<pc type="SENT">.</pc>
</s></p><p><s><w type="DT" lemma="all">All</w>
<w type="IN" lemma="of">of</w>
<w type="PP" lemma="us">us</w>
<w type="IN" lemma="at">at</w>
<w type="NP" lemma="Sandringham">Sandringham</w>
<w type="VVP" lemma="wish">wish</w>
<w type="PP" lemma="you">you</w>
<w type="DT" lemma="a">a</w>
<w type="RB" lemma="very">very</w>
<w type="JJ" lemma="happy">happy</w>
<w type="NP" lemma="Christmas">Christmas</w>
<pc type="SENT">.</pc>
</s></p><p><s><w type="NP" lemma="May">May</w>
<w type="NP" lemma="God">God</w>
<w type="VV" lemma="bless">bless</w>
<w type="PP" lemma="you">you</w>
<w type="DT" lemma="all">all</w>
<pc type="SENT">.</pc>
</s></p></div>