<div xmlns='http://www.tei-c.org/ns/1.0' n="1961"><head><s><w type="NP" lemma="Christmas">Christmas</w>
<w type="NP" lemma="Broadcast">Broadcast</w>
<w type="CD" lemma="@card@">1961</w>
</s></head><p><s><w type="DT" lemma="every">Every</w>
<w type="NN" lemma="year">year</w>
<w type="IN" lemma="at">at</w>
<w type="DT" lemma="this">this</w>
<w type="NN" lemma="time">time</w>
<w type="DT" lemma="the">the</w>
<w type="JJ" lemma="whole">whole</w>
<w type="JJ" lemma="Christian">Christian</w>
<w type="NN" lemma="world">world</w>
<w type="VVZ" lemma="celebrate">celebrates</w>
<w type="DT" lemma="the">the</w>
<w type="NN" lemma="birth">birth</w>
<w type="IN" lemma="of">of</w>
<w type="DT" lemma="the">the</w>
<w type="NN" lemma="founder">founder</w>
<w type="IN" lemma="of">of</w>
<w type="PPs" lemma="our">our</w>
<w type="NN" lemma="faith">faith</w>
<pc type="SENT">.</pc>
</s>
<s><w type="PP" lemma="it">It</w>
<w type="VBZ" lemma="be">is</w>
<w type="RB" lemma="traditionally">traditionally</w>
<w type="DT" lemma="the">the</w>
<w type="NN" lemma="time">time</w>
<w type="IN" lemma="for">for</w>
<w type="NN" lemma="family">family</w>
<w type="NNS" lemma="reunion">reunions</w>
<pc type="sub">,</pc>
<w type="NN" lemma="XXXX">present-giving</w>
<w type="CC" lemma="and">and</w>
<w type="NNS" lemma="child">children</w>
<w type="POS" lemma="'s">'s</w>
<w type="NNS" lemma="party">parties</w>
<pc type="SENT">.</pc>
</s></p><p><s><w type="DT" lemma="a">A</w>
<w type="JJ" lemma="welcome">welcome</w>
<w type="NN" lemma="escape">escape</w>
<pc type="sub">,</pc>
<w type="IN" lemma="in">in</w>
<w type="NN" lemma="fact">fact</w>
<pc type="sub">,</pc>
<w type="IN" lemma="from">from</w>
<w type="DT" lemma="the">the</w>
<w type="JJ" lemma="harsh">harsh</w>
<w type="NNS" lemma="reality">realities</w>
<w type="IN" lemma="of">of</w>
<w type="DT" lemma="this">this</w>
<w type="JJ" lemma="troubled">troubled</w>
<w type="NN" lemma="world">world</w>
<w type="CC" lemma="and">and</w>
<w type="PP" lemma="it">it</w>
<w type="VBZ" lemma="be">is</w>
<w type="RB" lemma="just">just</w>
<w type="IN" lemma="in">in</w>
<w type="NNS" lemma="time">times</w>
<w type="IN" lemma="like">like</w>
<w type="DT" lemma="these">these</w>
<pc type="sub">,</pc>
<w type="NNS" lemma="time">times</w>
<w type="IN" lemma="of">of</w>
<w type="NN" lemma="tension">tension</w>
<w type="CC" lemma="and">and</w>
<w type="NNS" lemma="anxiety">anxieties</w>
<pc type="sub">,</pc>
<w type="IN" lemma="that">that</w>
<w type="DT" lemma="the">the</w>
<w type="JJ" lemma="simple">simple</w>
<w type="NN" lemma="story">story</w>
<w type="CC" lemma="and">and</w>
<w type="NN" lemma="message">message</w>
<w type="IN" lemma="of">of</w>
<w type="NP" lemma="Christmas">Christmas</w>
<w type="VBZ" lemma="be">is</w>
<w type="RBS" lemma="most">most</w>
<w type="JJ" lemma="relevant">relevant</w>
<pc type="SENT">.</pc>
</s></p><p><s><w type="DT" lemma="the">The</w>
<w type="NN" lemma="story">story</w>
<w type="VBZ" lemma="be">is</w>
<w type="IN" lemma="of">of</w>
<w type="DT" lemma="a">a</w>
<w type="JJ" lemma="poor">poor</w>
<w type="NN" lemma="man">man</w>
<w type="CC" lemma="and">and</w>
<w type="PPs" lemma="his">his</w>
<w type="NN" lemma="wife">wife</w>
<w type="WP" lemma="who">who</w>
<w type="VVD" lemma="take">took</w>
<w type="NN" lemma="refuge">refuge</w>
<w type="IN" lemma="at">at</w>
<w type="NN" lemma="night">night</w>
<w type="IN" lemma="in">in</w>
<w type="DT" lemma="a">a</w>
<w type="NN" lemma="stable">stable</w>
<pc type="sub">,</pc>
<w type="WRB" lemma="where">where</w>
<w type="DT" lemma="a">a</w>
<w type="NN" lemma="child">child</w>
<w type="VBD" lemma="be">was</w>
<w type="VVN" lemma="bear">born</w>
<w type="CC" lemma="and">and</w>
<w type="VVN" lemma="lay">laid</w>
<w type="IN" lemma="in">in</w>
<w type="DT" lemma="the">the</w>
<w type="NN" lemma="manger">manger</w>
<pc type="SENT">.</pc>
</s>
<s><w type="NN" lemma="nothing">Nothing</w>
<w type="RB" lemma="very">very</w>
<w type="JJ" lemma="spectacular">spectacular</w>
<pc type="sub">,</pc>
<w type="CC" lemma="and">and</w>
<w type="RB" lemma="yet">yet</w>
<w type="DT" lemma="the">the</w>
<w type="NN" lemma="event">event</w>
<w type="VBD" lemma="be">was</w>
<w type="VVN" lemma="greet">greeted</w>
<w type="IN" lemma="with">with</w>
<w type="DT" lemma="that">that</w>
<w type="JJ" lemma="triumphant">triumphant</w>
<w type="NN" lemma="song">song</w>
<pc type="sub">:</pc>
<pc type="oq">"</pc>
<w type="NN" lemma="glory">Glory</w>
<w type="TO" lemma="to">to</w>
<w type="NP" lemma="God">God</w>
<w type="IN" lemma="in">in</w>
<w type="DT" lemma="the">the</w>
<w type="JJS" lemma="high">highest</w>
<pc type="sub">,</pc>
<w type="CC" lemma="and">and</w>
<w type="IN" lemma="on">on</w>
<w type="NN" lemma="earth">earth</w>
<w type="NN" lemma="peace">peace</w>
<pc type="sub">,</pc>
<w type="NN" lemma="goodwill">goodwill</w>
<w type="IN" lemma="towards">towards</w>
<w type="NNS" lemma="man">men</w>
<pc type="SENT">.</pc>
<pc type="cq">"</pc>
<w type="IN" lemma="for">For</w>
<w type="DT" lemma="that">that</w>
<w type="NN" lemma="child">child</w>
<w type="VBD" lemma="be">was</w>
<w type="TO" lemma="to">to</w>
<w type="VV" lemma="show">show</w>
<w type="IN" lemma="that">that</w>
<w type="EX" lemma="there">there</w>
<w type="VBZ" lemma="be">is</w>
<w type="NN" lemma="nothing">nothing</w>
<w type="IN" lemma="in">in</w>
<w type="NN" lemma="heaven">heaven</w>
<w type="CC" lemma="and">and</w>
<w type="NN" lemma="earth">earth</w>
<w type="IN" lemma="that">that</w>
<w type="NN" lemma="XXXX">cannot</w>
<w type="VB" lemma="be">be</w>
<w type="VVN" lemma="achieve">achieved</w>
<w type="IN" lemma="by">by</w>
<w type="NN" lemma="faith">faith</w>
<w type="CC" lemma="and">and</w>
<w type="IN" lemma="by">by</w>
<w type="NN" lemma="love">love</w>
<w type="CC" lemma="and">and</w>
<w type="NN" lemma="service">service</w>
<w type="TO" lemma="to">to</w>
<w type="CD" lemma="one">one</w>
<w type="POS" lemma="'s">'s</w>
<w type="NN" lemma="neighbour">neighbour</w>
<pc type="SENT">.</pc>
</s>
<s><w type="NP" lemma="Christmas">Christmas</w>
<w type="MD" lemma="may">may</w>
<w type="VB" lemma="be">be</w>
<w type="DT" lemma="a">a</w>
<w type="JJ" lemma="Christian">Christian</w>
<w type="NN" lemma="festival">festival</w>
<pc type="sub">,</pc>
<w type="CC" lemma="but">but</w>
<w type="PPs" lemma="its">its</w>
<w type="NN" lemma="message">message</w>
<w type="VVZ" lemma="go">goes</w>
<w type="RP" lemma="out">out</w>
<w type="TO" lemma="to">to</w>
<w type="DT" lemma="all">all</w>
<w type="NNS" lemma="man">men</w>
<w type="CC" lemma="and">and</w>
<w type="PP" lemma="it">it</w>
<w type="VBZ" lemma="be">is</w>
<w type="VVN" lemma="echo">echoed</w>
<w type="IN" lemma="by">by</w>
<w type="DT" lemma="all">all</w>
<w type="NNS" lemma="man">men</w>
<w type="IN" lemma="of">of</w>
<w type="NN" lemma="understanding">understanding</w>
<w type="CC" lemma="and">and</w>
<w type="NN" lemma="goodwill">goodwill</w>
<w type="RB" lemma="everywhere">everywhere</w>
<pc type="SENT">.</pc>
</s></p><p><s><w type="IN" lemma="during">During</w>
<w type="DT" lemma="this">this</w>
<w type="JJ" lemma="last">last</w>
<w type="NN" lemma="year">year</w>
<w type="PP" lemma="I">I</w>
<w type="VHP" lemma="have">have</w>
<w type="VBN" lemma="be">been</w>
<w type="JJ" lemma="able">able</w>
<w type="TO" lemma="to">to</w>
<w type="VV" lemma="visit">visit</w>
<w type="JJ" lemma="many">many</w>
<w type="NNS" lemma="country">countries</w>
<pc type="sub">:</pc>
<w type="DT" lemma="some">some</w>
<w type="VBD" lemma="be">were</w>
<w type="NNS" lemma="member">members</w>
<w type="IN" lemma="of">of</w>
<w type="DT" lemma="the">the</w>
<w type="NP" lemma="Commonwealth">Commonwealth</w>
<w type="CC" lemma="and">and</w>
<w type="DT" lemma="some">some</w>
<w type="VBD" lemma="be">were</w>
<w type="RB" lemma="not">not</w>
<pc type="SENT">.</pc>
</s>
<s><w type="IN" lemma="in">In</w>
<w type="DT" lemma="all">all</w>
<w type="IN" lemma="of">of</w>
<w type="PP" lemma="them">them</w>
<w type="PP" lemma="I">I</w>
<w type="VBD" lemma="be">was</w>
<w type="VVN" lemma="show">shown</w>
<w type="DT" lemma="a">a</w>
<w type="JJ" lemma="genuine">genuine</w>
<w type="NN" lemma="kindness">kindness</w>
<w type="CC" lemma="and">and</w>
<w type="NN" lemma="affection">affection</w>
<w type="WDT" lemma="which">which</w>
<w type="VVD" lemma="touch">touched</w>
<w type="PP" lemma="me">me</w>
<w type="RB" lemma="deeply">deeply</w>
<w type="CC" lemma="and">and</w>
<w type="VVD" lemma="show">showed</w>
<pc type="sub">,</pc>
<w type="PP" lemma="I">I</w>
<w type="VVP" lemma="think">think</w>
<pc type="sub">,</pc>
<w type="IN" lemma="that">that</w>
<w type="DT" lemma="the">the</w>
<w type="JJ" lemma="British">British</w>
<w type="NNS" lemma="people">people</w>
<w type="VBP" lemma="are">are</w>
<w type="VVN" lemma="look">looked</w>
<w type="RP" lemma="upon">upon</w>
<w type="IN" lemma="as">as</w>
<w type="NNS" lemma="friend">friends</w>
<w type="IN" lemma="in">in</w>
<w type="JJ" lemma="many">many</w>
<w type="NNS" lemma="part">parts</w>
<w type="IN" lemma="of">of</w>
<w type="DT" lemma="the">the</w>
<w type="NN" lemma="world">world</w>
<pc type="SENT">.</pc>
</s></p><p><s><w type="IN" lemma="in">In</w>
<w type="NP" lemma="Asia">Asia</w>
<w type="CC" lemma="and">and</w>
<w type="IN" lemma="in">in</w>
<w type="NP" lemma="Africa">Africa</w>
<w type="PP" lemma="we">we</w>
<w type="VBD" lemma="be">were</w>
<w type="VVN" lemma="make">made</w>
<w type="JJ" lemma="aware">aware</w>
<w type="IN" lemma="of">of</w>
<w type="DT" lemma="the">the</w>
<w type="JJ" lemma="great">great</w>
<w type="NN" lemma="volume">volume</w>
<w type="IN" lemma="of">of</w>
<w type="JJ" lemma="good">good</w>
<w type="NN" lemma="will">will</w>
<w type="CC" lemma="and">and</w>
<w type="NN" lemma="friendship">friendship</w>
<w type="WDT" lemma="that">that</w>
<w type="VVZ" lemma="exist">exists</w>
<w type="IN" lemma="between">between</w>
<w type="PDT" lemma="all">all</w>
<w type="DT" lemma="the">the</w>
<w type="JJ" lemma="varied">varied</w>
<w type="NNS" lemma="people">peoples</w>
<w type="WP" lemma="who">who</w>
<w type="VV" lemma="profess">profess</w>
<w type="JJ" lemma="different">different</w>
<w type="NNS" lemma="faith">faiths</w>
<w type="CC" lemma="and">and</w>
<w type="WP" lemma="who">who</w>
<w type="VVP" lemma="make">make</w>
<w type="RP" lemma="up">up</w>
<w type="PPs" lemma="our">our</w>
<w type="NP" lemma="Commonwealth">Commonwealth</w>
<w type="NN" lemma="family">family</w>
<pc type="SENT">.</pc>
</s>
<s><w type="TO" lemma="To">To</w>
<w type="PP" lemma="them">them</w>
<pc type="sub">,</pc>
<w type="PPs" lemma="their">their</w>
<w type="JJ" lemma="Christian">Christian</w>
<w type="NNS" lemma="brethren">brethren</w>
<w type="VVP" lemma="send">send</w>
<w type="DT" lemma="a">a</w>
<w type="NN" lemma="message">message</w>
<w type="IN" lemma="of">of</w>
<w type="NN" lemma="hope">hope</w>
<w type="CC" lemma="and">and</w>
<w type="NN" lemma="encouragement">encouragement</w>
<w type="DT" lemma="this">this</w>
<w type="NP" lemma="Christmas">Christmas</w>
<pc type="SENT">.</pc>
</s></p><p><s><w type="PP" lemma="it">It</w>
<w type="VVZ" lemma="go">goes</w>
<w type="RB" lemma="also">also</w>
<w type="TO" lemma="to">to</w>
<w type="DT" lemma="the">the</w>
<w type="JJ" lemma="quiet">quiet</w>
<w type="NNS" lemma="people">people</w>
<w type="WP" lemma="who">who</w>
<w type="VVP" lemma="fight">fight</w>
<w type="NN" lemma="prejudice">prejudice</w>
<w type="IN" lemma="by">by</w>
<w type="NN" lemma="example">example</w>
<pc type="sub">,</pc>
<w type="WP" lemma="who">who</w>
<w type="VVP" lemma="stick">stick</w>
<w type="TO" lemma="to">to</w>
<w type="NNS" lemma="standard">standards</w>
<w type="CC" lemma="and">and</w>
<w type="NNS" lemma="ideal">ideals</w>
<w type="IN" lemma="in">in</w>
<w type="NN" lemma="face">face</w>
<w type="IN" lemma="of">of</w>
<w type="NN" lemma="persecution">persecution</w>
<pc type="sub">;</pc>
<w type="WP" lemma="who">who</w>
<w type="VVP" lemma="make">make</w>
<w type="JJ" lemma="real">real</w>
<w type="NNS" lemma="sacrifice">sacrifices</w>
<w type="IN" lemma="in">in</w>
<w type="NN" lemma="order">order</w>
<w type="TO" lemma="to">to</w>
<w type="VV" lemma="help">help</w>
<w type="CC" lemma="and">and</w>
<w type="VV" lemma="serve">serve</w>
<w type="PPs" lemma="their">their</w>
<w type="NNS" lemma="neighbour">neighbours</w>
<pc type="SENT">.</pc>
</s></p><p><s><pc type="oq">"</pc>
<w type="UH" lemma="oh">Oh</w>
<w type="VV" lemma="hush">hush</w>
<w type="DT" lemma="the">the</w>
<w type="NN" lemma="noise">noise</w>
<pc type="sub">,</pc>
<w type="NN" lemma="XXXX">ye</w>
<w type="NNS" lemma="man">men</w>
<w type="IN" lemma="of">of</w>
<w type="NN" lemma="strife">strife</w>
<pc type="sub">,</pc>
<w type="CC" lemma="and">and</w>
<w type="VV" lemma="hear">hear</w>
<w type="DT" lemma="the">the</w>
<w type="NNS" lemma="angel">angels</w>
<w type="VVP" lemma="sing">sing</w>
<pc type="SENT">.</pc>
<pc type="oq">"</pc>
<w type="DT" lemma="the">The</w>
<w type="NNS" lemma="word">words</w>
<w type="IN" lemma="of">of</w>
<w type="DT" lemma="this">this</w>
<w type="JJ" lemma="old">old</w>
<w type="NN" lemma="carol">carol</w>
<w type="VVP" lemma="mean">mean</w>
<w type="RB" lemma="even">even</w>
<w type="JJR" lemma="more">more</w>
<w type="NN" lemma="today">today</w>
<w type="IN" lemma="than">than</w>
<w type="WRB" lemma="when">when</w>
<w type="PP" lemma="they">they</w>
<w type="VBD" lemma="be">were</w>
<w type="RB" lemma="first">first</w>
<w type="VVN" lemma="write">written</w>
<pc type="SENT">.</pc>
</s></p><p><s><w type="PP" lemma="we">We</w>
<w type="MD" lemma="can">can</w>
<w type="RB" lemma="only">only</w>
<w type="VV" lemma="dispel">dispel</w>
<w type="DT" lemma="the">the</w>
<w type="NNS" lemma="cloud">clouds</w>
<w type="IN" lemma="of">of</w>
<w type="NN" lemma="anxiety">anxiety</w>
<w type="IN" lemma="by">by</w>
<w type="DT" lemma="the">the</w>
<w type="NN" lemma="patient">patient</w>
<w type="CC" lemma="and">and</w>
<w type="VVN" lemma="determine">determined</w>
<w type="NNS" lemma="effort">efforts</w>
<w type="IN" lemma="of">of</w>
<w type="PP" lemma="us">us</w>
<w type="RB" lemma="all">all</w>
<pc type="SENT">.</pc>
</s>
<s><w type="PP" lemma="it">It</w>
<w type="NN" lemma="XXXX">cannot</w>
<w type="VB" lemma="be">be</w>
<w type="VVN" lemma="do">done</w>
<w type="IN" lemma="by">by</w>
<w type="VVG" lemma="condemn">condemning</w>
<w type="DT" lemma="the">the</w>
<w type="NN" lemma="past">past</w>
<w type="CC" lemma="or">or</w>
<w type="IN" lemma="by">by</w>
<w type="VVG" lemma="contract">contracting</w>
<w type="RP" lemma="out">out</w>
<w type="IN" lemma="of">of</w>
<w type="DT" lemma="the">the</w>
<w type="NN" lemma="present">present</w>
<pc type="SENT">.</pc>
</s>
<s><w type="JJ" lemma="angry">Angry</w>
<w type="NNS" lemma="word">words</w>
<w type="CC" lemma="and">and</w>
<w type="NNS" lemma="accusation">accusations</w>
<w type="RB" lemma="certainly">certainly</w>
<w type="VVP" lemma="do">do</w>
<w type="RB" lemma="n't">n't</w>
<w type="VV" lemma="do">do</w>
<w type="DT" lemma="any">any</w>
<w type="JJ" lemma="good">good</w>
<pc type="sub">,</pc>
<w type="RB" lemma="however">however</w>
<w type="VVN" lemma="justify">justified</w>
<w type="PP" lemma="they">they</w>
<w type="MD" lemma="may">may</w>
<w type="VB" lemma="be">be</w>
<pc type="SENT">.</pc>
</s></p><p><s><w type="PP" lemma="it">It</w>
<w type="VBZ" lemma="be">is</w>
<w type="JJ" lemma="natural">natural</w>
<w type="IN" lemma="that">that</w>
<w type="DT" lemma="the">the</w>
<w type="JJR" lemma="young">younger</w>
<w type="NN" lemma="generation">generation</w>
<w type="MD" lemma="should">should</w>
<w type="VV" lemma="lose">lose</w>
<w type="NN" lemma="patience">patience</w>
<w type="IN" lemma="with">with</w>
<w type="PPs" lemma="their">their</w>
<w type="NNS" lemma="elder">elders</w>
<pc type="sub">,</pc>
<w type="IN" lemma="for">for</w>
<w type="PPs" lemma="their">their</w>
<w type="JJ" lemma="seeming">seeming</w>
<w type="NN" lemma="failure">failure</w>
<w type="TO" lemma="to">to</w>
<w type="VV" lemma="bring">bring</w>
<w type="DT" lemma="some">some</w>
<w type="NN" lemma="order">order</w>
<w type="CC" lemma="and">and</w>
<w type="NN" lemma="security">security</w>
<w type="TO" lemma="to">to</w>
<w type="DT" lemma="the">the</w>
<w type="NN" lemma="world">world</w>
<pc type="SENT">.</pc>
</s></p><p><s><w type="CC" lemma="but">But</w>
<w type="NNS" lemma="thing">things</w>
<w type="MD" lemma="will">will</w>
<w type="RB" lemma="not">not</w>
<w type="VV" lemma="get">get</w>
<w type="DT" lemma="any">any</w>
<w type="JJR" lemma="good">better</w>
<w type="IN" lemma="if">if</w>
<w type="JJ" lemma="young">young</w>
<w type="NNS" lemma="people">people</w>
<w type="RB" lemma="merely">merely</w>
<w type="VVP" lemma="express">express</w>
<w type="PP" lemma="themselves">themselves</w>
<w type="IN" lemma="by">by</w>
<w type="NN" lemma="indifference">indifference</w>
<w type="CC" lemma="or">or</w>
<w type="IN" lemma="by">by</w>
<w type="NN" lemma="revulsion">revulsion</w>
<w type="IN" lemma="against">against</w>
<w type="WP" lemma="what">what</w>
<w type="PP" lemma="they">they</w>
<w type="VVP" lemma="regard">regard</w>
<w type="IN" lemma="as">as</w>
<w type="DT" lemma="an">an</w>
<w type="JJ" lemma="out-of-date">out-of-date</w>
<w type="NN" lemma="order">order</w>
<w type="IN" lemma="of">of</w>
<w type="NNS" lemma="thing">things</w>
<pc type="SENT">.</pc>
</s></p><p><s><w type="DT" lemma="the">The</w>
<w type="NN" lemma="world">world</w>
<w type="RB" lemma="desperately">desperately</w>
<w type="VVZ" lemma="need">needs</w>
<w type="PPs" lemma="their">their</w>
<w type="NN" lemma="vigour">vigour</w>
<pc type="sub">,</pc>
<w type="PPs" lemma="their">their</w>
<w type="NN" lemma="determination">determination</w>
<w type="CC" lemma="and">and</w>
<w type="PPs" lemma="their">their</w>
<w type="NN" lemma="service">service</w>
<w type="TO" lemma="to">to</w>
<w type="PPs" lemma="their">their</w>
<w type="JJ" lemma="fellow">fellow</w>
<w type="NNS" lemma="man">men</w>
<pc type="SENT">.</pc>
</s>
<s><w type="DT" lemma="the">The</w>
<w type="NNS" lemma="opportunity">opportunities</w>
<w type="VBP" lemma="are">are</w>
<w type="RB" lemma="there">there</w>
<w type="CC" lemma="and">and</w>
<w type="DT" lemma="the">the</w>
<w type="NN" lemma="reward">reward</w>
<w type="VBZ" lemma="be">is</w>
<w type="DT" lemma="the">the</w>
<w type="NN" lemma="satisfaction">satisfaction</w>
<w type="IN" lemma="of">of</w>
<w type="RB" lemma="truly">truly</w>
<w type="JJ" lemma="unselfish">unselfish</w>
<w type="NN" lemma="work">work</w>
<pc type="SENT">.</pc>
</s></p><p><s><w type="TO" lemma="To">To</w>
<w type="DT" lemma="both">both</w>
<w type="JJ" lemma="young">young</w>
<w type="CC" lemma="and">and</w>
<w type="JJ" lemma="old">old</w>
<w type="PP" lemma="I">I</w>
<w type="VVP" lemma="send">send</w>
<w type="PPs" lemma="my">my</w>
<w type="RB" lemma="very">very</w>
<w type="JJS" lemma="good">best</w>
<w type="NNS" lemma="wish">wishes</w>
<w type="CC" lemma="and">and</w>
<pc type="sub">,</pc>
<w type="IN" lemma="as">as</w>
<w type="DT" lemma="the">the</w>
<w type="NN" lemma="carol">carol</w>
<w type="VVZ" lemma="say">says</w>
<pc type="sub">,</pc>
<w type="MD" lemma="may">may</w>
<w type="PP" lemma="we">we</w>
<w type="RB" lemma="all">all</w>
<w type="VVP" lemma="hear">hear</w>
<w type="DT" lemma="the">the</w>
<w type="NNS" lemma="angel">angels</w>
<w type="VVP" lemma="sing">sing</w>
<w type="IN" lemma="in">in</w>
<w type="DT" lemma="the">the</w>
<w type="JJ" lemma="coming">coming</w>
<w type="NN" lemma="year">year</w>
<pc type="SENT">.</pc>
</s></p><p><s><w type="DT" lemma="a">A</w>
<w type="RB" lemma="very">very</w>
<w type="JJ" lemma="happy">happy</w>
<w type="NP" lemma="Christmas">Christmas</w>
<w type="TO" lemma="to">to</w>
<w type="PP" lemma="you">you</w>
<w type="DT" lemma="all">all</w>
<pc type="SENT">.</pc>
</s></p></div>