<div xmlns='http://www.tei-c.org/ns/1.0' n="1967"><head><s><w type="NP" lemma="Christmas">Christmas</w>
<w type="NP" lemma="Broadcast">Broadcast</w>
<w type="CD" lemma="@card@">1967</w>
</s></head><p><s><w type="DT" lemma="every">Every</w>
<w type="RB" lemma="once">once</w>
<w type="IN" lemma="in">in</w>
<w type="DT" lemma="a">a</w>
<w type="IN" lemma="while">while</w>
<w type="DT" lemma="an">an</w>
<w type="NN" lemma="event">event</w>
<w type="VVZ" lemma="occur">occurs</w>
<w type="WDT" lemma="which">which</w>
<w type="VVZ" lemma="seem">seems</w>
<w type="TO" lemma="to">to</w>
<w type="VV" lemma="mark">mark</w>
<w type="DT" lemma="a">a</w>
<w type="NN" lemma="milestone">milestone</w>
<w type="IN" lemma="in">in</w>
<w type="NN" lemma="history">history</w>
<pc type="SENT">.</pc>
</s></p><p><s><w type="IN" lemma="for">For</w>
<w type="DT" lemma="the">the</w>
<w type="NP" lemma="Commonwealth">Commonwealth</w>
<pc type="sub">,</pc>
<w type="PDT" lemma="such">such</w>
<w type="DT" lemma="an">an</w>
<w type="NN" lemma="event">event</w>
<w type="VBD" lemma="be">was</w>
<w type="NP" lemma="Canada">Canada</w>
<w type="POS" lemma="'s">'s</w>
<w type="JJ" lemma="centenary">centenary</w>
<w type="DT" lemma="this">this</w>
<w type="NN" lemma="year">year</w>
<pc type="SENT">.</pc>
</s>
<s><w type="DT" lemma="a">A</w>
<w type="CD" lemma="hundred">hundred</w>
<w type="NNS" lemma="year">years</w>
<w type="IN" lemma="ago">ago</w>
<w type="DT" lemma="the">the</w>
<w type="NN" lemma="confederation">confederation</w>
<w type="IN" lemma="of">of</w>
<w type="DT" lemma="the">the</w>
<w type="NNS" lemma="province">provinces</w>
<w type="IN" lemma="of">of</w>
<w type="NP" lemma="Canada">Canada</w>
<w type="VVD" lemma="lay">laid</w>
<w type="DT" lemma="the">the</w>
<w type="NNS" lemma="foundation">foundations</w>
<w type="IN" lemma="for">for</w>
<w type="DT" lemma="the">the</w>
<w type="NN" lemma="country">country</w>
<w type="POS" lemma="'s">'s</w>
<w type="JJ" lemma="subsequent">subsequent</w>
<w type="NN" lemma="development">development</w>
<pc type="SENT">.</pc>
</s></p><p><s><w type="RB" lemma="once">Once</w>
<w type="DT" lemma="a">a</w>
<w type="NN" lemma="land">land</w>
<w type="IN" lemma="of">of</w>
<w type="NNS" lemma="pioneer">pioneers</w>
<w type="RB" lemma="largely">largely</w>
<w type="JJ" lemma="dependent">dependent</w>
<w type="IN" lemma="on">on</w>
<w type="NN" lemma="agriculture">agriculture</w>
<w type="CC" lemma="and">and</w>
<w type="JJ" lemma="raw">raw</w>
<w type="NNS" lemma="material">materials</w>
<pc type="sub">,</pc>
<w type="NP" lemma="Canada">Canada</w>
<w type="VHZ" lemma="have">has</w>
<w type="VVN" lemma="become">become</w>
<w type="RB" lemma="also">also</w>
<w type="CD" lemma="one">one</w>
<w type="IN" lemma="of">of</w>
<w type="DT" lemma="the">the</w>
<w type="JJ" lemma="leading">leading</w>
<w type="JJ" lemma="industrial">industrial</w>
<w type="NNS" lemma="nation">nations</w>
<w type="IN" lemma="of">of</w>
<w type="DT" lemma="the">the</w>
<w type="NN" lemma="world">world</w>
<pc type="SENT">.</pc>
</s></p><p><s><w type="NP" lemma="Prince">Prince</w>
<w type="NP" lemma="Philip">Philip</w>
<w type="CC" lemma="and">and</w>
<w type="PP" lemma="I">I</w>
<w type="VVD" lemma="go">went</w>
<w type="TO" lemma="to">to</w>
<w type="NP" lemma="Ottawa">Ottawa</w>
<w type="IN" lemma="for">for</w>
<w type="DT" lemma="the">the</w>
<w type="NP" lemma="Centenary">Centenary</w>
<w type="NNS" lemma="celebration">celebrations</w>
<w type="CC" lemma="and">and</w>
<w type="PP" lemma="it">it</w>
<w type="VBD" lemma="be">was</w>
<w type="DT" lemma="a">a</w>
<w type="RBS" lemma="most">most</w>
<w type="JJ" lemma="moving">moving</w>
<w type="NN" lemma="occasion">occasion</w>
<pc type="SENT">.</pc>
</s>
<s><w type="NP" lemma="Canada">Canada</w>
<w type="VHZ" lemma="have">has</w>
<w type="DT" lemma="every">every</w>
<w type="NN" lemma="reason">reason</w>
<w type="TO" lemma="to">to</w>
<w type="VV" lemma="feel">feel</w>
<w type="JJ" lemma="proud">proud</w>
<w type="IN" lemma="of">of</w>
<w type="PPs" lemma="her">her</w>
<w type="NNS" lemma="achievement">achievements</w>
<w type="IN" lemma="in">in</w>
<w type="DT" lemma="the">the</w>
<w type="JJ" lemma="last">last</w>
<w type="CD" lemma="hundred">hundred</w>
<w type="NNS" lemma="year">years</w>
<pc type="SENT">.</pc>
</s></p><p><s><w type="NP" lemma="Confederation">Confederation</w>
<w type="IN" lemma="as">as</w>
<w type="DT" lemma="a">a</w>
<w type="JJ" lemma="formal">formal</w>
<w type="NN" lemma="act">act</w>
<w type="MD" lemma="could">could</w>
<w type="VH" lemma="have">have</w>
<w type="VVN" lemma="achieve">achieved</w>
<w type="RB" lemma="little">little</w>
<w type="IN" lemma="by">by</w>
<w type="PP" lemma="itself">itself</w>
<pc type="SENT">.</pc>
</s>
<s><w type="RB" lemma="only">Only</w>
<w type="DT" lemma="the">the</w>
<w type="VVN" lemma="determine">determined</w>
<w type="NN" lemma="will">will</w>
<w type="IN" lemma="of">of</w>
<w type="DT" lemma="a">a</w>
<w type="JJ" lemma="great">great</w>
<w type="NN" lemma="variety">variety</w>
<w type="IN" lemma="of">of</w>
<w type="NNS" lemma="individual">individuals</w>
<w type="CC" lemma="and">and</w>
<w type="NNS" lemma="group">groups</w>
<w type="TO" lemma="to">to</w>
<w type="VV" lemma="co-operate">co-operate</w>
<w type="IN" lemma="for">for</w>
<w type="DT" lemma="the">the</w>
<w type="JJR" lemma="great">greater</w>
<w type="JJ" lemma="national">national</w>
<w type="NN" lemma="interest">interest</w>
<w type="MD" lemma="could">could</w>
<w type="VH" lemma="have">have</w>
<w type="VVD" lemma="breathe">breathed</w>
<w type="NN" lemma="life">life</w>
<w type="IN" lemma="into">into</w>
<w type="DT" lemma="the">the</w>
<w type="NN" lemma="creation">creation</w>
<w type="IN" lemma="of">of</w>
<w type="DT" lemma="the">the</w>
<w type="NP" lemma="XXXX">Fathers</w>
<w type="IN" lemma="of">of</w>
<w type="NP" lemma="Confederation">Confederation</w>
<pc type="SENT">.</pc>
</s></p><p><s><w type="DT" lemma="the">The</w>
<w type="NN" lemma="future">future</w>
<w type="IN" lemma="of">of</w>
<w type="NP" lemma="Canada">Canada</w>
<w type="IN" lemma="as">as</w>
<w type="DT" lemma="a">a</w>
<w type="JJ" lemma="great">great</w>
<w type="CC" lemma="and">and</w>
<w type="JJ" lemma="prosperous">prosperous</w>
<w type="NN" lemma="country">country</w>
<w type="VVZ" lemma="depend">depends</w>
<w type="RB" lemma="just">just</w>
<w type="RB" lemma="as">as</w>
<w type="JJ" lemma="much">much</w>
<w type="IN" lemma="on">on</w>
<w type="DT" lemma="the">the</w>
<w type="NN" lemma="will">will</w>
<w type="IN" lemma="of">of</w>
<w type="DT" lemma="the">the</w>
<w type="JJ" lemma="present">present</w>
<w type="NN" lemma="generation">generation</w>
<w type="TO" lemma="to">to</w>
<w type="VV" lemma="work">work</w>
<w type="RB" lemma="together">together</w>
<pc type="SENT">.</pc>
</s>
<s><w type="PP" lemma="it">It</w>
<w type="VBZ" lemma="be">is</w>
<w type="IN" lemma="for">for</w>
<w type="PP" lemma="them">them</w>
<w type="TO" lemma="to">to</w>
<w type="VV" lemma="continue">continue</w>
<w type="CC" lemma="and">and</w>
<w type="VV" lemma="expand">expand</w>
<w type="DT" lemma="the">the</w>
<w type="NN" lemma="process">process</w>
<w type="IN" lemma="of">of</w>
<w type="NN" lemma="development">development</w>
<w type="WDT" lemma="which">which</w>
<w type="VVD" lemma="begin">began</w>
<w type="IN" lemma="with">with</w>
<w type="JJ" lemma="such">such</w>
<w type="JJ" lemma="high">high</w>
<w type="NNS" lemma="hope">hopes</w>
<w type="CD" lemma="one">one</w>
<w type="CD" lemma="hundred">hundred</w>
<w type="NNS" lemma="year">years</w>
<w type="RB" lemma="ago">ago</w>
<pc type="SENT">.</pc>
</s></p><p><s><w type="NN" lemma="nothing">Nothing</w>
<w type="VHZ" lemma="have">has</w>
<w type="VVN" lemma="demonstrate">demonstrated</w>
<w type="DT" lemma="this">this</w>
<w type="RBR" lemma="more">more</w>
<w type="RB" lemma="forcefully">forcefully</w>
<w type="IN" lemma="than">than</w>
<w type="NN" lemma="expo">Expo</w>
<w type="JJ" lemma="XXXX">'67</w>
<pc type="sub">,</pc>
<w type="DT" lemma="the">the</w>
<w type="JJ" lemma="remarkable">remarkable</w>
<w type="JJ" lemma="international">international</w>
<w type="NN" lemma="exhibition">exhibition</w>
<w type="VVD" lemma="stage">staged</w>
<w type="IN" lemma="with">with</w>
<w type="JJ" lemma="such">such</w>
<w type="JJ" lemma="dramatic">dramatic</w>
<w type="NN" lemma="effect">effect</w>
<w type="IN" lemma="on">on</w>
<w type="DT" lemma="a">a</w>
<w type="NN" lemma="series">series</w>
<w type="IN" lemma="of">of</w>
<w type="JJ" lemma="man-made">man-made</w>
<w type="NNS" lemma="island">islands</w>
<w type="IN" lemma="in">in</w>
<w type="DT" lemma="the">the</w>
<w type="NP" lemma="St.">St.</w>
<w type="NP" lemma="Lawrence">Lawrence</w>
<w type="NP" lemma="River">River</w>
<pc type="SENT">.</pc>
</s></p><p><s><w type="DT" lemma="the">The</w>
<w type="NN" lemma="theme">theme</w>
<w type="IN" lemma="of">of</w>
<w type="NP" lemma="Expo">Expo</w>
<w type="VBD" lemma="be">was</w>
<w type="NN" lemma="XXXX">'Man</w>
<w type="IN" lemma="in">in</w>
<w type="PPs" lemma="his">his</w>
<w type="NP" lemma="World">World</w>
<w type="POS" lemma="'">'</w>
<pc type="sub">,</pc>
<w type="CC" lemma="and">and</w>
<w type="DT" lemma="the">the</w>
<w type="JJ" lemma="lasting">lasting</w>
<w type="NN" lemma="impression">impression</w>
<w type="WDT" lemma="which">which</w>
<w type="PP" lemma="I">I</w>
<w type="VVD" lemma="take">took</w>
<w type="RB" lemma="away">away</w>
<w type="IN" lemma="with">with</w>
<w type="PP" lemma="me">me</w>
<w type="IN" lemma="from">from</w>
<w type="NP" lemma="Canada">Canada</w>
<w type="POS" lemma="'s">'s</w>
<w type="NP" lemma="Centennial">Centennial</w>
<w type="CC" lemma="and">and</w>
<w type="NP" lemma="Expo">Expo</w>
<w type="JJ" lemma="XXXX">'67</w>
<w type="VBZ" lemma="be">is</w>
<w type="DT" lemma="the">the</w>
<w type="NN" lemma="degree">degree</w>
<w type="IN" lemma="of">of</w>
<w type="NN" lemma="unity">unity</w>
<w type="IN" lemma="in">in</w>
<w type="NN" lemma="outlook">outlook</w>
<w type="IN" lemma="among">among</w>
<w type="DT" lemma="the">the</w>
<w type="JJ" lemma="diverse">diverse</w>
<w type="NNS" lemma="nation">nations</w>
<pc type="sub">,</pc>
<w type="NNS" lemma="creed">creeds</w>
<w type="CC" lemma="and">and</w>
<w type="NNS" lemma="race">races</w>
<w type="IN" lemma="of">of</w>
<w type="DT" lemma="the">the</w>
<w type="NN" lemma="world">world</w>
<pc type="SENT">.</pc>
</s>
<s><w type="DT" lemma="the">The</w>
<w type="NP" lemma="Commonwealth">Commonwealth</w>
<w type="VBZ" lemma="be">is</w>
<w type="DT" lemma="a">a</w>
<w type="NN" lemma="system">system</w>
<w type="WDT" lemma="which">which</w>
<w type="VBZ" lemma="be">is</w>
<w type="IN" lemma="in">in</w>
<w type="DT" lemma="a">a</w>
<w type="JJ" lemma="constant">constant</w>
<w type="NN" lemma="process">process</w>
<w type="IN" lemma="of">of</w>
<w type="NN" lemma="change">change</w>
<w type="CC" lemma="and">and</w>
<w type="NN" lemma="development">development</w>
<pc type="SENT">.</pc>
</s>
<s><w type="DT" lemma="this">This</w>
<w type="VBD" lemma="be">was</w>
<w type="VVN" lemma="bring">brought</w>
<w type="NN" lemma="home">home</w>
<w type="TO" lemma="to">to</w>
<w type="PP" lemma="me">me</w>
<w type="RB" lemma="vividly">vividly</w>
<w type="WRB" lemma="when">when</w>
<w type="PP" lemma="I">I</w>
<w type="VVN" lemma="revisit">revisited</w>
<w type="NP" lemma="Malta">Malta</w>
<w type="RB" lemma="only">only</w>
<w type="DT" lemma="a">a</w>
<w type="NN" lemma="month">month</w>
<w type="RB" lemma="ago">ago</w>
<pc type="SENT">.</pc>
</s></p><p><s><w type="WRB" lemma="when">When</w>
<w type="PP" lemma="I">I</w>
<w type="RB" lemma="first">first</w>
<w type="VVD" lemma="go">went</w>
<w type="TO" lemma="to">to</w>
<w type="DT" lemma="the">the</w>
<w type="NNS" lemma="island">islands</w>
<pc type="sub">,</pc>
<w type="PP" lemma="they">they</w>
<w type="VBD" lemma="be">were</w>
<w type="DT" lemma="a">a</w>
<w type="NN" lemma="colony">colony</w>
<w type="CC" lemma="and">and</w>
<w type="PPs" lemma="my">my</w>
<w type="NN" lemma="husband">husband</w>
<w type="VBD" lemma="be">was</w>
<w type="VVG" lemma="serve">serving</w>
<w type="IN" lemma="with">with</w>
<w type="DT" lemma="the">the</w>
<w type="NP" lemma="Mediterranean">Mediterranean</w>
<w type="NP" lemma="Fleet">Fleet</w>
<pc type="SENT">.</pc>
</s>
<s><w type="NP" lemma="Today">Today</w>
<w type="NP" lemma="Malta">Malta</w>
<w type="VBZ" lemma="be">is</w>
<w type="JJ" lemma="independent">independent</w>
<pc type="sub">,</pc>
<w type="IN" lemma="with">with</w>
<w type="DT" lemma="the">the</w>
<w type="NP" lemma="Crown">Crown</w>
<w type="VVG" lemma="occupy">occupying</w>
<w type="DT" lemma="the">the</w>
<w type="JJ" lemma="same">same</w>
<w type="NN" lemma="position">position</w>
<w type="IN" lemma="as">as</w>
<w type="PP" lemma="it">it</w>
<w type="VVZ" lemma="do">does</w>
<w type="IN" lemma="in">in</w>
<w type="DT" lemma="the">the</w>
<w type="JJ" lemma="other">other</w>
<w type="VVG" lemma="self-govern">self-governing</w>
<w type="NNS" lemma="country">countries</w>
<w type="IN" lemma="of">of</w>
<w type="WDT" lemma="which">which</w>
<w type="PP" lemma="I">I</w>
<w type="VBP" lemma="am">am</w>
<w type="NP" lemma="Queen">Queen</w>
<pc type="SENT">.</pc>
</s></p><p><s><w type="DT" lemma="this">This</w>
<w type="VBZ" lemma="be">is</w>
<w type="DT" lemma="the">the</w>
<w type="NN" lemma="opening">opening</w>
<w type="IN" lemma="of">of</w>
<w type="DT" lemma="a">a</w>
<w type="JJ" lemma="new">new</w>
<w type="CC" lemma="and">and</w>
<w type="JJ" lemma="challenging">challenging</w>
<w type="NN" lemma="chapter">chapter</w>
<w type="IN" lemma="for">for</w>
<w type="DT" lemma="the">the</w>
<w type="NNS" lemma="people">people</w>
<w type="IN" lemma="of">of</w>
<w type="NP" lemma="Malta">Malta</w>
<w type="CC" lemma="and">and</w>
<w type="PP" lemma="they">they</w>
<w type="VBP" lemma="are">are</w>
<w type="VVG" lemma="enter">entering</w>
<w type="PP" lemma="it">it</w>
<w type="IN" lemma="with">with</w>
<w type="NN" lemma="determination">determination</w>
<w type="CC" lemma="and">and</w>
<w type="NN" lemma="enthusiasm">enthusiasm</w>
<pc type="SENT">.</pc>
</s></p><p><s><w type="JJ" lemma="great">Great</w>
<w type="JJ" lemma="national">national</w>
<w type="NNS" lemma="event">events</w>
<w type="MD" lemma="can">can</w>
<w type="VV" lemma="stir">stir</w>
<w type="DT" lemma="the">the</w>
<w type="NN" lemma="imagination">imagination</w>
<pc type="sub">,</pc>
<w type="CC" lemma="but">but</w>
<w type="RB" lemma="so">so</w>
<w type="MD" lemma="can">can</w>
<w type="JJ" lemma="individual">individual</w>
<w type="NNS" lemma="action">actions</w>
<pc type="SENT">.</pc>
</s>
<s><w type="JJ" lemma="few">Few</w>
<w type="NNS" lemma="people">people</w>
<w type="MD" lemma="can">can</w>
<w type="VH" lemma="have">have</w>
<w type="VVN" lemma="attract">attracted</w>
<w type="RB" lemma="so">so</w>
<w type="RB" lemma="much">much</w>
<w type="JJ" lemma="universal">universal</w>
<w type="NN" lemma="attention">attention</w>
<w type="IN" lemma="as">as</w>
<w type="NP" lemma="Sir">Sir</w>
<w type="NP" lemma="Francis">Francis</w>
<w type="NP" lemma="Chichester">Chichester</w>
<w type="IN" lemma="during">during</w>
<w type="PPs" lemma="his">his</w>
<w type="NN" lemma="epic">epic</w>
<w type="NN" lemma="journey">journey</w>
<w type="IN" lemma="in">in</w>
<w type="NP" lemma="Gypsy">Gypsy</w>
<w type="NP" lemma="XXXX">Moth</w>
<pc type="SENT">.</pc>
</s></p><p><s><w type="PP" lemma="I">I</w>
<w type="VBP" lemma="am">am</w>
<w type="JJ" lemma="sure">sure</w>
<w type="IN" lemma="that">that</w>
<w type="DT" lemma="the">the</w>
<w type="NN" lemma="reason">reason</w>
<w type="PPs" lemma="his">his</w>
<w type="JJ" lemma="great">great</w>
<w type="NN" lemma="feat">feat</w>
<w type="IN" lemma="of">of</w>
<w type="NN" lemma="seamanship">seamanship</w>
<w type="RB" lemma="so">so</w>
<w type="VVD" lemma="warm">warmed</w>
<w type="PPs" lemma="our">our</w>
<w type="NNS" lemma="heart">hearts</w>
<w type="VBD" lemma="be">was</w>
<w type="IN" lemma="that">that</w>
<w type="PP" lemma="we">we</w>
<w type="VVD" lemma="recognise">recognised</w>
<w type="IN" lemma="in">in</w>
<w type="PPs" lemma="his">his</w>
<w type="NN" lemma="enterprise">enterprise</w>
<w type="CC" lemma="and">and</w>
<w type="NN" lemma="courage">courage</w>
<w type="DT" lemma="the">the</w>
<w type="JJ" lemma="very">very</w>
<w type="NNS" lemma="quality">qualities</w>
<w type="WDT" lemma="which">which</w>
<w type="VHP" lemma="have">have</w>
<w type="VVN" lemma="play">played</w>
<w type="PDT" lemma="such">such</w>
<w type="DT" lemma="a">a</w>
<w type="JJ" lemma="large">large</w>
<w type="NN" lemma="part">part</w>
<w type="IN" lemma="in">in</w>
<w type="JJ" lemma="British">British</w>
<w type="NN" lemma="history">history</w>
<w type="CC" lemma="and">and</w>
<w type="WDT" lemma="which">which</w>
<w type="PP" lemma="we">we</w>
<w type="IN" lemma="in">in</w>
<w type="DT" lemma="these">these</w>
<w type="NNS" lemma="island">islands</w>
<w type="VVP" lemma="need">need</w>
<w type="RB" lemma="just">just</w>
<w type="IN" lemma="as">as</w>
<w type="JJ" lemma="much">much</w>
<w type="NN" lemma="today">today</w>
<w type="CC" lemma="and">and</w>
<w type="IN" lemma="for">for</w>
<w type="DT" lemma="the">the</w>
<w type="NN" lemma="future">future</w>
<pc type="SENT">.</pc>
</s></p><p><s><w type="VV" lemma="let">Let</w>
<w type="RB" lemma="there">there</w>
<w type="VB" lemma="be">be</w>
<w type="DT" lemma="no">no</w>
<w type="NN" lemma="doubt">doubt</w>
<w type="IN" lemma="that">that</w>
<w type="NP" lemma="Britain">Britain</w>
<w type="VBZ" lemma="be">is</w>
<w type="VVN" lemma="face">faced</w>
<w type="IN" lemma="with">with</w>
<w type="JJ" lemma="formidable">formidable</w>
<w type="NNS" lemma="problem">problems</w>
<pc type="sub">,</pc>
<w type="CC" lemma="but">but</w>
<w type="VV" lemma="let">let</w>
<w type="RB" lemma="there">there</w>
<w type="RB" lemma="also">also</w>
<w type="VB" lemma="be">be</w>
<w type="DT" lemma="no">no</w>
<w type="NN" lemma="doubt">doubt</w>
<w type="PP" lemma="she">she</w>
<w type="MD" lemma="will">will</w>
<w type="VV" lemma="overcome">overcome</w>
<w type="PP" lemma="them">them</w>
<pc type="SENT">.</pc>
</s>
<s><w type="VVN" lemma="determine">Determined</w>
<w type="CC" lemma="and">and</w>
<w type="JJ" lemma="XXXX">well-directed</w>
<w type="NN" lemma="effort">effort</w>
<w type="IN" lemma="by">by</w>
<w type="DT" lemma="a">a</w>
<w type="NNS" lemma="people">people</w>
<w type="WP" lemma="who">who</w>
<w type="IN" lemma="for">for</w>
<w type="NNS" lemma="century">centuries</w>
<w type="VHP" lemma="have">have</w>
<w type="VVN" lemma="give">given</w>
<w type="JJ" lemma="ample">ample</w>
<w type="NN" lemma="evidence">evidence</w>
<w type="IN" lemma="of">of</w>
<w type="PPs" lemma="their">their</w>
<w type="NNS" lemma="resource">resources</w>
<w type="IN" lemma="of">of</w>
<w type="NN" lemma="character">character</w>
<w type="CC" lemma="and">and</w>
<w type="JJ" lemma="XXXX">iniative</w>
<pc type="sub">,</pc>
<w type="MD" lemma="must">must</w>
<w type="VV" lemma="bring">bring</w>
<w type="PPs" lemma="its">its</w>
<w type="NN" lemma="reward">reward</w>
<pc type="SENT">.</pc>
</s></p><p><s><w type="PP" lemma="I">I</w>
<w type="VBP" lemma="am">am</w>
<w type="JJ" lemma="glad">glad</w>
<w type="TO" lemma="to">to</w>
<w type="VV" lemma="say">say</w>
<w type="IN" lemma="that">that</w>
<w type="NNS" lemma="contact">contacts</w>
<w type="IN" lemma="at">at</w>
<w type="DT" lemma="all">all</w>
<w type="NNS" lemma="level">levels</w>
<w type="IN" lemma="between">between</w>
<w type="NP" lemma="Commonwealth">Commonwealth</w>
<w type="NNS" lemma="country">countries</w>
<w type="VVP" lemma="continue">continue</w>
<w type="TO" lemma="to">to</w>
<w type="VV" lemma="grow">grow</w>
<pc type="sub">,</pc>
<w type="CC" lemma="and">and</w>
<w type="PP" lemma="I">I</w>
<w type="VHP" lemma="have">have</w>
<w type="VBN" lemma="be">been</w>
<w type="VVN" lemma="delight">delighted</w>
<w type="TO" lemma="to">to</w>
<w type="VV" lemma="welcome">welcome</w>
<w type="NP" lemma="Commonwealth">Commonwealth</w>
<w type="JJ" lemma="prime">prime</w>
<w type="NNS" lemma="minister">ministers</w>
<w type="CC" lemma="and">and</w>
<w type="NNS" lemma="leader">leaders</w>
<w type="IN" lemma="in">in</w>
<w type="JJ" lemma="various">various</w>
<w type="NNS" lemma="walk">walks</w>
<w type="IN" lemma="of">of</w>
<w type="NN" lemma="life">life</w>
<pc type="SENT">.</pc>
</s></p><p><s><w type="IN" lemma="among">Among</w>
<w type="DT" lemma="the">the</w>
<w type="NNS" lemma="people">people</w>
<w type="WP" lemma="who">who</w>
<w type="VVP" lemma="attract">attract</w>
<w type="DT" lemma="the">the</w>
<w type="JJS" lemma="great">greatest</w>
<w type="NN" lemma="attention">attention</w>
<w type="VBP" lemma="are">are</w>
<w type="VVG" lemma="visit">visiting</w>
<w type="NNS" lemma="sportsman">sportsmen</w>
<w type="CC" lemma="and">and</w>
<w type="NNS" lemma="athlete">athletes</w>
<pc type="SENT">.</pc>
</s>
<s><w type="NN" lemma="cricket">Cricket</w>
<w type="NNS" lemma="team">teams</w>
<w type="IN" lemma="from">from</w>
<w type="NP" lemma="India">India</w>
<w type="CC" lemma="and">and</w>
<w type="NP" lemma="Pakistan">Pakistan</w>
<w type="VVD" lemma="brave">braved</w>
<w type="DT" lemma="the">the</w>
<w type="NNS" lemma="vagary">vagaries</w>
<w type="IN" lemma="of">of</w>
<w type="DT" lemma="the">the</w>
<w type="JJ" lemma="English">English</w>
<w type="NN" lemma="summer">summer</w>
<pc type="sub">,</pc>
<w type="CC" lemma="and">and</w>
<w type="DT" lemma="the">the</w>
<w type="JJ" lemma="redoubtable">redoubtable</w>
<w type="NP" lemma="XXXX">All-Blacks</w>
<w type="IN" lemma="from">from</w>
<w type="NP" lemma="New">New</w>
<w type="NP" lemma="Zealand">Zealand</w>
<w type="VHP" lemma="have">have</w>
<w type="VVN" lemma="make">made</w>
<w type="DT" lemma="a">a</w>
<w type="JJ" lemma="solid">solid</w>
<w type="NN" lemma="impact">impact</w>
<w type="IN" lemma="on">on</w>
<w type="JJ" lemma="British">British</w>
<w type="NN" lemma="rugby">rugby</w>
<w type="NNS" lemma="footballer">footballers</w>
<pc type="SENT">.</pc>
</s></p><p><s><w type="NP" lemma="Kenya">Kenya</w>
<w type="VVD" lemma="send">sent</w>
<w type="PP" lemma="us">us</w>
<w type="PP" lemma="her">her</w>
<w type="JJ" lemma="great">great</w>
<w type="NN" lemma="runner">runner</w>
<w type="NP" lemma="XXXX">Keino</w>
<pc type="SENT">.</pc>
</s>
<s><w type="PP" lemma="I">I</w>
<w type="VVP" lemma="hope">hope</w>
<w type="JJ" lemma="many">many</w>
<w type="JJR" lemma="more">more</w>
<w type="NNS" lemma="sportsman">sportsmen</w>
<w type="IN" lemma="from">from</w>
<w type="NP" lemma="Africa">Africa</w>
<w type="MD" lemma="will">will</w>
<w type="VV" lemma="take">take</w>
<w type="NN" lemma="part">part</w>
<w type="IN" lemma="in">in</w>
<w type="NNS" lemma="competition">competitions</w>
<w type="CC" lemma="and">and</w>
<w type="MD" lemma="will">will</w>
<w type="VV" lemma="establish">establish</w>
<w type="JJ" lemma="new">new</w>
<w type="NNS" lemma="contact">contacts</w>
<w type="IN" lemma="between">between</w>
<w type="NP" lemma="Africa">Africa</w>
<w type="CC" lemma="and">and</w>
<w type="DT" lemma="the">the</w>
<w type="NN" lemma="rest">rest</w>
<w type="IN" lemma="of">of</w>
<w type="DT" lemma="the">the</w>
<w type="NN" lemma="world">world</w>
<pc type="SENT">.</pc>
</s></p><p><s><w type="PP" lemma="I">I</w>
<w type="VHP" lemma="have">have</w>
<w type="PP" lemma="myself">myself</w>
<w type="VVN" lemma="make">made</w>
<w type="JJ" lemma="many">many</w>
<w type="NNS" lemma="visit">visits</w>
<w type="TO" lemma="to">to</w>
<w type="JJ" lemma="other">other</w>
<w type="NP" lemma="Commonwealth">Commonwealth</w>
<w type="CC" lemma="and">and</w>
<w type="JJ" lemma="overseas">overseas</w>
<w type="NNS" lemma="country">countries</w>
<w type="CC" lemma="and">and</w>
<w type="DT" lemma="every">every</w>
<w type="NN" lemma="one">one</w>
<w type="VBD" lemma="be">was</w>
<w type="DT" lemma="a">a</w>
<w type="NN" lemma="journey">journey</w>
<w type="IN" lemma="of">of</w>
<w type="NN" lemma="discovery">discovery</w>
<pc type="SENT">.</pc>
</s>
<s><w type="PP" lemma="I">I</w>
<w type="VBP" lemma="am">am</w>
<w type="RB" lemma="therefore">therefore</w>
<w type="RB" lemma="particularly">particularly</w>
<w type="VVN" lemma="please">pleased</w>
<w type="WDT" lemma="that">that</w>
<w type="VBZ" lemma="be">is</w>
<w type="PP" lemma="it">it</w>
<w type="JJ" lemma="possible">possible</w>
<w type="IN" lemma="for">for</w>
<w type="RB" lemma="so">so</w>
<w type="JJ" lemma="many">many</w>
<w type="JJ" lemma="young">young</w>
<w type="NNS" lemma="people">people</w>
<w type="CC" lemma="and">and</w>
<w type="NNS" lemma="student">students</w>
<w type="TO" lemma="to">to</w>
<w type="VV" lemma="enjoy">enjoy</w>
<w type="DT" lemma="the">the</w>
<w type="NN" lemma="experience">experience</w>
<w type="IN" lemma="of">of</w>
<w type="NN" lemma="travel">travel</w>
<pc type="sub">,</pc>
<w type="TO" lemma="to">to</w>
<w type="VV" lemma="give">give</w>
<w type="NN" lemma="service">service</w>
<w type="CC" lemma="and">and</w>
<w type="TO" lemma="to">to</w>
<w type="VV" lemma="make">make</w>
<w type="JJ" lemma="new">new</w>
<w type="NNS" lemma="friend">friends</w>
<w type="RB" lemma="abroad">abroad</w>
<pc type="SENT">.</pc>
</s></p><p><s><w type="PPs" lemma="my">My</w>
<w type="CD" lemma="two">two</w>
<w type="JJR" lemma="elder">elder</w>
<w type="NNS" lemma="child">children</w>
<w type="VVD" lemma="come">came</w>
<w type="RB" lemma="back">back</w>
<w type="IN" lemma="from">from</w>
<w type="DT" lemma="the">the</w>
<w type="NP" lemma="Commonwealth">Commonwealth</w>
<w type="NPS" lemma="Games">Games</w>
<w type="IN" lemma="in">in</w>
<w type="NP" lemma="Jamaica">Jamaica</w>
<w type="VVD" lemma="enchant">enchanted</w>
<w type="IN" lemma="with">with</w>
<w type="DT" lemma="the">the</w>
<w type="NN" lemma="adventure">adventure</w>
<pc type="sub">,</pc>
<w type="DT" lemma="the">the</w>
<w type="NN" lemma="kindness">kindness</w>
<w type="IN" lemma="of">of</w>
<w type="DT" lemma="the">the</w>
<w type="NNS" lemma="people">people</w>
<pc type="sub">,</pc>
<w type="CC" lemma="and">and</w>
<w type="DT" lemma="the">the</w>
<w type="NN" lemma="opportunity">opportunity</w>
<w type="TO" lemma="to">to</w>
<w type="VV" lemma="meet">meet</w>
<w type="RB" lemma="so">so</w>
<w type="JJ" lemma="many">many</w>
<w type="NNS" lemma="athlete">athletes</w>
<w type="IN" lemma="from">from</w>
<w type="DT" lemma="every">every</w>
<w type="NN" lemma="part">part</w>
<w type="IN" lemma="of">of</w>
<w type="DT" lemma="the">the</w>
<w type="NP" lemma="Commonwealth">Commonwealth</w>
<pc type="SENT">.</pc>
</s></p><p><s><w type="IN" lemma="for">For</w>
<w type="PPs" lemma="my">my</w>
<w type="NN" lemma="son">son</w>
<w type="DT" lemma="this">this</w>
<w type="VVD" lemma="come">came</w>
<w type="IN" lemma="at">at</w>
<w type="DT" lemma="the">the</w>
<w type="NN" lemma="end">end</w>
<w type="IN" lemma="of">of</w>
<w type="DT" lemma="a">a</w>
<w type="NN" lemma="period">period</w>
<w type="IN" lemma="in">in</w>
<w type="NP" lemma="Australia">Australia</w>
<w type="WDT" lemma="which">which</w>
<w type="PP" lemma="he">he</w>
<w type="MD" lemma="would">would</w>
<w type="RB" lemma="not">not</w>
<w type="VH" lemma="have">have</w>
<w type="VVN" lemma="miss">missed</w>
<w type="IN" lemma="for">for</w>
<w type="NN" lemma="anything">anything</w>
<w type="CC" lemma="and">and</w>
<w type="WRB" lemma="where">where</w>
<w type="DT" lemma="the">the</w>
<w type="JJ" lemma="exciting">exciting</w>
<w type="NNS" lemma="challenge">challenges</w>
<w type="CC" lemma="and">and</w>
<w type="NNS" lemma="opportunity">opportunities</w>
<w type="RB" lemma="deeply">deeply</w>
<w type="VVD" lemma="impress">impressed</w>
<w type="PP" lemma="him">him</w>
<pc type="SENT">.</pc>
</s></p><p><s><w type="IN" lemma="in">In</w>
<w type="NP" lemma="October">October</w>
<w type="DT" lemma="this">this</w>
<w type="NN" lemma="year">year</w>
<pc type="sub">,</pc>
<w type="PP" lemma="I">I</w>
<w type="VVD" lemma="take">took</w>
<w type="PPs" lemma="my">my</w>
<w type="NN" lemma="son">son</w>
<w type="CC" lemma="and">and</w>
<w type="NN" lemma="daughter">daughter</w>
<w type="IN" lemma="with">with</w>
<w type="PP" lemma="me">me</w>
<w type="TO" lemma="to">to</w>
<w type="DT" lemma="the">the</w>
<w type="NP" lemma="XXXX">Opening</w>
<w type="IN" lemma="of">of</w>
<w type="NP" lemma="Parliament">Parliament</w>
<w type="IN" lemma="at">at</w>
<w type="NP" lemma="Westminster">Westminster</w>
<pc type="SENT">.</pc>
</s>
<s><w type="DT" lemma="the">The</w>
<w type="NP" lemma="XXXX">Opening</w>
<w type="IN" lemma="of">of</w>
<w type="NP" lemma="Parliament">Parliament</w>
<w type="VBZ" lemma="be">is</w>
<w type="RB" lemma="not">not</w>
<w type="RB" lemma="just">just</w>
<w type="DT" lemma="a">a</w>
<w type="NN" lemma="ritual">ritual</w>
<pc type="SENT">.</pc>
</s>
<s><w type="PP" lemma="it">It</w>
<w type="MD" lemma="should">should</w>
<w type="VV" lemma="remind">remind</w>
<w type="PP" lemma="us">us</w>
<w type="IN" lemma="that">that</w>
<w type="NP" lemma="Parliament">Parliament</w>
<w type="VVZ" lemma="symbolise">symbolises</w>
<w type="DT" lemma="the">the</w>
<w type="NN" lemma="nation">nation</w>
<w type="CC" lemma="and">and</w>
<w type="DT" lemma="the">the</w>
<w type="JJ" lemma="national">national</w>
<w type="NN" lemma="interest">interest</w>
<pc type="SENT">.</pc>
</s></p><p><s><w type="PP" lemma="it">It</w>
<w type="MD" lemma="should">should</w>
<w type="RB" lemma="also">also</w>
<w type="VV" lemma="remind">remind</w>
<w type="PP" lemma="us">us</w>
<w type="IN" lemma="that">that</w>
<w type="PP" lemma="we">we</w>
<w type="VVP" lemma="believe">believe</w>
<w type="IN" lemma="in">in</w>
<w type="NN" lemma="government">government</w>
<w type="IN" lemma="by">by</w>
<w type="NN" lemma="consent">consent</w>
<w type="CC" lemma="and">and</w>
<w type="IN" lemma="that">that</w>
<w type="PPs" lemma="our">our</w>
<w type="NN" lemma="system">system</w>
<w type="MD" lemma="can">can</w>
<w type="RB" lemma="only">only</w>
<w type="VV" lemma="work">work</w>
<w type="IN" lemma="if">if</w>
<w type="PP" lemma="we">we</w>
<w type="RB" lemma="all">all</w>
<w type="VVP" lemma="want">want</w>
<w type="PP" lemma="it">it</w>
<w type="TO" lemma="to">to</w>
<w type="VV" lemma="work">work</w>
<w type="CC" lemma="and">and</w>
<w type="VV" lemma="feel">feel</w>
<w type="IN" lemma="that">that</w>
<w type="PP" lemma="we">we</w>
<w type="VHP" lemma="have">have</w>
<w type="DT" lemma="some">some</w>
<w type="NN" lemma="part">part</w>
<w type="IN" lemma="in">in</w>
<w type="PP" lemma="it">it</w>
<pc type="SENT">.</pc>
</s>
<s><w type="JJ" lemma="Democratic">Democratic</w>
<w type="NN" lemma="government">government</w>
<w type="VBZ" lemma="be">is</w>
<w type="DT" lemma="a">a</w>
<w type="NN" lemma="tradition">tradition</w>
<w type="PP" lemma="we">we</w>
<w type="DT" lemma="all">all</w>
<w type="NN" lemma="share">share</w>
<w type="CC" lemma="and">and</w>
<w type="WDT" lemma="which">which</w>
<w type="VBZ" lemma="be">is</w>
<w type="DT" lemma="the">the</w>
<w type="NN" lemma="ideal">ideal</w>
<w type="IN" lemma="of">of</w>
<w type="PDT" lemma="all">all</w>
<w type="DT" lemma="the">the</w>
<w type="NNS" lemma="member">members</w>
<w type="IN" lemma="of">of</w>
<w type="PPs" lemma="our">our</w>
<w type="NN" lemma="association">association</w>
<w type="IN" lemma="of">of</w>
<w type="NNS" lemma="nation">nations</w>
<pc type="SENT">.</pc>
</s></p><p><s><w type="JJ" lemma="modern">Modern</w>
<w type="NNS" lemma="communication">communications</w>
<w type="VVP" lemma="make">make</w>
<w type="PP" lemma="it">it</w>
<w type="JJ" lemma="possible">possible</w>
<w type="IN" lemma="for">for</w>
<w type="PP" lemma="me">me</w>
<w type="TO" lemma="to">to</w>
<w type="VV" lemma="talk">talk</w>
<w type="TO" lemma="to">to</w>
<w type="PP" lemma="you">you</w>
<w type="IN" lemma="in">in</w>
<w type="PPs" lemma="your">your</w>
<w type="NNS" lemma="home">homes</w>
<w type="CC" lemma="and">and</w>
<w type="TO" lemma="to">to</w>
<w type="VV" lemma="wish">wish</w>
<w type="PP" lemma="you">you</w>
<w type="DT" lemma="a">a</w>
<w type="JJ" lemma="merry">merry</w>
<w type="NP" lemma="Christmas">Christmas</w>
<w type="CC" lemma="and">and</w>
<w type="DT" lemma="a">a</w>
<w type="RB" lemma="very">very</w>
<w type="JJ" lemma="happy">happy</w>
<w type="NP" lemma="New">New</w>
<w type="NN" lemma="year">Year</w>
<pc type="SENT">.</pc>
</s>
<s><w type="DT" lemma="these">These</w>
<w type="NNS" lemma="technique">techniques</w>
<w type="IN" lemma="of">of</w>
<w type="NN" lemma="radio">radio</w>
<w type="CC" lemma="and">and</w>
<w type="NN" lemma="television">television</w>
<w type="VBP" lemma="are">are</w>
<w type="JJ" lemma="modern">modern</w>
<pc type="sub">,</pc>
<w type="CC" lemma="but">but</w>
<w type="DT" lemma="the">the</w>
<w type="NP" lemma="Christmas">Christmas</w>
<w type="NN" lemma="message">message</w>
<w type="VBZ" lemma="be">is</w>
<w type="JJ" lemma="timeless">timeless</w>
<pc type="SENT">.</pc>
</s></p><p><s><w type="PP" lemma="you">You</w>
<w type="MD" lemma="may">may</w>
<w type="VH" lemma="have">have</w>
<w type="VVN" lemma="hear">heard</w>
<w type="PP" lemma="it">it</w>
<w type="RB" lemma="very">very</w>
<w type="RB" lemma="often">often</w>
<w type="CC" lemma="but">but</w>
<w type="IN" lemma="in">in</w>
<w type="DT" lemma="the">the</w>
<w type="NN" lemma="end">end</w>
<pc type="sub">,</pc>
<w type="DT" lemma="no">no</w>
<w type="NN" lemma="matter">matter</w>
<w type="WP" lemma="what">what</w>
<w type="JJ" lemma="scientific">scientific</w>
<w type="NN" lemma="progress">progress</w>
<w type="PP" lemma="we">we</w>
<w type="VVP" lemma="make">make</w>
<pc type="sub">,</pc>
<w type="DT" lemma="the">the</w>
<w type="NN" lemma="message">message</w>
<w type="MD" lemma="will">will</w>
<w type="VV" lemma="count">count</w>
<w type="IN" lemma="for">for</w>
<w type="NN" lemma="nothing">nothing</w>
<w type="IN" lemma="unless">unless</w>
<w type="PP" lemma="we">we</w>
<w type="MD" lemma="can">can</w>
<w type="VV" lemma="achieve">achieve</w>
<w type="JJ" lemma="real">real</w>
<w type="NN" lemma="peace">peace</w>
<w type="CC" lemma="and">and</w>
<w type="VV" lemma="encourage">encourage</w>
<w type="JJ" lemma="genuine">genuine</w>
<w type="NN" lemma="goodwill">goodwill</w>
<w type="IN" lemma="between">between</w>
<w type="JJ" lemma="individual">individual</w>
<w type="NNS" lemma="people">people</w>
<w type="CC" lemma="and">and</w>
<w type="DT" lemma="the">the</w>
<w type="NNS" lemma="nation">nations</w>
<w type="IN" lemma="of">of</w>
<w type="DT" lemma="the">the</w>
<w type="NN" lemma="world">world</w>
<pc type="SENT">.</pc>
</s></p><p><s><w type="DT" lemma="every">Every</w>
<w type="NP" lemma="Christmas">Christmas</w>
<w type="PP" lemma="I">I</w>
<w type="VBP" lemma="am">am</w>
<w type="VVN" lemma="sustain">sustained</w>
<w type="CC" lemma="and">and</w>
<w type="VVN" lemma="encourage">encouraged</w>
<w type="IN" lemma="by">by</w>
<w type="DT" lemma="the">the</w>
<w type="NN" lemma="happiness">happiness</w>
<w type="CC" lemma="and">and</w>
<w type="NN" lemma="sense">sense</w>
<w type="IN" lemma="of">of</w>
<w type="NN" lemma="unity">unity</w>
<w type="WDT" lemma="which">which</w>
<w type="VVZ" lemma="come">comes</w>
<w type="IN" lemma="from">from</w>
<w type="VVG" lemma="see">seeing</w>
<w type="PDT" lemma="all">all</w>
<w type="DT" lemma="the">the</w>
<w type="NNS" lemma="member">members</w>
<w type="IN" lemma="of">of</w>
<w type="PPs" lemma="my">my</w>
<w type="NN" lemma="family">family</w>
<w type="RB" lemma="together">together</w>
<pc type="SENT">.</pc>
</s></p><p><s><w type="PP" lemma="I">I</w>
<w type="VVP" lemma="hope">hope</w>
<w type="CC" lemma="and">and</w>
<w type="VV" lemma="pray">pray</w>
<w type="IN" lemma="that">that</w>
<pc type="sub">,</pc>
<w type="IN" lemma="with">with</w>
<w type="NP" lemma="God">God</w>
<w type="POS" lemma="'s">'s</w>
<w type="NN" lemma="help">help</w>
<pc type="sub">,</pc>
<w type="DT" lemma="this">this</w>
<w type="NP" lemma="Christmas">Christmas</w>
<w type="NN" lemma="spirit">spirit</w>
<w type="IN" lemma="of">of</w>
<w type="NN" lemma="family">family</w>
<w type="NN" lemma="unity">unity</w>
<w type="MD" lemma="will">will</w>
<w type="VV" lemma="spread">spread</w>
<w type="CC" lemma="and">and</w>
<w type="VV" lemma="grow">grow</w>
<w type="IN" lemma="among">among</w>
<w type="PPs" lemma="our">our</w>
<w type="NP" lemma="Commonwealth">Commonwealth</w>
<w type="NN" lemma="family">family</w>
<w type="IN" lemma="of">of</w>
<w type="NNS" lemma="nation">nations</w>
<pc type="SENT">.</pc>
</s></p></div>