<div xmlns='http://www.tei-c.org/ns/1.0' n="1969"><head><s><w type="NP" lemma="Christmas">Christmas</w>
<w type="NP" lemma="Broadcast">Broadcast</w>
<w type="CD" lemma="@card@">1969</w>
</s></head><p><s><w type="PP" lemma="I">I</w>
<w type="VHP" lemma="have">have</w>
<w type="VVN" lemma="receive">received</w>
<w type="DT" lemma="a">a</w>
<w type="JJ" lemma="great">great</w>
<w type="NN" lemma="number">number</w>
<w type="IN" lemma="of">of</w>
<w type="NN" lemma="kind">kind</w>
<w type="NNS" lemma="letter">letters</w>
<w type="CC" lemma="and">and</w>
<w type="NNS" lemma="message">messages</w>
<w type="IN" lemma="of">of</w>
<w type="NN" lemma="regard">regard</w>
<w type="CC" lemma="and">and</w>
<w type="NN" lemma="concern">concern</w>
<w type="IN" lemma="about">about</w>
<w type="DT" lemma="this">this</w>
<w type="NN" lemma="year">year</w>
<w type="POS" lemma="'s">'s</w>
<w type="NN" lemma="break">break</w>
<w type="IN" lemma="with">with</w>
<w type="DT" lemma="the">the</w>
<w type="JJ" lemma="usual">usual</w>
<w type="NN" lemma="broadcast">broadcast</w>
<w type="IN" lemma="at">at</w>
<w type="NP" lemma="Christmas">Christmas</w>
<w type="CC" lemma="and">and</w>
<w type="PP" lemma="I">I</w>
<w type="VVP" lemma="want">want</w>
<w type="PP" lemma="you">you</w>
<w type="DT" lemma="all">all</w>
<w type="TO" lemma="to">to</w>
<w type="VV" lemma="know">know</w>
<w type="IN" lemma="that">that</w>
<w type="PPs" lemma="my">my</w>
<w type="JJ" lemma="good">good</w>
<w type="NNS" lemma="wish">wishes</w>
<w type="VBP" lemma="are">are</w>
<w type="RB" lemma="no">no</w>
<w type="RBR" lemma="less">less</w>
<w type="JJ" lemma="warm">warm</w>
<w type="CC" lemma="and">and</w>
<w type="JJ" lemma="personal">personal</w>
<w type="IN" lemma="because">because</w>
<w type="PP" lemma="they">they</w>
<w type="VVP" lemma="come">come</w>
<w type="TO" lemma="to">to</w>
<w type="PP" lemma="you">you</w>
<w type="IN" lemma="in">in</w>
<w type="DT" lemma="a">a</w>
<w type="JJ" lemma="different">different</w>
<w type="NN" lemma="form">form</w>
<pc type="SENT">.</pc>
</s></p><p><s><w type="IN" lemma="in">In</w>
<w type="DT" lemma="a">a</w>
<w type="JJ" lemma="short">short</w>
<w type="NN" lemma="time">time</w>
<w type="DT" lemma="the">the</w>
<w type="NNS" lemma="1960s">1960s</w>
<w type="MD" lemma="will">will</w>
<w type="VB" lemma="be">be</w>
<w type="RB" lemma="over">over</w>
<w type="CC" lemma="but">but</w>
<w type="RB" lemma="not">not</w>
<w type="RB" lemma="out">out</w>
<w type="IN" lemma="of">of</w>
<w type="PPs" lemma="our">our</w>
<w type="NNS" lemma="memory">memories</w>
<pc type="SENT">.</pc>
</s>
<s><w type="NNS" lemma="historian">Historians</w>
<w type="MD" lemma="will">will</w>
<w type="VV" lemma="record">record</w>
<w type="PP" lemma="them">them</w>
<w type="IN" lemma="as">as</w>
<w type="DT" lemma="the">the</w>
<w type="NN" lemma="decade">decade</w>
<w type="IN" lemma="in">in</w>
<w type="WDT" lemma="which">which</w>
<w type="NNS" lemma="man">men</w>
<w type="RB" lemma="first">first</w>
<w type="VVD" lemma="reach">reached</w>
<w type="RP" lemma="out">out</w>
<w type="IN" lemma="beyond">beyond</w>
<w type="PPs" lemma="our">our</w>
<w type="JJ" lemma="own">own</w>
<w type="NN" lemma="planet">planet</w>
<w type="CC" lemma="and">and</w>
<w type="NN" lemma="set">set</w>
<w type="NN" lemma="foot">foot</w>
<w type="IN" lemma="on">on</w>
<w type="DT" lemma="the">the</w>
<w type="NN" lemma="moon">moon</w>
<pc type="sub">,</pc>
<w type="CC" lemma="but">but</w>
<w type="DT" lemma="each">each</w>
<w type="NN" lemma="one">one</w>
<w type="IN" lemma="of">of</w>
<w type="PP" lemma="us">us</w>
<w type="MD" lemma="will">will</w>
<w type="VH" lemma="have">have</w>
<w type="PPs" lemma="our">our</w>
<w type="JJ" lemma="own">own</w>
<w type="JJ" lemma="special">special</w>
<w type="NNS" lemma="triumph">triumphs</w>
<w type="CC" lemma="or">or</w>
<w type="NNS" lemma="tragedy">tragedies</w>
<w type="TO" lemma="to">to</w>
<w type="VV" lemma="look">look</w>
<w type="RB" lemma="back">back</w>
<w type="IN" lemma="on">on</w>
<pc type="SENT">.</pc>
</s></p><p><s><w type="PPs" lemma="my">My</w>
<w type="JJ" lemma="own">own</w>
<w type="NNS" lemma="thought">thoughts</w>
<w type="VBP" lemma="are">are</w>
<w type="IN" lemma="with">with</w>
<w type="PPs" lemma="my">my</w>
<w type="JJR" lemma="old">older</w>
<w type="NNS" lemma="child">children</w>
<w type="WP" lemma="who">who</w>
<w type="VBP" lemma="are">are</w>
<w type="VVG" lemma="enter">entering</w>
<w type="DT" lemma="the">the</w>
<w type="NN" lemma="service">service</w>
<w type="IN" lemma="of">of</w>
<w type="DT" lemma="the">the</w>
<w type="NNS" lemma="people">people</w>
<w type="IN" lemma="of">of</w>
<w type="DT" lemma="this">this</w>
<w type="NN" lemma="country">country</w>
<w type="CC" lemma="and">and</w>
<w type="DT" lemma="the">the</w>
<w type="NP" lemma="Commonwealth">Commonwealth</w>
<pc type="SENT">.</pc>
</s>
<s><w type="PP" lemma="it">It</w>
<w type="VBZ" lemma="be">is</w>
<w type="DT" lemma="a">a</w>
<w type="JJ" lemma="great">great</w>
<w type="NN" lemma="satisfaction">satisfaction</w>
<w type="CC" lemma="and">and</w>
<w type="NN" lemma="comfort">comfort</w>
<w type="TO" lemma="to">to</w>
<w type="PP" lemma="me">me</w>
<w type="CC" lemma="and">and</w>
<w type="PPs" lemma="my">my</w>
<w type="NN" lemma="husband">husband</w>
<w type="TO" lemma="to">to</w>
<w type="VV" lemma="know">know</w>
<w type="IN" lemma="that">that</w>
<w type="PP" lemma="they">they</w>
<w type="VHP" lemma="have">have</w>
<w type="VVN" lemma="win">won</w>
<w type="DT" lemma="a">a</w>
<w type="NN" lemma="place">place</w>
<w type="IN" lemma="in">in</w>
<w type="PPs" lemma="your">your</w>
<w type="NNS" lemma="affection">affections</w>
<pc type="SENT">.</pc>
</s></p><p><s><w type="PP" lemma="we">We</w>
<w type="VBP" lemma="are">are</w>
<w type="RB" lemma="all">all</w>
<w type="VVG" lemma="look">looking</w>
<w type="RB" lemma="forward">forward</w>
<w type="TO" lemma="to">to</w>
<w type="PPs" lemma="our">our</w>
<w type="NN" lemma="visit">visit</w>
<w type="TO" lemma="to">to</w>
<w type="NP" lemma="Australia">Australia</w>
<w type="CC" lemma="and">and</w>
<w type="NP" lemma="New">New</w>
<w type="NP" lemma="Zealand">Zealand</w>
<w type="IN" lemma="for">for</w>
<w type="DT" lemma="the">the</w>
<w type="NP" lemma="Cook">Cook</w>
<w type="NP" lemma="XXXX">Bi-centenary</w>
<w type="NNS" lemma="celebration">celebrations</w>
<pc type="sub">,</pc>
<w type="CC" lemma="and">and</w>
<w type="RB" lemma="also">also</w>
<w type="TO" lemma="to">to</w>
<w type="NP" lemma="Fiji">Fiji</w>
<w type="CC" lemma="and">and</w>
<w type="NP" lemma="Tonga">Tonga</w>
<pc type="SENT">.</pc>
</s>
<s><w type="RBR" lemma="Later">Later</w>
<w type="JJ" lemma="next">next</w>
<w type="NN" lemma="year">year</w>
<w type="PP" lemma="we">we</w>
<w type="VVP" lemma="hope">hope</w>
<w type="TO" lemma="to">to</w>
<w type="VV" lemma="see">see</w>
<w type="NN" lemma="something">something</w>
<w type="IN" lemma="of">of</w>
<w type="DT" lemma="the">the</w>
<w type="JJ" lemma="fascinating">fascinating</w>
<w type="NN" lemma="development">development</w>
<w type="IN" lemma="of">of</w>
<w type="NP" lemma="Northern">Northern</w>
<w type="NP" lemma="Canada">Canada</w>
<pc type="SENT">.</pc>
</s></p><p><s><w type="PP" lemma="it">It</w>
<w type="VBZ" lemma="be">is</w>
<w type="RB" lemma="only">only</w>
<w type="JJ" lemma="natural">natural</w>
<w type="IN" lemma="that">that</w>
<w type="PP" lemma="we">we</w>
<w type="MD" lemma="should">should</w>
<w type="RB" lemma="all">all</w>
<w type="VB" lemma="be">be</w>
<w type="VVN" lemma="dazzle">dazzled</w>
<w type="CC" lemma="and">and</w>
<w type="VVN" lemma="impress">impressed</w>
<w type="IN" lemma="by">by</w>
<w type="DT" lemma="the">the</w>
<w type="NNS" lemma="triumph">triumphs</w>
<w type="IN" lemma="of">of</w>
<w type="NN" lemma="technology">technology</w>
<pc type="sub">,</pc>
<w type="CC" lemma="but">but</w>
<w type="NP" lemma="Christmas">Christmas</w>
<w type="VBZ" lemma="be">is</w>
<w type="DT" lemma="a">a</w>
<w type="NN" lemma="festival">festival</w>
<w type="IN" lemma="of">of</w>
<w type="DT" lemma="the">the</w>
<w type="NN" lemma="spirit">spirit</w>
<pc type="SENT">.</pc>
</s>
<s><w type="IN" lemma="at">At</w>
<w type="DT" lemma="this">this</w>
<w type="NN" lemma="time">time</w>
<w type="PPs" lemma="our">our</w>
<w type="NN" lemma="concern">concern</w>
<w type="VBZ" lemma="be">is</w>
<w type="RB" lemma="particularly">particularly</w>
<w type="IN" lemma="for">for</w>
<w type="DT" lemma="the">the</w>
<w type="JJ" lemma="lonely">lonely</w>
<pc type="sub">,</pc>
<w type="DT" lemma="the">the</w>
<w type="JJ" lemma="sick">sick</w>
<w type="CC" lemma="and">and</w>
<w type="DT" lemma="the">the</w>
<w type="JJ" lemma="elderly">elderly</w>
<pc type="SENT">.</pc>
</s>
<s><w type="PP" lemma="I">I</w>
<w type="VVP" lemma="hope">hope</w>
<w type="PP" lemma="they">they</w>
<w type="MD" lemma="will">will</w>
<w type="RB" lemma="all">all</w>
<w type="VV" lemma="feel">feel</w>
<w type="DT" lemma="the">the</w>
<w type="NN" lemma="warmth">warmth</w>
<w type="CC" lemma="and">and</w>
<w type="NN" lemma="comfort">comfort</w>
<w type="IN" lemma="of">of</w>
<w type="NN" lemma="companionship">companionship</w>
<w type="CC" lemma="and">and</w>
<w type="IN" lemma="that">that</w>
<w type="DT" lemma="all">all</w>
<w type="IN" lemma="of">of</w>
<w type="PP" lemma="you">you</w>
<w type="MD" lemma="will">will</w>
<w type="VV" lemma="enjoy">enjoy</w>
<w type="DT" lemma="a">a</w>
<w type="RB" lemma="very">very</w>
<w type="JJ" lemma="happy">happy</w>
<w type="NP" lemma="Christmas">Christmas</w>
<w type="IN" lemma="with">with</w>
<w type="PPs" lemma="your">your</w>
<w type="NNS" lemma="family">families</w>
<w type="CC" lemma="and">and</w>
<w type="NNS" lemma="friend">friends</w>
<pc type="SENT">.</pc>
</s></p><p><s><w type="NP" lemma="God">God</w>
<w type="VV" lemma="bless">bless</w>
<w type="PP" lemma="you">you</w>
<w type="DT" lemma="all">all</w>
<pc type="SENT">.</pc>
</s></p></div>