<div xmlns='http://www.tei-c.org/ns/1.0' n="1970"><head><s><w type="NP" lemma="Christmas">Christmas</w>
<w type="NP" lemma="Broadcast">Broadcast</w>
<w type="CD" lemma="@card@">1970</w>
</s></head><p><s><w type="DT" lemma="every">Every</w>
<w type="NN" lemma="year">year</w>
<w type="PP" lemma="we">we</w>
<w type="VBP" lemma="are">are</w>
<w type="VVN" lemma="remind">reminded</w>
<w type="IN" lemma="that">that</w>
<w type="NP" lemma="Christmas">Christmas</w>
<w type="VBZ" lemma="be">is</w>
<w type="DT" lemma="a">a</w>
<w type="NN" lemma="family">family</w>
<w type="NN" lemma="festival">festival</w>
<pc type="sub">;</pc>
<w type="DT" lemma="a">a</w>
<w type="NN" lemma="time">time</w>
<w type="IN" lemma="for">for</w>
<w type="NN" lemma="reunion">reunion</w>
<w type="CC" lemma="and">and</w>
<w type="DT" lemma="a">a</w>
<w type="NN" lemma="meeting">meeting</w>
<w type="NN" lemma="point">point</w>
<w type="IN" lemma="for">for</w>
<w type="DT" lemma="the">the</w>
<w type="NNS" lemma="generation">generations</w>
<pc type="SENT">.</pc>
</s></p><p><s><w type="DT" lemma="this">This</w>
<w type="NN" lemma="year">year</w>
<w type="PP" lemma="I">I</w>
<w type="VBP" lemma="am">am</w>
<w type="VVG" lemma="think">thinking</w>
<w type="IN" lemma="of">of</w>
<w type="RB" lemma="rather">rather</w>
<w type="DT" lemma="a">a</w>
<w type="JJ" lemma="special">special</w>
<w type="NN" lemma="family">family</w>
<pc type="sub">-</pc>
<w type="DT" lemma="a">a</w>
<w type="NN" lemma="family">family</w>
<w type="IN" lemma="of">of</w>
<w type="NNS" lemma="nation">nations</w>
<pc type="sub">-</pc>
<w type="IN" lemma="as">as</w>
<w type="PP" lemma="I">I</w>
<w type="VVP" lemma="recall">recall</w>
<w type="JJ" lemma="fascinating">fascinating</w>
<w type="NNS" lemma="journey">journeys</w>
<w type="TO" lemma="to">to</w>
<w type="JJ" lemma="opposite">opposite</w>
<w type="NNS" lemma="end">ends</w>
<w type="IN" lemma="of">of</w>
<w type="DT" lemma="the">the</w>
<w type="NN" lemma="world">world</w>
<pc type="SENT">.</pc>
</s></p><p><s><w type="IN" lemma="during">During</w>
<w type="DT" lemma="the">the</w>
<w type="NN" lemma="course">course</w>
<w type="IN" lemma="of">of</w>
<w type="DT" lemma="these">these</w>
<w type="NNS" lemma="visit">visits</w>
<w type="PP" lemma="we">we</w>
<w type="VVD" lemma="meet">met</w>
<w type="CC" lemma="and">and</w>
<w type="VVD" lemma="talk">talked</w>
<w type="IN" lemma="with">with</w>
<w type="DT" lemma="a">a</w>
<w type="JJ" lemma="great">great</w>
<w type="NN" lemma="number">number</w>
<w type="IN" lemma="of">of</w>
<w type="NNS" lemma="people">people</w>
<w type="IN" lemma="in">in</w>
<w type="DT" lemma="every">every</w>
<w type="NN" lemma="sort">sort</w>
<w type="IN" lemma="of">of</w>
<w type="NN" lemma="occupation">occupation</w>
<pc type="sub">,</pc>
<w type="CC" lemma="and">and</w>
<w type="VVG" lemma="live">living</w>
<w type="IN" lemma="in">in</w>
<w type="DT" lemma="every">every</w>
<w type="NN" lemma="kind">kind</w>
<w type="IN" lemma="of">of</w>
<w type="NN" lemma="community">community</w>
<w type="CC" lemma="and">and</w>
<w type="NN" lemma="climate">climate</w>
<pc type="SENT">.</pc>
</s>
<s><w type="RB" lemma="yet">Yet</w>
<w type="IN" lemma="in">in</w>
<w type="PDT" lemma="all">all</w>
<w type="DT" lemma="this">this</w>
<w type="NN" lemma="diversity">diversity</w>
<w type="PP" lemma="they">they</w>
<w type="VHD" lemma="have">had</w>
<w type="CD" lemma="one">one</w>
<w type="NN" lemma="thing">thing</w>
<w type="IN" lemma="in">in</w>
<w type="JJ" lemma="common">common</w>
<pc type="sub">:</pc>
<w type="PP" lemma="they">they</w>
<w type="VBD" lemma="be">were</w>
<w type="DT" lemma="all">all</w>
<w type="NNS" lemma="member">members</w>
<w type="IN" lemma="of">of</w>
<w type="DT" lemma="the">the</w>
<w type="NP" lemma="Commonwealth">Commonwealth</w>
<w type="NN" lemma="family">family</w>
<pc type="SENT">.</pc>
</s></p><p><s><w type="RB" lemma="early">Early</w>
<w type="DT" lemma="this">this</w>
<w type="NN" lemma="year">year</w>
<w type="PP" lemma="we">we</w>
<w type="VVD" lemma="go">went</w>
<w type="TO" lemma="to">to</w>
<w type="NP" lemma="Fiji">Fiji</w>
<pc type="sub">,</pc>
<w type="NP" lemma="Tonga">Tonga</w>
<pc type="sub">,</pc>
<w type="NP" lemma="New">New</w>
<w type="NP" lemma="Zealand">Zealand</w>
<w type="CC" lemma="and">and</w>
<w type="NP" lemma="Australia">Australia</w>
<w type="IN" lemma="in">in</w>
<w type="NP" lemma="Britannia">Britannia</w>
<pc type="SENT">.</pc>
</s>
<s><w type="PP" lemma="we">We</w>
<w type="VBD" lemma="be">were</w>
<w type="VVG" lemma="follow">following</w>
<w type="DT" lemma="the">the</w>
<w type="NN" lemma="path">path</w>
<w type="VVN" lemma="take">taken</w>
<w type="IN" lemma="in">in</w>
<w type="CD" lemma="@card@">1770</w>
<w type="IN" lemma="by">by</w>
<w type="DT" lemma="that">that</w>
<w type="JJ" lemma="great">great</w>
<w type="JJ" lemma="English">English</w>
<w type="NN" lemma="discoverer">discoverer</w>
<pc type="sub">,</pc>
<w type="NP" lemma="Captain">Captain</w>
<w type="NP" lemma="Cook">Cook</w>
<pc type="SENT">.</pc>
</s></p><p><s><w type="DT" lemma="a">A</w>
<w type="RB" lemma="little">little</w>
<w type="RBR" lemma="later">later</w>
<w type="IN" lemma="in">in</w>
<w type="DT" lemma="the">the</w>
<w type="NN" lemma="year">year</w>
<w type="PP" lemma="we">we</w>
<w type="VBD" lemma="be">were</w>
<w type="IN" lemma="in">in</w>
<w type="NP" lemma="Canada">Canada</w>
<pc type="sub">,</pc>
<w type="RB" lemma="still">still</w>
<w type="IN" lemma="in">in</w>
<w type="DT" lemma="the">the</w>
<w type="NP" lemma="Commonwealth">Commonwealth</w>
<pc type="sub">,</pc>
<w type="VVG" lemma="visit">visiting</w>
<w type="DT" lemma="the">the</w>
<w type="NP" lemma="XXXX">North-west</w>
<w type="NP" lemma="Territories">Territories</w>
<w type="CC" lemma="and">and</w>
<w type="NP" lemma="Manitoba">Manitoba</w>
<w type="IN" lemma="for">for</w>
<w type="PPs" lemma="their">their</w>
<w type="NNS" lemma="centenary">centenaries</w>
<pc type="SENT">.</pc>
</s></p><p><s><w type="IN" lemma="among">Among</w>
<w type="NNS" lemma="people">people</w>
<w type="WP" lemma="who">who</w>
<w type="VBP" lemma="are">are</w>
<w type="RB" lemma="so">so</w>
<w type="RB" lemma="essentially">essentially</w>
<w type="JJ" lemma="new">New</w>
<w type="NNS" lemma="Zealander">Zealanders</w>
<pc type="sub">,</pc>
<w type="NNS" lemma="Canadian">Canadians</w>
<w type="CC" lemma="or">or</w>
<w type="NNS" lemma="Australian">Australians</w>
<pc type="sub">,</pc>
<w type="PP" lemma="it">it</w>
<w type="VVD" lemma="strike">struck</w>
<w type="PP" lemma="me">me</w>
<w type="RB" lemma="again">again</w>
<w type="IN" lemma="that">that</w>
<w type="RB" lemma="so">so</w>
<w type="JJ" lemma="many">many</w>
<w type="IN" lemma="of">of</w>
<w type="PP" lemma="them">them</w>
<w type="RB" lemma="still">still</w>
<w type="VHP" lemma="have">have</w>
<w type="JJ" lemma="affectionate">affectionate</w>
<w type="CC" lemma="and">and</w>
<w type="JJ" lemma="personal">personal</w>
<w type="NNS" lemma="link">links</w>
<w type="IN" lemma="with">with</w>
<w type="DT" lemma="the">the</w>
<w type="NP" lemma="British">British</w>
<w type="NP" lemma="Isles">Isles</w>
<pc type="SENT">.</pc>
</s></p><p><s><w type="WRB" lemma="wherever">Wherever</w>
<w type="PP" lemma="I">I</w>
<w type="VVD" lemma="go">went</w>
<w type="IN" lemma="among">among</w>
<w type="NNS" lemma="people">people</w>
<w type="VVG" lemma="live">living</w>
<w type="IN" lemma="in">in</w>
<w type="DT" lemma="the">the</w>
<w type="JJ" lemma="busy">busy</w>
<w type="JJ" lemma="industrial">industrial</w>
<w type="NNS" lemma="town">towns</w>
<w type="CC" lemma="or">or</w>
<w type="IN" lemma="on">on</w>
<w type="DT" lemma="the">the</w>
<w type="NNS" lemma="station">stations</w>
<w type="CC" lemma="and">and</w>
<w type="NNS" lemma="farm">farms</w>
<w type="IN" lemma="of">of</w>
<w type="DT" lemma="the">the</w>
<w type="JJ" lemma="far">far</w>
<w type="NN" lemma="outback">outback</w>
<pc type="sub">,</pc>
<w type="PP" lemma="I">I</w>
<w type="VVD" lemma="meet">met</w>
<w type="NNS" lemma="newcomer">newcomers</w>
<w type="WP" lemma="who">who</w>
<w type="VVD" lemma="remind">reminded</w>
<w type="PP" lemma="me">me</w>
<w type="IN" lemma="that">that</w>
<w type="DT" lemma="these">these</w>
<w type="NNS" lemma="link">links</w>
<w type="IN" lemma="between">between</w>
<w type="PPs" lemma="our">our</w>
<w type="NNS" lemma="country">countries</w>
<w type="VBP" lemma="are">are</w>
<w type="VVN" lemma="renew">renewed</w>
<w type="DT" lemma="every">every</w>
<w type="NN" lemma="year">year</w>
<pc type="SENT">.</pc>
</s></p><p><s><w type="IN" lemma="in">In</w>
<w type="NP" lemma="Canada">Canada</w>
<w type="PP" lemma="we">we</w>
<w type="VVD" lemma="meet">met</w>
<w type="DT" lemma="some">some</w>
<w type="IN" lemma="of">of</w>
<w type="DT" lemma="the">the</w>
<w type="JJR" lemma="old">older</w>
<w type="NNS" lemma="inhabitant">inhabitants</w>
<pc type="sub">-</pc>
<w type="NPS" lemma="Indians">Indians</w>
<pc type="sub">-</pc>
<w type="NNS" lemma="people">people</w>
<w type="WPs" lemma="whose">whose</w>
<w type="NNS" lemma="ancestor">ancestors</w>
<w type="VBD" lemma="be">were</w>
<w type="RB" lemma="there">there</w>
<w type="IN" lemma="for">for</w>
<w type="NNS" lemma="generation">generations</w>
<w type="IN" lemma="before">before</w>
<w type="DT" lemma="the">the</w>
<w type="NPS" lemma="Europeans">Europeans</w>
<w type="VVD" lemma="come">came</w>
<pc type="SENT">.</pc>
</s>
<s><w type="CC" lemma="and">And</w>
<w type="RBR" lemma="further">further</w>
<w type="RB" lemma="north">north</w>
<w type="RB" lemma="still">still</w>
<w type="VV" lemma="live">live</w>
<w type="DT" lemma="the">the</w>
<w type="NNS" lemma="Eskimo">Eskimos</w>
<pc type="sub">,</pc>
<w type="DT" lemma="some">some</w>
<w type="IN" lemma="of">of</w>
<w type="DT" lemma="the">the</w>
<w type="RBS" lemma="most">most</w>
<w type="JJ" lemma="interesting">interesting</w>
<w type="NNS" lemma="people">people</w>
<w type="IN" lemma="that">that</w>
<w type="PP" lemma="we">we</w>
<w type="VVD" lemma="meet">met</w>
<w type="IN" lemma="during">during</w>
<w type="PPs" lemma="our">our</w>
<w type="NNS" lemma="travel">travels</w>
<w type="DT" lemma="this">this</w>
<w type="NN" lemma="year">year</w>
<pc type="SENT">.</pc>
</s>
<s><w type="PP" lemma="they">They</w>
<w type="RB" lemma="too">too</w>
<w type="VVP" lemma="belong">belong</w>
<w type="TO" lemma="to">to</w>
<w type="DT" lemma="the">the</w>
<w type="NP" lemma="Commonwealth">Commonwealth</w>
<w type="NN" lemma="family">family</w>
<pc type="sub">,</pc>
<w type="DT" lemma="this">this</w>
<w type="JJ" lemma="remarkable">remarkable</w>
<w type="NN" lemma="collection">collection</w>
<w type="IN" lemma="of">of</w>
<w type="JJ" lemma="friendly">friendly</w>
<w type="NNS" lemma="people">people</w>
<w type="IN" lemma="of">of</w>
<w type="RB" lemma="so">so</w>
<w type="JJ" lemma="many">many</w>
<w type="NNS" lemma="race">races</w>
<pc type="SENT">.</pc>
</s></p><p><s><w type="RBR" lemma="Later">Later</w>
<w type="IN" lemma="in">in</w>
<w type="DT" lemma="the">the</w>
<w type="NN" lemma="year">year</w>
<pc type="sub">,</pc>
<w type="NNS" lemma="representative">representatives</w>
<w type="IN" lemma="from">from</w>
<w type="CD" lemma="@card@">42</w>
<w type="JJ" lemma="different">different</w>
<w type="NNS" lemma="part">parts</w>
<w type="IN" lemma="of">of</w>
<w type="DT" lemma="the">the</w>
<w type="NN" lemma="world">world</w>
<w type="VVD" lemma="gather">gathered</w>
<w type="TO" lemma="to">to</w>
<w type="VV" lemma="attend">attend</w>
<w type="DT" lemma="the">the</w>
<w type="NP" lemma="Commonwealth">Commonwealth</w>
<w type="NPS" lemma="Games">Games</w>
<pc type="SENT">.</pc>
</s>
<s><w type="EX" lemma="There">There</w>
<w type="VBP" lemma="are">are</w>
<w type="JJ" lemma="many">many</w>
<w type="VVN" lemma="XXXX">unpublicised</w>
<w type="NNS" lemma="meeting">meetings</w>
<pc type="sub">,</pc>
<w type="CC" lemma="but">but</w>
<w type="PP" lemma="it">it</w>
<w type="VBZ" lemma="be">is</w>
<w type="RB" lemma="not">not</w>
<w type="RB" lemma="often">often</w>
<w type="IN" lemma="that">that</w>
<w type="DT" lemma="the">the</w>
<w type="NP" lemma="Commonwealth">Commonwealth</w>
<w type="VBZ" lemma="be">is</w>
<w type="JJ" lemma="able">able</w>
<w type="TO" lemma="to">to</w>
<w type="VV" lemma="get">get</w>
<w type="RB" lemma="together">together</w>
<w type="IN" lemma="for">for</w>
<w type="DT" lemma="a">a</w>
<w type="JJ" lemma="great">great</w>
<w type="JJ" lemma="public">public</w>
<w type="NN" lemma="ceremony">ceremony</w>
<pc type="SENT">.</pc>
</s></p><p><s><w type="IN" lemma="on">On</w>
<w type="DT" lemma="this">this</w>
<w type="NN" lemma="occasion">occasion</w>
<w type="PP" lemma="it">it</w>
<w type="VBD" lemma="be">was</w>
<w type="NN" lemma="sport">sport</w>
<w type="WDT" lemma="that">that</w>
<w type="VVD" lemma="bring">brought</w>
<w type="PP" lemma="them">them</w>
<w type="TO" lemma="to">to</w>
<w type="NP" lemma="Scotland">Scotland</w>
<pc type="sub">,</pc>
<w type="CC" lemma="and">and</w>
<w type="PP" lemma="they">they</w>
<w type="VVD" lemma="come">came</w>
<w type="TO" lemma="to">to</w>
<w type="VV" lemma="compete">compete</w>
<w type="CC" lemma="and">and</w>
<w type="TO" lemma="to">to</w>
<w type="VV" lemma="enjoy">enjoy</w>
<w type="PP" lemma="themselves">themselves</w>
<pc type="SENT">.</pc>
</s>
<s><w type="PP" lemma="we">We</w>
<w type="VVD" lemma="entertain">entertained</w>
<w type="PP" lemma="them">them</w>
<w type="RB" lemma="all">all</w>
<w type="IN" lemma="in">in</w>
<w type="DT" lemma="the">the</w>
<w type="NN" lemma="garden">garden</w>
<w type="IN" lemma="of">of</w>
<w type="PPs" lemma="our">our</w>
<w type="NN" lemma="home">home</w>
<w type="IN" lemma="in">in</w>
<w type="NP" lemma="Edinburgh">Edinburgh</w>
<pc type="sub">,</pc>
<w type="CC" lemma="and">and</w>
<w type="PP" lemma="I">I</w>
<w type="VBD" lemma="be">was</w>
<w type="RB" lemma="very">very</w>
<w type="JJ" lemma="conscious">conscious</w>
<w type="IN" lemma="that">that</w>
<w type="DT" lemma="each">each</w>
<w type="IN" lemma="of">of</w>
<w type="DT" lemma="the">the</w>
<w type="NNS" lemma="athlete">athletes</w>
<w type="PP" lemma="I">I</w>
<w type="VVD" lemma="meet">met</w>
<w type="VVD" lemma="represent">represented</w>
<w type="DT" lemma="a">a</w>
<w type="NN" lemma="country">country</w>
<w type="IN" lemma="as">as</w>
<w type="JJ" lemma="different">different</w>
<w type="CC" lemma="and">and</w>
<w type="JJ" lemma="interesting">interesting</w>
<w type="IN" lemma="as">as</w>
<w type="DT" lemma="those">those</w>
<w type="PP" lemma="I">I</w>
<w type="VHD" lemma="have">had</w>
<w type="VBN" lemma="be">been</w>
<w type="JJ" lemma="able">able</w>
<w type="TO" lemma="to">to</w>
<w type="VV" lemma="visit">visit</w>
<w type="IN" lemma="during">during</w>
<w type="DT" lemma="the">the</w>
<w type="NN" lemma="year">year</w>
<pc type="SENT">.</pc>
</s></p><p><s><w type="RB" lemma="never">Never</w>
<w type="RB" lemma="before">before</w>
<w type="VHZ" lemma="have">has</w>
<w type="RB" lemma="there">there</w>
<w type="VBN" lemma="be">been</w>
<w type="DT" lemma="a">a</w>
<w type="NN" lemma="group">group</w>
<w type="IN" lemma="of">of</w>
<w type="JJ" lemma="independent">independent</w>
<w type="NNS" lemma="nation">nations</w>
<w type="VVN" lemma="link">linked</w>
<w type="IN" lemma="in">in</w>
<w type="DT" lemma="this">this</w>
<w type="NN" lemma="way">way</w>
<w type="IN" lemma="by">by</w>
<w type="PPs" lemma="their">their</w>
<w type="JJ" lemma="common">common</w>
<w type="NN" lemma="history">history</w>
<w type="CC" lemma="and">and</w>
<w type="VVG" lemma="continue">continuing</w>
<w type="NN" lemma="affection">affection</w>
<pc type="SENT">.</pc>
</s></p><p><s><w type="RB" lemma="too">Too</w>
<w type="RB" lemma="often">often</w>
<w type="PP" lemma="we">we</w>
<w type="VVP" lemma="hear">hear</w>
<w type="IN" lemma="about">about</w>
<w type="DT" lemma="the">the</w>
<w type="NP" lemma="Commonwealth">Commonwealth</w>
<w type="RB" lemma="only">only</w>
<w type="WRB" lemma="when">when</w>
<w type="EX" lemma="there">there</w>
<w type="VBZ" lemma="be">is</w>
<w type="JJ" lemma="bad">bad</w>
<w type="NN" lemma="news">news</w>
<w type="IN" lemma="about">about</w>
<w type="CD" lemma="one">one</w>
<w type="IN" lemma="of">of</w>
<w type="PPs" lemma="its">its</w>
<w type="NNS" lemma="member">members</w>
<pc type="sub">,</pc>
<w type="CC" lemma="or">or</w>
<w type="WRB" lemma="when">when</w>
<w type="PPs" lemma="its">its</w>
<w type="NN" lemma="usefulness">usefulness</w>
<w type="CC" lemma="or">or</w>
<w type="PPs" lemma="its">its</w>
<w type="JJ" lemma="very">very</w>
<w type="NN" lemma="existence">existence</w>
<w type="VBZ" lemma="be">is</w>
<w type="VVN" lemma="question">questioned</w>
<pc type="SENT">.</pc>
</s>
<s><w type="NP" lemma="Britain">Britain</w>
<w type="CC" lemma="and">and</w>
<w type="JJ" lemma="other">other</w>
<w type="NNS" lemma="member">members</w>
<w type="VVD" lemma="respond">responded</w>
<w type="RB" lemma="generously">generously</w>
<w type="IN" lemma="after">after</w>
<w type="DT" lemma="the">the</w>
<w type="JJ" lemma="terrible">terrible</w>
<w type="NN" lemma="disaster">disaster</w>
<w type="IN" lemma="in">in</w>
<w type="NP" lemma="East">East</w>
<w type="NP" lemma="Pakistan">Pakistan</w>
<pc type="sub">,</pc>
<w type="CC" lemma="but">but</w>
<w type="DT" lemma="the">the</w>
<w type="NN" lemma="fellowship">fellowship</w>
<w type="IN" lemma="of">of</w>
<w type="DT" lemma="the">the</w>
<w type="NP" lemma="Commonwealth">Commonwealth</w>
<w type="VVZ" lemma="do">does</w>
<w type="RB" lemma="not">not</w>
<w type="VV" lemma="exist">exist</w>
<w type="RB" lemma="only">only</w>
<w type="IN" lemma="at">at</w>
<w type="JJ" lemma="such">such</w>
<w type="JJ" lemma="unhappy">unhappy</w>
<w type="NNS" lemma="time">times</w>
<pc type="SENT">.</pc>
</s></p><p><s><w type="JJ" lemma="Many">Many</w>
<w type="IN" lemma="of">of</w>
<w type="PP" lemma="us">us</w>
<w type="RB" lemma="here">here</w>
<w type="IN" lemma="in">in</w>
<w type="NP" lemma="Britain">Britain</w>
<w type="VHP" lemma="have">have</w>
<w type="NNS" lemma="relative">relatives</w>
<w type="VVG" lemma="live">living</w>
<w type="IN" lemma="in">in</w>
<w type="JJ" lemma="other">other</w>
<w type="NP" lemma="Commonwealth">Commonwealth</w>
<w type="NNS" lemma="country">countries</w>
<pc type="sub">,</pc>
<w type="CC" lemma="and">and</w>
<w type="EX" lemma="there">there</w>
<w type="VBP" lemma="are">are</w>
<w type="RB" lemma="many">many</w>
<w type="WP" lemma="who">who</w>
<w type="VBD" lemma="be">were</w>
<w type="VVN" lemma="bear">born</w>
<w type="RB" lemma="overseas">overseas</w>
<w type="VVG" lemma="live">living</w>
<w type="RB" lemma="here">here</w>
<pc type="SENT">.</pc>
</s>
<s><w type="IN" lemma="because">Because</w>
<w type="PP" lemma="it">it</w>
<w type="VBZ" lemma="be">is</w>
<w type="NP" lemma="Christmas">Christmas</w>
<w type="PP" lemma="we">we</w>
<w type="VBP" lemma="are">are</w>
<w type="RB" lemma="probably">probably</w>
<w type="VVG" lemma="think">thinking</w>
<w type="IN" lemma="of">of</w>
<w type="PP" lemma="them">them</w>
<w type="RB" lemma="now">now</w>
<pc type="SENT">.</pc>
</s>
<s><w type="PP" lemma="it">It</w>
<w type="VBZ" lemma="be">is</w>
<w type="DT" lemma="these">these</w>
<w type="JJ" lemma="personal">personal</w>
<w type="NNS" lemma="contact">contacts</w>
<w type="WDT" lemma="which">which</w>
<w type="VVP" lemma="mean">mean</w>
<w type="RB" lemma="so">so</w>
<w type="RB" lemma="much">much</w>
<pc type="SENT">.</pc>
</s></p><p><s><w type="DT" lemma="the">The</w>
<w type="NN" lemma="strength">strength</w>
<w type="IN" lemma="of">of</w>
<w type="DT" lemma="the">the</w>
<w type="NP" lemma="Commonwealth">Commonwealth</w>
<w type="VVZ" lemma="lie">lies</w>
<w type="IN" lemma="in">in</w>
<w type="PPs" lemma="its">its</w>
<w type="NN" lemma="history">history</w>
<w type="CC" lemma="and">and</w>
<w type="DT" lemma="the">the</w>
<w type="NN" lemma="way">way</w>
<w type="NNS" lemma="people">people</w>
<w type="VVP" lemma="feel">feel</w>
<w type="IN" lemma="about">about</w>
<w type="PP" lemma="it">it</w>
<pc type="SENT">.</pc>
</s>
<s><w type="PDT" lemma="All">All</w>
<w type="DT" lemma="those">those</w>
<w type="NNS" lemma="year">years</w>
<w type="IN" lemma="through">through</w>
<w type="WDT" lemma="which">which</w>
<w type="PP" lemma="we">we</w>
<w type="VHP" lemma="have">have</w>
<w type="VVD" lemma="live">lived</w>
<w type="RB" lemma="together">together</w>
<w type="VH" lemma="have">have</w>
<w type="VVN" lemma="give">given</w>
<w type="PP" lemma="us">us</w>
<w type="DT" lemma="an">an</w>
<w type="NN" lemma="exchange">exchange</w>
<w type="IN" lemma="of">of</w>
<w type="NNS" lemma="people">people</w>
<w type="CC" lemma="and">and</w>
<w type="NNS" lemma="idea">ideas</w>
<w type="WDT" lemma="which">which</w>
<w type="VVZ" lemma="ensure">ensures</w>
<w type="IN" lemma="that">that</w>
<w type="EX" lemma="there">there</w>
<w type="VBZ" lemma="be">is</w>
<w type="DT" lemma="a">a</w>
<w type="VVG" lemma="continue">continuing</w>
<w type="NN" lemma="concern">concern</w>
<w type="IN" lemma="for">for</w>
<w type="DT" lemma="each">each</w>
<w type="JJ" lemma="other">other</w>
<pc type="SENT">.</pc>
</s></p><p><s><w type="IN" lemma="that">That</w>
<pc type="sub">,</pc>
<w type="RB" lemma="very">very</w>
<w type="RB" lemma="simply">simply</w>
<pc type="sub">,</pc>
<w type="VBZ" lemma="be">is</w>
<w type="DT" lemma="the">the</w>
<w type="NN" lemma="message">message</w>
<w type="IN" lemma="of">of</w>
<w type="NP" lemma="Christmas">Christmas</w>
<pc type="sub">-</pc>
<w type="VVG" lemma="learn">learning</w>
<w type="TO" lemma="to">to</w>
<w type="VB" lemma="be">be</w>
<w type="VVN" lemma="concern">concerned</w>
<w type="IN" lemma="about">about</w>
<w type="CD" lemma="one">one</w>
<w type="DT" lemma="another">another</w>
<pc type="sub">;</pc>
<w type="TO" lemma="to">to</w>
<w type="VV" lemma="treat">treat</w>
<w type="PPs" lemma="your">your</w>
<w type="NN" lemma="neighbour">neighbour</w>
<w type="IN" lemma="as">as</w>
<w type="PP" lemma="you">you</w>
<w type="MD" lemma="would">would</w>
<w type="VV" lemma="like">like</w>
<w type="PP" lemma="him">him</w>
<w type="TO" lemma="to">to</w>
<w type="VV" lemma="treat">treat</w>
<w type="PP" lemma="you">you</w>
<pc type="sub">;</pc>
<w type="CC" lemma="and">and</w>
<w type="TO" lemma="to">to</w>
<w type="VV" lemma="care">care</w>
<w type="IN" lemma="about">about</w>
<w type="DT" lemma="the">the</w>
<w type="NN" lemma="future">future</w>
<w type="IN" lemma="of">of</w>
<w type="DT" lemma="all">all</w>
<w type="NN" lemma="life">life</w>
<w type="IN" lemma="on">on</w>
<w type="NN" lemma="earth">earth</w>
<pc type="SENT">.</pc>
</s></p><p><s><w type="DT" lemma="these">These</w>
<w type="NNS" lemma="matter">matters</w>
<w type="IN" lemma="of">of</w>
<w type="DT" lemma="the">the</w>
<w type="NN" lemma="spirit">spirit</w>
<w type="VBP" lemma="are">are</w>
<w type="RBR" lemma="more">more</w>
<w type="JJ" lemma="important">important</w>
<w type="CC" lemma="and">and</w>
<w type="RBR" lemma="more">more</w>
<w type="JJ" lemma="lasting">lasting</w>
<w type="IN" lemma="than">than</w>
<w type="JJ" lemma="simple">simple</w>
<w type="NN" lemma="material">material</w>
<w type="NN" lemma="development">development</w>
<pc type="SENT">.</pc>
</s>
<s><w type="PP" lemma="it">It</w>
<w type="VBZ" lemma="be">is</w>
<w type="DT" lemma="a">a</w>
<w type="JJ" lemma="hard">hard</w>
<w type="NN" lemma="lesson">lesson</w>
<pc type="sub">,</pc>
<w type="CC" lemma="but">but</w>
<w type="PP" lemma="I">I</w>
<w type="VVP" lemma="think">think</w>
<w type="IN" lemma="that">that</w>
<w type="PP" lemma="we">we</w>
<w type="IN" lemma="in">in</w>
<w type="DT" lemma="the">the</w>
<w type="NP" lemma="Commonwealth">Commonwealth</w>
<w type="VHP" lemma="have">have</w>
<w type="RB" lemma="perhaps">perhaps</w>
<w type="VVN" lemma="begin">begun</w>
<w type="TO" lemma="to">to</w>
<w type="VV" lemma="understand">understand</w>
<w type="PP" lemma="it">it</w>
<pc type="SENT">.</pc>
</s></p><p><s><w type="PP" lemma="I">I</w>
<w type="VVP" lemma="wish">wish</w>
<w type="PP" lemma="you">you</w>
<w type="PDT" lemma="all">all</w>
<w type="DT" lemma="a">a</w>
<w type="JJ" lemma="merry">merry</w>
<w type="NP" lemma="Christmas">Christmas</w>
<pc type="SENT">.</pc>
</s>
<s><w type="NP" lemma="God">God</w>
<w type="VV" lemma="bless">bless</w>
<w type="PP" lemma="you">you</w>
<w type="DT" lemma="all">all</w>
<pc type="SENT">.</pc>
</s></p></div>