<div xmlns='http://www.tei-c.org/ns/1.0' n="1971"><head><s><w type="NP" lemma="Christmas">Christmas</w>
<w type="NP" lemma="Broadcast">Broadcast</w>
<w type="NP" lemma="@card@">1971</w>
</s></head><p><s><w type="NP" lemma="Christmas">Christmas</w>
<w type="VBZ" lemma="be">is</w>
<w type="DT" lemma="the">the</w>
<w type="NN" lemma="time">time</w>
<w type="IN" lemma="for">for</w>
<w type="NNS" lemma="family">families</w>
<w type="CC" lemma="and">and</w>
<w type="IN" lemma="for">for</w>
<w type="NNS" lemma="child">children</w>
<pc type="sub">,</pc>
<w type="CC" lemma="and">and</w>
<w type="PP" lemma="it">it</w>
<w type="VBZ" lemma="be">'s</w>
<w type="RB" lemma="also">also</w>
<w type="DT" lemma="a">a</w>
<w type="NN" lemma="time">time</w>
<w type="WRB" lemma="when">when</w>
<w type="PP" lemma="we">we</w>
<w type="VV" lemma="realise">realise</w>
<w type="IN" lemma="that">that</w>
<w type="DT" lemma="another">another</w>
<w type="NN" lemma="year">year</w>
<w type="VBZ" lemma="be">is</w>
<w type="VVG" lemma="come">coming</w>
<w type="TO" lemma="to">to</w>
<w type="DT" lemma="an">an</w>
<w type="NN" lemma="end">end</w>
<pc type="SENT">.</pc>
</s></p><p><s><w type="IN" lemma="as">As</w>
<w type="DT" lemma="the">the</w>
<w type="JJ" lemma="familiar">familiar</w>
<w type="NN" lemma="pattern">pattern</w>
<w type="IN" lemma="of">of</w>
<w type="NP" lemma="Christmas">Christmas</w>
<w type="CC" lemma="and">and</w>
<w type="DT" lemma="the">the</w>
<w type="NP" lemma="New">New</w>
<w type="NN" lemma="year">Year</w>
<w type="VVZ" lemma="repeat">repeats</w>
<w type="PP" lemma="itself">itself</w>
<pc type="sub">,</pc>
<w type="PP" lemma="we">we</w>
<w type="MD" lemma="may">may</w>
<w type="RB" lemma="sometimes">sometimes</w>
<w type="VV" lemma="forget">forget</w>
<w type="WRB" lemma="how">how</w>
<w type="JJ" lemma="much">much</w>
<w type="DT" lemma="the">the</w>
<w type="NN" lemma="world">world</w>
<w type="IN" lemma="about">about</w>
<w type="PP" lemma="us">us</w>
<w type="VHZ" lemma="have">has</w>
<w type="VBN" lemma="be">been</w>
<w type="VVG" lemma="change">changing</w>
<pc type="SENT">.</pc>
</s></p><p><s><w type="PP" lemma="it">It</w>
<w type="VBD" lemma="be">was</w>
<w type="CD" lemma="@card@">39</w>
<w type="NNS" lemma="year">years</w>
<w type="RB" lemma="ago">ago</w>
<w type="IN" lemma="that">that</w>
<w type="PPs" lemma="my">my</w>
<w type="NN" lemma="grandfather">grandfather</w>
<pc type="sub">,</pc>
<w type="NP" lemma="King">King</w>
<w type="NP" lemma="George">George</w>
<w type="NN" lemma="V">V</w>
<pc type="sub">,</pc>
<w type="VVD" lemma="give">gave</w>
<w type="DT" lemma="the">the</w>
<w type="JJ" lemma="first">first</w>
<w type="IN" lemma="of">of</w>
<w type="PPs" lemma="his">his</w>
<w type="NP" lemma="Christmas">Christmas</w>
<w type="NP" lemma="XXXX">Broadcasts</w>
<pc type="SENT">.</pc>
</s>
<s><w type="PP" lemma="he">He</w>
<w type="VVD" lemma="speak">spoke</w>
<w type="IN" lemma="about">about</w>
<w type="DT" lemma="a">a</w>
<w type="NN" lemma="future">future</w>
<w type="WDT" lemma="which">which</w>
<w type="VBZ" lemma="be">is</w>
<w type="RB" lemma="now">now</w>
<w type="DT" lemma="the">the</w>
<w type="NN" lemma="past">past</w>
<pc type="SENT">.</pc>
</s>
<s><w type="NN" lemma="today">Today</w>
<w type="PP" lemma="it">it</w>
<w type="VBZ" lemma="be">is</w>
<w type="PPs" lemma="our">our</w>
<w type="NN" lemma="turn">turn</w>
<w type="TO" lemma="to">to</w>
<w type="VV" lemma="think">think</w>
<w type="IN" lemma="about">about</w>
<w type="DT" lemma="the">the</w>
<w type="NN" lemma="future">future</w>
<pc type="SENT">.</pc>
</s></p><p><s><w type="JJ" lemma="Many">Many</w>
<w type="IN" lemma="of">of</w>
<w type="PP" lemma="you">you</w>
<w type="WP" lemma="who">who</w>
<w type="VBP" lemma="are">are</w>
<w type="VVG" lemma="listen">listening</w>
<w type="VBP" lemma="are">are</w>
<w type="JJ" lemma="able">able</w>
<pc type="sub">,</pc>
<w type="IN" lemma="like">like</w>
<w type="PP" lemma="me">me</w>
<pc type="sub">,</pc>
<w type="TO" lemma="to">to</w>
<w type="VV" lemma="enjoy">enjoy</w>
<w type="DT" lemma="this">this</w>
<w type="NP" lemma="Christmas">Christmas</w>
<w type="IN" lemma="with">with</w>
<w type="PPs" lemma="your">your</w>
<w type="NNS" lemma="family">families</w>
<pc type="sub">,</pc>
<w type="CC" lemma="and">and</w>
<w type="PPs" lemma="your">your</w>
<w type="NNS" lemma="child">children</w>
<w type="MD" lemma="can">can</w>
<w type="VV" lemma="enjoy">enjoy</w>
<w type="DT" lemma="the">the</w>
<w type="NN" lemma="day">day</w>
<w type="IN" lemma="as">as</w>
<w type="DT" lemma="all">all</w>
<w type="NNS" lemma="child">children</w>
<w type="MD" lemma="should">should</w>
<pc type="SENT">.</pc>
</s>
<s><w type="CC" lemma="but">But</w>
<w type="RB" lemma="tragically">tragically</w>
<pc type="sub">,</pc>
<w type="EX" lemma="there">there</w>
<w type="VBP" lemma="are">are</w>
<w type="JJ" lemma="many">many</w>
<w type="NNS" lemma="million">millions</w>
<w type="IN" lemma="of">of</w>
<w type="NNS" lemma="other">others</w>
<w type="IN" lemma="for">for</w>
<w type="WP" lemma="whom">whom</w>
<w type="DT" lemma="this">this</w>
<w type="NN" lemma="XXXX">cannot</w>
<w type="VB" lemma="be">be</w>
<w type="DT" lemma="the">the</w>
<w type="JJ" lemma="same">same</w>
<pc type="SENT">.</pc>
</s>
<s><w type="PPs" lemma="our">Our</w>
<w type="NNS" lemma="thought">thoughts</w>
<w type="CC" lemma="and">and</w>
<w type="NNS" lemma="prayer">prayers</w>
<w type="MD" lemma="should">should</w>
<w type="VB" lemma="be">be</w>
<w type="IN" lemma="for">for</w>
<w type="PP" lemma="them">them</w>
<pc type="SENT">.</pc>
</s></p><p><s><w type="PPs" lemma="our">Our</w>
<w type="NNS" lemma="child">children</w>
<w type="MD" lemma="will">will</w>
<w type="VB" lemma="be">be</w>
<w type="VVG" lemma="live">living</w>
<w type="IN" lemma="in">in</w>
<w type="DT" lemma="a">a</w>
<w type="NN" lemma="world">world</w>
<w type="WDT" lemma="which">which</w>
<w type="PPs" lemma="our">our</w>
<w type="NN" lemma="work">work</w>
<w type="CC" lemma="and">and</w>
<w type="NNS" lemma="deed">deeds</w>
<w type="VHP" lemma="have">have</w>
<w type="VVN" lemma="shape">shaped</w>
<w type="IN" lemma="for">for</w>
<w type="PP" lemma="them">them</w>
<pc type="SENT">.</pc>
</s>
<s><w type="PP" lemma="we">We</w>
<w type="VV" lemma="XXXX">cannot</w>
<w type="RB" lemma="possibly">possibly</w>
<w type="VV" lemma="tell">tell</w>
<w type="WP" lemma="what">what</w>
<w type="VVZ" lemma="change">changes</w>
<w type="DT" lemma="the">the</w>
<w type="JJ" lemma="next">next</w>
<w type="CD" lemma="@card@">40</w>
<w type="NNS" lemma="year">years</w>
<w type="MD" lemma="will">will</w>
<w type="VV" lemma="bring">bring</w>
<pc type="SENT">.</pc>
</s>
<s><w type="PP" lemma="we">We</w>
<w type="VVP" lemma="do">do</w>
<w type="VV" lemma="know">know</w>
<w type="IN" lemma="that">that</w>
<w type="PP" lemma="we">we</w>
<w type="VBP" lemma="are">are</w>
<w type="VVG" lemma="pass">passing</w>
<w type="IN" lemma="on">on</w>
<w type="TO" lemma="to">to</w>
<w type="PPs" lemma="our">our</w>
<w type="NNS" lemma="child">children</w>
<w type="DT" lemma="the">the</w>
<w type="NN" lemma="power">power</w>
<w type="TO" lemma="to">to</w>
<w type="VV" lemma="change">change</w>
<w type="PPs" lemma="their">their</w>
<w type="JJ" lemma="whole">whole</w>
<w type="NN" lemma="environment">environment</w>
<pc type="SENT">.</pc>
</s></p><p><s><w type="CC" lemma="but">But</w>
<w type="PP" lemma="we">we</w>
<w type="RB" lemma="also">also</w>
<w type="VVP" lemma="leave">leave</w>
<w type="PP" lemma="them">them</w>
<w type="IN" lemma="with">with</w>
<w type="DT" lemma="a">a</w>
<w type="NN" lemma="set">set</w>
<w type="IN" lemma="of">of</w>
<w type="NNS" lemma="value">values</w>
<w type="WDT" lemma="which">which</w>
<w type="PP" lemma="they">they</w>
<w type="VVP" lemma="take">take</w>
<w type="IN" lemma="from">from</w>
<w type="PPs" lemma="our">our</w>
<w type="NNS" lemma="life">lives</w>
<w type="CC" lemma="and">and</w>
<w type="IN" lemma="from">from</w>
<w type="PPs" lemma="our">our</w>
<w type="NN" lemma="example">example</w>
<pc type="SENT">.</pc>
</s>
<s><w type="DT" lemma="the">The</w>
<w type="NNS" lemma="decision">decisions</w>
<w type="PP" lemma="they">they</w>
<w type="VVP" lemma="take">take</w>
<w type="CC" lemma="and">and</w>
<w type="DT" lemma="the">the</w>
<w type="NN" lemma="sort">sort</w>
<w type="IN" lemma="of">of</w>
<w type="NN" lemma="world">world</w>
<w type="PP" lemma="they">they</w>
<w type="VVP" lemma="pass">pass</w>
<w type="IN" lemma="on">on</w>
<w type="TO" lemma="to">to</w>
<w type="PPs" lemma="their">their</w>
<w type="NNS" lemma="child">children</w>
<w type="MD" lemma="could">could</w>
<w type="VB" lemma="be">be</w>
<w type="RB" lemma="just">just</w>
<w type="RB" lemma="as">as</w>
<w type="RB" lemma="much">much</w>
<w type="VVN" lemma="affect">affected</w>
<w type="IN" lemma="by">by</w>
<w type="DT" lemma="those">those</w>
<w type="NNS" lemma="value">values</w>
<w type="IN" lemma="as">as</w>
<w type="IN" lemma="by">by</w>
<w type="PDT" lemma="all">all</w>
<w type="DT" lemma="the">the</w>
<w type="JJ" lemma="technological">technological</w>
<w type="NNS" lemma="wonder">wonders</w>
<w type="IN" lemma="of">of</w>
<w type="DT" lemma="the">the</w>
<w type="NN" lemma="age">age</w>
<pc type="SENT">.</pc>
</s></p><p><s><w type="DT" lemma="the">The</w>
<w type="NP" lemma="Christmas">Christmas</w>
<w type="NN" lemma="message">message</w>
<w type="VBZ" lemma="be">is</w>
<w type="RB" lemma="really">really</w>
<w type="CD" lemma="one">one</w>
<w type="IN" lemma="for">for</w>
<w type="DT" lemma="all">all</w>
<w type="NNS" lemma="season">seasons</w>
<w type="CC" lemma="and">and</w>
<w type="RB" lemma="not">not</w>
<w type="RB" lemma="just">just</w>
<w type="IN" lemma="for">for</w>
<w type="CD" lemma="one">one</w>
<w type="NN" lemma="day">day</w>
<w type="IN" lemma="of">of</w>
<w type="DT" lemma="the">the</w>
<w type="NN" lemma="year">year</w>
<pc type="SENT">.</pc>
</s>
<s><w type="IN" lemma="if">If</w>
<w type="PP" lemma="we">we</w>
<w type="MD" lemma="can">can</w>
<w type="VV" lemma="show">show</w>
<w type="DT" lemma="this">this</w>
<w type="IN" lemma="by">by</w>
<w type="PPs" lemma="our">our</w>
<w type="NNS" lemma="life">lives</w>
<w type="CC" lemma="and">and</w>
<w type="IN" lemma="by">by</w>
<w type="PPs" lemma="our">our</w>
<w type="NN" lemma="example">example</w>
<pc type="sub">,</pc>
<w type="RB" lemma="then">then</w>
<w type="PPs" lemma="our">our</w>
<w type="NN" lemma="contribution">contribution</w>
<w type="IN" lemma="as">as</w>
<w type="NNS" lemma="parent">parents</w>
<w type="MD" lemma="will">will</w>
<w type="VB" lemma="be">be</w>
<w type="RB" lemma="just">just</w>
<w type="RB" lemma="as">as</w>
<w type="JJ" lemma="important">important</w>
<w type="IN" lemma="as">as</w>
<w type="DT" lemma="any">any</w>
<w type="VVN" lemma="make">made</w>
<w type="IN" lemma="by">by</w>
<w type="NNS" lemma="scientist">scientists</w>
<w type="CC" lemma="and">and</w>
<w type="NNS" lemma="engineer">engineers</w>
<pc type="SENT">.</pc>
</s></p><p><s><w type="RB" lemma="perhaps">Perhaps</w>
<w type="PP" lemma="we">we</w>
<w type="MD" lemma="can">can</w>
<w type="RB" lemma="then">then</w>
<w type="VV" lemma="look">look</w>
<w type="IN" lemma="for">for</w>
<w type="DT" lemma="the">the</w>
<w type="JJ" lemma="real">real</w>
<w type="NN" lemma="peace">peace</w>
<w type="IN" lemma="on">on</w>
<w type="NN" lemma="earth">earth</w>
<pc type="sub">,</pc>
<w type="CC" lemma="and">and</w>
<w type="DT" lemma="the">the</w>
<w type="NNS" lemma="power">powers</w>
<w type="WDT" lemma="which">which</w>
<w type="NNS" lemma="man">men</w>
<w type="VHP" lemma="have">have</w>
<w type="VVN" lemma="harness">harnessed</w>
<w type="MD" lemma="will">will</w>
<w type="VB" lemma="be">be</w>
<w type="VVN" lemma="use">used</w>
<w type="IN" lemma="for">for</w>
<w type="DT" lemma="the">the</w>
<w type="NN" lemma="benefit">benefit</w>
<w type="IN" lemma="of">of</w>
<w type="PPs" lemma="our">our</w>
<w type="JJ" lemma="fellow">fellow</w>
<w type="NNS" lemma="man">men</w>
<pc type="SENT">.</pc>
</s></p><p><s><w type="PP" lemma="I">I</w>
<w type="VVP" lemma="hope">hope</w>
<w type="DT" lemma="this">this</w>
<w type="NP" lemma="Christmas">Christmas</w>
<w type="NP" lemma="Day">Day</w>
<w type="VBZ" lemma="be">is</w>
<w type="VVG" lemma="bring">bringing</w>
<w type="TO" lemma="to">to</w>
<w type="JJ" lemma="many">many</w>
<w type="IN" lemma="of">of</w>
<w type="PP" lemma="you">you</w>
<w type="NN" lemma="peace">peace</w>
<w type="CC" lemma="and">and</w>
<w type="NN" lemma="happiness">happiness</w>
<pc type="sub">,</pc>
<w type="CC" lemma="and">and</w>
<w type="IN" lemma="for">for</w>
<w type="NN" lemma="everyone">everyone</w>
<w type="DT" lemma="the">the</w>
<w type="NN" lemma="hope">hope</w>
<w type="IN" lemma="of">of</w>
<w type="DT" lemma="this">this</w>
<w type="TO" lemma="to">to</w>
<w type="VV" lemma="come">come</w>
<pc type="SENT">.</pc>
</s>
<s><w type="NP" lemma="May">May</w>
<w type="NP" lemma="God">God</w>
<w type="VV" lemma="bless">bless</w>
<w type="PP" lemma="you">you</w>
<w type="DT" lemma="all">all</w>
<pc type="SENT">.</pc>
</s></p></div>