<div xmlns='http://www.tei-c.org/ns/1.0' n="1976"><head><s><w type="NP" lemma="Christmas">Christmas</w>
<w type="NP" lemma="Broadcast">Broadcast</w>
<w type="NP" lemma="@card@">1976</w>
</s></head><p><s><w type="NP" lemma="Christmas">Christmas</w>
<w type="VBZ" lemma="be">is</w>
<w type="DT" lemma="a">a</w>
<w type="NN" lemma="time">time</w>
<w type="IN" lemma="for">for</w>
<w type="NN" lemma="reconciliation">reconciliation</w>
<pc type="SENT">.</pc>
</s>
<s><w type="DT" lemma="a">A</w>
<w type="NN" lemma="time">time</w>
<w type="RB" lemma="not">not</w>
<w type="RB" lemma="only">only</w>
<w type="IN" lemma="for">for</w>
<w type="NNS" lemma="family">families</w>
<w type="CC" lemma="and">and</w>
<w type="NNS" lemma="friend">friends</w>
<w type="TO" lemma="to">to</w>
<w type="VV" lemma="come">come</w>
<w type="RB" lemma="together">together</w>
<w type="CC" lemma="but">but</w>
<w type="RB" lemma="also">also</w>
<w type="IN" lemma="for">for</w>
<w type="NNS" lemma="difference">differences</w>
<w type="TO" lemma="to">to</w>
<w type="VB" lemma="be">be</w>
<w type="VVN" lemma="forget">forgotten</w>
<pc type="SENT">.</pc>
</s></p><p><s><w type="IN" lemma="in">In</w>
<w type="CD" lemma="@card@">1976</w>
<w type="PP" lemma="I">I</w>
<w type="VBD" lemma="be">was</w>
<w type="VVN" lemma="remind">reminded</w>
<w type="IN" lemma="of">of</w>
<w type="DT" lemma="the">the</w>
<w type="NN" lemma="good">good</w>
<w type="WDT" lemma="that">that</w>
<w type="MD" lemma="can">can</w>
<w type="VV" lemma="flow">flow</w>
<w type="IN" lemma="from">from</w>
<w type="DT" lemma="a">a</w>
<w type="NN" lemma="friendship">friendship</w>
<w type="WDT" lemma="that">that</w>
<w type="VBZ" lemma="be">is</w>
<w type="VVN" lemma="mend">mended</w>
<pc type="SENT">.</pc>
</s>
<s><w type="CD" lemma="Two">Two</w>
<w type="CD" lemma="hundred">hundred</w>
<w type="NNS" lemma="year">years</w>
<w type="IN" lemma="ago">ago</w>
<w type="DT" lemma="the">the</w>
<w type="NNS" lemma="representative">representatives</w>
<w type="IN" lemma="of">of</w>
<w type="DT" lemma="the">the</w>
<w type="CD" lemma="thirteen">thirteen</w>
<w type="JJ" lemma="British">British</w>
<w type="NNS" lemma="colony">Colonies</w>
<w type="IN" lemma="in">in</w>
<w type="NP" lemma="North">North</w>
<w type="NP" lemma="America">America</w>
<w type="VVD" lemma="sign">signed</w>
<w type="DT" lemma="the">the</w>
<w type="NP" lemma="Declaration">Declaration</w>
<w type="IN" lemma="of">of</w>
<w type="NP" lemma="Independence">Independence</w>
<w type="IN" lemma="in">in</w>
<w type="NP" lemma="Philadelphia">Philadelphia</w>
<pc type="SENT">.</pc>
</s></p><p><s><w type="DT" lemma="this">This</w>
<w type="NN" lemma="year">year</w>
<w type="PP" lemma="we">we</w>
<w type="VVD" lemma="go">went</w>
<w type="TO" lemma="to">to</w>
<w type="NP" lemma="America">America</w>
<w type="TO" lemma="to">to</w>
<w type="VV" lemma="join">join</w>
<w type="IN" lemma="in">in</w>
<w type="PPs" lemma="their">their</w>
<w type="JJ" lemma="bicentennial">Bicentennial</w>
<w type="NNS" lemma="celebration">celebrations</w>
<pc type="SENT">.</pc>
</s>
<s><w type="WP" lemma="who">Who</w>
<w type="MD" lemma="would">would</w>
<w type="VH" lemma="have">have</w>
<w type="VVN" lemma="think">thought</w>
<w type="CD" lemma="@card@">200</w>
<w type="NNS" lemma="year">years</w>
<w type="RB" lemma="ago">ago</w>
<w type="IN" lemma="that">that</w>
<w type="DT" lemma="a">a</w>
<w type="NN" lemma="descendent">descendent</w>
<w type="IN" lemma="of">of</w>
<w type="NP" lemma="King">King</w>
<w type="NP" lemma="George">George</w>
<w type="NP" lemma="III">III</w>
<w type="MD" lemma="could">could</w>
<w type="VH" lemma="have">have</w>
<w type="VVN" lemma="take">taken</w>
<w type="NN" lemma="part">part</w>
<w type="IN" lemma="in">in</w>
<w type="DT" lemma="these">these</w>
<w type="NNS" lemma="celebration">celebrations</w>
<pc type="SENT">?</pc>
</s>
<s><w type="RB" lemma="yet">Yet</w>
<w type="IN" lemma="that">that</w>
<w type="JJ" lemma="same">same</w>
<w type="NP" lemma="King">King</w>
<w type="VBD" lemma="be">was</w>
<w type="IN" lemma="among">among</w>
<w type="DT" lemma="the">the</w>
<w type="JJ" lemma="first">first</w>
<w type="TO" lemma="to">to</w>
<w type="VV" lemma="recognise">recognise</w>
<w type="IN" lemma="that">that</w>
<w type="JJ" lemma="old">old</w>
<w type="NNS" lemma="score">scores</w>
<w type="MD" lemma="must">must</w>
<w type="VB" lemma="be">be</w>
<w type="VVN" lemma="settle">settled</w>
<w type="CC" lemma="and">and</w>
<w type="NNS" lemma="difference">differences</w>
<w type="VVD" lemma="reconcile">reconciled</w>
<pc type="sub">,</pc>
<w type="CC" lemma="and">and</w>
<w type="DT" lemma="the">the</w>
<w type="JJ" lemma="first">first</w>
<w type="NP" lemma="United">United</w>
<w type="NPS" lemma="States">States</w>
<w type="NP" lemma="Ambassador">Ambassador</w>
<w type="TO" lemma="to">to</w>
<w type="NP" lemma="Britain">Britain</w>
<w type="VVD" lemma="declare">declared</w>
<w type="IN" lemma="that">that</w>
<w type="PP" lemma="he">he</w>
<w type="VVD" lemma="want">wanted</w>
<pc type="oq">"</pc>
<w type="DT" lemma="the">the</w>
<w type="JJ" lemma="old">old</w>
<w type="JJ" lemma="good">good</w>
<w type="NN" lemma="nature">nature</w>
<w type="CC" lemma="and">and</w>
<w type="DT" lemma="the">the</w>
<w type="JJ" lemma="old">old</w>
<w type="JJ" lemma="good">good</w>
<w type="NN" lemma="humour">humour</w>
<w type="VVN" lemma="restore">restored</w>
<pc type="cq">"</pc>
<pc type="SENT">.</pc>
</s></p><p><s><w type="CC" lemma="and">And</w>
<w type="VVD" lemma="restore">restored</w>
<w type="PP" lemma="they">they</w>
<w type="VBD" lemma="be">were</w>
<pc type="SENT">.</pc>
</s>
<s><w type="DT" lemma="the">The</w>
<w type="NP" lemma="United">United</w>
<w type="NPS" lemma="States">States</w>
<w type="VBD" lemma="be">was</w>
<w type="VVN" lemma="bear">born</w>
<w type="IN" lemma="in">in</w>
<w type="JJ" lemma="bitter">bitter</w>
<w type="NN" lemma="conflict">conflict</w>
<w type="IN" lemma="with">with</w>
<w type="NP" lemma="Britain">Britain</w>
<w type="CC" lemma="but">but</w>
<w type="PP" lemma="we">we</w>
<w type="VVD" lemma="do">did</w>
<w type="RB" lemma="n't">n't</w>
<w type="VV" lemma="remain">remain</w>
<w type="NNS" lemma="enemy">enemies</w>
<w type="IN" lemma="for">for</w>
<w type="RB" lemma="long">long</w>
<pc type="SENT">.</pc>
</s>
<s><w type="IN" lemma="from">From</w>
<w type="PPs" lemma="our">our</w>
<w type="NN" lemma="reconciliation">reconciliation</w>
<w type="VVD" lemma="come">came</w>
<w type="JJ" lemma="incalculable">incalculable</w>
<w type="NNS" lemma="benefit">benefits</w>
<w type="TO" lemma="to">to</w>
<w type="NN" lemma="mankind">mankind</w>
<w type="CC" lemma="and">and</w>
<w type="DT" lemma="a">a</w>
<w type="NN" lemma="partnership">partnership</w>
<w type="WDT" lemma="which">which</w>
<pc type="sub">,</pc>
<w type="RB" lemma="together">together</w>
<w type="IN" lemma="with">with</w>
<w type="JJ" lemma="many">many</w>
<w type="NNS" lemma="country">countries</w>
<w type="IN" lemma="of">of</w>
<w type="DT" lemma="the">the</w>
<w type="NP" lemma="Commonwealth">Commonwealth</w>
<pc type="sub">,</pc>
<w type="VBD" lemma="be">was</w>
<w type="VVN" lemma="prove">proved</w>
<w type="IN" lemma="in">in</w>
<w type="CD" lemma="two">two</w>
<w type="NN" lemma="world">world</w>
<w type="NNS" lemma="war">wars</w>
<w type="CC" lemma="and">and</w>
<w type="VVN" lemma="ensure">ensured</w>
<w type="IN" lemma="that">that</w>
<w type="DT" lemma="the">the</w>
<w type="NN" lemma="light">light</w>
<w type="IN" lemma="of">of</w>
<w type="NN" lemma="liberty">liberty</w>
<w type="VBD" lemma="be">was</w>
<w type="RB" lemma="not">not</w>
<w type="VVN" lemma="extinguish">extinguished</w>
<pc type="SENT">.</pc>
</s></p><p><s><w type="NP" lemma="King">King</w>
<w type="NP" lemma="George">George</w>
<w type="NP" lemma="III">III</w>
<w type="RB" lemma="never">never</w>
<w type="VVD" lemma="see">saw</w>
<w type="DT" lemma="the">the</w>
<w type="NN" lemma="XXXX">Colonies</w>
<w type="PP" lemma="he">he</w>
<w type="VVD" lemma="lose">lost</w>
<pc type="SENT">.</pc>
</s>
<s><w type="PPs" lemma="my">My</w>
<w type="NN" lemma="father">father</w>
<pc type="sub">,</pc>
<w type="NP" lemma="King">King</w>
<w type="NP" lemma="George">George</w>
<w type="NP" lemma="VI">VI</w>
<pc type="sub">,</pc>
<w type="VBD" lemma="be">was</w>
<w type="DT" lemma="the">the</w>
<w type="JJ" lemma="first">first</w>
<w type="NP" lemma="British">British</w>
<w type="NP" lemma="Sovereign">Sovereign</w>
<w type="TO" lemma="to">to</w>
<w type="VV" lemma="see">see</w>
<w type="DT" lemma="the">the</w>
<w type="JJ" lemma="famous">famous</w>
<w type="NN" lemma="skyline">skyline</w>
<w type="IN" lemma="of">of</w>
<w type="NP" lemma="Manhattan">Manhattan</w>
<w type="CC" lemma="and">and</w>
<w type="TO" lemma="to">to</w>
<w type="VV" lemma="visit">visit</w>
<w type="DT" lemma="the">the</w>
<w type="JJ" lemma="rich">rich</w>
<w type="CC" lemma="and">and</w>
<w type="JJ" lemma="vibrant">vibrant</w>
<w type="NN" lemma="country">country</w>
<w type="WDT" lemma="that">that</w>
<w type="VVZ" lemma="lie">lies</w>
<w type="IN" lemma="beyond">beyond</w>
<w type="PP" lemma="it">it</w>
<pc type="SENT">.</pc>
</s></p><p><s><w type="WRB" lemma="wherever">Wherever</w>
<w type="PP" lemma="we">we</w>
<w type="VVD" lemma="go">went</w>
<w type="DT" lemma="the">the</w>
<w type="NN" lemma="welcome">welcome</w>
<w type="VBD" lemma="be">was</w>
<w type="DT" lemma="the">the</w>
<w type="JJ" lemma="same">same</w>
<pc type="sub">,</pc>
<w type="RB" lemma="all">all</w>
<w type="DT" lemma="the">the</w>
<w type="NN" lemma="way">way</w>
<w type="TO" lemma="to">to</w>
<w type="NP" lemma="Boston">Boston</w>
<pc type="sub">,</pc>
<w type="WRB" lemma="where">where</w>
<w type="DT" lemma="the">the</w>
<w type="JJ" lemma="first">first</w>
<w type="NNS" lemma="shot">shots</w>
<w type="IN" lemma="in">in</w>
<w type="DT" lemma="the">the</w>
<w type="NN" lemma="war">war</w>
<w type="IN" lemma="between">between</w>
<w type="NP" lemma="Britain">Britain</w>
<w type="CC" lemma="and">and</w>
<w type="NP" lemma="America">America</w>
<w type="VBD" lemma="be">were</w>
<w type="VVN" lemma="fire">fired</w>
<pc type="SENT">.</pc>
</s></p><p><s><w type="NN" lemma="reconciliation">Reconciliation</w>
<pc type="sub">,</pc>
<w type="IN" lemma="like">like</w>
<w type="DT" lemma="the">the</w>
<w type="NN" lemma="one">one</w>
<w type="WDT" lemma="that">that</w>
<w type="VVD" lemma="follow">followed</w>
<w type="DT" lemma="the">the</w>
<w type="NP" lemma="American">American</w>
<w type="NP" lemma="War">War</w>
<w type="IN" lemma="of">of</w>
<w type="NP" lemma="Independence">Independence</w>
<pc type="sub">,</pc>
<w type="VBZ" lemma="be">is</w>
<w type="DT" lemma="the">the</w>
<w type="NN" lemma="product">product</w>
<w type="IN" lemma="of">of</w>
<w type="NN" lemma="reason">reason</w>
<pc type="sub">,</pc>
<w type="NN" lemma="tolerance">tolerance</w>
<w type="CC" lemma="and">and</w>
<w type="NN" lemma="love">love</w>
<pc type="sub">,</pc>
<w type="CC" lemma="and">and</w>
<w type="PP" lemma="I">I</w>
<w type="VVP" lemma="think">think</w>
<w type="IN" lemma="that">that</w>
<w type="NP" lemma="Christmas">Christmas</w>
<w type="VBZ" lemma="be">is</w>
<w type="DT" lemma="a">a</w>
<w type="JJ" lemma="good">good</w>
<w type="NN" lemma="time">time</w>
<w type="TO" lemma="to">to</w>
<w type="VV" lemma="reflect">reflect</w>
<w type="IN" lemma="on">on</w>
<w type="PP" lemma="it">it</w>
<pc type="SENT">.</pc>
</s></p><p><s><w type="PP" lemma="it">It</w>
<w type="VBZ" lemma="be">is</w>
<w type="JJ" lemma="easy">easy</w>
<w type="RB" lemma="enough">enough</w>
<w type="TO" lemma="to">to</w>
<w type="VV" lemma="see">see</w>
<w type="WRB" lemma="where">where</w>
<w type="NN" lemma="reconciliation">reconciliation</w>
<w type="VBZ" lemma="be">is</w>
<w type="VVN" lemma="need">needed</w>
<w type="CC" lemma="and">and</w>
<w type="WRB" lemma="where">where</w>
<w type="PP" lemma="it">it</w>
<w type="MD" lemma="would">would</w>
<w type="VV" lemma="heal">heal</w>
<w type="CC" lemma="and">and</w>
<w type="VV" lemma="purify">purify</w>
<pc type="sub">,</pc>
<w type="RB" lemma="obviously">obviously</w>
<w type="IN" lemma="in">in</w>
<w type="JJ" lemma="national">national</w>
<w type="CC" lemma="and">and</w>
<w type="JJ" lemma="international">international</w>
<w type="NNS" lemma="affair">affairs</w>
<pc type="sub">,</pc>
<w type="CC" lemma="but">but</w>
<w type="RB" lemma="also">also</w>
<w type="IN" lemma="in">in</w>
<w type="NNS" lemma="home">homes</w>
<w type="CC" lemma="and">and</w>
<w type="NNS" lemma="family">families</w>
<pc type="SENT">.</pc>
</s></p><p><s><w type="PP" lemma="it">It</w>
<w type="VBZ" lemma="be">is</w>
<w type="RB" lemma="not">not</w>
<w type="NN" lemma="something">something</w>
<w type="WDT" lemma="that">that</w>
<w type="VBZ" lemma="be">is</w>
<w type="JJ" lemma="easy">easy</w>
<w type="TO" lemma="to">to</w>
<w type="VV" lemma="achieve">achieve</w>
<pc type="SENT">.</pc>
</s>
<s><w type="CC" lemma="but">But</w>
<w type="NNS" lemma="thing">things</w>
<w type="WDT" lemma="that">that</w>
<w type="VBP" lemma="are">are</w>
<w type="JJ" lemma="worthwhile">worthwhile</w>
<w type="RB" lemma="seldom">seldom</w>
<w type="VBP" lemma="are">are</w>
<pc type="sub">,</pc>
<w type="RB" lemma="so">so</w>
<w type="PP" lemma="it">it</w>
<w type="VBZ" lemma="be">is</w>
<w type="VVG" lemma="encourage">encouraging</w>
<w type="TO" lemma="to">to</w>
<w type="VV" lemma="know">know</w>
<w type="IN" lemma="that">that</w>
<w type="EX" lemma="there">there</w>
<w type="VBP" lemma="are">are</w>
<w type="JJ" lemma="many">many</w>
<w type="NNS" lemma="people">people</w>
<w type="VVG" lemma="try">trying</w>
<w type="TO" lemma="to">to</w>
<w type="VV" lemma="achieve">achieve</w>
<w type="PP" lemma="it">it</w>
<pc type="SENT">.</pc>
</s></p><p><s><w type="DT" lemma="a">A</w>
<w type="JJ" lemma="few">few</w>
<w type="NNS" lemma="week">weeks</w>
<w type="RB" lemma="ago">ago</w>
<pc type="sub">,</pc>
<w type="IN" lemma="for">for</w>
<w type="NN" lemma="instance">instance</w>
<pc type="sub">,</pc>
<w type="PP" lemma="I">I</w>
<w type="VVD" lemma="meet">met</w>
<w type="IN" lemma="in">in</w>
<w type="PPs" lemma="my">my</w>
<w type="NN" lemma="home">home</w>
<w type="DT" lemma="a">a</w>
<w type="NN" lemma="group">group</w>
<w type="IN" lemma="of">of</w>
<w type="NNS" lemma="people">people</w>
<w type="WP" lemma="who">who</w>
<w type="VBP" lemma="are">are</w>
<w type="VVG" lemma="work">working</w>
<w type="IN" lemma="for">for</w>
<w type="JJR" lemma="good">better</w>
<w type="NN" lemma="understanding">understanding</w>
<w type="IN" lemma="between">between</w>
<w type="NNS" lemma="people">people</w>
<w type="IN" lemma="of">of</w>
<w type="JJ" lemma="different">different</w>
<w type="NN" lemma="colour">colour</w>
<pc type="sub">,</pc>
<w type="JJ" lemma="different">different</w>
<w type="NNS" lemma="faith">faiths</w>
<w type="CC" lemma="and">and</w>
<w type="JJ" lemma="different">different</w>
<w type="NNS" lemma="philosophy">philosophies</w>
<pc type="sub">-</pc>
<w type="CC" lemma="and">and</w>
<w type="WP" lemma="who">who</w>
<w type="VBP" lemma="are">are</w>
<w type="VVG" lemma="try">trying</w>
<w type="TO" lemma="to">to</w>
<w type="VV" lemma="solve">solve</w>
<w type="DT" lemma="the">the</w>
<w type="RB" lemma="very">very</w>
<w type="JJ" lemma="real">real</w>
<w type="NNS" lemma="problem">problems</w>
<w type="IN" lemma="of">of</w>
<w type="NN" lemma="community">community</w>
<w type="NNS" lemma="relation">relations</w>
<pc type="SENT">.</pc>
</s></p><p><s><w type="DT" lemma="another">Another</w>
<w type="VVG" lemma="shine">shining</w>
<w type="NN" lemma="example">example</w>
<w type="VBZ" lemma="be">is</w>
<w type="DT" lemma="the">the</w>
<w type="NN" lemma="peace">peace</w>
<w type="NN" lemma="movement">movement</w>
<w type="IN" lemma="in">in</w>
<w type="NP" lemma="Northern">Northern</w>
<w type="NP" lemma="Ireland">Ireland</w>
<pc type="SENT">.</pc>
</s>
<s><w type="RB" lemma="here">Here</w>
<w type="NP" lemma="Roman">Roman</w>
<w type="NPS" lemma="Catholics">Catholics</w>
<w type="CC" lemma="and">and</w>
<w type="NPS" lemma="Protestants">Protestants</w>
<w type="VHP" lemma="have">have</w>
<w type="VVN" lemma="join">joined</w>
<w type="RB" lemma="together">together</w>
<w type="IN" lemma="in">in</w>
<w type="DT" lemma="a">a</w>
<w type="NN" lemma="crusade">crusade</w>
<w type="IN" lemma="of">of</w>
<w type="NN" lemma="reconciliation">reconciliation</w>
<w type="TO" lemma="to">to</w>
<w type="VV" lemma="bring">bring</w>
<w type="NN" lemma="peace">peace</w>
<w type="TO" lemma="to">to</w>
<w type="DT" lemma="the">the</w>
<w type="NP" lemma="Province">Province</w>
<pc type="SENT">.</pc>
</s></p><p><s><w type="JJ" lemma="next">Next</w>
<w type="NN" lemma="year">year</w>
<w type="VBZ" lemma="be">is</w>
<w type="DT" lemma="a">a</w>
<w type="RB" lemma="rather">rather</w>
<w type="JJ" lemma="special">special</w>
<w type="NN" lemma="one">one</w>
<w type="IN" lemma="for">for</w>
<w type="PP" lemma="me">me</w>
<w type="CC" lemma="and">and</w>
<w type="PP" lemma="I">I</w>
<w type="MD" lemma="would">would</w>
<w type="VV" lemma="like">like</w>
<w type="PPs" lemma="my">my</w>
<w type="NP" lemma="Silver">Silver</w>
<w type="NP" lemma="Jubilee">Jubilee</w>
<w type="NN" lemma="year">year</w>
<w type="RB" lemma="also">also</w>
<w type="TO" lemma="to">to</w>
<w type="VV" lemma="become">become</w>
<w type="DT" lemma="a">a</w>
<w type="JJ" lemma="special">special</w>
<w type="NN" lemma="one">one</w>
<w type="IN" lemma="for">for</w>
<w type="NNS" lemma="people">people</w>
<w type="WP" lemma="who">who</w>
<w type="VVP" lemma="find">find</w>
<w type="PP" lemma="themselves">themselves</w>
<w type="DT" lemma="the">the</w>
<w type="NNS" lemma="victim">victims</w>
<w type="IN" lemma="of">of</w>
<w type="JJ" lemma="human">human</w>
<w type="NN" lemma="conflict">conflict</w>
<pc type="SENT">.</pc>
</s></p><p><s><w type="DT" lemma="the">The</w>
<w type="NN" lemma="gift">gift</w>
<w type="PP" lemma="I">I</w>
<w type="MD" lemma="would">would</w>
<w type="RBS" lemma="most">most</w>
<w type="NN" lemma="value">value</w>
<w type="JJ" lemma="next">next</w>
<w type="NN" lemma="year">year</w>
<w type="VBZ" lemma="be">is</w>
<w type="DT" lemma="that">that</w>
<w type="NN" lemma="reconciliation">reconciliation</w>
<w type="MD" lemma="should">should</w>
<w type="VB" lemma="be">be</w>
<w type="VVN" lemma="find">found</w>
<w type="WRB" lemma="wherever">wherever</w>
<w type="PP" lemma="it">it</w>
<w type="VBZ" lemma="be">is</w>
<w type="VVN" lemma="need">needed</w>
<pc type="SENT">.</pc>
</s>
<s><w type="DT" lemma="a">A</w>
<w type="NN" lemma="reconciliation">reconciliation</w>
<w type="WDT" lemma="which">which</w>
<w type="MD" lemma="would">would</w>
<w type="VV" lemma="bring">bring</w>
<w type="NN" lemma="peace">peace</w>
<w type="CC" lemma="and">and</w>
<w type="NN" lemma="security">security</w>
<w type="TO" lemma="to">to</w>
<w type="NNS" lemma="family">families</w>
<w type="CC" lemma="and">and</w>
<w type="NNS" lemma="neighbour">neighbours</w>
<w type="IN" lemma="at">at</w>
<w type="JJ" lemma="present">present</w>
<w type="NN" lemma="suffering">suffering</w>
<w type="CC" lemma="and">and</w>
<w type="VVN" lemma="tear">torn</w>
<w type="RB" lemma="apart">apart</w>
<pc type="SENT">.</pc>
</s></p><p><s><w type="VV" lemma="remember">Remember</w>
<w type="IN" lemma="that">that</w>
<w type="JJ" lemma="good">good</w>
<w type="NNS" lemma="spread">spreads</w>
<w type="NNS" lemma="outward">outwards</w>
<w type="CC" lemma="and">and</w>
<w type="DT" lemma="every">every</w>
<w type="JJ" lemma="little">little</w>
<w type="VVZ" lemma="do">does</w>
<w type="VV" lemma="help">help</w>
<pc type="SENT">.</pc>
</s>
<s><w type="JJ" lemma="mighty">Mighty</w>
<w type="NNS" lemma="thing">things</w>
<w type="IN" lemma="from">from</w>
<w type="JJ" lemma="small">small</w>
<w type="NNS" lemma="beginning">beginnings</w>
<w type="VVP" lemma="grow">grow</w>
<w type="RB" lemma="as">as</w>
<w type="RB" lemma="indeed">indeed</w>
<w type="PP" lemma="they">they</w>
<w type="VVD" lemma="grow">grew</w>
<w type="IN" lemma="from">from</w>
<w type="DT" lemma="the">the</w>
<w type="JJ" lemma="small">small</w>
<w type="NN" lemma="child">child</w>
<w type="IN" lemma="of">of</w>
<w type="NP" lemma="Bethlehem">Bethlehem</w>
<pc type="SENT">.</pc>
</s></p><p><s><w type="PP" lemma="I">I</w>
<w type="VVP" lemma="believe">believe</w>
<w type="EX" lemma="there">there</w>
<w type="VBZ" lemma="be">is</w>
<w type="DT" lemma="another">another</w>
<w type="NN" lemma="thought">thought</w>
<w type="IN" lemma="from">from</w>
<w type="WDT" lemma="which">which</w>
<w type="PP" lemma="we">we</w>
<w type="MD" lemma="can">can</w>
<w type="VV" lemma="draw">draw</w>
<w type="NN" lemma="encouragement">encouragement</w>
<pc type="SENT">.</pc>
</s>
<s><w type="IN" lemma="if">If</w>
<w type="EX" lemma="there">there</w>
<w type="VBZ" lemma="be">is</w>
<w type="NN" lemma="reconciliation">reconciliation</w>
<pc type="sub">-</pc>
<w type="IN" lemma="if">if</w>
<w type="PP" lemma="we">we</w>
<w type="MD" lemma="can">can</w>
<w type="VV" lemma="get">get</w>
<w type="DT" lemma="the">the</w>
<w type="NN" lemma="climate">climate</w>
<w type="NN" lemma="right">right</w>
<pc type="sub">-</pc>
<w type="DT" lemma="the">the</w>
<w type="JJ" lemma="good">good</w>
<w type="NNS" lemma="effect">effects</w>
<w type="MD" lemma="will">will</w>
<w type="VV" lemma="flow">flow</w>
<w type="RB" lemma="much">much</w>
<w type="RBR" lemma="more">more</w>
<w type="RB" lemma="quickly">quickly</w>
<w type="IN" lemma="than">than</w>
<w type="JJS" lemma="most">most</w>
<w type="NNS" lemma="people">people</w>
<w type="MD" lemma="would">would</w>
<w type="VV" lemma="believe">believe</w>
<w type="JJ" lemma="possible">possible</w>
<pc type="SENT">.</pc>
</s></p><p><s><w type="DT" lemma="those">Those</w>
<w type="WP" lemma="who">who</w>
<w type="VVP" lemma="know">know</w>
<w type="DT" lemma="the">the</w>
<w type="NN" lemma="desert">desert</w>
<w type="VVP" lemma="know">know</w>
<w type="RB" lemma="also">also</w>
<w type="WRB" lemma="how">how</w>
<w type="RB" lemma="quickly">quickly</w>
<w type="PP" lemma="it">it</w>
<w type="MD" lemma="can">can</w>
<w type="VV" lemma="flower">flower</w>
<w type="WRB" lemma="when">when</w>
<w type="DT" lemma="the">the</w>
<w type="NNS" lemma="rain">rains</w>
<w type="VVP" lemma="come">come</w>
<pc type="SENT">.</pc>
</s>
<s><w type="CC" lemma="but">But</w>
<w type="WP" lemma="who">who</w>
<w type="IN" lemma="in">in</w>
<w type="NP" lemma="Britain">Britain</w>
<w type="WP" lemma="who">who</w>
<w type="VVD" lemma="see">saw</w>
<w type="DT" lemma="the">the</w>
<w type="JJ" lemma="parched">parched</w>
<w type="NN" lemma="earth">earth</w>
<w type="CC" lemma="and">and</w>
<w type="JJ" lemma="empty">empty</w>
<w type="NNS" lemma="reservoir">reservoirs</w>
<w type="JJ" lemma="last">last</w>
<w type="NN" lemma="summer">summer</w>
<w type="MD" lemma="would">would</w>
<w type="VH" lemma="have">have</w>
<w type="VVN" lemma="believe">believed</w>
<w type="IN" lemma="that">that</w>
<w type="DT" lemma="the">the</w>
<w type="NN" lemma="grass">grass</w>
<w type="MD" lemma="would">would</w>
<w type="VV" lemma="grow">grow</w>
<w type="RB" lemma="so">so</w>
<w type="JJ" lemma="strong">strong</w>
<pc type="sub">,</pc>
<w type="RB" lemma="so">so</w>
<w type="JJ" lemma="green">green</w>
<w type="CC" lemma="and">and</w>
<w type="RB" lemma="so">so</w>
<w type="RB" lemma="soon">soon</w>
<w type="WRB" lemma="when">when</w>
<w type="DT" lemma="the">the</w>
<w type="NN" lemma="drought">drought</w>
<w type="VVD" lemma="end">ended</w>
<pc type="SENT">?</pc>
</s>
<s><w type="WRB" lemma="when">When</w>
<w type="DT" lemma="the">the</w>
<w type="NN" lemma="conflict">conflict</w>
<w type="NNS" lemma="stop">stops</w>
<pc type="sub">,</pc>
<w type="NN" lemma="peace">peace</w>
<w type="MD" lemma="can">can</w>
<w type="VV" lemma="blossom">blossom</w>
<w type="RB" lemma="just">just</w>
<w type="RB" lemma="as">as</w>
<w type="RB" lemma="quickly">quickly</w>
<pc type="SENT">.</pc>
</s></p><p><s><w type="PP" lemma="I">I</w>
<w type="VVP" lemma="wish">wish</w>
<w type="PP" lemma="you">you</w>
<w type="PDT" lemma="all">all</w>
<w type="DT" lemma="a">a</w>
<w type="RB" lemma="very">very</w>
<w type="JJ" lemma="happy">happy</w>
<w type="NP" lemma="Christmas">Christmas</w>
<w type="CC" lemma="and">and</w>
<w type="MD" lemma="may">may</w>
<w type="DT" lemma="the">the</w>
<w type="NP" lemma="New">New</w>
<w type="NN" lemma="year">Year</w>
<w type="VVP" lemma="bring">bring</w>
<w type="NN" lemma="reconciliation">reconciliation</w>
<w type="IN" lemma="between">between</w>
<w type="DT" lemma="all">all</w>
<w type="NNS" lemma="people">people</w>
<pc type="SENT">.</pc>
</s></p></div>