<div xmlns='http://www.tei-c.org/ns/1.0' n="1977"><head><s><w type="NP" lemma="Christmas">Christmas</w>
<w type="NP" lemma="Broadcast">Broadcast</w>
<w type="CD" lemma="@card@">1977</w>
</s></head><p><s><w type="PP" lemma="I">I</w>
<w type="MD" lemma="shall">shall</w>
<w type="RB" lemma="never">never</w>
<w type="VV" lemma="forget">forget</w>
<w type="DT" lemma="the">the</w>
<w type="NN" lemma="scene">scene</w>
<w type="IN" lemma="outside">outside</w>
<w type="NP" lemma="Buckingham">Buckingham</w>
<w type="NP" lemma="Palace">Palace</w>
<w type="IN" lemma="on">on</w>
<w type="NP" lemma="Jubilee">Jubilee</w>
<w type="NP" lemma="Day">Day</w>
<pc type="SENT">.</pc>
</s>
<s><w type="DT" lemma="the">The</w>
<w type="JJ" lemma="cheerful">cheerful</w>
<w type="NN" lemma="crowd">crowd</w>
<w type="VBD" lemma="be">was</w>
<w type="JJ" lemma="symbolic">symbolic</w>
<w type="IN" lemma="of">of</w>
<w type="DT" lemma="the">the</w>
<w type="NNS" lemma="hundred">hundreds</w>
<w type="IN" lemma="of">of</w>
<w type="NNS" lemma="thousand">thousands</w>
<w type="IN" lemma="of">of</w>
<w type="NNS" lemma="people">people</w>
<w type="WP" lemma="who">who</w>
<w type="VVD" lemma="greet">greeted</w>
<w type="PP" lemma="us">us</w>
<w type="WRB" lemma="wherever">wherever</w>
<w type="PP" lemma="we">we</w>
<w type="VVD" lemma="go">went</w>
<w type="IN" lemma="in">in</w>
<w type="DT" lemma="this">this</w>
<w type="NP" lemma="Jubilee">Jubilee</w>
<w type="NN" lemma="year">Year</w>
<pc type="sub">-</pc>
<w type="IN" lemma="in">in</w>
<w type="NN" lemma="twelve">twelve</w>
<w type="NN" lemma="commonwealth">Commonwealth</w>
<w type="NNS" lemma="country">countries</w>
<w type="CC" lemma="and">and</w>
<w type="NN" lemma="XXXX">thirty-six</w>
<w type="NNS" lemma="county">counties</w>
<w type="IN" lemma="in">in</w>
<w type="DT" lemma="the">the</w>
<w type="NP" lemma="United">United</w>
<w type="NP" lemma="Kingdom">Kingdom</w>
<pc type="SENT">.</pc>
</s></p><p><s><w type="CC" lemma="but">But</w>
<w type="PP" lemma="I">I</w>
<w type="VVP" lemma="believe">believe</w>
<w type="PP" lemma="it">it</w>
<w type="RB" lemma="also">also</w>
<w type="VVD" lemma="reveal">revealed</w>
<w type="TO" lemma="to">to</w>
<w type="DT" lemma="the">the</w>
<w type="NN" lemma="world">world</w>
<w type="IN" lemma="that">that</w>
<w type="PP" lemma="we">we</w>
<w type="MD" lemma="can">can</w>
<w type="VB" lemma="be">be</w>
<w type="DT" lemma="a">a</w>
<w type="VVN" lemma="unite">united</w>
<w type="NNS" lemma="people">people</w>
<pc type="SENT">.</pc>
</s>
<s><w type="PP" lemma="it">It</w>
<w type="VVD" lemma="show">showed</w>
<w type="IN" lemma="that">that</w>
<w type="PDT" lemma="all">all</w>
<w type="DT" lemma="the">the</w>
<w type="JJ" lemma="artificial">artificial</w>
<w type="NNS" lemma="barrier">barriers</w>
<w type="WDT" lemma="which">which</w>
<w type="VVP" lemma="divide">divide</w>
<w type="NN" lemma="man">man</w>
<w type="IN" lemma="from">from</w>
<w type="NN" lemma="man">man</w>
<w type="CC" lemma="and">and</w>
<w type="NN" lemma="family">family</w>
<w type="IN" lemma="from">from</w>
<w type="NN" lemma="family">family</w>
<w type="MD" lemma="can">can</w>
<w type="VB" lemma="be">be</w>
<w type="VVN" lemma="break">broken</w>
<w type="RP" lemma="down">down</w>
<pc type="SENT">.</pc>
</s></p><p><s><w type="DT" lemma="the">The</w>
<w type="NN" lemma="street">street</w>
<w type="NNS" lemma="party">parties</w>
<w type="CC" lemma="and">and</w>
<w type="NN" lemma="village">village</w>
<w type="NNS" lemma="XXXX">fêtes</w>
<pc type="sub">,</pc>
<w type="DT" lemma="the">the</w>
<w type="NNS" lemma="present">presents</w>
<pc type="sub">,</pc>
<w type="DT" lemma="the">the</w>
<w type="NNS" lemma="flower">flowers</w>
<w type="IN" lemma="from">from</w>
<w type="DT" lemma="the">the</w>
<w type="NNS" lemma="child">children</w>
<pc type="sub">,</pc>
<w type="DT" lemma="the">the</w>
<w type="NN" lemma="mile">mile</w>
<w type="IN" lemma="upon">upon</w>
<w type="NN" lemma="mile">mile</w>
<w type="IN" lemma="of">of</w>
<w type="VVN" lemma="decorate">decorated</w>
<w type="NNS" lemma="street">streets</w>
<w type="CC" lemma="and">and</w>
<w type="NNS" lemma="house">houses</w>
<pc type="sub">;</pc>
<w type="DT" lemma="these">these</w>
<w type="NNS" lemma="thing">things</w>
<w type="VVP" lemma="suggest">suggest</w>
<w type="IN" lemma="that">that</w>
<w type="DT" lemma="the">the</w>
<w type="JJ" lemma="real">real</w>
<w type="NN" lemma="value">value</w>
<w type="CC" lemma="and">and</w>
<w type="NN" lemma="pleasure">pleasure</w>
<w type="IN" lemma="of">of</w>
<w type="DT" lemma="the">the</w>
<w type="NN" lemma="celebration">celebration</w>
<w type="VBD" lemma="be">was</w>
<w type="IN" lemma="that">that</w>
<w type="PP" lemma="we">we</w>
<w type="RB" lemma="all">all</w>
<w type="VVD" lemma="share">shared</w>
<w type="IN" lemma="in">in</w>
<w type="PP" lemma="it">it</w>
<w type="RB" lemma="together">together</w>
<pc type="SENT">.</pc>
</s></p><p><s><w type="JJ" lemma="last">Last</w>
<w type="NP" lemma="Christmas">Christmas</w>
<w type="PP" lemma="I">I</w>
<w type="VVD" lemma="say">said</w>
<w type="IN" lemma="that">that</w>
<w type="PPs" lemma="my">my</w>
<w type="NN" lemma="wish">wish</w>
<w type="IN" lemma="for">for</w>
<w type="CD" lemma="@card@">1977</w>
<w type="VBD" lemma="be">was</w>
<w type="IN" lemma="that">that</w>
<w type="PP" lemma="it">it</w>
<w type="MD" lemma="should">should</w>
<w type="VB" lemma="be">be</w>
<w type="DT" lemma="a">a</w>
<w type="NN" lemma="year">year</w>
<w type="IN" lemma="of">of</w>
<w type="NN" lemma="reconciliation">reconciliation</w>
<pc type="SENT">.</pc>
</s>
<s><w type="PP" lemma="you">You</w>
<w type="VHP" lemma="have">have</w>
<w type="VVN" lemma="show">shown</w>
<w type="IN" lemma="by">by</w>
<w type="DT" lemma="the">the</w>
<w type="NN" lemma="way">way</w>
<w type="IN" lemma="in">in</w>
<w type="WDT" lemma="which">which</w>
<w type="PP" lemma="you">you</w>
<w type="VHP" lemma="have">have</w>
<w type="VVD" lemma="celebrate">celebrated</w>
<w type="DT" lemma="the">the</w>
<w type="NP" lemma="Jubilee">Jubilee</w>
<w type="IN" lemma="that">that</w>
<w type="DT" lemma="this">this</w>
<w type="VBD" lemma="be">was</w>
<w type="RB" lemma="not">not</w>
<w type="DT" lemma="an">an</w>
<w type="JJ" lemma="impossible">impossible</w>
<w type="NN" lemma="dream">dream</w>
<pc type="SENT">.</pc>
</s>
<s><w type="VV" lemma="thank">Thank</w>
<w type="PP" lemma="you">you</w>
<w type="DT" lemma="all">all</w>
<w type="IN" lemma="for">for</w>
<w type="PPs" lemma="your">your</w>
<w type="NN" lemma="response">response</w>
<pc type="SENT">.</pc>
</s></p><p><s><w type="RB" lemma="nowhere">Nowhere</w>
<w type="VBZ" lemma="be">is</w>
<w type="NN" lemma="reconciliation">reconciliation</w>
<w type="RBR" lemma="more">more</w>
<w type="RB" lemma="desperately">desperately</w>
<w type="VVN" lemma="need">needed</w>
<w type="IN" lemma="than">than</w>
<w type="IN" lemma="in">in</w>
<w type="NP" lemma="Northern">Northern</w>
<w type="NP" lemma="Ireland">Ireland</w>
<pc type="SENT">.</pc>
</s>
<s><w type="DT" lemma="that">That</w>
<w type="VBZ" lemma="be">is</w>
<w type="WRB" lemma="why">why</w>
<w type="PP" lemma="I">I</w>
<w type="VBD" lemma="be">was</w>
<w type="RB" lemma="particularly">particularly</w>
<w type="VVN" lemma="please">pleased</w>
<w type="TO" lemma="to">to</w>
<w type="VV" lemma="go">go</w>
<w type="RB" lemma="there">there</w>
<pc type="SENT">.</pc>
</s>
<s><w type="DT" lemma="no">No</w>
<w type="NN" lemma="one">one</w>
<w type="VVD" lemma="dare">dared</w>
<w type="TO" lemma="to">to</w>
<w type="VV" lemma="promise">promise</w>
<w type="DT" lemma="an">an</w>
<w type="JJ" lemma="early">early</w>
<w type="NN" lemma="end">end</w>
<w type="TO" lemma="to">to</w>
<w type="DT" lemma="the">the</w>
<w type="NNS" lemma="trouble">troubles</w>
<w type="CC" lemma="but">but</w>
<w type="EX" lemma="there">there</w>
<w type="VBZ" lemma="be">is</w>
<w type="DT" lemma="no">no</w>
<w type="NN" lemma="doubt">doubt</w>
<w type="IN" lemma="that">that</w>
<w type="NNS" lemma="people">people</w>
<w type="IN" lemma="of">of</w>
<w type="NN" lemma="goodwill">goodwill</w>
<w type="IN" lemma="in">in</w>
<w type="NP" lemma="Northern">Northern</w>
<w type="NP" lemma="Ireland">Ireland</w>
<w type="VBD" lemma="be">were</w>
<w type="RB" lemma="greatly">greatly</w>
<w type="VVN" lemma="hearten">heartened</w>
<w type="IN" lemma="by">by</w>
<w type="DT" lemma="the">the</w>
<w type="NN" lemma="chance">chance</w>
<w type="PP" lemma="they">they</w>
<w type="VHD" lemma="have">had</w>
<w type="TO" lemma="to">to</w>
<w type="VV" lemma="share">share</w>
<w type="DT" lemma="the">the</w>
<w type="NNS" lemma="celebration">celebrations</w>
<w type="IN" lemma="with">with</w>
<w type="DT" lemma="the">the</w>
<w type="NN" lemma="rest">rest</w>
<w type="IN" lemma="of">of</w>
<w type="DT" lemma="the">the</w>
<w type="NN" lemma="nation">nation</w>
<w type="CC" lemma="and">and</w>
<w type="NP" lemma="Commonwealth">Commonwealth</w>
<pc type="SENT">.</pc>
</s></p><p><s><w type="JJ" lemma="Many">Many</w>
<w type="NNS" lemma="people">people</w>
<w type="IN" lemma="in">in</w>
<w type="DT" lemma="all">all</w>
<w type="NNS" lemma="part">parts</w>
<w type="IN" lemma="of">of</w>
<w type="DT" lemma="the">the</w>
<w type="NN" lemma="world">world</w>
<w type="VHP" lemma="have">have</w>
<w type="VVN" lemma="demonstrate">demonstrated</w>
<w type="DT" lemma="this">this</w>
<w type="NN" lemma="goodwill">goodwill</w>
<w type="IN" lemma="in">in</w>
<w type="DT" lemma="a">a</w>
<w type="JJ" lemma="practical">practical</w>
<w type="NN" lemma="way">way</w>
<w type="IN" lemma="by">by</w>
<w type="VVG" lemma="give">giving</w>
<w type="TO" lemma="to">to</w>
<w type="DT" lemma="the">the</w>
<w type="NP" lemma="Silver">Silver</w>
<w type="NP" lemma="Jubilee">Jubilee</w>
<w type="NP" lemma="XXXX">Appeal</w>
<pc type="SENT">.</pc>
</s>
<s><w type="DT" lemma="the">The</w>
<w type="NNS" lemma="result">results</w>
<w type="IN" lemma="of">of</w>
<w type="PPs" lemma="their">their</w>
<w type="NN" lemma="kindness">kindness</w>
<w type="MD" lemma="will">will</w>
<w type="VB" lemma="be">be</w>
<w type="VVN" lemma="appreciate">appreciated</w>
<w type="IN" lemma="by">by</w>
<w type="JJ" lemma="young">young</w>
<w type="NNS" lemma="people">people</w>
<pc type="sub">-</pc>
<w type="CC" lemma="and">and</w>
<w type="IN" lemma="by">by</w>
<w type="DT" lemma="those">those</w>
<w type="PP" lemma="they">they</w>
<w type="VBP" lemma="are">are</w>
<w type="JJ" lemma="able">able</w>
<w type="TO" lemma="to">to</w>
<w type="VV" lemma="help">help</w>
<pc type="sub">-</pc>
<w type="IN" lemma="for">for</w>
<w type="JJ" lemma="many">many</w>
<w type="NNS" lemma="year">years</w>
<w type="TO" lemma="to">to</w>
<w type="VV" lemma="come">come</w>
<pc type="SENT">.</pc>
</s></p><p><s><w type="DT" lemma="the">The</w>
<w type="JJ" lemma="great">great</w>
<w type="NN" lemma="resurgence">resurgence</w>
<w type="IN" lemma="of">of</w>
<w type="NN" lemma="community">community</w>
<w type="NN" lemma="spirit">spirit</w>
<w type="WDT" lemma="which">which</w>
<w type="VHZ" lemma="have">has</w>
<w type="VVN" lemma="mark">marked</w>
<w type="DT" lemma="the">the</w>
<w type="NNS" lemma="celebration">celebrations</w>
<w type="VHZ" lemma="have">has</w>
<w type="VVN" lemma="show">shown</w>
<w type="DT" lemma="the">the</w>
<w type="NN" lemma="value">value</w>
<w type="IN" lemma="of">of</w>
<w type="DT" lemma="the">the</w>
<w type="JJ" lemma="Christian">Christian</w>
<w type="NN" lemma="ideal">ideal</w>
<w type="IN" lemma="of">of</w>
<w type="JJ" lemma="loving">loving</w>
<w type="PPs" lemma="our">our</w>
<w type="NNS" lemma="neighbour">neighbours</w>
<pc type="SENT">.</pc>
</s>
<s><w type="IN" lemma="if">If</w>
<w type="PP" lemma="we">we</w>
<w type="MD" lemma="can">can</w>
<w type="VV" lemma="keep">keep</w>
<w type="DT" lemma="this">this</w>
<w type="NN" lemma="spirit">spirit</w>
<w type="JJ" lemma="alive">alive</w>
<pc type="sub">,</pc>
<w type="NN" lemma="life">life</w>
<w type="MD" lemma="will">will</w>
<w type="VV" lemma="become">become</w>
<w type="RBR" lemma="better">better</w>
<w type="IN" lemma="for">for</w>
<w type="DT" lemma="all">all</w>
<w type="IN" lemma="of">of</w>
<w type="PP" lemma="us">us</w>
<pc type="SENT">.</pc>
</s></p><p><s><w type="DT" lemma="the">The</w>
<w type="NP" lemma="Jubilee">Jubilee</w>
<w type="NNS" lemma="celebration">celebrations</w>
<w type="IN" lemma="in">in</w>
<w type="NP" lemma="London">London</w>
<w type="VVD" lemma="start">started</w>
<w type="IN" lemma="with">with</w>
<w type="DT" lemma="a">a</w>
<w type="NP" lemma="Service">Service</w>
<w type="IN" lemma="of">of</w>
<w type="NP" lemma="Thanksgiving">Thanksgiving</w>
<w type="IN" lemma="in">in</w>
<w type="NP" lemma="St.">St.</w>
<w type="NP" lemma="Paul">Paul</w>
<w type="POS" lemma="'s">'s</w>
<w type="NN" lemma="cathedral">Cathedral</w>
<pc type="SENT">.</pc>
</s>
<s><w type="TO" lemma="To">To</w>
<w type="PP" lemma="me">me</w>
<w type="DT" lemma="this">this</w>
<w type="VBD" lemma="be">was</w>
<w type="DT" lemma="a">a</w>
<w type="NN" lemma="thanksgiving">thanksgiving</w>
<w type="IN" lemma="for">for</w>
<w type="PDT" lemma="all">all</w>
<w type="DT" lemma="the">the</w>
<w type="JJ" lemma="good">good</w>
<w type="NNS" lemma="thing">things</w>
<w type="IN" lemma="for">for</w>
<w type="WDT" lemma="which">which</w>
<w type="PPs" lemma="our">our</w>
<w type="NP" lemma="Commonwealth">Commonwealth</w>
<w type="NNS" lemma="stand">stands</w>
<pc type="sub">-</pc>
<w type="DT" lemma="the">the</w>
<w type="NN" lemma="comradeship">comradeship</w>
<w type="CC" lemma="and">and</w>
<w type="NN" lemma="co-operation">co-operation</w>
<w type="PP" lemma="it">it</w>
<w type="VVZ" lemma="inspire">inspires</w>
<w type="CC" lemma="and">and</w>
<w type="DT" lemma="the">the</w>
<w type="NN" lemma="friendship">friendship</w>
<w type="CC" lemma="and">and</w>
<w type="NN" lemma="tolerance">tolerance</w>
<w type="PP" lemma="it">it</w>
<w type="VVZ" lemma="encourage">encourages</w>
<pc type="SENT">.</pc>
</s>
<s><w type="DT" lemma="these">These</w>
<w type="VBP" lemma="are">are</w>
<w type="DT" lemma="the">the</w>
<w type="NNS" lemma="quality">qualities</w>
<w type="VVN" lemma="need">needed</w>
<w type="IN" lemma="by">by</w>
<w type="DT" lemma="all">all</w>
<w type="NN" lemma="mankind">mankind</w>
<pc type="SENT">.</pc>
</s></p><p><s><w type="DT" lemma="the">The</w>
<w type="NN" lemma="evening">evening</w>
<w type="IN" lemma="before">before</w>
<w type="DT" lemma="the">the</w>
<w type="NP" lemma="Service">Service</w>
<w type="NN" lemma="I">I</w>
<w type="VVD" lemma="light">lit</w>
<w type="CD" lemma="one">one</w>
<w type="JJ" lemma="small">small</w>
<w type="NN" lemma="flame">flame</w>
<w type="IN" lemma="at">at</w>
<w type="NP" lemma="Windsor">Windsor</w>
<w type="CC" lemma="and">and</w>
<w type="DT" lemma="a">a</w>
<w type="NN" lemma="chain">chain</w>
<w type="IN" lemma="of">of</w>
<w type="NNS" lemma="bonfire">bonfires</w>
<w type="VVN" lemma="spread">spread</w>
<w type="IN" lemma="throughout">throughout</w>
<w type="NP" lemma="Britain">Britain</w>
<w type="CC" lemma="and">and</w>
<w type="IN" lemma="on">on</w>
<w type="IN" lemma="across">across</w>
<w type="DT" lemma="the">the</w>
<w type="NN" lemma="world">world</w>
<w type="TO" lemma="to">to</w>
<w type="NP" lemma="New">New</w>
<w type="NP" lemma="Zealand">Zealand</w>
<w type="CC" lemma="and">and</w>
<w type="NP" lemma="Australia">Australia</w>
<pc type="SENT">.</pc>
</s></p><p><s><w type="PPs" lemma="my">My</w>
<w type="NN" lemma="hope">hope</w>
<w type="DT" lemma="this">this</w>
<w type="NP" lemma="Christmas">Christmas</w>
<w type="VBZ" lemma="be">is</w>
<w type="IN" lemma="that">that</w>
<w type="DT" lemma="the">the</w>
<w type="JJ" lemma="Christian">Christian</w>
<w type="NN" lemma="spirit">spirit</w>
<w type="IN" lemma="of">of</w>
<w type="NN" lemma="reconciliation">reconciliation</w>
<w type="MD" lemma="may">may</w>
<w type="VV" lemma="burn">burn</w>
<w type="RB" lemma="as">as</w>
<w type="RB" lemma="strongly">strongly</w>
<w type="IN" lemma="in">in</w>
<w type="PPs" lemma="our">our</w>
<w type="NNS" lemma="heart">hearts</w>
<w type="IN" lemma="during">during</w>
<w type="DT" lemma="the">the</w>
<w type="JJ" lemma="coming">coming</w>
<w type="NN" lemma="year">year</w>
<pc type="SENT">.</pc>
</s></p><p><s><w type="NP" lemma="God">God</w>
<w type="VV" lemma="bless">bless</w>
<w type="PP" lemma="you">you</w>
<w type="CC" lemma="and">and</w>
<w type="DT" lemma="a">a</w>
<w type="RB" lemma="very">very</w>
<w type="JJ" lemma="happy">happy</w>
<w type="NP" lemma="Christmas">Christmas</w>
<w type="TO" lemma="to">to</w>
<w type="PP" lemma="you">you</w>
<w type="DT" lemma="all">all</w>
<pc type="SENT">.</pc>
</s></p></div>