<div xmlns='http://www.tei-c.org/ns/1.0' n="1978"><head><s><w type="NP" lemma="Christmas">Christmas</w>
<w type="NP" lemma="Broadcast">Broadcast</w>
<w type="CD" lemma="@card@">1978</w>
</s></head><p><s><w type="IN" lemma="at">At</w>
<w type="NP" lemma="Christmas">Christmas</w>
<pc type="sub">,</pc>
<w type="PP" lemma="we">we</w>
<w type="VVP" lemma="look">look</w>
<w type="RB" lemma="back">back</w>
<w type="RB" lemma="nearly">nearly</w>
<w type="CD" lemma="@card@">2000</w>
<w type="NNS" lemma="year">years</w>
<w type="TO" lemma="to">to</w>
<w type="DT" lemma="an">an</w>
<w type="NN" lemma="event">event</w>
<w type="WDT" lemma="which">which</w>
<w type="VBD" lemma="be">was</w>
<w type="TO" lemma="to">to</w>
<w type="VV" lemma="bring">bring</w>
<w type="JJ" lemma="new">new</w>
<w type="NN" lemma="hope">hope</w>
<w type="CC" lemma="and">and</w>
<w type="JJ" lemma="new">new</w>
<w type="NN" lemma="confidence">confidence</w>
<w type="TO" lemma="to">to</w>
<w type="DT" lemma="all">all</w>
<w type="JJ" lemma="subsequent">subsequent</w>
<w type="NNS" lemma="generation">generations</w>
<pc type="SENT">.</pc>
</s></p><p><s><w type="DT" lemma="the">The</w>
<w type="NN" lemma="birth">birth</w>
<w type="IN" lemma="of">of</w>
<w type="NP" lemma="Christ">Christ</w>
<w type="VVD" lemma="give">gave</w>
<w type="PP" lemma="us">us</w>
<w type="NN" lemma="faith">faith</w>
<w type="IN" lemma="in">in</w>
<w type="DT" lemma="the">the</w>
<w type="NN" lemma="future">future</w>
<w type="CC" lemma="and">and</w>
<w type="IN" lemma="as">as</w>
<w type="PP" lemma="I">I</w>
<w type="VVP" lemma="read">read</w>
<w type="IN" lemma="through">through</w>
<w type="DT" lemma="some">some</w>
<w type="JJR" lemma="early">earlier</w>
<w type="NP" lemma="Christmas">Christmas</w>
<w type="NNS" lemma="broadcast">Broadcasts</w>
<pc type="sub">,</pc>
<w type="PP" lemma="I">I</w>
<w type="VBD" lemma="be">was</w>
<w type="VVN" lemma="strike">struck</w>
<w type="IN" lemma="by">by</w>
<w type="DT" lemma="the">the</w>
<w type="NN" lemma="way">way</w>
<w type="IN" lemma="that">that</w>
<w type="DT" lemma="this">this</w>
<w type="JJ" lemma="same">same</w>
<w type="NN" lemma="idea">idea</w>
<pc type="sub">-</pc>
<w type="NN" lemma="faith">faith</w>
<w type="IN" lemma="in">in</w>
<w type="DT" lemma="the">the</w>
<w type="NN" lemma="future">future</w>
<pc type="sub">-</pc>
<w type="VVD" lemma="keep">kept</w>
<w type="VVG" lemma="recur">recurring</w>
<pc type="SENT">.</pc>
</s></p><p><s><w type="PPs" lemma="my">My</w>
<w type="NN" lemma="grandfather">grandfather</w>
<pc type="sub">,</pc>
<w type="NP" lemma="King">King</w>
<w type="NP" lemma="George">George</w>
<w type="NN" lemma="V">V</w>
<pc type="sub">,</pc>
<w type="VVD" lemma="start">started</w>
<w type="DT" lemma="the">the</w>
<w type="NN" lemma="tradition">tradition</w>
<w type="IN" lemma="of">of</w>
<w type="DT" lemma="the">the</w>
<w type="NP" lemma="Christmas">Christmas</w>
<w type="NP" lemma="Day">Day</w>
<w type="NP" lemma="XXXX">Broadcasts</w>
<w type="RB" lemma="back">back</w>
<w type="IN" lemma="in">in</w>
<w type="CD" lemma="@ord@">1932.</w>
<w type="IN" lemma="as">As</w>
<w type="PP" lemma="he">he</w>
<w type="VVD" lemma="speak">spoke</w>
<w type="IN" lemma="from">from</w>
<w type="PPs" lemma="his">his</w>
<w type="NN" lemma="study">study</w>
<w type="IN" lemma="at">at</w>
<w type="NP" lemma="Sandringham">Sandringham</w>
<pc type="sub">,</pc>
<w type="DT" lemma="the">the</w>
<w type="JJ" lemma="XXXX">'wireless</w>
<pc type="cq">'</pc>
<pc type="sub">-</pc>
<w type="IN" lemma="as">as</w>
<w type="PP" lemma="we">we</w>
<w type="VVD" lemma="use">used</w>
<w type="TO" lemma="to">to</w>
<w type="VV" lemma="call">call</w>
<w type="PP" lemma="it">it</w>
<pc type="sub">-</pc>
<w type="VVD" lemma="make">made</w>
<w type="PP" lemma="it">it</w>
<w type="JJ" lemma="possible">possible</w>
<w type="IN" lemma="for">for</w>
<w type="NNS" lemma="million">millions</w>
<w type="IN" lemma="of">of</w>
<w type="NNS" lemma="people">people</w>
<w type="IN" lemma="throughout">throughout</w>
<w type="DT" lemma="the">the</w>
<w type="NN" lemma="world">world</w>
<w type="TO" lemma="to">to</w>
<w type="VV" lemma="hear">hear</w>
<w type="DT" lemma="the">the</w>
<w type="NN" lemma="voice">voice</w>
<w type="IN" lemma="of">of</w>
<w type="DT" lemma="the">the</w>
<w type="NP" lemma="Sovereign">Sovereign</w>
<w type="IN" lemma="for">for</w>
<w type="DT" lemma="the">the</w>
<w type="JJ" lemma="first">first</w>
<w type="NN" lemma="time">time</w>
<pc type="SENT">.</pc>
</s>
<s><w type="CC" lemma="and">And</w>
<w type="IN" lemma="in">in</w>
<w type="DT" lemma="that">that</w>
<w type="JJ" lemma="first">first</w>
<w type="NN" lemma="broadcast">broadcast</w>
<pc type="sub">,</pc>
<w type="PP" lemma="they">they</w>
<w type="VVD" lemma="hear">heard</w>
<w type="PP" lemma="him">him</w>
<w type="VVP" lemma="talk">talk</w>
<w type="IN" lemma="about">about</w>
<w type="DT" lemma="the">the</w>
<w type="NN" lemma="future">future</w>
<pc type="sub">-</pc>
<w type="IN" lemma="as">as</w>
<w type="PP" lemma="he">he</w>
<w type="VVD" lemma="see">saw</w>
<w type="IN" lemma="in">in</w>
<w type="CD" lemma="@ord@">1932.</w>
</s></p><p><s><w type="NP" lemma="Voice">Voice</w>
<w type="IN" lemma="of">of</w>
<w type="NP" lemma="King">King</w>
<w type="NP" lemma="George">George</w>
<w type="NN" lemma="V">V</w>
<pc type="op">(</pc>
<w type="JJ" lemma="XXXX">1932)It</w>
<w type="MD" lemma="may">may</w>
<w type="VB" lemma="be">be</w>
<w type="IN" lemma="that">that</w>
<w type="PPs" lemma="our">our</w>
<w type="NN" lemma="future">future</w>
<w type="MD" lemma="will">will</w>
<w type="VV" lemma="lay">lay</w>
<w type="IN" lemma="upon">upon</w>
<w type="PP" lemma="us">us</w>
<w type="JJR" lemma="more">more</w>
<w type="IN" lemma="than">than</w>
<w type="CD" lemma="one">one</w>
<w type="JJ" lemma="stern">stern</w>
<w type="NN" lemma="test">test</w>
<pc type="SENT">.</pc>
</s>
<s><w type="PPs" lemma="our">Our</w>
<w type="NN" lemma="past">past</w>
<w type="MD" lemma="will">will</w>
<w type="VH" lemma="have">have</w>
<w type="VVD" lemma="teach">taught</w>
<w type="PP" lemma="us">us</w>
<w type="WRB" lemma="how">how</w>
<w type="TO" lemma="to">to</w>
<w type="VV" lemma="meet">meet</w>
<w type="PP" lemma="it">it</w>
<w type="VVN" lemma="unshaken">unshaken</w>
<pc type="SENT">.</pc>
</s>
<s><w type="IN" lemma="for">For</w>
<w type="DT" lemma="the">the</w>
<w type="NN" lemma="present">present</w>
<pc type="sub">,</pc>
<w type="DT" lemma="the">the</w>
<w type="NN" lemma="work">work</w>
<w type="TO" lemma="to">to</w>
<w type="WDT" lemma="which">which</w>
<w type="PP" lemma="we">we</w>
<w type="VBP" lemma="are">are</w>
<w type="RB" lemma="all">all</w>
<w type="RB" lemma="equally">equally</w>
<w type="VVN" lemma="bind">bound</w>
<w type="VBZ" lemma="be">is</w>
<w type="TO" lemma="to">to</w>
<w type="VV" lemma="arrive">arrive</w>
<w type="IN" lemma="at">at</w>
<w type="DT" lemma="a">a</w>
<w type="VVN" lemma="reason">reasoned</w>
<w type="NN" lemma="tranquillity">tranquillity</w>
<w type="IN" lemma="within">within</w>
<w type="PPs" lemma="our">our</w>
<w type="NNS" lemma="border">borders</w>
<pc type="sub">;</pc>
<w type="TO" lemma="to">to</w>
<w type="VV" lemma="regain">regain</w>
<w type="NN" lemma="prosperity">prosperity</w>
<w type="IN" lemma="without">without</w>
<w type="JJ" lemma="self-seeking">self-seeking</w>
<pc type="sub">;</pc>
<w type="CC" lemma="and">and</w>
<w type="TO" lemma="to">to</w>
<w type="VV" lemma="carry">carry</w>
<w type="IN" lemma="with">with</w>
<w type="PP" lemma="us">us</w>
<w type="DT" lemma="those">those</w>
<w type="WP" lemma="whom">whom</w>
<w type="DT" lemma="the">the</w>
<w type="NN" lemma="burden">burden</w>
<w type="IN" lemma="of">of</w>
<w type="JJ" lemma="past">past</w>
<w type="NNS" lemma="year">years</w>
<w type="VHZ" lemma="have">has</w>
<w type="VVN" lemma="dishearten">disheartened</w>
<w type="CC" lemma="or">or</w>
<w type="VVN" lemma="overbear">overborne</w>
<pc type="SENT">.</pc>
</s></p><p><s><w type="PPs" lemma="my">My</w>
<w type="NN" lemma="father">father</w>
<pc type="sub">,</pc>
<w type="NP" lemma="King">King</w>
<w type="NP" lemma="George">George</w>
<w type="NP" lemma="VI">VI</w>
<pc type="sub">,</pc>
<w type="VVD" lemma="develop">developed</w>
<w type="DT" lemma="this">this</w>
<w type="NN" lemma="theme">theme</w>
<w type="IN" lemma="of">of</w>
<w type="NN" lemma="optimism">optimism</w>
<w type="CC" lemma="and">and</w>
<w type="NN" lemma="hope">hope</w>
<pc type="sub">,</pc>
<w type="RB" lemma="even">even</w>
<w type="IN" lemma="during">during</w>
<w type="DT" lemma="the">the</w>
<w type="RBS" lemma="most">most</w>
<w type="JJ" lemma="difficult">difficult</w>
<w type="NNS" lemma="year">years</w>
<w type="IN" lemma="of">of</w>
<w type="PPs" lemma="his">his</w>
<w type="NN" lemma="reign">reign</w>
<pc type="SENT">.</pc>
</s></p><p><s><w type="IN" lemma="on">On</w>
<w type="NP" lemma="Christmas">Christmas</w>
<w type="NP" lemma="Day">Day</w>
<w type="CD" lemma="@card@">1939</w>
<pc type="sub">,</pc>
<w type="RB" lemma="just">just</w>
<w type="IN" lemma="after">after</w>
<w type="DT" lemma="the">the</w>
<w type="NN" lemma="outbreak">outbreak</w>
<w type="IN" lemma="of">of</w>
<w type="DT" lemma="the">the</w>
<w type="NP" lemma="Second">Second</w>
<w type="NP" lemma="World">World</w>
<w type="NP" lemma="War">War</w>
<pc type="sub">,</pc>
<w type="PP" lemma="he">he</w>
<w type="VVD" lemma="speak">spoke</w>
<w type="DT" lemma="the">the</w>
<w type="NNS" lemma="word">words</w>
<w type="IN" lemma="that">that</w>
<w type="JJ" lemma="many">many</w>
<w type="IN" lemma="of">of</w>
<w type="PP" lemma="you">you</w>
<w type="VVG" lemma="listen">listening</w>
<w type="NN" lemma="today">today</w>
<w type="MD" lemma="will">will</w>
<w type="VV" lemma="remember">remember</w>
<w type="RB" lemma="well">well</w>
<pc type="SENT">.</pc>
</s></p><p><s><w type="NN" lemma="voice">Voice</w>
<w type="IN" lemma="of">of</w>
<w type="NP" lemma="King">King</w>
<w type="NP" lemma="George">George</w>
<w type="NP" lemma="VI">VI</w>
<pc type="op">(</pc>
<w type="NP" lemma="XXXX">1939)I</w>
<w type="VVP" lemma="feel">feel</w>
<w type="IN" lemma="that">that</w>
<w type="PP" lemma="we">we</w>
<w type="MD" lemma="may">may</w>
<w type="RB" lemma="all">all</w>
<w type="VV" lemma="find">find</w>
<w type="DT" lemma="a">a</w>
<w type="NN" lemma="message">message</w>
<w type="IN" lemma="of">of</w>
<w type="NN" lemma="encouragement">encouragement</w>
<w type="IN" lemma="in">in</w>
<w type="DT" lemma="the">the</w>
<w type="NNS" lemma="line">lines</w>
<w type="WDT" lemma="which">which</w>
<pc type="sub">,</pc>
<w type="IN" lemma="in">in</w>
<w type="PPs" lemma="my">my</w>
<w type="NN" lemma="closing">closing</w>
<w type="NNS" lemma="word">words</w>
<pc type="sub">,</pc>
<w type="PP" lemma="I">I</w>
<w type="MD" lemma="would">would</w>
<w type="VV" lemma="like">like</w>
<w type="TO" lemma="to">to</w>
<w type="VV" lemma="say">say</w>
<w type="TO" lemma="to">to</w>
<w type="PP" lemma="you">you</w>
<pc type="sub">:</pc>
<pc type="sub">-</pc>
<pc type="oq">"</pc>
<w type="PP" lemma="I">I</w>
<w type="VVD" lemma="say">said</w>
<w type="TO" lemma="to">to</w>
<w type="DT" lemma="the">the</w>
<w type="NN" lemma="man">man</w>
<w type="WP" lemma="who">who</w>
<w type="VVD" lemma="stand">stood</w>
<w type="IN" lemma="at">at</w>
<w type="DT" lemma="the">the</w>
<w type="NN" lemma="gate">Gate</w>
<w type="IN" lemma="of">of</w>
<w type="DT" lemma="the">the</w>
<w type="NN" lemma="year">Year</w>
<pc type="sub">,</pc>
<w type="VV" lemma="XXXX">'Give</w>
<w type="PP" lemma="me">me</w>
<w type="DT" lemma="a">a</w>
<w type="NN" lemma="light">light</w>
<w type="IN" lemma="that">that</w>
<w type="PP" lemma="I">I</w>
<w type="MD" lemma="may">may</w>
<w type="VV" lemma="tread">tread</w>
<w type="RB" lemma="safely">safely</w>
<w type="IN" lemma="into">into</w>
<w type="DT" lemma="the">the</w>
<w type="NN" lemma="unknown">unknown</w>
<w type="POS" lemma="'">'</w>
<pc type="SENT">.</pc>
</s>
<s><w type="CC" lemma="and">And</w>
<w type="PP" lemma="he">he</w>
<w type="VVD" lemma="reply">replied</w>
<pc type="sub">,</pc>
<w type="VVG" lemma="XXXX">'Go</w>
<w type="RP" lemma="out">out</w>
<w type="IN" lemma="into">into</w>
<w type="DT" lemma="the">the</w>
<w type="NN" lemma="darkness">darkness</w>
<w type="CC" lemma="and">and</w>
<w type="VV" lemma="put">put</w>
<w type="PPs" lemma="your">your</w>
<w type="NN" lemma="hand">hand</w>
<w type="IN" lemma="into">into</w>
<w type="DT" lemma="the">the</w>
<w type="NP" lemma="Hand">Hand</w>
<w type="IN" lemma="of">of</w>
<w type="NP" lemma="God">God</w>
<pc type="SENT">.</pc>
</s>
<s><w type="DT" lemma="that">That</w>
<w type="MD" lemma="shall">shall</w>
<w type="VB" lemma="be">be</w>
<w type="TO" lemma="to">to</w>
<w type="PP" lemma="you">you</w>
<w type="JJR" lemma="good">better</w>
<w type="IN" lemma="than">than</w>
<w type="NN" lemma="light">light</w>
<w type="CC" lemma="and">and</w>
<w type="JJR" lemma="safe">safer</w>
<w type="IN" lemma="than">than</w>
<w type="DT" lemma="a">a</w>
<w type="VVN" lemma="know">known</w>
<w type="NN" lemma="way">way</w>
<pc type="SENT">.</pc>
<pc type="cq">'</pc>
<pc type="oq">"</pc>
</s></p><p><s><w type="IN" lemma="at">At</w>
<w type="DT" lemma="the">the</w>
<w type="NN" lemma="end">end</w>
<w type="IN" lemma="of">of</w>
<w type="DT" lemma="the">the</w>
<w type="NN" lemma="war">war</w>
<w type="IN" lemma="in">in</w>
<w type="NP" lemma="Europe">Europe</w>
<pc type="sub">,</pc>
<w type="EX" lemma="there">there</w>
<w type="VBD" lemma="be">was</w>
<w type="VVG" lemma="rejoice">rejoicing</w>
<w type="RB" lemma="everywhere">everywhere</w>
<pc type="sub">,</pc>
<w type="IN" lemma="although">although</w>
<w type="IN" lemma="beneath">beneath</w>
<w type="PP" lemma="it">it</w>
<w type="PDT" lemma="all">all</w>
<w type="DT" lemma="the">the</w>
<w type="NNS" lemma="problem">problems</w>
<w type="IN" lemma="of">of</w>
<w type="DT" lemma="the">the</w>
<w type="NN" lemma="world">world</w>
<w type="VBD" lemma="be">were</w>
<w type="RB" lemma="only">only</w>
<w type="RB" lemma="too">too</w>
<w type="JJ" lemma="evident">evident</w>
<pc type="SENT">.</pc>
</s>
<s><w type="CC" lemma="but">But</w>
<w type="IN" lemma="on">on</w>
<w type="NP" lemma="Christmas">Christmas</w>
<w type="NP" lemma="Day">Day</w>
<w type="CD" lemma="@card@">1945</w>
<pc type="sub">,</pc>
<w type="PPs" lemma="my">my</w>
<w type="NN" lemma="father">father</w>
<w type="VVD" lemma="express">expressed</w>
<w type="JJ" lemma="undiminished">undiminished</w>
<w type="NN" lemma="hope">hope</w>
<w type="CC" lemma="and">and</w>
<w type="NN" lemma="trust">trust</w>
<w type="IN" lemma="in">in</w>
<w type="DT" lemma="the">the</w>
<w type="NN" lemma="future">future</w>
<pc type="SENT">.</pc>
</s>
<s><w type="NN" lemma="voice">Voice</w>
<w type="IN" lemma="of">of</w>
<w type="NP" lemma="King">King</w>
<w type="NP" lemma="George">George</w>
<w type="NP" lemma="VI">VI</w>
<pc type="op">(</pc>
<w type="JJ" lemma="XXXX">1945)Have</w>
<w type="NN" lemma="faith">faith</w>
<w type="IN" lemma="in">in</w>
<w type="NN" lemma="life">life</w>
<w type="IN" lemma="at">at</w>
<w type="PPs" lemma="its">its</w>
<w type="JJS" lemma="good">best</w>
<w type="CC" lemma="and">and</w>
<w type="VV" lemma="bring">bring</w>
<w type="TO" lemma="to">to</w>
<w type="PP" lemma="it">it</w>
<w type="PPs" lemma="your">your</w>
<w type="NN" lemma="courage">courage</w>
<pc type="sub">,</pc>
<w type="PPs" lemma="your">your</w>
<w type="NNS" lemma="hope">hopes</w>
<w type="CC" lemma="and">and</w>
<w type="PPs" lemma="your">your</w>
<w type="NN" lemma="sense">sense</w>
<w type="IN" lemma="of">of</w>
<w type="NN" lemma="humour">humour</w>
<pc type="SENT">.</pc>
</s>
<s><w type="IN" lemma="for">For</w>
<w type="NN" lemma="merriment">merriment</w>
<w type="VBZ" lemma="be">is</w>
<w type="DT" lemma="the">the</w>
<w type="NN" lemma="birthright">birthright</w>
<w type="IN" lemma="of">of</w>
<w type="DT" lemma="the">the</w>
<w type="JJ" lemma="young">young</w>
<pc type="SENT">.</pc>
</s>
<s><w type="CC" lemma="but">But</w>
<w type="PP" lemma="we">we</w>
<w type="MD" lemma="can">can</w>
<w type="RB" lemma="all">all</w>
<w type="VV" lemma="keep">keep</w>
<w type="PP" lemma="it">it</w>
<w type="IN" lemma="in">in</w>
<w type="PPs" lemma="our">our</w>
<w type="NNS" lemma="heart">hearts</w>
<w type="IN" lemma="as">as</w>
<w type="NN" lemma="life">life</w>
<w type="VVZ" lemma="go">goes</w>
<w type="IN" lemma="on">on</w>
<pc type="sub">,</pc>
<w type="IN" lemma="if">if</w>
<w type="PP" lemma="we">we</w>
<w type="VVP" lemma="hold">hold</w>
<w type="RB" lemma="fast">fast</w>
<w type="IN" lemma="by">by</w>
<w type="DT" lemma="the">the</w>
<w type="NN" lemma="spirit">spirit</w>
<w type="WDT" lemma="that">that</w>
<w type="VVZ" lemma="refuse">refuses</w>
<w type="TO" lemma="to">to</w>
<w type="VV" lemma="admit">admit</w>
<w type="NN" lemma="defeat">defeat</w>
<pc type="sub">;</pc>
<w type="IN" lemma="by">by</w>
<w type="DT" lemma="the">the</w>
<w type="NN" lemma="faith">faith</w>
<w type="WDT" lemma="that">that</w>
<w type="RB" lemma="never">never</w>
<w type="VVZ" lemma="falter">falters</w>
<pc type="sub">;</pc>
<w type="IN" lemma="by">by</w>
<w type="DT" lemma="the">the</w>
<w type="NN" lemma="hope">hope</w>
<w type="IN" lemma="that">that</w>
<w type="NN" lemma="XXXX">cannot</w>
<w type="VB" lemma="be">be</w>
<w type="VVN" lemma="quench">quenched</w>
<pc type="SENT">.</pc>
</s>
<s><w type="VV" lemma="let">Let</w>
<w type="PP" lemma="us">us</w>
<w type="VHP" lemma="have">have</w>
<w type="DT" lemma="no">no</w>
<w type="NN" lemma="fear">fear</w>
<w type="IN" lemma="of">of</w>
<w type="DT" lemma="the">the</w>
<w type="NN" lemma="future">future</w>
<w type="CC" lemma="but">but</w>
<w type="VVP" lemma="think">think</w>
<w type="IN" lemma="of">of</w>
<w type="PP" lemma="it">it</w>
<w type="IN" lemma="as">as</w>
<w type="NN" lemma="opportunity">opportunity</w>
<w type="CC" lemma="and">and</w>
<w type="NN" lemma="adventure">adventure</w>
<pc type="SENT">.</pc>
</s></p><p><s><w type="DT" lemma="the">The</w>
<w type="NN" lemma="optimism">optimism</w>
<w type="IN" lemma="of">of</w>
<w type="DT" lemma="that">that</w>
<w type="NP" lemma="Christmas">Christmas</w>
<w type="NN" lemma="message">message</w>
<w type="VBZ" lemma="be">is</w>
<w type="JJ" lemma="timeless">timeless</w>
<pc type="SENT">.</pc>
</s>
<s><w type="WRB" lemma="when">When</w>
<w type="PP" lemma="it">it</w>
<w type="RB" lemma="first">first</w>
<w type="VVD" lemma="fall">fell</w>
<w type="TO" lemma="to">to</w>
<w type="PP" lemma="me">me</w>
<w type="TO" lemma="to">to</w>
<w type="VV" lemma="carry">carry</w>
<w type="IN" lemma="on">on</w>
<w type="DT" lemma="the">the</w>
<w type="NN" lemma="tradition">tradition</w>
<w type="IN" lemma="that">that</w>
<w type="PPs" lemma="my">my</w>
<w type="NN" lemma="grandfather">grandfather</w>
<w type="CC" lemma="and">and</w>
<w type="NN" lemma="father">father</w>
<w type="VHD" lemma="have">had</w>
<w type="VVN" lemma="develop">developed</w>
<pc type="sub">,</pc>
<w type="PP" lemma="I">I</w>
<w type="VVD" lemma="reaffirm">reaffirmed</w>
<w type="WP" lemma="what">what</w>
<w type="PP" lemma="I">I</w>
<w type="VVD" lemma="know">knew</w>
<w type="VHD" lemma="have">had</w>
<w type="VBN" lemma="be">been</w>
<w type="PPs" lemma="their">their</w>
<w type="RB" lemma="deeply">deeply</w>
<w type="VVN" lemma="hold">held</w>
<w type="NNS" lemma="belief">beliefs</w>
<w type="IN" lemma="in">in</w>
<w type="DT" lemma="the">the</w>
<w type="NN" lemma="future">future</w>
<pc type="sub">,</pc>
<w type="NNS" lemma="belief">beliefs</w>
<w type="WDT" lemma="which">which</w>
<w type="PP" lemma="I">I</w>
<w type="PP" lemma="myself">myself</w>
<w type="NN" lemma="share">share</w>
<pc type="SENT">.</pc>
</s>
<s><w type="DT" lemma="this">This</w>
<w type="VBZ" lemma="be">is</w>
<w type="WP" lemma="what">what</w>
<w type="PP" lemma="I">I</w>
<w type="VVD" lemma="say">said</w>
<w type="IN" lemma="on">on</w>
<w type="NP" lemma="Christmas">Christmas</w>
<w type="NP" lemma="Day">Day</w>
<w type="CD" lemma="@ord@">1952.</w>
</s></p><p><s><w type="NP" lemma="The">The</w>
<w type="NP" lemma="Queen">Queen</w>
<w type="POS" lemma="'s">'s</w>
<w type="NN" lemma="voice">voice</w>
<pc type="op">(</pc>
<w type="JJ" lemma="XXXX">1952)Many</w>
<w type="JJ" lemma="grave">grave</w>
<w type="NNS" lemma="problem">problems</w>
<w type="CC" lemma="and">and</w>
<w type="NNS" lemma="difficulty">difficulties</w>
<w type="VVP" lemma="confront">confront</w>
<w type="PP" lemma="us">us</w>
<w type="DT" lemma="all">all</w>
<pc type="sub">,</pc>
<w type="CC" lemma="but">but</w>
<w type="IN" lemma="with">with</w>
<w type="DT" lemma="a">a</w>
<w type="JJ" lemma="new">new</w>
<w type="NN" lemma="faith">faith</w>
<w type="IN" lemma="in">in</w>
<w type="DT" lemma="the">the</w>
<w type="JJ" lemma="old">old</w>
<w type="CC" lemma="and">and</w>
<w type="JJ" lemma="splendid">splendid</w>
<w type="NNS" lemma="belief">beliefs</w>
<w type="VVN" lemma="give">given</w>
<w type="PP" lemma="us">us</w>
<w type="IN" lemma="by">by</w>
<w type="PPs" lemma="our">our</w>
<w type="NNS" lemma="forefather">forefathers</w>
<w type="CC" lemma="and">and</w>
<w type="DT" lemma="the">the</w>
<w type="NN" lemma="strength">strength</w>
<w type="TO" lemma="to">to</w>
<w type="NN" lemma="venture">venture</w>
<w type="IN" lemma="beyond">beyond</w>
<w type="DT" lemma="the">the</w>
<w type="NNS" lemma="safety">safeties</w>
<w type="IN" lemma="of">of</w>
<w type="DT" lemma="the">the</w>
<w type="NN" lemma="past">past</w>
<pc type="sub">,</pc>
<w type="PP" lemma="I">I</w>
<w type="VVP" lemma="know">know</w>
<w type="PP" lemma="we">we</w>
<w type="MD" lemma="shall">shall</w>
<w type="VB" lemma="be">be</w>
<w type="JJ" lemma="worthy">worthy</w>
<w type="IN" lemma="of">of</w>
<w type="PPs" lemma="our">our</w>
<w type="NN" lemma="duty">duty</w>
<pc type="SENT">.</pc>
</s></p><p><s><w type="IN" lemma="by">By</w>
<w type="CD" lemma="@card@">1957</w>
<w type="NN" lemma="television">television</w>
<w type="VBD" lemma="be">was</w>
<w type="DT" lemma="a">a</w>
<w type="NN" lemma="feature">feature</w>
<w type="IN" lemma="of">of</w>
<w type="JJS" lemma="most">most</w>
<w type="NNS" lemma="home">homes</w>
<w type="CC" lemma="and">and</w>
<w type="IN" lemma="for">for</w>
<w type="DT" lemma="the">the</w>
<w type="JJ" lemma="first">first</w>
<w type="NN" lemma="time">time</w>
<w type="DT" lemma="the">the</w>
<w type="NN" lemma="broadcast">broadcast</w>
<w type="VBD" lemma="be">was</w>
<w type="VVN" lemma="televise">televised</w>
<pc type="SENT">.</pc>
</s>
<s><w type="DT" lemma="that">That</w>
<w type="NN" lemma="year">year</w>
<w type="PP" lemma="I">I</w>
<w type="VVD" lemma="speak">spoke</w>
<w type="IN" lemma="on">on</w>
<w type="NP" lemma="Christmas">Christmas</w>
<w type="NP" lemma="Day">Day</w>
<w type="IN" lemma="of">of</w>
<w type="DT" lemma="the">the</w>
<w type="NNS" lemma="quality">qualities</w>
<w type="VVN" lemma="need">needed</w>
<w type="TO" lemma="to">to</w>
<w type="VV" lemma="sustain">sustain</w>
<w type="PPs" lemma="our">our</w>
<w type="NN" lemma="faith">faith</w>
<w type="IN" lemma="in">in</w>
<w type="DT" lemma="the">the</w>
<w type="NN" lemma="future">future</w>
<pc type="SENT">.</pc>
</s></p><p><s><w type="DT" lemma="the">The</w>
<w type="NP" lemma="Queen">Queen</w>
<w type="POS" lemma="'s">'s</w>
<w type="NN" lemma="voice">voice</w>
<pc type="op">(</pc>
<w type="NP" lemma="XXXX">1957)Today</w>
<w type="PP" lemma="we">we</w>
<w type="VVP" lemma="need">need</w>
<w type="DT" lemma="a">a</w>
<w type="JJ" lemma="special">special</w>
<w type="NN" lemma="kind">kind</w>
<w type="IN" lemma="of">of</w>
<w type="NN" lemma="courage">courage</w>
<w type="CC" lemma="but">but</w>
<w type="RB" lemma="not">not</w>
<w type="DT" lemma="the">the</w>
<w type="NN" lemma="kind">kind</w>
<w type="VVN" lemma="need">needed</w>
<w type="IN" lemma="in">in</w>
<w type="NN" lemma="battle">battle</w>
<w type="CC" lemma="but">but</w>
<w type="DT" lemma="a">a</w>
<w type="NN" lemma="kind">kind</w>
<w type="WDT" lemma="which">which</w>
<w type="VVZ" lemma="make">makes</w>
<w type="PP" lemma="us">us</w>
<w type="VVP" lemma="stand">stand</w>
<w type="RP" lemma="up">up</w>
<w type="IN" lemma="for">for</w>
<w type="NN" lemma="everything">everything</w>
<w type="IN" lemma="that">that</w>
<w type="PP" lemma="we">we</w>
<w type="VVP" lemma="know">know</w>
<w type="VBZ" lemma="be">is</w>
<w type="JJ" lemma="right">right</w>
<pc type="sub">,</pc>
<w type="NN" lemma="everything">everything</w>
<w type="WDT" lemma="that">that</w>
<w type="VBZ" lemma="be">is</w>
<w type="JJ" lemma="true">true</w>
<w type="CC" lemma="and">and</w>
<w type="JJ" lemma="honest">honest</w>
<pc type="SENT">.</pc>
</s>
<s><w type="PP" lemma="we">We</w>
<w type="VVP" lemma="need">need</w>
<w type="DT" lemma="the">the</w>
<w type="NN" lemma="kind">kind</w>
<w type="IN" lemma="of">of</w>
<w type="NN" lemma="courage">courage</w>
<w type="WDT" lemma="that">that</w>
<w type="MD" lemma="can">can</w>
<w type="VV" lemma="withstand">withstand</w>
<w type="DT" lemma="the">the</w>
<w type="JJ" lemma="subtle">subtle</w>
<w type="NN" lemma="corruption">corruption</w>
<w type="IN" lemma="of">of</w>
<w type="DT" lemma="the">the</w>
<w type="NNS" lemma="cynic">cynics</w>
<w type="RB" lemma="so">so</w>
<w type="IN" lemma="that">that</w>
<w type="PP" lemma="we">we</w>
<w type="MD" lemma="can">can</w>
<w type="VV" lemma="show">show</w>
<w type="DT" lemma="the">the</w>
<w type="NN" lemma="world">world</w>
<w type="IN" lemma="that">that</w>
<w type="PP" lemma="we">we</w>
<w type="VBP" lemma="are">are</w>
<w type="RB" lemma="not">not</w>
<w type="JJ" lemma="afraid">afraid</w>
<w type="IN" lemma="of">of</w>
<w type="DT" lemma="the">the</w>
<w type="NN" lemma="future">future</w>
<pc type="SENT">.</pc>
</s></p><p><s><w type="PP" lemma="you">You</w>
<w type="VHP" lemma="have">have</w>
<w type="VVN" lemma="hear">heard</w>
<w type="CD" lemma="three">three</w>
<w type="NNS" lemma="generation">generations</w>
<w type="VVG" lemma="talk">talking</w>
<w type="IN" lemma="about">about</w>
<w type="DT" lemma="the">the</w>
<w type="NN" lemma="future">future</w>
<pc type="SENT">.</pc>
</s>
<s><w type="PPs" lemma="my">My</w>
<w type="NN" lemma="grandfather">grandfather</w>
<w type="MD" lemma="could">could</w>
<w type="RB" lemma="n't">n't</w>
<w type="VH" lemma="have">have</w>
<w type="VVN" lemma="know">known</w>
<w type="WP" lemma="what">what</w>
<w type="VBD" lemma="be">was</w>
<w type="IN" lemma="in">in</w>
<w type="NN" lemma="store">store</w>
<w type="IN" lemma="for">for</w>
<w type="PPs" lemma="his">his</w>
<w type="NNS" lemma="grandchild">grandchildren</w>
<pc type="sub">;</pc>
<w type="RB" lemma="yet">yet</w>
<w type="PPs" lemma="his">his</w>
<w type="NN" lemma="faith">faith</w>
<w type="IN" lemma="in">in</w>
<w type="DT" lemma="the">the</w>
<w type="NN" lemma="future">future</w>
<w type="VVD" lemma="give">gave</w>
<w type="PP" lemma="him">him</w>
<w type="DT" lemma="a">a</w>
<w type="JJ" lemma="quiet">quiet</w>
<w type="NN" lemma="confidence">confidence</w>
<w type="IN" lemma="that">that</w>
<w type="DT" lemma="the">the</w>
<w type="JJ" lemma="stern">stern</w>
<w type="NNS" lemma="test">tests</w>
<w type="MD" lemma="would">would</w>
<w type="VB" lemma="be">be</w>
<w type="VVN" lemma="overcome">overcome</w>
<pc type="SENT">.</pc>
</s></p><p><s><w type="CC" lemma="and">And</w>
<w type="RB" lemma="so">so</w>
<w type="PP" lemma="it">it</w>
<w type="VHZ" lemma="have">has</w>
<w type="VVN" lemma="prove">proved</w>
<pc type="SENT">.</pc>
</s>
<s><w type="PPs" lemma="my">My</w>
<w type="NN" lemma="father">father</w>
<w type="VVD" lemma="watch">watched</w>
<w type="PPs" lemma="his">his</w>
<w type="NNS" lemma="grandchild">grandchildren</w>
<w type="VV" lemma="take">take</w>
<w type="PPs" lemma="their">their</w>
<w type="JJ" lemma="first">first</w>
<w type="NNS" lemma="step">steps</w>
<w type="CC" lemma="and">and</w>
<w type="PP" lemma="he">he</w>
<w type="VVD" lemma="know">knew</w>
<w type="IN" lemma="that">that</w>
<w type="PDT" lemma="all">all</w>
<w type="DT" lemma="the">the</w>
<w type="NNS" lemma="sacrifice">sacrifices</w>
<w type="CC" lemma="and">and</w>
<w type="NN" lemma="anxiety">anxiety</w>
<w type="IN" lemma="of">of</w>
<w type="DT" lemma="the">the</w>
<w type="JJ" lemma="dark">dark</w>
<w type="NNS" lemma="day">days</w>
<w type="IN" lemma="of">of</w>
<w type="DT" lemma="the">the</w>
<w type="NP" lemma="War">War</w>
<w type="VHD" lemma="have">had</w>
<w type="VBN" lemma="be">been</w>
<w type="JJ" lemma="worthwhile">worthwhile</w>
<pc type="SENT">.</pc>
</s></p><p><s><w type="RB" lemma="now">Now</w>
<w type="PP" lemma="it">it</w>
<w type="VBZ" lemma="be">is</w>
<w type="PPs" lemma="our">our</w>
<w type="NN" lemma="turn">turn</w>
<w type="TO" lemma="to">to</w>
<w type="VV" lemma="work">work</w>
<w type="IN" lemma="for">for</w>
<w type="DT" lemma="a">a</w>
<w type="NN" lemma="future">future</w>
<w type="WDT" lemma="which">which</w>
<w type="PPs" lemma="our">our</w>
<w type="NNS" lemma="grandchild">grandchildren</w>
<w type="MD" lemma="will">will</w>
<w type="VV" lemma="step">step</w>
<w type="IN" lemma="into">into</w>
<w type="CD" lemma="one">one</w>
<w type="NN" lemma="day">day</w>
<pc type="SENT">.</pc>
</s>
<s><w type="PP" lemma="we">We</w>
<w type="NN" lemma="XXXX">cannot</w>
<w type="VB" lemma="be">be</w>
<w type="JJ" lemma="certain">certain</w>
<w type="WP" lemma="what">what</w>
<w type="VVZ" lemma="lie">lies</w>
<w type="RB" lemma="ahead">ahead</w>
<w type="IN" lemma="for">for</w>
<w type="PP" lemma="them">them</w>
<w type="CC" lemma="but">but</w>
<w type="PP" lemma="we">we</w>
<w type="MD" lemma="should">should</w>
<w type="VV" lemma="know">know</w>
<w type="RB" lemma="enough">enough</w>
<w type="TO" lemma="to">to</w>
<w type="VV" lemma="put">put</w>
<w type="PP" lemma="them">them</w>
<w type="IN" lemma="on">on</w>
<w type="DT" lemma="the">the</w>
<w type="JJ" lemma="right">right</w>
<w type="NN" lemma="path">path</w>
<pc type="SENT">.</pc>
</s>
<s><w type="PP" lemma="we">We</w>
<w type="MD" lemma="can">can</w>
<w type="VV" lemma="do">do</w>
<w type="DT" lemma="this">this</w>
<w type="IN" lemma="if">if</w>
<w type="PP" lemma="we">we</w>
<w type="VHP" lemma="have">have</w>
<w type="DT" lemma="the">the</w>
<w type="JJ" lemma="good">good</w>
<w type="NN" lemma="sense">sense</w>
<w type="TO" lemma="to">to</w>
<w type="VV" lemma="learn">learn</w>
<w type="IN" lemma="from">from</w>
<w type="DT" lemma="the">the</w>
<w type="NN" lemma="experience">experience</w>
<w type="IN" lemma="of">of</w>
<w type="DT" lemma="those">those</w>
<w type="WP" lemma="who">who</w>
<w type="VHP" lemma="have">have</w>
<w type="VVN" lemma="go">gone</w>
<w type="IN" lemma="before">before</w>
<w type="PP" lemma="us">us</w>
<w type="CC" lemma="and">and</w>
<w type="TO" lemma="to">to</w>
<w type="VV" lemma="hold">hold</w>
<w type="IN" lemma="on">on</w>
<w type="TO" lemma="to">to</w>
<w type="PDT" lemma="all">all</w>
<w type="DT" lemma="the">the</w>
<w type="NN" lemma="good">good</w>
<w type="WDT" lemma="that">that</w>
<w type="VHZ" lemma="have">has</w>
<w type="VBN" lemma="be">been</w>
<w type="VVN" lemma="hand">handed</w>
<w type="RP" lemma="down">down</w>
<w type="TO" lemma="to">to</w>
<w type="PP" lemma="us">us</w>
<w type="IN" lemma="in">in</w>
<w type="NN" lemma="trust">trust</w>
<pc type="SENT">.</pc>
</s></p><p><s><w type="VV" lemma="look">Look</w>
<w type="RP" lemma="around">around</w>
<w type="IN" lemma="at">at</w>
<w type="PPs" lemma="your">your</w>
<w type="NNS" lemma="family">families</w>
<w type="IN" lemma="as">as</w>
<w type="PP" lemma="you">you</w>
<w type="VBP" lemma="are">are</w>
<w type="VVN" lemma="gather">gathered</w>
<w type="RB" lemma="together">together</w>
<w type="IN" lemma="for">for</w>
<w type="NP" lemma="Christmas">Christmas</w>
<pc type="SENT">.</pc>
</s>
<s><w type="VV" lemma="look">Look</w>
<w type="IN" lemma="at">at</w>
<w type="DT" lemma="the">the</w>
<w type="JJR" lemma="young">younger</w>
<w type="NNS" lemma="one">ones</w>
<pc type="sub">-</pc>
<w type="PP" lemma="they">they</w>
<w type="VBP" lemma="are">are</w>
<w type="DT" lemma="the">the</w>
<w type="NN" lemma="future">future</w>
<w type="CC" lemma="and">and</w>
<w type="RB" lemma="just">just</w>
<w type="IN" lemma="as">as</w>
<w type="PP" lemma="we">we</w>
<w type="VBD" lemma="be">were</w>
<w type="VVN" lemma="help">helped</w>
<w type="TO" lemma="to">to</w>
<w type="VV" lemma="understand">understand</w>
<w type="CC" lemma="and">and</w>
<w type="TO" lemma="to">to</w>
<w type="VV" lemma="appreciate">appreciate</w>
<w type="DT" lemma="the">the</w>
<w type="NNS" lemma="value">values</w>
<w type="IN" lemma="of">of</w>
<w type="DT" lemma="a">a</w>
<w type="JJ" lemma="civilised">civilised</w>
<w type="NN" lemma="community">community</w>
<pc type="sub">,</pc>
<w type="PP" lemma="it">it</w>
<w type="VBZ" lemma="be">is</w>
<w type="RB" lemma="now">now</w>
<w type="PPs" lemma="our">our</w>
<w type="NN" lemma="responsibility">responsibility</w>
<w type="TO" lemma="to">to</w>
<w type="VV" lemma="help">help</w>
<w type="PP" lemma="them">them</w>
<w type="TO" lemma="to">to</w>
<w type="VV" lemma="do">do</w>
<w type="DT" lemma="the">the</w>
<w type="JJ" lemma="same">same</w>
<pc type="SENT">.</pc>
</s></p><p><s><w type="PP" lemma="we">We</w>
<w type="MD" lemma="must">must</w>
<w type="RB" lemma="not">not</w>
<w type="VV" lemma="let">let</w>
<w type="DT" lemma="the">the</w>
<w type="NNS" lemma="difficulty">difficulties</w>
<w type="IN" lemma="of">of</w>
<w type="DT" lemma="the">the</w>
<w type="JJ" lemma="present">present</w>
<w type="CC" lemma="or">or</w>
<w type="DT" lemma="the">the</w>
<w type="NNS" lemma="uncertainty">uncertainties</w>
<w type="IN" lemma="of">of</w>
<w type="DT" lemma="the">the</w>
<w type="NN" lemma="future">future</w>
<w type="VV" lemma="cause">cause</w>
<w type="PP" lemma="us">us</w>
<w type="TO" lemma="to">to</w>
<w type="VV" lemma="lose">lose</w>
<w type="NN" lemma="faith">faith</w>
<pc type="SENT">.</pc>
</s>
<s><w type="PP" lemma="you">You</w>
<w type="VVP" lemma="remember">remember</w>
<w type="DT" lemma="the">the</w>
<w type="VVG" lemma="say">saying</w>
<pc type="oq">"</pc>
<w type="DT" lemma="the">the</w>
<w type="NN" lemma="optimist">optimist</w>
<w type="VVZ" lemma="proclaim">proclaims</w>
<w type="IN" lemma="that">that</w>
<w type="PP" lemma="we">we</w>
<w type="VVP" lemma="live">live</w>
<w type="IN" lemma="in">in</w>
<w type="DT" lemma="the">the</w>
<w type="JJS" lemma="good">best</w>
<w type="IN" lemma="of">of</w>
<w type="DT" lemma="all">all</w>
<w type="JJ" lemma="possible">possible</w>
<w type="NNS" lemma="world">worlds</w>
<pc type="sub">,</pc>
<w type="CC" lemma="and">and</w>
<w type="DT" lemma="the">the</w>
<w type="NN" lemma="pessimist">pessimist</w>
<w type="VVZ" lemma="fear">fears</w>
<w type="IN" lemma="that">that</w>
<w type="DT" lemma="this">this</w>
<w type="VBZ" lemma="be">is</w>
<w type="JJ" lemma="true">true</w>
<pc type="cq">"</pc>
<pc type="SENT">.</pc>
</s></p><p><s><w type="PP" lemma="it">It</w>
<w type="VBZ" lemma="be">is</w>
<w type="RB" lemma="far">far</w>
<w type="IN" lemma="from">from</w>
<w type="JJ" lemma="easy">easy</w>
<w type="TO" lemma="to">to</w>
<w type="VB" lemma="be">be</w>
<w type="JJ" lemma="cheerful">cheerful</w>
<w type="CC" lemma="and">and</w>
<w type="JJ" lemma="constructive">constructive</w>
<w type="WRB" lemma="when">when</w>
<w type="NNS" lemma="thing">things</w>
<w type="IN" lemma="around">around</w>
<w type="PP" lemma="us">us</w>
<w type="VVP" lemma="suggest">suggest</w>
<w type="DT" lemma="the">the</w>
<w type="NN" lemma="opposite">opposite</w>
<pc type="sub">;</pc>
<w type="CC" lemma="but">but</w>
<w type="TO" lemma="to">to</w>
<w type="VV" lemma="give">give</w>
<w type="RP" lemma="up">up</w>
<w type="DT" lemma="the">the</w>
<w type="NN" lemma="effort">effort</w>
<w type="MD" lemma="would">would</w>
<w type="VV" lemma="mean">mean</w>
<pc type="sub">,</pc>
<w type="IN" lemma="as">as</w>
<w type="PP" lemma="it">it</w>
<w type="VBD" lemma="be">were</w>
<pc type="sub">,</pc>
<w type="TO" lemma="to">to</w>
<w type="VV" lemma="switch">switch</w>
<w type="RP" lemma="off">off</w>
<w type="NN" lemma="hope">hope</w>
<w type="IN" lemma="for">for</w>
<w type="DT" lemma="a">a</w>
<w type="JJR" lemma="good">better</w>
<w type="NN" lemma="tomorrow">tomorrow</w>
<pc type="SENT">.</pc>
</s></p><p><s><w type="RB" lemma="even">Even</w>
<w type="IN" lemma="if">if</w>
<w type="DT" lemma="the">the</w>
<w type="NNS" lemma="problem">problems</w>
<w type="VVP" lemma="seem">seem</w>
<w type="JJ" lemma="overwhelming">overwhelming</w>
<pc type="sub">,</pc>
<w type="EX" lemma="there">there</w>
<w type="VBZ" lemma="be">is</w>
<w type="RB" lemma="always">always</w>
<w type="NN" lemma="room">room</w>
<w type="IN" lemma="for">for</w>
<w type="NN" lemma="optimism">optimism</w>
<pc type="SENT">.</pc>
</s>
<s><w type="DT" lemma="every">Every</w>
<w type="NN" lemma="problem">problem</w>
<w type="VVZ" lemma="present">presents</w>
<w type="PP" lemma="us">us</w>
<w type="IN" lemma="with">with</w>
<w type="DT" lemma="the">the</w>
<w type="NN" lemma="opportunity">opportunity</w>
<w type="CC" lemma="both">both</w>
<w type="TO" lemma="to">to</w>
<w type="VV" lemma="find">find</w>
<w type="DT" lemma="an">an</w>
<w type="NN" lemma="answer">answer</w>
<w type="IN" lemma="for">for</w>
<w type="PP" lemma="ourselves">ourselves</w>
<w type="CC" lemma="and">and</w>
<w type="TO" lemma="to">to</w>
<w type="VV" lemma="help">help</w>
<w type="NNS" lemma="other">others</w>
<pc type="SENT">.</pc>
</s></p><p><s><w type="DT" lemma="the">The</w>
<w type="NN" lemma="context">context</w>
<w type="IN" lemma="of">of</w>
<w type="DT" lemma="the">the</w>
<w type="NNS" lemma="life">lives</w>
<w type="IN" lemma="of">of</w>
<w type="DT" lemma="the">the</w>
<w type="JJ" lemma="next">next</w>
<w type="NN" lemma="generation">generation</w>
<w type="VBZ" lemma="be">is</w>
<w type="VBG" lemma="be">being</w>
<w type="VVN" lemma="set">set</w>
<pc type="sub">,</pc>
<w type="RB" lemma="here">here</w>
<w type="CC" lemma="and">and</w>
<w type="RB" lemma="now">now</w>
<pc type="sub">,</pc>
<w type="RB" lemma="not">not</w>
<w type="RB" lemma="so">so</w>
<w type="JJ" lemma="much">much</w>
<w type="IN" lemma="by">by</w>
<w type="DT" lemma="the">the</w>
<w type="NN" lemma="legacy">legacy</w>
<w type="IN" lemma="of">of</w>
<w type="NN" lemma="science">science</w>
<w type="CC" lemma="or">or</w>
<w type="NN" lemma="wealth">wealth</w>
<w type="CC" lemma="or">or</w>
<w type="JJ" lemma="political">political</w>
<w type="NN" lemma="structure">structure</w>
<w type="IN" lemma="that">that</w>
<w type="PP" lemma="we">we</w>
<w type="MD" lemma="shall">shall</w>
<w type="VV" lemma="leave">leave</w>
<w type="IN" lemma="behind">behind</w>
<w type="PP" lemma="us">us</w>
<pc type="sub">,</pc>
<w type="CC" lemma="but">but</w>
<w type="IN" lemma="by">by</w>
<w type="DT" lemma="the">the</w>
<w type="NN" lemma="example">example</w>
<w type="IN" lemma="of">of</w>
<w type="PPs" lemma="our">our</w>
<w type="NNS" lemma="attitude">attitudes</w>
<w type="CC" lemma="and">and</w>
<w type="NN" lemma="behaviour">behaviour</w>
<w type="TO" lemma="to">to</w>
<w type="CD" lemma="one">one</w>
<w type="DT" lemma="another">another</w>
<w type="CC" lemma="and">and</w>
<w type="IN" lemma="by">by</w>
<w type="VVG" lemma="try">trying</w>
<w type="TO" lemma="to">to</w>
<w type="VV" lemma="show">show</w>
<w type="JJ" lemma="unselfish">unselfish</w>
<pc type="sub">,</pc>
<w type="JJ" lemma="loving">loving</w>
<w type="CC" lemma="and">and</w>
<w type="JJ" lemma="creative">creative</w>
<w type="NN" lemma="concern">concern</w>
<w type="IN" lemma="for">for</w>
<w type="DT" lemma="those">those</w>
<w type="RBR" lemma="less">less</w>
<w type="JJ" lemma="fortunate">fortunate</w>
<w type="IN" lemma="than">than</w>
<w type="PP" lemma="ourselves">ourselves</w>
<pc type="SENT">.</pc>
</s></p><p><s><w type="NNS" lemma="Christian">Christians</w>
<w type="VHP" lemma="have">have</w>
<w type="DT" lemma="the">the</w>
<w type="JJ" lemma="compelling">compelling</w>
<w type="NN" lemma="example">example</w>
<w type="IN" lemma="of">of</w>
<w type="DT" lemma="the">the</w>
<w type="NN" lemma="life">life</w>
<w type="CC" lemma="and">and</w>
<w type="NN" lemma="teaching">teaching</w>
<w type="IN" lemma="of">of</w>
<w type="NP" lemma="Christ">Christ</w>
<w type="CC" lemma="and">and</w>
<pc type="sub">,</pc>
<w type="IN" lemma="for">for</w>
<w type="PP" lemma="myself">myself</w>
<pc type="sub">,</pc>
<w type="PP" lemma="I">I</w>
<w type="MD" lemma="would">would</w>
<w type="VV" lemma="like">like</w>
<w type="NN" lemma="nothing">nothing</w>
<w type="JJR" lemma="more">more</w>
<w type="IN" lemma="than">than</w>
<w type="IN" lemma="that">that</w>
<w type="PPs" lemma="my">my</w>
<w type="NNS" lemma="grandchild">grandchildren</w>
<w type="MD" lemma="should">should</w>
<w type="VV" lemma="hold">hold</w>
<w type="RB" lemma="dear">dear</w>
<w type="PPs" lemma="his">his</w>
<w type="NNS" lemma="ideal">ideals</w>
<w type="WDT" lemma="which">which</w>
<w type="VHP" lemma="have">have</w>
<w type="VVN" lemma="help">helped</w>
<w type="CC" lemma="and">and</w>
<w type="VVN" lemma="inspire">inspired</w>
<w type="IN" lemma="so">so</w>
<w type="JJ" lemma="many">many</w>
<w type="JJ" lemma="previous">previous</w>
<w type="NNS" lemma="generation">generations</w>
<pc type="SENT">.</pc>
</s></p><p><s><w type="PP" lemma="I">I</w>
<w type="VVP" lemma="wish">wish</w>
<w type="PP" lemma="you">you</w>
<w type="DT" lemma="all">all</w>
<pc type="sub">,</pc>
<w type="RB" lemma="together">together</w>
<w type="IN" lemma="with">with</w>
<w type="PPs" lemma="your">your</w>
<w type="NNS" lemma="child">children</w>
<w type="CC" lemma="and">and</w>
<w type="NNS" lemma="grandchild">grandchildren</w>
<pc type="sub">,</pc>
<w type="DT" lemma="a">a</w>
<w type="RB" lemma="very">very</w>
<w type="JJ" lemma="happy">happy</w>
<w type="NP" lemma="Christmas">Christmas</w>
<pc type="SENT">.</pc>
</s></p></div>