<div xmlns='http://www.tei-c.org/ns/1.0' n="1979"><head><s><w type="NP" lemma="Christmas">Christmas</w>
<w type="NP" lemma="Broadcast">Broadcast</w>
<w type="CD" lemma="@card@">1979</w>
</s></head><p><s><w type="DT" lemma="every">Every</w>
<w type="CD" lemma="two">two</w>
<w type="NNS" lemma="year">years</w>
<w type="DT" lemma="the">the</w>
<w type="NP" lemma="Heads">Heads</w>
<w type="IN" lemma="of">of</w>
<w type="NP" lemma="Government">Government</w>
<w type="IN" lemma="of">of</w>
<w type="DT" lemma="the">the</w>
<w type="NP" lemma="Commonwealth">Commonwealth</w>
<w type="NNS" lemma="country">countries</w>
<w type="VVP" lemma="meet">meet</w>
<w type="RB" lemma="together">together</w>
<w type="TO" lemma="to">to</w>
<w type="VV" lemma="discuss">discuss</w>
<w type="NNS" lemma="matter">matters</w>
<w type="IN" lemma="of">of</w>
<w type="JJ" lemma="mutual">mutual</w>
<w type="NN" lemma="interest">interest</w>
<pc type="SENT">.</pc>
</s></p><p><s><w type="DT" lemma="this">This</w>
<w type="NN" lemma="year">year</w>
<w type="PP" lemma="they">they</w>
<w type="VVD" lemma="meet">met</w>
<w type="IN" lemma="in">in</w>
<w type="NP" lemma="Africa">Africa</w>
<w type="CC" lemma="and">and</w>
<w type="RB" lemma="once">once</w>
<w type="RB" lemma="again">again</w>
<w type="DT" lemma="the">the</w>
<w type="NN" lemma="meeting">meeting</w>
<w type="VVD" lemma="demonstrate">demonstrated</w>
<w type="DT" lemma="the">the</w>
<w type="JJ" lemma="great">great</w>
<w type="NN" lemma="value">value</w>
<w type="IN" lemma="of">of</w>
<w type="JJ" lemma="personal">personal</w>
<w type="NN" lemma="contact">contact</w>
<w type="CC" lemma="and">and</w>
<w type="DT" lemma="the">the</w>
<w type="NN" lemma="desire">desire</w>
<w type="IN" lemma="of">of</w>
<w type="PDT" lemma="all">all</w>
<w type="DT" lemma="the">the</w>
<w type="NNS" lemma="leader">leaders</w>
<w type="TO" lemma="to">to</w>
<w type="VV" lemma="settle">settle</w>
<w type="PPs" lemma="their">their</w>
<w type="NNS" lemma="difference">differences</w>
<w type="IN" lemma="in">in</w>
<w type="DT" lemma="the">the</w>
<w type="JJ" lemma="friendly">friendly</w>
<w type="NN" lemma="spirit">spirit</w>
<w type="IN" lemma="of">of</w>
<w type="DT" lemma="a">a</w>
<w type="NN" lemma="family">family</w>
<w type="NN" lemma="gathering">gathering</w>
<pc type="SENT">.</pc>
</s></p><p><s><w type="DT" lemma="all">All</w>
<w type="CD" lemma="@card@">39</w>
<w type="JJ" lemma="full">full</w>
<w type="NNS" lemma="member">members</w>
<w type="IN" lemma="of">of</w>
<w type="DT" lemma="the">the</w>
<w type="NP" lemma="Commonwealth">Commonwealth</w>
<w type="VBD" lemma="be">were</w>
<w type="VVN" lemma="represent">represented</w>
<w type="RB" lemma="there">there</w>
<w type="CC" lemma="and">and</w>
<pc type="sub">,</pc>
<w type="RB" lemma="as">as</w>
<w type="RB" lemma="always">always</w>
<w type="IN" lemma="on">on</w>
<w type="DT" lemma="these">these</w>
<w type="NNS" lemma="occasion">occasions</w>
<pc type="sub">,</pc>
<w type="PP" lemma="I">I</w>
<w type="RB" lemma="greatly">greatly</w>
<w type="VVD" lemma="value">valued</w>
<w type="DT" lemma="the">the</w>
<w type="NN" lemma="opportunity">opportunity</w>
<w type="IN" lemma="of">of</w>
<w type="NNS" lemma="talk">talks</w>
<w type="IN" lemma="with">with</w>
<w type="PP" lemma="them">them</w>
<pc type="SENT">.</pc>
</s></p><p><s><w type="CD" lemma="One">One</w>
<w type="IN" lemma="of">of</w>
<w type="DT" lemma="the">the</w>
<w type="JJ" lemma="main">main</w>
<w type="NNS" lemma="objective">objectives</w>
<w type="IN" lemma="of">of</w>
<w type="NP" lemma="Heads">Heads</w>
<w type="IN" lemma="of">of</w>
<w type="NP" lemma="Government">Government</w>
<w type="VBZ" lemma="be">is</w>
<w type="TO" lemma="to">to</w>
<w type="VV" lemma="make">make</w>
<w type="DT" lemma="the">the</w>
<w type="NN" lemma="world">world</w>
<w type="DT" lemma="a">a</w>
<w type="JJR" lemma="good">better</w>
<w type="NN" lemma="place">place</w>
<w type="IN" lemma="for">for</w>
<w type="DT" lemma="the">the</w>
<w type="JJ" lemma="next">next</w>
<w type="NN" lemma="generation">generation</w>
<pc type="SENT">.</pc>
</s>
<s><w type="NP" lemma="@card@">1979</w>
<w type="VHZ" lemma="have">has</w>
<w type="VBN" lemma="be">been</w>
<w type="DT" lemma="the">the</w>
<w type="NP" lemma="International">International</w>
<w type="NN" lemma="year">Year</w>
<w type="IN" lemma="of">of</w>
<w type="DT" lemma="the">the</w>
<w type="NN" lemma="child">Child</w>
<w type="CC" lemma="and">and</w>
<w type="DT" lemma="the">the</w>
<w type="NP" lemma="Commonwealth">Commonwealth</w>
<w type="VHZ" lemma="have">has</w>
<w type="RB" lemma="always">always</w>
<w type="VVD" lemma="stress">stressed</w>
<w type="DT" lemma="the">the</w>
<w type="NN" lemma="importance">importance</w>
<w type="IN" lemma="of">of</w>
<w type="PPs" lemma="our">our</w>
<w type="JJ" lemma="young">young</w>
<w type="NNS" lemma="people">people</w>
<pc type="sub">:</pc>
<w type="CC" lemma="but">but</w>
<w type="DT" lemma="this">this</w>
<w type="NN" lemma="year">year</w>
<w type="NNS" lemma="people">people</w>
<w type="RB" lemma="all">all</w>
<w type="IN" lemma="over">over</w>
<w type="DT" lemma="the">the</w>
<w type="NN" lemma="world">world</w>
<w type="VHP" lemma="have">have</w>
<w type="VBN" lemma="be">been</w>
<w type="VVN" lemma="ask">asked</w>
<w type="TO" lemma="to">to</w>
<w type="VV" lemma="give">give</w>
<w type="JJ" lemma="particular">particular</w>
<w type="NN" lemma="thought">thought</w>
<w type="TO" lemma="to">to</w>
<w type="DT" lemma="the">the</w>
<w type="JJ" lemma="special">special</w>
<w type="NNS" lemma="need">needs</w>
<w type="IN" lemma="of">of</w>
<w type="JJ" lemma="sick">sick</w>
<w type="CC" lemma="and">and</w>
<w type="JJ" lemma="handicapped">handicapped</w>
<w type="NNS" lemma="child">children</w>
<pc type="sub">,</pc>
<w type="TO" lemma="to">to</w>
<w type="DT" lemma="the">the</w>
<w type="JJ" lemma="hungry">hungry</w>
<w type="CC" lemma="and">and</w>
<w type="JJ" lemma="homeless">homeless</w>
<w type="CC" lemma="and">and</w>
<w type="TO" lemma="to">to</w>
<w type="DT" lemma="those">those</w>
<w type="IN" lemma="in">in</w>
<w type="NN" lemma="trouble">trouble</w>
<w type="CC" lemma="or">or</w>
<w type="NN" lemma="distress">distress</w>
<w type="WRB" lemma="wherever">wherever</w>
<w type="PP" lemma="they">they</w>
<w type="MD" lemma="may">may</w>
<w type="VB" lemma="be">be</w>
<w type="VVN" lemma="find">found</w>
<pc type="SENT">.</pc>
</s></p><p><s><w type="PP" lemma="it">It</w>
<w type="VBZ" lemma="be">is</w>
<w type="DT" lemma="an">an</w>
<w type="JJ" lemma="unhappy">unhappy</w>
<w type="NN" lemma="coincidence">coincidence</w>
<w type="IN" lemma="that">that</w>
<w type="JJ" lemma="political">political</w>
<w type="CC" lemma="and">and</w>
<w type="JJ" lemma="economic">economic</w>
<w type="NNS" lemma="force">forces</w>
<w type="VHP" lemma="have">have</w>
<w type="VVN" lemma="make">made</w>
<w type="DT" lemma="this">this</w>
<w type="DT" lemma="an">an</w>
<w type="RB" lemma="exceptionally">exceptionally</w>
<w type="JJ" lemma="difficult">difficult</w>
<w type="CC" lemma="and">and</w>
<w type="JJ" lemma="tragic">tragic</w>
<w type="NN" lemma="year">year</w>
<w type="IN" lemma="for">for</w>
<w type="JJ" lemma="many">many</w>
<w type="NNS" lemma="family">families</w>
<w type="CC" lemma="and">and</w>
<w type="NNS" lemma="child">children</w>
<w type="IN" lemma="in">in</w>
<w type="JJ" lemma="several">several</w>
<w type="NNS" lemma="part">parts</w>
<w type="IN" lemma="of">of</w>
<w type="DT" lemma="the">the</w>
<w type="NN" lemma="world">world</w>
<pc type="sub">-</pc>
<w type="CC" lemma="but">but</w>
<w type="RB" lemma="particularly">particularly</w>
<w type="IN" lemma="in">in</w>
<w type="NP" lemma="South">South</w>
<w type="NP" lemma="East">East</w>
<w type="NP" lemma="Asia">Asia</w>
<pc type="SENT">.</pc>
</s></p><p><s><w type="DT" lemma="the">The</w>
<w type="NN" lemma="situation">situation</w>
<w type="VHZ" lemma="have">has</w>
<w type="VVN" lemma="create">created</w>
<w type="DT" lemma="a">a</w>
<w type="RB" lemma="desperately">desperately</w>
<w type="JJ" lemma="serious">serious</w>
<w type="NN" lemma="challenge">challenge</w>
<w type="CC" lemma="and">and</w>
<w type="PP" lemma="I">I</w>
<w type="VBP" lemma="am">am</w>
<w type="JJ" lemma="glad">glad</w>
<w type="TO" lemma="to">to</w>
<w type="VV" lemma="know">know</w>
<w type="IN" lemma="that">that</w>
<w type="RB" lemma="so">so</w>
<w type="JJ" lemma="many">many</w>
<w type="NNS" lemma="people">people</w>
<w type="IN" lemma="of">of</w>
<w type="DT" lemma="the">the</w>
<w type="NP" lemma="Commonwealth">Commonwealth</w>
<w type="VHP" lemma="have">have</w>
<w type="VVN" lemma="respond">responded</w>
<w type="IN" lemma="with">with</w>
<w type="JJ" lemma="wonderful">wonderful</w>
<w type="NN" lemma="generosity">generosity</w>
<w type="CC" lemma="and">and</w>
<w type="NN" lemma="kindness">kindness</w>
<pc type="SENT">.</pc>
</s>
<s><w type="PP" lemma="it">It</w>
<w type="VVZ" lemma="seem">seems</w>
<w type="IN" lemma="that">that</w>
<w type="DT" lemma="the">the</w>
<w type="JJR" lemma="great">greater</w>
<w type="DT" lemma="the">the</w>
<w type="NNS" lemma="need">needs</w>
<w type="IN" lemma="of">of</w>
<w type="NNS" lemma="child">children</w>
<pc type="sub">,</pc>
<w type="DT" lemma="the">the</w>
<w type="JJR" lemma="more">more</w>
<w type="NNS" lemma="people">people</w>
<w type="RB" lemma="everywhere">everywhere</w>
<w type="VVP" lemma="rise">rise</w>
<w type="TO" lemma="to">to</w>
<w type="DT" lemma="the">the</w>
<w type="NN" lemma="occasion">occasion</w>
<pc type="SENT">.</pc>
</s></p><p><s><w type="PPs" lemma="my">My</w>
<w type="NN" lemma="daughter">daughter</w>
<pc type="sub">,</pc>
<w type="IN" lemma="as">as</w>
<w type="NP" lemma="President">President</w>
<w type="IN" lemma="of">of</w>
<w type="DT" lemma="the">the</w>
<w type="NP" lemma="Save">Save</w>
<w type="DT" lemma="the">the</w>
<w type="NP" lemma="Children">Children</w>
<w type="NP" lemma="Fund">Fund</w>
<pc type="sub">,</pc>
<w type="VVD" lemma="see">saw</w>
<w type="DT" lemma="some">some</w>
<w type="IN" lemma="of">of</w>
<w type="DT" lemma="these">these</w>
<w type="NNS" lemma="volunteer">volunteers</w>
<w type="VVG" lemma="look">looking</w>
<w type="IN" lemma="after">after</w>
<w type="NN" lemma="refugee">refugee</w>
<w type="NNS" lemma="child">children</w>
<w type="IN" lemma="in">in</w>
<w type="DT" lemma="the">the</w>
<w type="NP" lemma="Far">Far</w>
<w type="NP" lemma="East">East</w>
<pc type="SENT">.</pc>
</s>
<s><w type="RB" lemma="nowhere">Nowhere</w>
<w type="VBZ" lemma="be">is</w>
<w type="DT" lemma="the">the</w>
<w type="JJ" lemma="voluntary">voluntary</w>
<w type="NN" lemma="effort">effort</w>
<w type="RBR" lemma="more">more</w>
<w type="JJ" lemma="active">active</w>
<w type="IN" lemma="than">than</w>
<w type="IN" lemma="in">in</w>
<w type="NNS" lemma="charity">charities</w>
<w type="CC" lemma="and">and</w>
<w type="NNS" lemma="organisation">organisations</w>
<w type="VVN" lemma="devote">devoted</w>
<w type="TO" lemma="to">to</w>
<w type="VVG" lemma="help">helping</w>
<w type="NNS" lemma="child">children</w>
<w type="TO" lemma="to">to</w>
<w type="VV" lemma="survive">survive</w>
<w type="DT" lemma="the">the</w>
<w type="NNS" lemma="hazard">hazards</w>
<w type="TO" lemma="to">to</w>
<w type="WDT" lemma="which">which</w>
<w type="PP" lemma="they">they</w>
<w type="VHP" lemma="have">have</w>
<w type="VBN" lemma="be">been</w>
<w type="VVN" lemma="subject">subjected</w>
<pc type="SENT">.</pc>
</s></p><p><s><w type="DT" lemma="the">The</w>
<w type="NN" lemma="year">Year</w>
<w type="IN" lemma="of">of</w>
<w type="DT" lemma="the">the</w>
<w type="NN" lemma="child">Child</w>
<w type="VHZ" lemma="have">has</w>
<w type="VVN" lemma="emphasise">emphasised</w>
<w type="DT" lemma="the">the</w>
<w type="NN" lemma="value">value</w>
<w type="IN" lemma="of">of</w>
<w type="DT" lemma="this">this</w>
<w type="NN" lemma="work">work</w>
<pc type="sub">,</pc>
<w type="CC" lemma="but">but</w>
<w type="PP" lemma="we">we</w>
<w type="MD" lemma="must">must</w>
<w type="RB" lemma="not">not</w>
<w type="VV" lemma="forget">forget</w>
<w type="IN" lemma="that">that</w>
<w type="DT" lemma="every">every</w>
<w type="NN" lemma="generation">generation</w>
<w type="VHZ" lemma="have">has</w>
<w type="TO" lemma="to">to</w>
<w type="VV" lemma="face">face</w>
<w type="DT" lemma="the">the</w>
<w type="NNS" lemma="problem">problems</w>
<w type="IN" lemma="of">of</w>
<w type="NN" lemma="childhood">childhood</w>
<w type="CC" lemma="and">and</w>
<w type="DT" lemma="the">the</w>
<w type="VVZ" lemma="stress">stresses</w>
<w type="IN" lemma="of">of</w>
<w type="VVG" lemma="grow">growing</w>
<w type="RP" lemma="up">up</w>
<pc type="sub">,</pc>
<w type="CC" lemma="and">and</w>
<pc type="sub">,</pc>
<w type="IN" lemma="in">in</w>
<w type="JJ" lemma="due">due</w>
<w type="NN" lemma="course">course</w>
<pc type="sub">,</pc>
<w type="DT" lemma="the">the</w>
<w type="NNS" lemma="responsibility">responsibilities</w>
<w type="IN" lemma="of">of</w>
<w type="NNS" lemma="parent">parents</w>
<w type="CC" lemma="and">and</w>
<w type="NNS" lemma="adult">adults</w>
<pc type="SENT">.</pc>
</s>
<s><w type="IN" lemma="if">If</w>
<w type="PP" lemma="they">they</w>
<w type="VBP" lemma="are">are</w>
<w type="VVN" lemma="handicap">handicapped</w>
<w type="IN" lemma="in">in</w>
<w type="PP" lemma="themselves">themselves</w>
<pc type="sub">,</pc>
<w type="CC" lemma="or">or</w>
<w type="IN" lemma="by">by</w>
<w type="PPs" lemma="their">their</w>
<w type="NN" lemma="family">family</w>
<w type="CC" lemma="or">or</w>
<w type="NN" lemma="community">community</w>
<pc type="sub">,</pc>
<w type="PPs" lemma="their">their</w>
<w type="NNS" lemma="problem">problems</w>
<w type="VBP" lemma="are">are</w>
<w type="PDT" lemma="all">all</w>
<w type="DT" lemma="the">the</w>
<w type="RBR" lemma="more">more</w>
<w type="JJ" lemma="difficult">difficult</w>
<pc type="SENT">.</pc>
</s></p><p><s><w type="NNS" lemma="child">Children</w>
<w type="VBP" lemma="are">are</w>
<w type="VVN" lemma="bear">born</w>
<w type="IN" lemma="with">with</w>
<w type="DT" lemma="a">a</w>
<w type="JJ" lemma="mixed">mixed</w>
<w type="NN" lemma="package">package</w>
<w type="IN" lemma="of">of</w>
<w type="NNS" lemma="emotion">emotions</w>
<pc type="sub">,</pc>
<w type="NNS" lemma="talent">talents</w>
<w type="CC" lemma="and">and</w>
<w type="NNS" lemma="handicap">handicaps</w>
<pc type="sub">,</pc>
<w type="CC" lemma="but">but</w>
<w type="IN" lemma="without">without</w>
<w type="NN" lemma="knowledge">knowledge</w>
<w type="CC" lemma="or">or</w>
<w type="NN" lemma="experience">experience</w>
<pc type="SENT">.</pc>
</s>
<s><w type="IN" lemma="as">As</w>
<w type="PP" lemma="they">they</w>
<w type="VVP" lemma="grow">grow</w>
<w type="RB" lemma="up">up</w>
<w type="PP" lemma="they">they</w>
<w type="VHP" lemma="have">have</w>
<w type="TO" lemma="to">to</w>
<w type="VV" lemma="learn">learn</w>
<w type="TO" lemma="to">to</w>
<w type="VV" lemma="live">live</w>
<w type="IN" lemma="with">with</w>
<w type="PPs" lemma="their">their</w>
<w type="NNS" lemma="parent">parents</w>
<w type="CC" lemma="and">and</w>
<w type="NNS" lemma="family">families</w>
<pc type="sub">;</pc>
<w type="CC" lemma="and">and</w>
<w type="PP" lemma="they">they</w>
<w type="VHP" lemma="have">have</w>
<w type="TO" lemma="to">to</w>
<w type="VV" lemma="adjust">adjust</w>
<w type="TO" lemma="to">to</w>
<w type="NN" lemma="school">school</w>
<pc type="sub">,</pc>
<w type="VVG" lemma="include">including</w>
<w type="DT" lemma="the">the</w>
<w type="NN" lemma="discovery">discovery</w>
<w type="IN" lemma="of">of</w>
<w type="NN" lemma="leisure">leisure</w>
<w type="NNS" lemma="activity">activities</w>
<w type="CC" lemma="and">and</w>
<w type="VVG" lemma="learn">learning</w>
<w type="TO" lemma="to">to</w>
<w type="VV" lemma="handle">handle</w>
<w type="PPs" lemma="their">their</w>
<w type="NNS" lemma="relationship">relationships</w>
<w type="IN" lemma="with">with</w>
<w type="PPs" lemma="their">their</w>
<w type="NNS" lemma="contemporary">contemporaries</w>
<w type="CC" lemma="and">and</w>
<w type="IN" lemma="with">with</w>
<w type="NNS" lemma="stranger">strangers</w>
<pc type="SENT">.</pc>
</s>
<s><w type="NNS" lemma="school">Schools</w>
<pc type="sub">,</pc>
<w type="NNS" lemma="charity">charities</w>
<w type="CC" lemma="and">and</w>
<w type="JJ" lemma="voluntary">voluntary</w>
<w type="NNS" lemma="organisation">organisations</w>
<w type="CC" lemma="and">and</w>
<w type="NNS" lemma="institution">institutions</w>
<w type="MD" lemma="can">can</w>
<w type="VV" lemma="do">do</w>
<w type="DT" lemma="a">a</w>
<w type="JJ" lemma="great">great</w>
<w type="NN" lemma="deal">deal</w>
<w type="TO" lemma="to">to</w>
<w type="VV" lemma="help">help</w>
<pc type="sub">,</pc>
<w type="CC" lemma="and">and</w>
<w type="PP" lemma="I">I</w>
<w type="VHP" lemma="have">have</w>
<w type="VVN" lemma="admire">admired</w>
<w type="PPs" lemma="their">their</w>
<w type="NN" lemma="work">work</w>
<w type="IN" lemma="in">in</w>
<w type="JJ" lemma="many">many</w>
<w type="NNS" lemma="part">parts</w>
<w type="IN" lemma="of">of</w>
<w type="DT" lemma="the">the</w>
<w type="NN" lemma="world">world</w>
<pc type="sub">;</pc>
<w type="CC" lemma="but">but</w>
<w type="IN" lemma="in">in</w>
<w type="DT" lemma="the">the</w>
<w type="NN" lemma="end">end</w>
<w type="DT" lemma="each">each</w>
<w type="NN" lemma="one">one</w>
<w type="IN" lemma="of">of</w>
<w type="PP" lemma="us">us</w>
<w type="VHZ" lemma="have">has</w>
<w type="DT" lemma="a">a</w>
<w type="JJ" lemma="primary">primary</w>
<w type="CC" lemma="and">and</w>
<w type="JJ" lemma="personal">personal</w>
<w type="NN" lemma="responsibility">responsibility</w>
<w type="IN" lemma="for">for</w>
<w type="PPs" lemma="our">our</w>
<w type="JJ" lemma="own">own</w>
<w type="NNS" lemma="child">children</w>
<pc type="sub">,</pc>
<w type="IN" lemma="for">for</w>
<w type="NNS" lemma="child">children</w>
<w type="VVN" lemma="entrust">entrusted</w>
<w type="TO" lemma="to">to</w>
<w type="PPs" lemma="our">our</w>
<w type="NN" lemma="care">care</w>
<w type="CC" lemma="and">and</w>
<w type="IN" lemma="for">for</w>
<w type="PDT" lemma="all">all</w>
<w type="DT" lemma="the">the</w>
<w type="NNS" lemma="child">children</w>
<w type="IN" lemma="in">in</w>
<w type="PPs" lemma="our">our</w>
<w type="JJ" lemma="own">own</w>
<w type="NNS" lemma="community">communities</w>
<pc type="SENT">.</pc>
</s></p><p><s><w type="IN" lemma="at">At</w>
<w type="NP" lemma="Christmas">Christmas</w>
<w type="PP" lemma="we">we</w>
<w type="VVP" lemma="give">give</w>
<w type="NNS" lemma="present">presents</w>
<w type="TO" lemma="to">to</w>
<w type="DT" lemma="each">each</w>
<w type="JJ" lemma="other">other</w>
<pc type="SENT">.</pc>
</s>
<s><w type="VV" lemma="let">Let</w>
<w type="PP" lemma="us">us</w>
<w type="RB" lemma="also">also</w>
<w type="VVP" lemma="stop">stop</w>
<w type="TO" lemma="to">to</w>
<w type="VV" lemma="think">think</w>
<w type="IN" lemma="whether">whether</w>
<w type="PP" lemma="we">we</w>
<w type="VBP" lemma="are">are</w>
<w type="VVG" lemma="make">making</w>
<w type="JJ" lemma="enough">enough</w>
<w type="NN" lemma="effort">effort</w>
<w type="TO" lemma="to">to</w>
<w type="VV" lemma="pass">pass</w>
<w type="IN" lemma="on">on</w>
<w type="PPs" lemma="our">our</w>
<w type="NN" lemma="experience">experience</w>
<w type="IN" lemma="of">of</w>
<w type="NN" lemma="life">life</w>
<w type="TO" lemma="to">to</w>
<w type="PPs" lemma="our">our</w>
<w type="NNS" lemma="child">children</w>
<pc type="SENT">.</pc>
</s>
<s><w type="NN" lemma="today">Today</w>
<w type="PP" lemma="we">we</w>
<w type="VVP" lemma="celebrate">celebrate</w>
<w type="DT" lemma="the">the</w>
<w type="NN" lemma="birth">birth</w>
<w type="IN" lemma="of">of</w>
<w type="DT" lemma="the">the</w>
<w type="NN" lemma="child">child</w>
<w type="WP" lemma="who">who</w>
<w type="VVD" lemma="transform">transformed</w>
<w type="NN" lemma="history">history</w>
<w type="CC" lemma="and">and</w>
<w type="VVD" lemma="give">gave</w>
<w type="PP" lemma="us">us</w>
<w type="DT" lemma="a">a</w>
<w type="JJ" lemma="great">great</w>
<w type="NN" lemma="faith">faith</w>
<pc type="SENT">.</pc>
</s>
<s><w type="NP" lemma="Jesus">Jesus</w>
<w type="VVD" lemma="say">said</w>
<pc type="sub">:</pc>
</s></p><p><s><pc type="oq">"</pc>
<w type="VV" lemma="suffer">Suffer</w>
<w type="DT" lemma="the">the</w>
<w type="JJ" lemma="little">little</w>
<w type="NNS" lemma="child">children</w>
<w type="TO" lemma="to">to</w>
<w type="VV" lemma="come">come</w>
<w type="IN" lemma="unto">unto</w>
<w type="PP" lemma="me">me</w>
<w type="CC" lemma="and">and</w>
<w type="VV" lemma="forbid">forbid</w>
<w type="PP" lemma="them">them</w>
<w type="RB" lemma="not">not</w>
<pc type="sub">,</pc>
<w type="IN" lemma="for">for</w>
<w type="IN" lemma="of">of</w>
<w type="JJ" lemma="such">such</w>
<w type="VBZ" lemma="be">is</w>
<w type="DT" lemma="the">the</w>
<w type="NN" lemma="kingdom">kingdom</w>
<w type="IN" lemma="of">of</w>
<w type="NP" lemma="God">God</w>
<pc type="cq">"</pc>
<pc type="SENT">.</pc>
</s></p><p><s><w type="PP" lemma="I">I</w>
<w type="VVP" lemma="wish">wish</w>
<w type="PP" lemma="you">you</w>
<w type="PDT" lemma="all">all</w>
<w type="DT" lemma="a">a</w>
<w type="RB" lemma="very">very</w>
<w type="JJ" lemma="happy">happy</w>
<w type="NP" lemma="Christmas">Christmas</w>
<pc type="SENT">.</pc>
</s></p></div>