<div xmlns='http://www.tei-c.org/ns/1.0' n="1980"><head><s><w type="NP" lemma="Christmas">Christmas</w>
<w type="VVD" lemma="broadcast">broadcast</w>
<w type="CD" lemma="@card@">1980</w>
</s></head><p><s><w type="PP" lemma="I">I</w>
<w type="VBD" lemma="be">was</w>
<w type="JJ" lemma="glad">glad</w>
<w type="IN" lemma="that">that</w>
<w type="DT" lemma="the">the</w>
<w type="NNS" lemma="celebration">celebrations</w>
<w type="IN" lemma="of">of</w>
<w type="PPs" lemma="my">my</w>
<w type="NN" lemma="mother">mother</w>
<w type="POS" lemma="'s">'s</w>
<w type="JJ" lemma="XXXX">80th</w>
<w type="NN" lemma="birthday">birthday</w>
<w type="JJ" lemma="last">last</w>
<w type="NN" lemma="summer">summer</w>
<w type="VVD" lemma="give">gave</w>
<w type="RB" lemma="so">so</w>
<w type="JJ" lemma="much">much</w>
<w type="NN" lemma="pleasure">pleasure</w>
<pc type="SENT">.</pc>
</s>
<s><w type="PP" lemma="I">I</w>
<w type="VVP" lemma="wonder">wonder</w>
<w type="IN" lemma="whether">whether</w>
<w type="PP" lemma="you">you</w>
<w type="VVP" lemma="remember">remember</w>
<pc type="sub">,</pc>
<w type="IN" lemma="during">during</w>
<w type="DT" lemma="the">the</w>
<w type="NP" lemma="Thanksgiving">Thanksgiving</w>
<w type="NP" lemma="Service">Service</w>
<w type="IN" lemma="in">in</w>
<w type="NP" lemma="St.">St.</w>
<w type="NP" lemma="Paul">Paul</w>
<w type="POS" lemma="'s">'s</w>
<pc type="sub">,</pc>
<w type="DT" lemma="the">the</w>
<w type="NN" lemma="congregation">congregation</w>
<w type="NN" lemma="singing">singing</w>
<w type="IN" lemma="that">that</w>
<w type="JJ" lemma="wonderful">wonderful</w>
<w type="NN" lemma="hymn">hymn</w>
<pc type="oq">"</pc>
<w type="NP" lemma="XXXX">Immortal</w>
<pc type="sub">,</pc>
<w type="NP" lemma="XXXX">Invisible</w>
<pc type="sub">,</pc>
<w type="NP" lemma="God">God</w>
<w type="RB" lemma="only">only</w>
<w type="JJ" lemma="wise">wise</w>
<pc type="cq">"</pc>
<pc type="SENT">.</pc>
</s></p><p><s><pc type="cq">"</pc>
<w type="RB" lemma="now">Now</w>
<w type="VV" lemma="give">give</w>
<w type="PP" lemma="us">us</w>
<w type="PP" lemma="we">we</w>
<w type="VV" lemma="pray">pray</w>
<w type="NP" lemma="thee">thee</w>
<w type="DT" lemma="the">the</w>
<w type="NN" lemma="spirit">Spirit</w>
<w type="IN" lemma="of">of</w>
<w type="NN" lemma="love">love</w>
<pc type="sub">,</pc>
<w type="DT" lemma="the">The</w>
<w type="NN" lemma="gift">gift</w>
<w type="IN" lemma="of">of</w>
<w type="JJ" lemma="true">true</w>
<w type="NN" lemma="wisdom">wisdom</w>
<w type="WDT" lemma="that">that</w>
<w type="VVZ" lemma="come">comes</w>
<w type="IN" lemma="from">from</w>
<w type="RB" lemma="above">above</w>
<pc type="sub">,</pc>
<w type="DT" lemma="the">The</w>
<w type="NN" lemma="spirit">spirit</w>
<w type="IN" lemma="of">of</w>
<w type="NN" lemma="service">service</w>
<w type="WDT" lemma="that">that</w>
<w type="VHZ" lemma="have">has</w>
<w type="RB" lemma="naught">naught</w>
<w type="IN" lemma="of">of</w>
<w type="NN" lemma="pride">pride</w>
<pc type="sub">,</pc>
<w type="DT" lemma="the">The</w>
<w type="NN" lemma="gift">gift</w>
<w type="IN" lemma="of">of</w>
<w type="JJ" lemma="true">true</w>
<w type="NN" lemma="courage">courage</w>
<pc type="sub">,</pc>
<w type="CC" lemma="and">and</w>
<w type="NP" lemma="thee">thee</w>
<w type="IN" lemma="as">as</w>
<w type="PPs" lemma="our">our</w>
<w type="NN" lemma="guide">guide</w>
<pc type="SENT">.</pc>
<pc type="cq">"</pc>
</s></p><p><s><w type="VVD" lemma="do">Did</w>
<w type="PP" lemma="you">you</w>
<w type="VV" lemma="catch">catch</w>
<w type="DT" lemma="the">the</w>
<w type="NNS" lemma="word">words</w>
<w type="IN" lemma="of">of</w>
<w type="DT" lemma="that">that</w>
<w type="NN" lemma="hymn">hymn</w>
<pc type="SENT">?</pc>
</s></p><p><s><pc type="cq">"</pc>
<w type="DT" lemma="the">The</w>
<w type="NN" lemma="spirit">spirit</w>
<w type="IN" lemma="of">of</w>
<w type="NN" lemma="service">service</w>
<w type="WDT" lemma="that">that</w>
<w type="VHZ" lemma="have">has</w>
<w type="RB" lemma="naught">naught</w>
<w type="IN" lemma="of">of</w>
<w type="NN" lemma="pride">pride</w>
<pc type="sub">,</pc>
<w type="DT" lemma="the">The</w>
<w type="NN" lemma="gift">gift</w>
<w type="IN" lemma="of">of</w>
<w type="JJ" lemma="true">true</w>
<w type="NN" lemma="courage">courage</w>
<pc type="sub">,</pc>
<w type="CC" lemma="and">and</w>
<w type="NP" lemma="thee">thee</w>
<w type="IN" lemma="as">as</w>
<w type="PPs" lemma="our">our</w>
<w type="NN" lemma="guide">guide</w>
<pc type="SENT">.</pc>
<pc type="cq">"</pc>
</s></p><p><s><w type="DT" lemma="the">The</w>
<w type="NN" lemma="loyalty">loyalty</w>
<w type="CC" lemma="and">and</w>
<w type="NN" lemma="affection">affection</w>
<pc type="sub">,</pc>
<w type="WDT" lemma="which">which</w>
<w type="RB" lemma="so">so</w>
<w type="JJ" lemma="many">many</w>
<w type="NNS" lemma="people">people</w>
<w type="VVD" lemma="show">showed</w>
<w type="TO" lemma="to">to</w>
<w type="PPs" lemma="my">my</w>
<w type="NN" lemma="mother">mother</w>
<pc type="sub">,</pc>
<w type="VVD" lemma="reflect">reflected</w>
<w type="DT" lemma="a">a</w>
<w type="NN" lemma="feeling">feeling</w>
<pc type="sub">,</pc>
<w type="VVN" lemma="express">expressed</w>
<w type="IN" lemma="in">in</w>
<w type="JJ" lemma="many">many</w>
<w type="JJ" lemma="different">different</w>
<w type="NNS" lemma="way">ways</w>
<pc type="sub">,</pc>
<w type="WDT" lemma="that">that</w>
<w type="PP" lemma="she">she</w>
<w type="VBZ" lemma="be">is</w>
<w type="DT" lemma="a">a</w>
<w type="NN" lemma="person">person</w>
<w type="WP" lemma="who">who</w>
<w type="VHZ" lemma="have">has</w>
<w type="VVN" lemma="give">given</w>
<w type="JJ" lemma="selfless">selfless</w>
<w type="NN" lemma="service">service</w>
<w type="TO" lemma="to">to</w>
<w type="DT" lemma="the">the</w>
<w type="NNS" lemma="people">people</w>
<w type="IN" lemma="of">of</w>
<w type="DT" lemma="this">this</w>
<w type="NN" lemma="country">country</w>
<w type="CC" lemma="and">and</w>
<w type="IN" lemma="of">of</w>
<w type="DT" lemma="the">the</w>
<w type="NP" lemma="Commonwealth">Commonwealth</w>
<pc type="SENT">.</pc>
</s></p><p><s><w type="IN" lemma="as">As</w>
<w type="PP" lemma="I">I</w>
<w type="VVP" lemma="go">go</w>
<w type="IN" lemma="about">about</w>
<w type="DT" lemma="the">the</w>
<w type="NN" lemma="country">country</w>
<w type="CC" lemma="and">and</w>
<w type="RB" lemma="abroad">abroad</w>
<w type="PP" lemma="I">I</w>
<w type="VVP" lemma="meet">meet</w>
<w type="JJ" lemma="many">many</w>
<w type="NNS" lemma="people">people</w>
<w type="WP" lemma="who">who</w>
<pc type="sub">,</pc>
<w type="DT" lemma="all">all</w>
<w type="IN" lemma="in">in</w>
<w type="PPs" lemma="their">their</w>
<w type="JJ" lemma="own">own</w>
<w type="NNS" lemma="way">ways</w>
<pc type="sub">,</pc>
<w type="VBP" lemma="are">are</w>
<w type="VVG" lemma="make">making</w>
<w type="DT" lemma="a">a</w>
<w type="JJ" lemma="real">real</w>
<w type="NN" lemma="contribution">contribution</w>
<w type="TO" lemma="to">to</w>
<w type="PPs" lemma="their">their</w>
<w type="NN" lemma="community">community</w>
<pc type="SENT">.</pc>
</s>
<s><w type="PP" lemma="I">I</w>
<w type="VVP" lemma="come">come</w>
<w type="IN" lemma="across">across</w>
<w type="NNS" lemma="example">examples</w>
<w type="IN" lemma="of">of</w>
<w type="JJ" lemma="unselfish">unselfish</w>
<w type="NN" lemma="service">service</w>
<w type="IN" lemma="in">in</w>
<w type="DT" lemma="all">all</w>
<w type="NNS" lemma="walk">walks</w>
<w type="IN" lemma="of">of</w>
<w type="NN" lemma="life">life</w>
<w type="CC" lemma="and">and</w>
<w type="IN" lemma="in">in</w>
<w type="JJ" lemma="many">many</w>
<w type="JJ" lemma="unexpected">unexpected</w>
<w type="NNS" lemma="place">places</w>
<pc type="SENT">.</pc>
</s></p><p><s><w type="DT" lemma="some">Some</w>
<w type="NNS" lemma="people">people</w>
<w type="VVP" lemma="choose">choose</w>
<w type="PPs" lemma="their">their</w>
<w type="NN" lemma="occupation">occupation</w>
<w type="RB" lemma="so">so</w>
<w type="IN" lemma="that">that</w>
<w type="PP" lemma="they">they</w>
<w type="MD" lemma="can">can</w>
<w type="VV" lemma="spend">spend</w>
<w type="PPs" lemma="their">their</w>
<w type="NNS" lemma="life">lives</w>
<w type="IN" lemma="in">in</w>
<w type="DT" lemma="the">the</w>
<w type="NN" lemma="service">service</w>
<w type="IN" lemma="of">of</w>
<w type="PPs" lemma="their">their</w>
<w type="JJ" lemma="fellow">fellow</w>
<w type="NNS" lemma="citizen">citizens</w>
<pc type="SENT">.</pc>
</s></p><p><s><w type="PP" lemma="we">We</w>
<w type="VVP" lemma="see">see</w>
<w type="NNS" lemma="doctor">doctors</w>
<pc type="sub">,</pc>
<w type="NNS" lemma="nurse">nurses</w>
<w type="CC" lemma="and">and</w>
<w type="NN" lemma="hospital">hospital</w>
<w type="NN" lemma="staff">staff</w>
<w type="VVG" lemma="care">caring</w>
<w type="IN" lemma="for">for</w>
<w type="DT" lemma="the">the</w>
<w type="JJ" lemma="sick">sick</w>
<pc type="sub">;</pc>
<w type="DT" lemma="those">those</w>
<w type="IN" lemma="in">in</w>
<w type="DT" lemma="the">the</w>
<w type="NNS" lemma="church">churches</w>
<w type="CC" lemma="and">and</w>
<w type="JJ" lemma="religious">religious</w>
<w type="NNS" lemma="community">communities</w>
<pc type="sub">;</pc>
<w type="IN" lemma="in">in</w>
<w type="JJ" lemma="central">central</w>
<w type="CC" lemma="and">and</w>
<w type="JJ" lemma="local">local</w>
<w type="NN" lemma="government">Government</w>
<pc type="sub">;</pc>
<w type="IN" lemma="in">in</w>
<w type="DT" lemma="the">the</w>
<w type="JJ" lemma="armed">armed</w>
<w type="NNS" lemma="service">services</w>
<pc type="sub">;</pc>
<w type="IN" lemma="in">in</w>
<w type="DT" lemma="the">the</w>
<w type="NN" lemma="police">police</w>
<w type="CC" lemma="and">and</w>
<w type="IN" lemma="in">in</w>
<w type="DT" lemma="the">the</w>
<w type="NNS" lemma="court">courts</w>
<w type="CC" lemma="and">and</w>
<w type="NNS" lemma="prison">prisons</w>
<pc type="sub">;</pc>
<w type="IN" lemma="in">in</w>
<w type="NN" lemma="industry">industry</w>
<w type="CC" lemma="and">and</w>
<w type="NN" lemma="commerce">commerce</w>
<pc type="SENT">.</pc>
</s></p><p><s><w type="PP" lemma="it">It</w>
<w type="VBZ" lemma="be">is</w>
<w type="DT" lemma="the">the</w>
<w type="JJ" lemma="same">same</w>
<w type="NN" lemma="urge">urge</w>
<w type="TO" lemma="to">to</w>
<w type="VV" lemma="make">make</w>
<w type="DT" lemma="a">a</w>
<w type="NN" lemma="contribution">contribution</w>
<w type="WDT" lemma="which">which</w>
<w type="VVZ" lemma="drive">drives</w>
<w type="DT" lemma="those">those</w>
<w type="VVG" lemma="seek">seeking</w>
<w type="DT" lemma="the">the</w>
<w type="JJS" lemma="high">highest</w>
<w type="NNS" lemma="standard">standards</w>
<w type="IN" lemma="in">in</w>
<w type="NN" lemma="education">education</w>
<w type="CC" lemma="or">or</w>
<w type="NN" lemma="art">art</w>
<pc type="sub">,</pc>
<w type="IN" lemma="in">in</w>
<w type="NN" lemma="music">music</w>
<w type="CC" lemma="or">or</w>
<w type="NN" lemma="architecture">architecture</w>
<pc type="SENT">.</pc>
</s></p><p><s><w type="NNS" lemma="other">Others</w>
<w type="VVP" lemma="find">find</w>
<w type="NNS" lemma="way">ways</w>
<w type="TO" lemma="to">to</w>
<w type="VV" lemma="give">give</w>
<w type="NN" lemma="service">service</w>
<w type="IN" lemma="in">in</w>
<w type="PPs" lemma="their">their</w>
<w type="JJ" lemma="spare">spare</w>
<w type="NN" lemma="time">time</w>
<pc type="sub">,</pc>
<w type="IN" lemma="through">through</w>
<w type="JJ" lemma="voluntary">voluntary</w>
<w type="NNS" lemma="organisation">organisations</w>
<w type="CC" lemma="or">or</w>
<w type="RB" lemma="simply">simply</w>
<w type="IN" lemma="on">on</w>
<w type="PPs" lemma="their">their</w>
<w type="JJ" lemma="own">own</w>
<w type="JJ" lemma="individual">individual</w>
<w type="NN" lemma="initiative">initiative</w>
<w type="VVG" lemma="contribute">contributing</w>
<w type="IN" lemma="in">in</w>
<w type="DT" lemma="a">a</w>
<w type="CD" lemma="thousand">thousand</w>
<w type="NNS" lemma="way">ways</w>
<w type="TO" lemma="to">to</w>
<w type="DT" lemma="all">all</w>
<w type="WDT" lemma="that">that</w>
<w type="VBZ" lemma="be">is</w>
<w type="JJS" lemma="good">best</w>
<w type="IN" lemma="in">in</w>
<w type="PPs" lemma="our">our</w>
<w type="NN" lemma="society">society</w>
<pc type="SENT">.</pc>
</s></p><p><s><w type="PP" lemma="it">It</w>
<w type="MD" lemma="may">may</w>
<w type="VB" lemma="be">be</w>
<w type="VVG" lemma="provide">providing</w>
<w type="NN" lemma="company">company</w>
<w type="IN" lemma="for">for</w>
<w type="DT" lemma="the">the</w>
<w type="JJ" lemma="old">old</w>
<w type="CC" lemma="and">and</w>
<w type="JJ" lemma="housebound">housebound</w>
<pc type="sub">;</pc>
<w type="VV" lemma="help">help</w>
<w type="IN" lemma="for">for</w>
<w type="DT" lemma="the">the</w>
<w type="JJ" lemma="disabled">disabled</w>
<pc type="sub">;</pc>
<w type="NN" lemma="care">care</w>
<w type="IN" lemma="for">for</w>
<w type="DT" lemma="the">the</w>
<w type="VVN" lemma="deprive">deprived</w>
<w type="CC" lemma="and">and</w>
<w type="DT" lemma="those">those</w>
<w type="IN" lemma="in">in</w>
<w type="NN" lemma="trouble">trouble</w>
<pc type="sub">;</pc>
<w type="NN" lemma="concern">concern</w>
<w type="IN" lemma="for">for</w>
<w type="NNS" lemma="neighbour">neighbours</w>
<w type="CC" lemma="or">or</w>
<w type="NN" lemma="encouragement">encouragement</w>
<w type="IN" lemma="for">for</w>
<w type="DT" lemma="the">the</w>
<w type="JJ" lemma="young">young</w>
<pc type="SENT">.</pc>
</s></p><p><s><w type="TO" lemma="To">To</w>
<w type="DT" lemma="all">all</w>
<w type="IN" lemma="of">of</w>
<w type="PP" lemma="you">you</w>
<w type="IN" lemma="on">on</w>
<w type="DT" lemma="this">this</w>
<w type="NP" lemma="Christmas">Christmas</w>
<w type="NP" lemma="Day">Day</w>
<pc type="sub">,</pc>
<w type="WDT" lemma="whatever">whatever</w>
<w type="PPs" lemma="your">your</w>
<w type="NNS" lemma="condition">conditions</w>
<w type="IN" lemma="of">of</w>
<w type="NN" lemma="work">work</w>
<w type="CC" lemma="and">and</w>
<w type="NN" lemma="life">life</w>
<pc type="sub">,</pc>
<w type="JJ" lemma="easy">easy</w>
<w type="CC" lemma="or">or</w>
<w type="JJ" lemma="difficult">difficult</w>
<pc type="sub">;</pc>
<w type="IN" lemma="whether">whether</w>
<w type="PP" lemma="you">you</w>
<w type="VVP" lemma="feel">feel</w>
<w type="IN" lemma="that">that</w>
<w type="PP" lemma="you">you</w>
<w type="VBP" lemma="are">are</w>
<w type="VVG" lemma="achieve">achieving</w>
<w type="NN" lemma="something">something</w>
<w type="CC" lemma="or">or</w>
<w type="IN" lemma="whether">whether</w>
<w type="PP" lemma="you">you</w>
<w type="VVP" lemma="feel">feel</w>
<w type="VVN" lemma="frustrate">frustrated</w>
<pc type="sub">;</pc>
<w type="PP" lemma="I">I</w>
<w type="VVP" lemma="want">want</w>
<w type="TO" lemma="to">to</w>
<w type="VV" lemma="say">say</w>
<w type="DT" lemma="a">a</w>
<w type="NN" lemma="word">word</w>
<w type="IN" lemma="of">of</w>
<w type="NNS" lemma="thank">thanks</w>
<pc type="SENT">.</pc>
</s></p><p><s><w type="CC" lemma="and">And</w>
<w type="PP" lemma="I">I</w>
<w type="VVP" lemma="include">include</w>
<w type="PDT" lemma="all">all</w>
<w type="DT" lemma="those">those</w>
<w type="WP" lemma="who">who</w>
<w type="VVP" lemma="do">do</w>
<w type="RB" lemma="n't">n't</w>
<w type="VV" lemma="realise">realise</w>
<w type="IN" lemma="that">that</w>
<w type="PP" lemma="they">they</w>
<w type="VVP" lemma="deserve">deserve</w>
<w type="NNS" lemma="thank">thanks</w>
<w type="CC" lemma="and">and</w>
<w type="VBP" lemma="are">are</w>
<w type="JJ" lemma="content">content</w>
<w type="IN" lemma="that">that</w>
<w type="WP" lemma="what">what</w>
<w type="PP" lemma="they">they</w>
<w type="VVP" lemma="do">do</w>
<w type="VBZ" lemma="be">is</w>
<w type="JJ" lemma="unseen">unseen</w>
<w type="CC" lemma="and">and</w>
<w type="VVN" lemma="unreward">unrewarded</w>
<pc type="SENT">.</pc>
</s>
<s><w type="DT" lemma="the">The</w>
<w type="JJ" lemma="very">very</w>
<w type="NN" lemma="act">act</w>
<w type="IN" lemma="of">of</w>
<w type="VVG" lemma="live">living</w>
<w type="DT" lemma="a">a</w>
<w type="JJ" lemma="decent">decent</w>
<w type="CC" lemma="and">and</w>
<w type="JJ" lemma="upright">upright</w>
<w type="NN" lemma="life">life</w>
<w type="VBZ" lemma="be">is</w>
<w type="IN" lemma="in">in</w>
<w type="PP" lemma="itself">itself</w>
<w type="DT" lemma="a">a</w>
<w type="JJ" lemma="positive">positive</w>
<w type="NN" lemma="factor">factor</w>
<w type="IN" lemma="in">in</w>
<w type="VVG" lemma="maintain">maintaining</w>
<w type="JJ" lemma="civilised">civilised</w>
<w type="NNS" lemma="standard">standards</w>
<pc type="SENT">.</pc>
</s></p><p><s><w type="PP" lemma="we">We</w>
<w type="VVP" lemma="face">face</w>
<w type="JJ" lemma="grave">grave</w>
<w type="NNS" lemma="problem">problems</w>
<w type="IN" lemma="in">in</w>
<w type="DT" lemma="the">the</w>
<w type="NN" lemma="life">life</w>
<w type="IN" lemma="of">of</w>
<w type="PPs" lemma="our">our</w>
<w type="NN" lemma="country">country</w>
<pc type="sub">,</pc>
<w type="CC" lemma="but">but</w>
<w type="PPs" lemma="our">our</w>
<w type="NNS" lemma="predecessor">predecessors</w>
<pc type="sub">,</pc>
<w type="CC" lemma="and">and</w>
<w type="JJ" lemma="many">many</w>
<w type="JJ" lemma="alive">alive</w>
<w type="NN" lemma="today">today</w>
<pc type="sub">,</pc>
<w type="VHP" lemma="have">have</w>
<w type="VVN" lemma="face">faced</w>
<w type="RB" lemma="far">far</w>
<w type="JJR" lemma="great">greater</w>
<w type="NNS" lemma="difficulty">difficulties</w>
<pc type="sub">,</pc>
<w type="CC" lemma="both">both</w>
<w type="IN" lemma="in">in</w>
<w type="NN" lemma="peace">peace</w>
<w type="CC" lemma="and">and</w>
<w type="NN" lemma="war">war</w>
<pc type="sub">,</pc>
<w type="CC" lemma="and">and</w>
<w type="VHP" lemma="have">have</w>
<w type="VVN" lemma="overcome">overcome</w>
<w type="PP" lemma="them">them</w>
<w type="IN" lemma="by">by</w>
<w type="NN" lemma="courage">courage</w>
<w type="CC" lemma="and">and</w>
<w type="JJ" lemma="calm">calm</w>
<w type="NN" lemma="determination">determination</w>
<pc type="SENT">.</pc>
</s>
<s><w type="PP" lemma="they">They</w>
<w type="RB" lemma="never">never</w>
<w type="VVD" lemma="lose">lost</w>
<w type="NN" lemma="hope">hope</w>
<w type="CC" lemma="and">and</w>
<w type="PP" lemma="they">they</w>
<w type="RB" lemma="never">never</w>
<w type="VVD" lemma="lack">lacked</w>
<w type="NN" lemma="confidence">confidence</w>
<w type="IN" lemma="in">in</w>
<w type="PP" lemma="themselves">themselves</w>
<w type="CC" lemma="or">or</w>
<w type="IN" lemma="in">in</w>
<w type="PPs" lemma="their">their</w>
<w type="NNS" lemma="child">children</w>
<pc type="SENT">.</pc>
</s></p><p><s><w type="IN" lemma="in">In</w>
<w type="JJ" lemma="difficult">difficult</w>
<w type="NNS" lemma="time">times</w>
<w type="PP" lemma="we">we</w>
<w type="MD" lemma="may">may</w>
<w type="VB" lemma="be">be</w>
<w type="VVN" lemma="tempt">tempted</w>
<w type="TO" lemma="to">to</w>
<w type="VV" lemma="find">find</w>
<w type="NNS" lemma="excuse">excuses</w>
<w type="IN" lemma="for">for</w>
<w type="NN" lemma="self-indulgence">self-indulgence</w>
<w type="CC" lemma="and">and</w>
<w type="TO" lemma="to">to</w>
<w type="VV" lemma="wash">wash</w>
<w type="PPs" lemma="our">our</w>
<w type="NNS" lemma="hand">hands</w>
<w type="IN" lemma="of">of</w>
<w type="NN" lemma="responsibility">responsibility</w>
<pc type="SENT">.</pc>
</s>
<s><w type="NP" lemma="Christmas">Christmas</w>
<w type="VVZ" lemma="stand">stands</w>
<w type="IN" lemma="for">for</w>
<w type="DT" lemma="the">the</w>
<w type="NN" lemma="opposite">opposite</w>
<pc type="SENT">.</pc>
</s>
<s><w type="DT" lemma="the">The</w>
<w type="NP" lemma="Wise">Wise</w>
<w type="NP" lemma="Men">Men</w>
<w type="CC" lemma="and">and</w>
<w type="DT" lemma="the">the</w>
<w type="NP" lemma="XXXX">Shepherds</w>
<w type="VV" lemma="remind">remind</w>
<w type="PP" lemma="us">us</w>
<w type="IN" lemma="that">that</w>
<w type="PP" lemma="it">it</w>
<w type="VBZ" lemma="be">is</w>
<w type="RB" lemma="not">not</w>
<w type="JJ" lemma="enough">enough</w>
<w type="RB" lemma="simply">simply</w>
<w type="TO" lemma="to">to</w>
<w type="VV" lemma="do">do</w>
<w type="PPs" lemma="our">our</w>
<w type="NNS" lemma="job">jobs</w>
<pc type="sub">;</pc>
<w type="PP" lemma="we">we</w>
<w type="VVP" lemma="need">need</w>
<w type="TO" lemma="to">to</w>
<w type="VV" lemma="go">go</w>
<w type="RP" lemma="out">out</w>
<w type="CC" lemma="and">and</w>
<w type="VV" lemma="look">look</w>
<w type="IN" lemma="for">for</w>
<w type="NNS" lemma="opportunity">opportunities</w>
<w type="TO" lemma="to">to</w>
<w type="VV" lemma="help">help</w>
<w type="DT" lemma="those">those</w>
<w type="RBR" lemma="less">less</w>
<w type="JJ" lemma="fortunate">fortunate</w>
<w type="IN" lemma="than">than</w>
<w type="PP" lemma="ourselves">ourselves</w>
<pc type="sub">,</pc>
<w type="RB" lemma="even">even</w>
<w type="IN" lemma="if">if</w>
<w type="DT" lemma="that">that</w>
<w type="NN" lemma="service">service</w>
<w type="NNS" lemma="demand">demands</w>
<w type="NN" lemma="sacrifice">sacrifice</w>
<pc type="SENT">.</pc>
</s></p><p><s><w type="PP" lemma="it">It</w>
<w type="VBD" lemma="be">was</w>
<w type="PPs" lemma="their">their</w>
<w type="NN" lemma="belief">belief</w>
<w type="CC" lemma="and">and</w>
<w type="NN" lemma="confidence">confidence</w>
<w type="IN" lemma="in">in</w>
<w type="NP" lemma="God">God</w>
<w type="WDT" lemma="which">which</w>
<w type="VVD" lemma="inspire">inspired</w>
<w type="PP" lemma="them">them</w>
<w type="TO" lemma="to">to</w>
<w type="VV" lemma="visit">visit</w>
<w type="DT" lemma="the">the</w>
<w type="JJ" lemma="stable">stable</w>
<w type="CC" lemma="and">and</w>
<w type="PP" lemma="it">it</w>
<w type="VBZ" lemma="be">is</w>
<w type="DT" lemma="this">this</w>
<w type="JJ" lemma="unselfish">unselfish</w>
<w type="NN" lemma="will">will</w>
<w type="TO" lemma="to">to</w>
<w type="VV" lemma="serve">serve</w>
<w type="WDT" lemma="that">that</w>
<w type="MD" lemma="will">will</w>
<w type="VV" lemma="see">see</w>
<w type="PP" lemma="us">us</w>
<w type="IN" lemma="through">through</w>
<w type="DT" lemma="the">the</w>
<w type="NNS" lemma="difficulty">difficulties</w>
<w type="PP" lemma="we">we</w>
<w type="VVP" lemma="face">face</w>
<pc type="SENT">.</pc>
</s></p><p><s><w type="PP" lemma="we">We</w>
<w type="VVP" lemma="know">know</w>
<w type="IN" lemma="that">that</w>
<w type="DT" lemma="the">the</w>
<w type="NN" lemma="world">world</w>
<w type="MD" lemma="can">can</w>
<w type="RB" lemma="never">never</w>
<w type="VB" lemma="be">be</w>
<w type="JJ" lemma="free">free</w>
<w type="IN" lemma="from">from</w>
<w type="NN" lemma="conflict">conflict</w>
<w type="CC" lemma="and">and</w>
<w type="NN" lemma="pain">pain</w>
<pc type="sub">,</pc>
<w type="CC" lemma="but">but</w>
<w type="NP" lemma="Christmas">Christmas</w>
<w type="RB" lemma="also">also</w>
<w type="VVZ" lemma="draw">draws</w>
<w type="PPs" lemma="our">our</w>
<w type="NN" lemma="attention">attention</w>
<w type="TO" lemma="to">to</w>
<w type="DT" lemma="all">all</w>
<w type="WDT" lemma="that">that</w>
<w type="VBZ" lemma="be">is</w>
<w type="JJ" lemma="hopeful">hopeful</w>
<w type="CC" lemma="and">and</w>
<w type="JJ" lemma="good">good</w>
<w type="IN" lemma="in">in</w>
<w type="DT" lemma="this">this</w>
<w type="VVG" lemma="change">changing</w>
<w type="NN" lemma="world">world</w>
<pc type="sub">;</pc>
<w type="PP" lemma="it">it</w>
<w type="VVZ" lemma="speak">speaks</w>
<w type="IN" lemma="of">of</w>
<w type="NNS" lemma="value">values</w>
<w type="CC" lemma="and">and</w>
<w type="NNS" lemma="quality">qualities</w>
<w type="WDT" lemma="that">that</w>
<w type="VBP" lemma="are">are</w>
<w type="JJ" lemma="true">true</w>
<w type="CC" lemma="and">and</w>
<w type="JJ" lemma="permanent">permanent</w>
<w type="CC" lemma="and">and</w>
<w type="PP" lemma="it">it</w>
<w type="VVZ" lemma="remind">reminds</w>
<w type="PP" lemma="us">us</w>
<w type="IN" lemma="that">that</w>
<w type="DT" lemma="the">the</w>
<w type="NN" lemma="world">world</w>
<w type="PP" lemma="we">we</w>
<w type="MD" lemma="would">would</w>
<w type="VV" lemma="like">like</w>
<w type="TO" lemma="to">to</w>
<w type="VV" lemma="see">see</w>
<w type="MD" lemma="can">can</w>
<w type="RB" lemma="only">only</w>
<w type="VV" lemma="come">come</w>
<w type="IN" lemma="from">from</w>
<w type="DT" lemma="the">the</w>
<w type="NN" lemma="goodness">goodness</w>
<w type="IN" lemma="of">of</w>
<w type="DT" lemma="the">the</w>
<w type="NN" lemma="heart">heart</w>
<pc type="SENT">.</pc>
</s></p><p><s><w type="WRB" lemma="when">When</w>
<w type="PP" lemma="you">you</w>
<w type="VVP" lemma="hear">hear</w>
<w type="DT" lemma="the">the</w>
<w type="NNS" lemma="bell">bells</w>
<w type="VVG" lemma="ring">ringing</w>
<w type="IN" lemma="at">at</w>
<w type="NP" lemma="Christmas">Christmas</w>
<pc type="sub">,</pc>
<w type="VVP" lemma="think">think</w>
<w type="IN" lemma="of">of</w>
<w type="DT" lemma="the">the</w>
<w type="NNS" lemma="line">lines</w>
<w type="VVN" lemma="write">written</w>
<w type="IN" lemma="by">by</w>
<w type="NP" lemma="Tennyson">Tennyson</w>
<pc type="sub">:</pc>
</s></p><p><s><pc type="oq">"</pc>
<w type="VV" lemma="ring">Ring</w>
<w type="RP" lemma="out">out</w>
<w type="JJ" lemma="false">false</w>
<w type="NN" lemma="pride">pride</w>
<w type="IN" lemma="in">in</w>
<w type="NN" lemma="place">place</w>
<w type="CC" lemma="and">and</w>
<w type="NN" lemma="blood">blood</w>
<pc type="sub">,</pc>
<w type="DT" lemma="the">The</w>
<w type="JJ" lemma="civic">civic</w>
<w type="NN" lemma="slander">slander</w>
<w type="CC" lemma="and">and</w>
<w type="DT" lemma="the">the</w>
<w type="NN" lemma="spite">spite</w>
<pc type="sub">;</pc>
<w type="NP" lemma="Ring">Ring</w>
<w type="IN" lemma="in">in</w>
<w type="DT" lemma="the">the</w>
<w type="NN" lemma="love">love</w>
<w type="IN" lemma="of">of</w>
<w type="NN" lemma="truth">truth</w>
<w type="CC" lemma="and">and</w>
<w type="NN" lemma="right">right</w>
<pc type="sub">,</pc>
<w type="NP" lemma="Ring">Ring</w>
<w type="IN" lemma="in">in</w>
<w type="DT" lemma="the">the</w>
<w type="JJ" lemma="common">common</w>
<w type="NN" lemma="love">love</w>
<w type="IN" lemma="of">of</w>
<w type="JJ" lemma="good">good</w>
<pc type="sub">...</pc>
</s></p><p><s><w type="NP" lemma="Ring">Ring</w>
<w type="IN" lemma="in">in</w>
<w type="DT" lemma="the">the</w>
<w type="JJ" lemma="valiant">valiant</w>
<w type="NN" lemma="man">man</w>
<w type="CC" lemma="and">and</w>
<w type="JJ" lemma="free">free</w>
<pc type="sub">,</pc>
<w type="DT" lemma="the">The</w>
<w type="JJR" lemma="large">larger</w>
<w type="NN" lemma="heart">heart</w>
<pc type="sub">,</pc>
<w type="DT" lemma="the">the</w>
<w type="JJR" lemma="kindly">kindlier</w>
<w type="NN" lemma="hand">hand</w>
<pc type="sub">,</pc>
<w type="NP" lemma="Ring">Ring</w>
<w type="IN" lemma="out">out</w>
<w type="DT" lemma="the">the</w>
<w type="NN" lemma="darkness">darkness</w>
<w type="IN" lemma="of">of</w>
<w type="DT" lemma="the">the</w>
<w type="NN" lemma="land">land</w>
<pc type="sub">,</pc>
<w type="NP" lemma="Ring">Ring</w>
<w type="IN" lemma="in">in</w>
<w type="DT" lemma="the">the</w>
<w type="NP" lemma="Christ">Christ</w>
<w type="WDT" lemma="that">that</w>
<w type="VBZ" lemma="be">is</w>
<w type="TO" lemma="to">to</w>
<w type="VB" lemma="be">be</w>
<pc type="SENT">.</pc>
<pc type="cq">"</pc>
</s></p><p><s><w type="TO" lemma="To">To</w>
<w type="DT" lemma="all">all</w>
<w type="IN" lemma="of">of</w>
<w type="PP" lemma="you">you</w>
<pc type="sub">,</pc>
<w type="WRB" lemma="wherever">wherever</w>
<w type="PP" lemma="you">you</w>
<w type="MD" lemma="may">may</w>
<w type="VB" lemma="be">be</w>
<pc type="sub">,</pc>
<w type="PP" lemma="I">I</w>
<w type="VVP" lemma="wish">wish</w>
<w type="NN" lemma="happiness">happiness</w>
<w type="DT" lemma="this">this</w>
<w type="NP" lemma="Christmas">Christmas</w>
<pc type="SENT">.</pc>
</s></p></div>