<div xmlns='http://www.tei-c.org/ns/1.0' n="1981"><head><s><w type="NP" lemma="Christmas">Christmas</w>
<w type="NP" lemma="Broadcast">Broadcast</w>
<w type="CD" lemma="@card@">1981</w>
</s></head><p><s><w type="JJ" lemma="last">Last</w>
<w type="NP" lemma="July">July</w>
<w type="PP" lemma="we">we</w>
<w type="VHD" lemma="have">had</w>
<w type="DT" lemma="the">the</w>
<w type="NN" lemma="joy">joy</w>
<w type="IN" lemma="of">of</w>
<w type="VVG" lemma="see">seeing</w>
<w type="PPs" lemma="our">our</w>
<w type="JJ" lemma="eldest">eldest</w>
<w type="NN" lemma="son">son</w>
<w type="VVN" lemma="marry">married</w>
<w type="IN" lemma="amid">amid</w>
<w type="NNS" lemma="scene">scenes</w>
<w type="IN" lemma="of">of</w>
<w type="JJ" lemma="great">great</w>
<w type="NN" lemma="happiness">happiness</w>
<pc type="sub">,</pc>
<w type="WDT" lemma="which">which</w>
<w type="VVD" lemma="make">made</w>
<w type="CD" lemma="@card@">1981</w>
<w type="DT" lemma="a">a</w>
<w type="RB" lemma="very">very</w>
<w type="JJ" lemma="special">special</w>
<w type="NN" lemma="year">year</w>
<w type="IN" lemma="for">for</w>
<w type="PP" lemma="us">us</w>
<pc type="SENT">.</pc>
</s>
<s><w type="DT" lemma="the">The</w>
<w type="JJ" lemma="wonderful">wonderful</w>
<w type="NN" lemma="response">response</w>
<w type="DT" lemma="the">the</w>
<w type="NN" lemma="wedding">wedding</w>
<w type="VVD" lemma="evoke">evoked</w>
<w type="VBD" lemma="be">was</w>
<w type="RB" lemma="very">very</w>
<w type="VVG" lemma="move">moving</w>
<pc type="SENT">.</pc>
</s></p><p><s><w type="RB" lemma="just">Just</w>
<w type="IN" lemma="before">before</w>
<w type="WDT" lemma="that">that</w>
<w type="EX" lemma="there">there</w>
<w type="VHD" lemma="have">had</w>
<w type="VBN" lemma="be">been</w>
<w type="DT" lemma="a">a</w>
<w type="RB" lemma="very">very</w>
<w type="JJ" lemma="different">different</w>
<w type="NN" lemma="scene">scene</w>
<w type="RB" lemma="here">here</w>
<w type="IN" lemma="in">in</w>
<w type="DT" lemma="the">the</w>
<w type="NN" lemma="garden">garden</w>
<w type="IN" lemma="at">at</w>
<w type="NP" lemma="Buckingham">Buckingham</w>
<w type="NP" lemma="Palace">Palace</w>
<w type="WRB" lemma="when">when</w>
<w type="CD" lemma="three">three</w>
<w type="CC" lemma="and">and</w>
<w type="DT" lemma="a">a</w>
<w type="JJ" lemma="half">half</w>
<w type="CD" lemma="thousand">thousand</w>
<w type="JJ" lemma="disabled">disabled</w>
<w type="NNS" lemma="people">people</w>
<pc type="sub">,</pc>
<w type="IN" lemma="with">with</w>
<w type="PPs" lemma="their">their</w>
<w type="NNS" lemma="family">families</w>
<pc type="sub">,</pc>
<w type="VVD" lemma="come">came</w>
<w type="TO" lemma="to">to</w>
<w type="NN" lemma="tea">tea</w>
<w type="IN" lemma="with">with</w>
<w type="PP" lemma="us">us</w>
<pc type="SENT">.</pc>
</s></p><p><s><w type="CC" lemma="and">And</w>
<pc type="sub">,</pc>
<w type="IN" lemma="with">with</w>
<w type="NNS" lemma="member">members</w>
<w type="IN" lemma="of">of</w>
<w type="PPs" lemma="my">my</w>
<w type="NN" lemma="family">family</w>
<pc type="sub">,</pc>
<w type="PP" lemma="I">I</w>
<w type="VHP" lemma="have">have</w>
<w type="RB" lemma="just">just</w>
<w type="VVN" lemma="meet">met</w>
<w type="DT" lemma="some">some</w>
<w type="RBR" lemma="more">more</w>
<w type="JJ" lemma="disabled">disabled</w>
<w type="NNS" lemma="people">people</w>
<w type="WP" lemma="who">who</w>
<w type="VVD" lemma="come">came</w>
<w type="RB" lemma="here">here</w>
<w type="TO" lemma="to">to</w>
<w type="VV" lemma="receive">receive</w>
<w type="JJ" lemma="special">special</w>
<w type="NNS" lemma="car">cars</w>
<w type="WDT" lemma="which">which</w>
<w type="MD" lemma="will">will</w>
<w type="VV" lemma="give">give</w>
<w type="PP" lemma="them">them</w>
<w type="DT" lemma="the">the</w>
<w type="NN" lemma="mobility">mobility</w>
<w type="PP" lemma="they">they</w>
<w type="RB" lemma="so">so</w>
<w type="RB" lemma="desperately">desperately</w>
<w type="VV" lemma="need">need</w>
<pc type="SENT">.</pc>
</s>
<s><w type="PP" lemma="we">We</w>
<w type="VVD" lemma="hand">handed</w>
<w type="IN" lemma="over">over</w>
<w type="DT" lemma="the">the</w>
<w type="NNS" lemma="key">keys</w>
<w type="IN" lemma="of">of</w>
<w type="DT" lemma="the">the</w>
<w type="JJ" lemma="new">new</w>
<w type="NNS" lemma="car">cars</w>
<w type="CC" lemma="and">and</w>
<w type="RB" lemma="also">also</w>
<w type="VVN" lemma="talk">talked</w>
<w type="TO" lemma="to">to</w>
<w type="JJ" lemma="handicapped">handicapped</w>
<w type="NNS" lemma="people">people</w>
<w type="WP" lemma="who">who</w>
<w type="VHP" lemma="have">have</w>
<w type="VHN" lemma="have">had</w>
<w type="PPs" lemma="their">their</w>
<w type="NNS" lemma="car">cars</w>
<w type="IN" lemma="for">for</w>
<w type="DT" lemma="some">some</w>
<w type="NN" lemma="time">time</w>
<pc type="SENT">.</pc>
</s></p><p><s><w type="DT" lemma="the">The</w>
<w type="NP" lemma="International">International</w>
<w type="NN" lemma="year">Year</w>
<w type="IN" lemma="of">of</w>
<w type="JJ" lemma="disabled">Disabled</w>
<w type="NNS" lemma="people">People</w>
<w type="VHZ" lemma="have">has</w>
<w type="VVN" lemma="perform">performed</w>
<w type="DT" lemma="a">a</w>
<w type="RB" lemma="very">very</w>
<w type="JJ" lemma="real">real</w>
<w type="NN" lemma="service">service</w>
<w type="IN" lemma="by">by</w>
<w type="VVG" lemma="focus">focusing</w>
<w type="PPs" lemma="our">our</w>
<w type="NN" lemma="attention">attention</w>
<w type="IN" lemma="on">on</w>
<w type="PPs" lemma="their">their</w>
<w type="NNS" lemma="problem">problems</w>
<pc type="SENT">.</pc>
</s>
<s><w type="PP" lemma="we">We</w>
<w type="VHP" lemma="have">have</w>
<w type="RB" lemma="all">all</w>
<w type="VVN" lemma="become">become</w>
<w type="RBR" lemma="more">more</w>
<w type="JJ" lemma="aware">aware</w>
<w type="IN" lemma="of">of</w>
<w type="PP" lemma="them">them</w>
<w type="CC" lemma="and">and</w>
<w type="PP" lemma="I">I</w>
<w type="VBP" lemma="be">'m</w>
<w type="JJ" lemma="sure">sure</w>
<w type="IN" lemma="that">that</w>
<w type="JJ" lemma="many">many</w>
<w type="IN" lemma="of">of</w>
<w type="PP" lemma="you">you</w>
<pc type="sub">,</pc>
<w type="IN" lemma="like">like</w>
<w type="PP" lemma="myself">myself</w>
<pc type="sub">,</pc>
<w type="VHP" lemma="have">have</w>
<w type="VBN" lemma="be">been</w>
<w type="VVN" lemma="impress">impressed</w>
<w type="IN" lemma="by">by</w>
<w type="DT" lemma="the">the</w>
<w type="NN" lemma="courage">courage</w>
<w type="PP" lemma="they">they</w>
<w type="VVP" lemma="show">show</w>
<pc type="SENT">.</pc>
</s></p><p><s><w type="EX" lemma="There">There</w>
<w type="VBP" lemma="are">are</w>
<pc type="sub">,</pc>
<w type="IN" lemma="of">of</w>
<w type="NN" lemma="course">course</w>
<pc type="sub">,</pc>
<w type="JJ" lemma="many">many</w>
<w type="NNS" lemma="aspect">aspects</w>
<w type="IN" lemma="of">of</w>
<w type="NN" lemma="courage">courage</w>
<pc type="SENT">.</pc>
</s>
<s><w type="EX" lemma="There">There</w>
<w type="VBZ" lemma="be">is</w>
<w type="DT" lemma="the">the</w>
<w type="JJ" lemma="physical">physical</w>
<w type="NN" lemma="courage">courage</w>
<w type="VVN" lemma="show">shown</w>
<w type="IN" lemma="in">in</w>
<w type="NN" lemma="war">war</w>
<pc type="SENT">.</pc>
</s>
<s><w type="NP" lemma="Chesterton">Chesterton</w>
<w type="VVD" lemma="describe">described</w>
<w type="PP" lemma="it">it</w>
<w type="IN" lemma="as">as</w>
<pc type="oq">"</pc>
<w type="RB" lemma="almost">almost</w>
<w type="DT" lemma="a">a</w>
<w type="NN" lemma="contradiction">contradiction</w>
<w type="IN" lemma="in">in</w>
<w type="NNS" lemma="term">terms</w>
<pc type="sub">...</pc>
<pc type="SENT">.</pc>
<pc type="SENT">.</pc>
</s>
<s><w type="DT" lemma="a">a</w>
<w type="JJ" lemma="strong">strong</w>
<w type="NN" lemma="desire">desire</w>
<w type="TO" lemma="to">to</w>
<w type="VV" lemma="live">live</w>
<w type="VVG" lemma="take">taking</w>
<w type="DT" lemma="the">the</w>
<w type="NN" lemma="form">form</w>
<w type="IN" lemma="of">of</w>
<w type="DT" lemma="a">a</w>
<w type="NN" lemma="readiness">readiness</w>
<w type="TO" lemma="to">to</w>
<w type="VV" lemma="die">die</w>
<pc type="cq">"</pc>
<pc type="SENT">.</pc>
</s>
<s><w type="PP" lemma="it">It</w>
<w type="VBZ" lemma="be">is</w>
<w type="JJ" lemma="sobering">sobering</w>
<w type="CC" lemma="and">and</w>
<w type="JJ" lemma="inspiring">inspiring</w>
<w type="TO" lemma="to">to</w>
<w type="VV" lemma="remember">remember</w>
<w type="WP" lemma="what">what</w>
<w type="NN" lemma="man">man</w>
<w type="MD" lemma="will">will</w>
<w type="VV" lemma="do">do</w>
<w type="IN" lemma="for">for</w>
<w type="DT" lemma="an">an</w>
<w type="NN" lemma="ideal">ideal</w>
<w type="IN" lemma="in">in</w>
<w type="WDT" lemma="which">which</w>
<w type="PP" lemma="he">he</w>
<w type="VVZ" lemma="believe">believes</w>
<pc type="SENT">.</pc>
</s></p><p><s><w type="NN" lemma="bravery">Bravery</w>
<w type="IN" lemma="of">of</w>
<w type="DT" lemma="this">this</w>
<w type="NN" lemma="kind">kind</w>
<w type="VBZ" lemma="be">is</w>
<w type="VVN" lemma="show">shown</w>
<w type="IN" lemma="in">in</w>
<w type="NN" lemma="peace">peace</w>
<w type="IN" lemma="as">as</w>
<w type="RB" lemma="well">well</w>
<w type="RB" lemma="as">as</w>
<w type="IN" lemma="in">in</w>
<w type="NN" lemma="war">war</w>
<pc type="SENT">.</pc>
</s>
<s><w type="DT" lemma="the">The</w>
<w type="JJ" lemma="armed">armed</w>
<w type="NNS" lemma="force">forces</w>
<w type="CC" lemma="and">and</w>
<w type="DT" lemma="the">the</w>
<w type="NNS" lemma="police">police</w>
<w type="VBP" lemma="are">are</w>
<w type="VVG" lemma="show">showing</w>
<w type="PP" lemma="it">it</w>
<w type="DT" lemma="every">every</w>
<w type="NN" lemma="day">day</w>
<pc type="SENT">.</pc>
</s>
<s><w type="RB" lemma="so">So</w>
<w type="VBP" lemma="are">are</w>
<w type="DT" lemma="the">the</w>
<w type="NN" lemma="fire">fire</w>
<w type="NNS" lemma="service">services</w>
<pc type="sub">,</pc>
<w type="NN" lemma="ambulance">ambulance</w>
<w type="NNS" lemma="driver">drivers</w>
<pc type="sub">,</pc>
<w type="NNS" lemma="member">members</w>
<w type="IN" lemma="of">of</w>
<w type="DT" lemma="the">the</w>
<w type="JJ" lemma="public">public</w>
<w type="CC" lemma="and">and</w>
<w type="JJ" lemma="even">even</w>
<w type="NNS" lemma="child">children</w>
<pc type="sub">-</pc>
<w type="CC" lemma="and">and</w>
<w type="DT" lemma="the">the</w>
<w type="NN" lemma="courage">courage</w>
<w type="IN" lemma="of">of</w>
<w type="DT" lemma="the">the</w>
<w type="NN" lemma="bomb">bomb</w>
<w type="NN" lemma="disposal">disposal</w>
<w type="NNS" lemma="expert">experts</w>
<w type="VVZ" lemma="fill">fills</w>
<w type="PP" lemma="us">us</w>
<w type="IN" lemma="with">with</w>
<w type="NN" lemma="awe">awe</w>
<pc type="SENT">.</pc>
</s>
<s><w type="DT" lemma="all">All</w>
<w type="IN" lemma="around">around</w>
<w type="PP" lemma="us">us</w>
<w type="PP" lemma="we">we</w>
<w type="VVP" lemma="see">see</w>
<w type="DT" lemma="these">these</w>
<w type="NNS" lemma="act">acts</w>
<w type="IN" lemma="of">of</w>
<w type="NN" lemma="selflessness">selflessness</w>
<pc type="sub">,</pc>
<w type="NNS" lemma="people">people</w>
<w type="VVG" lemma="put">putting</w>
<w type="DT" lemma="the">the</w>
<w type="NN" lemma="life">life</w>
<w type="IN" lemma="of">of</w>
<w type="NN" lemma="someone">someone</w>
<w type="RB" lemma="else">else</w>
<w type="IN" lemma="before">before</w>
<w type="PPs" lemma="their">their</w>
<w type="JJ" lemma="own">own</w>
<pc type="SENT">.</pc>
</s></p><p><s><w type="RB" lemma="then">Then</w>
<w type="EX" lemma="there">there</w>
<w type="VBZ" lemma="be">is</w>
<w type="NN" lemma="perseverance">perseverance</w>
<pc type="sub">,</pc>
<w type="VVG" lemma="stick">sticking</w>
<w type="TO" lemma="to">to</w>
<w type="DT" lemma="the">the</w>
<w type="NN" lemma="job">job</w>
<pc type="SENT">.</pc>
</s>
<s><w type="DT" lemma="this">This</w>
<w type="VBZ" lemma="be">is</w>
<w type="WRB" lemma="how">how</w>
<w type="DT" lemma="the">the</w>
<w type="JJ" lemma="disabled">disabled</w>
<w type="VHP" lemma="have">have</w>
<w type="VVN" lemma="learn">learnt</w>
<w type="TO" lemma="to">to</w>
<w type="VV" lemma="cope">cope</w>
<w type="IN" lemma="with">with</w>
<w type="NN" lemma="life">life</w>
<pc type="sub">,</pc>
<w type="VVG" lemma="become">becoming</w>
<w type="JJR" lemma="good">better</w>
<w type="NNS" lemma="people">people</w>
<w type="IN" lemma="in">in</w>
<w type="DT" lemma="the">the</w>
<w type="NN" lemma="process">process</w>
<pc type="SENT">.</pc>
</s>
<s><w type="PPs" lemma="their">Their</w>
<w type="NN" lemma="courage">courage</w>
<w type="IN" lemma="in">in</w>
<w type="VVG" lemma="handle">handling</w>
<w type="PPs" lemma="their">their</w>
<w type="NNS" lemma="difficulty">difficulties</w>
<w type="CC" lemma="and">and</w>
<w type="IN" lemma="in">in</w>
<w type="JJ" lemma="many">many</w>
<w type="NNS" lemma="case">cases</w>
<w type="VVG" lemma="live">living</w>
<w type="DT" lemma="an">an</w>
<w type="RB" lemma="almost">almost</w>
<w type="JJ" lemma="normal">normal</w>
<w type="NN" lemma="life">life</w>
<pc type="sub">,</pc>
<w type="CC" lemma="or">or</w>
<w type="VVG" lemma="make">making</w>
<w type="JJ" lemma="abnormal">abnormal</w>
<w type="NN" lemma="life">life</w>
<w type="JJ" lemma="normal">normal</w>
<pc type="sub">,</pc>
<w type="VVZ" lemma="show">shows</w>
<w type="PPs" lemma="our">our</w>
<w type="JJ" lemma="own">own</w>
<w type="NNS" lemma="problem">problems</w>
<w type="TO" lemma="to">to</w>
<w type="VB" lemma="be">be</w>
<w type="JJ" lemma="insignificant">insignificant</w>
<w type="IN" lemma="in">in</w>
<w type="NN" lemma="comparison">comparison</w>
<pc type="SENT">.</pc>
</s></p><p><s><w type="PP" lemma="it">It</w>
<w type="VBZ" lemma="be">is</w>
<w type="RB" lemma="not">not</w>
<w type="RB" lemma="only">only</w>
<w type="DT" lemma="the">the</w>
<w type="JJ" lemma="disabled">disabled</w>
<w type="WP" lemma="who">who</w>
<w type="VBP" lemma="are">are</w>
<w type="VVG" lemma="show">showing</w>
<w type="JJ" lemma="day-to-day">day-to-day</w>
<w type="NN" lemma="perseverance">perseverance</w>
<w type="CC" lemma="and">and</w>
<w type="NN" lemma="courage">courage</w>
<pc type="SENT">.</pc>
</s>
<s><w type="DT" lemma="this">This</w>
<w type="NP" lemma="Christmas">Christmas</w>
<w type="PP" lemma="we">we</w>
<w type="MD" lemma="should">should</w>
<w type="VV" lemma="remember">remember</w>
<w type="RB" lemma="especially">especially</w>
<pc type="sub">:</pc>
<w type="DT" lemma="the">the</w>
<w type="NNS" lemma="people">people</w>
<w type="IN" lemma="of">of</w>
<w type="NP" lemma="Northern">Northern</w>
<w type="NP" lemma="Ireland">Ireland</w>
<w type="WP" lemma="who">who</w>
<w type="VBP" lemma="are">are</w>
<w type="VVG" lemma="attempt">attempting</w>
<w type="TO" lemma="to">to</w>
<w type="VV" lemma="live">live</w>
<w type="JJ" lemma="ordinary">ordinary</w>
<w type="NNS" lemma="life">lives</w>
<w type="IN" lemma="in">in</w>
<w type="NNS" lemma="time">times</w>
<w type="IN" lemma="of">of</w>
<w type="NN" lemma="strain">strain</w>
<w type="CC" lemma="and">and</w>
<w type="NN" lemma="conflict">conflict</w>
<pc type="sub">;</pc>
<w type="DT" lemma="the">the</w>
<w type="JJ" lemma="unemployed">unemployed</w>
<w type="WP" lemma="who">who</w>
<w type="VBP" lemma="are">are</w>
<w type="VVG" lemma="try">trying</w>
<w type="TO" lemma="to">to</w>
<w type="VV" lemma="maintain">maintain</w>
<w type="PPs" lemma="their">their</w>
<w type="NN" lemma="self-respect">self-respect</w>
<w type="IN" lemma="without">without</w>
<w type="NN" lemma="work">work</w>
<w type="CC" lemma="and">and</w>
<w type="TO" lemma="to">to</w>
<w type="VV" lemma="care">care</w>
<w type="IN" lemma="for">for</w>
<w type="PPs" lemma="their">their</w>
<w type="NNS" lemma="family">families</w>
<pc type="sub">;</pc>
<w type="CC" lemma="and">and</w>
<w type="DT" lemma="those">those</w>
<w type="IN" lemma="from">from</w>
<w type="JJ" lemma="other">other</w>
<w type="NNS" lemma="part">parts</w>
<w type="IN" lemma="of">of</w>
<w type="DT" lemma="the">the</w>
<w type="NP" lemma="Commonwealth">Commonwealth</w>
<w type="WP" lemma="who">who</w>
<w type="VHP" lemma="have">have</w>
<w type="VVN" lemma="come">come</w>
<w type="TO" lemma="to">to</w>
<w type="NP" lemma="Britain">Britain</w>
<w type="TO" lemma="to">to</w>
<w type="VV" lemma="make">make</w>
<w type="JJ" lemma="new">new</w>
<w type="NNS" lemma="life">lives</w>
<w type="CC" lemma="but">but</w>
<w type="VHP" lemma="have">have</w>
<w type="RB" lemma="not">not</w>
<w type="RB" lemma="yet">yet</w>
<w type="VVD" lemma="find">found</w>
<w type="PP" lemma="themselves">themselves</w>
<w type="RB" lemma="fully">fully</w>
<w type="VVD" lemma="accept">accepted</w>
<pc type="SENT">.</pc>
</s></p><p><s><w type="RB" lemma="perhaps">Perhaps</w>
<w type="DT" lemma="the">the</w>
<w type="JJS" lemma="great">greatest</w>
<w type="NN" lemma="contribution">contribution</w>
<w type="IN" lemma="of">of</w>
<w type="DT" lemma="the">the</w>
<w type="JJ" lemma="disabled">disabled</w>
<w type="VBZ" lemma="be">is</w>
<w type="TO" lemma="to">to</w>
<w type="VV" lemma="give">give</w>
<w type="DT" lemma="the">the</w>
<w type="NN" lemma="inspiration">inspiration</w>
<w type="CC" lemma="and">and</w>
<w type="NN" lemma="incentive">incentive</w>
<w type="TO" lemma="to">to</w>
<w type="VV" lemma="do">do</w>
<w type="RBR" lemma="more">more</w>
<w type="TO" lemma="to">to</w>
<w type="VV" lemma="help">help</w>
<w type="NNS" lemma="other">others</w>
<pc type="SENT">.</pc>
</s>
<s><w type="IN" lemma="from">From</w>
<w type="DT" lemma="this">this</w>
<w type="PP" lemma="we">we</w>
<w type="MD" lemma="can">can</w>
<w type="VV" lemma="gain">gain</w>
<w type="DT" lemma="the">the</w>
<w type="NN" lemma="strength">strength</w>
<w type="TO" lemma="to">to</w>
<w type="VV" lemma="try">try</w>
<w type="TO" lemma="to">to</w>
<w type="VV" lemma="do">do</w>
<w type="DT" lemma="that">that</w>
<w type="JJ" lemma="little">little</w>
<w type="NN" lemma="bit">bit</w>
<w type="JJ" lemma="extra">extra</w>
<pc type="sub">,</pc>
<w type="IN" lemma="as">as</w>
<w type="NNS" lemma="individual">individuals</w>
<pc type="sub">,</pc>
<w type="IN" lemma="as">as</w>
<w type="NNS" lemma="member">members</w>
<w type="IN" lemma="of">of</w>
<w type="PPs" lemma="our">our</w>
<w type="NNS" lemma="family">families</w>
<w type="CC" lemma="and">and</w>
<w type="IN" lemma="as">as</w>
<w type="NNS" lemma="nation">nations</w>
<pc type="SENT">.</pc>
</s></p><p><s><w type="PP" lemma="we">We</w>
<w type="VHP" lemma="have">have</w>
<w type="VVN" lemma="see">seen</w>
<w type="IN" lemma="in">in</w>
<w type="CD" lemma="@card@">1981</w>
<w type="WRB" lemma="how">how</w>
<w type="JJ" lemma="many">many</w>
<w type="NNS" lemma="individual">individuals</w>
<w type="VHP" lemma="have">have</w>
<w type="VVN" lemma="devote">devoted</w>
<w type="PP" lemma="themselves">themselves</w>
<w type="TO" lemma="to">to</w>
<w type="VVG" lemma="try">trying</w>
<w type="TO" lemma="to">to</w>
<w type="VV" lemma="make">make</w>
<w type="NN" lemma="life">life</w>
<w type="RBR" lemma="more">more</w>
<w type="JJ" lemma="tolerable">tolerable</w>
<w type="IN" lemma="for">for</w>
<w type="JJ" lemma="handicapped">handicapped</w>
<w type="NNS" lemma="people">people</w>
<pc type="sub">,</pc>
<w type="IN" lemma="by">by</w>
<w type="VVG" lemma="give">giving</w>
<w type="JJ" lemma="loving">loving</w>
<w type="NN" lemma="care">care</w>
<w type="CC" lemma="and">and</w>
<w type="IN" lemma="by">by</w>
<w type="VVG" lemma="provide">providing</w>
<w type="NN" lemma="money">money</w>
<w type="CC" lemma="and">and</w>
<w type="NN" lemma="effort">effort</w>
<w type="TO" lemma="to">to</w>
<w type="VV" lemma="improve">improve</w>
<w type="NNS" lemma="facility">facilities</w>
<w type="CC" lemma="and">and</w>
<w type="TO" lemma="to">to</w>
<w type="VV" lemma="hasten">hasten</w>
<w type="NN" lemma="research">research</w>
<pc type="SENT">.</pc>
</s></p><p><s><w type="EX" lemma="There">There</w>
<w type="VBP" lemma="are">are</w>
<w type="CD" lemma="@card@">450</w>
<w type="CD" lemma="million">million</w>
<w type="JJ" lemma="disabled">disabled</w>
<w type="NNS" lemma="people">people</w>
<w type="IN" lemma="in">in</w>
<w type="DT" lemma="the">the</w>
<w type="NN" lemma="world">world</w>
<pc type="sub">,</pc>
<w type="CC" lemma="but">but</w>
<w type="JJ" lemma="wonderful">wonderful</w>
<w type="NN" lemma="work">work</w>
<w type="VBZ" lemma="be">is</w>
<w type="VBG" lemma="be">being</w>
<w type="VVN" lemma="do">done</w>
<w type="IN" lemma="in">in</w>
<w type="DT" lemma="the">the</w>
<w type="NN" lemma="prevention">prevention</w>
<w type="CC" lemma="and">and</w>
<w type="NN" lemma="cure">cure</w>
<w type="IN" lemma="of">of</w>
<w type="NN" lemma="disablement">disablement</w>
<pc type="SENT">.</pc>
</s>
<s><w type="NNS" lemma="disease">Diseases</w>
<w type="IN" lemma="like">like</w>
<w type="NN" lemma="polio">polio</w>
<w type="CC" lemma="and">and</w>
<w type="NN" lemma="measles">measles</w>
<w type="MD" lemma="can">can</w>
<w type="VB" lemma="be">be</w>
<w type="VVN" lemma="control">controlled</w>
<w type="IN" lemma="by">by</w>
<w type="DT" lemma="a">a</w>
<w type="RB" lemma="very">very</w>
<w type="JJ" lemma="cheap">cheap</w>
<w type="JJ" lemma="multiple">multiple</w>
<w type="NN" lemma="vaccine">vaccine</w>
<pc type="SENT">.</pc>
</s>
<s><w type="IN" lemma="in">In</w>
<w type="DT" lemma="the">the</w>
<w type="JJ" lemma="last">last</w>
<w type="NN" lemma="twelve">twelve</w>
<w type="NNS" lemma="year">years</w>
<w type="DT" lemma="the">the</w>
<w type="NP" lemma="Royal">Royal</w>
<w type="NP" lemma="Commonwealth">Commonwealth</w>
<w type="NP" lemma="Society">Society</w>
<w type="IN" lemma="for">for</w>
<w type="DT" lemma="the">the</w>
<w type="NP" lemma="Blind">Blind</w>
<w type="VHZ" lemma="have">has</w>
<w type="VVN" lemma="restore">restored</w>
<w type="NN" lemma="sight">sight</w>
<w type="TO" lemma="to">to</w>
<w type="IN" lemma="over">over</w>
<w type="CD" lemma="one">one</w>
<w type="CD" lemma="million">million</w>
<w type="NP" lemma="Commonwealth">Commonwealth</w>
<w type="NNS" lemma="citizen">citizens</w>
<pc type="SENT">.</pc>
</s></p><p><s><w type="CC" lemma="but">But</w>
<w type="IN" lemma="throughout">throughout</w>
<w type="DT" lemma="this">this</w>
<w type="NN" lemma="century">century</w>
<w type="EX" lemma="there">there</w>
<w type="VHP" lemma="have">have</w>
<w type="VBN" lemma="be">been</w>
<w type="JJ" lemma="great">great</w>
<w type="NNS" lemma="advance">advances</w>
<w type="IN" lemma="in">in</w>
<w type="DT" lemma="the">the</w>
<w type="NN" lemma="awakening">awakening</w>
<w type="IN" lemma="of">of</w>
<w type="NN" lemma="conscience">conscience</w>
<w type="CC" lemma="and">and</w>
<w type="NN" lemma="concern">concern</w>
<w type="IN" lemma="for">for</w>
<w type="PPs" lemma="our">our</w>
<w type="JJ" lemma="fellow">fellow</w>
<w type="JJ" lemma="human">human</w>
<w type="NNS" lemma="being">beings</w>
<pc type="SENT">.</pc>
</s>
<s><w type="NNS" lemma="government">Governments</w>
<w type="RB" lemma="now">now</w>
<w type="VVP" lemma="regard">regard</w>
<w type="PP" lemma="it">it</w>
<w type="IN" lemma="as">as</w>
<w type="PPs" lemma="their">their</w>
<w type="NN" lemma="duty">duty</w>
<w type="TO" lemma="to">to</w>
<w type="VV" lemma="try">try</w>
<w type="TO" lemma="to">to</w>
<w type="VV" lemma="protect">protect</w>
<w type="PPs" lemma="their">their</w>
<w type="NNS" lemma="people">people</w>
<pc type="sub">,</pc>
<w type="IN" lemma="through">through</w>
<w type="JJ" lemma="social">social</w>
<w type="NNS" lemma="service">services</w>
<pc type="sub">,</pc>
<w type="IN" lemma="from">from</w>
<w type="DT" lemma="the">the</w>
<w type="JJS" lemma="bad">worst</w>
<w type="NNS" lemma="effect">effects</w>
<w type="IN" lemma="of">of</w>
<w type="NN" lemma="illness">illness</w>
<pc type="sub">,</pc>
<w type="NN" lemma="bereavement">bereavement</w>
<pc type="sub">,</pc>
<w type="NN" lemma="joblessness">joblessness</w>
<w type="CC" lemma="and">and</w>
<w type="NN" lemma="disability">disability</w>
<pc type="SENT">.</pc>
</s></p><p><s><w type="PP" lemma="we">We</w>
<w type="VBP" lemma="are">are</w>
<w type="RB" lemma="also">also</w>
<w type="VVG" lemma="try">trying</w>
<w type="TO" lemma="to">to</w>
<w type="VV" lemma="reach">reach</w>
<w type="IN" lemma="beyond">beyond</w>
<w type="DT" lemma="a">a</w>
<w type="NN" lemma="nation">nation</w>
<w type="POS" lemma="'s">'s</w>
<w type="NN" lemma="responsibility">responsibility</w>
<w type="IN" lemma="for">for</w>
<w type="PPs" lemma="its">its</w>
<w type="JJ" lemma="own">own</w>
<w type="NNS" lemma="citizen">citizens</w>
<pc type="SENT">.</pc>
</s>
<s><w type="EX" lemma="There">There</w>
<w type="VBZ" lemma="be">is</w>
<w type="DT" lemma="a">a</w>
<w type="JJ" lemma="wide">wide</w>
<w type="NN" lemma="disparity">disparity</w>
<w type="IN" lemma="between">between</w>
<w type="DT" lemma="the">the</w>
<w type="NN" lemma="wealth">wealth</w>
<w type="IN" lemma="of">of</w>
<w type="NNS" lemma="nation">nations</w>
<w type="CC" lemma="and">and</w>
<w type="PP" lemma="I">I</w>
<w type="VHP" lemma="have">have</w>
<w type="VVN" lemma="find">found</w>
<w type="IN" lemma="that">that</w>
<w type="EX" lemma="there">there</w>
<w type="VBZ" lemma="be">is</w>
<w type="DT" lemma="a">a</w>
<w type="NN" lemma="spirit">spirit</w>
<w type="IN" lemma="of">of</w>
<w type="NN" lemma="eagerness">eagerness</w>
<w type="TO" lemma="to">to</w>
<w type="VV" lemma="redress">redress</w>
<w type="DT" lemma="this">this</w>
<w type="IN" lemma="throughout">throughout</w>
<w type="DT" lemma="the">the</w>
<w type="NN" lemma="world">world</w>
<pc type="SENT">.</pc>
</s></p><p><s><w type="PP" lemma="I">I</w>
<w type="VHP" lemma="have">have</w>
<w type="VVN" lemma="speak">spoken</w>
<w type="IN" lemma="of">of</w>
<w type="NN" lemma="courage">courage</w>
<w type="IN" lemma="in">in</w>
<w type="PPs" lemma="its">its</w>
<w type="JJ" lemma="different">different</w>
<w type="NNS" lemma="form">forms</w>
<w type="CC" lemma="and">and</w>
<w type="IN" lemma="of">of</w>
<w type="DT" lemma="the">the</w>
<w type="NN" lemma="effect">effect</w>
<w type="DT" lemma="a">a</w>
<w type="NN" lemma="display">display</w>
<w type="IN" lemma="of">of</w>
<w type="NN" lemma="courage">courage</w>
<w type="MD" lemma="can">can</w>
<w type="VH" lemma="have">have</w>
<w type="IN" lemma="on">on</w>
<w type="DT" lemma="the">the</w>
<w type="NN" lemma="world">world</w>
<w type="IN" lemma="in">in</w>
<w type="WDT" lemma="which">which</w>
<w type="PP" lemma="we">we</w>
<w type="VVP" lemma="live">live</w>
<pc type="SENT">.</pc>
</s>
<s><w type="RB" lemma="ultimately">Ultimately</w>
<pc type="sub">,</pc>
<w type="RB" lemma="however">however</w>
<pc type="sub">,</pc>
<w type="PP" lemma="we">we</w>
<w type="VVP" lemma="accept">accept</w>
<w type="IN" lemma="in">in</w>
<w type="PPs" lemma="our">our</w>
<w type="NNS" lemma="heart">hearts</w>
<w type="IN" lemma="that">that</w>
<w type="JJS" lemma="most">most</w>
<w type="JJ" lemma="important">important</w>
<w type="IN" lemma="of">of</w>
<w type="DT" lemma="all">all</w>
<w type="VBZ" lemma="be">is</w>
<w type="JJ" lemma="moral">moral</w>
<w type="NN" lemma="courage">courage</w>
<pc type="SENT">.</pc>
</s></p><p><s><w type="IN" lemma="as">As</w>
<w type="JJ" lemma="human">human</w>
<w type="NNS" lemma="being">beings</w>
<w type="PP" lemma="we">we</w>
<w type="RB" lemma="generally">generally</w>
<w type="VVP" lemma="know">know</w>
<w type="WP" lemma="what">what</w>
<w type="VBZ" lemma="be">is</w>
<w type="RB" lemma="right">right</w>
<w type="CC" lemma="and">and</w>
<w type="WRB" lemma="how">how</w>
<w type="PP" lemma="we">we</w>
<w type="MD" lemma="should">should</w>
<w type="VV" lemma="act">act</w>
<w type="CC" lemma="and">and</w>
<w type="VV" lemma="speak">speak</w>
<pc type="SENT">.</pc>
</s>
<s><w type="CC" lemma="but">But</w>
<w type="PP" lemma="we">we</w>
<w type="VBP" lemma="are">are</w>
<w type="RB" lemma="also">also</w>
<w type="RB" lemma="very">very</w>
<w type="JJ" lemma="aware">aware</w>
<w type="IN" lemma="of">of</w>
<w type="WRB" lemma="how">how</w>
<w type="JJ" lemma="difficult">difficult</w>
<w type="PP" lemma="it">it</w>
<w type="VBZ" lemma="be">is</w>
<w type="TO" lemma="to">to</w>
<w type="VH" lemma="have">have</w>
<w type="DT" lemma="the">the</w>
<w type="NN" lemma="courage">courage</w>
<w type="IN" lemma="of">of</w>
<w type="PPs" lemma="our">our</w>
<w type="NNS" lemma="conviction">convictions</w>
<pc type="SENT">.</pc>
</s></p><p><s><w type="PPs" lemma="our">Our</w>
<w type="JJ" lemma="Christian">Christian</w>
<w type="NN" lemma="faith">faith</w>
<w type="VVZ" lemma="help">helps</w>
<w type="PP" lemma="us">us</w>
<w type="TO" lemma="to">to</w>
<w type="VV" lemma="sustain">sustain</w>
<w type="DT" lemma="those">those</w>
<w type="NNS" lemma="conviction">convictions</w>
<pc type="SENT">.</pc>
</s>
<s><w type="NP" lemma="Christ">Christ</w>
<w type="RB" lemma="not">not</w>
<w type="RB" lemma="only">only</w>
<w type="VVN" lemma="reveal">revealed</w>
<w type="TO" lemma="to">to</w>
<w type="PP" lemma="us">us</w>
<w type="DT" lemma="the">the</w>
<w type="NN" lemma="truth">truth</w>
<w type="IN" lemma="in">in</w>
<w type="PPs" lemma="his">his</w>
<w type="NNS" lemma="teaching">teachings</w>
<pc type="SENT">.</pc>
</s>
<s><w type="PP" lemma="he">He</w>
<w type="VVD" lemma="live">lived</w>
<w type="IN" lemma="by">by</w>
<w type="WP" lemma="what">what</w>
<w type="PP" lemma="he">he</w>
<w type="VVD" lemma="believe">believed</w>
<w type="CC" lemma="and">and</w>
<w type="VVD" lemma="give">gave</w>
<w type="PP" lemma="us">us</w>
<w type="DT" lemma="the">the</w>
<w type="NN" lemma="strength">strength</w>
<w type="TO" lemma="to">to</w>
<w type="VV" lemma="try">try</w>
<w type="TO" lemma="to">to</w>
<w type="VV" lemma="do">do</w>
<w type="DT" lemma="the">the</w>
<w type="JJ" lemma="same">same</w>
<pc type="sub">-</pc>
<w type="CC" lemma="and">and</w>
<pc type="sub">,</pc>
<w type="RB" lemma="finally">finally</w>
<pc type="sub">,</pc>
<w type="IN" lemma="on">on</w>
<w type="DT" lemma="the">the</w>
<w type="NN" lemma="cross">cross</w>
<pc type="sub">,</pc>
<w type="PP" lemma="he">he</w>
<w type="VVD" lemma="show">showed</w>
<w type="DT" lemma="the">the</w>
<w type="JJ" lemma="supreme">supreme</w>
<w type="NN" lemma="example">example</w>
<w type="IN" lemma="of">of</w>
<w type="JJ" lemma="physical">physical</w>
<w type="CC" lemma="and">and</w>
<w type="JJ" lemma="moral">moral</w>
<w type="NN" lemma="courage">courage</w>
<pc type="SENT">.</pc>
</s></p><p><s><w type="DT" lemma="that">That</w>
<w type="NN" lemma="sacrifice">sacrifice</w>
<w type="VBD" lemma="be">was</w>
<w type="DT" lemma="the">the</w>
<w type="NN" lemma="dawn">dawn</w>
<w type="IN" lemma="of">of</w>
<w type="NN" lemma="Christianity">Christianity</w>
<w type="CC" lemma="and">and</w>
<w type="DT" lemma="this">this</w>
<w type="VBZ" lemma="be">is</w>
<w type="WRB" lemma="why">why</w>
<w type="IN" lemma="at">at</w>
<w type="NP" lemma="Christmas">Christmas</w>
<w type="NN" lemma="time">time</w>
<w type="PP" lemma="we">we</w>
<w type="VBP" lemma="are">are</w>
<w type="VVN" lemma="inspire">inspired</w>
<w type="IN" lemma="by">by</w>
<w type="DT" lemma="the">the</w>
<w type="NN" lemma="example">example</w>
<w type="IN" lemma="of">of</w>
<w type="NP" lemma="Christ">Christ</w>
<w type="IN" lemma="as">as</w>
<w type="PP" lemma="we">we</w>
<w type="VVP" lemma="celebrate">celebrate</w>
<w type="PPs" lemma="his">his</w>
<w type="NN" lemma="birth">birth</w>
<pc type="SENT">.</pc>
</s></p><p><s><w type="DT" lemma="a">A</w>
<w type="JJ" lemma="few">few</w>
<w type="NNS" lemma="week">weeks</w>
<w type="IN" lemma="ago">ago</w>
<w type="PP" lemma="I">I</w>
<w type="VBD" lemma="be">was</w>
<w type="VVN" lemma="send">sent</w>
<w type="DT" lemma="this">this</w>
<w type="NN" lemma="poem">poem</w>
<pc type="sub">:</pc>
</s></p><p><s><pc type="oq">"</pc>
<w type="WRB" lemma="when">When</w>
<w type="PDT" lemma="all">all</w>
<w type="PPs" lemma="your">your</w>
<w type="NN" lemma="world">world</w>
<w type="VBZ" lemma="be">is</w>
<w type="VVN" lemma="tear">torn</w>
<w type="IN" lemma="with">with</w>
<w type="NN" lemma="grief">grief</w>
<w type="CC" lemma="and">and</w>
<w type="NN" lemma="XXXX">strifeThink</w>
<w type="RB" lemma="yet">yet</w>
<pc type="sub">-</pc>
<w type="WRB" lemma="when">when</w>
<w type="EX" lemma="there">there</w>
<w type="VVZ" lemma="seem">seems</w>
<w type="NN" lemma="nothing">nothing</w>
<w type="VVN" lemma="leave">left</w>
<w type="TO" lemma="to">to</w>
<w type="VV" lemma="XXXX">mendThe</w>
<w type="JJ" lemma="frail">frail</w>
<w type="CC" lemma="and">and</w>
<w type="JJ" lemma="time-worn">time-worn</w>
<w type="NN" lemma="fabric">fabric</w>
<w type="IN" lemma="of">of</w>
<w type="PPs" lemma="your">your</w>
<w type="NN" lemma="life">life</w>
<pc type="sub">,</pc>
<w type="DT" lemma="the">The</w>
<w type="JJ" lemma="golden">golden</w>
<w type="NN" lemma="thread">thread</w>
<w type="IN" lemma="of">of</w>
<w type="NN" lemma="courage">courage</w>
<w type="VHZ" lemma="have">has</w>
<w type="DT" lemma="no">no</w>
<w type="NN" lemma="end">end</w>
<pc type="SENT">.</pc>
<pc type="cq">"</pc>
</s></p><p><s><w type="RB" lemma="so">So</w>
<w type="TO" lemma="to">to</w>
<w type="PP" lemma="you">you</w>
<w type="RB" lemma="all">all</w>
<w type="PP" lemma="I">I</w>
<w type="VVP" lemma="say">say</w>
<pc type="sub">-</pc>
<w type="NP" lemma="God">God</w>
<w type="VV" lemma="bless">bless</w>
<w type="PP" lemma="you">you</w>
<pc type="sub">,</pc>
<w type="CC" lemma="and">and</w>
<w type="DT" lemma="a">a</w>
<w type="RB" lemma="very">very</w>
<w type="JJ" lemma="happy">happy</w>
<w type="NP" lemma="Christmas">Christmas</w>
<pc type="SENT">.</pc>
</s></p></div>