<div xmlns='http://www.tei-c.org/ns/1.0' n="1982"><head><s><w type="NP" lemma="Christmas">Christmas</w>
<w type="NP" lemma="Broadcast">Broadcast</w>
<w type="CD" lemma="@card@">1982</w>
</s></head><p><s><w type="PP" lemma="it">It</w>
<w type="VBZ" lemma="be">is</w>
<w type="CD" lemma="fifty">fifty</w>
<w type="NNS" lemma="year">years</w>
<w type="IN" lemma="since">since</w>
<w type="DT" lemma="the">the</w>
<w type="NP" lemma="BBC">BBC</w>
<w type="NP" lemma="External">External</w>
<w type="NP" lemma="Service">Service</w>
<w type="VBD" lemma="be">was</w>
<w type="VVN" lemma="start">started</w>
<w type="CC" lemma="and">and</w>
<w type="PPs" lemma="my">my</w>
<w type="NN" lemma="grandfather">grandfather</w>
<w type="NP" lemma="King">King</w>
<w type="NP" lemma="George">George</w>
<w type="NN" lemma="V">V</w>
<w type="VVD" lemma="make">made</w>
<w type="DT" lemma="the">the</w>
<w type="JJ" lemma="first">first</w>
<w type="NP" lemma="Christmas">Christmas</w>
<w type="NP" lemma="Broadcast">Broadcast</w>
<w type="IN" lemma="from">from</w>
<w type="NP" lemma="Sandringham">Sandringham</w>
<pc type="SENT">.</pc>
</s></p><p><s><w type="NN" lemma="today">Today</w>
<w type="PP" lemma="I">I</w>
<w type="VBP" lemma="am">am</w>
<w type="VVG" lemma="speak">speaking</w>
<w type="TO" lemma="to">to</w>
<w type="PP" lemma="you">you</w>
<w type="IN" lemma="from">from</w>
<w type="DT" lemma="the">the</w>
<w type="NP" lemma="XXXX">Library</w>
<w type="IN" lemma="at">at</w>
<w type="NP" lemma="Windsor">Windsor</w>
<w type="NP" lemma="Castle">Castle</w>
<pc type="sub">,</pc>
<w type="IN" lemma="in">in</w>
<w type="DT" lemma="a">a</w>
<w type="NN" lemma="room">room</w>
<w type="WDT" lemma="which">which</w>
<w type="VBD" lemma="be">was</w>
<w type="RB" lemma="once">once</w>
<w type="VVN" lemma="occupy">occupied</w>
<w type="IN" lemma="by">by</w>
<w type="NP" lemma="Queen">Queen</w>
<w type="NP" lemma="Elizabeth">Elizabeth</w>
<w type="NP" lemma="I.">I.</w>
<w type="DT" lemma="this">This</w>
<w type="VBZ" lemma="be">is</w>
<w type="PPs" lemma="my">my</w>
<w type="NN" lemma="home">home</w>
<pc type="sub">,</pc>
<w type="WRB" lemma="where">where</w>
<w type="IN" lemma="for">for</w>
<w type="JJ" lemma="many">many</w>
<w type="NNS" lemma="year">years</w>
<w type="RB" lemma="now">now</w>
<w type="PPs" lemma="my">my</w>
<w type="NN" lemma="family">family</w>
<w type="CC" lemma="and">and</w>
<w type="PP" lemma="I">I</w>
<w type="VHP" lemma="have">have</w>
<w type="JJ" lemma="celebrated">celebrated</w>
<w type="NP" lemma="Christmas">Christmas</w>
<pc type="SENT">.</pc>
</s></p><p><s><w type="IN" lemma="within">Within</w>
<w type="DT" lemma="a">a</w>
<w type="JJ" lemma="few">few</w>
<w type="NNS" lemma="foot">feet</w>
<w type="IN" lemma="of">of</w>
<w type="WRB" lemma="where">where</w>
<w type="PP" lemma="I">I</w>
<w type="VBP" lemma="am">am</w>
<w type="VVG" lemma="stand">standing</w>
<w type="VBZ" lemma="be">is</w>
<w type="DT" lemma="the">the</w>
<w type="NN" lemma="cliff">cliff</w>
<pc type="sub">,</pc>
<w type="IN" lemma="with">with</w>
<w type="PPs" lemma="its">its</w>
<w type="JJ" lemma="wonderful">wonderful</w>
<w type="JJ" lemma="commanding">commanding</w>
<w type="NN" lemma="view">view</w>
<w type="IN" lemma="over">over</w>
<w type="DT" lemma="the">the</w>
<w type="NP" lemma="Thames">Thames</w>
<pc type="sub">,</pc>
<w type="WDT" lemma="which">which</w>
<w type="VVD" lemma="lead">led</w>
<w type="NP" lemma="William">William</w>
<w type="DT" lemma="the">the</w>
<w type="NP" lemma="XXXX">Conqueror</w>
<w type="TO" lemma="to">to</w>
<w type="VV" lemma="build">build</w>
<w type="DT" lemma="a">a</w>
<w type="NN" lemma="castle">castle</w>
<w type="IN" lemma="on">on</w>
<w type="DT" lemma="this">this</w>
<w type="JJ" lemma="ideal">ideal</w>
<w type="JJ" lemma="defensive">defensive</w>
<w type="NN" lemma="position">position</w>
<pc type="sub">-</pc>
<w type="DT" lemma="a">a</w>
<w type="NN" lemma="castle">castle</w>
<w type="WDT" lemma="which">which</w>
<w type="VHZ" lemma="have">has</w>
<w type="TO" lemma="to">to</w>
<w type="DT" lemma="this">this</w>
<w type="NN" lemma="day">day</w>
<w type="VBN" lemma="be">been</w>
<w type="DT" lemma="the">the</w>
<w type="NN" lemma="home">home</w>
<w type="IN" lemma="of">of</w>
<w type="NP" lemma="Kings">Kings</w>
<w type="CC" lemma="and">and</w>
<w type="NP" lemma="Queens">Queens</w>
<pc type="SENT">.</pc>
</s></p><p><s><w type="IN" lemma="in">In</w>
<w type="NP" lemma="October">October</w>
<w type="PP" lemma="I">I</w>
<w type="VBD" lemma="be">was</w>
<w type="IN" lemma="in">in</w>
<w type="NP" lemma="Brisbane">Brisbane</w>
<w type="IN" lemma="for">for</w>
<w type="DT" lemma="the">the</w>
<w type="NP" lemma="Commonwealth">Commonwealth</w>
<w type="NPS" lemma="Games">Games</w>
<w type="CC" lemma="and">and</w>
<w type="RB" lemma="then">then</w>
<w type="VVD" lemma="go">went</w>
<w type="IN" lemma="by">by</w>
<w type="NN" lemma="sea">sea</w>
<w type="IN" lemma="in">in</w>
<w type="NP" lemma="Britannia">BRITANNIA</w>
<w type="TO" lemma="to">to</w>
<w type="VV" lemma="visit">visit</w>
<w type="DT" lemma="a">a</w>
<w type="NN" lemma="number">number</w>
<w type="IN" lemma="of">of</w>
<w type="DT" lemma="those">those</w>
<w type="JJ" lemma="beautiful">beautiful</w>
<w type="NP" lemma="Commonwealth">Commonwealth</w>
<w type="NN" lemma="island">island</w>
<w type="NNS" lemma="country">countries</w>
<w type="IN" lemma="in">in</w>
<w type="DT" lemma="the">the</w>
<w type="NP" lemma="Pacific">Pacific</w>
<pc type="SENT">.</pc>
</s></p><p><s><w type="IN" lemma="at">At</w>
<w type="JJ" lemma="first">first</w>
<w type="NN" lemma="sight">sight</w>
<pc type="sub">,</pc>
<w type="EX" lemma="there">there</w>
<w type="VVZ" lemma="do">does</w>
<w type="RB" lemma="not">not</w>
<w type="VV" lemma="appear">appear</w>
<w type="TO" lemma="to">to</w>
<w type="VB" lemma="be">be</w>
<w type="JJ" lemma="much">much</w>
<w type="NN" lemma="connection">connection</w>
<w type="IN" lemma="between">between</w>
<w type="DT" lemma="a">a</w>
<w type="NP" lemma="Norman">Norman</w>
<w type="NN" lemma="castle">castle</w>
<pc type="sub">,</pc>
<w type="DT" lemma="this">this</w>
<w type="JJ" lemma="Elizabethan">Elizabethan</w>
<w type="NN" lemma="gallery">gallery</w>
<pc type="sub">,</pc>
<w type="DT" lemma="the">the</w>
<w type="NP" lemma="Commonwealth">Commonwealth</w>
<w type="NPS" lemma="Games">Games</w>
<w type="CC" lemma="and">and</w>
<w type="DT" lemma="the">the</w>
<w type="NP" lemma="Pacific">Pacific</w>
<w type="NPS" lemma="Islands">Islands</w>
<pc type="SENT">.</pc>
</s>
<s><w type="CC" lemma="but">But</w>
<w type="IN" lemma="in">in</w>
<w type="NN" lemma="fact">fact</w>
<w type="PP" lemma="they">they</w>
<w type="VBP" lemma="are">are</w>
<w type="RB" lemma="all">all</w>
<w type="VVN" lemma="link">linked</w>
<w type="IN" lemma="by">by</w>
<w type="DT" lemma="the">the</w>
<w type="NN" lemma="sea">sea</w>
<pc type="SENT">.</pc>
</s></p><p><s><w type="NP" lemma="William">William</w>
<w type="VVD" lemma="become">became</w>
<w type="DT" lemma="the">the</w>
<w type="NN" lemma="conqueror">Conqueror</w>
<w type="IN" lemma="after">after</w>
<w type="VVG" lemma="invade">invading</w>
<w type="NP" lemma="England">England</w>
<w type="IN" lemma="by">by</w>
<w type="NN" lemma="sea">sea</w>
<pc type="SENT">.</pc>
</s>
<s><w type="PP" lemma="it">It</w>
<w type="VBD" lemma="be">was</w>
<w type="DT" lemma="the">the</w>
<w type="NNS" lemma="voyage">voyages</w>
<w type="IN" lemma="of">of</w>
<w type="NN" lemma="discovery">discovery</w>
<w type="IN" lemma="by">by</w>
<w type="DT" lemma="the">the</w>
<w type="JJ" lemma="great">great</w>
<w type="NNS" lemma="seaman">seamen</w>
<w type="IN" lemma="of">of</w>
<w type="NP" lemma="Queen">Queen</w>
<w type="NP" lemma="Elizabeth">Elizabeth</w>
<w type="POS" lemma="'s">'s</w>
<w type="NN" lemma="day">day</w>
<w type="WDT" lemma="which">which</w>
<w type="VVD" lemma="lay">laid</w>
<w type="DT" lemma="the">the</w>
<w type="NNS" lemma="foundation">foundations</w>
<w type="IN" lemma="of">of</w>
<w type="JJ" lemma="modern">modern</w>
<w type="NN" lemma="trade">trade</w>
<pc type="sub">;</pc>
<w type="CC" lemma="and">and</w>
<w type="TO" lemma="to">to</w>
<w type="DT" lemma="this">this</w>
<w type="NN" lemma="day">day</w>
<w type="CD" lemma="@card@">90</w>
<w type="IN" lemma="per">per</w>
<w type="NN" lemma="cent">cent</w>
<w type="IN" lemma="of">of</w>
<w type="PP" lemma="it">it</w>
<w type="RB" lemma="still">still</w>
<w type="VVZ" lemma="go">goes</w>
<w type="IN" lemma="by">by</w>
<w type="NN" lemma="sea">sea</w>
<pc type="SENT">.</pc>
</s>
<s><w type="NN" lemma="discovery">Discovery</w>
<w type="CC" lemma="and">and</w>
<w type="NN" lemma="trade">trade</w>
<w type="IN" lemma="in">in</w>
<w type="PPs" lemma="their">their</w>
<w type="NN" lemma="turn">turn</w>
<w type="VVD" lemma="lay">laid</w>
<w type="DT" lemma="the">the</w>
<w type="NNS" lemma="foundation">foundations</w>
<w type="IN" lemma="of">of</w>
<w type="DT" lemma="the">the</w>
<w type="JJ" lemma="present-day">present-day</w>
<w type="NN" lemma="commonwealth">Commonwealth</w>
<pc type="SENT">.</pc>
</s>
<s><w type="PP" lemma="it">It</w>
<w type="VBD" lemma="be">was</w>
<w type="DT" lemma="the">the</w>
<w type="NN" lemma="development">development</w>
<w type="IN" lemma="of">of</w>
<w type="JJ" lemma="ocean-going">ocean-going</w>
<w type="NN" lemma="passenger">passenger</w>
<w type="NNS" lemma="vessel">vessels</w>
<w type="WDT" lemma="that">that</w>
<w type="VVD" lemma="allow">allowed</w>
<w type="DT" lemma="the">the</w>
<w type="NNS" lemma="people">peoples</w>
<w type="IN" lemma="of">of</w>
<w type="DT" lemma="the">the</w>
<w type="NN" lemma="world">world</w>
<w type="TO" lemma="to">to</w>
<w type="VV" lemma="move">move</w>
<w type="RB" lemma="about">about</w>
<w type="CC" lemma="and">and</w>
<w type="TO" lemma="to">to</w>
<w type="VV" lemma="get">get</w>
<w type="TO" lemma="to">to</w>
<w type="VV" lemma="know">know</w>
<w type="DT" lemma="each">each</w>
<w type="JJ" lemma="other">other</w>
<pc type="SENT">.</pc>
</s></p><p><s><w type="JJ" lemma="such">Such</w>
<w type="NNS" lemma="name">names</w>
<w type="IN" lemma="as">as</w>
<w type="NP" lemma="Drake">Drake</w>
<pc type="sub">,</pc>
<w type="NP" lemma="Anson">Anson</w>
<pc type="sub">,</pc>
<w type="NP" lemma="Frobisher">Frobisher</w>
<pc type="sub">,</pc>
<w type="NP" lemma="Cook">Cook</w>
<pc type="sub">,</pc>
<w type="NP" lemma="Vancouver">Vancouver</w>
<w type="CC" lemma="and">and</w>
<w type="NP" lemma="Phillip">Phillip</w>
<w type="VBP" lemma="are">are</w>
<w type="JJ" lemma="familiar">familiar</w>
<w type="TO" lemma="to">to</w>
<w type="NNS" lemma="people">people</w>
<w type="IN" lemma="in">in</w>
<w type="RB" lemma="widely">widely</w>
<w type="JJ" lemma="different">different</w>
<w type="NNS" lemma="part">parts</w>
<w type="IN" lemma="of">of</w>
<w type="DT" lemma="the">the</w>
<w type="NP" lemma="Commonwealth">Commonwealth</w>
<pc type="sub">-</pc>
<w type="IN" lemma="while">while</w>
<w type="IN" lemma="in">in</w>
<w type="NP" lemma="Britain">Britain</w>
<w type="PP" lemma="we">we</w>
<w type="VVP" lemma="owe">owe</w>
<w type="PPs" lemma="our">our</w>
<w type="NN" lemma="independence">independence</w>
<w type="TO" lemma="to">to</w>
<w type="DT" lemma="the">the</w>
<w type="NNS" lemma="seaman">seamen</w>
<w type="WP" lemma="who">who</w>
<w type="VVD" lemma="fight">fought</w>
<w type="DT" lemma="the">the</w>
<w type="NP" lemma="XXXX">Armada</w>
<w type="RB" lemma="nearly">nearly</w>
<w type="CD" lemma="@card@">400</w>
<w type="NNS" lemma="year">years</w>
<w type="RB" lemma="ago">ago</w>
<w type="CC" lemma="and">and</w>
<w type="TO" lemma="to">to</w>
<w type="NP" lemma="Nelson">Nelson</w>
<w type="CC" lemma="and">and</w>
<w type="PPs" lemma="his">his</w>
<w type="NN" lemma="band">band</w>
<w type="IN" lemma="of">of</w>
<w type="NNS" lemma="brother">brothers</w>
<w type="WP" lemma="who">who</w>
<w type="VVD" lemma="destroy">destroyed</w>
<w type="NP" lemma="Napoleon">Napoleon</w>
<w type="POS" lemma="'s">'s</w>
<w type="NNS" lemma="dream">dreams</w>
<w type="IN" lemma="of">of</w>
<w type="NN" lemma="invasion">invasion</w>
<pc type="SENT">.</pc>
</s></p><p><s><w type="CC" lemma="nor">Nor</w>
<w type="MD" lemma="could">could</w>
<w type="DT" lemma="the">the</w>
<w type="JJ" lemma="great">great</w>
<w type="NNS" lemma="battle">battles</w>
<w type="IN" lemma="for">for</w>
<w type="NN" lemma="peace">peace</w>
<w type="CC" lemma="and">and</w>
<w type="NN" lemma="freedom">freedom</w>
<w type="IN" lemma="in">in</w>
<w type="DT" lemma="the">the</w>
<w type="JJ" lemma="first">first</w>
<w type="NN" lemma="half">half</w>
<w type="IN" lemma="of">of</w>
<w type="DT" lemma="the">the</w>
<w type="JJ" lemma="twentieth">twentieth</w>
<w type="NN" lemma="century">century</w>
<w type="VHP" lemma="have">have</w>
<w type="VBN" lemma="be">been</w>
<w type="VVN" lemma="win">won</w>
<w type="IN" lemma="without">without</w>
<w type="NN" lemma="control">control</w>
<w type="IN" lemma="of">of</w>
<w type="DT" lemma="the">the</w>
<w type="NNS" lemma="sea">seas</w>
<pc type="SENT">.</pc>
</s></p><p><s><w type="RBR" lemma="earlier">Earlier</w>
<w type="DT" lemma="this">this</w>
<w type="NN" lemma="year">year</w>
<w type="IN" lemma="in">in</w>
<w type="DT" lemma="the">the</w>
<w type="NP" lemma="South">South</w>
<w type="NP" lemma="Atlantic">Atlantic</w>
<w type="DT" lemma="the">the</w>
<w type="NP" lemma="Royal">Royal</w>
<w type="NP" lemma="Navy">Navy</w>
<w type="CC" lemma="and">and</w>
<w type="DT" lemma="the">the</w>
<w type="NN" lemma="merchant">Merchant</w>
<w type="NP" lemma="Navy">Navy</w>
<w type="VVD" lemma="enable">enabled</w>
<w type="PPs" lemma="our">our</w>
<w type="NNS" lemma="sailor">sailors</w>
<pc type="sub">,</pc>
<w type="NNS" lemma="soldier">soldiers</w>
<w type="CC" lemma="and">and</w>
<w type="NNS" lemma="airman">airmen</w>
<w type="TO" lemma="to">to</w>
<w type="VV" lemma="go">go</w>
<w type="TO" lemma="to">to</w>
<w type="DT" lemma="the">the</w>
<w type="NN" lemma="rescue">rescue</w>
<w type="IN" lemma="of">of</w>
<w type="DT" lemma="the">the</w>
<w type="NP" lemma="Falkland">Falkland</w>
<w type="NP" lemma="XXXX">Islanders</w>
<w type="CD" lemma="@card@">8,000</w>
<w type="NNS" lemma="mile">miles</w>
<w type="IN" lemma="across">across</w>
<w type="DT" lemma="the">the</w>
<w type="NN" lemma="ocean">ocean</w>
<pc type="sub">;</pc>
<w type="CC" lemma="and">and</w>
<w type="TO" lemma="to">to</w>
<w type="VV" lemma="reveal">reveal</w>
<w type="DT" lemma="the">the</w>
<w type="JJ" lemma="professional">professional</w>
<w type="NNS" lemma="skill">skills</w>
<w type="CC" lemma="and">and</w>
<w type="NN" lemma="courage">courage</w>
<w type="WDT" lemma="that">that</w>
<w type="MD" lemma="could">could</w>
<w type="VB" lemma="be">be</w>
<w type="VVN" lemma="call">called</w>
<w type="IN" lemma="on">on</w>
<w type="IN" lemma="in">in</w>
<w type="NN" lemma="defence">defence</w>
<w type="IN" lemma="of">of</w>
<w type="JJ" lemma="basic">basic</w>
<w type="NNS" lemma="freedom">freedoms</w>
<pc type="SENT">.</pc>
</s></p><p><s><w type="IN" lemma="throughout">Throughout</w>
<w type="NN" lemma="history">history</w>
<pc type="sub">,</pc>
<w type="NNS" lemma="seaman">seamen</w>
<w type="RB" lemma="all">all</w>
<w type="IN" lemma="over">over</w>
<w type="DT" lemma="the">the</w>
<w type="NN" lemma="world">world</w>
<w type="VHP" lemma="have">have</w>
<w type="VVN" lemma="share">shared</w>
<w type="DT" lemma="a">a</w>
<w type="JJ" lemma="common">common</w>
<w type="NN" lemma="experience">experience</w>
<w type="CC" lemma="and">and</w>
<w type="EX" lemma="there">there</w>
<w type="VBZ" lemma="be">is</w>
<w type="DT" lemma="a">a</w>
<w type="JJ" lemma="special">special</w>
<w type="NN" lemma="sense">sense</w>
<w type="IN" lemma="of">of</w>
<w type="NN" lemma="brotherhood">brotherhood</w>
<w type="IN" lemma="between">between</w>
<w type="NN" lemma="merchant">merchant</w>
<w type="CC" lemma="and">and</w>
<w type="JJ" lemma="naval">naval</w>
<w type="NNS" lemma="seaman">seamen</w>
<pc type="sub">,</pc>
<w type="NNS" lemma="fisherman">fishermen</w>
<pc type="sub">,</pc>
<w type="NNS" lemma="XXXX">lifeboatmen</w>
<w type="CC" lemma="and">and</w>
<pc type="sub">,</pc>
<w type="RBR" lemma="more">more</w>
<w type="RB" lemma="recently">recently</w>
<pc type="sub">,</pc>
<w type="NNS" lemma="yachtsman">yachtsmen</w>
<pc type="SENT">.</pc>
</s></p><p><s><w type="DT" lemma="the">The</w>
<w type="NNS" lemma="navigator">navigators</w>
<w type="IN" lemma="from">from</w>
<w type="DT" lemma="the">the</w>
<w type="NP" lemma="Pacific">Pacific</w>
<w type="NP" lemma="Islands">Islands</w>
<pc type="sub">,</pc>
<w type="DT" lemma="the">the</w>
<w type="NNS" lemma="fisherman">fishermen</w>
<w type="IN" lemma="of">of</w>
<w type="DT" lemma="the">the</w>
<w type="NP" lemma="Indian">Indian</w>
<w type="NP" lemma="Ocean">Ocean</w>
<w type="CC" lemma="and">and</w>
<w type="NP" lemma="China">China</w>
<w type="NNS" lemma="sea">seas</w>
<pc type="sub">,</pc>
<w type="CC" lemma="and">and</w>
<w type="DT" lemma="the">the</w>
<w type="NNS" lemma="man">men</w>
<w type="WP" lemma="who">who</w>
<w type="VV" lemma="man">man</w>
<w type="DT" lemma="the">the</w>
<w type="NN" lemma="oil">oil</w>
<w type="NN" lemma="rig">rig</w>
<w type="NN" lemma="supply">supply</w>
<w type="NNS" lemma="ship">ships</w>
<w type="IN" lemma="in">in</w>
<w type="DT" lemma="the">the</w>
<w type="NP" lemma="North">North</w>
<w type="NP" lemma="Atlantic">Atlantic</w>
<w type="VHP" lemma="have">have</w>
<w type="RB" lemma="all">all</w>
<w type="VVN" lemma="learn">learnt</w>
<w type="TO" lemma="to">to</w>
<w type="VV" lemma="come">come</w>
<w type="TO" lemma="to">to</w>
<w type="NNS" lemma="term">terms</w>
<w type="IN" lemma="with">with</w>
<w type="DT" lemma="the">the</w>
<w type="VVG" lemma="vary">varying</w>
<w type="NNS" lemma="mood">moods</w>
<w type="IN" lemma="of">of</w>
<w type="DT" lemma="the">the</w>
<w type="NNS" lemma="sea">seas</w>
<w type="CC" lemma="and">and</w>
<w type="NNS" lemma="ocean">oceans</w>
<pc type="SENT">.</pc>
</s></p><p><s><w type="IN" lemma="in">In</w>
<w type="RB" lemma="much">much</w>
<w type="DT" lemma="the">the</w>
<w type="JJ" lemma="same">same</w>
<w type="NN" lemma="way">way</w>
<pc type="sub">,</pc>
<w type="DT" lemma="the">the</w>
<w type="NNS" lemma="member">members</w>
<w type="IN" lemma="of">of</w>
<w type="DT" lemma="the">the</w>
<w type="NP" lemma="Commonwealth">Commonwealth</w>
<pc type="sub">,</pc>
<w type="WDT" lemma="which">which</w>
<w type="VVD" lemma="evolve">evolved</w>
<w type="IN" lemma="from">from</w>
<w type="NP" lemma="Britain">Britain</w>
<w type="POS" lemma="'s">'s</w>
<w type="JJ" lemma="seafaring">seafaring</w>
<w type="NN" lemma="history">history</w>
<pc type="sub">,</pc>
<w type="VHP" lemma="have">have</w>
<w type="VVN" lemma="acquire">acquired</w>
<w type="DT" lemma="an">an</w>
<w type="NN" lemma="affinity">affinity</w>
<w type="IN" lemma="through">through</w>
<w type="VVG" lemma="share">sharing</w>
<w type="DT" lemma="a">a</w>
<w type="JJ" lemma="common">common</w>
<w type="NN" lemma="philosophy">philosophy</w>
<w type="IN" lemma="of">of</w>
<w type="JJ" lemma="individual">individual</w>
<w type="NN" lemma="freedom">freedom</w>
<pc type="sub">,</pc>
<w type="JJ" lemma="democratic">democratic</w>
<w type="NN" lemma="government">government</w>
<w type="CC" lemma="and">and</w>
<w type="DT" lemma="the">the</w>
<w type="NN" lemma="rule">rule</w>
<w type="IN" lemma="of">of</w>
<w type="NN" lemma="law">law</w>
<pc type="SENT">.</pc>
</s></p><p><s><w type="PP" lemma="it">It</w>
<w type="MD" lemma="may">may</w>
<w type="RB" lemma="not">not</w>
<w type="VV" lemma="sound">sound</w>
<w type="RB" lemma="very">very</w>
<w type="JJ" lemma="substantial">substantial</w>
<w type="CC" lemma="but">but</w>
<w type="WRB" lemma="when">when</w>
<w type="VVN" lemma="measure">measured</w>
<w type="IN" lemma="against">against</w>
<w type="DT" lemma="the">the</w>
<w type="NN" lemma="number">number</w>
<w type="CC" lemma="and">and</w>
<w type="NN" lemma="variety">variety</w>
<w type="IN" lemma="of">of</w>
<w type="NN" lemma="XXXX">inter-Commonwealth</w>
<w type="NNS" lemma="organisation">organisations</w>
<w type="CC" lemma="and">and</w>
<w type="DT" lemma="the">the</w>
<w type="NN" lemma="multitude">multitude</w>
<w type="IN" lemma="of">of</w>
<w type="JJ" lemma="commercial">commercial</w>
<pc type="sub">,</pc>
<w type="JJ" lemma="medical">medical</w>
<pc type="sub">,</pc>
<w type="JJ" lemma="legal">legal</w>
<w type="CC" lemma="and">and</w>
<w type="NN" lemma="sporting">sporting</w>
<w type="NNS" lemma="connection">connections</w>
<pc type="sub">,</pc>
<w type="PP" lemma="it">it</w>
<w type="VVZ" lemma="become">becomes</w>
<w type="JJ" lemma="clear">clear</w>
<w type="IN" lemma="that">that</w>
<w type="DT" lemma="this">this</w>
<w type="JJ" lemma="common">common</w>
<w type="NN" lemma="philosophy">philosophy</w>
<w type="VHZ" lemma="have">has</w>
<w type="VHN" lemma="have">had</w>
<w type="DT" lemma="a">a</w>
<w type="RB" lemma="very">very</w>
<w type="JJ" lemma="powerful">powerful</w>
<w type="NN" lemma="influence">influence</w>
<w type="IN" lemma="for">for</w>
<w type="NN" lemma="unity">unity</w>
<pc type="SENT">.</pc>
</s></p><p><s><w type="NN" lemma="nothing">Nothing</w>
<w type="MD" lemma="could">could</w>
<w type="VH" lemma="have">have</w>
<w type="VVN" lemma="demonstrate">demonstrated</w>
<w type="DT" lemma="this">this</w>
<w type="NN" lemma="unity">unity</w>
<w type="RBR" lemma="more">more</w>
<w type="RB" lemma="vividly">vividly</w>
<w type="IN" lemma="than">than</w>
<w type="DT" lemma="the">the</w>
<w type="RB" lemma="immensely">immensely</w>
<w type="JJ" lemma="reassuring">reassuring</w>
<w type="NN" lemma="support">support</w>
<w type="VVN" lemma="give">given</w>
<w type="TO" lemma="to">to</w>
<w type="NP" lemma="Britain">Britain</w>
<w type="IN" lemma="by">by</w>
<w type="DT" lemma="the">the</w>
<w type="NP" lemma="Commonwealth">Commonwealth</w>
<w type="IN" lemma="during">during</w>
<w type="DT" lemma="the">the</w>
<w type="NP" lemma="Falkland">Falkland</w>
<w type="NPS" lemma="Islands">Islands</w>
<w type="NN" lemma="crisis">crisis</w>
<pc type="SENT">.</pc>
</s></p><p><s><w type="CC" lemma="but">But</w>
<w type="DT" lemma="the">the</w>
<w type="NP" lemma="Commonwealth">Commonwealth</w>
<w type="VVZ" lemma="reveal">reveals</w>
<w type="PPs" lemma="its">its</w>
<w type="NN" lemma="strength">strength</w>
<w type="IN" lemma="in">in</w>
<w type="JJ" lemma="many">many</w>
<w type="JJ" lemma="different">different</w>
<w type="NNS" lemma="way">ways</w>
<pc type="SENT">.</pc>
</s>
<s><w type="DT" lemma="any">Any</w>
<w type="IN" lemma="of">of</w>
<w type="PP" lemma="you">you</w>
<w type="WP" lemma="who">who</w>
<w type="VVD" lemma="attend">attended</w>
<w type="CC" lemma="or">or</w>
<w type="VVD" lemma="watch">watched</w>
<w type="DT" lemma="the">the</w>
<w type="NNS" lemma="event">events</w>
<w type="IN" lemma="at">at</w>
<w type="DT" lemma="the">the</w>
<w type="NP" lemma="Commonwealth">Commonwealth</w>
<w type="NPS" lemma="Games">Games</w>
<w type="IN" lemma="at">at</w>
<w type="NP" lemma="Brisbane">Brisbane</w>
<w type="NN" lemma="XXXX">cannot</w>
<w type="VHP" lemma="have">have</w>
<w type="VVN" lemma="fail">failed</w>
<w type="TO" lemma="to">to</w>
<w type="VV" lemma="notice">notice</w>
<w type="DT" lemma="the">the</w>
<w type="JJ" lemma="unique">unique</w>
<w type="NN" lemma="atmosphere">atmosphere</w>
<w type="IN" lemma="of">of</w>
<w type="JJ" lemma="friendly">friendly</w>
<w type="NN" lemma="rivalry">rivalry</w>
<w type="CC" lemma="and">and</w>
<w type="DT" lemma="the">the</w>
<w type="JJ" lemma="generous">generous</w>
<w type="NN" lemma="applause">applause</w>
<w type="IN" lemma="for">for</w>
<w type="PDT" lemma="all">all</w>
<w type="DT" lemma="the">the</w>
<w type="NNS" lemma="competitor">competitors</w>
<pc type="SENT">.</pc>
</s></p><p><s><w type="IN" lemma="in">In</w>
<w type="DT" lemma="a">a</w>
<w type="NN" lemma="world">world</w>
<w type="RBR" lemma="more">more</w>
<w type="JJ" lemma="concerned">concerned</w>
<w type="IN" lemma="with">with</w>
<w type="NN" lemma="argument">argument</w>
<pc type="sub">,</pc>
<w type="NN" lemma="disagreement">disagreement</w>
<w type="CC" lemma="and">and</w>
<w type="NN" lemma="violence">violence</w>
<pc type="sub">,</pc>
<w type="DT" lemma="the">the</w>
<w type="NPS" lemma="Games">Games</w>
<w type="VVP" lemma="stand">stand</w>
<w type="RP" lemma="out">out</w>
<w type="IN" lemma="as">as</w>
<w type="DT" lemma="a">a</w>
<w type="NN" lemma="demonstration">demonstration</w>
<w type="IN" lemma="of">of</w>
<w type="DT" lemma="the">the</w>
<w type="JJR" lemma="good">better</w>
<w type="NN" lemma="side">side</w>
<w type="IN" lemma="of">of</w>
<w type="JJ" lemma="human">human</w>
<w type="NN" lemma="nature">nature</w>
<w type="CC" lemma="and">and</w>
<w type="IN" lemma="of">of</w>
<w type="DT" lemma="the">the</w>
<w type="JJ" lemma="great">great</w>
<w type="NN" lemma="value">value</w>
<w type="IN" lemma="of">of</w>
<w type="DT" lemma="the">the</w>
<w type="NP" lemma="Commonwealth">Commonwealth</w>
<w type="IN" lemma="as">as</w>
<w type="DT" lemma="an">an</w>
<w type="NN" lemma="association">association</w>
<w type="IN" lemma="of">of</w>
<w type="JJ" lemma="free">free</w>
<w type="CC" lemma="and">and</w>
<w type="JJ" lemma="independent">independent</w>
<w type="NNS" lemma="nation">nations</w>
<pc type="SENT">.</pc>
</s></p><p><s><w type="DT" lemma="the">The</w>
<w type="NPS" lemma="Games">Games</w>
<w type="RB" lemma="also">also</w>
<w type="VVD" lemma="illustrate">illustrated</w>
<w type="DT" lemma="the">the</w>
<w type="NNS" lemma="consequence">consequences</w>
<w type="IN" lemma="of">of</w>
<w type="DT" lemma="the">the</w>
<w type="NN" lemma="movement">movement</w>
<w type="IN" lemma="of">of</w>
<w type="NNS" lemma="people">peoples</w>
<w type="IN" lemma="within">within</w>
<w type="DT" lemma="the">the</w>
<w type="NP" lemma="Commonwealth">Commonwealth</w>
<pc type="SENT">.</pc>
</s>
<s><w type="NN" lemma="colour">Colour</w>
<w type="VBZ" lemma="be">is</w>
<w type="RB" lemma="no">no</w>
<w type="RBR" lemma="longer">longer</w>
<w type="DT" lemma="an">an</w>
<w type="NN" lemma="indication">indication</w>
<w type="IN" lemma="of">of</w>
<w type="JJ" lemma="national">national</w>
<w type="NN" lemma="origin">origin</w>
<pc type="SENT">.</pc>
</s>
<s><w type="IN" lemma="until">Until</w>
<w type="DT" lemma="this">this</w>
<w type="NN" lemma="century">century</w>
<w type="RBS" lemma="most">most</w>
<w type="JJ" lemma="racial">racial</w>
<w type="CC" lemma="and">and</w>
<w type="JJ" lemma="religious">religious</w>
<w type="NNS" lemma="group">groups</w>
<w type="VVD" lemma="remain">remained</w>
<w type="JJ" lemma="concentrated">concentrated</w>
<w type="IN" lemma="in">in</w>
<w type="PPs" lemma="their">their</w>
<w type="NNS" lemma="homeland">homelands</w>
<w type="CC" lemma="but">but</w>
<w type="NN" lemma="today">today</w>
<w type="RB" lemma="almost">almost</w>
<w type="DT" lemma="every">every</w>
<w type="NN" lemma="country">country</w>
<w type="IN" lemma="of">of</w>
<w type="DT" lemma="the">the</w>
<w type="NP" lemma="Commonwealth">Commonwealth</w>
<w type="VHZ" lemma="have">has</w>
<w type="VVN" lemma="become">become</w>
<w type="JJ" lemma="multi-racial">multi-racial</w>
<w type="CC" lemma="and">and</w>
<w type="JJ" lemma="XXXX">multi-religious</w>
<pc type="SENT">.</pc>
</s></p><p><s><w type="DT" lemma="this">This</w>
<w type="NN" lemma="change">change</w>
<w type="VHZ" lemma="have">has</w>
<w type="RB" lemma="not">not</w>
<w type="VBN" lemma="be">been</w>
<w type="IN" lemma="without">without</w>
<w type="PPs" lemma="its">its</w>
<w type="NNS" lemma="difficulty">difficulties</w>
<pc type="sub">,</pc>
<w type="CC" lemma="but">but</w>
<w type="PP" lemma="I">I</w>
<w type="VVP" lemma="believe">believe</w>
<w type="IN" lemma="that">that</w>
<w type="IN" lemma="for">for</w>
<w type="DT" lemma="those">those</w>
<w type="IN" lemma="with">with</w>
<w type="DT" lemma="a">a</w>
<w type="NN" lemma="sense">sense</w>
<w type="IN" lemma="of">of</w>
<w type="NN" lemma="tolerance">tolerance</w>
<w type="DT" lemma="the">the</w>
<w type="NN" lemma="arrival">arrival</w>
<w type="CC" lemma="and">and</w>
<w type="NN" lemma="proximity">proximity</w>
<w type="IN" lemma="of">of</w>
<w type="JJ" lemma="different">different</w>
<w type="NNS" lemma="race">races</w>
<w type="CC" lemma="and">and</w>
<w type="NNS" lemma="religion">religions</w>
<w type="VHP" lemma="have">have</w>
<w type="VVN" lemma="provide">provided</w>
<w type="DT" lemma="a">a</w>
<w type="RB" lemma="much">much</w>
<w type="JJR" lemma="good">better</w>
<w type="NN" lemma="chance">chance</w>
<w type="IN" lemma="for">for</w>
<w type="DT" lemma="each">each</w>
<w type="TO" lemma="to">to</w>
<w type="VV" lemma="appreciate">appreciate</w>
<w type="DT" lemma="the">the</w>
<w type="NN" lemma="value">value</w>
<w type="IN" lemma="of">of</w>
<w type="DT" lemma="the">the</w>
<w type="NNS" lemma="other">others</w>
<pc type="SENT">.</pc>
</s></p><p><s><w type="IN" lemma="at">At</w>
<w type="DT" lemma="this">this</w>
<w type="NN" lemma="time">time</w>
<w type="IN" lemma="of">of</w>
<w type="DT" lemma="the">the</w>
<w type="NN" lemma="year">year</w>
<pc type="sub">,</pc>
<w type="NNS" lemma="Christian">Christians</w>
<w type="VVP" lemma="celebrate">celebrate</w>
<w type="DT" lemma="the">the</w>
<w type="NN" lemma="birth">birth</w>
<w type="IN" lemma="of">of</w>
<w type="PPs" lemma="their">their</w>
<w type="NP" lemma="XXXX">Saviour</w>
<pc type="sub">,</pc>
<w type="CC" lemma="but">but</w>
<w type="RB" lemma="no">no</w>
<w type="RBR" lemma="longer">longer</w>
<w type="IN" lemma="in">in</w>
<w type="DT" lemma="an">an</w>
<w type="JJ" lemma="exclusive">exclusive</w>
<w type="NN" lemma="way">way</w>
<pc type="SENT">.</pc>
</s>
<s><w type="PP" lemma="we">We</w>
<w type="VVP" lemma="hope">hope</w>
<w type="IN" lemma="that">that</w>
<w type="PPs" lemma="our">our</w>
<w type="NNS" lemma="greeting">greetings</w>
<w type="IN" lemma="at">at</w>
<w type="NP" lemma="Christmas">Christmas</w>
<w type="TO" lemma="to">to</w>
<w type="DT" lemma="all">all</w>
<w type="NNS" lemma="people">people</w>
<w type="IN" lemma="of">of</w>
<w type="JJ" lemma="religious">religious</w>
<w type="NN" lemma="conviction">conviction</w>
<w type="CC" lemma="and">and</w>
<w type="NN" lemma="goodwill">goodwill</w>
<w type="MD" lemma="will">will</w>
<w type="VB" lemma="be">be</w>
<w type="VVN" lemma="receive">received</w>
<w type="IN" lemma="with">with</w>
<w type="DT" lemma="the">the</w>
<w type="JJ" lemma="same">same</w>
<w type="NN" lemma="understanding">understanding</w>
<w type="IN" lemma="that">that</w>
<w type="PP" lemma="we">we</w>
<w type="VVP" lemma="try">try</w>
<w type="TO" lemma="to">to</w>
<w type="VV" lemma="show">show</w>
<w type="IN" lemma="in">in</w>
<w type="VVG" lemma="receive">receiving</w>
<w type="DT" lemma="the">the</w>
<w type="NNS" lemma="greeting">greetings</w>
<w type="IN" lemma="of">of</w>
<w type="JJ" lemma="other">other</w>
<w type="JJ" lemma="religious">religious</w>
<w type="NNS" lemma="group">groups</w>
<w type="IN" lemma="at">at</w>
<w type="PPs" lemma="their">their</w>
<w type="JJ" lemma="special">special</w>
<w type="NNS" lemma="season">seasons</w>
<pc type="SENT">.</pc>
</s></p><p><s><w type="DT" lemma="the">The</w>
<w type="NN" lemma="poet">poet</w>
<w type="NP" lemma="John">John</w>
<w type="NP" lemma="Donne">Donne</w>
<w type="VVD" lemma="say">said</w>
<pc type="sub">:</pc>
<pc type="oq">"</pc>
<w type="DT" lemma="no">No</w>
<w type="NN" lemma="man">man</w>
<w type="VBZ" lemma="be">is</w>
<w type="DT" lemma="an">an</w>
<w type="NN" lemma="island">island</w>
<pc type="sub">,</pc>
<w type="JJ" lemma="entire">entire</w>
<w type="IN" lemma="of">of</w>
<w type="PP" lemma="itself">itself</w>
<pc type="sub">;</pc>
<w type="DT" lemma="every">every</w>
<w type="NN" lemma="man">man</w>
<w type="VBZ" lemma="be">is</w>
<w type="DT" lemma="a">a</w>
<w type="NN" lemma="piece">piece</w>
<w type="IN" lemma="of">of</w>
<w type="DT" lemma="the">the</w>
<w type="NN" lemma="continent">continent</w>
<pc type="sub">,</pc>
<w type="DT" lemma="a">a</w>
<w type="NN" lemma="part">part</w>
<w type="IN" lemma="of">of</w>
<w type="DT" lemma="the">the</w>
<w type="JJ" lemma="main">main</w>
<pc type="SENT">.</pc>
<pc type="oq">"</pc>
<w type="DT" lemma="that">That</w>
<w type="VBZ" lemma="be">is</w>
<w type="DT" lemma="the">the</w>
<w type="NN" lemma="message">message</w>
<w type="IN" lemma="of">of</w>
<w type="DT" lemma="the">the</w>
<w type="NP" lemma="Commonwealth">Commonwealth</w>
<w type="CC" lemma="and">and</w>
<w type="PP" lemma="it">it</w>
<w type="VBZ" lemma="be">is</w>
<w type="RB" lemma="also">also</w>
<w type="DT" lemma="the">the</w>
<w type="JJ" lemma="Christian">Christian</w>
<w type="NN" lemma="message">message</w>
<pc type="SENT">.</pc>
</s></p><p><s><w type="NP" lemma="Christ">Christ</w>
<w type="VVD" lemma="attach">attached</w>
<w type="JJ" lemma="supreme">supreme</w>
<w type="NN" lemma="importance">importance</w>
<w type="TO" lemma="to">to</w>
<w type="DT" lemma="the">the</w>
<w type="JJ" lemma="individual">individual</w>
<w type="CC" lemma="and">and</w>
<w type="PP" lemma="he">he</w>
<w type="VVD" lemma="amaze">amazed</w>
<w type="DT" lemma="the">the</w>
<w type="NN" lemma="world">world</w>
<w type="IN" lemma="in">in</w>
<w type="WDT" lemma="which">which</w>
<w type="PP" lemma="he">he</w>
<w type="VVD" lemma="live">lived</w>
<w type="IN" lemma="by">by</w>
<w type="VVG" lemma="make">making</w>
<w type="PP" lemma="it">it</w>
<w type="JJ" lemma="clear">clear</w>
<w type="IN" lemma="that">that</w>
<w type="DT" lemma="the">the</w>
<w type="JJ" lemma="unfortunate">unfortunate</w>
<w type="CC" lemma="and">and</w>
<w type="DT" lemma="the">the</w>
<w type="JJ" lemma="underprivileged">underprivileged</w>
<w type="VHD" lemma="have">had</w>
<w type="DT" lemma="an">an</w>
<w type="JJ" lemma="equal">equal</w>
<w type="NN" lemma="place">place</w>
<w type="IN" lemma="in">in</w>
<w type="DT" lemma="the">the</w>
<w type="NP" lemma="Kingdom">Kingdom</w>
<w type="IN" lemma="of">of</w>
<w type="NP" lemma="XXXX">Heaven</w>
<w type="IN" lemma="with">with</w>
<w type="DT" lemma="the">the</w>
<w type="JJ" lemma="rich">rich</w>
<w type="CC" lemma="and">and</w>
<w type="JJ" lemma="powerful">powerful</w>
<pc type="SENT">.</pc>
</s>
<s><w type="CC" lemma="but">But</w>
<w type="PP" lemma="he">he</w>
<w type="RB" lemma="also">also</w>
<w type="VVD" lemma="teach">taught</w>
<w type="DT" lemma="that">that</w>
<w type="NN" lemma="man">man</w>
<w type="MD" lemma="must">must</w>
<w type="VV" lemma="do">do</w>
<w type="PPs" lemma="his">his</w>
<w type="JJS" lemma="good">best</w>
<w type="TO" lemma="to">to</w>
<w type="VV" lemma="live">live</w>
<w type="IN" lemma="in">in</w>
<w type="NN" lemma="harmony">harmony</w>
<w type="IN" lemma="with">with</w>
<w type="NN" lemma="man">man</w>
<w type="CC" lemma="and">and</w>
<w type="TO" lemma="to">to</w>
<w type="VV" lemma="love">love</w>
<w type="PPs" lemma="his">his</w>
<w type="NNS" lemma="neighbour">neighbours</w>
<pc type="SENT">.</pc>
</s></p><p><s><w type="IN" lemma="in">In</w>
<w type="DT" lemma="the">the</w>
<w type="NP" lemma="Commonwealth">Commonwealth</w>
<pc type="sub">,</pc>
<w type="PP" lemma="we">we</w>
<w type="VBP" lemma="are">are</w>
<w type="DT" lemma="all">all</w>
<w type="NNS" lemma="neighbour">neighbours</w>
<w type="CC" lemma="and">and</w>
<w type="PP" lemma="it">it</w>
<w type="VBZ" lemma="be">is</w>
<w type="IN" lemma="with">with</w>
<w type="DT" lemma="this">this</w>
<w type="NN" lemma="thought">thought</w>
<w type="IN" lemma="in">in</w>
<w type="NN" lemma="mind">mind</w>
<w type="IN" lemma="that">that</w>
<w type="PP" lemma="I">I</w>
<w type="VVP" lemma="wish">wish</w>
<w type="PP" lemma="you">you</w>
<w type="RB" lemma="all">all</w>
<pc type="sub">,</pc>
<w type="WRB" lemma="wherever">wherever</w>
<w type="PP" lemma="you">you</w>
<w type="MD" lemma="may">may</w>
<w type="VB" lemma="be">be</w>
<pc type="sub">,</pc>
<w type="DT" lemma="the">the</w>
<w type="NNS" lemma="blessing">blessings</w>
<w type="IN" lemma="of">of</w>
<w type="DT" lemma="a">a</w>
<w type="JJ" lemma="happy">happy</w>
<w type="CC" lemma="and">and</w>
<w type="JJ" lemma="peaceful">peaceful</w>
<w type="NP" lemma="Christmas">Christmas</w>
<pc type="SENT">.</pc>
</s></p></div>