<div xmlns='http://www.tei-c.org/ns/1.0' n="1984"><head><s><w type="NP" lemma="Christmas">Christmas</w>
<w type="NP" lemma="Broadcast">Broadcast</w>
<w type="CD" lemma="@card@">1984</w>
</s></head><p><s><w type="JJ" lemma="last">Last</w>
<w type="NP" lemma="June">June</w>
<pc type="sub">,</pc>
<w type="PP" lemma="we">we</w>
<w type="VVD" lemma="celebrate">celebrated</w>
<w type="DT" lemma="the">the</w>
<w type="JJ" lemma="40th">40th</w>
<w type="NN" lemma="anniversary">anniversary</w>
<w type="IN" lemma="of">of</w>
<w type="NN" lemma="XXXX">D-Day</w>
<pc type="SENT">.</pc>
</s>
<s><w type="DT" lemma="that">That</w>
<w type="NN" lemma="occasion">occasion</w>
<w type="IN" lemma="in">in</w>
<w type="NP" lemma="Normandy">Normandy</w>
<w type="VBD" lemma="be">was</w>
<w type="DT" lemma="a">a</w>
<w type="JJ" lemma="memorable">memorable</w>
<w type="NN" lemma="one">one</w>
<w type="IN" lemma="for">for</w>
<w type="DT" lemma="all">all</w>
<w type="IN" lemma="of">of</w>
<w type="PP" lemma="us">us</w>
<w type="WP" lemma="who">who</w>
<w type="VBD" lemma="be">were</w>
<w type="JJ" lemma="able">able</w>
<w type="TO" lemma="to">to</w>
<w type="VB" lemma="be">be</w>
<w type="RB" lemma="there">there</w>
<pc type="SENT">.</pc>
</s>
<s><w type="PP" lemma="it">It</w>
<w type="VBD" lemma="be">was</w>
<w type="RB" lemma="partly">partly</w>
<w type="DT" lemma="a">a</w>
<w type="NN" lemma="day">day</w>
<w type="IN" lemma="of">of</w>
<w type="NN" lemma="sadness">sadness</w>
<pc type="sub">,</pc>
<w type="IN" lemma="as">as</w>
<w type="PP" lemma="we">we</w>
<w type="VVD" lemma="pay">paid</w>
<w type="PPs" lemma="our">our</w>
<w type="NNS" lemma="respect">respects</w>
<w type="TO" lemma="to">to</w>
<w type="DT" lemma="those">those</w>
<w type="WP" lemma="who">who</w>
<w type="VVD" lemma="die">died</w>
<w type="IN" lemma="for">for</w>
<w type="PP" lemma="us">us</w>
<pc type="sub">,</pc>
<w type="CC" lemma="but">but</w>
<w type="PP" lemma="it">it</w>
<w type="VBD" lemma="be">was</w>
<w type="RB" lemma="also">also</w>
<w type="DT" lemma="a">a</w>
<w type="NN" lemma="day">day</w>
<w type="JJ" lemma="full">full</w>
<w type="IN" lemma="of">of</w>
<w type="NN" lemma="comradeship">comradeship</w>
<w type="CC" lemma="and">and</w>
<w type="NN" lemma="hope">hope</w>
<pc type="SENT">.</pc>
</s></p><p><s><w type="IN" lemma="for">For</w>
<w type="PP" lemma="me">me</w>
<pc type="sub">,</pc>
<w type="RB" lemma="perhaps">perhaps</w>
<w type="DT" lemma="the">the</w>
<w type="RBS" lemma="most">most</w>
<w type="JJ" lemma="lasting">lasting</w>
<w type="NN" lemma="impression">impression</w>
<w type="VBD" lemma="be">was</w>
<w type="CD" lemma="one">one</w>
<w type="IN" lemma="of">of</w>
<w type="NN" lemma="thankfulness">thankfulness</w>
<w type="IN" lemma="that">that</w>
<w type="DT" lemma="the">the</w>
<w type="NN" lemma="forty">forty</w>
<w type="VVG" lemma="intervene">intervening</w>
<w type="NNS" lemma="year">years</w>
<w type="VHP" lemma="have">have</w>
<w type="VBN" lemma="be">been</w>
<w type="NNS" lemma="one">ones</w>
<w type="IN" lemma="of">of</w>
<w type="JJ" lemma="comparative">comparative</w>
<w type="NN" lemma="peace">peace</w>
<pc type="SENT">.</pc>
</s></p><p><s><w type="DT" lemma="the">The</w>
<w type="NNS" lemma="family">families</w>
<w type="IN" lemma="of">of</w>
<w type="DT" lemma="those">those</w>
<w type="WP" lemma="who">who</w>
<w type="VVD" lemma="die">died</w>
<w type="IN" lemma="in">in</w>
<w type="NN" lemma="battle">battle</w>
<pc type="sub">,</pc>
<w type="CC" lemma="and">and</w>
<w type="DT" lemma="the">the</w>
<w type="NNS" lemma="veteran">veterans</w>
<w type="WP" lemma="who">who</w>
<w type="VVD" lemma="fight">fought</w>
<w type="IN" lemma="beside">beside</w>
<w type="PP" lemma="them">them</w>
<w type="IN" lemma="in">in</w>
<w type="PPs" lemma="their">their</w>
<w type="NN" lemma="youth">youth</w>
<pc type="sub">,</pc>
<w type="MD" lemma="can">can</w>
<w type="VV" lemma="take">take</w>
<w type="NN" lemma="comfort">comfort</w>
<w type="IN" lemma="from">from</w>
<w type="DT" lemma="the">the</w>
<w type="NN" lemma="fact">fact</w>
<w type="IN" lemma="that">that</w>
<w type="DT" lemma="the">the</w>
<w type="JJ" lemma="great">great</w>
<w type="NNS" lemma="nation">nations</w>
<w type="IN" lemma="of">of</w>
<w type="DT" lemma="the">the</w>
<w type="NN" lemma="world">world</w>
<w type="VHP" lemma="have">have</w>
<w type="JJ" lemma="contrived">contrived</w>
<pc type="sub">,</pc>
<w type="RB" lemma="sometimes">sometimes</w>
<w type="RB" lemma="precariously">precariously</w>
<w type="RB" lemma="maybe">maybe</w>
<pc type="sub">,</pc>
<w type="TO" lemma="to">to</w>
<w type="VV" lemma="live">live</w>
<w type="RB" lemma="together">together</w>
<w type="IN" lemma="without">without</w>
<w type="JJ" lemma="major">major</w>
<w type="NN" lemma="conflict">conflict</w>
<pc type="SENT">.</pc>
</s>
<s><w type="DT" lemma="the">The</w>
<w type="JJ" lemma="grim">grim</w>
<w type="NNS" lemma="lesson">lessons</w>
<w type="IN" lemma="of">of</w>
<w type="CD" lemma="two">two</w>
<w type="NN" lemma="world">world</w>
<w type="NNS" lemma="war">wars</w>
<w type="VHP" lemma="have">have</w>
<w type="RB" lemma="not">not</w>
<w type="VVN" lemma="go">gone</w>
<w type="RB" lemma="completely">completely</w>
<w type="JJ" lemma="unheeded">unheeded</w>
<pc type="SENT">.</pc>
</s></p><p><s><w type="PP" lemma="I">I</w>
<w type="VVP" lemma="feel">feel</w>
<w type="IN" lemma="that">that</w>
<w type="IN" lemma="in">in</w>
<w type="DT" lemma="the">the</w>
<w type="NN" lemma="world">world</w>
<w type="NN" lemma="today">today</w>
<w type="RB" lemma="there">there</w>
<w type="VBZ" lemma="be">is</w>
<w type="RB" lemma="too">too</w>
<w type="JJ" lemma="much">much</w>
<w type="NN" lemma="concentration">concentration</w>
<w type="IN" lemma="on">on</w>
<w type="DT" lemma="the">the</w>
<w type="JJ" lemma="gloomy">gloomy</w>
<w type="NN" lemma="side">side</w>
<w type="IN" lemma="of">of</w>
<w type="NN" lemma="life">life</w>
<pc type="sub">,</pc>
<w type="RB" lemma="so">so</w>
<w type="IN" lemma="that">that</w>
<w type="PP" lemma="we">we</w>
<w type="VVP" lemma="tend">tend</w>
<w type="TO" lemma="to">to</w>
<w type="VV" lemma="underestimate">underestimate</w>
<w type="PPs" lemma="our">our</w>
<w type="NNS" lemma="blessing">blessings</w>
<pc type="SENT">.</pc>
</s>
<s><w type="CC" lemma="but">But</w>
<w type="PP" lemma="I">I</w>
<w type="VVP" lemma="think">think</w>
<w type="PP" lemma="we">we</w>
<w type="MD" lemma="can">can</w>
<w type="IN" lemma="at">at</w>
<w type="JJS" lemma="least">least</w>
<w type="VV" lemma="feel">feel</w>
<w type="JJ" lemma="thankful">thankful</w>
<w type="IN" lemma="that">that</w>
<pc type="sub">,</pc>
<w type="IN" lemma="in">in</w>
<w type="NN" lemma="spite">spite</w>
<w type="IN" lemma="of">of</w>
<w type="NN" lemma="everything">everything</w>
<pc type="sub">,</pc>
<w type="PPs" lemma="our">our</w>
<w type="NNS" lemma="child">children</w>
<w type="CC" lemma="and">and</w>
<w type="NNS" lemma="grandchild">grandchildren</w>
<w type="VBP" lemma="are">are</w>
<w type="VVG" lemma="grow">growing</w>
<w type="RP" lemma="up">up</w>
<w type="IN" lemma="in">in</w>
<w type="DT" lemma="a">a</w>
<w type="JJR" lemma="more">more</w>
<w type="CC" lemma="or">or</w>
<w type="JJR" lemma="less">less</w>
<w type="JJ" lemma="peaceful">peaceful</w>
<w type="NN" lemma="world">world</w>
<pc type="SENT">.</pc>
</s></p><p><s><w type="DT" lemma="the">The</w>
<w type="JJ" lemma="happy">happy</w>
<w type="NN" lemma="arrival">arrival</w>
<w type="IN" lemma="of">of</w>
<w type="PPs" lemma="our">our</w>
<w type="JJ" lemma="fourth">fourth</w>
<w type="NN" lemma="grandchild">grandchild</w>
<w type="VVD" lemma="give">gave</w>
<w type="JJ" lemma="great">great</w>
<w type="NN" lemma="cause">cause</w>
<w type="IN" lemma="for">for</w>
<w type="NN" lemma="family">family</w>
<w type="NNS" lemma="celebration">celebrations</w>
<pc type="SENT">.</pc>
</s>
<s><w type="CC" lemma="but">But</w>
<w type="IN" lemma="for">for</w>
<w type="NNS" lemma="parent">parents</w>
<w type="CC" lemma="and">and</w>
<w type="NNS" lemma="grandparent">grandparents</w>
<pc type="sub">,</pc>
<w type="DT" lemma="a">a</w>
<w type="NN" lemma="birth">birth</w>
<w type="VBZ" lemma="be">is</w>
<w type="RB" lemma="also">also</w>
<w type="DT" lemma="a">a</w>
<w type="NN" lemma="time">time</w>
<w type="IN" lemma="for">for</w>
<w type="NN" lemma="reflection">reflection</w>
<w type="IN" lemma="on">on</w>
<w type="WP" lemma="what">what</w>
<w type="DT" lemma="the">the</w>
<w type="NN" lemma="future">future</w>
<w type="VVZ" lemma="hold">holds</w>
<w type="IN" lemma="for">for</w>
<w type="DT" lemma="the">the</w>
<w type="NN" lemma="baby">baby</w>
<w type="CC" lemma="and">and</w>
<w type="WRB" lemma="how">how</w>
<w type="PP" lemma="they">they</w>
<w type="MD" lemma="can">can</w>
<w type="RBS" lemma="best">best</w>
<w type="VV" lemma="ensure">ensure</w>
<w type="PPs" lemma="its">its</w>
<w type="NN" lemma="safety">safety</w>
<w type="CC" lemma="and">and</w>
<w type="NN" lemma="happiness">happiness</w>
<pc type="SENT">.</pc>
</s></p><p><s><w type="TO" lemma="To">To</w>
<w type="VV" lemma="do">do</w>
<w type="IN" lemma="that">that</w>
<pc type="sub">,</pc>
<w type="PP" lemma="I">I</w>
<w type="VVP" lemma="believe">believe</w>
<w type="PP" lemma="we">we</w>
<w type="MD" lemma="must">must</w>
<w type="VB" lemma="be">be</w>
<w type="VVN" lemma="prepare">prepared</w>
<w type="TO" lemma="to">to</w>
<w type="VV" lemma="learn">learn</w>
<w type="RB" lemma="as">as</w>
<w type="RB" lemma="much">much</w>
<w type="IN" lemma="from">from</w>
<w type="PP" lemma="them">them</w>
<w type="IN" lemma="as">as</w>
<w type="PP" lemma="they">they</w>
<w type="VVP" lemma="do">do</w>
<w type="IN" lemma="from">from</w>
<w type="PP" lemma="us">us</w>
<pc type="SENT">.</pc>
</s>
<s><w type="PP" lemma="we">We</w>
<w type="MD" lemma="could">could</w>
<w type="VV" lemma="use">use</w>
<w type="DT" lemma="some">some</w>
<w type="IN" lemma="of">of</w>
<w type="DT" lemma="that">that</w>
<w type="JJ" lemma="sturdy">sturdy</w>
<w type="NN" lemma="confidence">confidence</w>
<w type="CC" lemma="and">and</w>
<w type="JJ" lemma="devastating">devastating</w>
<w type="NN" lemma="honesty">honesty</w>
<w type="IN" lemma="with">with</w>
<w type="WDT" lemma="which">which</w>
<w type="NNS" lemma="child">children</w>
<w type="VV" lemma="rescue">rescue</w>
<w type="PP" lemma="us">us</w>
<w type="IN" lemma="from">from</w>
<w type="NNS" lemma="self-doubt">self-doubts</w>
<w type="CC" lemma="and">and</w>
<w type="NNS" lemma="self-delusion">self-delusions</w>
<pc type="SENT">.</pc>
</s>
<s><w type="PP" lemma="we">We</w>
<w type="MD" lemma="could">could</w>
<w type="VV" lemma="borrow">borrow</w>
<w type="IN" lemma="that">that</w>
<w type="VVG" lemma="unstint">unstinting</w>
<w type="NN" lemma="trust">trust</w>
<w type="IN" lemma="of">of</w>
<w type="DT" lemma="the">the</w>
<w type="NN" lemma="child">child</w>
<w type="IN" lemma="in">in</w>
<w type="PPs" lemma="its">its</w>
<w type="NNS" lemma="parent">parents</w>
<w type="IN" lemma="for">for</w>
<w type="PPs" lemma="our">our</w>
<w type="NNS" lemma="dealing">dealings</w>
<w type="IN" lemma="with">with</w>
<w type="DT" lemma="each">each</w>
<w type="JJ" lemma="other">other</w>
<pc type="SENT">.</pc>
</s></p><p><s><w type="IN" lemma="above">Above</w>
<w type="DT" lemma="all">all</w>
<pc type="sub">,</pc>
<w type="PP" lemma="we">we</w>
<w type="MD" lemma="must">must</w>
<w type="VV" lemma="retain">retain</w>
<w type="DT" lemma="the">the</w>
<w type="NN" lemma="child">child</w>
<w type="POS" lemma="'s">'s</w>
<w type="NN" lemma="readiness">readiness</w>
<w type="TO" lemma="to">to</w>
<w type="VV" lemma="forgive">forgive</w>
<pc type="sub">,</pc>
<w type="IN" lemma="with">with</w>
<w type="WDT" lemma="which">which</w>
<w type="PP" lemma="we">we</w>
<w type="VBP" lemma="are">are</w>
<w type="RB" lemma="all">all</w>
<w type="VVN" lemma="bear">born</w>
<w type="CC" lemma="and">and</w>
<w type="WDT" lemma="which">which</w>
<w type="PP" lemma="it">it</w>
<w type="VBZ" lemma="be">is</w>
<w type="DT" lemma="all">all</w>
<w type="RB" lemma="too">too</w>
<w type="JJ" lemma="easy">easy</w>
<w type="TO" lemma="to">to</w>
<w type="VV" lemma="lose">lose</w>
<w type="IN" lemma="as">as</w>
<w type="PP" lemma="we">we</w>
<w type="VVP" lemma="grow">grow</w>
<w type="JJR" lemma="old">older</w>
<pc type="SENT">.</pc>
</s>
<s><w type="IN" lemma="without">Without</w>
<w type="PP" lemma="it">it</w>
<pc type="sub">,</pc>
<w type="NNS" lemma="division">divisions</w>
<w type="IN" lemma="between">between</w>
<w type="NNS" lemma="family">families</w>
<pc type="sub">,</pc>
<w type="NNS" lemma="community">communities</w>
<w type="CC" lemma="and">and</w>
<w type="NNS" lemma="nation">nations</w>
<w type="VVP" lemma="remain">remain</w>
<w type="JJ" lemma="XXXX">unbridgeable</w>
<pc type="SENT">.</pc>
</s>
<s><w type="PP" lemma="we">We</w>
<w type="VVP" lemma="owe">owe</w>
<w type="PP" lemma="it">it</w>
<w type="TO" lemma="to">to</w>
<w type="PPs" lemma="our">our</w>
<w type="NNS" lemma="child">children</w>
<w type="CC" lemma="and">and</w>
<w type="NNS" lemma="grandchild">grandchildren</w>
<w type="TO" lemma="to">to</w>
<w type="VV" lemma="live">live</w>
<w type="RP" lemma="up">up</w>
<w type="TO" lemma="to">to</w>
<w type="DT" lemma="the">the</w>
<w type="NNS" lemma="standard">standards</w>
<w type="IN" lemma="of">of</w>
<w type="NN" lemma="behaviour">behaviour</w>
<w type="CC" lemma="and">and</w>
<w type="NN" lemma="tolerance">tolerance</w>
<w type="WDT" lemma="which">which</w>
<w type="PP" lemma="we">we</w>
<w type="VBP" lemma="are">are</w>
<w type="RB" lemma="so">so</w>
<w type="JJ" lemma="eager">eager</w>
<w type="TO" lemma="to">to</w>
<w type="VV" lemma="teach">teach</w>
<w type="PP" lemma="them">them</w>
<pc type="SENT">.</pc>
</s></p><p><s><w type="CD" lemma="One">One</w>
<w type="IN" lemma="of">of</w>
<w type="DT" lemma="the">the</w>
<w type="JJR" lemma="more">more</w>
<w type="JJ" lemma="encouraging">encouraging</w>
<w type="NNS" lemma="development">developments</w>
<w type="IN" lemma="since">since</w>
<w type="DT" lemma="the">the</w>
<w type="NN" lemma="war">war</w>
<w type="VHZ" lemma="have">has</w>
<w type="VBN" lemma="be">been</w>
<w type="DT" lemma="the">the</w>
<w type="NN" lemma="birth">birth</w>
<w type="IN" lemma="of">of</w>
<w type="DT" lemma="the">the</w>
<w type="NP" lemma="Commonwealth">Commonwealth</w>
<pc type="SENT">.</pc>
</s>
<s><w type="IN" lemma="like">Like</w>
<w type="DT" lemma="a">a</w>
<w type="NN" lemma="child">child</w>
<pc type="sub">,</pc>
<w type="PP" lemma="it">it</w>
<w type="VHZ" lemma="have">has</w>
<w type="VVN" lemma="grow">grown</w>
<pc type="sub">,</pc>
<w type="VVN" lemma="mature">matured</w>
<w type="CC" lemma="and">and</w>
<w type="VVN" lemma="strengthen">strengthened</w>
<pc type="sub">,</pc>
<w type="IN" lemma="until">until</w>
<w type="NN" lemma="today">today</w>
<w type="DT" lemma="the">the</w>
<w type="NN" lemma="vision">vision</w>
<w type="IN" lemma="of">of</w>
<w type="PPs" lemma="its">its</w>
<w type="NN" lemma="future">future</w>
<w type="VBZ" lemma="be">is</w>
<w type="CD" lemma="one">one</w>
<w type="IN" lemma="of">of</w>
<w type="VVG" lemma="increase">increasing</w>
<w type="NN" lemma="understanding">understanding</w>
<w type="CC" lemma="and">and</w>
<w type="NN" lemma="co-operation">co-operation</w>
<w type="IN" lemma="between">between</w>
<w type="PPs" lemma="its">its</w>
<w type="NNS" lemma="member">members</w>
<pc type="SENT">.</pc>
</s></p><p><s><w type="IN" lemma="notwithstanding">Notwithstanding</w>
<w type="DT" lemma="the">the</w>
<w type="NNS" lemma="strain">strains</w>
<w type="CC" lemma="and">and</w>
<w type="NNS" lemma="stress">stresses</w>
<w type="IN" lemma="of">of</w>
<w type="NN" lemma="nationalism">nationalism</w>
<pc type="sub">,</pc>
<w type="JJ" lemma="different">different</w>
<w type="NNS" lemma="culture">cultures</w>
<w type="CC" lemma="and">and</w>
<w type="NNS" lemma="religion">religions</w>
<w type="CC" lemma="and">and</w>
<w type="PPs" lemma="its">its</w>
<w type="VVG" lemma="grow">growing</w>
<w type="NN" lemma="membership">membership</w>
<pc type="sub">,</pc>
<w type="DT" lemma="the">the</w>
<w type="NP" lemma="Commonwealth">Commonwealth</w>
<w type="NN" lemma="family">family</w>
<w type="VHZ" lemma="have">has</w>
<w type="RB" lemma="still">still</w>
<w type="VVN" lemma="manage">managed</w>
<w type="TO" lemma="to">to</w>
<w type="VV" lemma="hold">hold</w>
<w type="RB" lemma="together">together</w>
<w type="CC" lemma="and">and</w>
<w type="TO" lemma="to">to</w>
<w type="VV" lemma="make">make</w>
<w type="DT" lemma="a">a</w>
<w type="JJ" lemma="real">real</w>
<w type="NN" lemma="contribution">contribution</w>
<w type="TO" lemma="to">to</w>
<w type="DT" lemma="the">the</w>
<w type="NN" lemma="prevention">prevention</w>
<w type="IN" lemma="of">of</w>
<w type="NN" lemma="violence">violence</w>
<w type="CC" lemma="and">and</w>
<w type="VV" lemma="discord">discord</w>
<pc type="SENT">.</pc>
</s></p><p><s><w type="CC" lemma="and">And</w>
<w type="PP" lemma="it">it</w>
<w type="VBZ" lemma="be">is</w>
<w type="RB" lemma="not">not</w>
<w type="RB" lemma="only">only</w>
<w type="IN" lemma="in">in</w>
<w type="DT" lemma="the">the</w>
<w type="NN" lemma="commonwealth">Commonwealth</w>
<w type="IN" lemma="that">that</w>
<w type="NN" lemma="progress">progress</w>
<w type="VHZ" lemma="have">has</w>
<w type="VBN" lemma="be">been</w>
<w type="VVN" lemma="make">made</w>
<w type="IN" lemma="towards">towards</w>
<w type="DT" lemma="a">a</w>
<w type="JJR" lemma="good">better</w>
<w type="NN" lemma="understanding">understanding</w>
<w type="IN" lemma="between">between</w>
<w type="NNS" lemma="nation">nations</w>
<pc type="SENT">.</pc>
</s>
<s><w type="DT" lemma="the">The</w>
<w type="NNS" lemma="enemy">enemies</w>
<w type="IN" lemma="of">of</w>
<w type="CD" lemma="@card@">1944</w>
<pc type="sub">,</pc>
<w type="IN" lemma="against">against</w>
<w type="WP" lemma="whom">whom</w>
<w type="RB" lemma="so">so</w>
<w type="JJ" lemma="many">many</w>
<w type="IN" lemma="of">of</w>
<w type="PPs" lemma="our">our</w>
<w type="NNS" lemma="countryman">countrymen</w>
<w type="VVD" lemma="fight">fought</w>
<w type="CC" lemma="and">and</w>
<w type="VVD" lemma="die">died</w>
<w type="IN" lemma="on">on</w>
<w type="DT" lemma="those">those</w>
<w type="NNS" lemma="beach">beaches</w>
<w type="IN" lemma="in">in</w>
<w type="NP" lemma="Normandy">Normandy</w>
<pc type="sub">,</pc>
<w type="VBP" lemma="are">are</w>
<w type="RB" lemma="now">now</w>
<w type="PPs" lemma="our">our</w>
<w type="JJ" lemma="steadfast">steadfast</w>
<w type="NNS" lemma="friend">friends</w>
<w type="CC" lemma="and">and</w>
<w type="NNS" lemma="ally">allies</w>
<pc type="SENT">.</pc>
</s></p><p><s><w type="CC" lemma="but">But</w>
<w type="NN" lemma="friendship">friendship</w>
<pc type="sub">,</pc>
<w type="IN" lemma="whether">whether</w>
<w type="PP" lemma="we">we</w>
<w type="VBP" lemma="are">are</w>
<w type="VVG" lemma="talk">talking</w>
<w type="IN" lemma="of">of</w>
<w type="NNS" lemma="continent">continents</w>
<w type="CC" lemma="or">or</w>
<w type="JJ" lemma="next">next</w>
<w type="NN" lemma="door">door</w>
<w type="NNS" lemma="neighbour">neighbours</w>
<pc type="sub">,</pc>
<w type="MD" lemma="should">should</w>
<w type="RB" lemma="not">not</w>
<w type="VV" lemma="need">need</w>
<w type="NN" lemma="strife">strife</w>
<w type="IN" lemma="as">as</w>
<w type="PPs" lemma="its">its</w>
<w type="NN" lemma="forerunner">forerunner</w>
<pc type="SENT">.</pc>
</s></p><p><s><w type="PP" lemma="it">It</w>
<w type="VBZ" lemma="be">is</w>
<w type="RB" lemma="particularly">particularly</w>
<w type="IN" lemma="at">at</w>
<w type="NP" lemma="Christmas">Christmas</w>
<pc type="sub">,</pc>
<w type="WDT" lemma="which">which</w>
<w type="VVZ" lemma="mark">marks</w>
<w type="DT" lemma="the">the</w>
<w type="NN" lemma="birth">birth</w>
<w type="IN" lemma="of">of</w>
<w type="DT" lemma="the">the</w>
<w type="NP" lemma="Prince">Prince</w>
<w type="IN" lemma="of">of</w>
<w type="NP" lemma="Peace">Peace</w>
<pc type="sub">,</pc>
<w type="WDT" lemma="that">that</w>
<w type="PP" lemma="we">we</w>
<w type="MD" lemma="should">should</w>
<w type="VV" lemma="work">work</w>
<w type="TO" lemma="to">to</w>
<w type="VV" lemma="heal">heal</w>
<w type="JJ" lemma="old">old</w>
<w type="NNS" lemma="wound">wounds</w>
<w type="CC" lemma="and">and</w>
<w type="TO" lemma="to">to</w>
<w type="VV" lemma="abandon">abandon</w>
<w type="NN" lemma="prejudice">prejudice</w>
<w type="CC" lemma="and">and</w>
<w type="NN" lemma="suspicion">suspicion</w>
<pc type="SENT">.</pc>
</s></p><p><s><w type="WP" lemma="What">What</w>
<w type="JJR" lemma="good">better</w>
<w type="NN" lemma="way">way</w>
<w type="IN" lemma="of">of</w>
<w type="VVG" lemma="make">making</w>
<w type="DT" lemma="a">a</w>
<w type="NN" lemma="start">start</w>
<w type="IN" lemma="than">than</w>
<w type="IN" lemma="by">by</w>
<w type="VVG" lemma="remember">remembering</w>
<w type="WP" lemma="what">what</w>
<w type="NP" lemma="Christ">Christ</w>
<w type="VVD" lemma="say">said</w>
<pc type="sub">-</pc>
<pc type="oq">"</pc>
<w type="IN" lemma="except">Except</w>
<w type="NN" lemma="XXXX">ye</w>
<w type="VVN" lemma="become">become</w>
<w type="IN" lemma="as">as</w>
<w type="JJ" lemma="little">little</w>
<w type="NNS" lemma="child">children</w>
<pc type="sub">,</pc>
<w type="NN" lemma="XXXX">ye</w>
<w type="MD" lemma="shall">shall</w>
<w type="RB" lemma="not">not</w>
<w type="VV" lemma="enter">enter</w>
<w type="IN" lemma="into">into</w>
<w type="DT" lemma="the">the</w>
<w type="NP" lemma="Kingdom">Kingdom</w>
<w type="IN" lemma="of">of</w>
<w type="NP" lemma="XXXX">Heaven</w>
<pc type="cq">"</pc>
<pc type="SENT">.</pc>
</s></p><p><s><w type="NP" lemma="God">God</w>
<w type="VV" lemma="bless">bless</w>
<w type="PP" lemma="you">you</w>
<w type="CC" lemma="and">and</w>
<w type="DT" lemma="a">a</w>
<w type="RB" lemma="very">very</w>
<w type="JJ" lemma="happy">happy</w>
<w type="NP" lemma="Christmas">Christmas</w>
<w type="TO" lemma="to">to</w>
<w type="PP" lemma="you">you</w>
<w type="DT" lemma="all">all</w>
<pc type="SENT">.</pc>
</s></p></div>