<div xmlns='http://www.tei-c.org/ns/1.0' n="1986"><head><s><w type="NP" lemma="Christmas">Christmas</w>
<w type="NP" lemma="Broadcast">Broadcast</w>
<w type="CD" lemma="@card@">1986</w>
</s></head><p><s><w type="DT" lemma="every">Every</w>
<w type="NN" lemma="year">year</w>
<w type="DT" lemma="a">a</w>
<w type="NP" lemma="Christmas">Christmas</w>
<w type="NN" lemma="party">party</w>
<w type="VBZ" lemma="be">is</w>
<w type="VVN" lemma="hold">held</w>
<w type="IN" lemma="for">for</w>
<w type="DT" lemma="the">the</w>
<w type="NNS" lemma="child">children</w>
<w type="IN" lemma="of">of</w>
<w type="DT" lemma="the">the</w>
<w type="NNS" lemma="people">people</w>
<w type="VVG" lemma="live">living</w>
<w type="IN" lemma="in">in</w>
<w type="DT" lemma="the">the</w>
<w type="NP" lemma="Mews">Mews</w>
<w type="IN" lemma="of">of</w>
<w type="NP" lemma="Buckingham">Buckingham</w>
<w type="NP" lemma="Palace">Palace</w>
<pc type="SENT">.</pc>
</s>
<s><w type="NN" lemma="Everyone">Everyone</w>
<w type="VVZ" lemma="seem">seems</w>
<w type="TO" lemma="to">to</w>
<w type="VV" lemma="enjoy">enjoy</w>
<w type="PP" lemma="it">it</w>
<pc type="SENT">.</pc>
</s>
<s><w type="NP" lemma="Father">Father</w>
<w type="NP" lemma="Christmas">Christmas</w>
<w type="VVZ" lemma="arrive">arrives</w>
<w type="CC" lemma="and">and</w>
<w type="EX" lemma="there">there</w>
<w type="VBZ" lemma="be">is</w>
<w type="DT" lemma="the">the</w>
<w type="JJ" lemma="usual">usual</w>
<w type="VV" lemma="build">build</w>
<w type="RP" lemma="up">up</w>
<w type="IN" lemma="of">of</w>
<w type="NN" lemma="excitement">excitement</w>
<w type="CC" lemma="and">and</w>
<w type="NN" lemma="expectation">expectation</w>
<w type="IN" lemma="among">among</w>
<w type="DT" lemma="the">the</w>
<w type="NNS" lemma="child">children</w>
<w type="TO" lemma="to">to</w>
<w type="VV" lemma="see">see</w>
<w type="WP" lemma="what">what</w>
<w type="PP" lemma="he">he</w>
<w type="VHZ" lemma="have">has</w>
<w type="VVN" lemma="bring">brought</w>
<w type="IN" lemma="with">with</w>
<w type="PP" lemma="him">him</w>
<w type="IN" lemma="in">in</w>
<w type="PPs" lemma="his">his</w>
<w type="NN" lemma="sack">sack</w>
<pc type="SENT">.</pc>
</s></p><p><s><w type="RB" lemma="even">Even</w>
<w type="DT" lemma="the">the</w>
<w type="NNS" lemma="horse">horses</w>
<w type="IN" lemma="in">in</w>
<w type="PPs" lemma="their">their</w>
<w type="NNS" lemma="stable">stables</w>
<w type="VBP" lemma="are">are</w>
<w type="VVN" lemma="serenade">serenaded</w>
<w type="IN" lemma="by">by</w>
<w type="DT" lemma="the">the</w>
<w type="NN" lemma="carol">carol</w>
<w type="NNS" lemma="singer">singers</w>
<w type="CC" lemma="and">and</w>
<w type="VVP" lemma="seem">seem</w>
<w type="TO" lemma="to">to</w>
<w type="VB" lemma="be">be</w>
<w type="JJ" lemma="aware">aware</w>
<w type="IN" lemma="that">that</w>
<w type="NN" lemma="something">something</w>
<w type="RB" lemma="quite">quite</w>
<w type="JJ" lemma="special">special</w>
<w type="VBZ" lemma="be">is</w>
<w type="VVG" lemma="happen">happening</w>
<pc type="sub">-</pc>
<w type="IN" lemma="as">as</w>
<w type="PP" lemma="they">they</w>
<w type="VBD" lemma="be">were</w>
<w type="IN" lemma="on">on</w>
<w type="DT" lemma="that">that</w>
<w type="JJ" lemma="happy">happy</w>
<w type="NN" lemma="day">day</w>
<w type="RB" lemma="back">back</w>
<w type="IN" lemma="in">in</w>
<w type="NP" lemma="July">July</w>
<w type="WRB" lemma="when">when</w>
<w type="PPs" lemma="my">my</w>
<w type="NN" lemma="son">son</w>
<w type="CC" lemma="and">and</w>
<w type="NN" lemma="daughter-in-law">daughter-in-law</w>
<w type="VBD" lemma="be">were</w>
<w type="VVN" lemma="marry">married</w>
<pc type="sub">,</pc>
<w type="CC" lemma="and">and</w>
<w type="PP" lemma="they">they</w>
<w type="VVD" lemma="draw">drew</w>
<w type="DT" lemma="the">the</w>
<w type="NNS" lemma="carriage">carriages</w>
<w type="IN" lemma="through">through</w>
<w type="DT" lemma="the">the</w>
<w type="JJ" lemma="cheerful">cheerful</w>
<w type="NNS" lemma="crowd">crowds</w>
<w type="VVG" lemma="throng">thronging</w>
<w type="DT" lemma="the">the</w>
<w type="NP" lemma="London">London</w>
<w type="NNS" lemma="street">streets</w>
<pc type="SENT">.</pc>
</s></p><p><s><w type="IN" lemma="for">For</w>
<w type="DT" lemma="the">the</w>
<w type="NNS" lemma="child">children</w>
<w type="IN" lemma="at">at</w>
<w type="PPs" lemma="our">our</w>
<w type="NP" lemma="Christmas">Christmas</w>
<w type="NN" lemma="party">party</w>
<pc type="sub">,</pc>
<w type="DT" lemma="the">the</w>
<w type="NN" lemma="meeting">meeting</w>
<w type="IN" lemma="with">with</w>
<w type="NP" lemma="Father">Father</w>
<w type="NP" lemma="Christmas">Christmas</w>
<pc type="sub">,</pc>
<w type="CC" lemma="and">and</w>
<w type="DT" lemma="a">a</w>
<w type="NN" lemma="ride">ride</w>
<w type="IN" lemma="in">in</w>
<w type="PPs" lemma="his">his</w>
<w type="NN" lemma="sleigh">sleigh</w>
<pc type="sub">,</pc>
<w type="VBP" lemma="are">are</w>
<w type="RB" lemma="perhaps">perhaps</w>
<w type="DT" lemma="the">the</w>
<w type="RBS" lemma="most">most</w>
<w type="JJ" lemma="exciting">exciting</w>
<w type="NN" lemma="part">part</w>
<w type="IN" lemma="of">of</w>
<w type="DT" lemma="the">the</w>
<w type="NN" lemma="evening">evening</w>
<pc type="SENT">.</pc>
</s></p><p><s><w type="CC" lemma="but">But</w>
<w type="PP" lemma="I">I</w>
<w type="VVP" lemma="hope">hope</w>
<w type="IN" lemma="that">that</w>
<w type="DT" lemma="a">a</w>
<w type="NN" lemma="visit">visit</w>
<w type="TO" lemma="to">to</w>
<w type="DT" lemma="the">the</w>
<w type="NNS" lemma="stable">stables</w>
<w type="RB" lemma="also">also</w>
<w type="VVZ" lemma="help">helps</w>
<w type="TO" lemma="to">to</w>
<w type="VV" lemma="bring">bring</w>
<w type="DT" lemma="the">the</w>
<w type="JJ" lemma="traditional">traditional</w>
<w type="NN" lemma="story">story</w>
<w type="JJ" lemma="alive">alive</w>
<w type="IN" lemma="for">for</w>
<w type="PP" lemma="them">them</w>
<pc type="SENT">.</pc>
</s>
<s><w type="PP" lemma="I">I</w>
<w type="VVP" lemma="hope">hope</w>
<w type="PP" lemma="it">it</w>
<w type="RB" lemma="also">also</w>
<w type="VVZ" lemma="help">helps</w>
<w type="PP" lemma="them">them</w>
<w type="TO" lemma="to">to</w>
<w type="VV" lemma="realise">realise</w>
<w type="WRB" lemma="how">how</w>
<w type="JJ" lemma="fortunate">fortunate</w>
<w type="PP" lemma="they">they</w>
<w type="VBP" lemma="are">are</w>
<w type="TO" lemma="to">to</w>
<w type="VH" lemma="have">have</w>
<w type="JJ" lemma="comfortable">comfortable</w>
<w type="NNS" lemma="home">homes</w>
<w type="CC" lemma="and">and</w>
<w type="JJ" lemma="warm">warm</w>
<w type="NNS" lemma="bed">beds</w>
<w type="TO" lemma="to">to</w>
<w type="VV" lemma="go">go</w>
<w type="TO" lemma="to">to</w>
<pc type="sub">,</pc>
<w type="IN" lemma="unlike">unlike</w>
<w type="DT" lemma="the">the</w>
<w type="NP" lemma="Holy">Holy</w>
<w type="NP" lemma="Family">Family</w>
<pc type="sub">,</pc>
<w type="WP" lemma="who">who</w>
<w type="VHD" lemma="have">had</w>
<w type="TO" lemma="to">to</w>
<w type="VV" lemma="share">share</w>
<w type="IN" lemma="with">with</w>
<w type="DT" lemma="the">the</w>
<w type="NNS" lemma="animal">animals</w>
<w type="IN" lemma="because">because</w>
<w type="EX" lemma="there">there</w>
<w type="VBD" lemma="be">was</w>
<w type="DT" lemma="no">no</w>
<w type="NN" lemma="room">room</w>
<w type="IN" lemma="at">at</w>
<w type="DT" lemma="the">the</w>
<w type="NP" lemma="Inn">Inn</w>
<pc type="SENT">.</pc>
</s></p><p><s><w type="NP" lemma="Christmas">Christmas</w>
<w type="VBZ" lemma="be">is</w>
<w type="DT" lemma="a">a</w>
<w type="NN" lemma="festival">festival</w>
<w type="IN" lemma="for">for</w>
<w type="DT" lemma="all">all</w>
<w type="NNS" lemma="Christian">Christians</w>
<pc type="sub">,</pc>
<w type="CC" lemma="but">but</w>
<w type="PP" lemma="it">it</w>
<w type="VBZ" lemma="be">is</w>
<w type="RB" lemma="particularly">particularly</w>
<w type="DT" lemma="a">a</w>
<w type="NN" lemma="festival">festival</w>
<w type="IN" lemma="for">for</w>
<w type="NNS" lemma="child">children</w>
<pc type="SENT">.</pc>
</s>
<s><w type="IN" lemma="as">As</w>
<w type="PP" lemma="we">we</w>
<w type="RB" lemma="all">all</w>
<w type="VVP" lemma="know">know</w>
<pc type="sub">,</pc>
<w type="PP" lemma="it">it</w>
<w type="VVZ" lemma="commemorate">commemorates</w>
<w type="DT" lemma="the">the</w>
<w type="NN" lemma="birth">birth</w>
<w type="IN" lemma="of">of</w>
<w type="DT" lemma="a">a</w>
<w type="NN" lemma="child">child</w>
<pc type="sub">,</pc>
<w type="WP" lemma="who">who</w>
<w type="VBD" lemma="be">was</w>
<w type="VVN" lemma="bear">born</w>
<w type="TO" lemma="to">to</w>
<w type="JJ" lemma="ordinary">ordinary</w>
<w type="NNS" lemma="people">people</w>
<pc type="sub">,</pc>
<w type="CC" lemma="and">and</w>
<w type="WP" lemma="who">who</w>
<w type="VVD" lemma="grow">grew</w>
<w type="RP" lemma="up">up</w>
<w type="RB" lemma="very">very</w>
<w type="RB" lemma="simply">simply</w>
<w type="IN" lemma="in">in</w>
<w type="PPs" lemma="his">his</w>
<w type="JJ" lemma="own">own</w>
<w type="JJ" lemma="small">small</w>
<w type="NN" lemma="home">home</w>
<w type="NN" lemma="town">town</w>
<w type="CC" lemma="and">and</w>
<w type="VBD" lemma="be">was</w>
<w type="VVN" lemma="train">trained</w>
<w type="TO" lemma="to">to</w>
<w type="VB" lemma="be">be</w>
<w type="DT" lemma="a">a</w>
<w type="NN" lemma="carpenter">carpenter</w>
<pc type="SENT">.</pc>
</s></p><p><s><w type="PPs" lemma="his">His</w>
<w type="NN" lemma="life">life</w>
<w type="RB" lemma="thus">thus</w>
<w type="VVD" lemma="begin">began</w>
<w type="IN" lemma="in">in</w>
<w type="JJ" lemma="humble">humble</w>
<w type="NN" lemma="surroundings">surroundings</w>
<pc type="sub">,</pc>
<w type="IN" lemma="in">in</w>
<w type="NN" lemma="fact">fact</w>
<w type="IN" lemma="in">in</w>
<w type="DT" lemma="a">a</w>
<w type="JJ" lemma="stable">stable</w>
<pc type="sub">,</pc>
<w type="CC" lemma="but">but</w>
<w type="PP" lemma="he">he</w>
<w type="VBD" lemma="be">was</w>
<w type="TO" lemma="to">to</w>
<w type="VH" lemma="have">have</w>
<w type="DT" lemma="a">a</w>
<w type="JJ" lemma="profound">profound</w>
<w type="NN" lemma="influence">influence</w>
<w type="IN" lemma="on">on</w>
<w type="DT" lemma="the">the</w>
<w type="NN" lemma="course">course</w>
<w type="IN" lemma="of">of</w>
<w type="NN" lemma="history">history</w>
<pc type="sub">,</pc>
<w type="CC" lemma="and">and</w>
<w type="IN" lemma="on">on</w>
<w type="DT" lemma="the">the</w>
<w type="NNS" lemma="life">lives</w>
<w type="IN" lemma="of">of</w>
<w type="NNS" lemma="generation">generations</w>
<w type="IN" lemma="of">of</w>
<w type="PPs" lemma="his">his</w>
<w type="NNS" lemma="follower">followers</w>
<pc type="SENT">.</pc>
</s>
<s><w type="PP" lemma="you">You</w>
<w type="VVP" lemma="do">do</w>
<w type="RB" lemma="n't">n't</w>
<w type="VH" lemma="have">have</w>
<w type="TO" lemma="to">to</w>
<w type="VB" lemma="be">be</w>
<w type="JJ" lemma="rich">rich</w>
<w type="CC" lemma="or">or</w>
<w type="JJ" lemma="powerful">powerful</w>
<w type="IN" lemma="in">in</w>
<w type="NN" lemma="order">order</w>
<w type="TO" lemma="to">to</w>
<w type="VV" lemma="change">change</w>
<w type="NNS" lemma="thing">things</w>
<w type="IN" lemma="for">for</w>
<w type="DT" lemma="the">the</w>
<w type="JJR" lemma="good">better</w>
<w type="CC" lemma="and">and</w>
<w type="DT" lemma="each">each</w>
<w type="IN" lemma="of">of</w>
<w type="PP" lemma="us">us</w>
<w type="IN" lemma="in">in</w>
<w type="PPs" lemma="our">our</w>
<w type="JJ" lemma="own">own</w>
<w type="NN" lemma="way">way</w>
<w type="MD" lemma="can">can</w>
<w type="VV" lemma="make">make</w>
<w type="DT" lemma="a">a</w>
<w type="NN" lemma="contribution">contribution</w>
<pc type="SENT">.</pc>
</s></p><p><s><w type="DT" lemma="the">The</w>
<w type="JJ" lemma="infant">infant</w>
<w type="NP" lemma="Jesus">Jesus</w>
<w type="VBD" lemma="be">was</w>
<w type="JJ" lemma="fortunate">fortunate</w>
<w type="IN" lemma="in">in</w>
<w type="CD" lemma="one">one</w>
<w type="RB" lemma="very">very</w>
<w type="JJ" lemma="important">important</w>
<w type="NN" lemma="respect">respect</w>
<pc type="SENT">.</pc>
</s>
<s><w type="PPs" lemma="his">His</w>
<w type="NNS" lemma="parent">parents</w>
<w type="VBD" lemma="be">were</w>
<w type="JJ" lemma="loving">loving</w>
<w type="CC" lemma="and">and</w>
<w type="JJ" lemma="considerate">considerate</w>
<pc type="SENT">.</pc>
</s>
<s><w type="PP" lemma="they">They</w>
<w type="VVD" lemma="do">did</w>
<w type="PPs" lemma="their">their</w>
<w type="NN" lemma="utmost">utmost</w>
<w type="TO" lemma="to">to</w>
<w type="VV" lemma="protect">protect</w>
<w type="PP" lemma="him">him</w>
<w type="IN" lemma="from">from</w>
<w type="NN" lemma="harm">harm</w>
<pc type="SENT">.</pc>
</s>
<s><w type="PP" lemma="they">They</w>
<w type="VVD" lemma="leave">left</w>
<w type="PPs" lemma="their">their</w>
<w type="JJ" lemma="own">own</w>
<w type="NN" lemma="home">home</w>
<w type="CC" lemma="and">and</w>
<w type="VVD" lemma="become">became</w>
<w type="NNS" lemma="refugee">refugees</w>
<pc type="sub">,</pc>
<w type="TO" lemma="to">to</w>
<w type="VV" lemma="save">save</w>
<w type="PP" lemma="him">him</w>
<w type="IN" lemma="from">from</w>
<w type="NP" lemma="King">King</w>
<w type="NP" lemma="Herod">Herod</w>
<pc type="sub">,</pc>
<w type="CC" lemma="and">and</w>
<w type="PP" lemma="they">they</w>
<w type="VVD" lemma="bring">brought</w>
<w type="PP" lemma="him">him</w>
<w type="RP" lemma="up">up</w>
<w type="VVG" lemma="accord">according</w>
<w type="TO" lemma="to">to</w>
<w type="DT" lemma="the">the</w>
<w type="NNS" lemma="tradition">traditions</w>
<w type="IN" lemma="of">of</w>
<w type="PPs" lemma="their">their</w>
<w type="NN" lemma="faith">faith</w>
<pc type="SENT">.</pc>
</s></p><p><s><w type="IN" lemma="on">On</w>
<w type="DT" lemma="this">this</w>
<w type="NN" lemma="birthday">Birthday</w>
<w type="NN" lemma="festival">festival</w>
<pc type="sub">,</pc>
<w type="WDT" lemma="which">which</w>
<w type="PP" lemma="we">we</w>
<w type="VVP" lemma="try">try</w>
<w type="TO" lemma="to">to</w>
<w type="VV" lemma="make">make</w>
<w type="DT" lemma="an">an</w>
<w type="NN" lemma="occasion">occasion</w>
<w type="IN" lemma="of">of</w>
<w type="NN" lemma="happiness">happiness</w>
<pc type="sub">,</pc>
<w type="PP" lemma="we">we</w>
<w type="MD" lemma="must">must</w>
<w type="RB" lemma="not">not</w>
<w type="VV" lemma="forget">forget</w>
<w type="IN" lemma="that">that</w>
<w type="EX" lemma="there">there</w>
<w type="VBP" lemma="are">are</w>
<w type="DT" lemma="some">some</w>
<w type="NNS" lemma="child">children</w>
<w type="WP" lemma="who">who</w>
<w type="VBP" lemma="are">are</w>
<w type="NNS" lemma="victim">victims</w>
<w type="IN" lemma="of">of</w>
<w type="JJ" lemma="ill">ill</w>
<w type="NN" lemma="treatment">treatment</w>
<w type="CC" lemma="and">and</w>
<w type="NN" lemma="neglect">neglect</w>
<pc type="SENT">.</pc>
</s></p><p><s><w type="PP" lemma="it">It</w>
<w type="VBZ" lemma="be">is</w>
<w type="DT" lemma="no">no</w>
<w type="JJ" lemma="easy">easy</w>
<w type="NN" lemma="task">task</w>
<w type="TO" lemma="to">to</w>
<w type="VV" lemma="care">care</w>
<w type="IN" lemma="for">for</w>
<w type="CC" lemma="and">and</w>
<w type="VV" lemma="bring">bring</w>
<w type="RP" lemma="up">up</w>
<w type="NNS" lemma="child">children</w>
<pc type="sub">,</pc>
<w type="WDT" lemma="whatever">whatever</w>
<w type="PPs" lemma="your">your</w>
<w type="NNS" lemma="circumstance">circumstances</w>
<pc type="sub">-</pc>
<w type="IN" lemma="whether">whether</w>
<w type="PP" lemma="you">you</w>
<w type="VBP" lemma="are">are</w>
<w type="JJ" lemma="famous">famous</w>
<w type="CC" lemma="or">or</w>
<w type="RB" lemma="quite">quite</w>
<w type="JJ" lemma="unknown">unknown</w>
<pc type="SENT">.</pc>
</s>
<s><w type="CC" lemma="but">But</w>
<w type="PP" lemma="we">we</w>
<w type="MD" lemma="could">could</w>
<w type="RB" lemma="all">all</w>
<w type="VV" lemma="help">help</w>
<w type="IN" lemma="by">by</w>
<w type="VVG" lemma="let">letting</w>
<w type="DT" lemma="the">the</w>
<w type="NN" lemma="spirit">spirit</w>
<w type="IN" lemma="of">of</w>
<w type="NP" lemma="Christmas">Christmas</w>
<w type="VV" lemma="fill">fill</w>
<w type="PPs" lemma="our">our</w>
<w type="NNS" lemma="home">homes</w>
<w type="IN" lemma="with">with</w>
<w type="NN" lemma="love">love</w>
<w type="CC" lemma="and">and</w>
<w type="NN" lemma="care">care</w>
<w type="CC" lemma="and">and</w>
<w type="IN" lemma="by">by</w>
<w type="VVG" lemma="heed">heeding</w>
<w type="PPs" lemma="our">Our</w>
<w type="NP" lemma="Lord">Lord</w>
<w type="POS" lemma="'s">'s</w>
<w type="NN" lemma="injunction">injunction</w>
<w type="TO" lemma="to">to</w>
<w type="VV" lemma="treat">treat</w>
<w type="NNS" lemma="other">others</w>
<w type="IN" lemma="as">as</w>
<w type="PP" lemma="you">you</w>
<w type="MD" lemma="would">would</w>
<w type="VV" lemma="like">like</w>
<w type="PP" lemma="them">them</w>
<w type="TO" lemma="to">to</w>
<w type="VV" lemma="treat">treat</w>
<w type="PP" lemma="you">you</w>
<pc type="SENT">.</pc>
</s></p><p><s><w type="WRB" lemma="when">When</w>
<pc type="sub">,</pc>
<w type="IN" lemma="as">as</w>
<w type="DT" lemma="the">the</w>
<w type="NP" lemma="Bible">Bible</w>
<w type="VVZ" lemma="say">says</w>
<pc type="sub">,</pc>
<w type="NP" lemma="Christ">Christ</w>
<w type="VVD" lemma="grow">grew</w>
<w type="IN" lemma="in">in</w>
<w type="NN" lemma="wisdom">wisdom</w>
<w type="CC" lemma="and">and</w>
<w type="NN" lemma="understanding">understanding</w>
<pc type="sub">,</pc>
<w type="PP" lemma="he">he</w>
<w type="VVD" lemma="begin">began</w>
<w type="PPs" lemma="his">his</w>
<w type="NN" lemma="task">task</w>
<w type="IN" lemma="of">of</w>
<w type="VVG" lemma="explain">explaining</w>
<w type="CC" lemma="and">and</w>
<w type="VVG" lemma="teach">teaching</w>
<w type="RB" lemma="just">just</w>
<w type="WP" lemma="what">what</w>
<w type="PP" lemma="it">it</w>
<w type="VBZ" lemma="be">is</w>
<w type="IN" lemma="that">that</w>
<w type="NP" lemma="God">God</w>
<w type="VVZ" lemma="want">wants</w>
<w type="IN" lemma="from">from</w>
<w type="PP" lemma="us">us</w>
<pc type="SENT">.</pc>
</s></p><p><s><w type="DT" lemma="the">The</w>
<w type="CD" lemma="two">two</w>
<w type="NNS" lemma="lesson">lessons</w>
<w type="IN" lemma="that">that</w>
<w type="PP" lemma="he">he</w>
<w type="VHD" lemma="have">had</w>
<w type="IN" lemma="for">for</w>
<w type="PP" lemma="us">us</w>
<pc type="sub">,</pc>
<w type="WDT" lemma="which">which</w>
<w type="PP" lemma="he">he</w>
<w type="VVD" lemma="underline">underlined</w>
<w type="IN" lemma="in">in</w>
<w type="NN" lemma="everything">everything</w>
<w type="PP" lemma="he">he</w>
<w type="VVD" lemma="say">said</w>
<w type="CC" lemma="and">and</w>
<w type="VVD" lemma="do">did</w>
<pc type="sub">,</pc>
<w type="VBP" lemma="are">are</w>
<w type="DT" lemma="the">the</w>
<w type="NNS" lemma="message">messages</w>
<w type="IN" lemma="of">of</w>
<w type="NP" lemma="God">God</w>
<w type="POS" lemma="'s">'s</w>
<w type="NN" lemma="love">love</w>
<w type="CC" lemma="and">and</w>
<w type="WRB" lemma="how">how</w>
<w type="JJ" lemma="essential">essential</w>
<w type="PP" lemma="it">it</w>
<w type="VBZ" lemma="be">is</w>
<w type="IN" lemma="that">that</w>
<w type="PP" lemma="we">we</w>
<pc type="sub">,</pc>
<w type="RB" lemma="too">too</w>
<pc type="sub">,</pc>
<w type="MD" lemma="should">should</w>
<w type="VV" lemma="love">love</w>
<w type="JJ" lemma="other">other</w>
<w type="NNS" lemma="people">people</w>
<pc type="SENT">.</pc>
</s></p><p><s><w type="EX" lemma="There">There</w>
<w type="VBP" lemma="are">are</w>
<w type="JJ" lemma="many">many</w>
<w type="JJ" lemma="serious">serious</w>
<w type="CC" lemma="and">and</w>
<w type="JJ" lemma="threatening">threatening</w>
<w type="NNS" lemma="problem">problems</w>
<w type="IN" lemma="in">in</w>
<w type="DT" lemma="this">this</w>
<w type="NN" lemma="country">country</w>
<w type="CC" lemma="and">and</w>
<w type="IN" lemma="in">in</w>
<w type="DT" lemma="the">the</w>
<w type="NN" lemma="world">world</w>
<w type="CC" lemma="but">but</w>
<w type="PP" lemma="they">they</w>
<w type="MD" lemma="will">will</w>
<w type="RB" lemma="never">never</w>
<w type="VB" lemma="be">be</w>
<w type="VVN" lemma="solve">solved</w>
<w type="IN" lemma="until">until</w>
<w type="EX" lemma="there">there</w>
<w type="VBZ" lemma="be">is</w>
<w type="NN" lemma="peace">peace</w>
<w type="IN" lemma="in">in</w>
<w type="PPs" lemma="our">our</w>
<w type="NNS" lemma="home">homes</w>
<w type="CC" lemma="and">and</w>
<w type="VVP" lemma="love">love</w>
<w type="IN" lemma="in">in</w>
<w type="PPs" lemma="our">our</w>
<w type="NNS" lemma="heart">hearts</w>
<pc type="SENT">.</pc>
</s></p><p><s><w type="DT" lemma="the">The</w>
<w type="NN" lemma="message">message</w>
<w type="WDT" lemma="which">which</w>
<w type="NP" lemma="God">God</w>
<w type="VVD" lemma="send">sent</w>
<w type="PP" lemma="us">us</w>
<w type="IN" lemma="by">by</w>
<w type="NP" lemma="Christ">Christ</w>
<w type="POS" lemma="'s">'s</w>
<w type="NN" lemma="life">life</w>
<w type="CC" lemma="and">and</w>
<w type="NN" lemma="example">example</w>
<w type="VBZ" lemma="be">is</w>
<w type="DT" lemma="a">a</w>
<w type="RB" lemma="very">very</w>
<w type="JJ" lemma="simple">simple</w>
<w type="NN" lemma="one">one</w>
<pc type="sub">,</pc>
<w type="RB" lemma="even">even</w>
<w type="IN" lemma="though">though</w>
<w type="PP" lemma="it">it</w>
<w type="VVZ" lemma="seem">seems</w>
<w type="RB" lemma="so">so</w>
<w type="JJ" lemma="difficult">difficult</w>
<w type="TO" lemma="to">to</w>
<w type="VV" lemma="put">put</w>
<w type="IN" lemma="into">into</w>
<w type="NN" lemma="practice">practice</w>
<pc type="SENT">.</pc>
</s></p><p><s><w type="TO" lemma="To">To</w>
<w type="DT" lemma="all">all</w>
<w type="IN" lemma="of">of</w>
<w type="PP" lemma="you">you</w>
<pc type="sub">,</pc>
<w type="IN" lemma="of">of</w>
<w type="DT" lemma="every">every</w>
<w type="NN" lemma="faith">faith</w>
<w type="CC" lemma="and">and</w>
<w type="NN" lemma="race">race</w>
<pc type="sub">,</pc>
<w type="PP" lemma="I">I</w>
<w type="VVP" lemma="send">send</w>
<w type="PP" lemma="you">you</w>
<w type="PPs" lemma="my">my</w>
<w type="JJS" lemma="good">best</w>
<w type="NNS" lemma="wish">wishes</w>
<w type="IN" lemma="for">for</w>
<w type="DT" lemma="a">a</w>
<w type="NN" lemma="time">time</w>
<w type="IN" lemma="of">of</w>
<w type="NN" lemma="peace">peace</w>
<w type="CC" lemma="and">and</w>
<w type="NN" lemma="tranquillity">tranquillity</w>
<w type="IN" lemma="with">with</w>
<w type="PPs" lemma="your">your</w>
<w type="NNS" lemma="family">families</w>
<w type="IN" lemma="at">at</w>
<w type="DT" lemma="this">this</w>
<w type="NP" lemma="Festival">Festival</w>
<w type="IN" lemma="of">of</w>
<w type="NP" lemma="Christmas">Christmas</w>
<pc type="SENT">.</pc>
</s>
<s><w type="DT" lemma="a">A</w>
<w type="JJ" lemma="very">very</w>
<w type="NP" lemma="Happy">Happy</w>
<w type="NP" lemma="Christmas">Christmas</w>
<w type="TO" lemma="to">to</w>
<w type="PP" lemma="you">you</w>
<w type="DT" lemma="all">all</w>
<pc type="SENT">.</pc>
</s></p></div>