<div xmlns='http://www.tei-c.org/ns/1.0' n="1987"><head><s><w type="NP" lemma="Christmas">Christmas</w>
<w type="NP" lemma="Broadcast">Broadcast</w>
<w type="CD" lemma="@card@">1987</w>
</s></head><p><s><w type="NN" lemma="XXXX">Sooner</w>
<w type="CC" lemma="or">or</w>
<w type="RBR" lemma="later">later</w>
<w type="PP" lemma="we">we</w>
<w type="RB" lemma="all">all</w>
<w type="VVP" lemma="become">become</w>
<w type="JJ" lemma="aware">aware</w>
<w type="IN" lemma="of">of</w>
<w type="DT" lemma="the">the</w>
<w type="NN" lemma="passing">passing</w>
<w type="IN" lemma="of">of</w>
<w type="DT" lemma="the">the</w>
<w type="NNS" lemma="year">years</w>
<pc type="sub">,</pc>
<w type="CC" lemma="but">but</w>
<w type="DT" lemma="every">every</w>
<w type="RB" lemma="now">now</w>
<w type="CC" lemma="and">and</w>
<w type="RB" lemma="then">then</w>
<w type="PP" lemma="we">we</w>
<w type="VVP" lemma="get">get</w>
<w type="DT" lemma="a">a</w>
<w type="JJ" lemma="sharp">sharp</w>
<w type="NN" lemma="reminder">reminder</w>
<w type="IN" lemma="that">that</w>
<w type="NN" lemma="time">time</w>
<w type="VBZ" lemma="be">is</w>
<w type="VVG" lemma="move">moving</w>
<w type="IN" lemma="on">on</w>
<w type="RB" lemma="rather">rather</w>
<w type="JJR" lemma="quick">quicker</w>
<w type="IN" lemma="than">than</w>
<w type="PP" lemma="we">we</w>
<w type="VVD" lemma="expect">expected</w>
<pc type="SENT">.</pc>
</s></p><p><s><w type="DT" lemma="this">This</w>
<w type="VVD" lemma="happen">happened</w>
<w type="TO" lemma="to">to</w>
<w type="PP" lemma="me">me</w>
<w type="JJ" lemma="last">last</w>
<w type="NN" lemma="month">month</w>
<w type="WRB" lemma="when">when</w>
<w type="PP" lemma="we">we</w>
<w type="VVD" lemma="celebrate">celebrated</w>
<w type="PPs" lemma="our">our</w>
<w type="JJ" lemma="40th">40th</w>
<w type="NN" lemma="wedding">wedding</w>
<w type="NN" lemma="anniversary">anniversary</w>
<pc type="SENT">.</pc>
</s>
<s><w type="PP" lemma="I">I</w>
<w type="VBD" lemma="be">was</w>
<w type="RB" lemma="very">very</w>
<w type="VVN" lemma="touch">touched</w>
<w type="IN" lemma="that">that</w>
<w type="RB" lemma="so">so</w>
<w type="JJ" lemma="many">many</w>
<w type="IN" lemma="of">of</w>
<w type="PP" lemma="you">you</w>
<w type="VBD" lemma="be">were</w>
<w type="RB" lemma="kind">kind</w>
<w type="JJ" lemma="enough">enough</w>
<w type="TO" lemma="to">to</w>
<w type="VV" lemma="send">send</w>
<w type="NNS" lemma="message">messages</w>
<w type="IN" lemma="of">of</w>
<w type="JJ" lemma="good">good</w>
<w type="NNS" lemma="wish">wishes</w>
<pc type="SENT">.</pc>
</s></p><p><s><w type="EX" lemma="There">There</w>
<w type="VBZ" lemma="be">is</w>
<w type="DT" lemma="no">no</w>
<w type="NN" lemma="point">point</w>
<w type="IN" lemma="in">in</w>
<w type="VVG" lemma="regret">regretting</w>
<w type="DT" lemma="the">the</w>
<w type="NN" lemma="passage">passage</w>
<w type="IN" lemma="of">of</w>
<w type="NN" lemma="time">time</w>
<pc type="SENT">.</pc>
</s>
<s><w type="VVG" lemma="grow">Growing</w>
<w type="JJR" lemma="old">older</w>
<w type="VBZ" lemma="be">is</w>
<w type="CD" lemma="one">one</w>
<w type="IN" lemma="of">of</w>
<w type="DT" lemma="the">the</w>
<w type="NNS" lemma="fact">facts</w>
<w type="IN" lemma="of">of</w>
<w type="NN" lemma="life">life</w>
<pc type="sub">,</pc>
<w type="CC" lemma="and">and</w>
<w type="PP" lemma="it">it</w>
<w type="VHZ" lemma="have">has</w>
<w type="PPs" lemma="its">its</w>
<w type="JJ" lemma="own">own</w>
<w type="NNS" lemma="compensation">compensations</w>
<pc type="SENT">.</pc>
</s>
<s><w type="NN" lemma="experience">Experience</w>
<w type="MD" lemma="should">should</w>
<w type="VV" lemma="help">help</w>
<w type="PP" lemma="us">us</w>
<w type="TO" lemma="to">to</w>
<w type="VV" lemma="take">take</w>
<w type="DT" lemma="a">a</w>
<w type="RBR" lemma="more">more</w>
<w type="JJ" lemma="balanced">balanced</w>
<w type="NN" lemma="view">view</w>
<w type="IN" lemma="of">of</w>
<w type="NNS" lemma="event">events</w>
<w type="CC" lemma="and">and</w>
<w type="TO" lemma="to">to</w>
<w type="VB" lemma="be">be</w>
<w type="JJR" lemma="more">more</w>
<w type="NN" lemma="understanding">understanding</w>
<w type="IN" lemma="about">about</w>
<w type="DT" lemma="the">the</w>
<w type="NNS" lemma="foible">foibles</w>
<w type="IN" lemma="of">of</w>
<w type="JJ" lemma="human">human</w>
<w type="NN" lemma="nature">nature</w>
<pc type="SENT">.</pc>
</s></p><p><s><w type="IN" lemma="like">Like</w>
<w type="NN" lemma="everyone">everyone</w>
<w type="RB" lemma="else">else</w>
<pc type="sub">,</pc>
<w type="PP" lemma="I">I</w>
<w type="VVP" lemma="learn">learn</w>
<w type="RB" lemma="about">about</w>
<w type="WP" lemma="what">what</w>
<w type="VBZ" lemma="be">is</w>
<w type="VVG" lemma="go">going</w>
<w type="IN" lemma="on">on</w>
<w type="IN" lemma="in">in</w>
<w type="DT" lemma="the">the</w>
<w type="NN" lemma="world">world</w>
<w type="IN" lemma="from">from</w>
<w type="DT" lemma="the">the</w>
<w type="NNS" lemma="medium">media</w>
<pc type="sub">,</pc>
<w type="CC" lemma="but">but</w>
<w type="PP" lemma="I">I</w>
<w type="VBP" lemma="am">am</w>
<w type="JJ" lemma="fortunate">fortunate</w>
<w type="TO" lemma="to">to</w>
<w type="VH" lemma="have">have</w>
<w type="DT" lemma="another">another</w>
<w type="NN" lemma="source">source</w>
<w type="IN" lemma="of">of</w>
<w type="NN" lemma="information">information</w>
<pc type="SENT">.</pc>
</s>
<s><w type="DT" lemma="every">Every</w>
<w type="NN" lemma="day">day</w>
<w type="NNS" lemma="hundred">hundreds</w>
<w type="IN" lemma="of">of</w>
<w type="NNS" lemma="letter">letters</w>
<w type="VVN" lemma="come">come</w>
<w type="TO" lemma="to">to</w>
<w type="PPs" lemma="my">my</w>
<w type="NN" lemma="desk">desk</w>
<pc type="sub">,</pc>
<w type="CC" lemma="and">and</w>
<w type="PP" lemma="I">I</w>
<w type="VVP" lemma="make">make</w>
<w type="DT" lemma="a">a</w>
<w type="NN" lemma="point">point</w>
<w type="IN" lemma="of">of</w>
<w type="VVG" lemma="read">reading</w>
<w type="RB" lemma="as">as</w>
<w type="JJ" lemma="many">many</w>
<w type="IN" lemma="of">of</w>
<w type="PP" lemma="them">them</w>
<w type="IN" lemma="as">as</w>
<w type="PP" lemma="I">I</w>
<w type="RB" lemma="possibly">possibly</w>
<w type="MD" lemma="can">can</w>
<pc type="SENT">.</pc>
</s></p><p><s><w type="DT" lemma="the">The</w>
<w type="JJ" lemma="vast">vast</w>
<w type="NN" lemma="majority">majority</w>
<w type="VBP" lemma="are">are</w>
<w type="DT" lemma="a">a</w>
<w type="NN" lemma="pleasure">pleasure</w>
<w type="TO" lemma="to">to</w>
<w type="VV" lemma="read">read</w>
<pc type="SENT">.</pc>
</s>
<s><w type="EX" lemma="There">There</w>
<w type="VBP" lemma="are">are</w>
<w type="RB" lemma="also">also</w>
<w type="JJ" lemma="sad">sad</w>
<w type="NNS" lemma="one">ones</w>
<w type="IN" lemma="from">from</w>
<w type="NNS" lemma="people">people</w>
<w type="WP" lemma="who">who</w>
<w type="VVP" lemma="want">want</w>
<w type="VV" lemma="help">help</w>
<pc type="sub">,</pc>
<w type="EX" lemma="there">there</w>
<w type="VBP" lemma="are">are</w>
<w type="JJ" lemma="interesting">interesting</w>
<w type="NNS" lemma="one">ones</w>
<w type="IN" lemma="from">from</w>
<w type="NNS" lemma="people">people</w>
<w type="WP" lemma="who">who</w>
<w type="VVP" lemma="want">want</w>
<w type="TO" lemma="to">to</w>
<w type="VV" lemma="tell">tell</w>
<w type="PP" lemma="me">me</w>
<w type="WP" lemma="what">what</w>
<w type="PP" lemma="they">they</w>
<w type="VVP" lemma="think">think</w>
<w type="VV" lemma="abut">abut</w>
<w type="JJ" lemma="current">current</w>
<w type="NNS" lemma="issue">issues</w>
<pc type="sub">,</pc>
<w type="CC" lemma="or">or</w>
<w type="WP" lemma="who">who</w>
<w type="VHP" lemma="have">have</w>
<w type="NNS" lemma="suggestion">suggestions</w>
<w type="TO" lemma="to">to</w>
<w type="VV" lemma="make">make</w>
<w type="IN" lemma="about">about</w>
<w type="VVG" lemma="change">changing</w>
<w type="DT" lemma="the">the</w>
<w type="NN" lemma="way">way</w>
<w type="NNS" lemma="thing">things</w>
<w type="VBP" lemma="are">are</w>
<w type="VVN" lemma="do">done</w>
<pc type="SENT">.</pc>
</s>
<s><w type="NNS" lemma="other">Others</w>
<w type="VBP" lemma="are">are</w>
<w type="JJ" lemma="full">full</w>
<w type="IN" lemma="of">of</w>
<w type="JJ" lemma="frank">frank</w>
<w type="NN" lemma="advice">advice</w>
<w type="IN" lemma="for">for</w>
<w type="PP" lemma="me">me</w>
<w type="CC" lemma="and">and</w>
<w type="PPs" lemma="my">my</w>
<w type="NN" lemma="family">family</w>
<w type="CC" lemma="and">and</w>
<w type="DT" lemma="some">some</w>
<w type="IN" lemma="of">of</w>
<w type="PP" lemma="them">them</w>
<w type="VVP" lemma="do">do</w>
<w type="RB" lemma="not">not</w>
<w type="VV" lemma="hesitate">hesitate</w>
<w type="TO" lemma="to">to</w>
<w type="VB" lemma="be">be</w>
<w type="JJ" lemma="critical">critical</w>
<pc type="SENT">.</pc>
</s></p><p><s><w type="PP" lemma="I">I</w>
<w type="VVP" lemma="value">value</w>
<w type="PDT" lemma="all">all</w>
<w type="DT" lemma="these">these</w>
<w type="NNS" lemma="letter">letters</w>
<w type="IN" lemma="for">for</w>
<w type="VVG" lemma="keep">keeping</w>
<w type="PP" lemma="me">me</w>
<w type="IN" lemma="in">in</w>
<w type="NN" lemma="touch">touch</w>
<w type="IN" lemma="with">with</w>
<w type="PPs" lemma="your">your</w>
<w type="NNS" lemma="view">views</w>
<w type="CC" lemma="and">and</w>
<w type="NNS" lemma="opinion">opinions</w>
<pc type="sub">,</pc>
<w type="CC" lemma="but">but</w>
<w type="EX" lemma="there">there</w>
<w type="VBP" lemma="are">are</w>
<w type="DT" lemma="a">a</w>
<w type="JJ" lemma="few">few</w>
<w type="NNS" lemma="letter">letters</w>
<w type="WDT" lemma="which">which</w>
<w type="VVP" lemma="reflect">reflect</w>
<w type="DT" lemma="the">the</w>
<w type="JJR" lemma="dark">darker</w>
<w type="NN" lemma="side">side</w>
<w type="IN" lemma="of">of</w>
<w type="JJ" lemma="human">human</w>
<w type="NN" lemma="nature">nature</w>
<pc type="SENT">.</pc>
</s></p><p><s><w type="PP" lemma="it">It</w>
<w type="VBZ" lemma="be">is</w>
<w type="RB" lemma="only">only</w>
<w type="RB" lemma="too">too</w>
<w type="JJ" lemma="easy">easy</w>
<w type="IN" lemma="for">for</w>
<w type="JJ" lemma="passionate">passionate</w>
<w type="NN" lemma="loyalty">loyalty</w>
<w type="TO" lemma="to">to</w>
<w type="CD" lemma="one">one</w>
<w type="POS" lemma="'s">'s</w>
<w type="JJ" lemma="own">own</w>
<w type="NN" lemma="country">country</w>
<pc type="sub">,</pc>
<w type="NN" lemma="race">race</w>
<w type="CC" lemma="or">or</w>
<w type="NN" lemma="religion">religion</w>
<pc type="sub">,</pc>
<w type="CC" lemma="or">or</w>
<w type="RB" lemma="even">even</w>
<w type="TO" lemma="to">to</w>
<w type="CD" lemma="one">one</w>
<w type="POS" lemma="'s">'s</w>
<w type="JJ" lemma="favourite">favourite</w>
<w type="NN" lemma="football">football</w>
<w type="NN" lemma="club">club</w>
<pc type="sub">,</pc>
<w type="TO" lemma="to">to</w>
<w type="VB" lemma="be">be</w>
<w type="VVN" lemma="corrode">corroded</w>
<w type="IN" lemma="into">into</w>
<w type="NN" lemma="intolerance">intolerance</w>
<pc type="sub">,</pc>
<w type="NN" lemma="bigotry">bigotry</w>
<w type="CC" lemma="and">and</w>
<w type="RB" lemma="ultimately">ultimately</w>
<w type="IN" lemma="into">into</w>
<w type="NN" lemma="violence">violence</w>
<pc type="SENT">.</pc>
</s></p><p><s><w type="PP" lemma="we">We</w>
<w type="VHP" lemma="have">have</w>
<w type="VVN" lemma="witness">witnessed</w>
<w type="DT" lemma="some">some</w>
<w type="JJ" lemma="frightening">frightening</w>
<w type="NNS" lemma="example">examples</w>
<w type="IN" lemma="of">of</w>
<w type="DT" lemma="this">this</w>
<w type="IN" lemma="in">in</w>
<w type="JJ" lemma="recent">recent</w>
<w type="NNS" lemma="year">years</w>
<pc type="SENT">.</pc>
</s>
<s><w type="RB" lemma="all">All</w>
<w type="RB" lemma="too">too</w>
<w type="RB" lemma="often">often</w>
<w type="NN" lemma="intolerance">intolerance</w>
<w type="VVZ" lemma="create">creates</w>
<w type="DT" lemma="the">the</w>
<w type="NN" lemma="resentment">resentment</w>
<w type="CC" lemma="and">and</w>
<w type="NN" lemma="anger">anger</w>
<w type="WDT" lemma="which">which</w>
<w type="VVP" lemma="fill">fill</w>
<w type="DT" lemma="the">the</w>
<w type="NNS" lemma="headline">headlines</w>
<w type="CC" lemma="and">and</w>
<w type="NN" lemma="divide">divide</w>
<w type="NNS" lemma="community">communities</w>
<w type="CC" lemma="and">and</w>
<w type="NNS" lemma="nation">nations</w>
<w type="CC" lemma="and">and</w>
<w type="JJ" lemma="even">even</w>
<w type="NNS" lemma="family">families</w>
<pc type="SENT">.</pc>
</s></p><p><s><w type="IN" lemma="from">From</w>
<w type="NN" lemma="time">time</w>
<w type="TO" lemma="to">to</w>
<w type="VV" lemma="time">time</w>
<w type="PP" lemma="we">we</w>
<w type="RB" lemma="also">also</w>
<w type="VVP" lemma="see">see</w>
<w type="DT" lemma="some">some</w>
<w type="JJ" lemma="inspiring">inspiring</w>
<w type="NNS" lemma="example">examples</w>
<w type="IN" lemma="of">of</w>
<w type="NN" lemma="tolerance">tolerance</w>
<pc type="SENT">.</pc>
</s>
<s><w type="NP" lemma="Mr">Mr</w>
<w type="NP" lemma="Gordon">Gordon</w>
<w type="NP" lemma="Wilson">Wilson</w>
<pc type="sub">,</pc>
<w type="WPs" lemma="whose">whose</w>
<w type="NN" lemma="daughter">daughter</w>
<w type="NP" lemma="Marie">Marie</w>
<w type="VVD" lemma="lose">lost</w>
<w type="PPs" lemma="her">her</w>
<w type="NN" lemma="life">life</w>
<w type="IN" lemma="in">in</w>
<w type="DT" lemma="the">the</w>
<w type="VVG" lemma="horrify">horrifying</w>
<w type="NN" lemma="explosion">explosion</w>
<w type="IN" lemma="at">at</w>
<w type="NP" lemma="Enniskillen">Enniskillen</w>
<w type="IN" lemma="on">on</w>
<w type="NP" lemma="XXXX">Remembrance</w>
<w type="NP" lemma="Sunday">Sunday</w>
<pc type="sub">,</pc>
<w type="VVD" lemma="impress">impressed</w>
<w type="DT" lemma="the">the</w>
<w type="JJ" lemma="whole">whole</w>
<w type="NN" lemma="world">world</w>
<w type="IN" lemma="by">by</w>
<w type="DT" lemma="the">the</w>
<w type="NN" lemma="depth">depth</w>
<w type="IN" lemma="of">of</w>
<w type="PPs" lemma="his">his</w>
<w type="NN" lemma="forgiveness">forgiveness</w>
<pc type="SENT">.</pc>
</s></p><p><s><w type="PPs" lemma="his">His</w>
<w type="NN" lemma="strength">strength</w>
<pc type="sub">,</pc>
<w type="CC" lemma="and">and</w>
<w type="IN" lemma="that">that</w>
<w type="IN" lemma="of">of</w>
<w type="PPs" lemma="his">his</w>
<w type="NN" lemma="wife">wife</w>
<pc type="sub">,</pc>
<w type="CC" lemma="and">and</w>
<w type="DT" lemma="the">the</w>
<w type="NN" lemma="courage">courage</w>
<w type="IN" lemma="of">of</w>
<w type="PPs" lemma="their">their</w>
<w type="NN" lemma="daughter">daughter</w>
<pc type="sub">,</pc>
<w type="VVD" lemma="come">came</w>
<w type="IN" lemma="from">from</w>
<w type="PPs" lemma="their">their</w>
<w type="JJ" lemma="Christian">Christian</w>
<w type="NN" lemma="conviction">conviction</w>
<pc type="SENT">.</pc>
</s>
<s><w type="DT" lemma="all">All</w>
<w type="IN" lemma="of">of</w>
<w type="PP" lemma="us">us</w>
<w type="MD" lemma="will">will</w>
<w type="VV" lemma="echo">echo</w>
<w type="PPs" lemma="their">their</w>
<w type="NN" lemma="prayer">prayer</w>
<w type="IN" lemma="that">that</w>
<w type="RB" lemma="out">out</w>
<w type="IN" lemma="of">of</w>
<w type="DT" lemma="the">the</w>
<w type="JJ" lemma="personal">personal</w>
<w type="NNS" lemma="tragedy">tragedies</w>
<w type="IN" lemma="of">of</w>
<w type="NP" lemma="Enniskillen">Enniskillen</w>
<w type="MD" lemma="may">may</w>
<w type="VV" lemma="come">come</w>
<w type="DT" lemma="a">a</w>
<w type="NN" lemma="reconciliation">reconciliation</w>
<w type="IN" lemma="between">between</w>
<w type="DT" lemma="the">the</w>
<w type="NNS" lemma="community">communities</w>
<pc type="SENT">.</pc>
</s></p><p><s><w type="EX" lemma="There">There</w>
<w type="VBP" lemma="are">are</w>
<w type="JJ" lemma="striking">striking</w>
<w type="NNS" lemma="illustration">illustrations</w>
<w type="IN" lemma="of">of</w>
<w type="DT" lemma="the">the</w>
<w type="NN" lemma="way">way</w>
<w type="IN" lemma="in">in</w>
<w type="WDT" lemma="which">which</w>
<w type="DT" lemma="the">the</w>
<w type="JJ" lemma="many">many</w>
<w type="JJ" lemma="different">different</w>
<w type="NNS" lemma="religion">religions</w>
<w type="MD" lemma="can">can</w>
<w type="VV" lemma="come">come</w>
<w type="RB" lemma="together">together</w>
<w type="IN" lemma="in">in</w>
<w type="JJ" lemma="peaceful">peaceful</w>
<w type="NN" lemma="harmony">harmony</w>
<pc type="SENT">.</pc>
</s>
<s><w type="DT" lemma="each">Each</w>
<w type="NN" lemma="year">year</w>
<w type="PP" lemma="I">I</w>
<w type="VVP" lemma="try">try</w>
<w type="TO" lemma="to">to</w>
<w type="VV" lemma="attend">attend</w>
<w type="DT" lemma="the">the</w>
<w type="NP" lemma="Commonwealth">Commonwealth</w>
<w type="NP" lemma="Day">Day</w>
<w type="NP" lemma="XXXX">inter-faith</w>
<w type="NP" lemma="XXXX">Observance</w>
<w type="IN" lemma="at">at</w>
<w type="NP" lemma="Westminster">Westminster</w>
<w type="NP" lemma="Abbey">Abbey</w>
<pc type="SENT">.</pc>
</s>
<s><w type="IN" lemma="at">At</w>
<w type="DT" lemma="that">that</w>
<w type="NN" lemma="service">service</w>
<w type="RB" lemma="all">all</w>
<w type="VBP" lemma="are">are</w>
<w type="VVN" lemma="unite">united</w>
<w type="IN" lemma="in">in</w>
<w type="PPs" lemma="their">their</w>
<w type="NN" lemma="willingness">willingness</w>
<w type="TO" lemma="to">to</w>
<w type="VV" lemma="pray">pray</w>
<w type="IN" lemma="for">for</w>
<w type="DT" lemma="the">the</w>
<w type="JJ" lemma="common">common</w>
<w type="NN" lemma="good">good</w>
<pc type="SENT">.</pc>
</s></p><p><s><w type="DT" lemma="this">This</w>
<w type="VBZ" lemma="be">is</w>
<w type="DT" lemma="a">a</w>
<w type="NN" lemma="symbol">symbol</w>
<w type="IN" lemma="of">of</w>
<w type="JJ" lemma="mutual">mutual</w>
<w type="NN" lemma="tolerance">tolerance</w>
<w type="CC" lemma="and">and</w>
<w type="PP" lemma="I">I</w>
<w type="VVP" lemma="find">find</w>
<w type="PP" lemma="it">it</w>
<w type="RBS" lemma="most">most</w>
<w type="JJ" lemma="encouraging">encouraging</w>
<pc type="SENT">.</pc>
</s>
<s><w type="IN" lemma="of">Of</w>
<w type="NN" lemma="course">course</w>
<w type="PP" lemma="it">it</w>
<w type="VBZ" lemma="be">is</w>
<w type="RB" lemma="right">right</w>
<w type="DT" lemma="that">that</w>
<w type="NNS" lemma="people">people</w>
<w type="MD" lemma="should">should</w>
<w type="VV" lemma="hold">hold</w>
<w type="PPs" lemma="their">their</w>
<w type="NNS" lemma="belief">beliefs</w>
<w type="CC" lemma="and">and</w>
<w type="PPs" lemma="their">their</w>
<w type="NNS" lemma="faith">faiths</w>
<w type="RB" lemma="strongly">strongly</w>
<w type="CC" lemma="and">and</w>
<w type="RB" lemma="sincerely">sincerely</w>
<pc type="sub">,</pc>
<w type="CC" lemma="but">but</w>
<w type="RB" lemma="perhaps">perhaps</w>
<w type="PP" lemma="we">we</w>
<w type="MD" lemma="should">should</w>
<w type="RB" lemma="also">also</w>
<w type="VH" lemma="have">have</w>
<w type="DT" lemma="the">the</w>
<w type="NN" lemma="humility">humility</w>
<w type="TO" lemma="to">to</w>
<w type="VV" lemma="accept">accept</w>
<w type="IN" lemma="that">that</w>
<pc type="sub">,</pc>
<w type="IN" lemma="while">while</w>
<w type="PP" lemma="we">we</w>
<w type="DT" lemma="each">each</w>
<w type="VHP" lemma="have">have</w>
<w type="DT" lemma="a">a</w>
<w type="NN" lemma="right">right</w>
<w type="TO" lemma="to">to</w>
<w type="PPs" lemma="our">our</w>
<w type="JJ" lemma="own">own</w>
<w type="NNS" lemma="conviction">convictions</w>
<pc type="sub">,</pc>
<w type="NNS" lemma="other">others</w>
<w type="VHP" lemma="have">have</w>
<w type="DT" lemma="a">a</w>
<w type="NN" lemma="right">right</w>
<w type="TO" lemma="to">to</w>
<w type="PP" lemma="theirs">theirs</w>
<w type="RB" lemma="too">too</w>
<pc type="SENT">.</pc>
</s></p><p><s><w type="PP" lemma="I">I</w>
<w type="VBP" lemma="am">am</w>
<w type="JJ" lemma="afraid">afraid</w>
<w type="IN" lemma="that">that</w>
<w type="DT" lemma="the">the</w>
<w type="NP" lemma="Christmas">Christmas</w>
<w type="NN" lemma="message">message</w>
<w type="IN" lemma="of">of</w>
<w type="NN" lemma="goodwill">goodwill</w>
<w type="VHZ" lemma="have">has</w>
<w type="RB" lemma="usually">usually</w>
<w type="VVN" lemma="evaporate">evaporated</w>
<w type="IN" lemma="by">by</w>
<w type="DT" lemma="the">the</w>
<w type="NN" lemma="time">time</w>
<w type="NP" lemma="XXXX">Boxing</w>
<w type="NP" lemma="Day">Day</w>
<w type="VBZ" lemma="be">is</w>
<w type="RP" lemma="over">over</w>
<pc type="SENT">.</pc>
</s>
<s><w type="DT" lemma="this">This</w>
<w type="NN" lemma="year">year</w>
<w type="PP" lemma="I">I</w>
<w type="VVP" lemma="hope">hope</w>
<w type="PP" lemma="we">we</w>
<w type="MD" lemma="will">will</w>
<w type="VV" lemma="continue">continue</w>
<w type="TO" lemma="to">to</w>
<w type="VV" lemma="remember">remember</w>
<w type="DT" lemma="the">the</w>
<w type="JJ" lemma="many">many</w>
<w type="JJ" lemma="innocent">innocent</w>
<w type="NNS" lemma="victim">victims</w>
<w type="IN" lemma="of">of</w>
<w type="NN" lemma="violence">violence</w>
<w type="CC" lemma="and">and</w>
<w type="NN" lemma="intolerance">intolerance</w>
<w type="CC" lemma="and">and</w>
<w type="DT" lemma="the">the</w>
<w type="NN" lemma="suffering">suffering</w>
<w type="IN" lemma="of">of</w>
<w type="PPs" lemma="their">their</w>
<w type="NNS" lemma="family">families</w>
<pc type="SENT">.</pc>
</s>
<s><w type="NNS" lemma="Christian">Christians</w>
<w type="VBP" lemma="are">are</w>
<w type="VVN" lemma="teach">taught</w>
<w type="TO" lemma="to">to</w>
<w type="VV" lemma="love">love</w>
<w type="PPs" lemma="their">their</w>
<w type="NNS" lemma="neighbour">neighbours</w>
<pc type="sub">,</pc>
<w type="RB" lemma="not">not</w>
<w type="RB" lemma="just">just</w>
<w type="IN" lemma="at">at</w>
<w type="NP" lemma="Christmas">Christmas</w>
<pc type="sub">,</pc>
<w type="CC" lemma="but">but</w>
<w type="PDT" lemma="all">all</w>
<w type="DT" lemma="the">the</w>
<w type="NN" lemma="year">year</w>
<w type="NN" lemma="round">round</w>
<pc type="SENT">.</pc>
</s></p><p><s><w type="PP" lemma="I">I</w>
<w type="VVP" lemma="hope">hope</w>
<w type="PP" lemma="we">we</w>
<w type="MD" lemma="will">will</w>
<w type="RB" lemma="all">all</w>
<w type="VV" lemma="help">help</w>
<w type="DT" lemma="each">each</w>
<w type="JJ" lemma="other">other</w>
<w type="TO" lemma="to">to</w>
<w type="VH" lemma="have">have</w>
<w type="DT" lemma="a">a</w>
<w type="JJ" lemma="happy">happy</w>
<w type="NP" lemma="Christmas">Christmas</w>
<w type="CC" lemma="and">and</w>
<pc type="sub">,</pc>
<w type="WRB" lemma="when">when</w>
<w type="DT" lemma="the">the</w>
<w type="NP" lemma="New">New</w>
<w type="NN" lemma="year">Year</w>
<w type="VVZ" lemma="come">comes</w>
<pc type="sub">,</pc>
<w type="VV" lemma="resolve">resolve</w>
<w type="TO" lemma="to">to</w>
<w type="VV" lemma="work">work</w>
<w type="IN" lemma="for">for</w>
<w type="NN" lemma="tolerance">tolerance</w>
<w type="CC" lemma="and">and</w>
<w type="NN" lemma="understanding">understanding</w>
<w type="IN" lemma="between">between</w>
<w type="DT" lemma="all">all</w>
<w type="NNS" lemma="people">people</w>
<pc type="SENT">.</pc>
</s></p><p><s><w type="NP" lemma="Happy">Happy</w>
<w type="NP" lemma="Christmas">Christmas</w>
<w type="TO" lemma="to">to</w>
<w type="PP" lemma="you">you</w>
<w type="DT" lemma="all">all</w>
<pc type="SENT">.</pc>
</s></p></div>