<div xmlns='http://www.tei-c.org/ns/1.0' n="1988"><head><s><w type="NP" lemma="Christmas">Christmas</w>
<w type="NP" lemma="Broadcast">Broadcast</w>
<w type="CD" lemma="@card@">1988</w>
</s></head><p><s><w type="IN" lemma="in">In</w>
<w type="DT" lemma="the">the</w>
<w type="NN" lemma="year">year</w>
<w type="RB" lemma="just">just</w>
<w type="JJ" lemma="past">past</w>
<pc type="sub">,</pc>
<w type="NP" lemma="Prince">Prince</w>
<w type="NP" lemma="Philip">Philip</w>
<w type="CC" lemma="and">and</w>
<w type="PP" lemma="I">I</w>
<w type="VHP" lemma="have">have</w>
<w type="VVN" lemma="join">joined</w>
<w type="IN" lemma="in">in</w>
<w type="DT" lemma="the">the</w>
<w type="NN" lemma="celebration">celebration</w>
<w type="IN" lemma="of">of</w>
<w type="DT" lemma="some">some</w>
<w type="JJ" lemma="notable">notable</w>
<w type="NNS" lemma="anniversary">anniversaries</w>
<pc type="SENT">.</pc>
</s>
<s><w type="DT" lemma="the">The</w>
<w type="NNS" lemma="event">events</w>
<w type="WDT" lemma="which">which</w>
<w type="PP" lemma="they">they</w>
<w type="VVD" lemma="mark">marked</w>
<w type="VBD" lemma="be">were</w>
<w type="NNS" lemma="hundred">hundreds</w>
<w type="IN" lemma="of">of</w>
<w type="NNS" lemma="year">years</w>
<w type="RB" lemma="apart">apart</w>
<pc type="sub">,</pc>
<w type="CC" lemma="but">but</w>
<w type="DT" lemma="each">each</w>
<w type="VBD" lemma="be">was</w>
<w type="JJ" lemma="important">important</w>
<w type="RB" lemma="enough">enough</w>
<w type="TO" lemma="to">to</w>
<w type="VV" lemma="get">get</w>
<w type="JJ" lemma="much">much</w>
<w type="NN" lemma="attention">attention</w>
<w type="IN" lemma="in">in</w>
<w type="CD" lemma="@ord@">1988.</w>
</s></p><p><s><w type="DT" lemma="the">The</w>
<w type="JJS" lemma="early">earliest</w>
<w type="NN" lemma="event">event</w>
<w type="WDT" lemma="which">which</w>
<w type="PP" lemma="we">we</w>
<w type="VVD" lemma="remember">remembered</w>
<w type="VBD" lemma="be">was</w>
<w type="DT" lemma="the">the</w>
<w type="NN" lemma="encounter">encounter</w>
<w type="IN" lemma="with">with</w>
<w type="DT" lemma="the">the</w>
<w type="NP" lemma="Spanish">Spanish</w>
<w type="NP" lemma="XXXX">Armada</w>
<w type="IN" lemma="in">in</w>
<w type="CD" lemma="@ord@">1588.</w>
<w type="DT" lemma="the">The</w>
<w type="JJ" lemma="XXXX">400th</w>
<w type="NN" lemma="anniversary">anniversary</w>
<w type="VVD" lemma="fall">fell</w>
<w type="IN" lemma="in">in</w>
<w type="DT" lemma="the">the</w>
<w type="JJ" lemma="same">same</w>
<w type="NN" lemma="year">year</w>
<w type="IN" lemma="in">in</w>
<w type="WDT" lemma="which">which</w>
<w type="PP" lemma="we">we</w>
<w type="VBD" lemma="be">were</w>
<w type="JJ" lemma="able">able</w>
<w type="TO" lemma="to">to</w>
<w type="VV" lemma="mark">mark</w>
<w type="DT" lemma="the">the</w>
<w type="JJ" lemma="happy">happy</w>
<w type="NNS" lemma="relation">relations</w>
<w type="IN" lemma="between">between</w>
<w type="NP" lemma="Britain">Britain</w>
<w type="CC" lemma="and">and</w>
<w type="NP" lemma="Spain">Spain</w>
<w type="WDT" lemma="which">which</w>
<w type="RB" lemma="now">now</w>
<w type="VVP" lemma="exist">exist</w>
<pc type="sub">,</pc>
<w type="IN" lemma="by">by</w>
<w type="PPs" lemma="our">our</w>
<w type="NP" lemma="State">State</w>
<w type="NP" lemma="XXXX">Visit</w>
<w type="TO" lemma="to">to</w>
<w type="NP" lemma="Madrid">Madrid</w>
<pc type="SENT">.</pc>
</s></p><p><s><w type="CD" lemma="Four">Four</w>
<w type="CD" lemma="hundred">hundred</w>
<w type="NNS" lemma="year">years</w>
<w type="IN" lemma="after">after</w>
<w type="NN" lemma="XXXX">'the</w>
<w type="NNS" lemma="wind">winds</w>
<w type="VVD" lemma="blow">blew</w>
<pc type="cq">'</pc>
<w type="CC" lemma="and">and</w>
<w type="DT" lemma="the">the</w>
<w type="JJ" lemma="Spanish">Spanish</w>
<w type="NNS" lemma="ship">ships</w>
<w type="VBD" lemma="be">were</w>
<w type="VVN" lemma="scatter">scattered</w>
<pc type="sub">,</pc>
<w type="DT" lemma="the">the</w>
<w type="NNS" lemma="event">events</w>
<w type="VBD" lemma="be">were</w>
<w type="VVN" lemma="remember">remembered</w>
<pc type="sub">,</pc>
<w type="IN" lemma="without">without</w>
<w type="NN" lemma="animosity">animosity</w>
<pc type="sub">,</pc>
<w type="IN" lemma="in">in</w>
<w type="DT" lemma="both">both</w>
<w type="NNS" lemma="country">countries</w>
<pc type="SENT">.</pc>
</s></p><p><s><w type="DT" lemma="these">These</w>
<w type="NNS" lemma="print">prints</w>
<w type="IN" lemma="from">from</w>
<w type="DT" lemma="the">the</w>
<w type="NP" lemma="Royal">Royal</w>
<w type="NP" lemma="XXXX">Library</w>
<w type="IN" lemma="at">at</w>
<w type="NP" lemma="Windsor">Windsor</w>
<w type="VVP" lemma="illustrate">illustrate</w>
<w type="DT" lemma="the">the</w>
<w type="NNS" lemma="battle">battles</w>
<w type="CC" lemma="and">and</w>
<w type="DT" lemma="some">some</w>
<w type="IN" lemma="of">of</w>
<w type="DT" lemma="the">the</w>
<w type="JJ" lemma="great">great</w>
<w type="NN" lemma="fleet">fleet</w>
<w type="WDT" lemma="which">which</w>
<w type="VVD" lemma="gather">gathered</w>
<pc type="SENT">.</pc>
</s>
<s><w type="DT" lemma="this">This</w>
<w type="NN" lemma="year">year</w>
<pc type="sub">,</pc>
<w type="DT" lemma="the">the</w>
<w type="JJ" lemma="present">present</w>
<w type="NP" lemma="King">King</w>
<w type="IN" lemma="of">of</w>
<w type="NP" lemma="Spain">Spain</w>
<w type="VVD" lemma="show">showed</w>
<w type="PP" lemma="me">me</w>
<w type="DT" lemma="the">the</w>
<w type="NNS" lemma="room">rooms</w>
<w type="IN" lemma="in">in</w>
<w type="DT" lemma="the">the</w>
<w type="NP" lemma="XXXX">Escorial</w>
<pc type="sub">,</pc>
<w type="WRB" lemma="where">where</w>
<w type="PPs" lemma="his">his</w>
<w type="NN" lemma="predecessor">predecessor</w>
<pc type="sub">,</pc>
<w type="NP" lemma="Philip">Philip</w>
<w type="DT" lemma="the">the</w>
<w type="NP" lemma="Second">Second</w>
<pc type="sub">,</pc>
<w type="VVD" lemma="plan">planned</w>
<w type="DT" lemma="the">the</w>
<w type="NN" lemma="campaign">campaign</w>
<pc type="SENT">.</pc>
</s>
<s><w type="VHD" lemma="have">Had</w>
<w type="DT" lemma="the">the</w>
<w type="NNS" lemma="fortune">fortunes</w>
<w type="IN" lemma="of">of</w>
<w type="NN" lemma="war">war</w>
<w type="VVN" lemma="go">gone</w>
<w type="IN" lemma="against">against</w>
<w type="PP" lemma="us">us</w>
<pc type="sub">,</pc>
<w type="WRB" lemma="how">how</w>
<w type="RB" lemma="very">very</w>
<w type="RB" lemma="differently">differently</w>
<w type="NNS" lemma="event">events</w>
<w type="IN" lemma="in">in</w>
<w type="NP" lemma="Britain">Britain</w>
<w type="CC" lemma="and">and</w>
<w type="NP" lemma="Europe">Europe</w>
<w type="MD" lemma="would">would</w>
<w type="VH" lemma="have">have</w>
<w type="VVD" lemma="unfold">unfolded</w>
<pc type="SENT">.</pc>
</s></p><p><s><w type="RBR" lemma="earlier">Earlier</w>
<w type="IN" lemma="in">in</w>
<w type="DT" lemma="the">the</w>
<w type="NN" lemma="year">year</w>
<pc type="sub">,</pc>
<w type="PP" lemma="we">we</w>
<w type="VVD" lemma="mark">marked</w>
<w type="DT" lemma="another">another</w>
<w type="NN" lemma="event">event</w>
<w type="IN" lemma="of">of</w>
<w type="DT" lemma="the">the</w>
<w type="JJ" lemma="first">first</w>
<w type="NN" lemma="importance">importance</w>
<w type="IN" lemma="in">in</w>
<w type="PPs" lemma="our">our</w>
<w type="NN" lemma="history">history</w>
<pc type="sub">-</pc>
<w type="DT" lemma="the">the</w>
<w type="JJ" lemma="XXXX">300th</w>
<w type="NN" lemma="anniversary">anniversary</w>
<w type="IN" lemma="of">of</w>
<w type="WP" lemma="what">what</w>
<w type="VBZ" lemma="be">is</w>
<w type="RB" lemma="popularly">popularly</w>
<w type="VVN" lemma="know">known</w>
<w type="IN" lemma="as">as</w>
<w type="DT" lemma="the">the</w>
<w type="JJ" lemma="glorious">Glorious</w>
<w type="NN" lemma="revolution">Revolution</w>
<pc type="SENT">.</pc>
</s></p><p><s><w type="DT" lemma="the">The</w>
<w type="NN" lemma="invitation">invitation</w>
<w type="TO" lemma="to">to</w>
<w type="NP" lemma="King">King</w>
<w type="NP" lemma="William">William</w>
<w type="CC" lemma="and">and</w>
<w type="NP" lemma="Queen">Queen</w>
<w type="NP" lemma="Mary">Mary</w>
<w type="TO" lemma="to">to</w>
<w type="VV" lemma="accept">accept</w>
<w type="DT" lemma="the">the</w>
<w type="NNS" lemma="throne">thrones</w>
<w type="IN" lemma="of">of</w>
<w type="NP" lemma="England">England</w>
<w type="CC" lemma="and">and</w>
<w type="NP" lemma="Scotland">Scotland</w>
<w type="RB" lemma="finally">finally</w>
<w type="VVD" lemma="lay">laid</w>
<w type="TO" lemma="to">to</w>
<w type="VV" lemma="rest">rest</w>
<w type="DT" lemma="the">the</w>
<w type="NN" lemma="XXXX">'enterprise</w>
<w type="IN" lemma="of">of</w>
<w type="NP" lemma="England">England</w>
<pc type="cq">'</pc>
<w type="WDT" lemma="which">which</w>
<w type="NP" lemma="Philip">Philip</w>
<w type="IN" lemma="of">of</w>
<w type="NP" lemma="Spain">Spain</w>
<w type="VVD" lemma="set">set</w>
<w type="IN" lemma="in">in</w>
<w type="NN" lemma="hand">hand</w>
<pc type="SENT">.</pc>
</s></p><p><s><w type="PP" lemma="it">It</w>
<w type="RB" lemma="thus">thus</w>
<w type="VVD" lemma="give">gave</w>
<w type="DT" lemma="the">the</w>
<w type="JJ" lemma="particular">particular</w>
<w type="NN" lemma="direction">direction</w>
<w type="TO" lemma="to">to</w>
<w type="PPs" lemma="our">our</w>
<w type="NN" lemma="history">history</w>
<w type="WDT" lemma="which">which</w>
<w type="VBD" lemma="be">was</w>
<w type="TO" lemma="to">to</w>
<w type="VV" lemma="lead">lead</w>
<w type="TO" lemma="to">to</w>
<w type="DT" lemma="the">the</w>
<w type="NN" lemma="development">development</w>
<w type="IN" lemma="of">of</w>
<w type="JJ" lemma="parliamentary">parliamentary</w>
<w type="NN" lemma="democracy">democracy</w>
<w type="CC" lemma="and">and</w>
<w type="DT" lemma="the">the</w>
<w type="NN" lemma="tradition">tradition</w>
<w type="IN" lemma="of">of</w>
<w type="JJ" lemma="political">political</w>
<w type="CC" lemma="and">and</w>
<w type="JJ" lemma="religious">religious</w>
<w type="NN" lemma="toleration">toleration</w>
<w type="WDT" lemma="which">which</w>
<w type="NP" lemma="Britain">Britain</w>
<w type="VVZ" lemma="enjoy">enjoys</w>
<w type="NN" lemma="today">today</w>
<pc type="SENT">.</pc>
</s></p><p><s><w type="PP" lemma="it">It</w>
<w type="VBD" lemma="be">was</w>
<w type="DT" lemma="a">a</w>
<w type="JJ" lemma="great">great</w>
<w type="NN" lemma="pleasure">pleasure</w>
<w type="IN" lemma="for">for</w>
<w type="PP" lemma="us">us</w>
<w type="TO" lemma="to">to</w>
<w type="VV" lemma="celebrate">celebrate</w>
<w type="DT" lemma="that">that</w>
<w type="NN" lemma="event">event</w>
<w type="IN" lemma="in">in</w>
<w type="DT" lemma="the">the</w>
<w type="NN" lemma="company">company</w>
<w type="IN" lemma="of">of</w>
<w type="DT" lemma="the">the</w>
<w type="NP" lemma="Crown">Crown</w>
<w type="NP" lemma="Prince">Prince</w>
<w type="IN" lemma="of">of</w>
<w type="DT" lemma="the">the</w>
<w type="NPS" lemma="Netherlands">Netherlands</w>
<pc type="SENT">.</pc>
</s>
<s><w type="RB" lemma="together">Together</w>
<w type="PP" lemma="we">we</w>
<w type="VVD" lemma="visit">visited</w>
<w type="NP" lemma="Torbay">Torbay</w>
<pc type="sub">-</pc>
<w type="WDT" lemma="which">which</w>
<w type="VBD" lemma="be">was</w>
<w type="WRB" lemma="where">where</w>
<w type="NP" lemma="King">King</w>
<w type="NP" lemma="William">William</w>
<w type="VVD" lemma="land">landed</w>
<w type="IN" lemma="in">in</w>
<w type="CD" lemma="@ord@">1688.</w>
</s></p><p><s><w type="PP" lemma="it">It</w>
<w type="VBD" lemma="be">was</w>
<w type="VVD" lemma="shroud">shrouded</w>
<w type="IN" lemma="with">with</w>
<w type="NN" lemma="fog">fog</w>
<w type="WRB" lemma="when">when</w>
<w type="PP" lemma="we">we</w>
<w type="VBD" lemma="be">were</w>
<w type="RB" lemma="there">there</w>
<pc type="sub">,</pc>
<w type="CC" lemma="but">but</w>
<w type="PP" lemma="we">we</w>
<w type="VVD" lemma="do">did</w>
<w type="VV" lemma="manage">manage</w>
<w type="TO" lemma="to">to</w>
<w type="VV" lemma="see">see</w>
<w type="IN" lemma="through">through</w>
<w type="DT" lemma="the">the</w>
<w type="NN" lemma="mist">mist</w>
<w type="DT" lemma="some">some</w>
<w type="IN" lemma="of">of</w>
<w type="DT" lemma="the">the</w>
<w type="NNS" lemma="hundred">hundreds</w>
<w type="IN" lemma="of">of</w>
<w type="JJ" lemma="British">British</w>
<w type="CC" lemma="and">and</w>
<w type="JJ" lemma="Dutch">Dutch</w>
<w type="NNS" lemma="yacht">yachts</w>
<w type="WDT" lemma="that">that</w>
<w type="VHD" lemma="have">had</w>
<w type="VVN" lemma="assemble">assembled</w>
<w type="RB" lemma="there">there</w>
<pc type="SENT">.</pc>
</s></p><p><s><w type="CD" lemma="Three">Three</w>
<w type="CD" lemma="hundred">hundred</w>
<w type="NNS" lemma="year">years</w>
<w type="MD" lemma="may">may</w>
<w type="VV" lemma="seem">seem</w>
<w type="DT" lemma="a">a</w>
<w type="JJ" lemma="long">long</w>
<w type="NN" lemma="time">time</w>
<w type="RB" lemma="ago">ago</w>
<pc type="sub">,</pc>
<w type="CC" lemma="but">but</w>
<w type="EX" lemma="there">there</w>
<w type="VBP" lemma="are">are</w>
<w type="RB" lemma="still">still</w>
<w type="DT" lemma="some">some</w>
<w type="NNS" lemma="object">objects</w>
<w type="RB" lemma="here">here</w>
<w type="IN" lemma="in">in</w>
<w type="NP" lemma="Buckingham">Buckingham</w>
<w type="NP" lemma="Palace">Palace</w>
<w type="WDT" lemma="which">which</w>
<w type="VVP" lemma="bring">bring</w>
<w type="TO" lemma="to">to</w>
<w type="NN" lemma="life">life</w>
<w type="NP" lemma="William">William</w>
<w type="CC" lemma="and">and</w>
<w type="NP" lemma="Mary">Mary</w>
<w type="IN" lemma="as">as</w>
<w type="NNS" lemma="people">people</w>
<pc type="sub">-</pc>
<w type="CC" lemma="and">and</w>
<w type="CD" lemma="one">one</w>
<w type="WDT" lemma="which">which</w>
<w type="PP" lemma="I">I</w>
<w type="RB" lemma="particularly">particularly</w>
<w type="NN" lemma="treasure">treasure</w>
<w type="VBZ" lemma="be">is</w>
<w type="DT" lemma="this">this</w>
<w type="JJ" lemma="little">little</w>
<w type="NN" lemma="patch">patch</w>
<w type="NN" lemma="box">box</w>
<w type="WDT" lemma="that">that</w>
<w type="VVD" lemma="belong">belonged</w>
<w type="TO" lemma="to">to</w>
<w type="DT" lemma="the">The</w>
<w type="NP" lemma="Queen">Queen</w>
<w type="CC" lemma="and">and</w>
<w type="WDT" lemma="which">which</w>
<w type="NN" lemma="caries">caries</w>
<w type="PPs" lemma="her">her</w>
<w type="NN" lemma="monogram">monogram</w>
<w type="VVN" lemma="entwine">entwined</w>
<w type="IN" lemma="with">with</w>
<w type="NP" lemma="William">William</w>
<w type="POS" lemma="'s">'s</w>
<w type="IN" lemma="on">on</w>
<w type="DT" lemma="the">the</w>
<w type="NN" lemma="lid">lid</w>
<pc type="SENT">.</pc>
</s></p><p><s><w type="DT" lemma="the">The</w>
<w type="CD" lemma="@card@">1988</w>
<w type="NN" lemma="anniversary">anniversary</w>
<w type="NN" lemma="season">season</w>
<w type="VVD" lemma="open">opened</w>
<w type="IN" lemma="in">in</w>
<w type="NP" lemma="Australia">Australia</w>
<pc type="sub">-</pc>
<w type="IN" lemma="with">with</w>
<w type="DT" lemma="a">a</w>
<w type="JJ" lemma="grand">grand</w>
<w type="NN" lemma="party">party</w>
<w type="IN" lemma="on">on</w>
<w type="NP" lemma="Australia">Australia</w>
<w type="NP" lemma="Day">Day</w>
<w type="TO" lemma="to">to</w>
<w type="VV" lemma="mark">mark</w>
<w type="DT" lemma="the">the</w>
<w type="NN" lemma="country">country</w>
<w type="POS" lemma="'s">'s</w>
<w type="JJ" lemma="XXXX">200th</w>
<w type="NN" lemma="birthday">birthday</w>
<pc type="SENT">.</pc>
</s>
<s><w type="PP" lemma="it">It</w>
<w type="VBD" lemma="be">was</w>
<w type="DT" lemma="a">a</w>
<w type="NN" lemma="party">party</w>
<w type="WDT" lemma="which">which</w>
<w type="VVD" lemma="go">went</w>
<w type="IN" lemma="on">on</w>
<w type="IN" lemma="for">for</w>
<w type="JJS" lemma="most">most</w>
<w type="IN" lemma="of">of</w>
<w type="DT" lemma="the">the</w>
<w type="NN" lemma="year">year</w>
<pc type="sub">,</pc>
<w type="CC" lemma="but">but</w>
<w type="NP" lemma="Prince">Prince</w>
<w type="NP" lemma="Philip">Philip</w>
<w type="CC" lemma="and">and</w>
<w type="PP" lemma="I">I</w>
<w type="VVD" lemma="join">joined</w>
<w type="IN" lemma="in">in</w>
<w type="DT" lemma="the">the</w>
<w type="NNS" lemma="festivity">festivities</w>
<w type="IN" lemma="in">in</w>
<w type="NP" lemma="April">April</w>
<w type="CC" lemma="and">and</w>
<w type="NP" lemma="May">May</w>
<pc type="SENT">.</pc>
</s></p><p><s><w type="IN" lemma="like">Like</w>
<w type="RB" lemma="so">so</w>
<w type="JJ" lemma="many">many</w>
<w type="NNS" lemma="visitor">visitors</w>
<w type="IN" lemma="in">in</w>
<w type="JJ" lemma="bicentennial">Bicentennial</w>
<w type="NN" lemma="year">year</w>
<pc type="sub">,</pc>
<w type="PP" lemma="we">we</w>
<w type="VVD" lemma="bring">brought</w>
<w type="RB" lemma="home">home</w>
<w type="DT" lemma="some">some</w>
<w type="NNS" lemma="souvenir">souvenirs</w>
<w type="IN" lemma="of">of</w>
<w type="PPs" lemma="our">our</w>
<w type="NN" lemma="visit">visit</w>
<pc type="SENT">.</pc>
</s>
<s><w type="IN" lemma="in">In</w>
<w type="PPs" lemma="our">our</w>
<w type="NN" lemma="case">case</w>
<w type="PP" lemma="it">it</w>
<w type="VBD" lemma="be">was</w>
<w type="DT" lemma="some">some</w>
<w type="JJ" lemma="delightful">delightful</w>
<w type="JJ" lemma="early">early</w>
<w type="NNS" lemma="print">prints</w>
<w type="IN" lemma="of">of</w>
<w type="NP" lemma="Sydney">Sydney</w>
<pc type="sub">,</pc>
<w type="WDT" lemma="which">which</w>
<w type="VVD" lemma="serve">served</w>
<w type="TO" lemma="to">to</w>
<w type="VV" lemma="remind">remind</w>
<w type="PP" lemma="us">us</w>
<w type="IN" lemma="of">of</w>
<w type="DT" lemma="the">the</w>
<w type="JJ" lemma="extraordinary">extraordinary</w>
<w type="NNS" lemma="development">developments</w>
<w type="WDT" lemma="which">which</w>
<w type="VHP" lemma="have">have</w>
<w type="VVN" lemma="take">taken</w>
<w type="NN" lemma="place">place</w>
<w type="IN" lemma="in">in</w>
<w type="NP" lemma="Australia">Australia</w>
<w type="IN" lemma="in">in</w>
<w type="DT" lemma="the">the</w>
<w type="JJ" lemma="short">short</w>
<w type="NN" lemma="space">space</w>
<w type="IN" lemma="of">of</w>
<w type="CD" lemma="two">two</w>
<w type="CD" lemma="hundred">hundred</w>
<w type="NNS" lemma="year">years</w>
<pc type="SENT">.</pc>
</s></p><p><s><w type="NN" lemma="contrast">Contrast</w>
<w type="DT" lemma="this">this</w>
<w type="NN" lemma="scene">scene</w>
<w type="IN" lemma="of">of</w>
<w type="NP" lemma="Sydney">Sydney</w>
<w type="NP" lemma="Harbour">Harbour</w>
<w type="IN" lemma="with">with</w>
<w type="DT" lemma="the">the</w>
<w type="NNS" lemma="picture">pictures</w>
<w type="PP" lemma="we">we</w>
<w type="RB" lemma="all">all</w>
<w type="VVD" lemma="see">saw</w>
<w type="IN" lemma="of">of</w>
<w type="DT" lemma="the">the</w>
<w type="JJ" lemma="crowded">crowded</w>
<w type="NNS" lemma="water">waters</w>
<w type="IN" lemma="around">around</w>
<w type="DT" lemma="the">the</w>
<w type="NP" lemma="Opera">Opera</w>
<w type="NP" lemma="House">House</w>
<w type="CC" lemma="and">and</w>
<w type="DT" lemma="the">the</w>
<w type="JJ" lemma="famous">famous</w>
<w type="NN" lemma="bridge">bridge</w>
<w type="IN" lemma="in">in</w>
<w type="NP" lemma="January">January</w>
<w type="DT" lemma="this">this</w>
<w type="NN" lemma="year">year</w>
<pc type="SENT">.</pc>
</s></p><p><s><w type="NNS" lemma="centenary">Centenaries</w>
<w type="MD" lemma="may">may</w>
<w type="VV" lemma="seem">seem</w>
<w type="RB" lemma="rather">rather</w>
<w type="JJ" lemma="arbitrary">arbitrary</w>
<w type="NNS" lemma="occasion">occasions</w>
<pc type="sub">,</pc>
<w type="CC" lemma="but">but</w>
<w type="PP" lemma="they">they</w>
<w type="RB" lemma="nonetheless">nonetheless</w>
<w type="VV" lemma="prompt">prompt</w>
<w type="PP" lemma="us">us</w>
<w type="TO" lemma="to">to</w>
<w type="VV" lemma="look">look</w>
<w type="RB" lemma="back">back</w>
<w type="IN" lemma="into">into</w>
<w type="DT" lemma="the">the</w>
<w type="NN" lemma="past">past</w>
<pc type="SENT">.</pc>
</s>
<s><w type="WRB" lemma="when">When</w>
<w type="PP" lemma="we">we</w>
<w type="VVP" lemma="do">do</w>
<w type="RB" lemma="so">so</w>
<pc type="sub">,</pc>
<w type="PP" lemma="we">we</w>
<w type="MD" lemma="can">can</w>
<w type="VV" lemma="draw">draw</w>
<w type="NN" lemma="hope">hope</w>
<w type="IN" lemma="from">from</w>
<w type="VVG" lemma="see">seeing</w>
<w type="WRB" lemma="how">how</w>
<w type="JJ" lemma="ancient">ancient</w>
<w type="NNS" lemma="enmity">enmities</w>
<w type="VHP" lemma="have">have</w>
<w type="VVN" lemma="vanish">vanished</w>
<pc type="sub">;</pc>
<w type="CC" lemma="and">and</w>
<w type="WRB" lemma="how">how</w>
<w type="JJ" lemma="new">new</w>
<w type="NNS" lemma="nation">nations</w>
<w type="VHP" lemma="have">have</w>
<w type="VVN" lemma="grow">grown</w>
<w type="CC" lemma="and">and</w>
<w type="VVN" lemma="establish">established</w>
<w type="PP" lemma="themselves">themselves</w>
<w type="IN" lemma="in">in</w>
<w type="NN" lemma="vigour">vigour</w>
<w type="CC" lemma="and">and</w>
<w type="NN" lemma="wisdom">wisdom</w>
<pc type="SENT">.</pc>
</s></p><p><s><w type="RB" lemma="equally">Equally</w>
<pc type="sub">,</pc>
<w type="PP" lemma="they">they</w>
<w type="VVP" lemma="make">make</w>
<w type="PP" lemma="us">us</w>
<w type="VVP" lemma="reflect">reflect</w>
<w type="IN" lemma="on">on</w>
<w type="NNS" lemma="injustice">injustices</w>
<w type="CC" lemma="and">and</w>
<w type="NNS" lemma="tragedy">tragedies</w>
<w type="CC" lemma="and">and</w>
<w type="VV" lemma="inspire">inspire</w>
<w type="PP" lemma="us">us</w>
<w type="TO" lemma="to">to</w>
<w type="VV" lemma="do">do</w>
<w type="PPs" lemma="our">our</w>
<w type="JJS" lemma="good">best</w>
<w type="TO" lemma="to">to</w>
<w type="VV" lemma="learn">learn</w>
<w type="IN" lemma="from">from</w>
<w type="DT" lemma="these">these</w>
<w type="RB" lemma="as">as</w>
<w type="RB" lemma="well">well</w>
<pc type="SENT">.</pc>
</s></p><p><s><w type="TO" lemma="To">To</w>
<w type="VV" lemma="do">do</w>
<w type="IN" lemma="that">that</w>
<pc type="sub">,</pc>
<w type="PP" lemma="we">we</w>
<w type="RB" lemma="surely">surely</w>
<w type="MD" lemma="should">should</w>
<w type="VV" lemma="draw">draw</w>
<w type="NN" lemma="inspiration">inspiration</w>
<w type="IN" lemma="from">from</w>
<w type="CD" lemma="one">one</w>
<w type="JJ" lemma="other">other</w>
<w type="NN" lemma="anniversary">anniversary</w>
<pc type="sub">-</pc>
<w type="DT" lemma="the">the</w>
<w type="NN" lemma="one">one</w>
<w type="PP" lemma="we">we</w>
<w type="VVP" lemma="celebrate">celebrate</w>
<w type="DT" lemma="every">every</w>
<w type="NN" lemma="year">year</w>
<w type="IN" lemma="at">at</w>
<w type="DT" lemma="this">this</w>
<w type="NN" lemma="time">time</w>
<pc type="sub">,</pc>
<w type="DT" lemma="the">the</w>
<w type="NN" lemma="birth">birth</w>
<w type="IN" lemma="of">of</w>
<w type="NP" lemma="Christ">Christ</w>
<pc type="SENT">.</pc>
</s></p><p><s><w type="EX" lemma="There">There</w>
<w type="VBP" lemma="are">are</w>
<w type="JJ" lemma="many">many</w>
<w type="JJ" lemma="grand">grand</w>
<w type="CC" lemma="and">and</w>
<w type="JJ" lemma="splendid">splendid</w>
<w type="NNS" lemma="picture">pictures</w>
<w type="IN" lemma="in">in</w>
<w type="DT" lemma="the">the</w>
<w type="NP" lemma="Royal">Royal</w>
<w type="NP" lemma="XXXX">Collection</w>
<w type="WDT" lemma="that">that</w>
<w type="VVP" lemma="illustrate">illustrate</w>
<w type="DT" lemma="this">this</w>
<w type="NN" lemma="event">event</w>
<pc type="sub">,</pc>
<w type="CC" lemma="but">but</w>
<w type="CD" lemma="one">one</w>
<w type="WDT" lemma="which">which</w>
<w type="VVZ" lemma="give">gives</w>
<w type="PP" lemma="me">me</w>
<w type="JJ" lemma="particular">particular</w>
<w type="NN" lemma="pleasure">pleasure</w>
<w type="VBZ" lemma="be">is</w>
<w type="DT" lemma="this">this</w>
<w type="JJ" lemma="precious">precious</w>
<pc type="sub">,</pc>
<w type="RB" lemma="almost">almost</w>
<w type="JJ" lemma="jewel-like">jewel-like</w>
<w type="NN" lemma="book">book</w>
<pc type="SENT">.</pc>
</s></p><p><s><w type="PP" lemma="it">It</w>
<w type="VBZ" lemma="be">is</w>
<w type="DT" lemma="a">a</w>
<w type="NN" lemma="XXXX">'Book</w>
<w type="IN" lemma="of">of</w>
<w type="NNS" lemma="hour">Hours</w>
<w type="POS" lemma="'">'</w>
<pc type="sub">,</pc>
<w type="JJ" lemma="full">full</w>
<w type="IN" lemma="of">of</w>
<w type="NNS" lemma="prayer">prayers</w>
<w type="CC" lemma="and">and</w>
<w type="JJ" lemma="devotional">devotional</w>
<w type="NNS" lemma="reading">readings</w>
<pc type="SENT">.</pc>
</s>
<s><w type="PP" lemma="it">It</w>
<w type="VBZ" lemma="be">'s</w>
<w type="IN" lemma="in">in</w>
<w type="NP" lemma="Latin">Latin</w>
<pc type="sub">,</pc>
<w type="CC" lemma="but">but</w>
<w type="PP" lemma="it">it</w>
<w type="VVZ" lemma="contain">contains</w>
<w type="DT" lemma="the">the</w>
<w type="RBS" lemma="most">most</w>
<w type="JJ" lemma="exquisite">exquisite</w>
<w type="NNS" lemma="illumination">illuminations</w>
<w type="CC" lemma="and">and</w>
<w type="PP" lemma="it">it</w>
<w type="VBZ" lemma="be">is</w>
<w type="DT" lemma="these">these</w>
<w type="WDT" lemma="that">that</w>
<w type="VVP" lemma="speak">speak</w>
<w type="TO" lemma="to">to</w>
<w type="PP" lemma="us">us</w>
<w type="RBS" lemma="most">most</w>
<w type="RB" lemma="movingly">movingly</w>
<pc type="SENT">.</pc>
</s></p><p><s><w type="DT" lemma="the">The</w>
<w type="JJ" lemma="anonymous">anonymous</w>
<w type="NN" lemma="person">person</w>
<w type="WP" lemma="who">who</w>
<w type="VVD" lemma="draw">drew</w>
<w type="DT" lemma="the">the</w>
<w type="NNS" lemma="picture">pictures</w>
<w type="RB" lemma="nearly">nearly</w>
<w type="CD" lemma="five">five</w>
<w type="CD" lemma="hundred">hundred</w>
<w type="NNS" lemma="year">years</w>
<w type="RB" lemma="ago">ago</w>
<w type="VHZ" lemma="have">has</w>
<w type="VVN" lemma="include">included</w>
<w type="PDT" lemma="all">all</w>
<w type="DT" lemma="the">the</w>
<w type="JJ" lemma="familiar">familiar</w>
<w type="NNS" lemma="element">elements</w>
<w type="IN" lemma="of">of</w>
<w type="DT" lemma="the">the</w>
<w type="NP" lemma="Christmas">Christmas</w>
<w type="NN" lemma="story">story</w>
<w type="WDT" lemma="which">which</w>
<w type="PP" lemma="we">we</w>
<w type="VVP" lemma="hear">hear</w>
<w type="IN" lemma="with">with</w>
<w type="JJ" lemma="such">such</w>
<w type="NN" lemma="pleasure">pleasure</w>
<w type="DT" lemma="every">every</w>
<w type="NN" lemma="year">year</w>
<pc type="SENT">.</pc>
</s></p><p><s><w type="RB" lemma="here">Here</w>
<w type="VBP" lemma="are">are</w>
<w type="DT" lemma="the">the</w>
<w type="NNS" lemma="angel">angels</w>
<pc type="sub">,</pc>
<w type="VVG" lemma="bring">bringing</w>
<w type="DT" lemma="the">the</w>
<w type="JJ" lemma="glad">glad</w>
<w type="NN" lemma="tidings">tidings</w>
<w type="TO" lemma="to">to</w>
<w type="DT" lemma="the">the</w>
<w type="NNS" lemma="shepherd">shepherds</w>
<pc type="sub">,</pc>
<w type="WP" lemma="who">who</w>
<w type="VVP" lemma="listen">listen</w>
<w type="RB" lemma="attentively">attentively</w>
<pc type="SENT">.</pc>
</s>
<s><w type="RB" lemma="down">Down</w>
<w type="RB" lemma="here">here</w>
<pc type="sub">,</pc>
<w type="WRB" lemma="where">where</w>
<w type="NN" lemma="baby">baby</w>
<w type="NP" lemma="Jesus">Jesus</w>
<w type="VVZ" lemma="lie">lies</w>
<w type="IN" lemma="in">in</w>
<w type="DT" lemma="the">the</w>
<w type="NN" lemma="stall">stall</w>
<pc type="sub">,</pc>
<w type="PP" lemma="you">you</w>
<w type="MD" lemma="can">can</w>
<w type="VV" lemma="see">see</w>
<w type="NP" lemma="Mary">Mary</w>
<w type="CC" lemma="and">and</w>
<w type="NP" lemma="Joseph">Joseph</w>
<pc type="sub">,</pc>
<w type="VVG" lemma="watch">watching</w>
<w type="IN" lemma="over">over</w>
<w type="PP" lemma="him">him</w>
<pc type="sub">,</pc>
<w type="RB" lemma="quite">quite</w>
<w type="JJ" lemma="unmoved">unmoved</w>
<pc type="sub">,</pc>
<w type="PP" lemma="it">it</w>
<w type="VVZ" lemma="seem">seems</w>
<pc type="sub">,</pc>
<w type="IN" lemma="by">by</w>
<w type="DT" lemma="the">the</w>
<w type="NN" lemma="man">man</w>
<w type="VVG" lemma="play">playing</w>
<w type="DT" lemma="the">the</w>
<w type="NN" lemma="bagpipes">bagpipes</w>
<w type="NN" lemma="overhead">overhead</w>
<pc type="SENT">.</pc>
</s></p><p><s><w type="DT" lemma="the">The</w>
<w type="NN" lemma="star">star</w>
<w type="IN" lemma="over">over</w>
<w type="DT" lemma="the">the</w>
<w type="NN" lemma="stable">stable</w>
<w type="VHZ" lemma="have">has</w>
<w type="VVN" lemma="light">lit</w>
<w type="DT" lemma="the">the</w>
<w type="NN" lemma="way">way</w>
<w type="IN" lemma="for">for</w>
<w type="DT" lemma="all">all</w>
<w type="IN" lemma="of">of</w>
<w type="PP" lemma="us">us</w>
<w type="RB" lemma="ever">ever</w>
<w type="IN" lemma="since">since</w>
<pc type="sub">,</pc>
<w type="CC" lemma="and">and</w>
<w type="EX" lemma="there">there</w>
<w type="MD" lemma="should">should</w>
<w type="VB" lemma="be">be</w>
<w type="DT" lemma="no">no</w>
<w type="NN" lemma="one">one</w>
<w type="WP" lemma="who">who</w>
<w type="VVZ" lemma="feel">feels</w>
<w type="VVN" lemma="shut">shut</w>
<w type="RP" lemma="out">out</w>
<w type="IN" lemma="from">from</w>
<w type="IN" lemma="that">that</w>
<w type="VVG" lemma="welcome">welcoming</w>
<w type="CC" lemma="and">and</w>
<w type="VVG" lemma="guide">guiding</w>
<w type="NN" lemma="light">light</w>
<pc type="SENT">.</pc>
</s>
<s><w type="DT" lemma="the">The</w>
<w type="NNS" lemma="legend">legends</w>
<w type="IN" lemma="of">of</w>
<w type="NP" lemma="Christmas">Christmas</w>
<w type="IN" lemma="about">about</w>
<w type="DT" lemma="the">the</w>
<w type="NN" lemma="ox">ox</w>
<w type="CC" lemma="and">and</w>
<w type="DT" lemma="the">the</w>
<w type="NN" lemma="ass">ass</w>
<w type="VVP" lemma="suggest">suggest</w>
<w type="IN" lemma="that">that</w>
<w type="RB" lemma="even">even</w>
<w type="DT" lemma="the">the</w>
<w type="NNS" lemma="animal">animals</w>
<w type="VBP" lemma="are">are</w>
<w type="RB" lemma="not">not</w>
<w type="JJ" lemma="outside">outside</w>
<w type="IN" lemma="that">that</w>
<w type="JJ" lemma="loving">loving</w>
<w type="NN" lemma="care">care</w>
<pc type="SENT">.</pc>
</s></p><p><s><w type="RB" lemma="recently">Recently</w>
<pc type="sub">,</pc>
<w type="JJ" lemma="many">many</w>
<w type="IN" lemma="of">of</w>
<w type="PP" lemma="you">you</w>
<w type="MD" lemma="will">will</w>
<w type="VH" lemma="have">have</w>
<w type="VVN" lemma="set">set</w>
<w type="RB" lemma="up">up</w>
<w type="CC" lemma="and">and</w>
<w type="VVN" lemma="decorate">decorated</w>
<w type="DT" lemma="a">a</w>
<w type="NP" lemma="Christmas">Christmas</w>
<w type="NN" lemma="tree">tree</w>
<w type="IN" lemma="in">in</w>
<w type="PPs" lemma="your">your</w>
<w type="NNS" lemma="home">homes</w>
<pc type="SENT">.</pc>
</s>
<s><w type="RB" lemma="often">Often</w>
<w type="DT" lemma="these">these</w>
<w type="VBP" lemma="are">are</w>
<w type="VVN" lemma="put">put</w>
<w type="IN" lemma="by">by</w>
<w type="DT" lemma="a">a</w>
<w type="NN" lemma="window">window</w>
<w type="CC" lemma="and">and</w>
<w type="DT" lemma="the">the</w>
<w type="JJ" lemma="bright">bright</w>
<w type="CC" lemma="and">and</w>
<w type="VVG" lemma="shine">shining</w>
<w type="NN" lemma="tree">tree</w>
<w type="VBZ" lemma="be">is</w>
<w type="RB" lemma="there">there</w>
<w type="IN" lemma="for">for</w>
<w type="DT" lemma="every">every</w>
<w type="NN" lemma="passer-by">passer-by</w>
<w type="TO" lemma="to">to</w>
<w type="VV" lemma="see">see</w>
<w type="CC" lemma="and">and</w>
<w type="NN" lemma="share">share</w>
<pc type="SENT">.</pc>
</s>
<s><w type="PP" lemma="I">I</w>
<w type="VVP" lemma="like">like</w>
<w type="TO" lemma="to">to</w>
<w type="VV" lemma="think">think</w>
<w type="IN" lemma="that">that</w>
<w type="IN" lemma="if">if</w>
<w type="NN" lemma="someone">someone</w>
<w type="WP" lemma="who">who</w>
<w type="VVZ" lemma="feel">feels</w>
<w type="JJ" lemma="lonely">lonely</w>
<w type="CC" lemma="and">and</w>
<w type="JJ" lemma="unloved">unloved</w>
<w type="MD" lemma="should">should</w>
<w type="VV" lemma="see">see</w>
<w type="PDT" lemma="such">such</w>
<w type="DT" lemma="a">a</w>
<w type="NN" lemma="tree">tree</w>
<pc type="sub">,</pc>
<w type="DT" lemma="that">that</w>
<w type="NN" lemma="person">person</w>
<w type="MD" lemma="might">might</w>
<w type="VV" lemma="feel">feel</w>
<pc type="sub">:</pc>
<w type="NN" lemma="XXXX">'It</w>
<w type="VBD" lemma="be">was</w>
<w type="VVN" lemma="mean">meant</w>
<w type="IN" lemma="for">for</w>
<w type="PP" lemma="me">me</w>
<pc type="cq">'</pc>
<pc type="SENT">.</pc>
</s></p><p><s><w type="MD" lemma="May">May</w>
<w type="DT" lemma="the">the</w>
<w type="NP" lemma="Christmas">Christmas</w>
<w type="NN" lemma="story">story</w>
<w type="VVP" lemma="encourage">encourage</w>
<w type="PP" lemma="you">you</w>
<pc type="sub">,</pc>
<w type="IN" lemma="for">for</w>
<w type="PP" lemma="it">it</w>
<w type="VBZ" lemma="be">is</w>
<w type="DT" lemma="a">a</w>
<w type="NN" lemma="message">message</w>
<w type="IN" lemma="of">of</w>
<w type="NN" lemma="hope">hope</w>
<w type="DT" lemma="every">every</w>
<w type="NN" lemma="year">year</w>
<pc type="sub">,</pc>
<w type="RB" lemma="not">not</w>
<w type="IN" lemma="for">for</w>
<w type="DT" lemma="a">a</w>
<w type="JJ" lemma="few">few</w>
<pc type="sub">,</pc>
<w type="CC" lemma="but">but</w>
<w type="IN" lemma="for">for</w>
<w type="DT" lemma="all">all</w>
<pc type="SENT">.</pc>
</s></p><p><s><w type="RB" lemma="so">So</w>
<w type="IN" lemma="in">in</w>
<w type="VVG" lemma="send">sending</w>
<w type="PP" lemma="you">you</w>
<w type="PPs" lemma="my">my</w>
<w type="NP" lemma="Christmas">Christmas</w>
<w type="NN" lemma="greeting">greeting</w>
<pc type="sub">,</pc>
<w type="PP" lemma="I">I</w>
<w type="VV" lemma="pray">pray</w>
<w type="IN" lemma="that">that</w>
<w type="NP" lemma="God">God</w>
<w type="MD" lemma="may">may</w>
<w type="VV" lemma="bless">bless</w>
<w type="PP" lemma="you">you</w>
<pc type="sub">-</pc>
<w type="DT" lemma="every">every</w>
<w type="NN" lemma="one">one</w>
<pc type="SENT">.</pc>
</s></p><p><s><w type="IN" lemma="as">As</w>
<w type="PP" lemma="you">you</w>
<w type="RB" lemma="probably">probably</w>
<w type="RB" lemma="all">all</w>
<w type="VV" lemma="know">know</w>
<pc type="sub">,</pc>
<w type="PPs" lemma="my">my</w>
<w type="NP" lemma="Christmas">Christmas</w>
<w type="NP" lemma="Broadcast">Broadcast</w>
<w type="VHZ" lemma="have">has</w>
<w type="TO" lemma="to">to</w>
<w type="VB" lemma="be">be</w>
<w type="VVN" lemma="record">recorded</w>
<w type="RB" lemma="well">well</w>
<w type="IN" lemma="before">before</w>
<w type="NP" lemma="Christmas">Christmas</w>
<w type="NP" lemma="Day">Day</w>
<w type="RB" lemma="so">so</w>
<w type="IN" lemma="that">that</w>
<w type="PP" lemma="it">it</w>
<w type="MD" lemma="can">can</w>
<w type="VB" lemma="be">be</w>
<w type="VVN" lemma="make">made</w>
<w type="JJ" lemma="available">available</w>
<w type="TO" lemma="to">to</w>
<w type="NN" lemma="radio">radio</w>
<w type="CC" lemma="and">and</w>
<w type="NN" lemma="television">television</w>
<w type="NNS" lemma="station">stations</w>
<w type="IN" lemma="throughout">throughout</w>
<w type="DT" lemma="the">the</w>
<w type="NP" lemma="Commonwealth">Commonwealth</w>
<pc type="SENT">.</pc>
</s></p><p><s><w type="IN" lemma="since">Since</w>
<w type="PP" lemma="I">I</w>
<w type="VVD" lemma="make">made</w>
<w type="IN" lemma="that">that</w>
<w type="VVG" lemma="record">recording</w>
<w type="DT" lemma="this">this</w>
<w type="NN" lemma="year">year</w>
<pc type="sub">,</pc>
<w type="PP" lemma="we">we</w>
<w type="VHP" lemma="have">have</w>
<w type="RB" lemma="all">all</w>
<w type="VBN" lemma="be">been</w>
<w type="VVN" lemma="shock">shocked</w>
<w type="CC" lemma="and">and</w>
<w type="JJ" lemma="distressed">distressed</w>
<w type="IN" lemma="by">by</w>
<w type="DT" lemma="a">a</w>
<w type="NN" lemma="series">series</w>
<w type="IN" lemma="of">of</w>
<w type="JJ" lemma="major">major</w>
<w type="NNS" lemma="disaster">disasters</w>
<pc type="sub">:</pc>
<w type="RB" lemma="here">here</w>
<w type="IN" lemma="in">in</w>
<w type="NP" lemma="Britain">Britain</w>
<pc type="sub">,</pc>
<w type="DT" lemma="the">the</w>
<w type="JJS" lemma="bad">worst</w>
<w type="NN" lemma="air">air</w>
<w type="NN" lemma="crash">crash</w>
<w type="IN" lemma="in">in</w>
<w type="PPs" lemma="our">our</w>
<w type="NN" lemma="history">history</w>
<w type="IN" lemma="at">at</w>
<w type="NP" lemma="Lockerbie">Lockerbie</w>
<w type="CC" lemma="and">and</w>
<w type="DT" lemma="a">a</w>
<w type="JJ" lemma="serious">serious</w>
<w type="NN" lemma="train">train</w>
<w type="NN" lemma="accident">accident</w>
<w type="IN" lemma="at">at</w>
<w type="NP" lemma="Clapham">Clapham</w>
<pc type="sub">;</pc>
<w type="CC" lemma="and">and</w>
<w type="IN" lemma="in">in</w>
<w type="NP" lemma="Armenia">Armenia</w>
<pc type="sub">,</pc>
<w type="DT" lemma="a">a</w>
<w type="JJ" lemma="terrible">terrible</w>
<w type="NN" lemma="earthquake">earthquake</w>
<pc type="SENT">.</pc>
</s></p><p><s><w type="DT" lemma="all">All</w>
<w type="CD" lemma="three">three</w>
<w type="VVD" lemma="come">came</w>
<w type="IN" lemma="with">with</w>
<w type="JJ" lemma="great">great</w>
<w type="NN" lemma="suddenness">suddenness</w>
<w type="CC" lemma="and">and</w>
<w type="VVD" lemma="destroy">destroyed</w>
<w type="DT" lemma="the">the</w>
<w type="NNS" lemma="life">lives</w>
<w type="IN" lemma="of">of</w>
<w type="JJ" lemma="many">many</w>
<w type="NNS" lemma="people">people</w>
<w type="WP" lemma="who">who</w>
<w type="VBD" lemma="be">were</w>
<w type="VVG" lemma="look">looking</w>
<w type="RB" lemma="forward">forward</w>
<w type="TO" lemma="to">to</w>
<w type="VVG" lemma="celebrate">celebrating</w>
<w type="NP" lemma="Christmas">Christmas</w>
<w type="IN" lemma="with">with</w>
<w type="PPs" lemma="their">their</w>
<w type="NNS" lemma="family">families</w>
<w type="CC" lemma="and">and</w>
<w type="NNS" lemma="friend">friends</w>
<pc type="SENT">.</pc>
</s>
<s><w type="RB" lemma="so">So</w>
<w type="EX" lemma="there">there</w>
<w type="VBP" lemma="are">are</w>
<w type="JJ" lemma="many">many</w>
<w type="NNS" lemma="home">homes</w>
<w type="NN" lemma="today">today</w>
<w type="WRB" lemma="where">where</w>
<w type="DT" lemma="the">the</w>
<w type="NN" lemma="joy">joy</w>
<w type="IN" lemma="of">of</w>
<w type="NP" lemma="Christmas">Christmas</w>
<w type="VHZ" lemma="have">has</w>
<w type="VBN" lemma="be">been</w>
<w type="VVN" lemma="darken">darkened</w>
<w type="IN" lemma="by">by</w>
<w type="DT" lemma="a">a</w>
<w type="NN" lemma="cloud">cloud</w>
<w type="IN" lemma="of">of</w>
<w type="NN" lemma="sadness">sadness</w>
<w type="CC" lemma="and">and</w>
<w type="NN" lemma="grief">grief</w>
<pc type="SENT">.</pc>
</s></p><p><s><w type="PPs" lemma="our">Our</w>
<w type="NNS" lemma="heart">hearts</w>
<w type="CC" lemma="and">and</w>
<w type="NNS" lemma="prayer">prayers</w>
<w type="VVP" lemma="go">go</w>
<w type="RP" lemma="out">out</w>
<w type="TO" lemma="to">to</w>
<w type="DT" lemma="those">those</w>
<w type="WP" lemma="who">who</w>
<w type="VHP" lemma="have">have</w>
<w type="VBN" lemma="be">been</w>
<w type="VVN" lemma="injure">injured</w>
<w type="CC" lemma="or">or</w>
<w type="VVN" lemma="bereave">bereaved</w>
<pc type="sub">,</pc>
<w type="CC" lemma="and">and</w>
<w type="PP" lemma="it">it</w>
<w type="VBZ" lemma="be">is</w>
<w type="PPs" lemma="my">my</w>
<w type="NN" lemma="hope">hope</w>
<w type="IN" lemma="that">that</w>
<w type="DT" lemma="the">the</w>
<w type="JJ" lemma="eternal">eternal</w>
<w type="NN" lemma="message">message</w>
<w type="IN" lemma="of">of</w>
<w type="NP" lemma="Christmas">Christmas</w>
<w type="MD" lemma="will">will</w>
<w type="VV" lemma="bring">bring</w>
<w type="DT" lemma="some">some</w>
<w type="NN" lemma="comfort">comfort</w>
<w type="IN" lemma="in">in</w>
<w type="DT" lemma="the">the</w>
<w type="NN" lemma="hour">hour</w>
<w type="IN" lemma="of">of</w>
<w type="NN" lemma="sadness">sadness</w>
<pc type="SENT">.</pc>
</s></p></div>