<div xmlns='http://www.tei-c.org/ns/1.0' n="1990"><head><s><w type="NP" lemma="Christmas">Christmas</w>
<w type="NP" lemma="Broadcast">Broadcast</w>
<w type="CD" lemma="@card@">1990</w>
</s></head><p><s><w type="IN" lemma="over">Over</w>
<w type="DT" lemma="the">the</w>
<w type="NNS" lemma="year">years</w>
<pc type="sub">,</pc>
<w type="PP" lemma="I">I</w>
<w type="VHP" lemma="have">have</w>
<w type="VVN" lemma="dwell">dwelt</w>
<w type="IN" lemma="on">on</w>
<w type="DT" lemma="the">the</w>
<w type="JJR" lemma="happy">happier</w>
<w type="NN" lemma="side">side</w>
<w type="IN" lemma="of">of</w>
<w type="NN" lemma="life">life</w>
<w type="IN" lemma="in">in</w>
<w type="PPs" lemma="my">my</w>
<w type="NP" lemma="Christmas">Christmas</w>
<w type="NP" lemma="XXXX">Broadcasts</w>
<pc type="sub">-</pc>
<w type="PP" lemma="we">we</w>
<w type="VVP" lemma="need">need</w>
<w type="VVG" lemma="remind">reminding</w>
<w type="IN" lemma="of">of</w>
<w type="PP" lemma="it">it</w>
<pc type="sub">,</pc>
<w type="RB" lemma="particularly">particularly</w>
<w type="IN" lemma="at">at</w>
<w type="NP" lemma="Christmas">Christmas</w>
<w type="NN" lemma="time">time</w>
<pc type="SENT">.</pc>
</s>
<s><w type="DT" lemma="this">This</w>
<w type="NN" lemma="year">year</w>
<pc type="sub">,</pc>
<w type="EX" lemma="there">there</w>
<w type="VHP" lemma="have">have</w>
<w type="VBN" lemma="be">been</w>
<pc type="sub">,</pc>
<w type="PP" lemma="I">I</w>
<w type="VVP" lemma="hope">hope</w>
<pc type="sub">,</pc>
<w type="NNS" lemma="time">times</w>
<w type="IN" lemma="of">of</w>
<w type="NN" lemma="happiness">happiness</w>
<w type="CC" lemma="and">and</w>
<w type="JJ" lemma="good">good</w>
<w type="NN" lemma="cheer">cheer</w>
<w type="IN" lemma="for">for</w>
<w type="JJS" lemma="most">most</w>
<w type="IN" lemma="of">of</w>
<w type="PP" lemma="us">us</w>
<pc type="SENT">.</pc>
</s></p><p><s><w type="PPs" lemma="my">My</w>
<w type="NN" lemma="family">family</w>
<pc type="sub">,</pc>
<w type="IN" lemma="for">for</w>
<w type="NN" lemma="instance">instance</w>
<pc type="sub">,</pc>
<w type="VHZ" lemma="have">has</w>
<w type="VBN" lemma="be">been</w>
<w type="VVG" lemma="celebrate">celebrating</w>
<w type="PPs" lemma="my">my</w>
<w type="NN" lemma="mother">mother</w>
<w type="POS" lemma="'s">'s</w>
<w type="NP" lemma="XXXX">Ninetieth</w>
<w type="NP" lemma="Birthday">Birthday</w>
<pc type="sub">,</pc>
<w type="CC" lemma="and">and</w>
<w type="PP" lemma="we">we</w>
<w type="VHP" lemma="have">have</w>
<w type="VVN" lemma="share">shared</w>
<w type="IN" lemma="with">with</w>
<w type="PP" lemma="you">you</w>
<w type="DT" lemma="the">the</w>
<w type="NN" lemma="joy">joy</w>
<w type="IN" lemma="of">of</w>
<w type="DT" lemma="some">some</w>
<w type="IN" lemma="of">of</w>
<w type="DT" lemma="those">those</w>
<w type="NNS" lemma="celebration">celebrations</w>
<pc type="SENT">.</pc>
</s></p><p><s><w type="PPs" lemma="my">My</w>
<w type="JJS" lemma="young">youngest</w>
<w type="NN" lemma="grandchild">grandchild</w>
<w type="POS" lemma="'s">'s</w>
<w type="NN" lemma="christening">christening</w>
<pc type="sub">,</pc>
<w type="CD" lemma="two">two</w>
<w type="NNS" lemma="day">days</w>
<w type="RB" lemma="ago">ago</w>
<pc type="sub">,</pc>
<w type="VHZ" lemma="have">has</w>
<w type="VVN" lemma="bring">brought</w>
<w type="DT" lemma="the">the</w>
<w type="NN" lemma="family">family</w>
<w type="RB" lemma="together">together</w>
<w type="RB" lemma="once">once</w>
<w type="RB" lemma="again">again</w>
<pc type="SENT">.</pc>
</s>
<s><w type="PP" lemma="I">I</w>
<w type="VVP" lemma="hope">hope</w>
<w type="IN" lemma="that">that</w>
<w type="DT" lemma="all">all</w>
<w type="IN" lemma="of">of</w>
<w type="PP" lemma="us">us</w>
<w type="JJ" lemma="lucky">lucky</w>
<w type="RB" lemma="enough">enough</w>
<w type="TO" lemma="to">to</w>
<w type="VB" lemma="be">be</w>
<w type="JJ" lemma="able">able</w>
<w type="TO" lemma="to">to</w>
<w type="VV" lemma="enjoy">enjoy</w>
<w type="JJ" lemma="such">such</w>
<w type="NNS" lemma="gathering">gatherings</w>
<w type="DT" lemma="this">this</w>
<w type="NP" lemma="Christmas">Christmas</w>
<w type="MD" lemma="will">will</w>
<w type="VV" lemma="take">take</w>
<w type="NN" lemma="time">time</w>
<w type="TO" lemma="to">to</w>
<w type="VV" lemma="count">count</w>
<w type="PPs" lemma="our">our</w>
<w type="NNS" lemma="blessing">blessings</w>
<pc type="SENT">.</pc>
</s></p><p><s><w type="IN" lemma="for">For</w>
<w type="PP" lemma="it">it</w>
<w type="VVZ" lemma="seem">seems</w>
<w type="TO" lemma="to">to</w>
<w type="PP" lemma="me">me</w>
<w type="IN" lemma="that">that</w>
<w type="EX" lemma="there">there</w>
<w type="VBZ" lemma="be">is</w>
<w type="CD" lemma="one">one</w>
<w type="JJ" lemma="deep">deep</w>
<w type="CC" lemma="and">and</w>
<w type="JJ" lemma="overriding">overriding</w>
<w type="NN" lemma="anxiety">anxiety</w>
<w type="IN" lemma="for">for</w>
<w type="PP" lemma="us">us</w>
<w type="DT" lemma="all">all</w>
<w type="IN" lemma="on">on</w>
<w type="WDT" lemma="which">which</w>
<w type="PP" lemma="we">we</w>
<w type="MD" lemma="should">should</w>
<w type="VV" lemma="reflect">reflect</w>
<w type="NN" lemma="today">today</w>
<pc type="SENT">.</pc>
</s>
<s><w type="DT" lemma="that">That</w>
<w type="VBZ" lemma="be">is</w>
<w type="DT" lemma="the">the</w>
<w type="NN" lemma="threat">threat</w>
<w type="IN" lemma="of">of</w>
<w type="NN" lemma="war">war</w>
<w type="IN" lemma="in">in</w>
<w type="DT" lemma="the">the</w>
<w type="NP" lemma="Middle">Middle</w>
<w type="NP" lemma="East">East</w>
<pc type="SENT">.</pc>
</s></p><p><s><w type="DT" lemma="the">The</w>
<w type="NNS" lemma="serviceman">servicemen</w>
<w type="IN" lemma="in">in</w>
<w type="DT" lemma="the">the</w>
<w type="NP" lemma="Gulf">Gulf</w>
<w type="WP" lemma="who">who</w>
<w type="VBP" lemma="are">are</w>
<w type="VVG" lemma="spend">spending</w>
<w type="NP" lemma="Christmas">Christmas</w>
<w type="IN" lemma="at">at</w>
<w type="PPs" lemma="their">their</w>
<w type="NNS" lemma="post">posts</w>
<w type="IN" lemma="under">under</w>
<w type="DT" lemma="this">this</w>
<w type="NN" lemma="threat">threat</w>
<w type="VBP" lemma="are">are</w>
<w type="JJ" lemma="much">much</w>
<w type="IN" lemma="in">in</w>
<w type="PPs" lemma="our">our</w>
<w type="NNS" lemma="thought">thoughts</w>
<pc type="SENT">.</pc>
</s>
<s><w type="CC" lemma="and">And</w>
<w type="EX" lemma="there">there</w>
<w type="VBP" lemma="are">are</w>
<w type="JJ" lemma="many">many</w>
<w type="NNS" lemma="other">others</w>
<pc type="sub">,</pc>
<w type="IN" lemma="at">at</w>
<w type="NN" lemma="home">home</w>
<w type="CC" lemma="and">and</w>
<w type="RB" lemma="abroad">abroad</w>
<pc type="sub">,</pc>
<w type="NNS" lemma="serviceman">servicemen</w>
<w type="CC" lemma="and">and</w>
<w type="NNS" lemma="civilian">civilians</w>
<pc type="sub">,</pc>
<w type="WP" lemma="who">who</w>
<w type="VBP" lemma="are">are</w>
<w type="RB" lemma="away">away</w>
<w type="IN" lemma="from">from</w>
<w type="PPs" lemma="their">their</w>
<w type="JJ" lemma="own">own</w>
<w type="NNS" lemma="fireside">firesides</w>
<pc type="SENT">.</pc>
</s>
<s><w type="WRB" lemma="wherever">Wherever</w>
<w type="PP" lemma="they">they</w>
<w type="VBP" lemma="are">are</w>
<pc type="sub">,</pc>
<w type="MD" lemma="may">may</w>
<w type="PP" lemma="they">they</w>
<w type="RB" lemma="all">all</w>
<pc type="sub">,</pc>
<w type="WRB" lemma="when">when</w>
<w type="PPs" lemma="their">their</w>
<w type="NN" lemma="duty">duty</w>
<w type="VBZ" lemma="be">is</w>
<w type="VVN" lemma="do">done</w>
<pc type="sub">,</pc>
<w type="RB" lemma="soon">soon</w>
<w type="VB" lemma="be">be</w>
<w type="VVN" lemma="reunite">reunited</w>
<w type="IN" lemma="with">with</w>
<w type="PPs" lemma="their">their</w>
<w type="NNS" lemma="family">families</w>
<w type="JJ" lemma="safe">safe</w>
<w type="CC" lemma="and">and</w>
<w type="JJ" lemma="sound">sound</w>
<pc type="SENT">.</pc>
</s></p><p><s><w type="IN" lemma="at">At</w>
<w type="DT" lemma="the">the</w>
<w type="JJ" lemma="same">same</w>
<w type="NN" lemma="time">time</w>
<w type="PP" lemma="we">we</w>
<w type="MD" lemma="must">must</w>
<w type="VV" lemma="remember">remember</w>
<w type="DT" lemma="those">those</w>
<w type="RB" lemma="still">still</w>
<w type="VVN" lemma="hold">held</w>
<w type="NN" lemma="hostage">hostage</w>
<pc type="SENT">.</pc>
</s>
<s><w type="DT" lemma="some">Some</w>
<w type="IN" lemma="of">of</w>
<w type="PP" lemma="them">them</w>
<w type="VHP" lemma="have">have</w>
<w type="VVN" lemma="spend">spent</w>
<w type="NNS" lemma="year">years</w>
<w type="IN" lemma="in">in</w>
<w type="NN" lemma="captivity">captivity</w>
<pc type="sub">,</pc>
<w type="CC" lemma="and">and</w>
<w type="NP" lemma="Christmas">Christmas</w>
<w type="MD" lemma="must">must</w>
<pc type="sub">,</pc>
<w type="IN" lemma="for">for</w>
<w type="PP" lemma="them">them</w>
<pc type="sub">,</pc>
<w type="VB" lemma="be">be</w>
<w type="RB" lemma="especially">especially</w>
<w type="JJ" lemma="hard">hard</w>
<w type="TO" lemma="to">to</w>
<w type="VV" lemma="bear">bear</w>
<pc type="SENT">.</pc>
</s>
<s><w type="PPs" lemma="my">My</w>
<w type="NN" lemma="heart">heart</w>
<w type="VVZ" lemma="go">goes</w>
<w type="RP" lemma="out">out</w>
<w type="TO" lemma="to">to</w>
<w type="PP" lemma="them">them</w>
<w type="CC" lemma="and">and</w>
<w type="TO" lemma="to">to</w>
<w type="PPs" lemma="their">their</w>
<w type="NNS" lemma="family">families</w>
<pc type="SENT">.</pc>
</s></p><p><s><w type="PP" lemma="we">We</w>
<w type="MD" lemma="can">can</w>
<pc type="sub">,</pc>
<w type="IN" lemma="at">at</w>
<w type="JJS" lemma="least">least</w>
<pc type="sub">,</pc>
<w type="VV" lemma="rejoice">rejoice</w>
<w type="IN" lemma="at">at</w>
<w type="DT" lemma="the">the</w>
<w type="JJ" lemma="safe">safe</w>
<w type="NN" lemma="return">return</w>
<w type="IN" lemma="of">of</w>
<w type="JJ" lemma="many">many</w>
<w type="IN" lemma="of">of</w>
<w type="PPs" lemma="their">their</w>
<w type="NNS" lemma="compatriot">compatriots</w>
<w type="IN" lemma="over">over</w>
<w type="DT" lemma="the">the</w>
<w type="JJ" lemma="last">last</w>
<w type="NNS" lemma="week">weeks</w>
<pc type="sub">,</pc>
<w type="CC" lemma="and">and</w>
<w type="NN" lemma="salute">salute</w>
<w type="DT" lemma="the">the</w>
<w type="NN" lemma="courage">courage</w>
<w type="WDT" lemma="which">which</w>
<w type="PP" lemma="they">they</w>
<w type="VHP" lemma="have">have</w>
<w type="VVN" lemma="show">shown</w>
<pc type="SENT">.</pc>
</s></p><p><s><w type="NNS" lemma="war">Wars</w>
<pc type="sub">,</pc>
<w type="NNS" lemma="threat">threats</w>
<w type="IN" lemma="of">of</w>
<w type="NNS" lemma="war">wars</w>
<w type="CC" lemma="and">and</w>
<w type="JJ" lemma="civil">civil</w>
<w type="NN" lemma="disturbance">disturbance</w>
<w type="RB" lemma="inevitably">inevitably</w>
<w type="VV" lemma="cause">cause</w>
<w type="NNS" lemma="thousand">thousands</w>
<w type="IN" lemma="of">of</w>
<w type="JJ" lemma="innocent">innocent</w>
<w type="NNS" lemma="people">people</w>
<w type="TO" lemma="to">to</w>
<w type="VV" lemma="become">become</w>
<w type="NNS" lemma="refugee">refugees</w>
<w type="CC" lemma="and">and</w>
<w type="TO" lemma="to">to</w>
<w type="VH" lemma="have">have</w>
<w type="PPs" lemma="their">their</w>
<w type="NNS" lemma="life">lives</w>
<w type="VVN" lemma="ruin">ruined</w>
<w type="CC" lemma="or">or</w>
<w type="VVN" lemma="disrupt">disrupted</w>
<pc type="SENT">.</pc>
</s>
<s><w type="PP" lemma="it">It</w>
<w type="VBZ" lemma="be">is</w>
<w type="JJ" lemma="difficult">difficult</w>
<w type="IN" lemma="for">for</w>
<w type="PP" lemma="us">us</w>
<pc type="sub">,</pc>
<w type="JJ" lemma="safe">safe</w>
<w type="IN" lemma="at">at</w>
<w type="NN" lemma="home">home</w>
<pc type="sub">,</pc>
<w type="TO" lemma="to">to</w>
<w type="VV" lemma="contemplate">contemplate</w>
<w type="DT" lemma="the">the</w>
<w type="NN" lemma="scale">scale</w>
<w type="IN" lemma="of">of</w>
<w type="DT" lemma="the">the</w>
<w type="NN" lemma="suffering">suffering</w>
<w type="IN" lemma="for">for</w>
<w type="JJ" lemma="homeless">homeless</w>
<w type="CC" lemma="and">and</w>
<w type="JJ" lemma="hungry">hungry</w>
<w type="NNS" lemma="people">people</w>
<w type="VVN" lemma="cause">caused</w>
<w type="IN" lemma="by">by</w>
<w type="DT" lemma="the">the</w>
<w type="VVG" lemma="ever-widen">ever-widening</w>
<w type="NNS" lemma="consequence">consequences</w>
<w type="IN" lemma="of">of</w>
<w type="DT" lemma="the">the</w>
<w type="NN" lemma="crisis">crisis</w>
<w type="IN" lemma="in">in</w>
<w type="DT" lemma="the">the</w>
<w type="NP" lemma="Gulf">Gulf</w>
<pc type="SENT">.</pc>
</s></p><p><s><w type="DT" lemma="the">The</w>
<w type="NN" lemma="invasion">invasion</w>
<w type="IN" lemma="of">of</w>
<w type="NP" lemma="Kuwait">Kuwait</w>
<w type="VBD" lemma="be">was</w>
<w type="DT" lemma="an">an</w>
<w type="NN" lemma="example">example</w>
<w type="IN" lemma="on">on</w>
<w type="DT" lemma="an">an</w>
<w type="JJ" lemma="international">international</w>
<w type="NN" lemma="scale">scale</w>
<w type="IN" lemma="of">of</w>
<w type="DT" lemma="an">an</w>
<w type="NN" lemma="evil">evil</w>
<w type="WDT" lemma="which">which</w>
<w type="VHZ" lemma="have">has</w>
<w type="VVN" lemma="beset">beset</w>
<w type="PP" lemma="us">us</w>
<w type="IN" lemma="at">at</w>
<w type="JJ" lemma="different">different</w>
<w type="NNS" lemma="level">levels</w>
<w type="IN" lemma="in">in</w>
<w type="JJ" lemma="recent">recent</w>
<w type="NNS" lemma="year">years</w>
<pc type="sub">-</pc>
<w type="NNS" lemma="attempt">attempts</w>
<w type="IN" lemma="by">by</w>
<w type="JJ" lemma="ruthless">ruthless</w>
<w type="NNS" lemma="people">people</w>
<w type="TO" lemma="to">to</w>
<w type="VV" lemma="impose">impose</w>
<w type="PPs" lemma="their">their</w>
<w type="NN" lemma="will">will</w>
<w type="IN" lemma="on">on</w>
<w type="DT" lemma="the">the</w>
<w type="JJ" lemma="peaceable">peaceable</w>
<w type="NN" lemma="majority">majority</w>
<pc type="SENT">.</pc>
</s></p><p><s><w type="IN" lemma="in">In</w>
<w type="JJ" lemma="extreme">extreme</w>
<w type="NN" lemma="form">form</w>
<pc type="sub">,</pc>
<w type="IN" lemma="as">as</w>
<w type="PP" lemma="we">we</w>
<w type="VVP" lemma="know">know</w>
<w type="RB" lemma="only">only</w>
<w type="RB" lemma="too">too</w>
<w type="RB" lemma="well">well</w>
<pc type="sub">,</pc>
<w type="DT" lemma="these">these</w>
<w type="NNS" lemma="attempt">attempts</w>
<w type="VVP" lemma="lead">lead</w>
<w type="TO" lemma="to">to</w>
<w type="NN" lemma="disaster">disaster</w>
<w type="CC" lemma="and">and</w>
<w type="NN" lemma="death">death</w>
<pc type="sub">,</pc>
<w type="CC" lemma="and">and</w>
<w type="PPs" lemma="their">their</w>
<w type="JJ" lemma="tragic">tragic</w>
<w type="NN" lemma="aftermath">aftermath</w>
<w type="IN" lemma="for">for</w>
<w type="NNS" lemma="family">families</w>
<w type="CC" lemma="and">and</w>
<w type="NNS" lemma="community">communities</w>
<pc type="SENT">.</pc>
</s>
<s><w type="IN" lemma="in">In</w>
<w type="DT" lemma="the">the</w>
<w type="NP" lemma="United">United</w>
<w type="NP" lemma="Kingdom">Kingdom</w>
<pc type="sub">,</pc>
<w type="PP" lemma="we">we</w>
<w type="VHP" lemma="have">have</w>
<w type="VVN" lemma="suffer">suffered</w>
<w type="RB" lemma="once">once</w>
<w type="RB" lemma="again">again</w>
<w type="IN" lemma="during">during</w>
<w type="DT" lemma="the">the</w>
<w type="JJ" lemma="past">past</w>
<w type="NN" lemma="year">year</w>
<w type="IN" lemma="from">from</w>
<w type="DT" lemma="the">the</w>
<w type="NN" lemma="scourge">scourge</w>
<w type="IN" lemma="of">of</w>
<w type="NN" lemma="terrorism">terrorism</w>
<pc type="sub">,</pc>
<w type="PPs" lemma="its">its</w>
<w type="NN" lemma="disregard">disregard</w>
<w type="IN" lemma="for">for</w>
<w type="JJ" lemma="human">human</w>
<w type="NN" lemma="life">life</w>
<w type="CC" lemma="and">and</w>
<w type="PPs" lemma="its">its</w>
<w type="NNS" lemma="effort">efforts</w>
<w type="TO" lemma="to">to</w>
<w type="VV" lemma="dress">dress</w>
<w type="PPs" lemma="its">its</w>
<w type="NNS" lemma="crime">crimes</w>
<w type="IN" lemma="in">in</w>
<w type="JJ" lemma="political">political</w>
<w type="NNS" lemma="clothes">clothes</w>
<pc type="SENT">.</pc>
</s></p><p><s><w type="CC" lemma="but">But</w>
<w type="PDT" lemma="all">all</w>
<w type="DT" lemma="this">this</w>
<w type="VBZ" lemma="be">is</w>
<w type="NN" lemma="nothing">nothing</w>
<w type="JJ" lemma="new">new</w>
<pc type="SENT">.</pc>
</s>
<s><w type="DT" lemma="the">The</w>
<w type="NNS" lemma="tribute">tributes</w>
<w type="PP" lemma="we">we</w>
<w type="VVD" lemma="pay">paid</w>
<w type="JJ" lemma="last">last</w>
<w type="NN" lemma="summer">summer</w>
<w type="TO" lemma="to">to</w>
<w type="DT" lemma="the">the</w>
<w type="NNS" lemma="hero">heroes</w>
<w type="IN" lemma="of">of</w>
<w type="NP" lemma="Dunkirk">Dunkirk</w>
<w type="CC" lemma="and">and</w>
<w type="DT" lemma="the">the</w>
<w type="NP" lemma="Battle">Battle</w>
<w type="IN" lemma="of">of</w>
<w type="NP" lemma="Britain">Britain</w>
<w type="VBD" lemma="be">were</w>
<w type="NNS" lemma="tribute">tributes</w>
<w type="TO" lemma="to">to</w>
<w type="PPs" lemma="their">their</w>
<w type="NN" lemma="achievement">achievement</w>
<w type="IN" lemma="in">in</w>
<w type="VVG" lemma="repel">repelling</w>
<w type="DT" lemma="a">a</w>
<w type="VVN" lemma="determine">determined</w>
<w type="NN" lemma="invader">invader</w>
<pc type="SENT">.</pc>
</s>
<s><w type="DT" lemma="that">That</w>
<w type="VBD" lemma="be">was</w>
<w type="CD" lemma="fifty">fifty</w>
<w type="NNS" lemma="year">years</w>
<w type="RB" lemma="ago">ago</w>
<pc type="SENT">.</pc>
</s></p><p><s><w type="RB" lemma="nowadays">Nowadays</w>
<w type="EX" lemma="there">there</w>
<w type="VBP" lemma="are">are</w>
<w type="DT" lemma="all">all</w>
<w type="RB" lemma="too">too</w>
<w type="JJ" lemma="many">many</w>
<w type="NNS" lemma="cause">causes</w>
<w type="WDT" lemma="that">that</w>
<w type="VVP" lemma="press">press</w>
<w type="PPs" lemma="their">their</w>
<w type="NNS" lemma="claim">claims</w>
<w type="IN" lemma="with">with</w>
<w type="DT" lemma="a">a</w>
<w type="JJ" lemma="loud">loud</w>
<w type="NN" lemma="voice">voice</w>
<w type="CC" lemma="and">and</w>
<w type="DT" lemma="a">a</w>
<w type="JJ" lemma="strong">strong</w>
<w type="NN" lemma="arm">arm</w>
<w type="RB" lemma="rather">rather</w>
<w type="IN" lemma="than">than</w>
<w type="IN" lemma="with">with</w>
<w type="DT" lemma="the">the</w>
<w type="NN" lemma="language">language</w>
<w type="IN" lemma="of">of</w>
<w type="NN" lemma="reason">reason</w>
<pc type="SENT">.</pc>
</s>
<s><w type="PP" lemma="we">We</w>
<w type="MD" lemma="must">must</w>
<w type="RB" lemma="not">not</w>
<w type="VV" lemma="allow">allow</w>
<w type="PP" lemma="ourselves">ourselves</w>
<w type="TO" lemma="to">to</w>
<w type="VB" lemma="be">be</w>
<w type="RB" lemma="too">too</w>
<w type="VVN" lemma="discourage">discouraged</w>
<w type="IN" lemma="as">as</w>
<w type="PP" lemma="we">we</w>
<w type="VVP" lemma="confront">confront</w>
<w type="PP" lemma="them">them</w>
<pc type="SENT">.</pc>
</s></p><p><s><w type="VV" lemma="let">Let</w>
<w type="PP" lemma="us">us</w>
<w type="VV" lemma="remember">remember</w>
<w type="IN" lemma="that">that</w>
<w type="NP" lemma="Christ">Christ</w>
<w type="VVD" lemma="do">did</w>
<w type="RB" lemma="not">not</w>
<w type="VV" lemma="promise">promise</w>
<w type="DT" lemma="the">the</w>
<w type="NN" lemma="earth">earth</w>
<w type="TO" lemma="to">to</w>
<w type="DT" lemma="the">the</w>
<w type="JJ" lemma="powerful">powerful</w>
<pc type="SENT">.</pc>
</s>
<s><w type="DT" lemma="the">The</w>
<w type="NN" lemma="resolve">resolve</w>
<w type="IN" lemma="of">of</w>
<w type="DT" lemma="those">those</w>
<w type="WP" lemma="who">who</w>
<w type="VVP" lemma="endure">endure</w>
<w type="CC" lemma="and">and</w>
<w type="VVP" lemma="resist">resist</w>
<w type="DT" lemma="these">these</w>
<w type="NNS" lemma="activity">activities</w>
<w type="MD" lemma="should">should</w>
<w type="RB" lemma="not">not</w>
<w type="VB" lemma="be">be</w>
<w type="VVN" lemma="underestimate">underestimated</w>
<pc type="SENT">.</pc>
</s></p><p><s><w type="PP" lemma="I">I</w>
<w type="RB" lemma="never">never</w>
<w type="VVP" lemma="cease">cease</w>
<w type="TO" lemma="to">to</w>
<w type="VV" lemma="admire">admire</w>
<w type="DT" lemma="the">the</w>
<w type="JJ" lemma="stoical">stoical</w>
<w type="NN" lemma="courage">courage</w>
<w type="IN" lemma="of">of</w>
<w type="DT" lemma="those">those</w>
<w type="IN" lemma="in">in</w>
<w type="NP" lemma="Northern">Northern</w>
<w type="NP" lemma="Ireland">Ireland</w>
<pc type="sub">,</pc>
<w type="IN" lemma="for">for</w>
<w type="NN" lemma="example">example</w>
<pc type="sub">,</pc>
<w type="WP" lemma="who">who</w>
<w type="VVP" lemma="go">go</w>
<w type="IN" lemma="about">about</w>
<w type="PPs" lemma="their">their</w>
<w type="NN" lemma="business">business</w>
<w type="IN" lemma="in">in</w>
<w type="NN" lemma="defiance">defiance</w>
<w type="IN" lemma="of">of</w>
<w type="DT" lemma="the">the</w>
<w type="NN" lemma="terrorist">terrorist</w>
<pc type="SENT">.</pc>
</s>
<s><w type="DT" lemma="the">The</w>
<w type="NN" lemma="reaction">reaction</w>
<w type="IN" lemma="of">of</w>
<w type="DT" lemma="those">those</w>
<w type="WP" lemma="who">who</w>
<w type="VHP" lemma="have">have</w>
<w type="VVN" lemma="lose">lost</w>
<w type="VVN" lemma="love">loved</w>
<w type="NNS" lemma="one">ones</w>
<w type="IN" lemma="at">at</w>
<w type="JJ" lemma="violent">violent</w>
<w type="NNS" lemma="hand">hands</w>
<w type="VBZ" lemma="be">is</w>
<w type="RB" lemma="often">often</w>
<w type="DT" lemma="an">an</w>
<w type="NN" lemma="inspiration">inspiration</w>
<w type="TO" lemma="to">to</w>
<w type="DT" lemma="the">the</w>
<w type="NN" lemma="rest">rest</w>
<w type="IN" lemma="of">of</w>
<w type="PP" lemma="us">us</w>
<pc type="SENT">.</pc>
</s></p><p><s><w type="RB" lemma="then">Then</w>
<w type="RB" lemma="again">again</w>
<pc type="sub">,</pc>
<w type="PP" lemma="I">I</w>
<pc type="sub">,</pc>
<w type="IN" lemma="like">like</w>
<w type="JJ" lemma="many">many</w>
<w type="NNS" lemma="other">others</w>
<pc type="sub">,</pc>
<w type="VBD" lemma="be">was</w>
<w type="RB" lemma="much">much</w>
<w type="VVN" lemma="hearten">heartened</w>
<w type="IN" lemma="by">by</w>
<w type="DT" lemma="the">the</w>
<w type="RB" lemma="virtually">virtually</w>
<w type="JJ" lemma="unanimous">unanimous</w>
<w type="NN" lemma="opposition">opposition</w>
<w type="IN" lemma="of">of</w>
<w type="DT" lemma="the">the</w>
<w type="JJ" lemma="international">international</w>
<w type="NN" lemma="community">community</w>
<w type="TO" lemma="to">to</w>
<w type="DT" lemma="the">the</w>
<w type="JJ" lemma="unprovoked">unprovoked</w>
<w type="NN" lemma="invasion">invasion</w>
<w type="IN" lemma="of">of</w>
<w type="NP" lemma="Kuwait">Kuwait</w>
<pc type="sub">,</pc>
<w type="CC" lemma="and">and</w>
<w type="IN" lemma="by">by</w>
<w type="DT" lemma="the">the</w>
<w type="NN" lemma="speed">speed</w>
<w type="IN" lemma="with">with</w>
<w type="WDT" lemma="which">which</w>
<w type="NNS" lemma="move">moves</w>
<w type="VBD" lemma="be">were</w>
<w type="VVN" lemma="make">made</w>
<w type="TO" lemma="to">to</w>
<w type="VV" lemma="try">try</w>
<w type="TO" lemma="to">to</w>
<w type="VV" lemma="relieve">relieve</w>
<w type="DT" lemma="the">the</w>
<w type="NN" lemma="plight">plight</w>
<w type="IN" lemma="of">of</w>
<w type="DT" lemma="the">the</w>
<w type="JJ" lemma="innocent">innocent</w>
<w type="NNS" lemma="victim">victims</w>
<pc type="SENT">.</pc>
</s></p><p><s><w type="PP" lemma="I">I</w>
<w type="VVP" lemma="want">want</w>
<pc type="sub">,</pc>
<w type="RB" lemma="therefore">therefore</w>
<pc type="sub">,</pc>
<w type="TO" lemma="to">to</w>
<w type="VV" lemma="say">say</w>
<w type="VV" lemma="thank">thank</w>
<w type="PP" lemma="you">you</w>
<w type="NN" lemma="today">today</w>
<w type="TO" lemma="to">to</w>
<w type="DT" lemma="the">the</w>
<w type="NNS" lemma="man">men</w>
<w type="CC" lemma="and">and</w>
<w type="NNS" lemma="woman">women</w>
<w type="WP" lemma="who">who</w>
<pc type="sub">,</pc>
<w type="NN" lemma="day">day</w>
<w type="IN" lemma="in">in</w>
<w type="CC" lemma="and">and</w>
<w type="NN" lemma="day">day</w>
<w type="RB" lemma="out">out</w>
<pc type="sub">,</pc>
<w type="VVP" lemma="carry">carry</w>
<w type="IN" lemma="on">on</w>
<w type="PPs" lemma="their">their</w>
<w type="JJ" lemma="daily">daily</w>
<w type="NN" lemma="life">life</w>
<w type="IN" lemma="in">in</w>
<w type="JJ" lemma="difficult">difficult</w>
<w type="CC" lemma="and">and</w>
<w type="JJ" lemma="dangerous">dangerous</w>
<w type="NNS" lemma="circumstance">circumstances</w>
<pc type="SENT">.</pc>
</s>
<s><w type="IN" lemma="by">By</w>
<w type="RB" lemma="just">just</w>
<w type="VVG" lemma="get">getting</w>
<w type="IN" lemma="on">on</w>
<w type="IN" lemma="with">with</w>
<w type="DT" lemma="the">the</w>
<w type="NN" lemma="job">job</w>
<pc type="sub">,</pc>
<w type="PP" lemma="they">they</w>
<w type="VBP" lemma="are">are</w>
<w type="VVG" lemma="get">getting</w>
<w type="DT" lemma="the">the</w>
<w type="JJR" lemma="good">better</w>
<w type="IN" lemma="of">of</w>
<w type="DT" lemma="those">those</w>
<w type="WP" lemma="who">who</w>
<w type="VVP" lemma="want">want</w>
<w type="TO" lemma="to">to</w>
<w type="VV" lemma="harm">harm</w>
<w type="PPs" lemma="our">our</w>
<w type="NN" lemma="way">way</w>
<w type="IN" lemma="of">of</w>
<w type="NN" lemma="life">life</w>
<pc type="SENT">.</pc>
</s></p><p><s><w type="VV" lemma="let">Let</w>
<w type="PP" lemma="us">us</w>
<w type="VV" lemma="think">think</w>
<w type="IN" lemma="of">of</w>
<w type="PP" lemma="them">them</w>
<w type="DT" lemma="this">this</w>
<w type="NP" lemma="Christmas">Christmas</w>
<pc type="sub">,</pc>
<w type="WRB" lemma="wherever">wherever</w>
<w type="PP" lemma="they">they</w>
<w type="VBP" lemma="are">are</w>
<w type="IN" lemma="in">in</w>
<w type="DT" lemma="the">the</w>
<w type="NN" lemma="world">world</w>
<pc type="sub">,</pc>
<w type="CC" lemma="and">and</w>
<w type="VV" lemma="pray">pray</w>
<w type="IN" lemma="that">that</w>
<w type="PPs" lemma="their">their</w>
<w type="NN" lemma="resolution">resolution</w>
<w type="VVZ" lemma="remain">remains</w>
<w type="JJ" lemma="undiminished">undiminished</w>
<pc type="SENT">.</pc>
</s>
<s><w type="PP" lemma="it">It</w>
<w type="VBZ" lemma="be">is</w>
<w type="PP" lemma="they">they</w>
<w type="CC" lemma="and">and</w>
<w type="PPs" lemma="their">their</w>
<w type="NN" lemma="kind">kind</w>
<w type="WP" lemma="who">who</w>
<pc type="sub">,</pc>
<w type="IN" lemma="by">by</w>
<w type="VVG" lemma="resist">resisting</w>
<w type="DT" lemma="the">the</w>
<w type="NN" lemma="bully">bully</w>
<w type="CC" lemma="and">and</w>
<w type="DT" lemma="the">the</w>
<w type="NN" lemma="tyrant">tyrant</w>
<pc type="sub">,</pc>
<w type="VV" lemma="ensure">ensure</w>
<w type="IN" lemma="that">that</w>
<w type="PP" lemma="we">we</w>
<w type="VVP" lemma="live">live</w>
<w type="IN" lemma="in">in</w>
<w type="DT" lemma="the">the</w>
<w type="NN" lemma="sort">sort</w>
<w type="IN" lemma="of">of</w>
<w type="NN" lemma="world">world</w>
<w type="IN" lemma="in">in</w>
<w type="WDT" lemma="which">which</w>
<w type="PP" lemma="we">we</w>
<w type="MD" lemma="can">can</w>
<w type="VV" lemma="celebrate">celebrate</w>
<w type="DT" lemma="this">this</w>
<w type="NN" lemma="season">season</w>
<w type="RB" lemma="safely">safely</w>
<w type="IN" lemma="with">with</w>
<w type="PPs" lemma="our">our</w>
<w type="NNS" lemma="family">families</w>
<pc type="SENT">.</pc>
</s></p><p><s><w type="PP" lemma="I">I</w>
<w type="VV" lemma="pray">pray</w>
<w type="RB" lemma="also">also</w>
<w type="IN" lemma="that">that</w>
<w type="PP" lemma="we">we</w>
<w type="MD" lemma="may">may</w>
<w type="RB" lemma="all">all</w>
<w type="VB" lemma="be">be</w>
<w type="VVN" lemma="bless">blessed</w>
<w type="IN" lemma="with">with</w>
<w type="NN" lemma="something">something</w>
<w type="IN" lemma="of">of</w>
<w type="PPs" lemma="their">their</w>
<w type="NN" lemma="spirit">spirit</w>
<pc type="SENT">.</pc>
</s>
<s><w type="RB" lemma="then">Then</w>
<w type="PP" lemma="we">we</w>
<w type="MD" lemma="would">would</w>
<w type="VV" lemma="find">find</w>
<w type="PP" lemma="it">it</w>
<w type="JJR" lemma="easy">easier</w>
<w type="TO" lemma="to">to</w>
<w type="VV" lemma="solve">solve</w>
<w type="PPs" lemma="our">our</w>
<w type="NNS" lemma="dispute">disputes</w>
<w type="IN" lemma="in">in</w>
<w type="NN" lemma="peace">peace</w>
<w type="CC" lemma="and">and</w>
<w type="NN" lemma="justice">justice</w>
<pc type="sub">,</pc>
<w type="WRB" lemma="wherever">wherever</w>
<w type="PP" lemma="they">they</w>
<w type="VVP" lemma="occur">occur</w>
<pc type="sub">,</pc>
<w type="CC" lemma="and">and</w>
<w type="DT" lemma="that">that</w>
<w type="NN" lemma="inheritance">inheritance</w>
<w type="IN" lemma="of">of</w>
<w type="DT" lemma="the">the</w>
<w type="NN" lemma="earth">earth</w>
<w type="WDT" lemma="which">which</w>
<w type="NP" lemma="Christ">Christ</w>
<w type="VVD" lemma="promise">promised</w>
<pc type="sub">,</pc>
<w type="RB" lemma="not">not</w>
<w type="TO" lemma="to">to</w>
<w type="DT" lemma="the">the</w>
<w type="JJ" lemma="strong">strong</w>
<pc type="sub">,</pc>
<w type="CC" lemma="but">but</w>
<w type="TO" lemma="to">to</w>
<w type="DT" lemma="the">the</w>
<w type="JJ" lemma="meek">meek</w>
<pc type="sub">,</pc>
<w type="MD" lemma="would">would</w>
<w type="VB" lemma="be">be</w>
<w type="DT" lemma="that">that</w>
<w type="RB" lemma="much">much</w>
<w type="JJR" lemma="close">closer</w>
<pc type="SENT">.</pc>
</s></p><p><s><w type="DT" lemma="a">A</w>
<w type="NP" lemma="Happy">Happy</w>
<w type="NP" lemma="Christmas">Christmas</w>
<w type="CC" lemma="and">and</w>
<w type="NP" lemma="God">God</w>
<w type="VV" lemma="bless">bless</w>
<w type="PP" lemma="you">you</w>
<w type="DT" lemma="all">all</w>
<pc type="SENT">.</pc>
</s></p></div>