<div xmlns='http://www.tei-c.org/ns/1.0' n="1993"><head><s><w type="NP" lemma="Christmas">Christmas</w>
<w type="NP" lemma="Broadcast">Broadcast</w>
<w type="CD" lemma="@card@">1993</w>
</s></head><p><s><w type="PP" lemma="I">I</w>
<w type="VBP" lemma="am">am</w>
<w type="VVG" lemma="speak">speaking</w>
<w type="TO" lemma="to">to</w>
<w type="PP" lemma="you">you</w>
<w type="IN" lemma="from">from</w>
<w type="DT" lemma="the">the</w>
<w type="NP" lemma="XXXX">Library</w>
<w type="IN" lemma="at">at</w>
<w type="NP" lemma="Sandringham">Sandringham</w>
<pc type="SENT">.</pc>
</s></p><p><s><w type="CD" lemma="Four">Four</w>
<w type="NNS" lemma="generation">generations</w>
<w type="IN" lemma="of">of</w>
<w type="PPs" lemma="my">my</w>
<w type="NN" lemma="family">family</w>
<w type="VHP" lemma="have">have</w>
<w type="VVN" lemma="enjoy">enjoyed</w>
<w type="DT" lemma="the">the</w>
<w type="JJ" lemma="quiet">quiet</w>
<w type="CC" lemma="and">and</w>
<w type="NN" lemma="solitude">solitude</w>
<w type="IN" lemma="of">of</w>
<w type="DT" lemma="this">this</w>
<w type="NN" lemma="library">library</w>
<pc type="SENT">.</pc>
</s>
<s><w type="PP" lemma="it">It</w>
<w type="VBZ" lemma="be">is</w>
<w type="RB" lemma="still">still</w>
<w type="DT" lemma="a">a</w>
<w type="NN" lemma="haven">haven</w>
<w type="IN" lemma="of">of</w>
<w type="NN" lemma="peace">peace</w>
<w type="RB" lemma="even">even</w>
<w type="IN" lemma="if">if</w>
<w type="PPs" lemma="my">my</w>
<w type="NNS" lemma="grandchild">grandchildren</w>
<w type="VVP" lemma="do">do</w>
<w type="PPs" lemma="their">their</w>
<w type="JJS" lemma="good">best</w>
<w type="IN" lemma="over">over</w>
<w type="NP" lemma="Christmas">Christmas</w>
<w type="TO" lemma="to">to</w>
<w type="VV" lemma="make">make</w>
<w type="PP" lemma="it">it</w>
<w type="RB" lemma="rather">rather</w>
<w type="RBR" lemma="more">more</w>
<w type="JJ" lemma="lively">lively</w>
<pc type="SENT">!</pc>
</s></p><p><s><w type="JJS" lemma="most">Most</w>
<w type="IN" lemma="of">of</w>
<w type="DT" lemma="the">the</w>
<w type="NNS" lemma="book">books</w>
<w type="IN" lemma="on">on</w>
<w type="DT" lemma="the">the</w>
<w type="NNS" lemma="shelf">shelves</w>
<w type="NN" lemma="date">date</w>
<w type="IN" lemma="from">from</w>
<w type="PPs" lemma="my">my</w>
<w type="NN" lemma="great-grandfather">great-grandfather</w>
<w type="POS" lemma="'s">'s</w>
<w type="NN" lemma="time">time</w>
<pc type="sub">,</pc>
<w type="CC" lemma="and">and</w>
<w type="PPs" lemma="their">their</w>
<w type="NNS" lemma="title">titles</w>
<w type="VVP" lemma="reflect">reflect</w>
<w type="DT" lemma="the">the</w>
<w type="NN" lemma="life">life</w>
<w type="CC" lemma="and">and</w>
<w type="NNS" lemma="event">events</w>
<w type="IN" lemma="of">of</w>
<w type="DT" lemma="those">those</w>
<w type="NN" lemma="days.">days.</w>
</s></p><p><s><w type="NNS" lemma="book">Books</w>
<w type="VBP" lemma="are">are</w>
<w type="CD" lemma="one">one</w>
<w type="IN" lemma="of">of</w>
<w type="DT" lemma="the">the</w>
<w type="NNS" lemma="way">ways</w>
<w type="IN" lemma="in">in</w>
<w type="WDT" lemma="which">which</w>
<w type="DT" lemma="each">each</w>
<w type="NN" lemma="generation">generation</w>
<w type="MD" lemma="can">can</w>
<w type="VV" lemma="communicate">communicate</w>
<w type="PPs" lemma="its">its</w>
<w type="NN" lemma="history">history</w>
<pc type="sub">,</pc>
<w type="NNS" lemma="value">values</w>
<w type="CC" lemma="and">and</w>
<w type="NN" lemma="culture">culture</w>
<w type="TO" lemma="to">to</w>
<w type="DT" lemma="the">the</w>
<w type="JJ" lemma="next">next</w>
<pc type="SENT">.</pc>
</s>
<s><w type="EX" lemma="There">There</w>
<w type="VBP" lemma="are">are</w>
<w type="NNS" lemma="book">books</w>
<w type="RB" lemma="here">here</w>
<w type="IN" lemma="about">about</w>
<w type="NNS" lemma="statesman">statesmen</w>
<pc type="sub">,</pc>
<w type="NNS" lemma="explorer">explorers</w>
<pc type="sub">,</pc>
<w type="NNS" lemma="warrior">warriors</w>
<w type="CC" lemma="and">and</w>
<w type="NNS" lemma="saint">saints</w>
<pc type="sub">;</pc>
<w type="EX" lemma="there">there</w>
<w type="VBP" lemma="are">are</w>
<w type="JJ" lemma="many">many</w>
<w type="IN" lemma="about">about</w>
<w type="NN" lemma="war">war</w>
<pc type="sub">,</pc>
<w type="RB" lemma="especially">especially</w>
<w type="DT" lemma="the">the</w>
<w type="NP" lemma="First">First</w>
<w type="NP" lemma="World">World</w>
<w type="NP" lemma="War">War</w>
<w type="WDT" lemma="which">which</w>
<w type="VVD" lemma="end">ended</w>
<w type="JJ" lemma="XXXX">seventy-five</w>
<w type="NNS" lemma="year">years</w>
<w type="RB" lemma="ago">ago</w>
<pc type="SENT">.</pc>
</s></p><p><s><w type="NNS" lemma="family">Families</w>
<w type="CC" lemma="and">and</w>
<w type="VVD" lemma="love">loved</w>
<w type="NNS" lemma="one">ones</w>
<w type="IN" lemma="of">of</w>
<w type="DT" lemma="those">those</w>
<w type="WP" lemma="who">who</w>
<w type="VVD" lemma="fight">fought</w>
<w type="IN" lemma="in">in</w>
<w type="PP" lemma="it">it</w>
<w type="VVD" lemma="know">knew</w>
<w type="RB" lemma="little">little</w>
<w type="IN" lemma="of">of</w>
<w type="DT" lemma="the">the</w>
<w type="NNS" lemma="horror">horrors</w>
<w type="IN" lemma="of">of</w>
<w type="DT" lemma="the">the</w>
<w type="NNS" lemma="trench">trenches</w>
<pc type="sub">,</pc>
<w type="JJ" lemma="other">other</w>
<w type="IN" lemma="than">than</w>
<w type="IN" lemma="from">from</w>
<w type="NNS" lemma="artist">artists</w>
<w type="POS" lemma="'">'</w>
<w type="NNS" lemma="drawing">drawings</w>
<w type="CC" lemma="or">or</w>
<w type="NNS" lemma="photograph">photographs</w>
<pc type="sub">-</pc>
<w type="RB" lemma="often">often</w>
<w type="VVN" lemma="publish">published</w>
<w type="NNS" lemma="day">days</w>
<w type="CC" lemma="or">or</w>
<w type="NNS" lemma="week">weeks</w>
<w type="IN" lemma="after">after</w>
<w type="DT" lemma="the">the</w>
<w type="NN" lemma="event">event</w>
<pc type="SENT">.</pc>
</s>
<s><w type="RB" lemma="nowadays">Nowadays</w>
<w type="NNS" lemma="storey">stories</w>
<w type="CC" lemma="and">and</w>
<w type="NNS" lemma="picture">pictures</w>
<w type="IN" lemma="from">from</w>
<w type="DT" lemma="all">all</w>
<w type="IN" lemma="over">over</w>
<w type="DT" lemma="the">the</w>
<w type="NN" lemma="world">world</w>
<w type="MD" lemma="can">can</w>
<w type="VB" lemma="be">be</w>
<w type="VVN" lemma="gather">gathered</w>
<w type="RP" lemma="up">up</w>
<w type="CC" lemma="and">and</w>
<w type="VV" lemma="appear">appear</w>
<w type="IN" lemma="in">in</w>
<w type="NN" lemma="print">print</w>
<w type="IN" lemma="within">within</w>
<w type="NNS" lemma="hour">hours</w>
<pc type="SENT">.</pc>
</s></p><p><s><w type="PP" lemma="we">We</w>
<w type="VHP" lemma="have">have</w>
<w type="RB" lemma="indeed">indeed</w>
<w type="VVN" lemma="become">become</w>
<w type="DT" lemma="a">a</w>
<w type="JJ" lemma="global">global</w>
<w type="NN" lemma="village">village</w>
<pc type="SENT">.</pc>
</s>
<s><w type="PP" lemma="it">It</w>
<w type="VBZ" lemma="be">is</w>
<w type="DT" lemma="no">no</w>
<w type="RBR" lemma="longer">longer</w>
<w type="JJ" lemma="possible">possible</w>
<w type="TO" lemma="to">to</w>
<w type="VV" lemma="plead">plead</w>
<w type="NN" lemma="ignorance">ignorance</w>
<w type="IN" lemma="about">about</w>
<w type="WP" lemma="what">what</w>
<w type="VBZ" lemma="be">is</w>
<w type="VVG" lemma="go">going</w>
<w type="IN" lemma="on">on</w>
<w type="IN" lemma="in">in</w>
<w type="JJ" lemma="far-off">far-off</w>
<w type="NNS" lemma="part">parts</w>
<w type="IN" lemma="of">of</w>
<w type="DT" lemma="the">the</w>
<w type="NN" lemma="world">world</w>
<pc type="SENT">.</pc>
</s>
<s><w type="VV" lemma="switch">Switch</w>
<w type="IN" lemma="on">on</w>
<w type="DT" lemma="the">the</w>
<w type="NN" lemma="television">television</w>
<w type="CC" lemma="or">or</w>
<w type="NN" lemma="radio">radio</w>
<pc type="sub">,</pc>
<w type="CC" lemma="and">and</w>
<w type="DT" lemma="the">the</w>
<w type="JJ" lemma="graphic">graphic</w>
<w type="NNS" lemma="detail">details</w>
<w type="IN" lemma="of">of</w>
<w type="JJ" lemma="distant">distant</w>
<w type="NNS" lemma="event">events</w>
<w type="VBP" lemma="are">are</w>
<w type="RB" lemma="instantly">instantly</w>
<w type="JJ" lemma="available">available</w>
<w type="TO" lemma="to">to</w>
<w type="PP" lemma="us">us</w>
<pc type="SENT">.</pc>
</s></p><p><s><w type="RB" lemma="not">Not</w>
<w type="PDT" lemma="all">all</w>
<w type="DT" lemma="the">the</w>
<w type="NNS" lemma="picture">pictures</w>
<w type="VVP" lemma="bring">bring</w>
<w type="JJ" lemma="gloomy">gloomy</w>
<w type="NN" lemma="news">news</w>
<pc type="SENT">.</pc>
</s>
<s><w type="DT" lemma="this">This</w>
<w type="NN" lemma="year">year</w>
<w type="VHZ" lemma="have">has</w>
<w type="VVN" lemma="see">seen</w>
<w type="JJ" lemma="significant">significant</w>
<w type="NN" lemma="progress">progress</w>
<w type="VVN" lemma="make">made</w>
<w type="IN" lemma="towards">towards</w>
<w type="VVG" lemma="solve">solving</w>
<w type="DT" lemma="some">some</w>
<w type="IN" lemma="of">of</w>
<w type="DT" lemma="the">the</w>
<w type="NN" lemma="world">world</w>
<w type="POS" lemma="'s">'s</w>
<w type="RBS" lemma="most">most</w>
<w type="JJ" lemma="difficult">difficult</w>
<w type="NNS" lemma="problem">problems</w>
<pc type="sub">-</pc>
<w type="DT" lemma="the">the</w>
<w type="NP" lemma="Middle">Middle</w>
<w type="NP" lemma="East">East</w>
<pc type="sub">,</pc>
<w type="IN" lemma="for">for</w>
<w type="NN" lemma="instance">instance</w>
<pc type="sub">,</pc>
<w type="DT" lemma="the">the</w>
<w type="JJ" lemma="democratic">democratic</w>
<w type="NN" lemma="future">future</w>
<w type="IN" lemma="of">of</w>
<w type="NP" lemma="South">South</w>
<w type="NP" lemma="Africa">Africa</w>
<w type="CC" lemma="and">and</w>
<pc type="sub">,</pc>
<w type="RBS" lemma="most">most</w>
<w type="RB" lemma="recently">recently</w>
<pc type="sub">,</pc>
<w type="NP" lemma="Northern">Northern</w>
<w type="NP" lemma="Ireland">Ireland</w>
<pc type="SENT">.</pc>
</s></p><p><s><w type="DT" lemma="all">All</w>
<w type="RB" lemma="too">too</w>
<w type="RB" lemma="often">often</w>
<pc type="sub">,</pc>
<w type="RB" lemma="though">though</w>
<pc type="sub">,</pc>
<w type="PP" lemma="we">we</w>
<w type="VVP" lemma="find">find</w>
<w type="PP" lemma="ourselves">ourselves</w>
<w type="VVG" lemma="watch">watching</w>
<w type="CC" lemma="or">or</w>
<w type="VVG" lemma="listen">listening</w>
<w type="TO" lemma="to">to</w>
<w type="DT" lemma="the">the</w>
<w type="NN" lemma="sort">sort</w>
<w type="IN" lemma="of">of</w>
<w type="NN" lemma="news">news</w>
<w type="WDT" lemma="which">which</w>
<pc type="sub">,</pc>
<w type="IN" lemma="as">as</w>
<w type="DT" lemma="a">a</w>
<w type="JJ" lemma="daily">daily</w>
<w type="NN" lemma="diet">diet</w>
<pc type="sub">,</pc>
<w type="MD" lemma="can">can</w>
<w type="VB" lemma="be">be</w>
<w type="RB" lemma="almost">almost</w>
<w type="JJ" lemma="overwhelming">overwhelming</w>
<pc type="SENT">.</pc>
</s>
<s><w type="PP" lemma="it">It</w>
<w type="VVZ" lemma="make">makes</w>
<w type="PP" lemma="us">us</w>
<w type="VV" lemma="yearn">yearn</w>
<w type="IN" lemma="for">for</w>
<w type="DT" lemma="some">some</w>
<w type="JJ" lemma="good">good</w>
<w type="NN" lemma="news">news</w>
<pc type="SENT">.</pc>
</s></p><p><s><w type="IN" lemma="if">If</w>
<w type="PP" lemma="we">we</w>
<w type="MD" lemma="can">can</w>
<w type="VV" lemma="look">look</w>
<w type="IN" lemma="on">on</w>
<w type="DT" lemma="the">the</w>
<w type="JJ" lemma="bright">bright</w>
<w type="NN" lemma="side">side</w>
<pc type="sub">,</pc>
<w type="RB" lemma="so">so</w>
<w type="RB" lemma="much">much</w>
<w type="DT" lemma="the">the</w>
<w type="JJR" lemma="good">better</w>
<pc type="sub">,</pc>
<w type="CC" lemma="but">but</w>
<w type="WDT" lemma="that">that</w>
<w type="VVZ" lemma="do">does</w>
<w type="RB" lemma="not">not</w>
<w type="VV" lemma="mean">mean</w>
<w type="PP" lemma="we">we</w>
<w type="MD" lemma="should">should</w>
<w type="VV" lemma="shield">shield</w>
<w type="PP" lemma="ourselves">ourselves</w>
<w type="IN" lemma="from">from</w>
<w type="DT" lemma="the">the</w>
<w type="NN" lemma="truth">truth</w>
<pc type="sub">,</pc>
<w type="RB" lemma="even">even</w>
<w type="IN" lemma="if">if</w>
<w type="PP" lemma="it">it</w>
<w type="VBZ" lemma="be">is</w>
<w type="JJ" lemma="unwelcome">unwelcome</w>
<pc type="SENT">.</pc>
</s>
<s><w type="PP" lemma="I">I</w>
<w type="VVP" lemma="believe">believe</w>
<w type="IN" lemma="that">that</w>
<w type="PP" lemma="we">we</w>
<w type="MD" lemma="should">should</w>
<w type="VB" lemma="be">be</w>
<w type="JJ" lemma="aware">aware</w>
<w type="IN" lemma="of">of</w>
<w type="NNS" lemma="event">events</w>
<w type="WDT" lemma="which">which</w>
<pc type="sub">,</pc>
<w type="IN" lemma="in">in</w>
<w type="DT" lemma="the">the</w>
<w type="JJ" lemma="old">old</w>
<w type="NNS" lemma="day">days</w>
<pc type="sub">,</pc>
<w type="MD" lemma="might">might</w>
<w type="VH" lemma="have">have</w>
<w type="VVN" lemma="pass">passed</w>
<w type="PP" lemma="us">us</w>
<w type="IN" lemma="by">by</w>
<pc type="SENT">.</pc>
</s>
<s><w type="CC" lemma="but">But</w>
<w type="IN" lemma="that">that</w>
<w type="NNS" lemma="mean">means</w>
<w type="VVG" lemma="face">facing</w>
<w type="RP" lemma="up">up</w>
<w type="TO" lemma="to">to</w>
<w type="DT" lemma="the">the</w>
<w type="NN" lemma="question">question</w>
<w type="IN" lemma="of">of</w>
<w type="WP" lemma="what">what</w>
<w type="PP" lemma="we">we</w>
<w type="MD" lemma="can">can</w>
<w type="VV" lemma="do">do</w>
<w type="TO" lemma="to">to</w>
<w type="VV" lemma="use">use</w>
<w type="DT" lemma="that">that</w>
<w type="NN" lemma="awareness">awareness</w>
<w type="IN" lemma="for">for</w>
<w type="DT" lemma="the">the</w>
<w type="JJR" lemma="great">greater</w>
<w type="JJ" lemma="good">good</w>
<pc type="SENT">.</pc>
</s></p><p><s><w type="DT" lemma="the">The</w>
<w type="JJ" lemma="simple">simple</w>
<w type="NN" lemma="answer">answer</w>
<w type="VBZ" lemma="be">is</w>
<pc type="sub">,</pc>
<w type="IN" lemma="of">of</w>
<w type="NN" lemma="course">course</w>
<pc type="sub">,</pc>
<w type="DT" lemma="all">all</w>
<w type="RB" lemma="too">too</w>
<w type="JJ" lemma="little">little</w>
<pc type="SENT">.</pc>
</s>
<s><w type="CC" lemma="but">But</w>
<w type="EX" lemma="there">there</w>
<w type="VBZ" lemma="be">is</w>
<w type="DT" lemma="another">another</w>
<w type="NN" lemma="answer">answer</w>
<pc type="SENT">.</pc>
</s>
<s><w type="PP" lemma="it">It</w>
<w type="VBZ" lemma="be">is</w>
<w type="IN" lemma="that">that</w>
<w type="DT" lemma="the">the</w>
<w type="JJR" lemma="more">more</w>
<w type="PP" lemma="we">we</w>
<w type="VVP" lemma="know">know</w>
<pc type="sub">,</pc>
<w type="DT" lemma="the">the</w>
<w type="RBR" lemma="more">more</w>
<w type="PP" lemma="we">we</w>
<w type="VVP" lemma="feel">feel</w>
<w type="JJ" lemma="responsible">responsible</w>
<pc type="sub">,</pc>
<w type="CC" lemma="and">and</w>
<w type="DT" lemma="the">the</w>
<w type="JJR" lemma="more">more</w>
<w type="PP" lemma="we">we</w>
<w type="VVP" lemma="want">want</w>
<w type="TO" lemma="to">to</w>
<w type="VV" lemma="help">help</w>
<pc type="SENT">.</pc>
</s></p><p><s><w type="DT" lemma="those">Those</w>
<w type="VVN" lemma="involve">involved</w>
<w type="IN" lemma="in">in</w>
<w type="JJ" lemma="international">international</w>
<w type="NN" lemma="charity">charity</w>
<w type="NN" lemma="work">work</w>
<w type="VVP" lemma="confirm">confirm</w>
<w type="IN" lemma="that">that</w>
<w type="JJ" lemma="modern">modern</w>
<w type="NNS" lemma="communication">communications</w>
<w type="VHP" lemma="have">have</w>
<w type="VVN" lemma="help">helped</w>
<w type="TO" lemma="to">to</w>
<w type="VV" lemma="bring">bring</w>
<w type="PP" lemma="them">them</w>
<w type="JJ" lemma="public">public</w>
<w type="NN" lemma="support">support</w>
<w type="CC" lemma="and">and</w>
<w type="VVD" lemma="make">made</w>
<w type="PP" lemma="them">them</w>
<w type="RBR" lemma="more">more</w>
<w type="JJ" lemma="effective">effective</w>
<pc type="SENT">.</pc>
</s>
<s><w type="NNS" lemma="people">People</w>
<w type="VBP" lemma="are">are</w>
<w type="RB" lemma="not">not</w>
<w type="VVG" lemma="shun">shunning</w>
<w type="DT" lemma="the">the</w>
<w type="JJ" lemma="added">added</w>
<w type="NN" lemma="responsibility">responsibility</w>
<pc type="sub">,</pc>
<w type="CC" lemma="but">but</w>
<w type="VVG" lemma="shoulder">shouldering</w>
<w type="PP" lemma="it">it</w>
<pc type="SENT">.</pc>
</s></p><p><s><w type="DT" lemma="all">All</w>
<w type="IN" lemma="of">of</w>
<w type="PP" lemma="us">us</w>
<w type="VVP" lemma="owe">owe</w>
<w type="DT" lemma="a">a</w>
<w type="NN" lemma="debt">debt</w>
<w type="TO" lemma="to">to</w>
<w type="DT" lemma="those">those</w>
<w type="NNS" lemma="volunteer">volunteers</w>
<w type="WP" lemma="who">who</w>
<w type="VBP" lemma="are">are</w>
<w type="RB" lemma="out">out</w>
<w type="RB" lemma="there">there</w>
<w type="IN" lemma="in">in</w>
<w type="DT" lemma="the">the</w>
<w type="JJ" lemma="front">front</w>
<w type="NN" lemma="line">line</w>
<pc type="sub">,</pc>
<w type="VVG" lemma="put">putting</w>
<w type="PPs" lemma="our">our</w>
<w type="NNS" lemma="donation">donations</w>
<w type="TO" lemma="to">to</w>
<w type="VV" lemma="use">use</w>
<w type="IN" lemma="by">by</w>
<w type="VVG" lemma="look">looking</w>
<w type="IN" lemma="after">after</w>
<w type="DT" lemma="the">the</w>
<w type="JJ" lemma="wounded">wounded</w>
<pc type="sub">,</pc>
<w type="DT" lemma="the">the</w>
<w type="JJ" lemma="hungry">hungry</w>
<w type="CC" lemma="and">and</w>
<w type="DT" lemma="the">the</w>
<w type="VVD" lemma="oppress">oppressed</w>
<pc type="SENT">.</pc>
</s>
<s><w type="RB" lemma="much">Much</w>
<w type="IN" lemma="of">of</w>
<w type="PPs" lemma="their">their</w>
<w type="NN" lemma="work">work</w>
<w type="RB" lemma="never">never</w>
<w type="VVZ" lemma="reach">reaches</w>
<w type="DT" lemma="the">the</w>
<w type="NNS" lemma="headline">headlines</w>
<w type="CC" lemma="or">or</w>
<w type="NN" lemma="television">television</w>
<w type="NNS" lemma="screen">screens</w>
<pc type="sub">,</pc>
<w type="CC" lemma="but">but</w>
<w type="PPs" lemma="their">their</w>
<w type="NN" lemma="example">example</w>
<w type="MD" lemma="should">should</w>
<w type="VV" lemma="inspire">inspire</w>
<w type="PP" lemma="us">us</w>
<w type="PDT" lemma="all">all</w>
<w type="DT" lemma="the">the</w>
<w type="JJ" lemma="same">same</w>
<pc type="SENT">.</pc>
</s></p><p><s><w type="PP" lemma="we">We</w>
<w type="VV" lemma="XXXX">cannot</w>
<w type="RB" lemma="all">all</w>
<w type="VV" lemma="follow">follow</w>
<w type="PP" lemma="them">them</w>
<w type="DT" lemma="the">the</w>
<w type="JJ" lemma="whole">whole</w>
<w type="NN" lemma="way">way</w>
<pc type="sub">,</pc>
<w type="CC" lemma="but">but</w>
<w type="PP" lemma="we">we</w>
<w type="MD" lemma="can">can</w>
<w type="VV" lemma="do">do</w>
<w type="NN" lemma="something">something</w>
<w type="TO" lemma="to">to</w>
<w type="VV" lemma="help">help</w>
<w type="IN" lemma="within">within</w>
<w type="PPs" lemma="our">our</w>
<w type="JJ" lemma="own">own</w>
<w type="NN" lemma="community">community</w>
<pc type="sub">-</pc>
<w type="RB" lemma="particularly">particularly</w>
<w type="IN" lemma="at">at</w>
<w type="NP" lemma="Christmas">Christmas</w>
<pc type="sub">,</pc>
<w type="WRB" lemma="when">when</w>
<w type="DT" lemma="those">those</w>
<w type="IN" lemma="without">without</w>
<w type="NN" lemma="work">work</w>
<pc type="sub">,</pc>
<w type="CC" lemma="or">or</w>
<w type="DT" lemma="the">the</w>
<w type="NN" lemma="company">company</w>
<w type="IN" lemma="of">of</w>
<w type="NN" lemma="family">family</w>
<w type="CC" lemma="or">or</w>
<w type="NNS" lemma="friend">friends</w>
<pc type="sub">,</pc>
<w type="VVP" lemma="feel">feel</w>
<w type="RB" lemma="especially">especially</w>
<w type="VVN" lemma="leave">left</w>
<w type="RP" lemma="out">out</w>
<pc type="SENT">.</pc>
</s></p><p><s><w type="PP" lemma="I">I</w>
<w type="VBP" lemma="am">am</w>
<w type="RB" lemma="always">always</w>
<w type="VVN" lemma="move">moved</w>
<w type="IN" lemma="by">by</w>
<w type="DT" lemma="those">those</w>
<w type="NNS" lemma="word">words</w>
<w type="IN" lemma="in">in</w>
<w type="NP" lemma="St.">St.</w>
<w type="NP" lemma="John">John</w>
<w type="POS" lemma="'s">'s</w>
<w type="NP" lemma="XXXX">Gospel</w>
<w type="WDT" lemma="which">which</w>
<w type="PP" lemma="we">we</w>
<w type="VVP" lemma="hear">hear</w>
<w type="IN" lemma="on">on</w>
<w type="NP" lemma="Christmas">Christmas</w>
<w type="NP" lemma="Day">Day</w>
<pc type="sub">-</pc>
<pc type="oq">"</pc>
<w type="PP" lemma="he">He</w>
<w type="VBD" lemma="be">was</w>
<w type="IN" lemma="in">in</w>
<w type="DT" lemma="the">the</w>
<w type="NN" lemma="world">world</w>
<pc type="sub">,</pc>
<w type="CC" lemma="and">and</w>
<w type="DT" lemma="the">the</w>
<w type="NN" lemma="world">world</w>
<w type="VBD" lemma="be">was</w>
<w type="VVN" lemma="make">made</w>
<w type="IN" lemma="by">by</w>
<w type="PP" lemma="him">him</w>
<pc type="sub">,</pc>
<w type="CC" lemma="and">and</w>
<w type="DT" lemma="the">the</w>
<w type="NN" lemma="world">world</w>
<w type="VVD" lemma="know">knew</w>
<w type="PP" lemma="him">him</w>
<w type="RB" lemma="not">not</w>
<pc type="cq">"</pc>
<pc type="SENT">.</pc>
</s></p><p><s><w type="PP" lemma="we">We</w>
<w type="VHP" lemma="have">have</w>
<w type="RB" lemma="only">only</w>
<w type="TO" lemma="to">to</w>
<w type="VV" lemma="listen">listen</w>
<w type="TO" lemma="to">to</w>
<w type="DT" lemma="the">the</w>
<w type="NN" lemma="news">news</w>
<w type="TO" lemma="to">to</w>
<w type="VV" lemma="know">know</w>
<w type="DT" lemma="the">the</w>
<w type="NN" lemma="truth">truth</w>
<w type="IN" lemma="of">of</w>
<w type="DT" lemma="that">that</w>
<pc type="SENT">.</pc>
</s>
<s><w type="CC" lemma="but">But</w>
<w type="DT" lemma="the">the</w>
<w type="NP" lemma="XXXX">Gospel</w>
<w type="VVZ" lemma="go">goes</w>
<w type="RP" lemma="on">on</w>
<pc type="sub">-</pc>
<pc type="oq">"</pc>
<w type="CC" lemma="but">But</w>
<w type="RB" lemma="as">as</w>
<w type="JJ" lemma="many">many</w>
<w type="RB" lemma="as">as</w>
<w type="VVN" lemma="receive">received</w>
<w type="PP" lemma="him">him</w>
<pc type="sub">,</pc>
<w type="TO" lemma="to">to</w>
<w type="PP" lemma="them">them</w>
<w type="VVD" lemma="give">gave</w>
<w type="PP" lemma="he">he</w>
<w type="NN" lemma="power">power</w>
<w type="TO" lemma="to">to</w>
<w type="VV" lemma="become">become</w>
<w type="DT" lemma="the">the</w>
<w type="NNS" lemma="son">sons</w>
<w type="IN" lemma="of">of</w>
<w type="NP" lemma="God">God</w>
<pc type="cq">"</pc>
<pc type="SENT">.</pc>
</s></p><p><s><w type="IN" lemma="for">For</w>
<w type="PDT" lemma="all">all</w>
<w type="DT" lemma="the">the</w>
<w type="NN" lemma="inhumanity">inhumanity</w>
<w type="IN" lemma="around">around</w>
<w type="PP" lemma="us">us</w>
<pc type="sub">,</pc>
<w type="VV" lemma="let">let</w>
<w type="PP" lemma="us">us</w>
<w type="VB" lemma="be">be</w>
<w type="JJ" lemma="grateful">grateful</w>
<w type="IN" lemma="for">for</w>
<w type="DT" lemma="those">those</w>
<w type="WP" lemma="who">who</w>
<w type="VHP" lemma="have">have</w>
<w type="VVN" lemma="receive">received</w>
<w type="PP" lemma="him">him</w>
<w type="CC" lemma="and">and</w>
<w type="WP" lemma="who">who</w>
<w type="VVP" lemma="go">go</w>
<w type="IN" lemma="about">about</w>
<w type="RB" lemma="quietly">quietly</w>
<w type="VVG" lemma="do">doing</w>
<w type="PPs" lemma="their">their</w>
<w type="NN" lemma="work">work</w>
<w type="CC" lemma="and">and</w>
<w type="PPs" lemma="his">His</w>
<w type="NN" lemma="will">will</w>
<w type="IN" lemma="without">without</w>
<w type="NN" lemma="thought">thought</w>
<w type="IN" lemma="of">of</w>
<w type="NN" lemma="reward">reward</w>
<w type="CC" lemma="or">or</w>
<w type="NN" lemma="recognition">recognition</w>
<pc type="SENT">.</pc>
</s></p><p><s><w type="PP" lemma="they">They</w>
<w type="VVP" lemma="know">know</w>
<w type="IN" lemma="that">that</w>
<w type="EX" lemma="there">there</w>
<w type="VBZ" lemma="be">is</w>
<w type="DT" lemma="an">an</w>
<w type="JJ" lemma="eternal">eternal</w>
<w type="NN" lemma="truth">truth</w>
<w type="IN" lemma="of">of</w>
<w type="RB" lemma="much">much</w>
<w type="JJR" lemma="great">greater</w>
<w type="NN" lemma="significance">significance</w>
<w type="IN" lemma="than">than</w>
<w type="PPs" lemma="our">our</w>
<w type="JJ" lemma="own">own</w>
<w type="NNS" lemma="triumph">triumphs</w>
<w type="CC" lemma="and">and</w>
<w type="NNS" lemma="tragedy">tragedies</w>
<pc type="sub">,</pc>
<w type="CC" lemma="and">and</w>
<w type="PP" lemma="it">it</w>
<w type="VBZ" lemma="be">is</w>
<w type="VVN" lemma="embody">embodied</w>
<w type="IN" lemma="by">by</w>
<w type="DT" lemma="the">the</w>
<w type="NN" lemma="child">Child</w>
<w type="IN" lemma="in">in</w>
<w type="DT" lemma="the">the</w>
<w type="NP" lemma="Manger">Manger</w>
<pc type="SENT">.</pc>
</s>
<s><w type="DT" lemma="that">That</w>
<w type="VBZ" lemma="be">is</w>
<w type="PPs" lemma="their">their</w>
<w type="NN" lemma="message">message</w>
<w type="IN" lemma="of">of</w>
<w type="NN" lemma="hope">hope</w>
<pc type="SENT">.</pc>
</s></p><p><s><w type="PP" lemma="we">We</w>
<w type="MD" lemma="can">can</w>
<w type="RB" lemma="all">all</w>
<w type="VV" lemma="try">try</w>
<w type="TO" lemma="to">to</w>
<w type="VV" lemma="reflect">reflect</w>
<w type="DT" lemma="that">that</w>
<w type="NN" lemma="message">message</w>
<w type="IN" lemma="of">of</w>
<w type="NN" lemma="hope">hope</w>
<w type="IN" lemma="in">in</w>
<w type="PPs" lemma="our">our</w>
<w type="JJ" lemma="own">own</w>
<w type="NNS" lemma="life">lives</w>
<pc type="sub">,</pc>
<w type="IN" lemma="in">in</w>
<w type="PPs" lemma="our">our</w>
<w type="NNS" lemma="action">actions</w>
<w type="CC" lemma="and">and</w>
<w type="IN" lemma="in">in</w>
<w type="PPs" lemma="our">our</w>
<w type="NNS" lemma="prayer">prayers</w>
<pc type="SENT">.</pc>
</s>
<s><w type="IN" lemma="if">If</w>
<w type="PP" lemma="we">we</w>
<w type="VVP" lemma="do">do</w>
<pc type="sub">,</pc>
<w type="DT" lemma="the">the</w>
<w type="NN" lemma="reflection">reflection</w>
<w type="MD" lemma="may">may</w>
<w type="VV" lemma="light">light</w>
<w type="DT" lemma="the">the</w>
<w type="NN" lemma="way">way</w>
<w type="IN" lemma="for">for</w>
<w type="NNS" lemma="other">others</w>
<w type="CC" lemma="and">and</w>
<w type="VV" lemma="help">help</w>
<w type="PP" lemma="them">them</w>
<w type="TO" lemma="to">to</w>
<w type="VV" lemma="read">read</w>
<w type="DT" lemma="the">the</w>
<w type="NN" lemma="message">message</w>
<w type="RB" lemma="too">too</w>
<pc type="SENT">.</pc>
</s>
<s><w type="PP" lemma="we">We</w>
<w type="VVP" lemma="live">live</w>
<w type="IN" lemma="in">in</w>
<w type="DT" lemma="the">the</w>
<w type="JJ" lemma="global">global</w>
<w type="NN" lemma="village">village</w>
<pc type="sub">,</pc>
<w type="CC" lemma="but">but</w>
<w type="NNS" lemma="village">villages</w>
<w type="VBP" lemma="are">are</w>
<w type="VVN" lemma="make">made</w>
<w type="RP" lemma="up">up</w>
<w type="IN" lemma="of">of</w>
<w type="NNS" lemma="family">families</w>
<pc type="SENT">.</pc>
</s></p><p><s><w type="PP" lemma="we">We</w>
<pc type="sub">,</pc>
<w type="DT" lemma="the">the</w>
<w type="NNS" lemma="people">peoples</w>
<w type="IN" lemma="of">of</w>
<w type="DT" lemma="the">the</w>
<w type="CD" lemma="fifty">fifty</w>
<w type="NNS" lemma="nation">nations</w>
<w type="IN" lemma="of">of</w>
<w type="DT" lemma="the">the</w>
<w type="NP" lemma="Commonwealth">Commonwealth</w>
<pc type="sub">-</pc>
<w type="JJR" lemma="more">more</w>
<w type="IN" lemma="than">than</w>
<w type="DT" lemma="a">a</w>
<w type="NN" lemma="quarter">quarter</w>
<w type="IN" lemma="of">of</w>
<w type="DT" lemma="the">the</w>
<w type="NN" lemma="world">world</w>
<w type="POS" lemma="'s">'s</w>
<w type="NN" lemma="population">population</w>
<pc type="sub">-</pc>
<w type="VHP" lemma="have">have</w>
<pc type="sub">,</pc>
<w type="IN" lemma="as">as</w>
<w type="NNS" lemma="member">members</w>
<w type="IN" lemma="of">of</w>
<w type="CD" lemma="one">one</w>
<w type="IN" lemma="of">of</w>
<w type="DT" lemma="the">the</w>
<w type="JJS" lemma="large">largest</w>
<w type="NNS" lemma="family">families</w>
<pc type="sub">,</pc>
<w type="DT" lemma="a">a</w>
<w type="JJ" lemma="great">great</w>
<w type="NN" lemma="responsibility">responsibility</w>
<pc type="SENT">.</pc>
</s>
<s><w type="IN" lemma="by">By</w>
<w type="VVG" lemma="work">working</w>
<w type="RB" lemma="together">together</w>
<pc type="sub">,</pc>
<w type="PP" lemma="we">we</w>
<w type="MD" lemma="can">can</w>
<w type="VV" lemma="help">help</w>
<w type="DT" lemma="the">the</w>
<w type="NN" lemma="rest">rest</w>
<w type="IN" lemma="of">of</w>
<w type="DT" lemma="the">the</w>
<w type="NN" lemma="world">world</w>
<w type="VV" lemma="become">become</w>
<w type="DT" lemma="a">a</w>
<w type="RBR" lemma="more">more</w>
<w type="JJ" lemma="humane">humane</w>
<w type="CC" lemma="and">and</w>
<w type="JJR" lemma="happy">happier</w>
<w type="NN" lemma="place">place</w>
<pc type="SENT">.</pc>
</s></p><p><s><w type="PP" lemma="I">I</w>
<w type="VVP" lemma="hope">hope</w>
<w type="PP" lemma="you">you</w>
<w type="DT" lemma="all">all</w>
<w type="VVP" lemma="enjoy">enjoy</w>
<w type="PPs" lemma="your">your</w>
<w type="NP" lemma="Christmas">Christmas</w>
<pc type="SENT">.</pc>
</s>
<s><w type="PP" lemma="I">I</w>
<w type="VV" lemma="pray">pray</w>
<pc type="sub">,</pc>
<w type="IN" lemma="with">with</w>
<w type="PP" lemma="you">you</w>
<pc type="sub">,</pc>
<w type="IN" lemma="for">for</w>
<w type="DT" lemma="a">a</w>
<w type="JJ" lemma="happy">happy</w>
<w type="CC" lemma="and">and</w>
<w type="JJ" lemma="peaceful">peaceful</w>
<w type="NP" lemma="New">New</w>
<w type="NN" lemma="year">Year</w>
<pc type="SENT">.</pc>
</s></p></div>