<div xmlns='http://www.tei-c.org/ns/1.0' n="1996"><head><s><w type="NP" lemma="Christmas">Christmas</w>
<w type="NP" lemma="Broadcast">Broadcast</w>
<w type="CD" lemma="@card@">1996</w>
</s></head><p><s><w type="TO" lemma="To">To</w>
<w type="VV" lemma="look">look</w>
<w type="RB" lemma="back">back</w>
<w type="VBZ" lemma="be">is</w>
<w type="RB" lemma="not">not</w>
<w type="RB" lemma="necessarily">necessarily</w>
<w type="TO" lemma="to">to</w>
<w type="VB" lemma="be">be</w>
<w type="JJ" lemma="nostalgic">nostalgic</w>
<pc type="SENT">.</pc>
</s>
<s><w type="WRB" lemma="when">When</w>
<w type="PP" lemma="I">I</w>
<w type="VVP" lemma="come">come</w>
<w type="TO" lemma="to">to</w>
<w type="NP" lemma="Sandringham">Sandringham</w>
<w type="DT" lemma="each">each</w>
<w type="NN" lemma="year">year</w>
<pc type="sub">,</pc>
<w type="PP" lemma="I">I</w>
<w type="VVP" lemma="like">like</w>
<w type="TO" lemma="to">to</w>
<w type="VV" lemma="reflect">reflect</w>
<w type="IN" lemma="on">on</w>
<w type="WP" lemma="what">what</w>
<w type="NP" lemma="Christmas">Christmas</w>
<w type="MD" lemma="must">must</w>
<w type="VH" lemma="have">have</w>
<w type="VBN" lemma="be">been</w>
<w type="IN" lemma="like">like</w>
<w type="WRB" lemma="when">when</w>
<w type="NP" lemma="King">King</w>
<w type="NP" lemma="Eward">Eward</w>
<w type="NP" lemma="VII">VII</w>
<pc type="sub">,</pc>
<w type="PPs" lemma="my">my</w>
<w type="NN" lemma="great-grandfather">great-grandfather</w>
<pc type="sub">,</pc>
<w type="CC" lemma="and">and</w>
<w type="NP" lemma="Queen">Queen</w>
<w type="NP" lemma="Alexandra">Alexandra</w>
<w type="RB" lemma="first">first</w>
<w type="VVD" lemma="come">came</w>
<w type="RB" lemma="here">here</w>
<w type="IN" lemma="as">as</w>
<w type="JJ" lemma="young">young</w>
<w type="NNS" lemma="parent">parents</w>
<pc type="SENT">.</pc>
</s></p><p><s><w type="PP" lemma="I">I</w>
<w type="VVP" lemma="remember">remember</w>
<w type="PPs" lemma="my">my</w>
<w type="JJ" lemma="own">own</w>
<w type="NN" lemma="childhood">childhood</w>
<w type="NNS" lemma="Christmas">Christmases</w>
<w type="RB" lemma="here">here</w>
<pc type="sub">,</pc>
<w type="IN" lemma="with">with</w>
<w type="PPs" lemma="my">my</w>
<w type="NN" lemma="father">father</w>
<w type="CC" lemma="and">and</w>
<w type="NN" lemma="mother">mother</w>
<pc type="sub">,</pc>
<w type="CC" lemma="and">and</w>
<w type="DT" lemma="a">a</w>
<w type="JJ" lemma="great">great</w>
<w type="NN" lemma="family">family</w>
<w type="NN" lemma="gathering">gathering</w>
<pc type="sub">,</pc>
<w type="CC" lemma="and">and</w>
<w type="RB" lemma="now">now</w>
<w type="PP" lemma="I">I</w>
<w type="VV" lemma="delight">delight</w>
<w type="IN" lemma="in">in</w>
<w type="VVG" lemma="see">seeing</w>
<w type="PPs" lemma="my">my</w>
<w type="NNS" lemma="child">children</w>
<w type="CC" lemma="and">and</w>
<w type="NNS" lemma="grandchild">grandchildren</w>
<w type="VVG" lemma="enjoy">enjoying</w>
<w type="DT" lemma="the">the</w>
<w type="JJ" lemma="same">same</w>
<w type="NNS" lemma="tradition">traditions</w>
<pc type="SENT">.</pc>
</s></p><p><s><w type="NP" lemma="Christmas">Christmas</w>
<w type="VBZ" lemma="be">is</w>
<w type="DT" lemma="the">the</w>
<w type="NN" lemma="celebration">celebration</w>
<w type="IN" lemma="of">of</w>
<w type="DT" lemma="the">the</w>
<w type="NN" lemma="birth">birth</w>
<w type="IN" lemma="of">of</w>
<w type="DT" lemma="the">the</w>
<w type="NN" lemma="founder">founder</w>
<w type="IN" lemma="of">of</w>
<w type="DT" lemma="the">the</w>
<w type="JJ" lemma="Christian">Christian</w>
<w type="NN" lemma="faith">faith</w>
<pc type="sub">,</pc>
<w type="DT" lemma="an">an</w>
<w type="NN" lemma="event">event</w>
<w type="WDT" lemma="which">which</w>
<w type="VVD" lemma="take">took</w>
<w type="VV" lemma="place">place</w>
<w type="RB" lemma="almost">almost</w>
<w type="CD" lemma="@card@">2000</w>
<w type="NNS" lemma="year">years</w>
<w type="RB" lemma="ago">ago</w>
<pc type="sub">;</pc>
<w type="DT" lemma="every">every</w>
<w type="NN" lemma="year">year</w>
<pc type="sub">,</pc>
<w type="IN" lemma="at">at</w>
<w type="DT" lemma="this">this</w>
<w type="NN" lemma="time">time</w>
<pc type="sub">,</pc>
<w type="PP" lemma="we">we</w>
<w type="VBP" lemma="are">are</w>
<w type="VVN" lemma="ask">asked</w>
<w type="TO" lemma="to">to</w>
<w type="VV" lemma="look">look</w>
<w type="RB" lemma="back">back</w>
<w type="IN" lemma="at">at</w>
<w type="DT" lemma="that">that</w>
<w type="JJ" lemma="extraordinary">extraordinary</w>
<w type="NN" lemma="story">story</w>
<w type="CC" lemma="and">and</w>
<w type="VV" lemma="remind">remind</w>
<w type="PP" lemma="ourselves">ourselves</w>
<w type="IN" lemma="of">of</w>
<w type="DT" lemma="the">the</w>
<w type="NN" lemma="message">message</w>
<w type="WDT" lemma="which">which</w>
<w type="VVD" lemma="inspire">inspired</w>
<w type="NP" lemma="Christ">Christ</w>
<w type="POS" lemma="'s">'s</w>
<w type="NNS" lemma="follower">followers</w>
<w type="RB" lemma="then">then</w>
<pc type="sub">,</pc>
<w type="CC" lemma="and">and</w>
<w type="WDT" lemma="which">which</w>
<w type="VBZ" lemma="be">is</w>
<w type="RB" lemma="just">just</w>
<w type="IN" lemma="as">as</w>
<w type="JJ" lemma="relevant">relevant</w>
<w type="NN" lemma="today">today</w>
<pc type="SENT">.</pc>
</s></p><p><s><w type="IN" lemma="at">At</w>
<w type="NP" lemma="Christmas">Christmas</w>
<w type="PP" lemma="I">I</w>
<w type="VVP" lemma="enjoy">enjoy</w>
<w type="VVG" lemma="look">looking</w>
<w type="RB" lemma="back">back</w>
<w type="IN" lemma="on">on</w>
<w type="DT" lemma="some">some</w>
<w type="IN" lemma="of">of</w>
<w type="DT" lemma="the">the</w>
<w type="NNS" lemma="event">events</w>
<w type="IN" lemma="of">of</w>
<w type="DT" lemma="the">the</w>
<w type="NN" lemma="year">year</w>
<pc type="SENT">.</pc>
</s>
<s><w type="JJ" lemma="Many">Many</w>
<w type="VHP" lemma="have">have</w>
<w type="PPs" lemma="their">their</w>
<w type="NNS" lemma="root">roots</w>
<w type="IN" lemma="in">in</w>
<w type="NN" lemma="history">history</w>
<w type="CC" lemma="but">but</w>
<w type="RB" lemma="still">still</w>
<w type="VH" lemma="have">have</w>
<w type="DT" lemma="a">a</w>
<w type="JJ" lemma="real">real</w>
<w type="NN" lemma="point">point</w>
<w type="IN" lemma="for">for</w>
<w type="PP" lemma="us">us</w>
<w type="NN" lemma="today">today</w>
<pc type="SENT">.</pc>
</s>
<s><w type="PP" lemma="I">I</w>
<w type="VVP" lemma="recall">recall</w>
<pc type="sub">,</pc>
<w type="RB" lemma="especially">especially</w>
<pc type="sub">,</pc>
<w type="DT" lemma="a">a</w>
<w type="JJ" lemma="dazzling">dazzling</w>
<w type="NN" lemma="spring">spring</w>
<w type="NN" lemma="day">day</w>
<w type="IN" lemma="in">in</w>
<w type="NP" lemma="Norwich">Norwich</w>
<w type="WRB" lemma="when">when</w>
<w type="PP" lemma="I">I</w>
<w type="VVD" lemma="attend">attended</w>
<w type="DT" lemma="the">the</w>
<w type="NP" lemma="XXXX">Maundy</w>
<w type="NP" lemma="Service">Service</w>
<pc type="sub">,</pc>
<w type="DT" lemma="the">the</w>
<w type="NN" lemma="cathedral">Cathedral</w>
<w type="VVG" lemma="provide">providing</w>
<w type="DT" lemma="a">a</w>
<w type="JJ" lemma="spectacular">spectacular</w>
<w type="NN" lemma="setting">setting</w>
<pc type="SENT">.</pc>
</s></p><p><s><w type="DT" lemma="the">The</w>
<w type="JJ" lemma="lovely">lovely</w>
<w type="NN" lemma="service">service</w>
<w type="VBZ" lemma="be">is</w>
<w type="RB" lemma="always">always</w>
<w type="DT" lemma="a">a</w>
<w type="NN" lemma="reminder">reminder</w>
<w type="IN" lemma="of">of</w>
<w type="NP" lemma="Christ">Christ</w>
<w type="POS" lemma="'s">'s</w>
<w type="NNS" lemma="word">words</w>
<w type="TO" lemma="to">to</w>
<w type="PPs" lemma="his">his</w>
<w type="NNS" lemma="disciple">disciples</w>
<pc type="sub">:</pc>
<pc type="oq">"</pc>
<w type="VV" lemma="love">Love</w>
<w type="CD" lemma="one">one</w>
<w type="DT" lemma="another">another</w>
<pc type="sub">;</pc>
<w type="IN" lemma="as">as</w>
<w type="PP" lemma="I">I</w>
<w type="VHP" lemma="have">have</w>
<w type="VVD" lemma="love">loved</w>
<w type="PP" lemma="you">you</w>
<pc type="cq">"</pc>
<pc type="SENT">.</pc>
</s>
<s><w type="PP" lemma="it">It</w>
<w type="VVZ" lemma="sound">sounds</w>
<w type="RB" lemma="so">so</w>
<w type="JJ" lemma="simple">simple</w>
<w type="CC" lemma="yet">yet</w>
<w type="PP" lemma="it">it</w>
<w type="VVZ" lemma="prove">proves</w>
<w type="RB" lemma="so">so</w>
<w type="JJ" lemma="hard">hard</w>
<w type="TO" lemma="to">to</w>
<w type="VV" lemma="obey">obey</w>
<pc type="SENT">.</pc>
</s></p><p><s><w type="IN" lemma="in">In</w>
<w type="NP" lemma="June">June</w>
<w type="VVD" lemma="come">came</w>
<w type="DT" lemma="the">the</w>
<w type="NP" lemma="XXXX">Trooping</w>
<w type="DT" lemma="the">the</w>
<w type="NN" lemma="colour">Colour</w>
<pc type="sub">,</pc>
<w type="DT" lemma="a">a</w>
<w type="JJ" lemma="vivid">vivid</w>
<w type="NN" lemma="reminder">reminder</w>
<w type="IN" lemma="of">of</w>
<w type="DT" lemma="this">this</w>
<w type="NN" lemma="country">country</w>
<w type="POS" lemma="'s">'s</w>
<w type="JJ" lemma="proud">proud</w>
<w type="JJ" lemma="military">military</w>
<w type="NN" lemma="tradition">tradition</w>
<pc type="sub">,</pc>
<w type="CC" lemma="and">and</w>
<w type="IN" lemma="of">of</w>
<w type="DT" lemma="the">the</w>
<w type="NN" lemma="discipline">discipline</w>
<w type="CC" lemma="and">and</w>
<w type="NN" lemma="dedication">dedication</w>
<w type="WDT" lemma="which">which</w>
<w type="PPs" lemma="our">our</w>
<w type="NNS" lemma="serviceman">servicemen</w>
<w type="CC" lemma="and">and</w>
<w type="NNS" lemma="woman">women</w>
<w type="VVP" lemma="show">show</w>
<w type="IN" lemma="in">in</w>
<w type="PPs" lemma="their">their</w>
<w type="VVG" lemma="tax">taxing</w>
<w type="NNS" lemma="task">tasks</w>
<w type="IN" lemma="of">of</w>
<w type="NN" lemma="peace-keeping">peace-keeping</w>
<w type="IN" lemma="in">in</w>
<w type="JJ" lemma="many">many</w>
<w type="JJ" lemma="distant">distant</w>
<w type="NNS" lemma="part">parts</w>
<w type="IN" lemma="of">of</w>
<w type="DT" lemma="the">the</w>
<w type="NN" lemma="world">world</w>
<pc type="SENT">.</pc>
</s></p><p><s><w type="RB" lemma="then">Then</w>
<pc type="sub">,</pc>
<w type="IN" lemma="in">in</w>
<w type="NP" lemma="October">October</w>
<pc type="sub">,</pc>
<w type="PP" lemma="I">I</w>
<w type="VVD" lemma="open">opened</w>
<w type="NP" lemma="Parliament">Parliament</w>
<pc type="SENT">.</pc>
</s>
<s><w type="DT" lemma="this">This</w>
<w type="VBZ" lemma="be">is</w>
<w type="RB" lemma="not">not</w>
<w type="RB" lemma="just">just</w>
<w type="DT" lemma="a">a</w>
<w type="NP" lemma="State">State</w>
<w type="NN" lemma="occasion">occasion</w>
<pc type="sub">,</pc>
<w type="CC" lemma="but">but</w>
<w type="RB" lemma="also">also</w>
<w type="DT" lemma="a">a</w>
<w type="NN" lemma="symbol">symbol</w>
<w type="IN" lemma="of">of</w>
<w type="DT" lemma="the">the</w>
<w type="NN" lemma="process">process</w>
<w type="IN" lemma="of">of</w>
<w type="JJ" lemma="parliamentary">parliamentary</w>
<w type="NN" lemma="democracy">democracy</w>
<w type="WDT" lemma="which">which</w>
<w type="PP" lemma="we">we</w>
<w type="VVP" lemma="enjoy">enjoy</w>
<w type="RB" lemma="here">here</w>
<w type="IN" lemma="in">in</w>
<w type="NP" lemma="Britain">Britain</w>
<pc type="sub">,</pc>
<w type="CC" lemma="and">and</w>
<w type="IN" lemma="in">in</w>
<w type="RB" lemma="so">so</w>
<w type="JJ" lemma="many">many</w>
<w type="NNS" lemma="country">countries</w>
<w type="IN" lemma="of">of</w>
<w type="DT" lemma="the">the</w>
<w type="NP" lemma="Commonwealth">Commonwealth</w>
<pc type="SENT">.</pc>
</s>
<s><w type="PP" lemma="it">It</w>
<w type="VBZ" lemma="be">is</w>
<w type="DT" lemma="a">a</w>
<w type="NN" lemma="process">process</w>
<w type="WDT" lemma="which">which</w>
<w type="VVZ" lemma="seek">seeks</w>
<w type="TO" lemma="to">to</w>
<w type="VV" lemma="express">express</w>
<w type="DT" lemma="the">the</w>
<w type="NN" lemma="ideal">ideal</w>
<w type="IN" lemma="of">of</w>
<w type="DT" lemma="the">the</w>
<w type="NN" lemma="equality">equality</w>
<w type="IN" lemma="of">of</w>
<w type="DT" lemma="all">all</w>
<w type="NNS" lemma="citizen">citizens</w>
<w type="IN" lemma="under">under</w>
<w type="DT" lemma="the">the</w>
<w type="NN" lemma="law">law</w>
<pc type="SENT">.</pc>
</s></p><p><s><w type="RB" lemma="so">So</w>
<pc type="sub">,</pc>
<w type="DT" lemma="the">the</w>
<w type="NN" lemma="past">past</w>
<pc type="sub">,</pc>
<w type="IN" lemma="with">with</w>
<w type="PPs" lemma="its">its</w>
<w type="NNS" lemma="tradition">traditions</w>
<pc type="sub">,</pc>
<w type="VHZ" lemma="have">has</w>
<w type="PPs" lemma="its">its</w>
<w type="NNS" lemma="lesson">lessons</w>
<w type="IN" lemma="for">for</w>
<w type="PP" lemma="us">us</w>
<w type="IN" lemma="in">in</w>
<w type="CD" lemma="@ord@">1996.</w>
<w type="CC" lemma="and">And</w>
<w type="DT" lemma="this">this</w>
<w type="NN" lemma="year">year</w>
<pc type="sub">,</pc>
<w type="IN" lemma="in">in</w>
<w type="PPs" lemma="our">our</w>
<w type="NNS" lemma="travel">travels</w>
<pc type="sub">,</pc>
<w type="NP" lemma="Prince">Prince</w>
<w type="NP" lemma="Philip">Philip</w>
<w type="CC" lemma="and">and</w>
<w type="PP" lemma="I">I</w>
<w type="VHP" lemma="have">have</w>
<w type="RB" lemma="also">also</w>
<w type="VBN" lemma="be">been</w>
<w type="VVG" lemma="look">looking</w>
<w type="TO" lemma="to">to</w>
<w type="DT" lemma="the">the</w>
<w type="NN" lemma="future">future</w>
<pc type="SENT">.</pc>
</s>
<s><w type="PP" lemma="I">I</w>
<w type="CC" lemma="and">and</w>
<w type="PDT" lemma="all">all</w>
<w type="PPs" lemma="my">my</w>
<w type="NN" lemma="family">family</w>
<w type="VHP" lemma="have">have</w>
<w type="RB" lemma="always">always</w>
<w type="VVN" lemma="feel">felt</w>
<w type="IN" lemma="that">that</w>
<w type="CD" lemma="one">one</w>
<w type="IN" lemma="of">of</w>
<w type="PPs" lemma="our">our</w>
<w type="RBS" lemma="most">most</w>
<w type="JJ" lemma="important">important</w>
<w type="NNS" lemma="duty">duties</w>
<w type="VBZ" lemma="be">is</w>
<w type="TO" lemma="to">to</w>
<w type="VV" lemma="express">express</w>
<pc type="sub">,</pc>
<w type="IN" lemma="in">in</w>
<w type="PPs" lemma="our">our</w>
<w type="NNS" lemma="visit">visits</w>
<w type="RB" lemma="overseas">overseas</w>
<pc type="sub">,</pc>
<w type="DT" lemma="the">the</w>
<w type="NN" lemma="goodwill">goodwill</w>
<w type="IN" lemma="of">of</w>
<w type="PPs" lemma="our">our</w>
<w type="NN" lemma="country">country</w>
<w type="IN" lemma="towards">towards</w>
<w type="NNS" lemma="friend">friends</w>
<w type="RB" lemma="abroad">abroad</w>
<pc type="sub">,</pc>
<w type="JJ" lemma="near">near</w>
<w type="CC" lemma="and">and</w>
<w type="RB" lemma="far">far</w>
<pc type="SENT">.</pc>
</s></p><p><s><w type="RB" lemma="so">So</w>
<pc type="sub">,</pc>
<w type="JJ" lemma="last">last</w>
<w type="NN" lemma="spring">spring</w>
<pc type="sub">,</pc>
<w type="PP" lemma="we">we</w>
<w type="VVD" lemma="visit">visited</w>
<w type="NP" lemma="Poland">Poland</w>
<w type="CC" lemma="and">and</w>
<w type="DT" lemma="the">the</w>
<w type="NP" lemma="Czech">Czech</w>
<w type="NP" lemma="Republic">Republic</w>
<pc type="sub">,</pc>
<w type="WRB" lemma="where">where</w>
<w type="PP" lemma="we">we</w>
<w type="VVD" lemma="see">saw</w>
<w type="DT" lemma="the">the</w>
<w type="NN" lemma="development">development</w>
<w type="IN" lemma="of">of</w>
<w type="NN" lemma="democracy">democracy</w>
<w type="CC" lemma="and">and</w>
<w type="NN" lemma="prosperity">prosperity</w>
<w type="IN" lemma="in">in</w>
<w type="NNS" lemma="country">countries</w>
<w type="WDT" lemma="which">which</w>
<w type="RB" lemma="only">only</w>
<w type="RB" lemma="recently">recently</w>
<w type="VBD" lemma="be">were</w>
<w type="VVN" lemma="XXXX">communist-governed</w>
<pc type="SENT">.</pc>
</s>
<s><w type="CC" lemma="and">And</w>
<w type="RB" lemma="everywhere">everywhere</w>
<w type="PP" lemma="we">we</w>
<w type="VVD" lemma="receive">received</w>
<w type="DT" lemma="the">the</w>
<w type="JJS" lemma="good">best</w>
<w type="IN" lemma="of">of</w>
<w type="VVZ" lemma="welcome">welcomes</w>
<pc type="SENT">.</pc>
</s>
<s><w type="IN" lemma="in">In</w>
<w type="DT" lemma="the">the</w>
<w type="NN" lemma="autumn">autumn</w>
<w type="PP" lemma="we">we</w>
<w type="VVD" lemma="go">went</w>
<w type="TO" lemma="to">to</w>
<w type="NP" lemma="Thailand">Thailand</w>
<pc type="sub">,</pc>
<w type="WRB" lemma="where">where</w>
<w type="PP" lemma="we">we</w>
<w type="VVD" lemma="renew">renewed</w>
<w type="JJ" lemma="old">old</w>
<w type="NNS" lemma="friendship">friendships</w>
<w type="CC" lemma="and">and</w>
<w type="VVN" lemma="witness">witnessed</w>
<w type="DT" lemma="the">the</w>
<w type="NN" lemma="blending">blending</w>
<w type="IN" lemma="of">of</w>
<w type="NN" lemma="tradition">tradition</w>
<w type="IN" lemma="with">with</w>
<w type="DT" lemma="a">a</w>
<w type="JJ" lemma="dynamic">dynamic</w>
<w type="JJ" lemma="commercial">commercial</w>
<w type="NN" lemma="spirit">spirit</w>
<pc type="SENT">.</pc>
</s></p><p><s><w type="EX" lemma="There">There</w>
<w type="VBD" lemma="be">was</w>
<w type="RB" lemma="also">also</w>
<w type="DT" lemma="a">a</w>
<w type="JJ" lemma="happy">happy</w>
<w type="NN" lemma="visit">visit</w>
<w type="TO" lemma="to">to</w>
<w type="DT" lemma="this">this</w>
<w type="NN" lemma="country">country</w>
<w type="IN" lemma="by">by</w>
<w type="DT" lemma="the">the</w>
<w type="NP" lemma="President">President</w>
<w type="IN" lemma="of">of</w>
<w type="NP" lemma="France">France</w>
<pc type="SENT">.</pc>
</s>
<s><w type="CC" lemma="and">And</w>
<w type="PP" lemma="I">I</w>
<w type="MD" lemma="shall">shall</w>
<w type="RB" lemma="never">never</w>
<w type="VV" lemma="forget">forget</w>
<w type="DT" lemma="the">the</w>
<w type="NP" lemma="State">State</w>
<w type="NP" lemma="XXXX">Visit</w>
<w type="IN" lemma="of">of</w>
<w type="NP" lemma="President">President</w>
<w type="NP" lemma="Mandela">Mandela</w>
<pc type="SENT">.</pc>
</s>
<s><w type="DT" lemma="the">The</w>
<w type="RBS" lemma="most">most</w>
<w type="JJ" lemma="gracious">gracious</w>
<w type="IN" lemma="of">of</w>
<w type="NNS" lemma="man">men</w>
<w type="VHZ" lemma="have">has</w>
<w type="VVN" lemma="show">shown</w>
<w type="PP" lemma="us">us</w>
<w type="RB" lemma="all">all</w>
<w type="WRB" lemma="how">how</w>
<w type="TO" lemma="to">to</w>
<w type="VV" lemma="accept">accept</w>
<w type="DT" lemma="the">the</w>
<w type="NNS" lemma="fact">facts</w>
<w type="IN" lemma="of">of</w>
<w type="DT" lemma="the">the</w>
<w type="NN" lemma="past">past</w>
<w type="IN" lemma="without">without</w>
<w type="NN" lemma="bitterness">bitterness</w>
<pc type="sub">,</pc>
<w type="WRB" lemma="how">how</w>
<w type="TO" lemma="to">to</w>
<w type="VV" lemma="see">see</w>
<w type="JJ" lemma="new">new</w>
<w type="NNS" lemma="opportunity">opportunities</w>
<w type="RB" lemma="as">as</w>
<w type="RBR" lemma="more">more</w>
<w type="JJ" lemma="important">important</w>
<w type="IN" lemma="than">than</w>
<w type="JJ" lemma="old">old</w>
<w type="NNS" lemma="dispute">disputes</w>
<w type="CC" lemma="and">and</w>
<w type="WRB" lemma="how">how</w>
<w type="TO" lemma="to">to</w>
<w type="VV" lemma="look">look</w>
<w type="RB" lemma="forward">forward</w>
<w type="IN" lemma="with">with</w>
<w type="NN" lemma="courage">courage</w>
<w type="CC" lemma="and">and</w>
<w type="NN" lemma="optimism">optimism</w>
<pc type="SENT">.</pc>
</s></p><p><s><w type="PPs" lemma="his">His</w>
<w type="NN" lemma="example">example</w>
<w type="VBZ" lemma="be">is</w>
<w type="DT" lemma="a">a</w>
<w type="VVG" lemma="continue">continuing</w>
<w type="NN" lemma="inspiration">inspiration</w>
<w type="TO" lemma="to">to</w>
<w type="DT" lemma="the">the</w>
<w type="JJ" lemma="whole">whole</w>
<w type="NN" lemma="commonwealth">Commonwealth</w>
<w type="CC" lemma="and">and</w>
<w type="TO" lemma="to">to</w>
<w type="PDT" lemma="all">all</w>
<w type="DT" lemma="those">those</w>
<w type="RB" lemma="everywhere">everywhere</w>
<w type="WP" lemma="who">who</w>
<w type="NN" lemma="work">work</w>
<w type="IN" lemma="for">for</w>
<w type="NN" lemma="peace">peace</w>
<w type="CC" lemma="and">and</w>
<w type="NN" lemma="reconciliation">reconciliation</w>
<pc type="SENT">.</pc>
</s></p><p><s><w type="DT" lemma="this">This</w>
<pc type="sub">,</pc>
<w type="PP" lemma="I">I</w>
<w type="VVP" lemma="know">know</w>
<pc type="sub">,</pc>
<w type="VHZ" lemma="have">has</w>
<w type="VBN" lemma="be">been</w>
<w type="DT" lemma="a">a</w>
<w type="JJ" lemma="difficult">difficult</w>
<w type="NN" lemma="year">year</w>
<w type="IN" lemma="for">for</w>
<w type="JJ" lemma="many">many</w>
<w type="NNS" lemma="family">families</w>
<pc type="SENT">.</pc>
</s>
<s><w type="VV" lemma="discord">Discord</w>
<pc type="sub">,</pc>
<w type="NN" lemma="sickness">sickness</w>
<pc type="sub">,</pc>
<w type="NN" lemma="bereavement">bereavement</w>
<pc type="sub">,</pc>
<w type="RB" lemma="even">even</w>
<w type="NN" lemma="tragedy">tragedy</w>
<w type="VHP" lemma="have">have</w>
<w type="VVN" lemma="touch">touched</w>
<w type="DT" lemma="all">all</w>
<w type="RB" lemma="too">too</w>
<w type="JJ" lemma="many">many</w>
<w type="NNS" lemma="life">lives</w>
<pc type="SENT">.</pc>
</s>
<s><w type="PP" lemma="we">We</w>
<w type="VVP" lemma="recall">recall</w>
<pc type="sub">,</pc>
<w type="IN" lemma="with">with</w>
<w type="NN" lemma="sadness">sadness</w>
<w type="CC" lemma="and">and</w>
<w type="NN" lemma="bewilderment">bewilderment</w>
<pc type="sub">,</pc>
<w type="DT" lemma="the">the</w>
<w type="NN" lemma="horror">horror</w>
<w type="IN" lemma="of">of</w>
<w type="NP" lemma="XXXX">Dunblane</w>
<w type="CC" lemma="and">and</w>
<w type="NP" lemma="Port">Port</w>
<w type="NP" lemma="Arthur">Arthur</w>
<pc type="SENT">.</pc>
</s>
<s><w type="PP" lemma="we">We</w>
<w type="VVP" lemma="watch">watch</w>
<w type="RB" lemma="anxiously">anxiously</w>
<w type="IN" lemma="as">as</w>
<w type="NN" lemma="violence">violence</w>
<w type="VVZ" lemma="threaten">threatens</w>
<w type="RB" lemma="again">again</w>
<w type="TO" lemma="to">to</w>
<w type="VV" lemma="disrupt">disrupt</w>
<w type="DT" lemma="the">the</w>
<w type="NNS" lemma="life">lives</w>
<w type="IN" lemma="of">of</w>
<w type="DT" lemma="the">the</w>
<w type="NNS" lemma="people">people</w>
<w type="IN" lemma="of">of</w>
<w type="NP" lemma="Northern">Northern</w>
<w type="NP" lemma="Ireland">Ireland</w>
<pc type="SENT">.</pc>
</s></p><p><s><w type="IN" lemma="in">In</w>
<w type="JJ" lemma="difficult">difficult</w>
<w type="NNS" lemma="time">times</w>
<pc type="sub">,</pc>
<w type="PP" lemma="it">it</w>
<w type="VBZ" lemma="be">is</w>
<w type="JJ" lemma="tempting">tempting</w>
<w type="IN" lemma="for">for</w>
<w type="DT" lemma="all">all</w>
<w type="IN" lemma="of">of</w>
<w type="PP" lemma="us">us</w>
<pc type="sub">,</pc>
<w type="RB" lemma="especially">especially</w>
<w type="DT" lemma="those">those</w>
<w type="WP" lemma="who">who</w>
<w type="VVP" lemma="suffer">suffer</w>
<pc type="sub">,</pc>
<w type="TO" lemma="to">to</w>
<w type="VV" lemma="look">look</w>
<w type="RB" lemma="back">back</w>
<w type="CC" lemma="and">and</w>
<w type="VV" lemma="say">say</w>
<pc type="cq">"</pc>
<w type="IN" lemma="if">if</w>
<w type="RB" lemma="only">only</w>
<pc type="cq">"</pc>
<pc type="SENT">.</pc>
</s>
<s><w type="CC" lemma="but">But</w>
<w type="TO" lemma="to">to</w>
<w type="VV" lemma="look">look</w>
<w type="RB" lemma="back">back</w>
<w type="IN" lemma="in">in</w>
<w type="DT" lemma="that">that</w>
<w type="NN" lemma="way">way</w>
<w type="VBZ" lemma="be">is</w>
<w type="TO" lemma="to">to</w>
<w type="VV" lemma="look">look</w>
<w type="RP" lemma="down">down</w>
<w type="DT" lemma="a">a</w>
<w type="JJ" lemma="blind">blind</w>
<w type="NN" lemma="alley">alley</w>
<pc type="SENT">.</pc>
</s>
<s><w type="RBR" lemma="better">Better</w>
<w type="TO" lemma="to">to</w>
<w type="VV" lemma="look">look</w>
<w type="RB" lemma="forward">forward</w>
<w type="CC" lemma="and">and</w>
<w type="VV" lemma="say">say</w>
<pc type="cq">"</pc>
<w type="IN" lemma="if">if</w>
<w type="RB" lemma="only">only</w>
<pc type="cq">"</pc>
<pc type="SENT">.</pc>
</s></p><p><s><w type="IN" lemma="if">If</w>
<w type="RB" lemma="only">only</w>
<w type="PP" lemma="we">we</w>
<w type="MD" lemma="can">can</w>
<w type="VV" lemma="live">live</w>
<w type="RP" lemma="up">up</w>
<w type="TO" lemma="to">to</w>
<w type="DT" lemma="the">the</w>
<w type="NN" lemma="example">example</w>
<w type="IN" lemma="of">of</w>
<w type="DT" lemma="the">the</w>
<w type="NN" lemma="child">child</w>
<w type="WP" lemma="who">who</w>
<w type="VBD" lemma="be">was</w>
<w type="VVN" lemma="bear">born</w>
<w type="IN" lemma="at">at</w>
<w type="NP" lemma="Christmas">Christmas</w>
<w type="IN" lemma="with">with</w>
<w type="DT" lemma="a">a</w>
<w type="NN" lemma="love">love</w>
<w type="WDT" lemma="that">that</w>
<w type="VVD" lemma="come">came</w>
<w type="TO" lemma="to">to</w>
<w type="VV" lemma="embrace">embrace</w>
<w type="DT" lemma="the">the</w>
<w type="JJ" lemma="whole">whole</w>
<w type="NN" lemma="world">world</w>
<pc type="SENT">.</pc>
</s>
<s><w type="IN" lemma="if">If</w>
<w type="RB" lemma="only">only</w>
<w type="PP" lemma="we">we</w>
<w type="MD" lemma="can">can</w>
<w type="VV" lemma="let">let</w>
<w type="PP" lemma="him">him</w>
<w type="VV" lemma="recapture">recapture</w>
<w type="IN" lemma="for">for</w>
<w type="PP" lemma="us">us</w>
<w type="IN" lemma="that">that</w>
<w type="NN" lemma="time">time</w>
<w type="WRB" lemma="when">when</w>
<w type="PP" lemma="we">we</w>
<w type="VVD" lemma="face">faced</w>
<w type="DT" lemma="the">the</w>
<w type="NN" lemma="future">future</w>
<w type="IN" lemma="with">with</w>
<w type="NN" lemma="childhood">childhood</w>
<w type="POS" lemma="'s">'s</w>
<w type="JJ" lemma="unbounded">unbounded</w>
<w type="NN" lemma="faith">faith</w>
<pc type="SENT">.</pc>
</s></p><p><s><w type="VVN" lemma="arm">Armed</w>
<w type="IN" lemma="with">with</w>
<w type="DT" lemma="that">that</w>
<w type="NN" lemma="faith">faith</w>
<pc type="sub">,</pc>
<w type="DT" lemma="the">the</w>
<w type="NP" lemma="New">New</w>
<w type="NN" lemma="year">Year</w>
<pc type="sub">,</pc>
<w type="IN" lemma="with">with</w>
<w type="PDT" lemma="all">all</w>
<w type="PPs" lemma="its">its</w>
<w type="NNS" lemma="challenge">challenges</w>
<w type="CC" lemma="and">and</w>
<w type="NNS" lemma="chance">chances</w>
<pc type="sub">,</pc>
<w type="MD" lemma="should">should</w>
<w type="VV" lemma="hold">hold</w>
<w type="DT" lemma="no">no</w>
<w type="NNS" lemma="terror">terrors</w>
<w type="IN" lemma="for">for</w>
<w type="PP" lemma="us">us</w>
<pc type="sub">,</pc>
<w type="CC" lemma="and">and</w>
<w type="PP" lemma="we">we</w>
<w type="MD" lemma="should">should</w>
<w type="VB" lemma="be">be</w>
<w type="JJ" lemma="able">able</w>
<w type="TO" lemma="to">to</w>
<w type="VV" lemma="embark">embark</w>
<w type="IN" lemma="upon">upon</w>
<w type="PP" lemma="it">it</w>
<w type="JJ" lemma="undaunted">undaunted</w>
<pc type="SENT">.</pc>
</s></p><p><s><w type="PPs" lemma="my">My</w>
<w type="NN" lemma="family">family</w>
<w type="VVZ" lemma="join">joins</w>
<w type="PP" lemma="me">me</w>
<w type="IN" lemma="in">in</w>
<w type="VVG" lemma="wish">wishing</w>
<w type="DT" lemma="each">each</w>
<w type="NN" lemma="one">one</w>
<w type="IN" lemma="of">of</w>
<w type="PP" lemma="you">you</w>
<w type="DT" lemma="a">a</w>
<w type="RB" lemma="very">very</w>
<w type="JJ" lemma="happy">Happy</w>
<w type="NP" lemma="Christmas">Christmas</w>
<pc type="SENT">.</pc>
</s></p></div>