<div xmlns='http://www.tei-c.org/ns/1.0' n="1998"><head><s><w type="NP" lemma="Christmas">Christmas</w>
<w type="NP" lemma="Broadcast">Broadcast</w>
<w type="NP" lemma="@card@">1998</w>
</s></head><p><s><w type="NP" lemma="Christmas">Christmas</w>
<w type="VBZ" lemma="be">is</w>
<w type="DT" lemma="a">a</w>
<w type="NN" lemma="time">time</w>
<w type="IN" lemma="for">for</w>
<w type="NN" lemma="reflection">reflection</w>
<w type="CC" lemma="and">and</w>
<w type="NN" lemma="renewal">renewal</w>
<pc type="SENT">.</pc>
</s>
<s><w type="IN" lemma="for">For</w>
<w type="NNS" lemma="Christian">Christians</w>
<w type="DT" lemma="the">the</w>
<w type="NN" lemma="year">year</w>
<w type="POS" lemma="'s">'s</w>
<w type="NN" lemma="end">end</w>
<w type="VHZ" lemma="have">has</w>
<w type="DT" lemma="a">a</w>
<w type="JJ" lemma="special">special</w>
<w type="CC" lemma="and">and</w>
<w type="JJ" lemma="familiar">familiar</w>
<w type="NN" lemma="significance">significance</w>
<pc type="sub">,</pc>
<w type="CC" lemma="but">but</w>
<w type="DT" lemma="all">all</w>
<w type="NNS" lemma="faith">faiths</w>
<w type="VHP" lemma="have">have</w>
<w type="PPs" lemma="their">their</w>
<w type="NNS" lemma="calendar">calendars</w>
<pc type="sub">,</pc>
<w type="PPs" lemma="their">their</w>
<w type="NNS" lemma="XXXX">sign-posts</w>
<pc type="sub">,</pc>
<w type="WDT" lemma="which">which</w>
<w type="VVP" lemma="ask">ask</w>
<w type="PP" lemma="us">us</w>
<w type="TO" lemma="to">to</w>
<w type="VV" lemma="pause">pause</w>
<w type="IN" lemma="from">from</w>
<w type="NN" lemma="time">time</w>
<w type="TO" lemma="to">to</w>
<w type="NN" lemma="time">time</w>
<w type="CC" lemma="and">and</w>
<w type="VVP" lemma="think">think</w>
<w type="RBR" lemma="further">further</w>
<w type="IN" lemma="than">than</w>
<w type="DT" lemma="the">the</w>
<w type="JJ" lemma="hectic">hectic</w>
<w type="JJ" lemma="daily">daily</w>
<w type="NN" lemma="round">round</w>
<pc type="SENT">.</pc>
</s>
<s><w type="PP" lemma="we">We</w>
<w type="VVP" lemma="do">do</w>
<w type="IN" lemma="that">that</w>
<w type="IN" lemma="as">as</w>
<w type="NNS" lemma="individual">individuals</w>
<pc type="sub">,</pc>
<w type="IN" lemma="with">with</w>
<w type="PPs" lemma="our">our</w>
<w type="NNS" lemma="family">families</w>
<pc type="sub">,</pc>
<w type="CC" lemma="and">and</w>
<w type="IN" lemma="as">as</w>
<w type="NNS" lemma="member">members</w>
<w type="IN" lemma="of">of</w>
<w type="PPs" lemma="our">our</w>
<w type="JJ" lemma="local">local</w>
<w type="NNS" lemma="community">communities</w>
<pc type="SENT">.</pc>
</s></p><p><s><w type="PP" lemma="it">It</w>
<w type="VBZ" lemma="be">is</w>
<w type="RB" lemma="not">not</w>
<w type="RB" lemma="always">always</w>
<w type="JJ" lemma="easy">easy</w>
<w type="IN" lemma="for">for</w>
<w type="DT" lemma="those">those</w>
<w type="IN" lemma="in">in</w>
<w type="PPs" lemma="their">their</w>
<w type="NNS" lemma="teen">teens</w>
<w type="CC" lemma="or">or</w>
<w type="NNS" lemma="twenty">twenties</w>
<w type="TO" lemma="to">to</w>
<w type="VV" lemma="believe">believe</w>
<w type="DT" lemma="that">that</w>
<w type="NN" lemma="someone">someone</w>
<w type="IN" lemma="of">of</w>
<w type="PPs" lemma="my">my</w>
<w type="NN" lemma="age">age</w>
<pc type="sub">-</pc>
<w type="IN" lemma="of">of</w>
<w type="DT" lemma="the">the</w>
<w type="JJR" lemma="old">older</w>
<w type="NN" lemma="generation">generation</w>
<pc type="sub">-</pc>
<w type="MD" lemma="might">might</w>
<w type="VH" lemma="have">have</w>
<w type="NN" lemma="something">something</w>
<w type="JJ" lemma="useful">useful</w>
<w type="TO" lemma="to">to</w>
<w type="VV" lemma="say">say</w>
<w type="TO" lemma="to">to</w>
<w type="PP" lemma="them">them</w>
<pc type="SENT">.</pc>
</s>
<s><w type="CC" lemma="but">But</w>
<w type="PP" lemma="I">I</w>
<w type="MD" lemma="would">would</w>
<w type="VV" lemma="say">say</w>
<w type="IN" lemma="that">that</w>
<w type="PPs" lemma="my">my</w>
<w type="NN" lemma="mother">mother</w>
<w type="VHZ" lemma="have">has</w>
<w type="RB" lemma="much">much</w>
<w type="TO" lemma="to">to</w>
<w type="VV" lemma="say">say</w>
<w type="TO" lemma="to">to</w>
<w type="PP" lemma="me">me</w>
<pc type="SENT">.</pc>
</s></p><p><s><w type="RB" lemma="indeed">Indeed</w>
<pc type="sub">,</pc>
<w type="PPs" lemma="her">her</w>
<w type="NN" lemma="vigour">vigour</w>
<w type="CC" lemma="and">and</w>
<w type="NN" lemma="enjoyment">enjoyment</w>
<w type="IN" lemma="of">of</w>
<w type="NN" lemma="life">life</w>
<w type="VBZ" lemma="be">is</w>
<w type="DT" lemma="a">a</w>
<w type="JJ" lemma="great">great</w>
<w type="NN" lemma="example">example</w>
<w type="IN" lemma="of">of</w>
<w type="WRB" lemma="how">how</w>
<w type="TO" lemma="to">to</w>
<w type="VV" lemma="close">close</w>
<w type="DT" lemma="the">the</w>
<w type="JJ" lemma="so-called">so-called</w>
<w type="NN" lemma="generation">generation</w>
<w type="NN" lemma="gap">gap</w>
<pc type="SENT">.</pc>
</s>
<s><w type="PP" lemma="she">She</w>
<w type="VHZ" lemma="have">has</w>
<w type="DT" lemma="an">an</w>
<w type="JJ" lemma="extraordinary">extraordinary</w>
<w type="NN" lemma="capacity">capacity</w>
<w type="TO" lemma="to">to</w>
<w type="VV" lemma="bring">bring</w>
<w type="NN" lemma="happiness">happiness</w>
<w type="IN" lemma="into">into</w>
<w type="JJ" lemma="other">other</w>
<w type="NNS" lemma="people">people</w>
<w type="POS" lemma="'s">'s</w>
<w type="NNS" lemma="life">lives</w>
<pc type="SENT">.</pc>
</s>
<s><w type="CC" lemma="and">And</w>
<w type="PPs" lemma="her">her</w>
<w type="JJ" lemma="own">own</w>
<w type="NN" lemma="vitality">vitality</w>
<w type="CC" lemma="and">and</w>
<w type="NN" lemma="warmth">warmth</w>
<w type="VBZ" lemma="be">is</w>
<w type="VVN" lemma="return">returned</w>
<w type="TO" lemma="to">to</w>
<w type="PP" lemma="her">her</w>
<w type="IN" lemma="by">by</w>
<w type="DT" lemma="those">those</w>
<w type="WP" lemma="whom">whom</w>
<w type="PP" lemma="she">she</w>
<w type="VVZ" lemma="meet">meets</w>
<pc type="SENT">.</pc>
</s></p><p><s><w type="CC" lemma="but">But</w>
<w type="EX" lemma="there">there</w>
<w type="VBP" lemma="are">are</w>
<w type="JJ" lemma="many">many</w>
<w type="IN" lemma="of">of</w>
<w type="PPs" lemma="my">my</w>
<w type="NN" lemma="mother">mother</w>
<w type="POS" lemma="'s">'s</w>
<w type="NN" lemma="generation">generation</w>
<w type="RB" lemma="still">still</w>
<w type="IN" lemma="with">with</w>
<w type="PP" lemma="us">us</w>
<pc type="SENT">.</pc>
</s>
<s><w type="PP" lemma="they">They</w>
<w type="MD" lemma="can">can</w>
<w type="VV" lemma="remember">remember</w>
<w type="DT" lemma="the">the</w>
<w type="NP" lemma="First">First</w>
<w type="NP" lemma="World">World</w>
<w type="NP" lemma="War">War</w>
<pc type="SENT">.</pc>
</s>
<s><w type="NP" lemma="Prince">Prince</w>
<w type="NP" lemma="Philip">Philip</w>
<w type="CC" lemma="and">and</w>
<w type="PP" lemma="I">I</w>
<w type="MD" lemma="can">can</w>
<w type="VV" lemma="recall">recall</w>
<w type="RB" lemma="only">only</w>
<w type="DT" lemma="the">the</w>
<w type="NP" lemma="Second">Second</w>
<pc type="SENT">.</pc>
</s></p><p><s><w type="PP" lemma="I">I</w>
<w type="VVP" lemma="know">know</w>
<w type="IN" lemma="that">that</w>
<w type="DT" lemma="those">those</w>
<w type="NNS" lemma="memory">memories</w>
<w type="IN" lemma="of">of</w>
<w type="PP" lemma="ours">ours</w>
<w type="VV" lemma="define">define</w>
<w type="PP" lemma="us">us</w>
<w type="IN" lemma="as">as</w>
<w type="JJ" lemma="old">old</w>
<pc type="sub">,</pc>
<w type="CC" lemma="but">but</w>
<w type="PP" lemma="they">they</w>
<w type="VBP" lemma="are">are</w>
<w type="VVN" lemma="share">shared</w>
<w type="IN" lemma="with">with</w>
<w type="NNS" lemma="million">millions</w>
<w type="IN" lemma="of">of</w>
<w type="NNS" lemma="other">others</w>
<pc type="sub">,</pc>
<w type="IN" lemma="in">in</w>
<w type="NP" lemma="Britain">Britain</w>
<w type="CC" lemma="and">and</w>
<w type="DT" lemma="the">the</w>
<w type="NP" lemma="Commonwealth">Commonwealth</w>
<pc type="sub">,</pc>
<w type="NNS" lemma="people">people</w>
<w type="WP" lemma="who">who</w>
<w type="RB" lemma="often">often</w>
<w type="VVP" lemma="feel">feel</w>
<w type="VVN" lemma="forget">forgotten</w>
<w type="IN" lemma="by">by</w>
<w type="DT" lemma="the">the</w>
<w type="NN" lemma="march">march</w>
<w type="IN" lemma="of">of</w>
<w type="NN" lemma="time">time</w>
<pc type="SENT">.</pc>
</s>
<s><w type="PP" lemma="they">They</w>
<w type="VVP" lemma="remember">remember</w>
<w type="VVZ" lemma="struggle">struggles</w>
<w type="JJ" lemma="unknown">unknown</w>
<w type="TO" lemma="to">to</w>
<w type="JJ" lemma="young">young</w>
<w type="NNS" lemma="people">people</w>
<w type="NN" lemma="today">today</w>
<pc type="sub">,</pc>
<w type="CC" lemma="and">and</w>
<w type="WDT" lemma="which">which</w>
<w type="PP" lemma="they">they</w>
<w type="MD" lemma="will">will</w>
<w type="RB" lemma="not">not</w>
<w type="VV" lemma="forget">forget</w>
<pc type="SENT">.</pc>
</s>
<s><w type="CC" lemma="nor">Nor</w>
<w type="MD" lemma="should">should</w>
<w type="PPs" lemma="their">their</w>
<w type="NNS" lemma="country">countries</w>
<w type="VV" lemma="forget">forget</w>
<w type="PP" lemma="them">them</w>
<pc type="SENT">.</pc>
</s></p><p><s><w type="NNS" lemma="memory">Memories</w>
<w type="JJ" lemma="such">such</w>
<w type="IN" lemma="as">as</w>
<w type="DT" lemma="these">these</w>
<w type="VBP" lemma="are">are</w>
<w type="DT" lemma="a">a</w>
<w type="NN" lemma="consequence">consequence</w>
<w type="IN" lemma="of">of</w>
<w type="NN" lemma="age">age</w>
<pc type="sub">,</pc>
<w type="CC" lemma="and">and</w>
<w type="RB" lemma="not">not</w>
<w type="DT" lemma="a">a</w>
<w type="NN" lemma="virtue">virtue</w>
<w type="IN" lemma="in">in</w>
<w type="PP" lemma="themselves">themselves</w>
<pc type="SENT">.</pc>
</s>
<s><w type="CC" lemma="but">But</w>
<w type="IN" lemma="with">with</w>
<w type="NN" lemma="age">age</w>
<w type="VVZ" lemma="do">does</w>
<w type="VV" lemma="come">come</w>
<w type="NN" lemma="experience">experience</w>
<w type="CC" lemma="and">and</w>
<w type="WDT" lemma="that">that</w>
<w type="MD" lemma="can">can</w>
<w type="VB" lemma="be">be</w>
<w type="DT" lemma="a">a</w>
<w type="NN" lemma="virtue">virtue</w>
<w type="IN" lemma="if">if</w>
<w type="PP" lemma="it">it</w>
<w type="VBZ" lemma="be">is</w>
<w type="RB" lemma="sensibly">sensibly</w>
<w type="VVN" lemma="use">used</w>
<pc type="SENT">.</pc>
</s>
<s><w type="IN" lemma="though">Though</w>
<w type="PP" lemma="we">we</w>
<w type="DT" lemma="each">each</w>
<w type="VVP" lemma="lead">lead</w>
<w type="JJ" lemma="different">different</w>
<w type="NNS" lemma="life">lives</w>
<pc type="sub">,</pc>
<w type="DT" lemma="the">the</w>
<w type="NN" lemma="experience">experience</w>
<w type="IN" lemma="of">of</w>
<w type="VVG" lemma="grow">growing</w>
<w type="JJR" lemma="old">older</w>
<pc type="sub">,</pc>
<w type="CC" lemma="and">and</w>
<w type="DT" lemma="the">the</w>
<w type="NNS" lemma="joy">joys</w>
<w type="CC" lemma="and">and</w>
<w type="NNS" lemma="emotion">emotions</w>
<w type="WDT" lemma="which">which</w>
<w type="PP" lemma="it">it</w>
<w type="VVZ" lemma="bring">brings</w>
<pc type="sub">,</pc>
<w type="VBP" lemma="are">are</w>
<w type="JJ" lemma="familiar">familiar</w>
<w type="TO" lemma="to">to</w>
<w type="PP" lemma="us">us</w>
<w type="DT" lemma="all">all</w>
<pc type="SENT">.</pc>
</s></p><p><s><w type="PP" lemma="it">It</w>
<w type="VBZ" lemma="be">is</w>
<w type="JJ" lemma="hard">hard</w>
<w type="TO" lemma="to">to</w>
<w type="VV" lemma="believe">believe</w>
<w type="IN" lemma="that">that</w>
<w type="DT" lemma="a">a</w>
<w type="NN" lemma="half">half</w>
<w type="NN" lemma="century">century</w>
<w type="VHZ" lemma="have">has</w>
<w type="VVN" lemma="pass">passed</w>
<w type="IN" lemma="since">since</w>
<w type="PPs" lemma="our">our</w>
<w type="NN" lemma="son">son</w>
<w type="NP" lemma="Charles">Charles</w>
<w type="VBD" lemma="be">was</w>
<w type="VVN" lemma="christen">christened</w>
<pc type="sub">,</pc>
<w type="CC" lemma="and">and</w>
<w type="RB" lemma="now">now</w>
<pc type="sub">,</pc>
<w type="JJ" lemma="last">last</w>
<w type="NN" lemma="month">month</w>
<pc type="sub">,</pc>
<w type="PP" lemma="he">he</w>
<w type="VHZ" lemma="have">has</w>
<w type="VVD" lemma="celebrate">celebrated</w>
<w type="PPs" lemma="his">his</w>
<w type="JJ" lemma="fiftieth">fiftieth</w>
<w type="NN" lemma="birthday">birthday</w>
<pc type="SENT">.</pc>
</s>
<s><w type="PP" lemma="it">It</w>
<w type="VBD" lemma="be">was</w>
<w type="DT" lemma="a">a</w>
<w type="NN" lemma="moment">moment</w>
<w type="IN" lemma="of">of</w>
<w type="JJ" lemma="great">great</w>
<w type="NN" lemma="happiness">happiness</w>
<w type="CC" lemma="and">and</w>
<w type="NN" lemma="pride">pride</w>
<w type="IN" lemma="on">on</w>
<w type="PPs" lemma="our">our</w>
<w type="NN" lemma="part">part</w>
<w type="IN" lemma="in">in</w>
<w type="DT" lemma="all">all</w>
<w type="PP" lemma="he">he</w>
<w type="VHZ" lemma="have">has</w>
<w type="VVN" lemma="achieve">achieved</w>
<w type="IN" lemma="during">during</w>
<w type="DT" lemma="the">the</w>
<w type="JJ" lemma="last">last</w>
<w type="CD" lemma="three">three</w>
<w type="NNS" lemma="decade">decades</w>
<pc type="SENT">.</pc>
</s></p><p><s><w type="IN" lemma="as">As</w>
<w type="DT" lemma="a">a</w>
<w type="NN" lemma="daughter">daughter</w>
<pc type="sub">,</pc>
<w type="DT" lemma="a">a</w>
<w type="NN" lemma="mother">mother</w>
<w type="CC" lemma="and">and</w>
<w type="DT" lemma="a">a</w>
<w type="NN" lemma="grandmother">grandmother</w>
<pc type="sub">,</pc>
<w type="PP" lemma="I">I</w>
<w type="RB" lemma="often">often</w>
<w type="VVP" lemma="find">find</w>
<w type="PP" lemma="myself">myself</w>
<w type="VVG" lemma="seek">seeking</w>
<w type="NN" lemma="advice">advice</w>
<pc type="sub">,</pc>
<w type="CC" lemma="or">or</w>
<w type="VBG" lemma="be">being</w>
<w type="VVN" lemma="ask">asked</w>
<w type="IN" lemma="for">for</w>
<w type="PP" lemma="it">it</w>
<pc type="sub">,</pc>
<w type="IN" lemma="in">in</w>
<w type="DT" lemma="all">all</w>
<w type="CD" lemma="three">three</w>
<w type="NNS" lemma="capacity">capacities</w>
<pc type="SENT">.</pc>
</s>
<s><w type="DT" lemma="no">No</w>
<w type="NN" lemma="age">age</w>
<w type="NN" lemma="group">group</w>
<w type="VHZ" lemma="have">has</w>
<w type="DT" lemma="a">a</w>
<w type="NN" lemma="monopoly">monopoly</w>
<w type="IN" lemma="of">of</w>
<w type="NN" lemma="wisdom">wisdom</w>
<pc type="sub">,</pc>
<w type="CC" lemma="and">and</w>
<w type="RB" lemma="indeed">indeed</w>
<w type="PP" lemma="I">I</w>
<w type="VVP" lemma="think">think</w>
<w type="DT" lemma="the">the</w>
<w type="JJ" lemma="young">young</w>
<w type="MD" lemma="can">can</w>
<w type="RB" lemma="sometimes">sometimes</w>
<w type="VB" lemma="be">be</w>
<w type="JJR" lemma="wise">wiser</w>
<w type="IN" lemma="than">than</w>
<w type="PP" lemma="us">us</w>
<pc type="SENT">.</pc>
</s>
<s><w type="CC" lemma="but">But</w>
<w type="DT" lemma="the">the</w>
<w type="JJR" lemma="old">older</w>
<w type="PP" lemma="I">I</w>
<w type="VVP" lemma="get">get</w>
<pc type="sub">,</pc>
<w type="DT" lemma="the">the</w>
<w type="RBR" lemma="more">more</w>
<w type="JJ" lemma="conscious">conscious</w>
<w type="PP" lemma="I">I</w>
<w type="VVP" lemma="become">become</w>
<w type="IN" lemma="of">of</w>
<w type="DT" lemma="the">the</w>
<w type="NNS" lemma="difficulty">difficulties</w>
<w type="JJ" lemma="young">young</w>
<w type="NNS" lemma="people">people</w>
<w type="VHP" lemma="have">have</w>
<w type="TO" lemma="to">to</w>
<w type="VV" lemma="face">face</w>
<w type="IN" lemma="as">as</w>
<w type="PP" lemma="they">they</w>
<w type="VVP" lemma="learn">learn</w>
<w type="TO" lemma="to">to</w>
<w type="VV" lemma="live">live</w>
<w type="IN" lemma="in">in</w>
<w type="DT" lemma="the">the</w>
<w type="JJ" lemma="modern">modern</w>
<w type="NN" lemma="world">world</w>
<pc type="SENT">.</pc>
</s></p><p><s><w type="PP" lemma="we">We</w>
<w type="NNS" lemma="parent">parents</w>
<w type="CC" lemma="and">and</w>
<w type="NNS" lemma="grandparent">grandparents</w>
<w type="MD" lemma="must">must</w>
<w type="VV" lemma="learn">learn</w>
<w type="TO" lemma="to">to</w>
<w type="VV" lemma="trust">trust</w>
<w type="PPs" lemma="our">our</w>
<w type="NNS" lemma="child">children</w>
<w type="CC" lemma="and">and</w>
<w type="NNS" lemma="grandchild">grandchildren</w>
<w type="IN" lemma="as">as</w>
<w type="PP" lemma="they">they</w>
<w type="VVP" lemma="seize">seize</w>
<w type="PPs" lemma="their">their</w>
<w type="NNS" lemma="opportunity">opportunities</w>
<pc type="sub">,</pc>
<w type="CC" lemma="but">but</w>
<w type="PP" lemma="we">we</w>
<w type="MD" lemma="can">can</w>
<pc type="sub">,</pc>
<w type="IN" lemma="at">at</w>
<w type="DT" lemma="the">the</w>
<w type="JJ" lemma="same">same</w>
<w type="NN" lemma="time">time</w>
<pc type="sub">,</pc>
<w type="NN" lemma="caution">caution</w>
<w type="CC" lemma="and">and</w>
<w type="NN" lemma="comfort">comfort</w>
<w type="IN" lemma="if">if</w>
<w type="NNS" lemma="thing">things</w>
<w type="VVP" lemma="go">go</w>
<w type="JJ" lemma="wrong">wrong</w>
<pc type="sub">,</pc>
<w type="CC" lemma="or">or</w>
<w type="VV" lemma="guide">guide</w>
<w type="CC" lemma="and">and</w>
<w type="VV" lemma="explain">explain</w>
<w type="IN" lemma="if">if</w>
<w type="PP" lemma="we">we</w>
<w type="VBP" lemma="are">are</w>
<w type="VVN" lemma="need">needed</w>
<pc type="SENT">.</pc>
</s></p><p><s><w type="PPs" lemma="my">My</w>
<w type="JJ" lemma="own">own</w>
<w type="NNS" lemma="grandchild">grandchildren</w>
<w type="CC" lemma="and">and</w>
<w type="PPs" lemma="their">their</w>
<w type="NN" lemma="generation">generation</w>
<w type="VHP" lemma="have">have</w>
<w type="DT" lemma="a">a</w>
<w type="JJ" lemma="remarkable">remarkable</w>
<w type="NN" lemma="grasp">grasp</w>
<w type="IN" lemma="of">of</w>
<w type="JJ" lemma="modern">modern</w>
<w type="NN" lemma="technology">technology</w>
<pc type="SENT">.</pc>
</s>
<s><w type="PP" lemma="they">They</w>
<w type="VBP" lemma="are">are</w>
<w type="JJ" lemma="lucky">lucky</w>
<w type="TO" lemma="to">to</w>
<w type="VH" lemma="have">have</w>
<w type="DT" lemma="the">the</w>
<w type="NN" lemma="freedom">freedom</w>
<w type="TO" lemma="to">to</w>
<w type="VV" lemma="travel">travel</w>
<w type="CC" lemma="and">and</w>
<w type="VV" lemma="learn">learn</w>
<w type="IN" lemma="about">about</w>
<w type="JJ" lemma="foreign">foreign</w>
<w type="NNS" lemma="culture">cultures</w>
<w type="IN" lemma="at">at</w>
<w type="DT" lemma="an">an</w>
<w type="NN" lemma="age">age</w>
<w type="WRB" lemma="when">when</w>
<w type="DT" lemma="the">the</w>
<w type="NN" lemma="appetite">appetite</w>
<w type="IN" lemma="for">for</w>
<w type="NN" lemma="learning">learning</w>
<w type="VBZ" lemma="be">is</w>
<w type="JJ" lemma="keen">keen</w>
<pc type="SENT">.</pc>
</s>
<s><w type="PP" lemma="I">I</w>
<w type="VVP" lemma="see">see</w>
<w type="PP" lemma="them">them</w>
<w type="VVG" lemma="push">pushing</w>
<w type="RP" lemma="out">out</w>
<w type="DT" lemma="the">the</w>
<w type="NNS" lemma="boundary">boundaries</w>
<w type="IN" lemma="of">of</w>
<w type="NN" lemma="science">science</w>
<pc type="sub">,</pc>
<w type="NN" lemma="sport">sport</w>
<w type="CC" lemma="and">and</w>
<w type="NN" lemma="music">music</w>
<pc type="sub">,</pc>
<w type="IN" lemma="of">of</w>
<w type="NN" lemma="drama">drama</w>
<w type="CC" lemma="and">and</w>
<w type="NN" lemma="discovery">discovery</w>
<pc type="SENT">.</pc>
</s></p><p><s><w type="JJ" lemma="last">Last</w>
<w type="NP" lemma="June">June</w>
<w type="NP" lemma="Prince">Prince</w>
<w type="NP" lemma="Philip">Philip</w>
<w type="CC" lemma="and">and</w>
<w type="PP" lemma="I">I</w>
<w type="VVD" lemma="give">gave</w>
<w type="DT" lemma="a">a</w>
<w type="NN" lemma="party">party</w>
<w type="IN" lemma="for">for</w>
<w type="CD" lemma="@card@">900</w>
<w type="IN" lemma="of">of</w>
<w type="NP" lemma="Britain">Britain</w>
<w type="POS" lemma="'s">'s</w>
<w type="NP" lemma="Young">Young</w>
<w type="NP" lemma="XXXX">Achievers</w>
<pc type="SENT">.</pc>
</s>
<s><w type="NP" lemma="Buckingham">Buckingham</w>
<w type="NP" lemma="Palace">Palace</w>
<w type="VBD" lemma="be">was</w>
<w type="VVG" lemma="brim">brimming</w>
<w type="IN" lemma="with">with</w>
<w type="JJ" lemma="young">young</w>
<w type="NNS" lemma="people">people</w>
<w type="WP" lemma="who">who</w>
<pc type="sub">,</pc>
<w type="IN" lemma="in">in</w>
<w type="PPs" lemma="their">their</w>
<w type="JJ" lemma="short">short</w>
<w type="NNS" lemma="life">lives</w>
<pc type="sub">,</pc>
<w type="VHP" lemma="have">have</w>
<w type="RB" lemma="already">already</w>
<w type="VVN" lemma="set">set</w>
<w type="DT" lemma="an">an</w>
<w type="NN" lemma="example">example</w>
<w type="TO" lemma="to">to</w>
<w type="PP" lemma="us">us</w>
<w type="RB" lemma="all">all</w>
<pc type="sub">:</pc>
<w type="PP" lemma="they">they</w>
<w type="VBP" lemma="are">are</w>
<w type="VVG" lemma="live">living</w>
<w type="NN" lemma="proof">proof</w>
<w type="IN" lemma="that">that</w>
<w type="DT" lemma="the">the</w>
<w type="JJ" lemma="timeless">timeless</w>
<w type="NNS" lemma="virtue">virtues</w>
<w type="IN" lemma="of">of</w>
<w type="NN" lemma="honesty">honesty</w>
<pc type="sub">,</pc>
<w type="NN" lemma="integrity">integrity</w>
<pc type="sub">,</pc>
<w type="NN" lemma="initiative">initiative</w>
<w type="CC" lemma="and">and</w>
<w type="NN" lemma="compassion">compassion</w>
<w type="VBP" lemma="are">are</w>
<w type="RB" lemma="just">just</w>
<w type="RB" lemma="as">as</w>
<w type="JJ" lemma="important">important</w>
<w type="NN" lemma="today">today</w>
<w type="IN" lemma="as">as</w>
<w type="PP" lemma="they">they</w>
<w type="VHP" lemma="have">have</w>
<w type="RB" lemma="ever">ever</w>
<w type="VBN" lemma="be">been</w>
<pc type="SENT">.</pc>
</s></p><p><s><w type="PP" lemma="we">We</w>
<w type="VVP" lemma="hear">hear</w>
<w type="RB" lemma="much">much</w>
<w type="IN" lemma="of">of</w>
<w type="JJ" lemma="XXXX">'public</w>
<w type="NN" lemma="life">life</w>
<pc type="cq">'</pc>
<pc type="sub">-</pc>
<w type="DT" lemma="the">the</w>
<w type="NN" lemma="hurly-burly">hurly-burly</w>
<w type="IN" lemma="of">of</w>
<w type="NP" lemma="Parliament">Parliament</w>
<pc type="sub">,</pc>
<w type="DT" lemma="the">the</w>
<w type="NNS" lemma="medium">media</w>
<pc type="sub">,</pc>
<w type="JJ" lemma="big">big</w>
<w type="NN" lemma="business">business</w>
<pc type="sub">,</pc>
<w type="NN" lemma="city">city</w>
<w type="NN" lemma="life">life</w>
<pc type="SENT">.</pc>
</s>
<s><w type="CC" lemma="but">But</w>
<w type="IN" lemma="for">for</w>
<w type="JJS" lemma="most">most</w>
<w type="NNS" lemma="people">people</w>
<w type="PPs" lemma="their">their</w>
<w type="NN" lemma="contribution">contribution</w>
<pc type="sub">,</pc>
<w type="IN" lemma="at">at</w>
<w type="WDT" lemma="whatever">whatever</w>
<w type="NN" lemma="age">age</w>
<pc type="sub">,</pc>
<w type="VBZ" lemma="be">is</w>
<w type="VVN" lemma="make">made</w>
<w type="RB" lemma="quietly">quietly</w>
<w type="IN" lemma="through">through</w>
<w type="PPs" lemma="their">their</w>
<w type="JJ" lemma="local">local</w>
<w type="NNS" lemma="community">communities</w>
<w type="RB" lemma="just">just</w>
<w type="VVP" lemma="like">like</w>
<w type="RB" lemma="so">so</w>
<w type="JJ" lemma="many">many</w>
<w type="IN" lemma="of">of</w>
<w type="DT" lemma="those">those</w>
<w type="NP" lemma="Young">Young</w>
<w type="NP" lemma="XXXX">Achievers</w>
<pc type="SENT">.</pc>
</s>
<s><w type="TO" lemma="To">To</w>
<w type="RBS" lemma="most">most</w>
<w type="IN" lemma="of">of</w>
<w type="PP" lemma="them">them</w>
<pc type="sub">,</pc>
<w type="NN" lemma="service">service</w>
<w type="VBZ" lemma="be">is</w>
<w type="PPs" lemma="its">its</w>
<w type="JJ" lemma="own">own</w>
<w type="NN" lemma="reward">reward</w>
<pc type="SENT">.</pc>
</s>
<s><w type="PPs" lemma="their">Their</w>
<w type="JJ" lemma="XXXX">'public</w>
<w type="NN" lemma="life">life</w>
<pc type="cq">'</pc>
<w type="VBZ" lemma="be">is</w>
<w type="PPs" lemma="their">their</w>
<w type="NN" lemma="church">church</w>
<pc type="sub">,</pc>
<w type="PPs" lemma="their">their</w>
<w type="NN" lemma="school">school</w>
<pc type="sub">,</pc>
<w type="PPs" lemma="their">their</w>
<w type="NNS" lemma="sport">sports</w>
<w type="NN" lemma="club">club</w>
<pc type="sub">,</pc>
<w type="PPs" lemma="their">their</w>
<w type="JJ" lemma="local">local</w>
<w type="NN" lemma="council">council</w>
<pc type="SENT">.</pc>
</s></p><p><s><w type="PPs" lemma="my">My</w>
<w type="NN" lemma="work">work</w>
<pc type="sub">,</pc>
<w type="CC" lemma="and">and</w>
<w type="DT" lemma="the">the</w>
<w type="NN" lemma="work">work</w>
<w type="IN" lemma="of">of</w>
<w type="PPs" lemma="my">my</w>
<w type="NN" lemma="family">family</w>
<pc type="sub">,</pc>
<w type="VVZ" lemma="take">takes</w>
<w type="PP" lemma="us">us</w>
<w type="DT" lemma="every">every</w>
<w type="NN" lemma="week">week</w>
<w type="IN" lemma="into">into</w>
<w type="DT" lemma="that">that</w>
<w type="JJ" lemma="quiet">quiet</w>
<w type="NN" lemma="sort">sort</w>
<w type="IN" lemma="of">of</w>
<w type="JJ" lemma="XXXX">'public</w>
<w type="NN" lemma="life">life</w>
<w type="POS" lemma="'">'</w>
<pc type="sub">,</pc>
<w type="WRB" lemma="where">where</w>
<w type="NNS" lemma="million">millions</w>
<w type="IN" lemma="of">of</w>
<w type="NNS" lemma="people">people</w>
<w type="VVP" lemma="give">give</w>
<w type="PPs" lemma="their">their</w>
<w type="NN" lemma="time">time</w>
<pc type="sub">,</pc>
<w type="JJ" lemma="unpaid">unpaid</w>
<w type="CC" lemma="and">and</w>
<w type="RB" lemma="usually">usually</w>
<w type="JJ" lemma="unsung">unsung</w>
<pc type="sub">,</pc>
<w type="TO" lemma="to">to</w>
<w type="DT" lemma="the">the</w>
<w type="NN" lemma="community">community</w>
<pc type="sub">,</pc>
<w type="CC" lemma="and">and</w>
<w type="RB" lemma="indeed">indeed</w>
<w type="TO" lemma="to">to</w>
<w type="DT" lemma="those">those</w>
<w type="JJS" lemma="most">most</w>
<w type="IN" lemma="at">at</w>
<w type="NN" lemma="risk">risk</w>
<w type="IN" lemma="of">of</w>
<w type="NN" lemma="exclusion">exclusion</w>
<w type="IN" lemma="from">from</w>
<w type="PP" lemma="it">it</w>
<pc type="SENT">.</pc>
</s></p><p><s><w type="PP" lemma="we">We</w>
<w type="VVP" lemma="see">see</w>
<w type="DT" lemma="these">these</w>
<w type="NNS" lemma="volunteer">volunteers</w>
<w type="IN" lemma="at">at</w>
<w type="NN" lemma="work">work</w>
<w type="IN" lemma="in">in</w>
<w type="NNS" lemma="organisation">organisations</w>
<w type="JJ" lemma="such">such</w>
<w type="IN" lemma="as">as</w>
<w type="DT" lemma="the">the</w>
<w type="NP" lemma="XXXX">Scouts</w>
<w type="CC" lemma="and">and</w>
<w type="NPS" lemma="Guides">Guides</w>
<pc type="sub">,</pc>
<w type="DT" lemma="the">the</w>
<w type="NP" lemma="Cadet">Cadet</w>
<w type="NP" lemma="Force">Force</w>
<pc type="sub">,</pc>
<w type="DT" lemma="the">the</w>
<w type="NP" lemma="Red">Red</w>
<w type="NP" lemma="Cross">Cross</w>
<w type="CC" lemma="and">and</w>
<w type="NP" lemma="St.">St.</w>
<w type="NP" lemma="John">John</w>
<w type="POS" lemma="'s">'s</w>
<pc type="sub">,</pc>
<w type="DT" lemma="the">The</w>
<w type="NP" lemma="Duke">Duke</w>
<w type="IN" lemma="of">of</w>
<w type="NP" lemma="Edinburgh">Edinburgh</w>
<w type="POS" lemma="'s">'s</w>
<w type="NP" lemma="XXXX">Award</w>
<w type="NP" lemma="XXXX">Scheme</w>
<w type="CC" lemma="and">and</w>
<w type="DT" lemma="the">The</w>
<w type="NP" lemma="Prince">Prince</w>
<w type="POS" lemma="'s">'s</w>
<w type="NP" lemma="Trust">Trust</w>
<pc type="SENT">.</pc>
</s></p><p><s><w type="DT" lemma="these">These</w>
<w type="NNS" lemma="organisation">organisations</w>
<pc type="sub">,</pc>
<w type="CC" lemma="and">and</w>
<w type="DT" lemma="those">those</w>
<w type="WP" lemma="who">who</w>
<w type="VVP" lemma="serve">serve</w>
<w type="PP" lemma="them">them</w>
<w type="RB" lemma="so">so</w>
<w type="RB" lemma="selflessly">selflessly</w>
<pc type="sub">,</pc>
<w type="VV" lemma="provide">provide</w>
<w type="DT" lemma="the">the</w>
<w type="NNS" lemma="bridge">bridges</w>
<w type="IN" lemma="across">across</w>
<w type="WDT" lemma="which">which</w>
<w type="DT" lemma="the">the</w>
<w type="NNS" lemma="generation">generations</w>
<w type="NN" lemma="travel">travel</w>
<pc type="sub">,</pc>
<w type="VV" lemma="meet">meet</w>
<w type="CC" lemma="and">and</w>
<w type="VV" lemma="learn">learn</w>
<w type="IN" lemma="from">from</w>
<w type="CD" lemma="one">one</w>
<w type="DT" lemma="another">another</w>
<pc type="SENT">.</pc>
</s>
<s><w type="PP" lemma="they">They</w>
<w type="VVP" lemma="give">give</w>
<w type="PP" lemma="us">us</w>
<pc type="sub">,</pc>
<w type="IN" lemma="with">with</w>
<w type="PPs" lemma="our">our</w>
<w type="NNS" lemma="family">families</w>
<pc type="sub">,</pc>
<w type="PPs" lemma="our">our</w>
<w type="NN" lemma="sense">sense</w>
<w type="IN" lemma="of">of</w>
<w type="VVG" lemma="belong">belonging</w>
<pc type="SENT">.</pc>
</s></p><p><s><w type="PP" lemma="it">It</w>
<w type="VBZ" lemma="be">is</w>
<w type="PP" lemma="they">they</w>
<w type="DT" lemma="that">that</w>
<w type="VVP" lemma="help">help</w>
<w type="VV" lemma="define">define</w>
<w type="PPs" lemma="our">our</w>
<w type="NN" lemma="sense">sense</w>
<w type="IN" lemma="of">of</w>
<w type="NN" lemma="duty">duty</w>
<pc type="SENT">.</pc>
</s>
<s><w type="PP" lemma="it">It</w>
<w type="VBZ" lemma="be">is</w>
<w type="PP" lemma="they">they</w>
<w type="WDT" lemma="that">that</w>
<w type="MD" lemma="can">can</w>
<w type="VV" lemma="make">make</w>
<w type="PP" lemma="us">us</w>
<w type="JJ" lemma="strong">strong</w>
<w type="IN" lemma="as">as</w>
<w type="NNS" lemma="individual">individuals</w>
<pc type="sub">,</pc>
<w type="CC" lemma="and">and</w>
<w type="VV" lemma="keep">keep</w>
<w type="DT" lemma="the">the</w>
<w type="NN" lemma="nation">nation</w>
<w type="POS" lemma="'s">'s</w>
<w type="NN" lemma="heartbeat">heartbeat</w>
<w type="JJ" lemma="strong">strong</w>
<w type="CC" lemma="and">and</w>
<w type="JJ" lemma="steady">steady</w>
<w type="RB" lemma="too">too</w>
<pc type="SENT">.</pc>
</s>
<s><w type="NP" lemma="Christmas">Christmas</w>
<w type="VBZ" lemma="be">is</w>
<w type="DT" lemma="a">a</w>
<w type="JJ" lemma="good">good</w>
<w type="NN" lemma="time">time</w>
<w type="IN" lemma="for">for</w>
<w type="PP" lemma="us">us</w>
<w type="TO" lemma="to">to</w>
<w type="VV" lemma="recognise">recognise</w>
<w type="DT" lemma="all">all</w>
<w type="IN" lemma="that">that</w>
<w type="PP" lemma="they">they</w>
<w type="VVP" lemma="do">do</w>
<w type="IN" lemma="for">for</w>
<w type="PP" lemma="us">us</w>
<w type="CC" lemma="and">and</w>
<w type="TO" lemma="to">to</w>
<w type="VV" lemma="say">say</w>
<w type="DT" lemma="a">a</w>
<w type="JJ" lemma="heartfelt">heartfelt</w>
<w type="VVP" lemma="thank">thank</w>
<w type="PP" lemma="you">you</w>
<w type="TO" lemma="to">to</w>
<w type="DT" lemma="each">each</w>
<w type="CC" lemma="and">and</w>
<w type="DT" lemma="every">every</w>
<w type="NN" lemma="one">one</w>
<w type="IN" lemma="of">of</w>
<w type="PP" lemma="them">them</w>
<pc type="SENT">.</pc>
</s></p><p><s><w type="NP" lemma="Happy">Happy</w>
<w type="NP" lemma="Christmas">Christmas</w>
<w type="TO" lemma="to">to</w>
<w type="PP" lemma="you">you</w>
<w type="DT" lemma="all">all</w>
<pc type="SENT">.</pc>
</s></p></div>