<div xmlns='http://www.tei-c.org/ns/1.0' n="2003"><head><s><w type="NP" lemma="Christmas">Christmas</w>
<w type="NP" lemma="Broadcast">Broadcast</w>
<w type="CD" lemma="@card@">2003</w>
</s></head><p><s><w type="PP" lemma="I">I</w>
<w type="VBP" lemma="am">am</w>
<w type="JJ" lemma="sure">sure</w>
<w type="IN" lemma="that">that</w>
<w type="JJS" lemma="most">most</w>
<w type="IN" lemma="of">of</w>
<w type="PP" lemma="you">you</w>
<w type="MD" lemma="will">will</w>
<w type="VB" lemma="be">be</w>
<w type="VVG" lemma="celebrate">celebrating</w>
<w type="NP" lemma="Christmas">Christmas</w>
<w type="IN" lemma="at">at</w>
<w type="NN" lemma="home">home</w>
<w type="IN" lemma="in">in</w>
<w type="DT" lemma="the">the</w>
<w type="NN" lemma="company">company</w>
<w type="IN" lemma="of">of</w>
<w type="PPs" lemma="your">your</w>
<w type="NNS" lemma="family">families</w>
<w type="CC" lemma="and">and</w>
<w type="NNS" lemma="friend">friends</w>
<pc type="sub">,</pc>
<w type="CC" lemma="but">but</w>
<w type="PP" lemma="I">I</w>
<w type="VVP" lemma="know">know</w>
<w type="IN" lemma="that">that</w>
<w type="DT" lemma="some">some</w>
<w type="IN" lemma="of">of</w>
<w type="PP" lemma="you">you</w>
<w type="MD" lemma="will">will</w>
<w type="RB" lemma="not">not</w>
<w type="VB" lemma="be">be</w>
<w type="RB" lemma="so">so</w>
<w type="JJ" lemma="lucky">lucky</w>
<pc type="SENT">.</pc>
</s></p><p><s><w type="DT" lemma="this">This</w>
<w type="NN" lemma="year">year</w>
<w type="PP" lemma="I">I</w>
<w type="VBP" lemma="am">am</w>
<w type="VVG" lemma="speak">speaking</w>
<w type="TO" lemma="to">to</w>
<w type="PP" lemma="you">you</w>
<w type="IN" lemma="from">from</w>
<w type="DT" lemma="the">the</w>
<w type="NP" lemma="XXXX">Household</w>
<w type="NN" lemma="cavalry">Cavalry</w>
<w type="NNS" lemma="XXXX">Barracks</w>
<w type="IN" lemma="in">in</w>
<w type="NP" lemma="Windsor">Windsor</w>
<w type="IN" lemma="because">because</w>
<w type="PP" lemma="I">I</w>
<w type="VVP" lemma="want">want</w>
<w type="TO" lemma="to">to</w>
<w type="VV" lemma="draw">draw</w>
<w type="NN" lemma="attention">attention</w>
<w type="TO" lemma="to">to</w>
<w type="DT" lemma="the">the</w>
<w type="JJ" lemma="many">many</w>
<w type="NNS" lemma="serviceman">Servicemen</w>
<w type="CC" lemma="and">and</w>
<w type="NNS" lemma="woman">women</w>
<w type="WP" lemma="who">who</w>
<w type="VBP" lemma="are">are</w>
<w type="VVN" lemma="station">stationed</w>
<w type="RB" lemma="far">far</w>
<w type="IN" lemma="from">from</w>
<w type="NN" lemma="home">home</w>
<w type="DT" lemma="this">this</w>
<w type="NP" lemma="Christmas">Christmas</w>
<pc type="SENT">.</pc>
</s></p><p><s><w type="PP" lemma="I">I</w>
<w type="VBP" lemma="am">am</w>
<w type="VVG" lemma="think">thinking</w>
<w type="IN" lemma="about">about</w>
<w type="PPs" lemma="their">their</w>
<w type="NNS" lemma="wife">wives</w>
<w type="CC" lemma="and">and</w>
<w type="NNS" lemma="child">children</w>
<pc type="sub">,</pc>
<w type="CC" lemma="and">and</w>
<w type="IN" lemma="about">about</w>
<w type="PPs" lemma="their">their</w>
<w type="NNS" lemma="parent">parents</w>
<w type="CC" lemma="and">and</w>
<w type="NNS" lemma="friend">friends</w>
<pc type="SENT">.</pc>
</s>
<s><w type="NN" lemma="separation">Separation</w>
<w type="IN" lemma="at">at</w>
<w type="DT" lemma="this">this</w>
<w type="NN" lemma="time">time</w>
<w type="VBZ" lemma="be">is</w>
<w type="RB" lemma="especially">especially</w>
<w type="JJ" lemma="hard">hard</w>
<w type="TO" lemma="to">to</w>
<w type="VV" lemma="bear">bear</w>
<pc type="SENT">.</pc>
</s></p><p><s><w type="PP" lemma="it">It</w>
<w type="VBZ" lemma="be">is</w>
<w type="RB" lemma="not">not</w>
<w type="RB" lemma="just">just</w>
<w type="DT" lemma="a">a</w>
<w type="NN" lemma="matter">matter</w>
<w type="IN" lemma="of">of</w>
<w type="NN" lemma="separation">separation</w>
<pc type="SENT">.</pc>
</s>
<s><w type="DT" lemma="the">The</w>
<w type="NNS" lemma="man">men</w>
<w type="CC" lemma="and">and</w>
<w type="NNS" lemma="woman">women</w>
<w type="IN" lemma="of">of</w>
<w type="DT" lemma="the">the</w>
<w type="NPS" lemma="Services">Services</w>
<w type="VVP" lemma="continue">continue</w>
<w type="TO" lemma="to">to</w>
<w type="VV" lemma="face">face</w>
<w type="JJ" lemma="serious">serious</w>
<w type="NNS" lemma="risk">risks</w>
<w type="CC" lemma="and">and</w>
<w type="NNS" lemma="danger">dangers</w>
<w type="IN" lemma="as">as</w>
<w type="PP" lemma="they">they</w>
<w type="VVP" lemma="carry">carry</w>
<w type="RP" lemma="out">out</w>
<w type="PPs" lemma="their">their</w>
<w type="NNS" lemma="duty">duties</w>
<pc type="SENT">.</pc>
</s>
<s><w type="PP" lemma="they">They</w>
<w type="VHP" lemma="have">have</w>
<w type="VVN" lemma="do">done</w>
<w type="DT" lemma="this">this</w>
<w type="RB" lemma="brilliantly">brilliantly</w>
<pc type="SENT">.</pc>
</s></p><p><s><w type="PP" lemma="I">I</w>
<w type="VVP" lemma="think">think</w>
<w type="PP" lemma="we">we</w>
<w type="DT" lemma="all">all</w>
<w type="VHP" lemma="have">have</w>
<w type="RB" lemma="very">very</w>
<w type="JJ" lemma="good">good</w>
<w type="NNS" lemma="reason">reasons</w>
<w type="IN" lemma="for">for</w>
<w type="VVG" lemma="feel">feeling</w>
<w type="JJ" lemma="proud">proud</w>
<w type="IN" lemma="of">of</w>
<w type="PPs" lemma="their">their</w>
<w type="NNS" lemma="achievement">achievements</w>
<pc type="sub">-</pc>
<w type="CC" lemma="both">both</w>
<w type="IN" lemma="in">in</w>
<w type="NN" lemma="war">war</w>
<pc type="sub">,</pc>
<w type="CC" lemma="and">and</w>
<w type="IN" lemma="as">as</w>
<w type="PP" lemma="they">they</w>
<w type="VVP" lemma="help">help</w>
<w type="TO" lemma="to">to</w>
<w type="VV" lemma="build">build</w>
<w type="DT" lemma="a">a</w>
<w type="JJ" lemma="lasting">lasting</w>
<w type="NN" lemma="peace">peace</w>
<w type="IN" lemma="in">in</w>
<w type="NNS" lemma="XXXX">troublespots</w>
<w type="IN" lemma="across">across</w>
<w type="DT" lemma="the">the</w>
<w type="NN" lemma="globe">globe</w>
<pc type="SENT">.</pc>
</s></p><p><s><w type="NN" lemma="none">None</w>
<w type="IN" lemma="of">of</w>
<w type="DT" lemma="this">this</w>
<w type="MD" lemma="can">can</w>
<w type="VB" lemma="be">be</w>
<w type="VVN" lemma="achieve">achieved</w>
<w type="IN" lemma="without">without</w>
<w type="VVG" lemma="pay">paying</w>
<w type="DT" lemma="a">a</w>
<w type="NN" lemma="price">price</w>
<pc type="SENT">.</pc>
</s>
<s><w type="PP" lemma="I">I</w>
<w type="VVP" lemma="know">know</w>
<w type="IN" lemma="that">that</w>
<w type="PDT" lemma="all">all</w>
<w type="PPs" lemma="our">our</w>
<w type="NNS" lemma="thought">thoughts</w>
<w type="IN" lemma="at">at</w>
<w type="DT" lemma="this">this</w>
<w type="NN" lemma="time">time</w>
<w type="VBP" lemma="are">are</w>
<w type="IN" lemma="with">with</w>
<w type="DT" lemma="the">the</w>
<w type="NNS" lemma="family">families</w>
<w type="WP" lemma="who">who</w>
<w type="VBP" lemma="are">are</w>
<w type="VVG" lemma="suffer">suffering</w>
<w type="DT" lemma="the">the</w>
<w type="NN" lemma="pain">pain</w>
<w type="IN" lemma="of">of</w>
<w type="NN" lemma="bereavement">bereavement</w>
<pc type="SENT">.</pc>
</s>
<s><w type="PDT" lemma="All">All</w>
<w type="DT" lemma="those">those</w>
<w type="WP" lemma="who">who</w>
<w type="VHP" lemma="have">have</w>
<w type="RB" lemma="recently">recently</w>
<w type="VVN" lemma="lose">lost</w>
<w type="DT" lemma="a">a</w>
<w type="JJ" lemma="close">close</w>
<w type="NN" lemma="relative">relative</w>
<w type="CC" lemma="or">or</w>
<w type="NN" lemma="friend">friend</w>
<w type="MD" lemma="will">will</w>
<w type="VV" lemma="know">know</w>
<w type="WRB" lemma="how">how</w>
<w type="JJ" lemma="difficult">difficult</w>
<w type="NP" lemma="Christmas">Christmas</w>
<w type="MD" lemma="can">can</w>
<w type="VB" lemma="be">be</w>
<pc type="SENT">.</pc>
</s></p><p><s><w type="DT" lemma="these">These</w>
<w type="JJ" lemma="individual">individual</w>
<w type="NNS" lemma="serviceman">Servicemen</w>
<w type="CC" lemma="and">and</w>
<w type="NNS" lemma="woman">women</w>
<w type="VBP" lemma="are">are</w>
<w type="PPs" lemma="our">our</w>
<w type="NNS" lemma="neighbour">neighbours</w>
<w type="CC" lemma="and">and</w>
<w type="VV" lemma="come">come</w>
<w type="IN" lemma="from">from</w>
<w type="PPs" lemma="our">our</w>
<w type="JJ" lemma="own">own</w>
<w type="NNS" lemma="town">towns</w>
<w type="CC" lemma="and">and</w>
<w type="NNS" lemma="village">villages</w>
<pc type="sub">;</pc>
<w type="IN" lemma="from">from</w>
<w type="DT" lemma="every">every</w>
<w type="NN" lemma="part">part</w>
<w type="IN" lemma="of">of</w>
<w type="DT" lemma="the">the</w>
<w type="NN" lemma="country">country</w>
<w type="CC" lemma="and">and</w>
<w type="IN" lemma="from">from</w>
<w type="DT" lemma="every">every</w>
<w type="NN" lemma="background">background</w>
<pc type="SENT">.</pc>
</s></p><p><s><w type="DT" lemma="the">The</w>
<w type="NN" lemma="process">process</w>
<w type="IN" lemma="of">of</w>
<w type="NN" lemma="training">training</w>
<w type="IN" lemma="within">within</w>
<w type="DT" lemma="the">the</w>
<w type="NP" lemma="Navy">Navy</w>
<pc type="sub">,</pc>
<w type="DT" lemma="the">the</w>
<w type="NP" lemma="Army">Army</w>
<w type="CC" lemma="and">and</w>
<w type="DT" lemma="the">the</w>
<w type="NP" lemma="Air">Air</w>
<w type="NP" lemma="Force">Force</w>
<w type="VHZ" lemma="have">has</w>
<w type="VVN" lemma="mould">moulded</w>
<w type="PP" lemma="them">them</w>
<w type="RB" lemma="together">together</w>
<w type="IN" lemma="into">into</w>
<w type="JJ" lemma="disciplined">disciplined</w>
<w type="NNS" lemma="team">teams</w>
<pc type="SENT">.</pc>
</s></p><p><s><w type="PP" lemma="they">They</w>
<w type="VHP" lemma="have">have</w>
<w type="VVN" lemma="learn">learnt</w>
<w type="TO" lemma="to">to</w>
<w type="VV" lemma="take">take</w>
<w type="NN" lemma="responsibility">responsibility</w>
<w type="CC" lemma="and">and</w>
<w type="TO" lemma="to">to</w>
<w type="VV" lemma="exercise">exercise</w>
<w type="NN" lemma="judgement">judgement</w>
<w type="CC" lemma="and">and</w>
<w type="NN" lemma="restraint">restraint</w>
<w type="IN" lemma="in">in</w>
<w type="NNS" lemma="situation">situations</w>
<w type="IN" lemma="of">of</w>
<w type="JJ" lemma="acute">acute</w>
<w type="NN" lemma="stress">stress</w>
<w type="CC" lemma="and">and</w>
<w type="NN" lemma="danger">danger</w>
<pc type="SENT">.</pc>
</s>
<s><w type="PP" lemma="they">They</w>
<w type="VHP" lemma="have">have</w>
<w type="VVN" lemma="bring">brought</w>
<w type="JJ" lemma="great">great</w>
<w type="NN" lemma="credit">credit</w>
<w type="TO" lemma="to">to</w>
<w type="PP" lemma="themselves">themselves</w>
<w type="CC" lemma="and">and</w>
<w type="TO" lemma="to">to</w>
<w type="PPs" lemma="our">our</w>
<w type="NN" lemma="country">country</w>
<w type="IN" lemma="as">as</w>
<w type="DT" lemma="a">a</w>
<w type="NN" lemma="whole">whole</w>
<pc type="SENT">.</pc>
</s></p><p><s><w type="PP" lemma="I">I</w>
<w type="VHD" lemma="have">had</w>
<w type="DT" lemma="an">an</w>
<w type="NN" lemma="opportunity">opportunity</w>
<w type="RB" lemma="recently">recently</w>
<w type="IN" lemma="at">at</w>
<w type="DT" lemma="the">the</w>
<w type="NP" lemma="XXXX">Barracks</w>
<w type="TO" lemma="to">to</w>
<w type="VV" lemma="meet">meet</w>
<w type="DT" lemma="some">some</w>
<w type="IN" lemma="of">of</w>
<w type="DT" lemma="those">those</w>
<w type="WP" lemma="who">who</w>
<w type="VVD" lemma="play">played</w>
<w type="PPs" lemma="their">their</w>
<w type="NN" lemma="part">part</w>
<w type="IN" lemma="with">with</w>
<w type="JJ" lemma="such">such</w>
<w type="NN" lemma="distinction">distinction</w>
<w type="IN" lemma="in">in</w>
<w type="DT" lemma="the">the</w>
<w type="NP" lemma="Iraq">Iraq</w>
<w type="NNS" lemma="operation">operations</w>
<pc type="SENT">.</pc>
</s>
<s><w type="PP" lemma="I">I</w>
<w type="VBD" lemma="be">was</w>
<w type="VVN" lemma="leave">left</w>
<w type="IN" lemma="with">with</w>
<w type="DT" lemma="a">a</w>
<w type="JJ" lemma="deep">deep</w>
<w type="NN" lemma="sense">sense</w>
<w type="IN" lemma="of">of</w>
<w type="NN" lemma="respect">respect</w>
<w type="CC" lemma="and">and</w>
<w type="NN" lemma="admiration">admiration</w>
<w type="IN" lemma="for">for</w>
<w type="PPs" lemma="their">their</w>
<w type="JJ" lemma="steadfast">steadfast</w>
<w type="NN" lemma="loyalty">loyalty</w>
<w type="TO" lemma="to">to</w>
<w type="DT" lemma="each">each</w>
<w type="JJ" lemma="other">other</w>
<w type="CC" lemma="and">and</w>
<w type="TO" lemma="to">to</w>
<w type="PPs" lemma="our">our</w>
<w type="NN" lemma="nation">nation</w>
<pc type="SENT">.</pc>
</s></p><p><s><w type="PP" lemma="I">I</w>
<w type="VVP" lemma="believe">believe</w>
<w type="EX" lemma="there">there</w>
<w type="VBZ" lemma="be">is</w>
<w type="DT" lemma="a">a</w>
<w type="NN" lemma="lesson">lesson</w>
<w type="IN" lemma="for">for</w>
<w type="PP" lemma="us">us</w>
<w type="RB" lemma="all">all</w>
<w type="RB" lemma="here">here</w>
<pc type="SENT">.</pc>
</s>
<s><w type="PP" lemma="it">It</w>
<w type="VBZ" lemma="be">is</w>
<w type="IN" lemma="that">that</w>
<w type="DT" lemma="each">each</w>
<w type="IN" lemma="of">of</w>
<w type="PP" lemma="us">us</w>
<w type="MD" lemma="can">can</w>
<w type="VV" lemma="achieve">achieve</w>
<w type="RB" lemma="much">much</w>
<w type="RBR" lemma="more">more</w>
<w type="IN" lemma="if">if</w>
<w type="PP" lemma="we">we</w>
<w type="VVP" lemma="work">work</w>
<w type="RB" lemma="together">together</w>
<w type="IN" lemma="as">as</w>
<w type="NNS" lemma="member">members</w>
<w type="IN" lemma="of">of</w>
<w type="DT" lemma="a">a</w>
<w type="NN" lemma="team">team</w>
<pc type="SENT">.</pc>
</s>
<s><w type="DT" lemma="the">The</w>
<w type="NP" lemma="XXXX">Founder</w>
<w type="IN" lemma="of">of</w>
<w type="DT" lemma="the">the</w>
<w type="NP" lemma="Christian">Christian</w>
<w type="NP" lemma="Faith">Faith</w>
<w type="PP" lemma="himself">himself</w>
<w type="VVD" lemma="choose">chose</w>
<w type="NN" lemma="twelve">twelve</w>
<w type="NNS" lemma="disciple">disciples</w>
<w type="TO" lemma="to">to</w>
<w type="VV" lemma="help">help</w>
<w type="PP" lemma="him">him</w>
<w type="IN" lemma="in">in</w>
<w type="PPs" lemma="his">his</w>
<w type="NN" lemma="ministry">ministry</w>
<pc type="SENT">.</pc>
</s>
<s><w type="PP" lemma="I">I</w>
<w type="VBD" lemma="be">was</w>
<w type="VVN" lemma="remind">reminded</w>
<w type="IN" lemma="of">of</w>
<w type="DT" lemma="the">the</w>
<w type="NN" lemma="importance">importance</w>
<w type="IN" lemma="of">of</w>
<w type="NN" lemma="teamwork">teamwork</w>
<w type="IN" lemma="as">as</w>
<w type="PP" lemma="I">I</w>
<w type="VVD" lemma="present">presented</w>
<pc type="sub">,</pc>
<w type="IN" lemma="for">for</w>
<w type="DT" lemma="the">the</w>
<w type="JJ" lemma="first">first</w>
<w type="NN" lemma="time">time</w>
<w type="JJ" lemma="last">last</w>
<w type="NN" lemma="summer">summer</w>
<pc type="sub">,</pc>
<w type="DT" lemma="the">The</w>
<w type="NP" lemma="Queen">Queen</w>
<w type="POS" lemma="'s">'s</w>
<w type="NP" lemma="XXXX">Awards</w>
<w type="IN" lemma="for">for</w>
<w type="NP" lemma="XXXX">Voluntary</w>
<w type="NP" lemma="Service">Service</w>
<w type="IN" lemma="by">by</w>
<w type="NNS" lemma="group">groups</w>
<w type="IN" lemma="within">within</w>
<w type="DT" lemma="the">the</w>
<w type="NN" lemma="community">community</w>
<pc type="SENT">.</pc>
</s></p><p><s><w type="PP" lemma="I">I</w>
<w type="VHP" lemma="have">have</w>
<w type="VBN" lemma="be">been</w>
<w type="VVN" lemma="strike">struck</w>
<w type="IN" lemma="by">by</w>
<w type="WRB" lemma="how">how</w>
<w type="RB" lemma="often">often</w>
<w type="NNS" lemma="people">people</w>
<w type="VVP" lemma="say">say</w>
<w type="TO" lemma="to">to</w>
<w type="PP" lemma="me">me</w>
<w type="IN" lemma="that">that</w>
<w type="PP" lemma="they">they</w>
<w type="VBP" lemma="are">are</w>
<w type="VVG" lemma="receive">receiving</w>
<w type="PPs" lemma="their">their</w>
<w type="NN" lemma="award">award</w>
<w type="IN" lemma="on">on</w>
<w type="NN" lemma="behalf">behalf</w>
<w type="IN" lemma="of">of</w>
<w type="DT" lemma="a">a</w>
<w type="NN" lemma="team">team</w>
<w type="CC" lemma="and">and</w>
<w type="IN" lemma="that">that</w>
<w type="PP" lemma="they">they</w>
<w type="VVP" lemma="do">do</w>
<w type="RB" lemma="not">not</w>
<w type="VV" lemma="deserve">deserve</w>
<w type="TO" lemma="to">to</w>
<w type="VB" lemma="be">be</w>
<w type="VVN" lemma="single">singled</w>
<w type="RP" lemma="out">out</w>
<pc type="SENT">.</pc>
</s>
<s><w type="DT" lemma="this">This</w>
<w type="JJ" lemma="annual">annual</w>
<w type="NN" lemma="award">award</w>
<w type="VVZ" lemma="recognise">recognises</w>
<w type="DT" lemma="the">the</w>
<w type="NN" lemma="team">team</w>
<w type="RB" lemma="rather">rather</w>
<w type="IN" lemma="than">than</w>
<w type="DT" lemma="the">the</w>
<w type="NN" lemma="individual">individual</w>
<pc type="SENT">.</pc>
</s></p><p><s><w type="IN" lemma="in">In</w>
<w type="DT" lemma="this">this</w>
<w type="NN" lemma="country">country</w>
<w type="CC" lemma="and">and</w>
<w type="IN" lemma="throughout">throughout</w>
<w type="DT" lemma="the">the</w>
<w type="NN" lemma="commonwealth">Commonwealth</w>
<w type="EX" lemma="there">there</w>
<w type="VBP" lemma="are">are</w>
<w type="NNS" lemma="group">groups</w>
<w type="IN" lemma="of">of</w>
<w type="NNS" lemma="people">people</w>
<w type="WP" lemma="who">who</w>
<w type="VBP" lemma="are">are</w>
<w type="VVG" lemma="give">giving</w>
<w type="PPs" lemma="their">their</w>
<w type="NN" lemma="time">time</w>
<w type="RB" lemma="generously">generously</w>
<w type="TO" lemma="to">to</w>
<w type="VV" lemma="make">make</w>
<w type="DT" lemma="a">a</w>
<w type="NN" lemma="difference">difference</w>
<w type="TO" lemma="to">to</w>
<w type="DT" lemma="the">the</w>
<w type="NNS" lemma="life">lives</w>
<w type="IN" lemma="of">of</w>
<w type="NNS" lemma="other">others</w>
<pc type="SENT">.</pc>
</s></p><p><s><w type="IN" lemma="as">As</w>
<w type="PP" lemma="we">we</w>
<w type="VVP" lemma="think">think</w>
<w type="IN" lemma="of">of</w>
<w type="PP" lemma="them">them</w>
<pc type="sub">,</pc>
<w type="CC" lemma="and">and</w>
<w type="IN" lemma="of">of</w>
<w type="PPs" lemma="our">our</w>
<w type="NNS" lemma="serviceman">Servicemen</w>
<w type="CC" lemma="and">and</w>
<w type="NNS" lemma="woman">women</w>
<w type="RB" lemma="far">far</w>
<w type="IN" lemma="from">from</w>
<w type="NN" lemma="home">home</w>
<w type="IN" lemma="at">at</w>
<w type="DT" lemma="this">this</w>
<w type="NP" lemma="Christmas">Christmas</w>
<w type="NN" lemma="time">time</w>
<pc type="sub">,</pc>
<w type="PP" lemma="I">I</w>
<w type="VVP" lemma="hope">hope</w>
<w type="PP" lemma="we">we</w>
<w type="DT" lemma="all">all</w>
<pc type="sub">,</pc>
<w type="WDT" lemma="whatever">whatever</w>
<w type="PPs" lemma="our">our</w>
<w type="NN" lemma="faith">faith</w>
<pc type="sub">,</pc>
<w type="MD" lemma="can">can</w>
<w type="VV" lemma="draw">draw</w>
<w type="NN" lemma="inspiration">inspiration</w>
<w type="IN" lemma="from">from</w>
<w type="DT" lemma="the">the</w>
<w type="NNS" lemma="word">words</w>
<w type="IN" lemma="of">of</w>
<w type="DT" lemma="the">the</w>
<w type="JJ" lemma="familiar">familiar</w>
<w type="NN" lemma="prayer">prayer</w>
<pc type="sub">:</pc>
</s></p><p><s><pc type="oq">"</pc>
<w type="VV" lemma="teach">Teach</w>
<w type="PP" lemma="us">us</w>
<w type="JJ" lemma="good">good</w>
<w type="NP" lemma="XXXX">LordTo</w>
<w type="VVP" lemma="serve">serve</w>
<w type="NP" lemma="thee">thee</w>
<w type="IN" lemma="as">as</w>
<w type="NN" lemma="thou">thou</w>
<w type="NNS" lemma="XXXX">deservest</w>
<pc type="sub">;</pc>
<w type="TO" lemma="To">To</w>
<w type="VV" lemma="give">give</w>
<pc type="sub">,</pc>
<w type="CC" lemma="and">and</w>
<w type="RB" lemma="not">not</w>
<w type="TO" lemma="to">to</w>
<w type="VV" lemma="count">count</w>
<w type="DT" lemma="the">the</w>
<w type="NN" lemma="cost">cost</w>
<pc type="sub">;</pc>
<w type="TO" lemma="To">To</w>
<w type="VV" lemma="fight">fight</w>
<pc type="sub">,</pc>
<w type="CC" lemma="and">and</w>
<w type="RB" lemma="not">not</w>
<w type="TO" lemma="to">to</w>
<w type="VV" lemma="heed">heed</w>
<w type="DT" lemma="the">the</w>
<w type="NNS" lemma="wound">wounds</w>
<pc type="sub">;</pc>
<w type="TO" lemma="To">To</w>
<w type="VV" lemma="toil">toil</w>
<pc type="sub">,</pc>
<w type="CC" lemma="and">and</w>
<w type="RB" lemma="not">not</w>
<w type="TO" lemma="to">to</w>
<w type="VV" lemma="seek">seek</w>
<w type="IN" lemma="for">for</w>
<w type="NN" lemma="rest">rest</w>
<pc type="sub">;</pc>
<w type="TO" lemma="To">To</w>
<w type="VV" lemma="labour">labour</w>
<pc type="sub">,</pc>
<w type="CC" lemma="and">and</w>
<w type="RB" lemma="not">not</w>
<w type="TO" lemma="to">to</w>
<w type="VV" lemma="ask">ask</w>
<w type="IN" lemma="for">for</w>
<w type="DT" lemma="any">any</w>
<w type="NN" lemma="reward">reward</w>
<pc type="sub">;</pc>
<w type="VV" lemma="save">Save</w>
<w type="IN" lemma="that">that</w>
<w type="IN" lemma="of">of</w>
<w type="VVG" lemma="know">knowing</w>
<w type="IN" lemma="that">that</w>
<w type="PP" lemma="we">we</w>
<w type="VVP" lemma="do">do</w>
<w type="NNS" lemma="XXXX">thy</w>
<w type="MD" lemma="will">will</w>
<pc type="SENT">.</pc>
<pc type="oq">"</pc>
</s></p><p><s><w type="PP" lemma="it">It</w>
<w type="VBZ" lemma="be">is</w>
<w type="DT" lemma="this">this</w>
<w type="NN" lemma="knowledge">knowledge</w>
<w type="WDT" lemma="which">which</w>
<w type="MD" lemma="will">will</w>
<w type="VV" lemma="help">help</w>
<w type="PP" lemma="us">us</w>
<w type="DT" lemma="all">all</w>
<w type="TO" lemma="to">to</w>
<w type="VV" lemma="enjoy">enjoy</w>
<w type="DT" lemma="the">the</w>
<w type="NP" lemma="Festival">Festival</w>
<w type="IN" lemma="of">of</w>
<w type="NP" lemma="Christmas">Christmas</w>
<pc type="SENT">.</pc>
</s></p><p><s><w type="DT" lemma="a">A</w>
<w type="JJ" lemma="happy">happy</w>
<w type="NP" lemma="Christmas">Christmas</w>
<w type="TO" lemma="to">to</w>
<w type="PP" lemma="you">you</w>
<w type="DT" lemma="all">all</w>
<pc type="SENT">.</pc>
</s></p></div>