<div xmlns='http://www.tei-c.org/ns/1.0' n="2004"><head><s><w type="NP" lemma="Christmas">Christmas</w>
<w type="NP" lemma="Broadcast">Broadcast</w>
<w type="NP" lemma="@card@">2004</w>
</s></head><p><s><w type="NP" lemma="Christmas">Christmas</w>
<w type="VBZ" lemma="be">is</w>
<w type="IN" lemma="for">for</w>
<w type="JJS" lemma="most">most</w>
<w type="IN" lemma="of">of</w>
<w type="PP" lemma="us">us</w>
<w type="DT" lemma="a">a</w>
<w type="NN" lemma="time">time</w>
<w type="IN" lemma="for">for</w>
<w type="DT" lemma="a">a</w>
<w type="NN" lemma="break">break</w>
<w type="IN" lemma="from">from</w>
<w type="NN" lemma="work">work</w>
<pc type="sub">,</pc>
<w type="IN" lemma="for">for</w>
<w type="NN" lemma="family">family</w>
<w type="CC" lemma="and">and</w>
<w type="NNS" lemma="friend">friends</w>
<pc type="sub">,</pc>
<w type="IN" lemma="for">for</w>
<w type="NNS" lemma="present">presents</w>
<pc type="sub">,</pc>
<w type="NN" lemma="turkey">turkey</w>
<w type="CC" lemma="and">and</w>
<w type="NNS" lemma="cracker">crackers</w>
<pc type="SENT">.</pc>
</s>
<s><w type="CC" lemma="but">But</w>
<w type="PP" lemma="we">we</w>
<w type="MD" lemma="should">should</w>
<w type="RB" lemma="not">not</w>
<w type="VV" lemma="lose">lose</w>
<w type="NN" lemma="sight">sight</w>
<w type="IN" lemma="of">of</w>
<w type="DT" lemma="the">the</w>
<w type="NN" lemma="fact">fact</w>
<w type="IN" lemma="that">that</w>
<w type="DT" lemma="these">these</w>
<w type="VBP" lemma="are">are</w>
<w type="JJ" lemma="traditional">traditional</w>
<w type="NNS" lemma="celebration">celebrations</w>
<w type="IN" lemma="around">around</w>
<w type="DT" lemma="a">a</w>
<w type="JJ" lemma="great">great</w>
<w type="JJ" lemma="religious">religious</w>
<w type="NN" lemma="festival">festival</w>
<pc type="sub">,</pc>
<w type="CD" lemma="one">one</w>
<w type="IN" lemma="of">of</w>
<w type="DT" lemma="the">the</w>
<w type="RBS" lemma="most">most</w>
<w type="JJ" lemma="important">important</w>
<w type="IN" lemma="in">in</w>
<w type="DT" lemma="the">the</w>
<w type="JJ" lemma="Christian">Christian</w>
<w type="NN" lemma="year">year</w>
<pc type="SENT">.</pc>
</s></p><p><s><w type="NN" lemma="religion">Religion</w>
<w type="CC" lemma="and">and</w>
<w type="NN" lemma="culture">culture</w>
<w type="VBP" lemma="are">are</w>
<w type="JJ" lemma="much">much</w>
<w type="IN" lemma="in">in</w>
<w type="DT" lemma="the">the</w>
<w type="NN" lemma="news">news</w>
<w type="DT" lemma="these">these</w>
<w type="NNS" lemma="day">days</w>
<pc type="sub">,</pc>
<w type="RB" lemma="usually">usually</w>
<w type="IN" lemma="as">as</w>
<w type="NNS" lemma="source">sources</w>
<w type="IN" lemma="of">of</w>
<w type="NN" lemma="difference">difference</w>
<w type="CC" lemma="and">and</w>
<w type="NN" lemma="conflict">conflict</w>
<pc type="sub">,</pc>
<w type="RB" lemma="rather">rather</w>
<w type="IN" lemma="than">than</w>
<w type="IN" lemma="for">for</w>
<w type="VVG" lemma="bring">bringing</w>
<w type="NNS" lemma="people">people</w>
<w type="RB" lemma="together">together</w>
<pc type="SENT">.</pc>
</s>
<s><w type="CC" lemma="but">But</w>
<w type="DT" lemma="the">the</w>
<w type="NN" lemma="irony">irony</w>
<w type="VBZ" lemma="be">is</w>
<w type="IN" lemma="that">that</w>
<w type="DT" lemma="every">every</w>
<w type="NN" lemma="religion">religion</w>
<w type="VHZ" lemma="have">has</w>
<w type="NN" lemma="something">something</w>
<w type="TO" lemma="to">to</w>
<w type="VV" lemma="say">say</w>
<w type="IN" lemma="about">about</w>
<w type="NN" lemma="tolerance">tolerance</w>
<w type="CC" lemma="and">and</w>
<w type="VVG" lemma="respect">respecting</w>
<w type="NNS" lemma="other">others</w>
<pc type="SENT">.</pc>
</s></p><p><s><w type="IN" lemma="for">For</w>
<w type="PP" lemma="me">me</w>
<w type="IN" lemma="as">as</w>
<w type="DT" lemma="a">a</w>
<w type="JJ" lemma="Christian">Christian</w>
<w type="NN" lemma="one">one</w>
<w type="IN" lemma="of">of</w>
<w type="DT" lemma="the">the</w>
<w type="RBS" lemma="most">most</w>
<w type="JJ" lemma="important">important</w>
<w type="IN" lemma="of">of</w>
<w type="DT" lemma="these">these</w>
<w type="NNS" lemma="teaching">teachings</w>
<w type="VBZ" lemma="be">is</w>
<w type="VVN" lemma="contain">contained</w>
<w type="IN" lemma="in">in</w>
<w type="DT" lemma="the">the</w>
<w type="NN" lemma="parable">parable</w>
<w type="IN" lemma="of">of</w>
<w type="DT" lemma="the">the</w>
<w type="JJ" lemma="good">Good</w>
<w type="NN" lemma="Samaritan">Samaritan</w>
<pc type="sub">,</pc>
<w type="WRB" lemma="when">when</w>
<w type="NP" lemma="Jesus">Jesus</w>
<w type="VVZ" lemma="answer">answers</w>
<w type="DT" lemma="the">the</w>
<w type="NN" lemma="question">question</w>
<pc type="oq">"</pc>
<w type="WP" lemma="who">who</w>
<w type="VBZ" lemma="be">is</w>
<w type="PPs" lemma="my">my</w>
<w type="NN" lemma="neighbour">neighbour</w>
<pc type="cq">"</pc>
<pc type="SENT">.</pc>
</s></p><p><s><w type="PP" lemma="it">It</w>
<w type="VBZ" lemma="be">is</w>
<w type="DT" lemma="a">a</w>
<w type="JJ" lemma="timeless">timeless</w>
<w type="NN" lemma="story">story</w>
<w type="IN" lemma="of">of</w>
<w type="DT" lemma="a">a</w>
<w type="NN" lemma="victim">victim</w>
<w type="IN" lemma="of">of</w>
<w type="DT" lemma="a">a</w>
<w type="VVG" lemma="mug">mugging</w>
<w type="WP" lemma="who">who</w>
<w type="VBD" lemma="be">was</w>
<w type="VVN" lemma="ignore">ignored</w>
<w type="IN" lemma="by">by</w>
<w type="PPs" lemma="his">his</w>
<w type="JJ" lemma="own">own</w>
<w type="NNS" lemma="countryman">countrymen</w>
<w type="CC" lemma="but">but</w>
<w type="VVD" lemma="help">helped</w>
<w type="IN" lemma="by">by</w>
<w type="DT" lemma="a">a</w>
<w type="NN" lemma="foreigner">foreigner</w>
<pc type="sub">-</pc>
<w type="CC" lemma="and">and</w>
<w type="DT" lemma="a">a</w>
<w type="VVN" lemma="despise">despised</w>
<w type="NN" lemma="foreigner">foreigner</w>
<w type="IN" lemma="at">at</w>
<w type="DT" lemma="that">that</w>
<pc type="SENT">.</pc>
</s></p><p><s><w type="DT" lemma="the">The</w>
<w type="NN" lemma="implication">implication</w>
<w type="VVN" lemma="draw">drawn</w>
<w type="IN" lemma="by">by</w>
<w type="NP" lemma="Jesus">Jesus</w>
<w type="VBZ" lemma="be">is</w>
<w type="JJ" lemma="clear">clear</w>
<pc type="SENT">.</pc>
</s>
<s><w type="NN" lemma="Everyone">Everyone</w>
<w type="VBZ" lemma="be">is</w>
<w type="PPs" lemma="our">our</w>
<w type="NN" lemma="neighbour">neighbour</w>
<pc type="sub">,</pc>
<w type="DT" lemma="no">no</w>
<w type="NN" lemma="matter">matter</w>
<w type="WP" lemma="what">what</w>
<w type="NN" lemma="race">race</w>
<pc type="sub">,</pc>
<w type="NN" lemma="creed">creed</w>
<w type="CC" lemma="or">or</w>
<w type="NN" lemma="colour">colour</w>
<pc type="SENT">.</pc>
</s>
<s><w type="DT" lemma="the">The</w>
<w type="NN" lemma="need">need</w>
<w type="TO" lemma="to">to</w>
<w type="VV" lemma="look">look</w>
<w type="IN" lemma="after">after</w>
<w type="DT" lemma="a">a</w>
<w type="JJ" lemma="fellow">fellow</w>
<w type="JJ" lemma="human">human</w>
<w type="NN" lemma="being">being</w>
<w type="VBZ" lemma="be">is</w>
<w type="RB" lemma="far">far</w>
<w type="RBR" lemma="more">more</w>
<w type="JJ" lemma="important">important</w>
<w type="IN" lemma="than">than</w>
<w type="DT" lemma="any">any</w>
<w type="JJ" lemma="cultural">cultural</w>
<w type="CC" lemma="or">or</w>
<w type="JJ" lemma="religious">religious</w>
<w type="NNS" lemma="difference">differences</w>
<pc type="SENT">.</pc>
</s></p><p><s><w type="JJS" lemma="most">Most</w>
<w type="IN" lemma="of">of</w>
<w type="PP" lemma="us">us</w>
<w type="VHP" lemma="have">have</w>
<w type="VVN" lemma="learn">learned</w>
<w type="TO" lemma="to">to</w>
<w type="VV" lemma="acknowledge">acknowledge</w>
<w type="CC" lemma="and">and</w>
<w type="VV" lemma="respect">respect</w>
<w type="DT" lemma="the">the</w>
<w type="NNS" lemma="way">ways</w>
<w type="IN" lemma="of">of</w>
<w type="JJ" lemma="other">other</w>
<w type="NNS" lemma="culture">cultures</w>
<w type="CC" lemma="and">and</w>
<w type="NNS" lemma="religion">religions</w>
<pc type="sub">,</pc>
<w type="CC" lemma="but">but</w>
<w type="WP" lemma="what">what</w>
<w type="VVZ" lemma="matter">matters</w>
<w type="RB" lemma="even">even</w>
<w type="JJR" lemma="more">more</w>
<w type="VBZ" lemma="be">is</w>
<w type="DT" lemma="the">the</w>
<w type="NN" lemma="way">way</w>
<w type="IN" lemma="in">in</w>
<w type="WDT" lemma="which">which</w>
<w type="DT" lemma="those">those</w>
<w type="IN" lemma="from">from</w>
<w type="JJ" lemma="different">different</w>
<w type="NNS" lemma="background">backgrounds</w>
<w type="VV" lemma="behave">behave</w>
<w type="IN" lemma="towards">towards</w>
<w type="DT" lemma="each">each</w>
<w type="JJ" lemma="other">other</w>
<w type="IN" lemma="in">in</w>
<w type="JJ" lemma="everyday">everyday</w>
<w type="NN" lemma="life">life</w>
<pc type="SENT">.</pc>
</s></p><p><s><w type="PP" lemma="it">It</w>
<w type="VBZ" lemma="be">is</w>
<w type="RB" lemma="vitally">vitally</w>
<w type="JJ" lemma="important">important</w>
<w type="IN" lemma="that">that</w>
<w type="PP" lemma="we">we</w>
<w type="RB" lemma="all">all</w>
<w type="MD" lemma="should">should</w>
<w type="VV" lemma="participate">participate</w>
<w type="CC" lemma="and">and</w>
<w type="VV" lemma="cooperate">cooperate</w>
<w type="IN" lemma="for">for</w>
<w type="DT" lemma="the">the</w>
<w type="NN" lemma="sake">sake</w>
<w type="IN" lemma="of">of</w>
<w type="DT" lemma="the">the</w>
<w type="NN" lemma="wellbeing">wellbeing</w>
<w type="IN" lemma="of">of</w>
<w type="DT" lemma="the">the</w>
<w type="JJ" lemma="whole">whole</w>
<w type="NN" lemma="community">community</w>
<pc type="SENT">.</pc>
</s>
<s><w type="PP" lemma="we">We</w>
<w type="VHP" lemma="have">have</w>
<w type="RB" lemma="only">only</w>
<w type="TO" lemma="to">to</w>
<w type="VV" lemma="look">look</w>
<w type="RP" lemma="around">around</w>
<w type="TO" lemma="to">to</w>
<w type="VV" lemma="recognise">recognise</w>
<w type="DT" lemma="the">the</w>
<w type="NNS" lemma="benefit">benefits</w>
<w type="IN" lemma="of">of</w>
<w type="DT" lemma="this">this</w>
<w type="JJ" lemma="positive">positive</w>
<w type="NN" lemma="approach">approach</w>
<w type="IN" lemma="in">in</w>
<w type="NN" lemma="business">business</w>
<w type="CC" lemma="or">or</w>
<w type="JJ" lemma="local">local</w>
<w type="NN" lemma="government">government</w>
<pc type="sub">,</pc>
<w type="IN" lemma="in">in</w>
<w type="NN" lemma="sport">sport</w>
<pc type="sub">,</pc>
<w type="NN" lemma="music">music</w>
<w type="CC" lemma="and">and</w>
<w type="DT" lemma="the">the</w>
<w type="NNS" lemma="art">arts</w>
<pc type="SENT">.</pc>
</s>
<s><w type="EX" lemma="There">There</w>
<w type="VBZ" lemma="be">is</w>
<w type="RB" lemma="certainly">certainly</w>
<w type="RB" lemma="much">much</w>
<w type="JJR" lemma="more">more</w>
<w type="TO" lemma="to">to</w>
<w type="VB" lemma="be">be</w>
<w type="VVN" lemma="do">done</w>
<w type="CC" lemma="and">and</w>
<w type="JJ" lemma="many">many</w>
<w type="NNS" lemma="challenge">challenges</w>
<w type="TO" lemma="to">to</w>
<w type="VB" lemma="be">be</w>
<w type="VVN" lemma="overcome">overcome</w>
<pc type="SENT">.</pc>
</s>
<s><w type="NN" lemma="discrimination">Discrimination</w>
<w type="RB" lemma="still">still</w>
<w type="VVZ" lemma="exist">exists</w>
<pc type="SENT">.</pc>
</s>
<s><w type="DT" lemma="some">Some</w>
<w type="NNS" lemma="people">people</w>
<w type="VVP" lemma="feel">feel</w>
<w type="IN" lemma="that">that</w>
<w type="PPs" lemma="their">their</w>
<w type="JJ" lemma="own">own</w>
<w type="NNS" lemma="belief">beliefs</w>
<w type="VBP" lemma="are">are</w>
<w type="VBG" lemma="be">being</w>
<w type="VVN" lemma="threaten">threatened</w>
<pc type="SENT">.</pc>
</s>
<s><w type="DT" lemma="some">Some</w>
<w type="VBP" lemma="are">are</w>
<w type="JJ" lemma="unhappy">unhappy</w>
<w type="IN" lemma="about">about</w>
<w type="JJ" lemma="unfamiliar">unfamiliar</w>
<w type="NNS" lemma="culture">cultures</w>
<pc type="SENT">.</pc>
</s></p><p><s><w type="PP" lemma="they">They</w>
<w type="RB" lemma="all">all</w>
<w type="VVP" lemma="need">need</w>
<w type="TO" lemma="to">to</w>
<w type="VB" lemma="be">be</w>
<w type="VVN" lemma="reassure">reassured</w>
<w type="IN" lemma="that">that</w>
<w type="EX" lemma="there">there</w>
<w type="VBZ" lemma="be">is</w>
<w type="RB" lemma="so">so</w>
<w type="JJ" lemma="much">much</w>
<w type="TO" lemma="to">to</w>
<w type="VB" lemma="be">be</w>
<w type="VVN" lemma="gain">gained</w>
<w type="IN" lemma="by">by</w>
<w type="VVG" lemma="reach">reaching</w>
<w type="RP" lemma="out">out</w>
<w type="TO" lemma="to">to</w>
<w type="NNS" lemma="other">others</w>
<pc type="sub">;</pc>
<w type="DT" lemma="that">that</w>
<w type="NN" lemma="diversity">diversity</w>
<w type="VBZ" lemma="be">is</w>
<w type="RB" lemma="indeed">indeed</w>
<w type="DT" lemma="a">a</w>
<w type="NN" lemma="strength">strength</w>
<w type="CC" lemma="and">and</w>
<w type="RB" lemma="not">not</w>
<w type="DT" lemma="a">a</w>
<w type="NN" lemma="threat">threat</w>
<pc type="SENT">.</pc>
</s>
<s><w type="PP" lemma="we">We</w>
<w type="VVP" lemma="need">need</w>
<w type="RB" lemma="also">also</w>
<w type="TO" lemma="to">to</w>
<w type="VV" lemma="realise">realise</w>
<w type="IN" lemma="that">that</w>
<w type="JJ" lemma="peaceful">peaceful</w>
<w type="CC" lemma="and">and</w>
<w type="JJ" lemma="steady">steady</w>
<w type="NN" lemma="progress">progress</w>
<w type="IN" lemma="in">in</w>
<w type="PPs" lemma="our">our</w>
<w type="NN" lemma="society">society</w>
<w type="IN" lemma="of">of</w>
<w type="VVG" lemma="differ">differing</w>
<w type="NNS" lemma="culture">cultures</w>
<w type="CC" lemma="and">and</w>
<w type="NN" lemma="heritage">heritage</w>
<w type="MD" lemma="can">can</w>
<w type="VB" lemma="be">be</w>
<w type="VVN" lemma="threaten">threatened</w>
<w type="IN" lemma="at">at</w>
<w type="DT" lemma="any">any</w>
<w type="NN" lemma="moment">moment</w>
<w type="IN" lemma="by">by</w>
<w type="DT" lemma="the">the</w>
<w type="NNS" lemma="action">actions</w>
<w type="IN" lemma="of">of</w>
<w type="NNS" lemma="extremist">extremists</w>
<w type="IN" lemma="at">at</w>
<w type="NN" lemma="home">home</w>
<w type="CC" lemma="or">or</w>
<w type="IN" lemma="by">by</w>
<w type="NNS" lemma="event">events</w>
<w type="RB" lemma="abroad">abroad</w>
<pc type="SENT">.</pc>
</s>
<s><w type="PP" lemma="we">We</w>
<w type="MD" lemma="can">can</w>
<w type="RB" lemma="certainly">certainly</w>
<w type="RB" lemma="never">never</w>
<w type="VB" lemma="be">be</w>
<w type="JJ" lemma="complacent">complacent</w>
<pc type="SENT">.</pc>
</s>
<s><w type="CC" lemma="but">But</w>
<w type="EX" lemma="there">there</w>
<w type="VBZ" lemma="be">is</w>
<w type="DT" lemma="every">every</w>
<w type="NN" lemma="reason">reason</w>
<w type="TO" lemma="to">to</w>
<w type="VB" lemma="be">be</w>
<w type="JJ" lemma="hopeful">hopeful</w>
<w type="IN" lemma="about">about</w>
<w type="DT" lemma="the">the</w>
<w type="NN" lemma="future">future</w>
<pc type="SENT">.</pc>
</s>
<s><w type="PP" lemma="I">I</w>
<w type="RB" lemma="certainly">certainly</w>
<w type="VV" lemma="recognise">recognise</w>
<w type="WDT" lemma="that">that</w>
<w type="RB" lemma="much">much</w>
<w type="VHZ" lemma="have">has</w>
<w type="VBN" lemma="be">been</w>
<w type="VVN" lemma="achieve">achieved</w>
<w type="IN" lemma="in">in</w>
<w type="PPs" lemma="my">my</w>
<w type="NN" lemma="lifetime">lifetime</w>
<pc type="SENT">.</pc>
</s>
<s><w type="PP" lemma="I">I</w>
<w type="VVP" lemma="believe">believe</w>
<w type="NN" lemma="tolerance">tolerance</w>
<w type="CC" lemma="and">and</w>
<w type="JJ" lemma="fair">fair</w>
<w type="NN" lemma="play">play</w>
<w type="VVP" lemma="remain">remain</w>
<w type="JJ" lemma="strong">strong</w>
<w type="JJ" lemma="British">British</w>
<w type="NNS" lemma="value">values</w>
<w type="CC" lemma="and">and</w>
<w type="PP" lemma="we">we</w>
<w type="VHP" lemma="have">have</w>
<w type="RB" lemma="so">so</w>
<w type="JJ" lemma="much">much</w>
<w type="TO" lemma="to">to</w>
<w type="VV" lemma="build">build</w>
<w type="IN" lemma="on">on</w>
<w type="IN" lemma="for">for</w>
<w type="DT" lemma="the">the</w>
<w type="NN" lemma="future">future</w>
<pc type="SENT">.</pc>
</s></p><p><s><w type="PP" lemma="it">It</w>
<w type="VBD" lemma="be">was</w>
<w type="IN" lemma="for">for</w>
<w type="DT" lemma="this">this</w>
<w type="NN" lemma="reason">reason</w>
<w type="IN" lemma="that">that</w>
<w type="PP" lemma="I">I</w>
<w type="RB" lemma="particularly">particularly</w>
<w type="VVD" lemma="enjoy">enjoyed</w>
<w type="DT" lemma="a">a</w>
<w type="NN" lemma="story">story</w>
<w type="PP" lemma="I">I</w>
<w type="VVD" lemma="hear">heard</w>
<w type="DT" lemma="the">the</w>
<w type="JJ" lemma="other">other</w>
<w type="NN" lemma="day">day</w>
<w type="IN" lemma="about">about</w>
<w type="DT" lemma="an">an</w>
<w type="JJ" lemma="overseas">overseas</w>
<w type="NN" lemma="visitor">visitor</w>
<w type="TO" lemma="to">to</w>
<w type="NP" lemma="Britain">Britain</w>
<w type="WP" lemma="who">who</w>
<w type="VVD" lemma="say">said</w>
<w type="DT" lemma="the">the</w>
<w type="JJS" lemma="good">best</w>
<w type="NN" lemma="part">part</w>
<w type="IN" lemma="of">of</w>
<w type="PPs" lemma="his">his</w>
<w type="NN" lemma="visit">visit</w>
<w type="VHD" lemma="have">had</w>
<w type="VBN" lemma="be">been</w>
<w type="VVG" lemma="travel">travelling</w>
<w type="IN" lemma="from">from</w>
<w type="NP" lemma="Heathrow">Heathrow</w>
<w type="IN" lemma="into">into</w>
<w type="NP" lemma="Central">Central</w>
<w type="NP" lemma="London">London</w>
<w type="IN" lemma="on">on</w>
<w type="DT" lemma="the">the</w>
<w type="NN" lemma="tube">tube</w>
<pc type="SENT">.</pc>
</s></p><p><s><w type="PPs" lemma="his">His</w>
<w type="JJ" lemma="British">British</w>
<w type="NNS" lemma="friend">friends</w>
<w type="VBD" lemma="be">were</w>
<pc type="sub">,</pc>
<w type="IN" lemma="as">as</w>
<w type="PP" lemma="you">you</w>
<w type="MD" lemma="can">can</w>
<w type="VV" lemma="imagine">imagine</w>
<pc type="sub">,</pc>
<w type="RB" lemma="somewhat">somewhat</w>
<w type="VVN" lemma="surprise">surprised</w>
<pc type="sub">,</pc>
<w type="RB" lemma="particularly">particularly</w>
<w type="IN" lemma="as">as</w>
<w type="DT" lemma="the">the</w>
<w type="NN" lemma="visitor">visitor</w>
<w type="VHD" lemma="have">had</w>
<w type="VBN" lemma="be">been</w>
<w type="TO" lemma="to">to</w>
<w type="DT" lemma="some">some</w>
<w type="IN" lemma="of">of</w>
<w type="DT" lemma="the">the</w>
<w type="JJ" lemma="great">great</w>
<w type="NNS" lemma="attraction">attractions</w>
<w type="IN" lemma="of">of</w>
<w type="DT" lemma="the">the</w>
<w type="NN" lemma="country">country</w>
<pc type="SENT">.</pc>
</s>
<s><w type="WP" lemma="What">What</w>
<w type="VVP" lemma="do">do</w>
<w type="PP" lemma="you">you</w>
<w type="VVP" lemma="mean">mean</w>
<w type="PP" lemma="they">they</w>
<w type="VVD" lemma="ask">asked</w>
<pc type="SENT">?</pc>
</s></p><p><s><w type="RB" lemma="because">Because</w>
<pc type="sub">,</pc>
<w type="PP" lemma="he">he</w>
<w type="VVD" lemma="reply">replied</w>
<pc type="sub">,</pc>
<w type="PP" lemma="I">I</w>
<w type="VVD" lemma="board">boarded</w>
<w type="DT" lemma="the">the</w>
<w type="NN" lemma="train">train</w>
<w type="RB" lemma="just">just</w>
<w type="IN" lemma="as">as</w>
<w type="DT" lemma="the">the</w>
<w type="NNS" lemma="school">schools</w>
<w type="VBD" lemma="be">were</w>
<w type="VVG" lemma="come">coming</w>
<w type="RP" lemma="out">out</w>
<pc type="SENT">.</pc>
</s>
<s><w type="IN" lemma="at">At</w>
<w type="DT" lemma="each">each</w>
<w type="NN" lemma="stop">stop</w>
<w type="NNS" lemma="child">children</w>
<w type="VBD" lemma="be">were</w>
<w type="VVG" lemma="get">getting</w>
<w type="RP" lemma="on">on</w>
<w type="CC" lemma="and">and</w>
<w type="RP" lemma="off">off</w>
<pc type="sub">-</pc>
<w type="PP" lemma="they">they</w>
<w type="VBD" lemma="be">were</w>
<w type="IN" lemma="of">of</w>
<w type="DT" lemma="every">every</w>
<w type="JJ" lemma="ethnic">ethnic</w>
<w type="CC" lemma="and">and</w>
<w type="JJ" lemma="religious">religious</w>
<w type="NN" lemma="background">background</w>
<pc type="sub">,</pc>
<w type="RB" lemma="some">some</w>
<w type="IN" lemma="with">with</w>
<w type="NN" lemma="scarves">scarves</w>
<w type="CC" lemma="or">or</w>
<w type="NNS" lemma="turban">turbans</w>
<pc type="sub">,</pc>
<w type="DT" lemma="some">some</w>
<w type="VVG" lemma="talk">talking</w>
<w type="RB" lemma="quietly">quietly</w>
<pc type="sub">,</pc>
<w type="NNS" lemma="other">others</w>
<w type="VVG" lemma="play">playing</w>
<w type="CC" lemma="and">and</w>
<w type="RB" lemma="occasionally">occasionally</w>
<w type="VVG" lemma="misbehave">misbehaving</w>
<w type="RB" lemma="together">together</w>
<pc type="sub">-</pc>
<w type="RB" lemma="completely">completely</w>
<w type="IN" lemma="at">at</w>
<w type="NN" lemma="ease">ease</w>
<w type="CC" lemma="and">and</w>
<w type="VVG" lemma="trust">trusting</w>
<w type="PP" lemma="one">one</w>
<w type="DT" lemma="another">another</w>
<pc type="SENT">.</pc>
</s></p><p><s><w type="WRB" lemma="How">How</w>
<w type="JJ" lemma="lucky">lucky</w>
<w type="PP" lemma="you">you</w>
<w type="VBP" lemma="are">are</w>
<pc type="sub">,</pc>
<w type="VVD" lemma="say">said</w>
<w type="DT" lemma="the">the</w>
<w type="NN" lemma="visitor">visitor</w>
<pc type="sub">,</pc>
<w type="TO" lemma="to">to</w>
<w type="VV" lemma="live">live</w>
<w type="IN" lemma="in">in</w>
<w type="DT" lemma="a">a</w>
<w type="NN" lemma="country">country</w>
<w type="WRB" lemma="where">where</w>
<w type="PPs" lemma="your">your</w>
<w type="NNS" lemma="child">children</w>
<w type="MD" lemma="can">can</w>
<w type="VV" lemma="grow">grow</w>
<w type="RP" lemma="up">up</w>
<w type="DT" lemma="this">this</w>
<w type="NN" lemma="way">way</w>
<pc type="SENT">.</pc>
</s></p><p><s><w type="PP" lemma="I">I</w>
<w type="VVP" lemma="hope">hope</w>
<w type="PP" lemma="they">they</w>
<w type="MD" lemma="will">will</w>
<w type="VB" lemma="be">be</w>
<w type="VVN" lemma="allow">allowed</w>
<w type="TO" lemma="to">to</w>
<w type="VV" lemma="enjoy">enjoy</w>
<w type="DT" lemma="this">this</w>
<w type="JJ" lemma="happy">happy</w>
<w type="NN" lemma="companionship">companionship</w>
<w type="IN" lemma="for">for</w>
<w type="DT" lemma="the">the</w>
<w type="NN" lemma="rest">rest</w>
<w type="IN" lemma="of">of</w>
<w type="PPs" lemma="their">their</w>
<w type="NNS" lemma="life">lives</w>
<pc type="SENT">.</pc>
</s></p><p><s><w type="DT" lemma="a">A</w>
<w type="NP" lemma="Happy">Happy</w>
<w type="NP" lemma="Christmas">Christmas</w>
<w type="TO" lemma="to">to</w>
<w type="PP" lemma="you">you</w>
<w type="DT" lemma="all">all</w>
<pc type="SENT">.</pc>
</s></p></div>