<div xmlns='http://www.tei-c.org/ns/1.0' n="2005"><head><s><w type="NP" lemma="Christmas">Christmas</w>
<w type="NP" lemma="Broadcast">Broadcast</w>
<w type="CD" lemma="@card@">2005</w>
</s></head><p><s><w type="DT" lemma="the">The</w>
<w type="NN" lemma="day">day</w>
<w type="IN" lemma="after">after</w>
<w type="PPs" lemma="my">my</w>
<w type="JJ" lemma="last">last</w>
<w type="NP" lemma="Christmas">Christmas</w>
<w type="NN" lemma="message">message</w>
<w type="VBD" lemma="be">was</w>
<w type="VVN" lemma="broadcast">broadcast</w>
<pc type="sub">,</pc>
<w type="DT" lemma="the">the</w>
<w type="NN" lemma="world">world</w>
<w type="VVD" lemma="experience">experienced</w>
<w type="CD" lemma="one">one</w>
<w type="IN" lemma="of">of</w>
<w type="DT" lemma="the">the</w>
<w type="JJS" lemma="bad">worst</w>
<w type="JJ" lemma="natural">natural</w>
<w type="NNS" lemma="disaster">disasters</w>
<w type="RB" lemma="ever">ever</w>
<w type="VVN" lemma="record">recorded</w>
<pc type="SENT">.</pc>
</s>
<s><w type="DT" lemma="the">The</w>
<w type="JJ" lemma="devastating">devastating</w>
<w type="NN" lemma="tsunami">tsunami</w>
<w type="VVD" lemma="strike">struck</w>
<w type="NNS" lemma="country">countries</w>
<w type="IN" lemma="around">around</w>
<w type="DT" lemma="the">the</w>
<w type="NP" lemma="Indian">Indian</w>
<w type="NP" lemma="Ocean">Ocean</w>
<w type="VVG" lemma="cause">causing</w>
<w type="NN" lemma="death">death</w>
<w type="CC" lemma="and">and</w>
<w type="NN" lemma="destruction">destruction</w>
<w type="IN" lemma="on">on</w>
<w type="DT" lemma="an">an</w>
<w type="JJ" lemma="unprecedented">unprecedented</w>
<w type="NN" lemma="scale">scale</w>
<pc type="SENT">.</pc>
</s>
<s><w type="DT" lemma="this">This</w>
<w type="VBD" lemma="be">was</w>
<w type="VVN" lemma="follow">followed</w>
<w type="IN" lemma="by">by</w>
<w type="DT" lemma="a">a</w>
<w type="NN" lemma="number">number</w>
<w type="IN" lemma="of">of</w>
<w type="JJ" lemma="vicious">vicious</w>
<w type="NNS" lemma="hurricane">hurricanes</w>
<w type="IN" lemma="across">across</w>
<w type="DT" lemma="the">the</w>
<w type="NP" lemma="Caribbean">Caribbean</w>
<w type="CC" lemma="and">and</w>
<w type="DT" lemma="the">the</w>
<w type="NN" lemma="inundation">inundation</w>
<w type="IN" lemma="of">of</w>
<w type="DT" lemma="the">the</w>
<w type="NN" lemma="city">city</w>
<w type="IN" lemma="of">of</w>
<w type="NP" lemma="New">New</w>
<w type="NP" lemma="Orleans">Orleans</w>
<pc type="SENT">.</pc>
</s>
<s><w type="RB" lemma="then">Then</w>
<w type="IN" lemma="in">in</w>
<w type="DT" lemma="the">the</w>
<w type="NN" lemma="autumn">autumn</w>
<w type="VVD" lemma="come">came</w>
<w type="DT" lemma="the">the</w>
<w type="JJ" lemma="massive">massive</w>
<w type="NN" lemma="earthquake">earthquake</w>
<w type="IN" lemma="in">in</w>
<w type="NP" lemma="Pakistan">Pakistan</w>
<w type="CC" lemma="and">and</w>
<w type="NP" lemma="India">India</w>
<pc type="SENT">.</pc>
</s>
<s><w type="DT" lemma="this">This</w>
<w type="NN" lemma="series">series</w>
<w type="IN" lemma="of">of</w>
<w type="JJ" lemma="dreadful">dreadful</w>
<w type="NNS" lemma="event">events</w>
<w type="VHZ" lemma="have">has</w>
<w type="VVN" lemma="bring">brought</w>
<w type="NN" lemma="loss">loss</w>
<w type="CC" lemma="and">and</w>
<w type="VVG" lemma="suffer">suffering</w>
<w type="TO" lemma="to">to</w>
<w type="RB" lemma="so">so</w>
<w type="JJ" lemma="many">many</w>
<w type="NNS" lemma="people">people</w>
<pc type="sub">-</pc>
<w type="CC" lemma="and">and</w>
<w type="PPs" lemma="their">their</w>
<w type="NNS" lemma="family">families</w>
<w type="CC" lemma="and">and</w>
<w type="NNS" lemma="friend">friends</w>
<pc type="sub">-</pc>
<w type="RB" lemma="not">not</w>
<w type="RB" lemma="only">only</w>
<w type="IN" lemma="in">in</w>
<w type="DT" lemma="the">the</w>
<w type="NNS" lemma="country">countries</w>
<w type="RB" lemma="directly">directly</w>
<w type="VVN" lemma="affect">affected</w>
<pc type="sub">,</pc>
<w type="CC" lemma="but">but</w>
<w type="RB" lemma="here">here</w>
<w type="IN" lemma="in">in</w>
<w type="NP" lemma="Britain">Britain</w>
<w type="CC" lemma="and">and</w>
<w type="IN" lemma="throughout">throughout</w>
<w type="DT" lemma="the">the</w>
<w type="NP" lemma="Commonwealth">Commonwealth</w>
<pc type="SENT">.</pc>
</s>
<s><w type="RB" lemma="as">As</w>
<w type="IN" lemma="if">if</w>
<w type="DT" lemma="these">these</w>
<w type="NNS" lemma="disaster">disasters</w>
<w type="VBD" lemma="be">were</w>
<w type="RB" lemma="not">not</w>
<w type="JJ" lemma="bad">bad</w>
<w type="RB" lemma="enough">enough</w>
<pc type="sub">,</pc>
<w type="PP" lemma="I">I</w>
<w type="VHP" lemma="have">have</w>
<w type="RB" lemma="sometimes">sometimes</w>
<w type="VVN" lemma="think">thought</w>
<w type="DT" lemma="that">that</w>
<w type="NN" lemma="humanity">humanity</w>
<w type="VVD" lemma="seem">seemed</w>
<w type="TO" lemma="to">to</w>
<w type="VH" lemma="have">have</w>
<w type="VVN" lemma="turn">turned</w>
<w type="IN" lemma="on">on</w>
<w type="PP" lemma="itself">itself</w>
<pc type="sub">-</pc>
<w type="IN" lemma="with">with</w>
<w type="NNS" lemma="war">wars</w>
<pc type="sub">,</pc>
<w type="JJ" lemma="civil">civil</w>
<w type="NNS" lemma="disturbance">disturbances</w>
<w type="CC" lemma="and">and</w>
<w type="NNS" lemma="act">acts</w>
<w type="IN" lemma="of">of</w>
<w type="JJ" lemma="brutal">brutal</w>
<w type="NN" lemma="terrorism">terrorism</w>
<pc type="SENT">.</pc>
</s>
<s><w type="IN" lemma="in">In</w>
<w type="DT" lemma="this">this</w>
<w type="NN" lemma="country">country</w>
<w type="JJ" lemma="many">many</w>
<w type="NNS" lemma="people">people</w>
<w type="POS" lemma="'s">'s</w>
<w type="NNS" lemma="life">lives</w>
<w type="VBD" lemma="be">were</w>
<w type="RB" lemma="totally">totally</w>
<w type="VVN" lemma="change">changed</w>
<w type="IN" lemma="by">by</w>
<w type="DT" lemma="the">the</w>
<w type="NP" lemma="London">London</w>
<w type="NNS" lemma="bombing">bombings</w>
<w type="IN" lemma="in">in</w>
<w type="NP" lemma="July">July</w>
<pc type="SENT">.</pc>
</s>
<s><w type="DT" lemma="this">This</w>
<w type="NP" lemma="Christmas">Christmas</w>
<w type="PPs" lemma="my">my</w>
<w type="NNS" lemma="thought">thoughts</w>
<w type="VBP" lemma="are">are</w>
<w type="RB" lemma="especially">especially</w>
<w type="IN" lemma="with">with</w>
<w type="DT" lemma="those">those</w>
<w type="RB" lemma="everywhere">everywhere</w>
<w type="WP" lemma="who">who</w>
<w type="VBP" lemma="are">are</w>
<w type="VVG" lemma="grieve">grieving</w>
<w type="DT" lemma="the">the</w>
<w type="NN" lemma="loss">loss</w>
<w type="IN" lemma="of">of</w>
<w type="VVN" lemma="love">loved</w>
<w type="NNS" lemma="one">ones</w>
<w type="IN" lemma="during">during</w>
<w type="WP" lemma="what">what</w>
<w type="IN" lemma="for">for</w>
<w type="RB" lemma="so">so</w>
<w type="JJ" lemma="many">many</w>
<w type="VHZ" lemma="have">has</w>
<w type="VBN" lemma="be">been</w>
<w type="JJ" lemma="such">such</w>
<w type="DT" lemma="a">a</w>
<w type="JJ" lemma="terrible">terrible</w>
<w type="NN" lemma="year">year</w>
<pc type="SENT">.</pc>
</s>
<s><w type="DT" lemma="these">These</w>
<w type="JJ" lemma="natural">natural</w>
<w type="CC" lemma="and">and</w>
<w type="JJ" lemma="human">human</w>
<w type="NNS" lemma="tragedy">tragedies</w>
<w type="VVD" lemma="provide">provided</w>
<w type="DT" lemma="the">the</w>
<w type="NN" lemma="headline">headline</w>
<w type="NN" lemma="news">news</w>
<pc type="sub">;</pc>
<w type="PP" lemma="they">they</w>
<w type="RB" lemma="also">also</w>
<w type="VVD" lemma="provoke">provoked</w>
<w type="DT" lemma="a">a</w>
<w type="RB" lemma="quite">quite</w>
<w type="JJ" lemma="remarkable">remarkable</w>
<w type="JJ" lemma="humanitarian">humanitarian</w>
<w type="NN" lemma="response">response</w>
<pc type="SENT">.</pc>
</s>
<s><w type="NNS" lemma="people">People</w>
<w type="IN" lemma="of">of</w>
<w type="NN" lemma="compassion">compassion</w>
<w type="RB" lemma="all">all</w>
<w type="IN" lemma="over">over</w>
<w type="DT" lemma="the">the</w>
<w type="NN" lemma="world">world</w>
<w type="VVD" lemma="respond">responded</w>
<w type="IN" lemma="with">with</w>
<w type="JJ" lemma="immediate">immediate</w>
<w type="JJ" lemma="practical">practical</w>
<w type="CC" lemma="and">and</w>
<w type="JJ" lemma="financial">financial</w>
<w type="NN" lemma="help">help</w>
<pc type="SENT">.</pc>
</s>
<s><w type="EX" lemma="There">There</w>
<w type="MD" lemma="may">may</w>
<w type="VB" lemma="be">be</w>
<w type="DT" lemma="an">an</w>
<w type="NN" lemma="instinct">instinct</w>
<w type="IN" lemma="in">in</w>
<w type="DT" lemma="all">all</w>
<w type="IN" lemma="of">of</w>
<w type="PP" lemma="us">us</w>
<w type="TO" lemma="to">to</w>
<w type="VV" lemma="help">help</w>
<w type="DT" lemma="those">those</w>
<w type="IN" lemma="in">in</w>
<w type="NN" lemma="distress">distress</w>
<pc type="sub">,</pc>
<w type="CC" lemma="but">but</w>
<w type="IN" lemma="in">in</w>
<w type="JJ" lemma="many">many</w>
<w type="NNS" lemma="case">cases</w>
<w type="PP" lemma="I">I</w>
<w type="VVP" lemma="believe">believe</w>
<w type="DT" lemma="this">this</w>
<w type="VHZ" lemma="have">has</w>
<w type="VBN" lemma="be">been</w>
<w type="VVN" lemma="inspire">inspired</w>
<w type="IN" lemma="by">by</w>
<w type="JJ" lemma="religious">religious</w>
<w type="NN" lemma="faith">faith</w>
<pc type="SENT">.</pc>
</s>
<s><w type="NN" lemma="Christianity">Christianity</w>
<w type="VBZ" lemma="be">is</w>
<w type="RB" lemma="not">not</w>
<w type="DT" lemma="the">the</w>
<w type="JJ" lemma="only">only</w>
<w type="NN" lemma="religion">religion</w>
<w type="TO" lemma="to">to</w>
<w type="VV" lemma="teach">teach</w>
<w type="PPs" lemma="its">its</w>
<w type="NNS" lemma="follower">followers</w>
<w type="TO" lemma="to">to</w>
<w type="VV" lemma="help">help</w>
<w type="NNS" lemma="other">others</w>
<w type="CC" lemma="and">and</w>
<w type="TO" lemma="to">to</w>
<w type="VV" lemma="treat">treat</w>
<w type="PPs" lemma="your">your</w>
<w type="NN" lemma="neighbour">neighbour</w>
<w type="IN" lemma="as">as</w>
<w type="PP" lemma="you">you</w>
<w type="MD" lemma="would">would</w>
<w type="VV" lemma="want">want</w>
<w type="TO" lemma="to">to</w>
<w type="VB" lemma="be">be</w>
<w type="VVN" lemma="treat">treated</w>
<w type="PP" lemma="yourself">yourself</w>
<pc type="SENT">.</pc>
</s>
<s><w type="PP" lemma="it">It</w>
<w type="VHZ" lemma="have">has</w>
<w type="VBN" lemma="be">been</w>
<w type="JJ" lemma="clear">clear</w>
<w type="IN" lemma="that">that</w>
<w type="IN" lemma="in">in</w>
<w type="DT" lemma="the">the</w>
<w type="NN" lemma="course">course</w>
<w type="IN" lemma="of">of</w>
<w type="DT" lemma="this">this</w>
<w type="NN" lemma="year">year</w>
<w type="NN" lemma="relief">relief</w>
<w type="NNS" lemma="worker">workers</w>
<w type="CC" lemma="and">and</w>
<w type="JJ" lemma="financial">financial</w>
<w type="NN" lemma="support">support</w>
<w type="VHP" lemma="have">have</w>
<w type="VVN" lemma="come">come</w>
<w type="IN" lemma="from">from</w>
<w type="NNS" lemma="member">members</w>
<w type="IN" lemma="of">of</w>
<w type="DT" lemma="every">every</w>
<w type="NN" lemma="faith">faith</w>
<w type="CC" lemma="and">and</w>
<w type="IN" lemma="from">from</w>
<w type="DT" lemma="every">every</w>
<w type="NN" lemma="corner">corner</w>
<w type="IN" lemma="of">of</w>
<w type="DT" lemma="the">the</w>
<w type="NN" lemma="world">world</w>
<pc type="SENT">.</pc>
</s>
<s><w type="EX" lemma="There">There</w>
<w type="VBZ" lemma="be">is</w>
<w type="DT" lemma="no">no</w>
<w type="NN" lemma="doubt">doubt</w>
<w type="IN" lemma="that">that</w>
<w type="DT" lemma="the">the</w>
<w type="NN" lemma="process">process</w>
<w type="IN" lemma="of">of</w>
<w type="VVG" lemma="rebuild">rebuilding</w>
<w type="DT" lemma="these">these</w>
<w type="NNS" lemma="community">communities</w>
<w type="VBZ" lemma="be">is</w>
<w type="RB" lemma="far">far</w>
<w type="IN" lemma="from">from</w>
<w type="IN" lemma="over">over</w>
<w type="CC" lemma="and">and</w>
<w type="EX" lemma="there">there</w>
<w type="MD" lemma="will">will</w>
<w type="VB" lemma="be">be</w>
<w type="JJ" lemma="fresh">fresh</w>
<w type="NNS" lemma="call">calls</w>
<w type="IN" lemma="on">on</w>
<w type="PPs" lemma="our">our</w>
<w type="NN" lemma="commitment">commitment</w>
<w type="TO" lemma="to">to</w>
<w type="VV" lemma="help">help</w>
<w type="IN" lemma="in">in</w>
<w type="DT" lemma="the">the</w>
<w type="NN" lemma="future">future</w>
<pc type="SENT">.</pc>
</s>
<s><w type="RB" lemma="certainly">Certainly</w>
<w type="DT" lemma="the">the</w>
<w type="NN" lemma="need">need</w>
<w type="IN" lemma="for">for</w>
<w type="NN" lemma="selflessness">selflessness</w>
<w type="CC" lemma="and">and</w>
<w type="NN" lemma="generosity">generosity</w>
<w type="IN" lemma="in">in</w>
<w type="DT" lemma="the">the</w>
<w type="NN" lemma="face">face</w>
<w type="IN" lemma="of">of</w>
<w type="NN" lemma="hardship">hardship</w>
<w type="VBZ" lemma="be">is</w>
<w type="NN" lemma="nothing">nothing</w>
<w type="JJ" lemma="new">new</w>
<pc type="SENT">.</pc>
</s>
<s><w type="DT" lemma="the">The</w>
<w type="NNS" lemma="veteran">veterans</w>
<w type="IN" lemma="of">of</w>
<w type="DT" lemma="the">the</w>
<w type="NP" lemma="Second">Second</w>
<w type="NP" lemma="World">World</w>
<w type="NP" lemma="War">War</w>
<w type="WP" lemma="whom">whom</w>
<w type="PP" lemma="we">we</w>
<w type="VVD" lemma="honour">honoured</w>
<w type="JJ" lemma="last">last</w>
<w type="NN" lemma="summer">summer</w>
<w type="MD" lemma="can">can</w>
<w type="VV" lemma="tell">tell</w>
<w type="PP" lemma="us">us</w>
<w type="WRB" lemma="how">how</w>
<w type="RB" lemma="so">so</w>
<w type="RB" lemma="often">often</w>
<pc type="sub">,</pc>
<w type="IN" lemma="in">in</w>
<w type="NNS" lemma="moment">moments</w>
<w type="IN" lemma="of">of</w>
<w type="JJS" lemma="great">greatest</w>
<w type="NN" lemma="trial">trial</w>
<pc type="sub">,</pc>
<w type="DT" lemma="those">those</w>
<w type="IN" lemma="around">around</w>
<w type="PP" lemma="them">them</w>
<w type="VVD" lemma="seem">seemed</w>
<w type="JJ" lemma="able">able</w>
<w type="TO" lemma="to">to</w>
<w type="VV" lemma="draw">draw</w>
<w type="IN" lemma="on">on</w>
<w type="DT" lemma="some">some</w>
<w type="JJ" lemma="inner">inner</w>
<w type="NN" lemma="strength">strength</w>
<w type="TO" lemma="to">to</w>
<w type="VV" lemma="find">find</w>
<w type="NN" lemma="courage">courage</w>
<w type="CC" lemma="and">and</w>
<w type="NN" lemma="compassion">compassion</w>
<pc type="SENT">.</pc>
</s>
<s><w type="PP" lemma="we">We</w>
<w type="VVP" lemma="see">see</w>
<w type="DT" lemma="this">this</w>
<w type="NN" lemma="today">today</w>
<w type="IN" lemma="in">in</w>
<w type="DT" lemma="the">the</w>
<w type="NN" lemma="way">way</w>
<w type="IN" lemma="that">that</w>
<w type="JJ" lemma="young">young</w>
<w type="NNS" lemma="man">men</w>
<w type="CC" lemma="and">and</w>
<w type="NNS" lemma="woman">women</w>
<w type="VBP" lemma="are">are</w>
<w type="RB" lemma="calmly">calmly</w>
<w type="VVG" lemma="serve">serving</w>
<w type="PPs" lemma="our">our</w>
<w type="NN" lemma="country">country</w>
<w type="IN" lemma="around">around</w>
<w type="DT" lemma="the">the</w>
<w type="NN" lemma="world">world</w>
<w type="RB" lemma="often">often</w>
<w type="IN" lemma="in">in</w>
<w type="JJ" lemma="great">great</w>
<w type="NN" lemma="danger">danger</w>
<pc type="SENT">.</pc>
</s>
<s><w type="DT" lemma="this">This</w>
<w type="JJ" lemma="last">last</w>
<w type="NN" lemma="year">year</w>
<w type="VHZ" lemma="have">has</w>
<w type="VVN" lemma="remind">reminded</w>
<w type="PP" lemma="us">us</w>
<w type="IN" lemma="that">that</w>
<w type="DT" lemma="this">this</w>
<w type="NN" lemma="world">world</w>
<w type="VBZ" lemma="be">is</w>
<w type="RB" lemma="not">not</w>
<w type="RB" lemma="always">always</w>
<w type="DT" lemma="an">an</w>
<w type="JJ" lemma="easy">easy</w>
<w type="CC" lemma="or">or</w>
<w type="DT" lemma="a">a</w>
<w type="JJ" lemma="safe">safe</w>
<w type="NN" lemma="place">place</w>
<w type="TO" lemma="to">to</w>
<w type="VV" lemma="live">live</w>
<w type="IN" lemma="in">in</w>
<pc type="sub">,</pc>
<w type="CC" lemma="but">but</w>
<w type="PP" lemma="it">it</w>
<w type="VBZ" lemma="be">is</w>
<w type="DT" lemma="the">the</w>
<w type="JJ" lemma="only">only</w>
<w type="NN" lemma="place">place</w>
<w type="PP" lemma="we">we</w>
<w type="VHP" lemma="have">have</w>
<pc type="SENT">.</pc>
</s>
<s><w type="PP" lemma="I">I</w>
<w type="VVP" lemma="believe">believe</w>
<w type="RB" lemma="also">also</w>
<w type="IN" lemma="that">that</w>
<w type="PP" lemma="it">it</w>
<w type="VHZ" lemma="have">has</w>
<w type="VVN" lemma="show">shown</w>
<w type="PP" lemma="us">us</w>
<w type="RB" lemma="all">all</w>
<w type="WRB" lemma="how">how</w>
<w type="PPs" lemma="our">our</w>
<w type="NN" lemma="faith">faith</w>
<pc type="sub">-</pc>
<w type="WDT" lemma="whatever">whatever</w>
<w type="PPs" lemma="our">our</w>
<w type="NN" lemma="religion">religion</w>
<pc type="sub">-</pc>
<w type="MD" lemma="can">can</w>
<w type="VV" lemma="inspire">inspire</w>
<w type="PP" lemma="us">us</w>
<w type="TO" lemma="to">to</w>
<w type="VV" lemma="work">work</w>
<w type="RB" lemma="together">together</w>
<w type="IN" lemma="in">in</w>
<w type="NN" lemma="friendship">friendship</w>
<w type="CC" lemma="and">and</w>
<w type="NN" lemma="peace">peace</w>
<w type="IN" lemma="for">for</w>
<w type="DT" lemma="the">the</w>
<w type="NN" lemma="sake">sake</w>
<w type="IN" lemma="of">of</w>
<w type="PPs" lemma="our">our</w>
<w type="JJ" lemma="own">own</w>
<w type="CC" lemma="and">and</w>
<w type="JJ" lemma="future">future</w>
<w type="NNS" lemma="generation">generations</w>
<pc type="SENT">.</pc>
</s>
<s><w type="IN" lemma="for">For</w>
<w type="NNS" lemma="Christian">Christians</w>
<w type="DT" lemma="this">this</w>
<w type="NN" lemma="festival">festival</w>
<w type="IN" lemma="of">of</w>
<w type="NP" lemma="Christmas">Christmas</w>
<w type="VBZ" lemma="be">is</w>
<w type="DT" lemma="the">the</w>
<w type="NN" lemma="time">time</w>
<w type="TO" lemma="to">to</w>
<w type="VV" lemma="remember">remember</w>
<w type="DT" lemma="the">the</w>
<w type="NN" lemma="birth">birth</w>
<w type="IN" lemma="of">of</w>
<w type="DT" lemma="the">the</w>
<w type="NN" lemma="one">one</w>
<w type="PP" lemma="we">we</w>
<w type="VVP" lemma="call">call</w>
<pc type="oq">"</pc>
<w type="DT" lemma="the">the</w>
<w type="NP" lemma="Prince">Prince</w>
<w type="IN" lemma="of">of</w>
<w type="NP" lemma="Peace">Peace</w>
<pc type="cq">"</pc>
<w type="CC" lemma="and">and</w>
<w type="PPs" lemma="our">our</w>
<w type="NN" lemma="source">source</w>
<w type="IN" lemma="of">of</w>
<pc type="oq">"</pc>
<w type="JJ" lemma="light">light</w>
<w type="CC" lemma="and">and</w>
<w type="NN" lemma="life">life</w>
<pc type="cq">"</pc>
<w type="IN" lemma="in">in</w>
<w type="DT" lemma="both">both</w>
<w type="JJ" lemma="good">good</w>
<w type="NNS" lemma="time">times</w>
<w type="CC" lemma="and">and</w>
<w type="JJ" lemma="bad">bad</w>
<pc type="SENT">.</pc>
</s>
<s><w type="PP" lemma="it">It</w>
<w type="VBZ" lemma="be">is</w>
<w type="RB" lemma="not">not</w>
<w type="RB" lemma="always">always</w>
<w type="JJ" lemma="easy">easy</w>
<w type="TO" lemma="to">to</w>
<w type="VV" lemma="accept">accept</w>
<w type="PPs" lemma="his">his</w>
<w type="NN" lemma="teaching">teaching</w>
<pc type="sub">,</pc>
<w type="CC" lemma="but">but</w>
<w type="PP" lemma="I">I</w>
<w type="VHP" lemma="have">have</w>
<w type="DT" lemma="no">no</w>
<w type="NN" lemma="doubt">doubt</w>
<w type="IN" lemma="that">that</w>
<w type="DT" lemma="the">the</w>
<w type="NP" lemma="New">New</w>
<w type="NN" lemma="year">Year</w>
<w type="MD" lemma="will">will</w>
<w type="VB" lemma="be">be</w>
<w type="PDT" lemma="all">all</w>
<w type="DT" lemma="the">the</w>
<w type="JJR" lemma="good">better</w>
<w type="IN" lemma="if">if</w>
<w type="PP" lemma="we">we</w>
<w type="VVP" lemma="do">do</w>
<w type="CC" lemma="but">but</w>
<w type="VVP" lemma="try">try</w>
<pc type="SENT">.</pc>
</s>
<s><w type="PP" lemma="I">I</w>
<w type="VVP" lemma="hope">hope</w>
<w type="PP" lemma="you">you</w>
<w type="MD" lemma="will">will</w>
<w type="RB" lemma="all">all</w>
<w type="VH" lemma="have">have</w>
<w type="DT" lemma="a">a</w>
<w type="RB" lemma="very">very</w>
<w type="JJ" lemma="happy">happy</w>
<w type="NP" lemma="Christmas">Christmas</w>
<w type="DT" lemma="this">this</w>
<w type="NN" lemma="year">year</w>
<w type="CC" lemma="and">and</w>
<w type="IN" lemma="that">that</w>
<w type="PP" lemma="you">you</w>
<w type="VVP" lemma="go">go</w>
<w type="IN" lemma="into">into</w>
<w type="DT" lemma="the">the</w>
<w type="NP" lemma="New">New</w>
<w type="NN" lemma="year">Year</w>
<w type="IN" lemma="with">with</w>
<w type="JJ" lemma="renewed">renewed</w>
<w type="NN" lemma="hope">hope</w>
<w type="CC" lemma="and">and</w>
<w type="NN" lemma="confidence">confidence</w>
<pc type="SENT">.</pc>
</s></p></div>