<div xmlns='http://www.tei-c.org/ns/1.0' n="2006"><head><s><w type="DT" lemma="the">The</w>
<w type="NP" lemma="Christmas">Christmas</w>
<w type="NP" lemma="Broadcast">Broadcast</w>
<w type="CD" lemma="@card@">2006</w>
</s></head><p><s><w type="PP" lemma="I">I</w>
<w type="VHP" lemma="have">have</w>
<w type="VVN" lemma="live">lived</w>
<w type="RB" lemma="long">long</w>
<w type="RB" lemma="enough">enough</w>
<w type="TO" lemma="to">to</w>
<w type="VV" lemma="know">know</w>
<w type="DT" lemma="that">that</w>
<w type="NNS" lemma="thing">things</w>
<w type="RB" lemma="never">never</w>
<w type="VVP" lemma="remain">remain</w>
<w type="RB" lemma="quite">quite</w>
<w type="DT" lemma="the">the</w>
<w type="JJ" lemma="same">same</w>
<w type="IN" lemma="for">for</w>
<w type="RB" lemma="very">very</w>
<w type="JJ" lemma="long">long</w>
<pc type="SENT">.</pc>
</s>
<s><w type="CD" lemma="One">One</w>
<w type="IN" lemma="of">of</w>
<w type="DT" lemma="the">the</w>
<w type="NNS" lemma="thing">things</w>
<w type="WDT" lemma="that">that</w>
<w type="VHZ" lemma="have">has</w>
<w type="RB" lemma="not">not</w>
<w type="VVN" lemma="change">changed</w>
<w type="PDT" lemma="all">all</w>
<w type="DT" lemma="that">that</w>
<w type="JJ" lemma="much">much</w>
<w type="IN" lemma="for">for</w>
<w type="PP" lemma="me">me</w>
<w type="VBZ" lemma="be">is</w>
<w type="DT" lemma="the">the</w>
<w type="NN" lemma="celebration">celebration</w>
<w type="IN" lemma="of">of</w>
<w type="NP" lemma="Christmas">Christmas</w>
<pc type="SENT">.</pc>
</s>
<s><w type="PP" lemma="it">It</w>
<w type="VVZ" lemma="remain">remains</w>
<w type="DT" lemma="a">a</w>
<w type="NN" lemma="time">time</w>
<w type="WRB" lemma="when">when</w>
<w type="PP" lemma="I">I</w>
<w type="VVP" lemma="try">try</w>
<w type="TO" lemma="to">to</w>
<w type="VV" lemma="put">put</w>
<w type="RP" lemma="aside">aside</w>
<w type="DT" lemma="the">the</w>
<w type="NNS" lemma="anxiety">anxieties</w>
<w type="IN" lemma="of">of</w>
<w type="DT" lemma="the">the</w>
<w type="NN" lemma="moment">moment</w>
<w type="CC" lemma="and">and</w>
<w type="VV" lemma="remember">remember</w>
<w type="IN" lemma="that">that</w>
<w type="NP" lemma="Christ">Christ</w>
<w type="VBD" lemma="be">was</w>
<w type="VVN" lemma="bear">born</w>
<w type="TO" lemma="to">to</w>
<w type="VV" lemma="bring">bring</w>
<w type="NN" lemma="peace">peace</w>
<w type="CC" lemma="and">and</w>
<w type="NN" lemma="tolerance">tolerance</w>
<w type="TO" lemma="to">to</w>
<w type="DT" lemma="a">a</w>
<w type="JJ" lemma="troubled">troubled</w>
<w type="NN" lemma="world">world</w>
<pc type="SENT">.</pc>
</s>
<s><w type="DT" lemma="the">The</w>
<w type="NN" lemma="birth">birth</w>
<w type="IN" lemma="of">of</w>
<w type="NP" lemma="Jesus">Jesus</w>
<w type="RB" lemma="naturally">naturally</w>
<w type="VVZ" lemma="turn">turns</w>
<w type="PPs" lemma="our">our</w>
<w type="NNS" lemma="thought">thoughts</w>
<w type="TO" lemma="to">to</w>
<w type="DT" lemma="all">all</w>
<w type="JJ" lemma="new-born">new-born</w>
<w type="NNS" lemma="child">children</w>
<w type="CC" lemma="and">and</w>
<w type="WP" lemma="what">what</w>
<w type="DT" lemma="the">the</w>
<w type="NN" lemma="future">future</w>
<w type="VVZ" lemma="hold">holds</w>
<w type="IN" lemma="for">for</w>
<w type="PP" lemma="them">them</w>
<pc type="SENT">.</pc>
</s>
<s><w type="DT" lemma="the">The</w>
<w type="NN" lemma="birth">birth</w>
<w type="IN" lemma="of">of</w>
<w type="DT" lemma="a">a</w>
<w type="NN" lemma="baby">baby</w>
<w type="VVZ" lemma="bring">brings</w>
<w type="JJ" lemma="great">great</w>
<w type="NN" lemma="happiness">happiness</w>
<pc type="sub">-</pc>
<w type="CC" lemma="but">but</w>
<w type="RB" lemma="then">then</w>
<w type="DT" lemma="the">the</w>
<w type="NN" lemma="business">business</w>
<w type="IN" lemma="of">of</w>
<w type="VVG" lemma="grow">growing</w>
<w type="RB" lemma="up">up</w>
<w type="VVZ" lemma="begin">begins</w>
<pc type="SENT">.</pc>
</s>
<s><w type="PP" lemma="it">It</w>
<w type="VBZ" lemma="be">is</w>
<w type="DT" lemma="a">a</w>
<w type="NN" lemma="process">process</w>
<w type="WDT" lemma="that">that</w>
<w type="VVZ" lemma="start">starts</w>
<w type="IN" lemma="within">within</w>
<w type="DT" lemma="the">the</w>
<w type="NN" lemma="protection">protection</w>
<w type="CC" lemma="and">and</w>
<w type="NN" lemma="care">care</w>
<w type="IN" lemma="of">of</w>
<w type="NNS" lemma="parent">parents</w>
<w type="CC" lemma="and">and</w>
<w type="JJ" lemma="other">other</w>
<w type="NNS" lemma="member">members</w>
<w type="IN" lemma="of">of</w>
<w type="DT" lemma="the">the</w>
<w type="NN" lemma="family">family</w>
<pc type="sub">-</pc>
<w type="VVG" lemma="include">including</w>
<w type="DT" lemma="the">the</w>
<w type="JJR" lemma="old">older</w>
<w type="NN" lemma="generation">generation</w>
<pc type="SENT">.</pc>
</s>
<s><w type="RB" lemma="as">As</w>
<w type="IN" lemma="with">with</w>
<w type="DT" lemma="any">any</w>
<w type="NN" lemma="team">team</w>
<pc type="sub">,</pc>
<w type="EX" lemma="there">there</w>
<w type="VBZ" lemma="be">is</w>
<w type="NN" lemma="strength">strength</w>
<w type="IN" lemma="in">in</w>
<w type="NN" lemma="combination">combination</w>
<pc type="sub">:</pc>
<w type="WP" lemma="what">what</w>
<w type="NN" lemma="grandparent">grandparent</w>
<w type="VHZ" lemma="have">has</w>
<w type="RB" lemma="not">not</w>
<w type="VVN" lemma="wish">wished</w>
<w type="IN" lemma="for">for</w>
<w type="DT" lemma="the">the</w>
<w type="RBS" lemma="best">best</w>
<w type="JJ" lemma="possible">possible</w>
<w type="NN" lemma="upbringing">upbringing</w>
<w type="IN" lemma="for">for</w>
<w type="PPs" lemma="their">their</w>
<w type="NNS" lemma="grandchild">grandchildren</w>
<w type="CC" lemma="or">or</w>
<w type="VVD" lemma="feel">felt</w>
<w type="DT" lemma="an">an</w>
<w type="JJ" lemma="enormous">enormous</w>
<w type="NN" lemma="sense">sense</w>
<w type="IN" lemma="of">of</w>
<w type="NN" lemma="pride">pride</w>
<w type="IN" lemma="at">at</w>
<w type="PPs" lemma="their">their</w>
<w type="NNS" lemma="achievement">achievements</w>
<pc type="SENT">?</pc>
</s></p><p><s><w type="CC" lemma="but">But</w>
<w type="DT" lemma="the">the</w>
<w type="NNS" lemma="pressure">pressures</w>
<w type="IN" lemma="of">of</w>
<w type="JJ" lemma="modern">modern</w>
<w type="NN" lemma="life">life</w>
<w type="RB" lemma="sometimes">sometimes</w>
<w type="VVP" lemma="seem">seem</w>
<w type="TO" lemma="to">to</w>
<w type="VB" lemma="be">be</w>
<w type="VVG" lemma="weaken">weakening</w>
<w type="DT" lemma="the">the</w>
<w type="NNS" lemma="link">links</w>
<w type="WDT" lemma="which">which</w>
<w type="VHP" lemma="have">have</w>
<w type="RB" lemma="traditionally">traditionally</w>
<w type="VVN" lemma="keep">kept</w>
<w type="PP" lemma="us">us</w>
<w type="RB" lemma="together">together</w>
<w type="IN" lemma="as">as</w>
<w type="NNS" lemma="family">families</w>
<w type="CC" lemma="and">and</w>
<w type="NNS" lemma="community">communities</w>
<pc type="SENT">.</pc>
</s>
<s><w type="IN" lemma="as">As</w>
<w type="NNS" lemma="child">children</w>
<w type="VVP" lemma="grow">grow</w>
<w type="RP" lemma="up">up</w>
<w type="CC" lemma="and">and</w>
<w type="VV" lemma="develop">develop</w>
<w type="PPs" lemma="their">their</w>
<w type="JJ" lemma="own">own</w>
<w type="NN" lemma="sense">sense</w>
<w type="IN" lemma="of">of</w>
<w type="NN" lemma="confidence">confidence</w>
<w type="CC" lemma="and">and</w>
<w type="NN" lemma="independence">independence</w>
<w type="IN" lemma="in">in</w>
<w type="DT" lemma="the">the</w>
<w type="JJ" lemma="ever-changing">ever-changing</w>
<w type="JJ" lemma="technological">technological</w>
<w type="NN" lemma="environment">environment</w>
<pc type="sub">,</pc>
<w type="EX" lemma="there">there</w>
<w type="VBZ" lemma="be">is</w>
<w type="RB" lemma="always">always</w>
<w type="DT" lemma="the">the</w>
<w type="NN" lemma="danger">danger</w>
<w type="IN" lemma="of">of</w>
<w type="DT" lemma="a">a</w>
<w type="JJ" lemma="real">real</w>
<w type="NN" lemma="divide">divide</w>
<w type="VVG" lemma="open">opening</w>
<w type="RP" lemma="up">up</w>
<w type="IN" lemma="between">between</w>
<w type="JJ" lemma="young">young</w>
<w type="CC" lemma="and">and</w>
<w type="JJ" lemma="old">old</w>
<pc type="sub">,</pc>
<w type="VVN" lemma="base">based</w>
<w type="IN" lemma="on">on</w>
<w type="NN" lemma="unfamiliarity">unfamiliarity</w>
<pc type="sub">,</pc>
<w type="NN" lemma="ignorance">ignorance</w>
<w type="CC" lemma="or">or</w>
<w type="NN" lemma="misunderstanding">misunderstanding</w>
<pc type="SENT">.</pc>
</s></p><p><s><w type="PP" lemma="it">It</w>
<w type="VBZ" lemma="be">is</w>
<w type="JJ" lemma="worth">worth</w>
<w type="NN" lemma="bearing">bearing</w>
<w type="IN" lemma="in">in</w>
<w type="NN" lemma="mind">mind</w>
<w type="IN" lemma="that">that</w>
<w type="DT" lemma="all">all</w>
<w type="IN" lemma="of">of</w>
<w type="PPs" lemma="our">our</w>
<w type="NN" lemma="faith">faith</w>
<w type="NNS" lemma="community">communities</w>
<w type="VVP" lemma="encourage">encourage</w>
<w type="DT" lemma="the">the</w>
<w type="VVG" lemma="bridge">bridging</w>
<w type="IN" lemma="of">of</w>
<w type="DT" lemma="that">that</w>
<w type="NN" lemma="divide">divide</w>
<pc type="SENT">.</pc>
</s>
<s><w type="DT" lemma="the">The</w>
<w type="NN" lemma="wisdom">wisdom</w>
<w type="CC" lemma="and">and</w>
<w type="NN" lemma="experience">experience</w>
<w type="IN" lemma="of">of</w>
<w type="DT" lemma="the">the</w>
<w type="JJ" lemma="great">great</w>
<w type="NNS" lemma="religion">religions</w>
<w type="VVP" lemma="point">point</w>
<w type="TO" lemma="to">to</w>
<w type="DT" lemma="the">the</w>
<w type="NN" lemma="need">need</w>
<w type="TO" lemma="to">to</w>
<w type="VV" lemma="nurture">nurture</w>
<w type="CC" lemma="and">and</w>
<w type="VV" lemma="guide">guide</w>
<w type="DT" lemma="the">the</w>
<w type="JJ" lemma="young">young</w>
<pc type="sub">,</pc>
<w type="CC" lemma="and">and</w>
<w type="TO" lemma="to">to</w>
<w type="VV" lemma="encourage">encourage</w>
<w type="NN" lemma="respect">respect</w>
<w type="IN" lemma="for">for</w>
<w type="DT" lemma="the">the</w>
<w type="JJ" lemma="elderly">elderly</w>
<pc type="SENT">.</pc>
</s>
<s><w type="NP" lemma="Christ">Christ</w>
<w type="PP" lemma="himself">himself</w>
<w type="VVD" lemma="tell">told</w>
<w type="PPs" lemma="his">his</w>
<w type="NNS" lemma="disciple">disciples</w>
<w type="TO" lemma="to">to</w>
<w type="VV" lemma="let">let</w>
<w type="DT" lemma="the">the</w>
<w type="NNS" lemma="child">children</w>
<w type="VVP" lemma="come">come</w>
<w type="TO" lemma="to">to</w>
<w type="PP" lemma="him">him</w>
<pc type="sub">,</pc>
<w type="CC" lemma="and">and</w>
<w type="NP" lemma="Saint">Saint</w>
<w type="NP" lemma="Paul">Paul</w>
<w type="VVD" lemma="remind">reminded</w>
<w type="NNS" lemma="parent">parents</w>
<w type="TO" lemma="to">to</w>
<w type="VB" lemma="be">be</w>
<w type="JJ" lemma="gentle">gentle</w>
<w type="IN" lemma="with">with</w>
<w type="PPs" lemma="their">their</w>
<w type="NNS" lemma="child">children</w>
<pc type="sub">,</pc>
<w type="CC" lemma="and">and</w>
<w type="NNS" lemma="child">children</w>
<w type="TO" lemma="to">to</w>
<w type="VV" lemma="appreciate">appreciate</w>
<w type="PPs" lemma="their">their</w>
<w type="NNS" lemma="parent">parents</w>
<pc type="SENT">.</pc>
</s>
<s><w type="DT" lemma="the">The</w>
<w type="NNS" lemma="scripture">scriptures</w>
<w type="CC" lemma="and">and</w>
<w type="NNS" lemma="tradition">traditions</w>
<w type="IN" lemma="of">of</w>
<w type="DT" lemma="the">the</w>
<w type="JJ" lemma="other">other</w>
<w type="NNS" lemma="faith">faiths</w>
<w type="VV" lemma="enshrine">enshrine</w>
<w type="DT" lemma="the">the</w>
<w type="JJ" lemma="same">same</w>
<w type="JJ" lemma="fundamental">fundamental</w>
<w type="NN" lemma="guidance">guidance</w>
<pc type="SENT">.</pc>
</s>
<s><w type="PP" lemma="it">It</w>
<w type="VBZ" lemma="be">is</w>
<w type="RB" lemma="very">very</w>
<w type="JJ" lemma="easy">easy</w>
<w type="TO" lemma="to">to</w>
<w type="VV" lemma="concentrate">concentrate</w>
<w type="IN" lemma="on">on</w>
<w type="DT" lemma="the">the</w>
<w type="NNS" lemma="difference">differences</w>
<w type="IN" lemma="between">between</w>
<w type="DT" lemma="the">the</w>
<w type="JJ" lemma="religious">religious</w>
<w type="NNS" lemma="faith">faiths</w>
<w type="CC" lemma="and">and</w>
<w type="TO" lemma="to">to</w>
<w type="VV" lemma="forget">forget</w>
<w type="WP" lemma="what">what</w>
<w type="PP" lemma="they">they</w>
<w type="VHP" lemma="have">have</w>
<w type="IN" lemma="in">in</w>
<w type="JJ" lemma="common">common</w>
<pc type="sub">-</pc>
<w type="NNS" lemma="people">people</w>
<w type="IN" lemma="of">of</w>
<w type="JJ" lemma="different">different</w>
<w type="NNS" lemma="faith">faiths</w>
<w type="VBP" lemma="are">are</w>
<w type="VVN" lemma="bind">bound</w>
<w type="RB" lemma="together">together</w>
<w type="IN" lemma="by">by</w>
<w type="DT" lemma="the">the</w>
<w type="NN" lemma="need">need</w>
<w type="TO" lemma="to">to</w>
<w type="VV" lemma="help">help</w>
<w type="DT" lemma="the">the</w>
<w type="JJR" lemma="young">younger</w>
<w type="NN" lemma="generation">generation</w>
<w type="TO" lemma="to">to</w>
<w type="VV" lemma="become">become</w>
<w type="JJ" lemma="considerate">considerate</w>
<w type="CC" lemma="and">and</w>
<w type="JJ" lemma="active">active</w>
<w type="NNS" lemma="citizen">citizens</w>
<pc type="SENT">.</pc>
</s></p><p><s><w type="CC" lemma="and">And</w>
<w type="EX" lemma="there">there</w>
<w type="VBZ" lemma="be">is</w>
<w type="DT" lemma="another">another</w>
<w type="NN" lemma="cause">cause</w>
<w type="IN" lemma="for">for</w>
<w type="NN" lemma="hope">hope</w>
<w type="IN" lemma="that">that</w>
<w type="PP" lemma="we">we</w>
<w type="MD" lemma="can">can</w>
<w type="VV" lemma="do">do</w>
<w type="RBR" lemma="better">better</w>
<w type="IN" lemma="in">in</w>
<w type="DT" lemma="the">the</w>
<w type="NN" lemma="future">future</w>
<w type="IN" lemma="at">at</w>
<w type="VVG" lemma="bridge">bridging</w>
<w type="DT" lemma="the">the</w>
<w type="NN" lemma="generation">generation</w>
<w type="NN" lemma="gap">gap</w>
<pc type="SENT">.</pc>
</s>
<s><w type="IN" lemma="as">As</w>
<w type="JJR" lemma="old">older</w>
<w type="NNS" lemma="people">people</w>
<w type="VVP" lemma="remain">remain</w>
<w type="RBR" lemma="more">more</w>
<w type="JJ" lemma="active">active</w>
<w type="IN" lemma="for">for</w>
<w type="RB" lemma="longer">longer</w>
<pc type="sub">,</pc>
<w type="DT" lemma="the">the</w>
<w type="NNS" lemma="opportunity">opportunities</w>
<w type="TO" lemma="to">to</w>
<w type="VV" lemma="look">look</w>
<w type="IN" lemma="for">for</w>
<w type="JJ" lemma="new">new</w>
<w type="NNS" lemma="way">ways</w>
<w type="TO" lemma="to">to</w>
<w type="VV" lemma="bring">bring</w>
<w type="JJ" lemma="young">young</w>
<w type="CC" lemma="and">and</w>
<w type="JJ" lemma="old">old</w>
<w type="RB" lemma="together">together</w>
<w type="VBP" lemma="are">are</w>
<w type="VVG" lemma="multiply">multiplying</w>
<pc type="SENT">.</pc>
</s></p><p><s><w type="IN" lemma="as">As</w>
<w type="PP" lemma="I">I</w>
<w type="VVP" lemma="look">look</w>
<w type="RB" lemma="back">back</w>
<w type="IN" lemma="on">on</w>
<w type="DT" lemma="these">these</w>
<w type="JJ" lemma="past">past</w>
<w type="NN" lemma="twelve">twelve</w>
<w type="NNS" lemma="month">months</w>
<pc type="sub">,</pc>
<w type="VVN" lemma="mark">marked</w>
<w type="IN" lemma="in">in</w>
<w type="JJ" lemma="particular">particular</w>
<w type="IN" lemma="for">for</w>
<w type="PP" lemma="me">me</w>
<w type="IN" lemma="by">by</w>
<w type="DT" lemma="the">the</w>
<w type="RB" lemma="very">very</w>
<w type="JJ" lemma="generous">generous</w>
<w type="NN" lemma="response">response</w>
<w type="TO" lemma="to">to</w>
<w type="PPs" lemma="my">my</w>
<w type="JJ" lemma="eightieth">eightieth</w>
<w type="NN" lemma="birthday">birthday</w>
<pc type="sub">,</pc>
<w type="PP" lemma="I">I</w>
<w type="RB" lemma="especially">especially</w>
<w type="VVP" lemma="value">value</w>
<w type="DT" lemma="the">the</w>
<w type="NNS" lemma="opportunity">opportunities</w>
<w type="PP" lemma="I">I</w>
<w type="VHP" lemma="have">have</w>
<w type="VHD" lemma="have">had</w>
<w type="TO" lemma="to">to</w>
<w type="VV" lemma="meet">meet</w>
<w type="JJ" lemma="young">young</w>
<w type="NNS" lemma="people">people</w>
<pc type="SENT">.</pc>
</s>
<s><w type="PP" lemma="I">I</w>
<w type="VBP" lemma="am">am</w>
<w type="VVN" lemma="impress">impressed</w>
<w type="IN" lemma="by">by</w>
<w type="PPs" lemma="their">their</w>
<w type="NN" lemma="energy">energy</w>
<w type="CC" lemma="and">and</w>
<w type="NN" lemma="vitality">vitality</w>
<pc type="sub">,</pc>
<w type="CC" lemma="and">and</w>
<w type="IN" lemma="by">by</w>
<w type="PPs" lemma="their">their</w>
<w type="NN" lemma="ambition">ambition</w>
<w type="TO" lemma="to">to</w>
<w type="VV" lemma="learn">learn</w>
<w type="CC" lemma="and">and</w>
<w type="TO" lemma="to">to</w>
<w type="VV" lemma="travel">travel</w>
<pc type="SENT">.</pc>
</s></p><p><s><w type="PP" lemma="it">It</w>
<w type="VVZ" lemma="make">makes</w>
<w type="PP" lemma="me">me</w>
<w type="VVP" lemma="wonder">wonder</w>
<w type="WP" lemma="what">what</w>
<w type="NN" lemma="contribution">contribution</w>
<w type="JJR" lemma="old">older</w>
<w type="NNS" lemma="people">people</w>
<w type="MD" lemma="can">can</w>
<w type="VV" lemma="make">make</w>
<w type="TO" lemma="to">to</w>
<w type="VV" lemma="help">help</w>
<w type="PP" lemma="them">them</w>
<w type="VV" lemma="realise">realise</w>
<w type="PPs" lemma="their">their</w>
<w type="NNS" lemma="ambition">ambitions</w>
<pc type="SENT">.</pc>
</s>
<s><w type="PP" lemma="I">I</w>
<w type="VBP" lemma="am">am</w>
<w type="VVN" lemma="remind">reminded</w>
<w type="IN" lemma="of">of</w>
<w type="DT" lemma="a">a</w>
<w type="NN" lemma="lady">lady</w>
<w type="IN" lemma="of">of</w>
<w type="IN" lemma="about">about</w>
<w type="PPs" lemma="my">my</w>
<w type="NN" lemma="age">age</w>
<w type="WP" lemma="who">who</w>
<w type="VBD" lemma="be">was</w>
<w type="VVN" lemma="ask">asked</w>
<w type="IN" lemma="by">by</w>
<w type="DT" lemma="an">an</w>
<w type="NN" lemma="earnest">earnest</w>
<pc type="sub">,</pc>
<w type="RB" lemma="little">little</w>
<w type="JJR" lemma="XXXX">grand-daughter</w>
<w type="DT" lemma="the">the</w>
<w type="JJ" lemma="other">other</w>
<w type="NN" lemma="day">day</w>
<pc type="oq">"</pc>
<w type="NP" lemma="Granny">Granny</w>
<pc type="sub">,</pc>
<w type="MD" lemma="can">can</w>
<w type="PP" lemma="you">you</w>
<w type="VV" lemma="remember">remember</w>
<w type="DT" lemma="the">the</w>
<w type="NP" lemma="Stone">Stone</w>
<w type="NP" lemma="Age">Age</w>
<pc type="SENT">?</pc>
<pc type="oq">"</pc>
<w type="IN" lemma="whilst">Whilst</w>
<w type="WDT" lemma="that">that</w>
<w type="MD" lemma="may">may</w>
<w type="VB" lemma="be">be</w>
<w type="VVG" lemma="go">going</w>
<w type="DT" lemma="a">a</w>
<w type="NN" lemma="bit">bit</w>
<w type="RB" lemma="far">far</w>
<pc type="sub">,</pc>
<w type="DT" lemma="the">the</w>
<w type="JJR" lemma="old">older</w>
<w type="NN" lemma="generation">generation</w>
<w type="VBP" lemma="are">are</w>
<w type="JJ" lemma="able">able</w>
<w type="TO" lemma="to">to</w>
<w type="VV" lemma="give">give</w>
<w type="DT" lemma="a">a</w>
<w type="NN" lemma="sense">sense</w>
<w type="IN" lemma="of">of</w>
<w type="NN" lemma="context">context</w>
<w type="RB" lemma="as">as</w>
<w type="RB" lemma="well">well</w>
<w type="IN" lemma="as">as</w>
<w type="DT" lemma="the">the</w>
<w type="NN" lemma="wisdom">wisdom</w>
<w type="IN" lemma="of">of</w>
<w type="NN" lemma="experience">experience</w>
<w type="WDT" lemma="which">which</w>
<w type="MD" lemma="can">can</w>
<w type="VB" lemma="be">be</w>
<w type="JJ" lemma="invaluable">invaluable</w>
<pc type="SENT">.</pc>
</s>
<s><w type="JJ" lemma="such">Such</w>
<w type="NN" lemma="advice">advice</w>
<w type="CC" lemma="and">and</w>
<w type="NN" lemma="comfort">comfort</w>
<w type="VBP" lemma="are">are</w>
<w type="RB" lemma="probably">probably</w>
<w type="VVN" lemma="need">needed</w>
<w type="RBR" lemma="more">more</w>
<w type="RB" lemma="often">often</w>
<w type="IN" lemma="than">than</w>
<w type="JJR" lemma="young">younger</w>
<w type="NNS" lemma="people">people</w>
<w type="VVP" lemma="admit">admit</w>
<w type="CC" lemma="or">or</w>
<w type="JJR" lemma="old">older</w>
<w type="NNS" lemma="people">people</w>
<w type="VV" lemma="recognise">recognise</w>
<pc type="SENT">.</pc>
</s>
<s><w type="PP" lemma="I">I</w>
<w type="VVP" lemma="hope">hope</w>
<w type="IN" lemma="that">that</w>
<w type="DT" lemma="this">this</w>
<w type="VBZ" lemma="be">is</w>
<w type="NN" lemma="something">something</w>
<w type="IN" lemma="that">that</w>
<w type="DT" lemma="all">all</w>
<w type="IN" lemma="of">of</w>
<w type="PP" lemma="us">us</w>
<pc type="sub">,</pc>
<w type="JJ" lemma="young">young</w>
<w type="CC" lemma="or">or</w>
<w type="JJ" lemma="old">old</w>
<pc type="sub">,</pc>
<w type="MD" lemma="can">can</w>
<w type="VV" lemma="reflect">reflect</w>
<w type="IN" lemma="on">on</w>
<w type="IN" lemma="at">at</w>
<w type="DT" lemma="this">this</w>
<w type="JJ" lemma="special">special</w>
<w type="NN" lemma="time">time</w>
<w type="IN" lemma="of">of</w>
<w type="NN" lemma="year">year</w>
<pc type="SENT">.</pc>
</s></p><p><s><w type="IN" lemma="for">For</w>
<w type="NNS" lemma="Christian">Christians</w>
<pc type="sub">,</pc>
<w type="NP" lemma="Christmas">Christmas</w>
<w type="VVZ" lemma="mark">marks</w>
<w type="DT" lemma="the">the</w>
<w type="NN" lemma="birth">birth</w>
<w type="IN" lemma="of">of</w>
<w type="PPs" lemma="our">our</w>
<w type="NP" lemma="XXXX">Saviour</w>
<pc type="sub">,</pc>
<w type="CC" lemma="but">but</w>
<w type="PP" lemma="it">it</w>
<w type="VBZ" lemma="be">is</w>
<w type="RB" lemma="also">also</w>
<w type="DT" lemma="a">a</w>
<w type="JJ" lemma="wonderful">wonderful</w>
<w type="NN" lemma="occasion">occasion</w>
<w type="TO" lemma="to">to</w>
<w type="VV" lemma="bring">bring</w>
<w type="DT" lemma="the">the</w>
<w type="NNS" lemma="generation">generations</w>
<w type="RB" lemma="together">together</w>
<w type="IN" lemma="in">in</w>
<w type="DT" lemma="a">a</w>
<w type="VVN" lemma="share">shared</w>
<w type="NN" lemma="festival">festival</w>
<w type="IN" lemma="of">of</w>
<w type="NN" lemma="peace">peace</w>
<pc type="sub">,</pc>
<w type="NN" lemma="tolerance">tolerance</w>
<w type="CC" lemma="and">and</w>
<w type="NN" lemma="goodwill">goodwill</w>
<pc type="SENT">.</pc>
</s></p><p><s><w type="PP" lemma="I">I</w>
<w type="VVP" lemma="wish">wish</w>
<w type="PP" lemma="you">you</w>
<w type="PDT" lemma="all">all</w>
<w type="DT" lemma="a">a</w>
<w type="RB" lemma="very">very</w>
<w type="JJ" lemma="happy">happy</w>
<w type="NP" lemma="Christmas">Christmas</w>
<w type="RB" lemma="together">together</w>
<pc type="SENT">.</pc>
</s></p></div>