<div xmlns='http://www.tei-c.org/ns/1.0' n="2008"><head><s><w type="NP" lemma="Christmas">Christmas</w>
<w type="NP" lemma="Broadcast">Broadcast</w>
<w type="CD" lemma="@card@">2008</w>
</s></head><p><s><w type="NNS" lemma="people">People</w>
<w type="VBP" lemma="are">are</w>
<w type="VVN" lemma="touch">touched</w>
<w type="IN" lemma="by">by</w>
<w type="NNS" lemma="event">events</w>
<w type="WDT" lemma="which">which</w>
<w type="VHP" lemma="have">have</w>
<w type="PPs" lemma="their">their</w>
<w type="NNS" lemma="root">roots</w>
<w type="RB" lemma="far">far</w>
<w type="IN" lemma="across">across</w>
<w type="DT" lemma="the">the</w>
<w type="NN" lemma="world">world</w>
<pc type="SENT">.</pc>
</s>
<s><w type="IN" lemma="whether">Whether</w>
<w type="PP" lemma="it">it</w>
<w type="VBZ" lemma="be">is</w>
<w type="DT" lemma="the">the</w>
<w type="JJ" lemma="global">global</w>
<w type="NN" lemma="economy">economy</w>
<w type="CC" lemma="or">or</w>
<w type="NN" lemma="violence">violence</w>
<w type="IN" lemma="in">in</w>
<w type="DT" lemma="a">a</w>
<w type="JJ" lemma="distant">distant</w>
<w type="NN" lemma="land">land</w>
<pc type="sub">,</pc>
<w type="DT" lemma="the">the</w>
<w type="NNS" lemma="effect">effects</w>
<w type="MD" lemma="can">can</w>
<w type="VB" lemma="be">be</w>
<w type="RB" lemma="keenly">keenly</w>
<w type="VVN" lemma="feel">felt</w>
<w type="IN" lemma="at">at</w>
<w type="NN" lemma="home">home</w>
<pc type="SENT">.</pc>
</s>
<s><w type="RB" lemma="once">Once</w>
<w type="RB" lemma="again">again</w>
<pc type="sub">,</pc>
<w type="JJ" lemma="many">many</w>
<w type="IN" lemma="of">of</w>
<w type="PPs" lemma="our">our</w>
<w type="NN" lemma="service">service</w>
<w type="NNS" lemma="man">men</w>
<w type="CC" lemma="and">and</w>
<w type="NNS" lemma="woman">women</w>
<w type="VBP" lemma="are">are</w>
<w type="VVG" lemma="serve">serving</w>
<w type="IN" lemma="on">on</w>
<w type="NNS" lemma="operation">operations</w>
<w type="IN" lemma="in">in</w>
<w type="JJ" lemma="common">common</w>
<w type="NN" lemma="cause">cause</w>
<w type="TO" lemma="to">to</w>
<w type="VV" lemma="bring">bring</w>
<w type="NN" lemma="peace">peace</w>
<w type="CC" lemma="and">and</w>
<w type="NN" lemma="security">security</w>
<w type="TO" lemma="to">to</w>
<w type="JJ" lemma="troubled">troubled</w>
<w type="NNS" lemma="place">places</w>
<pc type="SENT">.</pc>
</s></p><p><s><w type="IN" lemma="in">In</w>
<w type="DT" lemma="this">this</w>
<w type="JJ" lemma="ninetieth">ninetieth</w>
<w type="NN" lemma="year">year</w>
<w type="IN" lemma="since">since</w>
<w type="DT" lemma="the">the</w>
<w type="NN" lemma="end">end</w>
<w type="IN" lemma="of">of</w>
<w type="DT" lemma="the">the</w>
<w type="NP" lemma="First">First</w>
<w type="NP" lemma="World">World</w>
<w type="NP" lemma="War">War</w>
<pc type="sub">,</pc>
<w type="DT" lemma="the">the</w>
<w type="JJ" lemma="last">last</w>
<w type="NNS" lemma="survivor">survivors</w>
<w type="RB" lemma="recently">recently</w>
<w type="VVD" lemma="commemorate">commemorated</w>
<w type="DT" lemma="the">the</w>
<w type="NN" lemma="service">service</w>
<w type="CC" lemma="and">and</w>
<w type="JJ" lemma="enormous">enormous</w>
<w type="NN" lemma="sacrifice">sacrifice</w>
<w type="IN" lemma="of">of</w>
<w type="PPs" lemma="their">their</w>
<w type="JJ" lemma="own">own</w>
<w type="NN" lemma="generation">generation</w>
<pc type="SENT">.</pc>
</s>
<s><w type="PPs" lemma="their">Their</w>
<w type="NNS" lemma="successor">successors</w>
<w type="IN" lemma="in">in</w>
<w type="NNS" lemma="theatre">theatres</w>
<w type="JJ" lemma="such">such</w>
<w type="IN" lemma="as">as</w>
<w type="NP" lemma="Iraq">Iraq</w>
<w type="CC" lemma="and">and</w>
<w type="NP" lemma="Afghanistan">Afghanistan</w>
<w type="VBP" lemma="are">are</w>
<w type="RB" lemma="still">still</w>
<w type="TO" lemma="to">to</w>
<w type="VB" lemma="be">be</w>
<w type="VVN" lemma="find">found</w>
<w type="IN" lemma="in">in</w>
<w type="NNS" lemma="harm">harms</w>
<w type="NN" lemma="way">way</w>
<w type="IN" lemma="in">in</w>
<w type="DT" lemma="the">the</w>
<w type="NN" lemma="service">service</w>
<w type="IN" lemma="of">of</w>
<w type="NNS" lemma="other">others</w>
<pc type="SENT">.</pc>
</s>
<s><w type="IN" lemma="for">For</w>
<w type="PPs" lemma="their">their</w>
<w type="VVN" lemma="love">loved</w>
<w type="NNS" lemma="one">ones</w>
<pc type="sub">,</pc>
<w type="DT" lemma="the">the</w>
<w type="NN" lemma="worry">worry</w>
<w type="MD" lemma="will">will</w>
<w type="RB" lemma="never">never</w>
<w type="VV" lemma="cease">cease</w>
<w type="IN" lemma="until">until</w>
<w type="PP" lemma="they">they</w>
<w type="VBP" lemma="are">are</w>
<w type="RB" lemma="safely">safely</w>
<w type="RB" lemma="home">home</w>
<pc type="SENT">.</pc>
</s></p><p><s><w type="IN" lemma="in">In</w>
<w type="JJ" lemma="such">such</w>
<w type="NNS" lemma="time">times</w>
<w type="IN" lemma="as">as</w>
<w type="DT" lemma="these">these</w>
<w type="PP" lemma="we">we</w>
<w type="MD" lemma="can">can</w>
<w type="RB" lemma="all">all</w>
<w type="VV" lemma="learn">learn</w>
<w type="DT" lemma="some">some</w>
<w type="NNS" lemma="lesson">lessons</w>
<w type="IN" lemma="from">from</w>
<w type="DT" lemma="the">the</w>
<w type="NN" lemma="past">past</w>
<pc type="SENT">.</pc>
</s>
<s><w type="PP" lemma="we">We</w>
<w type="MD" lemma="might">might</w>
<w type="VV" lemma="begin">begin</w>
<w type="TO" lemma="to">to</w>
<w type="VV" lemma="see">see</w>
<w type="NNS" lemma="thing">things</w>
<w type="IN" lemma="in">in</w>
<w type="DT" lemma="a">a</w>
<w type="JJ" lemma="new">new</w>
<w type="NN" lemma="perspective">perspective</w>
<pc type="SENT">.</pc>
</s>
<s><w type="CC" lemma="and">And</w>
<w type="RB" lemma="certainly">certainly</w>
<pc type="sub">,</pc>
<w type="PP" lemma="we">we</w>
<w type="VVP" lemma="begin">begin</w>
<w type="TO" lemma="to">to</w>
<w type="VV" lemma="ask">ask</w>
<w type="PP" lemma="ourselves">ourselves</w>
<w type="WRB" lemma="where">where</w>
<w type="PP" lemma="it">it</w>
<w type="VBZ" lemma="be">is</w>
<w type="IN" lemma="that">that</w>
<w type="PP" lemma="we">we</w>
<w type="MD" lemma="can">can</w>
<w type="VV" lemma="find">find</w>
<w type="JJ" lemma="lasting">lasting</w>
<w type="NN" lemma="happiness">happiness</w>
<pc type="SENT">.</pc>
</s></p><p><s><w type="IN" lemma="over">Over</w>
<w type="DT" lemma="the">the</w>
<w type="NNS" lemma="year">years</w>
<pc type="sub">,</pc>
<w type="DT" lemma="those">those</w>
<w type="WP" lemma="who">who</w>
<w type="VHP" lemma="have">have</w>
<w type="VVN" lemma="seem">seemed</w>
<w type="TO" lemma="to">to</w>
<w type="PP" lemma="me">me</w>
<w type="TO" lemma="to">to</w>
<w type="VB" lemma="be">be</w>
<w type="DT" lemma="the">the</w>
<w type="RBS" lemma="most">most</w>
<w type="JJ" lemma="happy">happy</w>
<pc type="sub">,</pc>
<w type="JJ" lemma="contented">contented</w>
<w type="CC" lemma="and">and</w>
<w type="VVN" lemma="fulfill">fulfilled</w>
<w type="VHP" lemma="have">have</w>
<w type="RB" lemma="always">always</w>
<w type="VBN" lemma="be">been</w>
<w type="DT" lemma="the">the</w>
<w type="NNS" lemma="people">people</w>
<w type="WP" lemma="who">who</w>
<w type="VHP" lemma="have">have</w>
<w type="VVN" lemma="live">lived</w>
<w type="DT" lemma="the">the</w>
<w type="RBS" lemma="most">most</w>
<w type="JJ" lemma="outgoing">outgoing</w>
<w type="CC" lemma="and">and</w>
<w type="JJ" lemma="unselfish">unselfish</w>
<w type="NNS" lemma="life">lives</w>
<pc type="sub">;</pc>
<w type="DT" lemma="the">the</w>
<w type="NN" lemma="kind">kind</w>
<w type="IN" lemma="of">of</w>
<w type="NNS" lemma="people">people</w>
<w type="WP" lemma="who">who</w>
<w type="VBP" lemma="are">are</w>
<w type="JJ" lemma="generous">generous</w>
<w type="IN" lemma="with">with</w>
<w type="PPs" lemma="their">their</w>
<w type="NNS" lemma="talent">talents</w>
<w type="CC" lemma="or">or</w>
<w type="PPs" lemma="their">their</w>
<w type="NN" lemma="time">time</w>
<pc type="SENT">.</pc>
</s>
<s><w type="EX" lemma="There">There</w>
<w type="VBP" lemma="are">are</w>
<w type="DT" lemma="those">those</w>
<w type="WP" lemma="who">who</w>
<w type="VVP" lemma="use">use</w>
<w type="PPs" lemma="their">their</w>
<w type="NN" lemma="prosperity">prosperity</w>
<w type="CC" lemma="or">or</w>
<w type="JJ" lemma="good">good</w>
<w type="NN" lemma="fortune">fortune</w>
<w type="IN" lemma="for">for</w>
<w type="DT" lemma="the">the</w>
<w type="NN" lemma="benefit">benefit</w>
<w type="IN" lemma="of">of</w>
<w type="NNS" lemma="other">others</w>
<w type="IN" lemma="whether">whether</w>
<w type="PP" lemma="they">they</w>
<w type="NN" lemma="number">number</w>
<w type="IN" lemma="among">among</w>
<w type="DT" lemma="the">the</w>
<w type="JJ" lemma="great">great</w>
<w type="NNS" lemma="philanthropist">philanthropists</w>
<w type="CC" lemma="or">or</w>
<w type="VBP" lemma="are">are</w>
<w type="NNS" lemma="people">people</w>
<w type="WP" lemma="who">who</w>
<pc type="sub">,</pc>
<w type="IN" lemma="with">with</w>
<w type="WDT" lemma="whatever">whatever</w>
<w type="PP" lemma="they">they</w>
<w type="VHP" lemma="have">have</w>
<pc type="sub">,</pc>
<w type="RB" lemma="simply">simply</w>
<w type="VHP" lemma="have">have</w>
<w type="DT" lemma="a">a</w>
<w type="NN" lemma="desire">desire</w>
<w type="TO" lemma="to">to</w>
<w type="VV" lemma="help">help</w>
<w type="DT" lemma="those">those</w>
<w type="RBR" lemma="less">less</w>
<w type="JJ" lemma="fortunate">fortunate</w>
<w type="IN" lemma="than">than</w>
<w type="PP" lemma="themselves">themselves</w>
<pc type="SENT">.</pc>
</s></p><p><s><w type="WP" lemma="What">What</w>
<w type="PP" lemma="they">they</w>
<w type="VVP" lemma="offer">offer</w>
<w type="VVZ" lemma="come">comes</w>
<w type="IN" lemma="in">in</w>
<w type="DT" lemma="the">the</w>
<w type="NN" lemma="form">form</w>
<w type="IN" lemma="of">of</w>
<w type="WP" lemma="what">what</w>
<w type="MD" lemma="can">can</w>
<w type="RB" lemma="easily">easily</w>
<w type="VB" lemma="be">be</w>
<w type="VVN" lemma="recognise">recognised</w>
<w type="IN" lemma="as">as</w>
<w type="NN" lemma="service">service</w>
<w type="TO" lemma="to">to</w>
<w type="DT" lemma="the">the</w>
<w type="NN" lemma="nation">nation</w>
<w type="CC" lemma="or">or</w>
<w type="NN" lemma="service">service</w>
<w type="TO" lemma="to">to</w>
<w type="DT" lemma="the">the</w>
<w type="JJR" lemma="wide">wider</w>
<w type="NN" lemma="community">community</w>
<pc type="SENT">.</pc>
</s>
<s><w type="RB" lemma="as">As</w>
<w type="RB" lemma="often">often</w>
<w type="IN" lemma="as">as</w>
<w type="RB" lemma="not">not</w>
<w type="RB" lemma="however">however</w>
<pc type="sub">,</pc>
<w type="PPs" lemma="their">their</w>
<w type="NN" lemma="unselfishness">unselfishness</w>
<w type="VBZ" lemma="be">is</w>
<w type="DT" lemma="a">a</w>
<w type="JJ" lemma="XXXX">simply-taken-for-granted</w>
<w type="NN" lemma="part">part</w>
<w type="IN" lemma="of">of</w>
<w type="DT" lemma="the">the</w>
<w type="NN" lemma="life">life</w>
<w type="IN" lemma="of">of</w>
<w type="PPs" lemma="their">their</w>
<w type="NN" lemma="family">family</w>
<w type="CC" lemma="or">or</w>
<w type="NN" lemma="neighbourhood">neighbourhood</w>
<pc type="SENT">.</pc>
</s></p><p><s><w type="PP" lemma="they">They</w>
<w type="VVP" lemma="tend">tend</w>
<w type="TO" lemma="to">to</w>
<w type="VH" lemma="have">have</w>
<w type="DT" lemma="some">some</w>
<w type="NN" lemma="sense">sense</w>
<w type="IN" lemma="that">that</w>
<w type="NN" lemma="life">life</w>
<w type="PP" lemma="itself">itself</w>
<w type="VBZ" lemma="be">is</w>
<w type="JJ" lemma="full">full</w>
<w type="IN" lemma="of">of</w>
<w type="NNS" lemma="blessing">blessings</w>
<pc type="sub">,</pc>
<w type="CC" lemma="and">and</w>
<w type="VBZ" lemma="be">is</w>
<w type="DT" lemma="a">a</w>
<w type="JJ" lemma="precious">precious</w>
<w type="NN" lemma="gift">gift</w>
<w type="IN" lemma="for">for</w>
<w type="WDT" lemma="which">which</w>
<w type="PP" lemma="we">we</w>
<w type="MD" lemma="should">should</w>
<w type="VB" lemma="be">be</w>
<w type="JJ" lemma="thankful">thankful</w>
<pc type="SENT">.</pc>
</s>
<s><w type="WRB" lemma="when">When</w>
<w type="NN" lemma="life">life</w>
<w type="VVZ" lemma="seem">seems</w>
<w type="RB" lemma="hard">hard</w>
<pc type="sub">,</pc>
<w type="DT" lemma="the">the</w>
<w type="JJ" lemma="courageous">courageous</w>
<w type="VVP" lemma="do">do</w>
<w type="RB" lemma="not">not</w>
<w type="VV" lemma="lie">lie</w>
<w type="RP" lemma="down">down</w>
<w type="CC" lemma="and">and</w>
<w type="VV" lemma="accept">accept</w>
<w type="NN" lemma="defeat">defeat</w>
<pc type="sub">;</pc>
<w type="RB" lemma="instead">instead</w>
<pc type="sub">,</pc>
<w type="PP" lemma="they">they</w>
<w type="VBP" lemma="are">are</w>
<w type="RB" lemma="all">all</w>
<w type="DT" lemma="the">the</w>
<w type="RBR" lemma="more">more</w>
<w type="VVN" lemma="determine">determined</w>
<w type="TO" lemma="to">to</w>
<w type="VV" lemma="struggle">struggle</w>
<w type="IN" lemma="for">for</w>
<w type="DT" lemma="a">a</w>
<w type="JJR" lemma="good">better</w>
<w type="NN" lemma="future">future</w>
<pc type="SENT">.</pc>
</s></p><p><s><w type="PP" lemma="I">I</w>
<w type="VVP" lemma="think">think</w>
<w type="PP" lemma="we">we</w>
<w type="VHP" lemma="have">have</w>
<w type="DT" lemma="a">a</w>
<w type="JJ" lemma="huge">huge</w>
<w type="NN" lemma="amount">amount</w>
<w type="TO" lemma="to">to</w>
<w type="VV" lemma="learn">learn</w>
<w type="IN" lemma="from">from</w>
<w type="NNS" lemma="individual">individuals</w>
<w type="JJ" lemma="such">such</w>
<w type="IN" lemma="as">as</w>
<w type="DT" lemma="these">these</w>
<pc type="SENT">.</pc>
</s>
<s><w type="CC" lemma="and">And</w>
<w type="WP" lemma="what">what</w>
<w type="PP" lemma="I">I</w>
<w type="VVP" lemma="believe">believe</w>
<w type="JJ" lemma="many">many</w>
<w type="IN" lemma="of">of</w>
<w type="PP" lemma="us">us</w>
<w type="NN" lemma="share">share</w>
<w type="IN" lemma="with">with</w>
<w type="PP" lemma="them">them</w>
<w type="VBZ" lemma="be">is</w>
<w type="DT" lemma="a">a</w>
<w type="NN" lemma="source">source</w>
<w type="IN" lemma="of">of</w>
<w type="NN" lemma="strength">strength</w>
<w type="CC" lemma="and">and</w>
<w type="NN" lemma="peace">peace</w>
<w type="IN" lemma="of">of</w>
<w type="NN" lemma="mind">mind</w>
<w type="IN" lemma="in">in</w>
<w type="PPs" lemma="our">our</w>
<w type="NNS" lemma="family">families</w>
<w type="CC" lemma="and">and</w>
<w type="NNS" lemma="friend">friends</w>
<pc type="SENT">.</pc>
</s>
<s><w type="RB" lemma="indeed">Indeed</w>
<pc type="sub">,</pc>
<w type="NP" lemma="Prince">Prince</w>
<w type="NP" lemma="Philip">Philip</w>
<w type="CC" lemma="and">and</w>
<w type="PP" lemma="I">I</w>
<w type="MD" lemma="can">can</w>
<w type="VV" lemma="reflect">reflect</w>
<w type="IN" lemma="on">on</w>
<w type="DT" lemma="the">the</w>
<w type="NN" lemma="blessing">blessing</w>
<pc type="sub">,</pc>
<w type="NN" lemma="comfort">comfort</w>
<w type="CC" lemma="and">and</w>
<w type="VV" lemma="support">support</w>
<w type="PP" lemma="we">we</w>
<w type="VHP" lemma="have">have</w>
<w type="VVN" lemma="gain">gained</w>
<w type="IN" lemma="from">from</w>
<w type="PPs" lemma="our">our</w>
<w type="JJ" lemma="own">own</w>
<w type="NN" lemma="family">family</w>
<w type="IN" lemma="in">in</w>
<w type="DT" lemma="this">this</w>
<w type="JJ" lemma="special">special</w>
<w type="NN" lemma="year">year</w>
<w type="IN" lemma="for">for</w>
<w type="PPs" lemma="our">our</w>
<w type="NN" lemma="son">son</w>
<pc type="sub">,</pc>
<w type="DT" lemma="the">The</w>
<w type="NP" lemma="Prince">Prince</w>
<w type="IN" lemma="of">of</w>
<w type="NP" lemma="Wales">Wales</w>
<pc type="SENT">.</pc>
</s></p><p><s><w type="CD" lemma="Sixty">Sixty</w>
<w type="NNS" lemma="year">years</w>
<w type="RB" lemma="ago">ago</w>
<pc type="sub">,</pc>
<w type="PP" lemma="he">he</w>
<w type="VBD" lemma="be">was</w>
<w type="VVN" lemma="baptise">baptised</w>
<w type="RB" lemma="here">here</w>
<w type="IN" lemma="in">in</w>
<w type="DT" lemma="the">the</w>
<w type="NP" lemma="Music">Music</w>
<w type="NP" lemma="Room">Room</w>
<w type="IN" lemma="at">at</w>
<w type="NP" lemma="Buckingham">Buckingham</w>
<w type="NP" lemma="Palace">Palace</w>
<pc type="SENT">.</pc>
</s>
<s><w type="IN" lemma="as">As</w>
<w type="NNS" lemma="parent">parents</w>
<w type="CC" lemma="and">and</w>
<w type="NNS" lemma="grandparent">grandparents</w>
<pc type="sub">,</pc>
<w type="PP" lemma="we">we</w>
<w type="VVP" lemma="feel">feel</w>
<w type="JJ" lemma="great">great</w>
<w type="NN" lemma="pride">pride</w>
<w type="IN" lemma="in">in</w>
<w type="VVG" lemma="see">seeing</w>
<w type="PPs" lemma="our">our</w>
<w type="NN" lemma="family">family</w>
<w type="VV" lemma="make">make</w>
<w type="PPs" lemma="their">their</w>
<w type="JJ" lemma="own">own</w>
<w type="JJ" lemma="unique">unique</w>
<w type="NNS" lemma="contribution">contributions</w>
<w type="TO" lemma="to">to</w>
<w type="NN" lemma="society">society</w>
<pc type="SENT">.</pc>
</s>
<s><w type="IN" lemma="through">Through</w>
<w type="PPs" lemma="his">his</w>
<w type="NNS" lemma="charity">charities</w>
<pc type="sub">,</pc>
<w type="DT" lemma="the">The</w>
<w type="NP" lemma="Prince">Prince</w>
<w type="IN" lemma="of">of</w>
<w type="NP" lemma="Wales">Wales</w>
<w type="VHZ" lemma="have">has</w>
<w type="VVN" lemma="work">worked</w>
<w type="TO" lemma="to">to</w>
<w type="VV" lemma="support">support</w>
<w type="JJ" lemma="young">young</w>
<w type="NNS" lemma="people">people</w>
<w type="CC" lemma="and">and</w>
<w type="JJ" lemma="other">other</w>
<w type="NNS" lemma="cause">causes</w>
<w type="IN" lemma="for">for</w>
<w type="DT" lemma="the">the</w>
<w type="NN" lemma="benefit">benefit</w>
<w type="IN" lemma="of">of</w>
<w type="DT" lemma="the">the</w>
<w type="JJR" lemma="wide">wider</w>
<w type="NN" lemma="community">community</w>
<pc type="sub">,</pc>
<w type="CC" lemma="and">and</w>
<w type="RB" lemma="now">now</w>
<w type="PPs" lemma="his">his</w>
<w type="NNS" lemma="son">sons</w>
<w type="VBP" lemma="are">are</w>
<w type="VVG" lemma="follow">following</w>
<w type="IN" lemma="in">in</w>
<w type="PPs" lemma="his">his</w>
<w type="NNS" lemma="footstep">footsteps</w>
<pc type="SENT">.</pc>
</s></p><p><s><w type="IN" lemma="at">At</w>
<w type="NP" lemma="Christmas">Christmas</w>
<pc type="sub">,</pc>
<w type="PP" lemma="we">we</w>
<w type="VVP" lemma="feel">feel</w>
<w type="RB" lemma="very">very</w>
<w type="JJ" lemma="fortunate">fortunate</w>
<w type="TO" lemma="to">to</w>
<w type="VH" lemma="have">have</w>
<w type="PPs" lemma="our">our</w>
<w type="NN" lemma="family">family</w>
<w type="IN" lemma="around">around</w>
<w type="PP" lemma="us">us</w>
<pc type="SENT">.</pc>
</s>
<s><w type="CC" lemma="but">But</w>
<w type="IN" lemma="for">for</w>
<w type="JJ" lemma="many">many</w>
<w type="IN" lemma="of">of</w>
<w type="PP" lemma="you">you</w>
<pc type="sub">,</pc>
<w type="DT" lemma="this">this</w>
<w type="NP" lemma="Christmas">Christmas</w>
<w type="MD" lemma="will">will</w>
<w type="VV" lemma="mean">mean</w>
<w type="NN" lemma="separation">separation</w>
<w type="IN" lemma="from">from</w>
<w type="VVN" lemma="love">loved</w>
<w type="NNS" lemma="one">ones</w>
<w type="CC" lemma="and">and</w>
<w type="RB" lemma="perhaps">perhaps</w>
<w type="NN" lemma="reflection">reflection</w>
<w type="IN" lemma="on">on</w>
<w type="DT" lemma="the">the</w>
<w type="NNS" lemma="memory">memories</w>
<w type="IN" lemma="of">of</w>
<w type="DT" lemma="those">those</w>
<w type="RB" lemma="no">no</w>
<w type="JJR" lemma="long">longer</w>
<w type="IN" lemma="with">with</w>
<w type="PP" lemma="us">us</w>
<pc type="SENT">.</pc>
</s></p><p><s><w type="PP" lemma="I">I</w>
<w type="VVP" lemma="hope">hope</w>
<w type="IN" lemma="that">that</w>
<pc type="sub">,</pc>
<w type="IN" lemma="like">like</w>
<w type="PP" lemma="me">me</w>
<pc type="sub">,</pc>
<w type="PP" lemma="you">you</w>
<w type="MD" lemma="will">will</w>
<w type="VB" lemma="be">be</w>
<w type="VVN" lemma="comfort">comforted</w>
<w type="IN" lemma="by">by</w>
<w type="DT" lemma="the">the</w>
<w type="NN" lemma="example">example</w>
<w type="IN" lemma="of">of</w>
<w type="NP" lemma="Jesus">Jesus</w>
<w type="IN" lemma="of">of</w>
<w type="NP" lemma="Nazareth">Nazareth</w>
<w type="WP" lemma="who">who</w>
<pc type="sub">,</pc>
<w type="RB" lemma="often">often</w>
<w type="IN" lemma="in">in</w>
<w type="NNS" lemma="circumstance">circumstances</w>
<w type="IN" lemma="of">of</w>
<w type="JJ" lemma="great">great</w>
<w type="NN" lemma="adversity">adversity</w>
<pc type="sub">,</pc>
<w type="VVD" lemma="manage">managed</w>
<w type="TO" lemma="to">to</w>
<w type="VV" lemma="live">live</w>
<w type="DT" lemma="an">an</w>
<w type="JJ" lemma="outgoing">outgoing</w>
<pc type="sub">,</pc>
<w type="JJ" lemma="unselfish">unselfish</w>
<w type="CC" lemma="and">and</w>
<w type="JJ" lemma="sacrificial">sacrificial</w>
<w type="NN" lemma="life">life</w>
<pc type="SENT">.</pc>
</s>
<s><w type="JJ" lemma="countless">Countless</w>
<w type="NNS" lemma="million">millions</w>
<w type="IN" lemma="of">of</w>
<w type="NNS" lemma="people">people</w>
<w type="IN" lemma="around">around</w>
<w type="DT" lemma="the">the</w>
<w type="NN" lemma="world">world</w>
<w type="VVP" lemma="continue">continue</w>
<w type="TO" lemma="to">to</w>
<w type="VV" lemma="celebrate">celebrate</w>
<w type="PPs" lemma="his">his</w>
<w type="NN" lemma="birthday">birthday</w>
<w type="IN" lemma="at">at</w>
<w type="NP" lemma="Christmas">Christmas</w>
<pc type="sub">,</pc>
<w type="VVN" lemma="inspire">inspired</w>
<w type="IN" lemma="by">by</w>
<w type="PPs" lemma="his">his</w>
<w type="NN" lemma="teaching">teaching</w>
<pc type="SENT">.</pc>
</s>
<s><w type="PP" lemma="he">He</w>
<w type="VVZ" lemma="make">makes</w>
<w type="PP" lemma="it">it</w>
<w type="JJ" lemma="clear">clear</w>
<w type="IN" lemma="that">that</w>
<w type="JJ" lemma="genuine">genuine</w>
<w type="JJ" lemma="human">human</w>
<w type="NN" lemma="happiness">happiness</w>
<w type="CC" lemma="and">and</w>
<w type="NN" lemma="satisfaction">satisfaction</w>
<w type="VVP" lemma="lie">lie</w>
<w type="RBR" lemma="more">more</w>
<w type="IN" lemma="in">in</w>
<w type="VVG" lemma="give">giving</w>
<w type="IN" lemma="than">than</w>
<w type="VVG" lemma="receive">receiving</w>
<pc type="sub">;</pc>
<w type="RBR" lemma="more">more</w>
<w type="IN" lemma="in">in</w>
<w type="VVG" lemma="serve">serving</w>
<w type="IN" lemma="than">than</w>
<w type="RB" lemma="in">in</w>
<w type="VBG" lemma="be">being</w>
<w type="VVN" lemma="serve">served</w>
<pc type="SENT">.</pc>
</s></p><p><s><w type="PP" lemma="we">We</w>
<w type="MD" lemma="can">can</w>
<w type="RB" lemma="surely">surely</w>
<w type="VB" lemma="be">be</w>
<w type="JJ" lemma="grateful">grateful</w>
<w type="IN" lemma="that">that</w>
<pc type="sub">,</pc>
<w type="CD" lemma="two">two</w>
<w type="CD" lemma="thousand">thousand</w>
<w type="NNS" lemma="year">years</w>
<w type="IN" lemma="after">after</w>
<w type="DT" lemma="the">the</w>
<w type="NN" lemma="birth">birth</w>
<w type="IN" lemma="of">of</w>
<w type="NP" lemma="Jesus">Jesus</w>
<pc type="sub">,</pc>
<w type="RB" lemma="so">so</w>
<w type="JJ" lemma="many">many</w>
<w type="IN" lemma="of">of</w>
<w type="PP" lemma="us">us</w>
<w type="VBP" lemma="are">are</w>
<w type="JJ" lemma="able">able</w>
<w type="TO" lemma="to">to</w>
<w type="VV" lemma="draw">draw</w>
<w type="NN" lemma="inspiration">inspiration</w>
<w type="IN" lemma="from">from</w>
<w type="PPs" lemma="his">his</w>
<w type="NN" lemma="life">life</w>
<w type="CC" lemma="and">and</w>
<w type="NN" lemma="message">message</w>
<pc type="sub">,</pc>
<w type="CC" lemma="and">and</w>
<w type="TO" lemma="to">to</w>
<w type="VV" lemma="find">find</w>
<w type="IN" lemma="in">in</w>
<w type="PP" lemma="him">him</w>
<w type="DT" lemma="a">a</w>
<w type="NN" lemma="source">source</w>
<w type="IN" lemma="of">of</w>
<w type="NN" lemma="strength">strength</w>
<w type="CC" lemma="and">and</w>
<w type="NN" lemma="courage">courage</w>
<pc type="SENT">.</pc>
</s>
<s><w type="PP" lemma="I">I</w>
<w type="VVP" lemma="hope">hope</w>
<w type="IN" lemma="that">that</w>
<w type="DT" lemma="the">the</w>
<w type="NP" lemma="Christmas">Christmas</w>
<w type="NN" lemma="message">message</w>
<w type="MD" lemma="will">will</w>
<w type="VV" lemma="encourage">encourage</w>
<w type="CC" lemma="and">and</w>
<w type="VV" lemma="sustain">sustain</w>
<w type="PP" lemma="you">you</w>
<w type="RB" lemma="too">too</w>
<pc type="sub">,</pc>
<w type="RB" lemma="now">now</w>
<w type="CC" lemma="and">and</w>
<w type="IN" lemma="in">in</w>
<w type="DT" lemma="the">the</w>
<w type="JJ" lemma="coming">coming</w>
<w type="NN" lemma="year">year</w>
<pc type="SENT">.</pc>
</s></p><p><s><w type="PP" lemma="I">I</w>
<w type="VVP" lemma="wish">wish</w>
<w type="PP" lemma="you">you</w>
<w type="PDT" lemma="all">all</w>
<w type="DT" lemma="a">a</w>
<w type="RB" lemma="very">very</w>
<w type="JJ" lemma="happy">happy</w>
<w type="NP" lemma="Christmas">Christmas</w>
<pc type="SENT">.</pc>
</s></p></div>