<div xmlns='http://www.tei-c.org/ns/1.0' n="2009"><head><s><w type="NP" lemma="Christmas">Christmas</w>
<w type="NP" lemma="Broadcast">Broadcast</w>
<w type="CD" lemma="@card@">2009</w>
</s></head><p><s><w type="DT" lemma="each">Each</w>
<w type="NN" lemma="year">year</w>
<w type="IN" lemma="that">that</w>
<w type="NNS" lemma="pass">passes</w>
<w type="VVZ" lemma="seem">seems</w>
<w type="TO" lemma="to">to</w>
<w type="VH" lemma="have">have</w>
<w type="PPs" lemma="its">its</w>
<w type="JJ" lemma="own">own</w>
<w type="NN" lemma="character">character</w>
<pc type="SENT">.</pc>
</s>
<s><w type="DT" lemma="some">Some</w>
<w type="VVP" lemma="leave">leave</w>
<w type="PP" lemma="us">us</w>
<w type="IN" lemma="with">with</w>
<w type="DT" lemma="a">a</w>
<w type="NN" lemma="feeling">feeling</w>
<w type="IN" lemma="of">of</w>
<w type="NN" lemma="satisfaction">satisfaction</w>
<pc type="sub">,</pc>
<w type="NNS" lemma="other">others</w>
<w type="VBP" lemma="are">are</w>
<w type="RBS" lemma="best">best</w>
<w type="VVN" lemma="forget">forgotten</w>
<pc type="SENT">.</pc>
</s>
<s><w type="CD" lemma="@card@">2009</w>
<w type="VBD" lemma="be">was</w>
<w type="DT" lemma="a">a</w>
<w type="JJ" lemma="difficult">difficult</w>
<w type="NN" lemma="year">year</w>
<w type="IN" lemma="for">for</w>
<w type="JJ" lemma="many">many</w>
<pc type="sub">,</pc>
<w type="IN" lemma="in">in</w>
<w type="JJ" lemma="particular">particular</w>
<w type="DT" lemma="those">those</w>
<w type="VVG" lemma="face">facing</w>
<w type="DT" lemma="the">the</w>
<w type="VVG" lemma="continue">continuing</w>
<w type="NNS" lemma="effect">effects</w>
<w type="IN" lemma="of">of</w>
<w type="DT" lemma="the">the</w>
<w type="JJ" lemma="economic">economic</w>
<w type="NN" lemma="downturn">downturn</w>
<pc type="SENT">.</pc>
</s>
<s><w type="PP" lemma="I">I</w>
<w type="VBP" lemma="am">am</w>
<w type="JJ" lemma="sure">sure</w>
<w type="IN" lemma="that">that</w>
<w type="PP" lemma="we">we</w>
<w type="VHP" lemma="have">have</w>
<w type="RB" lemma="all">all</w>
<w type="VBN" lemma="be">been</w>
<w type="VVN" lemma="affect">affected</w>
<w type="IN" lemma="by">by</w>
<w type="NNS" lemma="event">events</w>
<w type="IN" lemma="in">in</w>
<w type="NP" lemma="Afghanistan">Afghanistan</w>
<w type="CC" lemma="and">and</w>
<w type="VVN" lemma="sadden">saddened</w>
<w type="IN" lemma="by">by</w>
<w type="DT" lemma="the">the</w>
<w type="NNS" lemma="casualty">casualties</w>
<w type="VVN" lemma="suffer">suffered</w>
<w type="IN" lemma="by">by</w>
<w type="PPs" lemma="our">our</w>
<w type="NNS" lemma="force">forces</w>
<w type="VVG" lemma="serve">serving</w>
<w type="RB" lemma="there">there</w>
<pc type="SENT">.</pc>
</s>
<s><w type="PPs" lemma="our">Our</w>
<w type="NNS" lemma="thought">thoughts</w>
<w type="VVP" lemma="go">go</w>
<w type="RP" lemma="out">out</w>
<w type="TO" lemma="to">to</w>
<w type="PPs" lemma="their">their</w>
<w type="NNS" lemma="relation">relations</w>
<w type="CC" lemma="and">and</w>
<w type="NNS" lemma="friend">friends</w>
<w type="WP" lemma="who">who</w>
<w type="VHP" lemma="have">have</w>
<w type="VVN" lemma="show">shown</w>
<w type="JJ" lemma="immense">immense</w>
<w type="NN" lemma="dignity">dignity</w>
<w type="IN" lemma="in">in</w>
<w type="DT" lemma="the">the</w>
<w type="NN" lemma="face">face</w>
<w type="IN" lemma="of">of</w>
<w type="JJ" lemma="great">great</w>
<w type="JJ" lemma="personal">personal</w>
<w type="NN" lemma="loss">loss</w>
<pc type="SENT">.</pc>
</s>
<s><w type="CC" lemma="but">But</w>
<pc type="sub">,</pc>
<w type="PP" lemma="we">we</w>
<w type="MD" lemma="can">can</w>
<w type="VB" lemma="be">be</w>
<w type="JJ" lemma="proud">proud</w>
<w type="IN" lemma="of">of</w>
<w type="DT" lemma="the">the</w>
<w type="JJ" lemma="positive">positive</w>
<w type="NN" lemma="contribution">contribution</w>
<w type="IN" lemma="that">that</w>
<w type="PPs" lemma="our">our</w>
<w type="NNS" lemma="serviceman">servicemen</w>
<w type="CC" lemma="and">and</w>
<w type="NNS" lemma="woman">women</w>
<w type="VBP" lemma="are">are</w>
<w type="VVG" lemma="make">making</w>
<pc type="sub">,</pc>
<w type="IN" lemma="in">in</w>
<w type="NN" lemma="conjunction">conjunction</w>
<w type="IN" lemma="with">with</w>
<w type="PPs" lemma="our">our</w>
<w type="NNS" lemma="ally">allies</w>
<pc type="SENT">.</pc>
</s>
<s><w type="RB" lemma="well">Well</w>
<w type="IN" lemma="over">over</w>
<w type="CD" lemma="@card@">13,000</w>
<w type="NNS" lemma="soldier">soldiers</w>
<w type="IN" lemma="from">from</w>
<w type="DT" lemma="the">the</w>
<w type="NP" lemma="United">United</w>
<w type="NP" lemma="Kingdom">Kingdom</w>
<pc type="sub">,</pc>
<w type="CC" lemma="and">and</w>
<w type="IN" lemma="across">across</w>
<w type="DT" lemma="the">the</w>
<w type="NP" lemma="Commonwealth">Commonwealth</w>
<pc type="sub">-</pc>
<w type="NP" lemma="Canada">Canada</w>
<pc type="sub">,</pc>
<w type="NP" lemma="Australia">Australia</w>
<pc type="sub">,</pc>
<w type="NP" lemma="New">New</w>
<w type="NP" lemma="Zealand">Zealand</w>
<w type="CC" lemma="and">and</w>
<w type="NP" lemma="Singapore">Singapore</w>
<pc type="sub">-</pc>
<w type="VBP" lemma="are">are</w>
<w type="RB" lemma="currently">currently</w>
<w type="VVG" lemma="serve">serving</w>
<w type="IN" lemma="in">in</w>
<w type="NP" lemma="Afghanistan">Afghanistan</w>
<pc type="SENT">.</pc>
</s>
<s><w type="DT" lemma="the">The</w>
<w type="NN" lemma="debt">debt</w>
<w type="IN" lemma="of">of</w>
<w type="NN" lemma="gratitude">gratitude</w>
<w type="VVN" lemma="owe">owed</w>
<w type="TO" lemma="to">to</w>
<w type="DT" lemma="these">these</w>
<w type="JJ" lemma="young">young</w>
<w type="NNS" lemma="man">men</w>
<w type="CC" lemma="and">and</w>
<w type="NNS" lemma="woman">women</w>
<pc type="sub">,</pc>
<w type="CC" lemma="and">and</w>
<w type="TO" lemma="to">to</w>
<w type="PPs" lemma="their">their</w>
<w type="NNS" lemma="predecessor">predecessors</w>
<pc type="sub">,</pc>
<w type="VBZ" lemma="be">is</w>
<w type="RB" lemma="indeed">indeed</w>
<w type="JJ" lemma="profound">profound</w>
<pc type="SENT">.</pc>
</s>
<s><w type="PP" lemma="it">It</w>
<w type="VBZ" lemma="be">is</w>
<w type="CD" lemma="sixty">sixty</w>
<w type="NNS" lemma="year">years</w>
<w type="IN" lemma="since">since</w>
<w type="DT" lemma="the">the</w>
<w type="NP" lemma="Commonwealth">Commonwealth</w>
<w type="VBD" lemma="be">was</w>
<w type="VVN" lemma="create">created</w>
<w type="CC" lemma="and">and</w>
<w type="NN" lemma="today">today</w>
<pc type="sub">,</pc>
<w type="IN" lemma="with">with</w>
<w type="JJR" lemma="more">more</w>
<w type="IN" lemma="than">than</w>
<w type="DT" lemma="a">a</w>
<w type="CD" lemma="billion">billion</w>
<w type="IN" lemma="of">of</w>
<w type="PPs" lemma="its">its</w>
<w type="NNS" lemma="member">members</w>
<w type="IN" lemma="under">under</w>
<w type="DT" lemma="the">the</w>
<w type="NN" lemma="age">age</w>
<w type="IN" lemma="of">of</w>
<w type="CD" lemma="@card@">25</w>
<pc type="sub">,</pc>
<w type="DT" lemma="the">the</w>
<w type="NN" lemma="organisation">organisation</w>
<w type="VVZ" lemma="remain">remains</w>
<w type="DT" lemma="a">a</w>
<w type="JJ" lemma="strong">strong</w>
<w type="CC" lemma="and">and</w>
<w type="JJ" lemma="practical">practical</w>
<w type="NN" lemma="force">force</w>
<w type="IN" lemma="for">for</w>
<w type="JJ" lemma="good">good</w>
<pc type="SENT">.</pc>
</s>
<s><w type="RB" lemma="recently">Recently</w>
<w type="PP" lemma="I">I</w>
<w type="VVD" lemma="attend">attended</w>
<w type="DT" lemma="the">the</w>
<w type="NP" lemma="Commonwealth">Commonwealth</w>
<w type="NP" lemma="Heads">Heads</w>
<w type="IN" lemma="of">of</w>
<w type="NP" lemma="Government">Government</w>
<w type="VVG" lemma="meet">Meeting</w>
<w type="IN" lemma="in">in</w>
<w type="NP" lemma="Trinidad">Trinidad</w>
<w type="CC" lemma="and">and</w>
<w type="NP" lemma="Tobago">Tobago</w>
<w type="CC" lemma="and">and</w>
<w type="VVN" lemma="hear">heard</w>
<w type="WRB" lemma="how">how</w>
<w type="JJ" lemma="important">important</w>
<w type="DT" lemma="the">the</w>
<w type="NN" lemma="commonwealth">Commonwealth</w>
<w type="VBZ" lemma="be">is</w>
<w type="TO" lemma="to">to</w>
<w type="JJ" lemma="young">young</w>
<w type="NNS" lemma="people">people</w>
<pc type="SENT">.</pc>
</s>
<s><w type="JJ" lemma="new">New</w>
<w type="NN" lemma="communication">communication</w>
<w type="NNS" lemma="technology">technologies</w>
<w type="VVP" lemma="allow">allow</w>
<w type="PP" lemma="them">them</w>
<w type="TO" lemma="to">to</w>
<w type="VV" lemma="reach">reach</w>
<w type="RP" lemma="out">out</w>
<w type="TO" lemma="to">to</w>
<w type="DT" lemma="the">the</w>
<w type="JJR" lemma="wide">wider</w>
<w type="NN" lemma="world">world</w>
<w type="CC" lemma="and">and</w>
<w type="VV" lemma="share">share</w>
<w type="PPs" lemma="their">their</w>
<w type="NNS" lemma="experience">experiences</w>
<w type="CC" lemma="and">and</w>
<w type="NNS" lemma="viewpoint">viewpoints</w>
<pc type="SENT">.</pc>
</s>
<s><w type="IN" lemma="for">For</w>
<w type="JJ" lemma="many">many</w>
<pc type="sub">,</pc>
<w type="DT" lemma="the">the</w>
<w type="JJ" lemma="practical">practical</w>
<w type="NN" lemma="assistance">assistance</w>
<w type="CC" lemma="and">and</w>
<w type="NNS" lemma="network">networks</w>
<w type="IN" lemma="of">of</w>
<w type="DT" lemma="the">the</w>
<w type="NP" lemma="Commonwealth">Commonwealth</w>
<w type="MD" lemma="can">can</w>
<w type="VV" lemma="give">give</w>
<w type="NNS" lemma="skill">skills</w>
<pc type="sub">,</pc>
<w type="VV" lemma="lend">lend</w>
<w type="NN" lemma="advice">advice</w>
<w type="CC" lemma="and">and</w>
<w type="VV" lemma="encourage">encourage</w>
<w type="NN" lemma="enterprise">enterprise</w>
<pc type="SENT">.</pc>
</s>
<s><w type="PP" lemma="it">It</w>
<w type="VBZ" lemma="be">is</w>
<w type="JJ" lemma="inspiring">inspiring</w>
<w type="TO" lemma="to">to</w>
<w type="VV" lemma="learn">learn</w>
<w type="IN" lemma="of">of</w>
<w type="DT" lemma="some">some</w>
<w type="IN" lemma="of">of</w>
<w type="DT" lemma="the">the</w>
<w type="NN" lemma="work">work</w>
<w type="VBG" lemma="be">being</w>
<w type="VVN" lemma="do">done</w>
<w type="IN" lemma="by">by</w>
<w type="DT" lemma="these">these</w>
<w type="JJ" lemma="young">young</w>
<w type="NNS" lemma="people">people</w>
<pc type="sub">,</pc>
<w type="WP" lemma="who">who</w>
<w type="VVP" lemma="bring">bring</w>
<w type="NN" lemma="creativity">creativity</w>
<w type="CC" lemma="and">and</w>
<w type="NN" lemma="innovation">innovation</w>
<w type="TO" lemma="to">to</w>
<w type="DT" lemma="the">the</w>
<w type="NNS" lemma="challenge">challenges</w>
<w type="PP" lemma="they">they</w>
<w type="VVP" lemma="face">face</w>
<pc type="SENT">.</pc>
</s>
<s><w type="PP" lemma="it">It</w>
<w type="VBZ" lemma="be">is</w>
<w type="JJ" lemma="important">important</w>
<w type="TO" lemma="to">to</w>
<w type="VV" lemma="keep">keep</w>
<w type="VVG" lemma="discuss">discussing</w>
<w type="NNS" lemma="issue">issues</w>
<w type="IN" lemma="that">that</w>
<w type="NN" lemma="concern">concern</w>
<w type="PP" lemma="us">us</w>
<w type="RB" lemma="all">all</w>
<pc type="sub">-</pc>
<w type="EX" lemma="there">there</w>
<w type="MD" lemma="can">can</w>
<w type="VB" lemma="be">be</w>
<w type="DT" lemma="no">no</w>
<w type="RBR" lemma="more">more</w>
<w type="JJ" lemma="valuable">valuable</w>
<w type="NN" lemma="role">role</w>
<w type="IN" lemma="for">for</w>
<w type="PPs" lemma="our">our</w>
<w type="NN" lemma="family">family</w>
<w type="IN" lemma="of">of</w>
<w type="NNS" lemma="nation">nations</w>
<pc type="SENT">.</pc>
</s>
<s><w type="PP" lemma="I">I</w>
<w type="VHP" lemma="have">have</w>
<w type="VBN" lemma="be">been</w>
<w type="RB" lemma="closely">closely</w>
<w type="VVN" lemma="associate">associated</w>
<w type="IN" lemma="with">with</w>
<w type="DT" lemma="the">the</w>
<w type="NN" lemma="commonwealth">Commonwealth</w>
<w type="IN" lemma="through">through</w>
<w type="JJS" lemma="most">most</w>
<w type="IN" lemma="of">of</w>
<w type="PPs" lemma="its">its</w>
<w type="NN" lemma="existence">existence</w>
<pc type="SENT">.</pc>
</s>
<s><w type="DT" lemma="the">The</w>
<w type="JJ" lemma="personal">personal</w>
<w type="CC" lemma="and">and</w>
<w type="JJ" lemma="living">living</w>
<w type="NN" lemma="bond">bond</w>
<w type="PP" lemma="I">I</w>
<w type="VHP" lemma="have">have</w>
<w type="VVN" lemma="enjoy">enjoyed</w>
<w type="IN" lemma="with">with</w>
<w type="NNS" lemma="leader">leaders</w>
<pc type="sub">,</pc>
<w type="CC" lemma="and">and</w>
<w type="IN" lemma="with">with</w>
<w type="NNS" lemma="people">people</w>
<w type="DT" lemma="the">the</w>
<w type="NN" lemma="world">world</w>
<w type="RB" lemma="over">over</w>
<pc type="sub">,</pc>
<w type="VHZ" lemma="have">has</w>
<w type="RB" lemma="always">always</w>
<w type="VBN" lemma="be">been</w>
<w type="RBR" lemma="more">more</w>
<w type="JJ" lemma="important">important</w>
<w type="IN" lemma="in">in</w>
<w type="VVG" lemma="promote">promoting</w>
<w type="PPs" lemma="our">our</w>
<w type="NN" lemma="unity">unity</w>
<w type="IN" lemma="than">than</w>
<w type="NN" lemma="symbolism">symbolism</w>
<w type="RB" lemma="alone">alone</w>
<pc type="SENT">.</pc>
</s>
<s><w type="DT" lemma="the">The</w>
<w type="NP" lemma="Commonwealth">Commonwealth</w>
<w type="VBZ" lemma="be">is</w>
<w type="RB" lemma="not">not</w>
<w type="DT" lemma="an">an</w>
<w type="NN" lemma="organisation">organisation</w>
<w type="IN" lemma="with">with</w>
<w type="DT" lemma="a">a</w>
<w type="NN" lemma="mission">mission</w>
<pc type="SENT">.</pc>
</s>
<s><w type="PP" lemma="it">It</w>
<w type="VBZ" lemma="be">is</w>
<w type="RB" lemma="rather">rather</w>
<w type="DT" lemma="an">an</w>
<w type="NN" lemma="opportunity">opportunity</w>
<w type="IN" lemma="for">for</w>
<w type="PPs" lemma="its">its</w>
<w type="NNS" lemma="people">people</w>
<w type="TO" lemma="to">to</w>
<w type="VV" lemma="work">work</w>
<w type="RB" lemma="together">together</w>
<w type="TO" lemma="to">to</w>
<w type="VV" lemma="achieve">achieve</w>
<w type="JJ" lemma="practical">practical</w>
<w type="NNS" lemma="solution">solutions</w>
<w type="TO" lemma="to">to</w>
<w type="NNS" lemma="problem">problems</w>
<pc type="SENT">.</pc>
</s>
<s><w type="IN" lemma="in">In</w>
<w type="JJ" lemma="many">many</w>
<w type="NNS" lemma="aspect">aspects</w>
<w type="IN" lemma="of">of</w>
<w type="PPs" lemma="our">our</w>
<w type="NNS" lemma="life">lives</w>
<pc type="sub">,</pc>
<w type="IN" lemma="whether">whether</w>
<w type="IN" lemma="in">in</w>
<w type="NN" lemma="sport">sport</w>
<pc type="sub">,</pc>
<w type="DT" lemma="the">the</w>
<w type="NN" lemma="environment">environment</w>
<pc type="sub">,</pc>
<w type="NN" lemma="business">business</w>
<w type="CC" lemma="or">or</w>
<w type="NN" lemma="culture">culture</w>
<pc type="sub">,</pc>
<w type="DT" lemma="the">the</w>
<w type="NP" lemma="Commonwealth">Commonwealth</w>
<w type="NN" lemma="connection">connection</w>
<w type="VVZ" lemma="remain">remains</w>
<w type="JJ" lemma="vivid">vivid</w>
<w type="CC" lemma="and">and</w>
<w type="VVG" lemma="enrich">enriching</w>
<pc type="SENT">.</pc>
</s>
<s><w type="PP" lemma="it">It</w>
<w type="VBZ" lemma="be">is</w>
<pc type="sub">,</pc>
<w type="IN" lemma="in">in</w>
<w type="NNS" lemma="lot">lots</w>
<w type="IN" lemma="of">of</w>
<w type="NNS" lemma="way">ways</w>
<pc type="sub">,</pc>
<w type="DT" lemma="the">the</w>
<w type="NN" lemma="face">face</w>
<w type="IN" lemma="of">of</w>
<w type="DT" lemma="the">the</w>
<w type="NN" lemma="future">future</w>
<pc type="SENT">.</pc>
</s>
<s><w type="CC" lemma="and">And</w>
<w type="IN" lemma="with">with</w>
<w type="VVG" lemma="continue">continuing</w>
<w type="NN" lemma="support">support</w>
<w type="CC" lemma="and">and</w>
<w type="NN" lemma="dedication">dedication</w>
<pc type="sub">,</pc>
<w type="PP" lemma="I">I</w>
<w type="VBP" lemma="am">am</w>
<w type="JJ" lemma="confident">confident</w>
<w type="IN" lemma="that">that</w>
<w type="DT" lemma="this">this</w>
<w type="JJ" lemma="diverse">diverse</w>
<w type="NN" lemma="commonwealth">Commonwealth</w>
<w type="IN" lemma="of">of</w>
<w type="NNS" lemma="nation">nations</w>
<w type="MD" lemma="can">can</w>
<w type="VV" lemma="strengthen">strengthen</w>
<w type="DT" lemma="the">the</w>
<w type="JJ" lemma="common">common</w>
<w type="NN" lemma="bond">bond</w>
<w type="WDT" lemma="that">that</w>
<w type="VVZ" lemma="transcend">transcends</w>
<w type="NNS" lemma="politics">politics</w>
<pc type="sub">,</pc>
<w type="NN" lemma="religion">religion</w>
<pc type="sub">,</pc>
<w type="NN" lemma="race">race</w>
<w type="CC" lemma="and">and</w>
<w type="JJ" lemma="economic">economic</w>
<w type="NNS" lemma="circumstance">circumstances</w>
<pc type="SENT">.</pc>
</s>
<s><w type="PP" lemma="we">We</w>
<w type="VVP" lemma="know">know</w>
<w type="IN" lemma="that">that</w>
<w type="NP" lemma="Christmas">Christmas</w>
<w type="VBZ" lemma="be">is</w>
<w type="DT" lemma="a">a</w>
<w type="NN" lemma="time">time</w>
<w type="IN" lemma="for">for</w>
<w type="NN" lemma="celebration">celebration</w>
<w type="CC" lemma="and">and</w>
<w type="NN" lemma="family">family</w>
<w type="NNS" lemma="reunion">reunions</w>
<pc type="sub">;</pc>
<w type="CC" lemma="but">but</w>
<w type="PP" lemma="it">it</w>
<w type="VBZ" lemma="be">is</w>
<w type="RB" lemma="also">also</w>
<w type="DT" lemma="a">a</w>
<w type="NN" lemma="time">time</w>
<w type="TO" lemma="to">to</w>
<w type="VV" lemma="reflect">reflect</w>
<w type="IN" lemma="on">on</w>
<w type="WP" lemma="what">what</w>
<w type="VVZ" lemma="confront">confronts</w>
<w type="DT" lemma="those">those</w>
<w type="RBR" lemma="less">less</w>
<w type="JJ" lemma="fortunate">fortunate</w>
<w type="IN" lemma="than">than</w>
<w type="PP" lemma="ourselves">ourselves</w>
<pc type="sub">,</pc>
<w type="IN" lemma="at">at</w>
<w type="NN" lemma="home">home</w>
<w type="CC" lemma="and">and</w>
<w type="IN" lemma="throughout">throughout</w>
<w type="DT" lemma="the">the</w>
<w type="NN" lemma="world">world</w>
<pc type="SENT">.</pc>
</s>
<s><w type="NNS" lemma="Christian">Christians</w>
<w type="VBP" lemma="are">are</w>
<w type="VVN" lemma="teach">taught</w>
<w type="TO" lemma="to">to</w>
<w type="VV" lemma="love">love</w>
<w type="PPs" lemma="their">their</w>
<w type="NNS" lemma="neighbour">neighbours</w>
<pc type="sub">,</pc>
<w type="VHG" lemma="have">having</w>
<w type="NN" lemma="compassion">compassion</w>
<w type="CC" lemma="and">and</w>
<w type="NN" lemma="concern">concern</w>
<pc type="sub">,</pc>
<w type="CC" lemma="and">and</w>
<w type="VBG" lemma="be">being</w>
<w type="JJ" lemma="ready">ready</w>
<w type="TO" lemma="to">to</w>
<w type="VV" lemma="undertake">undertake</w>
<w type="NN" lemma="charity">charity</w>
<w type="CC" lemma="and">and</w>
<w type="JJ" lemma="voluntary">voluntary</w>
<w type="NN" lemma="work">work</w>
<w type="TO" lemma="to">to</w>
<w type="VV" lemma="ease">ease</w>
<w type="DT" lemma="the">the</w>
<w type="NN" lemma="burden">burden</w>
<w type="IN" lemma="of">of</w>
<w type="NN" lemma="deprivation">deprivation</w>
<w type="CC" lemma="and">and</w>
<w type="NN" lemma="disadvantage">disadvantage</w>
<pc type="SENT">.</pc>
</s>
<s><w type="PP" lemma="we">We</w>
<w type="MD" lemma="may">may</w>
<w type="PP" lemma="ourselves">ourselves</w>
<w type="VB" lemma="be">be</w>
<w type="VVN" lemma="confront">confronted</w>
<w type="IN" lemma="by">by</w>
<w type="DT" lemma="a">a</w>
<w type="VVG" lemma="bewilder">bewildering</w>
<w type="NN" lemma="array">array</w>
<w type="IN" lemma="of">of</w>
<w type="NNS" lemma="difficulty">difficulties</w>
<w type="CC" lemma="and">and</w>
<w type="NNS" lemma="challenge">challenges</w>
<pc type="sub">,</pc>
<w type="CC" lemma="but">but</w>
<w type="PP" lemma="we">we</w>
<w type="MD" lemma="must">must</w>
<w type="RB" lemma="never">never</w>
<w type="VV" lemma="cease">cease</w>
<w type="TO" lemma="to">to</w>
<w type="VV" lemma="work">work</w>
<w type="IN" lemma="for">for</w>
<w type="DT" lemma="a">a</w>
<w type="RBR" lemma="better">better</w>
<w type="JJ" lemma="future">future</w>
<w type="IN" lemma="for">for</w>
<w type="PP" lemma="ourselves">ourselves</w>
<w type="CC" lemma="and">and</w>
<w type="IN" lemma="for">for</w>
<w type="NNS" lemma="other">others</w>
<pc type="SENT">.</pc>
</s>
<s><w type="PP" lemma="I">I</w>
<w type="VVP" lemma="wish">wish</w>
<w type="PP" lemma="you">you</w>
<w type="RB" lemma="all">all</w>
<pc type="sub">,</pc>
<w type="WRB" lemma="wherever">wherever</w>
<w type="PP" lemma="you">you</w>
<w type="MD" lemma="may">may</w>
<w type="VB" lemma="be">be</w>
<pc type="sub">,</pc>
<w type="DT" lemma="a">a</w>
<w type="RB" lemma="very">very</w>
<w type="JJ" lemma="happy">happy</w>
<w type="NP" lemma="Christmas">Christmas</w>
<pc type="SENT">.</pc>
</s></p></div>