<?xml version="1.0" encoding="UTF-8"?>
<TEI xmlns="http://www.tei-c.org/ns/1.0" xmlns:xi="http://www.w3.org/2001/XInclude">
    <teiHeader>
        <fileDesc>
            <titleStmt>
                <title>The Queen's Christmas Broadcasts 1955-2009 : a TEI XML version</title>
                <author>Queen Elizabeth II</author>
            </titleStmt>
            <publicationStmt>
                <distributor>Lou Burnard Consulting</distributor>
                <idno >QCBC</idno>
                <availability>
                    <licence target="http://creativecommons.org/licenses/by/3.0"/>
                </availability>
                
                <date>2014</date>
            </publicationStmt>
            <sourceDesc>
                <note> Derived from material available at the royal website
                  (http://www.royal.gov.uk/ImagesandBroadcasts/TheQueensChristmasBroadcasts/ChristmasBroadcasts/ChristmasBroadcast1952.aspx
                    and following). In January 2010 these XHTML files were converted to TEI XML, and
                    linguistic annotation was added using the treeTagger program. </note>
            </sourceDesc>
        </fileDesc>
        <profileDesc>
            <langUsage>
                <language ident="en"/>
            </langUsage>
            <textClass>
                <keywords>
                    <term>British monarchy</term>
                    <term>Christmas broadcast</term>
                </keywords>
            </textClass>
        </profileDesc>
        <revisionDesc>
            <change who="#lou" when="2014-02-28">Packaged for CINES archiving demonstration</change>
        </revisionDesc>
    </teiHeader>
    <text>
        <body>
            <xi:include href="1952.aspx.xml"/>
            <xi:include href="1954.aspx.xml"/>
            <xi:include href="1955.aspx.xml"/>
            <xi:include href="1956.aspx.xml"/>
            <xi:include href="1957.aspx.xml"/>
            <xi:include href="1958.aspx.xml"/>
            <xi:include href="1959.aspx.xml"/>
            <xi:include href="1960.aspx.xml"/>
            <xi:include href="1961.aspx.xml"/>
            <xi:include href="1962.aspx.xml"/>
            <xi:include href="1963.aspx.xml"/>
            <xi:include href="1964.aspx.xml"/>
            <xi:include href="1965.aspx.xml"/>
            <xi:include href="1966.aspx.xml"/>
            <xi:include href="1967.aspx.xml"/>
            <xi:include href="1968.aspx.xml"/>
            <xi:include href="1969.aspx.xml"/>
            <xi:include href="1970.aspx.xml"/>
            <xi:include href="1971.aspx.xml"/>
            <xi:include href="1972.aspx.xml"/>
            <xi:include href="1973.aspx.xml"/>
            <xi:include href="1974.aspx.xml"/>
            <xi:include href="1975.aspx.xml"/>
            <xi:include href="1976.aspx.xml"/>
            <xi:include href="1977.aspx.xml"/>
            <xi:include href="1978.aspx.xml"/>
            <xi:include href="1979.aspx.xml"/>
            <xi:include href="1980.aspx.xml"/>
            <xi:include href="1981.aspx.xml"/>
            <xi:include href="1982.aspx.xml"/>
            <xi:include href="1983.aspx.xml"/>
            <xi:include href="1984.aspx.xml"/>
            <xi:include href="1985.aspx.xml"/>
            <xi:include href="1986.aspx.xml"/>
            <xi:include href="1987.aspx.xml"/>
            <xi:include href="1988.aspx.xml"/>
            <xi:include href="1989.aspx.xml"/>
            <xi:include href="1990.aspx.xml"/>
            <xi:include href="1991.aspx.xml"/>
            <xi:include href="1992.aspx.xml"/>
            <xi:include href="1993.aspx.xml"/>
            <xi:include href="1994.aspx.xml"/>
            <xi:include href="1995.aspx.xml"/>
            <xi:include href="1996.aspx.xml"/>
            <xi:include href="1997.aspx.xml"/>
            <xi:include href="1998.aspx.xml"/>
            <xi:include href="1999.aspx.xml"/>
            <xi:include href="2000.aspx.xml"/>
            <xi:include href="2001.aspx.xml"/>
            <xi:include href="2002.aspx.xml"/>
            <xi:include href="2003.aspx.xml"/>
            <xi:include href="2004.aspx.xml"/>
            <xi:include href="2005.aspx.xml"/>
            <xi:include href="2006.aspx.xml"/>
            <xi:include href="2007.aspx.xml"/>
            <xi:include href="2008.aspx.xml"/>
            <xi:include href="2009.aspx.xml"/>
        </body>
    </text>
</TEI>
