<?xml version="1.0" encoding="utf-8"?>
<TEI xmlns="http://www.tei-c.org/ns/1.0" xmlns:xsi="http://www.w3.org/2001/XMLSchema-instance" xsi:schemaLocation="http://www.tei-c.org/ns/1.0 http://www.lodel.org/ns/tei.openedition.1.0.xsd">
	<teiHeader>
		<fileDesc>
			<titleStmt>
				<title level="a" type="main">Anthropisation et transformation du paysage dans l’Égypte ancienne</title>
				<title type="alt" xml:lang="en">Anthropization and landscape modifications in Ancient Egypt</title>
				<author>
					<persName><forename>Catherine</forename><surname>Chadefaud</surname></persName>
					<affiliation>
						<s>&#13;
							Catherine <hi rend="bold">Chadefaud</hi>, 99 av. Jean-Baptiste Clément, 92100 Boulogne</s>
					</affiliation>
					<email>
						<s>cchadefaud@wanadoo.fr</s>
					</email>
				</author>
			</titleStmt>
			<publicationStmt>
				<availability>
					<p>
						
						
						
					</p>
				</availability>
				<idno type="url">http://books.openedition.org/irdeditions/4688</idno>
			</publicationStmt>
			<sourceDesc>
				<biblFull>
					<titleStmt>
						<title/>
						
						
						<respStmt>
							<resp>auteur</resp>
							<name>Catherine Chadefaud</name>
						</respStmt>
					</titleStmt>
					<publicationStmt>
						<date>
						</date>
						<idno type="pp">365-376</idno>
					</publicationStmt>
				</biblFull>
			</sourceDesc>
		</fileDesc>
		<encodingDesc>
			<appInfo>
				<application version="1.0" ident="Lodel">
					<label>Lodel</label>
					<desc><ref target="http://www.tei-c.org/">We use TEI</ref></desc>
				</application>
			</appInfo>
			<tagsDecl>
				<rendition xml:id="T1" scheme="css">text-decoration:line-through</rendition>
				<rendition xml:id="T2" scheme="css">font-variant:small-caps;text-decoration:underline</rendition>
				<rendition xml:id="T3" scheme="css">font-variant:small-caps</rendition>
				<rendition xml:id="T4" scheme="css">text-transform:uppercase</rendition>
				<rendition xml:id="T5" scheme="css">text-transform:uppercase;text-decoration:underline;</rendition>
			</tagsDecl>
		</encodingDesc>
		<profileDesc>
			<langUsage>
				<language ident="fr">fr</language>
			</langUsage>
			
			<textClass>
				
				
				<keywords scheme="keyword" xml:lang="en">
					<list>
						
						
						<item>legumes</item>
						<item>Fayum</item>
						<item>irrigation</item>
						<item>Nile floodings</item>
						<item>orchards</item>
					</list>
				</keywords>
				<keywords scheme="keyword" xml:lang="fr">
					<list>
						
						
						<item>irrigation</item>
						<item>légumineuses</item>
						<item>Fayoum</item>
						<item>crues du Nil</item>
						<item>vergers</item>
					</list>
				</keywords>
			</textClass>
		</profileDesc>
	</teiHeader>
	<text>
		<front>
			<p>La réflexion sur le paysage amène les historiens à croiser des informations hétérogènes : architecture, inscriptions hiéroglyphiques, iconographie, objets quotidiens, macrorestes végétaux. L’espace fut domestiqué, cadastré le long du Nil, axe du travail des hommes. Des exemples, choisis à différentes échelles, dans l’espace et dans le temps, proposent une lecture ouvrant sur l’anthropisation et les pratiques agronomiques. La politique volontariste des pharaons d’assèchement et d’aménagement des marais est observée à travers le cas du Fayoum (de 1800 av J.-C. à l’époque grecque). Un autre exemple aborde les vergers et jardins aménagés par les hauts fonctionnaires du Nouvel Empire (1500/1400 av. J.-C.) dans la région de Karnak. Le dernier point concerne la structuration du paysage à l’époque grecque lagide, à travers les plantations d’arbres sacrés, de tertres arborés dans les territoires des temples, pour l’ensemble des provinces. La conclusion propose sur la longue durée, de Chéops à l’époque grecque, une vision d’ensemble de l’utilisation de la crue du Nil, élément constructeur du paysage, de l’irrigation et du rythme de travail d’une société de l’antiquité.Studying landscape evolution drives historians to cross compare information from various domains i.e. architecture, hieroglyphic and hieratic sources, ancient craftworks and plant remains. The Nile valley, ancient Egyptian life space, has been domesticated and its land-use planned. Different points of view and cases, in terms of space and periods, are oriented according to anthropization and agronomic practices. Swamp’s draining and enrichment pharao’s volontarist policy can be observed at the example of the Fayum case study (from 1800 B.C. to the Greek period). The Governors’orchards and gardens around Karnak, New Kingdom (i.e. around 1500 B.C.) are a second study case. The third one deals with landscape structuration, during the Greek Lagide period, through sacred trees plantation and forested clods building in the sanctuaries grounds all along the Nile valley. As a conclusion, we propose a global vision of the landscape modification from Kheops to the Greek period due to the Nile flood domestication, irrigation, and work organization in an antique civilization.</p></front>
		<body>
			<p>La conquête des terres le long de la vallée du Nil est le fruit d’efforts persévérants (cf. Butzer, 1976 ; Schenkel, 1978). De Chéops à l’époque grecque (s’achevant en 31 av. J.-C.), les habitants, sous l’autorité de Pharaon, des prêtres et des fonctionnaires, transforment l’espace de chasse et de cueillette en un univers de culture et d’élevage.</p><p>Les historiens recoupent plusieurs types de sources (monuments, inscriptions hiéroglyphiques et hiératiques, papyrus grecs, iconographie, objets quotidiens, macrorestes végétaux) dans l’espoir de reconstituer les étapes et les modalités de cette conquête et de restituer des paysages aujourd’hui disparus.</p><div type="div1"><head subtype="level1">L’espace naturel perçu par les Égyptiens</head><p>L’élite sociale d’Égypte, scribes ou lettrés, au fur et à mesure de la sédentarisation de la population, a édifié un « discours » sur la manière de percevoir le paysage<note place="foot" n="1"><p rend="footnote">  Sur le paysage en général cf. Helck, Otto et Westendorf (1975/92) aux articles « <hi rend="italic">Landschaft</hi> », « <hi rend="italic">Landwirtschaft</hi> », « <hi rend="italic">Bewässerung</hi> ».</p></note>, qu’il soit naturel ou domestiqué.</p><p><figure><graphic url="../MEDIA/ird005-32-img01.jpg"/></figure></p><p rend="figure-legend">Figure 1. Carte de l’Égypte ancienne comportant les localisations des nilomètres et des sites de découvertes principaux des macrorestes végétaux. En encadré : la région du Fayoum.</p><p>Dans le vocabulaire, plusieurs éléments essentiels font leur apparition : ils se juxtaposent ou s’entrelacent dans les inscriptions et les images.</p><p><figure><graphic url="../MEDIA/ird005-32-img02.jpg"/></figure></p><p rend="figure-legend">Figure 2. La campagne ou « <hi rend="italic">sehet</hi> » personnifiée, apportant les produits du terroir. Temple d’Aménophis III, Ouadi-es-Seboua (Nubie).</p><p>Parmi eux, la « terre noire » (« <hi rend="italic">kemet</hi> » recevant l’inondation annuelle et le limon fertile), est spécifique de la vallée du Nil.</p><p>Le terme « <hi rend="italic">mehou</hi> » désigne des marais entrecoupés de bosquets de Cyperus papyrus peuplés de quantité d’oiseaux. La terre ocre ou « <hi rend="italic">dechret</hi> », est une savane dégradée où la chasse est encore possible.</p><p>Le terme « <hi rend="italic">sehet</hi> » désigne la campagne (figure 2). La vallée est fertile grâce à la crue annuelle du Nil, les eaux commencent à monter à la mi-juillet. Des nilomètres (figure 1) ont été construits de place en place pour mesurer la montée des eaux et en tirer des prévisions sur les résultats des récoltes à venir<note place="foot" n="2"><p rend="footnote">  Des crues trop fortes arrachent et dévastent, des crues trop faibles engendrent disette et famine.</p></note>. Afin de mieux exploiter les eaux de la crue, un système d’irrigation se met peu à peu en place dans les provinces, des bassins (les « <hi rend="italic">hods</hi> »), des canaux et des digues, permettent de constituer un réseau de parcelles irriguées qui font l’objet d’un cadastre. Cet espace est géré par l’administration royale. Elle est représentée par une allégorie qui symbolise récoltes et troupeaux de la vallée. L’émergence de ces techniques d’irrigation remonte sans doute à l’Ancien Empire. L’arrosage des vergers grâce au « <hi rend="italic">chadouf</hi> » ou puits à balancier vint ensuite compléter ces techniques à partir du Nouvel Empire (vers 1580 av. J.-C.).</p><p>Il semble que les Égyptiens, sous la pression démographique, aient mis en valeur des fronts pionniers ou terres neuves (« <hi rend="italic">maout</hi> »). L’ensemble de l’organisation de la terre cadastrée<note place="foot" n="3"><p rend="footnote">  Chaque province (désignée par le terme « <hi rend="italic">sepat</hi> ») est cadastrée et la désignation de celle-ci dans le vocabulaire est faite au moyen d’un réseau orthonormé de canaux.</p></note> et irriguée relève de la compétence de fonctionnaires spécialisés.</p><p>Sur la longue durée, l’histoire de l’utilisation de la terre en Égypte montre l’aspect déterminant d’un travail collectif rigoureusement encadré par le pouvoir de pharaon et de ses fonctionnaires, de la défense des terres et de la conquête de terres nouvelles sur les confins de la savane.</p><p>Cette reconstitution historique emprunte à l’iconographie associée aux textes religieux. Or, cette dernière est construite à partir d’éléments retenus pour leur signification religieuse plus que pour le réalisme des représentations. Elle demande à être largement interprétée, avec tous les risques que comporte ce genre d’exercice, avant d’en tirer des indications sur le paysage et ses transformations<note place="foot" n="4"><p rend="footnote">  Le livre des Morts, rituel funéraire au Nouvel Empire (par exemple sur le papyrus d’Ani – Londres B.M.) choisit deux éléments dans l’environnement : les papyrus du fond de la vallée et le motif de la montagne thébaine sèche et broussailleuse : ces deux espaces sont juxtaposés dans le contexte du document religieux nécessaire à la survie du défunt et aux prières auprès d’Osiris ou encore de la vache Hathor.</p></note>.</p></div><div type="div1"><head subtype="level1">Quelques exemples d’anthropisation volontaire</head><p>Nous avons retenu les trois exemples suivants afin d’illustrer les difficultés et la richesse de l’analyse historique des paysages égyptiens :</p><list type="unordered"><item>le Fayoum en Basse Égypte est un exemple d’une région restreinte pour laquelle il existe des sources à des époques très éloignées dans le temps ;</item><item>la région de Thèbes, capitale du royaume au Nouvel Empire (figure 1), est un cas type d’émergence d’une horticulture utilitaire et ornementale au cours de la dix-huitième dynastie ;</item><item>le troisième exemple est tiré de compilations concernant l’époque tardive (époque des souverains grecs Lagides). Le hasard de la conservation des documents a permis de disposer de listes de recensement des tertres arborés à caractère sacré, établies à cette époque dans toutes les provinces du territoire.</item></list><div type="div2"><head subtype="level2">Le Fayoum</head><p>Cette dépression est située au sud-ouest des pyramides de Gizeh. L’État pharaonique voulut améliorer l’exploitation des ressources de l’inondation annuelle pour produire davantage, tout en se protégeant des dégâts potentiels provoqués par les masses d’eau charriées par le fleuve à cette période de l’année. Les souverains de la 12<hi rend="sup">e</hi> dynastie (vers 1880 av. J.-C.), Sésostris II puis Amenemhat III, voulurent aménager le terroir cultivable<note place="foot" n="5"><p rend="footnote">  Sur la période se reporter à Vandersleyen (1995), p. 82 sq. ; à propos de la région et de son occupation à Helck (1975/92), article « <hi rend="italic">Fayyum</hi> ».</p></note>. La pression démographique en a, sans doute, été la cause. Mais c’est aussi la période où le roi transfère sa capitale, de Memphis à Itj-Taoui (= El Licht) et renforce la défense de ses frontières le long du delta oriental : des « villes nouvelles » sont crées aux abords du Fayoum. L’espace cultivé augmente en raison de l’augmentation des populations de la région. Les vestiges de Kahoun, l’une de ces villes nouvelles, témoignent de la présence d’une population dont les besoins alimentaires devaient être satisfaits par l’agriculture et l’élevage locaux.</p><p>Au Nouvel Empire, à la suite de l’occupation des Hyksôs, un certain désintérêt s’est-il manifesté pour l’aménagement de la région ? Toujours est-il que des efforts d’amélioration de l’exploitation rurale portent sur la région de Haute Égypte autour de la nouvelle capitale, Thèbes.</p><p>À la Basse Époque, après la multiplication de troubles internes et conflits avec les populations voisines, le Fayoum subit aussi l’occupation perse (5<hi rend="sup">e</hi> siècle). À cette époque, Hérodote, voyageur grec, mentionne l’importance du bras du Nil, le Bahr Youssef, qui irrigue la dépression du Fayoum où il vient se perdre.</p><p><figure><graphic url="../MEDIA/ird005-32-img03.jpg"/></figure></p><p rend="figure-legend">Tableau 1. Anthropisation et formation de « Vergers sacrés » dans les domaines des temples (d’après le temple d’Edfou et un papyrus de Basse Égypte).</p><p>À l’époque grecque, sous la dynastie Lagide, la volonté d’une mise en valeur du Fayoum se manifeste à nouveau : au cours du règne de Ptolémée II- Philadelphe (vers 256 av. J.-C.) des archives grecques mentionnent les travaux de Zenon, gérant du domaine d’Apollonios, haut fonctionnaire d’Alexandrie. Ce domaine est situé sur la bordure Nord-Est du Fayoum, à proximité de la ville de Philadelphie (figure 1 et tableau 1). Lors de sa prise de fonction, Zenon décrit un domaine qui reste à aménager (cf. Orrieux, 1983). Il estime que le périmètre représente 21 km de long. Trois digues principales retiennent les eaux qui sont distribuées dans quarante bassins d’irrigation sur près de 70 ha. Sous la direction de Zenon, la terre est préparée et enrichie de cendres. Il fait ensuite semer des plantes oléagineuses : sésame (pour l’huile alimentaire) et ricin (pour l’huile d’éclairage). Ces produits sont vendus pour acquitter les frais de défrichement. L’aménagement de ce domaine correspond à un objectif spéculatif : produire des biens qui sont ensuite vendus sur les marchés d’Alexandrie. Zenon fait venir depuis les pépinières divers arbustes : des pommiers<note place="foot" n="6"><p rend="footnote">  Déjà introduits en provenance d’Asie mineure, sous Ramsès II.</p></note>, des pins, des oliviers mais aussi de la vigne. La comptabilité nous indique 10 000 plants de vigne et 500 grenadiers. Enfin, pour enrichir la terre, Zenon veut utiliser du fumier. Il en manque et fait installer du bétail dans des pâturages proches.</p><p>Ces plantations spéculatives du Fayoum semblent être l’apanage des hauts fonctionnaires et du roi<note place="foot" n="7"><p rend="footnote">  Plus tard, à l’époque romaine, le témoignage de Strabon renforce l’idée de la richesse productive du Fayoum fondée sur la vigne et l’olivier en priorité.</p></note>. À la même période le fermier d’une terre royale doit se contenter d’une tenure de 10 à 20 aroures (2,5 à 5 ha), sur laquelle il pratique un assolement biennal lui permettant de nourrir difficilement sa famille et de disposer d’un peu de fourrage pour son bétail, une fois les lourdes taxes payées (cf. Préaux (1978)</p><p>p. 484 sq.).</p></div><div type="div2"><head subtype="level2">La région de Thèbes au Nouvel Empire</head><p>Les cultures d’orge et de légumineuses dans la province de Thèbes à cette époque, soit vers 1580/1400 av. J.-C., sont largement attestées<note place="foot" n="8"><p rend="footnote">  Sur l’ensemble des plantes alimentaires se reporter à Darby, Ghalioungy et Grivetti (1976), vol. 2.</p></note>. Dans le même temps, l’art des jardins et des vergers se développe, grâce à une nouveauté, le « <hi rend="italic">chadouf</hi> » ou puits à balancier<note place="foot" n="9"><p rend="footnote">  Figuré dans la tombe thébaine d’Ipouy. Schéma de reconstitution du mécanisme in Mazoyer et Roudart (1998), p. 168. Ce système est encore employé dans l’Égypte ottomane à l’époque de la campagne de Bonaparte en 1798 et des relevés figurent dans la <hi rend="italic">Description de l’Égypte</hi>, 1804, vol. II, Pl. V.</p></note>. Ce dernier permet un transfert entre les canaux qui conservent l’eau de la crue vers des réseaux de rigoles et de bassins d’irrigation de part et d’autre de la vallée<note place="foot" n="10"><p rend="footnote">  Cf. Mazoyer et Roudart (1998), p. 141 sq (ch. IV) et schéma des bassins p. 152.</p></note>. Les rois, suivis par les hauts fonctionnaires et les grands prêtres d’Amon, mettent en valeur les domaines et créent des vergers et des espaces arborés.</p><p><figure><graphic url="../MEDIA/ird005-32-img04.jpg"/></figure></p><p rend="figure-legend">Figure 3. Le jujubier (paliure épine du Christ) ou arbre <hi rend="italic">Zizyphus spina-christi</hi> Willd. D’après le relevé de Keimer (Gartenpflanzen, 1924) dans une tombe thébaine du Nouvel Empire.</p><p>Les peintures des tombes de Reckhmirê, vizir de Thoutmosis III et Inéni, intendant des greniers du dieu Amon à la même époque ou encore de Minnenakht, présentent des jardins arborés composés avec soin, complétés de bassins de plaisance (cf. Hugonot, 1989). Les palmiers<note place="foot" n="11"><p rend="footnote">  <hi rend="italic">Phoenix dactylifera</hi> et <hi rend="italic">Hyphaene thebaïca</hi> (dit palmier-doum).</p></note> y sont nombreux. Des arbres rares sont représentés dans ces peintures murales ou cités dans des listes de travaux consignées dans les tombes, à la gloire des défunts pour lesquels elles ont été édifiées. Y figurent le grenadier (acclimaté, venant de Syrie), et le « <hi rend="italic">moringa</hi> » (arbre à huile). Au cours de l’aménagement des jardins de son palais de Malqatta<note place="foot" n="12"><p rend="footnote">  Sur le règne d’Aménophis III et ses constructions, cf. Vandersleyen (1995), p. 363 sq.</p></note>, Aménophis III manifesta un goût pour la botanique et le choix d’essences recherchées. Dans ce paysage thébain qui se transforme, les indications des macrorestes végétaux issus des tombes complètent les informations sur les plantes cultivées et les jardins<note place="foot" n="13"><p rend="footnote">  Cf. Germer (1985) et Chadefaud, (1991) avec bibliographie au sujet des publications de fouilles. Pour les fouilles postérieures, se reporter aux publications de l’Institut français d’archéologie orientale (Ifao).</p></note>. Les couronnes florales déposées sur la momie du roi Toutankhamon attestent la culture d’orge, de carthame, de centaurée, de coriandre, de nigelle, de trigonelle mais aussi la présence du palmier <hi rend="italic">Phoenix dactylifera,</hi> du <hi rend="italic">Mimusops laurifolia</hi>, de l’olivier (<hi rend="italic">Olea europaea</hi>) et du jujubier (<hi rend="italic">Zizyphus spina-christi</hi> : cf. figure 3).</p></div><div type="div2"><head subtype="level2">L’époque des souverains Lagides : recensement des arbres sacrés</head><p>Les listes relevées au temple d’Edfou (en Haute Égypte) et le papyrus géographique de Tanis dans le delta oriental ont livré des sortes de compilations et d’encyclopédies à l’usage des clergés (cf. l’étude d’Aufrère, 1999, p. 121-206. Les historiens y puisent, province par province, des informations sur les plantations effectuées sur des tertres à proximité des fondations des temples, près de l’enceinte (cf. figure 4 : butte d’Osiris).</p><p>Ces arbres « sacrés » sont mentionnés comme arbres divins ou arbres protégés : il apparaît bien, d’après la documentation d’époque gréco-romaine, qu’il est interdit de les endommager, de les maltraiter<note place="foot" n="14"><p rend="footnote">  Plutarque indique dans son ouvrage « De Iside » qu’il était interdit aux fidèles du dieu Osiris de détruire les arbres fruitiers.</p></note>. Les textes religieux suggèrent que ces arbres sont choisis en relation avec des mythes anciens<note place="foot" n="15"><p rend="footnote">  Ils concernent soit des divinités locales, régionales voire dynastiques ou « nationales »</p></note>. Plantés sur des buttes bien visibles, ils matérialisent peut-être de nouvelles circonscriptions administratives. Dans cette civilisation où l’administratif n’est jamais loin du sacré, ils sont des protecteurs des valeurs de la royauté.</p><p><figure><graphic url="../MEDIA/ird005-32-img05.jpg"/></figure></p><p rend="figure-legend">Figure 4. La butte ou tertre arboré (« <hi rend="italic">Iât</hi> ») du dieu Osiris, d’après un papyrus d’époque tardive.</p><p>Le tableau I présente dans les provinces (les « <hi rend="italic">nomes</hi> ») de Haute et de Basse Égypte la liste des arbres attestés dans les « vergers sacrés » : l’acacia, le balanite et le jujubier apparaissent le plus souvent, viennent ensuite le <hi rend="italic">Maerua crassifolia</hi> Forsk., l’<hi rend="italic">Acacia tortilis</hi>, puis le saule et le sycomore<note place="foot" n="16"><p rend="footnote">  <hi rend="italic">Salix safsaf</hi> et <hi rend="italic">Ficus sycomorus</hi>.</p></note>.</p><p>Comment faut-il comprendre ces compilations de la Basse Époque ? Les bibliothèques de temples anciens ont survécu aux invasions, à l’occupation perse, à l’installation des Grecs après Alexandre. La survie de la culture pharaonique s’exprime-t-elle à travers la volonté des clergés de rédiger ce qui fut, ce qui est encore le contenu de la religion des ancêtres : en ce cas la volonté de décrire les tertres plantés d’arbres signifiant la protection des divinités équivaut à une volonté de sauvegarder un patrimoine identitaire : un paysage pour croire, des arbres pour exalter le lien avec les ancêtres, peut-être.</p><p>Cette idée des arbres salvateurs dans un paysage construit apparaît encore bien au-delà de cette époque et des bouleversements qui l’ont suivie : ainsi à l’époque chrétienne et copte. L’arbre dit de « <hi rend="italic">matarieh</hi> » en Basse Égypte (près du Caire) : arbre consacré à la vierge Marie, il s’agirait d’un baumier d’après le voyageur Prosper Alpin au 16<hi rend="sup">e</hi> siècle<note place="foot" n="17"><p rend="footnote">  Cf. Alpin (1581), trad.1980, p.73 (50), fig. 60. L’arbre serait originaire de « l’Arabie heureuse » d’après les auteurs classiques dont Théophraste et Pline. Peut-être s’agit-il du <hi rend="italic">Commiphora opobalsamum</hi> L.</p></note>. En Haute Égypte au village de Mari Girgis (près de Sohag et d’Akhmim) un arbre semble vénéré par la population copte du village c’est le « jujubier du Seigneur » : or il pousse dans les sables<note place="foot" n="18"><p rend="footnote">  Cf. Henein (2001), p. 245. Village habité par une communauté copte.</p></note> et reçoit curieusement l’offrande de toutes sortes de fruits séchés auprès de son tronc.</p><p>Le paysage de l’Égypte ancienne a connu de lentes transformations, la crue annuelle du Nil permettant une mise en valeur évolutive et un aménagement qui s’adapta aux conditions politiques et économiques des provinces. La domestication de la végétation s’opéra lentement dans un cadre de coercition collective souvent liée à la survie alimentaire mais qui ne dédaigna pas de transmettre la mémoire des ancêtres à travers la protection des arbres sacrés, ultime refuge d’une culture devenue invisible.</p></div></div></body>
		<back>
			<div type="bibliography">
				<listBibl>
					<bibl type="head" subtype="level1">Références</bibl><bibl>Alpin P., 1980 — <hi rend="italic">Plantes d’Égypte</hi>, Le Caire, Institut Français d’Archéologie Orientale, traduction et commentaire de R. de Fenoyl, d’après l’édition latine de 1581.</bibl><bibl>Aufrère S., 1999 — Les végétaux sacrés de l’Égypte ancienne, in <hi rend="italic">Encyclopédie religieuse de l’univers végétal</hi>, I, <hi rend="italic">Montpellier, France, Université de Montpellier, Orientalia Monspelliensia</hi>, X, 121-206</bibl><bibl>Butzer K., 1976 — <hi rend="italic">Early Hydraulic Civilization in Egypt. A Study in Cultural Ecology</hi>. Chicago, University of Chicago Press.</bibl><bibl>Chadefaud C., 1991 — <hi rend="italic">Le climat dans l’Égypte antique des premières dynasties à l’époque romaine</hi>. Contribution de l’histoire de la végétation à la géographie historique. Thèse de Doctorat d’État (manuscrit reproduit en micro-fiches, Lille-3, thèse réf. 1444.15396/93), Université de Paris-4 Sorbonne, 3 vol.</bibl><bibl>Darby W., Ghalioungy P., Grietti L., 1976 — <hi rend="italic">Food : the Gift of Osiris,</hi> London-New-York-San Francisco, Academic Press, 2 vol.</bibl><bibl>Germer R., 1985 — <hi rend="italic">Flora des Pharaonischen Aegypten</hi>, Mainz.</bibl><bibl>Helck W., Otto E., Westendorf W., (Dir.) 1975/1992 — <hi rend="italic">Lexikon der Aegyptologie,</hi> Wiesbaden, 7 Vol.</bibl><bibl>Henein N.H., 2001 — Mari Girgis, Village de Haute Égypte, Le Caire, Institut Français d’Archéologie orientale, <hi rend="italic">Bibliothèque d’étude</hi>, 94, (2<hi rend="sup">e</hi> éd).</bibl><bibl>Hugonot J.-C., 1989 — Le jardin dans l’Égypte ancienne, Frankfurt am Main, P. Lang, <hi rend="italic">Publications universitaires européennes,</hi> série XXXVIII, Archéologie vol. 27.</bibl><bibl>Mazoyer M., Roudart L., 1998 — <hi rend="italic">Histoire des agricultures du monde, du Néolithique à la crise contemporaine,</hi> Paris, Seuil.</bibl><bibl>Orrieux C., 1983 — <hi rend="italic">Les Papyrus de Zénon, l’horizon d’un Grec en Égypte au </hi><hi rend="italic"><hi rendition="#T3">iii</hi></hi><hi rend="sup"><hi rend="italic">ème</hi></hi><hi rend="italic"> siècle avant</hi> J.-C., Paris, éd. Macula.</bibl><bibl>Préaux C., 1978 — <hi rend="italic">Le monde hellénistique, La Grèce et l’Orient (323-146 av. J.-C.),</hi> Paris, PUF, 2 vol.</bibl><bibl>Schenkel W., 1978 — <hi rend="italic">Die Bewässerungsrevolution im Alten Aegypten,</hi> Mainz</bibl><bibl>Vandersleyen C., 1995 — <hi rend="italic">L’Égypte et la vallée du Nil, de la fin de l’Ancien Empire à la fin du Nouvel Empire,</hi> Paris, Coll. Nouvelle Clio, PUF.</bibl></listBibl>
			</div>
		</back>
	</text>
</TEI>
