<?xml version="1.0" encoding="utf-8"?>
<TEI xmlns="http://www.tei-c.org/ns/1.0" xmlns:xsi="http://www.w3.org/2001/XMLSchema-instance" xsi:schemaLocation="http://www.tei-c.org/ns/1.0 http://www.lodel.org/ns/tei.openedition.1.0.xsd">
	<teiHeader>
		<fileDesc>
			<titleStmt>
				<title level="a" type="main">Organisation de la production cotonnière affricaine</title>
				<title type="sub">De la décolonisation à la libéralisation des filières</title>
				<title type="alt" xml:lang="en">Agronomy and the structure of the African cotton production. From the decolonization to the liberalization of the cotton industry</title>
				<author>
					<persName><forename>Pascal</forename><surname>Clouvel</surname></persName>
					<affiliation>
						<s>&#13;
							Pascal <hi rend="bold">Clouvel</hi>, Cirad, av. d’Agropolis, BP 5035, 34398 Montpellier cedex 5</s>
					</affiliation>
					<email>
						<s>pascal.clouvel@cirad.fr</s>
					</email>
				</author>
				<author>
					<persName><forename>Isabelle</forename><surname>Michel-Dounias</surname></persName>
					<affiliation>
						<s>&#13;
							Isabelle <hi rend="bold">Michel-Dounias</hi>, Cnearc, 1101 av. d’Agropolis, BP 5098, 34033 Montpellier cedex 1</s>
					</affiliation>
					<email>
						<s>isabelle.michel@cirad.fr</s>
					</email>
				</author>
				<author>
					<persName><forename>Jean-Pascal</forename><surname>Pichot</surname></persName>
					<affiliation>
						<s>&#13;
							Jean-Pascal <hi rend="bold">Pichot</hi>, Cirad, av. d’Agropolis, BP 5035, 34398 Montpellier cedex 5</s>
					</affiliation>
					<email>
						<s>jean-pascal.pichot@cirad.fr</s>
					</email>
				</author>
				<author>
					<persName><forename>Michel</forename><surname>Crétenet</surname></persName>
					<affiliation>
						<s>&#13;
							Michel <hi rend="bold">Crétenet</hi>, Cirad, av. d’Agropolis, BP 5035, 34398 Montpellier cedex 5</s>
					</affiliation>
					<email>
						<s>cretenet@cirad.fr</s>
					</email>
				</author>
			</titleStmt>
			<publicationStmt>
				<availability>
					<p>
						
						
						
					</p>
				</availability>
				<idno type="url">http://books.openedition.org/irdeditions/4661</idno>
			</publicationStmt>
			<sourceDesc>
				<biblFull>
					<titleStmt>
						<title/>
						
						
						<respStmt>
							<resp>auteur</resp>
							<name>Pascal Clouvel</name>
						</respStmt>
						<respStmt>
							<resp>auteur</resp>
							<name>Isabelle Michel-Dounias</name>
						</respStmt>
						<respStmt>
							<resp>auteur</resp>
							<name>Jean-Pascal Pichot</name>
						</respStmt>
						<respStmt>
							<resp>auteur</resp>
							<name>Michel Crétenet</name>
						</respStmt>
					</titleStmt>
					<publicationStmt>
						<date>
						</date>
						<idno type="pp">229-241</idno>
					</publicationStmt>
				</biblFull>
			</sourceDesc>
		</fileDesc>
		<encodingDesc>
			<appInfo>
				<application version="1.0" ident="Lodel">
					<label>Lodel</label>
					<desc><ref target="http://www.tei-c.org/">We use TEI</ref></desc>
				</application>
			</appInfo>
			<tagsDecl>
				<rendition xml:id="T1" scheme="css">text-decoration:line-through</rendition>
				<rendition xml:id="T2" scheme="css">font-variant:small-caps;text-decoration:underline</rendition>
				<rendition xml:id="T3" scheme="css">font-variant:small-caps</rendition>
				<rendition xml:id="T4" scheme="css">text-transform:uppercase</rendition>
				<rendition xml:id="T5" scheme="css">text-transform:uppercase;text-decoration:underline;</rendition>
			</tagsDecl>
		</encodingDesc>
		<profileDesc>
			<langUsage>
				<language ident="fr">fr</language>
			</langUsage>
			
			<textClass>
				
				
				<keywords scheme="keyword" xml:lang="fr">
					<list>
						
						
						<item>organisation sociale</item>
						<item>relations Nord-Sud</item>
						<item>concepts agronomiques</item>
					</list>
				</keywords>
				<keywords scheme="keyword" xml:lang="en">
					<list>
						
						
						<item>social organization</item>
						<item>north-south relationships</item>
						<item>agronomic concepts</item>
					</list>
				</keywords>
			</textClass>
		</profileDesc>
	</teiHeader>
	<text>
		<front>
			<p>Au lendemain de la Seconde Guerre mondiale, des filières de production cotonnières se mettent en place dans la plupart des États d’Afrique de l’Ouest et du Centre. Devenues de véritables États dans l’État, ces sociétés regroupent l’ensemble des métiers d’une filière agricole auxquels s’ajoutent les fonctions d’organisme de crédit et les activités de développement rural. Ébranlées depuis le début des années 90 par les changements de politique de la Banque mondiale et l’onde de choc de la libéralisation, ces organisations ont évolué diversement selon les pays avec toutefois les mêmes problèmes de transition d’un mode de fonctionnement intégré vers celui d’une pluralité d’opérateurs économiques au premier rang desquels les organisations paysannes. Pour la recherche agronomique, cette transition s’accompagne d’une profonde modification de la demande et des méthodologies d’approche. La plupart des références scientifiques en la matière ont été élaborées dans les pays du Nord et à l’usage de leur agriculture. Du fait que la terminologie et les concepts s’appliquent implicitement à une organisation sociale particulière, ils demandent à être revisités pour une utilisation dans les pays du Sud. C’est ce que proposent les auteurs, grâce à l’analyse historique des principales évolutions de ces sociétés.After World War II, both the cropping of cotton and the subsequent processing were established in most western and central African countries. These companies gradually developed to be as important as the States themselves, integrating all the various segments of an agricultural industry on top of additional functions such as the granting of financial facilities up to the rural development. Weakened since the beginning of the 90’s by some policy changes of the World Bank and the shock wave of the liberalization, these organizations have evolved along different ways according to each particular country. Yet, all of them have moved from a unique, integrated organization towards a number of economic segments among which farmers associations are playing a primary role. In terms of agricultural reseach, this transition has been accompanied by deep modifications in the demand as well as in the technical approaches. Today most scientific know how in this field has been developed by Northern research institutes, however, for use in their own national agriculture. As the terminology and the main concepts basically apply to a given social organization, they need to be revisited for application under the conditions of countries in the South. This is what the authors are trying to do based on an historical analysis of the main evolutions of the companies involved.</p></front>
		<body>
			<div type="div1"><head subtype="level1">Introduction</head><p>Au lendemain de la Seconde Guerre mondiale, des filières de production cotonnières se créent dans la plupart des colonies françaises d’Afrique de l’Ouest et du Centre. Conçues dans un contexte d’absence totale d’infrastructures de base, ces filières se développent sous une forme particulière dite intégrée. Dans ce mode organisationnel les fonctions de pourvoyeur de crédit, d’approvisionnement, de production, de commercialisation et de transformation industrielle (égrenage et huilerie) sont assurées par une seule entité, la Société de développement cotonnière (Sode). Cette organisation, mise en place par la Compagnie française de développement des textiles (CFDT) dans sept pays d’Afrique de l’Ouest et trois d’Afrique centrale est maintenue après la nationalisation des structures au moment des indépendances. Les Sode détiennent le monopole de l’exploitation du coton au niveau du pays et l’État fixe et garantit un prix d’achat du kilo de coton graine aux producteurs. À partir de 1970, la confiance générée par la réussite technique des Sode incite les bailleurs de fonds à utiliser celles-ci comme support du développement social et économique des pays dans les domaines de l’alphabétisation, la santé humaine, l’élevage, l’hydraulique villageoise, les pistes, etc. (Keïta, 1996). Sous l’effet du système mis en place, la production cotonnière en petits paysannats (exploitations de 5 à 20 ha) connaît alors une croissance rapide pour atteindre une production annuelle oscillant autour de 2 millions de tonnes (base coton graine) depuis une quinzaine d’années, plaçant l’ensemble de ces pays au 3<hi rend="sup">e</hi> rang mondial des pays exportateurs de fibre.</p><p>Cette « <hi rend="italic">success story</hi> » comme l’appelle le directeur de la CFDT (Fichet, 1998) doit toutefois être relativisée par la dépendance du système vis-à-vis de financements extérieurs. Durant les périodes d’effondrement des cours mondiaux, l’assurance d’un prix stabilisé aux producteurs amène en effet ces sociétés à de forts déficits, largement renfloués par les bailleurs de fonds et notamment l’Agence française de développement. Profitant de cette dépendance pour dénoncer une situation de monopole public obéissant à des intérêts géopolitiques, la Banque mondiale soutient depuis le début des années 90 la libéralisation et la privatisation des Sode (Hugon, 2004). Bons élèves vis-à-vis de la Banque mondiale, la Côte d’Ivoire et le Bénin se lancent très tôt dans l’expérience, alors que les autres pays restent fidèles à un modèle intégré différant toutefois du modèle initial par le poids qu’y ont pris les organisations de producteurs.</p><p>Dans un contexte économique médiatisé à l’occasion des réunions de l’Organisation mondiale du commerce, les agronomes s’interrogent sur la manière d’accompagner l’évolution de ces filières sans que soit altérée leur fonctionnalité vis-à-vis de la distribution d’un revenu aux producteurs. Longtemps menés dans un isolement relatif, les travaux conduits sur les terrains du Sud sont maintenant partagés par une communauté scientifique élargie dans un esprit d’échange des connaissances et des modes d’action. Du fait de contextes économiques et techniques largement divergents entre les agricultures du Nord et du Sud, il est nécessaire de donner un sens aux terminologies et concepts employés dans la communication qui, utilisés par des communautés un temps séparées, peuvent recouvrir des significations différentes. L’exercice qui s’adresse aux chercheurs du Nord mobilise l’histoire comme outil de composition d’un sens. Cette histoire s’écrit en trois parties, correspondant successivement à une phase d’apprentissage dans un contexte de relation coercitive des Sode envers les producteurs, une phase d’appropriation de la culture par les producteurs et une phase « actuelle », consécutive au regain d’intérêt pour la culture induite par la dévaluation du franc CFA de 1993.</p></div><div type="div1"><head subtype="level1">Apprentissage autour d’un itinéraire technique recommandé</head><p>Avec la création de l’Institut de recherche du coton et textiles exotiques (IRCT) en 1946, de la CFDT en 1949 et des Centres nationaux de recherche agronomique après 1960, la France d’outre-mer puis les pays se dotent d’un outil de diffusion de la culture cotonnière associant étroitement la recherche au développement. À partir des résultats d’essais multilocaux conduits en stations expérimentales, un itinéraire technique recommandé (ITR) unique est établi stipulant la séquence de techniques culturales permettant d’optimiser le rendement moyen à l’échelle du pays : préparation du sol, variété, modalités de semis, doses et fréquences d’application des engrais et des produits phytosanitaires et modalités de récolte pour l’essentiel. Cet itinéraire technique particulier constitue la teneur du message technique vulgarisé auprès des agriculteurs à qui il est « recommandé » de se conformer. Au-delà du message technique, l’ITR est également utilisé d’un point de vue organisationnel pour la planification de la logistique. Ainsi, dans l’organisation établie, le producteur déclare son intention de production en nombre d’unités de surface (0,25 ha en général). Pour chaque surface, est délivrée à crédit et avant la campagne une quantité fixe de semences, d’engrais et de produits phytosanitaires correspondant à l’application de l’ITR.</p><p>Sous l’action de l’organisation mise en place et des innovations techniques successives, le rendement en coton graine passe de 400 à 1 300 kg ha<hi rend="sup">-1</hi> en 20 ans (exemple du Cameroun, cf. figure 1a). Dans le même temps, la traction animale adoptée par de nombreux agriculteurs permet de démultiplier l’efficience du temps de travail et introduit l’utilisation de la fumure organique dans les pays où l’élevage n’est pas pratiqué (Georges, 1966). D’un point de vue social par ailleurs, le producteur bénéficie d’un revenu limité du fait du plafonnement des moyens de production mais stable (prix au producteur garanti par l’État) et de services que seule la Sode est en mesure de fournir (intrants, crédit, proximité des marchés d’achat, etc.). En contre partie, l’agriculteur s’engage à produire du coton graine en quantité et qualité suffisantes pour générer une richesse destinée à assurer à la fois sa rémunération et le fonctionnement de l’ensemble de la structure. Pour permettre au producteur d’atteindre cet objectif individuel et collectif, la Sode recommande et contrôle étroitement l’application de l’ITR, dont le respect est censé garantir la solvabilité du producteur.</p><p><figure><graphic url="../MEDIA/ird005-21-img01.jpg"/></figure></p><p rend="figure-legend">Figure 1 Évolution des performances de la Sodecoton (Cameroun) ; rendement moyen et superficies cultivées (a) ; rendement égrenage (b) et longueur des fibres (c).<lb/>Pour (b) et (c), les lignes pointillées correspondent aux performances moyennes atteintes par la variété utilisée (témoin) dans les dispositifs d’essai variétaux.<lb/>Figure construite à partir des travaux de Lançon <hi rend="italic">et al.</hi> (1993), Bachelier <hi rend="italic">et al.</hi> (2000) ; Hau (2002).</p></div><div type="div1"><head subtype="level1">Appropriation de la culture cotonnière par les producteurs</head><p>C’est au Mali qu’au début des années 70 se développent les premières associations villageoises. Leur création faisait suite à une forte demande de producteurs cherchant plus de transparence dans la vente des intrants et la commercialisation du coton graine (Grain de sel, 2001). D’abord mal perçues par les Sode, ces associations sont vite apparues comme une alternative intéressante aux limites de l’organisation primitive décrite plus haut. À partir du milieu des années 70, la multiplication des conflits autour du classement de la récolte au niveau des marchés (rémunération sur la base de l’aspect visuel des lots) et les difficultés de recouvrement du crédit amènent ainsi les Sode à transférer une partie de la gestion de l’entreprise aux associations villageoises, devenues organisations de producteurs (OP) par la suite. Les OP se voient chargées de la gestion de proximité des intrants, de la tenue des marchés et surtout du recouvrement des crédits. Le crédit n’est plus alors attribué à un individu mais à un collectif de proximité qui s’engage auprès de la Sode et se porte caution solidaire pour les remboursements.</p><p>Alors que le niveau de rendement moyen atteint par les Sode s’approche de celui obtenu dans les expérimentations et que la responsabilité du remboursement du crédit est confiée aux OP, la nécessité d’imposer un ITR et d’en contrôler l’application à l’aide d’un dispositif d’encadrement coûteux s’estompe. Deux évolutions techniques majeures sont alors possibles, la régionalisation des ITR et l’appropriation des techniques de production par les producteurs. Le système devenu plus libéral sur le coton, voire même selon les pays, ouvert à d’autres productions dont le maïs et le riz (développés par les Sode), la menace sur le volume des quotas d’intrants n’est plus une barrière à la régionalisation des ITR. Ceux-ci peuvent alors être modulés en fonction des différences d’aptitude à produire, liées notamment aux gradients de pluviosité existant d’une région à l’autre au sein du même pays. Dans le même temps, des pratiques divergentes par rapport à celles préconisées dans l’ITR se mettent en place « discrètement » chez les agriculteurs (Dounias <hi rend="italic">et al.</hi>, 2002). Un exemple tiré d’un travail au Sénégal oriental (Péreau, 2004) permet d’illustrer la complexité des règles d’allocation de l’engrais au sein d’un parcellaire, dans le cas d’une gestion collective de l’exploitation sous la direction du chef de famille. Confronté à l’exercice d’optimisation des moyens de production à l’échelle de l’exploitation, ce dernier s’attribue les meilleures parcelles et la priorité des interventions culturales. Limité par la quantité d’engrais globale disponible, il décide de ne pas épandre d’urée sur les parcelles de ses dépendants (enfants sous le même « toit ») et la réserve pour le maïs et ses propres parcelles de cotonnier, à la dose recommandée (ITR). En revanche, la dose d’engrais NPK épandue sur ses parcelles est moins élevée que sur celles de ses dépendants, le sol étant plus riche. Une fois ces règles d’allocation décidées entre membres de la famille, cultures et parcelles de la sole cotonnière, l’engrais est appliqué en respectant des modalités différentes selon les dates de semis présentes sur la parcelle. Enfin et au sein du même peuplement (même date de semis), les doses épandues sont modulées (poignées plus grosses ou pas plus amples) en fonction de l’état de développement des plantes, la dose d’engrais étant alors renforcée sur les plants les moins développés au moment de l’épandage.</p><p>Même si elle n’est pas reconnue officiellement, la flexibilité induite par l’appropriation par les producteurs de la culture cotonnière, et plus généralement du système de production généré, concourt au maintien de la cohésion des filières en période de conjoncture défavorable. La reconnaissance implicite d’une aptitude des producteurs à satisfaire aux exigences techniques des Sode et l’externalisation de la gestion des crédits modifient la relation producteurs-Sode qui, d’une forme coercitive initiale évolue vers une relation de confiance mutuelle d’autant plus stable qu’elle se joue dans une situation de monopole pour la distribution d’un revenu financier. De ce fait et tout en conservant un rôle central dans l’attribution des quotas d’intrants, l’ITR évolue vers une fonction technique indicative.</p></div><div type="div1"><head subtype="level1">Relation de confiance et confrontation aux nouvelles exigences du marché</head><p>Les performances du Cameroun (figure 1a) illustrent une évolution qu’on retrouve dans tous les pays. À partir de la fin des années 70, la productivité à la parcelle n’augmente plus, par contre l’adoption de variétés plus performantes à ces égards et les conséquences des évolutions décrites dans le paragraphe précédent permettent d’améliorer de façon significative le rendement en fibre et la qualité « visible » des fibres, c’est-à-dire leur longueur (figure 1b et c). À partir de 1993, le rendement moyen en coton graine amorce une tendance à la baisse. La baisse de la fertilité des sols en relation avec leur mise en culture sous climat tropical est un phénomène avéré (Pieri, 1989). Il est toutefois raisonnable d’attribuer la baisse soudaine du rendement moyen à des changements dans la population et les pratiques des producteurs, consécutifs au regain d’attrait financier de la culture avec la dévaluation du franc CFA (Asfom et Gaudard, 1997). En Côte d’Ivoire par exemple, Courtois (2003) met en évidence une tendance à des pratiques plus extensives ainsi qu’à l’apparition de cultures sous couvert d’arbres fruitiers (diversification des productions à la parcelle). Ces pratiques remettent en cause la confiance des Sode envers les producteurs et posent la question de leur compatibilité avec le système de solidarité sur lequel repose l’équilibre financier des OP.</p><p><figure><graphic url="../MEDIA/ird005-21-img02.jpg"/></figure></p><p rend="figure-legend">Figure 2 Variabilité de rendement et d’IM au sein d’une région agricole du Bénin (E. Gérardeaux, communication personnelle). Chaque point correspond à une parcelle. En référence à des relations classiques entre remplissage et nombre de grains, la courbe enveloppe suggère l’existence d’un dysfonctionnement commun dans la partie croissante et des compétitions entre les deux composantes pour la partie décroissante.</p><p>La réussite de la culture cotonnière s’explique en grande partie par la collecte au niveau de marchés de proximité (Fok, 2003). Cette organisation très dispersée rend difficile une caractérisation des livraisons telle qu’elle se pratique aux USA. Dans un contexte d’émergence de la qualité au niveau des échanges internationaux, l’absence de caractérisation des livraisons au niveau des marchés représente un handicap. Considérée jusqu’alors comme une covariable du rendement, la qualité des fibres produites n’est caractérisée qu’à la sortie des usines d’égrenage et sur des critères accessibles à l’expertise humaine comme la longueur, la résistance à la rupture et le grade (couleur). D’autres caractéristiques jusqu’à présent non évaluées, faute de laboratoire de mesure, participent pourtant à la définition de la valeur marchande des balles de coton, à l’exemple de l’indice micronaire (IM) qui détermine entre autres la prise de teinture. Les résultats extraits d’une étude conduite au Bénin (Gérardeaux, 2004), permettent d’évaluer la variabilité de ce paramètre à l’échelle d’un bassin d’usine (figure 2). La simultanéité des faibles rendements et de l’IM (inférieur à 3,8) attire l’attention sur les risques d’exclusion d’une partie des producteurs, correspondant en général à ceux n’ayant pas accès à la traction animale ni à la matière organique d’origine animale.</p></div><div type="div1"><head subtype="level1">Terminologie et concepts utilisés dans l’échange technique</head><p>Considérés dans leur ensemble, la création des OP, l’externalisation du crédit et des activités de développement connexes (l’alphabétisation par exemple), la reconnaissance d’une dissymétrie régionale d’aptitude à produire associée comme c’est le cas au Cameroun à une stratégie d’exploitation de particularités régionales (fibres longues dans l’extrême Nord-Est) peuvent s’interpréter comme autant d’étapes de transformation d’une activité au service de l’État vers celle d’une entreprise. Cette mutation n’est toutefois pas encore accomplie, tant s’en faut.</p><p>Si l’on peut parler d’appropriation par les producteurs concernant la culture cotonnière, ce n’est pas encore le cas du segment production de la filière. Du fait qu’elles évoluent dans un environnement fortement structuré par l’organisation des Sode (ou l’imprégnation de l’ancien mode pour la Côte d’Ivoire et le Bénin), les OP ont du mal à assurer leur fonction de gestion actuelle de manière autonome. L’apprentissage de cette autonomie fait d’ailleurs l’objet des travaux conduits par l’équipe Cirad Tera au Burkina Faso (Poisson, 2004). Dans le schéma de filière qui s’esquisse, les OP sont amenées à jouer un rôle technique intermédiaire dans l’élaboration d’une production au niveau des marchés et l’exposé des contraintes fait apparaître un questionnement sur la manière de construire une production collective au niveau d’un marché. Dans cet entendement, l’OP représente un précurseur à ce qu’il est entendu comme coopérative dans les pays du Nord.</p><p>Parmi les grandes questions que se posent les producteurs du Nord, la réduction des coûts de production ne se pose pas dans ces régions cotonnières ; celles relatives à l’impact environnemental se posent dans une moindre mesure ou tout du moins différemment ; par contre celles liées à l’adaptation des filières à des objectifs de qualité se posent fortement. Toutefois, alors que dans la mise en œuvre des travaux de Le Bail (2002) sur orge de brasserie, ou de Touzard <hi rend="italic">et al.</hi> (2002) sur la viticulture, l’interprofession joue un rôle déterminant, elle n’existe pas encore dans les filières cotonnières africaines. La coordination des OP au sein d’une entité faîtière (homologue d’un syndicat de producteurs) susceptible de peser dans la négociation avec l’agro-industrie (les égreneurs) reste à l’état embryonnaire. L’expérience du fonctionnement de l’Urecos-CI (union de producteurs) créée lors de la privatisation en Côte d’Ivoire, aurait pu servir de modèle. Malheureusement la crise politique que traverse ce pays rend difficile l’accès à l’information.</p><p>Dans la représentation qu’ont les Sode du mode d’action de la recherche, les résultats doivent concourir à l’amélioration de la productivité moyenne à l’échelle d’une région, sans entraver l’organisation mise en place. Par le passé, des travaux qui auraient permis de prendre en compte une diversité de situations de production ont ainsi été laissés sans suite. Dans les années 1980 en Côte d’Ivoire, la recherche avait proposé une grille de recommandations en arborescence à l’usage des producteurs, consistant à référer une décision technique à une succession ordonnée de décisions antérieures. Cette proposition qui aurait abouti à une importante diversification des itinéraires recommandés n’a pas eu de suites en raison de ses implications sur l’organisation de la production (Crétenet, 1987). Cette interdépendance spécifique à l’ITR lui confère une signification sensiblement différente de celle d’une clause contractuelle de production dans une filière du Nord.</p><p>Dans l’organisation des Sode, la notion de rendement à l’échelle de la parcelle cultivée n’existe pas en tant qu’objet d’échange. À la place de celui-ci, deux formes de rendement sont utilisées. La première, à usage économique, caractérise l’efficience de la distribution d’intrants au niveau de chaque producteur. La deuxième, à usage économique et technique, caractérise la performance de l’activité de production au niveau des différentes échelles administratives. Des deux formes existantes, seul le rendement moyen à l’échelle d’une unité régionale est employé dans les échanges techniques avec les organismes de recherche (cellules de Recherche et Développement des Sode et Centre nationaux de recherche agronomique).</p><p>La plupart des concepts développés dans le Nord partent du postulat que l’agriculteur existe en tant qu’interlocuteur. Or, selon l’organisation concernée, l’agriculteur n’est pas forcément l’interlocuteur de l’agronome et le système des Sode en est un exemple. Pour un agronome du Nord, l’itinéraire technique permet de discuter des modalités de réalisation d’un objectif de production à l’échelle de la parcelle cultivée (Meynard, 1985). En Afrique, l’accès aux intrants, l’organisation du travail et le caractère erratique de la pluviosité constituent un faisceau de contraintes qui influencent fortement les décisions techniques de l’agriculteur. Même si la planification des travaux est avérée, les contraintes largement liées au statut du producteur amènent à des réajustements successifs sans commune mesure avec ceux rencontrés dans les agricultures plus ou moins artificialisées des pays du Nord. En référence aux travaux de Péreau (2004), la gestion de la sole cotonnière comprise comme un ensemble de peuplements répartis sur une ou plusieurs parcelles, relèverait plus du concept d’agriculture de précision que de celui de gestion de lots de parcelles cultivées (Aubry, 1995). Enfin, selon les us en matière de foncier et d’attribution au sein de l’exploitation, la parcelle peut ne pas être dévolue à l’usage d’un seul producteur d’une année à l’autre. Le concept de système de culture ne serait plus alors à réfléchir à l’usage d’un seul acteur mais entre plusieurs acteurs en situation d’interaction les uns par rapport aux autres.</p></div><div type="div1"><head subtype="level1">Conclusion</head><p>L’histoire des filières cotonnières africaines et, à travers elle, celle de l’intervention des agronomes illustrent bien l’évolution qu’a connue la discipline agronomique au Nord comme au Sud. En effet, d’une démarche de vulgarisation dite « <hi rend="italic">top down</hi> » nourrie d’expérimentations réalisées sur des parcelles en station (phase d’apprentissage de l’ITR), des agronomes « coton » sont passés à une interrogation sur les pratiques des agriculteurs (phase d’appropriation de la culture par les producteurs).</p><p>Au moment des indépendances, l’exemple occidental prévalait comme modèle de développement économique et social. Il semble maintenant avéré que les agricultures du Sud ne suivront pas ce modèle, privilégiant le maintien d’une importante population rurale et les stratégies d’adaptation aux contraintes économiques et environnementales plutôt que la productivité et la concentration des exploitations. L’article met en évidence la contingence des concepts agronomiques vis-à-vis des contextes sociaux dans lesquels ils sont mis en oeuvre. Au delà des aspects techniques, la question posée est celle des concepts directeurs tels l’agriculture durable, dont le sens mérite d’être construit à la lumière de l’histoire et du devenir des sociétés Nord et Sud et de leurs interactions.</p></div></body>
		<back>
			<div type="bibliography">
				<listBibl>
					<bibl type="head" subtype="level1">Références</bibl><bibl>Asfom P., Gaudard L., 1997 — La filière cotonnière camerounaise et sa contribution à l’économie régionale. <hi rend="italic">Agricultures des savanes du Nord Cameroun : vers un développement solidaire des savanes d’Afrique centrale.</hi> Garoua, Cameroun, Cirad-CA Montpellier, France.</bibl><bibl>Aubry C., 1995 — <hi rend="italic">Gestion de la sole d’une culture dans l’exploitation agricole. Cas du blé d’hiver en grande culture dans la région picarde.</hi> Thèse de doctorat de l’INAPG, Paris, 271 p.</bibl><bibl>Bachelier B., Klassou C., Ison D., Lacape M., 2000 — <hi rend="italic">Amélioration variétale et technologie cotonnières : rapport annuel, campagne 1998/1999.</hi> Maroua, Cameroun. Cirad-CA, 53 p.</bibl><bibl>Courtois V., 2003 — <hi rend="italic">Les systèmes de culture à base de cotonnier en Côte d’Ivoire : quelle évolution dans un contexte de réorganisation de la filière coton ?</hi> Thèse de master of science (Développement agricole tropical), Cnearc, Montpellier, 160 p. + annexes.</bibl><bibl>Crétenet M., 1987 — Aide à la décision pour la fertilisation du cotonnier en Côte d’Ivoire. <hi rend="italic">Cot. fib. tropic.,</hi> 42 (4), 245-254.</bibl><bibl>Dounias I., Aubry C., Capillon A., 2002 — Decision-making processes for crop management on African farms. Modelling from a case study of cotton crops in northern Cameroon. <hi rend="italic">Agricultural Systems</hi> 73, 233-260.</bibl><bibl>Fichet M., 1998 — Le coton, moteur du développement. <hi rend="italic">Le Monde diplomatique,</hi> sept 1998, 34-35.</bibl><bibl>Fok M., 2003 — A threat for the future of francophone African cotton. 2003 <hi rend="italic">Beltwide Cotton Conferences,</hi> Nashville, TN – January 6-10, 348-356.</bibl><bibl>Georges M., 1966 — <hi rend="italic">La culture attelée et la modernisation rurale dans le Nord Cameroun,</hi> BDPA, 234 p.</bibl><bibl>Grain de sel, 2001 — Quels défis pour les OP des filières agricoles. <hi rend="italic">Grain de sel,</hi> 17. <ref target="http://www.inter-resaux.org/publication/graindesel/gds17/GDS17a11.htm">http://www.inter-resaux.org/publication/graindesel/gds17/GDS17a11.htm</ref></bibl><bibl>Hau B., 2002 — <hi rend="italic">Etude d’impact de la création variétale au Cameroun,</hi> Cirad-CA. Programme Coton, 35 p.</bibl><bibl>Hugon P., 2004 — <hi rend="italic">Le démantèlement de la filière coton.</hi> <ref target="http://www.african-geopolitics.org/show.aspx?ArticleId=3457">http://www.african-geopolitics.org/show.aspx?ArticleId=3457</ref></bibl><bibl>Keïta D., 1996 — Faire avancer la culture cotonnière en fonction du degré d’adhésion des cultivateurs. <hi rend="italic">Coton et Développement,</hi> 17.</bibl><bibl>Lançon J., Chanselme J. L. <hi rend="italic">et al.</hi>, 1993 — Bilan du progrès génétique réalisé par la recherche cotonnière au Nord Cameroun de 1960 à 1988. <hi rend="italic">Cot. fib. trop.</hi> 45 (2), 145-167.</bibl><bibl>Le Bail M., 2002 — Le bassin d’approvisionnement : territoire de la gestion agronomique de la qualité des productions végétales. <hi rend="italic">Agronomes et territoires,</hi> Entretiens du Pradel, 13 p.</bibl><bibl>Meynard J.M., 1985 — <hi rend="italic">Construction d’itinéraires techniques pour la conduite du blé d’hiver.</hi> Thèse de Docteur Ingénieur INAPG, Paris, 258 p. + annexes.</bibl><bibl>Pieri C., 1989 — <hi rend="italic">Fertilité des terres de savane.</hi> Bilan de 30 ans de recherche et de développement agricoles au sud du Sahara. Cirad, Ministère de la coopération et du développement, 443 p.</bibl><bibl>Poisson M., 2004 — <hi rend="italic">Caractérisation des dynamiques d’apprentissage au sein d’une communauté rurale du bassin cotonnier ouest du Burkina Faso.</hi> Thèse de master of science (Développement agricole tropical), Cnearc, Montpellier, 100 p. + annexes.</bibl><bibl>Touzard J.M., Gaullier C., Jarrige F., 2001 — Qualité du vin et prix du raisin. Trois lectures du changement dans les coopératives du Languedoc. <hi rend="italic">Etud. Rech. Syst. Agraires Dév.,</hi> 32, 19-35.</bibl></listBibl>
			</div>
		</back>
	</text>
</TEI>
