<?xml version="1.0" encoding="utf-8"?>
<TEI xmlns="http://www.tei-c.org/ns/1.0" xmlns:xsi="http://www.w3.org/2001/XMLSchema-instance" xsi:schemaLocation="http://www.tei-c.org/ns/1.0 http://www.lodel.org/ns/tei.openedition.1.0.xsd">
	<teiHeader>
		<fileDesc>
			<titleStmt>
				<title level="a" type="main">De l’exploitation agricole du 19<hi rend="sup">e</hi> siècle à l’exploitation agricole multifonctionnelle du 21<hi rend="sup">e</hi> siècle</title>
				<title type="alt" xml:lang="en">From rural agriculture of the 19th to the multifunctional agriculture of the 21th century</title>
				<author>
					<persName><forename>Jean</forename><surname>Pluvinage</surname></persName>
					<affiliation>
						<s>&#13;
							Jean <hi rend="bold">Pluvinage</hi>, SAD-Inra, UMR Innovation, bât. 27, 2 place Viala, 34060 Montpellier cedex</s>
					</affiliation>
					<email>
						<s>pluvinag@supagro.inra.fr</s>
					</email>
				</author>
				<author>
					<persName><forename>Jean-Luc</forename><surname>Mayaud</surname></persName>
					<affiliation>
						<s>&#13;
							Jean-Luc <hi rend="bold">Mayaud</hi>, univ. Lyon-2, Laboratoire d’études rurales ISH, 14-16 av. Berthelot, 69363 Lyon cedex 07</s>
					</affiliation>
					<email>
						<s>jean-luc.mayaud@ish-lyon.cnrs.fr</s>
					</email>
				</author>
			</titleStmt>
			<publicationStmt>
				<availability>
					<p>
						
						
						
					</p>
				</availability>
				<idno type="url">http://books.openedition.org/irdeditions/4694</idno>
			</publicationStmt>
			<sourceDesc>
				<biblFull>
					<titleStmt>
						<title/>
						
						
						<respStmt>
							<resp>auteur</resp>
							<name>Jean Pluvinage</name>
						</respStmt>
						<respStmt>
							<resp>auteur</resp>
							<name>Jean-Luc Mayaud</name>
						</respStmt>
					</titleStmt>
					<publicationStmt>
						<date>
						</date>
						<idno type="pp">405-414</idno>
					</publicationStmt>
				</biblFull>
			</sourceDesc>
		</fileDesc>
		<encodingDesc>
			<appInfo>
				<application version="1.0" ident="Lodel">
					<label>Lodel</label>
					<desc><ref target="http://www.tei-c.org/">We use TEI</ref></desc>
				</application>
			</appInfo>
			<tagsDecl>
				<rendition xml:id="T1" scheme="css">text-decoration:line-through</rendition>
				<rendition xml:id="T2" scheme="css">font-variant:small-caps;text-decoration:underline</rendition>
				<rendition xml:id="T3" scheme="css">font-variant:small-caps</rendition>
				<rendition xml:id="T4" scheme="css">text-transform:uppercase</rendition>
				<rendition xml:id="T5" scheme="css">text-transform:uppercase;text-decoration:underline;</rendition>
			</tagsDecl>
		</encodingDesc>
		<profileDesc>
			<langUsage>
				<language ident="fr">fr</language>
			</langUsage>
			
			<textClass>
				
				
				<keywords scheme="keyword" xml:lang="en">
					<list>
						
						
						<item>history</item>
						<item>management</item>
						<item>production</item>
						<item>agricultural industry</item>
						<item>social role</item>
					</list>
				</keywords>
				<keywords scheme="keyword" xml:lang="fr">
					<list>
						
						
						<item>exploitation agricole</item>
						<item>production</item>
						<item>gestion</item>
						<item>historique</item>
						<item>contribution sociale</item>
					</list>
				</keywords>
			</textClass>
		</profileDesc>
	</teiHeader>
	<text>
		<front>
			<p>Cette communication montre que la multifonctionnalité de l’exploitation agricole, dont la reconnaissance est, aujourd’hui, une question de politique agricole, repose sur des fondements historiques. Elle trouve notamment ses racines dans le rôle dédié à la petite exploitation rurale par la Révolution française ; on demande à cette exploitation de contribuer à l’organisation d’une société et de son territoire, tout en assurant la production d’aliments. Aujourd’hui, comme hier, il s’agit de produire des biens agricoles, tout en gérant des ressources, privées et communes, dans le cadre d‘activités interférant en permanence avec celles de la société urbaine.This paper shows that the multifunctionality of agriculture, which nowadays appears as an agricultural policy issue, has a historical background. The latter stems in particular from the role that was assigned to the small family farm by the French Revolution. Its role consisted in contributing to the organization of the society and of its territory, quite apart from producing food. As before, its role remains the production of agricultural goods, but today it also includes the management of private and common resources in the framework of activities that keep interfering with those of the urban society.</p></front>
		<body>
			<p>La ruralité de la France du 19<hi rend="sup">e</hi> siècle et la multifonctionnalité de l’agriculture en débat depuis la fin des années 1990 ont une parenté forte qui peut s’expliquer, à première vue, par l’inertie de structures qui ne changent que progressivement ; cependant il faut, de notre point de vue, aller bien au-delà des strictes évolutions mécaniques, et s’interroger sur les rapports entre la société et l’agriculture, qui déterminent largement les moteurs de sa dynamique, et les formes sociales de production. Malgré des différences majeures du poids économique de la production agricole relativement aux autres activités, entre la France rurale du 19<hi rend="sup">e</hi> siècle et la période post-industrielle que nous vivons, il nous apparaît essentiel de comprendre que d’autres finalités que la production agricole ont toujours été attendues du monde agricole. C’est bien ce qui justifie, encore aujourd’hui, l’importance du débat autour de l’avenir de la politique agricole en Europe (Fischler, 2004).</p><p>Bien que, de nos jours, on ait oublié en France le rôle d’autosubsistance et de sécurité alimentaire de l’exploitation agricole encore très présent jusqu’au milieu du 20<hi rend="sup">e</hi> siècle, on ne peut ignorer cette fonction essentielle dans de nombreuses situations, y compris dans l’Union européenne actuelle (1,5 million d’exploitations agricoles polonaises sont dans cette situation), ou encore la quasi-totalité des exploitations agricoles albanaises après la redistribution des terres en 1990. Certes, il ne s’agit pas d’ignorer les conséquences de la multiplication par trois ou quatre de la production agricole entre 1950 et 2000, mais de comprendre que ce qui a été un enjeu majeur dans la période des « trente glorieuses » ne doit pas occulter l’importance d’autres fonctions de cette activité, revendiquées parfois par les agriculteurs, et souhaitées par la majeure partie de la société, même si cette aspiration peut être ambiguë dans ses formulations. On attend encore aujourd’hui que l’agriculture participe très largement au maintien d’un cadre local de plus en plus recherché (Hervieu et Viard, 1996) par les populations urbaines, d’abord comme espace récréatif, et de plus en plus comme espace résidentiel. Contrairement aux prévisions pessimistes d’il y a une vingtaine d’années, le ratio population rurale/population urbaine se stabilise et génère une nouvelle classification des espaces (phénomène que l’on qualifie parfois de problématique de la « rurbanité »). L’activité agricole dans ses aspects que l’on pourrait qualifier de « traditionnels » (les haies dans le bocage, ou les terrasses des collines et montagnes méditerranéennes) apparaît ainsi comme le garant d’une structuration identitaire de l’espace qui va bien au-delà d’un sous-produit de l’activité agricole.</p><p>Dans une première partie, nous serons donc amenés à montrer comment on est passé de l’exploitation rurale triomphante (Mayaud, 1999) à l’exploitation agricole à deux travailleurs<note place="foot" n="1"><p rend="footnote">  Les Lois d’orientation agricole de 1960 et 1962.</p></note> qui a tant marqué la « modernisation » de l’agriculture de l’après-guerre (Lamarche, 1991-1994). Puis, dans un second temps, nous verrons que les faiblesses de cette vision trop exclusive de l’agriculture sont apparues à partir du moment où l’on s’est rendu compte que l’efficacité de ce modèle productif ne concernait qu’une partie des agriculteurs et que surtout il était d’un coût de plus en plus élevé pour les dépenses publiques nationales ou européennes. Enfin, au cours de ces dernières années, l’obligation de reconsidérer complètement les conséquences du soutien de l’agriculture<note place="foot" n="2"><p rend="footnote">  L’accord de juin 2003 à Luxembourg, marque un point d’inflexion irréversible dans le découplage (par rapport aux niveaux de production) des subventions aux agriculteurs.</p></note> dans le cadre d’un élargissement des échanges, conduit forcément à revenir sur le modèle de base d’organisation de la production. La pertinence de l’exploitation agricole professionnelle telle qu’elle a été portée par les politiques publiques durant les « trente glorieuses » est en décalage par rapport à un retour en force du rural dans les préoccupations publiques affichées, quelles qu’en soient les ambiguïtés : recherche d’un modèle de rechange par refus du modèle urbain et de ses dysfonctionnements, stabilité politique d’un électorat, etc. Nous nous interrogerons enfin sur les fondements de la multifonctionnalité de nouveau reconnue, malgré les difficultés de méthode et la remise en cause d’habitudes et d’avantages acquis que cette reconnaissance implique.</p><div type="div1"><head subtype="level1">De l’exploitation rurale à l’exploitation agricole spécialisée</head><div type="div2"><head subtype="level2">L’exploitation rurale fondée sur la petite propriété foncière</head><p>La France de 1892, compte plus de 5,5 millions d’exploitations<note place="foot" n="3"><p rend="footnote">  Enquête de 1882, citée par Mayaud (1999).</p></note>, et parmi celles–ci, 85 % ont moins de dix hectares, et plus de 35 % moins de un hectare. Cette petite exploitation rurale (qui mobilise encore 40 % de la population active à la veille de la Seconde Guerre mondiale) constitue le socle politique de la Troisième république : succédant au Second empire, après le désastre de Sedan, le nouveau régime a voulu se rallier les ruraux ; au lendemain de la commune de Paris, les plus conservateurs des républicains espèrent s’appuyer sur ces « masses paysannes » et rurales pour lutter politiquement contre les nouvelles « grandes peurs » que suscite la classe ouvrière montante, essentiellement urbaine.</p><p>Comme l’a montré Tchayanov (1990) à propos de l’agriculture russe (on comprend, même si on ne l’excuse pas, l’impatience du pouvoir soviétique à s’assurer une mobilisation du blé paysan stocké une année sur l’autre), l’agriculture paysanne ne répond pas aux seuls critères de l’économie marchande. De plus, les familles paysannes sont largement pluriactives (Arf, 1984 ; Garrier et Hubscher, 1988), que ce soit sous la forme d’un salariat temporaire dans des exploitations guères plus grandes (il ne s’agit pas ici d’un rapport <hi rend="italic">microfundium/latifundium</hi> tel qu’on le trouve dans le sud européen en Italie et dans la péninsule ibérique) ou celui qui est pratiqué dans l’industrie naissante, ou encore les multiples formes de travail artisanal ou proto-industriel pratiquées pendant les temps morts de l’activité agricole. L’expansion de l’industrie horlogère jurassienne au 19<hi rend="sup">e</hi> siècle en est un exemple très classique<note place="foot" n="4"><p rend="footnote">  On emploie ici le terme d’agro-industrie (Mayaud, 1999).</p></note>, et de nombreux travaux montrent l’importance de ce socle rural dans l’industrie naissante (Mendels, 1972 ; Brelot et Mayaud, 1982 ; Judet, 2004 ; Olivier, 2004).</p><p>Face à cette multitude de micro-exploitations rurales, les grandes exploitations agricoles (5 % des exploitations ont plus de cent hectares en 1892, 2 % en 1970) diminuent en effectif absolu. Globalement, avant la mécanisation des années 1960, elles ne dégagent pas de profits suffisants pour enclencher une progression sensible de leur superficie détenue : elles apparaissent handicapées par une productivité du travail peu élevée, un foncier coûteux, des marchés peu assurés et des salariés attirés par de meilleures conditions de rémunération offertes par la ville ; on peut montrer qu’il en est tout autrement dans les colonies où la disposition de terres quasiment gratuites et où la main-d’œuvre est payée à un prix inférieur et peu protégée, facilitent la création de grandes exploitations céréalières qui adopteront la mécanisation avant la métropole.</p><p>Reste que cette paysannerie très nombreuse résiste mal aux grandes ruptures du 20<hi rend="sup">e</hi> siècle ; plus de 600 000 paysans ne reviennent pas du front lors de la Première Guerre mondiale, et les changements de mentalité produits par les grands conflits contribuent à accélérer « l’exode » (Gervais <hi rend="italic">et al.</hi>, 1977), sans que les progrès de productivité ne prennent le relais comme on a pu le constater dans l’agriculture américaine dès 1920. La Seconde Guerre mondiale produit quant à elle un autre choc sur les manières de produire : modernisation des exploitations, intensification de la production agricole et mécanisation deviennent le <hi rend="italic">leitmotiv,</hi> tant des politiques de reconstruction que des <hi rend="italic">leaders</hi> syndicaux issus de la Jeunesse agricole catholique (JAC). Le modèle de développement des exploitations repose assez largement sur l’exemple de pays voisins, Pays Bas, Danemark, où l’exiguïté des structures agraires a été largement compensée par l’intensification et une organisation coopérative de la commercialisation et de la transformation très performante.</p></div><div type="div2"><head subtype="level2">Le traité de Rome</head><p>La signature du traité de Rome en 1957, puis les lois d’orientation de 1960 et 1962 institutionnalisent à la fois le Marché commun, qui apparaît comme une garantie d’écoulement des produits à des prix très rémunérateurs, et un système de modernisation visant à tirer le maximum d’efficacité de l’exploitation agricole mono-active et spécialisée à deux UTH (unités de travail humain).</p><p>Un effort permanent est effectué pour maintenir la viabilité économique de ces exploitations. La dotation aux jeunes agriculteurs (DJA) ne leur est versée que s’ils s’installent sur une superficie minimale d’installation ; le relais du financement public est assuré par des plans de développement qui deviennent ultérieurement des plans de modernisation ; en 1970, lors de la mise en place de ces mesures, on décide que seuls pourront avoir accès à ces mesures les agriculteurs qui atteignent au début du plan un revenu équivalent à 75 % du revenu de référence (revenu moyen estimé dans la région), et qui s’engagent à atteindre 100 % au terme de cinq années. De fait, cela revient à exclure des mesures la plus grande partie des agriculteurs et, pour les autres, cela les engage dans une course à la productivité, très souvent discutable, du fait des investissements engagés, des risques encourus, etc.</p><p>Pendant toute la période qui suit, jusqu’à la fin des années 1980, exception faite des zones de montagne, on ignore presque complètement, l’existence d’exploitations pluriactives considérées comme détenues par de « faux agriculteurs », ne jouant pas le jeu dans les mêmes règles que les autres, achetant leurs équipements avec leur salaire ; la position des syndicats ouvriers, par rapport aux ouvriers paysans n’est guère plus favorable face à des troupes perçues plus promptes à s’absenter pour cause de récolte que pour aller manifester. Dans la même période, on pourrait montrer que l’Allemagne ou l’Italie adoptent des positions complètement différentes, intégrant beaucoup plus la pluriactivité dans leurs analyses et les politiques mises en œuvre.</p><p>Et pourtant, malgré la mauvaise prise en compte statistique, on constate que les exploitations pluriactives représentent toujours à peu près la moitié des exploitations. Il s’agit en fait d’une très grande variété de situations (Dedieu <hi rend="italic">et al.</hi>, 1999) qui correspond à diverses logiques : complément financier par rapport à un revenu insuffisant, position de principe d’un des conjoints par rapport à l’indépendance financière, exploitation de retraité, assurance par rapport à des emplois industriels ressentis comme étant incertains, etc.</p></div></div><div type="div1"><head subtype="level1">Les vertus de la multifonctionnalité des exploitations agricoles</head><p>Les politiques suivies se révèlent très rapidement doublement coûteuses, que ce soit par les investissements publics qu’elles mobilisent, ou du fait des productions excédentaires qu’elles induisent chez les agriculteurs qui doivent faire face à une augmentation rapide de leurs charges fixes. En même temps, les pollutions d’origine agricoles commencent à poser problèmes dans les régions d’agriculture la plus intensive (Bretagne, Pays-Bas, etc.).</p><p>Une première remise en cause de la PAC est opérée en 1992, limitant les engagements financiers de la PAC au sujet du soutien au prix des produits agricoles, et instituant les mesures agri-environnementales. À partir de l’adoption de l’Agenda 2000 et de la signature des accords de Berlin, une séparation plus claire est faite entre les mesures qui profitent aux exploitations, proportionnellement à leur production, et les autres mesures qui constituent le « second pilier » consacré au développement rural et à l’environnement. En France, la LOA de 1999 reconnaît officiellement la multifonctionnalité des exploitations et institue le contrat territorial d’exploitation (CTE), dont on attendait qu’il fût à terme l’outil de gestion globale des subventions aux agriculteurs. Remis en cause par le changement de ligne politique du printemps 2002, il est aujourd’hui remplacé, pour partie par le contrat d’agriculture durable (CAD). Enfin un changement radical de la PAC, signé en juin 2003 à Luxembourg, institue le découplage des aides perçues des quantités produites (ce qui revient à consolider la rente pour les exploitations qui se sont agrandies jusqu’en 2002), mais reconnaît cependant de manière plus précise le développement rural et les règles d’augmentation progressive des financements à consacrer aux exploitations qui s’engagent plus avant dans la multifonctionnalité. Les mesures prises en compte concernent assez largement la gestion de l’espace rural, perçu désormais comme un bien commun étant l’affaire de tous.</p><p>Dès lors, et compte tenu des observations qui ont pu être faites dans les régions où les CTE (et avant les OLAE) ont été mis en place, deux orientations sont possibles pour conforter le caractère multifonctionnel des exploitations agricoles.</p><list type="unordered"><item>Rémunérer les agriculteurs pour encourager des changements de pratiques agricoles (écoconditionnalité), dans le sens d’une sauvegarde plus affirmée de l’environnement, sur la base de primes à l’hectare et sans plafond de subvention : on peut penser que ces mesures qui ont l’avantage de la simplicité pour l’administration (en tenant compte des moyens de contrôle spatial dont on disposera de plus en plus) vont encourager une politique de l’agrandissement, déjà engagée ces dernières années, s’accompagnant parfois d’une baisse de la production qui ne permet plus de payer un salarié ou une deuxième UTH familiale. Une amélioration des pratiques agricoles et du traitement de la nature peut parfois s’accompagner d’une désertification progressive des campagnes.</item><item>Subventionner les exploitations au titre de plusieurs modalités de multifonctionnalité : agriculture de qualité, accueil à la ferme, participation à la gestion du patrimoine et entretien de l’espace local, réalisation de services communaux, etc.</item></list><p>En fait, il s’agit là d’une multifonctionnalité de l’agriculture dont on attend un rôle d’intégration de toute une série de fonctions assurant l’avenir de la biodiversité, le maintien d’un tissu rural (Pluvinage <hi rend="italic">et al.</hi>, 2003) tout en améliorant la qualité de la production alimentaire. À l’évidence, ces différentes fonctions ne peuvent être seulement rémunérées par des règles automatiques à l’hectare, mais plutôt par une négociation collective entre différents acteurs sur des objectifs à atteindre, sur la base de critères qui devront être combinés, et ne pourront être identiques en tout lieu (Bernard <hi rend="italic">et al.</hi>, 2005). De fait on retrouve l’esprit qui avait prévalu lors de l’émergence des CTE. La démarche est complexe, et elle repose sur la gestion d’une démocratie économique largement décentralisée entre les mains des acteurs, bien en-deçà de l’échelon départemental, échelle à laquelle sont gérées les CAD actuels.</p><p>De telles démarches encourageraient les agriculteurs, « porteurs de l’échelon local », susceptibles de se référer aux fonctions des exploitations rurales du 19<hi rend="sup">e</hi> siècle (Mayaud <hi rend="italic">et al.</hi>, 2005), vers une vision élargie de la signification historique et actuelle de leur activité. Car ne sont vraiment pas nouvelles la question de l’environnement, celle de la fabrication et de l’entretien des paysages, ou encore celle des usages de l’espace rural, de même que les multiples formes de pluriactivité individuelle ou familiale qui, dominantes, permettaient alors à la petite exploitation rurale (et non pas seulement « agricole ») de se développer et de se reproduire dans un monde déjà ouvert aux échanges économiques. Condamnées par les théoriciens du 19<hi rend="sup">e</hi> siècle comme par les tenants de la voie productiviste des trente glorieuses, ces exploitations ont pourtant résisté, grâce à leur polyvalence : leur « modernisation » et leurs capacités à s’adapter et à innover ont permis leur maintien. Elles peuvent trouver aujourd’hui un surcroît de légitimité puisque la société pose la question de la multifonctionnalité à laquelle elles paraissent particulièrement aptes à répondre.</p><p>Il est clair qu’il s’agit alors, par rapport à la conception professionnelle actuelle de l’excellence du métier d’agriculteur, d’un assez grand changement qui, vraisemblablement, ne se fera pas sans une mutation profonde des rapports entre la société et les agriculteurs.</p></div></body>
		<back>
			<div type="bibliography">
				<listBibl>
					<bibl type="head" subtype="level1">Références</bibl><bibl>Arf, 1984 — <hi rend="italic">La pluri-activité dans les familles agricoles, colloque de l’Association des ruralistes français,</hi> L’Isle-d’Abeau, 19-20 novembre 1981, Paris, ARF éd., 343 p.</bibl><bibl>Bernard C., Dobremez L., Dufour A., Havet A., Mauz I., Pauthenet Y., Pluvinage J., Rémy J., Tchakérian E., 2005 — <hi rend="italic">La multifonctionnalité à l’épreuve du local : les exploitations agricoles face aux enjeux de filières et de territoires.</hi> Communication au Symposium de clôture du programme PSDR, Lyon, 9-11 mars 2005, à paraître</bibl><bibl>Brelot C.I., Mayaud J.-L., 1982 — <hi rend="italic">L’industrie en sabots. Les conquêtes d’une ferme-atelier aux 19</hi><hi rend="sup"><hi rend="italic">e</hi></hi><hi rend="italic"> et 20</hi><hi rend="sup"><hi rend="italic">e</hi></hi><hi rend="italic"> siècles. La taillanderie de Nans-sous-Sainte-Anne,</hi> Paris, J.-J. Pauvert, éd. Garnier, 292 p.</bibl><bibl>Dedieu B., Laurent C., Mundler P., 1999 — Organisation du travail dans les systèmes d’activités complexes, <hi rend="italic">Économie rurale,</hi> 253, 28-35.</bibl><bibl>Fischler F., 2004 — Plaidoyer pour la politique agricole commune, <hi rend="italic">Le Monde,</hi> 14 octobre.</bibl><bibl>Garrier G., Hubscher R., (éd.), 1988 — <hi rend="italic">Entre faucilles et marteaux. Pluri-activités et stratégies paysannes,</hi> Lyon/Paris, Presses Universitaires de Lyon/ Éditions de la Maison des sciences de l’Homme, 1988, 242 p.</bibl><bibl>Gervais M., Jollivet M., Tavernier Y., 1977 — La fin de la France paysanne de 1914 à nos jours, in : Duby G., Wallon A. (éd.), <hi rend="italic">Histoire de la France rurale,</hi> t. 4, Paris, éd. du Seuil, 672 p.</bibl><bibl>Hervieu B., Viard J., 1996 — <hi rend="italic">Au bonheur des campagnes (et des provinces),</hi> La Tour-d’Aigues, Éditions de l’Aube, 159 p.</bibl><bibl>Judet P., 2004 — <hi rend="italic">Horlogerie et horlogers du Faucigny (1849-1934). Les métamorphoses d’une identité sociale et politique, La pierre et l’écrit,</hi> Grenoble, Presses universitaires de Grenoble, 487 p.</bibl><bibl>Lamarche H. (éd.), 1991-1994 — <hi rend="italic">L’agriculture familiale. Comparaison internationale.</hi> Une réalité polymorphe (t. 1) ; Du mythe à la réalité (t. 2), Paris, éd. L’Harmattan, 304 p., 304 p.</bibl><bibl>Mayaud J.-L., 1999 — <hi rend="italic">La petite exploitation rurale triomphante. France, 19</hi><hi rend="sup"><hi rend="italic">e</hi></hi><hi rend="italic"> siècle,</hi> Paris, éd. Belin, 278 p.</bibl><bibl>Mayaud J.-L., Bodon V., Cornu P., Charcosset G., Dores C., Gonod P., Pluvinage J., Vianey G., 2005 — <hi rend="italic">La multifonctionnalité à l’épreuve de la longue durée : déconstruction ou historicisation</hi> ? Communication au Symposium de clôture du programme PSDR, Lyon, 9-11 mars 2005, à paraître</bibl><bibl>Mendels F.F., 1972 — Proto-industrialization : the First Phase of the Process of Industrialization, <hi rend="italic">Journal of Economic History,</hi> 32 : 241-261.</bibl><bibl>Olivier J.-M., 2004 — <hi rend="italic">Des clous, des horloges et des lunettes. Les campagnards moréziens en industrie</hi> (1780-1914), Paris, Éditions du Comité des travaux historiques et scientifiques, 608 p.</bibl><bibl>Pluvinage J., Tchakérian E., Dodet F., 2003 — <hi rend="italic">Quelles relations entre les formes de multifonctionnalité de l’agriculture et la configuration du développement territorial ? Application au Diois.</hi> In : Recherche pour et sur le développement régional. Séminaire de Montpellier, décembre 2002, Inra, t. 2, 385-96</bibl><bibl>Tchayanov A.V., 1990 <hi rend="italic">— L’organisation de l’économie paysanne,</hi> Paris, Libr. du Regard, 344 p.</bibl></listBibl>
			</div>
		</back>
	</text>
</TEI>
