<?xml version="1.0" encoding="utf-8"?>
<TEI xmlns="http://www.tei-c.org/ns/1.0" xmlns:xsi="http://www.w3.org/2001/XMLSchema-instance" xsi:schemaLocation="http://www.tei-c.org/ns/1.0 http://www.lodel.org/ns/tei.openedition.1.0.xsd">
	<teiHeader>
		<fileDesc>
			<titleStmt>
				<title level="a" type="main">Adresse bibliographique</title>
			</titleStmt>
			<publicationStmt>
				<availability>
					<p>
						
						
						
					</p>
				</availability>
				<idno type="url">http://books.openedition.org/irdeditions/4625</idno>
			</publicationStmt>
			<sourceDesc>
				<biblFull>
					<titleStmt>
						<title/>
						
						
					</titleStmt>
					<publicationStmt>
						<date>
						</date>
						<idno type="pp">4</idno>
					</publicationStmt>
				</biblFull>
			</sourceDesc>
		</fileDesc>
		<encodingDesc>
			<appInfo>
				<application version="1.0" ident="Lodel">
					<label>Lodel</label>
					<desc><ref target="http://www.tei-c.org/">We use TEI</ref></desc>
				</application>
			</appInfo>
			<tagsDecl>
				<rendition xml:id="T1" scheme="css">text-decoration:line-through</rendition>
				<rendition xml:id="T2" scheme="css">font-variant:small-caps;text-decoration:underline</rendition>
				<rendition xml:id="T3" scheme="css">font-variant:small-caps</rendition>
				<rendition xml:id="T4" scheme="css">text-transform:uppercase</rendition>
				<rendition xml:id="T5" scheme="css">text-transform:uppercase;text-decoration:underline;</rendition>
			</tagsDecl>
		</encodingDesc>
		<profileDesc>
			<langUsage>
				<language ident="fr">fr</language>
			</langUsage>
			
			<textClass>
				
				
			</textClass>
		</profileDesc>
	</teiHeader>
	<text>
		<front>
		</front>
		<body>
			<p><hi rend="bold">Mise en page</hi><lb/>Aline Lugand – Gris Souris</p><p><hi rend="bold">Fabrication</hi><lb/>Catherine Plasse</p><p><hi rend="bold">Maquette de couverture</hi><lb/>Michelle Saint-Léger</p><p><hi rend="bold">Maquette intérieure</hi><lb/>Catherine Plasse</p><p><hi rend="italic">Photo de couverture</hi><lb/>Nicolas-Théodore de Saussure (1767-1845), auteur des <hi rend="italic">Recherches chimiques</hi> (1804) qui bouleversèrent nos connaissances de la nutrition végétale.<lb/>Document aimablement fourni par le département iconographique de la Bibliothèque de Genève.</p><p>Sauf mention particulière, toutes les photos sont des auteurs.</p><p>La loi du 1<hi rend="sup">er</hi> juillet 1992 (code de la propriété intellectuelle, première partie) n’autorisant, aux termes des alinéas 2 et 3 de l’article L. 122-5, d’une part, que les « copies ou reproductions strictement réservées à l’usage du copiste et non destinées à une utilisation collective » et, d’autre part, que les analyses et les courtes citations dans le but d’exemple ou d’illustration, « toute représentation ou reproduction intégrale ou partielle faite sans le consentement de l’auteur ou de ses ayants droit ou ayants cause est illicite » (alinéa 1<hi rend="sup">er</hi> de l’article L. 122-4).</p><p>Cette représentation ou reproduction, par quelque procédé que ce soit, constituerait donc une contrefaçon passible des peines prévues au titre III de la loi précitée.</p><p>© IRD, 2007</p><p>ISSN : 0767-2896<lb/>ISBN : 978-2-7099-1626-4</p></body>
		<back>
		</back>
	</text>
</TEI>
