<?xml version="1.0" encoding="utf-8"?>
<TEI xmlns="http://www.tei-c.org/ns/1.0" xmlns:xsi="http://www.w3.org/2001/XMLSchema-instance" xsi:schemaLocation="http://www.tei-c.org/ns/1.0 http://www.lodel.org/ns/tei.openedition.1.0.xsd">
	<teiHeader>
		<fileDesc>
			<titleStmt>
				<title level="a" type="main">Le projet de paysage en agronomie</title>
				<title type="alt" xml:lang="en">The landscape project in agriculture</title>
				<author>
					<persName><forename>Régis</forename><surname>Ambroise</surname></persName>
					<affiliation>
						<s>&#13;
							Régis <hi rend="bold">Ambroise</hi>, Mission paysage, Direction générale de la forêt et des affaires rurales, ministère de l’Agriculture, de l’Alimentation, de la Pêche et des Affaires rurales, 78 rue de Varenne, 75349 Paris 07 SP</s>
					</affiliation>
					<email>
						<s>regis.ambroise@agriculture.gouv.fr</s>
					</email>
				</author>
			</titleStmt>
			<publicationStmt>
				<availability>
					<p>
						
						
						
					</p>
				</availability>
				<idno type="url">http://books.openedition.org/irdeditions/4692</idno>
			</publicationStmt>
			<sourceDesc>
				<biblFull>
					<titleStmt>
						<title/>
						
						
						<respStmt>
							<resp>auteur</resp>
							<name>Régis Ambroise</name>
						</respStmt>
					</titleStmt>
					<publicationStmt>
						<date>
						</date>
						<idno type="pp">393-403</idno>
					</publicationStmt>
				</biblFull>
			</sourceDesc>
		</fileDesc>
		<encodingDesc>
			<appInfo>
				<application version="1.0" ident="Lodel">
					<label>Lodel</label>
					<desc><ref target="http://www.tei-c.org/">We use TEI</ref></desc>
				</application>
			</appInfo>
			<tagsDecl>
				<rendition xml:id="T1" scheme="css">text-decoration:line-through</rendition>
				<rendition xml:id="T2" scheme="css">font-variant:small-caps;text-decoration:underline</rendition>
				<rendition xml:id="T3" scheme="css">font-variant:small-caps</rendition>
				<rendition xml:id="T4" scheme="css">text-transform:uppercase</rendition>
				<rendition xml:id="T5" scheme="css">text-transform:uppercase;text-decoration:underline;</rendition>
			</tagsDecl>
		</encodingDesc>
		<profileDesc>
			<langUsage>
				<language ident="fr">fr</language>
			</langUsage>
			
			<textClass>
				
				
				<keywords scheme="keyword" xml:lang="en">
					<list>
						
						
						<item>history</item>
						<item>landscape</item>
						<item>agricultural conception</item>
						<item>21th century</item>
					</list>
				</keywords>
				<keywords scheme="keyword" xml:lang="fr">
					<list>
						
						
						<item>paysage</item>
						<item>histoire</item>
						<item>pensée agronomique</item>
						<item>contemporanéité</item>
					</list>
				</keywords>
			</textClass>
		</profileDesc>
	</teiHeader>
	<text>
		<front>
			<p>Le retour sur l’histoire amène à comprendre combien les paysages ruraux dont on considère qu’ils méritent d’être protégés ont été, à l’origine, le résultat d’un projet technique, politique, culturel suffisamment puissant pour qu’il arrive à traverser une ou plusieurs périodes historiques. Les paysages sont l’expression de projets. Les spécialistes contemporains du paysage ont décrit comment s’est exprimée, dans les époques qui nous ont laissé le plus de témoignages remarquables, une pensée paysagère agronomique et paysanne liée aux réflexions concernant le projet agricole et l’aménagement du territoire. Cette culture paysagère est elle-même le reflet des valeurs de l’époque. Comment aujourd’hui réintégrer la question du paysage dans le projet agronomique contemporain ?Looking back into the past brings forth how valued or protected landscapes are products of technical, political and cultural visions, especially when such visions have been strong enough to cross several historical periods. Landscapes are the expression of particular projects. Contemporary landscape scientists have described the production of a specific landscape culture among agronomists, crop specialists, and farmers, linked to farming projects and land-use planning. This farming culture of landscape is in itself a reflection of the values of these historical periods. This article questions the possibilities of re-introducing the question of landscape within contemporary agricultural policies and visions.</p></front>
		<body>
			<p rend="epigraph">À la mémoire de J.-P. Deffontaines décédé en octobre 2006</p><div type="div1"><head subtype="level1">Les paysages cisterciens</head><p>Georges Duby explique la façon selon laquelle étaient conçus les aménagements réalisés par les cisterciens de façon à ce qu’ils contribuent à leur recherche mystique. Au cœur des friches obscures, refuges pour les forces du mal, la clairière aménagée rationnellement et le cloître jouaient le rôle symbolique de puits de lumière permettant de rendre sensible, sur terre, la présence divine. Pour autant, les systèmes agronomiques mis en place permettaient d’accroître la richesse produite et d’améliorer les conditions de vie des paysans.</p><p>« Dans la clairière, l’agencement des quartiers de labour et des chemins de desserte, le réseau des drains et des biefs, des moulins, des officines, tout est orienté, tout converge vers un centre, le lieu où la demeure s’élève. En celle-ci, comme en la personne de ceux qu’elle abrite, rassemblés, s’établit la jonction entre le charnel et le spirituel, entre cette aire terrestre qui à mesure que l’on s’éloigne de la maison devient plus opaque, jusqu’aux ténèbres de l’orage et de la forêt profonde, et cette autre, immatérielle, échappant aux regards, mais dont chacun sait qu’elle s’ouvre sur le domaine des anges pour culminer dans les splendeurs insoutenables dont le trône du Tout-Puissant est l’unique foyer. »</p><p>Ces principes agronomiques et ces modes d’organisation du territoire allaient influencer l’Europe entière, chaque abbaye adaptant les réponses techniques à la spécificité de chaque territoire.</p></div><div type="div1"><head subtype="level1">La renaissance italienne</head><p>À Sienne, en Toscane, dans une salle du <hi rend="italic">Palazzo Pubblico</hi> où siègent les dignitaires de la ville, se trouvent les fresques d’Ambrogio Lorenzetti : le Bon et le Mauvais Gouvernement. D’un côté, la représentation du malheur avec son cortège de guerres, de famines, d’incendies et de pillages, de l’autre, l’image d’une ville à égalité avec la campagne où banquiers, marchands, artisans et paysans vivent en harmonie, de leur travail et de leurs échanges réciproques (figure 1).</p><p>Dans les années 1340, période où sévissait la grande peste en Europe, l’artiste avait pu facilement s’inspirer de la réalité pour réaliser la fresque de Mauvais Gouvernement. Par contre, le Bon Gouvernement correspond à une utopie imaginée par les commanditaires du peintre. Ils lui demandèrent de mettre en valeur et en cohérence des formes paysagères d’avenir, encore éparses sur le territoire, et qui ne correspondaient pas, loin s’en faut, à la réalité commune des campagnes, alors marquées par les crises du 14<hi rend="sup">e</hi> siècle. Alors que la population, réduite peut-être de moitié, avait perdu la capacité d’entretenir un territoire parfois déserté et en voie de retour à l’état sauvage, cette représentation allait pourtant s’imposer sur le territoire toscan. L’artiste représente ainsi un véritable projet de société avec ses composantes politiques (prise du pouvoir par les banquiers et les marchands, transformation du servage en métayage), ses composantes techniques (mise en valeur des dernières découvertes architecturales et agronomiques), ses composantes culturelles (émergence de l’humanisme). Grâce à la découverte de la perspective, tout ce grand projet est représenté dans un paysage alors imaginaire où la ville et la campagne se complètent harmonieusement.</p><p><figure><graphic url="../MEDIA/ird005-34-img01.jpg"/></figure></p><p rend="figure-legend">Figure 1. Détail de la fresque du Bon Gouvernement, Sienne 1348.</p><p>Les hommes d’affaires et de culture toscans surent faire les choix de raison proposés par la fresque. Ils installent, comme le suggérait l’artiste, leurs villas en haut des collines sur des terrasses dominant des jardins élégants qui dénotent leur goût pour la nature et la précision de leur savoir-faire.</p><p>Au-delà, c’est l’ensemble du paysage qu’ils organisent, faisant profiter de leurs connaissances agronomiques leurs métayers libérés du féodalisme. D’un coup d’œil, le regard peut saisir l’espace qui entoure la propriété et permet au promeneur de se l’approprier. La ville, les villas, les jardins et le paysage font partie de la composition. L’ordre exprimé par l’architecture des villas et des jardins se prolonge dans la plantation des alignements de cyprès, l’agencement des rangs de vignes et jusqu’à la manière de tailler les arbres fruitiers. L’aménagement des collines en terrasses, ou en banquettes, pour réduire ou utiliser la pente, l’installation de haies plessées pour protéger les champs du cheptel, l’association entre cultures, animaux et arbres sont autant de façons d’améliorer la production agricole et de recomposer le paysage selon les mêmes principes de clarté que ceux qui inspirèrent les grands architectes de cette période.</p><p>Cette fresque va devenir un modèle à la Renaissance, puis s’imprimer concrètement sur le territoire pour plusieurs siècles et être à l’origine de paysages qui constituent aujourd’hui un véritable patrimoine. On peut encore admirer de nos jours l’image proposée par l’artiste au <hi rend="italic">Palazzo Pubblico</hi> ou dans la campagne autour de Sienne. C’est d’ailleurs devant la fresque du Bon Gouvernement que s’est clôturée en 1998 la conférence de Florence préparatoire à la convention européenne des paysages. Ce choix voulait marquer ainsi l’ambition de cette convention : aider les pays européens à imaginer leur futur paysage.</p><p>Ce n’est pas un hasard si des représentations remarquables proviennent de cette partie de l’Italie où convergeaient les plus grands artistes et hommes de science de l’époque. Peintres, poètes, agronomes vont ensemble donner toute sa force à cette idée de beau paysage et en faire un des éléments fondamentaux de la culture agronomique toscane. Au 15<hi rend="sup">e</hi> siècle, avec la perspective, découverte à laquelle ils participent, les peintres vont exprimer les paysages avec une précision remarquable fondée sur une connaissance aiguë de la réalité. L’ensemble de l’organisation du territoire s’inscrit dans leurs œuvres, avec les ponts et chemins, les cours d’eau, les plaines cultivées, les collines marquées par l’érosion ou au contraire protégées par des murets. Ces peintures reflètent l’unité d’inspiration des artistes de cette époque, hommes de foi et de raison, capables d’assimiler le réel et l’imaginaire grâce à leur conception de l’espace, où des règles de proportions simples d’agencement des éléments entre eux conduisent à la « proportion divine », paysages en résonance profonde avec l’harmonie et l’humanisme qui se dégagent des visages des personnages.</p><p>Ces hommes allaient entraîner une région puis toute une civilisation dans un vaste mouvement dont nous sommes les héritiers.</p></div><div type="div1"><head subtype="level1">Le siècle paysagiste</head><p>Plus tard, au 19<hi rend="sup">e</hi> siècle, les agronomes en lien avec les artistes peintres, écrivains, paysagistes, prirent encore une part considérable dans un débat pour un nouvel ordre social, politique et économique, dont l’harmonie des paysages, clairement revendiquée, devait refléter l’harmonie sociale (la terre aux paysans) et la prospérité future du pays (l’idée de pays de Cocagne), ainsi qu’un nouveau rapport de l’homme à la nature.</p><p>Les ingénieurs des Ponts et chaussées, formés au dessin et à la peinture et dont on a pu écrire qu’ils étaient des ingénieurs artistes, inventèrent de remarquables ouvrages d’art pour faciliter les communications. Ils participèrent également aux grandes politiques d’embellissement du pays en offrant comme modèle aux régions, ces magnifiques routes royales puis nationales plantées d’arbres d’alignement, véritables allées du territoire qui suscitèrent l’admiration de tous les grands voyageurs de l’époque. Au niveau agricole, des agronomes reprennent l’héritage d’Olivier de Serres pour qui l’agriculture est le premier des arts. Formés à l’art des jardins Jean-François Rozier, René-Louis de Girardin, ou François de Neufchâteau, qui devient en l’an VII ministre de l’Agriculture, de l’Intérieur et des Arts, lancent de vastes politiques dont les éléments techniques étaient la suppression de la jachère, le défrichage et la mise en valeur des terres, l’installation de prairies temporaires, le développement de l’élevage, l’incitation aux plantations de haies, aux enclosures. Les textes de F.A. Rauch et les images qui les accompagnent décrivent très précisément ce processus entre l’état initial du territoire et l’objectif projeté (figures 2 et 3).</p><p>Ce grand dessein, encouragé par l’administration, a entraîné de profondes transformations du paysage français et une augmentation considérable, au moins jusqu’au milieu du 19<hi rend="sup">e</hi> siècle, du nombre de paysans élevés au rang de petits propriétaires.</p><p>Le modèle paysager qui sous-tendait ces projets inspirés encore une fois par les peintres, en particulier Le Lorrain ou Hubert Robert, venait de la riche campagne anglaise avec ses bocages et ses jardins, mais il s’adapta à toutes les diversités régionales. Des dessins, retrouvés dans les archives, présentent les primes d’honneur attribuées par le ministère de l’agriculture sous Napoléon III aux exploitations les plus en pointe de chaque département, en termes de développement technique, économique et social. On peut y détecter les influences paysagères auxquelles étaient soumis les agronomes de l’époque. En même temps, ces dessins, réalisés par des ingénieurs, mettent en valeur, à travers les expérimentations primées, la pensée paysagère agronomique de l’époque et ce qu’elle a apporté dans la réflexion sur l’avenir des paysages. L’évolution concrète des territoires a transformé le regard porté par les artistes sur l’espace rural.</p><p><figure><graphic url="../MEDIA/ird005-34-img02.jpg"/></figure></p><p rend="figure-legend">Figure 2. Gravure en noir et blanc « Fructification des terres incultes et des eaux vides de la France ». F. A. Rauch,1821, état initial.</p><p><figure><graphic url="../MEDIA/ird005-34-img03.jpg"/></figure></p><p rend="figure-legend">Figure 3. Gravure en noir et blanc « Fructification des montagnes arides, des terres incultes et repopulation des eaux de la France ». F. A. Rauch, 1821, état projeté.</p><p>En dehors des représentation de l’agronomie officielle, la toponymie, (Bellecombe, le Pré Coquet, le Crêt Joli…), l’observation des peintures paysannes telles qu’on en trouve plus souvent en montagne, les textes locaux ou tout simplement la qualité des structures paysagères et de l’architecture agricoles, constituent l’expression d’une véritable culture paysagère paysanne qui a modifié notre façon de voir les paysages. Celle-ci était fondée sur une connaissance fine des milieux, une utilisation savante des ressources naturelles disponibles favorisant une grande diversité de productions agricoles et de paysages, une éducation du regard fondée sur l’idée qu’il existe une relation entre le beau et le bon (figures 4, 5, 6).</p><p><figure><graphic url="../MEDIA/ird005-34-img04.jpg"/></figure></p><p rend="figure-legend">Figure 4. Plans et dessins de la ferme viticole de l’Hérault, 1856. Bâtiments.</p><p><figure><graphic url="../MEDIA/ird005-34-img05.jpg"/></figure></p><p rend="figure-legend">Figure 5. Plans et dessins de la ferme viticole de l’Hérault, 1856. Projet technique.</p><p><figure><graphic url="../MEDIA/ird005-34-img06.jpg"/></figure></p><p rend="figure-legend">Figure 6. Plans et dessins de la ferme viticole de l’Hérault, 1856. Projet paysager.</p><p>Malgré toutes les dérives de l’histoire, la France, dont le paysage rural était considéré en 1789 comme lamentable par l’agronome anglais Arthur Young, acquiert, un siècle plus tard, la réputation d’être le jardin de l’Europe. Certes, il y eut des résistances, notamment contre la disparition des terrains communaux, espaces refuges pour les petits paysans sans terre, mais ce qui peut caractériser cette époque, c’est la convergence relative entre une nouvelle organisation économique et sociale et un projet paysager assez clairement défini dans lequel s’est finalement reconnu l’ensemble de la société.</p></div><div type="div1"><head subtype="level1">Quel projet de paysage pour quel projet d’agriculture ?</head><p>De ces rappels historiques, nous tirerons la conclusion que les paysages ou les structures paysagères que l’on cherche à protéger ont très souvent été le résultat de projets de société intégrant la beauté et les symboles des valeurs de l’époque à la recherche de solutions techniques. À travers la protection de certaines marques de ces paysages anciens, ce qu’il convient de protéger, au-delà même de leur qualité, c’est la mémoire de l’idée de projet. Ces espaces remarquables qui ont traversé les siècles nous amènent à rechercher dans les politiques d’aménagement une alliance entre les approches techniques, sociales et esthétiques, pour répondre aux enjeux de notre époque et créer de véritables paysages contemporains de qualité qui ne soient ni nostalgiques, ni simples décors ou cache misères sans lien aux territoires. Aujourd’hui, revisiter l’histoire agronomique de nos paysages ferait gagner du temps. Les documents agronomiques ou iconographiques qui existent dans chaque région constituent un fond culturel important sur lequel une agriculture durable nouvelle, s’appuyant sur les potentialités locales, peut s’inspirer pour trouver des méthodes ou parfois même des solutions techniques adaptables au contexte actuel (figure 7).</p><p><figure><graphic url="../MEDIA/ird005-34-img07.jpg"/></figure></p><p rend="figure-legend">Figure 7. La « Poya » dans la région de Gruyères (Suisse).</p><p>L’enjeu est de taille, car c’est bien la question de l’agriculture et du paysage du 21<hi rend="sup">e</hi> siècle, en France et en Europe, qui est posée à la société tout entière. Associer les diverses approches scientifiques à celles que l’on pourrait qualifier de sensible-paysagiste, ne signifie pas cautionner n’importe quel paysage par des décors factices, c’est bien plutôt insérer à nouveau l’esprit de finesse dans la recherche agronomique, dans les choix d’aménagement du territoire, dans les rapports à la propriété du sol. Il faut établir de nouvelles relations entre la ville et la campagne, les citadins et les ruraux, la nature et l’agriculture, l’art et la technique (photo 1). Il faut renouer avec cette tradition léguée par des hommes comme l’Ardéchois Olivier de Serres qui savaient associer culture, science, amour de l’homme et du vivant. Les conditions existent pour que ces questions s’affirment comme un des grands problèmes démocratiques de la période à venir.</p><p><figure><graphic url="../MEDIA/ird005-34-img08.jpg"/></figure></p><p rend="figure-legend">Photo 1. Paysage contemporain d’agroforesterie en Ariège (photo Raymond Sauvaire).</p></div></body>
		<back>
			<div type="bibliography">
				<listBibl>
					<bibl type="head" subtype="level1">Références</bibl><bibl>Ambroise R., Bonneaud F., Brunet-Vinck V., 2000 — <hi rend="italic">Agriculteurs et Paysages</hi>. Educagri éd., 208 p.</bibl><bibl>Ambroise R., Frapa P., Gioggis S., 1989 (rééd.1993) — <hi rend="italic">Paysages de Terrasses</hi>. Edisud, 192 p.</bibl><bibl>Cabanel J., 2001 — <hi rend="italic">Politiques de paysage en agriculture, l’apport de François Antoine Rauch. Aménagement et Nature</hi>,141, 66-71.</bibl><bibl>Duby G., 1979 — <hi rend="italic">Saint Bernard l’art cistercien. Champs Flammarion</hi>, 187 p.</bibl><bibl>Luginbuhl Y., 1989 — <hi rend="italic">Paysages textes et représentations du siècle des lumières à nos jours</hi>. La Manufacture, 269 p.</bibl><bibl>Larrère R., 1989 — La France, comme un beau jardin. In : <hi rend="italic">La Révolution Française et le monde rural</hi>. CTHS.</bibl><bibl>Ministère de l’agriculture, 1866 à 1872 — <hi rend="italic">Les primes d’honneur</hi>. CD-Rom Educagri-éditions</bibl><bibl>Ministère de l’agriculture, de l’alimentation, de la pêche et des affaires rurales, 2002 — <hi rend="italic">L’agriculture et la forêt dans le paysage</hi>, 104 p. www.agriculture.gouv.fr ressources/environnement/paysage et architecture.</bibl><bibl>Sereni E., 1965 — <hi rend="italic">Histoire du paysage rural italien. Julliard</hi>.</bibl></listBibl>
			</div>
		</back>
	</text>
</TEI>
