<?xml version="1.0" encoding="utf-8"?>
<TEI xmlns="http://www.tei-c.org/ns/1.0" xmlns:xsi="http://www.w3.org/2001/XMLSchema-instance" xsi:schemaLocation="http://www.tei-c.org/ns/1.0 http://www.lodel.org/ns/tei.openedition.1.0.xsd">
	<teiHeader>
		<fileDesc>
			<titleStmt>
				<title level="a" type="main">Le point de vue d’une historienne</title>
				<title type="alt" xml:lang="en">The contribution of the historians</title>
				<author>
					<persName><forename>Geneviève</forename><surname>Gavignaud-Fontaine</surname></persName>
					<affiliation>
						<s>&#13;
							Geneviève <hi rend="bold">Gavignaud-Fontaine</hi>, univ. Montpellier-3, route de Mende, 34199 Montpellier cedex 5</s>
					</affiliation>
					<email>
						<s>genevieve.fontaine@univ-montp3.fr</s>
					</email>
				</author>
			</titleStmt>
			<publicationStmt>
				<availability>
					<p>
						
						
						
					</p>
				</availability>
				<idno type="url">http://books.openedition.org/irdeditions/4636</idno>
			</publicationStmt>
			<sourceDesc>
				<biblFull>
					<titleStmt>
						<title/>
						
						
						<respStmt>
							<resp>auteur</resp>
							<name>Geneviève Gavignaud-Fontaine</name>
						</respStmt>
					</titleStmt>
					<publicationStmt>
						<date>
						</date>
						<idno type="pp">33-43</idno>
					</publicationStmt>
				</biblFull>
			</sourceDesc>
		</fileDesc>
		<encodingDesc>
			<appInfo>
				<application version="1.0" ident="Lodel">
					<label>Lodel</label>
					<desc><ref target="http://www.tei-c.org/">We use TEI</ref></desc>
				</application>
			</appInfo>
			<tagsDecl>
				<rendition xml:id="T1" scheme="css">text-decoration:line-through</rendition>
				<rendition xml:id="T2" scheme="css">font-variant:small-caps;text-decoration:underline</rendition>
				<rendition xml:id="T3" scheme="css">font-variant:small-caps</rendition>
				<rendition xml:id="T4" scheme="css">text-transform:uppercase</rendition>
				<rendition xml:id="T5" scheme="css">text-transform:uppercase;text-decoration:underline;</rendition>
			</tagsDecl>
		</encodingDesc>
		<profileDesc>
			<langUsage>
				<language ident="fr">fr</language>
			</langUsage>
			
			<textClass>
				
				
				<keywords scheme="keyword" xml:lang="en">
					<list>
						
						
						<item>sustainable development</item>
						<item>long-term</item>
						<item>multidisciplinarity</item>
					</list>
				</keywords>
				<keywords scheme="keyword" xml:lang="fr">
					<list>
						
						
						<item>temps long</item>
						<item>pluridisciplinarité</item>
						<item>développement raisonné</item>
					</list>
				</keywords>
			</textClass>
		</profileDesc>
	</teiHeader>
	<text>
		<front>
			<p>Le dialogue s’intensifie entre historiens et agronomes. Tandis qu’agronomes et économistes ont généralement cheminé de conserve, au fil du temps présent, bon nombre d’historiens ruralistes ont cherché à inscrire dans le temps long les conséquences sociales, et donc humaines, du développement économique. Confrontés au déroulement du temps, de continuités en crises et ruptures, tant au niveau des civilisations que des pensées qui les charpentent, certains historiens attentifs à la notion de « développement raisonné » en font le lieu privilégié d’une nouvelle rencontre avec les agronomes.The dialogue between historians and agronomists keeps developing. While agronomists and economists have generally seemed to understand each other, in recent times many rural historians have been emphasizing the very long-term for their observations on the social, and hence human, consequences of the economic development. Confronted with the time in terms both of the civilisations and of the thinking on which they are based (that is made of continuity in between crises and ruptures), some historians are using the notion of “sustainable development” as a key for efficient multi-disciplinarity and as a meeting place for agronomists, historians, economists, and others scientists.</p></front>
		<body>
			<p>Les historiens ruralistes ont ponctué leur parcours de jalons à l’intersection des sciences humaines, sociales et économiques ; ils ont particulièrement privilégié le dialogue avec les agronomes, et ils sont heureux de le poursuivre aujourd’hui.</p><p>Un dialogue qui ne saurait encourager à un quelconque impérialisme de l’une des disciplines sur l’autre : chacune se présente dans sa spécificité, avec les champs d’études et les méthodes qui lui sont habituels. Aucun véritable dialogue ne se réduit cependant à un seul échange de courtoisie ; celui qui se poursuit aujourd’hui peut contribuer à élargir les horizons pour tous, historiens et agronomes en chantiers d’études sur la même ruralité agricole.</p><p>Ainsi sont-ils invités à réfléchir, ensemble, sur l’interaction des deux disciplines – histoire et agronomie –, et à décider sur quelles bases ils peuvent cheminer ensemble. Surtout s’ils entendent dépasser le seul fait de mettre les actions sur le terrain au compte des agronomes, et la mémoire desdites actions au compte des historiens. Le débat tournerait court s’il n’était canalisé en termes de « continuité » et « ruptures », thématique qui permet de poursuivre le dialogue en termes de « durabilité ».</p><p>Paul Robin dira ci-après, en tant qu’agronome, sa façon d’analyser le débat ainsi ouvert ; il m’appartient de le faire en qualité d’historienne. Dans cette mission, ô combien délicate, s’impose d’abord la présentation de quelques-uns des concepts fondateurs de la méthode historique – en tout cas ceux pratiqués par l’auteur de ces lignes ; ensuite, il convient de comprendre dans quelle mesure pourrait se prolonger un début de cheminement commun.</p><div type="div1"><head subtype="level1">Les fondamentaux de l’historien ruraliste</head><p>D’abord précisons le rôle de l’historien, tel qu’il semble largement partagé par la profession : observer, classer, analyser des faits authentiques, attestés par les documents, afin de rendre intelligible, pour le transmettre, le passé. C’est-à-dire, pour le moins, rendre à la société la mémoire de son passé. Rôle qui peut être complété par une réflexion sur ce qui, de l’expérience des hommes, peut éclairer leur avenir. Spécialiste du vécu, attentif aux concordances, interactions et ruptures saisissables à la seule échelle du temps long, l’historien relie alors le passé au présent.</p><p>C’est, en vérité, tout un programme que celui de la science historique ainsi conçue comme centrée sur la vaste réalité, passée et présente. Pour s’efforcer de le remplir, les praticiens ont à leur disposition plusieurs outils ; les générations précédentes les ont forgés en liens plus ou moins serrés avec les recommandations faites par l’école des Annales<note place="foot" n="1"><p rend="footnote">  Lucien Febvre et Marc Bloch fondent, en 1929, la revue <hi rend="italic">Annales d’Histoire économique et sociale</hi> ; cf. Geneviève Gavignaud-Fontaine, « La méthode historique des Annales à l’épreuve des sociétés rurales contemporaines », <hi rend="italic">in</hi> : Charles Olivier Carbonell, <hi rend="italic">Une passion pour l’histoire</hi>, Toulouse, Privat, 2002, pp. 183-196.</p></note>. Celles-ci sont bien connues, rappelons-les succinctement :</p><list type="unordered"><item>recours à la longue durée ;</item><item>prise en compte des masses populaires (plus, il est vrai, en tant que masses que somme d’individualités) ;</item><item>pluridisciplinarité ;</item><item>intérêt porté aux faits économiques en particulier, et aux faits en général, qu’ils quantifient volontiers.</item></list><p>La méthode est apte à saisir le « fait global », et à supporter des adaptations, à condition de respecter l’attention à porter « au social » dans « le temps long ». Rien ne s’oppose, en outre, à ce que la « masse » soit considérée comme somme d’individus ou de personnes.</p><div type="div2"><head subtype="level2">Le poids de la société… et de l’homme</head><p>L’historien est donc invité à faire intervenir les diverses disciplines de l’existence en général : sciences de la terre, de l’homme, de la société (économie et politique incluses) sont mises à contribution. Cependant, les divers recours à la géographie, démographie, économie, agronomie, sociologie, psychologie, politique, philosophie... ne se font pas sans adaptations spécifiques.</p><p>Ainsi, lorsqu’il fait de « l’histoire économique », l’historien n’agit pas en économiste<note place="foot" n="2"><p rend="footnote">  Ce qui peut leur être reproché. L’influence de la <hi rend="italic">New economic history</hi> a peu marqué la recherche historique française.</p></note>, mais en praticien de la société conscient de l’importance de l’économie : ce qui l’intéresse au premier chef, ce sont les hommes, les sociétés qu’ils constituent, lesquelles s’inscrivent, avec leur fonctionnement économique, dans le temps, comme en témoignent les thèses d’histoire rurale faites dans la mouvance de ladite école.</p><p>Celles-ci se sont montrées, au fil des ans, plus ou moins attentives à la masse, et donc plus ou moins soucieuse de chaque homme en particulier. Le fait de prendre en compte sur le terrain, soit le passé ou le devenir d’hommes et de femmes précis et précieux – les personnes –, soit celui d’individus anonymes fondus dans « la masse », introduit une différence de taille pour distinguer des travaux d’inspiration socialiste<note place="foot" n="3"><p rend="footnote">  Conception sociologique selon laquelle la société est un agrégat d’hommes constitués en classes, aux intérêts nettement désignés, et communs à l’ensemble des groupes respectifs.</p></note> ceux qui relèvent d’une orientation personnaliste<note place="foot" n="4"><p rend="footnote">  Conception selon laquelle l’homme est antérieur à la société, et doté d’une valeur unique qui en fait une personne. Cf. la philosophie personnaliste de Mounier.</p></note>. Ceux qui optent pour la prise en compte des seuls « individus », autonomes, expriment plus spécifiquement une conception libérale (dite aussi néo, voire ultra-libérale) de l’économie<note place="foot" n="5"><p rend="footnote">  Conception qui fait de l’homme un rouage de l’économie mise au service des plus performants.</p></note>.</p><p>Nonobstant ces divergences, dont il faut convenir qu’elles sont de taille à nuancer l’influence d’une école, les historiens ruralistes sont nombreux à inscrire leur recherche dans une longue durée, parfois multiséculaire, de façon à disposer d’éléments de référence dans la continuité, et faire ressortir avec le plus de relief possible les ruptures qui l’affectent.</p></div><div type="div2"><head subtype="level2">La force du temps</head><p>L’enseignement de Fernand Braudel<note place="foot" n="6"><p rend="footnote">  Fernand Braudel, 1902-1985; historien, professeur au Collège de France, directeur d’Etude H.E.S.S., Maison des Sciences de l’Homme. Cf. son abondante bibliographie.</p></note> s’est révélé particulièrement fructueux en la matière ; la mise en perspective d’une temporalité à trois vitesses a permis :</p><list type="unordered"><item>de maintenir l’attention sur le temps individuel, mesurable à l’aune d’une génération et de ses conjonctures ;</item><item>de dégager la force du temps social, celui des civilisations et de leurs structures à longue respiration ;</item><item>sans perdre de vue le temps des réalités géographiques, plus lentes à se mouvoir.</item></list><p>L’historien dispose, de la sorte, d’un instrument de mesure pour avancer dans sa recherche : le « temps long », « longue durée » ou « continuité historique ». Le temps, dont l’histoire est indissociable, confirme, ou infirme, l’efficacité des orientations et actions mises en œuvre pour corriger les conjonctures (temps court), les structures (temps long).</p><p>Dire que l’historien inscrit l’homme, et les sociétés qu’il forme, dans le temps, conduit à souligner une forte différence avec ceux qui l’inscrivent sur l’espace en général, et le seul espace économique en particulier.</p><p>Car le temps écoulé éclaire les résultats du cheminement de l’homme sur terre, avec référence à la valeur de l’expérience ; de même, l’historicité<note place="foot" n="7"><p rend="footnote">  Caractère de ce qui est attesté par l’histoire. N’est synonyme ni « d’historisme » (considération de l’homme en tant que développement historique), ni « d’historicisme » (recherche de l’explication d’un phénomène à partir de sa place dans l’histoire).</p></note> d’un projet temporel de société autorise à en mesurer les effets <hi rend="italic">a posteriori</hi>. En conséquence, la méthode historique contrevient à l’examen d’un parcours de laboratoire, à l’analyse d’un présent sans passé ; elle incite à retenir du vécu ce qui a fait ses preuves : en somme, un plaidoyer pour une « pédagogie du progrès »<note place="foot" n="8"><p rend="footnote">  H. Puel, <hi rend="italic">L’Economie au service de l’éthique</hi>, Paris, Cujas, 1989, p. 120.</p></note>.</p><p>Et ce n’est pas tout. La force de la logique temporelle sous-tend la logique rationnelle.</p></div><div type="div2"><head subtype="level2">La logique des concordances</head><p>Autrement dit, la prise en compte de la durée empêche de pouvoir dérouler constats et bilans, sans être attentifs aux éventuelles contradictions que ces derniers sont susceptibles d’introduire dans le raisonnement ; de même, le suivi de la continuité historique permet-il à l’historien d’éviter de réduire tout réalisme factuel à la seule empirie.</p><p>À partir des faits réels et attestés, mis en série, soumis à l’épreuve du temps, émerge une logique évolutive, non des théories spéculatives. Et sont spéculatives les théories qui, même échafaudées sur du concret, perdent rapidement tout contact avec la réalité. Maintenir la force du vécu dans la pensée conduit à garder quelque distance avec un raisonnement trop mathématique, si excellent soit-il dans l’absolu, et sans aucun doute efficace en d’autres domaines, mais pas toujours conforme aux sujets des sciences humaines<note place="foot" n="9"><p rend="footnote">  « Ni quantophrénie, ni quantophobie » conseillait Jean Bouvier à ses élèves.</p></note>.</p><p>Les historiens n’en oublient pas pour autant de compter sur le terrain ; ils mesurent avec bonheur les effets sociaux des actions des agronomes, praticiens de l’exploitation rationnelle de la terre : la domination sur la nature, l’utilité de la technique, le souci de l’accroissement des denrées alimentaires, la formation et la diffusion d’un savoir ont porté, ici et là, d’heureux résultats.</p><p>Chacun sait qu’une saine nourriture favorise la régression des maladies et de la mortalité ; mais nul n’ignore plus que si priment les intérêts des marchés en vue de l’accumulation de richesses, qu’elle soit nationale ou monopolistique, les intérêts financiers passent avant ceux des populations locales. Or ce sont elles que les historiens gardent en ligne de mire, quoi qu’il arrive. Il advient même que leurs intérêts soient reconnus supérieurs aux autres considérations.</p><p>Le décor est planté : l’homme occupe le centre de la scène historique, les faits concrets ne quittent pas la pensée de l’historien qui les met en série pour les dérouler dans le temps. Les faits sont têtus, ils ne supportent d’être ni gommés ni contournés, car leurs conséquences, elles, éclatent de plein fouet, comme pour mieux dérouter ceux qui en ont minimisé les causes. Avec des effets humains plus ou moins désastreux.</p></div></div><div type="div1"><head subtype="level1">Du bon usage de la pluridisciplinarité</head><p>Chaque science a longtemps cheminé selon son propre rythme.</p><p>Pour chacune des sciences, le paradigme de base, ou matrice du savoir organisé, fournit, c’est une évidence épistémologique, l’armature conceptuelle, et détermine la problématique. L’émergence de faits nouveaux dans l’observation, de références nouvelles dans l’analyse, est en mesure, pour toutes disciplines confondues, de remettre en cause un savoir considéré comme acquis, voire doté d’une scientificité croissante.</p><p>Encore faut-il préciser qu’il ne s’agit pas seulement de doutes, de tâtonnements, ni de décalages, toutes choses communes dans la démarche intellectuelle. Il est ici question d’interrogations fondamentales – paradigmatiques – susceptibles de modifier les bases mêmes du savoir promu. De « crise ».</p><p>C’est ici qu’intervient le terme de « rupture », consécutive à la crise. Parler de rupture ne signifie pas faire seulement référence au changement qu’implique toute nouveauté technique ou scientifique ; cela impose d’intégrer le bouleversement que ne manque pas d’impliquer toute nouvelle référence de savoir.</p><div type="div2"><head subtype="level2">L’impact des ruptures</head><p>Ainsi la mutation qui s’opéra en France, au 18<hi rend="sup">e</hi> siècle, fut-elle de taille à révolutionner les comportements intellectuels.</p><p>Le mouvement physiocratique l’illustre, avec l’impact qui fut le sien sur l’économie politique classique : il conduisit le docteur Quesnay<note place="foot" n="10"><p rend="footnote">  Avec lui, Dupont de Nemours, Gournay, Turgot, Say… fondent leur pensée sur le règne de la nature et de son « harmonie universelle »; les rapports économiques sont pris pour des relations naturelles entre les hommes. L’agriculture constitue la source première de richesses ; la libération des forces qui l’enserrent devrait permettre d’en démultiplier la quantité, pour le plus grand intérêt de chacun. En Angleterre, Adam Smith ouvre la liste des économistes « classiques ».</p></note> à faire de l’économique une branche autonome des autres catégories de l’existence sociale. Il appartint à Adam Smith, Stuart Mill<note place="foot" n="11"><p rend="footnote">  Auteurs, respectivement de <hi rend="italic">Essai sur la nature et la cause de la richesse des nations</hi>, 1776 et <hi rend="italic">Principes d’Economie politique</hi>, 1848.</p></note> de renforcer la spécificité économique, tandis que François de Neufchâteau faisait l’éloge d’Olivier de Serres, comme pour mieux distinguer la pensée agronomique de la pensée économique.</p><p>Georges Lefebvre a mesuré l’ampleur de la nouvelle orientation : « à la préoccupation de la destinée eschatologique du genre humain […] les agronomes ont substitué, comme préoccupation essentielle, celle du monde vivant tel qu’il existe, c’est-à-dire l’aménagement de la terre au profit de l’homme et bien souvent, je le reconnais, ils ont mêlé au désir de connaître et de la dominer, celui d’en jouir »<note place="foot" n="12"><p rend="footnote">  Georges Lefebvre, <hi rend="italic">La Naissance de l’historien moderne</hi>, Paris, Flammarion, Nouvelle Bibliothèque Scientifique, 1971, p. 52.</p></note>.</p><p>L’alliance très tôt conclue, plus ou moins effective, entre économistes et agronomes<note place="foot" n="13"><p rend="footnote">  L’Abbé Rozier accole « économique » à son « Cours complet d’agriculture théorique, pratique, économique » (Rééd. 1805) ; Chaptal traite de « l’Industrie agricole » dans <hi rend="italic">L’Industrie française</hi> (1819) ; de Gasparin (1829-1841), Briaune (1857) et de Lavergne (1860) traitent d’« économie rurale » dans leurs ouvrages ou leurs cours. La référence à Gay-Lussac, Boussingault, Liebig fait ressortir des préoccupations sans doute autres qu’économiques, et notamment écologiques. Le lecteur trouvera dans les pages suivantes matière à compléter ces remarques.</p></note> mit un terme à trop d’hédonisme : les hommes politiques des temps modernes basaient la sécurité alimentaire sur la quantité des produits disponibles sur les marchés. La recherche d’une productivité toujours croissante rendit illimité le rôle dévolu à la technique ; l’agronome avait, plus que jamais, mission d’éduquer les agriculteurs en ce sens<note place="foot" n="14"><p rend="footnote">  Nicolas Tiquet, <hi rend="italic">Le rôle économique du professeur d’agriculture Marres, dans l’Aveyron</hi>, mémoire de maîtrise, histoire contemporaine, université Montpellier-3, 2003.</p></note>. Une façon pour l’agronomie de resserrer les liens avec l’économie, tandis que les esprits les plus calculateurs s’efforçaient de réduire progressivement l’homme à une simple capacité d’intérêt matériel.</p><p>La réflexion et la discussion peaufineront, au gré de communications à venir, les programmes dressés contre la science économique dite « classique »<note place="foot" n="15"><p rend="footnote">  Ou encore orthodoxe, néolibérale, ultralibérale, voire turbolibérale.</p></note>, qu’il soient d’inspiration socialiste<note place="foot" n="16"><p rend="footnote">  Entendu ici au sens politique du terme, avec, pour axes principaux, la lutte des classes et la négation du droit de propriété privée.</p></note>, alternative<note place="foot" n="17"><p rend="footnote">  Dans les années 1970 se développe, aux États-Unis, une « économie politique radicale » soucieuse de frayer une nouvelle voie. Ailleurs dans le monde se multiplient les mouvements altermondialistes.</p></note>, ou autre.</p><p>Le modèle fondé sur le libre équilibre des marchés, avec promesse de la satisfaction des besoins de chacun, s’est, en effet, vu contrarié par trop de distorsions entre, d’une part, l’harmonie théorique des conclusions et, d’autre part, le violent réalisme de certains faits de société.</p><p>Lorsqu’ils sont contredits par les faits, les paradigmes de référence font nécessairement subir quelques contradictions à l’exposé « scientifique » des chercheurs, même s’il n’est pas toujours aisé de le reconnaître. Certes, aucune science ne saurait se réduire à l’observation des faits bruts; mais elle ne saurait, non plus, trop longtemps les minimiser.</p><p>Pas plus qu’il ne serait contestable de mettre en évidence les adaptations de terrain : ici, se sont amplifiées des demandes de procédures collectives destinées à mettre plus de justice dans la répartition des ressources ; là, des projets politiques, établis sur des quêtes de mieux-être, incitent à mettre l’économie au service de la société, et celle-ci au service de chacun de ses membres, tous égaux en droits. La science économique perdrait-elle de sa légitimité à changer, à elle seule, le monde ? La liberté économique serait-elle viable sans justice sociale ?</p></div><div type="div2"><head subtype="level2">Renouvellements méthodologiques et épistémologiques</head><p>Autant dire que la prise en compte d’une « crise » est lourde de potentielle « rupture » dans la communauté scientifique. Les historiens ruralistes en ont fait l’expérience, à deux reprises au moins<note place="foot" n="18"><p rend="footnote">  D’une part, l’Association des ruralistes français, réunie à Gif-sur-Yvette en 1986, sous l’autorité du CNRS, fit l’amer constat d’« une crise des études rurales ». D’autre part, l’Association d’histoire des sociétés rurales organisa ses premières journées d’études nationales à Rennes, en 1994, sur le thème « L’histoire rurale en France : où en sommes-nous ? » Cf. <hi rend="italic">Histoire et Sociétés rurales</hi>, n° 3, L’Histoire rurale en France, 1995.</p></note>. Certains d’entre eux s’étaient déjà engagés sur des pistes pionnières<note place="foot" n="19"><p rend="footnote">  Cf. G. Gavignaud-Fontaine, <hi rend="italic">La Révolution rurale. Essai à partir du cas américain</hi> (U.S.A), Le Coteau, Horvath, 1983. Idem, <hi rend="italic">La Révolution rurale dans la France contemporaine</hi>, Paris, l’Harmattan, 1996.</p></note>, pour un parcours qui peut autoriser quelques remarques.</p><p>La première est d’ordre méthodologique, la seconde relève de l’épistémologie.</p><p>Si l’accord paradigmatique entretient une situation intellectuellement confortable, riche d’un langage commun et de communications aisées, l’irruption de nouveaux faits, l’impossibilité de les intégrer à l’analyse théorique en vigueur, fait courir le risque d’implosion méthodologique.</p><p>En effet, lorsque le raisonnement est bloqué, soit il suffit d’abandonner le fait qui pose problème – ce qui ne va pas sans poser de problème de conscience –, soit il convient d’introduire dans le processus scientifique de nouveaux critères d’analyse, de nouvelles procédures d’évaluation.</p><p>Non sans prendre de précautions. La seule multiplication de recherches pratiques n’irait pas sans conséquences regrettables : l’éparpillement de la connaissance, la parcellisation du savoir, l’érudition réduite à elle-même, entretiendraient empirie locale et pragmatisme diffus, lesquels font perdre toute vue d’ensemble, et empêchent tout contrôle sur les conséquences des analyses trop isolées.</p><p>Une autre attitude consiste à élargir le champ épistémologique pour mieux cerner l’enjeu d’un « déblocage ».</p><p>C’est à ce carrefour que l’histoire peut se présenter, en complément et non en rivale de l’économie, riche d’une longue mémoire à mettre au service d’une réflexion constructive à partir des problèmes contemporains observés par bon nombre de praticiens des sociétés, quelle que soit leur formation scientifique d’origine.</p><p>Ainsi de nos jours assiste-t-on à la prise en compte de dimensions anthropologiques, historiques, culturelles, voire éthiques dans bon nombre de recherches en tous genres<note place="foot" n="20"><p rend="footnote">  En 2002, le prix Nobel de l’Économie échoit à Vernon L. Smith et à Daniel Kahnman ; celui-ci se prononce en faveur d’une théorie économique nouvelle, plus ouverte que par le passé aux autres sciences sociales et humaines, plus sensibles aux dimensions sociales. En termes peu couverts, l’auteur conteste l’hypothèse de l’absolue virtuosité mathématique d’une théorie économique taillée à la mesure de l’individu, et d’une rationalité mise au service exclusif de son seul intérêt personnel. Un premier pas, certes encore timide, mais néanmoins suffisamment novateur en ce courant pour être mentionné.</p></note>. Et le savoir agronomique qui, comme toute science, progresse lorsque observation et théorie vont l’amble, sait, pour sa part, se montrer perméable à des concepts issus d’autres disciplines. Il l’a prouvé à maintes reprises.</p><p>Disposition d’esprit qui enrichit réciproquement la présente rencontre. Il serait regrettable que celle-ci se réduise pour les agronomes à la seule volonté de prendre en compte la périodisation des sciences économiques, en vue d’une histoire agronomique, si importante fût-elle.</p></div><div type="div2"><head subtype="level2">Historiens et agronomes au service d’un développement raisonné</head><p>Car l’agronomie mérite davantage que d’être introduite au conservatoire de la science. Elle peut et doit contribuer au renforcement d’un réel « développement durable », celui qui, aux antipodes des gabegies quantitativistes et des dégradations de milieux, est en mesure de contribuer au développement économique et matériel, social et culturel des peuples. Une étroite collaboration entre agro-environnementalistes (gestion des ressources à longue échelle), économistes (production des richesses pour satisfaire aux besoins actuels et futurs), historiens (durée des sociétés), et élargie à d’autres disciplines, semble indispensable à un développement raisonné à vocation universelle.</p><p>Une raison autre que celle qui échafaude des théories sur des fragments de constats, une raison qui prenne en compte, tant que faire se peut, les données naturelles dans leur ensemble, et avec les incidences humaines et sociales qui sont les leurs.</p><p>Encore faut-il, pour nourrir le dialogue, que l’historien ne se pose, en aucun cas, en « donneur de leçons » ; il connaît trop les limites des savoirs qu’il forge dans la douleur existentielle pour courir ce risque. Et il sait avoir tellement besoin des résultats des autres sciences, dont l’agronomie, que l’idée d’une stupide supériorité ne lui viendrait pas à l’esprit.</p><p>Du côté des agronomes, fort pourrait être le désir d’envisager une lecture des autres savoirs – ici de l’histoire – conformément aux certitudes acquises dans d’autres thématiques, voire d’interpréter les faits pour continuer à se donner bonne conscience. Fort aussi le souci de faire de la théorie que ne justifient pas les faits actuels, la loi des faits passés… sans le vérifier en profondeur ! Et forte encore pourrait être l’ambition de dénaturer l’agronomie, en délaissant la parcelle pour le territoire, et en faisant de l’agronome le chef d’orchestre de l’organisation terrienne. Il y rencontrerait d’autres prétentions, pour le moins aussi légitimes que les siennes.</p><p>Gageons qu’historiens et agronomes se garderont de ces quelques écueils respectifs.</p><p>Plus sobrement, d’aucuns, quelle que soit leur discipline, semblent prêts à introduire des notions dites d’éthique, telles la responsabilité des acteurs de la science, ou encore la valeur humaine de ses conclusions. C’est à un autre débat qu’il faut les convier, avec les philosophes. Ces derniers sont assurément disponibles. L’heure de la pluridisciplinarité a donc réellement sonné pour orienter les recherches en direction du fait complet, par delà lequel se profile l’homme tout entier.</p></div></div></body>
		<back>
		</back>
	</text>
</TEI>
