<?xml version="1.0" encoding="utf-8"?>
<TEI xmlns="http://www.tei-c.org/ns/1.0" xmlns:xsi="http://www.w3.org/2001/XMLSchema-instance" xsi:schemaLocation="http://www.tei-c.org/ns/1.0 http://www.lodel.org/ns/tei.openedition.1.0.xsd">
	<teiHeader>
		<fileDesc>
			<titleStmt>
				<title level="a" type="main">Comprendre la montée de la sève dans les arbres</title>
				<title type="sub">De Hales (1727) à Dixon (1914)</title>
				<title type="alt" xml:lang="en">Three historical steps in our understanding of the physics of sap ascent in trees. From Hales (1727) to Dixon (1914)</title>
				<author>
					<persName><forename>Pierre</forename><surname>Cruiziat</surname></persName>
					<affiliation>
						<s>&#13;
							Pierre <hi rend="bold">Cruiziat</hi>, UMR Inra-UBP Piaf, site de Crouel, 63039 Clermont-Ferrand cedex</s>
					</affiliation>
					<email>
						<s>Pierre.Cruiziat@clermont.inra.fr</s>
					</email>
				</author>
			</titleStmt>
			<publicationStmt>
				<availability>
					<p>
						
						
						
					</p>
				</availability>
				<idno type="url">http://books.openedition.org/irdeditions/4657</idno>
			</publicationStmt>
			<sourceDesc>
				<biblFull>
					<titleStmt>
						<title/>
						
						
						<respStmt>
							<resp>auteur</resp>
							<name>Pierre Cruiziat</name>
						</respStmt>
					</titleStmt>
					<publicationStmt>
						<date>
						</date>
						<idno type="pp">203-214</idno>
					</publicationStmt>
				</biblFull>
			</sourceDesc>
		</fileDesc>
		<encodingDesc>
			<appInfo>
				<application version="1.0" ident="Lodel">
					<label>Lodel</label>
					<desc><ref target="http://www.tei-c.org/">We use TEI</ref></desc>
				</application>
			</appInfo>
			<tagsDecl>
				<rendition xml:id="T1" scheme="css">text-decoration:line-through</rendition>
				<rendition xml:id="T2" scheme="css">font-variant:small-caps;text-decoration:underline</rendition>
				<rendition xml:id="T3" scheme="css">font-variant:small-caps</rendition>
				<rendition xml:id="T4" scheme="css">text-transform:uppercase</rendition>
				<rendition xml:id="T5" scheme="css">text-transform:uppercase;text-decoration:underline;</rendition>
			</tagsDecl>
		</encodingDesc>
		<profileDesc>
			<langUsage>
				<language ident="fr">fr</language>
			</langUsage>
			
			<textClass>
				
				
				<keywords scheme="keyword" xml:lang="en">
					<list>
						
						
						<item>conceptions</item>
						<item>tree physiology</item>
						<item>water transport</item>
						<item>Hales</item>
						<item>Duhamel du Monceau</item>
						<item>Dixon</item>
					</list>
				</keywords>
				<keywords scheme="keyword" xml:lang="fr">
					<list>
						
						
						<item>conceptions</item>
						<item>physiologie de l’arbre</item>
						<item>transport de l’eau</item>
						<item>Hales</item>
						<item>Duhamel du Monceau</item>
						<item>Dixon</item>
					</list>
				</keywords>
			</textClass>
		</profileDesc>
	</teiHeader>
	<text>
		<front>
			<p>À travers trois étapes dont chacune correspond à un auteur (Hales, Duhamel du Monceau et Dixon), un parcours dans l’histoire de notre compréhension des mécanismes du transport de l’eau du sol à l’atmosphère à travers l’arbre est proposé. Pour chacune on rappelle le contexte scientifique, une présentation de l’ouvrage principal de l’auteur dans ce domaine et des éléments d’appréciation de cette œuvre telle qu’un scientifique peut la lire aujourd’hui. En conclusion, deux points sont évoqués : i) la même expérience peut être interprétée suivant différents cadres conceptuels, lesquels évoluent au cours du temps ; ii) dans le présent domaine, si on s’en tient aux articles de revues scientifiques, il est très difficile de reconstituer avec précision le cadre conceptuel d’un auteur ; pour cela il faut faire le travail d’un historien des sciences.Three of the main research workers involved in our understanding of the mechanisms allowing the ascent of sap in the tree are being considered, i.e. Hales, Duhamel du Monceau and Dixon. For each of them we summarize the scientific context, make a short presentation of his major contribution in that particular field and produce elements to measure his account based on our present knowledge. To conclude two points are being emphasized, i.e.: i) the same experiment may be interpreted differently according to conceptual frameworks that keep changing with the time, and ii) in this discipline it is highly difficult to fully appreciate the conceptual framework of a scientist according to articles published in scientific journals only; what is really wanted here is the approach of a historian of the sciences.</p></front>
		<body>
			<div type="div1"><head subtype="level1">Introduction</head><p>La compréhension des mécanismes du transport de l’eau du sol à l’atmosphère à travers l’arbre est à la fois un des problèmes de physiologie végétale les plus anciennement étudiés et l’un de ceux qui a suscité le plus de polémiques et qui a le plus résisté aux investigations. L’exposé ci-dessous est un parcours, parmi bien d’autres possibles, de cette longue histoire, parcours qui s’étend sur deux siècles environ, soit de 1727 à 1924. Trois étapes correspondant chacune à un auteur et à une œuvre marquante ont été choisies : Hales et sa <hi rend="italic">Vegetable Staticks</hi> (1727), Duhamel du Monceau et son traité <hi rend="italic">La Physique des arbres</hi> (1763) puis bien plus tard, Dixon et son ouvrage principal <hi rend="italic">Transpiration and the Ascent of Sap</hi> (1914).</p><p>Il convenait ici, dans toute la mesure du possible, de parler de Duhamel du Monceau, qui, comme on le verra, tient une place à part et très intéressante dans cette histoire de notre compréhension de la physique de la montée de la sève. Pour chacune de ces trois étapes, après une courte biographie, on examinera succinctement le contexte scientifique, le contenu de l’ouvrage principal et les principales caractéristiques du travail telles qu’on peut les apprécier aujourd’hui, la consigne étant d’insister sur les ruptures et les continuités, c’est donc à travers ces deux aspects en particulier qu’une opinion sur ces œuvres sera exprimée.</p><p>Les historiens présents le remarqueront sans doute rapidement, je ne suis pas, et je le regrette, l’un des leurs. Même si on porte de l’intérêt à cette matière, on ne s’improvise pas pour autant historien des sciences. Je leur demande donc une certaine indulgence ! Ce qui pourra les intéresser, j’espère, c’est la vision et l’analyse d’un scientifique sur un problème historique de sa discipline.</p><p>Dans les œuvres examinées, je me limiterai à ce qui concerne les mécanismes de montée de la sève. Mais, dans chacune d’entre elles, bien d’autres aspects extrêmement intéressants existent qui pourraient être discutés.</p></div><div type="div1"><head subtype="level1">Stephen Hales et son <hi rend="italic">Vegetable Staticks</hi> (1727)</head><p>Destiné à la prêtrise, Stephen Hales (1677- 1761) est envoyé à Cambridge pour ses études. En plus de la théologie, il se consacre à la botanique, à la biologie animale, et à la construction de machines ingénieuses. Hales est en effet un inventeur né qui a publié sur un grand nombre de sujets qui vont des ventilateurs à la physiologie animale et à la chimie. Une fois pasteur, il obtient la charge perpétuelle de la cure de Teddington toute proche de Cambridge. Hales est surtout connu pour son œuvre principale Statical Essays en deux parties : <hi rend="italic">Vegetable Staticks</hi> (1727) l’ouvrage analysé ci-dessous, et <hi rend="italic">Haemastaticks</hi> (1733) où sont rapportés ses travaux sur la mesure de la pression artérielle chez les animaux.</p><div type="div2"><head subtype="level2">Le contexte scientifique</head><p>C’est l’époque de la Révolution scientifique laquelle inaugure l’utilisation des deux bases sur lesquelles repose encore notre science : le calcul et l’expérience (<hi rend="italic">ratio-experientia</hi>). Parmi les grands noms contemporain de Hales, il faut citer Bernoulli qui s’intéresse à la circulation du sang et publie en 1738 un ouvrage sur la force et le mouvement des fluides, qu’il appelle l’<hi rend="italic">hydrodynamica,</hi> Stahl et son traité du soufre (1772) dans lequel il suppose l’existence dans tous les corps d’un principe inflammatoire lourd, le fameux « phlogistique » dont idée sera reprise par Lavoisier vers les années 1772-1775 et bien sûr Newton (1642-1727) pour lequel Hales a une très grande admiration et qu’il connaît très bien.</p><p>Les savants se rangent souvent en de vrais partis opposés, les « cartésiens » contre les « newtoniens » les premiers mettant l’accent sur la théorie plus que sur l’expérimentation, contrairement aux seconds. Boyle (1627-1691) est un des illustres représentants de la philosophie expérimentale adoptée par la Royal Society of London. Se sont les newtoniens qui introduisent à l’université les premiers cours de physique expérimentale au tournant du siècle.</p><p>Membre de la Royal Society of London, Hales est convaincu que c’est par « la philosophie expérimentale » que notre connaissance de la nature croîtra. Il écrit dans la préface de son livre : « <hi rend="italic">Since we are assured that the all wise Creator has observed the most exact proportions, of number, weight and measure, in the make of all things ; the most likely way therefore, to get any insight into the nature of those parts of the creation, which come within our observations, must in all reason be the number, weight and measure</hi> ».</p><p>On l’a vu, Hales est très proche de Newton. Il lit son Opticks, écrit sous une forme très pédagogique qui utilise de nombreuses « questions » (<hi rend="italic">queries</hi>). Cet ouvrage l’influencera profondément dans la rédaction de son propre livre ; maintes fois il cite des passages de l’<hi rend="italic">Opticks</hi> de Newton et procède de la même manière que celui-ci, posant des questions auxquelles il répond par des expériences précises. Les résultats de Hales confortent les idées de Newton, qui meurt l’année où est publié <hi rend="italic">Vegetable Staticks,</hi> mais non sans avoir donné son imprimatur à cet ouvrage.</p><p>Un des grands domaines de recherche est l’étude des gaz, dans laquelle Hales se montre particulièrement actif. La notion de « gaz » telle que nous la concevons n’existe pas à cette époque, non plus d’ailleurs que la distinction entre gaz, liquide et solide. Par exemple l’air est conçu comme un « fluide élastique » ; le terme « air » peut aussi vouloir dire « eau ». Pour donner une idée de la difficulté à bien comprendre Hales, voici une citation tirée de la traduction de <hi rend="italic">Vegetable Staticks</hi> faite par Buffon (p. 140) : « Après avoir fait plusieurs expériences pour prouver que l’air est tiré des végétaux non seulement par leur racines mais aussi en plusieurs endroits du tronc et des branches et après avoir vu très clairement monter cet air en grande abondance dans le temps des pleurs de la vigne, je me senti porté à faire des recherches plus particulières sur la nature de ce fluide ».</p><p>À cette même époque, l’hypothèse dominante est qu’il existe chez les plantes une circulation de la sève analogue à celle du sang chez les animaux et qui irait dans le sens ascendant à travers la partie interne du tronc ou de la tige et dans le sens descendant par la partie externe. D’une façon générale le modèle animal est extrêmement présent et l’étude du fonctionnement des plantes se fait par référence à ce modèle.</p></div><div type="div2"><head subtype="level2">Vegetable Staticks (<hi rend="italic">1727</hi>)</head><p>Ce livre de 216 pages est consacré d’une part à des expériences sur la transpiration, l’absorption et les mouvements de la sève dont il sera question ici, d’autre part à des comptes rendus d’expérience sur les « gaz ».</p><p>Le propos majeur de l’auteur est très clair : pour comprendre, il faut dénombrer, peser et mesurer. Il a appliqué ce principe sur des plantes d’une façon sans doute jamais aussi poussée avant lui et, pour ce qui concerne les « gaz », sur une très grande variété de corps de toute nature qu’il faisait chauffer et dont il recueillait « l’air » c’est-à-dire les gaz qui s’en échappaient.</p><p><hi rend="italic">Vegetable Staticks</hi> est divisé en chapitres d’importance très inégale, chacun contenant un certain nombre d’expériences numérotées (124 en tout) autour d’un sujet particulier. Il traite ainsi de la transpiration, de la poussée racinaire et du problème central de la circulation de la sève. L’auteur non seulement montre l’existence de cette dernière – les pleurs de la vigne au printemps – mais il met aussi en évidence qu’une telle « poussée » se rencontre également dans les branches et le tronc.</p><p>Le chapitre VI fait à lui seul à peu près la moitié du livre entier. Il montre à quel point l’analyse de « l’air » c’est-à-dire des gaz issus du chauffage d’échantillons végétaux, d’animaux ou des substances les plus diverses est, pour Hales, tout à fait crucial, au moins autant que l’étude des végétaux eux-mêmes. Le dernier chapitre est consacré à la façon dont Hales comprend la croissance des plantes. Dans sa conclusion il résume sommairement les résultats de ses recherches avant d’en donner les implications pratiques.</p><p>L’ingéniosité de Hales est immense ; elle transparaît dans les dispositifs extrêmement ingénieux qu’il utilise pour ses mesures les plus diverses. Il fait très souvent des comparaisons, quelquefois surprenantes, avec les animaux. Hales démontre enfin, et c’est une de ses découvertes les plus importantes, que la théorie selon laquelle la sève circule dans les plantes comme le sang dans le corps, est fausse. La sève, en effet, ne circule pas dans un circuit fermé sous pression.</p><p><hi rend="italic">Vegetable Staticks</hi> sera traduit en plusieurs langues. C’est Buffon qui en 1735 fait paraître la traduction française, augmentée de nouvelles expériences de Hales.</p></div><div type="div2"><head subtype="level2">Regard d’aujourd’hui</head><p>La grille de lecture proposée convient bien au travail de Hales, lequel peut se caractériser par deux ruptures.</p><p>Première rupture. Il s’agit de l’utilisation systématique de la méthode expérimentale et de la quantification des résultats, surtout les pesées, mais aussi les surfaces foliaires, les dimensions des échantillons, les volumes d’eau utilisés, le recours systématique au thermomètre. Bien que Hales ne soit pas le premier à utiliser la méthode expérimentale, on ne connaît pas, dans ce domaine, de travail équivalent avant lui pour tenter de comprendre le fonctionnement des plantes. Il fait ainsi un très grand pas dans l’approche physique de la transpiration et de l’absorption.</p><p>La deuxième rupture tient au rapport « aux paradigmes » dominants et au fait que la circulation chez les végétaux est très différente de la circulation chez les animaux. L’impact des travaux de Harvey, un bon siècle auparavant, reste immense. En considérant le cœur et le réseau des vaisseaux et artères comme un système hydrodynamique de pompes, de tuyaux et de valves et surtout en montrant que c’était le même sang qui revenait sans cesse au cœur qui donc circulait, Harley a donné un « modèle » que les botanistes ont voulu appliquer aux plantes. Il y avait une sève montante qui se transformait en sève descendante. Or Hales à travers une série d’expériences très ingénieuses a montré qu’on pouvait vraiment inverser le sens du mouvement de la sève, que celle-ci, dans les conditions normales montait, qu’elle ne descendait pas et qu’il n’y avait pas dans le bois de circulation comparable à celle du sang chez les animaux. C’est là une conclusion extrêmement novatrice et importante, qui va permettre petit à petit de ne plus voir la physiologie des plantes à travers le seul prisme animal. Pour son époque, c’est sur ce point que Hales est le plus révolutionnaire. Mais pour nous, ce n’est pas là l’essentiel. D’autres, parmi ses conclusions, paraissent plus remarquables encore, comme d’avoir montré que la transpiration est très dépendante des facteurs climatiques et proportionnelle à la surface foliaire, et surtout d’avoir confirmé une hypothèse très controversée à l’époque, à savoir que c’est bien le sol qui est le réservoir d’eau pour la plante. L’expérimentation à l’origine de cette dernière conclusion ressemble beaucoup à ce que nous appellerions un bilan hydrique d’un sol.</p></div></div><div type="div1"><head subtype="level1">Duhamel Du Monceau et son <hi rend="italic">Traité de physique des arbres</hi> (1758)</head><p>Henri-Louis Duhamel du Monceau (1700 -1782) est un homme du siècle des lumières, savant et ingénieur d’une activité prodigieuse et très diversifiée. Collaborateur de l’<hi rend="italic">Encyclopédie</hi> de Diderot, il fut aussi président de l’Académie des sciences et à partir de 1742 inspecteur général de la Marine. Les deux tâches qui l’occuperont plus particulièrement sont la rénovation de la marine royale et la rédaction des six volumes de son <hi rend="italic">Traité des Bois et Forêts.</hi></p><p>Duhamel du Monceau connaît bien Hales avec lequel il entretient, comme avec un grand nombre d’autres savants européens, une correspondance très suivie.</p><div type="div2"><head subtype="level2">Le contexte scientifique</head><p>Mis à part le fait qu’il est français, l’univers de Duhamel du Monceau diffère peu de celui de Hales et le décalage entre eux est d’environ une génération humaine. Les notions de physique dont se servent les auteurs restent, certes, encore singulièrement floues. Pour n’en donner qu’un exemple, voici comment Duhamel du Monceau définit la sève et la transpiration dans le glossaire des termes qui termine <hi rend="italic">La Physique des arbres</hi> : « Sève : c’est l’humeur qui se trouve dans le corps des plantes, prise d’une façon générale, car on aperçoit qu’il y a dans les plantes différentes liqueurs, comme la lymphe, le suc propre, etc. ». Membre de l’Académie des sciences, il est entouré de très prestigieux collègues comme Lavoisier, Buffon, de Jussieu, de Rouelle, de Réaumur, Guettard, ou Malesherbes.</p></div><div type="div2"><head subtype="level2">La Physique des Arbres (1763)</head><p>Fort d’environ 700 pages, cet ouvrage fait partie du <hi rend="italic">Traité des forêts</hi> dont la publication s’échelonne entre 1755 et 1767. Le livre est extrêmement riche et une petite partie seulement est consacrée à la physique de la sève et de ses mouvements. Dans ce livre en effet l’auteur consigne tout son savoir et toute son expérience en botanique, physiologie (on disait alors « économie ») végétale, arboriculture et technologie du bois. Dans chacun des articles de ses divers chapitres, il fait le point des connaissances de son époque sur un sujet très précis comme par exemple la transpiration insensible ou la transpiration sensible des plantes (la différence entre les deux étant assez subtile), les expose et les discute. Il répète lui-même parfois certaines expériences et relate le travail de Hales souvent avec plus de clarté que ce dernier ne le fait lui-même.</p></div><div type="div2"><head subtype="level2">Regard d’aujourd’hui</head><p>Nous avons affaire ici à un observateur avisé autant qu’à un expérimentateur innovant qui, par rapport à Hales, traite d’un domaine de connaissances bien plus vaste. On trouve en outre dans le caractère et la méthode de Duhamel du Monceau quelque chose d’unique et de très précieux pour nous aujourd’hui : l’essentiel des résultats obtenus par ses prédécesseurs et ses contemporains est présenté d’une façon très claire et systématique. Il est un bien meilleur vulgarisateur que Hales, par rapport à qui on reste toutefois dans la continuité.</p></div></div><div type="div1"><head subtype="level1">Dixon et son <hi rend="italic">Transpiration and the Ascent of Sap in Plants</hi> (1914)</head><p>Professeur de botanique à Dublin, Henry Horatio Dixon (1869-1953) s’intéresse à la montée de la sève après un séjour chez Strasburger, à Bonn. Dixon est né et mort à Dublin où il a passé pratiquement toute son existence. Il s’est lié avec John Joly, un professeur de physique de l’université de Dublin, lequel va jouer un très grand rôle dans la mise au point par Dixon de sa théorie de la cohésion de l’ascension de la sève dans les arbres.</p><div type="div2"><head subtype="level2">Le contexte scientifique</head><p>Il a changé de fond en comble depuis que la physique a fait son entrée dans la physiologie végétale et que le modèle animal n’est plus une référence. À propos de la montée de la sève dans les arbres en particulier, on retrouve l’opposition classique entre vitalistes et physiciens. Les premiers, comme Jamin (1860) et Godlewsky (1884) expliquent ce phénomène en supposant que les cellules des plantes ont des propriétés particulières. Les seconds, dont l’un des plus convaincants est précisément Eduard Strasburger de Bonn, font intervenir des phénomènes physiques.</p><p>Même si globalement les explications physiques du problème de l’ascension de la sève prennent graduellement le dessus, des questions non résolues comme par exemple la tension de l’eau ou le problème des bulles dans les vaisseaux, constituent une espèce d’obstacle épistémologique à l’acceptation d’une explication purement physique de la montée de la sève. On a cependant l’impression que tout est en place pour qu’enfin une explication physique solide de la montée de la sève voie le jour, car un grand nombre de scientifiques, allemands en particulier, y travaillent.</p></div><div type="div2"><head subtype="level2">Transpiration and the Ascent of Sap (<hi rend="italic">1914</hi>)</head><p>Dans l’introduction, Dixon donne d’emblée l’essentiel de son propos : « <hi rend="italic">an account is given of a physical explanation of the rise of water in trees</hi> ». Puis en dix chapitres représentant 216 pages en tout, il va critiquer les explications données jusque là et montrer en quoi les expériences qu’il a faites et qu’il expose en détail, appuient sa théorie de la cohésion de l’ascension de la sève développée au chapitre IV. Il donne en particulier une explication qui reste toujours valable à deux questions fondamentales, la courbure des surfaces d’évaporation et la pression négative des vaisseaux de sève.</p><p>C’est en effet grâce à la courbure variable des surfaces d’évaporation dans les feuilles que la transpiration induit une tension de l’eau dans les éléments conducteurs. Des colonnes d’eau continues existent depuis le sol avoisinant les racines jusqu’aux feuilles. Elles tiennent par capillarité car les rayons de courbure de ces surfaces d’évaporation sont suffisamment fins pour permettre l’existence de colonnes de plus de 100 mètres de hauteur.</p><p>L’eau tirée vers le haut, est donc sous tension c’est-à-dire qu’elle est soumise à des pressions négatives importantes. C’est un état physiquement instable dans lequel peut se produire de la cavitation produisant une entrée d’air dans les vaisseaux. Mais la cohésion des molécules d’eau est suffisante pour résister à cette embolie. Dixon présente ici l’instrument qui a permis de réaliser l’expérience décisive de l’existence de grandes tensions de la sève aux yeux de beaucoup : la chambre de pression, toujours utilisée de nos jours. Ainsi, s’explique comment, soumise à une pression de trois bars, une plante absorbe quand même l’eau dans laquelle baigne sa tige.</p></div><div type="div2"><head subtype="level2">Regard d’aujourd’hui</head><p>Grâce à ce livre et à des articles qui l’ont précédé, Dixon est considéré aujourd’hui comme le père de l’explication physique de la montée de la sève. On peut en discuter car c’est en effet Strasburger qui a fait bien plus qu’initier Dixon aux problèmes physiques de la montée de la sève. Son ouvrage de 1914 restera pendant des décennies un ouvrage de référence, encore que très peu lu, paradoxe assez classique.</p><p>La découverte majeure de Dixon est évidemment la chambre de pression et l’usage qu’il en fait. Cet instrument sert aujourd’hui encore à déterminer les potentiels hydriques. On est donc jusqu’ici dans une certaine continuité. En revanche depuis peu s’est produite une rupture, avec l’introduction de la notion de potentiel hydrique que Dixon ne connaissait pas. Il affirmait cependant qu’il devait bien exister des « actions vitales directes » qui permettent d’expliquer pourquoi une feuille placée en atmosphère saturée, son pétiole baignant dans de l’eau, peut néanmoins se réhydrater. Ce côté vitaliste est très peu connu. La théorie de Dixon a été oubliée pendant presque un demi-siècle avant de faire à nouveau l’objet des travaux de Milburn, Zimmermann et Tyree à partir des années 1970-1980.</p></div></div><div type="div1"><head subtype="level1">Conclusions</head><p>La lecture d’ouvrages historiques fait bien comprendre ce fait banal que l’interprétation d’une expérience est extrêmement dépendante du cadre conceptuel qui sert à sa lecture. L’expérience demeure mais le cadre de son interprétation évolue. Il est donc important de ne pas confondre les deux (voir la figure 1 ci-après).</p><p><figure><graphic url="../MEDIA/ird005-19-img01.jpg"/></figure></p><p rend="figure-title">Figure 1 L’expérience reste mais son interprétation peut varier avec le cadre conceptuel de lecture.</p><p>Dans le domaine étudié ici, il semble bien que, s’il s’en tient aux revues spécialisées dans sa discipline, le scientifique n’obtiendra pas une vraie connaissance du cadre conceptuel d’un auteur. Pour ce faire, il lui faudrait reconstituer précisément l’environnement social, institutionnel et surtout scientifique de l’auteur étudié, connaître l’homme, sa vie professionnelle, sa correspondance, toutes choses que l’historien des sciences cherche, lui, à connaître et à reconstituer.</p><p>Aussi, lorsque l’on rapporte les expériences d’un auteur comme Hales par exemple, et que l’on conclut qu’il avait déjà « compris » la poussée racinaire ou le mécanisme de la transpiration, il semble bien que l’on extrapole les comptes rendus d’expériences de façon assez imprudente, sans tenir compte de l’extrême différence des cadres conceptuels entre lui et nous. Sauf si l’auteur antérieur l’a exposé d’une façon très précise, un scientifique a le plus souvent accès à des faits expérimentaux relatés, bien plus qu’au paysage mental de l’auteur. Je dirais qu’en 20 ou 25 ans de recherche dans ce domaine je n’ai jamais rencontré un seul compte rendu qui replace un auteur ancien dans son contexte particulier et essaie d’éviter l’amalgame entre notre système d’interprétation et le sien. On ne s’improvise pas historien des sciences !</p><p>Compte tenu de ce qui précède, il ne me paraît guère souhaitable de chercher, lorsqu’on enseigne une matière scientifique, à « faire de l’histoire des sciences » si on n’y est pas préparé. En revanche, une attitude intermédiaire pourrait se révéler très utile pour l’apprenant, qui consisterait à reprendre une expérience du passé et à la décortiquer à partir du cadre d’interprétation du présent. Plutôt que de la présenter d’emblée dans sa globalité, on comprendrait mieux une démarche scientifique en s’appuyant ainsi sur les principales étapes qui ont permis d’expliquer un phénomène.</p></div></body>
		<back>
			<div type="bibliography">
				<listBibl>
					<bibl type="head" subtype="level1">Références<note place="foot" n="1"><p rend="footnote">  J’ai utilisé la réédition, parue en 1961 à Londres de <hi rend="italic">Vegetable Staticks,</hi> présentée par M.A. Hoskin, ainsi que la traduction française faite par Buffon en 1735. Je remercie beaucoup Paul Robin de m’avoir prêté ce livre rare.</p></note></bibl><bibl>Blay M., Halleux R., 1998 — <hi rend="italic">La Science Classique 16</hi><hi rend="sup"><hi rend="italic">e</hi></hi><hi rend="italic">-17</hi><hi rend="sup"><hi rend="italic">e</hi></hi><hi rend="italic"> dictionnaire critique.</hi> Flammarion, 873 p.</bibl><bibl>Cruiziat P., 1985 — Quelques réflexions concernant l’étude du mécanisme de transfert de l’eau chez les végétaux. <hi rend="italic">4e Séminaire de biologie théorique,</hi> Solignac, 1984, Ed. CNRS, 241-251.</bibl><bibl>Cruiziat P., 2001 — Water transport under tension in plant : history, theory and current controversy. <hi rend="italic">Séminaire, Ucla,</hi> (Professor Park Nobel), Los Angeles.</bibl><bibl>Davy de Virville A., 1954 — <hi rend="italic">Histoire de la botanique en France,</hi> Paris, 395 p.</bibl><bibl>Dinechin B. de, 1999 — <hi rend="italic">Duhamel du Monceau,</hi> Ed. Connaissance et Mémoires Européennes, 448 p.</bibl><bibl>Dixon H.H., 1914 — <hi rend="italic">Transpiration and the ascent of sap in plants.</hi> London, 217 p.</bibl><bibl>Duhamel du Moceau H.L., 1758 — <hi rend="italic">La Physique des arbres ; où il est traité de l’anatomie des plantes et de l’économie végétale : pour servir d’introduction au Traité complet des Bois et des Forests,</hi> Paris, environ 700 p.</bibl><bibl>Hales S., 1727 — <hi rend="italic">Vegetable Staticks.</hi></bibl><bibl>a. Edition première : <hi rend="italic">Vegetable Staticks</hi> : Or, an Account of Some Statical Experiments on the Sap in Vegetables… Also, a Speciment of an Attempt to Analyze the Air, London, 1727.</bibl><bibl>b. Edition moderne : <hi rend="italic">Vegetable Staticks,</hi> 1961. Avec une préface de M. Hoskin, London.</bibl><bibl>c. Traduction de Buffon, 1735 — <hi rend="italic">La Statique des végétaux et l’analyse de l’air.</hi> Expériences nouvelles. Edition augmentée de nouvelles expériences de Hales, Paris, 408 p.</bibl><bibl>d. Haemastaticks, 1733 — second volume des <hi rend="italic">Statical Essays</hi> consacré à des expériences sur la <hi rend="italic">“force of the blood”</hi> chez divers animaux.</bibl><bibl>Lecourt D., 1999 — <hi rend="italic">Dictionnaire d’histoire et de philosophie des sciences,</hi> PUF, 1032 p.</bibl><bibl>Roger J., 1993 — <hi rend="italic">Les sciences de la vie dans la pensée française du 18</hi><hi rend="sup"><hi rend="italic">e</hi></hi><hi rend="italic"> siècle,</hi> Paris, 851 p.</bibl></listBibl>
			</div>
		</back>
	</text>
</TEI>
