<?xml version="1.0" encoding="utf-8"?>
<TEI xmlns="http://www.tei-c.org/ns/1.0" xmlns:xsi="http://www.w3.org/2001/XMLSchema-instance" xsi:schemaLocation="http://www.tei-c.org/ns/1.0 http://www.lodel.org/ns/tei.openedition.1.0.xsd">
	<teiHeader>
		<fileDesc>
			<titleStmt>
				<title level="a" type="main">La botanique au service de l’agriculture</title>
				<title type="sub">L’exemple des savants genevois</title>
				<title type="alt" xml:lang="en">Botany at the service of agriculture. The example of Geneva’s scientists</title>
				<author>
					<persName><forename>Patrick</forename><surname>Bungener</surname></persName>
					<affiliation>
						<s>&#13;
							Patrick <hi rend="bold">Bungener</hi>, Conservatoire et jardin botaniques de la ville de Genève, chemin de l’Impératrice 1, 1292 Chambésy (Suisse)</s>
					</affiliation>
					<email>
						<s>Patrick.Bungener@ville-ge.ch</s>
					</email>
				</author>
			</titleStmt>
			<publicationStmt>
				<availability>
					<p>
						
						
						
					</p>
				</availability>
				<idno type="url">http://books.openedition.org/irdeditions/4675</idno>
			</publicationStmt>
			<sourceDesc>
				<biblFull>
					<titleStmt>
						<title/>
						
						
						<respStmt>
							<resp>auteur</resp>
							<name>Patrick Bungener</name>
						</respStmt>
					</titleStmt>
					<publicationStmt>
						<date>
						</date>
						<idno type="pp">285-302</idno>
					</publicationStmt>
				</biblFull>
			</sourceDesc>
		</fileDesc>
		<encodingDesc>
			<appInfo>
				<application version="1.0" ident="Lodel">
					<label>Lodel</label>
					<desc><ref target="http://www.tei-c.org/">We use TEI</ref></desc>
				</application>
			</appInfo>
			<tagsDecl>
				<rendition xml:id="T1" scheme="css">text-decoration:line-through</rendition>
				<rendition xml:id="T2" scheme="css">font-variant:small-caps;text-decoration:underline</rendition>
				<rendition xml:id="T3" scheme="css">font-variant:small-caps</rendition>
				<rendition xml:id="T4" scheme="css">text-transform:uppercase</rendition>
				<rendition xml:id="T5" scheme="css">text-transform:uppercase;text-decoration:underline;</rendition>
				<rendition xml:id="T6" scheme="css">vertical-align:super;</rendition>
			</tagsDecl>
		</encodingDesc>
		<profileDesc>
			<langUsage>
				<language ident="fr">fr</language>
			</langUsage>
			
			<textClass>
				
				
				<keywords scheme="keyword" xml:lang="en">
					<list>
						
						
						<item>agriculture</item>
						<item>history</item>
						<item>Geneva</item>
						<item>botany</item>
						<item>18th century</item>
					</list>
				</keywords>
				<keywords scheme="keyword" xml:lang="fr">
					<list>
						
						
						<item>agriculture</item>
						<item>histoire</item>
						<item>Genève</item>
						<item>botanique</item>
						<item>18<hi rendition="#T6">e</hi> siècle</item>
					</list>
				</keywords>
			</textClass>
		</profileDesc>
	</teiHeader>
	<text>
		<front>
			<p>En France, certains historiens s’accordent à dire que les botanistes du 18<hi rend="sup">e</hi> siècle ne s’intéressent à leur discipline que dans le seul but d’acquérir la connaissance parfaite du règne végétal, sans légitimer leurs recherches par ce qu’elles peuvent amener au progrès de l’agriculture. Pourtant, à cette époque, un débat a lieu parmi les botanistes quant à l’inclusion par la botanique de considérations utilitaires, et portant précisément sur la culture des plantes et leur multiplication. À Genève, les savants tels que Charles Bonnet, Horace-Bénédict de Saussure ou Jean Senebier, influencés par l’agronome français Henri-Louis Duhamel du Monceau, motivent leurs recherches en « physique végétale » par leur intérêt pour le progrès agricole. Bien que d’origine baconienne, la reconnaissance de l’utilité du savoir scientifique, en botanique, apparaît fréquemment dans les écrits naturalistes du siècle des Lumières, et tout particulièrement chez les savants genevois.In France, some historians agreed that botanists of the 18th century were interested in their subject solely to gain perfect knowledge of the plant kingdom and without seeking to justify their works based on social and economic usefulness. Nevertheless, during this time, a debate occurred among botanists concerning the need for botany to take into account studies useful for the progress of human society and related to plant cultivation and propagation. In Geneva, scientists such as Charles Bonnet, Horace-Bénédict de Saussure or Jean Senebier were influenced in their work by the agronomist Henri-Louis Duhamel du Monceau; they actually justified their research in the field of “plant physics” because their resulting discoveries could be useful for the improvement of agricultural practice. Although it has a Baconian origin, the rhetoric of the recognition of the usefulness of scientific knowledge, particularly in botany, appears frequently in the writings of the naturalists during the age of Enlightenment, especially in those from Geneva.</p></front>
		<body>
			<p rend="epigraph"><hi rend="italic">« La botanique et l’agriculture se prêtent donc un secours mutuel : l’une est le principe de l’autre ; celle-ci travaille pour rendre celle-là utile. »</hi><lb/>Baron de Calonne, <hi rend="italic">La vie agricole sous l’Ancien Régime</hi></p><div type="div1"><head subtype="level1">Introduction</head><p>Certains historiens, tels Denis (1993) et Williams (2001), s’accordent à dire que les botanistes français du 18<hi rend="sup">e</hi> siècle ne sont intéressés que de manière très limitée aux applications utilitaires pouvant résulter de leurs études, en particulier vis-à-vis de la science agricole, et n’ont réalisé leurs travaux que dans le seul but de comprendre le vivant, la nature ou la création. Dans cette même perspective, Morton (1981) avance que les besoins relatifs à la compréhension de la physiologie des plantes réclamés par la recherche agricole n’ont été pris en compte sérieusement par les botanistes qu’à partir de la moitié du 19<hi rend="sup">e</hi> siècle. Pourtant, au regard des sources historiques, plusieurs naturalistes du siècle des Lumières clament leur prise de conscience de l’importance des études botaniques pour le progrès agricole, et font le panégyrique de celles-ci en soulignant leur nécessité pour asseoir les fondements scientifiques de l’agriculture<note place="foot" n="1"><p rend="footnote">  Le souci de l’utilité pratique des connaissances scientifiques est une caractéristique de la philosophie des Lumières. Témoin l’<hi rend="italic">Encyclopédie</hi> de Diderot et d’Alembert, qui prend en considération « toutes les recherches de pure curiosité » parce qu’elles peuvent « un jour nous être utiles ».</p></note>. On peut citer, comme exemple de savants convaincus, l’abbé Rozier<note place="foot" n="2"><p rend="footnote">  Jean-Baptiste François Rozier (1734-1793), botaniste français, agronome et ecclésiastique.</p></note>, Duhamel du Monceau<note place="foot" n="3"><p rend="footnote">  Henri-Louis Duhamel du Monceau (1700-1782), botaniste français, agronome, chimiste et inspecteur général de la marine (cf. Bourde, 1967 ; Hartmann, 2002).</p></note> ou encore Dumont de Courset<note place="foot" n="4"><p rend="footnote">  Georges Louis Marie Dumont de Courset (1746-1824), botaniste français et agronome, surnommé le « nouveau Théophraste ». Son ouvrage <hi rend="italic">Le Botaniste cultivateur</hi> donne les descriptions et détails de culture de plusieurs espèces indigènes et exotiques à l’Europe et connut un grand succès en France comme à l’étranger (cf. Williams, 2001 : 89-90).</p></note>, naturalistes à la fois « physiciens agriculteurs »<note place="foot" n="5"><p rend="footnote">  Au sens de Denis (2001). On ne peut effectivement parler d’« agronome » et d’« agronomie » qu’à partir du milieu du 19<hi rend="sup">e</hi> siècle, d’où l’emploi de ce terme servant à désigner tout savant cherchant à améliorer l’agriculture par le biais de la science au siècle des Lumières.</p></note> et « agriculteurs botanistes »<note place="foot" n="6"><p rend="footnote">  Expression utlisée par Auguste Saint-Hilaire (1779-1853). Le terme de « botaniste cultivateur » est aussi employé pour désigner ces naturalistes désireux d’étudier à la fois les caractères des végétaux et les moyens de les cultiver.</p></note>. Leurs louanges sont partagées par les naturalistes de Genève impliqués à plus ou moins grande échelle dans l’étude du monde végétal. Charles Bonnet<note place="foot" n="7"><p rend="footnote">  Charles Bonnet (1720-1793), naturaliste et philosophe genevois (cf. Buscaglia <hi rend="italic">et al.</hi>, 1994).</p></note>, Jean Senebier<note place="foot" n="8"><p rend="footnote">  Jean Senebier (1742-1809), pasteur, bibliothécaire et naturaliste genevois (cf. Kim, 1995).</p></note>, Horace-Bénédict de Saussure<note place="foot" n="9"><p rend="footnote">  Horace-Bénédict de Saussure (1740-1799), physicien, géologue et naturaliste genevois (cf. Sigrist et Candaux, 2001).</p></note> en sont les meilleurs représentants. Bourde (1967) et Dagognet (1973) ont d’ailleurs montré comment la Suisse a joué un rôle de premier plan dans le mouvement agronomique en rassemblant et favorisant les recherches agricoles au travers de ses dynasties de botanistes de Saussure, de Candolle et Lullin.</p><p>Au travers de quelques écrits de naturalistes français du 18<hi rend="sup">e</hi> siècle, la présente étude cherche à cerner les rapports existant entre la botanique et l’agriculture quant aux considérations relatives à la culture et à la multiplication des plantes. Dans un second temps, elle examine la portée des écrits de Duhamel du Monceau et leur influence sur le développement de la botanique genevoise dans son rapport avec le progrès agricole.</p></div><div type="div1"><head subtype="level1">Agriculture et botanique : mariage de raison ou liaison contre nature ?</head><div type="div2"><head subtype="level2">Champ sémantique de la botanique au 18<hi rend="sup">e</hi> siècle</head><p>Quels sont la définition et le champ d’étude de la botanique en cette seconde moitié du siècle des Lumières ? Sous ce mot, le <hi rend="italic">Dictionnaire raisonné universel d’histoire naturelle</hi> et l’<hi rend="italic">Encyclopédie</hi> précisent que ce terme a pour objet « la connaissance du règne végétal en entier » (Daubenton, 1751 ; Valmont de Bomare, 1791). La botanique comprend donc ainsi non seulement la science visant à la description, au classement et à l’identification d’espèces végétales, mais aussi la partie relative à l’anatomie et à la physiologie végétale et dénommée alors « physique végétale ». Quelques botanistes cependant, tel Lamarck<note place="foot" n="10"><p rend="footnote">  Jean-Baptiste de Monet, chevalier de Lamarck (1744-1829), botaniste et zoologue français (cf. Dayrat, 2003 : 82-100).</p></note> avec sa <hi rend="italic">Flore française</hi> ou La Tourrette au travers de ses <hi rend="italic">Démonstrations élémentaires de botanique,</hi> distinguent encore dans les années 1770-1780 l’activité propre au « physicien naturaliste » de celle du « botaniste ». La première est relative à l’examen de la structure interne, de la fonction des organes de la plante et de tout ce qui se rapporte directement ou indirectement au développement végétal ; la seconde s’attache à fournir les moyens pour identifier les différentes espèces de plantes. Mais cette distinction s’estompera bien vite sous la plume des naturalistes avec le triomphe de la « méthode naturelle » consacrant l’importance de l’anatomie végétale et la fonction des organes dans la classification<note place="foot" n="11"><p rend="footnote">  Au regard des sources historiques, nous ne sommes pas convaincus que la systématique, l’anatomie et la physiologie végétale soient restées si tardivement séparées en champs d’étude indépendants jusqu’au milieu du 19<hi rend="sup">e</hi> siècle, comme le prétendent Daudin (1983 : 53) et Morton (1981 : 419).</p></note>. De Candolle (1828)<note place="foot" n="12"><p rend="footnote">  Augustin-Pyramus de Candolle (1778-1841), botaniste et agronome genevois (cf. Dayrat, 2003 : 260-285).</p></note> relevait lui-même déjà en son temps combien le développement de la « méthode naturelle » dans la seconde moitié du 19<hi rend="sup">e</hi> siècle avait permis d’« allier la botanique proprement dite avec l’anatomie et la physiologie », pour ne former finalement, de deux sciences s’étant peu à peu « aidées et éclairées mutuellement », plus qu’une seule à partir des travaux de Desfontaines<note place="foot" n="13"><p rend="footnote">  René-Louiche Desfontaines (1750-1833), botaniste français (cf. Dayrat, 2003 : 150-156). Sa découverte de 1796, montrant que l’organisation interne de la plante est le reflet de sa forme extérieure, allait rapidement devenir un argument de poids pour les adeptes de la « méthode naturelle » dans la classification végétale.</p></note>. Dans leurs éloges de celui-ci, Mirbel (1809)<note place="foot" n="14"><p rend="footnote">  Charles François Brisseau de Mirbel (1776-1854), botaniste français, pionnier de l’anatomie végétale microscopique.</p></note> et Deleuze (1823)<note place="foot" n="15"><p rend="footnote">  Joseph Philippe François Deleuze (1753-1835), écrivain français, aide-naturaliste de Desfontaines jusqu’en 1811.</p></note> feront d’ailleurs remarquer combien ses cours parisiens professés au Jardin des Plantes dès 1786 et ses écrits dans le domaine de la « physique végétale » ont été importants pour l’essor de la physiologie végétale. Ses travaux auront ainsi majoritairement contribué à faire de cette discipline non plus une « partie accessoire » de la botanique, mais véritablement sa « base fondamentale », participant à son renouveau et stimulant son application à des champs d’étude divers tels que l’agriculture.</p><p>Aussi n’est-il pas étonnant de voir Philibert (1799 a)<note place="foot" n="16"><p rend="footnote">  J.-C. Philibert, pseudonyme pour Legendre, qui, ancien conseiller au Parlement de Paris, aurait dû quitter la magistrature suite à des « fautes graves » pour s’occuper de botanique entre 1797 et 1805 (cf. Quérard, 1870 : 108).</p></note> considérer le botaniste non seulement comme le « naturaliste des plantes », attaché à la description des espèces, mais aussi comme « l’anatomiste » et « le physiologiste des plantes ». Des propos corroborés par ses contemporains, tel Ventenat<note place="foot" n="17"><p rend="footnote">  Etienne Pierre Ventenat (1757-1808), aumônier, bibliothécaire et botaniste. Ses <hi rend="italic">Principes de botanique</hi> de 1794 sont ainsi divisés en deux parties, l’une traitant de « physique végétale » et l’autre de « botanique » au sens strict, soit relative aux « rapports frappants qui unissent entre eux les végétaux ».</p></note>, Jaume Saint Hilaire<note place="foot" n="18"><p rend="footnote">  Jean Henri Jaume Saint-Hilaire (1772-1845), botaniste français. « C’est aux botanistes que les circonstances favorisent » écrit-il ainsi « à entreprendre ce travail [d’anatomie végétale] » (Jaume Saint-Hilaire, 1805 : XXI).</p></note>, ou encore Du Petit-Thouars (1809)<note place="foot" n="19"><p rend="footnote">  Louis-Marie Aubert Aubert Du Petit-Thouars (1758-1831), marin et botaniste.</p></note> qui se déclare dès 1788 « convaincu de bonne heure que la physiologie végétale ne devait pas être séparée de la botanique », car constituant « essentiellement [sa] base » même.</p><p>En cette fin du 18<hi rend="sup">e</hi> siècle, l’unanimité semble donc exister parmi les naturalistes français quant au fait que la botanique, dans sa définition au sens large, ne doit pas simplement s’occuper de nommer et d’identifier les plantes, mais doit inclure aussi des données physiologiques et anatomiques<note place="foot" n="20"><p rend="footnote">  Stevens (1994 : 112-113) nuance notre propos avançant qu’un clivage existait parmi les botanistes quant à l’importance à accorder aux études anatomiques internes.</p></note>. L’incorporation à celle-ci des champs de recherche touchant à l’agriculture ou à la botanique appliquée suscite cependant débat. En raison de l’extraordinaire développement, entre 1750 et 1815 en France, d’une « botanophilie » passionnée qui entraîne l’augmentation du savoir naturaliste et l’apparition de nouveaux champs de recherche (Williams, 2001), plusieurs naturalistes posent la question des limites sémantiques du mot « botanique ». Richard (1798)<note place="foot" n="21"><p rend="footnote">  Louis Claude Marie Richard (1754-1821), botaniste et horticulteur français (cf. Dayrat, 2003 : 171-176).</p></note> souligne ainsi combien la multiciplicité des tâches auxquelles le botaniste peut être confronté sont cause de « la grande difficulté que l’on éprouve toutes les fois que l’on veut tirer une ligne entre ce que l’on doit ou ce que l’on ne doit pas appeler Botanique », une question « qu’on a presque toujours éludé[e] sans y répondre ». Philibert (1799a) constate que la signification de ce mot s’est élargie au cours des siècles avec le développement de la science. « En sorte qu’aujourd’hui même, conclut-il, lorsqu’on entend parler d’un ouvrage de botanique dont le titre est général, on est toujours obligé de demander s’il traite de l’usage des plantes, ou seulement de leur classification méthodique et de leur synonymie ; s’il offre des détails de physique générale, et s’il dit quelque chose de la culture ». Gérardin de Mirecourt (1810)<note place="foot" n="22"><p rend="footnote">  Sébastien Gérardin de Mirecourt (1751-1816), naturaliste français. Il fut à l’origine d’un jardin botanique ainsi que d’un cabinet d’histoire naturelle dans la ville d’Épinal.</p></note> observe lui aussi que si beaucoup de monde parle de botanique, devenue en France « l’objet du goût dominant », il n’est pas commun de « rencontrer des personnes qui aient sur cette science des idées assez nettes pour en connaître parfaitement la marche ». Villars (1800-1801)<note place="foot" n="23"><p rend="footnote">  Domique Villars (1745-1814), botaniste et médecin français (cf. Dayrat, 2003 : 110-121).</p></note> enfin souligne combien l’agriculture et autres disciplines connexes aux sciences naturelles, « en s’associant la botanique », ont stimulé les botanistes dans leur travail. « Mais en devenant plus riche et plus intéressante, sous tous les rapports », ajoute-t-il, « on ne peut dissimuler que la botanique, comme les autres sciences, perd souvent en profondeur ce qu’elle gagne en superficie », invitant ses contemporains à se recentrer sur « l’inventaire [des] collections et des connaissances acquises » par ses prédécesseurs Tournefort, Linné et Buffon.</p></div></div><div type="div1"><head subtype="level1">Botanique et progrès agricole</head><p>Le débat sur la définition à donner au mot « botanique » porte en particulier sur son intégration sémantique des considérations propres à la science agricole, relevant par exemple de la connaissance de la culture et de la multiplication des espèces. Si Tournefort<note place="foot" n="24"><p rend="footnote">  Joseph Pitton de Tournefort (1656-1708), botaniste français (cf. Dayrat, 2003 : 39-40).</p></note>, dans ses <hi rend="italic">Eléments de botanique,</hi> admettait au 17<hi rend="sup">e</hi> siècle l’agriculture et le jardinage comme des parties de la botanique<note place="foot" n="25"><p rend="footnote">  À noter que le <hi rend="italic">Dictionnaire botanique et pharmaceutique</hi> de Nicolas Alexandre (1654-1728) du début du <hi rendition="#T3">xviii</hi><hi rend="sup">e</hi> siècle considérait aussi la botanique comme une branche dépendant de l’agriculture.</p></note>, Lamarck (1785), un siècle plus tard dans son <hi rend="italic">Encyclopédie méthodique</hi><note place="foot" n="26"><p rend="footnote">  Les éditeurs de l’<hi rend="italic">Encyclopédie méthodique</hi> (1782-1832), parue en une série de dictionnaires spécialisés sur près de 54 thèmes, souhaitaient pallier la faiblesse de l’<hi rend="italic">Encyclopédie</hi> de Diderot et d’Alembert, qui, par son ordre alphabétique découpant les savoirs, empêchait le lecteur de trouver une information complète et pertinente.</p></note>, a une autre opinion. S’il admet que « la connaissance de la culture des plantes et des moyens de les multiplier et les conserver » fait effectivement partie de la botanique, c’est uniquement, précise-t-il, quand celle-ci est « considérée du côté de l’observation », car ce savoir permet « de connaître les plantes aussi complètement qu’il est possible ». L’intégration de ces champs d’étude à la botanique ne doit pas se justifier par leurs retombées utilitaires permettant de « tirer des végétaux le meilleur parti possible relativement à notre utilité ; tel que celui d’améliorer […] différents fruits qui font alors les délices de nos tables ; celui de cultiver en grand […] les plantes qui fournissent nos principaux aliments, la matière de nos vêtements, etc. ». Ces différentes études, conclut-il, « font partie de l’agriculture, du jardinage, de l’économie rurale, etc. et quoiqu’éclairés à tous égards par la botanique, ils en sont, selon nous, tout-à-fait distincts, en ce que leur objet direct n’est point, comme le sien [à la botanique], la connaissance parfaite des végétaux ». Le propos de Lamarck a le mérite d’être clair, distinguant bien par la question de l’utilité ce qui est propre à l’agriculture et à la botanique. Cette position est partagée par d’autres botanistes. Ainsi Dutour (1802)<note place="foot" n="27"><p rend="footnote">  Peu d’informations subsistent sur Marc Dutour [ou Du Tour ?] propriétaire-cultivateur à Saint Domingue qui semble être mort depuis un certain temps à la publication de son article.</p></note> approuve l’opinion du naturaliste parisien. Et même si, constate-t-il, « dans la culture des végétaux, les connaissances et les soins du botaniste doivent être à peu près les mêmes que ceux des jardiniers », leurs objectifs restent toutefois bien différents, car « le premier cultive pour observer, et le second pour avoir ». Philibert (1799b) annonce, lui, qu’« on ne doit pas s’attendre à trouver dans des éléments de botanique un traité raisonné sur la culture », et réclame « les principes généraux » de cette science aux seuls « cultivateurs célèbres » que sont « [les] Miller »<note place="foot" n="28"><p rend="footnote">  Philip Miller (1691-1771), jardinier et botaniste anglais.</p></note> et « [les] Thoüin »<note place="foot" n="29"><p rend="footnote">  André Thoüin (1747-1824), horticulteur et botaniste français. Ancien « jardinier en chef » du roi, il sera à la tête de la chaire de culture à la création du Muséum d’histoire naturelle de Paris en 1793 (Gayon, 1997).</p></note>. « C’est à eux, écrit-il, qu’il appartient de faire connaître les phénomènes de l’influence d’un nouveau climat et d’une culture toujours très différente des préparations de la nature ». Gilibert (1798)<note place="foot" n="30"><p rend="footnote">  Jean Emmanuel Gilibert (1741-1814), botaniste français.</p></note> estime quant à lui, linnéen, que « l’étude de la botanique peut et doit exister sans ses rapports avec les sciences collatérales. […] On peut être profond botaniste sans être médecin ni apothicaire, ni même agriculteur ».</p><p>À l’inverse de cette tendance, plusieurs savants soutiennent dans leurs définitions de la botanique la nécessité d’inclure à cette science des informations relatives à la culture des plantes et à la production végétale pour des fins économiques et utilitaires. Dumont de Courset (1802) déplore ainsi que l’<hi rend="italic">Encyclopédie méthodique</hi> ait séparé dans des volumes différents la botanique descriptive de la culture des plantes, et de celle des arbres et arbrisseaux<note place="foot" n="31"><p rend="footnote">  En effet, l’<hi rend="italic">Encyclopédie méthodique,</hi> par ses divisions méthodiques des matières, avait séparé les parties « botanique », « agriculture » et « forêts et bois ; arbres et arbustes ».</p></note>. Reynier (1791)<note place="foot" n="32"><p rend="footnote">  Louis Reynier (1762-1824), botaniste suisse (cf. Dayrat, 2003 : 227-229).</p></note> regrette, dans la partie « Agriculture » de l’<hi rend="italic">Encyclopédie méthodique,</hi> que ce terme ne relève « actuellement que [de] la connaissance pure et simple des formes extérieures des végétaux », et qu’il n’ait pu trouver dans « les mille et un ouvrages qui traitent de plantes exotiques, un seul qui ait décrit leurs usages économiques et leur culture dans leur pays natal ». « On peut être le premier botaniste de son siècle, ajoute-t-il, sans avoir les premières notions de la physiologie végétale, des usages des plantes et de leur culture. Il serait néanmoins à désirer que ces études, qui sont infiniment plus nécessaires que la principale, lui fussent réunies. La connaissance isolée de la conformation d’un individu, ne peut rien ajouter au bonheur de la société ». Daubenton (1751)<note place="foot" n="33"><p rend="footnote">  Louis-Jean-Marie Daubenton (1716-1800), naturaliste français.</p></note>, dans l’<hi rend="italic">Encyclopédie</hi> de Diderot, blâme aussi « la plupart de ceux qui se sont occupés de cette science depuis le renouvellement des lettres [car ils] se sont appliqués par préférence à la nomenclature ». Et d’ajouter que ceux-ci auraient pu en faire à la place un « objet de commerce » en s’appliquant à la culture des plantes pour « multiplier le nombre des plantes utiles, et par conséquent d’accroître la source de nos biens, et de la rendre intarissable par nos soins ». Cette position est partagée également par Duhamel du Monceau (1758) et Rozier (1782).</p><p>On constate au travers de ces quelques exemples qu’il semble exister ainsi deux grandes tendances opposées. La première mouvance, plus académique, moins pragmatique, défend l’idée d’une science botanique pure dénuée de considérations utilitaires et visant la connaissance pour elle même. La seconde est soucieuse de voir se développer une science appliquée de botanique incluant dans son giron des réflexions ayant trait à l’amélioration de la culture des espèces, dans le but de favoriser le progrès agricole en vue du bien-être de la société.</p><p>Ce débat entre science pure et appliquée ressurgira d’ailleurs à partir de 1850 autour de la suppression de la chaire de culture du Muséum national d’histoire naturelle de Paris. Plusieurs textes débattront ainsi du rôle et de la finalité de cette institution, si elle doit se cantonner à faire et enseigner de la science théorique exclusivement, ou être astreinte à servir l’agriculture au travers de pratiques et d’un enseignement agricoles et horticoles. La chaire de culture néanmoins subsistera et son rôle d’ailleurs s’amplifiera dès 1880 (Gayon, 1997).</p><p>Bourde (1967) a montré, au travers de nombreux exemples, combien l’histoire de la botanique et celle de l’agriculture se confondent dans la seconde moitié du 18<hi rend="sup">e</hi> siècle au travers de l’application des connaissances acquises sur la classification, l’accroissement de la flore utile et la physiologie végétale pour le développement agricole par des savants soucieux du bien-être de la société. Le savant de Pithiviers, Duhamel du Monceau, apparaît être dans ce domaine une figure de proue. Sa <hi rend="italic">Physique des Arbres,</hi> traité de botanique théorique dénué de considérations pratiques, met en avant ainsi l’« avantage » que l’on peut retirer des recherches menées par les botanistes pour parvenir à cultiver plus et mieux et enrichir l’agriculture par la naturalisation de plantes étrangères (Duhamel du Monceau, 1758). Cet ouvrage a posé, selon Bourde (1967), les jalons de la science agronomique du 19<hi rend="sup">e</hi> siècle, en visant à convaincre que l’amélioration de la croissance des espèces nourricières ne peut provenir que de l’acquisition des connaissances des botanistes relatives à la morphologie et l’anatomie végétale, et à la compréhension du rôle fonctionnel des différentes parties de la plante.</p></div><div type="div1"><head subtype="level1">Développement d’une botanique appliquée à l’agriculture au 18<hi rend="sup">e</hi> siècle</head><p>À Genève, au siècle des Lumières, c’est le développement d’une recherche botanique appliquée et « utile » au progrès agricole qui prendra nettement le pas. À cet égard, la question de l’« utilité » des recherches menées sur le règne végétal est importante, parce qu’elle constitue une des bases de la filiation intellectuelle existant entre Duhamel du Monceau et les naturalistes genevois impliqués de manière plus ou moins importante dans les études en botanique à cette époque<note place="foot" n="34"><p rend="footnote">  Dès la fin du siècle des Lumières et jusqu’en 1850, Genève deviendra un centre international de botanique (cf. Sigrist, 2004 : 112-115).</p></note>.</p><div type="div2"><head subtype="level2">Charles Bonnet, le solitaire de Genthod</head><p>Ainsi est-ce sans doute avec Charles Bonnet, chef de file des savants genevois et d’une influence prépondérante sur la pensée et les travaux de ses successeurs de Saussure et Senebier, que cette filiation est la mieux représentée. Dans une de ses lettres à Haller, il se reconnaît ainsi admirateur du savant de Pithiviers et de ses écrits : « Ce que j’en ai lu m’a paru clair, méthodique et puisé dans l’expérience. […] C’est assurément un excellent citoyen, dont tous les ouvrages portent l’empreinte du bien public » (Sonntag, 1983).</p><p>Si ses quelques études en botanique relèvent de la « physique végétale » (Naef, 1993), leurs principales préoccupations sont relatives à des questions de nutrition foliaire, de circulation de la sève, de phytodynamisme et de colorations foliaires sous l’action de la lumière. L’historiographie contemporaine (Revilliod, 1942 ; Naef, 1993) a trop justifié l’intérêt de Bonnet pour ces travaux comme la conséquence de ses troubles oculaires ressentis dès 1744 et son besoin d’affermir l’idée d’une analogie existant entre règnes animal et végétal<note place="foot" n="35"><p rend="footnote">  La croyance en une continuité sérielle de la nature avait poussé Bonnet à élaborer son « Échelle des êtres » organisant l’ensemble du monde minéral et vivant en une gradation ininterrompue de l’organisme le plus complexe au plus simple.</p></note>. Plusieurs observations et expériences dans ses <hi rend="italic">Recherches sur l’usage des feuilles dans les plantes</hi> sont motivées aussi par leurs conséquences utilitaires pour la pratique agricole, comme en témoigne sa conclusion sur ses expériences menées sur le rôle des feuilles dans la nutrition végétale : « [Ces] expériences […] ne sont pas simplement curieuses ; elles peuvent encore devenir fort utiles à la pratique du jardinage et de l’agriculture » (Bonnet, 1754).</p><p>Dans un autre passage, discutant ses expériences relatives à l’étiolement et aux conséquences d’un manque de lumière sur la croissance des plantes, il constate qu’il suffirait seulement de priver les légumes de lumière pour obtenir d’eux un blanchiment nécessaire à l’attendrissement de leur chair et l’adoucissement de leur goût : « On enterre les plantes potagères que l’on veut faire blanchir. Ce procédé en opère souvent la corruption. Ne serait-il point mieux de les renfermer dans de longues caisses, qu’on ouvrirait de temps en temps pour renouveller l’air, et chasser les vapeurs nuisibles ? » (Bonnet, 1754).</p></div><div type="div2"><head subtype="level2">Horace-Bénédict de Saussure, le héros de la conquête du Mont-Blanc</head><p>Mais c’est au travers des travaux botaniques d’Horace-Bénédict de Saussure (Bungener, 2001), neveu de Bonnet et père de Nicolas-Théodore, que l’on prend encore conscience de l’influence à Genève des idées fécondes de Duhamel prônant l’étude du monde végétal pour l’amélioration agricole. Dans une de ses lettres à Duhamel du Monceau, Bonnet témoigne de l’importance de ce dernier aux yeux de son neveu : « Il [H.-B. de Saussure] est un de vos meilleurs élèves dans la physique des plantes et il a un désir vif de connaître son maître et le mien et de mériter son estime »<note place="foot" n="36"><p rend="footnote">  Lettre du 2 mars 1768 (BPUG, Ms Bo 72).</p></note>.</p><p>De Saussure a toujours clamé dans ses écrits sa conviction de l’utilité de ses travaux sur le règne végétal pour le progrès de l’agriculture et du bien-être humain. « Peut être conviendra-t-on, enfin, que l’étude de la Nature est utile » rapporte de Saussure (1772) en conclusion de son <hi rend="italic">Essai d’un moyen de prévenir les disettes de bled,</hi> dans lequel il montre comment la culture de graines de blés originaires de pays chaud pourrait résoudre, par une floraison précoce, les problèmes de dépérissement de variétés locales plus sensibles aux variations climatiques saisonnières. Conscient des « conséquences infiniment intéressantes pour l’agriculture » (de Saussure, 1793) des considérations de son oncle sur l’importance des faces inférieures foliaires dans la transpiration végétale, de Saussure (1762) montre encore que ces affirmations ont une réalité structurale dans ses méticuleuses observations microscopiques des stomates foliaires.</p><p>C’est encore sous l’angle des observations phénologiques menées en perspective des améliorations agricoles et publiées dans le Journal de Genève entre 1787 et 1791 et la Bibliothèque britannique dès 1796 qu’il faut envisager l’influence de Duhamel du Monceau sur l’activité botanique des naturalistes genevois. Ces observations « botanico-météorologiques » font suite aux célèbres Observations botanico-météorologiques du savant de Pithiviers, publiées à partir de 1741 dans les Mémoires de l’académie royale des sciences, et qui livrent des tableaux relatant l’état complet du temps chaque jour de chaque mois en y ajoutant en parallèle l’état de la végétation et son avancement phénologique. Son but vise à établir les rapports entre température et humidité de l’air et production du sol, afin d’observer et prévoir les conséquences de « l’effet que telle ou telle circonstance dans les saisons peut produire sur les végétaux » et ainsi « de connaître plus positivement le rapport qu’il y a entre la température des saisons et les productions de la terre ». « [I]l est souvent très avantageux de prévoir, justifie ainsi Duhamel du Monceau (1741), ne fut-ce qu’à peu près, puisque quelquefois on sera à portée de prévenir une partie des accidents, et que dans d’autres cas on s’épargnera bien des inquiétudes »<note place="foot" n="37"><p rend="footnote">  L’intérêt pour le développement d’une météorologie pratique tirée du comportement des êtres vivants apparaît au travers de la multiplication d’articles sur le mot « pronostic » dans les dictionnaires et encyclopédies du 18<hi rend="sup">e</hi> siècle.</p></note>. Dans le Journal de Genève apparaissent des chroniques régulières de « météorologie naturelle » de la main de de Saussure et de Senebier rendant compte aussi de l’état phénologique de la végétation et des premières apparitions d’animaux en relation avec des tables météorologiques. Senebier (1791) en soulignera toute l’importance au mot « feuillaison » de son <hi rend="italic">Encyclopédie méthodique</hi> : « Il faudrait faire en divers endroits ce qu’on a fait à Genève, où, à la suite des observations météorologiques, on met chaque semaine, dans le journal qui se publie, le nom de quelques plantes usuelles, fleuries alors dans les huit jours qui s’écoulent entre sa publication ; les secours qu’on retirerait de cette météorologie nouvelle seraient bien plus efficaces pour l’agriculture, que ceux qu’on retire de l’observation seule de nos instruments ».</p></div><div type="div2"><head subtype="level2">Jean Senebier et Nicolas-Théodore de Saussure</head><p>Mentionnons pour finir l’importance de Duhamel sur Senebier dans sa contribution à la physiologie végétale. Sa référence à la <hi rend="italic">Physique des Arbres</hi> de Duhamel est manifeste dans la définition de la physiologie végétale que Senebier (1791) donne dans son <hi rend="italic">Encyclopédie méthodique</hi> : « J’ai préféré ce mot, pour indiquer la science qui nous découvre l’organisation des plantes, et l’histoire de leur vie, à celui de Physique végétale, que M. Duhamel avait adopté, parce que le premier me parait avoir une acception plus particulière que le second ».</p><p>Comme le savant de Pithiviers, Senebier (1791) considère cette discipline comme faisant partie de la botanique et justifie de son intérêt par ce qu’elle peut amener au progrès agricole, insistant particulièrement sur le rôle de l’analyse chimique végétale pour comprendre la nutrition des plantes<note place="foot" n="38"><p rend="footnote">  Kottler (1973) a montré l’importance des travaux de Senebier pour l’émergence, comme discipline autonome, de la physiologie végétale qui assimile la nouvelle chimie lavoisienne à la fin du 18<hi rend="sup">e</hi> siècle.</p></note> : « Mais, qui doutera de l’importance de la physiologie végétale, pour perfectionner l’agriculture ? Quand connaitra-t-on la manière de cultiver les plantes avec profit, si ce n’est lorsqu’on saura le mieux leur rapport avec les éléments ? Et quand pénétrera-t-on mieux ces rapports, si ce n’est encore lorsqu’on aura approfondi l’organisation des végétaux, le jeu de leurs organes, l’influence des circonstances sur eux ? Le temps viendra où les opérations de l’agriculture ne seront plus prescrites par une routine aveugle, où par des tatonnements dangereux ; mais où l’on lira dans la plante elle-même, ses rapports avec la terre qui doit la nourrir, et les préparations qu’on doit lui donner ».</p><p>Avec un tel discours, Nicolas-Théodore de Saussure<note place="foot" n="39"><p rend="footnote">  Nicolas Théodore de Saussure (1767-1845), botaniste suisse.</p></note> et ses <hi rend="italic">Recherches chimiques sur la végétation</hi> consacrées à la nutrition minérale ne sont pas loin (Robin et Blondel-Mégrelis, 2001). Cet écrit majeur ayant contribué à la naissance de la chimie agricole est ainsi entièrement motivé par ce qu’il peut apporter au « perfectionnement de l’agriculture » (de Saussure, 1804).</p><p>Dans son <hi rend="italic">Histoire de la botanique genevoise,</hi> de Candolle (1830) ne se trompera d’ailleurs pas sur la nature des travaux sur les plantes de ses prédécesseurs, les qualifiant comme résultant de « l’alliance intime de la physique et de l’agriculture avec la physiologie végétale ».</p></div></div><div type="div1"><head subtype="level1">Conclusions</head><p>Si la botanique, considérée dans son sens large, ne cesse de prendre de l’ampleur et de se constituer en discipline autonome par rapport à la science médicale au cours du 18<hi rend="sup">e</hi> siècle, elle continue cependant d’être reliée à la science agricole qu’elle stimule fortement. La reconnaissance de l’utilité pratique des études botaniques et les débats qui l’entourent seront de première importance dans l’émergence de la science agronomique au 19<hi rend="sup">e</hi> siècle, comme l’ont bien relevé Bourde (1967) et Denis (2001). Genève, à cet égard, a joué incontestablement un rôle de premier plan dans ce développement au travers de sa cohorte de savants convaincus de bonne heure de l’importance de leurs travaux sur le monde végétal pour une agriculture améliorée. Certes, l’application des sciences et des techniques est née, on le sait, de l’esprit de la Renaissance, et l’utilité de la recherche scientifique est signalée dès les travaux de Bacon. Néanmoins, comme l’observe Bourde (1967 : 979), le climat intellectuel, moral et économique qui prévaut durant la seconde moitié du siècle des Lumières apparaît comme une période particulièrement stimulante pour un regain rhétorique de la reconnaissance de l’utilité du savoir scientifique dans les textes naturalistes. En botanique particulièrement, le terme d’« utilité » reviendra bien souvent en leitmotiv chez les savants pour justifier leurs études entreprises sur le monde végétal. Les écrits des naturalistes genevois sont là pour en témoigner.</p></div><div type="div1"><head subtype="level1">Remerciements</head><p>L’auteur est reconnaissant envers l’historien des sciences René Sigrist pour son émulation intellectuelle. Il remercie également Mme Gabrielle Barriera et MM. Patrick Perret et Pascal Martin des Conservatoire et Jardin botaniques de Genève.</p></div></body>
		<back>
			<div type="bibliography">
				<listBibl>
					<bibl type="head" subtype="level1">Bibliographie</bibl><bibl>Bonnet C., 1754 — Recherches sur l’usage des feuilles dans les plantes. Gottinguen.</bibl><bibl>Bourde A. J., 1967 — <hi rend="italic">Agronomie et agronomes en France au </hi><hi rend="italic"><hi rendition="#T3">xviii</hi></hi><hi rend="sup"><hi rend="italic">e</hi></hi><hi rend="italic"> siècle.</hi> Paris, Sevpen, coll. Les hommes et la terre, 1740 p.</bibl><bibl>Bungener P., 2001 — <hi rend="italic">Les rapports de Saussure avec la botanique, in</hi> : Sigrist R., Candaux J.-D. (éd.) : 33-49.</bibl><bibl>Buscaglia, M, Sigrist R., Trembley J., Wüest J. (éd.), 1994 — Charles Bonnet, savant et philosophe (1720-1793). Symp., Genève, 1993. <hi rend="italic">Mém. Soc. Phys. Hist. Nat. Genève,</hi> 47, 321 p.</bibl><bibl>Candolle A.-P. de, 1828 — Phytologie ou Botanique. In Bory de Saint Vincent, J. B. G. M. (éd.) : <hi rend="italic">Dictionnaire classique d’histoire naturelle,</hi> Paris, t. XIII, 478-491.</bibl><bibl>Candolle A.-P. de, 1830 — <hi rend="italic">Histoire de la botanique genevoise.</hi> Genève.</bibl><bibl>Dagognet F., 1973 — <hi rend="italic">Des révolutions vertes.</hi> Histoire et principes de l’agronomie. Paris, Hermann, coll. Savoir, 182 p.</bibl><bibl>Daubenton L. J. M., 1751 — Botanique, <hi rend="italic">in</hi> : Diderot D., d’Alembert J. Le Rond (éd.) : <hi rend="italic">Encyclopédie ou Dictionnaire raisonné des sciences, des arts et des métiers,</hi> Paris, t. II., 340-345.</bibl><bibl>Daudin H., 1983 — <hi rend="italic">De Linné à Lamarck. Méthodes de la classification et idée de série en botanique et en zoologie (1740-1790).</hi> Paris, éditions des archives contemporaines, 264 p.</bibl><bibl>Dayrat B., 2003 — <hi rend="italic">Les botanistes et la flore de France : trois siècles de découvertes,</hi> Paris, Museum national d’Histoire naturelle, coll. Archives, 690 p.</bibl><bibl>Deleuze J. P. F., 1823 — <hi rend="italic">Histoire et description du Museum Royal d’Histoire naturelle,</hi> Paris.</bibl><bibl>Denis G., 1993 — La représentation de la maladie des plantes « ruraux », « botanistes » et « agronomes », <hi rend="italic">in</hi> : Corvol A. (éd.), <hi rend="italic">La nature en révolution 1750-1800,</hi> Paris, éd. L’Harmattan, coll. Alternatives rurales, 94-106.</bibl><bibl>Denis G., 2001 — Du physicien agriculteur du dix-huitième à l’agronome des dix-neuvième et vingtième siècle : mise en place d’un champ de recherche et d’enseignement. Symp. Autour d’Olivier Serres, Le Pradel, 2000, <hi rend="italic">C.R. Acad. agric. de France,</hi> 87 (4), 81-103.</bibl><bibl>Du Petit-Thouars L.-M. A. A., 1809 — <hi rend="italic">Essais sur la végétation,</hi> Paris.</bibl><bibl>Duhamel du Monceau H. L., 1741 — Observations botanico-météorologiques pour l’année 1740. <hi rend="italic">Hist. Acad. Roy. Sci. Mém. Math. Phys.,</hi> [année 1741], 149-171.</bibl><bibl>Duhamel du Monceau H. L., 1758 — <hi rend="italic">Physique des arbres,</hi> Paris, t. I.</bibl><bibl>Dumont de Courset G. L. M., 1802 — <hi rend="italic">Le botaniste cultivateur,</hi> Paris, t. I.</bibl><bibl>Dutour M., 1802 — Botanique ou Phytologie. In Déterville J.-F. (éd.) : <hi rend="italic">Nouveau dictionnaire d’histoire naturelle appliquée aux arts,</hi> Paris, t. III, 334-401.</bibl><bibl>Gayon J., 1997 — Le Museum national d’Histoire naturelle et l’amélioration des plantes au <hi rendition="#T3">xix</hi><hi rend="sup">e</hi> siècle, <hi rend="italic">in</hi> : Blanckaert C., Cohen C., Corsi P., Fischer J.-L. (éd.) : <hi rend="italic">Le Museum au premier siècle de son histoire,</hi> Paris, MNHN, coll. Archives, 375-402.</bibl><bibl>Gérardin de Mirecourt S., 1810 — <hi rend="italic">Essai de physiologie végétale,</hi> Paris, t. I.</bibl><bibl>Gilibert J. E., 1798 — <hi rend="italic">Histoire des plantes d’Europe,</hi> Lyon, t. I.</bibl><bibl>Hartmann C., 2002 — Henry-Louis Duhamel du Monceau (1700-1782) et la botanique, <hi rend="italic">J. Bot. Soc. Bot. France,</hi> 20, 55-63.</bibl><bibl>Jaume Saint-Hilaire J. H., 1805 — <hi rend="italic">Exposition des familles naturelles,</hi> Paris, t. I.</bibl><bibl>Kim K., 1995 — <hi rend="italic">Jean Senebier and the Genevan naturalists,</hi> PhD thesis, University of Oklahoma, 304 p.</bibl><bibl>Kottler D. B., 1973 — <hi rend="italic">Jean Senebier and the emergence of plant physiology, 1775-1802 : from natural history to chemical science,</hi> PhD thesis, John Hopkins University, 307 p.</bibl><bibl>Lamarck J. B. A. P. M. de, 1785 — <hi rend="italic">Encyclopédie méthodique.</hi> Botanique, Paris, t. I.</bibl><bibl>Mirbel C. F. B. de, 1809 — <hi rend="italic">Exposition de la théorie de l’organisation végétale,</hi> Paris.</bibl><bibl>Morton A. G., 1981 — <hi rend="italic">History of botanical science,</hi> London, Academic Press, 474 p.</bibl><bibl>Naef J., 1994 — Charles Bonnet et les plantes, <hi rend="italic">in</hi> : Buscaglia, M, Sigrist R., Trembley J., Wüest J. (éd.), 133-148.</bibl><bibl>Philibert J. C., 1799a — <hi rend="italic">Introduction à l’étude de la botanique,</hi> Paris, t. I.</bibl><bibl>Philibert J. C., 1799b — <hi rend="italic">Introduction à l’étude de la botanique,</hi> Paris, t. III.</bibl><bibl>Quérard J.-M., 1870 — <hi rend="italic">Les Supercheries littéraires dévoilées,</hi> Paris, Paul Daffis, 1290 p.</bibl><bibl>Revilliod P., 1942 — <hi rend="italic">Physiciens et naturalistes genevois,</hi> Genève, Kundig, 55 p.</bibl><bibl>Reynier L., 1791 — Botanique, <hi rend="italic">in</hi> : Tessier A.-H., Thoüin A. (éd.) : <hi rend="italic">Encyclopédie méthodique. Botanique,</hi> Paris, t. II, 316.</bibl><bibl>Richard L. C. M., 1798 — <hi rend="italic">Dictionnaire élémentaire de botanique,</hi> Paris.</bibl><bibl>Robin P., Blondel-Mégrelis M., 2001 — 1800 et 1840, physiologie végétale et chimie agricole. 1. Saussure, une publication à ressusciter, Symp. Autour d’Olivier Serres, Le Pradel, 2000. <hi rend="italic">C.R. Acad. agric. France,</hi> 87 (4), 31-59.</bibl><bibl>Rozier J.-B. F., 1782 — <hi rend="italic">Cours complet d’agriculture,</hi> Paris, t. II.</bibl><bibl>Saussure H.-B. de, 1762 — <hi rend="italic">Observations sur l’écorce des feuilles et les pétales,</hi> Genève.</bibl><bibl>Saussure H.-B. de, 1772 — <hi rend="italic">Essai d’un moyen de prévenir les disettes de bled, qui affligent si souvent la plus grande partie de l’Europe,</hi> Genève.</bibl><bibl>Saussure H.-B. de, 1793 — <hi rend="italic">Eloge historique de Charles Bonnet,</hi> Genève</bibl><bibl>Saussure N. T. de, 1804 — <hi rend="italic">Recherches chimiques sur la végétation,</hi> Paris.</bibl><bibl>Senebier J, 1791 — <hi rend="italic">Encyclopédie méthodique.</hi> Physiologie végétale, Paris</bibl><bibl>Sigrist R., Candaux J.-D. (éd.), 2001 — <hi rend="italic">H.-B. de Saussure (1740-1799).</hi> Genève, Georg, coll. Bibliothèque d’histoire des sciences, 540 p.</bibl><bibl>Sigrist R., 2004 — <hi rend="italic">L’essor de la science moderne à Genève.</hi> Lausanne, Presses polytechniques et universitaires romandes, coll. Le savoir suisse, 144 p.</bibl><bibl>Sonntag O. (ed.), 1983 — <hi rend="italic">The correspondence between Albrecht von Haller and Charles Bonnet.</hi> Bern, Hans Huber, coll. Sudia Halleriana, 1338 p.</bibl><bibl>Stevens P. F., 2004 — <hi rend="italic">The development of biological systematics : Antoine-Laurent de Jussieu, nature, and the natural system.</hi> New York, Columbia University Press, 616 p.</bibl><bibl>Valmont de Bomare J. C., 1791 — <hi rend="italic">Dictionnaire raisonné universel d’histoire naturelle,</hi> Paris, t. II.</bibl><bibl>Villars D., 1800-1801 — <hi rend="italic">Mémoire sur les moyens d’accélérer les progrès de la botanique,</hi> Paris.</bibl><bibl>Williams R. L., 2001 — <hi rend="italic">Botanophilia in eighteenth-century France.</hi> The spirit of Enlightenment. Dordrecht, Kluwer Academic Publishers, coll. Archives internationales d’histoire des idées, 197 p.</bibl></listBibl>
			</div>
		</back>
	</text>
</TEI>
