<?xml version="1.0" encoding="utf-8"?>
<TEI xmlns="http://www.tei-c.org/ns/1.0" xmlns:xsi="http://www.w3.org/2001/XMLSchema-instance" xsi:schemaLocation="http://www.tei-c.org/ns/1.0 http://www.lodel.org/ns/tei.openedition.1.0.xsd">
	<teiHeader>
		<fileDesc>
			<titleStmt>
				<title level="a" type="main">Introduction</title>
			</titleStmt>
			<publicationStmt>
				<availability>
					<p>
						
						
						
					</p>
				</availability>
				<idno type="url">http://books.openedition.org/irdeditions/4635</idno>
			</publicationStmt>
			<sourceDesc>
				<biblFull>
					<titleStmt>
						<title/>
						
						
					</titleStmt>
					<publicationStmt>
						<date>
						</date>
						<idno type="pp">29-32</idno>
					</publicationStmt>
				</biblFull>
			</sourceDesc>
		</fileDesc>
		<encodingDesc>
			<appInfo>
				<application version="1.0" ident="Lodel">
					<label>Lodel</label>
					<desc><ref target="http://www.tei-c.org/">We use TEI</ref></desc>
				</application>
			</appInfo>
			<tagsDecl>
				<rendition xml:id="T1" scheme="css">text-decoration:line-through</rendition>
				<rendition xml:id="T2" scheme="css">font-variant:small-caps;text-decoration:underline</rendition>
				<rendition xml:id="T3" scheme="css">font-variant:small-caps</rendition>
				<rendition xml:id="T4" scheme="css">text-transform:uppercase</rendition>
				<rendition xml:id="T5" scheme="css">text-transform:uppercase;text-decoration:underline;</rendition>
			</tagsDecl>
		</encodingDesc>
		<profileDesc>
			<langUsage>
				<language ident="fr">fr</language>
			</langUsage>
			
			<textClass>
				
				
			</textClass>
		</profileDesc>
	</teiHeader>
	<text>
		<front>
		</front>
		<body>
			<p rend="epigraph">« Toute production de sens avoue un événement qui est arrivé et qui l’a permise. Même les sciences exactes sont amenées à exhumer leur rapport à une histoire, c’est-à-dire le problème de la relation entre leur discours et ce qu’il implique sans le dire – entre une cohérence et une genèse. (…) L’activité qui produit du sens et qui instaure une intelligibilité du passé est aussi le symptôme d’une activité subie, le résultat d’événements et de structurations qu’elle change en objets pensables, la représentation d’une genèse organisatrice qui lui échappe. (…)<lb/>Le discours historique explicite une identité sociale non pas en tant qu’elle est « donnée » ou stable, mais en tant qu’elle se différencie d’une époque antérieure ou d’une autre société. »<lb/>(Michel de Certeau, <hi rend="italic">L’Écriture de l’Histoire</hi> (1975), 2002, éditions Gallimard FolioHistoire, pp. 69, 70, 72, Chapitre 1. Faire de l’histoire, problèmes de méthode et problèmes de sens)</p><p>Qu’elle soit individuelle ou collective, littéraire ou scientifique, sociale ou politique, toute activité quotidienne montre assez combien pratique, engagement, ou discours sont tributaires de la transmission d’un héritage, transmission secrète ou affichée, mythique ou physique, orale ou écrite. Et hériter d’un clan, d’un territoire, d’une culture, c’est aussi vivre l’état présent d’une genèse toujours en cours qui tisse une identité au milieu de la multitude. C’est devenir acteur d’une histoire. L’absence d’héritage, tout comme l’incapacité à en discerner les fils ne sont-ils pas des sources infinies de frustration ? Accueillir un héritage pour en discerner les richesses, tenter d’en dépasser les limites actuelles n’invite-il pas à participer à une nouvelle genèse ? Encore faut-il saisir le sens de l’œuvre pour être à même d’en choisir les fils et d’en enrichir la palette. Car c’est de la symbiose entre l’œil sur la trame et ses limites et la main sur la navette et ses exigences, que surgit la création. Du dialogue entre un « lire » et un « produire » peut émerger une conscience du temps. Alors se déploieront des représentations qui vont prendre corps et sens à travers des gestes.</p><p>Inviter à une symbiose entre histoires et agronomies implique de penser le temps au travers des représentations et des gestes respectifs propres à ces deux champs. Identifier des sources et des faits, les interpréter, les mettre en récit sont les « travaux des jours » qui constituent l’œuvre historienne. Mais selon quels codes participent-ils au développement d’une œuvre commune (Gavignaud-Fontaine) ? Questionner les pratiques et les innovations pour transmettre aux acteurs de la terre les fruits des progrès du savoir, voilà la mission de l’agronome qui habite son quotidien. Mais qu’en est-il de nos mémoires et de nos mythes face aux changements (Robin) ? Caractériser les champs scientifiques et leurs limites, les évolutions techniques et leurs ruptures dans la longue durée, c’est faire là œuvre de lisibilité. Mais en quoi consistent les fonctions structurantes des acteurs et des institutions (Denis) ? Discerner les antiques traditions et leur étroite imbrication dans la création d’une rationalité moderne à vocation universelle et opératoire est la tâche du philosophe. Mais qu’en est-il de ces influences obscures dont la réapparition récurrente dans le discours contemporain ne cesse de nous surprendre (Mazauric) ? Voilà bien quatre espaces d’exploration conceptuelle qu’il s’agit d’inscrire comme autant de préliminaires au tissage de la symbiose.</p></body>
		<back>
		</back>
	</text>
</TEI>
