<?xml version="1.0" encoding="utf-8"?>
<TEI xmlns="http://www.tei-c.org/ns/1.0" xmlns:xsi="http://www.w3.org/2001/XMLSchema-instance" xsi:schemaLocation="http://www.tei-c.org/ns/1.0 http://www.lodel.org/ns/tei.openedition.1.0.xsd">
	<teiHeader>
		<fileDesc>
			<titleStmt>
				<title level="a" type="main">Thaer 200 years at Möglin (Germany)</title>
				<title type="alt" xml:lang="fr">Deux cents ans de Thaer à Möglin (Allemagne)</title>
				<author>
					<persName><forename>Martin</forename><surname>Frielinghaus</surname></persName>
					<affiliation>
						<s>&#13;
							Martin <hi rend="bold">Frielinghaus</hi>, Fördergesellschaft Albrecht Daniel Thaer, Hauptstraße 20, OT Möglin, 15345 Reichenow-Möglin (Allemagne)</s>
					</affiliation>
					<email>
						<s>MFrielinghaus@t-online.de</s>
					</email>
				</author>
				<author>
					<persName><forename>Claus</forename><surname>Dalchow</surname></persName>
					<affiliation>
						<s>&#13;
							Claus <hi rend="bold">Dalchow</hi>, Fördergesellschaft Albrecht Daniel Thaer, Hauptstraße 20, OT Möglin, 15345 Reichenow-Möglin (Allemagne)</s>
					</affiliation>
					<email>
						<s>cdalchow@zalf.de</s>
					</email>
				</author>
			</titleStmt>
			<publicationStmt>
				<availability>
					<p>
						
						
						
					</p>
				</availability>
				<idno type="url">http://books.openedition.org/irdeditions/4670</idno>
			</publicationStmt>
			<sourceDesc>
				<biblFull>
					<titleStmt>
						<title/>
						
						
						<respStmt>
							<resp>auteur</resp>
							<name>Martin Frielinghaus</name>
						</respStmt>
						<respStmt>
							<resp>auteur</resp>
							<name>Claus Dalchow</name>
						</respStmt>
					</titleStmt>
					<publicationStmt>
						<date>
						</date>
						<idno type="pp">259-267</idno>
					</publicationStmt>
				</biblFull>
			</sourceDesc>
		</fileDesc>
		<encodingDesc>
			<appInfo>
				<application version="1.0" ident="Lodel">
					<label>Lodel</label>
					<desc><ref target="http://www.tei-c.org/">We use TEI</ref></desc>
				</application>
			</appInfo>
			<tagsDecl>
				<rendition xml:id="T1" scheme="css">text-decoration:line-through</rendition>
				<rendition xml:id="T2" scheme="css">font-variant:small-caps;text-decoration:underline</rendition>
				<rendition xml:id="T3" scheme="css">font-variant:small-caps</rendition>
				<rendition xml:id="T4" scheme="css">text-transform:uppercase</rendition>
				<rendition xml:id="T5" scheme="css">text-transform:uppercase;text-decoration:underline;</rendition>
			</tagsDecl>
		</encodingDesc>
		<profileDesc>
			<langUsage>
				<language ident="en">en</language>
			</langUsage>
			
			<textClass>
				
				
				<keywords scheme="keyword" xml:lang="en">
					<list>
						
						
						<item>rational agriculture</item>
						<item>Prussian agrarian reforms</item>
						<item>agricultural academy</item>
						<item>manor of Möglin</item>
						<item>crop rotation</item>
						<item>sheep management</item>
						<item>soil bonitation</item>
						<item>humus theory</item>
					</list>
				</keywords>
				<keywords scheme="keyword" xml:lang="fr">
					<list>
						
						
						<item>agriculture rationnelle</item>
						<item>réforme agraire en Prusse</item>
						<item>académie agricole</item>
						<item>domaine de Möglin</item>
						<item>théorie de l’humus</item>
						<item>rotation</item>
						<item>élevage ovin</item>
						<item>évaluation des sols</item>
					</list>
				</keywords>
			</textClass>
		</profileDesc>
	</teiHeader>
	<text>
		<front>
			<p>In 1804 Albrecht Daniel Thaer (1752-1828) followed an invitation to establish his domicile and his activities in the Prussian kingdom. He purchased the manor of Möglin in the Eastern part of what is nowadays the Federal State of Brandenburg. At Möglin he was able to develop his concept of rational agriculture, managed both economically and sustainably, and based on crop rotation, soil improvement by marling, increased field forage, stable feeding, extension of grassland by man-made alluvial pastures, and sheep breeding, and management. He contributed actively to designing the Prussian agrarian reforms. Many components of the actual German soil bonitation are based on Thaer’s ideas. In 1806, Thaer founded an agricultural school at Möglin, which became the Royal Prussian Academy of Agriculture, and lasted up to 1862. Many of Thaer’s ideas are still relevant. In autumn 2004, the Promoter Association Albrecht Daniel Thaer marked the 200th anniversary of Thaer’s purchase of Möglin by an international congress.En 1804, Albrecht Daniel Thaer (1759-1852) suivit une invitation à transférer son domicile et ses activités au royaume de Prusse. Il acquit alors le domaine de Möglin dans la partie orientale de l’actuel État fédéral du Brandebourg. À Möglin, il put développer son concept d’agriculture rationnelle, gérée de manière à la fois économique et durable et basée sur rotation des cultures, amélioration des sols, augmentation de la production fourragère, de l’élevage en étable, du pâturage et de l’élevage d’ovins. Il contribua activement à formuler les réformes agraires prussiennes et plusieurs des critères encore utilisés pour l’évaluation des sols en Allemagne sont basés sur des idées de Thaer. En 1806, Thaer fonda une école d’agriculture à Möglin, qui allait devenir Académie agricole royale de Prusse jusqu’en 1862. Bien des idées de Thaer ont toujours cours aujourd’hui. À l’automne 1804, l’Association A.D. Thaer a célébré le 200<hi rend="sup">e</hi> anniversaire de l’achat du domaine de Möglin en organisant un congrès international.</p></front>
		<body>
			<div type="div1"><head subtype="level1">Introduction</head><p>In February 1804 Minister von Hardenberg wrote a request to Albrecht Daniel Thaer asking him to move from the town of Celle in the elector’s princedom of Hannover to Prussia. Thaer went immediately to Berlin.</p><p>While at Berlin Thaer received an autograph letter from the Prussian King dated 19<hi rend="sup">th</hi> of March 1804 listing the conditions offered for the move, i.e. affiliation to the Academy of Science, disposable long lease for the domain Wollup in the Oderbruch (floodplain of River Oder), authorisation to purchase an appropriate manor, support for the foundation of an agricultural academy and nomination as a Royal Prussian Private Counsellor.</p><p>On 30<hi rend="sup">th</hi> June 1804 Thaer bought the manor of Möglin with some 250 ha, situated on the Barnim plateau, close to the rim of the Oderbruch. Simultaneously he took a long lease on the farm Königshof with some 50 ha at the Oderbruch. On total, 23 people came with Thaer to Möglin, including relatives, collaborators like Einhof and Sprengel and personnel with their families (Körte, 1839). In handling his affairs, Thaer had to return once more to Celle, but in September everything had been arranged, and in a letter he could announce to his wife his arrival at Möglin for the 8<hi rend="sup">th</hi> or 9<hi rend="sup">th</hi> October 1804 (Simons, 1929).</p></div><div type="div1"><head subtype="level1">The purchase of Möglin</head><p>In 1804 when Thaer purchased the manor of Möglin, he took over a previously noble estate, that owned specific privileges in terms of the General Law. Since 1750 citizens that intended to purchase a noble estate needed a royal approval. The civil owner did not automatically receive all of the civil rights attached to the estate like jurisdiction or the right to become a member of the regional parliament. The opening of the real estate market only occurred through the October 1807 Edict (Schiller, 2003). The fact, that the citizen Thaer was allowed to purchase a manor already in 1804 is a sign of the king’s appreciation.</p><p>Thaer himself and his first biographer (Körte, 1839) gave numerous reasons for the purchase. At first, it surely was of importance that Thaer had already travelled the region. Both in 1799 and 1801 he had undertaken two trips through the Mark Brandenburg during which he learned to appreciate many farm owners in the vicinity. In 1803, during the French occupation of Celle, he took his wife and his daughters into security to the Brandenburgian country.</p><p>Thaer commented for the first time on this topic in 1808 in the Annals of Agriculture (<hi rend="italic">Annalen des Ackerbaus</hi>; Thaer, 1808), and in an anonymous report entitled “Brave and honest Report about Möglin on occasion of the closure of the fiscal year 1807/08” (<hi rend="italic">Getreue und wahrhaftige Darstellung von Mögelin beim Schlusse des Wirthschaftsjahres 1807/08</hi>) with additional comments. Thaer wanted to avoid the trouble of separation of farmland and the calculation of the remuneration for peasant manual and traction services. In addition, he intended to relocate quickly and with all the personnel he needed without having to face previous civil works. Möglin was a realigned manor with sufficient building fabric available, but no peasants, only four Kossäten doing hand services, and some other daily hired farm workers. On total Möglin in 1800 represented 305 ha land, 80 residents, 13 fireplaces, four Kossäten, four minor land owners, one blacksmith’s shop and one windmill (Schmidt, 1928). Möglin had been ill-treated and its soils were in bad condition. There was hence a good opportunity to demonstrate the potential of a rational crop rotation.</p><p>Also, Möglin with its sandy to loamy soils provided a good complement to the farm Königshof on the Oderbruch with its heavy alluvial soils. There were several options to improve the fertility of the arable land at Möglin by the application of marl or peat.</p><p>The contrasting situation of Möglin and Königshof, along with the examples available from adjacent, successfully managed, large farms, seemed a useful basis for the foundation of an agricultural academy.</p><p>To develop the forage production, and shift to stable feeding, Thaer intended to seize the opportunity and increase the grassland area by the implementation of man-made alluvial pastures (<hi rend="italic">Schwemmwiesen</hi>), while establishing teaching and demonstration fields to become examples for the whole kingdom.</p><p>Finally, the relatively short distance to the royal Berlin residence was another advantage. Möglin was near enough to keep in touch, but far enough to avoid distraction.</p><p>In <hi rend="italic">“The history of my farm at Möglin”</hi> (<hi rend="italic">Die Geschichte meiner Wirthschaft in Möglin</hi>) in 1815, Thaer once again listed his reasons for purchasing the manor of Möglin (Thaer, 1815). His aims consisted in demonstrating that it was possible to successfully manage a typical portion of the Mark Brandenburg with its particularly unfavourable site conditions. Thaer also recognized to have insufficiently cared for the heterogeneity of the diluvial site. The abrupt changes of soil quality and texture within short distance due to a marked soil mosaic even today create problems for the agricultural production.</p></div><div type="div1"><head subtype="level1">Thaer at Möglin</head><p>Thaer considered that agriculture was a trading activity which should produce sustainable benefits. This practical result, however, was difficult to achieve as is clearly documented by the frequent changes of ownership of many Brandenburgian manors between 1800 and 1921 (Schiller, 2003). In assessing these records, one still has to consider that in the case of noble properties family traditions certainly played a role quite apart from the financial aspects. During the above-mentioned time span 29% of the manors owned by nobilities changed hands every ten years or less as compared to 58% for civil ownership. Such a fast changing rate is certainly not a sign of economic sustainability.</p><p>Changes were frequent at Möglin, too, where they occurred on six occasions between 1750 and 1804 (Schmidt, 1928), Thaer being the sixth owner in 54 years when he purchased the manor in 1804. Afterwards Möglin remained for 68 years in the ownership of Thaer’s family i.e. up to 1872, when Thaer’s grandchild Albrecht Conrad sold the manor which changed hands twice again until the1945 land reform.</p><p>The royal domain administration was obviously aware of the problem, and by the end of the 18th century the average leasing time gradually rose from six to eighteen years. In addition, most contracts included various obligations concerning the sustainability. As a consequence, the lease often lasted over long periods as for Thaer’s former co-worker Johann Gottlieb Koppe who first leased the domain Wollup adjacent to Möglin in 1827. Afterwards, the domain remained in the Koppe family until the end of World War II, i.e. for 118 years (Frielinghaus and Herzog, 1998; Frielinghaus and Müller, 2003).</p><p>In 1806 Thaer, based on his experience at Celle, founded an agricultural academy, which became the Royal Prussian Academy of Agriculture at Möglin in 1819, and is considered as the nucleus of academic agricultural education for the German language area.</p><p>The academy was a commercial enterprise run by the landowner of Möglin. The royal patronage was restricted mainly to the payment of subsidies towards the salaries of the head and the teachers. The disciples/students were mostly prospective owners, lease holders or administrators of large farms. In 1806, the General Directorate gave instructions with a view to select candidates based on good certificates from the academy when recruiting for the civil service or for the lease of domains.</p><p>Tuition fees covering as much as possible of the costs had to be paid. The mostly seminar-like organised courses were mainly offered during the summer semester whereas attendance during the winter semester could be combined with courses at the Berlin university, where Thaer was professor of cameralistics.</p><p>The academy existed with ups and downs up to 1862 and after Thaer’s death was lead by his son Albrecht Philipp. On total 773 students were enrolled, 155 of them from foreign countries, mainly from eastern and south-eastern Europe.</p><p>Thaer’s contributions in terms of sheep management and breeding were important and the sale of breeding animals and high quality wool was an important source of income for Möglin. In 1826 for instance a total price of 15,500 taler was obtained for the sale of 254 animals. The price of a breeding buck reached up to 200 taler, sometimes considerably more when auctioned. To cross-breed merino sheep into the local race with a view to improving wool quality, Thaer created the Royal Principle Sheep Farms (<hi rend="italic">Königliche Stammschäfereien</hi>). In 1816 he took the responsibility of two new sheep farms at Frankenfelde near Möglin and at Panten (Silesia). In 1820 a shepherd school was created in Frankenfelde. Between 1816 and 1849 the sheep stock in the German area increased from eight to sixteen million animals, largely due to Thaer’s influence.</p><p>Thaer contributed to design the Prussian Agrarian Reform, first as a Private Counsellor of the Ministry of the Interior, later on as Principal Counsellor of the government. A substantial part of the agrarian reform consisted in separating peasants’ and squire’s land, and abandoning both fragmented holdings and compulsory cultivation. This supposed that the soils could be evaluated, and in 1810 Thaer made proposals for a soil assessment concept. Many components of the land appraisal based on soil bonitation (Bodenzahl) still in use, including the validation index and the condition levels stem from his ideas. In 1811 he participated in the elaboration of a Law on Land Cultivation (<hi rend="italic">Landeskulturedikt</hi>) which among others promulgated new regulations for using pastures. Between 1812 and 1818 he made various proposals concerning the regulation of land separation (<hi rend="italic">Gemeinheits-Teilungsverordnung</hi>), which resulted in 1821 in a proper law that smoothed the way towards the suppression of forest pastures and installed rights for using pasture or forest.</p><p>Due to excessive uses in the form of grazing, yield of leaves, hay, mulch, old leaves and needles the forested areas were in bad condition.</p><p>Quite apart from administrative regulations Thaer also contributed to positively change and reorganize the agricultural practices through increased stable feeding, forage, cereal, and straw production which reduced forest pasture and mulch collection.</p><p>During all his stay in Möglin Thaer received many decorations and awards, like the third degree Red Eagle Medal (<hi rend="italic">Roter Adlerorden</hi>) in 1817. Even from that point of view, he thought in economic terms as this written comment illustrates: “For you, my beloved wife, my cross medal is advantageous insofar, as you can assert more resolutely your claim on the private council annuity. Because this is part of the secret statutes of this decoration” (Simons, 1929).</p></div><div type="div1"><head subtype="level1">Thaer’s message today</head><p>Thaer (1810) wrote: “Agriculture is a trade with the purpose… to produce profit or to gain money. The higher this benefit in the long run, the more complete this purpose is fulfilled”. In the course of the current discussion on the likely environmental effects of the agricultural production, various requirements are being addressed which often are not sufficiently considered. Any input and technique used needs to be first correctly assessed in terms of both its environmental acceptability and its economic adequacy.</p><p>As a consequence, production abandonment may be regionally quite different whereas shifting to landscape conservation could well develop to a large, however, regionally differentiated extent. But even the activities of farmers involved in landscape conservation only have to be judged from an economic point of view. Today, one would say: is has to pay off. As early as 1810, however, Thaer had stressed the need for a sustainable approach of the orientation selected, i.e. to take care of the future. The European agricultural policies with short validity periods of regulations have often insufficiently respected the principles of sustainability, leading farmers to act in ways that were not ecologically sound.</p><p>It is generally known that Thaer was a representative of the humus theory in plant nutrition. To him, organic fertilisation by stable manure, plant residues and green manure played a crucial role, the exception being lime applications and marling. (We know today that the humus theory is partly incorrect, because the assimilation of carbon by the plant follows a completely different way; the nutrition sources are the soil minerals and the soil organic substances, both combined in the soil humus complex.) His disciple and subsequent co-worker Carl Sprengel created the basis for the mineral nutrition of the plants, a doctrine which was developed later by Justus von Liebig with great success. Thaer’s humus theory, however, still exerts some influence today, and the stabilising role of the soil organic matter, as well as the need for its pure reproduction or even expansion are undisputed.. On the other hand, organic farming, the way to produce agricultural goods without chemical fertilisers and pesticides, is heavily based on the availability of quality humus. As a consequence, legume-grass-mixtures are still a crucial and necessary element of an ecologically oriented cropping system.</p><p>The abandonment of the old three-field rotation comprising winter cereal, summer cereal and fallow, the introduction of fodder, root, and industry crops into the fallow period and the whole notion of crop rotations are closely connected with Thaer’s name. He used the terms of “rotation of crops” and of “rules of crop succession”, and developed management or plot systems including six to twelve plots. At first, Thaer was a proponent of very strict rules of crop rotation. However, subsequently he argued for flexibility and adaptation. This he also did as result of a discussion with his former co-worker and meantime critic Johann Gottlieb Koppe. In § 249 of his trade doctrine of 1815, he pointed out, that location, time and personal circumstances had to be considered (Thaer, 1815).</p><p>Every farmer today is convinced of the importance of the crop rotation in terms of sustainable management, whereas serious deviations from the basic rules of a sound crop rotation can be observed. The reasons for these deviations lie, among others, in the present regulations of the agricultural production, whereby subsidies are being paid out for particular crop plant species. Winter rape for instance is attracting a highly lucrative financial support. The present system does not really take crop rotations into adequate consideration. In future, the agricultural production system will obviously have to change with a view to have rather land management subsidised instead of an individual plant or animal product. As demonstrated by Feller <hi rend="italic">et al.</hi> (2003) for instance, one would expect that Thaer’s considerations about crop rotation and sustainability will again gain importance.</p><p>In an attempt to appreciate Thaer according to current criteria, Klemm (2002) mentioned in particular the timelessness of parts of his work; the importance he gave to crop rotation, soil sciences, animal breeding, and feeding, and to academic agricultural education; his combined competences as an erudite, professor, public officer, and practitioner; and his polemic capacity, associated with the ability to correct some of his views.</p></div><div type="div1"><head subtype="level1">Closing comments</head><p>During the 1945 Democratic Land Reform, the Möglin manor was expropriated without compensation. Twenty-four farm labourers and peasants, one owner of a small property, and twenty-four resettlers from Eastern parts of the former German Empire received a total of 432.5 ha land. From 1952 on, the management was gradually taken over by the Agricultural Production Cooperative (LPG) “A. D. Thaer”, later on by a LPG with office in a neighbouring village. When the former GDR was merged with the old BRD, large parts of the manor went to the Trust Institution (<hi rend="italic">Treuhandanstalt</hi>), and subsequently to the Land Utilisation and Administration Corporation (<hi rend="italic">Bodenverwertungs und –verwaltung GmbH; BVVG</hi>).</p><p>Starting in 1991, an education and demonstration farm (<hi rend="italic">Lehr- und Demonstrationshof e. V.</hi>) developed at Möglin. This farm provided the nucleus of a limited company (GmbH), which purchased a large part of the former manor from the BVVG. Unfortunately, the BVVG missed the opportunity to stipulate precisely defined requirements with a view to guarantee the agricultural production and a continued administration of Thaer’s heritage. This kind of privatisation very soon caused serious practical problems which up to now could not be solved (Frielinghaus, 2004).</p></div></body>
		<back>
			<div type="bibliography">
				<listBibl>
					<bibl type="head" subtype="level1">References</bibl><bibl>Feller C., Thuriès J.-M., Manlay R.J, Robin P., Frossard E., 2003 — “The principles of rational agriculture” by Albrecht Daniel Thaer (1752-1828). An approach to the sustainability of cropping systems at the beginning of the 19<hi rend="sup">th</hi> century. <hi rend="italic">Journal of Plant Nutrition and Soil Science,</hi> 166, (6), 687-698.</bibl><bibl>Frielinghaus M., Herzog R., 1988 — Die Melioration des Oderbruchs, die Domäne Wollup und J. G. Koppe. <hi rend="italic">Zentrum für Agrarlandschafts- und Landnutzungsforschung</hi> (ZALF), Bericht Nr. 34, 19-32.</bibl><bibl>Frielinghaus M., Müller L., 2003 — Landnutzung im Flusspolder Oderbruch in den letzten 250 Jahren. <hi rend="italic">Wasser und Boden,</hi> 55 (6), 4-8.</bibl><bibl>Frielinghaus M. (ed.)., 2004 — <hi rend="italic">Albrecht Daniel Thaer in Brandenburg-Berlin. Agrarhistorischer und kulturhistorischer Reiseführer.</hi> Neuenhagen, 124 pp.</bibl><bibl>Klemm V., 2002 — Albrecht Daniel Thaers Bedeutung heute. In: K. Panne (Ed.): <hi rend="italic">Albrecht Daniel Thaer – Der Mann gehört der Welt.</hi> Celle, 217-228</bibl><bibl>Körte W., 1839 — <hi rend="italic">Albrecht Thaer – Sein Leben und Wirken, als Arzt und Landwirth.</hi> Leipzig, 416 pp.</bibl><bibl>Schiller R., 2003 — <hi rend="italic">Vom Rittergut zum Großgrundbesitz.</hi> Berlin, 587 pp.</bibl><bibl>Schmidt R., 1928 — <hi rend="italic">Aus der Pfuelen Land </hi>I. Bad Freienwalde, 272 pp.</bibl><bibl>Simons W., 1929 — <hi rend="italic">Albrecht Thaer nach amtlichen und privaten Dokumenten aus einer großen Zeit.</hi> Gedenkschrift zum 100. Todestag Thaers. Berlin, 266 pp.</bibl><bibl>Thaer A. D., 1808 — <hi rend="italic">Annalen des Ackerbaus.</hi> Berlin, pp. 671 ff</bibl><bibl>Thaer A. D., 1810 — <hi rend="italic">Grundsätze der rationellen Landwirthschaft,</hi> Band 1. Berlin, 392 pp.</bibl><bibl>Thaer A. D., 1815 — <hi rend="italic">Die Geschichte meiner Wirthschaft in Möglin.</hi> Berlin, 352 pp.</bibl><bibl>Thaer A. D., 1815 — <hi rend="italic">Leitfaden zur allgemeinen landwirtschaftlichen Gewerbs-Lehre.</hi> Berlin, 240 pp.</bibl></listBibl>
			</div>
		</back>
	</text>
</TEI>
