<?xml version="1.0" encoding="UTF-8"?><!--
Copyright TEI Consortium. 
Dual-licensed under CC-by and BSD2 licences 
See the file COPYING.txt for details
$Date$
$Id$
--><?xml-model href="http://jenkins.tei-c.org/job/TEIP5-dev/lastSuccessfulBuild/artifact/P5/release/xml/tei/odd/p5.nvdl" type="application/xml" schematypens="http://purl.oclc.org/dsdl/nvdl/ns/structure/1.0"?><macroSpec xmlns="http://www.tei-c.org/ns/1.0" module="tei" type="pe" ident="macro.phraseSeq">
  <gloss versionDate="2005-01-14" xml:lang="en">phrase sequence</gloss>
  <gloss versionDate="2007-12-20" xml:lang="ko">구 연쇄</gloss>
  <gloss versionDate="2007-05-02" xml:lang="zh-TW">詞組序列</gloss>
  <gloss versionDate="2007-06-12" xml:lang="fr">suite de syntagmes.</gloss>
  <gloss versionDate="2007-05-04" xml:lang="es">secuencia sintagmática</gloss>
  <gloss versionDate="2007-01-21" xml:lang="it">sequenza sintagmatica</gloss>
  <desc versionDate="2005-01-14" xml:lang="en">defines a sequence of character data and phrase-level elements.</desc>
  <desc versionDate="2007-12-20" xml:lang="ko">문자 데이터 및 구층위 요소의 연쇄를 정의한다.</desc>
  <desc versionDate="2007-05-02" xml:lang="zh-TW">定義一連串文字資料與詞組層次元素。</desc>
  <desc versionDate="2008-04-05" xml:lang="ja">一連の文字列と句レベル要素を定義する．</desc>
  <desc versionDate="2007-06-12" xml:lang="fr">définit un ordre de données et d'éléments syntagmatiques.</desc>
  <desc versionDate="2007-05-04" xml:lang="es">&gt;defince una secuencia de caracteres y elementos
    de tipo sintagmático.</desc>
  <desc versionDate="2007-01-21" xml:lang="it">definisce una sequenza di caratteri ed elementi di tipo
    sintagmatico</desc>
  <content>
    
      <alternate minOccurs="0" maxOccurs="unbounded">
        <textNode/>
        <classRef key="model.gLike"/>
        <classRef key="model.phrase"/>
        <classRef key="model.global"/>
      </alternate>
    
  </content>
  <listRef>
    <ptr target="#STECST"/>
  </listRef>
</macroSpec>
