<?xml version="1.0" encoding="UTF-8"?><!--
Copyright TEI Consortium. 
Dual-licensed under CC-by and BSD2 licences 
See the file COPYING.txt for details
$Date$
$Id$
--><?xml-model href="http://jenkins.tei-c.org/job/TEIP5-dev/lastSuccessfulBuild/artifact/P5/release/xml/tei/odd/p5.nvdl" type="application/xml" schematypens="http://purl.oclc.org/dsdl/nvdl/ns/structure/1.0"?><classSpec xmlns="http://www.tei-c.org/ns/1.0" module="tei" xml:id="CLBIBL" type="model" ident="model.biblLike">
  <desc versionDate="2005-10-10" xml:lang="en">groups elements containing a bibliographic description.</desc>
  <desc versionDate="2007-12-20" xml:lang="ko">서지 기술을 포함하는 요소를 모아 놓는다.</desc>
  <desc versionDate="2007-05-02" xml:lang="zh-TW">匯集包含書目描述的元素。</desc>
  <desc versionDate="2008-04-05" xml:lang="ja">書誌情報を含む要素をまとめる．</desc>
  <desc versionDate="2007-06-12" xml:lang="fr">regroupe des éléments contenant une description
      bibliographique.</desc>
  <desc versionDate="2007-05-04" xml:lang="es">agrupa elementos que contienen una descripción bibliográfica.</desc>
  <desc versionDate="2007-01-21" xml:lang="it">raggruppa elementi che contengono una descrizione bibliografica</desc>
  <classes>
    <memberOf key="model.inter"/>
    <memberOf key="model.personPart"/>
    <memberOf key="model.msItemPart"/>
  </classes>
  <listRef>
    <ptr target="#COBI"/>
  </listRef>
</classSpec>
