<!--
Copyright TEI Consortium. 
Dual-licensed under CC-by and BSD2 licences 
See the file COPYING.txt for details
-->
<?xml-model href="http://jenkins.tei-c.org/job/TEIP5-dev/lastSuccessfulBuild/artifact/P5/release/xml/tei/odd/p5.nvdl" type="application/xml" schematypens="http://purl.oclc.org/dsdl/nvdl/ns/structure/1.0"?><dataSpec xmlns="http://www.tei-c.org/ns/1.0"
          xmlns:tei="http://www.tei-c.org/ns/1.0"
          module="tei"
          ident="teidata.pointer">
  <desc xmlns:rng="http://relaxng.org/ns/structure/1.0"
         versionDate="2013-01-19"
         xml:lang="en">defines the range of attribute values used to provide a single
  URI, absolute or relative, pointing to some other
resource, either within the current document or elsewhere.</desc>
  <desc xmlns:rng="http://relaxng.org/ns/structure/1.0"
         versionDate="2007-12-20"
         xml:lang="ko">현 문서 또는 다른 곳 어디서든 다른 자원에 대한 단일 포인터를 제공하는 속성 값 범위를 정의한다.</desc>
  <desc xmlns:rng="http://relaxng.org/ns/structure/1.0"
         versionDate="2007-05-02"
         xml:lang="zh-TW">定義的屬性值範圍提供單一指標，連結到其他位於目前文件或他處的資源</desc>
  <desc xmlns:rng="http://relaxng.org/ns/structure/1.0"
         versionDate="2008-04-05"
         xml:lang="ja">他の資源へのポインタをとる属性値の範囲を定義する．</desc>
  <desc xmlns:rng="http://relaxng.org/ns/structure/1.0"
         versionDate="2009-05-29"
         xml:lang="fr">définit la gamme des valeurs d'attributs utilisées
      pour fournir un pointeur URI unique sur une autre ressource, soit dans le document courant, soit
      dans un autre document</desc>
  <desc xmlns:rng="http://relaxng.org/ns/structure/1.0"
         versionDate="2007-05-04"
         xml:lang="es">define una gama de valores de atributos usados para proporcionar un indicador de cualquier recurso, bien en el documento corriente o en otro.</desc>
  <desc xmlns:rng="http://relaxng.org/ns/structure/1.0"
         versionDate="2007-01-21"
         xml:lang="it">definisce la gamma di valori di attributi usati per indicare un unico puntatore rispetto a qualsiasi altra risorsa all'interno del documento corrente o altrove</desc>
  <content xmlns:rng="http://relaxng.org/ns/structure/1.0">
      <dataRef name="anyURI"/>
   </content>
  <remarks xmlns:rng="http://relaxng.org/ns/structure/1.0"
            versionDate="2011-12-12"
            xml:lang="en">
      <p>The range of syntactically valid values is defined by
    <ref target="http://www.ietf.org/rfc/rfc3986.txt"> RFC 3986</ref>
         <title>Uniform Resource Identifier (URI): Generic
    Syntax</title>. Note that the values themselves are encoded using
    <ref target="http://www.ietf.org/rfc/rfc3987.txt">RFC
    3987</ref> 
         <title>Internationalized Resource Identifiers</title> (IRIs) mapping
    to URIs. For example, <code>
    https://secure.wikimedia.org/wikipedia/en/wiki/%</code> is encoded
    as <code>https://secure.wikimedia.org/wikipedia/en/wiki/%25</code>
    while <code>http://موقع.وزارة-الاتصالات.مصر/</code> is encoded as
    <code>http://xn--4gbrim.xn----rmckbbajlc6dj7bxne2c.xn--wgbh1c/</code>
      </p>
  </remarks>
  <remarks xmlns:rng="http://relaxng.org/ns/structure/1.0"
            xml:lang="ja"
            versionDate="2008-04-05">
      <p>
    当該属性値は，
    <ref target="http://www.ietf.org/rfc/rfc3986.txt">RFC 3986
    <title>Uniform Resource Identifier (URI) Reference</title>
         </ref>
    に定義されている．
    </p>
  </remarks>
  <remarks xmlns:rng="http://relaxng.org/ns/structure/1.0"
            versionDate="2009-05-25"
            xml:lang="fr">
      <p>La gamme des valeurs valides syntaxiquement est définie par<ref target="http://www.ietf.org/rfc/rfc3986.txt">RFC 3986
      <title>Uniform Resource Identifier (URI): Generic
        Syntax</title>
         </ref>
      </p>
  </remarks>
</dataSpec>
