<!--
Copyright TEI Consortium. 
Dual-licensed under CC-by and BSD2 licences 
See the file COPYING.txt for details
-->
<?xml-model href="http://jenkins.tei-c.org/job/TEIP5-dev/lastSuccessfulBuild/artifact/P5/release/xml/tei/odd/p5.nvdl" type="application/xml" schematypens="http://purl.oclc.org/dsdl/nvdl/ns/structure/1.0"?><dataSpec xmlns="http://www.tei-c.org/ns/1.0"
          xmlns:tei="http://www.tei-c.org/ns/1.0"
          module="tei"
          ident="teidata.probCert">
  <desc xmlns:rng="http://relaxng.org/ns/structure/1.0"
         versionDate="2007-10-18"
         xml:lang="en">defines a range of attribute values which can be expressed either as a numeric probability or as a coded certainty value.</desc>
<content>  
  <alternate><dataRef key="teidata.probability"/>
  <dataRef key="teidata.certainty"/>
  </alternate>
  </content>
  
</dataSpec>
