<!--
Copyright TEI Consortium. 
Dual-licensed under CC-by and BSD2 licences 
See the file COPYING.txt for details
-->
<?xml-model href="http://jenkins.tei-c.org/job/TEIP5-dev/lastSuccessfulBuild/artifact/P5/release/xml/tei/odd/p5.nvdl" type="application/xml" schematypens="http://purl.oclc.org/dsdl/nvdl/ns/structure/1.0"?><dataSpec xmlns="http://www.tei-c.org/ns/1.0"
          xmlns:tei="http://www.tei-c.org/ns/1.0"
          module="tei"
          ident="teidata.certainty">
  <desc xmlns:rng="http://relaxng.org/ns/structure/1.0"
         versionDate="2007-10-18"
         xml:lang="en">defines the range of attribute values expressing a degree of certainty.</desc>
  <desc xmlns:rng="http://relaxng.org/ns/structure/1.0"
         versionDate="2007-12-20"
         xml:lang="ko">확실성 정도를 표현하는 속성 값의 범위를 정의한다.</desc>
  <desc xmlns:rng="http://relaxng.org/ns/structure/1.0"
         versionDate="2007-05-02"
         xml:lang="zh-TW">定義表示正確度的屬性值範圍</desc>
  <desc xmlns:rng="http://relaxng.org/ns/structure/1.0"
         versionDate="2008-04-05"
         xml:lang="ja">確信度を示す属性値の程度を示す．</desc>
  <desc xmlns:rng="http://relaxng.org/ns/structure/1.0"
         versionDate="2007-06-12"
         xml:lang="fr">Définit la gamme des valeurs d'attribut exprimant un
    degré de certitude</desc>
  <desc xmlns:rng="http://relaxng.org/ns/structure/1.0"
         versionDate="2007-05-04"
         xml:lang="es">define la gama de valores de atributos que exprimen un
    grado de certeza.</desc>
  <desc xmlns:rng="http://relaxng.org/ns/structure/1.0"
         versionDate="2007-01-21"
         xml:lang="it">definisce la gamma di valori di attributi che esprimono
    un grado di certezza</desc>
  <content xmlns:rng="http://relaxng.org/ns/structure/1.0">
         <valList type="closed">
            <valItem ident="high"/>
            <valItem ident="medium"/>
            <valItem ident="low"/>
            <valItem ident="unknown"/>
         </valList>
   </content>
  <remarks xmlns:rng="http://relaxng.org/ns/structure/1.0"
            versionDate="2011-02-26"
            xml:lang="en">
      <p>Certainty may be expressed by one of the predefined symbolic values <val>high</val>,
        <val>medium</val>, or <val>low</val>. The value
	<val>unknown</val> should be used in cases where the encoder
	does not wish to assert an opinion about the matter. 
	<!--For a more precise indication, <ident type="datatype">teidata.probability</ident>, which provides
        an may be used instead or in addition.--></p>
  </remarks>
  <remarks xmlns:rng="http://relaxng.org/ns/structure/1.0"
            xml:lang="ja"
            versionDate="2008-04-05">
      <p> 確信度は，<val>high</val>, <val>medium</val>, <val>low</val>のうち の1つが選択される．より詳細に示したい場合には， <ident type="datatype">data.probability</ident>を単独または追加と して使用することができる． </p>
  </remarks>
  <remarks xmlns:rng="http://relaxng.org/ns/structure/1.0"
            versionDate="2009-05-25"
            xml:lang="fr">
      <p>Le degré de certitude peut être exprimé par l'une des valeurs symboliques prédéfinies
        <val>high</val>, <val>medium</val>, ou <val>low</val>. <!--Pour une indication précise, <ident type="datatype">data.probability</ident> peut être utilisé en remplacement ou en complément.--></p>
 </remarks>
</dataSpec>
