<!--
Copyright TEI Consortium. 
Dual-licensed under CC-by and BSD2 licences 
See the file COPYING.txt for details
-->
<?xml-model href="http://jenkins.tei-c.org/job/TEIP5-dev/lastSuccessfulBuild/artifact/P5/release/xml/tei/odd/p5.nvdl" type="application/xml" schematypens="http://purl.oclc.org/dsdl/nvdl/ns/structure/1.0"?><dataSpec xmlns="http://www.tei-c.org/ns/1.0"
          xmlns:tei="http://www.tei-c.org/ns/1.0"
          module="tei"
          ident="teidata.probability">
  <desc xmlns:rng="http://relaxng.org/ns/structure/1.0"
         versionDate="2007-10-18"
         xml:lang="en">defines the range of attribute values expressing a probability.</desc>
  <desc xmlns:rng="http://relaxng.org/ns/structure/1.0"
         versionDate="2007-12-20"
         xml:lang="ko">확률을 표현하는 속성 값의 범위를 정의한다.</desc>
  <desc xmlns:rng="http://relaxng.org/ns/structure/1.0"
         versionDate="2007-05-02"
         xml:lang="zh-TW">定義表示可能性的屬性值範圍</desc>
  <desc xmlns:rng="http://relaxng.org/ns/structure/1.0"
         versionDate="2008-04-05"
         xml:lang="ja">出現度を示す属性値の範囲を定義する． </desc>
  <desc xmlns:rng="http://relaxng.org/ns/structure/1.0"
         versionDate="2007-06-12"
         xml:lang="fr">définit la gamme des valeurs d'attributs exprimant une
    probabilité.</desc>
  <desc xmlns:rng="http://relaxng.org/ns/structure/1.0"
         versionDate="2007-05-04"
         xml:lang="es">define la gama de valores de atributos que exprimen un
    grado de probabilida.d</desc>
  <desc xmlns:rng="http://relaxng.org/ns/structure/1.0"
         versionDate="2007-01-21"
         xml:lang="it">definisce la gamma di valori di attributi che esprimono
    una probabilità</desc>
  <content xmlns:rng="http://relaxng.org/ns/structure/1.0">
      <dataRef name="double"/>
   </content>
  <remarks xmlns:rng="http://relaxng.org/ns/structure/1.0"
            versionDate="2005-10-18"
            xml:lang="en">
      <p>Probability is expressed
       as a real number between 0 and 1;  0  representing <mentioned>certainly false</mentioned> and 1 representing <mentioned>certainly
        true</mentioned>.</p>
  </remarks>
  <remarks xmlns:rng="http://relaxng.org/ns/structure/1.0"
            xml:lang="ja"
            versionDate="2008-04-05">
      <p>出現度は，0から1までの実数で表現される．0は <mentioned>確実に偽</mentioned>，1は， <mentioned>確実に真</mentioned>を示す． </p>
  </remarks>
  <remarks xmlns:rng="http://relaxng.org/ns/structure/1.0"
            versionDate="2009-05-25"
            xml:lang="fr">
      <p>Le degré de probabilité est exprimé
       par un nombre réel entre 0 et 1 ;
     0       représentant <mentioned>certainement faux</mentioned> et 1 <mentioned>certainement
        vrai</mentioned>.</p>
  </remarks>
</dataSpec>
