
<?xml-model href="Travaux/difdepo.rng" type="application/xml" schematypens="http://relaxng.org/ns/structure/1.0"?><TEI xmlns="http://www.tei-c.org/ns/1.0">
   <teiHeader>
      <fileDesc>
         <titleStmt>
            <title>COMTE RENDU REDIGE DU 10 SEPTEMBRE 1971 (tapuscrit)</title>
            <author>Oxygen</author>
         </titleStmt>
         <publicationStmt>
            <p>unknown</p>
         </publicationStmt>
         <sourceDesc>
            <p>Converted from a Word document </p>
         </sourceDesc>
      </fileDesc>
      <revisionDesc>
         <listChange>
            <change>
               <date>2014-02-12T14:01:30Z</date>
               <name>Oxygen</name>
            </change>
         </listChange>
      </revisionDesc>
   </teiHeader>
   <text>
      <front>
         <p rend="Title">
            <title>Séance OuLiPo </title>
            <date>28 Mars</date>
            <title>
               <seg> </seg>
            </title>
         </p>
         <p rend="Présents">Présents : <persName type="oulipen">RQ</persName>. <persName type="oulipen">FLL</persName>. <persName type="oulipen">Queval</persName>. <persName type="oulipen">Perec Braffort Fournel B[é]nabou</persName>
         </p>
         <p>Invité : <persName type="other">Thomson</persName>
         </p>
         <p rend="Président">Président Braffort - ? de <persName>Queval</persName></p>
      </front>
      <body>
         <p>
            <persName type="oulipen">FLL</persName> : sur Roussel : comparé à <persName type="other">Proust</persName> pour la finesse des annotations</p>
         <p>n’était <hi rend="strikethrough">pas</hi> que surréaliste, il n’était pas dadaïste</p>
         <p>il ne comprend donc pas l’invention roussellienne.</p>
         <p>- lire <persName type="other">Tesnière</persName> 
            <title>Eléments de syntaxe structurale</title>
         </p>
         <p>		Klincksieck.</p>
         <list type="unordered">
            <item>principe de superposition (<persName type="other">Thom</persName>)</item>
         </list>
         <p>
            <persName type="oulipen">Braffort</persName> : survie de qq groupes de traduction automatique.</p>
         <p>Le pb. de la trad. autom. est un pb. d’informatique</p>
         <p>
            <persName type="other">Thom</persName>
            <hi rend="underline"> </hi>: considère que la position de <persName type="oulipen">Braffort</persName> est trop optimiste.</p>
         <p>			Le toit de la misère = pb. de génétif intraduisible.</p>
         <p>
            <persName type="oulipen">RQ </persName>: demande des exemples de génitif intraduisibles.<hi rend="underline"> </hi>
         </p>
         <p>
            <persName type="oulipen">Braf</persName> : le pb. c’est d’écrire une grammaire sémantique</p>
         <p>
            <persName type="oulipen">Benabou</persName>: projet Re[i]d Hall</p>
         <p>Volontaires <persName type="oulipen">Perec</persName> 
            <persName type="oulipen">Fournel</persName>. <persName type="oulipen">Queneau</persName> - <persName type="oulipen">Queval</persName>
         </p>
         <p>			ni mardi ni mercredi </p>
         <list type="unordered">
            <item>
               <date>Jeudi 10 Mai</date> – 15 [passage illisible] 15 [M]ai</item>
         </list>
         <p>Hommage de</p>
         <p>l’OUvroir de LIttérature Potentielle</p>
         <p>??</p>
      </body>
      <back>
         <p>Prochaine réunion Mercredi 25 Avril</p>
         <byline/>
      </back>
   </text>
</TEI>
