<?xml version="1.0" encoding="utf-8"?>
<TEI xmlns="http://www.tei-c.org/ns/1.0"  n="197110910">
  <teiHeader>
    <fileDesc>
      <titleStmt>
        <title>COMTE RENDU REDIGE DU 10 SEPTEMBRE 1971 (tapuscrit)</title>
        <author>Guillaume RIGAUD</author>
      </titleStmt>
      <publicationStmt>
        <p>unknown</p>
      </publicationStmt>
      <sourceDesc>
        <p>Converted from a Word document </p>
      </sourceDesc>
    </fileDesc>
    <revisionDesc>
      <listChange>
        <change>
          <date>2014-02-09T21:49:11Z</date>
          <name>Guillaume RIGAUD</name>
        </change>
      </listChange>
    </revisionDesc>
  </teiHeader>
  <text>
    <front>
      <pb facs="19710910_CR_1.jpg"/>
      <p rend="Title">Réunion de l’OuLiPo du Vendredi <date>10 Septembre 1971</date></p>
      <p rend="Présents">Présents : <persName type="oulipen">François Le Lionnais</persName>, <persName type="oulipen" key="RQ">Raymond Queneau</persName>, <persName type="oulipen">Noël Arnaud</persName>, <persName type="oulipen">Luc Etienne</persName>, <persName type="oulipen">Jean Queval</persName>, <persName type="oulipen">Paul Fournel</persName>, <persName type="oulipen" key="PB">Paul Braffort</persName>, <persName type="oulipen">Marcel Bénabou</persName>.(par ordre approximatif d’arrivée.)</p>
      <p rend="Excusés">Excusés (explicitement ou tacitement) : les autres.</p>
      <p rend="Président">Président de séance, élu à l’unanimité : <persName type="oulipen">Jean Queval</persName></p>
      <p rend="Secrétaire">Secrétaire : <persName type="oulipen">Marcel Bénabou</persName>.</p>
    </front>
    <body>
      <p>La séance commence, sous la tonnelle et sous le soleil, par la lecture du <persName type="oulipen">C.R.</persName> de la réunion précédente. Plutôt qu’un récit circonstancié des faits, ce <persName type="oulipen">C.R</persName>., œuvre de <persName type="oulipen">J.Bens</persName>, est une longue méditation sur les raisons d’être -ou de ne pas être- de l’OuLiPo. Divers commentaires, ainsi que l’arrivée de <persName type="oulipen" key="PB">P.Braffort</persName>, interrompent cette lecture : on relève que le C.R. attribue certains propos à d’autres qu’à leurs auteurs (F.LL. notamment ne se reconnaît guère dans les propos qui lui sont prêtés), on ôte donc à <persName type="oulipen">Queneau</persName> pour rendre à Arnaud, mais surtout on s’interroge sur le bien-fondé des craintes de <persName type="oulipen">J.Bens</persName> au sujet de l’avenir de l’OuLiPo (et de son présent). Mais la véritable discussion de fond sur ce sujet est renvoyée à la prochaine séance (à laquelle <persName type="oulipen">Bens</persName> assistera).</p>
      <p><persName type="oulipen">Queneau</persName> présente une thèse américaine sur la Phonostylistique du Français. Il s’agit d’une étude des phonèmes françaises et de la signification qui leur est attribuée par les critiques, stylisticiens, psychologues et philosophes. Le secrétaire propose de rebaptiser cet ouvrage : la <title>Clef des Sons</title>.</p>
      <p><persName type="oulipen" key="RQ">R.Q.</persName> donne lecture de quelques exemples des balivernes contradictoires proférées sur les diverses qualités suggestives du son « a ». Une intervention aussi brève que géniale de <persName type="oulipen" key="PB">Braffort</persName><persName type="oulipen"> </persName>: <q>« Prenons une phrase quelconque, interprétons-la selon un système phonostylistique choisi, nous obtiendrons automatiquement la matière et </q><q>la coloration d’un récit. »</q><hi rend="color(4BACC6)"> </hi>suscite l’enthousiasme. </p>
      <p><persName type="oulipen" key="RQ">R.Q.</persName> remarque que les mots phonétiquement proches –comme <hi rend="italic">citadelle</hi> et <hi rend="italic">mortadelle</hi>- devraient, en bonne logique phonostylisticienne, évoquer des suggestions voisines. </p>
      <p>Courte interruption. C’est au milieu du jardin que la séance reprend, tandis que le P.F., qui a retenu les leçons du dernier C.R., fait procéder à une nouvelle distribution de boissons alcoolisées autant qu’apéritives. Les propos qui s’échangent – quoique qualifiés de menus par l’ordre du jour- agitent de graves problèmes : </p>
      <list type="unordered">
        <item>Braffort donne une nouvelle preuve de l’universalité de son esprit en parlant successivement :<list type="unordered"><item>du congrès de l’IFIP (informatique)</item><item>d’une étude thématique de Joyce</item><item>de la peinture par ordinateurs</item><item>de la musique par ordinateur telle qu’elle est pratiquée en URSS.</item></list></item>
      </list>
      <p>
        <pb facs="19710910_CR_2.jpg"/>
      </p>
      <list type="unordered">
        <item>Echange de propos érudits entre <persName type="oulipen" key="RQ">R.Q</persName> et J.Q à propos de <persName type="other">Mc Gallaghan</persName>, le plus mauvais poète de la langue anglaise. </item>
      </list>
      <p>On quitte alors le jardin, le soleil, et l’apéritif, pour se mettre à table. Discussion sur <persName type="other">Balzac</persName>. </p>
      <p><persName type="oulipen">J.Q</persName> propose de faire, sur La Comédie Humaine, une suite de films en partant de l’index. Si l’on part du Père Goriot, 3 embouchures sont possibles : Cousin Pons - Cousine Bette – Splendeurs [et Misères des courtisanes]. </p>
      <p>N.Arnaud veut refaire La <title>Comédie Humaine</title> uniquement avec les personnages secondaires. </p>
      <p><persName type="oulipen" key="RQ">R.Q</persName> propose de la refaire avec les descendants des héros ; ce serait une <title>CH</title> diachronique. </p>
      <p>Incident de séance : J.Q. jugeant son melon insuffisamment mûr, nous prive tous de la parole. Le P.F. , en intervention vigoureuse quoiqu’ illégale, prononce un plaidoyer pour le cucurbitacé injustement diffamé. </p>
      <p>Au chapitre <hi rend="italic">action</hi>, F.LL pose le problème de l’icogramme et du papier à lettre aux armes de l’OuLiPo : carte blanche lui est donnée pour engager les dépenses nécessaires à cette opération de prestige. Paul Fournel <note place="foot" xml:id="ftn2" n="2"><p rend="footnote text">  A ne pas confondre avec Paul Fournier, haut fonctionnaire de la SDECE actuellement inculpé pour trafic de drogues (Note ajoutée le 16.XI.71 par le P.F.) </p></note>, qui met la dernière main à la préparation du <hi rend="italic">dossier ex-Cape</hi>, lance un appel véhément à ceux qui n’ont pas encore envoyé un « mode d’emploi » de leurs textes. On parle aussi de Meschin[ot], et du poème à lire de 36 façons. On règle la question des futurs invités d’honneur. (Liste adoptée : Leiris, Rey (Dictionnaire Robert), Leipp, Thom, Clancier, Quemada, Effel.)</p>
      <p><persName type="oulipen">Bénabou</persName> présente deux mini-créations : deux traductions homophoniques (baptisées Singe de beauté) et un drame alphabétique inachevé, fait avec l’alphabet grec. </p>
      <p><persName type="oulipen" key="RQ">R.Q</persName> parle des ensembles floconneux (ou flous). </p>
      <p><persName type="oulipen" key="PB">Braffort</persName> s’engage à fournir dans les moindres délais un texte –à l’usage des non initiés- sur les concepts mathématiques de base. On attend avec le plus grand intérêt qu’il fasse honneur à la parole donnée. </p>
      <p>Grande discussion générale sur les structures mathématiques et l’OuLiPo. </p>
      <p><persName type="oulipen">F.LL</persName> propose de constituer au sein de l’OuLiPo un « Bureau d’études » constitué par des spécialistes disposant d’un temps suffisant ce qui provoque une sérieuse contestation de la part de N.A. </p>
      <p>
        <pb facs="19710910_CR_3.jpg"/>
      </p>
      <p>Longue et passionnée, intervention de <persName type="oulipen">F.LL</persName> : il évoque les débuts de l’OuLiPo, et le problème cornélien qui s’est posé à lui : choisir entre le travail sérieux devant un tableau noir (ce vers quoi allait son goût personnel) et la rigolade (ce qui lui convenait également). </p>
      <p><persName type="oulipen" key="RQ">R.Q</persName> estime que J.B. se fait une idée trop haute de l’OuLiPo et en attend plus qu’il n’est possible à l’OuLiPo de lui apporter. </p>
      <p><persName type="oulipen" key="PB">Braffort</persName> et L.Etienne sont d’avis que l’OuLiPo doit être avant tout un groupe sympathique où chacun se sente encouragé dans ses recherches. </p>
      <p><persName type="oulipen">F.LL</persName> : Mon rêve à l’origine était de créer des structures (comme le sonnet ou la tragédie en 5 actes) valables pour une très grande clientèle, à côté de structures acrobatiques. </p>
      <p><persName type="oulipen" key="PB">P.Braffort</persName> évoque l’expérience faite avec le Vase brisé : passage d’une structure prosodique à une structure romanesque. </p>
    </body>
    <back>
      <p>La séance s’achève fort tard, après bien des échanges bilatéraux. Chacun s’accorde à penser que la réunion du 26 Octobre sera d’une importance capitale. </p>
      <byline>ml / 17.11.71</byline>
    </back>
  </text>
</TEI>
