<?xml version="1.0" encoding="utf-8"?>
<TEI xmlns="http://www.tei-c.org/ns/1.0" n="19741107">
  <teiHeader>
    <fileDesc>
      <titleStmt>
        <title>COMPTE RENDU DU 7 NOVEMBRE 1974</title>
        <author>Guillaume RIGAUD</author>
      </titleStmt>
      <publicationStmt>
        <p>unknown</p>
      </publicationStmt>
      <sourceDesc>
        <p>Converted from a Word document </p>
      </sourceDesc>
    </fileDesc>
    <revisionDesc>
      <change>2014-02-08T14:37:17Z<name>Guillaume RIGAUD</name></change>
    </revisionDesc>
  </teiHeader>
  <text>
    <front>
      <p rend="Title">COMPTE RENDU DU 7 NOVEMBRE 1974 (SEANCE EXTRAORDINAIRE)</p>
      <p>[Ordre du jour] :</p>
      <p>- Menus propos : BN La fée aux bretelles. Publ[ication] de <persName key="RQ">R.Q.</persName></p>
      <p>Communication de Lescure </p>
      <p><persName key="RQ">R.Q.</persName> : pourrie d’erreurs</p>
      <p><persName key="PB">P.B.</persName> : l’idée est bonne mais l’exemple ne correspond pas à l’idée.</p>
      <p><persName>J.Q.</persName> : obligation de renouveler sa collection de feutres.</p>
      <p><persName key="RQ">R.Q.</persName> : son acrobatie. Structure percluse ou rhumatisante.</p>
      <p>FLL : cadran sémantique (cadran alphabétique plutôt)</p>
      <p><persName key="PB">P.B.</persName> : faire des examens périodiques. (exclure Lescure).</p>
      <p>Oulipo 7 XI 74</p>
      <p>Autour de l’échiquier</p>
      <p>163ème séance (extraordinaire).</p>
      <p>Epuiser l’ordre du jour de la 162.</p>
      <p rend="Présents">- Présents : FLL, <persName key="RQ">R.Q.</persName>, <persName>J.Q.</persName>, M.B, <persName>P.F.</persName>, [P.B]</p>
      <p>Chacun était son propre président</p>
      <p>Président en col roulé s[ou]s sa veste d’intérieur</p>
    </front>
    <body>
      <p>- Avant propos :</p>
      <p>- Queval souhaite que l’oulipo se livre à un travail de définition. « Structure acrobatique » par exemple.</p>
      <p>- Petit lexique méthodique oulipien (ton grave et souple)</p>
      <p>- FLL : Document interne à l’oulipo ou externe ?</p>
      <p>- <persName key="RQ">R.Q.</persName>, <persName>M.B.</persName> : Interne. Interne d’abord en t[ou]t cas.</p>
      <p>Struc[ture] Acro[batique] : étape qui précède le silence.</p>
      <p><persName>M.B.</persName> : sonnet avec 14 vers holorimes.</p>
      <p>- <persName key="RQ">R.Q.</persName> : [parallèle] avec une notion mathématique : la complexité.</p>
      <p>Thèse de <persName key="PB">Braffort</persName>.</p>
      <p>- <persName>M.B.</persName> : contamination des contraintes : acrobatie.</p>
      <p>- <persName key="RQ">R.Q.</persName> : D[an]s un sonnet un mot ne doit pas être répété (sauf article)</p>
      <p>- Proposition contrainte :</p>
      <p>- FLL : D[an]s un sonnet répéter le m[ême] mot le + g[ran]d n[om]b[re] de fois possibles avec un sens [différent].</p>
      <p>M[arie] A[dèle] bise <persName>P.F.</persName>, <persName>M.B.</persName> : jalousie  </p>
      <p>- <persName>M.B.</persName> : faire un bilan des contraintes proposées.</p>
      <p>- FLL propose une de ses conférences : Peut-on encore faire une conf[érence] sur la qu…[estion]. Faisons lui confiance.</p>
      <p>[…]<note place="foot" xml:id="ftn1" n="1"><p rend="footnote text"> a On peut lire à cet endroit, dans la marge du document initial : «Absents et excusés, vos babines léchez. M[arie] A[dèle] a son fourneau. Bordeaux trafiqué ? » </p></note>a</p>
      <p>- A quel prix vendre les Ulcérations 15-20 F[rancs]. FLL fait des calculs.</p>
      <p>P[ro]b[lème] de la distribution. Minotaure (<persName key="RQ">R.Q.</persName>) </p>
      <p>Perec devrait faire ça lui-même.</p>
      <p>Faire des bénéfices (<persName>P.F.</persName> : but lucratif)</p>
      <p>Le conte de Noël de Roubaud doit-il sortir avant Noël ?</p>
      <p>- Plagiat de ce que nous n’avons pas trouvé.</p>
      <p>- FLL : Histoires de machines L[ivre] De Poche n°3768.</p>
      <p>La machine à poésie : H.Nearing Jr.</p>
      <p>Rimes analysées : interchangeabilité de la (dernière) voyelle d’appui (les consonnes restent).</p>
      <p>- <persName>P.F.</persName> : qu’en était-il d[an]s le quatrain anglais.</p>
      <p>- <persName key="RQ">R.Q.</persName> : déchiffrer Villon. Un manus[crit] pour prouver que Pathelin et Le Cuvier sont de Villon. (pas très convaincant). Cet auteur montrait des astuces très acrobatiques de Maschaux.</p>
      <p>- FLL : des permutations chez Feydeau et Labiche.</p>
      <p>Permutations d’infinités d[an]s [une] farce.</p>
      <p>- <persName key="RQ">R.Q.</persName> : trouve la remarque de Queval intéressante sur l’acrobatie. Anagrammes sortis par Tzara10 sur Villon.</p>
      <p>- <persName>P.F.</persName> : volonté de l’exégète que ce soit acrobatique (le Poulain au galop).</p>
      <p>- FLL : Acrob[atie] : structure + contraintes : réalisation difficile.</p>
      <p>- FLL s’inquiète du retard de Perec et Mathews.</p>
      <p>- <persName>J.Q.</persName> : c’est bien agréable de déjeuner ici.</p>
      <p>- 1h5 Benabou s’en va hélas. Il va organiser les 3èmes cycles. Normalisation. Vertigineuse stupidité.</p>
      <p>- On passe à table : Perec ne doit pas avoir faim. On n’attend pas <persName key="PB">Braffort</persName>. Idergine pour FLL</p>
      <p>- <persName key="RQ">R.Q.</persName> : Colloque sur la permutation. Hist[oire] de perm[utations] (Guilbaud), allusion à la sextine.</p>
      <p>Berge : Bourbaki des graphes.</p>
      <p>Echecs.</p>
      <p>- <persName>J.Q.</persName> : les poètes</p>
      <p>- date : jeudi 28 </p>
      <p>- 2h-25 Arrivée de <persName key="PB">Braffort</persName>. 20 min[utes] de retard.</p>
      <p>- <persName key="PB">P.B.</persName> : Duchateau et Bens d’accord pour venir (vers le 10 déc[embre]), attendre leur date.</p>
      <p>Un après-midi pour Bens sur la ’Pataphysique à F.C.</p>
      <p>- <persName>J.Q.</persName> : Demande que le veau gras soit servi à Duchateau et Bens à leur 1er prochain repas.</p>
      <p><persName>P.F.</persName> : Faire un oulipo costumé.</p>
      <p>- <persName key="RQ">R.Q.</persName> : Annonce une sortie du Mag[azine] Litt[éraire].</p>
      <p>- <persName key="PB">P.B.</persName> : Str[ucture] acro[batique] : n[om]bre de réalisations très limitées.</p>
      <p>- <persName>J.Q.</persName> : Ras le bol. (étymologie) : ras le cul ( ?). Tollé g[énér]al[e].</p>
      <p>- <persName key="PB">P.B.</persName> : <persName>J.Q.</persName> est abîmant.</p>
      <p>- <persName key="PB">P.B.</persName> : Complexité du remarquable Ulcérations de Perec.</p>
      <p>- <persName key="RQ">R.Q.</persName> : le coup de pouce Perecien. </p>
      <p>L’affaire Queneau […]. Un effet bœuf. Le nom de <persName key="RQ">R.Q.</persName> pas cité d[an]s le journal du Havre.</p>
      <p>- <persName key="PB">P.B.</persName> : A un allergologue donc des allergies.</p>
      <p>- <persName>P.F.</persName> : (pratique) les ventes montent-elles[ ?]</p>
      <p>- <persName>J.Q.</persName> : voir Bernard Waller pour la distribution du livre de Perec. Queval en est chargé, il refuse. <persName>P.F.</persName> s’en charge.</p>
      <p>- <persName key="PB">P.B.</persName> : Statuts de l’oulipo, ils sont modifiables et devraient l’être, notion de membres correspondants, associés. <persName key="PB">Braffort</persName> propose un projet de modif[ication] des statuts ’Pataphysique. Dénombrement des membres : 22 v’la l’oulipo.17</p>
      <p>Statue équestre de <persName>J.Q.</persName></p>
      <p>- <persName key="PB">P.B.</persName> : Rex Stout : Sa vie son œuvre […], son passé son avenir.</p>
    </body>
  </text>
</TEI>
