<?xml-model href="Dossier%20Oxygen/Travaux/difdepo.rng" type="application/xml" schematypens="http://relaxng.org/ns/structure/1.0"?>
<TEI xmlns="http://www.tei-c.org/ns/1.0">
   <teiHeader>
      <fileDesc>
         <titleStmt>
            <title>COMTE RENDU REDIGE DU 10 SEPTEMBRE 1971 (tapuscrit)</title>
            <author>Oxygen</author>
         </titleStmt>
         <publicationStmt>
            <p>unknown</p>
         </publicationStmt>
         <sourceDesc>
            <p>Converted from a Word document </p>
         </sourceDesc>
      </fileDesc>
      <revisionDesc>
         <listChange>
            <change>
               <date>2014-02-12T13:49:41Z</date>
               <name>Oxygen</name>
            </change>
         </listChange>
      </revisionDesc>
   </teiHeader>
   <text>
      <body>
         <div>
            <head>
               <hi rend="Titre_Car">Compte rendu manuscrit de la réunion du </hi>
               <date>10 décembre 1975</date>.</head>
            <p rend="Présents">Présents : <persName type="oulipen">N.A</persName> , <persName type="oulipen">M. Métail</persName>, <persName type="oulipen">FLL</persName>, <persName type="oulipen">HM</persName>, <persName type="oulipen">G Perec</persName>, <persName type="oulipen">P.F</persName>, <persName type="oulipen">Elvis Presley</persName>,<persName type="oulipen">Bénabou</persName> (en retard)Les absents sont présents téléphoniquement pour les décisions importantes (rapport au centre Pompidou)</p>
            <p>Créations :</p>
            <p>On commence part envoyer une carte à <persName type="oulipen">L. Etienne</persName> qui va se faire opérer des yeux (lecture est faite par <persName type="oulipen">FLL</persName> de la lettre de <persName type="oulipen">L. Etienne</persName>).</p>
            <p>On traduit ensuite un telex de <persName type="oulipen">Blavier</persName> (avec peine)</p>
            <p>
               <persName type="oulipen">Georges Perec</persName> présente et rends « <title>La Clôture</title> » (110 F)</p>
            <p>
               <persName type="oulipen">Perec</persName> reste « baba lui-m^ » devant ses hétérogrammes.</p>
            <p>
               <persName type="oulipen">FLL</persName> : <persName type="oulipen">Queneau</persName> lui a envoyé son texte (Euclide) ainsi qu’à <persName type="oulipen">Roubaud</persName>. Ce texte sera bientôt prêt pour l’impression (vol Bibli Oulipo)</p>
            <p>Lorsque le texte sera définitif <persName type="oulipen">Perec</persName> et <persName type="oulipen">Fournel</persName> iront voir <persName type="other">Jean-Pierre de Kenaoul</persName> pour l’impression.</p>
            <p>
               <persName type="oulipen">Perec</persName> va essayer de faire une lettre pour obtenir une subvention pour les publications Oulipo. 1300 F en caisse à l’heure actuelle.</p>
            <p>Action :</p>
            <p>
               <persName type="oulipen">H. Ma</persName> Opération Christophe Colombe.</p>
            <p>« <title>Word Ways</title> », revue américaine, demande un article sur l’Oulipo avec des échantillons.</p>
            <p>
               <persName type="oulipen">HM</persName> se charge de le faire ainsi que d’envoyer un livre (Idées) et des extraits de nouvelles structures (+ table de Quenelleiev)</p>
            <p>
               <persName type="oulipen">FLL</persName> : réunion fractionnelle sur la table de Qf. <persName type="oulipen">FLL</persName> voudrait faire un tableau qui comporterait des centaines de cases vides et qui serait un programme pour les littératures futures.</p>
            <p>Le programme est prévu pour Noël.</p>
            <p>Erudition : <persName type="other">Thom</persName> a fait un exposé sur les locutions figées. <persName type="oulipen">FLL</persName> en attend copie.</p>
            <p>Rapport <persName type="oulipen">Fournel</persName> sur les Francs Bourgeois.</p>
            <p>2 jours. Pas d’expo. Pas de cachets. 10000 pour l’Arbre. pas d’expo <persName type="oulipen">Queneau</persName>. Pas de <title>temps mélès</title>.</p>
            <p>
               <persName type="oulipen">HM </persName>.Nous devions être payés normalement pour fournir un spectacle.</p>
            <p>
               <persName type="oulipen">GP</persName> parlant pour <persName type="oulipen">Roubaud</persName> pas très content…</p>
         </div>
      </body>
   </text>
</TEI>

