<?xml version="1.0" encoding="utf-8"?>
<teiCorpus xmlns="http://www.tei-c.org/ns/1.0">
  <teiHeader>
    <fileDesc>
      <titleStmt>
        <title>OuLiPo workshop</title>
        <author>Sebastian Rahtz</author>
      </titleStmt>
      <publicationStmt>
        <p>unknown</p>
      </publicationStmt>
      <sourceDesc>
        <p>collected files</p>
      </sourceDesc>
    </fileDesc>
  </teiHeader>

  <divGen type='wordlist'/>

  <divGen type='namelist'/>

  <include xmlns="http://www.w3.org/2001/XInclude" href="19710910_CR.xml"/>
  <include xmlns="http://www.w3.org/2001/XInclude" href="19741107_CR.xml"/>
  <include xmlns="http://www.w3.org/2001/XInclude" href="ftpwork.xml"/>
  <include xmlns="http://www.w3.org/2001/XInclude" href="19710910-work.xml"/>
  <include xmlns="http://www.w3.org/2001/XInclude" href="19751210-work.xml"/>
  <include xmlns="http://www.w3.org/2001/XInclude" href="test-work.xml"/>

</teiCorpus>
