<?xml version="1.0" encoding="utf-8"?>
<TEI xmlns="http://www.tei-c.org/ns/1.0">
<teiHeader>
    <fileDesc>
        <titleStmt>
            <title type="full">
            	<title type="main">
            		Reunions d'OuLiPo
        		</title>
        		<title type="desc">
        			Compte-rendus sélectionnés du fonds OuLiPo
    			</title>
        	</title>
            <author>
                
            </author>
		</titleStmt>
		<editionStmt>
			<edition>Edition created from new transcripts of this manuscript.</edition>
			<respStmt xml:id="AU1">
				<resp>Initial upload of this work's facsimile images and metadata to FromThePage.com for editing</resp>
				<persName>Sebastian</persName>
			</respStmt>

			<respStmt xml:id="OU1">
				<resp>Adminstrator of the OuLiPo transcription project on FromThePage.com</resp>
				<persName>Sebastian</persName>
			</respStmt>

			
				<respStmt xml:id="U1">
					<persName>Sebastian</persName>
					
						<resp>
							made 18 edits between 
							<date type="first_edit" when="2014-02-09T10:07:04Z">February  9, 2014</date> and 
							<date type="last_edit" when="2014-02-12T14:12:46Z">February 12, 2014</date>.
						</resp>				
					
				</respStmt>
			
				<respStmt xml:id="U3">
					<persName>lou</persName>
					
						<resp>
							made 6 edits between 
							<date type="first_edit" when="2014-02-09T13:10:01Z">February  9, 2014</date> and 
							<date type="last_edit" when="2014-02-09T21:40:35Z">February  9, 2014</date>.
						</resp>				
					
				</respStmt>
			
				<respStmt xml:id="U9">
					<persName>Chris Clarke</persName>
					
						<resp>
							made 3 edits between 
							<date type="first_edit" when="2014-02-12T14:23:11Z">February 12, 2014</date> and 
							<date type="last_edit" when="2014-02-12T14:28:05Z">February 12, 2014</date>.
						</resp>				
					
				</respStmt>
			
				<respStmt xml:id="U6">
					<persName>Camille Bloomfield</persName>
					
						<resp>
							made 2 edits between 
							<date type="first_edit" when="2014-02-12T14:11:24Z">February 12, 2014</date> and 
							<date type="last_edit" when="2014-02-12T14:13:19Z">February 12, 2014</date>.
						</resp>				
					
				</respStmt>
			
				<respStmt xml:id="U8">
					<persName>Hélène</persName>
					
						<resp>
							made 2 edits between 
							<date type="first_edit" when="2014-02-12T14:17:36Z">February 12, 2014</date> and 
							<date type="last_edit" when="2014-02-12T14:30:51Z">February 12, 2014</date>.
						</resp>				
					
				</respStmt>
			
				<respStmt xml:id="U12">
					<persName>gaju</persName>
					
						<resp>
							made 2 edits between 
							<date type="first_edit" when="2014-02-12T14:22:13Z">February 12, 2014</date> and 
							<date type="last_edit" when="2014-02-12T14:22:55Z">February 12, 2014</date>.
						</resp>				
					
				</respStmt>
			
				<respStmt xml:id="U13">
					<persName>Jeanne Devautour</persName>
					
						<resp>
							made one edit on 
							<date type="only_edit" when="2014-02-12T14:35:59Z">February 12, 2014</date>.
						</resp>
					
				</respStmt>
			
				<respStmt xml:id="U10">
					<persName>Hector</persName>
					
						<resp>
							made one edit on 
							<date type="only_edit" when="2014-02-12T14:21:29Z">February 12, 2014</date>.
						</resp>
					
				</respStmt>
			
				<respStmt xml:id="U4">
					<persName>Bart Simpson</persName>
					
						<resp>
							made one edit on 
							<date type="only_edit" when="2014-02-10T22:49:46Z">February 10, 2014</date>.
						</resp>
					
				</respStmt>
			
				
        </editionStmt>
        <publicationStmt>
            <p>Automagically generated by FromThePage on
            	<date>2014-02-12T14:40:51+00:00">February 12, 2014</date>
        </p></publicationStmt>
        <sourceDesc><p>Pages du fonds OuLiPo</p>
         </sourceDesc>
    </fileDesc>
    <profileDesc>

      <particDesc>     <listPerson>
				
	                <person xml:id="S14">
                    	<persName>
	                        Polivanov
                        </persName>
                        
	                </person>
				

            </listPerson>
      </particDesc>
    </profileDesc>
    <revisionDesc>
    	<listChange ordered="true">
    		
    			<change xml:id="CHG136" who="U13" when="2014-02-12T14:35:59Z" target="#P5">
    				Version 13 of page "19760309_CR_1":
    				
						Changes to page transcript.
    				
				</change>
    		
    			<change xml:id="CHG135" who="U8" when="2014-02-12T14:30:51Z" target="#P8">
    				Version 13 of page "19740610_CR_1":
    				
						Changes to page transcript.
    				
				</change>
    		
    			<change xml:id="CHG134" who="U9" when="2014-02-12T14:28:05Z" target="#P8">
    				Version 12 of page "19740610_CR_1":
    				
						Changes to page transcript.
    				
				</change>
    		
    			<change xml:id="CHG133" who="U9" when="2014-02-12T14:24:29Z" target="#P8">
    				Version 11 of page "19740610_CR_1":
    				
						Changes to page transcript.
    				
				</change>
    		
    			<change xml:id="CHG132" who="U9" when="2014-02-12T14:23:11Z" target="#P8">
    				Version 10 of page "19740610_CR_1":
    				
						Changes to page transcript.
    				
				</change>
    		
    			<change xml:id="CHG131" who="U12" when="2014-02-12T14:22:55Z" target="#P8">
    				Version 9 of page "19740610_CR_1":
    				
						Changes to page transcript.
    				
				</change>
    		
    			<change xml:id="CHG130" who="U12" when="2014-02-12T14:22:13Z" target="#P8">
    				Version 8 of page "19740610_CR_1":
    				
						Changes to page transcript.
    				
				</change>
    		
    			<change xml:id="CHG129" who="U10" when="2014-02-12T14:21:29Z" target="#P8">
    				Version 7 of page "19740610_CR_1":
    				
						Changes to page transcript.
    				
				</change>
    		
    			<change xml:id="CHG128" who="U8" when="2014-02-12T14:17:36Z" target="#P8">
    				Version 6 of page "19740610_CR_1":
    				
						Changes to page transcript.
    				
				</change>
    		
    			<change xml:id="CHG127" who="U6" when="2014-02-12T14:13:19Z" target="#P2">
    				Version 15 of page "19750410_CR_1":
    				
						Changes to page transcript.
    				
				</change>
    		
    			<change xml:id="CHG126" who="U1" when="2014-02-12T14:12:46Z" target="#P2">
    				Version 14 of page "19750410_CR_1":
    				
						Changes to page transcript.
    				
				</change>
    		
    			<change xml:id="CHG125" who="U6" when="2014-02-12T14:11:24Z" target="#P2">
    				Version 13 of page "19750410_CR_1":
    				
						Changes to page transcript.
    				
				</change>
    		
    			<change xml:id="CHG124" who="U1" when="2014-02-12T08:19:01Z" target="#P7">
    				Version 30 of page "19760309_CR_2":
    				
    					Empty transcript -- probably initial upload of page facsimile.
					
				</change>
    		
    			<change xml:id="CHG123" who="U1" when="2014-02-12T08:18:36Z" target="#P5">
    				Version 12 of page "19760309_CR_1":
    				
    					Empty transcript -- probably initial upload of page facsimile.
					
				</change>
    		
    			<change xml:id="CHG122" who="U1" when="2014-02-10T22:53:08Z" target="#P2">
    				Version 12 of page "19750410_CR_1":
    				
    					Empty transcript -- probably initial upload of page facsimile.
					
				</change>
    		
    			<change xml:id="CHG121" who="U4" when="2014-02-10T22:49:46Z" target="#P2">
    				Version 11 of page "19750410_CR_1":
    				
						Changes to page transcript.
    				
				</change>
    		
    			<change xml:id="CHG120" who="U1" when="2014-02-09T23:28:20Z" target="#P16">
    				Version 9 of page "19780810_CR_2":
    				
    					Empty transcript -- probably initial upload of page facsimile.
					
				</change>
    		
    			<change xml:id="CHG119" who="U1" when="2014-02-09T23:28:20Z" target="#P16">
    				Version 8 of page "19780810_CR_2":
    				
    					Empty transcript -- probably initial upload of page facsimile.
					
				</change>
    		
    			<change xml:id="CHG118" who="U1" when="2014-02-09T23:28:17Z" target="#P16">
    				Version 7 of page "19780810_CR_2":
    				
    					Empty transcript -- probably initial upload of page facsimile.
					
				</change>
    		
    			<change xml:id="CHG117" who="U1" when="2014-02-09T23:28:17Z" target="#P16">
    				Version 6 of page "19780810_CR_2":
    				
    					Empty transcript -- probably initial upload of page facsimile.
					
				</change>
    		
    			<change xml:id="CHG116" who="U1" when="2014-02-09T23:28:16Z" target="#P16">
    				Version 5 of page "19780810_CR_2":
    				
    					Empty transcript -- probably initial upload of page facsimile.
					
				</change>
    		
    			<change xml:id="CHG115" who="U1" when="2014-02-09T23:28:16Z" target="#P16">
    				Version 4 of page "19780810_CR_2":
    				
    					Empty transcript -- probably initial upload of page facsimile.
					
				</change>
    		
    			<change xml:id="CHG114" who="U1" when="2014-02-09T23:28:13Z" target="#P16">
    				Version 3 of page "19780810_CR_2":
    				
    					Empty transcript -- probably initial upload of page facsimile.
					
				</change>
    		
    			<change xml:id="CHG113" who="U1" when="2014-02-09T23:28:13Z" target="#P16">
    				Version 2 of page "19780810_CR_2":
    				
    					Empty transcript -- probably initial upload of page facsimile.
					
				</change>
    		
    			<change xml:id="CHG112" who="U1" when="2014-02-09T23:28:12Z" target="#P16">
    				Version 1 of page "19780810_CR_2":
    				
    					Empty transcript -- probably initial upload of page facsimile.
					
				</change>
    		
    			<change xml:id="CHG111" who="U1" when="2014-02-09T23:27:52Z" target="#P15">
    				Version 5 of page "19780810_CR_1":
    				
    					Empty transcript -- probably initial upload of page facsimile.
					
				</change>
    		
    			<change xml:id="CHG110" who="U1" when="2014-02-09T23:27:52Z" target="#P15">
    				Version 4 of page "19780810_CR_1":
    				
    					Empty transcript -- probably initial upload of page facsimile.
					
				</change>
    		
    			<change xml:id="CHG109" who="U1" when="2014-02-09T23:27:49Z" target="#P15">
    				Version 3 of page "19780810_CR_1":
    				
    					Empty transcript -- probably initial upload of page facsimile.
					
				</change>
    		
    			<change xml:id="CHG108" who="U1" when="2014-02-09T23:27:48Z" target="#P15">
    				Version 2 of page "19780810_CR_1":
    				
    					Empty transcript -- probably initial upload of page facsimile.
					
				</change>
    		
    			<change xml:id="CHG107" who="U1" when="2014-02-09T23:27:48Z" target="#P15">
    				Version 1 of page "19780810_CR_1":
    				
    					Empty transcript -- probably initial upload of page facsimile.
					
				</change>
    		
    			<change xml:id="CHG106" who="U1" when="2014-02-09T23:27:34Z" target="#P16">
    				Version 0 of page "19780810_CR_2":
    				
    					Empty transcript -- probably initial upload of page facsimile.
					
				</change>
    		
    			<change xml:id="CHG105" who="U1" when="2014-02-09T23:27:26Z" target="#P15">
    				Version 0 of page "19780810_CR_1":
    				
    					Empty transcript -- probably initial upload of page facsimile.
					
				</change>
    		
    			<change xml:id="CHG104" who="U1" when="2014-02-09T23:26:47Z" target="#P3">
    				Version 4 of page "19750410_CR_2":
    				
    					Empty transcript -- probably initial upload of page facsimile.
					
				</change>
    		
    			<change xml:id="CHG103" who="U1" when="2014-02-09T23:26:31Z" target="#P2">
    				Version 10 of page "19750410_CR_1":
    				
    					Empty transcript -- probably initial upload of page facsimile.
					
				</change>
    		
    			<change xml:id="CHG102" who="U1" when="2014-02-09T23:25:52Z" target="#P14">
    				Version 5 of page "19740610_CR_7":
    				
    					Empty transcript -- probably initial upload of page facsimile.
					
				</change>
    		
    			<change xml:id="CHG101" who="U1" when="2014-02-09T23:25:52Z" target="#P14">
    				Version 4 of page "19740610_CR_7":
    				
    					Empty transcript -- probably initial upload of page facsimile.
					
				</change>
    		
    			<change xml:id="CHG100" who="U1" when="2014-02-09T23:25:50Z" target="#P14">
    				Version 3 of page "19740610_CR_7":
    				
    					Empty transcript -- probably initial upload of page facsimile.
					
				</change>
    		
    			<change xml:id="CHG99" who="U1" when="2014-02-09T23:25:50Z" target="#P14">
    				Version 2 of page "19740610_CR_7":
    				
    					Empty transcript -- probably initial upload of page facsimile.
					
				</change>
    		
    			<change xml:id="CHG98" who="U1" when="2014-02-09T23:25:49Z" target="#P14">
    				Version 1 of page "19740610_CR_7":
    				
    					Empty transcript -- probably initial upload of page facsimile.
					
				</change>
    		
    			<change xml:id="CHG97" who="U1" when="2014-02-09T23:25:30Z" target="#P13">
    				Version 5 of page "19740610_CR_6":
    				
    					Empty transcript -- probably initial upload of page facsimile.
					
				</change>
    		
    			<change xml:id="CHG96" who="U1" when="2014-02-09T23:25:30Z" target="#P13">
    				Version 4 of page "19740610_CR_6":
    				
    					Empty transcript -- probably initial upload of page facsimile.
					
				</change>
    		
    			<change xml:id="CHG95" who="U1" when="2014-02-09T23:25:27Z" target="#P13">
    				Version 3 of page "19740610_CR_6":
    				
    					Empty transcript -- probably initial upload of page facsimile.
					
				</change>
    		
    			<change xml:id="CHG94" who="U1" when="2014-02-09T23:25:27Z" target="#P13">
    				Version 2 of page "19740610_CR_6":
    				
    					Empty transcript -- probably initial upload of page facsimile.
					
				</change>
    		
    			<change xml:id="CHG93" who="U1" when="2014-02-09T23:25:27Z" target="#P13">
    				Version 1 of page "19740610_CR_6":
    				
    					Empty transcript -- probably initial upload of page facsimile.
					
				</change>
    		
    			<change xml:id="CHG92" who="U1" when="2014-02-09T23:25:09Z" target="#P12">
    				Version 5 of page "19740610_CR_5":
    				
    					Empty transcript -- probably initial upload of page facsimile.
					
				</change>
    		
    			<change xml:id="CHG91" who="U1" when="2014-02-09T23:25:09Z" target="#P12">
    				Version 4 of page "19740610_CR_5":
    				
    					Empty transcript -- probably initial upload of page facsimile.
					
				</change>
    		
    			<change xml:id="CHG90" who="U1" when="2014-02-09T23:25:08Z" target="#P12">
    				Version 3 of page "19740610_CR_5":
    				
    					Empty transcript -- probably initial upload of page facsimile.
					
				</change>
    		
    			<change xml:id="CHG89" who="U1" when="2014-02-09T23:25:07Z" target="#P12">
    				Version 2 of page "19740610_CR_5":
    				
    					Empty transcript -- probably initial upload of page facsimile.
					
				</change>
    		
    			<change xml:id="CHG88" who="U1" when="2014-02-09T23:25:07Z" target="#P12">
    				Version 1 of page "19740610_CR_5":
    				
    					Empty transcript -- probably initial upload of page facsimile.
					
				</change>
    		
    			<change xml:id="CHG87" who="U1" when="2014-02-09T23:24:33Z" target="#P14">
    				Version 0 of page "19740610_CR_7":
    				
    					Empty transcript -- probably initial upload of page facsimile.
					
				</change>
    		
    			<change xml:id="CHG86" who="U1" when="2014-02-09T23:24:16Z" target="#P11">
    				Version 5 of page "19740610_CR_4":
    				
    					Empty transcript -- probably initial upload of page facsimile.
					
				</change>
    		
    			<change xml:id="CHG85" who="U1" when="2014-02-09T23:24:16Z" target="#P11">
    				Version 4 of page "19740610_CR_4":
    				
    					Empty transcript -- probably initial upload of page facsimile.
					
				</change>
    		
    			<change xml:id="CHG84" who="U1" when="2014-02-09T23:24:11Z" target="#P11">
    				Version 3 of page "19740610_CR_4":
    				
    					Empty transcript -- probably initial upload of page facsimile.
					
				</change>
    		
    			<change xml:id="CHG83" who="U1" when="2014-02-09T23:24:11Z" target="#P11">
    				Version 2 of page "19740610_CR_4":
    				
    					Empty transcript -- probably initial upload of page facsimile.
					
				</change>
    		
    			<change xml:id="CHG82" who="U1" when="2014-02-09T23:24:11Z" target="#P11">
    				Version 1 of page "19740610_CR_4":
    				
    					Empty transcript -- probably initial upload of page facsimile.
					
				</change>
    		
    			<change xml:id="CHG81" who="U1" when="2014-02-09T23:23:51Z" target="#P13">
    				Version 0 of page "19740610_CR_6":
    				
    					Empty transcript -- probably initial upload of page facsimile.
					
				</change>
    		
    			<change xml:id="CHG80" who="U1" when="2014-02-09T23:23:44Z" target="#P12">
    				Version 0 of page "19740610_CR_5":
    				
    					Empty transcript -- probably initial upload of page facsimile.
					
				</change>
    		
    			<change xml:id="CHG79" who="U1" when="2014-02-09T23:23:36Z" target="#P11">
    				Version 0 of page "19740610_CR_4":
    				
    					Empty transcript -- probably initial upload of page facsimile.
					
				</change>
    		
    			<change xml:id="CHG78" who="U1" when="2014-02-09T23:23:03Z" target="#P10">
    				Version 5 of page "19740610_CR_3":
    				
    					Empty transcript -- probably initial upload of page facsimile.
					
				</change>
    		
    			<change xml:id="CHG77" who="U1" when="2014-02-09T23:23:03Z" target="#P10">
    				Version 4 of page "19740610_CR_3":
    				
    					Empty transcript -- probably initial upload of page facsimile.
					
				</change>
    		
    			<change xml:id="CHG76" who="U1" when="2014-02-09T23:23:01Z" target="#P10">
    				Version 3 of page "19740610_CR_3":
    				
    					Empty transcript -- probably initial upload of page facsimile.
					
				</change>
    		
    			<change xml:id="CHG75" who="U1" when="2014-02-09T23:23:00Z" target="#P10">
    				Version 2 of page "19740610_CR_3":
    				
    					Empty transcript -- probably initial upload of page facsimile.
					
				</change>
    		
    			<change xml:id="CHG74" who="U1" when="2014-02-09T23:23:00Z" target="#P10">
    				Version 1 of page "19740610_CR_3":
    				
    					Empty transcript -- probably initial upload of page facsimile.
					
				</change>
    		
    			<change xml:id="CHG73" who="U1" when="2014-02-09T23:22:48Z" target="#P10">
    				Version 0 of page "19740610_CR_3":
    				
    					Empty transcript -- probably initial upload of page facsimile.
					
				</change>
    		
    			<change xml:id="CHG72" who="U1" when="2014-02-09T23:22:35Z" target="#P9">
    				Version 3 of page "19740610_CR_2":
    				
    					Empty transcript -- probably initial upload of page facsimile.
					
				</change>
    		
    			<change xml:id="CHG71" who="U1" when="2014-02-09T23:22:35Z" target="#P9">
    				Version 2 of page "19740610_CR_2":
    				
    					Empty transcript -- probably initial upload of page facsimile.
					
				</change>
    		
    			<change xml:id="CHG70" who="U1" when="2014-02-09T23:22:34Z" target="#P9">
    				Version 1 of page "19740610_CR_2":
    				
    					Empty transcript -- probably initial upload of page facsimile.
					
				</change>
    		
    			<change xml:id="CHG69" who="U1" when="2014-02-09T23:21:58Z" target="#P9">
    				Version 0 of page "19740610_CR_2":
    				
    					Empty transcript -- probably initial upload of page facsimile.
					
				</change>
    		
    			<change xml:id="CHG68" who="U1" when="2014-02-09T23:21:35Z" target="#P8">
    				Version 5 of page "19740610_CR_1":
    				
    					Empty transcript -- probably initial upload of page facsimile.
					
				</change>
    		
    			<change xml:id="CHG67" who="U1" when="2014-02-09T23:21:35Z" target="#P8">
    				Version 4 of page "19740610_CR_1":
    				
    					Empty transcript -- probably initial upload of page facsimile.
					
				</change>
    		
    			<change xml:id="CHG66" who="U1" when="2014-02-09T23:19:30Z" target="#P8">
    				Version 3 of page "19740610_CR_1":
    				
    					Empty transcript -- probably initial upload of page facsimile.
					
				</change>
    		
    			<change xml:id="CHG65" who="U1" when="2014-02-09T23:19:30Z" target="#P8">
    				Version 2 of page "19740610_CR_1":
    				
    					Empty transcript -- probably initial upload of page facsimile.
					
				</change>
    		
    			<change xml:id="CHG64" who="U1" when="2014-02-09T23:19:29Z" target="#P8">
    				Version 1 of page "19740610_CR_1":
    				
    					Empty transcript -- probably initial upload of page facsimile.
					
				</change>
    		
    			<change xml:id="CHG63" who="U1" when="2014-02-09T23:18:43Z" target="#P8">
    				Version 0 of page "19740610_CR_1":
    				
    					Empty transcript -- probably initial upload of page facsimile.
					
				</change>
    		
    			<change xml:id="CHG62" who="U3" when="2014-02-09T21:40:35Z" target="#P5">
    				Version 11 of page "19760309_CR_1":
    				
						Changes to page transcript.
    				
				</change>
    		
    			<change xml:id="CHG61" who="U1" when="2014-02-09T21:32:23Z" target="#P5">
    				Version 10 of page "19760309_CR_1":
    				
						Changes to page transcript.
    				
				</change>
    		
    			<change xml:id="CHG60" who="U1" when="2014-02-09T21:32:19Z" target="#P7">
    				Version 29 of page "19760309_CR_2":
    				
						Changes to page transcript.
    				
				</change>
    		
    			<change xml:id="CHG59" who="U1" when="2014-02-09T21:32:19Z" target="#P7">
    				Version 28 of page "19760309_CR_2":
    				
						Changes to page transcript.
    				
				</change>
    		
    			<change xml:id="CHG58" who="U1" when="2014-02-09T21:31:46Z" target="#P5">
    				Version 9 of page "19760309_CR_1":
    				
						Changes to page transcript.
    				
				</change>
    		
    			<change xml:id="CHG57" who="U1" when="2014-02-09T21:25:21Z" target="#P7">
    				Version 27 of page "19760309_CR_2":
    				
						Changes to page transcript.
    				
				</change>
    		
    			<change xml:id="CHG56" who="U1" when="2014-02-09T21:24:50Z" target="#P7">
    				Version 26 of page "19760309_CR_2":
    				
						Changes to page transcript.
    				
				</change>
    		
    			<change xml:id="CHG55" who="U1" when="2014-02-09T21:24:16Z" target="#P7">
    				Version 25 of page "19760309_CR_2":
    				
						Changes to page transcript.
    				
				</change>
    		
    			<change xml:id="CHG54" who="U1" when="2014-02-09T21:24:01Z" target="#P7">
    				Version 24 of page "19760309_CR_2":
    				
						Changes to page transcript.
    				
				</change>
    		
    			<change xml:id="CHG53" who="U3" when="2014-02-09T20:04:38Z" target="#P7">
    				Version 23 of page "19760309_CR_2":
    				
						Changes to page transcript.
    				
				</change>
    		
    			<change xml:id="CHG52" who="U1" when="2014-02-09T19:56:20Z" target="#P7">
    				Version 22 of page "19760309_CR_2":
    				
						Changes to page transcript.
    				
				</change>
    		
    			<change xml:id="CHG51" who="U1" when="2014-02-09T19:56:05Z" target="#P7">
    				Version 21 of page "19760309_CR_2":
    				
						Changes to page transcript.
    				
				</change>
    		
    			<change xml:id="CHG50" who="U1" when="2014-02-09T19:50:58Z" target="#P7">
    				Version 20 of page "19760309_CR_2":
    				
						Changes to page transcript.
    				
				</change>
    		
    			<change xml:id="CHG49" who="U1" when="2014-02-09T19:49:53Z" target="#P5">
    				Version 8 of page "19760309_CR_1":
    				
						Changes to page transcript.
    				
				</change>
    		
    			<change xml:id="CHG48" who="U3" when="2014-02-09T19:46:30Z" target="#P5">
    				Version 7 of page "19760309_CR_1":
    				
						Changes to page transcript.
    				
				</change>
    		
    			<change xml:id="CHG47" who="U3" when="2014-02-09T19:36:51Z" target="#P5">
    				Version 6 of page "19760309_CR_1":
    				
						Changes to page transcript.
    				
				</change>
    		
    			<change xml:id="CHG46" who="U3" when="2014-02-09T13:13:54Z" target="#P5">
    				Version 5 of page "19760309_CR_1":
    				
						Changes to page transcript.
    				
				</change>
    		
    			<change xml:id="CHG45" who="U3" when="2014-02-09T13:10:01Z" target="#P5">
    				Version 4 of page "19760309_CR_1":
    				
						Changes to page transcript.
    				
				</change>
    		
    			<change xml:id="CHG44" who="U1" when="2014-02-09T10:58:48Z" target="#P7">
    				Version 19 of page "19760309_CR_2":
    				
						Changes to page transcript.
    				
				</change>
    		
    			<change xml:id="CHG43" who="U1" when="2014-02-09T10:07:04Z" target="#P7">
    				Version 18 of page "19760309_CR_2":
    				
						Changes to page transcript.
    				
				</change>
    		
    			<change xml:id="CHG42" who="U1" when="2014-02-09T10:02:48Z" target="#P7">
    				Version 17 of page "19760309_CR_2":
    				
    					Empty transcript -- probably initial upload of page facsimile.
					
				</change>
    		
    			<change xml:id="CHG41" who="U1" when="2014-02-09T10:02:48Z" target="#P7">
    				Version 16 of page "19760309_CR_2":
    				
    					Empty transcript -- probably initial upload of page facsimile.
					
				</change>
    		
    			<change xml:id="CHG40" who="U1" when="2014-02-09T10:02:43Z" target="#P7">
    				Version 15 of page "19760309_CR_2":
    				
    					Empty transcript -- probably initial upload of page facsimile.
					
				</change>
    		
    			<change xml:id="CHG39" who="U1" when="2014-02-09T10:02:43Z" target="#P7">
    				Version 14 of page "19760309_CR_2":
    				
    					Empty transcript -- probably initial upload of page facsimile.
					
				</change>
    		
    			<change xml:id="CHG38" who="U1" when="2014-02-09T10:02:42Z" target="#P7">
    				Version 13 of page "19760309_CR_2":
    				
    					Empty transcript -- probably initial upload of page facsimile.
					
				</change>
    		
    			<change xml:id="CHG37" who="U1" when="2014-02-09T10:02:42Z" target="#P7">
    				Version 12 of page "19760309_CR_2":
    				
    					Empty transcript -- probably initial upload of page facsimile.
					
				</change>
    		
    			<change xml:id="CHG36" who="U1" when="2014-02-09T10:02:38Z" target="#P7">
    				Version 11 of page "19760309_CR_2":
    				
    					Empty transcript -- probably initial upload of page facsimile.
					
				</change>
    		
    			<change xml:id="CHG35" who="U1" when="2014-02-09T10:02:38Z" target="#P7">
    				Version 10 of page "19760309_CR_2":
    				
    					Empty transcript -- probably initial upload of page facsimile.
					
				</change>
    		
    			<change xml:id="CHG34" who="U1" when="2014-02-09T10:02:34Z" target="#P7">
    				Version 9 of page "19760309_CR_2":
    				
    					Empty transcript -- probably initial upload of page facsimile.
					
				</change>
    		
    			<change xml:id="CHG33" who="U1" when="2014-02-09T10:02:34Z" target="#P7">
    				Version 8 of page "19760309_CR_2":
    				
    					Empty transcript -- probably initial upload of page facsimile.
					
				</change>
    		
    			<change xml:id="CHG32" who="U1" when="2014-02-09T10:02:28Z" target="#P7">
    				Version 7 of page "19760309_CR_2":
    				
    					Empty transcript -- probably initial upload of page facsimile.
					
				</change>
    		
    			<change xml:id="CHG31" who="U1" when="2014-02-09T10:02:28Z" target="#P7">
    				Version 6 of page "19760309_CR_2":
    				
    					Empty transcript -- probably initial upload of page facsimile.
					
				</change>
    		
    			<change xml:id="CHG30" who="U1" when="2014-02-09T10:02:25Z" target="#P7">
    				Version 5 of page "19760309_CR_2":
    				
    					Empty transcript -- probably initial upload of page facsimile.
					
				</change>
    		
    			<change xml:id="CHG29" who="U1" when="2014-02-09T10:02:25Z" target="#P7">
    				Version 4 of page "19760309_CR_2":
    				
    					Empty transcript -- probably initial upload of page facsimile.
					
				</change>
    		
    			<change xml:id="CHG28" who="U1" when="2014-02-09T10:02:17Z" target="#P7">
    				Version 3 of page "19760309_CR_2":
    				
    					Empty transcript -- probably initial upload of page facsimile.
					
				</change>
    		
    			<change xml:id="CHG27" who="U1" when="2014-02-09T10:02:17Z" target="#P7">
    				Version 2 of page "19760309_CR_2":
    				
    					Empty transcript -- probably initial upload of page facsimile.
					
				</change>
    		
    			<change xml:id="CHG26" who="U1" when="2014-02-09T10:02:17Z" target="#P7">
    				Version 1 of page "19760309_CR_2":
    				
    					Empty transcript -- probably initial upload of page facsimile.
					
				</change>
    		
    			<change xml:id="CHG25" who="U1" when="2014-02-09T10:01:53Z" target="#P7">
    				Version 0 of page "19760309_CR_2":
    				
    					Empty transcript -- probably initial upload of page facsimile.
					
				</change>
    		
    			<change xml:id="CHG23" who="U1" when="2014-02-08T23:20:45Z" target="#P2">
    				Version 9 of page "19750410_CR_1":
    				
    					Empty transcript -- probably initial upload of page facsimile.
					
				</change>
    		
    			<change xml:id="CHG22" who="U1" when="2014-02-08T23:20:45Z" target="#P2">
    				Version 8 of page "19750410_CR_1":
    				
    					Empty transcript -- probably initial upload of page facsimile.
					
				</change>
    		
    			<change xml:id="CHG21" who="U1" when="2014-02-08T23:20:41Z" target="#P2">
    				Version 7 of page "19750410_CR_1":
    				
    					Empty transcript -- probably initial upload of page facsimile.
					
				</change>
    		
    			<change xml:id="CHG20" who="U1" when="2014-02-08T23:20:40Z" target="#P2">
    				Version 6 of page "19750410_CR_1":
    				
    					Empty transcript -- probably initial upload of page facsimile.
					
				</change>
    		
    			<change xml:id="CHG19" who="U1" when="2014-02-08T23:20:36Z" target="#P2">
    				Version 5 of page "19750410_CR_1":
    				
    					Empty transcript -- probably initial upload of page facsimile.
					
				</change>
    		
    			<change xml:id="CHG18" who="U1" when="2014-02-08T23:20:36Z" target="#P2">
    				Version 4 of page "19750410_CR_1":
    				
    					Empty transcript -- probably initial upload of page facsimile.
					
				</change>
    		
    			<change xml:id="CHG14" who="U1" when="2014-02-08T18:04:42Z" target="#P5">
    				Version 3 of page "19760309_CR_1":
    				
    					Empty transcript -- probably initial upload of page facsimile.
					
				</change>
    		
    			<change xml:id="CHG13" who="U1" when="2014-02-08T18:04:40Z" target="#P5">
    				Version 2 of page "19760309_CR_1":
    				
    					Empty transcript -- probably initial upload of page facsimile.
					
				</change>
    		
    			<change xml:id="CHG12" who="U1" when="2014-02-08T18:04:37Z" target="#P5">
    				Version 1 of page "19760309_CR_1":
    				
    					Empty transcript -- probably initial upload of page facsimile.
					
				</change>
    		
    			<change xml:id="CHG10" who="U1" when="2014-02-08T18:04:02Z" target="#P5">
    				Version 0 of page "19760309_CR_1":
    				
    					Empty transcript -- probably initial upload of page facsimile.
					
				</change>
    		
    			<change xml:id="CHG8" who="U1" when="2014-02-08T18:02:38Z" target="#P3">
    				Version 3 of page "19750410_CR_2":
    				
    					Empty transcript -- probably initial upload of page facsimile.
					
				</change>
    		
    			<change xml:id="CHG7" who="U1" when="2014-02-08T18:02:37Z" target="#P3">
    				Version 2 of page "19750410_CR_2":
    				
    					Empty transcript -- probably initial upload of page facsimile.
					
				</change>
    		
    			<change xml:id="CHG6" who="U1" when="2014-02-08T18:02:35Z" target="#P3">
    				Version 1 of page "19750410_CR_2":
    				
    					Empty transcript -- probably initial upload of page facsimile.
					
				</change>
    		
    			<change xml:id="CHG5" who="U1" when="2014-02-08T18:01:21Z" target="#P2">
    				Version 3 of page "19750410_CR_1":
    				
    					Empty transcript -- probably initial upload of page facsimile.
					
				</change>
    		
    			<change xml:id="CHG4" who="U1" when="2014-02-08T18:01:19Z" target="#P2">
    				Version 2 of page "19750410_CR_1":
    				
    					Empty transcript -- probably initial upload of page facsimile.
					
				</change>
    		
    			<change xml:id="CHG3" who="U1" when="2014-02-08T18:01:16Z" target="#P2">
    				Version 1 of page "19750410_CR_1":
    				
    					Empty transcript -- probably initial upload of page facsimile.
					
				</change>
    		
    			<change xml:id="CHG1" who="U1" when="2014-02-08T18:00:30Z" target="#P3">
    				Version 0 of page "19750410_CR_2":
    				
    					Empty transcript -- probably initial upload of page facsimile.
					
				</change>
    		
    			<change xml:id="CHG0" who="U1" when="2014-02-08T17:59:43Z" target="#P2">
    				Version 0 of page "19750410_CR_1":
    				
    					Empty transcript -- probably initial upload of page facsimile.
					
				</change>
    		
		</listChange>
    </revisionDesc>
</teiHeader>

<text>
    <body>
	  
	  	<pb xml:id="F2" n="19750410_CR_1" facs="/images/working/upload/2.jpg"/>
		<div type="pageBlock" xml:id="P2">
			<p>FLL + Polivanov
</p><p>       - parler des tables de <rs ref='#S13'>Queneau</rs> au cercle <rs ref='#S14'>Polivanov</rs>
<lb/>       il faut attendre que <rs ref='#S13'>Queneau</rs> ait mis le bon point</p>
			
			
		</div>
	
	  
	  	<pb xml:id="F3" n="19750410_CR_2" facs="/images/working/upload/3.jpg"/>
		<div type="pageBlock" xml:id="P3">
			
			
			
		</div>
	
	  
	  	<pb xml:id="F5" n="19760309_CR_1" facs="/images/working/upload/5.jpg"/>
		<div type="pageBlock" xml:id="P5">
			<p>OUVROIR DE
<lb/>LITTERATURE
<lb/>POTENTIELLE
</p><p>REUNION DU 9 MARS 1976
</p><p>PRESENTS : F. Le Lionnais, R.Queneau, C.Berge, J.Bens, L.Etienne, G.Perec, H.Mathews, P.Braffort, P.Fournel, M.Benabou.
<lb/>EXCUSES : N.Arnaud, J.Duchateau, I.Calvino, M.Metail, J.Queval, J.Roubaud.
<lb/>INVITE DEFAILLANT : J.Tardieu.
</p><p>On fête l'anniversaire des 15 ans et 107 jours de l'OuLiPo.
</p><p>FLL. Lecture de la lettre d'excuses de Jean Tardieu, qui ne peut venir encore aujourd'hui.
<lb/>F.L.L. Point financier. Bilan négatif : 1.000 F. Kodak : -550 (à venir).
<lb/>R.Q. Il faudrait demander l'état actuel des droits d'auteur du volume OuLiPien à Mme.Ouali.
<lb/>P.F. Le texte sur Hilbert de R.Q. sera prêt demain.
<lb/>R.Q. Les Nouvelles Littéraires proposent à R.Q. de préparer un dossier du genre "science et littérature". (Article théorique du genre Roubaud.)P.B. Allusion à la séance de Roubaud sur : OuLiPo, Mathématiques et Poésie. 
<lb/>F.L.L. Compte-rendu de la conférence de Roubaud à l'IP : Bourbaki est mort en 1968. La poésie est morte avec Louve basse de Denis Roche. Brillant.
<lb/>P.B. propose un article sur les techniques rhétoriques dans les ouvrages scientifiques.
<lb/>Berge, Braffort, Perec et Fournel demandent des détails pour apporter leur contribution. On propose le 2 mai. R.Queneau va négocier avec la feuille publique.
<lb/>F.L.L. Les photos ne sont pas encore arrivées. Le problème de la carte postale passe par la découverte d'un commanditaire.
<lb/>H.M. Suite américaine : OuLiPo est cité dans Words à propos de la publication de L'Egal Français.R.Q. Etiemble affirme, dans la troisième édition des Essais de littérature (vraiment) générale : la seule chose qui sauve la littérature, c'est l'OuLiPo.</p>
			
			
		</div>
	
	  
	  	<pb xml:id="F7" n="19760309_CR_2" facs="/images/working/upload/7.jpg"/>
		<div type="pageBlock" xml:id="P7">
			<p/>
			
			
		</div>
	
	  
	  	<pb xml:id="F8" n="19740610_CR_1" facs="/images/working/upload/8.jpg"/>
		<div type="pageBlock" xml:id="P8">
			<p>Réunion du 10 juin 74
</p><p>Etaient présents : F</p>
			
			
		</div>
	
	  
	  	<pb xml:id="F9" n="19740610_CR_2" facs="/images/working/upload/9.jpg"/>
		<div type="pageBlock" xml:id="P9">
			
			
			
		</div>
	
	  
	  	<pb xml:id="F10" n="19740610_CR_3" facs="/images/working/upload/10.jpg"/>
		<div type="pageBlock" xml:id="P10">
			
			
			
		</div>
	
	  
	  	<pb xml:id="F11" n="19740610_CR_4" facs="/images/working/upload/11.jpg"/>
		<div type="pageBlock" xml:id="P11">
			
			
			
		</div>
	
	  
	  	<pb xml:id="F12" n="19740610_CR_5" facs="/images/working/upload/12.jpg"/>
		<div type="pageBlock" xml:id="P12">
			
			
			
		</div>
	
	  
	  	<pb xml:id="F13" n="19740610_CR_6" facs="/images/working/upload/13.jpg"/>
		<div type="pageBlock" xml:id="P13">
			
			
			
		</div>
	
	  
	  	<pb xml:id="F14" n="19740610_CR_7" facs="/images/working/upload/14.jpg"/>
		<div type="pageBlock" xml:id="P14">
			
			
			
		</div>
	
	  
	  	<pb xml:id="F15" n="19780810_CR_1" facs="/images/working/upload/15.jpg"/>
		<div type="pageBlock" xml:id="P15">
			
			
			
		</div>
	
	  
	  	<pb xml:id="F16" n="19780810_CR_2" facs="/images/working/upload/16.jpg"/>
		<div type="pageBlock" xml:id="P16">
			
			
			
		</div>
	
	  
    </body>
</text>
</TEI>
