
<schemaSpec ns="" start="stuff" ident="oddex-1" xmlns:rng="http://relaxng.org/ns/structure/1.0"
    xmlns="http://www.tei-c.org/ns/1.0">
    <elementSpec ident="stuff">
        <desc>élément racine d'un schéma simplissime</desc>
        <content>
            <alternate maxOccurs="unbounded">
                <elementRef key="bit"/>
                <elementRef key="bob"/>
            </alternate>
        </content>
    </elementSpec>
    <elementSpec ident="bob">
        <desc>élément pointeur du schéma simplissime</desc> 
        <content/>
        <attList>
            <attDef ident="uri">
                <desc>fournit l' URI de l'objet ciblé</desc>
                <datatype>
                    <rng:data type="anyURI"/>
                </datatype>
            </attDef>
        </attList>
    </elementSpec>
    <elementSpec ident="bit">
        <desc>élément textuel du schéma simplissime (peut contenir des bobs) </desc>
        <content allowText="true">
            <elementRef key="bob" />
        </content>
    </elementSpec>
</schemaSpec>
