
<classSpec ident="stuffAtts" type="atts">
    <desc>attributs communs aux éléments qui ont la possibilité de figurer dans un
        stuff</desc>
    <attList>
        <attDef ident="n">
            <desc>fournit un numero ou autre label</desc>
            <datatype> <rng:data type="string"/></datatype>
        </attDef>
        <attDef ident="status">
            <desc>indique un status de correction </desc>
            <valList>
                <valItem ident="rouge"/>
                <valItem ident="vert"/>
                <valItem ident="incertain"/>
            </valList>
        </attDef>
    </attList>
</classSpec>
