<div n="1952"><head><s><w type="DT" lemma="the">The</w>
<w type="NP" lemma="Queen">Queen</w>
<w type="POS" lemma="'s">'s</w>
<w type="NP" lemma="First">First</w>
<w type="NP" lemma="Christmas">Christmas</w>
<w type="NP" lemma="Broadcast">Broadcast</w>
<w type="CD" lemma="@card@">1952</w>
</s></head><p><s><w type="DT" lemma="each">Each</w>
<w type="NP" lemma="Christmas">Christmas</w>
<pc type="sub">,</pc>
<w type="IN" lemma="at">at</w>
<w type="DT" lemma="this">this</w>
<w type="NN" lemma="time">time</w>
<pc type="sub">,</pc>
<w type="PPs" lemma="my">my</w>
<w type="JJ" lemma="beloved">beloved</w>
<w type="NN" lemma="father">father</w>
<w type="VVD" lemma="broadcast">broadcast</w>
<w type="DT" lemma="a">a</w>
<w type="NN" lemma="message">message</w>
<w type="TO" lemma="to">to</w>
<w type="PPs" lemma="his">his</w>
<w type="NNS" lemma="people">people</w>
<w type="IN" lemma="in">in</w>
<w type="DT" lemma="all">all</w>
<w type="NNS" lemma="part">parts</w>
<w type="IN" lemma="of">of</w>
<w type="DT" lemma="the">the</w>
<w type="NN" lemma="world">world</w>
<pc type="SENT">.</pc>
</s>
<s><w type="NN" lemma="today">Today</w>
<w type="PP" lemma="I">I</w>
<w type="VBP" lemma="am">am</w>
<w type="VVG" lemma="do">doing</w>
<w type="DT" lemma="this">this</w>
<w type="TO" lemma="to">to</w>
<w type="PP" lemma="you">you</w>
<pc type="sub">,</pc>
<w type="WP" lemma="who">who</w>
<w type="VBP" lemma="are">are</w>
<w type="RB" lemma="now">now</w>
<w type="PPs" lemma="my">my</w>
<w type="NNS" lemma="people">people</w>
<pc type="SENT">.</pc>
</s>
<s><w type="IN" lemma="as">As</w>
<w type="PP" lemma="he">he</w>
<w type="VVD" lemma="use">used</w>
<w type="TO" lemma="to">to</w>
<w type="VV" lemma="do">do</w>
<pc type="sub">,</pc>
<w type="PP" lemma="I">I</w>
<w type="VBP" lemma="am">am</w>
<w type="VVG" lemma="speak">speaking</w>
<w type="TO" lemma="to">to</w>
<w type="PP" lemma="you">you</w>
<w type="IN" lemma="from">from</w>
<w type="PPs" lemma="my">my</w>
<w type="JJ" lemma="own">own</w>
<w type="NN" lemma="home">home</w>
<pc type="sub">,</pc>
<w type="WRB" lemma="where">where</w>
<w type="PP" lemma="I">I</w>
<w type="VBP" lemma="am">am</w>
<w type="VVG" lemma="spend">spending</w>
<w type="NP" lemma="Christmas">Christmas</w>
<w type="IN" lemma="with">with</w>
<w type="PPs" lemma="my">my</w>
<w type="NN" lemma="family">family</w>
<pc type="sub">;</pc>
<w type="CC" lemma="and">and</w>
<w type="VV" lemma="let">let</w>
<w type="PP" lemma="me">me</w>
<w type="VVP" lemma="say">say</w>
<w type="IN" lemma="at">at</w>
<w type="RB" lemma="once">once</w>
<w type="WRB" lemma="how">how</w>
<w type="PP" lemma="I">I</w>
<w type="VVP" lemma="hope">hope</w>
<w type="IN" lemma="that">that</w>
<w type="PPs" lemma="your">your</w>
<w type="NNS" lemma="child">children</w>
<w type="VBP" lemma="are">are</w>
<w type="VVG" lemma="enjoy">enjoying</w>
<w type="PP" lemma="themselves">themselves</w>
<w type="RB" lemma="as">as</w>
<w type="RB" lemma="much">much</w>
<w type="IN" lemma="as">as</w>
<w type="PP" lemma="mine">mine</w>
<w type="VBP" lemma="are">are</w>
<w type="IN" lemma="on">on</w>
<w type="DT" lemma="a">a</w>
<w type="NN" lemma="day">day</w>
<w type="WDT" lemma="which">which</w>
<w type="VBZ" lemma="be">is</w>
<w type="RB" lemma="especially">especially</w>
<w type="DT" lemma="the">the</w>
<w type="NNS" lemma="child">children</w>
<w type="POS" lemma="'s">'s</w>
<w type="NN" lemma="festival">festival</w>
<pc type="sub">,</pc>
<w type="VVN" lemma="keep">kept</w>
<w type="IN" lemma="in">in</w>
<w type="NN" lemma="honour">honour</w>
<w type="IN" lemma="of">of</w>
<w type="DT" lemma="the">the</w>
<w type="NN" lemma="child">Child</w>
<w type="VVN" lemma="bear">born</w>
<w type="IN" lemma="at">at</w>
<w type="NP" lemma="Bethlehem">Bethlehem</w>
<w type="RB" lemma="nearly">nearly</w>
<w type="CD" lemma="two">two</w>
<w type="CD" lemma="thousand">thousand</w>
<w type="NNS" lemma="year">years</w>
<w type="RB" lemma="ago">ago</w>
<pc type="SENT">.</pc>
</s></p><p><s><w type="JJS" lemma="most">Most</w>
<w type="IN" lemma="of">of</w>
<w type="PP" lemma="you">you</w>
<w type="TO" lemma="to">to</w>
<w type="WP" lemma="whom">whom</w>
<w type="PP" lemma="I">I</w>
<w type="VBP" lemma="am">am</w>
<w type="VVG" lemma="speak">speaking</w>
<w type="MD" lemma="will">will</w>
<w type="VB" lemma="be">be</w>
<w type="IN" lemma="in">in</w>
<w type="PPs" lemma="your">your</w>
<w type="JJ" lemma="own">own</w>
<w type="NNS" lemma="home">homes</w>
<pc type="sub">,</pc>
<w type="CC" lemma="but">but</w>
<w type="PP" lemma="I">I</w>
<w type="VHP" lemma="have">have</w>
<w type="DT" lemma="a">a</w>
<w type="JJ" lemma="special">special</w>
<w type="NN" lemma="thought">thought</w>
<w type="IN" lemma="for">for</w>
<w type="DT" lemma="those">those</w>
<w type="WP" lemma="who">who</w>
<w type="VBP" lemma="are">are</w>
<w type="VVG" lemma="serve">serving</w>
<w type="PPs" lemma="their">their</w>
<w type="NN" lemma="country">country</w>
<w type="IN" lemma="in">in</w>
<w type="JJ" lemma="distant">distant</w>
<w type="NNS" lemma="land">lands</w>
<w type="RB" lemma="far">far</w>
<w type="IN" lemma="from">from</w>
<w type="PPs" lemma="their">their</w>
<w type="NNS" lemma="family">families</w>
<pc type="SENT">.</pc>
</s>
<s><w type="WRB" lemma="wherever">Wherever</w>
<w type="PP" lemma="you">you</w>
<w type="VBP" lemma="are">are</w>
<pc type="sub">,</pc>
<w type="CC" lemma="either">either</w>
<w type="IN" lemma="at">at</w>
<w type="NN" lemma="home">home</w>
<w type="CC" lemma="or">or</w>
<w type="RB" lemma="away">away</w>
<pc type="sub">,</pc>
<w type="IN" lemma="in">in</w>
<w type="NN" lemma="snow">snow</w>
<w type="CC" lemma="or">or</w>
<w type="IN" lemma="in">in</w>
<w type="NN" lemma="sunshine">sunshine</w>
<pc type="sub">,</pc>
<w type="PP" lemma="I">I</w>
<w type="VVP" lemma="give">give</w>
<w type="PP" lemma="you">you</w>
<w type="PPs" lemma="my">my</w>
<w type="JJ" lemma="affectionate">affectionate</w>
<w type="NNS" lemma="greeting">greetings</w>
<pc type="sub">,</pc>
<w type="IN" lemma="with">with</w>
<w type="DT" lemma="every">every</w>
<w type="JJ" lemma="good">good</w>
<w type="NN" lemma="wish">wish</w>
<w type="IN" lemma="for">for</w>
<w type="NP" lemma="Christmas">Christmas</w>
<w type="CC" lemma="and">and</w>
<w type="DT" lemma="the">the</w>
<w type="NP" lemma="New">New</w>
<w type="NN" lemma="year">Year</w>
<pc type="SENT">.</pc>
</s></p><p><s><w type="IN" lemma="at">At</w>
<w type="NP" lemma="Christmas">Christmas</w>
<w type="PPs" lemma="our">our</w>
<w type="NNS" lemma="thought">thoughts</w>
<w type="VBP" lemma="are">are</w>
<w type="RB" lemma="always">always</w>
<w type="JJ" lemma="full">full</w>
<w type="IN" lemma="of">of</w>
<w type="PPs" lemma="our">our</w>
<w type="NNS" lemma="home">homes</w>
<w type="CC" lemma="and">and</w>
<w type="PPs" lemma="our">our</w>
<w type="NNS" lemma="family">families</w>
<pc type="SENT">.</pc>
</s>
<s><w type="DT" lemma="this">This</w>
<w type="VBZ" lemma="be">is</w>
<w type="DT" lemma="the">the</w>
<w type="NN" lemma="day">day</w>
<w type="WRB" lemma="when">when</w>
<w type="NNS" lemma="member">members</w>
<w type="IN" lemma="of">of</w>
<w type="DT" lemma="the">the</w>
<w type="JJ" lemma="same">same</w>
<w type="NN" lemma="family">family</w>
<w type="VVP" lemma="try">try</w>
<w type="TO" lemma="to">to</w>
<w type="VV" lemma="come">come</w>
<w type="RB" lemma="together">together</w>
<pc type="sub">,</pc>
<w type="CC" lemma="or">or</w>
<w type="IN" lemma="if">if</w>
<w type="VVN" lemma="separate">separated</w>
<w type="IN" lemma="by">by</w>
<w type="NN" lemma="distance">distance</w>
<w type="CC" lemma="or">or</w>
<w type="NNS" lemma="event">events</w>
<w type="VVP" lemma="meet">meet</w>
<w type="IN" lemma="in">in</w>
<w type="NN" lemma="spirit">spirit</w>
<w type="CC" lemma="and">and</w>
<w type="NN" lemma="affection">affection</w>
<w type="IN" lemma="by">by</w>
<w type="VVG" lemma="exchange">exchanging</w>
<w type="NNS" lemma="greeting">greetings</w>
<pc type="SENT">.</pc>
</s></p><p><s><w type="CC" lemma="but">But</w>
<w type="PP" lemma="we">we</w>
<w type="VVP" lemma="belong">belong</w>
<pc type="sub">,</pc>
<w type="PP" lemma="you">you</w>
<w type="CC" lemma="and">and</w>
<w type="PP" lemma="I">I</w>
<pc type="sub">,</pc>
<w type="TO" lemma="to">to</w>
<w type="DT" lemma="a">a</w>
<w type="RB" lemma="far">far</w>
<w type="JJR" lemma="large">larger</w>
<w type="NN" lemma="family">family</w>
<pc type="SENT">.</pc>
</s>
<s><w type="PP" lemma="we">We</w>
<w type="VVP" lemma="belong">belong</w>
<pc type="sub">,</pc>
<w type="RB" lemma="all">all</w>
<w type="IN" lemma="of">of</w>
<w type="PP" lemma="us">us</w>
<pc type="sub">,</pc>
<w type="TO" lemma="to">to</w>
<w type="DT" lemma="the">the</w>
<w type="NP" lemma="British">British</w>
<w type="NP" lemma="Commonwealth">Commonwealth</w>
<w type="CC" lemma="and">and</w>
<w type="NP" lemma="Empire">Empire</w>
<pc type="sub">,</pc>
<w type="DT" lemma="that">that</w>
<w type="JJ" lemma="immense">immense</w>
<w type="NN" lemma="union">union</w>
<w type="IN" lemma="of">of</w>
<w type="NNS" lemma="nation">nations</w>
<pc type="sub">,</pc>
<w type="IN" lemma="with">with</w>
<w type="PPs" lemma="their">their</w>
<w type="NNS" lemma="home">homes</w>
<w type="VVN" lemma="set">set</w>
<w type="IN" lemma="in">in</w>
<w type="PDT" lemma="all">all</w>
<w type="DT" lemma="the">the</w>
<w type="CD" lemma="four">four</w>
<w type="NNS" lemma="corner">corners</w>
<w type="IN" lemma="of">of</w>
<w type="DT" lemma="the">the</w>
<w type="NN" lemma="earth">earth</w>
<pc type="SENT">.</pc>
</s>
<s><w type="IN" lemma="like">Like</w>
<w type="PPs" lemma="our">our</w>
<w type="JJ" lemma="own">own</w>
<w type="NNS" lemma="family">families</w>
<pc type="sub">,</pc>
<w type="PP" lemma="it">it</w>
<w type="MD" lemma="can">can</w>
<w type="VB" lemma="be">be</w>
<w type="DT" lemma="a">a</w>
<w type="JJ" lemma="great">great</w>
<w type="NN" lemma="power">power</w>
<w type="IN" lemma="for">for</w>
<w type="JJ" lemma="good">good</w>
<pc type="sub">-</pc>
<w type="DT" lemma="a">a</w>
<w type="NN" lemma="force">force</w>
<w type="WDT" lemma="which">which</w>
<w type="PP" lemma="I">I</w>
<w type="VVP" lemma="believe">believe</w>
<w type="MD" lemma="can">can</w>
<w type="VB" lemma="be">be</w>
<w type="IN" lemma="of">of</w>
<w type="JJ" lemma="immeasurable">immeasurable</w>
<w type="NN" lemma="benefit">benefit</w>
<w type="TO" lemma="to">to</w>
<w type="DT" lemma="all">all</w>
<w type="NN" lemma="humanity">humanity</w>
<pc type="SENT">.</pc>
</s>
<s><w type="PPs" lemma="my">My</w>
<w type="NN" lemma="father">father</w>
<pc type="sub">,</pc>
<w type="CC" lemma="and">and</w>
<w type="PPs" lemma="my">my</w>
<w type="NN" lemma="grandfather">grandfather</w>
<w type="IN" lemma="before">before</w>
<w type="PP" lemma="him">him</w>
<pc type="sub">,</pc>
<w type="VVD" lemma="work">worked</w>
<w type="DT" lemma="all">all</w>
<w type="PPs" lemma="their">their</w>
<w type="NNS" lemma="life">lives</w>
<w type="TO" lemma="to">to</w>
<w type="VV" lemma="unite">unite</w>
<w type="PPs" lemma="our">our</w>
<w type="NNS" lemma="people">peoples</w>
<w type="RB" lemma="ever">ever</w>
<w type="RBR" lemma="more">more</w>
<w type="RB" lemma="closely">closely</w>
<pc type="sub">,</pc>
<w type="CC" lemma="and">and</w>
<w type="TO" lemma="to">to</w>
<w type="VV" lemma="maintain">maintain</w>
<w type="PPs" lemma="its">its</w>
<w type="NNS" lemma="ideal">ideals</w>
<w type="WDT" lemma="which">which</w>
<w type="VBD" lemma="be">were</w>
<w type="RB" lemma="so">so</w>
<w type="JJ" lemma="near">near</w>
<w type="TO" lemma="to">to</w>
<w type="PPs" lemma="their">their</w>
<w type="NNS" lemma="heart">hearts</w>
<pc type="SENT">.</pc>
</s>
<s><w type="PP" lemma="I">I</w>
<w type="MD" lemma="shall">shall</w>
<w type="VV" lemma="strive">strive</w>
<w type="TO" lemma="to">to</w>
<w type="VV" lemma="carry">carry</w>
<w type="IN" lemma="on">on</w>
<w type="PPs" lemma="their">their</w>
<w type="NN" lemma="work">work</w>
<pc type="SENT">.</pc>
</s>
<s><w type="RB" lemma="already">Already</w>
<w type="PP" lemma="you">you</w>
<w type="VHP" lemma="have">have</w>
<w type="VVN" lemma="give">given</w>
<w type="PP" lemma="me">me</w>
<w type="NN" lemma="strength">strength</w>
<w type="TO" lemma="to">to</w>
<w type="VV" lemma="do">do</w>
<w type="RB" lemma="so">so</w>
<pc type="SENT">.</pc>
</s>
<s><w type="IN" lemma="for">For</w>
<pc type="sub">,</pc>
<w type="IN" lemma="since">since</w>
<w type="PPs" lemma="my">my</w>
<w type="NN" lemma="accession">accession</w>
<w type="CD" lemma="ten">ten</w>
<w type="NNS" lemma="month">months</w>
<w type="RB" lemma="ago">ago</w>
<pc type="sub">,</pc>
<w type="PPs" lemma="your">your</w>
<w type="NN" lemma="loyalty">loyalty</w>
<w type="CC" lemma="and">and</w>
<w type="NN" lemma="affection">affection</w>
<w type="VHP" lemma="have">have</w>
<w type="VBN" lemma="be">been</w>
<w type="DT" lemma="an">an</w>
<w type="JJ" lemma="immense">immense</w>
<w type="NN" lemma="support">support</w>
<w type="CC" lemma="and">and</w>
<w type="NN" lemma="encouragement">encouragement</w>
<pc type="SENT">.</pc>
</s>
<s><w type="PP" lemma="I">I</w>
<w type="VVP" lemma="want">want</w>
<w type="TO" lemma="to">to</w>
<w type="VV" lemma="take">take</w>
<w type="DT" lemma="this">this</w>
<w type="NP" lemma="Christmas">Christmas</w>
<w type="NP" lemma="Day">Day</w>
<pc type="sub">,</pc>
<w type="PPs" lemma="my">my</w>
<w type="JJ" lemma="first">first</w>
<w type="NN" lemma="opportunity">opportunity</w>
<pc type="sub">,</pc>
<w type="TO" lemma="to">to</w>
<w type="VV" lemma="thank">thank</w>
<w type="PP" lemma="you">you</w>
<w type="IN" lemma="with">with</w>
<w type="PDT" lemma="all">all</w>
<w type="PPs" lemma="my">my</w>
<w type="NN" lemma="heart">heart</w>
<pc type="SENT">.</pc>
</s></p><p><s><w type="JJ" lemma="Many">Many</w>
<w type="JJ" lemma="grave">grave</w>
<w type="NNS" lemma="problem">problems</w>
<w type="CC" lemma="and">and</w>
<w type="NNS" lemma="difficulty">difficulties</w>
<w type="VVP" lemma="confront">confront</w>
<w type="PP" lemma="us">us</w>
<w type="DT" lemma="all">all</w>
<pc type="sub">,</pc>
<w type="CC" lemma="but">but</w>
<w type="IN" lemma="with">with</w>
<w type="DT" lemma="a">a</w>
<w type="JJ" lemma="new">new</w>
<w type="NN" lemma="faith">faith</w>
<w type="IN" lemma="in">in</w>
<w type="DT" lemma="the">the</w>
<w type="JJ" lemma="old">old</w>
<w type="CC" lemma="and">and</w>
<w type="JJ" lemma="splendid">splendid</w>
<w type="NNS" lemma="belief">beliefs</w>
<w type="VVN" lemma="give">given</w>
<w type="PP" lemma="us">us</w>
<w type="IN" lemma="by">by</w>
<w type="PPs" lemma="our">our</w>
<w type="NNS" lemma="forefather">forefathers</w>
<pc type="sub">,</pc>
<w type="CC" lemma="and">and</w>
<w type="DT" lemma="the">the</w>
<w type="NN" lemma="strength">strength</w>
<w type="TO" lemma="to">to</w>
<w type="NN" lemma="venture">venture</w>
<w type="IN" lemma="beyond">beyond</w>
<w type="DT" lemma="the">the</w>
<w type="NNS" lemma="safety">safeties</w>
<w type="IN" lemma="of">of</w>
<w type="DT" lemma="the">the</w>
<w type="NN" lemma="past">past</w>
<pc type="sub">,</pc>
<w type="PP" lemma="I">I</w>
<w type="VVP" lemma="know">know</w>
<w type="PP" lemma="we">we</w>
<w type="MD" lemma="shall">shall</w>
<w type="VB" lemma="be">be</w>
<w type="JJ" lemma="worthy">worthy</w>
<w type="IN" lemma="of">of</w>
<w type="PPs" lemma="our">our</w>
<w type="NN" lemma="duty">duty</w>
<pc type="SENT">.</pc>
</s>
<s><w type="IN" lemma="above">Above</w>
<w type="DT" lemma="all">all</w>
<pc type="sub">,</pc>
<w type="PP" lemma="we">we</w>
<w type="MD" lemma="must">must</w>
<w type="VV" lemma="keep">keep</w>
<w type="JJ" lemma="alive">alive</w>
<w type="IN" lemma="that">that</w>
<w type="JJ" lemma="courageous">courageous</w>
<w type="NN" lemma="spirit">spirit</w>
<w type="IN" lemma="of">of</w>
<w type="NN" lemma="adventure">adventure</w>
<w type="WDT" lemma="that">that</w>
<w type="VBZ" lemma="be">is</w>
<w type="DT" lemma="the">the</w>
<w type="JJS" lemma="fine">finest</w>
<w type="NN" lemma="quality">quality</w>
<w type="IN" lemma="of">of</w>
<w type="NN" lemma="youth">youth</w>
<pc type="sub">;</pc>
<w type="CC" lemma="and">and</w>
<w type="IN" lemma="by">by</w>
<w type="NN" lemma="youth">youth</w>
<w type="PP" lemma="I">I</w>
<w type="VVP" lemma="do">do</w>
<w type="RB" lemma="not">not</w>
<w type="RB" lemma="just">just</w>
<w type="VV" lemma="mean">mean</w>
<w type="DT" lemma="those">those</w>
<w type="WP" lemma="who">who</w>
<w type="VBP" lemma="are">are</w>
<w type="JJ" lemma="young">young</w>
<w type="IN" lemma="in">in</w>
<w type="NNS" lemma="year">years</w>
<pc type="sub">;</pc>
<w type="PP" lemma="I">I</w>
<w type="VVP" lemma="mean">mean</w>
<w type="RB" lemma="too">too</w>
<w type="PDT" lemma="all">all</w>
<w type="DT" lemma="those">those</w>
<w type="WP" lemma="who">who</w>
<w type="VBP" lemma="are">are</w>
<w type="JJ" lemma="young">young</w>
<w type="IN" lemma="in">in</w>
<w type="NN" lemma="heart">heart</w>
<pc type="sub">,</pc>
<w type="DT" lemma="no">no</w>
<w type="NN" lemma="matter">matter</w>
<w type="WRB" lemma="how">how</w>
<w type="JJ" lemma="old">old</w>
<w type="PP" lemma="they">they</w>
<w type="MD" lemma="may">may</w>
<w type="VB" lemma="be">be</w>
<pc type="SENT">.</pc>
</s>
<s><w type="DT" lemma="that">That</w>
<w type="NN" lemma="spirit">spirit</w>
<w type="RB" lemma="still">still</w>
<w type="VVZ" lemma="flourish">flourishes</w>
<w type="IN" lemma="in">in</w>
<w type="DT" lemma="this">this</w>
<w type="JJ" lemma="old">old</w>
<w type="NN" lemma="country">country</w>
<w type="CC" lemma="and">and</w>
<w type="IN" lemma="in">in</w>
<w type="PDT" lemma="all">all</w>
<w type="DT" lemma="the">the</w>
<w type="JJR" lemma="young">younger</w>
<w type="NNS" lemma="country">countries</w>
<w type="IN" lemma="of">of</w>
<w type="PPs" lemma="our">our</w>
<w type="NN" lemma="commonwealth">Commonwealth</w>
<pc type="SENT">.</pc>
</s></p><p><s><w type="IN" lemma="on">On</w>
<w type="DT" lemma="this">this</w>
<w type="JJ" lemma="broad">broad</w>
<w type="NN" lemma="foundation">foundation</w>
<w type="VVD" lemma="let">let</w>
<w type="PP" lemma="us">us</w>
<w type="VVD" lemma="set">set</w>
<w type="RP" lemma="out">out</w>
<w type="TO" lemma="to">to</w>
<w type="VV" lemma="build">build</w>
<w type="DT" lemma="a">a</w>
<w type="JJR" lemma="true">truer</w>
<w type="NN" lemma="knowledge">knowledge</w>
<w type="IN" lemma="of">of</w>
<w type="PP" lemma="ourselves">ourselves</w>
<w type="CC" lemma="and">and</w>
<w type="PPs" lemma="our">our</w>
<w type="NNS" lemma="XXXX">fellowmen</w>
<pc type="sub">,</pc>
<w type="TO" lemma="to">to</w>
<w type="VV" lemma="work">work</w>
<w type="IN" lemma="for">for</w>
<w type="NN" lemma="tolerance">tolerance</w>
<w type="CC" lemma="and">and</w>
<w type="NN" lemma="understanding">understanding</w>
<w type="IN" lemma="among">among</w>
<w type="DT" lemma="the">the</w>
<w type="NNS" lemma="nation">nations</w>
<w type="CC" lemma="and">and</w>
<w type="TO" lemma="to">to</w>
<w type="VV" lemma="use">use</w>
<w type="DT" lemma="the">the</w>
<w type="JJ" lemma="tremendous">tremendous</w>
<w type="NNS" lemma="force">forces</w>
<w type="IN" lemma="of">of</w>
<w type="NN" lemma="science">science</w>
<w type="CC" lemma="and">and</w>
<w type="VVG" lemma="learn">learning</w>
<w type="IN" lemma="for">for</w>
<w type="DT" lemma="the">the</w>
<w type="NN" lemma="betterment">betterment</w>
<w type="IN" lemma="of">of</w>
<w type="NN" lemma="man">man</w>
<w type="POS" lemma="'s">'s</w>
<w type="NN" lemma="lot">lot</w>
<w type="IN" lemma="upon">upon</w>
<w type="DT" lemma="this">this</w>
<w type="NN" lemma="earth">earth</w>
<pc type="SENT">.</pc>
</s></p><p><s><w type="IN" lemma="if">If</w>
<w type="PP" lemma="we">we</w>
<w type="MD" lemma="can">can</w>
<w type="VV" lemma="do">do</w>
<w type="DT" lemma="these">these</w>
<w type="CD" lemma="three">three</w>
<w type="NNS" lemma="thing">things</w>
<w type="IN" lemma="with">with</w>
<w type="NN" lemma="courage">courage</w>
<pc type="sub">,</pc>
<w type="IN" lemma="with">with</w>
<w type="NN" lemma="generosity">generosity</w>
<w type="CC" lemma="and">and</w>
<w type="IN" lemma="with">with</w>
<w type="NN" lemma="humility">humility</w>
<pc type="sub">,</pc>
<w type="RB" lemma="then">then</w>
<w type="RB" lemma="surely">surely</w>
<w type="PP" lemma="we">we</w>
<w type="MD" lemma="shall">shall</w>
<w type="VV" lemma="achieve">achieve</w>
<w type="DT" lemma="that">that</w>
<pc type="oq">"</pc>
<w type="NN" lemma="peace">Peace</w>
<w type="IN" lemma="on">on</w>
<w type="NN" lemma="earth">earth</w>
<pc type="sub">,</pc>
<w type="NP" lemma="Goodwill">Goodwill</w>
<w type="IN" lemma="toward">toward</w>
<w type="NNS" lemma="man">men</w>
<pc type="cq">"</pc>
<w type="WDT" lemma="which">which</w>
<w type="VBZ" lemma="be">is</w>
<w type="DT" lemma="the">the</w>
<w type="JJ" lemma="eternal">eternal</w>
<w type="NN" lemma="message">message</w>
<w type="IN" lemma="of">of</w>
<w type="NP" lemma="Christmas">Christmas</w>
<pc type="sub">,</pc>
<w type="CC" lemma="and">and</w>
<w type="DT" lemma="the">the</w>
<w type="NN" lemma="desire">desire</w>
<w type="IN" lemma="of">of</w>
<w type="PP" lemma="us">us</w>
<w type="RB" lemma="all">all</w>
<pc type="SENT">.</pc>
</s>
<s><w type="IN" lemma="at">At</w>
<w type="PPs" lemma="my">my</w>
<w type="NN" lemma="coronation">Coronation</w>
<w type="IN" lemma="next">next</w>
<w type="NP" lemma="June">June</w>
<pc type="sub">,</pc>
<w type="PP" lemma="I">I</w>
<w type="MD" lemma="shall">shall</w>
<w type="VV" lemma="dedicate">dedicate</w>
<w type="PP" lemma="myself">myself</w>
<w type="RB" lemma="anew">anew</w>
<w type="TO" lemma="to">to</w>
<w type="PPs" lemma="your">your</w>
<w type="NN" lemma="service">service</w>
<pc type="SENT">.</pc>
</s>
<s><w type="PP" lemma="I">I</w>
<w type="MD" lemma="shall">shall</w>
<w type="VV" lemma="do">do</w>
<w type="RB" lemma="so">so</w>
<w type="IN" lemma="in">in</w>
<w type="DT" lemma="the">the</w>
<w type="NN" lemma="presence">presence</w>
<w type="IN" lemma="of">of</w>
<w type="DT" lemma="a">a</w>
<w type="JJ" lemma="great">great</w>
<w type="NN" lemma="congregation">congregation</w>
<pc type="sub">,</pc>
<w type="VVN" lemma="draw">drawn</w>
<w type="IN" lemma="from">from</w>
<w type="DT" lemma="every">every</w>
<w type="NN" lemma="part">part</w>
<w type="IN" lemma="of">of</w>
<w type="DT" lemma="the">the</w>
<w type="NP" lemma="Commonwealth">Commonwealth</w>
<w type="CC" lemma="and">and</w>
<w type="NP" lemma="Empire">Empire</w>
<pc type="sub">,</pc>
<w type="IN" lemma="while">while</w>
<w type="NNS" lemma="million">millions</w>
<w type="IN" lemma="outside">outside</w>
<w type="NP" lemma="Westminster">Westminster</w>
<w type="NP" lemma="Abbey">Abbey</w>
<w type="MD" lemma="will">will</w>
<w type="VV" lemma="hear">hear</w>
<w type="DT" lemma="the">the</w>
<w type="NNS" lemma="promise">promises</w>
<w type="CC" lemma="and">and</w>
<w type="DT" lemma="the">the</w>
<w type="NNS" lemma="prayer">prayers</w>
<w type="VBG" lemma="be">being</w>
<w type="VVN" lemma="offer">offered</w>
<w type="RP" lemma="up">up</w>
<w type="IN" lemma="within">within</w>
<w type="PPs" lemma="its">its</w>
<w type="NNS" lemma="wall">walls</w>
<pc type="sub">,</pc>
<w type="CC" lemma="and">and</w>
<w type="VV" lemma="see">see</w>
<w type="RB" lemma="much">much</w>
<w type="IN" lemma="of">of</w>
<w type="DT" lemma="the">the</w>
<w type="JJ" lemma="ancient">ancient</w>
<w type="NN" lemma="ceremony">ceremony</w>
<w type="IN" lemma="in">in</w>
<w type="WDT" lemma="which">which</w>
<w type="NP" lemma="Kings">Kings</w>
<w type="CC" lemma="and">and</w>
<w type="NP" lemma="Queens">Queens</w>
<w type="IN" lemma="before">before</w>
<w type="PP" lemma="me">me</w>
<w type="VHP" lemma="have">have</w>
<w type="VVN" lemma="take">taken</w>
<w type="NN" lemma="part">part</w>
<w type="IN" lemma="through">through</w>
<w type="NN" lemma="century">century</w>
<w type="IN" lemma="upon">upon</w>
<w type="NN" lemma="century">century</w>
<pc type="SENT">.</pc>
</s></p><p><s><w type="PP" lemma="you">You</w>
<w type="MD" lemma="will">will</w>
<w type="VB" lemma="be">be</w>
<w type="VVG" lemma="keep">keeping</w>
<w type="PP" lemma="it">it</w>
<w type="IN" lemma="as">as</w>
<w type="DT" lemma="a">a</w>
<w type="NN" lemma="holiday">holiday</w>
<pc type="sub">;</pc>
<w type="CC" lemma="but">but</w>
<w type="PP" lemma="I">I</w>
<w type="VVP" lemma="want">want</w>
<w type="TO" lemma="to">to</w>
<w type="VV" lemma="ask">ask</w>
<w type="PP" lemma="you">you</w>
<w type="DT" lemma="all">all</w>
<pc type="sub">,</pc>
<w type="WDT" lemma="whatever">whatever</w>
<w type="PPs" lemma="your">your</w>
<w type="NN" lemma="religion">religion</w>
<w type="MD" lemma="may">may</w>
<w type="VB" lemma="be">be</w>
<pc type="sub">,</pc>
<w type="TO" lemma="to">to</w>
<w type="VV" lemma="pray">pray</w>
<w type="IN" lemma="for">for</w>
<w type="PP" lemma="me">me</w>
<w type="IN" lemma="on">on</w>
<w type="DT" lemma="that">that</w>
<w type="NN" lemma="day">day</w>
<pc type="sub">-</pc>
<w type="TO" lemma="to">to</w>
<w type="VV" lemma="pray">pray</w>
<w type="IN" lemma="that">that</w>
<w type="NP" lemma="God">God</w>
<w type="MD" lemma="may">may</w>
<w type="VV" lemma="give">give</w>
<w type="PP" lemma="me">me</w>
<w type="NN" lemma="wisdom">wisdom</w>
<w type="CC" lemma="and">and</w>
<w type="NN" lemma="strength">strength</w>
<w type="TO" lemma="to">to</w>
<w type="VV" lemma="carry">carry</w>
<w type="RP" lemma="out">out</w>
<w type="DT" lemma="the">the</w>
<w type="JJ" lemma="solemn">solemn</w>
<w type="NNS" lemma="promise">promises</w>
<w type="PP" lemma="I">I</w>
<w type="MD" lemma="shall">shall</w>
<w type="VB" lemma="be">be</w>
<w type="VVG" lemma="make">making</w>
<pc type="sub">,</pc>
<w type="CC" lemma="and">and</w>
<w type="IN" lemma="that">that</w>
<w type="PP" lemma="I">I</w>
<w type="MD" lemma="may">may</w>
<w type="RB" lemma="faithfully">faithfully</w>
<w type="VV" lemma="serve">serve</w>
<w type="NP" lemma="XXXX">Him</w>
<w type="CC" lemma="and">and</w>
<w type="PP" lemma="you">you</w>
<pc type="sub">,</pc>
<w type="RB" lemma="all">all</w>
<w type="DT" lemma="the">the</w>
<w type="NNS" lemma="day">days</w>
<w type="IN" lemma="of">of</w>
<w type="PPs" lemma="my">my</w>
<w type="NN" lemma="life">life</w>
<pc type="SENT">.</pc>
</s></p><p><s><w type="NP" lemma="May">May</w>
<w type="NP" lemma="God">God</w>
<w type="VV" lemma="bless">bless</w>
<w type="CC" lemma="and">and</w>
<w type="VV" lemma="guide">guide</w>
<w type="PP" lemma="you">you</w>
<w type="RB" lemma="all">all</w>
<w type="IN" lemma="through">through</w>
<w type="DT" lemma="the">the</w>
<w type="JJ" lemma="coming">coming</w>
<w type="NN" lemma="year">year</w>
<pc type="SENT">.</pc>
</s></p></div>