<div n="1954"><head><s><w type="NP" lemma="Christmas">Christmas</w>
<w type="NP" lemma="Broadcast">Broadcast</w>
<w type="CD" lemma="@card@">1954</w>
</s></head><p><s><w type="PP" lemma="it">It</w>
<w type="VBZ" lemma="be">is</w>
<w type="RB" lemma="now">now</w>
<w type="CD" lemma="two">two</w>
<w type="NNS" lemma="year">years</w>
<w type="IN" lemma="since">since</w>
<w type="PPs" lemma="my">my</w>
<w type="NN" lemma="husband">husband</w>
<w type="CC" lemma="and">and</w>
<w type="PP" lemma="I">I</w>
<w type="VVD" lemma="spend">spent</w>
<w type="NP" lemma="Christmas">Christmas</w>
<w type="IN" lemma="with">with</w>
<w type="PPs" lemma="our">our</w>
<w type="NNS" lemma="child">children</w>
<pc type="SENT">.</pc>
</s>
<s><w type="CC" lemma="and">And</w>
<w type="IN" lemma="as">as</w>
<w type="PP" lemma="we">we</w>
<w type="VVP" lemma="do">do</w>
<w type="RB" lemma="so">so</w>
<w type="NN" lemma="today">today</w>
<w type="PP" lemma="we">we</w>
<w type="VVP" lemma="look">look</w>
<w type="RB" lemma="back">back</w>
<w type="IN" lemma="upon">upon</w>
<w type="DT" lemma="a">a</w>
<w type="NP" lemma="Christmas">Christmas</w>
<w type="VVD" lemma="spend">spent</w>
<w type="JJ" lemma="last">last</w>
<w type="NN" lemma="year">year</w>
<w type="IN" lemma="in">in</w>
<w type="NP" lemma="Auckland">Auckland</w>
<w type="IN" lemma="in">in</w>
<w type="JJ" lemma="hot">hot</w>
<w type="NN" lemma="sunshine">sunshine</w>
<pc type="sub">,</pc>
<w type="CD" lemma="thirteen">thirteen</w>
<w type="CD" lemma="thousand">thousand</w>
<w type="NNS" lemma="mile">miles</w>
<w type="RB" lemma="away">away</w>
<pc type="SENT">.</pc>
</s></p><p><s><w type="IN" lemma="though">Though</w>
<w type="DT" lemma="this">this</w>
<w type="VBD" lemma="be">was</w>
<w type="JJ" lemma="strange">strange</w>
<w type="IN" lemma="for">for</w>
<w type="PP" lemma="us">us</w>
<pc type="sub">,</pc>
<w type="PP" lemma="we">we</w>
<w type="VVD" lemma="feel">felt</w>
<w type="IN" lemma="at">at</w>
<w type="NN" lemma="home">home</w>
<w type="RB" lemma="there">there</w>
<pc type="sub">,</pc>
<w type="IN" lemma="for">for</w>
<w type="PP" lemma="we">we</w>
<w type="VBD" lemma="be">were</w>
<w type="IN" lemma="among">among</w>
<w type="NNS" lemma="people">people</w>
<w type="WP" lemma="who">who</w>
<w type="VBP" lemma="are">are</w>
<w type="PPs" lemma="my">my</w>
<w type="JJ" lemma="own">own</w>
<w type="NNS" lemma="people">people</w>
<w type="CC" lemma="and">and</w>
<w type="WPs" lemma="whose">whose</w>
<w type="JJ" lemma="affectionate">affectionate</w>
<w type="NN" lemma="greeting">greeting</w>
<w type="PP" lemma="I">I</w>
<w type="MD" lemma="shall">shall</w>
<w type="VV" lemma="remember">remember</w>
<w type="PDT" lemma="all">all</w>
<w type="PPs" lemma="my">my</w>
<w type="NN" lemma="life">life</w>
<w type="RB" lemma="long">long</w>
<pc type="SENT">.</pc>
</s>
<s><w type="PP" lemma="they">They</w>
<w type="VVD" lemma="surround">surrounded</w>
<w type="PP" lemma="us">us</w>
<w type="IN" lemma="with">with</w>
<w type="NN" lemma="kindness">kindness</w>
<w type="CC" lemma="and">and</w>
<w type="NN" lemma="friendship">friendship</w>
<pc type="sub">,</pc>
<w type="RB" lemma="as">as</w>
<w type="VVD" lemma="do">did</w>
<w type="PDT" lemma="all">all</w>
<w type="PPs" lemma="my">my</w>
<w type="NNS" lemma="people">people</w>
<w type="IN" lemma="throughout">throughout</w>
<w type="DT" lemma="the">the</w>
<w type="JJ" lemma="mighty">mighty</w>
<w type="NN" lemma="sweep">sweep</w>
<w type="IN" lemma="of">of</w>
<w type="PPs" lemma="our">our</w>
<w type="JJ" lemma="XXXX">world-encircling</w>
<w type="NN" lemma="journey">journey</w>
<pc type="SENT">.</pc>
</s></p><p><s><w type="RB" lemma="nevertheless">Nevertheless</w>
<pc type="sub">,</pc>
<w type="TO" lemma="to">to</w>
<w type="DT" lemma="all">all</w>
<w type="IN" lemma="of">of</w>
<w type="PP" lemma="us">us</w>
<w type="EX" lemma="there">there</w>
<w type="VBZ" lemma="be">is</w>
<w type="NN" lemma="nothing">nothing</w>
<w type="RB" lemma="quite">quite</w>
<w type="IN" lemma="like">like</w>
<w type="DT" lemma="the">the</w>
<w type="NN" lemma="family">family</w>
<w type="NN" lemma="gathering">gathering</w>
<w type="IN" lemma="in">in</w>
<w type="JJ" lemma="familiar">familiar</w>
<w type="NN" lemma="surroundings">surroundings</w>
<pc type="sub">,</pc>
<w type="VVN" lemma="centre">centred</w>
<w type="IN" lemma="on">on</w>
<w type="DT" lemma="the">the</w>
<w type="NNS" lemma="child">children</w>
<w type="WPs" lemma="whose">whose</w>
<w type="NP" lemma="Festival">Festival</w>
<w type="DT" lemma="this">this</w>
<w type="RB" lemma="truly">truly</w>
<w type="VBZ" lemma="be">is</w>
<pc type="sub">,</pc>
<w type="IN" lemma="in">in</w>
<w type="DT" lemma="the">the</w>
<w type="JJ" lemma="traditional">traditional</w>
<w type="NN" lemma="atmosphere">atmosphere</w>
<w type="IN" lemma="of">of</w>
<w type="NN" lemma="love">love</w>
<w type="CC" lemma="and">and</w>
<w type="NN" lemma="happiness">happiness</w>
<w type="WDT" lemma="that">that</w>
<w type="VVZ" lemma="spring">springs</w>
<w type="IN" lemma="from">from</w>
<w type="DT" lemma="the">the</w>
<w type="NN" lemma="enjoyment">enjoyment</w>
<w type="IN" lemma="of">of</w>
<w type="JJ" lemma="simple">simple</w>
<w type="JJ" lemma="well-tried">well-tried</w>
<w type="NNS" lemma="thing">things</w>
<pc type="SENT">.</pc>
</s></p><p><s><w type="WRB" lemma="when">When</w>
<w type="PP" lemma="it">it</w>
<w type="VBZ" lemma="be">is</w>
<w type="NN" lemma="night">night</w>
<w type="CC" lemma="and">and</w>
<w type="NN" lemma="wind">wind</w>
<w type="CC" lemma="and">and</w>
<w type="NN" lemma="rain">rain</w>
<w type="NN" lemma="beat">beat</w>
<w type="IN" lemma="upon">upon</w>
<w type="DT" lemma="the">the</w>
<w type="NN" lemma="window">window</w>
<pc type="sub">,</pc>
<w type="DT" lemma="the">the</w>
<w type="NN" lemma="family">family</w>
<w type="VBZ" lemma="be">is</w>
<w type="RBS" lemma="most">most</w>
<w type="JJ" lemma="conscious">conscious</w>
<w type="IN" lemma="of">of</w>
<w type="DT" lemma="the">the</w>
<w type="NN" lemma="warmth">warmth</w>
<w type="CC" lemma="and">and</w>
<w type="NN" lemma="peacefulness">peacefulness</w>
<w type="WDT" lemma="that">that</w>
<w type="VVP" lemma="surround">surround</w>
<w type="DT" lemma="the">the</w>
<w type="JJ" lemma="pleasant">pleasant</w>
<w type="NN" lemma="fireside">fireside</w>
<pc type="SENT">.</pc>
</s></p><p><s><w type="RB" lemma="so">So</w>
<pc type="sub">,</pc>
<w type="PPs" lemma="our">our</w>
<w type="NP" lemma="Commonwealth">Commonwealth</w>
<w type="NN" lemma="hearth">hearth</w>
<w type="VVZ" lemma="become">becomes</w>
<w type="RBR" lemma="more">more</w>
<w type="JJ" lemma="precious">precious</w>
<w type="IN" lemma="than">than</w>
<w type="RB" lemma="ever">ever</w>
<w type="RB" lemma="before">before</w>
<w type="IN" lemma="by">by</w>
<w type="DT" lemma="the">the</w>
<w type="NN" lemma="contrast">contrast</w>
<w type="IN" lemma="between">between</w>
<w type="PPs" lemma="its">its</w>
<w type="JJ" lemma="homely">homely</w>
<w type="NN" lemma="security">security</w>
<w type="CC" lemma="and">and</w>
<w type="DT" lemma="the">the</w>
<w type="NN" lemma="storm">storm</w>
<w type="WDT" lemma="which">which</w>
<w type="RB" lemma="sometimes">sometimes</w>
<w type="VVZ" lemma="seem">seems</w>
<w type="TO" lemma="to">to</w>
<w type="VB" lemma="be">be</w>
<w type="VVG" lemma="brew">brewing</w>
<w type="IN" lemma="outside">outside</w>
<pc type="sub">,</pc>
<w type="IN" lemma="in">in</w>
<w type="DT" lemma="the">the</w>
<w type="NN" lemma="darkness">darkness</w>
<w type="IN" lemma="of">of</w>
<w type="NN" lemma="uncertainty">uncertainty</w>
<w type="CC" lemma="and">and</w>
<w type="NN" lemma="doubt">doubt</w>
<w type="WDT" lemma="that">that</w>
<w type="VVZ" lemma="envelop">envelops</w>
<w type="DT" lemma="the">the</w>
<w type="JJ" lemma="whole">whole</w>
<w type="NN" lemma="world">world</w>
<pc type="SENT">.</pc>
</s></p><p><s><w type="IN" lemma="in">In</w>
<w type="DT" lemma="the">the</w>
<w type="NN" lemma="turbulence">turbulence</w>
<w type="IN" lemma="of">of</w>
<w type="DT" lemma="this">this</w>
<w type="JJ" lemma="anxious">anxious</w>
<w type="CC" lemma="and">and</w>
<w type="JJ" lemma="active">active</w>
<w type="NN" lemma="world">world</w>
<w type="JJ" lemma="many">many</w>
<w type="NNS" lemma="people">people</w>
<w type="VBP" lemma="are">are</w>
<w type="VVG" lemma="lead">leading</w>
<w type="JJ" lemma="uneventful">uneventful</w>
<w type="JJ" lemma="lonely">lonely</w>
<w type="NNS" lemma="life">lives</w>
<pc type="SENT">.</pc>
</s>
<s><w type="TO" lemma="To">To</w>
<w type="PP" lemma="them">them</w>
<w type="NN" lemma="dreariness">dreariness</w>
<pc type="sub">,</pc>
<w type="RB" lemma="not">not</w>
<w type="NN" lemma="disaster">disaster</w>
<pc type="sub">,</pc>
<w type="VBZ" lemma="be">is</w>
<w type="DT" lemma="the">the</w>
<w type="NN" lemma="enemy">enemy</w>
<pc type="SENT">.</pc>
</s></p><p><s><w type="PP" lemma="they">They</w>
<w type="RB" lemma="seldom">seldom</w>
<w type="VV" lemma="realise">realise</w>
<w type="IN" lemma="that">that</w>
<w type="IN" lemma="on">on</w>
<w type="PPs" lemma="their">their</w>
<w type="NN" lemma="steadfastness">steadfastness</w>
<pc type="sub">,</pc>
<w type="IN" lemma="on">on</w>
<w type="PPs" lemma="their">their</w>
<w type="NN" lemma="ability">ability</w>
<w type="TO" lemma="to">to</w>
<w type="VV" lemma="withstand">withstand</w>
<w type="DT" lemma="the">the</w>
<w type="NN" lemma="fatigue">fatigue</w>
<w type="IN" lemma="of">of</w>
<w type="JJ" lemma="dull">dull</w>
<w type="JJ" lemma="repetitive">repetitive</w>
<w type="NN" lemma="work">work</w>
<w type="CC" lemma="and">and</w>
<w type="IN" lemma="on">on</w>
<w type="PPs" lemma="their">their</w>
<w type="NN" lemma="courage">courage</w>
<w type="IN" lemma="in">in</w>
<w type="VVG" lemma="meet">meeting</w>
<w type="JJ" lemma="constant">constant</w>
<w type="JJ" lemma="small">small</w>
<w type="NNS" lemma="adversity">adversities</w>
<pc type="sub">,</pc>
<w type="VVP" lemma="depend">depend</w>
<w type="IN" lemma="in">in</w>
<w type="JJ" lemma="great">great</w>
<w type="NN" lemma="measure">measure</w>
<w type="DT" lemma="the">the</w>
<w type="NN" lemma="happiness">happiness</w>
<w type="CC" lemma="and">and</w>
<w type="NN" lemma="prosperity">prosperity</w>
<w type="IN" lemma="of">of</w>
<w type="DT" lemma="the">the</w>
<w type="NN" lemma="community">community</w>
<w type="IN" lemma="as">as</w>
<w type="DT" lemma="a">a</w>
<w type="NN" lemma="whole">whole</w>
<pc type="SENT">.</pc>
</s></p><p><s><w type="WRB" lemma="when">When</w>
<w type="PP" lemma="we">we</w>
<w type="VVP" lemma="look">look</w>
<w type="IN" lemma="at">at</w>
<w type="DT" lemma="the">the</w>
<w type="NN" lemma="landscape">landscape</w>
<w type="IN" lemma="of">of</w>
<w type="PPs" lemma="our">our</w>
<w type="NN" lemma="life">life</w>
<w type="IN" lemma="on">on</w>
<w type="DT" lemma="this">this</w>
<w type="NN" lemma="earth">earth</w>
<w type="EX" lemma="there">there</w>
<w type="VBZ" lemma="be">is</w>
<w type="IN" lemma="in">in</w>
<w type="DT" lemma="the">the</w>
<w type="NNS" lemma="mind">minds</w>
<w type="IN" lemma="of">of</w>
<w type="DT" lemma="all">all</w>
<w type="IN" lemma="of">of</w>
<w type="PP" lemma="us">us</w>
<w type="DT" lemma="a">a</w>
<w type="NN" lemma="tendency">tendency</w>
<w type="TO" lemma="to">to</w>
<w type="VV" lemma="admire">admire</w>
<w type="DT" lemma="the">the</w>
<w type="NNS" lemma="peak">peaks</w>
<pc type="sub">,</pc>
<w type="CC" lemma="and">and</w>
<w type="TO" lemma="to">to</w>
<w type="VV" lemma="ignore">ignore</w>
<w type="DT" lemma="the">the</w>
<w type="NNS" lemma="foothill">foothills</w>
<w type="CC" lemma="and">and</w>
<w type="DT" lemma="the">the</w>
<w type="JJ" lemma="fertile">fertile</w>
<w type="NN" lemma="plain">plain</w>
<w type="IN" lemma="from">from</w>
<w type="WDT" lemma="which">which</w>
<w type="PP" lemma="they">they</w>
<w type="NN" lemma="spring">spring</w>
<pc type="SENT">.</pc>
</s></p><p><s><w type="PP" lemma="we">We</w>
<w type="VVP" lemma="praise">praise</w>
<pc type="sub">-</pc>
<w type="CC" lemma="and">and</w>
<w type="RB" lemma="rightly">rightly</w>
<pc type="sub">-</pc>
<w type="DT" lemma="the">the</w>
<w type="NNS" lemma="hero">heroes</w>
<w type="WPs" lemma="whose">whose</w>
<w type="NN" lemma="resource">resource</w>
<w type="CC" lemma="and">and</w>
<w type="NN" lemma="courage">courage</w>
<w type="VVP" lemma="shine">shine</w>
<w type="RB" lemma="so">so</w>
<w type="RB" lemma="brilliantly">brilliantly</w>
<w type="IN" lemma="in">in</w>
<w type="NNS" lemma="moment">moments</w>
<w type="IN" lemma="of">of</w>
<w type="NN" lemma="crisis">crisis</w>
<pc type="SENT">.</pc>
</s>
<s><w type="PP" lemma="we">We</w>
<w type="VVP" lemma="forget">forget</w>
<w type="RB" lemma="sometimes">sometimes</w>
<w type="IN" lemma="that">that</w>
<w type="IN" lemma="behind">behind</w>
<w type="DT" lemma="the">the</w>
<w type="NNS" lemma="wearer">wearers</w>
<w type="IN" lemma="of">of</w>
<w type="DT" lemma="the">the</w>
<w type="NP" lemma="Victoria">Victoria</w>
<w type="CC" lemma="or">or</w>
<w type="NP" lemma="George">George</w>
<w type="NP" lemma="Cross">Cross</w>
<w type="RB" lemma="there">there</w>
<w type="VVP" lemma="stand">stand</w>
<w type="NNS" lemma="rank">ranks</w>
<w type="IN" lemma="of">of</w>
<w type="JJ" lemma="unknown">unknown</w>
<pc type="sub">,</pc>
<w type="JJ" lemma="unnamed">unnamed</w>
<w type="NNS" lemma="man">men</w>
<w type="CC" lemma="and">and</w>
<w type="NNS" lemma="woman">women</w>
<pc type="sub">,</pc>
<w type="JJ" lemma="willing">willing</w>
<w type="CC" lemma="and">and</w>
<w type="JJ" lemma="able">able</w>
<pc type="sub">,</pc>
<w type="IN" lemma="if">if</w>
<w type="DT" lemma="the">the</w>
<w type="NN" lemma="call">call</w>
<w type="VVD" lemma="come">came</w>
<pc type="sub">,</pc>
<w type="TO" lemma="to">to</w>
<w type="VV" lemma="render">render</w>
<w type="JJ" lemma="valiant">valiant</w>
<w type="NN" lemma="service">service</w>
<pc type="SENT">.</pc>
</s></p><p><s><w type="PP" lemma="we">We</w>
<w type="VBP" lemma="are">are</w>
<w type="VVN" lemma="amaze">amazed</w>
<w type="IN" lemma="by">by</w>
<w type="DT" lemma="the">the</w>
<w type="JJ" lemma="spectacular">spectacular</w>
<w type="NNS" lemma="discovery">discoveries</w>
<w type="IN" lemma="in">in</w>
<w type="JJ" lemma="scientific">scientific</w>
<w type="NN" lemma="knowledge">knowledge</w>
<pc type="sub">,</pc>
<w type="WDT" lemma="which">which</w>
<w type="MD" lemma="should">should</w>
<w type="VV" lemma="bring">bring</w>
<w type="NN" lemma="comfort">comfort</w>
<w type="CC" lemma="and">and</w>
<w type="NN" lemma="leisure">leisure</w>
<w type="TO" lemma="to">to</w>
<w type="NNS" lemma="million">millions</w>
<pc type="SENT">.</pc>
</s>
<s><w type="PP" lemma="we">We</w>
<w type="VVP" lemma="do">do</w>
<w type="RB" lemma="not">not</w>
<w type="RB" lemma="always">always</w>
<w type="VV" lemma="reflect">reflect</w>
<w type="IN" lemma="that">that</w>
<w type="DT" lemma="these">these</w>
<w type="NNS" lemma="thing">things</w>
<w type="RB" lemma="also">also</w>
<w type="VHP" lemma="have">have</w>
<w type="VVD" lemma="rest">rested</w>
<w type="TO" lemma="to">to</w>
<w type="DT" lemma="some">some</w>
<w type="NN" lemma="extent">extent</w>
<w type="IN" lemma="on">on</w>
<w type="DT" lemma="the">the</w>
<w type="NN" lemma="faithful">faithful</w>
<w type="VVP" lemma="toil">toil</w>
<w type="CC" lemma="and">and</w>
<w type="NN" lemma="devotion">devotion</w>
<w type="TO" lemma="to">to</w>
<w type="NN" lemma="duty">duty</w>
<w type="IN" lemma="of">of</w>
<w type="DT" lemma="the">the</w>
<w type="JJ" lemma="great">great</w>
<w type="NN" lemma="bulk">bulk</w>
<w type="IN" lemma="of">of</w>
<w type="JJ" lemma="ordinary">ordinary</w>
<w type="NNS" lemma="citizen">citizens</w>
<pc type="SENT">.</pc>
</s>
<s><w type="DT" lemma="the">The</w>
<w type="JJ" lemma="upward">upward</w>
<w type="NN" lemma="course">course</w>
<w type="IN" lemma="of">of</w>
<w type="DT" lemma="a">a</w>
<w type="NN" lemma="nation">nation</w>
<w type="POS" lemma="'s">'s</w>
<w type="NN" lemma="history">history</w>
<w type="VBZ" lemma="be">is</w>
<w type="JJ" lemma="due">due</w>
<pc type="sub">,</pc>
<w type="IN" lemma="in">in</w>
<w type="DT" lemma="the">the</w>
<w type="JJ" lemma="long">long</w>
<w type="NN" lemma="run">run</w>
<pc type="sub">,</pc>
<w type="TO" lemma="to">to</w>
<w type="DT" lemma="the">the</w>
<w type="NN" lemma="soundness">soundness</w>
<w type="IN" lemma="of">of</w>
<w type="NN" lemma="heart">heart</w>
<w type="IN" lemma="of">of</w>
<w type="PPs" lemma="its">its</w>
<w type="JJ" lemma="average">average</w>
<w type="NNS" lemma="man">men</w>
<w type="CC" lemma="and">and</w>
<w type="NNS" lemma="woman">women</w>
<pc type="SENT">.</pc>
</s></p><p><s><w type="CC" lemma="and">And</w>
<w type="RB" lemma="so">so</w>
<w type="PP" lemma="it">it</w>
<w type="VBZ" lemma="be">is</w>
<w type="IN" lemma="that">that</w>
<w type="DT" lemma="this">this</w>
<w type="NP" lemma="Christmas">Christmas</w>
<w type="NP" lemma="Day">Day</w>
<w type="PP" lemma="I">I</w>
<w type="VVP" lemma="want">want</w>
<w type="TO" lemma="to">to</w>
<w type="VV" lemma="send">send</w>
<w type="DT" lemma="a">a</w>
<w type="JJ" lemma="special">special</w>
<w type="NN" lemma="message">message</w>
<w type="IN" lemma="of">of</w>
<w type="NN" lemma="encouragement">encouragement</w>
<w type="CC" lemma="and">and</w>
<w type="JJ" lemma="good">good</w>
<w type="NN" lemma="cheer">cheer</w>
<w type="TO" lemma="to">to</w>
<w type="DT" lemma="those">those</w>
<w type="IN" lemma="of">of</w>
<w type="PP" lemma="you">you</w>
<w type="WPs" lemma="whose">whose</w>
<w type="NN" lemma="lot">lot</w>
<w type="VBZ" lemma="be">is</w>
<w type="VVN" lemma="cast">cast</w>
<w type="IN" lemma="in">in</w>
<w type="JJ" lemma="dull">dull</w>
<w type="CC" lemma="and">and</w>
<w type="JJ" lemma="XXXX">unenvied</w>
<w type="NN" lemma="surroundings">surroundings</w>
<pc type="sub">,</pc>
<w type="TO" lemma="to">to</w>
<w type="DT" lemma="those">those</w>
<w type="WPs" lemma="whose">whose</w>
<w type="NNS" lemma="name">names</w>
<w type="MD" lemma="will">will</w>
<w type="RB" lemma="never">never</w>
<w type="VB" lemma="be">be</w>
<w type="NN" lemma="household">household</w>
<w type="NNS" lemma="word">words</w>
<pc type="sub">,</pc>
<w type="CC" lemma="but">but</w>
<w type="TO" lemma="to">to</w>
<w type="WPs" lemma="whose">whose</w>
<w type="NN" lemma="work">work</w>
<w type="CC" lemma="and">and</w>
<w type="NN" lemma="loyalty">loyalty</w>
<w type="PP" lemma="we">we</w>
<w type="VVP" lemma="owe">owe</w>
<w type="RB" lemma="so">so</w>
<w type="RB" lemma="much">much</w>
<pc type="SENT">.</pc>
</s></p><p><s><w type="MD" lemma="May">May</w>
<w type="PP" lemma="you">you</w>
<w type="VB" lemma="be">be</w>
<w type="JJ" lemma="proud">proud</w>
<w type="TO" lemma="to">to</w>
<w type="VV" lemma="remember">remember</w>
<pc type="sub">-</pc>
<w type="IN" lemma="as">as</w>
<w type="PP" lemma="I">I</w>
<w type="VBP" lemma="am">am</w>
<w type="PP" lemma="myself">myself</w>
<pc type="sub">-</pc>
<w type="WRB" lemma="how">how</w>
<w type="RB" lemma="much">much</w>
<w type="VVZ" lemma="depend">depends</w>
<w type="IN" lemma="on">on</w>
<w type="PP" lemma="you">you</w>
<w type="CC" lemma="and">and</w>
<w type="IN" lemma="that">that</w>
<w type="RB" lemma="even">even</w>
<w type="WRB" lemma="when">when</w>
<w type="PPs" lemma="your">your</w>
<w type="NN" lemma="life">life</w>
<w type="VVZ" lemma="seem">seems</w>
<w type="RBS" lemma="most">most</w>
<w type="JJ" lemma="monotonous">monotonous</w>
<pc type="sub">,</pc>
<w type="WP" lemma="what">what</w>
<w type="PP" lemma="you">you</w>
<w type="VVP" lemma="do">do</w>
<w type="VBZ" lemma="be">is</w>
<w type="RB" lemma="always">always</w>
<w type="IN" lemma="of">of</w>
<w type="JJ" lemma="real">real</w>
<w type="NN" lemma="value">value</w>
<w type="CC" lemma="and">and</w>
<w type="NN" lemma="importance">importance</w>
<w type="TO" lemma="to">to</w>
<w type="PPs" lemma="your">your</w>
<w type="JJ" lemma="fellow">fellow</w>
<w type="NNS" lemma="man">men</w>
<pc type="SENT">.</pc>
</s></p><p><s><w type="PP" lemma="I">I</w>
<w type="VHP" lemma="have">have</w>
<w type="VVN" lemma="refer">referred</w>
<w type="TO" lemma="to">to</w>
<w type="NP" lemma="Christmas">Christmas</w>
<w type="IN" lemma="as">as</w>
<w type="DT" lemma="the">the</w>
<w type="NP" lemma="Children">Children</w>
<w type="POS" lemma="'s">'s</w>
<w type="NP" lemma="Festival">Festival</w>
<pc type="SENT">.</pc>
</s>
<s><w type="CC" lemma="but">But</w>
<w type="DT" lemma="this">this</w>
<w type="JJ" lemma="lovely">lovely</w>
<w type="NN" lemma="day">day</w>
<w type="VBZ" lemma="be">is</w>
<w type="RB" lemma="not">not</w>
<w type="RB" lemma="only">only</w>
<w type="DT" lemma="a">a</w>
<w type="NN" lemma="time">time</w>
<w type="IN" lemma="for">for</w>
<w type="NN" lemma="family">family</w>
<w type="NNS" lemma="reunion">reunions</w>
<pc type="sub">,</pc>
<w type="IN" lemma="for">for</w>
<w type="NN" lemma="paper">paper</w>
<w type="NNS" lemma="decoration">decorations</w>
<pc type="sub">,</pc>
<w type="IN" lemma="for">for</w>
<w type="NN" lemma="roast">roast</w>
<w type="NN" lemma="turkey">turkey</w>
<w type="CC" lemma="and">and</w>
<w type="JJ" lemma="plum">plum</w>
<w type="NN" lemma="pudding">pudding</w>
<pc type="SENT">.</pc>
</s></p><p><s><w type="PP" lemma="it">It</w>
<w type="VHZ" lemma="have">has</w>
<pc type="sub">,</pc>
<w type="IN" lemma="before">before</w>
<w type="DT" lemma="all">all</w>
<pc type="sub">,</pc>
<w type="PPs" lemma="its">its</w>
<w type="NN" lemma="origin">origin</w>
<w type="IN" lemma="in">in</w>
<w type="DT" lemma="the">the</w>
<w type="NN" lemma="homage">homage</w>
<w type="PP" lemma="we">we</w>
<w type="VVP" lemma="pay">pay</w>
<w type="TO" lemma="to">to</w>
<w type="DT" lemma="a">a</w>
<w type="RB" lemma="very">very</w>
<w type="JJ" lemma="special">special</w>
<w type="NP" lemma="Family">Family</w>
<pc type="sub">,</pc>
<w type="WP" lemma="who">who</w>
<w type="VVD" lemma="live">lived</w>
<w type="RB" lemma="long">long</w>
<w type="RB" lemma="ago">ago</w>
<w type="IN" lemma="in">in</w>
<w type="DT" lemma="a">a</w>
<w type="RB" lemma="very">very</w>
<w type="JJ" lemma="ordinary">ordinary</w>
<w type="NN" lemma="home">home</w>
<pc type="sub">,</pc>
<w type="IN" lemma="in">in</w>
<w type="DT" lemma="a">a</w>
<w type="RB" lemma="very">very</w>
<w type="JJ" lemma="unimportant">unimportant</w>
<w type="NN" lemma="village">village</w>
<w type="IN" lemma="in">in</w>
<w type="DT" lemma="the">the</w>
<w type="NNS" lemma="upland">uplands</w>
<w type="IN" lemma="of">of</w>
<w type="DT" lemma="a">a</w>
<w type="JJ" lemma="small">small</w>
<w type="NP" lemma="Roman">Roman</w>
<w type="NN" lemma="province">province</w>
<pc type="SENT">.</pc>
</s></p><p><s><w type="NN" lemma="life">Life</w>
<w type="IN" lemma="in">in</w>
<w type="PDT" lemma="such">such</w>
<w type="DT" lemma="a">a</w>
<w type="NN" lemma="place">place</w>
<w type="MD" lemma="might">might</w>
<w type="VH" lemma="have">have</w>
<w type="VBN" lemma="be">been</w>
<w type="JJ" lemma="uneventful">uneventful</w>
<pc type="SENT">.</pc>
</s>
<s><w type="CC" lemma="but">But</w>
<w type="DT" lemma="the">the</w>
<w type="NN" lemma="light">Light</w>
<pc type="sub">,</pc>
<w type="VVN" lemma="kindle">kindled</w>
<w type="IN" lemma="in">in</w>
<w type="NP" lemma="Bethlehem">Bethlehem</w>
<w type="CC" lemma="and">and</w>
<w type="RB" lemma="then">then</w>
<w type="VVG" lemma="stream">streaming</w>
<w type="IN" lemma="from">from</w>
<w type="DT" lemma="the">the</w>
<w type="NN" lemma="cottage">cottage</w>
<w type="NN" lemma="window">window</w>
<w type="IN" lemma="in">in</w>
<w type="NP" lemma="Nazareth">Nazareth</w>
<pc type="sub">,</pc>
<w type="VHZ" lemma="have">has</w>
<w type="VVN" lemma="illumine">illumined</w>
<w type="DT" lemma="the">the</w>
<w type="NN" lemma="world">world</w>
<w type="IN" lemma="for">for</w>
<w type="CD" lemma="two">two</w>
<w type="CD" lemma="thousand">thousand</w>
<w type="NNS" lemma="year">years</w>
<pc type="SENT">.</pc>
</s>
<s><w type="PP" lemma="it">It</w>
<w type="VBZ" lemma="be">is</w>
<w type="IN" lemma="in">in</w>
<w type="DT" lemma="the">the</w>
<w type="NN" lemma="glow">glow</w>
<w type="IN" lemma="of">of</w>
<w type="DT" lemma="that">that</w>
<w type="JJ" lemma="bright">bright</w>
<w type="NN" lemma="beam">beam</w>
<w type="IN" lemma="that">that</w>
<w type="PP" lemma="I">I</w>
<w type="VVP" lemma="wish">wish</w>
<w type="PP" lemma="you">you</w>
<w type="PDT" lemma="all">all</w>
<w type="DT" lemma="a">a</w>
<w type="VVN" lemma="bless">blessed</w>
<w type="NP" lemma="Christmas">Christmas</w>
<w type="CC" lemma="and">and</w>
<w type="DT" lemma="a">a</w>
<w type="JJ" lemma="happy">happy</w>
<w type="NP" lemma="New">New</w>
<w type="NN" lemma="year">Year</w>
<pc type="SENT">!</pc>
</s></p></div>