<div n="1957"><head><s><w type="NP" lemma="Christmas">Christmas</w>
<w type="NP" lemma="Broadcast">Broadcast</w>
<w type="CD" lemma="@card@">1957</w>
</s></head><p/><p><s><w type="NP" lemma="Happy">Happy</w>
<w type="NP" lemma="Christmas">Christmas</w>
<pc type="SENT">.</pc>
</s></p><p><s><w type="CD" lemma="Twenty-five">Twenty-five</w>
<w type="NNS" lemma="year">years</w>
<w type="IN" lemma="ago">ago</w>
<w type="PPs" lemma="my">my</w>
<w type="NN" lemma="grandfather">grandfather</w>
<w type="VVD" lemma="broadcast">broadcast</w>
<w type="DT" lemma="the">the</w>
<w type="JJ" lemma="first">first</w>
<w type="IN" lemma="of">of</w>
<w type="DT" lemma="these">these</w>
<w type="NP" lemma="Christmas">Christmas</w>
<w type="NNS" lemma="message">messages</w>
<pc type="SENT">.</pc>
</s>
<s><w type="NN" lemma="today">Today</w>
<w type="VBZ" lemma="be">is</w>
<w type="DT" lemma="another">another</w>
<w type="NN" lemma="landmark">landmark</w>
<w type="IN" lemma="because">because</w>
<w type="NN" lemma="television">television</w>
<w type="VHZ" lemma="have">has</w>
<w type="VVN" lemma="make">made</w>
<w type="PP" lemma="it">it</w>
<w type="JJ" lemma="possible">possible</w>
<w type="IN" lemma="for">for</w>
<w type="JJ" lemma="many">many</w>
<w type="IN" lemma="of">of</w>
<w type="PP" lemma="you">you</w>
<w type="TO" lemma="to">to</w>
<w type="VV" lemma="see">see</w>
<w type="PP" lemma="me">me</w>
<w type="IN" lemma="in">in</w>
<w type="PPs" lemma="your">your</w>
<w type="NNS" lemma="home">homes</w>
<w type="IN" lemma="on">on</w>
<w type="NP" lemma="Christmas">Christmas</w>
<w type="NP" lemma="Day">Day</w>
<pc type="SENT">.</pc>
</s>
<s><w type="PPs" lemma="my">My</w>
<w type="JJ" lemma="own">own</w>
<w type="NN" lemma="family">family</w>
<w type="RB" lemma="often">often</w>
<w type="VV" lemma="gather">gather</w>
<w type="NN" lemma="round">round</w>
<w type="TO" lemma="to">to</w>
<w type="VV" lemma="watch">watch</w>
<w type="NN" lemma="television">television</w>
<w type="IN" lemma="as">as</w>
<w type="PP" lemma="they">they</w>
<w type="VBP" lemma="are">are</w>
<w type="DT" lemma="this">this</w>
<w type="NN" lemma="moment">moment</w>
<pc type="sub">,</pc>
<w type="CC" lemma="and">and</w>
<w type="DT" lemma="that">that</w>
<w type="VBZ" lemma="be">is</w>
<w type="WRB" lemma="how">how</w>
<w type="PP" lemma="I">I</w>
<w type="VVP" lemma="imagine">imagine</w>
<w type="PP" lemma="you">you</w>
<w type="RB" lemma="now">now</w>
<pc type="SENT">.</pc>
</s></p><p><s><w type="PP" lemma="I">I</w>
<w type="RB" lemma="very">very</w>
<w type="RB" lemma="much">much</w>
<w type="VVP" lemma="hope">hope</w>
<w type="IN" lemma="that">that</w>
<w type="DT" lemma="this">this</w>
<w type="JJ" lemma="new">new</w>
<w type="NN" lemma="medium">medium</w>
<w type="MD" lemma="will">will</w>
<w type="VV" lemma="make">make</w>
<w type="PPs" lemma="my">my</w>
<w type="NP" lemma="Christmas">Christmas</w>
<w type="NN" lemma="message">message</w>
<w type="RBR" lemma="more">more</w>
<w type="JJ" lemma="personal">personal</w>
<w type="CC" lemma="and">and</w>
<w type="JJ" lemma="direct">direct</w>
<pc type="SENT">.</pc>
</s></p><p><s><w type="PP" lemma="it">It</w>
<w type="VBZ" lemma="be">is</w>
<w type="JJ" lemma="inevitable">inevitable</w>
<w type="IN" lemma="that">that</w>
<w type="PP" lemma="I">I</w>
<w type="MD" lemma="should">should</w>
<w type="VV" lemma="seem">seem</w>
<w type="DT" lemma="a">a</w>
<w type="RB" lemma="rather">rather</w>
<w type="JJ" lemma="remote">remote</w>
<w type="NN" lemma="figure">figure</w>
<w type="TO" lemma="to">to</w>
<w type="JJ" lemma="many">many</w>
<w type="IN" lemma="of">of</w>
<w type="PP" lemma="you">you</w>
<pc type="SENT">.</pc>
</s>
<s><w type="DT" lemma="a">A</w>
<w type="NN" lemma="successor">successor</w>
<w type="TO" lemma="to">to</w>
<w type="DT" lemma="the">the</w>
<w type="NP" lemma="Kings">Kings</w>
<w type="CC" lemma="and">and</w>
<w type="NP" lemma="Queens">Queens</w>
<w type="IN" lemma="of">of</w>
<w type="NN" lemma="history">history</w>
<pc type="sub">;</pc>
<w type="NN" lemma="someone">someone</w>
<w type="WPs" lemma="whose">whose</w>
<w type="NN" lemma="face">face</w>
<w type="MD" lemma="may">may</w>
<w type="VB" lemma="be">be</w>
<w type="JJ" lemma="familiar">familiar</w>
<w type="IN" lemma="in">in</w>
<w type="NNS" lemma="newspaper">newspapers</w>
<w type="CC" lemma="and">and</w>
<w type="NNS" lemma="film">films</w>
<w type="CC" lemma="but">but</w>
<w type="WP" lemma="who">who</w>
<w type="RB" lemma="never">never</w>
<w type="RB" lemma="really">really</w>
<w type="VVZ" lemma="touch">touches</w>
<w type="PPs" lemma="your">your</w>
<w type="JJ" lemma="personal">personal</w>
<w type="NNS" lemma="life">lives</w>
<pc type="SENT">.</pc>
</s>
<s><w type="CC" lemma="but">But</w>
<w type="RB" lemma="now">now</w>
<w type="IN" lemma="at">at</w>
<w type="JJS" lemma="least">least</w>
<w type="IN" lemma="for">for</w>
<w type="DT" lemma="a">a</w>
<w type="JJ" lemma="few">few</w>
<w type="NNS" lemma="minute">minutes</w>
<w type="PP" lemma="I">I</w>
<w type="VVP" lemma="welcome">welcome</w>
<w type="PP" lemma="you">you</w>
<w type="TO" lemma="to">to</w>
<w type="DT" lemma="the">the</w>
<w type="NN" lemma="peace">peace</w>
<w type="IN" lemma="of">of</w>
<w type="PPs" lemma="my">my</w>
<w type="JJ" lemma="own">own</w>
<w type="NN" lemma="home">home</w>
<pc type="SENT">.</pc>
</s></p><p><s><w type="IN" lemma="that">That</w>
<w type="PP" lemma="it">it</w>
<w type="VBZ" lemma="be">is</w>
<w type="JJ" lemma="possible">possible</w>
<w type="IN" lemma="for">for</w>
<w type="DT" lemma="some">some</w>
<w type="IN" lemma="of">of</w>
<w type="PP" lemma="you">you</w>
<w type="TO" lemma="to">to</w>
<w type="VV" lemma="see">see</w>
<w type="PP" lemma="me">me</w>
<w type="NN" lemma="today">today</w>
<w type="VBZ" lemma="be">is</w>
<w type="RB" lemma="just">just</w>
<w type="DT" lemma="another">another</w>
<w type="NN" lemma="example">example</w>
<w type="IN" lemma="of">of</w>
<w type="DT" lemma="the">the</w>
<w type="NN" lemma="speed">speed</w>
<w type="IN" lemma="at">at</w>
<w type="WDT" lemma="which">which</w>
<w type="NNS" lemma="thing">things</w>
<w type="VBP" lemma="are">are</w>
<w type="VVG" lemma="change">changing</w>
<w type="RB" lemma="all">all</w>
<w type="IN" lemma="around">around</w>
<w type="PP" lemma="us">us</w>
<pc type="SENT">.</pc>
</s>
<s><w type="IN" lemma="because">Because</w>
<w type="IN" lemma="of">of</w>
<w type="DT" lemma="these">these</w>
<w type="NNS" lemma="change">changes</w>
<w type="PP" lemma="I">I</w>
<w type="VBP" lemma="am">am</w>
<w type="RB" lemma="not">not</w>
<w type="VVN" lemma="surprise">surprised</w>
<w type="IN" lemma="that">that</w>
<w type="JJ" lemma="many">many</w>
<w type="NNS" lemma="people">people</w>
<w type="VVP" lemma="feel">feel</w>
<w type="JJ" lemma="lost">lost</w>
<w type="CC" lemma="and">and</w>
<w type="JJ" lemma="unable">unable</w>
<w type="TO" lemma="to">to</w>
<w type="VV" lemma="decide">decide</w>
<w type="WP" lemma="what">what</w>
<w type="TO" lemma="to">to</w>
<w type="VV" lemma="hold">hold</w>
<w type="IN" lemma="on">on</w>
<w type="TO" lemma="to">to</w>
<w type="CC" lemma="and">and</w>
<w type="WP" lemma="what">what</w>
<w type="TO" lemma="to">to</w>
<w type="VV" lemma="discard">discard</w>
<pc type="SENT">.</pc>
</s>
<s><w type="WRB" lemma="How">How</w>
<w type="TO" lemma="to">to</w>
<w type="VV" lemma="take">take</w>
<w type="NN" lemma="advantage">advantage</w>
<w type="IN" lemma="of">of</w>
<w type="DT" lemma="the">the</w>
<w type="JJ" lemma="new">new</w>
<w type="NN" lemma="life">life</w>
<w type="IN" lemma="without">without</w>
<w type="VVG" lemma="lose">losing</w>
<w type="DT" lemma="the">the</w>
<w type="JJS" lemma="good">best</w>
<w type="IN" lemma="of">of</w>
<w type="DT" lemma="the">the</w>
<w type="JJ" lemma="old">old</w>
<pc type="SENT">.</pc>
</s></p><p><s><w type="CC" lemma="but">But</w>
<w type="PP" lemma="it">it</w>
<w type="VBZ" lemma="be">is</w>
<w type="RB" lemma="not">not</w>
<w type="DT" lemma="the">the</w>
<w type="JJ" lemma="new">new</w>
<w type="NNS" lemma="invention">inventions</w>
<w type="WDT" lemma="which">which</w>
<w type="VBP" lemma="are">are</w>
<w type="DT" lemma="the">the</w>
<w type="NN" lemma="difficulty">difficulty</w>
<pc type="SENT">.</pc>
</s>
<s><w type="DT" lemma="the">The</w>
<w type="NN" lemma="trouble">trouble</w>
<w type="VBZ" lemma="be">is</w>
<w type="VVN" lemma="cause">caused</w>
<w type="IN" lemma="by">by</w>
<w type="JJ" lemma="unthinking">unthinking</w>
<w type="NNS" lemma="people">people</w>
<w type="WP" lemma="who">who</w>
<w type="RB" lemma="carelessly">carelessly</w>
<w type="VV" lemma="throw">throw</w>
<w type="RP" lemma="away">away</w>
<w type="JJ" lemma="ageless">ageless</w>
<w type="NNS" lemma="ideal">ideals</w>
<w type="IN" lemma="as">as</w>
<w type="IN" lemma="if">if</w>
<w type="PP" lemma="they">they</w>
<w type="VBD" lemma="be">were</w>
<w type="JJ" lemma="old">old</w>
<w type="CC" lemma="and">and</w>
<w type="VVN" lemma="outwear">outworn</w>
<w type="NN" lemma="machinery">machinery</w>
<pc type="SENT">.</pc>
</s></p><p><s><w type="PP" lemma="they">They</w>
<w type="MD" lemma="would">would</w>
<w type="VH" lemma="have">have</w>
<w type="NN" lemma="religion">religion</w>
<w type="VVN" lemma="throw">thrown</w>
<w type="RB" lemma="aside">aside</w>
<pc type="sub">,</pc>
<w type="NN" lemma="morality">morality</w>
<w type="IN" lemma="in">in</w>
<w type="JJ" lemma="personal">personal</w>
<w type="CC" lemma="and">and</w>
<w type="JJ" lemma="public">public</w>
<w type="NN" lemma="life">life</w>
<w type="VVD" lemma="make">made</w>
<w type="JJ" lemma="meaningless">meaningless</w>
<pc type="sub">,</pc>
<w type="RB" lemma="honestly">honestly</w>
<w type="VVN" lemma="count">counted</w>
<w type="IN" lemma="as">as</w>
<w type="NN" lemma="foolishness">foolishness</w>
<w type="CC" lemma="and">and</w>
<w type="NN" lemma="self-interest">self-interest</w>
<w type="VVN" lemma="set">set</w>
<w type="RP" lemma="up">up</w>
<w type="IN" lemma="in">in</w>
<w type="NN" lemma="place">place</w>
<w type="IN" lemma="of">of</w>
<w type="NN" lemma="self-restraint">self-restraint</w>
<pc type="SENT">.</pc>
</s></p><p><s><w type="IN" lemma="at">At</w>
<w type="DT" lemma="this">this</w>
<w type="JJ" lemma="critical">critical</w>
<w type="NN" lemma="moment">moment</w>
<w type="IN" lemma="in">in</w>
<w type="PPs" lemma="our">our</w>
<w type="NN" lemma="history">history</w>
<w type="PP" lemma="we">we</w>
<w type="MD" lemma="will">will</w>
<w type="RB" lemma="certainly">certainly</w>
<w type="VV" lemma="lose">lose</w>
<w type="DT" lemma="the">the</w>
<w type="NN" lemma="trust">trust</w>
<w type="CC" lemma="and">and</w>
<w type="NN" lemma="respect">respect</w>
<w type="IN" lemma="of">of</w>
<w type="DT" lemma="the">the</w>
<w type="NN" lemma="world">world</w>
<w type="IN" lemma="if">if</w>
<w type="PP" lemma="we">we</w>
<w type="RB" lemma="just">just</w>
<w type="VV" lemma="abandon">abandon</w>
<w type="DT" lemma="those">those</w>
<w type="JJ" lemma="fundamental">fundamental</w>
<w type="NNS" lemma="principle">principles</w>
<w type="WDT" lemma="which">which</w>
<w type="VVD" lemma="guide">guided</w>
<w type="DT" lemma="the">the</w>
<w type="NNS" lemma="man">men</w>
<w type="CC" lemma="and">and</w>
<w type="NNS" lemma="woman">women</w>
<w type="WP" lemma="who">who</w>
<w type="VVD" lemma="build">built</w>
<w type="DT" lemma="the">the</w>
<w type="NN" lemma="greatness">greatness</w>
<w type="IN" lemma="of">of</w>
<w type="DT" lemma="this">this</w>
<w type="NN" lemma="country">country</w>
<w type="CC" lemma="and">and</w>
<w type="NP" lemma="Commonwealth">Commonwealth</w>
<pc type="SENT">.</pc>
</s></p><p><s><w type="NN" lemma="today">Today</w>
<w type="PP" lemma="we">we</w>
<w type="VVP" lemma="need">need</w>
<w type="DT" lemma="a">a</w>
<w type="JJ" lemma="special">special</w>
<w type="NN" lemma="kind">kind</w>
<w type="IN" lemma="of">of</w>
<w type="NN" lemma="courage">courage</w>
<pc type="sub">,</pc>
<w type="RB" lemma="not">not</w>
<w type="DT" lemma="the">the</w>
<w type="NN" lemma="kind">kind</w>
<w type="VVN" lemma="need">needed</w>
<w type="IN" lemma="in">in</w>
<w type="NN" lemma="battle">battle</w>
<w type="CC" lemma="but">but</w>
<w type="DT" lemma="a">a</w>
<w type="NN" lemma="kind">kind</w>
<w type="WDT" lemma="which">which</w>
<w type="VVZ" lemma="make">makes</w>
<w type="PP" lemma="us">us</w>
<w type="VVP" lemma="stand">stand</w>
<w type="RP" lemma="up">up</w>
<w type="IN" lemma="for">for</w>
<w type="NN" lemma="everything">everything</w>
<w type="IN" lemma="that">that</w>
<w type="PP" lemma="we">we</w>
<w type="VVP" lemma="know">know</w>
<w type="VBZ" lemma="be">is</w>
<w type="JJ" lemma="right">right</w>
<pc type="sub">,</pc>
<w type="NN" lemma="everything">everything</w>
<w type="WDT" lemma="that">that</w>
<w type="VBZ" lemma="be">is</w>
<w type="JJ" lemma="true">true</w>
<w type="CC" lemma="and">and</w>
<w type="JJ" lemma="honest">honest</w>
<pc type="SENT">.</pc>
</s>
<s><w type="PP" lemma="we">We</w>
<w type="VVP" lemma="need">need</w>
<w type="DT" lemma="the">the</w>
<w type="NN" lemma="kind">kind</w>
<w type="IN" lemma="of">of</w>
<w type="NN" lemma="courage">courage</w>
<w type="WDT" lemma="that">that</w>
<w type="MD" lemma="can">can</w>
<w type="VV" lemma="withstand">withstand</w>
<w type="DT" lemma="the">the</w>
<w type="JJ" lemma="subtle">subtle</w>
<w type="NN" lemma="corruption">corruption</w>
<w type="IN" lemma="of">of</w>
<w type="DT" lemma="the">the</w>
<w type="NNS" lemma="cynic">cynics</w>
<w type="RB" lemma="so">so</w>
<w type="IN" lemma="that">that</w>
<w type="PP" lemma="we">we</w>
<w type="MD" lemma="can">can</w>
<w type="VV" lemma="show">show</w>
<w type="DT" lemma="the">the</w>
<w type="NN" lemma="world">world</w>
<w type="IN" lemma="that">that</w>
<w type="PP" lemma="we">we</w>
<w type="VBP" lemma="are">are</w>
<w type="RB" lemma="not">not</w>
<w type="JJ" lemma="afraid">afraid</w>
<w type="IN" lemma="of">of</w>
<w type="DT" lemma="the">the</w>
<w type="NN" lemma="future">future</w>
<pc type="SENT">.</pc>
</s></p><p><s><w type="PP" lemma="it">It</w>
<w type="VHZ" lemma="have">has</w>
<w type="RB" lemma="always">always</w>
<w type="VBN" lemma="be">been</w>
<w type="JJ" lemma="easy">easy</w>
<w type="TO" lemma="to">to</w>
<w type="VV" lemma="hate">hate</w>
<w type="CC" lemma="and">and</w>
<w type="VV" lemma="destroy">destroy</w>
<pc type="SENT">.</pc>
</s>
<s><w type="TO" lemma="To">To</w>
<w type="VV" lemma="build">build</w>
<w type="CC" lemma="and">and</w>
<w type="TO" lemma="to">to</w>
<w type="VV" lemma="cherish">cherish</w>
<w type="VBZ" lemma="be">is</w>
<w type="RB" lemma="much">much</w>
<w type="RBR" lemma="more">more</w>
<w type="JJ" lemma="difficult">difficult</w>
<pc type="SENT">.</pc>
</s>
<s><w type="DT" lemma="that">That</w>
<w type="VBZ" lemma="be">is</w>
<w type="WRB" lemma="why">why</w>
<w type="PP" lemma="we">we</w>
<w type="MD" lemma="can">can</w>
<w type="VV" lemma="take">take</w>
<w type="DT" lemma="a">a</w>
<w type="NN" lemma="pride">pride</w>
<w type="IN" lemma="in">in</w>
<w type="DT" lemma="the">the</w>
<w type="JJ" lemma="new">new</w>
<w type="NN" lemma="commonwealth">Commonwealth</w>
<w type="PP" lemma="we">we</w>
<w type="VBP" lemma="are">are</w>
<w type="VVG" lemma="build">building</w>
<pc type="SENT">.</pc>
</s></p><p><s><w type="DT" lemma="this">This</w>
<w type="NN" lemma="year">year</w>
<w type="NP" lemma="Ghana">Ghana</w>
<w type="CC" lemma="and">and</w>
<w type="NP" lemma="Malaya">Malaya</w>
<w type="VVD" lemma="join">joined</w>
<w type="PPs" lemma="our">our</w>
<w type="NN" lemma="brotherhood">brotherhood</w>
<pc type="SENT">.</pc>
</s>
<s><w type="CC" lemma="both">Both</w>
<w type="DT" lemma="these">these</w>
<w type="NNS" lemma="country">countries</w>
<w type="VBP" lemma="are">are</w>
<w type="RB" lemma="now">now</w>
<w type="RB" lemma="entirely">entirely</w>
<w type="VVG" lemma="self-govern">self-governing</w>
<pc type="SENT">.</pc>
</s>
<s><w type="DT" lemma="both">Both</w>
<w type="VVD" lemma="achieve">achieved</w>
<w type="PPs" lemma="their">their</w>
<w type="JJ" lemma="new">new</w>
<w type="NN" lemma="status">status</w>
<w type="RB" lemma="amicably">amicably</w>
<w type="CC" lemma="and">and</w>
<w type="RB" lemma="peacefully">peacefully</w>
<pc type="SENT">.</pc>
</s></p><p><s><w type="DT" lemma="this">This</w>
<w type="NN" lemma="advance">advance</w>
<w type="VBZ" lemma="be">is</w>
<w type="DT" lemma="a">a</w>
<w type="JJ" lemma="wonderful">wonderful</w>
<w type="NN" lemma="tribute">tribute</w>
<w type="TO" lemma="to">to</w>
<w type="DT" lemma="the">the</w>
<w type="NNS" lemma="effort">efforts</w>
<w type="IN" lemma="of">of</w>
<w type="NNS" lemma="man">men</w>
<w type="IN" lemma="of">of</w>
<w type="NN" lemma="goodwill">goodwill</w>
<w type="WP" lemma="who">who</w>
<w type="VHP" lemma="have">have</w>
<w type="VVN" lemma="work">worked</w>
<w type="RB" lemma="together">together</w>
<w type="IN" lemma="as">as</w>
<w type="NNS" lemma="friend">friends</w>
<pc type="sub">,</pc>
<w type="CC" lemma="and">and</w>
<w type="PP" lemma="I">I</w>
<w type="VVP" lemma="welcome">welcome</w>
<w type="DT" lemma="these">these</w>
<w type="CD" lemma="two">two</w>
<w type="NNS" lemma="country">countries</w>
<w type="IN" lemma="with">with</w>
<w type="PDT" lemma="all">all</w>
<w type="PPs" lemma="my">my</w>
<w type="NN" lemma="heart">heart</w>
<pc type="SENT">.</pc>
</s></p><p><s><w type="JJ" lemma="last">Last</w>
<w type="NP" lemma="October">October</w>
<w type="PP" lemma="I">I</w>
<w type="VVD" lemma="open">opened</w>
<w type="DT" lemma="the">the</w>
<w type="JJ" lemma="new">new</w>
<w type="NP" lemma="Canadian">Canadian</w>
<w type="NP" lemma="Parliament">Parliament</w>
<pc type="sub">,</pc>
<w type="CC" lemma="and">and</w>
<w type="IN" lemma="as">as</w>
<w type="PP" lemma="you">you</w>
<w type="VVP" lemma="know">know</w>
<w type="DT" lemma="this">this</w>
<w type="VBD" lemma="be">was</w>
<w type="DT" lemma="the">the</w>
<w type="JJ" lemma="first">first</w>
<w type="NN" lemma="time">time</w>
<w type="IN" lemma="that">that</w>
<w type="DT" lemma="any">any</w>
<w type="NP" lemma="Sovereign">Sovereign</w>
<w type="VHD" lemma="have">had</w>
<w type="VVN" lemma="do">done</w>
<w type="RB" lemma="so">so</w>
<w type="IN" lemma="in">in</w>
<w type="NP" lemma="Ottawa">Ottawa</w>
<pc type="SENT">.</pc>
</s>
<s><w type="RB" lemma="once">Once</w>
<w type="RB" lemma="again">again</w>
<w type="PP" lemma="I">I</w>
<w type="VBD" lemma="be">was</w>
<w type="VVN" lemma="overwhelm">overwhelmed</w>
<w type="IN" lemma="by">by</w>
<w type="DT" lemma="the">the</w>
<w type="NN" lemma="loyalty">loyalty</w>
<w type="CC" lemma="and">and</w>
<w type="NN" lemma="enthusiasm">enthusiasm</w>
<w type="IN" lemma="of">of</w>
<w type="PPs" lemma="my">my</w>
<w type="JJ" lemma="Canadian">Canadian</w>
<w type="NNS" lemma="people">people</w>
<pc type="SENT">.</pc>
</s></p><p><s><w type="RB" lemma="also">Also</w>
<w type="IN" lemma="during">during</w>
<w type="CD" lemma="@card@">1957</w>
<w type="PPs" lemma="my">my</w>
<w type="NN" lemma="husband">husband</w>
<w type="CC" lemma="and">and</w>
<w type="PP" lemma="I">I</w>
<w type="VVD" lemma="pay">paid</w>
<w type="NNS" lemma="visit">visits</w>
<w type="TO" lemma="to">to</w>
<w type="NP" lemma="Portugal">Portugal</w>
<pc type="sub">,</pc>
<w type="NP" lemma="France">France</w>
<pc type="sub">,</pc>
<w type="NP" lemma="Denmark">Denmark</w>
<w type="CC" lemma="and">and</w>
<w type="DT" lemma="the">the</w>
<w type="NP" lemma="United">United</w>
<w type="NPS" lemma="States">States</w>
<w type="IN" lemma="of">of</w>
<w type="NP" lemma="America">America</w>
<pc type="SENT">.</pc>
</s>
<s><w type="IN" lemma="in">In</w>
<w type="DT" lemma="each">each</w>
<w type="NN" lemma="case">case</w>
<w type="DT" lemma="the">the</w>
<w type="NNS" lemma="arrangement">arrangements</w>
<w type="CC" lemma="and">and</w>
<w type="NNS" lemma="formality">formalities</w>
<w type="VBD" lemma="be">were</w>
<w type="VVN" lemma="manage">managed</w>
<w type="IN" lemma="with">with</w>
<w type="JJ" lemma="great">great</w>
<w type="NN" lemma="skill">skill</w>
<w type="CC" lemma="but">but</w>
<w type="DT" lemma="no">no</w>
<w type="NN" lemma="one">one</w>
<w type="MD" lemma="could">could</w>
<w type="VH" lemma="have">have</w>
<w type="VVN" lemma="XXXX">'managed</w>
<pc type="cq">'</pc>
<w type="DT" lemma="the">the</w>
<w type="NN" lemma="welcome">welcome</w>
<w type="PP" lemma="we">we</w>
<w type="VVD" lemma="receive">received</w>
<w type="IN" lemma="from">from</w>
<w type="DT" lemma="the">the</w>
<w type="NNS" lemma="people">people</w>
<pc type="SENT">.</pc>
</s></p><p><s><w type="IN" lemma="in">In</w>
<w type="DT" lemma="each">each</w>
<w type="NN" lemma="country">country</w>
<w type="PP" lemma="I">I</w>
<w type="VBD" lemma="be">was</w>
<w type="VVN" lemma="welcome">welcomed</w>
<w type="IN" lemma="as">as</w>
<w type="NP" lemma="Head">Head</w>
<w type="IN" lemma="of">of</w>
<w type="DT" lemma="the">the</w>
<w type="NP" lemma="Commonwealth">Commonwealth</w>
<w type="CC" lemma="and">and</w>
<w type="IN" lemma="as">as</w>
<w type="PPs" lemma="your">your</w>
<w type="NN" lemma="representative">representative</w>
<pc type="SENT">.</pc>
</s>
<s><w type="DT" lemma="these">These</w>
<w type="NNS" lemma="nation">nations</w>
<w type="VBP" lemma="are">are</w>
<w type="PPs" lemma="our">our</w>
<w type="NNS" lemma="friend">friends</w>
<w type="RB" lemma="largely">largely</w>
<w type="IN" lemma="because">because</w>
<w type="PP" lemma="we">we</w>
<w type="VHP" lemma="have">have</w>
<w type="RB" lemma="always">always</w>
<w type="VVN" lemma="try">tried</w>
<w type="TO" lemma="to">to</w>
<w type="VV" lemma="do">do</w>
<w type="PPs" lemma="our">our</w>
<w type="JJS" lemma="good">best</w>
<w type="TO" lemma="to">to</w>
<w type="VB" lemma="be">be</w>
<w type="JJ" lemma="honest">honest</w>
<w type="CC" lemma="and">and</w>
<w type="RB" lemma="kindly">kindly</w>
<w type="CC" lemma="and">and</w>
<w type="IN" lemma="because">because</w>
<w type="PP" lemma="we">we</w>
<w type="VHP" lemma="have">have</w>
<w type="VVN" lemma="try">tried</w>
<w type="TO" lemma="to">to</w>
<w type="VV" lemma="stand">stand</w>
<w type="RP" lemma="up">up</w>
<w type="IN" lemma="for">for</w>
<w type="WP" lemma="what">what</w>
<w type="PP" lemma="we">we</w>
<w type="VVP" lemma="believe">believe</w>
<w type="TO" lemma="to">to</w>
<w type="VB" lemma="be">be</w>
<w type="JJ" lemma="right">right</w>
<pc type="SENT">.</pc>
</s></p><p><s><w type="IN" lemma="in">In</w>
<w type="DT" lemma="the">the</w>
<w type="JJ" lemma="old">old</w>
<w type="NNS" lemma="day">days</w>
<w type="DT" lemma="the">the</w>
<w type="NN" lemma="monarch">monarch</w>
<w type="VVD" lemma="lead">led</w>
<w type="PPs" lemma="his">his</w>
<w type="NNS" lemma="soldier">soldiers</w>
<w type="IN" lemma="on">on</w>
<w type="DT" lemma="the">the</w>
<w type="NN" lemma="battlefield">battlefield</w>
<w type="CC" lemma="and">and</w>
<w type="PPs" lemma="his">his</w>
<w type="NN" lemma="leadership">leadership</w>
<w type="IN" lemma="at">at</w>
<w type="DT" lemma="all">all</w>
<w type="NNS" lemma="time">times</w>
<w type="VBD" lemma="be">was</w>
<w type="JJ" lemma="close">close</w>
<w type="CC" lemma="and">and</w>
<w type="JJ" lemma="personal">personal</w>
<pc type="SENT">.</pc>
</s></p><p><s><w type="NN" lemma="today">Today</w>
<w type="NNS" lemma="thing">things</w>
<w type="VBP" lemma="are">are</w>
<w type="RB" lemma="very">very</w>
<w type="JJ" lemma="different">different</w>
<pc type="SENT">.</pc>
</s>
<s><w type="PP" lemma="I">I</w>
<w type="NN" lemma="XXXX">cannot</w>
<w type="VV" lemma="lead">lead</w>
<w type="PP" lemma="you">you</w>
<w type="IN" lemma="into">into</w>
<w type="NN" lemma="battle">battle</w>
<pc type="sub">,</pc>
<w type="PP" lemma="I">I</w>
<w type="VVP" lemma="do">do</w>
<w type="RB" lemma="not">not</w>
<w type="VV" lemma="give">give</w>
<w type="PP" lemma="you">you</w>
<w type="NNS" lemma="law">laws</w>
<w type="CC" lemma="or">or</w>
<w type="VV" lemma="administer">administer</w>
<w type="NN" lemma="justice">justice</w>
<w type="CC" lemma="but">but</w>
<w type="PP" lemma="I">I</w>
<w type="MD" lemma="can">can</w>
<w type="VV" lemma="do">do</w>
<w type="NN" lemma="something">something</w>
<w type="RB" lemma="else">else</w>
<pc type="sub">,</pc>
<w type="PP" lemma="I">I</w>
<w type="MD" lemma="can">can</w>
<w type="VV" lemma="give">give</w>
<w type="PP" lemma="you">you</w>
<w type="PPs" lemma="my">my</w>
<w type="NN" lemma="heart">heart</w>
<w type="CC" lemma="and">and</w>
<w type="PPs" lemma="my">my</w>
<w type="NN" lemma="devotion">devotion</w>
<w type="TO" lemma="to">to</w>
<w type="DT" lemma="these">these</w>
<w type="JJ" lemma="old">old</w>
<w type="NNS" lemma="island">islands</w>
<w type="CC" lemma="and">and</w>
<w type="TO" lemma="to">to</w>
<w type="PDT" lemma="all">all</w>
<w type="DT" lemma="the">the</w>
<w type="NNS" lemma="people">peoples</w>
<w type="IN" lemma="of">of</w>
<w type="PPs" lemma="our">our</w>
<w type="NN" lemma="brotherhood">brotherhood</w>
<w type="IN" lemma="of">of</w>
<w type="NNS" lemma="nation">nations</w>
<pc type="SENT">.</pc>
</s></p><p><s><w type="PP" lemma="I">I</w>
<w type="VVP" lemma="believe">believe</w>
<w type="IN" lemma="in">in</w>
<w type="PPs" lemma="our">our</w>
<w type="NNS" lemma="quality">qualities</w>
<w type="CC" lemma="and">and</w>
<w type="IN" lemma="in">in</w>
<w type="PPs" lemma="our">our</w>
<w type="NN" lemma="strength">strength</w>
<pc type="sub">,</pc>
<w type="PP" lemma="I">I</w>
<w type="VVP" lemma="believe">believe</w>
<w type="IN" lemma="that">that</w>
<w type="RB" lemma="together">together</w>
<w type="PP" lemma="we">we</w>
<w type="MD" lemma="can">can</w>
<w type="VV" lemma="set">set</w>
<w type="DT" lemma="an">an</w>
<w type="NN" lemma="example">example</w>
<w type="TO" lemma="to">to</w>
<w type="DT" lemma="the">the</w>
<w type="NN" lemma="world">world</w>
<w type="WDT" lemma="which">which</w>
<w type="MD" lemma="will">will</w>
<w type="VV" lemma="encourage">encourage</w>
<w type="JJ" lemma="upright">upright</w>
<w type="NNS" lemma="people">people</w>
<w type="RB" lemma="everywhere">everywhere</w>
<pc type="SENT">.</pc>
</s></p><p><s><w type="PP" lemma="I">I</w>
<w type="MD" lemma="would">would</w>
<w type="VV" lemma="like">like</w>
<w type="TO" lemma="to">to</w>
<w type="VV" lemma="read">read</w>
<w type="PP" lemma="you">you</w>
<w type="DT" lemma="a">a</w>
<w type="JJ" lemma="few">few</w>
<w type="NNS" lemma="line">lines</w>
<w type="IN" lemma="from">from</w>
<w type="NP" lemma="XXXX">'Pilgrim</w>
<w type="POS" lemma="'s">'s</w>
<w type="NP" lemma="Progress">Progress</w>
<w type="POS" lemma="'">'</w>
<pc type="sub">,</pc>
<w type="IN" lemma="because">because</w>
<w type="PP" lemma="I">I</w>
<w type="VBP" lemma="am">am</w>
<w type="JJ" lemma="sure">sure</w>
<w type="PP" lemma="we">we</w>
<w type="MD" lemma="can">can</w>
<w type="VV" lemma="say">say</w>
<w type="IN" lemma="with">with</w>
<w type="NP" lemma="Mr">Mr</w>
<w type="NP" lemma="Valiant">Valiant</w>
<w type="IN" lemma="for">for</w>
<w type="NP" lemma="XXXX">Truth</w>
<pc type="sub">,</pc>
<w type="DT" lemma="these">these</w>
<w type="NNS" lemma="word">words</w>
<pc type="sub">:</pc>
</s></p><p><s><pc type="oq">"</pc>
<w type="RB" lemma="though">Though</w>
<w type="IN" lemma="with">with</w>
<w type="JJ" lemma="great">great</w>
<w type="NN" lemma="difficulty">difficulty</w>
<w type="PP" lemma="I">I</w>
<w type="VBP" lemma="am">am</w>
<w type="VVN" lemma="get">got</w>
<w type="RB" lemma="hither">hither</w>
<pc type="sub">,</pc>
<w type="RB" lemma="yet">yet</w>
<w type="RB" lemma="now">now</w>
<w type="PP" lemma="I">I</w>
<w type="VVP" lemma="do">do</w>
<w type="RB" lemma="not">not</w>
<w type="VV" lemma="repent">repent</w>
<w type="PP" lemma="me">me</w>
<w type="IN" lemma="of">of</w>
<w type="PDT" lemma="all">all</w>
<w type="DT" lemma="the">the</w>
<w type="NN" lemma="trouble">trouble</w>
<w type="PP" lemma="I">I</w>
<w type="VHP" lemma="have">have</w>
<w type="VBN" lemma="be">been</w>
<w type="IN" lemma="at">at</w>
<w type="TO" lemma="to">to</w>
<w type="VV" lemma="arrive">arrive</w>
<w type="WRB" lemma="where">where</w>
<w type="PP" lemma="I">I</w>
<w type="VBP" lemma="am">am</w>
<pc type="SENT">.</pc>
</s>
<s><w type="PPs" lemma="my">My</w>
<w type="NN" lemma="sword">sword</w>
<w type="PP" lemma="I">I</w>
<w type="VVP" lemma="give">give</w>
<w type="TO" lemma="to">to</w>
<w type="PP" lemma="him">him</w>
<w type="WDT" lemma="that">that</w>
<w type="MD" lemma="shall">shall</w>
<w type="VV" lemma="succeed">succeed</w>
<w type="PP" lemma="me">me</w>
<w type="IN" lemma="in">in</w>
<w type="PPs" lemma="my">my</w>
<w type="NN" lemma="pilgrimage">pilgrimage</w>
<w type="CC" lemma="and">and</w>
<w type="PPs" lemma="my">my</w>
<w type="NN" lemma="courage">courage</w>
<w type="CC" lemma="and">and</w>
<w type="NN" lemma="skill">skill</w>
<w type="TO" lemma="to">to</w>
<w type="PP" lemma="him">him</w>
<w type="WDT" lemma="that">that</w>
<w type="MD" lemma="can">can</w>
<w type="VV" lemma="get">get</w>
<w type="PP" lemma="it">it</w>
<pc type="SENT">.</pc>
</s>
<s><w type="PPs" lemma="my">My</w>
<w type="NNS" lemma="mark">marks</w>
<w type="CC" lemma="and">and</w>
<w type="NNS" lemma="scar">scars</w>
<w type="PP" lemma="I">I</w>
<w type="VVP" lemma="carry">carry</w>
<w type="IN" lemma="with">with</w>
<w type="PP" lemma="me">me</w>
<pc type="sub">,</pc>
<w type="TO" lemma="to">to</w>
<w type="VB" lemma="be">be</w>
<w type="DT" lemma="a">a</w>
<w type="NN" lemma="witness">witness</w>
<w type="IN" lemma="for">for</w>
<w type="PP" lemma="me">me</w>
<w type="IN" lemma="that">that</w>
<w type="PP" lemma="I">I</w>
<w type="VHP" lemma="have">have</w>
<w type="VVN" lemma="fight">fought</w>
<w type="PPs" lemma="his">his</w>
<w type="NNS" lemma="battle">battles</w>
<w type="WP" lemma="who">who</w>
<w type="RB" lemma="now">now</w>
<w type="MD" lemma="will">will</w>
<w type="VB" lemma="be">be</w>
<w type="PPs" lemma="my">my</w>
<w type="NN" lemma="rewarder">rewarder</w>
<pc type="SENT">.</pc>
<pc type="oq">"</pc>
</s></p><p><s><w type="PP" lemma="I">I</w>
<w type="VVP" lemma="hope">hope</w>
<w type="IN" lemma="that">that</w>
<w type="CD" lemma="@card@">1958</w>
<w type="MD" lemma="may">may</w>
<w type="VV" lemma="bring">bring</w>
<w type="PP" lemma="you">you</w>
<w type="NP" lemma="God">God</w>
<w type="POS" lemma="'s">'s</w>
<w type="NN" lemma="blessing">blessing</w>
<w type="CC" lemma="and">and</w>
<w type="PDT" lemma="all">all</w>
<w type="DT" lemma="the">the</w>
<w type="NNS" lemma="thing">things</w>
<w type="PP" lemma="you">you</w>
<w type="RB" lemma="long">long</w>
<w type="IN" lemma="for">for</w>
<pc type="SENT">.</pc>
</s></p><p><s><w type="CC" lemma="and">And</w>
<w type="RB" lemma="so">so</w>
<w type="PP" lemma="I">I</w>
<w type="VVP" lemma="wish">wish</w>
<w type="PP" lemma="you">you</w>
<w type="DT" lemma="all">all</w>
<pc type="sub">,</pc>
<w type="JJ" lemma="young">young</w>
<w type="CC" lemma="and">and</w>
<w type="JJ" lemma="old">old</w>
<pc type="sub">,</pc>
<w type="WRB" lemma="wherever">wherever</w>
<w type="PP" lemma="you">you</w>
<w type="MD" lemma="may">may</w>
<w type="VB" lemma="be">be</w>
<pc type="sub">,</pc>
<w type="RB" lemma="all">all</w>
<w type="DT" lemma="the">the</w>
<w type="NN" lemma="fun">fun</w>
<w type="CC" lemma="and">and</w>
<w type="NN" lemma="enjoyment">enjoyment</w>
<pc type="sub">,</pc>
<w type="CC" lemma="and">and</w>
<w type="DT" lemma="the">the</w>
<w type="NN" lemma="peace">peace</w>
<w type="IN" lemma="of">of</w>
<w type="DT" lemma="a">a</w>
<w type="RB" lemma="very">very</w>
<w type="JJ" lemma="happy">happy</w>
<w type="NP" lemma="Christmas">Christmas</w>
<pc type="SENT">.</pc>
</s></p></div>