<div n="1958"><head><s><w type="NP" lemma="Christmas">Christmas</w>
<w type="NP" lemma="Broadcast">Broadcast</w>
<w type="CD" lemma="@card@">1958</w>
</s></head><p><s><w type="DT" lemma="a">A</w>
<w type="JJ" lemma="happy">happy</w>
<w type="NP" lemma="Christmas">Christmas</w>
<w type="TO" lemma="to">to</w>
<w type="PP" lemma="you">you</w>
<w type="DT" lemma="all">all</w>
<pc type="SENT">.</pc>
</s></p><p><s><w type="DT" lemma="every">Every</w>
<w type="NN" lemma="year">year</w>
<w type="PP" lemma="I">I</w>
<w type="VVP" lemma="look">look</w>
<w type="RB" lemma="forward">forward</w>
<w type="TO" lemma="to">to</w>
<w type="VVG" lemma="open">opening</w>
<w type="DT" lemma="the">the</w>
<w type="NNS" lemma="letter">letters</w>
<pc type="sub">,</pc>
<w type="NNS" lemma="parcel">parcels</w>
<w type="CC" lemma="and">and</w>
<w type="NNS" lemma="telegram">telegrams</w>
<w type="WDT" lemma="that">that</w>
<w type="VVP" lemma="come">come</w>
<w type="TO" lemma="to">to</w>
<w type="PP" lemma="me">me</w>
<w type="IN" lemma="from">from</w>
<w type="DT" lemma="all">all</w>
<w type="NNS" lemma="part">parts</w>
<w type="IN" lemma="of">of</w>
<w type="DT" lemma="the">the</w>
<w type="NN" lemma="world">world</w>
<pc type="SENT">.</pc>
</s>
<s><w type="PPs" lemma="my">My</w>
<w type="NN" lemma="husband">husband</w>
<w type="CC" lemma="and">and</w>
<w type="NNS" lemma="child">children</w>
<w type="VVP" lemma="join">join</w>
<w type="PP" lemma="me">me</w>
<w type="IN" lemma="in">in</w>
<w type="VVG" lemma="thank">thanking</w>
<w type="DT" lemma="all">all</w>
<w type="IN" lemma="of">of</w>
<w type="PP" lemma="you">you</w>
<w type="WP" lemma="who">who</w>
<w type="VHP" lemma="have">have</w>
<w type="VVN" lemma="send">sent</w>
<w type="PP" lemma="us">us</w>
<w type="PPs" lemma="your">your</w>
<w type="JJ" lemma="good">good</w>
<w type="NNS" lemma="wish">wishes</w>
<w type="IN" lemma="for">for</w>
<w type="NP" lemma="Christmas">Christmas</w>
<w type="CC" lemma="and">and</w>
<w type="DT" lemma="the">the</w>
<w type="NP" lemma="New">New</w>
<w type="NN" lemma="year">Year</w>
<pc type="SENT">.</pc>
</s></p><p><s><w type="DT" lemma="some">Some</w>
<w type="IN" lemma="of">of</w>
<w type="PP" lemma="you">you</w>
<w type="VHP" lemma="have">have</w>
<w type="VVN" lemma="write">written</w>
<w type="TO" lemma="to">to</w>
<w type="VV" lemma="say">say</w>
<w type="IN" lemma="that">that</w>
<w type="PP" lemma="you">you</w>
<w type="MD" lemma="would">would</w>
<w type="VV" lemma="like">like</w>
<w type="TO" lemma="to">to</w>
<w type="VV" lemma="see">see</w>
<w type="PPs" lemma="our">our</w>
<w type="NNS" lemma="child">children</w>
<w type="IN" lemma="on">on</w>
<w type="NN" lemma="television">television</w>
<w type="DT" lemma="this">this</w>
<w type="NN" lemma="afternoon">afternoon</w>
<pc type="SENT">.</pc>
</s>
<s><w type="PP" lemma="we">We</w>
<w type="VVP" lemma="value">value</w>
<w type="PPs" lemma="your">your</w>
<w type="NN" lemma="interest">interest</w>
<w type="IN" lemma="in">in</w>
<w type="PP" lemma="them">them</w>
<w type="CC" lemma="and">and</w>
<w type="PP" lemma="I">I</w>
<w type="MD" lemma="can">can</w>
<w type="VV" lemma="assure">assure</w>
<w type="PP" lemma="you">you</w>
<w type="IN" lemma="that">that</w>
<w type="PP" lemma="we">we</w>
<w type="VHP" lemma="have">have</w>
<w type="VVN" lemma="think">thought</w>
<w type="IN" lemma="about">about</w>
<w type="DT" lemma="this">this</w>
<w type="DT" lemma="a">a</w>
<w type="JJ" lemma="great">great</w>
<w type="NN" lemma="deal">deal</w>
<w type="IN" lemma="before">before</w>
<w type="VVG" lemma="decide">deciding</w>
<w type="IN" lemma="against">against</w>
<w type="PP" lemma="it">it</w>
<pc type="SENT">.</pc>
</s></p><p><s><w type="PP" lemma="we">We</w>
<w type="MD" lemma="would">would</w>
<w type="VV" lemma="like">like</w>
<w type="PPs" lemma="our">our</w>
<w type="NN" lemma="son">son</w>
<w type="CC" lemma="and">and</w>
<w type="NN" lemma="daughter">daughter</w>
<w type="TO" lemma="to">to</w>
<w type="VV" lemma="grow">grow</w>
<w type="RP" lemma="up">up</w>
<w type="RB" lemma="as">as</w>
<w type="RB" lemma="normally">normally</w>
<w type="RB" lemma="as">as</w>
<w type="JJ" lemma="possible">possible</w>
<w type="RB" lemma="so">so</w>
<w type="IN" lemma="that">that</w>
<w type="PP" lemma="they">they</w>
<w type="MD" lemma="will">will</w>
<w type="VB" lemma="be">be</w>
<w type="JJ" lemma="able">able</w>
<w type="TO" lemma="to">to</w>
<w type="VV" lemma="serve">serve</w>
<w type="PP" lemma="you">you</w>
<w type="CC" lemma="and">and</w>
<w type="DT" lemma="the">the</w>
<w type="NN" lemma="commonwealth">Commonwealth</w>
<w type="RB" lemma="faithfully">faithfully</w>
<w type="CC" lemma="and">and</w>
<w type="RB" lemma="well">well</w>
<w type="WRB" lemma="when">when</w>
<w type="PP" lemma="they">they</w>
<w type="VBP" lemma="are">are</w>
<w type="JJ" lemma="old">old</w>
<w type="RB" lemma="enough">enough</w>
<w type="TO" lemma="to">to</w>
<w type="VV" lemma="do">do</w>
<w type="RB" lemma="so">so</w>
<pc type="SENT">.</pc>
</s>
<s><w type="PP" lemma="we">We</w>
<w type="VVP" lemma="believe">believe</w>
<w type="DT" lemma="that">that</w>
<w type="JJ" lemma="public">public</w>
<w type="NN" lemma="life">life</w>
<w type="VBZ" lemma="be">is</w>
<w type="RB" lemma="not">not</w>
<w type="DT" lemma="a">a</w>
<w type="JJ" lemma="fair">fair</w>
<w type="NN" lemma="burden">burden</w>
<w type="TO" lemma="to">to</w>
<w type="VV" lemma="place">place</w>
<w type="IN" lemma="on">on</w>
<w type="VVG" lemma="grow">growing</w>
<w type="NNS" lemma="child">children</w>
<pc type="SENT">.</pc>
</s>
<s><w type="PP" lemma="I">I</w>
<w type="VBP" lemma="be">'m</w>
<w type="JJ" lemma="sure">sure</w>
<w type="IN" lemma="that">that</w>
<w type="DT" lemma="all">all</w>
<w type="IN" lemma="of">of</w>
<w type="PP" lemma="you">you</w>
<w type="WP" lemma="who">who</w>
<w type="VBP" lemma="are">are</w>
<w type="NNS" lemma="parent">parents</w>
<w type="MD" lemma="will">will</w>
<w type="VV" lemma="understand">understand</w>
<pc type="SENT">.</pc>
</s></p><p><s><w type="RB" lemma="very">Very</w>
<w type="RB" lemma="soon">soon</w>
<w type="RB" lemma="now">now</w>
<w type="PP" lemma="we">we</w>
<w type="MD" lemma="shall">shall</w>
<w type="VB" lemma="be">be</w>
<w type="VVG" lemma="enter">entering</w>
<w type="IN" lemma="into">into</w>
<w type="DT" lemma="the">the</w>
<w type="NN" lemma="uncertainty">uncertainty</w>
<w type="CC" lemma="and">and</w>
<w type="NN" lemma="promise">promise</w>
<w type="IN" lemma="of">of</w>
<w type="DT" lemma="a">a</w>
<w type="JJ" lemma="new">new</w>
<w type="NN" lemma="year">year</w>
<pc type="SENT">.</pc>
</s>
<s><w type="PP" lemma="I">I</w>
<w type="VVP" lemma="hope">hope</w>
<w type="RB" lemma="very">very</w>
<w type="RB" lemma="much">much</w>
<w type="IN" lemma="that">that</w>
<w type="PP" lemma="it">it</w>
<w type="VVZ" lemma="prove">proves</w>
<w type="TO" lemma="to">to</w>
<w type="VB" lemma="be">be</w>
<w type="DT" lemma="a">a</w>
<w type="NN" lemma="year">year</w>
<w type="IN" lemma="of">of</w>
<w type="NN" lemma="progress">progress</w>
<w type="CC" lemma="and">and</w>
<w type="NN" lemma="happiness">happiness</w>
<w type="IN" lemma="for">for</w>
<w type="PP" lemma="us">us</w>
<w type="RB" lemma="all">all</w>
<pc type="SENT">.</pc>
</s></p><p><s><w type="PPs" lemma="my">My</w>
<w type="NN" lemma="family">family</w>
<w type="CC" lemma="and">and</w>
<w type="PP" lemma="I">I</w>
<w type="VBP" lemma="are">are</w>
<w type="VVG" lemma="look">looking</w>
<w type="RB" lemma="forward">forward</w>
<w type="TO" lemma="to">to</w>
<w type="PP" lemma="it">it</w>
<pc type="sub">,</pc>
<w type="RB" lemma="especially">especially</w>
<w type="RB" lemma="because">because</w>
<w type="JJ" lemma="many">many</w>
<w type="IN" lemma="of">of</w>
<w type="PP" lemma="us">us</w>
<w type="MD" lemma="will">will</w>
<w type="VB" lemma="be">be</w>
<w type="VVG" lemma="travel">travelling</w>
<w type="TO" lemma="to">to</w>
<w type="JJ" lemma="different">different</w>
<w type="NNS" lemma="part">parts</w>
<w type="IN" lemma="of">of</w>
<w type="DT" lemma="the">the</w>
<w type="NN" lemma="world">world</w>
<w type="CC" lemma="and">and</w>
<w type="VVP" lemma="hope">hope</w>
<w type="TO" lemma="to">to</w>
<w type="VV" lemma="see">see</w>
<w type="JJR" lemma="more">more</w>
<w type="IN" lemma="of">of</w>
<w type="PP" lemma="you">you</w>
<w type="IN" lemma="than">than</w>
<w type="RB" lemma="ever">ever</w>
<w type="RB" lemma="before">before</w>
<pc type="SENT">.</pc>
</s></p><p><s><w type="IN" lemma="in">In</w>
<w type="CD" lemma="three">three</w>
<w type="NNS" lemma="week">weeks</w>
<w type="POS" lemma="'">'</w>
<w type="NN" lemma="time">time</w>
<w type="PPs" lemma="my">my</w>
<w type="NN" lemma="husband">husband</w>
<w type="VVZ" lemma="go">goes</w>
<w type="TO" lemma="to">to</w>
<w type="NP" lemma="India">India</w>
<w type="CC" lemma="and">and</w>
<w type="NP" lemma="Pakistan">Pakistan</w>
<w type="CC" lemma="and">and</w>
<w type="RB" lemma="then">then</w>
<w type="IN" lemma="on">on</w>
<w type="IN" lemma="across">across</w>
<w type="DT" lemma="the">the</w>
<w type="NP" lemma="Pacific">Pacific</w>
<pc type="SENT">.</pc>
</s>
<s><w type="PPs" lemma="my">My</w>
<w type="NN" lemma="mother">mother</w>
<w type="VBZ" lemma="be">is</w>
<w type="VVG" lemma="go">going</w>
<w type="TO" lemma="to">to</w>
<w type="NP" lemma="East">East</w>
<w type="NP" lemma="Africa">Africa</w>
<w type="CC" lemma="and">and</w>
<w type="PPs" lemma="my">my</w>
<w type="NN" lemma="uncle">uncle</w>
<pc type="sub">,</pc>
<w type="DT" lemma="the">The</w>
<w type="NP" lemma="Duke">Duke</w>
<w type="IN" lemma="of">of</w>
<w type="NP" lemma="Gloucester">Gloucester</w>
<pc type="sub">,</pc>
<w type="CC" lemma="and">and</w>
<w type="PPs" lemma="his">his</w>
<w type="NN" lemma="wife">wife</w>
<pc type="sub">,</pc>
<w type="MD" lemma="will">will</w>
<w type="VB" lemma="be">be</w>
<w type="VVG" lemma="travel">travelling</w>
<w type="IN" lemma="as">as</w>
<w type="PPs" lemma="my">my</w>
<w type="NNS" lemma="representative">representatives</w>
<w type="TO" lemma="to">to</w>
<w type="NP" lemma="Nigeria">Nigeria</w>
<pc type="SENT">.</pc>
</s></p><p><s><w type="PPs" lemma="my">My</w>
<w type="NN" lemma="aunt">aunt</w>
<pc type="sub">,</pc>
<w type="DT" lemma="the">The</w>
<w type="NP" lemma="XXXX">Duchess</w>
<w type="IN" lemma="of">of</w>
<w type="NP" lemma="Kent">Kent</w>
<pc type="sub">,</pc>
<w type="CC" lemma="and">and</w>
<w type="PPs" lemma="my">my</w>
<w type="NN" lemma="cousin">cousin</w>
<pc type="sub">,</pc>
<w type="NP" lemma="Princess">Princess</w>
<w type="NP" lemma="Alexandra">Alexandra</w>
<pc type="sub">,</pc>
<w type="VBP" lemma="are">are</w>
<w type="RB" lemma="also">also</w>
<w type="VVG" lemma="undertake">undertaking</w>
<w type="JJ" lemma="long">long</w>
<w type="NNS" lemma="journey">journeys</w>
<pc type="SENT">.</pc>
</s>
<s><w type="RB" lemma="together">Together</w>
<w type="PP" lemma="they">they</w>
<w type="MD" lemma="will">will</w>
<w type="VB" lemma="be">be</w>
<w type="VVG" lemma="visit">visiting</w>
<w type="NP" lemma="Central">Central</w>
<w type="CC" lemma="and">and</w>
<w type="NP" lemma="South">South</w>
<w type="NP" lemma="America">America</w>
<w type="IN" lemma="in">in</w>
<w type="DT" lemma="the">the</w>
<w type="NN" lemma="spring">spring</w>
<w type="CC" lemma="and">and</w>
<pc type="sub">,</pc>
<w type="RBR" lemma="later">later</w>
<pc type="sub">,</pc>
<w type="NP" lemma="Princess">Princess</w>
<w type="NP" lemma="Alexandra">Alexandra</w>
<w type="VVZ" lemma="go">goes</w>
<w type="TO" lemma="to">to</w>
<w type="NP" lemma="Australia">Australia</w>
<w type="TO" lemma="to">to</w>
<w type="VV" lemma="attend">attend</w>
<w type="DT" lemma="the">the</w>
<w type="JJ" lemma="centenary">centenary</w>
<w type="NNS" lemma="celebration">celebrations</w>
<w type="IN" lemma="of">of</w>
<w type="DT" lemma="the">the</w>
<w type="NN" lemma="state">state</w>
<w type="IN" lemma="of">of</w>
<w type="NP" lemma="Queensland">Queensland</w>
<pc type="SENT">.</pc>
</s></p><p><s><w type="IN" lemma="in">In</w>
<w type="NP" lemma="June">June</w>
<pc type="sub">,</pc>
<w type="PPs" lemma="my">my</w>
<w type="NN" lemma="husband">husband</w>
<w type="CC" lemma="and">and</w>
<w type="PP" lemma="I">I</w>
<w type="MD" lemma="will">will</w>
<w type="VB" lemma="be">be</w>
<w type="VVG" lemma="go">going</w>
<w type="TO" lemma="to">to</w>
<w type="NP" lemma="Canada">Canada</w>
<w type="RB" lemma="once">once</w>
<w type="RB" lemma="again">again</w>
<pc type="SENT">.</pc>
</s>
<s><w type="PP" lemma="you">You</w>
<w type="MD" lemma="will">'ll</w>
<w type="VV" lemma="remember">remember</w>
<w type="IN" lemma="that">that</w>
<w type="PPs" lemma="my">my</w>
<w type="NN" lemma="sister">sister</w>
<pc type="sub">,</pc>
<w type="NP" lemma="Princess">Princess</w>
<w type="NP" lemma="Margaret">Margaret</w>
<pc type="sub">,</pc>
<w type="VBD" lemma="be">was</w>
<w type="RB" lemma="there">there</w>
<w type="RBR" lemma="earlier">earlier</w>
<w type="DT" lemma="this">this</w>
<w type="NN" lemma="year">year</w>
<pc type="SENT">.</pc>
</s>
<s><w type="DT" lemma="this">This</w>
<w type="NN" lemma="time">time</w>
<w type="PP" lemma="we">we</w>
<w type="VVP" lemma="go">go</w>
<w type="RB" lemma="primarily">primarily</w>
<w type="TO" lemma="to">to</w>
<w type="VV" lemma="open">open</w>
<w type="DT" lemma="the">the</w>
<w type="JJ" lemma="great">great</w>
<w type="NP" lemma="St.">St.</w>
<w type="NP" lemma="Lawrence">Lawrence</w>
<w type="NP" lemma="Seaway">Seaway</w>
<pc type="sub">,</pc>
<w type="CC" lemma="but">but</w>
<w type="PP" lemma="we">we</w>
<w type="MD" lemma="shall">shall</w>
<w type="VB" lemma="be">be</w>
<w type="VVG" lemma="visit">visiting</w>
<w type="JJ" lemma="many">many</w>
<w type="JJ" lemma="other">other</w>
<w type="NNS" lemma="part">parts</w>
<w type="IN" lemma="of">of</w>
<w type="DT" lemma="the">the</w>
<w type="NN" lemma="country">country</w>
<w type="IN" lemma="as">as</w>
<w type="RB" lemma="well">well</w>
<pc type="SENT">.</pc>
</s></p><p><s><w type="RB" lemma="lastly">Lastly</w>
<pc type="sub">-</pc>
<w type="IN" lemma="towards">towards</w>
<w type="DT" lemma="the">the</w>
<w type="NN" lemma="end">end</w>
<w type="IN" lemma="of">of</w>
<w type="DT" lemma="the">the</w>
<w type="NN" lemma="year">year</w>
<pc type="sub">-</pc>
<w type="PP" lemma="we">we</w>
<w type="VBP" lemma="are">are</w>
<w type="VVG" lemma="go">going</w>
<w type="TO" lemma="to">to</w>
<w type="NP" lemma="Ghana">Ghana</w>
<w type="CC" lemma="and">and</w>
<w type="IN" lemma="on">on</w>
<w type="PPs" lemma="our">our</w>
<w type="NN" lemma="way">way</w>
<w type="RB" lemma="back">back</w>
<w type="PP" lemma="we">we</w>
<w type="VVP" lemma="intend">intend</w>
<w type="TO" lemma="to">to</w>
<w type="VV" lemma="visit">visit</w>
<w type="PPs" lemma="my">my</w>
<w type="NNS" lemma="people">people</w>
<w type="IN" lemma="in">in</w>
<w type="NP" lemma="Sierra">Sierra</w>
<w type="NP" lemma="Leone">Leone</w>
<w type="CC" lemma="and">and</w>
<w type="DT" lemma="the">the</w>
<w type="NP" lemma="Gambia">Gambia</w>
<pc type="SENT">.</pc>
</s></p><p><s><w type="RB" lemma="so">So</w>
<pc type="sub">,</pc>
<w type="IN" lemma="between">between</w>
<w type="PP" lemma="us">us</w>
<pc type="sub">,</pc>
<w type="PP" lemma="we">we</w>
<w type="VBP" lemma="are">are</w>
<w type="VVG" lemma="go">going</w>
<w type="TO" lemma="to">to</w>
<w type="JJ" lemma="many">many</w>
<w type="NNS" lemma="part">parts</w>
<w type="IN" lemma="of">of</w>
<w type="DT" lemma="the">the</w>
<w type="NN" lemma="world">world</w>
<pc type="SENT">.</pc>
</s>
<s><w type="PP" lemma="we">We</w>
<w type="VHP" lemma="have">have</w>
<w type="DT" lemma="no">no</w>
<w type="NNS" lemma="plan">plans</w>
<w type="IN" lemma="for">for</w>
<w type="NN" lemma="space">space</w>
<w type="NN" lemma="travel">travel</w>
<pc type="sub">-</pc>
<w type="IN" lemma="at">at</w>
<w type="DT" lemma="the">the</w>
<w type="NN" lemma="moment">moment</w>
<pc type="SENT">.</pc>
</s></p><p><s><w type="TO" lemma="To">To</w>
<w type="NNS" lemma="Christian">Christians</w>
<w type="RB" lemma="all">all</w>
<w type="IN" lemma="over">over</w>
<w type="DT" lemma="the">the</w>
<w type="NN" lemma="world">world</w>
<pc type="sub">,</pc>
<w type="NP" lemma="Christmas">Christmas</w>
<w type="VBZ" lemma="be">is</w>
<w type="DT" lemma="an">an</w>
<w type="NN" lemma="occasion">occasion</w>
<w type="IN" lemma="for">for</w>
<w type="NN" lemma="family">family</w>
<w type="NNS" lemma="gathering">gatherings</w>
<w type="CC" lemma="and">and</w>
<w type="NNS" lemma="celebration">celebrations</w>
<pc type="sub">,</pc>
<w type="IN" lemma="for">for</w>
<w type="NNS" lemma="present">presents</w>
<w type="CC" lemma="and">and</w>
<w type="NNS" lemma="party">parties</w>
<pc type="sub">,</pc>
<w type="IN" lemma="for">for</w>
<w type="NN" lemma="friendship">friendship</w>
<w type="CC" lemma="and">and</w>
<w type="JJ" lemma="good">good</w>
<w type="NN" lemma="will">will</w>
<pc type="SENT">.</pc>
</s>
<s><w type="TO" lemma="To">To</w>
<w type="JJ" lemma="many">many</w>
<w type="IN" lemma="of">of</w>
<w type="PPs" lemma="my">my</w>
<w type="NNS" lemma="people">people</w>
<w type="NP" lemma="Christmas">Christmas</w>
<w type="VVZ" lemma="do">does</w>
<w type="RB" lemma="n't">n't</w>
<w type="VH" lemma="have">have</w>
<w type="DT" lemma="the">the</w>
<w type="JJ" lemma="same">same</w>
<w type="JJ" lemma="religious">religious</w>
<w type="NN" lemma="significance">significance</w>
<pc type="sub">,</pc>
<w type="CC" lemma="but">but</w>
<w type="NN" lemma="friendship">friendship</w>
<w type="CC" lemma="and">and</w>
<w type="JJ" lemma="good">good</w>
<w type="NN" lemma="will">will</w>
<w type="VBP" lemma="are">are</w>
<w type="JJ" lemma="common">common</w>
<w type="TO" lemma="to">to</w>
<w type="PP" lemma="us">us</w>
<w type="DT" lemma="all">all</w>
<pc type="SENT">.</pc>
</s>
<s><w type="RB" lemma="so">So</w>
<w type="PP" lemma="it">it</w>
<w type="VBZ" lemma="be">'s</w>
<w type="DT" lemma="a">a</w>
<w type="JJ" lemma="good">good</w>
<w type="NN" lemma="time">time</w>
<w type="TO" lemma="to">to</w>
<w type="VV" lemma="remember">remember</w>
<w type="DT" lemma="those">those</w>
<w type="IN" lemma="around">around</w>
<w type="PP" lemma="us">us</w>
<w type="WP" lemma="who">who</w>
<w type="VBP" lemma="are">are</w>
<w type="RB" lemma="far">far</w>
<w type="IN" lemma="from">from</w>
<w type="NN" lemma="home">home</w>
<pc type="sub">,</pc>
<w type="VVG" lemma="feel">feeling</w>
<w type="RB" lemma="perhaps">perhaps</w>
<w type="JJ" lemma="strange">strange</w>
<w type="CC" lemma="and">and</w>
<w type="JJ" lemma="lonely">lonely</w>
<pc type="SENT">.</pc>
</s></p><p><s><w type="PPs" lemma="my">My</w>
<w type="JJ" lemma="own">own</w>
<w type="NNS" lemma="thought">thoughts</w>
<w type="VBP" lemma="are">are</w>
<w type="IN" lemma="with">with</w>
<w type="DT" lemma="the">the</w>
<w type="NNS" lemma="man">men</w>
<w type="CC" lemma="and">and</w>
<w type="NNS" lemma="woman">women</w>
<w type="CC" lemma="and">and</w>
<w type="NNS" lemma="child">children</w>
<w type="IN" lemma="from">from</w>
<w type="JJ" lemma="other">other</w>
<w type="NNS" lemma="part">parts</w>
<w type="IN" lemma="of">of</w>
<w type="DT" lemma="the">the</w>
<w type="NP" lemma="Commonwealth">Commonwealth</w>
<w type="WP" lemma="who">who</w>
<w type="VHP" lemma="have">have</w>
<w type="VVN" lemma="come">come</w>
<w type="TO" lemma="to">to</w>
<w type="VV" lemma="live">live</w>
<w type="CC" lemma="and">and</w>
<w type="VV" lemma="work">work</w>
<w type="IN" lemma="in">in</w>
<w type="DT" lemma="the">the</w>
<w type="JJ" lemma="great">great</w>
<w type="NNS" lemma="city">cities</w>
<w type="IN" lemma="of">of</w>
<w type="DT" lemma="this">this</w>
<w type="NN" lemma="country">country</w>
<w type="CC" lemma="and">and</w>
<w type="MD" lemma="may">may</w>
<w type="RB" lemma="well">well</w>
<w type="VB" lemma="be">be</w>
<w type="VVG" lemma="miss">missing</w>
<w type="DT" lemma="the">the</w>
<w type="NN" lemma="warmth">warmth</w>
<w type="CC" lemma="and">and</w>
<w type="NN" lemma="sunshine">sunshine</w>
<w type="IN" lemma="of">of</w>
<w type="PPs" lemma="their">their</w>
<w type="NNS" lemma="homeland">homelands</w>
<pc type="SENT">.</pc>
</s></p><p><s><w type="IN" lemma="in">In</w>
<w type="JJ" lemma="recent">recent</w>
<w type="NNS" lemma="year">years</w>
<w type="DT" lemma="the">the</w>
<w type="NP" lemma="Commonwealth">Commonwealth</w>
<w type="NNS" lemma="country">countries</w>
<w type="VHP" lemma="have">have</w>
<w type="VBN" lemma="be">been</w>
<w type="VVG" lemma="make">making</w>
<w type="DT" lemma="a">a</w>
<w type="JJ" lemma="great">great</w>
<w type="JJ" lemma="co-operative">co-operative</w>
<w type="NN" lemma="effort">effort</w>
<w type="TO" lemma="to">to</w>
<w type="VV" lemma="raise">raise</w>
<w type="NNS" lemma="standard">standards</w>
<w type="IN" lemma="of">of</w>
<w type="NN" lemma="living">living</w>
<pc type="SENT">.</pc>
</s>
<s><w type="RB" lemma="even">Even</w>
<w type="RB" lemma="so">so</w>
<pc type="sub">,</pc>
<w type="DT" lemma="the">the</w>
<w type="NN" lemma="pace">pace</w>
<w type="IN" lemma="of">of</w>
<w type="PPs" lemma="our">our</w>
<w type="JJ" lemma="everyday">everyday</w>
<w type="NN" lemma="life">life</w>
<w type="VHZ" lemma="have">has</w>
<w type="VBN" lemma="be">been</w>
<w type="JJ" lemma="such">such</w>
<w type="IN" lemma="that">that</w>
<w type="EX" lemma="there">there</w>
<w type="VHZ" lemma="have">has</w>
<w type="RB" lemma="hardly">hardly</w>
<w type="VBN" lemma="be">been</w>
<w type="NN" lemma="time">time</w>
<w type="TO" lemma="to">to</w>
<w type="VV" lemma="enjoy">enjoy</w>
<w type="DT" lemma="the">the</w>
<w type="NNS" lemma="thing">things</w>
<w type="WDT" lemma="which">which</w>
<w type="VVP" lemma="appeal">appeal</w>
<w type="TO" lemma="to">to</w>
<w type="NNS" lemma="man">men</w>
<w type="POS" lemma="'s">'s</w>
<w type="NNS" lemma="mind">minds</w>
<w type="CC" lemma="and">and</w>
<w type="WDT" lemma="which">which</w>
<w type="VVP" lemma="make">make</w>
<w type="NN" lemma="life">life</w>
<w type="DT" lemma="a">a</w>
<w type="JJ" lemma="full">full</w>
<w type="NN" lemma="experience">experience</w>
<pc type="SENT">.</pc>
</s></p><p><s><w type="IN" lemma="after">After</w>
<w type="DT" lemma="all">all</w>
<pc type="sub">,</pc>
<w type="PPs" lemma="our">our</w>
<w type="NN" lemma="standard">standard</w>
<w type="IN" lemma="of">of</w>
<w type="NN" lemma="living">living</w>
<w type="VHZ" lemma="have">has</w>
<w type="DT" lemma="a">a</w>
<w type="JJ" lemma="spiritual">spiritual</w>
<w type="RB" lemma="as">as</w>
<w type="RB" lemma="well">well</w>
<w type="IN" lemma="as">as</w>
<w type="DT" lemma="a">a</w>
<w type="NN" lemma="material">material</w>
<w type="NN" lemma="aspect">aspect</w>
<pc type="SENT">.</pc>
</s>
<s><w type="DT" lemma="the">The</w>
<w type="NN" lemma="genius">genius</w>
<w type="IN" lemma="of">of</w>
<w type="NNS" lemma="scientist">scientists</w>
<pc type="sub">,</pc>
<w type="NNS" lemma="inventor">inventors</w>
<w type="CC" lemma="and">and</w>
<w type="NNS" lemma="engineer">engineers</w>
<w type="MD" lemma="can">can</w>
<w type="VV" lemma="make">make</w>
<w type="NN" lemma="life">life</w>
<w type="RBR" lemma="more">more</w>
<w type="JJ" lemma="comfortable">comfortable</w>
<w type="CC" lemma="and">and</w>
<w type="JJ" lemma="prosperous">prosperous</w>
<pc type="SENT">.</pc>
</s></p><p><s><w type="CC" lemma="but">But</w>
<w type="IN" lemma="throughout">throughout</w>
<w type="NN" lemma="history">history</w>
<w type="DT" lemma="the">the</w>
<w type="JJ" lemma="spiritual">spiritual</w>
<w type="CC" lemma="and">and</w>
<w type="JJ" lemma="intellectual">intellectual</w>
<w type="NNS" lemma="aspiration">aspirations</w>
<w type="IN" lemma="of">of</w>
<w type="NN" lemma="mankind">mankind</w>
<w type="VHP" lemma="have">have</w>
<w type="VBN" lemma="be">been</w>
<w type="VVN" lemma="inspire">inspired</w>
<w type="IN" lemma="by">by</w>
<w type="NNS" lemma="prophet">prophets</w>
<w type="CC" lemma="and">and</w>
<w type="NNS" lemma="dreamer">dreamers</w>
<pc type="sub">,</pc>
<w type="NNS" lemma="philosopher">philosophers</w>
<pc type="sub">,</pc>
<w type="NNS" lemma="man">men</w>
<w type="IN" lemma="of">of</w>
<w type="NNS" lemma="idea">ideas</w>
<w type="CC" lemma="and">and</w>
<w type="NNS" lemma="poet">poets</w>
<pc type="sub">,</pc>
<w type="NNS" lemma="artist">artists</w>
<w type="IN" lemma="in">in</w>
<w type="NN" lemma="paint">paint</w>
<pc type="sub">,</pc>
<w type="NN" lemma="sculpture">sculpture</w>
<w type="CC" lemma="and">and</w>
<w type="NN" lemma="music">music</w>
<pc type="sub">,</pc>
<w type="DT" lemma="the">the</w>
<w type="JJ" lemma="whole">whole</w>
<w type="NN" lemma="company">company</w>
<w type="WP" lemma="who">who</w>
<w type="VVP" lemma="challenge">challenge</w>
<w type="CC" lemma="and">and</w>
<w type="VVP" lemma="encourage">encourage</w>
<w type="CC" lemma="or">or</w>
<w type="WP" lemma="who">who</w>
<w type="VV" lemma="entertain">entertain</w>
<w type="CC" lemma="and">and</w>
<w type="VV" lemma="give">give</w>
<w type="NN" lemma="pleasure">pleasure</w>
<pc type="SENT">.</pc>
</s></p><p><s><w type="TO" lemma="To">To</w>
<w type="PPs" lemma="their">their</w>
<w type="NN" lemma="number">number</w>
<w type="PP" lemma="I">I</w>
<w type="MD" lemma="would">would</w>
<w type="VV" lemma="add">add</w>
<w type="DT" lemma="the">the</w>
<w type="NNS" lemma="teacher">teachers</w>
<w type="IN" lemma="in">in</w>
<w type="NP" lemma="Church">Church</w>
<pc type="sub">,</pc>
<w type="NN" lemma="school">school</w>
<w type="CC" lemma="and">and</w>
<w type="NN" lemma="university">university</w>
<pc type="sub">,</pc>
<w type="WPs" lemma="whose">whose</w>
<w type="JJ" lemma="enormous">enormous</w>
<w type="NN" lemma="job">job</w>
<w type="PP" lemma="it">it</w>
<w type="VBZ" lemma="be">is</w>
<w type="TO" lemma="to">to</w>
<w type="VV" lemma="awaken">awaken</w>
<w type="DT" lemma="the">the</w>
<w type="NNS" lemma="mind">minds</w>
<w type="IN" lemma="of">of</w>
<w type="DT" lemma="the">the</w>
<w type="JJR" lemma="young">younger</w>
<w type="NNS" lemma="generation">generations</w>
<w type="CC" lemma="and">and</w>
<w type="VV" lemma="instil">instil</w>
<w type="IN" lemma="into">into</w>
<w type="PP" lemma="them">them</w>
<w type="DT" lemma="the">the</w>
<w type="NN" lemma="essence">essence</w>
<w type="IN" lemma="of">of</w>
<w type="PPs" lemma="our">our</w>
<w type="VVN" lemma="accumulate">accumulated</w>
<w type="NN" lemma="civilisation">civilisation</w>
<pc type="SENT">.</pc>
</s></p><p><s><w type="PP" lemma="I">I</w>
<w type="VBP" lemma="am">am</w>
<w type="JJ" lemma="sure">sure</w>
<w type="IN" lemma="that">that</w>
<w type="JJ" lemma="many">many</w>
<w type="IN" lemma="of">of</w>
<w type="PP" lemma="you">you</w>
<w type="VHP" lemma="have">have</w>
<w type="VVN" lemma="think">thought</w>
<w type="IN" lemma="about">about</w>
<w type="DT" lemma="these">these</w>
<w type="NNS" lemma="thing">things</w>
<w type="RB" lemma="before">before</w>
<pc type="sub">,</pc>
<w type="CC" lemma="but">but</w>
<w type="PP" lemma="it">it</w>
<w type="VVZ" lemma="seem">seems</w>
<w type="TO" lemma="to">to</w>
<w type="PP" lemma="me">me</w>
<w type="IN" lemma="that">that</w>
<w type="NP" lemma="Christmas">Christmas</w>
<w type="VBZ" lemma="be">is</w>
<w type="RB" lemma="just">just</w>
<w type="DT" lemma="the">the</w>
<w type="NN" lemma="time">time</w>
<w type="TO" lemma="to">to</w>
<w type="VB" lemma="be">be</w>
<w type="JJ" lemma="grateful">grateful</w>
<w type="TO" lemma="to">to</w>
<w type="DT" lemma="those">those</w>
<w type="WP" lemma="who">who</w>
<w type="VVP" lemma="add">add</w>
<w type="NN" lemma="fullness">fullness</w>
<w type="TO" lemma="to">to</w>
<w type="PPs" lemma="our">our</w>
<w type="NNS" lemma="life">lives</w>
<pc type="SENT">.</pc>
</s></p><p><s><w type="RB" lemma="even">Even</w>
<w type="RB" lemma="so">so</w>
<w type="PP" lemma="we">we</w>
<w type="VVP" lemma="need">need</w>
<w type="NN" lemma="something">something</w>
<w type="RBR" lemma="more">more</w>
<pc type="SENT">.</pc>
</s>
<s><w type="PP" lemma="we">We</w>
<w type="RB" lemma="all">all</w>
<w type="VVP" lemma="need">need</w>
<w type="DT" lemma="the">the</w>
<w type="NN" lemma="kind">kind</w>
<w type="IN" lemma="of">of</w>
<w type="NN" lemma="security">security</w>
<w type="IN" lemma="that">that</w>
<w type="PP" lemma="one">one</w>
<w type="VVZ" lemma="get">gets</w>
<w type="IN" lemma="from">from</w>
<w type="DT" lemma="a">a</w>
<w type="JJ" lemma="happy">happy</w>
<w type="CC" lemma="and">and</w>
<w type="VVN" lemma="unite">united</w>
<w type="NN" lemma="family">family</w>
<pc type="SENT">.</pc>
</s>
<s><w type="IN" lemma="before">Before</w>
<w type="PP" lemma="I">I</w>
<w type="VVP" lemma="return">return</w>
<w type="TO" lemma="to">to</w>
<w type="PP" lemma="mine">mine</w>
<w type="VVP" lemma="let">let</w>
<w type="PP" lemma="me">me</w>
<w type="RB" lemma="once">once</w>
<w type="RB" lemma="again">again</w>
<w type="VVP" lemma="wish">wish</w>
<w type="DT" lemma="every">every</w>
<w type="NN" lemma="one">one</w>
<w type="IN" lemma="of">of</w>
<w type="PP" lemma="you">you</w>
<w type="DT" lemma="a">a</w>
<w type="RB" lemma="very">very</w>
<w type="JJ" lemma="happy">happy</w>
<w type="NP" lemma="Christmas">Christmas</w>
<w type="IN" lemma="from">from</w>
<w type="DT" lemma="all">all</w>
<w type="IN" lemma="of">of</w>
<w type="PP" lemma="us">us</w>
<w type="RB" lemma="here">here</w>
<w type="IN" lemma="at">at</w>
<w type="NP" lemma="Sandringham">Sandringham</w>
<pc type="sub">,</pc>
<w type="CC" lemma="and">and</w>
<w type="MD" lemma="may">may</w>
<w type="NP" lemma="God">God</w>
<w type="POS" lemma="'s">'s</w>
<w type="NN" lemma="blessing">blessing</w>
<w type="VB" lemma="be">be</w>
<w type="IN" lemma="with">with</w>
<w type="PP" lemma="you">you</w>
<w type="IN" lemma="in">in</w>
<w type="DT" lemma="the">the</w>
<w type="JJ" lemma="coming">coming</w>
<w type="NN" lemma="year">year</w>
<pc type="SENT">.</pc>
</s></p></div>