<div n="1960"><head><s><w type="NP" lemma="Christmas">Christmas</w>
<w type="NP" lemma="Broadcast">Broadcast</w>
<w type="CD" lemma="@card@">1960</w>
</s></head><p><s><w type="PP" lemma="I">I</w>
<w type="VBP" lemma="am">am</w>
<w type="JJ" lemma="glad">glad</w>
<w type="IN" lemma="at">at</w>
<w type="NP" lemma="Christmas">Christmas</w>
<w type="NN" lemma="time">time</w>
<w type="TO" lemma="to">to</w>
<w type="VH" lemma="have">have</w>
<w type="DT" lemma="this">this</w>
<w type="NN" lemma="opportunity">opportunity</w>
<w type="IN" lemma="of">of</w>
<w type="VVG" lemma="speak">speaking</w>
<w type="RB" lemma="directly">directly</w>
<w type="TO" lemma="to">to</w>
<w type="PDT" lemma="all">all</w>
<w type="DT" lemma="the">the</w>
<w type="NNS" lemma="people">peoples</w>
<w type="IN" lemma="of">of</w>
<w type="DT" lemma="the">the</w>
<w type="NP" lemma="Commonwealth">Commonwealth</w>
<w type="CC" lemma="and">and</w>
<w type="IN" lemma="of">of</w>
<w type="VVG" lemma="send">sending</w>
<w type="PP" lemma="you">you</w>
<w type="PPs" lemma="my">my</w>
<w type="JJ" lemma="good">good</w>
<w type="NNS" lemma="wish">wishes</w>
<pc type="SENT">.</pc>
</s></p><p><s><w type="PPs" lemma="my">My</w>
<w type="NN" lemma="husband">husband</w>
<w type="CC" lemma="and">and</w>
<w type="PPs" lemma="our">our</w>
<w type="NNS" lemma="child">children</w>
<pc type="sub">,</pc>
<w type="RB" lemma="together">together</w>
<w type="IN" lemma="with">with</w>
<w type="DT" lemma="the">the</w>
<w type="JJ" lemma="other">other</w>
<w type="NNS" lemma="member">members</w>
<w type="IN" lemma="of">of</w>
<w type="PPs" lemma="our">our</w>
<w type="NN" lemma="family">family</w>
<pc type="sub">,</pc>
<w type="VV" lemma="join">join</w>
<w type="PP" lemma="me">me</w>
<w type="IN" lemma="in">in</w>
<w type="VVG" lemma="wish">wishing</w>
<w type="DT" lemma="every">every</w>
<w type="NN" lemma="one">one</w>
<w type="IN" lemma="of">of</w>
<w type="PP" lemma="you">you</w>
<w type="DT" lemma="a">a</w>
<w type="JJ" lemma="happy">happy</w>
<w type="NP" lemma="Christmas">Christmas</w>
<w type="CC" lemma="and">and</w>
<w type="DT" lemma="a">a</w>
<w type="JJ" lemma="prosperous">prosperous</w>
<w type="JJ" lemma="new">new</w>
<w type="NN" lemma="year">year</w>
<pc type="SENT">.</pc>
</s></p><p><s><w type="PP" lemma="I">I</w>
<w type="VVP" lemma="make">make</w>
<w type="DT" lemma="no">no</w>
<w type="NN" lemma="excuse">excuse</w>
<w type="IN" lemma="for">for</w>
<w type="VVG" lemma="tell">telling</w>
<w type="PP" lemma="you">you</w>
<w type="RB" lemma="once">once</w>
<w type="RB" lemma="again">again</w>
<w type="IN" lemma="that">that</w>
<w type="DT" lemma="the">the</w>
<w type="NN" lemma="kind">kind</w>
<w type="NNS" lemma="message">messages</w>
<w type="WDT" lemma="which">which</w>
<w type="VVP" lemma="reach">reach</w>
<w type="PP" lemma="us">us</w>
<w type="IN" lemma="from">from</w>
<w type="DT" lemma="all">all</w>
<w type="IN" lemma="over">over</w>
<w type="DT" lemma="the">the</w>
<w type="NN" lemma="world">world</w>
<w type="IN" lemma="at">at</w>
<w type="DT" lemma="this">this</w>
<w type="NN" lemma="season">season</w>
<w type="VV" lemma="give">give</w>
<w type="PP" lemma="us">us</w>
<w type="JJ" lemma="great">great</w>
<w type="NN" lemma="pleasure">pleasure</w>
<w type="CC" lemma="and">and</w>
<w type="NN" lemma="encouragement">encouragement</w>
<pc type="SENT">.</pc>
</s></p><p><s><w type="DT" lemma="this">This</w>
<w type="NN" lemma="year">year</w>
<w type="PP" lemma="I">I</w>
<w type="VBD" lemma="be">was</w>
<w type="VVN" lemma="delight">delighted</w>
<w type="TO" lemma="to">to</w>
<w type="VV" lemma="get">get</w>
<w type="RB" lemma="so">so</w>
<w type="JJ" lemma="many">many</w>
<w type="WRB" lemma="when">when</w>
<w type="PPs" lemma="my">my</w>
<w type="JJ" lemma="second">second</w>
<w type="NN" lemma="son">son</w>
<w type="VBD" lemma="be">was</w>
<w type="VVN" lemma="bear">born</w>
<pc type="SENT">.</pc>
</s>
<s><w type="DT" lemma="the">The</w>
<w type="NNS" lemma="telegram">telegrams</w>
<w type="CC" lemma="and">and</w>
<w type="NNS" lemma="letter">letters</w>
<w type="WDT" lemma="which">which</w>
<w type="VVD" lemma="come">came</w>
<w type="VVG" lemma="flood">flooding</w>
<w type="IN" lemma="in">in</w>
<w type="IN" lemma="at">at</w>
<w type="DT" lemma="that">that</w>
<w type="NN" lemma="time">time</w>
<w type="VVD" lemma="make">made</w>
<w type="PP" lemma="me">me</w>
<w type="VVP" lemma="feel">feel</w>
<w type="RB" lemma="very">very</w>
<w type="VV" lemma="close">close</w>
<w type="TO" lemma="to">to</w>
<w type="PDT" lemma="all">all</w>
<w type="DT" lemma="the">the</w>
<w type="NN" lemma="family">family</w>
<w type="NNS" lemma="group">groups</w>
<w type="IN" lemma="throughout">throughout</w>
<w type="DT" lemma="the">the</w>
<w type="NP" lemma="Commonwealth">Commonwealth</w>
<pc type="SENT">.</pc>
</s></p><p><s><w type="PP" lemma="it">It</w>
<w type="VBZ" lemma="be">is</w>
<w type="DT" lemma="this">this</w>
<w type="NN" lemma="feeling">feeling</w>
<w type="IN" lemma="of">of</w>
<w type="JJ" lemma="personal">personal</w>
<w type="NN" lemma="association">association</w>
<w type="WDT" lemma="which">which</w>
<w type="VVZ" lemma="give">gives</w>
<w type="DT" lemma="the">the</w>
<w type="NNS" lemma="people">peoples</w>
<w type="IN" lemma="of">of</w>
<w type="DT" lemma="the">the</w>
<w type="NP" lemma="Commonwealth">Commonwealth</w>
<w type="NNS" lemma="country">countries</w>
<w type="IN" lemma="that">that</w>
<w type="JJ" lemma="special">special</w>
<w type="NN" lemma="relationship">relationship</w>
<pc type="sub">,</pc>
<w type="CD" lemma="one">one</w>
<w type="TO" lemma="to">to</w>
<w type="DT" lemma="another">another</w>
<pc type="sub">,</pc>
<w type="WDT" lemma="which">which</w>
<w type="NNS" lemma="other">others</w>
<w type="VVP" lemma="find">find</w>
<w type="RB" lemma="so">so</w>
<w type="JJ" lemma="difficult">difficult</w>
<w type="TO" lemma="to">to</w>
<w type="VV" lemma="understand">understand</w>
<pc type="SENT">.</pc>
</s></p><p><s><w type="PP" lemma="it">It</w>
<w type="VBZ" lemma="be">is</w>
<w type="RB" lemma="because">because</w>
<w type="IN" lemma="of">of</w>
<w type="DT" lemma="this">this</w>
<w type="IN" lemma="that">that</w>
<w type="PPs" lemma="my">my</w>
<w type="NN" lemma="husband">husband</w>
<w type="CC" lemma="and">and</w>
<w type="PP" lemma="I">I</w>
<w type="VBP" lemma="are">are</w>
<w type="RB" lemma="so">so</w>
<w type="RB" lemma="greatly">greatly</w>
<w type="VVG" lemma="look">looking</w>
<w type="RB" lemma="forward">forward</w>
<w type="TO" lemma="to">to</w>
<w type="PPs" lemma="our">our</w>
<w type="NNS" lemma="visit">visits</w>
<w type="TO" lemma="to">to</w>
<w type="NP" lemma="India">India</w>
<w type="CC" lemma="and">and</w>
<w type="NP" lemma="Pakistan">Pakistan</w>
<w type="JJ" lemma="early">early</w>
<w type="JJ" lemma="next">next</w>
<w type="NN" lemma="year">year</w>
<w type="CC" lemma="and">and</w>
<w type="RBR" lemma="later">later</w>
<w type="RB" lemma="on">on</w>
<w type="TO" lemma="to">to</w>
<w type="NP" lemma="Ghana">Ghana</w>
<pc type="sub">,</pc>
<w type="NP" lemma="Sierra">Sierra</w>
<w type="NP" lemma="Leone">Leone</w>
<w type="CC" lemma="and">and</w>
<w type="DT" lemma="the">the</w>
<w type="NP" lemma="Gambia">Gambia</w>
<pc type="SENT">.</pc>
</s></p><p><s><w type="IN" lemma="by">By</w>
<w type="DT" lemma="no">no</w>
<w type="NN" lemma="stretch">stretch</w>
<w type="IN" lemma="of">of</w>
<w type="DT" lemma="the">the</w>
<w type="NN" lemma="imagination">imagination</w>
<w type="MD" lemma="can">can</w>
<w type="RB" lemma="@card@">1960</w>
<w type="VB" lemma="be">be</w>
<w type="VVN" lemma="describe">described</w>
<w type="IN" lemma="as">as</w>
<w type="DT" lemma="a">a</w>
<w type="JJ" lemma="happy">happy</w>
<w type="CC" lemma="or">or</w>
<w type="JJ" lemma="successful">successful</w>
<w type="NN" lemma="year">year</w>
<w type="IN" lemma="for">for</w>
<w type="NN" lemma="mankind">mankind</w>
<pc type="SENT">.</pc>
</s>
<s><w type="NNS" lemma="argument">Arguments</w>
<w type="CC" lemma="and">and</w>
<w type="JJ" lemma="strained">strained</w>
<w type="NNS" lemma="relation">relations</w>
<pc type="sub">,</pc>
<w type="RB" lemma="as">as</w>
<w type="RB" lemma="well">well</w>
<w type="IN" lemma="as">as</w>
<w type="JJ" lemma="natural">natural</w>
<w type="NNS" lemma="disaster">disasters</w>
<pc type="sub">,</pc>
<w type="VHP" lemma="have">have</w>
<w type="RB" lemma="all">all</w>
<w type="VVN" lemma="help">helped</w>
<w type="TO" lemma="to">to</w>
<w type="VV" lemma="produce">produce</w>
<w type="DT" lemma="an">an</w>
<w type="NN" lemma="atmosphere">atmosphere</w>
<w type="IN" lemma="of">of</w>
<w type="NN" lemma="tension">tension</w>
<w type="CC" lemma="and">and</w>
<w type="NN" lemma="uncertainty">uncertainty</w>
<w type="RB" lemma="all">all</w>
<w type="IN" lemma="over">over</w>
<w type="DT" lemma="the">the</w>
<w type="NN" lemma="world">world</w>
<pc type="SENT">.</pc>
</s></p><p><s><w type="IN" lemma="although">Although</w>
<w type="DT" lemma="the">the</w>
<w type="NNS" lemma="cause">causes</w>
<w type="VBP" lemma="are">are</w>
<w type="IN" lemma="beyond">beyond</w>
<w type="DT" lemma="the">the</w>
<w type="NN" lemma="control">control</w>
<w type="IN" lemma="of">of</w>
<w type="NNS" lemma="individual">individuals</w>
<pc type="sub">,</pc>
<w type="PP" lemma="we">we</w>
<w type="MD" lemma="can">can</w>
<w type="IN" lemma="at">at</w>
<w type="JJS" lemma="least">least</w>
<w type="VV" lemma="influence">influence</w>
<w type="DT" lemma="the">the</w>
<w type="NN" lemma="future">future</w>
<w type="IN" lemma="by">by</w>
<w type="PPs" lemma="our">our</w>
<w type="JJ" lemma="everyday">everyday</w>
<w type="NN" lemma="behaviour">behaviour</w>
<pc type="SENT">.</pc>
</s>
<s><w type="PP" lemma="it">It</w>
<w type="VBZ" lemma="be">is</w>
<w type="IN" lemma="at">at</w>
<w type="NNS" lemma="time">times</w>
<w type="IN" lemma="of">of</w>
<w type="NN" lemma="change">change</w>
<pc type="sub">,</pc>
<w type="NN" lemma="disorder">disorder</w>
<w type="CC" lemma="and">and</w>
<w type="NN" lemma="uncertainty">uncertainty</w>
<w type="IN" lemma="that">that</w>
<w type="PP" lemma="we">we</w>
<w type="MD" lemma="should">should</w>
<w type="VV" lemma="cling">cling</w>
<w type="RBS" lemma="most">most</w>
<w type="RB" lemma="strongly">strongly</w>
<w type="TO" lemma="to">to</w>
<w type="PDT" lemma="all">all</w>
<w type="DT" lemma="those">those</w>
<w type="NNS" lemma="principle">principles</w>
<w type="WDT" lemma="which">which</w>
<w type="PP" lemma="we">we</w>
<w type="VVP" lemma="know">know</w>
<w type="TO" lemma="to">to</w>
<w type="VB" lemma="be">be</w>
<w type="JJ" lemma="right">right</w>
<w type="CC" lemma="and">and</w>
<w type="JJ" lemma="good">good</w>
<pc type="SENT">.</pc>
</s></p><p><s><w type="NN" lemma="civilisation">Civilisation</w>
<w type="IN" lemma="as">as</w>
<w type="PP" lemma="we">we</w>
<w type="VVP" lemma="know">know</w>
<w type="PP" lemma="it">it</w>
<pc type="sub">,</pc>
<w type="CC" lemma="or">or</w>
<w type="MD" lemma="would">would</w>
<w type="VV" lemma="like">like</w>
<w type="PP" lemma="it">it</w>
<w type="TO" lemma="to">to</w>
<w type="VB" lemma="be">be</w>
<pc type="sub">,</pc>
<w type="VVZ" lemma="depend">depends</w>
<w type="IN" lemma="upon">upon</w>
<w type="DT" lemma="a">a</w>
<w type="JJ" lemma="constant">constant</w>
<w type="VVG" lemma="strive">striving</w>
<w type="IN" lemma="towards">towards</w>
<w type="JJR" lemma="good">better</w>
<w type="NNS" lemma="thing">things</w>
<pc type="SENT">.</pc>
</s>
<s><w type="IN" lemma="in">In</w>
<w type="NNS" lemma="time">times</w>
<w type="IN" lemma="of">of</w>
<w type="NN" lemma="stress">stress</w>
<pc type="sub">,</pc>
<w type="JJ" lemma="such">such</w>
<w type="IN" lemma="as">as</w>
<w type="PP" lemma="we">we</w>
<w type="VBP" lemma="are">are</w>
<w type="VVG" lemma="live">living</w>
<w type="RP" lemma="through">through</w>
<pc type="sub">,</pc>
<w type="RB" lemma="only">only</w>
<w type="DT" lemma="a">a</w>
<w type="VVN" lemma="determine">determined</w>
<w type="NN" lemma="effort">effort</w>
<w type="IN" lemma="by">by</w>
<w type="NNS" lemma="man">men</w>
<w type="CC" lemma="and">and</w>
<w type="NNS" lemma="woman">women</w>
<w type="IN" lemma="of">of</w>
<w type="JJ" lemma="good">good</w>
<w type="NN" lemma="will">will</w>
<w type="RB" lemma="everywhere">everywhere</w>
<w type="MD" lemma="can">can</w>
<w type="VV" lemma="halt">halt</w>
<w type="CC" lemma="and">and</w>
<w type="VV" lemma="reverse">reverse</w>
<w type="DT" lemma="a">a</w>
<w type="VVG" lemma="grow">growing</w>
<w type="NN" lemma="tendency">tendency</w>
<w type="IN" lemma="towards">towards</w>
<w type="NN" lemma="violence">violence</w>
<w type="CC" lemma="and">and</w>
<w type="NN" lemma="disintegration">disintegration</w>
<pc type="SENT">.</pc>
</s></p><p><s><w type="IN" lemma="despite">Despite</w>
<w type="DT" lemma="the">the</w>
<w type="NNS" lemma="difficulty">difficulties</w>
<w type="EX" lemma="there">there</w>
<w type="VBP" lemma="are">are</w>
<w type="JJ" lemma="encouraging">encouraging</w>
<w type="NNS" lemma="sign">signs</w>
<pc type="SENT">.</pc>
</s>
<s><w type="IN" lemma="for">For</w>
<w type="NN" lemma="instance">instance</w>
<w type="IN" lemma="in">in</w>
<w type="NP" lemma="Africa">Africa</w>
<pc type="sub">,</pc>
<w type="NP" lemma="Nigeria">Nigeria</w>
<w type="VHZ" lemma="have">has</w>
<w type="VVN" lemma="go">gone</w>
<w type="IN" lemma="through">through</w>
<w type="DT" lemma="the">the</w>
<w type="NN" lemma="process">process</w>
<w type="IN" lemma="of">of</w>
<w type="VVG" lemma="achieve">achieving</w>
<w type="JJ" lemma="full">full</w>
<w type="NN" lemma="self-government">self-government</w>
<w type="IN" lemma="in">in</w>
<w type="NN" lemma="peace">peace</w>
<w type="CC" lemma="and">and</w>
<w type="JJ" lemma="good">good</w>
<w type="NN" lemma="will">will</w>
<pc type="SENT">.</pc>
</s></p><p><s><w type="DT" lemma="this">This</w>
<w type="JJ" lemma="great">great</w>
<w type="NN" lemma="nation">nation</w>
<w type="IN" lemma="of">of</w>
<w type="CD" lemma="thirty">thirty</w>
<w type="CD" lemma="million">million</w>
<w type="NNS" lemma="people">people</w>
<w type="VHZ" lemma="have">has</w>
<w type="VVN" lemma="decide">decided</w>
<w type="TO" lemma="to">to</w>
<w type="VV" lemma="remain">remain</w>
<w type="DT" lemma="a">a</w>
<w type="NN" lemma="member">member</w>
<w type="IN" lemma="of">of</w>
<w type="PPs" lemma="our">our</w>
<w type="NP" lemma="Commonwealth">Commonwealth</w>
<w type="CC" lemma="and">and</w>
<w type="PP" lemma="I">I</w>
<w type="VVP" lemma="know">know</w>
<w type="IN" lemma="that">that</w>
<w type="PPs" lemma="her">her</w>
<w type="NN" lemma="influence">influence</w>
<w type="MD" lemma="will">will</w>
<w type="VB" lemma="be">be</w>
<w type="RBS" lemma="most">most</w>
<w type="JJ" lemma="valuable">valuable</w>
<w type="IN" lemma="as">as</w>
<w type="DT" lemma="the">the</w>
<w type="NN" lemma="future">future</w>
<w type="VVZ" lemma="unfold">unfolds</w>
<w type="IN" lemma="in">in</w>
<w type="JJ" lemma="other">other</w>
<w type="NNS" lemma="part">parts</w>
<w type="IN" lemma="of">of</w>
<w type="NP" lemma="Africa">Africa</w>
<pc type="SENT">.</pc>
</s></p><p><s><w type="RB" lemma="then">Then</w>
<pc type="sub">,</pc>
<w type="RB" lemma="again">again</w>
<pc type="sub">,</pc>
<w type="NN" lemma="co-operation">co-operation</w>
<w type="IN" lemma="between">between</w>
<w type="NP" lemma="Commonwealth">Commonwealth</w>
<w type="NNS" lemma="country">countries</w>
<w type="VVZ" lemma="grow">grows</w>
<w type="DT" lemma="every">every</w>
<w type="NN" lemma="year">year</w>
<w type="CC" lemma="and">and</w>
<w type="DT" lemma="the">the</w>
<w type="NN" lemma="understanding">understanding</w>
<w type="CC" lemma="and">and</w>
<w type="JJ" lemma="mutual">mutual</w>
<w type="NN" lemma="appreciation">appreciation</w>
<w type="WDT" lemma="which">which</w>
<w type="VBZ" lemma="be">is</w>
<w type="VVG" lemma="develop">developing</w>
<w type="IN" lemma="at">at</w>
<w type="DT" lemma="the">the</w>
<w type="JJ" lemma="same">same</w>
<w type="NN" lemma="time">time</w>
<w type="VBZ" lemma="be">is</w>
<w type="CD" lemma="one">one</w>
<w type="IN" lemma="of">of</w>
<w type="DT" lemma="the">the</w>
<w type="RB" lemma="really">really</w>
<w type="JJ" lemma="bright">bright</w>
<w type="NNS" lemma="spot">spots</w>
<w type="IN" lemma="in">in</w>
<w type="DT" lemma="the">the</w>
<w type="NN" lemma="world">world</w>
<w type="NN" lemma="today">today</w>
<pc type="SENT">.</pc>
</s></p><p><s><w type="IN" lemma="although">Although</w>
<w type="DT" lemma="the">the</w>
<w type="NN" lemma="contribution">contribution</w>
<w type="WDT" lemma="which">which</w>
<w type="DT" lemma="any">any</w>
<w type="CD" lemma="one">one</w>
<w type="NN" lemma="person">person</w>
<w type="MD" lemma="can">can</w>
<w type="VV" lemma="make">make</w>
<w type="VBZ" lemma="be">is</w>
<w type="JJ" lemma="small">small</w>
<pc type="sub">,</pc>
<w type="PP" lemma="it">it</w>
<w type="VBZ" lemma="be">is</w>
<w type="JJ" lemma="real">real</w>
<w type="CC" lemma="and">and</w>
<w type="JJ" lemma="important">important</w>
<pc type="SENT">.</pc>
</s></p><p><s><w type="IN" lemma="whether">Whether</w>
<w type="PP" lemma="you">you</w>
<w type="VVP" lemma="live">live</w>
<w type="IN" lemma="in">in</w>
<w type="CD" lemma="one">one</w>
<w type="IN" lemma="of">of</w>
<w type="DT" lemma="the">the</w>
<w type="RB" lemma="rapidly">rapidly</w>
<w type="VVG" lemma="develop">developing</w>
<w type="NNS" lemma="country">countries</w>
<w type="IN" lemma="of">of</w>
<w type="DT" lemma="the">the</w>
<w type="NP" lemma="Commonwealth">Commonwealth</w>
<w type="CC" lemma="or">or</w>
<w type="IN" lemma="whether">whether</w>
<w type="PP" lemma="you">you</w>
<w type="VVP" lemma="find">find</w>
<w type="PP" lemma="yourself">yourself</w>
<w type="IN" lemma="in">in</w>
<w type="CD" lemma="one">one</w>
<w type="IN" lemma="of">of</w>
<w type="DT" lemma="the">the</w>
<w type="JJR" lemma="old">older</w>
<w type="NNS" lemma="country">countries</w>
<pc type="sub">,</pc>
<w type="DT" lemma="the">the</w>
<w type="NN" lemma="work">work</w>
<w type="IN" lemma="of">of</w>
<w type="JJ" lemma="mutual">mutual</w>
<w type="NN" lemma="help">help</w>
<w type="CC" lemma="and">and</w>
<w type="DT" lemma="the">the</w>
<w type="NN" lemma="increase">increase</w>
<w type="IN" lemma="of">of</w>
<w type="JJ" lemma="mutual">mutual</w>
<w type="NN" lemma="understanding">understanding</w>
<w type="NN" lemma="XXXX">cannot</w>
<w type="VVP" lemma="fail">fail</w>
<w type="TO" lemma="to">to</w>
<w type="VB" lemma="be">be</w>
<w type="RB" lemma="personally">personally</w>
<w type="JJ" lemma="satisfying">satisfying</w>
<w type="CC" lemma="and">and</w>
<w type="IN" lemma="of">of</w>
<w type="JJ" lemma="real">real</w>
<w type="NN" lemma="service">service</w>
<w type="TO" lemma="to">to</w>
<w type="DT" lemma="the">the</w>
<w type="NN" lemma="future">future</w>
<pc type="SENT">.</pc>
</s></p><p><s><w type="MD" lemma="May">May</w>
<w type="DT" lemma="the">the</w>
<w type="NNS" lemma="month">months</w>
<w type="RB" lemma="ahead">ahead</w>
<w type="VVP" lemma="bring">bring</w>
<w type="PP" lemma="you">you</w>
<w type="NN" lemma="joy">joy</w>
<w type="CC" lemma="and">and</w>
<w type="DT" lemma="the">the</w>
<w type="NN" lemma="peace">peace</w>
<w type="CC" lemma="and">and</w>
<w type="NN" lemma="happiness">happiness</w>
<w type="WDT" lemma="which">which</w>
<w type="PP" lemma="we">we</w>
<w type="RB" lemma="so">so</w>
<w type="JJ" lemma="much">much</w>
<w type="NN" lemma="desire">desire</w>
<pc type="SENT">.</pc>
</s></p><p><s><w type="NP" lemma="Happy">Happy</w>
<w type="NP" lemma="Christmas">Christmas</w>
<pc type="SENT">.</pc>
</s>
<s><w type="NP" lemma="God">God</w>
<w type="VV" lemma="bless">bless</w>
<w type="PP" lemma="you">you</w>
<w type="DT" lemma="all">all</w>
<pc type="SENT">.</pc>
</s></p></div>