<div n="1962"><head><s><w type="NP" lemma="Christmas">Christmas</w>
<w type="NP" lemma="Broadcast">Broadcast</w>
<w type="CD" lemma="@card@">1962</w>
</s></head><p><s><w type="DT" lemma="a">A</w>
<w type="JJ" lemma="merry">merry</w>
<w type="NP" lemma="Christmas">Christmas</w>
<w type="CC" lemma="and">and</w>
<w type="DT" lemma="a">a</w>
<w type="JJ" lemma="happy">happy</w>
<w type="NP" lemma="New">New</w>
<w type="NN" lemma="year">Year</w>
<pc type="SENT">.</pc>
</s></p><p><s><w type="EX" lemma="There">There</w>
<w type="VBZ" lemma="be">is</w>
<w type="NN" lemma="something">something</w>
<w type="JJ" lemma="wonderful">wonderful</w>
<w type="IN" lemma="in">in</w>
<w type="DT" lemma="the">the</w>
<w type="NN" lemma="way">way</w>
<w type="DT" lemma="these">these</w>
<w type="JJ" lemma="old">old</w>
<w type="JJ" lemma="familiar">familiar</w>
<w type="JJ" lemma="warm-hearted">warm-hearted</w>
<w type="NNS" lemma="word">words</w>
<w type="IN" lemma="of">of</w>
<w type="DT" lemma="the">the</w>
<w type="JJ" lemma="traditional">traditional</w>
<w type="NP" lemma="Christmas">Christmas</w>
<w type="NN" lemma="message">message</w>
<w type="RB" lemma="never">never</w>
<w type="VVP" lemma="seem">seem</w>
<w type="TO" lemma="to">to</w>
<w type="VV" lemma="grow">grow</w>
<w type="JJ" lemma="stale">stale</w>
<pc type="SENT">.</pc>
</s>
<s><w type="RB" lemma="surely">Surely</w>
<w type="PP" lemma="it">it</w>
<w type="VBZ" lemma="be">is</w>
<w type="IN" lemma="because">because</w>
<w type="DT" lemma="the">the</w>
<w type="NN" lemma="family">family</w>
<w type="NN" lemma="festival">festival</w>
<w type="VBZ" lemma="be">is</w>
<w type="IN" lemma="like">like</w>
<w type="DT" lemma="a">a</w>
<w type="NN" lemma="firm">firm</w>
<w type="NN" lemma="landmark">landmark</w>
<w type="IN" lemma="in">in</w>
<w type="DT" lemma="the">the</w>
<w type="JJ" lemma="stormy">stormy</w>
<w type="NNS" lemma="sea">seas</w>
<w type="IN" lemma="of">of</w>
<w type="JJ" lemma="modern">modern</w>
<w type="NN" lemma="life">life</w>
<pc type="SENT">.</pc>
</s></p><p><s><w type="NN" lemma="year">Year</w>
<w type="IN" lemma="by">by</w>
<w type="NN" lemma="year">year</w>
<pc type="sub">,</pc>
<w type="PPs" lemma="our">our</w>
<w type="NNS" lemma="family">families</w>
<w type="VV" lemma="change">change</w>
<w type="CC" lemma="and">and</w>
<w type="VV" lemma="grow">grow</w>
<w type="RP" lemma="up">up</w>
<pc type="SENT">.</pc>
</s>
<s><w type="RB" lemma="so">So</w>
<w type="VVZ" lemma="do">does</w>
<w type="PPs" lemma="our">our</w>
<w type="NP" lemma="Commonwealth">Commonwealth</w>
<w type="NN" lemma="family">family</w>
<pc type="SENT">.</pc>
</s>
<s><w type="DT" lemma="this">This</w>
<w type="NN" lemma="year">year</w>
<w type="NP" lemma="Jamaica">Jamaica</w>
<pc type="sub">,</pc>
<w type="NP" lemma="Trinidad">Trinidad</w>
<w type="CC" lemma="and">and</w>
<w type="NP" lemma="Tobago">Tobago</w>
<w type="CC" lemma="and">and</w>
<w type="NP" lemma="Uganda">Uganda</w>
<w type="VHP" lemma="have">have</w>
<w type="VVN" lemma="join">joined</w>
<w type="DT" lemma="the">the</w>
<w type="NN" lemma="circle">circle</w>
<w type="IN" lemma="as">as</w>
<w type="JJ" lemma="full">full</w>
<w type="NNS" lemma="member">members</w>
<w type="CC" lemma="and">and</w>
<w type="PP" lemma="we">we</w>
<w type="VVP" lemma="wish">wish</w>
<w type="PP" lemma="them">them</w>
<w type="DT" lemma="all">all</w>
<w type="JJ" lemma="good">good</w>
<w type="NN" lemma="fortune">fortune</w>
<pc type="SENT">.</pc>
</s></p><p><s><w type="PPs" lemma="my">My</w>
<w type="NN" lemma="husband">husband</w>
<w type="CC" lemma="and">and</w>
<w type="PP" lemma="I">I</w>
<w type="VBP" lemma="are">are</w>
<w type="RB" lemma="greatly">greatly</w>
<w type="VVG" lemma="look">looking</w>
<w type="RB" lemma="forward">forward</w>
<w type="TO" lemma="to">to</w>
<w type="VVG" lemma="XXXX">re-visiting</w>
<w type="NP" lemma="New">New</w>
<w type="NP" lemma="Zealand">Zealand</w>
<w type="CC" lemma="and">and</w>
<w type="NP" lemma="Australia">Australia</w>
<w type="IN" lemma="in">in</w>
<w type="DT" lemma="the">the</w>
<w type="NP" lemma="New">New</w>
<w type="NN" lemma="year">Year</w>
<pc type="SENT">.</pc>
</s>
<s><w type="PP" lemma="we">We</w>
<w type="MD" lemma="shall">shall</w>
<w type="VV" lemma="meet">meet</w>
<w type="JJ" lemma="many">many</w>
<w type="JJ" lemma="old">old</w>
<w type="NNS" lemma="friend">friends</w>
<w type="CC" lemma="and">and</w>
<w type="VV" lemma="make">make</w>
<w type="JJ" lemma="new">new</w>
<w type="NNS" lemma="one">ones</w>
<w type="CC" lemma="and">and</w>
<w type="PP" lemma="we">we</w>
<w type="MD" lemma="shall">shall</w>
<w type="VB" lemma="be">be</w>
<w type="RB" lemma="very">very</w>
<w type="JJ" lemma="interested">interested</w>
<w type="TO" lemma="to">to</w>
<w type="VV" lemma="see">see</w>
<w type="DT" lemma="some">some</w>
<w type="IN" lemma="of">of</w>
<w type="DT" lemma="the">the</w>
<w type="JJ" lemma="many">many</w>
<w type="JJ" lemma="new">new</w>
<w type="NNS" lemma="development">developments</w>
<w type="WDT" lemma="which">which</w>
<w type="VHP" lemma="have">have</w>
<w type="VVN" lemma="take">taken</w>
<w type="NN" lemma="place">place</w>
<w type="IN" lemma="since">since</w>
<w type="PP" lemma="I">I</w>
<w type="VBD" lemma="be">was</w>
<w type="JJ" lemma="last">last</w>
<w type="RB" lemma="there">there</w>
<w type="CD" lemma="nine">nine</w>
<w type="NNS" lemma="year">years</w>
<w type="RB" lemma="ago">ago</w>
<pc type="SENT">.</pc>
</s></p><p><s><w type="IN" lemma="in">In</w>
<w type="NN" lemma="spite">spite</w>
<w type="IN" lemma="of">of</w>
<w type="PDT" lemma="all">all</w>
<w type="DT" lemma="the">the</w>
<w type="NNS" lemma="change">changes</w>
<w type="IN" lemma="of">of</w>
<w type="DT" lemma="the">the</w>
<w type="JJ" lemma="modern">modern</w>
<w type="NN" lemma="world">world</w>
<w type="CC" lemma="and">and</w>
<w type="DT" lemma="the">the</w>
<w type="JJ" lemma="many">many</w>
<w type="NNS" lemma="stress">stresses</w>
<w type="CC" lemma="and">and</w>
<w type="NNS" lemma="strain">strains</w>
<w type="VVN" lemma="involve">involved</w>
<pc type="sub">,</pc>
<w type="DT" lemma="the">the</w>
<w type="NN" lemma="feeling">feeling</w>
<w type="IN" lemma="of">of</w>
<w type="DT" lemma="a">a</w>
<w type="JJ" lemma="special">special</w>
<w type="NN" lemma="relationship">relationship</w>
<w type="IN" lemma="between">between</w>
<w type="DT" lemma="the">the</w>
<w type="JJ" lemma="ordinary">ordinary</w>
<w type="NNS" lemma="people">people</w>
<w type="IN" lemma="of">of</w>
<w type="DT" lemma="the">the</w>
<w type="JJR" lemma="old">older</w>
<w type="NP" lemma="Commonwealth">Commonwealth</w>
<w type="NNS" lemma="country">countries</w>
<w type="MD" lemma="will">will</w>
<w type="RB" lemma="never">never</w>
<w type="VB" lemma="be">be</w>
<w type="VVN" lemma="weaken">weakened</w>
<pc type="SENT">.</pc>
</s></p><p><s><w type="DT" lemma="this">This</w>
<w type="NN" lemma="feeling">feeling</w>
<w type="VBZ" lemma="be">is</w>
<w type="RB" lemma="rapidly">rapidly</w>
<w type="VVG" lemma="spread">spreading</w>
<w type="IN" lemma="throughout">throughout</w>
<w type="DT" lemma="the">the</w>
<w type="JJR" lemma="new">newer</w>
<w type="NNS" lemma="member">members</w>
<w type="CC" lemma="and">and</w>
<w type="IN" lemma="in">in</w>
<w type="PPs" lemma="its">its</w>
<w type="NN" lemma="turn">turn</w>
<w type="MD" lemma="will">will</w>
<w type="VV" lemma="help">help</w>
<w type="PP" lemma="us">us</w>
<w type="TO" lemma="to">to</w>
<w type="VV" lemma="realise">realise</w>
<w type="DT" lemma="the">the</w>
<w type="NN" lemma="ideal">ideal</w>
<w type="IN" lemma="of">of</w>
<w type="JJ" lemma="human">human</w>
<w type="NN" lemma="brotherhood">brotherhood</w>
<pc type="SENT">.</pc>
</s></p><p><s><w type="IN" lemma="in">In</w>
<w type="DT" lemma="the">the</w>
<w type="NN" lemma="ideal">ideal</w>
<w type="IN" lemma="of">of</w>
<w type="DT" lemma="the">the</w>
<w type="NP" lemma="Commonwealth">Commonwealth</w>
<w type="PP" lemma="we">we</w>
<w type="VHP" lemma="have">have</w>
<w type="VBN" lemma="be">been</w>
<w type="VVN" lemma="entrust">entrusted</w>
<w type="IN" lemma="with">with</w>
<w type="NN" lemma="something">something</w>
<w type="RB" lemma="very">very</w>
<w type="JJ" lemma="special">special</w>
<pc type="SENT">.</pc>
</s>
<s><w type="PP" lemma="we">We</w>
<w type="VHP" lemma="have">have</w>
<w type="IN" lemma="in">in</w>
<w type="PPs" lemma="our">our</w>
<w type="NNS" lemma="hand">hands</w>
<w type="DT" lemma="a">a</w>
<w type="RBS" lemma="most">most</w>
<w type="JJ" lemma="potent">potent</w>
<w type="NN" lemma="force">force</w>
<w type="IN" lemma="for">for</w>
<w type="JJ" lemma="good">good</w>
<pc type="sub">,</pc>
<w type="CC" lemma="and">and</w>
<w type="CD" lemma="one">one</w>
<w type="IN" lemma="of">of</w>
<w type="DT" lemma="the">the</w>
<w type="JJ" lemma="true">true</w>
<w type="JJ" lemma="unifying">unifying</w>
<w type="NNS" lemma="bond">bonds</w>
<w type="IN" lemma="in">in</w>
<w type="DT" lemma="this">this</w>
<w type="JJ" lemma="torn">torn</w>
<w type="NN" lemma="world">world</w>
<pc type="SENT">.</pc>
</s>
<s><w type="VV" lemma="let">Let</w>
<w type="PP" lemma="us">us</w>
<w type="VV" lemma="keep">keep</w>
<w type="NN" lemma="faith">faith</w>
<w type="IN" lemma="with">with</w>
<w type="DT" lemma="the">the</w>
<w type="NN" lemma="ideal">ideal</w>
<w type="PP" lemma="we">we</w>
<w type="VVP" lemma="know">know</w>
<w type="TO" lemma="to">to</w>
<w type="VB" lemma="be">be</w>
<w type="RB" lemma="right">right</w>
<w type="CC" lemma="and">and</w>
<w type="VB" lemma="be">be</w>
<w type="JJ" lemma="ambitious">ambitious</w>
<w type="IN" lemma="for">for</w>
<w type="DT" lemma="the">the</w>
<w type="JJ" lemma="good">good</w>
<w type="IN" lemma="of">of</w>
<w type="DT" lemma="all">all</w>
<w type="NNS" lemma="man">men</w>
<pc type="SENT">.</pc>
</s></p><p><s><w type="NN" lemma="mankind">Mankind</w>
<w type="VVZ" lemma="continue">continues</w>
<w type="TO" lemma="to">to</w>
<w type="VV" lemma="achieve">achieve</w>
<w type="NNS" lemma="wonder">wonders</w>
<w type="IN" lemma="in">in</w>
<w type="JJ" lemma="technical">technical</w>
<w type="CC" lemma="and">and</w>
<w type="NN" lemma="space">space</w>
<w type="NN" lemma="research">research</w>
<w type="CC" lemma="but">but</w>
<w type="IN" lemma="in">in</w>
<w type="DT" lemma="the">the</w>
<w type="JJ" lemma="western">western</w>
<w type="NN" lemma="world">world</w>
<w type="RB" lemma="perhaps">perhaps</w>
<w type="DT" lemma="the">the</w>
<w type="NN" lemma="launching">launching</w>
<w type="IN" lemma="of">of</w>
<w type="NP" lemma="Telstar">Telstar</w>
<w type="VHZ" lemma="have">has</w>
<w type="VVN" lemma="capture">captured</w>
<w type="DT" lemma="the">the</w>
<w type="NN" lemma="imagination">imagination</w>
<w type="RBS" lemma="most">most</w>
<w type="RB" lemma="vividly">vividly</w>
<pc type="SENT">.</pc>
</s></p><p><s><w type="DT" lemma="this">This</w>
<w type="JJ" lemma="tiny">tiny</w>
<w type="NN" lemma="satellite">satellite</w>
<w type="VHZ" lemma="have">has</w>
<w type="VVN" lemma="become">become</w>
<w type="DT" lemma="the">the</w>
<w type="JJ" lemma="invisible">invisible</w>
<w type="NN" lemma="focus">focus</w>
<w type="IN" lemma="of">of</w>
<w type="DT" lemma="a">a</w>
<w type="CD" lemma="million">million</w>
<w type="NNS" lemma="eye">eyes</w>
<pc type="SENT">.</pc>
</s>
<s><w type="NP" lemma="Telstar">Telstar</w>
<pc type="sub">,</pc>
<w type="CC" lemma="and">and</w>
<w type="PPs" lemma="her">her</w>
<w type="JJ" lemma="sister">sister</w>
<w type="NNS" lemma="satellite">satellites</w>
<w type="IN" lemma="as">as</w>
<w type="PP" lemma="they">they</w>
<w type="VVP" lemma="arise">arise</w>
<pc type="sub">,</pc>
<w type="MD" lemma="can">can</w>
<w type="RB" lemma="now">now</w>
<w type="VV" lemma="show">show</w>
<w type="DT" lemma="the">the</w>
<w type="NN" lemma="world">world</w>
<w type="TO" lemma="to">to</w>
<w type="DT" lemma="the">the</w>
<w type="NN" lemma="world">world</w>
<w type="RB" lemma="just">just</w>
<w type="IN" lemma="as">as</w>
<w type="PP" lemma="it">it</w>
<w type="VBZ" lemma="be">is</w>
<w type="IN" lemma="in">in</w>
<w type="PPs" lemma="its">its</w>
<w type="JJ" lemma="daily">daily</w>
<w type="NN" lemma="life">life</w>
<pc type="SENT">.</pc>
</s>
<s><w type="WP" lemma="What">What</w>
<w type="DT" lemma="a">a</w>
<w type="RB" lemma="wonderfully">wonderfully</w>
<w type="JJ" lemma="exciting">exciting</w>
<w type="NN" lemma="prospect">prospect</w>
<w type="CC" lemma="and">and</w>
<w type="RB" lemma="perhaps">perhaps</w>
<w type="PP" lemma="it">it</w>
<w type="MD" lemma="will">will</w>
<w type="VV" lemma="make">make</w>
<w type="PP" lemma="us">us</w>
<w type="VV" lemma="stop">stop</w>
<w type="CC" lemma="and">and</w>
<w type="VV" lemma="think">think</w>
<w type="IN" lemma="about">about</w>
<w type="WP" lemma="what">what</w>
<w type="NN" lemma="sort">sort</w>
<w type="IN" lemma="of">of</w>
<w type="NN" lemma="picture">picture</w>
<w type="PP" lemma="we">we</w>
<w type="VBP" lemma="are">are</w>
<w type="VVG" lemma="present">presenting</w>
<w type="TO" lemma="to">to</w>
<w type="DT" lemma="each">each</w>
<w type="JJ" lemma="other">other</w>
<pc type="SENT">.</pc>
</s></p><p><s><w type="JJ" lemma="wise">Wise</w>
<w type="NNS" lemma="man">men</w>
<w type="IN" lemma="since">since</w>
<w type="DT" lemma="the">the</w>
<w type="NN" lemma="beginning">beginning</w>
<w type="IN" lemma="of">of</w>
<w type="NN" lemma="time">time</w>
<w type="VHP" lemma="have">have</w>
<w type="VVN" lemma="study">studied</w>
<w type="DT" lemma="the">the</w>
<w type="NNS" lemma="sky">skies</w>
<pc type="SENT">.</pc>
</s>
<s><w type="WDT" lemma="whatever">Whatever</w>
<w type="PPs" lemma="our">our</w>
<w type="NN" lemma="faith">faith</w>
<pc type="sub">,</pc>
<w type="PP" lemma="we">we</w>
<w type="MD" lemma="can">can</w>
<w type="RB" lemma="all">all</w>
<w type="VV" lemma="follow">follow</w>
<w type="DT" lemma="a">a</w>
<w type="NN" lemma="star">star</w>
<pc type="sub">-</pc>
<w type="RB" lemma="indeed">indeed</w>
<w type="PP" lemma="we">we</w>
<w type="MD" lemma="must">must</w>
<w type="VV" lemma="follow">follow</w>
<w type="CD" lemma="one">one</w>
<w type="IN" lemma="if">if</w>
<w type="DT" lemma="the">the</w>
<w type="NN" lemma="immensity">immensity</w>
<w type="IN" lemma="of">of</w>
<w type="DT" lemma="the">the</w>
<w type="JJ" lemma="future">future</w>
<w type="NN" lemma="opening">opening</w>
<w type="IN" lemma="before">before</w>
<w type="PP" lemma="us">us</w>
<w type="VBZ" lemma="be">is</w>
<w type="RB" lemma="not">not</w>
<w type="TO" lemma="to">to</w>
<w type="VV" lemma="dazzle">dazzle</w>
<w type="PPs" lemma="our">our</w>
<w type="NNS" lemma="eye">eyes</w>
<w type="CC" lemma="and">and</w>
<w type="VV" lemma="dissipate">dissipate</w>
<w type="PPs" lemma="our">our</w>
<w type="NN" lemma="sense">sense</w>
<w type="IN" lemma="of">of</w>
<w type="NN" lemma="direction">direction</w>
<pc type="SENT">.</pc>
</s></p><p><s><w type="WRB" lemma="How">How</w>
<w type="VBZ" lemma="be">is</w>
<w type="PP" lemma="it">it</w>
<pc type="sub">,</pc>
<w type="NNS" lemma="people">people</w>
<w type="VVP" lemma="wonder">wonder</w>
<pc type="sub">,</pc>
<w type="IN" lemma="that">that</w>
<w type="PP" lemma="we">we</w>
<w type="VBP" lemma="are">are</w>
<w type="RB" lemma="forever">forever</w>
<w type="VVG" lemma="seek">seeking</w>
<w type="JJ" lemma="new">new</w>
<w type="NNS" lemma="world">worlds</w>
<w type="TO" lemma="to">to</w>
<w type="VV" lemma="conquer">conquer</w>
<w type="IN" lemma="before">before</w>
<w type="PP" lemma="we">we</w>
<w type="VHP" lemma="have">have</w>
<w type="RB" lemma="properly">properly</w>
<w type="VVN" lemma="put">put</w>
<w type="PPs" lemma="our">our</w>
<w type="JJ" lemma="own">own</w>
<w type="NN" lemma="house">house</w>
<w type="IN" lemma="in">in</w>
<w type="NN" lemma="order">order</w>
<pc type="SENT">.</pc>
</s></p><p><s><w type="DT" lemma="some">Some</w>
<w type="NNS" lemma="people">people</w>
<w type="VBP" lemma="are">are</w>
<w type="JJ" lemma="uncertain">uncertain</w>
<w type="WDT" lemma="which">which</w>
<w type="NN" lemma="star">star</w>
<w type="TO" lemma="to">to</w>
<w type="VV" lemma="follow">follow</w>
<pc type="sub">,</pc>
<w type="CC" lemma="or">or</w>
<w type="IN" lemma="if">if</w>
<w type="DT" lemma="any">any</w>
<w type="NN" lemma="star">star</w>
<w type="VBZ" lemma="be">is</w>
<w type="JJ" lemma="worth">worth</w>
<w type="VVG" lemma="follow">following</w>
<w type="IN" lemma="at">at</w>
<w type="DT" lemma="all">all</w>
<pc type="SENT">.</pc>
</s>
<s><w type="WP" lemma="What">What</w>
<w type="VBZ" lemma="be">is</w>
<w type="PP" lemma="it">it</w>
<w type="RB" lemma="all">all</w>
<w type="IN" lemma="for">for</w>
<pc type="sub">,</pc>
<w type="PP" lemma="they">they</w>
<w type="VVP" lemma="ask">ask</w>
<pc type="sub">,</pc>
<w type="IN" lemma="if">if</w>
<w type="PP" lemma="you">you</w>
<w type="MD" lemma="can">can</w>
<w type="VV" lemma="bounce">bounce</w>
<w type="DT" lemma="a">a</w>
<w type="NN" lemma="telephone">telephone</w>
<w type="NN" lemma="conversation">conversation</w>
<w type="CC" lemma="or">or</w>
<w type="DT" lemma="a">a</w>
<w type="NN" lemma="television">television</w>
<w type="NN" lemma="picture">picture</w>
<w type="IN" lemma="through">through</w>
<w type="DT" lemma="the">the</w>
<w type="NNS" lemma="sky">skies</w>
<w type="CC" lemma="and">and</w>
<w type="IN" lemma="across">across</w>
<w type="DT" lemma="the">the</w>
<w type="NN" lemma="world">world</w>
<pc type="sub">,</pc>
<w type="RB" lemma="yet">yet</w>
<w type="RB" lemma="still">still</w>
<w type="VV" lemma="find">find</w>
<w type="JJ" lemma="lonely">lonely</w>
<w type="NNS" lemma="people">people</w>
<w type="VVG" lemma="live">living</w>
<w type="IN" lemma="in">in</w>
<w type="DT" lemma="the">the</w>
<w type="JJ" lemma="same">same</w>
<w type="NN" lemma="street">street</w>
<pc type="SENT">?</pc>
</s></p><p><s><w type="VVG" lemma="follow">Following</w>
<w type="DT" lemma="a">a</w>
<w type="NN" lemma="star">star</w>
<w type="VHZ" lemma="have">has</w>
<w type="JJ" lemma="many">many</w>
<w type="NNS" lemma="meaning">meanings</w>
<pc type="sub">;</pc>
<w type="PP" lemma="it">it</w>
<w type="MD" lemma="can">can</w>
<w type="VV" lemma="mean">mean</w>
<w type="DT" lemma="the">the</w>
<w type="JJ" lemma="religious">religious</w>
<w type="NN" lemma="man">man</w>
<w type="POS" lemma="'s">'s</w>
<w type="NN" lemma="approach">approach</w>
<w type="TO" lemma="to">to</w>
<w type="NP" lemma="God">God</w>
<w type="CC" lemma="or">or</w>
<w type="DT" lemma="the">the</w>
<w type="NNS" lemma="hope">hopes</w>
<w type="IN" lemma="of">of</w>
<w type="NNS" lemma="parent">parents</w>
<w type="IN" lemma="for">for</w>
<w type="PPs" lemma="their">their</w>
<w type="NNS" lemma="child">children</w>
<pc type="sub">,</pc>
<w type="CC" lemma="or">or</w>
<w type="DT" lemma="the">the</w>
<w type="NN" lemma="ambition">ambition</w>
<w type="IN" lemma="of">of</w>
<w type="JJ" lemma="young">young</w>
<w type="NNS" lemma="man">men</w>
<w type="CC" lemma="and">and</w>
<w type="NNS" lemma="woman">women</w>
<pc type="sub">,</pc>
<w type="CC" lemma="or">or</w>
<w type="DT" lemma="the">the</w>
<w type="NN" lemma="devotion">devotion</w>
<w type="IN" lemma="of">of</w>
<w type="JJ" lemma="old">old</w>
<w type="NNS" lemma="country">countries</w>
<w type="VVP" lemma="like">like</w>
<w type="PP" lemma="ours">ours</w>
<w type="TO" lemma="to">to</w>
<w type="JJ" lemma="well-tried">well-tried</w>
<w type="NNS" lemma="ideal">ideals</w>
<w type="IN" lemma="of">of</w>
<w type="NN" lemma="toleration">toleration</w>
<w type="CC" lemma="and">and</w>
<w type="NN" lemma="justice">justice</w>
<pc type="sub">,</pc>
<w type="IN" lemma="with">with</w>
<w type="DT" lemma="no">no</w>
<w type="NN" lemma="distinction">distinction</w>
<w type="IN" lemma="of">of</w>
<w type="NN" lemma="race">race</w>
<w type="CC" lemma="or">or</w>
<w type="NN" lemma="creed">creed</w>
<pc type="SENT">.</pc>
</s></p><p><s><w type="DT" lemma="the">The</w>
<w type="JJ" lemma="wise">wise</w>
<w type="NNS" lemma="man">men</w>
<w type="IN" lemma="of">of</w>
<w type="JJ" lemma="old">old</w>
<w type="VVD" lemma="follow">followed</w>
<w type="DT" lemma="a">a</w>
<w type="NN" lemma="star">star</w>
<pc type="sub">:</pc>
<w type="JJ" lemma="modern">modern</w>
<w type="NN" lemma="man">man</w>
<w type="VHZ" lemma="have">has</w>
<w type="VVN" lemma="build">built</w>
<w type="CD" lemma="one">one</w>
<pc type="SENT">.</pc>
</s>
<s><w type="CC" lemma="but">But</w>
<w type="IN" lemma="unless">unless</w>
<w type="DT" lemma="the">the</w>
<w type="NN" lemma="message">message</w>
<w type="IN" lemma="of">of</w>
<w type="DT" lemma="this">this</w>
<w type="JJ" lemma="new">new</w>
<w type="NN" lemma="star">star</w>
<w type="VBZ" lemma="be">is</w>
<w type="DT" lemma="the">the</w>
<w type="JJ" lemma="same">same</w>
<w type="IN" lemma="as">as</w>
<w type="JJ" lemma="theirs">theirs</w>
<w type="PPs" lemma="our">our</w>
<w type="NN" lemma="wisdom">wisdom</w>
<w type="MD" lemma="will">will</w>
<w type="VV" lemma="count">count</w>
<w type="IN" lemma="for">for</w>
<w type="NN" lemma="nought">nought</w>
<pc type="SENT">.</pc>
</s>
<s><w type="RB" lemma="now">Now</w>
<w type="PP" lemma="we">we</w>
<w type="MD" lemma="can">can</w>
<w type="RB" lemma="all">all</w>
<w type="VV" lemma="say">say</w>
<w type="DT" lemma="the">the</w>
<w type="NN" lemma="world">world</w>
<w type="VBZ" lemma="be">is</w>
<w type="PPs" lemma="my">my</w>
<w type="NN" lemma="neighbour">neighbour</w>
<w type="CC" lemma="and">and</w>
<w type="PP" lemma="it">it</w>
<w type="VBZ" lemma="be">is</w>
<w type="RB" lemma="only">only</w>
<w type="IN" lemma="in">in</w>
<w type="VVG" lemma="serve">serving</w>
<w type="CD" lemma="one">one</w>
<w type="DT" lemma="another">another</w>
<w type="IN" lemma="that">that</w>
<w type="PP" lemma="we">we</w>
<w type="MD" lemma="can">can</w>
<w type="VV" lemma="reach">reach</w>
<w type="IN" lemma="for">for</w>
<w type="DT" lemma="the">the</w>
<w type="NNS" lemma="star">stars</w>
<pc type="SENT">.</pc>
</s></p><p><s><w type="NP" lemma="God">God</w>
<w type="VV" lemma="bless">bless</w>
<w type="PP" lemma="you">you</w>
<w type="DT" lemma="all">all</w>
<pc type="SENT">.</pc>
</s></p></div>