<div n="1963"><head><s><w type="NP" lemma="Christmas">Christmas</w>
<w type="NP" lemma="Broadcast">Broadcast</w>
<w type="CD" lemma="@card@">1963</w>
</s></head><p><s><w type="IN" lemma="since">Since</w>
<w type="PPs" lemma="my">my</w>
<w type="JJ" lemma="last">last</w>
<w type="NN" lemma="message">message</w>
<w type="IN" lemma="of">of</w>
<w type="NP" lemma="Christmas">Christmas</w>
<w type="NNS" lemma="greeting">greetings</w>
<w type="TO" lemma="to">to</w>
<w type="PP" lemma="you">you</w>
<w type="RB" lemma="all">all</w>
<pc type="sub">,</pc>
<w type="DT" lemma="the">the</w>
<w type="NN" lemma="world">world</w>
<w type="VHZ" lemma="have">has</w>
<w type="VVN" lemma="witness">witnessed</w>
<w type="JJ" lemma="many">many</w>
<w type="JJ" lemma="great">great</w>
<w type="NNS" lemma="event">events</w>
<w type="CC" lemma="and">and</w>
<w type="JJ" lemma="sweeping">sweeping</w>
<w type="NNS" lemma="change">changes</w>
<pc type="sub">,</pc>
<w type="CC" lemma="but">but</w>
<w type="PP" lemma="they">they</w>
<w type="VBP" lemma="are">are</w>
<w type="RB" lemma="already">already</w>
<w type="NN" lemma="part">part</w>
<w type="IN" lemma="of">of</w>
<w type="DT" lemma="the">the</w>
<w type="JJ" lemma="long">long</w>
<w type="NN" lemma="record">record</w>
<w type="IN" lemma="of">of</w>
<w type="NN" lemma="history">history</w>
<pc type="SENT">.</pc>
</s></p><p><s><w type="RB" lemma="now">Now</w>
<pc type="sub">,</pc>
<w type="IN" lemma="as">as</w>
<w type="RB" lemma="ever">ever</w>
<pc type="sub">,</pc>
<w type="DT" lemma="the">the</w>
<w type="JJ" lemma="important">important</w>
<w type="NN" lemma="time">time</w>
<w type="IN" lemma="for">for</w>
<w type="NN" lemma="mankind">mankind</w>
<w type="VBZ" lemma="be">is</w>
<w type="DT" lemma="the">the</w>
<w type="NN" lemma="future">future</w>
<pc type="sub">;</pc>
<w type="DT" lemma="the">the</w>
<w type="JJ" lemma="coming">coming</w>
<w type="NNS" lemma="year">years</w>
<w type="VBP" lemma="are">are</w>
<w type="JJ" lemma="full">full</w>
<w type="IN" lemma="of">of</w>
<w type="NN" lemma="hope">hope</w>
<w type="CC" lemma="and">and</w>
<w type="NN" lemma="promise">promise</w>
<w type="CC" lemma="and">and</w>
<w type="PPs" lemma="their">their</w>
<w type="NN" lemma="course">course</w>
<w type="MD" lemma="can">can</w>
<w type="RB" lemma="still">still</w>
<w type="VB" lemma="be">be</w>
<w type="VVN" lemma="shape">shaped</w>
<w type="IN" lemma="by">by</w>
<w type="PPs" lemma="our">our</w>
<w type="NN" lemma="will">will</w>
<w type="CC" lemma="and">and</w>
<w type="NN" lemma="action">action</w>
<pc type="SENT">.</pc>
</s></p><p><s><w type="DT" lemma="the">The</w>
<w type="NN" lemma="message">message</w>
<w type="IN" lemma="of">of</w>
<w type="NP" lemma="Christmas">Christmas</w>
<w type="VVZ" lemma="remain">remains</w>
<w type="DT" lemma="the">the</w>
<w type="JJ" lemma="same">same</w>
<pc type="sub">;</pc>
<w type="CC" lemma="but">but</w>
<w type="NN" lemma="humanity">humanity</w>
<w type="MD" lemma="can">can</w>
<w type="RB" lemma="only">only</w>
<w type="VV" lemma="progress">progress</w>
<w type="IN" lemma="if">if</w>
<w type="PP" lemma="we">we</w>
<w type="VBP" lemma="are">are</w>
<w type="RB" lemma="all">all</w>
<w type="RB" lemma="truly">truly</w>
<w type="JJ" lemma="ambitious">ambitious</w>
<w type="IN" lemma="for">for</w>
<w type="WP" lemma="what">what</w>
<w type="VBZ" lemma="be">is</w>
<w type="JJ" lemma="good">good</w>
<w type="CC" lemma="and">and</w>
<w type="JJ" lemma="honourable">honourable</w>
<pc type="SENT">.</pc>
</s>
<s><w type="PP" lemma="we">We</w>
<w type="VVP" lemma="know">know</w>
<w type="DT" lemma="the">the</w>
<w type="NN" lemma="reward">reward</w>
<w type="VBZ" lemma="be">is</w>
<w type="NN" lemma="peace">peace</w>
<w type="IN" lemma="on">on</w>
<w type="NN" lemma="earth">earth</w>
<pc type="sub">,</pc>
<w type="NN" lemma="goodwill">goodwill</w>
<w type="IN" lemma="toward">toward</w>
<w type="NNS" lemma="man">men</w>
<pc type="sub">,</pc>
<w type="CC" lemma="but">but</w>
<w type="PP" lemma="we">we</w>
<w type="NN" lemma="XXXX">cannot</w>
<w type="VV" lemma="win">win</w>
<w type="PP" lemma="it">it</w>
<w type="IN" lemma="without">without</w>
<w type="NN" lemma="determination">determination</w>
<w type="CC" lemma="and">and</w>
<w type="JJ" lemma="concerted">concerted</w>
<w type="NN" lemma="effort">effort</w>
<pc type="SENT">.</pc>
</s></p><p><s><w type="CD" lemma="One">One</w>
<w type="JJ" lemma="such">such</w>
<w type="JJ" lemma="concerted">concerted</w>
<w type="NN" lemma="effort">effort</w>
<w type="VHZ" lemma="have">has</w>
<w type="VBN" lemma="be">been</w>
<w type="DT" lemma="the">the</w>
<w type="NN" lemma="campaign">campaign</w>
<w type="TO" lemma="to">to</w>
<w type="VV" lemma="free">free</w>
<w type="DT" lemma="the">the</w>
<w type="NN" lemma="world">world</w>
<w type="IN" lemma="from">from</w>
<w type="NN" lemma="hunger">hunger</w>
<pc type="SENT">.</pc>
</s>
<s><w type="PP" lemma="I">I</w>
<w type="VBP" lemma="am">am</w>
<w type="RB" lemma="very">very</w>
<w type="JJ" lemma="happy">happy</w>
<w type="TO" lemma="to">to</w>
<w type="VV" lemma="know">know</w>
<w type="IN" lemma="that">that</w>
<w type="DT" lemma="the">the</w>
<w type="NNS" lemma="people">people</w>
<w type="IN" lemma="of">of</w>
<w type="DT" lemma="the">the</w>
<w type="NP" lemma="Commonwealth">Commonwealth</w>
<w type="VHP" lemma="have">have</w>
<w type="VVN" lemma="respond">responded</w>
<w type="RB" lemma="so">so</w>
<w type="RB" lemma="generously">generously</w>
<w type="TO" lemma="to">to</w>
<w type="DT" lemma="this">this</w>
<w type="NN" lemma="campaign">campaign</w>
<pc type="SENT">.</pc>
</s></p><p><s><w type="JJ" lemma="much">Much</w>
<w type="VHZ" lemma="have">has</w>
<w type="VBN" lemma="be">been</w>
<w type="VVN" lemma="achieve">achieved</w>
<w type="CC" lemma="but">but</w>
<w type="EX" lemma="there">there</w>
<w type="VBZ" lemma="be">is</w>
<w type="RB" lemma="still">still</w>
<w type="JJ" lemma="much">much</w>
<w type="TO" lemma="to">to</w>
<w type="VV" lemma="do">do</w>
<w type="CC" lemma="and">and</w>
<w type="IN" lemma="on">on</w>
<w type="DT" lemma="this">this</w>
<w type="NN" lemma="day">day</w>
<w type="IN" lemma="of">of</w>
<w type="NNS" lemma="reunion">reunions</w>
<w type="CC" lemma="and">and</w>
<w type="NNS" lemma="festivity">festivities</w>
<w type="IN" lemma="in">in</w>
<w type="DT" lemma="the">the</w>
<w type="NN" lemma="glow">glow</w>
<w type="IN" lemma="of">of</w>
<w type="NP" lemma="Christmas">Christmas</w>
<pc type="sub">,</pc>
<w type="VVD" lemma="let">let</w>
<w type="PP" lemma="us">us</w>
<w type="VVP" lemma="remember">remember</w>
<w type="DT" lemma="the">the</w>
<w type="JJ" lemma="many">many</w>
<w type="VVN" lemma="undernourish">undernourished</w>
<w type="NNS" lemma="people">people</w>
<pc type="sub">,</pc>
<w type="JJ" lemma="young">young</w>
<w type="CC" lemma="and">and</w>
<w type="JJ" lemma="old">old</w>
<pc type="sub">,</pc>
<w type="VVN" lemma="scatter">scattered</w>
<w type="IN" lemma="throughout">throughout</w>
<w type="DT" lemma="the">the</w>
<w type="NN" lemma="world">world</w>
<pc type="SENT">.</pc>
</s></p><p><s><w type="PDT" lemma="All">All</w>
<w type="PPs" lemma="my">my</w>
<w type="NN" lemma="family">family</w>
<w type="VVZ" lemma="join">joins</w>
<w type="PP" lemma="me">me</w>
<w type="IN" lemma="in">in</w>
<w type="VVG" lemma="send">sending</w>
<w type="DT" lemma="every">every</w>
<w type="NN" lemma="one">one</w>
<w type="IN" lemma="of">of</w>
<w type="PP" lemma="you">you</w>
<w type="RBS" lemma="best">best</w>
<w type="NNS" lemma="wish">wishes</w>
<w type="IN" lemma="for">for</w>
<w type="NP" lemma="Christmas">Christmas</w>
<w type="CC" lemma="and">and</w>
<w type="MD" lemma="may">may</w>
<w type="NP" lemma="God">God</w>
<w type="POS" lemma="'s">'s</w>
<w type="NN" lemma="blessing">blessing</w>
<w type="VB" lemma="be">be</w>
<w type="IN" lemma="with">with</w>
<w type="PP" lemma="you">you</w>
<w type="IN" lemma="in">in</w>
<w type="DT" lemma="the">the</w>
<w type="JJ" lemma="coming">coming</w>
<w type="NN" lemma="year">year</w>
<pc type="SENT">.</pc>
</s></p></div>