<div n="1964"><head><s><w type="NP" lemma="Christmas">Christmas</w>
<w type="NP" lemma="Broadcast">Broadcast</w>
<w type="CD" lemma="@card@">1964</w>
</s></head><p><s><w type="IN" lemma="as">As</w>
<w type="PP" lemma="I">I</w>
<w type="VVP" lemma="begin">begin</w>
<w type="PPs" lemma="my">my</w>
<w type="NP" lemma="Christmas">Christmas</w>
<w type="NP" lemma="Broadcast">Broadcast</w>
<w type="TO" lemma="to">to</w>
<w type="PP" lemma="you">you</w>
<pc type="sub">,</pc>
<w type="DT" lemma="the">the</w>
<w type="NNS" lemma="people">people</w>
<w type="IN" lemma="of">of</w>
<w type="NP" lemma="Great">Great</w>
<w type="NP" lemma="Britain">Britain</w>
<w type="CC" lemma="and">and</w>
<w type="IN" lemma="of">of</w>
<w type="DT" lemma="the">the</w>
<w type="JJ" lemma="other">other</w>
<w type="NP" lemma="Commonwealth">Commonwealth</w>
<w type="NNS" lemma="country">countries</w>
<pc type="sub">,</pc>
<w type="PPs" lemma="my">my</w>
<w type="NN" lemma="mind">mind</w>
<w type="VVZ" lemma="travel">travels</w>
<w type="RB" lemma="far">far</w>
<w type="RB" lemma="away">away</w>
<pc type="sub">,</pc>
<w type="CC" lemma="and">and</w>
<w type="IN" lemma="for">for</w>
<w type="CD" lemma="one">one</w>
<w type="NN" lemma="moment">moment</w>
<w type="PP" lemma="I">I</w>
<w type="VVP" lemma="seem">seem</w>
<w type="TO" lemma="to">to</w>
<w type="VB" lemma="be">be</w>
<w type="IN" lemma="with">with</w>
<w type="PP" lemma="you">you</w>
<w type="IN" lemma="in">in</w>
<w type="JJ" lemma="many">many</w>
<w type="NNS" lemma="country">countries</w>
<pc type="sub">,</pc>
<w type="WDT" lemma="which">which</w>
<w type="VBP" lemma="are">are</w>
<w type="RB" lemma="now">now</w>
<w type="RB" lemma="almost">almost</w>
<w type="RB" lemma="as">as</w>
<w type="JJ" lemma="familiar">familiar</w>
<w type="IN" lemma="as">as</w>
<w type="PPs" lemma="my">my</w>
<w type="JJ" lemma="own">own</w>
<w type="JJ" lemma="native">native</w>
<w type="NN" lemma="land">land</w>
<pc type="SENT">.</pc>
</s></p><p><s><w type="TO" lemma="To">To</w>
<w type="PP" lemma="you">you</w>
<w type="RB" lemma="all">all</w>
<pc type="sub">,</pc>
<w type="PPs" lemma="my">my</w>
<w type="NN" lemma="family">family</w>
<w type="CC" lemma="and">and</w>
<w type="PP" lemma="I">I</w>
<w type="VVP" lemma="send">send</w>
<w type="PPs" lemma="our">our</w>
<w type="JJ" lemma="affectionate">affectionate</w>
<w type="NNS" lemma="greeting">greetings</w>
<w type="CC" lemma="and">and</w>
<w type="VVP" lemma="hope">hope</w>
<w type="IN" lemma="that">that</w>
<w type="PPs" lemma="your">your</w>
<w type="NP" lemma="Christmas">Christmas</w>
<w type="VBZ" lemma="be">is</w>
<w type="DT" lemma="a">a</w>
<w type="JJ" lemma="happy">happy</w>
<w type="NN" lemma="one">one</w>
<pc type="SENT">.</pc>
</s></p><p><s><w type="VV" lemma="let">Let</w>
<w type="PP" lemma="us">us</w>
<w type="VV" lemma="think">think</w>
<w type="IN" lemma="for">for</w>
<w type="DT" lemma="a">a</w>
<w type="NN" lemma="moment">moment</w>
<w type="IN" lemma="about">about</w>
<w type="DT" lemma="this">this</w>
<w type="JJ" lemma="great">great</w>
<w type="NN" lemma="commonwealth">Commonwealth</w>
<pc type="SENT">.</pc>
</s>
<s><w type="WP" lemma="What">What</w>
<w type="VBZ" lemma="be">is</w>
<w type="DT" lemma="this">this</w>
<w type="NN" lemma="wealth">wealth</w>
<w type="WDT" lemma="which">which</w>
<w type="PP" lemma="we">we</w>
<w type="VHP" lemma="have">have</w>
<w type="IN" lemma="in">in</w>
<w type="JJ" lemma="common">common</w>
<w type="CC" lemma="and">and</w>
<w type="WDT" lemma="which">which</w>
<w type="VBZ" lemma="be">is</w>
<w type="RB" lemma="so">so</w>
<w type="RB" lemma="much">much</w>
<w type="JJR" lemma="more">more</w>
<w type="IN" lemma="than">than</w>
<w type="PPs" lemma="our">our</w>
<w type="JJ" lemma="collective">collective</w>
<w type="NNS" lemma="resource">resources</w>
<pc type="sub">,</pc>
<w type="JJ" lemma="massive">massive</w>
<w type="IN" lemma="though">though</w>
<w type="PP" lemma="they">they</w>
<w type="VBP" lemma="are">are</w>
<pc type="SENT">?</pc>
</s></p><p><s><w type="PP" lemma="I">I</w>
<w type="VVP" lemma="know">know</w>
<w type="DT" lemma="that">that</w>
<w type="NN" lemma="life">life</w>
<w type="VBZ" lemma="be">is</w>
<w type="JJ" lemma="hard">hard</w>
<w type="IN" lemma="for">for</w>
<w type="JJ" lemma="many">many</w>
<pc type="SENT">.</pc>
</s>
<s><w type="DT" lemma="the">The</w>
<w type="NNS" lemma="problem">problems</w>
<w type="WDT" lemma="which">which</w>
<w type="VVP" lemma="face">face</w>
<w type="NN" lemma="mankind">mankind</w>
<w type="RB" lemma="often">often</w>
<w type="VVP" lemma="seem">seem</w>
<w type="TO" lemma="to">to</w>
<w type="VV" lemma="defy">defy</w>
<w type="NN" lemma="solution">solution</w>
<pc type="SENT">.</pc>
</s>
<s><w type="DT" lemma="some">Some</w>
<w type="IN" lemma="of">of</w>
<w type="PPs" lemma="our">our</w>
<w type="NP" lemma="Commonwealth">Commonwealth</w>
<w type="NNS" lemma="friend">friends</w>
<w type="RB" lemma="overseas">overseas</w>
<w type="VBP" lemma="are">are</w>
<w type="VVG" lemma="grapple">grappling</w>
<w type="IN" lemma="with">with</w>
<w type="NNS" lemma="difficulty">difficulties</w>
<w type="JJ" lemma="unknown">unknown</w>
<w type="IN" lemma="in">in</w>
<w type="DT" lemma="a">a</w>
<w type="JJ" lemma="complex">complex</w>
<w type="JJ" lemma="industrial">industrial</w>
<w type="NN" lemma="country">country</w>
<w type="JJ" lemma="such">such</w>
<w type="IN" lemma="as">as</w>
<w type="NP" lemma="Great">Great</w>
<w type="NP" lemma="Britain">Britain</w>
<pc type="SENT">.</pc>
</s></p><p><s><w type="EX" lemma="There">There</w>
<w type="VBP" lemma="are">are</w>
<w type="NNS" lemma="difficulty">difficulties</w>
<w type="IN" lemma="of">of</w>
<w type="NN" lemma="over-population">over-population</w>
<pc type="sub">,</pc>
<w type="EX" lemma="there">there</w>
<w type="VBZ" lemma="be">is</w>
<w type="NN" lemma="hunger">hunger</w>
<pc type="sub">,</pc>
<w type="CC" lemma="and">and</w>
<w type="NN" lemma="drought">drought</w>
<w type="CC" lemma="and">and</w>
<w type="NN" lemma="lack">lack</w>
<w type="IN" lemma="of">of</w>
<w type="NN" lemma="power">power</w>
<pc type="SENT">.</pc>
</s>
<s><w type="EX" lemma="There">There</w>
<w type="VBP" lemma="are">are</w>
<w type="JJ" lemma="yearly">yearly</w>
<w type="NNS" lemma="ten">tens</w>
<w type="IN" lemma="of">of</w>
<w type="NNS" lemma="thousand">thousands</w>
<w type="IN" lemma="of">of</w>
<w type="JJ" lemma="young">young</w>
<w type="NNS" lemma="people">people</w>
<w type="VVG" lemma="flock">flocking</w>
<w type="IN" lemma="into">into</w>
<w type="NNS" lemma="school">schools</w>
<pc type="sub">,</pc>
<w type="VVG" lemma="seek">seeking</w>
<w type="NN" lemma="education">education</w>
<pc type="SENT">.</pc>
</s></p><p><s><w type="PP" lemma="I">I</w>
<w type="VVP" lemma="welcome">welcome</w>
<w type="DT" lemma="the">the</w>
<w type="NN" lemma="chance">chance</w>
<w type="IN" lemma="of">of</w>
<w type="VVG" lemma="hear">hearing</w>
<w type="JJR" lemma="more">more</w>
<w type="IN" lemma="about">about</w>
<w type="DT" lemma="these">these</w>
<w type="NNS" lemma="problem">problems</w>
<w type="WRB" lemma="when">when</w>
<w type="JJ" lemma="individual">individual</w>
<w type="NP" lemma="Ministers">Ministers</w>
<w type="IN" lemma="from">from</w>
<w type="DT" lemma="the">the</w>
<w type="NP" lemma="Commonwealth">Commonwealth</w>
<w type="VV" lemma="come">come</w>
<w type="TO" lemma="to">to</w>
<w type="DT" lemma="this">this</w>
<w type="NN" lemma="country">country</w>
<pc type="sub">,</pc>
<w type="CC" lemma="and">and</w>
<w type="RB" lemma="also">also</w>
<w type="IN" lemma="on">on</w>
<w type="JJ" lemma="such">such</w>
<w type="JJ" lemma="special">special</w>
<w type="NNS" lemma="occasion">occasions</w>
<w type="IN" lemma="as">as</w>
<w type="DT" lemma="the">the</w>
<w type="NP" lemma="Prime">Prime</w>
<w type="NP" lemma="Ministers">Ministers</w>
<w type="POS" lemma="'">'</w>
<w type="NNS" lemma="meeting">Meetings</w>
<pc type="SENT">.</pc>
</s></p><p><s><w type="IN" lemma="at">At</w>
<w type="NNS" lemma="moment">moments</w>
<w type="IN" lemma="like">like</w>
<w type="DT" lemma="this">this</w>
<w type="PP" lemma="I">I</w>
<w type="VHP" lemma="have">have</w>
<w type="DT" lemma="the">the</w>
<w type="NN" lemma="benefit">benefit</w>
<pc type="sub">,</pc>
<w type="RB" lemma="not">not</w>
<w type="RB" lemma="only">only</w>
<w type="IN" lemma="of">of</w>
<w type="VVG" lemma="get">getting</w>
<w type="TO" lemma="to">to</w>
<w type="VV" lemma="know">know</w>
<w type="DT" lemma="some">some</w>
<w type="IN" lemma="of">of</w>
<w type="PPs" lemma="my">my</w>
<w type="NP" lemma="Prime">Prime</w>
<w type="NP" lemma="Ministers">Ministers</w>
<w type="RBR" lemma="better">better</w>
<pc type="sub">,</pc>
<w type="CC" lemma="but">but</w>
<w type="IN" lemma="of">of</w>
<w type="VVG" lemma="welcome">welcoming</w>
<w type="NNS" lemma="leader">leaders</w>
<w type="IN" lemma="from">from</w>
<w type="DT" lemma="the">the</w>
<w type="JJ" lemma="new">new</w>
<w type="NNS" lemma="nation">nations</w>
<w type="IN" lemma="of">of</w>
<w type="DT" lemma="the">the</w>
<w type="NP" lemma="Commonwealth">Commonwealth</w>
<pc type="SENT">.</pc>
</s></p><p><s><w type="PP" lemma="I">I</w>
<w type="VVP" lemma="value">value</w>
<w type="RB" lemma="very">very</w>
<w type="RB" lemma="highly">highly</w>
<w type="DT" lemma="these">these</w>
<w type="NNS" lemma="meeting">meetings</w>
<pc type="sub">,</pc>
<w type="WDT" lemma="which">which</w>
<w type="VVP" lemma="allow">allow</w>
<w type="PP" lemma="me">me</w>
<w type="TO" lemma="to">to</w>
<w type="VV" lemma="draw">draw</w>
<w type="IN" lemma="on">on</w>
<w type="DT" lemma="the">the</w>
<w type="NN" lemma="wisdom">wisdom</w>
<w type="IN" lemma="of">of</w>
<w type="PDT" lemma="such">such</w>
<w type="DT" lemma="a">a</w>
<w type="JJ" lemma="representative">representative</w>
<w type="NN" lemma="gathering">gathering</w>
<pc type="SENT">.</pc>
</s>
<s><w type="PP" lemma="I">I</w>
<w type="VVP" lemma="believe">believe</w>
<w type="IN" lemma="that">that</w>
<w type="IN" lemma="in">in</w>
<w type="NP" lemma="God">God</w>
<w type="POS" lemma="'s">'s</w>
<w type="JJ" lemma="good">good</w>
<w type="NN" lemma="time">time</w>
<w type="RB" lemma="all">all</w>
<w type="DT" lemma="the">the</w>
<w type="NNS" lemma="people">peoples</w>
<w type="IN" lemma="of">of</w>
<w type="PPs" lemma="our">our</w>
<w type="NP" lemma="Commonwealth">Commonwealth</w>
<pc type="sub">,</pc>
<w type="VVG" lemma="work">working</w>
<w type="NN" lemma="side">side</w>
<w type="IN" lemma="by">by</w>
<w type="NN" lemma="side">side</w>
<pc type="sub">,</pc>
<w type="MD" lemma="will">will</w>
<w type="VV" lemma="attain">attain</w>
<w type="NN" lemma="prosperity">prosperity</w>
<pc type="SENT">.</pc>
</s></p><p><s><w type="DT" lemma="the">The</w>
<w type="NN" lemma="thread">thread</w>
<w type="WDT" lemma="which">which</w>
<w type="VVZ" lemma="run">runs</w>
<w type="IN" lemma="through">through</w>
<w type="PPs" lemma="our">our</w>
<w type="NN" lemma="commonwealth">Commonwealth</w>
<w type="VBZ" lemma="be">is</w>
<w type="NN" lemma="love">love</w>
<w type="IN" lemma="of">of</w>
<w type="NN" lemma="freedom">freedom</w>
<pc type="sub">,</pc>
<w type="CC" lemma="and">and</w>
<w type="PP" lemma="it">it</w>
<w type="VBZ" lemma="be">is</w>
<w type="RB" lemma="perhaps">perhaps</w>
<w type="IN" lemma="in">in</w>
<w type="DT" lemma="this">this</w>
<pc type="sub">,</pc>
<w type="JJR" lemma="more">more</w>
<w type="IN" lemma="than">than</w>
<w type="IN" lemma="in">in</w>
<w type="NN" lemma="anything">anything</w>
<w type="RB" lemma="else">else</w>
<pc type="sub">,</pc>
<w type="IN" lemma="that">that</w>
<w type="PPs" lemma="our">our</w>
<w type="JJ" lemma="real">real</w>
<w type="NN" lemma="wealth">wealth</w>
<w type="VVZ" lemma="lie">lies</w>
<pc type="SENT">.</pc>
</s>
<s><w type="RB" lemma="now">Now</w>
<w type="DT" lemma="the">the</w>
<w type="NN" lemma="word">word</w>
<w type="NN" lemma="XXXX">'freedom</w>
<w type="POS" lemma="'">'</w>
<pc type="sub">,</pc>
<w type="IN" lemma="like">like</w>
<w type="DT" lemma="the">the</w>
<w type="NN" lemma="word">word</w>
<w type="NN" lemma="XXXX">'democracy</w>
<w type="POS" lemma="'">'</w>
<pc type="sub">,</pc>
<w type="VBZ" lemma="be">is</w>
<w type="DT" lemma="a">a</w>
<w type="JJ" lemma="simple">simple</w>
<w type="NN" lemma="one">one</w>
<w type="VVG" lemma="imply">implying</w>
<w type="DT" lemma="a">a</w>
<w type="JJ" lemma="simple">simple</w>
<w type="NN" lemma="idea">idea</w>
<pc type="sub">,</pc>
<w type="CC" lemma="and">and</w>
<w type="RB" lemma="yet">yet</w>
<w type="NN" lemma="freedom">freedom</w>
<pc type="sub">,</pc>
<w type="TO" lemma="to">to</w>
<w type="VB" lemma="be">be</w>
<w type="JJ" lemma="effective">effective</w>
<pc type="sub">,</pc>
<w type="MD" lemma="must">must</w>
<w type="VB" lemma="be">be</w>
<w type="VVN" lemma="discipline">disciplined</w>
<pc type="SENT">.</pc>
</s></p><p><s><w type="JJ" lemma="absolute">Absolute</w>
<w type="NN" lemma="freedom">freedom</w>
<w type="VBZ" lemma="be">is</w>
<w type="DT" lemma="a">a</w>
<w type="NN" lemma="state">state</w>
<w type="JJ" lemma="unknown">unknown</w>
<w type="TO" lemma="to">to</w>
<w type="DT" lemma="the">the</w>
<w type="NN" lemma="historian">historian</w>
<pc type="SENT">.</pc>
</s>
<s><w type="DT" lemma="the">The</w>
<w type="JJ" lemma="many">many</w>
<w type="JJ" lemma="ancient">ancient</w>
<w type="NNS" lemma="institution">institutions</w>
<w type="CC" lemma="and">and</w>
<w type="NNS" lemma="tradition">traditions</w>
<w type="WDT" lemma="which">which</w>
<w type="PP" lemma="we">we</w>
<w type="VHP" lemma="have">have</w>
<w type="VVN" lemma="inherit">inherited</w>
<pc type="sub">,</pc>
<w type="CC" lemma="and">and</w>
<w type="WDT" lemma="which">which</w>
<w type="VBP" lemma="are">are</w>
<w type="JJ" lemma="familiar">familiar</w>
<w type="TO" lemma="to">to</w>
<w type="PP" lemma="us">us</w>
<w type="DT" lemma="all">all</w>
<pc type="sub">,</pc>
<w type="VV" lemma="provide">provide</w>
<w type="DT" lemma="a">a</w>
<w type="NN" lemma="framework">framework</w>
<w type="CC" lemma="and">and</w>
<w type="DT" lemma="a">a</w>
<w type="JJ" lemma="dignified">dignified</w>
<w type="NN" lemma="background">background</w>
<w type="TO" lemma="to">to</w>
<w type="PPs" lemma="our">our</w>
<w type="NN" lemma="way">way</w>
<w type="IN" lemma="of">of</w>
<w type="NN" lemma="life">life</w>
<pc type="SENT">.</pc>
</s>
<s><w type="IN" lemma="if">If</w>
<w type="PP" lemma="it">it</w>
<w type="VBZ" lemma="be">is</w>
<w type="RB" lemma="not">not</w>
<w type="TO" lemma="to">to</w>
<w type="VV" lemma="degenerate">degenerate</w>
<pc type="sub">,</pc>
<w type="NN" lemma="freedom">freedom</w>
<w type="MD" lemma="must">must</w>
<w type="VB" lemma="be">be</w>
<w type="VVN" lemma="maintain">maintained</w>
<w type="IN" lemma="by">by</w>
<w type="DT" lemma="a">a</w>
<w type="CD" lemma="thousand">thousand</w>
<w type="JJ" lemma="invisible">invisible</w>
<w type="NNS" lemma="force">forces</w>
<pc type="sub">,</pc>
<w type="NN" lemma="self-discipline">self-discipline</w>
<pc type="sub">,</pc>
<w type="DT" lemma="the">the</w>
<w type="NP" lemma="Common">Common</w>
<w type="NP" lemma="Law">Law</w>
<pc type="sub">,</pc>
<w type="DT" lemma="the">the</w>
<w type="NN" lemma="right">right</w>
<w type="IN" lemma="of">of</w>
<w type="NNS" lemma="citizen">citizens</w>
<w type="TO" lemma="to">to</w>
<w type="VV" lemma="assemble">assemble</w>
<pc type="sub">,</pc>
<w type="CC" lemma="and">and</w>
<w type="TO" lemma="to">to</w>
<w type="VV" lemma="speak">speak</w>
<w type="CC" lemma="and">and</w>
<w type="VV" lemma="argue">argue</w>
<pc type="SENT">.</pc>
</s></p><p><s><w type="PP" lemma="we">We</w>
<w type="VVP" lemma="do">do</w>
<w type="RB" lemma="not">not</w>
<w type="VV" lemma="wish">wish</w>
<w type="TO" lemma="to">to</w>
<w type="VV" lemma="impose">impose</w>
<w type="DT" lemma="a">a</w>
<w type="JJ" lemma="particular">particular</w>
<w type="NN" lemma="form">form</w>
<w type="IN" lemma="of">of</w>
<w type="NP" lemma="Government">Government</w>
<w type="IN" lemma="on">on</w>
<w type="DT" lemma="any">any</w>
<w type="NNS" lemma="people">peoples</w>
<w type="IN" lemma="in">in</w>
<w type="DT" lemma="the">the</w>
<w type="NN" lemma="world">world</w>
<pc type="sub">;</pc>
<w type="PP" lemma="we">we</w>
<w type="RB" lemma="merely">merely</w>
<w type="VVP" lemma="say">say</w>
<pc type="sub">,</pc>
<pc type="oq">"</pc>
<w type="DT" lemma="this">This</w>
<w type="VBZ" lemma="be">is</w>
<w type="WP" lemma="what">what</w>
<w type="PP" lemma="we">we</w>
<w type="VVP" lemma="do">do</w>
<pc type="sub">;</pc>
<w type="PP" lemma="we">we</w>
<w type="VVP" lemma="know">know</w>
<w type="PP" lemma="it">it</w>
<w type="VBZ" lemma="be">'s</w>
<w type="RB" lemma="not">not</w>
<w type="JJ" lemma="perfect">perfect</w>
<pc type="sub">,</pc>
<w type="CC" lemma="but">but</w>
<w type="PP" lemma="it">it</w>
<w type="VBZ" lemma="be">is</w>
<w type="DT" lemma="the">the</w>
<w type="JJS" lemma="good">best</w>
<w type="NN" lemma="system">system</w>
<w type="IN" lemma="that">that</w>
<w type="PP" lemma="we">we</w>
<w type="VHP" lemma="have">have</w>
<w type="VBN" lemma="be">been</w>
<w type="JJ" lemma="able">able</w>
<w type="TO" lemma="to">to</w>
<w type="VV" lemma="create">create</w>
<w type="IN" lemma="after">after</w>
<w type="JJ" lemma="many">many</w>
<w type="NNS" lemma="century">centuries</w>
<w type="IN" lemma="of">of</w>
<w type="NN" lemma="trial">trial</w>
<w type="CC" lemma="and">and</w>
<w type="NN" lemma="error">error</w>
<pc type="SENT">.</pc>
<pc type="cq">"</pc>
</s></p><p><s><w type="DT" lemma="all">All</w>
<w type="IN" lemma="of">of</w>
<w type="PP" lemma="us">us</w>
<w type="WP" lemma="who">who</w>
<w type="VHP" lemma="have">have</w>
<w type="VBN" lemma="be">been</w>
<w type="VVN" lemma="bless">blessed</w>
<w type="IN" lemma="with">with</w>
<w type="JJ" lemma="young">young</w>
<w type="NNS" lemma="family">families</w>
<w type="VVP" lemma="know">know</w>
<w type="IN" lemma="from">from</w>
<w type="JJ" lemma="long">long</w>
<w type="NN" lemma="experience">experience</w>
<w type="IN" lemma="that">that</w>
<w type="WRB" lemma="when">when</w>
<w type="PP" lemma="one">one</w>
<w type="POS" lemma="'s">'s</w>
<w type="NN" lemma="house">house</w>
<w type="VBZ" lemma="be">is</w>
<w type="IN" lemma="at">at</w>
<w type="PPs" lemma="its">its</w>
<w type="JJS" lemma="noisy">noisiest</w>
<pc type="sub">,</pc>
<w type="EX" lemma="there">there</w>
<w type="VBZ" lemma="be">is</w>
<w type="RB" lemma="often">often</w>
<w type="JJR" lemma="less">less</w>
<w type="NN" lemma="cause">cause</w>
<w type="IN" lemma="for">for</w>
<w type="NN" lemma="anxiety">anxiety</w>
<pc type="SENT">.</pc>
</s>
<s><w type="DT" lemma="the">The</w>
<w type="VVG" lemma="creak">creaking</w>
<w type="IN" lemma="of">of</w>
<w type="DT" lemma="a">a</w>
<w type="NN" lemma="ship">ship</w>
<w type="IN" lemma="in">in</w>
<w type="DT" lemma="a">a</w>
<w type="JJ" lemma="heavy">heavy</w>
<w type="NN" lemma="sea">sea</w>
<w type="VBZ" lemma="be">is</w>
<w type="NN" lemma="music">music</w>
<w type="IN" lemma="in">in</w>
<w type="DT" lemma="the">the</w>
<w type="NNS" lemma="ear">ears</w>
<w type="IN" lemma="of">of</w>
<w type="DT" lemma="the">the</w>
<w type="NN" lemma="captain">captain</w>
<w type="IN" lemma="on">on</w>
<w type="DT" lemma="the">the</w>
<w type="NN" lemma="bridge">bridge</w>
<pc type="SENT">.</pc>
</s>
<s><w type="IN" lemma="in">In</w>
<w type="NN" lemma="fact">fact</w>
<w type="RB" lemma="little">little</w>
<w type="VBZ" lemma="be">is</w>
<w type="JJ" lemma="static">static</w>
<w type="CC" lemma="and">and</w>
<w type="IN" lemma="without">without</w>
<w type="NN" lemma="movement">movement</w>
<w type="EX" lemma="there">there</w>
<w type="MD" lemma="can">can</w>
<w type="VB" lemma="be">be</w>
<w type="DT" lemma="no">no</w>
<w type="NN" lemma="progress">progress</w>
<pc type="SENT">.</pc>
</s></p><p><s><w type="DT" lemma="some">Some</w>
<w type="VVP" lemma="speak">speak</w>
<w type="NN" lemma="today">today</w>
<w type="IN" lemma="as">as</w>
<w type="IN" lemma="though">though</w>
<w type="DT" lemma="the">the</w>
<w type="NN" lemma="age">age</w>
<w type="IN" lemma="of">of</w>
<w type="NN" lemma="adventure">adventure</w>
<w type="CC" lemma="and">and</w>
<w type="NN" lemma="initiative">initiative</w>
<w type="VBZ" lemma="be">is</w>
<w type="JJ" lemma="past">past</w>
<pc type="SENT">.</pc>
</s>
<s><w type="IN" lemma="on">On</w>
<w type="DT" lemma="the">the</w>
<w type="NN" lemma="contrary">contrary</w>
<pc type="sub">,</pc>
<w type="RB" lemma="never">never</w>
<w type="VHP" lemma="have">have</w>
<w type="DT" lemma="the">the</w>
<w type="NNS" lemma="challenge">challenges</w>
<w type="VBN" lemma="be">been</w>
<w type="JJR" lemma="great">greater</w>
<w type="CC" lemma="or">or</w>
<w type="RBR" lemma="more">more</w>
<w type="JJ" lemma="urgent">urgent</w>
<pc type="SENT">.</pc>
</s>
<s><w type="DT" lemma="the">The</w>
<w type="NN" lemma="fight">fight</w>
<w type="IN" lemma="against">against</w>
<w type="NN" lemma="poverty">poverty</w>
<pc type="sub">,</pc>
<w type="NN" lemma="malnutrition">malnutrition</w>
<w type="CC" lemma="and">and</w>
<w type="NN" lemma="ignorance">ignorance</w>
<w type="VBZ" lemma="be">is</w>
<w type="RBR" lemma="harder">harder</w>
<w type="IN" lemma="than">than</w>
<w type="RB" lemma="ever">ever</w>
<pc type="sub">,</pc>
<w type="CC" lemma="and">and</w>
<w type="PP" lemma="we">we</w>
<w type="MD" lemma="must">must</w>
<w type="VV" lemma="do">do</w>
<w type="DT" lemma="all">all</w>
<w type="IN" lemma="in">in</w>
<w type="PPs" lemma="our">our</w>
<w type="NN" lemma="power">power</w>
<w type="TO" lemma="to">to</w>
<w type="VV" lemma="see">see</w>
<w type="DT" lemma="that">that</w>
<w type="NN" lemma="science">science</w>
<w type="VBZ" lemma="be">is</w>
<w type="VVN" lemma="direct">directed</w>
<w type="IN" lemma="towards">towards</w>
<w type="VVG" lemma="solve">solving</w>
<w type="DT" lemma="these">these</w>
<w type="NNS" lemma="problem">problems</w>
<pc type="SENT">.</pc>
</s></p><p><s><w type="PP" lemma="I">I</w>
<w type="MD" lemma="would">would</w>
<w type="VV" lemma="like">like</w>
<w type="TO" lemma="to">to</w>
<w type="VV" lemma="say">say</w>
<w type="CD" lemma="one">one</w>
<w type="JJR" lemma="more">more</w>
<w type="NN" lemma="word">word</w>
<w type="TO" lemma="to">to</w>
<w type="DT" lemma="the">the</w>
<w type="JJ" lemma="young">young</w>
<w type="NNS" lemma="people">people</w>
<w type="IN" lemma="of">of</w>
<w type="DT" lemma="the">the</w>
<w type="NP" lemma="Commonwealth">Commonwealth</w>
<pc type="SENT">.</pc>
</s>
<s><w type="IN" lemma="upon">Upon</w>
<w type="PP" lemma="you">you</w>
<w type="VVZ" lemma="rest">rests</w>
<w type="PPs" lemma="our">our</w>
<w type="NN" lemma="hope">hope</w>
<w type="IN" lemma="for">for</w>
<w type="DT" lemma="the">the</w>
<w type="NN" lemma="future">future</w>
<pc type="SENT">.</pc>
</s>
<s><w type="PP" lemma="you">You</w>
<w type="JJ" lemma="young">young</w>
<w type="NNS" lemma="people">people</w>
<w type="VBP" lemma="are">are</w>
<w type="VVN" lemma="need">needed</w>
<pc type="sub">;</pc>
<w type="EX" lemma="there">there</w>
<w type="VBZ" lemma="be">is</w>
<w type="DT" lemma="a">a</w>
<w type="JJ" lemma="great">great</w>
<w type="NN" lemma="task">task</w>
<w type="RB" lemma="ahead">ahead</w>
<w type="IN" lemma="of">of</w>
<w type="PP" lemma="you">you</w>
<pc type="sub">-</pc>
<w type="DT" lemma="the">the</w>
<w type="NN" lemma="building">building</w>
<w type="IN" lemma="of">of</w>
<w type="DT" lemma="a">a</w>
<w type="JJ" lemma="new">new</w>
<w type="NN" lemma="world">world</w>
<pc type="SENT">.</pc>
</s></p><p><s><w type="PP" lemma="you">You</w>
<w type="VHP" lemma="have">have</w>
<w type="NNS" lemma="brain">brains</w>
<w type="CC" lemma="and">and</w>
<w type="NN" lemma="courage">courage</w>
<pc type="sub">,</pc>
<w type="NN" lemma="imagination">imagination</w>
<w type="CC" lemma="and">and</w>
<w type="NN" lemma="humanity">humanity</w>
<pc type="sub">;</pc>
<w type="VV" lemma="direct">direct</w>
<w type="PP" lemma="them">them</w>
<w type="TO" lemma="to">to</w>
<w type="DT" lemma="the">the</w>
<w type="NNS" lemma="thing">things</w>
<w type="WDT" lemma="that">that</w>
<w type="VHP" lemma="have">have</w>
<w type="TO" lemma="to">to</w>
<w type="VB" lemma="be">be</w>
<w type="VVN" lemma="achieve">achieved</w>
<w type="IN" lemma="in">in</w>
<w type="DT" lemma="this">this</w>
<w type="NN" lemma="century">century</w>
<pc type="sub">,</pc>
<w type="IN" lemma="if">if</w>
<w type="NN" lemma="mankind">mankind</w>
<w type="VBZ" lemma="be">is</w>
<w type="TO" lemma="to">to</w>
<w type="VV" lemma="live">live</w>
<w type="RB" lemma="together">together</w>
<w type="IN" lemma="in">in</w>
<w type="NN" lemma="happiness">happiness</w>
<w type="CC" lemma="and">and</w>
<w type="NN" lemma="prosperity">prosperity</w>
<pc type="SENT">.</pc>
</s></p><p><s><w type="NP" lemma="God">God</w>
<w type="VV" lemma="bless">bless</w>
<w type="PP" lemma="you">you</w>
<w type="CC" lemma="and">and</w>
<w type="DT" lemma="a">a</w>
<w type="RB" lemma="very">very</w>
<pc type="sub">,</pc>
<w type="RB" lemma="very">very</w>
<w type="JJ" lemma="happy">happy</w>
<w type="NP" lemma="Christmas">Christmas</w>
<w type="TO" lemma="to">to</w>
<w type="PP" lemma="you">you</w>
<w type="DT" lemma="all">all</w>
<pc type="SENT">.</pc>
</s></p></div>