<div n="1965"><head><s><w type="NP" lemma="Christmas">Christmas</w>
<w type="NP" lemma="Broadcast">Broadcast</w>
<w type="CD" lemma="@card@">1965</w>
</s></head><p><s><w type="DT" lemma="every">Every</w>
<w type="NN" lemma="year">year</w>
<w type="DT" lemma="the">the</w>
<w type="JJ" lemma="familiar">familiar</w>
<w type="NN" lemma="pattern">pattern</w>
<w type="IN" lemma="of">of</w>
<w type="NP" lemma="Christmas">Christmas</w>
<w type="VVZ" lemma="unfold">unfolds</w>
<pc type="SENT">.</pc>
</s>
<s><w type="DT" lemma="the">The</w>
<w type="NNS" lemma="sight">sights</w>
<w type="CC" lemma="and">and</w>
<w type="DT" lemma="the">the</w>
<w type="NNS" lemma="custom">customs</w>
<w type="CC" lemma="and">and</w>
<w type="NNS" lemma="festivity">festivities</w>
<w type="MD" lemma="may">may</w>
<w type="VV" lemma="seem">seem</w>
<w type="RB" lemma="very">very</w>
<w type="RB" lemma="much">much</w>
<w type="DT" lemma="the">the</w>
<w type="JJ" lemma="same">same</w>
<w type="IN" lemma="from">from</w>
<w type="CD" lemma="one">one</w>
<w type="NN" lemma="year">year</w>
<w type="TO" lemma="to">to</w>
<w type="DT" lemma="another">another</w>
<pc type="sub">,</pc>
<w type="CC" lemma="and">and</w>
<w type="RB" lemma="yet">yet</w>
<w type="TO" lemma="to">to</w>
<w type="NNS" lemma="family">families</w>
<w type="CC" lemma="and">and</w>
<w type="NNS" lemma="individual">individuals</w>
<w type="DT" lemma="each">each</w>
<w type="NP" lemma="Christmas">Christmas</w>
<w type="VBZ" lemma="be">is</w>
<w type="RB" lemma="slightly">slightly</w>
<w type="JJ" lemma="different">different</w>
<pc type="SENT">.</pc>
</s></p><p><s><w type="NNS" lemma="child">Children</w>
<w type="VVP" lemma="grow">grow</w>
<w type="CC" lemma="and">and</w>
<w type="VVZ" lemma="present">presents</w>
<w type="IN" lemma="for">for</w>
<w type="PP" lemma="them">them</w>
<w type="VVP" lemma="change">change</w>
<pc type="SENT">.</pc>
</s>
<s><w type="PP" lemma="it">It</w>
<w type="MD" lemma="may">may</w>
<w type="VB" lemma="be">be</w>
<w type="DT" lemma="the">the</w>
<w type="JJ" lemma="first">first</w>
<w type="NP" lemma="Christmas">Christmas</w>
<w type="IN" lemma="for">for</w>
<w type="JJ" lemma="many">many</w>
<w type="IN" lemma="as">as</w>
<w type="NN" lemma="husband">husband</w>
<w type="CC" lemma="and">and</w>
<w type="NN" lemma="wife">wife</w>
<pc type="sub">,</pc>
<w type="CC" lemma="or">or</w>
<w type="DT" lemma="the">the</w>
<w type="JJ" lemma="first">first</w>
<w type="NP" lemma="Christmas">Christmas</w>
<w type="IN" lemma="with">with</w>
<w type="NNS" lemma="grandchild">grandchildren</w>
<pc type="SENT">.</pc>
</s>
<s><w type="DT" lemma="some">Some</w>
<w type="MD" lemma="may">may</w>
<w type="VB" lemma="be">be</w>
<w type="RB" lemma="far">far</w>
<w type="IN" lemma="from">from</w>
<w type="NN" lemma="home">home</w>
<pc type="sub">,</pc>
<w type="CC" lemma="and">and</w>
<w type="NNS" lemma="other">others</w>
<w type="JJ" lemma="lonely">lonely</w>
<w type="CC" lemma="or">or</w>
<w type="JJ" lemma="sick">sick</w>
<pc type="sub">,</pc>
<w type="CC" lemma="yet">yet</w>
<w type="NP" lemma="Christmas">Christmas</w>
<w type="RB" lemma="always">always</w>
<w type="VVZ" lemma="remain">remains</w>
<w type="IN" lemma="as">as</w>
<w type="DT" lemma="the">the</w>
<w type="JJ" lemma="great">great</w>
<w type="NN" lemma="family">family</w>
<w type="NN" lemma="festival">festival</w>
<pc type="SENT">.</pc>
</s></p><p><s><w type="DT" lemma="a">A</w>
<w type="NN" lemma="festival">festival</w>
<w type="WDT" lemma="which">which</w>
<w type="PP" lemma="we">we</w>
<w type="VVP" lemma="owe">owe</w>
<w type="TO" lemma="to">to</w>
<w type="DT" lemma="that">that</w>
<w type="NN" lemma="family">family</w>
<w type="RB" lemma="long">long</w>
<w type="IN" lemma="ago">ago</w>
<w type="WDT" lemma="which">which</w>
<w type="VVD" lemma="spend">spent</w>
<w type="DT" lemma="this">this</w>
<w type="NN" lemma="time">time</w>
<w type="IN" lemma="in">in</w>
<w type="JJ" lemma="extreme">extreme</w>
<w type="NN" lemma="adversity">adversity</w>
<w type="CC" lemma="and">and</w>
<w type="NN" lemma="discomfort">discomfort</w>
<pc type="SENT">.</pc>
</s></p><p><s><w type="PP" lemma="I">I</w>
<w type="VVP" lemma="think">think</w>
<w type="PP" lemma="we">we</w>
<w type="MD" lemma="should">should</w>
<w type="VV" lemma="remember">remember</w>
<w type="IN" lemma="that">that</w>
<w type="IN" lemma="in">in</w>
<w type="NN" lemma="spite">spite</w>
<w type="IN" lemma="of">of</w>
<w type="PDT" lemma="all">all</w>
<w type="DT" lemma="the">the</w>
<w type="JJ" lemma="scientific">scientific</w>
<w type="NNS" lemma="advance">advances</w>
<w type="CC" lemma="and">and</w>
<w type="JJ" lemma="great">great</w>
<w type="NNS" lemma="improvement">improvements</w>
<w type="IN" lemma="in">in</w>
<w type="PPs" lemma="our">our</w>
<w type="NN" lemma="material">material</w>
<w type="NN" lemma="welfare">welfare</w>
<pc type="sub">,</pc>
<w type="DT" lemma="the">the</w>
<w type="NN" lemma="family">family</w>
<w type="VVZ" lemma="remain">remains</w>
<w type="IN" lemma="as">as</w>
<w type="DT" lemma="the">the</w>
<w type="JJ" lemma="focal">focal</w>
<w type="NN" lemma="point">point</w>
<w type="IN" lemma="of">of</w>
<w type="PPs" lemma="our">our</w>
<w type="NN" lemma="existence">existence</w>
<pc type="SENT">.</pc>
</s></p><p><s><w type="EX" lemma="There">There</w>
<w type="VBZ" lemma="be">is</w>
<w type="JJ" lemma="overwhelming">overwhelming</w>
<w type="NN" lemma="evidence">evidence</w>
<w type="IN" lemma="that">that</w>
<w type="DT" lemma="those">those</w>
<w type="WP" lemma="who">who</w>
<w type="NN" lemma="XXXX">cannot</w>
<w type="NN" lemma="experience">experience</w>
<w type="JJ" lemma="full">full</w>
<w type="CC" lemma="and">and</w>
<w type="JJ" lemma="happy">happy</w>
<w type="NN" lemma="family">family</w>
<w type="NN" lemma="life">life</w>
<w type="IN" lemma="for">for</w>
<w type="DT" lemma="some">some</w>
<w type="NN" lemma="reason">reason</w>
<w type="CC" lemma="or">or</w>
<w type="DT" lemma="another">another</w>
<w type="VBP" lemma="are">are</w>
<w type="VVN" lemma="deprive">deprived</w>
<w type="IN" lemma="of">of</w>
<w type="DT" lemma="a">a</w>
<w type="JJ" lemma="great">great</w>
<w type="VVG" lemma="stabilise">stabilising</w>
<w type="NN" lemma="influence">influence</w>
<w type="IN" lemma="in">in</w>
<w type="PPs" lemma="their">their</w>
<w type="NNS" lemma="life">lives</w>
<pc type="SENT">.</pc>
</s></p><p><s><w type="IN" lemma="at">At</w>
<w type="NP" lemma="Christmas">Christmas</w>
<w type="PP" lemma="we">we</w>
<w type="VBP" lemma="are">are</w>
<w type="RB" lemma="also">also</w>
<w type="VVN" lemma="remind">reminded</w>
<w type="IN" lemma="that">that</w>
<w type="PP" lemma="it">it</w>
<w type="VBZ" lemma="be">is</w>
<w type="DT" lemma="the">the</w>
<w type="NN" lemma="time">time</w>
<w type="IN" lemma="of">of</w>
<w type="NN" lemma="peace">peace</w>
<w type="IN" lemma="on">on</w>
<w type="NN" lemma="earth">earth</w>
<w type="CC" lemma="and">and</w>
<w type="NN" lemma="goodwill">goodwill</w>
<w type="IN" lemma="towards">towards</w>
<w type="NNS" lemma="man">men</w>
<pc type="SENT">.</pc>
</s>
<s><w type="CC" lemma="yet">Yet</w>
<w type="PP" lemma="we">we</w>
<w type="VBP" lemma="are">are</w>
<w type="RB" lemma="all">all</w>
<w type="RB" lemma="only">only</w>
<w type="RB" lemma="too">too</w>
<w type="RB" lemma="well">well</w>
<w type="JJ" lemma="aware">aware</w>
<w type="IN" lemma="of">of</w>
<w type="DT" lemma="the">the</w>
<w type="JJ" lemma="tragic">tragic</w>
<w type="NN" lemma="fighting">fighting</w>
<pc type="sub">,</pc>
<w type="NN" lemma="hatred">hatred</w>
<w type="CC" lemma="and">and</w>
<w type="NN" lemma="ill-will">ill-will</w>
<w type="IN" lemma="in">in</w>
<w type="RB" lemma="so">so</w>
<w type="JJ" lemma="many">many</w>
<w type="NNS" lemma="part">parts</w>
<w type="IN" lemma="of">of</w>
<w type="DT" lemma="the">the</w>
<w type="NN" lemma="world">world</w>
<pc type="SENT">.</pc>
</s></p><p><s><w type="IN" lemma="because">Because</w>
<w type="IN" lemma="of">of</w>
<w type="DT" lemma="this">this</w>
<pc type="sub">,</pc>
<w type="NNS" lemma="cynic">cynics</w>
<w type="MD" lemma="may">may</w>
<w type="VV" lemma="shrug">shrug</w>
<w type="RP" lemma="off">off</w>
<w type="DT" lemma="the">the</w>
<w type="NP" lemma="Christmas">Christmas</w>
<w type="NN" lemma="message">message</w>
<w type="IN" lemma="as">as</w>
<w type="DT" lemma="a">a</w>
<w type="NN" lemma="waste">waste</w>
<w type="IN" lemma="of">of</w>
<w type="NN" lemma="time">time</w>
<pc type="sub">,</pc>
<w type="CC" lemma="but">but</w>
<w type="DT" lemma="that">that</w>
<w type="VBZ" lemma="be">is</w>
<w type="RB" lemma="only">only</w>
<w type="DT" lemma="the">the</w>
<w type="JJ" lemma="gloomy">gloomy</w>
<w type="NN" lemma="side">side</w>
<w type="IN" lemma="of">of</w>
<w type="DT" lemma="the">the</w>
<w type="NN" lemma="picture">picture</w>
<pc type="sub">;</pc>
<w type="EX" lemma="there">there</w>
<w type="VBP" lemma="are">are</w>
<w type="RB" lemma="also">also</w>
<w type="JJR" lemma="bright">brighter</w>
<w type="CC" lemma="and">and</w>
<w type="JJR" lemma="more">more</w>
<w type="JJ" lemma="hopeful">hopeful</w>
<w type="NNS" lemma="sign">signs</w>
<pc type="SENT">.</pc>
</s></p><p><s><w type="DT" lemma="the">The</w>
<w type="JJ" lemma="great">great</w>
<w type="NNS" lemma="church">churches</w>
<w type="IN" lemma="of">of</w>
<w type="DT" lemma="the">the</w>
<w type="NN" lemma="world">world</w>
<w type="VBP" lemma="are">are</w>
<w type="VVG" lemma="come">coming</w>
<w type="TO" lemma="to">to</w>
<w type="VV" lemma="understand">understand</w>
<w type="DT" lemma="each">each</w>
<w type="JJ" lemma="other">other</w>
<w type="JJR" lemma="good">better</w>
<w type="CC" lemma="and">and</w>
<w type="TO" lemma="to">to</w>
<w type="VV" lemma="recognise">recognise</w>
<w type="IN" lemma="that">that</w>
<w type="IN" lemma="without">without</w>
<w type="PPs" lemma="their">their</w>
<w type="NN" lemma="inspiration">inspiration</w>
<w type="CC" lemma="and">and</w>
<w type="JJ" lemma="great">great</w>
<w type="NNS" lemma="ideal">ideals</w>
<w type="NN" lemma="mankind">mankind</w>
<w type="MD" lemma="will">will</w>
<w type="VB" lemma="be">be</w>
<w type="VVN" lemma="smother">smothered</w>
<w type="IN" lemma="by">by</w>
<w type="PPs" lemma="its">its</w>
<w type="JJ" lemma="own">own</w>
<w type="NN" lemma="material">material</w>
<w type="NN" lemma="wealth">wealth</w>
<pc type="SENT">.</pc>
</s>
<s><w type="PP" lemma="we">We</w>
<w type="MD" lemma="must">must</w>
<w type="VH" lemma="have">have</w>
<w type="NNS" lemma="dream">dreams</w>
<w type="CC" lemma="and">and</w>
<w type="NNS" lemma="ambition">ambitions</w>
<w type="IN" lemma="for">for</w>
<w type="NN" lemma="peace">peace</w>
<w type="CC" lemma="and">and</w>
<w type="NN" lemma="goodwill">goodwill</w>
<w type="CC" lemma="and">and</w>
<w type="PP" lemma="they">they</w>
<w type="MD" lemma="must">must</w>
<w type="VB" lemma="be">be</w>
<w type="JJ" lemma="proclaimed">proclaimed</w>
<pc type="SENT">.</pc>
</s></p><p><s><w type="RB" lemma="perhaps">Perhaps</w>
<w type="DT" lemma="the">the</w>
<w type="RBS" lemma="most">most</w>
<w type="JJ" lemma="practical">practical</w>
<w type="NN" lemma="demonstration">demonstration</w>
<w type="IN" lemma="of">of</w>
<w type="NN" lemma="goodwill">goodwill</w>
<w type="IN" lemma="towards">towards</w>
<w type="NNS" lemma="man">men</w>
<w type="VBZ" lemma="be">is</w>
<w type="TO" lemma="to">to</w>
<w type="VB" lemma="be">be</w>
<w type="VVN" lemma="find">found</w>
<w type="IN" lemma="in">in</w>
<w type="DT" lemma="the">the</w>
<w type="VVG" lemma="grow">growing</w>
<w type="NN" lemma="practice">practice</w>
<w type="IN" lemma="among">among</w>
<w type="JJ" lemma="young">young</w>
<w type="NNS" lemma="people">people</w>
<w type="TO" lemma="to">to</w>
<w type="VV" lemma="give">give</w>
<w type="DT" lemma="some">some</w>
<w type="NN" lemma="form">form</w>
<w type="IN" lemma="of">of</w>
<w type="JJ" lemma="voluntary">voluntary</w>
<w type="NN" lemma="service">service</w>
<w type="TO" lemma="to">to</w>
<w type="NNS" lemma="other">others</w>
<pc type="SENT">.</pc>
</s></p><p><s><w type="IN" lemma="in">In</w>
<w type="NP" lemma="Britain">Britain</w>
<w type="CC" lemma="and">and</w>
<w type="IN" lemma="throughout">throughout</w>
<w type="DT" lemma="the">the</w>
<w type="NN" lemma="world">world</w>
<w type="PP" lemma="they">they</w>
<w type="VBP" lemma="are">are</w>
<w type="VVG" lemma="come">coming</w>
<w type="RB" lemma="forward">forward</w>
<w type="TO" lemma="to">to</w>
<w type="VV" lemma="help">help</w>
<w type="JJ" lemma="old">old</w>
<w type="NNS" lemma="people">people</w>
<w type="CC" lemma="or">or</w>
<w type="TO" lemma="to">to</w>
<w type="VV" lemma="serve">serve</w>
<w type="IN" lemma="in">in</w>
<w type="DT" lemma="every">every</w>
<w type="NN" lemma="kind">kind</w>
<w type="IN" lemma="of">of</w>
<w type="NN" lemma="capacity">capacity</w>
<w type="WRB" lemma="where">where</w>
<w type="PP" lemma="they">they</w>
<w type="MD" lemma="may">may</w>
<w type="VB" lemma="be">be</w>
<w type="VVN" lemma="need">needed</w>
<w type="IN" lemma="at">at</w>
<w type="NN" lemma="home">home</w>
<w type="CC" lemma="and">and</w>
<w type="JJ" lemma="overseas">overseas</w>
<pc type="SENT">.</pc>
</s></p><p><s><w type="DT" lemma="a">A</w>
<w type="JJ" lemma="new">new</w>
<w type="NN" lemma="army">army</w>
<w type="VBZ" lemma="be">is</w>
<w type="IN" lemma="on">on</w>
<w type="DT" lemma="the">the</w>
<w type="NN" lemma="march">march</w>
<w type="WDT" lemma="which">which</w>
<w type="VVZ" lemma="hold">holds</w>
<w type="RP" lemma="out">out</w>
<w type="DT" lemma="the">the</w>
<w type="JJS" lemma="bright">brightest</w>
<w type="NNS" lemma="hope">hopes</w>
<w type="IN" lemma="for">for</w>
<w type="DT" lemma="all">all</w>
<w type="NN" lemma="mankind">mankind</w>
<pc type="SENT">.</pc>
</s>
<s><w type="PP" lemma="it">It</w>
<w type="VVZ" lemma="serve">serves</w>
<w type="IN" lemma="in">in</w>
<w type="JJ" lemma="international">international</w>
<w type="NN" lemma="work">work</w>
<w type="NNS" lemma="camp">camps</w>
<pc type="sub">,</pc>
<w type="IN" lemma="in">in</w>
<w type="NNS" lemma="area">areas</w>
<w type="VVN" lemma="hit">hit</w>
<w type="IN" lemma="by">by</w>
<w type="JJ" lemma="natural">natural</w>
<w type="NNS" lemma="disaster">disasters</w>
<w type="CC" lemma="or">or</w>
<w type="NNS" lemma="emergency">emergencies</w>
<w type="CC" lemma="and">and</w>
<w type="IN" lemma="in">in</w>
<w type="VVG" lemma="help">helping</w>
<w type="DT" lemma="the">the</w>
<w type="JJ" lemma="poor">poor</w>
<pc type="sub">,</pc>
<w type="DT" lemma="the">the</w>
<w type="RB" lemma="backward">backward</w>
<w type="CC" lemma="or">or</w>
<w type="DT" lemma="the">the</w>
<w type="JJ" lemma="hungry">hungry</w>
<pc type="SENT">.</pc>
</s></p><p><s><pc type="cq">"</pc>
<w type="NN" lemma="peace">Peace</w>
<w type="IN" lemma="on">on</w>
<w type="NP" lemma="Earth">Earth</w>
<pc type="cq">"</pc>
<pc type="sub">-</pc>
<w type="PP" lemma="we">we</w>
<w type="MD" lemma="may">may</w>
<w type="RB" lemma="not">not</w>
<w type="VH" lemma="have">have</w>
<w type="PP" lemma="it">it</w>
<w type="IN" lemma="at">at</w>
<w type="DT" lemma="the">the</w>
<w type="NN" lemma="moment">moment</w>
<pc type="sub">,</pc>
<w type="PP" lemma="we">we</w>
<w type="MD" lemma="may">may</w>
<w type="RB" lemma="never">never</w>
<w type="VH" lemma="have">have</w>
<w type="PP" lemma="it">it</w>
<w type="RB" lemma="completely">completely</w>
<pc type="sub">,</pc>
<w type="CC" lemma="but">but</w>
<w type="PP" lemma="we">we</w>
<w type="MD" lemma="will">will</w>
<w type="RB" lemma="certainly">certainly</w>
<w type="VV" lemma="achieve">achieve</w>
<w type="NN" lemma="nothing">nothing</w>
<w type="IN" lemma="unless">unless</w>
<w type="PP" lemma="we">we</w>
<w type="VVP" lemma="go">go</w>
<w type="IN" lemma="on">on</w>
<w type="VVG" lemma="try">trying</w>
<w type="TO" lemma="to">to</w>
<w type="VV" lemma="remove">remove</w>
<w type="DT" lemma="the">the</w>
<w type="NNS" lemma="cause">causes</w>
<w type="IN" lemma="of">of</w>
<w type="NN" lemma="conflict">conflict</w>
<w type="IN" lemma="between">between</w>
<w type="NNS" lemma="people">peoples</w>
<w type="CC" lemma="and">and</w>
<w type="NNS" lemma="nation">nations</w>
<pc type="SENT">.</pc>
</s></p><p><s><pc type="cq">"</pc>
<w type="NN" lemma="goodwill">Goodwill</w>
<w type="IN" lemma="towards">towards</w>
<w type="NNS" lemma="man">men</w>
<pc type="cq">"</pc>
<w type="VBZ" lemma="be">is</w>
<w type="RB" lemma="not">not</w>
<w type="DT" lemma="a">a</w>
<w type="JJ" lemma="hollow">hollow</w>
<w type="NN" lemma="phrase">phrase</w>
<pc type="SENT">.</pc>
</s>
<s><w type="NP" lemma="Goodwill">Goodwill</w>
<w type="VVZ" lemma="exist">exists</w>
<pc type="sub">,</pc>
<w type="CC" lemma="and">and</w>
<w type="WRB" lemma="when">when</w>
<w type="EX" lemma="there">there</w>
<w type="VBZ" lemma="be">is</w>
<w type="DT" lemma="an">an</w>
<w type="NN" lemma="opportunity">opportunity</w>
<w type="TO" lemma="to">to</w>
<w type="VV" lemma="show">show</w>
<w type="PP" lemma="it">it</w>
<w type="IN" lemma="in">in</w>
<w type="JJ" lemma="practical">practical</w>
<w type="NN" lemma="form">form</w>
<w type="PP" lemma="we">we</w>
<w type="VVP" lemma="know">know</w>
<w type="WP" lemma="what">what</w>
<w type="JJ" lemma="wonderful">wonderful</w>
<w type="NNS" lemma="thing">things</w>
<w type="PP" lemma="it">it</w>
<w type="MD" lemma="can">can</w>
<w type="VV" lemma="achieve">achieve</w>
<pc type="SENT">.</pc>
</s></p><p><s><w type="TO" lemma="To">To</w>
<w type="VV" lemma="deny">deny</w>
<w type="DT" lemma="this">this</w>
<w type="NP" lemma="Christmas">Christmas</w>
<w type="NN" lemma="message">message</w>
<w type="VBZ" lemma="be">is</w>
<w type="TO" lemma="to">to</w>
<w type="VV" lemma="admit">admit</w>
<w type="NN" lemma="defeat">defeat</w>
<w type="CC" lemma="and">and</w>
<w type="TO" lemma="to">to</w>
<w type="VV" lemma="give">give</w>
<w type="RP" lemma="up">up</w>
<w type="NN" lemma="hope">hope</w>
<pc type="SENT">.</pc>
</s>
<s><w type="PP" lemma="it">It</w>
<w type="VBZ" lemma="be">is</w>
<w type="DT" lemma="a">a</w>
<w type="NN" lemma="rejection">rejection</w>
<w type="IN" lemma="of">of</w>
<w type="NN" lemma="everything">everything</w>
<w type="WDT" lemma="that">that</w>
<w type="VVZ" lemma="make">makes</w>
<w type="NN" lemma="life">life</w>
<w type="NN" lemma="worth">worth</w>
<w type="NN" lemma="living">living</w>
<pc type="sub">,</pc>
<w type="CC" lemma="and">and</w>
<w type="WP" lemma="what">what</w>
<w type="VBZ" lemma="be">is</w>
<w type="RB" lemma="far">far</w>
<w type="JJR" lemma="bad">worse</w>
<w type="PP" lemma="it">it</w>
<w type="VVZ" lemma="offer">offers</w>
<w type="NN" lemma="nothing">nothing</w>
<w type="IN" lemma="in">in</w>
<w type="PPs" lemma="its">its</w>
<w type="NN" lemma="place">place</w>
<pc type="SENT">.</pc>
</s></p><p><s><w type="IN" lemma="in">In</w>
<w type="NN" lemma="fact">fact</w>
<w type="PP" lemma="it">it</w>
<w type="VBZ" lemma="be">is</w>
<w type="RB" lemma="just">just</w>
<w type="IN" lemma="because">because</w>
<w type="EX" lemma="there">there</w>
<w type="VBP" lemma="are">are</w>
<w type="RB" lemma="so">so</w>
<w type="JJ" lemma="many">many</w>
<w type="NNS" lemma="conflict">conflicts</w>
<w type="IN" lemma="in">in</w>
<w type="DT" lemma="the">the</w>
<w type="NN" lemma="world">world</w>
<w type="NN" lemma="today">today</w>
<w type="IN" lemma="that">that</w>
<w type="PP" lemma="we">we</w>
<w type="MD" lemma="should">should</w>
<w type="VV" lemma="reaffirm">reaffirm</w>
<w type="PPs" lemma="our">our</w>
<w type="NNS" lemma="hope">hopes</w>
<w type="CC" lemma="and">and</w>
<w type="NNS" lemma="belief">beliefs</w>
<w type="IN" lemma="in">in</w>
<w type="DT" lemma="a">a</w>
<w type="RBR" lemma="more">more</w>
<w type="JJ" lemma="peaceful">peaceful</w>
<w type="CC" lemma="and">and</w>
<w type="DT" lemma="a">a</w>
<w type="RBR" lemma="more">more</w>
<w type="JJ" lemma="friendly">friendly</w>
<w type="NN" lemma="world">world</w>
<w type="IN" lemma="in">in</w>
<w type="DT" lemma="the">the</w>
<w type="NN" lemma="future">future</w>
<pc type="SENT">.</pc>
</s></p><p><s><w type="DT" lemma="this">This</w>
<w type="VBZ" lemma="be">is</w>
<w type="RB" lemma="just">just</w>
<w type="DT" lemma="the">the</w>
<w type="NN" lemma="moment">moment</w>
<w type="TO" lemma="to">to</w>
<w type="VV" lemma="remind">remind</w>
<w type="PP" lemma="ourselves">ourselves</w>
<w type="IN" lemma="that">that</w>
<w type="PP" lemma="we">we</w>
<w type="MD" lemma="can">can</w>
<w type="RB" lemma="all">all</w>
<w type="VV" lemma="find">find</w>
<w type="DT" lemma="some">some</w>
<w type="JJ" lemma="practical">practical</w>
<w type="NN" lemma="way">way</w>
<w type="TO" lemma="to">to</w>
<w type="VV" lemma="serve">serve</w>
<w type="NNS" lemma="other">others</w>
<w type="CC" lemma="and">and</w>
<w type="VV" lemma="help">help</w>
<w type="TO" lemma="to">to</w>
<w type="VV" lemma="create">create</w>
<w type="DT" lemma="a">a</w>
<w type="JJR" lemma="good">better</w>
<w type="NN" lemma="understanding">understanding</w>
<w type="IN" lemma="between">between</w>
<w type="NNS" lemma="people">people</w>
<pc type="SENT">.</pc>
</s></p><p><s><w type="TO" lemma="To">To</w>
<w type="DT" lemma="each">each</w>
<w type="NN" lemma="one">one</w>
<w type="IN" lemma="of">of</w>
<w type="PP" lemma="you">you</w>
<w type="PP" lemma="I">I</w>
<w type="VVP" lemma="wish">wish</w>
<w type="DT" lemma="a">a</w>
<w type="RB" lemma="very">very</w>
<w type="JJ" lemma="happy">happy</w>
<w type="NP" lemma="Christmas">Christmas</w>
<w type="CC" lemma="and">and</w>
<w type="IN" lemma="if">if</w>
<w type="IN" lemma="throughout">throughout</w>
<w type="DT" lemma="the">the</w>
<w type="NN" lemma="commonwealth">Commonwealth</w>
<w type="PP" lemma="we">we</w>
<w type="MD" lemma="can">can</w>
<w type="RB" lemma="all">all</w>
<w type="VV" lemma="make">make</w>
<w type="DT" lemma="a">a</w>
<w type="JJ" lemma="sustained">sustained</w>
<w type="NN" lemma="effort">effort</w>
<pc type="sub">,</pc>
<w type="RB" lemma="perhaps">perhaps</w>
<w type="NP" lemma="Christmas">Christmas</w>
<w type="JJ" lemma="next">next</w>
<w type="NN" lemma="year">year</w>
<w type="MD" lemma="will">will</w>
<w type="VB" lemma="be">be</w>
<w type="DT" lemma="a">a</w>
<w type="RB" lemma="much">much</w>
<w type="JJR" lemma="happy">happier</w>
<w type="NN" lemma="one">one</w>
<w type="IN" lemma="for">for</w>
<w type="JJ" lemma="many">many</w>
<w type="JJR" lemma="more">more</w>
<w type="NNS" lemma="people">people</w>
<pc type="SENT">.</pc>
</s></p></div>