<div n="1966"><head><s><w type="NP" lemma="Christmas">Christmas</w>
<w type="NP" lemma="Broadcast">Broadcast</w>
<w type="CD" lemma="@card@">1966</w>
</s></head><p><s><w type="RB" lemma="ever">Ever</w>
<w type="IN" lemma="since">since</w>
<w type="DT" lemma="the">the</w>
<w type="JJ" lemma="first">first</w>
<w type="NP" lemma="Christmas">Christmas</w>
<w type="WRB" lemma="when">when</w>
<w type="DT" lemma="the">the</w>
<w type="CD" lemma="three">three</w>
<w type="JJ" lemma="wise">wise</w>
<w type="NNS" lemma="man">men</w>
<w type="VVD" lemma="bring">brought</w>
<w type="PPs" lemma="their">their</w>
<w type="NNS" lemma="present">presents</w>
<pc type="sub">,</pc>
<w type="NNS" lemma="Christian">Christians</w>
<w type="RB" lemma="all">all</w>
<w type="IN" lemma="over">over</w>
<w type="DT" lemma="the">the</w>
<w type="NN" lemma="world">world</w>
<w type="VHP" lemma="have">have</w>
<w type="VVN" lemma="keep">kept</w>
<w type="RP" lemma="up">up</w>
<w type="DT" lemma="this">this</w>
<w type="RB" lemma="kindly">kindly</w>
<w type="NN" lemma="custom">custom</w>
<pc type="SENT">.</pc>
</s></p><p><s><w type="RB" lemma="even">Even</w>
<w type="IN" lemma="if">if</w>
<w type="DT" lemma="the">the</w>
<w type="NNS" lemma="present">presents</w>
<w type="PP" lemma="we">we</w>
<w type="VVP" lemma="give">give</w>
<w type="DT" lemma="each">each</w>
<w type="JJ" lemma="other">other</w>
<w type="IN" lemma="at">at</w>
<w type="NN" lemma="Christmas-time">Christmas-time</w>
<w type="MD" lemma="may">may</w>
<w type="RB" lemma="only">only</w>
<w type="VB" lemma="be">be</w>
<w type="VVN" lemma="intend">intended</w>
<w type="TO" lemma="to">to</w>
<w type="VV" lemma="give">give</w>
<w type="JJ" lemma="momentary">momentary</w>
<w type="NN" lemma="pleasure">pleasure</w>
<pc type="sub">,</pc>
<w type="PP" lemma="they">they</w>
<w type="VVP" lemma="do">do</w>
<w type="RB" lemma="also">also</w>
<w type="VV" lemma="reflect">reflect</w>
<w type="PP" lemma="one">one</w>
<w type="DT" lemma="all">all</w>
<w type="JJ" lemma="important">important</w>
<w type="NN" lemma="lesson">lesson</w>
<pc type="SENT">.</pc>
</s>
<s><w type="NN" lemma="society">Society</w>
<w type="NN" lemma="XXXX">cannot</w>
<w type="NN" lemma="hope">hope</w>
<w type="IN" lemma="for">for</w>
<w type="DT" lemma="a">a</w>
<w type="JJ" lemma="just">just</w>
<w type="CC" lemma="and">and</w>
<w type="JJ" lemma="peaceful">peaceful</w>
<w type="NN" lemma="civilisation">civilisation</w>
<w type="IN" lemma="unless">unless</w>
<w type="DT" lemma="each">each</w>
<w type="NN" lemma="individual">individual</w>
<w type="VVZ" lemma="feel">feels</w>
<w type="DT" lemma="the">the</w>
<w type="NN" lemma="need">need</w>
<w type="TO" lemma="to">to</w>
<w type="VB" lemma="be">be</w>
<w type="VVN" lemma="concern">concerned</w>
<w type="IN" lemma="about">about</w>
<w type="PPs" lemma="his">his</w>
<w type="NNS" lemma="fellow">fellows</w>
<pc type="SENT">.</pc>
</s>
<s><w type="PDT" lemma="All">All</w>
<w type="DT" lemma="the">the</w>
<w type="JJ" lemma="great">great</w>
<w type="NNS" lemma="work">works</w>
<w type="IN" lemma="of">of</w>
<w type="NN" lemma="charity">charity</w>
<w type="CC" lemma="and">and</w>
<w type="DT" lemma="all">all</w>
<w type="JJ" lemma="humanitarian">humanitarian</w>
<w type="NN" lemma="legislation">legislation</w>
<w type="VHP" lemma="have">have</w>
<w type="RB" lemma="always">always</w>
<w type="VBN" lemma="be">been</w>
<w type="VVN" lemma="inspire">inspired</w>
<w type="IN" lemma="by">by</w>
<w type="DT" lemma="a">a</w>
<w type="NN" lemma="flame">flame</w>
<w type="IN" lemma="of">of</w>
<w type="NN" lemma="compassion">compassion</w>
<w type="WDT" lemma="which">which</w>
<w type="VHZ" lemma="have">has</w>
<w type="VVN" lemma="burn">burnt</w>
<w type="RB" lemma="brightly">brightly</w>
<w type="IN" lemma="in">in</w>
<w type="DT" lemma="the">the</w>
<w type="NNS" lemma="heart">hearts</w>
<w type="IN" lemma="of">of</w>
<w type="NNS" lemma="man">men</w>
<w type="CC" lemma="and">and</w>
<w type="NNS" lemma="woman">women</w>
<pc type="SENT">.</pc>
</s>
<s><w type="NN" lemma="mankind">Mankind</w>
<w type="VHZ" lemma="have">has</w>
<w type="JJ" lemma="many">many</w>
<w type="NNS" lemma="blemish">blemishes</w>
<pc type="sub">,</pc>
<w type="CC" lemma="but">but</w>
<w type="RB" lemma="deep">deep</w>
<w type="RB" lemma="down">down</w>
<w type="IN" lemma="in">in</w>
<w type="DT" lemma="every">every</w>
<w type="JJ" lemma="human">human</w>
<w type="NN" lemma="soul">soul</w>
<w type="EX" lemma="there">there</w>
<w type="VBZ" lemma="be">is</w>
<w type="DT" lemma="a">a</w>
<w type="NN" lemma="store">store</w>
<w type="IN" lemma="of">of</w>
<w type="NN" lemma="goodwill">goodwill</w>
<w type="VVG" lemma="wait">waiting</w>
<w type="TO" lemma="to">to</w>
<w type="VB" lemma="be">be</w>
<w type="VVN" lemma="call">called</w>
<w type="RP" lemma="upon">upon</w>
<pc type="SENT">.</pc>
</s></p><p><s><w type="DT" lemma="this">This</w>
<w type="NN" lemma="year">year</w>
<w type="PP" lemma="I">I</w>
<w type="MD" lemma="should">should</w>
<w type="VV" lemma="like">like</w>
<w type="TO" lemma="to">to</w>
<w type="VV" lemma="speak">speak</w>
<w type="RB" lemma="especially">especially</w>
<w type="TO" lemma="to">to</w>
<w type="NNS" lemma="woman">women</w>
<pc type="SENT">.</pc>
</s>
<s><w type="IN" lemma="in">In</w>
<w type="JJ" lemma="many">many</w>
<w type="NNS" lemma="country">countries</w>
<w type="NN" lemma="custom">custom</w>
<w type="VHZ" lemma="have">has</w>
<w type="VVN" lemma="decree">decreed</w>
<w type="DT" lemma="that">that</w>
<w type="NNS" lemma="woman">women</w>
<w type="MD" lemma="should">should</w>
<w type="VV" lemma="play">play</w>
<w type="DT" lemma="a">a</w>
<w type="JJ" lemma="minor">minor</w>
<w type="NN" lemma="part">part</w>
<w type="IN" lemma="in">in</w>
<w type="JJ" lemma="public">public</w>
<w type="NNS" lemma="affair">affairs</w>
<pc type="SENT">.</pc>
</s></p><p><s><w type="PP" lemma="it">It</w>
<w type="VBZ" lemma="be">is</w>
<w type="JJ" lemma="difficult">difficult</w>
<w type="TO" lemma="to">to</w>
<w type="VV" lemma="realise">realise</w>
<w type="IN" lemma="that">that</w>
<w type="PP" lemma="it">it</w>
<w type="VBD" lemma="be">was</w>
<w type="JJR" lemma="less">less</w>
<w type="IN" lemma="than">than</w>
<w type="CD" lemma="fifty">fifty</w>
<w type="NNS" lemma="year">years</w>
<w type="RB" lemma="ago">ago</w>
<w type="IN" lemma="that">that</w>
<w type="NNS" lemma="woman">women</w>
<w type="IN" lemma="in">in</w>
<w type="NP" lemma="Britain">Britain</w>
<w type="VBD" lemma="be">were</w>
<w type="RB" lemma="first">first</w>
<w type="VVN" lemma="give">given</w>
<w type="DT" lemma="the">the</w>
<w type="NN" lemma="vote">vote</w>
<pc type="sub">,</pc>
<w type="CC" lemma="but">but</w>
<w type="NP" lemma="Parliament">Parliament</w>
<w type="VBD" lemma="be">was</w>
<w type="RB" lemma="first">first</w>
<w type="VVN" lemma="ask">asked</w>
<w type="TO" lemma="to">to</w>
<w type="VV" lemma="grant">grant</w>
<w type="DT" lemma="this">this</w>
<w type="CD" lemma="one">one</w>
<w type="CD" lemma="hundred">hundred</w>
<w type="NNS" lemma="year">years</w>
<w type="RB" lemma="ago">ago</w>
<pc type="SENT">.</pc>
</s></p><p><s><w type="RB" lemma="yet">Yet</w>
<pc type="sub">,</pc>
<w type="IN" lemma="in">in</w>
<w type="NN" lemma="spite">spite</w>
<w type="IN" lemma="of">of</w>
<w type="DT" lemma="these">these</w>
<w type="NNS" lemma="disability">disabilities</w>
<pc type="sub">,</pc>
<w type="PP" lemma="it">it</w>
<w type="VHZ" lemma="have">has</w>
<w type="VBN" lemma="be">been</w>
<w type="NNS" lemma="woman">women</w>
<w type="WP" lemma="who">who</w>
<w type="VHP" lemma="have">have</w>
<w type="VVD" lemma="breathe">breathed</w>
<w type="NN" lemma="gentleness">gentleness</w>
<w type="CC" lemma="and">and</w>
<w type="NN" lemma="care">care</w>
<w type="IN" lemma="into">into</w>
<w type="DT" lemma="the">the</w>
<w type="JJ" lemma="harsh">harsh</w>
<w type="NN" lemma="progress">progress</w>
<w type="IN" lemma="of">of</w>
<w type="NN" lemma="mankind">mankind</w>
<pc type="SENT">.</pc>
</s></p><p><s><w type="DT" lemma="the">The</w>
<w type="VVZ" lemma="struggle">struggles</w>
<w type="IN" lemma="against">against</w>
<w type="JJ" lemma="inhuman">inhuman</w>
<w type="NN" lemma="prejudice">prejudice</w>
<pc type="sub">,</pc>
<w type="IN" lemma="against">against</w>
<w type="NN" lemma="squalor">squalor</w>
<pc type="sub">,</pc>
<w type="NN" lemma="ignorance">ignorance</w>
<pc type="sub">,</pc>
<w type="CC" lemma="and">and</w>
<w type="NN" lemma="disease">disease</w>
<pc type="sub">,</pc>
<w type="VHP" lemma="have">have</w>
<w type="RB" lemma="always">always</w>
<w type="VVN" lemma="owe">owed</w>
<w type="DT" lemma="a">a</w>
<w type="JJ" lemma="great">great</w>
<w type="NN" lemma="deal">deal</w>
<w type="TO" lemma="to">to</w>
<w type="DT" lemma="the">the</w>
<w type="NN" lemma="determination">determination</w>
<w type="CC" lemma="and">and</w>
<w type="NN" lemma="tenacity">tenacity</w>
<w type="IN" lemma="of">of</w>
<w type="NNS" lemma="woman">women</w>
<pc type="SENT">.</pc>
</s></p><p><s><w type="DT" lemma="the">The</w>
<w type="NN" lemma="devotion">devotion</w>
<w type="IN" lemma="of">of</w>
<w type="NNS" lemma="nun">nuns</w>
<w type="CC" lemma="and">and</w>
<w type="NNS" lemma="nurse">nurses</w>
<pc type="sub">,</pc>
<w type="DT" lemma="the">the</w>
<w type="NN" lemma="care">care</w>
<w type="IN" lemma="of">of</w>
<w type="NNS" lemma="mother">mothers</w>
<w type="CC" lemma="and">and</w>
<w type="NNS" lemma="wife">wives</w>
<pc type="sub">,</pc>
<w type="DT" lemma="the">the</w>
<w type="NN" lemma="service">service</w>
<w type="IN" lemma="of">of</w>
<w type="NNS" lemma="teacher">teachers</w>
<pc type="sub">,</pc>
<w type="CC" lemma="and">and</w>
<w type="DT" lemma="the">the</w>
<w type="NN" lemma="conviction">conviction</w>
<w type="IN" lemma="of">of</w>
<w type="NNS" lemma="reformer">reformers</w>
<w type="VBP" lemma="are">are</w>
<w type="DT" lemma="the">the</w>
<w type="JJ" lemma="real">real</w>
<w type="CC" lemma="and">and</w>
<w type="JJ" lemma="enduring">enduring</w>
<w type="NNS" lemma="present">presents</w>
<w type="WDT" lemma="which">which</w>
<w type="NNS" lemma="woman">women</w>
<w type="VHP" lemma="have">have</w>
<w type="RB" lemma="always">always</w>
<w type="VVN" lemma="give">given</w>
<pc type="SENT">.</pc>
</s></p><p><s><w type="IN" lemma="in">In</w>
<w type="DT" lemma="the">the</w>
<w type="JJ" lemma="modern">modern</w>
<w type="NN" lemma="world">world</w>
<w type="DT" lemma="the">the</w>
<w type="NNS" lemma="opportunity">opportunities</w>
<w type="IN" lemma="for">for</w>
<w type="NNS" lemma="woman">women</w>
<w type="TO" lemma="to">to</w>
<w type="VV" lemma="give">give</w>
<w type="NN" lemma="something">something</w>
<w type="IN" lemma="of">of</w>
<w type="NN" lemma="value">value</w>
<w type="TO" lemma="to">to</w>
<w type="DT" lemma="the">the</w>
<w type="JJ" lemma="human">human</w>
<w type="NN" lemma="family">family</w>
<w type="VBP" lemma="are">are</w>
<w type="JJR" lemma="great">greater</w>
<w type="IN" lemma="than">than</w>
<w type="RB" lemma="ever">ever</w>
<pc type="sub">,</pc>
<w type="RB" lemma="because">because</w>
<pc type="sub">,</pc>
<w type="IN" lemma="through">through</w>
<w type="PPs" lemma="their">their</w>
<w type="JJ" lemma="own">own</w>
<w type="NNS" lemma="effort">efforts</w>
<pc type="sub">,</pc>
<w type="PP" lemma="they">they</w>
<w type="VBP" lemma="are">are</w>
<w type="RB" lemma="now">now</w>
<w type="VVG" lemma="begin">beginning</w>
<w type="TO" lemma="to">to</w>
<w type="VV" lemma="play">play</w>
<w type="PPs" lemma="their">their</w>
<w type="JJ" lemma="full">full</w>
<w type="NN" lemma="part">part</w>
<w type="IN" lemma="in">in</w>
<w type="JJ" lemma="public">public</w>
<w type="NN" lemma="life">life</w>
<pc type="SENT">.</pc>
</s></p><p><s><w type="PP" lemma="we">We</w>
<w type="VVP" lemma="know">know</w>
<w type="RB" lemma="so">so</w>
<w type="RB" lemma="much">much</w>
<w type="JJR" lemma="more">more</w>
<w type="IN" lemma="about">about</w>
<w type="WP" lemma="what">what</w>
<w type="MD" lemma="can">can</w>
<w type="VB" lemma="be">be</w>
<w type="VVN" lemma="achieve">achieved</w>
<pc type="sub">;</pc>
<w type="PP" lemma="we">we</w>
<w type="VVP" lemma="know">know</w>
<w type="IN" lemma="that">that</w>
<w type="DT" lemma="the">the</w>
<w type="NN" lemma="tyranny">tyranny</w>
<w type="IN" lemma="of">of</w>
<w type="NN" lemma="ignorance">ignorance</w>
<w type="MD" lemma="can">can</w>
<w type="VB" lemma="be">be</w>
<w type="VVN" lemma="break">broken</w>
<pc type="sub">;</pc>
<w type="PP" lemma="we">we</w>
<w type="VVP" lemma="know">know</w>
<w type="DT" lemma="the">the</w>
<w type="NNS" lemma="rule">rules</w>
<w type="IN" lemma="of">of</w>
<w type="NN" lemma="health">health</w>
<w type="CC" lemma="and">and</w>
<w type="WRB" lemma="how">how</w>
<w type="TO" lemma="to">to</w>
<w type="VV" lemma="protect">protect</w>
<w type="NNS" lemma="child">children</w>
<w type="IN" lemma="from">from</w>
<w type="NN" lemma="disease">disease</w>
<pc type="SENT">.</pc>
</s></p><p><s><w type="PP" lemma="we">We</w>
<w type="VVP" lemma="know">know</w>
<w type="PDT" lemma="all">all</w>
<w type="DT" lemma="these">these</w>
<w type="NNS" lemma="thing">things</w>
<w type="VBP" lemma="are">are</w>
<w type="JJ" lemma="important">important</w>
<w type="IN" lemma="in">in</w>
<w type="PPs" lemma="our">our</w>
<w type="JJ" lemma="own">own</w>
<w type="NNS" lemma="home">homes</w>
<pc type="sub">,</pc>
<w type="CC" lemma="but">but</w>
<w type="PP" lemma="it">it</w>
<w type="VVZ" lemma="need">needs</w>
<w type="DT" lemma="a">a</w>
<w type="RB" lemma="very">very</w>
<w type="JJ" lemma="active">active</w>
<w type="NN" lemma="concern">concern</w>
<w type="IN" lemma="by">by</w>
<w type="NNS" lemma="woman">women</w>
<w type="RB" lemma="everywhere">everywhere</w>
<w type="IN" lemma="if">if</w>
<w type="DT" lemma="this">this</w>
<w type="NN" lemma="knowledge">knowledge</w>
<w type="VBZ" lemma="be">is</w>
<w type="TO" lemma="to">to</w>
<w type="VB" lemma="be">be</w>
<w type="VVN" lemma="use">used</w>
<w type="WRB" lemma="where">where</w>
<w type="PP" lemma="it">it</w>
<w type="VBZ" lemma="be">is</w>
<w type="RBS" lemma="most">most</w>
<w type="VVN" lemma="need">needed</w>
<pc type="SENT">.</pc>
</s>
<s><w type="PP" lemma="I">I</w>
<w type="VBP" lemma="am">am</w>
<w type="JJ" lemma="glad">glad</w>
<w type="IN" lemma="that">that</w>
<w type="IN" lemma="in">in</w>
<w type="DT" lemma="all">all</w>
<w type="NNS" lemma="country">countries</w>
<w type="IN" lemma="of">of</w>
<w type="DT" lemma="the">the</w>
<w type="NP" lemma="Commonwealth">Commonwealth</w>
<w type="NNS" lemma="woman">women</w>
<w type="VBP" lemma="are">are</w>
<w type="JJR" lemma="more">more</w>
<w type="CC" lemma="and">and</w>
<w type="RBR" lemma="more">more</w>
<w type="JJ" lemma="able">able</w>
<w type="TO" lemma="to">to</w>
<w type="VV" lemma="use">use</w>
<w type="PP" lemma="it">it</w>
<pc type="SENT">.</pc>
</s></p><p><s><w type="PP" lemma="I">I</w>
<w type="VBP" lemma="am">am</w>
<w type="RB" lemma="sure">sure</w>
<w type="DT" lemma="the">the</w>
<w type="NN" lemma="custom">custom</w>
<w type="IN" lemma="of">of</w>
<w type="VVG" lemma="give">giving</w>
<w type="NNS" lemma="present">presents</w>
<w type="IN" lemma="at">at</w>
<w type="NP" lemma="Christmas">Christmas</w>
<w type="MD" lemma="will">will</w>
<w type="RB" lemma="never">never</w>
<w type="VV" lemma="die">die</w>
<w type="RP" lemma="out">out</w>
<pc type="sub">,</pc>
<w type="CC" lemma="but">but</w>
<w type="PP" lemma="I">I</w>
<w type="VVP" lemma="hope">hope</w>
<w type="PP" lemma="it">it</w>
<w type="MD" lemma="will">will</w>
<w type="RB" lemma="never">never</w>
<w type="VV" lemma="overshadow">overshadow</w>
<w type="DT" lemma="the">the</w>
<w type="RB" lemma="far">far</w>
<w type="JJR" lemma="more">more</w>
<w type="JJ" lemma="important">important</w>
<w type="NNS" lemma="present">presents</w>
<w type="PP" lemma="we">we</w>
<w type="MD" lemma="can">can</w>
<w type="VV" lemma="give">give</w>
<w type="IN" lemma="for">for</w>
<w type="DT" lemma="the">the</w>
<w type="NN" lemma="benefit">benefit</w>
<w type="IN" lemma="of">of</w>
<w type="DT" lemma="the">the</w>
<w type="NN" lemma="future">future</w>
<w type="IN" lemma="of">of</w>
<w type="DT" lemma="the">the</w>
<w type="NN" lemma="world">world</w>
<pc type="SENT">.</pc>
</s></p><p><s><w type="NNS" lemma="people">People</w>
<w type="IN" lemma="of">of</w>
<w type="NN" lemma="goodwill">goodwill</w>
<w type="RB" lemma="everywhere">everywhere</w>
<w type="VBP" lemma="are">are</w>
<w type="VVG" lemma="work">working</w>
<w type="TO" lemma="to">to</w>
<w type="VV" lemma="build">build</w>
<w type="DT" lemma="a">a</w>
<w type="NN" lemma="world">world</w>
<w type="WDT" lemma="that">that</w>
<w type="MD" lemma="will">will</w>
<w type="VB" lemma="be">be</w>
<w type="DT" lemma="a">a</w>
<w type="JJR" lemma="happy">happier</w>
<w type="CC" lemma="and">and</w>
<w type="JJR" lemma="more">more</w>
<w type="JJ" lemma="peaceful">peaceful</w>
<w type="NN" lemma="place">place</w>
<w type="IN" lemma="in">in</w>
<w type="WDT" lemma="which">which</w>
<w type="TO" lemma="to">to</w>
<w type="VV" lemma="live">live</w>
<pc type="SENT">.</pc>
</s>
<s><w type="VV" lemma="let">Let</w>
<w type="PPs" lemma="our">our</w>
<w type="NNS" lemma="prayer">prayers</w>
<w type="VB" lemma="be">be</w>
<w type="IN" lemma="for">for</w>
<w type="DT" lemma="a">a</w>
<w type="JJ" lemma="personal">personal</w>
<w type="NN" lemma="strength">strength</w>
<w type="CC" lemma="and">and</w>
<w type="NN" lemma="conviction">conviction</w>
<w type="TO" lemma="to">to</w>
<w type="VV" lemma="play">play</w>
<w type="PPs" lemma="our">our</w>
<w type="JJ" lemma="own">own</w>
<w type="JJ" lemma="small">small</w>
<w type="NN" lemma="part">part</w>
<w type="TO" lemma="to">to</w>
<w type="VV" lemma="bring">bring</w>
<w type="DT" lemma="that">that</w>
<w type="NN" lemma="day">day</w>
<w type="JJR" lemma="near">nearer</w>
<pc type="SENT">.</pc>
</s></p><p><s><w type="NP" lemma="God">God</w>
<w type="VB" lemma="be">be</w>
<w type="IN" lemma="with">with</w>
<w type="PP" lemma="you">you</w>
<pc type="sub">,</pc>
<w type="CC" lemma="and">and</w>
<w type="DT" lemma="a">a</w>
<w type="RB" lemma="very">very</w>
<w type="JJ" lemma="happy">happy</w>
<w type="NP" lemma="Christmas">Christmas</w>
<w type="TO" lemma="to">to</w>
<w type="PP" lemma="you">you</w>
<w type="DT" lemma="all">all</w>
<pc type="SENT">.</pc>
</s></p></div>