<div n="1968"><head><s><w type="NP" lemma="Christmas">Christmas</w>
<w type="NP" lemma="Broadcast">Broadcast</w>
<w type="NP" lemma="@card@">1968</w>
</s></head><p><s><w type="NP" lemma="Christmas">Christmas</w>
<w type="VBZ" lemma="be">is</w>
<w type="DT" lemma="a">a</w>
<w type="JJ" lemma="Christian">Christian</w>
<w type="NN" lemma="festival">festival</w>
<w type="WDT" lemma="which">which</w>
<w type="VVZ" lemma="celebrate">celebrates</w>
<w type="DT" lemma="the">the</w>
<w type="NN" lemma="birth">birth</w>
<w type="IN" lemma="of">of</w>
<w type="DT" lemma="the">the</w>
<w type="NP" lemma="Prince">Prince</w>
<w type="IN" lemma="of">of</w>
<w type="NP" lemma="Peace">Peace</w>
<pc type="SENT">.</pc>
</s>
<s><w type="IN" lemma="at">At</w>
<w type="NNS" lemma="time">times</w>
<w type="PP" lemma="it">it</w>
<w type="VBZ" lemma="be">is</w>
<w type="RB" lemma="almost">almost</w>
<w type="VVN" lemma="hide">hidden</w>
<w type="IN" lemma="by">by</w>
<w type="DT" lemma="the">the</w>
<w type="JJ" lemma="merry">merry</w>
<w type="NN" lemma="making">making</w>
<w type="CC" lemma="and">and</w>
<w type="NN" lemma="tinsel">tinsel</w>
<pc type="sub">,</pc>
<w type="CC" lemma="but">but</w>
<w type="DT" lemma="the">the</w>
<w type="JJ" lemma="essential">essential</w>
<w type="NN" lemma="message">message</w>
<w type="IN" lemma="of">of</w>
<w type="NP" lemma="Christmas">Christmas</w>
<w type="VBZ" lemma="be">is</w>
<w type="RB" lemma="still">still</w>
<w type="IN" lemma="that">that</w>
<w type="PP" lemma="we">we</w>
<w type="RB" lemma="all">all</w>
<w type="VVP" lemma="belong">belong</w>
<w type="TO" lemma="to">to</w>
<w type="DT" lemma="the">the</w>
<w type="JJ" lemma="great">great</w>
<w type="NN" lemma="brotherhood">brotherhood</w>
<w type="IN" lemma="of">of</w>
<w type="NN" lemma="man">man</w>
<pc type="SENT">.</pc>
</s></p><p><s><w type="DT" lemma="this">This</w>
<w type="NN" lemma="idea">idea</w>
<w type="VBZ" lemma="be">is</w>
<w type="RB" lemma="not">not</w>
<w type="VVN" lemma="limit">limited</w>
<w type="TO" lemma="to">to</w>
<w type="DT" lemma="the">the</w>
<w type="JJ" lemma="Christian">Christian</w>
<w type="NN" lemma="faith">faith</w>
<pc type="SENT">.</pc>
</s>
<s><w type="NNS" lemma="philosopher">Philosophers</w>
<w type="CC" lemma="and">and</w>
<w type="NNS" lemma="prophet">prophets</w>
<w type="VHP" lemma="have">have</w>
<w type="VVN" lemma="conclude">concluded</w>
<w type="DT" lemma="that">that</w>
<w type="NN" lemma="peace">peace</w>
<w type="VBZ" lemma="be">is</w>
<w type="JJR" lemma="good">better</w>
<w type="IN" lemma="than">than</w>
<w type="NN" lemma="war">war</w>
<pc type="sub">,</pc>
<w type="NN" lemma="love">love</w>
<w type="VBZ" lemma="be">is</w>
<w type="JJR" lemma="good">better</w>
<w type="IN" lemma="than">than</w>
<w type="NN" lemma="hate">hate</w>
<w type="CC" lemma="and">and</w>
<w type="DT" lemma="that">that</w>
<w type="NN" lemma="mankind">mankind</w>
<w type="MD" lemma="can">can</w>
<w type="RB" lemma="only">only</w>
<w type="VV" lemma="find">find</w>
<w type="NN" lemma="progress">progress</w>
<w type="IN" lemma="in">in</w>
<w type="NN" lemma="friendship">friendship</w>
<w type="CC" lemma="and">and</w>
<w type="NN" lemma="co-operation">co-operation</w>
<pc type="SENT">.</pc>
</s></p><p><s><w type="JJ" lemma="Many">Many</w>
<w type="NNS" lemma="idea">ideas</w>
<w type="VBP" lemma="are">are</w>
<w type="VBG" lemma="be">being</w>
<w type="VVD" lemma="question">questioned</w>
<w type="NN" lemma="today">today</w>
<pc type="sub">,</pc>
<w type="CC" lemma="but">but</w>
<w type="DT" lemma="these">these</w>
<w type="JJ" lemma="great">great</w>
<w type="NNS" lemma="truth">truths</w>
<w type="MD" lemma="will">will</w>
<w type="VV" lemma="continue">continue</w>
<w type="TO" lemma="to">to</w>
<w type="VV" lemma="shine">shine</w>
<w type="RP" lemma="out">out</w>
<w type="IN" lemma="as">as</w>
<w type="DT" lemma="the">the</w>
<w type="NN" lemma="light">light</w>
<w type="IN" lemma="of">of</w>
<w type="NN" lemma="hope">hope</w>
<w type="IN" lemma="in">in</w>
<w type="DT" lemma="the">the</w>
<w type="NN" lemma="darkness">darkness</w>
<w type="IN" lemma="of">of</w>
<w type="NN" lemma="intolerance">intolerance</w>
<w type="CC" lemma="and">and</w>
<w type="NN" lemma="inhumanity">inhumanity</w>
<pc type="SENT">.</pc>
</s></p><p><s><w type="DT" lemma="the">The</w>
<w type="NNS" lemma="word">words</w>
<w type="NN" lemma="XXXX">'the</w>
<w type="NN" lemma="brotherhood">brotherhood</w>
<w type="IN" lemma="of">of</w>
<w type="NN" lemma="man">man</w>
<pc type="cq">'</pc>
<w type="VH" lemma="have">have</w>
<w type="DT" lemma="a">a</w>
<w type="JJ" lemma="splendid">splendid</w>
<w type="NN" lemma="ring">ring</w>
<w type="IN" lemma="about">about</w>
<w type="PP" lemma="them">them</w>
<pc type="sub">,</pc>
<w type="CC" lemma="but">but</w>
<w type="DT" lemma="the">the</w>
<w type="NN" lemma="idea">idea</w>
<w type="MD" lemma="may">may</w>
<w type="VV" lemma="seem">seem</w>
<w type="RB" lemma="too">too</w>
<w type="JJ" lemma="remote">remote</w>
<w type="TO" lemma="to">to</w>
<w type="VH" lemma="have">have</w>
<w type="DT" lemma="any">any</w>
<w type="JJ" lemma="practical">practical</w>
<w type="NN" lemma="meaning">meaning</w>
<w type="IN" lemma="in">in</w>
<w type="DT" lemma="this">this</w>
<w type="JJ" lemma="hard">hard</w>
<w type="CC" lemma="and">and</w>
<w type="VVG" lemma="bustle">bustling</w>
<w type="NN" lemma="age">age</w>
<pc type="SENT">.</pc>
</s></p><p><s><w type="RB" lemma="indeed">Indeed</w>
<w type="PP" lemma="it">it</w>
<w type="VVZ" lemma="mean">means</w>
<w type="NN" lemma="nothing">nothing</w>
<w type="IN" lemma="at">at</w>
<w type="DT" lemma="all">all</w>
<w type="IN" lemma="unless">unless</w>
<w type="DT" lemma="the">the</w>
<w type="NN" lemma="brotherhood">brotherhood</w>
<pc type="sub">,</pc>
<w type="VVG" lemma="start">starting</w>
<w type="IN" lemma="with">with</w>
<w type="NNS" lemma="individual">individuals</w>
<pc type="sub">,</pc>
<w type="MD" lemma="can">can</w>
<w type="VV" lemma="reconcile">reconcile</w>
<w type="JJ" lemma="rival">rival</w>
<w type="NNS" lemma="community">communities</w>
<pc type="sub">,</pc>
<w type="JJ" lemma="conflicting">conflicting</w>
<w type="NNS" lemma="religion">religions</w>
<pc type="sub">,</pc>
<w type="VVG" lemma="differ">differing</w>
<w type="NNS" lemma="race">races</w>
<w type="CC" lemma="and">and</w>
<w type="DT" lemma="the">the</w>
<w type="VVN" lemma="divide">divided</w>
<w type="CC" lemma="and">and</w>
<w type="VVN" lemma="prejudice">prejudiced</w>
<w type="NNS" lemma="nation">nations</w>
<w type="IN" lemma="of">of</w>
<w type="DT" lemma="the">the</w>
<w type="NN" lemma="world">world</w>
<pc type="SENT">.</pc>
</s></p><p><s><w type="IN" lemma="if">If</w>
<w type="PP" lemma="we">we</w>
<w type="RB" lemma="truly">truly</w>
<w type="VVP" lemma="believe">believe</w>
<w type="IN" lemma="that">that</w>
<w type="DT" lemma="the">the</w>
<w type="NN" lemma="brotherhood">brotherhood</w>
<w type="IN" lemma="of">of</w>
<w type="NN" lemma="man">man</w>
<w type="VHZ" lemma="have">has</w>
<w type="DT" lemma="a">a</w>
<w type="NN" lemma="value">value</w>
<w type="IN" lemma="for">for</w>
<w type="DT" lemma="the">the</w>
<w type="NN" lemma="world">world</w>
<w type="POS" lemma="'s">'s</w>
<w type="NN" lemma="future">future</w>
<pc type="sub">,</pc>
<w type="RB" lemma="then">then</w>
<w type="PP" lemma="we">we</w>
<w type="MD" lemma="should">should</w>
<w type="VV" lemma="seek">seek</w>
<w type="TO" lemma="to">to</w>
<w type="VV" lemma="support">support</w>
<w type="DT" lemma="those">those</w>
<w type="JJ" lemma="international">international</w>
<w type="NNS" lemma="organisation">organisations</w>
<w type="WDT" lemma="which">which</w>
<w type="JJ" lemma="foster">foster</w>
<w type="NN" lemma="understanding">understanding</w>
<w type="IN" lemma="between">between</w>
<w type="NNS" lemma="people">people</w>
<w type="CC" lemma="and">and</w>
<w type="IN" lemma="between">between</w>
<w type="NNS" lemma="nation">nations</w>
<pc type="SENT">.</pc>
</s></p><p><s><w type="DT" lemma="the">The</w>
<w type="JJ" lemma="British">British</w>
<w type="NNS" lemma="people">people</w>
<w type="RB" lemma="together">together</w>
<w type="VHP" lemma="have">have</w>
<w type="VVN" lemma="achieve">achieved</w>
<w type="JJ" lemma="great">great</w>
<w type="NNS" lemma="thing">things</w>
<w type="IN" lemma="in">in</w>
<w type="DT" lemma="the">the</w>
<w type="JJ" lemma="past">past</w>
<w type="CC" lemma="and">and</w>
<w type="VHP" lemma="have">have</w>
<w type="VVN" lemma="overcome">overcome</w>
<w type="JJ" lemma="many">many</w>
<w type="NNS" lemma="danger">dangers</w>
<pc type="sub">,</pc>
<w type="CC" lemma="but">but</w>
<w type="PP" lemma="we">we</w>
<w type="NN" lemma="XXXX">cannot</w>
<w type="VVP" lemma="make">make</w>
<w type="JJR" lemma="further">further</w>
<w type="NN" lemma="progress">progress</w>
<w type="IN" lemma="if">if</w>
<w type="PP" lemma="we">we</w>
<w type="VVP" lemma="resurrect">resurrect</w>
<w type="JJ" lemma="ancient">ancient</w>
<w type="NNS" lemma="squabble">squabbles</w>
<pc type="SENT">.</pc>
</s></p><p><s><w type="DT" lemma="the">The</w>
<w type="NNS" lemma="nation">nations</w>
<w type="VVG" lemma="belong">belonging</w>
<w type="TO" lemma="to">to</w>
<w type="DT" lemma="the">the</w>
<w type="NP" lemma="Commonwealth">Commonwealth</w>
<w type="VHP" lemma="have">have</w>
<w type="IN" lemma="in">in</w>
<w type="PPs" lemma="their">their</w>
<w type="NNS" lemma="hand">hands</w>
<w type="DT" lemma="a">a</w>
<w type="JJ" lemma="well-tried">well-tried</w>
<w type="NN" lemma="framework">framework</w>
<w type="IN" lemma="for">for</w>
<w type="JJ" lemma="mutual">mutual</w>
<w type="NN" lemma="help">help</w>
<w type="CC" lemma="and">and</w>
<w type="NN" lemma="co-operation">co-operation</w>
<pc type="SENT">.</pc>
</s>
<s><w type="PP" lemma="it">It</w>
<w type="MD" lemma="would">would</w>
<w type="VB" lemma="be">be</w>
<w type="JJ" lemma="short-sighted">short-sighted</w>
<w type="TO" lemma="to">to</w>
<w type="VV" lemma="waste">waste</w>
<w type="DT" lemma="this">this</w>
<w type="JJ" lemma="modest">modest</w>
<w type="NN" lemma="step">step</w>
<w type="IN" lemma="towards">towards</w>
<w type="NN" lemma="brotherhood">brotherhood</w>
<w type="IN" lemma="because">because</w>
<w type="PP" lemma="we">we</w>
<w type="VBP" lemma="are">are</w>
<w type="RB" lemma="too">too</w>
<w type="JJ" lemma="busy">busy</w>
<w type="IN" lemma="with">with</w>
<w type="DT" lemma="the">the</w>
<w type="NNS" lemma="dissension">dissensions</w>
<w type="IN" lemma="of">of</w>
<w type="DT" lemma="the">the</w>
<w type="NN" lemma="moment">moment</w>
<pc type="SENT">.</pc>
</s></p><p><s><w type="DT" lemma="every">Every</w>
<w type="NN" lemma="individual">individual</w>
<w type="CC" lemma="and">and</w>
<w type="DT" lemma="every">every</w>
<w type="NN" lemma="nation">nation</w>
<w type="VHP" lemma="have">have</w>
<w type="NNS" lemma="problem">problems</w>
<pc type="sub">,</pc>
<w type="IN" lemma="so">so</w>
<w type="EX" lemma="there">there</w>
<w type="VBZ" lemma="be">is</w>
<w type="PDT" lemma="all">all</w>
<w type="DT" lemma="the">the</w>
<w type="JJR" lemma="more">more</w>
<w type="NN" lemma="reason">reason</w>
<w type="IN" lemma="for">for</w>
<w type="PP" lemma="us">us</w>
<w type="TO" lemma="to">to</w>
<w type="VV" lemma="do">do</w>
<w type="PPs" lemma="our">our</w>
<w type="NN" lemma="utmost">utmost</w>
<w type="TO" lemma="to">to</w>
<w type="VV" lemma="show">show</w>
<w type="PPs" lemma="our">our</w>
<w type="NN" lemma="concern">concern</w>
<w type="IN" lemma="for">for</w>
<w type="NNS" lemma="other">others</w>
<pc type="SENT">.</pc>
</s></p><p><s><w type="JJ" lemma="rich">Rich</w>
<w type="CC" lemma="or">or</w>
<w type="JJ" lemma="poor">poor</w>
<pc type="sub">,</pc>
<w type="PP" lemma="we">we</w>
<w type="RB" lemma="all">all</w>
<w type="VVP" lemma="depend">depend</w>
<w type="IN" lemma="upon">upon</w>
<w type="DT" lemma="the">the</w>
<w type="NN" lemma="work">work</w>
<w type="CC" lemma="and">and</w>
<w type="NN" lemma="skill">skill</w>
<w type="IN" lemma="of">of</w>
<w type="JJ" lemma="individual">individual</w>
<w type="NNS" lemma="man">men</w>
<w type="CC" lemma="and">and</w>
<w type="NNS" lemma="woman">women</w>
<pc type="sub">,</pc>
<w type="RB" lemma="particularly">particularly</w>
<w type="DT" lemma="those">those</w>
<w type="IN" lemma="in">in</w>
<w type="NN" lemma="industry">industry</w>
<w type="CC" lemma="and">and</w>
<w type="NN" lemma="production">production</w>
<w type="WP" lemma="who">who</w>
<w type="VBP" lemma="are">are</w>
<w type="DT" lemma="the">the</w>
<w type="NNS" lemma="creator">creators</w>
<w type="IN" lemma="of">of</w>
<w type="NN" lemma="wealth">wealth</w>
<w type="CC" lemma="and">and</w>
<w type="NN" lemma="prosperity">prosperity</w>
<pc type="SENT">.</pc>
</s>
<s><w type="PP" lemma="we">We</w>
<w type="VVP" lemma="depend">depend</w>
<w type="IN" lemma="on">on</w>
<w type="JJ" lemma="new">new</w>
<w type="NN" lemma="knowledge">knowledge</w>
<pc type="sub">,</pc>
<w type="NN" lemma="invention">invention</w>
<w type="CC" lemma="and">and</w>
<w type="NN" lemma="innovation">innovation</w>
<pc type="sub">,</pc>
<w type="JJ" lemma="practical">practical</w>
<w type="NNS" lemma="improvement">improvements</w>
<w type="CC" lemma="and">and</w>
<w type="NNS" lemma="development">developments</w>
<pc type="sub">,</pc>
<w type="DT" lemma="all">all</w>
<w type="IN" lemma="of">of</w>
<w type="WDT" lemma="which">which</w>
<w type="VVP" lemma="offer">offer</w>
<w type="PP" lemma="us">us</w>
<w type="DT" lemma="a">a</w>
<w type="JJR" lemma="good">better</w>
<w type="NN" lemma="life">life</w>
<pc type="SENT">.</pc>
</s></p><p><s><w type="RB" lemma="yet">Yet</w>
<w type="PP" lemma="we">we</w>
<w type="MD" lemma="should">should</w>
<w type="RB" lemma="not">not</w>
<w type="VB" lemma="be">be</w>
<w type="VVN" lemma="obsess">obsessed</w>
<w type="IN" lemma="by">by</w>
<w type="NN" lemma="material">material</w>
<w type="NNS" lemma="problem">problems</w>
<pc type="SENT">.</pc>
</s>
<s><w type="PP" lemma="we">We</w>
<w type="MD" lemma="must">must</w>
<w type="RB" lemma="also">also</w>
<w type="VB" lemma="be">be</w>
<w type="JJ" lemma="sure">sure</w>
<w type="IN" lemma="that">that</w>
<w type="PP" lemma="we">we</w>
<w type="VVP" lemma="remain">remain</w>
<w type="RB" lemma="spiritually">spiritually</w>
<w type="JJ" lemma="alive">alive</w>
<pc type="SENT">.</pc>
</s>
<s><w type="NN" lemma="Everything">Everything</w>
<w type="PP" lemma="we">we</w>
<w type="VVP" lemma="do">do</w>
<w type="RB" lemma="now">now</w>
<w type="VBZ" lemma="be">is</w>
<w type="VVG" lemma="help">helping</w>
<w type="TO" lemma="to">to</w>
<w type="VV" lemma="shape">shape</w>
<w type="DT" lemma="the">the</w>
<w type="NN" lemma="world">world</w>
<w type="IN" lemma="in">in</w>
<w type="WDT" lemma="which">which</w>
<w type="PPs" lemma="our">our</w>
<w type="NNS" lemma="child">children</w>
<w type="VBP" lemma="are">are</w>
<w type="VVG" lemma="go">going</w>
<w type="TO" lemma="to">to</w>
<w type="VV" lemma="live">live</w>
<pc type="SENT">.</pc>
</s></p><p><s><w type="PPs" lemma="our">Our</w>
<w type="JJ" lemma="young">young</w>
<w type="NNS" lemma="people">people</w>
<w type="VVP" lemma="need">need</w>
<w type="PDT" lemma="all">all</w>
<w type="DT" lemma="the">the</w>
<w type="NN" lemma="help">help</w>
<w type="CC" lemma="and">and</w>
<w type="NNS" lemma="opportunity">opportunities</w>
<w type="PP" lemma="we">we</w>
<w type="MD" lemma="can">can</w>
<w type="VV" lemma="give">give</w>
<w type="PP" lemma="them">them</w>
<w type="TO" lemma="to">to</w>
<w type="VV" lemma="prepare">prepare</w>
<w type="PP" lemma="them">them</w>
<w type="IN" lemma="for">for</w>
<w type="DT" lemma="the">the</w>
<w type="NNS" lemma="responsibility">responsibilities</w>
<w type="WDT" lemma="which">which</w>
<w type="PP" lemma="they">they</w>
<w type="MD" lemma="will">will</w>
<w type="RB" lemma="soon">soon</w>
<w type="VH" lemma="have">have</w>
<w type="TO" lemma="to">to</w>
<w type="VV" lemma="carry">carry</w>
<pc type="SENT">.</pc>
</s></p><p><s><w type="NN" lemma="today">Today</w>
<w type="PP" lemma="I">I</w>
<w type="VHP" lemma="have">have</w>
<w type="VVN" lemma="speak">spoken</w>
<w type="IN" lemma="of">of</w>
<w type="NN" lemma="XXXX">'the</w>
<w type="NN" lemma="brotherhood">brotherhood</w>
<w type="IN" lemma="of">of</w>
<w type="NN" lemma="man">man</w>
<pc type="cq">'</pc>
<w type="CC" lemma="and">and</w>
<w type="DT" lemma="the">the</w>
<w type="NN" lemma="hope">hope</w>
<w type="PP" lemma="it">it</w>
<w type="VVZ" lemma="hold">holds</w>
<w type="RP" lemma="out">out</w>
<w type="IN" lemma="for">for</w>
<w type="DT" lemma="the">the</w>
<w type="NN" lemma="world">world</w>
<pc type="SENT">.</pc>
</s>
<s><w type="DT" lemma="this">This</w>
<w type="MD" lemma="should">should</w>
<w type="RB" lemma="not">not</w>
<w type="VV" lemma="remain">remain</w>
<w type="DT" lemma="a">a</w>
<w type="JJ" lemma="vague">vague</w>
<w type="NN" lemma="thought">thought</w>
<w type="CC" lemma="nor">nor</w>
<w type="DT" lemma="an">an</w>
<w type="JJ" lemma="abstract">abstract</w>
<w type="NN" lemma="idea">idea</w>
<pc type="SENT">.</pc>
</s>
<s><w type="DT" lemma="each">Each</w>
<w type="IN" lemma="of">of</w>
<w type="PP" lemma="us">us</w>
<w type="MD" lemma="can">can</w>
<w type="VV" lemma="put">put</w>
<w type="PP" lemma="it">it</w>
<w type="IN" lemma="into">into</w>
<w type="NN" lemma="practice">practice</w>
<w type="IN" lemma="by">by</w>
<w type="VVG" lemma="treat">treating</w>
<w type="CD" lemma="one">one</w>
<w type="DT" lemma="another">another</w>
<w type="IN" lemma="with">with</w>
<w type="NN" lemma="kindness">kindness</w>
<w type="CC" lemma="and">and</w>
<w type="NN" lemma="consideration">consideration</w>
<w type="IN" lemma="at">at</w>
<w type="DT" lemma="all">all</w>
<w type="NNS" lemma="time">times</w>
<w type="CC" lemma="and">and</w>
<w type="IN" lemma="in">in</w>
<w type="NN" lemma="spite">spite</w>
<w type="IN" lemma="of">of</w>
<w type="DT" lemma="every">every</w>
<w type="NN" lemma="kind">kind</w>
<w type="IN" lemma="of">of</w>
<w type="NN" lemma="provocation">provocation</w>
<pc type="SENT">.</pc>
</s></p><p><s><w type="NP" lemma="Christmas">Christmas</w>
<w type="VBZ" lemma="be">is</w>
<w type="DT" lemma="the">the</w>
<w type="NN" lemma="festival">festival</w>
<w type="IN" lemma="of">of</w>
<w type="NN" lemma="peace">peace</w>
<pc type="SENT">.</pc>
</s>
<s><w type="PP" lemma="it">It</w>
<w type="VBZ" lemma="be">is</w>
<w type="NP" lemma="God">God</w>
<w type="POS" lemma="'s">'s</w>
<w type="NN" lemma="will">will</w>
<w type="IN" lemma="that">that</w>
<w type="PP" lemma="it">it</w>
<w type="MD" lemma="should">should</w>
<w type="VB" lemma="be">be</w>
<w type="PPs" lemma="our">our</w>
<w type="JJ" lemma="constant">constant</w>
<w type="NN" lemma="endeavour">endeavour</w>
<w type="TO" lemma="to">to</w>
<w type="VV" lemma="establish">establish</w>
<w type="NN" lemma="XXXX">'Peace</w>
<w type="IN" lemma="on">on</w>
<w type="NN" lemma="earth">earth</w>
<pc type="sub">,</pc>
<w type="NN" lemma="goodwill">goodwill</w>
<w type="IN" lemma="towards">towards</w>
<w type="NNS" lemma="man">men</w>
<w type="POS" lemma="'">'</w>
<pc type="SENT">.</pc>
</s></p><p><s><w type="PP" lemma="I">I</w>
<w type="VVP" lemma="hope">hope</w>
<w type="PP" lemma="you">you</w>
<w type="RB" lemma="all">all</w>
<w type="VHP" lemma="have">have</w>
<w type="DT" lemma="a">a</w>
<w type="RB" lemma="very">very</w>
<w type="JJ" lemma="happy">happy</w>
<w type="NP" lemma="Christmas">Christmas</w>
<w type="CC" lemma="and">and</w>
<w type="DT" lemma="every">every</w>
<w type="JJ" lemma="good">good</w>
<w type="NN" lemma="fortune">fortune</w>
<w type="IN" lemma="in">in</w>
<w type="DT" lemma="the">the</w>
<w type="NP" lemma="New">New</w>
<w type="NN" lemma="year">Year</w>
<pc type="SENT">.</pc>
</s></p></div>