<div n="1972"><head><s><w type="NP" lemma="Christmas">Christmas</w>
<w type="NP" lemma="Broadcast">Broadcast</w>
<w type="CD" lemma="@card@">1972</w>
</s></head><p><s><w type="PPs" lemma="my">My</w>
<w type="JJ" lemma="whole">whole</w>
<w type="NN" lemma="family">family</w>
<w type="VHZ" lemma="have">has</w>
<w type="VBN" lemma="be">been</w>
<w type="RB" lemma="deeply">deeply</w>
<w type="VVN" lemma="touch">touched</w>
<w type="IN" lemma="by">by</w>
<w type="DT" lemma="the">the</w>
<w type="NN" lemma="affection">affection</w>
<w type="PP" lemma="you">you</w>
<w type="VHP" lemma="have">have</w>
<w type="VVN" lemma="show">shown</w>
<w type="TO" lemma="to">to</w>
<w type="PP" lemma="us">us</w>
<w type="WRB" lemma="when">when</w>
<w type="PP" lemma="we">we</w>
<w type="VVD" lemma="celebrate">celebrated</w>
<w type="PPs" lemma="our">our</w>
<w type="NN" lemma="silver">Silver</w>
<w type="NN" lemma="wedding">Wedding</w>
<pc type="sub">,</pc>
<w type="CC" lemma="and">and</w>
<w type="PP" lemma="we">we</w>
<w type="VBP" lemma="are">are</w>
<w type="RB" lemma="especially">especially</w>
<w type="JJ" lemma="grateful">grateful</w>
<w type="TO" lemma="to">to</w>
<w type="DT" lemma="the">the</w>
<w type="JJ" lemma="many">many</w>
<w type="NNS" lemma="thousand">thousands</w>
<w type="WP" lemma="who">who</w>
<w type="VHP" lemma="have">have</w>
<w type="VVN" lemma="write">written</w>
<w type="TO" lemma="to">to</w>
<w type="PP" lemma="us">us</w>
<w type="CC" lemma="and">and</w>
<w type="VVN" lemma="send">sent</w>
<w type="PP" lemma="us">us</w>
<w type="NNS" lemma="message">messages</w>
<w type="CC" lemma="and">and</w>
<w type="NNS" lemma="present">presents</w>
<pc type="SENT">.</pc>
</s></p><p><s><w type="CD" lemma="One">One</w>
<w type="IN" lemma="of">of</w>
<w type="DT" lemma="the">the</w>
<w type="JJ" lemma="great">great</w>
<w type="JJ" lemma="Christian">Christian</w>
<w type="NNS" lemma="ideal">ideals</w>
<w type="VBZ" lemma="be">is</w>
<w type="DT" lemma="a">a</w>
<w type="JJ" lemma="happy">happy</w>
<w type="CC" lemma="and">and</w>
<w type="JJ" lemma="lasting">lasting</w>
<w type="NN" lemma="marriage">marriage</w>
<w type="IN" lemma="between">between</w>
<w type="NN" lemma="man">man</w>
<w type="CC" lemma="and">and</w>
<w type="NN" lemma="wife">wife</w>
<pc type="sub">,</pc>
<w type="CC" lemma="but">but</w>
<w type="DT" lemma="no">no</w>
<w type="NN" lemma="marriage">marriage</w>
<w type="MD" lemma="can">can</w>
<w type="VV" lemma="hope">hope</w>
<w type="TO" lemma="to">to</w>
<w type="VV" lemma="succeed">succeed</w>
<w type="IN" lemma="without">without</w>
<w type="DT" lemma="a">a</w>
<w type="JJ" lemma="deliberate">deliberate</w>
<w type="NN" lemma="effort">effort</w>
<w type="TO" lemma="to">to</w>
<w type="VB" lemma="be">be</w>
<w type="JJ" lemma="tolerant">tolerant</w>
<w type="CC" lemma="and">and</w>
<w type="NN" lemma="understanding">understanding</w>
<pc type="SENT">.</pc>
</s>
<s><w type="DT" lemma="this">This</w>
<w type="VVZ" lemma="do">does</w>
<w type="RB" lemma="n't">n't</w>
<w type="VV" lemma="come">come</w>
<w type="RB" lemma="easily">easily</w>
<w type="TO" lemma="to">to</w>
<w type="NNS" lemma="individual">individuals</w>
<w type="CC" lemma="and">and</w>
<w type="PP" lemma="it">it</w>
<w type="RB" lemma="certainly">certainly</w>
<w type="VVZ" lemma="do">does</w>
<w type="RB" lemma="n't">n't</w>
<w type="VV" lemma="come">come</w>
<w type="RB" lemma="naturally">naturally</w>
<w type="TO" lemma="to">to</w>
<w type="NNS" lemma="community">communities</w>
<w type="CC" lemma="or">or</w>
<w type="NNS" lemma="nation">nations</w>
<pc type="SENT">.</pc>
</s></p><p><s><w type="PP" lemma="we">We</w>
<w type="VVP" lemma="know">know</w>
<w type="RB" lemma="only">only</w>
<w type="RB" lemma="too">too</w>
<w type="RB" lemma="well">well</w>
<w type="IN" lemma="that">that</w>
<w type="DT" lemma="a">a</w>
<w type="JJ" lemma="selfish">selfish</w>
<w type="NN" lemma="insistence">insistence</w>
<w type="IN" lemma="upon">upon</w>
<w type="PPs" lemma="our">our</w>
<w type="NNS" lemma="right">rights</w>
<w type="CC" lemma="and">and</w>
<w type="PPs" lemma="our">our</w>
<w type="JJ" lemma="own">own</w>
<w type="NN" lemma="point">point</w>
<w type="IN" lemma="of">of</w>
<w type="NN" lemma="view">view</w>
<w type="VVZ" lemma="lead">leads</w>
<w type="TO" lemma="to">to</w>
<w type="NN" lemma="disaster">disaster</w>
<pc type="SENT">.</pc>
</s>
<s><w type="PP" lemma="we">We</w>
<w type="RB" lemma="all">all</w>
<w type="MD" lemma="ought">ought</w>
<w type="TO" lemma="to">to</w>
<w type="VV" lemma="know">know</w>
<w type="IN" lemma="by">by</w>
<w type="RB" lemma="now">now</w>
<w type="IN" lemma="that">that</w>
<w type="DT" lemma="a">a</w>
<w type="JJ" lemma="civilised">civilised</w>
<w type="CC" lemma="and">and</w>
<w type="JJ" lemma="peaceful">peaceful</w>
<w type="NN" lemma="existence">existence</w>
<w type="VBZ" lemma="be">is</w>
<w type="RB" lemma="only">only</w>
<w type="JJ" lemma="possible">possible</w>
<w type="WRB" lemma="when">when</w>
<w type="NNS" lemma="people">people</w>
<w type="VVP" lemma="make">make</w>
<w type="DT" lemma="the">the</w>
<w type="NN" lemma="effort">effort</w>
<w type="TO" lemma="to">to</w>
<w type="VV" lemma="understand">understand</w>
<w type="DT" lemma="each">each</w>
<w type="JJ" lemma="other">other</w>
<pc type="SENT">.</pc>
</s></p><p><s><w type="VVG" lemma="look">Looking</w>
<w type="IN" lemma="at">at</w>
<w type="DT" lemma="the">the</w>
<w type="NN" lemma="world">world</w>
<pc type="sub">,</pc>
<w type="PP" lemma="one">one</w>
<w type="MD" lemma="might">might</w>
<w type="VB" lemma="be">be</w>
<w type="VVN" lemma="forgive">forgiven</w>
<w type="IN" lemma="for">for</w>
<w type="VVG" lemma="believe">believing</w>
<w type="IN" lemma="that">that</w>
<w type="JJ" lemma="many">many</w>
<w type="NNS" lemma="people">people</w>
<w type="VHP" lemma="have">have</w>
<w type="RB" lemma="never">never</w>
<w type="VVN" lemma="hear">heard</w>
<w type="IN" lemma="of">of</w>
<w type="DT" lemma="this">this</w>
<w type="JJ" lemma="simple">simple</w>
<w type="NN" lemma="idea">idea</w>
<pc type="SENT">.</pc>
</s>
<s><w type="DT" lemma="every">Every</w>
<w type="NN" lemma="day">day</w>
<w type="EX" lemma="there">there</w>
<w type="VBP" lemma="are">are</w>
<w type="NNS" lemma="report">reports</w>
<w type="IN" lemma="of">of</w>
<w type="NN" lemma="violence">violence</w>
<pc type="sub">,</pc>
<w type="NN" lemma="lawlessness">lawlessness</w>
<pc type="sub">,</pc>
<w type="CC" lemma="and">and</w>
<w type="DT" lemma="the">the</w>
<w type="NN" lemma="disregard">disregard</w>
<w type="IN" lemma="for">for</w>
<w type="JJ" lemma="human">human</w>
<w type="NN" lemma="life">life</w>
<pc type="SENT">.</pc>
</s></p><p><s><w type="JJS" lemma="most">Most</w>
<w type="IN" lemma="of">of</w>
<w type="DT" lemma="this">this</w>
<w type="VBZ" lemma="be">is</w>
<w type="VVN" lemma="excuse">excused</w>
<w type="IN" lemma="on">on</w>
<w type="RB" lemma="purely">purely</w>
<w type="JJ" lemma="selfish">selfish</w>
<w type="NNS" lemma="ground">grounds</w>
<pc type="SENT">.</pc>
</s>
<s><w type="PP" lemma="I">I</w>
<w type="VVP" lemma="know">know</w>
<w type="EX" lemma="there">there</w>
<w type="VBP" lemma="are">are</w>
<w type="NNS" lemma="million">millions</w>
<w type="IN" lemma="of">of</w>
<w type="RB" lemma="kindly">kindly</w>
<w type="NNS" lemma="people">people</w>
<w type="IN" lemma="throughout">throughout</w>
<w type="DT" lemma="the">the</w>
<w type="NN" lemma="world">world</w>
<w type="WP" lemma="who">who</w>
<w type="VBP" lemma="are">are</w>
<w type="VVN" lemma="sadden">saddened</w>
<w type="IN" lemma="with">with</w>
<w type="PP" lemma="me">me</w>
<w type="IN" lemma="for">for</w>
<w type="PDT" lemma="all">all</w>
<w type="DT" lemma="those">those</w>
<w type="WP" lemma="who">who</w>
<w type="VVP" lemma="suffer">suffer</w>
<w type="IN" lemma="from">from</w>
<w type="DT" lemma="these">these</w>
<w type="NNS" lemma="outrage">outrages</w>
<pc type="SENT">.</pc>
</s></p><p><s><w type="IN" lemma="in">In</w>
<w type="DT" lemma="the">the</w>
<w type="NP" lemma="United">United</w>
<w type="NP" lemma="Kingdom">Kingdom</w>
<w type="PP" lemma="we">we</w>
<w type="VHP" lemma="have">have</w>
<w type="PPs" lemma="our">our</w>
<w type="JJ" lemma="own">own</w>
<w type="JJ" lemma="particular">particular</w>
<w type="NNS" lemma="sorrow">sorrows</w>
<w type="IN" lemma="in">in</w>
<w type="NP" lemma="Northern">Northern</w>
<w type="NP" lemma="Ireland">Ireland</w>
<w type="CC" lemma="and">and</w>
<w type="PP" lemma="I">I</w>
<w type="VVP" lemma="want">want</w>
<w type="TO" lemma="to">to</w>
<w type="VV" lemma="send">send</w>
<w type="DT" lemma="a">a</w>
<w type="JJ" lemma="special">special</w>
<w type="NN" lemma="message">message</w>
<w type="IN" lemma="of">of</w>
<w type="NN" lemma="sympathy">sympathy</w>
<w type="TO" lemma="to">to</w>
<w type="PDT" lemma="all">all</w>
<w type="DT" lemma="those">those</w>
<w type="NNS" lemma="man">men</w>
<pc type="sub">,</pc>
<w type="NNS" lemma="woman">women</w>
<w type="CC" lemma="and">and</w>
<w type="NNS" lemma="child">children</w>
<w type="WP" lemma="who">who</w>
<w type="VHP" lemma="have">have</w>
<w type="VVN" lemma="suffer">suffered</w>
<w type="CC" lemma="and">and</w>
<w type="VVN" lemma="endure">endured</w>
<w type="RB" lemma="so">so</w>
<w type="RB" lemma="much">much</w>
<pc type="SENT">.</pc>
</s></p><p><s><w type="CC" lemma="but">But</w>
<w type="EX" lemma="there">there</w>
<w type="VBZ" lemma="be">is</w>
<w type="DT" lemma="a">a</w>
<w type="NN" lemma="light">light</w>
<w type="IN" lemma="in">in</w>
<w type="DT" lemma="this">this</w>
<w type="JJ" lemma="tragic">tragic</w>
<w type="NN" lemma="situation">situation</w>
<pc type="SENT">.</pc>
</s>
<s><w type="DT" lemma="the">The</w>
<w type="NNS" lemma="people">people</w>
<w type="VBP" lemma="are">are</w>
<w type="RB" lemma="steadfastly">steadfastly</w>
<w type="VVG" lemma="carry">carrying</w>
<w type="IN" lemma="on">on</w>
<w type="PPs" lemma="their">their</w>
<w type="JJ" lemma="ordinary">ordinary</w>
<w type="NN" lemma="business">business</w>
<w type="IN" lemma="in">in</w>
<w type="PPs" lemma="their">their</w>
<w type="NNS" lemma="factory">factories</w>
<w type="CC" lemma="and">and</w>
<w type="NNS" lemma="place">places</w>
<w type="IN" lemma="of">of</w>
<w type="NN" lemma="work">work</w>
<pc type="SENT">.</pc>
</s></p><p><s><w type="JJ" lemma="voluntary">Voluntary</w>
<w type="NNS" lemma="worker">workers</w>
<pc type="sub">,</pc>
<w type="CC" lemma="both">both</w>
<w type="IN" lemma="in">in</w>
<w type="CC" lemma="and">and</w>
<w type="IN" lemma="out">out</w>
<w type="IN" lemma="of">of</w>
<w type="NN" lemma="uniform">uniform</w>
<pc type="sub">,</pc>
<w type="VHP" lemma="have">have</w>
<w type="VVN" lemma="struggle">struggled</w>
<w type="TO" lemma="to">to</w>
<w type="VV" lemma="keep">keep</w>
<w type="NN" lemma="humanity">humanity</w>
<w type="CC" lemma="and">and</w>
<w type="NN" lemma="commonsense">commonsense</w>
<w type="JJ" lemma="alive">alive</w>
<pc type="SENT">.</pc>
</s>
<s><w type="DT" lemma="the">The</w>
<w type="JJ" lemma="social">social</w>
<w type="NNS" lemma="service">services</w>
<w type="VHP" lemma="have">have</w>
<w type="VVN" lemma="do">done</w>
<w type="PPs" lemma="their">their</w>
<w type="NN" lemma="job">job</w>
<w type="RB" lemma="magnificently">magnificently</w>
<pc type="SENT">.</pc>
</s>
<s><w type="DT" lemma="the">The</w>
<w type="NNS" lemma="force">forces</w>
<w type="IN" lemma="of">of</w>
<w type="NN" lemma="law">law</w>
<w type="CC" lemma="and">and</w>
<w type="NN" lemma="order">order</w>
<w type="VVP" lemma="continue">continue</w>
<w type="PPs" lemma="their">their</w>
<w type="JJ" lemma="thankless">thankless</w>
<w type="NN" lemma="task">task</w>
<w type="IN" lemma="with">with</w>
<w type="DT" lemma="the">the</w>
<w type="JJ" lemma="utmost">utmost</w>
<w type="NN" lemma="fortitude">fortitude</w>
<w type="IN" lemma="in">in</w>
<w type="DT" lemma="the">the</w>
<w type="NN" lemma="face">face</w>
<w type="IN" lemma="of">of</w>
<w type="JJ" lemma="appalling">appalling</w>
<w type="NN" lemma="provocation">provocation</w>
<pc type="SENT">.</pc>
</s></p><p><s><w type="PP" lemma="we">We</w>
<w type="MD" lemma="must">must</w>
<w type="VV" lemma="admire">admire</w>
<w type="PP" lemma="them">them</w>
<w type="RB" lemma="greatly">greatly</w>
<w type="IN" lemma="for">for</w>
<w type="PPs" lemma="their">their</w>
<w type="NN" lemma="patience">patience</w>
<w type="CC" lemma="and">and</w>
<w type="NN" lemma="restraint">restraint</w>
<pc type="SENT">.</pc>
</s></p><p><s><w type="PP" lemma="I">I</w>
<w type="VVP" lemma="ask">ask</w>
<w type="PP" lemma="you">you</w>
<w type="DT" lemma="all">all</w>
<w type="TO" lemma="to">to</w>
<w type="VV" lemma="join">join</w>
<w type="PP" lemma="me">me</w>
<w type="IN" lemma="in">in</w>
<w type="VVG" lemma="pray">praying</w>
<w type="IN" lemma="that">that</w>
<w type="DT" lemma="the">the</w>
<w type="NNS" lemma="heart">hearts</w>
<w type="CC" lemma="and">and</w>
<w type="NNS" lemma="mind">minds</w>
<w type="IN" lemma="of">of</w>
<w type="NN" lemma="everyone">everyone</w>
<w type="IN" lemma="in">in</w>
<w type="DT" lemma="that">that</w>
<w type="JJ" lemma="troubled">troubled</w>
<w type="NP" lemma="Province">Province</w>
<w type="MD" lemma="may">may</w>
<w type="VB" lemma="be">be</w>
<w type="VVN" lemma="touch">touched</w>
<w type="IN" lemma="with">with</w>
<w type="DT" lemma="the">the</w>
<w type="NN" lemma="spirit">spirit</w>
<w type="IN" lemma="of">of</w>
<w type="NP" lemma="Christmas">Christmas</w>
<w type="CC" lemma="and">and</w>
<w type="DT" lemma="the">the</w>
<w type="NN" lemma="message">message</w>
<w type="IN" lemma="of">of</w>
<w type="NN" lemma="brotherhood">brotherhood</w>
<pc type="sub">,</pc>
<w type="NN" lemma="peace">peace</w>
<w type="CC" lemma="and">and</w>
<w type="NN" lemma="goodwill">goodwill</w>
<pc type="SENT">.</pc>
</s>
<s><w type="NP" lemma="May">May</w>
<w type="NN" lemma="tolerance">tolerance</w>
<w type="CC" lemma="and">and</w>
<w type="NN" lemma="understanding">understanding</w>
<w type="NN" lemma="release">release</w>
<w type="DT" lemma="the">the</w>
<w type="NNS" lemma="people">people</w>
<w type="IN" lemma="from">from</w>
<w type="NN" lemma="terror">terror</w>
<w type="CC" lemma="and">and</w>
<w type="VV" lemma="put">put</w>
<w type="NN" lemma="gladness">gladness</w>
<w type="IN" lemma="in">in</w>
<w type="DT" lemma="the">the</w>
<w type="NN" lemma="place">place</w>
<w type="IN" lemma="of">of</w>
<w type="NN" lemma="fear">fear</w>
<pc type="SENT">.</pc>
</s></p><p><s><w type="CC" lemma="but">But</w>
<w type="PP" lemma="I">I</w>
<w type="VBP" lemma="am">am</w>
<w type="VVG" lemma="speak">speaking</w>
<w type="NN" lemma="today">today</w>
<w type="TO" lemma="to">to</w>
<w type="PDT" lemma="all">all</w>
<w type="DT" lemma="the">the</w>
<w type="NNS" lemma="people">peoples</w>
<w type="IN" lemma="of">of</w>
<w type="DT" lemma="the">the</w>
<w type="NP" lemma="Commonwealth">Commonwealth</w>
<pc type="SENT">.</pc>
</s>
<s><w type="IN" lemma="in">In</w>
<w type="DT" lemma="this">this</w>
<w type="JJ" lemma="unique">unique</w>
<w type="NN" lemma="organisation">organisation</w>
<pc type="sub">,</pc>
<w type="PP" lemma="we">we</w>
<w type="VBP" lemma="are">are</w>
<w type="JJ" lemma="fortunate">fortunate</w>
<w type="IN" lemma="in">in</w>
<w type="VHG" lemma="have">having</w>
<w type="JJ" lemma="endless">endless</w>
<w type="NNS" lemma="opportunity">opportunities</w>
<w type="IN" lemma="for">for</w>
<w type="NN" lemma="co-operation">co-operation</w>
<pc type="SENT">.</pc>
</s></p><p><s><w type="IN" lemma="through">Through</w>
<w type="PPs" lemma="its">its</w>
<w type="JJ" lemma="informal">informal</w>
<w type="NN" lemma="structure">structure</w>
<w type="PP" lemma="we">we</w>
<w type="VHP" lemma="have">have</w>
<w type="VVN" lemma="create">created</w>
<w type="DT" lemma="a">a</w>
<w type="NN" lemma="web">web</w>
<w type="IN" lemma="of">of</w>
<w type="NNS" lemma="relationship">relationships</w>
<w type="IN" lemma="between">between</w>
<w type="NNS" lemma="people">peoples</w>
<w type="IN" lemma="of">of</w>
<w type="JJ" lemma="many">many</w>
<w type="NNS" lemma="race">races</w>
<w type="CC" lemma="and">and</w>
<w type="NNS" lemma="creed">creeds</w>
<w type="CC" lemma="and">and</w>
<w type="RB" lemma="now">now</w>
<w type="IN" lemma="between">between</w>
<w type="DT" lemma="a">a</w>
<w type="JJ" lemma="great">great</w>
<w type="NN" lemma="number">number</w>
<w type="IN" lemma="of">of</w>
<w type="JJ" lemma="sovereign">sovereign</w>
<w type="JJ" lemma="independent">independent</w>
<w type="NNS" lemma="state">states</w>
<pc type="SENT">.</pc>
</s></p><p><s><w type="PP" lemma="I">I</w>
<w type="VHP" lemma="have">have</w>
<w type="VVN" lemma="visit">visited</w>
<w type="RB" lemma="almost">almost</w>
<w type="RB" lemma="all">all</w>
<w type="IN" lemma="of">of</w>
<w type="DT" lemma="the">the</w>
<w type="CD" lemma="@card@">32</w>
<w type="JJ" lemma="independent">independent</w>
<w type="NP" lemma="Commonwealth">Commonwealth</w>
<w type="NNS" lemma="country">countries</w>
<pc type="sub">,</pc>
<w type="CC" lemma="and">and</w>
<w type="PP" lemma="we">we</w>
<w type="VBP" lemma="are">are</w>
<w type="VVG" lemma="look">looking</w>
<w type="RB" lemma="forward">forward</w>
<w type="TO" lemma="to">to</w>
<w type="VVG" lemma="go">going</w>
<w type="RB" lemma="back">back</w>
<w type="TO" lemma="to">to</w>
<w type="NP" lemma="Canada">Canada</w>
<w type="CC" lemma="and">and</w>
<w type="NP" lemma="Australia">Australia</w>
<w type="JJ" lemma="next">next</w>
<w type="NN" lemma="year">year</w>
<pc type="SENT">.</pc>
</s>
<s><w type="PP" lemma="I">I</w>
<w type="VVP" lemma="know">know</w>
<w type="IN" lemma="from">from</w>
<w type="DT" lemma="this">this</w>
<w type="JJ" lemma="personal">personal</w>
<w type="NN" lemma="experience">experience</w>
<w type="WRB" lemma="how">how</w>
<w type="JJ" lemma="much">much</w>
<w type="DT" lemma="the">the</w>
<w type="NP" lemma="Commonwealth">Commonwealth</w>
<w type="VBZ" lemma="be">is</w>
<w type="VVN" lemma="value">valued</w>
<w type="IN" lemma="by">by</w>
<w type="PPs" lemma="its">its</w>
<w type="NNS" lemma="member">members</w>
<pc type="SENT">.</pc>
</s></p><p><s><w type="NP" lemma="Britain">Britain</w>
<w type="VBZ" lemma="be">is</w>
<w type="RB" lemma="about">about</w>
<w type="TO" lemma="to">to</w>
<w type="VV" lemma="join">join</w>
<w type="PPs" lemma="her">her</w>
<w type="NNS" lemma="neighbour">neighbours</w>
<w type="IN" lemma="in">in</w>
<w type="DT" lemma="the">the</w>
<w type="NP" lemma="European">European</w>
<w type="NP" lemma="Community">Community</w>
<w type="CC" lemma="and">and</w>
<w type="PP" lemma="you">you</w>
<w type="MD" lemma="may">may</w>
<w type="RB" lemma="well">well</w>
<w type="VV" lemma="ask">ask</w>
<w type="WRB" lemma="how">how</w>
<w type="DT" lemma="this">this</w>
<w type="MD" lemma="will">will</w>
<w type="VV" lemma="affect">affect</w>
<w type="DT" lemma="the">the</w>
<w type="NP" lemma="Commonwealth">Commonwealth</w>
<pc type="SENT">.</pc>
</s></p><p><s><w type="DT" lemma="the">The</w>
<w type="JJ" lemma="new">new</w>
<w type="NNS" lemma="link">links</w>
<w type="IN" lemma="with">with</w>
<w type="NP" lemma="Europe">Europe</w>
<w type="MD" lemma="will">will</w>
<w type="RB" lemma="not">not</w>
<w type="VV" lemma="replace">replace</w>
<w type="DT" lemma="those">those</w>
<w type="IN" lemma="with">with</w>
<w type="DT" lemma="the">the</w>
<w type="NP" lemma="Commonwealth">Commonwealth</w>
<pc type="SENT">.</pc>
</s>
<s><w type="PP" lemma="they">They</w>
<w type="NN" lemma="XXXX">cannot</w>
<w type="VV" lemma="alter">alter</w>
<w type="PPs" lemma="our">our</w>
<w type="JJ" lemma="historical">historical</w>
<w type="CC" lemma="and">and</w>
<w type="JJ" lemma="personal">personal</w>
<w type="NNS" lemma="attachment">attachments</w>
<w type="IN" lemma="with">with</w>
<w type="NNS" lemma="kinsman">kinsmen</w>
<w type="CC" lemma="and">and</w>
<w type="NNS" lemma="friend">friends</w>
<w type="RB" lemma="overseas">overseas</w>
<pc type="SENT">.</pc>
</s>
<s><w type="JJ" lemma="old">Old</w>
<w type="NNS" lemma="friend">friends</w>
<w type="MD" lemma="will">will</w>
<w type="RB" lemma="not">not</w>
<w type="VB" lemma="be">be</w>
<w type="VVN" lemma="lose">lost</w>
<pc type="sub">;</pc>
<w type="NP" lemma="Britain">Britain</w>
<w type="MD" lemma="will">will</w>
<w type="VV" lemma="take">take</w>
<w type="PPs" lemma="her">her</w>
<w type="NP" lemma="Commonwealth">Commonwealth</w>
<w type="NNS" lemma="link">links</w>
<w type="IN" lemma="into">into</w>
<w type="NP" lemma="Europe">Europe</w>
<w type="IN" lemma="with">with</w>
<w type="PP" lemma="her">her</w>
<pc type="SENT">.</pc>
</s></p><p><s><w type="NP" lemma="Britain">Britain</w>
<w type="CC" lemma="and">and</w>
<w type="DT" lemma="these">these</w>
<w type="JJ" lemma="other">other</w>
<w type="JJ" lemma="European">European</w>
<w type="NNS" lemma="country">countries</w>
<w type="VVP" lemma="see">see</w>
<w type="IN" lemma="in">in</w>
<w type="DT" lemma="the">the</w>
<w type="NP" lemma="Community">Community</w>
<w type="DT" lemma="a">a</w>
<w type="JJ" lemma="new">new</w>
<w type="NN" lemma="opportunity">opportunity</w>
<w type="IN" lemma="for">for</w>
<w type="DT" lemma="the">the</w>
<w type="NN" lemma="future">future</w>
<pc type="SENT">.</pc>
</s>
<s><w type="PP" lemma="they">They</w>
<w type="VVP" lemma="believe">believe</w>
<w type="IN" lemma="that">that</w>
<w type="DT" lemma="the">the</w>
<w type="NNS" lemma="thing">things</w>
<w type="PP" lemma="they">they</w>
<w type="VHP" lemma="have">have</w>
<w type="IN" lemma="in">in</w>
<w type="JJ" lemma="common">common</w>
<w type="VBP" lemma="are">are</w>
<w type="RBR" lemma="more">more</w>
<w type="JJ" lemma="important">important</w>
<w type="IN" lemma="than">than</w>
<w type="DT" lemma="the">the</w>
<w type="NNS" lemma="thing">things</w>
<w type="WDT" lemma="which">which</w>
<w type="VVP" lemma="divide">divide</w>
<w type="PP" lemma="them">them</w>
<pc type="sub">,</pc>
<w type="CC" lemma="and">and</w>
<w type="IN" lemma="that">that</w>
<w type="IN" lemma="if">if</w>
<w type="PP" lemma="they">they</w>
<w type="VVP" lemma="work">work</w>
<w type="RB" lemma="together">together</w>
<w type="RB" lemma="not">not</w>
<w type="RB" lemma="only">only</w>
<w type="PP" lemma="they">they</w>
<pc type="sub">,</pc>
<w type="CC" lemma="but">but</w>
<w type="DT" lemma="the">the</w>
<w type="JJ" lemma="whole">whole</w>
<w type="NN" lemma="world">world</w>
<w type="MD" lemma="will">will</w>
<w type="VV" lemma="benefit">benefit</w>
<pc type="SENT">.</pc>
</s></p><p><s><w type="PP" lemma="we">We</w>
<w type="VBP" lemma="are">are</w>
<w type="VVG" lemma="try">trying</w>
<w type="TO" lemma="to">to</w>
<w type="VV" lemma="create">create</w>
<w type="DT" lemma="a">a</w>
<w type="JJR" lemma="wide">wider</w>
<w type="NN" lemma="family">family</w>
<w type="IN" lemma="of">of</w>
<w type="NPS" lemma="Nations">Nations</w>
<w type="CC" lemma="and">and</w>
<w type="PP" lemma="it">it</w>
<w type="VBZ" lemma="be">is</w>
<w type="RB" lemma="particularly">particularly</w>
<w type="IN" lemma="at">at</w>
<w type="NP" lemma="Christmas">Christmas</w>
<w type="IN" lemma="that">that</w>
<w type="DT" lemma="this">this</w>
<w type="NN" lemma="family">family</w>
<w type="MD" lemma="should">should</w>
<w type="VV" lemma="feel">feel</w>
<w type="JJS" lemma="close">closest</w>
<w type="RB" lemma="together">together</w>
<pc type="SENT">.</pc>
</s></p><p><s><w type="NP" lemma="Christmas">Christmas</w>
<w type="VBZ" lemma="be">is</w>
<w type="IN" lemma="above">above</w>
<w type="PDT" lemma="all">all</w>
<w type="DT" lemma="a">a</w>
<w type="NN" lemma="time">time</w>
<w type="IN" lemma="of">of</w>
<w type="JJ" lemma="new">new</w>
<w type="NN" lemma="life">life</w>
<pc type="SENT">.</pc>
</s>
<s><w type="DT" lemma="a">A</w>
<w type="NN" lemma="time">time</w>
<w type="TO" lemma="to">to</w>
<w type="VV" lemma="look">look</w>
<w type="RB" lemma="hopefully">hopefully</w>
<w type="RB" lemma="ahead">ahead</w>
<w type="TO" lemma="to">to</w>
<w type="DT" lemma="a">a</w>
<w type="NN" lemma="future">future</w>
<w type="WRB" lemma="when">when</w>
<w type="DT" lemma="the">the</w>
<w type="NNS" lemma="problem">problems</w>
<w type="WDT" lemma="which">which</w>
<w type="VVP" lemma="face">face</w>
<w type="DT" lemma="the">the</w>
<w type="NN" lemma="world">world</w>
<w type="NN" lemma="today">today</w>
<w type="MD" lemma="will">will</w>
<w type="VB" lemma="be">be</w>
<w type="VVN" lemma="see">seen</w>
<w type="IN" lemma="in">in</w>
<w type="PPs" lemma="their">their</w>
<w type="JJ" lemma="true">true</w>
<w type="NN" lemma="perspective">perspective</w>
<pc type="SENT">.</pc>
</s></p><p><s><w type="PP" lemma="I">I</w>
<w type="VVP" lemma="leave">leave</w>
<w type="IN" lemma="with">with</w>
<w type="PP" lemma="you">you</w>
<w type="DT" lemma="the">the</w>
<w type="JJ" lemma="old">old</w>
<w type="NN" lemma="message">message</w>
<pc type="sub">,</pc>
<pc type="cq">"</pc>
<w type="IN" lemma="on">On</w>
<w type="NN" lemma="earth">earth</w>
<w type="NN" lemma="peace">peace</w>
<pc type="sub">;</pc>
<w type="NN" lemma="goodwill">goodwill</w>
<w type="IN" lemma="toward">toward</w>
<w type="NNS" lemma="man">men</w>
<pc type="cq">"</pc>
<pc type="SENT">.</pc>
</s>
<s><w type="DT" lemma="no">No</w>
<w type="NN" lemma="one">one</w>
<w type="VHZ" lemma="have">has</w>
<w type="RB" lemma="ever">ever</w>
<w type="VVN" lemma="offer">offered</w>
<w type="DT" lemma="a">a</w>
<w type="JJR" lemma="good">better</w>
<w type="NN" lemma="formula">formula</w>
<w type="CC" lemma="and">and</w>
<w type="PP" lemma="I">I</w>
<w type="VVP" lemma="hope">hope</w>
<w type="IN" lemma="that">that</w>
<w type="PPs" lemma="its">its</w>
<w type="JJ" lemma="simple">simple</w>
<w type="NN" lemma="truth">truth</w>
<w type="MD" lemma="may">may</w>
<w type="RB" lemma="yet">yet</w>
<w type="VV" lemma="take">take</w>
<w type="NN" lemma="hold">hold</w>
<w type="IN" lemma="of">of</w>
<w type="DT" lemma="the">the</w>
<w type="NN" lemma="imagination">imagination</w>
<w type="IN" lemma="of">of</w>
<w type="DT" lemma="all">all</w>
<w type="NN" lemma="mankind">mankind</w>
<pc type="SENT">.</pc>
</s></p><p><s><w type="NP" lemma="God">God</w>
<w type="VV" lemma="bless">bless</w>
<w type="PP" lemma="you">you</w>
<w type="CC" lemma="and">and</w>
<w type="DT" lemma="a">a</w>
<w type="JJ" lemma="happy">happy</w>
<w type="NP" lemma="Christmas">Christmas</w>
<w type="TO" lemma="to">to</w>
<w type="PP" lemma="you">you</w>
<w type="DT" lemma="all">all</w>
<pc type="SENT">.</pc>
</s></p></div>