<div n="1973"><head><s><w type="NP" lemma="Christmas">Christmas</w>
<w type="NP" lemma="Broadcast">Broadcast</w>
<w type="CD" lemma="@card@">1973</w>
</s></head><p><s><w type="PP" lemma="it">It</w>
<w type="VBZ" lemma="be">is</w>
<w type="RB" lemma="now">now</w>
<w type="CD" lemma="@card@">21</w>
<w type="NNS" lemma="year">years</w>
<w type="IN" lemma="since">since</w>
<w type="PP" lemma="I">I</w>
<w type="RB" lemma="first">first</w>
<w type="VVD" lemma="broadcast">broadcast</w>
<w type="DT" lemma="a">a</w>
<w type="NP" lemma="Christmas">Christmas</w>
<w type="NP" lemma="Message">Message</w>
<w type="TO" lemma="to">to</w>
<w type="DT" lemma="the">the</w>
<w type="NP" lemma="Commonwealth">Commonwealth</w>
<pc type="SENT">.</pc>
</s>
<s><w type="RB" lemma="then">Then</w>
<w type="PPs" lemma="our">our</w>
<w type="CD" lemma="two">two</w>
<w type="JJR" lemma="elder">elder</w>
<w type="NNS" lemma="child">children</w>
<w type="VBD" lemma="be">were</w>
<w type="RB" lemma="only">only</w>
<w type="CD" lemma="four">four</w>
<w type="CC" lemma="and">and</w>
<w type="CD" lemma="two">two</w>
<pc type="SENT">.</pc>
</s></p><p><s><w type="RB" lemma="now">Now</w>
<pc type="sub">,</pc>
<w type="PPs" lemma="our">our</w>
<w type="NN" lemma="daughter">daughter</w>
<w type="VVZ" lemma="join">joins</w>
<w type="PP" lemma="us">us</w>
<w type="IN" lemma="for">for</w>
<w type="NP" lemma="Christmas">Christmas</w>
<w type="IN" lemma="with">with</w>
<w type="PPs" lemma="her">her</w>
<w type="NN" lemma="husband">husband</w>
<w type="CC" lemma="and">and</w>
<w type="PP" lemma="we">we</w>
<w type="VBP" lemma="are">are</w>
<w type="VVG" lemma="celebrate">celebrating</w>
<w type="DT" lemma="the">the</w>
<w type="NN" lemma="festival">festival</w>
<w type="DT" lemma="this">this</w>
<w type="NN" lemma="year">year</w>
<w type="IN" lemma="with">with</w>
<w type="DT" lemma="the">the</w>
<w type="NNS" lemma="memory">memories</w>
<w type="IN" lemma="of">of</w>
<w type="PPs" lemma="their">their</w>
<w type="NN" lemma="wedding">wedding</w>
<w type="RB" lemma="very">very</w>
<w type="RB" lemma="much">much</w>
<w type="IN" lemma="in">in</w>
<w type="PPs" lemma="our">our</w>
<w type="NNS" lemma="mind">minds</w>
<pc type="SENT">.</pc>
</s></p><p><s><w type="PP" lemma="we">We</w>
<w type="VBP" lemma="are">are</w>
<w type="RB" lemma="constantly">constantly</w>
<w type="VBG" lemma="be">being</w>
<w type="VVN" lemma="tell">told</w>
<w type="IN" lemma="that">that</w>
<w type="PP" lemma="we">we</w>
<w type="VVP" lemma="live">live</w>
<w type="IN" lemma="in">in</w>
<w type="DT" lemma="a">a</w>
<w type="VVG" lemma="change">changing</w>
<w type="NN" lemma="world">world</w>
<w type="CC" lemma="and">and</w>
<w type="IN" lemma="that">that</w>
<w type="PP" lemma="we">we</w>
<w type="VVP" lemma="need">need</w>
<w type="TO" lemma="to">to</w>
<w type="VV" lemma="adapt">adapt</w>
<w type="TO" lemma="to">to</w>
<w type="VVG" lemma="change">changing</w>
<w type="NNS" lemma="condition">conditions</w>
<pc type="SENT">.</pc>
</s>
<s><w type="CC" lemma="but">But</w>
<w type="DT" lemma="this">this</w>
<w type="VBZ" lemma="be">is</w>
<w type="RB" lemma="only">only</w>
<w type="NN" lemma="part">part</w>
<w type="IN" lemma="of">of</w>
<w type="DT" lemma="the">the</w>
<w type="NN" lemma="truth">truth</w>
<w type="CC" lemma="and">and</w>
<w type="PP" lemma="I">I</w>
<w type="VBP" lemma="am">am</w>
<w type="JJ" lemma="sure">sure</w>
<w type="IN" lemma="that">that</w>
<w type="DT" lemma="all">all</w>
<w type="NNS" lemma="parent">parents</w>
<w type="VVG" lemma="see">seeing</w>
<w type="PPs" lemma="their">their</w>
<w type="NNS" lemma="child">children</w>
<w type="VVG" lemma="get">getting</w>
<w type="JJ" lemma="married">married</w>
<w type="VBP" lemma="are">are</w>
<w type="VVN" lemma="remind">reminded</w>
<w type="IN" lemma="of">of</w>
<w type="DT" lemma="the">the</w>
<w type="NN" lemma="continuity">continuity</w>
<w type="IN" lemma="of">of</w>
<w type="JJ" lemma="human">human</w>
<w type="NN" lemma="life">life</w>
<pc type="SENT">.</pc>
</s></p><p><s><w type="DT" lemma="that">That</w>
<w type="VBZ" lemma="be">is</w>
<w type="WRB" lemma="why">why</w>
<pc type="sub">,</pc>
<w type="PP" lemma="I">I</w>
<w type="VVP" lemma="think">think</w>
<pc type="sub">,</pc>
<w type="IN" lemma="that">that</w>
<w type="IN" lemma="at">at</w>
<w type="NNS" lemma="wedding">weddings</w>
<w type="DT" lemma="all">all</w>
<w type="NNS" lemma="friend">friends</w>
<w type="CC" lemma="and">and</w>
<w type="NNS" lemma="relation">relations</w>
<pc type="sub">,</pc>
<w type="CC" lemma="and">and</w>
<w type="RB" lemma="even">even</w>
<w type="JJ" lemma="complete">complete</w>
<w type="NNS" lemma="stranger">strangers</w>
<pc type="sub">,</pc>
<w type="MD" lemma="can">can</w>
<w type="VV" lemma="stop">stop</w>
<w type="VVG" lemma="worry">worrying</w>
<w type="IN" lemma="for">for</w>
<w type="DT" lemma="a">a</w>
<w type="NN" lemma="moment">moment</w>
<w type="CC" lemma="and">and</w>
<w type="NN" lemma="share">share</w>
<w type="IN" lemma="in">in</w>
<w type="DT" lemma="the">the</w>
<w type="NN" lemma="happiness">happiness</w>
<w type="IN" lemma="of">of</w>
<w type="DT" lemma="the">the</w>
<w type="NN" lemma="couple">couple</w>
<w type="WP" lemma="who">who</w>
<w type="VBP" lemma="are">are</w>
<w type="VVG" lemma="get">getting</w>
<w type="VVN" lemma="marry">married</w>
<pc type="SENT">.</pc>
</s></p><p><s><w type="PP" lemma="I">I</w>
<w type="VBP" lemma="am">am</w>
<w type="JJ" lemma="glad">glad</w>
<w type="IN" lemma="that">that</w>
<w type="PPs" lemma="my">my</w>
<w type="NN" lemma="daughter">daughter</w>
<w type="POS" lemma="'s">'s</w>
<w type="NN" lemma="wedding">wedding</w>
<w type="VVD" lemma="give">gave</w>
<w type="JJ" lemma="such">such</w>
<w type="NN" lemma="pleasure">pleasure</w>
<w type="TO" lemma="to">to</w>
<w type="RB" lemma="so">so</w>
<w type="JJ" lemma="many">many</w>
<w type="NNS" lemma="people">people</w>
<w type="RB" lemma="just">just</w>
<w type="IN" lemma="at">at</w>
<w type="DT" lemma="a">a</w>
<w type="NN" lemma="time">time</w>
<w type="WRB" lemma="when">when</w>
<w type="DT" lemma="the">the</w>
<w type="NN" lemma="world">world</w>
<w type="VBD" lemma="be">was</w>
<w type="VVG" lemma="face">facing</w>
<w type="RB" lemma="very">very</w>
<w type="JJ" lemma="serious">serious</w>
<w type="NNS" lemma="problem">problems</w>
<pc type="SENT">.</pc>
</s></p><p><s><w type="NNS" lemma="people">People</w>
<w type="RB" lemma="all">all</w>
<w type="IN" lemma="over">over</w>
<w type="DT" lemma="the">the</w>
<w type="NN" lemma="world">world</w>
<w type="VVD" lemma="watch">watched</w>
<w type="DT" lemma="the">the</w>
<w type="NN" lemma="wedding">wedding</w>
<w type="IN" lemma="on">on</w>
<w type="NN" lemma="television">television</w>
<pc type="sub">,</pc>
<w type="CC" lemma="but">but</w>
<w type="EX" lemma="there">there</w>
<w type="VBD" lemma="be">were</w>
<w type="RB" lemma="still">still</w>
<w type="JJ" lemma="many">many</w>
<w type="IN" lemma="in">in</w>
<w type="NP" lemma="London">London</w>
<w type="IN" lemma="on">on</w>
<w type="DT" lemma="the">the</w>
<w type="NN" lemma="day">day</w>
<pc type="sub">,</pc>
<w type="CC" lemma="and">and</w>
<w type="PPs" lemma="their">their</w>
<w type="NN" lemma="warmth">warmth</w>
<w type="CC" lemma="and">and</w>
<w type="NN" lemma="enthusiasm">enthusiasm</w>
<w type="VVD" lemma="ensure">ensured</w>
<w type="PP" lemma="it">it</w>
<w type="VBD" lemma="be">was</w>
<w type="DT" lemma="an">an</w>
<w type="NN" lemma="occasion">occasion</w>
<w type="PPs" lemma="my">my</w>
<w type="NN" lemma="family">family</w>
<w type="MD" lemma="will">will</w>
<w type="RB" lemma="never">never</w>
<w type="VV" lemma="forget">forget</w>
<pc type="SENT">.</pc>
</s></p><p><s><w type="RBR" lemma="earlier">Earlier</w>
<w type="DT" lemma="this">this</w>
<w type="NN" lemma="year">year</w>
<pc type="sub">,</pc>
<w type="PP" lemma="I">I</w>
<w type="VVD" lemma="go">went</w>
<w type="TO" lemma="to">to</w>
<w type="NP" lemma="Canada">Canada</w>
<w type="IN" lemma="for">for</w>
<w type="DT" lemma="a">a</w>
<w type="JJ" lemma="different">different</w>
<w type="NN" lemma="sort">sort</w>
<w type="IN" lemma="of">of</w>
<w type="JJ" lemma="XXXX">'family</w>
<w type="NN" lemma="occasion">occasion</w>
<w type="POS" lemma="'">'</w>
<pc type="SENT">.</pc>
</s>
<s><w type="DT" lemma="this">This</w>
<w type="VBD" lemma="be">was</w>
<w type="DT" lemma="the">the</w>
<w type="NN" lemma="meeting">meeting</w>
<w type="IN" lemma="of">of</w>
<w type="NP" lemma="Commonwealth">Commonwealth</w>
<w type="NP" lemma="Heads">Heads</w>
<w type="IN" lemma="of">of</w>
<w type="NP" lemma="Government">Government</w>
<pc type="sub">,</pc>
<w type="CC" lemma="and">and</w>
<w type="RB" lemma="here">here</w>
<pc type="sub">,</pc>
<w type="PP" lemma="I">I</w>
<w type="VBD" lemma="be">was</w>
<w type="VVN" lemma="remind">reminded</w>
<w type="IN" lemma="of">of</w>
<w type="DT" lemma="the">the</w>
<w type="NN" lemma="importance">importance</w>
<w type="IN" lemma="of">of</w>
<w type="JJ" lemma="human">human</w>
<w type="NNS" lemma="relationship">relationships</w>
<w type="IN" lemma="in">in</w>
<w type="NN" lemma="world">world</w>
<w type="NNS" lemma="affair">affairs</w>
<pc type="sub">,</pc>
<w type="CC" lemma="and">and</w>
<w type="WRB" lemma="how">how</w>
<w type="NN" lemma="membership">membership</w>
<w type="IN" lemma="of">of</w>
<w type="DT" lemma="the">the</w>
<w type="NP" lemma="Commonwealth">Commonwealth</w>
<w type="VHZ" lemma="have">has</w>
<w type="DT" lemma="a">a</w>
<w type="JJ" lemma="subtle">subtle</w>
<w type="NN" lemma="influence">influence</w>
<w type="IN" lemma="on">on</w>
<w type="DT" lemma="the">the</w>
<w type="NNS" lemma="relationship">relationships</w>
<w type="IN" lemma="between">between</w>
<w type="PPs" lemma="its">its</w>
<w type="NNS" lemma="leader">leaders</w>
<pc type="SENT">.</pc>
</s></p><p><s><w type="PP" lemma="I">I</w>
<w type="VBD" lemma="be">was</w>
<w type="VVN" lemma="impress">impressed</w>
<w type="IN" lemma="by">by</w>
<w type="DT" lemma="the">the</w>
<w type="NN" lemma="spirit">spirit</w>
<w type="WDT" lemma="which">which</w>
<w type="VVD" lemma="bring">brought</w>
<w type="RB" lemma="together">together</w>
<w type="RB" lemma="so">so</w>
<w type="JJ" lemma="many">many</w>
<w type="NNS" lemma="leader">leaders</w>
<w type="IN" lemma="from">from</w>
<w type="JJ" lemma="such">such</w>
<w type="JJ" lemma="different">different</w>
<w type="NNS" lemma="country">countries</w>
<pc type="sub">,</pc>
<w type="CC" lemma="and">and</w>
<w type="VVD" lemma="enable">enabled</w>
<w type="PP" lemma="them">them</w>
<w type="TO" lemma="to">to</w>
<w type="VV" lemma="discuss">discuss</w>
<w type="RB" lemma="constructively">constructively</w>
<w type="NNS" lemma="matter">matters</w>
<w type="WDT" lemma="which">which</w>
<w type="NN" lemma="concern">concern</w>
<w type="PP" lemma="us">us</w>
<w type="RB" lemma="all">all</w>
<w type="IN" lemma="as">as</w>
<w type="NNS" lemma="friend">friends</w>
<pc type="SENT">.</pc>
</s></p><p><s><w type="DT" lemma="those">Those</w>
<w type="IN" lemma="of">of</w>
<w type="PP" lemma="you">you</w>
<w type="WP" lemma="who">who</w>
<w type="VBP" lemma="are">are</w>
<w type="VVN" lemma="surround">surrounded</w>
<w type="IN" lemma="by">by</w>
<w type="NNS" lemma="friend">friends</w>
<pc type="sub">-</pc>
<w type="CC" lemma="or">or</w>
<pc type="sub">,</pc>
<w type="IN" lemma="of">of</w>
<w type="NN" lemma="course">course</w>
<pc type="sub">,</pc>
<w type="WP" lemma="who">who</w>
<w type="VBP" lemma="are">are</w>
<w type="NNS" lemma="member">members</w>
<w type="IN" lemma="of">of</w>
<w type="DT" lemma="a">a</w>
<w type="JJ" lemma="happy">happy</w>
<w type="NN" lemma="family">family</w>
<pc type="sub">-</pc>
<w type="VV" lemma="know">know</w>
<w type="DT" lemma="this">this</w>
<w type="VVZ" lemma="make">makes</w>
<w type="NN" lemma="life">life</w>
<w type="RB" lemma="much">much</w>
<w type="JJR" lemma="easy">easier</w>
<pc type="SENT">.</pc>
</s></p><p><s><w type="NN" lemma="Everything">Everything</w>
<pc type="sub">-</pc>
<w type="DT" lemma="the">the</w>
<w type="JJ" lemma="good">good</w>
<w type="CC" lemma="and">and</w>
<w type="DT" lemma="the">the</w>
<w type="JJ" lemma="bad">bad</w>
<pc type="sub">-</pc>
<w type="MD" lemma="can">can</w>
<w type="VB" lemma="be">be</w>
<w type="VVN" lemma="share">shared</w>
<pc type="sub">,</pc>
<w type="CC" lemma="but">but</w>
<w type="PP" lemma="it">it</w>
<w type="VBZ" lemma="be">is</w>
<w type="RB" lemma="too">too</w>
<w type="JJ" lemma="easy">easy</w>
<w type="IN" lemma="for">for</w>
<w type="PP" lemma="us">us</w>
<w type="TO" lemma="to">to</w>
<w type="VV" lemma="forget">forget</w>
<w type="DT" lemma="those">those</w>
<w type="WP" lemma="who">who</w>
<w type="VBP" lemma="are">are</w>
<w type="RB" lemma="not">not</w>
<w type="RB" lemma="so">so</w>
<w type="JJ" lemma="fortunate">fortunate</w>
<pc type="SENT">.</pc>
</s></p><p><s><w type="RB" lemma="however">However</w>
<pc type="sub">,</pc>
<w type="EX" lemma="there">there</w>
<w type="VBP" lemma="are">are</w>
<w type="JJ" lemma="many">many</w>
<w type="NNS" lemma="people">people</w>
<w type="IN" lemma="of">of</w>
<w type="DT" lemma="all">all</w>
<w type="NNS" lemma="age">ages</w>
<w type="WP" lemma="who">who</w>
<w type="VVP" lemma="go">go</w>
<w type="RP" lemma="out">out</w>
<w type="TO" lemma="to">to</w>
<w type="VV" lemma="help">help</w>
<w type="DT" lemma="the">the</w>
<w type="JJ" lemma="old">old</w>
<w type="CC" lemma="and">and</w>
<w type="DT" lemma="the">the</w>
<w type="JJ" lemma="lonely">lonely</w>
<pc type="sub">,</pc>
<w type="DT" lemma="the">the</w>
<w type="JJ" lemma="sick">sick</w>
<w type="CC" lemma="and">and</w>
<w type="DT" lemma="the">the</w>
<w type="JJ" lemma="handicapped">handicapped</w>
<pc type="SENT">.</pc>
</s>
<s><w type="PP" lemma="I">I</w>
<w type="VBP" lemma="am">am</w>
<w type="JJ" lemma="sure">sure</w>
<w type="IN" lemma="that">that</w>
<pc type="sub">,</pc>
<w type="IN" lemma="in">in</w>
<w type="RB" lemma="so">so</w>
<w type="VVG" lemma="do">doing</w>
<pc type="sub">,</pc>
<w type="PP" lemma="they">they</w>
<w type="VVP" lemma="find">find</w>
<w type="DT" lemma="the">the</w>
<w type="JJ" lemma="real">real</w>
<w type="NN" lemma="happiness">happiness</w>
<w type="WDT" lemma="that">that</w>
<w type="VVZ" lemma="come">comes</w>
<w type="IN" lemma="from">from</w>
<w type="VVG" lemma="serve">serving</w>
<w type="CC" lemma="and">and</w>
<w type="VVG" lemma="think">thinking</w>
<w type="IN" lemma="of">of</w>
<w type="NNS" lemma="other">others</w>
<pc type="SENT">.</pc>
</s></p><p><s><w type="PP" lemma="I">I</w>
<w type="VVP" lemma="believe">believe</w>
<w type="IN" lemma="that">that</w>
<w type="NP" lemma="Christmas">Christmas</w>
<w type="MD" lemma="should">should</w>
<w type="VV" lemma="remind">remind</w>
<w type="PP" lemma="us">us</w>
<w type="IN" lemma="that">that</w>
<w type="DT" lemma="the">the</w>
<w type="NNS" lemma="quality">qualities</w>
<w type="IN" lemma="of">of</w>
<w type="DT" lemma="the">the</w>
<w type="JJ" lemma="human">human</w>
<w type="NN" lemma="spirit">spirit</w>
<w type="VBP" lemma="are">are</w>
<w type="RBR" lemma="more">more</w>
<w type="JJ" lemma="important">important</w>
<w type="IN" lemma="than">than</w>
<w type="NN" lemma="material">material</w>
<w type="NN" lemma="gain">gain</w>
<pc type="SENT">.</pc>
</s>
<s><w type="NP" lemma="Christ">Christ</w>
<w type="VVD" lemma="teach">taught</w>
<w type="NN" lemma="love">love</w>
<w type="CC" lemma="and">and</w>
<w type="NN" lemma="charity">charity</w>
<w type="CC" lemma="and">and</w>
<w type="IN" lemma="that">that</w>
<w type="PP" lemma="we">we</w>
<w type="MD" lemma="should">should</w>
<w type="VV" lemma="show">show</w>
<w type="NN" lemma="humanity">humanity</w>
<w type="CC" lemma="and">and</w>
<w type="NN" lemma="compassion">compassion</w>
<w type="IN" lemma="at">at</w>
<w type="DT" lemma="all">all</w>
<w type="NNS" lemma="time">times</w>
<w type="CC" lemma="and">and</w>
<w type="IN" lemma="in">in</w>
<w type="DT" lemma="all">all</w>
<w type="NNS" lemma="situation">situations</w>
<pc type="SENT">.</pc>
</s></p><p><s><w type="DT" lemma="a">A</w>
<w type="NN" lemma="lack">lack</w>
<w type="IN" lemma="of">of</w>
<w type="NN" lemma="humanity">humanity</w>
<w type="CC" lemma="and">and</w>
<w type="NN" lemma="compassion">compassion</w>
<w type="MD" lemma="can">can</w>
<w type="VB" lemma="be">be</w>
<w type="RB" lemma="very">very</w>
<w type="JJ" lemma="destructive">destructive</w>
<pc type="sub">-</pc>
<w type="WRB" lemma="how">how</w>
<w type="RB" lemma="easily">easily</w>
<w type="DT" lemma="this">this</w>
<w type="NNS" lemma="cause">causes</w>
<w type="NNS" lemma="diversion">diversions</w>
<w type="IN" lemma="within">within</w>
<w type="NNS" lemma="nation">nations</w>
<w type="CC" lemma="and">and</w>
<w type="IN" lemma="between">between</w>
<w type="NNS" lemma="nation">nations</w>
<pc type="SENT">.</pc>
</s>
<s><w type="PP" lemma="we">We</w>
<w type="MD" lemma="should">should</w>
<w type="VV" lemma="remember">remember</w>
<w type="RB" lemma="instead">instead</w>
<w type="WRB" lemma="how">how</w>
<w type="JJ" lemma="much">much</w>
<w type="PP" lemma="we">we</w>
<w type="VHP" lemma="have">have</w>
<w type="IN" lemma="in">in</w>
<w type="JJ" lemma="common">common</w>
<w type="CC" lemma="and">and</w>
<w type="VV" lemma="resolve">resolve</w>
<w type="TO" lemma="to">to</w>
<w type="VV" lemma="give">give</w>
<w type="NN" lemma="expression">expression</w>
<w type="TO" lemma="to">to</w>
<w type="DT" lemma="the">the</w>
<w type="JJS" lemma="good">best</w>
<w type="IN" lemma="of">of</w>
<w type="PPs" lemma="our">our</w>
<w type="JJ" lemma="human">human</w>
<w type="NNS" lemma="quality">qualities</w>
<pc type="sub">,</pc>
<w type="RB" lemma="not">not</w>
<w type="RB" lemma="only">only</w>
<w type="IN" lemma="at">at</w>
<w type="NP" lemma="Christmas">Christmas</w>
<pc type="sub">,</pc>
<w type="CC" lemma="but">but</w>
<w type="RB" lemma="right">right</w>
<w type="IN" lemma="through">through</w>
<w type="DT" lemma="the">the</w>
<w type="NN" lemma="year">year</w>
<pc type="SENT">.</pc>
</s></p><p><s><w type="IN" lemma="in">In</w>
<w type="DT" lemma="this">this</w>
<w type="NP" lemma="Christmas">Christmas</w>
<w type="NN" lemma="spirit">spirit</w>
<w type="VVD" lemma="let">let</w>
<w type="PP" lemma="us">us</w>
<w type="VV" lemma="greet">greet</w>
<w type="PDT" lemma="all">all</w>
<w type="PPs" lemma="our">our</w>
<w type="JJ" lemma="fellow">fellow</w>
<w type="NNS" lemma="man">men</w>
<w type="CC" lemma="and">and</w>
<w type="VV" lemma="join">join</w>
<w type="RB" lemma="together">together</w>
<w type="IN" lemma="in">in</w>
<w type="DT" lemma="this">this</w>
<w type="NN" lemma="festival">festival</w>
<w type="IN" lemma="of">of</w>
<w type="NN" lemma="tolerance">tolerance</w>
<w type="CC" lemma="and">and</w>
<w type="NN" lemma="companionship">companionship</w>
<pc type="SENT">.</pc>
</s></p><p><s><w type="PP" lemma="I">I</w>
<w type="VVP" lemma="wish">wish</w>
<w type="PP" lemma="you">you</w>
<w type="PDT" lemma="all">all</w>
<w type="DT" lemma="a">a</w>
<w type="RB" lemma="very">very</w>
<w type="JJ" lemma="happy">happy</w>
<w type="NP" lemma="Christmas">Christmas</w>
<pc type="SENT">.</pc>
</s></p></div>