<div n="1974"><head><s><w type="NP" lemma="Christmas">Christmas</w>
<w type="NP" lemma="Broadcast">Broadcast</w>
<w type="CD" lemma="@card@">1974</w>
</s></head><p><s><w type="RB" lemma="there">There</w>
<w type="MD" lemma="can">can</w>
<w type="VB" lemma="be">be</w>
<w type="JJ" lemma="few">few</w>
<w type="NNS" lemma="people">people</w>
<w type="IN" lemma="in">in</w>
<w type="DT" lemma="any">any</w>
<w type="NN" lemma="country">country</w>
<w type="IN" lemma="of">of</w>
<w type="DT" lemma="the">the</w>
<w type="NP" lemma="Commonwealth">Commonwealth</w>
<w type="WP" lemma="who">who</w>
<w type="VBP" lemma="are">are</w>
<w type="RB" lemma="not">not</w>
<w type="JJ" lemma="anxious">anxious</w>
<w type="IN" lemma="about">about</w>
<w type="WP" lemma="what">what</w>
<w type="VBZ" lemma="be">is</w>
<w type="VVG" lemma="happen">happening</w>
<w type="IN" lemma="in">in</w>
<w type="PPs" lemma="their">their</w>
<w type="JJ" lemma="own">own</w>
<w type="NNS" lemma="country">countries</w>
<w type="CC" lemma="or">or</w>
<w type="IN" lemma="in">in</w>
<w type="DT" lemma="the">the</w>
<w type="NN" lemma="rest">rest</w>
<w type="IN" lemma="of">of</w>
<w type="DT" lemma="the">the</w>
<w type="NN" lemma="world">world</w>
<w type="IN" lemma="at">at</w>
<w type="DT" lemma="this">this</w>
<w type="NN" lemma="time">time</w>
<pc type="SENT">.</pc>
</s></p><p><s><w type="PP" lemma="we">We</w>
<w type="VHP" lemma="have">have</w>
<w type="RB" lemma="never">never</w>
<w type="VBN" lemma="be">been</w>
<w type="JJ" lemma="short">short</w>
<w type="IN" lemma="of">of</w>
<w type="NNS" lemma="problem">problems</w>
<pc type="sub">,</pc>
<w type="CC" lemma="but">but</w>
<w type="IN" lemma="in">in</w>
<w type="DT" lemma="the">the</w>
<w type="JJ" lemma="last">last</w>
<w type="NN" lemma="year">year</w>
<w type="NN" lemma="everything">everything</w>
<w type="VVZ" lemma="seem">seems</w>
<w type="TO" lemma="to">to</w>
<w type="VH" lemma="have">have</w>
<w type="VVN" lemma="happen">happened</w>
<w type="IN" lemma="at">at</w>
<w type="RB" lemma="once">once</w>
<pc type="SENT">.</pc>
</s>
<s><w type="EX" lemma="There">There</w>
<w type="VHP" lemma="have">have</w>
<w type="VBN" lemma="be">been</w>
<w type="NNS" lemma="flood">floods</w>
<w type="CC" lemma="and">and</w>
<w type="NN" lemma="drought">drought</w>
<w type="CC" lemma="and">and</w>
<w type="NN" lemma="famine">famine</w>
<pc type="sub">:</pc>
<w type="EX" lemma="there">there</w>
<w type="VHP" lemma="have">have</w>
<w type="VBN" lemma="be">been</w>
<w type="NNS" lemma="outbreak">outbreaks</w>
<w type="IN" lemma="of">of</w>
<w type="JJ" lemma="senseless">senseless</w>
<w type="NN" lemma="violence">violence</w>
<pc type="SENT">.</pc>
</s>
<s><w type="CC" lemma="and">And</w>
<w type="IN" lemma="on">on</w>
<w type="NN" lemma="top">top</w>
<w type="IN" lemma="of">of</w>
<w type="PP" lemma="it">it</w>
<w type="PDT" lemma="all">all</w>
<w type="DT" lemma="the">the</w>
<w type="NN" lemma="cost">cost</w>
<w type="IN" lemma="of">of</w>
<w type="NN" lemma="living">living</w>
<w type="VVZ" lemma="continue">continues</w>
<w type="TO" lemma="to">to</w>
<w type="VV" lemma="rise">rise</w>
<pc type="sub">-</pc>
<w type="RB" lemma="everywhere">everywhere</w>
<pc type="SENT">.</pc>
</s></p><p><s><w type="RB" lemma="here">Here</w>
<w type="IN" lemma="in">in</w>
<w type="NP" lemma="Britain">Britain</w>
<pc type="sub">,</pc>
<w type="IN" lemma="from">from</w>
<w type="WRB" lemma="where">where</w>
<w type="RB" lemma="so">so</w>
<w type="JJ" lemma="many">many</w>
<w type="NNS" lemma="people">people</w>
<w type="IN" lemma="of">of</w>
<w type="DT" lemma="the">the</w>
<w type="NP" lemma="Commonwealth">Commonwealth</w>
<w type="VVD" lemma="come">came</w>
<pc type="sub">,</pc>
<w type="PP" lemma="we">we</w>
<w type="VVP" lemma="hear">hear</w>
<w type="DT" lemma="a">a</w>
<w type="JJ" lemma="great">great</w>
<w type="NN" lemma="deal">deal</w>
<w type="IN" lemma="about">about</w>
<w type="PPs" lemma="our">our</w>
<w type="NNS" lemma="trouble">troubles</w>
<pc type="sub">,</pc>
<w type="RB" lemma="about">about</w>
<w type="VV" lemma="discord">discord</w>
<w type="CC" lemma="and">and</w>
<w type="NN" lemma="dissension">dissension</w>
<w type="CC" lemma="and">and</w>
<w type="IN" lemma="about">about</w>
<w type="DT" lemma="the">the</w>
<w type="NN" lemma="uncertainty">uncertainty</w>
<w type="IN" lemma="of">of</w>
<w type="PPs" lemma="our">our</w>
<w type="NN" lemma="future">future</w>
<pc type="SENT">.</pc>
</s></p><p><s><w type="RB" lemma="perhaps">Perhaps</w>
<w type="PP" lemma="we">we</w>
<w type="VVP" lemma="make">make</w>
<w type="RB" lemma="too">too</w>
<w type="RB" lemma="much">much</w>
<w type="IN" lemma="of">of</w>
<w type="WP" lemma="what">what</w>
<w type="VBZ" lemma="be">is</w>
<w type="JJ" lemma="wrong">wrong</w>
<w type="CC" lemma="and">and</w>
<w type="RB" lemma="too">too</w>
<w type="JJ" lemma="little">little</w>
<w type="IN" lemma="of">of</w>
<w type="WP" lemma="what">what</w>
<w type="VBZ" lemma="be">is</w>
<w type="JJ" lemma="right">right</w>
<pc type="SENT">.</pc>
</s>
<s><w type="DT" lemma="the">The</w>
<w type="NN" lemma="trouble">trouble</w>
<w type="IN" lemma="with">with</w>
<w type="NN" lemma="gloom">gloom</w>
<w type="VBZ" lemma="be">is</w>
<w type="IN" lemma="that">that</w>
<w type="PP" lemma="it">it</w>
<w type="VVZ" lemma="feed">feeds</w>
<w type="IN" lemma="upon">upon</w>
<w type="PP" lemma="itself">itself</w>
<w type="CC" lemma="and">and</w>
<w type="NN" lemma="depression">depression</w>
<w type="VVZ" lemma="cause">causes</w>
<w type="JJR" lemma="more">more</w>
<w type="NN" lemma="depression">depression</w>
<pc type="SENT">.</pc>
</s></p><p><s><w type="EX" lemma="There">There</w>
<w type="VBP" lemma="are">are</w>
<w type="RB" lemma="indeed">indeed</w>
<w type="JJ" lemma="real">real</w>
<w type="NNS" lemma="danger">dangers</w>
<w type="CC" lemma="and">and</w>
<w type="EX" lemma="there">there</w>
<w type="VBP" lemma="are">are</w>
<w type="JJ" lemma="real">real</w>
<w type="NNS" lemma="fear">fears</w>
<w type="CC" lemma="and">and</w>
<w type="PP" lemma="we">we</w>
<w type="MD" lemma="will">will</w>
<w type="RB" lemma="never">never</w>
<w type="VV" lemma="overcome">overcome</w>
<w type="PP" lemma="them">them</w>
<w type="IN" lemma="if">if</w>
<w type="PP" lemma="we">we</w>
<w type="VVP" lemma="turn">turn</w>
<w type="IN" lemma="against">against</w>
<w type="DT" lemma="each">each</w>
<w type="JJ" lemma="other">other</w>
<w type="IN" lemma="with">with</w>
<w type="JJ" lemma="angry">angry</w>
<w type="NNS" lemma="accusation">accusations</w>
<pc type="SENT">.</pc>
</s></p><p><s><w type="PP" lemma="we">We</w>
<w type="MD" lemma="may">may</w>
<w type="VV" lemma="hold">hold</w>
<w type="JJ" lemma="different">different</w>
<w type="NNS" lemma="point">points</w>
<w type="IN" lemma="of">of</w>
<w type="NN" lemma="view">view</w>
<w type="CC" lemma="but">but</w>
<w type="PP" lemma="it">it</w>
<w type="VBZ" lemma="be">is</w>
<w type="IN" lemma="in">in</w>
<w type="NNS" lemma="time">times</w>
<w type="IN" lemma="of">of</w>
<w type="NN" lemma="stress">stress</w>
<w type="CC" lemma="and">and</w>
<w type="NN" lemma="difficulty">difficulty</w>
<w type="IN" lemma="that">that</w>
<w type="PP" lemma="we">we</w>
<w type="RBS" lemma="most">most</w>
<w type="VVP" lemma="need">need</w>
<w type="TO" lemma="to">to</w>
<w type="VV" lemma="remember">remember</w>
<w type="IN" lemma="that">that</w>
<w type="PP" lemma="we">we</w>
<w type="VHP" lemma="have">have</w>
<w type="RB" lemma="much">much</w>
<w type="JJR" lemma="more">more</w>
<w type="IN" lemma="in">in</w>
<w type="JJ" lemma="common">common</w>
<w type="IN" lemma="than">than</w>
<w type="EX" lemma="there">there</w>
<w type="VBZ" lemma="be">is</w>
<w type="VVG" lemma="divide">dividing</w>
<w type="PP" lemma="us">us</w>
<pc type="SENT">.</pc>
</s></p><p><s><w type="PP" lemma="we">We</w>
<w type="VHP" lemma="have">have</w>
<w type="DT" lemma="the">the</w>
<w type="NNS" lemma="lesson">lessons</w>
<w type="IN" lemma="of">of</w>
<w type="NN" lemma="history">history</w>
<w type="TO" lemma="to">to</w>
<w type="VV" lemma="show">show</w>
<w type="IN" lemma="that">that</w>
<w type="DT" lemma="the">the</w>
<w type="JJ" lemma="British">British</w>
<w type="NNS" lemma="people">people</w>
<w type="VHP" lemma="have">have</w>
<w type="VVN" lemma="survive">survived</w>
<w type="JJ" lemma="many">many</w>
<w type="DT" lemma="a">a</w>
<w type="JJ" lemma="desperate">desperate</w>
<w type="NN" lemma="situation">situation</w>
<w type="WRB" lemma="when">when</w>
<w type="PP" lemma="they">they</w>
<w type="VVD" lemma="act">acted</w>
<w type="RB" lemma="together">together</w>
<pc type="SENT">.</pc>
</s></p><p><s><w type="NNS" lemma="people">People</w>
<w type="IN" lemma="in">in</w>
<w type="DT" lemma="a">a</w>
<w type="NN" lemma="crowd">crowd</w>
<w type="MD" lemma="may">may</w>
<w type="VV" lemma="seem">seem</w>
<w type="JJ" lemma="oblivious">oblivious</w>
<w type="IN" lemma="of">of</w>
<w type="DT" lemma="each">each</w>
<w type="JJ" lemma="other">other</w>
<pc type="SENT">.</pc>
</s>
<s><w type="RB" lemma="yet">Yet</w>
<w type="IN" lemma="if">if</w>
<w type="PP" lemma="you">you</w>
<w type="VVP" lemma="look">look</w>
<w type="IN" lemma="at">at</w>
<w type="PPs" lemma="your">your</w>
<w type="NNS" lemma="neighbour">neighbours</w>
<w type="PP" lemma="you">you</w>
<w type="MD" lemma="will">will</w>
<w type="VV" lemma="see">see</w>
<w type="JJ" lemma="other">other</w>
<w type="NNS" lemma="people">people</w>
<w type="IN" lemma="with">with</w>
<w type="NNS" lemma="worry">worries</w>
<w type="CC" lemma="and">and</w>
<w type="NNS" lemma="difficulty">difficulties</w>
<w type="RB" lemma="probably">probably</w>
<w type="JJR" lemma="great">greater</w>
<w type="IN" lemma="than">than</w>
<w type="PPs" lemma="your">your</w>
<w type="JJ" lemma="own">own</w>
<pc type="SENT">.</pc>
</s>
<s><w type="PP" lemma="it">It</w>
<w type="VBZ" lemma="be">is</w>
<w type="NN" lemma="time">time</w>
<w type="TO" lemma="to">to</w>
<w type="VV" lemma="recognise">recognise</w>
<w type="IN" lemma="that">that</w>
<w type="IN" lemma="in">in</w>
<w type="DT" lemma="the">the</w>
<w type="NN" lemma="end">end</w>
<w type="PP" lemma="we">we</w>
<w type="RB" lemma="all">all</w>
<w type="VVP" lemma="depend">depend</w>
<w type="IN" lemma="upon">upon</w>
<w type="DT" lemma="each">each</w>
<w type="JJ" lemma="other">other</w>
<w type="CC" lemma="and">and</w>
<w type="WDT" lemma="that">that</w>
<w type="PP" lemma="we">we</w>
<w type="VBP" lemma="are">are</w>
<w type="RB" lemma="therefore">therefore</w>
<w type="JJ" lemma="responsible">responsible</w>
<w type="IN" lemma="for">for</w>
<w type="DT" lemma="each">each</w>
<w type="JJ" lemma="other">other</w>
<pc type="SENT">.</pc>
</s></p><p><s><w type="RB" lemma="fortunately">Fortunately</w>
<w type="IN" lemma="over">over</w>
<w type="DT" lemma="the">the</w>
<w type="NNS" lemma="century">centuries</w>
<w type="PP" lemma="we">we</w>
<w type="VHP" lemma="have">have</w>
<w type="VVN" lemma="devise">devised</w>
<w type="DT" lemma="a">a</w>
<w type="NN" lemma="way">way</w>
<w type="IN" lemma="of">of</w>
<w type="VVG" lemma="share">sharing</w>
<w type="DT" lemma="this">this</w>
<w type="NN" lemma="responsibility">responsibility</w>
<pc type="sub">,</pc>
<w type="DT" lemma="a">a</w>
<w type="RB" lemma="uniquely">uniquely</w>
<w type="JJ" lemma="effective">effective</w>
<w type="NN" lemma="system">system</w>
<w type="IN" lemma="for">for</w>
<w type="VVG" lemma="bring">bringing</w>
<w type="NN" lemma="progress">progress</w>
<w type="RP" lemma="out">out</w>
<w type="IN" lemma="of">of</w>
<w type="NN" lemma="conflict">conflict</w>
<pc type="SENT">.</pc>
</s></p><p><s><w type="PP" lemma="we">We</w>
<w type="VHP" lemma="have">have</w>
<w type="VVN" lemma="develop">developed</w>
<w type="JJ" lemma="parliamentary">Parliamentary</w>
<w type="NN" lemma="government">Government</w>
<w type="IN" lemma="by">by</w>
<w type="WDT" lemma="which">which</w>
<w type="DT" lemma="the">the</w>
<w type="NNS" lemma="right">rights</w>
<w type="CC" lemma="and">and</w>
<w type="NN" lemma="freedom">freedom</w>
<w type="IN" lemma="of">of</w>
<w type="DT" lemma="the">the</w>
<w type="NNS" lemma="people">people</w>
<w type="VBP" lemma="are">are</w>
<w type="VVN" lemma="maintain">maintained</w>
<pc type="SENT">.</pc>
</s>
<s><w type="PP" lemma="it">It</w>
<w type="VVZ" lemma="allow">allows</w>
<w type="NN" lemma="change">change</w>
<w type="TO" lemma="to">to</w>
<w type="VV" lemma="take">take</w>
<w type="NN" lemma="place">place</w>
<w type="RB" lemma="temperately">temperately</w>
<w type="CC" lemma="and">and</w>
<w type="IN" lemma="without">without</w>
<w type="NN" lemma="violence">violence</w>
<pc type="SENT">.</pc>
</s>
<s><w type="CC" lemma="and">And</w>
<w type="WRB" lemma="when">when</w>
<w type="NN" lemma="time">time</w>
<w type="NNS" lemma="demand">demands</w>
<pc type="sub">,</pc>
<w type="PP" lemma="it">it</w>
<w type="MD" lemma="can">can</w>
<w type="VV" lemma="reflect">reflect</w>
<w type="CC" lemma="and">and</w>
<w type="VV" lemma="give">give</w>
<w type="DT" lemma="a">a</w>
<w type="NN" lemma="voice">voice</w>
<w type="TO" lemma="to">to</w>
<w type="DT" lemma="the">the</w>
<w type="NN" lemma="determination">determination</w>
<w type="CC" lemma="and">and</w>
<w type="VV" lemma="resolve">resolve</w>
<w type="IN" lemma="of">of</w>
<w type="DT" lemma="the">the</w>
<w type="NN" lemma="nation">Nation</w>
<pc type="SENT">.</pc>
</s></p><p><s><w type="DT" lemma="this">This</w>
<w type="NN" lemma="system">system</w>
<pc type="sub">,</pc>
<w type="DT" lemma="this">this</w>
<w type="NN" lemma="product">product</w>
<w type="IN" lemma="of">of</w>
<w type="JJ" lemma="British">British</w>
<w type="NN" lemma="genius">genius</w>
<pc type="sub">,</pc>
<w type="VHZ" lemma="have">has</w>
<w type="VBN" lemma="be">been</w>
<w type="RB" lemma="successfully">successfully</w>
<w type="VVN" lemma="export">exported</w>
<w type="TO" lemma="to">to</w>
<w type="DT" lemma="the">the</w>
<w type="NN" lemma="world">world</w>
<w type="JJ" lemma="wide">wide</w>
<w type="NP" lemma="Commonwealth">Commonwealth</w>
<pc type="SENT">.</pc>
</s></p><p><s><w type="DT" lemma="this">This</w>
<w type="NN" lemma="year">year</w>
<w type="PP" lemma="I">I</w>
<w type="VHP" lemma="have">have</w>
<w type="VVN" lemma="open">opened</w>
<w type="NP" lemma="Parliament">Parliament</w>
<w type="CD" lemma="four">four</w>
<w type="NNS" lemma="time">times</w>
<pc type="sub">:</pc>
<w type="IN" lemma="in">in</w>
<w type="NP" lemma="New">New</w>
<w type="NP" lemma="Zealand">Zealand</w>
<pc type="sub">,</pc>
<w type="IN" lemma="in">in</w>
<w type="NP" lemma="Australia">Australia</w>
<pc type="sub">,</pc>
<w type="CC" lemma="and">and</w>
<w type="RB" lemma="twice">twice</w>
<w type="DT" lemma="the">the</w>
<w type="NP" lemma="Mother">Mother</w>
<w type="IN" lemma="of">of</w>
<w type="NP" lemma="XXXX">Parliaments</w>
<w type="IN" lemma="in">in</w>
<w type="NP" lemma="Westminster">Westminster</w>
<pc type="SENT">.</pc>
</s>
<s><w type="PP" lemma="I">I</w>
<w type="VVP" lemma="suspect">suspect</w>
<w type="DT" lemma="this">this</w>
<w type="MD" lemma="may">may</w>
<w type="VB" lemma="be">be</w>
<w type="DT" lemma="a">a</w>
<w type="NN" lemma="record">record</w>
<pc type="sub">,</pc>
<w type="CC" lemma="but">but</w>
<w type="WP" lemma="what">what</w>
<w type="VVD" lemma="impress">impressed</w>
<w type="PP" lemma="me">me</w>
<w type="VBD" lemma="be">was</w>
<w type="IN" lemma="that">that</w>
<w type="DT" lemma="the">the</w>
<w type="NN" lemma="system">system</w>
<w type="PP" lemma="itself">itself</w>
<w type="VVZ" lemma="flourish">flourishes</w>
<w type="NNS" lemma="thousand">thousands</w>
<w type="IN" lemma="of">of</w>
<w type="NNS" lemma="mile">miles</w>
<w type="RB" lemma="away">away</w>
<w type="CC" lemma="and">and</w>
<w type="DT" lemma="this">this</w>
<w type="RB" lemma="alone">alone</w>
<w type="MD" lemma="should">should</w>
<w type="VV" lemma="give">give</w>
<w type="PP" lemma="us">us</w>
<w type="NN" lemma="confidence">confidence</w>
<pc type="SENT">.</pc>
</s></p><p><s><w type="PP" lemma="you">You</w>
<w type="MD" lemma="may">may</w>
<w type="VB" lemma="be">be</w>
<w type="VVG" lemma="ask">asking</w>
<w type="WP" lemma="what">what</w>
<w type="MD" lemma="can">can</w>
<w type="PP" lemma="we">we</w>
<w type="VVP" lemma="do">do</w>
<w type="RB" lemma="personally">personally</w>
<w type="TO" lemma="to">to</w>
<w type="VV" lemma="make">make</w>
<w type="NNS" lemma="thing">things</w>
<w type="RBR" lemma="better">better</w>
<pc type="SENT">?</pc>
</s></p><p><s><w type="PP" lemma="I">I</w>
<w type="VVP" lemma="believe">believe</w>
<w type="DT" lemma="the">the</w>
<w type="NP" lemma="Christmas">Christmas</w>
<w type="NN" lemma="message">message</w>
<w type="VVZ" lemma="provide">provides</w>
<w type="DT" lemma="the">the</w>
<w type="JJS" lemma="good">best</w>
<w type="NN" lemma="clue">clue</w>
<pc type="SENT">.</pc>
</s>
<s><w type="NP" lemma="Goodwill">Goodwill</w>
<w type="VBZ" lemma="be">is</w>
<w type="RBR" lemma="better">better</w>
<w type="IN" lemma="than">than</w>
<w type="NN" lemma="resentment">resentment</w>
<pc type="sub">,</pc>
<w type="NN" lemma="tolerance">tolerance</w>
<w type="VBZ" lemma="be">is</w>
<w type="JJR" lemma="good">better</w>
<w type="IN" lemma="than">than</w>
<w type="NN" lemma="revenge">revenge</w>
<pc type="sub">,</pc>
<w type="NN" lemma="compassion">compassion</w>
<w type="VBZ" lemma="be">is</w>
<w type="JJR" lemma="good">better</w>
<w type="IN" lemma="than">than</w>
<w type="NN" lemma="anger">anger</w>
<pc type="sub">,</pc>
<w type="IN" lemma="above">above</w>
<w type="PDT" lemma="all">all</w>
<w type="DT" lemma="a">a</w>
<w type="JJ" lemma="lively">lively</w>
<w type="NN" lemma="concern">concern</w>
<w type="IN" lemma="for">for</w>
<w type="DT" lemma="the">the</w>
<w type="NNS" lemma="interest">interests</w>
<w type="IN" lemma="of">of</w>
<w type="NNS" lemma="other">others</w>
<w type="RB" lemma="as">as</w>
<w type="RB" lemma="well">well</w>
<w type="IN" lemma="as">as</w>
<w type="PPs" lemma="our">our</w>
<w type="JJ" lemma="own">own</w>
<pc type="SENT">.</pc>
</s></p><p><s><w type="IN" lemma="in">In</w>
<w type="NNS" lemma="time">times</w>
<w type="IN" lemma="of">of</w>
<w type="NN" lemma="doubt">doubt</w>
<w type="CC" lemma="and">and</w>
<w type="NN" lemma="anxiety">anxiety</w>
<w type="DT" lemma="the">the</w>
<w type="NNS" lemma="attitude">attitudes</w>
<w type="NNS" lemma="people">people</w>
<w type="VVP" lemma="show">show</w>
<w type="IN" lemma="in">in</w>
<w type="PPs" lemma="their">their</w>
<w type="JJ" lemma="daily">daily</w>
<w type="NNS" lemma="life">lives</w>
<pc type="sub">,</pc>
<w type="IN" lemma="in">in</w>
<w type="PPs" lemma="their">their</w>
<w type="NNS" lemma="home">homes</w>
<pc type="sub">,</pc>
<w type="CC" lemma="and">and</w>
<w type="IN" lemma="in">in</w>
<w type="PPs" lemma="their">their</w>
<w type="NN" lemma="work">work</w>
<pc type="sub">,</pc>
<w type="VBP" lemma="are">are</w>
<w type="IN" lemma="of">of</w>
<w type="JJ" lemma="supreme">supreme</w>
<w type="NN" lemma="importance">importance</w>
<pc type="SENT">.</pc>
</s></p><p><s><w type="PP" lemma="it">It</w>
<w type="VBZ" lemma="be">is</w>
<w type="IN" lemma="by">by</w>
<w type="VVG" lemma="act">acting</w>
<w type="IN" lemma="in">in</w>
<w type="DT" lemma="this">this</w>
<w type="NN" lemma="spirit">spirit</w>
<w type="IN" lemma="that">that</w>
<w type="DT" lemma="every">every</w>
<w type="NN" lemma="man">man</w>
<pc type="sub">,</pc>
<w type="NN" lemma="woman">woman</w>
<w type="CC" lemma="and">and</w>
<w type="NN" lemma="child">child</w>
<w type="MD" lemma="can">can</w>
<w type="VV" lemma="help">help</w>
<w type="CC" lemma="and">and</w>
<w type="VV" lemma="XXXX">'make</w>
<w type="DT" lemma="a">a</w>
<w type="NN" lemma="difference">difference</w>
<w type="POS" lemma="'">'</w>
<pc type="SENT">.</pc>
</s></p><p><s><w type="IN" lemma="in">In</w>
<w type="NP" lemma="Britain">Britain</w>
<w type="PP" lemma="I">I</w>
<w type="VBP" lemma="am">am</w>
<w type="JJ" lemma="sure">sure</w>
<w type="PP" lemma="it">it</w>
<w type="MD" lemma="could">could</w>
<w type="VV" lemma="make">make</w>
<w type="PDT" lemma="all">all</w>
<w type="DT" lemma="the">the</w>
<w type="NN" lemma="difference">difference</w>
<pc type="SENT">.</pc>
</s>
<s><w type="PP" lemma="we">We</w>
<w type="VBP" lemma="are">are</w>
<w type="DT" lemma="an">an</w>
<w type="JJ" lemma="inventive">inventive</w>
<w type="CC" lemma="and">and</w>
<w type="JJ" lemma="tenacious">tenacious</w>
<w type="NNS" lemma="people">people</w>
<w type="CC" lemma="and">and</w>
<w type="DT" lemma="the">the</w>
<w type="NN" lemma="comradeship">comradeship</w>
<w type="IN" lemma="of">of</w>
<w type="NN" lemma="adversity">adversity</w>
<w type="VVZ" lemma="bring">brings</w>
<w type="RP" lemma="out">out</w>
<w type="DT" lemma="the">the</w>
<w type="JJS" lemma="good">best</w>
<w type="IN" lemma="in">in</w>
<w type="PP" lemma="us">us</w>
<pc type="SENT">.</pc>
</s>
<s><w type="CC" lemma="and">And</w>
<w type="PP" lemma="we">we</w>
<w type="VHP" lemma="have">have</w>
<w type="JJ" lemma="great">great</w>
<w type="NNS" lemma="resource">resources</w>
<pc type="sub">,</pc>
<w type="RB" lemma="not">not</w>
<w type="RB" lemma="just">just</w>
<w type="DT" lemma="those">those</w>
<w type="IN" lemma="of">of</w>
<w type="NN" lemma="character">character</w>
<w type="CC" lemma="but">but</w>
<w type="IN" lemma="in">in</w>
<w type="PPs" lemma="our">our</w>
<w type="NN" lemma="industry">industry</w>
<w type="CC" lemma="and">and</w>
<w type="NN" lemma="trade">trade</w>
<pc type="sub">,</pc>
<w type="IN" lemma="in">in</w>
<w type="PPs" lemma="our">our</w>
<w type="NNS" lemma="farm">farms</w>
<w type="CC" lemma="and">and</w>
<w type="IN" lemma="in">in</w>
<w type="DT" lemma="the">the</w>
<w type="NNS" lemma="sea">seas</w>
<w type="IN" lemma="around">around</w>
<w type="PPs" lemma="our">our</w>
<w type="NNS" lemma="shore">shores</w>
<pc type="SENT">.</pc>
</s></p><p><s><w type="PPs" lemma="my">My</w>
<w type="NN" lemma="message">message</w>
<w type="NN" lemma="today">today</w>
<w type="VBZ" lemma="be">is</w>
<w type="CD" lemma="one">one</w>
<w type="IN" lemma="of">of</w>
<w type="NN" lemma="encouragement">encouragement</w>
<w type="CC" lemma="and">and</w>
<w type="NN" lemma="hope">hope</w>
<pc type="SENT">.</pc>
</s></p><p><s><w type="NP" lemma="Christmas">Christmas</w>
<w type="IN" lemma="on">on</w>
<w type="DT" lemma="this">this</w>
<w type="NN" lemma="side">side</w>
<w type="IN" lemma="of">of</w>
<w type="DT" lemma="the">the</w>
<w type="NN" lemma="equator">equator</w>
<w type="VVZ" lemma="come">comes</w>
<w type="IN" lemma="at">at</w>
<w type="DT" lemma="the">the</w>
<w type="JJS" lemma="dark">darkest</w>
<w type="NN" lemma="time">time</w>
<w type="IN" lemma="of">of</w>
<w type="DT" lemma="the">the</w>
<w type="NN" lemma="year">year</w>
<pc type="sub">:</pc>
<w type="CC" lemma="but">but</w>
<w type="PP" lemma="we">we</w>
<w type="MD" lemma="can">can</w>
<w type="VV" lemma="look">look</w>
<w type="RB" lemma="forward">forward</w>
<w type="RB" lemma="hopefully">hopefully</w>
<w type="TO" lemma="to">to</w>
<w type="VVG" lemma="lengthen">lengthening</w>
<w type="NNS" lemma="day">days</w>
<w type="CC" lemma="and">and</w>
<w type="DT" lemma="the">the</w>
<w type="VVG" lemma="return">returning</w>
<w type="NN" lemma="sun">sun</w>
<pc type="SENT">.</pc>
</s></p><p><s><w type="DT" lemma="the">The</w>
<w type="JJ" lemma="first">first</w>
<w type="NP" lemma="Christmas">Christmas</w>
<w type="VVD" lemma="come">came</w>
<w type="IN" lemma="at">at</w>
<w type="DT" lemma="a">a</w>
<w type="NN" lemma="time">time</w>
<w type="WDT" lemma="that">that</w>
<w type="VBD" lemma="be">was</w>
<w type="JJ" lemma="dark">dark</w>
<w type="CC" lemma="and">and</w>
<w type="JJ" lemma="threatening">threatening</w>
<pc type="sub">,</pc>
<w type="CC" lemma="but">but</w>
<w type="IN" lemma="from">from</w>
<w type="PP" lemma="it">it</w>
<w type="VVD" lemma="come">came</w>
<w type="DT" lemma="the">the</w>
<w type="NN" lemma="light">light</w>
<w type="IN" lemma="of">of</w>
<w type="DT" lemma="the">the</w>
<w type="NN" lemma="world">world</w>
<pc type="SENT">.</pc>
</s></p><p><s><w type="PP" lemma="I">I</w>
<w type="VVP" lemma="wish">wish</w>
<w type="PP" lemma="you">you</w>
<w type="PDT" lemma="all">all</w>
<w type="DT" lemma="a">a</w>
<w type="JJ" lemma="happy">happy</w>
<w type="NP" lemma="Christmas">Christmas</w>
<pc type="SENT">.</pc>
</s></p></div>