<div n="1975"><head><s><w type="NP" lemma="Christmas">Christmas</w>
<w type="NP" lemma="Broadcast">Broadcast</w>
<w type="CD" lemma="@card@">1975</w>
</s></head><p><s><w type="DT" lemma="every">Every</w>
<w type="NN" lemma="year">year</w>
<w type="PP" lemma="I">I</w>
<w type="VHP" lemma="have">have</w>
<w type="DT" lemma="this">this</w>
<w type="JJ" lemma="special">special</w>
<w type="NN" lemma="opportunity">opportunity</w>
<w type="IN" lemma="of">of</w>
<w type="VVG" lemma="wish">wishing</w>
<w type="PP" lemma="you">you</w>
<w type="DT" lemma="a">a</w>
<w type="JJ" lemma="happy">happy</w>
<w type="NP" lemma="Christmas">Christmas</w>
<pc type="SENT">.</pc>
</s>
<s><w type="PP" lemma="I">I</w>
<w type="VVP" lemma="like">like</w>
<w type="TO" lemma="to">to</w>
<w type="VV" lemma="think">think</w>
<w type="PP" lemma="I">I</w>
<w type="VBP" lemma="am">am</w>
<w type="VVG" lemma="speak">speaking</w>
<w type="TO" lemma="to">to</w>
<w type="DT" lemma="each">each</w>
<w type="NN" lemma="child">child</w>
<w type="WP" lemma="who">who</w>
<w type="MD" lemma="can">can</w>
<w type="VV" lemma="see">see</w>
<w type="CC" lemma="or">or</w>
<w type="VV" lemma="hear">hear</w>
<w type="PP" lemma="me">me</w>
<pc type="sub">,</pc>
<w type="DT" lemma="each">each</w>
<w type="NN" lemma="woman">woman</w>
<pc type="sub">,</pc>
<w type="DT" lemma="each">each</w>
<w type="NN" lemma="man">man</w>
<w type="IN" lemma="in">in</w>
<w type="DT" lemma="every">every</w>
<w type="NN" lemma="country">country</w>
<w type="IN" lemma="of">of</w>
<w type="DT" lemma="the">the</w>
<w type="NP" lemma="Commonwealth">Commonwealth</w>
<pc type="SENT">.</pc>
</s></p><p><s><w type="NP" lemma="Christmas">Christmas</w>
<w type="VBZ" lemma="be">is</w>
<w type="DT" lemma="a">a</w>
<w type="NN" lemma="festival">festival</w>
<w type="WDT" lemma="which">which</w>
<w type="VVZ" lemma="bring">brings</w>
<w type="PP" lemma="us">us</w>
<w type="RB" lemma="together">together</w>
<w type="IN" lemma="in">in</w>
<w type="JJ" lemma="small">small</w>
<w type="NNS" lemma="group">groups</w>
<pc type="sub">,</pc>
<w type="DT" lemma="a">a</w>
<w type="NN" lemma="family">family</w>
<w type="NN" lemma="group">group</w>
<w type="IN" lemma="if">if</w>
<w type="PP" lemma="we">we</w>
<w type="VBP" lemma="are">are</w>
<w type="JJ" lemma="lucky">lucky</w>
<pc type="SENT">.</pc>
</s>
<s><w type="NN" lemma="today">Today</w>
<w type="PP" lemma="we">we</w>
<w type="VBP" lemma="are">are</w>
<w type="RB" lemma="not">not</w>
<w type="RB" lemma="just">just</w>
<w type="JJ" lemma="nameless">nameless</w>
<w type="NNS" lemma="people">people</w>
<w type="IN" lemma="in">in</w>
<w type="DT" lemma="a">a</w>
<w type="NN" lemma="crowd">crowd</w>
<pc type="SENT">.</pc>
</s>
<s><w type="PP" lemma="we">We</w>
<w type="VVP" lemma="meet">meet</w>
<w type="IN" lemma="as">as</w>
<w type="NNS" lemma="friend">friends</w>
<w type="WP" lemma="who">who</w>
<w type="VBP" lemma="are">are</w>
<w type="JJ" lemma="glad">glad</w>
<w type="TO" lemma="to">to</w>
<w type="VB" lemma="be">be</w>
<w type="RB" lemma="together">together</w>
<w type="CC" lemma="and">and</w>
<w type="WP" lemma="who">who</w>
<w type="VVP" lemma="care">care</w>
<w type="IN" lemma="about">about</w>
<w type="DT" lemma="each">each</w>
<w type="JJ" lemma="other">other</w>
<w type="POS" lemma="'s">'s</w>
<w type="NN" lemma="happiness">happiness</w>
<pc type="SENT">.</pc>
</s></p><p><s><w type="RB" lemma="nowadays">Nowadays</w>
<w type="DT" lemma="this">this</w>
<w type="VBZ" lemma="be">is</w>
<w type="DT" lemma="a">a</w>
<w type="JJ" lemma="precious">precious</w>
<w type="NN" lemma="experience">experience</w>
<pc type="SENT">.</pc>
</s>
<s><w type="RB" lemma="so">So</w>
<w type="RB" lemma="much">much</w>
<w type="IN" lemma="of">of</w>
<w type="DT" lemma="the">the</w>
<w type="NN" lemma="time">time</w>
<w type="PP" lemma="we">we</w>
<w type="VVP" lemma="feel">feel</w>
<w type="IN" lemma="that">that</w>
<w type="PPs" lemma="our">our</w>
<w type="NNS" lemma="life">lives</w>
<w type="VBP" lemma="are">are</w>
<w type="VVN" lemma="dominate">dominated</w>
<w type="IN" lemma="by">by</w>
<w type="JJ" lemma="great">great</w>
<w type="JJ" lemma="impersonal">impersonal</w>
<w type="NNS" lemma="force">forces</w>
<w type="IN" lemma="beyond">beyond</w>
<w type="PPs" lemma="our">our</w>
<w type="NN" lemma="control">control</w>
<pc type="sub">,</pc>
<w type="DT" lemma="the">the</w>
<w type="NN" lemma="scale">scale</w>
<w type="IN" lemma="of">of</w>
<w type="NNS" lemma="thing">things</w>
<w type="CC" lemma="and">and</w>
<w type="NNS" lemma="organisation">organisations</w>
<w type="VVZ" lemma="seem">seems</w>
<w type="TO" lemma="to">to</w>
<w type="VV" lemma="get">get</w>
<w type="JJR" lemma="big">bigger</w>
<w type="CC" lemma="and">and</w>
<w type="RBR" lemma="more">more</w>
<w type="JJ" lemma="inhuman">inhuman</w>
<pc type="SENT">.</pc>
</s></p><p><s><w type="PP" lemma="we">We</w>
<w type="VBP" lemma="are">are</w>
<w type="VVN" lemma="horrify">horrified</w>
<w type="IN" lemma="by">by</w>
<w type="JJ" lemma="brutal">brutal</w>
<w type="CC" lemma="and">and</w>
<w type="JJ" lemma="senseless">senseless</w>
<w type="NN" lemma="violence">violence</w>
<pc type="sub">,</pc>
<w type="CC" lemma="and">and</w>
<w type="IN" lemma="above">above</w>
<w type="PDT" lemma="all">all</w>
<w type="DT" lemma="the">the</w>
<w type="JJ" lemma="whole">whole</w>
<w type="NN" lemma="fabric">fabric</w>
<w type="IN" lemma="of">of</w>
<w type="PPs" lemma="our">our</w>
<w type="NNS" lemma="life">lives</w>
<w type="VBZ" lemma="be">is</w>
<w type="VVN" lemma="threaten">threatened</w>
<w type="IN" lemma="by">by</w>
<w type="NN" lemma="inflation">inflation</w>
<pc type="sub">,</pc>
<w type="DT" lemma="the">the</w>
<w type="JJ" lemma="frightening">frightening</w>
<w type="NN" lemma="sickness">sickness</w>
<w type="IN" lemma="of">of</w>
<w type="DT" lemma="the">the</w>
<w type="NN" lemma="world">world</w>
<w type="NN" lemma="today">today</w>
<pc type="SENT">.</pc>
</s></p><p><s><w type="RB" lemma="then">Then</w>
<w type="NP" lemma="Christmas">Christmas</w>
<w type="VVZ" lemma="come">comes</w>
<pc type="sub">,</pc>
<w type="CC" lemma="and">and</w>
<w type="RB" lemma="once">once</w>
<w type="RB" lemma="again">again</w>
<w type="PP" lemma="we">we</w>
<w type="VBP" lemma="are">are</w>
<w type="VVN" lemma="remind">reminded</w>
<w type="IN" lemma="that">that</w>
<w type="NNS" lemma="people">people</w>
<w type="NN" lemma="matter">matter</w>
<pc type="sub">,</pc>
<w type="CC" lemma="and">and</w>
<w type="PP" lemma="it">it</w>
<w type="VBZ" lemma="be">is</w>
<w type="PPs" lemma="our">our</w>
<w type="NN" lemma="relationship">relationship</w>
<w type="IN" lemma="with">with</w>
<w type="NN" lemma="one">one</w>
<w type="DT" lemma="another">another</w>
<w type="WDT" lemma="that">that</w>
<w type="VBZ" lemma="be">is</w>
<w type="RBS" lemma="most">most</w>
<w type="JJ" lemma="important">important</w>
<pc type="SENT">.</pc>
</s></p><p><s><w type="IN" lemma="for">For</w>
<w type="JJS" lemma="most">most</w>
<w type="IN" lemma="of">of</w>
<w type="PP" lemma="us">us</w>
<pc type="sub">-</pc>
<w type="PP" lemma="I">I</w>
<w type="VVP" lemma="wish">wish</w>
<w type="PP" lemma="it">it</w>
<w type="MD" lemma="could">could</w>
<w type="VB" lemma="be">be</w>
<w type="IN" lemma="for">for</w>
<w type="NN" lemma="everyone">everyone</w>
<pc type="sub">-</pc>
<w type="DT" lemma="this">this</w>
<w type="VBZ" lemma="be">is</w>
<w type="DT" lemma="a">a</w>
<w type="NN" lemma="holiday">holiday</w>
<pc type="sub">,</pc>
<w type="CC" lemma="and">and</w>
<w type="PP" lemma="I">I</w>
<w type="VVP" lemma="think">think</w>
<w type="PP" lemma="it">it</w>
<w type="VBZ" lemma="be">'s</w>
<w type="JJ" lemma="worth">worth</w>
<w type="VVG" lemma="remind">reminding</w>
<w type="PP" lemma="ourselves">ourselves</w>
<w type="WRB" lemma="why">why</w>
<pc type="SENT">.</pc>
</s>
<s><w type="PP" lemma="we">We</w>
<w type="VBP" lemma="are">are</w>
<w type="VVG" lemma="celebrate">celebrating</w>
<w type="DT" lemma="a">a</w>
<w type="NN" lemma="birthday">birthday</w>
<pc type="sub">-</pc>
<w type="DT" lemma="the">the</w>
<w type="NN" lemma="birthday">birthday</w>
<w type="IN" lemma="of">of</w>
<w type="DT" lemma="a">a</w>
<w type="NN" lemma="child">child</w>
<w type="VVN" lemma="bear">born</w>
<w type="RB" lemma="nearly">nearly</w>
<w type="CD" lemma="@card@">2,000</w>
<w type="NNS" lemma="year">years</w>
<w type="RB" lemma="ago">ago</w>
<pc type="sub">,</pc>
<w type="WP" lemma="who">who</w>
<w type="VVD" lemma="grow">grew</w>
<w type="RP" lemma="up">up</w>
<w type="CC" lemma="and">and</w>
<w type="VVD" lemma="live">lived</w>
<w type="IN" lemma="for">for</w>
<w type="RB" lemma="only">only</w>
<w type="IN" lemma="about">about</w>
<w type="CD" lemma="@card@">30</w>
<w type="NNS" lemma="year">years</w>
<pc type="SENT">.</pc>
</s></p><p><s><w type="IN" lemma="that">That</w>
<w type="CD" lemma="one">one</w>
<w type="NN" lemma="person">person</w>
<pc type="sub">,</pc>
<w type="IN" lemma="by">by</w>
<w type="PPs" lemma="his">his</w>
<w type="NN" lemma="example">example</w>
<w type="CC" lemma="and">and</w>
<w type="IN" lemma="by">by</w>
<w type="PPs" lemma="his">his</w>
<w type="NN" lemma="revelation">revelation</w>
<w type="IN" lemma="of">of</w>
<w type="DT" lemma="the">the</w>
<w type="NN" lemma="good">good</w>
<w type="WDT" lemma="which">which</w>
<w type="VBZ" lemma="be">is</w>
<w type="IN" lemma="in">in</w>
<w type="PP" lemma="us">us</w>
<w type="RB" lemma="all">all</w>
<pc type="sub">,</pc>
<w type="VHZ" lemma="have">has</w>
<w type="VVN" lemma="make">made</w>
<w type="DT" lemma="an">an</w>
<w type="JJ" lemma="enormous">enormous</w>
<w type="NN" lemma="difference">difference</w>
<w type="TO" lemma="to">to</w>
<w type="DT" lemma="the">the</w>
<w type="NNS" lemma="life">lives</w>
<w type="IN" lemma="of">of</w>
<w type="NNS" lemma="people">people</w>
<w type="WP" lemma="who">who</w>
<w type="VHP" lemma="have">have</w>
<w type="VVN" lemma="come">come</w>
<w type="TO" lemma="to">to</w>
<w type="VV" lemma="understand">understand</w>
<w type="PPs" lemma="his">his</w>
<w type="NN" lemma="teaching">teaching</w>
<pc type="SENT">.</pc>
</s>
<s><w type="PPs" lemma="his">His</w>
<w type="JJ" lemma="simple">simple</w>
<w type="NN" lemma="message">message</w>
<w type="IN" lemma="of">of</w>
<w type="NN" lemma="love">love</w>
<w type="VHZ" lemma="have">has</w>
<w type="VBN" lemma="be">been</w>
<w type="VVG" lemma="turn">turning</w>
<w type="DT" lemma="the">the</w>
<w type="NN" lemma="world">world</w>
<w type="RB" lemma="upside">upside</w>
<w type="RB" lemma="down">down</w>
<w type="RB" lemma="ever">ever</w>
<w type="IN" lemma="since">since</w>
<pc type="SENT">.</pc>
</s>
<s><w type="PP" lemma="he">He</w>
<w type="VVD" lemma="show">showed</w>
<w type="IN" lemma="that">that</w>
<w type="WP" lemma="what">what</w>
<w type="NNS" lemma="people">people</w>
<w type="VBP" lemma="are">are</w>
<w type="CC" lemma="and">and</w>
<w type="WP" lemma="what">what</w>
<w type="PP" lemma="they">they</w>
<w type="VVP" lemma="do">do</w>
<pc type="sub">,</pc>
<w type="VVZ" lemma="do">does</w>
<w type="NN" lemma="matter">matter</w>
<w type="CC" lemma="and">and</w>
<w type="VVZ" lemma="do">does</w>
<w type="VV" lemma="make">make</w>
<w type="PDT" lemma="all">all</w>
<w type="DT" lemma="the">the</w>
<w type="NN" lemma="difference">difference</w>
<pc type="SENT">.</pc>
</s></p><p><s><w type="PP" lemma="he">He</w>
<w type="VVD" lemma="command">commanded</w>
<w type="PP" lemma="us">us</w>
<w type="TO" lemma="to">to</w>
<w type="VV" lemma="love">love</w>
<w type="PPs" lemma="our">our</w>
<w type="NNS" lemma="neighbour">neighbours</w>
<w type="IN" lemma="as">as</w>
<w type="PP" lemma="we">we</w>
<w type="VVP" lemma="love">love</w>
<w type="PP" lemma="ourselves">ourselves</w>
<pc type="sub">,</pc>
<w type="CC" lemma="but">but</w>
<w type="WP" lemma="what">what</w>
<w type="RB" lemma="exactly">exactly</w>
<w type="VBZ" lemma="be">is</w>
<w type="VVN" lemma="mean">meant</w>
<w type="IN" lemma="by">by</w>
<w type="VVG" lemma="XXXX">'loving</w>
<w type="PP" lemma="ourselves">ourselves</w>
<w type="POS" lemma="'">'</w>
<pc type="SENT">?</pc>
</s>
<s><w type="PP" lemma="I">I</w>
<w type="VVP" lemma="believe">believe</w>
<w type="PP" lemma="it">it</w>
<w type="VVZ" lemma="mean">means</w>
<w type="VVG" lemma="try">trying</w>
<w type="TO" lemma="to">to</w>
<w type="VV" lemma="make">make</w>
<w type="DT" lemma="the">the</w>
<w type="JJS" lemma="most">most</w>
<w type="IN" lemma="of">of</w>
<w type="DT" lemma="the">the</w>
<w type="NNS" lemma="ability">abilities</w>
<w type="PP" lemma="we">we</w>
<w type="VHP" lemma="have">have</w>
<w type="VBN" lemma="be">been</w>
<w type="VVN" lemma="give">given</w>
<pc type="sub">,</pc>
<w type="PP" lemma="it">it</w>
<w type="VVZ" lemma="mean">means</w>
<w type="VVG" lemma="care">caring</w>
<w type="IN" lemma="for">for</w>
<w type="PPs" lemma="our">our</w>
<w type="NNS" lemma="talent">talents</w>
<pc type="SENT">.</pc>
</s></p><p><s><w type="PP" lemma="it">It</w>
<w type="VBZ" lemma="be">is</w>
<w type="DT" lemma="a">a</w>
<w type="NN" lemma="matter">matter</w>
<w type="IN" lemma="of">of</w>
<w type="VVG" lemma="make">making</w>
<w type="DT" lemma="the">the</w>
<w type="JJS" lemma="good">best</w>
<w type="IN" lemma="of">of</w>
<w type="PP" lemma="ourselves">ourselves</w>
<pc type="sub">,</pc>
<w type="RB" lemma="not">not</w>
<w type="RB" lemma="just">just</w>
<w type="VVG" lemma="do">doing</w>
<w type="DT" lemma="the">the</w>
<w type="JJS" lemma="good">best</w>
<w type="IN" lemma="for">for</w>
<w type="PP" lemma="ourselves">ourselves</w>
<pc type="SENT">.</pc>
</s></p><p><s><w type="PP" lemma="we">We</w>
<w type="VBP" lemma="are">are</w>
<w type="RB" lemma="all">all</w>
<w type="JJ" lemma="different">different</w>
<pc type="sub">,</pc>
<w type="CC" lemma="but">but</w>
<w type="DT" lemma="each">each</w>
<w type="IN" lemma="of">of</w>
<w type="PP" lemma="us">us</w>
<w type="VHZ" lemma="have">has</w>
<w type="PPs" lemma="his">his</w>
<w type="JJ" lemma="own">own</w>
<w type="JJS" lemma="good">best</w>
<w type="TO" lemma="to">to</w>
<w type="VV" lemma="offer">offer</w>
<pc type="SENT">.</pc>
</s>
<s><w type="DT" lemma="the">The</w>
<w type="NN" lemma="responsibility">responsibility</w>
<w type="IN" lemma="for">for</w>
<w type="DT" lemma="the">the</w>
<w type="NN" lemma="way">way</w>
<w type="PP" lemma="we">we</w>
<w type="VVP" lemma="live">live</w>
<w type="NN" lemma="life">life</w>
<w type="IN" lemma="with">with</w>
<w type="PDT" lemma="all">all</w>
<w type="PPs" lemma="its">its</w>
<w type="NNS" lemma="challenge">challenges</w>
<pc type="sub">,</pc>
<w type="NN" lemma="sadness">sadness</w>
<w type="CC" lemma="and">and</w>
<w type="NN" lemma="joy">joy</w>
<w type="VBZ" lemma="be">is</w>
<w type="JJ" lemma="ours">ours</w>
<w type="RB" lemma="alone">alone</w>
<pc type="SENT">.</pc>
</s>
<s><w type="IN" lemma="if">If</w>
<w type="PP" lemma="we">we</w>
<w type="VVP" lemma="do">do</w>
<w type="DT" lemma="this">this</w>
<w type="RB" lemma="well">well</w>
<pc type="sub">,</pc>
<w type="PP" lemma="it">it</w>
<w type="MD" lemma="will">will</w>
<w type="RB" lemma="also">also</w>
<w type="VB" lemma="be">be</w>
<w type="JJ" lemma="good">good</w>
<w type="IN" lemma="for">for</w>
<w type="PPs" lemma="our">our</w>
<w type="NNS" lemma="neighbour">neighbours</w>
<pc type="SENT">.</pc>
</s></p><p><s><w type="IN" lemma="if">If</w>
<w type="PP" lemma="you">you</w>
<w type="VVP" lemma="throw">throw</w>
<w type="DT" lemma="a">a</w>
<w type="NN" lemma="stone">stone</w>
<w type="IN" lemma="into">into</w>
<w type="DT" lemma="a">a</w>
<w type="NN" lemma="pool">pool</w>
<pc type="sub">,</pc>
<w type="DT" lemma="the">the</w>
<w type="NNS" lemma="ripple">ripples</w>
<w type="VVP" lemma="go">go</w>
<w type="IN" lemma="on">on</w>
<w type="VVG" lemma="spread">spreading</w>
<w type="NNS" lemma="outward">outwards</w>
<pc type="SENT">.</pc>
</s>
<s><w type="DT" lemma="a">A</w>
<w type="JJ" lemma="big">big</w>
<w type="NN" lemma="stone">stone</w>
<w type="MD" lemma="can">can</w>
<w type="VV" lemma="cause">cause</w>
<w type="NNS" lemma="wave">waves</w>
<pc type="sub">,</pc>
<w type="CC" lemma="but">but</w>
<w type="RB" lemma="even">even</w>
<w type="DT" lemma="the">the</w>
<w type="JJS" lemma="small">smallest</w>
<w type="NN" lemma="pebble">pebble</w>
<w type="VVZ" lemma="change">changes</w>
<w type="DT" lemma="the">the</w>
<w type="JJ" lemma="whole">whole</w>
<w type="NN" lemma="pattern">pattern</w>
<w type="IN" lemma="of">of</w>
<w type="DT" lemma="the">the</w>
<w type="NN" lemma="water">water</w>
<pc type="SENT">.</pc>
</s>
<s><w type="PPs" lemma="our">Our</w>
<w type="JJ" lemma="daily">daily</w>
<w type="NNS" lemma="action">actions</w>
<w type="VBP" lemma="are">are</w>
<w type="IN" lemma="like">like</w>
<w type="DT" lemma="those">those</w>
<w type="NNS" lemma="ripple">ripples</w>
<pc type="sub">,</pc>
<w type="DT" lemma="each">each</w>
<w type="NN" lemma="one">one</w>
<w type="VVZ" lemma="make">makes</w>
<w type="DT" lemma="a">a</w>
<w type="NN" lemma="difference">difference</w>
<pc type="sub">,</pc>
<w type="RB" lemma="even">even</w>
<w type="DT" lemma="the">the</w>
<w type="JJS" lemma="small">smallest</w>
<pc type="SENT">.</pc>
</s></p><p><s><w type="PP" lemma="it">It</w>
<w type="VVZ" lemma="do">does</w>
<w type="VV" lemma="matter">matter</w>
<w type="RB" lemma="therefore">therefore</w>
<w type="WP" lemma="what">what</w>
<w type="DT" lemma="each">each</w>
<w type="NN" lemma="individual">individual</w>
<w type="VVZ" lemma="do">does</w>
<w type="DT" lemma="each">each</w>
<w type="NN" lemma="day">day</w>
<pc type="SENT">.</pc>
</s>
<s><w type="NN" lemma="kindness">Kindness</w>
<pc type="sub">,</pc>
<w type="NN" lemma="sympathy">sympathy</w>
<pc type="sub">,</pc>
<w type="NN" lemma="resolution">resolution</w>
<pc type="sub">,</pc>
<w type="CC" lemma="and">and</w>
<w type="JJ" lemma="courteous">courteous</w>
<w type="NN" lemma="behaviour">behaviour</w>
<w type="VBP" lemma="are">are</w>
<w type="JJ" lemma="infectious">infectious</w>
<pc type="SENT">.</pc>
</s>
<s><w type="NNS" lemma="act">Acts</w>
<w type="IN" lemma="of">of</w>
<w type="NN" lemma="courage">courage</w>
<w type="CC" lemma="and">and</w>
<w type="NN" lemma="self-sacrifice">self-sacrifice</w>
<pc type="sub">,</pc>
<w type="IN" lemma="like">like</w>
<w type="DT" lemma="those">those</w>
<w type="IN" lemma="of">of</w>
<w type="DT" lemma="the">the</w>
<w type="NNS" lemma="people">people</w>
<w type="WP" lemma="who">who</w>
<w type="VVP" lemma="refuse">refuse</w>
<w type="TO" lemma="to">to</w>
<w type="VB" lemma="be">be</w>
<w type="VVN" lemma="terrorise">terrorised</w>
<w type="IN" lemma="by">by</w>
<w type="NNS" lemma="kidnapper">kidnappers</w>
<w type="CC" lemma="or">or</w>
<w type="NNS" lemma="hijacker">hijackers</w>
<pc type="sub">,</pc>
<w type="CC" lemma="or">or</w>
<w type="WP" lemma="who">who</w>
<w type="VV" lemma="defuse">defuse</w>
<w type="NNS" lemma="bomb">bombs</w>
<pc type="sub">,</pc>
<w type="VBP" lemma="are">are</w>
<w type="DT" lemma="an">an</w>
<w type="NN" lemma="inspiration">inspiration</w>
<w type="TO" lemma="to">to</w>
<w type="NNS" lemma="other">others</w>
<pc type="SENT">.</pc>
</s></p><p><s><w type="CC" lemma="and">And</w>
<w type="DT" lemma="the">the</w>
<w type="JJ" lemma="combined">combined</w>
<w type="NN" lemma="effect">effect</w>
<w type="MD" lemma="can">can</w>
<w type="VB" lemma="be">be</w>
<w type="JJ" lemma="enormous">enormous</w>
<pc type="SENT">.</pc>
</s>
<s><w type="IN" lemma="if">If</w>
<w type="JJ" lemma="enough">enough</w>
<w type="NNS" lemma="grain">grains</w>
<w type="IN" lemma="of">of</w>
<w type="NN" lemma="sand">sand</w>
<w type="VBP" lemma="are">are</w>
<w type="VVN" lemma="drop">dropped</w>
<w type="IN" lemma="into">into</w>
<w type="CD" lemma="one">one</w>
<w type="NN" lemma="side">side</w>
<w type="IN" lemma="of">of</w>
<w type="DT" lemma="a">a</w>
<w type="NN" lemma="pair">pair</w>
<w type="IN" lemma="of">of</w>
<w type="NNS" lemma="scale">scales</w>
<w type="PP" lemma="they">they</w>
<w type="MD" lemma="will">will</w>
<pc type="sub">,</pc>
<w type="IN" lemma="in">in</w>
<w type="DT" lemma="the">the</w>
<w type="NN" lemma="end">end</w>
<pc type="sub">,</pc>
<w type="VV" lemma="tip">tip</w>
<w type="PP" lemma="it">it</w>
<w type="IN" lemma="against">against</w>
<w type="DT" lemma="a">a</w>
<w type="NN" lemma="lump">lump</w>
<w type="IN" lemma="of">of</w>
<w type="NN" lemma="lead">lead</w>
<pc type="SENT">.</pc>
</s></p><p><s><w type="PP" lemma="we">We</w>
<w type="MD" lemma="may">may</w>
<w type="VV" lemma="feel">feel</w>
<w type="JJ" lemma="powerless">powerless</w>
<w type="RB" lemma="alone">alone</w>
<w type="CC" lemma="but">but</w>
<w type="DT" lemma="the">the</w>
<w type="JJ" lemma="joint">joint</w>
<w type="NNS" lemma="effort">efforts</w>
<w type="IN" lemma="of">of</w>
<w type="NNS" lemma="individual">individuals</w>
<w type="MD" lemma="can">can</w>
<w type="VV" lemma="defeat">defeat</w>
<w type="DT" lemma="the">the</w>
<w type="NNS" lemma="evil">evils</w>
<w type="IN" lemma="of">of</w>
<w type="PPs" lemma="our">our</w>
<w type="NN" lemma="time">time</w>
<pc type="SENT">.</pc>
</s>
<s><w type="RB" lemma="together">Together</w>
<w type="PP" lemma="they">they</w>
<w type="MD" lemma="can">can</w>
<w type="VV" lemma="create">create</w>
<w type="DT" lemma="a">a</w>
<w type="JJ" lemma="stable">stable</w>
<pc type="sub">,</pc>
<w type="JJ" lemma="free">free</w>
<w type="CC" lemma="and">and</w>
<w type="JJ" lemma="considerate">considerate</w>
<w type="NN" lemma="society">society</w>
<pc type="SENT">.</pc>
</s></p><p><s><w type="IN" lemma="like">Like</w>
<w type="DT" lemma="those">those</w>
<w type="NNS" lemma="grain">grains</w>
<w type="IN" lemma="of">of</w>
<w type="NN" lemma="sand">sand</w>
<pc type="sub">,</pc>
<w type="PP" lemma="they">they</w>
<w type="MD" lemma="can">can</w>
<w type="VV" lemma="tip">tip</w>
<w type="DT" lemma="the">the</w>
<w type="NN" lemma="balance">balance</w>
<pc type="SENT">.</pc>
</s>
<s><w type="RB" lemma="so">So</w>
<w type="VV" lemma="take">take</w>
<w type="NN" lemma="heart">heart</w>
<w type="IN" lemma="from">from</w>
<w type="DT" lemma="the">the</w>
<w type="NP" lemma="Christmas">Christmas</w>
<w type="NN" lemma="message">message</w>
<w type="CC" lemma="and">and</w>
<w type="VB" lemma="be">be</w>
<w type="JJ" lemma="happy">happy</w>
<pc type="SENT">.</pc>
</s></p><p><s><w type="NP" lemma="God">God</w>
<w type="VV" lemma="bless">bless</w>
<w type="PP" lemma="you">you</w>
<w type="DT" lemma="all">all</w>
<pc type="SENT">.</pc>
</s></p></div>