<div n="1983"><head><s><w type="NP" lemma="Christmas">Christmas</w>
<w type="NP" lemma="Broadcast">Broadcast</w>
<w type="CD" lemma="@card@">1983</w>
</s></head><p><s><w type="IN" lemma="in">In</w>
<w type="DT" lemma="the">the</w>
<w type="NN" lemma="year">year</w>
<w type="PP" lemma="I">I</w>
<w type="VBD" lemma="be">was</w>
<w type="VVN" lemma="bear">born</w>
<pc type="sub">,</pc>
<w type="NN" lemma="radio">radio</w>
<w type="NN" lemma="communication">communication</w>
<w type="VBD" lemma="be">was</w>
<w type="RB" lemma="barely">barely</w>
<w type="RB" lemma="out">out</w>
<w type="IN" lemma="of">of</w>
<w type="PPs" lemma="its">its</w>
<w type="NN" lemma="infancy">infancy</w>
<pc type="sub">;</pc>
<w type="EX" lemma="there">there</w>
<w type="VBD" lemma="be">was</w>
<w type="DT" lemma="no">no</w>
<w type="NN" lemma="television">television</w>
<pc type="sub">;</pc>
<w type="JJ" lemma="civil">civil</w>
<w type="NN" lemma="aviation">aviation</w>
<w type="VHD" lemma="have">had</w>
<w type="RB" lemma="hardly">hardly</w>
<w type="VVN" lemma="start">started</w>
<w type="CC" lemma="and">and</w>
<w type="NN" lemma="space">space</w>
<w type="NNS" lemma="satellite">satellites</w>
<w type="VBD" lemma="be">were</w>
<w type="RB" lemma="still">still</w>
<w type="IN" lemma="in">in</w>
<w type="DT" lemma="the">the</w>
<w type="NN" lemma="realm">realm</w>
<w type="IN" lemma="of">of</w>
<w type="NN" lemma="science">science</w>
<w type="NN" lemma="fiction">fiction</w>
<pc type="SENT">.</pc>
</s>
<s><w type="WRB" lemma="when">When</w>
<w type="PPs" lemma="my">my</w>
<w type="NP" lemma="XXXX">Grandfather</w>
<w type="VVD" lemma="visit">visited</w>
<w type="NP" lemma="India">India</w>
<w type="IN" lemma="in">in</w>
<w type="CD" lemma="@card@">1911</w>
<pc type="sub">,</pc>
<w type="PP" lemma="it">it</w>
<w type="VVD" lemma="take">took</w>
<w type="CD" lemma="three">three</w>
<w type="NNS" lemma="week">weeks</w>
<w type="IN" lemma="by">by</w>
<w type="NN" lemma="sea">sea</w>
<w type="TO" lemma="to">to</w>
<w type="VV" lemma="get">get</w>
<w type="RB" lemma="there">there</w>
<pc type="SENT">.</pc>
</s></p><p><s><w type="JJ" lemma="last">Last</w>
<w type="NN" lemma="month">month</w>
<w type="PP" lemma="I">I</w>
<w type="VVD" lemma="fly">flew</w>
<w type="RB" lemma="back">back</w>
<w type="IN" lemma="from">from</w>
<w type="NP" lemma="Delhi">Delhi</w>
<w type="TO" lemma="to">to</w>
<w type="NP" lemma="London">London</w>
<w type="IN" lemma="in">in</w>
<w type="DT" lemma="a">a</w>
<w type="NN" lemma="matter">matter</w>
<w type="IN" lemma="of">of</w>
<w type="NNS" lemma="hour">hours</w>
<pc type="SENT">.</pc>
</s>
<s><w type="PP" lemma="it">It</w>
<w type="VVD" lemma="take">took</w>
<w type="NP" lemma="King">King</w>
<w type="NP" lemma="George">George</w>
<w type="NN" lemma="V">V</w>
<w type="CD" lemma="three">three</w>
<w type="NNS" lemma="month">months</w>
<w type="TO" lemma="to">to</w>
<w type="VV" lemma="make">make</w>
<w type="DT" lemma="the">the</w>
<w type="NN" lemma="round">round</w>
<w type="NN" lemma="trip">trip</w>
<pc type="SENT">.</pc>
</s>
<s><w type="IN" lemma="in">In</w>
<w type="NNS" lemma="two-third">two-thirds</w>
<w type="IN" lemma="of">of</w>
<w type="DT" lemma="that">that</w>
<w type="NN" lemma="time">time</w>
<w type="NP" lemma="Prince">Prince</w>
<w type="NP" lemma="Philip">Philip</w>
<w type="CC" lemma="and">and</w>
<w type="PP" lemma="I">I</w>
<w type="VBD" lemma="be">were</w>
<w type="JJ" lemma="able">able</w>
<w type="TO" lemma="to">to</w>
<w type="VV" lemma="visit">visit</w>
<w type="NP" lemma="Jamaica">Jamaica</w>
<pc type="sub">,</pc>
<w type="NP" lemma="Mexico">Mexico</w>
<pc type="sub">,</pc>
<w type="DT" lemma="the">the</w>
<w type="NP" lemma="United">United</w>
<w type="NPS" lemma="States">States</w>
<w type="CC" lemma="and">and</w>
<w type="NP" lemma="Canada">Canada</w>
<w type="IN" lemma="in">in</w>
<w type="DT" lemma="the">the</w>
<w type="NN" lemma="winter">winter</w>
<pc type="sub">,</pc>
<w type="VVN" lemma="follow">followed</w>
<w type="IN" lemma="by">by</w>
<w type="NP" lemma="Sweden">Sweden</w>
<w type="IN" lemma="in">in</w>
<w type="DT" lemma="the">the</w>
<w type="NN" lemma="summer">summer</w>
<pc type="sub">,</pc>
<w type="CC" lemma="and">and</w>
<w type="VVG" lemma="end">ending</w>
<w type="RP" lemma="up">up</w>
<w type="IN" lemma="in">in</w>
<w type="DT" lemma="the">the</w>
<w type="NN" lemma="autumn">autumn</w>
<w type="IN" lemma="with">with</w>
<w type="NP" lemma="Kenya">Kenya</w>
<pc type="sub">,</pc>
<w type="NP" lemma="Bangladesh">Bangladesh</w>
<w type="CC" lemma="and">and</w>
<w type="RB" lemma="finally">finally</w>
<w type="NP" lemma="India">India</w>
<w type="IN" lemma="for">for</w>
<w type="DT" lemma="the">the</w>
<w type="NP" lemma="Commonwealth">Commonwealth</w>
<w type="NP" lemma="Heads">Heads</w>
<w type="IN" lemma="of">of</w>
<w type="NP" lemma="Government">Government</w>
<w type="VVG" lemma="meet">Meeting</w>
<w type="IN" lemma="in">in</w>
<w type="NP" lemma="New">New</w>
<w type="NP" lemma="Delhi">Delhi</w>
<pc type="SENT">.</pc>
</s></p><p><s><w type="NN" lemma="travel">Travel</w>
<w type="CC" lemma="and">and</w>
<w type="NN" lemma="communication">communication</w>
<w type="VHP" lemma="have">have</w>
<w type="VVN" lemma="enter">entered</w>
<w type="DT" lemma="a">a</w>
<w type="RB" lemma="completely">completely</w>
<w type="JJ" lemma="new">new</w>
<w type="NN" lemma="dimension">dimension</w>
<pc type="SENT">.</pc>
</s>
<s><w type="IN" lemma="in">In</w>
<w type="NP" lemma="Los">Los</w>
<w type="NP" lemma="Angeles">Angeles</w>
<w type="PP" lemma="I">I</w>
<w type="VVD" lemma="go">went</w>
<w type="TO" lemma="to">to</w>
<w type="VV" lemma="see">see</w>
<w type="DT" lemma="the">the</w>
<w type="NN" lemma="space-shuttle">Space-shuttle</w>
<w type="WDT" lemma="which">which</w>
<w type="VBZ" lemma="be">is</w>
<w type="VVG" lemma="play">playing</w>
<w type="PDT" lemma="such">such</w>
<w type="DT" lemma="an">an</w>
<w type="JJ" lemma="important">important</w>
<w type="NN" lemma="part">part</w>
<w type="IN" lemma="in">in</w>
<w type="VVG" lemma="provide">providing</w>
<w type="JJR" lemma="more">more</w>
<w type="CC" lemma="and">and</w>
<w type="JJR" lemma="good">better</w>
<w type="JJ" lemma="international">international</w>
<w type="NNS" lemma="telecommunication">telecommunications</w>
<pc type="SENT">.</pc>
</s></p><p><s><w type="CD" lemma="One">One</w>
<w type="IN" lemma="of">of</w>
<w type="DT" lemma="the">the</w>
<w type="NNS" lemma="task">tasks</w>
<w type="IN" lemma="of">of</w>
<w type="DT" lemma="that">that</w>
<w type="NP" lemma="XXXX">Space-shuttle</w>
<w type="VBD" lemma="be">was</w>
<w type="TO" lemma="to">to</w>
<w type="VV" lemma="launch">launch</w>
<w type="DT" lemma="an">an</w>
<w type="JJ" lemma="Indian">Indian</w>
<w type="NN" lemma="telecommunications">telecommunications</w>
<w type="CC" lemma="and">and</w>
<w type="NN" lemma="weather">weather</w>
<w type="NN" lemma="satellite">satellite</w>
<w type="CC" lemma="and">and</w>
<w type="JJ" lemma="last">last</w>
<w type="NN" lemma="month">month</w>
<w type="PP" lemma="I">I</w>
<w type="VBD" lemma="be">was</w>
<w type="JJ" lemma="able">able</w>
<w type="TO" lemma="to">to</w>
<w type="VV" lemma="see">see</w>
<w type="WRB" lemma="how">how</w>
<w type="DT" lemma="this">this</w>
<w type="VVN" lemma="operate">operated</w>
<w type="IN" lemma="during">during</w>
<w type="PPs" lemma="our">our</w>
<w type="NN" lemma="visit">visit</w>
<w type="TO" lemma="to">to</w>
<w type="DT" lemma="an">an</w>
<w type="NP" lemma="Earth">Earth</w>
<w type="NP" lemma="Station">Station</w>
<w type="IN" lemma="in">in</w>
<w type="NP" lemma="New">New</w>
<w type="NP" lemma="Delhi">Delhi</w>
<pc type="SENT">.</pc>
</s></p><p><s><w type="PDT" lemma="All">All</w>
<w type="DT" lemma="this">this</w>
<w type="JJ" lemma="astonishing">astonishing</w>
<w type="CC" lemma="and">and</w>
<w type="RB" lemma="very">very</w>
<w type="JJ" lemma="rapid">rapid</w>
<w type="NN" lemma="development">development</w>
<w type="VHZ" lemma="have">has</w>
<w type="VVN" lemma="change">changed</w>
<w type="DT" lemma="the">the</w>
<w type="NNS" lemma="life">lives</w>
<w type="IN" lemma="of">of</w>
<w type="RB" lemma="almost">almost</w>
<w type="NN" lemma="everyone">everyone</w>
<pc type="SENT">.</pc>
</s>
<s><w type="NNS" lemma="leader">Leaders</w>
<w type="CC" lemma="and">and</w>
<w type="NNS" lemma="specialist">specialists</w>
<w type="MD" lemma="can">can</w>
<w type="VV" lemma="meet">meet</w>
<w type="CC" lemma="and">and</w>
<w type="VV" lemma="discuss">discuss</w>
<w type="JJ" lemma="political">political</w>
<w type="CC" lemma="and">and</w>
<w type="JJ" lemma="technical">technical</w>
<w type="NNS" lemma="problem">problems</w>
<pc type="sub">;</pc>
<w type="NN" lemma="news">news</w>
<w type="VVZ" lemma="travel">travels</w>
<w type="RBR" lemma="faster">faster</w>
<w type="CC" lemma="and">and</w>
<w type="EX" lemma="there">there</w>
<w type="VBZ" lemma="be">is</w>
<w type="JJR" lemma="more">more</w>
<w type="IN" lemma="of">of</w>
<w type="PP" lemma="it">it</w>
<pc type="sub">;</pc>
<w type="JJ" lemma="new">new</w>
<w type="NNS" lemma="opportunity">opportunities</w>
<w type="IN" lemma="for">for</w>
<w type="NN" lemma="world">world</w>
<w type="NN" lemma="trade">trade</w>
<w type="CC" lemma="and">and</w>
<w type="NN" lemma="commerce">commerce</w>
<w type="VHP" lemma="have">have</w>
<w type="VBN" lemma="be">been</w>
<w type="VVN" lemma="open">opened</w>
<w type="RP" lemma="up">up</w>
<w type="IN" lemma="by">by</w>
<w type="DT" lemma="this">this</w>
<w type="NN" lemma="communication">communication</w>
<w type="NN" lemma="revolution">revolution</w>
<pc type="sub">;</pc>
<w type="RB" lemma="perhaps">perhaps</w>
<w type="RBR" lemma="more">more</w>
<w type="JJ" lemma="important">important</w>
<pc type="sub">,</pc>
<w type="JJ" lemma="modern">modern</w>
<w type="NN" lemma="technology">technology</w>
<w type="VHZ" lemma="have">has</w>
<w type="VVN" lemma="touch">touched</w>
<w type="JJS" lemma="most">most</w>
<w type="NNS" lemma="aspect">aspects</w>
<w type="IN" lemma="of">of</w>
<w type="NN" lemma="life">life</w>
<w type="IN" lemma="throughout">throughout</w>
<w type="DT" lemma="the">the</w>
<w type="NN" lemma="world">world</w>
<pc type="SENT">.</pc>
</s></p><p><s><w type="PP" lemma="we">We</w>
<w type="VVD" lemma="see">saw</w>
<w type="DT" lemma="this">this</w>
<w type="IN" lemma="in">in</w>
<w type="JJ" lemma="dramatic">dramatic</w>
<w type="NN" lemma="form">form</w>
<w type="IN" lemma="in">in</w>
<w type="NP" lemma="India">India</w>
<pc type="SENT">.</pc>
</s>
<s><w type="NP" lemma="XXXX">Twenty-two</w>
<w type="NNS" lemma="year">years</w>
<w type="IN" lemma="ago">ago</w>
<w type="PP" lemma="I">I</w>
<w type="VHD" lemma="have">had</w>
<w type="VVN" lemma="see">seen</w>
<w type="NN" lemma="something">something</w>
<w type="IN" lemma="of">of</w>
<w type="DT" lemma="the">the</w>
<w type="NNS" lemma="problem">problems</w>
<w type="VVG" lemma="face">facing</w>
<w type="DT" lemma="this">this</w>
<w type="JJ" lemma="vast">vast</w>
<w type="NN" lemma="country">country</w>
<pc type="sub">,</pc>
<w type="CC" lemma="but">but</w>
<w type="IN" lemma="since">since</w>
<w type="RB" lemma="then">then</w>
<w type="DT" lemma="the">the</w>
<w type="NN" lemma="population">population</w>
<w type="VHZ" lemma="have">has</w>
<w type="VVN" lemma="grow">grown</w>
<w type="IN" lemma="from">from</w>
<w type="CD" lemma="@card@">440</w>
<w type="CD" lemma="million">million</w>
<w type="TO" lemma="to">to</w>
<w type="IN" lemma="over">over</w>
<w type="CD" lemma="@card@">700</w>
<w type="CD" lemma="million">million</w>
<pc type="SENT">.</pc>
</s>
<s><w type="RB" lemma="yet">Yet</w>
<w type="NP" lemma="India">India</w>
<w type="VHZ" lemma="have">has</w>
<w type="VVN" lemma="manage">managed</w>
<w type="TO" lemma="to">to</w>
<w type="VV" lemma="become">become</w>
<w type="CD" lemma="one">one</w>
<w type="IN" lemma="of">of</w>
<w type="DT" lemma="the">the</w>
<w type="CD" lemma="ten">ten</w>
<w type="CC" lemma="or">or</w>
<w type="RB" lemma="so">so</w>
<w type="VVG" lemma="lead">leading</w>
<w type="JJ" lemma="industrial">industrial</w>
<w type="NNS" lemma="nation">nations</w>
<w type="IN" lemma="in">in</w>
<w type="DT" lemma="the">the</w>
<w type="NN" lemma="world">world</w>
<w type="CC" lemma="and">and</w>
<w type="VHZ" lemma="have">has</w>
<w type="VVN" lemma="become">become</w>
<w type="JJ" lemma="self-sufficient">self-sufficient</w>
<w type="IN" lemma="in">in</w>
<w type="NN" lemma="food">food</w>
<pc type="SENT">.</pc>
</s></p><p><s><w type="CC" lemma="but">But</w>
<w type="IN" lemma="in">in</w>
<w type="NN" lemma="spite">spite</w>
<w type="IN" lemma="of">of</w>
<w type="PDT" lemma="all">all</w>
<w type="DT" lemma="the">the</w>
<w type="NN" lemma="progress">progress</w>
<w type="WDT" lemma="that">that</w>
<w type="VHZ" lemma="have">has</w>
<w type="VBN" lemma="be">been</w>
<w type="VVN" lemma="make">made</w>
<w type="DT" lemma="the">the</w>
<w type="JJS" lemma="great">greatest</w>
<w type="NN" lemma="problem">problem</w>
<w type="IN" lemma="in">in</w>
<w type="DT" lemma="the">the</w>
<w type="NN" lemma="world">world</w>
<w type="NN" lemma="today">today</w>
<w type="VVZ" lemma="remain">remains</w>
<w type="DT" lemma="the">the</w>
<w type="NN" lemma="gap">gap</w>
<w type="IN" lemma="between">between</w>
<w type="JJ" lemma="rich">rich</w>
<w type="CC" lemma="and">and</w>
<w type="JJ" lemma="poor">poor</w>
<w type="NNS" lemma="country">countries</w>
<w type="CC" lemma="and">and</w>
<w type="PP" lemma="we">we</w>
<w type="MD" lemma="shall">shall</w>
<w type="RB" lemma="not">not</w>
<w type="VV" lemma="begin">begin</w>
<w type="TO" lemma="to">to</w>
<w type="VV" lemma="close">close</w>
<w type="DT" lemma="this">this</w>
<w type="NN" lemma="gap">gap</w>
<w type="IN" lemma="until">until</w>
<w type="PP" lemma="we">we</w>
<w type="VVP" lemma="hear">hear</w>
<w type="JJR" lemma="less">less</w>
<w type="IN" lemma="about">about</w>
<w type="NN" lemma="nationalism">nationalism</w>
<w type="CC" lemma="and">and</w>
<w type="JJR" lemma="more">more</w>
<w type="IN" lemma="about">about</w>
<w type="NN" lemma="interdependence">interdependence</w>
<pc type="SENT">.</pc>
</s></p><p><s><w type="CD" lemma="One">One</w>
<w type="IN" lemma="of">of</w>
<w type="DT" lemma="the">the</w>
<w type="JJ" lemma="main">main</w>
<w type="NNS" lemma="aim">aims</w>
<w type="IN" lemma="of">of</w>
<w type="DT" lemma="the">the</w>
<w type="NP" lemma="Commonwealth">Commonwealth</w>
<w type="VBZ" lemma="be">is</w>
<w type="TO" lemma="to">to</w>
<w type="VV" lemma="make">make</w>
<w type="DT" lemma="an">an</w>
<w type="JJ" lemma="effective">effective</w>
<w type="NN" lemma="contribution">contribution</w>
<w type="IN" lemma="towards">towards</w>
<w type="VVG" lemma="redress">redressing</w>
<w type="DT" lemma="the">the</w>
<w type="JJ" lemma="economic">economic</w>
<w type="NN" lemma="balance">balance</w>
<w type="IN" lemma="between">between</w>
<w type="NNS" lemma="nation">nations</w>
<pc type="SENT">.</pc>
</s></p><p><s><w type="WP" lemma="What">What</w>
<w type="PP" lemma="we">we</w>
<w type="VVP" lemma="want">want</w>
<w type="TO" lemma="to">to</w>
<w type="VV" lemma="see">see</w>
<w type="VBZ" lemma="be">is</w>
<w type="RB" lemma="still">still</w>
<w type="RBR" lemma="more">more</w>
<w type="JJ" lemma="modern">modern</w>
<w type="NN" lemma="technology">technology</w>
<w type="VBG" lemma="be">being</w>
<w type="VVN" lemma="use">used</w>
<w type="IN" lemma="by">by</w>
<w type="JJR" lemma="poor">poorer</w>
<w type="NNS" lemma="country">countries</w>
<w type="TO" lemma="to">to</w>
<w type="VV" lemma="provide">provide</w>
<w type="NN" lemma="employment">employment</w>
<w type="CC" lemma="and">and</w>
<w type="TO" lemma="to">to</w>
<w type="VV" lemma="produce">produce</w>
<w type="JJ" lemma="primary">primary</w>
<w type="NNS" lemma="product">products</w>
<w type="CC" lemma="and">and</w>
<w type="NNS" lemma="component">components</w>
<pc type="sub">,</pc>
<w type="WDT" lemma="which">which</w>
<w type="MD" lemma="will">will</w>
<w type="VB" lemma="be">be</w>
<w type="VVN" lemma="buy">bought</w>
<w type="IN" lemma="in">in</w>
<w type="NN" lemma="turn">turn</w>
<w type="IN" lemma="by">by</w>
<w type="DT" lemma="the">the</w>
<w type="JJR" lemma="rich">richer</w>
<w type="NNS" lemma="country">countries</w>
<w type="IN" lemma="at">at</w>
<w type="JJ" lemma="competitive">competitive</w>
<w type="NNS" lemma="price">prices</w>
<pc type="SENT">.</pc>
</s></p><p><s><w type="PP" lemma="I">I</w>
<w type="VHP" lemma="have">have</w>
<w type="RB" lemma="therefore">therefore</w>
<w type="VBN" lemma="be">been</w>
<w type="VVN" lemma="hearten">heartened</w>
<w type="IN" lemma="by">by</w>
<w type="DT" lemma="the">the</w>
<w type="JJ" lemma="real">real</w>
<w type="NN" lemma="progress">progress</w>
<w type="WDT" lemma="that">that</w>
<w type="VBZ" lemma="be">is</w>
<w type="VBG" lemma="be">being</w>
<w type="VVN" lemma="make">made</w>
<w type="IN" lemma="through">through</w>
<w type="DT" lemma="the">the</w>
<w type="NP" lemma="Commonwealth">Commonwealth</w>
<w type="NP" lemma="Technical">Technical</w>
<w type="NP" lemma="Cooperation">Cooperation</w>
<w type="NP" lemma="Fund">Fund</w>
<w type="CC" lemma="and">and</w>
<w type="JJ" lemma="various">various</w>
<w type="NN" lemma="exchange">exchange</w>
<w type="NNS" lemma="scheme">schemes</w>
<pc type="SENT">.</pc>
</s>
<s><w type="NP" lemma="Britain">Britain</w>
<w type="CC" lemma="and">and</w>
<w type="JJ" lemma="other">other</w>
<w type="JJR" lemma="rich">richer</w>
<w type="NP" lemma="Commonwealth">Commonwealth</w>
<w type="NNS" lemma="country">countries</w>
<w type="VVP" lemma="run">run</w>
<w type="NN" lemma="aid">aid</w>
<w type="NNS" lemma="scheme">schemes</w>
<w type="CC" lemma="and">and</w>
<w type="DT" lemma="these">these</w>
<w type="VBP" lemma="are">are</w>
<w type="RB" lemma="very">very</w>
<w type="JJ" lemma="important">important</w>
<pc type="sub">,</pc>
<w type="CC" lemma="but">but</w>
<w type="DT" lemma="the">the</w>
<w type="JJ" lemma="key">key</w>
<w type="NN" lemma="word">word</w>
<w type="IN" lemma="for">for</w>
<w type="DT" lemma="the">the</w>
<w type="NP" lemma="Commonwealth">Commonwealth</w>
<w type="VBZ" lemma="be">is</w>
<w type="NN" lemma="cooperation">cooperation</w>
<pc type="SENT">.</pc>
</s></p><p><s><w type="EX" lemma="There">There</w>
<w type="VBZ" lemma="be">is</w>
<w type="DT" lemma="a">a</w>
<w type="NN" lemma="flow">flow</w>
<w type="IN" lemma="of">of</w>
<w type="NNS" lemma="expert">experts</w>
<w type="IN" lemma="in">in</w>
<w type="DT" lemma="all">all</w>
<w type="NNS" lemma="direction">directions</w>
<pc type="sub">,</pc>
<w type="IN" lemma="with">with</w>
<w type="NNS" lemma="Canadian">Canadians</w>
<w type="VVG" lemma="help">helping</w>
<w type="IN" lemma="in">in</w>
<w type="DT" lemma="the">the</w>
<w type="NP" lemma="Caribbean">Caribbean</w>
<pc type="sub">,</pc>
<w type="NPS" lemma="Indians">Indians</w>
<w type="IN" lemma="in">in</w>
<w type="NP" lemma="Africa">Africa</w>
<pc type="sub">,</pc>
<w type="NP" lemma="New">New</w>
<w type="NNS" lemma="Zealander">Zealanders</w>
<w type="IN" lemma="in">in</w>
<w type="NP" lemma="India">India</w>
<pc type="sub">,</pc>
<w type="NNS" lemma="Australian">Australians</w>
<w type="IN" lemma="in">in</w>
<w type="NP" lemma="Papua">Papua</w>
<w type="NP" lemma="New">New</w>
<w type="NP" lemma="Guinea">Guinea</w>
<pc type="sub">,</pc>
<w type="JJ" lemma="British">British</w>
<w type="IN" lemma="in">in</w>
<w type="NP" lemma="Kenya">Kenya</w>
<pc type="SENT">.</pc>
</s>
<s><w type="DT" lemma="the">The</w>
<w type="NN" lemma="list">list</w>
<w type="VBZ" lemma="be">is</w>
<w type="JJ" lemma="endless">endless</w>
<pc type="SENT">.</pc>
</s>
<s><w type="DT" lemma="the">The</w>
<w type="NN" lemma="web">web</w>
<w type="IN" lemma="of">of</w>
<w type="NNS" lemma="contact">contacts</w>
<w type="VVN" lemma="provide">provided</w>
<w type="IN" lemma="by">by</w>
<w type="DT" lemma="the">the</w>
<w type="NP" lemma="Commonwealth">Commonwealth</w>
<w type="VBZ" lemma="be">is</w>
<w type="DT" lemma="an">an</w>
<w type="JJ" lemma="intricate">intricate</w>
<w type="NN" lemma="pattern">pattern</w>
<w type="VVN" lemma="base">based</w>
<w type="IN" lemma="on">on</w>
<w type="NN" lemma="self">self</w>
<w type="NN" lemma="help">help</w>
<w type="CC" lemma="and">and</w>
<w type="NN" lemma="cooperation">cooperation</w>
<pc type="SENT">.</pc>
</s></p><p><s><w type="RB" lemma="yet">Yet</w>
<w type="IN" lemma="in">in</w>
<w type="NN" lemma="spite">spite</w>
<w type="IN" lemma="of">of</w>
<w type="DT" lemma="these">these</w>
<w type="NNS" lemma="advance">advances</w>
<w type="DT" lemma="the">the</w>
<w type="NN" lemma="age">age</w>
<w type="JJ" lemma="old">old</w>
<w type="NNS" lemma="problem">problems</w>
<w type="IN" lemma="of">of</w>
<w type="JJ" lemma="human">human</w>
<w type="NN" lemma="communication">communication</w>
<w type="VBP" lemma="are">are</w>
<w type="RB" lemma="still">still</w>
<w type="IN" lemma="with">with</w>
<w type="PP" lemma="us">us</w>
<pc type="SENT">.</pc>
</s>
<s><w type="PP" lemma="we">We</w>
<w type="VHP" lemma="have">have</w>
<w type="DT" lemma="the">the</w>
<w type="NN" lemma="means">means</w>
<w type="IN" lemma="of">of</w>
<w type="VVG" lemma="send">sending</w>
<w type="CC" lemma="and">and</w>
<w type="VVG" lemma="receive">receiving</w>
<w type="NNS" lemma="message">messages</w>
<pc type="sub">,</pc>
<w type="PP" lemma="we">we</w>
<w type="MD" lemma="can">can</w>
<w type="VV" lemma="travel">travel</w>
<w type="TO" lemma="to">to</w>
<w type="NNS" lemma="meeting">meetings</w>
<w type="IN" lemma="in">in</w>
<w type="JJ" lemma="distant">distant</w>
<w type="NNS" lemma="part">parts</w>
<w type="IN" lemma="of">of</w>
<w type="DT" lemma="the">the</w>
<w type="NN" lemma="world">world</w>
<pc type="sub">,</pc>
<w type="PP" lemma="we">we</w>
<w type="MD" lemma="can">can</w>
<w type="VV" lemma="exchange">exchange</w>
<w type="NNS" lemma="expert">experts</w>
<pc type="sub">;</pc>
<w type="CC" lemma="but">but</w>
<w type="PP" lemma="we">we</w>
<w type="RB" lemma="still">still</w>
<w type="VHP" lemma="have">have</w>
<w type="NN" lemma="difficulty">difficulty</w>
<w type="IN" lemma="in">in</w>
<w type="VVG" lemma="find">finding</w>
<w type="DT" lemma="the">the</w>
<w type="JJ" lemma="right">right</w>
<w type="NNS" lemma="message">messages</w>
<w type="TO" lemma="to">to</w>
<w type="VV" lemma="send">send</w>
<pc type="sub">,</pc>
<w type="PP" lemma="we">we</w>
<w type="MD" lemma="can">can</w>
<w type="RB" lemma="still">still</w>
<w type="VV" lemma="ignore">ignore</w>
<w type="DT" lemma="the">the</w>
<w type="NNS" lemma="message">messages</w>
<w type="PP" lemma="we">we</w>
<w type="VVP" lemma="do">do</w>
<w type="RB" lemma="n't">n't</w>
<w type="VV" lemma="like">like</w>
<w type="TO" lemma="to">to</w>
<w type="VV" lemma="hear">hear</w>
<w type="CC" lemma="and">and</w>
<w type="PP" lemma="we">we</w>
<w type="MD" lemma="can">can</w>
<w type="RB" lemma="still">still</w>
<w type="VV" lemma="talk">talk</w>
<w type="IN" lemma="in">in</w>
<w type="NNS" lemma="riddle">riddles</w>
<w type="CC" lemma="and">and</w>
<w type="VV" lemma="listen">listen</w>
<w type="IN" lemma="without">without</w>
<w type="VVG" lemma="try">trying</w>
<w type="TO" lemma="to">to</w>
<w type="VV" lemma="comprehend">comprehend</w>
<pc type="SENT">.</pc>
</s></p><p><s><w type="RB" lemma="perhaps">Perhaps</w>
<w type="RB" lemma="even">even</w>
<w type="RBR" lemma="more">more</w>
<w type="JJ" lemma="serious">serious</w>
<w type="VBZ" lemma="be">is</w>
<w type="DT" lemma="the">the</w>
<w type="NN" lemma="risk">risk</w>
<w type="IN" lemma="that">that</w>
<w type="DT" lemma="this">this</w>
<w type="NN" lemma="mastery">mastery</w>
<w type="IN" lemma="of">of</w>
<w type="NN" lemma="technology">technology</w>
<w type="MD" lemma="may">may</w>
<w type="VV" lemma="blind">blind</w>
<w type="PP" lemma="us">us</w>
<w type="TO" lemma="to">to</w>
<w type="DT" lemma="the">the</w>
<w type="RBR" lemma="more">more</w>
<w type="JJ" lemma="fundamental">fundamental</w>
<w type="NNS" lemma="need">needs</w>
<w type="IN" lemma="of">of</w>
<w type="NNS" lemma="people">people</w>
<pc type="SENT">.</pc>
</s>
<s><w type="NNS" lemma="electronics">Electronics</w>
<w type="NN" lemma="XXXX">cannot</w>
<w type="VVP" lemma="create">create</w>
<w type="NN" lemma="comradeship">comradeship</w>
<pc type="sub">;</pc>
<w type="NNS" lemma="computer">computers</w>
<w type="NN" lemma="XXXX">cannot</w>
<w type="VVP" lemma="generate">generate</w>
<w type="NN" lemma="compassion">compassion</w>
<pc type="sub">;</pc>
<w type="NNS" lemma="satellite">satellites</w>
<w type="NN" lemma="XXXX">cannot</w>
<w type="VV" lemma="transmit">transmit</w>
<w type="NN" lemma="tolerance">tolerance</w>
<pc type="SENT">.</pc>
</s></p><p><s><w type="CC" lemma="and">And</w>
<w type="DT" lemma="no">no</w>
<w type="NN" lemma="amount">amount</w>
<w type="IN" lemma="of">of</w>
<w type="NN" lemma="technology">technology</w>
<w type="MD" lemma="could">could</w>
<w type="VH" lemma="have">have</w>
<w type="VVN" lemma="engineer">engineered</w>
<w type="DT" lemma="the">the</w>
<w type="NN" lemma="spirit">spirit</w>
<w type="IN" lemma="of">of</w>
<w type="DT" lemma="the">the</w>
<w type="NP" lemma="Commonwealth">Commonwealth</w>
<w type="WDT" lemma="that">that</w>
<w type="VBD" lemma="be">was</w>
<w type="RB" lemma="so">so</w>
<w type="JJ" lemma="evident">evident</w>
<w type="IN" lemma="in">in</w>
<w type="NP" lemma="Delhi">Delhi</w>
<w type="CC" lemma="or">or</w>
<w type="DT" lemma="the">the</w>
<w type="JJ" lemma="frank">frank</w>
<pc type="sub">,</pc>
<w type="JJ" lemma="friendly">friendly</w>
<w type="CC" lemma="and">and</w>
<w type="NN" lemma="understanding">understanding</w>
<w type="NN" lemma="communication">communication</w>
<w type="IN" lemma="that">that</w>
<w type="PDT" lemma="such">such</w>
<w type="DT" lemma="a">a</w>
<w type="NN" lemma="spirit">spirit</w>
<w type="VVZ" lemma="make">makes</w>
<w type="JJ" lemma="possible">possible</w>
<pc type="SENT">.</pc>
</s></p><p><s><w type="PP" lemma="I">I</w>
<w type="VVP" lemma="hope">hope</w>
<w type="IN" lemma="that">that</w>
<w type="NP" lemma="Christmas">Christmas</w>
<w type="MD" lemma="will">will</w>
<w type="VV" lemma="remind">remind</w>
<w type="PP" lemma="us">us</w>
<w type="RB" lemma="all">all</w>
<w type="IN" lemma="that">that</w>
<w type="PP" lemma="it">it</w>
<w type="VBZ" lemma="be">is</w>
<w type="RB" lemma="not">not</w>
<w type="WRB" lemma="how">how</w>
<w type="PP" lemma="we">we</w>
<w type="VV" lemma="communicate">communicate</w>
<w type="CC" lemma="but">but</w>
<w type="WP" lemma="what">what</w>
<w type="PP" lemma="we">we</w>
<w type="VV" lemma="communicate">communicate</w>
<w type="IN" lemma="with">with</w>
<w type="DT" lemma="each">each</w>
<w type="JJ" lemma="other">other</w>
<w type="WDT" lemma="that">that</w>
<w type="RB" lemma="really">really</w>
<w type="VVZ" lemma="matter">matters</w>
<pc type="SENT">.</pc>
</s></p><p><s><w type="PP" lemma="we">We</w>
<w type="IN" lemma="in">in</w>
<w type="DT" lemma="the">the</w>
<w type="NP" lemma="Commonwealth">Commonwealth</w>
<w type="VBP" lemma="are">are</w>
<w type="JJ" lemma="fortunate">fortunate</w>
<w type="RB" lemma="enough">enough</w>
<w type="TO" lemma="to">to</w>
<w type="VV" lemma="belong">belong</w>
<w type="TO" lemma="to">to</w>
<w type="DT" lemma="a">a</w>
<w type="NN" lemma="world">world</w>
<w type="JJ" lemma="wide">wide</w>
<w type="NN" lemma="comradeship">comradeship</w>
<pc type="SENT">.</pc>
</s>
<s><w type="VV" lemma="let">Let</w>
<w type="PP" lemma="us">us</w>
<w type="VV" lemma="make">make</w>
<w type="DT" lemma="the">the</w>
<w type="JJS" lemma="most">most</w>
<w type="IN" lemma="of">of</w>
<w type="PP" lemma="it">it</w>
<pc type="sub">;</pc>
<w type="VV" lemma="let">let</w>
<w type="PP" lemma="us">us</w>
<w type="RB" lemma="all">all</w>
<w type="VV" lemma="resolve">resolve</w>
<w type="TO" lemma="to">to</w>
<w type="VV" lemma="communicate">communicate</w>
<w type="IN" lemma="as">as</w>
<w type="NNS" lemma="friend">friends</w>
<w type="IN" lemma="in">in</w>
<w type="NN" lemma="tolerance">tolerance</w>
<w type="CC" lemma="and">and</w>
<w type="NN" lemma="understanding">understanding</w>
<pc type="SENT">.</pc>
</s>
<s><w type="RB" lemma="only">Only</w>
<w type="RB" lemma="then">then</w>
<w type="MD" lemma="can">can</w>
<w type="PP" lemma="we">we</w>
<w type="VV" lemma="make">make</w>
<w type="DT" lemma="the">the</w>
<w type="NN" lemma="message">message</w>
<w type="IN" lemma="of">of</w>
<w type="DT" lemma="the">the</w>
<w type="NNS" lemma="angel">angels</w>
<w type="VVP" lemma="come">come</w>
<w type="JJ" lemma="true">true</w>
<pc type="sub">:</pc>
<w type="NN" lemma="XXXX">'Peace</w>
<w type="IN" lemma="on">on</w>
<w type="NN" lemma="earth">earth</w>
<pc type="sub">,</pc>
<w type="NN" lemma="goodwill">goodwill</w>
<w type="IN" lemma="towards">towards</w>
<w type="NNS" lemma="man">men</w>
<w type="POS" lemma="'">'</w>
<pc type="SENT">.</pc>
</s></p><p><s><w type="PP" lemma="I">I</w>
<w type="RB" lemma="always">always</w>
<w type="VVP" lemma="look">look</w>
<w type="RB" lemma="forward">forward</w>
<w type="TO" lemma="to">to</w>
<w type="VBG" lemma="be">being</w>
<w type="JJ" lemma="able">able</w>
<w type="TO" lemma="to">to</w>
<w type="VV" lemma="talk">talk</w>
<w type="TO" lemma="to">to</w>
<w type="NN" lemma="everyone">everyone</w>
<w type="IN" lemma="at">at</w>
<w type="NP" lemma="Christmas">Christmas</w>
<w type="NN" lemma="time">time</w>
<w type="CC" lemma="and">and</w>
<w type="IN" lemma="at">at</w>
<w type="DT" lemma="the">the</w>
<w type="NN" lemma="end">end</w>
<w type="IN" lemma="of">of</w>
<w type="DT" lemma="another">another</w>
<w type="NN" lemma="year">year</w>
<w type="PP" lemma="I">I</w>
<w type="RB" lemma="again">again</w>
<w type="VVP" lemma="send">send</w>
<w type="PP" lemma="you">you</w>
<w type="PDT" lemma="all">all</w>
<w type="PPs" lemma="my">my</w>
<w type="JJS" lemma="warm">warmest</w>
<w type="NNS" lemma="greeting">greetings</w>
<pc type="SENT">.</pc>
</s></p></div>