<div n="1985"><head><s><w type="NP" lemma="Christmas">Christmas</w>
<w type="NP" lemma="Broadcast">Broadcast</w>
<w type="CD" lemma="@card@">1985</w>
</s></head><p><s><w type="VVG" lemma="look">Looking</w>
<w type="IN" lemma="at">at</w>
<w type="DT" lemma="the">the</w>
<w type="NN" lemma="morning">morning</w>
<w type="NNS" lemma="newspaper">newspapers</w>
<pc type="sub">,</pc>
<w type="VVG" lemma="listen">listening</w>
<w type="TO" lemma="to">to</w>
<w type="DT" lemma="the">the</w>
<w type="NN" lemma="radio">radio</w>
<w type="CC" lemma="and">and</w>
<w type="VVG" lemma="watch">watching</w>
<w type="NN" lemma="television">television</w>
<pc type="sub">,</pc>
<w type="PP" lemma="it">it</w>
<w type="VBZ" lemma="be">is</w>
<w type="RB" lemma="only">only</w>
<w type="RB" lemma="too">too</w>
<w type="JJ" lemma="easy">easy</w>
<w type="TO" lemma="to">to</w>
<w type="VV" lemma="conclude">conclude</w>
<w type="DT" lemma="that">that</w>
<w type="NN" lemma="nothing">nothing</w>
<w type="VBZ" lemma="be">is</w>
<w type="VVG" lemma="go">going</w>
<w type="RB" lemma="right">right</w>
<w type="IN" lemma="in">in</w>
<w type="DT" lemma="the">the</w>
<w type="NN" lemma="world">world</w>
<pc type="SENT">.</pc>
</s></p><p><s><w type="PDT" lemma="All">All</w>
<w type="DT" lemma="this">this</w>
<w type="NN" lemma="year">year</w>
<w type="PP" lemma="we">we</w>
<w type="VVP" lemma="seem">seem</w>
<w type="TO" lemma="to">to</w>
<w type="VH" lemma="have">have</w>
<w type="VHN" lemma="have">had</w>
<w type="NN" lemma="nothing">nothing</w>
<w type="CC" lemma="but">but</w>
<w type="JJ" lemma="bad">bad</w>
<w type="NN" lemma="news">news</w>
<w type="IN" lemma="with">with</w>
<w type="DT" lemma="a">a</w>
<w type="JJ" lemma="constant">constant</w>
<w type="NN" lemma="stream">stream</w>
<w type="IN" lemma="of">of</w>
<w type="NNS" lemma="report">reports</w>
<w type="IN" lemma="of">of</w>
<w type="NN" lemma="plane">plane</w>
<w type="NNS" lemma="crash">crashes</w>
<pc type="sub">,</pc>
<w type="NNS" lemma="earthquake">earthquakes</w>
<pc type="sub">,</pc>
<w type="JJ" lemma="volcanic">volcanic</w>
<w type="NNS" lemma="eruption">eruptions</w>
<w type="CC" lemma="and">and</w>
<w type="NN" lemma="famine">famine</w>
<pc type="sub">-</pc>
<w type="CC" lemma="and">and</w>
<w type="RB" lemma="as">as</w>
<w type="IN" lemma="if">if</w>
<w type="JJ" lemma="natural">natural</w>
<w type="NNS" lemma="disaster">disasters</w>
<w type="VBD" lemma="be">were</w>
<w type="RB" lemma="not">not</w>
<w type="RB" lemma="enough">enough</w>
<pc type="sub">,</pc>
<w type="PP" lemma="we">we</w>
<w type="VVP" lemma="hear">hear</w>
<w type="IN" lemma="of">of</w>
<w type="NNS" lemma="riot">riots</w>
<pc type="sub">,</pc>
<w type="NNS" lemma="war">wars</w>
<pc type="sub">,</pc>
<w type="NNS" lemma="act">acts</w>
<w type="IN" lemma="of">of</w>
<w type="NN" lemma="terrorism">terrorism</w>
<w type="CC" lemma="and">and</w>
<w type="RB" lemma="generally">generally</w>
<w type="IN" lemma="of">of</w>
<w type="NN" lemma="man">man</w>
<w type="POS" lemma="'s">'s</w>
<w type="NN" lemma="inhumanity">inhumanity</w>
<w type="TO" lemma="to">to</w>
<w type="NN" lemma="man">man</w>
<pc type="SENT">.</pc>
</s></p><p><s><w type="PP" lemma="it">It</w>
<w type="VVD" lemma="use">used</w>
<w type="TO" lemma="to">to</w>
<w type="VB" lemma="be">be</w>
<w type="VVN" lemma="say">said</w>
<w type="IN" lemma="that">that</w>
<pc type="oq">"</pc>
<w type="DT" lemma="no">no</w>
<w type="NN" lemma="news">news</w>
<w type="VBZ" lemma="be">is</w>
<w type="JJ" lemma="good">good</w>
<w type="NN" lemma="news">news</w>
<pc type="cq">"</pc>
<w type="CC" lemma="but">but</w>
<w type="NN" lemma="today">today</w>
<w type="PP" lemma="you">you</w>
<w type="MD" lemma="might">might</w>
<w type="RB" lemma="well">well</w>
<w type="VV" lemma="think">think</w>
<w type="DT" lemma="that">that</w>
<pc type="oq">"</pc>
<w type="JJ" lemma="good">good</w>
<w type="NN" lemma="news">news</w>
<w type="VBZ" lemma="be">is</w>
<w type="DT" lemma="no">no</w>
<w type="NN" lemma="news">news</w>
<pc type="cq">"</pc>
<pc type="SENT">.</pc>
</s></p><p><s><w type="CC" lemma="yet">Yet</w>
<w type="EX" lemma="there">there</w>
<w type="VBZ" lemma="be">is</w>
<w type="DT" lemma="a">a</w>
<w type="NN" lemma="lot">lot</w>
<w type="IN" lemma="of">of</w>
<w type="JJ" lemma="good">good</w>
<w type="NN" lemma="news">news</w>
<w type="CC" lemma="and">and</w>
<w type="DT" lemma="some">some</w>
<w type="JJ" lemma="wonderful">wonderful</w>
<w type="NNS" lemma="thing">things</w>
<w type="VBP" lemma="are">are</w>
<w type="VVG" lemma="go">going</w>
<w type="IN" lemma="on">on</w>
<w type="IN" lemma="in">in</w>
<w type="NN" lemma="spite">spite</w>
<w type="IN" lemma="of">of</w>
<w type="DT" lemma="the">the</w>
<w type="JJ" lemma="frightening">frightening</w>
<w type="NNS" lemma="headline">headlines</w>
<pc type="SENT">.</pc>
</s>
<s><w type="RB" lemma="just">Just</w>
<w type="VVP" lemma="think">think</w>
<w type="IN" lemma="of">of</w>
<w type="DT" lemma="the">the</w>
<w type="JJ" lemma="quiet">quiet</w>
<w type="NN" lemma="courage">courage</w>
<w type="CC" lemma="and">and</w>
<w type="NN" lemma="dedication">dedication</w>
<w type="IN" lemma="of">of</w>
<w type="DT" lemma="the">the</w>
<w type="NNS" lemma="XXXX">peace-keepers</w>
<w type="CC" lemma="and">and</w>
<w type="DT" lemma="the">the</w>
<w type="NN" lemma="rescue">rescue</w>
<w type="NNS" lemma="worker">workers</w>
<w type="CC" lemma="and">and</w>
<w type="PDT" lemma="all">all</w>
<w type="DT" lemma="those">those</w>
<w type="WP" lemma="who">who</w>
<w type="VVP" lemma="work">work</w>
<w type="RB" lemma="so">so</w>
<w type="JJ" lemma="hard">hard</w>
<w type="TO" lemma="to">to</w>
<w type="VV" lemma="restore">restore</w>
<w type="JJ" lemma="shattered">shattered</w>
<w type="NNS" lemma="life">lives</w>
<w type="CC" lemma="and">and</w>
<w type="VVN" lemma="disrupt">disrupted</w>
<w type="NNS" lemma="community">communities</w>
<pc type="SENT">.</pc>
</s></p><p><s><w type="PP" lemma="I">I</w>
<w type="VBP" lemma="am">am</w>
<w type="IN" lemma="in">in</w>
<w type="DT" lemma="the">the</w>
<w type="JJ" lemma="fortunate">fortunate</w>
<w type="NN" lemma="position">position</w>
<w type="IN" lemma="of">of</w>
<w type="VBG" lemma="be">being</w>
<w type="JJ" lemma="able">able</w>
<w type="TO" lemma="to">to</w>
<w type="VV" lemma="meet">meet</w>
<w type="JJ" lemma="many">many</w>
<w type="IN" lemma="of">of</w>
<w type="DT" lemma="these">these</w>
<w type="NNS" lemma="people">people</w>
<pc type="sub">,</pc>
<w type="IN" lemma="for">for</w>
<w type="DT" lemma="every">every</w>
<w type="NN" lemma="year">year</w>
<w type="DT" lemma="some">some</w>
<w type="CD" lemma="two">two</w>
<w type="CD" lemma="thousand">thousand</w>
<w type="VVN" lemma="come">come</w>
<w type="TO" lemma="to">to</w>
<w type="NP" lemma="XXXX">Investitures</w>
<w type="IN" lemma="at">at</w>
<w type="NP" lemma="Buckingham">Buckingham</w>
<w type="NP" lemma="Palace">Palace</w>
<w type="TO" lemma="to">to</w>
<w type="VB" lemma="be">be</w>
<w type="VVN" lemma="honour">honoured</w>
<w type="IN" lemma="for">for</w>
<w type="NNS" lemma="act">acts</w>
<w type="IN" lemma="of">of</w>
<w type="NN" lemma="bravery">bravery</w>
<w type="CC" lemma="or">or</w>
<w type="TO" lemma="to">to</w>
<w type="VB" lemma="be">be</w>
<w type="VVN" lemma="recognise">recognised</w>
<w type="IN" lemma="for">for</w>
<w type="NN" lemma="service">service</w>
<w type="TO" lemma="to">to</w>
<w type="PPs" lemma="their">their</w>
<w type="JJ" lemma="fellow">fellow</w>
<w type="NNS" lemma="citizen">citizens</w>
<pc type="SENT">.</pc>
</s></p><p><s><w type="PP" lemma="they">They</w>
<w type="VVP" lemma="come">come</w>
<w type="IN" lemma="from">from</w>
<w type="DT" lemma="all">all</w>
<w type="NNS" lemma="walk">walks</w>
<w type="IN" lemma="of">of</w>
<w type="NN" lemma="life">life</w>
<w type="CC" lemma="and">and</w>
<w type="PP" lemma="they">they</w>
<w type="VVP" lemma="do">do</w>
<w type="RB" lemma="n't">n't</w>
<w type="VV" lemma="blow">blow</w>
<w type="PPs" lemma="their">their</w>
<w type="JJ" lemma="own">own</w>
<w type="VVZ" lemma="trumpet">trumpets</w>
<pc type="sub">;</pc>
<w type="RB" lemma="so">so</w>
<w type="IN" lemma="unless">unless</w>
<pc type="sub">,</pc>
<w type="IN" lemma="like">like</w>
<w type="PP" lemma="me">me</w>
<pc type="sub">,</pc>
<w type="PP" lemma="you">you</w>
<w type="VBP" lemma="are">are</w>
<w type="JJ" lemma="able">able</w>
<w type="TO" lemma="to">to</w>
<w type="VV" lemma="read">read</w>
<w type="DT" lemma="the">the</w>
<w type="NNS" lemma="citation">citations</w>
<w type="VVG" lemma="describe">describing</w>
<w type="WP" lemma="what">what</w>
<w type="PP" lemma="they">they</w>
<w type="VHP" lemma="have">have</w>
<w type="VVN" lemma="do">done</w>
<pc type="sub">,</pc>
<w type="PP" lemma="you">you</w>
<w type="MD" lemma="could">could</w>
<w type="RB" lemma="not">not</w>
<w type="VV" lemma="begin">begin</w>
<w type="TO" lemma="to">to</w>
<w type="VV" lemma="guess">guess</w>
<w type="IN" lemma="at">at</w>
<w type="DT" lemma="some">some</w>
<w type="IN" lemma="of">of</w>
<w type="DT" lemma="the">the</w>
<w type="JJ" lemma="remarkable">remarkable</w>
<w type="NNS" lemma="storey">stories</w>
<w type="WDT" lemma="that">that</w>
<w type="VVP" lemma="lie">lie</w>
<w type="IN" lemma="behind">behind</w>
<w type="PPs" lemma="their">their</w>
<w type="NNS" lemma="visit">visits</w>
<w type="TO" lemma="to">to</w>
<w type="DT" lemma="the">the</w>
<w type="NN" lemma="palace">Palace</w>
<pc type="SENT">.</pc>
</s></p><p><s><w type="IN" lemma="among">Among</w>
<w type="PP" lemma="them">them</w>
<w type="EX" lemma="there">there</w>
<w type="MD" lemma="may">may</w>
<w type="VB" lemma="be">be</w>
<w type="DT" lemma="a">a</w>
<w type="RB" lemma="really">really</w>
<w type="JJ" lemma="outstanding">outstanding</w>
<w type="NN" lemma="doctor">doctor</w>
<w type="WP" lemma="who">who</w>
<w type="VHZ" lemma="have">has</w>
<w type="VVN" lemma="work">worked</w>
<w type="IN" lemma="for">for</w>
<w type="JJ" lemma="many">many</w>
<w type="NNS" lemma="year">years</w>
<w type="IN" lemma="in">in</w>
<w type="DT" lemma="a">a</w>
<w type="VVN" lemma="deprive">deprived</w>
<w type="NN" lemma="area">area</w>
<pc type="SENT">.</pc>
</s></p><p><s><w type="CC" lemma="or">Or</w>
<w type="DT" lemma="a">a</w>
<w type="JJ" lemma="voluntary">voluntary</w>
<w type="NN" lemma="worker">worker</w>
<w type="WP" lemma="who">who</w>
<w type="VHZ" lemma="have">has</w>
<w type="VVN" lemma="give">given</w>
<w type="RB" lemma="nearly">nearly</w>
<w type="NN" lemma="forty">forty</w>
<w type="NNS" lemma="year">years</w>
<w type="IN" lemma="of">of</w>
<w type="PPs" lemma="his">his</w>
<w type="NN" lemma="life">life</w>
<w type="TO" lemma="to">to</w>
<w type="NN" lemma="campaigning">campaigning</w>
<w type="IN" lemma="for">for</w>
<w type="DT" lemma="the">the</w>
<w type="JJ" lemma="disabled">disabled</w>
<pc type="SENT">.</pc>
</s></p><p><s><w type="CC" lemma="or">Or</w>
<w type="DT" lemma="a">a</w>
<w type="NN" lemma="nurse">nurse</w>
<pc type="sub">,</pc>
<w type="WPs" lemma="whose">whose</w>
<w type="NN" lemma="care">care</w>
<w type="IN" lemma="for">for</w>
<w type="NNS" lemma="patient">patients</w>
<w type="IN" lemma="over">over</w>
<w type="CD" lemma="thirty">thirty</w>
<w type="NNS" lemma="year">years</w>
<w type="VBZ" lemma="be">is</w>
<w type="DT" lemma="a">a</w>
<w type="JJ" lemma="splendid">splendid</w>
<w type="NN" lemma="example">example</w>
<w type="IN" lemma="of">of</w>
<w type="DT" lemma="the">the</w>
<w type="NN" lemma="work">work</w>
<w type="VVN" lemma="do">done</w>
<w type="IN" lemma="by">by</w>
<w type="NNS" lemma="member">members</w>
<w type="IN" lemma="of">of</w>
<w type="DT" lemma="a">a</w>
<w type="JJ" lemma="dedicated">dedicated</w>
<w type="NN" lemma="profession">profession</w>
<pc type="SENT">.</pc>
</s></p><p><s><w type="CC" lemma="or">Or</w>
<w type="DT" lemma="another">another</w>
<w type="NN" lemma="volunteer">volunteer</w>
<pc type="sub">,</pc>
<w type="WP" lemma="who">who</w>
<w type="VHZ" lemma="have">has</w>
<w type="VVN" lemma="devote">devoted</w>
<w type="DT" lemma="a">a</w>
<w type="JJ" lemma="large">large</w>
<w type="NN" lemma="part">part</w>
<w type="IN" lemma="of">of</w>
<w type="PPs" lemma="her">her</w>
<w type="NN" lemma="life">life</w>
<w type="TO" lemma="to">to</w>
<w type="NNS" lemma="other">others</w>
<w type="IN" lemma="in">in</w>
<w type="DT" lemma="the">the</w>
<w type="NN" lemma="service">service</w>
<w type="IN" lemma="of">of</w>
<w type="DT" lemma="the">the</w>
<w type="NP" lemma="XXXX">WRVS</w>
<pc type="SENT">.</pc>
</s></p><p><s><w type="RB" lemma="then">Then</w>
<w type="EX" lemma="there">there</w>
<w type="VBP" lemma="are">are</w>
<w type="DT" lemma="those">those</w>
<w type="WP" lemma="who">who</w>
<w type="VHP" lemma="have">have</w>
<w type="VVN" lemma="show">shown</w>
<w type="RB" lemma="quite">quite</w>
<w type="JJ" lemma="remarkable">remarkable</w>
<w type="NN" lemma="courage">courage</w>
<w type="CC" lemma="and">and</w>
<w type="NN" lemma="devotion">devotion</w>
<w type="TO" lemma="to">to</w>
<w type="NN" lemma="duty">duty</w>
<pc type="SENT">.</pc>
</s>
<s><w type="RB" lemma="only">Only</w>
<w type="DT" lemma="a">a</w>
<w type="JJ" lemma="few">few</w>
<w type="NNS" lemma="day">days</w>
<w type="IN" lemma="ago">ago</w>
<w type="PP" lemma="I">I</w>
<w type="VBD" lemma="be">was</w>
<w type="VVG" lemma="talk">talking</w>
<w type="TO" lemma="to">to</w>
<w type="CD" lemma="two">two</w>
<w type="NNS" lemma="fireman">firemen</w>
<w type="WP" lemma="who">who</w>
<w type="VHD" lemma="have">had</w>
<w type="VBN" lemma="be">been</w>
<w type="VVN" lemma="call">called</w>
<w type="TO" lemma="to">to</w>
<w type="VV" lemma="deal">deal</w>
<w type="IN" lemma="with">with</w>
<w type="DT" lemma="a">a</w>
<w type="VVG" lemma="blaze">blazing</w>
<w type="NN" lemma="ship">ship</w>
<pc type="SENT">.</pc>
</s></p><p><s><w type="PP" lemma="they">They</w>
<w type="VVD" lemma="know">knew</w>
<w type="EX" lemma="there">there</w>
<w type="VBD" lemma="be">were</w>
<w type="NNS" lemma="casualty">casualties</w>
<w type="IN" lemma="below">below</w>
<w type="NNS" lemma="deck">decks</w>
<w type="CC" lemma="and">and</w>
<w type="IN" lemma="despite">despite</w>
<w type="DT" lemma="the">the</w>
<w type="NN" lemma="fact">fact</w>
<w type="IN" lemma="that">that</w>
<w type="DT" lemma="both">both</w>
<w type="NNS" lemma="man">men</w>
<w type="VBD" lemma="be">were</w>
<w type="VVN" lemma="injure">injured</w>
<w type="PP" lemma="themselves">themselves</w>
<pc type="sub">,</pc>
<w type="PP" lemma="they">they</w>
<w type="VVD" lemma="risk">risked</w>
<w type="DT" lemma="the">the</w>
<w type="NNS" lemma="flame">flames</w>
<w type="CC" lemma="and">and</w>
<w type="NN" lemma="smoke">smoke</w>
<w type="CC" lemma="and">and</w>
<w type="JJR" lemma="further">further</w>
<w type="NNS" lemma="explosion">explosions</w>
<w type="CC" lemma="and">and</w>
<w type="VVD" lemma="go">went</w>
<w type="IN" lemma="below">below</w>
<w type="JJ" lemma="several">several</w>
<w type="NNS" lemma="time">times</w>
<w type="TO" lemma="to">to</w>
<w type="VV" lemma="bring">bring</w>
<w type="DT" lemma="the">the</w>
<w type="NNS" lemma="casualty">casualties</w>
<w type="TO" lemma="to">to</w>
<w type="NN" lemma="safety">safety</w>
<pc type="SENT">.</pc>
</s></p><p><s><w type="DT" lemma="these">These</w>
<w type="VBP" lemma="are">are</w>
<w type="RB" lemma="not">not</w>
<w type="JJ" lemma="exceptional">exceptional</w>
<w type="NNS" lemma="case">cases</w>
<pc type="SENT">.</pc>
</s>
<s><w type="DT" lemma="every">Every</w>
<w type="NN" lemma="investiture">Investiture</w>
<w type="VVZ" lemma="bring">brings</w>
<w type="NNS" lemma="storey">stories</w>
<w type="IN" lemma="of">of</w>
<w type="NN" lemma="bravery">bravery</w>
<w type="CC" lemma="and">and</w>
<w type="NN" lemma="self-sacrifice">self-sacrifice</w>
<pc type="sub">,</pc>
<w type="IN" lemma="like">like</w>
<w type="DT" lemma="the">the</w>
<w type="NNS" lemma="member">members</w>
<w type="IN" lemma="of">of</w>
<w type="JJ" lemma="bomb-disposal">bomb-disposal</w>
<w type="NNS" lemma="team">teams</w>
<w type="WPs" lemma="whose">whose</w>
<w type="JJ" lemma="cool">cool</w>
<w type="NN" lemma="courage">courage</w>
<w type="VVZ" lemma="save">saves</w>
<w type="RB" lemma="so">so</w>
<w type="JJ" lemma="many">many</w>
<w type="NNS" lemma="life">lives</w>
<pc type="SENT">.</pc>
</s></p><p><s><w type="RB" lemma="naturally">Naturally</w>
<w type="PP" lemma="I">I</w>
<w type="VVP" lemma="see">see</w>
<w type="JJR" lemma="more">more</w>
<w type="JJ" lemma="such">such</w>
<w type="NNS" lemma="people">people</w>
<w type="IN" lemma="in">in</w>
<w type="NP" lemma="Britain">Britain</w>
<pc type="sub">,</pc>
<w type="CC" lemma="but">but</w>
<w type="IN" lemma="as">as</w>
<w type="PP" lemma="I">I</w>
<w type="RB" lemma="often">often</w>
<w type="VVP" lemma="hold">hold</w>
<w type="NNS" lemma="investiture">Investitures</w>
<w type="IN" lemma="in">in</w>
<w type="JJ" lemma="other">other</w>
<w type="NP" lemma="Commonwealth">Commonwealth</w>
<w type="NNS" lemma="country">countries</w>
<pc type="sub">,</pc>
<w type="PP" lemma="I">I</w>
<w type="VVP" lemma="know">know</w>
<w type="IN" lemma="that">that</w>
<w type="EX" lemma="there">there</w>
<w type="VBP" lemma="are">are</w>
<w type="NNS" lemma="people">people</w>
<w type="VVG" lemma="make">making</w>
<w type="DT" lemma="the">the</w>
<w type="JJ" lemma="same">same</w>
<w type="NN" lemma="sort">sort</w>
<w type="IN" lemma="of">of</w>
<w type="JJ" lemma="good">good</w>
<w type="NN" lemma="news">news</w>
<w type="RB" lemma="all">all</w>
<w type="IN" lemma="over">over</w>
<w type="DT" lemma="the">the</w>
<w type="NN" lemma="world">world</w>
<pc type="SENT">.</pc>
</s></p><p><s><w type="CC" lemma="but">But</w>
<w type="IN" lemma="while">while</w>
<w type="NN" lemma="bravery">bravery</w>
<w type="CC" lemma="and">and</w>
<w type="NN" lemma="service">service</w>
<w type="TO" lemma="to">to</w>
<w type="DT" lemma="the">the</w>
<w type="NN" lemma="community">community</w>
<w type="VBP" lemma="are">are</w>
<w type="VVN" lemma="recognise">recognised</w>
<w type="IN" lemma="by">by</w>
<w type="NNS" lemma="honour">honours</w>
<w type="CC" lemma="and">and</w>
<w type="NNS" lemma="award">awards</w>
<pc type="sub">,</pc>
<w type="EX" lemma="there">there</w>
<w type="VBP" lemma="are">are</w>
<w type="JJ" lemma="many">many</w>
<w type="NNS" lemma="way">ways</w>
<w type="IN" lemma="in">in</w>
<w type="WDT" lemma="which">which</w>
<w type="NNS" lemma="people">people</w>
<w type="MD" lemma="can">can</w>
<w type="VV" lemma="make">make</w>
<w type="JJ" lemma="good">good</w>
<w type="NN" lemma="news">news</w>
<pc type="SENT">.</pc>
</s>
<s><w type="NN" lemma="success">Success</w>
<w type="IN" lemma="in">in</w>
<w type="NN" lemma="industry">industry</w>
<w type="CC" lemma="and">and</w>
<w type="NN" lemma="commerce">commerce</w>
<pc type="sub">,</pc>
<w type="IN" lemma="for">for</w>
<w type="NN" lemma="instance">instance</w>
<pc type="sub">,</pc>
<w type="VVZ" lemma="create">creates</w>
<w type="DT" lemma="the">the</w>
<w type="NN" lemma="wealth">wealth</w>
<w type="WDT" lemma="that">that</w>
<w type="VVZ" lemma="provide">provides</w>
<w type="RB" lemma="so">so</w>
<w type="JJ" lemma="many">many</w>
<w type="IN" lemma="of">of</w>
<w type="DT" lemma="the">the</w>
<w type="NNS" lemma="thing">things</w>
<w type="WDT" lemma="that">that</w>
<w type="VVP" lemma="make">make</w>
<w type="NN" lemma="life">life</w>
<w type="JJR" lemma="happy">happier</w>
<w type="CC" lemma="and">and</w>
<w type="RBR" lemma="more">more</w>
<w type="JJ" lemma="comfortable">comfortable</w>
<pc type="SENT">.</pc>
</s></p><p><s><w type="PP" lemma="it">It</w>
<w type="VBZ" lemma="be">is</w>
<w type="RB" lemma="not">not</w>
<w type="RB" lemma="just">just</w>
<w type="DT" lemma="the">the</w>
<w type="JJ" lemma="big">big</w>
<w type="NNS" lemma="company">companies</w>
<w type="IN" lemma="with">with</w>
<w type="NN" lemma="household">household</w>
<w type="NNS" lemma="name">names</w>
<pc type="sub">;</pc>
<w type="RB" lemma="quite">quite</w>
<w type="JJ" lemma="small">small</w>
<w type="NNS" lemma="company">companies</w>
<w type="IN" lemma="with">with</w>
<w type="RB" lemma="only">only</w>
<w type="DT" lemma="a">a</w>
<w type="JJ" lemma="few">few</w>
<w type="NNS" lemma="member">members</w>
<w type="MD" lemma="can">can</w>
<w type="VV" lemma="make">make</w>
<w type="DT" lemma="a">a</w>
<w type="RB" lemma="very">very</w>
<w type="JJ" lemma="significant">significant</w>
<w type="NN" lemma="contribution">contribution</w>
<w type="TO" lemma="to">to</w>
<w type="DT" lemma="the">the</w>
<w type="NN" lemma="prosperity">prosperity</w>
<w type="IN" lemma="of">of</w>
<w type="PPs" lemma="their">their</w>
<w type="NNS" lemma="community">communities</w>
<pc type="SENT">.</pc>
</s></p><p><s><w type="DT" lemma="the">The</w>
<w type="NNS" lemma="people">people</w>
<w type="IN" lemma="in">in</w>
<w type="NP" lemma="Britain">Britain</w>
<w type="WP" lemma="who">who</w>
<w type="VHP" lemma="have">have</w>
<w type="VVN" lemma="help">helped</w>
<w type="PPs" lemma="their">their</w>
<w type="NNS" lemma="company">companies</w>
<w type="TO" lemma="to">to</w>
<w type="NN" lemma="success">success</w>
<w type="RB" lemma="also">also</w>
<w type="VVN" lemma="come">come</w>
<w type="TO" lemma="to">to</w>
<w type="DT" lemma="the">the</w>
<w type="NN" lemma="palace">Palace</w>
<w type="IN" lemma="as">as</w>
<w type="NNS" lemma="winner">winners</w>
<w type="IN" lemma="of">of</w>
<w type="DT" lemma="the">The</w>
<w type="NP" lemma="Queen">Queen</w>
<w type="POS" lemma="'s">'s</w>
<w type="NP" lemma="XXXX">Awards</w>
<w type="IN" lemma="for">for</w>
<w type="NP" lemma="Export">Export</w>
<w type="CC" lemma="and">and</w>
<w type="NP" lemma="Technology">Technology</w>
<pc type="SENT">.</pc>
</s></p><p><s><w type="IN" lemma="for">For</w>
<w type="NN" lemma="example">example</w>
<pc type="sub">,</pc>
<w type="JJ" lemma="last">last</w>
<w type="NN" lemma="year">year</w>
<w type="EX" lemma="there">there</w>
<w type="VBD" lemma="be">was</w>
<w type="DT" lemma="a">a</w>
<w type="NN" lemma="firm">firm</w>
<w type="IN" lemma="with">with</w>
<w type="RB" lemma="only">only</w>
<w type="CD" lemma="five">five</w>
<w type="NNS" lemma="employee">employees</w>
<pc type="sub">,</pc>
<w type="WP" lemma="who">who</w>
<w type="VVP" lemma="make">make</w>
<w type="NN" lemma="darts">darts</w>
<w type="CC" lemma="and">and</w>
<w type="VV" lemma="export">export</w>
<w type="PP" lemma="them">them</w>
<w type="TO" lemma="to">to</w>
<w type="DT" lemma="no">no</w>
<w type="JJR" lemma="less">less</w>
<w type="IN" lemma="than">than</w>
<w type="NN" lemma="forty">forty</w>
<w type="NNS" lemma="country">countries</w>
<pc type="SENT">!</pc>
</s>
<s><w type="PP" lemma="they">They</w>
<w type="VBD" lemma="be">were</w>
<w type="RB" lemma="so">so</w>
<w type="JJ" lemma="enterprising">enterprising</w>
<w type="IN" lemma="that">that</w>
<w type="PP" lemma="they">they</w>
<w type="VVD" lemma="introduce">introduced</w>
<w type="DT" lemma="the">the</w>
<w type="NN" lemma="game">game</w>
<w type="IN" lemma="of">of</w>
<w type="NN" lemma="darts">darts</w>
<w type="IN" lemma="into">into</w>
<w type="NNS" lemma="place">places</w>
<w type="WRB" lemma="where">where</w>
<w type="PP" lemma="it">it</w>
<w type="VHD" lemma="have">had</w>
<w type="RB" lemma="never">never</w>
<w type="VBN" lemma="be">been</w>
<w type="VVN" lemma="play">played</w>
<pc type="SENT">.</pc>
</s></p><p><s><w type="RB" lemma="then">Then</w>
<w type="EX" lemma="there">there</w>
<w type="VBD" lemma="be">were</w>
<w type="DT" lemma="the">the</w>
<w type="VVG" lemma="consult">consulting</w>
<w type="NNS" lemma="engineer">engineers</w>
<w type="WP" lemma="who">who</w>
<w type="VVD" lemma="win">won</w>
<w type="PPs" lemma="their">their</w>
<w type="NN" lemma="award">Award</w>
<w type="IN" lemma="for">for</w>
<w type="JJ" lemma="technological">technological</w>
<w type="NN" lemma="achievement">achievement</w>
<w type="IN" lemma="for">for</w>
<w type="PPs" lemma="their">their</w>
<w type="JJ" lemma="ingenious">ingenious</w>
<w type="NN" lemma="work">work</w>
<w type="IN" lemma="on">on</w>
<w type="DT" lemma="the">the</w>
<w type="NP" lemma="Thames">Thames</w>
<w type="NP" lemma="Flood">Flood</w>
<w type="NP" lemma="Barrier">Barrier</w>
<pc type="SENT">.</pc>
</s></p><p><s><w type="DT" lemma="a">A</w>
<w type="JJ" lemma="small">small</w>
<w type="JJ" lemma="Scottish">Scottish</w>
<w type="NN" lemma="firm">firm</w>
<w type="IN" lemma="with">with</w>
<w type="CD" lemma="eighteen">eighteen</w>
<w type="NNS" lemma="employee">employees</w>
<w type="VVP" lemma="make">make</w>
<w type="DT" lemma="a">a</w>
<w type="NN" lemma="product">product</w>
<w type="RB" lemma="so">so</w>
<w type="JJ" lemma="good">good</w>
<w type="IN" lemma="that">that</w>
<w type="PP" lemma="they">they</w>
<w type="VHP" lemma="have">have</w>
<w type="VVN" lemma="sell">sold</w>
<w type="PPs" lemma="their">their</w>
<w type="NN" lemma="heating">heating</w>
<w type="NNS" lemma="system">systems</w>
<w type="RB" lemma="even">even</w>
<w type="IN" lemma="in">in</w>
<w type="DT" lemma="the">the</w>
<w type="NP" lemma="United">United</w>
<w type="NPS" lemma="States">States</w>
<w type="CC" lemma="and">and</w>
<w type="NP" lemma="West">West</w>
<w type="NP" lemma="Germany">Germany</w>
<pc type="SENT">.</pc>
</s></p><p><s><w type="DT" lemma="another">Another</w>
<w type="NN" lemma="firm">firm</w>
<w type="VHZ" lemma="have">has</w>
<w type="VVN" lemma="score">scored</w>
<w type="DT" lemma="a">a</w>
<w type="JJ" lemma="rare">rare</w>
<w type="RB" lemma="double">double</w>
<w type="IN" lemma="with">with</w>
<w type="PPs" lemma="their">their</w>
<w type="NNS" lemma="magnet">magnets</w>
<w type="IN" lemma="for">for</w>
<w type="JJ" lemma="medical">medical</w>
<w type="NNS" lemma="scanner">scanners</w>
<pc type="sub">,</pc>
<w type="VVG" lemma="win">winning</w>
<w type="CC" lemma="both">both</w>
<w type="DT" lemma="the">the</w>
<w type="NNS" lemma="award">Awards</w>
<pc type="sub">-</pc>
<w type="IN" lemma="for">for</w>
<w type="NP" lemma="Export">Export</w>
<w type="CC" lemma="and">and</w>
<w type="IN" lemma="for">for</w>
<w type="NP" lemma="Technology">Technology</w>
<pc type="SENT">.</pc>
</s></p><p><s><w type="EX" lemma="There">There</w>
<w type="VBP" lemma="are">are</w>
<w type="NNS" lemma="mass">masses</w>
<w type="RBR" lemma="more">more</w>
<pc type="sub">,</pc>
<w type="CC" lemma="and">and</w>
<w type="PP" lemma="it">it</w>
<w type="VBZ" lemma="be">is</w>
<w type="VVG" lemma="encourage">encouraging</w>
<w type="TO" lemma="to">to</w>
<w type="VV" lemma="know">know</w>
<w type="IN" lemma="that">that</w>
<w type="RB" lemma="again">again</w>
<w type="JJ" lemma="next">next</w>
<w type="NN" lemma="year">year</w>
<w type="EX" lemma="there">there</w>
<w type="MD" lemma="will">will</w>
<w type="VB" lemma="be">be</w>
<w type="DT" lemma="a">a</w>
<w type="JJ" lemma="new">new</w>
<w type="NN" lemma="group">group</w>
<w type="VVG" lemma="come">coming</w>
<w type="TO" lemma="to">to</w>
<w type="VV" lemma="receive">receive</w>
<w type="PPs" lemma="their">their</w>
<w type="NNS" lemma="award">awards</w>
<pc type="sub">,</pc>
<w type="WPs" lemma="whose">whose</w>
<w type="NNS" lemma="achievement">achievements</w>
<w type="MD" lemma="will">will</w>
<w type="VB" lemma="be">be</w>
<w type="RB" lemma="just">just</w>
<w type="RB" lemma="as">as</w>
<w type="JJ" lemma="ingenious">ingenious</w>
<w type="CC" lemma="and">and</w>
<w type="RB" lemma="just">just</w>
<w type="RB" lemma="as">as</w>
<w type="JJ" lemma="exciting">exciting</w>
<pc type="SENT">.</pc>
</s>
<s><w type="EX" lemma="There">There</w>
<w type="VBP" lemma="are">are</w>
<w type="JJ" lemma="similar">similar</w>
<w type="NNS" lemma="example">examples</w>
<w type="IN" lemma="throughout">throughout</w>
<w type="DT" lemma="the">the</w>
<w type="NP" lemma="Commonwealth">Commonwealth</w>
<pc type="SENT">.</pc>
</s></p><p><s><w type="DT" lemma="these">These</w>
<w type="NN" lemma="success">success</w>
<w type="NNS" lemma="storey">stories</w>
<w type="VBP" lemma="are">are</w>
<w type="RB" lemma="often">often</w>
<w type="VVN" lemma="push">pushed</w>
<w type="IN" lemma="into">into</w>
<w type="DT" lemma="the">the</w>
<w type="NN" lemma="background">background</w>
<w type="CC" lemma="but">but</w>
<w type="PP" lemma="they">they</w>
<w type="VBP" lemma="are">are</w>
<w type="DT" lemma="the">the</w>
<w type="NN" lemma="guarantee">guarantee</w>
<w type="IN" lemma="of">of</w>
<w type="PPs" lemma="our">our</w>
<w type="NN" lemma="future">future</w>
<pc type="SENT">.</pc>
</s></p><p><s><w type="NP" lemma="Christmas">Christmas</w>
<w type="VBZ" lemma="be">is</w>
<w type="DT" lemma="a">a</w>
<w type="NN" lemma="time">time</w>
<w type="IN" lemma="of">of</w>
<w type="JJ" lemma="good">good</w>
<w type="NN" lemma="news">news</w>
<pc type="SENT">.</pc>
</s>
<s><w type="PP" lemma="I">I</w>
<w type="VVP" lemma="believe">believe</w>
<w type="PP" lemma="it">it</w>
<w type="VBZ" lemma="be">is</w>
<w type="DT" lemma="a">a</w>
<w type="NN" lemma="time">time</w>
<w type="TO" lemma="to">to</w>
<w type="VV" lemma="look">look</w>
<w type="IN" lemma="at">at</w>
<w type="DT" lemma="the">the</w>
<w type="JJ" lemma="good">good</w>
<w type="NNS" lemma="thing">things</w>
<w type="IN" lemma="in">in</w>
<w type="NN" lemma="life">life</w>
<w type="CC" lemma="and">and</w>
<w type="TO" lemma="to">to</w>
<w type="VV" lemma="remember">remember</w>
<w type="IN" lemma="that">that</w>
<w type="EX" lemma="there">there</w>
<w type="VBP" lemma="are">are</w>
<w type="DT" lemma="a">a</w>
<w type="JJ" lemma="great">great</w>
<w type="JJ" lemma="many">many</w>
<w type="NNS" lemma="people">people</w>
<w type="VVG" lemma="try">trying</w>
<w type="TO" lemma="to">to</w>
<w type="VV" lemma="make">make</w>
<w type="DT" lemma="the">the</w>
<w type="NN" lemma="world">world</w>
<w type="DT" lemma="a">a</w>
<w type="JJR" lemma="good">better</w>
<w type="NN" lemma="place">place</w>
<pc type="sub">,</pc>
<w type="RB" lemma="even">even</w>
<w type="IN" lemma="though">though</w>
<w type="PPs" lemma="their">their</w>
<w type="NNS" lemma="effort">efforts</w>
<w type="MD" lemma="may">may</w>
<w type="VV" lemma="go">go</w>
<w type="JJ" lemma="XXXX">unrecognised</w>
<pc type="SENT">.</pc>
</s></p><p><s><w type="EX" lemma="There">There</w>
<w type="VBZ" lemma="be">is</w>
<w type="DT" lemma="a">a</w>
<w type="NN" lemma="lesson">lesson</w>
<w type="IN" lemma="in">in</w>
<w type="DT" lemma="this">this</w>
<w type="IN" lemma="for">for</w>
<w type="PP" lemma="us">us</w>
<w type="RB" lemma="all">all</w>
<w type="CC" lemma="and">and</w>
<w type="PP" lemma="we">we</w>
<w type="MD" lemma="should">should</w>
<w type="RB" lemma="never">never</w>
<w type="VV" lemma="forget">forget</w>
<w type="PPs" lemma="our">our</w>
<w type="NN" lemma="obligation">obligation</w>
<w type="TO" lemma="to">to</w>
<w type="VV" lemma="make">make</w>
<w type="PPs" lemma="our">our</w>
<w type="JJ" lemma="own">own</w>
<w type="JJ" lemma="individual">individual</w>
<w type="NNS" lemma="contribution">contributions</w>
<pc type="sub">,</pc>
<w type="RB" lemma="however">however</w>
<w type="JJ" lemma="small">small</w>
<pc type="sub">,</pc>
<w type="IN" lemma="towards">towards</w>
<w type="DT" lemma="the">the</w>
<w type="NN" lemma="sum">sum</w>
<w type="IN" lemma="of">of</w>
<w type="JJ" lemma="human">human</w>
<w type="NN" lemma="goodness">goodness</w>
<pc type="SENT">.</pc>
</s></p><p><s><w type="DT" lemma="the">The</w>
<w type="NN" lemma="story">story</w>
<w type="IN" lemma="of">of</w>
<w type="DT" lemma="the">the</w>
<w type="JJ" lemma="good">Good</w>
<w type="NN" lemma="Samaritan">Samaritan</w>
<w type="VVZ" lemma="remind">reminds</w>
<w type="PP" lemma="us">us</w>
<w type="IN" lemma="of">of</w>
<w type="PPs" lemma="our">our</w>
<w type="NN" lemma="duty">duty</w>
<w type="TO" lemma="to">to</w>
<w type="PPs" lemma="our">our</w>
<w type="NN" lemma="neighbour">neighbour</w>
<pc type="SENT">.</pc>
</s>
<s><w type="PP" lemma="we">We</w>
<w type="MD" lemma="should">should</w>
<w type="VV" lemma="try">try</w>
<w type="TO" lemma="to">to</w>
<w type="VV" lemma="follow">follow</w>
<w type="NP" lemma="Christ">Christ</w>
<w type="POS" lemma="'s">'s</w>
<w type="JJ" lemma="clear">clear</w>
<w type="NN" lemma="instruction">instruction</w>
<w type="IN" lemma="at">at</w>
<w type="DT" lemma="the">the</w>
<w type="NN" lemma="end">end</w>
<w type="IN" lemma="of">of</w>
<w type="DT" lemma="that">that</w>
<w type="NN" lemma="story">story</w>
<pc type="sub">:</pc>
<pc type="oq">"</pc>
<w type="VV" lemma="go">Go</w>
<w type="CC" lemma="and">and</w>
<w type="VV" lemma="do">do</w>
<w type="NNS" lemma="thou">thou</w>
<w type="RB" lemma="likewise">likewise</w>
<pc type="cq">"</pc>
<pc type="SENT">.</pc>
</s></p><p><s><w type="PP" lemma="I">I</w>
<w type="VVP" lemma="wish">wish</w>
<w type="PP" lemma="you">you</w>
<w type="PDT" lemma="all">all</w>
<w type="DT" lemma="a">a</w>
<w type="RB" lemma="very">very</w>
<w type="JJ" lemma="happy">happy</w>
<w type="NP" lemma="Christmas">Christmas</w>
<w type="CC" lemma="and">and</w>
<w type="PP" lemma="I">I</w>
<w type="VVP" lemma="hope">hope</w>
<w type="IN" lemma="that">that</w>
<w type="PP" lemma="we">we</w>
<w type="MD" lemma="shall">shall</w>
<w type="RB" lemma="all">all</w>
<w type="VV" lemma="try">try</w>
<w type="TO" lemma="to">to</w>
<w type="VV" lemma="make">make</w>
<w type="DT" lemma="some">some</w>
<w type="JJ" lemma="good">good</w>
<w type="NN" lemma="news">news</w>
<w type="IN" lemma="in">in</w>
<w type="DT" lemma="the">the</w>
<w type="JJ" lemma="coming">coming</w>
<w type="NN" lemma="year">year</w>
<pc type="SENT">.</pc>
</s></p></div>