<div n="1989"><head><s><w type="NP" lemma="Christmas">Christmas</w>
<w type="NP" lemma="Broadcast">Broadcast</w>
<w type="CD" lemma="@card@">1989</w>
</s></head><p><s><w type="PP" lemma="I">I</w>
<w type="RB" lemma="usually">usually</w>
<w type="VVP" lemma="make">make</w>
<w type="PPs" lemma="my">my</w>
<w type="NP" lemma="Christmas">Christmas</w>
<w type="NP" lemma="Broadcast">Broadcast</w>
<w type="TO" lemma="to">to</w>
<w type="DT" lemma="the">the</w>
<w type="NP" lemma="Commonwealth">Commonwealth</w>
<w type="IN" lemma="from">from</w>
<w type="NP" lemma="Windsor">Windsor</w>
<w type="CC" lemma="or">or</w>
<w type="NP" lemma="Buckingham">Buckingham</w>
<w type="NP" lemma="Palace">Palace</w>
<pc type="SENT">.</pc>
</s></p><p><s><w type="DT" lemma="this">This</w>
<w type="NN" lemma="year">year</w>
<w type="PP" lemma="I">I</w>
<w type="VVD" lemma="think">thought</w>
<w type="PP" lemma="I">I</w>
<w type="MD" lemma="would">would</w>
<w type="VV" lemma="use">use</w>
<w type="DT" lemma="the">the</w>
<w type="NN" lemma="presence">presence</w>
<w type="IN" lemma="of">of</w>
<w type="CD" lemma="two">two</w>
<w type="CD" lemma="thousand">thousand</w>
<w type="NNS" lemma="child">children</w>
<w type="IN" lemma="at">at</w>
<w type="DT" lemma="this">this</w>
<w type="NN" lemma="occasion">occasion</w>
<w type="VVD" lemma="organise">organised</w>
<w type="RB" lemma="by">by</w>
<w type="VV" lemma="save">Save</w>
<w type="DT" lemma="the">the</w>
<w type="NP" lemma="Children">Children</w>
<w type="NP" lemma="Fund">Fund</w>
<w type="IN" lemma="in">in</w>
<w type="DT" lemma="the">the</w>
<w type="NP" lemma="Albert">Albert</w>
<w type="NP" lemma="Hall">Hall</w>
<pc type="sub">,</pc>
<w type="RB" lemma="here">here</w>
<w type="IN" lemma="in">in</w>
<w type="DT" lemma="the">the</w>
<w type="NN" lemma="heart">heart</w>
<w type="IN" lemma="of">of</w>
<w type="NP" lemma="London">London</w>
<pc type="sub">,</pc>
<w type="TO" lemma="to">to</w>
<w type="VV" lemma="send">send</w>
<w type="DT" lemma="this">this</w>
<w type="JJ" lemma="special">special</w>
<w type="NN" lemma="message">message</w>
<w type="TO" lemma="to">to</w>
<w type="DT" lemma="the">the</w>
<w type="NNS" lemma="child">children</w>
<w type="IN" lemma="of">of</w>
<w type="DT" lemma="the">the</w>
<w type="NP" lemma="Commonwealth">Commonwealth</w>
<pc type="SENT">.</pc>
</s></p><p><s><w type="DT" lemma="those">Those</w>
<w type="IN" lemma="of">of</w>
<w type="PP" lemma="you">you</w>
<w type="VVP" lemma="present">present</w>
<w type="VBP" lemma="are">are</w>
<w type="DT" lemma="the">the</w>
<w type="JJ" lemma="immediate">immediate</w>
<w type="NN" lemma="audience">audience</w>
<w type="IN" lemma="for">for</w>
<w type="PPs" lemma="my">my</w>
<w type="NN" lemma="broadcast">broadcast</w>
<pc type="sub">,</pc>
<w type="CC" lemma="but">but</w>
<w type="PP" lemma="I">I</w>
<w type="VBP" lemma="am">am</w>
<w type="RB" lemma="also">also</w>
<w type="VVG" lemma="speak">speaking</w>
<w type="IN" lemma="by">by</w>
<w type="NN" lemma="radio">radio</w>
<w type="CC" lemma="and">and</w>
<w type="NN" lemma="television">television</w>
<w type="TO" lemma="to">to</w>
<w type="NNS" lemma="people">people</w>
<w type="IN" lemma="throughout">throughout</w>
<w type="DT" lemma="the">the</w>
<w type="NN" lemma="world">world</w>
<pc type="SENT">.</pc>
</s></p><p><s><w type="DT" lemma="all">All</w>
<w type="NNS" lemma="parent">parents</w>
<w type="MD" lemma="would">would</w>
<w type="VV" lemma="like">like</w>
<w type="PPs" lemma="their">their</w>
<w type="NNS" lemma="child">children</w>
<w type="TO" lemma="to">to</w>
<w type="VV" lemma="grow">grow</w>
<w type="RP" lemma="up">up</w>
<w type="IN" lemma="in">in</w>
<w type="NN" lemma="peace">peace</w>
<w type="CC" lemma="and">and</w>
<w type="NN" lemma="tranquillity">tranquillity</w>
<pc type="sub">,</pc>
<w type="CC" lemma="but">but</w>
<w type="IN" lemma="for">for</w>
<w type="JJS" lemma="most">most</w>
<w type="IN" lemma="of">of</w>
<w type="DT" lemma="this">this</w>
<w type="NN" lemma="century">century</w>
<w type="DT" lemma="the">the</w>
<w type="NNS" lemma="people">people</w>
<w type="IN" lemma="of">of</w>
<w type="DT" lemma="this">this</w>
<w type="NN" lemma="world">world</w>
<w type="VHP" lemma="have">have</w>
<w type="VHN" lemma="have">had</w>
<w type="TO" lemma="to">to</w>
<w type="VV" lemma="live">live</w>
<w type="IN" lemma="through">through</w>
<w type="VVG" lemma="bewilder">bewildering</w>
<w type="NNS" lemma="change">changes</w>
<w type="CC" lemma="and">and</w>
<w type="NNS" lemma="upheaval">upheavals</w>
<pc type="SENT">.</pc>
</s>
<s><w type="DT" lemma="some">Some</w>
<w type="IN" lemma="of">of</w>
<w type="DT" lemma="the">the</w>
<w type="NNS" lemma="change">changes</w>
<w type="VHP" lemma="have">have</w>
<w type="VBN" lemma="be">been</w>
<w type="IN" lemma="for">for</w>
<w type="DT" lemma="the">the</w>
<w type="JJR" lemma="good">better</w>
<pc type="sub">,</pc>
<w type="CC" lemma="but">but</w>
<w type="NNS" lemma="other">others</w>
<w type="MD" lemma="might">might</w>
<w type="RB" lemma="even">even</w>
<w type="VV" lemma="threaten">threaten</w>
<w type="DT" lemma="the">the</w>
<w type="NN" lemma="world">world</w>
<w type="PP" lemma="we">we</w>
<w type="VVP" lemma="live">live</w>
<w type="IN" lemma="in">in</w>
<pc type="SENT">.</pc>
</s></p><p><s><w type="EX" lemma="There">There</w>
<w type="VBP" lemma="are">are</w>
<w type="DT" lemma="some">some</w>
<w type="NNS" lemma="child">children</w>
<w type="WP" lemma="who">who</w>
<w type="VBP" lemma="are">are</w>
<w type="RB" lemma="much">much</w>
<w type="RBR" lemma="less">less</w>
<w type="JJ" lemma="fortunate">fortunate</w>
<w type="IN" lemma="than">than</w>
<w type="NNS" lemma="other">others</w>
<pc type="sub">,</pc>
<w type="IN" lemma="for">for</w>
<w type="PP" lemma="they">they</w>
<w type="VVP" lemma="come">come</w>
<w type="IN" lemma="from">from</w>
<w type="NNS" lemma="country">countries</w>
<w type="WRB" lemma="where">where</w>
<w type="NN" lemma="nature">nature</w>
<w type="VVZ" lemma="make">makes</w>
<w type="NN" lemma="life">life</w>
<w type="RB" lemma="very">very</w>
<w type="RB" lemma="hard">hard</w>
<pc type="sub">,</pc>
<w type="IN" lemma="with">with</w>
<w type="NNS" lemma="flood">floods</w>
<w type="CC" lemma="and">and</w>
<w type="NNS" lemma="drought">droughts</w>
<w type="CC" lemma="and">and</w>
<w type="JJ" lemma="other">other</w>
<w type="NNS" lemma="disaster">disasters</w>
<w type="VVG" lemma="destroy">destroying</w>
<w type="NNS" lemma="crop">crops</w>
<pc type="sub">,</pc>
<w type="VVG" lemma="make">making</w>
<w type="PP" lemma="it">it</w>
<w type="RB" lemma="very">very</w>
<w type="JJ" lemma="difficult">difficult</w>
<w type="TO" lemma="to">to</w>
<w type="VV" lemma="find">find</w>
<w type="RB" lemma="enough">enough</w>
<w type="IN" lemma="for">for</w>
<w type="NN" lemma="everyone">everyone</w>
<w type="TO" lemma="to">to</w>
<w type="VV" lemma="eat">eat</w>
<pc type="SENT">.</pc>
</s>
<s><w type="PDT" lemma="Quite">Quite</w>
<w type="DT" lemma="a">a</w>
<w type="NN" lemma="lot">lot</w>
<w type="IN" lemma="of">of</w>
<w type="PP" lemma="you">you</w>
<w type="VHP" lemma="have">have</w>
<w type="VVN" lemma="write">written</w>
<w type="TO" lemma="to">to</w>
<w type="PP" lemma="me">me</w>
<w type="IN" lemma="during">during</w>
<w type="DT" lemma="the">the</w>
<w type="JJ" lemma="last">last</w>
<w type="NN" lemma="year">year</w>
<w type="CC" lemma="or">or</w>
<w type="RB" lemma="so">so</w>
<pc type="sub">,</pc>
<w type="VVG" lemma="say">saying</w>
<w type="WRB" lemma="how">how</w>
<w type="JJ" lemma="worried">worried</w>
<w type="PP" lemma="you">you</w>
<w type="VBP" lemma="are">are</w>
<w type="IN" lemma="about">about</w>
<w type="DT" lemma="the">the</w>
<w type="NN" lemma="future">future</w>
<w type="IN" lemma="of">of</w>
<w type="PPs" lemma="our">our</w>
<w type="NN" lemma="planet">planet</w>
<pc type="SENT">.</pc>
</s></p><p><s><w type="JJ" lemma="Many">Many</w>
<w type="IN" lemma="of">of</w>
<w type="PP" lemma="you">you</w>
<w type="MD" lemma="will">will</w>
<w type="VH" lemma="have">have</w>
<w type="VVN" lemma="hear">heard</w>
<w type="IN" lemma="of">of</w>
<w type="DT" lemma="the">the</w>
<w type="NN" lemma="greenhouse">greenhouse</w>
<w type="NN" lemma="effect">effect</w>
<pc type="sub">,</pc>
<w type="CC" lemma="and">and</w>
<w type="RB" lemma="perhaps">perhaps</w>
<w type="PP" lemma="you">you</w>
<w type="VHP" lemma="have">'ve</w>
<w type="VVN" lemma="hear">heard</w>
<w type="RB" lemma="too">too</w>
<w type="IN" lemma="about">about</w>
<w type="RB" lemma="even">even</w>
<w type="JJR" lemma="more">more</w>
<w type="JJ" lemma="urgent">urgent</w>
<w type="NNS" lemma="problem">problems</w>
<w type="VVN" lemma="cause">caused</w>
<w type="IN" lemma="by">by</w>
<w type="DT" lemma="the">the</w>
<w type="NN" lemma="pollution">pollution</w>
<w type="IN" lemma="of">of</w>
<w type="PPs" lemma="our">our</w>
<w type="NNS" lemma="river">rivers</w>
<w type="CC" lemma="and">and</w>
<w type="NNS" lemma="sea">seas</w>
<w type="CC" lemma="and">and</w>
<w type="DT" lemma="the">the</w>
<w type="VVG" lemma="cut">cutting</w>
<w type="RP" lemma="down">down</w>
<w type="IN" lemma="of">of</w>
<w type="DT" lemma="the">the</w>
<w type="JJ" lemma="great">great</w>
<w type="NNS" lemma="forest">forests</w>
<pc type="SENT">.</pc>
</s>
<s><w type="DT" lemma="these">These</w>
<w type="NNS" lemma="problem">problems</w>
<w type="VVP" lemma="do">do</w>
<w type="RB" lemma="n't">n't</w>
<w type="VV" lemma="affect">affect</w>
<w type="RB" lemma="just">just</w>
<w type="DT" lemma="the">the</w>
<w type="NNS" lemma="country">countries</w>
<w type="WRB" lemma="where">where</w>
<w type="PP" lemma="they">they</w>
<w type="VBP" lemma="are">are</w>
<w type="VVG" lemma="happen">happening</w>
<w type="CC" lemma="and">and</w>
<w type="PP" lemma="they">they</w>
<w type="VVP" lemma="make">make</w>
<w type="JJ" lemma="neighbourly">neighbourly</w>
<w type="NN" lemma="co-operation">co-operation</w>
<w type="IN" lemma="throughout">throughout</w>
<w type="DT" lemma="the">the</w>
<w type="NN" lemma="world">world</w>
<w type="DT" lemma="a">a</w>
<w type="JJ" lemma="pressing">pressing</w>
<w type="NN" lemma="necessity">necessity</w>
<pc type="SENT">.</pc>
</s></p><p><s><w type="IN" lemma="with">With</w>
<w type="PDT" lemma="all">all</w>
<w type="PPs" lemma="your">your</w>
<w type="NNS" lemma="life">lives</w>
<w type="IN" lemma="before">before</w>
<w type="PP" lemma="you">you</w>
<pc type="sub">,</pc>
<w type="PP" lemma="I">I</w>
<w type="VBP" lemma="am">am</w>
<w type="JJ" lemma="sure">sure</w>
<w type="IN" lemma="that">that</w>
<w type="PP" lemma="you">you</w>
<w type="VVP" lemma="take">take</w>
<w type="DT" lemma="an">an</w>
<w type="JJ" lemma="optimistic">optimistic</w>
<w type="NN" lemma="view">view</w>
<w type="IN" lemma="of">of</w>
<w type="DT" lemma="the">the</w>
<w type="NN" lemma="future">future</w>
<pc type="SENT">.</pc>
</s>
<s><w type="CC" lemma="but">But</w>
<w type="PP" lemma="it">it</w>
<w type="VBZ" lemma="be">is</w>
<w type="RB" lemma="already">already</w>
<w type="RB" lemma="too">too</w>
<w type="JJ" lemma="late">late</w>
<w type="TO" lemma="to">to</w>
<w type="VV" lemma="prevent">prevent</w>
<w type="DT" lemma="all">all</w>
<w type="NNS" lemma="form">forms</w>
<w type="IN" lemma="of">of</w>
<w type="NN" lemma="damage">damage</w>
<w type="TO" lemma="to">to</w>
<w type="DT" lemma="the">the</w>
<w type="JJ" lemma="natural">natural</w>
<w type="NN" lemma="world">world</w>
<pc type="SENT">.</pc>
</s>
<s><w type="DT" lemma="some">Some</w>
<w type="NN" lemma="species">species</w>
<w type="IN" lemma="of">of</w>
<w type="JJ" lemma="wild">wild</w>
<w type="NNS" lemma="plant">plants</w>
<w type="CC" lemma="and">and</w>
<w type="NNS" lemma="animal">animals</w>
<w type="VBP" lemma="are">are</w>
<pc type="sub">,</pc>
<w type="RB" lemma="sadly">sadly</w>
<pc type="sub">,</pc>
<w type="VVN" lemma="bind">bound</w>
<w type="TO" lemma="to">to</w>
<w type="VV" lemma="become">become</w>
<w type="JJ" lemma="extinct">extinct</w>
<pc type="SENT">.</pc>
</s>
<s><w type="CC" lemma="but">But</w>
<w type="DT" lemma="the">the</w>
<w type="JJ" lemma="great">great</w>
<w type="NN" lemma="thing">thing</w>
<w type="TO" lemma="to">to</w>
<w type="VV" lemma="remember">remember</w>
<w type="VBZ" lemma="be">is</w>
<w type="WDT" lemma="that">that</w>
<w type="PP" lemma="it">it</w>
<w type="VBZ" lemma="be">is</w>
<w type="RB" lemma="not">not</w>
<w type="RB" lemma="too">too</w>
<w type="JJ" lemma="late">late</w>
<w type="TO" lemma="to">to</w>
<w type="VV" lemma="reduce">reduce</w>
<w type="DT" lemma="the">the</w>
<w type="NN" lemma="damage">damage</w>
<w type="IN" lemma="if">if</w>
<w type="PP" lemma="we">we</w>
<w type="VVP" lemma="change">change</w>
<w type="NNS" lemma="attitude">attitudes</w>
<w type="CC" lemma="and">and</w>
<w type="NN" lemma="behaviour">behaviour</w>
<pc type="SENT">.</pc>
</s></p><p><s><w type="PP" lemma="you">You</w>
<w type="VHP" lemma="have">'ve</w>
<w type="RB" lemma="all">all</w>
<w type="VVN" lemma="see">seen</w>
<w type="NNS" lemma="picture">pictures</w>
<w type="IN" lemma="of">of</w>
<w type="DT" lemma="the">the</w>
<w type="NN" lemma="earth">earth</w>
<w type="VVN" lemma="take">taken</w>
<w type="IN" lemma="from">from</w>
<w type="NN" lemma="space">space</w>
<pc type="SENT">.</pc>
</s>
<s><w type="IN" lemma="unlike">Unlike</w>
<w type="PDT" lemma="all">all</w>
<w type="DT" lemma="the">the</w>
<w type="JJ" lemma="other">other</w>
<w type="NNS" lemma="planet">planets</w>
<w type="IN" lemma="in">in</w>
<w type="DT" lemma="the">the</w>
<w type="JJ" lemma="solar">solar</w>
<w type="NN" lemma="system">system</w>
<pc type="sub">,</pc>
<w type="NN" lemma="earth">earth</w>
<w type="VVZ" lemma="shimmer">shimmers</w>
<w type="JJ" lemma="green">green</w>
<w type="CC" lemma="and">and</w>
<w type="JJ" lemma="blue">blue</w>
<w type="IN" lemma="in">in</w>
<w type="DT" lemma="the">the</w>
<w type="NN" lemma="sunlight">sunlight</w>
<w type="CC" lemma="and">and</w>
<w type="VVZ" lemma="look">looks</w>
<w type="DT" lemma="a">a</w>
<w type="RB" lemma="very">very</w>
<w type="JJ" lemma="pleasant">pleasant</w>
<w type="NN" lemma="place">place</w>
<w type="TO" lemma="to">to</w>
<w type="VV" lemma="live">live</w>
<pc type="SENT">.</pc>
</s></p><p><s><w type="DT" lemma="these">These</w>
<w type="NNS" lemma="picture">pictures</w>
<w type="MD" lemma="should">should</w>
<w type="VV" lemma="remind">remind</w>
<w type="PP" lemma="us">us</w>
<w type="IN" lemma="that">that</w>
<w type="DT" lemma="the">the</w>
<w type="NN" lemma="future">future</w>
<w type="IN" lemma="of">of</w>
<w type="DT" lemma="all">all</w>
<w type="NN" lemma="life">life</w>
<w type="IN" lemma="on">on</w>
<w type="NN" lemma="earth">earth</w>
<w type="VVZ" lemma="depend">depends</w>
<w type="IN" lemma="on">on</w>
<w type="WRB" lemma="how">how</w>
<w type="PP" lemma="we">we</w>
<w type="VV" lemma="behave">behave</w>
<w type="IN" lemma="towards">towards</w>
<w type="CD" lemma="one">one</w>
<w type="DT" lemma="another">another</w>
<pc type="sub">,</pc>
<w type="CC" lemma="and">and</w>
<w type="WRB" lemma="how">how</w>
<w type="PP" lemma="we">we</w>
<w type="VVP" lemma="treat">treat</w>
<w type="DT" lemma="the">the</w>
<w type="NNS" lemma="plant">plants</w>
<w type="CC" lemma="and">and</w>
<w type="DT" lemma="the">the</w>
<w type="NNS" lemma="animal">animals</w>
<w type="IN" lemma="that">that</w>
<w type="NN" lemma="share">share</w>
<w type="PPs" lemma="our">our</w>
<w type="NN" lemma="world">world</w>
<w type="IN" lemma="with">with</w>
<w type="PP" lemma="us">us</w>
<pc type="SENT">.</pc>
</s></p><p><s><w type="NNS" lemma="man">Men</w>
<w type="CC" lemma="and">and</w>
<w type="NNS" lemma="woman">women</w>
<w type="VHP" lemma="have">have</w>
<w type="VVN" lemma="show">shown</w>
<w type="PP" lemma="themselves">themselves</w>
<w type="TO" lemma="to">to</w>
<w type="VB" lemma="be">be</w>
<w type="RB" lemma="very">very</w>
<w type="JJ" lemma="clever">clever</w>
<w type="IN" lemma="at">at</w>
<w type="VVG" lemma="invent">inventing</w>
<w type="NNS" lemma="thing">things</w>
<pc type="sub">,</pc>
<w type="RB" lemma="right">right</w>
<w type="RB" lemma="back">back</w>
<w type="TO" lemma="to">to</w>
<w type="DT" lemma="the">the</w>
<w type="NN" lemma="time">time</w>
<w type="WRB" lemma="when">when</w>
<w type="PP" lemma="they">they</w>
<w type="VVD" lemma="find">found</w>
<w type="IN" lemma="out">out</w>
<w type="WRB" lemma="how">how</w>
<w type="RB" lemma="much">much</w>
<w type="RB" lemma="easier">easier</w>
<w type="PP" lemma="it">it</w>
<w type="VBD" lemma="be">was</w>
<w type="TO" lemma="to">to</w>
<w type="VV" lemma="move">move</w>
<w type="NNS" lemma="thing">things</w>
<w type="RB" lemma="about">about</w>
<w type="IN" lemma="on">on</w>
<w type="NNS" lemma="wheel">wheels</w>
<pc type="sub">,</pc>
<w type="RB" lemma="up">up</w>
<w type="TO" lemma="to">to</w>
<w type="DT" lemma="the">the</w>
<w type="JJ" lemma="present">present</w>
<w type="NN" lemma="time">time</w>
<w type="WRB" lemma="when">when</w>
<w type="NNS" lemma="rocket">rockets</w>
<w type="CC" lemma="and">and</w>
<w type="NNS" lemma="computer">computers</w>
<w type="VVP" lemma="make">make</w>
<w type="PP" lemma="it">it</w>
<w type="JJ" lemma="possible">possible</w>
<w type="IN" lemma="for">for</w>
<w type="NNS" lemma="people">people</w>
<w type="TO" lemma="to">to</w>
<w type="VV" lemma="travel">travel</w>
<w type="RB" lemma="away">away</w>
<w type="IN" lemma="from">from</w>
<w type="PPs" lemma="our">our</w>
<w type="NN" lemma="world">world</w>
<w type="IN" lemma="into">into</w>
<w type="DT" lemma="the">the</w>
<w type="NN" lemma="mystery">mystery</w>
<w type="IN" lemma="of">of</w>
<w type="NN" lemma="space">space</w>
<pc type="SENT">.</pc>
</s></p><p><s><w type="CC" lemma="but">But</w>
<w type="DT" lemma="these">these</w>
<w type="JJ" lemma="technical">technical</w>
<w type="NNS" lemma="skill">skills</w>
<w type="VBP" lemma="are">are</w>
<w type="RB" lemma="not">not</w>
<w type="RB" lemma="enough">enough</w>
<w type="IN" lemma="by">by</w>
<w type="PP" lemma="themselves">themselves</w>
<pc type="SENT">.</pc>
</s>
<s><w type="PP" lemma="they">They</w>
<w type="MD" lemma="can">can</w>
<w type="RB" lemma="only">only</w>
<w type="VV" lemma="come">come</w>
<w type="TO" lemma="to">to</w>
<w type="DT" lemma="the">the</w>
<w type="NN" lemma="rescue">rescue</w>
<w type="IN" lemma="of">of</w>
<w type="DT" lemma="the">the</w>
<w type="NN" lemma="planet">planet</w>
<w type="IN" lemma="if">if</w>
<w type="PP" lemma="we">we</w>
<w type="RB" lemma="also">also</w>
<w type="VVP" lemma="learn">learn</w>
<w type="TO" lemma="to">to</w>
<w type="VV" lemma="live">live</w>
<w type="IN" lemma="by">by</w>
<w type="DT" lemma="the">the</w>
<w type="JJ" lemma="golden">golden</w>
<w type="NN" lemma="rule">rule</w>
<w type="WDT" lemma="which">which</w>
<w type="NP" lemma="Jesus">Jesus</w>
<w type="NP" lemma="Christ">Christ</w>
<w type="VVD" lemma="teach">taught</w>
<w type="PP" lemma="us">us</w>
<pc type="sub">-</pc>
<pc type="oq">"</pc>
<w type="VVP" lemma="love">love</w>
<w type="JJR" lemma="XXXX">thy</w>
<w type="NN" lemma="neighbour">neighbour</w>
<w type="IN" lemma="as">as</w>
<w type="NN" lemma="XXXX">thyself</w>
<pc type="cq">"</pc>
<pc type="SENT">.</pc>
</s></p><p><s><w type="JJ" lemma="Many">Many</w>
<w type="IN" lemma="of">of</w>
<w type="PP" lemma="you">you</w>
<w type="MD" lemma="will">will</w>
<w type="VH" lemma="have">have</w>
<w type="VVN" lemma="hear">heard</w>
<w type="DT" lemma="the">the</w>
<w type="NN" lemma="story">story</w>
<w type="IN" lemma="of">of</w>
<w type="DT" lemma="the">the</w>
<w type="JJ" lemma="good">Good</w>
<w type="NN" lemma="Samaritan">Samaritan</w>
<pc type="sub">,</pc>
<w type="CC" lemma="and">and</w>
<w type="IN" lemma="of">of</w>
<w type="WRB" lemma="how">how</w>
<w type="NP" lemma="Christ">Christ</w>
<w type="VVD" lemma="answer">answered</w>
<w type="DT" lemma="the">the</w>
<w type="NN" lemma="question">question</w>
<pc type="op">(</pc>
<w type="IN" lemma="from">from</w>
<w type="DT" lemma="a">a</w>
<w type="JJ" lemma="clever">clever</w>
<w type="NN" lemma="lawyer">lawyer</w>
<w type="WP" lemma="who">who</w>
<w type="VBD" lemma="be">was</w>
<w type="VVG" lemma="try">trying</w>
<w type="TO" lemma="to">to</w>
<w type="VV" lemma="catch">catch</w>
<w type="PP" lemma="him">him</w>
<w type="RP" lemma="out">out</w>
<pc type="cp">)</pc>
<pc type="oq">"</pc>
<w type="WP" lemma="who">who</w>
<w type="VBZ" lemma="be">is</w>
<w type="PPs" lemma="my">my</w>
<w type="NN" lemma="neighbour">neighbour</w>
<pc type="SENT">?</pc>
<pc type="cq">"</pc>
<pc type="SENT">.</pc>
</s></p><p><s><w type="NP" lemma="Jesus">Jesus</w>
<w type="VVD" lemma="tell">told</w>
<w type="IN" lemma="of">of</w>
<w type="DT" lemma="the">the</w>
<w type="NN" lemma="traveller">traveller</w>
<w type="WP" lemma="who">who</w>
<w type="VBD" lemma="be">was</w>
<w type="VVN" lemma="mug">mugged</w>
<w type="CC" lemma="and">and</w>
<w type="VVN" lemma="leave">left</w>
<w type="JJ" lemma="injured">injured</w>
<w type="IN" lemma="on">on</w>
<w type="DT" lemma="the">the</w>
<w type="NN" lemma="roadside">roadside</w>
<w type="WRB" lemma="where">where</w>
<w type="JJ" lemma="several">several</w>
<w type="JJ" lemma="important">important</w>
<w type="NNS" lemma="people">people</w>
<w type="VVD" lemma="see">saw</w>
<w type="PP" lemma="him">him</w>
<pc type="sub">,</pc>
<w type="CC" lemma="and">and</w>
<w type="VVD" lemma="pass">passed</w>
<w type="IN" lemma="by">by</w>
<w type="IN" lemma="without">without</w>
<w type="VVG" lemma="stop">stopping</w>
<w type="TO" lemma="to">to</w>
<w type="VV" lemma="help">help</w>
<pc type="SENT">.</pc>
</s></p><p><s><w type="PPs" lemma="his">His</w>
<w type="NN" lemma="neighbour">neighbour</w>
<w type="VBD" lemma="be">was</w>
<w type="DT" lemma="the">the</w>
<w type="NN" lemma="man">man</w>
<w type="WP" lemma="who">who</w>
<w type="VVD" lemma="do">did</w>
<w type="NN" lemma="stop">stop</w>
<pc type="sub">,</pc>
<w type="VVD" lemma="care">cared</w>
<w type="IN" lemma="for">for</w>
<w type="PP" lemma="him">him</w>
<pc type="sub">,</pc>
<w type="CC" lemma="and">and</w>
<w type="VVD" lemma="make">made</w>
<w type="RB" lemma="sure">sure</w>
<w type="PP" lemma="he">he</w>
<w type="VBD" lemma="be">was</w>
<w type="VBG" lemma="be">being</w>
<w type="RB" lemma="well">well</w>
<w type="VVN" lemma="look">looked</w>
<w type="IN" lemma="after">after</w>
<w type="IN" lemma="before">before</w>
<w type="PP" lemma="he">he</w>
<w type="VVD" lemma="resume">resumed</w>
<w type="PPs" lemma="his">his</w>
<w type="JJ" lemma="own">own</w>
<w type="NN" lemma="journey">journey</w>
<pc type="SENT">.</pc>
</s></p><p><s><w type="PP" lemma="it">It</w>
<w type="VBZ" lemma="be">'s</w>
<w type="RB" lemma="not">not</w>
<w type="RB" lemma="very">very</w>
<w type="JJ" lemma="difficult">difficult</w>
<w type="TO" lemma="to">to</w>
<w type="VV" lemma="apply">apply</w>
<w type="DT" lemma="that">that</w>
<w type="NN" lemma="story">story</w>
<w type="TO" lemma="to">to</w>
<w type="PPs" lemma="our">our</w>
<w type="JJ" lemma="own">own</w>
<w type="NNS" lemma="time">times</w>
<w type="CC" lemma="and">and</w>
<w type="TO" lemma="to">to</w>
<w type="VV" lemma="work">work</w>
<w type="RP" lemma="out">out</w>
<w type="IN" lemma="that">that</w>
<w type="PPs" lemma="our">our</w>
<w type="NNS" lemma="neighbour">neighbours</w>
<w type="VBP" lemma="are">are</w>
<w type="DT" lemma="those">those</w>
<w type="IN" lemma="of">of</w>
<w type="PPs" lemma="our">our</w>
<w type="NNS" lemma="friend">friends</w>
<pc type="sub">,</pc>
<w type="CC" lemma="or">or</w>
<w type="JJ" lemma="complete">complete</w>
<w type="NNS" lemma="stranger">strangers</w>
<pc type="sub">,</pc>
<w type="WP" lemma="who">who</w>
<w type="VVP" lemma="need">need</w>
<w type="DT" lemma="a">a</w>
<w type="VVG" lemma="help">helping</w>
<w type="NN" lemma="hand">hand</w>
<pc type="SENT">.</pc>
</s>
<s><w type="VVP" lemma="do">Do</w>
<w type="PP" lemma="you">you</w>
<w type="VVP" lemma="think">think</w>
<w type="PP" lemma="they">they</w>
<w type="MD" lemma="might">might</w>
<w type="RB" lemma="also">also</w>
<w type="VB" lemma="be">be</w>
<w type="DT" lemma="some">some</w>
<w type="IN" lemma="of">of</w>
<w type="DT" lemma="the">the</w>
<w type="VVG" lemma="live">living</w>
<w type="NNS" lemma="specie">species</w>
<w type="VVN" lemma="threaten">threatened</w>
<w type="IN" lemma="by">by</w>
<w type="JJ" lemma="spoiled">spoiled</w>
<w type="NNS" lemma="river">rivers</w>
<pc type="sub">,</pc>
<w type="CC" lemma="or">or</w>
<w type="DT" lemma="some">some</w>
<w type="IN" lemma="of">of</w>
<w type="DT" lemma="the">the</w>
<w type="NNS" lemma="child">children</w>
<w type="IN" lemma="in">in</w>
<w type="NNS" lemma="place">places</w>
<w type="IN" lemma="like">like</w>
<w type="NP" lemma="Ethiopia">Ethiopia</w>
<w type="CC" lemma="and">and</w>
<w type="NP" lemma="Sudan">Sudan</w>
<w type="WP" lemma="who">who</w>
<w type="VVP" lemma="do">do</w>
<w type="RB" lemma="n't">n't</w>
<w type="VH" lemma="have">have</w>
<w type="JJ" lemma="enough">enough</w>
<w type="TO" lemma="to">to</w>
<w type="VV" lemma="eat">eat</w>
<pc type="SENT">?</pc>
</s></p><p><s><w type="DT" lemma="the">The</w>
<w type="JJ" lemma="exciting">exciting</w>
<w type="NN" lemma="news">news</w>
<w type="IN" lemma="of">of</w>
<w type="DT" lemma="the">the</w>
<w type="JJ" lemma="last">last</w>
<w type="JJ" lemma="few">few</w>
<w type="NNS" lemma="month">months</w>
<w type="VHZ" lemma="have">has</w>
<w type="VBN" lemma="be">been</w>
<w type="DT" lemma="the">the</w>
<w type="NN" lemma="way">way</w>
<w type="IN" lemma="in">in</w>
<w type="WDT" lemma="which">which</w>
<w type="NNS" lemma="people">people</w>
<w type="IN" lemma="in">in</w>
<w type="DT" lemma="both">both</w>
<w type="NP" lemma="East">East</w>
<w type="CC" lemma="and">and</w>
<w type="NP" lemma="West">West</w>
<w type="NP" lemma="Europe">Europe</w>
<w type="VHP" lemma="have">have</w>
<w type="VVN" lemma="begin">begun</w>
<w type="TO" lemma="to">to</w>
<w type="VV" lemma="think">think</w>
<w type="IN" lemma="about">about</w>
<w type="DT" lemma="the">the</w>
<w type="NN" lemma="future">future</w>
<w type="IN" lemma="in">in</w>
<w type="DT" lemma="a">a</w>
<w type="RBR" lemma="less">less</w>
<w type="JJ" lemma="unfriendly">unfriendly</w>
<w type="NN" lemma="way">way</w>
<pc type="sub">-</pc>
<w type="JJR" lemma="more">more</w>
<w type="IN" lemma="as">as</w>
<w type="NNS" lemma="neighbour">neighbours</w>
<pc type="SENT">.</pc>
</s></p><p><s><w type="PP" lemma="it">It</w>
<w type="VBZ" lemma="be">'s</w>
<w type="RB" lemma="still">still</w>
<w type="JJ" lemma="hard">hard</w>
<w type="IN" lemma="for">for</w>
<w type="PP" lemma="us">us</w>
<w type="TO" lemma="to">to</w>
<w type="VB" lemma="be">be</w>
<w type="RB" lemma="sure">sure</w>
<w type="WP" lemma="what">what</w>
<w type="VBZ" lemma="be">is</w>
<w type="VVG" lemma="go">going</w>
<w type="TO" lemma="to">to</w>
<w type="VV" lemma="happen">happen</w>
<w type="IN" lemma="as">as</w>
<w type="DT" lemma="a">a</w>
<w type="NN" lemma="result">result</w>
<w type="IN" lemma="of">of</w>
<w type="DT" lemma="these">these</w>
<w type="JJ" lemma="great">great</w>
<w type="NNS" lemma="event">events</w>
<pc type="sub">,</pc>
<w type="CC" lemma="but">but</w>
<w type="PP" lemma="it">it</w>
<w type="MD" lemma="would">would</w>
<w type="VB" lemma="be">be</w>
<w type="JJ" lemma="splendid">splendid</w>
<w type="TO" lemma="to">to</w>
<w type="VV" lemma="think">think</w>
<w type="IN" lemma="that">that</w>
<w type="IN" lemma="in">in</w>
<w type="DT" lemma="the">the</w>
<w type="JJ" lemma="last">last</w>
<w type="NNS" lemma="year">years</w>
<w type="IN" lemma="of">of</w>
<w type="DT" lemma="the">the</w>
<w type="JJ" lemma="twentieth">twentieth</w>
<w type="NN" lemma="century">century</w>
<w type="NP" lemma="Christ">Christ</w>
<w type="POS" lemma="'s">'s</w>
<w type="NN" lemma="message">message</w>
<w type="IN" lemma="about">about</w>
<w type="JJ" lemma="loving">loving</w>
<w type="PPs" lemma="our">our</w>
<w type="NNS" lemma="neighbour">neighbours</w>
<w type="IN" lemma="as">as</w>
<w type="PP" lemma="ourselves">ourselves</w>
<w type="MD" lemma="might">might</w>
<w type="IN" lemma="at">at</w>
<w type="JJ" lemma="last">last</w>
<w type="VB" lemma="be">be</w>
<w type="VVN" lemma="heed">heeded</w>
<pc type="SENT">.</pc>
</s></p><p><s><w type="IN" lemma="if">If</w>
<w type="PP" lemma="it">it</w>
<w type="VBZ" lemma="be">is</w>
<pc type="sub">,</pc>
<w type="PP" lemma="they">they</w>
<w type="MD" lemma="will">'ll</w>
<w type="VB" lemma="be">be</w>
<w type="JJ" lemma="good">good</w>
<w type="NNS" lemma="year">years</w>
<w type="IN" lemma="for">for</w>
<w type="PP" lemma="you">you</w>
<w type="TO" lemma="to">to</w>
<w type="VV" lemma="grow">grow</w>
<w type="RP" lemma="up">up</w>
<w type="IN" lemma="in">in</w>
<pc type="SENT">.</pc>
</s>
<s><w type="IN" lemma="if">If</w>
<w type="PP" lemma="we">we</w>
<w type="MD" lemma="can">can</w>
<w type="VV" lemma="reduce">reduce</w>
<w type="NN" lemma="selfishness">selfishness</w>
<w type="CC" lemma="and">and</w>
<w type="NN" lemma="jealousy">jealousy</w>
<pc type="sub">,</pc>
<w type="NN" lemma="dishonesty">dishonesty</w>
<w type="CC" lemma="and">and</w>
<w type="NN" lemma="injustice">injustice</w>
<pc type="sub">,</pc>
<w type="DT" lemma="the">the</w>
<w type="NNS" lemma="ninety">nineties</w>
<w type="MD" lemma="can">can</w>
<w type="VV" lemma="become">become</w>
<w type="DT" lemma="a">a</w>
<w type="NN" lemma="time">time</w>
<w type="IN" lemma="of">of</w>
<w type="NN" lemma="peace">peace</w>
<w type="CC" lemma="and">and</w>
<w type="NN" lemma="tranquillity">tranquillity</w>
<w type="IN" lemma="for">for</w>
<w type="NNS" lemma="child">children</w>
<w type="CC" lemma="and">and</w>
<w type="NNS" lemma="grown-up">grown-ups</w>
<pc type="sub">,</pc>
<w type="CC" lemma="and">and</w>
<w type="DT" lemma="a">a</w>
<w type="NN" lemma="time">time</w>
<w type="IN" lemma="for">for</w>
<w type="VVG" lemma="work">working</w>
<w type="RB" lemma="together">together</w>
<w type="IN" lemma="for">for</w>
<w type="DT" lemma="the">the</w>
<w type="NN" lemma="benefit">benefit</w>
<w type="IN" lemma="of">of</w>
<w type="PPs" lemma="our">our</w>
<w type="NN" lemma="planet">planet</w>
<w type="IN" lemma="as">as</w>
<w type="DT" lemma="a">a</w>
<w type="NN" lemma="whole">whole</w>
<pc type="SENT">.</pc>
</s></p><p><s><w type="PP" lemma="you">You</w>
<w type="NNS" lemma="child">children</w>
<w type="VHP" lemma="have">have</w>
<w type="NN" lemma="something">something</w>
<w type="TO" lemma="to">to</w>
<w type="VV" lemma="give">give</w>
<w type="PP" lemma="us">us</w>
<w type="WDT" lemma="which">which</w>
<w type="VBZ" lemma="be">is</w>
<w type="JJ" lemma="priceless">priceless</w>
<pc type="SENT">.</pc>
</s>
<s><w type="PP" lemma="you">You</w>
<w type="MD" lemma="can">can</w>
<w type="RB" lemma="still">still</w>
<w type="VV" lemma="look">look</w>
<w type="IN" lemma="at">at</w>
<w type="DT" lemma="the">the</w>
<w type="NN" lemma="world">world</w>
<w type="IN" lemma="with">with</w>
<w type="DT" lemma="a">a</w>
<w type="NN" lemma="sense">sense</w>
<w type="IN" lemma="of">of</w>
<w type="NN" lemma="wonder">wonder</w>
<w type="CC" lemma="and">and</w>
<w type="VV" lemma="remind">remind</w>
<w type="PP" lemma="us">us</w>
<w type="NNS" lemma="grown-up">grown-ups</w>
<w type="IN" lemma="that">that</w>
<w type="NN" lemma="life">life</w>
<w type="VBZ" lemma="be">is</w>
<w type="JJ" lemma="wonderful">wonderful</w>
<w type="CC" lemma="and">and</w>
<w type="JJ" lemma="precious">precious</w>
<pc type="SENT">.</pc>
</s>
<s><w type="RB" lemma="often">Often</w>
<w type="DT" lemma="a">a</w>
<w type="NN" lemma="child">child</w>
<w type="POS" lemma="'s">'s</w>
<w type="NN" lemma="helplessness">helplessness</w>
<w type="CC" lemma="and">and</w>
<w type="NN" lemma="vulnerability">vulnerability</w>
<w type="VVP" lemma="bring">bring</w>
<w type="RP" lemma="out">out</w>
<w type="DT" lemma="the">the</w>
<w type="JJS" lemma="good">best</w>
<w type="IN" lemma="in">in</w>
<w type="PP" lemma="us">us</w>
<pc type="SENT">.</pc>
</s></p><p><s><w type="NN" lemma="part">Part</w>
<w type="IN" lemma="of">of</w>
<w type="DT" lemma="that">that</w>
<w type="JJS" lemma="XXXX">'best</w>
<w type="IN" lemma="in">in</w>
<w type="PP" lemma="us">us</w>
<pc type="cq">'</pc>
<w type="MD" lemma="could">could</w>
<w type="VB" lemma="be">be</w>
<w type="DT" lemma="a">a</w>
<w type="JJ" lemma="particular">particular</w>
<w type="NN" lemma="tenderness">tenderness</w>
<w type="IN" lemma="towards">towards</w>
<w type="DT" lemma="this">this</w>
<w type="NN" lemma="earth">earth</w>
<w type="WDT" lemma="which">which</w>
<w type="PP" lemma="we">we</w>
<w type="NN" lemma="share">share</w>
<w type="IN" lemma="as">as</w>
<w type="JJ" lemma="human">human</w>
<w type="NNS" lemma="being">beings</w>
<pc type="sub">,</pc>
<w type="RB" lemma="all">all</w>
<w type="IN" lemma="of">of</w>
<w type="PP" lemma="us">us</w>
<pc type="sub">,</pc>
<w type="CC" lemma="and">and</w>
<pc type="sub">,</pc>
<w type="RB" lemma="together">together</w>
<pc type="sub">,</pc>
<w type="IN" lemma="as">as</w>
<w type="DT" lemma="the">the</w>
<w type="NNS" lemma="nation">nations</w>
<w type="IN" lemma="of">of</w>
<w type="DT" lemma="the">the</w>
<w type="NN" lemma="world">world</w>
<pc type="sub">,</pc>
<w type="MD" lemma="will">will</w>
<w type="VV" lemma="leave">leave</w>
<w type="TO" lemma="to">to</w>
<w type="PPs" lemma="our">our</w>
<w type="NNS" lemma="child">children</w>
<w type="CC" lemma="and">and</w>
<w type="PPs" lemma="our">our</w>
<w type="NNS" lemma="child">children</w>
<w type="POS" lemma="'s">'s</w>
<w type="NNS" lemma="child">children</w>
<pc type="SENT">.</pc>
</s>
<s><w type="PP" lemma="we">We</w>
<w type="MD" lemma="must">must</w>
<w type="VB" lemma="be">be</w>
<w type="JJ" lemma="kind">kind</w>
<w type="TO" lemma="to">to</w>
<w type="PP" lemma="it">it</w>
<w type="IN" lemma="for">for</w>
<w type="PPs" lemma="their">their</w>
<w type="NN" lemma="sake">sake</w>
<pc type="SENT">.</pc>
</s></p><p><s><w type="IN" lemma="in">In</w>
<w type="DT" lemma="the">the</w>
<w type="NN" lemma="hope">hope</w>
<w type="IN" lemma="that">that</w>
<w type="PP" lemma="we">we</w>
<w type="MD" lemma="will">will</w>
<w type="VB" lemma="be">be</w>
<w type="JJ" lemma="kind">kind</w>
<w type="CC" lemma="and">and</w>
<w type="JJ" lemma="loving">loving</w>
<w type="TO" lemma="to">to</w>
<w type="CD" lemma="one">one</w>
<w type="DT" lemma="another">another</w>
<pc type="sub">,</pc>
<w type="RB" lemma="not">not</w>
<w type="RB" lemma="just">just</w>
<w type="IN" lemma="on">on</w>
<w type="NP" lemma="Christmas">Christmas</w>
<w type="NP" lemma="Day">Day</w>
<pc type="sub">,</pc>
<w type="CC" lemma="but">but</w>
<w type="IN" lemma="throughout">throughout</w>
<w type="DT" lemma="the">the</w>
<w type="NN" lemma="year">year</w>
<pc type="sub">,</pc>
<w type="PP" lemma="I">I</w>
<w type="VVP" lemma="wish">wish</w>
<w type="PP" lemma="you">you</w>
<w type="PDT" lemma="all">all</w>
<w type="DT" lemma="a">a</w>
<w type="RB" lemma="very">very</w>
<w type="JJ" lemma="happy">Happy</w>
<w type="NP" lemma="Christmas">Christmas</w>
<pc type="SENT">.</pc>
</s>
<s><w type="NP" lemma="God">God</w>
<w type="VV" lemma="bless">bless</w>
<w type="PP" lemma="you">you</w>
<pc type="SENT">.</pc>
</s></p></div>