<div n="1991"><head><s><w type="NP" lemma="Christmas">Christmas</w>
<w type="NP" lemma="Broadcast">Broadcast</w>
<w type="CD" lemma="@card@">1991</w>
</s></head><p><s><w type="IN" lemma="in">In</w>
<w type="CD" lemma="@card@">1952</w>
<pc type="sub">,</pc>
<w type="WRB" lemma="when">when</w>
<w type="PP" lemma="I">I</w>
<w type="RB" lemma="first">first</w>
<w type="VVD" lemma="broadcast">broadcast</w>
<w type="TO" lemma="to">to</w>
<w type="PP" lemma="you">you</w>
<w type="IN" lemma="at">at</w>
<w type="NP" lemma="Christmas">Christmas</w>
<pc type="sub">,</pc>
<w type="DT" lemma="the">the</w>
<w type="NN" lemma="world">world</w>
<w type="VBD" lemma="be">was</w>
<w type="DT" lemma="a">a</w>
<w type="RB" lemma="very">very</w>
<w type="JJ" lemma="different">different</w>
<w type="NN" lemma="place">place</w>
<w type="TO" lemma="to">to</w>
<w type="DT" lemma="the">the</w>
<w type="NN" lemma="one">one</w>
<w type="PP" lemma="we">we</w>
<w type="VVP" lemma="live">live</w>
<w type="IN" lemma="in">in</w>
<w type="NN" lemma="today">today</w>
<pc type="SENT">.</pc>
</s></p><p><s><w type="RB" lemma="only">Only</w>
<w type="CD" lemma="seven">seven</w>
<w type="NNS" lemma="year">years</w>
<w type="VHD" lemma="have">had</w>
<w type="VVN" lemma="pass">passed</w>
<w type="IN" lemma="since">since</w>
<w type="DT" lemma="the">the</w>
<w type="NN" lemma="end">end</w>
<w type="IN" lemma="of">of</w>
<w type="DT" lemma="the">the</w>
<w type="RBS" lemma="most">most</w>
<w type="JJ" lemma="destructive">destructive</w>
<w type="NNS" lemma="war">wars</w>
<w type="IN" lemma="in">in</w>
<w type="DT" lemma="the">the</w>
<w type="NN" lemma="history">history</w>
<w type="IN" lemma="of">of</w>
<w type="NN" lemma="mankind">mankind</w>
<pc type="SENT">.</pc>
</s>
<s><w type="RB" lemma="even">Even</w>
<w type="DT" lemma="the">the</w>
<w type="NN" lemma="end">end</w>
<w type="IN" lemma="of">of</w>
<w type="DT" lemma="the">the</w>
<w type="NNS" lemma="hostility">hostilities</w>
<w type="VVD" lemma="do">did</w>
<w type="RB" lemma="not">not</w>
<w type="VV" lemma="bring">bring</w>
<w type="DT" lemma="the">the</w>
<w type="JJ" lemma="true">true</w>
<w type="NN" lemma="peace">peace</w>
<w type="IN" lemma="for">for</w>
<w type="WDT" lemma="which">which</w>
<w type="RB" lemma="so">so</w>
<w type="RB" lemma="many">many</w>
<w type="VHD" lemma="have">had</w>
<w type="VVN" lemma="fight">fought</w>
<w type="CC" lemma="and">and</w>
<w type="VVN" lemma="die">died</w>
<pc type="SENT">.</pc>
</s>
<s><w type="WP" lemma="What">What</w>
<w type="VVD" lemma="become">became</w>
<w type="VVN" lemma="know">known</w>
<w type="IN" lemma="as">as</w>
<w type="DT" lemma="the">the</w>
<w type="JJ" lemma="XXXX">'Cold</w>
<w type="NP" lemma="War">War</w>
<w type="POS" lemma="'">'</w>
<w type="VVD" lemma="sustain">sustained</w>
<w type="DT" lemma="an">an</w>
<w type="NN" lemma="atmosphere">atmosphere</w>
<w type="IN" lemma="of">of</w>
<w type="NN" lemma="suspicion">suspicion</w>
<pc type="sub">,</pc>
<w type="NN" lemma="anxiety">anxiety</w>
<w type="CC" lemma="and">and</w>
<w type="NN" lemma="fear">fear</w>
<w type="IN" lemma="for">for</w>
<w type="JJ" lemma="many">many</w>
<w type="NNS" lemma="year">years</w>
<pc type="SENT">.</pc>
</s></p><p><s><w type="RB" lemma="then">Then</w>
<pc type="sub">,</pc>
<w type="RB" lemma="quite">quite</w>
<w type="RB" lemma="suddenly">suddenly</w>
<pc type="sub">,</pc>
<w type="NN" lemma="everything">everything</w>
<w type="VVD" lemma="begin">began</w>
<w type="TO" lemma="to">to</w>
<w type="VV" lemma="change">change</w>
<pc type="sub">,</pc>
<w type="CC" lemma="and">and</w>
<w type="DT" lemma="the">the</w>
<w type="NNS" lemma="change">changes</w>
<w type="VHP" lemma="have">have</w>
<w type="VVN" lemma="happen">happened</w>
<w type="IN" lemma="with">with</w>
<w type="VVG" lemma="bewilder">bewildering</w>
<w type="NN" lemma="speed">speed</w>
<pc type="SENT">.</pc>
</s>
<s><w type="IN" lemma="in">In</w>
<w type="CD" lemma="@card@">1989</w>
<w type="DT" lemma="the">the</w>
<w type="NP" lemma="Berlin">Berlin</w>
<w type="NP" lemma="Wall">Wall</w>
<w type="VVD" lemma="come">came</w>
<w type="RP" lemma="down">down</w>
<pc type="SENT">.</pc>
</s>
<s><w type="IN" lemma="since">Since</w>
<w type="RB" lemma="then">then</w>
<w type="DT" lemma="the">the</w>
<w type="NN" lemma="rest">rest</w>
<w type="IN" lemma="of">of</w>
<w type="DT" lemma="the">the</w>
<w type="NN" lemma="world">world</w>
<w type="VHZ" lemma="have">has</w>
<w type="VVN" lemma="watch">watched</w>
<pc type="sub">,</pc>
<w type="VVN" lemma="fascinate">fascinated</w>
<pc type="sub">,</pc>
<w type="IN" lemma="as">as</w>
<w type="JJ" lemma="oppressive">oppressive</w>
<w type="NNS" lemma="regime">regimes</w>
<w type="VHP" lemma="have">have</w>
<w type="VVN" lemma="crumble">crumbled</w>
<w type="IN" lemma="under">under</w>
<w type="JJ" lemma="popular">popular</w>
<w type="NN" lemma="pressure">pressure</w>
<pc type="SENT">.</pc>
</s></p><p><s><w type="CD" lemma="One">One</w>
<w type="IN" lemma="by">by</w>
<w type="CD" lemma="one">one</w>
<pc type="sub">,</pc>
<w type="DT" lemma="these">these</w>
<w type="JJ" lemma="liberated">liberated</w>
<w type="NNS" lemma="people">peoples</w>
<w type="VHP" lemma="have">have</w>
<w type="VVN" lemma="take">taken</w>
<w type="DT" lemma="the">the</w>
<w type="JJ" lemma="first">first</w>
<w type="JJ" lemma="hesitant">hesitant</w>
<pc type="sub">,</pc>
<w type="CC" lemma="and">and</w>
<w type="RB" lemma="sometimes">sometimes</w>
<w type="JJ" lemma="painful">painful</w>
<pc type="sub">,</pc>
<w type="NNS" lemma="step">steps</w>
<w type="IN" lemma="towards">towards</w>
<w type="JJ" lemma="open">open</w>
<w type="CC" lemma="and">and</w>
<w type="JJ" lemma="democratic">democratic</w>
<w type="NNS" lemma="society">societies</w>
<pc type="SENT">.</pc>
</s></p><p><s><w type="RB" lemma="naturally">Naturally</w>
<pc type="sub">,</pc>
<w type="PP" lemma="we">we</w>
<w type="VVP" lemma="welcome">welcome</w>
<w type="DT" lemma="this">this</w>
<pc type="sub">,</pc>
<w type="CC" lemma="and">and</w>
<w type="PP" lemma="it">it</w>
<w type="MD" lemma="may">may</w>
<w type="VB" lemma="be">be</w>
<w type="IN" lemma="that">that</w>
<w type="PP" lemma="we">we</w>
<w type="MD" lemma="can">can</w>
<w type="VV" lemma="help">help</w>
<w type="PP" lemma="them">them</w>
<w type="VV" lemma="achieve">achieve</w>
<w type="PPs" lemma="their">their</w>
<w type="NNS" lemma="aim">aims</w>
<pc type="SENT">.</pc>
</s>
<s><w type="CC" lemma="but">But</w>
<pc type="sub">,</pc>
<w type="IN" lemma="in">in</w>
<w type="VVG" lemma="do">doing</w>
<w type="IN" lemma="that">that</w>
<pc type="sub">,</pc>
<w type="PP" lemma="we">we</w>
<w type="VVP" lemma="need">need</w>
<w type="TO" lemma="to">to</w>
<w type="VV" lemma="remind">remind</w>
<w type="PP" lemma="ourselves">ourselves</w>
<w type="IN" lemma="of">of</w>
<w type="DT" lemma="the">the</w>
<w type="JJ" lemma="essential">essential</w>
<w type="NNS" lemma="element">elements</w>
<w type="WDT" lemma="which">which</w>
<w type="VVP" lemma="form">form</w>
<w type="DT" lemma="the">the</w>
<w type="NN" lemma="bedrock">bedrock</w>
<w type="IN" lemma="of">of</w>
<w type="PPs" lemma="our">our</w>
<w type="JJ" lemma="own">own</w>
<w type="JJ" lemma="free">free</w>
<w type="NN" lemma="way">way</w>
<w type="IN" lemma="of">of</w>
<w type="NN" lemma="life">life</w>
<pc type="sub">-</pc>
<w type="RB" lemma="so">so</w>
<w type="RB" lemma="highly">highly</w>
<w type="VVN" lemma="value">valued</w>
<w type="CC" lemma="and">and</w>
<w type="RB" lemma="so">so</w>
<w type="RB" lemma="easily">easily</w>
<w type="VVN" lemma="take">taken</w>
<w type="IN" lemma="for">for</w>
<w type="VVN" lemma="grant">granted</w>
<pc type="SENT">.</pc>
</s></p><p><s><w type="DT" lemma="this">This</w>
<w type="MD" lemma="can">can</w>
<w type="VB" lemma="be">be</w>
<w type="DT" lemma="an">an</w>
<w type="NN" lemma="opportunity">opportunity</w>
<w type="TO" lemma="to">to</w>
<w type="VV" lemma="reflect">reflect</w>
<w type="IN" lemma="on">on</w>
<w type="PPs" lemma="our">our</w>
<w type="JJ" lemma="good">good</w>
<w type="NN" lemma="fortune">fortune</w>
<pc type="sub">,</pc>
<w type="CC" lemma="and">and</w>
<w type="IN" lemma="on">on</w>
<w type="IN" lemma="whether">whether</w>
<w type="PP" lemma="we">we</w>
<w type="VHP" lemma="have">have</w>
<w type="NN" lemma="anything">anything</w>
<w type="TO" lemma="to">to</w>
<w type="VV" lemma="offer">offer</w>
<w type="IN" lemma="by">by</w>
<w type="NN" lemma="way">way</w>
<w type="IN" lemma="of">of</w>
<w type="NN" lemma="example">example</w>
<w type="TO" lemma="to">to</w>
<w type="DT" lemma="those">those</w>
<w type="WP" lemma="who">who</w>
<w type="VHP" lemma="have">have</w>
<w type="RB" lemma="recently">recently</w>
<w type="VVN" lemma="break">broken</w>
<w type="JJ" lemma="free">free</w>
<w type="IN" lemma="of">of</w>
<w type="NN" lemma="dictatorship">dictatorship</w>
<pc type="SENT">.</pc>
</s>
<s><w type="PP" lemma="we">We</w>
<pc type="sub">,</pc>
<w type="WP" lemma="who">who</w>
<w type="VVP" lemma="claim">claim</w>
<w type="TO" lemma="to">to</w>
<w type="VB" lemma="be">be</w>
<w type="IN" lemma="of">of</w>
<w type="DT" lemma="the">the</w>
<w type="JJ" lemma="free">free</w>
<w type="NN" lemma="world">world</w>
<pc type="sub">,</pc>
<w type="MD" lemma="should">should</w>
<w type="VV" lemma="examine">examine</w>
<w type="WP" lemma="what">what</w>
<w type="PP" lemma="we">we</w>
<w type="RB" lemma="really">really</w>
<w type="VVP" lemma="mean">mean</w>
<w type="IN" lemma="by">by</w>
<w type="NN" lemma="freedom">freedom</w>
<pc type="sub">,</pc>
<w type="CC" lemma="and">and</w>
<w type="WRB" lemma="how">how</w>
<w type="PP" lemma="we">we</w>
<w type="MD" lemma="can">can</w>
<w type="VV" lemma="help">help</w>
<w type="TO" lemma="to">to</w>
<w type="VV" lemma="ensure">ensure</w>
<w type="IN" lemma="that">that</w>
<pc type="sub">,</pc>
<w type="RB" lemma="once">once</w>
<w type="IN" lemma="in">in</w>
<w type="NN" lemma="place">place</w>
<pc type="sub">,</pc>
<w type="PP" lemma="it">it</w>
<w type="VBZ" lemma="be">is</w>
<w type="RB" lemma="there">there</w>
<w type="TO" lemma="to">to</w>
<w type="VV" lemma="stay">stay</w>
<pc type="SENT">.</pc>
</s></p><p><s><w type="EX" lemma="There">There</w>
<w type="VBP" lemma="are">are</w>
<w type="DT" lemma="all">all</w>
<w type="NNS" lemma="sort">sorts</w>
<w type="IN" lemma="of">of</w>
<w type="NNS" lemma="element">elements</w>
<w type="TO" lemma="to">to</w>
<w type="DT" lemma="a">a</w>
<w type="JJ" lemma="free">free</w>
<w type="NN" lemma="society">society</w>
<pc type="sub">,</pc>
<w type="CC" lemma="but">but</w>
<w type="PP" lemma="I">I</w>
<w type="VVP" lemma="believe">believe</w>
<w type="IN" lemma="that">that</w>
<w type="IN" lemma="among">among</w>
<w type="DT" lemma="the">the</w>
<w type="RBS" lemma="most">most</w>
<w type="JJ" lemma="important">important</w>
<w type="VBZ" lemma="be">is</w>
<w type="DT" lemma="the">the</w>
<w type="NN" lemma="willingness">willingness</w>
<w type="IN" lemma="of">of</w>
<w type="JJ" lemma="ordinary">ordinary</w>
<w type="NNS" lemma="man">men</w>
<w type="CC" lemma="and">and</w>
<w type="NNS" lemma="woman">women</w>
<w type="TO" lemma="to">to</w>
<w type="VV" lemma="play">play</w>
<w type="DT" lemma="a">a</w>
<w type="NN" lemma="part">part</w>
<w type="IN" lemma="in">in</w>
<w type="DT" lemma="the">the</w>
<w type="NN" lemma="life">life</w>
<w type="IN" lemma="of">of</w>
<w type="PPs" lemma="their">their</w>
<w type="NN" lemma="community">community</w>
<pc type="sub">,</pc>
<w type="RB" lemma="rather">rather</w>
<w type="IN" lemma="than">than</w>
<w type="VVG" lemma="confine">confining</w>
<w type="PP" lemma="themselves">themselves</w>
<w type="TO" lemma="to">to</w>
<w type="PPs" lemma="their">their</w>
<w type="JJ" lemma="own">own</w>
<w type="JJ" lemma="narrow">narrow</w>
<w type="NNS" lemma="interest">interests</w>
<pc type="SENT">.</pc>
</s></p><p><s><w type="DT" lemma="the">The</w>
<w type="NNS" lemma="part">parts</w>
<w type="PP" lemma="they">they</w>
<w type="VVP" lemma="play">play</w>
<w type="MD" lemma="may">may</w>
<w type="RB" lemma="not">not</w>
<w type="VB" lemma="be">be</w>
<w type="JJ" lemma="major">major</w>
<w type="NNS" lemma="one">ones</w>
<pc type="sub">-</pc>
<w type="RB" lemma="indeed">indeed</w>
<w type="PP" lemma="they">they</w>
<w type="MD" lemma="can">can</w>
<w type="RB" lemma="frequently">frequently</w>
<w type="VV" lemma="turn">turn</w>
<w type="RP" lemma="out">out</w>
<w type="TO" lemma="to">to</w>
<w type="VB" lemma="be">be</w>
<w type="JJ" lemma="thankless">thankless</w>
<w type="NNS" lemma="task">tasks</w>
<pc type="SENT">.</pc>
</s>
<s><w type="DT" lemma="the">The</w>
<w type="NN" lemma="wonder">wonder</w>
<w type="VBZ" lemma="be">is</w>
<pc type="sub">,</pc>
<w type="RB" lemma="though">though</w>
<pc type="sub">,</pc>
<w type="IN" lemma="that">that</w>
<w type="EX" lemma="there">there</w>
<w type="VBP" lemma="are">are</w>
<w type="RB" lemma="so">so</w>
<w type="JJ" lemma="many">many</w>
<w type="WP" lemma="who">who</w>
<w type="VBP" lemma="are">are</w>
<w type="VVN" lemma="prepare">prepared</w>
<w type="TO" lemma="to">to</w>
<w type="VV" lemma="devote">devote</w>
<w type="RB" lemma="much">much</w>
<w type="IN" lemma="of">of</w>
<w type="PPs" lemma="their">their</w>
<w type="NNS" lemma="life">lives</w>
<pc type="sub">,</pc>
<w type="IN" lemma="for">for</w>
<w type="DT" lemma="no">no</w>
<w type="NN" lemma="reward">reward</w>
<pc type="sub">,</pc>
<w type="TO" lemma="to">to</w>
<w type="DT" lemma="the">the</w>
<w type="NN" lemma="service">service</w>
<w type="IN" lemma="of">of</w>
<w type="PPs" lemma="their">their</w>
<w type="JJ" lemma="fellow">fellow</w>
<w type="NNS" lemma="man">men</w>
<w type="CC" lemma="and">and</w>
<w type="NNS" lemma="woman">women</w>
<pc type="SENT">.</pc>
</s></p><p><s><w type="IN" lemma="without">Without</w>
<w type="PPs" lemma="their">their</w>
<w type="NN" lemma="dedication">dedication</w>
<pc type="sub">,</pc>
<w type="WRB" lemma="where">where</w>
<w type="MD" lemma="would">would</w>
<w type="PPs" lemma="our">our</w>
<w type="NNS" lemma="church">churches</w>
<w type="CC" lemma="and">and</w>
<w type="NNS" lemma="charity">charities</w>
<w type="VB" lemma="be">be</w>
<pc type="sub">,</pc>
<w type="IN" lemma="for">for</w>
<w type="NN" lemma="instance">instance</w>
<pc type="SENT">?</pc>
</s>
<s><w type="IN" lemma="without">Without</w>
<w type="JJ" lemma="such">such</w>
<w type="NNS" lemma="people">people</w>
<pc type="sub">,</pc>
<w type="RB" lemma="many">many</w>
<w type="MD" lemma="would">would</w>
<w type="VB" lemma="be">be</w>
<w type="JJ" lemma="unable">unable</w>
<w type="TO" lemma="to">to</w>
<w type="VV" lemma="enjoy">enjoy</w>
<w type="DT" lemma="the">the</w>
<w type="NN" lemma="pleasure">pleasure</w>
<w type="WDT" lemma="which">which</w>
<w type="DT" lemma="the">the</w>
<w type="NNS" lemma="art">arts</w>
<w type="VVP" lemma="bring">bring</w>
<w type="TO" lemma="to">to</w>
<w type="PPs" lemma="our">our</w>
<w type="JJ" lemma="daily">daily</w>
<w type="NNS" lemma="life">lives</w>
<pc type="SENT">.</pc>
</s></p><p><s><w type="NNS" lemma="government">Governments</w>
<w type="MD" lemma="can">can</w>
<w type="VV" lemma="encourage">encourage</w>
<w type="CC" lemma="and">and</w>
<w type="VV" lemma="support">support</w>
<pc type="sub">,</pc>
<w type="CC" lemma="but">but</w>
<w type="PP" lemma="it">it</w>
<w type="VBZ" lemma="be">is</w>
<w type="DT" lemma="the">the</w>
<w type="NNS" lemma="volunteer">volunteers</w>
<w type="WP" lemma="who">who</w>
<w type="VVP" lemma="work">work</w>
<w type="RB" lemma="away">away</w>
<w type="IN" lemma="for">for</w>
<w type="NN" lemma="nothing">nothing</w>
<w type="IN" lemma="in">in</w>
<w type="NN" lemma="administration">administration</w>
<w type="CC" lemma="or">or</w>
<w type="VV" lemma="spend">spend</w>
<w type="PPs" lemma="their">their</w>
<w type="NNS" lemma="weekend">weekends</w>
<w type="VVG" lemma="see">seeing</w>
<w type="JJ" lemma="fair">fair</w>
<w type="NN" lemma="play">play</w>
<pc type="sub">,</pc>
<w type="WP" lemma="who">who</w>
<w type="VVP" lemma="make">make</w>
<w type="NN" lemma="sport">sport</w>
<w type="CC" lemma="and">and</w>
<w type="JJ" lemma="physical">physical</w>
<w type="NN" lemma="recreation">recreation</w>
<w type="RB" lemma="so">so</w>
<w type="JJ" lemma="worthwhile">worthwhile</w>
<pc type="SENT">.</pc>
</s></p><p><s><w type="PP" lemma="I">I</w>
<w type="VBP" lemma="am">am</w>
<w type="RB" lemma="constantly">constantly</w>
<w type="VVN" lemma="amaze">amazed</w>
<w type="IN" lemma="by">by</w>
<w type="DT" lemma="the">the</w>
<w type="NN" lemma="generosity">generosity</w>
<w type="IN" lemma="of">of</w>
<w type="NNS" lemma="donor">donors</w>
<w type="CC" lemma="and">and</w>
<w type="NNS" lemma="subscriber">subscribers</w>
<pc type="sub">,</pc>
<w type="JJ" lemma="great">great</w>
<w type="CC" lemma="and">and</w>
<w type="JJ" lemma="small">small</w>
<pc type="sub">,</pc>
<w type="WP" lemma="who">who</w>
<w type="VVP" lemma="give">give</w>
<w type="RB" lemma="so">so</w>
<w type="RB" lemma="willingly">willingly</w>
<w type="CC" lemma="and">and</w>
<w type="RB" lemma="often">often</w>
<w type="IN" lemma="towards">towards</w>
<w type="DT" lemma="the">the</w>
<w type="NN" lemma="enjoyment">enjoyment</w>
<w type="IN" lemma="of">of</w>
<w type="NNS" lemma="other">others</w>
<pc type="SENT">.</pc>
</s>
<s><w type="IN" lemma="without">Without</w>
<w type="PP" lemma="them">them</w>
<w type="DT" lemma="these">these</w>
<w type="JJ" lemma="voluntary">voluntary</w>
<w type="NNS" lemma="organisation">organisations</w>
<w type="RB" lemma="simply">simply</w>
<w type="MD" lemma="would">would</w>
<w type="RB" lemma="not">not</w>
<w type="VV" lemma="exist">exist</w>
<pc type="SENT">.</pc>
</s></p><p><s><w type="DT" lemma="the">The</w>
<w type="NNS" lemma="people">peoples</w>
<w type="IN" lemma="of">of</w>
<w type="DT" lemma="the">the</w>
<w type="JJ" lemma="former">former</w>
<w type="NP" lemma="Soviet">Soviet</w>
<w type="NP" lemma="Union">Union</w>
<w type="CC" lemma="and">and</w>
<w type="NP" lemma="Eastern">Eastern</w>
<w type="NP" lemma="Europe">Europe</w>
<w type="VHP" lemma="have">have</w>
<w type="VVN" lemma="break">broken</w>
<w type="DT" lemma="the">the</w>
<w type="NN" lemma="mould">mould</w>
<w type="IN" lemma="of">of</w>
<w type="NN" lemma="autocracy">autocracy</w>
<pc type="SENT">.</pc>
</s>
<s><w type="PP" lemma="I">I</w>
<w type="VVP" lemma="hope">hope</w>
<w type="IN" lemma="that">that</w>
<w type="PP" lemma="we">we</w>
<w type="MD" lemma="will">will</w>
<w type="VB" lemma="be">be</w>
<w type="JJ" lemma="able">able</w>
<w type="TO" lemma="to">to</w>
<w type="VV" lemma="help">help</w>
<w type="PP" lemma="them">them</w>
<w type="IN" lemma="as">as</w>
<w type="PP" lemma="they">they</w>
<w type="VVP" lemma="learn">learn</w>
<w type="IN" lemma="that">that</w>
<w type="DT" lemma="the">the</w>
<w type="NN" lemma="democracy">democracy</w>
<w type="WDT" lemma="which">which</w>
<w type="VHZ" lemma="have">has</w>
<w type="VVN" lemma="replace">replaced</w>
<w type="PP" lemma="it">it</w>
<w type="VVZ" lemma="depend">depends</w>
<pc type="sub">,</pc>
<w type="RB" lemma="not">not</w>
<w type="IN" lemma="on">on</w>
<w type="JJ" lemma="political">political</w>
<w type="NNS" lemma="structure">structures</w>
<pc type="sub">,</pc>
<w type="CC" lemma="but">but</w>
<w type="IN" lemma="on">on</w>
<w type="DT" lemma="the">the</w>
<w type="NN" lemma="goodwill">goodwill</w>
<w type="CC" lemma="and">and</w>
<w type="DT" lemma="the">the</w>
<w type="NN" lemma="sense">sense</w>
<w type="IN" lemma="of">of</w>
<w type="NN" lemma="responsibility">responsibility</w>
<w type="IN" lemma="of">of</w>
<w type="DT" lemma="each">each</w>
<w type="CC" lemma="and">and</w>
<w type="DT" lemma="every">every</w>
<w type="NN" lemma="citizen">citizen</w>
<pc type="SENT">.</pc>
</s></p><p><s><w type="PP" lemma="it">It</w>
<w type="VBZ" lemma="be">is</w>
<w type="RB" lemma="not">not</w>
<pc type="sub">,</pc>
<w type="IN" lemma="of">of</w>
<w type="NN" lemma="course">course</w>
<pc type="sub">,</pc>
<w type="RB" lemma="as">as</w>
<w type="JJ" lemma="simple">simple</w>
<w type="IN" lemma="as">as</w>
<w type="DT" lemma="that">that</w>
<pc type="SENT">.</pc>
</s>
<s><w type="PDT" lemma="All">All</w>
<w type="DT" lemma="the">the</w>
<w type="JJ" lemma="selfless">selfless</w>
<w type="JJ" lemma="voluntary">voluntary</w>
<w type="NN" lemma="work">work</w>
<w type="IN" lemma="in">in</w>
<w type="DT" lemma="the">the</w>
<w type="NN" lemma="world">world</w>
<w type="MD" lemma="can">can</w>
<w type="VB" lemma="be">be</w>
<w type="VVN" lemma="waste">wasted</w>
<w type="IN" lemma="if">if</w>
<w type="PP" lemma="it">it</w>
<w type="VVZ" lemma="disregard">disregards</w>
<w type="DT" lemma="the">the</w>
<w type="NNS" lemma="view">views</w>
<w type="CC" lemma="and">and</w>
<w type="NNS" lemma="aspiration">aspirations</w>
<w type="IN" lemma="of">of</w>
<w type="NNS" lemma="other">others</w>
<pc type="SENT">.</pc>
</s>
<s><w type="EX" lemma="There">There</w>
<w type="VBP" lemma="are">are</w>
<w type="DT" lemma="any">any</w>
<w type="NN" lemma="number">number</w>
<w type="IN" lemma="of">of</w>
<w type="NNS" lemma="reason">reasons</w>
<w type="TO" lemma="to">to</w>
<w type="VV" lemma="find">find</w>
<w type="NN" lemma="fault">fault</w>
<w type="IN" lemma="with">with</w>
<w type="DT" lemma="each">each</w>
<w type="JJ" lemma="other">other</w>
<pc type="sub">,</pc>
<w type="IN" lemma="with">with</w>
<w type="PPs" lemma="our">our</w>
<w type="NNS" lemma="government">Governments</w>
<pc type="sub">,</pc>
<w type="CC" lemma="and">and</w>
<w type="IN" lemma="with">with</w>
<w type="JJ" lemma="other">other</w>
<w type="NNS" lemma="country">countries</w>
<pc type="SENT">.</pc>
</s></p><p><s><w type="CC" lemma="but">But</w>
<w type="VV" lemma="let">let</w>
<w type="PP" lemma="us">us</w>
<w type="RB" lemma="not">not</w>
<w type="VV" lemma="take">take</w>
<w type="PP" lemma="ourselves">ourselves</w>
<w type="RB" lemma="too">too</w>
<w type="RB" lemma="seriously">seriously</w>
<pc type="SENT">.</pc>
</s>
<s><w type="NN" lemma="none">None</w>
<w type="IN" lemma="of">of</w>
<w type="PP" lemma="us">us</w>
<w type="VHZ" lemma="have">has</w>
<w type="DT" lemma="a">a</w>
<w type="NN" lemma="monopoly">monopoly</w>
<w type="IN" lemma="of">of</w>
<w type="NN" lemma="wisdom">wisdom</w>
<w type="CC" lemma="and">and</w>
<w type="PP" lemma="we">we</w>
<w type="MD" lemma="must">must</w>
<w type="RB" lemma="always">always</w>
<w type="VB" lemma="be">be</w>
<w type="JJ" lemma="ready">ready</w>
<w type="TO" lemma="to">to</w>
<w type="VV" lemma="listen">listen</w>
<w type="CC" lemma="and">and</w>
<w type="VV" lemma="respect">respect</w>
<w type="JJ" lemma="other">other</w>
<w type="NNS" lemma="point">points</w>
<w type="IN" lemma="of">of</w>
<w type="NN" lemma="view">view</w>
<pc type="SENT">.</pc>
</s></p><p><s><w type="IN" lemma="at">At</w>
<w type="DT" lemma="the">the</w>
<w type="NP" lemma="Commonwealth">Commonwealth</w>
<w type="NP" lemma="Heads">Heads</w>
<w type="IN" lemma="of">of</w>
<w type="NP" lemma="Government">Government</w>
<w type="VVG" lemma="meet">Meeting</w>
<w type="IN" lemma="in">in</w>
<w type="NP" lemma="Zimbabwe">Zimbabwe</w>
<w type="DT" lemma="this">this</w>
<w type="NN" lemma="autumn">autumn</w>
<pc type="sub">,</pc>
<w type="PP" lemma="we">we</w>
<w type="VVD" lemma="see">saw</w>
<w type="DT" lemma="an">an</w>
<w type="NN" lemma="example">example</w>
<w type="IN" lemma="of">of</w>
<w type="JJ" lemma="mutual">mutual</w>
<w type="NN" lemma="tolerance">tolerance</w>
<w type="CC" lemma="and">and</w>
<w type="NN" lemma="respect">respect</w>
<w type="IN" lemma="for">for</w>
<w type="DT" lemma="the">the</w>
<w type="NNS" lemma="view">views</w>
<w type="IN" lemma="of">of</w>
<w type="NNS" lemma="other">others</w>
<w type="IN" lemma="on">on</w>
<w type="DT" lemma="an">an</w>
<w type="JJ" lemma="international">international</w>
<w type="NN" lemma="scale">scale</w>
<pc type="SENT">.</pc>
</s>
<s><w type="NNS" lemma="leader">Leaders</w>
<w type="IN" lemma="of">of</w>
<w type="DT" lemma="the">the</w>
<w type="CD" lemma="fifty">fifty</w>
<w type="NNS" lemma="nation">nations</w>
<w type="VVD" lemma="come">came</w>
<w type="RB" lemma="together">together</w>
<w type="TO" lemma="to">to</w>
<w type="VV" lemma="discuss">discuss</w>
<w type="DT" lemma="the">the</w>
<w type="NN" lemma="future">future</w>
<pc type="SENT">.</pc>
</s></p><p><s><w type="PP" lemma="they">They</w>
<w type="VVD" lemma="meet">met</w>
<w type="IN" lemma="in">in</w>
<w type="NN" lemma="peace">peace</w>
<pc type="sub">,</pc>
<w type="PP" lemma="they">they</w>
<w type="VVD" lemma="talk">talked</w>
<w type="RB" lemma="freely">freely</w>
<pc type="sub">,</pc>
<w type="PP" lemma="they">they</w>
<w type="VVD" lemma="listen">listened</w>
<pc type="sub">,</pc>
<w type="PP" lemma="they">they</w>
<w type="VVD" lemma="find">found</w>
<w type="RB" lemma="much">much</w>
<w type="IN" lemma="on">on</w>
<w type="WDT" lemma="which">which</w>
<w type="TO" lemma="to">to</w>
<w type="VV" lemma="agree">agree</w>
<pc type="sub">,</pc>
<w type="CC" lemma="and">and</w>
<w type="PP" lemma="they">they</w>
<w type="VVD" lemma="set">set</w>
<w type="DT" lemma="a">a</w>
<w type="JJ" lemma="new">new</w>
<w type="NN" lemma="direction">direction</w>
<w type="IN" lemma="for">for</w>
<w type="DT" lemma="the">the</w>
<w type="NP" lemma="Commonwealth">Commonwealth</w>
<pc type="SENT">.</pc>
</s>
<s><w type="PP" lemma="I">I</w>
<w type="VBP" lemma="am">am</w>
<w type="JJ" lemma="sure">sure</w>
<w type="IN" lemma="that">that</w>
<w type="DT" lemma="each">each</w>
<w type="VVN" lemma="derive">derived</w>
<w type="NN" lemma="strength">strength</w>
<w type="CC" lemma="and">and</w>
<w type="NN" lemma="reassurance">reassurance</w>
<w type="IN" lemma="in">in</w>
<w type="DT" lemma="the">the</w>
<w type="NN" lemma="process">process</w>
<pc type="SENT">.</pc>
</s></p><p><s><w type="DT" lemma="that">That</w>
<w type="VBD" lemma="be">was</w>
<w type="RB" lemma="just">just</w>
<w type="CD" lemma="one">one</w>
<w type="NN" lemma="event">event</w>
<w type="IN" lemma="in">in</w>
<w type="DT" lemma="a">a</w>
<w type="NN" lemma="year">year</w>
<w type="IN" lemma="of">of</w>
<w type="JJ" lemma="massive">massive</w>
<w type="CC" lemma="and">and</w>
<w type="JJ" lemma="historic">historic</w>
<w type="NN" lemma="change">change</w>
<pc type="SENT">.</pc>
</s>
<s><w type="DT" lemma="this">This</w>
<w type="NN" lemma="time">time</w>
<w type="JJ" lemma="last">last</w>
<w type="NN" lemma="year">year</w>
<w type="PP" lemma="we">we</w>
<w type="VBD" lemma="be">were</w>
<w type="VVG" lemma="think">thinking</w>
<w type="IN" lemma="of">of</w>
<w type="DT" lemma="the">the</w>
<w type="NNS" lemma="serviceman">servicemen</w>
<w type="CC" lemma="and">and</w>
<w type="NNS" lemma="woman">women</w>
<w type="IN" lemma="in">in</w>
<w type="DT" lemma="the">the</w>
<w type="NP" lemma="Gulf">Gulf</w>
<pc type="sub">,</pc>
<w type="CC" lemma="and">and</w>
<w type="IN" lemma="of">of</w>
<w type="DT" lemma="the">the</w>
<w type="NNS" lemma="hostage">hostages</w>
<w type="IN" lemma="in">in</w>
<w type="NN" lemma="captivity">captivity</w>
<pc type="SENT">.</pc>
</s>
<s><w type="PPs" lemma="our">Our</w>
<w type="NNS" lemma="prayer">prayers</w>
<w type="IN" lemma="for">for</w>
<w type="PPs" lemma="their">their</w>
<w type="JJ" lemma="safe">safe</w>
<w type="NN" lemma="homecoming">homecoming</w>
<w type="VHP" lemma="have">have</w>
<w type="RB" lemma="largely">largely</w>
<w type="VBN" lemma="be">been</w>
<w type="VVN" lemma="answer">answered</w>
<pc type="SENT">.</pc>
</s></p><p><s><w type="DT" lemma="this">This</w>
<w type="NP" lemma="Christmas">Christmas</w>
<w type="PP" lemma="we">we</w>
<w type="MD" lemma="can">can</w>
<w type="VV" lemma="take">take</w>
<w type="NN" lemma="heart">heart</w>
<w type="IN" lemma="in">in</w>
<w type="VVG" lemma="see">seeing</w>
<w type="WRB" lemma="how">how</w>
<pc type="sub">,</pc>
<w type="IN" lemma="in">in</w>
<w type="DT" lemma="the">the</w>
<w type="JJ" lemma="former">former</w>
<w type="NP" lemma="Soviet">Soviet</w>
<w type="NP" lemma="Union">Union</w>
<w type="CC" lemma="and">and</w>
<w type="NP" lemma="Eastern">Eastern</w>
<w type="NP" lemma="Europe">Europe</w>
<pc type="sub">,</pc>
<w type="WRB" lemma="where">where</w>
<w type="PP" lemma="it">it</w>
<w type="VHZ" lemma="have">has</w>
<w type="VVN" lemma="endure">endured</w>
<w type="NNS" lemma="year">years</w>
<w type="IN" lemma="of">of</w>
<w type="NN" lemma="persecution">persecution</w>
<w type="CC" lemma="and">and</w>
<w type="NN" lemma="hardship">hardship</w>
<pc type="sub">,</pc>
<w type="DT" lemma="the">the</w>
<w type="JJ" lemma="Christian">Christian</w>
<w type="NN" lemma="faith">faith</w>
<w type="VBZ" lemma="be">is</w>
<w type="RB" lemma="once">once</w>
<w type="RB" lemma="again">again</w>
<w type="JJ" lemma="thriving">thriving</w>
<w type="CC" lemma="and">and</w>
<w type="JJ" lemma="able">able</w>
<w type="TO" lemma="to">to</w>
<w type="VV" lemma="spread">spread</w>
<w type="PPs" lemma="its">its</w>
<w type="NN" lemma="message">message</w>
<w type="IN" lemma="of">of</w>
<w type="NN" lemma="unselfishness">unselfishness</w>
<pc type="sub">,</pc>
<w type="NN" lemma="compassion">compassion</w>
<w type="CC" lemma="and">and</w>
<w type="NN" lemma="tolerance">tolerance</w>
<pc type="SENT">.</pc>
</s></p><p><s><w type="NP" lemma="Next">Next</w>
<w type="NP" lemma="February">February</w>
<w type="MD" lemma="will">will</w>
<w type="VV" lemma="see">see</w>
<w type="DT" lemma="the">the</w>
<w type="JJ" lemma="fortieth">fortieth</w>
<w type="NN" lemma="anniversary">anniversary</w>
<w type="IN" lemma="of">of</w>
<w type="PPs" lemma="my">my</w>
<w type="NN" lemma="father">father</w>
<w type="POS" lemma="'s">'s</w>
<w type="NN" lemma="death">death</w>
<w type="CC" lemma="and">and</w>
<w type="IN" lemma="of">of</w>
<w type="PPs" lemma="my">my</w>
<w type="NP" lemma="XXXX">Accession</w>
<pc type="SENT">.</pc>
</s>
<s><w type="IN" lemma="over">Over</w>
<w type="DT" lemma="the">the</w>
<w type="NNS" lemma="year">years</w>
<w type="PP" lemma="I">I</w>
<w type="VHP" lemma="have">have</w>
<w type="VVN" lemma="try">tried</w>
<w type="TO" lemma="to">to</w>
<w type="VV" lemma="follow">follow</w>
<w type="PPs" lemma="my">my</w>
<w type="NN" lemma="father">father</w>
<w type="POS" lemma="'s">'s</w>
<w type="NN" lemma="example">example</w>
<w type="CC" lemma="and">and</w>
<w type="TO" lemma="to">to</w>
<w type="VV" lemma="serve">serve</w>
<w type="PP" lemma="you">you</w>
<w type="IN" lemma="as">as</w>
<w type="JJS" lemma="good">best</w>
<w type="PP" lemma="I">I</w>
<w type="MD" lemma="can">can</w>
<pc type="SENT">.</pc>
</s></p><p><s><w type="PP" lemma="you">You</w>
<w type="VHP" lemma="have">have</w>
<w type="VVN" lemma="give">given</w>
<w type="PP" lemma="me">me</w>
<pc type="sub">,</pc>
<w type="IN" lemma="in">in</w>
<w type="NN" lemma="return">return</w>
<pc type="sub">,</pc>
<w type="PPs" lemma="your">your</w>
<w type="NN" lemma="loyalty">loyalty</w>
<w type="CC" lemma="and">and</w>
<w type="PPs" lemma="your">your</w>
<w type="NN" lemma="understanding">understanding</w>
<pc type="sub">,</pc>
<w type="CC" lemma="and">and</w>
<w type="IN" lemma="for">for</w>
<w type="IN" lemma="that">that</w>
<w type="PP" lemma="I">I</w>
<w type="VV" lemma="give">give</w>
<w type="PP" lemma="you">you</w>
<w type="PPs" lemma="my">my</w>
<w type="JJ" lemma="heartfelt">heartfelt</w>
<w type="NNS" lemma="thank">thanks</w>
<pc type="SENT">.</pc>
</s>
<s><w type="PP" lemma="I">I</w>
<w type="VVP" lemma="feel">feel</w>
<w type="DT" lemma="the">the</w>
<w type="JJ" lemma="same">same</w>
<w type="NN" lemma="obligation">obligation</w>
<w type="TO" lemma="to">to</w>
<w type="PP" lemma="you">you</w>
<w type="IN" lemma="that">that</w>
<w type="PP" lemma="I">I</w>
<w type="VVD" lemma="feel">felt</w>
<w type="IN" lemma="in">in</w>
<w type="CD" lemma="@ord@">1952.</w>
<w type="IN" lemma="with">With</w>
<w type="PPs" lemma="your">your</w>
<w type="NNS" lemma="prayer">prayers</w>
<pc type="sub">,</pc>
<w type="CC" lemma="and">and</w>
<w type="PPs" lemma="your">your</w>
<w type="NN" lemma="help">help</w>
<pc type="sub">,</pc>
<w type="CC" lemma="and">and</w>
<w type="IN" lemma="with">with</w>
<w type="DT" lemma="the">the</w>
<w type="NN" lemma="love">love</w>
<w type="CC" lemma="and">and</w>
<w type="NN" lemma="support">support</w>
<w type="IN" lemma="of">of</w>
<w type="PPs" lemma="my">my</w>
<w type="NN" lemma="family">family</w>
<pc type="sub">,</pc>
<w type="PP" lemma="I">I</w>
<w type="MD" lemma="shall">shall</w>
<w type="VV" lemma="try">try</w>
<w type="TO" lemma="to">to</w>
<w type="VV" lemma="serve">serve</w>
<w type="PP" lemma="you">you</w>
<w type="IN" lemma="in">in</w>
<w type="DT" lemma="the">the</w>
<w type="NNS" lemma="year">years</w>
<w type="TO" lemma="to">to</w>
<w type="VV" lemma="come">come</w>
<pc type="SENT">.</pc>
</s></p><p><s><w type="NP" lemma="May">May</w>
<w type="NP" lemma="God">God</w>
<w type="VV" lemma="bless">bless</w>
<w type="PP" lemma="you">you</w>
<w type="CC" lemma="and">and</w>
<w type="VV" lemma="bring">bring</w>
<w type="PP" lemma="you">you</w>
<w type="DT" lemma="a">a</w>
<w type="NP" lemma="Happy">Happy</w>
<w type="NP" lemma="Christmas">Christmas</w>
<pc type="SENT">.</pc>
</s></p></div>