<div n="1992"><head><s><w type="NP" lemma="Christmas">Christmas</w>
<w type="NP" lemma="Broadcast">Broadcast</w>
<w type="CD" lemma="@card@">1992</w>
</s></head><p><s><w type="DT" lemma="this">This</w>
<w type="NN" lemma="year">year</w>
<pc type="sub">,</pc>
<w type="PP" lemma="I">I</w>
<w type="VBP" lemma="am">am</w>
<w type="VVG" lemma="speak">speaking</w>
<w type="TO" lemma="to">to</w>
<w type="PP" lemma="you">you</w>
<w type="RB" lemma="not">not</w>
<w type="IN" lemma="from">from</w>
<w type="NP" lemma="Buckingham">Buckingham</w>
<w type="NP" lemma="Palace">Palace</w>
<pc type="sub">,</pc>
<w type="CC" lemma="but">but</w>
<w type="IN" lemma="from">from</w>
<w type="NP" lemma="Sandringham">Sandringham</w>
<pc type="sub">,</pc>
<w type="WRB" lemma="where">where</w>
<w type="PPs" lemma="my">my</w>
<w type="NN" lemma="family">family</w>
<w type="VVZ" lemma="gather">gathers</w>
<w type="DT" lemma="every">every</w>
<w type="NN" lemma="year">year</w>
<w type="IN" lemma="for">for</w>
<w type="NP" lemma="Christmas">Christmas</w>
<pc type="SENT">.</pc>
</s></p><p><s><w type="PPs" lemma="my">My</w>
<w type="NN" lemma="great-grandfather">great-grandfather</w>
<pc type="sub">,</pc>
<w type="NP" lemma="King">King</w>
<w type="NP" lemma="Edward">Edward</w>
<w type="NP" lemma="VII">VII</w>
<pc type="sub">,</pc>
<w type="VVD" lemma="make">made</w>
<w type="NP" lemma="Sandringham">Sandringham</w>
<w type="PPs" lemma="his">his</w>
<w type="NN" lemma="country">country</w>
<w type="NN" lemma="home">home</w>
<w type="IN" lemma="in">in</w>
<w type="CD" lemma="@card@">1862</w>
<pc type="sub">,</pc>
<w type="CC" lemma="and">and</w>
<w type="PP" lemma="it">it</w>
<w type="VBD" lemma="be">was</w>
<w type="IN" lemma="from">from</w>
<w type="DT" lemma="this">this</w>
<w type="NN" lemma="house">house</w>
<w type="IN" lemma="that">that</w>
<w type="PPs" lemma="my">my</w>
<w type="NN" lemma="grandfather">grandfather</w>
<pc type="sub">,</pc>
<w type="NP" lemma="King">King</w>
<w type="NP" lemma="George">George</w>
<w type="NN" lemma="V">V</w>
<pc type="sub">,</pc>
<w type="CC" lemma="and">and</w>
<w type="PPs" lemma="my">my</w>
<w type="NN" lemma="father">father</w>
<pc type="sub">,</pc>
<w type="VVN" lemma="use">used</w>
<w type="TO" lemma="to">to</w>
<w type="VV" lemma="speak">speak</w>
<w type="RP" lemma="over">over</w>
<w type="DT" lemma="the">the</w>
<w type="NN" lemma="radio">radio</w>
<pc type="sub">-</pc>
<w type="RB" lemma="originally">originally</w>
<w type="TO" lemma="to">to</w>
<w type="DT" lemma="the">the</w>
<w type="NN" lemma="empire">Empire</w>
<w type="CC" lemma="and">and</w>
<w type="RB" lemma="then">then</w>
<w type="TO" lemma="to">to</w>
<w type="DT" lemma="the">the</w>
<w type="NP" lemma="Commonwealth">Commonwealth</w>
<pc type="sub">-</pc>
<w type="IN" lemma="on">on</w>
<w type="NP" lemma="Christmas">Christmas</w>
<w type="NP" lemma="Day">Day</w>
<w type="RB" lemma="all">all</w>
<w type="DT" lemma="those">those</w>
<w type="NNS" lemma="year">years</w>
<w type="RB" lemma="ago">ago</w>
<pc type="SENT">.</pc>
</s></p><p><s><w type="PP" lemma="it">It</w>
<w type="VBD" lemma="be">was</w>
<w type="IN" lemma="from">from</w>
<w type="RB" lemma="here">here</w>
<w type="IN" lemma="that">that</w>
<w type="PP" lemma="I">I</w>
<w type="VVD" lemma="make">made</w>
<w type="PPs" lemma="my">my</w>
<w type="JJ" lemma="first">first</w>
<w type="NP" lemma="Christmas">Christmas</w>
<w type="NP" lemma="Broadcast">Broadcast</w>
<w type="NN" lemma="forty">forty</w>
<w type="NNS" lemma="year">years</w>
<w type="RB" lemma="ago">ago</w>
<pc type="sub">,</pc>
<w type="CC" lemma="and">and</w>
<w type="DT" lemma="this">this</w>
<w type="NN" lemma="year">year</w>
<w type="PP" lemma="I">I</w>
<w type="VBP" lemma="am">am</w>
<w type="RB" lemma="very">very</w>
<w type="JJ" lemma="glad">glad</w>
<w type="TO" lemma="to">to</w>
<w type="VB" lemma="be">be</w>
<w type="JJ" lemma="able">able</w>
<w type="TO" lemma="to">to</w>
<w type="VV" lemma="speak">speak</w>
<w type="TO" lemma="to">to</w>
<w type="PP" lemma="you">you</w>
<w type="RB" lemma="again">again</w>
<w type="IN" lemma="from">from</w>
<w type="DT" lemma="this">this</w>
<w type="NN" lemma="family">family</w>
<w type="NN" lemma="home">home</w>
<pc type="SENT">.</pc>
</s></p><p><s><w type="PP" lemma="I">I</w>
<w type="RB" lemma="first">first</w>
<w type="VVD" lemma="come">came</w>
<w type="RB" lemma="here">here</w>
<w type="IN" lemma="for">for</w>
<w type="NP" lemma="Christmas">Christmas</w>
<w type="IN" lemma="as">as</w>
<w type="DT" lemma="a">a</w>
<w type="NN" lemma="grandchild">grandchild</w>
<pc type="SENT">.</pc>
</s>
<s><w type="RB" lemma="nowadays">Nowadays</w>
<pc type="sub">,</pc>
<w type="PPs" lemma="my">my</w>
<w type="NNS" lemma="grandchild">grandchildren</w>
<w type="VVP" lemma="come">come</w>
<w type="RB" lemma="here">here</w>
<w type="IN" lemma="for">for</w>
<w type="DT" lemma="the">the</w>
<w type="JJ" lemma="same">same</w>
<w type="NN" lemma="family">family</w>
<w type="NN" lemma="festival">festival</w>
<pc type="SENT">.</pc>
</s>
<s><w type="TO" lemma="To">To</w>
<w type="PP" lemma="me">me</w>
<pc type="sub">,</pc>
<w type="DT" lemma="this">this</w>
<w type="NN" lemma="continuity">continuity</w>
<w type="VBZ" lemma="be">is</w>
<w type="DT" lemma="a">a</w>
<w type="JJ" lemma="great">great</w>
<w type="NN" lemma="source">source</w>
<w type="IN" lemma="of">of</w>
<w type="NN" lemma="comfort">comfort</w>
<w type="IN" lemma="in">in</w>
<w type="DT" lemma="a">a</w>
<w type="NN" lemma="world">world</w>
<w type="IN" lemma="of">of</w>
<w type="NN" lemma="change">change</w>
<pc type="sub">,</pc>
<w type="NN" lemma="tension">tension</w>
<w type="CC" lemma="and">and</w>
<w type="NN" lemma="violence">violence</w>
<pc type="SENT">.</pc>
</s></p><p><s><w type="DT" lemma="the">The</w>
<w type="NN" lemma="peace">peace</w>
<w type="CC" lemma="and">and</w>
<w type="NN" lemma="tranquillity">tranquillity</w>
<w type="IN" lemma="of">of</w>
<w type="DT" lemma="the">the</w>
<w type="NP" lemma="Norfolk">Norfolk</w>
<w type="NN" lemma="countryside">countryside</w>
<w type="VVP" lemma="make">make</w>
<w type="PP" lemma="me">me</w>
<w type="VV" lemma="realise">realise</w>
<w type="WRB" lemma="how">how</w>
<w type="JJ" lemma="fortunate">fortunate</w>
<w type="PP" lemma="we">we</w>
<w type="VBP" lemma="are">are</w>
<pc type="sub">,</pc>
<w type="CC" lemma="and">and</w>
<w type="PDT" lemma="all">all</w>
<w type="DT" lemma="the">the</w>
<w type="RBR" lemma="more">more</w>
<w type="JJ" lemma="conscious">conscious</w>
<w type="IN" lemma="of">of</w>
<w type="DT" lemma="the">the</w>
<w type="NNS" lemma="trial">trials</w>
<w type="CC" lemma="and">and</w>
<w type="NNS" lemma="sorrow">sorrows</w>
<w type="IN" lemma="that">that</w>
<w type="RB" lemma="so">so</w>
<w type="JJ" lemma="many">many</w>
<w type="NNS" lemma="people">people</w>
<w type="VBP" lemma="are">are</w>
<w type="VVG" lemma="suffer">suffering</w>
<w type="DT" lemma="both">both</w>
<w type="IN" lemma="in">in</w>
<w type="DT" lemma="this">this</w>
<w type="NN" lemma="country">country</w>
<w type="CC" lemma="and">and</w>
<w type="IN" lemma="around">around</w>
<w type="DT" lemma="the">the</w>
<w type="NN" lemma="world">world</w>
<pc type="SENT">.</pc>
</s>
<s><w type="PPs" lemma="my">My</w>
<w type="NN" lemma="heart">heart</w>
<w type="VVZ" lemma="go">goes</w>
<w type="RP" lemma="out">out</w>
<w type="TO" lemma="to">to</w>
<w type="DT" lemma="those">those</w>
<w type="WPs" lemma="whose">whose</w>
<w type="NNS" lemma="life">lives</w>
<w type="VHP" lemma="have">have</w>
<w type="VBN" lemma="be">been</w>
<w type="VVN" lemma="blight">blighted</w>
<w type="IN" lemma="by">by</w>
<w type="NN" lemma="war">war</w>
<pc type="sub">,</pc>
<w type="NN" lemma="terrorism">terrorism</w>
<pc type="sub">,</pc>
<w type="NN" lemma="famine">famine</w>
<pc type="sub">,</pc>
<w type="JJ" lemma="natural">natural</w>
<w type="NN" lemma="disaster">disaster</w>
<w type="CC" lemma="or">or</w>
<w type="JJ" lemma="economic">economic</w>
<w type="NN" lemma="hardship">hardship</w>
<pc type="SENT">.</pc>
</s></p><p><s><w type="IN" lemma="like">Like</w>
<w type="JJ" lemma="many">many</w>
<w type="JJ" lemma="other">other</w>
<w type="NNS" lemma="family">families</w>
<pc type="sub">,</pc>
<w type="PP" lemma="we">we</w>
<w type="VHP" lemma="have">have</w>
<w type="VVN" lemma="live">lived</w>
<w type="IN" lemma="through">through</w>
<w type="DT" lemma="some">some</w>
<w type="JJ" lemma="difficult">difficult</w>
<w type="NNS" lemma="day">days</w>
<w type="DT" lemma="this">this</w>
<w type="NN" lemma="year">year</w>
<pc type="SENT">.</pc>
</s>
<s><w type="DT" lemma="the">The</w>
<w type="NNS" lemma="prayer">prayers</w>
<pc type="sub">,</pc>
<w type="NN" lemma="understanding">understanding</w>
<w type="CC" lemma="and">and</w>
<w type="NN" lemma="sympathy">sympathy</w>
<w type="VVN" lemma="give">given</w>
<w type="TO" lemma="to">to</w>
<w type="PP" lemma="us">us</w>
<w type="IN" lemma="by">by</w>
<w type="RB" lemma="so">so</w>
<w type="JJ" lemma="many">many</w>
<w type="IN" lemma="of">of</w>
<w type="PP" lemma="you">you</w>
<pc type="sub">,</pc>
<w type="IN" lemma="in">in</w>
<w type="JJ" lemma="good">good</w>
<w type="NNS" lemma="time">times</w>
<w type="CC" lemma="and">and</w>
<w type="JJ" lemma="bad">bad</w>
<pc type="sub">,</pc>
<w type="VHP" lemma="have">have</w>
<w type="VVN" lemma="lend">lent</w>
<w type="PP" lemma="us">us</w>
<w type="JJ" lemma="great">great</w>
<w type="NN" lemma="support">support</w>
<w type="CC" lemma="and">and</w>
<w type="NN" lemma="encouragement">encouragement</w>
<pc type="SENT">.</pc>
</s>
<s><w type="PP" lemma="it">It</w>
<w type="VHZ" lemma="have">has</w>
<w type="VVN" lemma="touch">touched</w>
<w type="PP" lemma="me">me</w>
<w type="RB" lemma="deeply">deeply</w>
<w type="IN" lemma="that">that</w>
<w type="RB" lemma="much">much</w>
<w type="IN" lemma="of">of</w>
<w type="DT" lemma="this">this</w>
<w type="VHZ" lemma="have">has</w>
<w type="VVN" lemma="come">come</w>
<w type="IN" lemma="from">from</w>
<w type="DT" lemma="those">those</w>
<w type="IN" lemma="of">of</w>
<w type="PP" lemma="you">you</w>
<w type="WP" lemma="who">who</w>
<w type="VHP" lemma="have">have</w>
<w type="NNS" lemma="trouble">troubles</w>
<w type="IN" lemma="of">of</w>
<w type="PPs" lemma="your">your</w>
<w type="JJ" lemma="own">own</w>
<pc type="SENT">.</pc>
</s></p><p><s><w type="IN" lemma="as">As</w>
<w type="DT" lemma="some">some</w>
<w type="IN" lemma="of">of</w>
<w type="PP" lemma="you">you</w>
<w type="MD" lemma="may">may</w>
<w type="VH" lemma="have">have</w>
<w type="VVN" lemma="hear">heard</w>
<w type="PP" lemma="me">me</w>
<w type="VVP" lemma="observe">observe</w>
<pc type="sub">,</pc>
<w type="PP" lemma="it">it</w>
<w type="VHZ" lemma="have">has</w>
<pc type="sub">,</pc>
<w type="RB" lemma="indeed">indeed</w>
<pc type="sub">,</pc>
<w type="VBN" lemma="be">been</w>
<w type="DT" lemma="a">a</w>
<w type="JJ" lemma="sombre">sombre</w>
<w type="NN" lemma="year">year</w>
<pc type="SENT">.</pc>
</s>
<s><w type="CC" lemma="but">But</w>
<w type="NP" lemma="Christmas">Christmas</w>
<w type="VBZ" lemma="be">is</w>
<w type="RB" lemma="surely">surely</w>
<w type="DT" lemma="the">the</w>
<w type="JJ" lemma="right">right</w>
<w type="NN" lemma="moment">moment</w>
<w type="TO" lemma="to">to</w>
<w type="VV" lemma="try">try</w>
<w type="TO" lemma="to">to</w>
<w type="VV" lemma="put">put</w>
<w type="PP" lemma="it">it</w>
<w type="IN" lemma="behind">behind</w>
<w type="PP" lemma="us">us</w>
<w type="CC" lemma="and">and</w>
<w type="TO" lemma="to">to</w>
<w type="VV" lemma="find">find</w>
<w type="DT" lemma="a">a</w>
<w type="NN" lemma="moment">moment</w>
<w type="TO" lemma="to">to</w>
<w type="VV" lemma="pray">pray</w>
<w type="IN" lemma="for">for</w>
<w type="DT" lemma="those">those</w>
<pc type="sub">,</pc>
<w type="WRB" lemma="wherever">wherever</w>
<w type="PP" lemma="they">they</w>
<w type="VBP" lemma="are">are</w>
<pc type="sub">,</pc>
<w type="WP" lemma="who">who</w>
<w type="VBP" lemma="are">are</w>
<w type="VVG" lemma="do">doing</w>
<w type="PPs" lemma="their">their</w>
<w type="JJS" lemma="good">best</w>
<w type="IN" lemma="in">in</w>
<w type="DT" lemma="all">all</w>
<w type="NNS" lemma="sort">sorts</w>
<w type="IN" lemma="of">of</w>
<w type="NNS" lemma="way">ways</w>
<w type="TO" lemma="to">to</w>
<w type="VV" lemma="make">make</w>
<w type="NNS" lemma="thing">things</w>
<w type="JJR" lemma="good">better</w>
<w type="IN" lemma="in">in</w>
<w type="CD" lemma="@ord@">1993.</w>
</s></p><p><s><w type="PP" lemma="I">I</w>
<w type="VBP" lemma="am">am</w>
<w type="VVG" lemma="think">thinking</w>
<w type="RB" lemma="especially">especially</w>
<w type="IN" lemma="of">of</w>
<w type="DT" lemma="the">the</w>
<w type="NNS" lemma="serviceman">Servicemen</w>
<w type="CC" lemma="and">and</w>
<w type="NNS" lemma="woman">women</w>
<pc type="sub">,</pc>
<w type="CC" lemma="and">and</w>
<w type="DT" lemma="the">the</w>
<w type="NN" lemma="aid">aid</w>
<w type="NNS" lemma="worker">workers</w>
<w type="IN" lemma="with">with</w>
<w type="PP" lemma="them">them</w>
<pc type="sub">,</pc>
<w type="VVG" lemma="try">trying</w>
<w type="TO" lemma="to">to</w>
<w type="VV" lemma="keep">keep</w>
<w type="DT" lemma="the">the</w>
<w type="NN" lemma="peace">peace</w>
<w type="IN" lemma="in">in</w>
<w type="NNS" lemma="country">countries</w>
<w type="VVN" lemma="rive">riven</w>
<w type="IN" lemma="by">by</w>
<w type="NN" lemma="strife">strife</w>
<pc type="sub">,</pc>
<w type="CC" lemma="and">and</w>
<w type="TO" lemma="to">to</w>
<w type="VV" lemma="bring">bring</w>
<w type="NN" lemma="food">food</w>
<w type="TO" lemma="to">to</w>
<w type="DT" lemma="the">the</w>
<w type="JJ" lemma="weak">weak</w>
<w type="CC" lemma="and">and</w>
<w type="JJ" lemma="innocent">innocent</w>
<w type="NNS" lemma="victim">victims</w>
<pc type="SENT">.</pc>
</s>
<s><w type="PP" lemma="they">They</w>
<w type="VVP" lemma="do">do</w>
<w type="RB" lemma="not">not</w>
<w type="VH" lemma="have">have</w>
<w type="DT" lemma="an">an</w>
<w type="JJ" lemma="easy">easy</w>
<w type="NN" lemma="task">task</w>
<w type="CC" lemma="and">and</w>
<w type="PP" lemma="they">they</w>
<w type="VVP" lemma="need">need</w>
<w type="PDT" lemma="all">all</w>
<w type="DT" lemma="the">the</w>
<w type="JJ" lemma="moral">moral</w>
<w type="CC" lemma="and">and</w>
<w type="JJ" lemma="practical">practical</w>
<w type="NN" lemma="support">support</w>
<w type="IN" lemma="that">that</w>
<w type="PP" lemma="we">we</w>
<w type="MD" lemma="can">can</w>
<w type="VV" lemma="give">give</w>
<w type="PP" lemma="them">them</w>
<pc type="SENT">.</pc>
</s></p><p><s><w type="RB" lemma="curiously">Curiously</w>
<w type="RB" lemma="enough">enough</w>
<pc type="sub">,</pc>
<w type="PP" lemma="it">it</w>
<w type="VBD" lemma="be">was</w>
<w type="DT" lemma="a">a</w>
<w type="JJ" lemma="sad">sad</w>
<w type="NN" lemma="event">event</w>
<w type="WDT" lemma="which">which</w>
<w type="VVD" lemma="do">did</w>
<w type="RB" lemma="as">as</w>
<w type="RB" lemma="much">much</w>
<w type="IN" lemma="as">as</w>
<w type="NN" lemma="anything">anything</w>
<w type="IN" lemma="in">in</w>
<w type="CD" lemma="@card@">1992</w>
<w type="TO" lemma="to">to</w>
<w type="VV" lemma="help">help</w>
<w type="PP" lemma="me">me</w>
<w type="VV" lemma="put">put</w>
<w type="PPs" lemma="my">my</w>
<w type="JJ" lemma="own">own</w>
<w type="NNS" lemma="worry">worries</w>
<w type="IN" lemma="into">into</w>
<w type="NN" lemma="perspective">perspective</w>
<pc type="SENT">.</pc>
</s>
<s><w type="RB" lemma="just">Just</w>
<w type="IN" lemma="before">before</w>
<w type="PP" lemma="he">he</w>
<w type="VVD" lemma="die">died</w>
<pc type="sub">,</pc>
<w type="NP" lemma="Leonard">Leonard</w>
<w type="NP" lemma="Cheshire">Cheshire</w>
<w type="VVD" lemma="come">came</w>
<w type="TO" lemma="to">to</w>
<w type="VV" lemma="see">see</w>
<w type="PP" lemma="us">us</w>
<w type="IN" lemma="with">with</w>
<w type="PPs" lemma="his">his</w>
<w type="JJ" lemma="fellow">fellow</w>
<w type="NNS" lemma="member">members</w>
<w type="IN" lemma="of">of</w>
<w type="DT" lemma="the">the</w>
<w type="NN" lemma="order">Order</w>
<w type="IN" lemma="of">of</w>
<w type="NP" lemma="XXXX">Merit</w>
<pc type="SENT">.</pc>
</s></p><p><s><w type="IN" lemma="by">By</w>
<w type="RB" lemma="then">then</w>
<pc type="sub">,</pc>
<w type="PP" lemma="he">he</w>
<w type="VBD" lemma="be">was</w>
<w type="VVG" lemma="suffer">suffering</w>
<w type="IN" lemma="from">from</w>
<w type="DT" lemma="a">a</w>
<w type="JJ" lemma="long">long</w>
<w type="JJ" lemma="drawn-out">drawn-out</w>
<w type="CC" lemma="and">and</w>
<w type="JJ" lemma="terminal">terminal</w>
<w type="NN" lemma="illness">illness</w>
<pc type="SENT">.</pc>
</s>
<s><w type="PP" lemma="he">He</w>
<w type="VVD" lemma="bear">bore</w>
<w type="DT" lemma="this">this</w>
<w type="IN" lemma="with">with</w>
<w type="PDT" lemma="all">all</w>
<w type="DT" lemma="the">the</w>
<w type="NN" lemma="fortitude">fortitude</w>
<w type="CC" lemma="and">and</w>
<w type="NN" lemma="cheerfulness">cheerfulness</w>
<w type="TO" lemma="to">to</w>
<w type="VB" lemma="be">be</w>
<w type="VVN" lemma="expect">expected</w>
<w type="IN" lemma="of">of</w>
<w type="DT" lemma="a">a</w>
<w type="NN" lemma="holder">holder</w>
<w type="IN" lemma="of">of</w>
<w type="DT" lemma="the">the</w>
<w type="NP" lemma="Victoria">Victoria</w>
<w type="NP" lemma="Cross">Cross</w>
<pc type="SENT">.</pc>
</s>
<s><w type="RB" lemma="however">However</w>
<pc type="sub">,</pc>
<w type="WP" lemma="what">what</w>
<w type="VVD" lemma="strike">struck</w>
<w type="PP" lemma="me">me</w>
<w type="RBR" lemma="more">more</w>
<w type="RB" lemma="forcibly">forcibly</w>
<w type="IN" lemma="than">than</w>
<w type="PPs" lemma="his">his</w>
<w type="JJ" lemma="physical">physical</w>
<w type="NN" lemma="courage">courage</w>
<w type="VBD" lemma="be">was</w>
<w type="DT" lemma="the">the</w>
<w type="NN" lemma="fact">fact</w>
<w type="IN" lemma="that">that</w>
<w type="PP" lemma="he">he</w>
<w type="VVD" lemma="make">made</w>
<w type="DT" lemma="no">no</w>
<w type="NN" lemma="reference">reference</w>
<w type="TO" lemma="to">to</w>
<w type="PPs" lemma="his">his</w>
<w type="JJ" lemma="own">own</w>
<w type="NN" lemma="illness">illness</w>
<pc type="sub">,</pc>
<w type="CC" lemma="but">but</w>
<w type="RB" lemma="only">only</w>
<w type="TO" lemma="to">to</w>
<w type="PPs" lemma="his">his</w>
<w type="NNS" lemma="hope">hopes</w>
<w type="CC" lemma="and">and</w>
<w type="VVZ" lemma="plan">plans</w>
<w type="TO" lemma="to">to</w>
<w type="VV" lemma="make">make</w>
<w type="NN" lemma="life">life</w>
<w type="JJR" lemma="good">better</w>
<w type="IN" lemma="for">for</w>
<w type="NNS" lemma="other">others</w>
<pc type="SENT">.</pc>
</s></p><p><s><w type="PP" lemma="he">He</w>
<w type="VVD" lemma="embody">embodied</w>
<w type="DT" lemma="the">the</w>
<w type="NN" lemma="message">message</w>
<w type="IN" lemma="in">in</w>
<w type="DT" lemma="those">those</w>
<w type="JJ" lemma="well-known">well-known</w>
<w type="NNS" lemma="line">lines</w>
<pc type="sub">:</pc>
<pc type="oq">"</pc>
<w type="NN" lemma="kindness">Kindness</w>
<w type="IN" lemma="in">in</w>
<w type="DT" lemma="another">another</w>
<w type="VBZ" lemma="be">'s</w>
<w type="NN" lemma="trouble">trouble</w>
<pc type="sub">,</pc>
<w type="NN" lemma="courage">courage</w>
<w type="IN" lemma="in">in</w>
<w type="PP" lemma="one">one</w>
<w type="VBZ" lemma="be">'s</w>
<w type="JJ" lemma="own">own</w>
<pc type="cq">"</pc>
<pc type="SENT">.</pc>
</s></p><p><s><w type="CD" lemma="One">One</w>
<w type="IN" lemma="of">of</w>
<w type="PPs" lemma="his">his</w>
<w type="NP" lemma="Cheshire">Cheshire</w>
<w type="NPS" lemma="Homes">Homes</w>
<w type="IN" lemma="for">for</w>
<w type="NNS" lemma="people">people</w>
<w type="IN" lemma="with">with</w>
<w type="NNS" lemma="disability">disabilities</w>
<w type="VBZ" lemma="be">is</w>
<w type="RB" lemma="not">not</w>
<w type="RB" lemma="far">far</w>
<w type="IN" lemma="from">from</w>
<w type="DT" lemma="this">this</w>
<w type="NN" lemma="house">house</w>
<pc type="SENT">.</pc>
</s>
<s><w type="PP" lemma="I">I</w>
<w type="VHP" lemma="have">have</w>
<w type="VVN" lemma="visit">visited</w>
<w type="NNS" lemma="other">others</w>
<w type="RB" lemma="all">all</w>
<w type="IN" lemma="over">over</w>
<w type="DT" lemma="the">the</w>
<w type="NP" lemma="Commonwealth">Commonwealth</w>
<w type="CC" lemma="and">and</w>
<w type="PP" lemma="I">I</w>
<w type="VHP" lemma="have">have</w>
<w type="VVN" lemma="see">seen</w>
<w type="IN" lemma="at">at</w>
<w type="JJ" lemma="first">first</w>
<w type="NN" lemma="hand">hand</w>
<w type="DT" lemma="the">the</w>
<w type="JJ" lemma="remarkable">remarkable</w>
<w type="NNS" lemma="result">results</w>
<w type="IN" lemma="of">of</w>
<w type="PPs" lemma="his">his</w>
<pc type="sub">,</pc>
<w type="CC" lemma="and">and</w>
<w type="PPs" lemma="his">his</w>
<w type="NN" lemma="wife">wife</w>
<w type="VBZ" lemma="be">'s</w>
<pc type="sub">,</pc>
<w type="NN" lemma="determination">determination</w>
<w type="TO" lemma="to">to</w>
<w type="VV" lemma="put">put</w>
<w type="NP" lemma="Christ">Christ</w>
<w type="POS" lemma="'s">'s</w>
<w type="NN" lemma="teaching">teaching</w>
<w type="TO" lemma="to">to</w>
<w type="JJ" lemma="practical">practical</w>
<w type="NN" lemma="effect">effect</w>
<pc type="SENT">.</pc>
</s></p><p><s><w type="RB" lemma="perhaps">Perhaps</w>
<w type="DT" lemma="this">this</w>
<w type="VVG" lemma="shine">shining</w>
<w type="NN" lemma="example">example</w>
<w type="IN" lemma="of">of</w>
<w type="WP" lemma="what">what</w>
<w type="DT" lemma="a">a</w>
<w type="JJ" lemma="human">human</w>
<w type="NN" lemma="being">being</w>
<w type="MD" lemma="can">can</w>
<w type="VV" lemma="achieve">achieve</w>
<w type="IN" lemma="in">in</w>
<w type="DT" lemma="a">a</w>
<w type="NN" lemma="lifetime">lifetime</w>
<w type="IN" lemma="of">of</w>
<w type="NN" lemma="dedication">dedication</w>
<w type="MD" lemma="can">can</w>
<w type="VV" lemma="inspire">inspire</w>
<w type="IN" lemma="in">in</w>
<w type="DT" lemma="the">the</w>
<w type="NN" lemma="rest">rest</w>
<w type="IN" lemma="of">of</w>
<w type="PP" lemma="us">us</w>
<w type="DT" lemma="a">a</w>
<w type="NN" lemma="belief">belief</w>
<w type="IN" lemma="in">in</w>
<w type="PPs" lemma="our">our</w>
<w type="JJ" lemma="own">own</w>
<w type="NN" lemma="capacity">capacity</w>
<w type="TO" lemma="to">to</w>
<w type="VV" lemma="help">help</w>
<w type="NNS" lemma="other">others</w>
<pc type="SENT">.</pc>
</s></p><p><s><w type="JJ" lemma="such">Such</w>
<w type="NNS" lemma="talent">talents</w>
<w type="CC" lemma="and">and</w>
<w type="JJ" lemma="indomitable">indomitable</w>
<w type="NN" lemma="spirit">spirit</w>
<w type="VBP" lemma="are">are</w>
<w type="RB" lemma="not">not</w>
<w type="VVN" lemma="give">given</w>
<w type="TO" lemma="to">to</w>
<w type="DT" lemma="all">all</w>
<w type="IN" lemma="of">of</w>
<w type="PP" lemma="us">us</w>
<pc type="SENT">.</pc>
</s>
<s><w type="CC" lemma="but">But</w>
<w type="IN" lemma="if">if</w>
<w type="PP" lemma="we">we</w>
<w type="MD" lemma="can">can</w>
<w type="RB" lemma="sometimes">sometimes</w>
<w type="VV" lemma="lift">lift</w>
<w type="PPs" lemma="our">our</w>
<w type="NNS" lemma="eye">eyes</w>
<w type="IN" lemma="from">from</w>
<w type="PPs" lemma="our">our</w>
<w type="JJ" lemma="own">own</w>
<w type="NNS" lemma="problem">problems</w>
<pc type="sub">,</pc>
<w type="CC" lemma="and">and</w>
<w type="VV" lemma="focus">focus</w>
<w type="IN" lemma="on">on</w>
<w type="DT" lemma="those">those</w>
<w type="IN" lemma="of">of</w>
<w type="NNS" lemma="other">others</w>
<pc type="sub">,</pc>
<w type="PP" lemma="it">it</w>
<w type="MD" lemma="will">will</w>
<w type="VB" lemma="be">be</w>
<w type="IN" lemma="at">at</w>
<w type="JJS" lemma="least">least</w>
<w type="DT" lemma="a">a</w>
<w type="NN" lemma="step">step</w>
<w type="IN" lemma="in">in</w>
<w type="DT" lemma="the">the</w>
<w type="JJ" lemma="right">right</w>
<w type="NN" lemma="direction">direction</w>
<pc type="sub">,</pc>
<w type="CC" lemma="and">and</w>
<w type="NP" lemma="Christmas">Christmas</w>
<w type="VBZ" lemma="be">is</w>
<w type="DT" lemma="a">a</w>
<w type="JJ" lemma="good">good</w>
<w type="NN" lemma="time">time</w>
<w type="TO" lemma="to">to</w>
<w type="VV" lemma="take">take</w>
<w type="PP" lemma="it">it</w>
<pc type="SENT">.</pc>
</s>
<s><w type="PP" lemma="I">I</w>
<w type="VVP" lemma="hope">hope</w>
<w type="IN" lemma="that">that</w>
<w type="PPs" lemma="his">his</w>
<w type="NN" lemma="example">example</w>
<w type="MD" lemma="will">will</w>
<w type="VV" lemma="continue">continue</w>
<w type="TO" lemma="to">to</w>
<w type="VV" lemma="inspire">inspire</w>
<w type="PP" lemma="us">us</w>
<w type="RB" lemma="all">all</w>
<w type="IN" lemma="in">in</w>
<w type="DT" lemma="the">the</w>
<w type="NNS" lemma="year">years</w>
<w type="RB" lemma="ahead">ahead</w>
<pc type="SENT">.</pc>
</s></p><p><s><w type="CD" lemma="@card@">1993</w>
<w type="MD" lemma="will">will</w>
<w type="RB" lemma="certainly">certainly</w>
<w type="VV" lemma="bring">bring</w>
<w type="JJ" lemma="new">new</w>
<w type="NNS" lemma="challenge">challenges</w>
<pc type="sub">,</pc>
<w type="CC" lemma="but">but</w>
<w type="VV" lemma="let">let</w>
<w type="PP" lemma="us">us</w>
<w type="VV" lemma="resolve">resolve</w>
<w type="TO" lemma="to">to</w>
<w type="VV" lemma="meet">meet</w>
<w type="PP" lemma="it">it</w>
<w type="IN" lemma="with">with</w>
<w type="JJ" lemma="fresh">fresh</w>
<w type="NN" lemma="hope">hope</w>
<w type="IN" lemma="in">in</w>
<w type="PPs" lemma="our">our</w>
<w type="NNS" lemma="heart">hearts</w>
<pc type="SENT">.</pc>
</s>
<s><w type="EX" lemma="There">There</w>
<w type="VBZ" lemma="be">is</w>
<w type="DT" lemma="no">no</w>
<w type="JJ" lemma="magic">magic</w>
<w type="NN" lemma="formula">formula</w>
<w type="WDT" lemma="that">that</w>
<w type="MD" lemma="will">will</w>
<w type="VV" lemma="transform">transform</w>
<w type="NN" lemma="sorrow">sorrow</w>
<w type="IN" lemma="into">into</w>
<w type="NN" lemma="happiness">happiness</w>
<pc type="sub">,</pc>
<w type="NN" lemma="intolerance">intolerance</w>
<w type="IN" lemma="into">into</w>
<w type="NN" lemma="compassion">compassion</w>
<w type="CC" lemma="or">or</w>
<w type="NN" lemma="war">war</w>
<w type="IN" lemma="into">into</w>
<w type="NN" lemma="peace">peace</w>
<pc type="sub">,</pc>
<w type="CC" lemma="but">but</w>
<w type="NN" lemma="inspiration">inspiration</w>
<w type="MD" lemma="can">can</w>
<w type="VV" lemma="change">change</w>
<w type="JJ" lemma="human">human</w>
<w type="NN" lemma="behaviour">behaviour</w>
<pc type="SENT">.</pc>
</s></p><p><s><w type="DT" lemma="those">Those</w>
<pc type="sub">,</pc>
<w type="IN" lemma="like">like</w>
<w type="NP" lemma="Leonard">Leonard</w>
<w type="NP" lemma="Cheshire">Cheshire</w>
<pc type="sub">,</pc>
<w type="WP" lemma="who">who</w>
<w type="VVP" lemma="devote">devote</w>
<w type="PPs" lemma="their">their</w>
<w type="NNS" lemma="life">lives</w>
<w type="TO" lemma="to">to</w>
<w type="NNS" lemma="other">others</w>
<pc type="sub">,</pc>
<w type="VHP" lemma="have">have</w>
<w type="DT" lemma="that">that</w>
<w type="NN" lemma="inspiration">inspiration</w>
<w type="CC" lemma="and">and</w>
<w type="PP" lemma="they">they</w>
<w type="VVP" lemma="know">know</w>
<pc type="sub">,</pc>
<w type="CC" lemma="and">and</w>
<w type="PP" lemma="we">we</w>
<w type="VVP" lemma="know">know</w>
<pc type="sub">,</pc>
<w type="WRB" lemma="where">where</w>
<w type="TO" lemma="to">to</w>
<w type="VV" lemma="look">look</w>
<w type="IN" lemma="for">for</w>
<w type="NN" lemma="help">help</w>
<w type="IN" lemma="in">in</w>
<w type="VVG" lemma="find">finding</w>
<w type="PP" lemma="it">it</w>
<pc type="SENT">.</pc>
</s>
<s><w type="DT" lemma="that">That</w>
<w type="NN" lemma="help">help</w>
<w type="MD" lemma="can">can</w>
<w type="VB" lemma="be">be</w>
<w type="RB" lemma="readily">readily</w>
<w type="VVN" lemma="give">given</w>
<w type="IN" lemma="if">if</w>
<w type="PP" lemma="we">we</w>
<w type="RB" lemma="only">only</w>
<w type="VHP" lemma="have">have</w>
<w type="DT" lemma="the">the</w>
<w type="NN" lemma="faith">faith</w>
<w type="TO" lemma="to">to</w>
<w type="VV" lemma="ask">ask</w>
<pc type="SENT">.</pc>
</s></p><p><s><w type="PP" lemma="I">I</w>
<w type="CC" lemma="and">and</w>
<w type="PPs" lemma="my">my</w>
<w type="NN" lemma="family">family</w>
<pc type="sub">,</pc>
<w type="IN" lemma="as">as</w>
<w type="PP" lemma="we">we</w>
<w type="VVP" lemma="approach">approach</w>
<w type="DT" lemma="a">a</w>
<w type="JJ" lemma="new">new</w>
<w type="NN" lemma="year">year</w>
<pc type="sub">,</pc>
<w type="MD" lemma="will">will</w>
<w type="VV" lemma="draw">draw</w>
<w type="NN" lemma="strength">strength</w>
<w type="IN" lemma="from">from</w>
<w type="DT" lemma="this">this</w>
<w type="NN" lemma="faith">faith</w>
<w type="IN" lemma="in">in</w>
<w type="PPs" lemma="our">our</w>
<w type="NN" lemma="commitment">commitment</w>
<w type="TO" lemma="to">to</w>
<w type="PPs" lemma="your">your</w>
<w type="NN" lemma="service">service</w>
<w type="IN" lemma="in">in</w>
<w type="DT" lemma="the">the</w>
<w type="JJ" lemma="coming">coming</w>
<w type="NNS" lemma="year">years</w>
<pc type="SENT">.</pc>
</s></p><p><s><w type="PP" lemma="I">I</w>
<w type="VV" lemma="pray">pray</w>
<w type="IN" lemma="that">that</w>
<w type="DT" lemma="each">each</w>
<w type="CC" lemma="and">and</w>
<w type="DT" lemma="every">every</w>
<w type="NN" lemma="one">one</w>
<w type="IN" lemma="of">of</w>
<w type="PP" lemma="you">you</w>
<w type="VHZ" lemma="have">has</w>
<w type="DT" lemma="a">a</w>
<w type="JJ" lemma="happy">happy</w>
<w type="NP" lemma="Christmas">Christmas</w>
<w type="CC" lemma="and">and</w>
<w type="IN" lemma="that">that</w>
<w type="PP" lemma="we">we</w>
<w type="MD" lemma="can">can</w>
<w type="RB" lemma="all">all</w>
<w type="VV" lemma="try">try</w>
<w type="TO" lemma="to">to</w>
<w type="VV" lemma="bring">bring</w>
<w type="DT" lemma="that">that</w>
<w type="NN" lemma="happiness">happiness</w>
<w type="TO" lemma="to">to</w>
<w type="NNS" lemma="other">others</w>
<pc type="SENT">.</pc>
</s>
<s><w type="NP" lemma="God">God</w>
<w type="VV" lemma="bless">bless</w>
<w type="PP" lemma="you">you</w>
<w type="DT" lemma="all">all</w>
<pc type="SENT">.</pc>
</s></p></div>