<div n="1994"><head><s><w type="NP" lemma="Christmas">Christmas</w>
<w type="NP" lemma="Broadcast">Broadcast</w>
<w type="CD" lemma="@card@">1994</w>
</s></head><p><s><w type="PP" lemma="I">I</w>
<w type="MD" lemma="shall">shall</w>
<w type="RB" lemma="never">never</w>
<w type="VV" lemma="forget">forget</w>
<w type="DT" lemma="the">the</w>
<w type="NNS" lemma="event">events</w>
<w type="IN" lemma="in">in</w>
<w type="NP" lemma="Normandy">Normandy</w>
<w type="JJ" lemma="last">last</w>
<w type="NP" lemma="June">June</w>
<pc type="sub">,</pc>
<w type="WRB" lemma="when">when</w>
<w type="DT" lemma="the">the</w>
<w type="NNS" lemma="representative">representatives</w>
<w type="IN" lemma="of">of</w>
<w type="DT" lemma="the">the</w>
<w type="NN" lemma="wartime">wartime</w>
<w type="NNS" lemma="ally">allies</w>
<w type="VVD" lemma="commemorate">commemorated</w>
<w type="DT" lemma="the">the</w>
<w type="JJ" lemma="fiftieth">fiftieth</w>
<w type="NN" lemma="anniversary">anniversary</w>
<w type="IN" lemma="of">of</w>
<w type="DT" lemma="the">the</w>
<w type="JJ" lemma="XXXX">D-Day</w>
<w type="NNS" lemma="landing">landings</w>
<pc type="SENT">.</pc>
</s></p><p><s><w type="PP" lemma="we">We</w>
<w type="WP" lemma="who">who</w>
<w type="VBD" lemma="be">were</w>
<w type="RB" lemma="there">there</w>
<pc type="sub">,</pc>
<w type="CC" lemma="and">and</w>
<w type="NNS" lemma="million">millions</w>
<w type="IN" lemma="of">of</w>
<w type="NNS" lemma="other">others</w>
<w type="IN" lemma="through">through</w>
<w type="NN" lemma="television">television</w>
<w type="CC" lemma="and">and</w>
<w type="NN" lemma="radio">radio</w>
<pc type="sub">,</pc>
<w type="VVD" lemma="pay">paid</w>
<w type="JJ" lemma="fitting">fitting</w>
<w type="NN" lemma="tribute">tribute</w>
<w type="TO" lemma="to">to</w>
<w type="DT" lemma="the">the</w>
<w type="NN" lemma="courage">courage</w>
<w type="IN" lemma="of">of</w>
<w type="DT" lemma="those">those</w>
<w type="WP" lemma="who">who</w>
<w type="VVD" lemma="take">took</w>
<w type="NN" lemma="part">part</w>
<w type="IN" lemma="in">in</w>
<w type="DT" lemma="that">that</w>
<w type="NN" lemma="epic">epic</w>
<w type="NN" lemma="campaign">campaign</w>
<pc type="SENT">.</pc>
</s></p><p><s><w type="IN" lemma="as">As</w>
<w type="NP" lemma="Prince">Prince</w>
<w type="NP" lemma="Philip">Philip</w>
<w type="CC" lemma="and">and</w>
<w type="PP" lemma="I">I</w>
<w type="VVD" lemma="stand">stood</w>
<w type="VVG" lemma="watch">watching</w>
<w type="DT" lemma="the">the</w>
<w type="JJ" lemma="British">British</w>
<w type="NNS" lemma="veteran">veterans</w>
<w type="VVP" lemma="march">march</w>
<w type="JJ" lemma="past">past</w>
<w type="IN" lemma="on">on</w>
<w type="DT" lemma="the">the</w>
<w type="NN" lemma="beach">beach</w>
<w type="IN" lemma="at">at</w>
<w type="NP" lemma="XXXX">Arromanches</w>
<pc type="sub">,</pc>
<w type="PPs" lemma="my">my</w>
<w type="JJ" lemma="own">own</w>
<w type="NNS" lemma="memory">memories</w>
<w type="IN" lemma="of">of</w>
<w type="CD" lemma="@card@">1944</w>
<w type="VBD" lemma="be">were</w>
<w type="VVD" lemma="stir">stirred</w>
<pc type="sub">-</pc>
<w type="IN" lemma="of">of</w>
<w type="WRB" lemma="how">how</w>
<w type="PP" lemma="it">it</w>
<w type="VBD" lemma="be">was</w>
<w type="TO" lemma="to">to</w>
<w type="VV" lemma="wait">wait</w>
<w type="RB" lemma="anxiously">anxiously</w>
<w type="IN" lemma="for">for</w>
<w type="NN" lemma="news">news</w>
<w type="IN" lemma="of">of</w>
<w type="NNS" lemma="friend">friends</w>
<w type="CC" lemma="and">and</w>
<w type="NNS" lemma="relation">relations</w>
<w type="VVN" lemma="engage">engaged</w>
<w type="IN" lemma="in">in</w>
<w type="DT" lemma="that">that</w>
<w type="JJ" lemma="massive">massive</w>
<w type="CC" lemma="and">and</w>
<w type="JJ" lemma="hazardous">hazardous</w>
<w type="NN" lemma="operation">operation</w>
<pc type="sub">;</pc>
<w type="IN" lemma="of">of</w>
<w type="DT" lemma="the">the</w>
<w type="JJ" lemma="subsequent">subsequent</w>
<w type="NN" lemma="ebb">ebb</w>
<w type="CC" lemma="and">and</w>
<w type="NN" lemma="flow">flow</w>
<w type="IN" lemma="of">of</w>
<w type="DT" lemma="the">the</w>
<w type="NNS" lemma="battle">battles</w>
<w type="IN" lemma="in">in</w>
<w type="NP" lemma="France">France</w>
<w type="CC" lemma="and">and</w>
<w type="RB" lemma="then">then</w>
<w type="IN" lemma="in">in</w>
<w type="NP" lemma="Germany">Germany</w>
<w type="PP" lemma="itself">itself</w>
<pc type="sub">;</pc>
<w type="CC" lemma="and">and</w>
<w type="IN" lemma="of">of</w>
<w type="DT" lemma="the">the</w>
<w type="JJ" lemma="gradual">gradual</w>
<w type="NN" lemma="realisation">realisation</w>
<w type="IN" lemma="that">that</w>
<w type="DT" lemma="the">the</w>
<w type="NN" lemma="war">war</w>
<w type="RB" lemma="really">really</w>
<w type="VBD" lemma="be">was</w>
<w type="IN" lemma="at">at</w>
<w type="JJS" lemma="least">least</w>
<w type="VVG" lemma="come">coming</w>
<w type="TO" lemma="to">to</w>
<w type="DT" lemma="an">an</w>
<w type="NN" lemma="end">end</w>
<pc type="SENT">.</pc>
</s></p><p><s><w type="IN" lemma="since">Since</w>
<w type="DT" lemma="those">those</w>
<w type="JJ" lemma="XXXX">D-Day</w>
<w type="NNS" lemma="commemoration">commemorations</w>
<pc type="sub">,</pc>
<w type="NP" lemma="Prince">Prince</w>
<w type="NP" lemma="Philip">Philip</w>
<w type="CC" lemma="and">and</w>
<w type="PP" lemma="I">I</w>
<w type="VHP" lemma="have">have</w>
<w type="VBN" lemma="be">been</w>
<w type="TO" lemma="to">to</w>
<w type="NP" lemma="Russia">Russia</w>
<pc type="SENT">.</pc>
</s>
<s><w type="IN" lemma="while">While</w>
<w type="PP" lemma="we">we</w>
<w type="VBD" lemma="be">were</w>
<w type="IN" lemma="in">in</w>
<w type="NP" lemma="St.">St.</w>
<w type="NP" lemma="Petersburg">Petersburg</w>
<pc type="sub">,</pc>
<w type="PP" lemma="we">we</w>
<w type="VHD" lemma="have">had</w>
<w type="DT" lemma="the">the</w>
<w type="NN" lemma="opportunity">opportunity</w>
<w type="TO" lemma="to">to</w>
<w type="VV" lemma="honour">honour</w>
<w type="DT" lemma="the">the</w>
<w type="NNS" lemma="million">millions</w>
<w type="IN" lemma="of">of</w>
<w type="JJ" lemma="patriotic">patriotic</w>
<w type="NPS" lemma="Russians">Russians</w>
<w type="WP" lemma="who">who</w>
<w type="VVD" lemma="die">died</w>
<w type="VVG" lemma="fight">fighting</w>
<w type="DT" lemma="the">the</w>
<w type="JJ" lemma="common">common</w>
<w type="NN" lemma="enemy">enemy</w>
<pc type="SENT">.</pc>
</s></p><p><s><w type="TO" lemma="To">To</w>
<w type="VV" lemma="see">see</w>
<w type="JJ" lemma="British">British</w>
<w type="CC" lemma="and">and</w>
<w type="JJ" lemma="Russian">Russian</w>
<w type="NNS" lemma="veteran">veterans</w>
<w type="VVG" lemma="stand">standing</w>
<w type="RB" lemma="together">together</w>
<pc type="sub">,</pc>
<w type="IN" lemma="in">in</w>
<w type="NN" lemma="memory">memory</w>
<w type="IN" lemma="of">of</w>
<w type="DT" lemma="the">the</w>
<w type="NNS" lemma="sacrifice">sacrifices</w>
<w type="IN" lemma="of">of</w>
<w type="PPs" lemma="their">their</w>
<w type="NNS" lemma="XXXX">comrades-in-arms</w>
<pc type="sub">,</pc>
<w type="VBD" lemma="be">was</w>
<w type="DT" lemma="a">a</w>
<w type="VVG" lemma="move">moving</w>
<w type="NN" lemma="experience">experience</w>
<pc type="SENT">.</pc>
</s></p><p><s><w type="PP" lemma="I">I</w>
<w type="RB" lemma="never">never</w>
<w type="VVD" lemma="think">thought</w>
<w type="PP" lemma="it">it</w>
<w type="MD" lemma="would">would</w>
<w type="VB" lemma="be">be</w>
<w type="JJ" lemma="possible">possible</w>
<w type="IN" lemma="in">in</w>
<w type="PPs" lemma="my">my</w>
<w type="NN" lemma="lifetime">lifetime</w>
<w type="TO" lemma="to">to</w>
<w type="VV" lemma="join">join</w>
<w type="IN" lemma="with">with</w>
<w type="DT" lemma="the">the</w>
<w type="NP" lemma="XXXX">Patriarch</w>
<w type="IN" lemma="of">of</w>
<w type="NP" lemma="Moscow">Moscow</w>
<w type="CC" lemma="and">and</w>
<w type="PPs" lemma="his">his</w>
<w type="NN" lemma="congregation">congregation</w>
<w type="IN" lemma="in">in</w>
<w type="DT" lemma="a">a</w>
<w type="NN" lemma="service">service</w>
<w type="IN" lemma="in">in</w>
<w type="DT" lemma="that">that</w>
<w type="JJ" lemma="wonderful">wonderful</w>
<w type="NN" lemma="cathedral">cathedral</w>
<w type="IN" lemma="in">in</w>
<w type="DT" lemma="the">the</w>
<w type="NN" lemma="heart">heart</w>
<w type="IN" lemma="of">of</w>
<w type="DT" lemma="the">the</w>
<w type="NP" lemma="Moscow">Moscow</w>
<w type="NP" lemma="Kremlin">Kremlin</w>
<pc type="SENT">.</pc>
</s></p><p><s><w type="DT" lemma="this">This</w>
<w type="NP" lemma="Christmas">Christmas</w>
<pc type="sub">,</pc>
<w type="IN" lemma="as">as</w>
<w type="PP" lemma="we">we</w>
<w type="VV" lemma="pray">pray</w>
<w type="IN" lemma="for">for</w>
<w type="NN" lemma="peace">peace</w>
<w type="IN" lemma="at">at</w>
<w type="NN" lemma="home">home</w>
<w type="CC" lemma="and">and</w>
<w type="RB" lemma="abroad">abroad</w>
<pc type="sub">-</pc>
<w type="RB" lemma="not">not</w>
<w type="JJS" lemma="least">least</w>
<w type="IN" lemma="in">in</w>
<w type="NP" lemma="Russia">Russia</w>
<w type="PP" lemma="itself">itself</w>
<pc type="sub">-</pc>
<w type="PP" lemma="we">we</w>
<w type="MD" lemma="can">can</w>
<w type="RB" lemma="also">also</w>
<w type="VV" lemma="give">give</w>
<w type="NNS" lemma="thank">thanks</w>
<w type="IN" lemma="that">that</w>
<w type="JJ" lemma="such">such</w>
<w type="NNS" lemma="cathedral">cathedrals</w>
<w type="CC" lemma="and">and</w>
<w type="NNS" lemma="church">churches</w>
<w type="MD" lemma="will">will</w>
<w type="VB" lemma="be">be</w>
<w type="JJ" lemma="full">full</w>
<w type="CC" lemma="and">and</w>
<w type="IN" lemma="that">that</w>
<w type="DT" lemma="the">the</w>
<w type="JJ" lemma="great">great</w>
<w type="NNS" lemma="bell">bells</w>
<pc type="sub">,</pc>
<w type="WDT" lemma="which">which</w>
<w type="VVD" lemma="greet">greeted</w>
<w type="PP" lemma="us">us</w>
<pc type="sub">,</pc>
<w type="MD" lemma="will">will</w>
<w type="VB" lemma="be">be</w>
<w type="VVG" lemma="ring">ringing</w>
<w type="RP" lemma="out">out</w>
<w type="TO" lemma="to">to</w>
<w type="VV" lemma="celebrate">celebrate</w>
<w type="PPs" lemma="our">our</w>
<w type="NP" lemma="XXXX">Saviour</w>
<w type="POS" lemma="'s">'s</w>
<w type="NN" lemma="birth">birth</w>
<pc type="SENT">.</pc>
</s></p><p><s><w type="PP" lemma="we">We</w>
<w type="VBP" lemma="are">are</w>
<w type="RB" lemma="frequently">frequently</w>
<w type="VVN" lemma="remind">reminded</w>
<pc type="sub">,</pc>
<w type="IN" lemma="of">of</w>
<w type="NN" lemma="course">course</w>
<pc type="sub">,</pc>
<w type="IN" lemma="that">that</w>
<w type="NN" lemma="violence">violence</w>
<w type="CC" lemma="and">and</w>
<w type="NN" lemma="hatred">hatred</w>
<w type="VBP" lemma="are">are</w>
<w type="RB" lemma="still">still</w>
<w type="DT" lemma="all">all</w>
<w type="RB" lemma="too">too</w>
<w type="JJ" lemma="much">much</w>
<w type="IN" lemma="in">in</w>
<w type="NN" lemma="evidence">evidence</w>
<pc type="SENT">.</pc>
</s>
<s><w type="PP" lemma="we">We</w>
<w type="MD" lemma="can">can</w>
<w type="VV" lemma="take">take</w>
<w type="DT" lemma="some">some</w>
<w type="NN" lemma="comfort">comfort</w>
<pc type="sub">,</pc>
<w type="RB" lemma="however">however</w>
<pc type="sub">,</pc>
<w type="IN" lemma="from">from</w>
<w type="DT" lemma="the">the</w>
<w type="NN" lemma="fact">fact</w>
<w type="IN" lemma="that">that</w>
<w type="JJR" lemma="more">more</w>
<w type="NNS" lemma="people">people</w>
<w type="IN" lemma="throughout">throughout</w>
<w type="DT" lemma="the">the</w>
<w type="NN" lemma="world">world</w>
<pc type="sub">,</pc>
<w type="NN" lemma="year">year</w>
<w type="IN" lemma="by">by</w>
<w type="NN" lemma="year">year</w>
<pc type="sub">,</pc>
<w type="VHP" lemma="have">have</w>
<w type="JJ" lemma="real">real</w>
<w type="NN" lemma="hope">hope</w>
<w type="IN" lemma="of">of</w>
<w type="PPs" lemma="their">their</w>
<w type="NNS" lemma="child">children</w>
<w type="VVG" lemma="grow">growing</w>
<w type="RP" lemma="up">up</w>
<w type="IN" lemma="in">in</w>
<w type="NN" lemma="peace">peace</w>
<w type="CC" lemma="and">and</w>
<w type="JJ" lemma="free">free</w>
<w type="IN" lemma="from">from</w>
<w type="NN" lemma="fear">fear</w>
<pc type="SENT">.</pc>
</s></p><p><s><w type="JJ" lemma="last">Last</w>
<w type="NP" lemma="Christmas">Christmas</w>
<w type="PP" lemma="we">we</w>
<w type="VBD" lemma="be">were</w>
<w type="VVG" lemma="witness">witnessing</w>
<w type="DT" lemma="the">the</w>
<w type="NNS" lemma="sign">signs</w>
<w type="IN" lemma="of">of</w>
<w type="DT" lemma="a">a</w>
<w type="JJ" lemma="new">new</w>
<w type="NN" lemma="dawn">dawn</w>
<w type="IN" lemma="after">after</w>
<w type="DT" lemma="the">the</w>
<w type="JJ" lemma="long">long</w>
<w type="NN" lemma="bitterness">bitterness</w>
<pc type="sub">,</pc>
<w type="CC" lemma="and">and</w>
<w type="DT" lemma="this">this</w>
<w type="NN" lemma="year">year</w>
<w type="DT" lemma="these">these</w>
<w type="NNS" lemma="sign">signs</w>
<w type="VHP" lemma="have">have</w>
<w type="VVN" lemma="become">become</w>
<w type="RB" lemma="steadily">steadily</w>
<w type="JJR" lemma="strong">stronger</w>
<pc type="SENT">.</pc>
</s>
<s><w type="IN" lemma="if">If</w>
<w type="DT" lemma="that">that</w>
<w type="JJ" lemma="new">new</w>
<w type="NN" lemma="dawn">dawn</w>
<w type="VBZ" lemma="be">is</w>
<w type="TO" lemma="to">to</w>
<w type="VB" lemma="be">be</w>
<w type="DT" lemma="a">a</w>
<w type="JJ" lemma="real">real</w>
<w type="CC" lemma="and">and</w>
<w type="RB" lemma="not">not</w>
<w type="DT" lemma="a">a</w>
<w type="JJ" lemma="false">false</w>
<w type="NN" lemma="one">one</w>
<pc type="sub">,</pc>
<w type="NN" lemma="courage">courage</w>
<pc type="sub">,</pc>
<w type="NN" lemma="patience">patience</w>
<w type="CC" lemma="and">and</w>
<w type="NN" lemma="faith">faith</w>
<w type="MD" lemma="will">will</w>
<w type="VB" lemma="be">be</w>
<w type="RB" lemma="sorely">sorely</w>
<w type="VVN" lemma="need">needed</w>
<pc type="sub">-</pc>
<w type="DT" lemma="those">those</w>
<w type="JJ" lemma="same">same</w>
<w type="NNS" lemma="quality">qualities</w>
<w type="WDT" lemma="which">which</w>
<w type="VVD" lemma="keep">kept</w>
<w type="DT" lemma="the">the</w>
<w type="NN" lemma="flame">flame</w>
<w type="IN" lemma="of">of</w>
<w type="NN" lemma="hope">hope</w>
<w type="JJ" lemma="alive">alive</w>
<w type="IN" lemma="in">in</w>
<w type="DT" lemma="the">the</w>
<w type="JJ" lemma="war-torn">war-torn</w>
<w type="NNS" lemma="country">countries</w>
<w type="IN" lemma="of">of</w>
<w type="NP" lemma="Europe">Europe</w>
<w type="CC" lemma="and">and</w>
<w type="DT" lemma="the">the</w>
<w type="NP" lemma="Far">Far</w>
<w type="NP" lemma="East">East</w>
<w type="IN" lemma="in">in</w>
<w type="DT" lemma="the">the</w>
<w type="JJ" lemma="dark">dark</w>
<w type="NNS" lemma="day">days</w>
<w type="IN" lemma="of">of</w>
<w type="DT" lemma="the">the</w>
<w type="JJ" lemma="last">last</w>
<w type="NN" lemma="war">war</w>
<pc type="SENT">.</pc>
</s></p><p><s><w type="NP" lemma="Christ">Christ</w>
<w type="VVD" lemma="teach">taught</w>
<w type="PP" lemma="us">us</w>
<w type="TO" lemma="to">to</w>
<w type="VV" lemma="love">love</w>
<w type="PPs" lemma="our">our</w>
<w type="NNS" lemma="enemy">enemies</w>
<w type="CC" lemma="and">and</w>
<w type="TO" lemma="to">to</w>
<w type="VV" lemma="do">do</w>
<w type="JJ" lemma="good">good</w>
<w type="TO" lemma="to">to</w>
<w type="PP" lemma="them">them</w>
<w type="DT" lemma="that">that</w>
<w type="VVP" lemma="hate">hate</w>
<w type="PP" lemma="us">us</w>
<pc type="SENT">.</pc>
</s>
<s><w type="PP" lemma="it">It</w>
<w type="VBZ" lemma="be">is</w>
<w type="DT" lemma="a">a</w>
<w type="JJ" lemma="hard">hard</w>
<w type="NN" lemma="lesson">lesson</w>
<w type="TO" lemma="to">to</w>
<w type="VV" lemma="learn">learn</w>
<pc type="sub">,</pc>
<w type="CC" lemma="but">but</w>
<w type="DT" lemma="this">this</w>
<w type="NN" lemma="year">year</w>
<w type="PP" lemma="we">we</w>
<w type="VHP" lemma="have">have</w>
<w type="VVN" lemma="see">seen</w>
<w type="VVG" lemma="shine">shining</w>
<w type="NNS" lemma="example">examples</w>
<w type="IN" lemma="of">of</w>
<w type="DT" lemma="that">that</w>
<w type="NN" lemma="generosity">generosity</w>
<w type="IN" lemma="of">of</w>
<w type="NN" lemma="spirit">spirit</w>
<w type="WDT" lemma="which">which</w>
<w type="RB" lemma="alone">alone</w>
<w type="MD" lemma="can">can</w>
<w type="VV" lemma="banish">banish</w>
<w type="NN" lemma="division">division</w>
<w type="CC" lemma="and">and</w>
<w type="NN" lemma="prejudice">prejudice</w>
<pc type="SENT">.</pc>
</s></p><p><s><w type="IN" lemma="in">In</w>
<w type="NP" lemma="Northern">Northern</w>
<w type="NP" lemma="Ireland">Ireland</w>
<pc type="sub">,</pc>
<w type="NN" lemma="peace">peace</w>
<w type="VBZ" lemma="be">is</w>
<w type="RB" lemma="gradually">gradually</w>
<w type="VVG" lemma="take">taking</w>
<w type="NN" lemma="root">root</w>
<pc type="sub">;</pc>
<w type="DT" lemma="a">a</w>
<w type="RB" lemma="fully">fully</w>
<w type="JJ" lemma="democratic">democratic</w>
<w type="NP" lemma="South">South</w>
<w type="NP" lemma="Africa">Africa</w>
<w type="VHZ" lemma="have">has</w>
<w type="VBN" lemma="be">been</w>
<w type="VVN" lemma="welcome">welcomed</w>
<w type="RB" lemma="back">back</w>
<w type="IN" lemma="into">into</w>
<w type="DT" lemma="the">the</w>
<w type="NP" lemma="Commonwealth">Commonwealth</w>
<pc type="sub">;</pc>
<w type="CC" lemma="and">and</w>
<pc type="sub">,</pc>
<w type="IN" lemma="in">in</w>
<w type="DT" lemma="the">the</w>
<w type="NP" lemma="Middle">Middle</w>
<w type="NP" lemma="East">East</w>
<pc type="sub">,</pc>
<w type="JJ" lemma="long-standing">long-standing</w>
<w type="NNS" lemma="enmity">enmities</w>
<w type="VBP" lemma="are">are</w>
<w type="VVG" lemma="heal">healing</w>
<pc type="SENT">.</pc>
</s></p><p><s><w type="WP" lemma="What">What</w>
<w type="VBZ" lemma="be">is</w>
<w type="PP" lemma="it">it</w>
<w type="WDT" lemma="that">that</w>
<w type="VVZ" lemma="make">makes</w>
<w type="NNS" lemma="people">people</w>
<w type="VV" lemma="turn">turn</w>
<w type="IN" lemma="from">from</w>
<w type="NN" lemma="violence">violence</w>
<pc type="sub">,</pc>
<w type="CC" lemma="and">and</w>
<w type="VVP" lemma="try">try</w>
<w type="TO" lemma="to">to</w>
<w type="VV" lemma="bring">bring</w>
<w type="NN" lemma="peace">peace</w>
<w type="TO" lemma="to">to</w>
<w type="PPs" lemma="their">their</w>
<w type="NN" lemma="community">community</w>
<pc type="SENT">?</pc>
</s>
<s><w type="JJS" lemma="most">Most</w>
<w type="IN" lemma="of">of</w>
<w type="DT" lemma="all">all</w>
<pc type="sub">,</pc>
<w type="PP" lemma="I">I</w>
<w type="VVP" lemma="believe">believe</w>
<pc type="sub">,</pc>
<w type="PP" lemma="it">it</w>
<w type="VBZ" lemma="be">is</w>
<w type="PPs" lemma="their">their</w>
<w type="NN" lemma="determination">determination</w>
<w type="TO" lemma="to">to</w>
<w type="VV" lemma="bring">bring</w>
<w type="NN" lemma="reality">reality</w>
<w type="TO" lemma="to">to</w>
<w type="PPs" lemma="their">their</w>
<w type="NNS" lemma="hope">hopes</w>
<w type="IN" lemma="of">of</w>
<w type="DT" lemma="a">a</w>
<w type="JJR" lemma="good">better</w>
<w type="NN" lemma="world">world</w>
<w type="IN" lemma="for">for</w>
<w type="PPs" lemma="their">their</w>
<w type="NNS" lemma="child">children</w>
<pc type="SENT">.</pc>
</s></p><p><s><w type="DT" lemma="the">The</w>
<w type="NN" lemma="sight">sight</w>
<w type="IN" lemma="of">of</w>
<w type="DT" lemma="the">the</w>
<w type="JJ" lemma="happy">happy</w>
<w type="NNS" lemma="face">faces</w>
<w type="IN" lemma="of">of</w>
<w type="NNS" lemma="child">children</w>
<w type="CC" lemma="and">and</w>
<w type="JJ" lemma="young">young</w>
<w type="NNS" lemma="people">people</w>
<w type="IN" lemma="in">in</w>
<w type="NP" lemma="Russia">Russia</w>
<pc type="sub">,</pc>
<w type="IN" lemma="in">in</w>
<w type="NP" lemma="South">South</w>
<w type="NP" lemma="Africa">Africa</w>
<pc type="sub">,</pc>
<w type="WRB" lemma="where">where</w>
<w type="RB" lemma="so">so</w>
<w type="RB" lemma="much">much</w>
<w type="VHZ" lemma="have">has</w>
<w type="VVN" lemma="change">changed</w>
<w type="IN" lemma="with">with</w>
<w type="JJ" lemma="such">such</w>
<w type="JJ" lemma="extraordinary">extraordinary</w>
<w type="NN" lemma="speed">speed</w>
<w type="IN" lemma="in">in</w>
<w type="DT" lemma="the">the</w>
<w type="JJ" lemma="last">last</w>
<w type="NN" lemma="year">year</w>
<pc type="sub">,</pc>
<w type="CC" lemma="and">and</w>
<w type="IN" lemma="in">in</w>
<w type="NP" lemma="Northern">Northern</w>
<w type="NP" lemma="Ireland">Ireland</w>
<pc type="sub">,</pc>
<w type="WRB" lemma="where">where</w>
<w type="EX" lemma="there">there</w>
<w type="VBZ" lemma="be">is</w>
<w type="JJ" lemma="real">real</w>
<w type="NN" lemma="hope">hope</w>
<w type="IN" lemma="of">of</w>
<w type="DT" lemma="a">a</w>
<w type="JJ" lemma="permanent">permanent</w>
<w type="NN" lemma="end">end</w>
<w type="TO" lemma="to">to</w>
<w type="DT" lemma="the">the</w>
<w type="NN" lemma="bitterness">bitterness</w>
<w type="IN" lemma="of">of</w>
<w type="JJ" lemma="recent">recent</w>
<w type="NNS" lemma="year">years</w>
<pc type="sub">,</pc>
<w type="MD" lemma="should">should</w>
<w type="VB" lemma="be">be</w>
<w type="JJ" lemma="enough">enough</w>
<w type="TO" lemma="to">to</w>
<w type="VV" lemma="convince">convince</w>
<w type="RB" lemma="even">even</w>
<w type="DT" lemma="the">the</w>
<w type="RBS" lemma="most">most</w>
<w type="JJ" lemma="hard-hearted">hard-hearted</w>
<w type="IN" lemma="that">that</w>
<w type="NN" lemma="peace">peace</w>
<w type="VBZ" lemma="be">is</w>
<w type="JJ" lemma="worth">worth</w>
<w type="VVG" lemma="strive">striving</w>
<w type="IN" lemma="for">for</w>
<pc type="SENT">.</pc>
</s></p><p><s><w type="JJ" lemma="next">Next</w>
<w type="NN" lemma="year">year</w>
<pc type="sub">,</pc>
<w type="PP" lemma="we">we</w>
<w type="MD" lemma="shall">shall</w>
<w type="VV" lemma="commemorate">commemorate</w>
<w type="DT" lemma="the">the</w>
<w type="JJ" lemma="fiftieth">fiftieth</w>
<w type="NN" lemma="anniversary">anniversary</w>
<w type="IN" lemma="of">of</w>
<w type="DT" lemma="the">the</w>
<w type="NN" lemma="end">end</w>
<w type="IN" lemma="of">of</w>
<w type="DT" lemma="the">the</w>
<w type="NP" lemma="Second">Second</w>
<w type="NP" lemma="World">World</w>
<w type="NP" lemma="War">War</w>
<pc type="SENT">.</pc>
</s>
<s><w type="DT" lemma="the">The</w>
<w type="NNS" lemma="celebration">celebrations</w>
<w type="MD" lemma="will">will</w>
<w type="DT" lemma="no">no</w>
<w type="NN" lemma="doubt">doubt</w>
<w type="VB" lemma="be">be</w>
<w type="JJ" lemma="spectacular">spectacular</w>
<pc type="sub">,</pc>
<w type="CC" lemma="and">and</w>
<w type="PP" lemma="I">I</w>
<w type="VVP" lemma="hope">hope</w>
<w type="PP" lemma="we">we</w>
<w type="DT" lemma="all">all</w>
<w type="VVP" lemma="enjoy">enjoy</w>
<w type="PP" lemma="them">them</w>
<pc type="SENT">.</pc>
</s>
<s><w type="CC" lemma="but">But</w>
<w type="PP" lemma="we">we</w>
<w type="MD" lemma="can">can</w>
<w type="RB" lemma="also">also</w>
<pc type="sub">,</pc>
<w type="DT" lemma="each">each</w>
<w type="IN" lemma="in">in</w>
<w type="PPs" lemma="our">our</w>
<w type="JJ" lemma="own">own</w>
<w type="NN" lemma="way">way</w>
<pc type="sub">,</pc>
<w type="VV" lemma="ensure">ensure</w>
<w type="IN" lemma="that">that</w>
<w type="PP" lemma="they">they</w>
<w type="VVP" lemma="leave">leave</w>
<w type="DT" lemma="a">a</w>
<w type="JJ" lemma="lasting">lasting</w>
<w type="NN" lemma="mark">mark</w>
<w type="IN" lemma="in">in</w>
<w type="NN" lemma="history">history</w>
<pc type="SENT">.</pc>
</s></p><p><s><w type="IN" lemma="if">If</w>
<w type="PP" lemma="we">we</w>
<w type="VV" lemma="resolve">resolve</w>
<w type="TO" lemma="to">to</w>
<w type="VB" lemma="be">be</w>
<w type="JJ" lemma="considerate">considerate</w>
<w type="CC" lemma="and">and</w>
<w type="TO" lemma="to">to</w>
<w type="VV" lemma="help">help</w>
<w type="PPs" lemma="our">our</w>
<w type="NNS" lemma="neighbour">neighbours</w>
<pc type="sub">;</pc>
<w type="TO" lemma="to">to</w>
<w type="VV" lemma="make">make</w>
<w type="NNS" lemma="friend">friends</w>
<w type="IN" lemma="with">with</w>
<w type="NNS" lemma="people">people</w>
<w type="IN" lemma="of">of</w>
<w type="JJ" lemma="different">different</w>
<w type="NNS" lemma="race">races</w>
<w type="CC" lemma="and">and</w>
<w type="NNS" lemma="religion">religions</w>
<pc type="sub">;</pc>
<w type="CC" lemma="and">and</w>
<pc type="sub">,</pc>
<w type="IN" lemma="as">as</w>
<w type="PPs" lemma="our">our</w>
<w type="NP" lemma="Lord">Lord</w>
<w type="VVD" lemma="say">said</w>
<pc type="sub">,</pc>
<w type="TO" lemma="to">to</w>
<w type="VV" lemma="look">look</w>
<w type="TO" lemma="to">to</w>
<w type="PPs" lemma="our">our</w>
<w type="JJ" lemma="own">own</w>
<w type="NNS" lemma="fault">faults</w>
<w type="IN" lemma="before">before</w>
<w type="PP" lemma="we">we</w>
<w type="VV" lemma="criticise">criticise</w>
<w type="NNS" lemma="other">others</w>
<pc type="sub">,</pc>
<w type="PP" lemma="we">we</w>
<w type="MD" lemma="will">will</w>
<w type="VB" lemma="be">be</w>
<w type="VVG" lemma="keep">keeping</w>
<w type="NN" lemma="faith">faith</w>
<w type="IN" lemma="with">with</w>
<w type="DT" lemma="those">those</w>
<w type="WP" lemma="who">who</w>
<w type="VVD" lemma="land">landed</w>
<w type="IN" lemma="in">in</w>
<w type="NP" lemma="Normandy">Normandy</w>
<w type="CC" lemma="and">and</w>
<w type="VVD" lemma="fight">fought</w>
<w type="RB" lemma="so">so</w>
<w type="RB" lemma="doggedly">doggedly</w>
<w type="IN" lemma="for">for</w>
<w type="PPs" lemma="their">their</w>
<w type="NN" lemma="belief">belief</w>
<w type="IN" lemma="in">in</w>
<w type="NN" lemma="freedom">freedom</w>
<pc type="sub">,</pc>
<w type="NN" lemma="peace">peace</w>
<w type="CC" lemma="and">and</w>
<w type="JJ" lemma="human">human</w>
<w type="NN" lemma="decency">decency</w>
<pc type="SENT">.</pc>
</s></p><p><s><w type="DT" lemma="the">The</w>
<w type="NN" lemma="poet">poet</w>
<w type="NP" lemma="Siegfried">Siegfried</w>
<w type="NN" lemma="Sassoon">Sassoon</w>
<pc type="sub">,</pc>
<w type="IN" lemma="amidst">amidst</w>
<w type="PDT" lemma="all">all</w>
<w type="DT" lemma="the">the</w>
<w type="NNS" lemma="horror">horrors</w>
<w type="IN" lemma="of">of</w>
<w type="NN" lemma="war">war</w>
<pc type="sub">,</pc>
<w type="RB" lemma="still">still</w>
<w type="VVD" lemma="find">found</w>
<w type="PP" lemma="himself">himself</w>
<w type="JJ" lemma="able">able</w>
<w type="TO" lemma="to">to</w>
<w type="VV" lemma="write">write</w>
<w type="DT" lemma="these">these</w>
<w type="NNS" lemma="word">words</w>
<pc type="sub">:</pc>
<pc type="sub">-</pc>
</s></p><p><s><pc type="oq">"</pc>
<w type="NN" lemma="Everyone">Everyone</w>
<w type="POS" lemma="'s">'s</w>
<w type="NN" lemma="voice">voice</w>
<w type="VBD" lemma="be">was</w>
<w type="RB" lemma="suddenly">suddenly</w>
<w type="NN" lemma="XXXX">liftedAnd</w>
<w type="NN" lemma="beauty">beauty</w>
<w type="VVD" lemma="come">came</w>
<w type="IN" lemma="like">like</w>
<w type="DT" lemma="the">the</w>
<w type="VVG" lemma="set">setting</w>
<w type="NN" lemma="sun">sun</w>
<pc type="SENT">.</pc>
<pc type="oq">"</pc>
</s></p><p><s><w type="IN" lemma="if">If</w>
<w type="PP" lemma="he">he</w>
<w type="MD" lemma="could">could</w>
<w type="VV" lemma="see">see</w>
<w type="DT" lemma="the">the</w>
<w type="NN" lemma="beauty">beauty</w>
<w type="IN" lemma="from">from</w>
<w type="DT" lemma="the">the</w>
<w type="NNS" lemma="trench">trenches</w>
<w type="IN" lemma="of">of</w>
<w type="NP" lemma="Flanders">Flanders</w>
<w type="RB" lemma="surely">surely</w>
<w type="PP" lemma="we">we</w>
<w type="MD" lemma="can">can</w>
<w type="VV" lemma="look">look</w>
<w type="IN" lemma="for">for</w>
<w type="PP" lemma="it">it</w>
<w type="IN" lemma="in">in</w>
<w type="PPs" lemma="our">our</w>
<w type="JJ" lemma="own">own</w>
<w type="NNS" lemma="life">lives</w>
<pc type="sub">,</pc>
<w type="DT" lemma="this">this</w>
<w type="NP" lemma="Christmas">Christmas</w>
<w type="CC" lemma="and">and</w>
<w type="IN" lemma="in">in</w>
<w type="DT" lemma="the">the</w>
<w type="JJ" lemma="coming">coming</w>
<w type="NN" lemma="year">year</w>
<pc type="SENT">.</pc>
</s></p><p><s><w type="NP" lemma="Happy">Happy</w>
<w type="NP" lemma="Christmas">Christmas</w>
<w type="CC" lemma="and">and</w>
<w type="NP" lemma="God">God</w>
<w type="VV" lemma="bless">bless</w>
<w type="PP" lemma="you">you</w>
<pc type="SENT">.</pc>
</s></p></div>