<div n="1995"><head><s><w type="NP" lemma="Christmas">Christmas</w>
<w type="NP" lemma="Broadcast">Broadcast</w>
<w type="CD" lemma="@card@">1995</w>
</s></head><p><s><w type="IN" lemma="during">During</w>
<w type="DT" lemma="a">a</w>
<w type="NN" lemma="year">year</w>
<w type="IN" lemma="of">of</w>
<w type="NN" lemma="wartime">wartime</w>
<w type="NNS" lemma="commemoration">commemorations</w>
<w type="WDT" lemma="which">which</w>
<w type="VHZ" lemma="have">has</w>
<w type="VVN" lemma="see">seen</w>
<w type="NP" lemma="Commonwealth">Commonwealth</w>
<w type="NNS" lemma="country">countries</w>
<w type="VVG" lemma="honour">honouring</w>
<w type="PPs" lemma="their">their</w>
<w type="NN" lemma="past">past</w>
<pc type="sub">,</pc>
<w type="PP" lemma="it">it</w>
<w type="VHZ" lemma="have">has</w>
<w type="RB" lemma="sometimes">sometimes</w>
<w type="VBN" lemma="be">been</w>
<w type="JJ" lemma="tempting">tempting</w>
<w type="TO" lemma="to">to</w>
<w type="VV" lemma="let">let</w>
<w type="NN" lemma="nostalgia">nostalgia</w>
<w type="VV" lemma="lend">lend</w>
<w type="DT" lemma="a">a</w>
<w type="JJ" lemma="rosy">rosy</w>
<w type="NN" lemma="glow">glow</w>
<w type="TO" lemma="to">to</w>
<w type="NNS" lemma="memory">memories</w>
<w type="IN" lemma="of">of</w>
<w type="NN" lemma="war">war</w>
<pc type="sub">,</pc>
<w type="CC" lemma="and">and</w>
<w type="TO" lemma="to">to</w>
<w type="VV" lemma="forget">forget</w>
<w type="DT" lemma="the">the</w>
<w type="NNS" lemma="benefit">benefits</w>
<w type="IN" lemma="of">of</w>
<w type="DT" lemma="the">the</w>
<w type="RB" lemma="relatively">relatively</w>
<w type="JJ" lemma="peaceful">peaceful</w>
<w type="NNS" lemma="year">years</w>
<w type="VVD" lemma="buy">bought</w>
<w type="IN" lemma="for">for</w>
<w type="PP" lemma="us">us</w>
<w type="IN" lemma="by">by</w>
<w type="DT" lemma="the">the</w>
<w type="NN" lemma="heroism">heroism</w>
<w type="CC" lemma="and">and</w>
<w type="NN" lemma="sacrifice">sacrifice</w>
<w type="TO" lemma="to">to</w>
<w type="WDT" lemma="which">which</w>
<w type="PP" lemma="we">we</w>
<w type="VHP" lemma="have">have</w>
<w type="VBN" lemma="be">been</w>
<w type="VVG" lemma="pay">paying</w>
<w type="NN" lemma="tribute">tribute</w>
<pc type="SENT">.</pc>
</s></p><p><s><w type="DT" lemma="those">Those</w>
<w type="WP" lemma="who">who</w>
<w type="VVD" lemma="suffer">suffered</w>
<w type="DT" lemma="the">the</w>
<w type="NNS" lemma="horror">horrors</w>
<w type="IN" lemma="of">of</w>
<w type="NN" lemma="warfare">warfare</w>
<pc type="sub">,</pc>
<w type="IN" lemma="in">in</w>
<w type="WDT" lemma="whatever">whatever</w>
<w type="NN" lemma="guise">guise</w>
<pc type="sub">,</pc>
<w type="MD" lemma="will">will</w>
<w type="RB" lemma="not">not</w>
<w type="VH" lemma="have">have</w>
<w type="VBN" lemma="be">been</w>
<w type="NN" lemma="prey">prey</w>
<w type="TO" lemma="to">to</w>
<w type="DT" lemma="this">this</w>
<w type="NN" lemma="temptation">temptation</w>
<pc type="SENT">.</pc>
</s>
<s><w type="IN" lemma="for">For</w>
<w type="PP" lemma="them">them</w>
<pc type="sub">,</pc>
<w type="NN" lemma="war">war</w>
<w type="VBD" lemma="be">was</w>
<w type="RB" lemma="not">not</w>
<w type="DT" lemma="a">a</w>
<pc type="oq">"</pc>
<w type="NPS" lemma="Boys">Boys</w>
<w type="POS" lemma="'">'</w>
<w type="JJ" lemma="own">Own</w>
<pc type="oq">"</pc>
<w type="NN" lemma="tale">tale</w>
<w type="IN" lemma="of">of</w>
<w type="NN" lemma="comradeship">comradeship</w>
<w type="CC" lemma="and">and</w>
<w type="JJ" lemma="good">good</w>
<w type="NN" lemma="cheer">cheer</w>
<pc type="sub">,</pc>
<w type="CC" lemma="but">but</w>
<w type="CD" lemma="one">one</w>
<w type="IN" lemma="of">of</w>
<w type="JJ" lemma="hard">hard</w>
<w type="NN" lemma="slog">slog</w>
<pc type="sub">,</pc>
<w type="NN" lemma="danger">danger</w>
<pc type="sub">,</pc>
<w type="NN" lemma="suffering">suffering</w>
<w type="CC" lemma="and">and</w>
<w type="NN" lemma="exhaustion">exhaustion</w>
<pc type="SENT">.</pc>
</s></p><p><s><w type="DT" lemma="those">Those</w>
<w type="NNS" lemma="song">songs</w>
<w type="PP" lemma="we">we</w>
<w type="VVD" lemma="sing">sang</w>
<w type="IN" lemma="during">during</w>
<w type="DT" lemma="the">the</w>
<w type="NP" lemma="XXXX">VE</w>
<w type="NP" lemma="Day">Day</w>
<w type="NNS" lemma="commemoration">commemorations</w>
<w type="VVD" lemma="do">did</w>
<w type="RB" lemma="much">much</w>
<w type="TO" lemma="to">to</w>
<w type="VV" lemma="brighten">brighten</w>
<w type="DT" lemma="the">the</w>
<w type="NNS" lemma="day">days</w>
<w type="IN" lemma="of">of</w>
<w type="NN" lemma="war">war</w>
<pc type="sub">,</pc>
<w type="CC" lemma="and">and</w>
<w type="PP" lemma="they">they</w>
<w type="RB" lemma="certainly">certainly</w>
<w type="VVD" lemma="cheer">cheered</w>
<w type="PP" lemma="us">us</w>
<w type="JJ" lemma="last">last</w>
<w type="NP" lemma="May">May</w>
<pc type="SENT">.</pc>
</s>
<s><w type="CC" lemma="but">But</w>
<pc type="sub">,</pc>
<w type="IN" lemma="as">as</w>
<w type="DT" lemma="any">any</w>
<w type="NN" lemma="veteran">veteran</w>
<w type="MD" lemma="will">will</w>
<w type="VV" lemma="tell">tell</w>
<w type="PP" lemma="you">you</w>
<pc type="sub">,</pc>
<w type="EX" lemma="there">there</w>
<w type="VBD" lemma="be">was</w>
<w type="DT" lemma="a">a</w>
<w type="NN" lemma="lot">lot</w>
<w type="RBR" lemma="more">more</w>
<w type="TO" lemma="to">to</w>
<w type="DT" lemma="the">the</w>
<w type="NN" lemma="war">war</w>
<w type="NNS" lemma="year">years</w>
<w type="IN" lemma="than">than</w>
<w type="VVG" lemma="dream">dreaming</w>
<w type="IN" lemma="of">of</w>
<w type="DT" lemma="the">the</w>
<w type="NP" lemma="White">White</w>
<w type="NPS" lemma="Cliff">Cliffs</w>
<w type="IN" lemma="of">of</w>
<w type="NP" lemma="Dover">Dover</w>
<pc type="SENT">.</pc>
</s></p><p><s><w type="IN" lemma="in">In</w>
<w type="VVG" lemma="talk">talking</w>
<w type="TO" lemma="to">to</w>
<w type="DT" lemma="the">the</w>
<w type="NNS" lemma="veteran">veterans</w>
<pc type="sub">,</pc>
<w type="PP" lemma="I">I</w>
<w type="VBD" lemma="be">was</w>
<w type="RB" lemma="forcibly">forcibly</w>
<w type="VVN" lemma="remind">reminded</w>
<w type="IN" lemma="of">of</w>
<w type="DT" lemma="the">the</w>
<w type="NN" lemma="detachment">detachment</w>
<w type="IN" lemma="with">with</w>
<w type="WDT" lemma="which">which</w>
<w type="DT" lemma="those">those</w>
<w type="RB" lemma="personally">personally</w>
<w type="JJ" lemma="unaffected">unaffected</w>
<w type="IN" lemma="by">by</w>
<w type="NN" lemma="violence">violence</w>
<w type="MD" lemma="can">can</w>
<w type="VV" lemma="view">view</w>
<w type="PPs" lemma="its">its</w>
<w type="NN" lemma="effect">effect</w>
<w type="IN" lemma="on">on</w>
<w type="NNS" lemma="other">others</w>
<pc type="SENT">.</pc>
</s></p><p><s><w type="DT" lemma="this">This</w>
<w type="VVZ" lemma="seem">seems</w>
<w type="RB" lemma="particularly">particularly</w>
<w type="JJ" lemma="true">true</w>
<w type="IN" lemma="of">of</w>
<w type="NP" lemma="Northern">Northern</w>
<w type="NP" lemma="Ireland">Ireland</w>
<pc type="sub">,</pc>
<w type="WRB" lemma="where">where</w>
<w type="DT" lemma="the">the</w>
<w type="JJ" lemma="present">present</w>
<w type="NN" lemma="peace">peace</w>
<w type="IN" lemma="of">of</w>
<w type="DT" lemma="a">a</w>
<w type="NN" lemma="year">year</w>
<w type="CC" lemma="and">and</w>
<w type="JJR" lemma="more">more</w>
<w type="VHZ" lemma="have">has</w>
<w type="VBN" lemma="be">been</w>
<w type="VVN" lemma="welcome">welcomed</w>
<w type="IN" lemma="by">by</w>
<w type="DT" lemma="all">all</w>
<w type="JJ" lemma="XXXX">right-thinking</w>
<w type="NNS" lemma="people">people</w>
<w type="RB" lemma="here">here</w>
<w type="CC" lemma="and">and</w>
<w type="RB" lemma="abroad">abroad</w>
<pc type="SENT">.</pc>
</s>
<s><w type="RB" lemma="now">Now</w>
<pc type="sub">,</pc>
<w type="RB" lemma="however">however</w>
<pc type="sub">,</pc>
<w type="DT" lemma="the">the</w>
<w type="NN" lemma="XXXX">'process</w>
<pc type="cq">'</pc>
<w type="VBZ" lemma="be">is</w>
<w type="IN" lemma="at">at</w>
<w type="NN" lemma="something">something</w>
<w type="IN" lemma="of">of</w>
<w type="DT" lemma="a">a</w>
<w type="NNS" lemma="crossroad">crossroads</w>
<w type="IN" lemma="as">as</w>
<w type="PP" lemma="we">we</w>
<w type="VVP" lemma="speculate">speculate</w>
<w type="RB" lemma="about">about</w>
<w type="WP" lemma="what">what</w>
<w type="VVZ" lemma="happen">happens</w>
<w type="JJ" lemma="next">next</w>
<pc type="SENT">.</pc>
</s></p><p><s><w type="CC" lemma="but">But</w>
<w type="PP" lemma="it">it</w>
<w type="VVZ" lemma="seem">seems</w>
<w type="TO" lemma="to">to</w>
<w type="PP" lemma="me">me</w>
<w type="IN" lemma="that">that</w>
<w type="RB" lemma="much">much</w>
<w type="IN" lemma="of">of</w>
<w type="DT" lemma="the">the</w>
<w type="NN" lemma="expert">expert</w>
<w type="NN" lemma="analysis">analysis</w>
<w type="IN" lemma="of">of</w>
<w type="DT" lemma="the">the</w>
<w type="VVG" lemma="manoeuvre">manoeuvring</w>
<w type="CC" lemma="and">and</w>
<w type="VVG" lemma="negotiate">negotiating</w>
<w type="VBZ" lemma="be">is</w>
<w type="RB" lemma="somewhat">somewhat</w>
<w type="VVN" lemma="detach">detached</w>
<w type="IN" lemma="from">from</w>
<w type="DT" lemma="the">the</w>
<w type="NN" lemma="reality">reality</w>
<w type="IN" lemma="as">as</w>
<w type="VVN" lemma="see">seen</w>
<w type="IN" lemma="by">by</w>
<w type="DT" lemma="those">those</w>
<w type="WP" lemma="whom">whom</w>
<w type="PP" lemma="I">I</w>
<w type="VVP" lemma="meet">meet</w>
<w type="WP" lemma="who">who</w>
<w type="VVP" lemma="live">live</w>
<w type="CC" lemma="and">and</w>
<w type="VVP" lemma="work">work</w>
<w type="IN" lemma="in">in</w>
<w type="NP" lemma="Northern">Northern</w>
<w type="NP" lemma="Ireland">Ireland</w>
<pc type="SENT">.</pc>
</s></p><p><s><w type="PP" lemma="they">They</w>
<pc type="sub">,</pc>
<w type="WP" lemma="who">who</w>
<w type="IN" lemma="for">for</w>
<w type="CD" lemma="@card@">25</w>
<w type="NNS" lemma="year">years</w>
<w type="VHP" lemma="have">have</w>
<w type="VVN" lemma="live">lived</w>
<w type="PPs" lemma="their">their</w>
<w type="NNS" lemma="life">lives</w>
<w type="IN" lemma="in">in</w>
<w type="DT" lemma="the">the</w>
<w type="JJ" lemma="dark">dark</w>
<w type="CC" lemma="and">and</w>
<w type="JJ" lemma="relentless">relentless</w>
<w type="NN" lemma="shadow">shadow</w>
<w type="IN" lemma="of">of</w>
<w type="DT" lemma="the">the</w>
<w type="NN" lemma="gun">gun</w>
<w type="CC" lemma="and">and</w>
<w type="DT" lemma="the">the</w>
<w type="NN" lemma="bomb">bomb</w>
<pc type="sub">,</pc>
<w type="VVP" lemma="do">do</w>
<w type="RB" lemma="not">not</w>
<w type="VV" lemma="seem">seem</w>
<w type="TO" lemma="to">to</w>
<w type="VH" lemma="have">have</w>
<w type="RB" lemma="as">as</w>
<w type="JJ" lemma="much">much</w>
<w type="NN" lemma="time">time</w>
<w type="IN" lemma="for">for</w>
<w type="JJ" lemma="past">past</w>
<w type="NN" lemma="history">history</w>
<w type="CC" lemma="and">and</w>
<w type="NN" lemma="prejudice">prejudice</w>
<w type="RB" lemma="as">as</w>
<w type="VVP" lemma="do">do</w>
<w type="DT" lemma="those">those</w>
<w type="WP" lemma="who">who</w>
<w type="VV" lemma="commentate">commentate</w>
<w type="CC" lemma="and">and</w>
<w type="VV" lemma="pronounce">pronounce</w>
<w type="IN" lemma="on">on</w>
<w type="DT" lemma="the">the</w>
<w type="NN" lemma="situation">situation</w>
<pc type="sub">,</pc>
<w type="RB" lemma="often">often</w>
<w type="IN" lemma="from">from</w>
<w type="NN" lemma="afar">afar</w>
<pc type="SENT">.</pc>
</s></p><p><s><w type="IN" lemma="for">For</w>
<w type="DT" lemma="those">those</w>
<w type="WP" lemma="who">who</w>
<w type="VHP" lemma="have">have</w>
<w type="VVN" lemma="see">seen</w>
<w type="NN" lemma="family">family</w>
<pc type="sub">,</pc>
<w type="NNS" lemma="friend">friends</w>
<w type="CC" lemma="and">and</w>
<w type="NNS" lemma="neighbour">neighbours</w>
<w type="VVP" lemma="die">die</w>
<w type="IN" lemma="by">by</w>
<w type="NN" lemma="violence">violence</w>
<pc type="sub">,</pc>
<w type="DT" lemma="the">the</w>
<w type="NN" lemma="bomb">bomb</w>
<w type="CC" lemma="and">and</w>
<w type="DT" lemma="the">the</w>
<w type="NN" lemma="gun">gun</w>
<w type="VBP" lemma="are">are</w>
<w type="DT" lemma="the">the</w>
<w type="NNS" lemma="weapon">weapons</w>
<w type="IN" lemma="of">of</w>
<w type="NN" lemma="hatred">hatred</w>
<w type="WDT" lemma="which">which</w>
<w type="VHP" lemma="have">have</w>
<w type="VVN" lemma="blight">blighted</w>
<w type="PPs" lemma="their">their</w>
<w type="NNS" lemma="life">lives</w>
<w type="IN" lemma="for">for</w>
<w type="IN" lemma="at">at</w>
<w type="JJS" lemma="least">least</w>
<w type="DT" lemma="a">a</w>
<w type="NN" lemma="quarter">quarter</w>
<w type="IN" lemma="of">of</w>
<w type="DT" lemma="a">a</w>
<w type="NN" lemma="century">century</w>
<pc type="sub">:</pc>
<w type="RB" lemma="surely">surely</w>
<pc type="sub">,</pc>
<w type="PP" lemma="they">they</w>
<w type="VVP" lemma="say">say</w>
<pc type="sub">,</pc>
<w type="RB" lemma="now">now</w>
<w type="VBZ" lemma="be">is</w>
<w type="DT" lemma="the">the</w>
<w type="NN" lemma="time">time</w>
<w type="TO" lemma="to">to</w>
<w type="VV" lemma="lay">lay</w>
<w type="PP" lemma="them">them</w>
<w type="RP" lemma="down">down</w>
<pc type="sub">:</pc>
<w type="RB" lemma="surely">surely</w>
<w type="EX" lemma="there">there</w>
<w type="MD" lemma="can">can</w>
<w type="VB" lemma="be">be</w>
<w type="NN" lemma="discussion">discussion</w>
<w type="IN" lemma="of">of</w>
<w type="DT" lemma="a">a</w>
<w type="JJ" lemma="peaceful">peaceful</w>
<w type="CC" lemma="and">and</w>
<w type="JJ" lemma="prosperous">prosperous</w>
<w type="NN" lemma="future">future</w>
<w type="VVN" lemma="conduct">conducted</w>
<w type="IN" lemma="without">without</w>
<w type="DT" lemma="the">the</w>
<w type="NN" lemma="threat">threat</w>
<w type="IN" lemma="of">of</w>
<w type="DT" lemma="a">a</w>
<w type="NN" lemma="return">return</w>
<w type="TO" lemma="to">to</w>
<w type="DT" lemma="the">the</w>
<w type="JJ" lemma="old">old</w>
<w type="JJ" lemma="evil">evil</w>
<w type="NNS" lemma="way">ways</w>
<pc type="SENT">.</pc>
</s></p><p><s><w type="PP" lemma="I">I</w>
<w type="VVP" lemma="echo">echo</w>
<w type="DT" lemma="those">those</w>
<w type="NNS" lemma="sentiment">sentiments</w>
<w type="NN" lemma="today">today</w>
<pc type="SENT">.</pc>
</s>
<s><w type="PP" lemma="I">I</w>
<w type="VV" lemma="pray">pray</w>
<w type="IN" lemma="that">that</w>
<w type="DT" lemma="those">those</w>
<w type="WP" lemma="who">who</w>
<w type="MD" lemma="can">can</w>
<w type="VV" lemma="exercise">exercise</w>
<w type="DT" lemma="that">that</w>
<w type="NN" lemma="threat">threat</w>
<pc type="sub">,</pc>
<w type="WP" lemma="whoever">whoever</w>
<w type="CC" lemma="and">and</w>
<w type="WRB" lemma="wherever">wherever</w>
<w type="PP" lemma="they">they</w>
<w type="MD" lemma="may">may</w>
<w type="VB" lemma="be">be</w>
<pc type="sub">,</pc>
<w type="MD" lemma="will">will</w>
<w type="VB" lemma="be">be</w>
<w type="VVN" lemma="persuade">persuaded</w>
<w type="IN" lemma="that">that</w>
<w type="DT" lemma="the">the</w>
<w type="JJ" lemma="old">old</w>
<w type="NN" lemma="way">way</w>
<w type="VBD" lemma="be">was</w>
<w type="DT" lemma="the">the</w>
<w type="JJ" lemma="wrong">wrong</w>
<w type="NN" lemma="way">way</w>
<pc type="sub">,</pc>
<w type="CC" lemma="and">and</w>
<w type="IN" lemma="that">that</w>
<w type="TO" lemma="to">to</w>
<w type="VV" lemma="revert">revert</w>
<w type="TO" lemma="to">to</w>
<w type="PP" lemma="it">it</w>
<w type="VBZ" lemma="be">is</w>
<w type="JJ" lemma="unthinkable">unthinkable</w>
<pc type="SENT">.</pc>
</s></p><p><s><w type="PP" lemma="we">We</w>
<w type="VVD" lemma="hear">heard</w>
<w type="RB" lemma="much">much</w>
<pc type="sub">,</pc>
<w type="IN" lemma="in">in</w>
<w type="NP" lemma="May">May</w>
<w type="CC" lemma="and">and</w>
<w type="NP" lemma="August">August</w>
<w type="DT" lemma="this">this</w>
<w type="NN" lemma="year">year</w>
<pc type="sub">,</pc>
<w type="IN" lemma="of">of</w>
<w type="WRB" lemma="how">how</w>
<w type="DT" lemma="the">the</w>
<w type="NN" lemma="future">future</w>
<w type="IN" lemma="of">of</w>
<w type="DT" lemma="the">the</w>
<w type="JJ" lemma="free">free</w>
<w type="NN" lemma="world">world</w>
<w type="VBD" lemma="be">was</w>
<w type="VVN" lemma="save">saved</w>
<w type="IN" lemma="by">by</w>
<w type="DT" lemma="the">the</w>
<w type="JJ" lemma="ordinary">ordinary</w>
<w type="NNS" lemma="man">men</w>
<w type="CC" lemma="and">and</w>
<w type="NNS" lemma="woman">women</w>
<w type="WP" lemma="who">who</w>
<w type="VVD" lemma="do">did</w>
<w type="PPs" lemma="their">their</w>
<w type="NN" lemma="bit">bit</w>
<w type="IN" lemma="for">for</w>
<w type="DT" lemma="the">the</w>
<w type="NN" lemma="victory">victory</w>
<w type="IN" lemma="of">of</w>
<w type="CD" lemma="@ord@">1945.</w>
</s></p><p><s><w type="PP" lemma="it">It</w>
<w type="VBZ" lemma="be">is</w>
<w type="DT" lemma="the">the</w>
<w type="JJ" lemma="ordinary">ordinary</w>
<w type="NNS" lemma="man">men</w>
<w type="CC" lemma="and">and</w>
<w type="NNS" lemma="woman">women</w>
<w type="WP" lemma="who">who</w>
<pc type="sub">,</pc>
<w type="RB" lemma="so">so</w>
<w type="RB" lemma="often">often</w>
<pc type="sub">,</pc>
<w type="VHP" lemma="have">have</w>
<w type="VVN" lemma="do">done</w>
<w type="JJR" lemma="more">more</w>
<w type="IN" lemma="than">than</w>
<w type="NN" lemma="anyone">anyone</w>
<w type="RB" lemma="else">else</w>
<w type="TO" lemma="to">to</w>
<w type="VV" lemma="bring">bring</w>
<w type="NN" lemma="peace">peace</w>
<w type="TO" lemma="to">to</w>
<w type="JJ" lemma="troubled">troubled</w>
<w type="NNS" lemma="land">lands</w>
<pc type="SENT">.</pc>
</s>
<s><w type="PP" lemma="it">It</w>
<w type="VBZ" lemma="be">is</w>
<w type="PP" lemma="they">they</w>
<w type="WP" lemma="who">who</w>
<w type="VVP" lemma="suffer">suffer</w>
<w type="RBS" lemma="most">most</w>
<pc type="sub">,</pc>
<w type="CC" lemma="and">and</w>
<w type="PP" lemma="it">it</w>
<w type="VBZ" lemma="be">is</w>
<w type="RB" lemma="up">up</w>
<w type="TO" lemma="to">to</w>
<w type="NNS" lemma="other">others</w>
<w type="TO" lemma="to">to</w>
<w type="VV" lemma="see">see</w>
<w type="IN" lemma="that">that</w>
<w type="PPs" lemma="their">their</w>
<w type="NN" lemma="courage">courage</w>
<w type="CC" lemma="and">and</w>
<w type="JJ" lemma="common">common</w>
<w type="NN" lemma="sense">sense</w>
<w type="VBP" lemma="are">are</w>
<w type="VVN" lemma="reward">rewarded</w>
<pc type="SENT">.</pc>
</s>
<s><w type="PP" lemma="it">It</w>
<w type="MD" lemma="should">should</w>
<w type="RB" lemma="not">not</w>
<w type="VB" lemma="be">be</w>
<w type="RB" lemma="too">too</w>
<w type="JJ" lemma="much">much</w>
<w type="TO" lemma="to">to</w>
<w type="VV" lemma="ask">ask</w>
<pc type="SENT">.</pc>
</s></p><p><s><w type="IN" lemma="during">During</w>
<w type="PPs" lemma="my">my</w>
<w type="NN" lemma="visit">visit</w>
<w type="TO" lemma="to">to</w>
<w type="NP" lemma="South">South</w>
<w type="NP" lemma="Africa">Africa</w>
<w type="JJ" lemma="last">last</w>
<w type="NP" lemma="March">March</w>
<pc type="sub">,</pc>
<w type="PP" lemma="I">I</w>
<w type="VBD" lemma="be">was</w>
<w type="JJ" lemma="able">able</w>
<w type="TO" lemma="to">to</w>
<w type="VV" lemma="see">see</w>
<pc type="sub">,</pc>
<w type="IN" lemma="in">in</w>
<w type="DT" lemma="a">a</w>
<w type="NN" lemma="township">township</w>
<pc type="sub">,</pc>
<w type="WRB" lemma="how">how</w>
<w type="DT" lemma="the">the</w>
<w type="NN" lemma="energy">energy</w>
<w type="CC" lemma="and">and</w>
<w type="NN" lemma="inspiration">inspiration</w>
<w type="IN" lemma="of">of</w>
<w type="CD" lemma="one">one</w>
<w type="NN" lemma="person">person</w>
<w type="MD" lemma="could">could</w>
<w type="VV" lemma="benefit">benefit</w>
<w type="NNS" lemma="thousand">thousands</w>
<w type="IN" lemma="of">of</w>
<w type="NNS" lemma="other">others</w>
<pc type="SENT">.</pc>
</s>
<s><w type="CC" lemma="and">And</w>
<w type="IN" lemma="that">that</w>
<w type="CD" lemma="one">one</w>
<w type="NN" lemma="person">person</w>
<w type="MD" lemma="would">would</w>
<w type="VV" lemma="lay">lay</w>
<w type="DT" lemma="no">no</w>
<w type="NN" lemma="claim">claim</w>
<w type="TO" lemma="to">to</w>
<w type="VB" lemma="be">be</w>
<w type="NN" lemma="anything">anything</w>
<w type="JJ" lemma="other">other</w>
<w type="IN" lemma="than">than</w>
<w type="JJ" lemma="ordinary">ordinary</w>
<pc type="sub">-</pc>
<w type="WDT" lemma="whatever">whatever</w>
<w type="PP" lemma="you">you</w>
<w type="CC" lemma="or">or</w>
<w type="PP" lemma="I">I</w>
<w type="MD" lemma="might">might</w>
<w type="VV" lemma="think">think</w>
<w type="IN" lemma="of">of</w>
<w type="PP" lemma="her">her</w>
<pc type="SENT">!</pc>
</s></p><p><s><w type="PP" lemma="I">I</w>
<w type="VHP" lemma="have">have</w>
<w type="IN" lemma="of">of</w>
<w type="NN" lemma="course">course</w>
<w type="VVD" lemma="use">used</w>
<w type="DT" lemma="the">the</w>
<w type="NP" lemma="Christmas">Christmas</w>
<w type="NN" lemma="story">story</w>
<w type="IN" lemma="before">before</w>
<w type="IN" lemma="in">in</w>
<w type="DT" lemma="this">this</w>
<w type="NN" lemma="context">context</w>
<pc type="SENT">.</pc>
</s>
<s><w type="CC" lemma="but">But</w>
<w type="PP" lemma="I">I</w>
<w type="NN" lemma="XXXX">cannot</w>
<w type="VVP" lemma="think">think</w>
<w type="IN" lemma="of">of</w>
<w type="DT" lemma="any">any</w>
<w type="NP" lemma="Christmas">Christmas</w>
<w type="IN" lemma="of">of</w>
<w type="PPs" lemma="my">my</w>
<w type="NN" lemma="reign">reign</w>
<w type="WRB" lemma="when">when</w>
<w type="DT" lemma="the">the</w>
<w type="NN" lemma="message">message</w>
<w type="IN" lemma="of">of</w>
<w type="DT" lemma="the">the</w>
<w type="NNS" lemma="angel">angels</w>
<w type="VHZ" lemma="have">has</w>
<w type="VBN" lemma="be">been</w>
<w type="RBR" lemma="more">more</w>
<w type="JJ" lemma="apt">apt</w>
<pc type="SENT">.</pc>
</s></p><p><s><w type="VV" lemma="think">Think</w>
<pc type="sub">,</pc>
<w type="IN" lemma="for">for</w>
<w type="NN" lemma="instance">instance</w>
<pc type="sub">,</pc>
<w type="IN" lemma="of">of</w>
<w type="PDT" lemma="all">all</w>
<w type="DT" lemma="the">the</w>
<w type="NNS" lemma="child">children</w>
<w type="VVP" lemma="round">round</w>
<w type="DT" lemma="the">the</w>
<w type="NN" lemma="world">world</w>
<w type="NN" lemma="suffering">suffering</w>
<w type="IN" lemma="from">from</w>
<w type="DT" lemma="the">the</w>
<w type="NNS" lemma="effect">effects</w>
<w type="IN" lemma="of">of</w>
<w type="NN" lemma="war">war</w>
<w type="CC" lemma="and">and</w>
<w type="DT" lemma="the">the</w>
<w type="JJ" lemma="unscrupulous">unscrupulous</w>
<w type="NN" lemma="use">use</w>
<w type="IN" lemma="of">of</w>
<w type="NN" lemma="power">power</w>
<pc type="SENT">.</pc>
</s>
<s><w type="DT" lemma="some">Some</w>
<w type="IN" lemma="of">of</w>
<w type="PP" lemma="them">them</w>
<w type="VBP" lemma="are">are</w>
<w type="VVG" lemma="grow">growing</w>
<w type="RP" lemma="up">up</w>
<w type="IN" lemma="in">in</w>
<w type="NNS" lemma="country">countries</w>
<w type="IN" lemma="of">of</w>
<w type="DT" lemma="the">the</w>
<w type="NP" lemma="Commonwealth">Commonwealth</w>
<pc type="sub">,</pc>
<w type="DT" lemma="an">an</w>
<w type="NN" lemma="organisation">organisation</w>
<w type="WDT" lemma="which">which</w>
<w type="VBZ" lemma="be">is</w>
<w type="JJ" lemma="proud">proud</w>
<w type="IN" lemma="of">of</w>
<w type="PPs" lemma="its">its</w>
<w type="NN" lemma="devotion">devotion</w>
<w type="TO" lemma="to">to</w>
<w type="DT" lemma="the">the</w>
<w type="NN" lemma="principle">principle</w>
<w type="IN" lemma="of">of</w>
<w type="JJ" lemma="good">good</w>
<w type="NN" lemma="government">government</w>
<pc type="SENT">.</pc>
</s></p><p><s><w type="DT" lemma="those">Those</w>
<w type="NNS" lemma="child">children</w>
<w type="MD" lemma="will">will</w>
<pc type="sub">,</pc>
<w type="RB" lemma="however">however</w>
<pc type="sub">,</pc>
<w type="VB" lemma="be">be</w>
<w type="RBR" lemma="less">less</w>
<w type="VVN" lemma="impress">impressed</w>
<w type="IN" lemma="by">by</w>
<w type="NNS" lemma="XXXX">communiqués</w>
<w type="CC" lemma="and">and</w>
<w type="JJ" lemma="good">good</w>
<w type="NNS" lemma="intention">intentions</w>
<w type="IN" lemma="than">than</w>
<w type="IN" lemma="by">by</w>
<w type="VVG" lemma="see">seeing</w>
<w type="RB" lemma="democratically">democratically</w>
<w type="VVN" lemma="elect">elected</w>
<w type="NNS" lemma="government">governments</w>
<w type="VVG" lemma="govern">governing</w>
<w type="IN" lemma="with">with</w>
<w type="NN" lemma="justice">justice</w>
<w type="CC" lemma="and">and</w>
<w type="IN" lemma="with">with</w>
<w type="NN" lemma="honour">honour</w>
<pc type="SENT">.</pc>
</s></p><p><s><pc type="cq">"</pc>
<w type="VVN" lemma="bless">Blessed</w>
<w type="VB" lemma="be">be</w>
<w type="DT" lemma="the">the</w>
<w type="NNS" lemma="peacemaker">peacemakers</w>
<pc type="sub">,</pc>
<pc type="cq">"</pc>
<w type="NP" lemma="Christ">Christ</w>
<w type="VVD" lemma="say">said</w>
<pc type="sub">,</pc>
<pc type="oq">"</pc>
<w type="IN" lemma="for">for</w>
<w type="PP" lemma="they">they</w>
<w type="MD" lemma="shall">shall</w>
<w type="VB" lemma="be">be</w>
<w type="VVN" lemma="call">called</w>
<w type="DT" lemma="the">the</w>
<w type="NNS" lemma="child">children</w>
<w type="IN" lemma="of">of</w>
<w type="NP" lemma="God">God</w>
<pc type="SENT">.</pc>
<pc type="oq">"</pc>
<w type="PP" lemma="it">It</w>
<w type="VBZ" lemma="be">is</w>
<w type="RB" lemma="especially">especially</w>
<w type="TO" lemma="to">to</w>
<w type="DT" lemma="those">those</w>
<w type="IN" lemma="of">of</w>
<w type="PP" lemma="you">you</w>
<pc type="sub">,</pc>
<w type="RB" lemma="often">often</w>
<w type="NNS" lemma="peacemaker">peacemakers</w>
<w type="IN" lemma="without">without</w>
<w type="VVG" lemma="know">knowing</w>
<w type="PP" lemma="it">it</w>
<pc type="sub">,</pc>
<w type="WP" lemma="who">who</w>
<w type="VBP" lemma="are">are</w>
<w type="JJ" lemma="fearful">fearful</w>
<w type="IN" lemma="of">of</w>
<w type="DT" lemma="a">a</w>
<w type="JJ" lemma="troubled">troubled</w>
<w type="CC" lemma="and">and</w>
<w type="JJ" lemma="uncertain">uncertain</w>
<w type="NN" lemma="future">future</w>
<pc type="sub">,</pc>
<w type="WDT" lemma="that">that</w>
<w type="PP" lemma="I">I</w>
<w type="VVD" lemma="bid">bid</w>
<w type="DT" lemma="a">a</w>
<w type="NP" lemma="Happy">Happy</w>
<w type="NP" lemma="Christmas">Christmas</w>
<pc type="SENT">.</pc>
</s></p><p><s><w type="PP" lemma="it">It</w>
<w type="VBZ" lemma="be">is</w>
<w type="PPs" lemma="your">your</w>
<w type="JJ" lemma="good">good</w>
<w type="NN" lemma="sense">sense</w>
<w type="CC" lemma="and">and</w>
<w type="JJ" lemma="good">good</w>
<w type="NN" lemma="will">will</w>
<w type="WDT" lemma="which">which</w>
<w type="VHP" lemma="have">have</w>
<w type="VVN" lemma="achieve">achieved</w>
<w type="RB" lemma="so">so</w>
<w type="RB" lemma="much">much</w>
<pc type="SENT">.</pc>
</s>
<s><w type="PP" lemma="it">It</w>
<w type="MD" lemma="must">must</w>
<w type="RB" lemma="not">not</w>
<w type="CC" lemma="and">and</w>
<w type="MD" lemma="will">will</w>
<w type="RB" lemma="not">not</w>
<w type="VV" lemma="go">go</w>
<w type="TO" lemma="to">to</w>
<w type="VV" lemma="waste">waste</w>
<pc type="SENT">.</pc>
</s>
<s><w type="MD" lemma="May">May</w>
<w type="RB" lemma="there">there</w>
<w type="VB" lemma="be">be</w>
<w type="RB" lemma="still">still</w>
<w type="JJR" lemma="happy">happier</w>
<w type="NNS" lemma="Christmas">Christmases</w>
<w type="TO" lemma="to">to</w>
<w type="VV" lemma="come">come</w>
<pc type="sub">,</pc>
<w type="IN" lemma="for">for</w>
<w type="PP" lemma="you">you</w>
<w type="CC" lemma="and">and</w>
<w type="PPs" lemma="your">your</w>
<w type="NNS" lemma="child">children</w>
<pc type="SENT">.</pc>
</s>
<s><w type="PP" lemma="you">You</w>
<w type="VVP" lemma="deserve">deserve</w>
<w type="DT" lemma="the">the</w>
<w type="JJS" lemma="good">best</w>
<w type="IN" lemma="of">of</w>
<w type="PP" lemma="them">them</w>
<pc type="SENT">.</pc>
</s></p><p><s><w type="NP" lemma="Happy">Happy</w>
<w type="NP" lemma="Christmas">Christmas</w>
<w type="CC" lemma="and">and</w>
<w type="NP" lemma="God">God</w>
<w type="VV" lemma="bless">bless</w>
<w type="PP" lemma="you">you</w>
<w type="DT" lemma="all">all</w>
<pc type="SENT">.</pc>
</s></p></div>