<div n="1997"><head><s><w type="NP" lemma="Christmas">Christmas</w>
<w type="NP" lemma="Broadcast">Broadcast</w>
<w type="CD" lemma="@card@">1997</w>
</s></head><p><s><w type="IN" lemma="at">At</w>
<w type="DT" lemma="the">the</w>
<w type="JJ" lemma="Christian">Christian</w>
<w type="NN" lemma="heart">heart</w>
<w type="IN" lemma="of">of</w>
<w type="DT" lemma="this">this</w>
<w type="NP" lemma="United">United</w>
<w type="NP" lemma="Kingdom">Kingdom</w>
<w type="VVZ" lemma="stand">stands</w>
<w type="NP" lemma="Westminster">Westminster</w>
<w type="NP" lemma="Abbey">Abbey</w>
<pc type="sub">,</pc>
<w type="CC" lemma="and">and</w>
<w type="PP" lemma="it">it</w>
<w type="VBD" lemma="be">was</w>
<w type="JJ" lemma="right">right</w>
<w type="IN" lemma="that">that</w>
<w type="PP" lemma="it">it</w>
<w type="VVD" lemma="provide">provided</w>
<w type="DT" lemma="the">the</w>
<w type="NN" lemma="setting">setting</w>
<w type="IN" lemma="for">for</w>
<w type="CD" lemma="two">two</w>
<w type="NNS" lemma="event">events</w>
<w type="DT" lemma="this">this</w>
<w type="NN" lemma="year">year</w>
<pc type="sub">-</pc>
<w type="CD" lemma="one">one</w>
<w type="IN" lemma="of">of</w>
<w type="PP" lemma="them">them</w>
<w type="RB" lemma="almost">almost</w>
<w type="RB" lemma="unbearably">unbearably</w>
<w type="JJ" lemma="sad">sad</w>
<pc type="sub">,</pc>
<w type="CC" lemma="and">and</w>
<w type="CD" lemma="one">one</w>
<pc type="sub">,</pc>
<w type="IN" lemma="for">for</w>
<w type="NP" lemma="Prince">Prince</w>
<w type="NP" lemma="Philip">Philip</w>
<w type="CC" lemma="and">and</w>
<w type="PP" lemma="me">me</w>
<pc type="sub">,</pc>
<w type="RB" lemma="tremendously">tremendously</w>
<w type="JJ" lemma="happy">happy</w>
<pc type="SENT">.</pc>
</s></p><p><s><w type="NN" lemma="joy">Joy</w>
<w type="CC" lemma="and">and</w>
<w type="NN" lemma="sadness">sadness</w>
<w type="VBP" lemma="are">are</w>
<w type="NN" lemma="part">part</w>
<w type="IN" lemma="of">of</w>
<w type="PDT" lemma="all">all</w>
<w type="PPs" lemma="our">our</w>
<w type="NNS" lemma="life">lives</w>
<pc type="SENT">.</pc>
</s>
<s><w type="RB" lemma="indeed">Indeed</w>
<pc type="sub">,</pc>
<w type="DT" lemma="the">the</w>
<w type="NN" lemma="poet">poet</w>
<w type="NP" lemma="William">William</w>
<w type="NP" lemma="Blake">Blake</w>
<w type="VVZ" lemma="tell">tells</w>
<w type="PP" lemma="us">us</w>
<w type="IN" lemma="that">that</w>
<pc type="sub">:</pc>
</s></p><p><s><pc type="oq">"</pc>
<w type="NN" lemma="joy">Joy</w>
<w type="CC" lemma="and">and</w>
<w type="NN" lemma="woe">woe</w>
<w type="VBP" lemma="are">are</w>
<w type="VVN" lemma="weave">woven</w>
<w type="NN" lemma="fine">fine</w>
<pc type="sub">,</pc>
<w type="DT" lemma="a">A</w>
<w type="NN" lemma="clothing">clothing</w>
<w type="IN" lemma="for">for</w>
<w type="DT" lemma="the">the</w>
<w type="NN" lemma="soul">soul</w>
<w type="NN" lemma="divine">divine</w>
<pc type="sub">,</pc>
<w type="IN" lemma="under">Under</w>
<w type="DT" lemma="every">every</w>
<w type="NN" lemma="grief">grief</w>
<w type="CC" lemma="and">and</w>
<w type="NNS" lemma="XXXX">pineRuns</w>
<w type="DT" lemma="a">a</w>
<w type="NN" lemma="joy">joy</w>
<w type="IN" lemma="with">with</w>
<w type="JJ" lemma="silken">silken</w>
<w type="NN" lemma="twine">twine</w>
<pc type="SENT">.</pc>
<pc type="cq">"</pc>
</s></p><p><s><w type="DT" lemma="this">This</w>
<w type="VVG" lemma="interweave">interweaving</w>
<w type="IN" lemma="of">of</w>
<w type="NN" lemma="joy">joy</w>
<w type="CC" lemma="and">and</w>
<w type="NN" lemma="woe">woe</w>
<w type="VHZ" lemma="have">has</w>
<w type="VBN" lemma="be">been</w>
<w type="RB" lemma="very">very</w>
<w type="RB" lemma="much">much</w>
<w type="VVN" lemma="bring">brought</w>
<w type="NN" lemma="home">home</w>
<w type="TO" lemma="to">to</w>
<w type="PP" lemma="me">me</w>
<w type="CC" lemma="and">and</w>
<w type="PPs" lemma="my">my</w>
<w type="NN" lemma="family">family</w>
<w type="IN" lemma="during">during</w>
<w type="DT" lemma="the">the</w>
<w type="JJ" lemma="last">last</w>
<w type="NNS" lemma="month">months</w>
<pc type="SENT">.</pc>
</s>
<s><w type="PP" lemma="we">We</w>
<w type="RB" lemma="all">all</w>
<w type="VVD" lemma="feel">felt</w>
<w type="DT" lemma="the">the</w>
<w type="NN" lemma="shock">shock</w>
<w type="CC" lemma="and">and</w>
<w type="NN" lemma="sorrow">sorrow</w>
<w type="IN" lemma="of">of</w>
<w type="NP" lemma="Diana">Diana</w>
<w type="POS" lemma="'s">'s</w>
<w type="NN" lemma="death">death</w>
<pc type="SENT">.</pc>
</s></p><p><s><w type="NNS" lemma="thousand">Thousands</w>
<w type="IN" lemma="upon">upon</w>
<w type="NNS" lemma="thousand">thousands</w>
<w type="IN" lemma="of">of</w>
<w type="PP" lemma="you">you</w>
<w type="VVD" lemma="express">expressed</w>
<w type="PPs" lemma="your">your</w>
<w type="NN" lemma="grief">grief</w>
<w type="RBS" lemma="most">most</w>
<w type="RB" lemma="poignantly">poignantly</w>
<w type="IN" lemma="in">in</w>
<w type="DT" lemma="the">the</w>
<w type="JJ" lemma="wonderful">wonderful</w>
<w type="NNS" lemma="flower">flowers</w>
<w type="CC" lemma="and">and</w>
<w type="NNS" lemma="message">messages</w>
<w type="VVN" lemma="leave">left</w>
<w type="IN" lemma="in">in</w>
<w type="NN" lemma="tribute">tribute</w>
<w type="TO" lemma="to">to</w>
<w type="PP" lemma="her">her</w>
<pc type="SENT">.</pc>
</s>
<s><w type="DT" lemma="that">That</w>
<w type="VBD" lemma="be">was</w>
<w type="DT" lemma="a">a</w>
<w type="JJ" lemma="great">great</w>
<w type="NN" lemma="comfort">comfort</w>
<w type="TO" lemma="to">to</w>
<w type="PDT" lemma="all">all</w>
<w type="DT" lemma="those">those</w>
<w type="NN" lemma="close">close</w>
<w type="TO" lemma="to">to</w>
<w type="PP" lemma="her">her</w>
<pc type="sub">,</pc>
<w type="IN" lemma="while">while</w>
<w type="NNS" lemma="people">people</w>
<w type="RB" lemma="all">all</w>
<w type="IN" lemma="around">around</w>
<w type="DT" lemma="the">the</w>
<w type="NN" lemma="world">world</w>
<w type="VVD" lemma="join">joined</w>
<w type="PP" lemma="us">us</w>
<w type="RB" lemma="here">here</w>
<w type="IN" lemma="in">in</w>
<w type="NP" lemma="Britain">Britain</w>
<w type="IN" lemma="for">for</w>
<w type="DT" lemma="that">that</w>
<w type="NN" lemma="service">service</w>
<w type="IN" lemma="in">in</w>
<w type="NP" lemma="Westminster">Westminster</w>
<w type="NP" lemma="Abbey">Abbey</w>
<pc type="SENT">.</pc>
</s></p><p><s><w type="CC" lemma="but">But</w>
<w type="NP" lemma="Prince">Prince</w>
<w type="NP" lemma="Philip">Philip</w>
<w type="CC" lemma="and">and</w>
<w type="PP" lemma="I">I</w>
<w type="RB" lemma="also">also</w>
<w type="VVD" lemma="know">knew</w>
<w type="DT" lemma="the">the</w>
<w type="NN" lemma="joy">joy</w>
<w type="IN" lemma="of">of</w>
<w type="PPs" lemma="our">our</w>
<w type="JJ" lemma="golden">Golden</w>
<w type="NN" lemma="wedding">Wedding</w>
<pc type="SENT">.</pc>
</s>
<s><w type="PP" lemma="we">We</w>
<w type="VBD" lemma="be">were</w>
<w type="JJ" lemma="glad">glad</w>
<w type="TO" lemma="to">to</w>
<w type="VB" lemma="be">be</w>
<w type="JJ" lemma="able">able</w>
<w type="TO" lemma="to">to</w>
<w type="VV" lemma="share">share</w>
<w type="DT" lemma="this">this</w>
<w type="NN" lemma="joy">joy</w>
<w type="IN" lemma="at">at</w>
<w type="NP" lemma="Buckingham">Buckingham</w>
<w type="NP" lemma="Palace">Palace</w>
<w type="IN" lemma="with">with</w>
<w type="JJ" lemma="many">many</w>
<w type="JJ" lemma="other">other</w>
<w type="NNS" lemma="couple">couples</w>
<pc type="sub">,</pc>
<w type="WP" lemma="who">who</w>
<w type="VBP" lemma="are">are</w>
<w type="VVG" lemma="celebrate">celebrating</w>
<w type="PPs" lemma="their">their</w>
<w type="JJ" lemma="50th">50th</w>
<w type="NN" lemma="anniversary">anniversary</w>
<w type="DT" lemma="this">this</w>
<w type="NN" lemma="year">year</w>
<pc type="SENT">.</pc>
</s></p><p><s><w type="RB" lemma="then">Then</w>
<pc type="sub">,</pc>
<w type="IN" lemma="on">on</w>
<w type="PPs" lemma="our">our</w>
<w type="JJ" lemma="own">own</w>
<w type="NN" lemma="anniversary">anniversary</w>
<w type="NN" lemma="day">day</w>
<pc type="sub">,</pc>
<w type="VVD" lemma="come">came</w>
<w type="DT" lemma="a">a</w>
<w type="RB" lemma="very">very</w>
<w type="JJ" lemma="different">different</w>
<w type="NN" lemma="service">service</w>
<w type="IN" lemma="at">at</w>
<w type="NP" lemma="Westminster">Westminster</w>
<w type="NP" lemma="Abbey">Abbey</w>
<pc type="sub">,</pc>
<w type="DT" lemma="this">this</w>
<w type="NN" lemma="time">time</w>
<w type="DT" lemma="the">the</w>
<pc type="oq">"</pc>
<w type="JJ" lemma="silken">silken</w>
<w type="NN" lemma="twine">twine</w>
<pc type="cq">"</pc>
<pc type="sub">,</pc>
<w type="DT" lemma="a">a</w>
<w type="NN" lemma="service">service</w>
<w type="IN" lemma="of">of</w>
<w type="NN" lemma="thanksgiving">thanksgiving</w>
<w type="IN" lemma="for">for</w>
<w type="PPs" lemma="our">our</w>
<w type="CD" lemma="@card@">50</w>
<w type="JJ" lemma="happy">happy</w>
<w type="NNS" lemma="year">years</w>
<w type="RB" lemma="together">together</w>
<pc type="SENT">.</pc>
</s>
<s><w type="IN" lemma="after">After</w>
<w type="DT" lemma="that">that</w>
<w type="NN" lemma="service">service</w>
<w type="PP" lemma="we">we</w>
<w type="VHD" lemma="have">had</w>
<w type="DT" lemma="a">a</w>
<w type="NN" lemma="chance">chance</w>
<w type="TO" lemma="to">to</w>
<w type="VV" lemma="meet">meet</w>
<w type="CC" lemma="and">and</w>
<w type="VV" lemma="chat">chat</w>
<w type="TO" lemma="to">to</w>
<w type="RB" lemma="so">so</w>
<w type="JJ" lemma="many">many</w>
<w type="JJ" lemma="different">different</w>
<w type="NNS" lemma="people">people</w>
<pc type="SENT">.</pc>
</s></p><p><s><w type="PP" lemma="I">I</w>
<w type="MD" lemma="will">will</w>
<w type="RB" lemma="never">never</w>
<w type="VV" lemma="forget">forget</w>
<w type="DT" lemma="that">that</w>
<w type="NN" lemma="day">day</w>
<pc type="sub">,</pc>
<w type="CC" lemma="nor">nor</w>
<w type="DT" lemma="a">a</w>
<w type="NN" lemma="day">day</w>
<w type="CD" lemma="five">five</w>
<w type="NNS" lemma="year">years</w>
<w type="RB" lemma="ago">ago</w>
<w type="WRB" lemma="when">when</w>
<w type="NP" lemma="Windsor">Windsor</w>
<w type="NP" lemma="Castle">Castle</w>
<w type="VVD" lemma="suffer">suffered</w>
<w type="DT" lemma="a">a</w>
<w type="JJ" lemma="terrible">terrible</w>
<w type="NN" lemma="fire">fire</w>
<pc type="SENT">.</pc>
</s>
<s><w type="JJR" lemma="more">More</w>
<w type="IN" lemma="than">than</w>
<w type="DT" lemma="a">a</w>
<w type="CD" lemma="hundred">hundred</w>
<w type="NNS" lemma="room">rooms</w>
<w type="VBD" lemma="be">were</w>
<w type="RB" lemma="badly">badly</w>
<w type="VVN" lemma="damage">damaged</w>
<pc type="SENT">.</pc>
</s>
<s><w type="CC" lemma="but">But</w>
<w type="RB" lemma="out">out</w>
<w type="IN" lemma="of">of</w>
<w type="DT" lemma="the">the</w>
<w type="NN" lemma="disaster">disaster</w>
<w type="VVD" lemma="come">came</w>
<w type="NNS" lemma="opportunity">opportunities</w>
<w type="IN" lemma="for">for</w>
<w type="DT" lemma="all">all</w>
<w type="NNS" lemma="sort">sorts</w>
<w type="IN" lemma="of">of</w>
<w type="NNS" lemma="people">people</w>
<w type="TO" lemma="to">to</w>
<w type="VV" lemma="display">display</w>
<w type="PPs" lemma="their">their</w>
<w type="NN" lemma="range">range</w>
<w type="IN" lemma="of">of</w>
<w type="NNS" lemma="skill">skills</w>
<pc type="sub">,</pc>
<w type="PPs" lemma="their">their</w>
<w type="NN" lemma="love">love</w>
<w type="IN" lemma="of">of</w>
<w type="NN" lemma="history">history</w>
<pc type="sub">,</pc>
<w type="CC" lemma="and">and</w>
<w type="PPs" lemma="their">their</w>
<w type="NN" lemma="faith">faith</w>
<w type="IN" lemma="in">in</w>
<w type="DT" lemma="the">the</w>
<w type="NN" lemma="future">future</w>
<pc type="SENT">.</pc>
</s></p><p><s><w type="JJ" lemma="last">Last</w>
<w type="NN" lemma="month">month</w>
<w type="DT" lemma="the">the</w>
<w type="NN" lemma="restoration">restoration</w>
<w type="IN" lemma="of">of</w>
<w type="DT" lemma="the">the</w>
<w type="NP" lemma="Castle">Castle</w>
<w type="VBD" lemma="be">was</w>
<w type="VVN" lemma="complete">completed</w>
<w type="CC" lemma="and">and</w>
<w type="PP" lemma="it">it</w>
<w type="VBZ" lemma="be">is</w>
<w type="RB" lemma="shortly">shortly</w>
<w type="TO" lemma="to">to</w>
<w type="VB" lemma="be">be</w>
<w type="JJ" lemma="open">open</w>
<w type="RB" lemma="again">again</w>
<w type="IN" lemma="for">for</w>
<w type="PDT" lemma="all">all</w>
<w type="TO" lemma="to">to</w>
<w type="VV" lemma="see">see</w>
<pc type="SENT">.</pc>
</s>
<s><w type="PP" lemma="it">It</w>
<w type="VBZ" lemma="be">is</w>
<w type="DT" lemma="a">a</w>
<w type="NN" lemma="mixture">mixture</w>
<w type="IN" lemma="of">of</w>
<w type="DT" lemma="the">the</w>
<w type="NN" lemma="original">original</w>
<w type="IN" lemma="with">with</w>
<w type="JJR" lemma="late">later</w>
<w type="NNS" lemma="addition">additions</w>
<w type="CC" lemma="and">and</w>
<w type="NNS" lemma="alteration">alterations</w>
<pc type="sub">-</pc>
<w type="CC" lemma="and">and</w>
<pc type="sub">,</pc>
<w type="DT" lemma="the">the</w>
<w type="NN" lemma="result">result</w>
<pc type="sub">,</pc>
<w type="DT" lemma="a">a</w>
<w type="JJ" lemma="vigorous">vigorous</w>
<w type="NN" lemma="blend">blend</w>
<w type="IN" lemma="of">of</w>
<w type="DT" lemma="the">the</w>
<w type="JJ" lemma="old">old</w>
<w type="CC" lemma="and">and</w>
<w type="DT" lemma="the">the</w>
<w type="JJ" lemma="new">new</w>
<pc type="SENT">.</pc>
</s></p><p><s><w type="CC" lemma="and">And</w>
<w type="RB" lemma="so">so</w>
<w type="PP" lemma="it">it</w>
<w type="VHZ" lemma="have">has</w>
<w type="VBN" lemma="be">been</w>
<w type="IN" lemma="in">in</w>
<w type="DT" lemma="the">the</w>
<w type="NP" lemma="Commonwealth">Commonwealth</w>
<pc type="SENT">.</pc>
</s>
<s><w type="NP" lemma="Prince">Prince</w>
<w type="NP" lemma="Philip">Philip</w>
<w type="CC" lemma="and">and</w>
<w type="PP" lemma="I">I</w>
<w type="VBD" lemma="be">were</w>
<w type="VVN" lemma="touch">touched</w>
<w type="IN" lemma="by">by</w>
<w type="DT" lemma="the">the</w>
<w type="NN" lemma="way">way</w>
<w type="DT" lemma="the">the</w>
<w type="JJ" lemma="Canadian">Canadian</w>
<w type="NNS" lemma="people">people</w>
<w type="VVD" lemma="welcome">welcomed</w>
<w type="PP" lemma="us">us</w>
<w type="RB" lemma="again">again</w>
<w type="TO" lemma="to">to</w>
<w type="NP" lemma="Canada">Canada</w>
<pc type="SENT">.</pc>
</s>
<s><w type="PP" lemma="we">We</w>
<w type="VBD" lemma="be">were</w>
<w type="VVN" lemma="delight">delighted</w>
<w type="TO" lemma="to">to</w>
<w type="VB" lemma="be">be</w>
<w type="VVN" lemma="invite">invited</w>
<w type="TO" lemma="to">to</w>
<w type="NP" lemma="Pakistan">Pakistan</w>
<w type="CC" lemma="and">and</w>
<w type="NP" lemma="India">India</w>
<w type="IN" lemma="on">on</w>
<w type="DT" lemma="the">the</w>
<w type="JJ" lemma="50th">50th</w>
<w type="NN" lemma="anniversary">anniversary</w>
<w type="IN" lemma="of">of</w>
<w type="PPs" lemma="their">their</w>
<w type="NN" lemma="independence">Independence</w>
<pc type="sub">,</pc>
<w type="CC" lemma="and">and</w>
<w type="TO" lemma="to">to</w>
<w type="VV" lemma="celebrate">celebrate</w>
<w type="PPs" lemma="their">their</w>
<w type="NNS" lemma="achievement">achievements</w>
<w type="IN" lemma="since">since</w>
<w type="CD" lemma="@ord@">1947.</w>
</s></p><p><s><w type="DT" lemma="the">The</w>
<w type="NP" lemma="Prince">Prince</w>
<w type="IN" lemma="of">of</w>
<w type="NP" lemma="Wales">Wales</w>
<w type="VVD" lemma="represent">represented</w>
<w type="NP" lemma="Britain">Britain</w>
<w type="WRB" lemma="when">when</w>
<w type="DT" lemma="the">the</w>
<w type="NNS" lemma="people">people</w>
<w type="IN" lemma="of">of</w>
<w type="NP" lemma="Hong">Hong</w>
<w type="NP" lemma="Kong">Kong</w>
<w type="VVD" lemma="mark">marked</w>
<w type="PPs" lemma="their">their</w>
<w type="NN" lemma="return">return</w>
<w type="TO" lemma="to">to</w>
<w type="NP" lemma="China">China</w>
<pc type="sub">-</pc>
<w type="IN" lemma="in">in</w>
<w type="JJ" lemma="spectacular">spectacular</w>
<w type="NN" lemma="fashion">fashion</w>
<pc type="SENT">.</pc>
</s>
<s><w type="JJ" lemma="Many">Many</w>
<w type="IN" lemma="of">of</w>
<w type="PP" lemma="you">you</w>
<w type="MD" lemma="might">might</w>
<w type="VH" lemma="have">have</w>
<w type="VVN" lemma="feel">felt</w>
<w type="DT" lemma="a">a</w>
<w type="NN" lemma="twinge">twinge</w>
<w type="IN" lemma="of">of</w>
<w type="NN" lemma="sadness">sadness</w>
<w type="IN" lemma="as">as</w>
<w type="PP" lemma="we">we</w>
<w type="IN" lemma="in">in</w>
<w type="NP" lemma="Britain">Britain</w>
<w type="VVD" lemma="bid">bade</w>
<w type="PP" lemma="them">them</w>
<w type="NN" lemma="farewell">farewell</w>
<pc type="sub">,</pc>
<w type="CC" lemma="but">but</w>
<w type="PP" lemma="we">we</w>
<w type="MD" lemma="should">should</w>
<w type="VB" lemma="be">be</w>
<w type="JJ" lemma="proud">proud</w>
<w type="IN" lemma="of">of</w>
<w type="DT" lemma="the">the</w>
<w type="NN" lemma="success">success</w>
<w type="IN" lemma="of">of</w>
<w type="PPs" lemma="our">our</w>
<w type="NN" lemma="partnership">partnership</w>
<w type="IN" lemma="in">in</w>
<w type="NP" lemma="Hong">Hong</w>
<w type="NP" lemma="Kong">Kong</w>
<w type="CC" lemma="and">and</w>
<w type="IN" lemma="in">in</w>
<w type="WRB" lemma="how">how</w>
<w type="RB" lemma="peacefully">peacefully</w>
<w type="DT" lemma="the">the</w>
<w type="JJ" lemma="old">old</w>
<w type="NN" lemma="empire">Empire</w>
<w type="VHZ" lemma="have">has</w>
<w type="VBN" lemma="be">been</w>
<w type="VVN" lemma="lay">laid</w>
<w type="TO" lemma="to">to</w>
<w type="VV" lemma="rest">rest</w>
<pc type="SENT">.</pc>
</s></p><p><s><w type="RB" lemma="out">Out</w>
<w type="IN" lemma="of">of</w>
<w type="DT" lemma="the">the</w>
<w type="JJ" lemma="old">old</w>
<w type="NN" lemma="empire">Empire</w>
<w type="VVD" lemma="spring">sprang</w>
<w type="DT" lemma="the">the</w>
<w type="NP" lemma="Commonwealth">Commonwealth</w>
<w type="NN" lemma="family">family</w>
<w type="IN" lemma="of">of</w>
<w type="NNS" lemma="nation">nations</w>
<w type="IN" lemma="that">that</w>
<w type="PP" lemma="we">we</w>
<w type="VVP" lemma="know">know</w>
<w type="NN" lemma="today">today</w>
<pc type="sub">,</pc>
<w type="CC" lemma="and">and</w>
<w type="IN" lemma="that">that</w>
<pc type="sub">,</pc>
<w type="RB" lemma="too">too</w>
<pc type="sub">,</pc>
<w type="VHZ" lemma="have">has</w>
<w type="VVN" lemma="grow">grown</w>
<w type="CC" lemma="and">and</w>
<w type="VVN" lemma="change">changed</w>
<w type="IN" lemma="over">over</w>
<w type="DT" lemma="the">the</w>
<w type="NNS" lemma="year">years</w>
<pc type="SENT">.</pc>
</s></p><p><s><w type="IN" lemma="in">In</w>
<w type="NP" lemma="October">October</w>
<pc type="sub">,</pc>
<w type="CD" lemma="@card@">51</w>
<w type="NNS" lemma="representative">representatives</w>
<w type="IN" lemma="of">of</w>
<w type="NP" lemma="Commonwealth">Commonwealth</w>
<w type="NNS" lemma="government">governments</w>
<w type="VVD" lemma="meet">met</w>
<w type="IN" lemma="in">in</w>
<w type="NP" lemma="Edinburgh">Edinburgh</w>
<pc type="sub">,</pc>
<w type="RB" lemma="very">very</w>
<w type="RB" lemma="much">much</w>
<w type="IN" lemma="in">in</w>
<w type="DT" lemma="the">the</w>
<w type="NN" lemma="spirit">spirit</w>
<w type="IN" lemma="of">of</w>
<w type="DT" lemma="a">a</w>
<w type="NN" lemma="family">family</w>
<w type="NN" lemma="gathering">gathering</w>
<pc type="SENT">.</pc>
</s>
<s><w type="PP" lemma="we">We</w>
<w type="RB" lemma="all">all</w>
<w type="VVP" lemma="enjoy">enjoy</w>
<w type="VVG" lemma="meet">meeting</w>
<w type="JJ" lemma="old">old</w>
<w type="NNS" lemma="friend">friends</w>
<w type="CC" lemma="and">and</w>
<w type="VVG" lemma="make">making</w>
<w type="JJ" lemma="new">new</w>
<w type="NNS" lemma="one">ones</w>
<pc type="sub">,</pc>
<w type="CC" lemma="but">but</w>
<w type="EX" lemma="there">there</w>
<w type="VBD" lemma="be">was</w>
<w type="RB" lemma="also">also</w>
<w type="JJ" lemma="important">important</w>
<w type="NN" lemma="business">business</w>
<w type="TO" lemma="to">to</w>
<w type="VB" lemma="be">be</w>
<w type="VVN" lemma="do">done</w>
<pc type="SENT">.</pc>
</s>
<s><w type="DT" lemma="the">The</w>
<w type="NN" lemma="world">world</w>
<w type="VVD" lemma="see">saw</w>
<w type="IN" lemma="that">that</w>
<w type="DT" lemma="the">the</w>
<w type="NP" lemma="Commonwealth">Commonwealth</w>
<w type="MD" lemma="can">can</w>
<w type="VV" lemma="make">make</w>
<w type="DT" lemma="a">a</w>
<w type="JJ" lemma="major">major</w>
<w type="NN" lemma="contribution">contribution</w>
<w type="TO" lemma="to">to</w>
<w type="JJ" lemma="international">international</w>
<w type="NNS" lemma="relation">relations</w>
<w type="CC" lemma="and">and</w>
<w type="NN" lemma="prosperity">prosperity</w>
<pc type="SENT">.</pc>
</s></p><p><s><w type="DT" lemma="the">The</w>
<w type="NN" lemma="meeting">meeting</w>
<w type="RB" lemma="also">also</w>
<w type="VVD" lemma="show">showed</w>
<w type="DT" lemma="that">that</w>
<w type="NN" lemma="unity">unity</w>
<w type="CC" lemma="and">and</w>
<w type="NN" lemma="diversity">diversity</w>
<w type="MD" lemma="can">can</w>
<w type="VV" lemma="go">go</w>
<w type="NN" lemma="hand">hand</w>
<w type="IN" lemma="in">in</w>
<w type="NN" lemma="hand">hand</w>
<pc type="SENT">.</pc>
</s>
<s><w type="JJ" lemma="Recent">Recent</w>
<w type="NNS" lemma="development">developments</w>
<w type="IN" lemma="at">at</w>
<w type="NN" lemma="home">home</w>
<pc type="sub">,</pc>
<w type="WDT" lemma="which">which</w>
<w type="VHP" lemma="have">have</w>
<w type="VVN" lemma="allow">allowed</w>
<w type="NP" lemma="Scotland">Scotland</w>
<w type="CC" lemma="and">and</w>
<w type="NP" lemma="Wales">Wales</w>
<w type="JJR" lemma="great">greater</w>
<w type="NN" lemma="say">say</w>
<w type="IN" lemma="in">in</w>
<w type="DT" lemma="the">the</w>
<w type="NN" lemma="way">way</w>
<w type="PP" lemma="they">they</w>
<w type="VBP" lemma="are">are</w>
<w type="VVN" lemma="govern">governed</w>
<pc type="sub">,</pc>
<w type="MD" lemma="should">should</w>
<w type="VB" lemma="be">be</w>
<w type="VVN" lemma="see">seen</w>
<w type="IN" lemma="in">in</w>
<w type="DT" lemma="that">that</w>
<w type="NN" lemma="light">light</w>
<w type="CC" lemma="and">and</w>
<w type="IN" lemma="as">as</w>
<w type="NN" lemma="proof">proof</w>
<w type="IN" lemma="that">that</w>
<w type="DT" lemma="the">the</w>
<w type="NN" lemma="kingdom">kingdom</w>
<w type="MD" lemma="can">can</w>
<w type="RB" lemma="still">still</w>
<w type="VV" lemma="enjoy">enjoy</w>
<w type="PDT" lemma="all">all</w>
<w type="DT" lemma="the">the</w>
<w type="NNS" lemma="benefit">benefits</w>
<w type="IN" lemma="of">of</w>
<w type="VVG" lemma="remain">remaining</w>
<w type="VVN" lemma="unite">united</w>
<pc type="SENT">.</pc>
</s></p><p><s><w type="VBG" lemma="be">Being</w>
<w type="VVN" lemma="unite">united</w>
<pc type="sub">-</pc>
<w type="WDT" lemma="that">that</w>
<w type="VBZ" lemma="be">is</w>
<pc type="sub">,</pc>
<w type="VVG" lemma="feel">feeling</w>
<w type="DT" lemma="a">a</w>
<w type="NN" lemma="unity">unity</w>
<w type="IN" lemma="of">of</w>
<w type="NN" lemma="purpose">purpose</w>
<pc type="sub">-</pc>
<w type="VBZ" lemma="be">is</w>
<w type="DT" lemma="the">the</w>
<w type="NN" lemma="glue">glue</w>
<w type="IN" lemma="that">that</w>
<w type="NNS" lemma="bond">bonds</w>
<w type="RB" lemma="together">together</w>
<w type="DT" lemma="the">the</w>
<w type="NNS" lemma="member">members</w>
<w type="IN" lemma="of">of</w>
<w type="DT" lemma="a">a</w>
<w type="NN" lemma="family">family</w>
<pc type="sub">,</pc>
<w type="DT" lemma="a">a</w>
<w type="NN" lemma="country">country</w>
<pc type="sub">,</pc>
<w type="DT" lemma="a">a</w>
<w type="NP" lemma="Commonwealth">Commonwealth</w>
<pc type="SENT">.</pc>
</s>
<s><w type="IN" lemma="without">Without</w>
<w type="PP" lemma="it">it</w>
<pc type="sub">,</pc>
<w type="DT" lemma="the">the</w>
<w type="NNS" lemma="part">parts</w>
<w type="VBP" lemma="are">are</w>
<w type="RB" lemma="only">only</w>
<w type="NNS" lemma="fragment">fragments</w>
<w type="IN" lemma="of">of</w>
<w type="DT" lemma="a">a</w>
<w type="NN" lemma="whole">whole</w>
<pc type="sub">;</pc>
<w type="IN" lemma="with">with</w>
<w type="PP" lemma="it">it</w>
<pc type="sub">,</pc>
<w type="PP" lemma="we">we</w>
<w type="MD" lemma="can">can</w>
<w type="VB" lemma="be">be</w>
<w type="RB" lemma="much">much</w>
<w type="JJR" lemma="more">more</w>
<w type="IN" lemma="than">than</w>
<w type="DT" lemma="the">the</w>
<w type="NN" lemma="sum">sum</w>
<w type="IN" lemma="of">of</w>
<w type="DT" lemma="those">those</w>
<w type="NNS" lemma="fragment">fragments</w>
<pc type="SENT">.</pc>
</s></p><p><s><w type="IN" lemma="for">For</w>
<w type="JJS" lemma="most">most</w>
<w type="IN" lemma="of">of</w>
<w type="PP" lemma="us">us</w>
<w type="DT" lemma="this">this</w>
<w type="VBZ" lemma="be">is</w>
<w type="DT" lemma="a">a</w>
<w type="JJ" lemma="happy">happy</w>
<w type="NN" lemma="family">family</w>
<w type="NN" lemma="day">day</w>
<pc type="SENT">.</pc>
</s>
<s><w type="CC" lemma="but">But</w>
<w type="PP" lemma="I">I</w>
<w type="VBP" lemma="am">am</w>
<w type="RB" lemma="well">well</w>
<w type="JJ" lemma="aware">aware</w>
<w type="IN" lemma="that">that</w>
<w type="EX" lemma="there">there</w>
<w type="VBP" lemma="are">are</w>
<w type="JJ" lemma="many">many</w>
<w type="IN" lemma="of">of</w>
<w type="PP" lemma="you">you</w>
<w type="WP" lemma="who">who</w>
<w type="VBP" lemma="are">are</w>
<w type="RB" lemma="alone">alone</w>
<pc type="sub">,</pc>
<w type="VVD" lemma="bereave">bereaved</w>
<pc type="sub">,</pc>
<w type="CC" lemma="or">or</w>
<w type="NN" lemma="suffering">suffering</w>
<pc type="SENT">.</pc>
</s>
<s><w type="PPs" lemma="my">My</w>
<w type="NN" lemma="heart">heart</w>
<w type="VVZ" lemma="go">goes</w>
<w type="RP" lemma="out">out</w>
<w type="TO" lemma="to">to</w>
<w type="PP" lemma="you">you</w>
<pc type="sub">,</pc>
<w type="CC" lemma="and">and</w>
<w type="PP" lemma="I">I</w>
<w type="VV" lemma="pray">pray</w>
<w type="IN" lemma="that">that</w>
<w type="PP" lemma="we">we</w>
<pc type="sub">,</pc>
<w type="DT" lemma="the">the</w>
<w type="JJR" lemma="more">more</w>
<w type="JJ" lemma="fortunate">fortunate</w>
<w type="NNS" lemma="one">ones</w>
<pc type="sub">,</pc>
<w type="MD" lemma="can">can</w>
<w type="VV" lemma="unite">unite</w>
<w type="TO" lemma="to">to</w>
<w type="VV" lemma="lend">lend</w>
<w type="DT" lemma="a">a</w>
<w type="VVG" lemma="help">helping</w>
<w type="NN" lemma="hand">hand</w>
<w type="WRB" lemma="whenever">whenever</w>
<w type="PP" lemma="it">it</w>
<w type="VBZ" lemma="be">is</w>
<w type="VVN" lemma="need">needed</w>
<pc type="sub">,</pc>
<w type="CC" lemma="and">and</w>
<w type="RB" lemma="not">not</w>
<w type="NN" lemma="XXXX">'pass</w>
<w type="IN" lemma="by">by</w>
<w type="IN" lemma="on">on</w>
<w type="DT" lemma="the">the</w>
<w type="JJ" lemma="other">other</w>
<w type="NN" lemma="side">side</w>
<w type="POS" lemma="'">'</w>
<pc type="SENT">.</pc>
</s></p><p><s><w type="NP" lemma="St">St</w>
<w type="NP" lemma="Paul">Paul</w>
<w type="VVD" lemma="speak">spoke</w>
<w type="IN" lemma="of">of</w>
<w type="DT" lemma="the">the</w>
<w type="JJ" lemma="first">first</w>
<w type="NP" lemma="Christmas">Christmas</w>
<w type="IN" lemma="as">as</w>
<w type="DT" lemma="the">the</w>
<w type="NN" lemma="kindness">kindness</w>
<w type="IN" lemma="of">of</w>
<w type="NP" lemma="God">God</w>
<w type="VVG" lemma="dawn">dawning</w>
<w type="IN" lemma="upon">upon</w>
<w type="DT" lemma="the">the</w>
<w type="NN" lemma="world">world</w>
<pc type="SENT">.</pc>
</s>
<s><w type="DT" lemma="the">The</w>
<w type="NN" lemma="world">world</w>
<w type="VVZ" lemma="need">needs</w>
<w type="DT" lemma="that">that</w>
<w type="NN" lemma="kindness">kindness</w>
<w type="RB" lemma="now">now</w>
<w type="RBR" lemma="more">more</w>
<w type="IN" lemma="than">than</w>
<w type="RB" lemma="ever">ever</w>
<pc type="sub">-</pc>
<w type="DT" lemma="the">the</w>
<w type="NN" lemma="kindness">kindness</w>
<w type="CC" lemma="and">and</w>
<w type="NN" lemma="consideration">consideration</w>
<w type="IN" lemma="for">for</w>
<w type="NNS" lemma="other">others</w>
<w type="WDT" lemma="that">that</w>
<w type="VVZ" lemma="disarm">disarms</w>
<w type="NN" lemma="malice">malice</w>
<w type="CC" lemma="and">and</w>
<w type="VVZ" lemma="allow">allows</w>
<w type="PP" lemma="us">us</w>
<w type="TO" lemma="to">to</w>
<w type="VV" lemma="get">get</w>
<w type="IN" lemma="on">on</w>
<w type="IN" lemma="with">with</w>
<w type="CD" lemma="one">one</w>
<w type="DT" lemma="another">another</w>
<w type="IN" lemma="with">with</w>
<w type="NN" lemma="respect">respect</w>
<w type="CC" lemma="and">and</w>
<w type="NN" lemma="affection">affection</w>
<pc type="SENT">.</pc>
</s></p><p><s><w type="NP" lemma="Christmas">Christmas</w>
<w type="VVZ" lemma="reassure">reassures</w>
<w type="PP" lemma="us">us</w>
<w type="IN" lemma="that">that</w>
<w type="NP" lemma="God">God</w>
<w type="VBZ" lemma="be">is</w>
<w type="IN" lemma="with">with</w>
<w type="PP" lemma="us">us</w>
<w type="NN" lemma="today">today</w>
<pc type="SENT">.</pc>
</s>
<s><w type="CC" lemma="but">But</w>
<pc type="sub">,</pc>
<w type="IN" lemma="as">as</w>
<w type="PP" lemma="I">I</w>
<w type="VHP" lemma="have">have</w>
<w type="VVN" lemma="discover">discovered</w>
<w type="RB" lemma="afresh">afresh</w>
<w type="IN" lemma="for">for</w>
<w type="PP" lemma="myself">myself</w>
<w type="DT" lemma="this">this</w>
<w type="NN" lemma="year">year</w>
<pc type="sub">,</pc>
<w type="PP" lemma="he">he</w>
<w type="VBZ" lemma="be">is</w>
<w type="RB" lemma="always">always</w>
<w type="JJ" lemma="present">present</w>
<w type="IN" lemma="in">in</w>
<w type="DT" lemma="the">the</w>
<w type="NN" lemma="kindness">kindness</w>
<w type="VVN" lemma="show">shown</w>
<w type="IN" lemma="by">by</w>
<w type="PPs" lemma="our">our</w>
<w type="NNS" lemma="neighbour">neighbours</w>
<w type="CC" lemma="and">and</w>
<w type="DT" lemma="the">the</w>
<w type="NN" lemma="love">love</w>
<w type="IN" lemma="of">of</w>
<w type="PPs" lemma="our">our</w>
<w type="NNS" lemma="friend">friends</w>
<w type="CC" lemma="and">and</w>
<w type="NN" lemma="family">family</w>
<pc type="SENT">.</pc>
</s></p><p><s><w type="NP" lemma="God">God</w>
<w type="VV" lemma="bless">bless</w>
<w type="PP" lemma="you">you</w>
<w type="RB" lemma="all">all</w>
<w type="CC" lemma="and">and</w>
<w type="NP" lemma="Happy">Happy</w>
<w type="NP" lemma="Christmas">Christmas</w>
<pc type="SENT">.</pc>
</s></p></div>