<div n="1999"><head><s><w type="NP" lemma="Christmas">Christmas</w>
<w type="NP" lemma="Broadcast">Broadcast</w>
<w type="CD" lemma="@card@">1999</w>
</s></head><p><s><w type="DT" lemma="a">A</w>
<w type="RB" lemma="very">very</w>
<w type="JJ" lemma="happy">Happy</w>
<w type="NP" lemma="Christmas">Christmas</w>
<w type="TO" lemma="to">to</w>
<w type="PP" lemma="you">you</w>
<w type="DT" lemma="all">all</w>
<pc type="SENT">.</pc>
</s>
<s><w type="VVG" lemma="listen">Listening</w>
<w type="TO" lemma="to">to</w>
<w type="DT" lemma="the">the</w>
<w type="NN" lemma="choir">choir</w>
<w type="IN" lemma="from">from</w>
<w type="NP" lemma="St.">St.</w>
<w type="NP" lemma="George">George</w>
<w type="POS" lemma="'s">'s</w>
<w type="NP" lemma="Chapel">Chapel</w>
<pc type="sub">,</pc>
<w type="NP" lemma="Windsor">Windsor</w>
<pc type="sub">,</pc>
<w type="VVZ" lemma="remind">reminds</w>
<w type="PP" lemma="me">me</w>
<w type="IN" lemma="that">that</w>
<w type="DT" lemma="this">this</w>
<w type="NN" lemma="season">season</w>
<w type="IN" lemma="of">of</w>
<w type="NNS" lemma="carol">carols</w>
<w type="CC" lemma="and">and</w>
<w type="NP" lemma="Christmas">Christmas</w>
<w type="NNS" lemma="tree">trees</w>
<w type="VBZ" lemma="be">is</w>
<w type="DT" lemma="a">a</w>
<w type="NN" lemma="time">time</w>
<w type="TO" lemma="to">to</w>
<w type="VV" lemma="take">take</w>
<w type="NN" lemma="stock">stock</w>
<pc type="sub">;</pc>
<w type="DT" lemma="a">a</w>
<w type="NN" lemma="time">time</w>
<w type="TO" lemma="to">to</w>
<w type="VV" lemma="reflect">reflect</w>
<w type="IN" lemma="on">on</w>
<w type="DT" lemma="the">the</w>
<w type="NNS" lemma="event">events</w>
<w type="IN" lemma="of">of</w>
<w type="DT" lemma="the">the</w>
<w type="JJ" lemma="past">past</w>
<w type="NN" lemma="year">year</w>
<w type="CC" lemma="and">and</w>
<w type="TO" lemma="to">to</w>
<w type="VV" lemma="make">make</w>
<w type="NNS" lemma="resolution">resolutions</w>
<w type="IN" lemma="for">for</w>
<w type="DT" lemma="the">the</w>
<w type="JJ" lemma="new">new</w>
<w type="NN" lemma="year">year</w>
<w type="RB" lemma="ahead">ahead</w>
<pc type="SENT">.</pc>
</s></p><p><s><w type="DT" lemma="this">This</w>
<w type="NP" lemma="December">December</w>
<w type="PP" lemma="we">we</w>
<w type="VBP" lemma="are">are</w>
<w type="VVG" lemma="look">looking</w>
<w type="RB" lemma="back">back</w>
<w type="RB" lemma="not">not</w>
<w type="RB" lemma="just">just</w>
<w type="IN" lemma="on">on</w>
<w type="CD" lemma="one">one</w>
<w type="NN" lemma="year">year</w>
<pc type="sub">,</pc>
<w type="CC" lemma="but">but</w>
<w type="IN" lemma="on">on</w>
<w type="DT" lemma="a">a</w>
<w type="CD" lemma="hundred">hundred</w>
<w type="NNS" lemma="year">years</w>
<w type="CC" lemma="and">and</w>
<w type="DT" lemma="a">a</w>
<w type="CD" lemma="thousand">thousand</w>
<w type="NNS" lemma="year">years</w>
<pc type="SENT">.</pc>
</s>
<s><w type="NN" lemma="history">History</w>
<w type="VBZ" lemma="be">is</w>
<w type="VVN" lemma="measure">measured</w>
<w type="IN" lemma="in">in</w>
<w type="NNS" lemma="century">centuries</w>
<pc type="SENT">.</pc>
</s>
<s><w type="RBR" lemma="more">More</w>
<w type="IN" lemma="than">than</w>
<w type="RB" lemma="ever">ever</w>
<w type="PP" lemma="we">we</w>
<w type="VBP" lemma="are">are</w>
<w type="JJ" lemma="aware">aware</w>
<w type="IN" lemma="of">of</w>
<w type="VBG" lemma="be">being</w>
<w type="DT" lemma="a">a</w>
<w type="JJ" lemma="tiny">tiny</w>
<w type="NN" lemma="part">part</w>
<w type="IN" lemma="of">of</w>
<w type="DT" lemma="the">the</w>
<w type="JJ" lemma="infinite">infinite</w>
<w type="NN" lemma="sweep">sweep</w>
<w type="IN" lemma="of">of</w>
<w type="NN" lemma="time">time</w>
<w type="WRB" lemma="when">when</w>
<w type="PP" lemma="we">we</w>
<w type="VVP" lemma="move">move</w>
<w type="IN" lemma="from">from</w>
<w type="CD" lemma="one">one</w>
<w type="NN" lemma="century">century</w>
<w type="CC" lemma="and">and</w>
<w type="CD" lemma="one">one</w>
<w type="NN" lemma="millennium">millennium</w>
<w type="TO" lemma="to">to</w>
<w type="DT" lemma="another">another</w>
<pc type="SENT">.</pc>
</s></p><p><s><w type="CC" lemma="and">And</w>
<w type="IN" lemma="as">as</w>
<w type="PP" lemma="I">I</w>
<w type="VVP" lemma="look">look</w>
<w type="TO" lemma="to">to</w>
<w type="DT" lemma="the">the</w>
<w type="NN" lemma="future">future</w>
<w type="PP" lemma="I">I</w>
<w type="VHP" lemma="have">have</w>
<w type="DT" lemma="no">no</w>
<w type="NN" lemma="doubt">doubt</w>
<w type="IN" lemma="at">at</w>
<w type="DT" lemma="all">all</w>
<w type="IN" lemma="that">that</w>
<w type="DT" lemma="the">the</w>
<w type="CD" lemma="one">one</w>
<w type="NN" lemma="certainty">certainty</w>
<w type="VBZ" lemma="be">is</w>
<w type="NN" lemma="change">change</w>
<pc type="sub">-</pc>
<w type="CC" lemma="and">and</w>
<w type="DT" lemma="the">the</w>
<w type="NN" lemma="pace">pace</w>
<w type="IN" lemma="of">of</w>
<w type="DT" lemma="that">that</w>
<w type="NN" lemma="change">change</w>
<w type="MD" lemma="will">will</w>
<w type="RB" lemma="only">only</w>
<w type="VV" lemma="seem">seem</w>
<w type="TO" lemma="to">to</w>
<w type="VV" lemma="increase">increase</w>
<pc type="SENT">.</pc>
</s></p><p><s><w type="DT" lemma="this">This</w>
<w type="VBZ" lemma="be">is</w>
<w type="JJ" lemma="true">true</w>
<w type="IN" lemma="for">for</w>
<w type="DT" lemma="all">all</w>
<w type="IN" lemma="of">of</w>
<w type="PP" lemma="us">us</w>
<pc type="sub">-</pc>
<w type="JJ" lemma="young">young</w>
<w type="CC" lemma="and">and</w>
<w type="JJ" lemma="old">old</w>
<pc type="SENT">.</pc>
</s>
<s><w type="IN" lemma="on">On</w>
<w type="PPs" lemma="my">my</w>
<w type="NN" lemma="mother">mother</w>
<w type="POS" lemma="'s">'s</w>
<w type="NN" lemma="XXXX">ninety-ninth</w>
<w type="NN" lemma="birthday">birthday</w>
<w type="JJ" lemma="last">last</w>
<w type="NP" lemma="August">August</w>
<w type="PP" lemma="I">I</w>
<w type="VBD" lemma="be">was</w>
<w type="VVN" lemma="strike">struck</w>
<w type="IN" lemma="by">by</w>
<w type="WRB" lemma="how">how</w>
<w type="DT" lemma="the">the</w>
<w type="NN" lemma="inevitability">inevitability</w>
<w type="IN" lemma="of">of</w>
<w type="NN" lemma="change">change</w>
<w type="VVZ" lemma="affect">affects</w>
<w type="PP" lemma="us">us</w>
<w type="DT" lemma="all">all</w>
<pc type="sub">,</pc>
<w type="CC" lemma="and">and</w>
<w type="WRB" lemma="how">how</w>
<w type="JJ" lemma="different">different</w>
<w type="VBD" lemma="be">were</w>
<w type="PPs" lemma="my">my</w>
<w type="NN" lemma="mother">mother</w>
<w type="POS" lemma="'s">'s</w>
<w type="JJ" lemma="early">early</w>
<w type="NNS" lemma="year">years</w>
<w type="VVN" lemma="compare">compared</w>
<w type="IN" lemma="with">with</w>
<w type="DT" lemma="those">those</w>
<w type="IN" lemma="of">of</w>
<w type="PPs" lemma="my">my</w>
<w type="NNS" lemma="grandchild">grandchildren</w>
<pc type="SENT">.</pc>
</s></p><p><s><w type="IN" lemma="for">For</w>
<w type="JJ" lemma="many">many</w>
<w type="IN" lemma="of">of</w>
<w type="PPs" lemma="their">their</w>
<w type="NN" lemma="generation">generation</w>
<w type="DT" lemma="the">the</w>
<w type="NN" lemma="future">future</w>
<w type="VBZ" lemma="be">is</w>
<w type="DT" lemma="a">a</w>
<w type="NN" lemma="source">source</w>
<w type="IN" lemma="of">of</w>
<w type="NN" lemma="excitement">excitement</w>
<pc type="sub">,</pc>
<w type="NN" lemma="hope">hope</w>
<w type="CC" lemma="and">and</w>
<w type="NN" lemma="challenge">challenge</w>
<pc type="SENT">.</pc>
</s></p><p><s><w type="IN" lemma="for">For</w>
<w type="NNS" lemma="other">others</w>
<w type="RB" lemma="however">however</w>
<w type="DT" lemma="the">the</w>
<w type="NN" lemma="future">future</w>
<w type="VBZ" lemma="be">is</w>
<w type="DT" lemma="a">a</w>
<w type="NN" lemma="cause">cause</w>
<w type="IN" lemma="of">of</w>
<w type="JJ" lemma="understandable">understandable</w>
<w type="NN" lemma="anxiety">anxiety</w>
<pc type="SENT">.</pc>
</s>
<s><w type="EX" lemma="There">There</w>
<w type="VBP" lemma="are">are</w>
<w type="JJ" lemma="many">many</w>
<pc type="sub">,</pc>
<w type="IN" lemma="for">for</w>
<w type="NN" lemma="example">example</w>
<pc type="sub">,</pc>
<w type="IN" lemma="of">of</w>
<w type="PPs" lemma="my">my</w>
<w type="NN" lemma="age">age</w>
<w type="CC" lemma="or">or</w>
<w type="IN" lemma="amongst">amongst</w>
<w type="DT" lemma="the">the</w>
<w type="RBR" lemma="more">more</w>
<w type="JJ" lemma="vulnerable">vulnerable</w>
<w type="IN" lemma="in">in</w>
<w type="NN" lemma="society">society</w>
<w type="WP" lemma="who">who</w>
<w type="VVP" lemma="worry">worry</w>
<w type="IN" lemma="that">that</w>
<w type="PP" lemma="they">they</w>
<w type="MD" lemma="will">will</w>
<w type="VB" lemma="be">be</w>
<w type="VVN" lemma="leave">left</w>
<w type="RB" lemma="behind">behind</w>
<pc type="SENT">.</pc>
</s>
<s><w type="DT" lemma="the">The</w>
<w type="JJ" lemma="sheer">sheer</w>
<w type="NN" lemma="rate">rate</w>
<w type="IN" lemma="of">of</w>
<w type="NN" lemma="change">change</w>
<w type="VVZ" lemma="seem">seems</w>
<w type="TO" lemma="to">to</w>
<w type="VB" lemma="be">be</w>
<w type="VVG" lemma="sweep">sweeping</w>
<w type="RB" lemma="away">away</w>
<w type="RB" lemma="so">so</w>
<w type="JJ" lemma="much">much</w>
<w type="WDT" lemma="that">that</w>
<w type="VBZ" lemma="be">is</w>
<w type="JJ" lemma="familiar">familiar</w>
<w type="CC" lemma="and">and</w>
<w type="JJ" lemma="comforting">comforting</w>
<pc type="SENT">.</pc>
</s></p><p><s><w type="CC" lemma="but">But</w>
<w type="PP" lemma="I">I</w>
<w type="VVP" lemma="do">do</w>
<w type="RB" lemma="not">not</w>
<w type="VV" lemma="think">think</w>
<w type="IN" lemma="that">that</w>
<w type="PP" lemma="we">we</w>
<w type="MD" lemma="should">should</w>
<w type="VB" lemma="be">be</w>
<w type="JJ" lemma="over-anxious">over-anxious</w>
<pc type="SENT">.</pc>
</s>
<s><w type="PP" lemma="we">We</w>
<w type="MD" lemma="can">can</w>
<w type="VV" lemma="make">make</w>
<w type="NN" lemma="sense">sense</w>
<w type="IN" lemma="of">of</w>
<w type="DT" lemma="the">the</w>
<w type="NN" lemma="future">future</w>
<pc type="sub">-</pc>
<w type="IN" lemma="if">if</w>
<w type="PP" lemma="we">we</w>
<w type="VVP" lemma="understand">understand</w>
<w type="DT" lemma="the">the</w>
<w type="NNS" lemma="lesson">lessons</w>
<w type="IN" lemma="of">of</w>
<w type="DT" lemma="the">the</w>
<w type="NN" lemma="past">past</w>
<pc type="SENT">.</pc>
</s>
<s><w type="NP" lemma="Winston">Winston</w>
<w type="NP" lemma="Churchill">Churchill</w>
<pc type="sub">,</pc>
<w type="PPs" lemma="my">my</w>
<w type="JJ" lemma="first">first</w>
<w type="NP" lemma="Prime">Prime</w>
<w type="NP" lemma="Minister">Minister</w>
<pc type="sub">,</pc>
<w type="VVD" lemma="say">said</w>
<w type="IN" lemma="that">that</w>
<pc type="oq">"</pc>
<w type="DT" lemma="the">the</w>
<w type="RBR" lemma="further">further</w>
<w type="RB" lemma="backward">backward</w>
<w type="PP" lemma="you">you</w>
<w type="VVP" lemma="look">look</w>
<pc type="sub">,</pc>
<w type="DT" lemma="the">the</w>
<w type="RBR" lemma="further">further</w>
<w type="JJ" lemma="forward">forward</w>
<w type="PP" lemma="you">you</w>
<w type="MD" lemma="can">can</w>
<w type="VV" lemma="see">see</w>
<pc type="cq">"</pc>
<pc type="SENT">.</pc>
</s></p><p><s><w type="PP" lemma="it">It</w>
<w type="VBD" lemma="be">was</w>
<w type="DT" lemma="this">this</w>
<w type="NN" lemma="importance">importance</w>
<w type="IN" lemma="of">of</w>
<w type="NN" lemma="history">history</w>
<w type="WDT" lemma="which">which</w>
<w type="VBD" lemma="be">was</w>
<w type="RB" lemma="much">much</w>
<w type="IN" lemma="on">on</w>
<w type="PPs" lemma="my">my</w>
<w type="NN" lemma="mind">mind</w>
<w type="WRB" lemma="when">when</w>
<w type="PP" lemma="I">I</w>
<w type="VVD" lemma="open">opened</w>
<w type="DT" lemma="the">the</w>
<w type="JJ" lemma="new">new</w>
<w type="NP" lemma="Scottish">Scottish</w>
<w type="NP" lemma="Parliament">Parliament</w>
<w type="IN" lemma="in">in</w>
<w type="NP" lemma="July">July</w>
<w type="DT" lemma="this">this</w>
<w type="NN" lemma="year">year</w>
<pc type="SENT">.</pc>
</s>
<s><w type="NN" lemma="devolution">Devolution</w>
<w type="IN" lemma="in">in</w>
<w type="NP" lemma="Scotland">Scotland</w>
<w type="CC" lemma="and">and</w>
<w type="NP" lemma="Wales">Wales</w>
<pc type="sub">,</pc>
<w type="CC" lemma="and">and</w>
<w type="RBR" lemma="more">more</w>
<w type="RB" lemma="recently">recently</w>
<w type="DT" lemma="the">the</w>
<w type="RB" lemma="very">very</w>
<w type="JJ" lemma="welcome">welcome</w>
<w type="NN" lemma="progress">progress</w>
<w type="IN" lemma="in">in</w>
<w type="NP" lemma="Northern">Northern</w>
<w type="NP" lemma="Ireland">Ireland</w>
<pc type="sub">,</pc>
<w type="VBP" lemma="are">are</w>
<w type="NNS" lemma="response">responses</w>
<w type="TO" lemma="to">to</w>
<w type="NN" lemma="today">today</w>
<w type="POS" lemma="'s">'s</w>
<w type="JJ" lemma="changed">changed</w>
<w type="NNS" lemma="circumstance">circumstances</w>
<pc type="sub">,</pc>
<w type="CC" lemma="but">but</w>
<w type="PP" lemma="they">they</w>
<w type="VVP" lemma="need">need</w>
<w type="TO" lemma="to">to</w>
<w type="VB" lemma="be">be</w>
<w type="VVN" lemma="see">seen</w>
<w type="IN" lemma="in">in</w>
<w type="PPs" lemma="their">their</w>
<w type="JJ" lemma="historical">historical</w>
<w type="NNS" lemma="context">contexts</w>
<pc type="SENT">.</pc>
</s></p><p><s><w type="NN" lemma="history">History</w>
<w type="CC" lemma="and">and</w>
<w type="DT" lemma="a">a</w>
<w type="JJ" lemma="common">common</w>
<w type="NN" lemma="past">past</w>
<w type="VHP" lemma="have">have</w>
<w type="RB" lemma="also">also</w>
<w type="VVN" lemma="play">played</w>
<w type="DT" lemma="an">an</w>
<w type="JJ" lemma="important">important</w>
<w type="NN" lemma="part">part</w>
<w type="IN" lemma="in">in</w>
<w type="VVG" lemma="bring">bringing</w>
<w type="RB" lemma="together">together</w>
<w type="RB" lemma="so">so</w>
<w type="JJ" lemma="many">many</w>
<w type="JJ" lemma="different">different</w>
<w type="NNS" lemma="nation">nations</w>
<w type="IN" lemma="into">into</w>
<w type="DT" lemma="the">the</w>
<w type="JJ" lemma="modern">modern</w>
<w type="NP" lemma="Commonwealth">Commonwealth</w>
<pc type="SENT">.</pc>
</s></p><p><s><w type="DT" lemma="this">This</w>
<w type="VBD" lemma="be">was</w>
<w type="DT" lemma="a">a</w>
<w type="JJ" lemma="frequent">frequent</w>
<w type="NN" lemma="theme">theme</w>
<w type="JJ" lemma="last">last</w>
<w type="NN" lemma="month">month</w>
<w type="IN" lemma="at">at</w>
<w type="DT" lemma="the">the</w>
<w type="NP" lemma="Commonwealth">Commonwealth</w>
<w type="NN" lemma="conference">conference</w>
<w type="IN" lemma="in">in</w>
<w type="NP" lemma="South">South</w>
<w type="NP" lemma="Africa">Africa</w>
<pc type="SENT">.</pc>
</s></p><p><s><w type="IN" lemma="at">At</w>
<w type="DT" lemma="that">that</w>
<w type="NN" lemma="meeting">meeting</w>
<w type="JJ" lemma="many">many</w>
<w type="IN" lemma="of">of</w>
<w type="PP" lemma="us">us</w>
<w type="VVD" lemma="highlight">highlighted</w>
<w type="DT" lemma="the">the</w>
<w type="NN" lemma="way">way</w>
<w type="IN" lemma="in">in</w>
<w type="WDT" lemma="which">which</w>
<w type="DT" lemma="the">the</w>
<w type="JJ" lemma="varied">varied</w>
<w type="NNS" lemma="strand">strands</w>
<w type="IN" lemma="of">of</w>
<w type="PPs" lemma="our">our</w>
<w type="JJ" lemma="shared">shared</w>
<w type="NN" lemma="history">history</w>
<w type="VHP" lemma="have">have</w>
<w type="VBN" lemma="be">been</w>
<w type="VVN" lemma="weave">woven</w>
<w type="RB" lemma="together">together</w>
<w type="RB" lemma="so">so</w>
<w type="IN" lemma="that">that</w>
<w type="PP" lemma="we">we</w>
<w type="MD" lemma="can">can</w>
<w type="RBR" lemma="more">more</w>
<w type="RB" lemma="effectively">effectively</w>
<w type="VV" lemma="address">address</w>
<w type="DT" lemma="the">the</w>
<w type="NNS" lemma="challenge">challenges</w>
<w type="CC" lemma="and">and</w>
<w type="NNS" lemma="opportunity">opportunities</w>
<w type="RB" lemma="ahead">ahead</w>
<pc type="SENT">.</pc>
</s></p><p><s><w type="DT" lemma="the">The</w>
<w type="NP" lemma="Commonwealth">Commonwealth</w>
<pc type="sub">,</pc>
<w type="RB" lemma="as">as</w>
<w type="IN" lemma="with">with</w>
<w type="DT" lemma="the">the</w>
<w type="NN" lemma="process">process</w>
<w type="IN" lemma="of">of</w>
<w type="NN" lemma="devolution">devolution</w>
<w type="IN" lemma="in">in</w>
<w type="DT" lemma="the">the</w>
<w type="NP" lemma="United">United</w>
<w type="NP" lemma="Kingdom">Kingdom</w>
<pc type="sub">,</pc>
<w type="VVZ" lemma="remind">reminds</w>
<w type="PP" lemma="us">us</w>
<w type="IN" lemma="of">of</w>
<w type="DT" lemma="the">the</w>
<w type="NN" lemma="importance">importance</w>
<w type="IN" lemma="of">of</w>
<w type="VVG" lemma="bring">bringing</w>
<w type="DT" lemma="the">the</w>
<w type="NNS" lemma="lesson">lessons</w>
<w type="IN" lemma="of">of</w>
<w type="DT" lemma="the">the</w>
<w type="NN" lemma="past">past</w>
<w type="TO" lemma="to">to</w>
<w type="VV" lemma="bear">bear</w>
<w type="IN" lemma="on">on</w>
<w type="DT" lemma="the">the</w>
<w type="NNS" lemma="aspiration">aspirations</w>
<w type="IN" lemma="for">for</w>
<w type="DT" lemma="a">a</w>
<w type="JJR" lemma="good">better</w>
<w type="NN" lemma="future">future</w>
<pc type="SENT">.</pc>
</s></p><p><s><w type="TO" lemma="To">To</w>
<w type="VV" lemma="do">do</w>
<w type="DT" lemma="this">this</w>
<w type="PP" lemma="we">we</w>
<w type="VVP" lemma="need">need</w>
<w type="TO" lemma="to">to</w>
<w type="VV" lemma="draw">draw</w>
<w type="IN" lemma="from">from</w>
<w type="PPs" lemma="our">our</w>
<w type="NN" lemma="history">history</w>
<w type="DT" lemma="those">those</w>
<w type="JJ" lemma="constant">constant</w>
<w type="CC" lemma="and">and</w>
<w type="JJ" lemma="unchanging">unchanging</w>
<w type="NNS" lemma="value">values</w>
<w type="WDT" lemma="which">which</w>
<w type="VHP" lemma="have">have</w>
<w type="VVN" lemma="stand">stood</w>
<w type="DT" lemma="the">the</w>
<w type="NN" lemma="test">test</w>
<w type="IN" lemma="of">of</w>
<w type="NN" lemma="time">time</w>
<w type="CC" lemma="and">and</w>
<w type="NN" lemma="experience">experience</w>
<pc type="SENT">.</pc>
</s>
<s><w type="NN" lemma="fairness">Fairness</w>
<w type="CC" lemma="and">and</w>
<w type="NN" lemma="compassion">compassion</w>
<pc type="sub">,</pc>
<w type="NN" lemma="justice">justice</w>
<w type="CC" lemma="and">and</w>
<w type="NN" lemma="tolerance">tolerance</w>
<pc type="sub">;</pc>
<w type="DT" lemma="these">these</w>
<w type="VBP" lemma="are">are</w>
<w type="DT" lemma="the">the</w>
<w type="NNS" lemma="landmark">landmarks</w>
<w type="IN" lemma="from">from</w>
<w type="DT" lemma="the">the</w>
<w type="NN" lemma="past">past</w>
<w type="WDT" lemma="which">which</w>
<w type="MD" lemma="can">can</w>
<w type="VV" lemma="guide">guide</w>
<w type="PP" lemma="us">us</w>
<w type="IN" lemma="through">through</w>
<w type="DT" lemma="the">the</w>
<w type="NNS" lemma="year">years</w>
<w type="RB" lemma="ahead">ahead</w>
<pc type="SENT">.</pc>
</s></p><p><s><w type="DT" lemma="these">These</w>
<w type="JJ" lemma="timeless">timeless</w>
<w type="NNS" lemma="value">values</w>
<w type="VVP" lemma="tell">tell</w>
<w type="PP" lemma="us">us</w>
<w type="IN" lemma="above">above</w>
<w type="DT" lemma="all">all</w>
<w type="IN" lemma="about">about</w>
<w type="DT" lemma="the">the</w>
<w type="NN" lemma="way">way</w>
<w type="PP" lemma="we">we</w>
<w type="MD" lemma="should">should</w>
<w type="VV" lemma="relate">relate</w>
<w type="TO" lemma="to">to</w>
<w type="NNS" lemma="people">people</w>
<w type="RB" lemma="rather">rather</w>
<w type="IN" lemma="than">than</w>
<w type="TO" lemma="to">to</w>
<w type="NNS" lemma="thing">things</w>
<pc type="sub">;</pc>
<w type="VVG" lemma="think">thinking</w>
<w type="IN" lemma="of">of</w>
<w type="NNS" lemma="other">others</w>
<pc type="sub">,</pc>
<w type="RB" lemma="not">not</w>
<w type="RB" lemma="just">just</w>
<w type="IN" lemma="of">of</w>
<w type="PP" lemma="ourselves">ourselves</w>
<pc type="SENT">.</pc>
</s></p><p><s><w type="RBR" lemma="earlier">Earlier</w>
<w type="DT" lemma="this">this</w>
<w type="NN" lemma="autumn">autumn</w>
<w type="IN" lemma="in">in</w>
<w type="NP" lemma="Manchester">Manchester</w>
<w type="PP" lemma="I">I</w>
<w type="VVD" lemma="visit">visited</w>
<w type="DT" lemma="some">some</w>
<w type="IN" lemma="of">of</w>
<w type="DT" lemma="the">the</w>
<w type="NN" lemma="emergency">emergency</w>
<w type="NNS" lemma="service">services</w>
<pc type="sub">,</pc>
<w type="WPs" lemma="whose">whose</w>
<w type="NNS" lemma="responsibility">responsibilities</w>
<w type="NN" lemma="day">day</w>
<w type="IN" lemma="in">in</w>
<w type="CC" lemma="and">and</w>
<w type="NN" lemma="day">day</w>
<w type="RB" lemma="out">out</w>
<w type="VBP" lemma="are">are</w>
<w type="VVN" lemma="base">based</w>
<w type="IN" lemma="on">on</w>
<w type="NN" lemma="concern">concern</w>
<w type="IN" lemma="for">for</w>
<w type="NNS" lemma="other">others</w>
<pc type="SENT">.</pc>
</s>
<s><w type="IN" lemma="as">As</w>
<w type="RB" lemma="always">always</w>
<w type="PP" lemma="they">they</w>
<w type="VBP" lemma="are">are</w>
<w type="IN" lemma="on">on</w>
<w type="NN" lemma="duty">duty</w>
<w type="IN" lemma="over">over</w>
<w type="DT" lemma="these">these</w>
<w type="NP" lemma="Christmas">Christmas</w>
<w type="CC" lemma="and">and</w>
<w type="NP" lemma="New">New</w>
<w type="NN" lemma="year">Year</w>
<w type="NNS" lemma="holiday">holidays</w>
<pc type="SENT">.</pc>
</s></p><p><s><w type="RB" lemma="up">Up</w>
<w type="CC" lemma="and">and</w>
<w type="RB" lemma="down">down</w>
<w type="DT" lemma="the">the</w>
<w type="NN" lemma="country">country</w>
<w type="NNS" lemma="people">people</w>
<w type="IN" lemma="like">like</w>
<w type="DT" lemma="those">those</w>
<w type="NNS" lemma="fireman">firemen</w>
<pc type="sub">,</pc>
<w type="NNS" lemma="nurse">nurses</w>
<w type="CC" lemma="and">and</w>
<w type="NNS" lemma="XXXX">ambulancemen</w>
<w type="PP" lemma="I">I</w>
<w type="VVD" lemma="meet">met</w>
<w type="VBP" lemma="are">are</w>
<w type="VVG" lemma="work">working</w>
<w type="RB" lemma="tirelessly">tirelessly</w>
<w type="TO" lemma="to">to</w>
<w type="VV" lemma="help">help</w>
<w type="NNS" lemma="other">others</w>
<pc type="SENT">.</pc>
</s>
<s><w type="PP" lemma="they">They</w>
<w type="VVP" lemma="remind">remind</w>
<w type="PP" lemma="us">us</w>
<w type="IN" lemma="of">of</w>
<w type="DT" lemma="the">the</w>
<w type="NN" lemma="responsibility">responsibility</w>
<w type="IN" lemma="of">of</w>
<w type="DT" lemma="each">each</w>
<w type="CC" lemma="and">and</w>
<w type="DT" lemma="every">every</w>
<w type="NN" lemma="one">one</w>
<w type="IN" lemma="of">of</w>
<w type="PP" lemma="us">us</w>
<w type="TO" lemma="to">to</w>
<w type="VV" lemma="show">show</w>
<w type="NN" lemma="concern">concern</w>
<w type="IN" lemma="for">for</w>
<w type="PPs" lemma="our">our</w>
<w type="NNS" lemma="neighbour">neighbours</w>
<w type="CC" lemma="and">and</w>
<w type="DT" lemma="those">those</w>
<w type="RBR" lemma="less">less</w>
<w type="JJ" lemma="fortunate">fortunate</w>
<w type="IN" lemma="than">than</w>
<w type="PP" lemma="ourselves">ourselves</w>
<pc type="SENT">.</pc>
</s>
<s><w type="PP" lemma="I">I</w>
<w type="VVP" lemma="believe">believe</w>
<w type="IN" lemma="that">that</w>
<w type="DT" lemma="this">this</w>
<w type="VVZ" lemma="provide">provides</w>
<w type="PP" lemma="us">us</w>
<w type="IN" lemma="with">with</w>
<w type="DT" lemma="the">the</w>
<w type="NN" lemma="direction">direction</w>
<w type="CC" lemma="and">and</w>
<w type="VV" lemma="resolve">resolve</w>
<w type="VVN" lemma="require">required</w>
<w type="IN" lemma="for">for</w>
<w type="DT" lemma="the">the</w>
<w type="NNS" lemma="year">years</w>
<w type="RB" lemma="ahead">ahead</w>
<pc type="SENT">.</pc>
</s></p><p><s><w type="DT" lemma="the">The</w>
<w type="NN" lemma="future">future</w>
<w type="VBZ" lemma="be">is</w>
<w type="RB" lemma="not">not</w>
<w type="RB" lemma="only">only</w>
<w type="IN" lemma="about">about</w>
<w type="JJ" lemma="new">new</w>
<w type="NNS" lemma="gadget">gadgets</w>
<pc type="sub">,</pc>
<w type="JJ" lemma="modern">modern</w>
<w type="NN" lemma="technology">technology</w>
<w type="CC" lemma="or">or</w>
<w type="DT" lemma="the">the</w>
<w type="JJS" lemma="late">latest</w>
<w type="NN" lemma="fashion">fashion</w>
<pc type="sub">,</pc>
<w type="JJ" lemma="important">important</w>
<w type="IN" lemma="as">as</w>
<w type="DT" lemma="these">these</w>
<w type="MD" lemma="may">may</w>
<w type="VB" lemma="be">be</w>
<pc type="SENT">.</pc>
</s>
<s><w type="IN" lemma="at">At</w>
<w type="DT" lemma="the">the</w>
<w type="NN" lemma="centre">centre</w>
<w type="IN" lemma="of">of</w>
<w type="PPs" lemma="our">our</w>
<w type="NNS" lemma="life">lives</w>
<pc type="sub">-</pc>
<w type="NN" lemma="today">today</w>
<w type="CC" lemma="and">and</w>
<w type="NN" lemma="tomorrow">tomorrow</w>
<pc type="sub">-</pc>
<w type="MD" lemma="must">must</w>
<w type="VB" lemma="be">be</w>
<w type="DT" lemma="the">the</w>
<w type="NN" lemma="message">message</w>
<w type="IN" lemma="of">of</w>
<w type="VVG" lemma="care">caring</w>
<w type="IN" lemma="for">for</w>
<w type="NNS" lemma="other">others</w>
<pc type="sub">,</pc>
<w type="DT" lemma="the">the</w>
<w type="NN" lemma="message">message</w>
<w type="IN" lemma="at">at</w>
<w type="DT" lemma="the">the</w>
<w type="NN" lemma="heart">heart</w>
<w type="IN" lemma="of">of</w>
<w type="NN" lemma="Christianity">Christianity</w>
<w type="CC" lemma="and">and</w>
<w type="IN" lemma="of">of</w>
<w type="PDT" lemma="all">all</w>
<w type="DT" lemma="the">the</w>
<w type="JJ" lemma="great">great</w>
<w type="NNS" lemma="religion">religions</w>
<pc type="SENT">.</pc>
</s></p><p><s><w type="DT" lemma="this">This</w>
<w type="NN" lemma="message">message</w>
<pc type="sub">-</pc>
<w type="VVP" lemma="love">love</w>
<w type="JJR" lemma="XXXX">thy</w>
<w type="NN" lemma="neighbour">neighbour</w>
<w type="IN" lemma="as">as</w>
<w type="NN" lemma="XXXX">thyself</w>
<pc type="sub">-</pc>
<w type="MD" lemma="may">may</w>
<w type="VB" lemma="be">be</w>
<w type="IN" lemma="for">for</w>
<w type="NNS" lemma="Christian">Christians</w>
<w type="CD" lemma="@card@">2,000</w>
<w type="NNS" lemma="year">years</w>
<w type="JJ" lemma="old">old</w>
<pc type="SENT">.</pc>
</s>
<s><w type="CC" lemma="but">But</w>
<w type="PP" lemma="it">it</w>
<w type="VBZ" lemma="be">is</w>
<w type="RB" lemma="as">as</w>
<w type="JJ" lemma="relevant">relevant</w>
<w type="NN" lemma="today">today</w>
<w type="IN" lemma="as">as</w>
<w type="PP" lemma="it">it</w>
<w type="RB" lemma="ever">ever</w>
<w type="VBD" lemma="be">was</w>
<pc type="SENT">.</pc>
</s>
<s><w type="PP" lemma="I">I</w>
<w type="VVP" lemma="believe">believe</w>
<w type="PP" lemma="it">it</w>
<w type="VVZ" lemma="give">gives</w>
<w type="PP" lemma="us">us</w>
<w type="DT" lemma="the">the</w>
<w type="NN" lemma="guidance">guidance</w>
<w type="CC" lemma="and">and</w>
<w type="DT" lemma="the">the</w>
<w type="NN" lemma="reassurance">reassurance</w>
<w type="PP" lemma="we">we</w>
<w type="VVP" lemma="need">need</w>
<w type="IN" lemma="as">as</w>
<w type="PP" lemma="we">we</w>
<w type="VVP" lemma="step">step</w>
<w type="IN" lemma="over">over</w>
<w type="DT" lemma="the">the</w>
<w type="NN" lemma="threshold">threshold</w>
<w type="IN" lemma="into">into</w>
<w type="DT" lemma="the">the</w>
<w type="JJ" lemma="XXXX">twenty-first</w>
<w type="NN" lemma="century">century</w>
<pc type="SENT">.</pc>
</s></p><p><s><w type="CC" lemma="and">And</w>
<w type="PP" lemma="I">I</w>
<w type="IN" lemma="for">for</w>
<w type="PP" lemma="one">one</w>
<w type="VBP" lemma="am">am</w>
<w type="VVG" lemma="look">looking</w>
<w type="RB" lemma="forward">forward</w>
<w type="TO" lemma="to">to</w>
<w type="DT" lemma="this">this</w>
<w type="JJ" lemma="new">new</w>
<w type="NN" lemma="millennium">Millennium</w>
<pc type="SENT">.</pc>
</s></p><p><s><w type="MD" lemma="May">May</w>
<w type="PP" lemma="I">I</w>
<w type="VVP" lemma="wish">wish</w>
<w type="PP" lemma="you">you</w>
<w type="PDT" lemma="all">all</w>
<w type="DT" lemma="a">a</w>
<w type="NP" lemma="Merry">Merry</w>
<w type="NP" lemma="Christmas">Christmas</w>
<w type="CC" lemma="and">and</w>
<pc type="sub">,</pc>
<w type="IN" lemma="in">in</w>
<w type="DT" lemma="this">this</w>
<w type="NN" lemma="year">year</w>
<w type="IN" lemma="of">of</w>
<w type="DT" lemma="all">all</w>
<w type="NNS" lemma="year">years</w>
<pc type="sub">,</pc>
<w type="DT" lemma="a">a</w>
<w type="RB" lemma="very">very</w>
<w type="JJ" lemma="happy">Happy</w>
<w type="NP" lemma="New">New</w>
<w type="NN" lemma="year">Year</w>
<pc type="SENT">.</pc>
</s></p></div>