<div n="2000"><head><s><w type="NP" lemma="Christmas">Christmas</w>
<w type="NP" lemma="Broadcast">Broadcast</w>
<w type="CD" lemma="@card@">2000</w>
</s></head><p><s><w type="IN" lemma="by">By</w>
<w type="DT" lemma="any">any</w>
<w type="NN" lemma="measure">measure</w>
<w type="DT" lemma="this">this</w>
<w type="NN" lemma="millennium">Millennium</w>
<w type="NN" lemma="year">year</w>
<w type="VHZ" lemma="have">has</w>
<w type="VBN" lemma="be">been</w>
<w type="DT" lemma="an">an</w>
<w type="JJ" lemma="unforgettable">unforgettable</w>
<w type="CD" lemma="one">one</w>
<pc type="SENT">.</pc>
</s></p><p><s><w type="IN" lemma="since">Since</w>
<w type="DT" lemma="the">the</w>
<w type="NN" lemma="turn">turn</w>
<w type="IN" lemma="of">of</w>
<w type="DT" lemma="the">the</w>
<w type="NN" lemma="year">year</w>
<w type="PP" lemma="it">it</w>
<w type="VHZ" lemma="have">has</w>
<w type="VBN" lemma="be">been</w>
<w type="JJ" lemma="celebrated">celebrated</w>
<w type="CC" lemma="and">and</w>
<w type="VVN" lemma="mark">marked</w>
<w type="IN" lemma="in">in</w>
<w type="DT" lemma="this">this</w>
<w type="NN" lemma="country">country</w>
<w type="CC" lemma="and">and</w>
<w type="IN" lemma="throughout">throughout</w>
<w type="DT" lemma="the">the</w>
<w type="NP" lemma="Commonwealth">Commonwealth</w>
<pc type="sub">,</pc>
<w type="CC" lemma="and">and</w>
<w type="PP" lemma="it">it</w>
<w type="VHZ" lemma="have">has</w>
<w type="VBN" lemma="be">been</w>
<w type="DT" lemma="a">a</w>
<w type="JJ" lemma="particular">particular</w>
<w type="NN" lemma="pleasure">pleasure</w>
<w type="IN" lemma="for">for</w>
<w type="PP" lemma="me">me</w>
<w type="TO" lemma="to">to</w>
<w type="VV" lemma="visit">visit</w>
<w type="NN" lemma="millennium">Millennium</w>
<w type="NNS" lemma="project">projects</w>
<w type="JJ" lemma="large">large</w>
<w type="CC" lemma="and">and</w>
<w type="JJ" lemma="small">small</w>
<w type="WDT" lemma="which">which</w>
<w type="MD" lemma="will">will</w>
<w type="VB" lemma="be">be</w>
<w type="NNS" lemma="reminder">reminders</w>
<w type="IN" lemma="for">for</w>
<w type="NNS" lemma="generation">generations</w>
<w type="TO" lemma="to">to</w>
<w type="VV" lemma="come">come</w>
<w type="IN" lemma="of">of</w>
<w type="DT" lemma="the">the</w>
<w type="NN" lemma="time">time</w>
<w type="WRB" lemma="when">when</w>
<w type="DT" lemma="the">the</w>
<w type="JJ" lemma="XXXX">twenty-first</w>
<w type="NN" lemma="century">century</w>
<w type="VVD" lemma="begin">began</w>
<pc type="SENT">.</pc>
</s>
<s><w type="CC" lemma="but">But</w>
<w type="IN" lemma="as">as</w>
<w type="DT" lemma="this">this</w>
<w type="NN" lemma="year">year</w>
<w type="VVZ" lemma="draw">draws</w>
<w type="TO" lemma="to">to</w>
<w type="DT" lemma="a">a</w>
<w type="NN" lemma="close">close</w>
<w type="PP" lemma="I">I</w>
<w type="MD" lemma="would">would</w>
<w type="VV" lemma="like">like</w>
<w type="TO" lemma="to">to</w>
<w type="VV" lemma="reflect">reflect</w>
<w type="RBR" lemma="more">more</w>
<w type="RB" lemma="directly">directly</w>
<w type="CC" lemma="and">and</w>
<w type="RBR" lemma="more">more</w>
<w type="RB" lemma="personally">personally</w>
<w type="IN" lemma="on">on</w>
<w type="WP" lemma="what">what</w>
<w type="VVZ" lemma="lie">lies</w>
<w type="IN" lemma="behind">behind</w>
<w type="PDT" lemma="all">all</w>
<w type="DT" lemma="the">the</w>
<w type="NNS" lemma="celebration">celebrations</w>
<w type="IN" lemma="of">of</w>
<w type="DT" lemma="these">these</w>
<w type="JJ" lemma="past">past</w>
<w type="NN" lemma="twelve">twelve</w>
<w type="NNS" lemma="month">months</w>
<pc type="SENT">.</pc>
</s>
<s><w type="NP" lemma="Christmas">Christmas</w>
<w type="VBZ" lemma="be">is</w>
<w type="DT" lemma="the">the</w>
<w type="JJ" lemma="traditional">traditional</w>
<pc type="sub">,</pc>
<w type="IN" lemma="if">if</w>
<w type="RB" lemma="not">not</w>
<w type="DT" lemma="the">the</w>
<w type="JJ" lemma="actual">actual</w>
<pc type="sub">,</pc>
<w type="NN" lemma="birthday">birthday</w>
<w type="IN" lemma="of">of</w>
<w type="DT" lemma="a">a</w>
<w type="NN" lemma="man">man</w>
<w type="WP" lemma="who">who</w>
<w type="VBD" lemma="be">was</w>
<w type="VVN" lemma="destine">destined</w>
<w type="TO" lemma="to">to</w>
<w type="VV" lemma="change">change</w>
<w type="DT" lemma="the">the</w>
<w type="NN" lemma="course">course</w>
<w type="IN" lemma="of">of</w>
<w type="PPs" lemma="our">our</w>
<w type="NN" lemma="history">history</w>
<pc type="SENT">.</pc>
</s>
<s><w type="CC" lemma="and">And</w>
<w type="NN" lemma="today">today</w>
<w type="PP" lemma="we">we</w>
<w type="VBP" lemma="are">are</w>
<w type="VVG" lemma="celebrate">celebrating</w>
<w type="DT" lemma="the">the</w>
<w type="NN" lemma="fact">fact</w>
<w type="IN" lemma="that">that</w>
<w type="NP" lemma="Jesus">Jesus</w>
<w type="NP" lemma="Christ">Christ</w>
<w type="VBD" lemma="be">was</w>
<w type="VVN" lemma="bear">born</w>
<w type="CD" lemma="two">two</w>
<w type="CD" lemma="thousand">thousand</w>
<w type="NNS" lemma="year">years</w>
<w type="RB" lemma="ago">ago</w>
<pc type="sub">;</pc>
<w type="DT" lemma="this">this</w>
<w type="VBZ" lemma="be">is</w>
<w type="DT" lemma="the">the</w>
<w type="JJ" lemma="true">true</w>
<w type="NN" lemma="millennium">Millennium</w>
<w type="NN" lemma="anniversary">anniversary</w>
<pc type="SENT">.</pc>
</s>
<s><w type="DT" lemma="the">The</w>
<w type="JJ" lemma="simple">simple</w>
<w type="NNS" lemma="fact">facts</w>
<w type="IN" lemma="of">of</w>
<w type="NP" lemma="Jesus">Jesus</w>
<w type="POS" lemma="'">'</w>
<w type="NN" lemma="life">life</w>
<w type="VV" lemma="give">give</w>
<w type="PP" lemma="us">us</w>
<w type="JJ" lemma="little">little</w>
<w type="NN" lemma="clue">clue</w>
<w type="RB" lemma="as">as</w>
<w type="TO" lemma="to">to</w>
<w type="DT" lemma="the">the</w>
<w type="NN" lemma="influence">influence</w>
<w type="PP" lemma="he">he</w>
<w type="VBD" lemma="be">was</w>
<w type="TO" lemma="to">to</w>
<w type="VH" lemma="have">have</w>
<w type="IN" lemma="on">on</w>
<w type="DT" lemma="the">the</w>
<w type="NN" lemma="world">world</w>
<pc type="SENT">.</pc>
</s>
<s><w type="IN" lemma="as">As</w>
<w type="DT" lemma="a">a</w>
<w type="NN" lemma="boy">boy</w>
<w type="PP" lemma="he">he</w>
<w type="VVD" lemma="learn">learnt</w>
<w type="PPs" lemma="his">his</w>
<w type="NN" lemma="father">father</w>
<w type="POS" lemma="'s">'s</w>
<w type="NN" lemma="trade">trade</w>
<w type="IN" lemma="as">as</w>
<w type="DT" lemma="a">a</w>
<w type="NN" lemma="carpenter">carpenter</w>
<pc type="SENT">.</pc>
</s>
<s><w type="PP" lemma="he">He</w>
<w type="RB" lemma="then">then</w>
<w type="VVD" lemma="become">became</w>
<w type="DT" lemma="a">a</w>
<w type="NN" lemma="preacher">preacher</w>
<pc type="sub">,</pc>
<w type="VVG" lemma="recruit">recruiting</w>
<w type="NN" lemma="twelve">twelve</w>
<w type="NNS" lemma="supporter">supporters</w>
<w type="TO" lemma="to">to</w>
<w type="VV" lemma="help">help</w>
<w type="PP" lemma="him">him</w>
<pc type="SENT">.</pc>
</s>
<s><w type="CC" lemma="but">But</w>
<w type="PPs" lemma="his">his</w>
<w type="NN" lemma="ministry">ministry</w>
<w type="RB" lemma="only">only</w>
<w type="VVD" lemma="last">lasted</w>
<w type="DT" lemma="a">a</w>
<w type="JJ" lemma="few">few</w>
<w type="NNS" lemma="year">years</w>
<w type="CC" lemma="and">and</w>
<w type="PP" lemma="he">he</w>
<w type="PP" lemma="himself">himself</w>
<w type="RB" lemma="never">never</w>
<w type="VVD" lemma="write">wrote</w>
<w type="NN" lemma="anything">anything</w>
<w type="RB" lemma="down">down</w>
<pc type="SENT">.</pc>
</s>
<s><w type="IN" lemma="in">In</w>
<w type="PPs" lemma="his">his</w>
<w type="JJ" lemma="early">early</w>
<w type="NNS" lemma="thirty">thirties</w>
<w type="PP" lemma="he">he</w>
<w type="VBD" lemma="be">was</w>
<w type="VVN" lemma="arrest">arrested</w>
<pc type="sub">,</pc>
<w type="VVN" lemma="torture">tortured</w>
<w type="CC" lemma="and">and</w>
<w type="VVN" lemma="crucify">crucified</w>
<w type="IN" lemma="with">with</w>
<w type="CD" lemma="two">two</w>
<w type="NNS" lemma="criminal">criminals</w>
<pc type="SENT">.</pc>
</s>
<s><w type="PPs" lemma="his">His</w>
<w type="NN" lemma="death">death</w>
<w type="MD" lemma="might">might</w>
<w type="VH" lemma="have">have</w>
<w type="VBN" lemma="be">been</w>
<w type="DT" lemma="the">the</w>
<w type="NN" lemma="end">end</w>
<w type="IN" lemma="of">of</w>
<w type="DT" lemma="the">the</w>
<w type="NN" lemma="story">story</w>
<pc type="sub">,</pc>
<w type="CC" lemma="but">but</w>
<w type="RB" lemma="then">then</w>
<w type="VVD" lemma="come">came</w>
<w type="DT" lemma="the">the</w>
<w type="NN" lemma="resurrection">resurrection</w>
<w type="CC" lemma="and">and</w>
<w type="IN" lemma="with">with</w>
<w type="PP" lemma="it">it</w>
<w type="DT" lemma="the">the</w>
<w type="NN" lemma="foundation">foundation</w>
<w type="IN" lemma="of">of</w>
<w type="DT" lemma="the">the</w>
<w type="JJ" lemma="Christian">Christian</w>
<w type="NN" lemma="faith">faith</w>
<pc type="SENT">.</pc>
</s>
<s><w type="RB" lemma="even">Even</w>
<w type="IN" lemma="in">in</w>
<w type="PPs" lemma="our">our</w>
<w type="JJ" lemma="very">very</w>
<w type="NN" lemma="material">material</w>
<w type="NN" lemma="age">age</w>
<w type="DT" lemma="the">the</w>
<w type="NN" lemma="impact">impact</w>
<w type="IN" lemma="of">of</w>
<w type="NP" lemma="Christ">Christ</w>
<w type="POS" lemma="'s">'s</w>
<w type="NN" lemma="life">life</w>
<w type="VBZ" lemma="be">is</w>
<w type="RB" lemma="all">all</w>
<w type="IN" lemma="around">around</w>
<w type="PP" lemma="us">us</w>
<pc type="SENT">.</pc>
</s>
<s><w type="IN" lemma="if">If</w>
<w type="PP" lemma="you">you</w>
<w type="VVP" lemma="want">want</w>
<w type="TO" lemma="to">to</w>
<w type="VV" lemma="see">see</w>
<w type="DT" lemma="an">an</w>
<w type="NN" lemma="expression">expression</w>
<w type="IN" lemma="of">of</w>
<w type="JJ" lemma="Christian">Christian</w>
<w type="NN" lemma="faith">faith</w>
<w type="PP" lemma="you">you</w>
<w type="VHP" lemma="have">have</w>
<w type="RB" lemma="only">only</w>
<w type="TO" lemma="to">to</w>
<w type="VV" lemma="look">look</w>
<w type="IN" lemma="at">at</w>
<w type="PPs" lemma="our">our</w>
<w type="JJ" lemma="awe-inspiring">awe-inspiring</w>
<w type="NNS" lemma="cathedral">cathedrals</w>
<w type="CC" lemma="and">and</w>
<w type="NNS" lemma="abbey">abbeys</w>
<pc type="sub">,</pc>
<w type="VVP" lemma="listen">listen</w>
<w type="TO" lemma="to">to</w>
<w type="PPs" lemma="their">their</w>
<w type="NN" lemma="music">music</w>
<pc type="sub">,</pc>
<w type="CC" lemma="or">or</w>
<w type="VVP" lemma="look">look</w>
<w type="IN" lemma="at">at</w>
<w type="PPs" lemma="their">their</w>
<w type="VVN" lemma="stain">stained</w>
<w type="NN" lemma="glass">glass</w>
<w type="NNS" lemma="window">windows</w>
<pc type="sub">,</pc>
<w type="PPs" lemma="their">their</w>
<w type="NNS" lemma="book">books</w>
<w type="CC" lemma="and">and</w>
<w type="PPs" lemma="their">their</w>
<w type="NNS" lemma="picture">pictures</w>
<pc type="SENT">.</pc>
</s>
<s><w type="CC" lemma="but">But</w>
<w type="DT" lemma="the">the</w>
<w type="JJ" lemma="true">true</w>
<w type="NN" lemma="measure">measure</w>
<w type="IN" lemma="of">of</w>
<w type="NP" lemma="Christ">Christ</w>
<w type="POS" lemma="'s">'s</w>
<w type="NN" lemma="influence">influence</w>
<w type="VBZ" lemma="be">is</w>
<w type="RB" lemma="not">not</w>
<w type="RB" lemma="only">only</w>
<w type="IN" lemma="in">in</w>
<w type="DT" lemma="the">the</w>
<w type="NNS" lemma="life">lives</w>
<w type="IN" lemma="of">of</w>
<w type="DT" lemma="the">the</w>
<w type="NNS" lemma="saint">saints</w>
<w type="CC" lemma="but">but</w>
<w type="RB" lemma="also">also</w>
<w type="IN" lemma="in">in</w>
<w type="DT" lemma="the">the</w>
<w type="JJ" lemma="good">good</w>
<w type="NNS" lemma="work">works</w>
<w type="RB" lemma="quietly">quietly</w>
<w type="VVN" lemma="do">done</w>
<w type="IN" lemma="by">by</w>
<w type="NNS" lemma="million">millions</w>
<w type="IN" lemma="of">of</w>
<w type="NNS" lemma="man">men</w>
<w type="CC" lemma="and">and</w>
<w type="NNS" lemma="woman">women</w>
<w type="NN" lemma="day">day</w>
<w type="IN" lemma="in">in</w>
<w type="CC" lemma="and">and</w>
<w type="NN" lemma="day">day</w>
<w type="IN" lemma="out">out</w>
<w type="IN" lemma="throughout">throughout</w>
<w type="DT" lemma="the">the</w>
<w type="NNS" lemma="century">centuries</w>
<pc type="SENT">.</pc>
</s>
<s><w type="DT" lemma="many">Many</w>
<w type="MD" lemma="will">will</w>
<w type="VH" lemma="have">have</w>
<w type="VBN" lemma="be">been</w>
<w type="VVN" lemma="inspire">inspired</w>
<w type="IN" lemma="by">by</w>
<w type="NP" lemma="Jesus">Jesus</w>
<w type="POS" lemma="'">'</w>
<w type="JJ" lemma="simple">simple</w>
<w type="CC" lemma="but">but</w>
<w type="JJ" lemma="powerful">powerful</w>
<w type="NN" lemma="teaching">teaching</w>
<pc type="sub">:</pc>
<w type="VV" lemma="love">love</w>
<w type="NP" lemma="God">God</w>
<w type="CC" lemma="and">and</w>
<w type="VV" lemma="love">love</w>
<w type="JJR" lemma="XXXX">thy</w>
<w type="NN" lemma="neighbour">neighbour</w>
<w type="IN" lemma="as">as</w>
<w type="NN" lemma="XXXX">thyself</w>
<pc type="sub">-</pc>
<w type="IN" lemma="in">in</w>
<w type="JJ" lemma="other">other</w>
<w type="NNS" lemma="word">words</w>
<pc type="sub">,</pc>
<w type="VV" lemma="treat">treat</w>
<w type="NNS" lemma="other">others</w>
<w type="IN" lemma="as">as</w>
<w type="PP" lemma="you">you</w>
<w type="MD" lemma="would">would</w>
<w type="VV" lemma="like">like</w>
<w type="PP" lemma="them">them</w>
<w type="TO" lemma="to">to</w>
<w type="VV" lemma="treat">treat</w>
<w type="PP" lemma="you">you</w>
<pc type="SENT">.</pc>
</s>
<s><w type="PPs" lemma="his">His</w>
<w type="JJ" lemma="great">great</w>
<w type="NN" lemma="emphasis">emphasis</w>
<w type="VBD" lemma="be">was</w>
<w type="TO" lemma="to">to</w>
<w type="VV" lemma="give">give</w>
<w type="NN" lemma="spirituality">spirituality</w>
<w type="DT" lemma="a">a</w>
<w type="JJ" lemma="practical">practical</w>
<w type="NN" lemma="purpose">purpose</w>
<pc type="SENT">.</pc>
</s></p><p><s><w type="IN" lemma="whether">Whether</w>
<w type="PP" lemma="we">we</w>
<w type="VVP" lemma="believe">believe</w>
<w type="IN" lemma="in">in</w>
<w type="NP" lemma="God">God</w>
<w type="CC" lemma="or">or</w>
<w type="RB" lemma="not">not</w>
<pc type="sub">,</pc>
<w type="PP" lemma="I">I</w>
<w type="VVP" lemma="think">think</w>
<w type="JJS" lemma="most">most</w>
<w type="IN" lemma="of">of</w>
<w type="PP" lemma="us">us</w>
<w type="VHP" lemma="have">have</w>
<w type="DT" lemma="a">a</w>
<w type="NN" lemma="sense">sense</w>
<w type="IN" lemma="of">of</w>
<w type="DT" lemma="the">the</w>
<w type="JJ" lemma="spiritual">spiritual</w>
<pc type="sub">,</pc>
<w type="DT" lemma="that">that</w>
<w type="NN" lemma="recognition">recognition</w>
<w type="IN" lemma="of">of</w>
<w type="DT" lemma="a">a</w>
<w type="JJR" lemma="deep">deeper</w>
<w type="NN" lemma="meaning">meaning</w>
<w type="CC" lemma="and">and</w>
<w type="NN" lemma="purpose">purpose</w>
<w type="IN" lemma="in">in</w>
<w type="PPs" lemma="our">our</w>
<w type="NNS" lemma="life">lives</w>
<pc type="sub">,</pc>
<w type="CC" lemma="and">and</w>
<w type="PP" lemma="I">I</w>
<w type="VVP" lemma="believe">believe</w>
<w type="IN" lemma="that">that</w>
<w type="DT" lemma="this">this</w>
<w type="NN" lemma="sense">sense</w>
<w type="VVZ" lemma="flourish">flourishes</w>
<w type="IN" lemma="despite">despite</w>
<w type="DT" lemma="the">the</w>
<w type="NNS" lemma="pressure">pressures</w>
<w type="IN" lemma="of">of</w>
<w type="PPs" lemma="our">our</w>
<w type="NN" lemma="world">world</w>
<pc type="SENT">.</pc>
</s>
<s><w type="DT" lemma="this">This</w>
<w type="NN" lemma="spirituality">spirituality</w>
<w type="MD" lemma="can">can</w>
<w type="VB" lemma="be">be</w>
<w type="VVN" lemma="see">seen</w>
<w type="IN" lemma="in">in</w>
<w type="DT" lemma="the">the</w>
<w type="NNS" lemma="teaching">teachings</w>
<w type="IN" lemma="of">of</w>
<w type="JJ" lemma="other">other</w>
<w type="JJ" lemma="great">great</w>
<w type="NNS" lemma="faith">faiths</w>
<pc type="SENT">.</pc>
</s>
<s><w type="IN" lemma="of">Of</w>
<w type="NN" lemma="course">course</w>
<w type="NN" lemma="religion">religion</w>
<w type="MD" lemma="can">can</w>
<w type="VB" lemma="be">be</w>
<w type="JJ" lemma="divisive">divisive</w>
<pc type="sub">,</pc>
<w type="CC" lemma="but">but</w>
<w type="DT" lemma="the">the</w>
<w type="NP" lemma="Bible">Bible</w>
<pc type="sub">,</pc>
<w type="DT" lemma="the">the</w>
<w type="NN" lemma="Koran">Koran</w>
<w type="CC" lemma="and">and</w>
<w type="DT" lemma="the">the</w>
<w type="JJ" lemma="sacred">sacred</w>
<w type="NNS" lemma="text">texts</w>
<w type="IN" lemma="of">of</w>
<w type="DT" lemma="the">the</w>
<w type="NPS" lemma="Jews">Jews</w>
<w type="CC" lemma="and">and</w>
<w type="NNS" lemma="Hindu">Hindus</w>
<pc type="sub">,</pc>
<w type="NNS" lemma="Buddhist">Buddhists</w>
<w type="CC" lemma="and">and</w>
<w type="NNS" lemma="Sikh">Sikhs</w>
<pc type="sub">,</pc>
<w type="VBP" lemma="are">are</w>
<w type="DT" lemma="all">all</w>
<w type="NNS" lemma="source">sources</w>
<w type="IN" lemma="of">of</w>
<w type="JJ" lemma="divine">divine</w>
<w type="NN" lemma="inspiration">inspiration</w>
<w type="CC" lemma="and">and</w>
<w type="JJ" lemma="practical">practical</w>
<w type="NN" lemma="guidance">guidance</w>
<w type="VVN" lemma="pass">passed</w>
<w type="RP" lemma="down">down</w>
<w type="IN" lemma="through">through</w>
<w type="DT" lemma="the">the</w>
<w type="NNS" lemma="generation">generations</w>
<pc type="SENT">.</pc>
</s>
<s><w type="TO" lemma="To">To</w>
<w type="JJ" lemma="many">many</w>
<w type="IN" lemma="of">of</w>
<w type="PP" lemma="us">us</w>
<w type="PPs" lemma="our">our</w>
<w type="NNS" lemma="belief">beliefs</w>
<w type="VBP" lemma="are">are</w>
<w type="IN" lemma="of">of</w>
<w type="JJ" lemma="fundamental">fundamental</w>
<w type="NN" lemma="importance">importance</w>
<pc type="SENT">.</pc>
</s>
<s><w type="IN" lemma="for">For</w>
<w type="PP" lemma="me">me</w>
<w type="DT" lemma="the">the</w>
<w type="NNS" lemma="teaching">teachings</w>
<w type="IN" lemma="of">of</w>
<w type="NP" lemma="Christ">Christ</w>
<w type="CC" lemma="and">and</w>
<w type="PPs" lemma="my">my</w>
<w type="JJ" lemma="own">own</w>
<w type="JJ" lemma="personal">personal</w>
<w type="NN" lemma="accountability">accountability</w>
<w type="IN" lemma="before">before</w>
<w type="NP" lemma="God">God</w>
<w type="VVP" lemma="provide">provide</w>
<w type="DT" lemma="a">a</w>
<w type="NN" lemma="framework">framework</w>
<w type="IN" lemma="in">in</w>
<w type="WDT" lemma="which">which</w>
<w type="PP" lemma="I">I</w>
<w type="VVP" lemma="try">try</w>
<w type="TO" lemma="to">to</w>
<w type="VV" lemma="lead">lead</w>
<w type="PPs" lemma="my">my</w>
<w type="NN" lemma="life">life</w>
<pc type="SENT">.</pc>
</s>
<s><w type="PP" lemma="I">I</w>
<pc type="sub">,</pc>
<w type="IN" lemma="like">like</w>
<w type="RB" lemma="so">so</w>
<w type="JJ" lemma="many">many</w>
<w type="IN" lemma="of">of</w>
<w type="PP" lemma="you">you</w>
<pc type="sub">,</pc>
<w type="VHP" lemma="have">have</w>
<w type="VVN" lemma="draw">drawn</w>
<w type="JJ" lemma="great">great</w>
<w type="NN" lemma="comfort">comfort</w>
<w type="IN" lemma="in">in</w>
<w type="JJ" lemma="difficult">difficult</w>
<w type="NNS" lemma="time">times</w>
<w type="IN" lemma="from">from</w>
<w type="NP" lemma="Christ">Christ</w>
<w type="POS" lemma="'s">'s</w>
<w type="NNS" lemma="word">words</w>
<w type="CC" lemma="and">and</w>
<w type="NN" lemma="example">example</w>
<pc type="SENT">.</pc>
</s>
<s><w type="PP" lemma="I">I</w>
<w type="VVP" lemma="believe">believe</w>
<w type="IN" lemma="that">that</w>
<w type="DT" lemma="the">the</w>
<w type="JJ" lemma="Christian">Christian</w>
<w type="NN" lemma="message">message</w>
<pc type="sub">,</pc>
<w type="IN" lemma="in">in</w>
<w type="DT" lemma="the">the</w>
<w type="NNS" lemma="word">words</w>
<w type="IN" lemma="of">of</w>
<w type="DT" lemma="a">a</w>
<w type="JJ" lemma="familiar">familiar</w>
<w type="NN" lemma="blessing">blessing</w>
<pc type="sub">,</pc>
<w type="VVZ" lemma="remain">remains</w>
<w type="RB" lemma="profoundly">profoundly</w>
<w type="JJ" lemma="important">important</w>
<w type="TO" lemma="to">to</w>
<w type="PP" lemma="us">us</w>
<w type="RB" lemma="all">all</w>
<pc type="sub">:</pc>
<pc type="oq">"</pc>
<w type="VV" lemma="go">Go</w>
<w type="RB" lemma="forth">forth</w>
<w type="IN" lemma="into">into</w>
<w type="DT" lemma="the">the</w>
<w type="NN" lemma="world">world</w>
<w type="IN" lemma="in">in</w>
<w type="NN" lemma="peace">peace</w>
<pc type="sub">,</pc>
<w type="VB" lemma="be">be</w>
<w type="IN" lemma="of">of</w>
<w type="JJ" lemma="good">good</w>
<w type="NN" lemma="courage">courage</w>
<pc type="sub">,</pc>
<w type="VVP" lemma="hold">hold</w>
<w type="RB" lemma="fast">fast</w>
<w type="IN" lemma="that">that</w>
<w type="WDT" lemma="which">which</w>
<w type="VBZ" lemma="be">is</w>
<w type="JJ" lemma="good">good</w>
<pc type="sub">,</pc>
<w type="VV" lemma="render">render</w>
<w type="TO" lemma="to">to</w>
<w type="DT" lemma="no">no</w>
<w type="NN" lemma="man">man</w>
<w type="NN" lemma="evil">evil</w>
<w type="IN" lemma="for">for</w>
<w type="JJ" lemma="evil">evil</w>
<pc type="sub">,</pc>
<w type="VV" lemma="strengthen">strengthen</w>
<w type="DT" lemma="the">the</w>
<w type="JJ" lemma="faint-hearted">faint-hearted</w>
<pc type="sub">,</pc>
<w type="VV" lemma="support">support</w>
<w type="DT" lemma="the">the</w>
<w type="JJ" lemma="weak">weak</w>
<pc type="sub">,</pc>
<w type="VV" lemma="help">help</w>
<w type="DT" lemma="the">the</w>
<w type="VVN" lemma="afflict">afflicted</w>
<pc type="sub">,</pc>
<w type="VV" lemma="honour">honour</w>
<w type="DT" lemma="all">all</w>
<w type="NNS" lemma="man">men</w>
<pc type="SENT">.</pc>
<pc type="oq">"</pc>
<w type="PP" lemma="it">It</w>
<w type="VBZ" lemma="be">is</w>
<w type="DT" lemma="a">a</w>
<w type="JJ" lemma="simple">simple</w>
<w type="NN" lemma="message">message</w>
<w type="IN" lemma="of">of</w>
<w type="NN" lemma="compassion">compassion</w>
<pc type="sub">...</pc>
<w type="CC" lemma="and">and</w>
<w type="RB" lemma="yet">yet</w>
<w type="RB" lemma="as">as</w>
<w type="JJ" lemma="powerful">powerful</w>
<w type="IN" lemma="as">as</w>
<w type="RB" lemma="ever">ever</w>
<w type="NN" lemma="today">today</w>
<pc type="sub">,</pc>
<w type="CD" lemma="two">two</w>
<w type="CD" lemma="thousand">thousand</w>
<w type="NNS" lemma="year">years</w>
<w type="IN" lemma="after">after</w>
<w type="NP" lemma="Christ">Christ</w>
<w type="POS" lemma="'s">'s</w>
<w type="NN" lemma="birth">birth</w>
<pc type="SENT">.</pc>
</s>
<s><w type="PP" lemma="I">I</w>
<w type="VVP" lemma="hope">hope</w>
<w type="DT" lemma="this">this</w>
<w type="NN" lemma="day">day</w>
<w type="MD" lemma="will">will</w>
<w type="VB" lemma="be">be</w>
<w type="RB" lemma="as">as</w>
<w type="JJ" lemma="special">special</w>
<w type="IN" lemma="for">for</w>
<w type="PP" lemma="you">you</w>
<w type="IN" lemma="as">as</w>
<w type="PP" lemma="it">it</w>
<w type="VBZ" lemma="be">is</w>
<w type="IN" lemma="for">for</w>
<w type="PP" lemma="me">me</w>
<pc type="SENT">.</pc>
</s>
<s><w type="MD" lemma="May">May</w>
<w type="PP" lemma="I">I</w>
<w type="VVP" lemma="wish">wish</w>
<w type="PP" lemma="you">you</w>
<w type="PDT" lemma="all">all</w>
<w type="DT" lemma="a">a</w>
<w type="RB" lemma="very">very</w>
<w type="JJ" lemma="happy">Happy</w>
<w type="NP" lemma="Christmas">Christmas</w>
<pc type="SENT">.</pc>
</s></p></div>