<div n="2001"><head><s><w type="NP" lemma="Christmas">Christmas</w>
<w type="NP" lemma="Broadcast">Broadcast</w>
<w type="CD" lemma="@card@">2001</w>
</s></head><p><s><w type="IN" lemma="for">For</w>
<w type="JJ" lemma="many">many</w>
<w type="NNS" lemma="people">people</w>
<w type="RB" lemma="all">all</w>
<w type="IN" lemma="over">over</w>
<w type="DT" lemma="the">the</w>
<w type="NN" lemma="world">world</w>
<pc type="sub">,</pc>
<w type="DT" lemma="the">the</w>
<w type="NN" lemma="year">year</w>
<w type="CD" lemma="@card@">2001</w>
<w type="VVZ" lemma="seem">seems</w>
<w type="TO" lemma="to">to</w>
<w type="VH" lemma="have">have</w>
<w type="VVN" lemma="bring">brought</w>
<w type="PP" lemma="them">them</w>
<w type="RBR" lemma="more">more</w>
<w type="IN" lemma="than">than</w>
<w type="PPs" lemma="their">their</w>
<w type="JJ" lemma="fair">fair</w>
<w type="NN" lemma="share">share</w>
<w type="IN" lemma="of">of</w>
<w type="NNS" lemma="trial">trials</w>
<w type="CC" lemma="and">and</w>
<w type="NNS" lemma="disaster">disasters</w>
<pc type="SENT">.</pc>
</s></p><p><s><w type="EX" lemma="There">There</w>
<w type="VHP" lemma="have">have</w>
<w type="VBN" lemma="be">been</w>
<w type="NNS" lemma="storm">storms</w>
<w type="CC" lemma="and">and</w>
<w type="NNS" lemma="drought">droughts</w>
<w type="RB" lemma="as">as</w>
<w type="RB" lemma="well">well</w>
<w type="IN" lemma="as">as</w>
<w type="NNS" lemma="epidemic">epidemics</w>
<w type="CC" lemma="and">and</w>
<w type="NN" lemma="famine">famine</w>
<pc type="SENT">.</pc>
</s>
<s><w type="CC" lemma="and">And</w>
<w type="DT" lemma="this">this</w>
<w type="NN" lemma="country">country</w>
<w type="VHZ" lemma="have">has</w>
<w type="RB" lemma="not">not</w>
<w type="VBN" lemma="be">been</w>
<w type="VVN" lemma="spare">spared</w>
<pc type="sub">,</pc>
<w type="IN" lemma="with">with</w>
<w type="DT" lemma="the">the</w>
<w type="NNS" lemma="flood">floods</w>
<w type="DT" lemma="this">this</w>
<w type="NN" lemma="time">time</w>
<w type="JJ" lemma="last">last</w>
<w type="NN" lemma="year">year</w>
<pc type="sub">,</pc>
<w type="CC" lemma="and">and</w>
<w type="NP" lemma="Foot">Foot</w>
<w type="CC" lemma="and">and</w>
<w type="NP" lemma="XXXX">Mouth</w>
<pc type="sub">,</pc>
<w type="WDT" lemma="which">which</w>
<w type="VHZ" lemma="have">has</w>
<w type="VHN" lemma="have">had</w>
<w type="JJ" lemma="such">such</w>
<w type="JJ" lemma="devastating">devastating</w>
<w type="NNS" lemma="consequence">consequences</w>
<w type="IN" lemma="for">for</w>
<w type="PPs" lemma="our">our</w>
<w type="NNS" lemma="farmer">farmers</w>
<w type="CC" lemma="and">and</w>
<w type="JJ" lemma="rural">rural</w>
<w type="NNS" lemma="community">communities</w>
<pc type="SENT">.</pc>
</s>
<s><w type="PP" lemma="they">They</w>
<w type="CC" lemma="and">and</w>
<w type="NNS" lemma="other">others</w>
<w type="WPs" lemma="whose">whose</w>
<w type="NNS" lemma="livelihood">livelihoods</w>
<w type="VHP" lemma="have">have</w>
<w type="VBN" lemma="be">been</w>
<w type="VVN" lemma="affect">affected</w>
<w type="VVP" lemma="continue">continue</w>
<w type="TO" lemma="to">to</w>
<w type="VV" lemma="suffer">suffer</w>
<w type="NN" lemma="hardship">hardship</w>
<w type="CC" lemma="and">and</w>
<w type="NN" lemma="anxiety">anxiety</w>
<w type="RB" lemma="long">long</w>
<w type="IN" lemma="after">after</w>
<w type="DT" lemma="the">the</w>
<w type="NN" lemma="newspaper">newspaper</w>
<w type="NNS" lemma="headline">headlines</w>
<w type="VHP" lemma="have">have</w>
<w type="VVN" lemma="move">moved</w>
<w type="RP" lemma="on">on</w>
<pc type="SENT">.</pc>
</s></p><p><s><w type="CC" lemma="but">But</w>
<w type="IN" lemma="whilst">whilst</w>
<w type="JJ" lemma="many">many</w>
<w type="IN" lemma="of">of</w>
<w type="DT" lemma="these">these</w>
<w type="NNS" lemma="event">events</w>
<w type="VBD" lemma="be">were</w>
<w type="IN" lemma="of">of</w>
<w type="JJ" lemma="natural">natural</w>
<w type="NN" lemma="origin">origin</w>
<pc type="sub">,</pc>
<w type="PP" lemma="it">it</w>
<w type="VBD" lemma="be">was</w>
<w type="DT" lemma="the">the</w>
<w type="JJ" lemma="human">human</w>
<w type="NNS" lemma="conflict">conflicts</w>
<w type="CC" lemma="and">and</w>
<w type="DT" lemma="the">the</w>
<w type="JJ" lemma="wanton">wanton</w>
<w type="NNS" lemma="act">acts</w>
<w type="IN" lemma="of">of</w>
<w type="NN" lemma="crime">crime</w>
<w type="CC" lemma="and">and</w>
<w type="NN" lemma="terror">terror</w>
<w type="IN" lemma="against">against</w>
<w type="JJ" lemma="fellow">fellow</w>
<w type="JJ" lemma="human">human</w>
<w type="NNS" lemma="being">beings</w>
<w type="WDT" lemma="which">which</w>
<w type="VHP" lemma="have">have</w>
<w type="RB" lemma="so">so</w>
<w type="VVN" lemma="appall">appalled</w>
<w type="PP" lemma="us">us</w>
<w type="DT" lemma="all">all</w>
<pc type="SENT">.</pc>
</s></p><p><s><w type="DT" lemma="the">The</w>
<w type="JJ" lemma="terrorist">terrorist</w>
<w type="NNS" lemma="outrage">outrages</w>
<w type="IN" lemma="in">in</w>
<w type="DT" lemma="the">the</w>
<w type="NP" lemma="United">United</w>
<w type="NP" lemma="States">States</w>
<w type="JJ" lemma="last">last</w>
<w type="NP" lemma="September">September</w>
<w type="VVD" lemma="bring">brought</w>
<w type="NN" lemma="home">home</w>
<w type="TO" lemma="to">to</w>
<w type="PP" lemma="us">us</w>
<w type="DT" lemma="the">the</w>
<w type="NN" lemma="pain">pain</w>
<w type="CC" lemma="and">and</w>
<w type="NN" lemma="grief">grief</w>
<w type="IN" lemma="of">of</w>
<w type="JJ" lemma="ordinary">ordinary</w>
<w type="NNS" lemma="people">people</w>
<w type="DT" lemma="the">the</w>
<w type="NN" lemma="world">world</w>
<w type="IN" lemma="over">over</w>
<w type="WP" lemma="who">who</w>
<w type="VVP" lemma="find">find</w>
<w type="PP" lemma="themselves">themselves</w>
<w type="RB" lemma="innocently">innocently</w>
<w type="VVD" lemma="catch">caught</w>
<w type="RP" lemma="up">up</w>
<w type="IN" lemma="in">in</w>
<w type="JJ" lemma="such">such</w>
<w type="NN" lemma="evil">evil</w>
<pc type="SENT">.</pc>
</s></p><p><s><w type="IN" lemma="during">During</w>
<w type="DT" lemma="the">the</w>
<w type="VVG" lemma="follow">following</w>
<w type="NNS" lemma="day">days</w>
<w type="PP" lemma="we">we</w>
<w type="VVD" lemma="struggle">struggled</w>
<w type="TO" lemma="to">to</w>
<w type="VV" lemma="find">find</w>
<w type="NNS" lemma="way">ways</w>
<w type="IN" lemma="of">of</w>
<w type="VVG" lemma="express">expressing</w>
<w type="PPs" lemma="our">our</w>
<w type="NN" lemma="horror">horror</w>
<w type="IN" lemma="at">at</w>
<w type="WP" lemma="what">what</w>
<w type="VHD" lemma="have">had</w>
<w type="VVN" lemma="happen">happened</w>
<pc type="SENT">.</pc>
</s>
<s><w type="IN" lemma="as">As</w>
<w type="RB" lemma="so">so</w>
<w type="RB" lemma="often">often</w>
<w type="IN" lemma="in">in</w>
<w type="PPs" lemma="our">our</w>
<w type="NNS" lemma="life">lives</w>
<w type="IN" lemma="at">at</w>
<w type="NNS" lemma="time">times</w>
<w type="IN" lemma="of">of</w>
<w type="NN" lemma="tragedy">tragedy</w>
<pc type="sub">-</pc>
<w type="RB" lemma="just">just</w>
<w type="RB" lemma="as">as</w>
<w type="IN" lemma="on">on</w>
<w type="NNS" lemma="occasion">occasions</w>
<w type="IN" lemma="of">of</w>
<w type="NN" lemma="celebration">celebration</w>
<w type="CC" lemma="and">and</w>
<w type="NN" lemma="thanksgiving">thanksgiving</w>
<pc type="sub">-</pc>
<w type="PP" lemma="we">we</w>
<w type="VVP" lemma="look">look</w>
<w type="TO" lemma="to">to</w>
<w type="DT" lemma="the">the</w>
<w type="NP" lemma="Church">Church</w>
<w type="TO" lemma="to">to</w>
<w type="VV" lemma="bring">bring</w>
<w type="PP" lemma="us">us</w>
<w type="RB" lemma="together">together</w>
<w type="IN" lemma="as">as</w>
<w type="DT" lemma="a">a</w>
<w type="NN" lemma="nation">nation</w>
<w type="CC" lemma="or">or</w>
<w type="IN" lemma="as">as</w>
<w type="DT" lemma="a">a</w>
<w type="NN" lemma="community">community</w>
<w type="IN" lemma="in">in</w>
<w type="NN" lemma="commemoration">commemoration</w>
<w type="CC" lemma="and">and</w>
<w type="NN" lemma="tribute">tribute</w>
<pc type="SENT">.</pc>
</s></p><p><s><w type="PP" lemma="it">It</w>
<w type="VBZ" lemma="be">is</w>
<w type="TO" lemma="to">to</w>
<w type="DT" lemma="the">the</w>
<w type="NP" lemma="Church">Church</w>
<w type="IN" lemma="that">that</w>
<w type="PP" lemma="we">we</w>
<w type="VVP" lemma="turn">turn</w>
<w type="TO" lemma="to">to</w>
<w type="VV" lemma="give">give</w>
<w type="VVG" lemma="mean">meaning</w>
<w type="TO" lemma="to">to</w>
<w type="DT" lemma="these">these</w>
<w type="NNS" lemma="moment">moments</w>
<w type="IN" lemma="of">of</w>
<w type="JJ" lemma="intense">intense</w>
<w type="JJ" lemma="human">human</w>
<w type="NN" lemma="experience">experience</w>
<w type="IN" lemma="through">through</w>
<w type="NN" lemma="prayer">prayer</w>
<pc type="sub">,</pc>
<w type="NN" lemma="symbol">symbol</w>
<w type="CC" lemma="and">and</w>
<w type="NN" lemma="ceremony">ceremony</w>
<pc type="SENT">.</pc>
</s></p><p><s><w type="IN" lemma="in">In</w>
<w type="DT" lemma="these">these</w>
<w type="NNS" lemma="circumstance">circumstances</w>
<w type="RB" lemma="so">so</w>
<w type="JJ" lemma="many">many</w>
<w type="IN" lemma="of">of</w>
<w type="PP" lemma="us">us</w>
<pc type="sub">,</pc>
<w type="WDT" lemma="whatever">whatever</w>
<w type="PPs" lemma="our">our</w>
<w type="NN" lemma="religion">religion</w>
<pc type="sub">,</pc>
<w type="VVP" lemma="need">need</w>
<w type="PPs" lemma="our">our</w>
<w type="NN" lemma="faith">faith</w>
<w type="RBR" lemma="more">more</w>
<w type="IN" lemma="than">than</w>
<w type="RB" lemma="ever">ever</w>
<w type="TO" lemma="to">to</w>
<w type="VV" lemma="sustain">sustain</w>
<w type="CC" lemma="and">and</w>
<w type="VV" lemma="guide">guide</w>
<w type="PP" lemma="us">us</w>
<pc type="SENT">.</pc>
</s>
<s><w type="DT" lemma="every">Every</w>
<w type="NN" lemma="one">one</w>
<w type="IN" lemma="of">of</w>
<w type="PP" lemma="us">us</w>
<w type="VVZ" lemma="need">needs</w>
<w type="TO" lemma="to">to</w>
<w type="VV" lemma="believe">believe</w>
<w type="IN" lemma="in">in</w>
<w type="DT" lemma="the">the</w>
<w type="NN" lemma="value">value</w>
<w type="IN" lemma="of">of</w>
<w type="DT" lemma="all">all</w>
<w type="WDT" lemma="that">that</w>
<w type="VBZ" lemma="be">is</w>
<w type="JJ" lemma="good">good</w>
<w type="CC" lemma="and">and</w>
<w type="JJ" lemma="honest">honest</w>
<pc type="sub">;</pc>
<w type="PP" lemma="we">we</w>
<w type="VVP" lemma="need">need</w>
<w type="TO" lemma="to">to</w>
<w type="VV" lemma="let">let</w>
<w type="DT" lemma="this">this</w>
<w type="NN" lemma="belief">belief</w>
<w type="NN" lemma="drive">drive</w>
<w type="CC" lemma="and">and</w>
<w type="VV" lemma="influence">influence</w>
<w type="PPs" lemma="our">our</w>
<w type="NNS" lemma="action">actions</w>
<pc type="SENT">.</pc>
</s></p><p><s><w type="PDT" lemma="All">All</w>
<w type="DT" lemma="the">the</w>
<w type="JJ" lemma="major">major</w>
<w type="NNS" lemma="faith">faiths</w>
<w type="VVP" lemma="tell">tell</w>
<w type="PP" lemma="us">us</w>
<w type="TO" lemma="to">to</w>
<w type="VV" lemma="give">give</w>
<w type="NN" lemma="support">support</w>
<w type="CC" lemma="and">and</w>
<w type="NN" lemma="hope">hope</w>
<w type="TO" lemma="to">to</w>
<w type="NNS" lemma="other">others</w>
<w type="IN" lemma="in">in</w>
<w type="NN" lemma="distress">distress</w>
<pc type="SENT">.</pc>
</s>
<s><w type="PP" lemma="we">We</w>
<w type="IN" lemma="in">in</w>
<w type="DT" lemma="this">this</w>
<w type="NN" lemma="country">country</w>
<w type="VHP" lemma="have">have</w>
<w type="VVN" lemma="try">tried</w>
<w type="TO" lemma="to">to</w>
<w type="VV" lemma="bring">bring</w>
<w type="NN" lemma="comfort">comfort</w>
<w type="TO" lemma="to">to</w>
<w type="PDT" lemma="all">all</w>
<w type="DT" lemma="those">those</w>
<w type="WP" lemma="who">who</w>
<w type="VBD" lemma="be">were</w>
<w type="VVN" lemma="bereave">bereaved</w>
<pc type="sub">,</pc>
<w type="CC" lemma="or">or</w>
<w type="WP" lemma="who">who</w>
<w type="VVD" lemma="suffer">suffered</w>
<w type="NN" lemma="loss">loss</w>
<w type="CC" lemma="or">or</w>
<w type="NN" lemma="injury">injury</w>
<w type="IN" lemma="in">in</w>
<w type="NP" lemma="September">September</w>
<w type="POS" lemma="'s">'s</w>
<w type="JJ" lemma="tragic">tragic</w>
<w type="NNS" lemma="event">events</w>
<w type="IN" lemma="through">through</w>
<w type="DT" lemma="those">those</w>
<w type="VVG" lemma="move">moving</w>
<w type="NNS" lemma="service">services</w>
<w type="IN" lemma="at">at</w>
<w type="NP" lemma="St">St</w>
<w type="NP" lemma="Paul">Paul</w>
<w type="POS" lemma="'s">'s</w>
<w type="CC" lemma="and">and</w>
<w type="RBR" lemma="more">more</w>
<w type="RB" lemma="recently">recently</w>
<w type="IN" lemma="at">at</w>
<w type="NP" lemma="Westminster">Westminster</w>
<w type="NP" lemma="Abbey">Abbey</w>
<pc type="SENT">.</pc>
</s></p><p><s><w type="IN" lemma="on">On</w>
<w type="DT" lemma="these">these</w>
<w type="NNS" lemma="occasion">occasions</w>
<w type="CC" lemma="and">and</w>
<w type="IN" lemma="during">during</w>
<w type="DT" lemma="the">the</w>
<w type="JJ" lemma="countless">countless</w>
<w type="JJ" lemma="other">other</w>
<w type="NNS" lemma="act">acts</w>
<w type="IN" lemma="of">of</w>
<w type="NN" lemma="worship">worship</w>
<w type="IN" lemma="during">during</w>
<w type="DT" lemma="this">this</w>
<w type="JJ" lemma="past">past</w>
<w type="NN" lemma="year">year</w>
<pc type="sub">,</pc>
<w type="PP" lemma="we">we</w>
<w type="VVD" lemma="come">came</w>
<w type="RB" lemma="together">together</w>
<w type="IN" lemma="as">as</w>
<w type="DT" lemma="a">a</w>
<w type="NN" lemma="community">community</w>
<pc type="sub">-</pc>
<w type="IN" lemma="of">of</w>
<w type="NNS" lemma="relation">relations</w>
<pc type="sub">,</pc>
<w type="NNS" lemma="friend">friends</w>
<w type="CC" lemma="and">and</w>
<w type="NNS" lemma="neighbour">neighbours</w>
<pc type="sub">-</pc>
<w type="TO" lemma="to">to</w>
<w type="VV" lemma="draw">draw</w>
<w type="NN" lemma="strength">strength</w>
<w type="IN" lemma="in">in</w>
<w type="JJ" lemma="troubled">troubled</w>
<w type="NNS" lemma="time">times</w>
<w type="IN" lemma="from">from</w>
<w type="DT" lemma="those">those</w>
<w type="IN" lemma="around">around</w>
<w type="PP" lemma="us">us</w>
<pc type="SENT">.</pc>
</s></p><p><s><w type="PP" lemma="I">I</w>
<w type="VVP" lemma="believe">believe</w>
<w type="IN" lemma="that">that</w>
<w type="JJ" lemma="strong">strong</w>
<w type="CC" lemma="and">and</w>
<w type="JJ" lemma="open">open</w>
<w type="NNS" lemma="community">communities</w>
<w type="NN" lemma="matter">matter</w>
<w type="CC" lemma="both">both</w>
<w type="IN" lemma="in">in</w>
<w type="JJ" lemma="good">good</w>
<w type="NNS" lemma="time">times</w>
<w type="IN" lemma="as">as</w>
<w type="RB" lemma="well">well</w>
<w type="RB" lemma="as">as</w>
<w type="JJ" lemma="bad">bad</w>
<pc type="SENT">.</pc>
</s>
<s><w type="RB" lemma="certainly">Certainly</w>
<w type="PP" lemma="they">they</w>
<w type="VVP" lemma="provide">provide</w>
<w type="DT" lemma="a">a</w>
<w type="NN" lemma="way">way</w>
<w type="IN" lemma="of">of</w>
<w type="VVG" lemma="help">helping</w>
<w type="PP" lemma="one">one</w>
<w type="DT" lemma="another">another</w>
<pc type="SENT">.</pc>
</s>
<s><w type="PP" lemma="I">I</w>
<w type="MD" lemma="would">would</w>
<w type="VV" lemma="like">like</w>
<w type="TO" lemma="to">to</w>
<w type="VV" lemma="pay">pay</w>
<w type="NN" lemma="tribute">tribute</w>
<w type="TO" lemma="to">to</w>
<w type="RB" lemma="so">so</w>
<w type="JJ" lemma="many">many</w>
<w type="IN" lemma="of">of</w>
<w type="PP" lemma="you">you</w>
<w type="WP" lemma="who">who</w>
<w type="VVP" lemma="work">work</w>
<w type="RB" lemma="selflessly">selflessly</w>
<w type="IN" lemma="for">for</w>
<w type="NNS" lemma="other">others</w>
<w type="IN" lemma="in">in</w>
<w type="PPs" lemma="your">your</w>
<w type="NN" lemma="neighbourhood">neighbourhood</w>
<w type="VVG" lemma="need">needing</w>
<w type="NN" lemma="care">care</w>
<w type="CC" lemma="and">and</w>
<w type="NN" lemma="support">support</w>
<pc type="SENT">.</pc>
</s></p><p><s><w type="NNS" lemma="community">Communities</w>
<w type="RB" lemma="also">also</w>
<w type="VVP" lemma="give">give</w>
<w type="PP" lemma="us">us</w>
<w type="DT" lemma="an">an</w>
<w type="JJ" lemma="important">important</w>
<w type="NN" lemma="sense">sense</w>
<w type="IN" lemma="of">of</w>
<w type="VVG" lemma="belong">belonging</w>
<pc type="sub">,</pc>
<w type="WDT" lemma="which">which</w>
<w type="VBZ" lemma="be">is</w>
<w type="DT" lemma="a">a</w>
<w type="JJ" lemma="compelling">compelling</w>
<w type="NN" lemma="need">need</w>
<w type="IN" lemma="in">in</w>
<w type="DT" lemma="all">all</w>
<w type="IN" lemma="of">of</w>
<w type="PP" lemma="us">us</w>
<pc type="SENT">.</pc>
</s>
<s><w type="PP" lemma="we">We</w>
<w type="RB" lemma="all">all</w>
<w type="VVP" lemma="enjoy">enjoy</w>
<w type="NNS" lemma="moment">moments</w>
<w type="IN" lemma="of">of</w>
<w type="JJ" lemma="great">great</w>
<w type="NN" lemma="happiness">happiness</w>
<w type="CC" lemma="and">and</w>
<w type="VV" lemma="suffer">suffer</w>
<w type="NNS" lemma="time">times</w>
<w type="IN" lemma="of">of</w>
<w type="JJ" lemma="profound">profound</w>
<w type="NN" lemma="sadness">sadness</w>
<pc type="sub">;</pc>
<w type="DT" lemma="the">the</w>
<w type="NN" lemma="happiness">happiness</w>
<w type="VBZ" lemma="be">is</w>
<w type="VVN" lemma="heighten">heightened</w>
<pc type="sub">,</pc>
<w type="DT" lemma="the">the</w>
<w type="NN" lemma="sadness">sadness</w>
<w type="VVD" lemma="soften">softened</w>
<w type="WRB" lemma="when">when</w>
<w type="PP" lemma="it">it</w>
<w type="VBZ" lemma="be">is</w>
<w type="VVN" lemma="share">shared</w>
<pc type="SENT">.</pc>
</s></p><p><s><w type="CC" lemma="but">But</w>
<w type="EX" lemma="there">there</w>
<w type="VBZ" lemma="be">is</w>
<w type="JJR" lemma="more">more</w>
<w type="IN" lemma="than">than</w>
<w type="DT" lemma="that">that</w>
<pc type="SENT">.</pc>
</s>
<s><w type="DT" lemma="a">A</w>
<w type="NN" lemma="sense">sense</w>
<w type="IN" lemma="of">of</w>
<w type="VVG" lemma="belong">belonging</w>
<w type="TO" lemma="to">to</w>
<w type="DT" lemma="a">a</w>
<w type="NN" lemma="group">group</w>
<pc type="sub">,</pc>
<w type="WDT" lemma="which">which</w>
<w type="VHZ" lemma="have">has</w>
<w type="IN" lemma="in">in</w>
<w type="JJ" lemma="common">common</w>
<w type="DT" lemma="the">the</w>
<w type="JJ" lemma="same">same</w>
<w type="NN" lemma="desire">desire</w>
<w type="IN" lemma="for">for</w>
<w type="DT" lemma="a">a</w>
<w type="JJ" lemma="fair">fair</w>
<w type="CC" lemma="and">and</w>
<w type="VVN" lemma="order">ordered</w>
<w type="NN" lemma="society">society</w>
<pc type="sub">,</pc>
<w type="VVZ" lemma="help">helps</w>
<w type="TO" lemma="to">to</w>
<w type="VV" lemma="overcome">overcome</w>
<w type="NNS" lemma="difference">differences</w>
<w type="CC" lemma="and">and</w>
<w type="VVG" lemma="misunderstand">misunderstanding</w>
<w type="IN" lemma="by">by</w>
<w type="VVG" lemma="reduce">reducing</w>
<w type="NN" lemma="prejudice">prejudice</w>
<pc type="sub">,</pc>
<w type="NN" lemma="ignorance">ignorance</w>
<w type="CC" lemma="and">and</w>
<w type="NN" lemma="fear">fear</w>
<pc type="SENT">.</pc>
</s></p><p><s><w type="PP" lemma="we">We</w>
<w type="RB" lemma="all">all</w>
<w type="VHP" lemma="have">have</w>
<w type="NN" lemma="something">something</w>
<w type="TO" lemma="to">to</w>
<w type="VV" lemma="learn">learn</w>
<w type="IN" lemma="from">from</w>
<w type="CD" lemma="one">one</w>
<w type="DT" lemma="another">another</w>
<pc type="sub">,</pc>
<w type="WDT" lemma="whatever">whatever</w>
<w type="PPs" lemma="our">our</w>
<w type="NN" lemma="faith">faith</w>
<pc type="sub">-</pc>
<w type="VB" lemma="be">be</w>
<w type="PP" lemma="it">it</w>
<w type="JJ" lemma="Christian">Christian</w>
<w type="CC" lemma="or">or</w>
<w type="JJ" lemma="Jewish">Jewish</w>
<pc type="sub">,</pc>
<w type="NP" lemma="Muslim">Muslim</w>
<pc type="sub">,</pc>
<w type="NN" lemma="Buddhist">Buddhist</w>
<pc type="sub">,</pc>
<w type="NP" lemma="Hindu">Hindu</w>
<w type="CC" lemma="or">or</w>
<w type="JJ" lemma="Sikh">Sikh</w>
<pc type="sub">-</pc>
<w type="WDT" lemma="whatever">whatever</w>
<w type="PPs" lemma="our">our</w>
<w type="NN" lemma="background">background</w>
<pc type="sub">,</pc>
<w type="IN" lemma="whether">whether</w>
<w type="PP" lemma="we">we</w>
<w type="VB" lemma="be">be</w>
<w type="JJ" lemma="young">young</w>
<w type="CC" lemma="or">or</w>
<w type="JJ" lemma="old">old</w>
<pc type="sub">,</pc>
<w type="IN" lemma="from">from</w>
<w type="NN" lemma="town">town</w>
<w type="CC" lemma="or">or</w>
<w type="NN" lemma="countryside">countryside</w>
<pc type="SENT">.</pc>
</s></p><p><s><w type="DT" lemma="this">This</w>
<w type="VBZ" lemma="be">is</w>
<w type="DT" lemma="an">an</w>
<w type="JJ" lemma="important">important</w>
<w type="NN" lemma="lesson">lesson</w>
<w type="IN" lemma="for">for</w>
<w type="PP" lemma="us">us</w>
<w type="RB" lemma="all">all</w>
<w type="IN" lemma="during">during</w>
<w type="DT" lemma="this">this</w>
<w type="JJ" lemma="festive">festive</w>
<w type="NN" lemma="season">season</w>
<pc type="SENT">.</pc>
</s>
<s><w type="IN" lemma="for">For</w>
<w type="NP" lemma="Christmas">Christmas</w>
<w type="VVZ" lemma="mark">marks</w>
<w type="DT" lemma="a">a</w>
<w type="NN" lemma="moment">moment</w>
<w type="TO" lemma="to">to</w>
<w type="VV" lemma="pause">pause</w>
<pc type="sub">,</pc>
<w type="TO" lemma="to">to</w>
<w type="VV" lemma="reflect">reflect</w>
<w type="CC" lemma="and">and</w>
<w type="VV" lemma="believe">believe</w>
<w type="IN" lemma="in">in</w>
<w type="DT" lemma="the">the</w>
<w type="NNS" lemma="possibility">possibilities</w>
<w type="IN" lemma="of">of</w>
<w type="NN" lemma="rebirth">rebirth</w>
<w type="CC" lemma="and">and</w>
<w type="NN" lemma="renewal">renewal</w>
<pc type="SENT">.</pc>
</s></p><p><s><w type="NP" lemma="Christ">Christ</w>
<w type="POS" lemma="'s">'s</w>
<w type="NN" lemma="birth">birth</w>
<w type="IN" lemma="in">in</w>
<w type="NP" lemma="Bethlehem">Bethlehem</w>
<w type="RB" lemma="so">so</w>
<w type="RB" lemma="long">long</w>
<w type="RB" lemma="ago">ago</w>
<w type="VVZ" lemma="remain">remains</w>
<w type="DT" lemma="a">a</w>
<w type="JJ" lemma="powerful">powerful</w>
<w type="NN" lemma="symbol">symbol</w>
<w type="IN" lemma="of">of</w>
<w type="NN" lemma="hope">hope</w>
<w type="IN" lemma="for">for</w>
<w type="DT" lemma="a">a</w>
<w type="JJR" lemma="good">better</w>
<w type="NN" lemma="future">future</w>
<pc type="SENT">.</pc>
</s>
<s><w type="IN" lemma="after">After</w>
<w type="PDT" lemma="all">all</w>
<w type="DT" lemma="the">the</w>
<w type="NNS" lemma="tribulation">tribulations</w>
<w type="IN" lemma="of">of</w>
<w type="DT" lemma="this">this</w>
<w type="NN" lemma="year">year</w>
<pc type="sub">,</pc>
<w type="DT" lemma="this">this</w>
<w type="VBZ" lemma="be">is</w>
<w type="RB" lemma="surely">surely</w>
<w type="RBR" lemma="more">more</w>
<w type="JJ" lemma="relevant">relevant</w>
<w type="IN" lemma="than">than</w>
<w type="RB" lemma="ever">ever</w>
<pc type="SENT">.</pc>
</s></p><p><s><w type="IN" lemma="as">As</w>
<w type="PP" lemma="we">we</w>
<w type="VVP" lemma="come">come</w>
<w type="RB" lemma="together">together</w>
<w type="IN" lemma="amongst">amongst</w>
<w type="NN" lemma="family">family</w>
<w type="CC" lemma="and">and</w>
<w type="NNS" lemma="friend">friends</w>
<w type="CC" lemma="and">and</w>
<w type="VVP" lemma="look">look</w>
<w type="RB" lemma="forward">forward</w>
<w type="TO" lemma="to">to</w>
<w type="DT" lemma="the">the</w>
<w type="JJ" lemma="coming">coming</w>
<w type="NN" lemma="year">year</w>
<pc type="sub">,</pc>
<w type="PP" lemma="I">I</w>
<w type="VVP" lemma="hope">hope</w>
<w type="IN" lemma="that">that</w>
<w type="IN" lemma="in">in</w>
<w type="DT" lemma="the">the</w>
<w type="NNS" lemma="month">months</w>
<w type="TO" lemma="to">to</w>
<w type="VV" lemma="come">come</w>
<w type="PP" lemma="we">we</w>
<w type="MD" lemma="shall">shall</w>
<w type="VB" lemma="be">be</w>
<w type="JJ" lemma="able">able</w>
<w type="TO" lemma="to">to</w>
<w type="VV" lemma="find">find</w>
<w type="NNS" lemma="way">ways</w>
<w type="IN" lemma="of">of</w>
<w type="VVG" lemma="strengthen">strengthening</w>
<w type="PPs" lemma="our">our</w>
<w type="JJ" lemma="own">own</w>
<w type="NNS" lemma="community">communities</w>
<w type="IN" lemma="as">as</w>
<w type="DT" lemma="a">a</w>
<w type="JJ" lemma="sure">sure</w>
<w type="NN" lemma="support">support</w>
<w type="CC" lemma="and">and</w>
<w type="NN" lemma="comfort">comfort</w>
<w type="TO" lemma="to">to</w>
<w type="PP" lemma="us">us</w>
<w type="RB" lemma="all">all</w>
<pc type="sub">-</pc>
<w type="WDT" lemma="whatever">whatever</w>
<w type="MD" lemma="may">may</w>
<w type="VV" lemma="lie">lie</w>
<w type="RB" lemma="ahead">ahead</w>
<pc type="SENT">.</pc>
</s></p><p><s><w type="MD" lemma="May">May</w>
<w type="PP" lemma="I">I</w>
<pc type="sub">,</pc>
<w type="IN" lemma="in">in</w>
<w type="DT" lemma="this">this</w>
<w type="PPs" lemma="my">my</w>
<w type="JJ" lemma="fiftieth">fiftieth</w>
<w type="NP" lemma="Christmas">Christmas</w>
<w type="NN" lemma="message">message</w>
<w type="TO" lemma="to">to</w>
<w type="PP" lemma="you">you</w>
<pc type="sub">,</pc>
<w type="RB" lemma="once">once</w>
<w type="RB" lemma="again">again</w>
<w type="VVP" lemma="wish">wish</w>
<w type="DT" lemma="every">every</w>
<w type="NN" lemma="one">one</w>
<w type="IN" lemma="of">of</w>
<w type="PP" lemma="you">you</w>
<w type="DT" lemma="a">a</w>
<w type="RB" lemma="very">very</w>
<w type="JJ" lemma="happy">happy</w>
<w type="NP" lemma="Christmas">Christmas</w>
<pc type="SENT">.</pc>
</s></p></div>