<div n="2002"><head><s><w type="JJ" lemma="historic">Historic</w>
<w type="NNS" lemma="speech">speeches</w>
<w type="NN" lemma="XXXX">&amp;gt</w>
<pc type="sub">;</pc>
<w type="NP" lemma="Christmas">Christmas</w>
<w type="NP" lemma="Broadcast">Broadcast</w>
<w type="CD" lemma="@card@">2002</w>
</s></head><p><s><w type="IN" lemma="as">As</w>
<w type="PP" lemma="I">I</w>
<w type="VVP" lemma="look">look</w>
<w type="RB" lemma="back">back</w>
<w type="IN" lemma="over">over</w>
<w type="DT" lemma="these">these</w>
<w type="JJ" lemma="past">past</w>
<w type="NN" lemma="twelve">twelve</w>
<w type="NNS" lemma="month">months</w>
<pc type="sub">,</pc>
<w type="PP" lemma="I">I</w>
<w type="VVP" lemma="know">know</w>
<w type="IN" lemma="that">that</w>
<w type="PP" lemma="it">it</w>
<w type="VHZ" lemma="have">has</w>
<w type="VBN" lemma="be">been</w>
<w type="RB" lemma="about">about</w>
<w type="RB" lemma="as">as</w>
<w type="JJ" lemma="full">full</w>
<w type="DT" lemma="a">a</w>
<w type="NN" lemma="year">year</w>
<w type="IN" lemma="as">as</w>
<w type="PP" lemma="I">I</w>
<w type="MD" lemma="can">can</w>
<w type="VV" lemma="remember">remember</w>
<pc type="SENT">.</pc>
</s>
<s><w type="CC" lemma="but">But</w>
<w type="NP" lemma="Christmas">Christmas</w>
<w type="PP" lemma="itself">itself</w>
<w type="RB" lemma="still">still</w>
<w type="VVZ" lemma="remain">remains</w>
<w type="DT" lemma="a">a</w>
<w type="NN" lemma="time">time</w>
<w type="IN" lemma="for">for</w>
<w type="NN" lemma="reflection">reflection</w>
<w type="CC" lemma="and">and</w>
<w type="DT" lemma="a">a</w>
<w type="NN" lemma="focus">focus</w>
<w type="IN" lemma="of">of</w>
<w type="NN" lemma="hope">hope</w>
<w type="IN" lemma="for">for</w>
<w type="DT" lemma="the">the</w>
<w type="NN" lemma="future">future</w>
<pc type="SENT">.</pc>
</s></p><p><s><w type="DT" lemma="all">All</w>
<w type="JJ" lemma="great">great</w>
<w type="NNS" lemma="religion">religions</w>
<w type="VHP" lemma="have">have</w>
<w type="JJ" lemma="such">such</w>
<w type="NNS" lemma="time">times</w>
<w type="IN" lemma="of">of</w>
<w type="NN" lemma="renewal">renewal</w>
<pc type="sub">,</pc>
<w type="NNS" lemma="moment">moments</w>
<w type="TO" lemma="to">to</w>
<w type="VV" lemma="take">take</w>
<w type="NN" lemma="stock">stock</w>
<w type="IN" lemma="before">before</w>
<w type="VVG" lemma="move">moving</w>
<w type="IN" lemma="on">on</w>
<w type="TO" lemma="to">to</w>
<w type="VV" lemma="face">face</w>
<w type="DT" lemma="the">the</w>
<w type="NNS" lemma="challenge">challenges</w>
<w type="WDT" lemma="which">which</w>
<w type="VVP" lemma="lie">lie</w>
<w type="RB" lemma="ahead">ahead</w>
<pc type="SENT">.</pc>
</s></p><p><s><w type="JJ" lemma="Many">Many</w>
<w type="IN" lemma="of">of</w>
<w type="PP" lemma="you">you</w>
<w type="MD" lemma="will">will</w>
<w type="VV" lemma="know">know</w>
<w type="RB" lemma="only">only</w>
<w type="RB" lemma="too">too</w>
<w type="RB" lemma="well">well</w>
<w type="IN" lemma="from">from</w>
<w type="PPs" lemma="your">your</w>
<w type="JJ" lemma="own">own</w>
<w type="NN" lemma="experience">experience</w>
<pc type="sub">,</pc>
<w type="DT" lemma="the">the</w>
<w type="NN" lemma="grief">grief</w>
<w type="WDT" lemma="that">that</w>
<w type="VVZ" lemma="follow">follows</w>
<w type="DT" lemma="the">the</w>
<w type="NN" lemma="death">death</w>
<w type="IN" lemma="of">of</w>
<w type="DT" lemma="a">a</w>
<w type="RB" lemma="much">much</w>
<w type="VVN" lemma="love">loved</w>
<w type="NN" lemma="mother">mother</w>
<w type="CC" lemma="or">or</w>
<w type="NN" lemma="sister">sister</w>
<pc type="SENT">.</pc>
</s>
<s><w type="PP" lemma="mine">Mine</w>
<w type="VBD" lemma="be">were</w>
<w type="RB" lemma="very">very</w>
<w type="JJ" lemma="much">much</w>
<w type="NN" lemma="part">part</w>
<w type="IN" lemma="of">of</w>
<w type="PPs" lemma="my">my</w>
<w type="NN" lemma="life">life</w>
<w type="CC" lemma="and">and</w>
<w type="RB" lemma="always">always</w>
<w type="VVD" lemma="give">gave</w>
<w type="PP" lemma="me">me</w>
<w type="PPs" lemma="their">their</w>
<w type="NN" lemma="support">support</w>
<w type="CC" lemma="and">and</w>
<w type="NN" lemma="encouragement">encouragement</w>
<pc type="SENT">.</pc>
</s></p><p><s><w type="CC" lemma="but">But</w>
<w type="PPs" lemma="my">my</w>
<w type="JJ" lemma="own">own</w>
<w type="NN" lemma="sadness">sadness</w>
<w type="VBD" lemma="be">was</w>
<w type="VVN" lemma="temper">tempered</w>
<w type="IN" lemma="by">by</w>
<w type="DT" lemma="the">the</w>
<w type="JJ" lemma="generous">generous</w>
<w type="NNS" lemma="tribute">tributes</w>
<w type="IN" lemma="that">that</w>
<w type="RB" lemma="so">so</w>
<w type="JJ" lemma="many">many</w>
<w type="IN" lemma="of">of</w>
<w type="PP" lemma="you">you</w>
<w type="VVD" lemma="pay">paid</w>
<w type="TO" lemma="to">to</w>
<w type="DT" lemma="the">the</w>
<w type="NN" lemma="service">service</w>
<w type="PP" lemma="they">they</w>
<w type="VVD" lemma="give">gave</w>
<w type="TO" lemma="to">to</w>
<w type="DT" lemma="this">this</w>
<w type="NN" lemma="country">country</w>
<w type="CC" lemma="and">and</w>
<w type="DT" lemma="the">the</w>
<w type="JJR" lemma="wide">wider</w>
<w type="NN" lemma="commonwealth">Commonwealth</w>
<pc type="SENT">.</pc>
</s></p><p><s><w type="IN" lemma="at">At</w>
<w type="PDT" lemma="such">such</w>
<w type="DT" lemma="a">a</w>
<w type="JJ" lemma="difficult">difficult</w>
<w type="NN" lemma="time">time</w>
<w type="DT" lemma="this">this</w>
<w type="VVD" lemma="give">gave</w>
<w type="PP" lemma="me">me</w>
<w type="JJ" lemma="great">great</w>
<w type="NN" lemma="comfort">comfort</w>
<w type="CC" lemma="and">and</w>
<w type="NN" lemma="inspiration">inspiration</w>
<w type="IN" lemma="as">as</w>
<w type="PP" lemma="I">I</w>
<w type="VVD" lemma="face">faced</w>
<w type="RP" lemma="up">up</w>
<w type="CC" lemma="both">both</w>
<w type="TO" lemma="to">to</w>
<w type="PPs" lemma="my">my</w>
<w type="JJ" lemma="own">own</w>
<w type="JJ" lemma="personal">personal</w>
<w type="NN" lemma="loss">loss</w>
<w type="CC" lemma="and">and</w>
<w type="TO" lemma="to">to</w>
<w type="DT" lemma="the">the</w>
<w type="JJ" lemma="busy">busy</w>
<w type="NP" lemma="Jubilee">Jubilee</w>
<w type="NN" lemma="summer">summer</w>
<w type="RB" lemma="ahead">ahead</w>
<pc type="SENT">.</pc>
</s></p><p><s><w type="NNS" lemma="anniversary">Anniversaries</w>
<w type="VBP" lemma="are">are</w>
<w type="JJ" lemma="important">important</w>
<w type="NNS" lemma="event">events</w>
<w type="IN" lemma="in">in</w>
<w type="PDT" lemma="all">all</w>
<w type="PPs" lemma="our">our</w>
<w type="NNS" lemma="life">lives</w>
<pc type="SENT">.</pc>
</s>
<s><w type="NP" lemma="Christmas">Christmas</w>
<w type="VBZ" lemma="be">is</w>
<w type="DT" lemma="the">the</w>
<w type="NN" lemma="anniversary">anniversary</w>
<w type="IN" lemma="of">of</w>
<w type="DT" lemma="the">the</w>
<w type="NN" lemma="birth">birth</w>
<w type="IN" lemma="of">of</w>
<w type="NP" lemma="Christ">Christ</w>
<w type="IN" lemma="over">over</w>
<w type="CD" lemma="two">two</w>
<w type="CD" lemma="thousand">thousand</w>
<w type="NNS" lemma="year">years</w>
<w type="RB" lemma="ago">ago</w>
<pc type="sub">,</pc>
<w type="CC" lemma="but">but</w>
<w type="PP" lemma="it">it</w>
<w type="VBZ" lemma="be">is</w>
<w type="RB" lemma="much">much</w>
<w type="JJR" lemma="more">more</w>
<w type="IN" lemma="than">than</w>
<w type="DT" lemma="that">that</w>
<pc type="SENT">.</pc>
</s>
<s><w type="PP" lemma="it">It</w>
<w type="VBZ" lemma="be">is</w>
<w type="DT" lemma="the">the</w>
<w type="NN" lemma="celebration">celebration</w>
<w type="IN" lemma="of">of</w>
<w type="DT" lemma="the">the</w>
<w type="NN" lemma="birth">birth</w>
<w type="IN" lemma="of">of</w>
<w type="DT" lemma="an">an</w>
<w type="NN" lemma="idea">idea</w>
<w type="CC" lemma="and">and</w>
<w type="DT" lemma="an">an</w>
<w type="NN" lemma="ideal">ideal</w>
<pc type="SENT">.</pc>
</s></p><p><s><w type="IN" lemma="in">In</w>
<w type="DT" lemma="a">a</w>
<w type="JJ" lemma="different">different</w>
<w type="NN" lemma="way">way</w>
<w type="PP" lemma="I">I</w>
<w type="VVD" lemma="feel">felt</w>
<w type="IN" lemma="that">that</w>
<w type="DT" lemma="the">the</w>
<w type="NP" lemma="Golden">Golden</w>
<w type="NP" lemma="Jubilee">Jubilee</w>
<w type="VBD" lemma="be">was</w>
<w type="JJR" lemma="more">more</w>
<w type="IN" lemma="than">than</w>
<w type="RB" lemma="just">just</w>
<w type="DT" lemma="an">an</w>
<w type="NN" lemma="anniversary">anniversary</w>
<pc type="SENT">.</pc>
</s>
<s><w type="DT" lemma="the">The</w>
<w type="NNS" lemma="celebration">celebrations</w>
<w type="VBD" lemma="be">were</w>
<w type="JJ" lemma="joyous">joyous</w>
<w type="NNS" lemma="occasion">occasions</w>
<pc type="sub">,</pc>
<w type="CC" lemma="but">but</w>
<w type="PP" lemma="they">they</w>
<w type="RB" lemma="also">also</w>
<w type="VVD" lemma="seem">seemed</w>
<w type="TO" lemma="to">to</w>
<w type="VV" lemma="evoke">evoke</w>
<w type="NN" lemma="something">something</w>
<w type="RBR" lemma="more">more</w>
<w type="JJ" lemma="lasting">lasting</w>
<w type="CC" lemma="and">and</w>
<w type="JJ" lemma="profound">profound</w>
<pc type="sub">-</pc>
<w type="DT" lemma="a">a</w>
<w type="NN" lemma="sense">sense</w>
<w type="IN" lemma="of">of</w>
<w type="VVG" lemma="belong">belonging</w>
<w type="CC" lemma="and">and</w>
<w type="NN" lemma="pride">pride</w>
<w type="IN" lemma="in">in</w>
<w type="NN" lemma="country">country</w>
<pc type="sub">,</pc>
<w type="NN" lemma="town">town</w>
<pc type="sub">,</pc>
<w type="CC" lemma="or">or</w>
<w type="NN" lemma="community">community</w>
<pc type="sub">;</pc>
<w type="DT" lemma="a">a</w>
<w type="NN" lemma="sense">sense</w>
<w type="IN" lemma="of">of</w>
<w type="VVG" lemma="share">sharing</w>
<w type="DT" lemma="a">a</w>
<w type="JJ" lemma="common">common</w>
<w type="NN" lemma="heritage">heritage</w>
<w type="VVN" lemma="enrich">enriched</w>
<w type="IN" lemma="by">by</w>
<w type="DT" lemma="the">the</w>
<w type="JJ" lemma="cultural">cultural</w>
<pc type="sub">,</pc>
<w type="JJ" lemma="ethnic">ethnic</w>
<w type="CC" lemma="and">and</w>
<w type="JJ" lemma="religious">religious</w>
<w type="NN" lemma="diversity">diversity</w>
<w type="IN" lemma="of">of</w>
<w type="PPs" lemma="our">our</w>
<w type="JJ" lemma="XXXX">twenty-first</w>
<w type="NN" lemma="century">century</w>
<w type="NN" lemma="society">society</w>
<pc type="SENT">.</pc>
</s></p><p><s><w type="PP" lemma="I">I</w>
<w type="VVP" lemma="hope">hope</w>
<w type="PP" lemma="it">it</w>
<w type="RB" lemma="also">also</w>
<w type="VVD" lemma="provide">provided</w>
<w type="DT" lemma="an">an</w>
<w type="NN" lemma="occasion">occasion</w>
<w type="TO" lemma="to">to</w>
<w type="VV" lemma="acknowledge">acknowledge</w>
<w type="DT" lemma="the">the</w>
<w type="NN" lemma="progress">progress</w>
<w type="IN" lemma="of">of</w>
<w type="DT" lemma="the">the</w>
<w type="JJ" lemma="past">past</w>
<w type="CD" lemma="fifty">fifty</w>
<w type="NNS" lemma="year">years</w>
<w type="CC" lemma="and">and</w>
<w type="DT" lemma="the">the</w>
<w type="NNS" lemma="contribution">contributions</w>
<w type="IN" lemma="of">of</w>
<w type="DT" lemma="those">those</w>
<w type="WP" lemma="who">who</w>
<w type="VHP" lemma="have">have</w>
<w type="VVN" lemma="do">done</w>
<w type="RB" lemma="so">so</w>
<w type="JJ" lemma="much">much</w>
<w type="TO" lemma="to">to</w>
<w type="VV" lemma="make">make</w>
<w type="DT" lemma="this">this</w>
<w type="NN" lemma="country">country</w>
<w type="WP" lemma="what">what</w>
<w type="PP" lemma="it">it</w>
<w type="VBZ" lemma="be">is</w>
<w type="NN" lemma="today">today</w>
<pc type="sub">-</pc>
<w type="PPs" lemma="their">their</w>
<w type="NN" lemma="leadership">leadership</w>
<w type="CC" lemma="and">and</w>
<w type="NN" lemma="example">example</w>
<pc type="sub">,</pc>
<w type="PPs" lemma="their">their</w>
<w type="NNS" lemma="achievement">achievements</w>
<w type="IN" lemma="in">in</w>
<w type="NN" lemma="science">science</w>
<pc type="sub">,</pc>
<w type="DT" lemma="the">the</w>
<w type="NNS" lemma="art">arts</w>
<w type="CC" lemma="and">and</w>
<w type="JJ" lemma="many">many</w>
<w type="JJ" lemma="other">other</w>
<w type="NNS" lemma="field">fields</w>
<pc type="SENT">.</pc>
</s></p><p><s><w type="DT" lemma="these">These</w>
<w type="NNS" lemma="celebration">celebrations</w>
<w type="RB" lemma="also">also</w>
<w type="VVD" lemma="give">gave</w>
<w type="NNS" lemma="opportunity">opportunities</w>
<w type="TO" lemma="to">to</w>
<w type="VV" lemma="recognise">recognise</w>
<w type="DT" lemma="the">the</w>
<w type="JJ" lemma="valuable">valuable</w>
<w type="NN" lemma="work">work</w>
<w type="VVN" lemma="undertake">undertaken</w>
<w type="IN" lemma="by">by</w>
<w type="RB" lemma="so">so</w>
<w type="JJ" lemma="many">many</w>
<w type="NNS" lemma="people">people</w>
<w type="IN" lemma="in">in</w>
<w type="NN" lemma="service">service</w>
<w type="IN" lemma="of">of</w>
<w type="PPs" lemma="their">their</w>
<w type="NNS" lemma="community">communities</w>
<pc type="SENT">.</pc>
</s>
<s><w type="PP" lemma="it">It</w>
<w type="VBD" lemma="be">was</w>
<w type="DT" lemma="a">a</w>
<w type="NN" lemma="time">time</w>
<w type="TO" lemma="to">to</w>
<w type="VV" lemma="remind">remind</w>
<w type="PP" lemma="ourselves">ourselves</w>
<pc type="sub">,</pc>
<w type="IN" lemma="as">as</w>
<w type="DT" lemma="the">the</w>
<w type="NP" lemma="Christmas">Christmas</w>
<w type="NN" lemma="story">story</w>
<w type="VVZ" lemma="do">does</w>
<w type="DT" lemma="every">every</w>
<w type="NN" lemma="year">year</w>
<pc type="sub">,</pc>
<w type="WDT" lemma="that">that</w>
<w type="PP" lemma="we">we</w>
<w type="MD" lemma="must">must</w>
<w type="RB" lemma="never">never</w>
<w type="VV" lemma="forget">forget</w>
<w type="DT" lemma="the">the</w>
<w type="NN" lemma="plight">plight</w>
<w type="IN" lemma="of">of</w>
<w type="DT" lemma="the">the</w>
<w type="JJ" lemma="disadvantaged">disadvantaged</w>
<w type="CC" lemma="and">and</w>
<w type="VVN" lemma="exclude">excluded</w>
<pc type="sub">,</pc>
<w type="IN" lemma="that">that</w>
<w type="PP" lemma="we">we</w>
<w type="MD" lemma="must">must</w>
<w type="VV" lemma="respond">respond</w>
<w type="TO" lemma="to">to</w>
<w type="DT" lemma="the">the</w>
<w type="NNS" lemma="need">needs</w>
<w type="IN" lemma="of">of</w>
<w type="DT" lemma="those">those</w>
<w type="WP" lemma="who">who</w>
<w type="MD" lemma="may">may</w>
<w type="VB" lemma="be">be</w>
<w type="IN" lemma="in">in</w>
<w type="NN" lemma="distress">distress</w>
<w type="CC" lemma="or">or</w>
<w type="NN" lemma="despair">despair</w>
<pc type="SENT">.</pc>
</s></p><p><s><w type="PPs" lemma="our">Our</w>
<w type="JJ" lemma="modern">modern</w>
<w type="NN" lemma="world">world</w>
<w type="VVZ" lemma="place">places</w>
<w type="JJ" lemma="such">such</w>
<w type="JJ" lemma="heavy">heavy</w>
<w type="NNS" lemma="demand">demands</w>
<w type="IN" lemma="on">on</w>
<w type="PPs" lemma="our">our</w>
<w type="NN" lemma="time">time</w>
<w type="CC" lemma="and">and</w>
<w type="NN" lemma="attention">attention</w>
<w type="IN" lemma="that">that</w>
<w type="DT" lemma="the">the</w>
<w type="NN" lemma="need">need</w>
<w type="TO" lemma="to">to</w>
<w type="VV" lemma="remember">remember</w>
<w type="PPs" lemma="our">our</w>
<w type="NNS" lemma="responsibility">responsibilities</w>
<w type="TO" lemma="to">to</w>
<w type="NNS" lemma="other">others</w>
<w type="VBZ" lemma="be">is</w>
<w type="JJR" lemma="great">greater</w>
<w type="IN" lemma="than">than</w>
<w type="RB" lemma="ever">ever</w>
<pc type="SENT">.</pc>
</s>
<s><w type="PP" lemma="it">It</w>
<w type="VBZ" lemma="be">is</w>
<w type="RB" lemma="often">often</w>
<w type="JJ" lemma="difficult">difficult</w>
<w type="TO" lemma="to">to</w>
<w type="VV" lemma="keep">keep</w>
<w type="DT" lemma="this">this</w>
<w type="NN" lemma="sense">sense</w>
<w type="IN" lemma="of">of</w>
<w type="NN" lemma="perspective">perspective</w>
<w type="IN" lemma="through">through</w>
<w type="DT" lemma="the">the</w>
<w type="NNS" lemma="up">ups</w>
<w type="CC" lemma="and">and</w>
<w type="NNS" lemma="down">downs</w>
<w type="IN" lemma="of">of</w>
<w type="JJ" lemma="everyday">everyday</w>
<w type="NN" lemma="life">life</w>
<pc type="sub">-</pc>
<w type="IN" lemma="as">as</w>
<w type="DT" lemma="this">this</w>
<w type="NN" lemma="year">year</w>
<w type="VHZ" lemma="have">has</w>
<w type="RB" lemma="constantly">constantly</w>
<w type="VVD" lemma="remind">reminded</w>
<w type="PP" lemma="me">me</w>
<pc type="SENT">.</pc>
</s></p><p><s><w type="PP" lemma="I">I</w>
<w type="VVP" lemma="know">know</w>
<w type="RB" lemma="just">just</w>
<w type="WRB" lemma="how">how</w>
<w type="JJ" lemma="much">much</w>
<w type="PP" lemma="I">I</w>
<w type="VVP" lemma="rely">rely</w>
<w type="IN" lemma="on">on</w>
<w type="PPs" lemma="my">my</w>
<w type="JJ" lemma="own">own</w>
<w type="NN" lemma="faith">faith</w>
<w type="TO" lemma="to">to</w>
<w type="VV" lemma="guide">guide</w>
<w type="PP" lemma="me">me</w>
<w type="IN" lemma="through">through</w>
<w type="DT" lemma="the">the</w>
<w type="JJ" lemma="good">good</w>
<w type="NNS" lemma="time">times</w>
<w type="CC" lemma="and">and</w>
<w type="DT" lemma="the">the</w>
<w type="JJ" lemma="bad">bad</w>
<pc type="SENT">.</pc>
</s>
<s><w type="DT" lemma="each">Each</w>
<w type="NN" lemma="day">day</w>
<w type="VBZ" lemma="be">is</w>
<w type="DT" lemma="a">a</w>
<w type="JJ" lemma="new">new</w>
<w type="NN" lemma="beginning">beginning</w>
<pc type="sub">,</pc>
<w type="PP" lemma="I">I</w>
<w type="VVP" lemma="know">know</w>
<w type="IN" lemma="that">that</w>
<w type="DT" lemma="the">the</w>
<w type="JJ" lemma="only">only</w>
<w type="NN" lemma="way">way</w>
<w type="TO" lemma="to">to</w>
<w type="VV" lemma="live">live</w>
<w type="PPs" lemma="my">my</w>
<w type="NN" lemma="life">life</w>
<w type="VBZ" lemma="be">is</w>
<w type="TO" lemma="to">to</w>
<w type="VV" lemma="try">try</w>
<w type="TO" lemma="to">to</w>
<w type="VV" lemma="do">do</w>
<w type="WP" lemma="what">what</w>
<w type="VBZ" lemma="be">is</w>
<w type="JJ" lemma="right">right</w>
<pc type="sub">,</pc>
<w type="TO" lemma="to">to</w>
<w type="VV" lemma="take">take</w>
<w type="DT" lemma="the">the</w>
<w type="JJ" lemma="long">long</w>
<w type="NN" lemma="view">view</w>
<pc type="sub">,</pc>
<w type="TO" lemma="to">to</w>
<w type="VV" lemma="give">give</w>
<w type="IN" lemma="of">of</w>
<w type="PPs" lemma="my">my</w>
<w type="JJS" lemma="good">best</w>
<w type="IN" lemma="in">in</w>
<w type="DT" lemma="all">all</w>
<w type="IN" lemma="that">that</w>
<w type="DT" lemma="the">the</w>
<w type="NN" lemma="day">day</w>
<w type="VVZ" lemma="bring">brings</w>
<pc type="sub">,</pc>
<w type="CC" lemma="and">and</w>
<w type="TO" lemma="to">to</w>
<w type="VV" lemma="put">put</w>
<w type="PPs" lemma="my">my</w>
<w type="NN" lemma="trust">trust</w>
<w type="IN" lemma="in">in</w>
<w type="NP" lemma="God">God</w>
<pc type="SENT">.</pc>
</s></p><p><s><w type="IN" lemma="like">Like</w>
<w type="NNS" lemma="other">others</w>
<w type="IN" lemma="of">of</w>
<w type="PP" lemma="you">you</w>
<w type="WP" lemma="who">who</w>
<w type="VVP" lemma="draw">draw</w>
<w type="NN" lemma="inspiration">inspiration</w>
<w type="IN" lemma="from">from</w>
<w type="PPs" lemma="your">your</w>
<w type="JJ" lemma="own">own</w>
<w type="NN" lemma="faith">faith</w>
<pc type="sub">,</pc>
<w type="PP" lemma="I">I</w>
<w type="VVP" lemma="draw">draw</w>
<w type="NN" lemma="strength">strength</w>
<w type="IN" lemma="from">from</w>
<w type="DT" lemma="the">the</w>
<w type="NN" lemma="message">message</w>
<w type="IN" lemma="of">of</w>
<w type="NN" lemma="hope">hope</w>
<w type="IN" lemma="in">in</w>
<w type="DT" lemma="the">the</w>
<w type="JJ" lemma="Christian">Christian</w>
<w type="NN" lemma="gospel">gospel</w>
<pc type="SENT">.</pc>
</s></p><p><s><w type="VVN" lemma="fortify">Fortified</w>
<w type="IN" lemma="by">by</w>
<w type="DT" lemma="this">this</w>
<w type="CC" lemma="and">and</w>
<w type="DT" lemma="the">the</w>
<w type="NN" lemma="support">support</w>
<w type="PP" lemma="you">you</w>
<w type="VHP" lemma="have">have</w>
<w type="VVN" lemma="give">given</w>
<w type="IN" lemma="throughout">throughout</w>
<w type="DT" lemma="the">the</w>
<w type="JJ" lemma="last">last</w>
<w type="NN" lemma="twelve">twelve</w>
<w type="NNS" lemma="month">months</w>
<w type="WDT" lemma="which">which</w>
<w type="VHZ" lemma="have">has</w>
<w type="VVN" lemma="mean">meant</w>
<w type="RB" lemma="so">so</w>
<w type="JJ" lemma="much">much</w>
<w type="TO" lemma="to">to</w>
<w type="PP" lemma="me">me</w>
<pc type="sub">,</pc>
<w type="PP" lemma="I">I</w>
<w type="VVP" lemma="look">look</w>
<w type="RB" lemma="forward">forward</w>
<w type="TO" lemma="to">to</w>
<w type="DT" lemma="the">the</w>
<w type="NP" lemma="New">New</w>
<w type="NN" lemma="year">Year</w>
<pc type="sub">,</pc>
<w type="TO" lemma="to">to</w>
<w type="VVG" lemma="face">facing</w>
<w type="DT" lemma="the">the</w>
<w type="NNS" lemma="challenge">challenges</w>
<w type="CC" lemma="and">and</w>
<w type="NNS" lemma="opportunity">opportunities</w>
<w type="WDT" lemma="that">that</w>
<w type="VVP" lemma="lie">lie</w>
<w type="RB" lemma="ahead">ahead</w>
<pc type="sub">,</pc>
<w type="CC" lemma="and">and</w>
<w type="TO" lemma="to">to</w>
<w type="VVG" lemma="continue">continuing</w>
<w type="TO" lemma="to">to</w>
<w type="VV" lemma="serve">serve</w>
<w type="PP" lemma="you">you</w>
<w type="TO" lemma="to">to</w>
<w type="DT" lemma="the">the</w>
<w type="RB" lemma="very">very</w>
<w type="JJS" lemma="good">best</w>
<w type="IN" lemma="of">of</w>
<w type="PPs" lemma="my">my</w>
<w type="NN" lemma="ability">ability</w>
<w type="DT" lemma="each">each</w>
<w type="CC" lemma="and">and</w>
<w type="DT" lemma="every">every</w>
<w type="NN" lemma="day">day</w>
<pc type="SENT">.</pc>
</s></p><p><s><w type="DT" lemma="a">A</w>
<w type="NP" lemma="Happy">Happy</w>
<w type="NP" lemma="Christmas">Christmas</w>
<w type="TO" lemma="to">to</w>
<w type="PP" lemma="you">you</w>
<w type="DT" lemma="all">all</w>
<pc type="SENT">.</pc>
</s></p></div>