<div n="2007"><head><s><w type="NP" lemma="Christmas">Christmas</w>
<w type="NP" lemma="Broadcast">Broadcast</w>
<w type="CD" lemma="@card@">2007</w>
</s></head><p><s><w type="IN" lemma="in">In</w>
<w type="PPs" lemma="my">my</w>
<w type="NN" lemma="experience">experience</w>
<pc type="sub">,</pc>
<w type="DT" lemma="the">the</w>
<w type="JJ" lemma="positive">positive</w>
<w type="NN" lemma="value">value</w>
<w type="IN" lemma="of">of</w>
<w type="DT" lemma="a">a</w>
<w type="JJ" lemma="happy">happy</w>
<w type="NN" lemma="family">family</w>
<w type="VBZ" lemma="be">is</w>
<w type="CD" lemma="one">one</w>
<w type="IN" lemma="of">of</w>
<w type="DT" lemma="the">the</w>
<w type="NNS" lemma="factor">factors</w>
<w type="IN" lemma="of">of</w>
<w type="JJ" lemma="human">human</w>
<w type="NN" lemma="existence">existence</w>
<w type="WDT" lemma="that">that</w>
<w type="VHZ" lemma="have">has</w>
<w type="RB" lemma="not">not</w>
<w type="VVN" lemma="change">changed</w>
<pc type="SENT">.</pc>
</s>
<s><w type="DT" lemma="the">The</w>
<w type="JJ" lemma="immediate">immediate</w>
<w type="NN" lemma="family">family</w>
<w type="IN" lemma="of">of</w>
<w type="NNS" lemma="grandparent">grandparents</w>
<pc type="sub">,</pc>
<w type="NNS" lemma="parent">parents</w>
<w type="CC" lemma="and">and</w>
<w type="NNS" lemma="child">children</w>
<pc type="sub">,</pc>
<w type="RB" lemma="together">together</w>
<w type="IN" lemma="with">with</w>
<w type="PPs" lemma="their">their</w>
<w type="JJ" lemma="extended">extended</w>
<w type="NN" lemma="family">family</w>
<pc type="sub">,</pc>
<w type="VBZ" lemma="be">is</w>
<w type="RB" lemma="still">still</w>
<w type="DT" lemma="the">the</w>
<w type="NN" lemma="core">core</w>
<w type="IN" lemma="of">of</w>
<w type="DT" lemma="a">a</w>
<w type="JJ" lemma="thriving">thriving</w>
<w type="NN" lemma="community">community</w>
<pc type="SENT">.</pc>
</s></p><p><s><w type="WRB" lemma="when">When</w>
<w type="NP" lemma="Prince">Prince</w>
<w type="NP" lemma="Philip">Philip</w>
<w type="CC" lemma="and">and</w>
<w type="PP" lemma="I">I</w>
<w type="VVD" lemma="celebrate">celebrated</w>
<w type="PPs" lemma="our">our</w>
<w type="NP" lemma="Diamond">Diamond</w>
<w type="NN" lemma="wedding">Wedding</w>
<w type="JJ" lemma="last">last</w>
<w type="NN" lemma="month">month</w>
<pc type="sub">,</pc>
<w type="PP" lemma="we">we</w>
<w type="VBD" lemma="be">were</w>
<w type="RB" lemma="much">much</w>
<w type="JJ" lemma="aware">aware</w>
<w type="IN" lemma="of">of</w>
<w type="DT" lemma="the">the</w>
<w type="NN" lemma="affection">affection</w>
<w type="CC" lemma="and">and</w>
<w type="NN" lemma="support">support</w>
<w type="IN" lemma="of">of</w>
<w type="PPs" lemma="our">our</w>
<w type="JJ" lemma="own">own</w>
<w type="NN" lemma="family">family</w>
<w type="IN" lemma="as">as</w>
<w type="PP" lemma="they">they</w>
<w type="VVD" lemma="gather">gathered</w>
<w type="VV" lemma="round">round</w>
<w type="PP" lemma="us">us</w>
<w type="IN" lemma="for">for</w>
<w type="DT" lemma="the">the</w>
<w type="NN" lemma="occasion">occasion</w>
<pc type="SENT">.</pc>
</s>
<s><w type="RB" lemma="now">Now</w>
<w type="NN" lemma="today">today</w>
<pc type="sub">,</pc>
<w type="IN" lemma="of">of</w>
<w type="NN" lemma="course">course</w>
<pc type="sub">,</pc>
<w type="VVZ" lemma="mark">marks</w>
<w type="DT" lemma="the">the</w>
<w type="NN" lemma="birth">birth</w>
<w type="IN" lemma="of">of</w>
<w type="NP" lemma="Jesus">Jesus</w>
<w type="NP" lemma="Christ">Christ</w>
<pc type="SENT">.</pc>
</s>
<s><w type="IN" lemma="among">Among</w>
<w type="JJ" lemma="other">other</w>
<w type="NNS" lemma="thing">things</w>
<pc type="sub">,</pc>
<w type="PP" lemma="it">it</w>
<w type="VBZ" lemma="be">is</w>
<w type="DT" lemma="a">a</w>
<w type="NN" lemma="reminder">reminder</w>
<w type="IN" lemma="that">that</w>
<w type="PP" lemma="it">it</w>
<w type="VBZ" lemma="be">is</w>
<w type="DT" lemma="the">the</w>
<w type="NN" lemma="story">story</w>
<w type="IN" lemma="of">of</w>
<w type="DT" lemma="a">a</w>
<w type="NN" lemma="family">family</w>
<pc type="sub">;</pc>
<w type="CC" lemma="but">but</w>
<w type="IN" lemma="of">of</w>
<w type="DT" lemma="a">a</w>
<w type="NN" lemma="family">family</w>
<w type="IN" lemma="in">in</w>
<w type="RB" lemma="very">very</w>
<w type="JJ" lemma="distressed">distressed</w>
<w type="NNS" lemma="circumstance">circumstances</w>
<pc type="SENT">.</pc>
</s>
<s><w type="NP" lemma="Mary">Mary</w>
<w type="CC" lemma="and">and</w>
<w type="NP" lemma="Joseph">Joseph</w>
<w type="VVD" lemma="find">found</w>
<w type="DT" lemma="no">no</w>
<w type="NN" lemma="room">room</w>
<w type="IN" lemma="at">at</w>
<w type="DT" lemma="the">the</w>
<w type="NN" lemma="inn">inn</w>
<pc type="sub">;</pc>
<w type="PP" lemma="they">they</w>
<w type="VHD" lemma="have">had</w>
<w type="TO" lemma="to">to</w>
<w type="VV" lemma="make">make</w>
<w type="VV" lemma="do">do</w>
<w type="IN" lemma="in">in</w>
<w type="DT" lemma="a">a</w>
<w type="JJ" lemma="stable">stable</w>
<pc type="sub">,</pc>
<w type="CC" lemma="and">and</w>
<w type="DT" lemma="the">the</w>
<w type="JJ" lemma="new-born">new-born</w>
<w type="NP" lemma="Jesus">Jesus</w>
<w type="VHD" lemma="have">had</w>
<w type="TO" lemma="to">to</w>
<w type="VB" lemma="be">be</w>
<w type="VVN" lemma="lay">laid</w>
<w type="IN" lemma="in">in</w>
<w type="DT" lemma="a">a</w>
<w type="NN" lemma="manger">manger</w>
<pc type="SENT">.</pc>
</s>
<s><w type="DT" lemma="this">This</w>
<w type="VBD" lemma="be">was</w>
<w type="DT" lemma="a">a</w>
<w type="NN" lemma="family">family</w>
<w type="WDT" lemma="which">which</w>
<w type="VHD" lemma="have">had</w>
<w type="VBN" lemma="be">been</w>
<w type="VVN" lemma="shut">shut</w>
<w type="RP" lemma="out">out</w>
<pc type="SENT">.</pc>
</s></p><p><s><w type="RB" lemma="perhaps">Perhaps</w>
<w type="PP" lemma="it">it</w>
<w type="VBD" lemma="be">was</w>
<w type="RB" lemma="because">because</w>
<w type="IN" lemma="of">of</w>
<w type="DT" lemma="this">this</w>
<w type="JJ" lemma="early">early</w>
<w type="NN" lemma="experience">experience</w>
<w type="WDT" lemma="that">that</w>
<pc type="sub">,</pc>
<w type="IN" lemma="throughout">throughout</w>
<w type="PPs" lemma="his">his</w>
<w type="NN" lemma="ministry">ministry</w>
<pc type="sub">,</pc>
<w type="NP" lemma="Jesus">Jesus</w>
<w type="IN" lemma="of">of</w>
<w type="NP" lemma="Nazareth">Nazareth</w>
<w type="VVD" lemma="reach">reached</w>
<w type="RP" lemma="out">out</w>
<w type="CC" lemma="and">and</w>
<w type="VVD" lemma="make">made</w>
<w type="NNS" lemma="friend">friends</w>
<w type="IN" lemma="with">with</w>
<w type="NNS" lemma="people">people</w>
<w type="WP" lemma="whom">whom</w>
<w type="NNS" lemma="other">others</w>
<w type="VVN" lemma="ignore">ignored</w>
<w type="CC" lemma="or">or</w>
<w type="VVN" lemma="despise">despised</w>
<pc type="SENT">.</pc>
</s>
<s><w type="PP" lemma="it">It</w>
<w type="VBD" lemma="be">was</w>
<w type="IN" lemma="in">in</w>
<w type="DT" lemma="this">this</w>
<w type="NN" lemma="way">way</w>
<w type="IN" lemma="that">that</w>
<w type="PP" lemma="he">he</w>
<w type="VVD" lemma="proclaim">proclaimed</w>
<w type="PPs" lemma="his">his</w>
<w type="NN" lemma="belief">belief</w>
<w type="IN" lemma="that">that</w>
<pc type="sub">,</pc>
<w type="IN" lemma="in">in</w>
<w type="DT" lemma="the">the</w>
<w type="NN" lemma="end">end</w>
<pc type="sub">,</pc>
<w type="PP" lemma="we">we</w>
<w type="VBP" lemma="are">are</w>
<w type="DT" lemma="all">all</w>
<w type="NNS" lemma="brother">brothers</w>
<w type="CC" lemma="and">and</w>
<w type="NNS" lemma="sister">sisters</w>
<w type="IN" lemma="in">in</w>
<w type="CD" lemma="one">one</w>
<w type="JJ" lemma="human">human</w>
<w type="NN" lemma="family">family</w>
<pc type="SENT">.</pc>
</s></p><p><s><w type="DT" lemma="the">The</w>
<w type="NP" lemma="Christmas">Christmas</w>
<w type="NN" lemma="story">story</w>
<w type="RB" lemma="also">also</w>
<w type="VVZ" lemma="draw">draws</w>
<w type="NN" lemma="attention">attention</w>
<w type="TO" lemma="to">to</w>
<w type="PDT" lemma="all">all</w>
<w type="DT" lemma="those">those</w>
<w type="NNS" lemma="people">people</w>
<w type="WP" lemma="who">who</w>
<w type="VBP" lemma="are">are</w>
<w type="IN" lemma="on">on</w>
<w type="DT" lemma="the">the</w>
<w type="NN" lemma="edge">edge</w>
<w type="IN" lemma="of">of</w>
<w type="NN" lemma="society">society</w>
<pc type="sub">-</pc>
<w type="NNS" lemma="people">people</w>
<w type="WP" lemma="who">who</w>
<w type="VVP" lemma="feel">feel</w>
<w type="VV" lemma="cut">cut</w>
<w type="RP" lemma="off">off</w>
<w type="CC" lemma="and">and</w>
<w type="JJ" lemma="disadvantaged">disadvantaged</w>
<pc type="sub">;</pc>
<w type="NNS" lemma="people">people</w>
<w type="WP" lemma="who">who</w>
<pc type="sub">,</pc>
<w type="IN" lemma="for">for</w>
<w type="CD" lemma="one">one</w>
<w type="NN" lemma="reason">reason</w>
<w type="CC" lemma="or">or</w>
<w type="DT" lemma="another">another</w>
<pc type="sub">,</pc>
<w type="VBP" lemma="are">are</w>
<w type="RB" lemma="not">not</w>
<w type="JJ" lemma="able">able</w>
<w type="TO" lemma="to">to</w>
<w type="VV" lemma="enjoy">enjoy</w>
<w type="DT" lemma="the">the</w>
<w type="JJ" lemma="full">full</w>
<w type="NNS" lemma="benefit">benefits</w>
<w type="IN" lemma="of">of</w>
<w type="VVG" lemma="live">living</w>
<w type="IN" lemma="in">in</w>
<w type="DT" lemma="a">a</w>
<w type="JJ" lemma="civilised">civilised</w>
<w type="CC" lemma="and">and</w>
<w type="JJ" lemma="law-abiding">law-abiding</w>
<w type="NN" lemma="community">community</w>
<pc type="SENT">.</pc>
</s>
<s><w type="IN" lemma="for">For</w>
<w type="DT" lemma="these">these</w>
<w type="NNS" lemma="people">people</w>
<w type="DT" lemma="the">the</w>
<w type="JJ" lemma="modern">modern</w>
<w type="NN" lemma="world">world</w>
<w type="MD" lemma="can">can</w>
<w type="VV" lemma="seem">seem</w>
<w type="DT" lemma="a">a</w>
<w type="JJ" lemma="distant">distant</w>
<w type="CC" lemma="and">and</w>
<w type="JJ" lemma="hostile">hostile</w>
<w type="NN" lemma="place">place</w>
<pc type="SENT">.</pc>
</s></p><p><s><w type="PP" lemma="it">It</w>
<w type="VBZ" lemma="be">is</w>
<w type="DT" lemma="all">all</w>
<w type="RB" lemma="too">too</w>
<w type="JJ" lemma="easy">easy</w>
<w type="TO" lemma="to">to</w>
<w type="VV" lemma="XXXX">'turn</w>
<w type="DT" lemma="a">a</w>
<w type="JJ" lemma="blind">blind</w>
<w type="NN" lemma="eye">eye</w>
<w type="POS" lemma="'">'</w>
<pc type="sub">,</pc>
<w type="RB" lemma="XXXX">'to</w>
<w type="VV" lemma="pass">pass</w>
<w type="IN" lemma="by">by</w>
<w type="IN" lemma="on">on</w>
<w type="DT" lemma="the">the</w>
<w type="JJ" lemma="other">other</w>
<w type="NN" lemma="side">side</w>
<w type="POS" lemma="'">'</w>
<pc type="sub">,</pc>
<w type="CC" lemma="and">and</w>
<w type="VV" lemma="leave">leave</w>
<w type="PP" lemma="it">it</w>
<w type="TO" lemma="to">to</w>
<w type="NNS" lemma="expert">experts</w>
<w type="CC" lemma="and">and</w>
<w type="NNS" lemma="professional">professionals</w>
<pc type="SENT">.</pc>
</s>
<s><w type="PDT" lemma="All">All</w>
<w type="DT" lemma="the">the</w>
<w type="JJ" lemma="great">great</w>
<w type="JJ" lemma="religious">religious</w>
<w type="NNS" lemma="teaching">teachings</w>
<w type="IN" lemma="of">of</w>
<w type="DT" lemma="the">the</w>
<w type="NN" lemma="world">world</w>
<w type="NN" lemma="press">press</w>
<w type="NN" lemma="home">home</w>
<w type="DT" lemma="the">the</w>
<w type="NN" lemma="message">message</w>
<w type="IN" lemma="that">that</w>
<w type="NN" lemma="everyone">everyone</w>
<w type="VHZ" lemma="have">has</w>
<w type="DT" lemma="a">a</w>
<w type="NN" lemma="responsibility">responsibility</w>
<w type="TO" lemma="to">to</w>
<w type="VV" lemma="care">care</w>
<w type="IN" lemma="for">for</w>
<w type="DT" lemma="the">the</w>
<w type="JJ" lemma="vulnerable">vulnerable</w>
<pc type="SENT">.</pc>
</s>
<s><w type="RB" lemma="fortunately">Fortunately</w>
<pc type="sub">,</pc>
<w type="EX" lemma="there">there</w>
<w type="VBP" lemma="are">are</w>
<w type="JJ" lemma="many">many</w>
<w type="NNS" lemma="group">groups</w>
<w type="CC" lemma="and">and</w>
<w type="NNS" lemma="individual">individuals</w>
<pc type="sub">,</pc>
<w type="RB" lemma="often">often</w>
<w type="JJ" lemma="unsung">unsung</w>
<w type="CC" lemma="and">and</w>
<w type="VVN" lemma="unreward">unrewarded</w>
<pc type="sub">,</pc>
<w type="WP" lemma="who">who</w>
<w type="VBP" lemma="are">are</w>
<w type="VVN" lemma="dedicate">dedicated</w>
<w type="TO" lemma="to">to</w>
<w type="VVG" lemma="ensure">ensuring</w>
<w type="IN" lemma="that">that</w>
<w type="DT" lemma="the">the</w>
<w type="NNS" lemma="XXXX">'outsiders</w>
<pc type="cq">'</pc>
<w type="VBP" lemma="are">are</w>
<w type="VVN" lemma="give">given</w>
<w type="DT" lemma="a">a</w>
<w type="NN" lemma="chance">chance</w>
<w type="TO" lemma="to">to</w>
<w type="VB" lemma="be">be</w>
<w type="VVN" lemma="recognise">recognised</w>
<w type="CC" lemma="and">and</w>
<w type="VVN" lemma="respect">respected</w>
<pc type="SENT">.</pc>
</s>
<s><w type="RB" lemma="however">However</w>
<pc type="sub">,</pc>
<w type="DT" lemma="each">each</w>
<w type="NN" lemma="one">one</w>
<w type="IN" lemma="of">of</w>
<w type="PP" lemma="us">us</w>
<w type="MD" lemma="can">can</w>
<w type="RB" lemma="also">also</w>
<w type="VV" lemma="help">help</w>
<w type="IN" lemma="by">by</w>
<w type="VVG" lemma="offer">offering</w>
<w type="DT" lemma="a">a</w>
<w type="JJ" lemma="little">little</w>
<w type="NN" lemma="time">time</w>
<pc type="sub">,</pc>
<w type="DT" lemma="a">a</w>
<w type="NN" lemma="talent">talent</w>
<w type="CC" lemma="or">or</w>
<w type="DT" lemma="a">a</w>
<w type="NN" lemma="possession">possession</w>
<pc type="sub">,</pc>
<w type="CC" lemma="and">and</w>
<w type="VVG" lemma="take">taking</w>
<w type="DT" lemma="a">a</w>
<w type="NN" lemma="share">share</w>
<w type="IN" lemma="in">in</w>
<w type="DT" lemma="the">the</w>
<w type="NN" lemma="responsibility">responsibility</w>
<w type="IN" lemma="for">for</w>
<w type="DT" lemma="the">the</w>
<w type="NN" lemma="well-being">well-being</w>
<w type="IN" lemma="of">of</w>
<w type="DT" lemma="those">those</w>
<w type="WP" lemma="who">who</w>
<w type="VVP" lemma="feel">feel</w>
<w type="VVN" lemma="exclude">excluded</w>
<pc type="SENT">.</pc>
</s></p><p><s><w type="CC" lemma="and">And</w>
<w type="RB" lemma="also">also</w>
<w type="NN" lemma="today">today</w>
<w type="PP" lemma="I">I</w>
<w type="VVP" lemma="want">want</w>
<w type="TO" lemma="to">to</w>
<w type="VV" lemma="draw">draw</w>
<w type="NN" lemma="attention">attention</w>
<w type="TO" lemma="to">to</w>
<w type="DT" lemma="another">another</w>
<w type="NN" lemma="group">group</w>
<w type="IN" lemma="of">of</w>
<w type="NNS" lemma="people">people</w>
<w type="WP" lemma="who">who</w>
<w type="VVP" lemma="deserve">deserve</w>
<w type="PPs" lemma="our">our</w>
<w type="NNS" lemma="thought">thoughts</w>
<w type="DT" lemma="this">this</w>
<w type="NP" lemma="Christmas">Christmas</w>
<pc type="SENT">.</pc>
</s>
<s><w type="PP" lemma="we">We</w>
<w type="VHP" lemma="have">have</w>
<w type="RB" lemma="all">all</w>
<w type="VBN" lemma="be">been</w>
<w type="JJ" lemma="conscious">conscious</w>
<w type="IN" lemma="of">of</w>
<w type="DT" lemma="those">those</w>
<w type="WP" lemma="who">who</w>
<w type="VHP" lemma="have">have</w>
<w type="VVN" lemma="give">given</w>
<w type="PPs" lemma="their">their</w>
<w type="NNS" lemma="life">lives</w>
<pc type="sub">,</pc>
<w type="CC" lemma="or">or</w>
<w type="WP" lemma="who">who</w>
<w type="VHP" lemma="have">have</w>
<w type="VBN" lemma="be">been</w>
<w type="RB" lemma="severely">severely</w>
<w type="VVN" lemma="wound">wounded</w>
<pc type="sub">,</pc>
<w type="IN" lemma="while">while</w>
<w type="VVG" lemma="serve">serving</w>
<w type="IN" lemma="with">with</w>
<w type="DT" lemma="the">the</w>
<w type="NP" lemma="Armed">Armed</w>
<w type="NPS" lemma="Forces">Forces</w>
<w type="IN" lemma="in">in</w>
<w type="NP" lemma="Iraq">Iraq</w>
<w type="CC" lemma="and">and</w>
<w type="NP" lemma="Afghanistan">Afghanistan</w>
<pc type="SENT">.</pc>
</s>
<s><w type="DT" lemma="the">The</w>
<w type="NN" lemma="dedication">dedication</w>
<w type="IN" lemma="of">of</w>
<w type="DT" lemma="the">the</w>
<w type="NP" lemma="National">National</w>
<w type="NP" lemma="Armed">Armed</w>
<w type="NPS" lemma="Forces">Forces</w>
<w type="NP" lemma="Memorial">Memorial</w>
<w type="VBD" lemma="be">was</w>
<w type="RB" lemma="also">also</w>
<w type="DT" lemma="an">an</w>
<w type="NN" lemma="occasion">occasion</w>
<w type="TO" lemma="to">to</w>
<w type="VV" lemma="remember">remember</w>
<w type="DT" lemma="those">those</w>
<w type="WP" lemma="who">who</w>
<w type="VHP" lemma="have">have</w>
<w type="VVN" lemma="suffer">suffered</w>
<w type="IN" lemma="while">while</w>
<w type="VVG" lemma="serve">serving</w>
<w type="IN" lemma="in">in</w>
<w type="DT" lemma="these">these</w>
<w type="CC" lemma="and">and</w>
<w type="DT" lemma="every">every</w>
<w type="JJ" lemma="other">other</w>
<w type="NN" lemma="place">place</w>
<w type="IN" lemma="of">of</w>
<w type="NN" lemma="unrest">unrest</w>
<w type="IN" lemma="since">since</w>
<w type="DT" lemma="the">the</w>
<w type="NN" lemma="end">end</w>
<w type="IN" lemma="of">of</w>
<w type="DT" lemma="the">the</w>
<w type="NP" lemma="Second">Second</w>
<w type="NP" lemma="World">World</w>
<w type="NP" lemma="War">War</w>
<pc type="SENT">.</pc>
</s></p><p><s><w type="IN" lemma="for">For</w>
<w type="PPs" lemma="their">their</w>
<w type="NNS" lemma="family">families</w>
<pc type="sub">,</pc>
<w type="NP" lemma="Christmas">Christmas</w>
<w type="MD" lemma="will">will</w>
<w type="VV" lemma="bring">bring</w>
<w type="RB" lemma="back">back</w>
<w type="JJ" lemma="sad">sad</w>
<w type="NNS" lemma="memory">memories</w>
<pc type="sub">,</pc>
<w type="CC" lemma="and">and</w>
<w type="PP" lemma="I">I</w>
<w type="VV" lemma="pray">pray</w>
<w type="IN" lemma="that">that</w>
<w type="DT" lemma="all">all</w>
<w type="IN" lemma="of">of</w>
<w type="PP" lemma="you">you</w>
<pc type="sub">,</pc>
<w type="WP" lemma="who">who</w>
<w type="VBP" lemma="are">are</w>
<w type="VVG" lemma="miss">missing</w>
<w type="DT" lemma="those">those</w>
<w type="WP" lemma="who">who</w>
<w type="VBP" lemma="are">are</w>
<w type="RB" lemma="dear">dear</w>
<w type="TO" lemma="to">to</w>
<w type="PP" lemma="you">you</w>
<pc type="sub">,</pc>
<w type="MD" lemma="will">will</w>
<w type="VV" lemma="find">find</w>
<w type="NN" lemma="strength">strength</w>
<w type="CC" lemma="and">and</w>
<w type="NN" lemma="comfort">comfort</w>
<w type="IN" lemma="in">in</w>
<w type="PPs" lemma="your">your</w>
<w type="NNS" lemma="family">families</w>
<w type="CC" lemma="and">and</w>
<w type="NNS" lemma="friend">friends</w>
<pc type="SENT">.</pc>
</s>
<s><w type="DT" lemma="a">A</w>
<w type="JJ" lemma="familiar">familiar</w>
<w type="NN" lemma="introduction">introduction</w>
<w type="TO" lemma="to">to</w>
<w type="DT" lemma="an">an</w>
<w type="JJ" lemma="annual">annual</w>
<w type="NP" lemma="Christmas">Christmas</w>
<w type="NP" lemma="Carol">Carol</w>
<w type="NP" lemma="Service">Service</w>
<w type="VVZ" lemma="contain">contains</w>
<w type="DT" lemma="the">the</w>
<w type="NNS" lemma="word">words</w>
<pc type="sub">:</pc>
<w type="NN" lemma="XXXX">'Because</w>
<w type="DT" lemma="this">this</w>
<w type="MD" lemma="would">would</w>
<w type="RBS" lemma="most">most</w>
<w type="VV" lemma="rejoice">rejoice</w>
<w type="PPs" lemma="his">his</w>
<w type="NN" lemma="heart">heart</w>
<pc type="sub">,</pc>
<w type="VVD" lemma="let">let</w>
<w type="PP" lemma="us">us</w>
<w type="VVP" lemma="remember">remember</w>
<pc type="sub">,</pc>
<w type="IN" lemma="in">in</w>
<w type="PPs" lemma="his">his</w>
<w type="NN" lemma="name">name</w>
<pc type="sub">,</pc>
<w type="DT" lemma="the">the</w>
<w type="JJ" lemma="poor">poor</w>
<w type="CC" lemma="and">and</w>
<w type="DT" lemma="the">the</w>
<w type="JJ" lemma="helpless">helpless</w>
<pc type="sub">,</pc>
<w type="DT" lemma="the">the</w>
<w type="NN" lemma="cold">cold</w>
<pc type="sub">,</pc>
<w type="DT" lemma="the">the</w>
<w type="JJ" lemma="hungry">hungry</w>
<pc type="sub">,</pc>
<w type="CC" lemma="and">and</w>
<w type="DT" lemma="the">the</w>
<w type="VVD" lemma="oppress">oppressed</w>
<pc type="sub">;</pc>
<w type="DT" lemma="the">the</w>
<w type="JJ" lemma="sick">sick</w>
<w type="CC" lemma="and">and</w>
<w type="DT" lemma="those">those</w>
<w type="WP" lemma="who">who</w>
<w type="VV" lemma="mourn">mourn</w>
<pc type="sub">,</pc>
<w type="DT" lemma="the">the</w>
<w type="JJ" lemma="lonely">lonely</w>
<w type="CC" lemma="and">and</w>
<w type="DT" lemma="the">the</w>
<w type="NN" lemma="unloved">unloved</w>
<pc type="SENT">.</pc>
<pc type="cq">'</pc>
</s></p><p><s><w type="NP" lemma="XXXX">Wherever</w>
<w type="DT" lemma="these">these</w>
<w type="NNS" lemma="word">words</w>
<w type="VVP" lemma="find">find</w>
<w type="PP" lemma="you">you</w>
<pc type="sub">,</pc>
<w type="CC" lemma="and">and</w>
<w type="IN" lemma="in">in</w>
<w type="WDT" lemma="whatever">whatever</w>
<w type="NNS" lemma="circumstance">circumstances</w>
<pc type="sub">,</pc>
<w type="PP" lemma="I">I</w>
<w type="VVP" lemma="want">want</w>
<w type="TO" lemma="to">to</w>
<w type="VV" lemma="wish">wish</w>
<w type="PP" lemma="you">you</w>
<w type="PDT" lemma="all">all</w>
<w type="DT" lemma="a">a</w>
<w type="VVN" lemma="bless">blessed</w>
<w type="NP" lemma="Christmas">Christmas</w>
<pc type="SENT">.</pc>
</s></p></div>