<?xml version="1.0" encoding="utf-8"?>

<!--<!DOCTYPE TEI SYSTEM "http://www.bvh.univ-tours.fr:8080/xtf/dtd/renaissance.dtd">-->
<TEI xmlns="http://www.tei-c.org/ns/1.0" xml:lang="fra" xml:id="B751131011_RES_Y2_2125_tei">
<teiHeader>
<fileDesc>
<titleStmt>
  <title><hi rend="it">Pantagrueline  prognostication pour l’an 1533</hi>, Lyon, 1532</title>
<respStmt>
<name key="MLD">Marie-Luce Demonet</name>
<resp><date>2014</date>Responsable BVH CESR, relecture</resp>
</respStmt>
<respStmt>
<name key="CdB">Christine de Buzon</name>
<resp><date>1996</date>Relecture</resp>
</respStmt>
<respStmt>
<name key="LD">Lydie Danjean</name>
<resp><date>2014</date>Encodage</resp>
</respStmt>
<respStmt>
<name key="JF">Jorge Fins</name>
<resp><date>2014</date>Contrôle de l'encodage</resp>
</respStmt>
</titleStmt>
<editionStmt>
  <edition n="1" xml:base="http://www.bvh.univ-tours.fr:8080/xtf/view?docId=tei/B751131011_RES_Y2_2125/B751131011_RES_Y2_2125_tei.xml;query=;brand=default">
<date type="mise_en_ligne" when="2014-03-19" n="1">19/03/2014</date>
<!--<date type="mise_a_jour" when="aaaa-mm-jj" n="1"></date>-->
</edition>
<respStmt>
<name key="TU">Toshinori Uetani</name>
<resp>Révision</resp>
</respStmt>
</editionStmt>
<extent>28 ko</extent>
<publicationStmt>    
<authority>Université François-Rabelais</authority>
<address>
          <addrLine>3 rue des Tanneurs</addrLine>
          <addrLine>37041 TOURS Cedex 1 France</addrLine>
        </address>
<authority>Centre National de la Recherche Scientifique (CNRS)</authority>
<address>
          <addrLine>3 rue Michel-Ange</addrLine>
          <addrLine>75794 Paris France</addrLine>
        </address>
<authority xml:base="http://www.cesr.univ-tours.fr">Centre d'Etudes Supérieures de la Renaissance (CESR)</authority>
<address>
          <addrLine>59 rue Néricault-Destouches</addrLine>
          <addrLine>BP 11328</addrLine>
          <addrLine>37013 Tours Cedex France</addrLine>
        </address>
<availability>
<p>Creative Commons Attribution - Pas d’Utilisation Commerciale - Partage dans les Mêmes Conditions 3.0 France (CC BY-NC-SA 3.0 FR) <date when="2014">2014</date>
</p>
</availability>
</publicationStmt>
  <notesStmt>
    <note>Le texte transcrit est celui de la Pronostication certaine, véritable et infaillible pour l’an 1533, sans lieu ni date [Lyon, François Juste], de l’édition princeps, d’après l’exemplaire conservé à la Bibliothèque nationale de France (Rés. Y2 2125). Il a la particularité de s’arrêter à la fin du chapitre VI : les chapitres VII à X (« Les quatre saisons de l’année ») sont accessibles dans la transcription disponible à la suite du Pantagruel de 1542 (exemplaire de la Médiathèque de Châteauroux), publié par les BVH.</note>
  </notesStmt>
<sourceDesc>
<msDesc>
<msIdentifier xml:id="B751131011_RES_Y2_2125">
<country>France</country>
<settlement>Paris</settlement>
<institution>Bibliothèque nationale de France</institution>
<repository key="B751131011">Réserve des livres rares</repository>
<idno type="cote">Res Y2-21-25</idno>
</msIdentifier>
<msContents>
<p>
<biblStruct>
<monogr>
<author role="auteur_presume">
<persName key="pers3">
<surname>Rabelais</surname> <forename>François</forename>
</persName>
</author>
<title type="titre_court">Pantagruéline prognostication pour l’an 1533</title>
<title type="titre_long">Pantagruéline prognostication, certaine, véritable et infalible pour l'an mil DXXXIII. 
                         Nouvellement composé, au prouffit et advisement de gens estourdis et musars de nature, par Maistre Alcofribas, architriclin dudict Pantagruel</title>
<title type="titre_variante">Pantagrueline  prognostication pour l’an 1533</title>
<imprint>
<pubPlace role="impression" key="lieu1">Lyon</pubPlace>
  <respStmt>
    <resp>imprimeur-libraire</resp>
<persName key="pers12">
<surname>Juste</surname> <forename>François</forename>
</persName>
  </respStmt>
<date when="1533">1533</date>
</imprint>
</monogr>
</biblStruct>
</p>
</msContents>
<physDesc>
<objectDesc>
<supportDesc>
<collation>
<p>4 ff. non ch.</p>
<dimensions>
<dim type="format">4°</dim>
<dim unit="lignes" rend="medium"/>
</dimensions>
</collation>
</supportDesc>
</objectDesc>
</physDesc>
<additional>
<adminInfo>
<recordHist>
<source>
<listBibl type="refbiblio" xml:base="#Index_refbiblio.xml">
  <bibl xml:id="B343_1" xml:base="URL">
    <author>Rabelais (Fr.)</author>,
    <title rend="it">Pantagruel</title>, <pubPlace>Lyon</pubPlace>, <publisher>François Juste</publisher>,
    <date>1542</date>, <orgName>Médiathèque Equinoxe</orgName>, <idno type="cote">B343 1</idno>
</bibl>
</listBibl>
</source>
</recordHist>
</adminInfo>
<surrogates>
<bibl>
<ref target="http://gallica.bnf.fr/ark:/12148/btv1b8609589t/"/>
<relatedItem type="original">
<ref target="#B751131011_RES_Y2_2125">Gallica</ref>
</relatedItem>
</bibl>
</surrogates>
</additional>
</msDesc>
</sourceDesc>
</fileDesc>
<encodingDesc>
<p>Les langues sont encodées selon la norme iso 639-3. Pour les dialectes qui n'ont pas encore
de code iso, un code non standard est appliqué sur le modèle "oci-gascon".</p>
<projectDesc>
<p>BVH : programme Bibliothèques Virtuelles Humanistes</p>
</projectDesc>
<editorialDecl>
<correction>
<p></p>
</correction>
<hyphenation>
<p>La division des mots en fin de ligne respecte l'original. </p>
</hyphenation>
<normalization>
<p>La transcription est dissimilée et désabrégée. Les s long sont normalisés.</p>
</normalization>
</editorialDecl>
<classDecl xml:base="#BVH_classDecl.xml">
<taxonomy corresp="#corpus-BVH"/>
<taxonomy corresp="#fac-simile_BVH"/>
<taxonomy corresp="#texte_tei"/>
<taxonomy corresp="#tei"/>
<taxonomy corresp="#version"/>
</classDecl>
</encodingDesc>
<profileDesc>
<textClass>
<keywords scheme="#Index_matiere.xml">
<list>
<item corresp="matiere5">Littérature</item>
</list>
</keywords>

<catRef scheme="corpus-BVH" target="#epistemon"/>
<catRef scheme="corpus-BVH" target="#rabelais"/>
<catRef scheme="version" target="#dissimile #desabrege"/>
<catRef scheme="version" target="#v2"/>
</textClass>
<langUsage>
<language ident="frm">Français</language>
<language ident="lat">Latin</language>
</langUsage>
</profileDesc>
<revisionDesc>
<change when="2014-01-20">Création du fichier en TEI P5 pour encodage
<name key="LD">Lydie Danjean</name>
</change>
  <change>
    <date when="2014-01-30">2014-01-30</date>
    <name corresp="#JF">Jorge Fins</name>
    Contrôle de l'encodage
  </change>
  <change>
    <date type="publication" when="2014">2014</date>
    <name corresp="#JF">Jorge Fins</name>Première publication
  </change>
</revisionDesc>
</teiHeader>
<text type="pronostication">
  <pb n="1" xml:id="B751131011_RES_Y2_2125_0001"/>
  <fw type="pageNum" place="top-left">[1]</fw>
<front>
<titlePage>
<figure>
  <graphic url="B751131011_RES_Y2_2125.jpg" xml:base="http://gallica.bnf.fr/ark:/12148/btv1b8609589t"/>
  <figDesc>Courtesy of Gallica</figDesc>
</figure>
<docTitle>
<titlePart type="main">
<lb/><g ref=""/><hi rend="larger2">P</hi><hi rend="large">Antagrueline</hi>
  <lb/>prognostication certaine veritable &amp; <choice><sic>infalible</sic><corr>infallible</corr></choice> pour
<lb/><date>l&#x2019;an mil. D.xxxiii.</date> nouvellement composee au pro-
<lb rend="hyphen"/>fit et advisement de gens estourdis et musars de nature <expan>par</expan> mai-
<lb rend="hyphen"/>stre <name>Alcofribas</name> architriclin dudict <name>Pantagruel</name>
</titlePart>
  <lb/>
  <lb/>
  <lb/>
  <lb/>
  <figure><figDesc>[Illustration]</figDesc>
    <ab><stamp>[Tampon de la Bibliothèque Royale]</stamp></ab>
  </figure>
  <lb/>
  <lb/>
<titlePart type="sub">
<lb/><g type="pied_de_mouche">&#x2761;</g> De nombre d&#x2019;Or <foreign xml:lang="lat">non dicitur</foreign>/ je n&#x2019;en trouve point ceste annee/
<lb/>quelque calculation que j&#x2019;en aye faict/ passons oultre/ qui en a si
<lb/>s&#x2019;en defface en moy/ qui n&#x2019;en a sy en cherche. <foreign xml:lang="lat">Verte folium</foreign>.
</titlePart>
</docTitle>
</titlePage>
<div xml:id="n1" type="au_lecteur">
  <pb n="2" xml:id="B751131011_RES_Y2_2125_0002"/>
  <fw type="pageNum" place="top-left">[2]</fw>
<head rend="center">
<lb/><g type="pied_de_mouche">&#x2761;</g> Au liseur benivole Salut
<lb/>et paix en <name>Jesuchrist</name>.
</head>
<p>
<lb/><g ref=""/><hi rend="larger">C</hi>Onsiderant infiniz abus estre perpetrez a cause d&#x2019;ung
<lb/>tas de Prognostications de <placeName type="ville"><choice><sic>Loain</sic><corr>Lovain</corr></choice></placeName> faictes a l&#x2019;ombre
<lb/>d&#x2019;ung verre de vin/ je vous en ay presentement ca-
<lb rend="hyphen"/>lcule une la plus sceure et veritable que fut oncques veue/ com
<lb rend="hyphen"/>me l&#x2019;experience vous le demonstrera. Car sans doubte veu <expan>que</expan>
<lb/>dit le <expan>prophete</expan> <name>Royal</name> .<expan xml:lang="lat">psalmo</expan>. v. a <name>Dieu</name>. Tu destruiras tous ceulx
<lb/>qui disent mensonges/ ce n&#x2019;est <choice><sic>par</sic><corr>pas</corr></choice> legier peche de mentir ainsi
<lb/>a son escient/ et ensemble abuser le povre monde qui est cu-
<lb rend="hyphen"/>rieulx de scavoir choses nouvelles. Comme de tout temps ont
<lb/>este singulierement les Francoys/ ainsy que escript <name>Cesar</name> en
<lb/>ses commentaires et <name>Jehan de gravot</name> on mythologies Gal-
<lb rend="hyphen"/>licques ce que nous voyons encores de jour en jour par <placeName type="pays">Fran-
<lb rend="hyphen"/>ce</placeName> ou le premier propos qu&#x2019;on tient a gens fraischement ar-
<lb rend="hyphen"/>rivez sont Quelles nouvelles? scavez vous rien de nouveau?
<lb/>Quy dit? qui bruit par le monde? Et tant y sont attentifz <expan>que</expan>
<lb/>souvent se courroussent contre ceulx qui viennent de pays estran
<lb rend="hyphen"/>ges sans aporter pleines bougettes de nouvelles. les appel
<lb rend="hyphen"/>lant veaux et idiotz. Si doncques comme ilz sont promptz a
<lb/>demander des nouvelles. autant sont ilz faciles a croyre ce que
<lb/>leur est <choice><sic>an nonce</sic><corr>annoncé</corr></choice>/ debvroit on pas mettre gens dignes de foy
<lb/>a gaiges a l&#x2019;entree du Royaulme/ qui ne serviroient d&#x2019;aultre
<lb/>chose sy non de examiner les nouvelles qu&#x2019;on y aporte/ a sca
<lb rend="hyphen"/>voir sy elles sont veritables? Ouy certes. Et ainsi a faict mon
<lb/>bon maistre <name>Pantagruel</name> par tout le pays de <placeName type="pays">Utopie</placeName> et <placeName type="pays">Dipso
<lb rend="hyphen"/>die</placeName>. Aussy luy en est il si bien prins &amp; tant prospere son territoy
<lb rend="hyphen"/>re/ qu&#x2019;ilz ne peuvent de present avanger a boyre et leur con
<lb rend="hyphen"/>viendra espandre le vin en terre/ sy d&#x2019;ailleurs ne leur vient ren-
<lb rend="hyphen"/>fort de beuveurs &amp; bons raillars. Voulant doncques satisffai-
<lb rend="hyphen"/>re a la curiosite de tous bons compaignons j&#x2019;ai revolve tou-
<lb rend="hyphen"/>tes les pantarches des cieulx calcule les quadratz de la Lune.
<lb/>crochete tout ce que jamais penserent tous les Astrophiles/
<lb/>Hypernephelistes/ Anemophilaces/ Uranopetes/ &amp; ombro
<lb rend="hyphen"/>phores/ et confere du tout avecques <name>Empedocles</name>/ lequel se
<pb n="3" xml:id="B751131011_RES_Y2_2125_0003"/>
  <fw type="pageNum" place="top-left">[3]</fw>
<lb/>recommande a vostre bonne grace. Et tout le <foreign xml:lang="lat">tu autem</foreign> ay
<lb/>yci en peu de chapitres redige/ vous asseurant que je n&#x2019;en dis
<lb/>sinon <choice><sic>se</sic><corr>ce</corr></choice> que j&#x2019;en pense et n&#x2019;en pense sinon ce que en est/ &amp; n&#x2019;en est
<lb/>aultre chose pour toute verite que ce qu&#x2019;en lirez a ceste heu-
<lb rend="hyphen"/>re. Ce que sera dit au par sus/ sera passe au gros tamys a
<lb/>tors &amp; a travers/ et <expan>par</expan> adventure adviendra ou par adventure
<lb/>n&#x2019;adviendra pas. D&#x2019;ung cas vous advertis. que si ne croyez
<lb/>le tout/ <expan>vous</expan> me faictez ung maulvais tour dont serez puniz ycy
<lb/>ou ailleurs. Or mouschez vos nez petiz enfans &amp; <expan>vous</expan> aultres
<lb/>vieux resveurs affustez <expan><choice><sic>vous</sic><corr>vos</corr></choice></expan> bezicles &amp; pesez bien ces motz.
</p>
</div>
</front>
<body>
  <div xml:id="n2" type="pronostication">
    <head rend="hidden">[pronostication]</head>
<div xml:id="n2.1" n="1" type="chapitre">
<head rend="center">
<lb/><g type="pied_de_mouche">&#x2761;</g> Du gouverneur &amp; seigneur de
<lb/>ceste annee. Chapitre premier.
</head>
<p>
<lb/><g ref=""/><hi rend="larger">Q</hi>Uelque chose que vous disent ces folz Astrologues
<lb/>de <placeName type="ville">lovain</placeName> de <placeName type="ville">Nurnberg</placeName>/ de <placeName type="ville">Tubinge</placeName> &amp; de <placeName type="ville">Lyon</placeName>/ ne
<lb/>croyez point que ceste annee il y ayt aultre gouver
<lb rend="hyphen"/>neur de l&#x2019;universel monde que <name>Dieu</name>/ le createur/ le
<lb rend="hyphen"/>quel par sa divine parolle tout regist &amp; modere/ par laquelle
<lb/>sont toutes choses en leur nature propriete &amp; condition/ et
<lb/>sans la maintenance et gouvernement duquel toutes choses
<lb/>seroient en ung moment reduictes a neant comme de neant el-
<lb rend="hyphen"/>les ont este par luy produictes en leur estre. Car de luy vient/
<lb/>en lui est/ &amp; par luy se parfaict tout estre et tout bien toute vie
<lb/>&amp; mouvement comme dit la trompette evangelicque mon-
<lb rend="hyphen"/>seigneur <name><choice><sic>sanict</sic><corr>sainct</corr></choice> Paul</name> .Ro xi. Doncques le gouverneur de ce
<lb rend="hyphen"/>ste annee &amp; toutes aultres selon nostre veridicque resolution
<lb/>sera <name>Dieu</name> tout puissant. Et ne aura Saturne ne Mars ne Ju
<lb rend="hyphen"/>piter ne aultre planete/ certes non pas les anges ni les sa-
<lb rend="hyphen"/>inctz ny les hommes ny les diables vertuz/ efficace/ puissance
<lb/>ne influence aulcune si <name>Dieu</name> de son bon plaisir ne leur donne.
<lb/>Comme dict <name>Avicenne</name>/ que les causes secondes ne ont influ
<lb rend="hyphen"/>ence ne action aulcune si la cause premiere n&#x2019;y influe.
</p>
</div>
  <div xml:id="n2.2" n="2" type="chapitre">
<head rend="center">
<lb/><g type="pied_de_mouche">&#x2761;</g> De l&#x2019;eclipse de ceste
<lb/>annee. <choice><abbr>Chap.</abbr><expan>Chapitre</expan></choice> ii.
</head>
<fw type="sig" place="bot-right">A ii</fw>
<pb n="4" xml:id="B751131011_RES_Y2_2125_0004"/>
    <fw type="pageNum" place="top-left">[4]</fw>
<p>
<lb/><g ref=""/><hi rend="larger">C</hi>Este annee sera eclipse de Lune le. iiii. jour D&#x2019;aoust. <name>Sa
<lb rend="hyphen"/>turne</name> sera retrograde. Venus directe. Mercure incon
<lb rend="hyphen"/>stant. Et ung tas d&#x2019;aultres planetes ne yront pas com-
<lb rend="hyphen"/>me aultres foys. dont pour ceste annee les chancres yront de cou
<lb rend="hyphen"/>ste/ &amp; les cordiers a recullont/ les escabelles monteront sur les
<lb/>bancqs/ les coissins se trouveront ou pied du lict/ lez couilles pen
<lb rend="hyphen"/>dront a plusieurs par faulte de gibessiere/ le ventre ira devant/
<lb/>le cul se assoyra le premier/ l&#x2019;on ne pourra trouver la feubve
<lb/>au guasteau des Roys/ l&#x2019;on ne rencontrera point d&#x2019;as au flux/
<lb/>le dez ne dyra point a soubhait quoy qu&#x2019;on le flate/ les bestes
<lb/>parleront en divers lieux. Quaresmeprenant guaignera son
<lb/>proces/ l&#x2019;une partie du monde se desguisera pour tromper l&#x2019;au
<lb rend="hyphen"/>tre l&#x2019;on ne veyt oncques tel desordre en nature. Et se feront ce-
<lb rend="hyphen"/>ste annee plus de .xxvii. verbes anormaulx sy <name>Priscian</name> ne
<lb/>les tient de court. Sy <name>dieu</name> ne nous ayde nous aurons prou d&#x2019;af
<lb rend="hyphen"/>fayres. Mays au contrepoint s&#x2019;il est pour nous riens ne nous
<lb/>pourra nuyre comme dit le celeste Astrologue/ qui fut ravy
<lb/>jusques au Ciel/ Ro. viii. c. <foreign xml:lang="lat">Si <name>deus</name> <expan>pro</expan> nobis quis contra nos</foreign>?<sic>.</sic>
</p>
</div>
  <div xml:id="n2.3" n="3" type="chapitre">
<head rend="center">
<lb/><g type="pied_de_mouche">&#x2761;</g> Des maladies de ceste annee. <choice><abbr>Chap.</abbr><expan>Chapitre</expan></choice> iii.
</head>
<p>
<lb/><g ref=""/><hi rend="larger">C</hi>Este annee les aveugles ne verront que bien peu/ les
<lb/>sourdz oyront assez mal/ les muetz ne parleront guieres.
<lb/>les Riches se porteront ung peu mieulx que les pou-
<lb rend="hyphen"/>vres &amp; les sains mieulx que les malades. Plusieurs Moutons
<lb/>Beufz/ Pourceaulx/ Oysons/ Pouletz/ &amp; Canars mourront
<lb/>et n&#x2019;y aura pas sy cruelle mortalite entre les cinges et Dro-
<lb rend="hyphen"/>madayres. Viellesse sera incurable ceste annee a cause des an
<lb rend="hyphen"/>nees passees. Ceulx qui seront pleureticques/ auront grant mal
<lb/>au couste/ ceulx quy auront fluz de ventre yront souvent a la cel
<lb rend="hyphen"/>le percee/ <choice><sic>le</sic><corr>les</corr></choice> catarrhes descendront ceste annee du cerveau es
<lb/>membres inferieurs. Et regnera quasi universellement/ Une
<lb/>maladie bien horrible/ redoubtable/ maligne/ perverse/ espo
<lb rend="hyphen"/>ventable/ &amp; mal plaisante/ laquelle rendra le monde bien <choice><sic>eston
<lb rend="hyphen"/>en</sic><corr>eston
<lb rend="hyphen"/>ne</corr></choice>/ et dont plusieurs ne scauront de quel boys fayre fleches/
<lb/>et bien souvent composeront en ravasserie sylogisans en la
<pb n="5" xml:id="B751131011_RES_Y2_2125_0005"/>
  <fw type="pageNum" place="top-left">[5]</fw>
<lb/>pierre philosophalle &amp; l&#x2019;appelle <bibl><author><name>Averroys</name></author> .vii. <title xml:lang="lat">colliget</title></bibl> faul
<lb rend="hyphen"/>te d&#x2019;argent. Et attendu la comete de l&#x2019;an passe et la retrogra
<lb rend="hyphen"/>dation de Saturne/ mourra a l&#x2019;hospital ung grant marault
<lb/>tout catarrhe et crousteleve.
</p>
</div>
  <div xml:id="n2.4" n="4" type="chapitre">
<head rend="center">
<lb/><g type="pied_de_mouche">&#x2761;</g> Des fruictz et biens croissans de terre. <choice><abbr>Chap.</abbr><expan>Chapitre</expan></choice> iiii.
</head>
<p>
<lb/><g ref=""/><hi rend="larger">J</hi>E treuve par les calcules de <name>Albumasar</name>/ au livre de la
<lb/>grande conjunction &amp; ailleurs/ que ceste annee sera bien fertile avec-
<lb rend="hyphen"/>ques plante de tous biens a ceulx quy auront de quoy. Mais
<lb/>le hobelon de <placeName type="region">Picardie</placeName>/ craindra quelque peu la froydure/ l&#x2019;a
<lb rend="hyphen"/>voyne fera grant bien es chevaulx. il ny aura gueres plus de
<lb/>lart <expan>que</expan> de pourceaulx a cause de <name>pisces</name> ascendant. il sera grand
<lb/>annee de caquerolles. Mercure menasse quelque peu le persil
<lb/>mays ce nonobstant il sera a pris raysonnable. De blez de vins
<lb/>de fructaiges &amp; legumaiges on n&#x2019;en veit oncques tant sy soub
<lb rend="hyphen"/>haytz de <choice><sic>pouuvres</sic><corr>pouvres</corr></choice> gens sont ouyz.
</p>
</div>
  <div xml:id="n2.5" n="5" type="chapitre">
<head rend="center">
<lb/><g type="pied_de_mouche">&#x2761;</g> De l&#x2019;estat d&#x2019;aulcunes gens. <choice><abbr>Chap.</abbr><expan>Chapitre</expan></choice> v.
</head>
<p>
<lb/><g ref=""/><hi rend="larger">L</hi>A plus grande folie du monde est de penser qu&#x2019;il y ayt des
<lb/>astres pour les Roys/ Papes/ et gros seigneurs/ plus
<lb/>tost que pour les pouvres &amp; suffreteux comme sy nou-
<lb rend="hyphen"/>velles estoilles avoyent este creez despuis le temps du delu-
<lb rend="hyphen"/>ge/ ou de <name>Romulus</name> ou <name>Pharamond</name> a la nouvelle creation
<lb/>des Roys. ce que <name>Triboulet</name>/ ny <name>Cailhette</name>/ ne diroyent pas <expan>qui</expan>
  <lb/>ont este toutesfois gens de hault scavoir et grant renom. Et
<lb/>par adventure en l&#x2019;arche de <name>Noe</name>/ ledict <name>Triboulet</name> estoit de
<lb/>la ligne des Roys de <placeName>Castille</placeName>/ &amp; <name>Caillette</name> du sang de <name>Priam</name>
<lb/>mays toute cest erreur/ ne procede que par default de vraye foy
<lb/>catholicque tenant doncques pour certain <expan>que</expan> les astres se soucient
<lb/>aussi peu des roys/ comme des gueux &amp; des riches comme des ma
<lb rend="hyphen"/>raux je laisseray es aultres folz Prognosticqueurs a parler
<lb/>des Roys &amp; riches &amp; parleray de celle des gens de bas estat.</p>
    <p>
<lb/><g type="pied_de_mouche">&#x2761;</g> Et premierement des gens soubmis a Saturne/ comme
<lb/>gens desporveuz d&#x2019;argent/ jaloux/ resveurs/ mal pensans soubs-
<pb n="6" xml:id="B751131011_RES_Y2_2125_0006"/>
      <fw type="pageNum" place="top-left">[6]</fw>
<lb rend="hyphen"/>onneux/ preneurs de taulpes/ usuriers rachapteurs de rentes ty
<lb rend="hyphen"/>reurs de rivetz gens melancholicques/ n&#x2019;auront pas ceste annee
<lb/>tout ce qu&#x2019;ilz vouldroient bien ilz s&#x2019;estudiront a l&#x2019;invention sain-
<lb rend="hyphen"/>cte croix. &amp; ne getteront poinct leur lart aux chiens/ et se gra
<lb rend="hyphen"/>teront souvent la ou yl ne leur demenge pas.
</p>
<p>
<lb/><g type="pied_de_mouche">&#x2761;</g> A Juppiter comme cagotz/ caffars porteurs de rogatons
<lb/>Copistes/ Bulistes/ Dataires/ Chiquaneurs/ Moines/ Her
<lb rend="hyphen"/>mites Hipocrites/ Chatemittes/ Barbouilleurs de papier
<lb/>chaffoureurs de <expan>parchemin</expan>/ Notaires/ Raminagrobis/ se por
<lb rend="hyphen"/>teront selon leur argent. Et tant mourra de gens d&#x2019;eglise/ qu&#x2019;on
<lb/>ne pourra trouver a qui conferer les benefices/ en sorte que
<lb/>plusieurs en tiendront deux/ troys/ quatre/ et davantaige.
</p>
<p>
<lb/><g type="pied_de_mouche">&#x2761;</g> A Mars comme Bourreaux/ Meurtriers/ Adventuriers
<lb/>Brigans/ Sergens/ records de tesmoings/ gens de guet/
<lb/>Mortepais/ Arracheurs de dens/ coupeurs de couilles/
<lb/>medicins de <expan>triquenicque</expan> qui se font kadeler par les rues/ re
<lb rend="hyphen"/>nieurs de <name>Dieu</name>/ Allumetiers/ Boutefeux/ Ramonneurs
<lb/>de cheminees/ Francz taupins/ charboniers/ Alkimistes/ pin
<lb rend="hyphen"/>semailles/ feront ceste annee de beaux coups mais aulcuns
<lb/>d&#x2019;iceux seront fort subjectz a recepvoir quelque coup de baston
<lb/><choice><sic>al&#x2019;emblee</sic><corr>a l&#x2019;emblee</corr></choice>. Ung des susdictz sera ceste annee faict evesque des champs
<lb/>donnant la benediction avec le pied aux passans.
</p>
<p>
<lb/><g type="pied_de_mouche">&#x2761;</g> A Sol comme <app><lem>Bateleurs</lem><rdg wit="#autres_editions">Boteleurs</rdg></app> de foin/ portefaix/ gueux de l&#x2019;ho
<lb rend="hyphen"/>staire/ Gaignedeniers/ Ravaudeurs/ Degresseurs de bonnetz
<lb/>emboureurs de bastz/ <expan>loqueteurs</expan>/ clacquedens/ crocquelardons/
<lb/>generallement tous portans la chemise noee sus le dos seront
<lb/>sains et alaigres &amp; ne auront point la goutte es dens quant ilz 
<lb/>seront de nopces.
</p>
<p>
<lb/><g type="pied_de_mouche">&#x2761;</g> A <expan>Venus</expan> comme putains/ maquerelles/ ribleurs/ruffiens/
<lb/>caignardiers/ chambrieres d&#x2019;hotelerie/ <foreign xml:lang="lat">Nomina mulierum
<lb/>desinentia in iere/ ut</foreign> lingiere/ taverniere/ buandiere/ frip-
<lb rend="hyphen"/>piere/ seront ceste annee en reputation mais le Soleil entrant
<pb n="7" xml:id="B751131011_RES_Y2_2125_0007"/>
  <fw type="pageNum" place="top-left">[7]</fw>
<lb/>en Cancer et aultres signes se doibvent guarder de Verolle/
<lb/>de chancre/ de pisses chauldes/ poullains grenetz &amp;c. Les non-
<lb rend="hyphen"/>nains a grant peine concepvront sans operation virile/ &amp; guie
<lb rend="hyphen"/>res de pucelles n&#x2019;auront de laict.
</p>
<p>
<lb/><g type="pied_de_mouche">&#x2761;</g> A Mercure/ comme pipeurs/ trompeurs affineurs theri
<lb rend="hyphen"/>acleurs/ larrons/ meusniers/ bateurs de pave/ maistres es ars
<lb/>decretistes/ rimasseurs/ bastelleurs/ joueurs de passepasse/ en
<lb rend="hyphen"/>chanteurs/ vielleurs/ oblieurs/ poetes/ escorcheurs de latin/
<lb/>escumeurs de mer/ feront semblant d&#x2019;estre plus joyeulx que
<lb/>souvent ne seront &amp; quelque foys riront lors que pas n&#x2019;en au
<lb rend="hyphen"/>ront talent. et seront fort subjectz a fayre bancques rouptes
<lb/>s&#x2019;ilz se trouvent plus d&#x2019;argent en bourse que ne leur en fault.
</p>
<p>
<lb/><g type="pied_de_mouche">&#x2761;</g> A la Lune/ comme bisouars/ lunaticques/ folz/ ecervelez/
<lb/>acariastres/ esventez/ courratiers/ postez/ nacquetz/ verriers/
<lb/>estradiotz/ n&#x2019;auront ceste annee guieres d&#x2019;arrest. Toutesfois
<lb/>ne yront pas de litrelofres a <name>Sainct Hiaccho</name>/ comme feirent
<lb/>L&#x2019;an. D.xxiiii. il descendra grant abundance de micquelotz
<lb/>de montaignes de <placeName>Savoye</placeName>/ &amp; de <placeName>Auvergne</placeName>/ mays <foreign xml:lang="lat"><name>Sagitta-
<lb rend="hyphen"/>rius</name></foreign> les menasse des mules aux talons.
</p>
</div>
  <div xml:id="n2.6" n="6" type="chapitre">
<head rend="center">
<lb/><g type="pied_de_mouche">&#x2761;</g> De l&#x2019;estat d&#x2019;aulcuns pays. <choice><abbr>Chap.</abbr><expan>Chapitre</expan></choice> vi.
</head>
<p>
<lb/><g ref=""/><hi rend="larger">L</hi>E noble Royaulme de <placeName type="pays">France</placeName>/ prosperera et triumphe-
<lb rend="hyphen"/>ra ceste annee en tous plaisirs &amp; delices tellement que les
<lb/>nations estranges voulentiers se y retireront. Petitz banc-
<lb rend="hyphen"/>quetz/ petitz esbatemens milles joyeusetes se y feront ou ung
<lb/>chascun prendra plaisir. on n&#x2019;y veit oncques tant de vins ny <expan>plus</expan>
<lb/>frians force rabes en <placeName type="region">Lymosin</placeName>/ force chastaignes en <placeName type="region">Peri-
<lb rend="hyphen"/>gort</placeName> et <placeName type="region">Daulphine</placeName>/ force olyves en <placeName type="region">Languedoc</placeName>/ force poys
<lb rend="hyphen"/>sons en la mer/ force estoilles au ciel/ force sel en <placeName type="region">Brouage</placeName>
<lb/>plante de bledz/ legumaiges/ fructaiges/ jardinaiges/ beur-
<lb rend="hyphen"/>res/ laictaiges/ nulle peste/ nulle guerre/ nul ennemy/ bren de
<lb/>pouvrete/ bren de melancholie/ et ces vieulx doubles ducatz/
<lb/>nobles a la rose/ angelotz/ et moutons a la grant laine retour-
<pb n="8" xml:id="B751131011_RES_Y2_2125_0008"/>
  <fw type="pageNum" place="top-left">[8]</fw>
<lb rend="hyphen"/>neront en usance avecques plante de seraphz/ et escuz au
<lb/>soleil. Toutesfoys sus le milieu de L&#x2019;este sera a redoubter
<lb/><expan>quelque</expan> venue de pusses noyres et cheussons de <placeName>la Deviniere</placeName>. 
<lb/><foreign xml:lang="lat">Adeo nichil est ex omni parte beatum</foreign>. Mays il les faudra bri-
<lb rend="hyphen"/>der a force de collations vespertines.
</p>
<p>
<lb/><g type="pied_de_mouche">&#x2761;</g> <placeName type="pays">Italie</placeName>/ <placeName type="pays">Romanie</placeName>/ <placeName type="ville">Naples</placeName>/ <placeName>Cecile</placeName> demeureront la ou el-
<lb rend="hyphen"/>les estoient l&#x2019;an passe. Ilz songeront bien profundement vers
<lb/>la fin du Karesme/ &amp; resveront <expan>quelques</expan> foys vers le hault du <expan>jour</expan>.
</p>
<p>
<lb/><g type="pied_de_mouche">&#x2761;</g> <placeName type="pays">Alemaigne</placeName>/ <placeName type="pays">Souisse</placeName>/ <placeName>Saxe</placeName>/ <placeName type="ville">Strasbourg</placeName> &amp;c. profiteront
<lb/>s&#x2019;ilz ne faillent. les porteurs de rogatons les doibvent redoub
<lb rend="hyphen"/>ter. et ceste annee ne se y fonderont pas beaucop de anniversaires.
</p>
<p>
<lb/><g type="pied_de_mouche">&#x2761;</g> <placeName type="pays">Hespaigne</placeName>/ <placeName>Castille</placeName>/ <placeName type="pays">Portugal</placeName>/ <placeName>Arragon</placeName> seront bien
<lb/>subjectz a soubdaines alterations/ &amp; craindront de mourir bien
<lb/>fort/ autant les jeunes/ que les vieulx/ et pourtant se tiendront
<lb/>chaudement et souvent compteront leurs escuz/ s&#x2019;ilz en ont.
</p>
<p>
<lb/><g type="pied_de_mouche">&#x2761;</g> <placeName type="pays">Austriche</placeName>/ <placeName type="pays">Hongrye</placeName>/ <placeName type="pays">Turquie</placeName>/ par ma foy mes bons hil
<lb rend="hyphen"/>lotz je ne scay comment ilz se porteront/ et bien peu m&#x2019;en sou-
<lb rend="hyphen"/>cye veu la brave entree du Soleil en Capricornus/ &amp; sy plus
<lb/>en scavez n&#x2019;en dittez mot/ mais attendez la venue du boyteux.
</p>
<trailer rend="center">
<lb/><g type="pied_de_mouche">&#x2761;</g> <foreign xml:lang="lat">Finis</foreign>.
</trailer>
    <lb/>
    <figure><figDesc>[Illustration]</figDesc>
      <ab><stamp>[Tampon de la Bibliothèque Royale]</stamp></ab>
    </figure>
</div>
</div></body>
</text>
</TEI>
