<?xml version="1.0" encoding="UTF-8"?>
<!--<!DOCTYPE TEI SYSTEM "http://10.105.50.55:8080/xtf/dtd/renaissance.dtd">-->
<TEI xmlns="http://www.tei-c.org/ns/1.0" xml:lang="fra" xml:id="B751131011_YE645_tei">
 <teiHeader>
  <fileDesc>
   <titleStmt>
    <title>Ode de la paix de Pierre de Ronsard, Paris, 1550</title>
    <respStmt>
     <name xml:id="MLD">Marie-Luce Demonet</name>
     <resp>
      <date>2009</date>
      Responsable BVH CESR, relecture
     </resp>
    </respStmt>
    <respStmt>
     <name xml:id="PL">Paul Laumonier</name>
     <resp>
      <date>
       2009
      </date>
      Transcription
     </resp>
    </respStmt>
    <respStmt>
     <name xml:id="VLR">Vanessa Le Rolle</name>
     <resp>
      <date>
       2009
      </date>
      Encodage
     </resp>
    </respStmt>
    <respStmt>
     <name xml:id="ND">Nicole Dufournaud</name>
     <resp>
      <date>
       2010
      </date>
      Contrôle de l'encodage
     </resp>
    </respStmt>
     <respStmt>
     <name xml:id="JF">Jorge Fins</name>
     <resp>
      <date>
       2011
      </date>
      Contrôle de l'encodage
     </resp>
    </respStmt>
   </titleStmt>
   <editionStmt>
    <edition n="2" xml:base="http://www.bvh.univ-tours.fr:8080/xtf/view?docId=tei/B751131011_YE645/B751131011_YE645_tei.xml">
     <date type="mise_en_ligne" when="2001-12-10" n="1">10/12/2001</date>
    <!--<date type="mise_a_jour" when="2013-11-28" n="1">28/11/2013</date>-->
     <date type="mise_a_jour" when="2014-03-19" n="1">19/03/2014</date>
    </edition>
    <respStmt>
     <name xml:id="TU">Toshinori Uetani</name>
     <resp>Révision</resp>
    </respStmt>
   </editionStmt>
   <extent>
    43 Ko
   </extent>
   <publicationStmt>
    <authority>Université François-Rabelais</authority>
    <address>
     <addrLine>3 rue des Tanneurs</addrLine>
     <addrLine>37041 TOURS Cedex 1 France</addrLine>
    </address>
    <authority>Centre National de la Recherche Scientifique (CNRS)</authority>
    <address>
     <addrLine>3 rue Michel-Ange</addrLine>
     <addrLine>75794 Paris France</addrLine>
    </address>
    <authority xml:base="http://www.cesr.univ-tours.fr">Centre d'Etudes Supérieures de la
     Renaissance (CESR)</authority>
    <address>
     <addrLine>59 rue Néricault-Destouches</addrLine>
     <addrLine>BP 11328</addrLine>
     <addrLine>37013 Tours Cedex France</addrLine>
    </address>
    <availability>
     <p>Creative Commons Attribution - Pas d’Utilisation Commerciale - Partage dans les Mêmes Conditions 3.0 France (CC BY-NC-SA 3.0 FR)
       <date when="2014">2014</date>
     </p>
    </availability>
   </publicationStmt>
   <sourceDesc>


    <msDesc>
     <msIdentifier xml:id="Res_p_Ye_645">
      <country>France</country>
      <settlement>Paris</settlement>
      <institution>Bibliothèque nationale de France</institution>
      <repository key="B751131011">Réserve des livres rares</repository>
      <idno type="cote">Rés. p-Ye-645</idno>
     </msIdentifier>
     <msContents><p><biblStruct>
      <monogr>
       <author role="auteur"><persName key="pers1"><surname>Ronsard</surname><forename>Pierre de</forename></persName></author>
       <title type="titre_long">Ode de la paix</title>
       <title type="titre_court">Ode de la paix</title>
       <imprint>
        <pubPlace>Paris</pubPlace>
        <respStmt>
         <resp>imprimeur-libraire</resp>
        <persName key="pers12"><surname>Cavellat</surname><forename>Guillaume</forename></persName>
        </respStmt>
        <date>1550</date>
       </imprint>
      </monogr>
     </biblStruct></p></msContents>
     <physDesc>
      <objectDesc>
       <supportDesc>
        <collation>
         <p>[12] f. (sig. A-C<hi rend="sup">4</hi>)</p>
        <dimensions>
         <dim type="format">8°</dim>
         <dim rend="small" unit="lignes"/>
        </dimensions>
        </collation>
       </supportDesc>
      </objectDesc>
     </physDesc>
     <additional>
      <adminInfo>
       <recordHist>
        <source>
         <listBibl>
           <bibl>
             <author>Renouard (Ph.)</author>,
             <title><hi rend="it">Imprimeurs &amp; libraires parisiens du XVIe siècle, Fascicule Cavellat</hi></title>,
             <pubPlace>Paris</pubPlace>, <date>1986</date>, <biblScope>n° 20</biblScope>.
           </bibl>
          <bibl>
           <author>Ronsard (P. de)</author>,
           <title><hi rend="it">Oeuvres complètes</hi></title> <biblScope>III</biblScope>,
           <pubPlace>Paris</pubPlace>, <publisher>Librairie Hachette</publisher>, Société des textes français modernes, <date>1921</date>, <biblScope>p. 1-38</biblScope>.
          </bibl>
         </listBibl>
        </source>
       </recordHist>
      </adminInfo>
      <surrogates>
       <bibl>
        <ref target="http://gallica.bnf.fr/ark:/12148/bpt6k700294/f3.image"/>
        <relatedItem type="original">
         <ref target="#Res_p_Ye_645">Gallica</ref>
        </relatedItem>
       </bibl>
      </surrogates>
     </additional>
    </msDesc>
   </sourceDesc>
  </fileDesc>
  <encodingDesc>
   <projectDesc>
    <p>BVH: programme Bibliothèques Virtuelles Humanistes</p>
   </projectDesc>
   <editorialDecl>
    <correction>
     <p/>
    </correction>
    <hyphenation>
     <p>La division des mots en fin de ligne respecte l'original.
     </p>
    </hyphenation>
   </editorialDecl>
  </encodingDesc>
  <profileDesc>
   <textClass>
    <keywords scheme="#Index_matiere.xml">
     <list>
      <item corresp="matiere5">Littérature</item>
     </list>
    </keywords>
    <catRef scheme="corpus-BVH" target="#epistemon"/>
    <catRef scheme="version" target="#dissimile #desabrege"/>
    <catRef scheme="version" target="#v2"/>
   </textClass>
   <langUsage>
    <language ident="frm">Français</language>
    <language ident="lat">Latin</language>
    <language ident="ell">Grec</language>
   </langUsage>
  </profileDesc>
  <revisionDesc>
   <change>
    <date type="publication" when="2001-12-10">10 décembre 2001</date>
    <name/>
   </change>
   <change>
    <date when="2009-06-23">23-06-2009</date>
    <name>Vanessa Le Rolle</name>
    Création du fichier en TEI P5 pour encodage
   </change>
   <change>
    <date when="2010-01-26">26 janvier 2010</date>
    <name>Nicole Dufournaud</name>
    Contrôle encodage
   </change>
   <change>
    <date when="2011-02-12">12 février 2011</date>
    <name>Jorge Fins</name>
    Contrôle encodage
   </change>
   <change>
   <date type="publication" when="2011-12-02">2 décembre 2011</date>
   <name corresp="JF">Jorge Fins</name> Publication en XML-TEI
   <name>Sébastien Busson</name> Mise en ligne
   </change>
  </revisionDesc>
 </teiHeader>
 <text xml:lang="frm" type="Ode">
  <pb n="1" xml:id="B751131011_YE645_0001"/>
  <fw place="top-right" type="pageNum"/>
  <front>
   <titlePage>
    <figure>
     <graphic url="B751131011_YE645.jpg" xml:base="http://gallica.bnf.fr/ark:/12148/bpt6k700294/f3.image" height="5px"/>
     <figDesc>Courtesy of Gallica</figDesc>
    </figure>
    <docTitle>
     <titlePart type="main" rend="center">
      <lb/><hi rend="large">ODE DE LA</hi>
      <lb/><hi rend="it">PAIX, PAR <name>PIERRE DE
      <lb/>Ronsard</name> Vandomois, Au Roi.</hi>
     </titlePart>
    </docTitle>
    <lb/>
    <lb/>
    <lb/>
    <docImprint rend="it">
     <lb/><space unit="cm" quantity="2"/>A <pubPlace>PARIS</pubPlace>,
     <lb/><space unit="cm" quantity="0.2"/>Chez <publisher><name>Guillaume Cavellat</name></publisher>, Libraire juré, de-
       <lb rend="hyphen"/>mourant à l&#x2019;enseigne de la <placeName type="enseigne">Poulle grasse</placeName>, devant
       <lb/>le <placeName type="batiment">college de <placeName type="ville">Cambrai</placeName></placeName>.
     <lb/>
     <lb/><docDate rend="center" when="1550">1550.</docDate>
    </docImprint>
    <imprimatur rend="center_it">
     <lb/>AVEC PRIVILEGE.
    </imprimatur>
   </titlePage>
   <div type="privilege" n="1" xml:id="n1">
   <pb n="2" xml:id="B751131011_YE645_0002"/>
   <fw place="top-left" type="pageNum">[1v]</fw>
    <head rend="center"><lb/><hi rend="it">LE PRIVILEGE.</hi></head>
    <p><lb/><hi rend="larger">I</hi>L est permis à <name>Guillaume Cavellat</name> Libraire
    <lb/>juré de l&#x2019;université de <placeName type="ville">Paris</placeName>, de faire impri-
    <lb rend="hyphen"/>mer, vendre &amp; distribuer l&#x2019;Ode de la paix, com-
    <lb rend="hyphen"/>posée par <name>Pierre de Ronsard</name> Vandomois, Et
    <lb/>deffences à tous autres libraires &amp; imprimeurs
    <lb/>de n&#x2019;imprimer ni faire imprimer ladite Ode
    <lb/>durant le temps &amp; terme de deus ans finis
    <lb/>&amp; acomplis, sur peine de confiscation desdis
    <lb/>livres, &amp; d&#x2019;amende arbitraire: comme plus
    <lb/>aplain est contenu &amp; declaré audit privilege.
    <lb/>
     <lb/><hi rend="center">Siné <name><abbr>P.</abbr> Seguier</name>.</hi>
    </p>
    <lb/>
     <div type="quatrain" n="1" xml:id="n1.1" xml:lang="ell">
      <head rend="center"><lb/>Εις Ρωνσαρδον ιακωβου Γωπυλου ιατρου</head>
      <lg rend="center"><l>Ευ Ρωνσαρδε τ&#x2019;ερεξας πυκνη φαιδιμ&#x2019; αοιδη</l>
       <l>Πρωην πιεριδας σοις καλεων επεσιν,</l>
       <l>Ως περι κουροτροφου ειρηνης νυν μεγα μελφης</l>
       <l>κεινων πνειουσων σοι σφετερας χαριτας.</l>
      </lg>
     </div>
    <div type="epigramme" n="2" xml:id="n1.2" xml:lang="ell">
     <head rend="center"><lb/>Αντωνιου βαιφιου εις τον αυτον.</head>
     <lg rend="center"><l>Ειξατε νυν γραικοι τε και ιστορες αυσονιηες.</l>
      <l>Αλλο τι γενναται μειζον ετ&#x2019; Ιλιαδος.</l>
     </lg>
    </div>
   </div>
  </front>
  <body>
   <div type="ode" n="2" xml:id="n2">
   <pb n="3" xml:id="B751131011_YE645_0003"/>
    <fw place="top-left" type="pageNum">[2]</fw>

    <head rend="center">
     <lb/><hi rend="it">ODE AU ROI. </hi>
    </head>
    <lg type="strophe" n="1">
     <lb/>
    <head rend="center">
     <lb/><hi rend="it">Strophe I.</hi>
    </head>
       <l><hi rend="larger">T</hi>Oute roiauté qui dedaigne</l>
       <l>L&#x2019;humble vertu pour sa compaigne</l>
       <l>Souvent dresse le front trop haut:</l>
       <l>Et de son heur outrecuidée</l>
       <l>Court vague, sans estre guidée</l>
       <l>De la clarté qui lui defaut.</l>
       <l>O Roi par destin ordonné</l>
       <l>Pour commander seul à la <placeName type="pays">France</placeName>,</l>
       <l>Certénement <name>Dieu</name> t&#x2019;a donné</l>
       <l>Ce double honneur des ton enfance.</l>
       <l>Lequel (apres la longue horreur</l>
       <l>De <name>Mars</name> vomissant sa fureur,</l>
       <l>Et l&#x2019;âpre venin de sa rage</l>
       <l>Sur ton pais noirci d&#x2019;orage)</l>
       <l>Par l&#x2019;effort d&#x2019;un bras souverain,</l>
       <l>A fait ravaller la tempeste,</l>
       <l>Et ardre alentour de ta teste</l>
       <l>Un air plus tranquille &amp; serain.</l>
    </lg>
      <lg type="antistrophe" n="1">
       <head rend="center">
        <lb/><hi rend="it">Antistrophe.</hi></head>
       <l>Tousjours le sage se travaille</l>
       <fw place="bot-right" type="sig">A ij</fw>
       <pb n="4" xml:id="B751131011_YE645_0004"/>
       <fw place="top-left" type="pageNum">[2v]</fw>
       <l>Doubler les dons que <name>Dieu</name> lui baille,</l>
       <l>Et les vertus qu&#x2019;il a des Cieus:</l>
       <l>Ta majesté de méme sorte</l>
       <l>S&#x2019;etudie affin qu&#x2019;elle porte</l>
       <l>Les siennes au haut de leur mieus.</l>
       <l>Aussi mainte felicité</l>
       <l>Toi, Roi des peuples, environne</l>
       <l>Toi seigneur de mainte cité</l>
       <l>Qui se courbe sous ta couronne.</l>
       <l>Des long tens tu fus honoré</l>
       <l>Comme seul prince decoré</l>
       <l>Des biens &amp; des vertus ensemble</l>
       <l>Que le destin en un t&#x2019;assemble:</l>
       <l>Mais ce bien qu&#x2019;ores tu nous fais</l>
       <l>Veut qu&#x2019;on t&#x2019;adore d&#x2019;avantage,</l>
       <l>Pour avoir fait reverdir l&#x2019;age,</l>
       <l>Ou florissoit l&#x2019;antique paix.</l>
      </lg>
      <lg type="epode" n="1">
       <head rend="center">
        <lb/><hi rend="it">Epode.</hi>
       </head>
       <l>Laquelle osta le debat</l>
       <l>Du Chaos, quand la premiere</l>
       <l>Elle assoupit le combat</l>
       <l>Qui aveugloit la lumiere.</l>
       <l>Elle seule oza tenter</l>
       <l>D&#x2019;effondrer le ventre large</l>
       <l>Du grand Tout, pour enfanter</l>
       <l>L&#x2019;obscur fardeau de sa charge.</l>
       <fw place="bot-right" type="catch">Puis</fw>
       <pb n="5" xml:id="B751131011_YE645_0005"/>
       <fw place="top-left" type="pageNum">[3]</fw>
       <l>Puis demembrant l&#x2019;univers</l>
       <l>En quatre quartiers divers,</l>
       <l>Sa main divinement sainte</l>
       <l>Les lia de clous d&#x2019;aimant,</l>
       <l>Affin de s&#x2019;aller aimant</l>
       <l>D&#x2019;une paisible contrainte.</l>
      </lg>
      <lg type="strophe" n="1">
       <head rend="center">
        <lb/><hi rend="it">Stro. 2. </hi>
       </head>
       <l>Adonq mélant dans ce grand monde</l>
       <l>Sa douce force vagabonde</l>
       <l>Le bien heura d&#x2019;un dous repos,</l>
       <l>Elle fit bas tomber la terre,</l>
       <l>Et tournoier l&#x2019;eau qui la serre</l>
       <l>De ses bras vagues &amp; dispos.</l>
       <l>Du soleil alongea les yeus</l>
       <l>En forme de fleches volantes,</l>
       <l>Et d&#x2019;ordre fit dancer aus Cieus</l>
       <l>Le bal des estoilles coulantes.</l>
       <l>Elle courba le large tour</l>
       <l>De l&#x2019;air, qui cerne tout autour</l>
       <l>Le rond du grand parc ou nous sommes</l>
       <l>Peuplant sa grande rondeur d&#x2019;hommes</l>
       <l>D&#x2019;un mutuel acroissement:</l>
       <l>Car partout ou voloit la belle,</l>
       <l>Les amours volloient avecq&#x2019;elle</l>
       <l>Chatouillant les cueurs doucement.</l>
      </lg>

    <lg type="antistrophe" n="2">
    <head rend="center">
     <lb/><hi rend="it"><choice><sic>Antisto.</sic><corr>Antistro.</corr></choice></hi>
    </head>
      <fw place="bot-right" type="sig">A iij</fw>
      <pb n="6" xml:id="B751131011_YE645_0006"/>
      <fw place="top-left" type="pageNum">[3v]</fw>
       <l>Lors pour sa juste recompense</l>
       <l>Le saint Monarque qui dispense</l>
       <l>Tout en tous (duquel le sourci</l>
       <l>En se clinant pour faire sinne</l>
       <l>Jusque au fond croulle la racine</l>
       <l>De la terre &amp; du ciel aussi)</l>
       <l>Fit soir la Paix à son costé</l>
       <l>Dedans un throne d&#x2019;excellence,</l>
       <l>Et dans un autre il a bouté</l>
       <l>L&#x2019;horrible <name>Dieu</name> de violence:</l>
       <l>De l&#x2019;un les grands princes il oint,</l>
       <l>De l&#x2019;autre il les picque &amp; les point</l>
       <l>Tous effroiés d&#x2019;ouir les armes</l>
       <l>Craquer sur le dos des gendarmes:</l>
       <l>De l&#x2019;un jadis il honora</l>
       <l>Les vieus peres du premier age,</l>
       <l>Et de l&#x2019;autre il aigrit la rage</l>
       <l>Contre <placeName type="ville">Ilion</placeName> que devora</l>
      </lg>

     <lg type="epode" n="2">
      <head rend="center">
       <lb/><hi rend="it">Epo.</hi>
      </head>
       <l>Le feu Grec, quand mille naus</l>
       <l>Grosses d&#x2019;horreur &amp; de pene</l>
       <l>Enfanterent mille maus</l>
       <l>Au bord Troien, pour <name>Helene</name>.</l>
       <l>Tandis que le feu tournoit</l>
       <l>Forcenant parmi la ville,</l>
       <l>Et que l&#x2019;étranger s&#x2019;ornoit</l>
       <fw place="bot-right" type="catch">De</fw>
       <pb n="7" xml:id="B751131011_YE645_0007"/>
       <fw place="top-left" type="pageNum">[4]</fw>
       <l>De la depouille servile,</l>
       <l>Une âpre fureur d&#x2019;esprit</l>
       <l>Le cueur de <name>Cassandre</name> éprit,</l>
       <l>Et comme toute insensée</l>
       <l>Son corps tremblant ça &amp; là,</l>
       <l>Le fis d&#x2019;<name>Hector</name> appella</l>
       <l>Pour lui chanter sa pensée.</l>
     </lg>

     <lg type="strophe" n="3">
      <head rend="center">
       <lb/><hi rend="it">Stro. 3.</hi>
      </head>
       <l>Bien que la flamme ennemie arde</l>
       <l>Nostre vieil sejour, el&#x2019; n&#x2019;a garde</l>
       <l>D&#x2019;etoufer pourtant ton renom,</l>
       <l>Enfant, dont la race fatalle</l>
       <l>Dedans la terre occidentalle</l>
       <l>Doit planter de <placeName type="ville">Troie</placeName> le nom.</l>
       <l>Desja la <geogName>Dunoue</geogName> t&#x2019;attant</l>
       <l>Sur le flanc de sa rive humide,</l>
       <l>Et ce grand marest qui s&#x2019;etant</l>
       <l>Pres des levres de l&#x2019;eau <geogName>Pontide</geogName>:</l>
       <l>C&#x2019;est là, c&#x2019;est là, c&#x2019;est ou tu dois</l>
       <l>Ploier les peuples sous tes lois,</l>
       <l>C&#x2019;est ou l&#x2019;arrest des dieus t&#x2019;ottroie</l>
       <l>Fonder une nouvelle <placeName type="ville">Troie</placeName>,</l>
       <l>Resuscitant par ton moien</l>
       <l>L&#x2019;honneur des tiens, &amp; leur proësse,</l>
       <l>Aiant vengé dessus la <placeName type="pays">Grece</placeName></l>
       <l>L&#x2019;outrage fait au sang Troien.</l>
     </lg>

     <pb n="8" xml:id="B751131011_YE645_0008"/>
     <fw place="top-left" type="pageNum">[4v]</fw>
     <lg type="antistrophe" n="3">
      <head rend="center">
       <lb/><hi rend="it">Antistrophe.</hi></head>
       <l>Apres la deuscentiéme année</l>
       <l>Queue a queue en soi retournée</l>
       <l>J&#x2019;avise un Capitaine né</l>
       <l>De ton sang, quitter celle terre</l>
       <l>Entalanté d&#x2019;aller conquerre</l>
       <l>Ouelque pais plus fortuné,</l>
       <l>Armant tout son corps de la peau</l>
       <l>D&#x2019;un Tigre effroiable, il assemble</l>
       <l>Bravement un brave tropeau</l>
       <l>De vint mille Troiens ensemble:</l>
       <l>Je voi ce troupeau pelerin</l>
       <l>Deja bien loin outre le <geogName>Rin</geogName></l>
       <l>Enrichir <placeName type="ville">Troie</placeName> de louanges,</l>
       <l>Et du butin des rois etranges,</l>
       <l>Aiant trompé mille peris,</l>
       <l>Avant que sur les bords de <geogName>Seine</geogName>,</l>
       <l>Il fonde une ville en la pleine</l>
       <l>Du nom de mon frere <name>Paris</name>.</l>
     </lg>

     <lg type="epode" n="3">
      <head rend="center">
       <lb/><hi rend="it">Epo.</hi>
      </head>
       <l>Là, tes enfans donteront</l>
       <l>Les rois francs d&#x2019;obeissance,</l>
       <l>Et jusque au ciel porteront</l>
       <l>L&#x2019;empire de leur puissance.</l>
       <l>Donc ce pendant que les Grecs</l>
       <l>Chargent leur dos de bagage</l>
       <fw place="bot-right" type="catch">Et</fw>
       <pb n="9" xml:id="B751131011_YE645_0009"/>
       <fw place="top-left" type="pageNum">[5]</fw>
       <l>Et nous de cris &amp; regrets,</l>
       <l>Donne voile au navigage,</l>
       <l>Sur l&#x2019;echine de la mer</l>
       <l>Fai les vagues écumer,</l>
       <l>Pour replanter notre race</l>
       <l>Ou te traineront les cieus,</l>
       <l>Et le forçant veil des Dieus</l>
       <l>Qui ja t&#x2019;a borné ta place.</l>
     </lg>

    <lg type="strophe" n="4">
     <head rend="center">
      <lb/><hi rend="it">Stro. 4.</hi>
     </head>
     <l>Atant acheva la prestresse,</l>
     <l>Et folle du Dieu qui lui presse</l>
     <l>L’estomac chagrin &amp; felon,</l>
     <l>En rechignant s’en est allée</l>
     <l>Nuds piés, &amp; toute echevellée</l>
     <l>Sous la courtine d’<name>Apollon</name>.</l>
     <l>Lors Francion étant picqué</l>
     <l>Par les furies de <name>Cassandre</name>,</l>
     <l>Riche de biens s’est embarqué</l>
     <l>Voiant <placeName type="ville">Troie</placeName> blanchir en cendre.</l>
     <l>Forcé de la fureur des vens</l>
     <l>Il connut la mer par neuf ans,</l>
     <l>Tant <name>Junon</name> bruloit irritée</l>
     <l>De voir <placeName type="ville">Troie</placeName> resuscitée.</l>
     <l>A chef de tens il arriva</l>
     <l>Aus bords d’<geogName>Epire</geogName>, &amp; là sa mere</l>
     <l>Apres sa servitude amere,</l>
     <fw place="bot-right" type="sig">B</fw>

     <pb n="10" xml:id="B751131011_YE645_0010"/>
     <fw place="top-left" type="pageNum">[5v]</fw>
     <l>Roine entre les Grés il trouva.</l>
     </lg>

     <lg type="antistrophe" n="4">
      <head rend="center">
       <lb/><hi rend="it">Ant.</hi>
      </head>
       <l>Si tost que sa nef fut ancrée,</l>
       <l>Il saute au front de la contrée,</l>
       <l>Et marchant plus avant encor,</l>
       <l>Il vit <name>Andromache</name> pleurante,</l>
       <l>Trois fois en pas tristes errante</l>
       <l>Cernant le vain tumbeau d&#x2019;<name>Hector</name>:</l>
       <l>Par sacrifice elle appelloit</l>
       <l>L&#x2019;idole de l&#x2019;ame Hectorée,</l>
       <l>Repandant du laict qui couloit</l>
       <l>Du fond de sa couppe dorée.</l>
       <l>Mais quand son fis elle entrevit,</l>
       <l>Une pamoizon lui ravit</l>
       <l>La vois &amp; la begue parolle,</l>
       <l>Aiant de pleurs la face molle:</l>
       <l>A la fin serenant ses yeus</l>
       <l>Pandue à son col, ell&#x2019; s&#x2019;efforce</l>
       <l>De l&#x2019;arrester par douce force</l>
       <l>Violentant le veil des Cieus.</l>
     </lg>

     <lg type="epode" n="4">
      <head rend="center">
       <lb/><hi rend="it">Epo.</hi>
      </head>
       <l>Lors la tumbe en deus s&#x2019;ouvrit,</l>
       <l>Et l&#x2019;obscur de ses crevaces</l>
       <l>Hors des enfers decouvrit</l>
       <l>Une ombre de quinze brasses.</l>
       <l>Le sang froid venant toucher</l>
       <fw place="bot-right" type="catch">Leurs</fw>
       <pb n="11" xml:id="B751131011_YE645_0011"/>
       <fw place="top-left" type="pageNum">[6]</fw>
       <l>Leurs cueurs detenus en serre</l>
       <l>Tout aplat les fit bruncher</l>
       <l>Desus l&#x2019;estrangiere terre.</l>
       <l>Une vois s&#x2019;ouit par l&#x2019;air</l>
       <l>Dont le horrible parler</l>
       <l>Rechanta la destinée</l>
       <l>Qui ja deja les hastoit,</l>
       <l>D&#x2019;autant qu&#x2019;au ciel elle estoit</l>
       <l>Par arrest determinée.</l>
     </lg>

     <lg type="strophe" n="5">
      <head rend="center">
       <lb/><hi rend="it">Str. 5.</hi>
      </head>
       <l>Enfant (dit el&#x2019;) donne toi garde</l>
       <l>Que ta mere ne te retarde,</l>
       <l>Non tes labeurs tant soient ils durs,</l>
       <l>Mais fui ces champs, mais fui ces rives</l>
       <l>Afin mon fis que tu ne prives</l>
       <l>Les tiens de leurs honneurs futurs.</l>
       <l>Je voi deja fleurir ton los</l>
       <l>En ce païs, ou la <geogName>Dunoue</geogName></l>
       <l>Traine en la mer ses derniers flos,</l>
       <l>Et par les champs ou <geogName>Seine</geogName> noue.</l>
       <l>Sur l&#x2019;une tu dois maçonner</l>
       <l>Une autre <placeName type="ville">Troie</placeName>, &amp; lui donner</l>
       <l>Le nom de <name>Cicambre</name>, où ta race</l>
       <l>Usera deus cens ans d&#x2019;espace:</l>
       <l>Mais sur l&#x2019;autre, non seulement</l>
       <l>Mille ans borneront sa demeure,</l>
       <fw place="bot-right" type="sig">B ij</fw>
       <pb n="12" xml:id="B751131011_YE645_0012"/>
       <fw place="top-left" type="pageNum">[6v]</fw>
       <l>Car le Ciel veut qu&#x2019;elle i demeure,</l>
       <l>Et demeure eternellement.</l>
     </lg>

     <lg type="antistrophe" n="5">
      <head rend="center">
       <lb/><hi rend="it">Ant.</hi>
      </head>
       <l>Deus siecles apres que <name>la Parque</name></l>
       <l>T&#x2019;aura mis dans l&#x2019;avare barque</l>
       <l>Pour aborder aus champs heureus,</l>
       <l>Une grand peuplade Troienne</l>
       <l>Laissera ta ville ancienne</l>
       <l>Dessous Jurois le valeureus.</l>
       <l>Lui né de ton sang poussera</l>
       <l>Si courageusement ses bandes,</l>
       <l>Qu&#x2019;à coups d&#x2019;espée il froissera</l>
       <l>Les rois des terres Alemandes:</l>
       <l>Et comme un guide diligent,</l>
       <l>Bien plus loin conduira sa gent</l>
       <l>Outre <geogName>le Rin</geogName>, tant qu&#x2019;elle arrive</l>
       <l>De <geogName>Seine</geogName> à la fertile rive,</l>
       <l>Dans la Gauloise nation,</l>
       <l>Et là sera leur demourance,</l>
      <l>Changeant le nom de <placeName type="pays">Gaule</placeName> à <placeName type="pays">France</placeName>,</l>
       <l>Pour l&#x2019;honneur de toi <name>Francion</name>.</l>
     </lg>

     <lg type="epode" n="5">
      <head rend="center">
       <lb/><hi rend="it">Epo.</hi>
      </head>
       <l>Si le ciel m&#x2019;a fait bien seur</l>
       <l>Des parolles qu&#x2019;il m&#x2019;inspire,</l>
       <l>Il aura pour successeur</l>
       <l>Maint prince dinne d&#x2019;empire:</l>
       <fw place="bot-right" type="catch">Mains</fw>
       <pb n="13" xml:id="B751131011_YE645_0013"/>
       <fw place="top-left" type="pageNum">[7]</fw>
       <l>Mains rois de lui sortiront</l>
       <l>Dont les vertus manifestes,</l>
       <l>Parmi l&#x2019;obscur reluiront</l>
       <l>Comme les lampes celestes:</l>
       <l>Entre eus un <name>Henri</name> je voi</l>
       <l>Des meilleurs le meilleur roi,</l>
       <l>Qui finira sa conqueste</l>
       <l>Es deus bords ou le soleil</l>
       <l>S&#x2019;endort &amp; fait son reveil,</l>
       <l>Panchant &amp; dressant sa teste.</l>
     </lg>

     <lg type="strophe" n="6">
      <head rend="center">
       <lb/><hi rend="it">Stro. 6.</hi>
      </head>
       <l>France par lui victorieuse</l>
       <l>Ne sera point tant glorieuse</l>
       <l>De son <name>Clovis</name>, ni de <name>Martel</name>,</l>
       <l>Non pas de <name>Charlemaigne</name> encore,</l>
       <l>Comme je voi qu&#x2019;elle s&#x2019;honore</l>
       <l>Etant mere d&#x2019;un prince tel.</l>
       <l>C&#x2019;est ce <name>Henri</name> qui batira</l>
       <l>Les Pergames de notre ville,</l>
       <l>Laquelle plus ne sentira</l>
       <l>Le fer meurtrier d&#x2019;un autre <name>Achille</name>.</l>
       <l>Aussi le destin ne veut pas</l>
       <l>Que le Grec la repousse à bas,</l>
       <l>Affin que ta race eternelle</l>
       <l>Eternellement vive en elle,</l>
       <l>Grosse d&#x2019;empires &amp; d&#x2019;honneur,</l>
       <fw place="bot-right" type="sig">B iij</fw>
       <pb n="14" xml:id="B751131011_YE645_0014"/>
       <fw place="top-left" type="pageNum">[7v]</fw>
       <l>Enfantant triumphes, &amp; gloires,</l>
       <l>Mille lauriers, mille victoires</l>
       <l>Aiant tel Roi pour gouverneur.</l>
     </lg>


    <lg type="antistrophe" n="6">
     <head rend="center">
      <lb/><hi rend="it">Anti.</hi>
     </head>
    <l>Ainsi dit l’ombre veritable:</l>
    <l>Lors un tonnerre espovantable</l>
    <l>Dardé à gauche heureusement,</l>
    <l>Elança trois flammes subites</l>
    <l>Ratifiant les choses dites</l>
    <l>Par <name>Cassandre</name> au commencement.</l>
    <l>Adonc <name>Francion</name> etonné,</l>
    <l>Dedans son cueur pense &amp; revire</l>
    <l>L’augure qui lui est donné,</l>
    <l>Pour le haster en son navire:</l>
    <l>Rebaisant sa mere souvent</l>
    <l>Il courba les voiles au vent,</l>
    <l>Tant &amp; tant l’ardeur l’importune</l>
    <l>De voguer apres sa fortune</l>
    <l>Pour le veil des Dieus esprouver.</l>
    <l>Fui donc Troien, toi &amp; ta bande,</l>
    <l>Si ton Neveu me le commande</l>
    <l>J’irai bien tost pour te trouver.</l>
     </lg>

     <lg type="epode" n="6">
      <head rend="center">
       <lb/><hi rend="it">Epode.</hi>
      </head>
       <l>Muse, repren l&#x2019;aviron,</l>
       <l>Et racle la prochaine onde</l>
       <l>Qui nous baigne à l&#x2019;environ</l>
       <fw place="bot-right" type="catch">Sans</fw>
       <pb n="15" xml:id="B751131011_YE645_0015"/>
       <fw place="top-left" type="pageNum">[8]</fw>
       <l>Sans estre ainsi vagabonde.</l>
       <l>Tousjours un propos deplaist</l>
       <l>Aus oreilles attendantes,</l>
       <l>Si plein outre reigle il est</l>
       <l>De parolles abondantes.</l>
       <l>Celui qui en peu de vers</l>
       <l>Etraint un sujet divers,</l>
       <l>Se mét au chef la couronne:</l>
       <l>De cette fleur que voici,</l>
       <l>Et de celle, &amp; celle aussi,</l>
       <l>La mouche son miel façonne</l>
     </lg>

     <lg type="strophe" n="7">
      <head rend="center">
       <lb/><hi rend="it">Stro. 7. </hi>
      </head>
       <l>Diversement. O Paix heureuse,</l>
       <l>Tu es la garde vigoureuse</l>
       <l>Des peuples, &amp; de leurs cités:</l>
       <l>Des roiaumes les clefs tu portes,</l>
       <l>Tu ouvres des villes les portes,</l>
       <l>Serenant leurs adversités.</l>
       <l>Bien qu&#x2019;un prince voulust darder</l>
       <l>Les flots armés de son orage,</l>
       <l>Et tu le viennes regarder,</l>
       <l>Ton oeil appaise son courage.</l>
       <l>L&#x2019;effort de ta divinité</l>
       <l>Commande à la nécessité</l>
       <l>Ploiant&#x2019; sous ton obeissance:</l>
       <l>Les bestes sentent ta puissance</l>
       <pb n="16" xml:id="B751131011_YE645_0016"/>
       <fw place="top-left" type="pageNum">[8v]</fw>
       <l>Alechés de ton dous amer:</l>
       <l>De l&#x2019;air la vagabonde troupe</l>
       <l>T&#x2019;obeist, &amp; celle qui couppe</l>
       <l>Le plus creus ventre de la mer.</l>
     </lg>

    <lg type="antistrophe" n="7">
     <head rend="center">
      <lb/><hi rend="it">Antist.</hi>
     </head>
     <l>C’est toi qui desus ton echine</l>
      <l>Soutiens ferme cette machine,</l>
      <l>Medecinant chaque element</l>
      <l>Quand une humeur par trop abonde,</l>
      <l>Pour joindre les membres du monde</l>
      <l>D’un contrepois egallement.</l>
      <l>Je te salue heureuse paix,</l>
      <l>Je te salue, &amp; resalue.</l>
      <l>Toi seule Déesse tu fais</l>
      <l>Que la vie soit mieus voulue.</l>
      <l>Ainsi que les champs tapissés</l>
      <l>De pampre, ou d’espics herissés,</l>
      <l>Desirent les filles des nues</l>
      <l>Apres les chaleurs survenues,</l>
      <l>Ainsi la France t’attendoit</l>
      <l>Douce nourriciere des hommes:</l>
      <l>Douce rousee qui consommes</l>
      <l>La chaleur qui trop nous ardoit.</l>
     </lg>

     <lg type="epode" n="7">
      <head rend="center">
       <lb/><hi rend="it">Epo.</hi>
      </head>
       <l>Tu as eteint tout l&#x2019;ennui</l>
       <l>Des guerres injurieuses,</l>
       <fw place="bot-right" type="catch">Faisant</fw>
       <pb n="17" xml:id="B751131011_YE645_0017"/>
       <fw place="top-left" type="pageNum">[9]</fw>
       <l>Faisant flamber aujourdhui</l>
       <l>Tes graces victorieuses,</l>
       <l>En lieu du fer outrageus,</l>
       <l>Des menaces &amp; des flammes,</l>
       <l>Tu nous rameines les jeus,</l>
       <l>Le bal, &amp; l&#x2019;amour des Dames,</l>
       <l>Travaus mignars &amp; plaisans</l>
       <l>A l&#x2019;ardeur des jeunes ans</l>
       <l>O grand Roi non imitable</l>
       <l>Tu nous aumonnes ceci,</l>
       <l>Aiant creu <name><choice><orig>Mommoranci</orig><reg>Montmorency</reg></choice></name>,</l>
       <l>Et son conseil veritable:</l>
     </lg>

     <lg type="strophe" n="8">
      <head rend="center">
       <lb/><hi rend="it">Stro. 8. </hi>
      </head>
       <l>Lequel mettant en evidence</l>
       <l>Les sains tresors de sa prudence,</l>
       <l>Ne s&#x2019;est jamais acompagné</l>
       <l>Du sot enfant d&#x2019;<name>Epimethée</name>,</l>
       <l>Mais de celui de <name>Promethée</name></l>
       <l>Par <choice><sic>long</sic><corr>longs</corr></choice> usages enseigné:</l>
       <l>Et certes un tel serviteur</l>
       <l>Merite que la main roialle,</l>
       <l>Contrebalance un bien grand heur</l>
       <l>A sa diligence loialle.</l>
       <l>Il me plest or de decocher</l>
       <l>Mes trais thebains pour les ficher</l>
       <l>Dedans les raions de ta gloire,</l>
       <fw place="bot-right" type="sig">C</fw>
       <pb n="18" xml:id="B751131011_YE645_0018"/>
       <fw place="top-left" type="pageNum">[9v]</fw>
       <l>Affin que je te face croire</l>
       <l>Que la nourriture d&#x2019;un roi</l>
       <l>De bien loin nos rimeurs surmonte,</l>
       <l>Lors que hardie elle raconte</l>
       <l>Un vaillansage comme toi.</l>
     </lg>

     <lg type="antistrophe" n="8">
      <head rend="center">
       <lb/><hi rend="it">Antistr.</hi>
      </head>
       <l>Nul n&#x2019;est exent de la fortune,</l>
       <l>Car sans egard elle importune</l>
       <l>Et peuples, &amp; rois &amp; seigneurs:</l>
       <l><name>Cadme</name> sentit bien sa secousse</l>
       <l>Et de quel tonnerre elle pousse</l>
       <l>Les princes hors de leurs honneurs.</l>
       <l>Mais tout ainsi que les flambeaus</l>
       <l>Ou du souleil, ou d&#x2019;une etoille</l>
       <l>Tout soudain treluisent plus beaus</l>
       <l>Apres qu&#x2019;ils ont brisé leur voile,</l>
       <l>Ainsi apres ton long sejour</l>
       <l>Tu nous éclaires d&#x2019;un beau jour,</l>
       <l>Aians connu par ta presence</l>
       <l>Combien nous nuisoit ton absence,</l>
       <l>Privés de ton oeil qui sçait voir</l>
       <l>Les piés boiteus de la malice,</l>
       <l>Si pres oeilladant la police</l>
       <l>Que rien ne le peut decevoir.</l>
     </lg>

     <lg type="epode" n="8">
      <head rend="center">
       <lb/><hi rend="it">Epod. </hi>
      </head>
       <l>Et qu&#x2019;esse que des mortels?</l>
       <fw place="bot-right" type="catch">Si</fw>
       <pb n="19" xml:id="B751131011_YE645_0019"/>
       <fw place="top-left" type="pageNum">[10]</fw>
       <l>Si au matin ils fleurissent</l>
       <l>Le soir ils ne sont plus tels</l>
       <l>Pareils aus champs qui fenissent:</l>
       <l>Nul jamais ne s&#x2019;est vanté</l>
       <l>D&#x2019;avoir consacré sa gloire,</l>
       <l>Si la Muse n&#x2019;a chanté</l>
       <l>Les hinnes de sa memoire.</l>
       <l>C&#x2019;est à toi Roi, d&#x2019;honorer</l>
       <l>Les vers, &amp; les decorer</l>
       <l>Des presens de ta hautesse,</l>
       <l>Pousse ma nef je serai</l>
       <l>Des premiers qui passerai</l>
       <l>Mes compagnons de vitesse.</l>
     </lg>

     <lg type="strophe" n="9">
      <head rend="center">
       <lb/><hi rend="it">Str. 9. </hi>
      </head>
       <l>Plus tost que les feus ne s&#x2019;élancent</l>
       <l>Quand au ciel les foudres nous tancent</l>
       <l>Je courrai dire aus estrangers,</l>
       <l>Combien l&#x2019;effort de ta main destre</l>
       <l>Maniant le fer, est adestre</l>
       <l>A briser l&#x2019;horreur des dangers,</l>
       <l>Et de quel soin prudent &amp; caut</l>
       <l>Ton peuple justement tu guides,</l>
       <l>Apris au mestier comme il faut</l>
       <l>Lui lacher &amp; serrer les brides.</l>
       <l>Ta vieille jeunesse, &amp; tes ans</l>
       <l>En mille vertus reluisans,</l>
       <fw place="bot-right" type="sig">C ij</fw>
       <pb n="20" xml:id="B751131011_YE645_0020"/>
       <fw place="top-left" type="pageNum">[10v]</fw>
       <l>M&#x2019;inspirent une vois hardie,</l>
       <l>Et me commandent que je die</l>
       <l>Ce regne heureus &amp; fortuné,</l>
       <l>Sous lequel des Parques l&#x2019;ainée</l>
       <l>Avoit chanté des mainte année</l>
       <l>Qu&#x2019;un si grand Prince seroit né</l>
     </lg>

     <lg type="antistrophe" n="9">
      <head rend="center">
       <lb/><hi rend="it">Antist.</hi>
      </head>
       <l>Pour gouverner comme un bon pere</l>
       <l>La <placeName type="pays">France</placeName> heureusement prospere</l>
       <l>Par les effaits de sa vertu.</l>
       <l>Rien ici bas ne s&#x2019;acompare</l>
       <l>Al&#x2019;equité divine &amp; rare</l>
       <l>Dont un monarque est revetu.</l>
       <l>Aussi qu&#x2019;est il plus vitieus</l>
       <l>Que leur peché tant soit il mince?</l>
       <l>D&#x2019;autant que mil&#x2019; mille &amp; mille yeus</l>
       <l>Avisent la faute d&#x2019;un Prince.</l>
       <l>N&#x2019;ecoute point les detracteurs,</l>
       <l>Et fui de bien loin les flateurs</l>
       <l>S&#x2019;ils veullent oindre tes oreilles</l>
       <l>De fausses &amp; vaines merveilles,</l>
       <l>Fardant sous vaine autorité</l>
       <l>Le vain abus de leurs vains songes,</l>
       <l>Sutils artizans de mensonges</l>
       <l>Qui vont pipant la verité:</l>
     </lg>

     <lg type="epode" n="9">
      <head rend="center">
       <lb/><hi rend="it">Epo.</hi>
      </head>
      <fw place="bot-right" type="catch">L&#x2019;un</fw>
      <pb n="21" xml:id="B751131011_YE645_0021"/>
      <fw place="top-left" type="pageNum">[11]</fw>
       <l>L&#x2019;un se ronge le cerveau,</l>
       <l>L&#x2019;autre medit &amp; raporte</l>
       <l>S&#x2019;il sent qu&#x2019;un esprit nouveau</l>
       <l>Nouvelles chansons aporte.</l>
       <l>Ce pandant l&#x2019;innocent fait</l>
       <l>Preuve de sa patience,</l>
       <l>Sachant que Dieu tout parfait</l>
       <l>A tout fait par sapience:</l>
       <l>Lequel ne scauroit laisser</l>
       <l>L&#x2019;orgueil sans le rabaisser</l>
       <l>Pour hausser la chose basse,</l>
       <l>Otant l&#x2019;honneur d&#x2019;un qui l&#x2019;a,</l>
       <l>Il le donne à cestui là</l>
       <l>Qui par raison se compasse.</l>
     </lg>

     <lg type="strophe" n="10">
      <head rend="center">
       <lb/><hi rend="it">Stro. 10. </hi>
      </head>
       <l>Il faut qu&#x2019;en me parant j&#x2019;evite</l>
       <l>L&#x2019;escrime de leur langue, vite</l>
       <l>A tirer l&#x2019;estoc dangereus:</l>
       <l>Si est ce que j&#x2019;oi tousjours dire</l>
       <l>Qu&#x2019;un homme engressé de medire</l>
       <l>Megrist à la fin malheureus.</l>
       <l>Ils n&#x2019;ont point le japper si beau</l>
       <l>Que leur caquet te force à croire,</l>
       <l>Qu&#x2019;un blanc habit orne un corbeau</l>
       <l>Ou bien que la nege soit noire:</l>
       <l>Ton jugement connoist assés</l>
       <fw place="bot-right" type="sig">C iij</fw>
       <pb n="22" xml:id="B751131011_YE645_0022"/>
       <fw place="top-left" type="pageNum">[11v]</fw>
       <l>Les vers qui sont bien compassés,</l>
       <l>Et ceus qui trainent une envie,</l>
       <l>Et ceus qui languissent sans vie,</l>
       <l>Enroués, durs, &amp; mal plaisans:</l>
       <l>Par trét de tens les flateurs meurent,</l>
       <l>Mais les beaus vers toujours demeurent</l>
       <l>S&#x2019;endurcissans contre les ans.</l>
     </lg>

     <lg type="antistrophe" n="10">
      <head rend="center">
       <lb/><hi rend="it">Antist.</hi>
      </head>
       <l>Prince, je t&#x2019;envoie cette Ode,</l>
       <l>Trafiquant mes vers à la mode</l>
       <l>Que le marchant baille son bien,</l>
       <l>Troque pour troq&#x2019;, Toi qui es riche,</l>
       <l>Toi roi de biens, ne soi point chiche</l>
       <l>De changer ton present au mien.</l>
       <l>Ne te lasse poinct de donner,</l>
       <l>Et tu verras comme j&#x2019;acorde</l>
       <l>L&#x2019;honneur que je promai sonner</l>
       <l>Quant un present dore ma corde.</l>
       <l>Presque le los de tes aieus</l>
       <l>Est pressé du tens envieus,</l>
       <l>Pour n&#x2019;avoir eu l&#x2019;experience</l>
       <l>Des Muses ne de leur science:</l>
       <l>Mais le vuide de l&#x2019;univers</l>
       <l>Est plein de la gloire eternelle</l>
       <l>Qui fait flamber ton pere en elle</l>
       <l>Pour avoir tant aimé les vers.</l>
     </lg>

      <pb n="23" xml:id="B751131011_YE645_0023"/>
     <fw place="top-left" type="pageNum">[12]</fw>
     <lg type="epode" n="10">
      <head rend="center">
       <lb/><hi rend="it">Epo.</hi>
      </head>
       <l><name>Dieu</name> vueille continuer</l>
       <l>Le sommét de ton empire,</l>
       <l>Et en rien ne le muer</l>
       <l>Echangeant le mieus au pire:</l>
       <l>Puisse il encor desous toi</l>
      <l>Donter l&#x2019;<placeName type="pays">Espagne</placeName> affoiblie,</l>
       <l>Gravant bien avant ta loi</l>
       <l>Dans le gras champ d&#x2019;<placeName type="pays">Italie</placeName>:</l>
       <l>Avienne aussi que ton fis</l>
       <l>Survivant ton jour prefis</l>
      <l>Borne aus <placeName>Indes</placeName> sa victoire</l>
       <l>Riche de gain &amp; d&#x2019;honneur,</l>
       <l>Et que je soi le sonneur</l>
       <l>De l&#x2019;une &amp; de l&#x2019;autre gloire.</l>
     </lg>
    <lb/><trailer rend="center">Fin.</trailer>
    <lb/>
    <signed xml:id="ronsard" rend="center"><foreign xml:lang="ell">ΣΩΣ ΌΤΈΡΠΑΝΔΡΟΣ</foreign>.</signed>
   </div>
  </body>
  <back>
   <div n="3" xml:id="n3">

    <head rend="center">
     <lb/><hi rend="it">DE LA PAIX, FAITE
      <lb/>par le Roi avec les Anglois. </hi>
    </head>
    <div type="sonnet" n="3.1" xml:id="n3.1">
     <lb/>
     <head rend="center">
      <lb/><hi rend="it">Sonnet,
       <lb/>Par <name>Sainte Marthe</name>.</hi>
     </head>
     <lg>
      <l><g ref=""/><hi rend="larger">L</hi>e Roi <name>Henri</name>, prince vaillant &amp; sage,</l>
      <l>Aiant les forts de <placeName type="ville">Bouloigne</placeName> conquis,</l>
      <l>A pour jamais, entre les preus, acquis,</l>
      <l>Titre &amp; renom d&#x2019;heroique courage.</l>
     </lg>
     <fw place="bot-right" type="catch">Depuis</fw>
     <pb n="24" xml:id="B751131011_YE645_0024"/>
     <fw place="top-left" type="pageNum">[12v]</fw>
     <lg>
      <l rend="positif">Depuis, combien qu&#x2019;il eust son equipage</l>
      <l>Prest à marcher comme en guerre est requis</l>
      <l>A par accord le surplus reconquis,</l>
      <l>Aiant du droit manifeste avantage.</l>
     </lg>
     <lg>
      <l rend="positif">Le premier acte est noble et glorieus:</l>
      <l>Mais le second n&#x2019;est moins victorieus:</l>
      <l>Car moins n&#x2019;aura la victoire gaignée,</l>
      <l>Qui les siens sauve, &amp; bonne paix acquiert:</l>
      <l>Que qui par force ou defend on conquiert,</l>
      <l>Quand en son sang sa victoire est baignée.</l>
     </lg>
    </div>
    <div type="sonnet" n="3.2" xml:id="n3.2">
     <head rend="center">
      <lb/><hi rend="it">SONNET SUR LA PAIX,
       <lb/>par <name>Pierre des Mireurs</name>. </hi>
     </head>
     <lg>
      <l rend="positif">QUel haut honneur, quelle gloire excellente,</l>
      <l>Quel grand triomphe ont merité d&#x2019;avoir</l>
      <l>Les Rois qui ont si bien fait leur devoir,</l>
      <l>Rompant de <name>Mars</name> la fureur vehemente!</l>
     </lg>
     <lg>
      <l>Discorde fiere, &amp; Guerre violente</l>
      <l>Sont à l&#x2019;envers, sans force, ne povoir</l>
      <l>De nous troubler, surprendre ou decevoir,</l>
      <l>Par <name>Atropos</name> que Paix rend froide &amp; lente.</l>
     </lg>
     <lg>
      <l>Prince <name>François</name>, ce tien los meritoire</l>
      <l>Acquiert icy nom d&#x2019;immortelle gloire.</l>
      <l>O prince Anglois, les peuples soulagés</l>
      <l>Sentent les fruis de Paix tant desirée!</l>
      <l>Prince du ciel, soubs qui sommes rengés,</l>
      <l>Fai qu&#x2019;elle soit d&#x2019;éternelle durée.</l>
     </lg>
     <lb/>
     <trailer rend="center">
      <foreign xml:lang="lat">Ignoti nulla cupido.</foreign>
     </trailer>
    </div>
   </div>
  </back>
 </text>
</TEI>