<?xml version="1.0" encoding="UTF-8"?>
<!--<!DOCTYPE TEI SYSTEM "http://10.105.50.55:8080/xtf/dtd/renaissance.dtd">-->
<TEI xmlns="http://www.tei-c.org/ns/1.0" xml:lang="fra" xml:id="B751131010_FR3370_suppl_tei">
	<teiHeader>
		<fileDesc>
			<titleStmt>
				<title>La Brève Déclaration de François Rabelais, Paris, 1552</title>
				<respStmt>
					<name xml:id="MLD">Marie-Luce Demonet</name>
					<resp>
						<date>2009</date>
						Responsable BVH CESR, relecture
					</resp>
				</respStmt>
				<respStmt>
					<persName key="MLD" resp="transcription">Marie-Luce Demonet</persName>
					<resp>
						<date>1997</date>Transcription</resp>
				</respStmt>
				<respStmt>
					<name>Thierry Vincent</name>
					<resp>
						<date>2008</date>
						encodage
					</resp>
				</respStmt>
				<respStmt>
					<name>Vanessa Le Rolle</name>
					<resp>
						<date>2009</date>
						Contrôle de l'encodage
					</resp>
				</respStmt>
				<respStmt>
					<name xml:id="JF">Jorge Fins</name>
					<resp>
						<date>2011</date>
						Contrôle de l'encodage
					</resp>
				</respStmt>
			</titleStmt>
			<editionStmt>
				<edition n="1" xml:base="http://www.bvh.univ-tours.fr:8080/xtf/view?docId=tei/B751131010_FR3370_suppl/B751131010_FR3370_suppl_tei.xml;query=;brand=default">
					<date type="mise_en_ligne" when="2011-12-02" n="1">02/12/2011</date>
				<!--<date type="mise_a_jour" when="2013-11-28" n="1">28/11/2013</date>-->
					<date type="mise_a_jour" when="2014-03-19" n="1">19/03/2014</date>
				</edition>
				<respStmt>
					<name xml:id="TU">Toshinori Uetani</name>
					<resp>Révision</resp>
				</respStmt>
			</editionStmt>
			<extent>76 Ko</extent>
			<publicationStmt>
				<authority>Université François-Rabelais</authority>
				<address>
					<addrLine>3 rue des Tanneurs</addrLine>
					<addrLine>37041 TOURS Cedex 1 France</addrLine>
				</address>
				<authority>Centre National de la Recherche Scientifique (CNRS)</authority>
				<address>
					<addrLine>3 rue Michel-Ange</addrLine>
					<addrLine>75794 Paris France</addrLine>
				</address>
				<authority xml:base="http://www.cesr.univ-tours.fr">Centre d'Etudes Supérieures de la
					Renaissance (CESR)</authority>
				<address>
					<addrLine>59 rue Néricault-Destouches</addrLine>
					<addrLine>BP 11328</addrLine>
					<addrLine>37013 Tours Cedex France</addrLine>
				</address>
				<availability>
					<p>Creative Commons Attribution - Pas d’Utilisation Commerciale - Partage dans les Mêmes Conditions 3.0 France (CC BY-NC-SA 3.0 FR)
						<date when="2014">2014</date>
					</p>
				</availability>
			</publicationStmt>
			<notesStmt>
				<note>Le texte de la Brève déclaration ne figurant pas dans tous les exemplaires du Quart Livre de 1552 (Paris, M.  Fezandat, état 2), la transcription adoptée est celle de l'exemplaire BnF Rothschild VI.4.50 (Picot 1514), qui représente sans doute le premier état de ce lexique dont l'attribution à Rabelais a été contestée.  Assez fautif, il a été corrigé avec l'exemplaire de la British Library (C.116.a.63), de la Beinecke à l'Université de Yale (1974 1177), avec l'édition de Lyon, B. Aleman de l'Arsenal (Rés 8° BL 19595, auquel il manque le dernier feuillet), et avec l'édition de 1553 sans éditeur de la  BM de Lyon  (Rés 389864). Le texte a été transcrit par Christine de Buzon, Marie-Luce Demonet et Marie-Claude Malenfant  pour l'édition des Oeuvres romanesques,  Poitiers, La Licorne, 1999 et révisé par l'équipe des BVH en 2011. Un fac-similé complet sera associé à la transcription dès qu'il sera disponible.</note>
			</notesStmt>
			<sourceDesc>
				<msDesc>
					<msIdentifier xml:id="FR3370">
						<country>France</country>
						<settlement>Paris</settlement>
						<institution key="B751131010">Bibliothèque Nationale de France</institution>
						<repository>Fonds Rothschild</repository>
						<idno type="cote">3370</idno>
					</msIdentifier>
					<msContents><p><biblStruct>
						<monogr>
							<author role="auteur"><persName key="pers1"><surname>Rabelais</surname><forename>François</forename></persName></author>
							<title type="titre_long">Briefve declaration d'aulcunes dictions plus obscures
								contenües on quatriesme livre des faicts
								et dicts Heroïcques de Pantagruel.</title>
							<title type="titre_court">Briefve declaration</title>
							<imprint>
								<pubPlace>Paris</pubPlace>
								<respStmt>
									<resp>libraire</resp>
								<persName key="pers12"><surname>Fezandat</surname><forename>Michel</forename></persName></respStmt>
								<date>1552</date>
							</imprint>
						</monogr>
					</biblStruct></p></msContents>

					<physDesc>
						<objectDesc>
							<supportDesc>
								<collation><p>(sig. Y<hi rend="sup">8</hi>-Z<hi rend="sup">1</hi>,[blanc])</p>
									<dimensions>
										<dim type="format">8°</dim>
										<dim unit="ligne" rend="medium"/>
									</dimensions>
								</collation>
							</supportDesc>
						</objectDesc>
						<typeDesc>
							<typeNote xml:id="gothique">caractères gothiques</typeNote>
						</typeDesc>
					</physDesc>
					<history>
					</history>
				<additional>
					<adminInfo>
					<recordHist>
						<source>
							<listBibl type="refbiblio" xml:base="#Index_refbiblio.xml">
								<bibl>
									<author>Rawles (S.)</author> et <author>Screech (M.A.)</author>,
									<title><hi rend="it">A new Rabelais bibliography, Editions of Rabelais before 1626</hi></title>,
									<pubPlace>Genève</pubPlace>, <date>1987</date>, <biblScope>n °46</biblScope>, <biblScope>p. 231-236</biblScope>.
								</bibl>
								<bibl xml:id="licorne">
									<author>Rabelais (Fr.)</author>,
									<title><hi rend="it">Oeuvres romanesques (les cinq livres de Pantagruel)</hi></title>,
									Edition en fac-dissimilé avec index sur CD-ROM sous la direction de Marie-Luce Demonet,
									<pubPlace>Poitiers</pubPlace>, <publisher>La licorne</publisher>, Collection Textes
									Rares, UFR Langues Littératures Poitiers - Maison des Sciences de l'Homme et de la Société,
									<date>1999</date>.
								</bibl>
								<bibl xml:id="C_116_a_63">
									<author>Rabelais (Fr.)</author>,
									<title><hi rend="it">Le Quart livre</hi></title>,
									<orgName>British National Library</orgName>, <idno>C.116.a.63</idno>.
								</bibl>
								<bibl xml:id="YU1974_1177">
									<author>Rabelais (Fr.)</author>,
									<title><hi rend="it">Le Quart livre</hi></title>,
									<orgName>Beinecke - Yale University</orgName>, <idno>1974 1177</idno>.
								</bibl>
								<bibl xml:id="ResBL19595">
									<author>Rabelais (Fr.)</author>,
									<title><hi rend="it">Le Quart livre</hi></title>,
									<pubPlace>Lyon</pubPlace>, <publisher>Aleman (B.)</publisher>,
									<orgName>Bibliothèque de l'Arsenal</orgName>, <idno>Rés 8° BL 19595</idno>.
								</bibl>
								<bibl xml:id="Res389864">
									<author>Rabelais (Fr.)</author>,
									<title><hi rend="it">Le Quart livre</hi></title>,
									<pubPlace>Lyon</pubPlace>, <date>1553</date>, <orgName>Lyon BM</orgName>, <idno>Rés 389864</idno>.
								</bibl>
								<bibl>
									<author>Demonet (M-L.)</author>,
									<title>Appendice : Rabelais Métalinguiste</title>, In <title><hi rend="it">Le Tiers livre, actes du colloque international de Rome</hi> <date>(5 mars 1996)</date></title>,
									<series>Etudes Rabelaisiennes</series>, <biblScope>Tome XXXVII</biblScope>, <publisher>Droz</publisher>, <date>1999</date>, <biblScope>pp. 115-128</biblScope>,
									<pubPlace>Genève</pubPlace>.
								</bibl>
							</listBibl>
						</source>
					</recordHist>
				</adminInfo>
				</additional>
				</msDesc>
			</sourceDesc>
		</fileDesc>
		<encodingDesc>
			<projectDesc>
				<p>BVH : programme bibliothèques virtuelles Humanistes</p>
			</projectDesc>
			<editorialDecl>
				<hyphenation>
					<p>La division des mots en fin de ligne respecte l'original.
					</p>
				</hyphenation>
				<normalization>
					<p>Les numéros de page manquants sont ajoutés entre crochet. Les abréviations graphiques ou "brévigraphes" sont développées.</p>
				</normalization>
			</editorialDecl>
			<classDecl corresp="#BVH_classDecl.xml">
				<taxonomy corresp="#corpus-BVH"/>
				<taxonomy corresp="#fac-simile_BVH"/>
				<taxonomy corresp="#texte_tei"/>
				<taxonomy corresp="#tei"/>
				<taxonomy corresp="#version"/>
			</classDecl>
		</encodingDesc>
		<profileDesc>
			<textClass>
				<keywords scheme="#Index_matiere.xml">
					<list>
						<item>Littérature</item>
					</list>
				</keywords>
				<catRef scheme="corpus-BVH" target="#epistemon"/>
				<catRef scheme="corpus-BVH" target="#rabelais"/>
				<catRef scheme="version" target="#dissimile #desabrege"/>
				<catRef scheme="version" target="#v2"/>
			</textClass>
			<langUsage>
				<language ident="frm">Français</language>
				<language ident="ell">Grec</language>
				<language ident="deu">Allemand</language>
			</langUsage>
		</profileDesc>
		<revisionDesc>
			<change><!-- A chaque revision du fichier, mettre la date, le nom de l&#x2019;encodeur et la raison -->
				<date when="2009-05-14">14-05-2009</date>
				<name>Vanessa Le Rolle</name>
			Contrôle de l'encodage
			</change>
			<change><!-- A chaque revision du fichier, mettre la date, le nom de l&#x2019;encodeur et la raison -->
				<date when="2009-05-14">11-10-2011</date>
				<name>Jorge Fins</name>
				Contrôle de l'encodage
			</change>
			<change>
				<date when="2012-12-02" type="publication"/>
				<name corresp="#JF">Jorge Fins</name>Première publication
				<name>Sébastien Busson</name> Mise en ligne
			</change>
		</revisionDesc>
	</teiHeader>
<text xml:lang="frm" type="Glossaire">
<!--	<front>
		<titlePage>
		<docTitle>
			<titlePart>
				<lb/><hi rend="large">Briefve declaration</hi>
				<lb/><hi rend="italic">d'aulcunes dictions plus obscures contenües
					<lb/>on quatriesme livre des faicts  &amp; dicts He-
					<lb rend="hyphen"/>roïcques de <name>Pantagruel</name>.</hi>
			</titlePart>
		</docTitle>
		</titlePage>
	</front>-->
<body>
  <div type="glossaire" xml:id="n1">
  	<pb n="1" xml:id="B751131010_FR3370_suppl_0001"/>

    <head>
      <lb/><hi rend="large">Briefve declaration</hi>
      <lb/><hi rend="italic">d&#x2019;aulcunes dictions plus obscures contenües
      <lb/>on quatriesme livre des faicts  &amp; dicts He-
      <lb rend="hyphen"/>roïcques de <name>Pantagruel</name>.</hi>
    </head>
    <p>
    	<space quantity="0.6" unit="cm"/><hi rend="italic"> <ref target="http://www.bvh.univ-tours.fr:8080/xtf/view?docId=tei/B759999999_Y2_2164/B759999999_Y2_2164_tei.xml;chunk.id=n1;toc.depth=1;toc.id=;brand=default">En l&#x2019;epistre liminaire.</ref></hi>
      <list type="glossaire" rend="runon">
	<lb/>
      	<label><ref target="http://www.bvh.univ-tours.fr:8080/xtf/view?docId=tei/B759999999_Y2_2164/B759999999_Y2_2164_tei.xml;query=mythologies;brand=default;hit.rank=1">Mythologies.</ref></label> <item>fabuleuses narrations. Cest
	<lb/><space unit="cm" quantity="0.3"/>une diction Grecque.</item>
<lb/>
      	<label><ref target="http://www.bvh.univ-tours.fr:8080/xtf/view?docId=tei/B759999999_Y2_2164/B759999999_Y2_2164_tei.xml;query=Prosopopee;brand=default;hit.rank=1">Prosopopee.</ref></label> <item>desguisement. fiction de persone.</item>
<lb/>
      	<label> <ref target="http://www.bvh.univ-tours.fr:8080/xtf/view?docId=tei/B759999999_Y2_2164/B759999999_Y2_2164_tei.xml;query=tetrique;brand=default;hit.rank=1">Tetricque.</ref></label> <item>rebours. rude. maussade. aspre.</item>
<lb/>
      	<label> <ref target="http://www.bvh.univ-tours.fr:8080/xtf/view?docId=tei/B759999999_Y2_2164/B759999999_Y2_2164_tei.xml;query=Catonian;brand=default;hit.rank=1">Catonian.</ref></label> <item>severe. comme feut <name>Caton Cen
			<lb rend="hyphen"/><space unit="cm" quantity="0.3"/>sorin</name>.</item>
<lb/>
      	<label><ref target="http://www.bvh.univ-tours.fr:8080/xtf/view?docId=tei/B759999999_Y2_2164/B759999999_Y2_2164_tei.xml;chunk.id=n1;toc.depth=1;toc.id=;brand=default;query=catastrophe#1">Catastrophe.</ref></label> <item>fin. issue.</item>
<lb/>

	<label><ref target="http://www.bvh.univ-tours.fr:8080/xtf/view?docId=tei/B759999999_Y2_2164/B759999999_Y2_2164_tei.xml;query=Canibales;brand=default;hit.rank=1">Canibales.</ref></label> <item>peuple monstrueux en <placeName>Africque</placeName>
	<lb/><hi rend="alinea">ayant la face comme Chiens, et abbayant
	<lb/>en lieu de rire.</hi></item>
	<label><ref target="http://www.bvh.univ-tours.fr:8080/xtf/view?docId=tei/B759999999_Y2_2164/B759999999_Y2_2164_tei.xml;query=Misanthropes;brand=default;hit.rank=1">Misanthropes.</ref></label> <item>haïssans les homes. fuyans la
	<lb/><hi rend="alinea">compaignie des homes. Ainsi feut sur-
	<lb rend="hyphen"/>nommé <name>Timon Athenien</name>. <name>Cic</name>. 4. Tuscul.</hi></item>
	<label><ref target="http://www.bvh.univ-tours.fr:8080/xtf/view?docId=tei/B759999999_Y2_2164/B759999999_Y2_2164_tei.xml;query=Agelastes;brand=default;hit.rank=1">Agelastes.</ref></label> <item>poinct ne rians. tristes. fascheux.
	<lb/><hi rend="alinea">Ainsi feut surnommé <name>Crassus</name> oncle de cel-
	<lb rend="hyphen"/>luy <name>Crassus</name>, qui feut occis des Parthes: le
			<lb rend="hyphen"/>quel en sa vie ne feut veu rire q&#x2019;une foys.
	<lb/>comme escripvent <name>Lucillius</name>,<name>Cicero</name>. 5. de
	<lb/>finibus. <name>Pline</name> lib. 7.</hi></item>
	<label><ref target="http://www.bvh.univ-tours.fr:8080/xtf/view?docId=tei/B759999999_Y2_2164/B759999999_Y2_2164_tei.xml;query=Iota;brand=default;hit.rank=1">Iota.</ref></label> <item>un poinct. Cest la plus petite letre des

	<fw place="bot-right" type="sig">Y</fw>

	<pb n="2" xml:id="B751131010_FR3370_suppl_0002"/>

	<lb/><hi rend="alinea">Grecs. <name>Cic</name>. 3. de Orat. <name>Martial</name>. libr. 2. 92.
	<lb/>En l&#x2019;evangile <name>Matth</name>. 5.</hi></item>
	<label><ref target="http://www.bvh.univ-tours.fr:8080/xtf/view?docId=tei/B759999999_Y2_2164/B759999999_Y2_2164_tei.xml;query=Theme;brand=default;hit.rank=1">Theme.</ref></label> <item>position. argument. Ce que lon pro-
		<lb rend="hyphen"/><space unit="cm" quantity="0.3"/>pouse a discuter, prouver, &amp; deduire.</item>
<lb/>
	<label><ref target="http://www.bvh.univ-tours.fr:8080/xtf/view?docId=tei/B759999999_Y2_2164/B759999999_Y2_2164_tei.xml;query=Anagnoste;brand=default;hit.rank=1">Anagnoste.</ref></label> <item>lecteur.</item>
<lb/>
	<label><ref target="http://www.bvh.univ-tours.fr:8080/xtf/view?docId=tei/B759999999_Y2_2164/B759999999_Y2_2164_tei.xml;query=Evangile;brand=default;hit.rank=1">Evangile.</ref></label> <item>bonne nouvelle.</item>
<lb/>
	<label><ref target="http://www.bvh.univ-tours.fr:8080/xtf/view?docId=tei/B759999999_Y2_2164/B759999999_Y2_2164_tei.xml;query=Hercules;brand=default;hit.rank=1"><name>Hercules</name></ref></label> <item>Gaulloys, qui par son eloquence
	<lb/><hi rend="alinea">tira a soy les nobles François: comme <choice><sic>d&#x2019;e-
	<lb rend="hyphen"/>script</sic><corr>de-<lb rend="hyphen"/>scrit</corr></choice> <name>Lucian</name>. <name>Alexícacos</name>, defenseur, ay-
	<lb rend="hyphen"/>dant en adversité, destournant le mal. Cest
	<lb/>un des surnoms de <name>Hercules</name>. <name>Pausanias</name>
		<lb/>in <placeName>Attica</placeName>. En mesmes effect est dict <name>Apo-
	<lb rend="hyphen"/>pompaeus</name>, &amp;. <name>Apotropaeus</name>.</hi></item>
      </list>
    </p>

  	<p>
  		<lb/><space quantity="0.3" unit="cm"/><hi rend="italic"><ref target="http://www.bvh.univ-tours.fr:8080/xtf/view?docId=tei/B759999999_Y2_2164/B759999999_Y2_2164_tei.xml;chunk.id=n3;toc.depth=1;toc.id=;brand=default">On Prologue.</ref></hi>
      <lb/>
  		<lb/>
      <list type="glossaire">

      	<label><ref target="http://www.bvh.univ-tours.fr:8080/xtf/view?docId=tei/B759999999_Y2_2164/B759999999_Y2_2164_tei.xml;query=Sarcasme;brand=default;hit.rank=1">Sarcasme.</ref></label> <item>mocquerie poingnante, &amp; amere.</item>
<lb/>
      	<label><ref target="http://www.bvh.univ-tours.fr:8080/xtf/view?docId=tei/B759999999_Y2_2164/B759999999_Y2_2164_tei.xml;query=satyrique moc- querie;brand=default;hit.rank=1">Satyricque mocquerie.</ref></label> <item>comme est des anti-
	<lb rend="hyphen"/><hi rend="alinea">ques Satyrographes <name>Lucillius</name>,<name>Horatius</name>,
	<lb/><name>Persius</name>, <name>Juvenalis</name>. Cest une maniere de
	<lb/>mesdire d&#x2019;un chascun a plaisir, &amp; blason-
	<lb rend="hyphen"/>ner les vices: Ainsi qu&#x2019;on faict es jeux de
	<lb/>la Bazoche par personnaiges desguisez
	<lb/>en Satyres.</hi></item>

      	<label><ref target="http://www.bvh.univ-tours.fr:8080/xtf/view?docId=tei/B759999999_Y2_2164/B759999999_Y2_2164_tei.xml;query=fiebvres Epheme- res;brand=default;hit.rank=1">Ephemeres fiebvres.</ref></label> <item>les quelles ne durent plus
      		<lb/><space unit="cm" quantity="0.3"/>d&#x2019;un jour naturel: sçavoir est 24. heures.</item>
<lb/>
      	<label><ref target="http://www.bvh.univ-tours.fr:8080/xtf/view?docId=tei/B759999999_Y2_2164/B759999999_Y2_2164_tei.xml;query=dyscrasi%C3%A9;brand=default;hit.rank=1">Dyscrasié.</ref></label> <item>mal temperé. de mauvaise com-
	<lb rend="hyphen"/><hi rend="alinea">plexion. Communement on dict bisca-
	<lb rend="hyphen"/>rié en languaige corrompu.</hi></item>
<lb rend="hyphen"/>
	<pb n="3" xml:id="B751131010_FR3370_suppl_0003"/>

      	<lb/><label><foreign xml:lang="ell">Αβιος βίος &amp;c.<note resp="#MLD">Abios bios, &amp;c.</note></foreign></label> <item>Vie non vie. vie non vivable.</item>
<lb/>
	<label><ref target="http://www.bvh.univ-tours.fr:8080/xtf/view?docId=tei/B759999999_Y2_2164/B759999999_Y2_2164_tei.xml;query=Musaphiz;brand=default;hit.rank=1">Musaphiz.</ref></label> <item>en langue Turque &amp; Sclavonic-
		<lb rend="hyphen"/><space unit="cm" quantity="0.3"/>que, docteurs, &amp; prophetes.</item>
<lb/>
      	<label><ref target="http://www.bvh.univ-tours.fr:8080/xtf/view?docId=tei/B759999999_Y2_2164/B759999999_Y2_2164_tei.xml;query=cahin caha;brand=default;hit.rank=1">Cahu caha.</ref></label> <item>Motz vulgaires en <placeName>Touraine</placeName>. tel
      		<lb rend="hyphen"/><space unit="cm" quantity="0.3"/>lement quellement. Que bien que mal.</item>
<lb/>
      	<label><ref target="http://www.bvh.univ-tours.fr:8080/xtf/view?docId=tei/B759999999_Y2_2164/B759999999_Y2_2164_tei.xml;query=vertuz de;brand=default;hit.rank=1">Vertus de <geogName>Styx</geogName>.</ref></label> <item>Cest un paluz en Enfer, sce-
	<lb rend="hyphen"/><hi rend="alinea">lon les Poëtes. par lequel jurent les Dieux,
	<lb/>comme escript <name>Virgile</name> 6. AEneid. &amp; ne se
	<lb/>perjurent. La cause est, pource que <name>victoire</name>
		<lb/>fille de <name>Styx</name> feut a <name>Juppiter</name> favorable en
	<lb/>la bataille des Geants: pour la quelle re-
	<lb rend="hyphen"/>compenser <name>Juppiter</name> oltroya que les dieux
	<lb/>jurans par sa mere, jamais ne fauldroient
	<lb/>&amp;c. Lisez ce qu&#x2019;en escript <name>Servius</name> on lieu
	<lb/>dessus allegué.</hi></item>

      	<label><ref target="http://www.bvh.univ-tours.fr:8080/xtf/view?docId=tei/B759999999_Y2_2164/B759999999_Y2_2164_tei.xml;query=Categorique;brand=default;hit.rank=1">Categoricque.</ref></label> <item>plene, aperte, &amp; resolüe.</item>
<lb/>
	<label><ref target="http://www.bvh.univ-tours.fr:8080/xtf/view?docId=tei/B759999999_Y2_2164/B759999999_Y2_2164_tei.xml;query=Soloecisme;brand=default;hit.rank=1">Soloecisme.</ref></label> <item>vicieuse maniere de parler.</item>
<lb/>
	<label><ref target="http://www.bvh.univ-tours.fr:8080/xtf/view?docId=tei/B759999999_Y2_2164/B759999999_Y2_2164_tei.xml;query=Periode;brand=default;hit.rank=1">Periode.</ref></label> <item>revolution. clausule. fin de sentence.</item>
<lb/>
      	<label><ref target="http://www.bvh.univ-tours.fr:8080/xtf/view?docId=tei/B759999999_Y2_2164/B759999999_Y2_2164_tei.xml;query=aber keids;brand=default;hit.rank=1"><foreign xml:lang="deu"><g ref="#gothique">aber keids</g></foreign></ref></label> <item>en Allemant, vilifiez. <name>Bisso</name>.</item>
<lb/>
      	<label><ref target="http://www.bvh.univ-tours.fr:8080/xtf/view?docId=tei/B759999999_Y2_2164/B759999999_Y2_2164_tei.xml;query=Nectar;brand=default;hit.rank=1">Nectar.</ref></label> <item>vin des dieux, celebre entre les Poë-
      		<lb rend="hyphen"/><space unit="cm" quantity="0.3"/>tes.</item>
<lb/>
	<label><ref target="http://www.bvh.univ-tours.fr:8080/xtf/view?docId=tei/B759999999_Y2_2164/B759999999_Y2_2164_tei.xml;query=Metamorphose;brand=default;hit.rank=1">Metamorphose.</ref></label> <item>Transformation.</item>
<lb/>
      	<label><ref target="http://www.bvh.univ-tours.fr:8080/xtf/view?docId=tei/B759999999_Y2_2164/B759999999_Y2_2164_tei.xml;chunk.id=n3;toc.depth=1;toc.id=;brand=default;query=Figure trigone equilate- rale.#1">Figure trigone aequilaterale.</ref></label> <item>ayant troys an
			<lb rend="hyphen"/><space unit="cm" quantity="0.3"/>gles en eguale distance un de l&#x2019;aultre.</item>
<lb/>
      	<label><ref target="http://www.bvh.univ-tours.fr:8080/xtf/view?docId=tei/B759999999_Y2_2164/B759999999_Y2_2164_tei.xml;query=Cyclopes;brand=default;hit.rank=1">Cyclopes.</ref></label> <item>forgerons de <name><choice><sic>Tulcan</sic><corr>Vulcan</corr></choice></name>.</item>
<lb/>
	<label><ref target="http://www.bvh.univ-tours.fr:8080/xtf/view?docId=tei/B759999999_Y2_2164/B759999999_Y2_2164_tei.xml;query=Tubilustre;brand=default;hit.rank=1">Tubilustre.</ref></label> <item>on quel jour estoient en <placeName type="ville">Rome</placeName>
		<lb/><hi rend="alinea">benistes les <sic>tromppettes</sic> dediees aux <choice><sic>sacri-
			<lb rend="hyphen"/>fice</sic><corr>sacri-
	<lb rend="hyphen"/>fices</corr></choice>, en la basse court des tailleurs.</hi></item>
<lb/>
	<fw place="bot-right" type="sig">Y ij</fw>

	<pb n="4" xml:id="B751131010_FR3370_suppl_0004"/>

	<lb/><label><ref target="http://www.bvh.univ-tours.fr:8080/xtf/view?docId=tei/B759999999_Y2_2164/B759999999_Y2_2164_tei.xml;query=Olympiades;brand=default;hit.rank=1">Olympiades.</ref></label> <item>maniere de compter les ans en-
		<lb rend="hyphen"/><space unit="cm" quantity="0.3"/>tre les Grecs. qui estoit de cinq en cinq ans.</item>
<lb/>
      	<label><ref target="http://www.bvh.univ-tours.fr:8080/xtf/view?docId=tei/B759999999_Y2_2164/B759999999_Y2_2164_tei.xml;query=An intercalare;brand=default;hit.rank=1">An intercalare.</ref></label> <item>on quel escheoit le Bissexte.
	<lb/><hi rend="alinea">comme est ceste presente annee. 1552. <name>Pli-
	<lb rend="hyphen"/>nius</name> lib. 2. cap. 47.</hi></item>

      	<label><ref target="http://www.bvh.univ-tours.fr:8080/xtf/view?docId=tei/B759999999_Y2_2164/B759999999_Y2_2164_tei.xml;query=philauties;brand=default;hit.rank=1">Philautie.</ref></label> <item>amour de soy.</item>
<lb/>
      	<label><ref target="http://www.bvh.univ-tours.fr:8080/xtf/view?docId=tei/B759999999_Y2_2164/B759999999_Y2_2164_tei.xml;query=Olympe;brand=default;hit.rank=1"><name>Olympe</name>.</ref></label> <item>le Ciel, ainsi dict entre les Poëtes.</item>
<lb/>
      	<label><ref target="http://www.bvh.univ-tours.fr:8080/xtf/view?docId=tei/B759999999_Y2_2164/B759999999_Y2_2164_tei.xml;query=Mer Tyrrhene;brand=default;hit.rank=1"><geogName>Mer Tyrrhene</geogName>.</ref></label> <item>pres de <placeName type="ville">Rome</placeName>.</item>
<lb/>
      	<label><ref target="http://www.bvh.univ-tours.fr:8080/xtf/view?docId=tei/B759999999_Y2_2164/B759999999_Y2_2164_tei.xml;query=Apennin;brand=default;hit.rank=1"><placeName>Appennin</placeName>.</ref></label> <item>les <geogName>Alpes</geogName> de <placeName type="ville">Boloigne</placeName>.</item>
<lb/>
      	<label><ref target="http://www.bvh.univ-tours.fr:8080/xtf/view?docId=tei/B759999999_Y2_2164/B759999999_Y2_2164_tei.xml;query=tra- gedies;brand=default;hit.rank=1">Tragoedies.</ref></label> <item>tumultes &amp; vacarmes excitez
      		<lb/><space unit="cm" quantity="0.3"/>pour chose de petite valeur.</item>
<lb/>
	<label><ref target="http://www.bvh.univ-tours.fr:8080/xtf/view?docId=tei/B759999999_Y2_2164/B759999999_Y2_2164_tei.xml;query=Pastophores;brand=default;hit.rank=1">Pastophores.</ref></label> <item>pontifes, entre les AEgyptiens.</item>
<lb/>
	<label><ref target="http://www.bvh.univ-tours.fr:8080/xtf/view?docId=tei/B759999999_Y2_2164/B759999999_Y2_2164_tei.xml;query=Dodrental;brand=default;hit.rank=1">Dodrental.</ref></label> <item>long d&#x2019;une demie coubtee. ou
		<lb/><space unit="cm" quantity="0.3"/>de neuf poulsees Romaines.</item>
<lb/>
      	<label><ref target="http://www.bvh.univ-tours.fr:8080/xtf/view?docId=tei/B759999999_Y2_2164/B759999999_Y2_2164_tei.xml;query=Mi crocosme;brand=default;hit.rank=1">Microcosme.</ref></label> <item>petit monde.</item>
<lb/>
	<label><ref target="http://www.bvh.univ-tours.fr:8080/xtf/view?docId=tei/B759999999_Y2_2164/B759999999_Y2_2164_tei.xml;query=Marmes;brand=default;hit.rank=1">Marmes.</ref></label> <item>Merdigues. juremens des gens vil-
		<lb rend="hyphen"/><space unit="cm" quantity="0.3"/>lageoys en <placeName>Touraine</placeName>.</item>
<lb/>
      	<label><ref target="http://www.bvh.univ-tours.fr:8080/xtf/view?docId=tei/B759999999_Y2_2164/B759999999_Y2_2164_tei.xml;query=Ides de May;brand=default;hit.rank=1">Ides de May.</ref></label> <item>es quelles nasquit <name>Mercure</name>.</item>
<lb/>
	<label><ref target="http://www.bvh.univ-tours.fr:8080/xtf/view?docId=tei/B759999999_Y2_2164/B759999999_Y2_2164_tei.xml;query=Massorethz;brand=default;hit.rank=1">Massorethz.</ref></label> <item>interpretes &amp; glossateurs, entre
		<lb/><space unit="cm" quantity="0.3"/>les Hebrieux.</item>
<lb/>
      	<label><ref target="http://www.bvh.univ-tours.fr:8080/xtf/view?docId=tei/B759999999_Y2_2164/B759999999_Y2_2164_tei.xml;chunk.id=n3;toc.depth=1;toc.id=;brand=default;query=St. St. St.#1">St. St. St.</ref></label> <item>une voix &amp; sifflement par lequel on
	<lb/><hi rend="alinea">impose silence. <name>Terence</name> en use in Phorm.
	<lb/>&amp; <name>Ciceron</name> de Oratore.</hi></item>

      	<label><ref target="http://www.bvh.univ-tours.fr:8080/xtf/view?docId=tei/B759999999_Y2_2164/B759999999_Y2_2164_tei.xml;query=bacbuc;brand=default;hit.rank=1">Feuillet premier du livre, page seconde.
     <lb/><space unit="cm" quantity="0.3"/>Bacbouc.</ref></label> <item>Bouteille. en Hebrieu ainsi dicte
     <lb/><space unit="cm" quantity="0.3"/>du son qu&#x2019;elle faict quand on la vuide.</item>
<lb/>
	<label><ref target="http://www.bvh.univ-tours.fr:8080/xtf/view?docId=tei/B759999999_Y2_2164/B759999999_Y2_2164_tei.xml;query=Vestales;brand=default;hit.rank=1">Vestales.</ref></label> <item>festes en l&#x2019;honneur de la deesse <name>Vesta</name>
		<lb/><space unit="cm" quantity="0.3"/>en <placeName type="ville">Rome</placeName>. cest le septiesme jour de Juin.</item>

	<pb n="5" xml:id="B751131010_FR3370_suppl_0005"/>

      	<lb/><label><ref target="http://www.bvh.univ-tours.fr:8080/xtf/view?docId=tei/B759999999_Y2_2164/B759999999_Y2_2164_tei.xml;query=Thalasse;brand=default;hit.rank=1"><name>Thalasse</name>.</ref></label> <item>mer.</item>
<lb/>
      	<label><ref target="http://www.bvh.univ-tours.fr:8080/xtf/view?docId=tei/B759999999_Y2_2164/B759999999_Y2_2164_tei.xml;query=Hydrographie;brand=default;hit.rank=1">Fol. 2. pag. a. Hydrographie.</ref></label> <item>charte marine.</item>
<lb/>
      	<label><ref target="http://www.bvh.univ-tours.fr:8080/xtf/view?docId=tei/B759999999_Y2_2164/B759999999_Y2_2164_tei.xml;query=Pierre sphengitide;brand=default;hit.rank=1">Pierre sphengitide.</ref></label> <item>transparente comme verre.</item>
<lb/>
      	<label><ref target="http://www.bvh.univ-tours.fr:8080/xtf/view?docId=tei/B759999999_Y2_2164/B759999999_Y2_2164_tei.xml;query=Ceincture ardente;brand=default;hit.rank=1">Fol. 3. pag. b. Ceincture ardente.</ref></label> <item>zone torride.</item>
<lb/>
      	<label><ref target="http://www.bvh.univ-tours.fr:8080/xtf/view?docId=tei/B759999999_Y2_2164/B759999999_Y2_2164_tei.xml;query=l%27aisse- uil Septentrional;brand=default;hit.rank=1">L&#x2019;aisseuil Septentrional.</ref></label> <item><geogName>pole Arctique</geogName>.</item>
<lb/>
      	<label><ref target="http://www.bvh.univ-tours.fr:8080/xtf/view?docId=tei/B759999999_Y2_2164/B759999999_Y2_2164_tei.xml;query=Parallele;brand=default;hit.rank=1">Parallele.</ref></label> <item>line droicte imaginee on ciel, e-
      		<lb rend="hyphen"/><space unit="cm" quantity="0.3"/>gualement distante de ses voisines.</item>
<lb/>
      	<label><ref target="http://www.bvh.univ-tours.fr:8080/xtf/view?docId=tei/B759999999_Y2_2164/B759999999_Y2_2164_tei.xml;query=Medamothi;brand=default;hit.rank=1">Fol. 4. a. Medamothi.</ref></label> <item>nul lieu en Grec.</item>
<lb/>
      	<label><ref target="http://www.bvh.univ-tours.fr:8080/xtf/view?docId=tei/B759999999_Y2_2164/B759999999_Y2_2164_tei.xml;query=Phares;brand=default;hit.rank=1">Ib. b. Phares.</ref></label> <item>Haultes tours sus le rivaige de
	<lb/><hi rend="alinea">la mer, es quelles on allume une lanterne
	<lb/>on temps qu&#x2019;est tempeste sus mer, pour
	<lb/>addroisser les mariniers. Comme vous povez
	<lb/>veoir a <placeName type="ville">la Rochelle</placeName>, &amp; <placeName type="ville">Aiguesmortes</placeName>.</hi></item>

      	<label><ref target="http://www.bvh.univ-tours.fr:8080/xtf/view?docId=tei/B759999999_Y2_2164/B759999999_Y2_2164_tei.xml;query=Philophanes;brand=default;hit.rank=1">Philophanes,</ref></label> <item>couvoiteux de veoir &amp; estre veu.</item>
<lb/>
      	<label><ref target="http://www.bvh.univ-tours.fr:8080/xtf/view?docId=tei/B759999999_Y2_2164/B759999999_Y2_2164_tei.xml;query=Philo- theamon;brand=default;hit.rank=1">Philotheamon.</ref></label> <item>couvoiteux de veoir.</item>
<lb/>
	<label><ref target="http://www.bvh.univ-tours.fr:8080/xtf/view?docId=tei/B759999999_Y2_2164/B759999999_Y2_2164_tei.xml;query=Engys;brand=default;hit.rank=1">Engys.</ref></label> <item>aupres.</item>
<lb/>
	<label><ref target="http://www.bvh.univ-tours.fr:8080/xtf/view?docId=tei/B759999999_Y2_2164/B759999999_Y2_2164_tei.xml;query=Megiste;brand=default;hit.rank=1">Megiste.</ref></label> <item>tresgrand.</item>
<lb/>
      	<label><ref target="http://www.bvh.univ-tours.fr:8080/xtf/view?docId=tei/B759999999_Y2_2164/B759999999_Y2_2164_tei.xml;query=Idees;brand=default;hit.rank=1">Fol. 5. a. Idees.</ref></label> <item>especes &amp; formes invisibles,
      		<lb/><space unit="cm" quantity="0.3"/>imaginees par <name>Platon</name>,</item>
<lb/>
	<label><ref target="http://www.bvh.univ-tours.fr:8080/xtf/view?docId=tei/B759999999_Y2_2164/B759999999_Y2_2164_tei.xml;query=Atomes;brand=default;hit.rank=1">Atomes.</ref></label> <item>corps petitz &amp; indivisibles, par la
	<lb/><hi rend="alinea">concurrence des quelz <name>Epicurus</name> disoit
	<lb/>toutes choses estre faictes &amp; formees.</hi></item>

      	<label><ref target="http://www.bvh.univ-tours.fr:8080/xtf/view?docId=tei/B759999999_Y2_2164/B759999999_Y2_2164_tei.xml;query=Uni- cornes;brand=default;hit.rank=1">Ib. b. <choice><sic>Unicores</sic><corr>Unicornes</corr></choice>.</ref></label> <item>Vous les nommez Licornes.</item>
<lb/>
      	<label><ref target="http://www.bvh.univ-tours.fr:8080/xtf/view?docId=tei/B759999999_Y2_2164/B759999999_Y2_2164_tei.xml;query=Celoces;brand=default;hit.rank=1">Fol. 6. b. Celoces.</ref></label> <item>Vaisseaulx legiers sus mer.</item>
<lb/>
      	<label><ref target="http://www.bvh.univ-tours.fr:8080/xtf/view?docId=tei/B759999999_Y2_2164/B759999999_Y2_2164_tei.xml;query=Gozal;brand=default;hit.rank=1">Fol. 7. a. Gozal.</ref></label> <item>en Hebrieu, pigeon, colombe.</item>
<lb/>
      	<label><ref target="http://www.bvh.univ-tours.fr:8080/xtf/view?docId=tei/B759999999_Y2_2164/B759999999_Y2_2164_tei.xml;query=Posterieur ventricule de mon cerveau;brand=default;hit.rank=1">Fol. 9. b. Posterieur ventricule du cerveau.</ref></label>
      	<lb/><item><space unit="cm" quantity="0.3"/>cest la memoire.</item>
<lb/>
	<fw place="bot-right" type="sig">Y iij</fw>

	<pb n="6" xml:id="B751131010_FR3370_suppl_0006"/>

      	<lb/><label><ref target="http://www.bvh.univ-tours.fr:8080/xtf/view?docId=tei/B759999999_Y2_2164/B759999999_Y2_2164_tei.xml;query=Deu Colas, faillon;brand=default;hit.rank=1">Fol. 13. b. Deu Colas, faillon.</ref></label> <item>Sont motz Lor
			<lb rend="hyphen"/>rains. de par <name>sainct Nicolas</name>, compaignon.</item>
<lb/>
      	<label><ref target="http://www.bvh.univ-tours.fr:8080/xtf/view?docId=tei/B759999999_Y2_2164/B759999999_Y2_2164_tei.xml;query=si Dieu y eust piss%E9;brand=default;hit.rank=1">Fol. 15. b. Si <name>Dieu</name> y eust pissé.</ref></label> <item>Cest une manie
			<lb rend="hyphen"/><hi rend="alinea">re de parler vulgaire en <placeName type="ville">Paris</placeName> &amp; par toute
	<lb/><placeName type="pays">France</placeName> entre les simples gens, qui estiment
	<lb/>tous les lieux avoir eu particuliere bene-
	<lb rend="hyphen"/>diction, es quelz nostre seigneur avoit
	<lb/>faict excretion de urine, ou aultre excre-
	<lb rend="hyphen"/>ment naturel, comme de la salive est escript
	<lb/><name>Joannis</name> 9. Lutum fecit ex sputo.</hi></item>

      	<label><ref target="http://www.bvh.univ-tours.fr:8080/xtf/view?docId=tei/B759999999_Y2_2164/B759999999_Y2_2164_tei.xml;query=sainct Eutrope;brand=default;hit.rank=1">Ib. Le mal <name>sainct Eutrope</name>.</ref></label> <item>Maniere de par-
	<lb rend="hyphen"/><hi rend="alinea">ler vulguaire: comme le mal <name>sainct Jehan</name>
	<lb/>le mal de <name>sainct Main</name>: le mal <name>sainct Fia-
	<lb rend="hyphen"/>cre</name>. Non que iceulx benoists saincts ayent
	<lb/>eu telles maladies: mais pource qu&#x2019;ilz
	<lb/>en guerissent.</hi></item>

      	<label><ref target="http://www.bvh.univ-tours.fr:8080/xtf/view?docId=tei/B759999999_Y2_2164/B759999999_Y2_2164_tei.xml;query=Cenotaphe;brand=default;hit.rank=1">Fol. 18. a. Cenotaphe.</ref></label> <item>tombeau vuide: on
	<lb/><hi rend="alinea">quel n&#x2019;est le corps de celluy pour l&#x2019;hon-
	<lb rend="hyphen"/>neur &amp; memoire du quel il est erigé.
	<lb/>Ailleurs est dict Sepulchre honoraire. &amp;
	<lb/>ainsi le nomme <name>Suetone</name>.</hi></item>

      	<label><ref target="http://www.bvh.univ-tours.fr:8080/xtf/view?docId=tei/B759999999_Y2_2164/B759999999_Y2_2164_tei.xml;query=Ame moutonniere;brand=default;hit.rank=1">Ib. Ame moutonniere.</ref></label> <item>mouton vivant &amp; animé.</item>
<lb/>
      	<label><ref target="http://www.bvh.univ-tours.fr:8080/xtf/view?docId=tei/B759999999_Y2_2164/B759999999_Y2_2164_tei.xml;query=Pantophle;brand=default;hit.rank=1">Fol. 22. a. Pantophle.</ref></label> <item>Ce mot est extraict du
      		<lb/>Grec <foreign xml:lang="ell">παντόϕελλος <note resp="#MLD">pantophellos</note></foreign>. tout de liege.</item>
<lb/>
      	<label><ref target="http://www.bvh.univ-tours.fr:8080/xtf/view?docId=tei/B759999999_Y2_2164/B759999999_Y2_2164_tei.xml;query=Rane Gyrine;brand=default;hit.rank=1">Fol. 27. a. Rane Gyrine.</ref></label> <item>Grenoille infor-
	<lb rend="hyphen"/><hi rend="alinea">me. Les Grenoilles en leur premiere ge-
	<lb rend="hyphen"/>neration sont dictes Gyrins, &amp; ne sont
	<lb/>q&#x2019;une chair petite, noire avecques deux</hi>

	<pb n="7" xml:id="B751131010_FR3370_suppl_0007"/>

      		<lb/><hi rend="alinea">grands oeilz &amp; une queue. Dont <choice><sic>estoien</sic><corr>estoient</corr></choice>
	<lb/>dictz les sotz Gyrins. <name>Plato</name> in Theaeteto.
	<lb/><name>Aristoph</name>. <name>Plin</name>. lib. 9. cap. 51. <name>Aratus</name>.</hi></item>

      	<label><ref target="http://www.bvh.univ-tours.fr:8080/xtf/view?docId=tei/B759999999_Y2_2164/B759999999_Y2_2164_tei.xml;chunk.id=n15;toc.depth=1;toc.id=;brand=default;query=Tragicque co- medie#1">Fol. 28. b. Tragicque Comoedie.</ref></label> <item>farce plai-
	<lb rend="hyphen"/>sante au commencement, triste en la fin.</item>
<lb/>
      	<label><ref target="http://www.bvh.univ-tours.fr:8080/xtf/view?docId=tei/B759999999_Y2_2164/B759999999_Y2_2164_tei.xml;query=croix osanniere#1">Fol. 31. a. Croix Osaniere.</ref></label> <item>en Poictevin, est la
	<lb/><hi rend="alinea">croix ailleurs dicte Boysseliere: prés la
			<lb rend="hyphen"/>quelle au dimanche des rameaux lon
	<lb/>chante. Osanna filio <name>David</name>, &amp;c.</hi></item>

      	<label><ref target="http://www.bvh.univ-tours.fr:8080/xtf/view?docId=tei/B759999999_Y2_2164/B759999999_Y2_2164_tei.xml;query=Ma dia#1">Fol. 36. a. Ma dia.</ref></label> <item>est une maniere de parler
      		<lb/><hi rend="alinea">vulguaire en <placeName>Touraine</placeName>: est toutesfoys
		<lb/>Grecque.  <foreign xml:lang="ell">Μά Δία<note resp="#MLD">Ma Dia</note></foreign>. non par <name>Juppiter</name>: comme
		<lb/>Ne dea. <foreign xml:lang="ell">Νή Δία<note resp="#MLD">Ne Dia</note></foreign>. ouy par <name>Juppiter</name>.</hi></item>

      	<label><ref target="http://www.bvh.univ-tours.fr:8080/xtf/view?docId=tei/B759999999_Y2_2164/B759999999_Y2_2164_tei.xml;query=Tholose;brand=default;hit.rank=1">Ib. l&#x2019;or de <placeName type="ville">Tholose</placeName>.</ref></label> <item>duquel parle <name>Cic</name>. lib. 3.
	<lb/><hi rend="alinea">de nat. deorum, <name><choice><sic>C.</sic><corr>A.</corr></choice> Gellius</name> lib. 3. <name>Justi</name>. lib. 22
	<lb/><name>Strabo</name> lib. 4. porta malheur a ceulx qui
	<lb/>l&#x2019;emporterent: sçavoir est <name>Q. Cepio</name> consul
	<lb/>Romain, &amp; toute son armee, qui tous com-
	<lb rend="hyphen"/>me sacrileges perirent malheureusement.</hi></item>

      	<label><ref target="http://www.bvh.univ-tours.fr:8080/xtf/view?docId=tei/B759999999_Y2_2164/B759999999_Y2_2164_tei.xml;query=Sejan;brand=default;hit.rank=1">Ibi. Le cheval <name>Sejan</name>.</ref></label> <item>de <name>Cn. Seius</name>. lequel por
	<lb rend="hyphen"/><hi rend="alinea">ta malheur a tous ceux qui le possederent.
	<lb/>Lisez <name>A. Gellius</name> lib. 3. cap. 9.</hi></item>

      	<label><ref target="http://www.bvh.univ-tours.fr:8080/xtf/view?docId=tei/B759999999_Y2_2164/B759999999_Y2_2164_tei.xml;query=sainct Jan de la Palisse;brand=default;hit.rank=1">Fol. 38. b. Comme <name>sainct Jean de la Palisse</name>.</ref></label>
	<item><hi rend="alinea">maniere de parler vulguaire par syncope:
	<lb/>en lieu de l&#x2019;Apocalypse: comme Idolatre
	<lb/>pour Idololatre.</hi></item>

      	<label><ref target="http://www.bvh.univ-tours.fr:8080/xtf/view?docId=tei/B759999999_Y2_2164/B759999999_Y2_2164_tei.xml;query=les ferremens de la messe;brand=default;hit.rank=1">Fol. 39. a. les ferremens de la messe.</ref></label> <item>disent les
      		<lb/><space unit="cm" quantity="0.3"/>Poictevins villageoys ce que nous disons or

	<fw place="bot-right" type="sig">Y iiij</fw>

	<pb n="8" xml:id="B751131010_FR3370_suppl_0008"/>

	<lb/><hi rend="alinea">nemens: &amp; le manche de la paroece, ce
	<lb/>que nous disons le clochier, par meta-
	<lb rend="hyphen"/>phore assez lourde.</hi></item>

      	<label><ref target="http://www.bvh.univ-tours.fr:8080/xtf/view?docId=tei/B759999999_Y2_2164/B759999999_Y2_2164_tei.xml;query=Thohu;brand=default;hit.rank=1">Ib. Thohu &amp; Bohu.</ref></label> <item>Hebrieu: deserte &amp; non
      		<lb/><space unit="cm" quantity="0.3"/>cultivee.</item>
<lb/>
      	<label><ref target="http://www.bvh.univ-tours.fr:8080/xtf/view?docId=tei/B759999999_Y2_2164/B759999999_Y2_2164_tei.xml;query=Sycophage;brand=default;hit.rank=1">Fol. 41. a. Sycophage.</ref></label> <item>maschefigue.</item>
<lb/>
      	<label><ref target="http://www.bvh.univ-tours.fr:8080/xtf/view?docId=tei/B759999999_Y2_2164/B759999999_Y2_2164_tei.xml;query=Nargues;brand=default;hit.rank=1">Ibi. b. <name>Nargues</name> &amp; <name>Zargues</name>.</ref></label> <item>Noms faicts a
      		<lb/><space unit="cm" quantity="0.3"/>plaisir.</item>
<lb/>
      	<label><ref target="http://www.bvh.univ-tours.fr:8080/xtf/view?docId=tei/B759999999_Y2_2164/B759999999_Y2_2164_tei.xml;query=Teleniabin;brand=default;hit.rank=1">Teleniabin &amp; Geleniabin.</ref></label> <item>Dictions Arabic-
      		<lb rend="hyphen"/><space unit="cm" quantity="0.3"/>ques. Manne, &amp; Miel rosat.</item>
<lb/>
      	<label><ref target="http://www.bvh.univ-tours.fr:8080/xtf/view?docId=tei/B759999999_Y2_2164/B759999999_Y2_2164_tei.xml;query=Enig;brand=default;hit.rank=1">Enig &amp; Evig.</ref></label> <item>Motz Alemans. sans. avecques.
	<lb/><hi rend="alinea">En la composition &amp; appoinctement du
	<lb/><name>Langrauff d&#x2019;Esse</name> avecques l&#x2019;empereur
	<lb/><name>Charles cinquieme</name>, on lieu de Enig: sans
	<lb/>detention de sa persone, feut mis Evig,
	<lb/>avecques detention.</hi></item>

      	<label><ref target="http://www.bvh.univ-tours.fr:8080/xtf/view?docId=tei/B759999999_Y2_2164/B759999999_Y2_2164_tei.xml;query=Scatophages;brand=default;hit.rank=1">Fol. 42. b. Scatophages.</ref></label> <item>maschemerdes: vi
	<lb rend="hyphen"/><hi rend="alinea">vens de excremens. Ainsi est de <name>Aristo-
	<lb rend="hyphen"/>phanes</name> in <name>Pluto</name> nommé <name>AEsculapius</name> en
	<lb/>mocquerie commune a tous medicins.</hi></item>

      	<label><ref target="http://www.bvh.univ-tours.fr:8080/xtf/view?docId=tei/B759999999_Y2_2164/B759999999_Y2_2164_tei.xml;query=con- cilipetes;brand=default;hit.rank=1">Fol. 44. b. Concilipetes.</ref></label> <item>comme Romipe-
      		<lb rend="hyphen"/>tes: allans au concile.</item>
<lb/>
      	<label><ref target="http://www.bvh.univ-tours.fr:8080/xtf/view?docId=tei/B759999999_Y2_2164/B759999999_Y2_2164_tei.xml;chunk.id=n23;toc.depth=1;toc.id=;brand=default;query=ple- ne de reliques#1">Fol. 46. b. Teste <name>Dieu</name> pleine de reliques.</ref></label>
	<item><hi rend="alinea">Cest un des sermens du seigneur de la <placeName type="ville">Ro
			<lb rend="hyphen"/>che du Maine</placeName>.</hi></item>

      	<label><ref target="http://www.bvh.univ-tours.fr:8080/xtf/view?docId=tei/B759999999_Y2_2164/B759999999_Y2_2164_tei.xml;query=troys razes de anguonnages;brand=default;hit.rank=1">Fol. 49. a. Trois rases d&#x2019;angonnages.</ref></label> <item>Tus-
	<lb rend="hyphen"/><hi rend="alinea">can. Trois demies aulnes de bosses chan-
	<lb rend="hyphen"/>creuses.</hi></item>

	<pb n="9" xml:id="B751131010_FR3370_suppl_0009"/>

      	<lb/><label><ref target="http://www.bvh.univ-tours.fr:8080/xtf/view?docId=tei/B759999999_Y2_2164/B759999999_Y2_2164_tei.xml;query=Celeume;brand=default;hit.rank=1">Fol. 50. b. Celeusme.</ref></label> <item>Chant pour exhorter
      		<lb/><space unit="cm" quantity="0.3"/>les mariniers, &amp; leurs donner couraige.</item>
<lb/>
      	<label><ref target="http://www.bvh.univ-tours.fr:8080/xtf/view?docId=tei/B759999999_Y2_2164/B759999999_Y2_2164_tei.xml;query=Ucalegon;brand=default;hit.rank=1">Fol. 51. a. Ucalegon.</ref></label> <item>Non aydant. Cest le
	<lb/><hi rend="alinea">nom d&#x2019;un viel Troian, celebré par <name>Ho-
	<lb rend="hyphen"/>mere</name>. 3. Iliad.</hi></item>

      	<label><ref target="http://www.bvh.univ-tours.fr:8080/xtf/view?docId=tei/B759999999_Y2_2164/B759999999_Y2_2164_tei.xml;query=vague D%27e- cumane;brand=default;hit.rank=1">Fol. 52. a. Vague Decumane.</ref></label> <item>grande, forte,
	<lb/><hi rend="alinea">violente. Car la dixieme vague est ordi-
	<lb rend="hyphen"/>nairement plus grande en la mer Ocea-
	<lb rend="hyphen"/>ne, que les aultres. Ainsi sont par cy apres
	<lb/>dictes Escrevisses Decumanes, grandes:
	<lb/>comme <name>Columella</name> dict Poyres Decuma-
	<lb rend="hyphen"/>nes: &amp; <name>Fest. Pomp.</name> oeufz decumans. Car
	<lb/>le dixieme est tous jours le plus grand. &amp;
	<lb/>en un camp, porte Decumane.</hi></item>

      	<label><ref target="http://www.bvh.univ-tours.fr:8080/xtf/view?docId=tei/B759999999_Y2_2164/B759999999_Y2_2164_tei.xml;query=Passato;brand=default;hit.rank=1">Fol. 55. a. <hi rend="italic">Passato, &amp;c</hi>.</ref></label> <item>Le dangier passé, est le
      		<lb/><space unit="cm" quantity="0.3"/>sainct mocqué.</item>
<lb/>
	<label><ref target="http://www.bvh.univ-tours.fr:8080/xtf/view?docId=tei/B759999999_Y2_2164/B759999999_Y2_2164_tei.xml;query=Macraeons;brand=default;hit.rank=1">Macraeons.</ref></label> <item>gens qui vivent longuement.</item>
<lb/>
	<label><ref target="http://www.bvh.univ-tours.fr:8080/xtf/view?docId=tei/B759999999_Y2_2164/B759999999_Y2_2164_tei.xml;query=Macrobe;brand=default;hit.rank=1">Macrobe.</ref></label> <item>home de longue vie.</item>
<lb/>
	<label><ref target="http://www.bvh.univ-tours.fr:8080/xtf/view?docId=tei/B759999999_Y2_2164/B759999999_Y2_2164_tei.xml;query=Hieroglyphicques;brand=default;hit.rank=1">Hieroglyphicques.</ref></label> <item>sacres sculptures. Ainsi
	<lb/><hi rend="alinea">estoient dictes les letres des antiques sai-
	<lb rend="hyphen"/>ges AEgyptiens: &amp; estoient faictes des
	<lb/>images diverses de arbres, herbes, ani-
		<lb rend="hyphen"/>maulx, <choice><sic>poisons</sic><corr>poissons</corr></choice>, oiseaulx, instrumens: par
	<lb/>la nature &amp; office des quelz estoit repre-
	<lb rend="hyphen"/>senté ce quilz vouloient designer. de icel-
	<lb rend="hyphen"/>les avez veu la divise de mon seigneur
	<lb/>l&#x2019;Admiral en une ancre, instrument tres-
	<lb rend="hyphen"/>poisant: &amp; un Daulphin poisson legier</hi>

	<pb n="10" xml:id="B751131010_FR3370_suppl_0010"/>

	<lb/><hi rend="alinea">sus tous animaulx du monde: laquelle
	<lb/>aussy avoit porté <name>Octavian Auguste</name>, vou
			<lb rend="hyphen"/>lant designer: haste toy lentement: fays
	<lb/>diligence paresseuse: cest a dire expedie, rien
	<lb/>ne laissant du necessaire. D&#x2019;icelles entre les
		<lb/>Grecs a escript <name>Orus Apollon</name>. <name><app><lem>Pietre</lem><rdg wit="#licorne">Pierre</rdg></app><note resp="#MLD">Variante provenant de l&#x2019;exemplaire de la Licorne.</note> Co
			<lb rend="hyphen"/>lonne</name> en a plusieurs exposé en son livre
	<lb/>Tuscan intitulé, <hi rend="italic">Hypnerotomachia <name>Polyphili</name></hi>.</hi></item>

	<label><ref target="http://www.bvh.univ-tours.fr:8080/xtf/view?docId=tei/B759999999_Y2_2164/B759999999_Y2_2164_tei.xml;query=Obelisces;brand=default;hit.rank=1">Obelisces.</ref></label> <item>grandes &amp; longues aiguilles de
	<lb/><hi rend="alinea">pierre: larges par le bas, &amp; peu a peu fi-
	<lb rend="hyphen"/>nissantes en poincte par le hault. Vous en
	<lb/>avez a <placeName type="ville">Rome</placeName> pres le temple de <name>sainct
	<lb/>Pierre</name> une entiere, &amp; ailleurs plusieurs
	<lb/>aultres. Sus icelles pres le rivage de la
	<lb/>mer lon allumoit du feu pour luyre aux
	<lb/>mariniers on temps de tempeste: &amp; estoient
	<lb/>dictes Obeliscolychnies, comme cy des-
	<lb rend="hyphen"/>sus fol. 50. b. est escript.</hi></item>

	<label><ref target="http://www.bvh.univ-tours.fr:8080/xtf/view?docId=tei/B759999999_Y2_2164/B759999999_Y2_2164_tei.xml;query=Pyramides;brand=default;hit.rank=1">Pyramides.</ref></label> <item>grands bastimens de pierre, ou
	<lb/><hi rend="alinea">de bricque quarrez, larges par le bas, &amp;
	<lb/>aiguz par le hault, comme est la forme d&#x2019;u-
		<lb rend="hyphen"/>ne flambe de feu, π&#8166;ρ. Vous en pourrez
	<lb/>veoir plusieurs sus le <geogName>Nil</geogName> pres <placeName type="ville">le Caire</placeName>.</hi></item>

      	<label><ref target="http://www.bvh.univ-tours.fr:8080/xtf/view?docId=tei/B759999999_Y2_2164/B759999999_Y2_2164_tei.xml;query=Proto- type;brand=default;hit.rank=1">Fol. 56. a. Prototype.</ref></label> <item>premiere forme. pa-
      		<lb rend="hyphen"/><space unit="cm" quantity="0.3"/>tron. model.</item>
<lb/>
      	<label><ref target="http://www.bvh.univ-tours.fr:8080/xtf/view?docId=tei/B759999999_Y2_2164/B759999999_Y2_2164_tei.xml;query=Parasanges;brand=default;hit.rank=1">Fol. 57. a. Parasanges.</ref></label> <item>entre les Perses estoit
	<lb/><hi rend="alinea">une mesure des chemins contenente tren-
	<lb rend="hyphen"/>te stades. <name>Herodotus</name> lib. 2.</hi></item>

	<pb n="11" xml:id="B751131010_FR3370_suppl_0011"/>

      	<lb/><label><ref target="http://www.bvh.univ-tours.fr:8080/xtf/view?docId=tei/B759999999_Y2_2164/B759999999_Y2_2164_tei.xml;query=Aguyon;brand=default;hit.rank=1">Fol. 62. b. Aguyon</ref></label> <item>. entre les Bretons &amp; Nor
			<lb rend="hyphen"/><hi rend="alinea">mans mariniers est vent doulx, serain, &amp;
	<lb/>plaisant, comme en terre est Zephyre.</hi></item>

      	<label><ref target="http://www.bvh.univ-tours.fr:8080/xtf/view?docId=tei/B759999999_Y2_2164/B759999999_Y2_2164_tei.xml;query=Con- falonnier;brand=default;hit.rank=1">Fol. 63. a. Confallonnier.</ref></label> <item>porte enseigne.
      		<lb/><space unit="cm" quantity="0.3"/>Tuscan.</item>
<lb/>
	<label><ref target="http://www.bvh.univ-tours.fr:8080/xtf/view?docId=tei/B759999999_Y2_2164/B759999999_Y2_2164_tei.xml;query=Ichthyophages;brand=default;hit.rank=1">Ichthyophages.</ref></label> <item>gens vivens de poisson. en
	<lb/><hi rend="alinea"><name>AEthiopie</name> interieure pres l&#x2019;Ocean occi-
	<lb rend="hyphen"/>dental. <name>Ptoleme</name> libro 4. capite 9. <name>Stra-
	<lb rend="hyphen"/>bo</name> lib. 15.</hi></item>

      	<label><ref target="http://www.bvh.univ-tours.fr:8080/xtf/view?docId=tei/B759999999_Y2_2164/B759999999_Y2_2164_tei.xml;query=Corybantioit;brand=default;hit.rank=1">Fol. 69. a. Corybantier.</ref></label> <item>dormir les oeilz
      		<lb/><space unit="cm" quantity="0.3"/>ouvers.</item>
<lb/>
      	<label><ref target="http://www.bvh.univ-tours.fr:8080/xtf/view?docId=tei/B759999999_Y2_2164/B759999999_Y2_2164_tei.xml;query=Escrevis- ses decumanes;brand=default;hit.rank=1">Ib. Escrevisses decumantes.</ref></label> <item>grandes. Cy des-
      		<lb rend="hyphen"/><space unit="cm" quantity="0.3"/>sus a esté exposé.</item>
<lb/>
      	<label><ref target="http://www.bvh.univ-tours.fr:8080/xtf/view?docId=tei/B759999999_Y2_2164/B759999999_Y2_2164_tei.xml;query=Atropos;brand=default;hit.rank=2">Fol. 72. a. <name>Atropos</name>.</ref></label> <item>la Mort.</item>
<lb/>
      	<label><ref target="http://www.bvh.univ-tours.fr:8080/xtf/view?docId=tei/B759999999_Y2_2164/B759999999_Y2_2164_tei.xml;query=Symbole;brand=default;hit.rank=1">Ibi. Symbole.</ref></label> <item>conference, collation.</item>
<lb/>
      	<label><ref target="http://www.bvh.univ-tours.fr:8080/xtf/view?docId=tei/B759999999_Y2_2164/B759999999_Y2_2164_tei.xml;query=Catadupes;brand=default;hit.rank=1">Ibid. b. Catadupes du <geogName>Nil</geogName>.</ref></label> <item>lieu en <placeName type="pays">AEthio-
      		<lb rend="hyphen"/><space unit="cm" quantity="0.3"/>pie</placeName>, on quel le <geogName>Nil</geogName> tombe de haultes
	<lb/><hi rend="alinea">montaignes, en si horrible bruyt que
	<lb/>les voisins du lieu sont presque tous
	<lb/>sours, comme escript <name>Claud. Galen</name>. L&#x2019;e-
	<lb rend="hyphen"/>vesque de <placeName type="ville">Caramith</placeName>. celuy qui en <placeName type="ville">Ro-
	<lb rend="hyphen"/>me</placeName> feut mon praecepteur en langue Ara-
	<lb rend="hyphen"/>bicque, ma dict que l&#x2019;on oyt ce bruyt a
	<lb/>plus de troys journees loing. qui est au-
	<lb rend="hyphen"/>tant que de <placeName type="ville">Paris</placeName> a <placeName type="ville">Tours</placeName>, Voyez <name>Ptol</name>.
	<lb/><name>Ciceron</name>. in som. <name>Scipionis</name>. <name>Pline</name> libr. 5.
	<lb/>cap. 9. &amp; <name>Strabo</name>.</hi></item>

      	<label><ref target="http://www.bvh.univ-tours.fr:8080/xtf/view?docId=tei/B759999999_Y2_2164/B759999999_Y2_2164_tei.xml;query=ligne perpendiculaire;brand=default;hit.rank=1">Fol. 74. a. line perpendiculaire.</ref></label> <item>les architectes

	<pb n="12" xml:id="B751131010_FR3370_suppl_0012"/>

	<lb/><hi rend="alinea">disent tombante a plomb. droictement
	<lb/>pendente.</hi></item>

      	<label><ref target="http://www.bvh.univ-tours.fr:8080/xtf/view?docId=tei/B759999999_Y2_2164/B759999999_Y2_2164_tei.xml;query=Montigenes;brand=default;hit.rank=1">Fol. 75. b. Montigenes.</ref></label> <item>engendrez es mon-
      		<lb rend="hyphen"/><space unit="cm" quantity="0.3"/>taignes.</item>
<lb/>
      	<label><ref target="http://www.bvh.univ-tours.fr:8080/xtf/view?docId=tei/B759999999_Y2_2164/B759999999_Y2_2164_tei.xml;query=hypocritique;brand=default;hit.rank=1">Fol. 77. b. Hypocriticque.</ref></label> <item>faincte. desgui-
      		<lb rend="hyphen"/><space unit="cm" quantity="0.3"/>see.</item>
<lb/>
      	<label><ref target="http://www.bvh.univ-tours.fr:8080/xtf/view?docId=tei/B759999999_Y2_2164/B759999999_Y2_2164_tei.xml;query=Venus;brand=default;hit.rank=2">Fol. 80. a.</ref></label> <item><name>Venus</name> en Grec a quatre syllabes
      		<lb/><space unit="cm" quantity="0.3"/><foreign xml:lang="ell">ΑʹΦροδίτη <note resp="#MLD">Aphrodite</note></foreign>, <name>Vulcan</name>, en a troys <foreign xml:lang="ell"><name>ΗίΦαιστος</name> <note resp="#MLD">Hephaistos.</note></foreign></item>
<lb/>
	<label><ref target="http://www.bvh.univ-tours.fr:8080/xtf/view?docId=tei/B759999999_Y2_2164/B759999999_Y2_2164_tei.xml;query=Ischies;brand=default;hit.rank=1">Ischies.</ref></label> <item>vous les appellez Sciaticques. Her-
	<lb rend="hyphen"/><hi rend="alinea">nies, ruptures du boyau devallant en la
	<lb/>bourse, ou par aiguosité, ou carnosité, ou
	<lb/>varices, &amp;c.</hi></item>

	<label><ref target="http://www.bvh.univ-tours.fr:8080/xtf/view?docId=tei/B759999999_Y2_2164/B759999999_Y2_2164_tei.xml;query=Hermicraines;brand=default;hit.rank=1">Hemicraines.</ref></label> <item>vous les appellez Migraines,
		<lb/><space unit="cm" quantity="0.3"/>cest une douleur comprenente la moytie
		<lb/><space unit="cm" quantity="0.3"/>de la teste.</item>
<lb/>
      	<label><ref target="http://www.bvh.univ-tours.fr:8080/xtf/view?docId=tei/B759999999_Y2_2164/B759999999_Y2_2164_tei.xml;query=Niphleseth;brand=default;hit.rank=1">Fol. 89. a. Niphleseth.</ref></label> <item>Membre viril. Hebr.</item>
<lb/>
      	<label><ref target="http://www.bvh.univ-tours.fr:8080/xtf/view?docId=tei/B759999999_Y2_2164/B759999999_Y2_2164_tei.xml;query=Ruach;brand=default;hit.rank=1">Fol. 90. a Ruach.</ref></label> <item>vent, ou esprit. Hebr.</item>
<lb/>
      	<label><ref target="http://www.bvh.univ-tours.fr:8080/xtf/view?docId=tei/B759999999_Y2_2164/B759999999_Y2_2164_tei.xml;query=Herbes carminatives;brand=default;hit.rank=1">Ib. Herbes carminatives.</ref></label> <item>les quelles ou con
			<lb rend="hyphen"/><hi rend="alinea">somment ou vuident les ventositez du corps
	<lb/>humain.</hi></item>

      	<label><ref target="http://www.bvh.univ-tours.fr:8080/xtf/view?docId=tei/B759999999_Y2_2164/B759999999_Y2_2164_tei.xml;query=Jambe Oedipodicque;brand=default;hit.rank=1">Ib. b. Jambe Oedipodicque.</ref></label> <item>enflee, grosse,
	<lb/><hi rend="alinea">comme les avoit <name>Oedipus</name> le divinateur,
	<lb/>qui en Grec signifie Piedemflé.</hi></item>

      	<label><ref target="http://www.bvh.univ-tours.fr:8080/xtf/view?docId=tei/B759999999_Y2_2164/B759999999_Y2_2164_tei.xml;query=AEolus;brand=default;hit.rank=1">Fol. 91. b. <name>AEolus</name></ref>.</label> <item>Dieu des vents. scelon les
      		<lb/><space unit="cm" quantity="0.3"/>Poëtes.</item>
<lb/>
	<label><ref target="http://www.bvh.univ-tours.fr:8080/xtf/view?docId=tei/B759999999_Y2_2164/B759999999_Y2_2164_tei.xml;query=Sanctimo- niales;brand=default;hit.rank=1">Sanctimoniales.</ref></label> <item>A praesent sont dictes Non-
		<lb rend="hyphen"/><space unit="cm" quantity="0.3"/>nains.</item>
<lb/>
      	<label><ref target="http://www.bvh.univ-tours.fr:8080/xtf/view?docId=tei/B759999999_Y2_2164/B759999999_Y2_2164_tei.xml;query=Hypenemien;brand=default;hit.rank=1">Hypenemien.</ref></label><item> venteux. Ainsi sont dictz les

	<pb n="13" xml:id="B751131010_FR3370_suppl_0013"/>

	<lb/><hi rend="alinea">oeufz des Poulles, &amp; aultres animaulx,
	<lb/>faicts sans copulation du masle. Des quelz
	<lb/>jamais ne sont esclous poulletz, &amp;c. <name>A-
	<lb rend="hyphen"/>rist</name>. <name>Pline</name>. <name>Columella</name>.</hi></item>

      	<label><ref target="http://www.bvh.univ-tours.fr:8080/xtf/view?docId=tei/B759999999_Y2_2164/B759999999_Y2_2164_tei.xml;query=AEolipyle;brand=default;hit.rank=1">Fol. 92. a. AEolopyle.</ref></label> <item>porte de <name>AEolus</name>. Cest
	<lb/><hi rend="alinea">un instrument de bronze clous, on quel
	<lb/>est un petit pertuys, par lequel si mettez
	<lb/>eaue, &amp; l&#x2019;approchez du feu, vous voirez
	<lb/>sortir vent continuellement. Ainsi sont
	<lb/>engendrez les vents en lair, &amp; les vento-
	<lb rend="hyphen"/>sitez es corps humains par eschauffemens
	<lb/>ou concoction commencee non perfaicte,
	<lb/>comme expose <name>Cl. Galen</name>. Voyez ce que
	<lb/>en a escript nostre grand amy &amp; seigneur
	<lb/>monsieur <name>Philander</name> sus le premier livre
	<lb/>de <name>Victruve</name>.</hi></item>

	<label><ref target="http://www.bvh.univ-tours.fr:8080/xtf/view?docId=tei/B759999999_Y2_2164/B759999999_Y2_2164_tei.xml;query=Bringuenarilles;brand=default;hit.rank=5">Bringuenarilles.</ref></label> <item>Non faict a plaisir, comme
		<lb/><space unit="cm" quantity="0.3"/>grand nombre d&#x2019;aultres en cestuy livre.</item>
<lb/>
	<label><ref target="http://www.bvh.univ-tours.fr:8080/xtf/view?docId=tei/B759999999_Y2_2164/B759999999_Y2_2164_tei.xml;query=Lipothy- mie;brand=default;hit.rank=1">Lipothymie.</ref></label> <item>defaillance de coeur.</item>
<lb/>
      	<label><ref target="http://www.bvh.univ-tours.fr:8080/xtf/view?docId=tei/B759999999_Y2_2164/B759999999_Y2_2164_tei.xml;query=Pa- roxysme;brand=default;hit.rank=1">Fol. 93. a. Paroxysme.</ref></label> <item>accés.</item>
<lb/>
      	<label><ref target="http://www.bvh.univ-tours.fr:8080/xtf/view?docId=tei/B759999999_Y2_2164/B759999999_Y2_2164_tei.xml;query=Ta chor;brand=default;hit.rank=1">Fol. 94. a. Tachor.</ref></label> <item>un fyc au fondement. Heb.</item>
<lb/>
	<label><ref target="http://www.bvh.univ-tours.fr:8080/xtf/view?docId=tei/B759999999_Y2_2164/B759999999_Y2_2164_tei.xml;query=Brouet;brand=default;hit.rank=1">Brouet.</ref></label> <item>cest la grande halle de <placeName type="ville">Millan</placeName>.</item>
<lb/>
      	<label><hi rend="italic"><ref target="http://www.bvh.univ-tours.fr:8080/xtf/view?docId=tei/B759999999_Y2_2164/B759999999_Y2_2164_tei.xml;query=Ecco lo fico;brand=default;hit.rank=1">Ecco lo fico.</ref></hi></label> <item><hi rend="italic">Voyla la figue.</hi></item>
<lb/>
      	<label><ref target="http://www.bvh.univ-tours.fr:8080/xtf/view?docId=tei/B759999999_Y2_2164/B759999999_Y2_2164_tei.xml;query=champ restile;brand=default;hit.rank=1">Fol. 95. a. Champ restile.</ref></label> <item>portant fruict tous
      		<lb/><space unit="cm" quantity="0.3"/>les ans.</item>
<lb/>
      	<label><ref target="http://www.bvh.univ-tours.fr:8080/xtf/view?docId=tei/B759999999_Y2_2164/B759999999_Y2_2164_tei.xml;query=voix Stentoree;brand=default;hit.rank=1">Fol. 101. a. Voix Stentoree.</ref></label> <item>forte &amp; haulte
	<lb/><hi rend="alinea">comme avoit <name>Stentor</name>. du quel escript <name>Ho
	<lb rend="hyphen"/>mere</name> 5. Iliad. <name>Juvenal</name>. lib. 13.</hi></item>

	<pb n="14" xml:id="B751131010_FR3370_suppl_0014"/>

      	<lb/><label><ref target="http://www.bvh.univ-tours.fr:8080/xtf/view?docId=tei/B759999999_Y2_2164/B759999999_Y2_2164_tei.xml;query=Hypophetes;brand=default;hit.rank=1">Ibi. b. Hypophetes.</ref></label> <item>qui parlent des choses
	<lb/><hi rend="alinea">passees: comme Prophetes parlent des
	<lb/>choses futures.</hi></item>

	<label><ref target="http://www.bvh.univ-tours.fr:8080/xtf/view?docId=tei/B759999999_Y2_2164/B759999999_Y2_2164_tei.xml;query=Uranope- tes;brand=default;hit.rank=1">Uranopetes.</ref></label> <item>descendues du ciel.</item>
<lb/>
      	<label><ref target="http://www.bvh.univ-tours.fr:8080/xtf/view?docId=tei/B759999999_Y2_2164/B759999999_Y2_2164_tei.xml;query=Zoophore;brand=default;hit.rank=1">Fol. 102. a. Zoophore.</ref></label> <item>portant animaulx.
	<lb/><hi rend="alinea">Cest en un portal, &amp; aultres lieux, ce
	<lb/>que les architectes appellent frize: entre
	<lb/>l&#x2019;architrave &amp; la Coronice, on quel lieu
	<lb/>lon mettoit les manequins, sculptures,
	<lb/>escriptures, &amp; aultres divises a plaisir.</hi></item>

      	<label><ref target="http://www.bvh.univ-tours.fr:8080/xtf/view?docId=tei/B759999999_Y2_2164/B759999999_Y2_2164_tei.xml;query=%CE%93%CE%9D%CE%A9%CE%98%CE%99 %CE%A3%CE%95%CE%91%CE%A5%CE%A4%CE%9F%CE%9D;brand=default;hit.rank=1">Ib. b. <foreign xml:lang="ell">ΓΝΩΘΙ ΣΕΑΥΤΟΝ. <note resp="#MLD">GNOTHI SEAUTON</note></foreign></ref></label> <item>Congnoys toy
      		<lb/><space unit="cm" quantity="0.3"/>mesmes.</item>
<lb/>
      	<label><ref target="http://www.bvh.univ-tours.fr:8080/xtf/view?docId=tei/B759999999_Y2_2164/B759999999_Y2_2164_tei.xml;query=ei;brand=default;hit.rank=1">El. tu es.</ref></label> <item><name>Plutarche</name> a faict un livre singu-
      		<lb rend="hyphen"/><space unit="cm" quantity="0.3"/>lier de l&#x2019;exposition de ces deux letres.</item>
<lb/>
      	<label><ref target="http://www.bvh.univ-tours.fr:8080/xtf/view?docId=tei/B759999999_Y2_2164/B759999999_Y2_2164_tei.xml;query=Diipetes;brand=default;hit.rank=1">Fol. 103. a. Diipetes.</ref></label> <item>descendens de <name>Juppiter</name>.
      		<lb/><space unit="cm" quantity="0.3"/>Scholiastes. expositeurs. </item>
<lb/>
      	<label><ref target="http://www.bvh.univ-tours.fr:8080/xtf/view?docId=tei/B759999999_Y2_2164/B759999999_Y2_2164_tei.xml;query=l%27archetype;brand=default;hit.rank=1">Fol. 104. a. Archetype.</ref></label> <item>Original, protraict.</item>
<lb/>
      	<label><ref target="http://www.bvh.univ-tours.fr:8080/xtf/view?docId=tei/B759999999_Y2_2164/B759999999_Y2_2164_tei.xml;query=Sphace- lee;brand=default;hit.rank=1">Ib. b. Sphacelee.</ref></label> <item>corrompue, pourrie, vermou
      		<lb rend="hyphen"/><space unit="cm" quantity="0.3"/>lüe, diction frequente en <name>Hippocrates</name>.</item>
<lb/>
      	<label><ref target="http://www.bvh.univ-tours.fr:8080/xtf/view?docId=tei/B759999999_Y2_2164/B759999999_Y2_2164_tei.xml;query=Epode;brand=default;hit.rank=1">Fol. 106. b. Epode.</ref></label> <item>une espece de vers. com-
      		<lb rend="hyphen"/><space unit="cm" quantity="0.3"/>me en a escript <name>Horace</name>.</item>
<lb/>
      	<label><ref target="http://www.bvh.univ-tours.fr:8080/xtf/view?docId=tei/B759999999_Y2_2164/B759999999_Y2_2164_tei.xml;query=Paragraphe;brand=default;hit.rank=1">Fol. 107. b. Paragraphe.</ref></label> <item>Vous dictez parra-
	<lb rend="hyphen"/><hi rend="alinea">fe, corrompans la diction, laquelle signifie
	<lb/>un signe ou note posee pres l&#x2019;escripture.</hi></item>

      	<label><ref target="http://www.bvh.univ-tours.fr:8080/xtf/view?docId=tei/B759999999_Y2_2164/B759999999_Y2_2164_tei.xml;query=ecstatique;brand=default;hit.rank=1">Ecstase.</ref></label> <item>ravissement d&#x2019;esprit.</item>
<lb/>
      	<label><ref target="http://www.bvh.univ-tours.fr:8080/xtf/view?docId=tei/B759999999_Y2_2164/B759999999_Y2_2164_tei.xml;query=Auriflue energie;brand=default;hit.rank=1">Fol. III. b. Auriflue energie.</ref></label> <item>vertus faisante
      		<lb/><space unit="cm" quantity="0.3"/>couller l&#x2019;or.</item>
<lb/>
      	<label><ref target="http://www.bvh.univ-tours.fr:8080/xtf/view?docId=tei/B759999999_Y2_2164/B759999999_Y2_2164_tei.xml;query=Decretali- ctones;brand=default;hit.rank=1">Decretalictonez.</ref></label> <item>meurtriers des Decreta-

	<pb n="15" xml:id="B751131010_FR3370_suppl_0015"/>

	<lb rend="hyphen"/><hi rend="alinea">les. Cest une diction monstrueuse, compo-
	<lb rend="hyphen"/>see d&#x2019;un mot Latin, &amp; d&#x2019;un autre Grec.</hi></item>

      	<label><ref target="http://www.bvh.univ-tours.fr:8080/xtf/view?docId=tei/B759999999_Y2_2164/B759999999_Y2_2164_tei.xml;query=Corollaires;brand=default;hit.rank=1">Fol. 112. a. Corollaires.</ref></label><item>surcroistz. le parsus
      		<lb/><space unit="cm" quantity="0.3"/>ce que est adjonct.</item>
<lb/>
      	<label><ref target="http://www.bvh.univ-tours.fr:8080/xtf/view?docId=tei/B759999999_Y2_2164/B759999999_Y2_2164_tei.xml;query=Prome conde;brand=default;hit.rank=1">Fol. 113. b. Prome conde.</ref></label><item>despensier, celerier,
	<lb/><hi rend="alinea">guardian: qui serre &amp; distribue le bien du
	<lb/>seigneur.</hi></item>

      	<label><ref target="http://www.bvh.univ-tours.fr:8080/xtf/view?docId=tei/B759999999_Y2_2164/B759999999_Y2_2164_tei.xml;query=Terre sphragi- tide;brand=default;hit.rank=1">Fol. 114. a. Terre sphragitide.</ref></label><item>terra sigillata
      		<lb/><space unit="cm" quantity="0.3"/>est nommee des Apothecaires.</item>
<lb/>
      	<label><ref target="http://www.bvh.univ-tours.fr:8080/xtf/view?docId=tei/B759999999_Y2_2164/B759999999_Y2_2164_tei.xml;query=Ar- gentangine;brand=default;hit.rank=1">Fol. 118. Argentangine.</ref></label><item>esquinance d&#x2019;argent.
	<lb/><hi rend="alinea">Ainsi feut dict <name>Demosthenes</name> l&#x2019;avoir, quand
		<lb/>pour <choice><sic>me</sic><corr>ne</corr></choice> contredire a la requeste des am-
	<lb rend="hyphen"/>bassadeurs Milesiens, des quelz il avoit
	<lb/>repceu grande somme d&#x2019;argent, il se enve-
	<lb rend="hyphen"/>loppa le coul avecques gros drappeaulx
	<lb/>&amp; de l&#x2019;aine, pour se excuser, d&#x2019;opiner, com
			<lb rend="hyphen"/>me s&#x2019;il eust eu l&#x2019;esquinance. <name>Plutarche</name>,
		<lb/>&amp;  <name><choice><sic>. Gelli.</sic><corr>A. Gelli.</corr></choice></name></hi></item>

      	<label><ref target="http://www.bvh.univ-tours.fr:8080/xtf/view?docId=tei/B759999999_Y2_2164/B759999999_Y2_2164_tei.xml;query=Gaster;brand=default;hit.rank=1">Fol. 119. a. Gaster.</ref></label><item>ventre.</item>
<lb/>
      	<label><ref target="http://www.bvh.univ-tours.fr:8080/xtf/view?docId=tei/B759999999_Y2_2164/B759999999_Y2_2164_tei.xml;query=Druides;brand=default;hit.rank=1">Ibi. b. Druydes.</ref></label> <item>estoient les pontifes &amp; do-
	<lb rend="hyphen"/><hi rend="alinea">cteurs des anciens Françoys. des quelz
	<lb/>escript <name>Caesar</name> lib. 6. de bello Gallico. <name>Ci-
	<lb rend="hyphen"/>ceron</name> lib. p. de divinat. <name>Pline</name> lib. 16. &amp;c.</hi></item>

      	<label><ref target="http://www.bvh.univ-tours.fr:8080/xtf/view?docId=tei/B759999999_Y2_2164/B759999999_Y2_2164_tei.xml;query=Somates;brand=default;hit.rank=1">Fol. 120. Somates.</ref></label><item>corps. membres.</item>
<lb/>
      	<label><ref target="http://www.bvh.univ-tours.fr:8080/xtf/view?docId=tei/B759999999_Y2_2164/B759999999_Y2_2164_tei.xml;query=Engastrimythes;brand=default;hit.rank=1">Fol. 121. b. Engastrimythes.</ref></label><item>parlans du ventre.</item>
<lb/>
	<label><ref target="http://www.bvh.univ-tours.fr:8080/xtf/view?docId=tei/B759999999_Y2_2164/B759999999_Y2_2164_tei.xml;query=Gastrolatres;brand=default;hit.rank=1">Gastrolatres.</ref></label><item>adorateurs du ventre.</item>
<lb/>
      	<label><ref target="http://www.bvh.univ-tours.fr:8080/xtf/view?docId=tei/B759999999_Y2_2164/B759999999_Y2_2164_tei.xml;query=Sternomantes;brand=default;hit.rank=1"> Fol. 122. a. Sternomantes.</ref></label><item>divinans par la
      		<lb/><space unit="cm" quantity="0.3"/>poictrine.</item>
<lb/>
	<pb n="16" xml:id="B751131010_FR3370_suppl_0016"/>

      	<lb/><label><ref target="http://www.bvh.univ-tours.fr:8080/xtf/view?docId=tei/B759999999_Y2_2164/B759999999_Y2_2164_tei.xml;query=guaulle cisalpine;brand=default;hit.rank=1"><placeName>Gaulle Cisalpine</placeName>.</ref></label> <item>partie ancienne de <name>Gaule</name>
	<lb/><hi rend="alinea">entre le <geogName>mons Cenis</geogName> &amp; le <geogName>fleuve Rubicon</geogName>
		<lb/>pres <placeName type="ville">Rimano</placeName>, comprenente <placeName>Piedmont</placeName>,
	<lb/><placeName type="ville">Montferrat</placeName>, <placeName type="ville">Astisane</placeName>, <placeName type="ville">Vercelloys</placeName>, <placeName type="ville">Millan</placeName>,
	<lb/><placeName type="ville">Mantoue</placeName>, <placeName type="ville">Ferrare</placeName>, &amp;c.</hi></item>

      	<label><ref target="http://www.bvh.univ-tours.fr:8080/xtf/view?docId=tei/B759999999_Y2_2164/B759999999_Y2_2164_tei.xml;query=Dithyrambes;brand=default;hit.rank=1">Fol. 123. b. Dithyrambes,</ref></label> <item>Craepalocomes.
	<lb/><hi rend="alinea">Epaenons. chansons de yvroignes, en l&#x2019;hon-
	<lb rend="hyphen"/>neur de <name>Bachus</name>.</hi></item>

      	<label><ref target="http://www.bvh.univ-tours.fr:8080/xtf/view?docId=tei/B759999999_Y2_2164/B759999999_Y2_2164_tei.xml;query=Olives colymbades;brand=default;hit.rank=1">Fol. 124. a. Olives colymbades.</ref></label> <item>confictes.</item>
<lb/>
      	<label><ref target="http://www.bvh.univ-tours.fr:8080/xtf/view?docId=tei/B759999999_Y2_2164/B759999999_Y2_2164_tei.xml;query=Lasanon;brand=default;hit.rank=1">Fol. 127. b. Lasanon.</ref></label> <item>Ceste diction est la ex-
      		<lb rend="hyphen"/><space unit="cm" quantity="0.3"/>posee.</item>
<lb/>
      	<label><ref target="http://www.bvh.univ-tours.fr:8080/xtf/view?docId=tei/B759999999_Y2_2164/B759999999_Y2_2164_tei.xml;query=Triscaci-ste;brand=default;hit.rank=1">Fol. 130. a. Triscaciste.</ref></label> <item>troys foys tresmaul-
      		<lb rend="hyphen"/><space unit="cm" quantity="0.3"/>vaise.</item>
<lb/>
      	<label><ref target="http://www.bvh.univ-tours.fr:8080/xtf/view?docId=tei/B759999999_Y2_2164/B759999999_Y2_2164_tei.xml;query=force Titanique;brand=default;hit.rank=1">Force Titanicque.</ref></label> <item>des Geants.</item>
<lb/>
      	<label><ref target="http://www.bvh.univ-tours.fr:8080/xtf/view?docId=tei/B759999999_Y2_2164/B759999999_Y2_2164_tei.xml;query=Chaneph;brand=default;hit.rank=1">Fol. 132. b. <name>Chaneph</name>.</ref></label> <item>Hypocrisie. Hebr.</item>
<lb/>
      	<label><ref target="http://www.bvh.univ-tours.fr:8080/xtf/view?docId=tei/B759999999_Y2_2164/B759999999_Y2_2164_tei.xml;query=Sympathie;brand=default;hit.rank=1">Fol. 133. b. Sympathie.</ref></label> <item>compassion, consen-
      		<lb rend="hyphen"/><space unit="cm" quantity="0.3"/>tement, semblable affection.</item>
<lb/>
      	<label><ref target="http://www.bvh.univ-tours.fr:8080/xtf/view?docId=tei/B759999999_Y2_2164/B759999999_Y2_2164_tei.xml;query=Symptomates;brand=default;hit.rank=1">Fol. 134. a. Symptomates.</ref></label> <item>accidens surve-
	<lb rend="hyphen"/><hi rend="alinea">nens aux maladies: comme mal de cousté,
	<lb/>toux, difficulté de respirer, a Pleuresie.</hi></item>

      	<label><ref target="http://www.bvh.univ-tours.fr:8080/xtf/view?docId=tei/B759999999_Y2_2164/B759999999_Y2_2164_tei.xml;query=l%27Umbre decempe- dale;brand=default;hit.rank=1">Fol. 135. b. Umbre decempedale.</ref></label> <item>tombante
      		<lb/><space unit="cm" quantity="0.3"/>sus le dizieme poinct en un quadrant.</item>
<lb/>
	<label><ref target="http://www.bvh.univ-tours.fr:8080/xtf/view?docId=tei/B759999999_Y2_2164/B759999999_Y2_2164_tei.xml;query=Parasite;brand=default;hit.rank=1">Parasite.</ref></label> <item>bouffon, causeur, jangleur, cher-
		<lb rend="hyphen"/><space unit="cm" quantity="0.3"/>chant ses repües franches.</item>
<lb/>
      	<label><ref target="http://www.bvh.univ-tours.fr:8080/xtf/view?docId=tei/B759999999_Y2_2164/B759999999_Y2_2164_tei.xml;query=Ganabim;brand=default;hit.rank=1">Fol. 139. a. <name>Ganabim</name>.</ref></label> <item>larrons. Hebr.</item>
<lb/>
      	<label><ref target="http://www.bvh.univ-tours.fr:8080/xtf/view?docId=tei/B759999999_Y2_2164/B759999999_Y2_2164_tei.xml;query=Ponerople;brand=default;hit.rank=1">Ib. b. <name>Ponerople</name></ref></label> <item>. ville des meschants.</item>
<lb/>
      	<label><ref target="http://www.bvh.univ-tours.fr:8080/xtf/view?docId=tei/B759999999_Y2_2164/B759999999_Y2_2164_tei.xml;query=Am- brosie;brand=default;hit.rank=1">Fol. 141. b. Ambrosie.</ref></label> <item>viande des Dieux.</item>
<lb/>	<label><ref target="http://www.bvh.univ-tours.fr:8080/xtf/view?docId=tei/B759999999_Y2_2164/B759999999_Y2_2164_tei.xml;query=Stygiale;brand=default;hit.rank=1">Stygiale.</ref></label> <item>d&#x2019;enfer. dict du fleuve Styx. en-

	<pb n="17" xml:id="B751131010_FR3370_suppl_0017"/>

	<lb rend="hyphen"/><space unit="cm" quantity="0.3"/>tre les Poëtes.</item>
      	<lb/><label><ref target="http://www.bvh.univ-tours.fr:8080/xtf/view?docId=tei/B759999999_Y2_2164/B759999999_Y2_2164_tei.xml;query=Roma;brand=default;hit.rank=1">Fol. 142. a. <hi rend="italic">Da <placeName type="ville">Roma</placeName>, &amp;c</hi>.</ref></label> <item>Depuys <placeName type="ville">Rome</placeName> jus-
	<lb rend="hyphen"/><hi rend="alinea">ques icy je n&#x2019;ay esté a mes affaires. De
	<lb/>grace prens en main ceste fourche, &amp; me
	<lb/>fays paour.</hi></item>

      	<label><ref target="http://www.bvh.univ-tours.fr:8080/xtf/view?docId=tei/B759999999_Y2_2164/B759999999_Y2_2164_tei.xml;query=Se tu non fai;brand=default;hit.rank=1">Ibi. b. Si tu non fay, &amp;c.</ref></label><item>Si tu ne fays aultre-
	<lb rend="hyphen"/><hi rend="alinea">ment, tu ne fays rien. Pourtant efforce
	<lb/>toy de besoigner plus guaillardement.</hi></item>

      	<label><ref target="http://www.bvh.univ-tours.fr:8080/xtf/view?docId=tei/B759999999_Y2_2164/B759999999_Y2_2164_tei.xml;query=Camberiaci;brand=default;hit.rank=1">Datum <placeName type="ville">Camberiaci</placeName>.</ref></label> <item>donné a <placeName type="ville">Chambery</placeName>.</item>
<lb/>
      	<label><ref target="http://www.bvh.univ-tours.fr:8080/xtf/view?docId=tei/B759999999_Y2_2164/B759999999_Y2_2164_tei.xml;query=Io ti ringratio;brand=default;hit.rank=1"><hi rend="italic">Io ti ringratio</hi>, &amp;c.</ref></label> <item>Je te remercie beau sei-
	<lb rend="hyphen"/><hi rend="alinea">gneur. Ainsi faisant tu me as espargné le
	<lb/>coust d&#x2019;un clystere.</hi></item>

      	<label><ref target="http://www.bvh.univ-tours.fr:8080/xtf/view?docId=tei/B759999999_Y2_2164/B759999999_Y2_2164_tei.xml;query=bonases;brand=default;hit.rank=1">Fol. 143. a. Bonases.</ref></label> <item>animal de <placeName>Paeonie</placeName>, de la
	<lb/><hi rend="alinea">grandeur d&#x2019;un Taureau: mais plus trap-
	<lb rend="hyphen"/>pe. lequel chassé &amp; pressé fiante loing de
	<lb/>quatre pas &amp; plus. Par tel moyen se saul-
	<lb rend="hyphen"/>ve bruslant de son fiant le poil des Chiens
	<lb/>qui le prochassent.</hi></item>

      	<label><ref target="http://www.bvh.univ-tours.fr:8080/xtf/view?docId=tei/B759999999_Y2_2164/B759999999_Y2_2164_tei.xml;query=Lazanon;brand=default;hit.rank=1">Ibi. b. Lazanon.</ref></label> <item>Ceste diction est exposee
	<lb/><hi rend="alinea">fol. 127. b. Pital. terrine de scelle persee.
	<lb/>Tuscan. Dont sont dicts Pitalieri certains
	<lb/>officiers a <placeName type="ville">Rome</placeName>, qui escurent les scelles
	<lb/>persees des Reverendissimes cardinaulx
	<lb/>estans on conclave resserrez pour election
	<lb/>d&#x2019;un nouveau Pape.</hi></item>

      	<label><ref target="http://www.bvh.univ-tours.fr:8080/xtf/view?docId=tei/B759999999_Y2_2164/B759999999_Y2_2164_tei.xml;query=Par la vertus Dieu;brand=default;hit.rank=1">Fol. 144. Par la vertus <name>Dieu</name>.</ref></label> <item>Ce n&#x2019;est jure-
	<lb rend="hyphen"/><hi rend="alinea">ment: cest assertion: moyenante la ver-
	<lb rend="hyphen"/>tus de <name>Dieu</name>. Ainsi est il en plusieurs lieux</hi>

	<fw place="bot-right" type="sig">Z</fw>

	<pb n="18" xml:id="B751131010_FR3370_suppl_0018"/>
	<lb/>

      		<lb/><hi rend="alinea">de ce livre. Comme a <placeName type="ville">Tholose</placeName> preschoit
	<lb/>frere <name>Quambouis</name>. Par le sang <name>Dieu</name> nous
	<lb/>feusmes rachetez. Par la vertus <name>Dieu</name>
	<lb/>nous serons saulvez.</hi></item>

      	<label><ref target="http://www.bvh.univ-tours.fr:8080/xtf/view?docId=tei/B759999999_Y2_2164/B759999999_Y2_2164_tei.xml;query=Scybale;brand=default;hit.rank=1">Ibid. b. Scybale.</ref></label><item>estront endurcy.</item>
<lb/>
	<label><ref target="http://www.bvh.univ-tours.fr:8080/xtf/view?docId=tei/B759999999_Y2_2164/B759999999_Y2_2164_tei.xml;query=Spyrathe;brand=default;hit.rank=1">Spyrathe.</ref></label><item>crotte de Chevre, ou de Brebis.</item>
<lb/>
	<label><ref target="http://www.bvh.univ-tours.fr:8080/xtf/view?docId=tei/B759999999_Y2_2164/B759999999_Y2_2164_tei.xml;query=Sela;brand=default;hit.rank=1">Sela.</ref></label><item>certainement. Hebr.</item>
<lb/>      </list>
    </p>
  </div>
</body>
</text>
</TEI>