<?xml version="1.0" encoding="UTF-8"?>
<!--<!DOCTYPE TEI SYSTEM "http://www.bvh.univ-tours.fr:8080/xtf/dtd/renaissance.dtd">-->
<TEI xmlns="http://www.tei-c.org/ns/1.0" xml:id="XUVA_Gordon1564_R65_tei">
   <teiHeader>
      <fileDesc>
         <titleStmt>
            <title>
               Institution pour l'adolescence du roy très chrétien Charles neuvième de ce nom, Lyon, 1564
            </title>
            <respStmt>
               <name key="MLD">Marie-Luce Demonet</name>
               <resp>
                  <date>2013</date>Responsable BVH CESR, relecture</resp>
            </respStmt>
            <respStmt>
               <name key="xx">Retranscripro</name>
               <resp>
                  <date>2009</date>Transcription</resp>
            </respStmt>
            <respStmt>
               <name key="DA">Denise Ardesi</name>
               <resp>
                  <date>2012</date>Encodage</resp>
            </respStmt>
            <respStmt>
               <name key="LBe">Lauranne Bertrand</name>
               <resp>
                  <date>2013</date>Contrôle de l'encodage</resp>
            </respStmt>
         </titleStmt>
         <editionStmt>
            <edition n="1" xml:base="http://www.bvh.univ-tours.fr:8080/xtf/view?docId=tei/XUVA_Gordon1564_R65/XUVA_Gordon1564_R65_tei.xml;query=;brand=default">
               <date type="mise_en_ligne" when="2013-07-18" n="1">18/07/2013</date>
               <!--<date type="mise_a_jour" when="2013-11-28" n="1">28/11/2013</date>-->
               <date type="mise_a_jour" when="2014-03-19" n="1">19/03/2014</date>
            </edition>
            <respStmt>
               <name key="TU">Toshinori Uetani</name>
               <resp>Révision</resp>
            </respStmt>
         </editionStmt>
         <extent>41 ko</extent>
         <publicationStmt>

            <authority>Université François-Rabelais</authority>
            <address>
          <addrLine>3 rue des Tanneurs</addrLine>
          <addrLine>37041 TOURS Cedex 1 France</addrLine>
        </address>
            <authority>Centre National de la Recherche Scientifique (CNRS)</authority>
            <address>
          <addrLine>3 rue Michel-Ange</addrLine>
          <addrLine>75794 Paris France</addrLine>
        </address>
            <authority xml:base="http://www.cesr.univ-tours.fr">Centre d'Etudes Supérieures de la Renaissance (CESR)</authority>
            <address>
          <addrLine>59 rue Néricault-Destouches</addrLine>
          <addrLine>BP 11328</addrLine>
          <addrLine>37013 Tours Cedex France</addrLine>
        </address>
            <availability>
               <p>Creative Commons Attribution - Pas d’Utilisation Commerciale - Partage dans les Mêmes Conditions 3.0 France (CC BY-NC-SA 3.0 FR) <date when="2014">2014</date>
               </p>
            </availability>
         </publicationStmt>
         <sourceDesc>
            <msDesc>
               <msIdentifier xml:id="Gordon1564_R65">
                  <country>Etats-Unis</country>
                  <settlement>Charlottesville</settlement>
                  <institution>Université de Virginie</institution>
                  <repository>Bibliothèque de l'université de Virginie</repository>
                  <collection>Douglas H. Gordon Collection</collection>
                  <idno type="cote">Gordon1564_R65</idno>
               </msIdentifier>
               <msContents>
                  <p>
                     <biblStruct>
                        <monogr>
                           <author role="auteur">
                              <persName key="pers1">
                                 <surname>Ronsard</surname>
                                 <forename>Pierre de</forename>
                              </persName>
                           </author>
                           <title type="titre_long">
                              Institution pour l'adolescence du roy treschrestien Charles neufviesme de ce nom.
                           </title>
                           <title type="titre_court">
                              Institution pour l'adolescence du roy Charles neufviesme.
                           </title>


                           <imprint>
                              <!--<pubPlace role="impression" key="lieu1">Paris</pubPlace> en attendant d'être sûrs -->
                              <pubPlace role="vente" key="lieu2">Paris</pubPlace>
                              <respStmt>
                                 <resp>libraire</resp>
                                 <persName key="pers12">
                                    <surname>Buon</surname><forename>Gabriel</forename>
                                 </persName>
                              </respStmt>
                              <date when="1564">1564</date>
                              <note type="adresse_typographique">Au clos Bruneau à l'enseigne S. Claude</note>
                           </imprint>
                        </monogr>
                     </biblStruct>
                  </p>
               </msContents>
               <physDesc>
                 <objectDesc>
                     <supportDesc>
                        <collation>
                           <p>A<hi rend="sup">4</hi> B<hi rend="sup">2</hi></p>
                           <dimensions>
                              <dim type="format">4°</dim>
                              <dim unit="lignes" rend="small"></dim>
                           </dimensions>
                        </collation>
                     </supportDesc>
                  </objectDesc>
               </physDesc>
               <additional>
                  <adminInfo>
                     <recordHist>
                        <source>
                           <listBibl type="refbiblio" xml:base="#Index_refbiblio.xml">
                              <bibl xml:id="Gordon_1563_R66">
                                 <author>Ronsard (P. de)</author>,
                                 <title rend="it">Institution pour l'adolescence du roy treschrestien Charles neufviesme</title>,
                                 <pubPlace>Lyon</pubPlace>,
                                 <date>1563</date>
                              </bibl>
                              <bibl>
                                 <author>Barbier (J. P.)</author>,
           <title rend="it">Bibliographie des discours politiques de Ronsard</title>,
           <pubPlace>Genève</pubPlace>, <publisher>Droz</publisher>, <date>1984</date>,
           <biblScope unit="notice">n° 19</biblScope>, <biblScope unit="page">p. 44-45</biblScope>
                              </bibl>

                           </listBibl>
                        </source>
                     </recordHist>
                  </adminInfo>
                  <surrogates>
                     <bibl>
                        <ref target="http://iris.lib.virginia.edu/speccol/gordon/gordonimages/Gordon1564_R65/"/>
                        <relatedItem type="original">
                           <ref target="#Gordon1564_R65">Gordon Collection</ref>
                        </relatedItem>
                     </bibl>
                     <bibl>
                        <ref target="http://iris.lib.virginia.edu/speccol/gordon/gordonimages/Gordon1563_R66/"/>
                        <ref target="#Gordon_1563_R66">Gordon Collection (autre édition)</ref>
                     </bibl>
                  </surrogates>
               </additional>
            </msDesc>
         </sourceDesc>
      </fileDesc>
      <encodingDesc>
         <p>Les langues sont encodées selon la norme iso 639-3. Pour les dialectes qui n'ont pas encore
            de code iso, un code non standard est appliqué sur le modèle "oci-gascon".</p>
         <projectDesc>
            <p>BVH : programme Bibliothèques Virtuelles Humanistes</p>
         </projectDesc>
         <editorialDecl>
            <correction>
               <p></p>
            </correction>
            <hyphenation>
               <p>La division des mots en fin de ligne respecte l'original.</p>
            </hyphenation>
            <normalization>
               <p>Transcription dissimilée et désabregée dans des choice.</p>
            </normalization>
         </editorialDecl>
         <classDecl xml:base="#BVH_classDecl.xml">
            <taxonomy corresp="#corpus-BVH"/>
            <taxonomy corresp="#fac-simile_BVH"/>
            <taxonomy corresp="#texte_tei"/>
            <taxonomy corresp="#tei"/>
            <taxonomy corresp="#version"/>
         </classDecl>
      </encodingDesc>
      <profileDesc>
         <textClass>
            <keywords scheme="#Index_matiere.xml">
               <list>
                  <item corresp="matiere5">Littérature</item>
               </list>
            </keywords>
            <catRef scheme="corpus-BVH" target="#epistemon"/>
            <catRef scheme="version" target="#dissimile #desabrege #non_desabrege #non_dissimile"/>
            <catRef scheme="version" target="#v3"/>
         </textClass>
         <langUsage>
            <language ident="frm">Français</language>
          </langUsage>
      </profileDesc>
      <revisionDesc>
         <change when="2012">
            <name key="DA">Denise Ardesi</name> Création du fichier en TEI P5 pour encodage
         </change>
         <change when="2013-07-10">
            <name key="LBe">Lauranne Bertrand</name> Révision de l'encodage et du header
         </change>
         <change when="2013-07-12">
            <name key="TU">Toshinori Uetani</name> Révision du header
         </change>
         <change>
            <date type="publication" when="2013-07-18">18/07/2013</date>
            <name key="LBe">Lauranne Bertrand</name> Première publication
         </change>
      </revisionDesc>
   </teiHeader>

      <text xml:lang="frm" type="Institution" subtype="Vers">

        <pb n="1"/>
         <fw place="top-right" type="pageNum">[1]</fw>
         <front>
         <titlePage rend="center">
            <figure>
          <graphic url="XUVA_Gordon1564_R65.jpg" xml:base="http://iris.lib.virginia.edu/speccol/gordon/gordonimages/Gordon1564_R65/"/>
               <figDesc>Courtesy of Gordon Collection</figDesc>
        </figure>
       <docTitle>
          <titlePart type="main">
            <lb/><hi rend="larger"><choice><orig>INSTITVTION </orig><reg>INSTITUTION</reg></choice></hi>
            <lb/><hi rend="large">pour l&#x2019;Adolescence du Roy</hi>
            <lb/><hi rend="sc">TRESCHRESTIEN CHARLES</hi>
            <lb/><hi rend="small"><choice><orig>NEVFIESME</orig><reg>NEUFIESME</reg></choice> DE CE NOM.</hi>
          </titlePart>
          <titlePart rend="it" type="subtitle">
              <lb/>Par <name>P.de Ronsard</name> Vandomois.
           </titlePart>
       </docTitle>
       <docImprint>
            <lb/>A <pubPlace><placeName>PARIS</placeName>.</pubPlace>
            <lb/>Chez <publisher>Gabriel Buon</publisher>, au <placeName>clos Bruneau</placeName>,
            <lb/>à l&#x2019;enseigne S. Claude.
            <lb/><docDate>1564</docDate>.
            <lb/><choice><orig>Auec</orig><reg>Avec</reg></choice> <choice><orig>Priuilege</orig><reg>Privilege</reg></choice> du Roy.
      </docImprint>
   </titlePage>

 </front>





         <body>
         <div xml:id="n1">
            <pb n="2"/>
            <fw place="bot-right" type="pageNum">[1v] [page blanche]</fw>
            <pb n="3"/>
            <fw place="bot-right">2</fw>
            <head rend="center">
             <lb/><hi rend="large">Institution pour l&#x2019;Adolescence</hi>
             <lb/><choice><orig>DV</orig><reg>DU</reg></choice> ROY TRESCHRESTIEN
             <lb/><name>Charles neufiesme</name> de ce nom.
         </head>

        <lg>
         <l><hi rend="larger">S</hi>IRE, ce n&#x2019;est pas tout que d&#x2019;estre Roy</l>
         <l>de <placeName type="pays">France</placeName>,</l>
         <l>Il faut que la <choice><orig>uertu</orig><reg>vertu</reg></choice> honore <choice><orig>uostre</orig><reg>vostre</reg></choice> <choice><orig>enfãce</orig><reg>enfance</reg></choice>: </l>
         <l>Car un Roy sans <choice><orig>uertu</orig><reg>vertu</reg></choice> porte le sceptre</l>
         <l>en <choice><orig>uain</orig><reg>vain</reg></choice>,</l>
         <l>Et luy sert de fardeau qui luy charge la main:</l>
        </lg>
            <lg>
           <l rend="positif">Pource on dit que <name>Thetis</name> la femme de <name>Pelée</name>,</l>
         <l>Apres <choice><orig>auoir</orig><reg>avoir</reg></choice> la peau de son enfant brulée</l>
         <l>Pour le rendre immortel, le prist en son giron</l>
         <l>Et de nuit l&#x2019;emporta dans l&#x2019;Antre de <name>Chiron</name>: </l>
         <l><name>Chiron</name> noble Centaure, à fin de luy apprendre</l>
         <l>Les plus rares <choice><orig>uertus</orig><reg>vertus</reg></choice> dés sa <choice><orig>ieunesse</orig><reg>jeunesse</reg></choice> tendre,</l>
           <l>Et de science &amp; d&#x2019;art son <name>Achille</name> honorer.</l>
            </lg>
            <lg>
           <l>&#8222;<space unit="mm" quantity="2"/>Car l&#x2019;esprit d&#x2019;un grand Roy ne doit rien ignorer.</l>
           <l rend="positif">Il ne doit seulement <choice><orig>sçavoir</orig><reg>sçavoir</reg></choice> l&#x2019;art de la guerre,</l>
         <l>De garder les cités, on les ruer par terre, </l>
         <l>De piquer les chevaux, ou contre son harnois</l>
         <l><choice><orig>Receuoir</orig><reg>Recevoir</reg></choice> milles coups de lances aux tournois</l>
         <fw type="sig" place="bot-right">A ij </fw>
        <pb n="1" xml:id="XUVA_Gordon1564_R65_0001"/>

          <fw type="pageNum" place="top-left">[2v]</fw>
         <fw type="head" place="top-center">INSTITUTION</fw>

         <l>De <choice><orig>sçauoir</orig><reg>sçavoir</reg></choice> comme il faut dresser une Embuscade,</l>
         <l>Ou donner une Cargue, ou une Camisade,</l>
            <l>Se renger en bataille, &amp; soubs les estandards</l>
         <l>Mettre par artifice <choice><orig>enordre</orig><reg>en ordre</reg></choice> ses soldars.</l>
         </lg>
        <lg>
           <l rend="positif">Les Roys les plus brutaux telles choses n&#x2019;ignorent,</l>
         <l>Et par le sang <choice><orig>uerse</orig><reg>verse</reg></choice> leurs couronnes honnorent :</l>
         <l>Tout ainsi que Lyons, qui s&#x2019;estiment alors</l>
         <l>De tout les animaux estre <choice><orig>ueuz</orig><reg>veuz</reg></choice> les plus fors,</l>
         <l>Quand ils se sont repeus d&#x2019;un Cerf au <choice><orig>grãd</orig><reg>grand</reg></choice> corsage,</l>
           <l>Et ont remply les champs de meurtre &amp; de carnage</l>
        </lg>
            <lg>
         <l rend="positif">Mais les Princes Chrestiens n&#x2019;estiment leur <choice><orig>uertu</orig><reg>vertu</reg></choice></l>
         <l>Proceder ny de sang ny de glaine pointu :</l>
           <l>Ainsi par les beaux mestiers qui des Muses <choice><orig>procedēt</orig><reg>procedent</reg></choice>,</l>
         <l>Et qui de <choice><orig>grauité</orig><reg>gravité</reg></choice> tous les autres excedent :</l>
        </lg>
         <lg>
            <l rend="positif">Quand les Muses qui sont filles de <name><choice><orig>Iupiter</orig><reg>Jupiter</reg></choice></name></l>
         <l>(Dont les Roys sont issus) les Roys daignent hanter,</l>
         <l>Elles les font marcher en toute <choice><orig>reuerence</orig><reg>reverence</reg></choice> :</l>
         <l>Loing de leur majesté banissent l&#x2019;ignorance,</l>
            <l>Et tous remplis de grace &amp; de <choice><orig>diuinité</orig><reg>divinité</reg></choice>,</l>
         <l>Les font parmy le peuple ordonner equité.</l>
         </lg>
        <lg>
           <l rend="positif">Ils <choice><orig>deuiennent</orig><reg>deviennent</reg></choice> apris en la Mathematique,</l>
           <l>En l&#x2019;art de bien parler, en histoire, &amp; Musique,</l>
         <l>En Physiognomoe, à fin de mieux <choice><orig>sçavoir</orig><reg>sçavoir</reg></choice></l>
         <l>Iuger de leurs subiects seulement à les <choice><orig>uoir</orig><reg>voir</reg></choice>.</l>
        </lg>
            <lg>
            <l rend="positif">Telle science sceut le ieune <name>Prince Achille</name>, </l>
            <l>Puis <choice><orig>sçavant</orig><reg>savant</reg></choice> &amp; <choice><orig>uaillant</orig><reg>vaillant</reg></choice> il fit mourir Troille</l>
        <pb n="2" xml:id="XUVA_Gordon1564_R65_0002"/>

         <fw type="head" place="top-center">AV ROY.</fw>
         <fw type="pageNum" place="top-right">3</fw>

            <l>Sur le champ Phrygien &amp; fit montir encor</l>
         <l>Le magnanime orgueil du furieux <name>Hector</name>,</l>
         <l>Il tua Sarpedon, tua Pentasilee</l>

           <l>Et par luy la cité de <placeName type="ville">Troye</placeName> fut brulée.</l>
         </lg>


         <lg>
            <l rend="positif">Tel fut <choice><orig>iadis</orig><reg>jadis</reg></choice> <name>Thesée</name>, <name>Hercules</name>, &amp; <name>Iason</name>,</l>
         <l>Et tous les <choice><orig>uaillans</orig><reg>vaillans</reg></choice> preux de l&#x2019;antique saison.</l>
         <l >Tel <choice><orig>uous</orig><reg>vous</reg></choice> serés aussi, si la parque cruelle</l>
         <l>Ne tranche <choice><orig>auant</orig><reg>avant</reg></choice> le temps <choice><orig>uostre</orig><reg>vostre</reg></choice> trame <choice><orig>nouuelle</orig><reg>nouvelle</reg></choice>:</l>
         </lg>
         <lg>
            <l rend="positif">Car <name>Charles</name> <choice><orig>uostre</orig><reg>vostre</reg></choice> nom tant commun à nos Roys,</l>
         <l>Nom du Ciel <choice><orig>reuenu</orig><reg>revenu</reg></choice> en <placeName type="pays">France</placeName> par neuf fois</l>
         <l><choice><sic>Neuffois</sic><corr>Neuf fois</corr></choice> nombre parfait, comme cil qui assemble</l>
         <l>Pour sa perfection trois Triades ensemble,</l>
         <l>Monstre que <choice><orig>uous</orig><reg>vous</reg></choice> aurés l&#x2019;Empire &amp; le renom</l>
         <l>Des huict <name>Charles</name> passés dont <choice><orig>uous</orig><reg>vous</reg></choice> portés le nom</l>
         <l>Mais pour <choice><orig>uous</orig><reg>vous</reg></choice> faire tel, il faut de l&#x2019;artifice</l>
         <l>Et des <choice><orig>ieunesse</orig><reg>jeunesse</reg></choice> apprendre à combatre le <choice><orig>uice</orig><reg>vice</reg></choice>.</l>
         </lg>
         <lg>
            <l rend="positif">Il faut premierement apprendre à craindre <name>Dieu</name></l>
         <l>Dont <choice><orig>uous</orig><reg>vous</reg></choice> estes l&#x2019;ymage: et portés au milieu</l>
            <l>De <choice><orig>uostre</orig><reg>vostre</reg></choice> cueur son nom, &amp; sa saincte parolle,</l>
         <l>Comme le seul secours dont l&#x2019;homme se consolle.</l>
         </lg>
        <lg>
           <l rend="positif">Apres si <supplied resp="#Gordon_1563_R66">vous</supplied> <choice><orig>uoulés</orig><reg>voulés</reg></choice> en terre prosperer</l>
         <l>Il <choice><orig>uous</orig><reg>vous</reg></choice> faut <choice><orig>uostre</orig><reg>vostre</reg></choice> mere humblement honorer,</l>
           <l>La craindre &amp; la <choice><orig>seruir</orig><reg>servir</reg></choice>, qui seulement de mere</l>
           <l>Ne <choice><orig>uous</orig><reg>vous</reg></choice> sert pas icy: mais de garde &amp; de pere.</l>
        </lg>
         <lg>
         <l rend="positif">Apres il faut tenir la loy de <choice><orig>uos</orig><reg>vos</reg></choice> ayeux,</l>
         <l>Qui furent Roys en terre, et sont la hault aux cieux.</l>
          <fw type="sig" place="bot-right">A  iij</fw>
       <pb n="3" xml:id="XUVA_Gordon1564_R65_0003"/>

          <fw type="pageNum" place="top-left">[3v]</fw>
         <fw type="head" place="top-center">INSTITVTION</fw>

         <l>Et garder que le peuple imprime en sa <choice><orig>ceruelle</orig><reg>cervelle</reg></choice></l>
         <l>Le curieux discours d&#x2019;une secte <choice><orig>nouuelle</orig><reg>nouvelle</reg></choice>.</l></lg>
        <lg>
         <l rend="positif">Apres il faut apprendre à bien imaginer,</l>
         <l>Autrement la raison ne pourroit <choice><orig>gouuerner</orig><reg>gouverner</reg></choice>,</l>
         <l>Car tout le mal qui <choice><orig>uient</orig><reg>vient</reg></choice> à l&#x2019;homme prend naissance,</l>
         <l>Quand par sus la raison le Cuider a puissance:</l></lg>
         <lg>
            <l rend="positif">Tout ainsi que le corps s&#x2019;exerce en <choice><orig>trauaillant</orig><reg>travaillant</reg></choice>,</l>
         <l>Il faut que la raison s&#x2019;exerce en bataillant</l>
            <l>Contre la monstrueuse &amp; faulse fantasie,</l>
         <l>De peur que <choice><orig>uainement</orig><reg>vainement</reg></choice> l&#x2019;ame n&#x2019;en soit saisie.</l>
         <l>Car ce n&#x2019;est pas le tout de <choice><orig>sçavoir</orig><reg>sçavoir</reg></choice> la <choice><orig>uertu</orig><reg>vertu</reg></choice>, </l>
         <l>Il faut cognoistre aussi le <choice><orig>uice</orig><reg>vice</reg></choice> <choice><orig>reuestu</orig><reg>revestu</reg></choice></l>
         <l>D&#x2019;un habit <choice><orig>uertueux</orig><reg>vertueux</reg></choice>, qui d&#x2019;autant plus offence</l>
            <l>Qui se monstre honorable, &amp; a belle apparence.</l>
         </lg>
         <lg>
            <l rend="positif">De là <choice><orig>uous</orig><reg>vous</reg></choice> apprandrés à <choice><orig>uous</orig><reg>vous</reg></choice> cognoistre bien,</l>
         <l>Et en <choice><orig>uous</orig><reg>vous</reg></choice> cognoissant <choice><orig>uous</orig><reg>vous</reg></choice> ferés <choice><orig>touiours</orig><reg>toujours</reg></choice> bien:</l>
         <l>Le <choice><orig>uray</orig><reg>vray</reg></choice> commencement pour en <choice><orig>uertus</orig><reg>vertus</reg></choice> accroistre, </l>
         <l>C&#x2019;est (disoit <name>Apollon</name>) soymesme se cognoistre,</l>
         <l>Celuy qui se cognoist, est seul maistre de soy</l>
         <l>Et sans <choice><orig>auoir</orig><reg>avoir</reg></choice> Royaume, il est <choice><orig>urayment</orig><reg>vrayment</reg></choice> <choice><orig>vn</orig><reg>un</reg></choice> Roy.</l> </lg>
         <lg>
            <l rend="positif">Commencés <choice><orig>donq</orig><reg>donc</reg></choice> ainsi: puis si tost que par l&#x2019;age</l>
            <l>Vous serés homme fait de corps, &amp; de courage,</l>
         <l>Il faudra de <choice><orig>uous</orig><reg>vous</reg></choice> mesmes apprendre à commander,</l>
            <l>A ouyr <choice><orig>uos</orig><reg>vos</reg></choice> <choice><orig>subiects</orig><reg>subjects</reg></choice>, les <choice><orig>uoir</orig><reg>voir</reg></choice>, &amp; demander, </l>
            <l>Les cognoistre par <choice><orig>non</orig><reg>nom</reg></choice>, &amp; leur faire <choice><orig>Iustice</orig><reg>Justice</reg></choice>,</l>
            <l>Honorer la <choice><orig>uertu</orig><reg>vertu</reg></choice> &amp; corriger le <choice><orig>uice</orig><reg>vice</reg></choice>, </l>
         </lg>
       <pb n="4" xml:id="XUVA_Gordon1564_R65_0004"/>
            <fw type="pageNum" place="top-right">4</fw>
         <fw type="head" place="top-center">AV  ROY.</fw>
         <lg>
         <l rend="positif">Malheureux sont les Roys qui fondent leur apuy</l>
         <l>Sur l&#x2019;ayde d&#x2019;un commis, qui par les yeux d&#x2019;autruy</l>
         <l>Voyent l&#x2019;estat du peuple, &amp;  oyent par l&#x2019;oreille</l>
         <l>D&#x2019;un flateur mensonger qui leur conte <choice><orig>merueille</orig><reg>merveille</reg></choice>. </l>
         <l>Tel Roy ne regne pas, ou bien il regne en peur</l>
         <l>(D&#x2019;autant qu&#x2019;il ne sçait rien) d&#x2019;offencer un flateur.</l>
         </lg>
         <lg>
         <l rend="positif">Mais (Sire) ou <choice><orig>ie</orig><reg>je</reg></choice> me trompe en <choice><orig>uoyant</orig><reg>voyant</reg></choice> <choice><orig>uostre</orig><reg>vostre</reg></choice> grace</l>
         <l>Ou <choice><orig>uous</orig><reg>vous</reg></choice> tiendrés d&#x2019;un Roy la legitime place:</l>
            <l>Vous ferés <choice><orig>uostre</orig><reg>vostre</reg></choice> charge, &amp; comme un Prince doux</l>
            <l>Audience &amp; <choice><orig>faueur</orig><reg>faveur</reg></choice> <choice><orig>uous</orig><reg>vous</reg></choice> donnerés à tous.</l>
         </lg>
         <lg>
         <l rend="positif">Vostre Palais Royal cognoistrés en presence:</l>
         <l>Et ne commettrés poinct une petite offence:</l>
         <l>Si un Pilote faut, tant soit peu, sur la mer</l>
         <l>Il fera desoubs l&#x2019;eau la <choice><orig>nauire</orig><reg>navire</reg></choice> abismer.</l>
         <l>Aussi faillant un Roy tant soit peu: la <choice><orig>Prouince</orig><reg>Province</reg></choice></l>
         <l>Se perd, car <choice><orig>uolontiers</orig><reg>volontiers</reg></choice> le peuple suit son Prince.</l>
         </lg>
        <lg>
           <l rend="positif">Aussi pour estre Roy <choice><orig>uous</orig><reg>vous</reg></choice> ne <choice><orig>deués</orig><reg>devés</reg></choice> penser</l>
         <l>Vouloir comme un Tyran <choice><orig>uos</orig><reg>vos</reg></choice> <choice><orig>subiects</orig><reg>subjects</reg></choice> offencer,</l>
         <l>Car comme nostre corps, <choice><orig>uostre</orig><reg>vostre</reg></choice> corps est de boüe. </l>
        </lg>
        <lg>
           <l>&#8222;<space unit="mm" quantity="2"/>Des petis &amp; des grands la fortune se <choice><orig>ioüe</orig><reg>joüe</reg></choice>: </l>
           <l>Tous les regnes mondains se font &amp; se defont, </l>
           <l>Et au gré de fortune ils <choice><orig>uiennent</orig><reg>viennent</reg></choice> &amp; s&#x2019;en <choice><orig>uont</orig><reg>vont</reg></choice>, </l>
         <l>Et ne durent non plus qu&#x2019;une flame allumée</l>
           <l>Qui soudain est esprise &amp; soudain consumée: </l>
        </lg>
        <lg>
           <l rend="positif">Or Sire imitez Dieu lequel <choice><orig>uous</orig><reg>vous</reg></choice> a donné</l>
           <l>Le Sceptre, &amp; <choice><orig>uous</orig><reg>vous</reg></choice> a fait un grand Roy couronné, </l>
        <pb n="5" xml:id="XUVA_Gordon1564_R65_0005"/>

            <fw type="pageNum" place="top-left">[4v]</fw>
         <fw type="head" place="top-center">INSTITVTION</fw>

         <l>Faites misericorde à celuy qui supplie, </l>
         <l>Punissés l&#x2019;orguilleux qui s&#x2019;arme en sa follie, </l>
         <l>Ne poussés par <choice><orig>faueur</orig><reg>faveur</reg></choice> un homme en dignité, </l>
         <l>Mais choisissés celuy qui l&#x2019;a bien merité, </l>
         <l>Ne baillés pour argent ny estats ny offices, </l>
         <l>Ne donnés aux premiers les <choice><orig>uaccans</orig><reg>vaccans</reg></choice> benefices, </l>
         <l>Ne souffrés pres de <choice><orig>uous</orig><reg>vous</reg></choice> ne flateurs, ne <choice><orig>uanteurs</orig><reg>vanteurs</reg></choice>, </l>
         <l>Fuyés ces plaisant fols qui ne sont que menteurs, </l>
         <l>Et n&#x2019;endurés <choice><orig>iamais</orig><reg>jamais</reg></choice> que les langues legeres</l>
         <l>Mesdisent des Seigneurs des terres estrangeres. </l>
         </lg>
         <lg>
            <l rend="positif">Ne soyés point moqueur ny trop haut à la main: </l>
         <l>Vous <choice><orig>souvenant</orig><reg>souvenant</reg></choice> <choice><orig>touiours</orig><reg>toujours</reg></choice> que <choice><orig>uous</orig><reg>vous</reg></choice> estes humain.</l>
         <l>Ne pillés <choice><orig>uos</orig><reg>vos</reg></choice> <choice><orig>subiects</orig><reg>subjects</reg></choice> par rançons ny par tailles, </l>
         <l>Ne prenés sans raison ny guerres ny batailles, </l>
            <l>Gardés le <choice><orig>uostre</orig><reg>vostre</reg></choice> propre,  &amp; vos biens amassés</l>
         <l>Car pour <choice><orig>uiure</orig><reg>vivre</reg></choice> content <choice><orig>uous</orig><reg>vous</reg></choice> en <choice><orig>aués</orig><reg>avés</reg></choice> assés.</l>
         </lg>
         <lg>
            <l rend="positif">S&#x2019;il <choice><orig>uous</orig><reg>vous</reg></choice> plaist <choice><orig>uous</orig><reg>vous</reg></choice> garder sans archer de la garde, </l>
         <l>Il faut que d&#x2019;un bon oeil le peuple <choice><orig>uous</orig><reg>vous</reg></choice> regarde, </l>
         <l>Qu&#x2019;il <choice><orig>uous</orig><reg>vous</reg></choice> ayme sans creinte, ainsi les puissans Roys</l>
            <l>Ont gardé leur Empire, &amp; non par le harnois. </l>
         </lg>
        <lg>
           <l rend="positif">Comme le corps Royal ayés l&#x2019;ame Royalle, </l>
         <l>Tirés le peuple à <choice><orig>uous</orig><reg>vous</reg></choice> d&#x2019;une main liberalle, </l>
         <l>Et pensés que le mal le plus pernicieux</l>
           <l>C&#x2019;est un Prince sordide &amp; <choice><orig>auaricieux</orig><reg>avaricieux</reg></choice>.</l></lg>
        <lg>
           <l rend="positif">Ayés au tour de <choice><orig>uous</orig><reg>vous</reg></choice> des personnes notables,</l>
         <l>Et les oyés parler <choice><orig>uolontiers</orig><reg>volontiers</reg></choice> à <choice><orig>uos</orig><reg>vos</reg></choice> tables, </l>
         <fw type="catch" place="bot-right">Soyés</fw>
        <pb n="6" xml:id="XUVA_Gordon1564_R65_0006"/>

         <fw type="pageNum" place="top-right">5</fw>
        <fw type="head" place="top-center">AV ROY.</fw>
         <l>Soyés leur auditeur comme fut <choice><orig>uostre</orig><reg>vostre</reg></choice> ayeul</l>
         <l>Ce grand François qui <choice><orig>uit</orig><reg>vit</reg></choice> encores au cercueil:</l></lg>
        <lg>
           <l rend="positif">Soyés comme un bon Prince amoureux de la gloire, </l>
         <l>Et faittes que de <choice><orig>uous</orig><reg>vous</reg></choice> se remplisse une histoire</l>
         <l>Du temps <choice><orig>uictorieux</orig><reg>victorieux</reg></choice>, <choice><orig>uous</orig><reg>vous</reg></choice> faisant <choice><sic>immorte l</sic><corr>immortel</corr></choice></l>
         <l>Comme <name>Charles</name> le grand, ou bien <name>Charles Martel</name>.</l></lg>
         <lg>
            <l rend="positif">Ne souffrés que les grands blessent le populaire,</l>
         <l>Ne souffrés que le peuple au grand puisse desplaire, </l>
            <l><choice><orig>Gouuernés</orig><reg>Gouvernés</reg></choice> <choice><orig>uostre</orig><reg>vostre</reg></choice> argent par sagesse &amp; raison ;</l>
         <l>&#8222;<space unit="mm" quantity="2"/>Le Prince qui ne peut <choice><orig>gouuerner</orig><reg>gouverner</reg></choice> sa maison, </l>
            <l>&#8222;<space unit="mm" quantity="2"/>Sa femme, ses enfans, &amp; son bien domestique,</l>
         <l>&#8222;<space unit="mm" quantity="2"/>Ne sçauroit <choice><orig>gouuerner</orig><reg>gouverner</reg></choice> une grand republique. </l>
            <l rend="positif">Pensés long temps <choice><orig>deuant</orig><reg>devant</reg></choice> que faire aucuns Edicts,</l></lg>
         <lg>
         <l>Mais si tost qu&#x2019;ils seront <choice><orig>deuant</orig><reg>devant</reg></choice> le peuple mis</l>
         <l>Qu&#x2019;ils soient pour tout <choice><orig>iamais</orig><reg>jamais</reg></choice> d&#x2019;<choice><orig>inuincible</orig><reg>invincible</reg></choice> puissance,</l>
         <l>Car autrement <choice><orig>uos</orig><reg>vos</reg></choice> loix sentiroient leur enfance. </l></lg>
         <lg>
            <l rend="positif">Ne <choice><orig>uous</orig><reg>vous</reg></choice> monstrés <choice><orig>iamais</orig><reg>jamais</reg></choice> pompeusement <choice><orig>uestu</orig><reg>vestu</reg></choice>, </l>
            <l>&#8222;<space unit="mm" quantity="2"/>L&#x2019;habillement des Roys est la seule <choice><orig>uertu</orig><reg>vertu</reg></choice>, </l>
         <l>Que <choice><orig>uostre</orig><reg>vostre</reg></choice> corps reluise en <choice><orig>uertus</orig><reg>vertus</reg></choice> glorieuses, </l>
         <l>Et non pas <choice><orig>uos</orig><reg>vos</reg></choice> habits de perles precieuses. </l></lg>
         <lg>
            <l rend="positif">D&#x2019;amis plus que d&#x2019;argent monstrés <choice><orig>uous</orig><reg>vous</reg></choice> desireux, </l>
         <l>Les Princes sans amis sont <choice><orig>touiours</orig><reg>toujours</reg></choice> malheureux. </l></lg>
         <lg><l>Aymés les gens de bien ayant <choice><orig>touiours</orig><reg>toujours</reg></choice> <choice><orig>enuie</orig><reg>envie</reg></choice></l>
         <l>De ressembler à ceux qui sont de bonne <choice><orig>uie</orig><reg>vie</reg></choice>. </l>
            <l>Punissés les malins &amp; les seditieux: </l>
         <l>Ne soyés point chagrin, despit, ne furieux, </l>
         <fw type="sig" place="bot-right">B</fw>
        <pb n="7" xml:id="XUVA_Gordon1564_R65_0007"/>

         <fw type="pageNum" place="top-left">[5v]</fw>
         <fw type="head" place="top-center">INSTITVTION</fw>
           <l>Mais honeste &amp; gaillard, portant sur le <choice><orig>uisage</orig><reg>visage</reg></choice>, </l>
         <l>De <choice><orig>uostre</orig><reg>vostre</reg></choice> gentil&#x2019; ame un gentil tesmoignage.</l></lg>
         <lg>
            <l rend="positif">Or Sire pour autant que nul n&#x2019;a le <choice><orig>pouuoir</orig><reg>pouvoir</reg></choice></l>
         <l>De chastier les Roys qui font mal leur <choice><orig>deuoir</orig><reg>devoir</reg></choice>,</l>
         <l>Punissés <choice><orig>uous uous</orig><reg>vous vous</reg></choice> mesme, à fin que la <choice><orig>Iustice</orig><reg>Justice</reg></choice></l>
         <l>De Dieu qui est plus grand, <choice><orig>uos</orig><reg>vos</reg></choice> fautes ne punisse.</l></lg>
        <lg>
           <l rend="positif">Ie dy ce puissant Dieu dont l&#x2019;Empire est sans bout,</l>
         <l>Qui de son trosne assis en la terre <choice><orig>uoit</orig><reg>voit</reg></choice> tout, </l>
         <l>Et fait à un chacun ses <choice><orig>Iustices</orig><reg>Justices</reg></choice> égalles:</l></lg>
            <lg><l>Autant aux <choice><sic>laboureus</sic><corr><sic>laboureurs</sic></corr></choice> qu&#x2019;aux personnes Royalles:</l>
         <l>Lequel <choice><orig>ie</orig><reg>je</reg></choice> suppliray <choice><orig>uous</orig><reg>vous</reg></choice> tenir en sa loy. </l>
         <l>Et <choice><orig>uous</orig><reg>vous</reg></choice> aymer autant qu&#x2019;il fit <name><choice><orig>Dauid</orig><reg>David</reg></choice></name> son Roy.</l>
         <l>Et rendre comme à luy <choice><orig>uostre</orig><reg>vostre</reg></choice> Sceptre tranquille:</l>
         <l>Car sans l&#x2019;ayde de <name>Dieu</name> la force est inutile. </l></lg>
            <lb/>
         <trailer rend="center">FIN.</trailer>
        <pb n="8" xml:id="XUVA_Gordon1564_R65_0008"/>
         </div>
        </body>



    <back>
     <div type="privilege">
        <!-- Impossible à transcrire pour le moment... -->
     </div>
         <div type="colophon" xml:id="n2">
            <head rend="hidden">Colophon</head>
            <p>
       <fw type="pageNum" place="top-right">[6]</fw>
          <lb/>Ledict Ronsard a permis à Gabriel Buon, d&#x2019;imprimer
          <lb/>ou faire imprimer, l&#x2019;lnstitution pour l&#x2019;adolescence du Roy
         <lb/>treschrestien Charles neufiesme de ce nom, iusques au ter
            <lb/>me de six ans, finis &amp;accomplis, à commencer du jour que le-
         <lb/>dict liure sera <choice><orig>acheué</orig><reg>achevé</reg></choice> d&#x2019;imprimer.</p>
         </div>
    </back>


   </text>
</TEI>
