<?xml version="1.0" encoding="UTF-8"?>
<!--<!DOCTYPE TEI SYSTEM "http://10.105.50.55:8080/xtf/dtd/renaissance.dtd">-->
<TEI xmlns="http://www.tei-c.org/ns/1.0" xml:lang="fra" xml:id="XUVA_Gordon1563_R656b_tei">
  <teiHeader>
    <fileDesc>
      <titleStmt>
        <title> <hi rend="it">Elegie de P. de Ronsard Vandomois, sur les troubles d'Amboise</hi>, Paris, 1560 </title>
        <respStmt>
          <name key="MLD">Marie-Luce Demonet</name>
          <resp>
            <date>2011</date>Responsable BVH CESR, relecture</resp>
        </respStmt>
        <respStmt>
          <persName resp="transcription">Prestataire</persName>
          <resp>
            <date>2009</date>Transcription</resp>
        </respStmt>
        <respStmt>
          <name key="JF">Jorge Fins</name>
          <resp>
            <date>2011</date>Encodage</resp>
        </respStmt>
        <respStmt>
          <name key="xx2"/>
          <resp>
            <date>
            </date>Contrôle de l'encodage</resp>
        </respStmt>
      </titleStmt>
      <editionStmt>
        <edition n="1" xml:base="http://www.bvh.univ-tours.fr:8080/xtf/view?docId=tei/XUVA_Gordon1563_R656b/XUVA_Gordon1563_R656b_tei.xml;query=;brand=default">
          <date type="mise_en_ligne" when="2011-12-02" n="1">02/12/2011</date>
         <!--<date type="mise_a_jour" when="2013-11-28" n="1">28/11/2013</date>-->
          <date type="mise_a_jour" when="2014-03-19" n="1">19/03/2014</date>
        </edition>
        <respStmt>
          <name key="TU">Toshinori Uetani</name>
          <resp>Révision</resp>
        </respStmt>
      </editionStmt>
      <extent>32 Ko</extent>
      <publicationStmt>
        <authority>Université François-Rabelais</authority>
        <address>
	  <addrLine>3 rue des Tanneurs</addrLine>
	  <addrLine>37041 TOURS Cedex 1 France</addrLine>
	</address>
        <authority>Centre National de la Recherche Scientifique (CNRS)</authority>
        <address>
	  <addrLine>3 rue Michel-Ange</addrLine>
	  <addrLine>75794 Paris France</addrLine>
	</address>
        <authority xml:base="http://www.cesr.univ-tours.fr">Centre d'Etudes Supérieures de
          laRenaissance (CESR)</authority>
        <address>
	  <addrLine>59 rue Néricault-Destouches</addrLine>
	  <addrLine>BP 11328</addrLine>
	  <addrLine>37013 Tours Cedex France</addrLine>
	</address>
        <availability>
          <p>Creative Commons Attribution - Pas d’Utilisation Commerciale - Partage dans les Mêmes Conditions 3.0 France (CC BY-NC-SA 3.0 FR) <date when="2014">2014</date>
          </p>
        </availability>
      </publicationStmt>
      <sourceDesc>


        <msDesc>
          <msIdentifier xml:id="Gordon_1563_R656b">
            <country>Etats-Unis</country>
            <settlement>Charlottesville</settlement>
            <institution>Université de Virginie</institution>
            <repository n="XUVA_Gordon">Bibliothèque de l'université de Virginie</repository>
            <collection>Douglas H. Gordon Collection</collection>
            <idno type="cote">Gordon 1563_R656b</idno>
          </msIdentifier>
          <msContents><p><biblStruct>

            <monogr>
              <author role="auteur"><persName key="pers1"><surname>Ronsard</surname><forename>Pierre de</forename></persName></author>
              <title type="titre_long">Elegie de P. de Ronsard Vandomois, sur les troubles d'Amboise</title>
              <title type="titre_court">Elegie sur les troubles d'Amboise</title>
              <imprint>
                <pubPlace>Paris</pubPlace>
                <respStmt>
                  <resp>imprimeur</resp>
                <persName key="pers12"><surname>Buon</surname><forename>Gabriel</forename></persName></respStmt>
                <date>1563</date>
              </imprint>
            </monogr>

          </biblStruct></p></msContents>


          <physDesc>
            <objectDesc>
              <supportDesc>
                <collation>
                  <p>[1, 1 bl., 10] p. (sig. A<hi rend="sup">4</hi>-B<hi rend="sup">2</hi>)</p>
                  <dimensions>
                    <dim type="format">4°</dim>
                    <dim unit="lignes" rend="medium"/>
                  </dimensions>
                </collation>
              </supportDesc>
            </objectDesc>
            <bindingDesc>
              <binding>
                <p>Reliure en marocain bleu (XIX<hi rend="sup">e</hi> siècle ; signée)</p>
              </binding>
            </bindingDesc>
          </physDesc>
          <history>
            <provenance>Collection de <persName>Douglas Gordon</persName>
            </provenance>
          </history>
          <additional>
            <adminInfo>
              <recordHist>
                <source>
                  <listBibl type="refbiblio" xml:base="#Index_refbiblio.xml">
                    <bibl>
                      <author>Barbier (J. P.)</author>,
                      <title rend="it">Bibliographie des discours politiques de Ronsard</title>,
                      <pubPlace>Genève</pubPlace>, <publisher>Droz</publisher>, <date>1984</date>,
                      <biblScope unit="notice">n° 7</biblScope>, <biblScope unit="page">p. 21-22</biblScope>.
                    </bibl>
                  </listBibl>
                </source>
                <change>
                </change>
              </recordHist>
            </adminInfo>
            <surrogates>
              <bibl>
                <ref target="http://iris.lib.virginia.edu/speccol/gordon/gordonimages/Gordon1563_R656b/index3.html"/>
                <relatedItem type="original">
                  <ref target="#Gordon_1563_R656b">Gordon Collection</ref>
                </relatedItem>
              </bibl>
            </surrogates>
          </additional>
        </msDesc>
      </sourceDesc>
    </fileDesc>
    <encodingDesc>
      <p>Les langues sont encodées selon la norme iso 639-3. Pour les dialectes qui n'ont pas encore
        de code iso, un code non standard est appliqué sur le modèle "oci-gascon".</p>
      <projectDesc>
        <p>BVH : programme Bibliothèques Virtuelles Humanistes</p>
      </projectDesc>
      <editorialDecl>
        <correction>
          <p/>
        </correction>
        <hyphenation>
          <p>La division des mots en fin de ligne respecte l'original.</p>
        </hyphenation>
      </editorialDecl>
      <classDecl xml:base="#BVH_classDecl.xml">
        <taxonomy corresp="#corpus-BVH"/>
        <taxonomy corresp="#fac-simile_BVH"/>
        <taxonomy corresp="#texte_tei"/>
        <taxonomy corresp="#tei"/>
        <taxonomy corresp="version"/>
      </classDecl>
    </encodingDesc>
    <profileDesc>
      <textClass>
        <keywords scheme="#Index_matiere.xml">
          <list>
            <item corresp="matiere5">Littérature</item>
          </list>
        </keywords>
        <catRef scheme="corpus-BVH" target="#epistemon"/>
        <catRef scheme="version" target="#dissimile #desabrege"/>
        <catRef scheme="version" target="#v2"/>
      </textClass>
      <langUsage>
        <language ident="frm">Français</language>
      </langUsage>
    </profileDesc>
    <revisionDesc>
      <change>
        <date>28/03/11</date>
        <name corresp="JF">Jorge Fins</name> Création du fichier en TEI P5 pour encodage </change>
      <change>
        <date type="publication" when="2011-12-02">2 décembre 2011</date>
        <name corresp="JF">Jorge Fins</name> Première publication
        <name>Sébastien Busson</name> Mise en ligne
      </change>
    </revisionDesc>
  </teiHeader>
  <text xml:lang="frm" type="Elegie" subtype="Vers">
    <front>
      <pb n="1" xml:id="XUVA_Gordon1563_R656b_1"/>

      <fw place="top-left" type="pageNum">[1]</fw>
      <titlePage rend="center">
        <figure>
          <graphic url="XUVA_Gordon1563_R656b.jpg" xml:base="http://iris.lib.virginia.edu/speccol/gordon/gordonimages/Gordon1563_R656b/image/0012_title_r.jpg" height="5px"/>
          <figDesc>Courtesy of Gordon Collection</figDesc>
        </figure>
        <docTitle>
          <titlePart type="main"><lb/>ELEGIE
<lb/><hi rend="large">DE P. DE RONSARD</hi>
<lb/>Vandomois, sur les troubles

<lb/><hi rend="it">D&#x2019;AMBOISE, <date when="1560">I560</date>.</hi></titlePart>
          <titlePart type="subtitle"><lb/>A
<lb/><hi rend="it"><name>G. des Autels</name> Gentilhomme
            Charrolois.</hi></titlePart>
        </docTitle>
        <docImprint>
          <lb/>
          <lb/>
          <lb/>A <pubPlace>PARIS</pubPlace>,
<lb/><hi rend="it">Chez</hi>
  <publisher rend="it"><name>Gabriel Buon</name></publisher>, <hi rend="it">au <placeName type="rue">clos Bruneau</placeName>,
<lb/>à l&#x2019;enseigne <placeName type="enseigne"><name>S. Claude</name></placeName></hi>.
<lb/>
        </docImprint>
        <docDate when="1563">I563.</docDate>

<lb/>
        <imprimatur rend="it">Avec Privilege du Roy.</imprimatur>
      </titlePage>
    <pb n="2" xml:id="XUVA_Gordon1563_R656b_2"/>
    <fw place="top-left" type="pageNum">[1v]</fw>

<lb/>
    <pb n="3" xml:id="XUVA_Gordon1563_R656b_3"/>
    <fw place="top-right" type="pageNum">2</fw>
    </front>
    <body>
      <div type="elegie" n="1" xml:id="n1">
        <head rend="center"><lb/>ELEGIE
<lb/>A <name>G. des Autels</name> Gentilhom-
<lb rend="hyphen"/>ME CHARROLOIS.</head>
        <lg>
          <l><g ref=""/><name><hi rend="larger">D</hi>Es Autels</name>, que la Loy &amp; que la
            Re-
<lb rend="hyphen"/><space unit="mm" quantity="2"/>thorique,</l>
          <l>Et la Muse cherist comme son fils u-
<lb rend="hyphen"/><space unit="mm" quantity="2"/>nique:</l>
          <l>Je suis esmerveillé que les grands de
<lb/><space unit="mm" quantity="2"/>la
            Court</l>
          <l>(Veu le temps orageux qui par la <placeName type="pays">France</placeName> court)</l>
          <l>Ne s&#x2019;arment les costés d&#x2019;hommes qui ont puissance</l>
          <l>Comme toy de plaider leurs causes en la <placeName type="pays">France</placeName>:</l>
          <l>Et revenger d&#x2019;un art par toy renouvellé,</l>
          <l>Le sceptre que le peuple a par terre foulé.</l>
          <l>C&#x2019;est doncques aujourdhuy que les Roys &amp; les Princes</l>
          <l>Ont besoin de garder par armes leurs provinces,</l>
          <l>Et contre leurs sujets opposer le harnois,</l>
          <l>Usant &amp; de la force &amp; de la douce voix,</l>
          <l>Qui pourra dextrement de la tourbe mutine</l>
          <l>Appaiser le courage &amp; flatter la poictrine:</l>
          <l>Car il faut desormais deffendre nos maisons</l>
          <fw place="bot-right" type="sig">A ij</fw>
          <pb n="4" xml:id="XUVA_Gordon1563_R656b_4"/>
          <fw place="top-center" type="head">ELEGIE.</fw>
          <fw place="top-left" type="pageNum">[2v]</fw>
          <l>Et par le fer trenchant &amp; par vives raisons,</l>
          <l>Et courageusement nos ennemys abbatre</l>
          <l>Par les mesmes bastons dont ils nous veullent battre.</l>
        </lg>
     <lb/>
        <lg>
          <l rend="positif">Ainsi que l&#x2019;ennemy par livres a seduit</l>
          <l>Le peuple devoyé qui faucement le suit,</l>
          <l>Il faut en disputant par livres le confondre,</l>
          <l>Par armes l&#x2019;assaillir, par armes luy respondre,</l>
          <l>Sans monstrer au besoing nos courages faillis,</l>
          <l>Mais plus fort resister plus serons assaillis.</l>
        </lg>
     <lb/>
        <lg>
          <l rend="positif">Si ne voy-je pourtant personne qui se pousse,</l>
          <l>Sur le haut de la bresche &amp; l&#x2019;ennemy repousse,</l>
          <l>Qui brave nous assaut, &amp; personne ne prend</l>
          <l>La picque, &amp; le rempart brusquement ne deffend:</l>
          <l>Les peuples ont recours à la bonté celeste.</l>
          <l>Et par priere à Dieu recommandent le reste,</l>
          <l>Et sans joüer des mains demeurent ocieux:</l>
          <l>Ce pendant les mutins se font victorieux.</l>
        </lg>
     <lb/>
        <lg>
          <l rend="positif">Durant la guerre à <placeName type="ville">Troye</placeName>, à l&#x2019;heure que la
              <placeName type="pays">Grece</placeName></l>
          <l>Pressoit contre les murs la Troyenne jeunesse,</l>
          <l>Et que le grand <name>Achille</name> empeschoit les ruisseaux</l>
          <l>De porter à <name>Thetis</name> le tribut de leurs eaux:</l>
          <l>Ceux qui estoient dedans la muraille assiegée,</l>
          <l>Ceux qui estoient dehors dans le port de <placeName type="ville">Sigée</placeName>,</l>
          <l>Failloient egallement: mon <name>Desautels</name>, ainsi,</l>
          <l>Nos ennemis font faute &amp; nous faillons aussi.</l>
          <l>Ils faillent de vouloir renverser nostre Empire,</l>
          <l>Et de vouloir par force aux Princes contredire</l>
          <pb n="5" xml:id="XUVA_Gordon1563_R656b_5"/>
          <fw place="top-center" type="head">ELEGIE.</fw>
          <fw place="top-right" type="pageNum">3</fw>
          <l>Et de presumer trop de leur sens orgueilleux,</l>
          <l>Et par songes nouveaux forcer la loy des vieux</l>
          <l>Ils faillent de laisser le chemin de leurs peres</l>
          <l>Pour ensuyvir le train des sectes estrangeres,</l>
          <l>Ils faillent de semer libelles &amp; placars,</l>
          <l>Plains de derisions, d&#x2019;envie &amp; de brocars,</l>
          <l>(Diffamans les plus grands de nostre court Royalle,)</l>
          <l>Qui ne servent de rien qu&#x2019;a nourrir un scandale:</l>
          <l>Ils faillent de penser que tous soient aveuglés,</l>
          <l>Que seuls ils ont des yeux, que seuls ils sont reiglés,</l>
          <l>Et que nous forvoyés ensuyvons la doctrine</l>
          <l>Humaine &amp; corrompue, &amp; non pas la divine:</l>
          <l>Ils faillent de penser qu&#x2019;a <name>Luther</name> seulement</l>
          <l>Dieu se soit apparu, &amp; generalement</l>
          <l>Que depuis neuf cens ans l&#x2019;Eglise est depravée,</l>
          <l>Du vin d&#x2019;Ypocrisie à longs traicts abreuvée:</l>
          <l>Et que le seul escrit d&#x2019;un <name>Bucere</name> vaut mieux,</l>
          <l>D&#x2019;un <name>Zvingle</name>, d&#x2019;un <name>Calvin</name> (hommes sedicieux)</l>
          <l>Que l&#x2019;accord de l&#x2019;Eglise, &amp; les statuts de mille</l>
          <l>Docteurs poussés de Dieu, convoqués au concile:</l>
        </lg>
     <lb/>
        <lg>
          <l rend="positif">Que faudroit il de Dieu desormais esperer!</l>
          <l>Si luy doux &amp; clement avoit souffert errer</l>
          <l>Si long temps son Eglise? est il autheur de faute?</l>
          <l>Quel gaing en reviendroit à sa majesté haute?</l>
          <l>Quel honneur, quel profit? de s&#x2019;estre tant celé,</l>
          <l>Pour s&#x2019;estre à un <name>Luther</name> seulement revelé?</l>
        </lg>
     <lb/>
        <lg>
          <l rend="positif">Or nous faillons aussi, car depuis S. <name>Gregoire</name></l>
          <fw place="bot-right" type="sig">A iij</fw>
          <pb n="6" xml:id="XUVA_Gordon1563_R656b_6"/>
          <fw place="top-center" type="head">ELEGIE.</fw>
          <fw place="top-left" type="pageNum">[3v]</fw>
          <l>Nul Pape (dont le nom soit escrit en histoire)</l>
          <l>En chaire ne prescha, &amp; faillons d&#x2019;autre part</l>
          <l>Que le bien de l&#x2019;Eglise aux enfans se depart:</l>
          <l>Il ne faut s&#x2019;estonner, Chrestiens, si la nacelle</l>
          <l>Du bon Pasteur Sainct <name>Pierre</name> en ce monde chancelle,</l>
          <l>Puis que les ignorans, les enfans de quinze ans,</l>
          <l>Je ne sçay quels muguets, je ne sçay quels plaisans</l>
          <l>Tiennent le gouvernail, puis que les benefices</l>
          <l>Se vendent par argent, ainsi que les offices.</l>
        </lg>
     <lb/>
        <lg>
          <l rend="positif">Mais que diroit Sainct <name>Paul</name> s&#x2019;il revenoit icy</l>
          <l>De nos jeunes Prelats, qui n&#x2019;ont point de soucy</l>
          <l>De leur pauvre tropeau, dont ils prennent la laine,</l>
          <l>Et quelquefois le cuir: qui tous vivent sans peine,</l>
          <l>Sans prescher, sans prier, sans bon exemple d&#x2019;eux.</l>
          <l>Parfumés, decoupés courtizans, amoureux,</l>
          <l>Veneurs, &amp; fauconniers, &amp; avecque la paillarde</l>
          <l>Perdent les biens de Dieu, dont ils n&#x2019;ont que la garde.</l>
        </lg>
     <lb/>
        <lg>
          <l rend="positif">Que diroit il de voir l&#x2019;Eglise à <name>Jesuchrist</name>,</l>
          <l>Qui fut jadis fondée en humblesse d&#x2019;esprit,</l>
          <l>En toute patience, en toute obeissance</l>
          <l>Sans argent, sans credit, sans force, ny puissance,</l>
          <l>Pauvre, nue, exilée, ayant jusques aux os</l>
          <l>Les verges &amp; les foets imprimés sur le dos,</l>
          <l>Et la voir aujourd&#x2019;huy riche, grace &amp; hautaine,</l>
          <l>Toute pleine d&#x2019;escus, de rentes, &amp; dommaine</l>
          <l>Ses Ministres enflés, &amp; ses <choice><sic>Pape</sic><corr>Papes</corr></choice> encor</l>
          <l>Pompeusement vestus de soye &amp; de drap d&#x2019;or?</l>
          <pb n="7" xml:id="XUVA_Gordon1563_R656b_7"/>
          <fw place="top-center" type="head">ELEGIE.</fw>
          <fw place="top-right" type="pageNum">4</fw>
          <l>Ils se repentiroit d&#x2019;avoir souffert pour elle</l>
          <l>Tant de coups de baston, tant de peine cruelle,</l>
          <l>Tant de banissemens, &amp; voyant tel mechef</l>
          <l>Priroit qu&#x2019;un traist de feu luy accablast le chef.</l>
        </lg>
     <lb/>
        <lg>
          <l rend="positif">Il faut donc corriger de nostre saincte Eglise</l>
          <l>Cent mille abus commis par l&#x2019;avare prestrise,</l>
          <l>De peur que le courroux du Seigneur tout puissant</l>
          <l>N&#x2019;aille avecques le feu nos fautes punissant.</l>
        </lg>
        <lb/>
        <lg>
          <l rend="positif">Quelle fureur nouvelle a corrompu nostre aise?</l>
          <l>Las! des Lutheriens la cause est tresmauvaise</l>
          <l>Et la deffendent bien: &amp; par malheur fatal</l>
          <l>La nostre est bonne &amp; saincte &amp; la deffendons mal.</l>
        </lg>
        <lb/>
        <lg>
          <l rend="positif">O heureuse la gent que la mort fortunee</l>
          <l>Ha depuis neuf cens ans soubs la tombe emmenee!</l>
          <l>Heureux les peres vieux des bons siecles passés,</l>
          <l>Qui sont sans varier en leur foy trespassés,</l>
          <l>Ains que de tant d&#x2019;abus l&#x2019;Eglise fust malade:</l>
          <l>Qui n&#x2019;oüyrent jamais parler d&#x2019;<name>Oecolampade</name></l>
          <l>De <name>Zvingle</name>, de <name>Bucer</name>, de <name>Luther</name>, de
              <name>Calvin</name>:</l>
          <l>Mais sans rien innover au service divin,</l>
          <l>Ont vescu longuement, puis d&#x2019;une fin heureuse</l>
          <l>En <name>Jesus</name> ont rendu leur ame genereuse.</l>
        </lg>
     <lb/>
        <lg>
          <l rend="positif">Las! pauvre <placeName type="pays">France</placeName> helas! comme une Opinion</l>
          <l>Diverse a corrompu ta premiere union!</l>
          <l>Tes enfans qui devroyent te garder te travaillent,</l>
          <l>Et pour un poil de bouc entre eux mesmes bataillent</l>
          <l>Et comme reprouvés, d&#x2019;un courage meschant!</l>
          <l>Contre ton estomac tournent le fer tranchant!</l>
        </lg>
        <lb/>
        <pb n="8" xml:id="XUVA_Gordon1563_R656b_8"/>
        <fw place="top-center" type="head">ELEGIE.</fw>
        <fw place="top-left" type="pageNum">[4v]</fw>
        <lg>
          <l rend="positif">N&#x2019;avions nous pas assés engressé la campaigne</l>
          <l>De <placeName>Flandres</placeName>, de <placeName>Piedmont</placeName>, de
              <placeName type="ville">Naples</placeName>, &amp; d&#x2019;<placeName type="pays">Espaigne</placeName></l>
          <l>En nostre propre sang? sans tourner les cousteaux</l>
          <l>Contre toy nostre mere, &amp; tes propres boyaux?</l>
          <l>Afin que du grand Turc les peuples infidelles</l>
          <l>Rissent, en nous voyant sanglans de nos querelles?</l>
          <l>Et en lieu qu&#x2019;on les deust par armes surmonter,</l>
          <l>Nous vissent de nos mains nous mesmes nous domter?</l>
          <l>Ou par l&#x2019;ire de Dieu, ou par la destinée</l>
          <l>Qui te rend par les tiens, ô <placeName type="pays">France</placeName>, exterminée?</l>
        </lg>
     <lb/>
        <lg>
          <l rend="positif">Las! faut il ô destin, que le sceptre François</l>
          <l>Que le fier Allemant, l&#x2019;Espagnol, &amp; l&#x2019;Anglois</l>
          <l>N&#x2019;a sceu jamais froisser, tombe soubs la puissance</l>
          <l>Du peuple qui devroit luy rendre obeissance?</l>
          <l>Sceptre qui fut jadis tant craint de toutes pars.</l>
          <l>Qui jadis envoya outre mer ses soldars</l>
          <l>Gaigner la <placeName>Palestine</placeName>, &amp; toute
            l&#x2019;<placeName>Idumée</placeName>,</l>
          <l><placeName type="ville">Tyr</placeName>, <placeName type="ville">Sydon</placeName>,
              <placeName type="ville">Antioche</placeName>, &amp; la ville nommée</l>
          <l>Du Sainct nom, ou <name>Jesus</name> en la croix ataché,</l>
          <l>De son precieux sang lava nostre peché!</l>
          <l>Sceptre, qui fut jadis la terreur des Barbares,</l>
          <l>Des Turcs, des Mammelus, des Perses &amp; Tartares:</l>
          <l>Bref par tout l&#x2019;univers tans craint &amp; redouté,</l>
          <l>Faut il que par les siens luy mesme soit douté!</l>
          <l><placeName type="pays">France</placeName>, de ton malheur tu es cause en partie,</l>
          <l>Je t&#x2019;en ay par mes vers mille fois advertie,</l>
          <l>Tu es marastre aux tiens, &amp; mere aux estrangers,</l>
          <l>Qui se mocquent de toy quand tu es aux dangers,</l>
          <fw place="bot-right" type="catch">Car</fw>
          <pb n="9" xml:id="XUVA_Gordon1563_R656b_9"/>
          <fw place="top-center" type="head">ELEGIE.</fw>
          <fw place="top-right" type="pageNum">5</fw>
          <l>Car la plus grande part des estrangers obtiennent</l>
          <l>Les biens qui à tes fils justement appartiennent.</l>
        </lg>
     <lb/>
        <lg>
          <l rend="positif">Pour exemple te soit ce docte <name>Desautels</name>,</l>
          <l>Qui à ton los a faict des livres immortels,</l>
          <l>Qui pousuyvoit en court des long temps un affaire</l>
          <l>De bien peu de valleur, &amp; ne la pouvoit faire</l>
          <l>Sans ce bon Cardinal qui rompant le sejour</l>
          <l>Le renvoya content en l&#x2019;espace d&#x2019;un jour.</l>
          <l>Voila comme des tiens tu fais bien peu de conte,</l>
          <l>Dont tu devrois au front toute rougir de honte.</l>
        </lg>
     <lb/>
        <lg>
          <l rend="positif">Tu te mocques aussi des Prophetes que Dieu</l>
          <l>Choisit en tes enfans, &amp; les fait au meillieu</l>
          <l>De ton sein apparoistre, à fin de te predire</l>
          <l>Ton malheur advenir, mais tu n&#x2019;en fais que rire.</l>
        </lg>
        <lb/>
        <lg>
          <l rend="positif">Où soit que du grand Dieu l&#x2019;immense eternité</l>
          <l>Ait de <name>Nostradamus</name> l&#x2019;entousiame excité,</l>
          <l>Où soit que le Daimon bon ou mauvais l&#x2019;agite,</l>
          <l>Où soit que de nature il ait l&#x2019;ame subite,</l>
          <l>Et outre le mortel, s&#x2019;eslance jusqu&#x2019;aux cieux,</l>
          <l>Et de là nous redit des faicts prodigieux,</l>
        </lg>
     <lb/>
        <lg>
          <l rend="positif">Ou soit que son esprit sombre &amp; melancolique</l>
          <l>D&#x2019;humeurs grasses repeu, le rendent fantastique,</l>
          <l>Bref, il est ce qu&#x2019;il est, si est-ce toutesfois</l>
          <l>Que par les mots douteux de sa prophette voix,</l>
          <l>Comme un oracle antique, il a des mainte année</l>
          <l>Predit la plus grand part de nostre destinée.</l>
        </lg>
     <lb/>
        <lg>
          <l rend="positif">Je ne l&#x2019;eusse pas creu, si le ciel qui depart</l>
          <l>Bien &amp; mal aux humains, n&#x2019;eust esté de sa part:</l>
          <fw place="bot-right" type="sig">B</fw>
          <pb n="10" xml:id="XUVA_Gordon1563_R656b_10"/>
          <fw place="top-center" type="head">ELEGIE.</fw>
          <fw place="top-left" type="pageNum">[5v]</fw>
          <l>Certainement le ciel marry de la ruyne</l>
          <l>D&#x2019;un sceptre si gaillard en a monstré le signe:</l>
          <l>Depuis un an entier n&#x2019;a cessé de pleurer:</l>
          <l>On a veu la comette ardente demeurer</l>
          <l>Droict sur nostre pays: &amp; du ciel descendante</l>
          <l>Tomber à <placeName>Sainct Germain</placeName> une collonne ardente.</l>
          <l>Nostre Prince au meillieu de ses plaisirs est mort:</l>
          <l>Et son fils jeune d&#x2019;ans a soustenu l&#x2019;effort</l>
          <l>De ses propres subjects, &amp; la chambre honorée</l>
          <l>De son palays Royal ne luy fut asseurée:</l>
        </lg>
     <lb/>
        <lg>
          <l rend="positif">Doncques ny les haults faicts des Princes ses ayeux,</l>
          <l>Ny tant de temples saincts eslevés jusques aux cieux</l>
          <l>Par ses peres bastis, ny sa terre puissante</l>
          <l>Aux guerres furieuse, aux lettres fleurissante,</l>
          <l>Ny sa propre vertu, bonté &amp; pieté,</l>
          <l>Ny ses ans bien apris en toute honnesteté,</l>
          <l>Ny la devotion, la foy, ny la priere</l>
          <l>De sa femme pudicque, &amp; de sa chaste mere,</l>
          <l>N&#x2019;ont envers le destin tant de graces trouvé,</l>
          <l>Que malheur si nouveau ne luy soit arrivé:</l>
          <l>Et que l&#x2019;air infecté du terroy Saxonicque</l>
          <l>N&#x2019;ait empuenty l&#x2019;air de sa terre Gallicque.</l>
        </lg>
     <lb/>
        <lg>
          <l rend="positif">Que si des Guysiens le courage hautain</l>
          <l>N&#x2019;eust au besoing esté nostre rempart certain,</l>
          <l>Voire &amp; si tant soit peu leur ame genereuse</l>
          <l><choice><sic>Ce</sic><corr>Se</corr></choice> fust alors monstrée, ou tardive ou poureuse,</l>
          <l>C&#x2019;estoit fait que du sceptre, &amp; la contagion</l>
          <l>De <name>Luther</name> eust gasté nostre religion:</l>
          <pb n="11" xml:id="XUVA_Gordon1563_R656b_11"/>
          <fw place="top-center" type="head">ELEGIE.</fw>
          <fw place="top-right" type="pageNum">6</fw>
          <l>Mais <name>François</name> d&#x2019;une part, tout seul avecque les armes</l>
          <l>Opposa sa poictrine à si chaudes alarmes,</l>
          <l>Et <name>Charles</name> d&#x2019;autre part, avecque devotions</l>
          <l>Et sermons, s&#x2019;opposa à leur seditions,</l>
          <l>Et par sa prevoyance &amp; doctrine severe</l>
          <l>Par le peuple engarda de plus courir l&#x2019;ulcere.</l>
        </lg>
     <lb/>
        <lg>
          <l rend="positif">Ils ont maugré l&#x2019;envye, &amp; maugré le destin,</l>
          <l>Et l&#x2019;infidelle foy du vulgaire mutin,</l>
          <l>A l&#x2019;envy combatu la troupe sacrilege,</l>
          <l>Et la religion ont remise en son siege.</l>
        </lg>
     <lb/>
        <lg>
          <l rend="positif">O Seigneur tout puissant! pour loyer des biens faicts</l>
          <l>Que ces princes Lorreins au besoing nous ont faicts,</l>
          <l>Et si mes humbles voeus trouvent devant ta face</l>
          <l>Quelque peu de credit, je te supply de grace,</l>
          <l>Que ses deux Guysiens, qui pour l&#x2019;amour de toy</l>
          <l>Ont ramassé l&#x2019;honneur de nostre antique foy</l>
          <l>Fleurissent à jamais en faveur vers le Prince,</l>
          <l>Et que jamais le bec des peuples ne les pince.</l>
        </lg>
        <lb/>
        <lg>
          <l rend="positif">Donne que les enfans des enfans yssus d&#x2019;eux</l>
          <l>Soyent aussi bons Chrestiens, &amp; aussi genereux,</l>
          <l>Plus grands que nulle envye: &amp; qu&#x2019;en paix eternelle</l>
          <l>Ils puissent habiter leur maison paternelle.</l>
        </lg>
        <lb/>
        <lg>
          <l rend="positif">Ou si quelque desastre, ou le cruel malheur</l>
          <l>Les menace tous deux, jaloux de leur valeur,</l>
          <l>Tourne sur les mutins la menace &amp; l&#x2019;injure,</l>
          <l>Où sur l&#x2019;ignare chef du vulgaire parjure,</l>
          <l>Ny digne du Soleil, ny digne de tirer</l>
          <l>L&#x2019;air, qui nous faict la vie es poulmons respirer.</l>
        </lg>
<lb/>
        <trailer rend="center"><lb/>FIN.</trailer>
        <pb n="12" xml:id="XUVA_Gordon1563_R656b_12"/>
      </div>
    </body>
      <back>
        <div type="privilege" n="2" xml:id="n2">
        <fw place="top-left" type="pageNum">[6v]</fw>

<lb/>
        <head rend="center"><lb/>Extraict du privilege du Roy.</head>
        <p rend="small">
<lb/><g ref=""/><hi rend="larger">P</hi>AR privilege du Roy, donné à <placeName type="ville">S. Germain en Laye</placeName>, le <date when="1560-09-20">xx. jour de Septembre,
<lb/>l&#x2019;an mil cinq cens soixante</date>, il est enjoinct à <name>P. de Ronsard</name>, gentilhomme Vando-
<lb rend="hyphen"/>mois, de choisir &amp; commettre tel Imprimeur, docte &amp; diligent qu&#x2019;il verra &amp; co-
<lb rend="hyphen"/>gnoistra estre suffisant pour fidelement imprimer, ou faire imprimer les oeu-
<lb rend="hyphen"/>vres ja par luy mises en lumiere, &amp; autres qu&#x2019;il composera &amp; fera par cy apres. In-
<lb rend="hyphen"/>hibant (ledict Seigneur) à tous Imprimeurs, Libraires, Marchans &amp; autres quel-
<lb rend="hyphen"/>conques, qu&#x2019;ils n&#x2019;ayent à imprimer ou faire imprimer aucunes des oeuvres, qui
<lb/>par ledict <name>Ronsard</name> ont esté &amp; seront cy apres faictes &amp; composees, ny en expo-
<lb rend="hyphen"/>ser aucunes en vente, s&#x2019;elles n&#x2019;ont esté &amp; sont imprimees par ses permission, li-
<lb rend="hyphen"/>cence &amp; congé, ou de l&#x2019;Imprimeur par luy choisi &amp; commis à l&#x2019;impression d&#x2019;i-
<lb rend="hyphen"/>celles. Et ce sur peine de confiscation des livres ja imprimez, ou à imprimer, &amp;
<lb/>d&#x2019;amende arbitraire, tant envers le Roy qu&#x2019;envers ledict <name>Ronsard</name>, &amp; des interests
<lb/>&amp; dommages de l&#x2019;Imprimeur par luy choisi &amp; esleu, Le tout pour les causes &amp;
<lb/>raisons contenues &amp; amplement declarees audict privilege. Ainsi signé sur le re
			<lb rend="hyphen"/>ply, Par le Roy, Vous present <name>de Lomenie</name>, &amp; seelé à double queue du grand seau,
<lb/>de cire jaune.</p>
          <lb/>
        <p>
<lb/><space unit="cm" quantity="0.3"/>Ledict <name>Ronsard</name> a permis à <name>Gabriel Buon</name>, d&#x2019;imprimer
<lb/>ou faire imprimer, l&#x2019;Elegie faite durant les troubles d&#x2019;<placeName type="ville">Am-
<lb rend="hyphen"/>boise</placeName>, à <name>Guillaume Desautels</name> Gentilhomme Charrolois,
<lb/>jusques au terme de six ans, finis &amp; accomplis, à commen
			<lb rend="hyphen"/>cer du jour que le dict livre sera achevé d&#x2019;imprimer. </p>
      </div></back>

  </text>
</TEI>