<?xml version="1.0" encoding="UTF-8"?>
<!--<!DOCTYPE TEI SYSTEM "http://10.105.50.55:8080/xtf/dtd/renaissance.dtd">-->
<TEI xmlns="http://www.tei-c.org/ns/1.0" xml:lang="fra" xml:id="XUVA_Gordon1563_R65b_2_tei">
   <teiHeader>
      <fileDesc>
         <titleStmt>
            <title>
               <hi rend="it">Discours des Misères de ce temps</hi>. Suivi de la <hi rend="it">Continuation du Discours des Misères de ce temps</hi>, Lyon, 1563
    </title>
            <respStmt>
               <name xml:id="MLD">Marie-Luce Demonet</name>
               <resp>
                  <date>2009</date>Responsable BVH CESR, relecture</resp>
            </respStmt>
            <respStmt>
               <persName resp="transcription">Prestataire</persName>
               <resp><date>2008</date>Transcription</resp>
            </respStmt>
            <respStmt><name>Lydie Danjean</name><resp><date>2009</date>encodage</resp>
            </respStmt>
            <respStmt><name>Nicole Dufournaud</name><resp><date>2010</date>Contrôle de l'encodage</resp>
            </respStmt>
            <respStmt><name xml:id="JF">Jorge Fins</name><resp><date>2011</date>Révision de l'encodage</resp>
            </respStmt>
         </titleStmt>
         <editionStmt>
            <edition n="1" xml:base="http://www.bvh.univ-tours.fr:8080/xtf/view?docId=tei/XUVA_Gordon1563_R65b_2/XUVA_Gordon1563_R65b_2_tei.xml;query=;brand=default">
               <date type="mise_en_ligne" when="2010-07-20" n="1">20/07/2010</date>
             <!--<date type="mise_a_jour" when="2013-11-28" n="1">28/11/2013</date>-->
               <date type="mise_a_jour" when="2014-03-19" n="1">19/03/2014</date>
            </edition>
            <respStmt><name xml:id="TU">Toshinori Uetani</name><resp>Révision</resp>
            </respStmt>
         </editionStmt>
         <extent>60 Ko</extent>
         <publicationStmt>
            <authority>Université François-Rabelais</authority>
            <address>
               <addrLine>3 rue des Tanneurs</addrLine>
               <addrLine>37041 TOURS Cedex 1 France</addrLine>
            </address>
            <authority>Centre National de la Recherche Scientifique (CNRS)</authority>
            <address>
               <addrLine>3 rue Michel-Ange</addrLine>
               <addrLine>75794 Paris France</addrLine>
            </address>
            <authority xml:base="http://www.cesr.univ-tours.fr">Centre d'Etudes Supérieures de la
     Renaissance (CESR)</authority>
            <address>
               <addrLine>59 rue Néricault-Destouches</addrLine>
               <addrLine>BP 11328</addrLine>
               <addrLine>37013 Tours Cedex France</addrLine>
            </address>
            <availability>
               <p>Creative Commons Attribution - Pas d’Utilisation Commerciale - Partage dans les Mêmes Conditions 3.0 France (CC BY-NC-SA 3.0 FR)
       <date when="2014">2014</date>
               </p>
            </availability>
         </publicationStmt>
         <sourceDesc>


            <msDesc>
               <msIdentifier xml:id="Gordon_1563_R65b">
                  <country>Etats-Unis</country>
                  <settlement>Charlottesville</settlement>
                  <institution>Université de Virginie</institution>
                  <repository>Bibliothèque de l'université de Virginie</repository>
                  <collection>Douglas H. Gordon Collection</collection>
                  <idno type="cote">Gordon 1563_R65b</idno>
               </msIdentifier>
               <msContents>
                  <p>
                     <biblStruct>

                        <monogr>
                           <author role="auteur"><persName key="pers1"><surname>Ronsard</surname><forename>Pierre de</forename></persName></author>
                           <title type="titre_long">Discours des Miseres de ce temps. A la royne mere du Roy. Par P. de Ronsard Vandomois.</title>
                           <title type="titre_court">Discours des Miseres de ce temps</title>
                           <imprint>
                              <pubPlace>Lyon</pubPlace>
                              <respStmt>
                                 <resp>imprimeur-libraire</resp>
                                 <persName key="pers12">Sine nomine</persName>
                              </respStmt>
                              <date>1563</date>
                           </imprint>
                        </monogr>

                     </biblStruct>
                  </p>
               </msContents>
               <physDesc>
                  <objectDesc>
                     <supportDesc>
                        <collation>
                           <p>[1, 1 bl., 10, 4 bl.] (sig. a-b<hi rend="sup">4</hi>)</p>
                           <dimensions>
                              <dim type="format">8°</dim>
                              <dim unit="lignes" rend="medium"/>
                           </dimensions>
                        </collation>
                     </supportDesc>
                  </objectDesc>
               </physDesc>
               <additional>
                  <adminInfo>
                     <recordHist>
                        <source>
                           <listBibl type="refbiblio" xml:base="#refbibl.xml">
                              <bibl>
                                 <author>Barbier (J. P.)</author>,
           <title rend="it">Bibliographie des discours politiques de Ronsard</title>,
           <pubPlace>Genève</pubPlace>, <publisher>Droz</publisher>, <date>1984</date>, <biblScope unit="notice">n° 36</biblScope>,
           <biblScope unit="page">p. 81-82</biblScope>.
          </bibl>
                           </listBibl>
                        </source>
                        <change/>
                     </recordHist>
                  </adminInfo>
                  <surrogates>
                     <bibl>
                        <ref target="http://iris.lib.virginia.edu/speccol/gordon/gordonimages/Gordon1563_R65bno_1_2/source/0034_a2.html"/>
                        <relatedItem type="original">
                           <ref target="#Gordon_1563_R65b">Gordon Collection</ref>
                        </relatedItem>
                     </bibl>
                  </surrogates>
               </additional>
            </msDesc>
         </sourceDesc>
      </fileDesc>
      <encodingDesc>
         <projectDesc>
            <p>BVH : programme Bibliothèques Virtuelles Humanistes</p>
         </projectDesc>
         <editorialDecl>
            <correction>
               <p/>
            </correction>
            <hyphenation>
               <p>La division des mots en fin de ligne respecte l'original.
      Des $ marquent des tirets de fin de ligne manquants.
     </p>
            </hyphenation>
            <normalization>
               <p>Une pagination factice est ajoutée entre crochets.</p>
            </normalization>
         </editorialDecl>
         <classDecl xml:base="#BVH_classDecl.xml">
            <taxonomy corresp="#corpus-BVH"/>
            <taxonomy corresp="#fac-simile_BVH"/>
            <taxonomy corresp="#texte_tei"/>
            <taxonomy corresp="#tei"/>
            <taxonomy corresp="version"/>
         </classDecl>
      </encodingDesc>
      <profileDesc>
         <textClass>
            <keywords scheme="#Index_matiere.xml">
               <list>
                  <item corresp="matiere5">Littérature</item>
               </list>
            </keywords>
            <catRef scheme="corpus-BVH" target="#epistemon"/>
            <catRef scheme="version" target="#dissimile #non_dissimile #desabrege #non_desabrege"/>
            <catRef scheme="version" target="#v3"/>
         </textClass>
         <langUsage>
            <language ident="frm">Français</language>
         </langUsage>
      </profileDesc>
      <revisionDesc>
         <change>Création du fichier en TEI P5 pour encodage<date>12/11/09</date><name>Lydie Danjean</name>
         </change>
         <change><date>24-03-2010</date><name>Nicole Dufournaud</name>Contrôle de l'encodage
   </change>
         <change>Modifications après contrôle d'encodage<date>07/05/2010</date><name>Lydie Danjean</name>
         </change>
         <change when="2010-07-01" who="LB">Finalisation du fichier pour la publication</change>
         <change><date type="publication" when="2010-07-20">20 juillet 2010</date><name/>
         </change>
         <change><date type="révision" when="2011-07-11"> 11 juillet 2011</date><name corresp="#JF">Jorge Fins</name>
            Révision de l'encodage pour affichage sur XTF 3
   </change>
      </revisionDesc>
   </teiHeader>

   <text xml:lang="frm" type="Discours" subtype="Vers">
      <front>
         <pb n="1" xml:id="XUVA_Gordon1563_R65b_2_0001"/>
         <fw place="top-right" type="pageNum"/>
         <titlePage rend="center">
            <milestone unit="titlePage" n="1" xml:id="titlePage1"/>
            <figure>
               <graphic url="XUVA_Gordon1563_R65b_2.jpg"
                        xml:base="http://iris.lib.virginia.edu/speccol/gordon/gordonimages/Gordon1563_R65bno_1_2/source/0016_title.html"/>
               <figDesc>Courtesy of Gordon Collection</figDesc>
            </figure>
            <docTitle>
               <titlePart type="main">
                  <lb/><choice><orig>DISCOVRS</orig><reg>DISCOURS</reg></choice>
                  <lb/>
                  <hi rend="large">DES MISE-</hi>
                  <lb rend="hyphen"/>RES DE CE TEMPS.
      <lb/>
                  <lb/>A LA ROYNE MERE
      <lb/><choice><orig>DV</orig><reg>DU</reg></choice> ROY.
     </titlePart>
               <lb/>
               <titlePart type="subtitle">
                  <hi rend="it">Par <name>P. de Ronsard Vandomois.</name>
                  </hi>
               </titlePart>
            </docTitle>
            <lb/>
            <docImprint>
               <lb/>A <pubPlace>LYON</pubPlace>,
     <lb/>
               <lb/>
               <docDate when="1563">M. D. LXIII.</docDate>
            </docImprint>
         </titlePage>
      </front>
      <body>
         <div xml:id="n1">
            <pb n="2" xml:id="XUVA_Gordon1563_R65b_2_0002"/>
            <fw place="top-left" type="pageNum">[2] [page blanche]</fw>
            <milestone unit="book" n="1" xml:id="book1"/>
            <pb n="3" xml:id="XUVA_Gordon1563_R65b_2_0003"/>
            <fw place="top-left" type="pageNum">[3]</fw>
            <head rend="center">
               <lb/><choice><orig>DISCOVRS</orig><reg>DISCOURS</reg></choice>
               <lb/>A LA ROYNE.
     <lb/>
               <lb/>
               <hi rend="it">Par <name>P. De Ronsard.</name>
               </hi>
            </head>
            <lg>
               <l><hi rend="larger">S</hi>I depuis que le monde a pris com-
         <lb rend="hyphen"/><space quantity="0.2" unit="cm"/>mencement,</l>
               <l>Le vice d&#x2019;age en age eust pris, ac-
      <lb rend="hyphen"/>
                  <space quantity="0.2" unit="cm"/>croissement,</l>
               <l>Il y a <choice><orig>ia</orig><reg>ja</reg></choice> longtemps que l&#x2019;extreme
      <lb/>
                  <space quantity="0.2" unit="cm"/>malice</l>
               <l>Eust surmonté le monde, &amp; tout ne fut que vice.</l>
            </lg>
            <lg>
               <l rend="negatif">Mais puis que nous voyons les hommes en tous lieux</l>
               <l><choice><orig>Viure</orig><reg>Vivre</reg></choice>, l&#x2019;<choice><orig>vn</orig><reg>un</reg></choice> vertueux, et l&#x2019;autre vicieux,</l>
               <l>Il nous faut confesser que le vice difforme</l>
               <l>N&#x2019;est pas victorieux: mais suit la mesme forme</l>
               <l>Qu&#x2019;il <choice><orig>auoit</orig><reg>avoit</reg></choice> dés le <choice><orig>iour</orig><reg>jour</reg></choice> que l&#x2019;homme fut vestu</l>
               <l>(Ainsi que d&#x2019;<choice><orig>vn</orig><reg>un</reg></choice> habit) de vice &amp; de vertu.</l>
            </lg>
            <lg>
               <l rend="negatif">Ny mesme la vertu ne s&#x2019;est point augmentee,</l>
               <l>Si elle s&#x2019;augmentoit sa force fut montee</l>
               <l><choice><orig>Iusqu</orig><reg>Jusqu</reg></choice>&#x2019;au plus haut degré: &amp; tout seroit icy</l>
               <l>Vertueux &amp; parfaict, ce qui n&#x2019;est pas ainsi.</l>
            </lg>
            <fw place="bot-right" type="sig">a ij</fw>
            <pb n="4" xml:id="XUVA_Gordon1563_R65b_2_0004"/>
            <fw place="top-left" type="pageNum">[4]</fw>
            <fw place="top-center" type="head"><choice><orig>DISCOVRS</orig><reg>DISCOURS</reg></choice> DES MISERES</fw>
            <lg>
               <l rend="negatif">Or comme il plaist aux meurs, aux princes, &amp; à l&#x2019;age,</l>
               <l>Quelque fois la vertu abonde d&#x2019;<choice><orig>auantage</orig><reg>avantage</reg></choice>.</l>
               <l>Et quelque fois le vice, &amp; l&#x2019;<choice><orig>vn</orig><reg>un</reg></choice> en se haussant</l>
               <l>Va de son compaignon le credit rabaissant,</l>
               <l>Puis il est rabaissé: à fin que leur puissance</l>
               <l>Ne preigne dans ce monde <choice><orig>vne</orig><reg>une</reg></choice> entiere accroissance</l>
            </lg>
            <lg>
               <l rend="negatif">Ainsi plaist à Dieu de nous exerciter,</l>
               <l>Et entre bien &amp; mal laisse l&#x2019;homme habiter,</l>
               <l>Comme le marinier qui conduit son voyage</l>
               <l>Ores par le beau temps, &amp; ores par l&#x2019;orage.</l>
            </lg>
            <lg>
               <l rend="negatif">Vous (Royne) dont l&#x2019;esprit prend plaisir quelque fois</l>
               <l>De lire &amp; d&#x2019;escouter l&#x2019;histoire des Francois</l>
               <l>Vous <choice><orig>scaués</orig><reg>scavés</reg></choice> en voyant tant de fais memorables</l>
               <l>Que les siecles passés ne furent pas semblables.</l>
            </lg>
            <lg>
               <l rend="negatif"><choice><orig>Vn</orig><reg>Un</reg></choice> tel Roy fut cruel, l&#x2019;autre ne le fut pas,</l>
               <l>L&#x2019;ambition d&#x2019;<choice><orig>vn</orig><reg>un</reg></choice> tel causa mille debats.</l>
               <l><choice><orig>Vn</orig><reg>Un</reg></choice> tel fut ignorant, l&#x2019;autre prudent &amp; sage</l>
               <l>L&#x2019;autre n&#x2019;eut point de cueur, l&#x2019;autre trop de courage.</l>
               <l>Tels que furent les Roys, tels furent leurs <choice><orig>subiects</orig><reg>subjects</reg></choice>
               </l>
               <l>"Car les Roys sont <choice><orig>tousiours</orig><reg>tousjours</reg></choice> des peuples les <choice><orig>obiects</orig><reg>objects</reg></choice>.</l>
            </lg>
            <lg>
               <l rend="negatif">Il faut doncq&#x2019; des <choice><orig>ieunesse</orig><reg>jeunesse</reg></choice> instruire bien <choice><orig>vn</orig><reg>un</reg></choice> prince,</l>
               <l>Afin qu&#x2019;<choice><orig>auec</orig><reg>avec</reg></choice> prudence il tienne sa <choice><orig>prouince</orig><reg>province</reg></choice>.</l>
               <l>Il faut premierement qu&#x2019;il ait <choice><orig>deuant</orig><reg>devant</reg></choice> les yeux</l>
               <l>La crainte d&#x2019;<choice><orig>vn</orig><reg>un</reg></choice> seul Dieu: qu&#x2019;il soit <choice><orig>deuotieux</orig><reg>devotieux</reg></choice>
               </l>
               <l><choice><orig>Enuers</orig><reg>Envers</reg></choice> la sainte Eglise, &amp; que point il ne change</l>
               <pb n="5" xml:id="XUVA_Gordon1563_R65b_2_0005"/>
               <fw place="top-left" type="pageNum">[5]</fw>
               <fw place="top-center" type="head">DE CE TEMPS.</fw>
               <l>La foy de ses ayeuls pour en prendre <choice><orig>vne</orig><reg>une</reg></choice> estrange.</l>
               <l>Ainsi que nous voyons instruire nostre Roy</l>
               <l>Qui par vostre vertu n&#x2019;a point changé de loy.</l>
            </lg>
            <lg>
               <l rend="negatif">Las! Madame en ce temps que le cruel orage</l>
               <l>Menace les Francois d&#x2019;<choice><orig>vn</orig><reg>un</reg></choice> si piteux naufrage,</l>
               <l>Que la gresle &amp; la pluye, &amp; la fureur des cieux</l>
               <l>Ont irrité la mer de vens seditieux,</l>
               <l>Et que l&#x2019;astre <choice><orig>iumeau</orig><reg>jumeau</reg></choice> ne daigne plus reluyre.</l>
               <l>Prenés le <choice><orig>gouuernail</orig><reg>gouvernail</reg></choice> de ce <choice><orig>pauure</orig><reg>pauvre</reg></choice> <choice><orig>nauire</orig><reg>navire</reg></choice>,</l>
               <l>Et maugré la tempeste, &amp; le cruel effort</l>
               <l>De la mer, &amp; des vens, conduisés-le à bon port.</l>
            </lg>
            <lg>
               <l rend="negatif">Las! qui sera bien tost &amp; proye &amp; moquerie</l>
               <l>Des princes estrangers, s&#x2019;il ne vous plaist en bref</l>
               <l>Par vostre autorité appaiser ce mechef.</l>
            </lg>
            <lg>
               <l rend="negatif">Ha que diront là bas soubs les tombes poudreuses</l>
               <l>De tant de vaillans Roys les ames genereuses!</l>
               <l>Que dira<name> Pharamond</name>! <name>Clodion</name>, &amp; <name>Clouis</name>!</l>
               <l>Nos <name>Pepins</name>! nos <name>Martels</name>! nos <name>Charles</name>, nos <name>Loys</name>!</l>
               <l>Qui de leur propre sang versé parmy la guerre,</l>
               <l>Ont acquis à nos Roys <choice><orig>vne</orig><reg>une</reg></choice> si belle terre?</l>
            </lg>
            <lg>
               <l rend="negatif">Que diront tant de Ducs, &amp; tant d&#x2019;hommes guerriers</l>
               <l>Qui sont morts d&#x2019;<choice><orig>vne</orig><reg>une</reg></choice> playe au combat les premiers?</l>
               <l>Et pour <placeName type="pays">France</placeName> ont souffert tant de labeurs extremes</l>
               <l>La voyant <choice><orig>auiourd</orig><reg>aujourd</reg></choice>&#x2019;huy destruite par nous mesmes?</l>
            </lg>
            <lg>
               <l rend="negatif">Ils se repentiront d&#x2019;<choice><orig>auoir</orig><reg>avoir</reg></choice> tant <choice><orig>trauaillé</orig><reg>travaillé</reg></choice>
               </l>
               <fw place="bot-right" type="sig">a iij</fw>
               <pb n="6" xml:id="XUVA_Gordon1563_R65b_2_0006"/>
               <fw place="top-left" type="pageNum">[6]</fw>
               <fw place="top-center" type="head"><choice><orig>DISCOVRS</orig><reg>DISCOURS</reg></choice> DES MISERES</fw>
               <l>Querelé, combatu, guerroyé, bataillé</l>
               <l>Pour <choice><orig>vn</orig><reg>un</reg></choice> peuple mutin <choice><orig>diuisé</orig><reg>divisé</reg></choice> de courage</l>
               <l>Qui pert en se <choice><orig>iouant</orig><reg>jouant</reg></choice> <choice><orig>vn</orig><reg>un</reg></choice> si bel heritage:</l>
               <l>Heritage opulent, que toy peuple qui bois</l>
               <l>De l&#x2019;Angloise <geogName>Tamise</geogName>, &amp; toy more qui vois</l>
               <l>Tomber le chariot du soleil sur ta teste,</l>
               <l>Et toy race Gottique aux armes <choice><orig>tousiours</orig><reg>tousjours</reg></choice> preste</l>
               <l>Qui sens la froide bise en tes <choice><orig>cheueux</orig><reg>cheveux</reg></choice> venter</l>
               <l>Par armes n&#x2019;<choice><orig>auez</orig><reg>avez</reg></choice> sceu ny froisser ny domter.</l>
            </lg>
            <lg>
               <l rend="negatif">Car tout ainsi qu&#x2019;on voit <choice><orig>vne</orig><reg>une</reg></choice> dure coignee</l>
               <l>Moins reboucher son fer, plus est embesoignee</l>
               <l>A couper, à trancher, &amp; à fendre du bois,</l>
               <l>Ainsi par le <choice><orig>trauail</orig><reg>travail</reg></choice> s&#x2019;endurcist le Francois:</l>
               <l>Lequel n&#x2019;ayant <choice><orig>trouué</orig><reg>trouvé</reg></choice> qui par armes le domte</l>
               <l>De son propre cousteau soymesmes se surmonte.</l>
               <l>Ainsi le fier <name><choice><orig>Aiax</orig><reg>Ajax</reg></choice>
                  </name> fut de soy le veinqueur,</l>
               <l>De son propre cousteau se transperceant le cueur.</l>
               <l>Ainsi <placeName type="ville">Romme</placeName> <choice><orig>iadis</orig><reg>jadis</reg></choice> des choses la <choice><orig>merueille</orig><reg>merveille</reg></choice>,</l>
               <l>Qui depuis le <choice><orig>riuage</orig><reg>rivage</reg></choice> ou le Soleil s&#x2019;<choice><orig>eueille</orig><reg>eveille</reg></choice>,</l>
               <l><choice><orig>Iusques</orig><reg>Jusques</reg></choice> à l&#x2019;autre bord son empire estendit,</l>
               <l>Tournant le fer contre elle, à la fin se perdit.</l>
            </lg>
            <lg>
               <l rend="negatif">C&#x2019;est grand cas que nos yeux sont si plains d&#x2019;<choice><orig>vne</orig><reg>une</reg></choice> nue,</l>
               <l>Qu&#x2019;ils ne cognoissent pas nostre perte <choice><orig>auenue</orig><reg>avenue</reg></choice>,</l>
               <l>Bien que les estrangers qui n&#x2019;ont point d&#x2019;amitié</l>
               <l>A nostre nation, en ont mesme pitié</l>
               <pb n="7" xml:id="XUVA_Gordon1563_R65b_2_0007"/>
               <fw place="top-left" type="pageNum">[7]</fw>
               <fw place="top-center" type="head">DE CE TEMPS</fw>
               <l>Nous sommes accablés d&#x2019;ignorance si forte,</l>
               <l>Et liés d&#x2019;<choice><orig>vn</orig><reg>un</reg></choice> sommeil si paresseux, de sorte</l>
               <l>Que nostre esprit ne sent le malheur qui nous poingt,</l>
               <l>Et voyans nostre mal nous ne le voyons point.</l>
            </lg>
            <lg>
               <l rend="negatif">Des long temps les escrits des antiques prophettes,</l>
               <l>Les songes menacans, les hydeuses comettes,</l>
               <l>Nous <choice><orig>auoient</orig><reg>avoient</reg></choice> bien predit que l&#x2019;an soixante &amp; deux</l>
               <l>Rendroit de tous costés les Francois malheureux,</l>
               <l>Tués, assassinés: mais pour n&#x2019;estre pas sage,</l>
               <l>Nous n&#x2019;<choice><orig>auons</orig><reg>avons</reg></choice> <choice><orig>iamais</orig><reg>jamais</reg></choice> creu à si <choice><orig>diuins</orig><reg>divins</reg></choice> presages,</l>
               <l>Obstinés, <choice><orig>aueuglés</orig><reg>aveuglés</reg></choice>: ainsi le peuple Hebrieu</l>
               <l>N&#x2019;<choice><orig>adioutoit</orig><reg>adjoutoit</reg></choice> point de foy aux prophettes de Dieu:</l>
               <l>Lequel ayant pitié du Francois qui <choice><orig>foruoye</orig><reg>forvoye</reg></choice>,</l>
               <l>Comme pere benin du haut Ciel luy <choice><orig>enuoye</orig><reg>envoye</reg></choice></l>
               <l>Songes, &amp; visions, &amp; prophettes, afin<choice><sic>.</sic><corr> </corr></choice></l>
               <l>Qu&#x2019;il pleure, &amp; se repente, &amp; s&#x2019;amende à la fin.</l>
            </lg>
            <lg>
               <l rend="negatif">Le Ciel qui a pleuré tout le long de l&#x2019;annee</l>
               <l>Et <geogName>Seine</geogName> qui couroit d&#x2019;<choice><orig>vne</orig><reg>une</reg></choice> vague efrenee,</l>
               <l>Et bestail &amp; pasteurs largement <choice><orig>rauissoit</orig><reg>ravissoit</reg></choice>,</l>
               <l>De son malheur futur <placeName type="ville">Paris</placeName> <choice><orig>auertissoit</orig><reg>avertissoit</reg></choice>,</l>
               <l>Et sembloit que les eaux en leur rage profonde</l>
               <l>Voulussent <sic>r&#x2019;enoyer</sic> <choice><orig>vne</orig><reg>une</reg></choice> autrefois le monde.</l>
               <l>Celà nous predisoit que la terre, &amp; les cieux</l>
               <l>Menacoient nostre chef d&#x2019;<choice><orig>vn</orig><reg>un</reg></choice> mal prodigieux.</l>
            </lg>
            <lg>
               <l rend="negatif">O toy historien qui d&#x2019;ancre non menteuse</l>
               <l>Escrits de nostre temps l&#x2019;histoire monstrueuse,</l>
               <pb n="8" xml:id="XUVA_Gordon1563_R65b_2_0008"/>
               <fw place="top-left" type="pageNum">[8]</fw>
               <fw place="top-center" type="head"><choice><orig>DISCOVRS</orig><reg>DISCOURS</reg></choice> DES MISERES</fw>
               <l>Raconte à nos enfans tout ce malheur fatal,</l>
               <l>Afin qu&#x2019;en te lisant ils pleurent nostre mal,</l>
               <l>Et qu&#x2019;ils prennent exemple aux pechez de leurs peres,</l>
               <l>De peur de ne tomber en pareilles miseres.</l>
            </lg>
            <lg>
               <l rend="negatif">De quel front, de quel oeil, ô siecles inconstans!</l>
               <l>Pourront ils regarder l&#x2019;histoire de ce temps!</l>
               <l>En lisant que l&#x2019;honneur, &amp; le sceptre de <placeName type="pays">France</placeName>
               </l>
               <l>Qui depuis si long aage <choice><orig>auoit</orig><reg>avoit</reg></choice> pris accroissance,</l>
               <l>Par <choice><orig>vne</orig><reg>une</reg></choice> Opinion nourrice des combats,</l>
               <l>Comme <choice><orig>vne</orig><reg>une</reg></choice> grande roche, est bronché contre bas.</l>
            </lg>
            <lg>
               <l rend="negatif">On dit que <name><choice><orig>Iupiter</orig><reg>Jupiter</reg></choice>
                  </name> faché contre la race</l>
               <l>Des hommes qui vouloient par curieuse audace</l>
               <l><choice><orig>Enuoyer</orig><reg>Envoyer</reg></choice> leurs raisons <choice><orig>iusqu</orig><reg>jusqu</reg></choice>&#x2019;au Ciel, pour <choice><orig>scauoir</orig><reg>scavoir</reg></choice>
               </l>
               <l>Les hauts secrets <choice><orig>diuins</orig><reg>divins</reg></choice> que l&#x2019;homme ne doit voir,</l>
               <l><choice><orig>Vn</orig><reg>Un</reg></choice> <choice><orig>iour</orig><reg>jour</reg></choice> estant gaillard choisit pour son amye</l>
               <l>
                  <name>Dame Presomption</name>, la voyant endormie</l>
               <l>Au pié du mont Olympe, &amp; la baisant soudain</l>
               <l>Conceut l&#x2019;opinion peste du genre humain.</l>
               <l>Cuider en fut nourrice, &amp; fut mise à l&#x2019;escolle</l>
               <l>D&#x2019;orgueil, de fantasie, &amp; de <choice><orig>ieunesse</orig><reg>jeunesse</reg></choice> folle.</l>
            </lg>
            <lg>
               <l rend="negatif">Elle fut si enflee, &amp; si pleine d&#x2019;erreur</l>
               <l>Que mesmes à ses parens elle faisoit horreur.</l>
               <l>Elle <choice><orig>auoit</orig><reg>avoit</reg></choice> le regard d&#x2019;<choice><orig>vne</orig><reg>une</reg></choice> orgueilleuse beste.</l>
               <l>De vent &amp; de fumee estoit plaine sa teste.</l>
               <l>Son cueur estoit <choice><orig>couué</orig><reg>couvé</reg></choice> de <sic>veine</sic> affection,</l>
               <fw place="bot-right" type="catch">Et</fw>
               <pb n="9" xml:id="XUVA_Gordon1563_R65b_2_0009"/>
               <fw place="top-left" type="pageNum">[9]</fw>
               <fw place="top-center" type="head">DE CE TEMPS.</fw>
               <l>Et soubs <choice><orig>vn</orig><reg>un</reg></choice> <choice><orig>pauure</orig><reg>pauvre</reg></choice> habit cachoit l&#x2019;ambition.</l>
               <l>Son visage estoit beau comme d&#x2019;<choice><orig>vne</orig><reg>une</reg></choice> Sereine,</l>
               <l>D&#x2019;<choice><orig>vne</orig><reg>une</reg></choice> parolle douce <choice><orig>auoit</orig><reg>avoit</reg></choice> la bouche pleine.</l>
               <l>Legere elle portoit des aisles sur dos:</l>
               <l>Ses <choice><orig>iambes</orig><reg>jambes</reg></choice> &amp; ses pieds n&#x2019;estoient de chair ny <choice><sic>dos</sic><corr>d&#x2019;os</corr></choice></l>
               <l>Ils estoient faits de laine, &amp; de cotton bien tendre</l>
               <l>Afin qu&#x2019;a son marcher on ne la peut entendre.</l>
            </lg>
            <lg>
               <l rend="negatif">Elle se vint loger par estranges moyens</l>
               <l>Dedans le cabinet des Theologiens,</l>
               <l>De ces <choice><orig>nouueaux</orig><reg>nouveaux</reg></choice> Rabins, &amp; brouilla leurs coura-<hi rend="bottom">
                     <lb rend="hyphen"/>(ges</hi>
               </l>
               <l>Par la <choice><orig>diuersité</orig><reg>diversité</reg></choice> de cent <choice><orig>nouueaux</orig><reg>nouveaux</reg></choice> passages</l>
               <l>Afin de les punir d&#x2019;estre trop curieux</l>
               <l>Et d&#x2019;<choice><orig>auoir</orig><reg>avoir</reg></choice> <sic>eschellè</sic> comme Geants les cieux.</l>
            </lg>
            <lg>
               <l rend="negatif">Ce monstre que <choice><orig>i</orig><reg>j</reg></choice>&#x2019;ay dit met la <placeName type="pays">France</placeName> en campaigne,</l>
               <l>Mendiant le secours de
      <placeName><choice><orig>Sauoye</orig><reg>Savoye</reg></choice>
                  </placeName>, &amp;
      d&#x2019;<placeName type="pays">Espaigne</placeName>,</l>
               <l>Et de la nation qui prompte au Tabourin</l>
               <l>Boit le large <geogName>Danube</geogName>, &amp; les ondes du <geogName>Rhin</geogName>.</l>
            </lg>
            <lg>
               <l rend="negatif">Ce monstre arme le fils contre le propre pere,</l>
               <l>Et le frere (ô malheur) arme contre son frere.</l>
               <l>La soeur contre la soeur, &amp; les cousins germains,</l>
               <l>Au sang de leurs cousins veulent tremper leurs mains</l>
               <l>L&#x2019;oncle fuit son <choice><orig>nepueu</orig><reg>nepveu</reg></choice>, le <choice><orig>seruiteur</orig><reg>serviteur</reg></choice> son maistre,</l>
               <l>La femme ne veut plus son mary recognoistre.</l>
               <l>Les enfans sans raison disputent de la foy,</l>
               <l>Et tout à l&#x2019;abandon va sans ordre &amp; sans loy.</l>
            </lg>
            <fw place="bot-right" type="sig">b</fw>
            <pb n="10" xml:id="XUVA_Gordon1563_R65b_2_0010"/>
            <fw place="top-left" type="pageNum">[10]</fw>
            <fw place="top-center" type="head"><choice><orig>DISCOVRS</orig><reg>DISCOURS</reg></choice> DES MISERES</fw>
            <lg>
               <l rend="negatif">L&#x2019;artizan par ce monstre a laissé sa boutique,</l>
               <l>Le pasteur ses brebis, l&#x2019;<choice><orig>Aduocat</orig><reg>Advocat</reg></choice> sa pratique,</l>
               <l>Sa nef le marinier: sa foire le marchand,</l>
               <l>Et par luy le preudhomme est <choice><orig>deuenu</orig><reg>devenu</reg></choice> meschant.</l>
               <l>L&#x2019;escollier se desbauche, &amp; de sa faux tortue</l>
               <l>Le Laboureur faconne <choice><orig>vne</orig><reg>une</reg></choice> dague pointue,</l>
               <l><choice><orig>Vne</orig><reg>Une</reg></choice> pique guerriere il fait de son rateau,</l>
               <l>Et l&#x2019;acier de son coultre il change en <choice><orig>vn</orig><reg>un</reg></choice> couteau.</l>
               <l>Morte est l&#x2019;autorité: chacun vit à sa guise</l>
               <l>Au vice desreiglé la licence est permise,</l>
               <l>Le desir, l&#x2019;<choice><orig>auarice</orig><reg>avarice</reg></choice>, &amp; l&#x2019;erreur incensé</l>
               <l>Ont sans dessus-dessoubs le monde <choice><orig>renuersé</orig><reg>renversé</reg></choice>.</l>
            </lg>
            <lg>
               <l rend="negatif">On a fait des lieux sainctz <choice><orig>vne</orig><reg>une</reg></choice> horrible voirie,</l>
               <l><choice><orig>Vn</orig><reg>Un</reg></choice> assassinement, &amp; <choice><orig>vne</orig><reg>une</reg></choice> pillerie:</l>
               <l>Si bien que Dieu n&#x2019;est seur en sa propre maison,</l>
               <l>Au ciel est <choice><orig>reuollee</orig><reg>revollee</reg></choice>, &amp; <choice><orig>Iustice</orig><reg>Justice</reg></choice>, &amp; raison,</l>
               <l>Et en leur place helas! regne le brigandage,</l>
               <l>La force, les cousteaux, le sang &amp; le carnage.</l>
            </lg>
            <lg>
               <l rend="negatif">Tout va de pis en pis: les Cités qui <choice><orig>viuoient</orig><reg>vivoient</reg></choice>
               </l>
               <l>Tranquilles ont brisé la foy qu&#x2019;elles <choice><orig>deuoient</orig><reg>devoient</reg></choice>:</l>
               <l><name>Mars</name> <sic>enflè</sic> de faux zele &amp; de vaine apparence</l>
               <l>Ainsi qu&#x2019;<choice><orig>vne</orig><reg>une</reg></choice> furie agite nostre <placeName type="pays">France</placeName>:</l>
               <l>Qui farouche à son prince, opiniastre suit</l>
               <l>L&#x2019;erreur d&#x2019;<choice><orig>vn</orig><reg>un</reg></choice> estranger, qui folle la conduit.</l>
            </lg>
            <lg>
               <l rend="negatif">Tel voit on le Poulein dont la bouche trop forte</l>
               <pb n="11" xml:id="XUVA_Gordon1563_R65b_2_0011"/>
               <fw place="top-left" type="pageNum">[11]</fw>
               <fw place="top-center" type="head">DE CE TEMPS.</fw>
               <l>Par bois &amp; par rochers son escuyer emporte,</l>
               <l>Et maugré l&#x2019;esperon, la houssine, &amp; la main,</l>
               <l>Se gourme de sa bride, &amp; n&#x2019;obeist au frein:</l>
               <l>Ainsi la <placeName type="pays">France</placeName> court en armes <choice><orig>diuisee</orig><reg>divisee</reg></choice>,</l>
               <l>Depuis que la raison n&#x2019;est plus autorisee.</l>
            </lg>
            <lg>
               <l rend="negatif">Mais vous Royne tressage en voyant ce discord</l>
               <l><choice><orig>Pouuès</orig><reg>Pouvès</reg></choice>, en commandant, les mettre tous d&#x2019;accord:</l>
               <l>Imitant le pasteur qui voyant les armees</l>
               <l>De ses mouches à miel fierement animees</l>
               <l>Pour soustenir leurs Roys, au combat se ruer</l>
               <l>Se percer, se piquer, se <choice><orig>naurer</orig><reg>navrer</reg></choice>, se tuer,</l>
               <l>Et parmy les assauts forcenant pesle mesle</l>
               <l>Tomber mortes du Ciel aussi menu que gresle,</l>
               <l>Portant <choice><orig>vn</orig><reg>un</reg></choice> gentil cueur dedans <choice><orig>vn</orig><reg>un</reg></choice> petit corps:</l>
               <l>Il verse parmy l&#x2019;aer <choice><orig>vn</orig><reg>un</reg></choice> peu de poudre: &amp; lors</l>
               <l>Retenant des deux Camps la fureur à son aise,</l>
               <l>Pour <choice><orig>vn</orig><reg>un</reg></choice> peu de sablon <choice><sic>leur</sic><corr>leurs</corr></choice> querelles appaise.</l>
            </lg>
            <lg>
               <l rend="negatif">Ainsi presque pour rien la seulle dignité</l>
               <l>De vos enfans, de vous, de vostre autorité</l>
               <l>(Que pour vostre vertu chaque estat vous accor<hi rend="bottom">
                     <lb/>de)</hi>
               </l>
               <l>Pourra bien appaiser <choice><orig>vne</orig><reg>une</reg></choice> telle discorde.</l>
            </lg>
            <lb/>
            <lg>
               <l rend="negatif">O Dieu qui de la haut nous <choice><orig>enuoyas</orig><reg>envoyas</reg></choice> ton fils,</l>
               <l>Et la paix eternelle <choice><orig>auecque</orig><reg>avecque</reg></choice> nous tu fis,</l>
               <l>Donne (<choice><orig>ie</orig><reg>je</reg></choice> te supply) que cette Royne mere</l>
               <fw place="bot-right" type="sig">b ij</fw>
               <pb n="12" xml:id="XUVA_Gordon1563_R65b_2_0012"/>
               <fw place="top-left" type="pageNum">[12]</fw>
               <fw place="top-center" type="head"><choice><orig>DISCOVRS</orig><reg>DISCOURS</reg></choice> DES MISERES</fw>
               <l>Puisse de ces deux Camps appaiser la colere.</l>
               <l>Donne moy de rechef que son sceptre puissant</l>
               <l>Soit maugré le discord en armes fleurissant.</l>
               <l>Donne que la fureur de ce Monstre barbare</l>
               <l>Aille bien loing de <placeName type="pays">France</placeName> au <choice><orig>riuage</orig><reg>rivage</reg></choice> Tartare.</l>
               <l>Donne que nos harnois de sang humain tachez</l>
               <l>Soient dans <choice><orig>vn</orig><reg>un</reg></choice> Magasin pour <choice><orig>iamais</orig><reg>jamais</reg></choice> attachez.</l>
               <l>Donne que mesme loy <choice><orig>vnisse</orig><reg>unisse</reg></choice> nos <choice><orig>prouinces</orig><reg>provinces</reg></choice>
               </l>
               <l><choice><orig>Vnissant</orig><reg>Unissant</reg></choice> pour <choice><orig>iamais</orig><reg>jamais</reg></choice> le vouloir de nos princes,</l>
            </lg>
            <lg>
               <l rend="negatif">Ou bien, (O Seigneur Dieu) si les cruels destins</l>
               <l>Nous veullent saccager par la main des mutins,</l>
               <l>Donne que hors des poings eschape l&#x2019;alumelle</l>
               <l>De ceux qui soustiendront la <choice><orig>mauuaise</orig><reg>mauvaise</reg></choice> querelle.</l>
               <l>Donne que les serpens des hideuses Fureurs</l>
               <l>Agitent leurs <choice><orig>cerueaux</orig><reg>cerveaux</reg></choice> de Paniques terreurs.</l>
               <l>Donne qu&#x2019;en plein midy le <choice><orig>iour</orig><reg>jour</reg></choice> leur semble trouble,</l>
               <l>Donne que pour <choice><orig>vn</orig><reg>un</reg></choice> coup ils en sentent <choice><orig>vn</orig><reg>un</reg></choice> double,</l>
               <l>Donne que la poussiere entre dedans leurs yeux:</l>
               <l>D&#x2019;<choice><orig>vn</orig><reg>un</reg></choice> esclat de tonnerre arme ta main aux cieux,</l>
               <l>Et pour punition eslance sur leur teste,</l>
               <l>Et non sur <choice><orig>vn</orig><reg>un</reg></choice> Rocher, les traiz de ta tempeste.</l>
            </lg>
            <trailer rend="center">
               <lb/>FIN.
    </trailer>
            <pb n="13" xml:id="XUVA_Gordon1563_R65b_2_0013"/>
            <fw place="top-left" type="pageNum">[13] [page blanche]</fw>
            <pb n="14" xml:id="XUVA_Gordon1563_R65b_2_0014"/>
            <fw place="top-left" type="pageNum">[14] [page blanche]</fw>
            <pb n="15" xml:id="XUVA_Gordon1563_R65b_2_0015"/>
            <fw place="top-left" type="pageNum">[15] [page blanche]</fw>
            <pb n="16" xml:id="XUVA_Gordon1563_R65b_2_0016"/>
            <fw place="top-left" type="pageNum">[16] [page blanche]</fw>
         </div>
         <div type="page_de_titre" xml:id="n2">
            <pb n="17" xml:id="XUVA_Gordon1563_R65b_2_0017"/>
            <fw place="top-left" type="pageNum"/>
            <milestone unit="titlePage" n="2" xml:id="titlePage2"/>
            <head rend="center" type="titlePage">
               <figure>
                  <graphic url="XUVA_Gordon1563_R65b_2_0017.jpg"
                           xml:base="http://iris.lib.virginia.edu/speccol/gordon/gordonimages/Gordon1563_R65bno_1_2/source/0032_title2.html"/>
                  <figDesc>Courtesy of Gordon Collection</figDesc>
               </figure>
               <lb/><choice><orig>CONTINVATION</orig><reg>CONTINUATION</reg></choice>
               <lb/>
               <hi rend="large"><choice><orig>DV</orig><reg>DU</reg></choice> DISCOURS</hi>
               <lb/>des Miseres de ce temps,
     <lb/>
               <lb/>A LA ROYNE.
     <lb/>
               <lb/>
               <lb/>1563.</head>
            <pb n="18" xml:id="XUVA_Gordon1563_R65b_2_0018"/>
            <fw place="top-left" type="pageNum">[18] [page blanche]</fw>
            <div type="discours" subtype="vers" xml:id="n2.1">
               <milestone unit="book" n="2" xml:id="book2"/>
               <pb n="19" xml:id="XUVA_Gordon1563_R65b_2_0019"/>
               <fw place="top-left" type="pageNum">[19]</fw>
               <head rend="center">
                  <lb/><choice><orig>CONTINVATION</orig><reg>CONTINUATION</reg></choice>
                  <lb/>du Discours des Miseres
      <lb/>de ce temps,
      <lb/>
                  <lb/>A LA ROYNE.
     </head>
               <lg>
                  <l>
                     <g ref=""/>
                     <hi rend="larger">M</hi>Adame, <choice><orig>ie</orig><reg>je</reg></choice> serois ou du plomb ou du bois,</l>
                  <l>Si moy que la nature a fait naistre Fran<lb/>
                     <space unit="cm" quantity="0.2"/>çois</l>
                  <l>Aux siecles <choice><orig>aduenir</orig><reg>advenir</reg></choice> <choice><orig>ie</orig><reg>je</reg></choice> ne contois la peine,</l>
                  <l>Et l&#x2019;extreme malheur dont nostre <placeName type="pays">Fran
			<lb rend="hyphen"/>
                        <space unit="cm" quantity="0.2"/>ce</placeName> est pleine.</l>
               </lg>
               <lg>
                  <l rend="positif"><choice><orig>Ie</orig><reg>Je</reg></choice> <choice><orig>ueux</orig><reg>veux</reg></choice> maugré les ans au monde publier,</l>
                  <l>D&#x2019;une plume de fer sur un papier d&#x2019;acier,</l>
                  <l>Que ses propres enfans l&#x2019;ont prise &amp; <choice><orig>deuestue</orig><reg>devestue</reg></choice>,</l>
                  <l>Et <choice><orig>iusques</orig><reg>jusques</reg></choice> à la mort <choice><orig>uilainement</orig><reg>vilainement</reg></choice> batue.</l>
               </lg>
               <lg>
                  <l rend="positif">Elle semble au marchant helas! qui par malheur</l>
                  <l>En faisant son chemin rencontre le <choice><orig>uolleur</orig><reg>volleur</reg></choice>,</l>
                  <l>Qui contre l&#x2019;estomacq luy tend la main armee</l>
                  <l>D&#x2019;<choice><orig>auarice</orig><reg>avarice</reg></choice> cruelle &amp; de sang affamee:</l>
               </lg>
               <lg>
                  <l rend="positif">Il n&#x2019;est pas seulement content de luy piller</l>
                  <l>La bource &amp; le <choice><orig>cheual</orig><reg>cheval</reg></choice>, il le fait despouiller,</l>
                  <l>Le bat &amp; le tourmente, &amp; d&#x2019;une dague essaye</l>
                  <l>De luy chasser du corps l&#x2019;ame par une playe:</l>
                  <l>Puis en le <choice><orig>uoyant</orig><reg>voyant</reg></choice> mort il se rit de ses coups,</l>
                  <l>Et le laisse manger aux matins &amp; aux loups.</l>
               </lg>
               <lg>
                  <l rend="positif">Si est-ce qu&#x2019;à la fin la <choice><orig>diuine</orig><reg>divine</reg></choice> puissance</l>
                  <l>Court apres le meurtrier, &amp; en prend la <choice><orig>uengeance</orig><reg>vengeance</reg></choice>,</l>
                  <l>Et dessus une rouë (apres mille <choice><orig>trauaux</orig><reg>travaux</reg></choice>)</l>
                  <l>Sert aux hommes d&#x2019;exemple, &amp; de proye aux corbeaux.</l>
               </lg>
               <lg>
                  <l rend="positif">Mais ces <choice><orig>nouueaux</orig><reg>nouveaux</reg></choice> Tyrans qui la <placeName type="pays">France</placeName> ont pillee,</l>
                  <l>Vollee, assassinee, à force despouillee,</l>
                  <fw place="bot-right" type="sig">A 2</fw>
                  <pb n="20" xml:id="XUVA_Gordon1563_R65b_2_0020"/>
                  <fw place="top-left" type="pageNum">[20]</fw>
                  <l>Et de cent mille coups le corps luy ont batu,</l>
                  <l>(Comme si brigandage estoit une <choice><orig>uertu</orig><reg>vertu</reg></choice>)</l>
                  <l><choice><orig>Viuent</orig><reg>Vivent</reg></choice> sans chastiment, &amp; à les ouir dire,</l>
                  <l>C&#x2019;est Dieu qui les conduit, &amp; ne s&#x2019;en font que rire.</l>
               </lg>
               <lg>
                  <l rend="positif">Ils ont le coeur si fol, si superbe, &amp; si fier,</l>
                  <l>Qu&#x2019;ils osent au combat leur maistre desfier:</l>
                  <l>Ils se disent de Dieu les mignons: &amp; au reste</l>
                  <l>Qu&#x2019;ils sont les heretiers du royaume celeste.</l>
                  <l>Les <choice><orig>paoures</orig><reg>paovres</reg></choice> incensez, qui ne cognoissent pas,</l>
                  <l>Que Dieu pere commun des hommes d&#x2019;icy bas</l>
                  <l>Veult <choice><orig>sauuer</orig><reg>sauver</reg></choice> un chacun, &amp; que le grand&#x2019; closture</l>
                  <l>Du grand Paradis s&#x2019;<choice><orig>ouure</orig><reg>ouvre</reg></choice> à toute creature</l>
                  <l>Qui croit en <name><choice><orig>Iesus</orig><reg>Jesus</reg></choice> Christ</name>: certes beaucoup de lieux,</l>
                  <l>Et de sieges seroyent sans ames dans les cieux,</l>
                  <l>Et Paradis seroit une plaine deserte,</l>
                  <l>Si pour eux seulement la porte estoït <choice><orig>ouuerte</orig><reg>ouverte</reg></choice>.</l>
               </lg>
               <lg>
                  <l rend="positif">Or eux se <choice><orig>uantant</orig><reg>vantant</reg></choice> seuls les <choice><orig>urays</orig><reg>vrays</reg></choice> enfans de Dieu,</l>
                  <l>En la dextre ont le <choice><orig>glaiue</orig><reg>glaive</reg></choice>, &amp; en l&#x2019;autre le feu,</l>
                  <l>Et comme furieux qui frappent &amp; enragent,</l>
                  <l>Vollent les temples saincts, &amp; les <choice><orig>uilles</orig><reg>villes</reg></choice> saccagent.</l>
               </lg>
               <lg>
                  <l rend="positif">Et quoy! bruler maisons, piller &amp; brigander,</l>
                  <l>Tuer, assassiner, par force commander,</l>
                  <l>N&#x2019;obeir plus aux Roys, amasser des armees,</l>
                  <l>Appellez <choice><orig>uous</orig><reg>vous</reg></choice> cela Eglises reformees?</l>
               </lg>
               <lg>
                  <l rend="positif">
                     <name><choice><orig>Iesus</orig><reg>Jesus</reg></choice>
                     </name> que seulement <choice><orig>uous</orig><reg>vous</reg></choice> confessez icy</l>
                  <l>De bouche &amp; non de cœur, ne faisoit pas ainsi:</l>
                  <l>Et <name>sainct Paul</name> en preschant n&#x2019;<choice><orig>auoit</orig><reg>avoit</reg></choice> pour toutes armes,</l>
                  <l>Sinon l&#x2019;humilité, les <choice>
                     <sic>iusnes</sic>
                     <corr><choice><orig>ieusnes</orig><reg>jeusnes</reg></choice>
                     </corr>
                  </choice>, &amp; les larmes,</l>
                  <l>Et les Peres martyrs aux plus dures saisons</l>
                  <l>Des Tyrans, ne s&#x2019;armoyent sinon que d&#x2019;oraisons:</l>
                  <l>Bien qu&#x2019;un Ange du ciel à leur moindre priere</l>
                  <l>En souflant eust rué les Tyrans en arriere.</l>
                  <l>Mais par force on ne peut Paradis <choice><orig>uioler</orig><reg>violer</reg></choice>:</l>
                  <fw place="bot-right" type="catch"><choice><orig>Iesus</orig><reg>Jesus</reg></choice>
                  </fw>
                  <pb n="21" xml:id="XUVA_Gordon1563_R65b_2_0021"/>
                  <fw place="top-left" type="pageNum">[21]</fw>
                  <l>
                     <name><choice><orig>Iesus</orig><reg>Jesus</reg></choice>
                     </name> nous a monstré le chemin d&#x2019;y aller:</l>
                  <l>Armez de pacience il faut <choice><orig>suiure</orig><reg>suivre</reg></choice> sa <choice><orig>uoye</orig><reg>voye</reg></choice>,</l>
                  <l>Celuy qui ne la suit se damne &amp; se <choice><orig>foruoye</orig><reg>forvoye</reg></choice>.</l>
               </lg>
               <lg>
                  <l rend="positif">Voulez <choice><orig>uous</orig><reg>vous</reg></choice> ressembler à ses fols Albigeois,</l>
                  <l>Qui planterent leur secte <choice><orig>auecques</orig><reg>avecques</reg></choice> les harnois?</l>
                  <l>Ou à ces Arriens qui par leur frenaisie</l>
                  <l>Firent perdre aux Chrestiens les <choice><orig>uilles</orig><reg>villes</reg></choice> de l&#x2019;<placeName>Asie</placeName>?</l>
                  <l>Ou à <name><choice><orig>Zuingle</orig><reg>Zvingle</reg></choice>
                     </name> qui fut en guerre desconfit?</l>
                  <l>Ou à ceux que le <name>Duc de Lorreine</name> desfit?</l>
                  <l>Vous estes dés long temps en possession d&#x2019;estre</l>
                  <l>Par armes combatus, nostre Roy <choice><orig>uostre</orig><reg>vostre</reg></choice> maistre</l>
                  <l>Bien tost à <choice><orig>uostre</orig><reg>vostre</reg></choice> dam le <choice><orig>uous</orig><reg>vous</reg></choice> fera sentir,</l>
                  <l>Et lors de <choice><orig>uostre</orig><reg>vostre</reg></choice> orgueil sera le repentir.</l>
               </lg>
               <lg>
                  <l rend="positif">Tandis <choice><orig>uous</orig><reg>vous</reg></choice> exercez <choice><orig>uoz</orig><reg>voz</reg></choice> malices cruelles,</l>
                  <l>Et de l&#x2019;Apocalypse estes les sauterelles,</l>
                  <l>Lesquelles aussi tost que le Puis fut <choice><orig>ouuert</orig><reg>ouvert</reg></choice>
                  </l>
                  <l>D&#x2019;enfer, par qui le Ciel de nuës fut <choice><orig>couuert</orig><reg>couvert</reg></choice>,</l>
                  <l><choice><orig>Auecques</orig><reg>Avecques</reg></choice> la fumee en la terre sortirent,</l>
                  <l>Et des fiers scorpions la puissance <choice><orig>uestirent</orig><reg>vestirent</reg></choice>:</l>
                  <l>Ell&#x2019; <choice><orig>auoient</orig><reg>avoient</reg></choice> face d&#x2019;homme, &amp; portoient de grands dents,</l>
                  <l>Tout ainsi que Lyons affamez &amp; mordans.</l>
               </lg>
               <lg>
                  <l rend="positif">Leur maniere d&#x2019;aller en marchant sur la terre</l>
                  <l>Sembloit <choice><orig>Cheuaux</orig><reg>Chevaux</reg></choice> armez qui courent à la guerre,</l>
                  <l>Ainsi qu&#x2019;ardentement <choice><orig>uous</orig><reg>vous</reg></choice> courez aux combats,</l>
                  <l>Et Villes &amp; Chasteaux <choice><orig>uous</orig><reg>vous</reg></choice> <choice><orig>renuersez</orig><reg>renversez</reg></choice> à bas.</l>
                  <l>Ell&#x2019; <choice><orig>auoient</orig><reg>avoient</reg></choice> de fin or des couronnes aux testes,</l>
                  <l>Ce sont <choice><orig>uoz</orig><reg>voz</reg></choice> morions haut-dorez par les crestes,</l>
               </lg>
               <lg>
                  <l rend="positif">Ell&#x2019; <choice><orig>auoient</orig><reg>avoient</reg></choice> tout le corps de plastrons enformez,</l>
                  <l>Les <choice><orig>uostres</orig><reg>vostres</reg></choice> sont <choice><orig>tousiours</orig><reg>tousjours</reg></choice> de corceletz armez:</l>
                  <l>Comme des scorpions leur queüe estoit meurtriere,</l>
                  <l>Ce sont <choice><orig>uoz</orig><reg>voz</reg></choice> pistolets qui tirent par derriere,</l>
                  <l>Perdant estoit leur maistre, &amp; le <choice><orig>uostre</orig><reg>vostre</reg></choice> a perdu</l>
                  <l>Le sceptre que noz Roys <choice><orig>auoient</orig><reg>avoient</reg></choice> tant deffendu.</l>
                  <fw place="bot-right" type="sig">A 3</fw>
                  <pb n="22" xml:id="XUVA_Gordon1563_R65b_2_0022"/>
                  <fw place="top-left" type="pageNum">[22]</fw>
                  <l>Vous ressembles encor à ces <choice><orig>ieunes</orig><reg>jeunes</reg></choice> <choice><orig>uiperes</orig><reg>viperes</reg></choice>,</l>
                  <l>Qui <choice><orig>ouurent</orig><reg>ouvrent</reg></choice> en naissant le <choice><orig>uentre</orig><reg>ventre</reg></choice> de leurs meres,</l>
                  <l>Ainsi en <choice><orig>auortant</orig><reg>avortant</reg></choice> <choice><orig>uous</orig><reg>vous</reg></choice> <choice><orig>auez</orig><reg>avez</reg></choice> fait mourir</l>
                  <l>La <placeName type="pays">France</placeName> <choice><orig>uostre</orig><reg>vostre</reg></choice> mere, en lieu de la nourrir.</l>
               </lg>
               <lg>
                  <l rend="positif">
                     <name>De Besze</name> <choice><orig>ie</orig><reg>je</reg></choice> te prie escoute ma parolle</l>
                  <l>Que tu estimeras d&#x2019;une personne folle,</l>
                  <l>S&#x2019;il te plaist toutes fois de <choice><orig>iuger</orig><reg>juger</reg></choice> sainement,</l>
                  <l>Apres m&#x2019;<choice><orig>auoir</orig><reg>avoir</reg></choice> ouy tu diras autrement.</l>
               </lg>
               <lg>
                  <l rend="positif">La terre qu&#x2019;<choice><orig>auiourdhuy</orig><reg>aujourdhuy</reg></choice> tu remplis toute d&#x2019;armes,</l>
                  <l>Y faisant fourmiller grand nombre de gendarmes,</l>
                  <l>Et d&#x2019;<choice><orig>auares</orig><reg>avares</reg></choice> soldars, qui du pillage ardans</l>
                  <l>Naissent desoubs ta <choice><orig>uoix</orig><reg>voix</reg></choice>, tout ainsi que des dents</l>
                  <l>Du grand serpent Thebain les hommes, qui muerent</l>
                  <l>Le limon en couteaux, dont ils s&#x2019;entretuerent:</l>
                  <l>Et nez &amp; demi-nez se firent tous perir,</l>
                  <l>Si qu&#x2019;un mesme soleil les <choice><orig>uit</orig><reg>vit</reg></choice> naistre &amp; mourir.</l>
               </lg>
               <lg>
                  <l rend="positif">
                     <name>De Besze</name>, ce n&#x2019;est pas une <geogName>terre Gottique</geogName>,</l>
                  <l>Ny une <geogName>region Tartare</geogName>, ny <geogName>Scythique</geogName>,</l>
                  <l>C&#x2019;est celle ou tu naquis, qui douce te receut</l>
                  <l>Alors qu&#x2019;à <placeName type="ville">Veszelay</placeName> ta mere te conceut,</l>
                  <l>Celle qui t&#x2019;a nourry, &amp; qui t&#x2019;a fait aprendre</l>
                  <l>La science &amp; les ars dés ta <choice><orig>ieunesse</orig><reg>jeunesse</reg></choice> tendre,</l>
                  <l>Pour luy faire <choice><orig>seruice</orig><reg>service</reg></choice>, &amp; pour en bien user,</l>
                  <l>Et non, comme tu fais, à fin d&#x2019;en abuser.</l>
               </lg>
               <lg>
                  <l rend="positif">Si tu es <choice><orig>enuers</orig><reg>envers</reg></choice> elle enfant de bon courage,</l>
                  <l>Ores que tu le peux, rends luy son nourrissage,</l>
                  <l>Retire tes soldars, &amp; au <placeName type="ville">lac <choice><orig>Geneuois</orig><reg>Genevois</reg></choice>
                     </placeName>
                  </l>
                  <l>(Comme chose execrable) enfonce leurs harnois.</l>
               </lg>
               <lg>
                  <l rend="positif">Ne presche plus en <placeName type="pays">France</placeName> une <choice><orig>Euangile</orig><reg>Evangile</reg></choice> armee,</l>
                  <l><choice><orig>Vn</orig><reg>Un</reg></choice>
                     <name>Christ</name> empistollé tout noircy de fumee,</l>
                  <l>Portant un morion en teste, &amp; dans la main</l>
                  <l><choice><orig>Vn</orig><reg>Un</reg></choice> large coustelas rouge du sang humain:</l>
                  <l>Cela desplaist a Dieu, cela desplaist au Prince,</l>
                  <fw place="bot-right" type="catch">Cela</fw>
                  <pb n="23" xml:id="XUVA_Gordon1563_R65b_2_0023"/>
                  <fw place="top-left" type="pageNum">[23]</fw>
                  <l>Cela n&#x2019;est qu&#x2019;un appas qui tire la <choice><orig>prouince</orig><reg>province</reg></choice>
                  </l>
                  <l>A la sedition, laquelle desoubs toy</l>
                  <l>Pour <choice><orig>auoir</orig><reg>avoir</reg></choice> liberté, ne <choice><orig>uouldra</orig><reg>vouldra</reg></choice> plus de Roy.</l>
               </lg>
               <lg>
                  <l rend="positif">Certes il <choice><orig>uaudroit</orig><reg>vaudroit</reg></choice> mieux à <placeName type="ville">l&#x2019;Ausanne</placeName> relire,</l>
                  <l>Du grand fils de<name> Thetis</name> les proesses &amp; l&#x2019;ire,</l>
                  <l>Faire combatre <name><choice><orig>Aiax</orig><reg>Ajax</reg></choice>
                     </name>, faire parler <name>Nestor</name>,</l>
                  <l>Ou reblesser<name> Venus</name>, ou retuer<name> Hector</name>
                  </l>
                  <l>En papier non sanglant, que remply d&#x2019;arrogance</l>
                  <l>Te mesler des combats dont tu n&#x2019;as cognoissance,</l>
                  <l>Et trainer apres toy le <choice><orig>uulgaire</orig><reg>vulgaire</reg></choice> ignorant,</l>
                  <l>Lequel ainsi qu&#x2019;un Dieu te <choice><orig>ua</orig><reg>va</reg></choice> presque adorant.</l>
               </lg>
               <lg>
                  <l rend="positif">Certes il <choice><orig>uaudroit</orig><reg>vaudroit</reg></choice> mieux celebrer ta Candide,</l>
                  <l>Et comme tu faisois, tenir encor la bride</l>
                  <l>Des cygnes Paphians, ou pres d&#x2019;un antre au soir</l>
                  <l>Tout seul dans le giron des neuf muses t&#x2019;assoir,</l>
                  <l>Que reprendre l&#x2019;Eglise, ou pour estre <choice><orig>ueu</orig><reg>veu</reg></choice> sage</l>
                  <l>Amander en <name>sainct Paul</name> <choice><orig>ie</orig><reg>je</reg></choice> ne scay quel passage,</l>
                  <l>
                     <name>De Besze</name> mon amy, tout cela ne <choice><orig>uaut</orig><reg>vaut</reg></choice> pas</l>
                  <l>Que la <placeName type="pays">France</placeName> pour toy prenne tant de combats!</l>
                  <l>Ny que pour ton erreur un tel Prince s&#x2019;empesche!</l>
               </lg>
               <lg>
                  <l rend="positif">
                     <choice><sic>Vu</sic><corr>Un</corr></choice> <choice><orig>iour</orig><reg>jour</reg></choice> en te <choice><orig>uoyant</orig><reg>voyant</reg></choice> aller faire ton presche</l>
                  <l>Ayant desoubs un Raistre une espee au costé:</l>
                  <l>Mon Dieu ce di-<choice><orig>ie</orig><reg>je</reg></choice> lors quelle saincte bonté!</l>
                  <l>Quelle <choice><orig>Euangile</orig><reg>Evangile</reg></choice> helas! quel charitable zele!</l>
                  <l>Qu&#x2019;un Prescheur porte au flanc une espee cruelle!</l>
                  <l>Bien tost <choice><orig>auec</orig><reg>avec</reg></choice> le fer nous serons consumez,</l>
                  <l>Puis que l&#x2019;on <choice><orig>uoit</orig><reg>voit</reg></choice> de fer les Ministres armez.</l>
               </lg>
               <lg>
                  <l rend="positif">Et lors deux <choice><orig>Surueillans</orig><reg>Surveillans</reg></choice> qui parler m&#x2019;entendirent,</l>
                  <l><choice><orig>Auecques</orig><reg>Avecques</reg></choice> un haussebec, ainsi me respondirent,</l>
               </lg>
               <lg>
                  <l rend="positif">Quoy, parles tu de luy? lequel est <choice><orig>enuoyé</orig><reg>envoyé</reg></choice>
                  </l>
                  <l>Du ciel, pour r&#x2019;enseigner le peuple <choice><orig>deuoyé</orig><reg>devoyé</reg></choice>?</l>
                  <l>Ou tu es un Athee, ou quelque benefice</l>
                  <l>Te fait ainsi <choice><orig>uomir</orig><reg>vomir</reg></choice> ta rage &amp; ta malice?</l>
                  <fw place="bot-right" type="catch">Puis</fw>
                  <pb n="24" xml:id="XUVA_Gordon1563_R65b_2_0024"/>
                  <fw place="top-left" type="pageNum">[24]</fw>
                  <l>Puis que si arrogant, tu ne fais point d&#x2019;honneur</l>
                  <l>A ce prophete sainct <choice><orig>enuoyé</orig><reg>envoyé</reg></choice> du Seigneur.</l>
               </lg>
               <lg>
                  <l rend="positif">Adonc <choice><orig>ie</orig><reg>je</reg></choice> respondi: appellez <choice><orig>uous</orig><reg>vous</reg></choice> Athee</l>
                  <l>La personne qui point n&#x2019;a de son coeur ostee</l>
                  <l>La foy de ses ayeulx: qui ne trouble les loix</l>
                  <l>De son pays natal, les peuples ny les Roys?</l>
                  <l>Appellez <choice><orig>uous</orig><reg>vous</reg></choice> Athee, un homme qui mesprise</l>
                  <l>Voz songes contrefaits, les monstres de l&#x2019;Eglise?</l>
                  <l>Qui croit en un seul Dieu, qui croit au sainct Esprit</l>
                  <l>Qui croit de tout son coeur au <choice><orig>Sauueur</orig><reg>Sauveur</reg></choice>
                     <name><choice><orig>Iesus</orig><reg>Jesus</reg></choice> christ</name>?</l>
               </lg>
               <lg>
                  <l rend="positif">Appellez <choice><orig>uous</orig><reg>vous</reg></choice> Athee un homme qui deteste</l>
                  <l>Et <choice><orig>uous</orig><reg>vous</reg></choice> &amp; <choice><orig>uoz</orig><reg>voz</reg></choice> erreurs comme infernalle peste?</l>
                  <l>Et <choice><orig>uoz</orig><reg>voz</reg></choice> beaux Predicans, qui fins &amp; cauteleux</l>
                  <l>Vont abusant le peuple, ainsi que basteleurs,</l>
                  <l>Lesquels enfarinez au milieu d&#x2019;une place</l>
                  <l>Vont <choice><orig>iouant</orig><reg>jouant</reg></choice> finement leurs tours de passe passe,</l>
                  <l>Et à fin qu&#x2019;on ne <choice><orig>uoye</orig><reg>voye</reg></choice> en plain <choice><orig>iour</orig><reg>jour</reg></choice> leurs abus</l>
                  <l>Souflent dedans les yeux leur poudre d&#x2019;<name>Oribus</name>?</l>
               </lg>
               <lg>
                  <l rend="positif">Vostre poudre est crier bien hault contre le Pape</l>
                  <l>Dechifrant maintenant sa Tiare &amp; sa chape,</l>
                  <l>Maintenant ses pardons, ses bulles, &amp; son bien,</l>
                  <l>Et plus <choice><orig>uous</orig><reg>vous</reg></choice> criez haut, plus estes gens de bien.</l>
               </lg>
               <lg>
                  <l rend="positif">Vous ressemblez à ceux que les <choice><orig>fieures</orig><reg>fievres</reg></choice> incensent,</l>
                  <l>Qui cuident dire <choice><orig>uray</orig><reg>vray</reg></choice> de tout cela qu&#x2019;ilz pensent:</l>
                  <l>Toutesfois la pluspart de <choice><orig>uoz</orig><reg>voz</reg></choice> Rhetoriqueurs</l>
                  <l>Vous preschent autrement qu&#x2019;ils n&#x2019;ont dedans les coeurs.</l>
               </lg>
               <lg>
                  <l rend="positif">L&#x2019;un monte sur la chaire ayant l&#x2019;ame surprise</l>
                  <l>D&#x2019;extreme ambition, l&#x2019;autre de <sic><choice><orig>couuoitise</orig><reg>couvoitise</reg></choice>
                     </sic>,</l>
                  <l>L&#x2019;autre qui se <choice><orig>uoit</orig><reg>voit</reg></choice> <choice><orig>pauure</orig><reg>pauvre</reg></choice> est aise d&#x2019;en <choice><orig>auoir</orig><reg>avoir</reg></choice>,</l>
                  <l>L&#x2019;autre qui n&#x2019;estoit rien de monter en <choice><orig>pouuoir</orig><reg>pouvoir</reg></choice>,</l>
                  <l>L&#x2019;autre <sic>à</sic> l&#x2019;esprit aigu, qui par mainte <choice><orig>trauerse</orig><reg>traverse</reg></choice>
                  </l>
                  <l>Soubs ombre de pitié tout le monde <choice><orig>renuerse</orig><reg>renverse</reg></choice>.</l>
               </lg>
               <lg>
                  <l rend="positif">Bref un <name>Peroceli</name> apparoist entre <choice><orig>uous</orig><reg>vous</reg></choice>
                  </l>
                  <fw place="bot-right" type="catch">Plus</fw>
                  <pb n="25" xml:id="XUVA_Gordon1563_R65b_2_0025"/>
                  <fw place="top-left" type="pageNum">[25]</fw>
                  <l>Plus sage, &amp; continent, plus modeste, &amp; plus doux.</l>
                  <l>Qui reprend asprement les <choice><orig>uioleurs</orig><reg>violeurs</reg></choice> d&#x2019;images,</l>
                  <l>Les larrons, les meurtriers: qui de fardez langages</l>
                  <l>N&#x2019;entretient point la guerre, ains deteste bien fort</l>
                  <l>Ceux qui plains de fureur nourrissent le discord.</l>
               </lg>
               <lg>
                  <l rend="positif">Il est <choice><orig>uray</orig><reg>vray</reg></choice> que sa faute est chose abominable,</l>
                  <l>Toutes fois en ce fait elle est bien excusable.</l>
               </lg>
               <lg>
                  <l rend="positif">Ha que <choice><orig>uous</orig><reg>vous</reg></choice> estes loing de noz premiers docteurs,</l>
                  <l>Qui sans craindre la mort ny les persecuteurs,</l>
                  <l>Alloient de leur bon gré aux plus cruels supplices</l>
                  <l>Sans <choice><orig>enuoyer</orig><reg>envoyer</reg></choice> pour eux <choice><orig>ie</orig><reg>je</reg></choice> ne scay quels <choice><orig>nouices</orig><reg>novices</reg></choice>.</l>
               </lg>
               <lg>
                  <l rend="positif">Que <choice><orig>uit</orig><reg>vit</reg></choice> tant à <placeName type="ville">Geneue</placeName> un <name><choice><orig>Caluin</orig><reg>Calvin</reg></choice>
                     </name> <choice><orig>desia</orig><reg>desja</reg></choice> <choice><orig>uieux</orig><reg>vieux</reg></choice>?</l>
                  <l>Qu&#x2019;il ne se fait en <placeName type="pays">France</placeName> un martyr glorieux?</l>
                  <l>Souffrant pour sa parolle? ô ames peu hardies!</l>
                  <l>Vous resemblez à ceux qui font les Tragedies,</l>
                  <l>Lesquels sans les <choice><orig>iouër</orig><reg>jouër</reg></choice> demeurent tous craintifs,</l>
                  <l>Et en donnent la charge aux <choice><orig>nouueaux</orig><reg>nouveaux</reg></choice> aprentifs,</l>
                  <l>Pour n&#x2019;estre point moquez ny siflez, si l&#x2019;yssue</l>
                  <l>De la fable n&#x2019;est pas du peuple bien receuë.</l>
               </lg>
               <lg>
                  <l rend="positif">Le peuple qui <choice><orig>uous</orig><reg>vous</reg></choice> suit est tout empoisonné,</l>
                  <l>Il a tant le <choice><orig>cerueau</orig><reg>cerveau</reg></choice> de sectes estonné,</l>
                  <l>Que toute la Rubarbe &amp; toute l&#x2019;Anticyre</l>
                  <l>Ne luy scauroient guarir sa <choice><orig>fieure</orig><reg>fievre</reg></choice> qui empire:</l>
                  <l>Car tant s&#x2019;en faut helas! qu&#x2019;on la puisse guarir</l>
                  <l>Que son mal le contente, &amp; luy plaist d&#x2019;en mourir.</l>
               </lg>
               <lg>
                  <l rend="positif">Il faut ce dites <choice><orig>uous</orig><reg>vous</reg></choice> que ce peuple fidelle</l>
                  <l>Soit guidé par un Chef qui prenne sa querelle:</l>
                  <l>Ainsi que <name>Gedeon</name> lequel esleu de Dieu,</l>
                  <l>Contre les Madiens mena le peuple Hebrieu.</l>
               </lg>
               <lg>
                  <l rend="positif">Si <name>Gedeon</name> <choice><orig>auoit</orig><reg>avoit</reg></choice> commis <choice><orig>uoz</orig><reg>voz</reg></choice> brigandages,</l>
                  <l>Voz meurtres, <choice><orig>uoz</orig><reg>voz</reg></choice> larcins, <choice><orig>uoz</orig><reg>voz</reg></choice> Gottiques pillages</l>
                  <l>Il seroit execrable, &amp; s&#x2019;il <choice><orig>auoit</orig><reg>avoit</reg></choice> forfait</l>
                  <l>Contre le droit commun, il auroit tresmal fait.</l>
                  <fw place="bot-right" type="sig">B</fw>
                  <pb n="26" xml:id="XUVA_Gordon1563_R65b_2_0026"/>
                  <fw place="top-left" type="pageNum">[26]</fw>
               </lg>
               <lg>
                  <l rend="positif">De <choice><orig>uostre</orig><reg>vostre</reg></choice> election faites nous <choice><orig>ueoir</orig><reg>veoir</reg></choice> la bulle,</l>
                  <l>Et nous monstrez de Dieu le seing &amp; la cedule!</l>
                  <l>Si <choice><orig>uous</orig><reg>vous</reg></choice> ne la monstrez, il faut que <choice><orig>uous</orig><reg>vous</reg></choice> croyez</l>
                  <l>Qu&#x2019;icy <choice><orig>uous</orig><reg>vous</reg></choice> n&#x2019;estes pas du Seigneur <choice><orig>enuoyez</orig><reg>envoyez</reg></choice>.</l>
               </lg>
               <lg>
                  <l rend="positif">Ce n&#x2019;est plus <choice><orig>auiourd</orig><reg>aujourd</reg></choice>&#x2019;hui qu&#x2019;on croit en tels oracles:</l>
                  <l>Faites à tout le moins quelques petis miracles:</l>
                  <l>Comme les peres saincts, qui <choice><orig>iadis</orig><reg>jadis</reg></choice> guerissoient</l>
                  <l>Ceux qui de maladie aux chemins languissoient</l>
                  <l>Et desquels seulement l&#x2019;ombre estoit salutaire.</l>
               </lg>
               <lg>
                  <l rend="positif">Il n&#x2019;est plus question, ce dites <choice><orig>uous</orig><reg>vous</reg></choice>, d&#x2019;en faire,</l>
                  <l>La foy est <choice><orig>approuuee</orig><reg>approuvee</reg></choice>: allez aux Regions</l>
                  <l>Qui n&#x2019;ont ouy parler de noz Religions,</l>
                  <l>Au <placeName type="pays">Perou</placeName>, <placeName type="pays">Canada</placeName>, <placeName>Callicuth</placeName>, Canibales,</l>
                  <l>Là monstrez par effait <choice><orig>uoz</orig><reg>voz</reg></choice> <choice><orig>uertus</orig><reg>vertus</reg></choice> <choice><orig>Caluinales</orig><reg>Calvinales</reg></choice>.</l>
                  <l>Si tost que ceste gent grossiere <choice><orig>uous</orig><reg>vous</reg></choice> <choice><orig>uerra</orig><reg>verra</reg></choice>
                  </l>
                  <l>Faire un petit miracle, en <choice><orig>uous</orig><reg>vous</reg></choice> elle croira,</l>
                  <l>Et changera sa <choice><orig>uie</orig><reg>vie</reg></choice>, ou toute erreur abonde,</l>
                  <l>Ainsi <choice><orig>uous</orig><reg>vous</reg></choice> <choice><orig>sauuerez</orig><reg>sauverez</reg></choice> la plus grand part du monde.</l>
               </lg>
               <lg>
                  <l rend="positif">Les Apostres <choice><orig>iadis</orig><reg>jadis</reg></choice> preschoient tous d&#x2019;un accord,</l>
                  <l>Entre <choice><orig>uous</orig><reg>vous</reg></choice> <choice><orig>auiourd</orig><reg>aujourd</reg></choice>&#x2019;huy ne regne que discord,</l>
                  <l>Les uns sont <choice><orig>Zuingliens</orig><reg>Zvingliens</reg></choice>, les autres Lutheristes,</l>
                  <l>OEcolampadiens, Quintiens, Anabaptistes,</l>
                  <l>Les autres de <name><choice><orig>Caluin</orig><reg>Calvin</reg></choice>
                     </name> <choice><orig>uont</orig><reg>vont</reg></choice> adorant les pas,</l>
                  <l>L&#x2019;un est predestiné, &amp; l&#x2019;autre ne l&#x2019;est pas,</l>
                  <l>Et l&#x2019;autre enrage apres l&#x2019;erreur Muncerienne,</l>
                  <l>Et bien tost s&#x2019;<choice><orig>ouurira</orig><reg>ouvrira</reg></choice> l&#x2019;escole Beszienne.</l>
               </lg>
               <lg>
                  <l rend="positif">Si bien que ce <name>Luther</name> lequel estoit premier,</l>
                  <l>Chassé par les <choice><orig>nouueaux</orig><reg>nouveaux</reg></choice> est presque le dernier,</l>
                  <l>Et sa secte qui fut de tant d&#x2019;hommes garnye,</l>
                  <l>Est la moindre de neuf qui sont en <placeName type="pays">Germanie</placeName>.</l>
               </lg>
               <lg>
                  <l rend="positif">Vous <choice><orig>deuriez</orig><reg>devriez</reg></choice> pour le moins <choice><orig>auant</orig><reg>avant</reg></choice> que nous troubler,</l>
                  <l>Estre ensemble d&#x2019;accord sans <choice><orig>uous</orig><reg>vous</reg></choice> desassembler,</l>
                  <l>Car <name>Christ</name> n&#x2019;est pas un Dieu de noise ny discorde,</l>
                  <fw place="bot-right" type="catch">Christ</fw>
                  <pb n="27" xml:id="XUVA_Gordon1563_R65b_2_0027"/>
                  <fw place="top-left" type="pageNum">[27]</fw>
                  <l>
                     <name>Christ</name> n&#x2019;est que Charité, qu&#x2019;amour, &amp; que concorde,</l>
                  <l>Et monstrez clerement par la <choice><orig>diuision</orig><reg>division</reg></choice>,</l>
                  <l>Que Dieu n&#x2019;est point autheur de <choice><orig>uostre</orig><reg>vostre</reg></choice> opinion.</l>
               </lg>
               <lg>
                  <l rend="positif">Faites moy <choice><orig>uoir</orig><reg>voir</reg></choice> quelqu&#x2019;un qui ait changé de <choice><orig>uie</orig><reg>vie</reg></choice>,</l>
                  <l>Apres <choice><orig>auoir</orig><reg>avoir</reg></choice> <choice><orig>suiuy</orig><reg>suivy</reg></choice> <choice><orig>uostre</orig><reg>vostre</reg></choice> belle folie.</l>
                  <l><choice><orig>I</orig><reg>J</reg></choice>&#x2019;en <choice><orig>uoy</orig><reg>voy</reg></choice> qui ont changé de couleur &amp; de teint,</l>
                  <l>Hideux en barbe longue, &amp; en <choice><orig>uisage</orig><reg>visage</reg></choice> feint,</l>
                  <l>Qui sont plus que <choice><orig>deuant</orig><reg>devant</reg></choice> tristes, mornes, &amp; palles,</l>
                  <l>Comme <name>Oreste</name> agité des fureurs infernalles.</l>
               </lg>
               <lg>
                  <l rend="positif">Mais <choice><orig>ie</orig><reg>je</reg></choice> n&#x2019;en ay point <choice><orig>ueu</orig><reg>veu</reg></choice> qui soient d&#x2019;audacieux</l>
                  <l>Plus humbles <choice><orig>deuenus</orig><reg>devenus</reg></choice>, plus doux, ny gracieux,</l>
                  <l>De paillards continens, de menteurs <choice><orig>ueritables</orig><reg>veritables</reg></choice>,</l>
                  <l>D&#x2019;efrontez <choice><orig>uergongneux</orig><reg>vergongneux</reg></choice>, de cruels charitables,</l>
                  <l>De larrons aumosniers, &amp; pas un n&#x2019;a changé</l>
                  <l>Le <choice><orig>uice</orig><reg>vice</reg></choice> dont il fut auparauant chargé.</l>
               </lg>
               <lg>
                  <l rend="positif"><choice><orig>Ie</orig><reg>Je</reg></choice> cognois quelques uns de ces fols qui <choice><orig>uous</orig><reg>vous</reg></choice> <choice><orig>suiuent</orig><reg>suivent</reg></choice>,</l>
                  <l><choice><orig>Ie</orig><reg>Je</reg></choice> sçay bien que les Turcs &amp; les Tartares <choice><orig>uiuent</orig><reg>vivent</reg></choice>
                  </l>
                  <l>Plus modestement qu&#x2019;eux, &amp; suis tout efroyé</l>
                  <l>Que mille fois le <choice><orig>iour</orig><reg>jour</reg></choice> leur chef n&#x2019;est foudroyé.</l>
               </lg>
               <lg>
                  <l rend="positif"><choice><orig>I</orig><reg>J</reg></choice>&#x2019;ay peur que tout ainsi qu&#x2019;<name>Arrius</name> fit l&#x2019;entree</l>
                  <l>Au Turc qui surmonta l&#x2019;<geogName>Asienne contree</geogName>,</l>
                  <l>Que par <choice><orig>uostre</orig><reg>vostre</reg></choice> moyen il ne se <choice><orig>uueille</orig><reg>vueille</reg></choice> armer,</l>
                  <l>Et que pour nous dompter il ne passe la mer.</l>
                  <l>Et que <choice><orig>uous</orig><reg>vous</reg></choice> les premiers n&#x2019;en supportiez la peine,</l>
                  <l>En pensant <choice><orig>uous</orig><reg>vous</reg></choice> <choice><orig>uenger</orig><reg>venger</reg></choice> de l&#x2019;Eglise Romaine.</l>
                  <l>Ainsi <choice><orig>uoit</orig><reg>voit</reg></choice> on celuy qui tend le piege aux bois</l>
                  <l>En <choice><orig>uoulant</orig><reg>voulant</reg></choice> prendre autruy se prendre quelque fois.</l>
                  <l>La tourbe qui <choice><orig>uous</orig><reg>vous</reg></choice> suit est si <choice><orig>uaine</orig><reg>vaine</reg></choice> &amp; si sotte,</l>
                  <l>Qu&#x2019;estant afriandee aux douceurs de la Lote,</l>
                  <l><choice><orig>I</orig><reg>J</reg></choice>&#x2019;entens afriandee à ceste liberté</l>
                  <l>Que <choice><orig>uous</orig><reg>vous</reg></choice> preschez par tout, tient le pas arresté</l>
                  <l>Sur le bord estranger, &amp; plus n&#x2019;a <choice><orig>souuenance</orig><reg>souvenance</reg></choice>
                  </l>
                  <l>De <choice><orig>uouloir</orig><reg>vouloir</reg></choice> retourner au lieu de sa naissance.</l>
                  <fw place="bot-right" type="sig">B 2</fw>
                  <pb n="28" xml:id="XUVA_Gordon1563_R65b_2_0028"/>
                  <fw place="top-left" type="pageNum">[28]</fw>
               </lg>
               <lg>
                  <l rend="positif">Helas si <choice><orig>uous</orig><reg>vous</reg></choice> <choice><orig>auiez</orig><reg>aviez</reg></choice> tant soit peu de raison,</l>
                  <l>Vous cognoistriez bien tost qu&#x2019;on <choice><orig>uous</orig><reg>vous</reg></choice> tient en prison,</l>
                  <l>Pipez, ensorcellez: comme par sa malice</l>
                  <l>
                     <name>Circe</name> tenoit charmez les compaignons d&#x2019;<name><choice><orig>Vlysse</orig><reg>Ulysse</reg></choice>
                     </name>.</l>
               </lg>
               <lg>
                  <l rend="positif">O Seigneur tout puissant ne mets point en oubly</l>
                  <l>D&#x2019;<choice><orig>enuoyer</orig><reg>envoyer</reg></choice> un <name>Mercure</name> <choice><orig>auecques</orig><reg>avecques</reg></choice> le moly</l>
                  <l>Vers ce noble Seigneur, à fin qu&#x2019;il admoneste,</l>
                  <l>Et luy face rentrer la raison en la teste,</l>
                  <l>Luy descharme les sens, luy dessille les yeux,</l>
                  <l>Luy monstre clairement quels furent ses ayeulx</l>
                  <l>Grands Roys, &amp; <choice><orig>gouuerneurs</orig><reg>gouverneurs</reg></choice> des grandes republiques,</l>
                  <l>Tant craints &amp; redoubtez pour estre catholiques.</l>
               </lg>
               <lg>
                  <l rend="positif">Si la saine raison le regaigne une fois,</l>
                  <l>Luy qui est si gaillard, si doux, &amp; si courtois,</l>
                  <l>Il cognoistra l&#x2019;estat auquel on le fait <choice><orig>uiure</orig><reg>vivre</reg></choice>:</l>
                  <l>Et comme pour de l&#x2019;or on luy donne du <choice><orig>cuyure</orig><reg>cuyvre</reg></choice>,</l>
                  <l>Et pour un grand chemin un sentier esgaré,		</l>
                  <l>Et pour un Diamant un <choice><orig>uerre</orig><reg>verre</reg></choice> bigarré:</l>
               </lg>
               <lg>
                  <l rend="positif">Las! que <choice><orig>ie</orig><reg>je</reg></choice> suis marry que cil qui fut mon maistre,</l>
                  <l>Despestre du filet, ne se peut recognoistre,</l>
                  <l><choice><orig>Ie</orig><reg>Je</reg></choice> n&#x2019;ayme son erreur, mais hayr <choice><orig>ie</orig><reg>je</reg></choice> ne puis</l>
                  <l><choice><orig>Vn</orig><reg>Un</reg></choice> si digne Prelat dont <choice><orig>seruiteur</orig><reg>serviteur</reg></choice> <choice><orig>ie</orig><reg>je</reg></choice> suis,</l>
                  <l>Qui benin m&#x2019;a seruy (quand fortune prospere</l>
                  <l>Les tenoit pres des Roys) de seigneur &amp; de pere.</l>
                  <l>Dieu <choice><orig>preserue</orig><reg>preserve</reg></choice> son chef de malheur &amp; d&#x2019;ennuy,</l>
                  <l>Et le bon heur du ciel puisse tomber sur luy.</l>
               </lg>
               <lg>
                  <l rend="positif"><choice><orig>Acheuant</orig><reg>Achevant</reg></choice> ses propos <choice><orig>ie</orig><reg>je</reg></choice> me retire, &amp; laisse</l>
                  <l>Ces <choice><orig>surueillans</orig><reg>surveillans</reg></choice> confus au milieu de la presse,</l>
                  <l>Qui disoient que Satan le coeur m&#x2019;<choice><orig>auoit</orig><reg>avoit</reg></choice> <choice><orig>couué</orig><reg>couvé</reg></choice>,</l>
                  <l>Et me grinceant les dens m&#x2019;appelloient <choice><orig>reprouué</orig><reg>reprouvé</reg></choice>,</l>
                  <l>L&#x2019;autre <choice><orig>iour</orig><reg>jour</reg></choice> en pensant que ceste <choice><orig>pauure</orig><reg>pauvre</reg></choice> terre</l>
                  <l>S&#x2019;en alloit (ô malheur) la proye d&#x2019;<placeName type="pays">Angleterre</placeName>
                  </l>
                  <l>Et que ses propres fils amenoient l&#x2019;estranger</l>
                  <fw place="bot-right" type="catch">Qui</fw>
                  <pb n="29" xml:id="XUVA_Gordon1563_R65b_2_0029"/>
                  <fw place="top-left" type="pageNum">[29]</fw>
                  <l>Qui boit les eaux du <geogName>Rinh</geogName>, à fin de l&#x2019;outrager</l>
                  <l>M&#x2019;apparut tristement l&#x2019;Idole de la <placeName type="pays">France</placeName>,</l>
                  <l>Non telle qu&#x2019;elle estoit lors que la <choice><orig>braue</orig><reg>brave</reg></choice> lance</l>
                  <l>De <name>Henry</name> la gardoit, mais foible &amp; sans confort</l>
                  <l>Comme une <choice><orig>pauure</orig><reg>pauvre</reg></choice> femme atteinte de la mort,</l>
                  <l>Son Sceptre luy pendoit, &amp; sa robbe semee</l>
                  <l>De fleurs de lys estoit en cent lieux entamee,</l>
                  <l>Son poil estoit hydeux, son oeil <choice><orig>haue</orig><reg>have</reg></choice>, &amp; profond,</l>
                  <l>Et nulle <choice><orig>maiesté</orig><reg>majesté</reg></choice> ne luy hausoit le front.</l>
               </lg>
               <lg>
                  <l rend="positif">En la <choice><orig>uoyant</orig><reg>voyant</reg></choice> ainsi <choice><orig>ie</orig><reg>je</reg></choice> luy dis ô Princesse,</l>
                  <l>Qui presque de l&#x2019;Europe as esté la maistresse,</l>
                  <l>Mere de tant de Roys, conte moy ton malheur,</l>
                  <l>Et dy moy <choice><orig>ie</orig><reg>je</reg></choice> te pry dou te <choice><orig>uient</orig><reg>vient</reg></choice> ta douleur!</l>
               </lg>
               <lg>
                  <l rend="positif">Elle adonq en tirant sa parolle contrainte,</l>
                  <l>Souspirant aigrement, me fit ainsi sa pleinte.</l>
               </lg>
               <lg>
                  <l rend="positif"><choice><orig>Vne</orig><reg>Une</reg></choice> <choice><orig>uille</orig><reg>ville</reg></choice> est assise és <geogName>champs <choice><orig>Sauoysiens</orig><reg>Savoysiens</reg></choice>
                     </geogName>,</l>
                  <l>Qui par fraude à chassé ses Seigneurs anciens,</l>
                  <l>Miserable <choice><orig>seiour</orig><reg>sejour</reg></choice> de toute apostasie,</l>
                  <l>D&#x2019;opiniastreté, d&#x2019;orgueil, &amp; d&#x2019;heresie,</l>
                  <l>Laquelle (en ce pendant que les Roys augmentoient</l>
                  <l>Mes bornes, &amp; bien loing pour l&#x2019;honneur combatoient)</l>
                  <l>Appellant les bannis en sa secte damnable</l>
                  <l>M&#x2019;a fait comme tu <choice><orig>uois</orig><reg>vois</reg></choice> <choice><orig>chetiue</orig><reg>chetive</reg></choice> &amp; miserable.</l>
               </lg>
               <lg>
                  <l rend="positif">Or mes Roys <choice><orig>uoyans</orig><reg>voyans</reg></choice> bien qu&#x2019;une telle cité</l>
                  <l>Leur seroit quelque <choice><orig>iour</orig><reg>jour</reg></choice> une infelicité,</l>
                  <l>Deliberoient assez de la ruer par terre</l>
                  <l>Mais contre elle <choice><orig>iamais</orig><reg>jamais</reg></choice> n&#x2019;ont entrepris la guerre,</l>
                  <l>Ou soit par negligence, ou soit par le destin</l>
                  <l>Entiere ils l&#x2019;ont laissee: &amp; de la <choice><orig>uient</orig><reg>vient</reg></choice> ma fin.</l>
               </lg>
               <lg>
                  <l rend="positif">Comme ces Laboureurs dont les mains inutiles</l>
                  <l>Laissent pendre l&#x2019;<choice><orig>hyuer</orig><reg>hyver</reg></choice> un toufeau de chenilles</l>
                  <l>Dans une fueille seiche au <sic>festre</sic> d&#x2019;un pommier:</l>
                  <l>Si tost que le Soleil de son rayon premier</l>
                  <fw place="bot-right" type="sig">B 3</fw>
                  <pb n="30" xml:id="XUVA_Gordon1563_R65b_2_0030"/>
                  <fw place="top-left" type="pageNum">[30]</fw>
                  <l>A la fueille eschaufee, &amp; qu&#x2019;elle est arrosee</l>
                  <l>Par deux ou par trois fois d&#x2019;une tendre rosee,</l>
                  <l>Le <choice><orig>uenin</orig><reg>venin</reg></choice> qui sembloit par l&#x2019;<choice><orig>hyuer</orig><reg>hyver</reg></choice> consumé,</l>
                  <l>En chenilles soudain apparoist animé,</l>
                  <l>Qui tombent de la fueille, &amp; rempent à grand peine</l>
                  <l>D&#x2019;un dos entre-cassé au milieu de la plaine,</l>
                  <l>L&#x2019;une monte en un chesne &amp; l&#x2019;autre en un olmeau,</l>
                  <l>Et <choice><orig>tousiours</orig><reg>tousjours</reg></choice> en mangeant se trainent au coupeau,</l>
                  <l>Puis descendent à terre, &amp; tellement se paissent</l>
                  <l>Qu&#x2019;une seule <choice><orig>uerdure</orig><reg>verdure</reg></choice> en la terre ne laissent.</l>
               </lg>
               <lg>
                  <l rend="positif">Alors le laboureur <choice><orig>uoyant</orig><reg>voyant</reg></choice> son champ gasté,</l>
                  <l>Lamente pour neant qu&#x2019;il ne s&#x2019;estoit hasté.</l>
                  <l>D&#x2019;etoufer de bonne heure une telle semence,</l>
                  <l>Il <choice><orig>uoit</orig><reg>voit</reg></choice> que c&#x2019;est sa faute, &amp; s&#x2019;en donne l&#x2019;offence.</l>
               </lg>
               <lg>
                  <l rend="positif">Ainsi lors que mes Roys aux guerres s&#x2019;efforçoient,</l>
                  <l>Toutes en un monceau ces chenilles croissoient,</l>
                  <l>Si qu&#x2019;en moins de trois mois, telle tourbe enragee</l>
                  <l>Sur moy c&#x2019;est espandue, &amp; m&#x2019;a toute mangee.</l>
               </lg>
               <lg>
                  <l rend="positif">Or mes peuples mutins arrogans &amp; menteurs,</l>
                  <l><sic>Mont</sic> cassé le bras droit chassant mes Senateurs,</l>
                  <l>Car de peur que la loy ne corrigeast leur <choice><orig>uice</orig><reg>vice</reg></choice>
                  </l>
                  <l>De mes palais Royaux ont banny la <choice><orig>iustice</orig><reg>justice</reg></choice>:</l>
                  <l>Ils ont rompu ma robbe en rompant mes citez,</l>
                  <l>Rendans mes citoyens contre moy depitez:</l>
                  <l>Ont pillé mes <choice><orig>cheueux</orig><reg>cheveux</reg></choice> en pillant mes Eglises,</l>
                  <l>Mes Eglises helas! que par force ils ont prises!</l>
                  <l>En poudre foudroyant images &amp; autels:</l>
                  <l>"Venerable <choice><orig>seiour</orig><reg>sejour</reg></choice> de noz Saincts immortels!</l>
                  <l>"Contre eux puisse tourner si malheureuse chose,</l>
                  <l>Et l&#x2019;or sainct derobé leur soit l&#x2019;or de Tolose!</l>
               </lg>
               <lg>
                  <l rend="positif">Ils n&#x2019;ont pas seulement, sacrileges <choice><orig>nouueaux</orig><reg>nouveaux</reg></choice>
                     <choice><sic>„</sic><corr>,</corr></choice></l>
                  <l>Fait de mes temples saincts, estables à <choice><orig>cheuaux</orig><reg>chevaux</reg></choice>,</l>
                  <l>Mais comme tourmentez des Fureurs Stygialles</l>
                  <fw place="bot-right" type="catch">Ont</fw>
                  <pb n="31" xml:id="XUVA_Gordon1563_R65b_2_0031"/>
                  <fw place="top-left" type="pageNum">[31]</fw>
                  <l>Ont <choice><orig>uiollé</orig><reg>viollé</reg></choice> l&#x2019;honneur des ombres sepulchrales,</l>
                  <l>Afin que par tel acte inique &amp; malheureux</l>
                  <l>Les <choice><orig>uiuans</orig><reg>vivans</reg></choice> &amp; les morts conspirassent contre eux:</l>
                  <l>
                     <name>Busire</name> fut plus doux, &amp; celuy qui promeine</l>
                  <l><choice><orig>Vne</orig><reg>Une</reg></choice> roche aux enfers, eut l&#x2019;ame plus humaine.</l>
               </lg>
               <lg>
                  <l rend="positif">Bref ils m&#x2019;ont delaissee en extreme langueur,</l>
                  <l>Toutesfois en mon mal <choice><orig>ie</orig><reg>je</reg></choice> n&#x2019;ay perdu le cueur,</l>
                  <l>Pour <choice><orig>auoir</orig><reg>avoir</reg></choice> une Royne à propos rencontree</l>
                  <l>Qui douce &amp; gracieuse <choice><orig>enuers</orig><reg>envers</reg></choice> moy c&#x2019;est monstree,</l>
                  <l>Elle par sa <choice><orig>uertu</orig><reg>vertu</reg></choice>, quand le cruel effort</l>
                  <l>De ces <choice><orig>nouueaux</orig><reg>nouveaux</reg></choice> mutins, me trainoit à la mort,</l>
                  <l>Lamentoit la fortune, &amp; comme Royne sage</l>
                  <l>Reconfortoit mon cueur, &amp; me donnoit courage.</l>
               </lg>
               <lg>
                  <l rend="positif">Elle abaissant pour moy sa haute <choice><orig>maiesté</orig><reg>majesté</reg></choice>,</l>
                  <l>Preposant mon salut à son authorité,</l>
                  <l>Mesmes estant malade, est maintefois allee</l>
                  <l>Pour m&#x2019;apointer à ceux qui m&#x2019;ont ainsi <choice><orig>uollee</orig><reg>vollee</reg></choice>.</l>
               </lg>
               <lg>
                  <l rend="positif">Mais Dieu qui des malins n&#x2019;a pitié ny mercy</l>
                  <l>(Comme au Roy Pharaon) a leur cueur endurcy</l>
                  <l>A fin que tout d&#x2019;un coup sa main puissante &amp; haute</l>
                  <l>Les corrige en fureur, &amp; punisse leur faute.</l>
               </lg>
               <lg>
                  <l rend="positif">Puis quand <choice><orig>ie</orig><reg>je</reg></choice> <choice><orig>uoy</orig><reg>voy</reg></choice> mon Roy qui <choice><orig>desia</orig><reg>desja</reg></choice> <choice><orig>deuient</orig><reg>devient</reg></choice> grand,</l>
                  <l>Qui courageusement me soustient &amp; defend,</l>
                  <l><choice><orig>Ie</orig><reg>Je</reg></choice> suis toute guarie, &amp; la seule apparence</l>
                  <l>D&#x2019;un Prince si bien né, me nourrist d&#x2019;esperence,</l>
               </lg>
               <lg>
                  <l rend="positif">Ce Prince, ou <choice><orig>ie</orig><reg>je</reg></choice> me trompe, en <choice><orig>uoyant</orig><reg>voyant</reg></choice> son maintien,</l>
                  <l>Sa nature si douce, &amp; incline à tout bien,</l>
                  <l>Et son corps agité d&#x2019;une ame ingenieuse,</l>
                  <l>Et sa façon de faire honneste &amp; gracieuse,</l>
                  <l>Ny moqueur, ny <choice><orig>iureur</orig><reg>jureur</reg></choice>, menteur, ny glorieux,</l>
                  <l><choice><orig>Ie</orig><reg>Je</reg></choice> pense qu&#x2019;icy bas il est <choice><orig>uenu</orig><reg>venu</reg></choice> des cieux</l>
                  <l>Afin que la couronne au chef me soit remise,</l>
                  <l>Et que par sa <choice><orig>uertu</orig><reg>vertu</reg></choice> refleurisse l&#x2019;Eglise.</l>
                  <fw place="bot-right" type="catch"><choice><orig>Auant</orig><reg>Avant</reg></choice>
                  </fw>
                  <pb n="32" xml:id="XUVA_Gordon1563_R65b_2_0032"/>
                  <fw place="top-left" type="pageNum">[32]</fw>
               </lg>
               <lg>
                  <l rend="positif"><choice><orig>Auant</orig><reg>Avant</reg></choice> qu&#x2019;il soit long temps ce magnanime Roy</l>
                  <l>Domptera les Destins qui s&#x2019;arment contre moy,</l>
                  <l>Et ces faux <choice><orig>Deuineurs</orig><reg>Devineurs</reg></choice> qui d&#x2019;une bouche <choice><orig>ouuerte</orig><reg>ouverte</reg></choice>
                  </l>
                  <l>De son sceptre Royal <choice><orig>uont</orig><reg>vont</reg></choice> predisant la perte.</l>
               </lg>
               <lg>
                  <l rend="positif">Ce Prince accompaigné d&#x2019;armes &amp; de bon-heur,</l>
                  <l><choice><orig>Enuoira</orig><reg>Envoira</reg></choice> <choice><orig>iusqu</orig><reg>jusqu</reg></choice>&#x2019;au ciel ma gloire &amp; mon honneur,</l>
                  <l>Et aura pour se rendre aux ennemis terrible,</l>
                  <l>Le nom de Treschrestien &amp; de <choice><orig>tresinuincible</orig><reg>tresinvincible</reg></choice>.</l>
               </lg>
               <lg>
                  <l rend="positif">Puis <choice><orig>uoyant</orig><reg>voyant</reg></choice> d&#x2019;autre part cest honneur de <name>Bourbon</name>,</l>
                  <l>Ce magnanime Roy, qui tressage &amp; tresbon</l>
                  <l>S&#x2019;oppose à l&#x2019;heresie, &amp; par armes menasse.</l>
                  <l>Ceux qui de leurs ayeulx ont delaissé la trace.</l>
               </lg>
               <lg>
                  <l rend="positif">Voyant le <name>Guisian</name> d&#x2019;un courage indompté,</l>
                  <l>Voyant<name> Monmorenci</name>, <choice><orig>uoyant</orig><reg>voyant</reg></choice> d&#x2019;autre costé</l>
                  <l>
                     <name>Aumalle</name> &amp; <name>sainct André</name>: Puis <choice><orig>uoyant</orig><reg>voyant</reg></choice> la noblesse</l>
                  <l>Qui porte un coeur enflé d&#x2019;armes &amp; de prouësse:</l>
                  <l><choice><orig>I</orig><reg>J</reg></choice>&#x2019;espere apres l&#x2019;orage un retour de beau temps,</l>
                  <l>Et apres un <choice><orig>hyuer</orig><reg>hyver</reg></choice> un gratieux printemps.</l>
                  <l>Car le bien suit le mal comme l&#x2019;onde suit l&#x2019;onde,</l>
                  <l>Et rien n&#x2019;est assure sans se changer au monde.</l>
               </lg>
               <lg>
                  <l rend="positif">Ce pendant pren la plume, &amp; d&#x2019;un stile endurci</l>
                  <l>Contre le trait des ans, <choice><orig>engraue</orig><reg>engrave</reg></choice> tout ceci,</l>
                  <l>A fin que noz <choice><orig>neueux</orig><reg>neveux</reg></choice> puissent un <choice><orig>iour</orig><reg>jour</reg></choice> cognoistre</l>
                  <l>Que l&#x2019;homme est malheureux qui se prend à son maistre.</l>
               </lg>
               <lg>
                  <l rend="positif">Ainsi par <choice><orig>uision</orig><reg>vision</reg></choice> la <placeName type="pays">France</placeName> a moy parla,</l>
                  <l>Puis tout soudainement de mes yeux s&#x2019;en <choice><orig>uolla</orig><reg>volla</reg></choice>
                  </l>
                  <l>Comme une poudre au <choice><orig>uent</orig><reg>vent</reg></choice>, ou comme une fumee,</l>
                  <l>Qui se <choice><orig>iouant</orig><reg>jouant</reg></choice> en l&#x2019;air, est en rien consumee.</l>
               </lg>
            </div>
            <trailer rend="center">
               <lb/>FIN.
     <lb/>
            </trailer>
            <closer rend="center">
               <signed>
                  <lb/>
                  <hi rend="it">Par Messire <name>Pierre Ronsard</name>.</hi>
               </signed>
            </closer>
         </div>

      </body>
   </text>
</TEI>
