<classSpec ident="bookAtts" type="atts">
    <desc>attributs applicables aux objets contenus par des <gi>book</gi></desc>
    <attList>
        <attDef ident="xml:id">
            <desc>fournit un identifiant unique pour le composant</desc>
            <datatype>
                <dataRef name="ID"/>
            </datatype>
        </attDef>
        <attDef ident="status">
            <desc>indique le statut de l'élément </desc>
            <valList type="closed">
                <valItem ident="red"/>
                <valItem ident="green"/>
                <valItem ident="unknown"/>
            </valList>
        </attDef>
    </attList>
</classSpec>
