<schemaSpec ns="" start="book" ident="bookSchema">
    <elementSpec ident="book">
        <desc>Elément racine d'un schéma simplissime pour encoder les livres</desc>
        <content>
            <alternate minOccurs="1" maxOccurs="unbounded">
                <elementRef key="para"/>
                <elementRef key="image"/>
            </alternate>
        </content>
    </elementSpec>
    
    <elementSpec ident="para">
        <desc>une paragraph de text </desc>
        <content>
            <textNode/>
        </content>
    </elementSpec>
    <elementSpec ident="image">
        <desc>un élément vide qui pointe sur un fichier graphique</desc>
        <content/>
        <attList>
            <attDef ident="href">
                <desc>fournit l' URI de l'objet ciblé</desc>
                <datatype>
                    <dataRef name="anyURI"/>
                </datatype>
            </attDef>
        </attList>
    </elementSpec>
</schemaSpec>
      
            

