<?xml version="1.0" encoding="UTF-8"?>
<?oxygen RNGSchema="../Schemas/justWords.rnc" type="compact"?>
<TEI xmlns="http://www.tei-c.org/ns/1.0"
  xmlns:xi="http://www.w3.org/2001/XInclude">
<teiHeader xmlns="http://www.tei-c.org/ns/1.0">
        <fileDesc>
            <titleStmt>
                <title>The Queen's Christmas Broadcasts 1955-2009</title>
            </titleStmt>
            <publicationStmt>
                <p>TEI XML version </p>
            </publicationStmt>
            <sourceDesc>
                <p>This version was made by automatically processing the material available at the
                         in January 2010. XHTML files were
                    converted to TEI XML, and linguistic annotation added using the treeTagger
                    program. </p>
            </sourceDesc>
        </fileDesc>
    </teiHeader>
<text xmlns="http://www.tei-c.org/ns/1.0"><body>
<xi:include	    href="frags/1952.aspx.xml"/>
<xi:include 	    href="frags/1954.aspx.xml"/>
<xi:include 	    href="frags/1955.aspx.xml"/>
<xi:include 	    href="frags/1956.aspx.xml"/>
<xi:include 	    href="frags/1957.aspx.xml"/>
<xi:include 	    href="frags/1958.aspx.xml"/>
<xi:include 	    href="frags/1959.aspx.xml"/>
<xi:include 	    href="frags/1960.aspx.xml"/>
<xi:include 	    href="frags/1961.aspx.xml"/>
<xi:include 	    href="frags/1962.aspx.xml"/>
<xi:include 	    href="frags/1963.aspx.xml"/>
<xi:include 	    href="frags/1964.aspx.xml"/>
<xi:include 	    href="frags/1965.aspx.xml"/>
<xi:include 	    href="frags/1966.aspx.xml"/>
<xi:include 	    href="frags/1967.aspx.xml"/>
<xi:include 	    href="frags/1968.aspx.xml"/>
<xi:include 	    href="frags/1969.aspx.xml"/>
<xi:include 	    href="frags/1970.aspx.xml"/>
<xi:include 	    href="frags/1971.aspx.xml"/>
<xi:include 	    href="frags/1972.aspx.xml"/>
<xi:include 	    href="frags/1973.aspx.xml"/>
<xi:include 	    href="frags/1974.aspx.xml"/>
<xi:include 	    href="frags/1975.aspx.xml"/>
<xi:include 	    href="frags/1976.aspx.xml"/>
<xi:include 	    href="frags/1977.aspx.xml"/>
<xi:include 	    href="frags/1978.aspx.xml"/>
<xi:include 	    href="frags/1979.aspx.xml"/>
<xi:include 	    href="frags/1980.aspx.xml"/>
<xi:include 	    href="frags/1981.aspx.xml"/>
<xi:include 	    href="frags/1982.aspx.xml"/>
<xi:include 	    href="frags/1983.aspx.xml"/>
<xi:include 	    href="frags/1984.aspx.xml"/>
<xi:include 	    href="frags/1985.aspx.xml"/>
<xi:include 	    href="frags/1986.aspx.xml"/>
<xi:include 	    href="frags/1987.aspx.xml"/>
<xi:include 	    href="frags/1988.aspx.xml"/>
<xi:include 	    href="frags/1989.aspx.xml"/>
<xi:include 	    href="frags/1990.aspx.xml"/>
<xi:include 	    href="frags/1991.aspx.xml"/>
<xi:include 	    href="frags/1992.aspx.xml"/>
<xi:include 	    href="frags/1993.aspx.xml"/>
<xi:include 	    href="frags/1994.aspx.xml"/>
<xi:include 	    href="frags/1995.aspx.xml"/>
<xi:include 	    href="frags/1996.aspx.xml"/>
<xi:include 	    href="frags/1997.aspx.xml"/>
<xi:include 	    href="frags/1998.aspx.xml"/>
<xi:include 	    href="frags/1999.aspx.xml"/>
<xi:include 	    href="frags/2000.aspx.xml"/>
<xi:include 	    href="frags/2001.aspx.xml"/>
<xi:include 	    href="frags/2002.aspx.xml"/>
<xi:include 	    href="frags/2003.aspx.xml"/>
<xi:include 	    href="frags/2004.aspx.xml"/>
<xi:include 	    href="frags/2005.aspx.xml"/>
<xi:include 	    href="frags/2006.aspx.xml"/>
<xi:include 	    href="frags/2007.aspx.xml"/>
<xi:include 	    href="frags/2008.aspx.xml"/>
<xi:include 	    href="frags/2009.aspx.xml"/>
</body></text></TEI>
