<?xml version="1.0" encoding="UTF-8"?>
<?oxygen RNGSchema="http://www.tei-c.org/release/xml/tei/custom/schema/relaxng/tei_all.rng" type="xml"?>
<TEI xmlns:math="http://www.w3.org/1998/Math/MathML" xmlns="http://www.tei-c.org/ns/1.0"
    xmlns:xi="http://www.w3.org/2001/XInclude" xmlns:svg="http://www.w3.org/2000/svg"
    xml:id="B6739_1">
    <teiHeader>
        <fileDesc>
            <titleStmt>
                <title>Compte de Pierre de Montfalcon (<hi rend="italics">dominus Petrus de
                        Montefalcone</hi>) pour la châtellenie de Bagé, du 8 mars 1274 au 8 mars
                    1275 <date type="debut" from-iso="12740308" cert="high"/><date type="fin"
                        from-iso="12750308" cert="high"/></title>
                <respStmt>
                    <persName><name xml:lang="fra">Pierre de Montfalcon</name><name xml:lang="lat"
                            >Petrus de Montefalcone</name></persName>
                    <resp>Châtelain</resp>
                </respStmt>
            </titleStmt>
            <publicationStmt>
                <p>Alain Kersuzan et Frédéric Chartrain, avec la collaboration de Marjorie Burghart, Jean-Louis Gaulin, et Jean-Michel Poisson, 
                    <title>Compte de Pierre de Montfalcon (<hi rend="italics">dominus Petrus de Montefalcone</hi>) pour la châtellenie de Bagé, du 8 mars 1274 au 8 mars 1275</title>,
                    Lyon - Chambéry, 2011 (<title>Documents comptables des Etats de Savoie, XIIIe - XVe s.</title>)</p>
            </publicationStmt>
            <seriesStmt>
                <title>Bagé</title>
            </seriesStmt>
            <sourceDesc>
                <p/>
            </sourceDesc>
        </fileDesc>
    </teiHeader>
    <text>
        <body>
            <div xml:id="avena_0">
                <milestone n="02" unit="vue"/>
                <pb n="1"/>
                <head>avena</head>
                <p><lb/> idem reddit computum</p>
            </div>
            <div xml:id="prologue">
                <p><lb/>Computus domini Petri de Montefalcone militis castellani Baugiaci et
                    baillivi Terre a die <lb/> iovis proxima post mediam XLm<hi rend="sup"
                        >am</hi><note place="foot"> Lire <hi rend="italics">mediam
                            quadragesimam</hi>.</note> anno Domini M<hi rend="sup">o</hi> CC<hi
                        rend="sup">o</hi> LXXIII<hi rend="sup">o</hi> usque ad eamdem diem anno
                    revoluto</p>
            </div>
            <div xml:id="recepte">
                <div xml:id="frumentum">
                    <head>frumentum</head>
                    <p><lb/>idem reddit computum <list>
                            <item> de CCC XXVII <foreign>meiters</foreign> II cupis frumenti
                                    <sic>recepti</sic> hoc anno in castellania tam de servitiis
                                lunatione quam de <lb/> messe prepositorum ut in extenta</item>
                        </list></p>
                    <p>summa eadem <list>
                            <item> de quibus supra tenementum Guillermi
                                    <lb/><foreign>Flechet</foreign> de <foreign>Varenes</foreign>
                                supra Raisousam quod nunc percipit castellanus Sancti Triverii : III
                                meiteria </item>
                            <item> in censa facta cum Stephano de <lb/> Speisola preposito de toto
                                blado quod dominus percipit ibi <unclear>et al[i]is</unclear> : III
                                meiteria</item>
                        </list> et restant : CCC XXI meiteria II cupe</p>
                </div>
                <div xml:id="iterum_frumentum">
                    <head>iterum frumentum</head>
                    <p><list>
                            <item><lb/> idem reddit computum de XIIII meiteriis V cupis receptis de
                                exitu molendini Baugiaci hoc anno et sciendum est quod dictum
                                molendinum <lb/> fuit positum in extenta pro quadraginta meiteriis
                                sed propter deffectum aquarum cessavit hoc anno per sex menses et
                                ideo ita <lb/> male respondet</item>
                        </list></p>
                    <p>summa totius recepte frumenti : CCC XXXVI meiteria I cupa, venditur ut infra
                        <lb/> quibus aduntur II meiteria dimidium de exitu mayerie grangie hoc
                        anno</p>
                </div>
                <div xml:id="siligo">
                    <head>siligo</head>
                    <p><lb/> idem reddit computum <list>
                            <item> de CC IIII<hi rend="sup">XX</hi> II meiteriis I cupa dimidia
                                siliginis receptis de servitiis lunatione messe prepositorum exitu
                                decimarum in <lb/> castellania predicta per annum ut in
                                extenta</item>
                        </list></p>
                    <p>summa eadem <list>
                            <item> de quibus supra censam quam tenet <lb/> dictus Stephanus de
                                Speisola prepositus de <foreign>Marczonast</foreign> : XXXIII
                                meiteria </item>
                            <item> in censa prepositure de Replungo accensata Gileto de Baugiaco :
                                XI meiteria I cupam</item>
                        </list> et restant : CC XXXVIII meiteria dimidia cupa</p>
                </div>
                <div xml:id="iterum_siligo">
                    <head>iterum siligo</head>
                    <p><lb/> idem reddit computum <list>
                            <item> de XXIX meiteriis IIII cupis receptis de exitu molendini Baugiaci
                                hoc anno et respondet minus quam solebat propter hoc <lb/> quod
                                cessavit ut supra in recepta frumenti </item>
                            <item> de V meiteriis receptis de exitu mayerie grangie de
                                    <foreign>Corceles</foreign></item>
                            <item> de pascuis nichil hoc anno</item>
                        </list></p>
                    <p><lb/> summa <sic>tottalis</sic> recepte siliginis : CC LXXII meiteria IIII
                        cupe dimidia, venduntur ut infra</p>
                </div>
                <div xml:id="fabe">
                    <head>fabe</head>
                    <p><lb/> idem reddit computum <list>
                            <item> de IIII cupis fabarum receptis de maieria grangie de
                                    <foreign>Nermont</foreign> hoc anno </item>
                            <item> de I cupa recepta de exitu <lb/> decime de
                                    <foreign>Corceles</foreign></item>
                        </list></p>
                    <p>summa : V cupe</p>
                </div>
                <div xml:id="milium">
                    <head>millium</head>
                    <p><list>
                            <item><lb/> idem reddit computum de I cupa millii recepta de exitu
                                decime de <foreign>Corceles</foreign>, venditur ut infra</item>
                        </list></p>
                </div>
                <div xml:id="panicium">
                    <head>panicium</head>
                    <p><list>
                            <item><lb/> idem reddit computum de II cupis receptis in eadem decima,
                                venduntur ut infra</item>
                        </list></p>
                </div>
                <div xml:id="veces">
                    <head>veces</head>
                    <p><list>
                            <item><lb/> idem reddit computum de I cupa de <foreign>veces</foreign>
                                recepta in eadem decima, venditur ut infra</item>
                        </list></p>
                </div>
                <div xml:id="avena">
                    <head>avena</head>
                    <p><lb/> idem reddit computum <list>
                            <item> de VIII<hi rend="sup">XX</hi> V meiteriis dimidio avene receptis
                                in castellania predicta ut in extenta </item>
                            <item> de II meiteriis receptis de mayeria <lb/> grangie de
                                    <foreign>Nermont</foreign> hoc anno</item>
                        </list></p>
                    <p><lb/> summa recepte : VIII<hi rend="sup">XX</hi> VII meiteria dimidium <list>
                            <item> de quibus <lb/> in censa de Marczonasco facta dicto Stephano ut
                                supra : IIII meiteria VII cupas </item>
                            <item> in defectu decime de <foreign>Corceles</foreign> hoc anno : X
                                cupas </item>
                            <item><lb/> item in liberatione equorum Thome de Sabaudia in edomada qua
                                fuit festum beati Andree ut patet per litteram dicti Thome : XX
                                meiteria VIII <lb/> cupas </item>
                            <item> item ad expensas Amedei factas apud Baugiacum edomada ante
                                nativitatem Domini et edomada post ut patet per litteram Petri
                                clerici dicti Amedei : <lb/> XVIII meiteria dimidium I cupam </item>
                            <item> item ad expensas equorum domini seiornantium apud Baugiacum a
                                nativitate Domini usque ad mediam XL<hi rend="sup">am </hi>: XXVI
                                meiteria dimidium <lb/> et quartam partem unius meiterii </item>
                            <item> item pro palafredo phisici Thome predicti seiornantis Baugiaci
                                per viginti quatuor dies : II meiteria</item>
                        </list></p>
                    <p><lb/> summa librate : LXXIII meiteria V cupe</p>
                    <p>sic restant IIII<hi rend="sup">XX</hi> XIIII meiteria I cupa <add
                            place="interlinear"><sic>venditur</sic> ut infra</add></p>
                </div>
                <div xml:id="vinum">
                    <head>vinum</head>
                    <p><lb/> idem reddit computum <list>
                            <item> de LX sestariis dimidio vini receptis de decima Baugiaci hoc anno
                                    <del rend="overstrike">et</del></item>
                            <item> et sciendum est quod non respondet de XL sestariis <lb/> ut
                                continetur in extenta et hoc propter deffectum vindemiarum</item>
                        </list></p>
                    <p><lb/> summa : LX sestarii</p>
                    <p><list>
                            <item> de quibus libravit <lb/> ad expensas Thome de Sabaudia edomada
                                qua fuit festum beati Andree ut per litteram suam patet : XXIII
                                sestarios dimidium </item>
                            <item> item ad <lb/> expensas Amedei dominica post nativitatem Domini
                                apud Baugiacum ut per litteram Petri clerici sui : XII
                                sestarios</item>
                        </list></p>
                    <p><lb/> summa librate : XXXV sestarii dimidius</p>
                    <p> sic restant <lb/> quod debet : XXIIII sestarios dimidium, venduntur ut
                        infra</p>
                </div>
                <div xml:id="galline">
                    <head>gualline</head>
                    <p><lb/> idem reddit computum <list>
                            <item> de CCCC VI guallinis dimidia <del rend="underlined_dotted"
                                    >receptis</del> debitis in dicta castellania ut in
                                extenta</item>
                        </list></p>
                    <p><lb/> summa eadem</p>
                    <p><list>
                            <item> de quibus libravit ad expensas <lb/> dicti Thome edomada predicta
                                qua fuit festum beati Andree : LIII guallinas ut patet per litteram
                                suam </item>
                            <item> item ad expensas Amedei predicti <lb/> edomada post nativitatem
                                Domini ut per litteram Petri clerici sui patet : XLIII
                                gallinas</item>
                        </list></p>
                    <p><lb/> summa librate : IIII<hi rend="sup">XX</hi> XVI galline</p>
                    <p><lb/> sic restant CCC X galline dimidia</p>
                </div>
                <div xml:id="anseres">
                    <head>anseres</head>
                    <p><list>
                            <item><lb/> idem reddit computum de VI <sic>amseribus</sic> debitis in
                                dicta castellania ut in <sic>estenta</sic>, vendantur</item>
                        </list></p>
                </div>
                <div xml:id="panes">
                    <head>panes</head>
                    <p><list>
                            <item><lb/> idem reddit computum de XXI panibus receptis de redditu in
                                dicta castellania ad natale Domini, venduntur</item>
                        </list></p>
                </div>
                <div xml:id="cera">
                    <head>cere</head>
                    <p><list>
                            <item><lb/> idem reddit computum de XV libris cere receptis in dicta
                                castellania pro <sic>guarda</sic>, remanent</item>
                        </list></p>
                </div>
                <div xml:id="pulli">
                    <head>pulli</head>
                    <p><list>
                            <item><lb/> idem reddit computum de IX pullis debitis in dicta
                                castellania ut in extenta</item>
                        </list></p>
                </div>
                <div xml:id="denarii_redditus">
                    <head>denarii redditus</head>
                    <p><lb/> idem reddit computum <list>
                            <item> de XXVI libris IIII solidis VII denariis masthiconensium receptis
                                de redditu asise in castellania ut in extenta deductis sex libris
                                <lb/> tribus solidis uno obolo de quibus respondet Stephanus de
                                Speysola pro censa de Marczonasco de qua computabit baillivus
                                inferius </item>
                            <item> de XXX solidis receptis de quodam redditu qui vocatur
                                    <foreign>ublies</foreign> in villis de
                                    <foreign>Hongart</foreign> et de Manziaco </item>
                            <item> de VII libris XVI solidis VI denariis receptis de teysis in <lb/>
                                villa Baugiaci hoc anno </item>
                            <item> de LVII solidis IIII denariis receptis de gardis in dicta
                                castellania hoc anno </item>
                            <item> de XLVIII libris receptis de censa <del rend="overstrike">B</del>
                                mercati Baugiaci <lb/> videlicet de cupunagio leyda parvo pedagio
                                ventis hoc anno </item>
                            <item> de IIII libris receptis de banno vini prima die madii in nundinis
                                Baugiaci hoc <lb/> anno </item>
                            <item> de XIII solidis IIII denariis receptis de
                                        <unclear><foreign>lu</foreign></unclear> nundinis sancti
                                Andree apud Baugiacum de parte quam percipiebat prepositus in
                                tabernis et quibusdam aliis minutis<note type="césure"><hi
                                        rend="italics">minu<lb/>tis</hi></note><lb/> hoc anno </item>
                            <item> de C X libris receptis de tallia in dicta castellania ut in
                                particulis hoc anno </item>
                            <item> de V solidis IIII denariis receptis pro censa vinee domini apud
                                Sanctum <lb/> Iohannem hoc anno </item>
                            <item> de XVII libris VI solidis VIII denariis receptis de chacipoleriis
                                venditis hoc anno </item>
                            <item> de VIII libris XIII solidis IIII denariis receptis de Stephano
                                <lb/> de Speisola pro censa de Marczonasco quam habuit hoc
                                anno</item>
                        </list></p>
                    <p><lb/> summa : CC XXVII lb. VII s. I d.</p>
                </div>
                <div xml:id="laudes_et_venditiones">
                    <head>laudes et venditiones</head>
                    <p><lb/> idem reddit computum <list>
                            <item> de XIIII libris XIIII solidis VIII denariis receptis de magistro
                                Guidone scriptore Baugiaci pro intragio cuiusdam terre quam emit
                                apud <lb/> Baugiacum Villam </item>
                            <item> de LX V solidis IIII denariis receptis de exitu sigilli a die
                                iovis post mediam XLm<hi rend="sup">am</hi> usque ad festum
                                accensionis Domini et de residuo <lb/> anni respondebit iudex </item>
                            <item> de IIII libris III solidis IIII denariis receptis de laudibus et
                                venditionibus receptis per idem tempus, de residuo anni respondebit
                                iudex </item>
                            <item><lb/> de XX libris receptis de Perroto cavorcini Baugiaci de censa
                                quam debet ut moretur ibidem </item>
                            <item> de LXVI solidis VIII denariis receptis de Symone Iudeo et filio
                                <lb/> morantibus Baugiaci </item>
                            <item> de VI libris XIII solidis IIII denariis receptis de Iudeis de
                                Ponte Vallium hoc anno</item>
                        </list></p>
                    <p><lb/> summa : LII lb. III s. IIII d.</p>
                </div>
                <div xml:id="banna_et_clame">
                    <head>banna et clame</head>
                    <p><lb/> idem reddit computum <list>
                            <item> de LXIIII libris II solidis receptis de bannis <del
                                    rend="underlined_dotted">clami</del> in castellania ut in
                                particulis hoc anno </item>
                            <item> de LXXIIII solidis receptis de clamis ut in particulis hoc
                                anno</item>
                        </list></p>
                    <p><lb/> summa : LXVII lb. XVI s. </p>
                </div>
                <div xml:id="venditiones_bladorum">
                    <head>venditiones bladorum</head>
                    <p><lb/> idem reddit computum <list>
                            <item> de LXXIII libris III solidis receptis de <del rend="overstrike"
                                    >CC</del> ducentis novem meiteriis frumenti venditis quolibet
                                meiterio septem solidis </item>
                            <item> de XXX libris VI solidis III denariis receptis de C XIII
                                meiteriis dimidio I cupa venditis quolibet meiterio V solidis IIII
                                denariis, est sciendum quod pro singulis viginti meiteriis
                                    dabatur<note> On avait écrit <hi rend="italics">dantur</hi>,
                                    mais le n a été annulé par exponctuation et la syllabe <hi
                                        rend="italics">ba</hi> ajoutée dans l’interligne
                                    supérieur.</note><lb/> emptori unum meiterium </item>
                            <item> de LXV libris receptis de ducentis sexaginta meiteriis siliginis
                                venditis ut supra quolibet meiterio quinque solidis deductis XII
                                <lb/> meiteriis quatuor cupis dimidia datis pro gietis ut in
                                venditione frumenti </item>
                            <item> de V solidis IIII denariis receptis de quinque cupis fabarum
                                venditis ut supra </item>
                            <item><lb/> de III solidis IIII denariis receptis de panicio, millio,
                                    <foreign>veces</foreign> venditis ut supra </item>
                            <item> de XXII libris VII solidis XI denariis receptis de quatuor
                                viginti novem meiteriis dimidio <lb/> una cupa avene venditis
                                quolibet quinque solidis deductis quatuor meiteriis dimidio pro
                                gietis </item>
                            <item> de IIII libris receptis de viginti quatuor sestariis dimidio vini
                                <lb/> venditis ut supra </item>
                            <item> de IIII solidis receptis de sex <sic>amseribus</sic> venditis ut
                                supra </item>
                            <item> de XII denariis receptis de novem pullis venditis ut supra</item>
                        </list></p>
                    <p><lb/> summa : IX<hi rend="sup">XX</hi> XV lb. X s. X d.</p>
                    <p><lb/> summa totalis horum denariorum : V<hi rend="sup">C</hi> XLII lb. XVII
                        s. III d. par., valent <lb/> ad viennenses : VIII<hi rend="sup">C</hi> XIIII
                        libras V solidos X denarios obolum</p>
                </div>
                <milestone n="03" unit="vue"/>
                <pb n="2"/>
                <div xml:id="recepta_forinseca">
                    <head>recepta foriseca</head>
                    <p><lb/> idem reddit computum <list>
                            <item> de XI libris X solidis viennensium receptis de Stephano de
                                Speisola castellano Sancti Martini Castri </item>
                            <item> de LX libris receptis de Guillermo de <lb/> Sestenay castellano
                                de Sagiaco</item>
                            <item>de LII<note> Le nombre a été ajouté après effacement d’une
                                    rédaction précédente.</note> libris XIII solidis receptis de
                                Iocerando castellano Pontis Vallium </item>
                            <item> de XVI libris viennensium receptis ab eodem </item>
                            <item> de C <lb/> XIIII libris receptis de <sic>Hunberto</sic> de Balma
                                castellano Sancti Triverii </item>
                            <item> de XX libris receptis de magistro Guillermo de
                                    <sic>Masthicone</sic> pro terra de
                                <unclear>Perac[u]lo</unclear></item>
                            <item> de <lb/> CC LII<note> Le nombre a été ajouté après effacement
                                    d’une rédaction précédente.</note> libris viennensium receptis
                                de Petro de Castro Novo castellano Cusiriaci in diversis </item>
                            <item> de LVII solidis <add place="interlinear">VII denariis</add>
                                receptis de <add place="interlinear">domino</add> Iohanne de
                                Castellario de remanentia <lb/> computi sui ut patet in eodem</item>
                        </list></p>
                    <p><lb/> summa : V<hi rend="sup">C</hi> XXIX lb. VII d. vien.</p>
                </div>
                <div xml:id="bilan_recepte">
                    <p><lb/> summa tottalis recepte : M CCC XLIII lb. VI s. V d. ob. vien. </p>
                </div>
            </div>
            <div xml:id="expense_et_librate">
                <div xml:id="expense">
                    <p><list>
                            <item> de quibus <lb/> in uno granerio facto de novo infra castrum
                                Baugiaci ad reponendum blada domini, in lignis prosternendis,
                                stipendiis carpentariorum <lb/> operantium in eo et ferratura et in
                                aliis minutis ad idem ut in particulis : XLVI solidos III denarios
                                viennensium </item>
                            <item> in quodam bichone ad mensurandum <lb/> bladum et ipso ligando de
                                ferro : VI solidos </item>
                            <item> in emendatione chiminate <add place="interlinear">aule</add> :
                                IIII solidos VI denarios </item>
                            <item> in quadam camera facta retro coquinam ad opus baillivi <lb/>
                                quando dominus venit ibi videlicet lignis prosternendis, stipendiis
                                carpentariorum et ipsa cohoperienda de tegula, hostiis et sarruris
                                ad <sic>eandem</sic><lb/> ut in particulis : X libras X solidos XI
                                denarios </item>
                            <item> in emendatione stagni Baugiaci videlicet in uno dechargitorio de
                                novo faciendo de lignis videlicet <lb/> pro lignis ibi aducendis,
                                stipendiis diversorum carpentariorum operantium ibi per plures dies
                                ut in particulis<note> On a écrit <hi rend="italics"
                                        >inparticulis</hi>.</note> : XIII libras IIII solidos VIII
                                denarios </item>
                            <item> in ipso <lb/> dechargitorio<note type="césure"><hi rend="italics"
                                        >de<lb/>chargitorio</hi></note> operando de terra et
                                calciata elevanda per Guichardum fossatorem de Bastia cui dabatur
                                dictum opus in taschiam : XXIII libras </item>
                            <item><lb/> in tonellis et cuvis religandis in vindemiis<note> On paraît
                                    avoir écrit <hi rend="italics">videmiis</hi>.</note> et
                                stipendiis hominum congregantium et aportantium vindemiam <del
                                    rend="overstrike">ut in</del> que datur pro decima <lb/> ut in
                                particulis : XXV solidos </item>
                            <item> in <del rend="overstrike">diver</del> stipendiis diversorum et
                                plurium nuntiorum missorum diversa loca<note> On avait écrit <hi
                                        rend="italics">diversas locas</hi>, mais ces mots ont été
                                    corrigés par exponctuation des <hi rend="italics">s</hi>
                                    finaux.</note> ut in particulis : LXII solidos VI denarios </item>
                            <item> in expensis <lb/> plurium et diversarum gentium sine armis et cum
                                armis quas baillivus duxit secum ad dies quas habuit contra
                                episcopum Masthiconensis et dominum Henricum <lb/> de Pagnis et
                                Guillermum filium suum et alibi pro diversis negotiis domini ut in
                                particulis : XX libras XVII solidos V denarios </item>
                            <item> in expensis Thome de Roseillonis <lb/> audientis computum
                                Baugiaci ante quam Thomas de Sabaudia veniret ibi : XXIX solidos I
                                denarium </item>
                            <item> uno roncino conducto de Baugiaco usque
                                    <unclear>Lugdun[um]</unclear><note> Le mot est
                                    raturé.</note><lb/><sic>per Iohanino Anglico</sic><note> Lire
                                        <hi rend="italics">per Iohaninum Anglicum</hi>.</note> : VI
                                solidos </item>
                            <item> cera viridi pro sigillo curie dum fuit in manu baillivi : II
                                solidos VI denarios </item>
                            <item> in emenda facta Blanco <foreign>Chanu</foreign><lb/> quem
                                verbaverat Stephanus Lupi : VIII solidos </item>
                            <item> in sexaginta duodecim libris cere emptis et redditis ecclesie
                                Sancti Vicentii Mathisconensis cui <lb/> dominus eas debet : IX
                                libras </item>
                            <item> pro feno faciendo in prato dicto de Sancto Paulo : XIII solidos
                                VI denarios </item>
                            <item> pro quatuor penuncellis factis de armis domini <lb/> ad ponendum
                                in domibus que redduntur domino causa baronie : XVIII solidos IX
                                denarios </item>
                            <item><del rend="overstrike">expe</del> pro uno somerio conducto de
                                Baugiaco apud Lugdunum pro deferendis <lb/> lectuariis pro domino
                                Thoma : IIII solidos </item>
                            <item> quindecim hominibus extrahentium bladum de granerio et
                                mensurantium : VII solidos VI denarios </item>
                            <item> expensis Grilleti <lb/> ducentis magnum equum domini de Baugiaco
                                apud Conziacum : IIII solidos </item>
                            <item> expensis Guillermi et Iohannis ducentium palafredos domini de
                                Baugiaco <lb/> apud Conziacum : XII solidos </item>
                            <item> expensis Alamandi garcionis Arnoudi infirmantis Baugiaci : II
                                solidos </item>
                            <item> expensis Anglici ducentis duos somerios <lb/> de Baugiaci apud
                                Conziacum : V solidos </item>
                            <item> falerita pro <sic>palaffredo</sic> phisici Thome de Sabaudia dum
                                seiornabat Baugiaci : III solidos </item>
                            <item> pro sex duodenis <lb/> caseorum datis Rollando de
                                    <foreign>Chantour</foreign> precepto domini : LIIII solidos </item>
                            <item> expensis duorum scutiferorum missorum apud Lugdunum ad solvendum
                                Guillermo <lb/> de Anziaco denarios quos dominus sibi debebat per
                                quinque dies : LIX solidos </item>
                            <item> expensis scutiferi deferentis denarios ad dominum apud Conziacum
                                : X solidos </item>
                            <item><lb/> expensis quatuor garcionum domini custodientium equos domini
                                apud Baugiacum per unum mensem et expensis unius garcionis per <del
                                    rend="overstrike">tres</del> novem edomadas <lb/> et expensis
                                canum quatuor per tresdecim edomadas : XI libras II solidos III
                                denarios</item>
                        </list></p>
                    <p><lb/> summa : C VI lb. XVII s. XI d.</p>
                </div>
                <div xml:id="librate">
                    <head>librata</head>
                    <p><list>
                            <item><lb/> idem libravit die martis ante ramos palmarum anno LXXIII<hi
                                    rend="sup">o</hi> Thome de Sabaudia ad expensas suas apud
                                Baugiacum ut patet <lb/> per litteram Petri Roseti clerici sui :
                                VIII libras XIII solidos XI denarios viennensium </item>
                            <item><lb/> item libravit ad expensas Amedei de Sabaudia ut per litteram
                                Petri clerici sui die iovis post penthecosten anno LXXIIII<hi
                                    rend="sup">o </hi>: XIX libras III solidos II denarios </item>
                            <item><lb/> item libravit ad expensas equorum Amedei predicti
                                seiornantium Baugiaci in mense iulio anno eodem : IIII libras VI
                                solidos VI denarios </item>
                            <item><lb/> item domine Baugiaci uxori dicti Amedei in festo beate Marie
                                Magdalene ut per litteram suam anno eodem : XXX libras </item>
                            <item><lb/> item libravit <sic>Hunberto</sic> de Bocosello die mercurii
                                post nativitatem beate Marie ut per litteram Amedei de remanentia
                                emende <lb/> unius equi quem amiserat in servitio ipsius Amedei : XX
                                libras </item>
                            <item><lb/> item libravit magistro Pontio facienti extentas in terra
                                Baugiaci per sex edomadas ut per litteram suam : IX libras XVI
                                solidos </item>
                            <item><lb/> item libravit <foreign>Petit</foreign> de Gilignia pro
                                quadam terra empta ab ipso quam post ea habuit magistro Guido
                                scriptor ut patet supra <lb/> in receptis : XIX libras X solidos </item>
                            <item><lb/> item libravit Hugoni de Chatenay pro eo quod domum suam et
                                centum solidatas terre iuxta cepit in feudum a domino ut <lb/>
                                aparet per litteras sigillatas sigillis priorum Nove Ville et de
                                Chavarria : XV libras </item>
                            <item><lb/> item libravit Roleto de Musiey de mandato domini <supplied
                                    reason="support en partie détruit">pro annua</supplied> pensione
                                sibi data de domino : X libras </item>
                            <item><lb/> item Guillermo de Anziaco pro debito in quo sibi dominus
                                tenebatur ut patet per litteras debiti et fideiussionis quas
                                reddidit pro trescentis libris <lb/> turonensium : CCC LXVI libras
                                    <supplied reason="support détruit">V solidos …
                                …</supplied></item>
                            <item><lb/> item libravit domine comitisse matri dicti Amedei per
                                Thignem famulum suum de mandato domini : XLIIII libras </item>
                            <item><lb/> item libravit Guillermo de Flavigniaco civi Lugdunensi die
                                sabbati post festum beati Nicholai pro debito domine Baugiaci ut
                                patet <lb/> per litteram Guillermi : XXXV libras </item>
                            <item><lb/> item libravit dicto magistro Pontio qui fecerat extentas pro
                                servitio suo per litteras Thome de Sabaudia : VI libras pro centum
                                solidis turonensium </item>
                            <item><lb/> item libravit ad expensas Thome de Sabaudia dominica post
                                festum sancti Andree ut per litteras suas : LIX libras III solidos
                                II denarios </item>
                            <item><lb/> item libravit Francisco de Rupecula pro roncino quem emit
                                dominus ab eodem ut per litteram capellani Sancti Andree Baugiaci :
                                XXX libras </item>
                            <item><lb/> item libravit domino Matheo de Phuer civi Lugdunensi pro
                                debito domini pro centum quinquaginta libris turonensium : IX<hi
                                    rend="sup">XX</hi> II libras </item>
                            <item><lb/> item libravit Petro clerico dicti Amedei edomada ante festum
                                beati Iohannis baptiste anno LXXIIII° : VI<hi rend="sup">XX</hi>
                                IIII libras </item>
                            <item><lb/> item libravit eidem circa nativitatem Domini et circa
                                carniprivium : C libras VIII denarios </item>
                            <item><lb/> item sibi ipsi pro salario suo per dictum tempus per
                                conventionem factam cum eo de castro et ballivia tenendis : IIII<hi
                                    rend="sup">XX</hi> libras</item>
                        </list></p>
                    <p><lb/> summa librate : <supplied reason="support détruit">M C LX</supplied>II
                        lb. XIII s. V d.</p>
                </div>
                <div xml:id="bilan">
                    <p><lb/> summa totius <supplied reason="support détruit">expense</supplied> et
                        librate : XII<hi rend="sup">C</hi> LXIX lb. XI s. IIII d.</p>
                    <p>sic <lb/> debet de claro dictus baillivus : LXXIII lb. XV s. III ob.
                            vien.<note> Dans la marge gauche, on a commencé à écrire <hi
                                rend="italics">re</hi>.</note></p>
                </div>
            </div>
            <div type="verso">
                <!-- <milestone n="03" unit="vue"/> -->
                <p rend="verso">Computus domini Petri de Montefalcone baillivi <lb/> Baugiaci anno
                        LXXIIII<hi rend="sup">o</hi></p>
            </div>
        </body>
    </text>
</TEI>
