<?xml version="1.0" encoding="UTF-8"?>
<?oxygen RNGSchema="http://www.tei-c.org/release/xml/tei/custom/schema/relaxng/tei_all.rng" type="xml"?>
<TEI xmlns:math="http://www.w3.org/1998/Math/MathML" xmlns="http://www.tei-c.org/ns/1.0"
    xmlns:xi="http://www.w3.org/2001/XInclude" xmlns:svg="http://www.w3.org/2000/svg"
    xml:id="B6739_2">
    <teiHeader>
        <fileDesc>
            <titleStmt>
                <title>Compte de Jean Loup (<hi rend="italics">Johannes Lupi</hi>) pour la
                    châtellenie de Pont-de-Veyle, du 24 juin 1274 au 24 juin 1275 <date type="debut"
                        from-iso="12740624" cert="high"/><date type="fin" from-iso="12750624"
                        cert="high"/></title>
                <respStmt>
                    <persName><name xml:lang="fra">Jean Loup</name><name xml:lang="lat">Johannes
                            Lupi</name></persName>
                    <resp>Châtelain</resp>
                </respStmt>
            </titleStmt>
            <publicationStmt>
                <p>Alain Kersuzan et Frédéric Chartrain, avec la collaboration de Marjorie Burghart, Jean-Louis Gaulin, et Jean-Michel Poisson, 
                    <title>Compte de Jean Loup (<hi rend="italics">Johannes Lupi</hi>) pour la
                        châtellenie de Pont-de-Veyle, du 24 juin 1274 au 24 juin 1275</title>,
                    Lyon - Chambéry, 2011 (<title>Documents comptables des Etats de Savoie, XIIIe - XVe s.</title>)</p>
            </publicationStmt>
            <seriesStmt>
                <title>Pont-de-Veyle</title>
            </seriesStmt>
            <sourceDesc>
                <p>Information about the source</p>
            </sourceDesc>
        </fileDesc>
    </teiHeader>
    <text>
        <body>
            <div xml:id="prologue">
                <p>Computus Iohannis Lupi castellani Pontis Vele a die et festo beati Iohannis
                    baptiste anno <lb/> Domini M<hi rend="sup">o</hi> CC<hi rend="sup">o</hi>
                        LXXIIII<hi rend="sup">o</hi> usque ad idem festum anno sequenti et sciendum
                    est quod domina Sancti Boneti percipit omnes redditus Pontis <lb/> Vele et
                    Bysiaci exceptis bannis et clamis et obventionibus</p>
            </div>
            <div xml:id="recepte">
                <div xml:id="banna">
                    <head>banna</head>
                    <p><lb/> idem reddit computum <list>
                            <item> de X libris viennensium receptis de Symone de Foresta ex eo quod
                                contra prohibitionem domini Baugiaci </item>
                            <item> de LX solidis receptis de filio <lb/> Parvi
                                    <foreign>Brisson</foreign> de Yliaco pro eo quod accusabatur de
                                furto </item>
                            <item> de IIII libris X solidis receptis de Petro
                                    <foreign>Morant</foreign> de <foreign>Sachins</foreign> pro eo
                                quod dicebatur <lb/> esse culpabilis de morte<note>On avait d’abord
                                    écrit la première syllabe en abrégé.</note> unius hominis qui
                                fuit inventus mortuus in domo sua </item>
                            <item> de C solidis receptis de Bernardo de
                                    <foreign>Retecinges</foreign> pro <lb/> eo quod accusabatur de
                                furto </item>
                            <item> de C solidis receptis de Durando de Campis pro eo quod domum suam
                                et palitium suum fecerat in carreria <lb/> Pontis Vele plus quam
                                debuisset </item>
                            <item> de XXX solidis receptis de Matineto <foreign>Busez</foreign> ex
                                eo quod fecerat quoddam fossatum in publico itinere </item>
                            <item> de <lb/> IIII libris X solidis receptis de
                                    <foreign>Salmoye</foreign> ex eo quod unum hominem exeuntem de
                                uno bosco vulneraverat </item>
                            <item> de LX solidis receptis de Iohanne <foreign>Celarier</foreign> de
                                    <lb/><foreign>Reticinges</foreign> ex eo quod fregerat saysinam
                                domini </item>
                            <item> de <supplied reason="support détruit"> …</supplied> solidis
                                receptis de Vincentio de <foreign>Dovrey</foreign> pro eodem</item>
                        </list></p>
                </div>
                <div xml:id="clame">
                    <head>clame</head>
                    <p><list>
                            <item><lb/> de C solidis receptis de clamis ut per partes hoc
                                anno</item>
                        </list></p>
                    <p><supplied reason="support détruit">summa :</supplied> XLIIII libras X
                        solidos, in quibus ipse Iohannes capit tertiam partem <lb/> per conventionem
                        sibi factam, <supplied reason="support détruit">et</supplied> remanent
                        domino : XXIX libre XIII solidi IIII denarii</p>
                </div>
                <div xml:id="laudes">
                    <head>laudes</head>
                    <p><lb/> idem reddit computum <list>
                            <item> de XLVII solidis VII denariis receptis de laudibus et vendis in
                                predictis villis hoc anno ut per partes</item>
                        </list></p>
                    <p><lb/> summa : XLVII s. VII d.</p>
                </div>
                <div xml:id="bilan_recepte">
                    <p><lb/> summa tottalis recepte : XXXII lb. XI d. vien.</p>
                </div>
            </div>
            <div xml:id="expense_et_librate">
                <p><list>
                        <item> de quibus <lb/> idem libravit baillivo Baugiaci videlicet domino
                            Petro de Montefalcone ut per confessionem ipsius X libras viennensium,
                            de quibus ipse baillivus <lb/> non computavit hoc presenti anno sed
                            debet computare anno sequenti </item>
                        <item> item libravit Pereneto de Montemeliano clerico domini Baugiaci ut per
                            litteram suam : VI libras V solidos</item>
                    </list></p>
                <p><lb/> summa liberate : XVI lb. V s., sic debet de claro dictus <lb/> Iohannes XV
                    libras XV solidos XI denarios viennensium <add>solvit, sic est
                            quietus<note>ajout d'une autre encre</note></add></p>
            </div>
        </body>
    </text>
</TEI>
