<?xml version="1.0" encoding="UTF-8"?>
<TEI xmlns:math="http://www.w3.org/1998/Math/MathML" xmlns="http://www.tei-c.org/ns/1.0"
    xmlns:xi="http://www.w3.org/2001/XInclude" xmlns:svg="http://www.w3.org/2000/svg"
    xml:id="B6741_1">
    <teiHeader>
        <fileDesc>
            <titleStmt>
                <title>Compte de Barthélémy Sylvestre (<hi rend="italics">Bartholomeus
                        Silvestri</hi>) pour la châtellenie de Bagé, du 8 avril 1297 au 15 mai 1298
                        <date type="debut" from-iso="12970408" cert="high"/><date type="fin"
                        from-iso="12980515" cert="high"/></title>
                <respStmt>
                    <persName><name xml:lang="fra">Barthélémy Sylvestre</name><name xml:lang="lat"
                            >Bartholomeus Silvestri</name></persName>
                    <resp>Châtelain</resp>
                </respStmt>
            </titleStmt>
            <editionStmt>
                <edition>Projet Castellanie.net - édition en ligne</edition>
            </editionStmt>
            <publicationStmt>
                <p>Alain Kersuzan et Frédéric Chartrain, avec la collaboration de Marjorie Burghart, Jean-Louis Gaulin, et Jean-Michel Poisson, 
                    <title>Compte de Barthélémy Sylvestre (<hi rend="italics">Bartholomeus
                        Silvestri</hi>) pour la châtellenie de Bagé, du 8 avril 1297 au 15 mai 1298</title>,
                    Lyon - Chambéry, 2011 (<title>Documents comptables des Etats de Savoie, XIIIe - XVe s.</title>)</p>
            </publicationStmt>
            <seriesStmt>
                <title>Bagé</title>
            </seriesStmt>
            <sourceDesc>
                <p>Transcription directe</p>
            </sourceDesc>
        </fileDesc>
        <revisionDesc>
            <change n="Transcription"><name key="AK">Alain Kersuzan</name></change>
            <change n="Relecture principale"><name key="FC">Frédéric Chartrain</name></change>
            <change n="Relecture"><name key="GRP">Groupe de relecture</name></change>
        </revisionDesc>
    </teiHeader>
    <text>
        <body>
            <milestone n="02" unit="vue"/>
            <pb n="1"/>
            <div xml:id="prologue">
                <p><lb/> Computus Bartholomei Silvestri castellani Baugiaci ab octava die mensis
                    <lb/> aprilis anno Domini M<hi rend="sup">o</hi> CC<hi rend="sup">o</hi>
                    nonagesimo septimo <sic>usque usque</sic> ad diem iovis in quindena apostolorum
                    Philippi et Iacobi <lb/> anno nonagesimo octavo videlicet de uno anno et viginti
                    septem diebus receptus apud Chamberiacum per Durandum <lb/> de Fago presentibus
                    domino et Nicholao de <foreign>Billens</foreign> et magistro Petro</p>
            </div>
            <div xml:id="recepte">
                <div xml:id="frumentum">
                    <head>frumentum</head>
                    <p><lb/> idem reddit computum <list>
                            <item> de III<hi rend="sup">C</hi> XLVI meyteriis frumenti receptis in
                                castellania Baugiaci de redditu et lunatione et messe <lb/> per
                                annum ut in particulis extractus extente </item>
                            <item> de XVI meyteriis I cupa receptis de exitu molendini de stanno
                                <lb/> inclusa farina per dictum tempus de quo computat </item>
                            <item> de X meyteriis receptis de exitu terrarum grangie <lb/> de Nigro
                                Monte hoc anno </item>
                            <item> de exitu decime de <foreign>Money</foreign> respondit infra in
                                siligine </item>
                            <item> de V <lb/> cupis receptis de Martina de <foreign>La
                                    Tortoreri</foreign> pro manso Iohannis de Foresta sibi albergato
                                pro tanto de novo </item>
                            <item> de <lb/> V cupis receptis de eadem Martina pro eodem de anno
                                preterito </item>
                        </list></p>
                    <div type="sub">
                        <head>arreragium</head>
                        <p><list>
                                <item> de XI<hi rend="sup">XX</hi> XIIII meyteriis I cupa frumenti
                                    <lb/> receptis de remanentia computi sui precedentis</item>
                            </list></p>
                    </div>
                    <div>
                        <p><lb/> summa : VI<hi rend="sup">C</hi> VIII meyterii frumenti <list>
                                <item> de quibus in venditione ut infra : <lb/> VII<hi rend="sup"
                                        >XX</hi> IIII meyterii </item>
                                <item> et restant : IIII<hi rend="sup">C</hi> LXIIII meyterii
                                    frumenti, et remanent</item>
                            </list></p>
                    </div>
                </div>
                <div xml:id="siligo">
                    <head>siligo</head>
                    <p><lb/> idem reddit computum <list>
                            <item> de XIII<hi rend="sup">XX</hi> XIIII meyteriis IIII cupis et
                                dimidia siliginis receptis in dicta castellania Baugiaci de <lb/>
                                redditu lunatione et messe per annum ut in particulis extractus
                                extente </item>
                            <item> de XXIII meyteriis receptis de exitu <lb/> molendinorum de stanno
                                per dictum tempus inclusa farina </item>
                            <item> de IIII meyteriis I cupa receptis de exitu <lb/> terrarum grangie
                                de Nigro Monte hoc anno inclusis veciis </item>
                            <item> de XIII meyteriis receptis de firma <lb/> decime de
                                    <foreign>Money</foreign> hoc anno </item>
                            <item> de IX cupis receptis de exitu pasqueragii de Manziaco hoc <lb/>
                                anno </item>
                            <item> de III cupis receptis de Martina de <foreign>La
                                    Tortoreri</foreign> de redditu per annum de novo </item>
                            <item> de <lb/> III cupis receptis de eadem Martina pro anno preterito </item>
                            <item> de II<hi rend="sup">C</hi> XVIII meyteriis III cupis receptis de
                                <lb/> remanentia computi sui precedentis deductis quadraginta
                                meyteriis sibi dimissis anno preterito per dominum comitem <lb/> pro
                                consumptione bladi quod receperat a Petro de Sarravalle quondam
                                castellano Baugiaci ut in fine computi <lb/> precedentis</item>
                        </list></p>
                    <p><lb/> summa : V<hi rend="sup">C</hi> XXXV meyterii V cupe et dimidia
                        siliginis <list>
                            <item> de quibus <lb/> deducuntur XII meyterii et dimidius siliginis qui
                                debentur apud <foreign>Replonio</foreign> qui includuntur in firma
                                prepositure <lb/> dicti loci </item>
                            <item> item XXIX meyterii qui debentur apud <foreign>Marcena</foreign>
                                per annum qui includuntur in firma prepositure <lb/> dicti loci </item>
                            <item> in venditione ut infra : VIII<hi rend="sup">XX</hi> X meyterii </item>
                            <item> et <lb/> restant : III<hi rend="sup">C</hi> XXIIII meyterii II
                                cupe et dimidia <add place="interlinear">siliginis</add>, et
                                remanent</item>
                        </list></p>
                </div>
                <div xml:id="avena">
                    <head>avena</head>
                    <p><lb/> idem reddit computum <list>
                            <item> de VIII<hi rend="sup">XX</hi> XII meyteriis receptis in dicta
                                castellania de redditu <sic>marescalcia</sic> et guarde <lb/> per
                                annum ut in particulis extractus extente </item>
                            <item> de II meyteriis et dimidio receptis de exitu terrarum grangie
                                <lb/> de Nigro Monte hoc anno </item>
                            <item> de exitu decime de <foreign>Money</foreign> nichil hoc anno in
                                avena </item>
                            <item> de XXVII <lb/> meyteriis IIII cupis receptis de hominibus de
                                Marcena pro affoyagio nemoris de Deserta ubi levantur in quolibet
                                hospitio <lb/> quatuor cupe et pro quolibet bove quatuor cupe et
                                respondet minus solito de quinque meyteriis quia <lb/> non sunt ibi
                                tot boves quot solent esse </item>
                            <item> de VIII cupis receptis de Martina de <foreign>La
                                    Tortoreri</foreign><lb/> de redditu per annum de novo </item>
                            <item> de VIII cupis receptis de eadem Martina pro anno preterito
                            </item>
                        </list></p>
                    <div type="sub">
                        <head>arreragium</head>
                        <p><list>
                                <item> de LI meyteriis V cupis avene receptis de remanentia computi
                                    sui precedentis </item>
                            </list></p>
                    </div>
                    <div>
                        <p><lb/> summa : II<hi rend="sup">C</hi> LIIII meyterii VII cupe avene <list>
                                <item> de quibus deducuntur III <lb/> meyterii V cupe que debentur
                                    apud <foreign>Marcena</foreign> per annum qui includuntur in
                                    firma prepositure dicti loci </item>
                                <item> item <lb/> libravit ad expensas equorum domine comitisse
                                    factas per manum Hugonis de Voyrone per litteram ipsius de
                                    recepta datam apud <lb/> Matisconem die veneris post
                                        <sic>pascha</sic> anno nonagesimo octavo : X meyterios avene </item>
                                <item> item ad expensas decem novem <lb/> equorum domini factas apud
                                    Baugiacum die martis post pascham per manum Thomasseti valleti
                                    domini et de mandato <lb/> Petri clerici per litteram de recepta
                                    : III meyterios avene </item>
                                <item> item libravit ad expensas duorum equorum domini qui tunc ibi
                                    <lb/> remanserunt per tres dies sequentes per manum Richardi
                                    Anglici : IX cupas </item>
                                <item> item ad expensas sexdecim <lb/> equorum domini et familie sue
                                    quos ducebat Rossetus clericus veniendo de Flandria per litteras
                                    ipsius Rosseti <lb/> datas die sabbati <add place="interlinear"
                                        >et dominico</add> ante natalem Domini anno nonagesimo
                                    septimo : V meyterios V cupas avene </item>
                                <item> item in venditione ut infra : XII meyterios V cupas avene </item>
                                <item> et <lb/> restant : II<hi rend="sup">C</hi> XIX meyterii VII
                                    cupe avene, et remanent </item>
                            </list></p>
                    </div>
                </div>
                <div xml:id="canabum">
                    <head>canabum</head>
                    <p><lb/> idem reddit computum <list>
                            <item> de XXVII muyssellis et dimidio canabi receptis apud Manziacum per
                                annum, venduntur ut infra </item>
                        </list></p>
                </div>
                <div xml:id="vinum">
                    <head>vinum</head>
                    <p><lb/> idem reddit computum <list>
                            <item> de VIII<hi rend="sup">XX</hi> III sesteriis vini receptis de
                                exitu decime vinearum Baugiaci hoc anno, et remanent </item>
                        </list></p>
                </div>
                <div xml:id="anseres">
                    <head>anseres</head>
                    <p><lb/> idem reddit computum <list>
                            <item> de VI anseribus receptis apud Nigrum Montem de redditu per annum,
                                venduntur ut infra </item>
                        </list></p>
                </div>
                <div xml:id="galline">
                    <head>galline</head>
                    <p><lb/> idem reddit computum <list>
                            <item> de IIII<hi rend="sup">C</hi> XXIII gallinis receptis in dicta
                                castellania de redditu et consuetudine per annum </item>
                            <item> de II gallinis receptis <lb/> de Martina de <foreign>La
                                    Tortoreri</foreign> de redditu per annum de novo </item>
                            <item> de II gallinis receptis de eadem de anno preterito </item>
                        </list></p>
                    <p><lb/> summa : IIII<hi rend="sup">C</hi> XXVII galline <list>
                            <item> de quibus deducuntur XXXVI <lb/> galline que debentur apud
                                    <foreign>Marcenna</foreign> per annum que includuntur in firma
                                prepositure dicti loci </item>
                            <item> et <lb/> restant III<hi rend="sup">C</hi> IIII<hi rend="sup"
                                    >XX</hi> XI galline, venduntur ut infra </item>
                        </list></p>
                </div>
                <div xml:id="pulli">
                    <head>pulli</head>
                    <p><lb/> idem reddit computum <list>
                            <item> de VIII pullis receptis in dicta castellania de redditu per
                                annum, venduntur ut infra </item>
                        </list></p>
                </div>
                <div xml:id="cera">
                    <head>cera</head>
                    <p><lb/> idem reddit computum <list>
                            <item> de XXXVI libris cere receptis de gardis per annum ut in computo
                                precedenti deducta una libra quam <lb/> debebat Laurentius
                                    <foreign>Bartauz</foreign> qui <sic>devenis</sic> burgensis
                                Baugiaci </item>
                            <item> de I libra recepta de monacho de <foreign>Monz</foreign> pro
                                garda <lb/> per annum de novo </item>
                            <item> de I libra recepta de Anthonio <foreign>del Monteuz</foreign> pro
                                eodem </item>
                        </list></p>
                    <p><lb/> summa : XXXVIII libre cere que deducuntur de septuaginta duabus libris
                        <lb/> cere que debentur singulis annis in festo beati Vincentii altari
                        ecclesie sancti Vincentii Matisconensis et residuum <lb/> sibi allocatur
                        infra in libratis</p>
                </div>
                <div xml:id="panes">
                    <head>panes</head>
                    <p><lb/> idem reddit computum <list>
                            <item> de VII panibus receptis in dicta castellania de redditu per annum
                                deductis quatuordecim panibus <lb/> qui debentur apud
                                    <foreign>Marcenna</foreign> qui includuntur in firma prepositure
                                dicti loci, venduntur ut infra </item>
                        </list></p>
                </div>
                <div xml:id="fenum">
                    <head>fenum</head>
                    <p><lb/> idem reddit computum <list>
                            <item> de IX charratis feni receptis de exitu prati domini in bosco
                                Baugiaci hoc anno quod fenum libravit <lb/> sibi ipsi pro novem
                                charratis et dimidia feni que sibi debebantur de remanentia sui
                                computi </item>
                        </list></p>
                </div>
                <div xml:id="denarii_census">
                    <head>denarii census</head>
                    <p><lb/> idem reddit computum <list>
                            <item> de XXIX<note> La somme a été corrigée.</note> libris XIX solidis
                                obolo parisiensium receptis in dicta castellania Baugiaci de redditu
                                per annum </item>
                            <item> de XIX <lb/> libris VII solidis V denariis receptis de redditu
                                pratorum nemoris Baugiaci per annum ut in particulis dicti extractus </item>
                            <item> de X libris <lb/> XVI solidis VI denariis receptis in dicta
                                castellania de tailliis per annum et levantur in festo beati Andree
                                ut in particulis dicti extractus </item>
                            <item><lb/> de CII libris XII solidis receptis in eadem castellania de
                                tailliis que levantur duobus terminis per annum videlicet medietas
                                <lb/> in augusto et alia medietas in festo beati Andree </item>
                            <item> de XXXVII solidis V denariis receptis de gardis per annum ut in
                                particulis <lb/> dicti extractus </item>
                            <item> de XI solidis VIII denariis receptis de recognitionibus per annum
                                ut in computo precedenti </item>
                            <item> de VII libris XVI <lb/> solidis III denariis receptis de teysiis
                                domorum et de banchiis ville Baugiaci per annum </item>
                            <item> de XII denariis receptis de domino Hugone <lb/> de Via capellano
                                de redditu per annum post extentam </item>
                            <item> de VI solidis receptis de Hugone de Donno Martino pro eodem </item>
                            <item><lb/> de VIII denariis receptis de Iohanne de Donno Martino pro
                                eodem </item>
                            <item> de II solidis receptis de Martina de <foreign>La
                                    Tortereri</foreign><lb/> pro eodem </item>
                            <item> de II solidis receptis de eadem Martina pro anno preterito
                            </item>
                        </list></p>
                    <milestone n="03" unit="vue"/>
                    <pb n="2"/>
                    <p><lb/><foreign> </foreign>summa : VIII<hi rend="sup">XX</hi> XIII lb. XI s. XI
                        d. ob. par. qui parisienses scampsi <lb/> ad viennenses denos octenos valent
                            II<hi rend="sup">C</hi> LX libras VIII solidos viennensium</p>
                </div>
                <div xml:id="firme">
                    <head>firme</head>
                    <p><lb/> idem reddit computum <list>
                            <item> de CX libris viennensium receptis de firma leyde et coponagii
                                mercati Baugiaci et parvi pedagii <lb/> quod levatur in nundinis
                                dicti loci et banni vini quod venditur in nundinis prima die maii
                                finienda in <lb/> festo beati Iohannis baptiste anno nonagesimo
                                octavo </item>
                            <item> de XXXIIII libris receptis de Bognerio de <foreign>Vauz</foreign>
                                et de Guioneto <lb/> Cocheti pro firma chacipollerie Baugiaci
                                finienda eodem termino </item>
                            <item> de XIII libris receptis de firma <lb/> chacipollerie de Replongio
                                finienda eodem termino </item>
                            <item> de X libris receptis de firma chacipollerie de Manziaco <lb/>
                                finienda eodem termino </item>
                            <item> de XII libris receptis de firma chacipollerie de
                                    <foreign>Ongers</foreign> finienda eodem termino </item>
                            <item><lb/> de XVI libris receptis de firma chacipollerie Sancti
                                Iohannis supra Reyssousa finienda eodem termino </item>
                            <item> de <lb/> XXIX libris VIII solidis III denariis receptis de firma
                                chacipollerie de Marcenna finienda eodem termino deductis <lb/>
                                centum quatuor solidis novem denariis viennensium de redditu per
                                annum et septem solidis pro recognitionibus per annum qui debentur
                                in dicta <lb/> chacipolleria et qui includuntur in dicta firma </item>
                            <item> de VII solidis VI denariis receptis de Masuerio pro eo quod sibi
                                conssessum <lb/> est capere perdrices in dicta castellania per annum </item>
                            <item> de VI solidis receptis de Hugone <foreign>del Boschat</foreign>
                                pro eodem </item>
                            <item> de <lb/> IIII solidis receptis de Ogerio
                                    <foreign>Guardat</foreign> pro eodem hoc anno </item>
                            <item> de II solidis receptis de fratre Renaudi
                                    <foreign>Pelleter</foreign><lb/> pro eodem </item>
                            <item> de III solidis receptis de quodam homine de Manziaco pro eodem </item>
                            <item> de XI libris receptis de firma <lb/> portagii ballarum finienda
                                in festo beati Iohannis baptiste anno nonagesimo octavo </item>
                            <item> de X solidis receptis de portagio dictarum <lb/> ballarum a prima
                                die maii anno nonagesimo septimo usque ad festum beati Iohannis
                                baptiste anno eodem </item>
                            <item> de VI solidis <lb/> VI denariis receptis de exitu signi
                                mensurarum bladi per dictum tempus et levantur de qualibet cupa
                                signata sex denarii </item>
                            <item><lb/> de II solidis receptis de Vincentio de
                                    <foreign>Corsant</foreign> pro duabus quartis vini quas debet
                                per annum sibi pro tanto venduntur hoc <lb/> anno </item>
                        </list></p>
                    <p> summa : II<hi rend="sup">C</hi> XXXVII lb. IX s. III d. vien.</p>
                </div>
                <div xml:id="laudes_et_vende">
                    <head>laudes et vende</head>
                    <p><lb/> idem reddit computum <list>
                            <item> de IIII solidis VI denariis viennensium receptis de Olerio de
                                    <foreign>Montiay</foreign> pro terra empta de comitissa de
                                    <lb/><foreign>Montiay</foreign> pretio triginta solidorum et
                                levantur de qualibet libra tres solidi </item>
                            <item> de IX solidis receptis de eodem Olerio <lb/> pro terra empta de
                                Guillermono de <foreign>Montiay</foreign> pretio sexaginta solidorum </item>
                            <item> de II solidis III denariis receptis de Stephano
                                    <foreign>Pailler</foreign><lb/> pro prato empto de Peroneto
                                    <foreign>Masuer</foreign> pretio quindecim solidorum </item>
                            <item> de XXXVI solidis receptis de eodem Stephano pro prato <lb/> empto
                                ab Hugone Lombardi de <foreign>Ongers</foreign> pretio duodecim
                                librarum </item>
                            <item> de XXII denariis receptis de Guillermeto <lb/> Rolini pro terra
                                empta de Stephano fratre suo pretio duodecim solidorum </item>
                            <item> de VI solidis IX denariis receptis de Bernardo
                                    <lb/><foreign>Gison</foreign> pro curtili empto de Ogereto
                                munerio pretio quadraginta quinque solidorum </item>
                            <item> de III solidis receptis <lb/> de Guillermeta de
                                    <foreign>Chavaney</foreign> pro terra empta a Stephano fratre
                                suo pretio viginti solidorum </item>
                            <item> de V solidis VII denariis <lb/> receptis de Humberto
                                    <foreign>Bocher</foreign> pro prato empto a liberis Stephani
                                    <foreign>Bochat</foreign> pretio triginta septem solidorum et
                                sex denariorum </item>
                            <item> de <lb/> III solidis receptis de Peroneto de <foreign>La
                                    Rua</foreign> pro terra empta de Iohaneto
                                    <foreign>Belin</foreign> pretio viginti solidorum </item>
                            <item> de VIII solidis <lb/> III denariis receptis de eodem Peroneto pro
                                terra <add place="interlinear">empta</add> a Iohanneto Turrelli et
                                sorore eius pretio quinquaginta quinque solidorum </item>
                            <item><lb/> de IIII solidis receptis de Stephano Ramelli pro terra empta
                                a Bartholomeo Chavi pretio viginti sex solidorum </item>
                            <item> de <lb/> X solidis VI denariis receptis de Bernardo
                                    <foreign>Cochet</foreign> pro terra empta a dicto
                                    <foreign>Mariner</foreign> de Replonjo pretio sexaginta <lb/>
                                decem solidorum </item>
                            <item> de XVII solidis III denariis receptis de Hugueta pedisseca
                                Peroneti <foreign>Chamarlent</foreign> pro domo empta <lb/> a
                                Martino <foreign>del Bochat</foreign> pretio centum quindecim
                                solidorum </item>
                            <item> de VI solidis receptis de Peroneto <foreign>Chapel</foreign> pro
                                terra <lb/> empta a Guillermeta <foreign>La Donguyon</foreign> de
                                    <foreign>Montellier</foreign> pretio quadraginta solidorum </item>
                            <item> de IIII solidis X denariis obolo <lb/> receptis de Martino
                                    <foreign>Lo Clement</foreign> pro terra empta a Guillermeta
                                    <foreign>del Mont</foreign> pretio triginta quinque solidorum </item>
                            <item><lb/> de III solidis IIII denariis obolo receptis de Iohanneto
                                tisserando pro terra empta a Iohanneto <foreign>Ronguet</foreign>
                                pretio viginti duorum <lb/> solidorum </item>
                            <item> de V solidis IX denariis receptis de dicto
                                    <foreign>Nanon</foreign> de Baugiaco pro curtili empto de
                                Stephanino <foreign>Daneres</foreign> pretio <lb/> quadraginta
                                quinque solidorum </item>
                            <item> de III solidis IIII denariis receptis de Laurentio <foreign>Lo
                                    Serour</foreign> pro terra empta a Iohanneto
                                    <foreign>Moyllon</foreign><lb/> pretio viginti duorum solidorum </item>
                            <item> de V solidis VI denariis receptis de Iohanneto
                                    <foreign>Morer</foreign> pro terra empta a Stephano Rolini <lb/>
                                pretio triginta sex solidorum </item>
                            <item> de XIIII solidis receptis de Gileto <foreign>del Viver</foreign>
                                pro domo empta de fornerio de <lb/> Baugiaco pretio quatuor librarum
                                tresdecim solidorum </item>
                            <item> de IIII solidis VIII denariis receptis de Aymoneto
                                    <foreign>Bover</foreign> et Michaele
                                    <lb/><foreign>Bover</foreign> pro terra empta de Landrico
                                Pelliparii pretio triginta unius solidorum </item>
                            <item> de XXXIII solidis receptis de <lb/> Guillermeto
                                    <foreign>Buczont</foreign> pro prato empto a Iohanneto de
                                    <foreign>Cort</foreign> pretio undecim librarum et duorum
                                meyteriorum bladi </item>
                            <item><lb/> de XII solidis receptis de relicta Roberti Chalveti pro
                                terra empta de Guillermeto Chapelli pro pretio quatuor <lb/>
                                librarum duorum solidorum </item>
                            <item> de X solidis receptis de eadem pro eo quod retinuerat venditionem
                                et postea eidem dimisit </item>
                            <item><lb/> de III solidis II denariis receptis de Hugone <foreign>del
                                    Perer</foreign> pro terra empta de Iohanneto Lombardi pretio
                                viginti unius solidorum </item>
                            <item><lb/> de XIII denariis receptis de Guillermeto de <foreign>La
                                    Colongi</foreign> pro terra empta de dicto
                                    <foreign>Brener</foreign> pretio sex solidorum sex <lb/>
                                denariorum </item>
                            <item> de III solidis receptis de Hugone <foreign>Boler</foreign> pro
                                terra empta de Guillermeto <foreign>Gardoyl</foreign> pretio viginti
                                solidorum </item>
                            <item><lb/> de II solidis III denariis receptis de filio Roberti de
                                    <foreign>Prinel</foreign> pro terra empta de Cristineto
                                    <foreign>Lo Marcan</foreign> pretio quindecim <lb/> solidorum </item>
                            <item> de V solidis receptis de Guioneto <foreign>Murer</foreign> pro
                                terra empta de Martino de Bosco pretio <sic>triginti</sic> sex <lb/>
                                solidorum </item>
                            <item> de IX solidis receptis de Gauterono <foreign>Morer</foreign> pro
                                terra empta ab Hugone <foreign>Osanat</foreign> pretio sexaginta
                                solidorum </item>
                            <item><lb/> de XV solidis IX denariis receptis de Iohanneto Martini pro
                                terra empta de Bernardeto <foreign>Lo Cua</foreign> pretio centum
                                quinque <lb/> solidorum </item>
                            <item> de XXI solidis VIII denariis receptis de Guillermeto
                                    <foreign>Bocher</foreign> pro terra empta a Iohanneto de
                                    <foreign>Cort</foreign><lb/> pretio septem librarum et unius
                                meyterii bladi </item>
                            <item> de XII solidis IIII denariis receptis de Peroneto Vinardi pro
                                <lb/> terra empta de Bernarda de Chastelleto pretio quatuor librarum
                                duorum solidorum </item>
                            <item> de III solidis IX denariis receptis de <lb/> Guillermeto filio
                                Perreti de <foreign>Curestrillon</foreign> pro terra empta de
                                Bernardeto <foreign>Luyat</foreign> pretio viginti quinque <lb/>
                                solidorum </item>
                            <item> de XVII denariis receptis de dicto <foreign>Talon</foreign> pro
                                terra empta de uxore quondam Girerdi Giroudi pretio <lb/> octo
                                solidorum sex denariorum </item>
                            <item> de XII solidis receptis de dicto <foreign>Talon</foreign> pro
                                terra empta de Philiberto Belini pretio quatuor librarum </item>
                            <item><lb/> de X solidis receptis de eodem <foreign>Talon</foreign> pro
                                supra venditis </item>
                            <item> de VII solidis <del rend="overstrike">receptis</del><note>biffé
                                    et raturé</note> VI denariis receptis de Aymoneto
                                    <foreign>Bover</foreign> pro terra <lb/> empta de Gauterono
                                    <foreign>Morer</foreign> pretio quinquaginta solidorum </item>
                            <item> de IIII solidis VI denariis receptis de Iaqueta <foreign>La
                                    Tavernella</foreign> pro terra <lb/> empta a sorore sua pretio
                                triginta solidorum </item>
                            <item> de XV solidis receptis de Iocerando <foreign>Aillout</foreign>
                                pro terra empta <lb/> de Iohanneto <foreign>Prostat</foreign> pretio
                                centum solidorum </item>
                            <item> de IIII solidis VI denariis receptis de Iohanneto
                                    <foreign>Claret</foreign> pro terra empta <lb/> de Sybillia
                                sorore sua pretio triginta solidorum </item>
                            <item> de XV denariis receptis de Bernardeta filia Alysie de
                                    <lb/><foreign>Curestrilli</foreign> pro sexta parte cuiusdam
                                domus empte de Iohanneto <foreign>Petit</foreign> pretio novem
                                solidorum </item>
                            <item> de X solidis VI denariis receptis <lb/> de Guillermeto
                                    <foreign>Buczont</foreign> pro prato empto de relicta Balbi de
                                Nigro Monte pretio sexaginta decem solidorum </item>
                            <item><lb/> de XVIII solidis receptis de liberis a <foreign>La
                                    Saugea</foreign> de <foreign>Chavaignia</foreign> pro terra
                                empta de Pontia <foreign>La Guillauda</foreign> et <lb/> fratre suo
                                pretio sex librarum </item>
                            <item> de XII solidis IIII denariis receptis de Berrerdo
                                    <foreign>Cholet</foreign> pro curtili empto de dicta <foreign>La
                                    Suer</foreign><lb/> et marito suo pretio quatuor librarum duarum
                                cuparum frumenti </item>
                            <item> de VI libris receptis de Guillermo <foreign>Barcant</foreign> pro
                                domo <lb/> empta de Gileto <foreign>Chamarlent</foreign> pretio
                                quaterviginti librarum dimisis eidem aliis sex libris per dominum
                                comitem per litteras <lb/> ipsius quas ostendit </item>
                            <item> de IX solidis receptis de Guillermino <foreign>Boler</foreign>
                                pro domo empta a dicto <foreign>Blanchet</foreign> pretio <lb/>
                                sexaginta solidorum </item>
                        </list></p>
                    <p> summa : XXV lb. XVII s. V d. vien. </p>
                </div>
                <div xml:id="banna_et_clame">
                    <head>banna</head>
                    <p><lb/> idem reddit computum <list>
                            <item> de XX solidis receptis de Guichardo <foreign>Varays</foreign>
                                quia ceperat fenum alienum </item>
                            <item> de VI <lb/> libris receptis de filio <foreign>Lo Duc</foreign> de
                                    <foreign>La Salleta</foreign> pro concordia facta cum eo super
                                hoc quod dicebatur quod roncina ipsius <lb/> percussit quemdam
                                puerum ita quod de <sic>itu</sic> mortuus fuit et propter hoc quia
                                accusabatur quod ceperat de <lb/> blado alieno </item>
                            <item> de XV solidis receptis de dicto Balbo quia percussit malitiose
                                filiam Alaysie de <lb/> Baysimayma </item>
                            <item> de C solidis receptis de Iohanneto Somelerio quia percussit
                                Galterium de <foreign>Coromarenchi</foreign><lb/> et fecit ei
                                sanguinem </item>
                            <item> de C solidis receptis de filio Rosseti de Guaysia quia uxor sua
                                <lb/> accusabatur de morte filii uxoris Iorgie </item>
                            <item> de XL solidis receptis de Guillermeto Penzi quia ceperat <lb/> de
                                piscibus de stanno de <foreign>Chivrous</foreign> auctoritate
                                propria </item>
                            <item> de XX solidis receptis de Bernardo de
                                    <lb/><foreign>Corsant</foreign> pro banno sanguinis </item>
                            <item> de LX solidis receptis de Iohanneto <foreign>Vondat</foreign>
                                quia ceperat furtive <lb/> unum vasum
                                <foreign>d’estaign</foreign></item>
                            <item> de XV solidis receptis de dicto <foreign>Vandebuent</foreign> qui
                                ceperat furtive <milestone n="04" unit="vue"/><pb n="3"/><lb/>
                                mayeriam alienam </item>
                            <item> de XV libris receptis de Guioneto <foreign>Pelu</foreign> quia
                                accusabatur de furto cuiusdam <sic>freni <foreign>a
                                    colli</foreign></sic></item>
                            <item><lb/> de XL solidis receptis de Bernardo <foreign>Coytet</foreign>
                                quia percussit malitiose filium Guillermi de Laya </item>
                            <item> de CX solidis <lb/> receptis de Iocerando de Cruce pro saysinis
                                fractis et pro aliquibus iniuriis </item>
                            <item> de XX solidis receptis de Gauterono
                                    <lb/><foreign>Braser</foreign> quia ceperat de feno alieno </item>
                            <item> de X solidis receptis de dicto <foreign>Lo Rey</foreign> de
                                Marcenna quia scinderat <lb/> unum <sic>alborem</sic> qui erat in
                                via publica </item>
                            <item> de XXX solidis receptis de Guichardeto
                                    <foreign>Nicholet</foreign> quia <lb/> occupavit viam publicam </item>
                            <item> de XL solidis receptis de Aymoneto de Cruce quia retinuerat de
                                vino confratrie <lb/> de Replonio </item>
                            <item> de C solidis receptis de Humberto Brunicardi pro banno furti </item>
                            <item> de XX solidis <lb/> receptis de liberis
                                    <foreign>Niseron</foreign> quia scinderant salices alterius </item>
                            <item> de XX solidis receptis de Iohanneto filio Ogerii fabri quia <lb/>
                                abstulit Huguete <foreign>Flecheta</foreign> pecuniam suam </item>
                            <item> de XX solidis receptis de Morello filio <foreign>a
                                    L’Escueller</foreign> de Burgo <lb/> quia deportaverat leydam
                                domini </item>
                            <item> de XX solidis receptis de Humberto de <foreign>Fay</foreign> quia
                                scinderat salices alienos </item>
                            <item><lb/> de XX solidis receptis de Iohanneto de Rua de Replonio pro
                                banno sanguinis </item>
                            <item> de XX solidis receptis de Guillermeto
                                    <lb/><foreign>Sygant</foreign> quia ceperat furtive de blado
                                fratris sui </item>
                            <item> de XX solidis receptis de Bernardo de
                                <foreign>Chavalet</foreign><lb/> quia occupavit iter publicum </item>
                            <item> de LX solidis receptis de Rolandino de
                                    <foreign>Espinous</foreign> quia ceperat furtive <lb/> unam
                                    <foreign>fauz</foreign></item>
                            <item> de XL solidis receptis de dicto <foreign>Frater</foreign> quia
                                ceperat furtive linteamina aliena </item>
                            <item> de <lb/> L solidis de Stephano <foreign>Tynat</foreign> pro
                                saysina fracta et quia scinderat quemdam quercum in itinere publico </item>
                            <item> de <lb/> XV solidis receptis de Peroneto <foreign>Tynet</foreign>
                                quia scindit quercum unum in via publica </item>
                            <item> de LX solidis de Peroneto <lb/> Girerdi de Corestrillo quia
                                appropriaverat sibi mansum alienum </item>
                            <item> de XXX solidis receptis de Perreto de <lb/> Corestrillo pro eodem </item>
                            <item> de LXXV solidis receptis de fratre tisserandi de Manziaco quia
                                impedivit sermonem <lb/> capellani in ecclesia </item>
                            <item> de XXX solidis receptis de Moyrondo de Ecclesia de Manziaco pro
                                eodem </item>
                            <item> de X solidis receptis de <lb/> filio <foreign>a La
                                    Porrea</foreign> de <foreign>Bo</foreign> pro banno sanguinis </item>
                            <item> de IIII libris X solidis receptis de Iohanneto et Bernardo
                                    <foreign>Maniguant</foreign><lb/> fratribus pro banno sanguinis
                                facti Peroneto <foreign>Fruart</foreign></item>
                            <item> de XXX solidis receptis de Peroneto Perrucelli quia fuit <lb/>
                                inventus de nocte in domo Gauterii <foreign>Cochat</foreign></item>
                            <item> de XX solidis receptis de Stephaneto
                                    <foreign>Eragiverna</foreign> pro banno <lb/> sanguinis facti
                                    <foreign>Aquarion</foreign> filio
                                <foreign>Richon</foreign></item>
                            <item> de XX solidis receptis de Guioneto de Corcellis quia ceperat de
                                <lb/> fruytia Petri de Valle furtive </item>
                            <item> de X solidis receptis de Barrallo de Insula quia occupavit viam
                                <lb/> publicam </item>
                            <item> de XL solidis receptis de Peroneto <foreign>Viont</foreign> quia
                                occupavit viam publicam </item>
                            <item> de L solidis receptis de <lb/> Humberto <foreign>Bocher</foreign>
                                et Guillermeto Girerdi pro banno sanguinis facti Peroneto de
                                Suligniaco </item>
                            <item> de XL solidis <lb/> receptis de domicello de
                                    <foreign>Chavanuces</foreign> quia occupavit viam publicam </item>
                            <item> de XII libris receptis de Aymoneto <lb/> de <foreign>La
                                    Priora</foreign> et uxore sua et de familiaribus suis quia
                                inculpabantur interfuisse morti filii Pelliparii
                                    <lb/><foreign>Chaser</foreign> de Manziaco </item>
                            <item> de XX solidis receptis de Guichardeto de Io quia ceperat de feno
                                alieno </item>
                            <item><lb/> de XX solidis receptis de Ruffo de <foreign>La
                                    Chassaigni</foreign> quia occupavit iter publicum </item>
                            <item> de XX solidis <lb/> receptis de Guillermeto Ramelli pro eodem </item>
                            <item> de XX solidis receptis de filio Guillermi
                                    <foreign>Chavaler</foreign> de Baysimaynia <lb/> pro eodem </item>
                            <item> de XXX solidis receptis de eodem filio Guillermi
                                    <foreign>Chavaler</foreign> pro saysina fracta </item>
                            <item> de XL <lb/> solidis receptis de Guioneto filio Guillermi
                                    <foreign>Bocher</foreign> quia scinderat salices alienos </item>
                            <item> de X solidis receptis de Guillermo <lb/><foreign>Rol</foreign>
                                pro sorore sua quia detinebat camisiam alterius </item>
                            <item> de XL solidis receptis de liberis <foreign>auz Blans</foreign> de
                                    <foreign>Chavaney</foreign><lb/> quia occupaverant iter publicum </item>
                            <item> de XXX solidis receptis de Hugone <foreign>L’Escueller</foreign>
                                quia occupavit iter et quia scinderat <lb/> de querquibus alterius </item>
                            <item> de XL solidis receptis de Peronino <foreign>del Bioley</foreign>
                                quia ceperat furtive unum ciphum <lb/> in domo magistri Bertrandi </item>
                            <item> de IIII libris X solidis receptis de filio Lamberti de Graysiaco
                                quia acculpabatur <lb/> de morte uxoris sue et ne poneretur in
                                questionibus redemit se de dicta pecunia<foreign> </foreign></item>
                            <item> de XX solidis <lb/> receptis de Peronino filio quondam Bererdi de
                                Suligniaco quia occupavit iter publicum </item>
                            <item> de XX solidis <lb/> receptis de Poleto de
                                    <foreign>Croteyl</foreign> quia occupavit iter publicum </item>
                            <item> de XL solidis receptis de filio Manache de Baugiaco quia
                                extrabanitus erat de terra domini </item>
                            <item> de XX solidis receptis de Hugone <foreign>Coyntet</foreign> quia
                                vendebat <lb/> vinum ad falsam mensuram </item>
                            <item> de XL libris receptis de
                                    <unclear><foreign>Da[v]i</foreign></unclear> Iudeo quia utebatur
                                falsa littera coram iudice <lb/> de quodam debito petendo </item>
                            <item> de XV libris receptis de Salamino Iudeo quia accusabatur de furto
                                unius <lb/> selle roncini </item>
                            <item> de XV solidis receptis de <foreign>Soloron</foreign> carpentario
                                quia pignoraverat auctoritate propria Iohannem
                                    <foreign>Serour</foreign><lb/><foreign>d’Ongers</foreign></item>
                            <item> de VI libris receptis de preceptore domus de
                                    <foreign>Espeyssi</foreign> quia duo bubulci sui occupaverant
                                viam <lb/> publicam </item>
                            <item> de XL solidis receptis de Moyrondo de <foreign>Fay</foreign> pro
                                saysina fracta </item>
                            <item> de XXX solidis receptis de <lb/><foreign>La Fontanella</foreign>
                                pro saysina fracta </item>
                            <item> de XXX solidis receptis de Guillermo <foreign>Lo
                                    Dongnyan</foreign> pro saysina fracta </item>
                            <item><lb/> de XL solidis receptis de relicta Guillermi
                                    <foreign>Chavaler</foreign> pro eodem </item>
                        </list></p>
                    <div type="sub">
                        <head>clame</head>
                        <p><list>
                                <item> de VIII libris XVI solidis receptis <lb/> de pluribus clamis
                                    et saysinis trium solidorum et inferius per dictum tempus
                                </item>
                            </list></p>
                    </div>
                    <div>
                        <p><lb/> summa : IX<hi rend="sup">XX </hi>IX lb. XII d. vien. deductis
                            viginti una libris <lb/> pro parte castellani capientis in libra duos
                            solidos</p>
                    </div>
                </div>
                <div xml:id="escheyte_et_inventa">
                    <head>escheyte</head>
                    <p><lb/> idem reddit computum <list>
                            <item> de L solidis receptis de quibusdam possessionibus que erant
                                    <unclear>fr[atre]</unclear> Pontie <foreign>a La
                                    Guillanda</foreign><lb/> de <foreign>Chavaignia</foreign> qui
                                recessit a patria et dimisit dimidium que possessiones vendite
                                fuerunt liberis <foreign>a La Saugea</foreign><lb/> pro tanto </item>
                            <item> de C solidis receptis de executoribus domini Guichardi de Monte
                                capellani defuncti pro concordia <lb/> facta cum ipsis de bonis
                                dicti capellani inclusis sexaginta solidis quos legaverat domino </item>
                            <item> de C solidis receptis de <lb/> executoribus Iohanneti
                                    <foreign>Dorer</foreign> defuncti pro compositione facta cum
                                ipsis super bonis dicti defuncti inclusis <lb/> quadraginta solidis
                                quos legaverat domino </item>
                        </list></p>
                    <div type="sub">
                        <head>inventa</head>
                        <p><list>
                                <item> de VII solidis receptis de uno porcello uno vitulo <lb/> et
                                    uno ansere inventis hoc anno sic venditis </item>
                            </list></p>
                    </div>
                    <div>
                        <p><lb/> summa : XII lb. XVII s. vien.</p>
                    </div>
                </div>
                <div xml:id="iudei">
                    <head>Iudei</head>
                    <p><lb/> idem reddit computum <list>
                            <item> de XL solidis receptis de Vivando Iudeo et eius filiis pro censa
                                sua in festo beate Marie <lb/> Magdalene preterito </item>
                            <item> de VI libris receptis de Giseroto Iudeo pro censa sua eodem
                                termino </item>
                            <item> de quinque <lb/> obolis auri quos solebat dare David Iudeus non
                                computat quia diu est recessit a patria </item>
                            <item><lb/> de XXXVI solidis receptis de Bella Iudea morante apud
                                Matisconem pro duobus floreni auri quos debet pro garda <lb/> per
                                annum </item>
                        </list></p>
                    <p> summa : IX lb. XVI s. vien.</p>
                </div>
                <div xml:id="venditiones">
                    <head>venditiones </head>
                    <p><lb/> idem reddit computum <list>
                            <item> de L libris XI solidis VI denariis receptis de septies viginti
                                quatuor meyteriis frumenti <lb/> venditis ut supra diversis pretiis
                                uno plus altero minus inclusis getis et triginta duo meyteriis <lb/>
                                pro estapis </item>
                            <item> de LIII libris viennensium receptis de octies viginti decem
                                meyteriis siliginis venditis ut <lb/> supra diversis pretiis
                                inclusis septem meyteriis pro getis et septem meyteriis pro estapis </item>
                            <item> de IIII libris <lb/> XIX solidis receptis de duodecim meyteriis
                                et quinque cupis avene venditis ut supra pro tanto </item>
                            <item> de XIII solidis IX denariis <lb/> receptis de viginti septem
                                muyssellis canabi venditis ut supra quolibet sex denariis </item>
                            <item> de IIII solidis VI denariis receptis <lb/> de sex anseribus
                                venditis ut supra <sic>qualibet</sic> novem denariis </item>
                            <item> de VII libris VI solidis VII denariis obolo viennensium receptis
                                de <lb/> trescentis quaterviginti undecim gallinis venditis ut supra
                                qualibet quatuor denariis et obolo </item>
                            <item> de XII denariis <lb/> receptis de octo pullis venditis ut supra
                                pro tanto </item>
                            <item> de V solidis III denariis receptis de septem panibus venditis ut
                                <lb/> supra pro tanto </item>
                        </list></p>
                    <p>summa : CXVII lb. XIX d. ob. vien.</p>
                    <div>
                        <p><lb/> summa totius recepte : VIII<hi rend="sup">C</hi> LII lb. X s. III
                            d. ob. vien.</p>
                    </div>
                </div>
                <div xml:id="arreragium">
                    <head>arreragium</head>
                    <p><lb/> idem reddit computum <list>
                            <item> de CX libris XVII solidis III denariis obolo viennensium receptis
                                de remanentia computi sui precedentis</item>
                        </list></p>
                    <p><lb/> summa eadem : CX lb. XVII s. III d. ob. vien.</p>
                </div>
                <div xml:id="bilan_recepte">
                    <p><lb/> summa totius recepte cum arreragio : IX<hi rend="sup">C</hi> LXIII lb.
                        VII s. VII d. vien. </p>
                </div>
            </div>
            <div xml:id="expense_et_librate">
                <div xml:id="expense">
                    <p><list>
                            <item> de <lb/> quibus in ponte castri Baugiaci a parte castri
                                transmutando de uno loco ad alium ut in particulis : XI solidos </item>
                            <item><lb/> in sala castri recooperienda : II solidos VI denarios </item>
                            <item> in duobus chauffaudis qui erant in dicto castro removendis <lb/>
                                et laterandis et fusta posita in platea et tegula ipsorum reponenda
                                : XII solidos VIII denarios <milestone n="05" unit="vue"/><pb n="4"
                                /><lb/></item>
                            <item> in blado domini removendo de granerio castri quia debebat fieri
                                turris ubi erat granerium et ipso blado portando <lb/> in villam in
                                quadam domo et ipso blado vanando : XXIX solidos X denarios </item>
                            <item> in dicto granerio removendo et <lb/> ponendo in alio loco ubi
                                nunc est et ipso recohoperiendo ut in particulis : LXII solidos </item>
                            <item> in pane dato <lb/> boveriis aducentibus blada domini hoc anno :
                                IX solidos </item>
                            <item> in locagio unius domus in qua reposita fuit <lb/> avena domini
                                hoc anno : XX solidos </item>
                            <item> in prandio hominum apportantium servitia et usagia domini ad
                                castrum <lb/> tertia die natalis Domini : IIII solidos X denarios </item>
                            <item> in prato domini in nemore Baugiaci falcando et fenando hoc anno
                                <lb/> et <sic>fena</sic><unclear>apportand[o]</unclear> videlicet in
                                pane dato bubulcis et aliis operariis : XVIII solidos </item>
                            <item> in vindemia <lb/> decime domini recolligenda et apportanda ad
                                castrum et vino reponendo in doliis et tynis et <lb/> doliis
                                aptandis et religandis ut in particulis : XLII solidos </item>
                            <item> in locagio septem doliorum pro vino domini <lb/> reponendo ultra
                                quatuor dolia domini : XX solidos </item>
                            <item> in quaterviginti teysis fossati factis in clausura <lb/> prati
                                domini in nemore Baugiaci ultra undecim solidos quos habuit pro
                                pasqueragio dicti prati : V solidos III denarios </item>
                            <item><lb/> in uno foramine in calciata stanni Baugiaci ante
                                dechargiatorem <sic>obsturando</sic> hoc anno et postibus dicti
                                <lb/> dechargiatoris de eodem loco removendis et postea ibidem
                                reponendis ut in particulis : XXIX solidos <lb/> XI denarios </item>
                            <item> in stulphis stanni Baugiaci aptandis et virgis ferri dictorum
                                stulphorum fabricandis et sepibus <lb/> de novo factis ante dictos
                                stulphos et ante dechargiatorem dicti stanni et palis et virgis ad
                                idem et <lb/> pane dato bubulcis aducentibus dictos palos et virgas
                                : LXI solidos VIII denarios </item>
                            <item> in piscibus qui erant <lb/> in fossatis castri Baugiaci capiendis
                                et ponendis in dicto stanno et dictis fossatis rompendis et postea
                                <lb/> obsturandis : XXII solidos VIII denarios </item>
                            <item> in stulpho et <sic>canabibus</sic> stanni novi Baugiaci
                                bassiandis et aptandis et calciata <lb/> ibidem aperienda : XVI
                                solidos XI denarios </item>
                            <item> in calciata dicti stanni altianda et levanda de altitudine <lb/>
                                trium pedum et ipsa gasonanda a parte aque in taschiam per manum
                                Milonis Terraillionis et Bernardi de <lb/> Novilla per litteras
                                Iaquemeti de Secuysia de testimonio : XII libras </item>
                            <item> in una sepe facta ante stulphum dicti <lb/> stanni et virgis
                                ferri dicti stulphi fabricandis et ibidem ponendis : XIIII solidos
                                XI denarios </item>
                            <item> in stipendiis <lb/> nuntiorum missorum per idem tempus pro
                                negotiis domini : XIIII solidos </item>
                            <item> in expensis Richardi Anglici et unius <lb/> garcionis cum eo
                                custodientium duos palafredos domini per quatuor dies in septimana
                                post pascham in <lb/> feno pro dictis palafredis per idem tempus et
                                tribus ferris pro eisdem palafredis : VII solidos </item>
                            <item> in stipendiis trium hominum <lb/> equitum cum armis quos duxit ad
                                mandatum baillivi ad Portum <foreign>Nugon</foreign> per tres dies
                                quando <lb/> archa pontis fuit posita in aqua per litteras dicti
                                baillivi de testimonio quas reddit de quibus equitibus unus <lb/>
                                habebat tres equos et alii quilibet duos : XXXIX solidos </item>
                            <item> in stipendiis septem clientum quos tenuit ad Portum <lb/> Nugem
                                per sex dies in munitione post recessum dictorum equitum de mandato
                                dicti baillivi ut per litteras ipsius <lb/> et dantur cuilibet
                                clienti decem octo denarii viennensium per diem : LXIII solidos </item>
                            <item> in stipendiis octo hominum equitum <lb/> cum armis quos duxit ad
                                mandatum domini Amblardi et magistri Petri in cavalcata
                                    <unclear>Vien[ne]</unclear> ubi <lb/> steterunt per decem octo
                                dies tam eundo quam morando et redeundo et dantur cuilibet habenti
                                <lb/> tres equos quinque solidi habenti duos equos quatuor solidi
                                habenti unum <sic>equm</sic> tamen tres solidi per litteras dictorum
                                <lb/> domini Amblardi et magistri Petri de mandato et testimonio
                                quas reddit : XXVII libras XVIII solidos </item>
                            <item> in stipendiis <lb/> octo hominum equitum cum armis quos duxit ad
                                mandatum baillivi in septimana ante novum carniprivium per duos
                                <lb/> dies et dimidium et fuerunt offendere versus Sanctum
                                Saturninum per litteras dicti baillivi quas reddit : IIII libras
                                <lb/> V solidos </item>
                        </list></p>
                    <p><add place="leftMargin">summa harum expensarum : LXIX lb. IX s. II d.
                            vien.</add></p>
                    <div xml:id="opus_quaronerie">
                        <head>opus quaronerie</head>
                        <p><list>
                                <item> in scisura viginti unius milium septies viginti centum
                                    quadraginta decem <lb/> fagotorum scisorum anno preterito mense
                                    maii in magno bosco de <foreign>Money</foreign> ad opus
                                    quaronerie et dantur pro quolibet <lb/> mille pro scisura octo
                                    solidi et in scisura novies viginti charratarum lignorum
                                    grossorum scisorum eodem tempore in eodem <lb/> bosco et dantur
                                    pro qualibet charrata quatuor denarii viennensium : XI libras
                                    XVII solidos </item>
                                <item> in pane dato ducentis <lb/> quatuordecim hominibus de
                                        <unclear>corvat[a]</unclear> scindentibus ligna in parvo
                                    bosco de <foreign>Money</foreign> ad opus dicte quaronerie hoc
                                    <lb/> anno mense octobris et dantur cuilibet in die duo denarii
                                    pro pane : XXX solidos X denarios </item>
                                <item> in stipendiis sexties <lb/> viginti sexdecim hominum
                                    scindentium in eodem nemore ad opus dicti operis et dantur
                                    cuilibet in die sex denarii : <lb/> LXVIII solidos </item>
                                <item> in scisura quadraginta novem milium et quatercentum fagotorum
                                    scisorum in eodem nemore et <lb/> dantur pro quolibet mille
                                    septem solidi ad opus eiusdem et in scisura duodecim charratarum
                                    grossorum lignorum scisorum in <lb/> eodem nemore a festo beati
                                    Michaelis usque ad carniprivium et dantur pro qualibet charrata
                                    sex denarii : XVII libras <lb/> XI solidos VI denarios </item>
                                <item> in pane dato boveriis <sic>aducentibus</sic> ligna pro duabus
                                    fornatis quaronum coquendis <lb/> de quibus Iohannes
                                        <foreign>Dadins</foreign> quaronerius solutus fuerat in
                                    computo precedenti de opere suo videlicet pro qualibet <lb/>
                                    fornata sex libras duodecim solidos et debet continere qualibet
                                    fornata viginti duo milia quaronum : <lb/> CXIII solidos VIII
                                    denarios </item>
                                <item> in pane dato boveriis aducentibus ligna et in locagio
                                    quadrigarum aducentium ligna <lb/> ad quaronneriam pro sex aliis
                                    fornatis quaronum coquendis et dantur cuilibet bubulco duo
                                    denarii viennensium <lb/> pro pane per diem : XII libras V
                                    solidos VI denarios </item>
                                <item> et sciendum quod de dictis lignis remanent adhuc <lb/> in
                                    bosco circa XL milia fagotorum </item>
                                <item> item libravit Iohanni <foreign>Dadin</foreign> quaronerio pro
                                    dictis sex fornatis coquendis <lb/> in taschiam cui dantur pro
                                    qualibet fornata continente viginti duo milia sex libre et
                                    duodecim solidi videlicet pro <lb/> quolibet mille sex solidi
                                    viennensium : XXXIX libras XII solidos viennensium </item>
                                <item> et sciendum quod ultima dictarum sex fornatarum <lb/> debet
                                    esse cocta infra festum penthecoste </item>
                                <item> in arcubus<foreign> </foreign>furni quaronerie reficiendis
                                    per predictas octo fornatas : <lb/> LV solidos </item>
                                <item> in grangia quaronerie <sic>rechoperienda</sic> et palea empta
                                    ad idem et fossatis circa <lb/> dictam grangiam curandis et
                                    banchis reficiendis et duobus <sic>muellos</sic> de novo factis
                                    et ferro ad idem : <lb/> XLVII solidos I denarium </item>
                                <item> in sablone adducendo ad quaroneriam pro quaronibus predictis
                                    : XXXVIII solidos </item>
                                <item> in pane <lb/> dato boveriis adducentibus quatuor navatas
                                    lapidum a <sic>rippa</sic> aque Sagone usque ad quaroneriam
                                    <lb/> pro calce facienda et fuerunt ibi circa trescente charrate
                                    : XLVIII solidos</item>
                            </list></p>
                        <p><add place="leftMargin"> summa carronerie : CI lb. VI s. VII d.</add></p>
                    </div>
                    <div xml:id="opus_castri">
                        <head>opus castri</head>
                        <p><list>
                                <item><lb/> in curatis sive presonibus omnium murorum castri
                                    circumquaque dictum castrum et in turre nova facienda <lb/> hoc
                                    anno ut in particulis : XI libras VIII solidos VI denarios
                                    viennensium </item>
                                <item> in cindris septem fenestrarum et unius <lb/> chaminate
                                    faciendis : XXI solidos </item>
                                <item> in <sic>cyndris</sic> magne porte faciendis et in cyndris
                                        <sic>hostii</sic> magne <lb/> turris : XXI solidos XI
                                    denarios </item>
                                <item> in centum et quinquaginta chantonibus lapidis grossis emptis
                                    pro magna <lb/> porta castri et pro quibusdam aliis operibus
                                    faciendis et dantur pro quolibet chantone reddito ad rippam
                                    <lb/> Sagone a parte Baugiaci octo denarii et obolus viennensium
                                    : CVI solidos III denarios </item>
                                <item> in pane dato bubulcis adducentibus <lb/> dictos lapides :
                                    XIIII solidos II denarios </item>
                                <item> in scisura magne porte castri facte de dictis lapidibus in
                                    taschiam <lb/> per Bartholomeum lathomum : XL solidos </item>
                                <item> in scisura duorum angulorum vel pilarum factarum ante dictam
                                    portam <lb/> et in scisura duarum archeriarum factarum ab
                                    utraque parte dicte porte de predictis lapidibus per manum
                                    eiusdem <lb/> Bartholomei : LXXII solidos X denarios </item>
                                <item> in factura dicte magne porte castri et duarum posterlarum et
                                    hostii <lb/> turris nove et in scisura duorum sapinorum domini
                                    qui erant apud Pontem Vele pro predictis faciendis et in <lb/>
                                    charreagio ut in particulis : LVIII solidos </item>
                                <item> in tribus quintallis ferri emptis pro esparris et goyffonibus
                                    et vecte dicte <lb/> magne porte et dantur pro quolibet
                                    quintallo viginti unus solidi et tantumdem pro fabricatura et
                                    factura dictarum <lb/> esparrarum et goyffonum pro predictis
                                    porta posterlis et hostio turris : VI libras VI solidos </item>
                                <item> in uno mille et <lb/> noviescentum clavorum alborum et in
                                    duobus centum clavorum nigrorum et in quinquaginta crociis ferri
                                    emptis ad opus <lb/> predictarum magne porte posterlarum et
                                    hostii : XXXV solidos </item>
                                <item> in triginta libris plumbi emptis pro dictis <lb/> engonibus
                                    ponendis : X solidos </item>
                                <item> in scisura unius hostii et unius chaminate et duarum <lb/>
                                    fenestrarum factarum in turre quadrata et in scisura unius
                                    hostii et duarum parvarum fenestrarum factarum in <milestone
                                        n="06" unit="vue"/><pb n="5"/><lb/> guarda roba et in
                                    scisura duorum hostiorum et unius chaminate et duarum
                                    fenestrarum ad sedem <lb/> et duarum aliarum parvarum
                                    fenestrarum factarum in camera superiori et in scisura duarum
                                    parvarum <lb/> fenestrarum factarum in parlatorio et in scisura
                                    duarum fenestrarum ad sedem duarum <sic>chaminarum</sic> et
                                    unius <lb/> hostii factis in sala dicti castri in taschiam datam
                                    dicto Bartholomeo lathomo ut dicit : <lb/> XXII libras
                                    viennensium </item>
                                <item> in pane dato bubulcis aducentibus ducentos sexaginta lapides
                                    de quibus <lb/> facte fuerunt predicti hostii chamynate et
                                    fenestre a Sagona usque ad Baugiacum et expensis ipsos iuvantium
                                    : <lb/> XL solidos IX denarios </item>
                                <item> in expensis quinque latronum suspensorum per dictum tempus :
                                    IX solidos IX denarios</item>
                            </list></p>
                        <p><add place="leftMargin"> summa : LXI lb. IIII s. II d.</add></p>
                    </div>
                    <div>
                        <p><lb/> summa supradictarum expensarum : II<hi rend="sup">C</hi> XXXI lb.
                            XIX s. XI d. vien.</p>
                    </div>
                </div>
                <div xml:id="librate">
                    <head>librate</head>
                    <p><list>
                            <item><lb/> idem libravit domino comiti per litteram ipsius de
                                testimonio et recepta datam die iovis post festum nativitatis beate
                                <lb/> Marie virginis anno Domini M<hi rend="sup">o</hi> CC<hi
                                    rend="sup">o</hi> nonagesimo septimo quos denarios recepit
                                Petrus de Montemeliano <lb/> clericus ut dicit dictus castellanus
                                tamen non continetur in littera : VIII<hi rend="sup">XX</hi> libras
                                viennensium </item>
                            <item><lb/> idem libravit domino comiti per manum magistri Petri phisici
                                per litteram domini datam die sabbati post octabas <lb/> pasche anno
                                nonagesimo octavo quam reddit : II<hi rend="sup">C</hi> libras
                                viennensium </item>
                            <item><lb/> idem libravit Iohanni Piscis de Chamberiaco pro expensis
                                suis eundo in Champaignam per litteram domini de mandato <lb/> et
                                litteram ipsius de recepta quam reddit : C solidos viennensium </item>
                            <item><lb/> idem libravit Thomasseto de Bellicio familiari domini pro
                                expensis duodecim equorum domini et <lb/> valletorum ipsos ducentium
                                per unam noctem apud Baugiacum excepta avena librata ut supra et a
                                Baugiaco <lb/> usque apud Lugdunum per litteras sigillatas sigillo
                                Petri clerici de testimonio quas reddit : LXV solidos viennensium </item>
                            <item><lb/> idem libravit sacriste Sancti Petri Matisconensis cui
                                debentur per annum de helemosina per litteras dicti <lb/> sacriste
                                de recepta quas reddit : XXX solidos viennensium </item>
                            <item><lb/> item libravit in triginta quatuor libris cere empte et
                                solute altari sancti Vincentii Matisconensis cui debentur <lb/> per
                                annum cum triginta octo libris cere sibi ut supra allocatis que sibi
                                debentur de helemosina : CII solidos viennensium </item>
                            <item><lb/> idem libravit Guillermerio de Condamina familiari domini
                                quondam cui debentur per annum ad vitam <lb/> suam in festo beati
                                Michaelis de dono domini : LX solidos viennensium </item>
                            <item><lb/> idem libravit Petro clerico cui debentur per annum pro
                                capella Sancti Mauritii supra leydam fori et nundinarum <lb/>
                                videlicet in festo beati Andree apostoli medietas et alia medietas
                                in festo apostolorum Philippi et Iacobi : XV libras viennensium </item>
                            <item><lb/> idem libravit sibi ipsi pro salario suo unius anni finiendi
                                    XI<hi rend="sup">o</hi> kalendas iunii anno nonagesimo octavo
                                <lb/> per conventionem factam cum eo : XXV libras viennensium </item>
                            <item><lb/> idem libravit in quatuor milibus quarrellorum cum
                                flechonibus et pennis emptis ad opus munitionis castri <lb/>
                                Baugiaci per litteras domini de mandato quas reddit et remanent
                                penes ipsum castellanum : X libras viennensium </item>
                            <item><lb/> idem libravit in una balista de cornu ad duos pedes et in
                                duabus balistis de cornu ad unum <lb/> pedem et in duabus balistis
                                ligneis ad turnum et in duobus turnis pro ipsis balistis <lb/>
                                    tendendis<hi rend="sup"/>per litteras predictas domini de
                                mandato quas reddit et tribus baudricis : VIII libras X solidos </item>
                            <item><lb/> idem libravit in expensis factis persequendo quemdam
                                latronem qui rupperat quemdam fardellum pannorum apud <lb/>
                                Baugiacum ubi ceperat decem ulnas panni viridis qui latro captus
                                fuit apud Lugdunum inclusis triginta <lb/> duobus solidis solutis
                                tribus bastoneriis de Matiscone qui ipsum <sic>persequti</sic>
                                fuerunt per terram regis <lb/> et <sic>aducus</sic> fuit apud
                                Baugiacum ubi suspensus fuit : XLVIII solidos viennensium</item>
                        </list></p>
                    <p><lb/> summa : IIII<hi rend="sup">C</hi> XXXVIII lb. XV s. vien.</p>
                </div>
                <div>
                    <p><lb/> summa expensarum salariorum et libratarum : VI<hi rend="sup">C</hi> LXX
                        lb. XIIII s. XI d. vien.</p>
                </div>
            </div>
            <div xml:id="bilan">
                <p> et <lb/> sic debet : II<hi rend="sup">C </hi>IIII<hi rend="sup">XX</hi> XII
                    libras XII solidos VIII denarios viennensium <list>
                        <item> de quibus deducuntur XX solidi viennensium <lb/> pro extenta Baugiaci
                            transcribenda </item>
                        <item> item deducuntur XV solidi qui nimis computati fuerunt anno preterito
                            in <lb/> venditione quinque obolorum auri ut apparet per computum
                            precedentem </item>
                        <item> et sic debet : II<hi rend="sup">C</hi> IIII<hi rend="sup">XX</hi> X
                            libras XVII <lb/> solidos VIII denarios viennensium </item>
                        <item> de quibus respondet in computo sequenti</item>
                    </list></p>
                <p><lb/> sciendum quod dictus castellanus non computavit de corvagio nec de eo quod
                    recepit pro Ponte <foreign>d’Enz</foreign> quia <sic>nundum</sic><lb/> ad plenum recuperavit<list>
                        <lb/>
                        <item><del rend="overstrike"> item dicit castellanus quod ipse recuperavit
                                de hominibus Baugiaci pro auxilio facto domino pro dote filie sue
                                uxoris marchionis <lb/> Montis Ferrati : IIII<hi rend="sup">XX</hi>
                                libras viennensium quas tradidit ut dicit domino Iohanni Fluridi
                                tamen non habet litteram de recepta</del></item>
                        <item><lb/> iniunctum est castellano quod de cetero non faciat nec levet
                            aliquas druelias sub pena quinquaginta <lb/> librarum et officii et si
                            contra fecerit pro qualibet vice exigatur dicta pena ab eodem</item>
                    </list></p>
                <p><lb/> sciendum quod dictus castellanus dicit quod ipse fecit in castro Baugiaci
                        IIII<hi rend="sup">C</hi> teysas muri de pisitudine trium <lb/> pedum et
                    dimidii pro quarum qualibet sibi debent dari XI solidi viennensium : valent
                        XI<hi rend="sup">XX</hi> libras <list>
                        <item><lb/> item dicit quod solvit in una domo empta de heredibus Gileti de
                            Baugiaco XX libras viennensium ultra alias <lb/> viginti libras quas
                            solvit dominus per manum Philippi corsini </item>
                        <item><lb/> item solvit XX libras pro alia domo empta de executoribus
                            Iohannis de <foreign>La Cava</foreign> que sita est iuxta castrum. </item>
                        <item><lb/> item solvit XL libras Stephano Terleti in quibus dominus sibi
                            tenebatur, non allocantur quia non habet litteram domini de <lb/>
                            mandato </item>
                        <item><lb/> item solvit in cavalcatis de mandato baillivi circa XV libras
                            XII solidos que non sunt sibi allocate </item>
                        <item><lb/> item solvit LX solidos Pasqueto quarronerio pro platellis per
                            ipsum factis pro sala Pontis Velle quaronenda</item>
                        <item><lb/><del rend="overstrike"> item solvit IIII libras X solidos in
                                duodecim balistis ligneis et in uno mille flechonum <add
                                    place="interlinear">et uno boudrey</add> que tradidit castellano
                                Pontis Vallium</del></item>
                        <item><lb/> item solvit XIIII solidos in expensis trium clientum quos tenuit
                            ad Portum Nugum per quatuor dies </item>
                        <item><lb/> item petit sibi allocari pro locagio domus in qua sunt quarones
                            scisi pro fenestris domini et in qua reponitur fenum domini</item>
                        <item><lb/><del rend="overstrike"> sciendum quod debent sibi allocari in suo
                                primo computo VI meyterii frumenti <add place="interlinear"><del
                                        rend="overstrike">quolibet anno</del></add> de duobus annis
                                preteritis <lb/> que debentur in chacipolleria de Marcenna qui
                                obliti sunt superius deduci de frumento</del></item>
                    </list></p>
            </div>
        </body>
    </text>
</TEI>
