<?xml version="1.0" encoding="UTF-8"?>
<?oxygen RNGSchema="http://www.tei-c.org/release/xml/tei/custom/schema/relaxng/tei_all.rng" type="xml"?>
<TEI xmlns:math="http://www.w3.org/1998/Math/MathML" xmlns="http://www.tei-c.org/ns/1.0"
  xmlns:xi="http://www.w3.org/2001/XInclude" xmlns:svg="http://www.w3.org/2000/svg" xml:id="B6740_2">
  <teiHeader>
    <fileDesc>
      <titleStmt>
        <title>Compte de Pierre de Sarraval (<hi rend="italics">Petrus de Sarravalle</hi>) pour la
          châtellenie de Bagé, du 17 avril 1295 au 22 mai 1295 <date type="debut"
            from-iso="12950417" cert="high"/><date type="fin" from-iso="12950522" cert="high"
          /></title>
        <respStmt>
          <persName><name xml:lang="fra">Pierre de Sarraval</name><name xml:lang="lat">Petrus de
              Sarravalle</name></persName>
          <resp>Châtelain</resp>
        </respStmt>
      </titleStmt>
      <publicationStmt>
        <p>Alain Kersuzan et Frédéric Chartrain, avec la collaboration de Marjorie Burghart, Jean-Louis Gaulin, et Jean-Michel Poisson, 
          <title>Compte de Pierre de Sarraval (<hi rend="italics">Petrus de Sarravalle</hi>) pour la
            châtellenie de Bagé, du 17 avril 1295 au 22 mai 1295</title>,
          Lyon - Chambéry, 2011 (<title>Documents comptables des Etats de Savoie, XIIIe - XVe s.</title>)</p>
      </publicationStmt>
      <seriesStmt>
        <title>Bagé</title>
      </seriesStmt>
      <sourceDesc>
        <p>Information about the source</p>
      </sourceDesc>
    </fileDesc>
  </teiHeader>
  <text>
    <body>
      <milestone n="05" unit="vue"/>
      <pb n="4"/>
      <div xml:id="prologue">
        <p><lb/> Computus Petri de Sarravalle castellani Baugiaci a decima septima die mensis <lb/>
          aprilis anno Domini M<hi rend="sup">o</hi> CC<hi rend="sup">o</hi> nonagesimo quinto usque
          ad dominicam in festo penthacoste que est XI<hi rend="sup">o</hi> kal. iunii anno eodem
          videlicet <lb/> de quinque septimanis</p>
      </div>
      <div xml:id="recepte">
        <div xml:id="frumentum">
          <head>frumentum</head>
          <p><lb/> idem reddit computum <list>
              <item> de III<hi rend="sup">C</hi> LXII meyteriis V cupis frumenti receptis a se ipso
                de remanentia computi sui precedentis que dictus <lb/> Petrus libravit
                  <sic>Bertholomeo</sic> Silvestri castellano post ipsum ut per confessionem ipsius
                Bertholomei presentis qui de ipsis debet domino comiti <lb/> respondere § de
                medietate firme molendini non computat quia non debetur ante festum beati
                Michaelis</item>
            </list></p>
        </div>
        <div xml:id="siligo">
          <head>siligo</head>
          <p><lb/> idem reddit computum <list>
              <item> de XII<hi rend="sup">XX</hi> VII meyteriis II cupis dimidia siliginis receptis
                de remanentia computi sui precedentis que ipse <lb/> libravit dicto Bertholomeo ut
                per confessionem ipsius presentis et de ipsis debet domino comiti respondere</item>
            </list></p>
        </div>
        <div xml:id="avena">
          <head>avena</head>
          <p><lb/> idem reddit computum <list>
              <item> de III<hi rend="sup">C</hi> LXVI meyteriis avene receptis de remanentia computi
                sui precedentis que ipse <lb/> libravit dicto Bertholomeo qui de ipsis debet domino
                comiti respondere ut per confessionem ipsius presentis</item>
            </list></p>
        </div>
        <div xml:id="milium">
          <head>millium</head>
          <p><lb/> idem reddit computum <list>
              <item> de XIX meyteriis millii receptis de remanentia computi sui precedentis,
                venduntur ut infra</item>
            </list></p>
        </div>
        <div xml:id="vinum">
          <head>vinum</head>
          <p><lb/> idem reddit computum <list>
              <item> de LXXV sesteriis dimidio vini receptis de remanentia computi sui precedentis
                que sunt in castro in quinque doliis </item>
              <item> de quibus <lb/><del rend="overstrike">in fece</del> deducuntur per extimationem
                factam pro fece et <sic>consuptione</sic> V sesteria dimidium vini <lb/> et sic
                debet LXX sesteria vini que libravit dicto Bertholomeo qui de ipsis debet respondere
                <lb/> domino comiti et nichil debet deduci amodo pro fece</item>
            </list></p>
        </div>
        <div xml:id="galline">
          <head>galline</head>
          <p><lb/> idem reddit computum <list>
              <item> de III<hi rend="sup">C</hi> LXXI gallinis receptis de remanentia computi sui
                precedentis quas ipse <lb/> libravit dicto Bertholomeo castellano post ipsum qui de
                ipsis debet respondere et preceptum est sibi quod eas vendat</item>
            </list></p>
        </div>
        <div xml:id="fenum">
          <head>fenum</head>
          <p><lb/> idem reddit computum <list>
              <item> de I carrrata feni de residuo seu remanentia computi precedentis quam libravit
                dicto Bertholomeo ut per confessionem ipsius</item>
            </list></p>
        </div>
        <div xml:id="denarii">
          <head>denarii</head>
          <p><lb/> idem reddit computum <list>
              <item> de medietate firmarum leyde <sic>copunagii</sic> et chacipoleriarum et de
                Marczonasco sicut continentur <lb/> supra in computo precedenti non computat quia
                debentur in festo beati Iohannis baptiste anno nonagesimo quinto et non ante et
                <lb/> de ipsis debet dictus Bertholomeus castellanus post ipsum computare</item>
            </list></p>
        </div>
        <div xml:id="banna">
          <head>banna</head>
          <p><lb/> idem reddit computum <list>
              <item> de XXX solidis viennensium receptis de Humberto de Sancto <sic>Surpisio</sic>
                pro eo quod fecit sanguinem Berthelerio de <foreign>Marczonay</foreign></item>
              <item> de VI libris <lb/> receptis de Renaudo de Lusignia de concordia facta cum ipso
                per iudicem de eo quod unus filius suus ceperat de denariis cuiusdam fratris sui
                <lb/> in archis suis </item>
              <item> de XX solidis receptis de Benedicto de Fayola pro occupatione itineris </item>
              <item> de XV solidis receptis de Stephano Bochardi de Maysiriaco <lb/> pro eo quod de
                nocte intraverat domum cuiusdam hominis pro quadam muliere </item>
              <item> de X solidis receptis de Durando <foreign>Grochon</foreign> de
                  <foreign>Marczonay</foreign> pro eo quod fustam <lb/> unius domus site in terra
                domini comitis amovit et pro eo quod requisitus non confessus fuit debitum quoddam </item>
              <item> de X solidis receptis de Ballo sarratore <lb/> de <foreign>Chanviez</foreign>
                pro occupatione itineris </item>
              <item> de X solidis receptis de Bernardo <foreign>Maygnin</foreign> de
                  <foreign>Corceles</foreign> pro banno sanguinis facti filie
                    <unclear><foreign>Care[in]mentrant</foreign></unclear></item>
              <item><lb/> de VII solidis VI denariis receptis de Pontio de Verna pro banno sanguinis
                facti filie Perreti <foreign>Oreyllart</foreign></item>
              <item> de C solidis receptis de Ogerio de <foreign>Chasanz</foreign><lb/> et fratre
                suo pro eo quod dictus Ogerius ceperat denarios in archa fratris sui qui erant
                communes et dictus frater suus combussit grangiam unam communem <lb/> dicto Ogerio
                et sibi </item>
              <item> de XX solidis receptis de Ogerio <foreign>Lever</foreign> et Johannino fratre
                suo pro saysinis fractis </item>
              <item> de VI solidis receptis de duabus clamis </item>
              <item><lb/> de X solidis receptis de <unclear>Moyrondo</unclear> de
                  <foreign>Fay</foreign> pro eo quod falcaverat in prato albergato Guillermeto de
                  <foreign>Vauz</foreign></item>
            </list></p>
          <p><lb/> summa : XVI lb. II s. VI d. vien. deductis triginta sex solidis pro parte
            castellani <lb/> capientis duos solidos in libra</p>
        </div>
        <div xml:id="escheyte">
          <head>escheyte</head>
          <p><lb/> idem reddit computum <list>
              <item> de XXXV solidis viennensium receptis de uno pullo equino et duobus porcis qui
                erant Peroneti Esboudi qui dicitur verberasse <lb/> Peronetum
                  <foreign>Galard</foreign> in tantum quod mortuus est <add place="interlinear"
                  >deductis expensis factis in persequendo et sepultura <foreign>Galard</foreign>
                  interfecti qui non habebat de quo posset sepeliri</add> et castellanus sequens
                debet inquirere si plus inveniat de bonis suis</item>
            </list></p>
        </div>
        <div xml:id="inventa">
          <head>inventa</head>
          <p><list>
              <item> de III solidis <lb/> receptis de uno porcello invento et vendito pro
                tanto</item>
            </list></p>
          <p><lb/> summa : XXXVIII s. vien.</p>
        </div>
        <div xml:id="laudes_et_venditiones">
          <head>laudes et venditiones</head>
          <p><lb/> idem reddit computum <list>
              <item> de XXVIII solidis VI denariis viennensium receptis de Guillermerio de Condamina
                pro laudibus vinee empte de liberis Bernardi de Lacava <lb/> pretio novem librarum
                  <add place="interlinear"><del rend="overstrike">tres </del> decem </add> solidorum </item>
              <item> de IIII solidis receptis de Guillermeto <foreign>Dalunzia</foreign> pro
                laudibus terre empte de Hugoneto Lombardi pretio viginti quatuor solidorum </item>
              <item><lb/> de II solidis VII denariis receptis de <sic>donpno</sic> Girardo de
                  <foreign>Marczonay</foreign> capellano pro laudibus terre empte de Johanne Fabri
                  <del rend="overstrike">de</del> pretio sexdecim solidorum </item>
              <item><lb/> de II solidis III denariis receptis de Roberto de
                  <foreign>Prenel</foreign> pro laudibus terre empte de Guillermeta Troylleta et
                viro suo pretio quindecim solidorum </item>
              <item> de II solidis III denariis <lb/> receptis de Ballo de
                  <foreign>Nermont</foreign> pro laudibus terre empte de matre Johanneti
                  <foreign>Petit</foreign> pretio quindecim solidorum </item>
              <item> de III solidis IX denariis receptis de Stephano
                <foreign>Payllier</foreign><lb/> pro laudibus terre empte de matre dicti Johanneti
                pretio viginti quatuor solidorum </item>
              <item> de IX solidis receptis de Bertholon <foreign>Sala</foreign> de
                  <foreign>Felinz</foreign> pro laudibus terre empte <lb/><foreign>des
                  Chasiers</foreign> de <foreign>Manzia</foreign> pretio sexaginta solidorum</item>
            </list></p>
          <p><lb/> summa : LII s. IIII d. vien.</p>
        </div>
        <div xml:id="venditiones">
          <head>venditiones</head>
          <p><lb/> idem reddit computum <list>
              <item> de CX solidis viennensium receptis de decem novem meyteriis millii venditis ut
                supra</item>
            </list></p>
          <p><lb/> summa : CX s. vien.</p>
        </div>
        <div xml:id="arreragium">
          <head>arreragium</head>
          <p><lb/> idem reddit computum <list>
              <item> de LXV libris XI solidis X denariis III pictis viennensium receptis de
                remanentia computi sui precedentis</item>
            </list></p>
        </div>
        <div xml:id="bilan_recepte">
          <p><lb/> summa totius recepte : IIII<hi rend="sup">XX</hi> XI lb. XIIII s. VIII d. III
            pict. vien.,</p>
        </div>
      </div>
      <div xml:id="expense_et_librate">
        <p><list>
            <item> de quibus <lb/> idem libravit pro tribus milibus de <foreign>fagoz</foreign>
              apportandis de nemore ad carroneriam pro carronis dequoquendis : XV solidos
              viennensium </item>
            <item> item cuidam homini extrahenti <lb/> de nemore <foreign>los fagoz</foreign> et
              ligna pro dicta carroneria pro novem diebus : IIII solidos VI denarios viennensium </item>
            <item> item pro una securi empta et duabus aliis securibus <lb/> aptandis pro czochiis
              amovendis de nemore de <foreign>Money</foreign> et remanent dicte tres secures penes
              magistrum Johannem <add place="interlinear"><foreign>Guodon</foreign></add> qui de
              ipsis debet <lb/> respondere : VI solidos viennensium </item>
            <item> item libravit Rupho <foreign>Damas</foreign> et Albertino et socio
                <sic>lathonis</sic> Astensibus scindentibus carrones pro fenestris per decem <lb/>
              novem dies et capiunt in die qua operantur quatuor solidos per litteram ipsorum de
              recepta : LXXVI solidos </item>
            <item> item pro martellis ipsorum apointandis per dictum <lb/> tempus et carronibus
              apportandis de muris veteribus ad grangiam in qua operabantur : VIII solidos VI
              denarios viennensium </item>
            <item><lb/> item libravit Petro de Montemeliano clerico quas percipit annuatim <add
                place="interlinear">pro capella sancti Mauritii</add> super exitibus nundinarum
              Baugiaci <add place="interlinear">et tantumdem debentur in festo beati Andree
                annuatim</add> prima die maii anno nonagesimo quinto : VII libras X solidos
              viennensium </item>
            <item><lb/> item libravit sibi ipsi pro salario suo de quinque septimanis supradictis ad
              rationem viginti librarum viennensium de salario per annum : XL solidos
              viennensium</item>
          </list></p>
      </div>
      <div xml:id="bilan">
        <p><lb/> summa expense et librate : XV lb. vien. <lb/> et sic debet dictus castellanus
          domino : LXXVI libras XIIII solidos VIII denarios III pictas viennensium, <list>
            <item> de quibus <lb/> deducuntur quas computavit superius in precedenti computo in
              recepta bannorum dicendo se ipsas recepisse de Hugone de Mespilliaco domicello <lb/>
              et eas nunc habuit quia appellavit ad dominum comitem qui dedit sibi iudicem in ipsa
              causa appellationis baillivi Baugiaci : X libras viennensium </item>
            <item> item deducuntur quas <lb/> libravit de mandato domini comitis Jacobo
                <foreign>Malabailli</foreign> corssino de Burgo ut per litteram dicti corssini de
              recepta datam die mercurii post festum beate <lb/><add place="leftMargin">Marie</add>
              Magdalene anno nonagesimo quinto : LXVI libre XIIII solidi VIII denarii viennensium </item>
            <item> et sic est quittus<note>Ce paragraphe est écrit d’une main
              différente.</note></item>
          </list></p>
        <p><lb/> memorandum quod magister Johannes <foreign>Godon</foreign> custodit III martellos
          factos pro carronibus scindendis et III secures ad nemus scindendum <lb/> et debet
          respondere de octo sacis tele</p>
      </div>
    </body>
  </text>
</TEI>
