<?xml version="1.0" encoding="UTF-8"?>
<?oxygen RNGSchema="http://www.tei-c.org/release/xml/tei/custom/schema/relaxng/tei_all.rng" type="xml"?>
<TEI xmlns:math="http://www.w3.org/1998/Math/MathML" xmlns="http://www.tei-c.org/ns/1.0"
    xmlns:xi="http://www.w3.org/2001/XInclude" xmlns:svg="http://www.w3.org/2000/svg"
    xml:id="B6740_3">
    <teiHeader>
        <fileDesc>
            <titleStmt>
                <title>Compte de Barthélémy Sylvestre (<hi rend="italics">Bartholomeus
                        Silvestri</hi>) pour la châtellenie de Bagé, du 22 mai 1295 au 8 avril 1296
                        <date type="debut" from-iso="12950522" cert="high"/><date type="fin"
                        from-iso="12960408" cert="high"/></title>
                <respStmt>
                    <persName><name xml:lang="fra">Barthélémy Sylvestre</name><name xml:lang="lat"
                            >Bartholomeus Silvestri</name></persName>
                    <resp>Châtelain</resp>
                </respStmt>
            </titleStmt>
            <publicationStmt>
                <p>Alain Kersuzan et Frédéric Chartrain, avec la collaboration de Marjorie Burghart, Jean-Louis Gaulin, et Jean-Michel Poisson, 
                    <title>Compte de Barthélémy Sylvestre (<hi rend="italics">Bartholomeus
                        Silvestri</hi>) pour la châtellenie de Bagé, du 22 mai 1295 au 8 avril 1296</title>,
                    Lyon - Chambéry, 2011 (<title>Documents comptables des Etats de Savoie, XIIIe - XVe s.</title>)</p>
            </publicationStmt>
            <seriesStmt>
                <title>Bagé</title>
            </seriesStmt>
            <sourceDesc>
                <p>Information about the source</p>
            </sourceDesc>
        </fileDesc>
    </teiHeader>
    <text>
        <body>
            <div xml:id="prologue">
                <milestone n="06" unit="vue"/>
                <pb n="5"/>
                <p><lb/> Computus Bartholomei Silvestri castellani Baugiaci a festo penthecoste que
                    fuit XI<hi rend="sup">o</hi> kalendas iunii anno Domini <lb/> M<hi rend="sup"
                        >o</hi> CC<hi rend="sup">o</hi> nonagesimo quinto usque ad octavam diem
                    mensis aprilis anno nonagesimo sexto videlicet de quadraginta quinque septimanis
                    <lb/> et quinque diebus receptus apud Camberiacum</p>
            </div>
            <div xml:id="recepte">
                <div xml:id="frumentum">
                    <head>frumentum</head>
                    <p><lb/> idem reddit computum <list>
                            <item> de III<hi rend="sup">C</hi> XLVI meyteriis frumenti receptis in
                                castellania Baugiaci de redditu lunatione et messe per annum ut in
                                particulis <lb/> extractus extente nove </item>
                            <item> de VII meyteriis et dimidio receptis de medietate firme molendini
                                de stagno finite in festo <lb/> beati Michaelis anno nonagesimo
                                quinto et de alia medietate computavit in computo precedenti </item>
                            <item> de III meyteriis IIII cupis receptis <lb/> de exitu dicti
                                molendini a dicto festo beati Michaelis usque ad predictam
                                    <sic>octabam</sic> mensis aprilis anno nonagesimo sexto <lb/> et
                                respondet minus quia stagnum piscatum fuit et propter hoc dictum
                                molendinum non humerivit aqua </item>
                            <item> de <lb/> exitu decime de <foreign>Money</foreign> nichil hoc anno
                                in frumento </item>
                            <item> de VII meyteriis receptis de exitu grangiagii grangie de <lb/>
                                Nigro Monte hoc anno</item>
                        </list></p>
                    <div type="sub">
                        <head>arreragium</head>
                        <p><list>
                                <item> de III<hi rend="sup">C</hi> LXII meyteriis V cupis frumenti
                                    receptis de Petro de Serravalle castellano <lb/> ante ipsum quos
                                    debebat de remanentia computi sui de castellania dicti
                                    loci</item>
                            </list></p>
                    </div>
                    <div>
                        <p><lb/> summa : VII<hi rend="sup">C</hi> XXVII meyterii frumenti <list>
                                <item> de quibus deducuntur III meyterii <lb/> frumenti qui debentur
                                    apud <foreign>Marcenna</foreign> qui includuntur in firma
                                    prepositure dicti loci de qua respondet infra in firmis </item>
                                <item><lb/> in venditione ut infra : CXII meyterii et dimidius
                                    frumenti </item>
                                <item> et <lb/> restant : VI<hi rend="sup">C</hi> XIIII meyterii et
                                    dimidius frumenti, et remanent</item>
                            </list></p>
                    </div>
                </div>
                <div xml:id="siligo">
                    <head>siligo</head>
                    <p><lb/> idem reddit computum <list>
                            <item> de XIII<hi rend="sup">XX</hi> XIIII meyteriis IIII cupis et
                                dimidia siliginis receptis in dicta castellania de redditu lunatione
                                et <lb/> messe per annum ut in particulis extractus extente </item>
                            <item> de XII meyteriis et dimidio receptis de medietate firme molendini
                                <lb/> de stagno finite ut supra in frumento et de alia medietate
                                computavit in computo precedenti </item>
                            <item> de XI meyteriis et <lb/> dimidio receptis de exitu dictorum
                                molendinorum a festo beati Michaelis usque ad octavam diem mensis
                                aprilis post pascham anno <lb/> nonagesimo sexto </item>
                            <item><del rend="overstrike">de</del>inclusa farina </item>
                            <item> de VIII meyteriis receptis de firma decime de
                                    <foreign>Money</foreign><lb/> hoc anno </item>
                            <item> de III meyteriis II cupis receptis de exitu terrarum grangie de
                                Nigro Monte hoc anno <add place="interlinear">inclusis
                                    leguminibus</add></item>
                        </list></p>
                    <div type="sub">
                        <head>arreragium</head>
                        <p><list>
                                <item><lb/> de III cupis receptis de exitu <sic>pasqueagii</sic> de
                                    Manziaco hoc anno </item>
                                <item> de XII<hi rend="sup">XX</hi> VII meyteriis II cupis <lb/> et
                                    dimidia siliginis receptis de Petro de Serravalle castellano
                                    ante ipsum de remanentia computi sui</item>
                            </list></p>
                    </div>
                    <div>
                        <p><lb/> summa : V<hi rend="sup">C</hi> LVIII meyterii siliginis <list>
                                <item> de quibus <lb/> deducuntur XII meyterii et dimidius qui <del
                                        rend="overstrike">de</del> debentur apud Replongium per
                                    annum qui includuntur in firma <lb/> prepositure dicti loci </item>
                                <item> item deducuntur XXIX meyterii siliginis qui debentur apud
                                        <foreign>Marcenna</foreign> per annum qui includuntur <lb/>
                                    in firma prepositure dicti loci </item>
                                <item> in venditione ut infra : CX meyterii siliginis </item>
                                <item> et <lb/> restant IIII<hi rend="sup">C</hi> VI meyterii et
                                    dimidius siliginis, et remanent</item>
                            </list></p>
                    </div>
                </div>
                <div xml:id="avena">
                    <head>avena</head>
                    <p><lb/> idem reddit computum <list>
                            <item> de VIII<hi rend="sup">XX</hi> XII meyteriis avene receptis in
                                dicta castellania de redditu mareschalcie et garde per annum <lb/>
                                ut in particulis dicti extractus </item>
                            <item> de IIII meyteriis receptis de exitu decime de
                                    <foreign>Money</foreign> hoc anno </item>
                            <item> de <lb/> III meyteriis receptis de exitu terrarum grangie de
                                Nigro Monte hoc anno </item>
                            <item> de XXXII meyteriis IIII cupis receptis <lb/> de hominibus de
                                    <foreign>Marcenna</foreign> pro affoyagio nemoris de Deserta </item>
                            <item> de exitu terre quam excolit dicti <foreign>Li
                                Breta</foreign><lb/> apud <foreign>Money</foreign> nichil hoc anno
                                quia non fuit culta </item>
                            <item> de exitu terrarum stagni de <foreign>Chevrous</foreign> nichil
                                hoc <lb/> anno quia stagnum repletum est</item>
                        </list></p>
                    <div type="sub">
                        <head>arreragium</head>
                        <p><list>
                                <item> de III<hi rend="sup">C</hi> LXVI meyteriis avene receptis de
                                    Petro de Serravalle castellano <lb/> ante ipsum de remanentia
                                    computi sui</item>
                            </list></p>
                    </div>
                    <div>
                        <p><lb/> summa : V<hi rend="sup">C</hi> LXXVII meyterii IIII cupe avene <list>
                                <item> de quibus <lb/> deducuntur III meyterii V cupe avene qui
                                    debentur apud <foreign>Marcenna</foreign> per annum qui
                                    includuntur in <lb/> firma prepositure dicti loci </item>
                                <item> item deducuntur <sic>quas</sic> libravit ad expensas equorum
                                    domini aportantium pisces ad stagna <lb/> Baugiaci et ad
                                    expensas roncini Iacobi de <foreign>Secuser</foreign> apud
                                    Baugiacum venientis pluries pro dictis piscibus ponendis in
                                    dictis stagnis per litteras dicti Iacobi de testimonio quas
                                    reddit et per litteras domini de mandato quas hostendit : VI
                                    meyterii <lb/> avene </item>
                                <item> in venditione ut infra : VIII<hi rend="sup">XX</hi> VIII
                                    meyterii avene </item>
                                <item> et <lb/> restant IIII<hi rend="sup">C</hi> meyterii avene
                                    minus une cupa, et remanent</item>
                            </list></p>
                    </div>
                </div>
                <div xml:id="canabum">
                    <head>canabum</head>
                    <p><lb/> idem reddit computum <list>
                            <item> de XXVII muysiis et dimidio canabi receptis apud Manziacum per
                                annum, venduntur ut infra</item>
                        </list></p>
                </div>
                <div xml:id="vinum">
                    <head>vinum</head>
                    <p><lb/> idem reddit computum <list>
                            <item> de LIX sesteriis vini receptis de exitu decimarum Baugiaci
                                vinearum hoc anno et respondet minus solito <lb/> de medietate vel
                                circa propter parvas vindemias</item>
                        </list></p>
                    <p><lb/> summa : LIX sest. vini, venduntur ut infra</p>
                    <div type="sub">
                        <head>arreragium</head>
                        <p><lb/> idem reddit computum <list>
                                <item> de LXX sesteriis vini receptis de Petro de Serra Valle
                                    castellano ante ipsum, venduntur ut infra</item>
                            </list></p>
                    </div>
                </div>
                <div xml:id="anseres">
                    <head>anseres</head>
                    <p><lb/> idem reddit computum <list>
                            <item> de VI anseribus receptis apud Nigrum Montem de redditu per annum,
                                venduntur ut infra</item>
                        </list></p>
                </div>
                <div xml:id="galline">
                    <head>galline </head>
                    <p><lb/> idem reddit computum <list>
                            <item> de IIII<hi rend="sup">C</hi> XXIII gallinis receptis in
                                castellania Baugiaci de redditu et consuetudine per annum </item>
                            <item> de III<hi rend="sup">C</hi><lb/> LXXI gallinis de Petro de
                                Serravalle castellano ante ipsum de remanentia computi sui</item>
                        </list></p>
                    <p><lb/> summa : VII<hi rend="sup">C</hi> IIII<hi rend="sup">XX</hi> XIIII
                        galline <list>
                            <item> de quibus deducuntur XXXVI galline <lb/> que debentur apud
                                    <foreign>Marcena</foreign> per annum que includuntur in firma
                                prepositure dicti loci </item>
                            <item> et <lb/> restant VII<hi rend="sup">C</hi> LVIII galline,
                                venduntur ut infra</item>
                        </list></p>
                </div>
                <div xml:id="pulli">
                    <head>pulli</head>
                    <p><lb/> idem reddit computum <list>
                            <item> de VIII pullis receptis in dicta castellania de redditu per
                                annum, venduntur ut infra</item>
                        </list></p>
                </div>
                <div xml:id="cera">
                    <head>cera</head>
                    <p><lb/> idem reddit computum <list>
                            <item> de XXXI libris <add place="interlinear">et dimidia</add> cere
                                receptis in dicta castellania de garda per annum ut in particulis
                                extractus extente </item>
                            <item><lb/> de IIII libris receptis de quatuor hominibus receptis in
                                dicta garda per Petrum de Serravalle castellanum ante ipsum quorum
                                <lb/> nomina in sequenti computo declarabit </item>
                            <item> de I libra recepta de Laurentio <foreign>Barcan</foreign> de
                                Monte pro recognitione per dominum <lb/> de novo </item>
                            <item> de I libra recepta de dicto <foreign>Sergant</foreign> de
                                    <foreign>Felinz</foreign> pro eodem</item>
                        </list></p>
                    <p><lb/> summa : XXXVII libre et dimidia cere <list>
                            <item> que deducuntur de <sic>sepuaginta</sic><lb/> duabus libris cere
                                que debentur singulis annis in festo beati Vincentii altari ecclesie
                                sancti Vincentii <lb/><sic>Masticonensis</sic> et residuum sibi
                                allocatur infra in expensis vel libratis </item>
                        </list></p>
                </div>
                <div xml:id="panes">
                    <head>panes</head>
                    <p><lb/> idem reddit computum <list>
                            <item> de VII panibus receptis in dicta castellania de redditu per annum
                                deductis quatuordecim panibus <lb/> qui debentur apud
                                    <foreign>Marcenna</foreign> per annum qui includuntur in firma
                                prepositure dicti loci, venduntur ut infra</item>
                        </list></p>
                </div>
                <div xml:id="fenum">
                    <head>fenum</head>
                    <p><lb/> idem reddit computum <list>
                            <item> de XI charratis feni receptis de exitu prati nemoris Baugiaci hoc
                                anno </item>
                            <item> de I charrata <lb/> recepta de Petro de Serra Valle castellano
                                ante ipsum de remanentia coumputi sui</item>
                        </list></p>
                    <p><lb/> summa : XII charrate feni <list>
                            <item> de quibus libravit <lb/> ad expensas sexaginta equorum de
                                quadrigis domini adducentium pisces in stagnis Baugiaci ut supra in
                                avena : I charratam </item>
                            <item> et restant XI charrate feni, et remanent</item>
                        </list></p>
                    <div type="sub">
                        <head>iterum fenum</head>
                        <p><lb/> idem reddit computum <list>
                                <item> de IIII charratis feni de secunda herba receptis de exitu
                                    dictorum pratorum factorum ad medium <lb/> fenum hoc anno
                                    venduntur ut infra</item>
                            </list></p>
                    </div>
                </div>
                <div xml:id="denarii_census">
                    <head>denarii census</head>
                    <p><lb/> idem reddit computum <list>
                            <item> de XXIX libris XIX solidis obolo parisiensium receptis in dicta
                                castellania de redditu per annum ut in particulis extractus <lb/>
                                extente </item>
                            <item> de XVIII libris IX solidis V denariis receptis de redditu
                                pratorum nemoris Baugiaci per annum ut in particulis <lb/> dicti
                                extractus deductis tresdecim solidis sex denariis quos debet
                                Guillermus <foreign>Barcans</foreign> de Matiscone <lb/> et octo
                                solidis et sex denariis quos debent Peronetus Gras et Iohannes de
                                Sancto Clemente qui denarii non possunt <lb/><milestone n="07"
                                    unit="vue"/><pb n="6"/><foreign> </foreign>recuperari quia ipsi
                                dicunt quod ipsi solverunt plus de introgiis quam debebant in
                                principio quando dictum nemus eis albergatum <lb/><add
                                    place="interlinear">fuit</add> et sciendum quod dictus
                                Guillermus <foreign>Barcans</foreign> debet decetero solvere dictum
                                censum </item>
                            <item> de X libris XVI solidis VI denariis receptis <lb/> de talliis que
                                levantur per annum in festo beati Andree ut in dictis particulis </item>
                            <item> de CII libris XII solidis receptis de talliis <lb/> que levantur
                                in dicta castellania duobus terminis videlicet medietas in
                                    <sic>agusto</sic> et alia medietas in festo beati Andree
                                apostoli </item>
                            <item><lb/> de XXXVII solidis V denariis receptis de garda per annum ut
                                in particulis dicti extractus </item>
                            <item> de VII libris XVI solidis III denariis receptis <lb/> de teysis
                                domorum et banchis ville Baugiaci per annum</item>
                        </list></p>
                    <p><lb/> summa : VIII<hi rend="sup">XX</hi> XI lb. X s. VII d. ob. par.</p>
                </div>
                <div xml:id="firme">
                    <head>firme</head>
                    <p><lb/> idem reddit computum <list>
                            <item> de XXVI libris XIII solidis IIII denariis parisiensium receptis
                                de medietate firme leyde et coponagii mercati et parvi <lb/> pedagii
                                quod levatur in nundinis dicti loci et extra et banni vini quod
                                venditur in nundinis prima die maii per <lb/> unum annum finitum in
                                festo beati Iohannis baptiste anno nonagesimo quinto et de alia
                                medietate computavit in computo precedenti </item>
                            <item><lb/> de LXVI libris XIII solidis IIII denariis receptis de firma
                                rerum predictarum finienda in festo beati Iohannis baptiste anno
                                nonagesimo <lb/> sexto </item>
                            <item> de IIII libris receptis de medietate firme chacipularie Baugiaci
                                finite in festo <lb/> beati Iohannis baptiste anno nonagesimo quinto
                                et de alia medietate computavit in computo precedenti </item>
                            <item> de VIII libris receptis de <lb/> firma dicte chacipularie per
                                unum annum finiendum in festo beati Iohannis baptiste anno
                                nonagesimo sexto </item>
                            <item> de LXVI solidis <lb/> VIII denariis receptis de medietate firme
                                de Replongio finite in festo beati Iohannis baptiste anno nonagesimo
                                quinto et de alia medietate computavit <lb/> in computo precedenti </item>
                            <item> de VII libris VI solidis VIII denariis receptis de firma ejusdem
                                chacipularie finienda in festo beati Iohannis <lb/> baptiste anno
                                nonagesimo sexto </item>
                            <item> de LXVI solidis VIII denariis receptis de medietate firme
                                chacipularie de Manziaco et de <foreign>Ungers</foreign><lb/> finite
                                in festo beati Iohannis baptiste anno nonagesimo quinto et de alia
                                medietate computavit in computo precedenti </item>
                            <item> de X libris <lb/> receptis de firma eiusdem chacipularie finiende
                                in festo beati Iohannis baptiste anno nonagesimo sexto </item>
                            <item> de LXVI solidis VIII denariis receptis <lb/> medietate firme
                                chacipularie Sancti Iohannis supra Reysousa finita in festo beati
                                Iohannis baptiste anno nonagesimo quinto et de alia medietate <lb/>
                                computavit in computo precedenti </item>
                            <item> de VIII libris receptis de <del rend="overstrike">medietate
                                    eiusdem firme finiende</del> eadem firma finienda in festo beati
                                Iohannis baptiste anno nonagesimo <lb/> sexto </item>
                            <item> de VI libris IIII solidis VIII denariis de medietate firme
                                chacipularie de Marcenna finite in festo beati Iohannis baptiste
                                anno <lb/> nonagesimo quinto et de alia medietate computavit in
                                computo precedenti </item>
                            <item> de XVI libris X solidis II denariis receptis de firma eiusdem
                                chacipularie <lb/> finienda in festo beati Iohannis baptiste anno
                                nonagesimo sexto deductis sexaginta novem solidis decem denariis
                                parisiensium qui debentur <lb/> in dicta chacipularia per annum qui
                                includuntur in dicta firma </item>
                            <item> de V solidis receptis de quodam homine cui concessum est <lb/>
                                capere perdices in dicta castellania per annum </item>
                            <item> de II solidis receptis de Vincencio de <foreign>Corsant</foreign>
                                pro duabus quartis vini quas debet <lb/> per annum </item>
                            <item> de III solidis receptis de decem octo perdicibus receptis a
                                quibusdam hominibus capientibus perdices in dicta castellania <lb/>
                                per manum Hugonis de Donno Martino</item>
                        </list></p>
                    <p><lb/> summa : VIII<hi rend="sup">XX</hi> III lb. XVIII s. II d. par.</p>
                </div>
                <div xml:id="iterum_denarii_census">
                    <head>iterum denarii census</head>
                    <p><lb/> idem reddit computum <list>
                            <item> de XII denariis receptis de domino Hugone de Via capellano de
                                redditu per annum de novo super quoddam pratum quod emit <lb/> de
                                liberis Guichardi Rongnel </item>
                            <item> de VI solidis receptis de Hugone de Donno Martino pro quibusdam
                                possessionibus escheytis domino <lb/> eidem de novo albergatis pro
                                tanto per annum </item>
                            <item> de VIII denariis receptis de Iohanne de Donno Martino pro quadam
                                terra sibi albergata <lb/> pro tanto per annum</item>
                        </list></p>
                    <p> summa : VII s. VIII d. par.</p>
                </div>
                <div xml:id="recognitiones">
                    <head>recognitiones </head>
                    <p><lb/> idem reddit computum <list>
                            <item> de II solidis parisiensium receptis de Guillermeta de
                                    <unclear>Bochilevra</unclear> et eius liberis pro recognitione
                                homagii per annum </item>
                            <item> de <lb/> XII denariis receptis de Aymoneto Andrici de
                                    <foreign>Corsant</foreign> per annum pro eodem </item>
                            <item> de XII denariis receptis de Stephano
                                    <foreign>Chivillart</foreign> pro eodem </item>
                            <item> de XII denariis receptis de Stephano <foreign>Sezilon</foreign>
                                pro eodem </item>
                            <item> de XII denariis receptis de Petro <foreign>Chapat</foreign> pro
                                eodem </item>
                            <item> de <lb/> XII denariis receptis de Bertino de
                                    <foreign>Vauz</foreign> pro eodem </item>
                            <item> de XII denariis receptis de <foreign>La
                                        <unclear>Niserona</unclear></foreign> de
                                    <foreign>Felinz</foreign> pro eodem </item>
                            <item> de XII denariis <lb/> receptis de liberis a <foreign>La
                                    Prioyeta</foreign> de Gaya pro eodem </item>
                            <item> de II solidis VIII denariis receptis de Guillermeto de Barbignia
                                et eius consanguineis <lb/> pro eodem</item>
                        </list></p>
                    <p> summa : XI s. VIII d. par.</p>
                </div>
                <div xml:id="introgia">
                    <head>introgium</head>
                    <p><lb/> idem reddit computum <list>
                            <item> de IIII libris parisiensium receptis de Hugoneto de Donno Martino
                                pro introgio quarumdam possessionum sibi <lb/> albergatarum ad sex
                                solidos redditus de quibus supra computavit</item>
                        </list></p>
                    <p><lb/> summa : IIII lb. par.</p>
                </div>
                <div xml:id="laudes_et_vende">
                    <head>laudes et vende</head>
                    <p><lb/> idem reddit computum <list>
                            <item> de X denariis parisiensium receptis de Laurentio filio sororis
                                    <foreign>Doniers</foreign> pro terra empta de Iohanne
                                    <foreign>Mullon</foreign> pretio quinque <lb/> solidorum octo
                                denariorum et levantur pro qualibet libra tres solidi </item>
                            <item> de XIII solidis II denariis obolo receptis de Guichardo de
                                    <foreign>La</foreign><lb/><foreign>Rama</foreign> pro domo empta
                                a liberis Anglici de Baugiaco pretio quatuor librarum novem
                                solidorum </item>
                            <item> de III solidis I denario receptis de <lb/> eodem Guichardo pro
                                quarta parte eiusdem domus vendita viginti solidis octo denariis </item>
                            <item> de II solidis III denariis receptis de <lb/> Hugone
                                    <foreign>Valordel</foreign> pro terra empta ab Hugonem
                                    <foreign>Mayer</foreign> pretio undecim solidorum </item>
                            <item> de XV denariis obolo receptis de Iohanneto
                                    <lb/><foreign>Sachet</foreign> de <foreign>Varennes</foreign>
                                pro terra empta a Bernardo <foreign>Flachet</foreign> pretio octo
                                solidorum octo denariorum </item>
                            <item> de XII denariis receptis <lb/> de Magnino de Surigniaco pro terra
                                empta de dicto Aparellia pretio sex solidorum octo denariorum </item>
                            <item> de XV solidis <lb/> IIII denariis receptis de Berardo Barberii
                                pro domo quam emit a Stephano <foreign>Pela</foreign> pretio centum
                                duorum solidorum </item>
                            <item> de XVI solidis <lb/> IIII denariis receptis de Iohanneto
                                    <foreign>Rossat</foreign> de Castelleto pro terra empta a
                                Guillermeto de Chastelleto pretio centum et novem <lb/> solidorum </item>
                            <item> de VI solidis receptis de Hugone de Curte pro terra empta de
                                    <foreign>La Robergi</foreign> pretio quadraginta <lb/> solidorum </item>
                            <item> de III solidis receptis de dicto <foreign>Lo Restiz </foreign>de
                                    <foreign>Cort</foreign> pro terra empta a liberis Perreti de
                                    <foreign>Cort</foreign> pretio viginti <lb/> solidorum </item>
                            <item> de XXVII solidis III denariis receptis de Hugonino <foreign>Lo
                                    Questan</foreign> pro domo empta a Bernardo de <foreign>La
                                    Cava</foreign> pretio novem <lb/> librarum trium solidorum </item>
                            <item> de III solidis VIII denariis receptis de Hugone de Fromentale pro
                                terra empta a Stephano <foreign>Chavanat</foreign> pretio viginti
                                <lb/> sex solidorum </item>
                            <item> de VIII solidis IIII denariis receptis de
                                    <foreign>Bocaton</foreign> de Lopona pro terra empta a Bernardo
                                de <foreign>La Ripa</foreign> pretio quadraginta <lb/> novem
                                solidorum pro parte domini </item>
                            <item> de II solidis IIII denariis receptis ab uxore filii
                                    <foreign>Blanchin</foreign> pro terra empta a filio Laurentio
                                    <foreign>Amasa</foreign><lb/> pretio quindecim solidorum quatuor
                                denariorum </item>
                            <item> de II solidis IIII denariis receptis a filio
                                    <foreign>Collart</foreign> pro terra empta de uxore Guillermi
                                    <foreign>Collart</foreign><lb/> pretio quindecim solidorum </item>
                            <item> de XIII solidis receptis de Stephano <foreign>Pallier</foreign>
                                pro terra empta a Peroneto <foreign>Rongnel</foreign> pretio quatuor
                                librarum <lb/> sex solidorum octo denariorum </item>
                            <item> de IX solidis receptis de Bernardo <foreign>Moyront</foreign> et
                                Arthaudo de Alta Sona pro terra empta de
                                    <lb/><foreign>Guerret</foreign> pretio sexaginta solidorum </item>
                            <item> de IX solidis IIII denariis receptis de <add place="interlinear"
                                    >domino</add> Hugone de Via pro terra empta de Iohanneto <lb/>
                                Petit pretio sexaginta duorum solidorum </item>
                            <item> de II solidis receptis a Guillermeto de <foreign>La
                                    Colongi</foreign> pro terra empta ab uxore <lb/> Iohannis
                                    <foreign>Columbat</foreign> pretio tresdecim solidorum quatuor
                                denariorum </item>
                            <item> de X solidis IIII denariis receptis de Humberto
                                    <foreign>Bochart</foreign> pro terra <lb/> empta a liberis
                                    <foreign>Guygnet</foreign> pretio sexaginta octo solidorum octo
                                denariorum </item>
                            <item> de III solidis IX denariis receptis de <lb/> Hugone
                                    <foreign>Passet</foreign> pro terra empta a Iohanne
                                    <foreign>Petit</foreign> pretio viginti quinque solidorum
                                quatuor denariorum </item>
                            <item> de XII solidis <lb/> receptis ab Ogereto
                                    <foreign>Ballet</foreign> pro terra empta a dicto
                                    <foreign>Collart</foreign> pretio IIII librarum </item>
                            <item> de XXX solidis receptis de Guichardo <lb/> filio Arnoudi de
                                    <foreign>Dronolles</foreign> pro terra empta a fratre suo pretio
                                decem librarum </item>
                            <item> de XXI solidis IIII denariis receptis de <lb/> Guillermeto
                                Buczondi pro prato empto ab Hugone Lonbardi pretio septem librarum
                                duorum solidorum </item>
                            <item> de II solidis V denariis <lb/> receptis ab uxore Rufi
                                    <foreign>Flachet</foreign> et pro terra empta a Collardo de
                                Montibus pretio sexdecim solidorum octo denariorum </item>
                            <item> de <lb/> III solidis receptis de Hugone <foreign>del
                                    Perer</foreign> pro terra empta a liberis
                                    <foreign>Rongnel</foreign> pretio viginti solidorum </item>
                            <item> de XX denariis receptis de Guiono <lb/> Davidis pro terra empta a
                                dicto <foreign>Pennart</foreign> pretio XI solidorum IIII denariorum </item>
                            <item> de XXII solidis receptis de Stephano <foreign>Bonont</foreign>
                                pro domo empta <lb/> a filio Martini <foreign>Bogner</foreign>
                                pretio septem librarum sex solidorum octo denariorum </item>
                            <item> de XXIIII solidis receptis de Stephano
                                    <foreign>Pequelin</foreign> pro terra <lb/> empta de Gileto de
                                Viverio pretio octo librarum </item>
                            <item> de XLVIII solidis receptis de Hugone de
                                    <foreign>Valencer</foreign> pro prato empto <lb/> a Guillermo
                                    <foreign>Bogner</foreign> pretio sexdecim librarum </item>
                            <item> de XIII solidis IIII denariis receptis de
                                    <foreign>Baler</foreign> de Replongo et liberis <lb/> Martini
                                    <foreign>Rolin</foreign> pro terra empta quondam a Gileto de
                                Baugiaco </item>
                            <item> de XVIII denariis receptis de Collardo de
                                    <foreign>Varenes</foreign> pro <lb/> terra empta a quodam homine
                                pretio decem solidorum </item>
                            <item> de XI solidis receptis de uxore Roberti
                                    <foreign>Chabuet</foreign> pro terra <lb/> empta a Petro Magnini
                                pretio septuaginta trium solidorum quatuor denariorum </item>
                            <item> de IX solidis receptis a Iohanneto <foreign>Bisart</foreign><lb/>
                                pro terra empta a Bernardo <foreign>Luysart</foreign> pretio
                                sexaginta solidorum </item>
                            <item> de XVI solidis IIII denariis receptis de Bernardo
                                    <lb/><foreign>Coyntet</foreign> pro domo empta a Iohanneto
                                clerico pretio centum novem solidorum </item>
                            <item> de VIII solidis receptis de Iohannino de <lb/> Donno Martino pro
                                terra empta a Guillermeto <foreign>Lo Gros</foreign> pretio
                                quinquaginta septem solidorum </item>
                            <item> de XII denariis <lb/> receptis a dicto Iohanneto pro guageria
                                facta cum dicta <foreign>La Donina</foreign> pretio XIII solidorum
                                IIII denariorum</item>
                        </list></p>
                    <p><lb/> summa : XVIII lb. XVIII s. III d. par.</p>
                </div>
                <div xml:id="banna">
                    <head>banna</head>
                    <p><lb/> idem reddit computum <list>
                            <item> de LXVI solidis VIII denariis parisiensium receptis de Petro
                                Ranerii quia dicebatur que ipse dederat pisces stagni de Marcenna
                                <lb/> dum ipse piscabatur dictum stagnum </item>
                            <item> de XIII solidis IIII denariis receptis de Stephano Guioti de
                                    <foreign>Borc</foreign> pro fractura saysine </item>
                            <item><lb/> de VI solidis VIII denariis receptis de Peroneto Lonbardi
                                quia celavit quamdam securim </item>
                            <item> de XXVI solidis VIII <sic>denariis <lb/> denariis</sic> receptis
                                Peroneto filio Clementie pro banno sanguinis </item>
                            <item> de XX solidis receptis de Peroneto pellipario quia
                                    <lb/><milestone n="08" unit="vue"/><pb n="7"/> petebat a quodam
                                Iudeo unam pennam quam iam habuerat </item>
                            <item> de XIII solidis IIII denariis receptis de Anthonio de Prato
                                    <foreign>Borsant</foreign><lb/> pro banno sanguinis </item>
                            <item> de VI libris XIII solidis IIII denariis receptis de Raynaudo de
                                Lusigniaco quia dicebatur quod filius <lb/> suus ceperat pisces de
                                stagno domini et portavit eos ad domum suam </item>
                            <item> de X libris receptis de liberis Aymonis
                                    <lb/><foreign>Niseran</foreign> et liberis Iohannis
                                    <foreign>Gobet</foreign> pro furto baconis </item>
                            <item><lb/> de XX solidis receptis de Guillermo de <foreign>La
                                    Mascharderi</foreign><lb/> quia secaverat pratum
                                    <sic>advunculi</sic> sui sine ipsius licentia </item>
                            <item> de XXXIII solidis IIII denariis receptis de
                                    <foreign>Bonrali</foreign> de Insula <lb/> et Hugoneto
                                    <foreign>Cochet</foreign> pro furto unius rote charri </item>
                            <item> de C solidis ab uxore Ogerii de <foreign>Fay</foreign> quia
                                furata <lb/> fuerat unum frustrum baconis </item>
                            <item> de XIII solidis IIII denariis receptis de Peroneto
                                    <foreign>Chanu</foreign> pro fractura saysine </item>
                            <item><lb/> de V solidis IIII denariis receptis de Iohanne
                                    <foreign>Seguyn</foreign> quia bestie sue fuerunt invente in
                                bosco domini </item>
                            <item> de XX solidis receptis de filio <lb/><foreign>Boceron</foreign>
                                pro furto racemorum </item>
                            <item> de XIII solidis IIII denariis receptis de Humberto Magnini pro
                                eodem </item>
                            <item> de XX solidis <lb/> receptis de Peroneto Magnini quia invenit
                                quoddam caputium quod celavit </item>
                            <item> de XX solidis receptis ab uxore <lb/><foreign>Narmant</foreign>
                                quia cepit furtive res cuiusdam capellani </item>
                            <item> de XVI solidis VIII denariis receptis de Guioneto de
                                    <lb/><foreign>Mont Luer</foreign> pro banno sanguinis </item>
                            <item> de XXVI solidis VIII denariis receptis ab Hugone de <foreign>Gros
                                    Lou</foreign> pro fractura saysine </item>
                            <item><lb/> de XX solidis receptis de borracerio de Loysi quia celavit
                                    <sic>quandam</sic> securim </item>
                            <item> de VIII libris receptis a filio <lb/> domicelli de
                                    <foreign>Chavanoces</foreign> quia <sic>percuxit</sic> Peronetum
                                    <foreign>Chouder</foreign> qui ex hoc dicitur mortuus fuisse </item>
                            <item> de <lb/> XX solidis receptis a Stephano
                                    <foreign>Chaponet</foreign> quia furatus fuit ligna aliena </item>
                            <item> de XX solidis receptis de Peronino
                                <foreign>Dosches</foreign><lb/> quia scidit duos quercus in via
                                publica </item>
                            <item> de XIII solidis IIII denariis receptis de Iohelino et Iolino pro
                                banno <lb/> sanguinis </item>
                            <item> de XIII solidis IIII denariis receptis de Bernardo
                                    <foreign>Morant</foreign> quia dicebatur furatus fuisse bladum
                                in <lb/> molendino suo </item>
                            <item> de XXVI solidis VIII denariis receptis a Iohanne Raymondi quia
                                ocupavit viam publicam </item>
                            <item> de <lb/> VI solidis VIII denariis receptis de Guiardo quia
                                abstulit quasdam caligas uni mulieri </item>
                            <item> de XVI solidis <lb/> VIII denariis receptis ab uxore Hugonis
                                    <foreign>Montaner</foreign> quia abstulit quemdam ensem dicto
                                    <foreign>Sordat</foreign></item>
                            <item> de XXVI <lb/> solidis VIII denariis receptis ab Hugone de Via
                                quia intravit feudum domini sine licentia </item>
                            <item> de XX solidis receptis de <lb/> Stephano
                                    <foreign>Lochat</foreign> pro eodem </item>
                            <item> de XXVI solidis VIII denariis receptis a Peroneto
                                    <foreign>Chapel</foreign> pro banno sanguinis facti filie
                                Lanberti </item>
                            <item><lb/> de XIII solidis IIII denariis receptis a Stephanino
                                    <foreign>Berart</foreign> quia occupavit viam publicam </item>
                            <item> de XXVI solidis VIII denariis <lb/> receptis ab Hugone
                                    <foreign>Coyndet</foreign> pro banno sanguinis filio Philiberti
                                de <foreign>Nobles</foreign></item>
                            <item> de XIII solidis IIII denariis receptis a <lb/> Bernardo
                                    <foreign>Grapin</foreign> quia ocupavit viam publicam </item>
                            <item> de XLVI solidis VIII denariis receptis ab Humberto
                                    <foreign>Bocher</foreign><lb/> pro fractura saysinarum </item>
                            <item> de XX solidis receptis a Gauterio <foreign>Chivaler</foreign> et
                                Bernardo fratre suo quia occupaverunt <lb/> viam publicam </item>
                            <item> de XXVI solidis VIII denariis receptis a Guichardo filio Arnoudi
                                de <lb/><foreign>Granolles</foreign> pro fractura saysine </item>
                            <item> de X solidis receptis de Gauterio <foreign>Lucat</foreign> quia
                                occupavit viam publicam </item>
                            <item><lb/> de VI solidis VIII denariis receptis a filio Andree de
                                    <foreign>Mussines</foreign> quia celavit quandam securim quam
                                invenit </item>
                            <item><lb/> de XX solidis receptis a Stephano <foreign>Revel</foreign>
                                quia cepit auctoritate propria raubam unius hominis et unius
                                mulieris <lb/> quos invenit insimul </item>
                            <item> de XX solidis a Iaqueto filio <foreign>Tavernel</foreign> quia
                                cepit racemos alienos </item>
                            <item><lb/> de XX solidis receptis a bergerio Guillermi
                                    <foreign>Achont</foreign> pro eodem </item>
                            <item> de VI solidis VIII denariis receptis a Barrali
                                    <foreign>del</foreign><lb/><foreign>Druley</foreign> quia
                                custodiebat boves suos in pratis alienis </item>
                            <item> de XIII solidis IIII denariis receptis a Peroneto
                                    <lb/><foreign>Passa Quey</foreign> quia furatus fuerat unum
                                sacum </item>
                            <item> de XX solidis receptis a Bernardo de Virgulto <lb/> pro fractura
                                saysine et quia verbaverat duas mulieres de Lopona </item>
                            <item> de XXVI solidis VIII denariis <lb/> receptis a Guillermo de Gaya
                                quia dicebatur quod ipse ceperat canabum <foreign>el
                                    Naysour</foreign></item>
                            <item> de XX solidis receptis a <lb/> Iohanneto filio a <foreign>La
                                    Chassagni</foreign> quia voluit cognoscere filiam Bocellerii </item>
                            <item> de XX solidis receptis de Crispino de
                                <foreign>Cort</foreign><lb/> et fratre suo quia abstulerunt unum
                                    <foreign>vego</foreign> Iohanneto
                                <foreign>Guichart</foreign></item>
                            <item> de XX solidis receptis a dicto <foreign>Penart</foreign> de <lb/>
                                Sancto <sic>Suplicio</sic> quia dicebatur quod ipse furatus fuerat
                                    <sic>lintheamina</sic> in hospitio Iohannis de <foreign>La
                                    Tortoreri</foreign></item>
                            <item><lb/> de X solidis receptis a Girardeto de <foreign>La
                                    Saleta</foreign> quia verberavit filium fabri de <foreign>La
                                    Clay</foreign></item>
                            <item> de <lb/> VI solidis VIII denariis receptis a nepote Guillermi
                                    <foreign>Boler</foreign> quia verberaverat filium Hugonardi </item>
                            <item> de VI solidis VIII denariis receptis ab Ogerio
                                    <foreign>Peysson</foreign> pro fractura saysine </item>
                            <item> de VI solidis VIII denariis receptis a Rufo
                                    <foreign>Bargat</foreign> quia <lb/> non revelavit cutellum quem
                                invenerat </item>
                            <item> de XL solidis receptis a Iohanneto <foreign>Bogner</foreign> et
                                boverio <lb/> suo pro fractura saysine </item>
                            <item> de XL solidis receptis a Iohanneto de <foreign>Fay</foreign> et
                                boverio suo pro eodem </item>
                            <item> de <lb/> XL solidis receptis ab Ogerio de <foreign>Fay</foreign>
                                et boverio suo pro eodem </item>
                            <item> de XXVI solidis VIII denariis receptis a Stephano de
                                    <foreign>Leschauci</foreign><lb/> pro eodem </item>
                            <item> de XXVI solidis VIII denariis receptis a Girardo
                                    <foreign>Guaydon</foreign> quia ivit per quodam iter prohibitum </item>
                            <item><lb/> de XXVI libris XIII solidis IIII denariis receptis a Guioto
                                filio quondam Gileti de Baugiaco quia acusabatur <lb/> de morte
                                Stephani <foreign>Seguin</foreign> de Novilla </item>
                            <item> de VI solidis VIII denariis receptis de Parisot <foreign>Lo
                                    Mauchet</foreign> quia dicebatur <lb/> quod ceperat bladum
                                alienum </item>
                            <item> de XVI solidis VIII denariis receptis <add place="interlinear"
                                    >de</add> Iohanneto filio Philiberti de
                                    <foreign>Felinz</foreign> quia cepit quandam <lb/> postem in
                                curru alieno sine licentia illius cuius erat </item>
                            <item> de XXVI solidis VIII denariis receptis a Iohanneto
                                    <lb/><foreign>Dorrer</foreign> pro banno sanguinis facti Andree
                                de <foreign>La Tomasseri</foreign></item>
                            <item> de VI solidis VIII denariis receptis a Guieta de <foreign>La
                                    Colongi</foreign><lb/> quia occupavit viam publicam </item>
                            <item> de XIII solidis IIII denariis receptis ab Ysabella de
                                    <foreign>Vernoyl</foreign> quia eiecit de possessione <lb/>
                                Stephanum filium Nigri </item>
                            <item> de VI solidis VIII denariis receptis a Peroneto marescalco
                                Baugiaci quia verberavit uxorem <foreign>Ieselot</foreign><lb/>
                                Iudei </item>
                            <item> de XIII solidis IIII denariis receptis a Roberto de <foreign>Li
                                    Esfondra</foreign> quia cepit currum cuiusdam hominis sine <lb/>
                                mandato ipsius </item>
                            <item> de XL solidis receptis a <foreign>Ioce</foreign> Iudeo quia
                                voluit cognoscere quamdam christianam </item>
                            <item> de <lb/> XX solidis receptis a Iocerando de Cruce pro banno
                                sanguinis facti filio Magnini </item>
                            <item> de XIII solidis IIII denariis receptis <foreign>del
                                    </foreign><lb/><foreign>Gobo</foreign> de Marcenna quia ceperat
                                quemdam anserem ut dicebatur sine licentia illius cuius erat </item>
                            <item><lb/> de XIII solidis IIII denariis receptis a Girardo
                                    <foreign>Ferrant</foreign> quia celavit fratri suo medietatem
                                unius bovis </item>
                            <item> de XL solidis <lb/> receptis a Stephano <foreign>Boudet</foreign>
                                quia vendidit fenum domini sui et retinuit inde duos solidos </item>
                            <item> de XIII solidis <lb/> IIII denariis receptis a Stephano de Monte
                                pro banno sanguinis facti ancille Guillermi
                                <foreign>Boler</foreign></item>
                            <item> de XX solidis receptis a domino <lb/> Henrico de
                                    <foreign>Chavanes</foreign> pro compositione facta cum domino
                                super quibusdam offensis </item>
                            <item> de XIII solidis IIII denariis receptis de Humberto <lb/> de
                                Sancto Suplicio quia abstulit unum pignus cuidam tabernario </item>
                            <item> de XVI solidis VIII denariis receptis de Picardo <lb/> de
                                    <foreign>Sesilles</foreign> quia furtive ceperat robam in domo
                                Guillermeti clerici </item>
                            <item> de LXXII solidis VIII denariis receptis de <lb/> viginti sex
                                clamis trium solidorum et inferius et de viginti saysinis qualibet
                                de octo denariis per dictum tempus</item>
                        </list></p>
                    <p><lb/> summa : CXVI lb. II s. par. deductis duodecim libris sexdecim <lb/>
                        solidis pro parte <sic>castellani castellani</sic> capientis duos solidos in
                        libra</p>
                </div>
                <div xml:id="escheyte_et_inventa">
                    <head>inventa</head>
                    <p><lb/> idem reddit computum <list>
                            <item> de II solidis VI denariis parisiensium receptis de una capra
                                inventa hoc anno apud Marcenna </item>
                            <item> de III solidis <lb/> IIII denariis receptis de uno vitulo et uno
                                parvo porco inventis hoc anno </item>
                            <item> de XXVI solidis receptis de quatuor porcis <lb/> qui erant unius
                                mercatoris de <foreign>Guiret</foreign> qui fugiit et dimisit dictos
                                porcos quia dicebatur quod furatus <lb/>fuerat duos alios
                                porcos</item>
                        </list></p>
                    <div type="sub">
                        <head>escheyte</head>
                        <p><list>
                                <item> de VI solidis VIII denariis receptis de liberis Peroneti de
                                    Prato <foreign>Borsan</foreign> qui vendiderant <lb/> terram
                                    suam pretio viginti solidorum et recesserunt a patria </item>
                                <item> de IIII solidis receptis de Hugoneto de
                                        <foreign>Fromentauz</foreign> pro <lb/> quadam super
                                    venditione </item>
                                <item> de VI libris XIII solidis IIII denariis receptis de Iohanneto
                                        <foreign>Ballet</foreign> pro compositione facta cum eo
                                    super <lb/> bovis domini Hugonis fratris sui defuncti</item>
                            </list></p>
                    </div>
                    <div>
                        <p><lb/> summa : VIIII lb. XV s. X d. par.</p>
                    </div>
                </div>
                <div xml:id="iudei">
                    <head>Iudei</head>
                    <p><lb/> idem reddit computum <list>
                            <item> de XXVI solidis VIII denariis parisiensium receptis de Davide
                                Iudeo morante apud Baugiacum pro quinque obolis auri quos <lb/>
                                debet domino de garda per annum in natale Domini</item>
                        </list></p>
                    <p><lb/> summa : XXVI s. VIII d. par.</p>
                </div>
                <milestone n="09" unit="vue"/>
                <pb n="8"/>
                <div xml:id="venditiones">
                    <head>venditiones</head>
                    <p><lb/> idem reddit computum <list>
                            <item> de XXVI libris XIII solidis IIII denariis parisiensium receptis
                                de centum quinque meyteriis frumenti venditis ut supra quolibet
                                meyterio vendito <lb/> quinque solidis quatuor denariis parisiensium
                                inclusis quinque meyteriis datis pro getis quia datur cum viginti
                                meyteriis unus meyterius <lb/> frumenti pro getis de consuetudine ut
                                dicitur et ita venditum fuit ex pacto expresso et dictum bladum
                                venditum <lb/> erat de frumento veteri </item>
                            <item> de VII solidis VI denariis receptis de septem meyteriis et
                                dimidio frumenti de estapis venditis ut supra <lb/> pro tanto </item>
                            <item> de XX libris receptis de centum quinque meyteriis siliginis
                                venditis ut supra quolibet meyterio vendito quatuor solidis <lb/> de
                                siligine veteri inclusis quinque meyteriis siliginis pro getis </item>
                            <item> de III solidis IIII denariis receptis de quinque meyteriis
                                siliginis de estapis <lb/> sic venditis </item>
                            <item> de XXVI libris XIII solidis IIII denariis receptis de octies
                                viginti octo meyteriis avene venditis ut supra <lb/> quolibet
                                meyterio vendito tribus solidis quatuor denariis </item>
                            <item> de X solidis receptis <add place="interlinear">de </add> XXVII
                                muyssiis et dimidio canabi<hi rend="sup">On avait écrit <hi
                                        rend="italics">muyssiis canabi et dimidio</hi>, mais on a
                                    rétabli l’ordre correct des mots à l’aide d’un appel de
                                    note.</hi> venditis <lb/> ut supra pro tanto </item>
                            <item> de VII libris X solidis IIII denariis receptis de triginta
                                sesteriis et tertio unius sesterii vini venditis ut supra <lb/>
                                quolibet sesterio vendito quinque solidis parisiensium deductis
                                sexdecim denariis pro expensis et candelis </item>
                            <item> de XX solidis X <lb/> denariis receptis de quinque sesteriis vini
                                venditis ut supra quolibet sesterio vendito quatuor solidis duobus
                                denariis </item>
                            <item> de XXVI solidis <lb/> VIII denariis receptis de sexdecim
                                sesteriis vini putrefacti et tornati venditis ut supra quolibet
                                sesterio vendito viginti denariis <lb/> et sciendum quod residuum
                                dicti vini veteris de arreragio putrefactum fuit et exparsum quia
                                nichil valebat </item>
                            <item><lb/> de XV libris XIIII solidis VIII denariis receptis de
                                quinquaginta novem sesteriis vini de anno presenti venditis ut supra
                                quolibet sesterio <lb/> vendito quinque solidis quatuor denariis
                                parisiensium </item>
                            <item> de III solidis receptis de <add place="interlinear"><del
                                        rend="overstrike">tribus</del> sex</add> anseribus sic
                                venditis </item>
                            <item> de IX libris <lb/> IX solidis VII denariis receptis de septies
                                centum quinqaginta octo gallinis venditis ut supra qualibet gallina
                                vendita tribus denariis </item>
                            <item> de <lb/> VIII denariis receptis de octo pullis sic venditis </item>
                            <item> de III solidis <add place="interlinear">VI denariis</add>
                                receptis de septem panibus quolibet vendito sex denariis </item>
                            <item> de XX solidis receptis de quatuor charratis feni de secunda herba
                                pratorum domini pro tanto venditis hoc anno</item>
                        </list></p>
                    <p><lb/> summa : CX lb. XVI s. IX d. par.</p>
                </div>
                <div xml:id="bilan_recepte">
                    <p><lb/> summa totius recepte : V<hi rend="sup">C</hi> IIII<hi rend="sup"
                            >XX</hi> lb. XVI lb. VII s. VII d. ob. par. qui <lb/> parisienses campsi
                        ad viennenses denos octenos valent VIII<hi rend="sup">C </hi>IIII<hi
                            rend="sup">XX</hi> XIIII libras XI solidos V denarios
                            <sic>podigias</sic> viennensium</p>
                </div>
            </div>
            <div xml:id="expense_et_librate">
                <div xml:id="expense">
                    <p><lb/> de quibus <list>
                            <item>in ponte castri aptando et quibusdam aliis minutis operibus et una
                                sola posita subtus <lb/> murum quoquine : XII solidos viennensium </item>
                            <item> in quaronibus congregandis ad faciendum murum crudum in quinque
                                <lb/> bancheriis palitii quod dirutum erat : X solidos </item>
                            <item> in una mola empta et posita in molendino stagni et <lb/> in
                                charreagio eiusdem : XXXIIII solidos </item>
                            <item> in sepibus stagni Baugiaci ante deschargiatorem
                                    <sic>aptando</sic> : II solidos IIII denarios </item>
                            <item> in duabus sepibus factis in stagno novo Baugiaci et in calciata
                                eiusdem stagni aptanda : VIII solidos </item>
                            <item> in veteri <lb/> blado domini vannando et <sic>tramsmutando</sic>
                                de uno loco ad alium : XXIII solidos III denarios </item>
                            <item> in locagio unius domus <lb/> in qua fuit reposita avena domini et
                                in locagio alterius domus ubi reposita fuerunt alia blada domini de
                                anno presenti <lb/> quia blada vetera erant in granerio : L solidos </item>
                            <item> in pane dato boveriis adducentibus blada domini : VII solidos
                                <lb/> IX denarios </item>
                            <item> in prandio hominum aportantium servitia domini tertia die natalis
                                Domini : IIII solidos VI denarios </item>
                            <item> in vino <lb/> domini recolligendo et aportando ad castrum et
                                doliis religandis : X solidos </item>
                            <item> in prato domini in nemore Baugiaci <lb/> falcando et fenando hoc
                                anno et in pane dato bubulcis adducentibus dictum fenum : XVIII
                                solidos </item>
                            <item> in <lb/> locagio unius domus ad reponendum fenum domini et in qua
                                domo positi fuerunt quarrones scisi : XXIIII solidos </item>
                            <item><lb/> in stipendiis nuntiorum missorum ad plures nobiles ut
                                venerent ad mandamentum ballivi apud Anbrogniacum : IIII solidos X
                                denarios </item>
                            <item><lb/> in stipendiis ipsius castellani per unum annum finiendum
                                    XI<hi rend="sup">o</hi> kalendas iunii anno nonagesimo sexto :
                                XXV libras viennensium <lb/> per conventionem factam cum eo per
                                dominum ut in eius litteris continetur </item>
                            <item> in expensis unius latronis capti et suspensi : III solidos</item>
                        </list></p>
                    <div xml:id="quarroneria">
                        <head>quarroneria</head>
                        <p><list>
                                <item><lb/> in pane dato quater centum et quater viginti hominibus
                                    extrahentibus ligna de bosco de <foreign>Money</foreign> ad opus
                                    <lb/> quaronerie domini et dantur cuilibet tres obolos
                                    viennensium in die : LX solidos viennensium </item>
                                <item> in pane dato novies viginti <lb/> et quindecim hominibus
                                    boveriis adducentibus ligna a dicto bosco ad caroneriam cum
                                    totidem iugis <lb/> boum : XXIIII solidos IIII denarios obolum </item>
                                <item> in pane dato septies viginti octo boveriis adducentibus <lb/>
                                    septuaginta quatuor quarratas lapidis ad calcem faciendam et
                                    dantur cuilibet boverio ut supra : XVIII solidos <lb/> VI
                                    denarios </item>
                                <item> idem libravit Giroudo quaronerio pro una fornata dictorum
                                    lapidum et de quarronibus <lb/> qui erant ibi facti quoquenda in
                                    taschia : L solidos </item>
                                <item> in una camera ad reponendum calcem : II solidos VIII
                                    denarios</item>
                            </list></p>
                    </div>
                    <div>
                        <p><lb/> summa expense et salarii : XLIII lb. VII s. II d. ob. vien.</p>
                    </div>
                </div>
                <div xml:id="librate">
                    <p><list>
                            <item><lb/> idem libravit sibi ipsi in quibus dominus sibi tenebatur ex
                                causa mutui recepti per manum Hugonis de Voyrone per litteras domini
                                <lb/> de debito quas reddit datas apud Masticonem die dominica qua
                                cantatur <foreign>Reminiscere</foreign> anno Domini <lb/> M<hi
                                    rend="sup">o</hi> CC<hi rend="sup">o</hi> nonagesimo quarto :
                                    II<hi rend="sup">C</hi> libras viennensium </item>
                            <item><lb/> idem libravit sacriste Masticonensi cui debentur per annum
                                de helemosina in natale Domini : XXX solidos viennensium </item>
                            <item><lb/> idem libravit in triginta quatuor libris et dimidia cere
                                empte et solute altari beati Vincentii Masticonensis cui debentur
                                <lb/> per annum ultra triginta septem libras et dimidiam cere sibi
                                solutas ut supra : IIII libras XIX solidos II denarios viennensium </item>
                            <item><lb/> idem libravit Guillermerio familiari domini cui debentur per
                                annum ad vitam suam in festo beati Michaelis supra tallias <lb/>
                                Baugiaci de dono domini per litteras domini quas hostendit : LX
                                solidos viennensium </item>
                            <item><lb/> idem libravit domino Hugoni de Brociis militi in quibus
                                dominus sibi tenebatur ex dono pro adobamento suo per litteras <lb/>
                                domini de mandato et litteras dicti domini Hugonis de recepta quas
                                reddit : X libras viennensium </item>
                            <item><lb/> idem libravit Petro clerico pro pensione quam percipit
                                    singulis<hi rend="sup"> Suppléer <hi rend="italics"
                                    >annis</hi>.</hi> supra redditum fori et nundinarum Baugiaci in
                                festo <lb/> beati Andree pro capella sancti Mauritii et tantumdem
                                debet habere in festo apostolorum Philipi et Iacobi proximo : VII
                                libras X solidos viennensium </item>
                            <item><lb/> idem libravit Iohanni de Foresta pro uno manso empto ab
                                eodem quod debet valere per annum quinque cupas frumenti octo cupas
                                avene <lb/> duas gallinas et tres solidos parisiensium qui mansus
                                situs est in parrochia de Marcenna per litteras officialis
                                Lugdunensis <lb/> confectas super dicto<hi rend="sup"> Suppléer <hi
                                        rend="italics">manso</hi>.</hi> empto quas custodit
                                castellanus ultra septem libras viennensium quas habuit a liberis
                                Martine de <lb/><foreign>La Tortoreri</foreign> quibus est
                                albergatus dictus mansus pro dicto usagio : LXX solidos viennensium </item>
                            <item><lb/> idem libravit <add place="interlinear">in expensis</add>
                                unius latronis qui forefecerat in castellania Baugiaci et captus
                                fuit apud Masticonem et pro <lb/> ipso redimendo ibidem de expensis
                                quas ibi fecerat <add place="interlinear">et fuit suspensus</add> :
                                XXI solidos viennensium</item>
                        </list></p>
                    <p><lb/> summa librate : II<hi rend="sup">C</hi> XXXI lb. X s. II d. vien.</p>
                    <p><lb/> summa expense salarii et librate : II<hi rend="sup">C</hi> LXXIIII lb.
                        XVII s. IIII d. ob. vien.</p>
                </div>
            </div>
            <div xml:id="bilan">
                <p><list>
                        <item><lb/> et sic debet VI<hi rend="sup">C</hi> XIX libras XIIII solidos
                            III podigias viennensium quibus adduntur <lb/> VIII libre XII solidi
                            VIII denarii viennensium <sic>quas</sic> habuit de quingentis decem octo
                            gallinis quas debebat de remanentia <lb/> sui ultimi computi de
                            castellania Sancti Triverii qualibet gallina vendita quatuor <add
                                place="interlinear"><del rend="overstrike">gallinis</del>
                                denariis</add> per magistrum Petrum <lb/> phisicum </item>
                        <item> et sic debet VI<hi rend="sup">C</hi> XXVIII libras VI solidos VIII
                            denarios III podigias viennensium <add hand="#Al">de quibus <lb/>
                                respondet in computo sequenti et eque</add></item>
                    </list></p>
                <p><lb/> respice in dorso</p>
                <p><list>
                        <item><lb/> sciendum quod dictus castellanus debet computare de V meyteriis
                            frumenti VI meyteriis siliginis III meyteriis avene et XI solidis
                            parisiensium <lb/> de redditibus per annum inventis per novam extentam
                            plus quam computaverat de redditu Sancti Triverii et de eis <lb/> debet
                            computare de toto tempore quo fuit castellanus Sancti Triverii <add
                                place="interlinear">quolibet anno</add> excepto ultimo anno </item>
                        <item><lb/> item debet de remanentia sui ultimi computi de castellania
                            Sancti Triverii : LXXIII libras cere</item>
                    </list></p>
                <p><add place="rightMargin" hand="#Al"><list>
                            <item> omnia predicta <lb/> vendita fuerunt dicto castellano <lb/> in
                                presentia domini et allocata <lb/> in computo Baugiaci</item>
                        </list></add></p>
            </div>
        </body>
    </text>
</TEI>
