<?xml version="1.0" encoding="UTF-8"?>
<TEI xmlns:math="http://www.w3.org/1998/Math/MathML" xmlns="http://www.tei-c.org/ns/1.0"
    xmlns:xi="http://www.w3.org/2001/XInclude" xmlns:svg="http://www.w3.org/2000/svg"
    xml:id="B6740_4">
    <teiHeader>
        <fileDesc>
            <titleStmt>
                <title>Compte de Barthélémy Sylvestre (<hi rend="italics">Bartholomeus
                        Silvestri</hi>) pour la châtellenie de Bagé, du 8 avril 1296 au 8 avril 1297
                        <date type="debut" from-iso="12960408" cert="high"/><date type="fin"
                        from-iso="12970408" cert="high"/></title>
                <respStmt>
                    <persName><name xml:lang="fra">Barthélémy Sylvestre</name><name xml:lang="lat"
                            >Bartholomeus Silvestri</name></persName>
                    <resp>Châtelain</resp>
                </respStmt>
            </titleStmt>
            <publicationStmt>
                <p>Alain Kersuzan et Frédéric Chartrain, avec la collaboration de Marjorie Burghart, Jean-Louis Gaulin, et Jean-Michel Poisson, 
                    <title>Compte de Barthélémy Sylvestre (<hi rend="italics">Bartholomeus
                        Silvestri</hi>) pour la châtellenie de Bagé, du 8 avril 1296 au 8 avril 1297</title>,
                    Lyon - Chambéry, 2011 (<title>Documents comptables des Etats de Savoie, XIIIe - XVe s.</title>)</p>
            </publicationStmt>
            <seriesStmt>
                <title>Bagé</title>
            </seriesStmt>
            <sourceDesc>
                <p></p>
            </sourceDesc>
        </fileDesc>
    </teiHeader>
    <text>
        <body>
            <milestone n="10" unit="vue"/>
            <pb n="9"/>
            <div xml:id="prologue">
                <p><lb/><foreign> </foreign>Computus Bartholomei Silvestri castellani Baugiaci ab
                    octava die mensis aprilis post pascham anno Domini <lb/> M<hi rend="sup">o</hi>
                        CC<hi rend="sup">o</hi><sic>nonogesimo</sic> sexto usque ad
                        <sic>eandem</sic> diem anno revoluto videlicet de uno anno integro receptus
                    apud Camberiacum presente domino <lb/> die veneris post festum beati Georgii
                    anno nonagesimo septimo per Durandum de Fago et scriptus per Giletum</p>
            </div>
            <div xml:id="recepte">
                <div xml:id="frumentum">
                    <head>frumentum</head>
                    <p><lb/> idem reddit computum <list>
                            <item> de III<hi rend="sup">C</hi> XLVI <sic>mesteriis</sic> frumenti
                                receptis in castellania Baugiaci de redditu lunatione et messe per
                                annum ut in <lb/> particulis extractus extente </item>
                            <item> de XI meiteriis I copa frumenti receptis de exitu molendini de
                                stagno inclusa farina a festo <lb/> beati Michaelis nuper preterito
                                usque ad confectionem presentis computi et de termino precedenti
                                nichil computat quia non erat aqua in stagno <lb/></item>
                            <item> de exitu decime de <foreign>Money</foreign> respondet inferius in
                                siligine </item>
                            <item> de VI meiteriis receptis de exitu grangagii grangie de Nigro
                                <lb/> Monte hoc anno</item>
                        </list></p>
                    <p>summa : III<hi rend="sup">C</hi> LXIII meiterii I copa frumenti <list>
                            <item> de quibus <lb/> idem libravit fratri Marcho priori fratrum
                                predicatorum Matisconis de dono domini per litteras domini de
                                mandato et litteras dicti <lb/> prioris de recepta quas reddit : XX
                                meiterios frumenti </item>
                            <item> item <lb/> libravit ad expensas hospitii domini factas per manum
                                domini Iacobi capellani apud Pontem Vele per litteras domini et
                                dicti capellani de recepta <lb/> datas ibidem die martis post
                                pascham : LXX meyterios frumenti </item>
                            <item> item libravit dicto domino per manum dicti capellani vendita per
                                easdem litteras : <lb/> XXXIX meyterios frumenti </item>
                            <item> et restant XI<hi rend="sup">XX</hi> XIIII meiterii I copa
                                frumenti, et remanent</item>
                        </list></p>
                    <div type="sub">
                        <head>arreragium</head>
                        <p><lb/> idem reddit computum <list>
                                <item> de VI<hi rend="sup">C</hi> XIIII meiteriis et <sic>dimi</sic>
                                    frumenti receptis de remanentia computi sui precedentis,
                                    venduntur ut infra</item>
                            </list></p>
                    </div>
                </div>
                <div xml:id="siligo">
                    <head>siligo</head>
                    <p><lb/> idem reddit computum <list>
                            <item> de XII<hi rend="sup">XX</hi> XIIII meiteriis IIII copis et dimi
                                siliginis receptis in dicta castellania de redditu lunatione et
                                messe per annum <lb/> ut in particulis extractus extente </item>
                            <item> de XV mesteriis receptis de exitu molendinorum stagni per tempus
                                ut supra in frumento <lb/> et respondet minus solito quia molet ibi
                                nisi unum molendinum tantum propter defectum aque quod molendinum
                                factum est ibi de novo <lb/> subtus alia molendina de stagno </item>
                            <item> de IX meiteriis de firma decime de <foreign>Money</foreign> hoc
                                anno </item>
                            <item> de VII <lb/> meiteriis V copis et dimidia receptis de exitu
                                terrarum grangie de Nigro Monte hoc anno inclusis leguminibus </item>
                            <item> de VIII<note> Suppléer <hi rend="italics"
                                >meiteriis</hi>.</note><lb/> receptis de exitu pastoragii de
                                    <sic>Amanziaco</sic> hoc anno</item>
                        </list></p>
                    <p><lb/> summa : III<hi rend="sup">C</hi> VI meiterii VI cope siliginis <list>
                            <item> de quibus deducuntur XII meiterii <lb/> et dimidius qui debentur
                                apud Replongium per annum qui includuntur in firma prepositure dicti
                                loci </item>
                            <item> item deducuntur XXIX <lb/> meiterii siliginis qui debentur apud
                                    <foreign>Marcenna</foreign> per annum qui includuntur in firma
                                prepositure dicti loci </item>
                            <item> item libravit <lb/> aucupi de Ponte Vallium de dono domini per
                                litteras domini de mandato quas reddit : II meiterios </item>
                            <item> item aucupi de <foreign>Felins</foreign> de dono <lb/> domini per
                                easdem litteras domini : V meiterios </item>
                            <item> et restant XII<hi rend="sup">XX</hi> XVIII meiterii III
                                    <sic>coupe</sic> siliginis, et remanent. </item>
                        </list></p>
                    <div type="sub">
                        <head>arreragium</head>
                        <p><lb/> idem reddit computum <list>
                                <item> de IIII<hi rend="sup">C</hi> VI meiteriis et dimidio
                                    siliginis receptis de remanentia computi sui precedentis,
                                    venduntur ut infra</item>
                            </list></p>
                    </div>
                </div>
                <div xml:id="avena">
                    <head>avena</head>
                    <p><lb/> idem reddit computum <list>
                            <item> de VIII<hi rend="sup">XX</hi> XII meiteriis receptis in dicta
                                castellania de redditu mareschalcia et gardis per annum ut in <lb/>
                                particulis dicti extractus </item>
                            <item> de II meiteriis receptis de exitu decime de
                                    <foreign>Money</foreign> hoc anno </item>
                            <item> de II meiteriis receptis de <lb/> exitu terrarum grangie de
                                Nigromonte hoc anno </item>
                            <item> de XXXII meiteriis et IIII copis receptis de hominibus de
                                Marcenna pro <lb/> affoagio nemoris de Deserta</item>
                        </list></p>
                    <p><lb/> summa : II<hi rend="sup">C</hi> VIII meiterii IIII cope avene <list>
                            <item> de quibus deducuntur <lb/> III meiterii V cope avene que debentur
                                apud <foreign>Marcenna</foreign> per annum qui includuntur in firma
                                prepositure dicti loci <lb/></item>
                            <item> idem libravit ad expensas hospitii domini factas per manum
                                Hugonis de Voyrone per litteras domini et dicti Hugonis datas
                                dominica in octabis <lb/> beati Martini hyemalis anno Domini M<hi
                                    rend="sup">o</hi> CC<hi rend="sup">o</hi><sic>nonogesimo</sic>
                                sexto quas reddit : VII meiterios avene </item>
                            <item> item ad easdem expensas <lb/> factas per manum dicti Hugonis apud
                                Pontem Vele per litteras domini et dicti Hugonis datas die iovis
                                ante nativitatem beate Marie anno eodem : <lb/> XVIII meiterios
                                avene </item>
                            <item> item ad easdem expensas factas apud Pontem Vele per manum domini
                                Iacobi capellani et litteras <lb/> domini datas die iovis in festo
                                beati Anthonii anno eodem : IX meiterios II coupas avene </item>
                            <item> item ad easdem expensas factas apud Pontem <lb/> Vele per manum
                                domini Iacobi capellani per litteras domini et dicti
                                    <sic>cappellani</sic> datas die mercurii ante carniprivium vetus
                                anno eodem : <lb/> XLIIII meiterios et dimidium </item>
                            <item> item ad easdem expensas factas ibidem per manum dicti domini
                                Iacobi per litteras domini et dicti capellani <lb/> datas die
                                mercurii ante ramos palmarum anno eodem : XXVIII meiterios IX copas
                                avene </item>
                            <item> item ad expensas duorum <lb/> equorum domini emptorum in Francia
                                morantium apud Baugiacum per quinque dies quos equos custodiebat
                                Thumassetus et duo <lb/> alii garciones per litteras domini de
                                mandato et per testimonium magistri Iohannis
                                    <foreign>Cristoblet</foreign> : III meiterios et X copas </item>
                            <item> item ad <lb/> expensas domini Ferrandi de Ispania euntis ad
                                curiam Romanam factas apud Baugiacum per manum Iacobi
                                        <unclear><foreign>Bo[u]cheri</foreign></unclear><lb/>
                                deferentes litteras domini patentes ad castellanos terre domini ut
                                facerent expensas dicto domino Ferrando per litteras dicti Iacobi de
                                recepta <lb/> quas reddit : V meiterios avene </item>
                            <item> item ad expensas hospitii domini factas apud Pontem Vele per
                                manum domini Iacobi <lb/> capellani per litteras domini et dicti
                                capellani datas die martis post pascham quas reddit : XXXVII
                                meiterios III copis avene </item>
                            <item> et <lb/> restant : LI meiterii V cope avene, et remanent. </item>
                        </list></p>
                    <div type="sub">
                        <head>arreragium</head>
                        <p><lb/> idem reddit computum <list>
                                <item> de IIII<hi rend="sup">C</hi> meiteriis avene una cupa minus
                                    receptis de remanentia computi sui precedentis, venduntur ut
                                    infra </item>
                            </list></p>
                    </div>
                </div>
                <div xml:id="canabum">
                    <head>canabum</head>
                    <p><lb/> idem reddit computum <list>
                            <item> de XXVII mussellis et dimidio canabi receptis apud Amanziacum per
                                annum, venduntur ut infra</item>
                        </list></p>
                </div>
                <div xml:id="vinum">
                    <head>vinum</head>
                    <p><lb/> idem reddit computum <list>
                            <item> de IIII<hi rend="sup">XX</hi> XIIII sesteriis vini receptis de
                                exitu decime vinearum Baugiaci hoc anno, venduntur ut infra</item>
                        </list></p>
                </div>
                <div xml:id="anseres">
                    <head>anseres</head>
                    <p><lb/> idem reddit computum <list>
                            <item> de VI anseribus receptis apud Nigrum Montem de redditu per annum,
                                venduntur ut infra</item>
                        </list></p>
                </div>
                <div xml:id="galline">
                    <head>galline</head>
                    <p><lb/> idem reddit computum <list>
                            <item> de IIII<hi rend="sup">C</hi> XXIII gallinis receptis in
                                castellania Baugiaci de redditu et consuetudine per annum de <lb/>
                                quibus deducuntur XXXVI galline que debentur apud
                                    <foreign>Marcenna</foreign> per annum que includuntur in firma
                                prepositure dicti <lb/> loci </item>
                            <item> item libravit ad expensas hospitii domini apud Pontem Vele per
                                manum domini Iacobi per litteras domini datas die mercurii <lb/>
                                ante carniprivium vetus anno nonogesimo sexto <lb/> IIII<hi
                                    rend="sup">XX</hi> IX gallinas </item>
                            <item> et restant II<hi rend="sup">C</hi> IIII<hi rend="sup">XX</hi>
                                XVIII galline, venduntur ut infra</item>
                        </list></p>
                </div>
                <div xml:id="pulli">
                    <head>pulli</head>
                    <p><lb/> idem reddit computum <list>
                            <item> de VIII pullis receptis in dicta castellania de redditu per
                                annum, venduntur ut infra</item>
                        </list></p>
                </div>
                <div xml:id="cera">
                    <head>cera</head>
                    <p><lb/> idem reddit computum <list>
                            <item> de XXVIII libris cere receptis in dicta castellania de gardis per
                                annum deductis duabus libris quas debebat <lb/> dominus Hugo
                                    <foreign>Baillez</foreign> curatus Sancti Stephani supra
                                    <foreign>Reissouse</foreign> qui mortuus est et una libra et
                                dimidia cere quam debebat curatus <lb/> Montisfalconis qui similiter
                                mortuus est </item>
                            <item> de II libris cere receptis de garda de Iohanne de Quercu et
                                fratre suo de villa <lb/> de Ennes </item>
                            <item> de I libra recepta de garda de Gileto Lombardi de
                                    <foreign>Felins</foreign></item>
                            <item> de I libra recepta de Stephano <lb/><foreign>Bouchart</foreign>
                                de <foreign>Felins</foreign> pro eodem </item>
                            <item> de I libra recepta de Laurentio <foreign>Barcant</foreign> de
                                Monte pro recognitione per annum </item>
                            <item> de I libra <lb/> de dicto <foreign>Seriant</foreign> de
                                    <foreign>Felins</foreign> pro eodem </item>
                            <item> de I libra recepta de Iohanneto de <foreign>Chanvens</foreign> de
                                garda nova per annum <lb/></item>
                            <item> de I libra recepta de Stephaneto Grossi de <foreign>Les
                                    Uches</foreign> de garda nova </item>
                            <item> de I libra recepta de Guicharda <lb/> de Sancto Laurentio et
                                filiis suis pro eodem</item>
                        </list></p>
                    <p><lb/> summa : XXXVII libre cere que deducuntur de septuaginta duabus <lb/>
                        libris cere que debentur singulis annis in festo beati Vincentii altari
                        ecclesie Sancti Vincentii Matisconensis et residuum sibi <lb/> allocatur
                        infra in libratis</p>
                </div>
                <div xml:id="panes">
                    <head>panes</head>
                    <p><lb/> idem reddit computum <list>
                            <item> de VII panibus receptis in dicta castellania de redditu per annum
                                deductis quatuordecim panibus qui debentur <lb/> apud
                                    <foreign>Marcenna</foreign> per annum qui includuntur in firma
                                prepositure dicti loci, venduntur ut infra</item>
                        </list></p>
                </div>
                <div xml:id="fenum">
                    <head>fenum</head>
                    <p><lb/> idem reddit computum <list>
                            <item> de X charratis feni receptis de exitu prati domini in bosco
                                Baugiaci hoc anno </item>
                            <item> de XI charratis <lb/> receptis de remanentia computi sui
                                precedentis </item>
                            <item> de secundo feno dicti prati respondet infra in
                                venditionibus</item>
                        </list></p>
                    <p><lb/> summa : XXI charrate feni <list>
                            <item> de quibus libravit ad expensas duorum equorum <lb/> domini
                                magnorum per quinque dies et expensas quadraginta equorum domini
                                Ferrandi de Hyspania per unam noctem : dimidiam charratam
                                <lb/></item>
                            <item> et restant XX charrate et dimidia feni que deducuntur de triginta
                                charratis <unclear>si[v]e mey[neu]ris</unclear> feni quas libravit
                                <lb/> ad hospitium domini in feste pasche nuper preterito per
                                litteram domini quam reddit </item>
                            <item> et sic debentur ei <del rend="overstrike">novem</del> IX charrate
                                et dimidia <lb/> feni</item>
                        </list></p>
                </div>
                <div xml:id="denarii_census">
                    <head>denarii census</head>
                    <p><lb/> idem reddit computum <list>
                            <item> de XXIX libris XIX solidis obolo parisiensium receptis in dicta
                                castellania de redditu per annum ut in particulis extractus <lb/>
                                extente </item>
                            <item> de XIX libris VII solidis V denariis receptis de redditu pratorum
                                    <sic>nemoris nemoris</sic> Baugiaci per annum ut <lb/> in
                                particulis dicti extractus inclusis tredecim solidis sex denariis
                                quos debet Guillermus <foreign>Bartans</foreign> et quatuor solidis
                                et <lb/> sex denariis pro Peroneto Grassi et Iohanne de Sancto
                                Clemente qui debebant octo denarios et sex denarios et debet
                                mensurari <lb/> pratum quod ipsi tenent ita quod si inveniatur quod
                                plus debeant illud plus solvent </item>
                            <item> de X libris XVI <lb/> solidis VI denariis receptis de tailliis
                                que levantur per annum in festo beati Andree ut in particulis dicti
                                extractus </item>
                            <item> de <lb/> CII libris XII solidis receptis tailliis<note> Suppléer
                                        <hi rend="italics">de</hi>.</note> que levantur in dicta
                                castellania duobus terminis videlicet medietas in augusto et alia
                                <lb/> medietas in festo beati Andree </item>
                            <item> de XXXVII solidis V denariis receptis de gardis per annum ut in
                                particulis dicti <lb/> extractus </item>
                            <item> de VII libris XVI solidis III denariis receptis de teysis domorum
                                et banchis ville Baugiaci per annum <lb/></item>
                            <item> de XII denariis receptis de domino Hugone de Via capellano de
                                redditu per annum post extentam </item>
                            <item> de VI solidis receptis de Hugone <lb/> de Donno Martino pro eodem </item>
                            <item> de VIII denariis receptis de Iohanne de Donno Martino pro
                                eodem</item>
                        </list></p>
                    <p><lb/> summa : VIII<hi rend="sup">XX</hi> XII lb. XVI s. III d. ob. par. qui
                        scampsi ad viennenses <lb/> denos octenos valent XII<hi rend="sup">XX</hi>
                        XIX libras IIII solidos V denarios pugesiam viennensium</p>
                </div>
                <div xml:id="firme">
                    <head>firme</head>
                    <p><lb/> idem reddit computum <list>
                            <item> de VI<hi rend="sup">XX</hi> libris viennensium receptis de firma
                                leyde et coponagii mercati Baugiaci et parvi pedagii quod <lb/>
                                levatur in nundinis dicti<note> Suppléer <hi rend="italics"
                                        >loci</hi>.</note> et banni vini quod venditur in nundinis
                                prima die maii finienda in festo beati Iohannis <lb/> baptiste anno
                                nonogesimo septimo </item>
                            <item> de XII libris receptis de magistro Guillermo de Secusia pro firma
                                chacipolerie <lb/> Baugiaci finienda eodem termino </item>
                            <item> de XIII libris receptis de firma chacipolerie de Replongio
                                finienda <lb/> eodem termino </item>
                            <item> de X libris viennensium receptis de firma chacipolerie de
                                Manziaco finienda eodem termino </item>
                            <item> de <lb/> VIII libris viennensium receptis de firma chacipolerie
                                de <foreign>Ungers</foreign></item>
                            <item> de XIIII libris receptis de firma chacipolerie <lb/> Sancti
                                Iohannis supra <foreign>Reissouse</foreign> finienda eodem termino </item>
                            <item> de XXVII libris VIII solidis III denariis receptis de firma
                                chacipolerie de <lb/> Marcenna finienda eodem termino deductis
                                centum quatuor solidis novem denariis viennensium de redditu per
                                annum et septem solidis <lb/> de recognitionibus per annum qui
                                debentur in dicta chacipoleria et includuntur in dicta firma </item>
                            <item> de VII solidis VI denariis <lb/> receptis de quodam homine cui
                                concessum est capere perdrices in dicta castellania per annum </item>
                            <item> de V solidis de quodam alio <lb/> homine de Manziaco pro eodem </item>
                            <item> de IIII solidis VI denariis receptis de quodam homine de
                                    <foreign>Boisse</foreign> pro eodem </item>
                            <item> de <lb/> II solidis VI denariis receptis de Vincentio de
                                    <foreign>Corsant</foreign> pro duabus quartis vini quas debet
                                per annum </item>
                            <item> de IIII solidis receptis <lb/> de Hugoneto <foreign>del
                                    Boschat</foreign> cui concessum est capere perdrices</item>
                        </list></p>
                    <p><lb/> summa : II<hi rend="sup">C</hi> V lb. XI s. IX d. vien.</p>
                </div>
                <div xml:id="recognitiones">
                    <head>recognitiones</head>
                    <p><lb/> idem reddit computum <list>
                            <item> de XI solidis VIII denariis parisiensium receptis de
                                recognitionibus per annum ut in computo precedenti</item>
                        </list></p>
                    <p><lb/> summa eadem : XI s. VIII d. par. qui scampsi ad viennenses <lb/> valent
                        XVII solidos VI denarios viennensium</p>
                </div>
                <div xml:id="introgia">
                    <head>introgia</head>
                    <p><lb/><list>
                            <item> de introgiis nichil hoc anno</item>
                        </list></p>
                </div>
                <div xml:id="laudes_et_vende">
                    <head>laudes et vende</head>
                    <p><lb/> idem reddit computum <list>
                            <item> de X solidis viennensium receptis de Martin de
                                    <foreign>Bochat</foreign> pro prato empto ab Hugoneto fratre suo
                                <lb/> pretio sexaginta septem solidorum et levantur pro qualibet
                                libra tres solidi </item>
                            <item> de IIII solidis VI denariis de
                                    <sic>Bernerdo</sic><lb/><foreign>Plonget</foreign> pro terra
                                empta de Andrea filio pelliparii pretio triginta solidorum </item>
                            <item> de CXI solidis receptis de Andrea <lb/><foreign>Arcon</foreign>
                                pro tertia parte unius domus empta a Iohanneto
                                    <foreign>Baillet</foreign> pretio triginta septem librarum
                                viennensium </item>
                            <item> de <lb/> XXX solidis viennensium de Bererdo
                                    <foreign>Cholet</foreign> pro vinea empta a Petro
                                    <foreign>Chambrelent</foreign> pretio decem librarum </item>
                            <item> de <lb/> XVIII solidis viennensium receptis de Guillermeto
                                    <foreign>Bouchier</foreign> pro terra empta ab Humberto fratre
                                suo pretio sex librarum </item>
                            <item> de VII solidis <lb/> VIII denariis viennensium receptis de
                                Aymoneto <foreign>Thorier</foreign> pro terra empta a Guillermeto de
                                    <foreign>Materel</foreign> pretio quinquaginta unius solidorum
                                <lb/></item>
                            <item> de IIII libris receptis a Gileto <foreign>Chambrelent</foreign>
                                pro une vinea permutata Bernardo <foreign>Gison</foreign> ad quandam
                                peciam terre </item>
                            <item> de <lb/><milestone n="11" unit="vue"/><pb n="10"/> VI libris
                                receptis de Iohanne <foreign>del Pont</foreign> de prato empto a
                                Martino <foreign>Maner</foreign> pretio quadraginta librarum </item>
                            <item> de XLV solidis receptis <lb/> de Guioneto
                                    <foreign>Morer</foreign> pro prato empto a Peroneto
                                    <foreign>Cholet</foreign> pretio quindecim librarum </item>
                            <item> de XV solidis receptis de Stephano <lb/><foreign>Clavel</foreign>
                                pro terra empta de liberis <foreign>Chavanat</foreign> pretio centum
                                solidorum </item>
                            <item> de XIII denariis receptis de Ogerio Bouterii pro terra <lb/>
                                empta a Bernerdo de <foreign>Sulignie</foreign> pretio septem
                                solidorum </item>
                            <item> de LX solidis receptis de Guillermo Bussi de Matiscone pro prato
                                empto <lb/> a Stephano de <foreign>Court</foreign> pretio viginti
                                librarum </item>
                            <item> de XIII solidis VI denariis receptis de Peroneto
                                    <foreign>Flachet</foreign> pro terra empta de <lb/> Perroneto
                                    <foreign>Brechant</foreign> pretio quatuor librarum <lb/></item>
                            <item> de IIII denariis receptis de <foreign>Chavanel Donger</foreign>
                                pro paululo terre <sic>empte</sic> pretio trium <lb/> solidorum </item>
                            <item> de XXXIX solidis receptis a dicto <foreign>Talon</foreign> de
                                Bereziaco pro terra empta a dicto Grimando et a Bernerdo de
                                    <foreign>La</foreign><lb/><foreign>Rippa</foreign> pretio
                                tredecim librarum </item>
                            <item> de III solidis IX denariis receptis de Iohanneto
                                    <foreign>Rousset</foreign> pro terra empta a Guichardo de
                                    <foreign>Chastelet</foreign><lb/> pretio viginti quinque
                                solidorum </item>
                            <item> de III solidis IX denariis receptis de
                                    <unclear>Ge[rer]do</unclear> de <foreign>Lonverney</foreign> pro
                                terra empta a fratre suo pretio <lb/> viginti quinque solidorum </item>
                            <item> de XVIII solidis receptis de Hugoneto Ruffi pro terra empta a
                                Segnoreto de <foreign>Nobles</foreign> pretio sex librarum
                                <lb/></item>
                            <item> de VI solidis IX denariis receptis de Stephana uxore Pifaudi pro
                                terra empta de <foreign>Bolier</foreign> et de uxore sua pretio
                                quadraginta quinque solidorum <lb/></item>
                            <item> de III solidis II denariis receptis de Hugoneto <foreign>del
                                    Perier</foreign> pro terra empta liberis Guichardi de
                                    <foreign>Ranguel</foreign><lb/></item>
                            <item> de IX solidis VI denariis receptis de Humberto Bouchardi pro
                                terra empta a Bernerdo fratre suo pretio sexaginta trium solidorum
                                <lb/></item>
                            <item> de XV solidis receptis de fabro de <foreign>Maisireu</foreign>
                                pro domo empta a Borio <foreign>del Pontey</foreign> pretio centum
                                solidorum </item>
                            <item> de II solidis <lb/> VII denariis receptis de Iohanneto Evrardi
                                pro terra empta a dicto <foreign>Amiart</foreign> pretio duodecim
                                solidorum </item>
                            <item> de VI solidis receptis de Iohanneto
                                    <lb/><foreign>Kassin</foreign> pro terra empta a dicto
                                    <foreign>Chavi</foreign> pretio quadraginta solidorum </item>
                            <item> de XXXI solidis VI denariis receptis ab Ogereto munerio Montis
                                <lb/> Falconis pro domo empta a domino Hugone de <foreign>La
                                    Vi</foreign> pretio decem librarum et decem solidorum </item>
                            <item> de XV solidis IX denariis receptis de Gerardo
                                    <lb/><foreign>Chevalier</foreign> pro domo empta a dicto domino
                                Hugone pretio centum et quinque solidorum </item>
                            <item> de IX solidis VI denariis receptis ab Hugoneto
                                    <lb/><foreign>Bolier</foreign> pro terra empta a Iohanne
                                    <foreign>Gardoul</foreign> pretio sexaginta trium solidorum </item>
                            <item> de VI solidis IX denariis ab Hugoneto
                                <foreign>Bolier</foreign><lb/> pro terra empta ab Hugoneto
                                    <foreign>Lombart</foreign> pretio quadraginta quinque solidorum </item>
                            <item> de XVI solidis III denariis receptis ab Hugoneto
                                    <lb/><foreign>Ravinel</foreign> pro terra empta a Iohanneto
                                    <foreign>Dombeys</foreign> pretio centum et octo solidorum </item>
                            <item> de II solidis III denariis receptis de Iohanneto
                                    <foreign>Ravinel</foreign><lb/> pro terra empta ab Hugoneto
                                    <foreign>Ravinel</foreign> pretio quindecim solidorum </item>
                            <item> de IX solidis VI denariis receptis ab Huneto<note> Lire <hi
                                        rend="italics"
                                    >Hugoneto</hi>.</note><foreign>Ravinel</foreign> pro terra <lb/>
                                empta pretio sexaginta trium solidorum a fratre suo </item>
                            <item> de IIII solidis VI denariis receptis a Guioneto de
                                    <foreign>Chaffain</foreign> pro terra empta <lb/> ab Aymoneto
                                Larri pretio viginti octo solidorum </item>
                            <item> de XII solidis IX denariis receptis a dicto
                                    <foreign>Molon</foreign> pro prato empto a Iohanneta
                                    <lb/><foreign>Le Motet</foreign> pretio quatuor librarum et
                                quinque solidorum </item>
                            <item> de XXVII solidis IX denariis receptis a Guillermeto
                                    <foreign>Buffet</foreign> pro terra empta a <lb/> Peroneto
                                Butodi pretio novem librarum quinque solidorum </item>
                            <item> de X solidis X denariis receptis ab Emelina pro terra empta a
                                filia <lb/> Bolerii pretio sexaginta trium solidorum </item>
                            <item> de VI solidis IIII denariis receptis a Iohanneto
                                    <foreign>Beruz</foreign> pro terra empta a filia
                                    <foreign>Meissonier</foreign><lb/> pretio quadraginta duorum
                                solidorum </item>
                            <item> de IIII solidis VI denariis receptis a Gerardo de Media Via pro
                                    terra<note> Suppléer <hi rend="italics">empta</hi>.</note> ab
                                Aymoneto <lb/><foreign>Martin</foreign> pretio triginta solidorum </item>
                            <item> de III solidis receptis de Eymoneto <foreign>Bonier</foreign> pro
                                terra empta de uxore Guioneti <lb/><foreign>Charrier</foreign>
                                pretio viginti solidorum </item>
                            <item> de IX solidis receptis a Bernerdo Cocheti pro terra empta de
                                dicto <foreign>Boleron</foreign> pretio <lb/> sexaginta solidorum </item>
                            <item> de XII denariis receptis a Guillermeto Rolini pro terra empta a
                                dicto <foreign>Boleron</foreign> pretio sex solidorum <lb/></item>
                            <item> de II solidis III denariis receptis de Bernerdo filio
                                    <unclear>[C]orba[u]di</unclear> pro terra empta ab uxore
                                Bernerdi de <foreign>Chastelet</foreign> pretio quindecim solidorum
                                <lb/></item>
                            <item> de VIII solidis VI denariis receptis a Guioneto de
                                    <foreign>Rongie</foreign> pro terra empta a fratre suo pretio
                                quinquaginta septem solidorum <lb/></item>
                            <item> de XIX solidis VI denariis receptis a Guillermeto
                                    <foreign>Boucher</foreign> et a Iohanneto
                                    <foreign>Marrillier</foreign> pro terra empta a Stephano
                                    <foreign>Popon</foreign> pretio <lb/> sex librarum et decem
                                solidorum </item>
                            <item> de IIII solidis VI denariis receptis a Peroneto
                                    <foreign>Chapel</foreign> pro terra empta de Stephano
                                    <foreign>Ledongnion</foreign><lb/> pretio triginta solidorum </item>
                            <item> de IIII solidis VI denariis receptis a Bernerdo Cocheti pro terra
                                empta a Martino <foreign>del Bos</foreign><lb/> pretio triginta
                                solidorum </item>
                            <item> de III solidis VI denariis a liberis <foreign>Boteron</foreign>
                                pro terra empta ab Ogereto de <foreign>Channens</foreign> pretio
                                <lb/> viginti trium solidorum </item>
                            <item> de III solidis receptis de Iohanneta Sorella pro terra empta ab
                                Hugoneto <foreign>Sorel</foreign> pretio viginti <lb/> solidorum </item>
                            <item> de V solidis receptis de <foreign>Bleteren</foreign> pro terra
                                empta de <foreign>La Tissiere</foreign> et Rollando <foreign>le
                                    tisserant</foreign> pretio <lb/> triginta quatuor solidorum sex
                                denariorum </item>
                            <item> de II solidis III denariis receptis de Aymoneto
                                    <foreign>Bonier</foreign> pro prato empto a Stephano <lb/>
                                Eslurdi </item>
                            <item> de LXXII solidis receptis a Perroto Caorsini et Bernardo Choleti
                                pro <del rend="overstrike">terra</del> domo empta a Peroneto
                                    <foreign>Cholet</foreign><lb/> pretio viginti quatuor librarum </item>
                            <item> de XV solidis receptis de Ogerio <foreign>Busseroles</foreign>
                                pro terra empta a Philiberto <foreign>Belin</foreign> pretio <lb/>
                                centum solidorum</item>
                        </list></p>
                    <p> summa : XLVI lb. XIIII s. III d. vien.</p>
                </div>
                <div xml:id="banna">
                    <head>banna</head>
                    <p><lb/> idem reddit computum <list>
                            <item> de XV libris viennensium receptis a Bernerdeto
                                    <foreign>Bourdet</foreign> solvente pro filio <foreign>a La
                                    Chaluete</foreign> nepote suo qui <lb/> furatus fuit bladum
                                preceptoris <foreign>d’Espeisse</foreign></item>
                            <item> de C solidis receptis de Bartholomeo <foreign>Magnin</foreign>
                                quia res filii sui que saisite erant qui <lb/> fugiit pro furto
                                reddidit dicto filio </item>
                            <item> de XXX solidis receptis ab Hugoneto <foreign>Bernolin</foreign>
                                pro quodam colario leporarii quem invenit <lb/> et celavit </item>
                            <item> de XXX solidis receptis a Iohanneto <foreign>Bernolin</foreign>
                                quia cepit furtive ligna aliena </item>
                            <item> de L solidis receptis de <lb/><foreign>Chalemelet </foreign>de
                                Marcenna quia intulit vim cuidam mulieri </item>
                            <item> de XX solidis receptis de Hugone <foreign>dou Luyat</foreign> pro
                                eodem <lb/></item>
                            <item> de XX solidis receptis de Guichardeto <foreign>Rolier</foreign>
                                quia occupaverat viam publicam </item>
                            <item> de IX solidis receptis a Iohanneta <lb/> de
                                    <foreign>Chavanuces</foreign> quia percussit uxorem
                                    <foreign>Chaudier</foreign></item>
                            <item> de XXX solidis receptis de Segnoreto <foreign>Roussel</foreign>
                                quia scidit vineam <lb/> alienam </item>
                            <item> de XX solidis receptis de Guigone <foreign>Belonchier</foreign>
                                quia araverat terram alienam </item>
                            <item> de XXX solidis receptis de <lb/> Peronino de
                                    <foreign>Sulignie</foreign> pro sanguine facto de pugno garcioni
                                curati Baugiaci Ville </item>
                            <item> de XXX solidis receptis de <foreign>Grueton</foreign><lb/><add
                                    place="interlinear">garcione monachi de Sachinis</add> quia
                                appropriavit sibi terram alienam </item>
                            <item> de X solidis receptis a Bernerdo <foreign>Tinat</foreign> quia
                                occupavit viam publicam <lb/></item>
                            <item> de C solidis receptis de Iohannino <foreign>Gonrevot</foreign>
                                pro pluribus occupationibus viarum publicarum </item>
                            <item> de IIII libris X solidis <lb/> receptis de Guillermeto filio
                                Petri de Vallibus qui inculpabatur dedisse auxilium ad capiendum
                                quemdam hominem domini domino Thome
                                <lb/><foreign>Rebutin</foreign></item>
                            <item> de XV solidis receptis a Guillermeto de
                                    <foreign>Mirmont</foreign> quia percussit quemdam de fossorio </item>
                            <item> de XX solidis <lb/> receptis de uxore
                                    <foreign>Chevalier</foreign> pro quadam saisina fracta </item>
                            <item> de XX solidis receptis de Durando de Campis quia intravit
                                possessionem <lb/> terre cuiusdam mulieris sine licentia castellani </item>
                            <item> de C solidis receptis de domino Hugone de Brociis quia percussit
                                <lb/> Ioffredum de <foreign>Corbertot</foreign> de pugno in
                                presentia castellani </item>
                            <item> de X solidis receptis de filio munerii Montisfalconis quia <lb/>
                                percussit quodam baculo Ruffum <foreign>Garrier</foreign></item>
                            <item> de X solidis receptis de Perroto de Sancto <sic>Supplicio</sic>
                                quia percussit quemdam hominem <lb/></item>
                            <item> de VIII libris de liberis Martini de Vavreilla quia verberaverunt
                                de nocte Ogerium Morerii </item>
                            <item> de XV <lb/> solidis receptis de Bernerdo
                                    <foreign>Mazuer</foreign> pro sanguine facto cuidam garcioni </item>
                            <item> de XX solidis receptis de Bernerdo <foreign>Poncart</foreign>
                                quia <lb/> sciderat salicem alienam </item>
                            <item> de XXX solidis receptis de liberis <foreign>Boutellier</foreign>
                                quia ceperunt de nocte nuces alienas <lb/></item>
                            <item> de XXX solidis receptis a Micheleto de Ponte pro fractura saisine </item>
                            <item> de IIII libris X solidis receptis de dicto
                                    <lb/><foreign>Colon</foreign> de Baugiaco pro coponagio retento </item>
                            <item> de XXX solidis receptis de <foreign>Gautier Iomar</foreign> pro
                                quadam archa aliena <lb/> quam cepit pro sua </item>
                            <item> de X solidis receptis de Gileto <foreign>del Vivier</foreign>
                                quia refutabat solvere suum servitium <lb/></item>
                            <item> de XXX solidis receptis a Gerardo <foreign>Testu</foreign> quia
                                    <sic>occuperat</sic> viam publicam </item>
                            <item> de XX solidis receptis de Guioneto <foreign>Martin</foreign><lb/>
                                quia percusserat duos garciones malitiose </item>
                            <item> de C solidis receptis de Guichardo <foreign>del Clos</foreign>
                                pro filio suo qui iudicatus <lb/> erat suspendi pro furto ut
                                submergeretur </item>
                            <item> de X solidis receptis de Iohanneto de <foreign>Croteyl</foreign>
                                quia cepit racemos alienos <lb/> de nocte </item>
                            <item> de XV solidis receptis a Iohanneta filia Gonterii quia celaverat
                                quoddam fossorium </item>
                            <item> de XXX solidis <lb/> receptis de dicto <foreign>Godart</foreign>
                                quia portavit bladum extra terram domini ultra cridam </item>
                            <item> de XXX solidis receptis de Guichardo <foreign>Le
                                Roy</foreign><lb/> pro eodem </item>
                            <item> de XXX solidis receptis de marito filie <foreign>al Fol</foreign>
                                quia cepit nemus alienum </item>
                            <item> de LX solidis receptis a Bernerdo <lb/> de
                                    <foreign>Parerie</foreign> quia occupavit viam publicam </item>
                            <item> de C solidis receptis de Peroneto <foreign>Viot</foreign> quia
                                ipse et filii sui <lb/> verberaverunt uxorem
                                    <foreign>Chauder</foreign></item>
                            <item> de XXX solidis receptis de bastardo Iohannis
                                    <foreign>Baillet</foreign> pro sanguine facto filio Peroneti de
                                    <lb/><foreign>Boussie</foreign></item>
                            <item> de IIII libris X solidis receptis de Guillermeto de <foreign>La
                                    Colonge</foreign> quia removit domos de feudo domini et <lb/>
                                apportavit in feudum alienum </item>
                            <item> de XXX solidis receptis de dicto <foreign>Grueton</foreign> de
                                Marcenna quia appropriaverat terram alienam <lb/></item>
                            <item> de LX solidis receptis de Petro <foreign>Alban</foreign> quia
                                occupavit viam publicam </item>
                            <item> de XXV solidis receptis de Humberto <lb/> filio Iohannis
                                    <foreign>Mazuer</foreign> pro sanguine facto garcioni Petri
                                    <foreign>Ravier</foreign></item>
                            <item> de XV solidis receptis de Guioneto de <foreign>La Marcz</foreign>
                                quia <lb/> percussit malitiose filium Marie de
                                    <foreign>Berezie</foreign></item>
                            <item> de XL solidis receptis de Iohanne Remondi et liberis suis quia
                                vim fecerunt <lb/> cuidam mulieri </item>
                            <item> de XX solidis de Stephano <foreign>Engilbert</foreign> pro
                                saisina fracta </item>
                            <item> de XXX solidis receptis de Ogerio <lb/><foreign>Levier</foreign>
                                quia occupaverat viam publicam </item>
                            <item> de XLV solidis receptis de dicto <foreign>Larchier</foreign> de
                                Sancto Iohanne quia cepit furtive <lb/> fenum alienum </item>
                            <item> de XXX solidis receptis ab Hugoneto Bolerii quia occupaverat viam
                                publicam </item>
                            <item> de XLV solidis receptis de Iohanneto <lb/> de
                                    <foreign>Bo</foreign> quia iniuriose verberavit vilanum de
                                    <foreign>Bo</foreign> et fecit sanguinem uxori Gileti
                                    <foreign>Pela</foreign></item>
                            <item> de XXX solidis receptis de Terrerio <lb/> de Burgo mercerio quia
                                fecit sanguinem Petro <foreign>Reculet</foreign></item>
                            <item> de LX solidis receptis de Iohannino de Donno Martini <lb/> pro
                                fractura duarum saysinarum </item>
                            <item> de XL solidis receptis a Stephaneto de Reculanda quia abstulit
                                pignus bannerio </item>
                            <item> de <lb/> XV solidis receptis a Stephaneto Berengerii pro fractura
                                saysine </item>
                            <item> de X solidis receptis de Iohanneto <foreign>del Chano</foreign>
                                quia invenit unum <lb/> monile argenti quod celavit </item>
                            <item> de XX solidis receptis de Martino de Aloncziaco quia occupavit
                                viam publicam </item>
                            <item> de <lb/> LX solidis receptis de Peronino de Lusignia pro fractura
                                saysine </item>
                            <item> de X solidis de Ruffa <foreign>d’Aringes</foreign> quia
                                    <sic>austulit</sic> animalia sua <lb/> bannerio qui ipsa ceperat
                                in dampno </item>
                            <item> de LX solidis receptis de Martino et Iohanne
                                    <foreign>Chapat</foreign> quia alter fecit sanguinem alteri ad
                                <lb/> invicem in quadam rixa habita inter ipsos </item>
                            <item> de LX solidis receptis de Hugonino de Serva domicello quia
                                percussit de cutello <lb/> filium Iohannete de Bochilevra </item>
                            <item> de XXX solidis receptis de Peroneto <foreign>Flachet</foreign>
                                quia vendiderat terram suam et submiserat domino alieno <lb/></item>
                            <item> de XV solidis receptis de filia Ogerii <foreign>Donbeis</foreign>
                                pro eodem </item>
                            <item> de XXX solidis receptis de Perrucello de Ponte Valium pro
                                consimili facto </item>
                            <item> de II <lb/> solidis receptis de <sic>Berrardeto</sic> Provinciali
                                quia cepit arborem alienam </item>
                            <item> de X solidis receptis de Ponceto de Laya quia invenit <supplied
                                    reason="support endommagé">…sam</supplied><lb/> et non revelavit
                                eam castellano </item>
                            <item> de XXX solidis receptis de Roberto de <foreign>Prenent</foreign>
                                quia <supplied reason="support endommagé">ped …
                                    </supplied><lb/><supplied reason="support endommagé"
                                    >prenel</supplied></item>
                            <item> de XLV solidis receptis de Peroneto Girardi et dicto
                                    <foreign>Godart</foreign> de <foreign>Cosant</foreign><supplied
                                    reason="support endommagé">sol…</supplied> mulieris <lb/>
                                invente in adultero cum Teobaldo de Matiscone </item>
                            <item> de XV solidis receptis de Guillermeto de <supplied
                                    reason="support endommagé">…</supplied> mulieri <lb/></item>
                            <item> de XL solidis receptis a Stephano Peleterii quia reduxit in
                                hospitio suo res Morelli <foreign>Braymant</foreign> que erant
                                    <unclear>saysite in dicto</unclear><lb/> loco </item>
                            <item> de XX solidis receptis de Iohanneto <foreign>Galet</foreign> pro
                                eodem facto </item>
                            <item> de XX solidis receptis Stephaneto<note> Suppléer <hi
                                        rend="italics">de</hi>.</note><foreign>Galet</foreign> pro
                                eodem </item>
                            <item> de XX solidis receptis de Hugoneto <lb/><foreign>Sorber</foreign>
                                pro eodem </item>
                            <item> de LX solidis receptis de Aymoneto Boverii quia non solvit
                                componagium quod debebat </item>
                            <item> de IX solidis receptis de Peroneto <lb/><foreign>Pechet</foreign>
                                quia mensuravit ad falsam mensuram </item>
                            <item> de IX solidis receptis de duobus bubulcis quia mensurabant ad
                                cupam non <lb/> signatam </item>
                            <item> de XXX solidis receptis de quodam garcione de Bereysia quia
                                intraverat de nocte in domo <foreign>Bigot</foreign> sine eius
                                licentia <lb/></item>
                            <item> de XX solidis receptis de Stephaneto <foreign>Siquant</foreign>
                                quia cepit furtive bladum sororis sue </item>
                            <item> de LX solidis receptis de domino Ogerio de Corzis <lb/> milite
                                quia homines sui occupaverant viam publicam </item>
                            <item> de XX solidis receptis a Stephaneto Ploterii quia cepit sacum
                                alienum pro suo <lb/></item>
                            <item> de X solidis receptis de Galterio Mourerii quia totondit oves
                                fratris sui sine licentia eius </item>
                            <item> de X solidis receptis a filio Raimondi <lb/> de
                                    <foreign>Felinz</foreign> quia fecit sanguinem filie Mariete
                                    <foreign>a La Chaseri</foreign></item>
                            <item> de XXX solidis receptis a dicta <foreign>La Moyni</foreign> de
                                Baugiaco quia cepit <lb/> canabum alienum </item>
                            <item> de XX solidis receptis ab uxore Iohannis de Ansa quia invenit
                                quemdam blondum quem non revelavit </item>
                            <item> de <lb/> XX solidis receptis de Peroneto
                                    <foreign>Chantalou</foreign> quia fecit sanguinem dicto
                                    <foreign>Passachat</foreign></item>
                            <item> de X solidis receptis ab uxore <foreign>al Volant</foreign> quia
                                austulit <lb/> pignus familiario cacipulli </item>
                            <item> de XXX solidis receptis a Bruneto de Rippa pro saysine<note> On
                                    avait d’abord écrit <hi rend="italics">saysina</hi>, et le mot
                                    est raturé.</note> fractura</item>
                        </list></p>
                </div>
                <div xml:id="clame">
                    <head>clame</head>
                    <p><lb/><list>
                            <item> de CIX solidis receptis de quadraginta clamis per dictum tempus </item>
                            <item> de XXXVIII solidis receptis de saysinis per idem tempus </item>
                            <item> de <lb/> XL solidis receptis a dicto <foreign>Robin</foreign> de
                                Sancto Stephano quia impedivit iter publicum</item>
                        </list></p>
                    <p><lb/> summa : VII<hi rend="sup">XX</hi> XVII lb. X s. vien. deductis decem
                        septem libris decem solidis <lb/> pro parte castellani capientis duos
                        solidos in qualibet libra bannorum</p>
                </div>
                <div xml:id="escheyte_et_inventa">
                    <head>eschaite</head>
                    <p><lb/> idem reddit computum <list>
                            <item> de XL solidis receptis de bonis Stephani nepotis
                                    <sic>precentoris</sic> domus <foreign>d’Espayssi</foreign> pro
                                compositione <sic>facto</sic> cum dicto <lb/> precentore super
                                dictis bonis ipsius Stephani defuncti </item>
                            <item> de XI solidis receptis de quodam <supplied
                                    reason="support endommagé">…</supplied> latronis qui fugiit
                                <lb/></item>
                            <item> de XXX solidis receptis de bladis habitis de exitu quarumdem
                                terrarum illorum de <foreign>Rongnel</foreign> pro <supplied
                                    reason="support endommagé">renditis</supplied> usagiorum </item>
                            <item> de <milestone n="12" unit="vue"/><pb n="11"/><lb/> IIII libris
                                receptis a Iohanneto <foreign>Dorrer</foreign> de Donno Martino pro
                                concessione <supplied reason="support endommagé">sibi facta …
                                </supplied></item>
                            <item><supplied reason="support endommagé">de</supplied><lb/> VIII
                                solidis receptis de duabus arboribus piris que erant in camino
                                versus Iaya <supplied reason="support endommagé">pro
                                …</supplied></item>
                            <item><supplied reason="support endommagé">de</supplied><lb/> X solidis
                                receptis de novem cupis siliginis habitis de exitu terre quorumdam
                                hominum de Mancia quas tenebant homines
                                    <foreign>d’Epeyssia</foreign></item>
                        </list></p>
                    <div type="sub">
                        <head>inventa</head>
                        <p><list>
                                <item> de <lb/> IIII solidis VII denariis receptis de uno porcello
                                    una pelle <sic>anni</sic> et una pelle pulini inventis et
                                    venditis pro tanto</item>
                            </list></p>
                    </div>
                    <div>
                        <p><lb/> summa : IX lb. III s. VII d. vien.</p>
                    </div>
                </div>
                <div xml:id="iudei">
                    <head>Iudei</head>
                    <p><lb/> idem reddit computum <list>
                            <item> de LXXV solidis viennensium receptis de Davide Iudeo morante apud
                                Baugiacum pro quinque obolis auri quos debet <lb/> domino pro garda
                                per annum in natale Domini</item>
                        </list></p>
                    <p><lb/> summa eadem : LXXV s. vien. </p>
                </div>
                <div xml:id="venditiones">
                    <head>venditiones</head>
                    <p><lb/> idem reddit computum <list>
                            <item> de XII<hi rend="sup">XX</hi> VII libris XVII solidis II denariis
                                viennensium receptis de sexcentis quatuordecim meteriis et dimidio
                                <lb/> frumenti veteris venditis ut supra diversis pretiis videlicet
                                ducenti et sex meyterii venditi <sic>quodlibet</sic> octo solidis
                                novem denariis et <lb/> sexaginta quinque meyterii
                                    <sic>quolibet</sic> octo solidis sex denariis et
                                    <sic>trescenti</sic> quatuor meyterii quilibet octo solidis
                                quinque denariis et <lb/> viginti quinque meyteria data fuerunt pro
                                getis ex pacto expresso et quatuordecim meyteria fuerunt in escapis
                                <lb/> vanaturis et venditum fuit quodlibet meyterium tribus solidis
                                qui includuntur in dicta summa </item>
                            <item> de <lb/> VI<hi rend="sup">XX</hi> X libris XVII solidis
                                viennensium receptis de quater centum sex meyteriis et dimidio
                                siliginis veteris venditis ut supra diversis pretiis videlicet
                                ducenti <lb/> quadraginta octo meyterii quilibet sex solidis decem
                                denariis et sexaginta meyterii quilibet sex solidis novem denariis
                                et <lb/> septuaginta septem meyterii quilibet meyterius sex solidis
                                octo denariis et viginti unum meyteria domino data fuerunt <lb/> pro
                                getis et vanaturis </item>
                            <item> de CV libris XVII solidis VI denariis receptis de quatercentum
                                meyteriis avene venditis ut supra <sic>quodlibet</sic> meyterium
                                <lb/> venditum quinque solidis sex denariis viennensium </item>
                            <item> de XIII solidis IX denariis receptis de viginti septem moissellis
                                et dimidio canabi venditis ut supra <lb/> quodlibet sex denariis </item>
                            <item> de XVIII libris VI solidis viennensium receptis de quater
                                    <sic>vinginti</sic> quatuordecim sestariis vini venditis ut
                                supra quodlibet <lb/> sestarium venditum quatuor solidis deductis
                                decem solidis pro fece et consumptione </item>
                            <item> de IIII solidis VI denariis receptis de sex anseribus <lb/> sic
                                venditis qualibet vendita novem denariis </item>
                            <item> de C XI solidis IX denariis viennensium receptis de ducentis
                                quater <sic>vinginti</sic> decem octo gallinis <lb/> venditis ut
                                supra qualibet IIII<hi rend="sup">or</hi> denariis et obolo
                                viennensium </item>
                            <item> de XII denariis receptis de octo pullis sic venditis [quolibet I
                                denario et obolo </item>
                            <item> de V solidis IIII denariis receptis de VII] <lb/> panibus
                                quolibet vendito novem denariis </item>
                            <item> de XX solidis receptis de tribus charratis [feni venditis
                                qualibet VI solidis VIII denariis] <unclear>[apud] <lb/>
                                    Baugiacum</unclear></item>
                        </list></p>
                    <p><lb/> summa : V<hi rend="sup">C</hi> X lb. XIII s. XI d. vien.</p>
                    <p><lb/> summa totius recepte : XI<hi rend="sup">C</hi> IIII<hi rend="sup"
                            >XX</hi> XIII lb. [X s. V d. pug. vien.]</p>
                </div>
                <div xml:id="arreragium">
                    <head>[arreragium]</head>
                    <p><lb/><list>
                            <item> idem reddit computum de VI<hi rend="sup">C</hi> XXVIII libris VI
                                solidis VIII denariis <supplied>viennensium</supplied></item>
                        </list></p>
                </div>
                <div>
                    <p><lb/> summa totius recepte cum arreragio : M VIII<hi rend="sup">C</hi> XXI
                        lb. XVII s. <supplied>I d. pug. vien.</supplied></p>
                </div>
            </div>
            <div xml:id="expense_et_librate">
                <div xml:id="expense">
                    <p><list>
                            <item> de quibus libravit <supplied reason="support détruit"
                                    >………</supplied><lb/> in sala castri et domo supra stabulum ubi
                                reposita fuit avena domini recoperiendo <supplied
                                    reason="support détruit">………</supplied><lb/> ut in particulis :
                                XI solidos XI denarios viennensium </item>
                            <item> in una canali empta et posita in fosatis castri Baugiaci
                                    <supplied reason="support détruit">………</supplied></item>
                            <item><lb/> in prato domini de nemore Baugiaci falcando et fenando hoc
                                anno et in pane dato bubulcis adducentibus <supplied
                                    reason="support détruit">………</supplied><lb/> XVIII solidos </item>
                            <item> in pane dato bubulcis adducentibus blada domini : IX solidos VI
                                denarios </item>
                            <item> in prandio hominum <supplied reason="support détruit"
                                    >……</supplied><lb/> usagia domini tertia die natalis Domini ad
                                castrum : V solidos III denarios </item>
                            <item> in vindemia decime domini adportanda <supplied
                                    reason="support détruit">……</supplied><lb/> et tinis et doliis
                                religandis et quibusdam fondis in dictis doliis de novo factis :
                                XXIII solidos II denarios </item>
                            <item> in duobus <supplied>deschargia</supplied>toribus <lb/> stagni
                                Baugiaci <unclear>a[tt]andis</unclear> hoc anno et terra ibidem
                                adportanda : XXXIII solidos III denarios </item>
                            <item> in uno molendino <supplied>de</supplied><lb/> novo facto subtus
                                servas stagni predicti per manum Iaquemeti de Secusia et in fusta et
                                aliis neccessariis pro ipso molendino <lb/> preter molas : VI libras </item>
                            <item> in expensis duorum latronum captorum apud Matisconem et
                                adductorum apud Baugiacum ubi offendaverunt <lb/> unus quorum fuit
                                suspensus et alter submersus : XXVI solidos </item>
                            <item> in blado veteri domini vanando : XV solidos </item>
                            <item> in ferratura <lb/> palafredorum domini qui erant apud Montem
                                Merulam et in duabus cooperturis tele pro ipsis palafreydis et in
                                hungimento : <lb/> XI solidos </item>
                            <item> in expensis Thomasseti et duorum aliorum valetorum custodientium
                                    <add place="interlinear"> tres</add> magnos equos domini apud
                                Baugiacum per <lb/> quinque dies : XVII solidos </item>
                            <item> in duobus bobus datis merceriis in duabus nundinis de novo factis
                                apud Baugiacum una <lb/> quarum est die dominica ante festum beati
                                Michelis et alia in festo beati Ylarii : IX libras XVII solidos VI
                                denarios</item>
                        </list></p>
                    <div xml:id="opus_carrenorum">
                        <head>opus carrenorum</head>
                        <p><lb/><list>
                                <item> in scisura quater centum triginta sex charratarum grossorum
                                    lignorum scisorum in bosco de <foreign>Money</foreign> ad opus
                                    dicte <lb/> quarenorie et dantur pro qualibet charrata quatuor
                                    denarii et in scisura triginta octo milliarium et dimidii
                                        <supplied reason="support en partie détruit"
                                        >lignorum</supplied><lb/> scisorum in eodem bosco et dantur
                                    pro quolibet <sic>meiliario</sic> octo solidi viennensium : XXII
                                    libras XIII solidos IIII denarios
                                        <supplied>viennensium</supplied></item>
                                <item> in] pane <lb/> dato boveriis adduccentibus dicta ligna pro
                                    quatuor fornatis karronum quoquandis et dantur cuidam <supplied
                                        reason="support détruit">… denarii</supplied><lb/> obolus
                                    viennensium per diem pro pane : VIII libras III solidos VII
                                    denarios obolo </item>
                                <item> et residuum dictorum lignorum remanet in <supplied
                                        reason="support détruit">… …</supplied><lb/></item>
                                <item> in pane dato bubulcis adducentibus lapides ad faciendum
                                    calcem de lapidibus quo<supplied reason="support endommagé"
                                        >……</supplied><lb/> emptis anno preterito : IIII solidos </item>
                                <item> in una fornata quarronorum quoquenda <supplied
                                        reason="support endommagé et détruit">………</supplied><lb/>
                                    remanserant anno preterito : LI solidos </item>
                                <item> de quinque milia quarronum quater <supplied
                                        reason="support détruit">………</supplied><lb/></item>
                                <item> in uno muro facto in camera quarrenorie ad reponendum calcem
                                        <supplied reason="support détruit">………</supplied><lb/>
                                    quarrenoriam : XXVII solidos </item>
                                <item> in duabus butis quarrenorie <supplied
                                        reason="support détruit"
                                        >………</supplied><lb/><unclear>faciend[is]</unclear> : XIX
                                    solidos IIII denarios </item>
                                <item> in quatuor arcubus <supplied reason="support endommagé"
                                        >………</supplied><lb/> Iohann<supplied
                                        reason="support endommagé">is
                                        Dadini</supplied><unclear>facient[is]</unclear> dictos
                                    quarrones in taschiam pro <supplied reason="support endommagé"
                                        >………</supplied><lb/><unclear>mill[e]</unclear> de quibus
                                    quinque fornatis tres fornate sunt <supplied
                                        reason="support endommagé"
                                        >………</supplied><lb/><unclear>[ei]</unclear> pro qualibet
                                    fornata sex libras et duodecim solidos viennesium videlicet pro
                                    quolibet <unclear>mill[iaro]</unclear><supplied
                                        reason="support endommagé">………</supplied><lb/></item>
                                <item> idem libravit in quadraginta teysis curatarum muri factis in
                                    castro [Baugiaci] <supplied reason="support endommagé"
                                        >………</supplied><lb/> in platea dicti castri : LXVI solidos </item>
                                <item> idem libravit Bartholomeo lathomo <supplied
                                        reason="support endommagé">………</supplied><lb/> hosti positis
                                    in sala castri in tachiam : VI libras III solidos </item>
                                <item> idem libravit ad <supplied reason="support endommagé"
                                        >……</supplied><lb/> stion ad videndum quedam opera
                                    fenestrarum de mandato domini : X solidos</item>
                            </list></p>
                    </div>
                    <div>
                        <p><lb/><add hand="#Al">summa : CV lb. XIIIs. IIII d. ob. vien.</add></p>
                    </div>
                </div>
                <div xml:id="librate">
                    <p><lb/><list>
                            <item> [de quibus libravit] ad expensas hospitii domini factas per manum
                                Hugonis de Voyrone per litteras domini <supplied>et dicti
                                    Hugonis</supplied><lb/><supplied reason="support détruit"
                                    >………</supplied> octabas beati Martini anno Domini M<hi
                                    rend="sup">o</hi> CC<hi rend="sup">o</hi> nonagesimo sexto quas
                                reddit <lb/> IIII<hi rend="sup">XX</hi> libras viennensium
                                    <lb/><supplied reason="support détruit"
                                    >……</supplied><supplied>ad expensas</supplied> factas apud
                                Pontem Vele per manum domini Iacobi capellani per litteras domini et
                                dicti capellani <lb/><supplied reason="support détruit"
                                    >………</supplied> X libras viennensium <lb/><supplied
                                    reason="support détruit"
                                    >………</supplied><supplied>dicti</supplied> capellani per litteras
                                domini et dicti capellani datas die mercurii <lb/><supplied
                                    reason="support détruit">………</supplied> anno eodem quam reddit :
                                LX libras viennensium <lb/><supplied reason="support détruit"
                                    >………</supplied> factas apud Pontem Vele per manum dicti
                                capellani per litteras domini et dicti capellani datas die mercurii
                                ante <lb/><supplied reason="support détruit">……</supplied> anno
                                eodem quas reddit : XXI libras XI solidos viennensium <lb/><supplied
                                    reason="support détruit">……</supplied> expensas domini factas
                                apud Pontem Vele per manum dicti capellani per litteras domini et
                                dicti capellani datas die martis <lb/><supplied
                                    reason="support détruit"
                                    >……</supplied><supplied>nonagesimo</supplied> septimo quas
                                reddit : CX libras VIII solidos V denarios viennensium
                                    <lb/><supplied reason="support détruit"
                                    >……</supplied><supplied>ad</supplied> expensas domini Ferrandi
                                de Yspania factas apud Baugiacum <supplied>per litteras</supplied>
                                datas apud Baugiacum die sabbati in vigilia beate Marie Magdalene
                                    <lb/><supplied reason="support détruit">……</supplied> Iacobi
                                Bocheri per litteras ipsius datas dicta die anno nonagesimo sexto
                                quas reddit : XV libras XIII solidos IIII denarios viennensium
                                    <lb/><supplied reason="support détruit">……</supplied> Bertrando
                                Malebailli corsino Burgi per litteras domini de mandato et per duo
                                paria litterarum dicti corsini <lb/><supplied
                                    reason="support détruit">……</supplied> quas reddit : M libras
                                viennensium </item>
                            <lb/>
                            <item><supplied>idem libr</supplied>avit sibi ipsi pro emenda novem
                                equorum amissorum et venditorum per dominum Petrum de Balma quondam
                                baillivum terre <supplied>Baugiaci</supplied><lb/><supplied
                                    reason="support détruit">………</supplied> fideiussione quam
                                dominus fecerat pro Iacobo de Quarto erga dominum <supplied
                                    reason="support détruit">……</supplied><foreign
                                > </foreign>litteras
                                    <unclear><supplied>domini</supplied></unclear><lb/><damage
                                    extent="10 lignes"><supplied>… … …</supplied> de recepta et
                                            <unclear><supplied>extimatione</supplied></unclear><supplied>…
                                        <lb/> … …</supplied> computa <supplied>…</supplied> dictorum
                                    equorum <supplied>… <lb/> …</supplied> sestaria vini ad mensuram
                                        <supplied>… <lb/> …</supplied> solidos septem denarios
                                    parisiensium per litteras domini de mandato <supplied>… <lb/>
                                        …</supplied> decem solidos viennensium <supplied>… <lb/>
                                        …</supplied> tunc sacriste Sancti Petri
                                        Ma<supplied>tisconensis … …</supplied></damage></item>
                        </list></p>
                    <milestone n="13" unit="vue"/>
                    <pb n="12"/>
                    <p><lb/> summa librate : M VI<hi rend="sup">C</hi> XXXIX lb. XIX s.</p>
                </div>
                <div>
                    <p><lb/> summa expense salarii et librate : M VII<hi rend="sup">C </hi>XLV
                        lb.</p>
                </div>
            </div>
            <div xml:id="bilan">
                <p><lb/> et sic debet LXXVI libras IIII solidos IX denarios obolum viennensium <lb/><list>
                        <item><supplied>de quibus libravit</supplied> IIII libras viennensium
                            receptas de magistro Iohanne Godini de firma pro firma <supplied
                                reason="support endommagé et détruit"
                                >[partitionis]</supplied><lb/><supplied reason="support détruit"
                                    ><supplied>fini</supplied>enda</supplied> prima die maii et
                            alias quatuor libras dimisit ei dominus ex dono <supplied
                                reason="support endommagé">suo …</supplied></item>
                        <item><lb/> adduntur XXXIII libre II solidi VI denarii viennensium recepti
                            de viginti meyteriis frumenti et viginti <lb/> quatuor meyteriis
                            siliginis et de duodecim meyteriis avene et de septuaginta tribus libras
                            [cere] <lb/> que debebat ut in fine computi sui ultimi de castellania
                            Sancti Triverii sibi pro tanto vendito <lb/> in presentia domini </item>
                        <item> item adduntur C solidi viennensium recepti de firma mensure bladi
                            finienda <lb/> in festo beati Andree anno nonagesimo septimo ubi fieri
                            fecit mensuram lapidis</item>
                    </list></p>
                <p><lb/> summa additi : XLII lb. <del rend="overstrike">XLII lb.</del> II s. VI d.
                    vien.</p>
                <p> et <lb/> sic debet CXVIII libras VII solidos III denarios obolum viennensium <list>
                        <item> de quibus deducuntur <lb/> IIII libre X solidi pro
                                    <unclear><supplied>factura</supplied></unclear> mensure lapidis
                            quam fecit fieri </item>
                        <item> item LX solidi quos dominus <lb/> sibi dedit de cera et de blado sibi
                            venditis ut in additionibus supra </item>
                        <item> et sic <lb/> debet finaliter CX libras XVII solidos III denarios
                            obolum viennensium</item>
                    </list></p>
                <p><lb/><list>
                        <item> item debet XI<hi rend="sup">XX</hi> XIIII meyteria frumenti <supplied
                                reason="support détruit">et</supplied> XVIII meyteria siliginis et
                            LI meyteria avene <lb/></item>
                        <item><supplied reason="support détruit">sciendum</supplied> quod de dicta
                            siligine deducuntur XL meyteria siliginis quos dominus sibi dimisit pro
                                    <unclear>es<supplied>em</supplied>ptione</unclear><lb/><supplied
                                reason="support détruit">……</supplied> Petro de Serra Valle
                            castellano post ipsum </item>
                        <item> et debet <lb/><supplied reason="support détruit">…</supplied>
                            meyteria siliginis <supplied>……… <note>la fin de la ligne est
                                    illisible</note></supplied></item>
                    </list></p>
            </div>
        </body>
    </text>
</TEI>
