<?xml version="1.0" encoding="UTF-8"?>
<TEI xmlns:math="http://www.w3.org/1998/Math/MathML" xmlns="http://www.tei-c.org/ns/1.0"
    xmlns:xi="http://www.w3.org/2001/XInclude" xmlns:svg="http://www.w3.org/2000/svg"
    xml:id="B6741_3">
    <teiHeader>
        <fileDesc>
            <titleStmt>
                <title>Compte de Barthélémy Sylvestre (<hi rend="italics">Bartholomeus
                        Silvestri</hi>) pour la châtellenie de Bagé, du 23 mars 1299 au 23 avril
                    1300 <date type="debut" from-iso="12990323" cert="high"/><date type="fin"
                        from-iso="13000432" cert="high"/></title>
                <respStmt>
                    <persName><name xml:lang="fra">Barthélémy Sylvestre</name><name xml:lang="lat"
                            >Bartholomeus Silvestri</name></persName>
                    <resp>Châtelain</resp>
                </respStmt>
            </titleStmt>
            <publicationStmt>
                <p>Alain Kersuzan et Frédéric Chartrain, avec la collaboration de Marjorie Burghart, Jean-Louis Gaulin, et Jean-Michel Poisson, 
                    <title>Compte de Barthélémy Sylvestre (<hi rend="italics">Bartholomeus
                        Silvestri</hi>) pour la châtellenie de Bagé, du 23 mars 1299 au 23 avril
                        1300</title>,
                    Lyon - Chambéry, 2011 (<title>Documents comptables des Etats de Savoie, XIIIe - XVe s.</title>)</p>
            </publicationStmt>
            <seriesStmt>
                <title>Bagé</title>
            </seriesStmt>
            <sourceDesc>
                <p>Information about the source</p>
            </sourceDesc>
        </fileDesc>
    </teiHeader>
    <text>
        <body>
            <milestone n="11" unit="vue"/>
            <pb n="10"/>
            <div xml:id="prologue">
                <p><lb/> Computus Bartholomei Silvestri castellani Baugiaci a die lune in vigilia
                    annuntiationis dominice <lb/> anno Domini M<hi rend="sup">o</hi> CC<hi
                        rend="sup">o</hi> nonagesimo octavo sumpto millesimo in paschate usque ad
                    festum beati Georgii anno M<hi rend="sup">o</hi> CCC<hi rend="sup">o</hi>
                    videlicet de <lb/> uno anno integro et tribus <add place="interlinear"
                        >septimanis</add> et quinque diebus receptus apud Voyronem per manum Rosseti
                    de Sancto Ragneberto clerici presente domino <lb/> comite</p>
            </div>
            <div xml:id="recepte">
                <div xml:id="frumentum">
                    <head>frumentum</head>
                    <p><lb/> idem reddit computum <list>
                            <item> de III<hi rend="sup">C</hi> XLVI meyteriis frumenti receptis in
                                dicta castellania Baugiaci de redditu lunatione et messe per annum
                                <lb/> ut in computo precedenti </item>
                            <item> de XVII meyteriis receptis de exitu molendini de stanno inclusa
                                    <sic>farna</sic> per dictum tempus </item>
                            <item><lb/> de VIII meyteriis I cupa receptis de exitu terrarum grangie
                                de Nigro Monte hoc anno </item>
                            <item> de exitu decime <lb/> de <foreign>Money</foreign> nichil hoc anno
                                in frumento </item>
                            <item> de V cupis receptis de Martina de <foreign>La
                                    Tortorieri</foreign> pro masso <lb/> Iohannis de Foresta de
                                redditu per annum</item>
                        </list></p>
                    <div type="sub">
                        <head>arreragium</head>
                        <p><list>
                                <item> de VI<hi rend="sup">C</hi> LXVIII meyteriis III cupis
                                    frumenti receptis de remanentia sui computi <lb/>
                                    precedentis</item>
                            </list></p>
                    </div>
                    <div>
                        <p> summa : M XL meyterii III cupe frumenti <list>
                                <item> de quibus <lb/> idem libravit in expensis hospitii domini
                                    factis per manum Hugonis de Voyrone ut per litteram domini cum
                                    sigillo dicti Hugonis <lb/> datam die dominica in ramis palmarum
                                    quam reddit : XXIIII meyterios </item>
                                <item> idem libravit ad expensas domini et domine <lb/> comitisse
                                    factas per manum magistri Iohannis de Maurienna ut per duo paria
                                        <sic>literarum</sic><unclear>ip[sius]</unclear> de recepta
                                    quas reddit : VII<hi rend="sup">XX</hi> X meyterios </item>
                                <item> item deducuntur III meyterii qui debentur apud
                                        <foreign>Marçona</foreign> per annum <sic>que</sic>
                                    includuntur in firma prepositure dicti loci </item>
                                <item><lb/> in venditione ut infra : XL meyterii </item>
                                <item> et restant VIII<hi rend="sup">C</hi> XXIII meyterii III cupe
                                    frumenti <lb/> quibus adducuntur I cupa et dimidia recepta de
                                    masso de Chavayria de redditu per annum de novo, et
                                    remanent</item>
                            </list></p>
                    </div>
                </div>
                <div xml:id="siligo">
                    <head>siligo</head>
                    <p><lb/> idem reddit computum <list>
                            <item> de XIII<hi rend="sup">XX</hi> XIIII meyteriis IIII cupis et
                                dimidia siliginis receptis in dicta castellania Baugiaci de redditu
                                <lb/> lunatione et messe per annum ut in particulis extractus
                                extente </item>
                            <item> de XXXIIII meyteriis receptis de exitu molendinorum <lb/> per
                                dictum tempus inclusa farina </item>
                            <item> de V meyteriis receptis de exitu terrarum grangie de Nigro Monte
                                hoc anno <lb/> inclusis milio veciis et panicio </item>
                            <item> de XIII meyteriis receptis de firma decime de
                                    <foreign>Money</foreign> hoc anno </item>
                            <item><lb/> de VII cupis receptis de tachiis terrarum pasqueragii de
                                Manziaco hoc anno </item>
                            <item> de III cupis receptis de <lb/> Martina de <foreign>La
                                    Tortorieri</foreign> de redditu per annum</item>
                        </list></p>
                    <div type="sub">
                        <head>arreragium</head>
                        <p><list>
                                <item> de IIII<hi rend="sup">C</hi> IIII<hi rend="sup">XX</hi> XVII
                                    meyteriis receptis de remanentia sui computi precedentis</item>
                            </list></p>
                    </div>
                    <div>
                        <p><lb/> summa : VIII<hi rend="sup">C</hi> XXV meyterii II cupe dimidia
                            siliginis <list>
                                <item> de quibus <lb/> deducuntur XII meyterii et dimidius qui
                                    debentur apud <foreign>Replongio</foreign> qui includuntur in
                                    firma prepositure dicti <lb/> loci </item>
                                <item> item deducuntur XXIX meyterii qui debentur apud
                                        <sic>Marcenina</sic> per annum qui includuntur in <lb/>
                                    firma prepositure dicti loci </item>
                                <item> in venditione ut infra : XII<hi rend="sup">XX</hi> VII
                                    meyterii </item>
                                <item> et <lb/> restant V<hi rend="sup">C</hi> XXXVI meyterii V cupe
                                    et dimidia siliginis, et remanent</item>
                            </list></p>
                    </div>
                </div>
                <div xml:id="avena">
                    <head>avena</head>
                    <p><lb/> idem reddit computum <list>
                            <item> de VIII<hi rend="sup">XX</hi> XII meyteriis avene receptis in
                                dicta castellania de redditu mareschalcie et garde <lb/> per annum
                                ut in particulis extractus per annum </item>
                            <item> de V meyteriis VIII cupis receptis de exitu terrarum grangie
                                <lb/> de Nigro Monte hoc anno </item>
                            <item> de exitu decime de <foreign>Money</foreign> nichil hoc anno </item>
                            <item> de XXIX meyteriis <lb/> IIII cupis receptis de hominibus de
                                Marcenna pro affoagio nemoris de Deserta hoc anno ubi levantur in
                                quolibet <lb/> hospitio quatuor cupe et pro quolibet bove quatuor
                                cupe per annum </item>
                            <item> de VIII cupis receptis de Martina <lb/> de <foreign>La
                                    Tortoreri</foreign> de redditu per annum</item>
                        </list></p>
                    <div type="sub">
                        <head>arreragium</head>
                        <p><list>
                                <item> de II<hi rend="sup">C</hi> XLIX meyteriis X cupis receptis de
                                    remanentia computi precedentis</item>
                            </list></p>
                    </div>
                    <div>
                        <p><lb/> summa : IIII<hi rend="sup">C</hi> LVII <sic>mayteria</sic> VI cupe
                            avene <list>
                                <item> de quibus <lb/> deducuntur III meyteria V cupe que debentur
                                    apud Marcenna per annum que includuntur in firma prepositure
                                    dicti <lb/> loci </item>
                                <item> item libravit ad expensas hospitii domini factas per manum
                                    magistri Iohannis ut per litteras domini et ipsius redditas
                                    <lb/> ut supra in frumento : II<hi rend="sup">C</hi> LX meyteria
                                    avene </item>
                                <item> in expensis <sic>palafreidorum</sic> domini et equorum et
                                    fuerunt aliquotiens <lb/> quinque aliquotiens sex a prima die
                                    iunii usque ad ultimam diem ianuarii et fuerunt quasi per unam
                                        <add place="interlinear">diem</add> mille sexaginta quatuor
                                    <lb/> equi : VII<hi rend="sup">XX</hi> III meyteria avene</item>
                            </list></p>
                        <p><lb/> summa deducti et librate : IIII<hi rend="sup">C</hi> VI meyteria V
                            cupe avene <list>
                                <item> et restant <lb/> LI mayteria I cupa avene <add
                                        place="interlinear">quibus additur I meyterium avene quod
                                        debet Iohannes prepositi pro mareschalcia de redditu per
                                        annum de novo</add>, et remanent</item>
                            </list></p>
                    </div>
                </div>
                <div xml:id="canabum">
                    <head>canabum </head>
                    <p><lb/> idem reddit computum <list>
                            <item> de XXVII <sic>moyssez</sic> et dimidio canabi receptis apud
                                    <foreign>Manzia</foreign> de redditu per annum, venduntur ut
                                infra</item>
                        </list></p>
                </div>
                <div xml:id="vinum">
                    <head>vinum</head>
                    <p><lb/> idem reddit computum <list>
                            <item> de IIII<hi rend="sup">XX</hi> XVIII sesteriis receptis de exitu
                                decime Baugiaci hoc anno</item>
                        </list></p>
                    <div type="sub">
                        <head>arreragium</head>
                        <p><list>
                                <item> de III<hi rend="sup">C</hi> XXXII <lb/> sesteriis receptis de
                                    remanentia sui computi precedentis</item>
                            </list></p>
                    </div>
                    <div>
                        <p><lb/> summa : IIII<hi rend="sup">C</hi> XXX sest. vini <list>
                                <item> de quibus <lb/> libravit ad expensas hospitii domini factas
                                    per manum Hugonis de Voyrone ut per litteras domini et ipsius
                                    quas reddit ut <lb/> supra in frumento in quatuor somatis : XII
                                    sesterios vini </item>
                                <item> idem libravit ad expensas domini et domine factas per manum
                                    <lb/> magistri Iohannis de Maurianna ut per ipsius litteras
                                    redditas supra in frumento in quatuordecim somatis : XLII
                                    sesterios </item>
                                <item><lb/> item libravit Molario de <foreign>La Geleri</foreign>
                                    castellano Pontis Vele qui remanserant ibi in recessu domine
                                    comitisse et de <lb/> quibus ipse debet computare : VIII
                                    sesterios </item>
                                <item> in venditione ut infra : III<hi rend="sup">C</hi> XXXII
                                    sesterios </item>
                                <item> et restant <lb/> XXXVI sesterii vini, et remanent</item>
                            </list></p>
                    </div>
                </div>
                <div xml:id="anseres">
                    <head>anseres</head>
                    <p><lb/> idem reddit computum <list>
                            <item> de VI <sic>asseribus</sic> receptis apud Nigrum Montem de redditu
                                per annum, venduntur ut infra</item>
                        </list></p>
                </div>
                <div xml:id="galline">
                    <head>galline</head>
                    <p><lb/> idem reddit computum <list>
                            <item> de IIII<hi rend="sup">C</hi> XXV gallinis receptis in dicta
                                castellania Baugiaci de redditu per annum et consuetudine ut in
                                <lb/> computo precedenti</item>
                        </list></p>
                    <p> summa eadem : IIII<hi rend="sup">C</hi> XXV galline <list>
                            <item> de quibus <lb/> deducuntur XXXVI galline que debentur apud
                                    <foreign>Marcenna</foreign> per annum que includuntur in firma
                                prepositure <lb/> dicti loci </item>
                            <item> item libravit ad expensas domini et domine comitisse factas per
                                manum magistri Iohannis de Maurianna ut per litteras <lb/> ipsius
                                redditas ut supra in frumento : <lb/> II<hi rend="sup">C</hi> XIIII
                                gallinas </item>
                            <item> et restant : VIII<hi rend="sup">XX</hi> XV galline, et
                                remanent</item>
                        </list></p>
                </div>
                <div xml:id="pulli">
                    <head>pulli</head>
                    <p><lb/> idem reddit computum <list>
                            <item> de VIII pullis receptis in dicta castellania de redditu per
                                annum, venduntur ut infra</item>
                        </list></p>
                </div>
                <div xml:id="cera">
                    <head>cera</head>
                    <p><lb/> idem reddit computum <list>
                            <item> de XLIII libris cere receptis in dicta castellania de gardis per
                                annum ut in computo precedenti </item>
                            <item> de <lb/> I libra recepta de Girardo Fabri de
                                    <foreign>Valdrenays</foreign> de garda per annum de novo </item>
                            <item> de I libra recepta de dicto <foreign>Lo
                                    Bochaz</foreign><lb/><unclear>Rich[ini]</unclear> de garda per
                                annum de novo </item>
                            <item> de I libra recepta ab eodem que remanserat in alio computo
                                computanda </item>
                            <item> de <lb/> I libra recepta <add place="interlinear">de</add>
                                Iohanneto <foreign>Minguet</foreign> de garda de novo per
                                annum</item>
                        </list></p>
                    <p><lb/> summa : XLVII libre cere que deducuntur de septuaginta duabus libris
                        <lb/> cere que debentur singulis annis in festo beati Vincentii altari
                        ecclesie Sancti Vincentii Matisconensis et residuum <lb/> sibi alloquatur
                        infra in libratis, et sic eque de cera</p>
                </div>
                <div xml:id="panes">
                    <head>panes</head>
                    <p><lb/> idem reddit computum <list>
                            <item> de VII panibus receptis in dicta castellania de redditu per annum
                                deductis quatuordecim panibus qui <lb/> debentur apud
                                    <foreign>Marcenna</foreign> qui includuntur in firma prepositure
                                dicti loci, venduntur ut infra</item>
                        </list></p>
                </div>
                <div xml:id="fenum">
                    <head>fenum</head>
                    <p><lb/> idem reddit computum <list>
                            <item> de XI charratis feni receptis de exitu prati domini in bosco
                                Baugiaci hoc anno</item>
                        </list></p>
                    <div type="sub">
                        <head>arreragium</head>
                        <p><list>
                                <item> de VIII charratis <lb/> et dimidia feni receptis de
                                    remanentia sui computi precedentis </item>
                                <item> de quo libravit ut supra in avena mille et sexaginta quatuor
                                    <lb/> equis</item>
                            </list></p>
                    </div>
                </div>
                <div xml:id="denarii_census">
                    <head>denarii census</head>
                    <p><lb/> idem reddit computum <list>
                            <item> de XXIX libris XIX solidis obolo parisiensium <add
                                    place="interlinear">receptis</add> de redditu in dicta
                                castellania Baugiaci per annum </item>
                            <item> de XIX <lb/> libris VII solidis V denariis receptis de prato
                                nemoris Baugiaci per annum ut in particulis dicti extractus </item>
                            <item> de X libris XVI solidis VI denariis <lb/> receptis in dicta
                                castellania de talliis per annum et levantur in festo beati Andree
                                ut in particulis dicti extractus </item>
                            <item> de <lb/> CII libris XII solidis receptis in eadem castellania de
                                talliis que levantur duobus terminis per annum videlicet medietas in
                                augusto <lb/> et alia medietas in festo beati Andree </item>
                            <item> de XXXVII solidis V denariis receptis de garda per annum ut in
                                particulis <lb/> dicti extractus </item>
                            <item> de XI solidis VIII denariis receptis de recognitionibus per annum
                                ut in computo precedenti </item>
                            <item> de <milestone n="12" unit="vue"/><pb n="11"/><lb/> VII libris XVI
                                solidis III denariis receptis de teysis domorum et banchiis ville
                                Baugiaci per annum </item>
                            <item> de XII <add place="interlinear">denariis</add> receptis de domino
                                Hugone <lb/> de Via de redditu per annum post extentam </item>
                            <item> de VI solidis receptis de Hugoneto de Donno Martino pro eodem </item>
                            <item> de <lb/> VIII denariis receptis de Iohanne de Donno Martino pro
                                eodem </item>
                            <item> de II solidis receptis de Martina de <foreign>La
                                    Tortoreri</foreign> pro eodem </item>
                            <item><lb/> de XVI denariis receptis de Peroneto de Longo Verneto emptis
                                de Guillermo Rodulphi de Nigro Monte </item>
                            <item> de VIII denariis <lb/> receptis de Berardo de Donno Martino de
                                redditu de novo </item>
                            <item> de VI denariis receptis de dicta <foreign>La Chaveta</foreign>
                                pro eodem </item>
                            <item><lb/> de XII denariis receptis de relicta Iohannis
                                    <foreign>Berchat</foreign> pro eodem </item>
                            <item> de III solidis IX denariis receptis de illis qui tenent massum de
                                <lb/> Veyla ultra quatuor solidos novem denarios quos solvebant ante
                                et de quibus computatum est supra in denariis census per concordiam
                                <lb/> factam cum illis de Chavayria</item>
                        </list></p>
                    <p> summa : VIII<hi rend="sup">XX</hi> XIII lb. XVII s. II d. obol. par.</p>
                </div>
                <div xml:id="firme">
                    <head>firme</head>
                    <p><lb/> idem reddit computum <list>
                            <item> de C libris <add place="interlinear">viennensium</add> receptis
                                de firma leyde et coponagii mercati Baugiaci et parvi pedagii que
                                <lb/> levantur in nundinis dicti loci et banni vini quod venditur
                                prima die maii in dictis nundinis finienda in festo <lb/> beati
                                Iohannis baptiste anno <del rend="overstrike">no[nagesimo]</del>
                                CCC° </item>
                            <item> de XLVI libris receptis <add place="interlinear">de</add>
                                Laurentio filio Gileti de Baugiaco et de Guioneto <lb/> Martini pro
                                firma chacipollarie de Baugiaco finienda eodem termino </item>
                            <item> de XIX libris receptis a dicto <foreign>Golomart</foreign> de
                                <lb/> Replongio pro firma chacipollarie de Replonio finienda eodem
                                termino et respondet minus quam anno preterito <lb/> de LX solidis
                                quia amplius non potuit adcensari </item>
                            <item> de XII libris receptis de Ruffo <foreign>Bastet</foreign> pro
                                firma chacipollarie <lb/> de Manziaco finienda eodem termino </item>
                            <item> de XIIII libris receptis de Reynaudo Corbeti pro firma
                                chacipollarie <lb/> de <foreign>Ungers</foreign> finienda eodem
                                termino </item>
                            <item> de XVII libris receptis de Hugone de Foresta pro firma
                                chacipollarie Sancti Iohannis <lb/> supra Reyssousa finienda eodem
                                termino </item>
                            <item> de XXX libris VIII solidis III denariis receptis de Humberto
                                Destrilli pro firma chacipollarie <lb/> de Marcenna finienda eodem
                                termino deductis centum quatuor solidis novem denariis de redditu
                                per annum et septem solidis <lb/> pro recognitionibus per annum qui
                                debentur in dicta chacipollaria et qui includuntur in dicta firma </item>
                            <item> de VII solidis VI denariis receptis <lb/> de dicto
                                    <foreign>Masuer</foreign> pro eo quod sibi concessum est capere
                                perdrices in dicta castellania per annum </item>
                            <item> de IIII solidis receptis de Ogerio <foreign>Gardat</foreign><lb/>
                                pro eodem </item>
                            <item> de sex solidis quos solvebat Hugo <foreign>del Bochet</foreign>
                                pro eodem non computat quia fugiit </item>
                            <item> de III solidis receptis <lb/> de Reynaudo
                                    <foreign>Pellatier</foreign> pro eodem </item>
                            <item> de IIII solidis receptis de Peroneto <foreign>Iuglar</foreign>
                                pro eodem </item>
                            <item> de V solidis receptis de Stephano
                                    <lb/><foreign>Cristoblo</foreign> de firma pro eodem </item>
                            <item> de VI libris receptis de Berrardo Choleti et Iohanne
                                    <foreign>Bo</foreign> de exitu portagii ballarum per dictum
                                <lb/> tempus </item>
                            <item> de V solidis receptis de signaculo mensurarum per dictum tempus </item>
                            <item> de II solidis VI denariis receptis de Vincentio de
                                        <sic><foreign>Corssant</foreign></sic> pro duabus <lb/>
                                quartis vini quos debet per annum pro tanto venditis hoc anno </item>
                            <item> de XXV solidis receptis de locagio bancarum ante domum que fuit
                                <lb/> Gilleti de Baugiaco deductis tribus solidis qui
                                    <sic>debuntur</sic> domino pro banchagio et teysis per
                                annum</item>
                        </list></p>
                    <p><lb/> summa : XII<hi rend="sup">XX</hi> VII lb. IIII s. III d. vien. </p>
                </div>
                <div xml:id="laudes_et_vende">
                    <head>laudes vende</head>
                    <p><lb/> idem reddit computum <list>
                            <item> de IIII solidis VI denariis viennensium receptis de Perreto de
                                Cortestrillo pro terra empta de <foreign>Dapnon</foreign> de
                                    <foreign>Lessart</foreign><lb/> pretio triginta solidorum </item>
                            <item> de VI libris receptis de donno Iohanne <foreign>Palluel</foreign>
                                de Matiscone pro prato empto de Lamberto
                                    <foreign>Revullion</foreign><lb/> pretio quadraginta librarum </item>
                            <item> de VI libris receptis de Bernardo <foreign>Gison</foreign> pro
                                domo empta de Iohanne <foreign>Belliet</foreign> pretio quadraginta
                                librarum </item>
                            <item><lb/> de IX solidis receptis de Guione <foreign>Morer</foreign>
                                pro terra empta de <foreign>Amiart</foreign> de Bosco pretio
                                sexaginta solidorum </item>
                            <item> de LXIII solidis receptis <lb/> de Bartholomeo de
                                    <foreign>Manzia</foreign> pro domo empta de Martino Cocheti
                                pretio viginti <sic>una</sic> librarum </item>
                            <item> de IIII solidis VI denariis receptis de <lb/> Guillermeto
                                Guigniardi pro terra empta de Martino <foreign>Loysia</foreign>
                                pretio triginta solidorum </item>
                            <item> de V solidis receptis de Iohanneto <foreign>Borier</foreign><lb/>
                                de <foreign>Ungers</foreign> pro terra empta de liberis Stephani
                                    <foreign>Chavannat</foreign> pretio triginta trium solidorum </item>
                            <item> de VI solidis receptis de Hugone <lb/> Buclerii pro terra empta
                                de liberis Stephani <foreign>Chavannat</foreign> pretio quadraginta
                                solidorum </item>
                            <item> de III solidis <add place="interlinear">II denariis</add>
                                receptis de <foreign>Gauteron</foreign> de
                                    <lb/><foreign>Viliers</foreign> pro terra empta de Hugoneto
                                    <foreign>Ossanel</foreign> pretio viginti uno solidorum </item>
                            <item> de XVIII denariis receptis de Hugone Clareti pro terra <lb/>
                                empta de Hugone <foreign>Osanel</foreign> pretio novem solidorum </item>
                            <item> de XVI solidis receptis de Guillermeto <foreign>Rolin</foreign>
                                pro terra empta de Iohanneto de <lb/><foreign>La Rua</foreign>
                                pretio centum sex solidorum </item>
                            <item> de II solidis VI denariis receptis de Cristineto
                                    <foreign>Mercant</foreign> pro terra empta de Hugone
                                    <foreign>Morer</foreign> pretio <lb/> sexdecim solidorum </item>
                            <item> de III solidis IX denariis receptis de Bolerio de Baysimema pro
                                prato empto de Hugone de Veyla pretio viginti quinque <lb/>
                                solidorum </item>
                            <item> de VI solidis receptis de <foreign>Trolliaton</foreign> de
                                    <foreign>Manzia</foreign> pro terra empta de liberis fornerii
                                pretio quadraginta solidorum </item>
                            <item> de III solidis <lb/> IX denariis receptis de Guichardo de Furno
                                pro terra empta de Peroneto Trollieti<foreign> </foreign>pretio
                                viginti quinque solidorum </item>
                            <item> de XV solidis <lb/> receptis de Peroneto <foreign>Talon</foreign>
                                pro terra empta de Iohanneto Belini pretio centum solidorum </item>
                            <item> de XXXVI solidis IX denariis receptis de <lb/> Bernardo Cocheti
                                et de Iohanneto Sala pro prato empto de Bernardo
                                    <foreign>Gison</foreign> pretio duodecim librarum <add
                                    place="interlinear">quinque solidorum</add></item>
                            <item> de IIII solidis II denariis <lb/> receptis de
                                    <foreign>Girardan</foreign><unclear>Ay[v]oleri</unclear> pro
                                medietate laudium gagerie empte de Iohanneto <foreign>Lo
                                    Noblo</foreign> pretio quinquaginta trium solidorum </item>
                            <item> de XXII solidis VI denariis receptis de Hugoneto de Sancto
                                Martino pro prato empto de filio Hugonis de Moneta pretio septem
                                librarum decem solidorum </item>
                            <item><lb/> de XVIII solidis receptis de relicta Iohannis
                                    <foreign>Berchat</foreign> pro prato empto de donno Hugone de
                                Via pretio sex librarum </item>
                            <item> de XII solidis <lb/> VII denariis receptis de Stephano Albi pro
                                terra empta de Guillermeto Garri pretio quatuor librarum quatuor
                                solidorum </item>
                            <item> de III solidis receptis de <lb/> liberis <foreign>al
                                    Sire</foreign> de Curtestrillia pro terra empta de Iohanneto
                                    <foreign>Petit</foreign> pretio viginti solidorum </item>
                            <item> de VI solidis IX denariis receptis de <lb/> liberis
                                    <foreign>Artol</foreign> de <foreign>Dronollies</foreign> pro
                                terra empta de Martino <foreign>Dorrer</foreign> pretio quadraginta
                                quinque solidorum </item>
                            <item> de III solidis IX denariis <lb/> receptis de Bernardo
                                    <foreign>Malveyr</foreign> pro domo empta de Iohanneto
                                    <foreign>del Sablion</foreign> pretio viginti quinque solidorum </item>
                            <item> de <lb/> XI solidis VI denariis receptis de Peroneto filio
                                    <foreign>Poncin</foreign> pro terra empta de Clementia de Nigro
                                Monte pretio sexaginta quindecim solidorum </item>
                            <item><lb/> de IIII solidis VI denariis receptis de Guioneto
                                    <foreign>Morer</foreign> pro terra empta <add
                                    place="interlinear">de</add> Hugone de Bosco pretio triginta
                                solidorum </item>
                            <item> de VI libris <lb/> receptis de <sic>Iohanneneto</sic> de Donno
                                Martino pro domo empta de Iohannino <foreign>La Viola</foreign>
                                pretio quadraginta librarum </item>
                            <item> de <lb/> VII solidis VI denariis receptis de Berrardo de Donno
                                Martino pro prato empto de relicta Guillermeti de <foreign>Pra
                                    Borsenc</foreign> pretio quinquaginta <lb/> solidorum </item>
                            <item> de II solidis receptis de Iocerando de
                                    <foreign>Corceles</foreign> pro terra empta de Iohanneta de
                                Monte <foreign>Rachier</foreign> pretio duodecim <lb/> solidorum </item>
                            <item> de VIII solidis receptis de Bernardo Cocheti pro terra empta de
                                dicto <foreign>Lo Marinier</foreign> pretio quinquaginta trium
                                solidorum </item>
                            <item><lb/> de IIII solidis VI denariis receptis de Hugone
                                    <foreign>Milliera</foreign> pro terra empta de filio
                                    <foreign>Palmier</foreign> pretio triginta solidorum </item>
                            <item> de XXX solidis <lb/> receptis de <foreign>Bernardon
                                    Lardon</foreign> pro domo empta de magistro Stephano Falqueti
                                pretio decem librarum </item>
                            <item> de XV solidis receptis de <lb/> Aymoneto Boverii pro terra empta
                                de Giroudo de Media Via pretio centum solidorum </item>
                            <item> de XVI solidis VI denariis receptis <lb/> de Petito de
                                    <foreign>Mont Cut</foreign> pro prato empto de
                                    <foreign>Landrir</foreign> de <foreign>Mont Cut</foreign> pretio
                                centum et decem solidorum </item>
                            <item> de IX solidis receptis de <lb/> Iohanneta filia Stephani
                                    <foreign>Lo Chat</foreign> pro terra empta de Marieta
                                consanguinea sua pretio sexaginta solidorum </item>
                            <item> de VI solidis receptis <lb/> de Hugone de Piro pro prato empto de
                                Stephaneta <foreign>Chavanella</foreign> pretio quadraginta
                                solidorum </item>
                            <item> de VII solidis VI denariis receptis de <lb/> Iohanneto
                                    <foreign>Lo Serour</foreign> pro terra empta de Guillermeto
                                    <foreign>Mollion</foreign> pretio quinquaginta solidorum </item>
                            <item> de IIII solidis VIII denariis receptis de dicto <lb/> Iohanneto
                                pro terra empta de Iohanneto <foreign>Mollion</foreign> pretio
                                triginta <sic>uno</sic> solidorum </item>
                            <item> de IX solidis receptis de Iohanneto <foreign>Rosset</foreign> pro
                                medietate <lb/> laudium de gageria empta de Stephano de
                                    <foreign>Charpeney</foreign> pretio sex librarum </item>
                            <item> de V solidis III denariis receptis de <foreign>Anrion</foreign>
                                de <lb/><unclear><foreign>Les Ga[rau]dieres</foreign></unclear> pro
                                terra empta de filio <foreign>a La Volieri</foreign> pretio triginta
                                quinque solidorum </item>
                            <item> de XXXIIII solidis VI denariis receptis de Iohanne Bovis <lb/> de
                                Baugiaco pro domo empta de Iohanneto <foreign>Meistregui</foreign>
                                et de Stephano <foreign>Sospier</foreign> pretio <sic>viginta</sic>
                                una librarum decem solidorum </item>
                            <item> de <lb/> VII solidis VI denariis receptis de Martino Cocheti pro
                                terra empta de uxore Ogereti Munerii pretio quinquaginta solidorum </item>
                            <item> de XIII denariis <lb/> receptis de <foreign>Dapnon</foreign> de
                                    <foreign>Lessart</foreign> pro prato empto de dicta <foreign>La
                                    Sayni</foreign> pretio septem solidorum </item>
                            <item> de XXII denariis receptis de Ogereto <lb/> de Replonio pro terra
                                empta de <foreign>Marinier</foreign> pretio duodecim solidorum </item>
                            <item> de V solidis VI denariis receptis de Stephano
                                    <foreign>Pallier</foreign> pro <lb/> terra empta de Stephano
                                Dalphini pretio triginta septem solidorum </item>
                            <item> de VI solidis receptis de Guillermeto <foreign>Bovier</foreign>
                                pro terra <lb/> empta de liberis Iohannis Ruffi pretio quadraginta
                                solidorum </item>
                            <item> de V solidis IX denariis receptis de Hugone
                                    <foreign>Bollier</foreign> pro terra empta de <lb/> filio
                                monachi pretio quadraginta quinque solidorum </item>
                            <item> de V solidis VI denariis receptis de Iohanneto de
                                    <foreign>Champfail</foreign> pro terra empta de <lb/> dicto
                                    <foreign>Poutri</foreign> pretio triginta septem solidorum </item>
                            <item> de XII solidis receptis de liberis Iohannis
                                    <foreign>Petit</foreign> de <foreign>Cort</foreign> pro terra
                                empta de <lb/> Guieta filia Perrini pretio quatuor librarum </item>
                            <item> de VI solidis II denariis receptis de Guillermeto Buzondi pro
                                terra empta de filiabus <lb/> Iohannis Ruffi pretio quadraginta
                                unius solidorum </item>
                            <item> de III solidis receptis de <foreign>La Perrauda</foreign> de
                                    <foreign>Chastelet</foreign> pro terra empta de <lb/> liberis
                                Garini de Chasteleto pretio viginti solidorum </item>
                            <item> de XII solidis VI denariis receptis de dicto Cristino pro terra
                                empta <lb/> de filio Perrini de <foreign>Cort</foreign> pretio
                                quatuor librarum trium solidorum </item>
                            <item> de XIIII solidis III denariis receptis de Guillermeto de
                                    <foreign>La Colunga</foreign><lb/> pro domo empta de liberis
                                Berrardi de Siligniaco pretio quatuor librarum quindecim solidorum </item>
                            <item> de II solidis receptis de relicta <lb/> Moreti pro terra empta de
                                Girardo de Bosco pretio tresdecim solidorum </item>
                            <item> de XI denariis receptis de Guillermeto
                                <foreign>Chasier</foreign><lb/> pro terra empta de
                                    <foreign>Finan</foreign> de <foreign>Luaysi</foreign> pretio sex
                                solidorum </item>
                            <item> de V solidis receptis de Guioneto de <foreign>Roniuel</foreign>
                                pro terra empta <lb/> de Iohanneto fratre suo pretio quadraginta
                                solidorum </item>
                            <item> de III solidis VI denariis receptis de Guillermeto filio Ruffe
                                pro terra empta de <lb/> Amiart de Bosco pretio viginti duorum
                                solidorum </item>
                            <item> de VI solidis VIII denariis receptis de Durando de Campis pro
                                terra <lb/> empta de Humberto <foreign>Sibil</foreign> et de
                                    <foreign>Trolliaton</foreign> pretio quadraginta quatuor
                                solidorum </item>
                            <item> de IX solidis receptis de Hugonino questore <lb/> pro terra empta
                                de sorore Digneti pretio sexaginta solidorum </item>
                            <item> de XXI denariis receptis de Guillermeto Charpi pro terra <lb/>
                                empta de Anthonia Meyssoneri pretio undecim solidorum </item>
                            <item> de II solidis III denariis receptis de Stephaneta <foreign>La
                                    Prenela</foreign><lb/> pro terra empta de Guillermeto
                                    <foreign>Arembor</foreign> pretio quindecim solidorum </item>
                            <item> de VI libris receptis de Guioneto Fieti <lb/> pro vinea empta de
                                Iohannino <foreign>La Viola</foreign> pretio quadraginta librarum </item>
                            <item> de X solidis receptis de Stephano <foreign>Bigot</foreign> pro
                                rebus <milestone n="13" unit="vue"/><pb n="12"/><lb/> emptis de
                                Ysabella eius <del rend="overstrike"><sic>amitta</sic> pretio LX
                                    VI</del> sexaginta sex solidorum </item>
                            <item> de XVIII denariis receptis de Hugone Tavernati pro terra <lb/>
                                empta de Iohanneto filio <foreign>al <unclear>G[rant]det
                                        Pre[n]el</unclear></foreign> pretio decem solidorum sex
                                denariorum </item>
                            <item> de XXI solidis receptis de Ruffo <lb/><foreign>Bastet</foreign>
                                pro terra empta de Stephano <foreign>Lo Gentan</foreign> pretio
                                septem librarum </item>
                            <item> de IX solidis receptis de magistro Iohanne de Baugiaco <lb/> de
                                medietate laudium pro gageria empta de
                                    <sic>Guillermeti</sic><foreign>Cholet</foreign> pretio sex
                                librarum </item>
                            <item> de V solidis IX denariis receptis de eodem <lb/> magistro Iohanne
                                pro terra empta de Iuliano Fornerii </item>
                            <item> de XVIII denariis receptis de eodem pro peda empta de Galtero
                                    <lb/><foreign>Crullen</foreign> in macello pretio decem
                                solidorum</item>
                        </list></p>
                    <p><lb/> summa : LIII lb. VII s. VI d. vien. </p>
                </div>
                <div xml:id="banna_et_clame">
                    <head>banna</head>
                    <p><lb/> idem reddit computum <list>
                            <item> de X solidis receptis de filio Magnini quia abstulit pecuniam
                                cuidam mulieri </item>
                            <item> de XX solidis <lb/> receptis de
                                    <sic>Guchardo</sic><foreign>Bollier</foreign> quia propria
                                auctoritate pignoravit quemdam pastorem </item>
                            <item> de XL solidis receptis de Iohanneto <lb/><foreign>Lo
                                    Despulli</foreign> quia accepit quandam roncinam fratri sui
                                preter eius voluntatem </item>
                            <item> de XV solidis receptis de Peroneto <lb/> filio Bernardi Giroudi
                                quia cepit quandam gerbam in messe aliena </item>
                            <item> de XX solidis receptis de magistro Petro <lb/> de Fuyssiaco quia
                                credebat violare quandam mulierem </item>
                            <item> de XX solidis receptis de bastardo <foreign>al Crop</foreign> de
                                    <foreign>Fellinz</foreign><lb/> quia cepit furtive quandam
                                taravellam </item>
                            <item> de IIII libris receptis de liberis Iohannis
                                    <foreign>Rossat</foreign> pro fractura saysine </item>
                            <item> de XX solidis receptis de garcifero domini Reynaudi de Luniaco
                                quia ceperat boscum alienum </item>
                            <item><lb/> de XX solidis receptis de Berrardo filio Iaquemeti de Monte
                                    <foreign>Grimont</foreign> quia ceperat boscum alienum </item>
                            <item> de <lb/> XXX solidis receptis de dicto
                                        <unclear><foreign>B[erc]het</foreign></unclear> de
                                    <foreign>Dronollies</foreign> quia inpediverat iter publicum </item>
                            <item> de XXX solidis receptis de <lb/> Durando
                                    <foreign>Groton</foreign> pro eodem </item>
                            <item> de XXX solidis receptis de Moyrondo de <foreign>Fay</foreign> pro
                                eodem </item>
                            <item> de XV solidis receptis <lb/> de Iohanneto de Furno de
                                    <foreign>Manzia</foreign> quia celavit rem inventam alienam </item>
                            <item> de XX solidis receptis de Iohanneto
                                    <lb/><foreign>Bollier</foreign> pro fractura saysine </item>
                            <item> de XXX solidis receptis de eodem Iohanneto quia fecit sanguinem
                                cuidam clerico de <lb/> Bisuntino </item>
                            <item> de V solidis receptis de dicto <foreign>Chavi</foreign> de Torna
                                quia percussit quendam hominem </item>
                            <item> de XX solidis <lb/> receptis de Guillermeto de Comba de
                                    <foreign>Manzia</foreign> quia terralliaverat iter publicum </item>
                            <item> de XX solidis receptis de Martino de <lb/> Vavrelli quia
                                scinderat salices alienas </item>
                            <item> de XXX solidis receptis de Bochardo de <foreign>La
                                    Limagni</foreign> quia obstruxerat <lb/> pascua communa </item>
                            <item> de XXX solidis receptis de Ogerio de <foreign>Chasauz</foreign>
                                pro eodem </item>
                            <item> de VII libris X solidis receptis de Aymoneto
                                    <lb/><foreign>Niseron</foreign> quia verberaverat quamdam
                                mulierem et fregerat saysinam pro se et sociis suis </item>
                            <item> de X solidis receptis de <lb/> Peroneto <foreign>Brunat</foreign>
                                quia araverat terram alienam </item>
                            <item> de XL solidis receptis de dicto Marbo de Matiscone quia fuit
                                <lb/> inventus in adulterio </item>
                            <item> de VII libris receptis de Stephaneto preposito domini Rabucelli
                                militis pro eodem </item>
                            <item> de IIII libris <lb/> X solidis receptis de dicto
                                    <foreign>Ferrant</foreign> de Templo de <foreign>La
                                    Mucia</foreign> pro eodem </item>
                            <item> de XV solidis receptis de Martina Graffagni <lb/> quia
                                    <sic>apropriabat</sic> sibi indebite terram alienam </item>
                            <item> de X solidis receptis de Bochardo de <foreign>Corceles</foreign>
                                quia invenit panem <lb/> alienum et celavit ipsum </item>
                            <item> de C solidis receptis de Henrico de <foreign>Beyvers</foreign> et
                                de dicto <foreign>Bidout</foreign> quia occupaverunt <lb/> itinera
                                publica </item>
                            <item> de X solidis receptis de Iohanne de Villa quia ceperat rem
                                alienam </item>
                            <item> de X solidis receptis <lb/> de filio <foreign>Ruchinart</foreign>
                                quia abstulit leporem quibusdam pastoribus </item>
                            <item> de XXX solidis receptis de Hugoneto Passeti <lb/> quia ceperat
                                iter publicum cum terra sua </item>
                            <item> de XL solidis receptis de uxore Peroneti
                                    <foreign>Cholet</foreign> quia verberavit quandam <lb/> mulierem
                                usque ad effusionem sanguinis </item>
                            <item> de XXX solidis receptis de <foreign>Bernardan</foreign> de
                                    <foreign>Bruz</foreign> quia ceperat gallinam alienam </item>
                            <item><lb/> de XX solidis receptis de Peroneto filio Balbi de
                                    <foreign>Channenz</foreign> quia ceperat sibi iter publicum </item>
                            <item> de XX solidis receptis <lb/> de Stephano de <foreign>La
                                    Clay</foreign> quia percussit quendam alium </item>
                            <item> de XX solidis receptis de Girardo <foreign>Crepel</foreign> pro
                                fractura saysine </item>
                            <item><lb/> de XLV solidis receptis de Stephano de <foreign>Le
                                    Beveres</foreign> pro banno sanguinis </item>
                            <item> de LX solidis receptis de Hugone de
                                <foreign>Bochat</foreign><lb/> quia accusatus fuerat de furto </item>
                            <item> de XXX solidis receptis de Guichardo Fabri quia scindit ioclas
                                boum alienorum </item>
                            <item><lb/> de XXX solidis receptis de liberis Iohannis <foreign>Lo
                                    Grant</foreign> de <foreign>Corz</foreign> quia terralliaverant
                                iter publicum </item>
                            <item> de XXX solidis receptis de Guioneto <lb/> de
                                        <unclear><foreign>Lesi[n]arz</foreign></unclear> pro
                                fractura saysine </item>
                            <item> de XXXV solidis receptis de illis de <foreign>Les
                                    Mollies</foreign> pro eodem </item>
                            <item> de XX solidis <lb/> receptis de Naymone de Monte
                                    <foreign>Grigniont</foreign> quia terralliaverat iter publicum </item>
                            <item> de XL solidis receptis de Peroneto Odonis quia <lb/> misit manum
                                suam malitiose supra quendam hominem in publico foro </item>
                            <item> de XX solidis receptis de Galterio Raffanelli quia <lb/>
                                terralliaverat iter publicum </item>
                            <item> de XXX solidis receptis de dicto <foreign>Charamel</foreign> quia
                                scinderat pirum alienam </item>
                            <item> de <lb/> XXX solidis receptis de dicto <foreign>Godart</foreign>
                                de <sic><foreign>Corssant</foreign></sic> quia permutaverat
                                    <sic>lingonem</sic> suum ad alienum propria auctoritate </item>
                            <item> de <lb/> XXX solidis receptis de Guioneto et Hugoneto de
                                    <foreign>Corceletes</foreign> pro fractura saysine </item>
                            <item> de XX solidis receptis de Peroneto <lb/><foreign>Mayer</foreign>
                                quia impediverat iter publicum </item>
                            <item> de XXX solidis receptis de Ogerio <foreign>Lever</foreign> quia
                                terralliaverat terram <lb/> alienam </item>
                            <item> de XL solidis receptis de Hugone <foreign>Bollier</foreign> de
                                    <foreign>Ongers</foreign> quia scinderat arborem alienam </item>
                            <item> de XX solidis <lb/> receptis de uxore
                                    <foreign>Iohannart</foreign> de <foreign>Villies</foreign> quia
                                percusserat et fecit sanguinem dicte <foreign>La
                                Luochi</foreign></item>
                            <item> de IIII libris <add place="interlinear">X solidis</add> receptis
                                <lb/> de Grilleto renduto de hospitali de Replonio quia capiebat res
                                dicti hospitalis preter voluntatem magistri hospitalis </item>
                            <item><lb/> de XX solidis receptis de dicto <foreign>Minion</foreign>
                                pro banno sanguinis </item>
                            <item> de XX solidis receptis de liberis Ruffe de Replonio quia <lb/>
                                celaverat solvendi laudes quos debebat domino </item>
                            <item> de LX solidis receptis de Boquerio de Vallibus quia juverat ad
                                <lb/> capiendum quendam hominem propria auctoritate </item>
                            <item> de LX solidis receptis de <add place="interlinear"
                                    >filio</add><foreign>Aymonon</foreign> de Brueriis quia
                                apropriaverat <lb/> sibi pascua communa </item>
                            <item> de LX solidis receptis de Guioneto Carrichi quia obstruxerat vias
                                publicas </item>
                            <item> de XX <lb/> solidis receptis de Hugone Udrici pro eodem </item>
                            <item> de LX solidis receptis de Guioneto Martini pro banno periurii </item>
                            <item> de LX solidis <lb/> receptis de muniero Bartholomei Tardi quia
                                interfecit quendam canem </item>
                            <item> de XL solidis receptis de filio uxoris Coyffi pro banno <lb/>
                                sanguinis </item>
                            <item> de C solidis receptis de liberis <foreign>Gaydon</foreign> quia
                                reduxerunt quendam bannitum in domo sua</item>
                        </list></p>
                    <div type="sub">
                        <head>clame</head>
                        <p><lb/> idem reddit computum <list>
                                <item> de XIIII libris IIII solidis receptis de saysinis et pluribus
                                    clamis trium solidorum et inferius per dictum <lb/> tempus ut in
                                    particulis </item>
                                <item> de C solidis receptis de Bornone de
                                        <foreign>Marchiant</foreign> quia verberaverat quendam
                                    hominem <lb/> domini</item>
                            </list></p>
                    </div>
                    <div>
                        <p><del rend="overstrike">summa</del> summa : VI<hi rend="sup">XX</hi> II
                            lb. XII s. vien. deductis tresdecim libris pro parte <lb/> castellani
                            capientis in qualibet libra duos solidos </p>
                    </div>
                </div>
                <div xml:id="recedentes_et_escheyte">
                    <head>recedentes et echeyte </head>
                    <p><lb/> idem reddit computum <list>
                            <item> de X solidis viennensium receptis de bonis liberorum Guidonis
                                    <foreign>Lo Dongnion</foreign> qui a patria recesserunt per
                                <lb/> manum Peroneti Chaberti </item>
                            <item> de V solidis receptis per manum Ogerii de
                                    <foreign>Corcelestes</foreign> de bonis Iohannete de Monte
                                    <lb/><foreign>Rachier</foreign> que recessit </item>
                            <item> de XV solidis receptis per manum Hugoneti
                                    <foreign>Milliera</foreign> de bonis filii
                                    <foreign>Palmer</foreign> qui recessit </item>
                            <item><lb/> de XXX solidis receptis per manum Iohannete filie Stephanete
                                    <foreign>Chat</foreign> de bonis Martine eius cognate que
                                recessit </item>
                            <item><lb/> de XX solidis receptis per manum Hugonis
                                    <foreign>Bolier</foreign> de bonis Ponceti filii Monachi qui
                                recessit </item>
                            <item> de XX solidis receptis <lb/> per manum Iohannis Parvi de
                                    <foreign>Cort</foreign> de bonis filie Perrini de
                                    <foreign>Cort</foreign> que recessit </item>
                            <item> de X solidis receptis per manum <foreign>a
                                    La</foreign><lb/><foreign>Perrauda</foreign> de bonis liberorum
                                Garini de Castelleto </item>
                            <item> de X solidis receptis per manum Laurentii de
                                    <foreign>Sorour</foreign> de bonis <lb/> Guillermi
                                    <foreign>Mollion</foreign> qui recessit </item>
                            <item> de C solidis receptis per manum Stephani <foreign>Bigot</foreign>
                                de bonis Ysabelle uxoris
                                    <foreign>Perraut</foreign><lb/><foreign>Bigot</foreign> que
                                recessit </item>
                            <item> de XXV solidis receptis per manum Iohannis
                                    <foreign>Rosset</foreign> et filii Humberti
                                    <foreign>Bochart</foreign> de bonis
                                    <lb/><foreign>al</foreign><foreign>Polomars</foreign> de
                                Chatelleto qui recesserunt </item>
                            <item> de XVI libris receptis de Guidone de
                                    <foreign>Corcelletes</foreign> et de Hugone <lb/> Pellatario et
                                fratribus suis pro masso <foreign>al Martinaz</foreign> quem dicebat
                                castellanus fore commissum domino ultra sexaginta solidos <lb/> quos
                                expendidit castellanus in causa pro dicto masso quesendo ut
                                dicit</item>
                        </list></p>
                    <p><lb/> summa : XXVIII lb. V s.</p>
                </div>
                <div xml:id="inventa">
                    <head>inventa</head>
                    <p><lb/> idem reddit computum <list>
                            <item> de XII denariis receptis de uno porceleto invento pro tanto
                                vendito</item>
                        </list></p>
                    <p><lb/> summa eadem : XII d. vien.</p>
                </div>
                <div xml:id="iudei">
                    <head>Iudei </head>
                    <p><lb/> idem reddit computum <list>
                            <item> de XL solidis receptis de Vivando Iudeo et eius filiis pro censa
                                sua in festo beate Marie Magdalene </item>
                            <item><lb/> de VI libris receptis de Giseroto Iudeo pro censa sua eodem
                                termino </item>
                            <item> de LX solidis receptis de Bella Iudea morante <lb/> apud
                                    <sic>Masticonem</sic> pro duobus florinis auri quos debet per
                                annum pro garda ut in computo precedenti</item>
                        </list></p>
                    <p><lb/> summa : XI lb. vien.</p>
                </div>
                <div xml:id="venditiones">
                    <head>venditiones</head>
                    <p><lb/> idem reddit computum <list>
                            <item> de XIX libris receptis de quadraginta meyteriis frumenti venditis
                                ut supra de quibus viginti venduntur <lb/> quodlibet decem solidis
                                et alia viginti quodlibet novem solidis </item>
                            <item> de LXXV libris VII solidis receptis de ducentis quadraginta <lb/>
                                septem meyteriis siliginis venditis ut supra de quibus quadraginta
                                septem meyteria venduntur quodlibet quinque solidis novem denariis
                                <lb/> et centum meyteria quodlibet sex solidis tribus denariis et
                                centum sex solidis sex denariis deductis sex meyteriis pro getis </item>
                            <item><lb/> de XV solidis receptis de viginti septem moyssellis canabi
                                venditis ut supra pro tanto </item>
                            <item> de XXXVIII libris <lb/> receptis de tercentum triginta duobus
                                sesteriis vini venditis ut supra ad diversa pretia </item>
                            <item> de IIII solidis VI denariis receptis <lb/> de sex
                                    <sic>ansseribus</sic> venditis ut supra qualibet vendita novem
                                denariis </item>
                            <item> de XII denariis receptis de octo pullis venditis ut supra <lb/>
                                pro tanto </item>
                            <item> de VII solidis receptis de septem panibus venditis ut supra pro
                                tanto </item>
                            <item><sic> de</sic></item>
                        </list></p>
                    <p><lb/> summa : VI<hi rend="sup">XX</hi> XIII lb. XIIII s. VI d. vien. </p>
                </div>
                <milestone n="14" unit="vue"/>
                <pb n="13"/>
                <div xml:id="corvagium">
                    <head>corvagium </head>
                    <p><lb/> idem reddit computum <list>
                            <item> de XIII libris viennensium receptis de exitu corvagii in
                                castellania Baugiaci levati per manus chacipollorum <lb/> ultra
                                centum sex libras decem octo solidos de quibus computavit in computo
                                precedenti, tamen non ostendit particulas : iniunctum est sibi ut in
                                primo <lb/> computo suo respondeat per particulas</item>
                        </list></p>
                    <p> summa eadem : XIII lb. vien.</p>
                </div>
                <div xml:id="bilan_recepte">
                    <p><lb/> summa totius recepte : VIII<hi rend="sup">XX</hi> XIII lb. XVII s. II
                        d. ob. par. et VI<hi rend="sup">C</hi> IX lb. IIII s. III d. vien.</p>
                </div>
            </div>
            <div xml:id="expense_et_librate">
                <div xml:id="expense">
                    <p><list>
                            <item> de quibus <lb/> in tectis domorum castri recoperiendis ponte
                                aptando chaffalo retro salam qui minabatur ruinam appodiando ut in
                                particulis : XV solidos <lb/> X denarios </item>
                            <item> in pane dato boveriis adducentibus bladum domini de vilagiis apud
                                Baugiacum : X solidos </item>
                            <item> pro blado veteri <lb/> transmutando et<note> Il y a ici un appel
                                    de note, que l’on retrouve tel quel dans la marge gauche.</note>
                                vanando de castro in villam : IIII libras V solidos VI denarios </item>
                            <item> in locagio domorum in quibus repositum <lb/> est dictum bladum
                                scilicet frumentum siligo et avena : LVI solidos </item>
                            <item> pro banchis mercerie aptandis et logia desuper recoperienda <lb/>
                                et appodianda : VIII solidos </item>
                            <item> in prandio hominum apportantium servitia et usagia domini ad
                                castrum tertia die natalis Domini : <lb/> IIII solidos X denarios </item>
                            <item> in expensis hominum calcantium et fenantium pratum domini in
                                nemore Baugiaci et pane dato boveriis <lb/> adducentibus dictum
                                fenum et pro ipso reponendo in grangiam : XVIII solidos </item>
                            <item> in vindemia domini decime recolligenda et aportanda <lb/> ad
                                cellarium tynis et doliis religandis et vino in doliis reponendo et
                                circulis emptis ad idem : XXXVII solidos VI denarios </item>
                            <item><lb/> in quodam foramine quod evenerat in calcia stanni de
                                    <foreign>Chivrous</foreign> emendando et osturando et quadam
                                calciata caffata ante <lb/> et circa tuffum ut in particulis : L
                                solidos V denarios </item>
                            <item> in duobus foraminibus que evenerant de novo in dechargiatoriis
                                <lb/> calciate stanni de Baugiaco hoc anno aptandis et obsturandis
                                ut in particulis : LIIII solidos XI denarios </item>
                            <item> in sepibus factis circa <lb/> servas subtus stannum Baugiaci et
                                pro sepe facta subtus dechargiatores : XVIII solidos VIII denarios </item>
                            <item> in centum plençonibus <lb/> salicis plantatis iuxta servas : IIII
                                solidos </item>
                            <item> pro uno molendino facto …<note> On a laissé une ligne et demie en
                                    blanc, peut-être parce que la dépense n’était pas immédiatement
                                    recevable et dans l’attente d’un justificatif
                                ultérieur.</note></item>
                            <item><lb/> in una mola empta ad molendina stanni : XX solidos VIII
                                denarios </item>
                            <item> in stipendiis plurium nuntiorum missorum pro <lb/> mandamentis et
                                    <sic>contramandementis</sic> extra castellaniam suam : XXXIII
                                solidos V denarios </item>
                            <item> pro lignis scindendis in nemoribus pro <lb/> carroneria per unum
                                    <add place="interlinear">annum</add> finitum in paschate de
                                quibus cocte sunt septem <sic>fornates</sic> carronorum ut in
                                particulis : XXXII libras <lb/> XIX solidos IX denarios </item>
                            <item> in locagio curruum et cadrigarum aportantium dicta ligna de
                                nemore de Montillia ultra triginta <lb/> tres libras tresdecim
                                solidos sex denarios quos habuit ab hominibus domini in castellania
                                Baugiaci qui debent corvatas et fuerunt levati <lb/> pro quolibet
                                bove decem et octo denarii et pro homine habente <del
                                    rend="overstrike">d[ecem]</del> lingonem decem et octo denarii
                                et ultra viginti septem solidos sex denarios <lb/> receptis de
                                spinis dicti nemoris venditis pro tanto : XXVI libras VIII solidos I
                                denarium viennensium </item>
                            <item> pro grangia carronerie <lb/> recoperienda et <add
                                    place="interlinear"><del rend="overstrike">coloyis</del>
                                    cloeys</add> emptis ad idem : XXXVI solidos III denarios
                                viennensium </item>
                            <item> pro fossatis de terreriis reffossandis ad <lb/> evacuandum aquam
                                de fossis ubi trahitur terra pro carronibus : XV solidos II denarios </item>
                            <item> idem libravit Giroudo carronerio <lb/> pro supradictis septem
                                fornacibus carronorum faciendis et coquendis et dantur ei pro
                                qualibet fornata que debet continere <lb/> viginti duo miliaria
                                carronum septem libre tres solidi inclusa una fornata
                                        <sic><foreign>caronon</foreign></sic> Iohannis
                                    <foreign>Dadin</foreign> : L libras XII denarios </item>
                            <item><lb/> pro sablone adducendo ad dictam carroneriam : XXXVI solidos </item>
                            <item> in arcubus furni dicte carronerie reficiendis <lb/> per dictum
                                tempus : XXXVI solidos </item>
                            <item> pro quatuor <del rend="overstrike">nat</del> navatis et dimidio
                                lapidum adducendis ad carroneriam de rippa <lb/> Sagone pro
                                    <sic>scalce</sic> facienda : IIII libras XVIII denarios </item>
                            <item> in curata facienda ubi poypia et murus <sic>dirruerunt</sic><lb/>
                                in fossatis castri pro terra admovenda et postea aportanda infra
                                murum ad implendum quod dirruerat ut in <lb/> particulis nec est
                                adhuc completum ymo fit <unclear>co[t]hidie si[cut] [mu]rus
                                    levatur</unclear> : XXXVI libras XVII solidos X denarios </item>
                            <item> in <lb/> expensis unius latronis et unius latronisse quos tenuit
                                per septem <sic>septimanis</sic> : X solidos IX denarios </item>
                            <item> in stipendiis ipsius castellani <lb/> per unum annum finiendum
                                undecimo kalendas iunii anno M<hi rend="sup">o</hi> CCC<hi
                                    rend="sup">o</hi> per conventionem factam cum eo : XXV libras
                                viennensium</item>
                        </list></p>
                    <p><lb/> summa expense : II<hi rend="sup">C</hi> III lb. vien. </p>
                </div>
                <div xml:id="librate">
                    <head>librate </head>
                    <p><list>
                            <item><lb/> idem libravit domine comitisse in octo duodenis caseorum ad
                                opus hospitii sui ut per litteram ipsius datam apud Versoyam <lb/>
                                die lune post festum beati Nicholay anno <sic>nonogesimo</sic> IX<hi
                                    rend="sup">o</hi> de recepta quam reddit : IIII libras XVI
                                solidos viennensium </item>
                            <item> idem libravit <lb/> ad expensas <del rend="overstrike"
                                    >Roffi</del> Ruffi Falasterii mareschalci pro ipso undecim
                                garcionibus quatuordecim leporariis factas apud <lb/> Pontem Vallium
                                per novem septimanas finitas die sabbati ante festum beati Anthonii
                                ut per litteras domini de testimonio et <lb/> mandato datas die
                                dominica in festo beati Anthonii predicto anno nonogesimo IX<hi
                                    rend="sup">o</hi> de recepta quam reddit : XXVII libras VII
                                solidos VI denarios </item>
                            <item><lb/> idem libravit ad expensas hospitii domini factas per manum
                                Hugonis de Voyrone per litteram domini una cum sigillo dicti Hugonis
                                datam <lb/> apud Pontem Vele die veneris ante dominicam de passione
                                anno nonogesimo IX<hi rend="sup">o</hi> de recepta quam reddit : LX
                                libras viennensium </item>
                            <item><lb/> idem libravit magistro Iohanni de Maurianna ad expensas
                                hospitii domini et domine factas apud Pontem Vele ut per litteram
                                ipsius datam die sabbati <lb/> ante ramos palmarum anno nonogesimo
                                    IX<hi rend="sup">o</hi> de recepta quam reddit : IX<hi
                                    rend="sup">XX</hi> V libras X solidos </item>
                            <item> idem libravit eidem magistro Iohanni <lb/> ad expensas dicte
                                domine comitisse ut per litteram ipsius de recepta datam die sabbati
                                ante ramos palmarum quam reddit : LII libras XI solidos III denarios
                                <lb/> parisiensium </item>
                            <item> idem libravit in stipendiis octo hominum cum armis quos adduxit
                                apud Burgum ad mandamentum domini Petri de <lb/> Castellione ballivi
                                Baugiaci et ipsos tenuit ibidem per tres dies ut per litteram ipsius
                                domini Petri de testimonio datam die mercurii post festum <lb/>
                                omnium sanctorum anno nonogesimo septimo quam reddit : IIII libras
                                XVI solidos viennensium </item>
                            <item> idem libravit in stipendiis quatuordecim <lb/> hominum cum armis
                                quos adduxit apud Burgum ad mandamentum dicti ballivi die mercurii
                                post carniprivium vetus et die iovis <lb/> sequenti fuerunt octo
                                tantum et dabantur cuilibet quatuor solidis per diem ut per litteram
                                dicti ballivi datam die veneris post carniprivium vetus <lb/> anno
                                nonogesimo septimo quam reddit : IIII libras VIII solidos
                                viennensium </item>
                            <item> in stipendiis quinque hominum cum armis quos secum <lb/> adduxit
                                ad mandamentum dicti ballivi apud Burgum et ipsos ibidem tenuit per
                                tres dies ut per litteram dicti ballivi datam <lb/> die martis ante
                                circumcisionem anno nonogesimo septimo quam reddit : IIII libras
                                IIII solidos viennensium </item>
                            <item> idem libravit in stipendiis <lb/> quatuor hominum cum armis quos
                                adduxit apud Burgum ad mandamentum domini Guillermi de
                                    <foreign>Peladru</foreign> ballivi Baugiaci ut per <lb/>
                                litteram ipsius quam ostendit datam die lune post festum apostolorum
                                    <sic>Philipi</sic> et Iacobi anno nonogesimo IX<hi rend="sup"
                                    >o</hi> : XVI solidos viennensium </item>
                            <item><lb/> idem libravit in stipendiis quater viginti <add
                                    place="interlinear">octo</add> hominum cum armis quos adduxit ad
                                mandamentum domini Guillermi de <foreign>Peladru</foreign> ballivi
                                Baugiaci per <lb/> plures vices ut per octo paria litterarum ipsius
                                ballivi datarum diversis temporibus ut in eisdem continetur quas
                                reddit et allocantur <lb/> quasi per unam diem : XVII libras XIIII
                                solidos viennensium </item>
                            <item> idem libravit relicte Gilleti de Baugiaco et eius liberis pro
                                domo empta <lb/> ab eisdem apud Baugiacum ut per litteram de
                                emptione sigillatam sigillo officialis curie Lugdunensis : XX libras
                                viennensium, et alias <lb/> viginti libras solvit caorsinus de
                                Baugiaco ut dicit Petrus clericus <milestone n="15" unit="vue"/><pb
                                    n="14"/><lb/> item libravit sacriste Sancti Petri Masticonensis
                                cui debentur per annum in natale Domini de elemosina : XXX solidos
                                viennensium </item>
                            <item> item <lb/> libravit in viginti quinque libris cere emptis et
                                solutis altari Sancti Vincentii Masticonensis cui debentur per annum
                                de elemosina <lb/> cum quadraginta septem libris cere sibi allocatis
                                ut supra : IIII libras XV denarios viennensium </item>
                            <item> item libravit abbati Trenorchii cui <lb/> debentur per annum in
                                natale Domini in escambium terrarum prioratus de
                                    <foreign>Chivrouz</foreign> que occupate sunt per stannum dicti
                                loci quas <lb/> dominus sibi assignavit et precepit solvi per Petrum
                                de Montemeliano clericum ut in computo precedenti : VII libras VII
                                solidos VI denarios viennensium </item>
                            <item><lb/> item libravit in una peciola terre empta de Columba iuxta
                                carroneriam que erat necessaria dicte carronerie et quia non <lb/>
                                reddit litteram iuravit ad sancta Dei evvangelia dictam terram
                                emisse et solvisse : L solidos viennensium </item>
                            <item> item libravit domino dicte terre <lb/> pro confirmatione ipsius
                                de carronibus domini unum miliare </item>
                            <item> item libravit Petro de Montemeliano clerico cui debentur per
                                annum <lb/> pro capella sancti Mauritii super leydam fori et
                                nundinarum Baugiaci videlicet medietatem in festo beati Andree
                                apostoli et aliam medietatem in festo <lb/> apostolorum Philipi et
                                Iacobi et allocantur de termino dicti festi apostolorum Philipi et
                                Iacobi de anno M<hi rend="sup">o</hi> CCC<hi rend="sup">o</hi> : XV
                                libras viennensium </item>
                            <item> item libravit Guillermino et Rodulpho de Nigro Monte pro sexdecim
                                denariis parisiensium emptis ab eo et quos debet Peronetus de Longo
                                <lb/> Verneto et de quibus supra computavit : XV solidos viennensium </item>
                            <item> item libravit in stipendiis Bertheti Archiepiscopi Beneti et
                                    <lb/><unclear>[Un]singrini</unclear> garcionum custodientium
                                equos et palafreidos domini apud Baugiacum a prima die iunii usque
                                ad ultimam diem ianuarii ut <lb/> supra in librata avene et fuerunt
                                septies centum et quinque garciones quasi per unam diem et dantur
                                cuilibet per diem novem denarii : <lb/> XXVI libras VIII solidos IX
                                denarios viennensium </item>
                            <item> item Archiepiscopo ducenti unum palafreidum in Sabaudiam ad
                                dominam comitissam pro suis <lb/> expensis et palafreidi : XII
                                solidos viennensium </item>
                            <item> item libravit dictis garcionibus pro lumine stabuli per dictum
                                tempus : XXXV solidos viennensium </item>
                            <item><lb/> item libravit in herba pro palafreido de Ferrayre a prima
                                die iunii uque ad festum sancte crucis : XXIII solidos IIII denarios </item>
                            <item><lb/> item libravit in capistris faysis et cingulis et unguentis
                                emplaustris pro dictis equis ut in particulis : XIIII solidos IIII
                                denarios viennensium <lb/></item>
                            <item> item libravit in decem novem ulnis et dimidia panni et in septem
                                ulnis tele pro cooperturis faciendis ad dictos palafreidos et
                                factura <lb/> ipsarum : LVIII solidos VI denarios viennensium </item>
                            <item> item libravit in ferratura dictorum equorum per dictum tempus et
                                quibusdam habenis pro dictis equis <lb/> et pro ipsis muniendis
                                scilicet in salario marescallorum venientium de Masticono ut in
                                particulis : LVIII solidos VI denarios viennensium </item>
                            <item><lb/> item libravit in expensis quatuor equorum quos remisit de
                                Cusiriaco dominus apud Baugiacum et fuerunt tam apud Pontem Vallium
                                quam apud Baugiacum <lb/> excepta avena : XII solidos X denarios
                                viennensium </item>
                            <item> item libravit marescallo domini lombardo ducenti palafreidos
                                <lb/> per duos dies antequam dominus recederet de mandato domini
                                facto per Petrum Clerici et per confessionem dicti mareschalli
                                presentis : <lb/> LX solidos viennensium</item>
                        </list></p>
                    <p><lb/> summa librate : IIII<hi rend="sup">C</hi> lb. XIX s. II d. vien. et LII
                        lb. XI s. III d. par.</p>
                </div>
                <div>
                    <p><lb/> summa expense salarii et librate : VI<hi rend="sup">C</hi> III lb. XIX
                        s. II d. vien. et LII lb. [XI s.] <lb/> III d. par.</p>
                </div>
            </div>
            <div xml:id="bilan">
                <p>et sic debet CV solidos II denarios viennensium et VI<hi rend="sup">XX</hi> I
                    libras <lb/> V solidos XI denarios obolum parisiensium <list>
                        <item> de quibus deducuntur XXIII libre viennensium quas libravit
                            burgensibus Baugiaci pro clausura <lb/> ville facienda </item>
                        <item> item XL libre viennensium quas solvit Stephaneto
                                <unclear>S[ille]ri</unclear> de debito quinquaginta librarum
                            viennensium et decem librarum frumenti <lb/> solute per Guigonetum de
                            Sancto Germano tunc castellanum Cologniaci ut per litteram domini de
                            mandato facto dicto Guigoneto et per litteram <lb/> ipsius de recepta
                            quas reddit </item>
                        <item> item XL libre VIII solidi turonensium parvorum quas libravit Iacobo
                            de Secusia pro duodecim <lb/> potis cupri emendis in nundinis Cabilonis </item>
                        <item> item<note> L’écriture change à partir d’ici : les huit dernières
                                lignes ont été écrites par une autre main.</note> deducuntur LXIX
                            libre quas libravit Iaquemino <lb/> Malabailli corsino de Burgo per
                            litteras domini de mandato et per litteras dicti Iaquemini de recepta
                            <lb/> quas reddit datas die sabbati ante asensionem Domini anno M<hi
                                rend="sup">o</hi> CCC<hi rend="sup">o</hi></item>
                    </list></p>
                <p><lb/> summa deducti : XL lb. VIII s. tur. et VI<hi rend="sup">XX</hi> XII lb.
                    vien. qui turonenses scampsi quindeni ad parisienses et qui viennenses
                        <sic>scampi</sic> deni octoni ad parisienses valent <lb/> VII<hi rend="sup"
                        >XX</hi> libras VI solidos IIII denarios viennensium</p>
                <p> et sic debet XIX solidos VIII denarios parisiensium et CV solidos <lb/> I
                    denarium viennensium qui parisienses scampsi ad turonenses valent XXIIII solidos
                    VI denarios turonensium <list>
                        <item><lb/> de quibus turonensibus et viennensibus respondet in computo suo
                            anni sequentis et sic eque de denariis</item>
                    </list></p>
            </div>
        </body>
    </text>
</TEI>
