<?xml version="1.0" encoding="UTF-8"?>
<?oxygen RNGSchema="http://www.tei-c.org/release/xml/tei/custom/schema/relaxng/tei_all.rng" type="xml"?>
<TEI xmlns:math="http://www.w3.org/1998/Math/MathML" xmlns="http://www.tei-c.org/ns/1.0"
    xmlns:xi="http://www.w3.org/2001/XInclude" xmlns:svg="http://www.w3.org/2000/svg"
    xml:id="B6740_1">
    <teiHeader>
        <fileDesc>
            <titleStmt>
                <title>Compte de Pierre de Sarraval (<hi rend="italics">Petrus de Sarravalle</hi>)
                    pour la châtellenie de Bagé, du 24 juin 1294 au 17 avril 1295 <date type="debut"
                        from-iso="12940624" cert="high"/><date type="fin" from-iso="12950417"
                        cert="high"/></title>
                <respStmt>
                    <persName><name xml:lang="fra">Pierre de Sarraval</name><name xml:lang="lat"
                            >Petrus de Sarravalle</name></persName>
                    <resp>Châtelain</resp>
                </respStmt>
            </titleStmt>
            <publicationStmt>
                <p>Alain Kersuzan et Frédéric Chartrain, avec la collaboration de Marjorie Burghart, Jean-Louis Gaulin, et Jean-Michel Poisson, 
                    <title>Compte de Pierre de Sarraval (<hi rend="italics">Petrus de Sarravalle</hi>) pour la châtellenie de Bagé, du 24 juin 1294 au 17 avril 1295</title>,
                    Lyon - Chambéry, 2011 (<title>Documents comptables des Etats de Savoie, XIIIe - XVe s.</title>)</p>
            </publicationStmt>
            <seriesStmt>
                <title>Bagé</title>
            </seriesStmt>
            <sourceDesc>
                <p>Information about the source</p>
            </sourceDesc>
        </fileDesc>
    </teiHeader>
    <text>
        <body>
            <div xml:id="prologue">
                <milestone n="02" unit="vue"/>
                <pb n="1"/>
                <p><lb/> Computus Petri de Sarravalle castellani Baugiaci a festo beati Iohannis
                    baptiste anno Domini <lb/> M<hi rend="sup">o</hi> CC<hi rend="sup"
                        >o</hi><sic>nonogesimo</sic> quarto usque ad diem dominicam decimam septimam
                    diem mensis aprilis anno nonogesimo quinto videlicet <lb/> de quadraginta duabus
                    septimanis tribus diebus receptus apud Chamberiacum</p>
            </div>
            <div xml:id="recepte">
                <div xml:id="frumentum">
                    <head>frumentum</head>
                    <p><lb/> idem reddit computum <list>
                            <item> de III<hi rend="sup">C</hi> XLVI meyteriis frumenti receptis in
                                castellania Baugiaci de redditu lunatione et messe per <lb/> annum
                                ut in particulis extractus extente nove hic adiunctis </item>
                            <item> de VII meyteriis et dimidio receptis de <add place="interlinear">
                                    medietate</add> firma molendini de <lb/> stanno finienda in
                                festo beati Michaelis anno nonogesimo quinto et tunc debent
                                tantumdem et sciendum quod de exitu dicti molendini <lb/> a festo
                                beati Iohannis usque ad festum beati Michaelis nuper preteritum
                                nichil computat quia non potuit molere propter deffectum aque </item>
                            <item> de <lb/> coponagio respondet infra in firmis ad denarios </item>
                            <item> de V meyteriis receptis de firma decime de
                                    <foreign>Money</foreign> hoc anno </item>
                            <item> de IIII <lb/> meyteriis II cupis receptis de exitu grangiagii
                                grangie de Nigro Monte hoc anno</item>
                        </list></p>
                    <p><lb/> summa : III<hi rend="sup">C</hi> LXII meyterii V cupe frumenti, et
                        remanent</p>
                </div>
                <div xml:id="siligo">
                    <head>siligo</head>
                    <p><lb/> idem reddit computum <list>
                            <item> de XIII<hi rend="sup">XX</hi> XIIII meyteriis IIII cupis et
                                dimidia siliginis receptis in dicta castellania de redditu lunatione
                                <lb/> et messe per annum ut in particulis dicti extractus </item>
                            <item> de XII meyteriis et dimidio receptis de medietate firme
                                molendinorum de stanno <lb/> finienda ut supra in frumento et tunc
                                debentur tantumdem </item>
                            <item> de V meyteriis receptis de firma decime de
                                    <foreign>Money</foreign> hoc anno </item>
                            <item><lb/> de VI meyteriis receptis de exitu grangiagii grangie de
                                Nigro Monte hoc anno </item>
                            <item> de IIII cupis receptis de exitu <sic>pasqueagii</sic> de
                                Manziaco</item>
                        </list></p>
                    <p><lb/> summa : XIIII<hi rend="sup">XX</hi> XVIII meyterii V cupe et dimidia
                        siliginis <list>
                            <item> de quibus deducuntur <lb/> duodecim meyterii et dimidium qui
                                debentur apud Replongium per annum qui includuntur in firma
                                prepositure <lb/> dicti loci </item>
                            <item> item deducuntur XXIX meyterii siliginis qui debentur apud
                                    <foreign>Marcana</foreign> de redditu et messe per annum qui
                                includuntur <lb/> in firma prepositure dicti loci </item>
                            <item> item deducuntur quos libravit Guichardo
                                    <foreign>Revullon</foreign> de <foreign>Felins</foreign> captori
                                avium <lb/> per litteras domini de mandato quas reddit : X meyterii </item>
                            <item> et <lb/> restant XII<hi rend="sup">XX</hi> VII meyterii II cupe
                                et dimidia siliginis, et remanent</item>
                        </list></p>
                </div>
                <div xml:id="avena">
                    <head>avena</head>
                    <p><lb/> idem reddit computum <list>
                            <item> de VIII<hi rend="sup">XX </hi>XII meyteriis avene receptis in
                                dicta castellania de redditu mareschalcie et gardie per annum <lb/>
                                ut in particulis dicti extractus </item>
                            <item> de V meyteriis receptis de exitu decime de
                                    <foreign>Money</foreign> hoc anno </item>
                            <item> de XIIII cupis de exitu <lb/> grangie de Nigro Monte hoc anno
                                deductis duobus meyteriis dimisis grangerio ad seminandum </item>
                            <item> de XXXII meyteriis <lb/> receptis de hominibus de Marczona pro
                                affoagio nemoris de Deserta </item>
                            <item> de exitu terre quam excolit Librera apud M <supplied
                                    reason="support endommagé">…</supplied><lb/> nichil hoc anno </item>
                            <item> de II<hi rend="sup">C</hi> II meyteriis et dimidio receptis de
                                exitu terrarum stanni de <foreign>Chivrous</foreign> excultarum ad
                                medium hoc anno </item>
                            <item><lb/> de exitu decime dictarum terrarum et de cetero non
                                computabit quia repletum est dictum stannum aqua</item>
                        </list></p>
                    <p><lb/> summa : IIII<hi rend="sup">C</hi> XI meyterii VIII cupe avene <list>
                            <item> de quibus <lb/> idem libravit ad expensas hospitii domini factas
                                per manum Hugonis de Voyrone per litteras domini et dicti Hugonis de
                                recepta datas die <lb/> ante festum omnium sanctorum anno nonogesimo
                                quarto quas reddit : IIII meyterios </item>
                            <item> item ad easdem expensas factas per manum dicti <lb/> Hugonis per
                                litteras domini et dicti Hugonis de recepta datas vigilia
                                    <sic>appostolorum</sic> Symonis et Iude anno eodem quas reddit :
                                II meyterios <lb/> avene </item>
                            <item> item ad easdem expensas factas per manum dicti Hugonis per alias
                                litteras domini datas dominica post carniprivium <lb/> anno eodem :
                                XXIII meyterios IX cupas avene </item>
                            <item> item ad expensas duorum equorum de quadriga domini morantium apud
                                Baugiacum <lb/> pro quarronibus adducendis a die lune in vigilia
                                beati Michaelis usque ad dominicam in octabis carniprivii veteris
                                videlicet pro <unclear> octo</unclear><lb/> viginti et decem et
                                septem diebus : XVI meyterios II cupas avene </item>
                            <item> et <lb/> restant : III<hi rend="sup">C</hi> LXVI meyterii avene,
                                et remanent</item>
                        </list></p>
                </div>
                <div xml:id="milium">
                    <head>milium</head>
                    <p><list>
                            <item><lb/> idem reddit computum de XIX meyteriis milii receptis de
                                exitu terrarum stanni de <foreign>Chivrous</foreign>, et
                                remanent</item>
                        </list></p>
                </div>
                <div xml:id="fabe">
                    <head>fabe</head>
                    <p><list>
                            <item><lb/> idem reddit computum de III meyteriis <del rend="overstrike"
                                    >stann</del> fabarum receptis de exitu <add place="interlinear"
                                    >dicti</add> stanni hoc anno, venduntur ut infra</item>
                        </list></p>
                </div>
                <div xml:id="pisi">
                    <head>pisa</head>
                    <p><list>
                            <item><lb/> idem reddit computum de II meyteriis pisorum receptis de
                                exitu terrarum dicti stanni hoc anno, venduntur ut infra</item>
                        </list></p>
                </div>
                <div xml:id="canabus">
                    <head>canabus</head>
                    <p><list>
                            <item><lb/> idem reddit computum de XXVII muyssis et dimidio canabi
                                receptis apud Manziacum, venduntur ut infra</item>
                        </list></p>
                </div>
                <div xml:id="vinum">
                    <head>vinum</head>
                    <p><list>
                            <item><lb/> idem reddit computum de CVI sesteriis vini receptis de exitu
                                decimarum vinearum Baugiaci hoc anno </item>
                            <item> de quibus <lb/> libravit ad expensas hospitii domini factas per
                                manum Hugonis de Voyrone per litteras domini et dicti Hugonis datas
                                die mercurii in vigilia <lb/> appostolorum Symonis et Iude anno
                                nonogesimo quarto : I somatam II
                                        <unclear><foreign>sesterauz</foreign></unclear> vini </item>
                            <item> item ad easdem expensas factas per manum <lb/> dicti Hugonis per
                                domini et dicti Hugonis litteras datas dominica post carniprivium
                                vetus anno eodem : V somatas et dimidiam vini </item>
                            <item><lb/> in venditione ut infra : X sestarios </item>
                            <item> et restant LXXV sestarii et dimidius vini, et remanent</item>
                        </list></p>
                </div>
                <div xml:id="anseres">
                    <head>anseres</head>
                    <p><list>
                            <item><lb/> idem reddit computum de VI anseribus receptis apud Nigrum
                                Montem de redditu per annum, venduntur ut infra</item>
                        </list></p>
                </div>
                <div xml:id="galline">
                    <head>galline</head>
                    <p><list>
                            <item><lb/> idem reddit computum de IIII<hi rend="sup">C</hi> XXIII
                                gallinis receptis in castellania Baugiaci de redditu et consuetudine
                                per annum </item>
                            <item> de quibus <lb/> libravit ad expensas hospitii domini per manum
                                Hugonis de Voyrone per predictas litteras domini et Hugonis datas in
                                vigilia appostolorum Symonis <lb/> et Iude anno nonogesimo quarto :
                                XVI gallinas </item>
                            <item> item deducuntur XXXVI galline que debentur apud
                                    <foreign>Marcenaz</foreign> per annum <lb/> que includuntur in
                                firma prepositure dicti loci </item>
                            <item> et restant III<hi rend="sup">C</hi> LXXI galline, et
                                remanent</item>
                        </list></p>
                </div>
                <div xml:id="pulli">
                    <head>pulli</head>
                    <p><list>
                            <item><lb/> idem reddit computum de VIII pullis receptis in dicta
                                castellania de redditu per annum, venduntur ut infra</item>
                        </list></p>
                </div>
                <div xml:id="cera">
                    <head>cera</head>
                    <p><lb/> idem reddit computum <list>
                            <item> de XXXI libris et dimidia cere receptis de gardis per annum ut in
                                particulis extractus extente </item>
                            <item><lb/> de IIII libris receptis de quibusdam hominibus pro garda per
                                annum de novo quorum nomina in sequenti computo <lb/>
                                declarabit</item>
                        </list></p>
                    <p><lb/> summa : XXXV libre et dimidia cere, quas <lb/> libravit altari ecclesie
                        Sancti Vincentii Matisconensis de septuaginta <add place="interlinear"
                            >duabus</add> libris cere que sibi debentur singulis annis <lb/> in
                        festo beati Vincentii et residuum alloquatur infra in expensis vel in
                        libratis</p>
                </div>
                <div xml:id="panes">
                    <head>panes</head>
                    <p><list>
                            <item><lb/> idem reddit computum de VII panibus receptis in dicta
                                castellania de redditu per annum, deductis <lb/> quatuordecim
                                panibus qui debentur apud Marczona qui includuntur in firma
                                prepositure dicti loci</item>
                        </list></p>
                    <p><lb/> summa : VII panes <del rend="overstrike">venditi ut</del>, venduntur ut
                        infra</p>
                </div>
                <div xml:id="fenum">
                    <head>fenum</head>
                    <p><list>
                            <item><lb/> idem reddit computum de X charratis feni receptis de exitu
                                prati nemoris Baugiaci hoc anno </item>
                            <item> de quibus <lb/> libravit ad expensas ducentorum decem et novem
                                equorum domini per predictas litteras domini et Hugonis de Voyrone :
                                <lb/> VII charratas </item>
                            <item> item ad expensas duorum equorum de quadriga domini per quater
                                viginti decem septem <lb/> dies : II charrata </item>
                            <item> residuum restat in grangia domini, et remanet</item>
                        </list></p>
                </div>
                <div xml:id="census">
                    <head>denarii census</head>
                    <p><lb/> idem reddit computum <list>
                            <item> de XXIX libris XIX solidis obolo parisiensium receptis in dicta
                                castellania de redditu per annum ut <lb/> in extractus extente hic
                                adiunctis </item>
                            <item> de XVIII libris IX solidis V denariis receptis de redditu
                                pratorum nemoris Baugiaci <lb/> per annum ut in particulis dicti
                                extractus, deductis tresdecim solidis sex denariis quos debet
                                Guilletus <foreign>Bercanz</foreign> de Matiscone <lb/> et octo
                                solidis et sex denariis quos debent Peronetus Grassi et Iohannes de
                                Sancto Clemente, qui denarii non possunt recuperari quia <lb/> ipsi
                                dicunt quod ipsi solverunt plus de introgiis quam debebant in
                                principio quando dictum nemus fuit eis albergatum </item>
                            <item><lb/> de X libris XVI solidis VI denariis receptis de tailliis que
                                levantur per annum in festo beati Andree ut in dictis particulis </item>
                            <item> de CII <lb/> libris XII solidis receptis de tailliis que levantur
                                in dicta castellania duobus terminis videlicet medietas in augusto
                                et alia <lb/> medietas in festo beati Andree apostoli </item>
                            <item> de XXX VII solidis V denariis receptis de gardis per annum ut in
                                particulis dicti extractus </item>
                            <item><lb/> de VII libris XVI solidis III denariis receptis de teysis
                                domorum et banchis ville Baugiaci per annum</item>
                        </list></p>
                    <p><lb/> summa : VIII<hi rend="sup">XX</hi> XI lb. X s. VII d. ob. par. </p>
                </div>
                <div xml:id="firme">
                    <head>firme</head>
                    <p><lb/> idem reddit computum <list>
                            <item> de XXVI libris XIII solidis IIII denariis parisiensium receptis
                                de medietate firme leyde et coponagii mercati et parvi <milestone
                                    n="03" unit="vue"/><pb n="2"/><lb/>pedagii quod levatur in
                                nundinis dicti loci et extra et banni vini quod venditur in nundinis
                                prima die maii finienda <lb/> in festo beati Iohannis baptiste anno
                                nonogesimo <sic>quincto</sic> et tunc debentur tantumdem </item>
                            <item> de IIII libris parisiensium receptis de medietate firme <lb/>
                                chacipolerie Baugiaci finienda eodem termino et tunc debentur
                                tantumdem </item>
                            <item> de LXVI solidis VIII denariis receptis de medietate firme <lb/>
                                chacipolerie de Replongio finienda eodem termino et tunc debentur
                                tantumdem </item>
                            <item> de LXVI solidis VIII denariis receptis de <lb/> medietate firme
                                chacipolerie de Manziaco et de <foreign>Ongers</foreign> finienda
                                eodem termino et tunc debentur tantumdem </item>
                            <item> de LXVI <lb/> solidis VIII denariis receptis de medietate firme
                                chacipolerie Sancti Iohannis supra Raysousa finienda eodem termino
                                et tunc debentur <lb/> tantumdem </item>
                            <item> de VI libris IIII solidis VIII denariis receptis de medietate
                                firme chacipolerie de Marczona finienda eodem termino et tunc <lb/>
                                debentur tantumdem, deductis quatuor libris decem septem solidis
                                quatuor denariis parisiensium pro tribus meyteriis frumenti, tribus
                                meyteriis <lb/> quinque cupis avene et sexaginta novem solidis decem
                                denariis parisiensium que omnia debentur in dicto loco per annum et
                                erant <lb/> inclusa in firma dicte chacipolerie et tamen de ipsis ad
                                plenum superius computavit </item>
                            <item> de V solidis receptis de quodam homine <lb/> cui concessum est
                                capere perdices per annum </item>
                            <item> de XVI denariis receptis de Vincencio de
                                    <foreign>Corsant</foreign> pro duabus quartis vini quas debet
                                per <lb/> annum</item>
                        </list></p>
                    <p><lb/> summa : XLVII lb. IIII s. IIII d. par. </p>
                </div>
                <div xml:id="laudes_et_vende">
                    <head>laudes et vende</head>
                    <p><lb/> idem reddit computum <list>
                            <item> de XVIII solidis parisiensium receptis de Iohanne de Foresta pro
                                terra empta a fratre suo pretio sex librarum et levantur <lb/> pro
                                libra tres solidi turonensium </item>
                            <item> de II solidis parisiensium receptis de Iohanneto filio cappelani
                                de Marczona pro terra empta a barberio de Marczona <lb/> pretio
                                tresdecim solidorum et quatuor denariorum </item>
                            <item> de XIII solidis et dimidio receptis de Petita de Ecclesia pro
                                terra empta a Guillermeta filia <foreign>Meysoner</foreign><lb/>
                                pretio quatuor librarum et decem solidorum </item>
                            <item> de XIIII solidis VIII denariis receptis de liberis Bernardi
                                    <foreign>Mourer</foreign> pro terra empta a liberis
                                    <foreign>Aymonart</foreign><lb/> de Manziaco </item>
                            <item> de XIII solidis IIII denariis receptis de Ogerio
                                    <foreign>Mourer</foreign> pro terra empta a dicta Beliarda de
                                Replongo pretio quatuor librarum octo <lb/> solidorum </item>
                            <item> de II solidis I denario receptis de Guillermeto
                                    <foreign>Chevaler</foreign> pro terra empta a Martino munerio
                                pretio quatuordecim solidorum </item>
                            <item> de III solidis receptis <lb/> de Roberto Cocheti pro terra empta
                                a Stephano Rolini pretio viginti solidorum </item>
                            <item> de VI solidis receptis de curato Baugiaci Ville pro cambio <lb/>
                                terre facto cum Iohanne <foreign>Petart</foreign></item>
                            <item> de II solidis receptis de Guioneto de
                                    <foreign>Corceletes</foreign> pro terra empta a Iocerando de
                                    <foreign>Fay</foreign> pretio tresdecim <lb/> solidorum quatuor
                                denariorum </item>
                            <item> de IX solidis receptis a Stephano Albi de
                                    <foreign>Chavanay</foreign> pro terra empta a Clemencia de
                                    <foreign>Corbertout</foreign><lb/> pretio sexaginta solidorum </item>
                            <item> de XXI denariis receptis de Petro de Ruca pro terra empta de
                                    <foreign>Lesogerardes</foreign> pretio duodecim solidorum </item>
                            <item> de <lb/> II solidis receptis a liberis Rose de Replongo pro terra
                                empta a Martino Paqueti pretio tresdecim solidorum IIII denariorum </item>
                            <item> de VI denariis <lb/> receptis de Perauda de Chasteleto pro terra
                                empta a Iohanne <foreign>Phitillot</foreign> pretio quatuor
                                solidorum </item>
                            <item> de XIIII solidis receptis de Simoneto de <lb/> Rotailliaco pro
                                servitio empto a Gauterio Crauleni pretio quatuor librarum tresdecim
                                solidorum quatuor denariorum </item>
                            <item> de XII solidis receptis ab <lb/> uxore Guillermi
                                    <foreign>Bochier</foreign> pro terra empta a filia Martini
                                    <foreign>Rol</foreign> pretio quatuor librarum </item>
                            <item> de XVIII denariis receptis de filio <lb/> sororis
                                    <foreign>Dangers</foreign> pro empta terra ab uxore dicti
                                    <foreign>Poillia</foreign> pretio novem solidorum </item>
                            <item> de IIII solidis receptis a Stephano Lamberti pro <lb/> terra
                                empta a Petro <foreign>Chapel</foreign> pretio viginti sex solidorum
                                octo denariorum </item>
                            <item> de IIII solidis X denariis receptis a Stephano clerici de Monte
                                    <lb/><foreign>Iay</foreign> pro terra empta a Petro de
                                    <foreign>Monjay</foreign> pretio triginta duorum solidorum </item>
                            <item> de XXII solidis receptis de Andrea <foreign>Archan</foreign> pro
                                terra empta <lb/> a Gileto <foreign>Chamarlein</foreign> pretio
                                septem librarum sex solidorum </item>
                            <item> de XXII solidis receptis de Martino Cocheti pro terra <add
                                    place="interlinear">empta</add> a Gileleto
                                    <foreign>Chamarlein</foreign><lb/> pretio septem librarum sex
                                solidorum </item>
                            <item> de XXIX solidis IIII denariis receptis ab Humberto Bochi de Nigro
                                Monte pro terra empta ab uxore <lb/> Glotonis de Baugiaco pretio
                                novem librarum</item>
                        </list></p>
                    <p><lb/> summa : IX lb. XVII s. VI d. par. </p>
                </div>
                <div xml:id="banna">
                    <head>banna</head>
                    <p><lb/> idem reddit computum <list>
                            <item> de XIII solidis IIII denariis parisiensium receptis a fratre
                                magistri scolarum de Marczona quia celavit quam<add
                                    place="interlinear">dam</add> zonam <lb/> quam invenit </item>
                            <item> de XIII solidis IIII denariis receptis de Lamberto de Graysiaco
                                quia occupavit viam publicam </item>
                            <item> de XIII solidis IIII denariis receptis <lb/> a dicto Rege de
                                    <foreign>Corsenz</foreign> quia deportavit extra terram domini
                                bladum ultra prohibitionem castellani </item>
                            <item> de VI solidis VIII denariis receptis de <lb/> Beraldo de Laya pro
                                consimili facto </item>
                            <item> de X solidis receptis de Guichardo de <foreign>Fay</foreign> quia
                                verbaverit malitiose dictum Tardi de <foreign>Fay</foreign></item>
                            <item> de <lb/> XIII solidis IIII denariis receptis de Iohanne Brotonis
                                de <foreign>Monz</foreign> quia boves sui inventi fuerunt de nocte
                                comedentes alienum fenum </item>
                            <item> de <lb/> XX solidis receptis ab uxore Hugonis Cointeti quia
                                quidam filii sui furati fuerunt <del rend="overstrike">ple</del>
                                duos caseos </item>
                            <item> de C solidis receptis ab uxore <lb/> Bernardi Bernuczonis et ab
                                uxore dicti <foreign>Gloton</foreign> et quibusdam aliis quia
                                intraverunt hereditatem Roberti clerici auctoritate propria et <lb/>
                                absque licentia castellani </item>
                            <item> de XX solidis receptis de Hugoneto Rucherii de
                                    <foreign>Croteil</foreign> quia fecit sanguinem Guillermeto
                                Breti </item>
                            <item> de <lb/> XIII solidis IIII denariis receptis a Girardo
                                    <foreign>Chavaler</foreign> de Mentenno pro consimili facto </item>
                            <item> de XXVI solidis VIII denariis receptis de Iohanne Bocheti quia
                                <lb/> furatus fuit bladum alienum </item>
                            <item> de XXVI solidis VIII denariis receptis de Berardo de Donno
                                Martino quia impinxit magistrum Iohannem <lb/> malitiose </item>
                            <item> de X solidis receptis de Guillermeto Chavalerii quia filius suus
                                cepit nuces alienas </item>
                            <item> de XX solidis receptis de Andrea <lb/> de <foreign>La
                                    Cortorieri</foreign> quia occupavit viam cuiusdam vicini sui et
                                sprevit cridam castellani </item>
                            <item> de VI libris XIII solidis IIII denariis <lb/> receptis de Bogerio
                                de <foreign>Vauz</foreign> quia occupavit <del rend="overstrike"
                                    >quasdam et</del> quedam itinera et percusit malitiose Bernardam
                                filiam Stephani Gauterii et Martinum <foreign>Chapel</foreign> et
                                quia fregit plures saysinas </item>
                            <item> de XL solidis receptis de liberis de Gonterii Coillonis quia
                                verbaverunt uxorem Hugonis <lb/><foreign>Ousanel</foreign> et filiam
                                suam </item>
                            <item> de XL solidis receptis de Engereto <foreign>La Coysi</foreign>
                                quia percusit Guillermetum <foreign>La Coysi</foreign></item>
                            <item> de XXVI solidis VIII denariis receptis <lb/> a Iohanne Raymondi
                                quia sprevit penam castellani </item>
                            <item> de VI solidis VIII denariis receptis de Bernardo de
                                    <foreign>Goteuz</foreign> pro eodem </item>
                            <item> de XIII solidis <lb/> IIII denariis receptis de quodam homine de
                                Sancto Martino pro eodem </item>
                            <item> de VI solidis VIII denariis receptis de Hugoneto filio
                                    <foreign>Porenczart</foreign> de <lb/> Maziaco pro banno furti
                                nemoris </item>
                            <item> de XIII solidis IIII denariis receptis de Iohanne
                                    <foreign>Boudo</foreign><sic>cappellani</sic> de Sancto Surpicio
                                quia occupavit quamdam <lb/> viam </item>
                            <item> de VI solidis VIII denariis receptis de Girardo de <foreign>La
                                    Saleta</foreign> quia dixit verba iniuriosa Hugoneto
                                    <foreign>Lescueler</foreign></item>
                            <item> de X solidis <lb/> receptis ab uxore munerii de
                                    <foreign>Marczonay</foreign> quia cepit milium alienum in quodam
                                campo </item>
                            <item> de XIII solidis IIII denariis receptis de donno Iohanne <lb/> de
                                    <foreign>Marteneges</foreign> quia percusit Guichardum de
                                    <foreign>Marteneches</foreign> et eidem abstulit quamdam
                                buchaliam </item>
                            <item> de VI solidis VIII denariis <lb/> receptis de Ponceto Barberii de
                                Baugiaco quia fecit sanguinem Iocerando de Cruce </item>
                            <item> de VI solidis VIII denariis receptis a Stephano
                                    <foreign>Lepada</foreign><lb/> quia liberi sui ceperunt pira
                                aliena </item>
                            <item> de VI solidis VIII denariis receptis de Paillardo de Baysimayma
                                quia appropriavit sibi terram <lb/> alienam </item>
                            <item> de LXVI solidis VIII denariis receptis de Mourando <foreign>del
                                    Fay</foreign> quia auctoritate sua intravit hereditatem
                                Guichardi Crestini ultra prohibitionem <lb/> castellani </item>
                            <item> de VI solidis VIII denariis receptis a Peroneto filio Stephani
                                    <foreign>Chavaler</foreign> quia furatus fuit quosdam caseos </item>
                            <item> de X solidis receptis de <lb/> Iohanne clerico filio Andree
                                    <foreign>Alcon</foreign> quia percusit cridam Baugiaci </item>
                            <item> de XXVI solidis VIII denariis receptis a Guillermo Bochonis quia
                                extraxit <lb/> quasdam arbores que erant mete </item>
                            <item> de XIII solidis IIII denariis receptis de Martino de
                                    <foreign>Vavreilli</foreign> quia dixit quamdam litteram <lb/>
                                sigillatam esse falsam </item>
                            <item> de XX solidis receptis de Petro <foreign>Borlat</foreign> quia
                                fecit sanguinem cride de Baugiaco </item>
                            <item> de XIII solidis IIII denariis receptis <lb/> a Guillermeto
                                    <foreign>Rol</foreign> de Nigro Monte quia scinderat salices
                                alienas </item>
                            <item> de XVI solidis VIII denariis receptis de Bernardo
                                    <foreign>Beluczan</foreign> quia <lb/> ultra prohibitionem
                                castellani vexa<add place="interlinear">vit</add> gentes domini in
                                curia aliena </item>
                            <item> de VI solidis VIII denariis receptis de Guigone de Mentenno <lb/>
                                domicello quia fecit sanguinem Iocerando de
                                <foreign>Fay</foreign></item>
                            <item> de XXVI solidis VIII denariis receptis de Ogereto de Sancto
                                Cirico domicello <lb/> quia percusit de pede Guionetum Cocheti </item>
                            <item> de VI solidis VIII denariis receptis de Hugone
                                    <foreign>Montaner</foreign> quia cepit quercum alienum </item>
                            <item><lb/> de XIII solidis IIII denariis receptis de Iohanne Martini de
                                Baugiaco quia intravit possessionem Peroneti
                                    <foreign>Boroton</foreign> sine licentia castellani </item>
                            <item><lb/> de XIII solidis IIII denaris receptis ab Aymone
                                    <foreign>Niseron</foreign> quia cepit gerbas alienas </item>
                            <item> de XIII solidis IIII denariis receptis de Georgio de <lb/>
                                Greysiaco quia scindit arbores alienas </item>
                            <item> de XIII solidis IIII denariis receptis de Durando de <del
                                    rend="overstrike">Czamino</del> Chamino quia <lb/> fecit sepem
                                in alienam terram </item>
                            <item> de XIII solidis IIII denariis receptis de Girardo
                                    <foreign>Gandon</foreign> quia cepit pailliam alienam </item>
                            <item><lb/> de VI libris XIII solidis IIII denariis receptis de Hugoneto
                                de Mespilliaco domicello quia cepit porcum alienum quem invenerat
                                <lb/> et apropriabat sibi </item>
                            <item> de XXXIII solidis IIII denariis receptis de Humberto
                                    <foreign>Bochier</foreign> de Nigro Monte quia scindit salices
                                alienas </item>
                            <item><lb/> de VI solidis VIII denariis receptis de Iohanne
                                    <foreign>Mour</foreign> quia fecit sanguinem uxori Guillermi de
                                    <foreign>Chatelet</foreign></item>
                            <item> de <lb/> VI solidis VIII denariis receptis de dicto
                                    <foreign>Pugnat</foreign> de <foreign>Felinz</foreign> et de
                                Darmasio quia abstulerunt pignus nuncio castellani </item>
                            <item><lb/> de X solidis parisiensium receptis de Purio <foreign>al
                                    Crop</foreign> de <foreign>Felinz</foreign> pro banno furti </item>
                            <item> de LIII solidis receptis de Bernardo Fabri de
                                    <lb/><foreign>Corcelles</foreign> pro banno furti quorumdam
                                porcorum </item>
                            <item> de XIII solidis IIII denariis receptis a quadam muliere quia
                                inventa fuit cum quodam sacerdote </item>
                            <item> de XIII solidis IIII denariis receptis de uxore Garnerii de
                                    <foreign>Croteil</foreign> pro fractura <lb/> saysine </item>
                            <item> de XXVIII solidis parisiensium receptis de quatuordecim clamis
                                trium solidorum et inferius per idem tempus</item>
                        </list></p>
                    <p><lb/> summa : LIIII lb. XIIII s. IIII d. par. <milestone n="04" unit="vue"
                            /><pb n="3"/><lb/> deductis sex libris pro parte castellani capientis
                        duos solidos in libra per litteram domini quam hostendit</p>
                </div>
                <div xml:id="introgia">
                    <head>introgia</head>
                    <p><lb/> idem reddit computum <list>
                            <item> de VI solidis <sic>VIII parisiensium</sic> receptis a Guillermeto
                                    <foreign>Rachaz</foreign> pro introgio in gardam domini pro una
                                <lb/> libra cere de qua decetero computabit </item>
                            <item> de III solidis III denariis receptis de filio Hugoneto de Saleta
                                pro consimili facto</item>
                        </list></p>
                    <p><lb/> summa : X s. par. </p>
                </div>
                <div xml:id="inventa">
                    <head>inventa</head>
                    <p><list>
                            <item><lb/> idem reddit computum de III solidis parisiensium receptis de
                                quodam porco invento</item>
                        </list></p>
                    <p><lb/> summa eadem : III s. par. </p>
                </div>
                <div xml:id="iudei">
                    <head>Iudei</head>
                    <p><list>
                            <item><lb/> idem reddit computum de XXV solidis parisiensium receptis de
                                Davide Iudeo morante apud Matisconem pro quinque obolis auri <lb/>
                                quos debet de garda per annum in natale Domini</item>
                        </list></p>
                    <p><lb/> summa eadem : XXV s . par. </p>
                </div>
                <div xml:id="venditiones">
                    <head>venditiones</head>
                    <p><lb/> idem reddit computum <list>
                            <item> de X solidis parisiensium de tribus meyteriis fabarum venditis ut
                                supra pro tanto </item>
                            <item> de <lb/> VI solidis receptis de duobus meyteriis pisorum sic
                                venditis </item>
                            <item> de IX solidis receptis de viginti septem <del rend="overstrike"
                                    >et dimidio</del> muyssis et dimidio canabi <lb/> venditis ut
                                supra pro tanto </item>
                            <item> de XXX solidis receptis de decem sesteriis vini venditis ut supra
                                quolibet sesterio tribus solidis </item>
                            <item> de III solidis <lb/> receptis de sex anseribus sic venditis </item>
                            <item> de VIII denariis receptis de octo pullis </item>
                            <item> de III solidis receptis de septem panibus venditis <lb/> pro
                                tanto</item>
                        </list></p>
                    <p><lb/> summa : LXI s. VIII d. par. </p>
                </div>
                <div xml:id="auxilium">
                    <head>auxilium</head>
                    <p><lb/> idem reddit computum <list>
                            <item> de VIII<hi rend="sup">XX</hi> VI libris XIII solidis IIII
                                denariis parisiensium receptis de hominibus domini in castellania
                                Baugiaci <lb/> extra villam Baugiaci pro auxilio facto domino pro
                                dote Helienouris filie sue in ducentis quinquagesima libris
                                viennensium</item>
                        </list></p>
                    <p><lb/> summa eadem : VIII<hi rend="sup">XX</hi> VI lb. XIII s. IIII d. par.
                    </p>
                </div>
                <div xml:id="palea">
                    <head>palea</head>
                    <p><list>
                            <item><lb/> idem reddit computum de C solidis parisiensium receptis de
                                palea habita de exitu terrarum <lb/> stanni de
                                    <foreign>Chivrous</foreign></item>
                        </list></p>
                    <p><lb/> summa eadem : C s. par.</p>
                </div>
                <div xml:id="bilan_recepte">
                    <p><lb/> summa totius recepte : IIII<hi rend="sup">C</hi> LIX lb. XIX s. IX d.
                        ob. par. qui <lb/> valent VI<hi rend="sup">C </hi>IIII<hi rend="sup">XX</hi>
                        IX libras XIX solidos VIII denarios I podrigiam viennensium</p>
                </div>
            </div>
            <div xml:id="expense_et_librate">
                <div xml:id="expense">
                    <p><list>
                            <item> de quibus <lb/> in palicio circa castrum Baugiaci quod diruptum
                                erat aptando : XI solidos viennensium </item>
                            <item> in deschargiatore stanni <lb/> novi recurando hoc anno : II
                                solidos IIII denarios </item>
                            <item> in genevis ferri positis ante stulfum stanni de
                                    <foreign>Chivrous</foreign><lb/> et una sepe ante
                                deschargiatorem dicti stanni facienda : X solidos </item>
                            <item> in prandio hominum aportantium servitia domini tertia <lb/> die
                                natalis Domini : IIII solidos X denarios obolum </item>
                            <item> in pane dato boveriis aducentibus avenam et aliud bladum de
                                stanno de <lb/><foreign>Chivrous</foreign> : XVI solidos viennensium </item>
                            <item> in pane dato bubulcis aducentibus aliud bladum castellanie : VII
                                solidos IX denarios </item>
                            <item><lb/> in expensis duorum hominum recolligentium bladum terrarum
                                stanni <del rend="overstrike">domini</del> predicti : XV solidos </item>
                            <item> in loquagio unius domus <lb/> ubi reposita fuit avena de
                                    <foreign>Chivrous</foreign> : XXV solidos </item>
                            <item> in vino domini recolligendo et apportando et doliis religandis :
                                <lb/> XIII solidos VI denarios </item>
                            <item> in prato domini in nemore Baugiaci falcando et fenando hoc anno
                                et pane dato bubulcis ipsum fenum <lb/> adducentibus<hi rend="sup"
                                />: XVII solidos </item>
                            <item><lb/> in loquagio unius domus ad fenum domini reponendum et in qua
                                morantur Lombardi qui scindunt carrones domini et in qua domo
                                reponuntur dicti carrones scisi : XXX solidos </item>
                            <item> in expensis baillivi terre Baugiaci domini <lb/> Guigonis de
                                Surra et castellani Baugiaci euntium apud <foreign>Perey Lo Monyal
                                </foreign>ad loquendum cum duce Burgundie super novis edificiis que
                                <lb/> illi de Matiscone faciebant citra pontem per tres dies : L
                                solidos </item>
                            <item> in stipendiis nuntiorum missorum pro negotiis per dictum tempus :
                                <lb/> XIII solidos </item>
                            <item> in stipendiis ipsius castellani per dictum tempus de quo computat
                                capientis per annum viginti libras viennensium : XVI libras VI <lb/>
                                solidos viennensium</item>
                        </list></p>
                    <div xml:id="carroneria">
                        <head>carroneria</head>
                        <p><list>
                                <item><lb/> in lignis adducendis pro duabus fornatis carronum
                                    coquendis ut in particulis : VIII libras <lb/> VII solidos III
                                    denarios </item>
                                <item> in archubus factis in furno dicte carronerie : X solidos </item>
                                <item> in uno fossato facto circa domum carronerie ad <lb/>
                                    deffensionem aque : V solidos </item>
                                <item> idem libravit Iohanni carronerio facienti et coquenti dictos
                                    carrones in taschiam quolibet milliario pro <lb/> sex solidis
                                    viennensium ultra quadraginta duas libras sibi solutas ut in
                                    aliis computis precedentibus per litteram de recepta quam reddit
                                    : XIII libras <lb/> VII solidos per litteras domini de mandato
                                    quas ostendit </item>
                                <item> in triginta septem milibus sexcentis et dimidio fagotorum
                                    <lb/> et ducentis quinquaginta charratis grossorum lignorum
                                    scindendorum in bosco de <foreign>Money</foreign> ad opus dicte
                                    carronerie et dantur <lb/> pro quolibet miliario fagotorum
                                    scindendorum <del rend="overstrike">et pro quolibet</del> octo
                                    solidi et pro qualibet charrata grossorum lignorum quatuor
                                    denarii et remanent <lb/> adhuc in dicto bosco : XIX libras IIII
                                    solidos IIII denarios viennensium </item>
                                <item> in una quadriga nova empta et ipsa ferranda de <lb/> ferro
                                    domini : XXXVIII solidos </item>
                                <item> in uno tomberello aptando, sepe, sagimine, cordis et equis
                                    quadrige ferrandis : XXV solidos </item>
                                <item><lb/> in stipendiis Billoudi quadrigarii capientis per annum
                                    decem libras viennensium per quater viginti decem septem dies
                                    quibus stetit apud <lb/> Baugiacum : LII solidos </item>
                                <item> in octo saccis emptis pro blado domini recolligendo et
                                    remanent penes magistrum <add place="interlinear"
                                        >Iohannem</add><unclear>Gedoni</unclear> : XI solidos </item>
                                <item><lb/> in stipendiis Rodulphi <foreign>Domas</foreign> et
                                    Albertini de Cruce Lombardorum scindentium carrones pro ostiis
                                    et fenestris faciendis <lb/> a die lune post circumcisionem
                                    Domini nuper preteritam usque ad dominicam in octabis paschatis
                                    videlicet per septuaginta quatuor dies operatorias <lb/> et
                                    dantur eis qualibet die operatoraria quatuor solidi viennensium
                                    : XIIII libras XVI solidos viennensium per litteras de recepta
                                    quas reddit </item>
                                <item><lb/> item in fabrica pro martellis ipsorum acuendis per idem
                                    tempus : XXXV solidos inclusis tribus martellis emptis qui
                                    remanent </item>
                                <item> in portagio carronum a carroneria usque ad domum ubi
                                    scinduntur : XII solidos </item>
                                <item> in quinque navatis lapidum aductis de Trenorchio <lb/> usque
                                    ad domum fratris Evrardi ad faciendum calcem : LX solidos
                                    viennensium</item>
                            </list></p>
                    </div>
                    <div>
                        <p>summa expense et salarii : IIII<hi rend="sup">XX</hi> XV lb. IIII s. I
                            ob. vien. </p>
                    </div>
                </div>
                <div xml:id="librate">
                    <p><list>
                            <item><lb/> libravit ad expensas hospitii domini factas per manum
                                Hugonis de Voyrone clerici per litteras domini et dicti Hugonis de
                                recepta datas apud <foreign>Chivrous</foreign><lb/> dominica post
                                festum appostolorum Petri et Pauli anno nonogesimo quarto <del
                                    rend="overstrike">X</del><add place="interlinear">quas
                                    reddit</add> : XIIII libras X solidos XI denarios viennensium </item>
                            <item><lb/> idem libravit ad expensas domini factas per manum dicti
                                Hugonis per litteras domini et ipsius Hugonis datas Baugiaci in
                                vigilia appostolorum Symonis et Iude <lb/> anno eodem quas reddit :
                                XL solidos viennensium </item>
                            <item><lb/> idem libravit domino comiti per manum Hugonis de Voyrone
                                clerici per litteras domini et dicti Hugonis de recepta datas
                                dominica post carniprivium <lb/> vetus anno nonogesimo quarto quas
                                reddit inclusis septem libris XIIII<hi rend="sup">cim</hi> [solidis]
                                tribus denariis pro expensis domini : CVII libras XIIII solidos III
                                denarios viennensium </item>
                            <item><lb/> idem libravit ad expensas hospitii domini factas per manum
                                dicti Hugonis de Voyrone per litteras domini et ipsius Hugonis datas
                                apud Burgum die <lb/> mercurii in vigilia beate Katerine anno
                                nonogesimo quarto quas reddit : XX libras viennensium </item>
                            <item><lb/> idem libravit ad expensas hospitii domini factas per manum
                                dicti Hugonis per litteras domini et ipsius Hugonis datas apud
                                Treforcium die martis <lb/> in festo beati Andree anno nonogesimo
                                quarto quas reddit : XXVIII libras III solidos IIII denarios </item>
                            <item><lb/> idem libravit Molario castellano Sancti Andree Reversi
                                Montis pro operibus dicti loci faciendis per litteras domini de
                                mandato et <lb/> litteras dicti castellani de recepta quas reddit :
                                XII libras viennensium </item>
                            <item><lb/> idem libravit domino Rodulpho <unclear>Sor[ran]di</unclear>
                                militi per litteras domini de mandato et litteras ipsius de recepta
                                quas reddit : XLIIII libras viennensium </item>
                            <item><lb/> idem libravit Girardo Guioti lathomo pro operibus Treforcii
                                faciendis per litteras domini de mandato et litteras dicti Girardi
                                <lb/> de recepta quas reddit : XL libras viennensium </item>
                            <item><lb/> idem libravit Petro de Montemeliano clerico pro operibus
                                Treforcii et Sancti Andree faciendis per litteras generales domini
                                directas baillivo <lb/> et castellanis terre Baugiaci et Coloigniaci
                                de mandato quas ostendit et per confessionem dicti Petri de recepta
                                quas idem Petrus dicit se <lb/> tradidisse Girardo Guioti lathomo
                                pro operibus Treforcii : XLII libras viennensium </item>
                            <item><lb/> idem libravit Danieli Ysnardi civi et mercatori Astensi in
                                quibus dominus sibi tenebatur ex causa mutui habiti et recepti per
                                <lb/> manum Hugonis de Voyrone per litteras domini de debito datas
                                apud Cabilonem dominica in ramis palmarum anno nonogesimo quarto
                                <lb/> quas reddit que alloquantur de mandato magistri Petri phisici
                                et Petri de Montemeliano clerici qui Petrus dicit <lb/> quod dominus
                                sibi dixit quod dictam <add place="interlinear">pecuniam</add> solvi
                                faceret per dictum castellanum predicto mercatori : XL libras
                                viennensium </item>
                            <item><lb/> idem libravit domino Iohanni Floridi cappellano domini per
                                litteras ipsius de recepta datas Baugiaci die iovis ante natale
                                <lb/> Domini anno nonogesimo quarto quas reddit pro secunda
                                solutione facta Guillermo comitis <sic>Altidioris</sic> que
                                alloquantur de mandato <lb/> magistri Petri phisici presentis :
                                    IX<hi rend="sup">XX</hi> X libras viennensium </item>
                            <item><lb/> idem libravit sacriste Sancti Petri Matisconensis cui
                                debentur per annum de elemosina super redditu Baugiaci pro viginti
                                solidis parisiensium : XXX solidos viennensium </item>
                            <item><lb/> idem libravit in triginta sex libris cere et dimidia empte
                                et solute altari beati Vincentii Matisconensis cui debentur per
                                <lb/> annum ultra triginta quinque libras et dimidiam sibi solutas
                                ut supra : CXIIII solidos viennensium </item>
                            <item><lb/> idem libravit Guillermino de Contamina familiarii domini cui
                                debentur singulis annis ad vitam suam super <lb/> taillia Baugiaci
                                in festo beati Michaelis de dono domini per litteras domini quas
                                ostendit : LX solidos viennensium </item>
                            <item><lb/> idem libravit Petro clerico pro pensione quam percipit
                                singulis annis super redditu fori et nundinarum Baugiaci in festo
                                beati <lb/> Andree et tantumdem debet habere in festo appostolorum
                                Philipi et Iacobi : VII libras X solidos viennensium</item>
                        </list></p>
                    <p><lb/> summa librate : V<hi rend="sup">C</hi> LVIII lb. II s. VI d. vien.</p>
                </div>
            </div>
            <div xml:id="bilan">
                <p><lb/> summa expense salarii et librate : VI<hi rend="sup">C</hi> LIII lb. VI s.
                    VI d. ob. vien., et <lb/> sic debet XXXI libras XIII solidos I denarium III
                    podrigias viennensium <list>
                        <item> quibus adduntur XXXIII libre XVIII solidi IX denarii <lb/>
                            viennensium quas debet de remanentia computi sui castellanie Falaverii </item>
                        <item> et sic debet <lb/> LXV libras XI solidos X denarios III podrigias
                            viennensium</item>
                    </list></p>
            </div>
        </body>
    </text>
</TEI>
