<?xml version="1.0" encoding="UTF-8"?>
<TEI xmlns:math="http://www.w3.org/1998/Math/MathML" xmlns="http://www.tei-c.org/ns/1.0"
    xmlns:xi="http://www.w3.org/2001/XInclude" xmlns:svg="http://www.w3.org/2000/svg"
    xml:id="B6741_2">
    <teiHeader>
        <fileDesc>
            <titleStmt>
                <title>Compte de Barthélémy Sylvestre (<hi rend="italics">Bartholomeus
                        Silvestri</hi>) pour la châtellenie de Bagé, du 15 mai 1298 au 23 mars 1299
                        <date type="debut" from-iso="12980515" cert="high"/><date type="fin"
                        from-iso="12990323" cert="high"/></title>
                <respStmt>
                    <persName><name xml:lang="fra">Barthélémy Sylvestre</name><name xml:lang="lat"
                            >Bartholomeus Silvestri</name></persName>
                    <resp>Châtelain</resp>
                </respStmt>
            </titleStmt>
            <publicationStmt>
                <p>Alain Kersuzan et Frédéric Chartrain, avec la collaboration de Marjorie Burghart, Jean-Louis Gaulin, et Jean-Michel Poisson, 
                    <title>Compte de Barthélémy Sylvestre (<hi rend="italics">Bartholomeus
                        Silvestri</hi>) pour la châtellenie de Bagé, du 15 mai 1298 au 23 mars 1299</title>,
                    Lyon - Chambéry, 2011 (<title>Documents comptables des Etats de Savoie, XIIIe - XVe s.</title>)</p>
            </publicationStmt>
            <seriesStmt>
                <title>Bagé</title>
            </seriesStmt>
            <sourceDesc>
                <p>Information about the source</p>
            </sourceDesc>
        </fileDesc>
    </teiHeader>
    <text>
        <body>
            <milestone n="07" unit="vue"/>
            <pb n="6"/>
            <div xml:id="prologue">
                <p><lb/> Computus Bartholomei Silvestri castellani Baugiaci a die iovis in quindena
                    apostolorum Philippi <lb/> et Iacobi anno Domini M<hi rend="sup">o</hi> CC<hi
                        rend="sup">o</hi> nonagesimo octavo usque ad diem lune in vigilia
                    adnuntiationis dominice anno eodem <lb/> videlicet de quadraginta quatuor
                    septimanis et quatuor diebus receptus apud Chamberiacum per Durandum <lb/> de
                    Fago presentibus domino Amblardo et magistro Petro </p>
            </div>
            <div xml:id="recepte">
                <div xml:id="frumentum">
                    <head>frumentum</head>
                    <p><lb/> idem reddit computum <list>
                            <item> de III<hi rend="sup">C</hi> XLVI meyteriis frumenti receptis in
                                castellania Baugiaci de redditu lunatione et messe per annum <lb/>
                                ut in particulis extractus extente </item>
                            <item> de XV meyteriis receptis de exitu molendini de stanno inclusa
                                farina <lb/> per dictum tempus de quo computat </item>
                            <item> de V meyteriis IIII cupis receptis de exitu terrarum grangie de
                                Nigro Monte hoc <lb/> anno </item>
                            <item> de III meyteriis receptis de exitu decime de
                                    <foreign>Money</foreign> hoc anno </item>
                            <item> de V cupis receptis de Martina <lb/> de <foreign>La
                                    Tortoreri</foreign> pro manso Iohannis de Foresta per
                                annum</item>
                        </list></p>
                    <div type="sub">
                        <head>arreragium</head>
                        <p><list>
                                <item> de IIII<hi rend="sup">C</hi> LXIIII meyteriis frumenti
                                    receptis de <lb/> remanentia computi sui precedentis</item>
                            </list></p>
                    </div>
                    <div>
                        <p> summa : VIII<hi rend="sup">C</hi> XXXIIII meyterii III cupe frumenti <list>
                                <item> de quibus idem <lb/> libravit ad expensas hospitii domini
                                    factas per manum Hugonis de Voyrone clerici per litteras domini
                                    et dicti Hugonis de recepta <lb/> datas die iovis in octabis
                                    nativitatis Domini anno nonagesimo octavo quas reddit : XLVIII
                                    meyterios frumenti </item>
                                <item> item <lb/> deducuntur III meyterii frumenti qui debentur apud
                                        <foreign>Marcenna</foreign> per annum qui includuntur in
                                    firma prepositure <lb/> dicti loci </item>
                                <item> item deducuntur VI meyterii frumenti pro eodem pro duobus
                                    annis precedentibus qui obliti fuerunt ponere <lb/> in
                                    deductionibus prout continetur in quodam memoriale in fine
                                    computi precedentis </item>
                                <item> in venditionibus ut infra <lb/> CIX meyterii frumenti quod
                                    frumentum fuit venditum quia erat de veteri frumento trium
                                    annorum et incipiebat deteriorari </item>
                                <item><lb/> et restant VI<hi rend="sup">C</hi> LXVIII meyterii III
                                    cupe frumenti, et remanent</item>
                            </list></p>
                    </div>
                </div>
                <div xml:id="siligo">
                    <head>siligo</head>
                    <p><lb/> idem reddit computum <list>
                            <item> de XIII<hi rend="sup">XX</hi> XIIII meyteriis IIII cupis
                                siliginis et dimidia receptis in dicta castellania Baugiaci de <lb/>
                                redditu lunatione et messe per annum ut in particulis extractus
                                extente </item>
                            <item> de XXVII meyteriis receptis de <lb/> exitu molendinorum de stanno
                                per dictum tempus inclusa farina </item>
                            <item> de VIII meyteriis receptis de exitu terrarum <lb/> grangie de
                                Nigro Monte hoc anno inclusis milio viciis et panicio </item>
                            <item> de III meyteriis receptis de firma <lb/> decime de
                                    <foreign>Money</foreign> hoc anno </item>
                            <item> de V cupis receptis de taschiis terrarum pasqueragii de Manziaco
                                hoc <lb/> anno </item>
                            <item> de III cupis receptis de Martina de <foreign>La
                                    Tortoreri</foreign> de redditu per annum</item>
                        </list></p>
                    <div type="sub">
                        <head>arreragium</head>
                        <p><list>
                                <item> de <lb/> III<hi rend="sup">C</hi> XXIIII meyteriis II cupis
                                    et dimidia siliginis receptis de remanentia computi sui
                                    precedentis</item>
                            </list></p>
                    </div>
                    <div>
                        <p><lb/> summa : VI<hi rend="sup">C</hi> XXXVIII meyterii III cupe siliginis <list>
                                <item> de quibus deducuntur <lb/> XII meyterii et dimidius siliginis
                                    qui debentur apud <foreign>Replonio</foreign> qui includuntur in
                                    firma prepositure dicti loci </item>
                                <item><lb/> item deducuntur XXIX meyterii qui debentur apud
                                        <foreign>Marcenna</foreign> per annum qui includuntur in
                                    firma prepositure dicti <lb/> loci </item>
                                <item> item in venditionibus ut infra C meyterii siliginis veteris
                                    trium annorum que fuit vendita <sic>que</sic> incipiebat
                                    deteriorari </item>
                                <item><lb/> et restant IIII<hi rend="sup">C</hi> IIII<hi rend="sup"
                                        >XX</hi> XVII meyterii siliginis, et remanent</item>
                            </list></p>
                    </div>
                </div>
                <div xml:id="avena">
                    <head>avena</head>
                    <p><lb/> idem reddit computum <list>
                            <item> de VIII<hi rend="sup">XX</hi> XII meyteriis avene receptis in
                                dicta castellania de redditu marescalcie et guardarum <lb/> per
                                annum ut in particulis extractus extente </item>
                            <item> de V meyteriis receptis de exitu terrarum grangie de Nigro Monte
                                <lb/> hoc anno </item>
                            <item> de IIII meyteriis receptis de exitu decime de
                                    <foreign>Money</foreign> hoc anno </item>
                            <item> de XXIX meyteriis receptis de <lb/> hominibus de
                                    <foreign>Marcenna</foreign> pro affoyagio nemoris de Deserta hoc
                                anno ubi levantur in quolibet hospitio quatuor <lb/> cupe et pro
                                quolibet bove quatuor cupe per annum </item>
                            <item> de VIII cupis receptis de Martina de <foreign>La
                                    Tortoreri</foreign> de <lb/> redditu per annum</item>
                        </list></p>
                    <div type="sub">
                        <head>arreragium</head>
                        <p><list>
                                <item> de II<hi rend="sup">C</hi> XIX meyteriis VII cupis avene
                                    receptis de remanentia computi sui precedentis</item>
                            </list></p>
                    </div>
                    <div>
                        <p><lb/> summa : IIII<hi rend="sup">C</hi> XXX meyterii III cupe avene <list>
                                <item> de quibus deducuntur <lb/> III meyterii V cupe que debentur
                                    apud <foreign>Marcenna</foreign> per annum qui includuntur in
                                    firma prepositure dicti loci </item>
                                <item> item <lb/> libravit ad expensas hospitii domini factas per
                                    manum Hugonis de Voyrone clerici per litteras domini et dicti
                                    Hugonis datas <lb/> die iovis in octabis nativitatis Domini anno
                                    nonagesimo octavo quas reddit : VIII<hi rend="sup">XX</hi> XVII
                                    meyterios avene </item>
                                <item> et <lb/> restant II<hi rend="sup">C</hi> XLIX meyterii X cupe
                                    avene, et remanent</item>
                            </list></p>
                    </div>
                </div>
                <div xml:id="canabum">
                    <head>canabum</head>
                    <p><lb/> idem reddit computum <list>
                            <item> de XXVII muyssellis et dimidio canabi receptis apud
                                    <foreign>Marcenna</foreign> per annum, venduntur ut infra</item>
                        </list></p>
                </div>
                <div xml:id="vinum">
                    <head>vinum</head>
                    <p><lb/> idem reddit computum <list>
                            <item> de VIII<hi rend="sup">XX</hi> XVIII sesteriis vini receptis de
                                exitu decime vinearum Baugiaci hoc anno</item>
                        </list></p>
                    <div type="sub">
                        <head>arreragium</head>
                        <p><list>
                                <item><lb/> de VIII<hi rend="sup">XX</hi> III sesteriis receptis de
                                    remanentia computi sui precedentis</item>
                            </list></p>
                    </div>
                    <div>
                        <p><lb/> summa : III<hi rend="sup">C</hi> XLI sestarii vini <list>
                                <item> de quibus libravit ad expensas hospitii <lb/> domini factas
                                    per manum Hugonis de Voyrone clerici per litteras domini et
                                    dicti Hugonis datas ut supra in frumento : III somatas <lb/>
                                    vini que valent ut dicit IX sesterios </item>
                                <item><del rend="overstrike"> in venditionibus ut infra</del></item>
                                <item> et <lb/> restant III<hi rend="sup">C</hi> XXXII sesterii
                                    vini, et remanent</item>
                            </list></p>
                    </div>
                </div>
                <div xml:id="anseres">
                    <head>anseres</head>
                    <p><lb/> idem reddit computum <list>
                            <item> de VI anseribus receptis apud Nigrum Montem de redditu per annum,
                                venduntur ut infra</item>
                        </list></p>
                </div>
                <div xml:id="galline">
                    <head>galline</head>
                    <p><lb/> idem reddit computum <list>
                            <item> de IIII<hi rend="sup">C</hi> XXIII gallinis receptis in dicta
                                castellania de redditu et consuetudine per annum </item>
                            <item> de II gallinis <lb/> receptis de Martina de <foreign>La
                                    Tortoreri</foreign> pro eodem</item>
                        </list></p>
                    <p><lb/> summa : IIII<hi rend="sup">C</hi> XXV galline <list>
                            <item> de quibus deducuntur XXXVI galline que <lb/> debentur apud
                                    <foreign>Marcenna</foreign> per annum que includuntur in firma
                                prepositure dicti loci </item>
                            <item> item libravit ad expensas <lb/> hospitii domini factas per manum
                                Hugonis de Voyrone clerici per litteras domini et dicti Hugonis
                                datas ut supra in frumento : II<hi rend="sup">C</hi> XXXV <lb/>
                                gallinas </item>
                            <item> et restant VII<hi rend="sup">XX</hi> XIIII galline, venduntur ut
                                infra</item>
                        </list></p>
                </div>
                <div xml:id="pulli">
                    <head>pulli</head>
                    <p><lb/> idem reddit computum <list>
                            <item> de VIII pullis receptis in dicta castellania de redditu per
                                annum, venduntur ut infra</item>
                        </list></p>
                </div>
                <div xml:id="cera">
                    <head>cera</head>
                    <p><lb/> idem reddit computum <list>
                            <item> de XXXVIII libris cere receptis de guardis per annum ut in
                                computo precedenti </item>
                            <item> de I libra recepta de <lb/> Guillermeta <foreign>La
                                    Grangi</foreign> pro guarda per annum de novo </item>
                            <item> de I libra recepta de Iohanne bastardo Hugonis Regis de
                                    <foreign>Phelinz</foreign><lb/> pro eodem </item>
                            <item> de I libra recepta de Godardo de <foreign>Corsant</foreign> pro
                                eodem </item>
                            <item> de I libra recepta de Hugone <foreign>Sorber</foreign><lb/> pro
                                eodem </item>
                            <item> de I libra recepta de Bererdo de Espeyssola pro eodem</item>
                        </list></p>
                    <p><lb/> summa : XLIII libre cere que deducuntur de septuaginta duabus libris
                        <lb/> cere que debentur singulis annis in festo beati Vincentii altari
                        ecclesie sancti Vincentii Matisconensis et <lb/> residuum sibi allocatur
                        infra in libratis, et sic eque de cera</p>
                </div>
                <div xml:id="panes">
                    <head>panes</head>
                    <p><lb/> idem reddit computum <list>
                            <item> de VII panibus receptis in dicta castellania de redditu per annum
                                deductis quatuordecim <lb/> panibus qui debentur apud
                                    <foreign>Marcenna</foreign> qui includuntur in firma prepositure
                                dicti loci, venduntur ut infra</item>
                        </list></p>
                </div>
                <div xml:id="fenum">
                    <head>fenum</head>
                    <p><lb/> idem reddit computum <list>
                            <item> de X charratis feni receptis de exitu prati domini in bosco
                                Baugiaci hoc anno </item>
                            <item> de <lb/> quibus libravit ad expensas centum novem equorum domini
                                apud Baugiacum per unam diem per litteras domini et Hugonis de
                                Voyrone datas <lb/> ut supra in frumento : I charratam et dimidiam </item>
                            <item> et restant : VIII charrate et dimidia feni, et remanent</item>
                        </list></p>
                </div>
                <div xml:id="denarii_census">
                    <head>denarii census</head>
                    <p><lb/> idem reddit computum <list>
                            <item> de XXIX libris XIX solidis obolo parisiensium redditus receptis
                                in dicta castellania Baugiaci de redditu per annum </item>
                            <item><lb/> de XIX libris VII solidis V denariis receptis de prato
                                nemoris Baugiaci per annum ut in particulis dicti extractus </item>
                            <item> de X libris <lb/> XVI solidis VI denariis receptis in dicta
                                castellania de tailliis per annum et levantur in festo beati Andree
                                ut in particulis dicti extractus </item>
                            <item><lb/> de CII libris XII solidis receptis in eadem castellania de
                                tailliis que levantur duobus terminis per annum videlicet medietas
                                in augusto <lb/> et alia medietas in festo beati Andree </item>
                            <item> de XXXVII solidis V denariis receptis de guardis per annum ut in
                                particulis dicti <lb/> extractus </item>
                            <item> de XI solidis VIII denariis receptis de recognitionibus per annum
                                ut in computo precedenti </item>
                            <item> de VII libris XVI <lb/> solidis III denariis receptis de teysis
                                domorum et banchiis ville Baugiaci per annum </item>
                            <item> de XII denariis receptis de domino Hugone <lb/> de Via capellano
                                de redditu per annum post extentam </item>
                            <item> de VI solidis receptis de Hugone de Donno Martino <lb/> pro eodem </item>
                            <item> de VIII denariis receptis de Iohanne de Donno Martino pro eodem </item>
                            <item> de II solidis receptis de Martina de <milestone n="08" unit="vue"
                                    /><pb n="7"/><lb/><foreign>La Tortoreri</foreign> pro eodem </item>
                            <item> de XVI denariis parisiensium receptis de Peroneto de Longo
                                Verneto <sic>emptos</sic> de Guillermo Rodulphi <lb/> de Nigro
                                Monte</item>
                        </list></p>
                    <p> summa : VIII<hi rend="sup">XX</hi> XIII lb. XI s. III d. ob. par. qui
                        parisienses scampsi ad viennenses <lb/> denos octenos valent II<hi
                            rend="sup">C</hi> LX libras VII solidos viennensium</p>
                </div>
                <div xml:id="firme">
                    <head>firme</head>
                    <p><lb/> idem reddit computum <list>
                            <item> de C libris viennensium receptis de firma leyde et coponagii
                                mercati Baugiaci et parvi pedagii quod <lb/> levatur in nundinis
                                dicti loci et banni vini quod venditur prima die maii in dictis
                                nundinis finienda in <lb/> festo beati Iohannis baptiste anno
                                nonagesimo nono et respondet minus quam anno preterito de decem
                                libris quia plus non potuit <lb/> adcensari </item>
                            <item> de XLIIII libris receptis de Laurentio filio Gileti de Baugiaco
                                et de Hugonino de Foresta <lb/> pro firma chacipollerie de Baugiaco
                                finienda eodem termino </item>
                            <item> de XXII libris receptis de Guioneto Martini <lb/> de Replonio pro
                                firma chacipollerie de Replonio finienda eodem termino </item>
                            <item> de X libris receptis de Ruffo <lb/><foreign>Bastet</foreign> pro
                                firma chacipollerie de Manziaco finienda eodem termino </item>
                            <item> de XIIII libris receptis de <lb/> Golomardo pro firma
                                chacipollerie de <foreign>Ungers</foreign> finienda eodem termino </item>
                            <item> de XVII libris receptis de Humberto <lb/> Destrilli pro firma
                                chacipollerie Sancti Iohannis supra Reyssousa finienda eodem termino </item>
                            <item> de XXIX libris <lb/> VIII solidis III denariis receptis de eodem
                                Humberto pro firma chacipollerie de Marcenna finienda eodem termino
                                <lb/> deductis centum quatuor solidis novem denariis viennensium de
                                redditu per annum et septem solidis pro recognitionibus <lb/> per
                                annum qui debentur in dicta chacipolleria per annum et qui
                                includuntur in dicta firma </item>
                            <item> de VII solidis <lb/> VI denariis receptis de Masuerio pro eo quod
                                sibi concessum est capere perdrices in dicta castellania per annum </item>
                            <item> de VI solidis <lb/> receptis de Hugone <foreign>del
                                    Boschat</foreign> pro eodem </item>
                            <item> de IIII solidis receptis de Ogerio <foreign>Gardat</foreign> pro
                                eodem </item>
                            <item> de II solidis receptis <lb/> de fratre Reynoudi
                                    <foreign>Pelleter</foreign> pro eodem </item>
                            <item> de IIII solidis receptis de Peroneto Iuglart et eius socio pro
                                eodem </item>
                            <item><lb/> de XL libris receptis de Bererdo de Donno Martino et de
                                Bererdo Choleti pro firma parcagii ballarum <lb/> finienda in festo
                                beati Iohannis baptiste anno nonagesimo nono </item>
                            <item> de XX solidis receptis de Ruffo <foreign>Bastet</foreign> pro
                                firma <lb/> signaculi mensurarum bladi finienda eodem termino </item>
                            <item> de II solidis receptis de Vincentio de <foreign>Corsant</foreign>
                                pro <lb/> duabus quartis vini quas debet per annum pro tanto
                                venditis hoc anno </item>
                            <item> de XXIIII solidis receptis de locagio <lb/> bancharum ante domum
                                que fuit quondam Gileti de Baugiaco et de merceriis ibidem
                                vendentibus per unum annum <lb/> finiendum in festo beati Iohannis
                                baptiste deductis tribus solidis qui debentur domino pro
                                    <sic>blanchagio</sic> et teysis per annum</item>
                        </list></p>
                    <p><lb/> summa : II<hi rend="sup">C</hi> LXXIX lb. XVII s. IX d. vien.</p>
                </div>
                <div xml:id="laudes_et_vende">
                    <head>laudes et vende</head>
                    <p><lb/> idem reddit computum <list>
                            <item> de IIII solidis VI denariis viennensium receptis de Bernarda de
                                Monte pro prato empto de sorore sua pretio <lb/> triginta solidorum
                                et levantur de qualibet <add place="interlinear">libra</add> tres
                                solidi </item>
                            <item> de III solidis IX denariis receptis de Clemente de
                                    <foreign>Larronay</foreign> pro <lb/> terra empta de Martino
                                fratre suo pretio viginti quinque solidorum </item>
                            <item> de XX denariis receptis de Gonterio Iomardi <lb/> pro fructibus
                                cuiusdam prati empti ad certum tempus pretio undecim solidorum sex
                                denariorum </item>
                            <item> de XII solidis receptis de Iohanneto <lb/> Fabri
                                    <foreign>d’Ongers</foreign> pro terra empta a liberis Stephani
                                    <foreign>Chavanel</foreign> pretio quatuor librarum </item>
                            <item> de XIII solidis VI denariis <lb/> receptis de Iohanne de Bosco
                                pro terra empta de dicto <foreign>Amiart</foreign> et de liberis
                                Iohannis <foreign>Rossat</foreign> pretio quatuor librarum decem
                                <lb/> solidorum </item>
                            <item> de XXI solidis receptis de liberis a <foreign>La Sangea</foreign>
                                de Chavargniaco pro terra empta a liberis Bernardi
                                    <foreign>Guapin</foreign><lb/> pretio septem librarum </item>
                            <item> de II solidis IIII denariis receptis de Iohanneto Boler
                                    <foreign>d’Ongers</foreign> pro terra empta a Iohanneto
                                    <foreign>Moyllon</foreign><lb/> pretio sexdecim solidorum </item>
                            <item> de IIII solidis <add place="interlinear">VI denariis</add>
                                receptis de Peroneto clerico de Donno Martino pro medietate laudium
                                fructuum emptorum <lb/> cuiusdam prati ab uxore Peroneti
                                    <foreign>Pifot</foreign> pretio sexaginta solidorum </item>
                            <item> de XXIIII solidis X denariis receptis de eodem <lb/> Peroneto pro
                                domo empta de Achardeto filio Andree Arconis pretio octo librarum et
                                unius sestarii bladi </item>
                            <item> de VI solidis <lb/> IX denariis receptis de Guillermeto
                                    <foreign>Rolin</foreign> pro prato empto de Floreta <foreign>La
                                    Dombeysa</foreign> pretio quadraginta quinque solidorum </item>
                            <item> de <lb/> XII denariis receptis de Aymoneto
                                    <foreign>Torer</foreign> pro parvo prato empto de Peroneto
                                    <foreign>Crespel</foreign> pretio septem solidorum </item>
                            <item> de XI solidis III denariis <lb/> receptis de Ogerio
                                    <foreign>Buysserolles</foreign> pro terra empta de Girerdo Albi
                                pretio sexaginta quindecim solidorum </item>
                            <item> de XXII solidis <lb/> VI denariis receptis de Iohanneto
                                    <foreign>Rossat</foreign> et de filio Humberti Bochardi pro
                                terra empta a dictis <foreign>Poloymars</foreign> pretio septem
                                <lb/> librarum decem solidorum </item>
                            <item> de II solidis III denariis receptis a dictis Iohanneto
                                    <foreign>Rossat</foreign> et filio dicti Humberti pro terra
                                empta a dictis <lb/><foreign>Phitillart</foreign> pretio quindecim
                                solidorum </item>
                            <item> de IIII solidis IX denariis receptis de Stephano
                                    <foreign>Pailler</foreign> pro terra empta de liberis <lb/>
                                Roleti <foreign>del Biez</foreign> pretio triginta duorum solidorum </item>
                            <item> de XXX solidis receptis de uxore quondam Guillermi
                                    <foreign>Cholet</foreign> pro <lb/> quadam domo sibi tradita pro
                                decem libris in solutione dotis sue </item>
                            <item> de XV solidis receptis de Goyno de Lopona <lb/> pro terra empta a
                                Guigoneto fratre suo pretio centum solidorum </item>
                            <item> de XIII solidis receptis de Petito de <foreign>Mont Cuc</foreign>
                                pro <lb/> prato empto de Bernardo Mariglerii pretio quatuor librarum
                                sex solidorum </item>
                            <item> de XII solidis IX denariis receptis de liberis
                                    <lb/><foreign>Boter</foreign> de <foreign>Chantuenz</foreign>
                                pro terra empta de Martino <foreign>Dorrer</foreign> et participibus
                                suis pretio quatuor librarum quinque <lb/> solidorum </item>
                            <item> de IIII solidis VI denariis receptis de Hugone de Replonio pro
                                terra empta a Iohanneta Daguina pretio triginta solidorum </item>
                            <item><lb/> de XVIII denariis receptis de Humberto
                                    <foreign>Bariont</foreign> pro rebus emptis a Guioneto
                                    <foreign>Cochet</foreign> pretio decem solidorum </item>
                            <item> de IX solidis <lb/> IX denariis receptis <sic>receptis</sic> de
                                Iohanneta Sorella pro rebus emptis de donno Guichardo Sorelli pretio
                                sexaginta quinque solidorum </item>
                            <item> de XXIII solidis III denariis receptis de Martino
                                    <foreign>Pifaut</foreign> pro rebus emptis de Hugone
                                    <foreign>del Perer</foreign> pretio septem librarum <lb/>
                                quindecim solidorum </item>
                            <item> de V solidis III denariis receptis de Iohanneto Masuerii pro
                                terra empta a Benedicto et fratre suo pretio triginta <lb/> quinque
                                solidorum </item>
                            <item> de XXI solidis receptis de Iohanneto Arconis pro parvo plastro
                                empto a Perroneto <foreign>Joffrey</foreign> pretio septem <lb/>
                                librarum </item>
                            <item> de III solidis VII denariis receptis de Ogerio de Larna pro terra
                                empta de Hugone fratre suo pretio viginti quatuor <lb/> solidorum </item>
                            <item> de XII solidis IX denariis receptis de Cristino de
                                    <foreign>Cort</foreign> pro terra empta de filia Perrini de
                                    <foreign>Cort</foreign> pretio <lb/> quatuor librarum et quinque
                                solidorum </item>
                            <item> de XXXIII solidis receptis de Ruffo <foreign>Bastet</foreign> pro
                                vinea empta ab executoribus <lb/> Martinete pretio undecim librarum </item>
                            <item> de XXXIX solidis receptis de Iohannino de Donno Martino pro
                                curtili empto de <lb/> Gauterio <foreign>Trulent</foreign> pretio
                                tresdecim librarum </item>
                            <item> de XXX solidis receptis de eodem Iohannino pro domo empta de
                                relicta <lb/> magistri Guidonis pretio decem librarum </item>
                            <item> de CV solidis receptis de Bererdo de Donno Martino pro rebus
                                emptis <lb/> que quondam fuerunt Iohannis
                                    <foreign>Dignet</foreign><add place="interlinear">pretio</add>
                                triginta quinque librarum </item>
                            <item> de LX solidis receptis de Hugone <foreign>Lo Questan</foreign>
                                pro aliquibus rebus emptis <lb/> que quondam fuerunt dicti Iohannis
                                    <foreign>Dignet</foreign> pretio viginti librarum </item>
                            <item> de XV solidis receptis de eodem Hugone pro terra empta a <lb/>
                                Bererdo de Donno Martino pretio centum solidorum</item>
                        </list></p>
                    <p><lb/> summa : XXVIII lb. X s. XI d. vien. </p>
                </div>
                <div xml:id="banna_et_clame">
                    <head>banna</head>
                    <p><lb/> idem reddit computum <list>
                            <item> de LX solidis viennensium receptis de Perroneto
                                    <foreign>Rol</foreign> de <foreign>Montcroser</foreign> pro
                                furto unius ciphi lignei </item>
                            <item><lb/> de XL solidis receptis de Bognerio filio a <foreign>La
                                    Denina</foreign> quia ceperat fructus alterius furtive et quia
                                scinderat <lb/> salices Andree Arconis </item>
                            <item> de IIII libris receptis de Peroneto <foreign>Quinquat</foreign>
                                quia iniuriaverat <unclear>fili[am]</unclear> a Lorreyllarda <lb/>
                                et quia appropriaverat sibi de itinere publico </item>
                            <item> de XX solidis receptis de bastardo monachi de
                                    <foreign>Monz</foreign> quia ceperat <lb/> racemos alienos </item>
                            <item> de LX solidis receptis de Guillermeto <foreign>Chambont</foreign>
                                quia ceperat furtive de ligna in nemore <lb/> Cheyti </item>
                            <item> de C solidis receptis de filio Ogerii de Ulmo pro eodem </item>
                            <item> de IIII libris receptis de preceptore <lb/> de
                                    <foreign>Espeyssi</foreign> quia appropriaverat vias publicas
                                sibi </item>
                            <item> de XX solidis receptis de <foreign>Cymahac</foreign> Iudeo quia
                                verberavit <lb/> Pasqualem familiarem Iohannis Martini </item>
                            <item> de XX solidis receptis de Iohanneto <foreign>Gobet</foreign> pro
                                saysina fracta </item>
                            <item><lb/> de XXX solidis receptis de <foreign>La Mazayri</foreign>
                                quia <sic>arraverat</sic> viam publicam et sibi appropriaverat </item>
                            <item> de XL solidis receptis de Guillermeto <foreign>Lo
                                    Cercler</foreign> de Ansa quia forveaverat viam pro eo quod non
                                solveret pedagium </item>
                            <item> de XX solidis <lb/> receptis ab uxore Ruffi de Torna quia
                                dicebatur cepisse furtive unum <unclear>[te]perium</unclear></item>
                            <item> de XV solidis <lb/> receptis de Guillermeto filio
                                    <foreign>Blanchin</foreign> quia fecerat sepem in via publica </item>
                            <item><lb/> de XX solidis receptis de Stephano Chaboudi <lb/> pro eodem </item>
                            <item> de LX solidis receptis de Stephano <foreign>Raquier</foreign> et
                                de Marchiando et de complicibus ipsorum quia pignoraverant <lb/>
                                auctoritate propria Stephanum filium Ponceti
                                    <foreign>Rolin</foreign></item>
                            <item> de XX solidis receptis de Iohanneto de <foreign>La
                                    Saleta</foreign> quia appropriaverat <lb/> sibi de via publica </item>
                            <item> de X solidis receptis de Hugoneto <foreign>del
                                    Perer</foreign><sic>pro eo quia</sic> appropriaverat de pascuis
                                communibus </item>
                            <item><lb/> de XL solidis receptis de Arnoleto de Io quia appropriaverat
                                sibi de via publica </item>
                            <item> de LX solidis receptis de Stephaneto
                                    <foreign>Gloner</foreign><milestone n="09" unit="vue"/><pb n="8"
                                /><lb/> de Iaya pro eo quia verberaverat minus iuste in curatum de
                                Iaya </item>
                            <item> de X solidis receptis de Stephano <foreign>Boler</foreign> quia
                                    verberaverat<lb/><foreign>Lo Tort espitaler</foreign></item>
                            <item> de XXX solidis receptis de Hugone <foreign>Jornet</foreign> et
                                consanguineo suo quia ceperant de fructu alterius <lb/> de nocte </item>
                            <item> de XL solidis receptis <foreign>del Duc</foreign> de <foreign>La
                                    Saleta</foreign> quia appropriaverat sibi de itinere publico </item>
                            <item> de XX solidis receptis de <lb/> Minderana pro saysinis fractis </item>
                            <item> de XXX solidis receptis de Ogerio filio <foreign>Amiart</foreign>
                                pro banno sanguinis </item>
                            <item><lb/> de XXX solidis receptis de Stephano de <foreign>Les
                                    Moylles</foreign> quia appropriaverat sibi viam publicam </item>
                            <item> de XX solidis receptis de Bernardo <lb/> Maignini pro eodem </item>
                            <item> de LX solidis receptis de boveriis illorum <foreign>del
                                    Truchal</foreign> quia ceperant de feno <sic>alio</sic> furtive
                                <lb/> in pratis subtus <foreign>Manzia</foreign></item>
                            <item> de XXX solidis receptis a dicto <foreign>Pollet</foreign> de
                                Valle pro saysina fracta </item>
                            <item> de <lb/> XL solidis receptis de Iohanneto Sarraceni quia non
                                potuit adducere liberos Benedicti <foreign>Levra</foreign> de
                                    <foreign>Givre</foreign> coram castellano <lb/> pro quibus erat
                                fideiussor qui liberi accusabantur <sic>de aliquibus
                                porcis</sic></item>
                            <item> de LX solidis receptis de Ogerio
                                    <lb/><foreign>Buysserolles</foreign> quia fuit inventus de nocte
                                cum muliere Hugonis <foreign>Coyntet</foreign></item>
                            <item> de XXX solidis receptis de Peroneto munerio <lb/> de Marcenna
                                quia suspectus fuit cepisse unam anylliam molendini </item>
                            <item> de XX solidis receptis de Guillermino garcione <lb/> dicti
                                    <foreign>Bo</foreign> quia disruperat sepem Pennardi ultra
                                voluntatem ipsius </item>
                            <item> de LX solidis receptis de Francisco de
                                    <lb/><foreign>Cortbertout</foreign> pro fractura saysine </item>
                            <item> de XL solidis receptis de Perreto de Corestrillo quia
                                appropriaverat sibi de pascuis communibus </item>
                            <item><lb/> de VI libris receptis de Humberto <foreign>Boscher</foreign>
                                quia fecerat quamdam vineam in terris communibus ville de Nigro
                                Monte </item>
                            <item> de X libris receptis de Guichardo <foreign>Verays</foreign> de
                                Donno Martino pro banno furti </item>
                            <item> de XL libris receptis de <lb/> Iohanneto
                                    <foreign>Estrevier</foreign> de <foreign>Chassaigni</foreign>
                                quia ceperat aliquas equas Bognerii de Vallibus et ipsas
                                    <sic>extracxit</sic> extra terram <lb/> domini et quia fregit
                                prisionem domini </item>
                            <item> de XXX solidis receptis de Gileto <foreign>Pela</foreign> quia
                                percusserat uxorem Ogerii de <foreign>Bo</foreign><lb/>et quia
                                ceperat unam capram ultra voluntatem ipsius </item>
                            <item> de XX solidis receptis de <foreign>Rosan</foreign> de
                                    <foreign>Praborsan</foreign><add place="interlinear"
                                >quia</add><lb/> perturbaverat possessionem liberorum Petri de
                                    <foreign>Boyssey</foreign></item>
                            <item> de XXX solidis receptis de Guioneto de
                                        <unclear><foreign>Ter[n]ant</foreign></unclear> pro saysina
                                <lb/> fracta </item>
                            <item> de XX solidis receptis de Stephaneto <foreign>Lo Chet</foreign>
                                quia occupaverat viam publicam </item>
                            <item> de X solidis receptis de <lb/> Guillermino <foreign>Lo Charreton
                                    Bo</foreign> quia verberavit unum Iudeum in itinere publico </item>
                            <item> de X solidis receptis de <lb/> guarcione Bernardi
                                    <foreign>Gison</foreign> pro eodem </item>
                            <item> de X solidis receptis de dicto <foreign>Chalanron</foreign> pro
                                eodem </item>
                            <item> de X solidis receptis de <lb/> Bernardo de Foresta pro eodem </item>
                            <item> de XL solidis receptis de <foreign>La Barondo</foreign> de
                                Matiscone pro banno adulterii </item>
                            <item><lb/> de XXII libris receptis de filio Guillermeti Bocherii de
                                Nigro Monte et de Girerdo de Longo Verneto pro banno <lb/> furti </item>
                            <item> de XXX solidis receptis de Iohanne de <foreign>Fay</foreign> quia
                                appropriaverat sibi viam publicam </item>
                            <item> de XI libris <lb/> receptis de Iohanneto Bognerii de Vallibus pro
                                pluribus <add place="interlinear">iniuriis</add> factis in
                                chacipolleria de Ripperia et quia fecerat privatam prisionem</item>
                        </list></p>
                    <div type="sub">
                        <head>clame</head>
                        <p><list>
                                <item><lb/> de VI libris II solidis receptis de pluribus clamis et
                                    saysinis trium solidorum et inferius per dictum tempus ut in
                                    particulis</item>
                            </list></p>
                    </div>
                    <div>
                        <p><lb/> summa : VII<hi rend="sup">XX</hi> XIIII lb. V s. vien deductis
                            decem septem libris duobus <lb/> solidis pro parte castellani capientis
                            in libra bannorum duos solidos</p>
                    </div>
                </div>
                <div xml:id="escheyte_et_inventa">
                    <head>escheyte</head>
                    <p><lb/> idem reddit computum <list>
                            <item> de C solidis viennensium receptis de Martino
                                    <foreign>Dorer</foreign> et participibus suis quia castellanus
                                eis dimisit <lb/> possessiones filie Aymoneti de
                                    <foreign>Chanvenz</foreign> consanguinee ipsorum defuncte sine
                                herede </item>
                            <item> de X solidis receptis de <lb/> Martino de
                                    <foreign>Laronay</foreign> quia quittavit fratri suo ius
                                hereditatis sue </item>
                            <item> de XXX solidis receptis de Ogerio
                                <foreign>Buysserolles</foreign><lb/> quia castellanus fecit haberi
                                eidem quamdam venditionem terre quam sibi vendiderat Girerdus Albi
                                ultra laudes <lb/> et vendas superius computatas </item>
                            <item> de V solidis receptis de Iohanne <foreign>Phitillart</foreign>
                                quia castellanus laudavit <del rend="overstrike">sibi</del> quamdam
                                <lb/> venditionem quam ipse fecerat Iohanni Rosseti </item>
                            <item> de XX solidis receptis de donno Guichardo
                                    <foreign>Sorel</foreign> capellano <lb/> quia castellanus
                                consentivit venditioni hereditatis sue quam fecit nepotibus suis </item>
                            <item> de XX solidis receptis de filia <lb/> Perrini de
                                    <foreign>Cort</foreign> quia castellanus consentivit venditioni
                                quam ipsa fecit de hereditate sua Cristino de
                                    <foreign>Cort</foreign></item>
                        </list></p>
                    <div type="sub">
                        <head>inventa</head>
                        <p><lb/> idem reddit computum <list>
                                <item> de V solidis receptis de quodam supertunicali <add
                                        place="interlinear">de rigato</add> invento vendito pro
                                    tanto</item>
                            </list></p>
                    </div>
                    <div>
                        <p><lb/> summa : IX lb. X s. vien.</p>
                    </div>
                </div>
                <div xml:id="iudei">
                    <head>Iudei</head>
                    <p><lb/> idem reddit computum <list>
                            <item> de XL solidis viennensium receptis de Vivando Iudeo et eius
                                filiis pro censa sua <del rend="overstrike">finienda</del> in festo
                                beate Marie <lb/> Magdalene </item>
                            <item> de VI libris receptis de Giseroto Iudeo pro censa sua eodem
                                termino </item>
                            <item> de XXXVI solidis receptis de Bella <lb/> Iudea morante apud
                                Matisconem pro duobus <sic>flurenis</sic> auri quos debet pro garda
                                per annum</item>
                        </list></p>
                    <p><lb/> summa : IX lb. XVI s. vien.</p>
                </div>
                <div xml:id="venditiones">
                    <head>venditiones</head>
                    <p><lb/> idem reddit computum <list>
                            <item> de XL libris XVII solidis VI denariis viennensium receptis de
                                centum novem meyteriis frumenti sine getis venditis <lb/> ut supra
                                quolibet meyterio vendito septem solidis sex denariis et fuit minus
                                venditus quia deterioratum erat et quia erat <lb/> de frumento
                                veteri trium annorum </item>
                            <item> de XXVII libris X solidis receptis de centum meyteriis siliginis
                                venditis ut supra quolibet <lb/> meyterio vendito quinque solidis et
                                sex denariis sine getis </item>
                            <item> de XIIII solidis receptis de viginti muyssellis et dimidio canabi
                                venditis <lb/> ut supra muyssello vendito sex denariis cum tribus
                                denariis ultra </item>
                            <item> de IIII solidis VI denariis receptis de sex anseribus venditis ut
                                <lb/> supra qualibet novem denariis </item>
                            <item> de LVII solidis IX denariis receptis de septies viginti
                                quatuordecim gallinis venditis ut supra qualibet <lb/> gallina
                                vendita quatuor denariis et obolo </item>
                            <item> de XII denariis receptis de octo pullis venditis ut supra pro
                                tanto </item>
                            <item> de V solidis <lb/> VI denariis receptis de septem panibus
                                venditis ut supra pro tanto</item>
                        </list></p>
                    <p><lb/> summa : LXXII lb. X s. III d. vien.</p>
                </div>
                <div>
                    <p><lb/> summa totius recepte : VIII<hi rend="sup">C</hi> XIIII lb. XVI s. XI d.
                        vien.</p>
                </div>
                <div xml:id="arreragium">
                    <head>arreragium</head>
                    <p><lb/> idem reddit computum <list>
                            <item> de II<hi rend="sup">C</hi> IIII<hi rend="sup">XX</hi> X libris
                                XVII solidis VIII denariis viennensium receptis de remanentia
                                computi sui precedentis</item>
                        </list></p>
                </div>
                <div xml:id="auxilium">
                    <head>auxilium</head>
                    <p><list>
                            <item><lb/> de IIII<hi rend="sup">XX</hi> libris receptis de burgensibus
                                Baugiaci pro auxilio quod fecerunt domino comiti pro dote domine
                                Margarite<lb/> filie sue uxoris marchionis Montisferrati</item>
                        </list></p>
                    <p><lb/> summa arreragii et auxilii : III<hi rend="sup">C</hi> LXX lb. XVII s.
                        VIII d. vien.</p>
                </div>
                <div xml:id="bilan_recepte">
                    <p><lb/> summa totius recepte cum arreragio : XI<hi rend="sup">C</hi> IIII<hi
                            rend="sup">XX</hi> V lb. XIIII s. VII d. vien.</p>
                </div>
            </div>
            <div xml:id="expense_et_librate">
                <div xml:id="expense">
                    <p><list>
                            <item> de <lb/> quibus in ponte castri Baugiaci aptando et latrina dicti
                                castri que minabatur ruinam erigenda et <sic>appodienda</sic><lb/>
                                ut in particulis : VIII solidos VIII denarios </item>
                            <item> in una domo que erat in recepto plani castri lacerenda et
                                    <sic>thegula</sic><lb/> descendenda de dicta domo et reponenda
                                in quadam platea : X solidos VI denarios </item>
                            <item> in postibus positis in <lb/> intermedio granerii et blado veteri
                                transmutando de uno granerio in alium et dicto granerio
                                    <sic>recohoperiendo</sic><lb/> ut in particulis : VI solidos X
                                denarios </item>
                            <item> in locagio unius domus in qua reponitur avena domini : XX solidos </item>
                            <item> in prandio <lb/> hominum apportantium servitia et usagia domini
                                ad castrum tertia die nativitatis Domini : IIII solidos VI denarios </item>
                            <item> in expensis <lb/> hominum falcantium et fenantium pratum domini
                                in nemore Baugiaci et in pane dato boveriis adducentibus dictum
                                <lb/> fenum apud Baugiacum et ipso feno reponendo in grangia : XVIII
                                solidos </item>
                            <item> in grangia in qua repositum fuit <lb/> dictum fenum
                                recohoperienda et aptanda hoc anno : XII solidos </item>
                            <item> in vindemia decime domini recolligenda <lb/> et apportanda ad
                                castrum et tinis et doliis religandis et circulis emptis ad idem et
                                dicta vindemia <lb/> torculanda et vino reponendo in doliis ut in
                                particulis : LXVI solidos VIII denarios </item>
                            <item> in <sic>quoddam</sic> foramine <lb/> quod evenerat in calciata
                                stanni Baugiaci <sic>osturando</sic> et emendando hoc anno ut in
                                particulis : XXV solidos <lb/> IIII denarios </item>
                            <item> in calciata stanni novi versus boscum de <foreign>Money</foreign>
                                que rupta erat propter <sic>innundationem</sic> aquarum de <lb/>
                                longitudine quindecim teysarum et pro ipsa calciata altianda et
                                gazonanda ad taschiam per manum Mileti <lb/> terrallionis : VII
                                libras X solidos </item>
                            <item> in sepibus factis ante dechargiatorem dicti stanni et supra
                                dictam calciatam <lb/> ne caminum vadat supra ipsam : X solidos </item>
                            <item> in novem millibus carparum positarum in dicto stanno <lb/>
                                habentium <sic>capud</sic> et caudam : LXXIII solidos </item>
                            <item> in calciata stanni de <foreign>Chivrous</foreign> aptanda hoc
                                anno ut <lb/> in particulis : XXV solidos III denarios </item>
                            <item> in duabus molis emptis apud Cabilonem et positis in molendinum
                                stanni Baugiaci <lb/> hoc anno deductis decem solidis pro una mola
                                veteri pro tanto vendita : LXVIII solidos VI denarios </item>
                            <item> in <lb/> aqua fossatorum castri Baugiaci removenda de dictis
                                fossatis et uno fossato facto ad <sic>prohiciendum</sic> aquam extra
                                dicta <lb/> fossata et pro piscibus ibidem capiendis et portandis in
                                aliis fossatis et in stanno Baugiaci : XIIII solidos III denarios </item>
                            <item><lb/> in stipendiis nuntiorum missorum pro negotiis domini per
                                dictum tempus : VIII solidos </item>
                            <item> in pane dato boveriis <lb/> adducentibus blada domini de villis
                                ad castrum : IX solidos</item>
                        </list></p>
                    <p><add place="leftMargin"> summa harum expensarum : XXVI lb. X s. VI
                        d.</add></p>
                    <div xml:id="opus_quarronerie">
                        <head>opus quarronerie</head>
                        <p><list>
                                <item><lb/> in stipendiis sexaginta sex hominum <lb/> scindentium in
                                    bosco de <foreign>Money</foreign> minuta ligna ad opus
                                    quarronerie domini quasi per unam diem et dantur <lb/> uno plus
                                    altero minus ut in particulis : XXXVI solidos III denarios </item>
                                <item> in pane dato ducentis quatuordecim <lb/> hominibus
                                    scindentibus ligna in dicto bosco ad opus dicte quarronerie et
                                    dantur cuilibet in die duo denarii pro <lb/> pane : XXXV solidos
                                    VIII denarios </item>
                                <item> in scisura novem millium ducentorum fagotorum scisorum in
                                    eodem nemore <lb/> in taschia et dantur pro quolibet milliario
                                    octo solidi : LXXIIII solidos </item>
                                <item> in pane dato boveriis adducentibus <lb/> predicta ligna et
                                    alia ligna que anno preterito remanserunt scisa in dicto bosco
                                    ut in computo precedenti de quibus <lb/> lignis cocte fuerunt
                                    quatuor fornate quarronum : VII libras XIX solidos VI denarios
                                    viennensium </item>
                                <item> in stipendiis dicti <lb/><foreign>Cheyna</foreign> de
                                    Baugiaco procurantis dictum charreagium pro dictis quatuor
                                    fornatas coquendis : XVII solidos </item>
                                <item><lb/> in arcubus furni quarronerie reficiendis per predictas
                                    quatuor fornatas : XXIII solidos </item>
                                <item> in sablone <milestone n="10" unit="vue"/><pb n="9"/><lb/>
                                    adducendo ad quarroneriam pro dictis quarronibus faciendis :
                                    XXVI solidos </item>
                                <item> in fossatis dicte quarronerie recurandis <lb/> hoc anno :
                                    IIII solidos XI denarios </item>
                                <item> idem libravit Iohanni <foreign>Dadin</foreign> quarronerio
                                    pro dictis quatuor fornatis quarronum <lb/> faciendis et
                                    coquendis et dantur ei pro qualibet fornata que debet continere
                                    viginti duo milliaria quarronum <lb/> sex libre duodecim solidi
                                    videlicet pro quolibet milliario sex solidi : XXVI libras VIII
                                    solidos viennensium </item>
                                <item> in piesonibus sale castri faciendis videlicet in longitudine
                                    dicte sale a parte interiori dicti castri et intra verso <lb/>
                                    dicte sale a parte sale veteris : XL solidos X denariis </item>
                                <item> in triginta trabibus de longitudine quatuor teysarum <lb/>
                                    faciendis in nemore de <foreign>Chamandrey</foreign> in taschia
                                    ad opus turris dicti castri : XXX solidos </item>
                                <item> in pane <lb/> dato quaterviginti septem boveriis adducentibus
                                    dictas trabes ad castrum : XIIII solidos VI denarios </item>
                                <item> in expensis <lb/> unius latronis suspensi : XII denarios </item>
                                <item> in pane dato boveriis <add place="interlinear"
                                        >adducentibus</add> septies viginti charratas lapidum ab
                                    aqua Sagonne usque <lb/> ad quarroneriam ad faciendum calcem :
                                    XXV solidos III denarios </item>
                                <item> in stipendiis ipsius castellani per unum annum finiendum
                                        XI<hi rend="sup">a</hi><lb/> kalendas iunii anno nonagesimo
                                    nono per conventionem factam cum <add place="interlinear"
                                        >eo</add> : XXV libras viennensium</item>
                            </list></p>
                        <p><add place="leftMargin"> summa quarronerie : XLV lb. IIII s. IIII
                                d.</add></p>
                    </div>
                    <div>
                        <p><lb/> summa expensarum et salarii : CII lb. VI s. V d. vien.</p>
                    </div>
                </div>
                <div xml:id="librate">
                    <head>librate</head>
                    <p><list>
                            <item><lb/> idem libravit domino comiti per manum Bartholomei
                                    <foreign>Guioti</foreign> recipientis per litteras domini de
                                recepta et testimonio <lb/> datas die veneris post festum beati
                                Bartholomei apostoli anno nonagesimo octavo quas reddit : C libras
                                viennensium </item>
                            <item><lb/> idem libravit ad expensas hospitii domini factas per manum
                                Hugonis de Voyrone per litteras domini et dicti Hugonis de recepta
                                datas <lb/> die iovis in octabis nativitatis Domini anno nonagesimo
                                octavo quas reddit : VII<hi rend="sup">XX</hi> X libras viennensium </item>
                            <item><lb/> idem libravit domino Iohanni Fluridi per litteras domini de
                                mandato et per litteras dicti domini Iohannis de recepta datas in
                                octabis <lb/> epiphanie Domini anno nonagesimo septimo quas reddit
                                de illis denariis quos burgenses Baugiaci dederunt domino pro
                                subsidio <lb/> dotis domine Margarite filie sue : IIII<hi rend="sup"
                                    >XX</hi> libras viennensium </item>
                            <item><lb/> item libravit Petro de Montemeliano clerico cui debentur per
                                annum pro capella sancti Mauritii supra leydam fori <lb/> et
                                nundinarum Baugiaci videlicet medietas in festo beati Andree
                                apostoli et alia medietas in festo apostolorum Philippi et Iacobi
                                <lb/> et allocantur de termino dicti festi apostolorum Philippi et
                                Iacobi de anno nonagesimo nono : XV libras viennensium </item>
                            <item><lb/> item libravit sacriste Sancti Petri Matisconensis cui
                                debentur per annum in nativitate Domini de elemosina : XXX solidos
                                viennesium </item>
                            <item><lb/> item libravit in viginti novem libris cere emptis et solutis
                                altari Sancti Vincentii Matisconensis cui debentur per annum <lb/>
                                de elemosina cum quadraginta tribus libris cere sibi allocatis ut
                                supra : IIII libras VII solidos viennensium </item>
                            <item><lb/> item libravit Guillermerio de Condamina familiari domini
                                quondam cui debentur per annum ad vitam suam in festo beati <lb/>
                                Michaelis de dono domini : LX solidos viennensium </item>
                            <item><lb/> item libravit abbati Trenorchii cui debentur per annum in
                                nativitate Domini in <sic>exscambium</sic> terrarum prioratus de
                                    <foreign>Chivrous</foreign><lb/> que occupate sunt per stannum
                                dicti loci quas dominus sibi assignavit et precepit solvi per Petrum
                                de Montemeliano <lb/> clericum de mandato cuius dictus castellanus
                                ipsas solvit ut idem Petrus presens confitetur : VII libras VII
                                solidos VI denarios</item>
                        </list></p>
                    <p><lb/> summa librate : III<hi rend="sup">C</hi> LXI lb. IIII s. VI d.
                        vien.</p>
                </div>
                <div>
                    <p><lb/> summa expensarum salarii et librate : IIII<hi rend="sup">C</hi> LXIII
                        lb. X s. XI d. vien.</p>
                </div>
            </div>
            <div xml:id="bilan">
                <p> et <lb/> sic debet VII<hi rend="sup">C</hi> XXII libras III solidos VIII
                    denarios viennensium <list>
                        <item> quibus adduntur CVI libre XVIII <lb/> solidi viennensium quos recepit
                            de exitu corvagii in castellania Baugiaci levati et sciendum quod dictum
                            <lb/> corvagium multum debet plus valere tamen adhuc non potest
                            computare per particulas quia ipsas <lb/> ad presens non habet sed de
                            dicto corvagio debet in sequenti computo respondere per particulas </item>
                        <item><lb/> de XXX solidis viennensium receptis de duobus milibus quarronum
                            escambiatorum magistro Iohanni et Hugoni corsino <lb/> ad lapides calcis
                            quia non poterat habere lapides apud Matisconem </item>
                        <item> item adduntur VI solidi viennensium receptis de <lb/> decem cupis
                            milii et panicii habitis de exitu duarum peciarum terre in quibus
                            dicebat dominum ius <lb/> habere et de exitu cuiusdam pecie terre site
                            apud <foreign>Replonio</foreign></item>
                    </list></p>
                <p><lb/> summa additi : CVIII lb. XIIII s. vien.</p>
                <p> et sic <lb/> debet VIII<hi rend="sup">C</hi> XXX libras XVIII solidos VIII
                    denarios viennensium <list>
                        <item> de quibus <lb/> libravit sibi ipsi pro quatercentum teysis muri de
                                <sic>pissitudine</sic> trium pedum et dimidii quas fecit ut <lb/>
                            dicit in castro Baugiaci tamen non sunt adhuc mensurate et dantur ei pro
                            qualibet teysa undecim <lb/> solidi : XI<hi rend="sup">XX</hi> libras
                            viennensium </item>
                        <item> item in expensis trium clientum quos tenuit in munitione apud Portum
                                <lb/><foreign>Nugon</foreign> per quatuor dies anno preterito :
                            XIIII solidos </item>
                        <item> item pro locagio grangie ubi reponitur <lb/> fenum domini et carrones
                            scisi : XXIIII solidos </item>
                        <item> item pro decem septem banchiatis pallitii factis a <lb/> sala castri
                            usque ad clausuras ville ab una parte et ab alia parte a dicto castro
                            usque ad dictas <lb/> clausuras dicte ville in taschia : XVII libras
                            viennensium</item>
                    </list></p>
                <p><lb/> summa huius librate : XI<hi rend="sup">XX</hi> XVIII lb. XVIII s. vien.</p>
                <p> et sic <lb/> debet V<hi rend="sup">C</hi> IIII<hi rend="sup">XX</hi> XI libras
                    XIX solidos VIII denarios viennensium <list>
                        <item> de quibus deducuntur XXX solidi pro <lb/> parte ipsum contingente in
                            quindecim libris receptis de Perraudo de Sancto <sic>Surpicio</sic> pro
                            quodam banno pro quibus <lb/> quindecim libris idem Perraudus accepit
                            quoddam allodium suum de feudo domini</item>
                    </list></p>
                <p> et sic <lb/> debet V<hi rend="sup">C</hi> IIII<hi rend="sup">XX</hi> X libras IX
                    solidos VIII denarios viennensium, quam pecuniam incontinenti solvit <lb/> et
                    deliberavit de mandato domini Amblardi et magistri Petri Martino Alferii civi
                    <lb/> Astensi per confessionem et testimonium ipsius Martini presentis ad
                    computum <lb/> memorandum de memorialibus computi precedentis <list>
                        <item> item debent sibi allocari XLV <lb/> libras quas libravit Iaquemeto de
                            Secuysia pro potis et ollis cupri emptis ad opus domini que non <lb/>
                            allocantur quia non habet litteram de mandato nec de recepta </item>
                        <item><lb/> item petit sibi allocari XXIII libras quas libravit burgensibus
                            Baugiaci de exitibus corvagii pro clausura ville</item>
                    </list></p>
            </div>
        </body>
    </text>
</TEI>
