<?xml version="1.0" encoding="UTF-8"?>
<?xml-model href="http://www.tei-c.org/release/xml/tei/custom/schema/relaxng/tei_all.rng" schematypens="http://relaxng.org/ns/structure/1.0"?>
<TEI xmlns:math="http://www.w3.org/1998/Math/MathML" xmlns="http://www.tei-c.org/ns/1.0"
                    xmlns:xi="http://www.w3.org/2001/XInclude"
                    xmlns:svg="http://www.w3.org/2000/svg" xml:id="B7079_4">
                    <teiHeader>
                                        <fileDesc>
                                                  <titleStmt>
                                                  <title>Notes dorsales du rouleau Dijon, Archives
                                                  Départementales de Côte-d'Or, B7079 (châtellenies
                                                  de Bourg-en-Bresse et de Châtillon-sur-Chalaronne,
                                                  1274-1276)</title>
                                                  </titleStmt>
                                                  <publicationStmt>
                                                  <p>Christian Guilleré, Frédéric Chartrain et Alain
                                                  Kersuzan, avec la collaboration de Nils
                                                  Mantilleri, Jean-Michel Poisson, et Marianne
                                                  Ronot, <title>Notes dorsales du rouleau Dijon,
                                                  Archives Départementales de Côte-d'Or, B7079
                                                  (châtellenies de Bourg-en-Bresse et de
                                                  Châtillon-sur-Chalaronne, 1274-1276)</title>, Lyon
                                                  - Chambéry, 2011 (<title>Documents comptables des
                                                  Etats de Savoie, XIIIe - XVe s.</title>)</p>
                                                  </publicationStmt>
                                                  <seriesStmt>
                                                  <title>Bourg-en-Bresse</title>
                                                  </seriesStmt>
                                                  <sourceDesc>
                                                  <p>Information about the source</p>
                                                  </sourceDesc>
                                        </fileDesc>
                    </teiHeader>
                    <text>
                                        <body>
                                                  <milestone n="7" unit="vue"/>
                                                  <pb n="?v"/>
                                                  <div>
                                                  <p><note> L’écriture est celle des peaux 1 à
                                                  4.</note><lb/> hoc modo levatur forum apud Burgum <lb/><list>
                                                  <item> de porco vendito : II denarios — si
                                                  burgensis ville emat, non solvit leydam sed
                                                  venditor solvit I denarium ; si vendat, capiuntur
                                                  II denarii </item>
                                                  <item> de bove enpto<note> On écrit toujours ici
                                                  <hi rend="italics">enptus</hi> et <hi
                                                  rend="italics">enptor</hi>, comme dans le premier
                                                  compte du rouleau..</note> a burgense <lb/> ville
                                                  capiuntur II denarii a venditore ; de enpta ab
                                                  aliis capiuntur III denarii </item>
                                                  <item> de vacca fit similiter </item>
                                                  <item> de capra, ove, mutone capiuntur sicut de
                                                  porco <lb/></item>
                                                  <item> de equa vendita : VIII denarios ; si
                                                  burgensis emit, capitur tantum pro venditore :
                                                  IIII denarios </item>
                                                  <item> in nundinis omnia predicta levantur in
                                                  duplum </item>
                                                  <item> de qualibet <lb/> pecia tele de plus de
                                                  decem ulnis solvit enptor I denarium </item>
                                                  <item> de mercerio levatur qualibet die mercerii
                                                  pro leyda obolus </item>
                                                  <item> pro qualibet teisa banche : IIII solidos </item>
                                                  <item> de bicheta <lb/> bladi levatur I copunus,
                                                  de quartalla duo copuni, et sic de aliis </item>
                                                  <item> de tribus <sic>sestarius</sic><note> On
                                                  attendrait <hi rend="italics"
                                                  >sestariis</hi>.</note> I cupa </item>
                                                  <item> qualibet saunerius extraneus solvit
                                                  quolibet mense I saligimen <lb/></item>
                                                  <item> panateria solvit pro bancha II solidos
                                                  viennensium, pro leyda X denarios </item>
                                                  <item> sauneria : pro banca XVIII denarios, pro
                                                  leyda XII denarios </item>
                                                  <item> vendentes ollas : pro banca II solidos, pro
                                                  leyda XVI denarios <lb/></item>
                                                  <item> mercatores solvunt de qualibet teysa banche
                                                  VI solidos, de leyda XX denarios </item>
                                                  <item> escofferius : de qualibet teysa III
                                                  solidos, de leyda XVI denarios </item>
                                                  <item> pelaterius : de teisa banche <lb/> VI
                                                  solidos, de leyda XVIII denarios</item>
                                                  </list></p>
                                                  </div>
                                                  <milestone n="16" unit="vue"/>
                                                  <pb n="?v"/>
                                                  <div>
                                                  <p><list>
                                                  <item><lb/> XIX lb. XIX s.</item>
                                                  <item><lb/> V<hi rend="sup">C</hi><del
                                                  rend="overstrike">II</del> lb. VIII s. XI
                                                  d.</item>
                                                  <item><lb/> summa : CCCC XXXVII lb. XVI s.</item>
                                                  </list></p>
                                                  </div>
                                                  <milestone n="17" unit="vue"/>
                                                  <pb n="9v ?"/>
                                                  <div>
                                                  <p><lb/> Computus Brunis de Montellous castellani
                                                  Burgi et Castellionis <supplied
                                                  reason="support endommagé">…</supplied></p>
                                                  </div>
                                                  <milestone n="17" unit="vue"/>
                                                  <pb n="10v ?"/>
                                                  <div>
                                                  <p><lb/> Conputus Bruneti castellani Burgi et
                                                  Castellionis en Chalarona anno M<hi rend="sup"
                                                  >o</hi> CC<hi rend="sup">o</hi> LXX<hi rend="sup"
                                                  >o</hi> quinto<note> Il faut noter que les deux
                                                  derniers comptes du rouleau ont été inversés :
                                                  pour respecter l’ordre chronologique, il aurait
                                                  fallu coudre les peaux 10 à 12 après les peaux 1 à
                                                  4 et avant les peaux 5 à 9.</note></p>
                                                  </div>
                                                  <milestone n="18" unit="vue"/>
                                                  <pb n="7v ?"/>
                                                  <div>
                                                  <p><lb/> IIII<hi rend="sup">C</hi> IIII<hi
                                                  rend="sup">XX</hi> XVII lb. VIII s. XI d. ob. et
                                                  dim. pod.<note> Cette somme est presque identique
                                                  à la <hi rend="italics">summa totius recepte</hi>
                                                  du compte de l’exercice 1276-1277, qui figure au
                                                  recto de la peau 7 : <hi rend="italics">IIII<hi
                                                  rend="sup">C</hi> IIII<hi rend="sup">XX</hi> XVII
                                                  lb. VIII s. VI d. ob. fort.</hi></note></p>
                                                  </div>
                                                  <milestone n="18" unit="vue"/>
                                                  <pb n="6v"/>
                                                  <div>
                                                  <p><note> On reconnaît la déchirure et la suture
                                                  caractéristiques de la peau 6.</note><lb/> summa :
                                                  IX<hi rend="sup">XX</hi> XV lb. VI d.<note> Il
                                                  s’agit de la <hi rend="italics">summa
                                                  firmarum</hi> qui figue en tête de la peau
                                                  7.</note> — III<hi rend="sup">C</hi> XX lb. XIIII
                                                  s. X d. et dim. pod.</p>
                                                  </div>
                                                  <milestone n="19" unit="vue"/>
                                                  <pb n="?v"/>
                                                  <div>
                                                  <p><lb/> XIIII lb. XIII s. IIII d.</p>
                                                  </div>
                                                  <milestone n="20" unit="vue"/>
                                                  <pb n="8v"/>
                                                  <div>
                                                  <p><note> On reconnaît le trou caractéristique qui
                                                  se trouve dans le bas de ce parchemin.</note><lb/>
                                                  III<hi rend="sup">C</hi> XLII lb. XVII s. IX
                                                  d.<note> La ligne a été écrite le haut vers le bas
                                                  du parchemin.</note></p>
                                                  </div>
                                                  <milestone n="21" unit="vue"/>
                                                  <pb n="?v"/>
                                                  <div>
                                                  <p><lb/> II<hi rend="sup">C</hi> IIII<hi
                                                  rend="sup">XX</hi> VII lb. XVI s. X d. ob. <lb/>
                                                  domino Iohanni de Castellario iudex Sabaudie
                                                  <unclear>r[everentiam]</unclear><lb/> domino suo
                                                  karissimo domino Petro Clavelli salutem — domino
                                                  suo karissimo<note> Cette ligne s’est trouvée
                                                  après coup sur la couture des
                                                  parchemins.</note></p>
                                                  </div>
                                                  <milestone n="22" unit="vue"/>
                                                  <pb n="12v"/>
                                                  <div>
                                                  <p><hi rend="sup"/><note> On reconnaît la couture
                                                  caractéristique des peaux 11 et 12.</note><lb/>
                                                  XIIII<hi rend="sup">C</hi> LVI lb. XVII s. I d. I
                                                  pod. vien.<note> Il s’agit de la <hi
                                                  rend="italics">summa totius recepte cum
                                                  arreragio</hi> qui figure au bas de la peau
                                                  11.</note></p>
                                                  </div>
                                        </body>
                    </text>
</TEI>
