<?xml version="1.0" encoding="UTF-8"?>
<?xml-model href="http://www.tei-c.org/release/xml/tei/custom/schema/relaxng/tei_all.rng" schematypens="http://relaxng.org/ns/structure/1.0"?>
<TEI xmlns:math="http://www.w3.org/1998/Math/MathML" xmlns="http://www.tei-c.org/ns/1.0"
    xmlns:xi="http://www.w3.org/2001/XInclude" xmlns:svg="http://www.w3.org/2000/svg"
    xml:id="B7082_4">
    <teiHeader>
        <fileDesc>
            <titleStmt>
                <title>Compte de Pierre de Châtillon (<hi rend="italics">Petrus de
                    Castellione</hi>), bailli de la Terre de Bâgé et de Coligny, châtelain de
                    Bourg-en-Bresse, pour la châtellenie de Bourg-en-Bresse, du lundi 1er septembre
                    1292 au mercredi 15 avril 1293 <date type="debut" from-iso="12920901"
                        cert="high"/><date type="fin" from-iso="12930415" cert="high"/></title>
                <respStmt>
                    <persName><name xml:lang="fra">Pierre de Châtillon</name><name xml:lang="lat"
                            >Petrus de Castellione</name></persName>
                    <resp>Châtelain</resp>
                </respStmt>
            </titleStmt>
            <publicationStmt>
                <p>Christian Guilleré, Frédéric Chartrain et Alain Kersuzan, avec la collaboration de Nils Mantilleri, Jean-Michel Poisson, et Marianne Ronot, 
                    <title>Compte de Pierre de Châtillon (<hi rend="italics">Petrus de
                        Castellione</hi>), bailli de la Terre de Bâgé et de Coligny, châtelain de
                        Bourg-en-Bresse, pour la châtellenie de Bourg-en-Bresse, du lundi 1er septembre
                        1292 au mercredi 15 avril 1293</title>,
                    Lyon - Chambéry, 2011 (<title>Documents comptables des Etats de Savoie, XIIIe - XVe s.</title>)</p>
            </publicationStmt>
            <seriesStmt>
                <title>Bourg-en-Bresse</title>
            </seriesStmt>
            <sourceDesc>
                <p>Information about the source</p>
            </sourceDesc>
        </fileDesc>
    </teiHeader>
    <text>
        <body>
            <milestone n="5" unit="vue"/>
            <pb n="4"/>
            <div xml:id="prologue">
                <p><lb/><note> La peau a été numérotée <hi rend="italics">3</hi> par le crayon d’un
                        archiviste moderne, comme si l’on avait exclu du calcul le compte du prieuré
                        de Treffort, peau 3. Par ailleurs, il n’y a pas ici de numérotation
                        médiévale décroissante en chiffres romains.</note><sic>Compotus</sic><note>
                        On lit toujours ici <hi rend="italics">compotus</hi> pour <hi rend="italics"
                            >computus</hi>, lorsque la deuxième syllabe du mot est écrite en toutes
                        lettres.</note> domini Petri de Castellione ballivi terre Baugiaci et
                        <sic>Colungniaci</sic><note> On utilise ici les deux formes <hi
                            rend="italics">Colungniacum</hi> et <hi rend="italics"
                        >Colugniacum</hi>.</note> et castellani de <lb/> Burgo a prima die mensis
                    septembris anno nonagesimo secundo usque ad diem mercurii quintam decimam <lb/>
                    diem intrantis aprilis anno nonagesimo tercio<note> On lit ici <hi
                            rend="italics">tercio, presencia, tercie, tocius, negociis,
                            remanencia</hi>, que l’on transcrit – selon la convention d’édition
                        prescrivant l’usage général de la graphie classique – <hi rend="italics"
                            >tertio, presentia, tertie, totius, negotiis, remanentia</hi>. Le
                        rédacteur du compte écrit cependant <hi rend="italics">munitione</hi> et, à
                        l’inverse, <hi rend="italics">gartio</hi> pour <hi rend="italics"
                            >garcio</hi>. On conservera toutefois la forme <hi rend="italics"
                            >Trefforcii</hi>, pour <hi rend="italics">Treffortii</hi>, puisqu’il
                        s’agit d’un toponyme.</note> videlicet de septem mensibus quindecim diebus
                    et est receptus<note type="césure"><hi rend="italics"
                        >rece<lb/>ptus</hi></note><lb/><sic>aput</sic><note> On lit toujours ici <hi
                            rend="italics">aput</hi> pour <hi rend="italics">apud</hi>, lorsque la
                        préposition est écrite en toutes lettres.</note> Chamberiacum in presentia
                    domini comitis et consilii sui </p>
            </div>
            <div xml:id="recepte">
                <div xml:id="banna">
                    <head>banna</head>
                    <p><lb/> idem reddit compotum <list>
                            <item> de L solidis fortium receptis de garcione Perroneti de
                                    <foreign>Douay</foreign> pro banno furti pellium </item>
                            <item> de XX solidis receptis <lb/> de Ponceto de
                                    <foreign>Montagnie</foreign> quia receptaverat quosdam
                                malefactores in domo sua </item>
                            <item> de X solidis fortium receptis <lb/> de Ruffo
                                    <foreign>Montagnie</foreign> pro eodem </item>
                            <item> de L solidis fortium receptis de quodam garcione extraneo pro
                                banno furti </item>
                            <item><lb/> de XX solidis fortium receptis de Sadone pro banno sanguinis </item>
                            <item> de XXX solidis fortium receptis de Hugone Gabeti quia
                                    fregerat<note type="césure"><hi rend="italics"
                                        >frege<lb/>rat</hi></note><lb/> saisinam domini </item>
                            <item> de XXV solidis fortium receptis de fratre Destreti pro eodem </item>
                            <item> de XX solidis fortium receptis de Culliardo quia <lb/> faciebat
                                se familiarem domini et non erat </item>
                            <item> de XXX solidis fortium receptis de Culliardeto pro eodem </item>
                            <item> de XX solidis fortium <lb/> receptis de dicto Testuto pro eodem </item>
                            <item> de XV solidis receptis de Ponceto de Tullia pro fractione saisine </item>
                            <item> de X solidis fortium receptis de <lb/> Patardo de Tuel quia
                                pignoraverat propria auctoritate </item>
                            <item> de X solidis receptis a quodam bergerio quia verberaverat <lb/>
                                quemdam alium </item>
                            <item> de XX solidis fortium receptis a dicto <foreign>Moyne</foreign>
                                Folleti quia <sic>occuperat</sic><note> Lire <hi rend="italics"
                                        >occupaverat</hi>.</note> viam publicam<note> Le digramme
                                        <hi rend="italics">bl</hi> paraît toujours ici écrit <hi
                                        rend="italics">ll</hi>. Comparer, par exemple, les <hi
                                        rend="italics">b</hi> de <hi rend="italics">publicam</hi> et
                                        <hi rend="italics">bladum</hi> à ceux de <hi rend="italics"
                                        >baculo</hi> et <hi rend="italics">lombardo</hi> ou aux deux
                                        <hi rend="italics">l</hi> de <hi rend="italics"
                                    >ballivi</hi>.</note></item>
                            <item> de XV solidis <lb/> receptis a Guigone fratre suo pro eodem </item>
                            <item> de XX solidis fortium receptis de uxore Perroneti Milleti pro
                                banno verborum <lb/> iniuriosorum<note type="césure"><hi
                                        rend="italics">iniu<lb/>riosorum</hi></note></item>
                            <item> de XX solidis receptis de uxore dicti Berteti pro eodem </item>
                            <item> de XV solidis receptis de filio Bernardi Charvini quia <lb/> ibat
                                per villam de nocte </item>
                            <item> de XX solidis fortium receptis de masnerio de Corgoneto quia
                                occupaverat viam publicam<note type="césure"><hi rend="italics"
                                        >pulli<lb/>cam</hi></note></item>
                            <item><lb/> de XX solidis fortium receptis a Martino de Coriononeto pro
                                eodem </item>
                            <item> de XV solidis fortium receptis a Rueto<foreign> </foreign>pro
                                eodem <lb/> de XXX solidis fortium receptis de Iohanne de
                                    <foreign>L’Abergemant</foreign><note> On écrit <hi
                                        rend="italics">labergemant</hi>.</note> quia acceperat
                                terram alienam </item>
                            <item> de XV solidis receptis de filio <lb/> Pescheti de
                                    <foreign>Brou</foreign> quia occupaverat viam publicam </item>
                            <item> de XLVI solidis receptis de Guillermo
                                    <foreign>Belgarcon</foreign> pro eodem </item>
                            <item><lb/> de XV solidis receptis de Guillermo de
                                    <foreign>Montmort</foreign> quia fregerat quemdam pontem </item>
                            <item> de X solidis fortium receptis de <lb/> Iohanne
                                    <foreign>Molleran</foreign> pro fractione saisine </item>
                            <item> de X solidis fortium receptis de Humberto Nigri quia abstulerat
                                pignus <lb/> familie domini </item>
                            <item> de X solidis fortium receptis de Hugonino de
                                    <foreign>Gesseron</foreign> pro fractura saisine </item>
                            <item> de XXX solidis fortium receptis <lb/> de Perronino de Rippis quia
                                faciebat se familiarem domini et non erat </item>
                            <item> de XV solidis receptis de Hugone mugnerio<note type="césure"><hi
                                        rend="italics">mugne<lb/>rio</hi></note><lb/> de
                                    <foreign>Cortefroy</foreign> quia molebat bladum non ponderatum </item>
                            <item> de V solidis fortium receptis de filio Iohannis Durerii <lb/>
                                quia percussit quemdam de baculo </item>
                            <item> de X solidis fortium receptis de Stephano de Sancto Rolino quia
                                collegit quemdam <lb/><foreign>avil<note> On peut probablement
                                        rapprocher ce terme apparemment vernaculaire du latin <hi
                                            rend="italics">alvus</hi>, " ruche ".</note></foreign>
                                apium auctoritate propria </item>
                            <item> de X solidis receptis de Bernardo de Mala <foreign>Mart</foreign>
                                pro fractura saisine </item>
                            <item> de V solidis <lb/> receptis de Aymoneto de
                                    <foreign>Pogia</foreign> quia cepit Perronetum Ennesia per
                                    chimiciam<note> On avait, semble-t-il, écrit <hi rend="italics"
                                        >chimciam</hi> et l’on a corrigé en ajoutant un petit <hi
                                        rend="italics">i</hi> en exposant.</note> iniuriose<note> On
                                    écrit <hi rend="italics">in iuriose</hi>.</note></item>
                            <item> de XV solidis fortium receptis de <lb/> Guillermino Pougeti quia
                                fecerat fossatum in via publica </item>
                            <item> de XX solidis receptis de Stephano Biffeti quia <lb/>
                                    pignoraverat<note type="césure"><hi rend="italics"
                                        >pigno<lb/>raverat</hi></note> quemdam auctoritate propria </item>
                            <item> de LX solidis fortium receptis de quodam lombardo extraneo<note>
                                    L’épithète indique assez que le substantif <hi rend="italics"
                                        >lombardus</hi> désigne ici un état et non une
                                    nation.</note> quia deportaverat <lb/> pedagium<note
                                    type="césure"><hi rend="italics"
                                >pe<lb/>dagium</hi></note></item>
                            <item> summa : XXX IIII lb. V s. fort. — deductis sexaginta <lb/>
                                sexdecim solidis pro parte ipsius ballivi capientis in libra duos
                                solidos </item>
                        </list></p>
                </div>
                <div xml:id="clame">
                    <head>clame</head>
                    <p><lb/> idem reddit compotum <list>
                            <item> de IIII libris X solidis fortium receptis de
                                    <sic>tringinta</sic><note> On écrit toujours ici <hi
                                        rend="italics">vinginti</hi> et <hi rend="italics"
                                        >tringinta</hi> pour <hi rend="italics">viginti</hi> et <hi
                                        rend="italics">triginta</hi>.</note> tribus clamis et
                                capiuntur pro clama tres <lb/> solidi fortium deductis octo solidis
                                pro parte ballivi capientis in libra duos solidos </item>
                            <item><lb/> summa : IIII lb. X s. fort.<note> Le repentir du rédacteur
                                    manifeste son souci de mieux respecter la réglure du parchemin,
                                    dont il s’était sensiblement affranchi.</note></item>
                        </list></p>
                </div>
                <div xml:id="introgia">
                    <head>intragia</head>
                    <p><lb/> idem reddit compotum <list>
                            <item> de X libris fortium receptis de Sybilia de <foreign>Cort
                                    Mangon</foreign> pro intragio tertie partis mansi <lb/> Bosonis
                                de <foreign>Cort Mangon</foreign> quondam albergati eidem pro dicto
                                intragio et pro vinginti solidis fortium per <lb/> annum anno
                                quolibet in nativitate Domini </item>
                            <item> de XV solidis fortium receptis de Stephano
                                    <foreign>Charpineys</foreign> et de Guillone de
                                    <foreign>Lent</foreign><lb/> pro intragio garde </item>
                            <item> summa : X lb. XV s. fort. </item>
                        </list></p>
                </div>
                <div xml:id="bilan_recepte">
                    <p><list>
                            <item><lb/> summa totius recepte : XLIX lb. X s. fort. de quibus </item>
                        </list></p>
                </div>
            </div>
            <div xml:id="expense_et_librate">
                <p><list>
                        <item><lb/> in pluribus et diversis nunciis missis ad diversa loca pro
                            negotiis domini<note> On avait d’abord écrit <hi rend="italics"
                                    >domine</hi>, et la dernière lettre est raturée.</note> et
                            ballivie : VII libras XVI solidos I denarium </item>
                        <item><lb/> in stipendiis quatuor specularum missarum in Burgondiam et
                            exploratorum — in stipendiis undecim clientum quos tenuit <lb/> in
                            munitione Ambroniaci per novem dies in septimana post carnisprivium
                                <sic>novium</sic><note> La terminaison est identique à celle du mot
                                précédent.</note> : VI libras III solidos IX denarios
                                <sic>viannensium</sic><note> On écrit régulièrement ici <hi
                                    rend="italics">viannensis</hi> pour <hi rend="italics"
                                    >viennensis</hi>.</note></item>
                        <item><lb/> in stipendiis quatuor clientum quos<note> Il faut ici suppléer
                                    <hi rend="italics">tenuit</hi>. Le signe en forme de double
                                accent aigu qui a été ajouté dans la marge gauche de cette ligne ne
                                paraît pas signaler cette omission, et sa fonction reste
                                sibylline.</note> in bastita Portus donni Hugonis per quatuor dies :
                            XX solidos viannensium </item>
                        <item><lb/> in expensis tringinta quinque clientum quos tenuit in munitione
                            Ambroniaci per duos dies in septimana <lb/> carnisprivii veteris ultra
                            tringinta quinque quos ibi tenuerunt illi de Burgo in eadem septimana
                            per <lb/> tres dies : LXX solidos viannensium </item>
                        <item> in stipendiis Humberti de Chastellione quarti cum armis<note>
                                C’est-à-dire " accompagné de trois autres hommes d’armes ".</note>
                            morantis in <lb/> munitione<note type="césure"><hi rend="italics"
                                    >muni<lb/>tione</hi></note> Ambroniaci per quinque dies in
                            septimana carnisprivii veteris : IIII libras viannensium </item>
                        <item> in expensis vinginti <lb/> hominum cum armis aput Burgum per unam
                            noctem quos mandaverat ad eundum versus Ambroniacum <lb/> ad mandatum
                            prepositi et donni Iohannis de Sancto Albano sed fuerunt demandati :
                            IIII libras viannensium </item>
                        <item><lb/> in expensis vinginti quatuor hominum cum armis per unam diem et
                            duas noctes exclusis quindecim hominibus <lb/> cum armis qui erant
                            castellani vel cum castellanis : VII libras IIII solidos — ibant versus
                            Ambroniacum <lb/> ut supra sed fuerunt demandati quando fuerunt aput
                                <foreign>Enz</foreign> : nomina quorum in dorso continentur </item>
                        <item> in expensis <lb/> decem hominum cum armis quos tenuit per unam diem
                            aput <foreign>Mont Mort</foreign> ad insidiandum <foreign>Lo
                                Merlo</foreign> quia datum <lb/> erat ei intelligi quod debebat
                            currere terram domini exclusis tribus castellanis — nomina quorum
                            continentur in dorso : <lb/> XL solidos </item>
                        <item> in expensis tringinta duorum hominum cum armis euntium quesitum
                            Henricum de Ruppe qui detinebatur <lb/> aput <foreign>Loyes</foreign>
                            propter mortem dicti <foreign>Merlo</foreign> excluso uno castellano per
                            unam diem et duas noctes — nomina quorum <lb/> nominantur ut supra : IX
                            libras XIII solidos viannensium </item>
                        <item> in stipendiis ipsius ballivi tenentis secum unum socium equitem et
                            unum <lb/> guaytam capientis per annum centum libras viannensium pro
                            rata temporis : LXVI libras XIII solidos IIII denarios viannensium </item>
                        <item><lb/> summa : CXI lb. XIX s. II d. vian.</item>
                    </list></p>
                <p><lb/> idem libravit <list>
                        <item> in expensis duorum equorum <foreign>Musiac</foreign> de
                                <foreign>Marbo</foreign> et filii prepositi de Colugniaco per
                            litteras domini de mandato <lb/> quas reddit datas die veneris ante
                            festum omnium sanctorum anno nonagesimo secundo : LXXVIII solidos
                            viannensium </item>
                        <item><lb/> summa librate : LXXVIII s. vian. </item>
                        <item><lb/> summa missionum et librate : C XV lb. XVII s. II d. vian. </item>
                        <item> et sic <lb/> debentur ei campsis fortibus ad viannenses binos : XVI
                            libras XVII solidos II denarios viannensium </item>
                        <item> quibus <lb/> adduntur qui sibi debebantur de remanentia sui compoti
                            precedentis : VI<hi rend="sup">C</hi> XI libre VIII solidi IX denarii
                            viannensium </item>
                    </list></p>
            </div>
            <div xml:id="bilan">
                <p><list>
                        <item><lb/> et sic debentur ei : VI<hi rend="sup">C</hi><note> On avait
                                d’abord écrit <hi rend="italics">V<hi rend="sup">C</hi></hi>, mais
                                on a transformé un • en <hi rend="italics">I</hi>. </note> XXVIII
                            lb. V s. XI d. vian. </item>
                        <item> de quibus <lb/> deducuntur quos debebat de remanentia sui compoti
                            prioratus Trefforcii : LXXVIII libre II solidos VII denarios viannensium </item>
                        <item><lb/> et sic debentur ei de claro : V<hi rend="sup">C</hi> L libre III
                            solidi IIII<note> On avait d’abord écrit <hi rend="italics"
                                >III</hi>.</note> denarii viannensium </item>
                        <item> de quibus <lb/> deducuntur quas finavit dominus in manu Iohannis
                            Chabodi pro ipso domino Petro : VII<hi rend="sup">XX</hi> libre<note> Ce
                                dernier article paraît ajouté de la même main, mais d’une plume plus
                                fine.</note></item>
                    </list></p>
            </div>
        </body>
    </text>
</TEI>
