<?xml version="1.0" encoding="UTF-8"?>
<?oxygen RNGSchema="http://www.tei-c.org/release/xml/tei/custom/schema/relaxng/tei_all.rng" type="xml"?>
<TEI xmlns="http://www.tei-c.org/ns/1.0" xml:id="B7081_5">
    <teiHeader>
        <fileDesc>
            <titleStmt>
                <title>Compte de Josserand Bourguignon (<hi rend="italics">Iocerandus Burgondi,
                        capellanus</hi>) receveur des revenus comtaux à Bourg-en-Bresse, pour la
                    châtellenie de Bourg-en-Bresse, du dimanche 2 février 1287 (nouveau style) -
                    fin: 24 juin 1287 <date type="debut" from-iso="12870202" cert="high"/><date
                        type="fin" from-iso="12870624" cert="high"/></title>
                <respStmt>
                    <persName><name xml:lang="fra">Josserand Bourguignon</name><name xml:lang="lat"
                            >Iocerandus Burgondi</name></persName>
                    <resp>Châtelain</resp>
                </respStmt>
            </titleStmt>
            <publicationStmt>
                <p>Christian Guilleré, Frédéric Chartrain et Alain Kersuzan, avec la collaboration de Nils Mantilleri, Jean-Michel Poisson, et Marianne Ronot, 
                    <title>Compte de Josserand Bourguignon (<hi rend="italics">Iocerandus Burgondi,
                        capellanus</hi>) receveur des revenus comtaux à Bourg-en-Bresse, pour la
                        châtellenie de Bourg-en-Bresse, du dimanche 2 février 1287 (nouveau style) -
                        fin: 24 juin 1287</title>,
                    Lyon - Chambéry, 2012 (<title>Documents comptables des Etats de Savoie, XIIIe - XVe s.</title>)</p>
            </publicationStmt>
            <seriesStmt>
                <title>Bourg-en-Bresse</title>
            </seriesStmt>
            <sourceDesc>
                <p>Information about the source</p>
            </sourceDesc>
        </fileDesc>
    </teiHeader>
    <text>
        <body>
            <milestone n="8" unit="vue"/>
            <pb n="6"/>
            <div xml:id="prologue">
                <p><lb/> Computus<note> Ce compte a été numéroté <hi rend="italics">IX</hi> en
                        tête.</note> donni Iocerandi Burgondi receptoris reddituum de Burgo a festo
                    <lb/> purificationis<note type="césure"><hi rend="italics"
                            >purifi<lb/>cationis</hi></note> beate Marie anno Domini M<hi rend="sup"
                        >o</hi> CC<hi rend="sup">o</hi> octogesimo sexto<note> Le dimanche 2 février
                        1287 (nouveau style).</note> usque ad festum beati Iohannis baptiste
                    inclusive eodem anno </p>
            </div>
            <div xml:id="recepte">
                <div xml:id="firme">
                    <head>firme</head>
                    <p><lb/> idem reddit computum <list>
                            <item> de XXXVII libris X solidis fortium receptis a preposito Foissiaci
                                pro medietate firme leyde, copunagii, martinagii <lb/> et parvi
                                    pedagii<note> On a écrit <hi rend="italics">firme leyde
                                        copunagii martinagii <lb/> et parvi pedagii</hi>.</note>
                                finite in festo beati Iohannis baptiste anno octogesimo septimo et
                                de alia medietate computavit in computo precedenti </item>
                            <item> de XVI libris XII solidis <lb/> VI denariis receptis de medietate
                                firme trium furnorum Burgi finite eodem festo beati Iohannis
                                baptiste et de alia medietate computavit in computo precedenti </item>
                            <item><lb/> de X libris receptis de medietate firme chacipolerie finite
                                eodem festo beati Iohannis et de alia medietate computavit<note> La
                                    fin de la ligne et la première moitié de la suivante ont été
                                    effacées, mais on avait apparemment omis <hi rend="italics">in
                                        computo precedenti</hi>.</note></item>
                            <item><lb/> summa : LXIIII libre II solidi VI denarii fortium </item>
                        </list></p>
                </div>
                <div xml:id="pedagium">
                    <head>pedagium</head>
                    <p><lb/> idem reddit computum <list>
                            <item> de IIII solidis VI denariis fortium receptis de pedagio sexdecim
                                ballarum alleccium<note> Lire <hi rend="italics"
                                    >allecium</hi>.</note> et dimidia chargia clavellorum per dictum
                                tempus </item>
                            <item> de XI solidis <lb/> receptis de pedagio quatuor equorum
                                    transeuntium<note> On lit ici <hi rend="italics">transeuncium,
                                        tocius</hi>, que l’on transcrit – suivant la convention
                                    générale d’édition qui prescrit dans ce cas l’usage des formes
                                    classiques – <hi rend="italics">transeuntium,
                                    totius</hi>.</note> per idem tempus et levantur de quolibet <del
                                    rend="overstrike">trig[inta]</del> equo triginta tres denarii
                                fortium </item>
                            <item><lb/> summa : XV solidi VI denarii </item>
                        </list></p>
                </div>
                <div xml:id="laudes_et_venditiones">
                    <head>laudes et venditiones<note> Et non <hi rend="italics">vende</hi>, puisque
                            l’on écrit ici <hi rend="italics">venditionibus</hi>.</note></head>
                    <p><lb/> idem reddit computum <list>
                            <item> de C II solidis IIII denariis fortium receptis de laudibus et
                                venditionibus per idem tempus ut in particulis in dorsso<note> Lire
                                        <hi rend="italics">dorso</hi>.</note> precedentis
                                    computi<note> L’état du support rend illisible le dernier mot de
                                    la ligne, peut-être <hi rend="italics">supra</hi>.</note></item>
                        </list></p>
                </div>
                <div xml:id="bilan_recepte">
                    <p><list>
                            <item><lb/> summa <del rend="overstrike">hui[us]</del> totius recepte :
                                LXX libre IIII<note> Une rédaction antérieure – peut-être <hi
                                        rend="italics">II solidos VI denarios</hi>, puisque l’on a
                                    biffé plus loin <hi rend="italics">V solidos</hi> dans la
                                    conversion en viennois – a été effacée, puis remplacée par un
                                    trait de liaison et par ce nombre, fortement raturé.</note>
                                denarii fortium — valent ad viennenses uno denario <lb/> forti
                                computato pro duobus denariis viennensibus : VII<hi rend="sup"
                                    >XX</hi> libras <del rend="overstrike">V solidos</del> VIII
                                denarios viennensium </item>
                            <item> quibus aduntur<note> Lire <hi rend="italics"
                                    >adduntur</hi>.</note> XXIIII libre <lb/> X denarii viennensium
                                recepte a se ipso de remanentia computi sui precedentis<note> On a
                                    omis ici d’écrire dans la marge gauche la rubrique <hi
                                        rend="italics">arreragium</hi>.</note> ut patet in ipso </item>
                            <item><lb/> sic est summa totius recepte : VIII<hi rend="sup">XX</hi>
                                XIIII libre XVIII denarii vien.<note> Les deux nombres sont raturés,
                                    et la rédaction antérieure a été effacée en partie.</note> de
                                quibus </item>
                        </list></p>
                </div>
            </div>
            <div xml:id="expense_et_librate">
                <p><list>
                        <item><lb/> in cordis emptis ad opus ingeniorum Sagiaci et traditis Ponceto
                            fratri magistri Petri de <foreign>Monbeliard</foreign> qui eas portavit
                            apud Sagiacum : <lb/> XXVII solidos viennensium </item>
                        <item> item in sagimine et corio ad dicta ingenia traditis eidem Ponceto de
                            mandato ballivi : XIX solidos </item>
                        <item> item eidem Ponceto <lb/> de locagio seu stipendio suo : V solidos </item>
                        <item> item pro predictis portandis apud Sagiacum : IIII solidos </item>
                        <item> item expensis domini Hunberti<note> Comme dans le compte précédent,
                                le clerc Pierre de Montmélian écrit ici <hi rend="italics"
                                    >Hunbertus</hi> pour <hi rend="italics">Humbertus</hi>.</note>
                            de Balma apud Burgum <lb/> ubi venerat die veneris post quindenam beati
                            Iohannis baptiste pro computo baillivi et expensis mei Petri clerici cum
                            ipso : XXI solidos </item>
                        <item><lb/> summa : LXXVI solidos viennensium<note> Dans la marge droite, on
                                avait noté sur deux lignes <hi rend="italics">VIII<hi rend="sup"
                                        >XX</hi> [libre] <lb/> V solidos</hi>, mais cette somme a
                                été biffée.</note></item>
                        <item><lb/> item libravit domino comiti per manum Hueti Burgondionis in
                            tracta decem baconum, duorum boum, trescentarum et octo <lb/> ulnarum
                                tele<note> On a écrit <hi rend="italics">in tracta decem baconum •
                                    duorum boum • trescentarum et octo <lb/> ulnarum
                                tele</hi>.</note> portatorum ad festum domini Belliioci apud Villam
                            Francham ut per litteram domini datam in festo beati Petri ad vincula
                            anno LXXX<hi rend="sup">o</hi><lb/> septimo : XXVIII libras IIII solidos </item>
                        <item> item libravit domino Guillermo de <foreign>Juys</foreign> cui
                            debebantur de remanentia computi sui de <lb/> baillivia Baugiaci ut per
                            litteram Petri de Montemeliano clerici <add place="interlinear">datam
                                anno LXXX<hi rend="sup">o</hi> septimo</add> : C libras <del
                                rend="overstrike">ut per litteram</del></item>
                        <item><lb/> item libravit Iohannino celerarii pro remanentia debiti quo
                            dominus comes sibi tenebatur pro abbate Ambrogniaci ultra octo viginti
                            <lb/> quatuordecim libras viennensium computatas in computo precedenti :
                            XXVI libras </item>
                        <item><lb/> item libravit per manum Bertholomei Guiot domino Rodulpho de
                                <foreign>Riorters</foreign> castellano Burgi : X libras de quibus
                            computavit </item>
                        <item><lb/> item libravit Iacobo cavorcino per manum dicti Bartholomei<note>
                                L’alternance <hi rend="italics">Bertholomei<lb/>Bartholomei</hi>
                                figure dans le texte original.</note> pro usura illarum centum
                            librarum que solute fuerunt domino Guillermo de <foreign>Juys</foreign>
                            : XL solidos </item>
                        <item><lb/> summa librate : VIII<hi rend="sup">XX</hi> VI libre IIII solidi </item>
                        <item><lb/> summa tottalis expense et librate : VIII<hi rend="sup">XX</hi> X
                            libre viennensium </item>
                    </list></p>
            </div>
            <div xml:id="bilan">
                <p><list>
                        <item><lb/> et sic debet : IIII libras XVIII denarios viennesium – quas
                            solvit Bertholomeus Guiot in expensis <lb/> domine comitisse Sabaudie
                            per manum donni Iacobi capellani sui die sabbati ante nativitatem beate
                            Marie anno octogesimo nono</item>
                    </list></p>
            </div>
        </body>
    </text>
</TEI>
