<?xml version="1.0" encoding="UTF-8"?>
<?oxygen RNGSchema="http://www.tei-c.org/release/xml/tei/custom/schema/relaxng/tei_all.rng" type="xml"?>
<TEI xmlns="http://www.tei-c.org/ns/1.0" xml:id="B7081_2">
    <teiHeader>
        <fileDesc>
            <titleStmt>
                <title>Compte d'Olivier de Payerne (<hi rend="italics">Oliverius de
                    Paterniaco</hi>), châtelain, pour la châtellenie de Bourg-en-Bresse, du dimanche
                    11 février 1285 (nouveau style) au samedi 13 octobre 1285 <date type="debut"
                        from-iso="12850211" cert="high"/><date type="fin" from-iso="12851013"
                        cert="high"/></title>
                <respStmt>
                    <persName><name xml:lang="fra">Olivier de Payerne</name><name xml:lang="lat"
                            >Oliverius de Paterniaco</name></persName>
                    <resp>Châtelain</resp>
                </respStmt>
            </titleStmt>
            <publicationStmt>
                <p>Christian Guilleré, Frédéric Chartrain et Alain Kersuzan, avec la collaboration de Nils Mantilleri, Jean-Michel Poisson, et Marianne Ronot, 
                    <title>Compte d'Olivier de Payerne (<hi rend="italics">Oliverius de
                        Paterniaco</hi>), châtelain, pour la châtellenie de Bourg-en-Bresse, du dimanche
                        11 février 1285 (nouveau style) au samedi 13 octobre 1285</title>,
                    Lyon - Chambéry, 2011 (<title>Documents comptables des Etats de Savoie, XIIIe - XVe s.</title>)</p>
            </publicationStmt>
            <seriesStmt>
                <title>Bourg-en-Bresse</title>
                <title>Châtillon-sur-Chalaronne</title>
            </seriesStmt>
            <sourceDesc>
                <p>Information about the source</p>
            </sourceDesc>
        </fileDesc>
    </teiHeader>
    <text>
        <body>
            <milestone n="3" unit="vue"/>
            <pb n="2"/>
            <div xml:id="prologue">
                <p><lb/> Computus<note> Ce compte a été numéroté <hi rend="italics">XII.</hi></note>
                    Oliverii de Paterniaco castellani Burgi a dominica in bordis anno LXXX<hi
                        rend="sup">o</hi> quarto usque ad diem sabbati post <lb/> festum beati
                    Dyonesii anno LXXX<hi rend="sup">o</hi> quinto qua die recessit de castellania
                    dicti loci videlicet de triginta quatuor septimanis et quinque diebus</p>
            </div>
            <div xml:id="recepte">
                <div xml:id="banna_forinseca">
                    <head>banna forinseca</head>
                    <p><lb/> idem reddit computum <list>
                            <item> de V solidis fortium novorum receptis de Bartholomeo
                                    <foreign>Barbat</foreign> pro banno </item>
                            <item> de III solidis fortium receptis de Panquino pro eodem </item>
                            <item> de X solidis <lb/> receptis de Laurentio<note> On lit ici <hi
                                        rend="italics">laurencio</hi>, <hi rend="italics"
                                        >tercia</hi>, <hi rend="italics">tocius</hi>, <hi
                                        rend="italics">forcium</hi>, <hi rend="italics"
                                        >negociis</hi>, <hi rend="italics">instanciam</hi>, que l’on
                                    transcrit – selon la convention d’édition prescrivant l’usage
                                    général de la graphie classique – <hi rend="italics"
                                        >Laurentio</hi>, <hi rend="italics">tertia</hi>, <hi
                                        rend="italics">totius</hi>, <hi rend="italics">fortium</hi>,
                                        <hi rend="italics">negotiis</hi>, <hi rend="italics"
                                        >instantiam</hi>.</note> de Cruce pro eodem </item>
                            <item> de V [solidis] receptis <foreign>del Eschazerrat</foreign> pro
                                eodem </item>
                            <item> de X solidis receptis de <foreign>Filant</foreign> pro eodem </item>
                            <item> de III solidis receptis
                                    <foreign>del</foreign><lb/><foreign>Orbat</foreign> pro eodem </item>
                            <item> de VII solidis receptis de Petro <foreign>Arout</foreign> quia
                                vendebat vinum sine criagio </item>
                            <item> de VII solidis receptis de Stephano filio Humberti <lb/> Maignini
                                pro eodem </item>
                            <item> de VII solidis receptis de fornerio pro eodem </item>
                            <item> de XX solidis receptis de filio <add place="interlinear"
                                    >uxoris</add><note> L’ajout est appelé dans le texte par un
                                    signe circonflexe.</note> Humberti <foreign>Cortheis</foreign>
                                pro eo quod evaginavit <lb/> ensem suum volens quemdam alium de ipso
                                percutere infra franchesiam Burgi </item>
                            <item><lb/> summa bannorum : LXXVII solidi fortium<note> À défaut
                                    d’indication fournie par le texte original, on transcrit ici les
                                    formes abrégées des totaux par des nominatifs, mais l’accusatif
                                    est également attesté dans le corpus.</note></item>
                        </list></p>
                </div>
                <div xml:id="parve_clame">
                    <head>parve clame</head>
                    <p><lb/> idem reddit computum <list>
                            <item> de III solidis receptis de Grasso pro clama </item>
                            <item> de III solidis receptis <foreign>del Albatiret</foreign> pro
                                eodem </item>
                            <item> de III solidis receptis de Martino <lb/> de
                                    <foreign>Raondeal</foreign> pro eodem </item>
                            <item> de II solidis receptis de Iohanne <foreign>del
                                    Albergiment</foreign> pro eodem </item>
                            <item> de XII denariis receptis de <foreign>Girardon</foreign> pro eodem </item>
                            <item> de <lb/> XII denariis receptis de Iohanne de Villa </item>
                            <item> de III solidis receptis de <foreign>Androit</foreign> pro eodem </item>
                            <item> de III solidis receptis de Petro <foreign>Fosser</foreign> pro
                                eodem </item>
                            <item> de XVIII denariis <lb/> receptis de Petro
                                    <foreign>Arout</foreign> pro eodem </item>
                            <item> de III solidis receptis de uxore Hugonis Magnini pro eodem </item>
                            <item> de III solidis fortium receptis de Stephano genere <lb/> Humberti
                                    <foreign>Quortheis</foreign><note> On écrit ici <hi
                                        rend="italics">Quortheis</hi> et <hi rend="italics"
                                        >Quondamines</hi> pour <hi rend="italics">Cortheis</hi> et
                                        <hi rend="italics">Condamines</hi>.</note></item>
                            <item> de III solidis fortium receptis de Petito nepote Bernardi
                                    <foreign>dou Pero</foreign> pro eodem </item>
                            <item> de II solidis receptis de Ruffo <lb/><foreign>Maschart</foreign>
                                pro eodem </item>
                            <item> de III solidis receptis <foreign>del Maigninat</foreign> pro
                                eodem </item>
                            <item> de III solidis receptis de Petro <foreign>Buci</foreign> pro
                                eodem </item>
                            <item> de III solidis receptis de <lb/> liberis
                                    <foreign>Biffet</foreign><note> La première syllabe est ici
                                    raturée, mais le nom est clairement écrit deux lignes plus
                                    bas.</note><foreign> </foreign>pro eodem </item>
                            <item> de III solidis receptis de Humberto de <foreign>Ravona</foreign>
                                pro eodem </item>
                            <item> de III solidis receptis de Ponceto <foreign>Chambrer</foreign>
                                pro eodem </item>
                            <item><lb/> de III solidis receptis de Grasso pro eodem </item>
                            <item> de III solidis receptis de <foreign>Almarguin</foreign> pro eodem </item>
                            <item> de III solidis fortium receptis de Bernardo
                                    <foreign>Fenna</foreign><lb/> pro eodem </item>
                            <item> de XII denariis receptis de Iohanne de
                                    <foreign>Saysiria</foreign></item>
                            <item> de III solidis receptis de <foreign>Belet</foreign> pro eodem </item>
                            <item> de III solidis receptis de liberis <foreign>Biffet</foreign><lb/>
                                pro eodem </item>
                            <item> de XV denariis receptis de Aymoneto de Aula pro eodem </item>
                            <item> de XII denariis fortium receptis de Clopo de
                                    <foreign>Quondamines</foreign> pro eodem </item>
                            <item><lb/> de XVIII denariis receptis [de]<note> On a omis ici toute
                                    préposition, <hi rend="italics">de</hi> ou <hi rend="italics"
                                        >a</hi>.</note> quodam iudeo pro eodem <lb/> summa : LXVI
                                solidi III denarii fortium </item>
                        </list></p>
                </div>
                <div xml:id="inventa_et_escheyte">
                    <head>inventa et escheite<note type="césure"><hi rend="italics">inventa et
                                eschei<lb/>te</hi></note></head>
                    <p><lb/> idem reddit computum <list>
                            <item> de X <add place="interlinear">solidis</add> receptis de quadam
                                vacca inventa vendita pro tanto </item>
                            <item> de XLV solidis VII denariis receptis de bonis liberorum Iohannis
                                <lb/> Martini defunctorum sine herede et intestati </item>
                            <item><lb/> summa parvarum clamarum : LV solidi VII denarii fortium
                            </item>
                        </list></p>
                </div>
                <div xml:id="laudes_et_vende">
                    <head>laudes et vende</head>
                    <p><lb/> idem reddit computum <list>
                            <item> de IIII solidis II denariis receptis de Peroneto
                                    <foreign>Maignet</foreign><note> Le nom est écrit en entier deux
                                    lignes plus bas.</note> de Burgo pro laudibus et vendis cuiusdam
                                pede empte quadraginta solidis<note> À défaut d’indication fournie
                                    par le texte original, on transcrit ici les formes abrégées des
                                    compléments de prix par des ablatifs, mais l’accusatif est
                                    également attesté dans le corpus.</note></item>
                            <item> de <lb/> XX denariis receptis de Guioneto de Seillons pro quadam
                                peda empta pro decem solidis </item>
                            <item> de VI solidis VIII denariis fortium receptis de Petro de Annona
                                <lb/> pro quadam peda empta quadraginta solidis </item>
                            <item> de XXIIII solidis receptis de Humberto de Cortaban pro tertia
                                parte domus Peroneti <foreign>Maignet</foreign><lb/> vendite sex
                                libris quatuordecim solidis et quatuor denariis </item>
                            <item> de XV solidis X denariis receptis de <foreign>La
                                    Fauresse</foreign> de <foreign>Lamie</foreign> pro domo Alberti
                                Mercerii vendita <lb/> quatuor libris et quindecim solidis <lb/>
                                summa : LII solidi IIII denarii fortium </item>
                        </list></p>
                </div>
                <div xml:id="exitus_sigilli_apud_Burgum">
                    <head>exitus sigilli apud Burgum</head>
                    <p><lb/> idem reddit computum <list>
                            <item> de VIII libris XIX solidis VI denariis fortium receptis de exitu
                                sigilli apud Burgum ut in particulis per dictum tempus </item>
                            <item><lb/> summa eadem : VIII libre XIX solidi VI denarii fortium
                            </item>
                        </list></p>
                </div>
                <div xml:id="exitus_sigilli_apud_Castellionem">
                    <head>exitus sigilli apud Castellionem<note type="césure"><hi rend="italics"
                                >exitus sigilli apud <lb/> castellionem</hi></note></head>
                    <p><lb/> idem reddit computum <list>
                            <item> de LXIX solidis I denario obolo fortium receptis de exitu sigilli
                                apud Castellionem ut in particulis per dictum tempus <lb/> summa
                                eadem : LXIX solidi I denarius obolus fortium</item>
                        </list></p>
                </div>
                <div xml:id="bilan_recepte">
                    <p><list>
                            <item><lb/> summa totius recepte : XXIIII libre XIX solidos IX denarii
                                obolus fortium novorum de quibus<note> À partir de <hi
                                        rend="italics">de quibus</hi>, on a utilisé une encre brune,
                                    et non plus noire. Un changement de main paraîtt également
                                    évident : recettes et dépenses ont été consignées par des
                                    personnes différentes.</note></item>
                        </list></p>
                </div>
            </div>
            <div xml:id="expense_et_librate">
                <p><list>
                        <item><lb/> in locagio cuiusdam quadrige portantis terram in <del
                                rend="overstrike">aula B[urgi]</del> domo mercati per decem et novem
                            dies capientis viginti denarios qualibet <lb/> die : XXXI solidos VIII
                            denarios viennensium </item>
                        <item> in recoperienda dicta domo in taschiam preter latas et tegulas : LX
                            solidos viennensium </item>
                        <item> in quatuor miliaribus et ducentis <lb/> tegularum<note> Lire <hi
                                    rend="italics">in quatuor milibus ducentis tegulis</hi>.</note>
                            miliari sexdecim solidis : LXIIII solidos viennensium </item>
                        <item> in trescentis latis pro dicta domo : VII solidos viennensium </item>
                        <item> in expensis suis et Petri de <foreign>La Venoyri</foreign> qui <lb/>
                            fuerunt ad dominum Bellijoci de mandato domini pro dicto domino
                            Bellijoci requirendo super negotiis domini abbatis Ambrogniaci : VIII
                            solidos VII denarios viennensium </item>
                        <item> in <lb/> diversis nunciis missis pro negotiis domini et terre et
                            expensis quorumdam clientum qui fuerunt apud Castellionem pro adducendo
                            Hugone de <foreign>La Forest</foreign><note> On attendrait <hi
                                    rend="italics">pro adducendo Hugonem de La Forest </hi> ou <hi
                                    rend="italics">pro Hugone de La Forest adducendo</hi>.</note>
                            qui <lb/> captus erat ad instantiam Bertholomei Breysent : XXVIII
                            solidos VIII denarios viennensium </item>
                        <item> in expensis triginta sex hominum tam de castellania Burgi <lb/> quam
                            de terra Baugiaci qui fuerunt cum armis ad talandum apud Sanctum Andream
                            pro tertia parte dictarum expensarum quam solvit : L solidos viennensium </item>
                        <item> in expensis viginti <lb/> quatuor hominum cum armis venientium ad
                            succursum Terracie et fuerunt usque ad <foreign>Lonnes</foreign> :
                            XXVIII libras XI solidos viennensium </item>
                        <item><lb/> summa expense : XLI libre XI denarii viennensium </item>
                        <item><lb/> idem libravit Berthaudo castellano Castelleti pro muniendo dicto
                            Castelleto per litteram eius quam reddit : XLVIII solidos viennensium </item>
                        <item><lb/> idem libravit Guichardo de Ponte Vele pro muniendo domo
                            Iohannetis de Buenco per litteram domini Anthonii de Castello <lb/> de
                            mandato quam reddit : LX solidos viennensium </item>
                        <item><lb/> idem libravit in expensis gentium cum armis qui venerant apud
                            Burgum pro succurrendo castro Durchie quod dominus Ludovicus <lb/>
                            dicebatur obsedisse per eandem litteram et de mandato eiusdem : LIIII
                            solidos viennensium </item>
                        <item><lb/> idem libravit sibi ipsi qui sibi debebantur de remanentia
                                cumputi<note> Lire <hi rend="italics">computi</hi>.</note> sui
                            precedentis : LV solidos II denarios viennensium </item>
                        <item><lb/> in stipendiis ipsius castellani de octo mensibus et quinque
                            diebus videlicet a purificatione beate Marie usque in crastino <lb/>
                            octabarum beati Michaelis et dantur sibi triginta libre viennensium per
                            annum : XX libras X solidos viennensium </item>
                        <item><lb/> summa librate et salarii : XXXI libre VII solidi II denarii
                            viennensium </item>
                        <item><lb/> summa expense librate et salarii : LXXII libre VIII solidi I
                            denarius viennensium </item>
                    </list></p>
            </div>
            <div xml:id="bilan">
                <p><list>
                        <item><lb/> et sic debentur ei : XXII libre VIII solidi VI denarii
                            viennensium</item>
                    </list></p>
            </div>
        </body>
    </text>
</TEI>
