<?xml version="1.0" encoding="UTF-8"?>
<?oxygen RNGSchema="http://www.tei-c.org/release/xml/tei/custom/schema/relaxng/tei_all.rng" type="xml"?>
<TEI xmlns="http://www.tei-c.org/ns/1.0" xml:id="B7080_5">
    <teiHeader>
        <fileDesc>
            <titleStmt>
                <title>Compte de Brun de Montailleur (<hi rend="italics">Brunus de
                    Monteillous</hi>), châtelain, pour la châtellenie de Bourg-en-Bresse et la
                    châtellenie de Châtillon-sur-Chalaronne, du lundi 28 février 1279 (nouveau
                    style) au lundi 26 février 1280 (nouveau style) <date type="debut"
                        from-iso="12790228" cert="high"/><date type="fin" from-iso="12800226"
                        cert="high"/></title>
                <respStmt>
                    <persName><name xml:lang="fra">Brunet de Montailleur</name><name xml:lang="lat"
                            >Brunus de Moteillous</name></persName>
                    <resp>Châtelain</resp>
                </respStmt>
            </titleStmt>
            <publicationStmt>
                <p>Christian Guilleré, Frédéric Chartrain et Alain Kersuzan, avec la collaboration de Nils Mantilleri, Jean-Michel Poisson, et Marianne Ronot, 
                    <title>Compte de Brun de Montailleur (<hi rend="italics">Brunus de
                        Monteillous</hi>), châtelain, pour la châtellenie de Bourg-en-Bresse et la
                        châtellenie de Châtillon-sur-Chalaronne, du lundi 28 février 1279 (nouveau
                        style) au lundi 26 février 1280 (nouveau style)</title>,
                    Lyon - Chambéry, 2011 (<title>Documents comptables des Etats de Savoie, XIIIe - XVe s.</title>)</p>
            </publicationStmt>
            <seriesStmt>
                <title>Bourg-en-Bresse</title>
                <title>Châtillon-sur-Chalaronne</title>
            </seriesStmt>
            <sourceDesc>
                <p>Information about the source</p>
            </sourceDesc>
        </fileDesc>
    </teiHeader>
    <text>
        <body>
            <div xml:id="cpt1" type="subaccount">
                <milestone n="11" unit="vue"/>
                <pb n="10"/>
                <div xml:id="prologue">
                    <p><lb/> Computus Bruni de Montellous castellani Burgi a die lune post festum
                        beati Mathie apostoli anno Domini M<hi rend="sup">o</hi> CC<hi rend="sup"
                            >o</hi> LXX<hi rend="sup">o</hi> octavo <lb/> usque ad eamdem diem anno
                        revoluto videlicet de uno anno integro </p>
                </div>
                <div xml:id="recepte">
                    <div xml:id="frumentum">
                        <head>frumentum</head>
                        <p><lb/> idem reddit computum <list>
                                <item> de I quartallo frumenti recepto de Morello de
                                        <foreign>Putessart</foreign> de redditu per annum </item>
                                <item> de XXII sestariis receptis de exitu coponagii fori a festo
                                    beati Iohannis <lb/> baptiste anno Domini LXX<hi rend="sup"
                                        >o</hi> octavo usque ad diem lune ante festum cathedre
                                    sancti Petri anno LXX<hi rend="sup">o</hi> IX<hi rend="sup"
                                            >o<note> Le lundi 19 février 1280 (nouveau
                                            style).</note></hi> videlicet de uno anno integro et
                                    triginta quatuor septimanis </item>
                                <item><lb/> summa : XXII sestarii I quartallus frumenti — et
                                    remanent </item>
                            </list></p>
                    </div>
                    <div xml:id="siligo">
                        <head>siligo</head>
                        <p><lb/> idem reddit computum <list>
                                <item> de XV sestariis et I quartallo siliginis receptis apud Longum
                                    Campum de redditu per annum pro parte domini ut in particulis
                                    computi precedentis </item>
                                <item> de <lb/> XIX sestariis I quartallo I cupa receptis apud
                                    Sanctum Andream et alias villas de redditu per annum ut in
                                    particulis computi precedentis </item>
                                <item> de XXXVIII sestariis II quartallis receptis pro <lb/> messe
                                    hoc anno in villa contentis in computo precedenti<note> Voir le
                                        titre <hi rend="italics">siligo de messe</hi> dans le compte
                                        de l’exercice précédent, qui ne totalise que <hi
                                            rend="italics">XXXVIII sestarii</hi>.</note></item>
                                <item> de XIIII sestariis receptis de coponagio fori Burgi per idem
                                    tempus ut in titulo de frumento </item>
                                <item><lb/> summa : IIII<hi rend="sup">XX</hi> VII sestarii I cupa
                                    siliginis </item>
                            </list></p>
                        <div type="sub">
                            <head>arreragium</head>
                            <p><lb/> idem reddit computum <list>
                                    <item> de LXXII sestariis II quartallis I cupa siliginis
                                        receptis de remanentia computi sui anni precedentis </item>
                                </list></p>
                        </div>
                        <div>
                            <p><list>
                                    <item><lb/> summa totius<note> On lit ici <hi rend="italics"
                                                >tocius</hi>, <hi rend="italics">precio</hi>, <hi
                                                rend="italics">Laurencium</hi>, <hi rend="italics"
                                                >tercia</hi>, <hi rend="italics">negociorum</hi>,
                                                <hi rend="italics">servicio</hi>, <hi rend="italics"
                                                >remanencia</hi>, <hi rend="italics"
                                            >audiencium</hi>, que l’on transcrit – selon la
                                            convention d’édition prescrivant l’usage général de la
                                            graphie classique – <hi rend="italics">totius</hi>, <hi
                                                rend="italics">pretio</hi>, <hi rend="italics"
                                                >Laurentium</hi>, <hi rend="italics">tertia</hi>,
                                                <hi rend="italics">negotiorum</hi>, <hi
                                                rend="italics">servitio</hi>, <hi rend="italics"
                                                >remanentia</hi>, <hi rend="italics"
                                            >audientium</hi>.</note> siliginis : VII<hi rend="sup"
                                            >XX</hi> XIX sestarii II quartalli II cupe siliginis —
                                        et remanent </item>
                                </list></p>
                        </div>
                    </div>
                    <div xml:id="avena">
                        <head>avena</head>
                        <p><lb/> idem reddit computum <list>
                                <item> de IX sestariis I bicheto avene receptis de redditu per annum
                                    ut in particulis computi sui anni precedentis </item>
                                <item> de VIII sestariis I <foreign>ras</foreign> receptis pro messe
                                    hoc <lb/> anno ut in computo precedenti </item>
                                <item> de XII sestariis receptis de exitu coponagii fori per idem
                                    tempus ut de frumento </item>
                            </list></p>
                        <div type="sub">
                            <head>arreragium</head>
                            <p><lb/> idem reddit computum <list>
                                    <item> de XVII sestariis III <foreign>ras</foreign> avene
                                        receptis de remanentia computi sui anni precedentis </item>
                                </list></p>
                        </div>
                        <div>
                            <p><list>
                                    <item><lb/> summa totius avene : XLVI sestarii I quartallus II
                                            <foreign>ras</foreign> avene — et remanent </item>
                                </list></p>
                        </div>
                    </div>
                    <div xml:id="fabe">
                        <head>fabe</head>
                        <p><lb/> idem reddit computum <list>
                                <item> de III quartallis fabarum receptis de exitu coponagii fori
                                    per dictum tempus </item>
                                <item> de exitu curtilis respondet in titulo venditionum — et
                                    remanent </item>
                            </list></p>
                    </div>
                    <div xml:id="iayssie">
                        <head>jaysse</head>
                        <p><lb/> idem reddit computum <list>
                                <item> de II quartallis II cupis iayssiarum<note> On écrit <hi
                                            rend="italics">jayssiarum</hi>.</note><add
                                        place="interlinear">receptis</add> de exitu coponagii fori
                                    per dictum tempus — et remanent </item>
                            </list></p>
                    </div>
                    <div xml:id="milium">
                        <head>millium</head>
                        <p><lb/> idem reddit computum <list>
                                <item> de VI quartallis millii receptis de exitu coponagii fori per
                                    dictum tempus </item>
                                <item> de VI quartallis receptis de exitu milii<note> Et non pas <hi
                                            rend="italics">millii</hi>.</note> seminati in stanno
                                    pro <lb/> parte domini </item>
                                <item> summa : III sestarii millii — et remanent de pisis ordeo et
                                    cepis nichil hoc anno </item>
                            </list></p>
                    </div>
                    <div xml:id="panes">
                        <head>panes</head>
                        <p><lb/> idem reddit computum <list>
                                <item> de II panibus receptis de Petro <foreign>Moyrout</foreign> de
                                    redditu per annum — venduntur ut infra </item>
                            </list></p>
                    </div>
                    <div xml:id="canabis">
                        <head>canabum</head>
                        <p><lb/> idem reddit computum <list>
                                <item> de VIII muyssellis canabi receptis apud
                                        <foreign>Chastelet</foreign> de redditu per annum pro parte
                                    domini — venduntur ut infra </item>
                            </list></p>
                    </div>
                    <div xml:id="galline">
                        <head>galline</head>
                        <p><lb/> idem reddit computum <list>
                                <item> de III<hi rend="sup">C</hi> LXXIII gallinis receptis de
                                    redditu et prepositura per annum ut in particulis computi
                                    precedentis </item>
                                <item> de IX gallinis receptis de empto Cortesii Raynaudi<note
                                        type="césure"><hi rend="italics"
                                    >raynau<lb/>di</hi></note><lb/> de redditu per annum </item>
                                <item> de IX gallinis receptis de eodem empto de anno preterito </item>
                                <item><lb/> summa : III<hi rend="sup">C</hi> IIII<hi rend="sup"
                                            >XX<note> Le premier chiffre paraît raturé.</note></hi>
                                    XI galline — venduntur ut infra </item>
                            </list></p>
                    </div>
                    <div xml:id="cera">
                        <head>cera</head>
                        <p><lb/> idem reddit computum <list>
                                <item> de XXII libris cere receptis de gardis per annum ut in
                                    particulis computi precedentis — venduntur ut infra </item>
                            </list></p>
                    </div>
                    <div xml:id="vinum">
                        <head>vinum</head>
                        <p><lb/> idem reddit computum <list>
                                <item> de LII sestariis vini receptis de manso de
                                        <foreign>Granges</foreign> apud <foreign>Saysiria</foreign>
                                    de redditu per annum <del rend="overstrike">— et
                                        remanent</del><add rend="autreMain" place="interlinear"
                                        >venditur infra in additionibus computi
                                    Castellionis</add></item>
                            </list></p>
                    </div>
                    <div xml:id="fenum">
                        <head>fenum</head>
                        <p><lb/> idem reddit computum <list>
                                <item> de X carratis feni receptis de exitu pratorum domini hoc anno </item>
                                <item> de III quarratis de exitu prati <foreign>del
                                        Chatelet</foreign> — et remanent </item>
                            </list></p>
                    </div>
                    <div xml:id="denarii_census">
                        <head>denarii census</head>
                        <p><lb/> idem reddit computum <list>
                                <item> de XXXV libris XVII solidis fortium receptis de redditu per
                                    annum ut in particulis computi precedentis deductis viginti
                                    solidis qui computati <lb/> fuerant in eodem computo pro
                                    retentis </item>
                                <item><lb/> summa : XXXV lb. XVII s. fort.<note> Il y a dans la
                                        marge gauche un signe en forme d’accent aigu qui s’apparente
                                        peut-être à celui rencontré plus haut sous <hi
                                            rend="italics">milii</hi>, dans <hi rend="italics">de
                                            exitu milii seminati</hi>, sans qu’un éventuel rapport
                                        soit du tout évident.</note></item>
                            </list></p>
                    </div>
                    <div xml:id="teyse">
                        <head>teyse</head>
                        <p><lb/> idem reddit computum <list>
                                <item> de XVII libris XIII solidis III pictis fortium receptis de
                                    teysis domorum Burgi ut in particulis computi precedentis </item>
                                <item><lb/> summa : XVII lb. XIII s. III pict. fort. </item>
                            </list></p>
                    </div>
                    <div xml:id="garde">
                        <head>garde</head>
                        <p><lb/> idem reddit computum <list>
                                <item><lb/> de IIII libris XI solidis II denariis receptis de gardis
                                    per annum ut in particulis in extenta <lb/> summa : IIII lb. XI
                                    s. II d. fort.</item>
                            </list></p>
                    </div>
                    <div xml:id="tallie">
                        <head>tallie</head>
                        <p><lb/> idem reddit computum <list>
                                <item> de LX libris fortium receptis pro tallia hoc anno in villis
                                    mandamenti Burgi contentis in computo precedenti excepta villa
                                    de <foreign>Chastelet</foreign></item>
                                <item><lb/> de XXX solidis fortium receptis apud
                                        <foreign>Chatelet</foreign> pro tallia in festo revelationis
                                        beati<note> On avait d’abord écrit <hi rend="italics"
                                            >beate</hi>, et la terminaison est raturée.</note>
                                    Stephani hoc anno<note> Le jeudi 3 août 1279.</note></item>
                                <item> de tallia que fit in festo beati Andree apud
                                        <foreign>Chastelet</foreign><lb/> non computat quia non fit
                                    tempore passonagii </item>
                                <item><lb/> summa : LXI lb. X s. fort. </item>
                            </list></p>
                    </div>
                    <div xml:id="firme">
                        <head>firme</head>
                        <p><list>
                                <item><lb/> idem reddit computum </item>
                                <item><del rend="overstrike">de IIII<hi rend="sup">XX</hi> XI libris
                                        V solidis VII denariis viennensium</del><add
                                        place="interlinear">de XLV libris XII solidis IX denariis
                                        obolo fortium</add> receptis de exitu leyde fori Burgi a
                                    festo beati Mathie apostoli anno Domini M<hi rend="sup">o</hi>
                                        CC<hi rend="sup">o</hi> LXX<hi rend="sup">o</hi> VIII<hi
                                        rend="sup">o<note> Le jeudi 24 février 1279 (nouveau
                                            style).</note></hi> usque ad <lb/> diem lune ante
                                    cathedram sancti Petri<note> Le lundi 19 février 1280 (nouveau
                                        style).</note> vicelicet de uno anno minus una septimana </item>
                                <item> de VI libris XII solidis VI denariis fortium receptis de <del
                                        rend="overstrike">firma</del> medietate firme furni<note
                                        type="césure"><hi rend="italics">fur<lb/>ni</hi></note><lb/>
                                    de <foreign>Bagia</foreign> finiende in festo beati Iohannis
                                    baptiste anno LXXX<hi rend="sup">o</hi> et tunc debentur
                                        tamtumdem<note> Lorsque la première syllabe de ce mot n’est
                                        pas abrégée, elle s’écrit ici tam-, et non
                                    tan-.</note></item>
                                <item> de VI libris X solidis receptis de medietate firme furni de
                                    <lb/> fabricis<note type="césure"><hi rend="italics"
                                            >fa<lb/>bricis</hi></note> finiende eodem termino et
                                    tunc debentur tamtumdem </item>
                                <item> de VIII libris XV solidis receptis de medietate firme
                                    chacipolarie finiende eodem termino et tunc debentur <lb/>
                                    tamtumdem </item>
                                <item> de XV solidis receptis de medietate firme cridagii finiende
                                    eodem termino et tunc debentur tamtumdem </item>
                                <item> de X <add place="interlinear">solidis</add> receptis de firma
                                    champerie hoc anno </item>
                                <item><lb/> de VI solidis receptis de exitu quintallis hoc anno </item>
                                <item> summa : LXIX lb. XV d. ob. fort. </item>
                            </list></p>
                    </div>
                    <div xml:id="domus_fori">
                        <head>domus fori</head>
                        <p><lb/> idem reddit computum <list>
                                <item> de XX libris IIII solidis fortium receptis de exitu banchagii
                                    domus fori per dictum annum et levatur ut in particulis computi
                                    precedentis </item>
                                <item><lb/> summa : XX lb. IIII s. fort. </item>
                            </list></p>
                    </div>
                    <div xml:id="macellum">
                        <head>macellum</head>
                        <p><lb/> idem reddit computum <list>
                                <item> de VII libris VI solidis fortium de exitu macelli Burgi hoc
                                    anno ut in particulis deductis quadraginta solidis ut in computo
                                    <lb/> precedenti </item>
                                <item> summa : VII lb. VI s. fort. </item>
                            </list></p>
                    </div>
                    <div xml:id="passonagium">
                        <head>passonagium</head>
                        <p><lb/> idem reddit computum <list>
                                <item> de XVIII libris X solidis receptis de passonagio nemoris de
                                    Saxo pro tanto vendito hoc anno </item>
                                <item> de VII libris X solidis receptis de passonagio <lb/> nemoris
                                    de <foreign>Chastelet</foreign> pro tanto vendito hoc anno </item>
                                <item> de XXX solidis receptis de passonagio nemoris de
                                        <foreign>Tassongia</foreign> pro tanto vendito hoc anno </item>
                                <item> de XV solidis receptis de passonagio quarte partis nemoris de
                                        <foreign>La Vavra</foreign> hoc anno </item>
                                <item><lb/> summa : XXVIII lb. V s. for. </item>
                            </list></p>
                    </div>
                    <div xml:id="laudes_et_vende">
                        <head>laudes et vende</head>
                        <p><lb/> idem reddit computum <list>
                                <item> de VIII solidis IIII denariis receptis de Iocerando de
                                    Grangia pro parte mansi de Grangia quam emit de filio Iohannis
                                        <foreign>Boudet</foreign> pretio quinquaginta solidorum </item>
                                <item><lb/> de X solidis receptis de Humberto
                                        <foreign>Vullermart</foreign> pro medietate domus Guichardi
                                    de Monte quam emit pretio sexaginta solidorum </item>
                                <item> de LXXIII solidis IIII denariis <lb/> receptis de Iohanne
                                        <foreign>Magnin</foreign> pro domo quam emit de Stephano
                                            <foreign>d’Espangni<note> On écrit <hi rend="italics"
                                                >despangni</hi>.</note></foreign> pretio viginti
                                    duarum librarum </item>
                                <item> de IIII solidis II denariis receptis de Turri pro curtili
                                    quod <lb/> emit de Guillermo de <foreign>Mellona</foreign>
                                    pretio viginti quinque solidorum </item>
                                <item><lb/> de VI solidis VIII denariis receptis de Stephano
                                        <foreign>Mayner</foreign> pro duabus peciis terre quas emit
                                    de Guillermo <lb/> Milleren pretio quadraginta solidorum </item>
                                <item><lb/> de IIII solidis II denariis receptis de eodem pro pecia
                                    terre quam emit de Stephano <foreign>Lo Pitit</foreign> pretio
                                    XXV solidorum </item>
                                <item> de II solidis VI denariis receptis de eodem <lb/> pro pecia
                                    quam emit de Bernardo <foreign>Perret</foreign> pretio XV
                                    solidorum </item>
                                <item> de L solidis receptis de Petro <foreign>Forester</foreign>
                                    pro tenemento quod emit apud <foreign>Montagnia</foreign> de
                                    Guillermo de <foreign>La Cra</foreign> pretio <lb/> quindecim
                                    librarum </item>
                                <item> de IIII solidis II denariis receptis de medietate laudis de
                                    Stephano <foreign>Rubin</foreign> pro terra quam emit de Hugone
                                        <foreign>Clenchin</foreign> et liberis Basini pretio L
                                    solidorum <lb/> et prior Sancti Petri percipit ibi tamtumdem </item>
                                <item> de XV solidis X denariis receptis de Rege de
                                        <foreign>Verfay</foreign> de medietate laudis pro rebus quas
                                    emit de liberis Stephani de Longo Campo <lb/> et participibus
                                    pretio novem librarum X solidorum et dictus prior percipit
                                    tamtumdem </item>
                                <item> de XVI solidis VIII denariis receptis de relicta Guionis de
                                        <foreign>La Perrousa</foreign> pro quarta parte domus quam
                                    <lb/> emit de sorore sua pretio centum solidorum </item>
                                <item> de VIII solidis IIII denariis receptis de Bernardo
                                        <foreign>Vilan</foreign> pro peda quam emit de Aymone
                                        <foreign>Perret</foreign> pretio quinquaginta solidorum </item>
                                <item><lb/> de III solidis IIII denariis receptis de Iocerando
                                    clerico pro prato quam emit de liberis <foreign>Marion de
                                        Corioronet</foreign> pretio viginti solidorum </item>
                                <item><lb/> summa : X lb. VII s. VI d. fort. </item>
                            </list></p>
                    </div>
                    <div xml:id="banna">
                        <head>banna</head>
                        <p><lb/> idem reddit computum <list>
                                <item> de IIII libris fortium receptis de quodam homine de
                                        <foreign>Pugia</foreign> pro furto unius dolabri </item>
                                <item> de X solidis receptis de Martino de <foreign>Layria</foreign>
                                    pro rixa facta apud <lb/> Longum Campum </item>
                                <item> de XXX solidis receptis de Rubeo de <foreign>Buella</foreign>
                                    pro banno sanguinis facto cuidam homini domini </item>
                                <item> de LX solidis receptis de Iohanne Mathei quia verberavit de
                                    <lb/> nocte Laurentium <foreign>Gaytot</foreign></item>
                                <item> de XXX solidis receptis de Aymone <foreign>Lo
                                        Ribaut</foreign> quia anputavit auriculam porco alieno
                                    invita muliere cuius erat <lb/> porcus </item>
                                <item> de XXX solidis receptis de Achardo de <foreign>La
                                        Tuella</foreign> ultra decem libras computatas in computo
                                    precedenti </item>
                                <item> de XXVII solidis receptis de novem minutis <lb/> clamis
                                    receptis per idem tempus </item>
                                <item><lb/> summa : XIII lb. VII s. </item>
                            </list></p>
                    </div>
                    <div xml:id="pedagium">
                        <head>pedagium</head>
                        <p><lb/> idem reddit computum <list>
                                <item> de XX solidis fortium receptis de exitu minuti pedagii per
                                    idem tempus </item>
                                <item> de IX libris XV solidis III denariis fortium receptis de
                                    sexaginta undecim equis <lb/> transeuntibus per Burgum per
                                    dictum annum </item>
                                <item> de trossellis pannorum Francie nichil hoc anno </item>
                                <item><lb/> summa : X lb. XV s. III d. fort. </item>
                            </list></p>
                    </div>
                    <div xml:id="inventa">
                        <head>inventa</head>
                        <p><lb/> idem reddit computum <list>
                                <item> de XVI solidis IX denariis receptis de septem porcellis
                                    inventis hoc anno </item>
                                <item><lb/> summa : XVI s. IX d. fort. </item>
                            </list></p>
                    </div>
                    <div xml:id="venditiones">
                        <head>venditiones</head>
                        <p><lb/> idem reddit computum <list>
                                <item> de IIII denariis receptis de duobus panibus pro tanto
                                    venditis ut supra </item>
                                <item> de II solidis receptis de octo muyssellis canabi pro tanto
                                    venditis ut supra </item>
                                <item><lb/> de LXV solidis II denariis receptis de trecentis
                                    quaterviginti et undecim gallinis venditis ut supra qualibet
                                    gallina vendita duos denarios fortium </item>
                                <item> de XXV solidis VIII denariis receptis <lb/> de viginti duabus
                                    libris cere venditis ut supra qualibet libra vendita
                                    quatuordecim denarios fortium </item>
                                <item> de IX solidis III denariis receptis de exitu prati domini
                                    apud <foreign>Cuegro</foreign> hoc anno <lb/> deductis decem
                                    octo denariis viennensium qui debentur priori de
                                        <foreign>Chavayria</foreign> pro dicto prato per annum </item>
                                <item><lb/> summa : C II s. V d. fort. </item>
                            </list></p>
                    </div>
                    <div xml:id="bilan_recepte">
                        <p><list>
                                <item><lb/> summa totius recepte : CC IIII<hi rend="sup">XX</hi>
                                    IIII lb. XVI s. V d. ob. fort. </item>
                            </list></p>
                        <div xml:id="caorsini">
                            <head>caorcini</head>
                            <p><lb/> idem reddit computum <list>
                                    <item> de XXXV libris fortium receptis de caorcinis morantibus
                                        apud Burgum et Castellionem de anno incepto in festo
                                        purificationis beate Marie <lb/> anno Domini LXX<hi
                                            rend="sup">o</hi> nono<note> Le vendredi 2 février 1280
                                            (nouveau style).</note> pro septuaginta libris
                                        viennensium quas debebant per annum </item>
                                    <item> de iudeis non computat quia recuperantur in pasquate et
                                        in precedenti <lb/> computo computavit de ipsis in pasquate
                                        nuper preterito </item>
                                </list></p>
                        </div>
                        <div>
                            <p><list>
                                    <item><lb/> summa totius recepte cum caorcinis : III<hi
                                            rend="sup">C</hi> XIX lb. XVI s. V d. ob. fort. de
                                        quibus <lb/> respondet in computo subsequenti de
                                        Castellione</item>
                                </list></p>
                        </div>
                    </div>
                </div>
            </div>
            <div xml:id="cpt2" type="subaccount">
                <milestone n="12" unit="vue"/>
                <pb n="11"/>
                <div xml:id="prologue_2">
                    <p><lb/> Computus eiusdem castellani de exitu castellanie Castellionis per idem
                        tempus</p>
                </div>
                <div xml:id="recepte_2">
                    <div xml:id="siligo_2">
                        <head>siligo</head>
                        <p><lb/> idem reddit computum <list>
                                <item> de X bichetis siliginis receptis de Guichardo
                                        <foreign>Syont</foreign> pro messe domini et castellani hoc
                                    anno </item>
                                <item> de X bichetis receptis de Hugone <foreign>del
                                        Chaley</foreign> pro eodem </item>
                                <item> de <lb/> X bichetis receptis de liberis Alardi de Bosco pro
                                    eodem </item>
                                <item> de X bichetis receptis de Guillermo
                                        <foreign>Escofer</foreign> pro eodem </item>
                                <item> de X bichetis receptis de Bernardo de Bosco pro eodem </item>
                                <item> de X <lb/> bichetis receptis de Laurentio <foreign>del
                                        Verney</foreign> pro eodem </item>
                                <item> de X bichetis receptis de Petro <foreign>Terracart</foreign>
                                    pro eodem </item>
                                <item> de V bichetis receptis de Guillermo <foreign>Bordan</foreign>
                                    pro eodem deductis <lb/> aliis quinque quia non excoluit hoc
                                    anno nisi ad unum bovem </item>
                                <item> de X bichetis receptis de Guillermo de Ripis pro eodem </item>
                                <item> de X bichetis receptis de Stephano
                                        <foreign>del</foreign><lb/><foreign>Rupey</foreign> pro
                                    eodem </item>
                                <item> de X bichetis receptis de Stephano de Rossellione<note> On
                                        peut aussi transcrire <hi rend="italics">rossell.</hi> par
                                            <hi rend="italics">Rossellion</hi>, mais on a convenu de
                                        recourir ici, par défaut, aux formes
                                    latinisées.</note></item>
                                <item> de XX asinatis receptis de medietate firme coponagii finiende
                                    in festo beati Iohannis baptiste <lb/> anno LXXX<hi rend="sup"
                                        >o</hi> et tunc debentur tamtumdem </item>
                                <item> summa : XXXIII asinate I bichetus siliginis </item>
                            </list></p>
                        <div type="sub">
                            <head>arreragium</head>
                            <p><lb/> idem reddit computum <list>
                                    <item> de C X bichetis siliginis receptis de remanentia computi
                                        sui precedentis </item>
                                </list></p>
                        </div>
                        <div>
                            <p><list>
                                    <item><lb/> summa totius siliginis : XLVI asinate VII bicheti —
                                        et remanent </item>
                                </list></p>
                        </div>
                    </div>
                    <div xml:id="avena_2">
                        <head>avena</head>
                        <p><lb/> idem reddit computum <list>
                                <item> de XXI mayteriis avene receptis de garda per annum ut in
                                    particulis computi precedentis </item>
                                <item> de XIII asinatis receptis de medietate firme <add
                                        place="interlinear">coponagii</add><lb/> finiende ut supra
                                    de siligine et tunc debentur tamtumdem<note> Ce second article
                                        de la recette propre à l’exercice a été ajouté, d’une encre
                                        plus pâle, à la fin de cette ligne et de la
                                    suivante.</note></item>
                            </list></p>
                        <div type="sub">
                            <head>arreragium</head>
                            <p><lb/> idem reddit computum <list>
                                    <item> de XXI mayteriis avene receptis de remanentia computi sui
                                        precedentis</item>
                                </list></p>
                        </div>
                        <div>
                            <p><list>
                                    <item><lb/> summa totius avene : XXIII asinate et dimidia
                                            avene<note> Ce total, écrit d’un trait plus fin sinon
                                            d’une autre main, a remplacé une rédaction antérieure,
                                            qui a été soigneusement effacée par grattage. Il tient
                                            compte de la <hi rend="italics">firma coponagii</hi>,
                                            recette initialement omise. Le <hi rend="italics"
                                                >mayterius</hi> équivaut ici au quart de l’<hi
                                                rend="italics">asinata</hi> : 42 <hi rend="italics"
                                                >mayterii</hi> font 10,5 <hi rend="italics"
                                                >asinate</hi>.</note> — et remanent </item>
                                </list></p>
                        </div>
                    </div>
                    <div xml:id="cera_2">
                        <head>cera</head>
                        <p><lb/> idem reddit computum <list>
                                <item> de XXI libris cere receptis de recognitionibus et gardis per
                                    annum ut in particulis computi precedentis </item>
                                <item><lb/> summa eadem — venduntur ut infra </item>
                            </list></p>
                    </div>
                    <div xml:id="galline_2">
                        <head>galline</head>
                        <p><lb/> idem reddit computum <list>
                                <item> de XI gallinis receptis de redditu per annum ut in particulis
                                    computi precedentis — venduntur ut infra </item>
                            </list></p>
                    </div>
                    <div xml:id="denarii_census_2">
                        <head>denarii census</head>
                        <p><lb/> idem reddit computum <list>
                                <item> de XV libris IX denariis receptis de redditu per annum ut in
                                    particulis computi precedentis </item>
                                <item><lb/> summa : XV lb. IX d. vien. </item>
                            </list></p>
                    </div>
                    <div xml:id="macellum_2">
                        <head>macellum</head>
                        <p><lb/> idem reddit computum <list>
                                <item> de VIII libris XII solidis receptis de firma macelli hoc anno </item>
                                <item><lb/> summa : VIII lb. XII s. vien. </item>
                            </list></p>
                    </div>
                    <div xml:id="garde_2">
                        <head>garde</head>
                        <p><lb/> idem reddit computum <list>
                                <item> de XXX solidis VI denariis receptis de gardis per annum ut in
                                    particulis computi precedentis </item>
                                <item><lb/> summa : XXX s. VI d. vien. </item>
                            </list></p>
                    </div>
                    <div xml:id="firme_2">
                        <head>firme</head>
                        <p><lb/> idem reddit computum <list>
                                <item> de L libris viennensium receptis de Andrea de Molendino et de
                                    Terracardo pro medietate firme leyde banchagii fori et
                                    nundinarum Castellionis <lb/> de uno anno finiendo in festo
                                    beati Iohannis baptiste anno Domini LXXX<hi rend="sup">o</hi> et
                                    tunc debentur tamtumdem </item>
                                <item> de C solidis viennensium receptis de medietate firme <lb/>
                                        chacipolarie<note type="césure"><hi rend="italics"
                                            >cha<lb/>cipolarie</hi></note> finiende eodem termino et
                                    tunc debentur tamtumdem </item>
                                <item> de XII libris V solidis receptis de medietate firme furni
                                    Castellionis finiende<note type="césure"><hi rend="italics"
                                            >fini<lb/>ende</hi></note><lb/> eodem termino et tunc
                                    debentur tamtumdem </item>
                                <item> de IIII libris XVII solidis VI denariis viennensium receptis
                                    de medietate firme lingarum boum cridagii banni vini <lb/> et
                                        champerie<note> Le texte de l’original est ainsi ponctué :
                                            <hi rend="italics">de medietate firme lingarum boum •
                                            cridagii • banni vini • <lb/> et champerie • finiende
                                            eodem termino • …</hi></note> finiende eodem termino et
                                    tunc debentur tamtumdem </item>
                                <item><lb/> summa : LXXII lb. II s. VI d. vien. — preter bladum
                                </item>
                            </list></p>
                    </div>
                    <div xml:id="laudes_et_vende_2">
                        <head>laudes et vende</head>
                        <p><lb/> idem reddit computum <list>
                                <item><lb/> de XXXIII solidis IIII denariis viennensium receptis de
                                    Guillermo <foreign>Machart</foreign> pro domo quam emit de
                                    liberis Guidonis de Molendino pretio decem librarum viennensium </item>
                                <item> de LIII solidis IIII denariis receptis de Guillermo de
                                        <foreign>Salmoya</foreign> pro domo quam emit de Stephano de
                                        <foreign>Moret</foreign> pretio sexdecim librarum </item>
                                <item> de LXXVI solidis VIII denariis de <lb/> fabro<note
                                        type="césure"><hi rend="italics">fa<lb/>bro</hi></note> de
                                    Sancto Desiderio pro domo quam emit de predictis liberis pretio
                                    viginti trium librarum </item>
                                <item> de XVI solidis VIII denariis receptis de Petro
                                        <foreign>Cesayro</foreign> et Ponceto
                                        <foreign>Nayret</foreign> pro <lb/> domo empta de quodam
                                    pretio centum solidorum </item>
                                <item> de XXX solidis receptis de Guigone <foreign>Byllont</foreign>
                                    pro domo quam emit de Andrea de Molendino pretio novem librarum </item>
                                <item><lb/> summa : XI lb. vien. </item>
                            </list></p>
                    </div>
                    <div xml:id="banna_2">
                        <head>banna</head>
                        <p><list>
                                <item><lb/> de bannis et clamis nichil hoc anno </item>
                            </list></p>
                    </div>
                    <div xml:id="venditiones_2">
                        <head>venditiones</head>
                        <p><lb/> idem reddit computum <list>
                                <item> de XLIX solidis receptis de viginti una libris cere venditis
                                    ut supra qualibet libra vendita II solidos IIII denarios
                                    viennensium </item>
                                <item> de III solidis VIII denariis receptis <lb/> de undecim
                                    gallinis venditis ut supra qualibet gallina vendita IIII
                                    denarios </item>
                                <item><lb/> summa : LII s. VIII d. vien. </item>
                            </list></p>
                    </div>
                    <div xml:id="bilan_recepte_2">
                        <p><list>
                                <item><lb/> summa totius recepte : C X lb. XVIII s. V d. vien.
                                </item>
                            </list></p>
                    </div>
                    <div xml:id="arreragium">
                        <head>arreragium</head>
                        <p><lb/> idem reddit computum <list>
                                <item><lb/> de III<hi rend="sup">C</hi> XIX libris XVI solidis V
                                    denariis obolo fortium receptis de remanentia computi sui anni
                                    presentis de castellania Burgi proxime precedentis </item>
                                <item><lb/> summa totius recepte cum arreragio : VII<hi rend="sup"
                                        >C</hi> L lb. XI s. IIII d. vien. computato uno fortium pro
                                    duobus viennensium<note> On peut également lire <hi
                                            rend="italics">computato uno forti pro duobus
                                            viennensibus</hi>.</note></item>
                                <item> quibus <lb/> adduntur XVIII libre viennensium recepte de
                                    quinquaginta duobus sestariis vini de Burgo pro tanto venditis
                                    <lb/> summa totius recepte cum arreragio et addito : VII<hi
                                        rend="sup">C</hi> LXVIII lb. XI s. IIII d. vien. de quibus
                                </item>
                            </list></p>
                    </div>
                </div>
                <div xml:id="expense_et_librate">
                    <p><list>
                            <item><lb/> in grangia in qua reponitur fenum domini recooperienda hoc
                                anno et in quodam ostio ibidem facto : XV solidos viennensium </item>
                            <item> in doliis ad reponendum <lb/> vinum<note type="césure"><hi
                                        rend="italics">vi<lb/>num</hi></note> domini hoc anno
                                religandis et circulis emptis ad idem : XI solidos VI denarios
                                viennensium </item>
                            <item> in loquagio unius soturni ad reponendum vinum domini : XVI
                                solidos viennensium </item>
                            <item><lb/> in prandio hominum aportantium usagia domini ad castrum
                                tertia die nativitatis Domini : XX solidos viennensium </item>
                            <item> in caminis ad veniendum ad forum Castellionis<note type="césure"
                                        ><hi rend="italics">castelli<lb/>onis</hi></note><lb/> in
                                pluribus locis aptandis : XLII solidos viennensium </item>
                            <item> in stipendiis unius gaytie quam tenuit apud Castellionem per
                                dimidium annum pro quadam rixa habita cum gentibus <lb/> domini de
                                Vilario : XIIII solidos viennensium </item>
                            <item> in stipendiis unius forestarii custodientis boscos domini de Saxo
                                per unum annum finitum in nativitate Domini <lb/> nuper preterita de
                                mandato domini ut dicit : XL solidos </item>
                            <item> in stipendiis Petri Hermitani recolligentis<note> On avait
                                    d’abord commencé à écrire <hi rend="italics"
                                    >recolligend</hi>.</note> leydam domini ad portam ale Burgi a
                                festo beati <lb/> Iohannis baptiste anno LXX<hi rend="sup">o</hi>
                                octavo usque ad diem lune ante cathedram sancti Petri anno LXX<hi
                                    rend="sup">o</hi> nono<note> Le lundi 19 février 1280 (nouveau
                                    style), bien que l’indication <hi rend="italics">uno anno et
                                        triginta tribus septimanis</hi> correspondrait moins
                                    approximativement au lundi 12 février 1280 (nouveau
                                    style).</note> videlicet de uno anno et triginta tribus <lb/>
                                septimanis : IIII libras viennensium </item>
                            <item> in stipendiis ipsius castellani capientis per annum viginti
                                quinque libras viennensium pro medietate unius anni finiendi <lb/>
                                in festo beati Iohannis baptiste anno LXXX<hi rend="sup">o</hi> et
                                tunc debentur sibi tamtumdem si usque tunc castellaniam tenuerit :
                                XII libras X solidos viennensium </item>
                            <item> in stipendiis<note type="césure"><hi rend="italics"
                                        >stipen<lb/>diis</hi></note><lb/> duorum clientum quos secum
                                tenuit pro expeditione negotiorum domini per literam domini de
                                mandato quam ostendit de uno anno <lb/> finito in festo beate Lucie
                                anno LXX<hi rend="sup">o</hi> nono ultra conventionem factam cum eo
                                : X libras viennensium </item>
                            <item><lb/> summa expense et salarii : XXXIIII lb. VIII s. VI d. vien. </item>
                            <item><lb/> idem libravit donno Guillermo de Porta presbitero pro
                                prebenda sua quam percipit singulis annis pro capellania Sancti
                                Mauricii servienda de dono domini Raynaudi<note> On écrit <hi
                                        rend="italics">R</hi>.</note><lb/> quondam domini Bagiaci de
                                anno finito in nativitate Domini anno LXX<hi rend="sup">o</hi> nono
                                : VII libras X solidos viennensium </item>
                            <item><lb/> idem libravit domino Guichardo de <foreign>Dron</foreign>
                                militi pro decem octo denariis viennensium de servitio per annum
                                quos habebat super quadam pecia terre iuxta alam Burgi <lb/> empta
                                de dicto domino Guichardo per literam ipsius de empto et recepta
                                quam ostendit et custodit : XXX solidos viennensium </item>
                            <item><lb/> idem libravit et restituit per cognitionem iudicis presentis
                                Guyoneto de <foreign>Seyllons</foreign> — de decem libris
                                viennensium quas ab eodem receperat pro laudibus et vendis <lb/>
                                unius domus quam emit de Petro <foreign>Jostet</foreign> et probatum
                                fuit coram dicto iudice quod Ruffus de <foreign>Chales</foreign>
                                debet habere medietatem dictarum laudium et vendarum quia <lb/>
                                    medietas<note type="césure"><hi rend="italics"
                                        >me<lb/>dietas</hi></note> dicte domus est de feodo suo — de
                                quibus decem libris computavit in computo suo de anno LXX<hi
                                    rend="sup">o</hi> quinto : C solidos viennensium </item>
                            <item><lb/> idem libravit sibi ipsi que sibi debentur de remanentia
                                computi sui de expensis factis in munitione castri de
                                    <foreign>Montflour</foreign> tenendo dictum <lb/> castrum ut in
                                fine sui computi continetur : III<hi rend="sup">C</hi> IIII<hi
                                    rend="sup">XX</hi> XVII libras V solidos viennensium </item>
                            <item><lb/> summa librate : IIII<hi rend="sup">C</hi> XI lb. V s. vien. </item>
                            <item><lb/> summa expense salarii et librate : IIII<hi rend="sup">C</hi>
                                XLV lb. XIII s. VI d. vien. </item>
                        </list></p>
                </div>
                <div xml:id="bilan">
                    <p><list>
                            <item> et sic debet : <lb/> III<hi rend="sup">C</hi> XXII libras XVII
                                solidos X denarios viennensium</item>
                        </list></p>
                    <div xml:id="arreragium_2">
                        <head>arreragium</head>
                        <p><list>
                                <item> quibus adduntur : III<hi rend="sup">C</hi> VII libre VII
                                    solidi III denarii obolus viennensium recepti de remanentia
                                    <lb/> computi sui anni precedentis de castellaniis Burgi et
                                    Castellionis </item>
                            </list></p>
                    </div>
                    <div>
                        <p><list>
                                <item> et sic debet finaliter : VI<hi rend="sup">C </hi>XXX libras V
                                    solidos III obolos viennensium </item>
                                <item><lb/> de quibus deducuntur XLV solidi quos libravit ad
                                    expensas Durandi et Guillermi audientium computum ipsius duorum
                                    annorum <lb/> et XV solidis quos libravit eisdem pro duabus
                                    duodenis pargameni </item>
                                <item> et sic debet finaliter : VI<hi rend="sup">C</hi> XXVII libras
                                    V solidos III <lb/> obolos viennensium <add>— de quibus
                                        computavit in computo sequenti</add><note>Ajouté d’une autre
                                        encre par une autre main</note></item>
                                <item><lb/> memorandum quod castellanus debet computare de LXVI
                                    solidis VIII denariis quos debet recipere de domino Guigone de
                                    Saxis pro quodam domo quam emit apud Castellionem <lb/> pretio
                                    XX librarum </item>
                                <item> idem debet computare de X libris quas debet recuperare de
                                        <del rend="overstrike">Iohanne</del><add place="interlinear"
                                        >Guillermino</add> de <foreign>Buenc</foreign> domicello in
                                    quibus condempnatus fuit <lb/> per iudicem quia percussit de
                                    cutello quemdam hominem domini comitis de quibus X libris
                                    castellanus debuit esse securus </item>
                                <item><lb/> petit sibi alloquari LX solidos viennensium quos non
                                    potuit recuperare ut dicit de teysis domorum Burgi et de
                                    quibusdam servitiis per quinque annos videlicet de quolibet anno
                                    LX solidos </item>
                                <item><lb/> memorandum quod nichil est ei allocatum de consumptione
                                    bladi quod remanet nec de loquagio granerii nec de collectura
                                    coponagii </item>
                                <item> item <del rend="overstrike">dicit</del> petit sibi alloquari
                                    XX quartellos <lb/> siliginis quos dicit se nimis computasse </item>
                                <item> item petit sibi alloquari XLII solidos VI denarios pro saccis
                                    emptis ad bladum colligendum</item>
                            </list></p>
                    </div>
                </div>
            </div>
        </body>
    </text>
</TEI>
