<?xml version="1.0" encoding="UTF-8"?>
<?xml-model href="http://www.tei-c.org/release/xml/tei/custom/schema/relaxng/tei_all.rng" schematypens="http://relaxng.org/ns/structure/1.0"?>
<TEI xmlns:math="http://www.w3.org/1998/Math/MathML" xmlns="http://www.tei-c.org/ns/1.0"
    xmlns:xi="http://www.w3.org/2001/XInclude" xmlns:svg="http://www.w3.org/2000/svg"
    xml:id="B7080_8">
    <teiHeader>
        <fileDesc>
            <titleStmt>
                <title>Notes dorsales du rouleau Dijon, Archives
                    Départementales de Côte-d'Or, B7080 (châtellenie
                    de Bourg-en-Bresse,
                    1277-1280)</title>
            </titleStmt>
            <publicationStmt>
                <p>Christian Guilleré, Frédéric Chartrain et Alain Kersuzan, avec la collaboration de Nils Mantilleri, Jean-Michel Poisson, et Marianne Ronot, 
                    <title>Notes dorsales du rouleau Dijon, Archives Départementales de Côte-d'Or, B7080 (châtellenies de Bourg-en-Bresse, 1277-1280)</title>,
                    Lyon - Chambéry, 2011 (<title>Documents comptables des Etats de Savoie, XIIIe - XVe s.</title>)</p>
            </publicationStmt>
            <seriesStmt>
                <title>Bourg-en-Bresse</title>
            </seriesStmt>
            <sourceDesc>
                <p>Information about the source</p>
            </sourceDesc>
        </fileDesc>
    </teiHeader>
    <text>
        <body>
            <milestone n="16" unit="vue"/>
            <pb n="4v"/>
            <div>
                <p><lb/>Visio computi castellani Burgi de anno LXX<hi rend="sup">o</hi> VIII<hi
                        rend="sup">o</hi></p>
            </div>
            <milestone n="16" unit="vue"/>
            <pb n="3v"/>
            <div>
                <p><lb/> Computus Bruni de Montellous castellani Burgi et Castellionis anno
                        LXXVII<hi rend="sup">o</hi></p>
            </div>
            <milestone n="17" unit="vue"/>
            <pb n="4v"/>
            <div>
                <p><lb/><note> Numéro de la peau à vérifier sur l’original.</note> XLIX lb. IX s. II
                    d. ob. vien. : de leyda <lb/> VIII lb. II s. V d. ob. vien : de non habentibus
                    banchas</p>
            </div>
            <milestone n="18" unit="vue"/>
            <pb n="5v"/>
            <div>
                <p><lb/> Conpotus Bruneti castellani Burgi de expensis factis in munitione de
                        <foreign>Monflour</foreign></p>
            </div>
            <milestone n="18" unit="vue"/>
            <pb n="4v"/>
            <div>
                <p><lb/><del rend="overstrike">XII<hi rend="sup">XX </hi>XVIII lb. VIII s. VII
                        d.</del><lb/> IIII<hi rend="sup">XX</hi> VII lb. II s.</p>
            </div>
            <milestone n="18" unit="vue"/>
            <pb n="4v"/>
            <div>
                <p><lb/><del rend="overstrike">III<hi rend="sup">C</hi> LXVI lb. XIX s. IX d.
                        ob.</del></p>
            </div>
        </body>
    </text>
</TEI>
