<?xml version="1.0" encoding="UTF-8"?>
<?oxygen RNGSchema="http://www.tei-c.org/release/xml/tei/custom/schema/relaxng/tei_all.rng" type="xml"?>
<TEI xmlns="http://www.tei-c.org/ns/1.0" xml:id="B7081_4">
    <teiHeader>
        <fileDesc>
            <titleStmt>
                <title>Compte de Josserand Bourguignon (<hi rend="italics">Iocerandus Burgondi,
                        capellanus</hi>) receveur des revenus comtaux à Bourg-en-Bresse, pour la
                    châtellenie de Bourg-en-Bresse, du lundi 24 juin 1286 au dimanche 2 février 1287
                    (nouveau style) <date type="debut" from-iso="12860624" cert="high"/><date
                        type="fin" from-iso="12870202" cert="high"/></title>
                <respStmt>
                    <persName><name xml:lang="fra">Josserand Bourguignon</name><name xml:lang="lat"
                            >Iocerandus Burgondi</name></persName>
                    <resp>Châtelain</resp>
                </respStmt>
            </titleStmt>
            <publicationStmt>
                <p>Christian Guilleré, Frédéric Chartrain et Alain Kersuzan, avec la collaboration de Nils Mantilleri, Jean-Michel Poisson, et Marianne Ronot, 
                    <title>Compte de Josserand Bourguignon (<hi rend="italics">Iocerandus Burgondi,
                        capellanus</hi>) receveur des revenus comtaux à Bourg-en-Bresse, pour la
                        châtellenie de Bourg-en-Bresse, du lundi 24 juin 1286 au dimanche 2 février 1287
                        (nouveau style)</title>,
                    Lyon - Chambéry, 2012 (<title>Documents comptables des Etats de Savoie, XIIIe - XVe s.</title>)</p>
            </publicationStmt>
            <seriesStmt>
                <title>Bourg-en-Bresse</title>
            </seriesStmt>
            <sourceDesc>
                <p>Information about the source</p>
            </sourceDesc>
        </fileDesc>
    </teiHeader>
    <text>
        <body>
            <milestone n="6" unit="vue"/>
            <pb n="4"/>
            <div xml:id="prologue">
                <p><lb/> Computus<note> Ce compte a été numéroté <hi rend="italics">X</hi> en
                        tête.</note> donni Iocerandi Burgundi capellani receptoris reddituum domini
                    comitis apud Burgum <lb/> a die et festo beati Iohannis baptiste anno Domini
                        M<hi rend="sup">o</hi> CC<hi rend="sup">o</hi> octogesimo sexto usque ad
                    festum purificationis beate Marie eodem anno<note> Le dimanche 2 février 1287
                        (nouveau style).</note> videlicet<note> Ce mot pourrait avoir été ajouté,
                        mais il est demeuré sans suite.</note></p>
            </div>
            <div xml:id="recepte">
                <div xml:id="frumentum">
                    <head>frumentum</head>
                    <p><lb/> idem reddit computum <list>
                            <item> de I quartallo frumenti recepto de liberis Morelli de
                                    <foreign>Putessart</foreign> de redditu per annum —
                                    vendatur<note> On attendrait <hi rend="italics"
                                    >venditur</hi>.</note> ut infra </item>
                        </list></p>
                </div>
                <div xml:id="siligo">
                    <head>siligo</head>
                    <p><lb/> idem reddit computum <list>
                            <item> de XIX sestariis VII cupis dimidia siliginis receptis apud
                                Sanctum Andream et alias villas in castellania Burgi de redditu per
                                annum ut [in] extenta </item>
                            <item><lb/> de messe apud Rispas et apud <foreign>Perona</foreign>
                                nichil computat hoc anno quia propter guerram recesserunt agricole
                                et nichil ibi excolitur </item>
                            <item> de IIII cartallis <lb/> receptis apud <foreign>La
                                    Vernea</foreign> de messe hoc anno – respondet minus solito
                                propter pauperiem gentium<note> On lit ici <hi rend="italics"
                                        >gencium</hi>, <hi rend="italics">hospicio</hi>, <hi
                                        rend="italics">servicio</hi>, <hi rend="italics"
                                        >remanencia</hi>, <hi rend="italics">Poncio</hi>, <hi
                                        rend="italics">transeuncium</hi>, <hi rend="italics"
                                        >precio</hi>, <hi rend="italics">recohoperiencium</hi>, <hi
                                        rend="italics">negociis</hi>, <hi rend="italics"
                                        >servicium</hi>, <hi rend="italics">tercia</hi>, <hi
                                        rend="italics">morancium</hi>, <hi rend="italics"
                                        >veniencium</hi>, que l’on transcrit – suivant la convention
                                    générale d’édition qui prescrit dans ce cas l’usage des formes
                                    classiques – <hi rend="italics">gentium</hi>, <hi rend="italics"
                                        >hospitio</hi>, <hi rend="italics">servitio</hi>, <hi
                                        rend="italics">remanentia</hi>, <hi rend="italics"
                                        >Pontio</hi>, <hi rend="italics">transeuntium</hi>, <hi
                                        rend="italics">pretio</hi>, <hi rend="italics"
                                        >recohoperientium</hi>, <hi rend="italics">negotiis</hi>,
                                        <hi rend="italics">servitium</hi>, <hi rend="italics"
                                        >tertia</hi>, <hi rend="italics">morantium</hi>, <hi
                                        rend="italics">venientium</hi>.</note> que gravate sunt per
                                guerram et levatur sic dicta <lb/> messis videlicet in quolibet
                                hospitio excolente ad boves levatur unum cartallum et in non
                                excolente ad boves unum <foreign>bichon</foreign> tantum et in
                                viduis <lb/> nichil </item>
                            <item> de V cartallis I cupa receptis apud <foreign>Verlya</foreign> pro
                                eodem </item>
                            <item> de III cartallis receptis apud <foreign>Chassaignola</foreign>
                                pro eodem </item>
                            <item> de I cartallo dimidio receptis apud <lb/> Sanctum Andream pro
                                eodem </item>
                            <item> de messe de <foreign>Pontet</foreign> nichil computat quia nichil
                                potuit habere propter guerram </item>
                            <item> de V cartallis dimidio receptis apud Tulliam pro eodem </item>
                            <item><lb/> de III cartallis receptis apud Bioletum pro eodem </item>
                            <item> de III cartallis dimidio receptis apud Grilleriam pro eodem </item>
                            <item> de V cartallis receptis apud <foreign>Malmont</foreign> pro eodem </item>
                            <item><lb/> de VI cartallis receptis apud <foreign>Chilou</foreign> et
                                apud <foreign>Cusia</foreign> pro eodem </item>
                            <item> de I cartallo recepto apud <foreign>La Taissoneri</foreign> pro
                                eodem </item>
                            <item> de IIII cartallis dimidio recepto apud <foreign>Curtiuz</foreign>
                                et <lb/><foreign>Cortablin<note> Aujourd’hui <hi rend="italics"
                                            >Curtioux</hi>, cne de Montracol, et <hi rend="italics"
                                            >Curtablanc</hi>, cne de
                                        Saint-André-sur-Vieux-Jonc.</note></foreign> pro eodem </item>
                            <item> de III cartallis receptis apud <foreign>La Buysineri</foreign>
                                pro eodem </item>
                            <item> de III cartallis receptis apud Buelleam et
                                    <foreign>Corgeron</foreign> pro eodem </item>
                            <item> de II cartallis dimidio receptis <lb/> apud <del
                                    rend="overstrike">Poilliam</del><foreign>Moncex</foreign> pro
                                eodem </item>
                            <item> de III cartallis receptis apud <foreign>Poillya</foreign> pro
                                eodem </item>
                            <item> de IIII cartallis receptis apud <foreign>Atignya</foreign> pro
                                eodem </item>
                            <item> de XII cartallis dimidio receptis <lb/> apud
                                    <foreign>Monlaferta</foreign> pro eodem </item>
                            <item> de X cartallis I cupa receptis apud <foreign>Cra</foreign> pro
                                eodem </item>
                            <item> de I cartallo recepto apud <foreign>Pugia</foreign> pro eodem –
                                respondet minus solito propter guerram </item>
                            <item><lb/> de III cartallis II cupis receptis de exitu molendini de
                                Longo Campo pro parte domini a festo beati Michaelis usque ad diem
                                mercurii ante purificationem beate Marie <lb/> anno octogesimo
                                    sexto<note> Du dimanche 29 septembre 1286 au mercredi 29 janvier
                                    1287 (nouveau style).</note></item>
                            <item> de servitio Longi Campi nichil computat quia tenementarii
                                recesserunt propter guerram et nichil ibi excolitur </item>
                        </list></p>
                    <div type="sub">
                        <head>arreragium</head>
                        <p><list>
                                <item> de XIII sestariis V cupis <lb/> dimidia receptis a se ipso de
                                    remanentia computi<note> On a écrit <hi rend="italics"
                                            >conputi</hi>.</note> precedentis </item>
                            </list></p>
                    </div>
                    <div>
                        <p><list>
                                <item> summa : LIII sestarii II cartalli V cupe siliginis —
                                    venduntur ut infra </item>
                            </list></p>
                    </div>
                </div>
                <div xml:id="avena">
                    <head>avena</head>
                    <p><lb/> idem reddit computum <list>
                            <item> de II cartallis receptis ab Hunberto<note> On écrit régulièrement
                                    ici <hi rend="italics">Hunbertus</hi> pour <hi rend="italics"
                                        >Humbertus</hi> ou <hi rend="italics">Lonbardi</hi> pour <hi
                                        rend="italics">Lombardi</hi>.</note><del rend="overstrike"
                                    >de</del> Bergerii et participibus suis apud <foreign>La
                                    Vernea</foreign> de redditu per annum </item>
                            <item> de II cartallis receptis a liberis Hunberti <lb/> Rana et
                                participibus suis pro eodem </item>
                            <item> de I sestario dimidio recepto de Stephano de Chassaignola et
                                participibus suis pro eodem </item>
                            <item> de I sestario dimidio recepto de Hugone de Malomonte <lb/> et
                                participibus suis pro eodem </item>
                            <item> de I sestario recepto de Iohanne <foreign>Chapuys</foreign> pro
                                eodem </item>
                            <item> de I sestario dimidio recepto de Roberto de <foreign>La
                                    Buisoneri</foreign> pro eodem et participibus suis<note> Lire
                                        <hi rend="italics">de Roberto de </hi>La Buisoneri<hi
                                        rend="italics"> et participibus suis pro
                                eodem</hi>.</note></item>
                            <item> de dimidio sestario [recepto] <lb/> de Peroneto de
                                    <foreign>Louraym</foreign> et participibus pro eodem </item>
                            <item> de III cartallis dimidio receptis apud
                                    <foreign>Crespignia</foreign> pro eodem </item>
                            <item> de I sestario recepto de prioratu Boelle de guarda <lb/> per
                                annum </item>
                            <item> de III cartallis receptis apud <foreign>Montaignia</foreign> de
                                messe hoc anno et levatur ut supra in siligine </item>
                            <item> de II cartallis receptis apud <foreign>Crespignie</foreign> pro
                                eodem </item>
                            <item><lb/> de IIII cartallis receptis apud Longum Campum pro eodem hoc
                                anno – respondet minus solito propter guerram </item>
                            <item> de IIII cupis receptis de exitu molendini de Longo Campo <lb/>
                                pro parte domini per tempus quo supra in siligine </item>
                        </list></p>
                    <div type="sub">
                        <head>arreragium</head>
                        <p><list>
                                <item> de III sestariis receptis a se ipso de remanentia computi sui
                                        precedentis<note> Cette phrase a été ajouté après effacement
                                        d’une rédaction antérieure.</note></item>
                            </list></p>
                    </div>
                    <div>
                        <p><list>
                                <item><lb/> summa : XIIII sestarii dimidius cartallus IIII cupe
                                    avene de quibus </item>
                                <item><lb/> ipse libravit ad expensas equorum domini comitis
                                    Sabaudie apud Burgum die mercurii, die sabbati et dominica ante
                                    festum beati Martini hyemalis ut per duo <lb/> paria litterarum
                                    Rosseti de Sancto Reneberto clerici quas reddit : V sestarios I
                                    quartallum IIII cupas </item>
                                <item> item<note> Ce paragraphe et les deux suivants paraissent
                                        avoir été écrits par une autre main.</note> in libatione
                                    equorum donni Iohannis Floridi et Petri clerici <lb/>
                                    recipientium computos presentem et precedentem : I cartallum
                                    VIII cupas </item>
                                <item> summa librate : V sestarii III quartalli </item>
                                <item> et debet : VIII sestarios I quartallum dimidium et IIII
                                        cupas<note> Les mots <hi rend="italics">IIII cupas</hi> ont
                                        été ajoutés en fin de ligne dans l’interligne inférieur. Ils
                                        sont séparés par un trait vertical des mots <hi
                                            rend="italics">venditur ut infra</hi>, également ajoutés
                                        dans l’interligne inférieur, mais par la main
                                        initiale.</note> — venditur ut infra </item>
                            </list></p>
                    </div>
                </div>
                <div xml:id="panes">
                    <head>panes</head>
                    <p><lb/> idem reddit computum <list>
                            <item> de II panibus receptis de Stephano Moyroudi de Monlaferta de
                                redditu per annum — venduntur ut infra </item>
                        </list></p>
                </div>
                <div xml:id="galline">
                    <head>gualline<note> On écrit régulièrement ici <hi rend="italics">guallina</hi>
                            pour <hi rend="italics">gallina</hi>, <hi rend="italics">guarda</hi>
                            pour <hi rend="italics">garda</hi> et <hi rend="italics">Guauterius</hi>
                            pour <hi rend="italics">Gauterius</hi>.</note></head>
                    <p><lb/> idem reddit computum <list>
                            <item> de IX guallinis receptis apud Burgum de servitio empto a domino
                                Cortesio Renaudi per annum ut in extenta </item>
                            <item> de II guallinis receptis <lb/> de Stephano Moyroudi de redditu
                                per annum </item>
                            <item> de CCC LXII guallinis receptis in dicta castellania hoc anno in
                                festo beati Iohannis baptiste proximo venturo finiendo<note
                                    type="césure"><hi rend="italics">fini<lb/>endo</hi></note><lb/>
                                et levantur sic videlicet de quolibet foco levantur due gualline et
                                sic levantur aliquando plus aliquando minus sed ad presens respondet
                                minus solito propter guerram </item>
                        </list></p>
                    <div type="sub">
                        <head>arreragium</head>
                        <p><list>
                                <item><lb/> de VIII<hi rend="sup">XX</hi> IX guallinis receptis a se
                                    ipso de remanentia computi sui precedentis </item>
                            </list></p>
                    </div>
                    <div>
                        <p><list>
                                <item> summa : V<hi rend="sup">C</hi> LII gualline de quibus </item>
                                <item><lb/> ad expensas donni Iohannis Floridi et Petri clerici
                                    recipientium presentem et precedentem computos : IX guallinas </item>
                                <item><lb/> et sic debet : V<hi rend="sup">C</hi> XLIII
                                        galline<note> Ces mots écrits d’une encre plus pâle sont
                                        probablement d’une autre main, qui emploie <hi
                                            rend="italics">gallinas</hi>.</note> — venduntur ut
                                    infra </item>
                            </list></p>
                    </div>
                </div>
                <div xml:id="cera">
                    <head>cera</head>
                    <p><lb/> idem reddit computum <list>
                            <item> de II libris cere receptis de Stephano <foreign>Lanicer</foreign>
                                de guarda per annum </item>
                            <item> de I libra recepta de Stephano <foreign>Amarguin</foreign> pro
                                eodem </item>
                            <item> de I libra recepta de Stephano <lb/><foreign>del
                                    Pererat</foreign> pro eodem </item>
                            <item> de I libra recepta de Stephano <foreign>Fuma</foreign> pro eodem </item>
                            <item> de III libris receptis de Bartholomeo de
                                    <foreign>Niczons</foreign> et nepotibus suis pro eodem </item>
                            <item> de I libra recepta de Petro de <foreign>Bletoney</foreign><lb/>
                                pro eodem </item>
                            <item> de I libra recepta de Guillermo <foreign>Pomer</foreign> pro
                                eodem </item>
                            <item> de I libra recepta de Henrico de Gebenna pro eodem </item>
                            <item> de II libris receptis de illis <foreign>del Espiney</foreign> pro
                                eodem </item>
                            <item> de I libra <lb/> recepta de liberis Iohannis
                                    <foreign>Broyer</foreign></item>
                            <item> de I libra recepta de Petro <foreign>Chanterel</foreign> pro
                                eodem </item>
                            <item> de I libra recepta de Andrea <foreign>Corder</foreign></item>
                            <item> de I libra recepta de Petro de <foreign>Corffranceschi<note>
                                        Aujourd’hui <hi rend="italics">Confranchesse</hi>, cne de
                                        Saint-Martin-le-Châtel.</note></foreign><lb/> pro eodem </item>
                            <item> de III libris receptis de liberis Iohannis de Belchano pro eodem </item>
                            <item> de I libra recepta de Alardino de <foreign>Bu</foreign></item>
                            <item> de I libra recepta de Stephano <foreign>Tornier</foreign> pro
                                eodem </item>
                            <item> de I libra recepta de Guauterio de <foreign>La Grueta</foreign>
                                pro eodem </item>
                            <item> de I libra recepta de <del rend="overstrike">Stephano</del><add
                                    place="interlinear">Iohanne</add><note> La suite du texte paraît
                                    d’une plume plus fine et d’une écriture plus
                                    menue.</note><foreign>Lo Glaciers</foreign> pro eodem – mortuus
                                est et nichil ex <del rend="overstrike">hoc</del> nunc solvet </item>
                            <item> de I libra recepta <lb/> de Hunberto <foreign>Broyer</foreign>
                                pro eodem </item>
                            <item> summa : XXV libre cere — venduntur ut infra </item>
                        </list></p>
                </div>
                <div xml:id="fenum">
                    <head>fenum</head>
                    <p><lb/> idem reddit computum <list>
                            <item> de II carratis feni receptis de exitu prati domini de subtus
                                Saysiriacum hoc anno deductis duabus aliis carratis datis pro
                                factura <lb/> de VII carratis receptis apud Longum Campum in mansis
                                    vacuis.<note> La précision <hi rend="italics">datis pro factura
                                        <lb/> de VII carratis receptis apud Longum Campum in mansis
                                        vacuis</hi> a été ajoutée postérieurement à la summa qui
                                    suit.</note></item>
                            <item> summa : IX carrate feni </item>
                            <item> de quibus baillivus habuit VII carratas et de ipsis
                                    respondebit<note> Cette indication a été ajoutée après
                                    effacement d’une rédaction antérieure.</note></item>
                            <item><lb/> et sic debet : II carratas feni — dicit quod eas libravit
                                tempore quo supra ad libationem equorum domini comitis </item>
                        </list></p>
                </div>
                <div xml:id="galline_2">
                    <head>denarii</head>
                    <p><lb/> idem reddit computum <list>
                            <item> de LXV solidis V denariis obolo fortium Lugdunensium receptis
                                apud Burgum de redditu per annum ut per extentam </item>
                            <item> de XXIII solidis IX denariis obolo receptis ibidem pro eodem
                                <lb/> de empto a domino Cortesio Renaudi </item>
                            <item> de XV solidis receptis de Roleto Terlleti<note> On écrit
                                    alternativement ici <hi rend="italics">Terlleti</hi> et <hi
                                        rend="italics">Terleti</hi>.</note> de redditu ut in computo
                                precedenti </item>
                            <item> de C solidis receptis de Stephano Terleti pro eodem </item>
                            <item><lb/> de IIII denariis receptis de Guidone de
                                    <foreign>Saillons</foreign> pro eodem </item>
                            <item> de XII denariis receptis de Guichardo et Guillermo
                                    <foreign>Lorent</foreign> et Guidone de
                                    <foreign>Saillons</foreign> pro eodem </item>
                            <item> de triginta solidis qui solent <lb/> percipi apud <foreign>Les
                                    Rispes</foreign> non computat quia nichil recuperat propter
                                guerram </item>
                            <item> de III solidis receptis de feno percepto in manso Martini de
                                    <foreign>Planchimel</foreign> prope Sanctum <lb/> Martinum in
                                quo non est tenementarius et solet debere decemseptem solidos
                                fortium de redditu </item>
                            <item> de XL solidis receptis apud Longum Campum de redditu et solent
                                <lb/> ibi percipi de redditu octo libre decemnovem solidi decem
                                denarii obolus fortium et nundum potuit plus recuperare sed
                                preceptum est sibi quod recuperet id quod <lb/> poterit et inde in
                                alio computo computet </item>
                            <item> de XVI libris VII solidis IIII denariis receptis de redditu in
                                aliis villagiis castellanie Burgi ut in particulis <lb/> in computo
                                precedenti </item>
                            <item> summa : XXVIII libre XV solidi XI denarii fortium </item>
                        </list></p>
                </div>
                <div xml:id="recognitiones">
                    <head>recognitiones</head>
                    <p><lb/> idem reddit computum <list>
                            <item> de II solidis fortium receptis de Guillermo Rubeo de recognitione
                                homagii per annum </item>
                            <item> de II solidis receptis de Stephano <foreign>Borinin</foreign> pro
                                eodem </item>
                            <item> de VI solidis receptis <lb/> de Stephano et Berteto de Cletis pro
                                eodem </item>
                            <item> de II solidis receptis de Guillermo <foreign>Tueilliart</foreign>
                                pro eodem </item>
                            <item> de XII denariis receptis de Pontio <foreign>Costantin</foreign>
                                pro eodem </item>
                            <item> de XII denariis receptis de liberis <lb/> Guillermi
                                    <foreign>Revoyri</foreign> pro eodem </item>
                            <item> de XII denariis receptis de Hugone <foreign>Lo
                                    Tisserant</foreign> pro eodem </item>
                            <item> de XVIII denariis receptis de Petro <foreign>Meyer</foreign> pro
                                eodem </item>
                            <item><del rend="overstrike">de X</del> de II solidis VI denariis
                                receptis de Iohanne <lb/> Escoferii pro eodem </item>
                            <item> de II solidis receptis de Guillermo <foreign>Foillet</foreign>
                                pro eodem </item>
                            <item> de XII denariis receptis de Iaqueto de Boella pro eodem </item>
                            <item> de XII denariis receptis de Iohanneto de Sura pro eodem </item>
                            <item><lb/> de XII denariis receptis de <foreign>Chasteney</foreign> de
                                Donpiero pro eodem </item>
                            <item> de II solidis VI denariis receptis de Petro et Stephano de
                                    <foreign>La Ferroillieri</foreign> pro eodem </item>
                            <item> de XII denariis receptis de Aymone <lb/> Lonbardi pro eodem </item>
                            <item> de XVIII denariis receptis de Giroudo de Raschacia pro eodem </item>
                            <item> de XII denariis receptis de Petro Chasta pro eodem </item>
                            <item> de XII denariis receptis de Guillermo <foreign>Chapot</foreign>
                                pro eodem </item>
                            <item><lb/> de XII denariis receptis de Rupho de Raschacia pro eodem </item>
                            <item> de IX denariis receptis de Berteto Bruni pro eodem </item>
                            <item> de XII denariis receptis de Renoudo <foreign>Bestent</foreign>
                                pro eodem </item>
                            <item> de XVIII denariis <lb/> receptis de Bruneto
                                    <foreign>Trufier</foreign> pro eodem </item>
                            <item> de XVIII denariis receptis de Stephano de
                                    <foreign>Sartines</foreign> pro eodem </item>
                            <item> de II solidis receptis <foreign>del Fosserier</foreign> dicto
                                    Petro<note> On a écrit l’initiale <hi rend="italics"
                                    >p</hi>.</note> pro eodem </item>
                            <item> de XII denariis receptis <lb/> de Guillermo
                                    <foreign>Festral</foreign> pro eodem </item>
                            <item> de XII denariis receptis de Guauterio <foreign>Lo
                                    Saigniour</foreign> pro eodem et filio eius </item>
                            <item> de XVIII denariis receptis de Guichardo <foreign>Cranet</foreign>
                                pro eodem </item>
                            <item> de XII denariis <lb/> receptis de Martino fratre suo pro eodem </item>
                            <item> de XVIII denariis receptis de Aschardeto de
                                    <foreign>Viancet</foreign> pro eodem </item>
                            <item> de III solidis VI denariis de Nicholeto de Chassaignola pro eodem </item>
                            <item><lb/> de XVIII denariis receptis de Aymone <foreign>Cela<note> On
                                        avait écrit une première fois <hi rend="italics">pro</hi>
                                        après <hi rend="italics">Aymone</hi>, mais ce mot a été
                                        effacé.</note></foreign> pro eodem </item>
                            <item> summa : XLIX solidi IX denarii fortium </item>
                        </list></p>
                </div>
                <div xml:id="garde">
                    <head>guarde</head>
                    <p><lb/> idem reddit computum <list>
                            <item> de LVII solidis IX denariis receptis de gardis per annum in
                                castellania Burgi </item>
                            <item><lb/> summa : LVII solidi IX denarii </item>
                        </list></p>
                </div>
                <div xml:id="teyse">
                    <head>teyse</head>
                    <p><lb/> idem reddit computum <list>
                            <item> de XXVII libris XVI solidis VI denariis fortium receptis de
                                    teisiis<note> On notera l’alternance ici de <hi rend="italics"
                                        >teysa</hi> ou <hi rend="italics">teisa</hi> avec <hi
                                        rend="italics">teisia</hi>.</note> apud Burgum per annum </item>
                            <item> de V solidis III denariis receptis de tribus pedis quas habent
                                <lb/> donnus Iohannes Floridi et Petrus <foreign>d’Estres<note> On a
                                        écrit <hi rend="italics">destres</hi>.</note></foreign> ante
                                alam mercati </item>
                            <item> summa : XXVIII libre XXI denarii fortium </item>
                        </list></p>
                </div>
                <div xml:id="tallia">
                    <head>taillie<note> On notera l’alternance ici de <hi rend="italics"
                                >taillia</hi> avec <hi rend="italics">tallia</hi>.</note></head>
                    <p><lb/> idem reddit computum <list>
                            <item> de XXXVII libris fortium receptis de talliis factis in dicta
                                castellania hoc anno in festo beati Michaelis </item>
                        </list></p>
                </div>
                <div xml:id="firme">
                    <head>firme<note> On écrit parfois ici, de façon apparemment aléatoire, le <hi
                                rend="italics">f</hi> initial double : <hi rend="italics">ffirme,
                                ffoissiaci</hi>.</note></head>
                    <p><lb/> idem reddit computum <list>
                            <item> de XXXVII libris X solidis fortium receptis a preposito Foissiaci
                                pro medietate firme leyde, copunagii, martinagii et parvi
                                    pedagii<note> On a écrit : <hi rend="italics">pro medietate
                                        firme • leyde • copunagii • martinagii • et parvi
                                        pedagii</hi>.</note><lb/> finiende in festo beati Iohannis
                                baptiste quod erit anno octogesimo septimo et tunc debetur tantumdem </item>
                            <item><lb/> de XVI libris XII solidis VI denariis receptis de
                                    medietate<note type="césure"><hi rend="italics"
                                        >medieta<lb/>te</hi></note><lb/> firme trium furnorum Burgi
                                finiende dicto festo beati Iohannis anno octogesimo septimo et tunc
                                debetur tantumdem </item>
                            <item> de X libris receptis de Guigone <lb/> de
                                    <foreign>Cortos</foreign> pro medietate firme chacipolerie
                                finiende eodem festo beati Iohannis et tunc debebit tantumdem </item>
                            <item> de XXXII solidis VI denariis receptis <lb/> de firma cridagii hoc
                                anno finiendo in dicto festo beati Iohannis pro tanto accensati per
                                totum annum </item>
                            <item> de X solidis receptis de firma champerie Burgi <lb/> finita in
                                festo beati Michaelis preterito anno octogesimo sexto </item>
                            <item> de champeria Burgi pro presenti anno non computat quia nundum est
                                accensata </item>
                            <item> de champeria<note type="césure"><hi rend="italics"
                                        >champe<lb/>ria</hi></note><lb/> de Ultra Velam que
                                accensata <add place="interlinear">est</add> Peroneto<note> Le mot
                                    est raturé, parce que l’on avait d’abord écrit <hi
                                        rend="italics">p[er]onto</hi>.</note> tavernerio ad triginta
                                solidos fortium non computat quia non debet ipsos usque ad festum
                                beati Iohannis <lb/> proximum et tunc debet ipsos </item>
                            <item> de champeria de <foreign>Cra</foreign> non computat quia nundum
                                est accensata </item>
                            <item> de II solidis receptis de exitu quintalis pro tanto accensati a
                                festo <lb/> beati Gregorii anno octogesimo quinto usque ad idem
                                festum anno octogesimo sexto<note> Du mardi 12 mars 1286 (nouveau
                                    style) au mercredi 12 mars 1287 (nouveau style).</note></item>
                            <item> de VI libris XI solidis VI denariis fortium receptis de decem
                                novem banchis macelli <lb/> et duabus banchis caprarum hoc anno
                                deductis quadraginta solidis fortium quos ibidem percipit relicta
                                domini Hunberti de <foreign>Coterel</foreign> pro excanbio<note> On
                                    attendrait <hi rend="italics">excambio</hi>.</note> de <lb/>
                                Casteleto – et respondet minus solito quia Guillermus Longaspata et
                                Iohannes <foreign>Varans</foreign> qui debent decemseptem solidos
                                sex denarios nichil solvunt propter paupertatem<note type="césure"
                                        ><hi rend="italics">pauper<lb/>tatem</hi></note><lb/> et
                                Stephanus <foreign>Aymelinan</foreign>, Ioffredus
                                    <sic>Garsserii</sic> et <foreign>Bataillars<note> On a écrit :
                                            <hi rend="italics">et stephanus aymelinan • ioffredus
                                            garsserii • et bataillars</hi>.</note></foreign> mortui
                                sunt et eorum banche vacue sunt </item>
                        </list></p>
                    <p><list>
                            <item><lb/> summa : LXXII libre XVIII solidi VI denarii fortium </item>
                        </list></p>
                </div>
                <div xml:id="domus_mercati">
                    <head>domus mercati</head>
                    <p><lb/> idem reddit computum <list>
                            <item> de LXXV solidis <add place="interlinear">VI denariis</add>
                                fortium receptis de banchis grossorum mercatorum vendentium pannos
                                in domo mercati et levantur pro qualibet teysa in festo <lb/> beati
                                Martini tres solidi fortium et minus solito respondet quia
                                tenementarii mortui sunt ut dicit </item>
                            <item> de IIII libris X solidis receptis de quadraginta banchis <lb/>
                                escoferiorum hoc anno et levantur de qualibet bancha duo solidi tres
                                denarii fortium eodem termino et minus solito respondet quia
                                tenementarii non sunt </item>
                            <item><lb/> de III solidis IX denariis receptis de quinque banchis
                                grolleriorum hoc anno et capiuntur pro qualibet teisa novem denarii </item>
                            <item> de XIX solidis VI denariis receptis de viginti sex [banchis]
                                <lb/> sauneriorum et capiuntur pro qualibet teisa novem denarii </item>
                            <item> de XIII solidis VI denariis receptis de novem banchis in quibus
                                venduntur sal et oleum et levantur <lb/> pro qualibet decem octo
                                denarii </item>
                            <item> de banchis oliveriorum non computat quia nulli sunt – oliverius
                                extraneus debet tres solidos – oliverius de <lb/> villa debet
                                decemocto denarios </item>
                            <item><del rend="overstrike">de XL solidis VI denariis receptis</del> de
                                XLIII solidis VI denariis receptis de quadraginta tribus banchis
                                dimidia panateriarum et levantur <lb/> de qualibet duodecim denarii
                                fortium </item>
                            <item> de III solidis receptis de <del rend="overstrike"
                                    >qua[libet]</del> tribus banchis coyferiarum et levantur de
                                qualibet duodecim denarii </item>
                            <item> de II solidis receptis <lb/> de duobus poteriis et levatur de
                                quolibet duodecim denarios </item>
                            <item> de XVIII solidis receptis de sex banchis merceriorum et levatur
                                pro qualibet teisa <lb/> tres solidos </item>
                            <item> de VI solidis IX denariis receptis de tribus pelletariis et
                                levatur de qualibet bancha duo<note> On attendrait <hi
                                        rend="italics">levatur de qualibet bancha duos solidos tres
                                        denarios</hi> ou bien <hi rend="italics">levantur de
                                        qualibet bancha duo solidi tres denarii.</hi></note> solidi
                                tres denarii </item>
                            <item> de IIII solidis VI denariis receptis <lb/> de uno payrolerio </item>
                            <item> de XXI<note> Le dernier chiffre est raturé.</note> solidis
                                receptis de septem banchis ferrateriorum et levantur pro qualibet
                                tres solidi </item>
                            <item> de IIII solidis VI denariis receptis de uno venditore<note
                                    type="césure"><hi rend="italics">vendi<lb/>tore</hi></note><lb/>
                                scutellarum </item>
                            <item> de firma minuti mercati nichil quia accensatum est preposito
                                Foissiaci cum leyda, copunagio<note> On a écrit <hi rend="italics"
                                        >leyda • copunagio supradictis</hi>. Lire <hi rend="italics"
                                        >leyda, copunagio, martinagio et parvo pedagio
                                        supradictis</hi>. </note> supradictis </item>
                            <item><lb/> summa : XV libre V solidi VI denarii fortium </item>
                            <item><lb/> de payssonagio<note> On a commencé la ligne dans la marge
                                    gauche, tout en omettant la rubrique <hi rend="italics"
                                        >payssonagium</hi>.</note> nemoris del Says nichil computat
                                quia licet fuerit ibi glans nemo ausus fuit ponere ibi porcos
                                propter guerram </item>
                            <item><lb/> de passonagio nemoris <foreign>vavre de Corgeron</foreign>
                                debet respondere castellanus de Burgo </item>
                        </list></p>
                </div>
                <milestone n="7" unit="vue"/>
                <pb n="5"/>
                <div xml:id="pedagium">
                    <head>pedagium</head>
                    <p><lb/> idem reddit computum <list>
                            <item> de <del rend="overstrike">CX solidis</del><add
                                    place="interlinear">CXV solidis III denariis</add> fortium
                                receptis de triginta <del rend="overstrike">uno</del><add
                                    place="interlinear">octo</add> trossellis tribus partibus unius
                                trosselli pannorum Francie transeuntium a festo beati <lb/> Iohannis
                                anno octogesimo sexto usque ad purificationem beate Marie eodem
                                    anno<note> Le dimanche 2 février 1287 (nouveau style).</note> et
                                levatur de quolibet trossello tres solidos fortium </item>
                            <item> de XVIII denariis receptis <lb/> de pedagio trium trossellorum
                                tele venientium de nundinis Cabillonis </item>
                            <item> de merceriis nichil habuit ut dicit et levatur de trossello tres
                                solidos </item>
                            <item> de chevrotinis <lb/> de quibus levatur de trossello decem octo
                                denarios nichil quia nichil habuit </item>
                            <item> de XI solidis receptis de pedagio quatuor equorum transeuntium
                                per idem tempus <lb/> et levantur de quolibet equo triginta tres
                                denarii fortium </item>
                            <item> de <del rend="overstrike">scalibe et</del> cera de quibus
                                levantur de trossello seu chargia <add place="interlinear"
                                    >cere</add> tres solidi nichil per idem tempus – de chargia
                                ferri et scalibis levantur sex denarii </item>
                            <item> de minutis rebus que non veniunt ad pondus nichil computat quia
                                nichil habuit ut dicit </item>
                            <item><lb/> summa : VI libre VII solidi IX denarii fortium </item>
                        </list></p>
                </div>
                <div xml:id="laudes_et_vende">
                    <head>laudes et vende</head>
                    <p><lb/> idem reddit computum <list>
                            <item> de III solidis IIII denariis fortium receptis de Guillermeto
                                        <foreign>d’Antinges<note> On a écrit <hi rend="italics"
                                            >dantinges</hi>.</note></foreign> pro laudibus pede
                                empte in burgo <foreign>Mayoil</foreign> ab Anthonio
                                    <foreign>Carter</foreign> pretio <lb/> viginti solidorum </item>
                            <item> de XIII solidis IIII denariis receptis de donno Iohanne de
                                    <foreign>Mangetan</foreign> presbitero pro laudibus domus empte
                                a Iohanne <foreign>Lobal </foreign>pretio quatuor librarum </item>
                            <item> de XI solidis <lb/> VIII denariis receptis de Stephano de
                                    <foreign>Pougna</foreign> pro medietate domus empte a <del
                                    rend="overstrike">St[ephano]</del> Iohanneto de
                                        <foreign>L’Abergiment<note> On a écrit <hi rend="italics"
                                            >labergiment</hi>.</note></foreign></item>
                            <item> de triginta tribus solidis quatuor denariis fortium qui <lb/>
                                deberentur pro laudibus domus quam clavellus de Burgo emit a Rosa
                                    <foreign>La Barberi</foreign> non computat quia dominus comes
                                eos dedit dicto clavello ut <lb/> per litteras domini comitis datas
                                die martis post octabas beati Michaelis anno octogesimo sexto quas
                                ostendit dictus clavellus </item>
                            <item><lb/> summa : XXVIII solidi IIII denarii fortium </item>
                        </list></p>
                </div>
                <div xml:id="iudei_et_caorsini">
                    <head>iudei et caorsini<note type="césure"><hi rend="italics">iudei et
                                caor<lb/>sini</hi></note></head>
                    <p><lb/> idem reddit computum <list>
                            <item> de XXX libris fortium receptis a Iacobo Malabaille caorsino pro
                                censa sua de Burgo et Chasteillone pro anno incepto in festo
                                purificationis <lb/> beate Marie anno octogesimo sexto<note> Le
                                    dimanche 2 février 1287 (nouveau style).</note> retentis <add
                                    place="interlinear">sibi</add> de mandato domini comitis facto
                                per litteras suas datas apud Cambariacum die veneris ante
                                nativitatem Domini anno octogesimo <lb/> quinto quinquaginta libris
                                fortium quas solverat iam est diu domino Philipo<note> Lire <hi
                                        rend="italics">Philippo</hi>.</note> quondam comiti Sabaudie
                                quando primo habuit conventiones cum ipso de <lb/> faciendo moram
                                apud Burgum et sciendum est quod ex nunc usque ad quatuor annos
                                debet annuatim in festo purificationis beate Marie <del
                                    rend="overstrike">octo</del><lb/> quater viginti libras fortium
                                et dictis quatuor annis finitis debet pro tribus annis sequentibus
                                annuatim in dicto festo purificationis <lb/> beate Marie ducentas
                                libras viennensium </item>
                            <item> de LX solidis fortium receptis de Agino iudeo de censa sua pro
                                termino nativitatis Domini anno octogesimo sexto </item>
                            <item><lb/> de X solidis fortium receptis ab Emendant iudeo pro censa
                                sua de eo quod moratur apud Burgum in nativitate Domini anno
                                octogesimo sexto </item>
                            <item> de X solidis receptis ab eodem <lb/> et pro eodem de censa sua
                                anno octogesimo quinto </item>
                            <item> de censa <del rend="overstrike">iud[ei]</del> Ioceti iudei non
                                computat quia nichil habuit </item>
                            <item><lb/> summa : XXXIIII libre fortium <lb/> de introgiis<note> On a
                                    commencé la ligne dans la marge gauche, mais on a omis la
                                    rubrique <hi rend="italics">introgia</hi>.</note> nichil
                                computat quia nichil recepit ut dicit </item>
                        </list></p>
                </div>
                <div xml:id="venditiones_del">
                    <head><del rend="overstrike">venditiones</del></head>
                    <p><lb/><del rend="overstrike"> idem reddit</del><list>
                            <item><del rend="overstrike">de VI denariis fortium receptis de duobus
                                    panibus venditis ut supra</del></item>
                            <item><del rend="overstrike">de XXVIII solidis receptis de viginti
                                    quinque libris cere venditis ut supra</del></item>
                            <item><lb/><del rend="overstrike">summa : XXVIII solidi VI denarii
                                    fortium</del><note> On a annulé toute cette rubrique de
                                    plusieurs traits de plume, et l’on a ajouté le mot <hi
                                        rend="italics">infra</hi> dans la marge gauche, qui renvoie
                                    à la rubrique <hi rend="italics">venditiones</hi> reportée après
                                        l’<hi rend="italics">arreragium</hi>.</note></item>
                        </list></p>
                </div>
                <div xml:id="arreragium">
                    <head>arreragium</head>
                    <p><lb/> idem reddit computum <list>
                            <item> de XXXIIII libris IX solidis IX denariis fortium receptis a se
                                ipso de remanentia computi sui precedentis </item>
                        </list></p>
                </div>
                <div xml:id="venditiones">
                    <head>venditiones</head>
                    <p><lb/> idem reddit computum <list>
                            <item> de IIII solidis fortium receptis de uno cartallo frumenti vendito
                                ut supra </item>
                            <item> de XXVI libris XV solidis receptis de quinquaginta <lb/> tribus
                                sestariis duobus quartallis quinque cupis siliginis venditis ut
                                supra quolibet sestario decem solidos<note> Le complément de prix se
                                    met ici à l’accusatif, comme l’indique trois lignes plus bas le
                                    prix unitaire des poules : <hi rend="italics">qualibet duos
                                        denarios fortium</hi>.</note> fortium </item>
                            <item> de IIII libris III solidis IX denariis receptis de <lb/> octo
                                sestariis uno quartallo dimidio et quatuor cupis avene venditis ut
                                supra quolibet sestario decem solidos fortium </item>
                            <item> de IIII libris XV solidis receptis de <lb/> quingentis
                                quadraginta tribus guallinis venditis ut supra qualibet duos
                                denarios fortium </item>
                            <item> de VI denariis receptis de duobus panibus venditis ut supra </item>
                            <item><lb/> de XXVIII solidis receptis de viginti quinque libris cere
                                venditis ut supra </item>
                            <item><lb/> summa : XXXVII libre VI solidi III denarii fortium </item>
                        </list></p>
                </div>
                <div xml:id="bilan_recepte">
                    <p><list>
                            <item><lb/> summa tottalis<note> Lire <hi rend="italics"
                                    >totalis</hi>.</note> recepte : CCC I libre XV denarii fortium —
                                valent ad viennenses uno <lb/> forti computato pro duobus
                                viennensibus : VI<hi rend="sup">C</hi> II libras II solidos VI
                                denarios de quibus </item>
                        </list></p>
                </div>
            </div>
            <div xml:id="expense_et_librate">
                <p><list>
                        <item><lb/> in <del rend="overstrike">tecto</del> sala castri et stabulo
                                recohoperiendis<note> On écrit ici <hi rend="italics"
                                    >recohoperiendis, recohoperientium</hi> et <hi rend="italics"
                                    >hostio</hi>, pour <hi rend="italics">recooperiendis,
                                    recooperientium</hi> et <hi rend="italics">ostio</hi>.</note>
                            videlicet pro tribus centum tegularum et stipendio recohoperientium et
                            uno hostio facto <lb/> cellario turris : XXIII<note> On avait d’abord
                                écrit <hi rend="italics">XXII</hi>.</note> solidos VI denarios
                            viennensium </item>
                        <item> item in pane dato boveriis aducentibus<note> Lire <hi rend="italics"
                                    >adducentibus</hi>.</note> ad currus marremium<note> Pour <hi
                                    rend="italics">materiamen</hi>, " merrain ".</note> pro pontibus
                            <lb/> domus mercati aptandis : III solidos VIII denarios </item>
                        <item> una clave posita in porta castri : XII denarios </item>
                        <item> item pro locagio granerii <del rend="overstrike">ubi</del> ad
                            reponendum <lb/> bladum domini hoc anno : XX solidos </item>
                        <item> item in stipendio diversorum nunciorum missorum ad diversa loca pro
                            negotiis domini de mandato baillivi Baugiaci <lb/> et filii sui
                            castellani de Burgo : C solidos </item>
                        <item> item dignerio dato hominibus apportantibus servitium tertia die
                            nativitatis Domini : XII solidos </item>
                        <item><lb/> summa : VIII libre II denarii viennensium </item>
                    </list></p>
                <div xml:id="librata">
                    <head>liberata</head>
                    <p><list>
                            <item><lb/> idem libravit ad expensas Hugonis de Scalis, Iohannis de
                                Borseu, Hunberti, cantoris Ambrogniaci, et Galteri, monacorum
                                    Ambrogniaci<note> On a écrit <hi rend="italics">ad expensas
                                        Hugonis de Scalis • Iohannis de Borseu Hunberti cantoris
                                        Ambrogniaci et Galteri monacorum Ambrogniaci.</hi></note>
                                morantium <lb/> apud Burgum a dominica ante festum beati Martini
                                    hyemalis<note> Lire <hi rend="italics">hiemalis</hi>.</note>
                                usque ad diem mercurii ante circumcisionem Domini videlicet pro
                                septem edomadis<note> Lire <hi rend="italics"
                                    >hebdomadis</hi>.</note><lb/> de mandato domini comitis <del
                                    rend="overstrike">ut per litteras</del> prout testificatur
                                baillivus Baugiaci et per litteram dictorum monachorum : XIII libras
                                V solidos viennensium </item>
                            <item><lb/> item in frumento et vino portatis ad domum Hunberti de
                                    <foreign>Buenc</foreign> post mortem ipsius Hunberti et datis
                                monacho fratri dicti Hunberti <lb/> qui tenebat tunc dictam domum de
                                mandato domini comitis ut baillivus testificatur : XV libras VII
                                solidos VI denarios </item>
                            <item><lb/> item libravit Hugoni <del rend="overstrike">Lib</del>
                                Liobardi quos percipit super mercatum Burgi <del rend="overstrike"
                                    >de don[o]</del> annuatim de dono domini comitis et pro <lb/>
                                quibus est homo domini comitis ut per litteras eius : LX solidos </item>
                            <item><lb/> item preposito Ambrogniaci dicto Iohanni de dono domini
                                comitis et ea de causa et inde est homo domini comitis : XL solidos </item>
                            <item><lb/> item Othonino cavorcino quos mutuaverat iam est [diu] Petro
                                de Castellione quando erat baillivus Baugiaci pro mittendis gentibus
                                <lb/> Hunberto de <foreign>Buenc</foreign> ad custodiendum quod
                                posset secure recolligere messes suas : LX solidos </item>
                            <item><lb/> item libravit donno Guillermo de Porta pro capella sancti
                                Mauricii deservienda de dono domini Raynaudi quondam domini Baugiaci
                                pro anno <lb/> finito <sic>in festo in festo</sic><del
                                    rend="overstrike">beati Iohannis</del> nativitatis Domini anno
                                octogesimo sexto ut per litteram capellani de Saysiria : VII libras
                                X solidos </item>
                            <item><lb/> item libravit Rupho et Pontio de <foreign>Chales</foreign>
                                fratribus pro debito quo eis tenebatur dominus comes pro abbate
                                Ambrogniaci ut per <lb/> litteras domini comitis de precepto et
                                debito et per litteras ipsorum fratrum de recepta : CC libras </item>
                            <item><lb/> item libravit Guespe de <foreign>Varas</foreign> pro debito
                                quo dominus ei tenebatur pro eo quod steterat in munitione
                                Ambrogniaci ut per litteram <lb/> domini comitis de mandato datam in
                                vigilia beati Martini anno octogesimo sexto per manum Iacobi
                                Malabailla : XX libras </item>
                            <item><lb/> item libravit domino Guillermo de <foreign>Juys</foreign>
                                baillivo Baugiaci in tribus vicibus ut per confessionem ipsius
                                baillivi : C XVIII libras </item>
                            <item><lb/> item libravit Iohanni <foreign>Celarer</foreign> pro<note>
                                    La fin du compte est apparemment de la main même du clerc Pierre
                                    de Montmélian : il utilise une encre plus noire et écrit <hi
                                        rend="italics">Anbrogniaci</hi> au lieu d’<hi rend="italics"
                                        >Ambrogniaci</hi>.</note> debito quo dominus comes ei
                                tenebatur pro abbate Anbrogniaci ut per litteram <add
                                    place="interlinear">domini comitis</add> de mandato et
                                confessionem <lb/> dicti Iohannis de recepta : VIII<hi rend="sup"
                                    >XX</hi> XIIII libras </item>
                            <item><lb/> item in expensis donni Iohannis Floridi et mei Petri clerici
                                venientium ter et plus apud Burgum pro presenti et precedenti
                                computis recipiendis <lb/> pro pluribus diebus<note> Les mots <hi
                                        rend="italics">pro pluribus diebus</hi> ont été ajoutés par
                                    une plume plus épaisse après effacement d’une rédaction
                                    antérieure.</note> : LXXIX solidos </item>
                            <item> summa liberate : <del rend="overstrike">V<hi rend="sup"
                                    >C</hi></del> V<hi rend="sup">C</hi> LX libre XVIII denarii
                            </item>
                        </list></p>
                </div>
                <div>
                    <p><list>
                            <item><lb/> summa tottalis expense et liberate : V<hi rend="sup">C</hi>
                                LXVIII libre XX denarii viennensium </item>
                        </list></p>
                </div>
            </div>
            <div xml:id="bilan">
                <p><list>
                        <item><lb/> et sic debet domino dictus dominus Iocerandus : XXXIIII libras X
                            denarios viennensium</item>
                    </list></p>
            </div>
        </body>
    </text>
</TEI>
