<?xml version="1.0" encoding="UTF-8"?>
<?xml-model href="http://www.tei-c.org/release/xml/tei/custom/schema/relaxng/tei_all.rng" schematypens="http://relaxng.org/ns/structure/1.0"?>
<TEI xmlns:math="http://www.w3.org/1998/Math/MathML" xmlns="http://www.tei-c.org/ns/1.0"
    xmlns:xi="http://www.w3.org/2001/XInclude" xmlns:svg="http://www.w3.org/2000/svg"
    xml:id="B7082_8">
    <teiHeader>
        <fileDesc>
            <titleStmt>
                <title>Notes dorsales du rouleau Dijon, Archives
                    Départementales de Côte-d'Or, B7082 (châtellenie
                    de Bourg-en-Bresse,
                    1289-1295)</title>
            </titleStmt>
            <publicationStmt>
                <p>Christian Guilleré, Frédéric Chartrain et Alain Kersuzan, avec la collaboration de Nils Mantilleri, Jean-Michel Poisson, et Marianne Ronot, 
                    <title>Notes dorsales du rouleau Dijon, Archives
                        Départementales de Côte-d'Or, B7082 (châtellenie
                        de Bourg-en-Bresse,
                        1289-1295)</title>,
                    Lyon - Chambéry, 2011 (<title>Documents comptables des Etats de Savoie, XIIIe - XVe s.</title>)</p>
            </publicationStmt>
            <seriesStmt>
                <title>Bourg-en-Bresse</title>
            </seriesStmt>
            <sourceDesc>
                <p>Information about the source</p>
            </sourceDesc>
        </fileDesc>
    </teiHeader>
    <text>
        <body>
            <milestone n="10" unit="vue"/>
            <pb n="1v"/>
            <div>
                <p><note> La peau est bien identifiable sur le cliché, à cause de la petite
                        déchirure caractéristique du bord qui se trouve aux trois quarts de sa
                        hauteur, à droite au verso et ici à gauche.</note><lb/><list>
                        <item> summa bannorum et clamarum : LXXV lb. IIII s. fort.<note> La <hi
                                    rend="italics">summa</hi> indiquée dans le compte est de dix
                                sous moins élevée : <hi rend="italics">LXXIIII lb. XIIII s.
                                    fort.</hi></note></item>
                        <item><lb/> in stipendiis septem viginti clientum et triginta sex hominum
                            cum armis pro gagiamento faciendo in terra domini Belliioci<note> On
                                écrit <hi rend="italics">Bellijoci</hi>.</note><lb/> et
                            contramandavit : IX libras XV solidos viennensium </item>
                        <item><add place="interlinear">item XXVIII solidos</add></item>
                        <item> in expensis clientum Sancti Andree qui fuerunt obviam subtus
                            Ambroniacum donno Iohanni Floridi <lb/> ducenti pecuniam ducis : LXV
                            solidos </item>
                        <item> item petiit allocari pro suis expensis tenendo assissias per terram
                                <add place="interlinear">et visitando terram</add> Cologniaci per
                            dictum tempus : VIII libras <lb/> et IX solidos </item>
                        <item> item pro expensis suis eundo versus Cologniacum quesitum unum
                            latronem cum <del rend="overstrike">armis</del> septem sociis cum armis
                            : XXXVII solidos </item>
                        <item><lb/> item in expensis dicti ballivi per sex dies quos tenuit cum
                            gentibus domini Belliioci diversis temporibus pro discordia que
                            vertebatur ut in particulis<note type="césure"><hi rend="italics"
                                    >parti<lb/>culis</hi></note> : <lb/> CIII solidos III denarios </item>
                        <item> item in expensis suis duorum dierum quos tenuit cum comite
                                Altisodorensi<note> Lire <hi rend="italics"
                                >Altissiodorensi</hi>.</note> pro facto Petri Grandi : XXIII solidos </item>
                        <item><lb/> item in expensis suis unius diei quam tenuit cum domino Henrico
                            de <foreign>Pagnie</foreign> : X solidos </item>
                        <item> item in expensis ipsius unius diei <lb/> quam tenuit cum preposito
                                Masticonis<note> Lire <hi rend="italics">Matisconis</hi>.</note> pro
                                <del rend="overstrike">uno iudeo</del> facto caorsini : X solidos </item>
                        <item> in expensis suis euntis obviam domino <lb/> Octoni<note> Lire <hi
                                    rend="italics">Ottoni</hi>.</note> de Grandissono : XIIII
                            solidos </item>
                        <item><lb/> item fecit pro feno pullorum : XXVI solidos </item>
                        <item> item pro garcione : XXII solidos VI denarios </item>
                        <item><lb/> item in stipendiis quindecim clientum quos tenuit apud Sanctum
                            Andream pro diversis temporibus anno octuagesimo nono quasi per unum
                            <lb/> mensem : VIII libras VIII solidos VI denarios — scilicet antequam
                            dominus haberet castrum </item>
                        <item> in stipendiis octo clientum quos tenuit ibidem <lb/> per decem dies
                            circa carniprivium vetus anno octuagesimo nono<note> Le dimanche 19
                                février 1290 (nouveau style).</note> : CV solidos IIII denarios </item>
                        <item> in stipendiis trium gaytarum ibidem cum dictis <lb/> clientibus : XII
                            solidos </item>
                        <item> item quas <del rend="overstrike">traddidit<note> Lire <hi
                                        rend="italics">tradidit</hi>.</note> Hugoni Lyobardi : XXV
                                libras</del></item>
                        <item> summa : XLIX lb. VIII s. VII d. vien. </item>
                        <item><lb/> summa <add place="interlinear">totalis</add> : III<hi rend="sup"
                                >C</hi> I lb. VII d. vien. </item>
                        <item><lb/> et sic deberetur sibi : C XV lb. XVIII s. VII d. vien. </item>
                        <item><lb/><del>item debentur eidem quas libravit post</del>} </item>
                        <item><lb/> item debentur sibi quas libravit post computum per visionem
                            factam in vigilia penthecostes anno nonagesimo <lb/> primo ad expensas
                            domine comitisse per litteram eius datam dominica ante penthecosten anno
                            eodem : XL libras viennensium </item>
                        <item><lb/> item locagio X quadrigarum missarum apud Treffortium pro lignis
                            atrahendis ad rafurnum per litteram domine de mandato : L solidos </item>
                        <item><lb/> item pro gentibus cum armis quos duxit in festo paschatis apud
                                <foreign>Ambrognay</foreign> et post apud Sanctum Laurentium <lb/>
                            pro facto Perrini Ysnardi : XIX libras II solidos </item>
                        <item> item pro uno roncino quem dominus comes dedit Nicolerio : <lb/> XII
                            libras </item>
                        <item> item pro nunciis missis pro negotiis domini : LVII solidos IX
                            denarios </item>
                        <item><lb/> summa : LXXVI lb. IX s. </item>
                        <item> de quibus <lb/> deducuntur quas habuit de bannis : XX libre V solidi
                            viennensium <lb/> et sic deberetur sibi cum arreragio supradicto :
                                VIII<hi rend="sup">XX</hi> XII libras IX solidos VII denarios
                            viennensium </item>
                    </list></p>
            </div>
            <milestone n="10" unit="vue"/>
            <pb n="2v"/>
            <div xml:id="banna">
                <head>banna</head>
                <p><lb/><list>
                        <item> de XXV solidis fortium : de Rosseto de <foreign>Montagnia</foreign>
                            pro leyda deportata </item>
                        <item><lb/> de XXV solidis fortium : de Andrea <foreign>Gay</foreign> pro
                                fusta<note> La lecture <hi rend="italics">st</hi> est confirmée par
                                destres écrit plus loin de la même façon.</note> aliena quam ceperat </item>
                        <item><lb/> de XXV solidis fortium : de Raynaldo Salomonis </item>
                        <item><lb/> de XV solidis fortium : de homine domini Petri de Monte Aureo </item>
                        <item><lb/> de XXV solidis fortium : de Ioceto iudeo </item>
                        <item><lb/> de XV solidis fortium : de Perroneto <foreign>Envoysia</foreign>
                            quia ceperat gerbas alterius </item>
                        <item><lb/> de XXV solidis fortium : de Stephano <foreign>Rolin</foreign> de
                                <foreign>Crangia</foreign><note> On écrit ici <hi rend="italics"
                                    >decrangia, debrou, destres, demarbo, delesripes</hi>, et même
                                    <hi rend="italics">debergerio</hi> ou <hi rend="italics"
                                    >deponceto</hi>, voire <hi rend="italics">depossessione</hi>
                                pour <hi rend="italics">de possessione</hi>.</note></item>
                        <item><lb/> de XXV solidis fortium : de Griffoneto de
                                <foreign>Brou</foreign> qui sepem fecerat in itinere </item>
                        <item><lb/> de VII solidis fortium : de Bergerio </item>
                        <item><lb/> de XV solidis fortium : de Ramusio qui percusserat quandam
                            mulierem </item>
                        <item><lb/> de X solidis fortium : de Ponceto
                            <foreign>Garrin</foreign></item>
                        <item><lb/> de X solidis fortium : de Iohanne <foreign>Tondu
                                d’Estres</foreign></item>
                        <item><lb/> de X solidis fortium : de Perreto de <foreign>Dron</foreign> pro
                            trabe alterius quam ceperat </item>
                        <item><lb/> de XII<note> On avait d’abord écrit <hi rend="italics">XV</hi>,
                                et le nombre est raturé.</note> solidis VI denariis fortium : : de
                            Humberto <foreign>Caczont</foreign> pro rixa </item>
                        <item><lb/> de V solidis fortium : de Guillermo Tabernarii pro rixa </item>
                        <item><lb/> de VII solidis VI denariis : <foreign>del Bochars</foreign> pro
                            apro quem ceperant </item>
                        <item><lb/> de LX solidis fortium : de duobus hominibus
                                    <foreign>Revona<note> Suppléer <hi rend="italics"
                                    >de</hi>.</note></foreign> quia guidaverunt itinera per se </item>
                        <item><lb/> de X solidis fortium : de Iohanne
                            <foreign>Boyaron</foreign></item>
                        <item><lb/> de XX solidis fortium : de villana Amedei de
                                <foreign>Marbo</foreign></item>
                        <item><lb/> de XL solidis fortium : de Martino <foreign>Popon</foreign> quia
                            signaverat porcum alterius </item>
                        <item><lb/> de VII solidis VI denariis : de escosorario </item>
                        <item><lb/> de XX solidis fortium : de hominibus de <foreign>Les
                                Ripes</foreign> quia quendam eiecerant de possessione </item>
                        <item><lb/> de V solidis fortium : de fratre uxoris Vialeti quia ibat de
                                nocte<note> La proposition semble incomplète. <hi rend="italics">Quo
                                    ibat ?</hi></note></item>
                        <item><lb/> de VII solidis VI denariis : de Stephano
                                <foreign>Pignier</foreign> pro saysina fracta </item>
                        <item><lb/> de V solidis fortium : de Laurentio
                            <foreign>Laygner</foreign></item>
                        <item><lb/> de VI solidis fortium : de Perreta uxore Stephani de Plateria </item>
                        <item> de X solidis fortium : de capellano de <foreign>Lent</foreign> pro
                            fusta capta </item>
                        <item> de X solidis fortium : de Petro de
                            <foreign>Mastignion</foreign></item>
                        <item> de V solidis fortium : de medico </item>
                        <item> de X solidis fortium : de Bernardo <foreign>Grifuel</foreign></item>
                        <item> de XV solidis fortium : de
                                <unclear><foreign>Guido[y]</foreign></unclear></item>
                        <item> de XX solidis fortium : de Petro <foreign>Prin</foreign></item>
                        <item> de LX solidis fortium : de uxore Bertrandi Ducis pro leyda
                                portata<note> On attendrait <hi rend="italics"
                                >deportata</hi>.</note></item>
                        <item> de XX solidis fortium : de Aymone de Verlia pro falso testimonio </item>
                        <item> de X solidis fortium : de Stephano filio <foreign>Petit</foreign> de
                                <foreign>Cortablin</foreign></item>
                    </list></p>
            </div>
            <milestone n="11" unit="vue"/>
            <pb n="4v ?"/>
            <div>
                <p><lb/> nomina gentium cum armis mandatarum die lune post carnisprivium novum<note>
                        Cette ligne est écrite en sens inverse du texte du recto, le haut vers le
                        bas du parchemin.</note></p>
            </div>
        </body>
    </text>
</TEI>
