<?xml version="1.0" encoding="UTF-8"?>
<?xml-model href="http://www.tei-c.org/release/xml/tei/custom/schema/relaxng/tei_all.rng" schematypens="http://relaxng.org/ns/structure/1.0"?>
<TEI xmlns:math="http://www.w3.org/1998/Math/MathML" xmlns="http://www.tei-c.org/ns/1.0"
    xmlns:xi="http://www.w3.org/2001/XInclude" xmlns:svg="http://www.w3.org/2000/svg"
    xml:id="B7082_5">
    <teiHeader>
        <fileDesc>
            <titleStmt>
                <title>Compte de Pierre de La Balme (Petrus de Balma), bailli de la Terre de Bâgé et
                    de Coligny, châtelain de Bourg-en-Bresse, pour la châtellenie de
                    Bourg-en-Bresse, pour le bailliage de la Terre de Bâgé et de Coligny et la
                    châtellenie de Bourg-en-Bresse, du jeudi 21 mai 1293 au jeudi 20 mai 1294
                    (samedi 8 mai 1294 pour les bans et casuels) <date type="debut"
                        from-iso="12930521" cert="high"/><date type="fin" from-iso="12940520"
                        cert="high"/></title>
                <respStmt>
                    <persName><name xml:lang="fra">Pierre de Châtillon</name><name xml:lang="lat"
                            >Petrus de Castellione</name></persName>
                    <resp>Châtelain</resp>
                </respStmt>
            </titleStmt>
            <publicationStmt>
                <p>Christian Guilleré, Frédéric Chartrain et Alain Kersuzan, avec la collaboration de Nils Mantilleri, Jean-Michel Poisson, et Marianne Ronot, 
                    <title>Compte de Pierre de La Balme (<hi rend="italics">Petrus de Balma</hi>), bailli de la Terre de Bâgé et
                        de Coligny, châtelain de Bourg-en-Bresse, pour la châtellenie de
                        Bourg-en-Bresse, pour le bailliage de la Terre de Bâgé et de Coligny et la
                        châtellenie de Bourg-en-Bresse, du jeudi 21 mai 1293 au jeudi 20 mai 1294
                        (samedi 8 mai 1294 pour les bans et casuels)</title>,
                    Lyon - Chambéry, 2011 (<title>Documents comptables des Etats de Savoie, XIIIe - XVe s.</title>)</p>
            </publicationStmt>
            <seriesStmt>
                <title>Bourg-en-Bresse</title>
            </seriesStmt>
            <sourceDesc>
                <p>Information about the source</p>
            </sourceDesc>
        </fileDesc>
    </teiHeader>
    <text>
        <body>
            <milestone n="6" unit="vue"/>
            <pb n="5"/>
            <div xml:id="prologue">
                <p><lb/><note> La peau a été numérotée <hi rend="italics">4</hi> par le crayon d’un
                        archiviste moderne. Il n’y a pas trace de numérotation médiévale
                        décroissante en chiffres romains.</note> Computus domini Petri de Balma
                    ballivi terre Baugiaci et Cologniaci et castellani Burgi in Brissia a die iovis
                    ante festum beati <lb/> Urbani anno Domini M<hi rend="sup">o</hi> CC<hi
                        rend="sup">o</hi><sic>nonogesimo</sic><note> On emploie toujours ici <hi
                            rend="italics">nonogesimus</hi> pour <hi rend="italics"
                        >nonagesimus</hi>.</note> tertio usque ad eamdem diem anno revoluto preter
                    banna et escheitas de quibus non <lb/> computat<note type="césure"><hi
                            rend="italics">com<lb/>putat</hi></note> nisi usque ad diem sabbati post
                    inventionem Sancte Crucis qua die receptus fuit presens computus apud Sanctum
                    <lb/> Symphorianum in presentia domini comitis </p>
            </div>
            <div xml:id="recepte">
                <div xml:id="banna">
                    <head>banna<note> Il y a un b dans l’interligne supérieur à gauche de la ligne,
                            qui répond au a que l’on distingue plus bas devant la rubrique <hi
                                rend="italics">passonagium</hi>. On a apparemment voulu rectifier
                            ainsi le plan suivi par le compte, le <hi rend="italics"
                                >passonagium</hi> devant précéder les <hi rend="italics"
                            >banna</hi>.</note></head>
                    <p><lb/> idem reddit computum <list>
                            <item> de XXX solidis fortium receptis de Humberto
                                    <foreign>Maynet</foreign> pro banno sanguinis facti dicto
                                    <foreign>Grollu</foreign> de Burgo </item>
                            <item> de XX solidis receptis <lb/> de filio Laurentii de Cruce eo quod
                                interfuit cum quibusdam qui vulneraverunt quemdam conversum </item>
                            <item> de XV solidis receptis de Peroneto barberio eo quod <lb/> male
                                tractavit tibiam cuiusdam hominis fractam quem curare debebat </item>
                            <item> de XV solidis receptis de Iohanne <foreign>Forterat</foreign> pro
                                banno sanguinis facto <lb/> cuidam fratri suo </item>
                            <item> de V solidis receptis de marito <foreign>Duchesse</foreign> quia
                                fregit ostium cuiusdam grangie </item>
                            <item> de L solidis receptis de Guidone Ducis <lb/> pro bonis uxoris sue
                                que se suspendit </item>
                            <item> de X solidis receptis de Corderio quia <sic>inposuit</sic> penam
                                castellano Burgi </item>
                            <item> de X solidis receptis de <lb/> Iohanne <foreign>Longi
                                    Espa</foreign> pro banno periurii </item>
                            <item> de VII libris X solidis receptis de Iohanne
                                    <foreign>Pingna</foreign> pro banno furti </item>
                            <item> de X libris receptis de <lb/><foreign>Guydoys</foreign><note
                                    type="césure"><hi rend="italics">guy<lb/>doys</hi></note> pro eo
                                quod filius suus pignoraverat quemdam alium et eius ostium
                                firmaverat auctoritate propria </item>
                            <item> de X solidis receptis de <lb/> Achardeto de Tuyllia pro eo quod
                                receptaverat quemdam filium suum furem </item>
                            <item> de XX solidis receptis de <unclear>Gir[ardo]<note> On peut
                                        également lire <hi rend="italics">Giraudo</hi>, par
                                        exemple.</note> de [W]audri</unclear> quia ceperat <lb/>
                                boves Foilleti contra voluntatem suam </item>
                            <item> de XVIII solidis receptis de filio Roberti
                                    <foreign>Gril</foreign> quia celaverat quemdam
                                    <foreign>vyejo</foreign> inventum per <lb/> ipsum </item>
                            <item> de VII solidis VI denariis receptis de Achardeto de Sancto Andrea
                                quia turbaverat charreagium feni fratris sui </item>
                            <item> de XXX solidis <lb/> receptis de <foreign>Put Eysart</foreign>
                                quia noluit prosequi Ioffredum de <foreign>Byoleres</foreign> qui
                                interfecerat Iohannetum de <foreign>Vadens</foreign></item>
                            <item> de L solidis receptis de <lb/> Bernardo <foreign>Lo
                                    Grant</foreign> pro banno adulterii </item>
                            <item> de L solidis receptis de Guillermeta <foreign>La
                                    Pilleta</foreign> pro eodem </item>
                            <item> de XXX solidis receptis de Stephano <lb/> de
                                    <foreign>Cortrablin</foreign><note type="césure"><hi
                                        rend="italics">decor<lb/>trablin</hi></note> pro eodem </item>
                            <item> de V solidis receptis de Ruffo <foreign>del Vergier</foreign>
                                quia ceperat in domo Foilleti quemdam <foreign>deloury</foreign>
                                contra <sic>volontatem</sic><lb/> suam </item>
                            <item> de XX solidis receptis de Aymone <foreign>del Mas</foreign> quia
                                receptaverat in domo quamdam equam extraneam nec recitaverat domino </item>
                            <item> de V solidis <lb/> receptis de quodam homine
                                        <foreign>d’Estres<note> On écrit <hi rend="italics"
                                            >destres</hi>.</note></foreign> quia fregerat saysinam
                                castellani </item>
                            <item> de X solidis receptis de filio Mathei de Prato pro banno furti </item>
                            <item> de X solidis <lb/> receptis de Guillermeto
                                    <foreign>Goyrant</foreign> quia percusserat de quodam baculo
                                Hugonem de <foreign>Corgeron</foreign></item>
                            <item> de X solidis receptis de Guillermo de <foreign>Cra</foreign> quia
                                <lb/> deportaverat<hi rend="sup"/> leydam </item>
                            <item> de XV solidis receptis de Guillermo <foreign>Pontanet</foreign>
                                quia dixerat verba iniuriosa Bernardo Grangerii </item>
                        </list></p>
                    <div type="sub">
                        <head>clame</head>
                        <p><list>
                                <item> de IIII libris <lb/> VI solidis VI denariis receptis de
                                    quadraginta tribus clamis per idem tempus ut in particulis et
                                    capiuntur pro qualibet tres solidi fortium </item>
                            </list></p>
                    </div>
                    <div>
                        <p><list>
                                <item><lb/> summa : XLI lb. XVIII s. fort. — deductis quadraginta
                                    quatuor solidis pro parte ballivi capientis <lb/> duodecim
                                    denarios in qualibet libra bannorum </item>
                            </list></p>
                    </div>
                </div>
                <div xml:id="passonagium">
                    <head>passonagium</head>
                    <p><lb/> idem reddit computum <list>
                            <item> de XXX solidis fortium receptis de Bernardo
                                    <foreign>Vilan</foreign> pro passonagio nemoris <foreign>dou
                                    Says</foreign> sibi venditi hoc anno pro tanto </item>
                            <item><lb/> de VIII solidis receptis de quatuor charratis circulorum
                                captorum in dicto nemore venditorum pro tanto hoc anno </item>
                            <item><lb/> summa : XXXVIII s. fort. </item>
                        </list></p>
                </div>
                <div xml:id="introgia">
                    <head>introgia</head>
                    <p><lb/><list>
                            <item> de introgiis nichil hoc anno per ipsum — inquiratur si Stephanus
                                Sterleti qui recipit redditus habuit aliquid de ipsis </item>
                            <item><lb/> summa totius recepte : XLIII lb. XVI s. fort. </item>
                        </list></p>
                </div>
                <div xml:id="forinseca">
                    <head>forisseca</head>
                    <p><lb/> idem reddit computum <list>
                            <item> de LI libris XIIII solidis X denariis viennensium receptis de
                                remanentia computi sui ultimi de castellania Trefforcii </item>
                        </list></p>
                </div>
                <div xml:id="bilan_recepte">
                    <p><list>
                            <item><lb/> summa totius recepte cum forissecis computatis duobus
                                viennensibus pro uno forti : VI<hi rend="sup">XX</hi> XIX lb. VI s.
                                X d. vien. de quibus </item>
                        </list></p>
                </div>
            </div>
            <div xml:id="expense_et_librate">
                <p><list>
                        <item><lb/> in nunciis missis ad diversa loca pro negotiis domini per dictum
                            tempus ut in particulis : XXVI solidos viennensium </item>
                        <item> idem libravit <lb/> in expensis equi lyardi domini et Michaleti ipsum
                            custodiendis morantium apud Burgum per quadraginta novem dies per
                            litteras domini <lb/> de mandato et litteras iudicis terre Baugiaci de
                            testimonio datas die veneris post octabas beati Michaelis quas reddit :
                            CVI solidos viennensium </item>
                        <item><lb/> idem libravit in expensis Thome scisoris infirmantis apud Burgum
                            per tres septimanas, phisicis et medicinis pro ipso per litteras <lb/>
                            domini de mandato et litteras dicti Thome de testimonio datas die iovis
                            post purificationem beate Marie quas reddit : IX libras VI solidos VII
                            denarios viennensium </item>
                        <item><lb/> idem libravit in expensis Durandi de Fago et cuiusdam socii sui
                            facientium extentam Burgi per viginti quinque dies per <lb/> litteras
                            dicti Durandi de recepta datas die veneris post festum pasche anno
                            nonogesimo quarto quas reddit : VIII libras viennensium </item>
                        <item><lb/> idem libravit sibi ipsi in quibus dominus eidem tenebatur pro
                            addobamento suo per litteras domini de debito et mandato quas reddit :
                            LX libras viennensium </item>
                        <item><lb/> idem libravit in stipendiis suis pro custodia Burgi et regimine
                            ballivie, tenentis apud Burgum unam gaytiam, capientis per annum quater
                            <lb/> viginti libras viennensium ex conventione facta cum eo, per dictum
                            tempus de quo computat : IIII<hi rend="sup">XX</hi> libras
                            viennensium</item>
                        <item><lb/> summa expense, salarii et librate : VIII<hi rend="sup">XX</hi>
                            III lb. XVIII s. VII d. vien.</item>
                    </list></p>
            </div>
            <div xml:id="bilan">
                <p><list>
                        <item> et sic <lb/> debentur ei : XXIIII libre XI solidi IX denarii
                            viennensium — de quibus sibi satisfactum est in computo
                            subsequenti</item>
                    </list></p>
            </div>
        </body>
    </text>
</TEI>
