<?xml version="1.0" encoding="UTF-8"?>
<?xml-model href="http://www.tei-c.org/release/xml/tei/custom/schema/relaxng/tei_all.rng" schematypens="http://relaxng.org/ns/structure/1.0"?>
<TEI xmlns:math="http://www.w3.org/1998/Math/MathML" xmlns="http://www.tei-c.org/ns/1.0"
    xmlns:xi="http://www.w3.org/2001/XInclude" xmlns:svg="http://www.w3.org/2000/svg"
    xml:id="B7083_2">
    <teiHeader>
        <fileDesc>
            <titleStmt>
                <title>Compte d'Étienne Terllet, Rolet son frère et Étienne Borrel (Stephanus
                    Terlleti, Roletus frater suus et Stephanus Borrelli), receveurs des revenus du
                    moulin de l’étang et du moulin d’Adroit, ainsi que des terres et prés de leurs
                    appartenances (dans la châtellenie de Bourg-en-Bresse), d'un jour non précisé de
                    mai 1288 au vendredi 3 août 1291 <date type="debut" from-iso="12880500"
                        cert="high"/><date type="fin" from-iso="12910803" cert="high"/></title>
                <respStmt>
                    <persName><name xml:lang="fra">Étienne Sterlet</name><name xml:lang="lat"
                            >Stephanus Terlleti</name></persName>
                    <resp>Châtelain</resp>
                </respStmt>
                <respStmt>
                    <persName><name xml:lang="fra">Rolet Sterlet</name><name xml:lang="lat">Roletus
                            Terlleti</name></persName>
                    <resp>Châtelain</resp>
                </respStmt>
                <respStmt>
                    <persName><name xml:lang="fra">Étienne Borrel</name><name xml:lang="lat"
                            >Stephanus Borrelli</name></persName>
                    <resp>Châtelain</resp>
                </respStmt>
            </titleStmt>
            <publicationStmt>
                <p>Christian Guilleré, Frédéric Chartrain et Alain Kersuzan, avec la collaboration de Nils Mantilleri, Jean-Michel Poisson, et Marianne Ronot, 
                    <title>Compte d'Étienne Terllet, Rolet son frère et Étienne Borrel (<hi rend="italics">Stephanus
                        Terlleti, Roletus frater suus et Stephanus Borrelli</hi>), receveurs des revenus du
                        moulin de l’étang et du moulin d'Adroit, ainsi que des terres et prés de leurs
                        appartenances (dans la châtellenie de Bourg-en-Bresse), d'un jour non précisé de
                        mai 1288 au vendredi 3 août 1291</title>,
                    Lyon - Chambéry, 2012 (<title>Documents comptables des Etats de Savoie, XIIIe - XVe s.</title>)</p>
            </publicationStmt>
            <seriesStmt>
                <title>Bourg-en-Bresse</title>
            </seriesStmt>
            <sourceDesc>
                <p>Information about the source</p>
            </sourceDesc>
        </fileDesc>
    </teiHeader>
    <text>
        <body>
            <milestone n="4" unit="vue"/>
            <pb n="3"/>
            <div xml:id="prologue">
                <p><lb/> Computus Stephani Terlleti<note> Le redoublement du <hi rend="italics"
                            >l</hi> se trouve dans le texte original.</note>, Roleti, fratris sui,
                    et Stephani Borrelli, de exitu molendini de stanno <lb/> et molendini dicti
                        <foreign>Adroit</foreign> et terrarum et pratorum ad ea pertinencium<note>
                        Nous lisons ici <hi rend="italics">pertinencium</hi>, <hi rend="italics"
                            >invencionis</hi>, <hi rend="italics">Poncii</hi>, <hi rend="italics"
                            >pertinenciarum</hi>, que nous transcrivons – selon la convention
                        d’édition prescrivant l’usage général de la graphie classique – <hi
                            rend="italics">pertinentium</hi>, <hi rend="italics">inventionis</hi>,
                            <hi rend="italics">Pontii</hi>, <hi rend="italics"
                        >pertinentiarum</hi>.</note> a mense maii anno Domini M° CC° octogesimo
                    octavo usque ad primam diem aprilis <lb/> anno nonagesimo ante pascham, et ex
                    tunc usque ad festum inventionis sancti Stephani anno nonagesimo primo</p>
            </div>
            <div xml:id="recepte">
                <div xml:id="frumentum">
                    <head>frumentum</head>
                    <p><lb/> idem reddunt computum <list>
                            <item> de XIII sestariis frumenti receptis de exitu molendini
                                    <foreign>Adroit</foreign> a festo beati Martini hyemalis<note>
                                    Lire <hi rend="italics">hiemalis</hi>.</note><del
                                    rend="overstrike">an[no]</del> anno octogesimo octavo, <supplied
                                    reason="support endommagé">quo dictum</supplied><lb/> molendinum
                                fuit factum, usque ad festum inventionis beati Stephani anno
                                nonagesimo, videlicet pro uno anno et novem mensibus </item>
                            <item> de IX sestariis receptis <lb/> de firma dicti molendini pro uno
                                anno finiendo in festo inventionis beati Stephani predicti anno
                                nonagesimo primo </item>
                            <item> de I sestario recepto de partagio <lb/><add place="leftMargin"
                                    >partis</add> terre empte de <foreign>Adroit</foreign> cum dicto
                                molendino in messibus anno octogesimo octavo, quam excoluit eodem
                                anno Hunbertus<note> On écrit ici <hi rend="italics">Hunbertus</hi>
                                    pour <hi rend="italics">Humbertus</hi>.</note> de Sancto Iohanne
                                ad medium </item>
                            <item><lb/> de exitu molendini de stanno, nichil in frumento </item>
                            <item> de exitu molendini de <foreign>Torterel</foreign>, batitorii,
                                blancherie et follone<note> Nous attendions <hi rend="italics"
                                        >follonis</hi>, pour <hi rend="italics"
                                    >fullonis</hi>.</note>, in quibus dominus debet <lb/> percipere
                                medietatem, nichil quia non sunt facta </item>
                            <item> summa : XXIII sestarii frumenti — venduntur ut infra </item>
                        </list></p>
                </div>
                <div xml:id="siligo">
                    <head>siligo</head>
                    <p><lb/> idem reddunt computum <list>
                            <item> de XIX sestariis siliginis receptis de exitu dicti molendini
                                    <foreign>Adroyt</foreign> a festo beati Martini supradicto usque
                                ad festum inventionis <supplied reason="support endommagé"
                                    >beati</supplied><lb/> Stephani anno nonagesimo </item>
                            <item> de XIX sestariis <sic>receptis receptis</sic> de firma dicti
                                molendini pro anno uno finiendo in festo inventionis beati Stephani
                                    <supplied reason="support endommagé"
                                    >predicti</supplied><lb/><del rend="overstrike">finiendo</del>
                                anno nonagesimo primo </item>
                            <item> de I sestario recepto de partagio terre <foreign>Adroyt</foreign>
                                anno octogesimo octavo </item>
                            <item> de IIII sestariis receptis de firma molendini<note>
                                    molen<lb/>dini</note><lb/> de stanno pro duobus annis finiendis
                                in festo beati Iohannis baptiste anno nonagesimo primo </item>
                            <item> de exitu dicti molendini de stanno pro anno <lb/> octogesimo
                                octavo, non computant, quia nichil valuit, ut dicunt, quia non
                                habebat aquam nec molas </item>
                            <item><lb/> summa : XLIII sestarii siliginis — venduntur ut infra
                            </item>
                        </list></p>
                </div>
                <div xml:id="fenum">
                    <head>fenum</head>
                    <p><lb/> idem reddunt computum <list>
                            <item> de IX carratis feni receptis de exitu prati de subtus castrum et
                                exitu prati blancherie, communis domino et dictis burgensibus, <lb/>
                                anno nonagesimo </item>
                            <item> de VIII carratis receptis de exitu dictorum pratorum anno
                                precedenti </item>
                            <item> de exitu dictorum pratorum pro tempore falcationis pratorum <lb/>
                                anno nonagesimo primo, non computant sed debent computare <del
                                    rend="overstrike">anno</del> in computo sequenti <lb/> summa :
                                XVII carrate feni<note> En tête de cette ligne, on avait copié une
                                    première fois <hi rend="italics">tenuerunt pro primo anno et
                                        novem mensibus</hi>, et ces mots ont été
                                biffés.</note></item>
                            <item> de quibus, in expensis duorum asinorum quos <lb/> tenuerunt pro
                                primo anno et novem mensibus ad portandum bladum molendini : VI
                                carratas, computato feno dato de gratia Perreto, mugnerio, <lb/>
                                quando accensavit molendinum </item>
                            <item> et restant : XI carrate feni — venduntur ut infra </item>
                        </list></p>
                </div>
                <div xml:id="denarii">
                    <head>denarii</head>
                    <p><lb/> idem reddunt <del rend="overstrike">XV</del> computum <list>
                            <item> de XVIII solidis viennensium receptis de medico de ala de
                                redditu, pro prato ale sito inter riperiam Pontii de
                                    <foreign>Chales</foreign> et <lb/> iter per quod itur ad
                                riperiam Raisouse sibi albergato pro tanto redditu, et hoc por anno
                                    <del rend="overstrike">primo</del> octogesimo nono </item>
                            <item> de XVIII solidis receptis de <lb/> eodem in nativitate Domini
                                anno nonagesimo pro eodem </item>
                            <item> summa : XXXVI solidi viennensium </item>
                            <item> de II solidis viennensium receptis de canabo<note> Lire <hi
                                        rend="italics">cannabo</hi>. On n’a pas jugé utile
                                    d’indiquer dans la marge gauche la rubrique <hi rend="italics"
                                        >cannabum</hi>, pour <hi rend="italics"
                                    >cannabis</hi>.</note> percepto in dicta terra communi de
                                partagio pro duobus annis </item>
                        </list></p>
                </div>
                <div xml:id="venditiones">
                    <head>venditiones</head>
                    <p><lb/> idem reddunt computum <list>
                            <item> de XXVII libris XII solidis viennensium receptis de viginti
                                tribus sestariis frumenti venditis quolibet viginti quatuor solidis </item>
                            <item> de XXIIII libris viennensium <lb/> receptis de quadraginta tribus
                                sestariis siliginis venditis ut supra, quolibet sestario sexdecim
                                solidis </item>
                            <item> de LV solidis receptis de feno vendito ut supra, deductis <lb/>
                                expensis factis in factura feni </item>
                        </list></p>
                </div>
                <div xml:id="bilan_recepte">
                    <p><list>
                            <item> summa recepte : LXVI libre XIII solidi viennensium</item>
                        </list></p>
                </div>
            </div>
            <div xml:id="expense_et_librate">
                <p><list>
                        <item> de quibus, in duobus <lb/> asinis emptis ad portandum bladum<note>
                                Une rédaction antérieure, <hi rend="italics">asinis emptis et
                                    fabrica in</hi>, a été effacée.</note> et reportandum farinam :
                            LVI solidos viennensium </item>
                        <item> item, fabrica pro dictis asinis per tempus supradictum : XXVII
                            solidos </item>
                        <item><lb/> summa : IIII libre IIII solidi</item>
                    </list></p>
            </div>
            <div xml:id="bilan">
                <p><list>
                        <item> et sic restant : LXII libre XII solidi viennensium </item>
                        <item> in quibus dicti burgenses, <lb/> per conventionem factam ut per
                            litteram domini quam ostendunt, pertinet <add place="interlinear"
                                >ad</add> ipsos medietas<note> Lire : <hi rend="italics">in quibus,
                                    per conventionem factam ut per litteram domini quam ostendunt,
                                    pertinet medietas ad dictos burgenses</hi>, pour <hi
                                    rend="italics">dictis burgensibus</hi>.</note>, qua deducta
                            remanent domino comiti : XXXI libre VI solidi viennensium <lb/> petunt
                            LX libras viennensium, quas dicunt se solvisse in emptione molendini
                                <foreign>Adroyt</foreign> et pertinenciarum, quas dominus comes
                            debet solvere per conventionem, <lb/> ut per litteram patet, ut dicunt,
                            et de ipsis LX libris debent sibi solvere de exitubus
                            molendinorum</item>
                    </list></p>
            </div>
        </body>
    </text>
</TEI>
