<?xml version="1.0" encoding="UTF-8"?>
<?oxygen RNGSchema="http://www.tei-c.org/release/xml/tei/custom/schema/relaxng/tei_all.rng" type="xml"?>
<TEI xmlns="http://www.tei-c.org/ns/1.0" xml:id="B7081_12">
    <teiHeader>
        <fileDesc>
            <titleStmt>
                <title>Notes dorsales du rouleau Dijon, Archives
                    Départementales de Côte-d'Or, B7081 (châtellenie
                    de Bourg-en-Bresse,
                    1284-1290)</title>
            </titleStmt>
            <publicationStmt>
                <p>Christian Guilleré, Frédéric Chartrain et Alain Kersuzan, avec la collaboration de Nils Mantilleri, Jean-Michel Poisson, et Marianne Ronot, 
                    <title>Notes dorsales du rouleau Dijon, Archives
                        Départementales de Côte-d'Or, B7081 (châtellenie
                        de Bourg-en-Bresse,
                        1284-1290)</title>,
                    Lyon - Chambéry, 2012 (<title>Documents comptables des Etats de Savoie, XIIIe - XVe s.</title>)</p>
            </publicationStmt>
            <seriesStmt>
                <title>Bourg-en-Bresse</title>
            </seriesStmt>
            <sourceDesc>
                <p>Information about the source</p>
            </sourceDesc>
        </fileDesc>
    </teiHeader>
    <text>
        <body>
            <div>
                <milestone n="15" unit="vue"/>
                <pb n="3v"/>
                <p><lb/><list>
                        <item>XXVII libre XV solidi XI denarii <lb/> et IIII<hi rend="sup">XX</hi>
                            III libre XVIII solidi VI denarii</item>
                    </list></p>
            </div>
            <div>
                <milestone n="16" unit="vue"/>
                <pb n="?v"/>
                <p><lb/> Cumputus domini Guillermi de <foreign>Jues</foreign>, castellani Burgi in
                    Brissia, a die dominica in ramis palmarum que est septimo ydus <lb/> aprilis
                    anno octogesimo quinto usque ad primam diem madii anno Domini M<hi rend="sup"
                        >o</hi> CC<hi rend="sup">o</hi> octogesimo <del rend="overstrike"
                        >sex[agesimo]</del> septimo, de bannis et clamis</p>
                <div xml:id="banna">
                    <head>banna</head>
                    <p><lb/> idem reddit cumputum <list>
                            <item> de XV solidis fortium receptis de quodam homine de Sancto Iuliano
                                pro adulterio </item>
                            <item> de V solidis receptis de Iohanne <foreign>Clavel</foreign> pro eo
                                quod percussit <lb/> quemdam de palma </item>
                            <item> de LX solidis receptis de filio <foreign>Biffet</foreign> quia
                                verberavit sororem suam </item>
                            <item> de V solidis receptis de Agino, iudeo, quia percussit quemdam
                                <lb/> puerum de palma </item>
                            <item> de XV solidis receptis de Aymone de <foreign>Les Cleres</foreign>
                                quia iter everterat </item>
                            <item> de X solidis receptis de filio <foreign>Longi Espas</foreign>
                                quia verberaverat<note type="césure"><hi rend="italics"
                                        >verbera<lb/>verat</hi></note><lb/> fratrem suum </item>
                            <item> de XXX solidis receptis de filio Andree <foreign>Pigna</foreign>
                                quia percussit fratrem suum </item>
                            <item> de XV solidis receptis de Humberto de Sancto Iohanne <lb/> quia
                                uxor aperuit portam alterius cum clave sua </item>
                            <item> de X libris receptis de Agino, iudeo, quia ipse et frater eius
                                    verberaverant<note> On avait d’abord écrit <hi rend="italics"
                                        >verberaverat</hi>, et la terminaison est raturée.</note>
                                quemdam <lb/> iudeum </item>
                            <item> de quindecim libris fortium<note> On lit ici <hi rend="italics"
                                        >forcium</hi>, que l’on transcrit <hi rend="italics"
                                        >fortium</hi>, conformément à la norme d’édition qui prévoit
                                    dans ce cas le recours à la forme classique.</note><del
                                    rend="overstrike">non</del> de Iaqueto et Ottonini, corsinorum
                                qui mutuaverant ultra tempus suum, non computat, <lb/> quia dominus
                                causam habuit, ut dicit </item>
                            <item> de LX <del rend="overstrike">solidis</del> VII solidis receptis
                                de viginti septem clamis obvenientibus per idem tempus </item>
                            <item><lb/> summa : XXI libre II solidi fortium </item>
                            <item> de quibus deducuntur pro parte castellani capientis duodecim
                                denarios <lb/> in qualibet libra bannorum : XXI solidi </item>
                            <item> et remanent pro parte domini : XX libre XII denarii fortium — de
                                quibus respondebit in cumputo <lb/> suo Cusiriaci </item>
                        </list></p>
                </div>
                <div xml:id="laudes_vende">
                    <head>laudes vende</head>
                    <p><lb/> idem<note> Il ne paraît pas s’agir de la suite du compte précédent, qui
                            ne concernait d’ailleurs expressément que les "bans et clames" : l’encre
                            et l’écriture diffèrent nettement, et l’on écrit <hi rend="italics"
                                >computum</hi>, et non plus <hi rend="italics">cumputum</hi>.</note>
                        reddit computum <list>
                            <item> de VIII solidis IIII denariis fortium receptis de Iohanne, filio
                                Guerrici, pro laudibus medietatis domus empte <lb/> a relicta
                                    <foreign>Banous</foreign> pretio<note> On lit ici <hi
                                        rend="italics">precio</hi>, <hi rend="italics">forcium</hi>,
                                        <hi rend="italics">precium</hi>, <hi rend="italics"
                                        >poncibus</hi>, <hi rend="italics">cercius</hi>, que l’on
                                    transcrit — conformément à la norme d’édition qui prévoit dans
                                    ce cas le recours à la forme classique — <hi rend="italics"
                                        >pretio</hi>, <hi rend="italics">fortium</hi>, <hi
                                        rend="italics">pretium</hi>, <hi rend="italics"
                                        >pontibus</hi>, <hi rend="italics">certius</hi>.</note>
                                quinquaginta solidorum </item>
                            <item> de XX denariis fortium receptis <foreign>del Destreyt</foreign>
                                pro laudibus pede empte a Stephano
                                <lb/><foreign>Terlet</foreign></item>
                            <item> de VI denariis receptis de Petro <foreign>del Bioley</foreign>
                                pro medietate laudum prati empti a Bartholomeo<note> On a écrit <hi
                                        rend="italics"
                                    >abartholomeo</hi>.</note><foreign>Donzel</foreign> apud Longum
                                <lb/> Campum, deducta medietate quam percipit prior ibidem </item>
                            <item> de XII denariis receptis apud Longum Campum de Guillermo
                                    <foreign>Lo Dongier</foreign><lb/> pro medietate laudum de rebus
                                Iohannis <foreign>Lo Rey</foreign> sibi venditis, deducta parte
                                prioris </item>
                            <item> de VIII solidis IIII denariis receptis de relicta
                                    <lb/><foreign>Roteyllia</foreign> pro operario sibi vendito a
                                    <foreign>Goczart</foreign></item>
                            <item> de XXV solidis receptis de Stephano, nepote Renaudi
                                    <foreign>Salamon</foreign>, <lb/> pro laudibus domus empte de
                                filio <foreign>Prostet</foreign> pretium septem librarum decem
                                solidorum </item>
                            <item> de X solidis receptis de Petro, nepote <lb/> Aymonis
                                    <foreign>Mercer</foreign>, pro laudibus domus empte de relicta
                                et liberis Stephani Munerii pretio sexaginta solidorum </item>
                            <item><lb/> de VII solidis VI denariis fortium receptis de Roleto
                                Terlleti pro una peda sita in burgo Ale empta <lb/> ab Humberto de
                                Sancto Iohanne pretio quadraginta quinque solidorum </item>
                            <item> de XL solidis receptis de Iohannino <foreign>Celarer</foreign>
                                pro laudibus domus empte a filio <lb/><foreign>Petit
                                    Forner</foreign> pretio duodecim librarum </item>
                            <item> summa : C II solidi IIII denarii fortium</item>
                        </list></p>
                </div>
            </div>
            <div>
                <milestone n="16" unit="vue"/>
                <pb n="?v"/>
                <div xml:id="laudes_vende_2">
                    <head>laudes vende</head>
                    <p><lb/> idem reddit computum <list>
                            <item> de VIII solidis IIII denariis fortium receptis de Iohanne,
                                    fil<note> La phrase n’a pas été achevée.</note></item>
                            <item><lb/> dicit Iocetus, iudeus, quod, hoc presenti anno octogesimo
                                sexto, de viginti quinque libris <lb/> viennensium quas debebat
                                domino comite pro censa sua de istagio<note> Lire <hi rend="italics"
                                        >estagio</hi>.</note> suo Burgi, solvit dictus <lb/> Iocetus
                                de mandato domini, ut dicit, Bono Infanti, iudeo : XX libras
                                viennensium </item>
                            <item><lb/> item in domo mercati seu ale Burgi recohoperienda<note> Lire
                                        <hi rend="italics">recooperienda</hi>.</note>, pontibus
                                dicte ale reficiendis, <lb/> terra apportanda in dicta ala,
                                videlicet in graneteria, ut in particulis : IIII libras XVI solidos
                                viennensium </item>
                            <item><lb/> michi<note> On notera cette première personne, qui signale
                                    une fois encore la participation du clerc Pierre de Montmélian à
                                    l’élaboration de bien des comptes d’officier de cette
                                    époque.</note>, Petro clerico, solvit die lune post quindenam
                                paschatis anno nonagesimo : IIII solidos viennensium</item>
                        </list></p>
                </div>
            </div>
            <div>
                <milestone n="17" unit="vue"/>
                <pb n="7v"/>
                <p><lb/><list>
                        <item> memorandum quod liberi Nicoleti de <foreign>Chillou</foreign>
                            ceperunt <add place="interlinear">mense aprilis anno octogesimo
                                octavo</add> a domino comite Sabaudie, ex causa concordie unius
                            facte cum ipsis per dominum et <lb/> Rodulphum de
                                <foreign>Riorters</foreign>, castellanum Burgi, totam suam <add
                                place="interlinear">terram</add>, quam tenebant francham<note> Lire
                                    <hi rend="italics">francam</hi>.</note>, et domum suam de
                                <foreign>Chillou</foreign>, ultra quatuordecim <lb/> meiteriatas
                            terre vel circa quas debebant tenere a domino ex antiquo, et pro hiis
                            debent domino annuatim in nativitate Domini : XII solidos viennensium
                            <lb/> — redditus sciantur a dictis liberis particule terrarum </item>
                        <item><lb/> item memorandum quod castellanus predictus convenit cum
                            capellano de <foreign>Poillia</foreign> quod peciam terre quam tenet a
                            domino comite <lb/> apud Poillia teneat dictus capellanus quandiu<note>
                                Lire <hi rend="italics">quamdiu</hi>.</note> vixerit ad quintam
                            partem fructus reddendam domino annuatim <lb/> et post mortem eius
                            capellani dicta terra remanere debet domino, et de hoc habet litteram
                            magister Bertrandus scriptor </item>
                        <item><lb/> Guichardus de <foreign>Vandens</foreign><add place="interlinear"
                                >filius quondam capellani</add><del rend="overstrike">et reg</del>
                            recognovit coram castellano predicto, ut dicit, tenere <add
                                place="interlinear">in feudum</add> a domino comite quicquid habet
                            apud <foreign>Chavena</foreign> et, <lb/> licet ex antiquo idem <del
                                rend="overstrike">tenere</del> tenuerit in feudum a domino Baugiaci,
                            nundum fecerit homagium nec recognoverat feudum, et <lb/> sciatur
                            certius de forma feudi et ratione domini </item>
                        <item><lb/> feudum quod Alasia de <foreign>Sachins</foreign> tenebat a
                            domino comite <add place="interlinear">apud <foreign>Saisiria</foreign>
                                vel circa</add> et quod ipsa legaverat hospitali de
                                <foreign>Taisongy</foreign>, propter quod dominus <lb/> comes fecit
                            ipsum reduci ad manum suam, valet, ut castellanus dicit, XLII solidos
                            viennensium et VI meiteria II cupas bladi redditus, <lb/> de quibus
                            dictus castellanus recepit a domino Iohanne de <foreign>Genos
                            </foreign>: XXXIII solidos viennensium, et residuum debent tenementarii
                            vel dominus <lb/> Iohannes de <foreign>Genos</foreign> — preceptum est
                            castellano sequenti quod recuperet, videlicet Ancelmo Porterii </item>
                        <item><lb/> memorandum quod, de LXX libris viennensium quas debent habere
                            Assaillitus <foreign>dou Says<note> On a écrit <hi rend="italics">dou
                                        Says</hi>.</note></foreign> et Hugo, frater eius, pro <del
                                rend="overstrike">d</del> emenda danpnorum<note> Lire <hi
                                    rend="italics">dampnorum</hi>, pour <hi rend="italics"
                                    >damnorum</hi>.</note> sibi illatorum, <lb/> precepit dominus
                            comes quod illi de Burgo solvant L libras et illi de Sagiaco XX libras,
                            ut castellanus dicit, de quibus <lb/> solutum est per manum Stephani
                            Terlleti : LX libras viennensium, de quibus viginti libre erant domini
                            comitis, cui <foreign>Guidoy</foreign> eas donaverat, <lb/> que viginti
                            libre debent recuperari ab <del rend="overstrike">ip[sis]</del> illis de
                            Burgo <add place="interlinear">vel Sagiaco</add> et reddi domino
                            comiti</item>
                    </list></p>
            </div>
            <div>
                <milestone n="17" unit="vue"/>
                <pb n="7v"/>
                <p><lb/> LXV asinatas avene <lb/> item VI asinatas II meiteria I rasam</p>
            </div>
            <div>
                <milestone n="17" unit="vue"/>
                <pb n="8v"/>
                <p><lb/>Redditus seu valor terre quondam Alys de <foreign>Sachins</foreign> quam
                    ipsa legavit, ut dicitur, <lb/> hospitali de <foreign>Teysongi</foreign> et
                    reducta est ad manum domini quia est de feudo suo <list>
                        <item><lb/> Bartholomeus <foreign>Folqueranz</foreign> debet de redditu per
                            annum II solidos viennensium et I gallinam redditus </item>
                        <item><lb/> item Guillerma, soror quondam donpni Iocerandi Burgondi, et
                            filia Hugoneti <foreign>Merlin</foreign><lb/> debent per annum II cupas
                            frumenti et VII cupas siliginis redditus, et dicta Guillerma, pro se,
                            <lb/> debet per annum II solidos III obolos viennensium et I gallinam
                            redditus et dicta filia IIII solidos II denarios obolum viennensium
                            <lb/> et I gallinam redditus </item>
                        <item><lb/> Guionetus <foreign>Gardaz </foreign>: IIII denarios obolum
                            viennensium redditus </item>
                        <item><lb/> Iaqueta de <foreign>Saisiria</foreign> : IIII solidos II
                            denarios obolum viennensium redditus<note> L’article a été souligné
                                lorsque la précision qui suit a été ajoutée.</note> — dicitur quod
                            est dicta filia Hugonis <foreign>Merlin</foreign></item>
                        <item><lb/> Guillermus <foreign>Blans</foreign> : II cupas frumenti et VII
                            cupas siliginis et I gallinam <lb/></item>
                        <item> item, dictus Guillermus <add>[et] Petrus
                                <foreign>Rollanz</foreign></add><note>Ajouté à la ligne
                                suivante</note>, pro <lb/> se, III solidos IX denarios viennensium,
                            et dictus Petrus, III solidos IX denarios viennensium redditus<note>
                                Lire : <hi rend="italics">item, dictus Guillermus et Petrus Rollanz,
                                    [VII solidos VI denarios] : dictus Guillermus, pro se, III
                                    solidos IX denarios viennensium, et dictus Petrus, pro se, III
                                    solidos IX denarios viennensium redditus</hi>.</note></item>
                        <item><lb/> item, idem Petrus <foreign>Rollanz</foreign> : II cupas frumenti
                            et VII cupas siliginis et VI solidos IIII denarios viennensium <add
                                place="interlinear">et I gallinam</add><lb/> redditus, pro
                            albergamento sibi facto a domino Iohanne de
                            <foreign>Genos</foreign></item>
                        <item><lb/> Iaqueta de <foreign>Buenens</foreign> : XVIII denarios
                            viennensium redditus </item>
                        <item><lb/> Bernarda de <foreign>Corgeron</foreign> dicta
                                <foreign>Cacheta</foreign> : III solidos viennensium redditus </item>
                        <item><lb/> Stephanus <foreign>del Rostiz</foreign> : II cupas frumenti et I
                            gallinam redditus </item>
                        <item><lb/> summa : IIII meiteria IIII cupe siliginis et X cupe frumenti et
                            VI galline et XXXIII solidi IIII denarii obolus viennensium <lb/>
                            redditus </item>
                        <item><lb/> item Guionetus <foreign>Gardaz</foreign> et <foreign>Li
                                Sarrazin</foreign> : XIIII denarios viennensium <add
                                place="endOfLine interlinear">de quibus Guionetus solvit ut supra
                                IIII denarios obolum et dominus <lb/> Pontius debet residuum, qui
                                tenet masuras</add></item>
                        <item><lb/> item Iaqueta de <foreign>Buennens</foreign><add><lb/> item
                                Guillermus et Lambertus de <foreign>Mamay</foreign>, fratres <lb/>
                                item Emirardus</add><note> Ecrit au début des deux lignes suivantes.
                                Les trois éléments de l’énumération sont reliés par une
                                accolade.</note> debent de redditu dicte Alys VI solidos et II
                            gallinas, ut dicit <lb/> Guillermus <foreign>Blans</foreign> de
                                <foreign>Saysiria</foreign>, de quibus Iaqueta solvit <lb/> ut supra
                            XVIII denarios viennensium et residuum debet dominus Pontius de
                                <lb/><foreign>Lioneres</foreign>, qui tenet tenementa ex eo quod
                            tenementarii fugerunt</item>
                    </list></p>
            </div>
            <div>
                <milestone n="18" unit="vue"/>
                <pb n="?v"/>
                <p><lb/><add>Computi de Burgo</add><note>Ecrit à l’envers sur le bas du
                        parchemin</note></p>
            </div>
            <div>
                <milestone n="18" unit="vue"/>
                <pb n="?v"/>
                <p><lb/><note> Il s’agit d’une peau différente de celle où figure la mention
                        précédente, mais cousue avec elle.</note><list>
                        <item> summa taillie facte hoc presenti anno in castellania Burgi : LXVIII
                            libre XIIII solidi viennensium </item>
                        <item><lb/> de quibus Stephanus habuit : LIII libras XIIII solidos
                            viennensium </item>
                        <item> et remanet recuperandum per eorum scriptum : XIX libras XIIII solidos
                                viennensium<note> On attendrait <hi rend="italics">XV libras
                                    viennensium</hi>.</note></item>
                        <item><lb/><del rend="overstrike">de</del> anno octogesimo VIII<hi
                                rend="sup">o</hi>, tallia de Ultra Velam : XXIIII libre XVI solidi
                            fortium </item>
                        <item> de quibus presenter reddit : XXII libras fortium </item>
                        <item><add resp="autreEncre" place="rightMargin">de
                                    <unclear>re[manentia]</unclear> : <lb/> XLIX<note> On attendrait
                                        <hi rend="italics">LVI</hi>.</note> solidos
                            fortium</add></item>
                        <item><lb/> eodem anno, Coylli Vayri : X libre XVII solidi fortium </item>
                        <item> de quibus solvit : X libras fortium</item>
                    </list></p>
            </div>
            <div>
                <milestone n="18" unit="vue"/>
                <pb n="?v"/>
                <p><lb/>Hec sunt banche macelli <add place="interlinear">et <lb/> quarum</add>
                    quelibet debet XX solidos viennensium<note> Le texte suivant est disposé sur
                        deux colonnes.</note><list>
                        <item><lb/><foreign>Veysons</foreign>, macellarius, pro una banca macelli :
                            XV solidos viennensium </item>
                        <item><lb/><foreign>Filanz</foreign>, pro alia banca : XV solidos </item>
                        <item><lb/> banca Guillermi <foreign>Longuespee</foreign>, defuncti, vacat </item>
                        <item><lb/> banca Ioffredi <foreign>Garsier</foreign>, defuncti, vacat </item>
                        <item><lb/><foreign>Li Parsanz</foreign>, pro una banca : XV solidos </item>
                        <item><lb/><foreign>Clopez</foreign>, pro una banca : XV solidos </item>
                        <item><lb/> pro <foreign>Ancos</foreign> et pro
                                <foreign>Vaquaignos</foreign>, pro alia : XV solidos <add
                                resp="autreEncre">vacat</add></item>
                        <item><lb/> Martinus <foreign>Garsier</foreign>, pro alia banca : XV solidos </item>
                        <item><lb/> Guichardus <foreign>Tupiners</foreign>, pro una banca caprarum :
                            VI solidos viennensium </item>
                        <item><lb/> Martinus <foreign>Guarssier</foreign>, pro I banca caprarum : VI
                            solidos </item>
                        <item><lb/><foreign>Li Veux Chiens</foreign>, pro I banca caprarum : VI
                            solidos </item>
                        <item><lb/> Iohannetus, filius Guillermi <foreign>Longuespee</foreign>, pro
                            alia : VI solidos </item>
                        <item><lb/><foreign>dou Iohanni</foreign>, pro una banca : XX solidos —
                            vacat propter paupertatem </item>
                        <item><lb/><foreign>Li Oysex</foreign>, pro alia banca : XX solidos </item>
                        <item><lb/> Garnerius et Martinus, pro alia : XX solidos </item>
                        <item><lb/><foreign>Li Bel Garczon</foreign>, pro alia : XX solidos </item>
                        <item><lb/> Iocerandus de <foreign>Bru</foreign>, pro una banca : XXV
                            solidos </item>
                        <item><lb/> Guichardus <foreign>Tupiners</foreign>, pro alia : XXV solidos </item>
                        <item><lb/> Ruphus <foreign>Longuespee</foreign>, pro alia : XXV solidos </item>
                        <item><lb/> Iohanni <foreign>Beliers</foreign>, pro alia : XXV solidos </item>
                        <item><lb/> Humbertus <foreign>Clavel</foreign>, pro alia : XXV
                                solidos<note> Dans la marge droite, on a précisé : <hi
                                    rend="italics">solvit XV solidos, <lb/> sed ex nunc valet [XXV
                                    solidos]</hi>. Cette remarque doit s’appliquer aussi à l’article
                                suivant et aux deux précédents, comme paraissent l’indiquer des
                                signes formés de trois points en triangle.</note></item>
                        <item><lb/> Aymo <foreign>Li Ribauz</foreign>, pro alia : XXV solidos </item>
                        <item><lb/><foreign>Adroiz</foreign>, pro alia : XXV solidos </item>
                        <item><lb/><foreign>Plotrers</foreign>, pro alia : XXV solidos </item>
                        <item><lb/> XIIII libre <lb/> XIIII solidi </item>
                        <item><lb/> XVII libre <lb/> XVIII denarii </item>
                        <item><lb/> XVII libre <lb/> XVI solidi VI denarii</item>
                    </list></p>
            </div>
            <div>
                <milestone n="19" unit="vue"/>
                <pb n="?v"/>
                <p><lb/><list>
                        <item> memorandum quod Iacobus Malabaille, corssinus<note> Lire <hi
                                    rend="italics">corsinus</hi>.</note> de Burgo, habet litteram
                            domini comitis datam in crastino beatorum <lb/> apostolorum Petri et
                            Pauli anno Domini M<hi rend="sup">o</hi> CC<hi rend="sup">o</hi>
                            octogesimo octavo, et continetur in eadem quod habet mutuum de <lb/>
                            Burgo et Chasteillone usque ad decem annos incohandos in purificatione
                            beate Marie anno eodem octogesimo <lb/> octavo<note> Le 2 février 1289
                                (nouveau style).</note>, et pro tribus primis annis tenet se dominus
                            comes pro pagato de quater centum quater viginti libris <lb/>
                            viennensium, prout in dicta littera continetur, quas dictus Iacobus
                            solvit prout sequitur <lb/> videlicet </item>
                        <item> domino Guichardo, domino de Corgeron, per litteram domini comitis
                            datam Burgeti die veneris post octabas <lb/> beati Iohannis baptiste
                                <del rend="overstrike">quas</del> anno octogesimo octavo : XXV
                            libras viennensium </item>
                        <item><lb/> item, eidem domino de Corgeron, per litteram domini <del
                                rend="overstrike">Ioh[annis]</del> comitis datam mense
                                septenbris<note> Lire <hi rend="italics">septembris</hi>.</note>
                            anno eodem : II<hi rend="sup">C</hi> libras </item>
                        <item><lb/> item, <del rend="overstrike">domino comiti</del> quas dicto
                            Iacobo et Bertrando, fratri suo, debebat dominus comes, per litteram
                            eius datam die iovis post <lb/> pascha anno octogesimo octavo : C libras </item>
                        <item><lb/> item, quas dictis Iacobo et Bertrando debebat dominus comes per
                            litteram suam datam mense iunii anno eodem : L libras turonensium <lb/>
                            item, Stephano Terlleti, receptori de Burgo, per litteram domini datam
                            die mercurii post tres edomadas <lb/> paschatis anno eodem : LX libras
                            <lb/> item, domino Girardo de <foreign>Langes</foreign>, baillivo
                            Baugiaci, per litteram ipsius datam in festo beati Mathei anno
                            octogesimo octavo <lb/> et per litteram domini comitis de mandato
                            continentem quod ipse<note> Mot raturé de façon illisible.</note>
                            habuerat centum libras, de quibus habuit tantum quadraginta libras : XL
                            libras </item>
                        <item><lb/> item, sibi ipsi, quas dominus sibi debebat pro victualibus ab
                            ipso habitis per manum Andree de <foreign>Voyron</foreign>, per litteram
                            domini <lb/> comitis datam sabbato post festum beati Barnabe anno
                            octogesimo octavo : VIII libras VII solidos VI denarios </item>
                        <item><lb/> item, quos dominus comes habuit per manum Roberti boteillerii,
                            per litteram domini comitis datam in octabis beati <lb/> Bertholomei
                            anno octogesimo octavo : XLIII solidos </item>
                        <item><lb/> summa librate : IIII<hi rend="sup">C</hi> IIII<hi rend="sup"
                                >XX</hi> XVIII libre VI denarii viennensium </item>
                        <item> de quibus <lb/> dicit quod debebat pro Cusiriaco : XX libras
                            viennensium </item>
                        <item> et sic, facta deductione, debet : XXXIX solidos VI denarios
                            viennensium </item>
                        <item><lb/> et sciendum est quod, in purificatione beate Marie <del
                                rend="overstrike">anno</del> que erit anno Domini M<hi rend="sup"
                                >o</hi> CC<hi rend="sup">o</hi> nonagesimo primo<note> Le 2 février
                                1292 (nouveau style).</note>, <lb/> debebit dictus Iacobus pro
                            istagio suo Burgi et Castellionis II<hi rend="sup">C</hi> libras
                            viennensium, et quolibet anno sequenti durante <lb/> decennio supradicto
                            tantumdem, in eodem festo </item>
                        <item> de quibus ducentis libris primis debet retinere <lb/> quas dominus
                            sibi debet ex eo quod non tenuit mutuum de Cusiriaco per tempus quod
                            dominus comes <lb/> illud sibi concessaverat et pro quo tempore iam
                            solverat domino comiti, ut patet per litteram dicti domini comitis datam
                            <lb/> in festo beati Andree apostoli anno octogesimo nono : C XVII
                            libras viennensium</item>
                    </list></p>
            </div>
            <div>
                <milestone n="19" unit="vue"/>
                <pb n="?v"/>
                <div xml:id="denarii_census">
                    <head>denarii census</head>
                    <p><lb/> idem reddit cumputum <list>
                            <item> de IIII solidis fortium<note> On lit ici <hi rend="italics"
                                        >forcium</hi>, <hi rend="italics">laurencii</hi>, que l’on
                                    transcrit, conformément à la norme d’édition qui prévoit dans ce
                                    cas le recours à la forme classique, <hi rend="italics"
                                        >fortium</hi>, <hi rend="italics">laurentii</hi>.</note>
                                receptis de magistro Hugone, iurato curie, pro domo sua prope furnum
                                Baugiaci in vico per quem <lb/> itur de burgo veteri versus domum
                                mercati </item>
                            <item> de III solidis VI denariis fortium receptis de relicta Laurentii
                                    Suctoris<note> Lire <hi rend="italics">sutoris</hi>.</note> in
                                eodem vico </item>
                            <item> de <lb/> IIII solidis fortium receptis de Perroneto Barberii pro
                                casali seu domo eius sita inter domum magistri Hugonis et relicte
                                dicti Laurentii </item>
                            <item><lb/> de V solidis fortium receptis de Aymone <foreign>La
                                    Grueta</foreign> pro casali sito in eodem vico iuxta domum
                                relicte dicti Laurentii </item>
                            <item> de III denariis <lb/> receptis de Girardo Balbi pro quadam platea
                                retro domum suam sibi pro tanto albergata </item>
                            <item> de II solidis receptis de preposito Foysiati<note> On attendrait
                                        <hi rend="italics">Foysiaci</hi>.</note> pro <lb/> prato quo
                                fit una carrata feni et dimidia sito inter pratum dicti prepositi et
                                pratum <foreign>del Muneraz</foreign> apud Cra </item>
                            <item> de XII denariis <lb/> receptis de Humberto
                                    <foreign>Claudi</foreign> pro platea sita retro domum suam iuxta
                                portam Vercherie in cursu aque provenientis de stagno de <lb/> Burgo </item>
                            <item> summa : XIX solidi IX denarii<note> Ce total a été écrit d’une
                                    encre plus noire.</note></item>
                        </list></p>
                </div>
            </div>
            <div>
                <milestone n="20" unit="vue"/>
                <pb n="?v"/>
                <p><lb/><del rend="overstrike">idem reddit cumputum</del><list>
                        <item><del rend="overstrike">de XVIII denariis fortium receptis de
                                Bertholomeo <foreign>de Les Scaseres</foreign> pro garda duplicata
                                in recessu</del></item>
                    </list></p>
                <div xml:id="exitus_garde_in_denariis">
                    <head>exitus garde in denariis</head>
                    <p><list>
                            <item><lb/> idem reddit cumputum </item>
                            <item> de XVIII solidis III denariis fortium receptis de Bertholomeo
                                    <foreign>de Les Scaseres</foreign> et Aymone Bruni et
                                    <foreign>Putinat</foreign> et <lb/> Perroneto<note type="césure"
                                        ><hi rend="italics">per<lb/>roneto</hi></note> de Malmonte
                                et Guillermeto <foreign>Cortaban</foreign> et Martino
                                    <foreign>Cortaban</foreign> et Guichardo
                                    <foreign>Cravez</foreign> et Morello
                                <foreign>Trufer</foreign><lb/> et Martino Bochardi et Stephano
                                Lombardi et Guillermo Chatardi et Stephaneto et Perroneto de
                                    <foreign>La Ferrollieri</foreign> et Perroneto<note
                                    type="césure"><hi rend="italics"
                                    >perro<lb/>neto</hi></note><lb/><foreign>Chazfouz</foreign> et
                                Petro de Bosco et Perraudo de Polliaco pro duplo et recesserunt de
                                garda summa eadem : XVIII solidi III denarii fortium</item>
                        </list></p>
                </div>
                <div xml:id="exitus_garde_in_cera">
                    <head>exitus garde <lb/> in cera</head>
                    <p><lb/> idem reddit cumputum <list>
                            <item> de V solidis fortium receptis de quatuor libris cere habitis pro
                                exitu garde de pueris de Bella Quercu et Alardini <lb/> de
                                    <foreign>Bu</foreign></item>
                            <item><lb/> summa : V solidi fortium </item>
                            <item><lb/> summa totius exitus garde : XXIII solidi III denarii
                                fortium</item>
                        </list></p>
                </div>
            </div>
            <div>
                <milestone n="18" unit="vue"/>
                <pb n="?v"/>
                <p><lb/> [vue 21 = peau ? dorso] Hanc litteram habet Bertrandus Malaballi, corsinus
                    Burgi : " Nos, Amedeus comes, notum facimus universis quod nos habuimus et
                    recepimus a Bertrando Malaballi, morante apud Cusiriacum, <lb/> per manum domini
                    Girardi de <foreign>Langes</foreign>, ballivi nostri Baugiaci, pro operibus
                    nostris Cusiriaci, centum libras viennensium ex causa boni et legitimi mutui,
                    <lb/> quam summam pecunie ad requisitionem ipsius Bertrandi ipsi solvere
                    promittimus et facere grantum suum. In cuius rei testimonio <lb/> sigillum
                    nostrum duximus presentibus apponendum. Datum apud Burgetum die sabbati post
                    nativitatem beate Marie virginis <lb/> anno Domini M<hi rend="sup">o</hi> CC<hi
                        rend="sup">o</hi> octogesimo octavo. " Et est sciendum quod de dictis centum
                    libris solutus est de censa sua anno <lb/> octogesimo octavo, de qua cumputat
                    Stephanus Sterleti et ponit in librata facta pro operibus Cusiriaci, de quibus
                    <lb/> dominus Girardus habuit XL libras viennensium et magister Tassinus LX
                    libras viennensium <lb/> Hec sunt particule de VIII<hi rend="sup">C</hi> libris
                    viennensium quas solvit Stephanus Sterleti pro domino : <list>
                        <item><lb/> primo Ponceto de <foreign>Chales</foreign> : L libras
                            viennensium </item>
                        <item><lb/> Rupho de <foreign>Chales</foreign> : L libras viennensium </item>
                        <item><lb/> eisdem Rupho et Ponceto : C libras viennensium </item>
                        <item><lb/> Iohanni Cellerii et Roleto Sterleti <add place="leftMargin">pro
                                domina</add> : IX libras V solidos viennensium </item>
                        <item><lb/> item, eisdem, pro pannis : X libras IX solidos VI denarios
                            viennensium </item>
                        <item><lb/> item, eisdem, pro pannis : XXXV libras viennensium </item>
                        <item><lb/> item, eisdem, pro tela ad saccos : XVIII libras viennensium VI
                                solidos<note type="césure"><hi rend="italics">Lire XVIII libras VI
                                    solidos viennensium</hi>.</note></item>
                        <item><lb/> Roleto Sterleti, pro expensis domini : IIII libras viennensium </item>
                        <item><lb/> Roleto et Iohanni, ex mutuo : LXXVII libras viennensium </item>
                        <item><lb/> Iohanni Cellerii, de debito patris sui : VI<hi rend="sup"
                                >XX</hi> X libras viennensium </item>
                        <item><lb/> item, eidem, ex mutuo facto domino : VI<hi rend="sup">XX</hi> X
                            libras viennensium </item>
                        <item><lb/> Stephano Sterleti, ex debitis solutis pro domino : LXVII libras
                            viennensium </item>
                        <item><lb/> item, eidem, pro avena : VI libras viennensium </item>
                        <item><lb/> item, eidem, ex mutuo : LXXIII libras viennensium </item>
                        <item><lb/> Stephano <foreign>Borrellat</foreign>, de debito patris : XX
                            libras viennensium </item>
                        <item><lb/> item, eidem, ex mutuo : XX libras viennensium </item>
                        <item><lb/> Has particulas habet Petrus clericus in papiro suo<note> On a
                                écrit <hi rend="italics">sua</hi>.</note>, per <lb/> cuius manum hec
                            particule adiuncti fuerunt</item>
                    </list></p>
            </div>
        </body>
    </text>
</TEI>
