<?xml version="1.0" encoding="UTF-8"?>
<?xml-model href="http://www.tei-c.org/release/xml/tei/custom/schema/relaxng/tei_all.rng" schematypens="http://relaxng.org/ns/structure/1.0"?>
<TEI xmlns:math="http://www.w3.org/1998/Math/MathML" xmlns="http://www.tei-c.org/ns/1.0"
    xmlns:xi="http://www.w3.org/2001/XInclude" xmlns:svg="http://www.w3.org/2000/svg"
    xml:id="B7082_7">
    <teiHeader>
        <fileDesc>
            <titleStmt>
                <title> Compte de Pierre de Châtillon (<hi rend="italics">dominus Petrus de
                        Chasteillone</hi>), bailli de Bâgé, pour le bailliage de Bâgé ≈ prieuré de
                    Treffort, du vendredi 24 août 1291 au mardi 24 juin 1292 <date type="debut"
                        from-iso="12910824" cert="high"/><date type="fin" from-iso="12920624"
                        cert="high"/></title>
                <respStmt>
                    <persName><name xml:lang="fra">Pierre de Châtillon</name><name xml:lang="lat"
                            >Petrus de Chasteillone</name></persName>
                    <resp>Châtelain</resp>
                </respStmt>
            </titleStmt>
            <publicationStmt>
                <p>Alain Kersuzan et Frédéric Chartrain, avec la collaboration de Nils Mantilleri, Jean-Michel Poisson, et Marianne Ronot, 
                    <title>Compte de Pierre de Châtillon (<hi rend="italics">dominus Petrus de
                        Chasteillone</hi>), bailli de Bâgé, pour le bailliage de Bâgé ≈ prieuré de
                        Treffort, du vendredi 24 août 1291 au mardi 24 juin 1292</title>,
                    Lyon - Chambéry, 2011 (<title>Documents comptables des Etats de Savoie, XIIIe - XVe s.</title>)</p>
            </publicationStmt>
            <seriesStmt>
                <title>Treffort</title>
            </seriesStmt>
            <sourceDesc>
                <p>Information about the source</p>
            </sourceDesc>
        </fileDesc>
    </teiHeader>
    <text>
        <body>
            <milestone n="8" unit="vue"/>
            <pb n="7"/>
            <div xml:id="prologue">
                <p><lb/><note> Une numérotation médiévale en chiffres romains figure en tête du
                        parchemin, <hi rend="italics">III</hi> apparemment. De fait, dans l’ordre
                        chronologique, l’exercice dont Pierre de Châtillon rend compte ici précède
                        exactement celui de son compte de la troisième peau du rouleau actuel (ADCO
                        B 7082, compte 3) : <hi rend="italics">de exitibus prioratus Trefforcii</hi>
                        du 24 juin au 1er septembre 1292. Le présent parchemin devait donc
                        initialement être destiné à figurer entre la peau 1, numérotée <hi
                            rend="italics">IIII</hi> dans ce classement médiéval en ordre
                        décroissant, et la peau 2, qui porte le nombre <hi rend="italics">II</hi>.
                        Il s’est trouvé en fait déplacé à la fin du rouleau, et à la suite d’une
                        série de deux comptes de Pierre de La Balme, successeur de Pierre de
                        Châtillon à la tête du bailliage de Bâgé à partir de mai 1293, mais
                        châtelain de Treffort en 1291-1292.</note> Computus domini Petri de
                    Chasteillone baillivi Baugiaci de redditibus et exitibus prioratus <lb/> de
                    Trefforcio a festo<note> On observe ici chez le rédacteur une tendance à lier
                        certaines prépositions monosyllabiques aux noms qu’elles introduisent : <hi
                            rend="italics">afesto</hi>, <hi rend="italics">deblado</hi>, <hi
                            rend="italics">deputeo</hi>, <hi rend="italics">debalma</hi> …, mais ce
                        phénomène n’est pas constant.</note> beati Bartholomei anno Domini M<hi
                        rend="sup">o</hi> CC<hi rend="sup">o</hi> nonagesimo <del rend="overstrike"
                        >secundo</del><add place="interlinear">primo</add> usque ad festum beati
                    Iohannis baptiste anno nonagesimo secundo </p>
            </div>
            <div xml:id="recepte">
                <div xml:id="frumentum">
                    <head><supplied rend="support détruit">frumentum</supplied></head>
                    <p><lb/> idem reddit computum <list>
                            <item> de XLI quartallis frumenti receptis et repertis in archis
                                prioratus predicti quando prioratus fuit saisitus preter id
                                    <supplied reason="support détruit">quod</supplied><lb/>
                                Theobaldus <foreign>Pennais</foreign> ceperat de blado dicti
                                prioratus ante saysinam </item>
                            <item> de XXVIII quartallis I <foreign>quarteron</foreign> receptis per
                                manum <supplied reason="support détruit">Iohannes</supplied><lb/> de
                                Puteo tam de redditu quam decima </item>
                            <item><lb/> summa recepte : LXIX quartalla<note> Le genre neutre est
                                    attesté plus loin, notamment lorsque <hi rend="italics">XXXV
                                        quartall.</hi> est l’antécédent de <hi rend="italics">que
                                        fuerunt furneata</hi>.</note> I <foreign>quarteron</foreign>
                                frumenti de quibus <supplied reason="support détruit"
                                    >libravi[t]</supplied><note> Il ne semble pas y avoir de lacune
                                    dans le texte : <hi rend="italics">libravit <lb/> Petro de
                                        Balma</hi>. Sans doute avait-on laissé en blanc en fin de
                                    ligne l’équivalent de trois lettres.</note><lb/> Petro de Balma
                                castellano Trefforcii ut per litteram eius de recepta : XI quartalla </item>
                            <item> item Iocerando et Guioneto pontaneriis portus <supplied
                                    reason="support détruit">N[ugon]</supplied><lb/> in aqua de Enz
                                pro degravamine danpni<note> On écrit ici <hi rend="italics"
                                        >computus</hi>, mais <hi rend="italics">danpni</hi> pour <hi
                                        rend="italics">dampni</hi>.</note> eis illati per gentes
                                domini quando transibant et pro salario : V quartalla dimidium ad
                                mensuram <supplied reason="support détruit"
                                >Tr[efforcii]</supplied></item>
                            <item><lb/> item libravit que fuerunt furneata ad ultimam cavalcatam que
                                ivit ad <sic>sucurssum</sic><note> Lire <hi rend="italics"
                                        >succursum</hi>. Plus loin, le mot est écrit <hi
                                        rend="italics">succurssum</hi>.</note> Denteysiaci : XXXV
                                quartalla dimidium </item>
                            <item> item Iohanni de <supplied reason="support détruit"
                                    >Pu[teo]</supplied><lb/> pro salario suo de recolligendis
                                exitibus prioratus : II quartalla </item>
                            <item> item Anthonio pro emenda porcorum suorum captorum et ductorum
                                    <supplied reason="support détruit">apu[d]</supplied><lb/>
                                Burgetum cum aliis porcis domine : II quartalla </item>
                            <item> item monachis dicti prioratus pro expensis suis :VI quartalla </item>
                            <item><lb/> summa librate : LXII quartalla </item>
                            <item> et sic debet : VII quartalla I <foreign>quarteron</foreign>
                                frumenti — venduntur ut infra </item>
                        </list></p>
                </div>
                <div xml:id="siligo">
                    <head>siligo</head>
                    <p><lb/> idem reddit computum <list>
                            <item> de XXX quartallis siliginis captis et repertis in archis dicti
                                prioratus ut supra in frumento </item>
                            <item> de quibus <lb/> libravit Bertheto Renaldi pro salario suo de
                                custodia equarum domini : II quartalla </item>
                            <item> item Petro clerico qui ea vendidit Iocerando de Granges <lb/> pro
                                expensis comitis de <foreign>Monbeliard</foreign> factis : XXVIII
                                quartalla </item>
                            <item> et sic eque </item>
                        </list></p>
                </div>
                <div xml:id="avena">
                    <head>avena</head>
                    <p><lb/> idem reddit computum <list>
                            <item> de LV quartallis avene captis et repertis in archis prioratus </item>
                            <item> de XXV quartallis receptis per manum dicti Iohannis <lb/> de
                                Puteo de redditu et decima dicti prioratus </item>
                            <item> summa recepte : IIII<hi rend="sup">XX</hi> quartalla avene </item>
                            <item> de quibus <lb/> in libratione gentium<note> On paraît avoir écrit
                                    ici <hi rend="italics">gencium</hi>, <hi rend="italics"
                                        >euncium</hi>, <hi rend="italics">servicio</hi>, <hi
                                        rend="italics">servicii</hi>, <hi rend="italics"
                                    >tocius</hi>, <hi rend="italics">serviencium</hi>, parfois <hi
                                        rend="italics">libracione</hi>, que l’on transcrit – selon
                                    la convention d’édition prescrivant dans ce cas l’usage général
                                    de la graphie classique – <hi rend="italics">gentium</hi>, <hi
                                        rend="italics">euntium</hi>,<hi rend="italics">
                                        servitio</hi>, <hi rend="italics">servitii</hi>, <hi
                                        rend="italics">totius</hi>, <hi rend="italics"
                                        >servientium</hi>, <hi rend="italics"
                                    >libratione</hi>.</note> cum armis euntium ad succurssum
                                Dentheysiaci dominica post festum beati Luce evvangeliste apud
                                Burgum : XVI quartalla dimidium </item>
                            <item><lb/> item in libratione equorum domini per manum prepositi
                                Foissiaci apud Burgum : XXXVIII quartalla dimidium </item>
                            <item> item monaco procuratori prioratus pro roncino <lb/> suo : III
                                quartalla </item>
                            <item> item Petro de Balma castellano Trefforcii qui de ipsis debet
                                computare : XV quartalla </item>
                            <item><lb/> summa librate : <del rend="overstrike">LXXV</del> LXXIII
                                quartalla avene </item>
                            <item> et sic debet VII quartalla avene — venduntur ut infra </item>
                        </list></p>
                </div>
                <div xml:id="vinum">
                    <head>vinum</head>
                    <p><lb/> idem reddit computum <list>
                            <item> de VII<hi rend="sup">XX</hi> VI asinatis vini receptis de exitu
                                decime dicti prioratus anno nonagesimo primo, deducta nona <lb/>
                                parte quam percipit capellanus de Trefforcio, videlicet decem octo
                                asinatis vini </item>
                            <item> de XXVIII asinatis receptis tam de quartis quam exitu <lb/> vinee
                                de clauso prioratus, et respondet minus quia fuit tempestata </item>
                            <item><lb/> summa : VIII<hi rend="sup">XX</hi> XIIII asinate vini </item>
                            <item> de quibus libravit que portate fuerunt <lb/> apud Burgum et
                                reposite <unclear>[ib]idem</unclear><note> La première syllabe est
                                    raturée de façon illisible.</note> pro cavalcatis circa festum
                                beati Michaelis : C XIX asinatas vini </item>
                            <item> item Petro de Balma castellano <lb/> Trefforcii, computatis decem
                                somatis quas debebat pro decima vini domini comitis : XV asinatas </item>
                            <item> item monachis qui serviebant <lb/> altari : VI asinatas </item>
                            <item> item quas non potuit recuperare de Hugone medico de Treffortio
                                qui eas debebat pro decima vini sui : <lb/> VI asinatas </item>
                            <item> et sic debet<note> On attendrait <hi rend="italics"> summa
                                        librate : C XLVI asinatas</hi>.</note> : XXVIII asinatas
                                vini — venduntur ut infra </item>
                        </list></p>
                </div>
                <div xml:id="denarii">
                    <head>denarii</head>
                    <p><lb/> idem reddit computum <list>
                            <item> de XIII libris VI solidis IIII denariis viennensium receptis de
                                decima vini que recipitur ad denarios de emptoribus vindemie, <lb/>
                                et dant de decem solidis vindemie duodecim denarios, et sic secundum
                                plus et minus, deductis triginta tribus <add place="interlinear"
                                    >solidis</add> tribus denariis pro nona parte <lb/> quam
                                percipit capellanus de Treffortio </item>
                            <item> de XVIII libris IIII solidis VI denariis picta receptis de
                                redditu dicti prioratus ut in particulis </item>
                            <item><lb/> de XXXIIII libris receptis de Iohanne de
                                    <foreign>Chatoneres</foreign> et sociis pro passonagio nemoris
                                de <foreign>Bu</foreign> et de <foreign>Belchano</foreign> vendito
                                eisdem hoc anno, <lb/> computato passonagio porcorum de
                                    boschacio<note> Il faut probablement lire <hi rend="italics"
                                        >boscagio</hi>.</note> suo </item>
                            <item> de VII libris VIII solidis receptis de tallia in hominibus de
                                    <foreign>Bu</foreign> et de <foreign>Chatoneres</foreign><lb/>
                                in festo beati Martini anno nonagesimo primo </item>
                            <item> de CVIII solidis III denariis receptis de oblationibus
                                annualibus, sepulturis, cera, per dictum <lb/> tempus, preter
                                quatuor libras duodecim solidos unum denarium quas habuerunt monachi
                                qui serviebant altari </item>
                            <item> de XX solidis IIII denariis <lb/> receptis de sexaginta una
                                gallinis que debentur de servitio dicti prioratus venditis qualibet
                                quatuor denariis </item>
                            <item> de III solidis <del rend="overstrike">IX denariis</del> III
                                denariis <lb/> receptis de quinque panibus servitii </item>
                            <item> de V solidis VI denariis receptis de uno barrali vini servitii </item>
                            <item><del rend="overstrike">de X solidis</del> de XII solidis <add
                                    place="interlinear">VI denariis</add> receptis de uno quartallo
                                <lb/> et uno <foreign>quarteron</foreign> frumenti servitii
                                    venditi<note> Le mot détermine <hi rend="italics">frumenti</hi>,
                                    car on a ensuite écrit <hi rend="italics">computati</hi> en
                                    toutes lettres.</note> et superius non computati </item>
                            <item> summa : IIII<hi rend="sup">XX</hi> lb. VIII s. VIII d. </item>
                        </list></p>
                </div>
                <div xml:id="venditiones">
                    <head>venditiones</head>
                    <p><lb/> idem reddit computum <list>
                            <item> de LXXII<note> Les deux derniers chiffres ont été ajoutés.</note>
                                solidis VI denariis receptis de septem quartallis uno
                                    <foreign>quarteron</foreign> frumenti venditis ut supra,
                                quolibet decem solidis </item>
                            <item> de XXX solidis receptis <lb/> de septem quartallis avene venditis
                                ut supra </item>
                            <item> de XIX libris XII solidis receptis de viginti octo asinatis vini
                                venditis ut supra </item>
                            <item><lb/> summa : XXIIII lb. XIIII s. VI d. </item>
                        </list></p>
                </div>
                <div xml:id="bilan_recepte">
                    <p><list>
                            <item> summa totius recepte : C V lb. III s. II d. vien. de quibus
                            </item>
                        </list></p>
                </div>
            </div>
            <div xml:id="expense_et_librate">
                <p><list>
                        <item><lb/> in vinea de clauso vindemianda, decima vini et vino quartorum
                            recolligendis, doliis religandis : LXX solidos VI denarios viennensium </item>
                        <item><lb/> item pro centum duodecim asinatis vindemie receptis de quartis
                            et exitu vinee de clauso <sic>aducendis</sic><note> Lire <hi
                                    rend="italics">adducendis</hi>.</note> ad prioratum : XXVIII
                            solidos I denarium </item>
                        <item> item pro centum decem novem asinatis vini supradictis<note> Cf. supra
                                : <hi rend="italics">libravit que portate fuerunt apud Burgum et
                                    reposite ibidem pro cavalcatis circa festum beati Michaelis : C
                                    XIX asinatas vini</hi>.</note> et frumento, siligine et avena
                            apportandis apud Burgum : LXVII solidos </item>
                        <item> item in expensis Berthoni facientis vindemias predictas et
                            recolligentis <del rend="overstrike">vn</del> vina, blada et facientis
                            apportari <lb/> apud Burgum pro quadraginta septem diebus finitis in
                            festo omnium sanctorum anno nonagesimo primo et expensis trium
                            valletorum quos <lb/> secum tenuit ad predicta facienda per decem septem
                            dies : VI libras </item>
                        <item> item <del rend="overstrike">expensis</del> donno Odoni de Balma
                            procuratori prioratus <lb/> pro expensis suis et monacorum servientium
                            ecclesie prioratus factis usque ad mediam quadragesimam<note> On a écrit
                                    <hi rend="italics">XL<hi rend="sup">mam</hi></hi>.</note> qua
                            recesserunt, ultra quatuor libras <lb/> duodecim solidos quas habuerunt
                            de sepulturis et oblationibus ut supra : L solidos X denarios </item>
                        <item> item expensis Petri clerici recipientis presentem <lb/> computum per
                            duos dies : X solidos </item>
                        <item> item pro anniversariis prioratus : XL solidos XI denarios viennensium </item>
                        <item><lb/> summa expense : XIX lb. VII s. IIII d. vien.</item>
                    </list></p>
            </div>
            <div xml:id="bilan">
                <p><list>
                        <item><lb/> et sic debet dictus baillivus : IIII<hi rend="sup">XX</hi> V lb.
                            XV s. X d. vien.</item>
                        <item> de quibus respondet in computo baillivie <supplied
                                reason="support endommagé">…</supplied></item>
                    </list></p>
            </div>
        </body>
    </text>
</TEI>
