<?xml version="1.0" encoding="UTF-8"?>
<?xml-model href="http://www.tei-c.org/release/xml/tei/custom/schema/relaxng/tei_all.rng" schematypens="http://relaxng.org/ns/structure/1.0"?>
<TEI xmlns:math="http://www.w3.org/1998/Math/MathML" xmlns="http://www.tei-c.org/ns/1.0"
    xmlns:xi="http://www.w3.org/2001/XInclude" xmlns:svg="http://www.w3.org/2000/svg"
    xml:id="B7083_3">
    <teiHeader>
        <fileDesc>
            <titleStmt>
                <title>Compte d'Étienne Sterlet/Terlet (Stephanus Sterleti/Terleti), receveur des
                    revenus de Bourg, pour la châtellenie de Bourg-en-Bresse, du dimanche 24 juin
                    1291 au mardi 24 juin 1292 <date type="debut" from-iso="12910624" cert="high"
                        /><date type="fin" from-iso="12920624" cert="high"/></title>
                <respStmt>
                    <persName><name xml:lang="fra">Étienne Sterlet</name><name xml:lang="lat"
                            >Stephanus Sterleti</name></persName>
                    <resp>Châtelain</resp>
                </respStmt>
            </titleStmt>
            <publicationStmt>
                <p>Christian Guilleré, Frédéric Chartrain et Alain Kersuzan, avec la collaboration de Nils Mantilleri, Jean-Michel Poisson, et Marianne Ronot, 
                    <title>Compte d'Étienne Sterlet/Terlet (<hi rend="italics">Stephanus Sterleti/Terleti</hi>), receveur des
                        revenus de Bourg, pour la châtellenie de Bourg-en-Bresse, du dimanche 24 juin
                        1291 au mardi 24 juin 1292</title>,
                    Lyon - Chambéry, 2012 (<title>Documents comptables des Etats de Savoie, XIIIe - XVe s.</title>)</p>
            </publicationStmt>
            <seriesStmt>
                <title>Bourg-en-Bresse</title>
            </seriesStmt>
            <sourceDesc>
                <p>Information about the source</p>
            </sourceDesc>
        </fileDesc>
    </teiHeader>
    <text>
        <body>
            <milestone n="5" unit="vue"/>
            <pb n="4"/>
            <div xml:id="prologue">
                <p><lb/> Cumputus<note> L’auteur de cette rédaction employait <hi rend="italics"
                            >cumputus</hi>, <hi rend="italics">cumputum</hi>, <hi rend="italics"
                            >cumputavit</hi>, pour <hi rend="italics">computus</hi>, <hi
                            rend="italics">computum</hi>, <hi rend="italics">computavit</hi>.</note>
                    Stephani Sterleti, receptoris reddituum Burgi, a festo<note> L’auteur de cette
                        rédaction écrivait <hi rend="italics">afesto</hi>, <hi rend="italics"
                            >adicto</hi>, <hi rend="italics">descleres</hi>, <hi rend="italics"
                            >depetet</hi>, <hi rend="italics">deiure</hi>, <hi rend="italics"
                            >demandato</hi>, <hi rend="italics">deburgo</hi>, <hi rend="italics"
                            >adomino</hi>, <hi rend="italics">demandato</hi>, <hi rend="italics"
                            >derecepta</hi>, <hi rend="italics">decorent</hi>, <hi rend="italics"
                            >desparron</hi>, <hi rend="italics">delanges</hi>, <hi rend="italics"
                            >decorgenon</hi>, pour <hi rend="italics">a festo</hi>, <hi
                            rend="italics">a dicto</hi>, <hi rend="italics">des Cleres</hi>, <hi
                            rend="italics">de Petet</hi>, <hi rend="italics">de iure</hi>, <hi
                            rend="italics">de mandato</hi>, <hi rend="italics">de Burgo</hi>,<hi
                            rend="italics"> a domino</hi>, <hi rend="italics">de mandato</hi>, <hi
                            rend="italics">de recepta</hi>, <hi rend="italics">de Corent</hi>, <hi
                            rend="italics">d’Esparron</hi>, <hi rend="italics">de Langes</hi>, <hi
                            rend="italics">de Corgenon</hi>.</note> beati Iohannis baptiste anno
                    Domini M<hi rend="sup">o</hi> CC<hi rend="sup">o</hi> nonagesimo <lb/> primo
                    usque ad idem festum anno revoluto ; item, de pedagio, laudibus et vendis et
                    champeriis et introgiis a festo <lb/> annuntiationis beate Marie anno
                        nonagesimo<note> Le dimanche 25 mars 1291 (nouveau style).</note> usque ad
                    festum beati Iohannis baptiste anno nonagesimo primo</p>
            </div>
            <div xml:id="recepte">
                <div xml:id="avena">
                    <head/>
                    <p><lb/> idem reddit cumputum<note> Il n’a pas été jugé utile d’ajouter ici dans
                            la marge gauche les rubriques <hi rend="italics">avena</hi>, <hi
                                rend="italics">galline</hi> ou <hi rend="italics">cera</hi>,
                            auxquelles se substituent de simples marques de paragraphe du type de
                            §.</note><list>
                            <item> de XII sestariis I quartallo V cuppis avene receptis de
                                remanentia cumputi sui</item>
                            <item>summa recepte : XII sestarii I quartallus V cuppe avene </item>
                            <item> de quibus <lb/> idem libravit, ad expensas equorum domini factas
                                apud Burgum per manum Hugonis de Voyrone, per litteram domini datam
                                dominica qua cantatur <lb/><quote>Oculi mei</quote> anno nonagesimo
                                    primo<note> Le dimanche 9 mars 1292 (nouveau style).</note> :
                                IIII sestarios dimidium avene </item>
                            <item> et sic <lb/> debet : VII sestarios III quartallos V cuppas avene
                                — venduntur ut infra</item>
                        </list></p>
                </div>
                <div xml:id="galline">
                    <head/>
                    <p><lb/> idem reddit cumputum <list>
                            <item> de III<hi rend="sup">C</hi> LXXIII gallinis receptis de
                                remanentia cumputi precedentis — venduntur ut infra</item>
                        </list></p>
                </div>
                <div xml:id="cera">
                    <head/>
                    <p><lb/> idem reddit cumputum <list>
                            <item> de XX libris cere receptis de remanentia cumputi precedentis —
                                venduntur ut infra </item>
                        </list></p>
                </div>
                <div xml:id="venditiones">
                    <head>venditiones</head>
                    <p><lb/> idem reddit cumputum <list>
                            <item> de VI libris viennensium receptis de septem sestariis tribus
                                quartallis quinque cuppis avene venditis pro tanto ut supra </item>
                            <item><lb/> de VI libris IIII solidis IIII denariis receptis de
                                trescentis septuaginta tribus gallinis venditis ut supra, qualibet
                                quatuor denariis viennensium </item>
                            <item><lb/> de L solidis receptis de viginti libris cere venditis ut
                                supra </item>
                            <item><lb/> summa recepte : XIIII libre XIIII solidi IIII denarii
                                viennensium </item>
                        </list></p>
                </div>
                <div xml:id="champeria">
                    <head>champeria</head>
                    <p><lb/> idem reddit cumputum <list>
                            <item> de VI libris viennensium receptis de Perroneto et Royliardo pro
                                censa champerie de Ultra Vela<note> Nous attendions <hi
                                        rend="italics">Ultra Velam</hi>.</note> finita in festo
                                beati <lb/> Iohannis baptiste anno nonagesimo primo </item>
                            <item> de XVI solidis receptis de Guillermeto <foreign>des
                                    Cleres</foreign> pro firma champerie de Burgo finita <lb/> eodem
                                festo </item>
                            <item> de LX solidis receptis de <foreign>Rongia</foreign> et Iaqueto de
                                firma champerie de <foreign>Cra</foreign> finita eodem festo </item>
                            <item><lb/> summa : IX libre XVI solidi viennensium </item>
                        </list></p>
                </div>
                <div xml:id="passonagium">
                    <head>passonagium</head>
                    <p><lb/> idem reddit cumputum <list>
                            <item> de XL libris viennensium receptis de Roleto Sterleti [et]
                                Bernardo Vilani, pro passanagio<note> Lire <hi rend="italics"
                                        >passonagio</hi>.</note> nemoris <foreign>del Says</foreign>
                                hoc anno </item>
                            <item><lb/> de XX solidis receptis de Guichardo
                                    <foreign>Banoux</foreign> de passonagio <foreign>vavre de
                                    Corgenon</foreign> hoc anno </item>
                            <item><lb/> summa recepte : XLI libre viennensium </item>
                        </list></p>
                </div>
                <div xml:id="laudes_et_vende">
                    <head>laudes et vende</head>
                    <p><lb/> idem reddit cumputum <list>
                            <item> de II solidis XI denariis fortium receptis a dicto
                                    <foreign>Oysel</foreign> pro laude unius pede empte in ala de
                                Stephano <foreign>Grillet</foreign></item>
                            <item> de XVI solidis <lb/> VIII denariis receptis de Bello Garcione pro
                                laude operatorii siti in macello veteri empti de Iocerando de
                                    <foreign>Brou</foreign></item>
                            <item> de VII solidis VI denariis receptis de <lb/> Roleto Sterleti pro
                                laude terre empte de Iohanneto <foreign>Calliet</foreign></item>
                            <item> de XII denariis receptis de <foreign>Maschera</foreign> pro laude
                                pede site iuxta forgiam <lb/> suam empte de
                                <foreign>Petet</foreign></item>
                            <item> summa : XXVIII solidi I denarius fortium — valent : LVI solidis
                                II denariis viennensium </item>
                        </list></p>
                </div>
                <div xml:id="pedagium">
                    <head>pedagium</head>
                    <p><lb/> idem reddit cumputum <list>
                            <item> de XV solidis fortium receptis de Hugone de Augusta de pedagio
                                quinque trossellorum pannorum, et levantur de quolibet <lb/>
                                trossello tres solidi fortium </item>
                            <item> summa recepte : XV solidi fortium — valent : XXX solidis
                                viennensium </item>
                        </list></p>
                </div>
                <div xml:id="censa">
                    <head>censa</head>
                    <p><lb/> idem reddit cumputum <list>
                            <item> de VI<hi rend="sup">C</hi> IIII<hi rend="sup">XX</hi> XII libris
                                XII solidis viennensium receptis de exitu reddituum Burgi et
                                castellanie per dominum comitem sibi <lb/> pro tanto, per
                                estimationem, dimissorum hoc anno, preter nemora, stangna, grossum
                                pedagium, molendina, communia domino et sibi <lb/> et Stephano
                                Borellati, et banna, et clamas, iudeos et corsinos, et mansum de
                                    <foreign>Bysia</foreign> si de iure spectet ad dominum comitem </item>
                    </list>
                        </p>
                            <p><lb/> summa recepte : VI<hi rend="sup">C</hi> IIII<hi rend="sup"
                                    >XX</hi> XII libre XII solidi viennensium</p>
                </div>
                <div xml:id="pedagium2">
                        <p><list><item><lb/> idem reddit cumputum<note> La rubrique <hi rend="italics"
                                        >pedagium</hi> a été effacée dans la marge gauche de la
                                    ligne précédente, où le rédacteur avait également commencé à
                                    écrire une première fois <hi rend="italics"
                                >idem</hi>.</note></item>
                            <item> de XI libris viennensium receptis de grosso pedagio retento
                                domino comite ut supra </item>
                            <item><lb/> summa recepte : XI libre viennensium </item>
                        </list></p>
                </div>
                <div xml:id="bilan_recepte">
                    <p><list>
                            <item><lb/> summa totius recepte : VII<hi rend="sup">C</hi> LXXIII libre
                                VIII solidi VI denarii viennensium de quibus </item>
                        </list></p>
                </div>
            </div>
            <div xml:id="expense_et_librate">
                <p><list>
                        <item><lb/> idem<note> Dans le texte original, chaque paragraphe de
                                l’énumération des <hi rend="italics">liberationes</hi> est précédé
                                d’un signe du type §.</note> libravit Griffoneto de Albespino<note>
                                Il avait d’abord été écrit <hi rend="italics">alpespino</hi>, qu’on
                                a raturé.</note> cui dominus comes eas donaverat pro homagio quod
                            dictus Griffonetus eidem domino comite <lb/> fecit, per litteram domini
                            comitis datam die martis ante penthecosten<note> Lire <hi rend="italics"
                                    >pentecosten</hi>.</note> anno nonagesimo primo per manum donni
                            Iohannis Floridi : XXV libras viennensium </item>
                        <item><lb/> idem libravit domino comite, per manum donni Iohannis Floridi,
                            qui eas solvit domino abbati Ambrogniaci, cui dominus comes tenebatur
                            pro emenda <lb/> reddituum suorum occupatorum per dalphinum, per
                            litteras domini datas die veneris post festum beate Marie Magdalene anno
                            nonagesimo primo : VI<hi rend="sup">XX</hi> libras viennensium </item>
                        <item><lb/> idem libravit magistro Tassino, pro operibus Treffortii et
                            Sancti Andree faciendis, per litteram domini de mandato, datam die
                            veneris post festum beate Marie <lb/> Magdalene anno nonagesimo primo,
                            et per litteram dicti magistri Tassini de recepta, datam dominica post
                            octabam beate Marie Magdalene anno eodem : III<hi rend="sup">C</hi>
                            libras viennensium </item>
                        <item><lb/> idem libravit sibi ipsi, quas donavit de costo corsinis de Burgo
                            pro dictis trescentis<note> Lire <hi rend="italics"
                                >trecentis</hi>.</note> libris positis in dictis operibus, per
                            mandatum domini comitis <lb/> per antedictam litteram : XXV libras
                            viennensium </item>
                        <item><lb/> idem libravit sibi ipsi et Stephano <del rend="overstrike"
                                >Ster[leti]</del> Borrellati, qui se obligaverant pro domino comite
                            in manibus quorumdam burgensium de Burgo, qui <lb/> eidem mutuaverant
                            pro prima solutione domino duci Burgundie facienda, quas habere et
                            percipere debuerunt de ducentis quinquaginta <lb/> libris quas homines
                            talliabiles castellanie Baugiaci debebant de compleinta facta pro
                            conqueremento Reversumontis in festo beati Michaelis anno <lb/>
                            nonagesimo, nec habere potuerunt quia Hugo de Castro Novo, tunc
                            castellanus Baugiaci, dictam compleintam recuperavit et exinde
                            cumputavit, <lb/> et sic debent dicti Stephanus Sterleti et Stephanus
                            Borellati solvere illis quibus debet dominus apud Burgum pro mutuo
                            antedicto, et debent <lb/> reddere litteras quas habent a domino et
                            litteras quas memorati burgenses de Burgo habent a domino : VII<hi
                                rend="sup">XX</hi> XV libras viennensium </item>
                        <item><lb/> idem libravit domino Fromondo de <foreign>Dramela<note> Fromond
                                    de Dramelay, sire de Présilly.</note></foreign>, de dono sibi
                            facto a domino comite pro homagio quod eidem domino comiti fecit, per
                            manum Guespe de <lb/><foreign>Varas<note> La Guêpe de Varax,
                                    c’est-à-dire – à cette date – Étienne, dit " La Guêpe ", sire de
                                    Varax.</note></foreign>, cui dictus Stephanus eas solvit et
                            finavit, de mandato dicti domini comitis et dicti domini Fromondi : C
                            libras viennensium </item>
                        <item><lb/> idem libravit, in expensis domini factis apud Burgum per manum
                            Hugonis de Voyrone, de septem diebus finitis dominica qua cantatur
                                <quote>Oculi mei</quote> anno nonagesimo <lb/> primo, inclusis
                            viginti libris dicto traditis in denariis, ut per litteram domini datam
                            eadem dominica, in qua sunt particule : CI libras XVII solidos V
                            denarios obolum viennensium </item>
                        <item><lb/> idem libravit donno Petro Amici, pro serviendo altari beati
                            Mauricii seu beati Georgii pro anno finiendo in festo beati Iohannis
                            baptiste <lb/> anno Domini M<hi rend="sup">o</hi> CC<hi rend="sup"
                                >o</hi> nonagesimo secundo : VII libras X solidos viennensium </item>
                        <item><lb/> idem libravit liberis domini Humberti de <foreign>Coterel<note>
                                    Aujourd’hui <hi rend="italics">Coutterez</hi>, commune de
                                    Largillay-Marsonnay (Jura).</note></foreign>, quas percipiunt
                            annuatim super macello in nativitate Domini : IIII libras viennensium </item>
                        <item><lb/> idem libravit Iohanni, preposito Ambrogniaci, quos percipit
                            annuatim super leyda de Burgo pro feodo sibi facto a domino comite : C
                            solidos viennensium </item>
                        <item><lb/> idem libravit Hugoni Lyobardi, de feodo sibi facto a domino, ut
                            in cumputo precedenti : LX solidos viennensium </item>
                        <item><lb/> idem libravit donno Iohanni Floridi, in feno empto pro gentibus
                            cum armis que fuerunt apud Burgum tempore guerre, tegula et postibus
                            <lb/> emptis pro cafallo<note> Lire <hi rend="italics"
                                >chafallo</hi>.</note> de <foreign>Enz</foreign>, ut per litteras
                            eius datas die veneris ante mediam kadragesimam anno nonagesimo
                                primo<note> Le vendredi 7 mars 1292 (nouveau style).</note> : XIII
                            libras XV solidos viennensium </item>
                        <item><lb/> item libravit, in dignerio hominum apportantium servitium tertia
                            die nativitatis Domini : XV solidos viennensium </item>
                        <item><lb/> item libravit sibi ipsi, qui sibi debebantur de remanentia
                            cumputi precedentis : III<hi rend="sup">C</hi> XXXIX libras viennensium </item>
                        <item><lb/> summa libratte<note> Lire <hi rend="italics"
                                >librate</hi>.</note> cum remanentia : XI<hi rend="sup">C</hi>
                                IIII<hi rend="sup">XX</hi> XIX libre XVII solidi V denarii obolus
                            viennensium </item>
                    </list></p>
                <div xml:id="cavalcata">
                    <head>cavalcata</head>
                    <p><list>
                            <item><lb/> idem libravit Humberto Musi, Hugonino de
                                    <foreign>Lecona</foreign>, Morestino de
                                    <foreign>Andelost</foreign>, Stephano <foreign>Sybua</foreign>,
                                de stipendiis suis cum fuerunt <lb/> ad succurrendum castrum
                                Dentasiaci, per litteram domini de mandato datam die lune ante
                                festum omnium sanctorum anno nonagesimo primo <lb/> et per litteras
                                ipsorum de recepta, preter libratam de duobus diebus per donnum
                                Iohannem Floridi sibi factam : XIIII libras viennensium </item>
                            <item><lb/> idem libravit Aymoni de Palude, pro stipendiis suis et trium
                                sociorum suorum, per litteram domini de mandato et litteram de
                                recepta : VII libras viennensium </item>
                            <item><lb/> idem libravit Guillermo de <foreign>Corent</foreign> et
                                sociis suis, pro eodem, per litteram domini de mandato datam die
                                lune predicta : XXXV libras XIIII solidos viennensium </item>
                            <item><lb/> idem libravit Iaqueto <foreign>del Albespin</foreign>,
                                Hugonino de <foreign>Varey</foreign>, Humberto <foreign>del
                                    Albespin</foreign>, Iaqueto de Champagnia, Roleto Sterleti,
                                Guillermo de Sancto <lb/> Eugendo, Guillermo Cellerarii, pro eodem,
                                per litteram donni Iohannis Floridi datam die martis ante festum
                                beati Clementis anno nonagesimo primo : XII libras viennensium </item>
                            <item><lb/> idem libravit Iohanni de <foreign>Bornay</foreign>, pro
                                eodem, de decem diebus, per litteram eiusdem Iohannis anno
                                nonagesimo primo : L solidos viennensium </item>
                            <item><lb/> idem libravit domino Iacobo, domino Petro de Bello Forti,
                                Perrino de <foreign>Rotellie<note> Aujourd’hui <hi rend="italics"
                                            >Rotaillat</hi>, c<hi rend="sup">ne</hi> de
                                        Chevroux.</note></foreign> et dicto
                                    <foreign>Brunat</foreign>, Rosseto et Aymonino de
                                        <unclear><foreign>[De]gint</foreign></unclear>, Hugonino de
                                    <lb/><foreign>Corceles</foreign><note type="césure"><hi
                                        rend="italics">cor<lb/>celes</hi></note>, Andree
                                    <foreign>d’Esparron</foreign>, pro eodem, de decem diebus, per
                                litteram eiusdem Iohannis Floridi datam dominica ante festum beati
                                    Clementi<note> Lire <hi rend="italics">Clementis</hi>.</note>
                                anno eodem : XXII libras X solidos viennensium </item>
                            <item><lb/> idem libravit Humberto
                                    <unclear><foreign>F[arar]el</foreign></unclear>, Iohanni
                                    <foreign>del Levoret</foreign>, pro eodem, per litteram eiusdem
                                Iohannis datam die mercurii ante festum beati Martini anno eodem :
                                IIII libras III solidos <supplied reason="support endommagé"
                                    >viennensium</supplied><note> Cette dernière peau du rouleau, se
                                    trouvant le plus à l’extérieur, a été exposée à l’humidité, et
                                    celle-ci a délavé en partie le texte qui s’y trouvait
                                    consigné.</note></item>
                            <item><lb/> idem libravit Stephano de Cologniaco, Andree de
                                    <foreign>Vergon</foreign>, Perrino de <foreign>Loysia</foreign>,
                                Aymoneto <foreign>de Langes</foreign>, Iohanni Prepositi, pro eodem,
                                <lb/> per litteram eiusdem Iohannis Floridi datam dominica ante
                                festum beati Andree anno eodem : X libras V solidos viennensium </item>
                            <item><lb/> idem libravit Richardo de Vineola, Humberto de
                                    <foreign>Trennay</foreign>, dicto <foreign>Ferroliat</foreign>,
                                Andree de Sancto Amore, Iohanni de <foreign>Trennay</foreign>,
                                Ponceto de <foreign>Cropet</foreign>, <lb/> pro eodem, per litteram
                                dicti Iohannis Floridi datam dominica ante festum beati Clementis
                                anno eodem : XII libras X solidos viennensium </item>
                            <item><lb/> idem libravit eisdem, pro vadiis suis de Burgo, per
                                    eandem<note> L’auteur de cette rédaction employait <hi
                                        rend="italics">eandem</hi> pour <hi rend="italics"
                                        >eamdem</hi>.</note> litteram : VII solidos viennensium </item>
                            <item><lb/> idem libravit Henrico et Iohannino de
                                    <foreign>Pavanens</foreign>, Stephano <supplied
                                    reason="support endommagé">de C[…], per</supplied> litteram
                                eiusdem Iohannis datam <lb/> dominica post festum beati Andree anno
                                eodem, et pro eodem : IIII libras XVI solidos viennensium </item>
                            <item><lb/> idem libravit vadiis domini Iacobi, domini Petri de Bello
                                Forti et sociorum apud Burgum in domo <foreign>Clavel</foreign> : VI
                                solidos viennensium </item>
                            <item><lb/> idem libravit Guillermo et Ioffredo de
                                    <foreign>Dron</foreign>, pro eodem, per litteram eiusdem
                                Iohannis datam die martis post <quote>Reminiscere</quote> anno
                                    eodem<note> Le mardi 4 mars 1292 (nouveau style).</note> : LV
                                solidos viennensium </item>
                            <item><lb/> idem libravit Stephano de Longo Monte, pro eodem, per
                                litteram eiusdem Iohannis datam die veneris ante mediam kadragesimam
                                anno eodem : XXXII <supplied reason="support endommagé">solidos
                                    viennensium</supplied></item>
                            <item><lb/> idem libravit domino de <foreign>Corgenon</foreign> et
                                sociis suis, pro eodem, per litteram domini : XXXV libras
                                viennensium </item>
                            <item><lb/> summa librate huius : <supplied reason="support détruit"
                                        >VIII<hi rend="sup">XX</hi> [V libre]</supplied> IX
                                    denarios<note> Lire <hi rend="italics">solidos</hi>.</note>
                                viennensium </item>
                            <item><lb/> summa totius librate : M III<hi rend="sup">C</hi><supplied
                                    reason="support détruit">LX[V] libre</supplied> VI solidi V
                                denarii obolus viennensium </item>
                        </list></p>
                </div>
            </div>
            <div xml:id="bilan">
                <p><list>
                        <item><lb/> et sic debentur <lb/> eidem : V<hi rend="sup">C</hi> IIII<hi
                                rend="sup">XX</hi> XI libre XVII solidi XI denarii obolus
                            viennensium</item>
                    </list></p>
            </div>
        </body>
    </text>
</TEI>
