<?xml version="1.0" encoding="UTF-8"?>
<?oxygen RNGSchema="http://www.tei-c.org/release/xml/tei/custom/schema/relaxng/tei_all.rng" type="xml"?>
<TEI xmlns="http://www.tei-c.org/ns/1.0" xml:id="B7081_10">
    <teiHeader>
        <fileDesc>
            <titleStmt>
                <title>Compte d'Étienne Terllet (<hi rend="italics">Stephanus Terlleti</hi>),
                    receveur des revenus de Bourg-en-Bresse, pour la châtellenie de Bourg-en-Bresse,
                    du 24 juin 1288 au 24 juin 1289 <date type="debut" from-iso="12880624"
                        cert="high"/><date type="fin" from-iso="12890624" cert="high"/></title>
                <respStmt>
                    <persName><name xml:lang="fra">Étienne Sterlet</name><name xml:lang="lat"
                            >Stephanus Sterleti</name></persName>
                    <resp>Châtelain</resp>
                </respStmt>
            </titleStmt>
            <publicationStmt>
                <p>Christian Guilleré, Frédéric Chartrain et Alain Kersuzan, avec la collaboration de Nils Mantilleri, Jean-Michel Poisson, et Marianne Ronot, 
                    <title>Compte d'Étienne Terllet (<hi rend="italics">Stephanus Terlleti</hi>),
                        receveur des revenus de Bourg-en-Bresse, pour la châtellenie de Bourg-en-Bresse,
                        du 24 juin 1288 au 24 juin 1289</title>,
                    Lyon - Chambéry, 2012 (<title>Documents comptables des Etats de Savoie, XIIIe - XVe s.</title>)</p>
            </publicationStmt>
            <seriesStmt>
                <title>Bourg-en-Bresse</title>
            </seriesStmt>
            <sourceDesc>
                <p>Information about the source</p>
            </sourceDesc>
        </fileDesc>
    </teiHeader>
    <text>
        <body>
            <milestone n="11" unit="vue"/>
            <pb n="9"/>
            <div xml:id="prologue">
                <p><lb/> Computus<note> Ce compte a été numéroté <hi rend="italics">IIII</hi> en
                        tête.</note> Stephani Terlleti receptoris reddituum Burgi a die et festo
                    beati Iohannis <lb/> baptiste anno Domini M<hi rend="sup">o</hi> CC<hi
                        rend="sup">o</hi> octogesimo octavo usque ad idem festum anno sequenti
                    videlicet de uno anno integro </p>
            </div>
            <div xml:id="recepte">
                <div xml:id="frumentum">
                    <head>frumentum</head>
                    <p><lb/> idem reddit computum <list>
                            <item> de I quartallo frumenti recepto de liberis Morelli de
                                    <foreign>Puttessard</foreign> de redditu per annum </item>
                            <item> de I quartallo recepto a-se ipso de remanentia <lb/> computi sui
                                precedentis </item>
                            <item> summa : II quartalli frumenti — et remanent </item>
                        </list></p>
                </div>
                <div xml:id="siligo">
                    <head>siligo</head>
                    <p><lb/> idem reddit computum <list>
                            <item> de XVI sestariis VII cupis dimidia siliginis receptis in
                                castellania Burgi de redditu per annum ut in extenta, deductis
                                tribus sestariis <lb/> que solvebat Stephanus Terlleti pro molendino
                                et stangno et prato de redditu que dominus comes rehemit<note> Lire
                                        <hi rend="italics">reemit</hi>.</note> ab ipso et ea tenet
                                ad manum suam </item>
                            <item><lb/> de messe apud <foreign>Les Rispes</foreign> non computat
                                quia nundum aliquid recepit propter inopiam agricolarum qui fuerunt
                                destructi propter guerram </item>
                            <item> de exitu <lb/> molendini subtus alam et alterius molendini de
                                stanno et aliorum molendini dicti <foreign>Adroit</foreign> et
                                blancherie, fole<note> Lire <hi rend="italics">folle</hi>.</note> et
                                    batentorii<note> Lire <hi rend="italics">aliorum molendinorum :
                                        molendini dicti Adroit et blancherie, fole et
                                        batentorii</hi>.</note>, in quibus <lb/> ipse Stephanus et
                                Stephanus Borrelaz habuerunt partem cum domino, non computat hic,
                                sed debent de ipsis computare dicti duo Stephani </item>
                            <item> de XXVIII sesteriis <lb/> III quartallis receptis de messe in
                                castellania Burgi, exceptis <foreign>Les Rispes</foreign>, hoc anno
                                    <add place="interlinear">ut in particulis in computo
                                    precedenti</add></item>
                            <item> de III sestariis receptis de firma molendini de Longo Campo <lb/>
                                pro parte domini hoc anno </item>
                            <item> de IIII quartallis dimidio receptis apud Longum Campum de
                                taschiis in terris seu mansis vacuis tenementariis pro parte domini
                                hoc anno </item>
                        </list></p>
                    <div type="sub">
                        <head>arreragium</head>
                        <p><list>
                                <item> de L sestariis III quartallis I cupa dimidia receptis a
                                        se<note> On écrit généralement ici <hi rend="italics"
                                            >ase</hi> pour <hi rend="italics">a se</hi>.</note> ipso
                                    de remanentia computi sui precedentis, ut patet in ipso </item>
                            </list></p>
                    </div>
                    <div>
                        <p><list>
                                <item><lb/> summa recepte siliginis : C sestaria — et remanent
                                </item>
                            </list></p>
                    </div>
                </div>
                <div xml:id="avena">
                    <head>avena</head>
                    <p><lb/> idem reddit computum <list>
                            <item> de XXXI quartallis dimidio avene receptis in dicta castellania de
                                redditu per annum </item>
                            <item> de VI quartallis receptis apud <foreign>Crespignia</foreign> et
                                apud <foreign>Montaignia</foreign><lb/> de messe hoc anno </item>
                            <item> de XI quartallis receptis apud Longum Campum de messe hoc anno
                                pro parte domini </item>
                            <item> de IIII quartallis receptis de prioratu <lb/> de Buella de garda
                                per annum </item>
                            <item> summa : LII quartalli dimidius avene </item>
                            <item> de XII sestariis I quartallo IX cupis receptis a se ipso <lb/> de
                                remanentia computi sui precedentis<note> On n’a pas jugé nécessaire
                                    la sous-rubrique <hi rend="italics"
                                >arreragium</hi>.</note></item>
                            <item> est sciendum quod quatuor quartalli faciunt sestarium </item>
                            <item><lb/> summa totius recepte avene : XXV sestaria II quartalli III
                                cupe — et remanent </item>
                        </list></p>
                </div>
                <div xml:id="panes">
                    <head>panes</head>
                    <p><lb/> idem reddit computum <list>
                            <item> de II panibus receptis de Stephano Moyroudi de
                                    <foreign>Monlaferta</foreign> de redditu per annum </item>
                            <item> de II panibus receptis a se ipso de remanentia computi sui <lb/>
                                precedentis </item>
                            <item> summa : IIII panes — et remanent </item>
                        </list></p>
                </div>
                <div xml:id="galline">
                    <head>gualline<note> On écrit ici <hi rend="italics">gualline</hi>, <hi
                                rend="italics">guallinis</hi> pour <hi rend="italics">galline</hi>,
                                <hi rend="italics">gallinis</hi>, mais aussi <hi rend="italics"
                                >galline</hi> dans la <hi rend="italics">summa</hi>, qui est donc
                            peut-être d’une autre main. De même, plus loin, on écrira <hi
                                rend="italics">guarde</hi>, <hi rend="italics">guardis</hi> pour <hi
                                rend="italics">garde</hi>, <hi rend="italics"
                        >gardis</hi>.</note></head>
                    <p><lb/> idem reddit computum <list>
                            <item> de III<hi rend="sup">C</hi> LXXIII guallinis receptis in dicta
                                castellania de redditu et consuetudine hoc anno </item>
                            <item> de III<hi rend="sup">C</hi> LXXIII guallinis receptis de <lb/> se
                                ipso de remanentia computi sui precedentis </item>
                            <item> summa: VII<hi rend="sup">C</hi> XLVI galline — et remanent
                            </item>
                        </list></p>
                </div>
                <div xml:id="cera">
                    <head>cera</head>
                    <p><lb/> idem reddit computum <list>
                            <item> de XXIIII libris cere receptis in dicta castellania de garda hoc
                                anno </item>
                            <item><del rend="overstrike">summa</del></item>
                            <item> de XXIIII libris cere receptis a se ipso <lb/> de remanentia
                                computi sui precedentis </item>
                            <item> summa : XLVIII libre cere — et remanent </item>
                        </list></p>
                </div>
                <div xml:id="fenum">
                    <head>fenum</head>
                    <p><list>
                            <item>pratorum fuit venditum in herba hoc anno ut infra</item>
                        </list></p>
                </div>
                <div xml:id="denarii">
                    <head>denarii</head>
                    <p><lb/> idem reddit computum <list>
                            <item> de LXV solidis V denariis obolo fortium receptis apud Burgum de
                                redditu per annum ut in extenta </item>
                            <item> de XXIII solidis IX denariis receptis ibidem pro eodem de empto
                                <lb/> a domino Cortesio Renaudi </item>
                            <item> de XV solidis receptis de Roleto Sterlleti de redditu per annum </item>
                            <item> de centum solidis quos debebat dictus Stephanus de redditu non
                                <lb/> computat<note type="césure"><hi rend="italics"
                                        >com<lb/>putat</hi></note> quia dominus comes molendina et
                                alias res pro quibus dictus Stephanus dictum redditum solvebat
                                rehemit ab ipso </item>
                            <item> de IIII denariis receptis de Guidone de
                                    <foreign>Sallons</foreign> pro eodem </item>
                            <item><lb/> de XII denariis receptis de Guichardo et Guillermo
                                    <foreign>Lorent</foreign> et dicto Guidone pro eodem </item>
                            <item> de II denariis receptis a Guillermo <foreign>Salamon</foreign>
                                pro eodem </item>
                            <item> de VI denariis receptis de Laurentio<note> On lit ici <hi
                                        rend="italics">laurencio</hi>, <hi rend="italics"
                                        >recognicionibus</hi>, <hi rend="italics">transeuncium</hi>,
                                    que l’on transcrit — conformément à la norme d’édition qui
                                    prévoit dans ce cas le recours à la forme classique — <hi
                                        rend="italics">laurentio</hi>, <hi rend="italics"
                                        >recognitionibus</hi>, <hi rend="italics"
                                    >transeuntium</hi>.</note><lb/> de <foreign>Beugny</foreign> de
                                redditu pro uno curtili ultra portam de <foreign>Taigneres</foreign>
                                sibi albergato </item>
                            <item> de II denariis receptis de Iohanne <foreign>Charrier</foreign> de
                                redditu pro una pecia orti sibi <lb/> albergata iuxta ortum suum
                                    <foreign>en Taigneres</foreign></item>
                            <item> de triginta solidis qui solebant percipi apud <foreign>Les
                                    Rispes</foreign> non computat ratione qua in precedenti computo
                                    <del rend="overstrike">sed</del></item>
                            <item><lb/> de IX solidis receptis de exitu mansi de
                                    <foreign>Planchimel</foreign> in quo non est tenementarius hoc
                                anno et solebant debere de redditu decem septem solidos </item>
                            <item><lb/> de XVI libris VII solidis IIII denariis receptis de redditu
                                in aliis villagiis castellanie Burgi per annum </item>
                            <item> de L solidis receptis apud Longum Campum hoc anno pro [vue 12 =
                                peau 10] parte domini de redditu, et solebant ibi percipi octo
                                libras decem novem solidos decem denarios obolum fortium, sed non
                                possunt recuperari, ut dicit, propter inopiam <lb/> agricolarum, qui
                                gravati fuerunt de guerra </item>
                            <item> de II solidis receptis apud Longum Campum de Stephano
                                    <foreign>Maillet</foreign><del rend="overstrike">qui ei</del> de
                                redditu proprio domini per annum </item>
                            <item> de II solidis receptis <lb/> ab eodem pro anno precedenti de
                                quibus non computaverat </item>
                            <item> de VI solidis receptis de liberis Reynoudeti de Sancto Andrea de
                                redditu super tenemento suo de concordia<note type="césure"><hi
                                        rend="italics">concor<lb/>dia</hi></note><lb/> facta cum eo
                                super hoc quod dominus Rodulphus de <foreign>Riorters</foreign> tunc
                                castellanus Burgi dicebat aliquas res suas cecidisse<note> On a
                                    écrit <hi rend="italics">cecidissum</hi>.</note> in commissum
                                domino </item>
                            <item> de VI denariis receptis <lb/> de Stephano Terlleti de redditu pro
                                fossatis de <foreign>Bormayel</foreign> et de
                                    <foreign>Taigneres</foreign> sibi albergatis a domino </item>
                            <item> de VII denariis obolo receptis de Guillermo
                                    <foreign>Belgarczon</foreign> de novo <lb/> redditu ut infra in
                                intragiis </item>
                            <item> summa : XXV libre III solidi X denarii fortium — verte in
                                    dorso<note> Cette mention a été ajoutée d’une encre beaucoup
                                    plus pâle.</note></item>
                        </list></p>
                </div>
                <div xml:id="recognitiones_garde_tallie_teyse">
                    <head>recognitiones <lb/> guarde <lb/> tallie <lb/> teyse</head>
                    <p><lb/> idem reddit computum <list>
                            <item> de XLIX solidis IX denariis fortium receptis de recognitionibus
                                in castellania hoc anno </item>
                            <item> de LVII solidis IX denariis receptis de guardis in dicta
                                castellania </item>
                            <item><lb/> de XXXII libris receptis de taillia in dicta castellania hoc
                                anno </item>
                            <item><lb/> de XXVIII libris XXI denariis receptis apud Burgum de teysis
                                per annum </item>
                            <item><lb/> summa : LXV libre IX solidi III denarii fortium </item>
                        </list></p>
                </div>
                <div xml:id="firme">
                    <head>firme</head>
                    <p><lb/> idem reddit computum <list>
                            <item> de LX libris fortium receptis de Hunberto<note> On écrit ici <hi
                                        rend="italics">Hunbertus</hi> pour <hi rend="italics"
                                        >Humbertus</hi>.</note> Clavelli pro firma leyde, copunagii,
                                martinagii et parvi pedagii hoc anno </item>
                            <item> de XXXIIII libris <lb/> X solidis receptis de firma furnorum
                                Burgi hoc anno </item>
                            <item> de V solidis receptis de Garnerio Francisci pro redditu furni sui
                                per annum </item>
                            <item> de XX libris receptis de firma <lb/> chacipolerie hoc anno </item>
                            <item> de XXV solidis receptis de firma cridagii hoc anno </item>
                            <item> de XXX solidis receptis de firma champerie de Ultra Velam hoc
                                anno </item>
                            <item><lb/> de V solidis receptis de firma champerie Burgi hoc anno </item>
                            <item> de XX<note> On avait d’abord écrit <hi rend="italics">XXX</hi>,
                                    mais le troisième <hi rend="italics">X</hi> a été gratté.</note>
                                solidis de firma champerie de Cra hoc anno </item>
                            <item> de VI solidis receptis <lb/> de exitu quintalis hoc anno </item>
                            <item> de VIII libris X solidis IX denariis receptis de locagio bancarum
                                macelli hoc anno </item>
                            <item><lb/> summa : VI<hi rend="sup">XX</hi> VII libre XI solidi IX
                                denarii fortium </item>
                        </list></p>
                </div>
                <div xml:id="domus_mercati">
                    <head>domus mercati</head>
                    <p><lb/> idem reddit computum <list>
                            <item> de LXIII solidis VI denariis fortium receptis de banchis
                                grossorum mercatorum vendentium pannos in domo mercati hoc anno et
                                levantur pro qualibet teysa <lb/> in festo beati Martini tres solidi
                                fortium </item>
                            <item><del rend="overstrike">de LX solidis</del></item>
                            <item> de LXX solidis X denariis obolo receptis de triginta una banchis
                                dimidia escoferiorum hoc anno et levantur<note> On a écrit <hi
                                        rend="italics">levatur</hi>, par omission du signe
                                    d’abréviation : le numéral <hi rend="italics">duo</hi> exclut
                                    normalement qu’il puisse s’agir ici d’une forme impersonnelle
                                    suivie d’un complément d’objet.</note> pro <lb/> qualibet bancha
                                duo solidi tres denarii </item>
                            <item> de IIII solidis VI denariis receptis de sex banchis <del
                                    rend="overstrike">escoferiorum</del> grolleriorum hoc anno et
                                levantur de qualibet teysa <lb/> novem denarii </item>
                            <item> de XVI solidis VI denariis receptis de banchis viginti duorum
                                sauneriorum hoc anno et capiuntur pro qualibet teysa novem denarii </item>
                            <item> de IX solidis receptis <lb/> de sex banchis oliveriorum et
                                sauneriorum hoc anno et levantur pro qualibet teysa decem octo
                                denarii — oliverius extraneus debet tres solidos, oliverius<note
                                    type="césure"><hi rend="italics">olive<lb/>rius</hi></note><lb/>
                                de villa decem octo denarios </item>
                            <item> de XLVII solidis receptis de quadraginta septem banchis
                                panateriorum hoc anno et levantur de qualibet bancha duodecim <lb/>
                                denarii </item>
                            <item> de III solidis receptis de tribus banchis cuyferiarum et levantur
                                de qualibet duodecim denarii </item>
                            <item> de II solidis receptis de duobus poteriis hoc anno <lb/> et
                                levantur de quolibet duodecim denarii </item>
                            <item> de XVI solidis VI denariis receptis de quinque banchis dimidia
                                merceriorum et levantur pro qualibet teysa tres solidi </item>
                            <item> de VI solidis IX denariis <lb/> receptis de tribus pelateriis et
                                levantur de qualibet banca duo solidi tres denarii </item>
                            <item> de II solidis III denariis receptis de banca unius parolerii hoc
                                anno </item>
                            <item> de XVIII solidis <lb/> receptis de banchis sex ferrateriorum hoc
                                anno et levantur pro qualibet bancha tres solidi </item>
                            <item> de IIII solidis VI denariis receptis de banca unius venditoris
                                <lb/> scutellarum hoc anno </item>
                            <item> de VI solidis receptis de locagio bancarum quibus venduntur vadia
                                die mercati hoc anno </item>
                            <item> de VI solidis IX denariis receptis de sex banchis vendentium
                                <lb/> coria hoc anno </item>
                            <item> de firma minuti mercati nichil quia accensatur cum leyda et
                                copunagio, sed preceptum est ne ulterius accensetur sic sed per se </item>
                            <item><lb/> summa : XIII libre XVII solidi III oboli fortium </item>
                            <item><lb/> de passonagio<note> On n’a pas jugé nécessaire d’ajouter la
                                    rubrique <hi rend="italics">passonagium</hi>, la ligne
                                    commençant au bord gauche du parchemin, sans laisser de
                                    marge.</note> nemoris <foreign>del Says</foreign> et
                                    <foreign>vavre de Corgeron</foreign> nichil hoc anno quia non
                                fuit ibi glans </item>
                        </list></p>
                </div>
                <div xml:id="pedagium">
                    <head>pedagium</head>
                    <p><lb/> idem reddit computum <list>
                            <item> de XVIII solidis fortium receptis de pedagio duodecim
                                trossellorum chevrotinorum hoc anno et levantur de quolibet
                                trossello decem octo denarii </item>
                            <item><lb/> de IX solidis receptis de pedagio trium trossellorum
                                pannorum Francie hoc anno et levantur de quolibet trossello tres
                                solidi </item>
                            <item><del rend="overstrike">de telis</del></item>
                            <item> de tela de qua levatur de chargia <lb/> seu trossello sex denarii
                                nichil hoc anno </item>
                            <item> de VI solidis receptis de pedagio merceriorum et levantur de
                                trossello tres solidi </item>
                            <item> de XV solidis receptis de pedagio sex <lb/> equorum transeuntium
                                et levantur de quolibet triginta tres denarii, deductis decem octo
                                denariis dimissis mercatoribus </item>
                            <item> de XV denariis receptis de pedagio potorum cupreorum <lb/>
                                transeuntium </item>
                            <item> de pedagio ferri et scalibis de quo levantur pro chargia sex
                                denarii, nichil hoc anno </item>
                            <item> de cera de qua levatur<hi rend="sup"/>pro chargia tres solidos
                                nichil <lb/> hoc anno </item>
                            <item> de aliis minutis que non veniunt ad pondus nichil hoc anno </item>
                            <item><lb/> summa : XLIX solidi III denarii fortium </item>
                        </list></p>
                </div>
                <div xml:id="laudes_vende">
                    <head>laudes vende</head>
                    <p><lb/> idem reddit computum <list>
                            <item> de XIII solidis IIII denariis fortium de Iohanneto Corderii pro
                                laudibus domus empte a dicto <foreign>Lo Pensars</foreign> de Burgo </item>
                            <item> de XV denariis receptis de Morello Grollerii pro <lb/> laudibus
                                orti empti de Iohanneto <foreign>Pinet</foreign></item>
                            <item> de XXV solidis receptis de Aymone de Fonte pro laudibus domus
                                empte de executoribus Guicharde de <foreign>Rost</foreign></item>
                            <item> de XLI solidis <lb/> VIII denariis receptis de Petro Ayrout pro
                                laudibus domus empte de <foreign>Flour de Boygnens</foreign></item>
                            <item><lb/> de VI solidis VIII denariis receptis de Rupho<note> Lire <hi
                                        rend="italics">Rufo</hi>.</note><foreign>Chandeler</foreign>
                                pro laudibus domus <lb/> empte de Hunberto
                                    <foreign>Geneveys</foreign></item>
                            <item> de VII denariis receptis de Iohanneta Regina de Longo Campo pro
                                laudibus unius orti </item>
                            <item> de IX denariis receptis de Guillermo Bergerii de <lb/> Longo
                                Campo pro laudibus unius orti </item>
                            <item> de XV solidis receptis de Coleto lathomo<note> Lire <hi
                                        rend="italics">latomo</hi>.</note> pro laudibus domus empte
                                de Guichardo tupinerio </item>
                            <item><lb/> summa : C IIII solidi III denarii fortium </item>
                        </list></p>
                </div>
                <div xml:id="introgia">
                    <head>introgia</head>
                    <p><lb/> idem reddit computum <list>
                            <item> de X solidis fortium receptis de <foreign>Belgarczon</foreign>
                                pro intragio incrementi parvi sibi albergati ad septem denarios
                                obolum fortium de redditu </item>
                            <item> de XXV solidis receptis <lb/> de Barberio Nurrici et Laurentio
                                pellipario pro introgio <del rend="overstrike">de</del> plastri
                                iuxta domum magistri Hugonis iuxta domum <foreign>Chavayria<note
                                        type="césure"><hi rend="italics">Mot
                                    raturé</hi>.</note></foreign> sibi albergati ad septem solidos
                                <lb/> sex denarios fortium redditus </item>
                            <item> de XX<note> On avait d’abord écrit <hi rend="italics">XXV</hi>,
                                    mais le <hi rend="italics">V</hi> a été effacé.</note> solidis
                                receptis de magistro Hugone scriptore pro intragio plastri ibidem
                                sibi albergati ad quatuor solidos fortium per annum </item>
                            <item> de XXV solidis <lb/> receptis de <foreign>La Grueta</foreign> pro
                                laudibus plastri sibi albergati ibidem ad quinque solidos fortium
                                redditus </item>
                            <item><lb/> summa : IIII libre fortium </item>
                        </list></p>
                </div>
                <div xml:id="caorsini">
                    <head>corssini<note> Lire <hi rend="italics">corsini</hi>. La rubrique exacte
                            serait d’ailleurs <hi rend="italics">corsini et
                        iudei</hi>.</note></head>
                    <p><lb/> idem reddit computum <list>
                            <item> de IIII<hi rend="sup">XX</hi> libris fortium receptis de Iacobo
                                Malabaille pro istagio suo Burgi et Castellionis hoc anno in
                                purificatione beate Marie </item>
                            <item> de iudeis <lb/> nichil quia per compositionem factam cum domino
                                de prisione sua dicuntur esse quitti de censa, sed talliam ipsorum
                                recepit Antelmus Porterii tunc castellanus <lb/> Burgi, excepto
                                Ioceto qui talliam suam solvit de mandato domini, ut dicit, domino
                                Guillermo de <foreign>Juys</foreign> quinquaginta libras viennensium
                                et domino Iocerando de <foreign>Francheleins</foreign><lb/> alias
                                quinquaginta libras viennensium </item>
                            <item> summa : IIII<hi rend="sup">XX</hi> libre fortium </item>
                        </list></p>
                </div>
                <div xml:id="iterum_fenum">
                    <head>iterum herba pratorum<note> Comprendre <hi rend="italics">iterum
                                fenum</hi>.</note></head>
                    <p><lb/> idem reddit computum <list>
                            <item> de XVII solidis VI denariis fortium receptis de herba pratorum
                                mansorum vacuorum de Longo Campo vendita hoc anno </item>
                            <item> de VII solidis VI denariis <lb/> receptis de herba prati de
                                subtus Saysiriacum et prati de Crugo vendita hoc anno </item>
                            <item> summa : XXV solidi </item>
                        </list></p>
                </div>
                <div xml:id="arreragium">
                    <head>arreragium</head>
                    <p><lb/> idem reddit computum <list>
                            <item> de III<hi rend="sup">C</hi> LV libris IX solidis XI denariis
                                obolo fortium receptis a se ipso de remanentia computi sui
                                precedentis ut patet in ipso<note> Les mots <hi rend="italics">ut
                                        patet in ipso</hi> sont d’une autre encre et
                                    vraisemblablement aussi d’une autre main.</note></item>
                        </list></p>
                </div>
                <div xml:id="bilan_recepte">
                    <p><list>
                            <item><lb/> summa tottalis<note> Lire <hi rend="italics"
                                    >totalis</hi>.</note> recepte : VI<hi rend="sup">C</hi> IIII<hi
                                    rend="sup">XX</hi> libre X solidi V denarii fortium</item>
                        </list></p>
                </div>
            </div>
            <div xml:id="expense_et_librate"/>
            <div xml:id="bilan"/>
        </body>
    </text>
</TEI>
