<?xml version="1.0" encoding="UTF-8"?>
<?xml-model href="http://www.tei-c.org/release/xml/tei/custom/schema/relaxng/tei_all.rng" type="application/xml" schematypens="http://relaxng.org/ns/structure/1.0"?><?xml-model href="http://www.tei-c.org/release/xml/tei/custom/schema/relaxng/tei_all.rng" type="application/xml"
	schematypens="http://purl.oclc.org/dsdl/schematron"?>
<TEI xmlns="http://www.tei-c.org/ns/1.0" xml:id="B7085_2">
   <teiHeader>
      <fileDesc>
         <titleStmt>
            <title>Compte de Pierre de La Balme <hi rend="italics">(dominus Petrus de Balma)</hi>,
               bailli de la Terre de Bâgé <hi rend="italics">(ballivus Baugiaci)</hi> (et châtelain
               de Bourg-en-Bresse), pour la châtellenie de Bourg-en-Bresse, du dimanche 24 juin 1296
               au samedi 8 septembre 1296 <date type="debut" from-iso="12960624" cert="high"/><date
                  type="fin" from-iso="12960908" cert="high"/></title>
            <respStmt>
               <persName><name xml:lang="fra">Pierre de la Balme</name><name xml:lang="lat">Petrus
                     de Balma</name></persName>
               <resp>Châtelain</resp>
            </respStmt>
         </titleStmt>
         <publicationStmt>
            <p>Christian Guilleré, Frédéric Chartrain et Alain Kersuzan, avec la collaboration de Nils Mantilleri, Jean-Michel Poisson, et Marianne Ronot, 
               <title>Compte de Pierre de La Balme <hi rend="italics">(dominus Petrus de Balma)</hi>,
                  bailli de la Terre de Bâgé et châtelain
                  de Bourg-en-Bresse, pour la châtellenie de Bourg-en-Bresse, du dimanche 24 juin 1296
                  au samedi 8 septembre 1296</title>,
               Lyon - Chambéry, 2013 (<title>Documents comptables des Etats de Savoie, XIIIe - XVe s.</title>)</p>
         </publicationStmt>
         <seriesStmt>
            <title>Bourg-en-Bresse</title>
         </seriesStmt>
         <sourceDesc>
            <p>Information about the source</p>
         </sourceDesc>
      </fileDesc>
   </teiHeader>
   <text>
      <body>
         <milestone n="4" unit="vue"/>
         <pb n="4"/>
         <div xml:id="prologue">
            <p><lb/> Computus domini Petri de Balma, militis, baillivi Baugiaci, a festo beati
               Iohannis <lb/> Baptiste, anno Domini M<hi rend="sup">o</hi> CC<hi rend="sup">o</hi>
               nonagesimo sexto, usque ad festum Nati¬vitatis beate Marie septenbris<note> Pour <hi
                     rend="italics">septembris</hi>.</note>, anno eodem </p>
         </div>
         <div xml:id="recepte">
            <div xml:id="cera">
               <head>cera</head>
               <p><lb/> idem reddit computum <list>
                     <item> de XXXVI libris cere receptis a se ipso de remanentia computi sui
                        precedentis</item>
                  </list></p>
            </div>
            <div xml:id="fenum">
               <head>fenum</head>
               <p><lb/><list>
                     <item> de feno prati cuiusdam mansi vacantis apud Longum Campum<note>
                           Aujourd’hui <hi rend="italics">Longchamp</hi>, c<hi rend="sup">ne</hi> de
                           Lent.</note> computat infra in dena¬riis </item>
                     <item> de feno prati <lb/> subtus Saysiriacum<note> Aujourd’hui
                           Ceyzériat.</note> non computat, quia ipsum tradidit magistro Hu¬goni ad
                        tenendum pro decem solidis <add place="interlinear">viennensium</add>
                        quolibet anno quamdiu placuerit <lb/> domino, et ipsos decem solidos debet
                        solvere in Natale Domini</item>
                  </list></p>
            </div>
            <div xml:id="forestagium">
               <head>forestagium</head>
               <p><lb/> idem reddit computum <list>
                     <item> de XXXV solidis fortium receptis de quibusdam hominibus de Lomgo<note>
                           Pour <hi rend="italics">Longo</hi>.</note> Campo pro affoyagio<note> Pour
                              <hi rend="italics">affoagio</hi>. Voir AFFOAGIUM.</note> eis concesso
                        de nemore <lb/> mortuo in bosco <foreign>dou Says</foreign><note>
                           Aujourd’hui <hi rend="italics">Le Saix</hi>, c<hi rend="sup">ne</hi> de
                           Péronnas.</note> usque ad festum beati Iohannis Baptiste
                        preteritum</item>
                  </list></p>
               <p><lb/> summa : XXXV solidi fortium — valent LXX solidos viennensium</p>
               <p><lb/><list>
                     <item> de exitu ponderis<note> Ces trois mots ont été écrits dans la marge
                           gauche</note> bladi a festo beati Urbani, anno nonagesimo sexto, usque ad
                        finem presentis computi non computat quia nichil habuit, ut dicit, <lb/> sed
                        inde debet respondere ballivus sequens, cui solvit custos dicti ponderis
                        quadraginta solidos viennensium, ut dicit idem custos</item>
                  </list></p>
            </div>
            <div xml:id="laudes_et_vende">
               <head>laudes et vende</head>
               <p><lb/> idem reddit computum <list>
                     <item> de V solidis viennensium receptis ab Aymoneto
                           <foreign>Murissont</foreign>, de <foreign>Cra</foreign><note> Aujourd’hui
                           Cras-sur-Reyssouze.</note>, pro laudibus pecie terre empte de Iohannino
                        de <foreign>Planchimel</foreign><note> Aujourd’hui <hi rend="italics"
                              >Planchemel</hi>, c<hi rend="sup">ne</hi> de Curtafond.</note><lb/>
                        pretio triginta solidorum </item>
                     <item> de VI solidis VIII denariis viennensium receptis de Guillermeto de
                           <foreign>Montatin</foreign><note> Aujourd’hui <hi rend="italics"
                              >Montatin</hi>, c<hi rend="sup">ne</hi> de Cras-sur-Reyssouze.</note>
                        pro laudibus pecie terre empte de Iohannino de
                           <lb/><foreign>Planchimel</foreign><note><hi rend="italics"
                              >plan<lb/>chimel</hi></note> et Girarda, sorore eius, pretio
                        quadraginta solidorum </item>
                     <item> de XL solidis receptis de Aymoneto de Hospitali pro laudibus domus empte
                        <lb/> a dicto <foreign>Lescossorier</foreign> pretio duodecim
                        librarum</item>
                  </list></p>
               <p><lb/> summa : LI solidi VIII denarii viennensium </p>
            </div>
            <div xml:id="banna">
               <head>banna</head>
               <p><lb/> idem reddit computum <list>
                     <item> de IIII libris viennensium receptis de filio Duchisse de Burgo quia
                        fregerat archam<note> Pour <hi rend="italics">arcam</hi>.</note> matris sue
                        et ceperat litteras <lb/> eius contra voluntatem suam </item>
                     <item> de L solidis viennensium receptis de <del rend="overstrike"
                           >Peroneto</del><add place="interlinear">Guillermo</add>, munerio Stephani
                        Terleti, pro banno adulterii </item>
                     <item> de XXX solidis viennensium <lb/> receptis de <foreign>Quollion</foreign>
                        de Sancto Andrea<note> Probablement l’actuel Saint-André-sur-Vieux-Jonc,
                           plus proche que Saint-André-le-Bouchoux.</note> quia deportavit<note>
                           Écrit <hi rend="italics">de portavit</hi>.</note> leydam </item>
                     <item> de XXX solidis viennen¬sium receptis de Stephano de Longo Campo <lb/>
                        pro saysina fracta </item>
                     <item> de XXXIII solidis vien¬nensium receptis de novem clamis per idem
                           tempus<note> Cet article a remplacé une rédaction antérieure, qui a été
                           effacée.</note></item>
                  </list></p>
               <p><lb/> summa : X libre XII solidi – deductis undecim solidis pro parte ballivi,
                  capientis duode¬cim <lb/> denariis in libra</p>
               <p><lb/> idem reddit computum <list>
                     <item> de C libris viennensium receptis de <foreign>Benion</foreign> de Ponte
                        Vallium, iudeo, quia accusabatur <del rend="overstrike">dixississe</del>
                        dixisse <lb/> cuidam puero ut <del rend="scratched">si</del> apportaret sibi
                        in die Pasche eucaristiam <del rend="overstrike">Domini</del></item>
                  </list></p>
               <p><lb/> summa : C libre viennensium </p>
            </div>
            <div xml:id="arreragium">
               <head>arreragium</head>
               <p><lb/> idem reddit computum <list>
                     <item> de XII<hi rend="sup">XX</hi> X libris VII solidis VI denariis
                        viennensium receptis a se ipso de remanentia computi sui precedentis</item>
                  </list></p>
               <p><lb/> idem</p>
               <p><lb/> idem reddit computum <list>
                     <item> de XX solidis viennensium receptis de Bernardo Vilani pro feno prati de
                        Longo Campo sibi vendito ut supra</item>
                  </list></p>
               <p><lb/> summa tocius<note> Pour <hi rend="italics">totius</hi>.</note> recepte :
                     III<hi rend="sup">C</hi> LXVIII libre XIIII denarii viennensium de quibus</p>
            </div>
         </div>
         <div xml:id="expense_et_librate">
            <p><lb/><list>
                  <item> in quadam logia facta inter duos muros castri et latrina removenda et alia
                     facienda, ut in particulis : XL solidos VIII denarios viennensium </item>
                  <item> item pro <lb/> centum et quinquaginta latis emptis ad domum ale<note> Pour
                           <hi rend="italics">hale</hi>.</note> recooperiendam : III solidos
                     viennensium </item>
                  <item> item pro una mola posita in molendino de Longo <lb/> Campo mense iulii,
                     anno nonagesimo sexto, pro medietate contingente dominum comitem : XX solidos
                     viennensium </item>
                  <item> item Iacobo Anglico, cursori <lb/> domini comitis, pro expensis suis et
                     unius palafredi quem ducebat apud Burgetum<note> Aujourd’hui Le Bourget-du-Lac
                        (Savoie).</note>, ad Eduardum<note> Édouard de Savoie, fils aîné du comte,
                        alors âgé de douze ans.</note>, cum una quadriga onerata <lb/> de roba
                     domini comitis, quam premi¬sit de Parisius mense iulii, anno eodem, quia
                     defecerat sibi pecunia, ut dicebat : VII solidos V denarios </item>
                  <item><lb/> item pro stipendiis quindecim hominum cum armis – videlicet Petri
                        <foreign>Breissant</foreign>, Peroneti <foreign>Dahuet</foreign> et dicti
                        <foreign>Lo Jay de Chasteney</foreign><note> Aujourd’hui <hi rend="italics"
                           >Châtenay</hi>, c<hi rend="sup">ne</hi> de Chanoz-Châtenay.</note>,
                     Perraudi de <lb/><foreign>Corrobert</foreign><note> Aujourd’hui <hi
                           rend="italics">Corrobert</hi>, c<hi rend="sup">ne</hi> de
                        Chanoz-Châtenay.</note>, Guillermi, filii domini Iohannis de
                        <foreign>Malmon</foreign><note> Aujourd’hui <hi rend="italics">Marmont</hi>,
                           c<hi rend="sup">ne</hi> de Saint-André-sur-Vieux-Jonc.</note>, et
                     cuiusdam scutiferi nobilis euntis cum eodem, et Guillermi, scutiferi domini
                     Henrici <lb/> de <foreign>Vernuel</foreign><note> Le fief de Verneuil se
                        trouvait dans la paroisse de Confrançon, mais il semble avoir disparu de la
                        toponymie de l’actuelle commune de Confrançon et ne figure pas non plus sur
                        la carte de Cassini.</note>, domini Poncii de Sancto Cirico<note>
                        Aujourd’hui Saint-Cyr-sur-Menthon.</note>, domini Guigonis <foreign>d’en
                        Luyat</foreign><note> Le lieu dit <hi rend="italics">en Luyat</hi>,
                        aujourd’hui disparu, se trouvait sur le territoire de Curtafond. Voir les
                        deux premiers articles Luyat dans le <hi rend="italics">Dictionnaire
                           topographique du département de l’Ain</hi> d’Édouard Philipon.</note>,
                     dicti Peilafally et filii Vilani de Sancto Iuliano<note> Aujourd’hui
                        Saint-Julien-sur-Reyssouze.</note>, Stephani <lb/> de Rubeo Monte<note>
                        Aujourd’hui <hi rend="italics">Rougemont</hi>, c<hi rend="sup">ne</hi>
                        d’Aranc ?</note>, Mathei de <foreign>Charnos</foreign><note> Aujourd’hui
                        Charnoz-sur-Ain ?</note>, filii domine de <foreign>Vial</foreign><note>
                        Aujourd’hui <hi rend="italics">Vial</hi>, c<hi rend="sup">ne</hi> de
                        Polliat.</note> et Boschardi de <foreign>Vernuel</foreign> – qui venerant ad
                     mandamentum ballivi <lb/> die iovis post festum beati Iohannis Baptiste apud
                     Burgum, quia timebatur de delphino, pro quo debebant venire apud <lb/>
                           Ambroniacum<note><hi rend="italics">am<lb/>broniacum</hi>. Aujourd’hui
                        Ambronay.</note> de mandato domini Amblardi et magistri Petri : LX solidos
                     viennensium </item>
                  <item> item libravit domino abbati Ambroniaci, ad solvendum Perreto Chatardi, cui
                     eas debebat dominus abbas, et dominus comes eas debebat solvere <lb/> de censa
                     Ambroniaci per litteram domini comitis de mandato datam mense iunii, anno
                     nonagesimo sexto, per litteram dicti domini abbatis de recepta, <lb/> quam
                     reddit : <del rend="overstrike">VI<hi rend="sup">XX</hi> libras
                        viennensium</del></item>
                  <item><del rend="overstrike">item</del><note> Le rédacteur n’avait pas respecté la
                        mise en forme usuelle des <hi rend="italics">librate</hi>, selon laquelle
                        chaque article fait l’objet d’un paragraphe distinct, même si une grande
                        partie de la ligne reste inutilisée.</note> VI<hi rend="sup">XX</hi> libras
                     viennen¬sium <lb/></item>
                  <item> item libravit domino Guidoni, capellano dicti domini abbatis, pro debito
                     ipsius abbatis de <del rend="overstrike">censa</del><note> On a omis de biffer
                        le <hi rend="italics">de</hi>.</note> Ambroniaci per eamdem litteram domini
                     comitis de mandato<note><hi rend="italics">manda<lb/>to</hi></note><lb/> et
                     litteram dictorum domini abbatis et dicti capellani<note> Lire <hi
                           rend="italics">dictorum domini abbatis et capellani</hi>.</note> de
                     recepta in parte : <del rend="overstrike">L libras X</del><note> Ici encore la
                        biffure s’explique par un souci de mise en page.</note> L libras X solidos
                     viennensium <lb/></item>
                  <item> item libravit Bertrando Maleballie, corsino de Burgo, ad opus domini
                     comitis, per confessionem ipsius : C libras viennensium <lb/></item>
                  <item> item libravit Iacobo Bocheri, familiari domini comitis, ad expensas domini
                     Ferrandi de Yspania factas apud Burgum dominica in festo <lb/> beate Marie
                     Magdalene, de mandato domini comitis, per litteram dicti Iacobi de recepta : X
                     libras XI solidos X denarios viennensium <lb/></item>
                  <item> item libravit sibi ipsi, pro viginti duobus rasis avene traditis ad
                     expensas equorum do¬mini comitis per manum Hugonis de Voyrone, <lb/> per
                     litteram ipsius domini comitis et dicti Hugonis datam in festo sancti Petri ad
                     vincula, anno nonagesimo sexto : XXXII solidos VI denarios viennensium
                     <lb/></item>
                  <item> item libravit sibi ipsi, de dono domini comitis, pro degrava-mine
                     expensarum factarum pro filiabus domini Girardi de Langes<note> Aujourd’hui <hi
                           rend="italics">Lange</hi>, c<hi rend="sup">ne</hi> de
                        Saint-Sulpice.</note> et quarumdam aliarum <lb/> expensarum et etiam salarii
                     : XL libras viennensium</item>
               </list></p>
            <p><lb/> summa totalis expense et librate : III<hi rend="sup">C</hi> XXIX libre V solidi
               V denarii viennensium</p>
         </div>
         <div xml:id="bilan">
            <p><lb/> et sic debet : XXXVIII libras XV solidos IX denarios viennensium</p>
         </div>
      </body>
   </text>
</TEI>
