<?xml version="1.0" encoding="UTF-8"?>
<?xml-model href="http://www.tei-c.org/release/xml/tei/custom/schema/relaxng/tei_all.rng" schematypens="http://relaxng.org/ns/structure/1.0"?>
<TEI xmlns:math="http://www.w3.org/1998/Math/MathML" xmlns="http://www.tei-c.org/ns/1.0"
    xmlns:xi="http://www.w3.org/2001/XInclude" xmlns:svg="http://www.w3.org/2000/svg"
    xml:id="B7082_3">
    <teiHeader>
        <fileDesc>
            <titleStmt>
                <title>Compte de Pierre de Châtillon (<hi rend="italics">Petrus de
                    Castellione</hi>), bailli de Bâgé, pour le bailliage de Bâgé ≈ prieuré de
                    Treffort, du mardi 24 juin 1292 au lundi 1er septembre 1292 <date type="debut"
                        from-iso="12920624" cert="high"/><date type="fin" from-iso="12920901"
                        cert="high"/></title>
                <respStmt>
                    <persName><name xml:lang="fra">Pierre de Châtillon</name><name xml:lang="lat"
                            >Petrus de Castellione</name></persName>
                    <resp>Châtelain</resp>
                </respStmt>
            </titleStmt>
            <publicationStmt>
                <p>Alain Kersuzan et Frédéric Chartrain, avec la collaboration de Nils Mantilleri, Jean-Michel Poisson, et Marianne Ronot, 
                    <title>Pierre de Châtillon (<hi rend="italics">Petrus de
                        Castellione</hi>), bailli de Bâgé, pour le bailliage de Bâgé ≈ prieuré de
                        Treffort, du mardi 24 juin 1292 au lundi 1er septembre 1292</title>,
                    Lyon - Chambéry, 2011 (<title>Documents comptables des Etats de Savoie, XIIIe - XVe s.</title>)</p>
            </publicationStmt>
            <seriesStmt>
                <title>Treffort</title>
            </seriesStmt>
            <sourceDesc>
                <p>Information about the source</p>
            </sourceDesc>
        </fileDesc>
    </teiHeader>
    <text>
        <body>
            <milestone n="4" unit="vue"/>
            <pb n="3"/>
            <div xml:id="prologue">
                <p><lb/><sic>Compotus</sic><note> On écrit toujours ici <hi rend="italics"
                            >compotus</hi> pour <hi rend="italics">computus</hi>.</note> domini
                    Petri de Castellione ballivi Baugiaci de exitibus <lb/> prioratus Trefforcii a
                    die festo nativitatis beati Iohannis baptiste anno Domini M<hi rend="sup"
                    >o</hi><lb/> CC<hi rend="sup">o</hi> nonagesimo secundo usque ad primam diem
                    septembris anno eodem </p>
            </div>
            <div xml:id="recepte">
                <div xml:id="frumentum">
                    <head>frumentum</head>
                    <p><lb/> idem reddit compotum <list>
                            <item> de IIII<hi rend="sup">XX</hi><foreign>quartal<note> Rien
                                        n’indique une abréviation de la terminaison : le mot paraît
                                        s’écrire en deux syllabes, <hi rend="italics">quartal</hi>.
                                        On rencontrera plus loin le pluriel <hi rend="italics"
                                            >quartauz</hi>, qui semblerait plus approprié
                                        ici.</note></foreign> frumenti receptis de firma decime
                                dicti <lb/> loci accensata pro tanto eodem anno </item>
                            <item> de XXX <foreign>quartal</foreign> frumenti receptis de firma
                                <lb/> decime de <foreign>Romanachy</foreign></item>
                            <item><lb/> summa : C X <foreign>quartal</foreign> frumenti </item>
                            <item> de <lb/> quibus subtrahuntur V <foreign>quartal</foreign> pro
                                ovalia </item>
                            <item> item libravit Girardo Guioti <lb/> magistro operum domini comitis
                                in castro Trefforcii per tria paria litterarum <lb/> dicti magistri
                                de recepta quas<note> L’antécédent est <hi rend="italics"
                                        >litterarum</hi>.</note> reddit : XLVI
                                    <foreign>quartal</foreign> frumenti </item>
                            <item><lb/> idem libravit domino Iohanni de Sancto Albano mandato domini
                                et debet <lb/> reddere<note type="césure"><hi rend="italics"
                                        >red<lb/>dere</hi></note> litteram domini Iohannis predicti
                                de recepta : XXX <foreign>quartauz</foreign> frumenti </item>
                            <item><lb/> summa librate : IIII<hi rend="sup">XX</hi> I
                                    <foreign>quartauz</foreign></item>
                            <item> et sic <lb/> restant quod debet : XXIX
                                    <foreign>quartauz</foreign> frumenti — venduntur ut infra
                            </item>
                        </list></p>
                </div>
                <div xml:id="siligo">
                    <head>syligo</head>
                    <p><lb/> idem reddit compotum <list>
                            <item> de XX <foreign>quartauz</foreign><sic>syliginis</sic><note> On
                                    écrit toujours ici <hi rend="italics">syligo</hi>, <hi
                                        rend="italics">syliginis</hi> pour <hi rend="italics"
                                        >siligo</hi>, <hi rend="italics">siliginis.</hi></note>
                                receptis de firma decime <lb/> de <foreign>Bou</foreign> hoc anno </item>
                            <item> summa : XX <foreign>quartauz</foreign> syliginis </item>
                            <item> de quibus <lb/> subtrahuntur pro ovalia : V
                                    <foreign>quartauz</foreign></item>
                            <item> et sic <lb/> restant quod debet : XV
                                <foreign>quartauz</foreign><lb/> quos libravit predicto Girardo per
                                litteram ipsius de recepta et sic eque </item>
                        </list></p>
                </div>
                <div xml:id="avena">
                    <head>avena</head>
                    <p><lb/> idem reddit compotum <list>
                            <item> de IIII<hi rend="sup">XX</hi><foreign>quartauz</foreign> avene
                                receptis de firma decime <lb/> Trefforcii hoc anno </item>
                            <item> de XXX <foreign>quartauz</foreign> avene receptis de firma decime
                                <lb/> de <foreign>Romaneschy</foreign> hoc anno </item>
                            <item> de XV <foreign>quartauz</foreign> avene receptis de firma <lb/>
                                decime de <foreign>Bou</foreign> hoc anno </item>
                            <item><lb/> summa : VI<hi rend="sup">XX</hi> V
                                    <foreign>quartauz</foreign> avene </item>
                            <item> de <lb/> quibus subtrahuntur pro ovalia : XV
                                    <foreign>quartauz</foreign></item>
                            <item> idem libravit <lb/> predicto magistro Girardo per litteram ipsius
                                de recepta quam reddit : XV <foreign>quartauz</foreign><lb/> et
                                dimidium </item>
                            <item> idem libravit ad expensas equorum domini per litteram domini
                                <lb/> de recepta : XI <foreign>quartauz</foreign> et dimidium avene
                                — XVI <foreign>quartauz</foreign><lb/> et II cupas avene </item>
                            <item><lb/> summa librate : LVIII <foreign>quartauz</foreign> avene </item>
                            <item> et <lb/> sic restant quod debet : LXVII
                                    <foreign>quartauz</foreign> avene — venduntur ut infra </item>
                        </list></p>
                </div>
                <div xml:id="venditiones">
                    <head>venditiones</head>
                    <p><lb/> idem reddit compotum <list>
                            <item> de X libris III solidis <sic>viannensium</sic><note> On écrit
                                    toujours ici <hi rend="italics">viannensium</hi> pour <hi
                                        rend="italics">viennensium</hi>, comme <hi rend="italics"
                                        >indampnem</hi> pour <hi rend="italics"
                                    >indempnem</hi>.</note> receptis de <sic>vinginti</sic><note>
                                    Lire <hi rend="italics">viginti</hi>.</note> novem
                                    <lb/><foreign>quartauz</foreign> frumenti ad mensuram Burgi
                                venditis ut supra quolibet <foreign>quartal</foreign> septem solidis </item>
                            <item><lb/> de XIII libris VIII solidis receptis de sexaginta septem
                                    <foreign>quartauz</foreign> avene venditis ut supra </item>
                            <item><lb/> summa venditionum : XXIII lb. XII s. vian. </item>
                        </list></p>
                </div>
                <div xml:id="arreragium">
                    <head>arreragium</head>
                    <p><lb/> idem reddit compotum <list>
                            <item> de IIII<hi rend="sup">XX</hi> V libris XV solidis X denariis quos
                                debebat de <lb/> remanentia<note> On lit ici <hi rend="italics"
                                        >remanencia</hi>, <hi rend="italics">tocius</hi>, que l’on
                                    transcrit – selon la convention d’édition prescrivant l’usage
                                    général de la graphie classique<hi rend="italics"> –
                                        remanentia</hi>,<hi rend="italics"> totius</hi>.</note> sui
                                compoti precedentis </item>
                        </list></p>
                </div>
                <div xml:id="bilan_recepte">
                    <p><list>
                            <item><lb/> summa totius recepte cum arreragio : C<sic>VIIII</sic><note>
                                    Le dernier chiffre est un ajout.</note> lb. VI s. X d. vian.
                                    <lb/><sic>de quibus — de quibus</sic></item>
                        </list></p>
                </div>
            </div>
            <div xml:id="expense_et_librate">
                <p><list>
                        <item><lb/> idem predicto magistro Girardo per litteram ipsius de recepta
                            quam reddit : VII libras </item>
                        <item><lb/> idem Perroneto de Sala mandato domini in manu cuius se
                            obligaverant <lb/> fideiussores pro Hugone <foreign>Libar</foreign>
                            mandato qui ipsum promiserat servare <sic>in <lb/> dampnem</sic><note>
                                Lire <hi rend="italics">indampnem</hi>, pour <hi rend="italics"
                                    >indemnem</hi>.</note> : X libras </item>
                        <item> idem libravit ad expensas <lb/> sexaginta quinque equorum domini per
                            unam noctem <sic>aput</sic><note> Lire <hi rend="italics">apud</hi>. On
                                a apparemment omis le nom de la localité, la moins improbable étant
                                Bourg-en-Bresse.</note> per litteram <lb/> domini de testimonio quam
                            reddit : XVI solidos III denarios </item>
                        <item><lb/> item in <sic>factora</sic><note> Lire <hi rend="italics"
                                    >factura</hi>.</note> et cultura vinearum prioratus : VI libras
                            V solidos viannensium </item>
                        <item><lb/> idem libravit preposito de <foreign>Ambronay</foreign> et
                            Alberto de <foreign>Ambronay</foreign> mandato <lb/> domini et debet
                            reddere litteram de recepta : VII libras III solidos </item>
                        <item><lb/> summa missionum et librate : XXXI lb. IIII s. III d. </item>
                    </list></p>
            </div>
            <div xml:id="bilan">
                <p><list>
                        <item> et <lb/> sic debet : LXXVIII libras II solidos VII denarios
                                <sic>vide</sic><note> On attendrait, comme précédemment, <hi
                                    rend="italics">viann. </hi>pour <hi rend="italics"
                                    >viannensium</hi>.</note> — de <lb/> quibus respondet in compoto
                            ballivie</item>
                    </list></p>
            </div>
        </body>
    </text>
</TEI>
