<?xml version="1.0" encoding="UTF-8"?>
<?oxygen RNGSchema="http://www.tei-c.org/release/xml/tei/custom/schema/relaxng/tei_all.rng" type="xml"?>
<TEI xmlns="http://www.tei-c.org/ns/1.0" xml:id="B7081_1">
    <teiHeader>
        <fileDesc>
            <titleStmt>
                <title>Compte d'Olivier de Payerne (<hi rend="italics">Oliverius de
                    Paterniaco</hi>), châtelain, pour la châtellenie de Bourg-en-Bresse et la
                    châtellenie de Châtillon-sur-Chalaronne, du jeudi 3 août 1284 au dimanche 11
                    février 1285 (nouveau style) <date type="debut" from-iso="12840803" cert="high"
                        /><date type="fin" from-iso="12850211" cert="high"/></title>
                <respStmt>
                    <persName><name xml:lang="fra">Olivier de Payerne</name><name xml:lang="lat"
                            >Oliverius de Paterniaco</name></persName>
                    <resp>Châtelain</resp>
                </respStmt>
            </titleStmt>
            <publicationStmt>
                <p>Christian Guilleré, Frédéric Chartrain et Alain Kersuzan, avec la collaboration de Nils Mantilleri, Jean-Michel Poisson, et Marianne Ronot, 
                    <title>Compte d'Olivier de Payerne (<hi rend="italics">Oliverius de
                        Paterniaco</hi>), châtelain, pour la châtellenie de Bourg-en-Bresse et la
                        châtellenie de Châtillon-sur-Chalaronne, du jeudi 3 août 1284 au dimanche 11
                        février 1285 (nouveau style)</title>,
                    Lyon - Chambéry, 2011 (<title>Documents comptables des Etats de Savoie, XIIIe - XVe s.</title>)</p>
            </publicationStmt>
            <seriesStmt>
                <title>Bourg-en-Bresse</title>
                <title>Châtillon-sur-Chalaronne</title>
            </seriesStmt>
            <sourceDesc>
                <p>Information about the source</p>
            </sourceDesc>
        </fileDesc>
    </teiHeader>
    <text>
        <body>
            <milestone n="2" unit="vue"/>
            <pb n="1"/>
            <div xml:id="prologue">
                <p><lb/> Computus Oliverii de Paterniaco castellani Burgi in Brissia de bannis
                    clamis et eschetis <lb/> dicti loci a III<hi rend="sup">o</hi> nonas augusti
                    anno Domini M<hi rend="sup">o</hi> CC<hi rend="sup">o</hi> LXXXIIII<hi
                        rend="sup">o</hi> usque ad dominicam de bordis<note> On lit ici <hi
                            rend="italics">debordis</hi>, <hi rend="italics">inferratura</hi>, etc.,
                        pour <hi rend="italics">de bordis</hi>, <hi rend="italics">in
                        ferratura</hi>, etc., mais, à l’inverse, <hi rend="italics">de albandis</hi>
                        pour <hi rend="italics">dealbandis</hi>.</note> que fuit III<hi rend="sup"
                        >o</hi> idus februarii anno eodem<note> Le dimanche 11 février 1285 (nouveau
                        style).</note> videlicet de <del>XXVII edomadis</del><lb/> viginti septem
                    edomadis </p>
            </div>
            <div xml:id="recepte">
                <div xml:id="banna">
                    <head>banna</head>
                    <p><lb/> idem reddit computum <list>
                            <item> de X solidis fortium<note> On lit ici <hi rend="italics"
                                        >forcium</hi>, <hi rend="italics">precio</hi>, <hi
                                        rend="italics">laurencio</hi>, <hi rend="italics"
                                        >apercione</hi>, <hi rend="italics">tocius</hi>, <hi
                                        rend="italics">negociis</hi>, <hi rend="italics"
                                        >convencionem</hi>, <hi rend="italics">purificacione</hi>,
                                        <hi rend="italics">degravacione</hi>, que l’on transcrit –
                                    selon la convention d’édition prescrivant l’usage général de la
                                    graphie classique – <hi rend="italics">fortium</hi>, <hi
                                        rend="italics">pretio</hi>, <hi rend="italics"
                                        >Laurentio</hi>, <hi rend="italics">apertione</hi>, <hi
                                        rend="italics">totius</hi>, <hi rend="italics"
                                    >negotiis</hi>, <hi rend="italics">conventionem</hi>, <hi
                                        rend="italics">purificatione</hi>, <hi rend="italics"
                                        >degravatione</hi>.</note> receptis de Sellario pro banno
                                adulterii </item>
                            <item> de XXX solidis receptis de Ponceto <foreign>Robat</foreign> et
                                consortibus pro quadam vaca <lb/> quam invenerunt et vendiderunt </item>
                            <item> de XX solidis receptis de Stephano de Molendino pro eo quod
                                ceperat equas Ruffi de <foreign>Chales</foreign> tempore treuge </item>
                            <item><lb/> de XXX solidis fortium receptis de Guillermo de
                                    <foreign>Montriort</foreign> pro querqubus cisis<note> Lire <hi
                                        rend="italics">quercubus scisis</hi>.</note> in nemore de
                                Saxo </item>
                            <item> de V solidis fortium receptis a testore de
                                    <lb/><foreign>Chagnie</foreign><note><hi rend="italics"
                                        >cha<lb/>gnie</hi></note> quia emit filum furatum </item>
                            <item> de X solidis receptis de Hugone Pinardi pro falsa mensura </item>
                            <item> de XV solidis receptis de medico de Ala pro eadem <lb/> mensura </item>
                            <item> de IX solidis <add place="interlinear">VI denariis</add> receptis
                                de quadam muliere fure que capta fuit </item>
                            <item> de XX solidis receptis de Hugone de Foresta pro archa aliena quam
                                        reseravit<note><hi rend="italics"
                                >resera<lb/>vit</hi></note></item>
                            <item> de X solidis receptis de Petro lathomo<note> Lire <hi
                                        rend="italics">latomo</hi>.</note> pro salice cisa<note>
                                    Lire <hi rend="italics">scisa</hi>.</note></item>
                            <item> de X solidis receptis de <sic>Petro Petro</sic> pellepario<note>
                                    Lire <hi rend="italics">pellipario</hi>.</note> pro eo quod
                                filii sui<note> On avait d’abord écrit <hi rend="italics">filio
                                        suo</hi> et les deux mots sont raturés.</note> ceperunt apes
                                <lb/> in nemore </item>
                            <item> de V solidis receptis de Guillermo Salato quia cepit epitogium
                                capellani <foreign>d’Etres</foreign><note> On écrit <hi
                                        rend="italics">detres</hi>. On attendrait <hi rend="italics"
                                        >destres</hi>.</note> super lectum cuiusdam imfirmi<note>
                                    Lire <hi rend="italics">infirmi</hi>.</note></item>
                            <item> de VII solidis VI denariis <lb/> receptis de Iohannino
                                    <foreign>Chat</foreign> Veriaci pro banno sanguinis </item>
                            <item> de V solidis fortium receptis de quadam muliere de
                                Montefirmitatis pro forficibus furatis </item>
                            <item> de X [solidis] fortium receptis de Guichardo Monnerii pro banno
                                adulterii </item>
                            <item> de III solidis fortium receptis de filia
                                    <foreign>Cabuchet</foreign> quia furavit caseos </item>
                            <item> de <lb/> V solidis fortium quia vendidit<note> Il semble que l’on
                                    ait omis de nommer le sujet de <hi rend="italics"
                                    >vendidit</hi>.</note> carnes corruptas </item>
                            <item><lb/> summa : X lb. V s. fort. </item>
                        </list></p>
                </div>
                <div xml:id="clame">
                    <head>clame</head>
                    <p><lb/> idem reddit computum <list>
                            <item> de XVIII denariis <foreign>fors</foreign> receptis de
                                    <foreign>Filant</foreign> pro clama </item>
                            <item> de XVIII denariis receptis de Stephano pro eodem </item>
                            <item> de IIII solidis receptis de <lb/> Paisano et Ebrardo pro eodem </item>
                            <item> de III solidis receptis de Guichardo <foreign>Tupiner</foreign>
                                pro eodem </item>
                            <item> de XVIII denariis receptis de Christoforo pro eodem </item>
                            <item><lb/> de III solidis receptis de Guillermo
                                    <foreign>Proloter</foreign> pro eodem </item>
                            <item> de XVIII denariis receptis de Iohanne <foreign>Garser</foreign>
                                pro eodem </item>
                            <item> de XVIII denariis receptis de <supplied
                                    reason="support endommagé">quodam [mercerio]</supplied><lb/>
                                extraneo pro eodem </item>
                            <item> de II solidis VI denariis receptis de Andrea Francisco pro eodem </item>
                            <item> de VI solidis fortium receptis de Andrea de La Cra<note> On écrit
                                        <hi rend="italics">lacra</hi>.</note> pro eodem </item>
                            <item><supplied reason="support endommagé">[de VI]</supplied><lb/>
                                solidis receptis de preposito Templi pro eodem </item>
                            <item> de III solidis receptis de Peroneto monnerio pro eodem </item>
                            <item> de II solidis VI denariis receptis de <supplied
                                    reason="support endommagé">Anthoni[a de
                                Molendino]</supplied><lb/> pro eodem </item>
                            <item> de XVIII denariis receptis de Iohanne de Monfalconeti<note> On
                                    attendrait <hi rend="italics">de monfalconeto</hi>.</note> pro
                                eodem </item>
                            <item> de XVIII denariis receptis de filio Caroli de <foreign>Verzio
                                </foreign>pro eodem </item>
                            <item><supplied reason="support endommagé">de […]</supplied> receptis de
                                duobus escoferiis de <foreign>Lenz</foreign> pro eodem </item>
                            <item> de XVIII denariis receptis de <foreign>Adroit</foreign> pro eodem </item>
                            <item> de III solidis receptis de Andrea <foreign>Pigna</foreign> pro
                                eodem </item>
                            <item><lb/> de III solidis receptis de Peroneto de Tremblei pro eodem </item>
                            <item> de XVIII denariis receptis de Amirando pro eodem </item>
                            <item> de III solidis receptis de Peroneto <supplied
                                    reason="support endommagé"
                                            ><foreign>[Mange]tam</foreign><note><hi rend="italics">
                                            [mange]<lb/>tam</hi></note></supplied></item>
                            <item><lb/> de XVIII denariis receptis de Perrussello pro eodem </item>
                            <item> de III solidis receptis de villana domini Iohannis de
                                    <foreign>Genos</foreign></item>
                            <item><lb/> summa : LXIII s. fort. </item>
                        </list></p>
                </div>
                <div xml:id="inventa">
                    <head>inventa<note> On avait d’abord écrit <hi rend="italics">in venda</hi>, et
                            le mot est raturé.</note></head>
                    <p><lb/> idem reddit computum <list>
                            <item> de II solidis receptis de quodam parvo porco invento </item>
                            <item> de III solidis receptis de quodam alio porco invento </item>
                            <item> de VI solidis <lb/> fortium receptis de Revolla pro quodam alio
                                porco <lb/> summa : XI s. fort. </item>
                        </list></p>
                </div>
                <div xml:id="laudes_et_vende">
                    <head>laudes et vende<note> On a écrit <hi rend="italics"
                        >vede</hi>.</note></head>
                    <p><lb/> idem reddit computum <list>
                            <item> de XXIII solidis IIII denariis receptis de Petro <foreign>Lo
                                    Sisolo</foreign> pro domo empta a liberis Simonis pelleparii
                                pretio septem<note> On avait d’abord écrit <hi rend="italics"
                                        >sex</hi>, et le mot est raturé.</note> librarum </item>
                            <item><lb/> de VI solidis VIII denariis receptis de Laurentio
                                carpentario pro curtili empto a Matheo Meigneti pretio quadraginta
                                solidorum </item>
                            <item> de XXI <lb/> solidis VIII denariis receptis de
                                    <foreign>Piliaton</foreign> pro domo empta a Petro de
                                    <foreign>Cortalenges</foreign> pretio sex librarum decem
                                solidorum </item>
                            <item> de XXV solidis III denariis receptis de Christineto
                                    <lb/><foreign>Badel</foreign> pro domo empta<note> On avait
                                    d’abord écrit <hi rend="italics">empto</hi>, et le mot est
                                    raturé.</note> ab Humberto <foreign>Giro</foreign> pretio septem
                                librarum quitarum </item>
                            <item> de XLVI solidis <del rend="overstrike">receptis</del> VIII
                                denariis receptis de Iohanne celerario pro domo <lb/> empta a
                                Iohanne <foreign>Clavel</foreign> pretio quatuordecim librarum </item>
                            <item><lb/> summa: VI lb. III s. VII d. fort. </item>
                        </list></p>
                </div>
                <div xml:id="sigillum_apud_Burgum">
                    <head>sigillum apud Burgum<note><hi rend="italics">sigillum apud <lb/>
                                Burgum</hi></note></head>
                    <p><lb/> idem reddit computum <list>
                            <item> de L solidis receptis de apertione testamenti
                                    <foreign>Joceran</foreign> Celerarii </item>
                            <item> de XX solidis receptis ab executoribus Vollermi
                                    <foreign>Frossar</foreign> pro apertione <lb/> testamenti sui </item>
                            <item> de XV solidis receptis pro apertione testamenti domine<note> On
                                    avait écrit <hi rend="italics">domini</hi>, et le mot paraît
                                    raturé, maladroitement : <hi rend="italics">cf. domini
                                        Humberti</hi>, à la ligne suivante.</note> Giliete de Monte
                                Gilberto </item>
                            <item> de XV solidis receptis de apertione testamenti <lb/> Guillermi de
                                La Cra de Burgo </item>
                            <item> de X solidis receptis pro apertione testamenti domini Humberti de
                                    <foreign>Mal Jornan</foreign></item>
                            <item> de IIII libris V solidis VIII denariis <lb/> receptis de exitu
                                minuti sigilli per dictum tempus </item>
                            <item><lb/> summa : IX lb. XV s. VIII d. fort. </item>
                        </list></p>
                </div>
                <div xml:id="sigillum_apud_Castellionem">
                    <head>exitus eiusdem sigilli apud Castellionem<note><hi rend="italics">exitus
                                eiusdem sigilli <lb/> apud Castellionem</hi></note></head>
                    <p><lb/> idem reddit computum <list>
                            <item> de LXXVII solidis V denariis obolo fortium receptis de exitu tam
                                grossi quam minuti sigilli apud Castellionem per dictum tempus </item>
                            <item><lb/> summa eadem : LXXVII s. V d. ob. fort. </item>
                        </list></p>
                </div>
                <div xml:id="bilan_recepte">
                    <p><list>
                            <item><lb/> summa totius recepte : XXXIII lb. XV s. VIII d. ob. <del
                                    rend="underlined_dotted">ob.</del> fort. de quibus </item>
                        </list></p>
                </div>
            </div>
            <div xml:id="expense_et_librate">
                <p><list>
                        <item><lb/> in turre et domibus castri Burgi recoperiendis et tegulis ad
                            idem et dicta turre et camera inferiori dealbandis<note> On avait
                                d’abord écrit <hi rend="italics">dealbanda</hi>, et le mot est
                                raturé.</note> et calce ad idem : <lb/> XXXV solidos II denarios
                                <add place="interlinear">viennensium</add></item>
                        <item> in quadam fenestra facta iuxta caminatam camere inferioris et uno
                            hostio facto post primam portam : XXXIII solidos <lb/> VI denarios
                            viennensium </item>
                        <item> in ferratura dicte fenestre et ferramentis quatuor hostiorum : XX
                            solidos viennensium </item>
                        <item> in quadam camera facta subtus <lb/> eschelerium inferioris camere et
                            quodam soturno facto subtus granerium et duobus paliciis de novo factis
                            retro turrim <lb/> ut in particulis : L solidos II denarios </item>
                        <item> in una comca<note> Lire <hi rend="italics">conca</hi>.</note> de
                                cuprea<note> Lire <hi rend="italics">de cupro</hi>, ou <hi
                                    rend="italics">cuprea</hi>.</note> et quadam patella frixoria
                            domini de cupro aptandis : VIII solidos viennensium </item>
                        <item><lb/> in quodam aque ductu facto in coquina : VI solidos </item>
                        <item> in expensis penduti capti apud <foreign>Jasseron</foreign> et
                            restituti de mandato domini Stephano de <lb/> Cologniaco : XV solidos </item>
                        <item> in expensis cuiusdam capellani furis capti ducti et redditi curie
                                Lugdunensi<note> On a écrit <hi rend="italics"
                                >ludunensi</hi>.</note> : V solidos VII denarios <add
                                place="interlinear">viennensium</add></item>
                        <item> in expensis <lb/> quorumdam nunciorum missorum pro negotiis domini
                            per dictum tempus : XIII solidos II denarios </item>
                        <item> in expensis Hugonis de <foreign>Merauges</foreign><note> Aujourd’hui
                                    <hi rend="italics">Mérèges</hi>, cne de
                                Saint-Didier-sur-Chalaronne, dénommé <hi rend="italics">villa
                                    Meralgus</hi> dans un acte clunisien du x<hi rend="sup">e</hi>
                                siècle.</note> quem secum duxit pluries <lb/> apud Castellionem pro
                            iudice ad plures assisias : XLVII solidos viennensium </item>
                        <item> in expensis quorumdam militum et plurium aliorum quos secum duxit
                            <lb/> pluries apud Masticonem pro diversis negotiis : LIII solidos
                            viennensium </item>
                        <item> in stipendiis ipsius castellani capientis per annum triginta libras
                            <lb/> viennensium pro se et una gaitia et una bayeta<note> On a écrit
                                    <hi rend="italics">baeyta</hi>.</note> tempore guerre per
                            conventionem factam cum eo pro viginti sex septimanas finitas<note> Lire
                                    <hi rend="italics">pro viginti sex septimanis
                                finitis</hi>.</note><lb/> in purificatione beate Marie anno
                                LXXXIIII<hi rend="sup">o</hi> : XV libras viennensium </item>
                        <item><lb/> summa : XXIX lb. VI s. VII d. vien. </item>
                        <item><lb/> idem libravit sibi ipsi quas sibi debebat<note> On a écrit <hi
                                    rend="italics">debat</hi>.</note><hi rend="sup"/>dominus comes
                            pro degravatione victualium suarum venditarum infra villam Paterniaci
                            durante <lb/> exercitu regis Alemanie<note> Il s’agit ici du siège de
                                Payerne par Rodolphe de Habsbourg en 1283.</note> minus quam alii
                            burgenses dicti loci victualia sua vendebant per litteras domini de
                            debito quas reddit : <lb/> XL libras viennensium </item>
                        <item> idem libravit ad expensas Durandi et Petri<note> On écrit seulement
                                    <hi rend="italics">p</hi>.</note> de Fossiaco audientium
                            presentem computum : XX solidos viennensium </item>
                        <item><lb/> summa : XLI lb. vien. </item>
                        <item><lb/> summa expense salarii et librate : LXX lb. VI s. VII d. vien.
                        </item>
                    </list></p>
            </div>
            <div xml:id="bilan">
                <p><list>
                        <item> et sic <lb/> computatis<note> On attendrait <hi rend="italics"
                                    >computato</hi>.</note> uno forti pro duobus viennensibus
                            debentur ei : LV solidos II denarios viennensium</item>
                    </list></p>
            </div>
        </body>
    </text>
</TEI>
