<?xml version="1.0" encoding="UTF-8"?>
<?oxygen RNGSchema="http://www.tei-c.org/release/xml/tei/custom/schema/relaxng/tei_all.rng" type="xml"?>
<TEI xmlns="http://www.tei-c.org/ns/1.0" xml:id="B7081_6">
    <teiHeader>
        <fileDesc>
            <titleStmt>
                <title>Compte de Rodolphe de Riottiers (<hi rend="italics">Rodulphus de
                        Riorters</hi>), châtelain, pour la châtellenie de Bourg-en-Bresse, du 1er
                    mai 1287 au 6 janvier 1288 (nouveau style) <date type="debut"
                        from-iso="12870501" cert="high"/><date type="fin" from-iso="12880106"
                        cert="high"/></title>
                <respStmt>
                    <persName><name xml:lang="fra">Rodolphe de Riottiers</name><name xml:lang="lat"
                            >Rodulphus de Riorters</name></persName>
                    <resp>Châtelain</resp>
                </respStmt>
            </titleStmt>
            <publicationStmt>
                <p>Christian Guilleré, Frédéric Chartrain et Alain Kersuzan, avec la collaboration de Nils Mantilleri, Jean-Michel Poisson, et Marianne Ronot, 
                    <title>Compte de Rodolphe de Riottiers (<hi rend="italics">Rodulphus de
                        Riorters</hi>), châtelain, pour la châtellenie de Bourg-en-Bresse, du 1er
                        mai 1287 au 6 janvier 1288 (nouveau style)</title>,
                    Lyon - Chambéry, 2012 (<title>Documents comptables des Etats de Savoie, XIIIe - XVe s.</title>)</p>
            </publicationStmt>
            <seriesStmt>
                <title>Bourg-en-Bresse</title>
            </seriesStmt>
            <sourceDesc>
                <p>Information about the source</p>
            </sourceDesc>
        </fileDesc>
    </teiHeader>
    <text>
        <body>
            <milestone n="8" unit="vue"/>
            <pb n="6"/>
            <div xml:id="prologue">
                <p><lb/> Computus<note> Ce compte a été numéroté <hi rend="italics">VIII</hi> en
                        tête.</note> domini Rodulphi de <foreign>Riorters</foreign> militis
                    castellani de Burgo a prima die <lb/> madii anno Domini M<hi rend="sup">o</hi>
                        CC<hi rend="sup">o</hi> octogesimo septimo usque ad epiphaniam Domini anno
                    eodem videlicet pro triginta quinque edomadis quatuor diebus </p>
            </div>
            <div xml:id="recepte">
                <div xml:id="banna">
                    <head>banna</head>
                    <p><lb/> idem reddit computum <list>
                            <item> de VII solidis VI denariis fortium<note> On lit ici <hi
                                        rend="italics">forcium</hi>, <hi rend="italics"
                                        >negociis</hi>, <hi rend="italics">custodiencium</hi>, <hi
                                        rend="italics">tercia</hi>, que l’on transcrit – suivant la
                                    convention générale d’édition qui prescrit dans ce cas l’usage
                                    des formes classiques – <hi rend="italics">fortium</hi>, <hi
                                        rend="italics">negotiis</hi>, <hi rend="italics"
                                        >custodientium</hi>, <hi rend="italics">tertia</hi>.</note>
                                receptis de Aymone dicto <foreign>Collyon</foreign><note> Le nom et
                                    le surnom paraissent avoir remplacé une rédaction antérieure
                                    après effacement.</note> pro eo quod fecerat sanguinem cuidam
                                alteri </item>
                            <item> de V solidis receptis <lb/> de Stephano de
                                    <foreign>Cortrablyn</foreign> pro eodem </item>
                            <item> de V solidis receptis a dicto <foreign>Fariot</foreign> pro
                                quadam recossa </item>
                            <item> de V solidis receptis de Stephano <foreign>Torner</foreign> pro
                                eo quod tornaverat <lb/> quamdam viam publicam. </item>
                            <item> de L solidis receptis a Guichardo Mugnerii pro eo quod filius
                                eius receptaverat malefactores domini <lb/> comitis </item>
                            <item> de XX solidis receptis a Martino genero Iohannis de Sura ex eo
                                quod verberaverat duas mulieres. </item>
                            <item> de XXX solidis receptis a Agyno <lb/> iudeo<note type="césure"
                                        ><hi rend="italics">iu<lb/>deo</hi></note> ex eo quod die
                                mercati non solverat copunagium consuetum </item>
                            <item> de XII solidis VI denariis receptis a dicto <foreign>Pechet de
                                    Brou</foreign> pro eo quod fecerat <lb/> sanguinem<note
                                    type="césure"><hi rend="italics">san<lb/>guinem</hi></note>
                                cuidam garcioni </item>
                            <item> de XX solidis receptis a bastardo capellani de Sancto Desiderio
                                    <foreign>d’Aucya</foreign><note> On a écrit <hi rend="italics"
                                        >daucya</hi>.</note> pro eo quod non solverat coponagium ut
                                debebat </item>
                            <item><lb/> de XXX solidis receptis a quodam de Trefforcio pro eo quod
                                non solverat leydam ut debebat </item>
                            <item> de XX solidis receptis a dicto <foreign>Gaudel</foreign> pro eo
                                quod actoritate<note> Lire <hi rend="italics"
                                    >auctoritate</hi>.</note><lb/> sua occupaverat mansum unum
                                tailliabilem domino comiti </item>
                            <item> de XV solidis receptis a dicto <foreign>Follyet</foreign> pro
                                banno unius recosse </item>
                            <item> de XXV solidis receptis <lb/> de Guichardo de
                                    <foreign>Vurpilleres</foreign> pro banno sanguinis </item>
                            <item><lb/> de XXX solidis receptis de Guichardo Panerii pro banno
                                sanguinis </item>
                            <item> de XX solidis receptis <lb/> de Guillermeto de Sancto Germano pro
                                eodem banno sanguinis </item>
                            <item> de LX solidis receptis a dicto
                                    <foreign>Putayssars</foreign><note> On écrit régulièrement ici
                                        <hi rend="italics">put ayssars</hi>.</note> pro eodem
                                    quod<note> Lire <hi rend="italics">pro eo quod</hi>.</note>
                                permisit abire quandam<note> On écrit ici <hi rend="italics">quandam
                                        pour quamdam</hi>.</note><lb/> mulierem<note type="césure"
                                        ><hi rend="italics">mu<lb/>lierem</hi></note> que sibi
                                fuerat tradita per castellanum in garda </item>
                            <item> de XXX solidis receptis a quodam homine dicti
                                    <foreign>Pouget</foreign> pro eo quod receptaverat
                                    malefactores<note type="césure"><hi rend="italics"
                                        >malefacto<lb/>res</hi></note><lb/> domini </item>
                            <item> de XL solidis receptis de Petro de <foreign>Anonay</foreign> pro
                                eo quod vendebat vinum quandoque<note> Le mot est raturé, mais il
                                    paraît improbable que la rédaction antérieure soit <hi
                                        rend="italics">pro</hi>.</note><sic>eo quod</sic><note> Les
                                    mots <hi rend="italics">eo quod</hi> semblent ici une
                                    étourderie.</note> non fuerat preconizatum </item>
                            <item> de III solidis receptis a <lb/> Matheo<note type="césure"><hi
                                        rend="italics">ma<lb/>theo</hi></note><foreign>Lo
                                    Clop</foreign> pro eo quod non manifestaverat quandam
                                    besagua<note> Arme ou, plus vraisemblablement ici, outil de
                                    charpentier. Voir TLF, <hi rend="italics">s. v.</hi><hi
                                        rend="italics">besaiguë</hi>.</note> quam invenerat </item>
                            <item> de V solidis receptis a dicto <foreign>Fraynel</foreign> pro eo
                                quod fecerat <lb/> sanguinem dicto
                                <foreign>Mercerat</foreign></item>
                            <item> de XX solidis receptis a dicto <foreign>Soudan</foreign> pro eo
                                quod utebatur ulna non iusta </item>
                            <item> de XXV solidis receptis a liberis Morelli <lb/> de
                                    <foreign>Putayssart</foreign> pro eo quod soror ipsorum
                                appellaverat quandam mulierem interfectricem </item>
                            <item> de XXX solidis receptis a Iohanne de Longuo<note type="césure">
                                    Lire <hi rend="italics">longo</hi>.</note> Monte<note><hi
                                        rend="italics">mon<lb/>te</hi></note><lb/> pro eo quod
                                fecerat verberare quendam<note> On a écrit machinalement <hi
                                        rend="italics">quandam</hi>.</note> hominem domini comitis </item>
                            <item> de XX solidis receptis a Guidone <foreign>Pygna</foreign> pro eo
                                quod fuit contumax <lb/> venire<note type="césure"><hi
                                        rend="italics">ve<lb/>nire</hi></note> ad castellanum ad
                                clamam dicti <foreign>Geneveys</foreign></item>
                        </list></p>
                    <div type="sub">
                        <head>clame</head>
                        <p><list>
                                <item> de XLVI solidis receptis de clamis per idem tempus </item>
                            </list></p>
                    </div>
                    <div>
                        <p><list>
                                <item> de LX solidis receptis a matre Morelli <lb/> de
                                        <foreign>Raveynes</foreign> pro eo quod accusabatur fuisse
                                    consentiens de morte uxoris filii sui<note> Cet article paraît
                                        avoir été ajouté.</note></item>
                                <item><lb/> summa : XXXI libre XIIII<note> On avait d’abord écrit
                                            <hi rend="italics">XIII</hi>.</note> solidi fortium — in
                                    quibus castellanus <lb/> percipit duos solidos in qualibet libra
                                    — et remanent domino : XXVIII libre X solidi VIII denarii
                                    fortium </item>
                            </list></p>
                    </div>
                </div>
                <div xml:id="iterum_banna">
                    <head>iterum banna</head>
                    <p><lb/> idem reddit computum <list>
                            <item> de XII libris X solidis fortium receptis a Regnaudo Salomonis pro
                                eo quod solvebat monetam non bonam in villa Burgi </item>
                            <item><lb/> de XV libris receptis a dictis <foreign>Les Bucouz</foreign>
                                pro eo quod accusabantur receptasse malefactores domini comitis </item>
                            <item> de C solidis receptis a domino Iohanne de
                                    <lb/><foreign>Genos</foreign> pro eo quod se obligaverat reddere
                                quendam malefactorem domini et non reddidit </item>
                            <item><lb/> summa : XXXII libre X solidi fortium — in quibus castellanus
                                percipit duos solidos in qualibet libra <lb/> — et remanent domino :
                                XXIX libre V solidi fortium </item>
                        </list></p>
                </div>
                <div xml:id="escheyte">
                    <head>escheyte</head>
                    <p><lb/> idem reddit computum <list>
                            <item> de XXX<note> Cette somme a remplacé une rédaction précédente
                                    après effacement.</note> solidis receptis de bestiis Morelli de
                                    <foreign>Raveynes</foreign> qui fuit suspensus pro tanto
                                venditis </item>
                        </list></p>
                </div>
                <div xml:id="bilan_recepte">
                    <p><list>
                            <item><lb/> summa totalis recepte : LIX libre V solidi VIII denarii
                                fortium — valent <lb/> ad viennenses uno forti computato pro duobus
                                viennensibus : C XVIII libras XI solidos IIII denarios viennensium </item>
                            <item><add place="leftMargin">in fine computabit plus de
                                    recepta</add><note type="césure"><hi rend="italics">in fine
                                        computa<lb/>bit plus de <lb/>
                                    recepta</hi></note><note>Ajouté sur trois lignes dans la marge
                                    gauche</note></item>
                        </list></p>
                </div>
            </div>
            <div xml:id="expense_et_librate">
                <div xml:id="expense">
                    <head>expense</head>
                    <p>de quibus <list>
                            <item><lb/> in stipendiis diversorum nunciorum missorum ad diversa loca
                                pro negotiis<note> On avait d’abord écrit <hi rend="italics"
                                        >negocios</hi>, et la terminaison du mot est raturée.</note>
                                domini : XVIII solidos XI denarios viennensium </item>
                            <item> item in stipendiis quorumdam hominum cum armis quos <lb/> secum
                                tenuit apud Burgum per aliquos dies durante guerra dalphini : XXVII
                                solidos II denarios </item>
                            <item> item Amedeo <foreign>Julyan</foreign> de remanentia stipendiorum
                                suorum <lb/> quando fuit in calvata<note> Variante de <hi
                                        rend="italics">cavalcata</hi> attestée par le <hi
                                        rend="italics">Glossarium</hi>.</note> apud
                                    <foreign>Cuysia</foreign> qui inde vadiaverat dominum comitem :
                                VIII solidos </item>
                            <item> item cuidam dicto <foreign>Nancel</foreign> pro eo quod ipse
                                reddidit castellano <lb/> dictum <foreign>Chalendat</foreign> qui
                                offendebat dominum sine causa et fuit suspensus ad furcas : XL
                                solidos </item>
                            <item> item in expensis castellani et<note> Cette conjonction a remplacé
                                    une rédaction précédente, qui a été effacée – peut-être <hi
                                        rend="italics">cum</hi>.</note> septem sociorum cum <lb/>
                                armis custodientium nundinas Ambroniaci que sunt in dicta villa in
                                festo nativitatis beate Marie de mandato domini comitis ut per <lb/>
                                litteram eius datam dominica post assumptionem beate Marie anno
                                octogesimo septimo : VI libras </item>
                            <item> item in expensis dicti castellani se quinto de hominibus <lb/>
                                equitibus cum armis apud Castellionem ad vadiandum cum ballivo
                                dominum de <foreign>Vylars</foreign> : XXV solidos </item>
                            <item> item pro usuris viginti librarum que fuerunt recepte <lb/> mutuo
                                a corsino pro solvenda mingellia personum apud Ambroniacum qui
                                ibidem detinebantur presente Petro clerico : XXVII solidos </item>
                            <item><lb/> summa : XIII libre VI solidi I denarius viennensium </item>
                        </list></p>
                </div>
                <div xml:id="librata">
                    <head>librata</head>
                    <p><list>
                            <item><lb/> idem libravit domino Aynardo de Bardonischia ballivo
                                Baugiaci ut per confessionem et litteram eius datam dominica post
                                festum <lb/> conceptionis beate Marie anno octogesimo septimo :
                                XXXIX libras viennensium </item>
                            <item><lb/> item domino comiti Sabaudie quando fuit apud Burgum circa
                                penthecosten anno octogesimo septimo per manum Humberti de
                                Montemeliano <lb/> ut dicit qui eas solvit in expensis domini
                                comitis ibidem et de quibus castellanus debet reddere litteram
                                domini de recepta : XXV libras </item>
                            <item><lb/> item libravit sibi ipsi pro salario suo per tempus
                                supradictum ad rationem triginta quinque librarum viennensium per
                                annum de salario : XXIIII libras </item>
                            <item><lb/> summa librate : IIII<hi rend="sup">XX</hi> VIII libre
                            </item>
                        </list></p>
                </div>
                <div>
                    <p><list>
                            <item><lb/> summa expense et librate : C I libre VI solidi I denarius
                                viennensium </item>
                        </list></p>
                </div>
            </div>
            <div xml:id="bilan">
                <p><list>
                        <item><lb/> et sic debet dictus castellanus : XVII libras V solidos III
                            denarios viennensium </item>
                        <item> quibus adduntur <lb/> quas recepit de Stephano Terleti receptoris
                            reddituum Burgi : XX libre </item>
                        <item> de quibus <lb/> in pondere facto ad ponderandum bladum quando
                            portatur ad molendinum <del rend="overstrike">tam[en]</del> pro ipso
                                assededendo<note> Lire <hi rend="italics">assedendo</hi>.</note> et
                            complendo de toto in domo <lb/> mercati : LXXII solidos viennensium </item>
                        <item> item Peloso <foreign>dou Says</foreign><note> On a écrit <hi
                                    rend="italics">dousays</hi>.</note> de remanentia stipendiorum
                            suorum de tempore quo stetit in garnisone apud Ambrogniacum<note
                                type="césure"><hi rend="italics">ambrog<lb/>niacum</hi></note><lb/>
                            ut per litteram abbatis Ambrogniaci videlicet pro uno mense ipso
                            capiente per diem quinque solidos : VII libras X solidos viennensium </item>
                        <item><lb/> et sic debet dictus castellanus domino comite : XXVI libras III
                            solidos III denarios viennensium </item>
                        <item><lb/> de<note> On a utilisé à partir d’ici une encre plus
                                noire.</note> quibus <lb/> deducuntur XIIII libre XIIII solidi
                            viennensium que non fuerunt sibi allocate superius pro tertia parte sibi
                            contingente in bannis <lb/> sexaginta solidorum et inferius sed fuerunt
                            sibi allocati tantum superius duo solidi in qualibet libra quare ad
                            presens restituitur <lb/> sibi residuum de mandato domini comitis </item>
                        <item> et sic debet : XI libras IX solidos III denarios viennensium</item>
                    </list></p>
            </div>
        </body>
    </text>
</TEI>
