<?xml version="1.0" encoding="UTF-8"?>
<?oxygen RNGSchema="http://www.tei-c.org/release/xml/tei/custom/schema/relaxng/tei_all.rng" type="xml"?>
<TEI xmlns="http://www.tei-c.org/ns/1.0" xml:id="B7080_2">
    <teiHeader>
        <fileDesc>
            <titleStmt>
                <title>Compte de Brun de Montailleur (<hi rend="italics">Brunus de
                    Montellous</hi>), châtelain, pour la châtellenie de Bourg-en-Bresse et la
                    châtellenie de Châtillon-sur-Chalaronne, du jeudi 24 juin 1277 au lundi 1er mars
                    1278 (nouveau style) <date type="debut" from-iso="12770624" cert="high"/><date
                        type="fin" from-iso="12780301" cert="high"/></title>
                <respStmt>
                    <persName><name xml:lang="fra">Brunet de Montailleur</name><name xml:lang="lat"
                            >Brunus de Motellous</name></persName>
                    <resp>Châtelain</resp>
                </respStmt>
            </titleStmt>
            <publicationStmt>
                <p>Christian Guilleré, Frédéric Chartrain et Alain Kersuzan, avec la collaboration de Nils Mantilleri, Jean-Michel Poisson, et Marianne Ronot, 
                    <title>Compte de Brun de Montailleur (<hi rend="italics">Brunus de
                        Montellous</hi>), châtelain, pour la châtellenie de Bourg-en-Bresse et la
                        châtellenie de Châtillon-sur-Chalaronne, du jeudi 24 juin 1277 au lundi 1er mars
                        1278 (nouveau style)</title>,
                    Lyon - Chambéry, 2011 (<title>Documents comptables des Etats de Savoie, XIIIe - XVe s.</title>)</p>
            </publicationStmt>
            <seriesStmt>
                <title>Bourg-en-Bresse</title>
                <title>Châtillon-sur-Chalaronne</title>
            </seriesStmt>
            <sourceDesc>
                <p>Information about the source</p>
            </sourceDesc>
        </fileDesc>
    </teiHeader>
    <text>
        <body>
            <div xml:id="cpt1" type="subaccount">
                <milestone n="2" unit="vue"/>
                <pb n="1"/>
                <div xml:id="prologue">
                    <p><lb/>Computus Bruni de Montellous castellani Burgi a festo beati Iohannis
                        baptiste anno Domini M<hi rend="sup">o</hi> CC<hi rend="sup">o</hi> LXX<hi
                            rend="sup">o</hi> septimo <lb/> usque ad diem lune post festum beati
                            Mathie<note> Le signe d’abréviation qui surmonte la dernière syllabe
                            paraît machinal et dépourvu de signification.</note> apostoli anno
                        Domini eodem<note> On paraît avoir écrit <hi rend="italics">eddem</hi>. Il
                            s’agit en fait du lundi 1er mars 1278 (nouveau style).</note>
                            videlicet<note> La durée de l’exercice n’a pas été calculée et la phrase
                            est restée en suspens.</note></p>
                </div>
                <div xml:id="recepte">
                    <div xml:id="frumentum">
                        <head>frumentum</head>
                        <p><lb/> idem reddit computum <list>
                                <item> de I quartallo frumenti recepto de Morello de Putessart de
                                    redditu per annum — et remanet </item>
                            </list></p>
                    </div>
                    <div xml:id="siligo">
                        <head>siligo</head>
                        <p><lb/><list>
                                <item>idem reddit computum de I bicheto siliginis recepto de
                                    Bernardo Moren de redditu per annum pro parte domini </item>
                                <item> de I sestario recepto de Hugone Torner pro eodem </item>
                                <item> de V bichetis et <lb/> dimidio receptis de Petro Muner pro
                                    eodem </item>
                                <item> de I quartallo II cupis receptis de Martino Alagnet pro eodem </item>
                                <item> de V cupis et dimidia receptis de Iohanne Montaner pro eodem </item>
                                <item><lb/> de I bicheto recepto de Martino Alagnet pro eodem </item>
                                <item> de I bicheto recepto de eodem pro boysino pro eodem </item>
                                <item> de I quartallo II cupis receptis de Petro Alognet <lb/> pro
                                    eodem </item>
                                <item> de I bicheto recepto de eodem pro baysino pro eodem </item>
                                <item> de I quartallo recepto de Stephano Blandon pro eodem </item>
                                <item> de dimidio bicheto recepto de Stephano Mongifon<note
                                        type="césure"><hi rend="italics"
                                    >mongi<lb/>fon</hi></note><lb/> pro eodem </item>
                                <item> de dimidio bicheto recepto de Petito Muner pro eodem </item>
                                <item> de I quartallo recepto de Andrea Rosset pro eodem </item>
                                <item> de II quartallis receptis de Bernardo <lb/> Rusti pro eodem </item>
                                <item> de V bichetis receptis de donno Guidone pro eodem </item>
                                <item> de II quartallis et dimidio bicheto receptis de Guillermo
                                    Brunart pro eodem </item>
                                <item> de III <lb/> quartallis et dimidio bicheto receptis de
                                    Berardo Iohannini pro eodem </item>
                                <item> de II quartallis et dimidio bicheto de Petro Tisserant pro
                                    eodem </item>
                                <item> de I sestario recepto de Guillermo <lb/> de Monmor pro eodem </item>
                                <item> de III bichetis receptis de Andrea Rubillart pro eodem </item>
                                <item> de I quartallo II cupis receptis de Stephano Alagnet pro
                                    eodem </item>
                                <item><supplied reason="support détruit"> d[e]</supplied><lb/> I
                                    quartallo recepto de eodem pro baysino pro eodem </item>
                                <item> de I quartallo recepto de Petro Regis pro eodem </item>
                                <item> de uno quartallo quod debebat Iohannes Regis et <supplied
                                        reason="support détruit">[de uno]</supplied><lb/> bicheto
                                    quod debebat Petrus de La Charpena non computat quia
                                    guerpiverunt terram </item>
                                <item> de V bichetis receptis de relicta <supplied
                                        reason="support détruit">[Berardi Tiaut pro
                                        eodem]</supplied></item>
                                <item><lb/> de I quartallo recepto de Bernardo Vachier pro eodem </item>
                                <item> de I bicheto recepto de Stephano de Vileta pro eodem </item>
                                <item><supplied reason="support détruit"> d[e … …
                                        …]</supplied><note> Il est impossible ici de proposer une
                                        restitution assurée, car le texte s’écarte de l’ordre
                                        généralement suivi par les comptes du rouleau précédent.
                                        Lisait-on <hi rend="italics">de I quartallo recepto de
                                            Hugone </hi>Clenchin<hi rend="italics"> pro eodem</hi>,
                                        seule recette de l’exercice 1276-1277 dont il ne soit pas
                                        fait mention dans ce compte-ci ?</note></item>
                                <item><lb/> de V bichetis et dimidio receptis de Petro Montaner pro
                                        <supplied reason="support détruit">[eodem]</supplied></item>
                                <item> de V sestariis receptis de firma molendini <supplied
                                        reason="support détruit">[apud Longum Canpum pro parte
                                        domini per annum]</supplied><lb/> finiendum<note> Sur la foi
                                        des comptes plus anciens, on attendrait <hi rend="italics"
                                            >finienda</hi>, déterminant <hi rend="italics"
                                            >firma</hi>, mais on ignore quels étaient vraiment les
                                        mots immédiatement précédents et il est possible de
                                        restituer <hi rend="italics">per annum
                                        finiendum</hi>.</note> in festo beati Iohannis anno Domini
                                        <supplied reason="support détruit">LX[X<hi rend="sup">o</hi>
                                        octa]vo</supplied></item>
                                <item><lb/> summa : <supplied reason="support détruit">X[V
                                        sestarii]</supplied> III quartalli siliginis </item>
                            </list></p>
                    </div>
                    <div xml:id="siligo_apud_Sanctum_Andream">
                        <head>siligo apud Sanctum Andream et alias villas<note> Cette rubrique a été
                                ajoutée sur trois lignes dans la marge gauche, en partie déchirée :
                                    <hi rend="italics">[sili]go apud <lb/> [Sanctum] Andream <lb/>
                                    [et] alias villas</hi></note></head>
                        <p><lb/> idem reddit computum <list>
                                <item> de I sestario siliginis recepto de Stephano <supplied
                                        reason="support détruit">M[illeren]</supplied> et
                                    participibus suis de redditu per annum </item>
                                <item><supplied reason="support détruit">[de I]</supplied> sestario
                                    recepto de Stephano de <supplied reason="support détruit"
                                        >[Chassagnola et participibus suis pro]</supplied><lb/>
                                    eodem </item>
                                <item> de I sestario recepto de Iohanne et Stephano Chapuis
                                        <supplied reason="support détruit">[pro
                                    eo]dem</supplied></item>
                                <item> de II quartallis receptis de Stephano Pupon pro eodem </item>
                                <item> de <supplied reason="support détruit">VII[I cupis receptis de
                                        Revollo et]</supplied><lb/> fratribus suis pro eodem </item>
                                <item><lb/> de VIII cupis receptis de liberis <supplied
                                        reason="support détruit">[Bernardi]</supplied><note> Dans le
                                        compte de l’exercice précédent, on lisait à cet emplacement
                                        : <hi rend="italics"> de VIII cupis receptis de Bernardo et
                                            Petro de </hi>Malmont<hi rend="italics"> pro
                                        eodem</hi>.</note> et Perreti de Mal Mont pro eodem </item>
                                <item> de IIII cupis receptis de <supplied reason="support détruit"
                                        >filia[bus Belle pro eodem]</supplied></item>
                                <item><supplied reason="support détruit">[de]</supplied><lb/> I
                                    sestario IIII cupis receptis de Stephano de Chilou et
                                    participibus pro eodem </item>
                                <item> de I emina recepta de filio Petri de Chilou pro eodem </item>
                                <item> de II <supplied reason="support détruit">bic[hetis et dimidio
                                        receptis de Guillermo]</supplied><lb/> Girodi pro eodem </item>
                                <item> de III bichetis receptis de Achardeto pro eodem </item>
                                <item> de II bichetis et dimidio receptis de Stephano Girout pro
                                    eodem </item>
                                <item><supplied reason="support détruit">[ de II quartallis
                                        receptis]</supplied><lb/> de Peronino del Bioley et<note> On
                                        avait d’abord commencé à écrire <hi rend="italics">pro</hi>
                                        et le mot est raturé.</note> participibus pro eodem </item>
                                <item> de II quartallis receptis de Iohanne de Mongifon et
                                    participibus pro eodem </item>
                                <item> de I sestario et <supplied reason="support détruit">[dimidio
                                        recepto de Roberto]</supplied><lb/> de Buysoneria et
                                    participibus pro eodem </item>
                                <item> de I quartallo recepto de Morello de Put Essart pro eodem </item>
                                <item> de II quartallis receptis de Stephano et <supplied
                                        reason="support détruit">B[runeto de Charpe]ney<note
                                            type="césure"><hi rend="italics"
                                            >[charpe]<lb/>ney</hi></note></supplied><lb/> pro eodem </item>
                                <item> de I quartallo recepto de liberis Pontii<note> On lit ici <hi
                                            rend="italics">Poncii</hi>, <hi rend="italics"
                                            >hospicio</hi>, <hi rend="italics">tocius</hi>, <hi
                                            rend="italics">Lanicie</hi>, <hi rend="italics"
                                            >apportancium</hi>, <hi rend="italics">tercia</hi>, <hi
                                            rend="italics">negociis</hi>, <hi rend="italics"
                                            >euncium</hi>, <hi rend="italics">negocio</hi>, que l’on
                                        transcrit – selon la convention d’édition prescrivant
                                        l’usage général de la graphie classique – <hi rend="italics"
                                            >Pontii</hi>, <hi rend="italics">hospitio</hi>, <hi
                                            rend="italics">totius</hi>, <hi rend="italics"
                                            >Lanitie</hi>, <hi rend="italics">apportantium</hi>, <hi
                                            rend="italics">tertia</hi>, <hi rend="italics"
                                            >negotiis</hi>, <hi rend="italics">euntium</hi>, <hi
                                            rend="italics">negotio</hi>, de même que, par défaut,
                                            <hi rend="italics">Mauritii</hi>.</note> de Revoyri pro
                                    eodem </item>
                                <item> de III quartallis et dimidio receptis de heredibus Bernardi
                                        <supplied reason="support détruit">de[l Perous
                                        pro]</supplied><lb/> eodem </item>
                                <item> de V quartallis receptis de Hugone Masuer pro eodem </item>
                                <item> de XVII cupis receptis de liberis Petri de Masso pro eodem </item>
                                <item> de X cupis receptis de Stephano <lb/> Meysoner pro eodem </item>
                                <item> de III quartallis et dimidio receptis de Aymone et Iaqueto de
                                    Verlia pro eodem </item>
                                <item> de X cupis receptis de liberis Iohannis de Masso <lb/> pro
                                    eodem </item>
                                <item> de I quartallo recepto de liberis Renaudi del Louren et
                                    participibus pro eodem </item>
                                <item> de I emina recepta de Martino Joyel pro eodem </item>
                                <item> de I emina <lb/> recepta de Bernarda de Boteron pro eodem </item>
                                <item> de III sestariis receptis de liberis Iohannis Terlet pro
                                    molendino stanni domini apud Burgum pro eodem </item>
                                <item><lb/> summa : XIX sestarii et dimidius bichetus I cupa
                                    siliginis </item>
                            </list></p>
                    </div>
                    <div xml:id="siligo_de_messe">
                        <head>siligo de messe<note type="césure"><hi rend="italics">siligo <lb/> de
                                    messe</hi></note></head>
                        <p><lb/> idem reddit computum <list>
                                <item> de III sestariis I quartallo I bicheto II cupis siliginis
                                    receptis apud Les Ripes pro messe et levatur<note> Ce verbe est
                                        ici impersonnel.</note> in quolibet hospitio habente boves
                                    <lb/> unum quartallum in non habente unum bichetum </item>
                                <item><lb/> de I sestario recepto apud Perona pro eodem </item>
                                <item> de VII quartallis I cupa receptis apud La Vernea pro eodem </item>
                                <item> de <lb/> VIII sestariis III bichetis II cupis receptis in
                                    parrochia Sancti Andree pro eodem </item>
                                <item> de III quartallis receptis apud La Busineri pro eodem </item>
                                <item> de III quartallis I bicheto receptis apud <lb/> Mont Racol et
                                    Contrablin pro eodem </item>
                                <item> de VII<note> On avait d’abord écrit <hi rend="italics"
                                            >VI</hi>, et le nombre est raturé.</note> quartallis
                                        <add place="interlinear">I bicheto</add> apud Monceuz pro
                                    eodem </item>
                                <item> de II quartallis receptis apud Buela pro eodem </item>
                                <item> de III quartallis <lb/> et dimidio receptis apud Pollia pro
                                    eodem </item>
                                <item> de I sestario et dimidio bicheto receptis apud Verlia pro
                                    eodem </item>
                                <item> de VI quartallis et dimidio receptis apud Atignia pro eodem </item>
                                <item> de <lb/> VI sestariis I bicheto II cupis receptis apud Cra
                                    pro eodem </item>
                                <item> de IIII sestariis II quartallis receptis apud Monz La Ferta
                                    pro eodem </item>
                                <item> de III sestariis I quartallo II cupis receptis <lb/> apud
                                    Chastelet pro eodem </item>
                                <item> de taschiis terrarum bosci de Sauxo<note> La deuxième syllabe
                                        est raturé. Aujourd’hui <hi rend="italics">Le Saix</hi>, cne
                                        de Péronnas..</note> nichil quia dominus prohibet ipsas
                                    excoli </item>
                                <item><lb/> summa : XXXVI sestarii I quartallus et dimidius bichetus
                                    siliginis </item>
                                <item><lb/> summa totius siliginis : LXXI<note> On avait d’abord
                                        écrit <hi rend="italics">LXI</hi>, et le nombre est
                                        raturé.</note> sestarius I bichetus I cupa siliginis — et
                                    remanent </item>
                            </list></p>
                    </div>
                    <div xml:id="avena">
                        <head>avena</head>
                        <p><lb/> idem reddit computum <list>
                                <item> de I emina avene recepta de Martino Joyel et participibus
                                    suis de redditu per annum </item>
                                <item> de I emina recepta de Bernarda de Boteron pro eodem </item>
                                <item><lb/> de III quartallis receptis de Stephano Milleren et
                                    participibus pro eodem </item>
                                <item> de III quartallis receptis de Stephano de Chassagnola et
                                    participibus pro eodem </item>
                                <item> de I sestario <lb/> recepto de Iohanne et Stephano Chapuis
                                    pro eodem </item>
                                <item> de I quartallo et dimidio receptis de Stephano Pippuon pro
                                    eodem </item>
                                <item><lb/> de I quartallo recepto de Revollo et <supplied
                                        reason="support endommagé">[fratribus]</supplied><lb/> suis
                                    pro eodem </item>
                                <item> de I quartallo recepto de Perreto de Malo Monte pro eodem </item>
                                <item> de dimidio quartallo recepto de filiabus Belle pro eodem </item>
                                <item><supplied reason="support endommagé">[de
                                    dimidio]</supplied><lb/> quartallo recepto de Stephano de Chilou
                                    et participibus pro eodem </item>
                                <item> de I quartallo et dimidio receptis de liberis Petri de Chilou
                                    pro eodem </item>
                                <item><supplied reason="support détruit">[ de I sestario et
                                        dimidio]</supplied><lb/> receptis de Roberto de La
                                        Buysineria<note> La plissure du parchemin ne permet pas de
                                        lire la terminaison exacte de ce nom, restituée ici d’après
                                        le compte de l’exercice précédent. Aujourd’hui <hi
                                            rend="italics">La Buissonnière</hi>, cne de
                                        Condeissiat.</note> pro eodem </item>
                                <item><supplied reason="support endommagé"> [ de III
                                        quartallis</supplied> et dimidio receptis de heredibus
                                    Bernardi de Pelous pro eodem </item>
                                <item><supplied reason="support détruit">[de II quartallis
                                        receptis]</supplied><lb/> de Renaudo de Lourenc et
                                    participibus pro eodem </item>
                                <item> de I sestario recepto de priore de Buela pro eodem </item>
                                <item> de I <supplied reason="support détruit">[quartallo recepto de
                                        Andrea et Guillermo]</supplied><lb/> Chanfango pro garda per
                                    annum </item>
                                <item><lb/> summa : IX sestarii I bichetus avene </item>
                            </list></p>
                    </div>
                    <div xml:id="avena_pro_messe">
                        <head>avena pro messe<note> Cette rubrique a été ajoutée sur deux lignes
                                dans la marge gauche : <hi rend="italics">avena pro <lb/>
                                messe</hi>.</note></head>
                        <p><lb/> idem reddit computum <list>
                                <item> de IIII quartallis et dimidio avene<note> En dépit du mauvais
                                        état du parchemin, qui est ici troué, on peut restituer sans
                                        trop de mal avene receptis, de même que <hi rend="italics"
                                            >pro eodem hoc anno</hi> à la ligne suivante.</note>
                                    receptis apud Montagnia pro messe hoc anno et levatur ut supra
                                    de <supplied reason="support détruit">[siligine
                                    ]</supplied></item>
                                <item><supplied reason="support détruit">[de …]</supplied><note> Il
                                        n’est pas possible de restituer cette lacune car la recette
                                        diffère à l’évidence de celle de l’exercice précédent, même
                                        si l’on considère que <hi rend="italics">bichetus</hi> et
                                            <hi rend="italics">rasum</hi> étaient parfois synonymes
                                        en Bresse, comme en Lyonnais ou en Beaujolais : <hi
                                            rend="italics">de VI sestariis I bicheto receptis apud
                                            Longum Canpum pro eodem hoc anno</hi>.</note><lb/> II
                                    quartallis I raso<note> Ce nom n’est ici jamais écrit en toutes
                                        lettres. Il semble que <hi rend="italics">rasum</hi> soit
                                        mieux attesté en Bresse que <hi rend="italics">raseria</hi>,
                                        et l’abréviation peut s’expliquer par la routine.</note>
                                    receptis apud Longum <sic>Canpum</sic><note> On écrit ici <hi
                                            rend="italics">computum</hi> et <hi rend="italics"
                                            >campsi</hi>, mais <hi rend="italics">canpum</hi> et <hi
                                            rend="italics">Sinphorianum</hi>, et non <hi
                                            rend="italics">campum</hi> et <hi rend="italics"
                                            >Simphorianum</hi>.</note> pro eodem hoc anno </item>
                                <item> de II quartallis receptis apud Crespignia pro eodem </item>
                                <item><lb/> summa : VIII sestarii III rasa avene </item>
                                <item><lb/> summa totius avene : XVII sestarii I quartallus I rasum
                                        <supplied reason="support détruit">— [et
                                        remanent]</supplied></item>
                            </list></p>
                    </div>
                    <div xml:id="fabe">
                        <head>fabe</head>
                        <p><lb/> idem reddit computum <list>
                                <item> de I quartallo fabarum recepto de exitu unius curtilis domini
                                    iuxta domum fori Burgi<note> On avait d’abord écrit <hi
                                            rend="italics">Burgo</hi>, et le mot est raturé.</note>
                                    hoc anno <supplied reason="support détruit">— [venditur ut
                                        infra]</supplied></item>
                            </list></p>
                    </div>
                    <div xml:id="panes">
                        <head>panes</head>
                        <p><lb/> idem reddit computum <list>
                                <item> de II panibus receptis de Petro Moyrout de redditu per annum
                                        <supplied reason="support détruit">— ven[duntur ut
                                        infra]</supplied></item>
                            </list></p>
                    </div>
                    <div xml:id="canabum">
                        <head>canabum</head>
                        <p><lb/> idem reddit computum <list>
                                <item> de VIII muyssellis canabi receptis apud Chastelet de redditu
                                    per annum pro parte domini <supplied reason="support détruit">—
                                        vend[untur ut infra]</supplied></item>
                            </list></p>
                    </div>
                    <div xml:id="galline">
                        <head>galline</head>
                        <p><lb/> idem reddit computum <list>
                                <item> de IIII gallinis receptis de manso de Vileta de redditu per
                                    annum </item>
                                <item> de II gallinis receptis de Peroneto Moyrout pro eodem </item>
                                <item> de VI gallinis <lb/> receptis apud Montagnia pro prepositura
                                    hoc anno et levatur in quolibet hospitio una gallina per annum </item>
                                <item> de XXVIII gallinis receptis apud Les Rispes et levantur <lb/>
                                    in quolibet hospitio due galline pro domino et prepositura </item>
                                <item> de VIII gallinis receptis apud Perona pro eodem </item>
                                <item> de XXII gallinis receptis apud La Vernea pro eodem </item>
                                <item><lb/> de IIII<hi rend="sup">XX</hi> IIII gallinis receptis in
                                    parrochia Sancti Andree Panosi pro eodem </item>
                                <item> de LX gallinis receptis apud Longum Canpum pro eodem </item>
                                <item> de XVI gallinis receptis apud <lb/> Monz La Ferta pro eodem </item>
                                <item> de LX gallinis receptis apud Cra pro eodem </item>
                                <item> de XIIII gallinis receptis apud Atignia pro eodem </item>
                                <item> de II gallinis receptis apud Crangia <lb/> pro eodem </item>
                                <item> de XI gallinis receptis in parrochia de Pollia pro eodem </item>
                                <item> de XI gallinis receptis apud Chastelet pro eodem </item>
                                <item> de IIII gallinis receptis apud Crespignia<note type="césure"
                                            ><hi rend="italics">crespig<lb/>nia</hi></note><lb/> pro
                                    eodem </item>
                                <item> de XIIII gallinis receptis apud Verlia pro eodem </item>
                                <item> de X gallinis receptis apud Buela pro eodem </item>
                                <item> de IIII gallinis receptis apud Montem Racol pro eodem </item>
                                <item><lb/> de XII gallinis receptis apud Monceuz pro eodem </item>
                                <item> summa : III<hi rend="sup">C</hi> LXXIII galline </item>
                            </list></p>
                        <div type="sub">
                            <head>arreragium</head>
                            <p><lb/> idem reddit computum <list>
                                    <item> de V<hi rend="sup">C</hi> VIII gallinis receptis de
                                            <sic>romanentia</sic><note type="césure"> Lire <hi
                                                rend="italics">remanentia</hi>.</note> computi sui
                                        precedentis </item>
                                </list></p>
                        </div>
                        <div>
                            <p><list>
                                    <item><lb/> summa omnium gallinarum : VIII<hi rend="sup">C</hi>
                                            IIII<hi rend="sup">XX</hi> I galline — venduntur ut
                                        infra </item>
                                </list></p>
                        </div>
                    </div>
                    <div xml:id="cera">
                        <head>cera</head>
                        <p><lb/> idem reddit computum <list>
                                <item> de I libra cere recepta de Humberto clerico pro garda per
                                    annum </item>
                                <item> de I libra recepta de Stephano Fuma pro eodem </item>
                                <item> de I libra recepta de Stephano <lb/> Amalguin pro eodem </item>
                                <item> de I libra recepta de Iocerando Lo Berc pro eodem </item>
                                <item> de I libra recepta de liberis Bernardi Torner pro eodem </item>
                                <item> de I libra recepta de liberis <lb/> Iohannis Tondu pro eodem </item>
                                <item> de I libra recepta de Stephano del Pererat pro eodem </item>
                                <item> de II libris receptis de Stephano Lanitie pro eodem </item>
                                <item> de I libra recepta de Guillermo <lb/> de Fayselan pro eodem </item>
                                <item> de III libris receptis de Hugone de Nuycons et participibus
                                    pro eodem </item>
                                <item> de I libra recepta de Guillermo Pomer pro eodem </item>
                                <item> de <lb/> II libris receptis de Petro del Espyney<note> On
                                        s’est accommodé d’une déchirure du parchemin préalablement
                                        ravaudée.</note> et participibus pro eodem </item>
                                <item> de I libra recepta de Enrico de Chavayria pro eodem </item>
                                <item> de I libra de Petro <lb/> Bifet pro eodem </item>
                                <item> de II libris receptis de Stephano Brunet pro eodem </item>
                                <item> de I libra de Odeto de Vereria pro eodem </item>
                                <item> de VIII libris receptis <lb/> de predictis tribus ultimis pro
                                    annis duobus preteritis </item>
                                <item><lb/> summa : XXIX libre cere <supplied
                                        reason="support détruit">— [venduntur ut
                                    infra]</supplied></item>
                            </list></p>
                    </div>
                    <div xml:id="vinum">
                        <head>vinum</head>
                        <p><list>
                                <item><lb/> idem reddit computum de LII sestariis vini receptis apud
                                    Seysiria de manso de Granges de redditu per annum <supplied
                                        reason="support détruit">— [venduntur ut
                                    infra]</supplied></item>
                            </list></p>
                    </div>
                    <div xml:id="fenum">
                        <head>fenum</head>
                        <p><list>
                                <item><lb/> de feno respondet infra in titulo venditionum </item>
                            </list></p>
                    </div>
                    <div xml:id="obolus">
                        <head>obolus</head>
                        <p><list>
                                <item><lb/> de obolo auri de Petro de Pellona non computat quia
                                    demandavit gardam </item>
                            </list></p>
                    </div>
                    <div xml:id="denarii_census">
                        <head>denarii census</head>
                        <p><lb/> idem reddit computum <list>
                                <item> de XXXIII solidis XIII solidis VII denariis I podrigia et
                                    dimidia fortium novorum receptis de redditu per annum ut in
                                    particulis </item>
                                <item><lb/> de II solidis receptis de Peroneto de Grilleria de
                                    redditu per annum de novo pro terra sibi albergata </item>
                                <item><lb/> summa : XXXIII lb. XV s. VII d. I pod. et dim. fort.
                                    nov. </item>
                            </list></p>
                    </div>
                    <div xml:id="pede_iuxta_domum_fori">
                        <head>[pede iuxta domum fori]<note>Rubrique non indiquée</note></head>
                        <p><list>
                                <item><lb/> de pedis iuxta domum fori Burgi non computat quia nichil
                                    inde levavit </item>
                            </list></p>
                    </div>
                    <div xml:id="teyse">
                        <head>teyse</head>
                        <p><lb/> idem reddit computum <list>
                                <item> de XII solidis IIII denariis III podrigiis receptis de teysis
                                    domorum in castro Burgi deductis duodecim denariis fortium quos
                                    dominus <supplied reason="support détruit">[dedit
                                        Ruffo]</supplied><lb/> de Genos domicello pro domo quam emit
                                    de Petito de Lent et propter hoc fecit homagium domino </item>
                                <item> de C solidis II denariis receptis de teysis <supplied
                                        reason="support détruit">[domorum]</supplied><lb/> Burgi
                                    infra portas </item>
                                <item> de LXXIII solidis IX denariis receptis de teysis domorum in
                                    burgo Moynel </item>
                                <item> de XL solidis IIII denariis III podrigiis receptis de teysis
                                    burgi <lb/> en Taneres </item>
                                <item> de CXV solidis VIII denariis III podrigiis receptis in
                                    Vercheria pro teysis </item>
                                <item> de X solidis VII denariis obolo receptis de teysis domorum
                                    apud Brou </item>
                                <item><lb/> summa : XVII lb. XIII s. III pod. fort. nov. </item>
                            </list></p>
                    </div>
                    <milestone n="3" unit="vue"/>
                    <pb n="2"/>
                    <div xml:id="macellum">
                        <head>macellum</head>
                        <p><lb/> idem reddit computum <list>
                                <item> de VII libris VI solidis receptis de exitu macelli novi iuxta
                                    domum fori<note> Ce mot est très raturé.</note> hoc anno
                                    deductis quadraginta solidis fortium quos ibi percipit dominus
                                    <lb/> Humbertus de Coterel singulis annis pro
                                        <sic>escanbio</sic><note> On écrit ici <hi rend="italics"
                                            >Humbertus</hi>, mais <hi rend="italics">escanbio</hi>
                                        et non <hi rend="italics">escambio</hi>, de même que <hi
                                            rend="italics">Chanbu</hi>.</note> de Chastelet </item>
                                <item><lb/> summa : VII lb. VI s. fort. </item>
                            </list></p>
                    </div>
                    <div xml:id="garde">
                        <head>garde</head>
                        <p><lb/> idem reddit computum <list>
                                <item> de IIII libris XI solidis II denariis receptis de gardis per
                                        annum<note> Les mots <hi rend="italics">IIII libris XI
                                            solidis II denariis receptis de gardis per annum</hi>
                                        paraissent avoir remplacé une rédaction antérieure après
                                        effacement.</note> ut in extenta deductis duodecim denariis
                                    pro Cortabanet qui bis solet computari </item>
                                <item><lb/> summa : IIII lb. XI s. II d. fort. </item>
                            </list></p>
                    </div>
                    <div xml:id="tallie">
                        <head>tallie</head>
                        <p><lb/> idem reddit computum <list>
                                <item> de IIII libris XVIII solidis receptis apud<note> On avait
                                        d’abord écrit <hi rend="italics">de</hi>, et le mot est très
                                        raturé.</note> Saysiria pro talliis hoc anno </item>
                                <item> de VII libris XVI solidis receptis apud Les Rispes pro eodem </item>
                                <item> de XXIIII solidis receptis apud <lb/> Perona pro eodem </item>
                                <item> de XX solidis receptis apud Pollia pro eodem </item>
                                <item> de XL solidis receptis apud La Vernea pro eodem </item>
                                <item> de XLIIII solidis receptis apud Verlia pro eodem </item>
                                <item> de XII solidis <lb/> receptis apud Monceuz pro eodem </item>
                                <item> de XVIII solidis receptis apud Montem<note> On avait commencé
                                        à écrire <hi rend="italics">racol</hi>, et le mot est
                                        raturé.</note> Racol pro eodem </item>
                                <item> de XV libris XVII solidis receptis in parrochia Sancti Andree
                                    pro eodem </item>
                                <item> de CI solidis <lb/> receptis de empto de Corjonon pro eodem </item>
                                <item> de XVIII libris XV solidis receptis<note> Les deux derniers
                                        mots paraissent avoir remplacé une rédaction antérieure
                                        après effacement.</note> apud Attignia, Monz La Ferta et Cra
                                        <add place="interlinear">et Pugia</add> pro eodem </item>
                                <item> de XXXVIII solidis VI denariis receptis apud Chastelet pro
                                    <lb/> eodem </item>
                                <item> summa : LXII lb. III s. VI d. fort. </item>
                            </list></p>
                    </div>
                    <div xml:id="firme">
                        <head>firme</head>
                        <p><lb/> idem reddit computum <list>
                                <item> de XLIIII libris X solidis fortium receptis de medietate
                                    firme leyde et coponagii Burgi per annum finiende in festo beati
                                    Iohannis <supplied reason="support détruit">bap[tiste anno
                                            LXX<hi rend="sup">o</hi> octavo et]</supplied><lb/> tunc
                                    debentur tantundem<note> La deuxième syllabe est écrite en
                                        toutes lettres deux lignes plus loin.</note></item>
                                <item> de VI libris XII solidis VI denariis receptis de medietate
                                    firme furni de Baugiaco finiende eodem termino et tunc debentur
                                        <supplied reason="support détruit"
                                    >[tantundem]</supplied></item>
                                <item><supplied reason="support détruit">[de]</supplied><lb/> VI
                                    libris X solidis receptis de medietate firme furni de Fabricis
                                    finiende eodem termino et tunc debentur tantundem </item>
                                <item> de XII libris X solidis receptis de <supplied
                                        reason="support détruit">[medietate firme
                                            chaci]pollerie<note type="césure"><hi rend="italics">
                                                [chaci]<lb/>pollerie</hi></note></supplied><lb/>
                                    finiende eodem termino et tunc debentur tantundem </item>
                                <item> de XVII solidis VI denariis receptis de medietate firme
                                    cridagii vini finiende eodem termino <supplied
                                        reason="support détruit">[et tunc debentur]</supplied><lb/>
                                    tantundem </item>
                                <item> de X solidis receptis de firma chanperie hoc anno </item>
                                <item> de VI solidis receptis de exitu quintalis per dictum tempus </item>
                                <item><lb/> summa : LXXI lb. X <add place="interlinear">VI</add> s.
                                    fort. </item>
                            </list></p>
                    </div>
                    <div xml:id="valor_domus_fori">
                        <head>valor domus fori<note> Rubrique ajoutée sur deux lignes dans la marge
                                gauche : <hi rend="italics">valor <lb/> domus
                            fori</hi>.</note></head>
                        <p><lb/> idem reddit computum <list>
                                <item> de XXI libris V denariis receptis de valore domus fori per
                                    dictum tempus et levatur ut in computo precedenti </item>
                                <item><lb/> summa : XXI lb. V d. fort. </item>
                            </list></p>
                    </div>
                    <div xml:id="passonagium">
                        <head>passonagium</head>
                        <p><lb/> idem reddit computum <list>
                                <item> de XVII libris X solidis fortium receptis de passonagio
                                    nemoris de Sauxo hoc anno </item>
                                <item> de VII libris III denariis receptis de passonagio nemorum de
                                    <lb/> Chastelet et de Tassongi pro parte domini hoc anno </item>
                                <item> de VI solidis receptis de glande de aya donni Guidonis hoc
                                    anno </item>
                                <item><lb/> summa : XXIIII lb. XVI s. III d. fort. </item>
                            </list></p>
                    </div>
                    <div xml:id="laudes_vende">
                        <head>laudes vende</head>
                        <p><lb/> idem reddit computum <list>
                                <item> de VIII solidis IIII denariis receptis de Iohanne de Sancto
                                    Martino pro laudibus et vendis domus<note> On a ajouté le <hi
                                            rend="italics">u</hi>, qui avait été oublié, en exposant
                                        dans l’interligne supérieur.</note> quam emit de Guillermo
                                    Froysart </item>
                                <item><lb/> summa : VIII s. IIII d. fort. </item>
                            </list></p>
                    </div>
                    <div xml:id="banna">
                        <head>banna</head>
                        <p><lb/> idem reddit computum <list>
                                <item> de L solidis receptis de Ponceto Chanbrer quia austulit<note>
                                        On écrit toujours ici <hi rend="italics">austulit</hi> pour
                                            <hi rend="italics">abstulit</hi>.</note> quamdam
                                    runcinam cuidam in villa </item>
                                <item> de XXX solidis receptis de Guichardo de Rignia quia <lb/>
                                    percussit quemdam clericum </item>
                                <item> de XX solidis receptis de Martino Perrochin quia austulit
                                    pignus suum nuncio castellani </item>
                                <item> de XX solidis receptis de Galleto quia percussit Bordonem de
                                    Sella </item>
                                <item> de XXX solidis receptis de Gualopin quia celavit anulos
                                    inventos </item>
                                <item> de L solidis receptis de Bernardo Lo Cua
                                        <sic>acusato</sic><note> Lire <hi rend="italics"
                                            >accusato</hi>.</note> de morte Perreti <lb/> de
                                    Sestenay </item>
                                <item> de XXX solidis receptis de Bernardo de Armondanges pro banno
                                    adulterii </item>
                                <item> de XXVI solidis receptis de minutis clamis per idem tempus </item>
                                <item><lb/> summa : XII lb. XVI s. fort. </item>
                            </list></p>
                    </div>
                    <div xml:id="pedagium">
                        <head>pedagium</head>
                        <p><lb/> idem reddit computum <list>
                                <item> de XV solidis V denariis receptis de pedagio per dictum
                                    tempus </item>
                                <item> de trossellis pannorum Francie nichil per idem tempus quia
                                    non <sic>transsierunt</sic><note> Lire <hi rend="italics"
                                            >transierunt</hi>.</note></item>
                                <item><lb/> summa : XV s. V d. </item>
                            </list></p>
                    </div>
                    <div xml:id="inventa">
                        <head>inventa</head>
                        <p><lb/> idem reddit computum <list>
                                <item> de V solidis receptis de una sue inventa apud Selvam </item>
                                <item> de VI solidis VI denariis receptis de sue et porcello unius
                                    latronis </item>
                                <item> de IIII solidis VI denariis <lb/> receptis de una sue inventa
                                    in bosco de Sauxo </item>
                                <item><lb/> summa : XVI s. fort. </item>
                            </list></p>
                    </div>
                    <div xml:id="venditiones">
                        <head>venditiones</head>
                        <p><lb/> idem reddit computum <list>
                                <item> de IIII denariis receptis de duobus panibus sic venditis </item>
                                <item> de II solidis receptis de octo muyssellis canabi sic venditis </item>
                                <item> de VII libris VI solidis X denariis fortium receptis de
                                        <lb/><sic>octogintis</sic><note> Lire <hi rend="italics"
                                            >octingentis</hi>. </note> et quater viginti et una
                                    gallinis venditis ut supra qualibet vendita duos<note> Noter ici
                                        l’emploi de l’accusatif pour le complément de prix, assimilé
                                        à un simple complément d’objet direct.</note> denarios
                                    fortium </item>
                                <item> de XXIX solidis receptis de <supplied
                                        reason="support détruit">vigin[ti novem libris
                                        cere]</supplied><lb/> pro tanto venditis </item>
                                <item> de VII libris IX solidis VI denariis receptis de
                                        <sic>quincaginta</sic><note> Lire <hi rend="italics"
                                            >quinquaginta</hi>.</note> duobus sestariis vini pro
                                    tanto venditis </item>
                                <item> de C solidis receptis <supplied reason="support détruit"
                                        >[…]</supplied><note> Il est impossible de restituer avec
                                        certitude le texte manquant. En principe, on devait lire <hi
                                            rend="italics">de exitu pratorum</hi> ou <hi
                                            rend="italics">de feno pratorum</hi>.</note><lb/> domini
                                    iuxta alam Burgi hoc anno pro tanto vendit[o] </item>
                                <item> de LXXV solidis receptis de exitu pratorum de Chastelet pro
                                    parte domini hoc anno <supplied reason="support détruit"
                                        >[sic]</supplied> vendito </item>
                                <item><lb/> summa : XXV lb. II s. VIII d. fort. </item>
                            </list></p>
                    </div>
                    <div xml:id="bilan_recepte">
                        <p><list>
                                <item><lb/> summa totius recepte : II<hi rend="sup">C</hi> IIII<hi
                                        rend="sup">XX</hi> III lb. V d. fort. </item>
                            </list></p>
                    </div>
                </div>
                <div xml:id="expense_et_librate">
                    <div xml:id="expensa">
                        <head>[expensa]<note>Rubrique non indiquée</note></head>
                        <p><list>
                                <item> de quibus <lb/> in doliis ad vinum domini reponendum
                                    religandis, circulis emptis ad idem et ipso vino apportando :
                                    XVI solidos viennensium </item>
                                <item> in turre castri Burgi <supplied reason="support endommagé"
                                        >[ta]blanda</supplied> et <lb/> postibus emptis ad idem
                                    ultra hoc quod computatum fuit anno preterito : XXXVIII solidos
                                    viennensium </item>
                                <item> in furno de Fabricis recooperiendo tegulis emptis ad idem :
                                    <lb/> XXVIII solidos VI denarios viennensium </item>
                                <item> in locagio domus in qua repositum fuit fenum domini : XIIII
                                    solidos </item>
                                <item> in prandio hominum apportantium usagia domini <lb/> ad
                                    castrum tertia die nativitatis Domini : XX solidos viennensium </item>
                                <item> in expensis cause mote contra dominum de Turre super nemore
                                    Gaudinorum : XX solidos viennensium </item>
                                <item> in stipendiis <lb/> diversorum nunciorum missorum pro
                                    diversis negotiis domini : XXVII<note> Cette somme a remplacé
                                        une précédente rédaction après effacement : la correction
                                        porte sur les unités.</note> solidos </item>
                                <item> in expensis Humberti Clavelli missi de mandato domini ad
                                    Guespam in Burgondiam : XXXIIII <lb/> solidos viennensium </item>
                                <item> in expensis quorumdam hominum euntium cum ipso ad diem
                                    assignatam cum domina de Vilario pro negotio Humberti Chanbu : X
                                    solidos </item>
                                <item><lb/> summa : X lb. VII s. VI d. vien. </item>
                            </list></p>
                    </div>
                    <div xml:id="librata">
                        <head>[librata]<note>Rubrique non indiquée</note></head>
                        <p><list>
                                <item><lb/> idem libravit donno Guillermo de Porta pro prebenda quam
                                    percipit singulis annis pro capella Sancti Mauritii deservienda
                                    de dono domini R[enaudi]<note> Le texte ne fournit que
                                        l’initiale. Il s’agit vraisemblablement de Renaud IV.</note>
                                    domini quondam Baugiaci per litteras <lb/> domini de mandato
                                    quas ostendit et iniunctum est castellano quod decetero non
                                    solvat dictam prebendam nisi idem capellanus in dicta capella
                                    deserviat : VII libras X solidos viennensium </item>
                                <item><lb/> idem libravit Berardo de Bayviers domicello pro
                                    concordia facta cum ipso per manum iudicis super querela quam
                                    faciebat de manso de Aniat per litteras prioris de <lb/> Sellons
                                    de quitatione quam reddit : VIII libras viennensium </item>
                                <item><lb/> idem libravit Hugoni Grassi pro emenda dampni sibi
                                    illati in prato suo iuxta calciatam camini ale Burgi : XXX
                                    solidos viennensium </item>
                                <item><lb/> idem libravit Morello piscatori domini pro duodecim
                                    paneris piscium de Salli emptis, missis apud Sanctum
                                    Sinphorianum, Sanctum Georgium et Septimum per litteras domini
                                    de <lb/> mandato quas reddit et pro uno naviolo empto pro dictis
                                    piscibus adducendis cum charreagio dictorum piscium usque ad
                                    ripam Rodani apud Sanctum Sinphorianum et <lb/> Viennam et cum
                                    sexaginta solidis pro expensis dicti Morelli : LV libras II
                                    solidos viennensium </item>
                                <item><lb/> idem libravit donno Iohanni Floridi capellano per
                                    litteras domini de mandato et litteras ipsius de recepta quas
                                    reddit : XX libras viennensium </item>
                                <item><lb/> summa librate : IIII<hi rend="sup">XX</hi> XII lb. II s.
                                    vien. </item>
                            </list></p>
                    </div>
                    <div>
                        <p><list>
                                <item><lb/> summa expense et librate : CII lb. IX s. VI d. vien. —
                                    qui valent ad fortes novos campsi duplices : LI libras IIII
                                    solidos <lb/> IX denarios fortium novorum </item>
                            </list></p>
                    </div>
                </div>
                <div xml:id="bilan">
                    <p><list>
                            <item> et sic debet : II<hi rend="sup">C</hi> XXXI libras XV solidos
                                VIII denarios fortium novorum — de quibus <supplied
                                    reason="support endommagé">res[pondet]</supplied><lb/> in
                                computo proxime sequenti de castellania Castellionis</item>
                        </list></p>
                </div>
            </div>
            <div xml:id="cpt2" type="subaccount">
                <div xml:id="prologue_2">
                    <p><lb/> Computus eiusdem castellani de exitibus castellanie Castellionis supra
                        Chalaronam per idem tempus </p>
                </div>
                <div xml:id="recepte_2">
                    <div xml:id="siligo_2">
                        <head>siligo</head>
                        <p><lb/> idem reddit computum <list>
                                <item> de X bichetis siliginis receptis de Guichardo Syont pro messe
                                    domini et castellani hoc anno </item>
                                <item> de X bichetis receptis de Hugone del Chaley <lb/> pro eodem </item>
                                <item> de X bichetis receptis liberis Alardi de Bosco pro eodem </item>
                                <item> de X bichetis receptis de Guillermo Escoferii pro eodem </item>
                                <item> de X bichetis receptis de Stephano <lb/> de Bosco pro eodem </item>
                                <item> de X bichetis receptis de Matheo del Verney pro eodem </item>
                                <item> de X bichetis receptis de Petro Terrezcart pro eodem </item>
                                <item> de X bichetis <lb/> receptis de Guillermo Borday pro eodem </item>
                                <item> de X bichetis receptis de Guillermo de Rispis pro eodem </item>
                                <item> de X bichetis receptis de Stephano de Rupey pro eodem </item>
                                <item> de <lb/> X bichetis receptis de Stephano de Rossillon pro
                                    eodem </item>
                                <item> de aliis non computat quia non excolunt ad boves </item>
                                <item><lb/> summa : CX bicheti siliginis — de quibus octo bicheti
                                    faciunt sestarium vel asinatam — et remanent </item>
                            </list></p>
                    </div>
                    <div xml:id="avena_2">
                        <head>avena</head>
                        <p><lb/> idem reddit computum <list>
                                <item> de I meyterio avene recepto de Iohanne del Verney pro garda
                                    per annum </item>
                                <item> de I meyterio recepto de Bernardo del Correy pro eodem </item>
                                <item> de II <lb/> meyteriis receptis de Bertodo<note> On avait
                                        commencé à écrire <hi rend="italics">bern</hi>, et le mot
                                        est raturé.</note> de Mon Noel pro eodem </item>
                                <item> de I meyterio recepto de Balbo de Monte Folons pro eodem </item>
                                <item> de I meyterio recepto de Hugoneto <lb/> de La Millarderi pro
                                    eodem </item>
                                <item> de I meyterio recepto de relicta Baysinens pro eodem </item>
                                <item> de I meyterio recepto de Paynet pro eodem </item>
                                <item> de <lb/> I meyterio de Ogerio Billat pro eodem </item>
                                <item> de I meyterio de Leproso de La Fayola pro eodem </item>
                                <item> de I meyterio de Nalays de La Fayola <sic>pro <lb/> pro</sic>
                                    eodem </item>
                                <item> de X meyteriis receptis de hominibus de Lordes<note> On avait
                                        commencé à écrire <hi rend="italics">lorg</hi>, et le mot
                                        est raturé.</note> pro eodem </item>
                                <item><lb/> summa : XXI meyterii avene — et remanent</item>
                            </list></p>
                    </div>
                    <milestone n="4" unit="vue"/>
                    <pb n="3"/>
                    <div xml:id="cera_2">
                        <head>cera</head>
                        <p><lb/> idem reddit computum <list>
                                <item> de XXI libris cere receptis de gardis et recognitionibus per
                                    annum ut in particulis in computo precedenti </item>
                                <item><lb/> summa : XXI libre cere — venduntur ut infra </item>
                            </list></p>
                    </div>
                    <div xml:id="galline_2">
                        <head>galline</head>
                        <p><lb/> idem reddit computum <list>
                                <item> de XI gallinis receptis de redditu per annum ut in particulis
                                    in computo precedenti </item>
                                <item><lb/> summa : XI galline — venduntur ut infra </item>
                            </list></p>
                    </div>
                    <div xml:id="denarii_census_2">
                        <head>denarii census</head>
                        <p><lb/> idem reddit computum <list>
                                <item> de XV libris IX denariis viennensium receptis de redditu per
                                    annum ut in particulis in computo precedenti </item>
                                <item><lb/> summa : XV lb. IX d. vien. </item>
                            </list></p>
                    </div>
                    <div xml:id="macellum_2">
                        <head>macellum</head>
                        <p><lb/> idem reddit computum <list>
                                <item> de XL solidis VI denariis viennensium receptis de exitu domus
                                    macelli Castellionis usque ad festum <del rend="overstrike"
                                        >beate</del> purificationis beate Marie </item>
                                <item><lb/> summa : XL s. VI d. vien. </item>
                            </list></p>
                    </div>
                    <div xml:id="garde_et_comande">
                        <head>garde et comande</head>
                        <p><lb/> idem reddit computum <list>
                                <item> de XXX solidis VI denariis receptis de gardis et comandis per
                                    annum ut in particulis in computo precedenti </item>
                                <item><lb/> summa : XXX s. VI d. vien. </item>
                            </list></p>
                    </div>
                    <div xml:id="firme_2">
                        <head>firme</head>
                        <p><lb/> idem reddit computum <list>
                                <item> [de] C libris viennensium<note> On a écrit <hi rend="italics"
                                            >C</hi> et <hi rend="italics">viennensium</hi> en
                                        corrigeant après effacement de la rédaction primitive. C’est
                                        peut-être pourquoi il faut suppléer <hi rend="italics"
                                            >de</hi>.</note> receptis de medietate firme leyde,
                                    eminagii, banchagii fori, chacipollerie, furni, banni vini et
                                    lingarum <lb/> boum et nundinarum Castellionis de anno finiendo
                                    in crastino beati Iohannis baptiste anno Domini LXX<hi
                                        rend="sup">o</hi> octavo et tunc debentur tantundem<note> On
                                        avait sans doute d’abord écrit <hi rend="italics">tand</hi>,
                                        et le mot paraît raturé, mais le support a été ici délavé
                                        par l’humidité et l’encre est en partie effacée. La seconde
                                        syllabe du mot est écrite en toutes lettres dans les <hi
                                            rend="italics">stipendia castellani</hi>.</note></item>
                                <item> de <lb/> XX solidis viennensium receptis de medietate firme
                                    cridagii et chanperie<note> On attendrait <hi rend="italics"
                                            >champerie</hi>, puisque l’on écrit toujours ici <hi
                                            rend="italics">computum</hi>.</note> finiende eodem
                                    termino et tunc debentur tantundem </item>
                                <item> de<note> Le texte s’interrompt ainsi.</note></item>
                                <item><lb/> summa : CI lb. vien. </item>
                            </list></p>
                    </div>
                    <div xml:id="laudes_vende_2">
                        <head>laudes vende</head>
                        <p><list>
                                <item><lb/> de laudibus et vendis nichil per dictum tempus </item>
                            </list></p>
                    </div>
                    <div xml:id="banna_et_clame">
                        <head>banna et clame</head>
                        <p><lb/> idem reddit computum <list>
                                <item> de XL solidis receptis de uxore Morelli Manent pro banno
                                    adulterii </item>
                                <item><lb/> summa : XL s. vien. </item>
                            </list></p>
                    </div>
                    <div xml:id="venditiones_2">
                        <head>venditiones</head>
                        <p><lb/> idem reddit computum <list>
                                <item> de XLII solidis viennensium receptis de viginti una libris
                                    cere venditis ut supra, qualibet libra vendita duos
                                        solidos<note> L’accusatif s’impose ici : <hi rend="italics"
                                            >duos</hi> est écrit en toutes lettres.</note></item>
                                <item> de V solidis VI denariis <lb/> receptis de undecim gallinis
                                    venditis ut supra, qualibet gallina vendita sex denarios </item>
                                <item><lb/> summa : XLVII s. VI d. vien. </item>
                                <item><lb/> summa totius recepte : VI<hi rend="sup">XX</hi> III lb.
                                    XIX s. III d. vien. </item>
                            </list></p>
                    </div>
                    <div xml:id="caorsini_et_iudei_2">
                        <head>caorsini et iudei<note type="césure"><hi rend="italics">caorsini
                                    <lb/>et iudei</hi></note></head>
                        <p><lb/> idem reddit computum <list>
                                <item> de LXX libris viennensium receptis de caorsinis morantibus
                                    apud Burgum et Castellionis <lb/> de L libris viennensium
                                    receptis de Ioceto, iudeo morante apud Burgum, de anno<note> Le
                                        texte s’interrompt ainsi.</note></item>
                                <item><lb/> summa : VI<hi rend="sup">XX</hi> lb. vien. </item>
                            </list></p>
                    </div>
                    <div xml:id="arreragium">
                        <head>arreragium</head>
                        <p><lb/> item reddit computum <list>
                                <item> de XXVII libris IX solidis I denario <add place="interlinear"
                                        >viennensium</add> receptis de remanentia computi sui anni
                                    precedentis </item>
                                <item> de II<hi rend="sup">C</hi> XXXI libris XV solidis VIII
                                    denariis fortium <lb/> novorum receptis de remanentia computi
                                    sui proxime precedentis de castellania Burgi per dictum tempus </item>
                                <item><lb/> summa : XXVII lb. IX s. I d. vien. et II<hi rend="sup"
                                        >C</hi> XXXI lb. XV s. VIII d. fort. </item>
                            </list></p>
                    </div>
                    <div xml:id="bilan_recepte_2">
                        <p><list>
                                <item><lb/> summa totius<note> On lit ici <hi rend="italics">tocius,
                                            negociorum</hi>, que l’on transcrit – selon la
                                        convention d’édition prescrivant l’usage général de la
                                        graphie classique – <hi rend="italics">totius,
                                            negotiorum</hi>.</note> recepte cum arreragio : II<hi
                                        rend="sup">C</hi> XXXI lb. XV s. VIII d. fort. et II<hi
                                        rend="sup">C</hi> LXXI lb. VIII s. IIII d. vien. </item>
                            </list></p>
                    </div>
                </div>
                <div xml:id="expense_et_librate_2">
                    <div xml:id="expensa_2">
                        <head>[expensa]<note>Rubrique non indiquée</note></head>
                        <p>de quibus <list>
                                <item><lb/> in quodam fossato facto circa domum fori Castellionis :
                                    V solidos IIII denarios </item>
                                <item> in camino in introitu pontis et introitu ale aptando : XV
                                    <lb/> solidos IX denarios </item>
                                <item> in domo furni Castellionis recooperienda et ipso furno
                                    aptando : XXXI solidos III denarios </item>
                                <item> in domo macelli supra pontem <lb/> Chalarone facienda et
                                    banchis ibidem faciendis in taschia per Guionetum de Molendino
                                    carpentarium : XXV libras viennensium </item>
                                <item> in <supplied reason="support endommagé">quatuor
                                        milibus</supplied><lb/> tegule emptis pro dicta domo macelli
                                    cooperienda ultra decem milia que ibi erant : LXVIII solidos </item>
                                <item> idem libravit <supplied reason="support endommagé">domino
                                        Bosoni de</supplied><lb/> Monte Diderii pro iure quod
                                    habebat in prato in quo est facta domus fori per publicum
                                    instrumentum quod custodit castellanus de <supplied
                                        reason="support endommagé">empto</supplied> : C solidos
                                    viennensium </item>
                                <item><lb/> in stipendiis ipsius castellani capientis per annum
                                    viginti quinque libras viennensium pro medietate anni finiendi
                                    in festo beati Iohannis anno LXX<hi rend="sup">o</hi> octavo
                                    <lb/> et tunc sibi debentur tantundem : XII libras X solidos </item>
                                <item> in expensis duorum clientum quos secum tenuit pro expeditione
                                    negotiorum <lb/> domini ultra conventionem factam cum eo per
                                    annum unum finitum in festo beate Lucie anno LXX<hi rend="sup"
                                        >o</hi> septimo : X libras viennensium </item>
                            </list></p>
                    </div>
                    <div>
                        <p><list>
                                <item><lb/> summa expense et salarii : LVIII lb. X s. IIII d. vien.
                                </item>
                            </list></p>
                    </div>
                </div>
                <div xml:id="bilan_2">
                    <p><list>
                            <item> et sic debet : II<hi rend="sup">C</hi> XXXI libras XV solidos
                                VIII denarios <lb/> fortium novorum et II<hi rend="sup">C</hi> XII
                                libras XVIII solidos viennensium </item>
                            <item> et, campsis fortibus ad viennenses duplices, debet : VI<hi
                                    rend="sup">C</hi> LXXVI libras <supplied
                                    reason="support endommagé">IX solidos IIII</supplied><lb/>
                                denarios viennensium </item>
                            <item> de quibus in continenti solvit donno Bosoni, capellano domini :
                                    V<hi rend="sup">C</hi> Xl libras viennensium </item>
                            <item> et sic debet <supplied reason="support endommagé"
                                    >finaliter</supplied> : <lb/> VI<hi rend="sup">XX</hi> XVI
                                libras IX solidos IIII denarios viennensium </item>
                            <item> de quibus solvit domino Iohanni Floridi, per manum Ioceti, iudei,
                                de quibus idem iudeus <lb/> habet litteram dicti domini Iohannis de
                                recepta : L libras viennensium </item>
                            <item> item solvit donno Bosoni, capellano domini, apud Sanctum
                                Georgium, die dominica in quindena <lb/> apostolorum Philippi et
                                Iacobi anno LXXVIII<hi rend="sup">o</hi> : IIII<hi rend="sup"
                                    >XX</hi><del rend="overstrike">IIII</del><add
                                    place="interlinear">V</add> libras viennensium </item>
                            <item> item solvit Humberto Clavel qui eidem debebantur ut infra pro
                                quibusdam expensis factis <lb/> per ipsum : XX solidos </item>
                            <item> et sic debet : IX solidos IIII denarios viennensium </item>
                            <item><lb/><del rend="overstrike">debent eidem castellano allocari XX
                                    solidi pro quibusdam expensis factis per Humbertum Clavelli pro
                                    quodam latrone</del></item>
                        </list></p>
                </div>
            </div>
        </body>
    </text>
</TEI>
