<?xml version="1.0" encoding="UTF-8"?>
<?oxygen RNGSchema="http://www.tei-c.org/release/xml/tei/custom/schema/relaxng/tei_all.rng" type="xml"?>
<TEI xmlns="http://www.tei-c.org/ns/1.0" xml:id="B7080_7">
    <teiHeader>
        <fileDesc>
            <titleStmt>
                <title>Compte de Brun de Montailleur (<hi rend="italics">Brunus de
                    Monteillous</hi>), châtelain, pour la châtellenie de Bourg-en-Bresse et la
                    châtellenie de Châtillon-sur-Chalaronne, du jeudi 30 mai 1280 au lundi 24 juin
                    1280 <date type="debut" from-iso="12800530" cert="high"/><date type="fin"
                        from-iso="12800624" cert="high"/></title>
                <respStmt>
                    <persName><name xml:lang="fra">Brunet de Montailleur</name><name xml:lang="lat"
                            >Brunus de Moteillous</name></persName>
                    <resp>Châtelain</resp>
                </respStmt>
            </titleStmt>
            <publicationStmt>
                <p>Christian Guilleré, Frédéric Chartrain et Alain Kersuzan, avec la collaboration de Nils Mantilleri, Jean-Michel Poisson, et Marianne Ronot, 
                    <title>Compte de Brun de Montailleur (<hi rend="italics">Brunus de
                        Monteillous</hi>), châtelain, pour la châtellenie de Bourg-en-Bresse et la
                        châtellenie de Châtillon-sur-Chalaronne, du jeudi 30 mai 1280 au lundi 24 juin
                        1280</title>,
                    Lyon - Chambéry, 2011 (<title>Documents comptables des Etats de Savoie, XIIIe - XVe s.</title>)</p>
            </publicationStmt>
            <seriesStmt>
                <title>Bourg-en-Bresse</title>
                <title>Châtillon-sur-Chalaronne</title>
            </seriesStmt>
            <sourceDesc>
                <p>Information about the source</p>
            </sourceDesc>
        </fileDesc>
    </teiHeader>
    <text>
        <body>
            <div xml:id="cpt1" type="subaccount">
                <milestone n="14" unit="vue"/>
                <pb n="13"/>
                <div xml:id="prologue">
                    <p><lb/> Computus Bruni de Montellous castellani Burgi a die iovis in
                            festo<note> Le rédacteur de ce compte lie généralement la préposition
                                <hi rend="italics">in</hi> au substantif qui le suit : <hi
                                rend="italics">infesto</hi> pour <hi rend="italics">in festo</hi>,
                                <hi rend="italics">insucursu</hi> pour <hi rend="italics">in
                                succursu</hi>, etc.</note> ascensionis Domini anno Eiusdem M<hi
                            rend="sup">o</hi> CC<hi rend="sup">o</hi> octogesimo <lb/> usque ad diem
                        lune in festo beati Iohannis baptiste anno eodem videlicet de viginti
                        quinque diebus</p>
                </div>
                <div xml:id="recepte">
                    <div xml:id="frumentum">
                        <head>frumentum</head>
                        <p><lb/> idem reddit computum <list>
                                <item> de III sestariis frumenti receptis de exitu coponagii fori a
                                    die lune ante festum chathedre<note> Lire <hi rend="italics"
                                            >cathedre</hi>.</note> sancti Petri anno LXX<hi
                                        rend="sup">o</hi> IX<hi rend="sup">o<note> Le lundi 19
                                            février 1280 (nouveau style).</note></hi> usque ad diem
                                    lune <lb/> in festo beati Iohannis baptiste anno LXXX<hi
                                        rend="sup">o</hi></item>
                                <item> de XXII sestariis I quartallo frumenti receptis de remanentia
                                    computi sui precedentis </item>
                                <item><lb/> summa : XXV sestarii I quartallo frumenti </item>
                                <item> de quibus <lb/> libravit domino Antelmo ballivo Viennesii de
                                    mandato domini per litteras<note> La forme abrégée pourrait
                                        aussi se trancrire <hi rend="italics">literas</hi>.</note>
                                    ipsius ballivi quas reddit datas die martis post penthecosten
                                    anno eodem : XXIIII <lb/> sestarios frumenti </item>
                                <item> et restant : I sestarium I quartallum frumenti — et remanent
                                </item>
                            </list></p>
                    </div>
                    <div xml:id="siligo">
                        <head>siligo</head>
                        <p><lb/> idem recepit computum <list>
                                <item> de V sestariis siliginis receptis de exitu coponagii fori a
                                    die lune ante festum cathedre sancti Petri anno LXX<hi
                                        rend="sup">o</hi> IX<hi rend="sup">o</hi> usque ad diem
                                    <lb/> lune in festo beati Iohannis baptiste anno LXXX<hi
                                        rend="sup">o</hi></item>
                                <item> de VII<hi rend="sup">XX</hi> XIX sestariis II quartallis II
                                    cupis siliginis receptis de remanentia computi sui precedentis </item>
                                <item><lb/> summa : VIII<hi rend="sup">XX</hi> IIII sestarii II
                                    quartalli II cupis siliginis </item>
                                <item> de quibus <lb/> libravit domino Antelmo de Turnone ballivo
                                    pro faciendis expensis in sucursu<note> On écrit ici <hi
                                            rend="italics">sucursu</hi> pour <hi rend="italics"
                                            >succursu</hi>, mais <hi rend="italics"
                                            >neccessariis</hi> pour <hi rend="italics"
                                            >necessariis</hi>.</note> Montis Floris<note>
                                        Aujourd’hui Montfleur (Jura).</note> per litteras dicti
                                    ballivi quas reddit datas die mercurii <lb/> post octabas<note>
                                        La forme abrégée pourrait aussi se transcrire <hi
                                            rend="italics">octabam</hi>.</note> penthecostes : XIIII
                                    sestarios siliginis </item>
                                <item> et restant : VII<hi rend="sup">xx</hi> X sestarii II
                                    quartalli II cupe siliginis </item>
                                <item> de quibus deducuntur : VI <lb/> sestarii I quartallus
                                    siliginis qui nimis computati fuerunt supra ipsum tempore quo
                                    fuit castellanus prout probatum fuit coram iudice </item>
                                <item> item pro consumptione ipsius <lb/> bladi : VIII sestarii </item>
                                <item> summa deductionis : XIIII sestarii I quartallus siliginis </item>
                                <item> et restant : VI<hi rend="sup">xx</hi> XVI sestarii I
                                    quartallus II cupe siliginis — et remanent </item>
                            </list></p>
                    </div>
                    <div xml:id="avena">
                        <head>avena</head>
                        <p><lb/> idem reddit computum <list>
                                <item> de II sestariis avene receptis de exitu coponagii fori per
                                    dictum tempus </item>
                                <item> de XLVI sestariis I quartallo II rasis receptis de remanentia
                                    computi sui <lb/> precedentis </item>
                                <item> summa : XLVIII sestarii I quartallus II rase avene </item>
                                <item> de quibus in consumptione<note type="césure"><hi
                                            rend="italics">consump<lb/>tione</hi></note> : <lb/> II
                                    sestarios </item>
                                <item> et restant : XLVI sestarii I quartallus II rase avene — et
                                    remanent </item>
                            </list></p>
                    </div>
                    <div xml:id="fabe">
                        <head>fabe</head>
                        <p><lb/> idem reddit computum <list>
                                <item> de III cupis fabarum receptis de exitu coponagii fori per
                                    dictum tempus </item>
                                <item> de III quartallis fabarum receptis de remanentia computi sui
                                    precedentis <lb/><sic>et</sic><note> On avait peut-être commencé
                                        à écrire par étourderie le rituel <hi rend="italics">et
                                            remanent</hi> avant la <hi rend="italics"
                                        >summa</hi>.</note></item>
                                <item> summa : III quartalli III cupe fabarum — et remanent </item>
                            </list></p>
                    </div>
                    <div xml:id="iayssie">
                        <head>iayssie</head>
                        <p><lb/> idem reddit computum <list>
                                <item> de III cupis iayssiarum receptis de exitu coponagii fori per
                                    dictum tempus </item>
                                <item> de II quartallis II cupis receptis de remanentia computi sui
                                    <lb/> precedentis — et remanent </item>
                            </list></p>
                    </div>
                    <div xml:id="milium">
                        <head>milium</head>
                        <p><lb/> idem reddit computum <list>
                                <item> de I cupa milii recepta de exitu coponagii fori per dictum
                                    tempus </item>
                                <item> de III sestariis milii receptis de remanentia computi sui
                                    precedentis </item>
                                <item><lb/> summa : III sestarii I cupa milii — et remanent </item>
                            </list></p>
                    </div>
                    <div xml:id="galline">
                        <head>galline</head>
                        <p><lb/> idem reddit computum <list>
                                <item> de III<hi rend="sup">C</hi> IIII<hi rend="sup">XX</hi> II
                                    gallinis receptis de remanentia computi sui precedentis — et
                                    remanent </item>
                            </list></p>
                    </div>
                    <div xml:id="fenum">
                        <head>fenum</head>
                        <p><lb/> idem reddit computum <list>
                                <item> de V charratis feni in grangia domini apud Burgum </item>
                                <item> de I charrata feni in grangia apud
                                        <foreign>Chastelet</foreign> — et remanent </item>
                            </list></p>
                    </div>
                    <div xml:id="denarii_census">
                        <head>denarii census<note> Cette rubrique est trompeuse : outre les <hi
                                    rend="italics">denarii census</hi>, il est question dans ce
                                titre des <hi rend="italics">garde</hi>, des <hi rend="italics"
                                    >tallie</hi>, des <hi rend="italics">teise domorum</hi>, et du
                                    <hi rend="italics">macellum</hi>.</note></head>
                        <p><list>
                                <item><lb/> de denariis census de gardis de talliis teisis domorum
                                    et macello nichil<note> L’original est ponctué <hi
                                            rend="italics">de denariis census — de gardis • de
                                            talliis — teisis domorum et macello •
                                        nichil</hi>.</note> per dictum tempus </item>
                            </list></p>
                    </div>
                    <div xml:id="leyda_fori_et_exitus_domus_fori">
                        <head>leyda fori et exitus domus fori<note type="césure"><hi rend="italics"
                                    >leyda fori et <lb/> exitus domus fori</hi></note></head>
                        <p><lb/> idem reddit computum <list>
                                <item> de LXIIII solidis viennensium receptis de exitu leyde fori
                                    Burgi per dictum tempus et de non habentibus banchas locatas </item>
                                <item> de grosso banchagio <lb/> fori de banchis locatis non
                                    computat quia recuperantur in festo beati Martini </item>
                                <item><lb/> summa : LXIIII<note> Le premier <hi rend="italics"
                                            >I</hi> est maladroitement raturé : on avait peut-être
                                        commencé à écrire <hi rend="italics">V</hi>.</note> s. vien.
                                </item>
                            </list></p>
                    </div>
                    <div xml:id="firme">
                        <head>firme</head>
                        <p><lb/> idem reddit computum <list>
                                <item> de VI libris XII solidis VI denariis fortium receptis de
                                    medietate firme furni de <foreign>Bagia</foreign> finita<note>
                                        On attendrait <hi rend="italics">finite</hi>, accordé à <hi
                                            rend="italics">firme</hi>, comme dans l’article suivant,
                                        et non <hi rend="italics">finita</hi>, accordé à <hi
                                            rend="italics">medietate</hi>.</note> in festo beati
                                    Iohannis baptiste anno LXXX<hi rend="sup">o</hi> et de alia
                                    <lb/> medietate firme computavit in computo precedenti </item>
                                <item> de VI libris X solidis receptis de medietate firme furni de
                                    Fabricis finite eodem termino et de alia medietate <lb/>
                                        computavit<note type="césure"><hi rend="italics"
                                            >com<lb/>putavit</hi></note> in computo precedenti </item>
                                <item> de VIII libris XV solidis receptis de medietate firme
                                    chacipolerie finite eodem termino et de alia medietate
                                    computavit in <lb/>computo precedenti </item>
                                <item> de XV solidis receptis de medietate firme cridagii finite
                                    eodem termino et de alia medietate computavit in computo
                                    precedenti </item>
                                <item> de decem <lb/> solidis qui debentur pro firma champerie non
                                    computat per dictum tempus quia recuperantur in assumptione
                                    beate Marie et de ipsis computavit in computo precedenti </item>
                                <item><lb/> de exitu quintalli nichil per dictum tempus </item>
                                <item><lb/> summa : XXII lb. XII s. VI d. fort. </item>
                            </list></p>
                    </div>
                    <div xml:id="bilan_recepte">
                        <p><list>
                                <item><lb/> summa totius<note> On lit ici <hi rend="italics">tocius,
                                            pretio, negocio, credencia</hi>, que l’on transcrit –
                                        selon la convention d’édition prescrivant l’usage général de
                                        la graphie classique – <hi rend="italics">totius, pretio,
                                            negotio, credentia</hi>.</note> recepte : XXIIII lb.
                                    IIII s. VI d. fort. — de quibus respondet <lb/> infra in computo
                                    sequenti de Castellione</item>
                            </list></p>
                    </div>
                </div>
            </div>
            <div xml:id="cpt2" type="subaccount">
                <div xml:id="prologue_2">
                    <p><lb/> Computus eiusdem castellani de exitu castellanie Castellionis per
                        dictum tempus</p>
                </div>
                <div xml:id="recepte_2">
                    <div xml:id="siligo_2">
                        <head>siligo</head>
                        <p><lb/> idem reddit computum <list>
                                <item> de XX asinatis siliginis receptis de medietate firme
                                    coponagii per dictum tempus et de alia medietate computavit in
                                    computo precedenti </item>
                                <item> de <lb/> XLVI asinatis<note> On a effacé un <hi
                                            rend="italics">s</hi> devant <hi rend="italics"
                                            >asinatis</hi>, initiale de <hi rend="italics"
                                            >siliginis</hi> ou de <hi rend="italics">sestariis</hi>.
                                    </note> VII bichetis siliginis receptis de remanentia computi
                                    sui precedentis </item>
                                <item><lb/> summa : LXVI asinate siliginis<note> On a oublié <hi
                                            rend="italics">VII bicheti siliginis</hi>, que l’on
                                        retrouve toutefois dans le reste qui suit.</note></item>
                                <item> de quibus in consumptione : II asinatas </item>
                                <item><lb/> et restant : LXIIII asinate VII bicheti siliginis — et
                                    remanent </item>
                            </list></p>
                    </div>
                    <div xml:id="avena_2">
                        <head>avena</head>
                        <p><lb/> idem reddit computum <list>
                                <item> de XIII asinatis avene receptis de medietate firme coponagii
                                    finite predicto termino et de alia medietate computavit in
                                    computo precedenti </item>
                                <item><lb/> de XXIII asinatis et dimidia avene receptis de
                                    remanentia computi sui precedentis </item>
                                <item><lb/> summa : XXXVI asinate et dimidia avene </item>
                                <item> de quibus in consumptione <lb/> I asinatam </item>
                                <item> et restant : XXXV asinate et dimidia avene — et remanent </item>
                                <item><lb/> de gallinis cera denariis census macello gardis<note> Le
                                        texte original est ponctué : <hi rend="italics">de gallinis
                                            — cera — denariis census — macello — gardis</hi>. La
                                        marge gauche du support a été détruite, avec la rubrique qui
                                        s’y trouvait, peut-être <hi rend="italics"
                                        >galline</hi>.</note> non computat per dictum tempus quia
                                    solvuntur in computo precedenti </item>
                            </list></p>
                    </div>
                    <div xml:id="firme_2">
                        <head><supplied reason="support détruit">[firm]e</supplied></head>
                        <p><lb/> idem reddit computum <list>
                                <item> de L libris viennensium receptis de medietate firme leyde
                                    banchagii fori et nundinarum Castellionis<note> Le texte
                                        original est ponctué : <hi rend="italics">de medietate firme
                                            leyde banchagii • fori et nundinarum
                                        Castellionis</hi>.</note> de anno finito in festo beati
                                    Iohannis anno <lb/> LXXX<hi rend="sup">o</hi> et de alia
                                    medietate computavit in computo precedenti </item>
                                <item> de C solidis viennensium receptis de medietate firme
                                    chacipolerie finite eodem termino et de alia medietate <lb/>
                                    computavit in computo precedenti </item>
                                <item> de XII libris V solidis receptis de medietate firme furni
                                    Castellionis finite eodem termino </item>
                                <item> de IIII libris XVII solidis VI denariis viennensium <lb/>
                                    receptis de medietate firme lingarum boum cridagii banni vini et
                                        champerie<note> Le texte original est ponctué : <hi
                                            rend="italics">de medietate firme lingarum boum •
                                            cridagii • banni vini • et champerie</hi>.</note> finite
                                    eodem termino et de alia medietate computavit in computo
                                    precedenti </item>
                                <item><lb/> summa : LXXII lb. II s. VI d. vien. </item>
                            </list></p>
                    </div>
                    <div xml:id="laudes_et_vende_2">
                        <head>laudes et vende</head>
                        <p><lb/> idem reddit computum <list>
                                <item> de XXXVI solidis VIII denariis viennensium receptis de Hugone
                                    de Foresta pro domo empta de Martino <foreign>Tirinuel</foreign>
                                    pretio undecim librarum viennensium </item>
                                <item><lb/> summa : XXXVI s. VIII d. vien. </item>
                            </list></p>
                    </div>
                    <div xml:id="bilan_recepte_2">
                        <p><list>
                                <item><lb/> summa totius recepte : LXXIII lb. XIX s. II d. vien. </item>
                                <item> quibus adduntur : XLVIII libre VIII solidi VI denarii
                                    viennensium pro <lb/> viginti quatuor libris quatuor solidis sex
                                    denariis fortium ut supra de castellania de Burgo </item>
                                <item><lb/> summa recepte et additi : VI<hi rend="sup">XX</hi> II
                                    lb. VII s. VIII d. vien. </item>
                            </list></p>
                        <div xml:id="arreragium">
                            <head><supplied reason="support détruit">[arre]ragium</supplied></head>
                            <p><lb/> idem reddit computum <list>
                                    <item> de IIII<hi rend="sup">XX</hi> I libris IX denariis
                                        viennensium receptis de remanentia computi sui precedentis
                                    </item>
                                </list></p>
                        </div>
                        <div>
                            <p><list>
                                    <item><lb/> summa totius recepte cum arreragio : II<hi
                                            rend="sup">C</hi> III lb. VIII s. V d. vien. de quibus
                                    </item>
                                </list></p>
                        </div>
                    </div>
                </div>
                <div xml:id="expense_et_librate">
                    <p><list>
                            <item> in diversis <lb/> nunciis<note type="césure"><hi rend="italics"
                                        >nun<lb/>ciis</hi></note> missis per idem tempus pro negotio
                                Montis Floris et in blado domini transmutando : XXXI solidos VIII
                                denarios viennensium </item>
                            <item> in stipendiis ipsius castellani per dictum <lb/> tempus capientis
                                per annum viginti quinque libras : XXX solidos viennensium </item>
                            <item> in stipendiis duorum clientum quos secum tenuit pro expeditione
                                negotiorum domini ultra <lb/> conventionem factam cum eo capientium
                                decem libras per annum a festo ascensionis Domini usque ad festum
                                beati Iohannis videlicet per tres septimanas : XII solidos <lb/>
                                viennensium </item>
                            <item> summa expense et salarii : LXXIII s. VIII d. vien. </item>
                            <item><lb/> idem libravit domino Antelmo de Turnone ballivi in Viennesio
                                pro expensis neccessariis in sucursu Montis Floris per litteras
                                domini de credentia et per litteras ipsius <lb/> ballivi de recepto
                                quas reddit datas die mercurii post penthecosten anno LXXX<hi
                                    rend="sup">o</hi> : L libras viennensium </item>
                            <item><lb/> idem libravit Stephano tupinerio pro loquagio granerii sui
                                in quo reposita est avena domini de messe et redditu : XII solidos
                                viennensium </item>
                            <item><lb/> idem libravit magistro Maurisio pro loquagio granerii sui in
                                quo reposita est siligo domini de redditu et messe : III solidos
                                viennensium </item>
                            <item><lb/> idem libravit domino Guillermo de <foreign>Gletens</foreign>
                                pro loquagio granerii sui apud Castellionem in quo repositum est
                                bladum domini de Castellione : XII solidos viennensium </item>
                            <item><lb/> summa librate : LI lb. VII s. vien. </item>
                            <item><lb/> summa expense salarii et librate : LV lb. VIII d. vien.
                            </item>
                        </list></p>
                </div>
                <div xml:id="bilan">
                    <p><list>
                            <item> et sic debet : VII<hi rend="sup">XX</hi> VIII libras VII solidos
                                IX denarios viennensium </item>
                            <item><lb/> de quibus deducuntur VI solidi viennensium pro expensis et
                                salario unius gaytie quam secum tenuit per sexdecim dies tempore
                                cavalcate Montis Floris <lb/> et sic debet finaliter : VII<hi
                                    rend="sup">XX</hi> VIII libras XXI denarios viennensium </item>
                            <item> de quibus solvit Guillermo Boni de Canberiaco<note> On écrit ici
                                        <hi rend="italics">Canberiaco</hi>, et non <hi
                                        rend="italics">Camberiaco</hi>.</note> familiario domini per
                                litteras <lb/> domini de mandato et litteras ipsius Guillermi de
                                recepta quas reddit : VII<hi rend="sup">XX</hi> libras viennensium </item>
                            <item> item solvit Iohanni de <foreign>Verunz</foreign> de Castellione
                                <lb/> quas dominus sibi dimisit de censo Castellionis per litteras
                                domini de mandato quas reddit : VIII libras viennensium </item>
                            <item> et sic debet : XXI denarios <lb/> viennensium</item>
                        </list></p>
                </div>
            </div>
        </body>
    </text>
</TEI>
