<?xml version="1.0" encoding="UTF-8"?>
<?oxygen RNGSchema="http://www.tei-c.org/release/xml/tei/custom/schema/relaxng/tei_all.rng" type="xml"?>
<TEI xmlns="http://www.tei-c.org/ns/1.0" xml:id="B7080_3">
    <teiHeader>
        <fileDesc>
            <titleStmt>
                <title>Compte de Brun de Montailleur (<hi rend="italics">Brunetus</hi>), châtelain
                    de Bourg-en-Bresse, <hi rend="italics">de expensis factis in munitione quam
                        fecit tenendo castrum de Monflour</hi>, du jeudi 9 mars 1279 (nouveau style)
                    au dimanche 20 août 1279 <date type="debut" from-iso="12790309" cert="high"
                        /><date type="fin" from-iso="12790820" cert="high"/></title>
                <respStmt>
                    <persName><name xml:lang="fra">Brunet de Montailleur</name><name xml:lang="lat"
                            >Brunetus</name></persName>
                    <resp>Châtelain</resp>
                </respStmt>
            </titleStmt>
            <publicationStmt>
                <p>Christian Guilleré, Frédéric Chartrain et Alain Kersuzan, avec la collaboration de Nils Mantilleri, Jean-Michel Poisson, et Marianne Ronot, 
                    <title>Compte de Brun de Montailleur (<hi rend="italics">Brunetus</hi>), châtelain
                        de Bourg-en-Bresse, <hi rend="italics">de expensis factis in munitione quam
                            fecit tenendo castrum de Monflour</hi>, du jeudi 9 mars 1279 (nouveau style)
                        au dimanche 20 août 1279</title>,
                    Lyon - Chambéry, 2011 (<title>Documents comptables des Etats de Savoie, XIIIe - XVe s.</title>)</p>
            </publicationStmt>
            <seriesStmt>
                <title>Bourg-en-Bresse</title>
            </seriesStmt>
            <sourceDesc>
                <p>Information about the source</p>
            </sourceDesc>
        </fileDesc>
    </teiHeader>
    <text>
        <body>
            <milestone n="6" unit="vue"/>
            <pb n="5"/>
            <div xml:id="prologue">
                <p><lb/>Compotus<note> Lire <hi rend="italics">computus</hi>.</note> Bruneti,
                    castellani Burgi, de expensis factis in munitione quam fecit tenendo castrum de
                        <foreign>Monflour</foreign>, a die <lb/> iovis ante mediam quadragesimam,
                    que fuit VII<hi rend="sup">o</hi> idus marcii, anno Domini M<hi rend="sup"
                        >o</hi> CC<hi rend="sup">o</hi> LXX<hi rend="sup">mo</hi> octavo<note> Le
                        jeudi 9 mars 1279 (nouveau style).</note>, usque ad diem dominicam post
                    assumptionem <lb/> beate Marie, anno LXX<hi rend="sup">mo</hi> IX<hi rend="sup"
                        >o</hi>, videlicet de viginti tribus septimanis et quatuor diebus </p>
            </div>
            <div xml:id="recepte">
                <div xml:id="frumentum">
                    <head>frumentum</head>
                    <p><lb/> idem reddit compotum <list>
                            <item> de XIII <foreign>quartauz</foreign> in frumento et ordeo receptis
                                de exitu molendinorum a festo beati Iohannis baptiste <lb/> citra —
                                venduntur ut infra </item>
                            <item><lb/> de XIIII<hi rend="sup">XX</hi> XVII
                                    <foreign>quartauz</foreign> frumenti receptis de domino Iohanne
                                de <foreign>Rogemont</foreign> de frumento domini de quibus </item>
                            <item> in expensis <lb/> munitionis<note> On a écrit <hi rend="italics"
                                        >mutitionis</hi>.</note> per dictum tempus : VIII<hi
                                    rend="sup">XX</hi> X <foreign>quartauz</foreign></item>
                            <item> domino Guillermo de Insula castellano de
                                    <foreign>Monflour</foreign> : XXII <foreign>quartauz et
                                    dimi</foreign></item>
                            <item> in <lb/> venditione : C et IIII <foreign>quartauz et
                                    dimi</foreign></item>
                            <item><lb/> summa : XIIII<hi rend="sup">XX</hi> XVII
                                    <foreign>quartauz</foreign></item>
                            <item> et sic quitus de frumento <lb/> de avena et de vino respondet
                                infra in <supplied reason="support détruit"
                                >[estima]tis</supplied></item>
                        </list></p>
                </div>
                <div xml:id="denarii">
                    <head>denarii</head>
                    <p><lb/> idem reddit compotum <list>
                            <item> de XII libris III solidis <supplied reason="support détruit"
                                    >[receptis]</supplied> per manum Iohannis de Condamina et
                                plurium aliorum, de censis et servitiis<note> On lit ici <hi
                                        rend="italics">serviciis</hi>, <hi rend="italics"
                                        >tocius</hi>, <hi rend="italics">hospicii</hi>, que l’on
                                    transcrit – selon la convention d’édition prescrivant l’usage
                                    général de la graphie classique – <hi rend="italics"
                                        >servitiis</hi>, <hi rend="italics">totius</hi>, <hi
                                        rend="italics">hospitii</hi>.</note>, et quarumdam <lb/>
                                aliarum villarum castellanie de <foreign>Monflour</foreign></item>
                            <item> de IIII libris XVII solidis receptis de laude duarum domorum
                                venditarum per dictum tempus </item>
                            <item><lb/> de IX solidis X denariis receptis de leyda fori de
                                    <foreign>Monflour</foreign> a festo beati Iohannis baptiste
                                    cistra<note> Lire <hi rend="italics">citra</hi>.</note></item>
                            <item> de XX libris receptis de domino Guichardo <lb/> de
                                    <foreign>Drun</foreign></item>
                            <item> de IIII libris receptis de XL<hi rend="sup">a</hi> pellibus
                                mutonum venditis pro tanto </item>
                            <item><lb/> summa : XLI lb. IX s. X d. </item>
                        </list></p>
                </div>
                <div xml:id="venditiones">
                    <head>venditiones</head>
                    <p><lb/> idem reddit computum <list>
                            <item> de XLIX solidis VI<note> On avait écrit <hi rend="italics"
                                        >VII</hi>, mais le dernier chiffre a été annulé par
                                    exponctuation.</note> denariis receptis de XIII
                                    <foreign>quartauz</foreign> de frumento et ordeo venditis pro
                                tanto </item>
                            <item> de XXVI <lb/> libris et V solidis receptis de <note> Ici, un mot
                                    a été effacé.</note> C et IIII <foreign>quartauz et
                                    dimi</foreign> frumenti venditis ut supra pro tanto </item>
                            <item><lb/> summa : XXVIII lb. XIIII s. VI d. </item>
                        </list></p>
                </div>
                <div xml:id="bilan_recepte">
                    <p><list>
                            <item><lb/> summa totius recepte in denariis : LXX lb. IIII s. IIII d.
                                vien. de quibus </item>
                        </list></p>
                </div>
            </div>
            <div xml:id="expense_et_librate">
                <p><list>
                        <item><lb/> in expensis domini Guichardi de <foreign>Drun</foreign> et dicti
                            Bruneti et plurium aliorum commorantium in munitione quandoque plus
                            quandoque minus a dicta die iovis ante <lb/> mediam quadragesimam usque
                            ad festum apostolorum Philipi<note> On écrit toujours ici <hi
                                    rend="italics">Philipi</hi>, pour <hi rend="italics"
                                    >Philippi</hi>.</note> et Iacobi inclusive, videlicet per septem
                            septimanas et quatuor dies : primo, per manum <lb/> domini Guichardi de
                                <foreign>Drun</foreign>, ut in particulis, XXIX libras VI solidos VI
                            denarios ; item, per manum dicti Bruneti, per idem tempus, ut in
                            particulis : VII<hi rend="sup">XX</hi> IIII libras <lb/> XVIII solidos
                            IIII denarios </item>
                        <item> summa expense per dictum tempus : VIII<hi rend="sup">XX</hi> XIIII
                            lb. IIII s. X d. — sine extimatis </item>
                    </list></p>
                <div xml:id="opera">
                    <head>opera</head>
                    <p><list>
                            <item><lb/> in operibus factis in castro, videlicet in fusta empta, in
                                postibus et in pluribus aliis emptis per dictum tempus, de quibus
                                facte sunt muete defensionis, <lb/> et pluria alia instrumenta infra
                                castrum de carpentatura, et in stipendiis carpentariorum, ut in
                                particulis : XVI libras XIX denarios </item>
                            <item><lb/> in quodam muro facto ante castrum, iuxta fossatum, et in
                                porta ibidem facta, ut in particulis : CXIII solidos IX denarios </item>
                            <item> in fabricatura <lb/> ut in ferro empto, de quibus fiunt plures
                                esparre ferree in portis, et goyfones, et sere, et caville ferree,
                                et clavelli, et <lb/> mille et sexcenti quarelli, qui remanent, et
                                una <unclear>scanis</unclear><note> Pour <hi rend="italics">unum
                                        scamnum </hi>?</note>, et in stipendiis fabri, ut in
                                particulis : XV libras IX denarios </item>
                            <item><lb/> in stipendiis quorumdam hominum lathomorum operantium iuxta
                                castrum pro quodam puteo faciendo : LV solidos IX denarios </item>
                            <item> in quadam <lb/> citerna aptanda infra castrum : XXXV solidos IIII
                                denarios </item>
                            <item> in vadiis balistariorum, cum batiis locatis per idem tempus, ut
                                in particulis : <lb/> VI libras III solidos IX denarios </item>
                            <item> pro aqua apportanda supra tecta et in citerna, et in duabus
                                cordis de canabo : XV solidos X denarios </item>
                            <item> in stipendiis<note type="césure"><hi rend="italics"
                                        >stipen<lb/>diis</hi></note><lb/> plurium gaytiarum<note>
                                    Dans la marge gauche, on a indiqué <hi rend="italics"
                                        >gaytie</hi>.</note> per idem tempus, ut in particulis : VII
                                libras VIII denarios </item>
                            <item> in nunciis<note> Dans la marge gauche, on a indiqué <hi
                                        rend="italics">nuncii</hi>.</note> per idem tempus : XIII
                                solidos II denarios </item>
                            <item> in quatuor milibus <lb/> quarellorum<note> Dans la marge gauche,
                                    on a indiqué <hi rend="italics">quarelli</hi>.</note> emptorum
                                Lugduni, et remanent : XIIII libras<note> On a effacé ensuite, par
                                    grattage, une phrase d’une demi-douzaine de mots.</note></item>
                            <item><lb/> summa operum, vadiorum, gaytiarum, nunciorum, quarellorum :
                                LXX lb. XVIII d. <supplied reason="support endommagé"
                                    >vien.</supplied></item>
                            <item><lb/> summa expense vadiorum, gaytiarum, nunciorum, quarellorum
                                per dictum tempus : XII<hi rend="sup">XX</hi> IIII lb. VI s. IIII d.
                            </item>
                        </list></p>
                </div>
                <div xml:id="expens">
                    <head><lb/> expense facte per dictum Brunetum a dicto festo apostolorum Philipi
                        et Iacobi usque ad dominicam post assumptionem beate Marie, videlicet <lb/>
                        de XVI septimanis : </head>
                    <p><list>
                            <item><lb/> in expensis domini Guichardi et dicti Bruneti, Guigonis
                                    <foreign>del Poyssi</foreign>, decem clientum de Sayssello et
                                duorum de Burgo, et duorum sociorum <lb/> castellani de Burgo, uno
                                fabro, quinque gaytiis, una baeta<note> On attendrait <hi
                                        rend="italics">unius fabri, quinque gaytiarum, unius
                                        baete</hi>.</note>, unius pastoris, unius clerici, duorum
                                garcionum, unius mulieris, <lb/> videlicet XXIX personarum, per
                                dictum tempus, ut in particulis : IIII<hi rend="sup">XX</hi> XVI
                                libras II solidos IX denarios </item>
                            <item> in vadiis, per idem tempus, ut in particulis<note type="césure"
                                        ><hi rend="italics">parti<lb/>culis</hi></note> : <lb/> CII
                                libras XV solidos IIII denarios </item>
                            <item><supplied reason="support détruit">…</supplied><note> Il ne semble
                                    pas y avoir de lacune dans le texte : il n’y avait peut-être
                                    ici, sur la partie manquante du parchemin, qu’un trait de
                                    liaison.</note> in operibus, per idem tempus, ut in particulis :
                                IIII libras III solidos IIII denarios </item>
                            <item> in <lb/> nunciis, per idem tempus : XLII solidos III denarios </item>
                            <item><supplied reason="support détruit">[in stipen]diis</supplied>
                                quinque gaytiarum et una baeta per idem tempus : IX libras XIII
                                solidos IIII denarios </item>
                        </list></p>
                </div>
                <div xml:id="emende">
                    <head>emende</head>
                    <p><list>
                            <item><lb/> item, in emendis culcitrarum et pulvinarum <supplied
                                    reason="support détruit">[et …]camerinum</supplied> et naparum
                                combustorum infra castrum, et in lectis locatis per dictum <lb/>
                                tempus, ut in particulis : IIII libras <supplied
                                    reason="support détruit">VII[I solidos]</supplied></item>
                            <item><lb/> summa expense vadiorum, operum, gaytiarum, nunciorum,
                                emendarum, per dictum tempus : <lb/> CC XIX lb. III s. </item>
                        </list></p>
                </div>
                <div>
                    <p><list>
                            <item><lb/> idem libravit donno Aymoni, capellano, pro capella de
                                    <foreign>Monflour</foreign> cui deservit de mandato domini :
                                IIII libras viennensium </item>
                            <item><lb/> summa expensarum et librationis : XI<hi rend="sup">XX</hi>
                                et III lb. III s. </item>
                            <item><lb/> summa expense hospitii, per totum tempus, in denariis :
                                    XIII<hi rend="sup">XX</hi> X lb. VII s. VII d. quibus adduntur </item>
                            <item><lb/> pro octo viginti et decem quartallibus<note> On rencontre
                                    ici, à deux mots d’intervalle, <hi rend="italics"
                                        >quartallibus</hi> et <hi rend="italics">quartallo</hi>, qui
                                    témoignent de l’usage alternatif des formes <hi rend="italics"
                                        >quartalle</hi> et <hi rend="italics">quartallus</hi>,
                                    alternance respectée par la transcription, au moins dans ce
                                    paragraphe.</note> frumenti, quolibet quartallo estimato quinque
                                solidis : XLII libre X solidi </item>
                            <item> item, pro octo <lb/> viginti et XV quartallibus avene, estimato
                                quolibet quartallo II solidis : XVII libre X solidi </item>
                            <item> item, pro XXXII summatis vini <lb/> estimatis XVII solidis :
                                XXVII libre IIII solidi </item>
                            <item> summa estimatorum : IIII<hi rend="sup">XX</hi> VII lb. IIII s. </item>
                            <item><lb/> summa totius expense hospitii, per totum tempus, tam in
                                denariis quam in estimatis : CCC LVII lb. VII s. <lb/> et VII d. </item>
                            <item><lb/> summa operum, vadiorum, gaytiarum, nunciorum, emendarum, per
                                totum tempus : IX<hi rend="sup">XX</hi> XVII lb. XXI d. </item>
                            <item><lb/> summa totius expense vadiorum, gaytarum<note> On écrit ici
                                        <hi rend="italics">gaytarum</hi>, et non <hi rend="italics"
                                        >gaytiarum</hi> comme précédemment.</note>, operum,
                                nunciorum, emendarum, librationum : V<hi rend="sup">C</hi> LIIII lb.
                                XIII s. IIII d. <lb/> de quibus deducuntur LXX libre IIII solidi
                                IIII denarii viennensium de recepta ut supra et IIII<hi rend="sup"
                                    >XX</hi> VII libre IIII solidi pro estimatis </item>
                            <item><lb/> summa deductionis : VII<hi rend="sup">XX</hi> XVII lb. VIII
                                s. IIII d. </item>
                        </list></p>
                </div>
            </div>
            <div xml:id="bilan">
                <p><list>
                        <item> et sic debentur dicto Bruneto<note> On a écrit <hi rend="italics"
                                    >Brunieto</hi> ou <hi rend="italics">Brumeto</hi>.</note> : CCC
                                IIII<hi rend="sup">XX</hi> XVII libre <lb/> V solidi
                            viennensium</item>
                    </list></p>
            </div>
        </body>
    </text>
</TEI>
