<?xml version="1.0" encoding="UTF-8"?>
<?oxygen RNGSchema="http://www.tei-c.org/release/xml/tei/custom/schema/relaxng/tei_all.rng" type="xml"?>
<TEI xmlns="http://www.tei-c.org/ns/1.0" xml:id="B7081_11">
    <teiHeader>
        <fileDesc>
            <titleStmt>
                <title>Compte d'Étienne Sterlet (<hi rend="italics">Stephanus Sterleti</hi>),
                    receveur des revenus de Bourg-en-Bresse, pour la châtellenie de Bourg-en-Bresse,
                    du 24 juin 1289 au 24 juin 1290 <date type="debut" from-iso="12890624"
                        cert="high"/><date type="fin" from-iso="12900624" cert="high"/></title>
                <respStmt>
                    <persName><name xml:lang="fra">Étienne Sterlet</name><name xml:lang="lat"
                            >Stephanus Sterleti</name></persName>
                    <resp>Châtelain</resp>
                </respStmt>
            </titleStmt>
            <publicationStmt>
                <p>Christian Guilleré, Frédéric Chartrain et Alain Kersuzan, avec la collaboration de Nils Mantilleri, Jean-Michel Poisson, et Marianne Ronot, 
                    <title>Compte d'Étienne Sterlet (<hi rend="italics">Stephanus Sterleti</hi>),
                        receveur des revenus de Bourg-en-Bresse, pour la châtellenie de Bourg-en-Bresse,
                        du 24 juin 1289 au 24 juin 1290</title>,
                    Lyon - Chambéry, 2012 (<title>Documents comptables des Etats de Savoie, XIIIe - XVe s.</title>)</p>
            </publicationStmt>
            <seriesStmt>
                <title>Bourg-en-Bresse</title>
            </seriesStmt>
            <sourceDesc>
                <p>Information about the source</p>
            </sourceDesc>
        </fileDesc>
    </teiHeader>
    <text>
        <body>
            <milestone n="12" unit="vue"/>
            <pb n="10"/>
            <div xml:id="prologue">
                <p><lb/> Cumputus<note> Ce compte a été numéroté <hi rend="italics">III</hi> en
                        tête. On écrit ici <hi rend="italics">cumputus</hi> pour <hi rend="italics"
                            >computus</hi> et <hi rend="italics">cumputare</hi> pour <hi
                            rend="italics">computare</hi>.</note> Stephani Sterleti, receptoris
                    reddituum Burgi, a festo beati Iohannis baptiste, anno Domini M° CC° octogesimo
                    nono, <lb/> usque ad idem festum, anno nonagesimo<note> On avait commencé à
                        écrire, par routine, <hi rend="italics">o[ctogesimo]</hi>, et la lettre
                        initiale est raturée.</note>, videlicet de uno anno integro, factus in
                    quindena paschatis, anno nonagesimo. </p>
            </div>
            <div xml:id="recepte">
                <div xml:id="frumentum">
                    <head>frumentum</head>
                    <p><lb/> idem reddit cumputum <list>
                            <item> de I quartallo frumenti recepto de liberis Morelli de
                                    <foreign>Putessart</foreign> de redditu per annum </item>
                        </list></p>
                    <div type="sub">
                        <head>arreragium</head>
                        <p><list>
                                <item> de II quartallis frumenti receptis de <lb/> remanentia
                                    cumputi precedentis </item>
                            </list></p>
                    </div>
                    <div>
                        <p><list>
                                <item> summa recepte : III quartalli frumenti — et remanent </item>
                            </list></p>
                    </div>
                </div>
                <div xml:id="siligo">
                    <head>siligo</head>
                    <p><lb/> idem reddit cumputum <list>
                            <item> de XVI sesteriis<note> La deuxième syllabe, ici abrégée, est
                                    ainsi écrite en toutes lettres deux lignes plus bas.</note> VII
                                cupis et dimidia receptis de castellania Burgi de redditu per annum </item>
                            <item> de VI quartallis receptis de messe apud
                                    <foreign>Les</foreign><lb/><foreign>Rispes</foreign> hoc anno </item>
                            <item> de exitu molendini subtus alam et molendini de stagno et
                                molendini dicti <foreign>Adroit</foreign>, blacherie, fole et
                                batentorii <lb/> pro parte domini respondetur in dorso huius rotuli
                                de hoc anno et precedenti cumputo </item>
                            <item> de XXVIII sesteriis III quartallis receptis de messe <lb/> apud
                                    <foreign>Perona</foreign>, apud <foreign>La
                                    Verneya</foreign><note> Aujourd’hui <hi rend="italics">La
                                        Vernée</hi>, c<hi rend="sup">ne</hi> de Péronnas.</note>,
                                apud <foreign>Verlia</foreign>, apud
                                    <foreign>Chassagniola</foreign><note> Aujoud’hui <hi
                                        rend="italics">Chassignole</hi>, c<hi rend="sup">ne</hi> de
                                    Saint-André-sur-Vieux-Jonc.</note>, apud Sanctum Andream, apud
                                    <foreign>Pontet</foreign><note> Aujourd’hui <hi rend="italics"
                                        >Le Pontet</hi>, c<hi rend="sup">ne</hi> de
                                    Saint-André-sur-Vieux-Jonc.</note>, apud Tulliam<note>
                                    Aujourd’hui <hi rend="italics">La Tuaille</hi>, c<hi rend="sup"
                                        >ne</hi> de Saint-André-sur-Vieux-Jonc.</note>, apud
                                    Bioletum<note> Aujourd’hui <hi rend="italics">Le Bioley</hi>,
                                        c<hi rend="sup">ne</hi> de
                                    Saint-André-sur-Vieux-Jonc.</note>, apud Grilleriam<note>
                                    Aujourd’hui <hi rend="italics">La Grillère</hi>, c<hi rend="sup"
                                        >ne</hi> de Saint-André-sur-Vieux-Jonc.</note>, <lb/> apud
                                    <foreign>Malmont</foreign><note> Aujourd’hui <hi rend="italics"
                                        >Marmont</hi>, c<hi rend="sup">ne</hi> de
                                    Saint-André-sur-Vieux-Jonc.</note>, apud
                                    <foreign>Chilliou</foreign> et apud
                                    <foreign>Cusia</foreign><note> Aujourd’hui <hi rend="italics"
                                        >Cuiset</hi>, c<hi rend="sup">ne</hi> de
                                    Saint-André-sur-Vieux-Jonc.</note>, apud <foreign>La
                                    Thaysoneri</foreign>, apud <foreign>Curtiz</foreign> et
                                    <foreign>Corttablin</foreign><note> Aujourd’hui <hi
                                        rend="italics">Curtablanc</hi>, c<hi rend="sup">ne</hi> de
                                    Saint-André-sur-Vieux-Jonc.</note>, apud La Buysineri<note>
                                    Aujourd’hui <hi rend="italics">Buissonnière</hi>, c<hi
                                        rend="sup">ne</hi> de Condeissiat.</note>, apud Buellam et
                                    <foreign>Corgenon</foreign>, <lb/> apud
                                    <foreign>Monceuz</foreign>, apud <foreign>Pollya</foreign>, apud
                                    <foreign>Attignia</foreign>, apud
                                <foreign>Montlaferta</foreign>, apud <foreign>Cra</foreign>, apud
                                    <foreign>Pugia</foreign>, de messe hoc anno ut in particulis
                                cumputi tertii<note> On lit ici <hi rend="italics">tercii</hi>, <hi
                                        rend="italics">hospicii</hi>, <hi rend="italics"
                                        >forcium</hi>, <hi rend="italics">vendencium</hi>, <hi
                                        rend="italics">transeuncium</hi>, <hi rend="italics"
                                        >marcii</hi>, <hi rend="italics">morancium</hi>, <hi
                                        rend="italics">hospicio</hi>, <hi rend="italics"
                                    >tercia</hi>, <hi rend="italics">recompensacionem</hi>, <hi
                                        rend="italics">recipiencium</hi>, que l’on transcrit —
                                    conformément à la norme d’édition qui prévoit dans ce cas le
                                    recours à la forme classique — <hi rend="italics">tertii</hi>,
                                        <hi rend="italics">hospitii</hi>, <hi rend="italics"
                                        >fortium</hi>, <hi rend="italics">vendentium</hi>, <hi
                                        rend="italics">transeuntium</hi>, <hi rend="italics"
                                        >martii</hi>, <hi rend="italics">morantium</hi>, <hi
                                        rend="italics">hospitio</hi>, <hi rend="italics"
                                    >tertia</hi>, <hi rend="italics">recompensationem</hi>, <hi
                                        rend="italics">recipientium</hi>.</note><lb/> precedentis </item>
                            <item> de II sesteriis de firma molendini de Longo Campo traditi
                                    <foreign>Berner</foreign> de Longo Campo pro tanto hoc anno </item>
                            <item> de V quartallis <lb/> receptis apud Longum Campum de taschiis in
                                terris seu mansis vacuis quia tenementarii recesserunt, pro parte
                                domini hoc anno </item>
                        </list></p>
                    <div type="sub">
                        <head>arreragium</head>
                        <p><list>
                                <item> de C sesteriis <lb/> receptis de remanentia cumputi
                                    precedentis </item>
                            </list></p>
                    </div>
                    <div>
                        <p><list>
                                <item> summa recepte cum arreragio : VII<hi rend="sup">XX</hi> IX
                                    sesteria II quartalli VII cupe dimidia siliginis — et remanent
                                </item>
                            </list></p>
                    </div>
                </div>
                <div xml:id="avena">
                    <head>avena</head>
                    <p><lb/> idem reddit cumputum <list>
                            <item> de XXXI quartallis dimidio avene receptis in castellania Burgi de
                                redditu per annum </item>
                            <item> de VI quartallis receptis apud <foreign>Crespignia</foreign> et
                                apud <lb/><foreign>Montagnia</foreign> de messe hoc anno </item>
                            <item> de XI quartallis receptis apud Longum Campum pro parte domini pro
                                eodem hoc anno </item>
                            <item> de IIII quartallis receptis de prioratu<note> On a écrit <hi
                                        rend="italics">prioratum</hi>.</note><lb/> de Buella de
                                garda per annum </item>
                        </list></p>
                    <div type="sub">
                        <head>arreragium</head>
                        <p><list>
                                <item> de XXV sestariis II quartallis III cupis receptis de
                                    remanentia cumputi precedentis </item>
                            </list></p>
                    </div>
                    <div>
                        <p><list>
                                <item><lb/> summa recepte cum arreragio : XXXVIII sesteria II
                                    quartalli IX cupe avene de quibus <lb/> idem libravit </item>
                                <item> ad expensas hospitii domini per litteras Iohannis Marescalci
                                    datas dominica post festum beati Michaelis anno octogesimo
                                    octavo <lb/> quas reddit : XXI quartallos II rasos avene </item>
                                <item> et debet : XXXIII sestaria I quartallum III cupas — et
                                    remanent </item>
                            </list></p>
                    </div>
                </div>
                <div xml:id="panes">
                    <head>panes</head>
                    <p><lb/> idem reddit cumputum <list>
                            <item> de II panibus receptis de Stephano Moyroudi de
                                    <foreign>Monlaferta</foreign> de redditu per annum </item>
                        </list></p>
                    <div type="sub">
                        <head>arreragium</head>
                        <p><list>
                                <item> de IIII panibus receptis de remanentia cumputi precedentis
                                </item>
                            </list></p>
                    </div>
                    <div>
                        <p><list>
                                <item><lb/> summa recepte cum arreragio : VI panes — venduntur ut
                                    infra </item>
                            </list></p>
                    </div>
                </div>
                <div xml:id="galline">
                    <head>galline</head>
                    <p><lb/> idem reddit cumputum <list>
                            <item> de III<hi rend="sup">C</hi> LXXIII gallinis receptis in dicta
                                castellania de redditu et consuetudine hoc anno </item>
                        </list></p>
                    <div type="sub">
                        <head>arreragium</head>
                        <p><list>
                                <item> de VII<hi rend="sup">C</hi> XLVI gallinis receptis de
                                    remanentia cumputi sui </item>
                            </list></p>
                    </div>
                    <div>
                        <p><list>
                                <item><lb/> summa recepte cum arreragio </item>
                                <item><sic>summa recepte cum arreragio</sic> : XI<hi rend="sup"
                                        >C</hi> XIX galline de quibus <lb/> idem libravit </item>
                                <item> ad expensas hospicii domini factas per manum Andree de
                                    Voyrone per litteram domini datam die sabbati post festum beati
                                    Barnabe <lb/> apostoli anno octogesimo octavo : LXIII gallinas </item>
                                <item> et debet : MLVI gallinas — venduntur ut infra </item>
                            </list></p>
                    </div>
                </div>
                <div xml:id="cera">
                    <head>cera</head>
                    <p><lb/> idem reddit cumputum <list>
                            <item> de XXIIII libris cere receptis in castellania Burgi de
                                    garda<note> Au-dessus du mot <hi rend="italics">garda</hi>, il y
                                    a trois points en triangle (∴) qui renvoient à une note
                                    marginale à droite de l’article, ∴ <hi rend="italics"
                                    >verte</hi>.</note> hoc anno </item>
                        </list></p>
                    <div type="sub">
                        <head>arreragium</head>
                        <p><list>
                                <item> de XLVIII libris receptis de remanentia cumputi precedentis
                                </item>
                            </list></p>
                    </div>
                    <div>
                        <p><list>
                                <item><lb/> summa recepte cum arreragio : LXXII libre cere —
                                    venduntur ut infra </item>
                            </list></p>
                    </div>
                </div>
                <div xml:id="fenum">
                    <head>fenum</head>
                    <p><list>
                            <item><lb/> de feno pratorum domini respondet inferius in denariis quia
                                venditum fuit in herba — venditur ut infra </item>
                        </list></p>
                </div>
                <div xml:id="denarii_census">
                    <head>denarii census<note> On pourrait lire également <hi rend="italics">denarii
                                censuum</hi> ou <hi rend="italics">denarii
                        censuales</hi>.</note></head>
                    <p><lb/> idem reddit cumputum <list>
                            <item> de LXV solidis V denariis obolo fortium receptis apud Burgum de
                                redditu per annum ut in extenta </item>
                            <item> de XXIII solidis IX denariis receptis ibidem et pro eodem de
                                empto <lb/> domini <foreign>Corteis Raynaut</foreign><note> Le nom
                                        <hi rend="italics">Corteis Raynaut</hi> a la fonction d’un
                                    complément d’objet indirect, <hi rend="italics">domini</hi>
                                    désignant ici le souverain.</note><foreign> </foreign></item>
                            <item> de XV solidis receptis de Roleto Sterleti pro eodem </item>
                            <item> de IIII denariis receptis de Guidone de
                                    <foreign>Sellions</foreign> pro eodem </item>
                            <item> de XII denariis receptis de eodem et de Guichardo <lb/> et
                                Guillermo <foreign>Lourent</foreign></item>
                            <item> de II denariis receptis de Guillermo <foreign>Salomont</foreign>
                                pro eodem </item>
                            <item> de VI denariis receptis de Laurentio de <foreign>Beuguy</foreign>
                                pro eodem </item>
                            <item> de II denariis receptis de Iohanne
                                <foreign>Charrier</foreign><lb/> pro eodem </item>
                            <item> de XXIIII solidis VIII denariis receptis de hominibus de
                                    <foreign>Les Ripes</foreign> qui revenerunt in locis suis hoc
                                anno et recesserant propter guerram </item>
                            <item> de IX solidis <lb/> receptis de exitu mansi de
                                    <foreign>Planchimel</foreign> hoc anno, et non est ibi
                                tenementarius, pro quo minus respondet ut in cumputo precedenti </item>
                            <item> de LX solidis receptis apud Longum <lb/> Campum de redditu pro
                                parte domini, hoc anno minus respondet ut in cumputo precedenti </item>
                            <item> de II solidis receptis de Stephano <foreign>Malliet</foreign> de
                                redditu proprio domini apud Longum <lb/> Campum </item>
                            <item> de VI solidis receptis de liberis Raynoudeti de Sancto Andrea pro
                                eodem, ut in cumputo precedenti </item>
                            <item> de VI denariis receptis de Stephano Sterleti de redditu pro
                                    fossatis<note type="césure"><hi rend="italics"
                                        >fossa<lb/>tis</hi></note><lb/> de
                                    <foreign>Bormayel</foreign> et de <foreign>Tagneres</foreign>
                                sibi albergatis </item>
                            <item> de VII denariis obolo receptis de Guillermo
                                    <foreign>Belgarzon</foreign><note> Une rédaction antérieure de
                                    la première syllabe, peut-être <hi rend="italics">Mal</hi>, a
                                    été exponctuée puis effacée, et le nom est raturé.</note></item>
                            <item> de XVI libris VII solidis IIII denariis receptis de redditu in
                                <lb/> aliis villagiis castellanie Burgi </item>
                            <item><lb/> summa recepte : XXVI libre XVI solidi VI denarii fortium
                            </item>
                        </list></p>
                </div>
                <div xml:id="recognitiones_garde_tallie_teyse">
                    <head>recognitiones, <lb/> garde, tallie, <lb/> tesie</head>
                    <p><lb/> idem reddit cumputum <list>
                            <item> de XLIX solidis IX denariis fortium receptis de recognitionibus
                                in castellania Burgi hoc anno </item>
                            <item> de LVII solidis IX denariis receptis de gardis<note> Au-dessus du
                                    mot <hi rend="italics">gardis</hi>, il y a trois points en
                                    triangle (∴) qui renvoient à une note marginale à droite de
                                    l’article, ∴ <hi rend="italics">verte</hi>.</note> in dicta
                                <lb/> castellania </item>
                            <item> de XLVIII libris receptis de talliis in dicta castellania hoc
                                anno </item>
                            <item><lb/> de XXVIII libris XXI denariis receptis de tesiis apud Burgum
                                hoc anno </item>
                            <item><lb/> summa recepte : IIII<hi rend="sup">XX</hi> I libre IX solidi
                                III denarii fortium — verte in dorso<note> Cette indication a été
                                    ajoutée d’une autre encre, d’une autre plume et,
                                    vraiemblablement, d’une autre main.</note></item>
                        </list></p>
                </div>
                <div xml:id="firme">
                    <head>firme</head>
                    <p><lb/> idem reddit cumputum <list>
                            <item> de LXXV libris fortium receptis de Guichardo Moster pro firma
                                leyde, coponagii, martinagii, parvi mercati et parvi pedagii <lb/>
                                finienda in festo beati Iohannis baptiste anno nonagesimo </item>
                            <item> de XXXV libris receptis de firma furnorum Burgi finienda eodem
                                festo </item>
                            <item> de V solidis receptis <lb/> de Garnerio Francisco de firma furni
                                sui hoc anno finienda eodem festo </item>
                            <item> de XX libris receptis de firma chacepolerie<note> Le <hi
                                        rend="italics">Glossarium</hi> ne connaît que <hi
                                        rend="italics">chacipoleria</hi>, mais renvoit à <hi
                                        rend="italics">cacepollus</hi>.</note> hoc anno finienda
                                <lb/> eodem festo </item>
                            <item> de XXV solidis fortium receptis de firma cridagii hoc anno
                                finienda eodem festo </item>
                            <item> de XLV solidis receptis de firma champerie de Ultra Velam hoc
                                <lb/> anno finienda <del rend="overstrike">fe[sto]</del> in festo
                                beati Michaelis anno nonagesimo </item>
                            <item> de V solidis receptis de firma champerie Burgi hoc anno finienda
                                eodem festo </item>
                            <item><lb/> de XXV solidis receptis de firma champerie de
                                    <foreign>Cra</foreign> hoc anno finienda eodem festo </item>
                            <item> de VI solidis receptis de exitu quintalis hoc anno </item>
                            <item> de VI libris <lb/> X solidis receptis<note> On avait d’abord
                                    écrit <hi rend="italics">de</hi>, et le mot est raturé.</note>
                                de Stephano <foreign>Neyret</foreign><add place="interlinear">alias
                                        <foreign>Tupiner</foreign></add> de firma ponderis hoc anno
                                finienda in festo beati Iohannis baptiste </item>
                            <item> de VIII libris XVIII solidis III denariis receptis de <lb/>
                                locagio bancharum macelli hoc anno finiendo in festo beati Iohannis
                                baptiste </item>
                            <item><lb/> summa : VII<hi rend="sup">XX</hi> X libre XIX solidi III
                                denarii fortium </item>
                        </list></p>
                </div>
                <div xml:id="domus_mercati">
                    <head>domus mercati</head>
                    <p><lb/> idem reddit cumputum <list>
                            <item> de LXXV solidis VI denariis fortium receptis de banchis grossorum
                                mercatorum pannos vendentium in domo mercati hoc anno, et levantur
                                pro <lb/> qualibet teysia in festo beati Martini tres solidi fortium </item>
                            <item> de LXXV solidis IIII denariis obolo receptis de triginta tribus
                                banchis et dimidia escoferiorum hoc anno, et levantur <lb/> pro
                                qualibet bancha duo solidi tres denarii fortium </item>
                            <item> de V solidis III denariis fortium receptis de septem banchis
                                grolleriorum hoc anno, et levantur pro qualibet tesia novem <lb/>
                                denarii fortium </item>
                            <item> de XV solidis IX denariis receptis de banchis viginti unius
                                sauneriorum hoc anno, et capiuntur pro qualibet teysia novem denarii
                                fortium </item>
                            <item> de <lb/> XII solidis receptis de octo banchis oliveriorum et
                                sauneriorum hoc anno, et levantur pro qualibet teysia decem et octo
                                denarii fortium — oliverius extraneus <lb/> debet tres solidos
                                fortium, oliverius de villa decem et octo denarios fortium </item>
                            <item> de XXXVII solidis receptis de triginta septem banchis
                                paneteriorum hoc anno, <lb/> et levantur de qualibet bancha duodecim
                                denarii fortium </item>
                            <item> de III solidis receptis de tribus banchis cuyferiarum, et
                                levantur de qualibet duodecim denarii fortium </item>
                            <item><lb/> de II solidis receptis de duobus poteriis hoc anno, et
                                levantur de quolibet duodecim denarii fortium </item>
                            <item> de XVIII solidis receptis de sex banchis merceriorum, et levantur
                                pro <lb/> qualibet teysia tres solidi fortium </item>
                            <item> de VI solidis IX denariis receptis de tribus<note> Les nombres
                                        <hi rend="italics">VI</hi> et <hi rend="italics">IX</hi> et
                                    le mot <hi rend="italics">tribus</hi> ont remplacé une
                                    précédente rédaction, qui a été raturée ou effacée.</note>
                                pelletariis, et levantur de bancha pelletarum duo solidi tres
                                denarii fortium </item>
                            <item> de II solidis <lb/> III denariis fortium receptis de bancha unius
                                payrolerii hoc anno </item>
                            <item> de XVIII solidis receptis de sex banchis ferrateriorum hoc anno,
                                et levantur pro qualibet bancha <lb/> secundum cumputum tres solidi
                                et secundum extentam levari<note> On avait commencé à écrire <hi
                                        rend="italics">levan[tur]</hi>, et le mot est raturé.</note>
                                debent tantum duo solidi tres denarii </item>
                            <item> de IIII solidis VI denariis receptis de banchis unius
                                    venditoris<note type="césure"><hi rend="italics"
                                        >vendi<lb/>toris</hi></note><lb/> scutellarum hoc anno </item>
                            <item> de IIII solidis VI denariis receptis de banchis quibus venduntur
                                vadia die mercati hoc anno </item>
                            <item> de V solidis VII denariis obolo receptis <lb/> de quinque banchis
                                vendentium coria hoc anno, et capiuntur pro qualibet tresdecim
                                denarii et obolus fortium </item>
                            <item> de firma minuti mercati nichil quia <lb/> ascensatum est hoc anno </item>
                            <item> summa : XIIII libre V solidi VI denarii fortium<note> Une
                                    rédaction antérieure de ce total a été effacée et remplacée par
                                    celle-ci.</note></item>
                        </list></p>
                </div>
                <div xml:id="passonagium">
                    <head>paysonagium</head>
                    <p><lb/> idem reddit cumputum <list>
                            <item> de passonagio nemoris de <foreign>Taysongi</foreign> non cumputat
                                quia dominus vendidit dictum nemus </item>
                            <item> de passonagio nemoris <lb/> de vavra de
                                    <foreign>Corgenon</foreign> nichil quia non fuit glans </item>
                            <item> de passonagio nemoris <foreign>del Says</foreign> non cumputat
                                quia venditum fuit Bernardo <lb/> Vilenis <del rend="overstrike">a
                                    quo</del> viginti libras <add place="interlinear"
                                    >viennensium</add>, quas habuit dominus, et dictus Stephanus
                                habuit in recompensationem de Petro
                                    <foreign>d’Estres</foreign><note> On écrit <hi rend="italics"
                                        >destres</hi>.</note> decem novem libras viennensium, <lb/>
                                de quibus in forisseca respondebit </item>
                        </list></p>
                </div>
                <div xml:id="pedagium">
                    <head>pedagium</head>
                    <p><lb/> idem reddit cumputum <list>
                            <item> de XIII solidis VI denariis fortium receptis de novem trossellis
                                chivrotinorum transeuntium per idem tempus, et levantur de quolibet
                                decem et octo denarii fortium </item>
                            <item><lb/> de VIII libris V solidis receptis de quinquaginta quinque
                                trossellis pannorum Francie transeuntium per idem tempus, et
                                levantur de qualibet<note> On attendrait <hi rend="italics"
                                        >quolibet</hi>.</note> tres solidi fortium </item>
                            <item> de tela, pro qua levantur <lb/> de chargia sex denarii fortium,
                                nichil hoc anno </item>
                            <item> de pedagio merceriorum nichil hoc anno, et levantur de trossello
                                tres solidi fortium </item>
                            <item> de V solidis fortium <lb/> receptis de pedagio duorum equorum
                                transseuntium per idem tempus, dantur sex denarii pro vino et
                                levantur pro quolibet triginta tres denarii fortium </item>
                            <item> de IIII denariis obolo receptis de <lb/> pedagio<note
                                    type="césure"><hi rend="italics">pe<lb/>dagio</hi></note>
                                potorum cupreorum transeuntium per idem tempus </item>
                            <item> de pedagio ferri et scalibis, de quibus levantur pro chargia sex
                                denarii, nichil hoc anno </item>
                            <milestone n="13" unit="vue"/>
                            <pb n="11"/>
                            <item><lb/> de cera, de qua levantur pro chargia tres solidi, nichil hoc
                                anno </item>
                            <item> de XVIII denariis receptis de pedagio aleccium transseuntium per
                                idem tempus </item>
                            <item> de IX denariis receptis de pellibus <lb/> transseuntibus per idem
                                tempus </item>
                            <item> de X solidis V denariis receptis de aliis minutis que non veniunt
                                ad pondus </item>
                            <item><lb/> summa : IX libre XVI solidi VI denarii obolus fortium
                            </item>
                        </list></p>
                </div>
                <div xml:id="laudes_et_vende">
                    <head>laudes et vende</head>
                    <p><lb/> idem reddit cumputum <list>
                            <item> de XV solidis fortium receptis de Iaquemeto
                                    <foreign>Burlo</foreign> pro domo empta de Rupho
                                    <foreign>Chandeler</foreign> novem libris viennensium </item>
                            <item> de VII solidis VI denariis receptis de <lb/> Roleto Sterleti pro
                                prato et campo emptis de Bruneto <foreign>Chapuys</foreign> quatuor
                                libris et dimidia viennensium </item>
                            <item><lb/> de XX solidis receptis de Hugoneto
                                    <foreign>Chapeler</foreign><lb/> pro dimidia parte domus empta
                                de Guichardo <foreign>Cuysia</foreign> duodecim libris viennensium </item>
                            <item> de XL solidis receptis de Rupho <foreign>Chapeler</foreign> pro
                                domo quam habuit in <lb/> estimatione<note type="césure"><hi
                                        rend="italics">esti<lb/>matione</hi></note> pro dote uxoris
                                sue viginti quatuor libris viennensium </item>
                            <item> de V solidis receptis de Vyaleto carpentario pro curtili empto de
                                    <foreign>Courtet</foreign> sexaginta <lb/> solidis viennensium </item>
                            <item> summa : IIII libre VII solidi VI denarii fortium </item>
                        </list></p>
                </div>
                <div xml:id="introgia">
                    <head>introgia</head>
                    <p><lb/> idem reddit cumputum <list>
                            <item> de X solidis fortium receptis de Humberto Claudi pro <add
                                    place="interlinear">intragio</add> platee<note> On avait d’abord
                                    écrit <hi rend="italics">pro platea</hi>, et la terminaison est
                                    raturée.</note> retro domum suam sibi albergate </item>
                            <item> de XX solidis receptis de Iohanne Balbi pro intragio <lb/> platee
                                site retro domum suam sibi albergate </item>
                            <item><lb/> summa : XXX solidi fortium </item>
                        </list></p>
                </div>
                <div xml:id="caorsini">
                    <head>corsini</head>
                    <p><list>
                            <item><lb/> de corsinis nichil cumputat quia solverunt domino ut per
                                litteras domini datas in crastino apostolorum Petri et Pauli anno
                                octogesimo octavo </item>
                        </list></p>
                </div>
                <div xml:id="iudei">
                    <head>iudei</head>
                    <p><list>
                            <item><lb/> de iudeis nichil cumputat quia dicuntur esse quitti per
                                compositionem factam cum domino super prisione ipsorum </item>
                        </list></p>
                </div>
                <div xml:id="venditiones">
                    <head>venditiones</head>
                    <p><lb/> idem reddit cumputum <list>
                            <item> de XVIII denariis fortium receptis de sex panibus ut supra
                                venditis pro tanto </item>
                            <item> de VIII libris XVI solidis fortium receptis de mille quinquaginta
                                <lb/> sex gallinis ut supra venditis pro tanto, videlicet qualibet
                                quatuor denariis viennensium<note> Une première rédaction de cet
                                    article a été en grande partie effacée et remplacée par le texte
                                    actuel.</note></item>
                            <item> de IIII libris IIII solidis fortium receptis de sexaginta
                                    duodecim<note> On notera l’abandon de <hi rend="italics"
                                        >septuaginta duo</hi> au profit de <hi rend="italics"
                                        >sexaginta duodecim</hi>.</note><lb/> libris cere ut supra
                                venditis, qualibet quatuordecim denariis fortium </item>
                            <item> de XXX solidis fortium receptis de herba pratorum domini vendita
                                ut supra pro tanto </item>
                            <item><lb/> summa : XIIII libre XI solidi VI denarii fortium </item>
                        </list></p>
                </div>
                <div xml:id="complainta">
                    <head>compleinta</head>
                    <p><lb/> idem reddit cumputum <list>
                            <item> de XXXVIII libris XI solidis IIII denariis fortium receptis de
                                compleinta facta garderiis in castellania Burgi pro conqueremento
                                terre <lb/> Reversi Montis </item>
                            <item> summa : XXXVIII libre XI solidi IIII denarii fortium </item>
                        </list></p>
                </div>
                <div xml:id="forinseca">
                    <head>forriseca<note> Lire <hi rend="italics">forinseca</hi>.</note></head>
                    <p><lb/> idem reddit cumputum <list>
                            <item> de XV libris fortium receptis de Borrellato receptore<note> On a
                                    écrit <hi rend="italics">recereptore</hi>.</note> reddituum
                                Baugiaci </item>
                            <item> De IX<note> On avait d’abord écrit <hi rend="italics">XIX</hi>,
                                    ou <hi rend="italics">XI</hi>, et le premier chiffre a été
                                    effacé.</note> libris X solidis fortium receptis de Perronino
                                    <lb/><foreign>d’Estres</foreign> qui de mandato domini eas
                                tradidit in recompensatione glandis nemoris <foreign>del
                                    Says</foreign> vendite ut supra in paysonagio Bernardo <lb/>
                                Vilani </item>
                            <item> summa : XXIIII libre X solidi fortium </item>
                        </list></p>
                </div>
                <div xml:id="arreragium">
                    <head>arragium<note> Lire <hi rend="italics">arreragium</hi>.</note></head>
                    <p><lb/> idem reddit cumputum <list>
                            <item> de VI<hi rend="sup">C</hi> IIII<hi rend="sup">XX</hi> libris X
                                solidis V denariis fortium receptis de remanentia cumputi
                                precedentis </item>
                        </list></p>
                </div>
                <div xml:id="bilan_recepte">
                    <p><list>
                            <item><lb/> summa recepte cum arragio : M XLIX libre X solidi IX denarii
                                obolus fortium quibus<note> On avait écrit <hi rend="italics"
                                        >dequibus</hi>, mais la première syllabe a été
                                    effacée.</note> adduntur </item>
                            <item><lb/> quos habuit de exitu feodi quod tenebat <foreign>Alys de
                                    Sachins</foreign> a domino, quod redactum est ad manum domini,
                                ut in cumputo precedenti, inclusis <lb/> blado et denariis : XXIIII
                                solidi X denarii picta fortium </item>
                            <item> sic est summa : ML libre XV solidi VII denarii obolus podrigia
                                fortium — qui scampsi <lb/> ad viennenses duplices valent : II<hi
                                    rend="sup">M</hi> CI libras XI solidos III denarios obolum
                                viennensium de quibus </item>
                        </list></p>
                </div>
            </div>
            <div xml:id="expense_et_librate">
                <p><list>
                        <item><lb/> idem libravit sibi ipsi, quas solvit pro domino, ut in
                            particulis in dorso huius rotuli continetur, per litteram domini datam
                            anno Domini <lb/> M<hi rend="sup">o</hi> CC<hi rend="sup">o</hi>
                            octogesimo septimo die sabbati post penthecostem<note> Lire <hi
                                    rend="italics">pentecosten</hi>.</note><del rend="overstrike"
                                >quam reddit</del> : VIII<hi rend="sup">C</hi> libras viennensium </item>
                        <item><lb/> idem libravit in expensis hospitii nostri<note> La première
                                personne et le pluriel de majesté semblent tout droit venus de la
                                lettre mentionnée.</note> per Andream de Voyrone factis, per
                            litteram domini datam in festo beati Vincentii anno Domini <lb/> M<hi
                                rend="sup">o</hi> CC<hi rend="sup">o</hi> octogesimo septimo
                                quas<note> On attendrait <hi rend="italics">quam</hi>, puisque la
                                terminaison de <hi rend="italics">litteram</hi> est écrite en toutes
                                lettres.</note> reddit : XLVIII libras viennensium </item>
                        <item><lb/> idem libravit in expensis hospitii nostri factis per manum
                            Andree de Voyrone, per litteram domini datam die sabbati post festum
                            beati Barnabe <lb/> apostoli anno Domini M<hi rend="sup">o</hi> CC<hi
                                rend="sup">o</hi> octogesimo octavo <del rend="overstrike">quam
                                reddit</del> : LXXVIII libras<note> Une rédaction antérieure a été
                                effacée.</note> XI solidos VIII denarios viennensium </item>
                        <item><lb/> idem libravit sibi ipsi qui debebantur sibi <add
                                place="interlinear">de</add> medietate<note> On avait d’abord écrit
                                    <hi rend="italics">medietatis</hi>, et le mot est raturé.</note>
                            stagni et molendini Burgi et quarumdam rerum sibi albergatarum per
                            dominum comitem <lb/> Philippum, quas dominus comes emit et habere
                            voluit per litteram domini datam die sabbati ante purificationem beate
                            Marie <lb/> anno Domini M<hi rend="sup">o</hi> CC<hi rend="sup">o</hi>
                            octogesimo septimo quam reddit : CCXL libras viennensium </item>
                        <item><lb/> idem libravit sibi ipsi, per eandem<note> On écrit ici <hi
                                    rend="italics">eandem</hi>, pour <hi rend="italics"
                                >eamdem</hi>.</note><del rend="overstrike">lib</del> litteram, quas
                            solvit pro domino Molario de Gelaria, pro nemore de
                                <foreign>Tassongi</foreign> : VII<hi rend="sup">XX</hi> libras
                            viennensium </item>
                        <item><lb/> idem libravit sibi ipsi, per eandem litteram, quas solvit
                            Guillermo de Gelaria pro eodem nemore : XX libras viennensium </item>
                        <item><lb/> idem libravit sibi ipsi<note> Cet article est signalé en tête,
                                dans la marge gauche, par un signe en forme de potence.</note>, quas
                            solvit <add place="interlinear">Rupho de <foreign>Chales</foreign></add>
                            de debito domine comitisse, per litteram domine<note> On a raturé <hi
                                    rend="italics">domini</hi> en <hi rend="italics"
                                >domine</hi>.</note> datam die veneris post pascha anno Domini <lb/>
                                M<hi rend="sup">o</hi> CC<hi rend="sup">o</hi> octogesimo octavo,
                            quam reddit, et per litteram domini datam die lune ante festum beati
                            Georgii anno <lb/> eodem, quam reddit : XXX libras viennensium </item>
                        <item><lb/> idem libravit sibi ipsi, quas libraverat Petro clerico pro eundo
                            quesitum Hugoninum de Ponte Tremulo, ut per litteram dicti <lb/> Petri
                            datam octava die mensis martii anno octogesimo septimo et per eandem
                            litteram domini datam dicta die <lb/> lune ante festum beati Georgii,
                            quas reddit : X libras viennensium </item>
                        <item><lb/> idem libravit sibi ipsi, quas pro domino solvit domino de
                            Vilario, per eandem litteram domini datam die lune predicta et <lb/> per
                            litteram domini de Vilario de recepta, quas reddit : V<hi rend="sup"
                                >C</hi> IIII<hi rend="sup">XX</hi> VIII libras viennensium </item>
                        <item><lb/> idem libravit sibi ipsi, de quibus Stephanus de Sancto
                            Regneberto habuit, pro expensis hospitii domini, triginta quatuor libras
                            sexdecim solidos <lb/> et dominus Rodulphus de Mussiaco quindecim libras
                            quatuor solidos, per litteram domini datam die veneris ante festum
                            apostolorum Philippi <lb/> et Iacobi anno Domini M<hi rend="sup">o</hi>
                                CC<hi rend="sup">o</hi> octogesimo nono, quam reddit : L libras
                            viennensium </item>
                        <item><lb/> idem libravit domino Rodulpho de Riorterio, castellano Burgi, de
                            quibus cumputavit, ut per litteram eius, quam reddit : XX libras
                            viennensium </item>
                        <item><lb/> idem libravit, in una mola posita in molendino stagni, de
                            mandato dicti domini Rodulphi, ut per eandem litteram : L solidos
                            viennensium </item>
                        <item><lb/> idem libravit, in rotis currus domine ferrandis, ut per litteram
                            domine datam in festo beati Andree apostoli anno nono : VI libras V
                            solidos viennensium </item>
                        <item><lb/> idem libravit in expensis quorumdam<note> Peut-être devrait-on
                                transcrire <hi rend="italics">quorundam</hi>, puisque l’on a ici
                                écrit <hi rend="italics">eandem</hi>.</note> clientum missorum de
                                Burgo<note> On avait commencé à écrire <hi rend="italics"
                                    >burgu[m]</hi>, et le mot est raturé.</note> apud Sagiacum per
                            litteram domini datam apud Geleriam dominica <lb/> ante festum
                                Andree<note> Lire <hi rend="italics">ante festum [beati]
                                Andree</hi>.</note> anno octogesimo octavo, quam reddit : X libras
                            viennensium </item>
                        <item><lb/> idem libravit, in expensis unius palafredi et unius somerii
                            morantium apud Burgum, per litteram Iohannis Marescalci datam die iovis
                            <lb/> in vigilia epiphanie Domini anno octogesimo nono et per litteram
                            domini de mandato, quas reddit : IIII libras XVII solidos viennensium </item>
                        <item><lb/> idem libravit donno<note> Plutôt que <hi rend="italics"
                                    >domino</hi>, puisqu’il s’agit apparemment d’un
                                chapelain.</note> Petro Amici, de elemosina debita pro altari beati
                            Georgii seu beati Mauricii pro tribus annis finiendis<note> On avait
                                d’abord écrit <hi rend="italics">finitis</hi>, et la fin du mot est
                                raturée.</note><lb/> in festo beati Iohannis anno nonagesimo : XXII
                            libras X solidos viennensium </item>
                        <item><lb/> idem libravit preposito Ambrogniaci, de feodo sibi facto a
                            domino, pro tribus annis<note> L’initiale du mot est raturée.</note>,
                            videlicet quadraginta solidos quolibet anno, per litteras de recepta
                            <lb/> quas reddit : VI libras viennensium </item>
                        <item><lb/> idem libravit Hugoni Lyobaudi, de feodo a domino sibi facto, pro
                            tribus annis, videlicet <del rend="overstrike">centum</del><note> On a
                                également biffé, par erreur, <hi rend="italics">videlicet</hi> et
                                    <hi rend="italics">solidos</hi>.</note><add place="interlinear"
                                >LX</add> solidos quolibet anno : IX<note> On avait d’abord écrit
                                    <hi rend="italics">XV</hi>, mais le deuxième chiffre a été
                                effacé et le <hi rend="italics">I</hi> ajouté par l’auteur de la
                                correction précédente.</note> libras viennensium </item>
                        <item><lb/> idem libravit liberis domini Humberti de
                                <foreign>Cotorel</foreign>, quibus debentur singulis annis quatuor
                            libre super mascello<note> Lire <hi rend="italics">macello</hi>.</note>,
                            pro tribus <lb/> annis, per litteras de recepta quas reddit : XII libras
                            viennensium </item>
                        <item><lb/> idem libravit sibi ipsi, que sibi debebantur de expensis gentium
                            cum <add place="interlinear">armis</add> revenientium de Burgundia,
                            factis apud Burgum per manum domini <lb/> Stephani de
                                <foreign>Portabo</foreign> circa nativitatem beate Marie anno
                            octogesimo nono : LXXII libras XVIII solidos I denarium viennensium </item>
                        <item><lb/> idem libravit, in expensis quinque equorum domini Humberti de
                            Sancto Simphoriani, domini Stephani de <foreign>Franchelens</foreign>,
                            Humberti de Boczosello, <lb/> Iaquemini de Poypia, revenientium de
                            Burgundia, qui fuerunt infirmi viginti tribus diebus, et quatuor
                            garcionum <lb/> equos custodientium, et expensis quorumdam equorum
                            domini, preter predictos, infirmorum ibidem : XVI libras XVI solidos
                            viennensium </item>
                        <item><lb/> idem libravit <del rend="overstrike">qui</del> sibi ipsi, qui
                            sibi debebantur de avena expensa in hospitio domini per manum Stephani
                            de Sancto Regneberto, <lb/> ut in particulis quas tradidit dictus
                            Stephanus de hiis que debebat apud Burgum : VII libras VI solidos III
                            denarios viennensium </item>
                        <item><lb/> idem libravit sibi ipsi, qui sibi debentur de expensis hospitii
                            domini factis per manum Iohannis de <foreign>Mayrins</foreign> circa
                                carniprivum<note> Lire <hi rend="italics"
                            >carniprivium</hi>.</note><lb/> anno octogesimo nono : IIII libras XVI
                            solidos viennensium </item>
                        <item><lb/> idem libravit, in dimidia mola pro molendino de Longo Campo :
                            XXV solidos viennensium </item>
                        <item><lb/> idem libravit, in dignerio hominum apportantium servitium tertia
                            die natalis Domini, pro tribus annis : XL solidos viennensium </item>
                        <item><lb/> idem libravit, in locagio unius granerii pro blado domini, pro
                            tribus annis : XL solidos viennensium </item>
                        <item><lb/> idem libravit, in expensis cuiusdam fornerii, pro septem diebus
                            quem venire fecit pro furnis ascensandis : VII solidos viennensium </item>
                        <item><lb/> idem libravit, in operibus Cusiriaci, per manum Bertrandi
                            Malaballi, ex quibus dominus Girardus de <foreign>Langes</foreign>
                            cumputavit de <lb/> quadraginta libris viennensium et sexaginta dicitur
                            habuisse magister Tassinus : C libras viennensium<note> En fin de ligne,
                                à droite de cet article, on a indiqué : <hi rend="italics"
                                    >verte</hi>, en encerclant ce mot.</note></item>
                        <item><lb/> idem libravit, in decem meiteriis fabarum missarum apud Sanctum
                            Andream et portagio, traditis domino Stephano de
                                <foreign>Portabo</foreign> : XLIIII solidos viennensium </item>
                        <item><lb/> idem libravit sibi ipsi, qui sibi debebantur, videlicet novies
                            viginti decem libras ex causa mutui per manum domini Stephani de
                                <foreign>Portabo</foreign> et centum <lb/> decem libras ex causa
                            mutui per manum Stephani de Sancto Regneberto, decem et octo libras per
                            dominum Raynaudum <foreign>Corteys</foreign> et centum libras <lb/>
                            eidem datas in recompensationem dampnorum que sustinuit ex mutuis nomine
                            domini comitis per eum factis, per litteram domini datam <lb/> dominica
                            post quindenam apostolorum Petri et Pauli anno octogesimo nono, quam
                            retinet : IIII<hi rend="sup">C</hi> XVIII libras viennensium </item>
                        <item><lb/> idem libravit, in expensis donni Iohannis Floridi et Petri
                            clerici, recipientium cumputos trium annorum, pro octo diebus : IIII
                            libras viennensium </item>
                        <item><lb/> idem libravit, in reficiendo furno de Fabricis, cuius coyfia
                            ceciderat : XXII solidos viennensium </item>
                        <item><lb/> idem libravit, in reficiendo pariete anteriori<note> On avait
                                d’abord écrit <hi rend="italics">anteriorum</hi>, et la terminaison
                                du mot est raturée.</note> domus furni Baugiaci : XXV solidos
                            viennensium </item>
                        <item><lb/> idem libravit sibi ipsi, quos nimis cumputaverat de firma
                            furnorum : XX solidos viennensium </item>
                        <item><lb/> summa librate<note> On a écrit <hi rend="italics"
                                >libratte</hi>.</note> : II<hi rend="sup">M</hi> VII<hi rend="sup"
                                >C</hi> XXXII libre XIII solidi viennensium </item>
                    </list></p>
            </div>
            <div xml:id="bilan">
                <p><list>
                        <item> et sic debentur ei : VI<hi rend="sup">C</hi> XXXI libre <lb/> XX
                            denarii obolus viennensium </item>
                        <item><lb/> de tesiis deficiunt, ut dicit Stephanus Sterleti, in Burgo
                                <foreign>Maoel</foreign><note> Bourgmayer, ancien quartier de
                                Bourg-en-Bresse, comme Verchère et Teynière.</note>, extra portas :
                            XVI solidi I denarius fortium </item>
                        <item> item, ibidem, infra portas : VIII solidi <lb/> IX denarii fortium </item>
                        <item> item, in Vercheria : XIX solidi VII denarii obolus fortium </item>
                        <item> item apud <foreign>Tagneres</foreign>, infra portas : V solidi V
                            denarii obolus fortium </item>
                        <item> item, ibidem, extra portas : <lb/> XII solidos I denarium fortium </item>
                        <item> summa defectus : LXII solidi fortium </item>
                        <item> de quibus deducuntur qui excreverunt post extentam <lb/> apud
                                <foreign>Brou </foreign>: XIII denarii fortium </item>
                        <item> item apud Alam : XVI solidi V denarii fortium </item>
                        <item> summa deducti : XVII solidi VI denarii fortium </item>
                        <item> et sic restant <lb/> in defectu : XLIIII solidi VI denarii fortium —
                            quos petit deduci sibi de tribus annis </item>
                        <item> et sciendum quod hec <lb/> examinatio facta est secundum cumputum
                            Humberti de Nuceto anno Domini M<hi rend="sup">o</hi> CC<hi rend="sup"
                                >o</hi> octogesimo secundo, quo valuerunt tesie : XXVIII libras
                            XIIII solidos I denarium obolum podrigiam fortium <lb/> de servitio
                            defiunt que sequntur </item>
                        <item><lb/> de Guillermo <foreign>Orelly</foreign> : XII denarii viennensium </item>
                        <item><del rend="overstrike">de Stephano <foreign>Galobet</foreign>, de
                                terra occupata pro stagno suo : II solidi viennensium</del></item>
                        <item> de Perroneto et <lb/> Guidone de <foreign>La Chagni</foreign><note>
                                Aujourd’hui <hi rend="italics">La Chagne</hi>, c<hi rend="sup"
                                    >ne</hi> de Saint-Just.</note> : II solidi viennensium </item>
                        <item> de Humberto Clavelli : II solidi viennensium </item>
                        <item> de Guillermo <foreign>Belgarzon</foreign> : XVI solidi viennensium </item>
                        <item> de <lb/> Iocerando Cellerii : III solidi IIII denarii viennensium </item>
                        <item> de filio Andree <foreign>Tocia</foreign> : XII denarii viennensium </item>
                        <item> de Perroneto et Guidone de <foreign>La Chagni</foreign> : <lb/> XVIII
                            denarii viennensium </item>
                        <item> summa : XVII solidi X denarii viennensium — quos petit sibi deduci de
                            tribus annis </item>
                        <item><lb/> memorandum quod, in littera domini de octies centum libris
                            viennensium quam reddit, continetur hec clausula<note> La lettre
                                initiale de ce mot est raturée.</note> : " promittentes nos bona
                            fide <lb/> ipsum Stephanetum super premissis universis liberare et
                                imdempnem<note> Lire <hi rend="italics">indemnem</hi>.</note>
                            penitus observare et sibi pro labore suo digna <supplied
                                reason="support endommagé">promi[ttentes]</supplied><lb/>
                            respondere, in cuius <foreign>etc</foreign>. de huiusmodi labore sibi
                            nichil allocatum est, ordinationi domini relinquitur " </item>
                        <item><lb/> de quinquaginta libris viennensium quas mutuavit idem Stephanus
                            domino cum burgenses Burgi sibi mutuaverunt pro conqueremento <lb/>
                            Reversi Montis, nichil ei cumputatur quia cum aliis burgensibus aliunde
                            est sibi solutio assignata</item>
                    </list></p>
            </div>
        </body>
    </text>
</TEI>
