<?xml version="1.0" encoding="UTF-8"?>
<?xml-model href="http://www.tei-c.org/release/xml/tei/custom/schema/relaxng/tei_all.rng" type="application/xml" schematypens="http://relaxng.org/ns/structure/1.0"?><?xml-model href="http://www.tei-c.org/release/xml/tei/custom/schema/relaxng/tei_all.rng" type="application/xml"
	schematypens="http://purl.oclc.org/dsdl/schematron"?>
<TEI xmlns="http://www.tei-c.org/ns/1.0" xml:id="B7085_3">
   <teiHeader>
      <fileDesc>
         <titleStmt>
            <title>Compte de Pierre de Châtillon <hi rend="italics">(dominus Petrus de Castellione,
                  miles)</hi>, bailli de la Terre de Bâgé et de Coligny, et châtelain de
               Bourg-en-Bressse <hi rend="italics">(ballivus terre Baugiaci et Cologniaci et
                  castellanus de Burgo in Breyssia)</hi>, pour la châtellenie de Bourg-en-Bresse, du
               samedi 8 septembre 1296 au dimanche 5 mai 1297 <date type="debut" from-iso="12960908"
                  cert="high"/><date type="fin" from-iso="12970505" cert="high"/></title>
            <respStmt>
               <persName><name xml:lang="fra">Pierre de Châtillon</name><name xml:lang="lat">Petrus
                     de Castellione</name></persName>
               <resp>Châtelain</resp>
            </respStmt>
         </titleStmt>
         <publicationStmt>
            <p>Christian Guilleré, Frédéric Chartrain et Alain Kersuzan, avec la collaboration de Nils Mantilleri, Jean-Michel Poisson, et Marianne Ronot, 
               <title>Compte de Pierre de Châtillon <hi rend="italics">(dominus Petrus de Castellione,
                  miles)</hi>, bailli de la Terre de Bâgé et de Coligny et châtelain de
                  Bourg-en-Bressse, pour la châtellenie de Bourg-en-Bresse, du
                  samedi 8 septembre 1296 au dimanche 5 mai 1297</title>,
               Lyon - Chambéry, 2013 (<title>Documents comptables des Etats de Savoie, XIIIe - XVe s.</title>)</p>
         </publicationStmt>
         <seriesStmt>
            <title>Bourg-en-Bresse</title>
         </seriesStmt>         
         <sourceDesc>
            <p>Information about the source</p>
         </sourceDesc>
      </fileDesc>
   </teiHeader>
   <text>
      <body>
         <milestone n="5" unit="vue"/>
         <pb n="5"/>
         <div xml:id="prologue">
            <p><lb/> Computus domini Petri de Castellione, militis, ballivi terre Baugiaci et
               Cologniaci et castellani de Burgo <lb/> in Breyssia, de redditibus et exitibus dicte
               castellanie a festo Nativitatis beate Marie virginis, anno Domini M° CC° nonagesimo
               sexto, <lb/> usque ad dominicam quintam diem mensis maii, anno nonagesimo septimo,
               videlicet de triginta quatuor septimanis, <lb/> receptus apud Camberiacum, presente
               domino, per Durandum de Fago et scriptus per Nicholetum</p>
         </div>
         <div xml:id="recepte">
            <div xml:id="frumentum">
               <head>frumentum </head>
               <p><lb/> idem reddit computum <list>
                     <item> de II quartallis IIII cupis frumenti receptis in castellania Burgi de
                        redditu per annum ut in particulis extractus<note><hi rend="italics"
                              >extrac<lb/>tus</hi></note><lb/> extente hic adiunctis </item>
                     <item> de V sestariis recep¬tis de Stephano Terleti de redditu per annum</item>
                  </list></p>
               <p><lb/> summa : V sestarii II quartalli IIII cupe frumenti — et remanent</p>
            </div>
            <div xml:id="siligo">
               <head>siligo </head>
               <p><lb/> idem reddit computum <list>
                     <item> de XVII sestariis I quartallo I cupa siliginis receptis in dicta
                        castellania de redditu per annum, ut in dicto <lb/> extractu </item>
                     <item> de X quartallis V cupis et quarta parte unius cupe receptis apud Longum
                           Canpum<note> Pour <hi rend="italics">campum</hi>. Aujourd’hui <hi
                              rend="italics">Longchamp</hi>, c<hi rend="sup">ne</hi> de Lent.</note>
                        de redditu per annum, <lb/> pro medietate dominum contingente </item>
                     <item> de I quartallo recepto de Guillermo de <foreign>Mont
                           Mort</foreign><note>Aujourd’hui <hi rend="italics">Montmouth</hi>, c<hi
                              rend="sup">ne</hi> de Lent.</note> ibidem, de red¬ditu per annum, qui
                        non <lb/> est in extenta </item>
                     <item> de III quartallis receptis ibidem de taschiis hoc anno </item>
                     <item> de III sestariis I quartallo receptis de firma molendini <lb/> de Longo
                           Canpo<note> Pour <hi rend="italics">campo</hi>.</note> finienda in festo
                        beati Iohannis Baptiste, anno nonagesimo septimo, pro medietate contingente
                        do¬minum, et aliam medietatem <lb/> percipit prior dicti loci<note> Il y
                           avait à Longchamp un prieuré de l’abbaye Saint-Pierre de
                        Mâcon.</note></item>
                     <item> de XIII quartallis receptis de firma molendini stagni de Burgo finienda
                        eodem termino <lb/></item>
                     <item> de XIIII quartallis receptis apud <foreign>Les Ripes</foreign><note>
                           Aujourd’hui <hi rend="italics">Les Rippes</hi>, c<hi rend="sup">ne</hi>
                           de Certines.</note> pro messe hoc anno, et levatur in quolibet
                           hospicio<note> Pour <hi rend="italics">hospitio</hi>.</note> excolente ad
                        <lb/> boves unum quartallum, in non excolente ad boves unum bichetum, in
                        viduis non excolentibus nichil </item>
                     <item> de <lb/> III bichetis receptis apud Perona<note> Aujourd’hui
                           Péronnas.</note> pro eodem </item>
                     <item> de VII quartallis receptis apud <foreign>La Vernea</foreign><note>
                           Aujourd’hui <hi rend="italics">La Vernée</hi>, c<hi rend="sup">ne</hi> de
                           Péronnas.</note> pro eodem </item>
                     <item> de VII quartallis receptis <lb/> apud
                           <foreign>Verlia</foreign><note>Aujourd’hui <hi rend="italics"
                              >Vérillat</hi>, c<hi rend="sup">ne</hi> de Saint-Rémy ?</note> pro
                        eodem </item>
                     <item> de XXXVI quartallis I bicheto receptis in parrochia Sancti Andree<note>
                           Aujourd’hui Saint-André-sur-Vieux-Jonc.</note> pro eodem </item>
                     <item> de V <lb/> quartallis receptis apud <foreign>La
                           Buysineri</foreign><note> Aujourd’hui <hi rend="italics">La
                              Buissonnière</hi>, c<hi rend="sup">ne</hi> de Condeissiat.</note> pro
                        eodem </item>
                     <item> de V quartallis I bicheto receptis apud <foreign>Monceuz</foreign><note>
                           Aujourd’hui Montcet.</note> pro eodem <lb/></item>
                     <item> de IIII quartallis receptis apud <foreign>Buela</foreign><note>
                           Aujourd’hui Buellas.</note> pro eodem </item>
                     <item> de V quartallis I bicheto receptis apud <foreign>Mont
                           Racol</foreign><note> Aujourd’hui Montracol.</note><lb/> pro eodem </item>
                     <item> de IIII quartallis I bicheto receptis apud
                           <foreign>Pollia</foreign><note> Aujourd’hui Polliat.</note> pro eodem </item>
                     <item> de XII quartallis I bicheto receptis apud
                           <lb/><foreign>Atignia</foreign><note> Aujourd’hui Attignat.</note> et
                           <foreign>Augia</foreign><note> Pour Aucia, aujourd’hui
                           Saint-Didier-d’Aussiat.</note> pro eo¬dem </item>
                     <item> de XXVI quartallis receptis apud <foreign>Cra</foreign><note>
                           Aujourd’hui Cras-sur-Reyssouze.</note> pro eodem </item>
                     <item> de III quartallis receptis <lb/> apud <foreign>Pugia</foreign><note>
                           Aujourd’hui Pugeat, c<hi rend="sup">ne</hi> de Cras-sur-Reyssouze.</note>
                        pro eodem </item>
                     <item> de XX quartallis receptis apud <foreign>Mons La Ferta</foreign><note>
                           Aujourd’hui Malafretaz.</note> pro eodem</item>
                  </list></p>
               <p><lb/> summa : LXV sestarii II quartalli et quartum unius cupe siliginis — et
                  remanent</p>
            </div>
            <div xml:id="avena">
               <head>avena</head>
               <p><lb/> idem reddit computum <list>
                     <item> de IX sestariis avene receptis in dicta castellania de redditu per
                        annum, ut in particulis extractus extente, <lb/> incluso uno sestario quem
                        debet prior de <foreign>Buela</foreign><note> Il y avait à Buellas un
                           prieuré de Saint-Philibert de Tournus.</note> pro garda </item>
                     <item> de II quartallis receptis apud Longum Canpum pro taschia <lb/> hoc anno </item>
                     <item> de XVII quartallis receptis ibidem pro messe hoc anno, et levatur ut
                        supra in siligine </item>
                     <item> de <lb/> III quartallis I bicheto receptis apud
                           <foreign>Montagnia</foreign><note> Aujourd’hui Montagnat.</note> pro
                        eodem </item>
                     <item> de II quartallis receptis apud <foreign>Crespignia</foreign><note>
                           Aujourd’hui Crépignat, c<hi rend="sup">ne</hi> de Viriat.</note> pro
                        eodem</item>
                  </list></p>
               <p><lb/> summa : XV sestarii I bichetus avene — et remanent Et sciendum quod ipse
                  dicit quod ipse libravit ad hospitium domini partem dicte avene, tamen non habet
                  penes se litteras. </p>
            </div>
            <div xml:id="panes">
               <head>panes </head>
               <p><lb/> idem reddit computum <list>
                     <item> de II panibus receptis de Stephano Moyroudi de redditu per annum —
                        venduntur ut infra</item>
                  </list></p>
            </div>
            <div xml:id="cera">
               <head>cera </head>
               <p><lb/> idem reddit computum <list>
                     <item> de XXIII libris cere receptis de gardis per annum, ut in particu¬lis
                        dicti extractus </item>
                     <item> de XIII libris <lb/> cere receptis de hominibus abbatis Sancti Eugendi
                        apud <foreign>Viria</foreign><note> Aujourd’hui Viriat. Il y avait ici un
                           prieuré de Saint-Oyand, depuis Saint-Claude, à Saint-Claude
                           (Jura).</note>, pro garda, et levatur in quolibet foco una libra cere per
                        annum</item>
                  </list></p>
               <p><lb/> summa : XXXVI libre cere — venduntur ut infra</p>
            </div>
            <div xml:id="galline">
               <head>galline </head>
               <p><lb/> idem reddit computum <list>
                     <item> de XIX gallinis receptis in dicta castellania de redditu per an¬num, ut
                        in dicto extractu </item>
                     <item> de <lb/> XI gallinis receptis apud Longum Canpum pro eodem, pro
                        medietate contingente dominum </item>
                     <item> de XXXIIII gallinis <lb/> receptis ibidem de consuetudine per annum, et
                        levatur in quolibet foco una gallina </item>
                     <item> de IIII<hi rend="sup">C</hi> XXXVII gallinis<note> Ces deux derniers
                           mots remplacent une rédaction antérieure, qui a été effacée.</note><lb/>
                        receptis in aliis villis de dicta castellania de consuetudine per annum, et
                        levantur in quolibet foco due galline</item>
                  </list></p>
               <p><lb/> summa : V<hi rend="sup">C</hi> I galline<note> Ce total remplace une
                     rédaction antérieure, qui a été effacée.</note></p>
            </div>
            <div xml:id="denarii_census">
               <head>denarii census</head>
               <p><lb/> idem reddit computum <list>
                     <item> de XXVI libris VIII solidis fortium receptis in dicta castellania de
                        redditu per annum, ut in particulis extractus <lb/> extente </item>
                     <item> de XLIIII solidis VI denariis receptis de pedis curtilium subtus burgum
                           Ale<note> Pour Hale.</note> de redditu per annum, ut <lb/> in particulis
                        dicti extractus </item>
                     <item> de VII libris V solidis V denariis receptis apud Longum Canpum de
                        redditu per annum, pro medietate <lb/> contingente dominum, et aliam
                        medietatem percipit ecclesia Sancti Petri Matisconensis </item>
                     <item> de II solidis receptis ibidem de Martino <lb/><foreign>Malet</foreign>
                        de redditu proprio do¬mini per annum </item>
                     <item> de XII denariis receptis ibidem de Guillermo de <foreign>Mont
                           Mor</foreign> pro eodem</item>
                  </list></p>
               <p><lb/> summa : XXXVI libre XI denarii fortium</p>
            </div>
            <div xml:id="garde">
               <head>garde </head>
               <p><lb/> idem reddit computum <list>
                     <item> de CIII solidis VI denariis fortium receptis de recognitionibus et
                        gardis per annum, ut in particulis extractus extente</item>
                  </list></p>
               <p><lb/> summa : CIII solidi VI denarii fortium</p>
            </div>
            <div xml:id="tallie">
               <head>tallie </head>
               <p><lb/> idem reddit computum <list>
                     <item> de XXXV libris fortium receptis in chacipularia<note> Pour
                           chacipoleria.</note> de ultra Velam<note> On peut voir ici que la Veyle,
                           affluent de la Saône qui coule à l’ouest de Bourg-en-Bresse, divisait la
                           châtellenie en deux chacipoleries : ultra Velam, " Outre-Veyle ", et
                           citra Velam, " Deçà-Veyle ".</note> pro talliis ad misericordiam hoc
                        anno, <lb/> et non hostendit<note> Pour ostendit.</note> particulas </item>
                     <item> de XXVIII libris XIIII solidis receptis in chacipularia Burgi citra
                        Velam <lb/> pro eodem hoc anno</item>
                  </list></p>
               <p><lb/> summa : LXIII libre XIIII solidos fortium </p>
            </div>
            <div xml:id="firme">
               <head>firme </head>
               <p><lb/> idem reddit computum <list>
                     <item> de IIII<hi rend="sup">XX</hi> XV libris fortium receptis de Guichardo
                           <foreign>Moter</foreign> pro firma leyde, coponagii, martinagii, mercati
                        <lb/> Burgi et parvi pedagii finienda in festo beati Iohannis Baptiste, anno
                        nonagesimo septimo </item>
                     <item> de XXXV libris <lb/> receptis de firma trium furnorum domini apud Burgum
                        finienda eodem termino </item>
                     <item> de V solidis receptis de Garne¬rio <lb/> Francisco<note>
                           fran<lb/>cisco</note> pro firma furni sui finienda eodem termino </item>
                     <item> de V solidis receptis de Ste¬phano <foreign>d’Espagni</foreign> pro
                        firma furni sui <lb/> finienda eodem termino </item>
                     <item> de XXXI libris X solidis receptis de Hunberto<note> Pour
                           Humberto.</note> Clavelli pro firma chacipularie Burgi citra <lb/> Velam
                        finienda eodem termino </item>
                     <item> de XII libris receptis de Guillermeto de Sancto Eugendo<note>
                           Saint-Oyand, aujourd’hui Saint-Claude (Jura). On a vu que l’abbaye de
                           Saint-Oyand était présente à Viriat.</note> pro firma chacipularie <lb/>
                        de ultra Velam finienda eodem termino </item>
                     <item> de XXXV solidis receptis de Perraudo pro firma cridagii finienda <lb/>
                        eodem termino </item>
                     <item> de XII solidis VI denariis receptis de firma cha¬cipularie Burgi
                        finienda prima die martii, anno eodem<note> Le samedi 1er mars 1298, nouveau
                           style.</note><lb/></item>
                     <item> de LXX solidis receptis de firma chanperie<note> Pour champerie.</note>
                        de ultra Veylam finienda eodem termino </item>
                     <item> de LV solidis receptis de <lb/> firma chan¬perie de
                           <foreign>Cra</foreign> et de <foreign>Monz La Ferta</foreign> et de
                           <foreign>Atignia</foreign> finienda eodem termino <lb/></item>
                     <item> de XXV solidis receptis de firma chacipularie
                           <foreign>d’Estres</foreign><note> Aujourd’hui Etrez.</note> finienda
                        eodem termino </item>
                     <item> de V solidis receptis de firma <lb/> chanperie de Longo Canpo finienda
                        eodem termino </item>
                     <item> de X libris V solidis IX denariis receptis de firma bancarum <lb/>
                        macelli finienda in festo beati Iohannis Baptiste, anno nonagesimo septimo </item>
                     <item> de X solidis receptis de Guichardo de
                           <foreign>La</foreign><lb/><foreign>Perousa</foreign><note> Aujourd’hui La
                           Pérouse, c<hi rend="sup">ne</hi> de Montracol, ou La Pérouse, c<hi
                              rend="sup">ne</hi> de Polliat, le toponyme étant fréquent dans le
                           ressort de la châtellenie comme ailleurs en Bresse.</note> pro firma
                        parvi ponderis finienda eodem termino </item>
                     <item> de LV solidis VI denariis <add place="interlinear">obolo</add> receptis
                        de clerico <foreign>Pouna</foreign><lb/> de exitu ponderis bladi a festo
                        beati Iohannis Baptiste, anno nonagesimo sexto, usque ad diem lune post
                        festum beati Marci <lb/> evangeliste, anno nonagesimo septimo – et sciendum
                        quod videtur domino quod de dicto pondere fuerit male computatum <lb/> et
                        quod super hoc inquiratur </item>
                     <item> de XXXV libris XVI solidis <add place="interlinear"
                           >obolus</add><foreign> </foreign>receptis de teysis domorum Burgi, ut in
                        particulis <lb/> in extenta, inclusis qui¬busdam servitiis que debentur cum
                        dictis teysis pro aliquibus domibus, et deductis quinque solidis viennensium
                        <lb/> qui debentur pro una peda in burgi Ale, quos dominus dedit domine
                        Petronille de Corent<note> Aujourd’hui Corand, c<hi rend="sup">ne</hi> de
                           Chaveyriat.</note> ad vitam suam, ut dicitur, <lb/> et deductis decem et
                        septem denariis vien¬nensium qui debentur pro peda Terlete iuxta do¬mum
                        Iohannis Magnini, que redacta <lb/> est ad manum domini</item>
                  </list></p>
               <p><lb/> summa : II<hi rend="sup">C</hi> XXXIII libre IX<note> Ce nombre remplace une
                     rédaction antérieure, qui a été effacée.</note> solidi X denarii fortium</p>
            </div>
            <div xml:id="domus_mercati">
               <head>domus mercati </head>
               <p><lb/> idem reddit computum <list>
                     <item> de CXVII solidis I denario fortium receptis de locagio banca¬rum
                        grossorum mercatorum vendentium pannos in domo <lb/> mercati, et levantur
                        pro quali¬bet teysa in festo beati Martini tres solidi fortium, inclusis
                        quibusdam parvis mercatoribus <lb/></item>
                     <item> de IIII libris V solidis VI denariis receptis de locagio triginta octo
                        bancarum escoferio¬rum hoc anno, et levantur <lb/> pro qualibet<note> Écrit
                           qulibet.</note> banca duo solidi tres denarii fortium </item>
                     <item> de VI solidis receptis de octo banchis<note> Pour bancis. Le digramme
                           était devenu nécessaire pour éviter une prononciation [s] devant e ou
                           i.</note> groleriorum, et levantur pro <lb/> qualibet banca novem denarii </item>
                     <item> de XXV solidis VI denariis receptis de triginta quatuor banchis
                        sauneriorum et <lb/> levantur<note> le<lb/>vantur</note> pro qualibet banca
                        novem denarii </item>
                     <item> de X solidis VI denariis receptis &lt;de&gt; sep¬tem banchis vendentium
                        oleum et sagimen, <lb/> et levantur a quolibet de villa vendente oleum decem
                        octo denarii et de extraneo tres solidi – tamen non fuit <lb/> ibi extraneus </item>
                     <item> de XXXV solidis receptis de triginta quinque banchis panateriorum, et
                        levantur pro qualibet <lb/> duodecim denarii </item>
                     <item> de II solidis receptis de duabus banchis coyferiarum<note> Pour
                           coiferiarum</note></item>
                     <item> de III solidis receptis de tribus tupineriis<note>
                           tupine<lb/>riis</note><lb/></item>
                     <item> de XXXV solidis III denariis receptis de undecim banchis et duabus
                        partibus unius banche merceriorum et <lb/> levantur<note>
                           le<lb/>vantur</note> pro qualibet teysa tres solidi </item>
                     <item> de VI solidis IX denariis receptis de tribus banchis pellipariorum, et
                        levantur <lb/> pro quali¬bet duo solidi tres denarii <lb/></item>
                     <item> de VI solidis IX denariis receptis de tribus banchis payrole¬riorum, et
                           levatur<note> Lire levantur, car on a ensuite duo solidi, et non duos
                           solidos.</note><lb/> de qualibet banca duo solidi tres denarii </item>
                     <item> de XXXIII solidis receptis de undecim banchis payroleriorum, et <lb/>
                        levantur pro qualibet tres solidi </item>
                     <item> de VI solidis IX denariis receptis de tribus banchis vendentium
                        scutellas <lb/></item>
                     <item> de XI solidis III denariis receptis de decem banchis vendentium coria,
                        et levantur a quolibet<note> Lire qualibet.</note> tresdecim denarii et
                        obolus <lb/></item>
                     <item> de IIII solidis VI denariis receptis de banchis in quibus venduntur
                        vadia in die mercati</item>
                  </list></p>
               <p><lb/> summa : XIX libre VIII solidi X denarii fortium</p>
            </div>
            <div xml:id="passonagium">
               <head>passonagium </head>
               <p><lb/> de passonagio nemorum domini nichil hoc anno quia non fuit ibi glans</p>
            </div>
            <div xml:id="laudes_et_cende">
               <head>laudes et vende </head>
               <p><lb/> idem reddit computum <list>
                     <item> de V solidis fortium receptis a domino Petro de Palude<note> Auj. La
                           Palud, c<hi rend="sup">ne</hi> de Villette-sur-Ain.</note> pro laudibus
                        et vendis terre quam emit a Guigone <lb/> de
                           <foreign>Chavauz</foreign><note> Auj. Chavaux, c<hi rend="sup">ne</hi> de
                           Chaveyriat.</note> pretio triginta solidorum </item>
                     <item> de II solidis I denario receptis de filio Iohannis Confratris pro banca
                        empta ab <lb/> Aymone de Petrosa<note> Aujourd’hui La Pérouse, c<hi
                              rend="sup">ne</hi> de Montracol, ou La Pérouse, c<hi rend="sup"
                              >ne</hi> de Polliat, le toponyme étant fréquent dans le ressort de la
                           châtellenie comme ailleurs en Bresse.</note> decem solidis </item>
                     <item> de II solidis VI denariis receptis de Iohannino Tupinerio pro terra sibi
                        albergata a <lb/> Stephano Terleti </item>
                     <item> de III solidis IIII denariis receptis de Guillermeto, filio quondam
                        Aschardi, pro terra vendita cuidam alii <lb/></item>
                     <item> de XIII solidis IIII denariis re¬ceptis de donno<note> Cette variante
                           régionale de dompnus, terme réservé aux ecclésiastiques, est ici écrite
                           en toutes lettres.</note> Humberto <foreign>Ramet</foreign> pro domo sibi
                        vendita per Humbertum <foreign>Vachon</foreign> pretio <lb/> quatuor
                        librarum </item>
                     <item> de III solidis IIII denariis receptis de dicto Humberto pro peda quam
                        emit a dicto <foreign>Loysel</foreign> pretio viginti solidorum <lb/></item>
                     <item> de II solidis I denario fortium receptis a Io¬hanne
                           <foreign>Magerin</foreign> pro peda quam emit a dicto
                           <foreign>Crivieu</foreign> pretio duodecim solidorum sex <lb/> denariorum </item>
                     <item> de III solidis IIII denariis receptis de Stephano Lavril de
                           <foreign>Montagnia</foreign><note> La fin de ce nom a été effacée et
                           raturée de façon illisible.</note> pro rebus emptis a dicta <foreign>Bon
                           Amour</foreign><lb/> pretio viginti solidorum </item>
                     <item> de V solidis receptis de Martino de Curtili pro terra et nemore sibi
                        venditis <del rend="overstrike">et Iohanneto</del><lb/> a Guioneto de
                           <foreign>Cra</foreign> et eius uxore pretio triginta solidorum </item>
                     <item> de II solidis I denario receptis de Bruneto <foreign>Tisserant</foreign>
                        pro <lb/> peda sibi vendita per dictum <foreign>Lo Meo</foreign> pretio
                        duodecim solidorum sex denariorum </item>
                     <item> de III solidis IIII denariis receptis de <foreign>Terri</foreign> pro
                        <lb/> curtili quod emit a Iohanne <foreign>Tupin</foreign> pretio vi¬ginti
                        solidorum </item>
                     <item> de XV denariis receptis de Peroneto <foreign>del
                           Bletoney</foreign><note> Aujourd’hui Le Bletonnet, partagé entre les c<hi
                              rend="sup">nes</hi> d’Attignat et de Saint-Martin-le-Châtel.</note>
                        pro <lb/> curtili quod emit a Iohanne <foreign>Tricat</foreign> pretio
                        septem solidorum sex denariorum </item>
                     <item> de XII denariis receptis de Ste¬phano <foreign>Lavril</foreign> pro
                        <lb/> campo sibi vendito per Stephanum <foreign>Reynouda</foreign> pretio
                        septem solidorum </item>
                     <item> de XX denariis receptis a predicto Stephano pro prato sibi <lb/>
                        permutato per Stephanam eius sororem, et refun¬dit sibi quinque solidos </item>
                     <item> de XXXIII solidis IIII denariis receptis de Iohanne sellerio <lb/> pro
                        domo sibi vendita ab Anthoyneto <foreign>Charpenter</foreign> pretio decem
                        librarum </item>
                     <item> de XX solidis receptis de Anthonio de Molendino pro <lb/> domo<note>
                           Écrit promo !</note> quam emit a Stephano <foreign>Pugner</foreign>
                        pretio sex librarum fortium </item>
                     <item> de XV denariis receptis a magistro Guidone, lathomo<note> Pour
                           latomo.</note>, pro <lb/> peda quam emit a Morello de Burgo pretio septem
                        solidorum sex denariorum </item>
                     <item> de XVI solidis VIII denariis receptis &lt;a&gt;
                           <foreign>Guidoys</foreign> pro domo quam <lb/> emit ab Agneta de
                           <foreign>Verlia</foreign> pretio centum solidorum </item>
                     <item> de III denariis receptis de <foreign>Blanchon</foreign> pro peda sibi
                        vendita a dicto <lb/><foreign>Lo Meo</foreign> pretio decem octo denariorum </item>
                     <item> de X denariis re¬ceptis de Morello <foreign>d’Alament</foreign><note>
                           Écrit dalament. Peut-être Allement, c<hi rend="sup">ne</hi> de
                           Poncin.</note> pro escanbio<note> Pour escambio.</note> unius banche in
                           aula<note> Pour hala.</note> facta <lb/> cum dicto
                           <foreign>Vulna</foreign></item>
                     <item> de XX denariis receptis de Guil¬lermo <foreign>Chanbiat</foreign> pro
                        curtili sibi vendito per Robertum <foreign>Borser</foreign> pretio <lb/>
                        decem solidorum </item>
                     <item> de XV denariis receptis de Guillermo Davidis pro prato sibi vendito per
                        Iohannetum <foreign>Jayssi</foreign> pretio septem solidorum sex <lb/>
                        denariis</item>
                  </list></p>
               <p><lb/>summa : VI libre IIII solidi VII denariorum fortium</p>
            </div>
            <div xml:id="banna">
               <head>banna </head>
               <p><lb/> idem reddit computum <list>
                     <item> de C solidis fortium receptis a Iohanne, <foreign>tupiner</foreign>,
                        quia fecerat conspirationem cum aliis tupineriis <lb/> quod ipsi non darent
                        unum tupinum cum ansa minus uno denario </item>
                     <item> de LX solidis receptis de Andrea, <lb/> tupinerio, pro eodem </item>
                     <item> de LV solidis re¬ceptis de filio Arnaudi de <foreign>Mont
                           Tatin</foreign><note> Aujourd’hui Montatin, c<hi rend="sup">ne</hi> de
                           Cras-sur-Reyssouze.</note> quia pignoravit Roletum <lb/><foreign>del
                           Brueyl</foreign><note> Peut-être Le Breuil, c<hi rend="sup">ne</hi> de
                           Biziat.</note> sua auctoritate </item>
                     <item> de XX solidis receptis a dicto <foreign>Rubat</foreign> quia nepos suus
                        mensuraverat ad falsam <lb/> mensuram<note> men<lb/>suram</note></item>
                     <item> de XX solidis receptis a Nicholeto de
                           <foreign>Chassagnola</foreign><note> Peut-être Chassagnole, " localité
                           disparue, c<hi rend="sup">ne</hi> de Jayat " (Édouard Philippon).</note>
                        quia exegaverat<note> Nous n’avons pu identifier ce verbe, ni préciser son
                           sens.</note> quam¬dam vacam et non solvit leydam <lb/></item>
                     <item> de V solidis receptis de nepote dicti Humberti quia ceperat unam tunicam
                        ultra voluntatem illius cuius erat <lb/></item>
                     <item> de XX solidis receptis de Mar¬tino <foreign>Mallet</foreign> quia
                        dicebatur quod ipse fuerat cum familiaribus de
                           <foreign>Sellons</foreign><note> Aujourd’hui Seillon, c<hi rend="sup"
                              >ne</hi> de Péronnas, ancienne chartreuse.</note> ad <lb/>
                           verberandum<note> ver<lb/>berandum</note> quendam<note> Pour
                           quemdam.</note> homi¬nem </item>
                     <item> de XLVI solidis receptis de Rufo de <foreign>Montagnia</foreign> pro
                        saysina fracta <lb/></item>
                     <item> de C solidis receptis de Peroneto Iuliani quia venerat de nocte cum
                        armis filius suus ad grangiam de <lb/><foreign>Chanpagni</foreign><note>
                           Peut-être Champagne, c<hi rend="sup">ne</hi> de Viriat, un peu éloigné
                           cependant du siège de la seigneurie de Genoud.</note> et ibi cepit
                        animales domini Iohannis de <foreign>Geno</foreign><note>Aujourd’hui Genoud,
                              c<hi rend="sup">ne</hi> de Certines.</note></item>
                     <item> de C solidis receptis de do¬mino Guigone <foreign>del
                           <lb/>Luat</foreign><note> Peut-être " Luyat, ancien lieu-dit, c<hi
                              rend="sup">ne</hi> de Curtafond " (Édouard Philippon), à rapprocher de
                           " Luyat, localité détruite, qui paraît avoir été située près de Bâgé " et
                           du Guigo de Luiat, antérieur d’un siècle, qui y est cité.</note> quia
                        dixit in iudicio quandam<note> Pour quamdam.</note> litteram esse falsam nec
                        potuit pro¬bare </item>
                     <item> de X solidis receptis <milestone n="6" unit="vue"/><pb n="6"/> a
                        Peronino de <foreign>Pugia</foreign><note> Peut-être Pugieu, malgré la
                           distance.</note> et de dicto <foreign>Lo Chastellan</foreign> quia
                        verberaverunt se adinvicem </item>
                     <item> de V solidis receptis de Guillermo <lb/><foreign>Vacher</foreign>, de
                           <foreign>Brou</foreign><note> Aujourd’hui Brou, c<hi rend="sup">ne</hi>
                           de Bourg-en-Bresse.</note>, quia dicebatur cepisse bladum alienum </item>
                     <item> de VII libris VIII solidis recep¬tis de septuaginta <lb/> quatuor clamis
                        trium solidorum et inferius per dictum tempus</item>
                  </list></p>
               <p><lb/> summa : XXXIIII libre IX solidi fortium</p>
            </div>
            <div xml:id="escheyte">
               <head>escheyte<note> La rubrique est incomplète : il s’agit en fait des escheyte,
                     legati, inventa et introgia.</note></head>
               <p><lb/> de escheytis, legatis, inventis et introgiis nichil hoc anno</p>
            </div>
            <div xml:id="venditiones">
               <head>venditiones</head>
               <p><lb/> idem reddit computum <list>
                     <item> de VI denariis fortium receptis de duobus panibus venditis ut supra pro
                        tanto </item>
                     <item> de X solidis fortium <lb/> receptis de octo libris cere venditis ut
                        su¬pra, qualibet vendita quindecim denariis fortium, deductis tribus libris
                        quas debent homines <lb/> de <foreign>Niczon<note> Aujourd’hui Nisson, c<hi
                                 rend="sup">ne</hi> de Servas.</note></foreign>, quas dominus comes
                        dedit domino Stephano Guespe de Varas<note> Aujourd’hui Varax, c<hi
                              rend="sup">ne</hi> de Saint-Paul-de-Varax. " La Guêpe " est un surnom
                           héréditaire bien attesté dans la lignée des sires de Varax.</note>, ut
                        dominus comes presens dicit, et deductis <lb/> viginti quinque libris cere
                        quas libravit ad expensas hospi¬tii domini factas apud Pontem Vele<note>
                           Aujourd’hui Pont-de-Veyle.</note> in festo Paschatis preterito, <lb/> per
                        litteras domini comitis et donni<note> Variante locale de dompni bien
                           attestée dans les comptes de Bresse.</note> Iacobi, capellani, datas die
                        iovis post Pascha, anno nonagesimo septimo, quas oblitus <lb/> fuerat
                        superius allocare </item>
                     <item> de IIII libris XIIII solidis X denariis receptis de quin¬gentis una
                        gallinis venditis ut supra, qualibet <lb/> vendita tribus denariis
                        parisiensium </item>
                     <item> de exitu prati domini<note> On a ajouté une rubrique fenum dans la marge
                           gauche.</note> subtus Saysiriaco<note> Aujourd’hui Ceyzériat.</note> non
                        computat, quia de ipso computavit ballivus ante ipsum</item>
                  </list></p>
               <p><lb/> summa : CV solidi IIII denarii fortium</p>
            </div>
            <div>
               <p><lb/> summa totius recepte : IIII<hi rend="sup">C</hi> III libre XVI solidi
                  fortium — qui campsi ad viennenses <lb/> valent : VIII<hi rend="sup">C</hi> VII
                  libras XII solidos viennensium de quibus </p>
            </div>
         </div>
         <div xml:id="expense_et_librate">
            <p><lb/><list>
                  <item> idem libravit ad expensas hospitii domini factas apud Pontem Vele in festo
                     Paschatis nuper preterito, per litteras domini et litteras <lb/> donni Iacobi,
                     capellani, de recepta datas apud Burgum die iovis post Pascha, anno Do¬mini
                        M<hi rend="sup">o</hi> CC<hi rend="sup">o</hi> nonagesimo septimo, <lb/> in
                     duobus bobus, triginta uno mutonibus et sex porcis : XXXVI libras VI solidos
                     viennen-sium <lb/></item>
                  <item> idem libravit donno Petro Amici, capellano, de helemosina<note> Pour
                        elemosina.</note> debita altari Sancti Georgii pro capella dicti loci
                     deservienda <lb/> singulis annis in festo beati Martini, per litteras dicti
                     ca¬pellani de recepta quas reddit : VII libras X solidos viennensium
                     <lb/></item>
                  <item> idem libravit Iohanni, preposito Anbrogniaci<note> Pour Ambrogniaci.
                        Aujourd’hui Ambronay.</note>, quos dominus dedit sibi in feudo percipien¬dos
                     super leydam Burgi singulis <lb/> annis in festo beati Michaelis, per litteram
                     dicti prepositi de recepta quam reddit : C solidos viennensium <lb/></item>
                  <item> idem libravit liberis domini Humberti de Cotarel<note> Nous n’avons pu
                        identifier cette seigneurie.</note>, quas singulis annis percipiunt super
                     ma¬cellum Burgi in Nativitate Domini, <lb/> per litteras de recepta quas reddit
                     : IIII libras viennen¬sium <lb/></item>
                  <item> idem libravit sibi ipsi pro parte sua ipsum contingentem<note> Lire
                        contingente.</note> in bannis, et capit in qualibet libra duodecim denarios
                     : LXVIII solidos vien¬nensium <lb/></item>
                  <item> idem libravit sibi ipsi pro salario suo per dictum tempus de quo computat,
                     et dantur ei per annum triginta libre<note> On a effacé un mot entre triginta
                        et libre, peut-être quinque.</note> viennensium <lb/> de salario : XIX
                     libras XII solidos IIII denarios viennensium</item>
               </list></p>
            <p><lb/> summa librate : LXXV libre XVI solidi IIII denarii viennensium</p>
         </div>
         <div xml:id="bilan">
            <p><list>
                  <item> et sic <lb/> debet dictus ballivus : VII<hi rend="sup">C</hi> XXXI libras
                     XV solidos VIII denarios viennensium </item>
                  <item> quibus adduntur LX solidi viennensium recepti <lb/> de Guidone Magnini pro
                     banno saysine fracte </item>
                  <item> item adduntur XV solidi recepti pro uno floreno aureo recepto a
                        caorsino<note> Pour caorcino.</note><lb/> de Vilaris<note> Aujourd’hui
                        Villars-les-Dombes. Bien que ne résidant pas dans la seigneurie du comte, ce
                        caorsin jugeait sans doute opportun de lui acquitter une garde, car ses
                        affaires l’amenaient vraisemblablement à intervenir depuis Villars en
                        territoire comtal.</note> quem debet pro garda per annum </item>
                  <item> et sic debet : VII<hi rend="sup">C</hi> XXXV libras X solidos VIII denarios
                     viennensium <lb/></item>
               </list></p>
            <p><list>
                  <item> sciendum quod dictus ballivus debet solvere de dicta remanentia Iohanni
                     Belli : II<hi rend="sup">C</hi> XXX libras viennensium <lb/></item>
                  <item> item corsino Burgi : II<hi rend="sup">C</hi> XXXIIII libras viennensium —
                     et debet recuperare a predictis litteras de debito et de <lb/> recepta </item>
                  <item> et, hiis allocatis, deberet : II<hi rend="sup">C</hi> IIII<hi rend="sup"
                        >XX</hi> I libras X solidos VIII denarios viennensium <lb/></item>
                  <item> item debet : V sestarios II quartallos IIII cupas frumenti </item>
                  <item> item : LXV sestarios II quartallos siliginis </item>
                  <item> item : XV <lb/> sestarios avene</item>
               </list></p>
         </div>
      </body>
   </text>
</TEI>
