<?xml version="1.0" encoding="UTF-8"?>
<?oxygen RNGSchema="http://www.tei-c.org/release/xml/tei/custom/schema/relaxng/tei_all.rng" type="xml"?>
<TEI xmlns="http://www.tei-c.org/ns/1.0" xml:id="B7081_8">
    <teiHeader>
        <fileDesc>
            <titleStmt>
                <title>Compte de Antelme Portier <hi rend="italics">Antelmus Porterii</hi>),
                    châtelain, pour la châtellenie de Bourg-en-Bresse, du jeudi 13 mai 1288 au
                    dimanche 21 août 1289 <date type="debut" from-iso="12880513" cert="high"/><date
                        type="fin" from-iso="12890821" cert="high"/></title>
                <respStmt>
                    <persName><name xml:lang="fra">Antelme Portier</name><name xml:lang="lat"
                            >Antelmus Porterii</name></persName>
                    <resp>Châtelain</resp>
                </respStmt>
            </titleStmt>
            <publicationStmt>
                <p>Christian Guilleré, Frédéric Chartrain et Alain Kersuzan, avec la collaboration de Nils Mantilleri, Jean-Michel Poisson, et Marianne Ronot, 
                    <title>Compte de Antelme Portier <hi rend="italics">Antelmus Porterii</hi>),
                        châtelain, pour la châtellenie de Bourg-en-Bresse, du jeudi 13 mai 1288 au
                        dimanche 21 août 1289</title>,
                    Lyon - Chambéry, 2012 (<title>Documents comptables des Etats de Savoie, XIIIe - XVe s.</title>)</p>
            </publicationStmt>
            <seriesStmt>
                <title>Bourg-en-Bresse</title>
            </seriesStmt>
            <sourceDesc>
                <p>Information about the source</p>
            </sourceDesc>
        </fileDesc>
    </teiHeader>
    <text>
        <body>
            <milestone n="10" unit="vue"/>
            <pb n="8"/>
            <div xml:id="prologue">
                <p><lb/> Computus<note> Ce compte a été numéroté <hi rend="italics">VI</hi> en
                        tête.</note> Antelmi Porterii castellani de Burgo in Breyssia a tercio<note>
                        On lit ici <hi rend="italics">tercio</hi>,<hi rend="italics">
                        Vincencio</hi>, <hi rend="italics">maliciose</hi>, <hi rend="italics"
                            >negociis</hi>, <hi rend="italics">Poncii</hi>, <hi rend="italics"
                            >hospicii</hi>, que l’on transcrit – suivant la convention générale
                        d’édition qui prescrit dans ce cas l’usage des formes classiques – <hi
                            rend="italics">tertio</hi>, <hi rend="italics">Vincentio</hi>, <hi
                            rend="italics">malitiose</hi>, <hi rend="italics">negotiis</hi>, <hi
                            rend="italics">Pontii</hi>, <hi rend="italics">hospitii</hi>.</note>
                    idus <lb/> maii anno Domini M<hi rend="sup">o</hi> CC<hi rend="sup">o</hi>
                    octogesimo octavo usque ad eamdem diem anno revoluto et ex tunc usque ad
                    dominicam post festum assunptionis<note> On écrit ici <hi rend="italics"
                            >assunptionis</hi>, <hi rend="italics">septenbris</hi>, <hi
                            rend="italics">attenptavit</hi>, <hi rend="italics">Hunbertum</hi>, <hi
                            rend="italics">scanpsi</hi>, <hi rend="italics">plunba</hi>, pour <hi
                            rend="italics">assumptionis</hi>, <hi rend="italics">septembris</hi>,
                            <hi rend="italics">attemptavit</hi>, <hi rend="italics">Humbertum</hi>,
                            <hi rend="italics">scampsi</hi>, <hi rend="italics">plumba</hi>, et
                        aussi <hi rend="italics">quandam</hi>, pour <hi rend="italics"
                        >quamdam</hi>.</note> beate Marie <lb/> videlicet XII<hi rend="sup">o</hi>
                    kalendas septenbris anno octogesimo nono videlicet pro uno anno integro
                    quatuordecim edomadis duobus diebus </p>
            </div>
            <div xml:id="recepte">
                <div xml:id="banna">
                    <head>banna</head>
                    <p><lb/> idem reddit computum <list>
                            <item> de XX solidis fortium receptis de Hugoneto
                                    <foreign>Boysson</foreign> de Monlaferta pro eo quod accusabatur
                                furtive cepisse quosdam sutulares<note> Lire subtalares.</note> in
                                foro Burgi </item>
                            <item><lb/> de LX solidis receptis de Vincentio de Viridario pro eo quod
                                occupaverat iter publicum et in eo <del rend="overstrike">com</del>
                                fecerat quandam servam piscium </item>
                            <item> de V solidis receptis de <lb/><foreign>Camyon</foreign> de Burgo
                                pro eo quod dixerat verba iniuriosa uxori
                                <foreign>Guidoy</foreign></item>
                            <item> de XII denariis receptis de quodam garcione Bernardi
                                    <foreign>d’Armondanges</foreign><note> On écrit ici <hi
                                        rend="italics"> darmondanges, lescrivana, lepanous,
                                        lescueler, deponte, alamorena, delespiney, adomino,
                                        deperona, deburgo, inturri, despeyssi,</hi> pour <hi
                                        rend="italics">d’Armondanges, L’Escrivana, Le Panous,
                                        L’Escueler, de Ponte, a La Morena, del Espiney, a domino, de
                                        Perona, de Burgo, in turri, d’Espeyssi</hi>.</note> pro eo
                                quod <lb/> scisserat in quodam nemore </item>
                            <item> de XII denariis receptis a dicta <foreign>L’Escrivana</foreign>
                                pro eo quod non manifestavit unum cutellum quem invenerat </item>
                            <item> de V solidis receptis de Petro <lb/> Aroudi pro eo quod dicebatur
                                malitiose combussisse partem unius arboris vicini sui </item>
                            <item> de II solidis receptis de filio burgensis de
                                    <foreign>Brou</foreign> pro eo quod ceperat <lb/> pruna in
                                arbore alieno </item>
                            <item> de III solidis receptis de filio Iohannis
                                    <foreign>Lorer</foreign> pro eo quod percussit quendam fabrum de
                                pugno </item>
                            <item><lb/> de LX solidis receptis de duobus hominibus <lb/> prioris de
                                    <foreign>Sulugnia</foreign> pro <del rend="overstrike">eo
                                    quod</del> banno leyde non solute </item>
                            <item> de XX solidis receptis de Stephano filio Iohannis
                                    <foreign>Duret</foreign> pro banno copunagii non soluti </item>
                            <item> de X solidis receptis <lb/> de filio Petri
                                    <foreign>Peloczot</foreign> de <foreign>Brou</foreign> et quodam
                                consanguineo suo pro banno sanguinis facti cuidam pastori </item>
                            <item> de X solidis receptis ab uxore Perraudi <foreign>Malet</foreign>
                                pro <lb/> eo quod percusserat quandam mulierem </item>
                            <item> de V solidis receptis de uxore Petri <foreign>Truphier</foreign>
                                de Burgo pro banno mensure salis false </item>
                            <item> de X solidis receptis de Rupho <lb/> filio Guillermi
                                    <foreign>Longuespea</foreign> pro eo quod vendiderat carnes
                                ovinas pro carnibus arietinis </item>
                            <item> de IIII solidis receptis de dicto <foreign>Boryvint</foreign> de
                                Sancto Andrea <foreign>le Panous</foreign><lb/> pro eo quod
                                abstulerat cuidam pastori vestes suas </item>
                            <item> de V solidis receptis de Stephaneto de
                                    <foreign>Cortablins</foreign> pro eo quod verberaverat fabrum de
                                Sancto Andrea </item>
                            <item> de V solidis receptis <lb/> de dicto fabro pro eo quod
                                repercussit illum Stephanum </item>
                            <item> de V solidis receptis de Berteto <foreign>Tuyllart</foreign> pro
                                eo quod utebatur barrallo non iusto </item>
                            <item> de XII solidis VI denariis receptis <lb/> de Andrea de Sancto
                                Rolino pro eo quod abstulerat cuidam homini capucium suum </item>
                            <item> de X solidis receptis de Guillermo de Valle de
                                    <foreign>Buenc</foreign> pro eo quod habebat falsas <lb/>
                                    balances<note> Lire <hi rend="italics"
                                >bilances</hi>.</note></item>
                            <item> de X solidis receptis de Hugoneto de <foreign>Mangetan</foreign>
                                pro eo quod tempore magne [carestie] accusabatur cepisse male bladum
                                non suum </item>
                            <item> de XX solidis receptis de Guillermo <lb/> Salomonis de Burgo pro
                                eo quod bladum suum saisitum ex eo quod non fecerat illud ponderari
                                deportavit de molendino <del rend="overstrike">non
                                    obstante</del><add place="interlinear">contra</add> saysinam
                                castellani </item>
                            <item><lb/> de XXX solidis receptis de Iohannino
                                    <foreign>Chavayria</foreign> de Burgo quia attenptavit
                                cognoscere quandam mulierem per vim </item>
                            <item> de IIII solidis receptis de Rupho <foreign>L’Escueler</foreign>
                                de <lb/> Burgo pro eo quod non solverat leydam debitam </item>
                            <item> de VII solidis VI denariis receptis de
                                    <foreign>Frepesaussa</foreign><note> On a écrit <hi
                                        rend="italics">ffrepesaussa</hi>. Surnom de goinfre ou de
                                    mauvais cuisinier. Voir <hi rend="italics">Littré</hi>, <hi
                                        rend="italics"> s. v.</hi> fripe-sauce, ou bien <hi
                                        rend="italics"> TLF</hi>, <hi rend="italics">s. v.</hi>
                                        fripe<hi rend="sup"> 1</hi>.</note> pro eo quod fecerat
                                sanguinem amasie sue </item>
                            <item> de V solidis receptis de <lb/> corderio de Burgo <add
                                    place="interlinear">pro eo</add> quod vocavit Hunbertum
                                    <foreign>Clavel</foreign> roberium </item>
                            <item> de V solidis receptis de <foreign>Cabuchet de Poyllia</foreign>
                                pro eo quod non solverat leydam unius porci <lb/> venditi </item>
                            <item> de X solidis receptis de Floreta sorore <foreign>La
                                    Berauda</foreign> de Burgo pro eo quod utebatur falsa mensura
                                salis </item>
                            <item> de X solidis receptis de <foreign>Masuer de
                                        </foreign><lb/><foreign>Corgeron<note type="césure"><hi
                                            rend="italics">cor<lb/>geron</hi></note></foreign> pro
                                eo quod interfecit in itinere unam suem non suam </item>
                            <item> de X solidis receptis de fratre<note> On a écrit <hi
                                        rend="italics">ffratre</hi>.</note> medici de ala por banno
                                adulterii </item>
                            <item> de XXX solidis receptis de Stephano <lb/> de Grangia pro banno
                                saysine fracte </item>
                            <item> de X solidis receptis de quodam pellipario Lugduni pro banno
                                adulterii </item>
                            <item> de X solidis receptis de Guillermo <foreign>Borrelat</foreign>
                                pro eo quod de <lb/> nocte proiecit unam cadrigam in fossatum </item>
                            <item> de III solidis VI denariis receptis de Petro
                                    <foreign>Beruca</foreign> de Monlaferta pro eo quod filius eius
                                percussit unum pastorem </item>
                            <item> de X solidis <lb/> receptis ab Aschardo <foreign>del
                                    Coster</foreign> pro eo quod verberaverat unum hominem domini
                                comitis </item>
                            <item> de X solidis receptis de Guillone Salomonis pro eo quod fecit
                                sanguinem <lb/> cuidam tempore guerre </item>
                            <item> de XX solidis receptis de carronerio Stephani
                                    <sic>Terlleti</sic><note> On écrit ici <hi rend="italics"
                                        >Terlleti, Gorllat</hi>, ou encore <hi rend="italics"
                                        >dorsso</hi>.</note> pro banno adulterii </item>
                            <item> de XXX solidis receptis de Guichardo de
                                    <foreign>Cortafon</foreign> de Burgo <lb/> pro eo quod fecerat
                                vendi in foro unum porcum coruptum<note> Lire <hi rend="italics"
                                        >corruptum</hi>.</note> pro sano </item>
                            <item> de V solidis receptis de Matheo <foreign>Lo Clop</foreign> pro eo
                                quod desclaverat domum suam quam <lb/> clavelari<note> Lire <hi
                                        rend="italics">clavellari</hi>.</note> fecerat castellanus </item>
                            <item> de V solidis receptis de quodam dicto <foreign>Conseyl</foreign>
                                pro eo quod verberavit quandam mulierem </item>
                            <item> de XL solidis receptis de Stephano de <foreign>Chillou</foreign>
                                pro eo <lb/> [quod] male ceperat cutellum cuiusdam hominis et
                                celavit </item>
                            <item> de II solidis VI denariis de filio dicti
                                    <foreign>Chalamel</foreign> pro eo quod non manifestavit quosdam
                                denarios quos invenerat </item>
                            <item><lb/> de IIII solidis receptis de quodam homine de
                                    <foreign>Vandens</foreign> pro eo quod non manifestaverat unum
                                    <foreign>guoy</foreign> inventum </item>
                            <item> de V solidis receptis de quodam homine domini Roberti de
                                    <lb/><foreign>Chasteillon</foreign> pro eo quod fuit in
                                societate cuiusdam qui fecit sanguinem alteri </item>
                            <item> de VII solidis receptis de Bertholomeo de
                                    <foreign>Rossetes</foreign> pro eo [quod] erradicaverat <lb/>
                                unum pomerium in nemore de <foreign>Teysongy</foreign></item>
                            <item> de II solidis VI denariis receptis de Guillermo pellipario pro eo
                                quod interfuit quando fractum fuit hostium domus cuiusdam <lb/>
                                mulieris de nocte </item>
                            <item> de XV solidis receptis de Stephanino de <foreign>Lognes</foreign>
                                fabro pro <del rend="overstrike">eo</del> banno adulterii </item>
                            <item> de XX solidis receptis de Guillermo pellipario pro eo quod <lb/>
                                fecerat sanguinem <foreign>Cornaut</foreign> de Burgo </item>
                            <item> de VII solidis VI denariis receptis a nepote Berardi de Ponte por
                                banno sanguinis </item>
                            <item> de XX<note> Ce nombre a remplacé une rédaction antérieure.</note>
                                solidis receptis de filio <lb/> Bernerii de Longo Campo et quodam
                                dicto <foreign>Putatin</foreign> et filio <foreign>a La
                                    Morena</foreign> et Thoma de Selva pro eo quod in vigilia
                                nativitatis beati Iohannis ceperunt in quodam <lb/> domo quatuor
                                caseos </item>
                            <item> de V solidis receptis de filio granerii de Burgo pro eo quod
                                percussit unum hominem </item>
                            <item> de XL solidis receptis de Bernardo <foreign>Lo Grant</foreign>
                                pro eo quod de nocte <lb/> intraverat domum Guichardi filii
                                    <foreign>Brunan</foreign></item>
                            <item> de X solidis receptis de Guillermo de <foreign>Jasseron</foreign>
                                de Burgo pro eo quod vendiderat quatuor cupas de blado confratrie </item>
                            <item><lb/> de V solidis receptis de Ravinello de Burgo pro eo quod
                                fecit sanguinem cuidam pignorando </item>
                            <item> de V solidis receptis de Peroneto Mugnerii pro eo quod celaverat
                                quandam <lb/> suem inventam </item>
                            <item> de V solidis receptis de Matheo <sic>Gorllat</sic> pro banno
                                unius cadrige posite de nocte in fossatum </item>
                            <item> de V solidis receptis de Peronoudo de <lb/> Rispis pro eo quod
                                uxor sua fecerat sanguinem cuidam </item>
                            <item> de XXX solidis receptis de Iohanneto <foreign>de
                                    L’Espiney</foreign> de Cra pro eo quod apropriabat<note> Lire
                                        <hi rend="italics">appropriabat</hi>, voire <hi
                                        rend="italics">appropriavit</hi>.</note> sibi una cum
                                Hugonino <lb/> unum porcum non suum et certo signo signaverant </item>
                            <item> de XX solidis receptis de dicto Hugonino pro eodem </item>
                            <item> de XV solidis receptis de quodam dicto <foreign>Adroit</foreign>
                                macellario pro banno <lb/> sanguinis </item>
                            <item> de V solidis receptis de Guillermo filio Bernardi
                                    <foreign>Portabo</foreign> pro banno sanguinis </item>
                            <item> de LXXII solidis VI denariis receptis de clamis per idem tempus
                                ut in particulis </item>
                            <item><lb/> summa : XLI libre XIX solidi VI denarii fortium — in quibus
                                castellanus percipit per conventionem sibi <lb/> factam a domino
                                comite ut per litteram in qualibet libra duodecim denarios — et
                                remanent domino : XXXIX libre XVII solidi VI denarii fortium </item>
                        </list></p>
                </div>
                <div xml:id="introgia">
                    <head>introgia</head>
                    <p><lb/> idem reddit computum <list>
                            <item> de V solidis fortium receptis de Bergerio genero <foreign>Petit
                                    de Cortablin</foreign> pro concessione sibi <add
                                    place="interlinear">facta</add> de terris [et] pratis sibi in
                                dotem a dicto <lb/><foreign>Petit</foreign> homine talliabili domini
                                comitis datis pro quibus terris et pratis dictus Bergerius reddidit
                                unum filium suum in hominem talliabilem domini comitis </item>
                            <item><lb/> summa : V solidi fortium </item>
                            <item> de aliis intragiis<note> On alterne ici <hi rend="italics"
                                        >introgium</hi> et <hi rend="italics">intragium</hi>.</note>
                                debet computare Stephanus Sterleti <lb/> idem reddit computum </item>
                            <item> de III solidis VI denariis fortium de herba pratorum que solebat
                                tenere Peyraudus <foreign>del Vergier</foreign> a domino comite <add
                                    place="interlinear">ad talliam</add> et ea apropriaverat<note>
                                    Lire <hi rend="italics">appropriaverat</hi>.</note><lb/> sibi
                                dominus Henricus de Vernolio nunc autem reducta sunt ad manum domini </item>
                            <item> de III solidis receptis de herba pratorum que solebat tenere a
                                domino <lb/> comite ad talliam Aymo <foreign>Levez</foreign> de
                                    <foreign>Perona</foreign> que sibi apropriaverat Stephanus de
                                Grangia nunc autem dicta prata et terra <del rend="overstrike"
                                    >dicte</del> masure dicti Aymonis<note> On a écrit <hi
                                        rend="italics">Ay</hi>.</note> reducta sunt <lb/> ad manum
                                domini </item>
                            <item><lb/> summa : VI<note> On avait d’abord écrit <hi rend="italics"
                                        >VII</hi>, et le nombre est raturé.</note> solidi VI denarii
                                fortium <lb/> idem reddit computum </item>
                            <item> de XLIX solidis VIII denariis obolo viennensium receptis de exitu
                                feudi quod tenebat <foreign>Alys de Sachins</foreign> a domino <add
                                    place="interlinear">computato blado ad denarios</add> ut in
                                particulis in <sic>dorsso</sic> presentis <lb/> rotuli et reductum
                                est ad manum domini ex eo quod legaverat ipsum hospitali de
                                    <foreign>Teysongi</foreign><note> L’" hôpital de Teyssonge "
                                    appartenait à l’ordre de l’Hôpital de
                                    Saint-Jean-de-Jérusalem.</note> quod facere non poterat sine
                                consensu domini </item>
                            <item><lb/> summa : XLIX solidi VIII denarii obolus viennensium — valent
                                : XXIIII solidos X denarios pictam fortium </item>
                        </list></p>
                </div>
                <div xml:id="exitus_ponderis">
                    <head>exitus ponderis<note type="césure"><hi rend="italics">exitus
                                pon<lb/>deris</hi></note></head>
                    <p><lb/> idem reddit computum <list>
                            <item> de C I solidis I denario fortium receptis de exitu ponderis bladi
                                per tempus supradictum usque ad festum beati Iohannis baptiste anno
                                octogesimo nono <lb/> et tunc fuit accensatum Stephano
                                    <foreign>Tupiner</foreign> ad tresdecim libras viennensium de
                                firma per annum </item>
                            <item><lb/> summa : C I solidi I denarius fortium </item>
                        </list></p>
                </div>
                <div xml:id="iudei">
                    <head>iudei</head>
                    <p><lb/> idem reddit computum <list>
                            <item> de XV solidis fortium receptis de <foreign>Emendant</foreign>
                                iudeo pro prima solutione compositionis facte cum domino comite ex
                                causa prise sue in festo <lb/> paschatis nuper preterito et
                                    tottidem<note> On écrit ici <hi rend="italics">tottidem</hi> et
                                        <hi rend="italics">tottalis</hi> pour <hi rend="italics"
                                        >totidem</hi> et <hi rend="italics">totalis</hi>.</note>
                                debet quolibet anno usque ad quinque annos et tam de isto quam aliis
                                habet litteras obligatorias magister Hugo <lb/> scriptor Burgi </item>
                            <item> de XV solidis receptis de Arenino iudeo et filio suo eadem de
                                causa </item>
                            <item> de VII solidis VI denariis receptis de <foreign>Gentil</foreign>
                                iudeo pro eodem </item>
                            <item><lb/> de Ioceto nichil recepit ut dicit </item>
                            <item> summa : XXXVII solidi VI denarii </item>
                        </list></p>
                </div>
                <div xml:id="forestagium">
                    <head>forestagium</head>
                    <p><lb/> idem reddit computum <list>
                            <item> de LVI solidis fortium receptis de forestagio <del
                                    rend="overstrike">concesso quibusdam</del> nemoris de Teysongi
                                videlicet in nemore sico<note> Lire <hi rend="italics">sicco</hi>.
                                    On emploie régulièrement <hi rend="italics">nemus</hi> pour <hi
                                        rend="italics">lignum</hi>.</note> concesso quibusdam <lb/>
                                per annum finitum in festo beati Iohannis baptiste anno octogesimo
                                nono </item>
                            <item> de VIII solidis IX denariis receptis de forestagio quinque
                                    cadrigarum<note> On avait écrit <hi rend="italics"
                                        >cadrigarumarum</hi>, mais les lettres superflues ont été
                                    biffées.</note> circulorum factorum <lb/> in dicto nemore per
                                dictum <foreign>Marbo</foreign> carpentarium et alii quibus
                                concessit forestagium pro anno futuro consignantur in dorsso
                                presentis rotuli </item>
                            <item> summa : LXIIII solidi IX denarii fortium </item>
                        </list></p>
                </div>
                <div xml:id="inventa">
                    <head>inventa</head>
                    <p><lb/> idem reddit computum <list>
                            <item> de XVIII denariis fortium receptis videlicet qui fuerunt inventi
                                in domo mercati </item>
                            <item> de XVIII denariis receptis de una sue inventa et <lb/> vendita
                                pro tanto </item>
                            <item> de XII denariis receptis de uno coutro et uno tripede
                                inventis</item>
                            <item> summa : IIII solidi fortium <lb/> idem reddit computum<note> On
                                    n’a pas jugé nécessaire ici d’ajouter une
                                rubrique.</note></item>
                            <item> de XII libris X solidis fortium receptis de Peronino <foreign>del
                                    Bioley</foreign> de dono facto domino comite ex eo quod ipsum
                                franchivit de tallia sicut continetur <lb/> in littera quam inde
                                habet</item>
                            <item> summa : XII libre X solidi fortium</item>
                        </list></p>
                </div>
                <div xml:id="bilan_recepte">
                    <p><list>
                            <item><lb/> summa tottalis : LXIIII libre XI solidi II denarii
                                    <unclear>po[igesia]</unclear> fortium — valent <lb/>
                                    scanpsi<note> Lire <hi rend="italics">campsi</hi>, pour <hi
                                        rend="italics">cambiti</hi>.</note> ad viennenses videlicet
                                uno denario fortium computato pro duobus denariis viennensium :
                                    VI<hi rend="sup">XX</hi> IX libras II solidos IIII denarios
                                obolum viennensium de quibus </item>
                        </list></p>
                </div>
            </div>
            <div xml:id="expense_et_librate">
                <p><note> On n’a pas jugé nécessaire d’ajouter la rubrique <hi rend="italics"
                            >expensa</hi>.</note><list>
                        <item><lb/> in stipendiis diversorum nunciorum missorum ad diversa loca pro
                            negotiis domini et expensis clientum insidiantium <del rend="overstrike"
                                >Peronetu[m]</del> bastardum Peroneti <foreign>Julian</foreign> qui
                            <lb/> offendit illos de Burgo : XXXIIII solidos IIII denarios
                            viennensium </item>
                        <item> item in sala et turri recohoperienda, tegulis emptis, domo stabuli
                            torchienda, fossato <lb/> molendini curando, duabus fenestris factis in
                            coquina castri, et uno trapone in turri : XXIII solidos II denarios. </item>
                        <item> item una cathena<note> On écrit ici <hi rend="italics">cathena</hi>
                                et <hi rend="italics">hostiis</hi> pour <hi rend="italics"
                                    >catena</hi> et <hi rend="italics">ostiis</hi>.</note> empta ad
                            <lb/> prisones custodiendos et remanet castellano sequenti : VI solidos </item>
                        <item> Item in <foreign>bestrueyl</foreign> stangni domini aptando bis quia
                            destructum <lb/> fuit propter inundationes<note> On paraît avoir écrit
                                    <hi rend="italics">in undationes</hi>.</note> aquarum, et tertia
                            vice fuit aptatum de postibus et factum, et calciata elevanda, et
                            sepibus factis ibidem : C VI solidos III denarios </item>
                        <item><lb/> item in stipendio duarum cadrigarum apportantium pisces de
                            stangno Baugiaci positos in dicto stangno Burgi : XVI solidos </item>
                        <item> item in expensis factis <lb/> persequendo Iaquetum <foreign>de
                                Loyes</foreign> qui furatus fuerat unam equam apud Burgum in tantum
                            quod fuit captus et suspensus : XXXIII solidos </item>
                        <item><lb/> item in <del rend="overstrike">bola</del> plunba<note> On
                                attendrait <hi rend="italics">plumbo</hi>.</note> ponderis bladi
                            facienda quia prima plunba fuit perdita et una corda nova pro dicto
                            pondere : IX solidos </item>
                        <item> item in stipendio <lb/> Stephani <foreign>Tupiner</foreign>
                            custodientis dictum pondus per unum annum : IIII libras </item>
                        <item> summa : XV libre VII solidi IX denarios </item>
                        <item> item libravit<note> On n’a pas jugé nécessaire d’ajouter la rubrique
                                    <hi rend="italics">librata</hi>.</note> in expensis domini
                            Guillermi de Septemo, domini Pontii de <foreign>Lioneres</foreign>,
                            domini Guillermi <foreign>d’Espeyssi</foreign> limitantium marchiam de
                            Burgo, de <foreign>Chalamont</foreign><lb/> et de
                                <foreign>Lent</foreign> per litteram dicti domini Guillermi datam in
                            crastino accensionis<note> Lire <hi rend="italics"
                                >ascensionis</hi>.</note> Domini anno octogesimo nono : LIX solidos
                            III denarios viennensium </item>
                        <item><lb/> item in expensis equi magistri Petri phisici infirmantis apud
                            Burgum per litteram domini comitis de mandato datam in vigilia
                            accensionis anno nono : XXXV solidos </item>
                        <item><lb/> item libravit domino Petro de Hyanna ad expensas domini comitis
                            per litteram dicti domini Petri datam in festo beati Andree anno
                            octogesimo octavo : XV libras </item>
                        <item><lb/> item libravit Stephano de Sancto Reneberto ad expensas hospitii
                            domini comitis per litteram eius datam die iovis ante festum apostolorum
                            Philippi et Iacobi anno octogesimo nono : XX libras </item>
                        <item><lb/> item eidem Stephano ut per litteram eius datam sabbato post
                            octabas apostolorum Petri et Pauli anno octogesimo nono : XXI libras </item>
                        <item><lb/> item libravit Hugoneto de Rosseillone per litteram domini
                            comitis de mandato datam die veneris ante festum beati Thome apostoli
                            anno octogesimo octavo <lb/> et litteram dicti Hugoneti de recepta
                            videlicet pro centum solidis turonensium quando missus fuit in Francia :
                            VI libras V solidos </item>
                        <item><lb/> item Guillermo de <foreign>Vacheresce</foreign> pro expensis
                            unius equi domini comitis quem aducebat<note> Lire <hi rend="italics"
                                    >adducebat</hi>.</note> de Burgeto et datus fuit comiti
                            Altisiodorensi : II solidos </item>
                        <item><lb/> item libravit sibi ipsi pro salario suo de castro et castellania
                            tenendis ad rationem viginti quinque librarum viennensium de salario per
                            annum : XXXI libras XVIII solidos viennensium </item>
                        <item><lb/> item pro una ymagine<note> Lire <hi rend="italics"
                                >imagine</hi>.</note> cere facta de precepto domine comitisse pro
                            filio domini et oblata altari beate Marie Burgi : XVI solidos
                                    <add>IIII<hi rend="sup">XX</hi> XIX libre XV solidi III
                                denarii</add><note>Ajouté sur deux lignes à droite du texte
                                principal. Il s’agit du total de la <hi rend="italics">librata</hi>
                                non compris les deux versements effectués à Pierre de Montmélian,
                                qui a reçu le compte.</note><note type="césure"><hi rend="italics"
                                        >IIII<hi rend="sup">XX</hi> XIX libre <lb/> XV solidi III
                                    denarii</hi>. </note></item>
                        <item><lb/> item in expensis Petri de Montemeliano recipientis presentem
                            computum per duos dies : X solidos </item>
                        <item><lb/> item libravit dicto Petro clerico per manum Stephani Sterleti ad
                            opus domini comitis ut per confessionem eius : IIII libras viennensium </item>
                        <item><lb/> summa librate : C IIII libre V solidi III denarii </item>
                        <item><lb/> summa tottalis expense et librate : C XIX libre XIII solidi
                            viennensium </item>
                    </list></p>
            </div>
            <div xml:id="bilan">
                <p><list>
                        <item><lb/> et sic debet dictus castellanus : IX libras IX solidos IIII
                            denarios obolum viennensium <lb/> hec sunt que castellanus dimisit in
                            castro et que tradidit Bertholomeo familiari domini Petri de
                            Chasteillone : </item>
                        <item><lb/> primo unam conchiam<note> Lire <hi rend="italics"
                                >concham</hi>.</note> seu bacignum<note> Lire <hi rend="italics"
                                    >baccinum</hi>.</note> magnum pro manibus lavandis </item>
                        <item> item duas patellas frisorias<note> Lire <hi rend="italics"
                                    >frixorias</hi>.</note></item>
                        <item> item IIII bancas seu formas et duas mensas et III archas </item>
                        <item><lb/> item I cathenam ferri pro prisonibus et claves in hostiis et
                            cathenam in prima porta castri </item>
                        <item><lb/> magister Hugo scriptor custodit litteras de cautione quam
                            dederunt Iocetus et alii iudei Burgi de tallia solvenda </item>
                        <item><lb/> item custodit litteram de debito domini Alardi de Sancto
                            Desiderio quod donavit <foreign>Emendant</foreign> iudeus domino
                            comiti</item>
                    </list></p>
            </div>
        </body>
    </text>
</TEI>
