<?xml version="1.0" encoding="UTF-8"?>
<?xml-model href="http://www.tei-c.org/release/xml/tei/custom/schema/relaxng/tei_all.rng" schematypens="http://relaxng.org/ns/structure/1.0"?>
<TEI xmlns:math="http://www.w3.org/1998/Math/MathML" xmlns="http://www.tei-c.org/ns/1.0"
    xmlns:xi="http://www.w3.org/2001/XInclude" xmlns:svg="http://www.w3.org/2000/svg"
    xml:id="B7083_1">
    <teiHeader>
        <fileDesc>
            <titleStmt>
                <title>Compte d'Étienne Sterlet/Terlet (Stephanus Sterleti/Terleti), receveur des
                    revenus de Bourg, pour la châtellenie de Bourg-en-Bresse, du samedi 24 juin 1290
                    au dimanche 24 juin 1291 <date type="debut" from-iso="12900624" cert="high"
                        /><date type="fin" from-iso="12910624" cert="high"/></title>
                <respStmt>
                    <persName><name xml:lang="fra">Étienne Sterlet</name><name xml:lang="lat"
                            >Stephanus Sterleti</name></persName>
                    <resp>Châtelain</resp>
                </respStmt>
            </titleStmt>
            <publicationStmt>
                <p>Christian Guilleré, Frédéric Chartrain et Alain Kersuzan, avec la collaboration de Nils Mantilleri, Jean-Michel Poisson, et Marianne Ronot, 
                    <title>Compte d'Étienne Sterlet/Terlet (Stephanus Sterleti/Terleti), receveur des
                        revenus de Bourg, pour la châtellenie de Bourg-en-Bresse, du samedi 24 juin 1290
                        au dimanche 24 juin 1291</title>,
                    Lyon - Chambéry, 2012 (<title>Documents comptables des Etats de Savoie, XIIIe - XVe s.</title>)</p>
            </publicationStmt>
            <seriesStmt>
                <title>Bourg-en-Bresse</title>
            </seriesStmt>
            <sourceDesc>
                <p>Information about the source</p>
            </sourceDesc>
        </fileDesc>
    </teiHeader>
    <text>
        <body>
            <milestone n="2" unit="vue"/>
            <pb n="1"/>
            <div xml:id="prologue">
                <p><lb/> Conputus<note> Nous lisons ici <hi rend="italics">conputus</hi>,<hi
                            rend="italics"> conputum</hi>,<hi rend="italics"> conputi</hi>, pour <hi
                            rend="italics">computus</hi>,<hi rend="italics"> computum</hi>, <hi
                            rend="italics">computi</hi>, ou <hi rend="italics">conputat</hi> pour
                            <hi rend="italics">computat</hi>, alors que l’on y écrit également, par
                        exemple, <hi rend="italics">tempus</hi> ou <hi rend="italics"
                        >campum</hi>.</note> Stephani Sterleti, receptoris reddituum Burgi, a festo
                    beati Iohannis baptiste anno Domini millesimo <supplied
                        reason="support endommagé">nonagesimo</supplied><lb/> usque ad idem festum
                    anno nonagesimo primo, videlicet de uno anno integro, factus die iovis ante
                        adnuntiationem<note> Nous lisons ici <hi rend="italics">adnunciacionem</hi>,
                            <hi rend="italics">hospicio</hi>, <hi rend="italics">forcium</hi>, <hi
                            rend="italics">Laurencio</hi>, <hi rend="italics">recogniciones</hi>,
                            <hi rend="italics">recognicionibus</hi>, <hi rend="italics"
                            >Laurencii</hi>, <hi rend="italics">vendencium</hi>, <hi rend="italics"
                            >transseuncium</hi>, <hi rend="italics">precio</hi>, <hi rend="italics"
                            >preciis</hi>, <hi rend="italics">consumpcione</hi>, <hi rend="italics"
                            >tocius</hi>, <hi rend="italics">aportancium</hi>, <hi rend="italics"
                            >servicium</hi>, <hi rend="italics">tercia</hi>, <hi rend="italics"
                            >negociis</hi>, <hi rend="italics">recipiencium</hi>, <hi rend="italics"
                            >custodiencium</hi>, <hi rend="italics">servicio</hi>, que nous
                        transcrivons – selon la convention d’édition prescrivant l’usage général de
                        la graphie classique – <hi rend="italics">adnuntiationem</hi>, <hi
                            rend="italics">hospitio, fortium</hi>, <hi rend="italics"
                        >Laurentio</hi>, <hi rend="italics">recognitiones</hi>, <hi rend="italics"
                            >recognitionibus</hi>, <hi rend="italics">Laurentii</hi>, <hi
                            rend="italics">vendentium</hi>, <hi rend="italics">transseuntium</hi>,
                            <hi rend="italics">pretio</hi>, <hi rend="italics">pretiis</hi>, <hi
                            rend="italics">consumptione</hi>, <hi rend="italics">totius</hi>, <hi
                            rend="italics">aportantium</hi>, <hi rend="italics">servitium</hi>, <hi
                            rend="italics">tertia</hi>, <hi rend="italics">negotiis</hi>, <hi
                            rend="italics">recipientium</hi>, <hi rend="italics">custodientium</hi>,
                            <hi rend="italics">servitio</hi>.</note> beate Marie, exceptis <supplied
                        reason="support détruit">redditibus</supplied><lb/> de pedagio, laudibus et
                    vendis, de champeriis et intragiis nisi usque ad confectionem presentis conputi.
                </p>
            </div>
            <div xml:id="recepte">
                <div xml:id="frumentum">
                    <head>frumentum</head>
                    <p><lb/> idem reddit conputum <list>
                            <item> de I quartallo frumenti recepto de liberis Morelli de
                                    <foreign>Putessart</foreign> de redditu per annum </item>
                            <item> de III quartallis receptis de remanentia sui conputi precedentis
                                <lb/> summa : IIII quartalli frumenti — venduntur ut infra <lb/><add
                                    place="leftMargin"># in fine totius recepte respice</add></item>
                        </list></p>
                </div>
                <div xml:id="siligo">
                    <head>siligo</head>
                    <p><lb/> idem reddit conputum <list>
                            <item> de XVI sestariis VII cupis et dimidia siliginis receptis in
                                castellania Burgi de redditu per annum </item>
                            <item> de IX quartallis receptis de messe apud <foreign>Les
                                    </foreign><supplied reason="support endommagé"
                                        ><foreign>Rispes</foreign></supplied><lb/> hoc anno </item>
                            <item> de exitu molendini subtus alam et molendini de stagno et
                                molendini dicti <foreign>Adroit</foreign>, blancherie, fole et
                                batitorii, pro parte domini <supplied reason="support endommagé">et
                                    …</supplied><lb/> dorso huius rotuli, de anno presenti et duobus
                                precedentibus </item>
                            <item> de XXVIII sestariis III quartallis receptis de messe apud
                                    <foreign>Perona</foreign>, apud <foreign>La Verneya</foreign>,
                                apud <foreign>Billa<note type="césure"><hi rend="italics"
                                            >bil<lb/>la</hi></note></foreign>, <lb/> apud Sanctum
                                Andream, apud <foreign>Pontet</foreign>, apud Tulliam, apud
                                Byolerum, apud Grilleriam, apud <foreign>Malmont</foreign>, apud
                                    <foreign>Chillou</foreign>, apud <foreign>Cusia</foreign>, apud
                                    <foreign>La Taysoneri</foreign>, apud <supplied
                                    reason="support endommagé"
                                        ><foreign>C</foreign>…<foreign>nt</foreign></supplied><lb/>
                                et <foreign>Cortablin</foreign> et <foreign>La Buysoneri</foreign>,
                                apud Buellam et <foreign>Corgeron</foreign>, apud
                                    <foreign>Monceuz</foreign>, apud <foreign>Pollya</foreign>, apud
                                    <foreign>Antignia</foreign>, apud
                                    <foreign>Montzlaferta</foreign>, apud <foreign>Cra</foreign>,
                                apud <foreign>Pugia</foreign>, hoc <lb/> anno, ut in conputo
                                precedenti, et levatur in quolibet hospitio excolente ad boves unum
                                quartallum, in non excolente unum <foreign>bichon</foreign>, in
                                    <supplied reason="support endommagé">viduis non</supplied><lb/>
                                excolantibus nichil </item>
                            <item> de II sestariis et dimidio receptis de firma molendini de Longo
                                Campo pro parte domini hoc anno </item>
                            <item> de XIII <supplied reason="support endommagé">quartallis
                                    receptis</supplied><lb/> apud Longum Campum de redditu per
                                annum, et ante guerram debebantur ibidem novem sestarii et tres
                                bichoni et dimidius <supplied reason="support endommagé">… …
                                    …</supplied></item>
                        </list></p>
                    <div type="sub">
                        <head>arreragium</head>
                        <p><lb/> idem reddit conputum <list>
                                <item> de VII<hi rend="sup">XX</hi> IX sestariis III quartallis I
                                    cupa et dimidia siliginis receptis de remanentia sui conputi
                                    precedentis </item>
                            </list></p>
                    </div>
                    <div>
                        <p><list>
                                <item><lb/> summa : CCII sestarii III quartalli V cupe siliginis —
                                    venduntur ut infra </item>
                            </list></p>
                    </div>
                </div>
                <div xml:id="avena">
                    <head>avena</head>
                    <p><lb/> idem reddit conputum <list>
                            <item> de XXXI quartallis et dimidio avene receptis in dicta castellania
                                de redditu per annum </item>
                            <item> de VI quartallis et dimidio receptis apud
                                    <foreign>Crespignia</foreign> et <foreign>Montagnia</foreign> de
                                <lb/> messe hoc anno </item>
                            <item> de XII quartallis et dimidio receptis apud Longum Campum pro
                                eodem hoc anno </item>
                            <item> de IIII quartallis receptis de prioratu de
                                    <foreign>Buella</foreign> de garda per <lb/> annum </item>
                        </list></p>
                    <div type="sub">
                        <head>arreragium</head>
                        <p><list>
                                <item> de XXXIII sestariis I quartallo III cupis receptis de
                                    remanentia sui conputi precedentis </item>
                            </list></p>
                    </div>
                    <div>
                        <p><list>
                                <item><lb/> summa : XLVI sestarii III quartalli IX cupe avene </item>
                                <item> de quibus libravit ad <lb/> equos domini, ut per literam
                                    Andree datam die iovis ante carniprivium anno nonagesimo :
                                        VII<hi rend="sup">XX</hi> XVII rasos </item>
                                <item> item ad equos domine comitisse, ut per eandem<note> On écrit
                                        ici <hi rend="italics">eandem</hi> pour <hi rend="italics"
                                            >eamdem</hi>.</note><lb/> literam dicti Andree de
                                    Voyrone : XXI quartallos I cupam </item>
                                <item> item quatuor pullis domini sejornantibus apud Burgum a festo
                                        pentechostes<note> Lire <hi rend="italics"
                                        >pentecostes</hi>.</note> usque ad festum beati <lb/>
                                    Martini hyemalis, videlicet per viginti quinque septimanas :
                                    LXII quartallos et dimidium </item>
                                <item> item tribus pullis parvis positis ad capistrum in festo beati
                                    Martini, a dicto <lb/> festo usque ad nativitatem Domini,
                                    videlicet per quadraginta duos dies : V quartallos I rasum </item>
                                <item> item pullo quem remiserunt illi de Montemerula per viginti
                                    unam <lb/> diem<note> Nous attendions <hi rend="italics"
                                            >dies</hi>. Par ailleurs, on voit que le genre du nom
                                            <hi rend="italics">dies</hi> est ici alternativement
                                        masculin et féminin.</note> ibidem apud Burgum : XXI cupas,
                                    ut per literam Vachereti de tota avena pullorum </item>
                                <item> item Berteto Renaldi, ad opus emissarii : VI quartallos et
                                    dimidium </item>
                                <item><lb/> item equis computatorum : II quartallos </item>
                                <item> summa librate : XXXIIII sestarii II quartalli IIII cupe </item>
                                <item> et restant : XII sestarii I quartallus V cupe </item>
                            </list></p>
                    </div>
                </div>
                <div xml:id="panes">
                    <head>panes</head>
                    <p><lb/> idem reddit conputum <list>
                            <item> de II panibus receptis de Stephano Moyrondi, de
                                    <foreign>Montlaferta</foreign>, de redditu per annum — venduntur
                                ut infra </item>
                        </list></p>
                </div>
                <div xml:id="galline">
                    <head>galline </head>
                    <p><lb/> idem reddit conputum <list>
                            <item> de III<hi rend="sup">C</hi> LXXIII gallinis receptis in dicta
                                castellania de redditu et consuetudine hoc anno — et remanent
                            </item>
                        </list></p>
                </div>
                <div xml:id="cera">
                    <head>cera</head>
                    <p><lb/> idem reddit conputum <list>
                            <item> de XX libris cere receptis de gardis in dicta castellania hoc
                                anno, deductis quatuor libris quas solvebant pueri de Bello Quercu
                                et Alardinus de Bu, qui <lb/> exiverunt de garda, ut in dorso rotuli
                                precedentis </item>
                            <item> summa : XX libre cere — et remanent </item>
                        </list></p>
                </div>
                <div xml:id="fenum">
                    <head>fenum</head>
                    <p><list>
                            <item><lb/> de exitu prati domini subtus Saysiriacum et apud
                                    <foreign>Cogro</foreign> et apud Longum Campum de mansis vacuis
                                respondet infra in denariis quia herba fuit vendita </item>
                        </list></p>
                </div>
                <div xml:id="denarii">
                    <head>denarii</head>
                    <p><lb/> idem reddit conputum <list>
                            <item> de LXV solidis V denariis obolo fortium receptis apud Burgum de
                                redditu per annum, ut in conputo precedenti </item>
                            <item> de XXIII solidis IX denariis receptis ibidem pro eodem, de empto
                                <lb/> domini <foreign>Corteys</foreign> Renaldi </item>
                            <item> de XV solidis receptis de Roleti Sterleti pro eodem </item>
                            <item> de IIII denariis receptis de Guidone de
                                    <foreign>Sellions</foreign> pro eodem </item>
                            <item> de XII denariis receptis de eodem et Guichardo et <lb/> Guillermo
                                    <foreign>Lorent</foreign></item>
                            <item> de II denariis receptis de Guillermo <foreign>Salamon</foreign>
                                pro eodem </item>
                            <item> de VI denariis receptis de Laurentio <foreign>Beugny</foreign>
                                pro eodem </item>
                            <item> de II denariis receptis de <foreign>Charrier</foreign> pro eodem </item>
                            <item> de <lb/> XXVIIII<note> On avait d’abord écrit <hi rend="italics"
                                        >XXVIII</hi>, mais le chiffre <hi rend="italics">V</hi> est
                                    raturé.</note> solidis VIII denariis receptis de hominibus de
                                    <foreign>Les Rispes</foreign> de redditu per annum, et ante
                                guerram solvebant triginta solidos, sed quidam recesserunt qui
                                nondum reversi sunt </item>
                            <item> de IX solidis <lb/> receptis de exitu mansi de
                                    <foreign>Planchimel</foreign> hoc anno, et non est ibi
                                tenementarius, pro quo minus respondet </item>
                            <item> de IIII libris V solidis X denariis receptis apud Longum Campum
                                de redditu, pro parte domini hoc anno, et solebant ibi percipi octo
                                libra decem novem solidi decem denarii obolus fortium, sed non
                                potuit amplius recuperare propter inopiam<note> On écrit toujours
                                    ici <hi rend="italics">in opiam</hi> pour <hi rend="italics"
                                        >inopiam</hi>.</note> agricolarum, <lb/> et quidam
                                recesserunt propter guerram </item>
                            <item> de II solidis receptis de Stephano <foreign>Malliet</foreign> de
                                redditu proprio domini apud Longum Campum per annum </item>
                            <item> de IIII solidis receptis de <foreign>Berner</foreign> de redditu
                                <lb/> proprio domini apud Longum Campum </item>
                            <item> de VI solidis receptis de liberis Raynondeti<note> Lire <hi
                                        rend="italics">Raymondeti</hi>.</note> de Sancto Andrea pro
                                eodem </item>
                            <item> de VI denariis receptis de Stephano Sterleti de redditu pro
                                fossatis de burgo <lb/> veteri et de <foreign>Tagneres</foreign> per
                                annum </item>
                            <item> de VII denariis obolo receptis de Guillermo
                                        <foreign>Belgarçon<note> La cédille se trouve dans le texte
                                        d’origine.</note></foreign> pro eodem </item>
                            <item> de XVI libris VII solidis IIII denariis receptis de redditu in
                                aliis villagiis <lb/> castellanie Burgi per annum </item>
                            <item> summa : XXVIII libre VI solidi IIII denarii fortium <add
                                    place="leftMargin"> # in fine totius recepte
                                respice</add></item>
                        </list></p>
                </div>
                <div xml:id="recognitiones_garde_tallie_teyse">
                    <head>recognitiones, garde, tallie, teyse<note type="césure"><hi rend="italics"
                                >recognitiones, <lb/> garde, tallie, <lb/>teyse</hi></note></head>
                    <p><lb/> idem reddit conputum <list>
                            <item> de XLIX solidis IX denariis fortium receptis de recognitionibus
                                in castellania Burgi per annum </item>
                            <item> de XXXIX solidis VI denariis receptis de gardis hoc anno,
                                deductis <lb/> decem octo solidis tribus denariis pro illis qui
                                exiverunt de garda, ut in dorso rotuli conputi precedentis </item>
                            <item> de LV libris fortium receptis de tallia ad misericordiam hoc anno </item>
                            <item><lb/> de XXVIII libris XXI denariis receptis de teysis apud Burgum
                                hoc anno </item>
                            <item> de<note> Cette préposition initiale est surmontée ici, comme dans
                                    les articles suivants, d’un double accent aigu qui pourrait
                                    renvoyer à la mention <hi rend="italics">iterum redditus</hi>
                                    ajoutée dans la marge gauche.</note> IIII solidis receptis de
                                magistro Hugone pro domo sua prope furnum Baugiaci de redditu per
                                annum </item>
                            <item><lb/> de III solidis VI denariis receptis de relicta Laurentii
                                    suctoris<note> Lire <hi rend="italics">sutoris</hi>.</note> pro
                                eodem </item>
                            <item> de IIII solidis receptis de Peroneto Barberii pro domo sua sita
                                inter domum dicti magistri Hugonis et relicte <lb/> dicti Laurentii
                                de redditu per annum </item>
                            <item> de V solidis receptis de Aymone <foreign>La Grueta</foreign> pro
                                casali sito in eodem vico iuxta domum dicte relicte dicti Laurentii </item>
                            <item> de III denariis receptis de <lb/> Iohanne Balbi pro platea retro
                                domum suam de novo sibi albergata pro tanto </item>
                            <item> de II solidis receptis de preposito Fuysiaci pro prato in quo fit
                                una carrata et dimidia feni, <lb/> sito inter pratum dicti prepositi
                                et pratum <foreign>del Munieratz</foreign> de redditu per annum </item>
                            <item> de XII denariis receptis de Humberto Claudi [pro platea ?]<note>
                                    Le rédacteur a omis ici de préciser la nature du bien soumis à
                                    la toisée.</note> sita retro domum suam iuxta portam <lb/>
                                    Blancherie<note type="césure"><hi rend="italics"
                                        >blan<lb/>cherie</hi></note> in cursu aque provenientis de
                                stagno de Burgo </item>
                            <item><lb/> summa : IIII<hi rend="sup">XX</hi> VIII libre X solidi IX
                                denarii fortium </item>
                        </list></p>
                </div>
                <div xml:id="firme">
                    <head>firme</head>
                    <p><lb/> idem reddit conputum <list>
                            <item> de IIII<hi rend="sup">XX</hi> libris fortium receptis de
                                Guichardo <foreign>Moster</foreign> pro firma leyde, coponagii,
                                martignagii, parvi mercati et parvi pedagii finienda <lb/> in festo
                                beati Iohannis baptiste anno nonagesimo primo </item>
                            <item> de XII libris X solidis receptis de firma furni dicti de Baugiaco
                                hoc anno, finienda eodem festo </item>
                            <item> de <lb/> XII libris VII solidis VI denariis receptis de firma
                                furni de Ala hoc anno, finienda eodem festo </item>
                            <item> de XII libris <add place="interlinear">VII solidis VI
                                    denariis</add> receptis de firma furni de Fargiis hoc anno,
                                    finienda<note type="césure"><hi rend="italics"
                                        >fini<lb/>enda</hi></note><lb/> eodem festo </item>
                            <item> de V solidis receptis de Garnerio Francisco<note> Nous attendions
                                        <hi rend="italics">Garnerio Francisci</hi>.</note> pro firma
                                furni sui hoc anno, finienda eodem festo </item>
                            <item> de XXIII libris receptis de firma chacipollarie<note> Lire <hi
                                        rend="italics">chacipollerie</hi>.</note><lb/> hoc anno,
                                finienda eodem festo </item>
                            <item> de XXXII solidis receptis de firma cridagii hoc anno, finienda
                                eodem festo </item>
                            <item> de firma champeriarum de Ultra Velam, de <lb/> Burgo et de
                                    <foreign>Cra</foreign> non conputat quia nondum sunt acensate </item>
                            <item> de VI solidis receptis de exitu quintallis hoc anno </item>
                            <item> de VI libris X solidis receptis de Stephano
                                    <foreign>Neyret</foreign> de firma<note type="césure"><hi
                                        rend="italics">fir<lb/>ma</hi></note><lb/> ponderis bladi
                                hoc anno, finienda in dicto festo beati Iohannis baptiste </item>
                            <item> de IX libris XII solidis receptis de firma bancharum macelli hoc
                                anno, finienda in <lb/> festo beati Iohannis </item>
                            <item> summa : VII<hi rend="sup">XX</hi> XVIII libre X solidi fortium
                            </item>
                        </list></p>
                </div>
                <div xml:id="domus_mercati">
                    <head>domus mercati</head>
                    <p><lb/> idem reddit conputum <list>
                            <item> de LXXIII solidis VI denariis receptis de locagio bancharum
                                grossorum mercatorum pannos vendentium in domo mercati hoc anno, et
                                levantur <lb/> pro teysa in festo beati Martini tres solidi fortium </item>
                            <item> de LXXV solidis IIII denariis obolo receptis de triginta tribus
                                banchis et dimidia escoferiorum hoc anno, et levantur pro qualibet
                                bancha <lb/> duo solidi tres denarii fortium </item>
                            <item> de V solidis III denariis receptis de septem banchis grolleriorum
                                hoc anno, et levantur pro qualibet teysa novem denarii fortium </item>
                            <item> de XVII solidis <lb/> III denariis receptis de viginti tribus
                                banchis sauneriorum hoc anno, et levantur pro qualibet teysa novem
                                denarii </item>
                            <item> de XIII solidis VI denariis receptis de novem banchis oliveriorum
                                et <lb/> sauneriorum<note type="césure"><hi rend="italics"
                                        >sau<lb/>neriorum</hi></note> hoc anno, et levatur de
                                oliverio extraneo tres solidos et de oliverio de villa decem octo
                                denarios fortium tantum </item>
                            <item> de XXXVII solidis receptis de triginta septem <lb/> banchis
                                paneteriarum hoc anno, et levantur pro qualibet duodecim denarii
                                fortium </item>
                            <item> de III solidis receptis de tribus banchis coferiarum hoc anno </item>
                            <item> de II solidis receptis de duabus banchis <lb/> poteriorum hoc
                                anno </item>
                            <item> de XVIII solidis receptis de sex banchis merceriorum hoc anno, et
                                levantur pro qualibet teysa tres solidi fortium </item>
                            <item> de IIII solidis VI denariis receptis de duobus <lb/> pelleteriis
                                hoc anno, et levantur pro qualibet bancha duo solidi tres denarii </item>
                            <item> de IIII solidis VI denariis receptis de duobus payroleriis hoc
                                anno, et levatur sicut de pelleteriis </item>
                            <item> de <lb/> XVIII solidis receptis de sex banchis ferrateriorum hoc
                                anno, et levantur tres solidi pro qualibet bancha </item>
                            <item> de VI solidis IX denariis receptis de banchis duorum vendentium
                                scutellas <lb/> hoc anno </item>
                            <item> de IIII solidis VI denariis receptis de banchis quibus venduntur
                                vadia die mercati hoc anno </item>
                            <item> de V solidis VII denariis obolo receptis de quinque banchis
                                vendentium <lb/> coria hoc anno, et levantur pro qualibet tresdecim
                                denarii obolus fortium </item>
                            <item> de firma minuti mercati nichil, quia adcensata est hoc anno </item>
                            <item><lb/> summa : XIIII libre VIII solidi <del rend="overstrike"
                                    >VIII</del><add place="interlinear">IX</add> denarii fortium
                            </item>
                        </list></p>
                </div>
                <div xml:id="passonagium">
                    <head>passonagium</head>
                    <p><lb/> idem reddit conputum <list>
                            <item> de IIII libris fortium receptis de passonagio nemoris
                                    <foreign>del Says</foreign> hoc anno </item>
                            <item> de passonagio nemoris de <foreign>Vavra</foreign><add
                                    place="interlinear"><foreign>de Corgeno</foreign></add> nichil
                                hoc anno </item>
                            <item><lb/> summa : IIII libre fortium </item>
                        </list></p>
                </div>
                <div xml:id="pedagium">
                    <head>pedagium</head>
                    <p><lb/> idem reddit conputum <list>
                            <item> de XXXV solidis III denariis fortium receptis de viginti tribus
                                trossellis et dimidio chevrotinorum transseuntium<note> Lire <hi
                                        rend="italics">transeuntium</hi>.</note> per dictum tempus,
                                et levantur de quolibet decem octo denarii </item>
                            <item><lb/> de VIII solidis receptis de sexdecim trossellis coriorum
                                transseuntium per idem tempus, et levantur pro trossello sex
                                denarii, ut dicit </item>
                            <item> de III solidis receptis de sex chargiis calibis<note> Pour <hi
                                        rend="italics">chalybis</hi>.</note><lb/> transseuntis per
                                idem tempus, et levantur sex denarii pro chargia </item>
                            <item> de VI <add place="interlinear">denariis</add> receptis de una
                                chargia cumini transseuntis per idem tempus </item>
                            <item> de CIX solidis receptis de triginta sex <lb/> trossellis et
                                dimidio pannorum Francie transseuntium per idem tempus, et levantur
                                de quolibet tres solidi fortium </item>
                            <item> de tela, pro qua levantur de chargia sex denarii, nichil per
                                dictum tempus </item>
                            <item><lb/> de XV denariis receptis de pedagio mercerie per dictum
                                tempus, et levantur de trossello tres solidi </item>
                            <item> de pedagio equorum nichil, et levantur de quolibet triginta tres
                                denarii </item>
                            <item><lb/> de V solidis receptis de pedagio potorum cupreorum
                                transseuntium per idem tempus </item>
                            <item> de II solidis III denariis receptis de pedagio capellorum de
                                    fetro<note> Pour <hi rend="italics">feltro</hi>.</note>
                                transseuntium per idem tempus </item>
                            <item><lb/> de cera, de qua levantur pro chargia tres solidi, nichil per
                                dictum tempus </item>
                            <item> de pedagio allectium<note> Pour <hi rend="italics"
                                    >allecium</hi>.</note> nichil per dictum tempus </item>
                            <item> de IIII solidis receptis de aliis minutis <lb/> que non veniunt
                                ad pondus </item>
                            <item> summa : VIII libre VIII solidi III denarii fortium </item>
                        </list></p>
                </div>
                <div xml:id="laudes_et_vende">
                    <head>laudes et vende</head>
                    <p><lb/> idem reddit conputum <list>
                            <item> de XVI solidis VIII denariis receptis <foreign>del
                                    Pignier</foreign> pro domo empta de dicto
                                    <foreign>Peyson</foreign> pretio decem librarum viennensium </item>
                            <item> de V solidis fortium receptis de dicto <foreign>Juglar</foreign>
                                pro <lb/> domo empta de Morello de <foreign>Sales</foreign> pretio
                                sexaginta solidorum </item>
                            <item> de XLV solidis receptis de Iohanne de Grangiis pro domo empta de
                                    <foreign>La Terleta</foreign> pretio viginti librarum </item>
                            <item> de <lb/> II solidis III denariis receptis de
                                    <foreign>Turgon</foreign> pro curtili empto de uxore
                                    <foreign>Cuysia</foreign> pretio triginta solidorum </item>
                            <item> de XX denariis receptis de <foreign>La Grueta</foreign> pro
                                pariete empta de uxore Laurentii pretio <lb/> viginti solidorum </item>
                            <item> de VI solidis XI denariis receptis de Petro
                                    <foreign>Princo</foreign> pro terra empta relicte Andree de
                                Tociaco pretio quatuor librarum </item>
                            <item> de XXXIII solidis IIII denariis receptis de
                                    <foreign>Raclo</foreign><lb/> pro medietate domus empte<note>
                                    Nous attendions <hi rend="italics">empta</hi>.</note> de
                                Humberto Giroudi pretio viginti librarum </item>
                            <item> de III solidis IIII denariis receptis de Alberto Mercerii pro
                                bancha empta de dicto <foreign>Escueller</foreign> pretio <lb/>
                                quadraginta solidorum </item>
                            <item> summa : CXIIII solidi II denarii fortium </item>
                        </list></p>
                </div>
                <div xml:id="introgia">
                    <head>intragia</head>
                    <p><lb/> idem reddit conputum <list>
                            <item> de VIII solidis VI denariis receptis de pueris <foreign>del
                                    Mares</foreign> pro eo quod exiverunt de garda domini </item>
                            <item> de aliis intragiis nichil per dictum tempus </item>
                            <item><lb/> summa : VIII solidi VI denarii fortium </item>
                        </list></p>
                </div>
                <div xml:id="caorsini_iudei_complainta">
                    <head>caorsini et iudei et complainta<note type="césure"><hi rend="italics"
                                >caorsini <lb/> et iudei et <lb/> complainta</hi></note></head>
                    <p><list>
                            <item><lb/> de caorsinis nichil, quia solvit<note> Nous attendions <hi
                                        rend="italics">solverunt</hi>, ou <hi rend="italics"
                                        >solvunt</hi>.</note> domino, ut constat Petro clerico </item>
                            <item> de iudeis nichil, quia solvunt in paschate </item>
                            <item> de ducentis quinquaginta<note type="césure"><hi rend="italics"
                                        >quinquagin<lb/>ta</hi></note><lb/> libris pro complanta
                                facta in hominibus extra villam pro conqueremento Reversi Montis, et
                                de quingentis et quinquaginta libris quas debent homines Burgi pro
                                eodem <lb/> non conputat, quia concessum est hominibus Burgi pro
                                debito in quo dominus eis tenetur </item>
                        </list></p>
                </div>
                <div xml:id="venditiones">
                    <head>venditiones</head>
                    <p><lb/> idem reddit conputum <list>
                            <item> de <del rend="overstrike ">XXIIII</del><add place="interlinear"
                                    >XII</add> solidis <add place="interlinear">fortium</add>
                                receptis de quatuor quartallis frumenti venditis ut supra, quolibet
                                quartallo vendito sex solidis viennensium </item>
                            <item> de VI denariis receptis de duobus <lb/> panibus sic venditis ut
                                supra </item>
                            <item> de X solidis fortium receptis de herba pratorum domini subtus
                                Saysiriacum et apud <foreign>Cuegro</foreign> pro tanto vendita hoc
                                anno </item>
                            <item> de XV solidis <lb/> fortium receptis de herba pratorum domini
                                apud Longum Campum hoc anno pro parte domini </item>
                            <item> de <del rend="overstrike">et</del> IIII<hi rend="sup">XX</hi>
                                XVIII libris X solidis receptis de ducentis duobus sestariis <lb/>
                                tribus quartallis quinque cupis siliginis venditis ut supra diversis
                                pretiis, deductis decem sestariis pro consumptione et duobus
                                sestariis tribus quartallis quinque cupis <supplied
                                    reason="support endommagé">pro</supplied><lb/> getis<note> Ce
                                    mot a été répété au début de la peau 2.</note></item>
                            <milestone n="3" unit="vue"/>
                            <pb n="2"/>
                            <item><lb/> summa : C libre VII solidi VI denarii fortium </item>
                        </list></p>
                </div>
                <div xml:id="bilan_recepte">
                    <p><list>
                            <item><lb/> summa totius recepte : IIII<hi rend="sup">C</hi> VIII libre
                                XIIII solidi III denarii fortium </item>
                            <item> quibus adduntur quos habuit de exitu <lb/> feodi quod tenebat
                                    <foreign>Alys de Sachins</foreign> a domino, quod reductum est
                                ad manum domini, inclusis blado et denariis : XXIIII solidi X
                                denarii picta fortium </item>
                            <item> item quos <lb/> habuit de Guidone de Sancto Andrea, castellano
                                Sancti Martini, per manum Roberti <foreign>Borser</foreign>,
                                buticularii domini : XIX libre XV solidi viennensium<note> Dans la
                                    marge gauche, on a ajouté <hi rend="italics">iterum
                                        redditus</hi>, précédé d’un signe en forme de demi
                                #.</note></item>
                            <item> item quos <lb/> habuit per manum Garnerii Francisci de priore de
                                Novilla, de dono facto domino pro conqueremento Reversi Montis : XX
                                libre viennensium </item>
                            <item> item quos <lb/> habuit de Guichardo de
                                    <foreign>Curtafon</foreign> de redditu per annum, ex dono
                                cuiusdam iudei dicti <foreign>Evesque</foreign> facto domino : XXII
                                solidi viennensium<note> Dans la marge gauche, on a ajouté un signe
                                    en forme de demi #.</note></item>
                            <item><lb/> summa additi : XXI libre XIII solidi IIII denarii picta
                                fortium </item>
                            <item><lb/> summa totius cum addito : IIII<hi rend="sup">C</hi> XXX
                                libre VII solidi VII denarii picta fortium </item>
                        </list></p>
                </div>
            </div>
            <div xml:id="expense_et_librate">
                <p><list>
                        <item> de quibus <lb/> idem libravit<note> Dans la marge gauche, on a ajouté
                                la rubrique <hi rend="italics">librata</hi>.</note> ad expensas
                            domini factas apud Burgum per manus plurium, ut in litera domini parvi
                            sigilli sigillata data die iovis ante carniprivium <lb/> vetus anno
                                octuagesimo<note> Lire <hi rend="italics">octogesimo</hi>.</note>
                            nono in qua sunt particule, quam reddit, et per aliam literam de mandato
                            quam reddit : CCXIII libras XIIII solidos II denarios obolum viennensium </item>
                        <item><lb/> idem libravit Iohanni, preposito Ambroniaci, quos dominus sibi
                            dedit in feodo super leyda Burgi percipiendos annis singulis in festo
                            beati Mikaelis<note> Lire <hi rend="italics">Michaelis</hi>.</note>, ut
                            per literam domini <lb/> quam penes se retinet et per literam ipsius
                            prepositi de recepta quam reddit : C solidos viennensium </item>
                        <item><lb/> idem Hugoni Lyobardi, de feodo sibi facto a domino, ut in
                            conputo precedenti : LX solidos viennensium </item>
                        <item><lb/> item libravit liberis domini Humberti de
                                <foreign>Cotarel</foreign>, quibus debentur singulis annis super
                            macello, ut per literam sui tutoris de recepta quam reddit : IIII libras
                            viennensium </item>
                        <item><lb/> item libravit donno Petro Amici, de elemosina debita pro altari
                            beati Georgii seu beati Mauricii pro anno finiendo in festo beati
                            Iohannis : VII libras X solidos viennensium </item>
                        <item><lb/> item libravit domine comitisse, per manum domini Iocerandi,
                            militis, pro porcis emendis, ut per literam ipsius datam die iovis ante
                            festum beati Martini anno nonagesimo, <lb/> quam reddit : XX libras
                            viennensium </item>
                        <item><lb/> item libravit donno Iohanni Floridi, ad expensas hospicii domini
                            factas per manum Andree de Voyrone, ut per literam domini datam in festo
                            beati Nycholaii<note> Lire <hi rend="italics">Nicolai</hi>.</note><lb/>
                            anno nonagesimo, quam reddit : XII libras viennensium </item>
                        <item><lb/> item libravit Andree de Voyrone, in sexaginta libris cere et
                            linamento pro hospitio domine comitisse, ut per literam dicti Andree de
                            recepta quam reddit, <lb/> datam die iovis ante carniprevium anno
                            nonagesimo : VIII libras IX solidos VI denarios viennensium </item>
                        <item><lb/> item libravit Alberto de Yanna, per literam domini de mandato,
                            pro tentoriis portandis apud Cambayriacum, et per literam ipsius de
                            recepta : IIII libras XV solidos viennensium </item>
                        <item><lb/> item libravit domino Belliioci, pro debito domini, ut per eius
                            literam de mandato et per literam dicti domini Belliioci et domine
                            Alienore, uxoris sue, de recepta, <lb/> datam mense iunii anno
                            nonagesimo, quam reddit : CC libras viennensium </item>
                        <item><lb/> item libravit Iacobo Malaballi, pro costo dictarum ducentarum
                            librarum, de consensu Petri Clerici, ut per eius literam et per literam
                            domini de mandato : XL libras viennensium </item>
                        <item><lb/> item libravit in dignerio hominum aportantium<note> Lire <hi
                                    rend="italics">apportantium</hi>.</note> servitium tertia die
                            nativitatis domini : XV solidos viennensium </item>
                        <item><lb/> item in locagio unius granerii pro blado domini hoc anno :
                                <supplied reason="support endommagé">XX solidos
                                viennensium</supplied></item>
                        <item><lb/> item in nunciis missis pro negotiis domini per dictum tempus :
                            XVII solidos </item>
                        <item><lb/> item libravit<note> Ce mot paraît avoir remplacé une rédaction
                                précédente, dont l’effacement a laissé des traces.</note> in
                            stipendiis Petri de Montemeliano et Rosseti, recipientium presentem
                            conputum per quatuor dies : XL solidos viennensium </item>
                        <item><lb/> item allocantur ei que sibi debebantur de remanentia sui conputi
                            precedentis : VI<hi rend="sup">C</hi> XXXI libre XX denarii obolus
                            viennensium </item>
                        <item><lb/> item libravit, in expensis duorum garcionum custodientium equas
                            domini a die VIII intrantis mensis madii anno nonagesimo usque ad
                                vigillam<note> Lire <hi rend="italics">vigiliam</hi>.</note>
                            nativitatis Domini, <lb/> videlicet per XI<hi rend="sup">XX</hi> et sex
                            dies, <del rend="overstrike">tam</del> pro salario et expensis : VIII
                            libras X solidos viennensium </item>
                        <item> item, XXIX solidos pro eodem <add place="interlinar endOfLine">pro
                                eodem</add><note> Ce dernier article paraît avoir été
                            ajouté.</note></item>
                        <item><lb/> item, in feno empto pro dictis equabus et palea per totam
                                hyemem<note> On écrit ici <hi rend="italics">hyemem</hi> et <hi
                                    rend="italics">hyemalis</hi> pour <hi rend="italics">hiemem</hi>
                                et <hi rend="italics">hiemalis</hi>.</note> usque ad
                                circumcisionem<note> On avait d’abord écrit <hi rend="italics"
                                    >circumsisionem</hi>, mais le premier <hi rend="italics">s</hi>
                                a été raturé.</note> Domini, et tunc fuerunt ducte ad grangiam
                            prepositi : LXX solidos </item>
                        <item><lb/> item, in feno empto pro quatuor pullis domini maioribus a festo
                                pentechostes<note> Lire <hi rend="italics">pentecostes</hi>.</note>
                            usque ad festum beati Martini hyemalis : IX libras </item>
                        <item><lb/> item, in feno empto pro tribus pullis positis ad capistrum a
                            festo beati Martini usque ad circumcisionem Domini : XLII solidos </item>
                        <item><lb/> item, pro fabrica, pro candelis, pro travis<note><hi
                                    rend="italics">*trava</hi> (de <hi rend="italics">trabs</hi>) ou
                                    <hi rend="italics">*travus</hi>, travail, " dispositif servant à
                                immobiliser les grands animaux (chevaux, bœufs) pour pratiquer sur
                                eux certaines opérations " (TLF), telle que le ferrage. Voir : <hi
                                    rend="italics">The medieval horse and its equipment, c. 1150-c.
                                    1450</hi>, edited by John Clark, Woodbridge (Suffolk) : The
                                Boydell Press <hi rend="italics">(Medieval finds from excavations in
                                    London ; 5)</hi>, 2004, ISBN 1-84383-097-3, p. 18 et
                                suivantes.</note> et locagio stabuli et coopertura unius equi :
                            XLVII solidos VI denarios </item>
                        <item><lb/> item, pro vadiis Berteti per ducentos viginti sex dies finitos
                            in vigilia nativitatis Domini anno nonagesimo, custodienti pullos et
                            equas : VII libras X solidos </item>
                        <item><lb/> item, in vadiis Guillermi <foreign>Vacherece</foreign>,
                            custodienti magnos pullos, pro se et uno pagio, per octo viginti et
                            sexdecim dies finitos prima die decembris : VII libras II solidos <add
                                place="interlinar endOfLine">VI denarios</add></item>
                        <item><lb/> item, eidem, pro roba sua, de mandato Petri Clerici : XXVIII
                            solidos </item>
                        <item><lb/> item deducuntur, quos non potuit recuperare de talliis, ut
                            dicit, propter inopiam quorumdam : XVIII solidi fortium </item>
                        <item><lb/> summa expense et librate : XI<hi rend="sup">C</hi> IIII<hi
                                rend="sup">XX</hi> XVIII libre XVII solidi V denarii viennensium
                        </item>
                    </list></p>
            </div>
            <div xml:id="bilan">
                <p><list>
                        <item> et sic <lb/> debentur<note type="césure"><hi rend="italics"
                                    >de<lb/>bentur</hi></note> dicto Stephano Terleti : CCC XXXVIII
                            libre II solidi II denarii obolus viennensium </item>
                        <item> quibus adduntur, qui deducuntur de servitio pro fossatis ville et pro
                            <lb/> prato de <foreign>Cuegro</foreign>, ut in fine conputi
                            precedentis, scilicet pro anno presenti : XVII solidi X denarii
                            viennensium <lb/> iniunctum est ei ut teysas recuperet de casalibus ubi
                            solebant esse domus infra franchisiam, cuiuscumque sint<note> La
                                dernière lettre est maladroitement raturée, comme si l’on avait
                                voulu transformer, à la relecture peut-être, <hi rend="italics"
                                    >sint</hi> en <hi rend="italics">sunt</hi>.</note>, quia sic
                            continetur <lb/> in franchisia</item>
                    </list></p>
            </div>
        </body>
    </text>
</TEI>
