<?xml version="1.0" encoding="UTF-8"?>
<?oxygen RNGSchema="http://www.tei-c.org/release/xml/tei/custom/schema/relaxng/tei_all.rng" type="xml"?>
<TEI xmlns="http://www.tei-c.org/ns/1.0" xml:id="B7081_3">
    <teiHeader>
        <fileDesc>
            <titleStmt>
                <title>Compte de Josserand Bourguignon (<hi rend="italics">Iocerandus Burgondi,
                        capellanus</hi>) receveur des revenus comtaux à Bourg-en-Bresse, pour la
                    châtellenie de Bourg-en-Bresse, du dimanche 24 juin 1285 au lundi 24 juin 1286
                        <date type="debut" from-iso="12850624" cert="high"/><date type="fin"
                        from-iso="12860624" cert="high"/></title>
                <respStmt>
                    <persName><name xml:lang="fra">Josserand Bourguignon</name><name xml:lang="lat"
                            >Iocerandus Burgondi</name></persName>
                    <resp>Châtelain</resp>
                </respStmt>
            </titleStmt>
            <publicationStmt>
                <p>Christian Guilleré, Frédéric Chartrain et Alain Kersuzan, avec la collaboration de Nils Mantilleri, Jean-Michel Poisson, et Marianne Ronot, 
                    <title>Compte de Josserand Bourguignon (<hi rend="italics">Iocerandus Burgondi,
                        capellanus</hi>) receveur des revenus comtaux à Bourg-en-Bresse, pour la
                        châtellenie de Bourg-en-Bresse, du dimanche 24 juin 1285 au lundi 24 juin 1286</title>,
                    Lyon - Chambéry, 2012 (<title>Documents comptables des Etats de Savoie, XIIIe - XVe s.</title>)</p>
            </publicationStmt>
            <seriesStmt>
                <title>Bourg-en-Bresse</title>
            </seriesStmt>
            <sourceDesc>
                <p>Information about the source</p>
            </sourceDesc>
        </fileDesc>
    </teiHeader>
    <text>
        <body>
            <milestone n="4" unit="vue"/>
            <pb n="3"/>
            <div xml:id="prologue">
                <p><lb/> Computus<note> Ce compte a été numéroté <hi rend="italics">XI.</hi></note>
                        donni<note> L’usage de la forme <hi rend="italics">donnus</hi> devant les
                        noms d’hommes d’Église paraît constante dans le corpus lorsque le mot
                        s’écrit en toutes lettres.</note> Iocerandi Burgondi capellani receptoris
                    reddituum domini comitis <lb/> apud Burgum in Breissia a die et festo beati
                    Iohannis baptiste anno Domini M<hi rend="sup">o</hi> CC<hi rend="sup">o</hi>
                    octogesimo quinto usque ad idem festum anno revoluto <lb/> videlicet de uno anno
                    integro </p>
            </div>
            <div xml:id="recepte">
                <div xml:id="frumentum">
                    <head>frumentum</head>
                    <p><lb/> idem reddit computum <list>
                            <item> de I quartallo frumenti recepto de Morello de
                                    <foreign>Putessart</foreign> de redditu per annum </item>
                            <item><lb/> summa : I quartallus<note> À défaut d’indication fournie par
                                    le texte original, on transcrit ici les formes abrégées des
                                    totaux par des nominatifs, mais l’accusatif est également
                                    attesté dans le corpus.</note> frumenti — venditur ut infra
                            </item>
                        </list></p>
                </div>
                <div xml:id="siligo">
                    <head>siligo</head>
                    <p><lb/> idem reddit computum <list>
                            <item> de Longo Campo tam de redditu quam de firma molendini nichil
                                respondet hoc anno quia gentes recesserunt <lb/> propter guerram </item>
                            <item> de XIX sestariis VII cupis dimidia siliginis receptis apud
                                Sanctum Andream et alias villas in castellania Burgi de redditu per
                                annum ut in extenta </item>
                            <item><lb/> de messe apud Rispas nichil computat quia propter guerram
                                recesserunt agricole et nichil ibi excolitur </item>
                            <item> de messe de <foreign>Perona</foreign> nichil respondet <lb/>
                                eadem de causa </item>
                            <item> de VIII quartallis receptis apud <foreign>La Vernea</foreign> de
                                messe hoc anno et levatur in quolibet hospitio<note> On lit ici <hi
                                        rend="italics">hospicio</hi>, <hi rend="italics"
                                        >servicio</hi>, <hi rend="italics">forcium</hi>, <hi
                                        rend="italics">transeuncium</hi>, <hi rend="italics"
                                        >negociis</hi>, que l’on transcrit – selon la convention
                                    d’édition prescrivant l’usage général de la graphie classique –
                                        <hi rend="italics">hospitio</hi>, <hi rend="italics"
                                        >servitio</hi>, <hi rend="italics">fortium</hi>, <hi
                                        rend="italics">transeuntium</hi>, <hi rend="italics"
                                        >negotiis</hi>.</note> excolente ad boves unum quartallum
                                <lb/> et in non excolente ad boves levatur unum
                                    <foreign>bichon</foreign> tantum in viduis nichil </item>
                            <item> de V quartallis IIII cupis receptis apud
                                    <foreign>Verlia</foreign> pro eodem et remanent <lb/> ibi
                                recuperande quatuor cupe de quibus debet reddere nominatim
                                particulas </item>
                            <item> de II quartallis receptis apud <foreign>Chassanola</foreign> pro
                                eodem hoc anno deductis duobus quartallis <lb/> qui non potuit
                                recuperare ut dicit propter guerram </item>
                            <item> de II quartallis dimidio receptis apud Sanctum Andream et
                                    <foreign>Pontet</foreign><del rend="overstrike">po</del> pro
                                eodem </item>
                            <item> de VI quartallis dimidio receptis apud Tulliam <lb/> pro eodem </item>
                            <item> de III quartallis receptis apud Bioletum pro eodem </item>
                            <item> de III quartallis <add place="interlinear">dimidio</add> receptis
                                apud Grilleriam pro eodem </item>
                            <item> de V quartallis dimidio receptis apud <foreign>Malmont</foreign>
                                pro eodem </item>
                            <item><lb/> de V quartallis dimidio receptis apud
                                    <foreign>Chilou</foreign> pro eodem </item>
                            <item> de I quartallo recepto apud <foreign>La Taissoneri</foreign> pro
                                eodem </item>
                            <item> de III quartallis dimidio recepto apud <foreign>Curtinz</foreign>
                                et <foreign>Cortablin</foreign> pro eodem <lb/><add
                                    place="leftMargin">nota quod quatuor quartalli valent unum
                                    sestarium</add><note type="césure"><hi rend="italics">nota quod
                                        quatuor <lb/> quartalla valent <lb/> unum
                                    sestarium</hi></note></item>
                            <item> de III quartallis receptis apud <foreign>La Buissineri</foreign>
                                pro eodem </item>
                            <item> de IIII quartallis dimidio receptis apud
                                    <foreign>Buyella</foreign> pro eodem </item>
                            <item> de IIII quartallis dimidio receptis apud
                                    <foreign>Moncex</foreign> pro eodem </item>
                            <item> de III quartallis <lb/> dimidio receptis apud
                                    <foreign>Poillya</foreign> pro eodem </item>
                            <item> de VII quartallis receptis apud <foreign>Atignia</foreign> pro
                                eodem </item>
                            <item> de XI quartallis dimidio receptis apud Montem <foreign>La
                                    Ferta</foreign> pro eodem </item>
                            <item> de IIII quartallis receptis <lb/> apud <foreign>Cra</foreign> pro
                                eodem </item>
                            <item> de messe de <foreign>Pugia</foreign> nichil respondet quia nichil
                                potuit habere propter guerram </item>
                            <item> de Casteleto nichil respondet<note> Cet article a été ajouté par
                                    une autre main.</note></item>
                            <item><lb/> summa : XL sestarii I quartallus V cupe dimidia siliginis de
                                quibus </item>
                            <item><lb/> in venditione ut infra : XXV sestarios </item>
                            <item> item libravit Hugoni <foreign>de Limanz</foreign> tenenti domum
                                de Buenco de mandato domini Ebrardi de
                                <foreign>Mornay</foreign><lb/> tunc ballivi : II sestarios I
                                quartallum </item>
                            <item> et remanent XIII sestarii V cuppe<note> Le mot est abrégé ici <hi
                                        rend="italics">cupp.</hi> et non <hi rend="italics"
                                    >cup</hi>.</note> et dimidia qui recuperati non sunt ut dicit
                            </item>
                        </list></p>
                </div>
                <div xml:id="avena">
                    <head>avena</head>
                    <p><lb/> idem reddit computum <list>
                            <item> de I emina avene recepta de Hunberto<note> On écrit ici <hi
                                        rend="italics">Hunberto, Hunberti</hi>, pour <hi
                                        rend="italics">Humberto, Humberti</hi>. </note> Bergerii et
                                participibus suis apud <foreign>La Vernee</foreign> de redditibus
                                per annum </item>
                            <item> de I emina recepta a liberis <lb/> Hunberti Rana et participibus
                                pro eodem </item>
                            <item> de I sestario dimidio recepto de Stephano de
                                    <foreign>Chassaignole</foreign> et participibus pro eodem </item>
                            <item> de I sestario dimidio recepto de Hugone de <lb/> Malomonte<note
                                    type="césure"><hi rend="italics">malo<lb/>monte</hi></note> et
                                participibus pro eodem </item>
                            <item> de I sestario recepto de Iohanne <foreign>Chapuys</foreign> pro
                                eodem </item>
                            <item> de I sestario dimidio recepto de Roberto de <foreign>La
                                    Buisoneri</foreign> et participibus pro eodem </item>
                            <item><lb/> de dimidio sestario recepto de Peroneto de
                                    <foreign>Lourain</foreign><del rend="overstrike">pro
                                    eo[dem]</del> et participibus pro eodem </item>
                            <item> de III quartallis dimidio receptis apud
                                    <foreign>Crespignie</foreign> pro eodem </item>
                            <item> de I sestario recepto de <lb/> prioratu <foreign>Boelle</foreign>
                                de guarda per annum </item>
                            <item> de III quartallis receptis apud <foreign>Montaignia</foreign> de
                                messe hoc anno et levatur ut supra in siligine </item>
                            <item> de II quartallis receptis <lb/> apud
                                    <foreign>Crespignie</foreign> pro eodem </item>
                            <item> de III quartallis dimidio receptis apud Longum Campum pro eodem
                                hoc anno et amplius recuperare non potuit ut dicit propter guerram </item>
                            <item><lb/> summa : XI sestarii avene<note> Au début de cette ligne, on
                                    a effacé les mots <hi rend="italics">libravit ad expensas
                                        equorum Durandi</hi>, écrits prématurément. Une telle
                                    étourderie pourrait indiquer que le texte a été copié.</note> de
                                quibus </item>
                            <item><lb/> libravit ad expensas equorum Durandi de Fago et Rosseti
                                facientium circa purificationem quandam<note> Lire <hi
                                        rend="italics">quamdam</hi>.</note> visionem computi cum
                                donno Iocerando <lb/> predicto : III quartallos </item>
                            <item> item in venditione ut infra : VII sestarios I quartallum </item>
                            <item> et sic debet : III sestarios <del>— venduntur</del></item>
                        </list></p>
                </div>
                <div xml:id="panes">
                    <head>panes</head>
                    <p><lb/> idem reddit computum <list>
                            <item> de II panibus receptis de Stephano Moyroudi de
                                    <foreign>Monlaferta</foreign> de redditu per annum — venduntur
                                ut infra </item>
                            <item> de octo mussellis canabi<note> Lire <hi rend="italics"
                                        >cannabi</hi>. On a omis d’indiquer dans la marge gauche la
                                    rubrique <hi rend="italics">cannabus</hi>.</note> que debentur
                                apud Casteletum non computat quia dominus Hugo de
                                    <foreign>Chandeya</foreign> tenet Casteletum cui dominus ipsum
                                dedit </item>
                        </list></p>
                </div>
                <div xml:id="galline">
                    <head>gualline<note> Les formes <hi rend="italics">gallina</hi> et <hi
                                rend="italics">guallina</hi> sont employées ici
                            alternativement.</note></head>
                    <p><lb/> idem reddit computum <list>
                            <item> de IX gallinis receptis apud Burgum de servitio empto a domino
                                Cortesio Renaudi per annum ut in particulis in extenta </item>
                            <item><lb/> de II gallinis receptis de Stephano Moyroudi de redditu per
                                annum </item>
                            <item> de CCC LXII guallinis receptis in dicta castellania Burgi hoc
                                anno et levantur <lb/> de quolibet foco due gualline et sic levantur
                                aliquando plus et aliquando minus </item>
                            <item> summa : CCC LXXIII gualline de quibus </item>
                            <item><lb/> dominus Ebrardus habuit : XLVIII gallinas de quibus non
                                respondet </item>
                            <item> in venditione ut infra : VII<hi rend="sup">XX</hi> XVI gallinas </item>
                            <item> et remanent que ut dicit propter pauperiem <lb/> recuperari non
                                possunt : VIII<hi rend="sup">XX</hi> IX galline — preceptum est quod
                                recuperentur si possint </item>
                        </list></p>
                </div>
                <div xml:id="cera">
                    <head>cera</head>
                    <p><lb/> idem reddit computum <list>
                            <item> de XXVI libris <del rend="overstrike">recer<note> On avait
                                        commencé à écrire <hi rend="italics">re[ceptis]</hi>, que
                                        l’on a essayé de raturer en <hi rend="italics">cere</hi>,
                                        avant de biffer le mot.</note></del> cere receptis de garda
                                in dicta castellania hoc anno ut in particulis — recepta<note> Le
                                    mot est raturé. La mention <hi rend="italics">recepta pro maiori
                                        parte in computo precedenti</hi> paraît avoir été ajoutée en
                                    fin de ligne et, pour le dernier mot, dans l’interligne
                                    supérieur</note> pro maiori parte in computo precedenti </item>
                            <item><lb/> summa : XXVI libre cere — venduntur </item>
                        </list></p>
                </div>
                <div xml:id="fenum">
                    <head>fenum</head>
                    <p><lb/> idem reddit computum <list>
                            <item> de I charrata feni recepta de exitu prati domini subtus
                                Saysiriacum hoc anno deducta alia charrata feni pro factura —
                                venditur </item>
                        </list></p>
                </div>
                <div xml:id="denarii">
                    <head>denarii</head>
                    <p><lb/> idem reddit computum <list>
                            <item> de LXV solidis V denariis obolo fortium <add place="interlinear"
                                    >Lugdunensium</add> receptis apud Burgum de redditu per annum ut
                                per extentam </item>
                            <item> de XXIII solidis IX denariis obolo receptis ibidem pro eodem </item>
                            <item> de <lb/> empto de Cortesio Renaudi de XII denariis receptis de
                                Andrea Guayeti de <foreign>Tocia</foreign> pro eodem </item>
                            <item> de XVIII solidis receptis apud <foreign>Montaignia</foreign> pro
                                eodem </item>
                            <item> de triginta solidis <lb/> qui solent percipi apud <foreign>Les
                                    Rispes</foreign> non computat quia villa destructa est propter
                                guerram </item>
                            <item> de XXV solidis<note> Une première rédaction a été effacée.</note>
                                receptis apud Longum Campum <lb/> hoc anno et solent ibi percipi de
                                redditu octo libre decem novem solidi decem denarii obolus fortium
                                de quibus non potuit plus recuperare propter guerram </item>
                            <item><lb/> de XXIX solidis VI denariis receptis apud <foreign>La
                                    Vernea</foreign> pro eodem </item>
                            <item> de LIX solidis receptis apud <foreign>Verlia</foreign> pro eodem </item>
                            <item> de LI solidis receptis in parrochia Sancti Andree pro eodem </item>
                            <item><lb/> de IX solidis receptis de Roberto de <foreign>La
                                    Buyssineri</foreign> et participibus suis pro eodem </item>
                            <item> de II solidis VI denariis receptis de Hunberto de
                                    <foreign>Cortablan</foreign> et nepotibus suis pro eodem </item>
                            <item><lb/> de XIIII solidis receptis apud <foreign>Moncex</foreign> pro
                                eodem </item>
                            <item> de XIIII solidis IX denariis receptis apud Boellam pro eodem </item>
                            <item> de XIIII solidis X denariis receptis apud
                                    <foreign>Poillya</foreign> pro eodem </item>
                            <item><lb/> de XVIII denariis receptis de exitu rerum Martini de
                                    <foreign>Planchimel</foreign> qui solet debere decem septem
                                solidos fortium sed recessit propter pauperiem <add
                                    place="endOfLine leftMargin">sic iste mansus vacat et est prope
                                    Sanctum Martinum</add><note type="césure"><hi rend="italics">sic
                                        iste <lb/> mansus vacat <lb/> et est prope Sanctum <lb/>
                                        Martinum </hi></note></item>
                            <item><lb/> de VI<note> On avait d’abord écrit <hi rend="italics"
                                        >VII</hi>, mais le dernier chiffre est biffé.</note> solidis
                                    VIIII<note> On avait d’abord écrit <hi rend="italics">VIII</hi>,
                                    et le quatrième <hi rend="italics">I</hi> est un ajout.</note>
                                denariis receptis apud <foreign>Crespignia</foreign> pro eodem
                                deductis tribus solidis sex denariis <del rend="overstrike"
                                    >quos</del> qui debentur ibidem nec potuit recuperare ut dicit
                                propter guerram </item>
                            <item><lb/> de IX solidis VI denariis receptis apud
                                    <foreign>Atignya</foreign> pro eodem </item>
                            <item><del rend="overstrike">de LXV solidis re[ceptis]</del></item>
                            <item> de LXV solidis VI denariis receptis apud
                                    <foreign>Monlaferta</foreign> pro eodem </item>
                            <item> de III solidis IX denariis receptis de Guidone <lb/> Pelliparii
                                et participibus suis apud <foreign>Estres</foreign> pro eodem </item>
                            <item> de XVII solidis IX denariis receptis apud <foreign>Cra</foreign>
                                pro eodem </item>
                            <item> de XVIII denariis receptis de Petro <foreign>Liathout</foreign>
                                de Viriaco pro eodem </item>
                            <item><lb/> de II solidis receptis de Stephano <foreign>Donna</foreign>
                                de <foreign>Cra</foreign> pro nemore <foreign>au Gaudins</foreign>
                                quod occupaverunt illi de <foreign>Marbo</foreign> et preceptum est
                                quod requiratur nemus </item>
                            <item><lb/> de XV solidis receptis de Roleto Sterleti de redditu pro
                                campo de <foreign>Coyeron</foreign> et medietate foreste de
                                    <foreign>Brou</foreign></item>
                            <item> de III solidis VI denariis receptis de Stephano <lb/> de
                                    <foreign>Monbarbon</foreign> pro eodem </item>
                            <item> de C solidis receptis de Stephano Terlleti<note> Lire <hi
                                        rend="italics">Terleti</hi>.</note> pro albergamento sibi
                                facto </item>
                            <item> de IIII denariis receptis de Guidone de
                                    <foreign>Saillons</foreign> de redditu pro camera <lb/> quam
                                fecit super portam ale </item>
                            <item> de XII denariis receptis de Guichardo et Guillermo
                                    <foreign>Lorent</foreign> et Guidone de
                                    <foreign>Saillons</foreign> de redditu pro campo de Burgo
                                    <foreign>Mayoil</foreign></item>
                            <item><lb/> summa : XXVII libre XV solidi XI denarii fortium </item>
                        </list></p>
                </div>
                <div xml:id="recognitiones_et_garde">
                    <head>recognitiones et guarde<note type="césure"><hi rend="italics"
                                >recognitiones et <lb/> guarde</hi></note></head>
                    <p><lb/> idem reddit computum <list>
                            <item> de XLV solidis III denariis fortium receptis de recognitionibus
                                hoc anno </item>
                            <item> de LVII solidis IX denariis receptis de guardis hoc anno </item>
                            <item><lb/> summa : C III solidi fortium </item>
                        </list></p>
                </div>
                <div xml:id="teyse">
                    <head>teyse</head>
                    <p><lb/> idem reddit computum <list>
                            <item> de XXVII libris XVI solidis VI denariis fortium receptis de
                                    teyssiis<note> Lire <hi rend="italics">teysiis</hi>. Les formes
                                        <hi rend="italics">teysa</hi> et <hi rend="italics"
                                        >teysia</hi> sont employées ici alternativement.</note> apud
                                Burgum hoc anno </item>
                            <item> de V solidis III denariis receptis de tribus pedis quas <lb/>
                                habent donnus Iohannes Floridi et Petrus <foreign>d’Estres<note> On
                                        écrit <hi rend="italics">destres</hi>.</note></foreign> ante
                                alam </item>
                            <item> summa : XXVIII libre XXI denarii </item>
                        </list></p>
                </div>
                <div xml:id="tallia">
                    <head>tallia</head>
                    <p><lb/> idem reddit computum <list>
                            <item> de XXVIII libris fortium receptis in dicta castellania Burgi de
                                tallia hoc anno </item>
                            <item><lb/> summa : XXVIII libre </item>
                        </list></p>
                </div>
                <div xml:id="firme">
                    <head>firme</head>
                    <p><lb/> idem reddit computum <list>
                            <item> de LXX libris fortium receptis a preposito Foissiaci<note> On
                                    écrit <hi rend="italics">ffoissiaci</hi>.</note> de firma leyde
                                copunagii – martinagii – mercati Burgi hoc anno </item>
                            <item><lb/> de XXXIII libris receptis de firma trium furnorum Burgi
                                videlicet furni de Baugiaco furni de Fabricis et furni novi de
                                Vercheria pro <lb/> tanto accensatorum hoc anno </item>
                            <item> de XVI libris receptis de Guillermo de Sancto Triverio pro firma
                                chacipolerie hoc anno </item>
                            <item> de XXXII solidis VI denariis <lb/> receptis de firma cridagii hoc
                                anno </item>
                            <item> de X solidis receptis de firma champerie Burgi hoc anno </item>
                            <item> de champeria de Ultra Velam que fuit accensata<note type="césure"
                                        ><hi rend="italics">accen<lb/>sata</hi></note><lb/> hoc anno
                                viginti solidis fortium non computat quia dicit quod Oliverius de
                                    <foreign>Payerno</foreign> ipsos habuit scilicet de anno
                                octogesimo quarto </item>
                            <item> de XXV solidis <lb/> receptis de firma eiusdem champerie pro
                                presenti anno </item>
                            <item> de V solidis receptis de firma champerie de
                                    <foreign>Cra</foreign> hoc presenti anno </item>
                            <item> de<note> Il semble que la suite du texte soit d’une autre
                                    écriture, plus resserrée et anguleuse, et dont les <hi
                                        rend="italics">r</hi>, notamment, sont bien différents de
                                    ceux rencontrés jusqu’ici. Ce nouveau rédacteur, qui emploie une
                                    encre plus brune que noire, écrit <hi rend="italics"
                                        >Humberti</hi> et <hi rend="italics">cumputum</hi>, et non
                                    plus <hi rend="italics">Hunberti</hi> et <hi rend="italics"
                                        >computum</hi>.</note> II solidis receptis de <lb/> exitu
                                quintalis pro tanto ascensati a festo beati Gregorii anno octogesimo
                                quarto usque ad idem festum anno octogesimo quinto<note> Du lundi 12
                                    mars 1285 (nouveau style) au mardi 12 mars 1286 (nouveau
                                    style).</note></item>
                            <item> de VI libris XI solidis VI denariis fortium <lb/> receptis de
                                decem novem banchis mascelli<note> Lire <hi rend="italics"
                                        >macelli</hi>.</note> hoc anno <del rend="overstrike"
                                    >deducti[s]</del> et de duobus banchis caprarum deductis
                                quadraginta solidis fortium quos ibidem percipit relicta domini
                                <lb/> Humberti de <foreign>Cotorel</foreign> pro escambio de
                                Castelleto et minus solito respondet quia Guillermus Longa Spata et
                                Iohannes <foreign>Varans</foreign> propter paupertatem solvere non
                                possunt <lb/> et Stephanus <foreign>Aymelinan</foreign> mortuus est
                                et Ioffredus Garserius mortuus est item
                                    <foreign>Batallaiars</foreign> item <foreign>Li
                                    Escrivanaz</foreign> mortui sunt </item>
                            <item><lb/> summa : VI<hi rend="sup">XX</hi> IX libre VI solidi fortium </item>
                            <item><lb/><add>de iudeis et caorcinis<note> On a omis la rubrique <hi
                                            rend="italics">iudei et caorcini</hi>.</note> non
                                    computat <lb/> quia dominus comes habuit censam eorum <lb/> apud
                                    Cambariacum hoc anno</add><note>Ajouté dans la marge gauche, sur
                                    trois lignes perpendiculaires au texte principal, et par un
                                    rédacteur distinct</note></item>
                        </list></p>
                </div>
                <div xml:id="domus_mercati">
                    <head>domus mercati</head>
                    <p><lb/> idem reddit cumputum<note> Lire <hi rend="italics">computum</hi>.
                            L’emploi de <hi rend="italics">cumputum</hi> et <hi rend="italics"
                                >cumputat</hi> signale un rédacteur distinct de celui qui a couché
                            la première partie de ce compte.</note><list>
                            <item> de LXXV solidis fortium receptis de banchis grossorum mercatorum
                                pannos vendentium in domo mercati et levantur pro qualibet tesia
                                tres solidi fortium in festo <lb/> beati Martini – respondet minus
                                solito quia tenementarii mortui sunt </item>
                            <item> de IIII libris X solidis fortium receptis de quadraginta banchis
                                escoferiorum hoc anno et levantur <lb/> de qualibet duo solidi tres
                                denarii fortium eodem termino – respondet minus solito quia non sunt
                                tenementarii </item>
                            <item> de III solidis IX denariis receptis de quinque banchis
                                grolleriorum <lb/> hoc anno et capiuntur pro qualibet novem denarii
                                fortium </item>
                            <item> de XIX solidis VI denariis receptis de viginti sex banchis
                                sauneriorum et capiuntur pro qualibet novem denarii fortium </item>
                            <item><lb/> de XII solidis receptis de octo banchis in quibus <del
                                    rend="overstrike">levan[tur]</del> venduntur sal et oleum et
                                levantur pro qualibet decem et octo denarii </item>
                            <item> de banchis oliveriorum non computat quia <lb/> nulli sunt –
                                extraneus oliverius debet tres solidos – oliverius de villa debet
                                decem et octo denarios </item>
                            <item> de XLIII solidis <add place="interlinear">VI denariis</add>
                                fortium receptis de quadraginta tribus banchis et dimidia <lb/>
                                paneteriarum et levantur de qualibet bancha duodecim denarii fortium </item>
                            <item> de IIII solidis receptis de quatuor coyferiis et levatur de
                                qualibet duodecim denarios </item>
                            <item> de II solidis <lb/> receptis de duobus poteriis et levantur de
                                qualibet duodecim denarii </item>
                            <item><lb/> de XIX solidis I denario obolo receptis de sex banchis et
                                dimidia merceriorum et levantur pro qualibet tesia <lb/> integra
                                tres solidi </item>
                            <item> de IX solidis receptis de quatuor<note> On a écrit <hi
                                        rend="italics">quatuorum</hi> !</note> pelletariis et
                                levantur de qualibet bancha duo solidi tres denarii </item>
                            <item> de IIII solidis VI denariis receptis de uno <lb/> payrolerio </item>
                            <item> de XXI solidis <del rend="overstrike">ferrateriorum</del>
                                receptis de septem banchis ferrateriorum et levantur pro qualibet
                                tres solidi </item>
                            <item> de IIII solidis VI denariis receptis de uno <lb/> venditore<note
                                    type="césure"><hi rend="italics">ven<lb/>ditore</hi></note>
                                scutellarum </item>
                            <item> de L solidis receptis de censa seu firma minuti mercati finita in
                                festo beati Iohannis baptiste anno octogesimo sexto<note> Le mot a
                                    été ajouté par une autre main après effacement d’une rédaction
                                    antérieure.</note></item>
                            <item><lb/> summa : XVII libre XVII solidi X denarii obolus fortium
                            </item>
                        </list></p>
                </div>
                <div xml:id="passonagium">
                    <p><list>
                            <item><lb/> de paysonagio<note> On a omis la rubrique <hi rend="italics"
                                        >paysonagium</hi>.</note><foreign>del Says</foreign> et
                                nemoris <foreign>vavre de Corgenon</foreign> nichil cumputat quia
                                non fuit glans que vendi potuerit </item>
                        </list></p>
                </div>
                <div xml:id="pedagium">
                    <head>pedagium</head>
                    <p><lb/> idem reddit cumputum <list>
                            <item> de XLII<note> On avait d’abord écrit <hi rend="italics"
                                        >XLIII</hi>, et le dernier chiffre a été effacé.</note>
                                solidis <add place="interlinear">III denariis</add> fortium receptis
                                de quatuordecim trossellis et duabus partibus pannorum Francie
                                transeuntium per idem tempus et levantur <lb/> pro quolibet tres
                                solidi fortium </item>
                            <item> de XXI denariis receptis de merceriis transeuntibus per idem
                                tempus et levantur de trossello merceriorum tres solidi fortium </item>
                            <item> de IIII<note> On avait d’abord écrit <hi rend="italics"
                                    >III.</hi></note> solidis VI<note> Le nombre a été ajouté après
                                    effacement d’une rédaction antérieure.</note> denariis <lb/>
                                receptis de chevrotinis transeuntibus per idem tempus et levantur de
                                trossello decem et octo denarii fortium </item>
                            <item> de XXXV solidis receptis de equis transeuntibus per idem tempus
                                et <lb/> levantur de quolibet triginta tres denarii fortium </item>
                            <item> de scalibe<note> On a machinalement raturé d’une autre encre la
                                    syllabe <hi rend="italics">li</hi> en <hi rend="italics"
                                        >libet</hi>, écrivant <hi rend="italics"
                                    >scalibetbe</hi>.</note> et cera non cumputat quia non
                                transierunt et levantur de chargia cere tres solidi fortium <lb/> de
                                chargia ferri et scalibis sex denarii </item>
                            <item> de minutis rebus que non veniunt ad pondus nichil </item>
                            <item><lb/> summa recepte : IIII libre III solidi VI denarii fortium
                            </item>
                        </list></p>
                </div>
                <div xml:id="laudes_et_vende">
                    <head>laudes et vende</head>
                    <p><lb/> idem reddit cumputum <list>
                            <item> de III solidis IX denariis receptis de <foreign>Genetey</foreign>
                                pro curtili empto de Stephano Baconeti viginti duobus solidis sex
                                denariis </item>
                            <item> de XIIII solidis IIII denariis <lb/> receptis de Humberto
                                pellipario pro domo empta de Iohanne de Vercheria quatuor libris
                                quinque solidis </item>
                            <item> de XIIII solidis <add place="interlinear">IIII denariis</add>
                                receptis de Laurentio <foreign>Mayer</foreign> pro peda <lb/> seu
                                domo empta de Tartarino quatuor libris quinque solidis </item>
                            <item> de II solidis VI denariis receptis de Stephano
                                    <foreign>Cointet</foreign> pro curtili empto de Garnero <lb/>
                                Guiller <del rend="overstrike">quinque solidis</del> quindecim
                                solidis </item>
                            <item> de V solidis receptis de Bernardo Archeidis de Tocia pro terra
                                empta ab Andrea <foreign>Gaiet</foreign> triginta solidis </item>
                            <item><lb/> de III solidis IIII denariis receptis de Roger de
                                    <foreign>Verfay</foreign> pro mediis laudibus de terra empta a
                                Bertholomeo et Andrea <foreign>Rubillart</foreign> viginti solidis </item>
                            <item> de VII denariis receptis <lb/> de Guillermo <foreign>Bel
                                    Garzon</foreign> pro terra de <foreign>La Barberi</foreign>
                                empta a dicto Bertholomeo tribus solidis sex denariis </item>
                            <item> de X denariis receptis de dicto Guillermo pro terra empta a filio
                                <lb/> Domicelle quinque solidis </item>
                            <item> de IX denariis obolo receptis ab eodem Guillermo pro terra empta
                                a filio dicte Domicelle quatuor solidis novem denariis </item>
                            <item> de X solidis <lb/> receptis de Belleto pro terra empta de
                                Anthonio de <foreign>Seleres</foreign> triginta solidis </item>
                            <item> de XX solidis receptis de Clemente <foreign>Pelerin</foreign> pro
                                domo empta de Aymone <lb/><foreign>Ribaut</foreign> sex libris </item>
                            <item> de V solidis receptis de Petro Sapientis pro domo empta de
                                    <foreign>Staynel</foreign> triginta solidis </item>
                            <item> de XV solidis receptis de Humberto
                                <foreign>Clemenzat</foreign><lb/> pro medietate domus empte de
                                Stephano <foreign>Juglar</foreign> quatuor libris quinque solidis </item>
                            <item> de XV solidis receptis de Humberto de
                                    <foreign>Condamines</foreign> pro medietate domus <lb/> empte ab
                                Andrea fratre suo quatuor libris quinque solidis </item>
                            <item> de II solidis I denario receptis de relicta Humberti de Selva pro
                                curtili empto a <lb/> Iohanne de <foreign>Maceaz</foreign> duodecim
                                solidis sex denariis </item>
                            <item> de III denariis receptis de Humberto Garcionis pro cerca empta a
                                Bertholomeo domicello decem et octo denariis </item>
                            <item><lb/> summa recepte : CXII solidi IX denarii obolus fortium </item>
                            <item><lb/> de introgiis<note> On a omis la rubrique <hi rend="italics"
                                        >introgia</hi>.</note> nichil hoc anno </item>
                        </list></p>
                </div>
                <div xml:id="venditiones">
                    <head>venditiones</head>
                    <p><lb/> idem reddit cumputum <list>
                            <item> de VI solidis fortium receptis de uno quartallo frumenti vendito
                                ut supra </item>
                            <item> de XXVII libris X solidis receptis de viginti quinque sestariis
                                siliginis venditis <lb/> ut supra – sestario viginti duobus<note> La
                                    terminaison de cet adjectif numéral confirme l’emploi ici de
                                    l’ablatif pour les compléments de prix, selon l’usage
                                    classique.</note> solidis fortium </item>
                            <item><del rend="overstrike">de LX solidis fortium receptis de tribus
                                    sestariis avene venditis ut supra</del></item>
                            <item> de VI denariis fortium receptis de duobus panibus venditis ut
                                supra </item>
                            <item><lb/> de XXVI solidis receptis de <del rend="overstrike">VII<hi
                                        rend="sup">XX</hi></del> septies viginti sexdecim gallinis
                                venditis ut supra </item>
                            <item> de XXVIII solidis II denariis receptis de viginti sex libris cere
                                venditis ut supra – libra <lb/> tresdecim denariis </item>
                            <item> de II solidis fortium receptis de una charrata feni vendita ut
                                supra </item>
                            <item><lb/> de VII libris V solidis fortium receptis de septem sestariis
                                uno quartallo <lb/> avene venditis ut supra – sestario vendito
                                viginti solidis fortium<note> Ce prix a été ajouté après effacement
                                    d’une rédaction antérieure.</note></item>
                            <item><lb/> summa recepte : XXXVII libre XVII solidi VIII denarii
                                fortium </item>
                        </list></p>
                </div>
                <div xml:id="bilan_recepte">
                    <p><list>
                            <item><lb/> summa totius recepte : CC IIII<hi rend="sup">XX</hi> III
                                libre XVIII solidi VI denarii fortium de quibus </item>
                        </list></p>
                </div>
            </div>
            <div xml:id="expense_et_librate">
                <p><list>
                        <item><lb/> idem libravit in hospitio domine comitisse in quinquaginta
                            duobus rasis avene per litteram Hugonis de Voyrone clerici datam <lb/>
                            die martis ante festum beati Petri ad vincula anno octogesimo sexto cum
                            una carrata feni : VII libras viennensium </item>
                        <item><lb/> idem libravit domino Berardo de <foreign>Sachins</foreign>
                            tenenti burgum de <foreign>Marbo</foreign> per litteram eius datam die
                                mercuri<note> On attendrait <hi rend="italics">diem
                                mercurii</hi>.</note> ante festum beati Mathei anno quinto : XI
                            libras viennensium </item>
                        <item><lb/> idem libravit Stephano de <foreign>Sachins</foreign> tenenti
                            castrum de <foreign>Marbo</foreign> per litteram eius datam die mercurii
                            ante festum cathedre sancti Petri anno quinto<note> Le mercredi 20
                                février 1286 (nouveau style).</note> : XLV libras viennensium </item>
                        <item><lb/> idem libravit donno Iohanni Floridi per litteras eius datas
                            dominica prima adventus anno quinto que fuerunt tradite abbati
                            Ambrogniaci : C libras viennensium </item>
                        <item><lb/> idem libravit domino Ebrardo ballivo Baugiaci de salario suo per
                            litteram eius : C libras viennensium </item>
                        <item><lb/> idem libravit eidem de remanentia cumputi super ballivia et
                            salario suo facti per litteram eius quam reddit : XXXVII libras XVI
                            solidos VI denarios viennensium </item>
                        <item><lb/> idem libravit Anthonio berruario et sociis eius de stipendiis
                            suis per litteram datam die iovis post oculi anno quinto<note> Le jeudi
                                21 mars 1286 (nouveau style).</note> : XL libras VIII solidos
                            viennensium </item>
                        <item><lb/> idem libravit Martino Marrelli et sociis eius per litteram datam
                            die iovis ante festum beati Mathie anno quinto<note> Le jeudi 21 février
                                1286 (nouveau style).</note> : XXXIII libras XII solidos viennensium </item>
                        <item><lb/> idem libravit domine comitisse ad expensas eius apud Burgum per
                            litteras eius datas die veneris ante rogationes anno sexto : XLII libras
                            viennensium </item>
                        <item><lb/> idem libravit domino Anthonio de Castellione de salario suo de
                            mandato Durandi et Rosseti per litteras eius : XIIII libras viennensium </item>
                        <item><lb/> idem libravit domino Hugoni de <foreign>Chandeia</foreign> ad
                            expensas gentium cum armis per litteras eius et per litteras domini de
                            mandato : XII libras XII denarios viennensium<foreign
                                > </foreign><milestone n="6" unit="vue"/><pb n="4"/><lb/><note> La
                                vue 5 reproduit une pièce cousue à la marge gauche du parchemin,
                                qu’il semble préférable de transcrire à partir de l’original, car
                                elle paraît très froissée.</note><note> Tout en haut de cette peau,
                                au-dessus de la couture, une main distincte de celle du rédacteur
                                principal a noté deux totaux, visibles au bas de la vue 4 : <hi
                                    rend="italics">LXXVI libre VII solidi — utriusque V<hi
                                        rend="sup">C</hi> XIX libre IIII solidi VI
                                denarii</hi>.</note>] </item>
                        <item> idem libravit Raynaudo <foreign>Rater</foreign> existenti apud
                                <foreign>Sagia</foreign> de mandato domini Ebrardi de
                                <foreign>Mornay</foreign> cuius litteram reddit : X libras
                            viennensium </item>
                        <item><lb/> idem libravit <del rend="overstrike">domino</del> de mandato
                            domini Ebrardi ballivi Baugiaci cuius litteram reddit ad ingenia apud
                            Sagia <add place="interlinear">LV solidos</add><note> Les sommes
                                indiquées ici dans l’interligne supérieur correspondent au compte
                                détaillé cousu à la marge gauche du parchemin.</note> – item in
                            baudretis ibidem missis – item in expensis <lb/> latronis dicti
                                <foreign>Charbonel de Lent</foreign><add place="interlinear">X
                                solidos</add> – item portagio<note> On avait écrit <hi
                                    rend="italics">portagiorum</hi>, mais la dernière syllabe a été
                                effacée.</note> caseorum et tele apud Burgetum <add
                                place="interlinear">XLVI solidos</add> – item expensis Raynaudi
                                <foreign>Rater</foreign><add place="interlinear">XVII solidos VI
                                denarios</add> qui venerat apud Burgum pro stipendiis <lb/> suis et
                            sociorum suorum – item sagimine pro cordis ingeniorum de Sagiaco <add
                                place="interlinear">VIII solidos VI denarios </add> – item diversis
                            gentibus cum armis <add place="interlinear">XXII solidos</add> – item
                            Guichardo de Vallibus et sociis suis <add place="interlinear">XXX
                                solidos</add> – item expensis domini <lb/> Ogerii de Sancto Surpicio
                                <add place="interlinear">IIII solidos</add> – item diversis nunciis
                            missis pro negotiis domini apud Burgum <add place="interlinear">XVIII
                                solidos</add> : X libras XI solidos viennensium </item>
                        <item><lb/> idem libravit <del rend="overstrike">in</del> castellano de
                            Sagiaco et Raynaudi <foreign>Rater</foreign> de stipendiis suis de
                            mandato domini Ebrardi per litteram eius quam reddit : VII libras VI
                            solidos viennensium </item>
                        <item><lb/> idem libravit magistro Petro de Montebeliardo in negotiis domini
                            de mandato domini Ebrardi per litteram eius quam reddit : XII libras
                            viennensium </item>
                        <item><lb/> idem libravit Bertaudo de Corcellis tenenti Castelletum de
                            salario suo de mandato domini Ebrardi per litteram eius : X libras
                            viennensium </item>
                        <item><lb/> idem libravit Guichardo de Ponte Vele tenenti domini Iohannis de
                            Buenco de mandato domini Ebrardi et per litteram eius : VI libras
                            viennensium </item>
                        <item><lb/> idem libravit dicto <foreign>Maschera </foreign>fabro pro
                            clavellis missis apud <foreign>Marbo</foreign> de mandato domini Ebrardi
                            et per litteram eius : C solidos viennensium </item>
                        <item><lb/> idem libravit Stephano de <foreign>Sachins</foreign> castellano
                            de <foreign>Marbo</foreign> de salario suo <add place="interlinear">C
                                solidos</add> et in mille carrellis <add place="interlinear">LX
                                solidos</add> : VIII libras viennennium </item>
                        <item><lb/> idem libravit donno Guillermo de Porta pro capella Sancti
                            Mauricii deservienda de <del rend="overstrike">domino</del> dono domini
                            Raynaudi quondam domino<note> On attendrait <hi rend="italics"
                                    >domini</hi>.</note> Baugiaci pro anno finito <lb/> in
                            nativitate Domini anno octogesimo quinto : VII libras X solidos
                            viennensium </item>
                        <item><lb/> summa librate : V<hi rend="sup">C</hi> XIX libre IIII solidi VI
                            denarii viennensium — qui scampsi duplices ad fortes valent : CCLVIII
                            libras <lb/> XII solidos III denarios fortium </item>
                    </list></p>
            </div>
            <div xml:id="bilan">
                <p><list>
                        <item> et sic debet : XXV libre VI solidi III denarii fortium </item>
                        <item> quibus adduntur quas recepit a Stephano Sterleti de remanentia <lb/>
                            cumputi sui : X libre fortium </item>
                        <item> de quibus deducuntur pro expensis donni Iohannis Floridi
                                <unclear>[cum prefuit]</unclear> apud Burgum pro expeditione abbatis
                            Ambrogniaci et <lb/> Guillermi de <foreign>Corenc</foreign> : XVI solidi
                            VI denarii fortium </item>
                        <item> et sic debet : XXXIIII libras IX solidos IX denarios fortium</item>
                    </list></p>
            </div>
        </body>
    </text>
</TEI>
