<?xml version="1.0" encoding="UTF-8"?>
<?xml-model href="http://www.tei-c.org/release/xml/tei/custom/schema/relaxng/tei_all.rng" type="application/xml" schematypens="http://relaxng.org/ns/structure/1.0"?><?xml-model href="http://www.tei-c.org/release/xml/tei/custom/schema/relaxng/tei_all.rng" type="application/xml"
	schematypens="http://purl.oclc.org/dsdl/schematron"?>
<TEI xmlns="http://www.tei-c.org/ns/1.0" xml:id="B7085_4">
   <teiHeader>
      <fileDesc>
         <titleStmt>
            <title>Compte de Pierre de Châtillon <hi rend="italics">(dominus Petrus de
                  Castellione)</hi>, bailli de la Terre de Bâgé et de Coligny, et châtelain de
               Bourg-en-Bressse <hi rend="italics">(ballivus terre Baugiaci et Cologniaci et
                  castellanus de Burgo in Breyssia)</hi>, pour la châtellenie de Bourg-en-Bresse, du
               dimanche 5 mai 1297 au vendredi 6 juin 1298 <date type="debut" from-iso="12970505"
                  cert="high"/><date type="fin" from-iso="12980606" cert="high"/></title>
            <respStmt>
               <persName><name xml:lang="fra">Pierre de Châtillon</name><name xml:lang="lat">Petrus
                     de Castellione</name></persName>
               <resp>Châtelain</resp>
            </respStmt>
         </titleStmt>
         <publicationStmt>
            <p>Christian Guilleré, Frédéric Chartrain et Alain Kersuzan, avec la collaboration de Nils Mantilleri, Jean-Michel Poisson, et Marianne Ronot, 
               <title>Compte de Pierre de Châtillon <hi rend="italics">(dominus Petrus de
                  Castellione)</hi>, bailli de la Terre de Bâgé et de Coligny et châtelain de
                  Bourg-en-Bressse, pour la châtellenie de Bourg-en-Bresse, du
                  dimanche 5 mai 1297 au vendredi 6 juin 1298</title>,
               Lyon - Chambéry, 2013 (<title>Documents comptables des Etats de Savoie, XIIIe - XVe s.</title>)</p>
         </publicationStmt>
         <seriesStmt>
            <title>Bourg-en-Bresse</title>
         </seriesStmt>
         <sourceDesc>
            <p>Information about the source</p>
         </sourceDesc>
      </fileDesc>
   </teiHeader>
   <text>
      <body>
         <milestone n="7" unit="vue"/>
         <pb n="7"/>
         <div xml:id="prologue">
            <p><lb/> Computus domini Petri de Castellione, baillivi terre Baugiaci et Coloi¬gniaci
               et castellani <lb/> de Burgo in Breyssia, de redditibus et exitibus dicte castellanie
               a quinta die mensis maii, anno Domini <lb/> M<hi rend="sup">o</hi> CC<hi rend="sup"
                  >o</hi> nonagesimo septimo, usque ad festum sancti Glaudii<note> Pour <hi
                     rend="italics">Claudii</hi>.</note>, quod fuit VI<hi rend="sup">a</hi> die
               mensis iunii, anno nonagesimo <lb/> octavo, receptus apud Chambe¬riacum per Rossetum,
               presente magistro Petro </p>
         </div>
         <div xml:id="recepte">
            <div xml:id="frumentum">
               <head>frumentum</head>
               <p><lb/> idem reddit computum <list>
                     <item> de V sestariis II quartallis IIII cupis frumenti redditis<note> Lire <hi
                              rend="italics">receptis</hi>.</note> in dicta castellania de redditu
                        per annum <lb/> ut in computo precedenti <lb/></item>
                     <item> de V sestariis II quartallis IIII cupis receptis de remanentia computi
                        sui precedentis<note> Dans la marge gauche, on a signalé <hi rend="italics"
                              >arreragium</hi>.</note></item>
                  </list></p>
               <p><lb/> summa : XII sestarii VIII cupe frumenti </p>
            </div>
            <div xml:id="siligo">
               <head>siligo</head>
               <p><lb/> idem reddit computum <list>
                     <item> de XVII sestariis I quartallo I cupa siliginis receptis in dicta
                        castellania de redditu <lb/> per annum </item>
                     <item> de X quartallis V cupis et quarta parte unius cupe re¬ceptis apud Longum
                           Campum<note> Aujourd’hui <hi rend="italics">Longchamp</hi>, c<hi
                              rend="sup">ne</hi> de Lent.</note> de redditu per annum <lb/> pro
                        medietate dominum contin¬gente </item>
                     <item> de I quartallo recepto de Guillermo <foreign>de Mont
                           Mort</foreign><note>Aujourd’hui <hi rend="italics">Montmouth</hi>, c<hi
                              rend="sup">ne</hi> de Lent.</note> ibidem de redditu <lb/> per annum </item>
                     <item> de III quartallis receptis ibidem de taschiis hoc anno </item>
                     <item> de III sestariis I quartallo de <lb/> firma molendini de Longo Campo
                        finienda in festo beati Iohannis Baptiste, anno nona¬gesimo octavo, pro
                        medietate <lb/> dominum contingente, et aliam medietatem percipit prior
                        dicti loci<note> Il y avait à Longchamp un prieuré de l’abbaye Saint-Pierre
                           de Mâcon.</note></item>
                     <item> de XIII quartallis receptis de firma<note><hi rend="italics"
                              >fir<lb/>ma</hi></note><lb/> molendini stanni de Burgo finienda eo¬dem
                        termino </item>
                     <item> de XIIII quartallis receptis apud Rippas<note> Aujourd’hui <hi
                              rend="italics">Les Rippes</hi>, c<hi rend="sup">ne</hi> de
                           Certines.</note><lb/> pro messe hoc anno, et levatur in quolibet hospitio
                        excolente ad boves unum quartallum, in non <lb/> excolente ad boves unum
                        bichetum, in viduis non excolentibus nichil </item>
                     <item> de III bichetis receptis apud <lb/> Perronam<note> Aujourd’hui
                           Péronnas.</note> pro eodem </item>
                     <item> de VII quartallis receptis apud <foreign>La Vernea</foreign><note>
                           Aujourd’hui <hi rend="italics">La Vernée</hi>, c<hi rend="sup">ne</hi> de
                           Péronnas.</note> pro eodem </item>
                     <item> de VII quartallis receptis <lb/> apud
                           <foreign>Verlia</foreign><note>Aujourd’hui <hi rend="italics"
                              >Vérillat</hi>, c<hi rend="sup">ne</hi> de Saint-Rémy ?</note> pro
                        eodem </item>
                     <item> de XXXVI quartallis I bicheto receptis in parrochia Sancti An¬dree<note>
                           Aujourd’hui Saint-André-sur-Vieux-Jonc.</note> pro eodem </item>
                     <item> de <lb/> V quartallis receptis apud <foreign>La
                           Boysoneri</foreign><note> Aujourd’hui <hi rend="italics">La
                              Buissonnière</hi>, c<hi rend="sup">ne</hi> de Condeissiat.</note> pro
                        eodem </item>
                     <item> de V quartallis I bicheto receptis apud <foreign>Monet</foreign><note>
                           Aujourd’hui Montcet.</note><lb/> pro eodem </item>
                     <item> de IIII quartallis receptis apud <foreign>Buello</foreign><note>
                           Aujourd’hui Buellas.</note> pro eodem </item>
                     <item> de V quartallis I bicheto receptis apud <lb/><foreign>Montem
                           Recal</foreign><note> Aujourd’hui Montracol.</note> pro eodem </item>
                     <item> de IIII quartallis I bicheto receptis apud
                           <foreign>Poyllia</foreign><note> Aujourd’hui Polliat.</note> pro eodem </item>
                     <item> de XII <lb/> quartallis I bicheto receptis apud
                           <foreign>Tignia</foreign><note> Aujourd’hui Attignat.</note> et apud
                           Grangiam<note> Aujourd’hui Crangeat, c<hi rend="sup">ne</hi>
                           d’Attignat.</note> pro eodem </item>
                     <item> de XXVI quartallis receptis apud <lb/><foreign>Cra</foreign><note>
                           Aujourd’hui Cras-sur-Reyssouze.</note> pro eodem </item>
                     <item> de III quartallis receptis apud <foreign>Pougia</foreign><note>
                           Aujourd’hui Pugeat, c<hi rend="sup">ne</hi> de Cras-sur-Reyssouze.</note>
                        pro eodem </item>
                     <item> de XX quartallis receptis apud <lb/><foreign>Mont
                           Laferta</foreign><note> Aujourd’hui Malafretaz.</note> pro eodem </item>
                     <item> de XVIII sestariis III quartallis I cupa receptis de coponagio fori per
                        dictum <lb/> tempus </item>
                     <item> de LXV sestariis II quartallis et quartum unius cupe receptis de
                        remanentia sui computi precedentis</item>
                  </list></p>
               <p><lb/><list>
                     <item>summa : VII<hi rend="sup">XX</hi> IX<note> Ce nombre remplace une
                           rédaction antérieure, qui a été effacée.</note> sestarii III quartalli I
                        cupa et dimidia </item>
                     <item> de quibus idem libravit <lb/> Bartolomeo Guioto et de quibus computavit
                        : LXXIIII sestarios II cupas<note> Cet article a été ajouté d’une encre plus
                           noire par une autre main.</note></item>
                  </list></p>
            </div>
            <div xml:id="adhuc_frumentum">
               <head>adhuc frumentum</head>
               <p><lb/> idem reddit computum <list>
                     <item> de XXII sestariis II quartallis I bicheto frumenti receptis de exitu
                        coponagii per dictum tempus <lb/></item>
                     <item> de quibus in venditiones ut infra : VI quartalli </item>
                     <item> et restant : XXI sestarii I bichetus — et remanent</item>
                  </list></p>
            </div>
            <div xml:id="milium">
               <head>milium</head>
               <p><lb/> idem reddit computum <list>
                     <item> de III quartallis milii receptis de coponagio per dictum tempus</item>
                  </list></p>
               <p><lb/> summa : III quartalli milii </p>
            </div>
            <div xml:id="fabe">
               <head>febe<note> Pour fabe.</note></head>
               <p><lb/> idem reddit computum <list>
                     <item> de I quartallo fabarum receptis de coponagio per dictum tem¬pus</item>
                  </list></p>
               <p><lb/>summa fabarum : I quartallus </p>
            </div>
            <div xml:id="ordeum">
               <head>ordeum</head>
               <p><lb/> idem reddit computum <list>
                     <item> de III cupis ordei receptis de coponagio per dictum tempus</item>
                  </list></p>
               <p><lb/>summa : II<note> On attendrait III !</note> cupe ordei </p>
            </div>
            <div xml:id="avena">
               <head>avena</head>
               <p><lb/> idem reddit computum <list>
                     <item> de IX sestariis avene receptis in dicta castellania de redditu per
                        annum, incluso uno sestario<note> Ce mot a remplacé une rédaction
                           antérieure, qui a été effacée.</note> quod <lb/> debet prior de
                           Buella<note> Il y avait à Buellas un prieuré de Saint-Philibert de
                           Tournus.</note> pro garda </item>
                     <item> de II quartallis recep¬tis apud Longum Campum de taschiis hoc anno
                        <lb/></item>
                     <item> de XVII quartallis receptis ibidem pro messe hoc anno, et levatur ut
                        supra in siligine </item>
                     <item> de III quartallis I <lb/> bicheto receptis apud
                           <foreign>Motaynia</foreign><note> Aujourd’hui Montagnat.</note> pro eodem </item>
                     <item> de II quartallis receptis apud Cripignia<note> Aujourd’hui Crépignat,
                              c<hi rend="sup">ne</hi> de Viriat.</note> pro eodem </item>
                     <item> de XVIII sestariis <lb/> II quartallis receptis de exitu coponagii fori
                        per dictum tempus </item>
                     <item> de XV sestariis I bicheto receptis de remanentia sui computi <lb/>
                           precedentis<note> Dans la marge gauche, on a signalé
                        arreragium.</note></item>
                  </list></p>
               <p><lb/> summa : XLVII sestarii III quartalli </p>
            </div>
            <div xml:id="panes">
               <head>panes</head>
               <p><lb/> idem reddit computum <list>
                     <item> de II panibus receptis de Stephano Moyroudi de redditu per annum —
                        venduntur ut infra</item>
                  </list></p>
            </div>
            <div xml:id="cera">
               <head>cera</head>
               <p><lb/> idem reddit computum <list>
                     <item> de XXI libris cere receptis de gardis per annum ut in computo
                        precedenti, deductis duabus <lb/> libris pro Guillermo Pomerii, qui decessit
                        et non habet here¬dem, et pro Bernardo <foreign>Chapel</foreign>, qui
                        devenit leprosus <lb/></item>
                     <item> de XIII libris receptis de hominibus abbatis Sancti Eugendii apud
                           <foreign>Vareya</foreign><note> Aujourd’hui Viriat, où il y avait un
                           prieuré de Saint-Oyand, depuis Saint-Claude, à Saint-Claude
                           (Jura).</note> pro garda, et levatur in quolibet <lb/> foco una libra per
                        annum</item>
                  </list></p>
               <p><lb/> summa : XXXIIII libre cere — venduntur ut infra </p>
            </div>
            <div xml:id="galline">
               <head>galline</head>
               <p><lb/> idem reddit computum <list>
                     <item> de XIX gallinis receptis in dicta castellania de redditu per an¬num </item>
                     <item> de XI gallinis receptis apud <lb/> Longum Campum de redditu per annum
                        pro medie¬tate dominum contingente </item>
                     <item> de XXXIIII gallinis receptis ibidem de <lb/> consuetudine per annum, et
                        levatur in quolibet foco una gallina </item>
                     <item> de IIII<hi rend="sup">C</hi> XXXVII &lt;gallinis&gt; receptis in aliis
                        villis <lb/> dicte castellanie de consuetudine per annum, et levantur in
                        quolibet foco due galline</item>
                  </list></p>
               <p><lb/> summa : V<hi rend="sup">C</hi> I galline — venduntur ut infra </p>
            </div>
            <div xml:id="denarii_census">
               <head>denarii census</head>
               <p><lb/> idem reddit computum <list>
                     <item> de XXVI libris VIII solidis fortium receptis in dicta castellania de
                        redditu per annum, ut in particulis <lb/> extractus extente </item>
                     <item> de XLIIII solidis VI denariis fortium receptis de pedis curtilium subtus
                        burgum Aule<note> Pour Ale.</note> de <lb/> redditu per annum </item>
                     <item> de VII libris V solidis V denariis receptis apud Longum Campum de
                        redditu per annum, pro medietate dominum <lb/> contingente, et aliam
                        medietatem percipit ecclesia &lt;Sancti Petri&gt; Matisconensis </item>
                     <item> de II solidis receptis ibidem de Martino Mailleti <lb/> de redditu
                        proprio do¬mini per annum </item>
                     <item> de XII denariis receptis ibidem de Guillermo <foreign>de
                           Mamort</foreign><note> Pour Monmort. Aujourd’hui Montmouth, c<hi
                              rend="sup">ne</hi> de Lent.</note> de redditu per annum</item>
                  </list></p>
               <p><lb/> summa : XXXVI libre XII denarii fortium </p>
            </div>
            <div xml:id="garde">
               <head>guarde</head>
               <p><lb/> idem reddit computum <list>
                     <item> de IIII libris XVIII solidis IX denariis fortium receptis de
                        reco¬gnitionibus et gardis per annum</item>
                  </list></p>
               <p><lb/> summa eadem : IIII libre XVIII solidi IX denarii fortium </p>
            </div>
            <div xml:id="tallia">
               <head>taillie</head>
               <p><lb/> idem reddit computum <list>
                     <item> de XXXV libris fortium receptis in chacipolleria de ultra Velam<note> On
                           peut voir ici que la Veyle, affluent de la Saône qui coule à l’ouest de
                           Bourg-en-Bresse, divisait la châtelle¬nie en deux chacipoleries : ultra
                           Velam, " Outre-Veyle ", et citra Velam, " Deçà-Veyle ".</note> pro
                        tailliis ad <lb/> misericordiam hoc anno </item>
                     <item> de XXIIII libris XVI solidis receptis de tailliis in chacipolleria
                           extra<note> Lire citra.</note> Velam ad <lb/> misericordiam hoc
                        anno</item>
                  </list></p>
               <p><lb/> summa : LIX libre XVI solidi fortium </p>
            </div>
            <div xml:id="firme">
               <head>firme</head>
               <p><lb/> idem reddit computum <list>
                     <item> de LV libris XV solidis VI denariis fortium receptis de exitu leyde,
                        coponagii, martinagii<note> martina<lb/>gii</note>, <lb/> mercati Burgi et
                        parvi pedagii a die mercurii post festum beati Iohannis Baptiste usque ad
                        diem mercurii <lb/> sextam diem mensis iunii, anno nonage¬simo octavo </item>
                     <item> de XX libris fortium receptis de medietate firme trium <lb/> furnorum
                        domini apud Burgum finiende in festo beati Iohannis Baptiste, et tunc
                        debentur tantundem<note> Pour tantumdem.</note><lb/></item>
                     <item> de V solidis receptis de Garino Francisci pro firma furni sui eodem
                        termino finienda </item>
                     <item> de V solidis fortium receptis de Stephano de Espaynia pro firma furni
                        sui finienda eodem ter¬mino <lb/></item>
                     <item> de V solidis receptis de panaterio de Matiscone<note> Ce nom, ici très
                           abrégé, figurera en toutes lettres dans le compte de l’exercice
                           suivant.</note> pro firma furni sui finienda eo¬dem termino <lb/></item>
                     <item> de VIII libris XV solidis receptis de Guillermeto <foreign>Coylli
                           Voyrii</foreign> pro medie-tate firme chacipollerie Burgi <milestone
                           n="8" unit="vue"/><pb n="8"/> extra Velam finiende<note> Le génitif est
                           ici écrit en toutes lettres.</note> in festo beati Iohannis Baptiste, et
                        tunc debentur tantundem </item>
                     <item> de XII libris X solidis fortium &lt;receptis&gt; de Peroneto<note>
                           perone<lb/>to</note><lb/> de <foreign>Maysiria</foreign><note>
                           Aujourd’hui Mézériat.</note> pro firma chacipollerie de extra Velam
                        finienda eodem termino </item>
                     <item> de XXXV solidis receptis de <lb/> Peroneto Mailleti pro firma cridagii
                        finienda eodem ter¬mino </item>
                     <item> de firma champerie Burgi de ultra Velam <lb/> et champerie de
                           <foreign>Cra</foreign>, de <foreign>Mont Laferta</foreign>, de
                           <foreign>Atignia</foreign> et champerie de <foreign>Tres</foreign><note>
                           Aujourd’hui Etrez.</note> et champerie de Longo Campo non computat<note>
                           compu<lb/>tat</note><lb/> quia nun¬dum levantur, sed de ipsis debet
                        computare castellanus sequens </item>
                     <item> de VII libris VI solidis <lb/> III denariis <sic>receptis fortium
                           receptis</sic> de firma bancharum macelli finienda in festo beati
                        Iohannis Baptiste, deductis viginti quinque <lb/> solidis fortium pro tribus
                        banchis que vacant </item>
                     <item> de XLII solidis receptis de firma bancharum caprarum </item>
                     <item> de X solidis <lb/> receptis de Guichardo de <foreign>La
                           Perrousa</foreign><note> Aujourd’hui La Pérouse, c<hi rend="sup">ne</hi>
                           de Montracol, ou La Pérouse, c<hi rend="sup">ne</hi> de Polliat, le
                           toponyme étant fréquent dans le ressort de la châtellenie comme ailleurs
                           en Bresse.</note> pro firma parvi ponderis finienda eodem termino </item>
                     <item> de LXX solidis fortium receptis <lb/> de exitu ponderis bladi per dictum
                        tempus </item>
                     <item> de XXXV libris XI solidis III denariis fortium receptis de teysis
                        domorum Burgi, <lb/> inclusis quibusdam servitiis que debentur cum dictis
                        teysiis pro quibusdam domibus, inclusis quin¬que solidis viennensium <lb/>
                           que<note> Lire qui.</note> debentur pro peda quondam domine Petronille de
                           <foreign>Corent</foreign><note> Aujourd’hui Corand, c<hi rend="sup"
                              >ne</hi> de Chaveyriat.</note> et deductis novem solidis septem
                        denariis pro <lb/> quibusdam pedis que vacant</item>
                  </list></p>
               <p><lb/> summa : VII<hi rend="sup">XX</hi> VIII libre X solidi fortium </p>
            </div>
            <div xml:id="domus_mercati">
               <head>denarii mercati<note> La rubrique usuelle est domus mercati..</note></head>
               <p><lb/> idem reddit computum <list>
                     <item> de CXVII solidis I denario fortium receptis de locagio bancha¬rum
                        grossorum mercatorum vendentium <lb/> pannos in domo mercati, et levantur
                        pro quali¬bet teysa in festo beati Martini tres solidi fortium, inclusis
                        <lb/> quibusdam parvis mercatoribus </item>
                     <item> de IIII libris VI solidis VI denariis receptis de locagio XXXVIII
                        bancharum escofferio¬rum<note> escofferio<lb/>rum</note><lb/> hoc anno, et
                        levantur pro qualibet bancha duo solidi tres denarii fortium </item>
                     <item> de VII solidis III obolis <lb/> receptis de novem banchis et dimidio
                        groleriorum, et levantur pro qualibet bancha novem denarii fortium </item>
                     <item> de <lb/> XXVII solidis receptis de triginta sex ban¬chis sauneriorum, et
                        levantur pro qualibet bancha novem denarii </item>
                     <item> de X <lb/> solidis VI denariis receptis de septem banchis vendentium
                        oleum et sagimina, et levantur a quoli¬bet de villa vendente <lb/> oleum
                        decem octo denarii et de extraneo tres solidi, tamen non fuit ibi extraneus </item>
                     <item> de XXXIII solidis <del rend="overstrike">I denario</del><lb/> receptis
                        de triginta banchis panaterio-rum </item>
                     <item> de II solidis receptis de duobus banchis <del rend="overstrike"
                           >esc</del> coyfferiarum </item>
                     <item> de III solidis <lb/> receptis de tribus tupineriis <lb/></item>
                     <item> de XXIIII solidis receptis de octo banchis merceriorum, et levantur pro
                        qualibet teysa <lb/> tres solidi </item>
                     <item> de VI solidis IX denariis receptis de tribus ban¬chis pellipariorum, et
                        levantur pro qualibet tres solidi <lb/> tres denarii </item>
                     <item> de VI solidis IX denariis receptis de tribus banchis <note> Un mot a été
                           effacé, payroleriorum si l’on s’en rapporte au compte précédent, qui
                           distinguait par le tarif deux sortes de banc à la payrolerie.</note>, et
                        levantur pro quolibet duo solidi tres <lb/> denarii </item>
                     <item> de VI solidis IX denariis receptis de tribus banchis payroleriorum, et
                        levantur pro quoli¬bet<note> Lire qualibet.</note><del rend="overstrike"
                           >tres</del> duo solidi tres <lb/> denarii fortium </item>
                     <item> de XXXIII solidis receptis de undecim banchis ferrateriorum, et levantur
                        pro qualibet tres solidi </item>
                     <item> de VI solidis IX denariis receptis de tribus banchis vendentium
                        scutellas </item>
                     <item> de XII solidis IIII denariis obolo receptis de duo¬decim<note>
                           duode<lb/>cim</note><lb/> banchis vendentium coria, et levantur a
                           quolibet<note> Lire qualibet.</note> tresdecim denarii et obolus </item>
                     <item> de IIII solidis VI denariis <lb/> receptis de banchis in quibus
                        venduntur vadia in die mercati</item>
                  </list></p>
               <p><lb/> summa : XIX libre VI solidi I denarius </p>
            </div>
            <div xml:id="passonagium">
               <head>passonagium</head>
               <p><lb/> idem reddit computum <list>
                     <item> de XXX solidis I denario receptis de Guillermo <foreign>de
                           Montmort</foreign> pro glande nemoris
                           <foreign>del</foreign><lb/><foreign>Says</foreign><note> Aujourd’hui Le
                           Saix, c<hi rend="sup">ne</hi> de Péronnas.</note> per dictum
                        tempus</item>
                  </list></p>
               <p><lb/> summa eadem : XXX solidi I denarius </p>
            </div>
            <div xml:id="laudes_et_vende">
               <head>laudes et vende</head>
               <p><lb/> idem reddit computum <list>
                     <item> de XIII denariis fortium receptis de Peroneto dicto
                           <foreign>Guers</foreign> pro bancha mercati vendita dicto Biblo pretio
                        sex <lb/> solidorum fortium </item>
                     <item> de III solidis IIII denariis fortium receptis de Iohannino Bollarii pro
                        curtili vendito per Iohanninum <foreign>Cha-vayria</foreign><note>
                           Aujourd’hui Chaveyriat.</note> pretio <lb/> viginti solidorum </item>
                     <item> de XXX solidis receptis de Petro <foreign>de Regnon</foreign> pro domo
                        sibi vendita a Iohanne <foreign>Chavayria</foreign> pretio novem <lb/>
                        librarum fortium </item>
                     <item> de II solidis VI denariis fortium de Stephano<foreign> Cortably
                        </foreign>pro una pecia terre sibi vendita a Peroneto dicto
                           <foreign>Meyssoner</foreign><note> meysso<lb/>ner</note><lb/> pretio
                        quindecim solidorum fortium </item>
                     <item> de III solidis IX denariis receptis de Peroneto de Perrogiis<note>
                           Aujourd’hui Pérouges.</note> pro medietate domus site in aula<note> Pour
                           ala.</note><lb/> Burgi sibi vendita per G&lt;uillermum&gt;<note> On a
                           seulement écrit l’initiale G. D’autres prénoms peuvent donc être pris en
                           considération.</note><foreign>Charasat</foreign> pretio viginti duorum
                        solidorum sex denariorum </item>
                     <item> de XX solidis receptis de uxore dicti <lb/><foreign>Alboys</foreign> pro
                        domo sibi vendita a dicto <foreign>Vachon</foreign> pretio sex librarum
                        fortium </item>
                     <item> de III solidis IIII denariis receptis de medietate domus <lb/> site in
                        Vercheria a Stephano Salomo¬nis sibi vendita per Guionetum Medicis pretio
                        viginti novem solidorum <add place="interlinear">sex denariorum</add></item>
                     <item> de <lb/> II solidis VI denariis receptis de Iohanne, filio quon¬dam
                        Bernardi de Porta, pro curtili sibi vendito per Stephanam, relictam <lb/>
                        Petri de Burgo pretio quindecim solidorum </item>
                     <item> de X denariis receptis de Coleto, lathomo<note> Pour latomo.</note>, pro
                        peda sita prope portam de <lb/><foreign>Tegeres</foreign> sibi vendita per
                        Iacobum, lathomum, pretio quinque solidorum </item>
                     <item> de XV denariis fortium receptis de Andrea <foreign>Lo Gay</foreign> pro
                        terra sibi <lb/> vendita per Guichar¬dum, filium Brune de Burgo, pretio
                        septem solidorum sex denariorum </item>
                     <item> de XVIII denariis et podrigia receptis <lb/> de Iohanne <foreign>Li
                           Piffant</foreign> pro domo sibi vendita per relictam Bererdi
                           <foreign>L’Oigneour</foreign> pretio octo solidorum sex denariorum </item>
                     <item> de XXX <lb/> III solidis IIII denariis re¬ceptis de Raymondo Salomonis
                        pro medietate domus quam emit a Petro de <foreign>Bua</foreign> dicto
                           <foreign>Le¬chet</foreign> pretio <lb/> decem librarum </item>
                     <item> de II solidis VI denariis receptis de Iohanne <foreign>Piffant</foreign>
                        pro ope¬ratorio sibi vendito per Guionetum <foreign>Pigna</foreign> pretio
                        <lb/> quindecim solidorum </item>
                     <item> de II solidis receptis de Achardeto pro manso sibi vendito per Martinum,
                        filium quondam <foreign>Estiet de La <lb/>Vernea</foreign>, pretio duodecim
                        solidorum fortium </item>
                     <item> de III solidis IIII denariis receptis de Ste¬phano dicto
                           <foreign>Peros</foreign> de Ala Burgi pro terra sibi vendita <lb/> per
                        Guichardum Vachi pretio viginti solidorum </item>
                     <item> de IIII solidis receptis a liberis Bernardi de Ponte pro rebus sibi
                        venditis <lb/> per filiam Petri Cristini pretio viginti quinque solidorum </item>
                     <item> de VI solidis III denariis receptis de G&lt;uillermo&gt;, capellani de
                           <foreign>Tres</foreign>, pro rebus <lb/> sibi venditis per Stephanum
                           <foreign>Sala</foreign> pretio triginta septem solidorum <del
                           rend="overstrike">sex</del><add place="interlinear">octo</add>
                        denariorum</item>
                  </list></p>
               <p><lb/>summa : VI libre XVI denarii podrigia fortium </p>
            </div>
            <div xml:id="banna">
               <head>banna</head>
               <p><lb/> idem reddit computum <list>
                     <item> de XXX solidis fortium receptis de Iohanne Benedicti quia dixerat cuidam
                        mulieri quod pater et filius eam carnaliter<note>
                        carna<lb/>liter</note><lb/> cognoverant </item>
                     <item> de XX solidis receptis de Guillermeto <foreign>Guidoy</foreign> quia
                        excolerat curtile alterius </item>
                     <item> de XX solidis receptis <lb/> de Bernardo, barbitonsore<note> On peut
                           aussi lire Bernardo Barbitonsoris, si l’on estime que le second nom est
                           ici patronyme.</note>, quia portabat arma de nocte per villam </item>
                     <item> de X solidis receptis de <foreign>Bertet Corget</foreign><lb/> quia
                        percussit Iohannem, generum suum </item>
                     <item> de X solidis receptis de Peroneto Mileti quia vocaverat latronem filium
                        Benedicti de <foreign>Baugia</foreign><note> Aujourd’hui Bâgé-le-Châtel ou
                           Bâgé-la-Ville.</note><lb/></item>
                     <item> de X solidis receptis de dicto <foreign>Galloet</foreign> quia fecerat
                        foramen in <add place="interlinear">muro</add> domus Ruffi ad po¬nendum
                        quemdam trabem <lb/></item>
                     <item> de L solidis fortium receptis de quodam Lombardo quia tracxerat<note>
                           Pour traxerat.</note> cutellum suum contra garcionem suum <lb/></item>
                     <item> de X libris X solidis fortium receptis de Iocerando de Grangiis quia
                        vendiderat domum suam et non solverat coponagium <lb/></item>
                     <item> de LX solidis receptis de monacho <foreign>del Luat</foreign><note>
                           Peut-être " Luyat, ancien lieu-dit, c<hi rend="sup">ne</hi> de Curtafond
                           " (Édouard Philippon).</note> qui vendiderat in villa unum bovem die
                        mercurii et non solvit <lb/> leydam </item>
                     <item> de XX solidis receptis de quodam garcione de Coloigniaco<note>
                           Aujourd’hui Coligny.</note> quia ceperat quoddam capellum in domo <lb/>
                           Renaudi<note> re<lb/>naudi</note> de Coloigniaco </item>
                     <item> de XX solidis receptis de Guichardo
                           <foreign>Barbat</foreign><foreign>d’Estres</foreign><note> Aujourd’hui
                           Étrez.</note> quia fuerat cum quibusdam aliis <lb/> ad spoliandum dictum
                           <foreign>Locret</foreign></item>
                     <item> de XX solidis receptis de dicto <foreign>Lamiraut</foreign> quia fecerat
                        quoddam fossatum in <lb/><del rend="overstrike">itere</del> itinere apud
                           <foreign>Estres</foreign></item>
                     <item> de XXX solidis receptis de <foreign>Saracen d’Estres</foreign> pro
                        quibusdam iniuriis per eum uxori <lb/> eius factis </item>
                     <item> de X solidis receptis de Bernardo, filio <foreign>Guillaut</foreign>
                        quondam de La Verneta<note> Aujourd’hui La Vernée, c<hi rend="sup">ne</hi>
                           de Saint-André-sur-Vieux-Jonc.</note>, quia verberaverat uxorem <lb/>
                        Iohannis <foreign>Albler</foreign> et quasdam alias mulieres </item>
                     <item> de X solidis receptis de Hugone de Cruce, tabernario, quia <lb/> dixerat
                           dicto<foreign> Barbaton</foreign> verba iniu¬riosa </item>
                     <item> de XXX solidis receptis de Guichardo de <foreign>Chanes</foreign> pro
                        <lb/> quadam saysina per eum fracta </item>
                     <item> de XX solidis receptis de Guichardo de
                           <foreign>Curtafont</foreign><note> Aujourd’hui Curtafond.</note> pro
                        quibusdam <lb/> iniuriis<note> in<lb/>iuriis</note> per eum et eius filium
                        factis </item>
                     <item> de XXX solidis receptis de Girerdo<note> Pour Girardo.</note>, filio
                           <foreign>Puycais</foreign> de Bello Monte, <lb/> quia male tractavit
                        filiam Bonini de <foreign>Estres</foreign></item>
                     <item> de XX solidis receptis de Martino Guersi <lb/> quia debebat solvere
                        leydam </item>
                     <item> de XV solidis receptis de Perraudo de <foreign>Poyllia</foreign> pro
                        pugna quam habuit <lb/> ipse et eius filius cum liberis Humberti Maynerii </item>
                     <item> de VI libris receptis de LX<hi rend="sup">a</hi> clamis trium
                        solidorum<lb/> et inferius per dictum tempus</item>
                  </list></p>
               <p><lb/>summa : XXXVIII libre V solidi fortium </p>
            </div>
            <div xml:id="escheyte">
               <head>escheyte</head>
               <p><lb/> idem reddit computum <list>
                     <item> de XXVI solidis VI denariis receptis de bonis Sale, defuncte sine herede </item>
                     <item> de X solidis VI denariis <lb/> receptis de bonis pedicisse<note> Pour
                           pediseque ou pedissece.</note> prioris de <foreign>Marbo</foreign><note>
                           Aujourd’hui Marboz. Il s’y trouvait un prieuré de l’abbaye Saint-Pierre
                           de Gigny (Jura).</note>, de¬functe sine herede </item>
                     <item> de VII solidis VI denariis receptis <sic>de <lb/> de</sic> quadam equa
                        quam ducebat quidam latro et non inveniebatur cui esset </item>
                     <item> de II solidis receptis de <lb/> quodam vitulo invento </item>
                     <item> de VII solidis VI denariis receptis de quodam roncino cuiusdam cursoris
                        qui decessit<note> deces<lb/>sit</note><lb/> ibidem</item>
                  </list></p>
               <p><lb/> summa : LIIII solidi fortium</p>
            </div>
            <milestone n="9" unit="vue"/>
            <pb n="8"/>
            <div xml:id="legate_et_introgia">
               <p><lb/><list>
                     <item> de legatis et introgiis nichil per dictum tempus </item>
                  </list></p>
            </div>
            <div xml:id="venditiones">
               <head>venditiones</head>
               <p><lb/> idem reddit computum <list>
                     <item> de XVIII solidis fortium receptis de sex quartallis<note> Les deux l
                           sont ici écrits en toutes lettres.</note> frumenti venditis ut supra,
                        quolibet quartallo vendito <lb/> tribus solidis fortium </item>
                     <item> de VI denariis for¬tium receptis pro duobus panibus venditis ut supra </item>
                     <item> de IIII libris XIIII solidis <lb/> X denariis receptis de quingentis una
                        gallinis venditis ut supra, vendita qualibet tribus denariis pari¬siensium </item>
                     <item> de V solidis receptis <lb/> de magistro Hugone pro herba prati sui
                        subtus Saysiria¬cum<note> Aujourd’hui Ceyzériat.</note> sibi pro tanto
                        adcensata dum placuerit dominon et <lb/> debet solvere in Nativitate Do¬mini </item>
                     <item> de V solidis receptis ab ipso pro eodem, de anno preterito solvendo in
                        Nativitate Domini <lb/></item>
                     <item> de XLII solidis VI denariis receptis de triginta quatuor libris cere
                        venditis ut supra, vendita qualibet libra quindecim <lb/> denariis
                        fortium</item>
                  </list></p>
               <p><lb/> summa : VIII libre V solidi X denarii fortium</p>
            </div>
            <div>
               <p><lb/> summa totius recepte : III<hi rend="sup">C</hi> XXV libre VII solidi XI
                  denarii podrigia fortium — valent, <lb/> ad viennenses scampsi, quolibet forti pro
                  duobus denariis viennensium : VI<hi rend="sup">C</hi> L libras XV solidos X
                  denarios obolum </p>
               <div xml:id="arreragium">
                  <head>arreragium</head>
                  <p><lb/> idem reddit computum <list>
                        <item> de VII<hi rend="sup">C</hi> XXXV libris X solidis VIII denariis
                           viennensium re¬ceptis a se ipso de remanentia sui computi
                           precedentis</item>
                     </list></p>
               </div>
               <div>
                  <p><lb/> summa totius recepte cum arreragio : XIII<hi rend="sup">C</hi> IIII<hi
                        rend="sup">XX</hi> VI libre VI solidi VI denarii <del rend="overstrike"
                        >vien-nensium</del> obolus viennensium</p>
               </div>
            </div>
         </div>
         <div xml:id="expense_et_librate">
            <p><lb/><list>
                  <item> de quibus idem libravit magistro Petro de Cellanova, clerico domini, ut per
                     confessio¬nem ipsius presentis : VII<hi rend="sup">XX</hi> VII libras <lb/>
                     viennensium, et de quibus ipse computavit </item>
                  <item> idem libravit Rodulpho de Livrone<note> Il s’agit peut-être du même Raoul
                        de Livron, issu d’une famille du pays de Gex, qui négocia en 1320 la
                        capitula¬tion de Genève au nom de l’évêque. Voir Duparc, Pierre, Le comté de
                        Genève, Genève, 1955, p. 262.</note>, clerico, pro quadraginta<note>
                        quadra<lb/>ginta</note><lb/> libris gebennensium in quibus dominus sibi
                     tenebatur, ut per litteram domini de debito et per litteram ipsius Rodulphi
                     <lb/> de recepta, sigillata sigillo <del rend="overstrike">officialis</del>
                     curie officialis Gebennensis, quas reddit : LX libras viennensium <lb/></item>
                  <item> idem libravit Guillermo de Rossellione<note> Aujourd’hui Rossillon.</note>,
                     castellani Montis Dide-rii<note> Aujourd’hui Montdidier, c<hi rend="sup"
                           >ne</hi> d’Aromas (Jura).</note>, per litteram domini de mandato et per
                     litteram <lb/> ipsius de recepta, quas reddit : X libras viennensium
                     <lb/></item>
                  <item> idem libravit sibi ipsi pro suis stipendiis et quatuordecim hominum quos
                     secum duxit cum armis in cavalcata facta in <lb/> Viennesio quando dominus
                     comes erat in Flandria, per litteram domini Amblardi et magistri Petri quam
                     reddit : LXIII libras viennen¬sium <lb/></item>
                  <item> idem libravit domine Bernarde, relicte domini Petri <foreign>de
                        Boent</foreign><note>Aujourd’hui Buenc, c<hi rend="sup">ne</hi> de
                        Hautecourt-Romanèche.</note>, pro uno molendino empto ab ea apud Montem
                     <lb/> Diderium, ut per litteram de recepta quam reddit : XXX libras viennensium
                     <lb/></item>
                  <item> idem libravit Guillermo de Rossellione, castellani Montis Di¬derii, pro
                     quibusdam operibus ibidem faciendis, ut per eius litteram de <lb/> recepta quam
                     red¬dit : C solidos <lb/></item>
                  <item> idem libravit in loerio duorum lathomorum per sex dies et in II <lb/>
                        pichis<note> Pour picis. Voir PIQUUS, Uncus, Gall. Crampon.</note>, ut per
                     eamdem litteram quam reddit : XXX solidos viennensium </item>
                  <item> idem libravit Hugonino <lb/> de Monte Diderio, pro octo libris cerre<note>
                        Pour cere. On a essayé de raturer ou d’effacer ce mot.</note> que debebantur
                     sibi pro scambio <foreign>Mont</foreign> Diderii, et tardavit
                        asseccumendum<note> asseccu<lb/>mendum. Pour assecuramentum ? Il n’est pas
                        exclu que le copiste ait corrompu un texte qu’il comprenait mal, et de ce
                        fait nous aussi.</note><lb/> per s[…]um<note> Nous avons échoué à lire ce
                        mot de façon satisfaisante.</note><foreign> </foreign>annum, ut per litteram
                     ipsius de recepta quam reddit : VIII libras viennensium </item>
                  <item> item pro <note> Il semble qu’ici un mot a été omis, plutôt
                        qu’effacé.</note><lb/> et una tina que erant apud Mon-tem Desiderium<note>
                        Pour Montem Diderium.</note>, emptis ab eodem, ut per eamdem litteram : L
                     solidos viennensium <lb/></item>
                  <item> idem libravit Guillermo de Rossellione, castellani Montis Diderii, pro
                     operibus dicti loci faciendis, ut per litteram ipsius de <lb/> recepta quam
                     reddit : LVI solidos VI denarios vien¬nensium </item>
                  <item> idem libravit in stipendiis trium clientum quos <lb/> tenuit apud Montem
                     Deside¬rium per XV dies, ut per litteram Guillermi de Rossellione de testimonio
                     redditam : <lb/> LVI solidos III denarios viennensium </item>
                  <item> idem libravit per manum Bartholomei de Baysion, Iohannis Tireni, pro <lb/>
                     decem clientibus custodientibus Pontem <del rend="overstrike"
                        >Nuh</del><foreign>Nu¬gun</foreign><note> Pour Pontem Hugonis ou Pont Hugon,
                        remplacé depuis par l’actuel Pont-d’Ain.</note>, ut per duo paria litterarum
                        donni<note> Pour dompni, Jean Fleury étant homme d’Église. Le mot est écrit
                        en toutes lettres trois lignes plus bas.</note> Iohannis Fluridi de <lb/>
                     testimonio et mandato quas<note> L’accord s’explique par le sens : quas
                        litteras.</note> reddit, in duabus libratis : XX libras viennensium </item>
                  <item> idem libravit, in quatuor <lb/> quintallis ferri et in duabus cordis ad
                     opus Pontem Hugonis, ut per duo paria litterarum dicti donni <lb/> Iohannis
                     Fluridi de testimonio et mandato quas reddit : VII libras VI denarios
                     viennen¬sium </item>
                  <item> idem libravit <lb/> donno Amici, capellano, de elemosina debita altari
                     Sancti Georgii pro ipsa capella deservienda <lb/> singulis annis in festo beati
                     Martini, ut per litteram ipsius capellani de recepta quam reddit : VII libras X
                        solidos<note> On avait d’abord écrit denarios, et le mot est
                     raturé.</note><lb/> viennensium </item>
                  <item> idem libravit Io¬hanni, preposito Ambroniaci, quos dominus dedit sibi in
                     feudum et percipiendos supra leydam <lb/> Burgi percipiendam singulis annis in
                     festo beati Michaelis, ut per litteram ipsius de recepta quam reddit : C
                     solidos <lb/></item>
                  <item> idem libravit liberis domini Humberti de Coterello<note> Nous n’avons pu
                        identifier cette seigneurie.</note>, quos<note> On attendrait quas,
                        puisqu’il s’agir de livres. </note> singulis annis percipit supra macellum
                     Burgi in Nativitate <lb/> Domini, per litteram de recepta quam reddit : IIII
                     libras viennensium </item>
                  <item> idem libravit Girerdo<note> Pour Girardo.</note> de Cuyseria<note>
                        Aujourd’hui Cuisery (Saône-et-Loire).</note> pro <lb/> roba domini aportanda
                     de Burgo apud Ambroniacum : V solidos viennensium </item>
                  <item> item allocantur sibi pro <lb/> suo salario unius anni et unius mensis :
                     XXXII libre X solidi viennen¬sium </item>
                  <item> item in stipendiis nunciorum <lb/> euntium pro negotiis domini per dictum
                     tempus : IIII libre XIIII solidi VI denarii viennensium </item>
                  <item> item allocantur <lb/> sibi pro parte sua capientis duodecim denarios in
                     qualibet libra bannorum : LXIIII solidos viennensium</item>
               </list></p>
            <p><lb/> summa librate : IIII<hi rend="sup">C</hi> XVI libre XVI solidi IX denarii
               viennensium</p>
         </div>
         <div xml:id="bilan">
            <p>et <lb/> sic debet : IX<hi rend="sup">C</hi> LXIX libras IX solidos IX denarios
               obolum viennensium</p>
            <p>de quibus deducuntur <lb/> VI<hi rend="sup">XX</hi> XIX libre IX solidi II denarii
               pro stipendiis plurium homi¬num cum armis quos habuit in cavalcata Viennesii et in
                  cavalcata<note> caval<lb/>cata</note><lb/> versus Lagniacum<note> Aujourd’hui
                  Lagnieu.</note>, et plurium hominum quos tenuit secum cum armis apud Burgom<note>
                  Lire Burgum.</note> in Breissia quia <lb/> dicebatur quod dalphinus debebat
               equitare per Breissiam, et quorumdam quos tenuit ad Pontem Hu¬gonis per <del
                  rend="overstrike">lit</del><lb/> plures dies ad custodiendum archam pontis, <add
                  place="interlinear">et allocantur</add> de mandato domini archiepiscopi
                  Tarentasiensis<note> Bertrand de Bertrand.</note>, domini Humberti <lb/> de
                  Luyriaco<note> Aujourd’hui Luyrieu, c<hi rend="sup">ne</hi> de Béon.</note>,
               domini Hugonis de Rupecula<note> Aujourd’hui La Rochette (Savoie).</note>, magistri
               Petri, phisici, quia remanserant cuputande<note> Lire computande.</note><lb/> nec
               voluerunt magistri quod computarentur in computo precedenti <lb/><list>
                  <item> item libravit Iohanni <foreign>Bel</foreign>, in solutione debiti octies
                     centum librarum viennensium <lb/> in quibus dominus sibi tenebatur, et debet
                     reddere litteram dicti Iohannis Belli de recepta, et super hoc dedit <lb/>
                     fideiussorem dominum Humbertum de Luyriaco et dominum Hugonem de Rupecula,
                     infra quindecim dies reddendam : <lb/> XI<hi rend="sup">XX</hi> X libras
                     viennensium </item>
                  <item> item allo¬cantur sibi, quas solvit et solvere debet si id plenum non
                     solverit Iacobo <lb/> Malaballi, caor¬sino de Burgo, in quibus dominus comes
                     sibi tenebatur, et debet et promisit reddere litte¬ram debiti <lb/> quam dictus
                     caorsinus super hoc habet a domino : II<hi rend="sup">C</hi> XXXV libras
                     viennensium</item>
               </list></p>
            <p><list>
                  <item> et sic debet <lb/> dominus Petrus : III<hi rend="sup">C</hi> LXV libras VII
                     denarios obolum viennensium</item>
               </list></p>
         </div>
      </body>
   </text>
</TEI>
