<?xml version="1.0" encoding="UTF-8"?>
<?xml-model href="http://www.tei-c.org/release/xml/tei/custom/schema/relaxng/tei_all.rng" schematypens="http://relaxng.org/ns/structure/1.0"?>
<TEI xmlns:math="http://www.w3.org/1998/Math/MathML" xmlns="http://www.tei-c.org/ns/1.0"
    xmlns:xi="http://www.w3.org/2001/XInclude" xmlns:svg="http://www.w3.org/2000/svg"
    xml:id="B7082_1">
    <teiHeader>
        <fileDesc>
            <titleStmt>
                <title>Compte de Pierre de Châtillon (Petrus de Castellione), bailli de la Terre de
                    Bâgé et de Coligny, châtelain de Bourg-en-Bresse, pour la châtellenie de
                    Bourg-en-Bresse du dimanche 21 août 1289 au dimanche 1er avril 1291 (nouveau
                    style) <date type="debut" from-iso="12890821" cert="high"/><date type="fin"
                        from-iso="12910401" cert="high"/></title>
                <respStmt>
                    <persName><name xml:lang="fra">Pierre de Châtillon</name><name xml:lang="lat"
                            >Petrus de Castellione</name></persName>
                    <resp>Châtelain</resp>
                </respStmt>
            </titleStmt>
            <publicationStmt>
                <p>Christian Guilleré, Frédéric Chartrain et Alain Kersuzan, avec la collaboration de Nils Mantilleri, Jean-Michel Poisson, et Marianne Ronot, 
                    <title>Compte de Pierre de Châtillon (<hi rend="italics">Petrus de Castellione</hi>), bailli de la Terre de
                        Bâgé et de Coligny, châtelain de Bourg-en-Bresse, pour la châtellenie de
                        Bourg-en-Bresse du dimanche 21 août 1289 au dimanche 1er avril 1291 (nouveau
                        style)</title>,
                    Lyon - Chambéry, 2011 (<title>Documents comptables des Etats de Savoie, XIIIe - XVe s.</title>)</p>
            </publicationStmt>
            <seriesStmt>
                <title>Bourg-en-Bresse</title>
            </seriesStmt>
            <sourceDesc>
                <p>Information about the source</p>
            </sourceDesc>
        </fileDesc>
    </teiHeader>
    <text>
        <body>
            <milestone n="2" unit="vue"/>
            <pb n="1"/>
            <div xml:id="prologue">
                <p><lb/><note> La peau a été numérotée <hi rend="italics">1</hi> par le crayon d’un
                        archiviste moderne.</note><note> Le compte a été numéroté <hi rend="italics"
                            >IIII</hi> à l’époque de la confection du rouleau.</note> Conputus<note>
                        On écrit régulièrement ici <hi rend="italics">conputus</hi>, <hi
                            rend="italics">conputat</hi>, pour <hi rend="italics">computus</hi>, <hi
                            rend="italics">computat</hi>. On écrit toutefois également <hi
                            rend="italics">tempus</hi> ou <hi rend="italics">tempesta</hi>. Par
                        défaut, on transcrira donc aussi <hi rend="italics"
                        >assumptionem</hi>.</note> domini Petri de Castellione ballivi terre
                    Baugiaci et Cologniaci et castellani de Burgo in <lb/> Breyssia a die dominica
                    post assunptionem<note> On lit ici <hi rend="italics">assumpcionem</hi>, <hi
                            rend="italics">Laurencii</hi>, <hi rend="italics">Laurencio</hi>, <hi
                            rend="italics">Laurencie</hi>, <hi rend="italics">capiencium</hi>, <hi
                            rend="italics">negociis</hi>, <hi rend="italics">associancium</hi>, <hi
                            rend="italics">Trefforcii</hi>, <hi rend="italics">porcione</hi>, que
                        l’on transcrit – selon la convention d’édition prescrivant l’usage général
                        de la graphie classique – <hi rend="italics">assumptionem</hi>, <hi
                            rend="italics">Laurentii</hi>, <hi rend="italics">Laurentio</hi>, <hi
                            rend="italics">Laurentie</hi>, <hi rend="italics">capientium</hi>, <hi
                            rend="italics">negotiis</hi>, <hi rend="italics">associantium</hi>, <hi
                            rend="italics">Treffortii</hi>, <hi rend="italics">portione</hi>.</note>
                    beate Marie anno Domini M<hi rend="sup">o</hi> CC<hi rend="sup">o</hi>
                    octuagesimo nono usque ad eamdem diem anno <lb/> revoluto et ex tunc usque ad
                    diem dominicam primam diem mensis aprilis anno nonagesimo videlicet de uno anno
                        integro<note type="césure"><hi rend="italics">inte<lb/>gro</hi></note><lb/>
                    septem mensibus et duodecim diebus </p>
            </div>
            <div xml:id="recepte">
                <div xml:id="banna">
                    <head>banna</head>
                    <p><lb/> idem reddit conputum <list>
                            <item> de XL solidis fortium receptis de dicto
                                    <foreign>Guillion</foreign> quia percuserat<note> On lira de
                                    même plus loin <hi rend="italics">percusit</hi>, mais aussi <hi
                                        rend="italics">percusserat</hi>.</note> uxorem suam de
                                lapide </item>
                            <item> de V solidis receptis de Stephano de
                                <foreign>Rusticz</foreign><lb/> quia sue bestie pratum alienum<note>
                                    On a omis le verbe de cette subordonnée, mais le sens n’en est
                                    guère affecté.</note></item>
                            <item> de XXV solidis receptis de clerico de <foreign>Perona</foreign>
                                quia fregerat saysinam ballivi </item>
                            <item> de VII solidis VI denariis receptis de <lb/> Ponceto de
                                    <foreign>Curtabam</foreign> quia percuserat quamdam mulierem de
                                pede </item>
                            <item> de XX solidis receptis de Hugone de Foresta quia fregerat
                                saysinam </item>
                            <item><lb/> de XV solidis receptis de fabro de Sancto Andrea quia
                                    obtruxerat<note> On écrit toujours ici <hi rend="italics"
                                        >obtrux-</hi> pour <hi rend="italics">obstrux-</hi>.</note>
                                stratam publicam </item>
                            <item> de XXV solidis receptis de Guichardo de Pasquerio <lb/> quia
                                ceperat trabem alienam </item>
                            <item> de XXV solidis receptis de <unclear>Cl[erar]do</unclear><note> Le
                                    nom est raturé.</note> de <foreign>Monceuz</foreign> quia
                                dicebatur consensisse mortem Laurentii Scissoris </item>
                            <item><lb/> de XX solidis receptis de <foreign>Chaveyria</foreign> pro
                                eodem </item>
                            <item> de XX solidis receptis de Peronino <foreign>Geneveys</foreign>
                                pro eodem </item>
                            <item> de XX solidis receptis de Guillermeto
                                    <lb/><foreign>Peschet</foreign><note type="césure"><hi
                                        rend="italics">pes<lb/>chet</hi></note> quia invenerat unam
                                peciam panni in itinere et celavit </item>
                            <item> de XXXV solidis receptis de Cristineto <foreign>del
                                    Rost</foreign> quia furatus fuerat <lb/> vinum vicini sui </item>
                            <item> de XX solidis receptis de Humberto de <foreign>Cortabam</foreign>
                                quia obtruxerat iter </item>
                            <item> de X solidis receptis de medico pro pena non <lb/> observata </item>
                            <item> de XX solidis receptis de Guidone de <foreign>Sellion</foreign>
                                pro quodam homine qui deportaverat leydam </item>
                            <item> de VII solidis VI denariis receptis de quodam <lb/> homine
                                prepositi de <foreign>Buella</foreign> pro pena non observata </item>
                            <item> de XXV solidis receptis de Berteto de Foresta quia foderat iter
                                publicum </item>
                            <item> de XXV solidis <lb/> receptis de Petro <foreign>Baruta</foreign>
                                quia percuserat quamdam mulierem </item>
                            <item> de XV solidis receptis de Gerardono quia fecerat fossatum in
                                itinere </item>
                            <item> de <lb/> VII solidis VI denariis receptis de filio Guillermi de
                                    <foreign>Montmor</foreign> quia venabatur in foresta domini </item>
                            <item> de XXV solidis receptis de grollerio fratre
                                    <foreign>Guillion</foreign><lb/> quia fregerat hostium domus
                                aliene de nocte </item>
                            <item> de VII solidis VI denariis receptis de Morello de Ponte quia
                                percusit quemdam de pede </item>
                            <item> de V solidis <lb/> receptis de <foreign>Grivel</foreign> pro
                                banno cavalcate </item>
                            <item> de II solidis VI denariis receptis de Iohanne de
                                    <foreign>Vergon</foreign> pro eodem </item>
                            <item> de III solidis VI denariis receptis de Stephano
                                    <foreign>Guichon</foreign> pro eodem </item>
                            <item><lb/> de II solidis VI denariis receptis de Cauda Nigra pro eodem </item>
                            <item> de XV solidis receptis de Iohanne de <foreign>Meydia</foreign>
                                pro eodem </item>
                            <item> de X solidis receptis de <foreign>La Valeri</foreign> pro eodem </item>
                            <item><lb/> de X solidis receptis de Bartholomeo de
                                    <foreign>Rossetes</foreign> quia venabatur in nemore domini </item>
                            <item> de VII solidis VI denariis receptis de Guichardo de
                                    <foreign>Molari</foreign> pro eodem </item>
                            <item><lb/> de VII solidis VI denariis receptis de Iohanni
                                    Chalvini<note> On avait d’abord écrit <hi rend="italics"
                                        >Chalvi</hi>.</note> quia fregerat hostrium cuiusdam
                                mulieris </item>
                            <item> de X solidis receptis de Stephano circulario quia deportavit
                                bladum <lb/> sine pondere </item>
                            <item> de VII solidis VI denariis receptis de Martino
                                    <foreign>Chavaler</foreign> quia fregerat saysinam </item>
                            <item> de X solidis receptis de <foreign>Bertru de Pugia</foreign> pro
                                eodem </item>
                            <item><lb/> de VII solidis VI denariis receptis de <foreign>La
                                    Barneta</foreign> quia occupaverat terram alienam </item>
                            <item> de XX solidis receptis de Stephano <foreign>Marer</foreign> pro
                                banno sancguinis<note> On écrit toujours ici <hi rend="italics"
                                        >sancguis</hi> pour <hi rend="italics"
                                >sanguis</hi>.</note></item>
                            <item> de <lb/> XXV solidis receptis de Iohanne
                                    <foreign>Aguayron</foreign> quia fregerat saysinam </item>
                            <item> de XXXV solidis receptis de Richerio de <foreign>La Saleta<note>
                                        La rature rendrait la lecture incertaine si le nom n’était
                                        attesté dans les comptes précédents.</note></foreign> quia
                                furatus fuerat pisces </item>
                            <item><lb/> de XL solidis receptis de Hugone <foreign>Durandat</foreign>
                                et Rufo <foreign>Cropant</foreign> pro banno furti </item>
                            <item> de X solidis receptis de donno Giroudo de <foreign>Cra</foreign>
                                quia verberaverat <lb/> quemdam garcionem </item>
                            <item> de V solidis receptis de Stephano de <foreign>Rispes</foreign>
                                pro banno adulterii </item>
                            <item> de XX solidis receptis de medico pro eodem </item>
                            <item> de XXXV solidis receptis <lb/> de Stephano de
                                    <foreign>Condona</foreign> pro furto piscium </item>
                            <item> de XX solidis receptis de Guillermo <foreign>Avallon</foreign>
                                quia fregerat saysinam </item>
                            <item> de V solidis receptis de garcione <lb/> magistri Richardi quia
                                percusserat quemdam alium </item>
                            <item> de VII solidis VI denariis receptis de Gerarda <foreign>del
                                    Rost</foreign> quia obtruxerat iter </item>
                            <item> de V solidis <lb/> receptis de Colino de Villa Nova pro eodem </item>
                            <item> de VII solidis VI denariis receptis de filio Mariete
                                    Molendini<note> On rencontre plus couramment dans les comptes
                                    précédents <hi rend="italics">de Molendino</hi>.</note> pro
                                eodem </item>
                            <item> de VII solidis VI denariis receptis de filio <lb/> Bernardi de
                                    <foreign>Meri</foreign> pro eodem </item>
                            <item> de XLV solidis receptis de Peroneto <foreign>Salamon</foreign>
                                quia fregerat hostium cuiusdam mulieris de nocte </item>
                            <item> de <lb/> XII solidis VI denariis receptis de Hugone de
                                    <foreign>Pelachat</foreign> quia obtruxerat viam publicam </item>
                            <item> de X solidis receptis de Humberto Nigro pro eodem </item>
                            <item> de <lb/> XXV solidis receptis de Guidone et Gilio et
                                    <foreign>Eschabont</foreign> et Rege de
                                    <foreign>Chassaney</foreign> pro eodem </item>
                            <item> de IIII solidis receptis de Bernardo fornerio pro banno <lb/>
                                cavalcate </item>
                            <item> de III solidis receptis de Stephano de <foreign>Meri</foreign>
                                pro eodem </item>
                            <item> de II solidis VI denariis receptis de <foreign>Peca Deu</foreign>
                                pro eodem </item>
                            <item> de XXV solidis receptis de Stephano
                                <foreign>Egarat</foreign><lb/> quia obtruerat viam publicam </item>
                            <item> de VII solidis VI denariis receptis de
                                    <foreign>Guillion</foreign> quia percusit quemdam de pede </item>
                            <item> de XX solidis receptis de quodam homine <lb/> Peroneti
                                    <foreign>Chena</foreign> quia obtruxerat viam </item>
                            <item> de V solidis receptis de Stephano de Rispis pro banno adulterii </item>
                            <item> de XV solidis receptis de Iohanne <foreign>Pasqualet</foreign>
                                quia fregerat <lb/> saysinam </item>
                            <item> de XII solidis VI denariis receptis de Martino
                                    <foreign>Chevalier</foreign> pro eodem </item>
                            <item> de IX libris receptis de <foreign>Guillon</foreign> pro banno
                                furti </item>
                            <item> de XXV solidis receptis <lb/> de fratre capellani de <foreign>La
                                    Revoyri</foreign> quia fecerat fossatum in via </item>
                            <item> de X solidis receptis de Aymone de Cleitis quia dicebat de porco
                                sano quod erat <lb/> infirmus </item>
                            <item> de LX solidis receptis de Achardo de <foreign>Cimandres</foreign>
                                quia destruxerat viam </item>
                            <item> de XXV solidis receptis de clerico de <foreign>Becerel</foreign>
                                pro banno <lb/> sancguinis<note type="césure"><hi rend="italics"
                                        >sanc<lb/>guinis</hi></note></item>
                            <item> de L solidis receptis de filio Petri de Foresta pro banno
                                adulterii </item>
                            <item> de X solidis receptis de medico pro pena non observata </item>
                            <item><lb/> de IIII libris receptis de Mikaele<note> Pour <hi
                                        rend="italics">Michaele</hi>.</note> de
                                    <foreign>Bordes</foreign> pro banno quia deportaverat leydam </item>
                            <item> de VII solidis VI denariis receptis de Rufo Candelarii pro banno
                                    cavalcate<note type="césure"><hi rend="italics"
                                        >cavalca<lb/>te</hi></note></item>
                            <item><lb/> de III solidis receptis de uxore magistri Richardi quia
                                percusit quamdam <sic>nulierem</sic><note> Lire <hi rend="italics"
                                        >mulierem</hi>.</note></item>
                            <item> de VII solidis VI denariis receptis de Guillermo
                                    <foreign>Pechet</foreign> pro falsa<note type="césure"><hi
                                        rend="italics">fal<lb/>sa</hi></note><lb/> mensura bladi </item>
                            <item> de X solidis receptis de filio <foreign>Sachet</foreign> pro
                                verbis iniuriosis </item>
                            <item> de X solidis receptis de quodam homine domini Iarenti de
                                    Masorna<note type="césure"><hi rend="italics"
                                    >masor<lb/>na</hi></note><lb/> quia ausus fuit cognoscere
                                mulierem invitam<note> On écrit distinctement ici <hi rend="italics"
                                        >in vitam, in ventis, in ceptum</hi>, pour <hi
                                        rend="italics">invitam, inventis,
                                inceptum</hi>.</note></item>
                            <item> de V solidis receptis de <foreign>Rebufel</foreign> quia fecit
                                cuidam sancguinem volagium </item>
                        </list></p>
                    <div type="sub">
                        <head>clame</head>
                        <p><lb/> idem reddit conputum <list>
                                <item> de LXIII solidis receptis de viginti sex clamis per dictum
                                    tempus de quo conputat </item>
                            </list></p>
                    </div>
                    <div>
                        <p><list>
                                <item><lb/> summa : LXXIIII lb. XIIII s. fort. </item>
                            </list></p>
                    </div>
                </div>
                <div xml:id="introgia">
                    <head>intragia</head>
                    <p><lb/> idem reddit conputum <list>
                            <item> de X solidis receptis de Guillermo <foreign>Buaton</foreign> et
                                fratre suo pro intragio in garda domini </item>
                            <item> de V solidis receptis de Guidone de <foreign>Chanal</foreign> pro
                                terra sibi albergata <lb/> in parochia de <foreign>Vadens</foreign>
                                ad tres solidos viennensium per annum quam solebat tenere
                                    <foreign>Pevrers</foreign></item>
                            <item> de V solidis receptis de Laurentio et Iohanne de
                                    Arbergimento<note> On paraît avoir hésité entre <hi
                                        rend="italics">arberchimento</hi> et <hi rend="italics"
                                        >arbergimento</hi>, et la syllabe centrale en est restée
                                    assez confuse.</note><lb/> pro intragio in garda domini </item>
                            <item> de V solidis receptis de Guillermo terralliono pro intragio prati
                                de <foreign>Monceuz</foreign> sibi traditi pro tallia </item>
                            <item> de V solidis <lb/> receptis de filio Laurentie de
                                    <foreign>Cortablin</foreign> pro intragio in garda domini </item>
                            <item> de V solidis receptis de Iohanne <foreign>Bover</foreign> pro
                                eodem </item>
                            <item> de IIII solidis receptis de exitu prati <lb/> de
                                    <foreign>Monceuz</foreign> dicto <foreign>Terrallion</foreign>
                                albergati </item>
                            <item> summa : XXXIX s. fort. </item>
                        </list></p>
                </div>
                <div xml:id="forinseca">
                    <head>forisseca</head>
                    <p><lb/> idem reddit conputum <list>
                            <item> de XXV libris viennensium receptis de Stephano ciculario pro
                                codris et <foreign>bierz</foreign> sibi venditis ad faciendum
                                circulos in nemore Sancti <lb/> Stephani <foreign>Lo
                                    Boschous</foreign> per unum annum </item>
                            <item> summa : XII lb. X s. fort. </item>
                        </list></p>
                </div>
                <div xml:id="redditus">
                    <head>redditus</head>
                    <p><lb/> idem reddit conputum <list>
                            <item> de V solidis receptis de hominibus de
                                    <foreign>Grangia</foreign><note> On attendrait <hi
                                        rend="italics">Crangia</hi>, pour <hi rend="italics"
                                        >Crangiaco</hi>.</note> ultra centum solidos viennensium
                                quos ibi percipit Amedeus de <foreign>Marbo</foreign> pro cambio
                                sibi facto <lb/> per comitem Philipum </item>
                        </list></p>
                </div>
                <div xml:id="inventa_et_perquisita">
                    <head>inventa et perquisita<note type="césure"><hi rend="italics">inventa et
                                <lb/> perquisita</hi></note></head>
                    <p><list>
                            <item> de III<note> La somme paraît avoir été corrigée après effacement
                                    d’une rédaction antérieure.</note> solidis receptis de tribus
                                porcis inventis per dictum tempus </item>
                            <item> de V solidis receptis de quodam homine de <foreign>Lent</foreign>
                                quia <lb/> scinderat<note type="césure"><hi rend="italics"
                                        >scin<lb/>derat</hi></note> in nemore domini </item>
                            <item> de XX solidis receptis de firma octo quadrigarum capientium nemus
                                mortuum in nemore <foreign>del Says</foreign> per tres menses<note
                                    type="césure"><hi rend="italics">men<lb/>ses</hi></note></item>
                            <item><lb/> de XX solidis receptis de Petro Mercerii et Andrea Roberti
                                pro eo quod evitaverunt pedagium Burgi per concordiam factam cum
                                ipsis </item>
                            <item> de X solidis receptis de Petro <lb/> lathomo quia inculpabatur
                                    <add place="interlinear">de preda</add> de
                                    <foreign>tyrant</foreign></item>
                            <item> de V solidis receptis de Petro <foreign>Boschous</foreign> quia
                                evitavit pedagium de Burgo</item>
                            <item><lb/> summa : LXVIII s. fort.</item>
                        </list></p>
                </div>
                <div xml:id="bilan_recepte">
                    <p><list>
                            <item><lb/> summa totius recepte : IIII<hi rend="sup">XX</hi> XII lb. XI
                                s. fort.</item>
                        </list></p>
                </div>
            </div>
            <div xml:id="expense_et_librate">
                <p><list>
                        <item> de quibus <lb/> in stipendiis plurium nunciorum missorum pro negotiis
                            domini per dictum tempus : X libras XIX solidos II denarios viennensium </item>
                        <item> item in stipendiis exploratorum<note type="césure"><hi rend="italics"
                                    >explora<lb/>torum</hi></note><lb/> per idem tempus : LIX
                            solidos </item>
                        <item> item pro mingellia Iaqueti Tempesta apud Sanctum Saturninum<note> On
                                paraît avoir d’abord écrit <hi rend="italics">Sancti
                                Saturni</hi>.</note> antequam posset haberi et fuit suspensus <lb/>
                            et pro ipso adducendo : CIIII solidos </item>
                        <item> in stipendiis sex viginti undecim hominum cum armis quos tenuit apud
                            Ambroniacum quasi per unam <lb/> diem per dictum tempus ut in particulis
                            : XIX libras XVI solidos III denarios viennensium </item>
                        <item> in stipendiis octo clientum quos tenuit apud Ambroniacum <lb/> per
                            tresdecim dies finitos die mercurii post nativitatem beate Marie anno
                            octuagesimo nono : VII libras XVI solidos </item>
                        <item> in stipendiis trium <lb/> clientum quos tenuit apud Ambroniacum per
                            unum mensem inceptum die lune ante festum beati Iohannis baptiste anno
                            nonagesimo : CXII solidos </item>
                        <item><lb/> in stipendiis quatuordecim hominum cum armis
                                <sic>associatium</sic><note> Lire <hi rend="italics"
                                    >associantium</hi>.</note> dominum Iohannem Floridi ducentem
                            pecuniam ducis : LXXVIII solidos III denarios </item>
                        <item><lb/> in uno bove dato merceriis primo foro Sancti Andree facto et
                            preconizato de novo : IIII libras XVII solidos </item>
                        <item> item libravit pro tentoriis <lb/> domini adducendis de Antone usque
                            apud Burgum et pro <sic>arnesii</sic><note> Lire <hi rend="italics"
                                    >arnesiis</hi>. En fait, la préposition paraît un ajout, après
                                lequel on aura omis de rectifier cette terminaison.</note> domini
                            ducendis versus Bisuntinum per manum Thome <sic>Anglisci</sic><note>
                                Lire <hi rend="italics">Anglici</hi>.</note> ut <lb/> per litteram
                            domine comitisse : C solidos </item>
                        <item> item libravit ad expensas domine comitisse per manum Andree de
                            Voyrone ut per litteram <lb/> domine comitisse datam die iovis post
                            festum beati Mathie apostoli anno nonagesimo<note> Le jeudi 2 mars 1291
                                (nouveau style).</note> : VI libras viennensium </item>
                        <item> item in expensis <foreign>Chatellay</foreign><note type="césure"><hi
                                    rend="italics">chatel<lb/>lay</hi></note><lb/> ducentis versus
                                <foreign>Channas</foreign> sex carratas palmites<note> On paraît
                                employer ici le nominatif en apposition pour exprimer un contenu :
                                    <hi rend="italics">sex carratas palmites</hi> et non <hi
                                    rend="italics">sex carratas palmitum</hi>.</note> vinearum : LVI
                            solidos </item>
                        <item> in expensis dicti ballivi euntis <lb/> apud Lugdunum ad diem
                            collectam cum gentibus domini Belliioci ibidem coram abbate
                            Savigniacensi et domino Nicholao de <lb/> Billens et suorum sociorum die
                            martis, die mercurii et die iovis post festum beati Gregorii anno
                                nonagesimo<note> Du 13 au 15 mars 1291 (nouveau style).</note> : LV
                            solidos </item>
                        <item><lb/> item libravit Roberto de Monteforti pro Iohanne de <foreign>La
                                Bolomeri</foreign> et Gauterio <foreign>Paget</foreign> hominibus
                            suis talliabilibus venditis domino cum <lb/> manso seu mansura de
                                <foreign>La Bolomeri</foreign> sitis<note> Ce participe, écrit en
                                toutes lettres, détermine apparemment <hi rend="italics"
                                    >hominibus</hi> et non <hi rend="italics">manso seu
                                mansura</hi>. De même, on lira dans la phrase suivante <hi
                                    rend="italics">erant de feodo domini</hi>. À l’inverse, <hi
                                    rend="italics">valebit</hi> renverra à <hi rend="italics">manso
                                    seu mansura</hi>.</note> in parrochia de
                                <foreign>Cormangon</foreign><note> Aujourd’hui Courmangoux, mais le
                                    <hi rend="italics">n</hi> final est ici bien distinct d’un <hi
                                    rend="italics">u</hi>.</note> iuxta terras de Colliona et erant
                            de feodo domini comitis <lb/> tempore venditionis et valebit per annum
                            ut dicitur quatuor libras viennensium et debet litteram de empto : XXVI
                            libras viennensium </item>
                        <item> item in <lb/> locagio unius quadrige portantis pisces stangni Burgi
                            apud Baugiacum domine comitisse : IX solidos </item>
                        <item> in expensis roncini <foreign>Buchet</foreign><lb/> quem habuit
                            dominus per quadraginta duos dies : XXXV solidos </item>
                        <item> in stipendiis octo clientum quos tenuit in castro Treffortii quando
                            <lb/> clausura fuit <sic>diructa</sic><note> Lire <hi rend="italics"
                                    >dirupta</hi> ou <hi rend="italics">destructa</hi>.</note> a
                            parte vinearum per undecim dies inceptos die veneris ante festum omnium
                            sanctorum anno nonagesimo : <lb/> CXVII solidos IIII denarios </item>
                        <item> item quas libravit Hugoni Lyobardi pro suo salario Ambroniaci ut per
                            eius litteram de recepta et de mandato domini <lb/> facto
                                <sic>horetenus</sic><note> Lire <hi rend="italics"
                                >oretenus</hi>.</note> in ecclesia beate Marie apud Burgum : XXV
                            libras viennensium </item>
                        <item> item allocantur ei pro suo salario unius anni finiti die dominica
                            <lb/> post assumptionem beate Marie anno nonagesimo per
                                <sic>convenctionem</sic><note> Lire <hi rend="italics"
                                    >conventionem</hi>.</note> factam cum eo ut per litteram domini
                            : C libras viennensium </item>
                        <item> item pro portione quam percipit <lb/> in bannis videlicet in qualibet
                            libra duos solidos ut per eamdem litteram scilicet de bannis supradictis
                            : XIIII libras XVIII solidos viennensium</item>
                        <item><lb/> summa expense et salarii<note> Comme les deux dernières lignes
                                du parchemin dans leur ensemble, ce total a été ajouté par une main
                                qui paraît identique à celle qui a écrit le début du compte suivant.
                                Elle est bien distincte en tout cas de celle qui a rédigé le reste
                                du présent compte. Celle-ci avait d’ailleurs déjà noté, dans la
                                marge gauche, <hi rend="italics">summa : II<hi rend="sup">C</hi> LI
                                    lb. XII s</hi>.</note> : CCLI lb. XII s. vien. — valent : VI<hi
                                rend="sup">XX</hi> V lb. <lb/> XVI s. fort. </item>
                    </list></p>
            </div>
            <div xml:id="bilan">
                <p><list>
                        <item> et sic debentur ei : XXXIII libre V solidi fortium</item>
                    </list></p>
            </div>
        </body>
    </text>
</TEI>
