<?xml version="1.0" encoding="UTF-8"?>
<?xml-model href="http://www.tei-c.org/release/xml/tei/custom/schema/relaxng/tei_all.rng" type="application/xml" schematypens="http://relaxng.org/ns/structure/1.0"?><?xml-model href="http://www.tei-c.org/release/xml/tei/custom/schema/relaxng/tei_all.rng" type="application/xml"
	schematypens="http://purl.oclc.org/dsdl/schematron"?>
<TEI xmlns="http://www.tei-c.org/ns/1.0" xml:id="B7086_1">
   <teiHeader>
      <fileDesc>
         <titleStmt>
            <title>Compte de Pierre de Châtillon <hi rend="italics">(dominus Petrus de
                  Castellyone)</hi>, bailli de la Terre de Bâgé et de Coligny, et châtelain de
               Bourg-en-Bressse <hi rend="italics">(baylivi terre Baugiaci et Coloyniaum et
                  castellani de Burgo / in Bressia)</hi>, , pour la châtellenie de Bourg-en-Bresse,
               du dimanche 5 mai 1297 au vendredi 6 juin 1298 <date type="debut" from-iso="12970505"
                  cert="high"/><date type="fin" from-iso="12980606" cert="high"/></title>
            <respStmt>
               <persName><name xml:lang="fra">Pierre de Châtillon</name><name xml:lang="lat">Petrus
                     de Castellione</name></persName>
               <resp>Châtelain</resp>
            </respStmt>
         </titleStmt>
         <publicationStmt>
            <p>Christian Guilleré, Frédéric Chartrain et Alain Kersuzan, avec la collaboration de Nils Mantilleri, Jean-Michel Poisson, et Marianne Ronot, 
               <title>Compte de Pierre de Châtillon <hi rend="italics">(dominus Petrus de
                  Castellyone)</hi>, bailli de la Terre de Bâgé et de Coligny et châtelain de
                  Bourg-en-Bressse, pour la châtellenie de Bourg-en-Bresse,
                  du dimanche 5 mai 1297 au vendredi 6 juin 1298</title>,
               Lyon - Chambéry, 2013 (<title>Documents comptables des Etats de Savoie, XIIIe - XVe s.</title>)</p>
         </publicationStmt>
         <seriesStmt>
            <title>Bourg-en-Bresse</title>
         </seriesStmt>
         <sourceDesc>
            <p>Information about the source</p>
         </sourceDesc>
      </fileDesc>
   </teiHeader>
   <text>
      <body>
         <milestone n="2" unit="vue"/>
         <pb n="1"/>
         <div xml:id="prologue">
            <p><lb/> Computus domini Petri de Castellyone, baylivi terre Baugiaci et
                  Coloyniaum<note> On attendrait <hi rend="italics">Cologniaci</hi>.</note> et
               castellani de Burgo <lb/> in Bressia, de redditibus et exitibus dicte castella¬nie, a
               quinta die mensi maii, anno Domini M<hi rend="sup">o</hi> CC<hi rend="sup">o</hi>
               nonagesimo <lb/> septimo usque ad festum sancti Glaudii<note> Pour <hi rend="italics"
                     >Claudii</hi>.</note>, <add place="interlinear">quod fuit VI<hi rend="sup"
                     >ta</hi> die</add> mensis iunii, anno nonage¬simo octavo, receptus apud
               Chamberiacum <lb/> per Rossetum, presente magistro Petro<note> Le trésorier Pierre de
                  Celleneuve est connu depuis les travaux classiques de Luigi Cibrario.</note></p>
         </div>
         <div xml:id="recepte">
            <div xml:id="frumentum">
               <head>frumentum</head>
               <p><lb/> idem reddit computum <list>
                     <item> de V sestariis II quartallis IIII cupis<note> Ce mot est ainsi écrit en
                           toutes lettres dans la recette d’orge qui suit.</note> frumenti receptis
                        in dicta castellania de redditu <lb/> per annum ut in computo
                        precedentis</item>
                  </list></p>
               <div type="sub">
                  <head>arreragium</head>
                  <p><list>
                        <item> de V sestariis II quartallis IIII cupis receptis de remanentia sui
                           computi <lb/> precedentis</item>
                     </list></p>
               </div>
               <div>
                  <p><lb/> summa : XII sestarios<note> Comme on le verra dans la <hi rend="italics"
                           >summa totius recepte</hi>, où est écrit <hi rend="italics">pictam</hi>,
                        on utilise ici l’accusatif pour les totaux, sous-entendant un verbe comme
                           <hi rend="italics">recepit</hi> ou <hi rend="italics"
                        >libravit</hi>.</note> VIII cupas frumenti</p>
               </div>
            </div>
            <div xml:id="siligo">
               <head>siligo</head>
               <p><lb/> idem reddit computum <list>
                     <item> de XVII sestariis I cartallo I cupa siliginis receptis in dicta
                        cas¬tellania de redditu per annum <lb/></item>
                     <item> de X quartallis V cupis et quarta parte unius cupe receptis apud Longum
                           Campum<note> Aujourd’hui <hi rend="italics">Longchamp</hi>, c<hi
                              rend="sup">ne</hi> de Lent.</note> de redditu per <lb/> annum, pro
                        medietate dominum contingente </item>
                     <item> de I quartallo recepto de Guillermo <foreign>de Montmort</foreign><note>
                           Aujourd’hui <hi rend="italics">Montmouth</hi>, c<hi rend="sup">ne</hi> de
                           Lent.</note><lb/> ibidem, de redditu per annum </item>
                     <item> de III cartallis receptis ibidem de thachiis<note> Pour <hi
                              rend="italics">tachiis</hi>. Pour respecter la symétrie graphique qui
                           peut expliquer cette variante, on pourrait même lire <hi rend="italics"
                              >chachiis</hi>.</note> hoc anno </item>
                     <item> de <lb/> III sestariis I quartallo de firma molendini de Longo Campo
                        finienda in festo beati Iohannis Baptiste, anno <lb/> nonagesimo octavo, pro
                        medietate dominum contingente, et aliam medietatem percipit prior dicti
                           loci<note> Il y avait à Longchamp un prieuré de l’abbaye Saint-Pierre de
                           Mâcon.</note><lb/></item>
                     <item> de XIII quartallis de firma molendini stanni de Burgo finienda eodem
                        termino </item>
                     <item> de <lb/> XIIII quartallis receptis apud Ripas<note> Aujourd’hui <hi
                              rend="italics">Les Rippes</hi>, c<hi rend="sup">ne</hi> de
                           Certines.</note> pro messe hoc anno, et levatur in quolibet hospitio
                        excolente ad boves <lb/> I cartalle<note> C’est par commodité que nous
                           utilisons ici généralement le mot <hi rend="italics">quartallus, -i</hi>,
                           ne pouvant concilier ce nominatif neutre de troisième déclinaison avec
                           les ablatifs <hi rend="italics">quartallo</hi> précédents, également
                           écrits en toutes lettres…</note>, in non excolente ad boves I bichetus,
                        in viduis non excolenti¬bus nichil <add place="leftMargin"><lb/>summa
                           messium : <lb/> XXXVIII sestarii<note>ajouté dans la marge gauche sur
                              deux lignes</note></add><lb/></item>
                     <item> de III bichetis receptis <lb/> apud Perronam<note> Aujourd’hui
                           Péronnas.</note> pro eodem </item>
                     <item> de VII cartallis recep¬tis apud <foreign>La Vernea</foreign><note>
                           Aujourd’hui <hi rend="italics">La Vernée</hi>, c<hi rend="sup">ne</hi> de
                           Péronnas.</note> pro eodem </item>
                     <item> de VII quartallis <lb/> receptis apud
                           <foreign>Verlya</foreign><note>Aujourd’hui <hi rend="italics"
                              >Vérillat</hi>, c<hi rend="sup">ne</hi> de Saint-Rémy ?</note> pro
                        eodem </item>
                     <item> de XXXVI quartallis I bicheto receptis in parrochia Sancti Andree<note>
                           Aujourd’hui Saint-André-sur-Vieux-Jonc.</note> pro eodem <lb/></item>
                     <item> de V quartallis receptis apud <foreign>La Boyssonery</foreign><note>
                           Aujourd’hui <hi rend="italics">La Buissonnière</hi>, c<hi rend="sup"
                              >ne</hi> de Condeissiat.</note> pro eodem </item>
                     <item> de V quartallis I bicheto receptis apud
                           <lb/><foreign>Moncey</foreign><note> Aujourd’hui Montcet.</note> pro
                        eodem </item>
                     <item> de IIII quartallis receptis apud <foreign>Buella</foreign><note>
                           Aujourd’hui Buellas.</note> pro eodem </item>
                     <item> de V quartallis <del rend="underlined_dotted">receptis</del><lb/> et I
                        bicheto receptis apud Montem <foreign>Recol</foreign><note> Aujourd’hui
                           Montracol.</note> pro eo-dem </item>
                     <item> de IIII quartallis I bicheto receptis apud
                           <foreign>Poylia</foreign><note> Aujourd’hui Polliat.</note> pro eodem
                        <lb/></item>
                     <item> de XII quartallis I bicheto receptis apud
                           <foreign>Tignia</foreign><note> Aujourd’hui Attignat.</note> et apud
                           <foreign>Grangia</foreign><note> Aujourd’hui Crangeat, c<hi rend="sup"
                              >ne</hi> d’Attignat.</note> pro eodem <lb/></item>
                     <item> de XXVI quartallis <lb/> receptis apud <foreign>Cra</foreign><note>
                           Aujourd’hui Cras-sur-Reyssouze.</note> pro eodem </item>
                     <item> de III quartallis receptis apud <foreign>Pougya</foreign><note>
                           Aujourd’hui Pugeat, c<hi rend="sup">ne</hi> de Cras-sur-Reyssouze.</note>
                        pro eodem </item>
                     <item> de XX quartallis <lb/> receptis apud Montz La Ferta<note> Aujourd’hui
                           Malafretaz.</note> pro eodem </item>
                     <item> de XVIII sestariis III cartallis I cupa receptis de coponagio fori <lb/>
                        per dictum tempus </item>
                     <item> de LX<hi rend="sup">a</hi> V sestariis II cartallis et quartum<note> On
                           attendrait quarto.</note> unius cupe receptis de remanentia sui computi
                        <lb/> precedentis <lb/> summa : VII<hi rend="sup">XX</hi> IX sestarios III
                        quartallos I cupam et dimidiam — de quibus in <lb/><note> La fin de la
                           phrase, à la ligne suivante, a été effacée par grattage du
                           support.</note></item>
                  </list></p>
            </div>
            <div xml:id="adhuc_frumentum">
               <head>[ad]huc frumentum</head>
               <p><lb/> idem reddit computum <list>
                     <item> de XXII sestariis II quartallis I bicheto frumenti receptis de exitu
                        coponagii per dictum tempus </item>
                     <item> de <lb/> quibus in venditione ut infra : VI quartallos </item>
                     <item> et restant : XXI sestarii I bichetus — et remanet</item>
                  </list></p>
            </div>
            <div xml:id="milium">
               <head>milium</head>
               <p><lb/> idem reddit computum <list>
                     <item> de III quartallis milii receptis de coponagio per dictum tempus <lb/>
                        summa : III quartallos milii</item>
                  </list></p>
            </div>
            <div xml:id="fabe">
               <head>fabe</head>
               <p><lb/> idem reddit computum <list>
                     <item> de I quartallo fabarum recepto de coponagio per dictum tempus <lb/>
                        summa fabarum : I quartallus</item>
                  </list></p>
            </div>
            <div xml:id="ordeum">
               <head>ordeum</head>
               <p><lb/> idem reddit computum <list>
                     <item> de III cupis ordei receptis de coponagio per dictum tempus <lb/> summa :
                        III cupas ordei<note> Ce mot remplace une version antérieure, qui a été
                           effacée.</note></item>
                  </list></p>
            </div>
            <div xml:id="avena">
               <head>avena</head>
               <p><lb/> idem reddit computum <list>
                     <item> de IX sestariis avene receptis in dicta castellania de redditu per
                        annum, incluso I sestario quod debet <lb/> prior de Buella<note> Il y avait
                           à Buellas un prieuré de Saint-Philibert de Tournus.</note> pro garda </item>
                     <item> de II quartallis receptis apud Longum Campum de thachiis<note> Le
                           pluriel est écrit en toutes lettres dans la recette de seigle. Voir, à
                           l’inverse, le singulier messe dans la phrase suivante.</note> hoc anno
                        <lb/></item>
                     <item> de XVII quartallis receptis ibidem de messe hoc anno, et levatur ut
                        supra de siligine </item>
                     <item> de III <lb/> quartallis I bicheto receptis apud
                           <foreign>Montaynie</foreign><note> Aujourd’hui Montagnat.</note> pro
                        eodem </item>
                     <item> de II quartallis receptis apud <foreign>Cripinia</foreign><note>
                           Aujourd’hui Crépignat, c<hi rend="sup">ne</hi> de Viriat.</note> pro
                        eodem <lb/></item>
                     <item> de XVII sestariis II quartallis receptis de exitu coponagii fori per
                        dictum tempus</item>
                  </list></p>
               <div type="sub">
                  <head>arreragium</head>
                  <p><list>
                        <item> de XV sestariis <lb/> I bicheto de remanentia sui computi
                           precedentis</item>
                     </list></p>
               </div>
               <div>
                  <p><lb/> summa : XLVII sestarios III quartallos </p>
               </div>
            </div>
            <div xml:id="panes">
               <head>panes</head>
               <p><lb/> idem reddit computum <list>
                     <item> de II panibus receptis de Stephano Moyroudi de redditu per annum —
                        venduntur ut infra</item>
                  </list></p>
            </div>
            <div xml:id="cera">
               <head>cera</head>
               <p><lb/> idem reddit computum <list>
                     <item> de XXI libris cere receptis de gardis per annum ut in computo
                        precedenti, deductis duabus <lb/> libris pro Guillermo Pomerii, qui decessit
                        et non habet here¬dem, et pro Bernardo <foreign>Chapel</foreign>, qui
                        devenit leprosus </item>
                     <item> de XIII libris receptis de hominibus abbatis Sancti Eugendii apud
                           <foreign>Virya</foreign><note> Aujourd’hui Viriat, où il y avait un
                           prieuré de Saint-Oyand, depuis Saint-Claude, à Saint-Claude
                           (Jura).</note> pro garda, et levatur in <lb/> quolibet foco una libra per
                        annum</item>
                  </list></p>
               <p><lb/> summa : XXXIIII libras cere — venditur<note> Le sujet sous-entendu est ici
                     cera.</note> ut infra </p>
            </div>
            <div xml:id="galline">
               <head>galline</head>
               <p><lb/> idem reddit computum <list>
                     <item> de XIX gallinis receptis in dicta castellania de redditu per an¬num </item>
                     <item> de XI gallinis receptis <lb/> apud Longum Campum de redditu per annum,
                        pro medie¬tate dominum contingente </item>
                     <item> de XXXIIII gallinis <lb/> receptis ibidem de consuetudine per annum, et
                        levatur in quolibet foco una gallina </item>
                     <item> de IIII<hi rend="sup">C</hi> XXXVII <lb/> receptis in aliis villis dicte
                        castellanie de consuetudine per annum, et levantur in quolibet foco due
                        galline</item>
                  </list></p>
               <p><lb/> summa : V<hi rend="sup">C</hi> I gallinas — venduntur ut infra </p>
            </div>
            <div xml:id="denarii_census">
               <head>denarii census</head>
               <p><lb/> idem reddit computum <list>
                     <item> de XXVI libris VIII<note> Une rédaction antérieure a été effacée.</note>
                        solidis fortium receptis in dicta castellania de redditu per annum ut <lb/>
                        in particulis extractis extente </item>
                     <item> de XLIIII solidis VI denariis for¬tium <add place="interlinear"
                           >receptis</add> de pedis <add place="interlinear">curtilium</add> subtus
                        burgum Ale<note> On avait d’abord écrit Aule, mais le u a été
                           exponctué.</note> de <lb/> redditu per annum <lb/></item>
                     <item> de VII libris V solidis V denariis receptis apud Longum Campum de
                        redditu per <lb/> annum, pro medietate dominum contin¬gente, et aliam <lb/>
                        medietatem percipit Ecclesia Masticonensis<note> Pour
                        Matisconensis.</note></item>
                     <item> de II solidis receptis <lb/> ibidem de Martino Mayleti de redditu
                        proprio domini per annum <lb/></item>
                     <item> de XII denariis re-ceptis ibidem de Guillermo <milestone n="3"
                           unit="vue"/><pb n="2"/> de Mamort de redditu per annum</item>
                  </list></p>
               <p><lb/> summa : XXXVI libras XI denarios fortium</p>
            </div>
            <div xml:id="garde">
               <head>garde</head>
               <p><lb/> idem reddit computum <list>
                     <item> de IIII libris XVIII solidis IX denariis fortium de recognitioni¬bus et
                        gardis per annum</item>
                  </list></p>
               <p><lb/> summa eadem : IIII libras XVIII solidos IX denarios fortium </p>
            </div>
            <div xml:id="tallia">
               <head>tayllye</head>
               <p><lb/> idem reddit computum <list>
                     <item> de XXXV libris fortium receptis in chacipoleria de ultra Velam<note> On
                           peut voir ici que la Veyle, affluent de la Saône qui coule à l’ouest de
                           Bourg-en-Bresse, divisait la châtelle¬nie en deux chacipoleries : ultra
                           Velam, " Outre-Veyle ", et citra Velam, " Deçà-Veyle ".</note> pro
                        tayliis ad misericordiam <lb/> hoc anno </item>
                     <item> de XXIIII libris XVI solidis receptis de tayliis in chacipoleria cytra
                        Velam ad misericordiam <lb/> hoc anno</item>
                  </list></p>
               <p><lb/> summa : LIX libras XVI solidos fortium </p>
            </div>
            <div xml:id="firme">
               <head>firme</head>
               <p><lb/> idem reddit computum <list>
                     <item> de LV libris XV solidis VI denariis fortium receptis de exitu leyde,
                        coponagii, martinagii<note> martinagium, absent du Glossarium, " redevance
                           qu’on payait à la Saint-Martin (11 novembre) ". Voir Godefroy, vol. 5, p.
                           188, s. v. martinage.</note>, mercati Burgi <lb/> et parvi pedagii a die
                        mercurii post festum beati Iohannis Baptiste usque ad diem mercurii sextam
                        diem mensis <lb/> iunii, anno nonage¬simo octavo </item>
                     <item> de XX libris fortium receptis de medietate firme trium furnorum domini
                        apud Burgum <lb/> finiende in festo beati Iohannis Baptiste, et tunc
                        debebuntur tantumdem </item>
                     <item> de V solidis receptis de Garnerio <lb/><del rend="overstrike"
                           >forn&lt;erio&gt;</del> Francisco pro firma furni sui eo¬dem termino
                        finienda </item>
                     <item> de V solidis fortium receptis de Stephano <lb/> de Espaynia pro firma
                        furni sui finienda eodem termino </item>
                     <item> de V solidis receptis de panaterio de Masticone<note> Pour
                           Matiscone.</note><lb/> pro firma furni sui finienda eodem termino </item>
                     <item> de VIII libris XV solidis receptis de Guillermeto <foreign>Coyli
                           Vayrie</foreign> pro <lb/> medietate firme chacipolerie Burgi cytra Velam
                        finiende in festo beati Iohannis Baptiste, et tunc debebuntur <lb/>
                        tantumdem </item>
                     <item> de XII libris X solidis fortium recep¬tis de Peroneto de
                           <foreign>Maysiria</foreign><note> Aujourd’hui Mézériat.</note> pro firma
                        chacipolarie de extra <lb/> Velam finienda eodem ter¬mino </item>
                     <item> de XXXV solidis receptis de Peroneto Maleti pro firma cridagii finienda
                        <lb/> eodem termino </item>
                     <item> de firma chanperie<note> Pour champerie.</note> Burgi, chanperie de
                        ultra Velam et chanperie de citra, de <foreign>Mont</foreign><note> Écrit
                           demont.</note><lb/><foreign>La Ferta</foreign> et de
                           <foreign>Antignia</foreign><note> Aujourd’hui Attignat.</note>, et
                        chanperie de <foreign>Tres</foreign><note> Aujourd’hui Etrez.</note>, et
                        chanperie de Longo Campo, non computat quia nundum levantur, <lb/> sed de
                        ipsis debet computare castellanus sequens </item>
                     <item> de VII libris VI solidis III denariis fortium receptis de firma <lb/>
                        bancarum macelli finienda in festo beati Iohannis Baptiste, deductis
                           XXI<note> On avait d’abord écrit, semble-t-il, XXIII, et le nombre est
                           raturé.</note> solidis fortium pro tribus banchis que <lb/> vacant </item>
                     <item> de XLII solidis receptis de firma bancharum caprarum </item>
                     <item> de X solidis receptis de Gui¬chardeto <lb/> de <foreign>La
                           Perrousa</foreign><note> Aujourd’hui La Pérouse, c<hi rend="sup">ne</hi>
                           de Montracol, ou La Pérouse, c<hi rend="sup">ne</hi> de Polliat, le
                           toponyme étant fréquent dans le ressort de la châtellenie comme ailleurs
                           en Bresse.</note>, receptis<foreign> </foreign>pro firma parvi ponderis
                        finienda eodem termino </item>
                     <item> de LXX solidis fortium receptis de <note> Un mot non lu a été barré
                           ici.</note><lb/> de exitu ponderis bladi per dictum tempus </item>
                     <item> de XXXV libris XI solidis III denariis receptis pro teysiis <lb/> domus
                        Burgi, inclusis quibusdam servitiis que debentur cum dictis teysiis pro
                        quibusdam domibus<note> On avait écrit domibusdam, mais la dernière syllabe
                           a été exponctuée.</note><lb/> et inclusis quinque soli¬dis viennensium
                        qui debentur pro peda quondam domine Petronille de
                           <foreign>Corent</foreign><note> Aujourd’hui Corand, c<hi rend="sup"
                              >ne</hi> de Chaveyriat.</note> et deductis IX solidis <lb/> VII
                        denariis pro quibusdam pedis que vacant</item>
                  </list></p>
               <p><lb/> summa : VII<hi rend="sup">XX</hi> VIII libras X solidos fortium </p>
            </div>
            <div xml:id="domus_mercati">
               <head>domus mercati</head>
               <p><lb/> idem reddit computum <list>
                     <item> de C XVII solidis I denario fortium receptis de locagio banca¬rum
                        grossorum mercatorum vendentium pannos <lb/> in domo mercati, et levatur pro
                        qualibet teysa in festo beati Martini tres solidos fortium, inclusis
                        quibusdam parvis <lb/> mercatoribus<note> mer<lb/>catoribus</note></item>
                     <item> de IIII libris VI solidis VI denariis receptis de locagio triginta octo
                        bancarum escoferio¬rum hoc anno, <lb/> et levantur pro qualibet bancha duo
                        solidi tres denarii fortium </item>
                     <item> de VII solidis III obolis receptis de novem banchis <lb/> et dimidio
                        groleriorum, et levantur pro qualibet bancha novem denarii fortium
                        <lb/></item>
                     <item> de XXVII solidis receptis de <lb/> XXXVI banchis sauneriorum, et
                        levantur pro qualibet bancha novem denarii </item>
                     <item> de X solidis VI denariis re¬ceptis de <lb/> septem banchis vendentium
                        oleum et sagimen, et levantur a quolibet de villa vendente oleum decem octo
                        <lb/> denarii et de extraneo tres solidi, tamen non fuit ibi extra¬neus </item>
                     <item> de XXXIII solidis receptis de triginta banchis <lb/> panateriorum </item>
                     <item> de II solidis receptis de duabus banchis coyferiarum </item>
                     <item> de III solidis receptis de tribus tupineriis <lb/></item>
                     <item> de XXIIII solidis receptis de VIII banchis merceriorum, et levantur pro
                        qualibet teysa tres solidi </item>
                     <item> de <lb/> VI solidis IX denariis receptis de tribus banchis
                        pellipariorum, et levantur pro qualibet duo solidi tres denarii <lb/></item>
                     <item> de VI solidis IX denariis receptis de tribus banchis fer¬royleriorum, et
                        levantur pro qualibet duo solidi tres denarii <lb/></item>
                     <item> de VI<note> Ce nombre remplace une rédaction antérieure, qui a été
                           effacée.</note> solidis <add place="interlinear">IX denariis</add> de
                        tribus banchis pairoleriorum<note> Ce mot remplace une rédaction antérieure,
                           qui a été effacée.</note>, et levantur pro qualibet <add
                           place="interlinear">II solidi</add> tres solidi<note> Il faut
                           probablement lire duo solidi tres denarii, mais l’ajout n’a pas été
                           accompagné d’une correction.</note> fortium </item>
                     <item> de XXXIII solidis<note> Cette somme paraît avoir remplacé une rédaction
                           antérieure, qui a été effacée.</note><lb/> receptis de XI banchis
                        ferrateriorum, et levantur pro qualibet III solidi </item>
                     <item> de VI solidis IX denariis de tribus banchis <lb/> vendentium cutellas </item>
                     <item> de XII solidis IIII denariis et obolo receptis de undecim banchis
                        vendentium coria, et <lb/> levantur a qualibet tresdecim denarii et obolus </item>
                     <item> de IIII solidis VI denariis &lt;receptis de&gt; banchis in quibus
                        venduntur <lb/> vadia in die mercati</item>
                  </list></p>
               <p><lb/> summa : XIX libras<note> Ce mot parait avoir remplacé une rédaction
                     antérieure, qui a été effacée.</note> VI solidos I denarium </p>
            </div>
            <milestone n="4" unit="vue"/>
            <pb n="3"/>
            <div xml:id="passonagium">
               <head>payssonagium</head>
               <p><lb/> idem reddit computum <list>
                     <item> de XXX solidis recceptis de Guillermo de Montmor pro glande nemoris
                           <foreign>del Says</foreign><note> Aujourd’hui Le Saix, c<hi rend="sup"
                              >ne</hi> de Péronnas.</note> per dictum tempus </item>
                     <item> de<note> Ce mot a été exponctué.</note></item>
                  </list></p>
               <p><lb/> summa eadem</p>
            </div>
            <div xml:id="laudes_et_vende">
               <head>laudes et vende</head>
               <p><lb/> idem reddit computum <list>
                     <item> de XIII denariis fortium receptis de Peroneto dicti<note> On attendrait
                           dicto.</note><foreign>Guers</foreign> pro bancha mercati vendita dicto
                        Bublo pretio VI solidorum fortium <lb/></item>
                     <item> de III solidis IIII denariis fortium receptis de Iohannino Belerii pro
                        curtili <del rend="overstrike">suo</del> vendito <add place="interlinear"
                           >sibi per</add> Iohanninum <foreign>Chavayrya</foreign><note> Aujourd’hui
                           Chaveyriat.</note> pretio XX solidorum fortium </item>
                     <item> de <lb/> XXX<note> Ce nombre paraît avoir remplacé une rédaction
                           antérieure, qui a été effacée.</note> solidis fortium receptis de Petro
                           <foreign>del Regnon</foreign> pro domo sibi vendita a Iohanne
                           <foreign>Cha-vayrya</foreign> pretio IX librarum fortium </item>
                     <item> de II<note> Ce nombre paraît avoir remplacé une rédaction antérieure,
                           qui a été effacée.</note> solidis <lb/> VI denariis fortium receptis de
                        Stephano <foreign>de Cortabli</foreign> pro una pecia terre sibi vendita a
                        Peroneto dicto <foreign>Meyssoner</foreign> pretio XV solidorum fortium
                        <lb/></item>
                     <item> de III solidis IX denariis fortium receptis de Peroneto de
                           Perrogiis<note> Aujourd’hui Pérouges.</note> pro medie¬tate domus site in
                        ala Burgi sibi vendita per Guillermum <lb/><foreign>Charisat</foreign>
                        pretio XXII solidorum VI denariorum fortium </item>
                     <item> de XX solidis receptis de uxore dicti <foreign>Alboys</foreign> pro domo
                        sibi vendita a dicto <foreign>Vachon</foreign><lb/> pretio VI librarum
                        fortium </item>
                     <item> de III solidis III denariis fortium receptis pro medietate domus site in
                        Vercherya a Stephano Salamonis sibi <lb/> vendita per Guionetum Medicis
                        pretio XXII solidorum VI denariorum </item>
                     <item> de II solidis VI denariis receptis de Io¬hanne filio quondam Bernardi
                        quondam de <lb/> Porta pro curtili sibi vendito per Stephanam, relictam
                        Petri de Burgo, pretio XV solidorum fortium </item>
                     <item> de X denariis fortium receptis de Coleto <lb/> latomo pro peda sita
                        prope portam de <foreign>Tegneres</foreign> sibi vendita per Iacobum latomum
                        pretio V solidorum </item>
                     <item> de XV denariis <lb/> fortium receptis de Andrea <foreign>Lo
                           Gay</foreign> pro terra sibi vendita per Guichardum, filium Brune de
                        Burgo, pretio VII solidorum VI denariorum <lb/></item>
                     <item> de XVIII<note> Le premier chiffre de ce nombre remplace une rédaction
                           antérieure, qui a été effacée.</note> denariis et pictam receptis a
                        Iohanneto <foreign>Lo Piffaut</foreign> pro domo sibi vendita per relictam
                        Berardi <foreign>Leguier</foreign> pretio VIII solidorum <lb/> VI denariorum </item>
                     <item> de XXXIII solidis IIII denariis receptis de Reynaudo Salamonis pro
                        medietate domus quam emit a Petro de <lb/><foreign>Bua</foreign> dicto
                           <foreign>Leschet</foreign> pretio X librarum </item>
                     <item> de II solidis VI denariis receptis de Iohanne <foreign>Piffaut</foreign>
                        pro operatorio sibi vendito per Guionetum <foreign>Pigna</foreign><lb/>
                        pretio XV solidorum<note> Ces trois mots remplacent une rédaction
                           antérieure, qui a été effacée.</note></item>
                     <item> de II solidis receptis de Achardeto de Manso pro prato sibi vendito per
                        Martinum, filium quondam dicti <foreign>Estiet</foreign><lb/><foreign>de La
                           Vernea</foreign> pretio XII solidorum fortium </item>
                     <item> de III solidis IIII denariis receptis de Stephano dicto Peros de
                           Ala<note> On avait d’abord écrit aula, mais le u a été exponctué.</note>
                        Burgi pro terra sibi vendita per <lb/> Guichardum Vachi pretio XX solidorum </item>
                     <item> de IIII solidis receptis a liberis<note> Écrit aliberis.</note> Berardi
                        de Ponte pro rebus sibi venditis per filiam <lb/> Petri Cristini pretio
                           XXV<note> Le nombre est raturé, car on avait d’abord écrit XX
                           solidorum.</note> solidorum </item>
                     <item> de VI solidis III denariis receptis de Guillermeto, capellani
                           <foreign>d’Etres</foreign><note> Écrit detres. Aujourd’hui Etrez.</note>
                        pro rebus sibi venditis per <lb/> Stephanum Sala pretio XXXVII solidorum VI
                        denariorum</item>
                  </list></p>
               <p><lb/> summa: VI libras XVI denarios I pictam fortium </p>
            </div>
            <div xml:id="banna">
               <head>banna</head>
               <p><lb/> idem reddit computum <list>
                     <item> de XXX solidis fortium receptis de Iohanne Benedicti quia dixerat cuidam
                        mulieri quod pater et filius eam <lb/> carnaliter<note>
                           car<lb/>naliter</note> cognoverant </item>
                     <item> de XX solidis receptis de Guillermeto <foreign>Guidoy</foreign> quia
                        excolerat curtile alterius </item>
                     <item> de XX solidis <lb/> receptis de Bernardo Barbitonsoris quia portabat
                        arma de nocte per villam </item>
                     <item> de X solidis receptis de Berteto <foreign>Cergat</foreign><lb/> quia
                        percussit Iohannem, generum suum </item>
                     <item> de X solidis receptis de Pero¬neto Milleti quia vocaverat latronem
                        filium <lb/> Benedicti <foreign>de Bagya</foreign></item>
                     <item> de X solidis receptis de dicto <foreign>Galleyt</foreign> quia fecerat
                        foramen in muro domus Rufi <foreign>de Chales</foreign><lb/> ad ponendum
                        quamdam trabem <lb/></item>
                     <item> de L solidis fortium de quodam Lombardo quia traxerat cutellum suum
                        <lb/> contra garcionem suum </item>
                     <item> de X libris <add place="interlinear">X solidis</add> fortium receptis de
                        Iocerando de Grangiis quia vendiderat domum <lb/> suam et non solverat
                        coponagium </item>
                     <item> de LX solidis receptis de monacho <foreign>del Laiat</foreign><note> Ce
                           toponyme, dont la lecture n’est pas assuré, reste à identifier : bon
                           nombre de localités ont portés le nom de Laya.</note> quia vendiderat
                        unum <lb/> bovem in villa Burgi die mercati et non solvit leydam </item>
                     <item> de XX solidis receptis de quodam garcione de
                           <lb/><foreign>Coloynie</foreign><note> Aujourd’hui Coligny.</note> quia
                        ceperat quemdam capellum in domo Reynaudi de Coloynia </item>
                     <item> de XX solidis receptis de Guichardo
                           <lb/><foreign>Barbat</foreign><foreign>d’Estres</foreign> quia fuerat cum
                        quibusdam aliis ad spolyandum dictum <foreign>Lo Cret</foreign></item>
                     <item> de XX solidis <lb/> receptis de dicto <foreign>Lamiraut</foreign> quia
                        fecerat quoddam fossatum in quodam itinere apud
                        <foreign>Estres</foreign></item>
                     <item> de XXX solidis <lb/> receptis de <foreign>Saracen de Estres</foreign>
                        pro quibusdam iniuriis per eum uxori eius factis </item>
                     <item> de X solidis receptis <lb/> de Bernardo, filio Guillaut quondam
                           <foreign>de La Vernea</foreign>, quia verberaverat uxorem Iohannis
                           <foreign>Albler</foreign> et <lb/> quasdam alias mulieres </item>
                     <item> de X solidis receptis de Hugone de Cruce, tabernario de
                           <foreign>Cra</foreign>, quia dixerat <milestone n="4" unit="vue"/><pb
                           n="4"/> dicto <foreign>Barbaton</foreign> verba iniuriosa </item>
                     <item> de XXX solidis receptis de Guicharda de Cheyneto pro quadam saysina per
                        eam fracta <lb/></item>
                     <item> de XX solidis fortium receptis de Guichardo <foreign>de
                           Curtafont</foreign><note> Aujourd’hui Curtafond.</note> pro quibusdam
                        iniuriis per eum et eius filium factis </item>
                     <item> de XXX solidis <lb/> receptis de Girardo, filio
                           <foreign>Fiutays</foreign> de Bello Monte quia male tractavit filiam
                        Bonini <foreign>de Tres</foreign></item>
                     <item> de XX solidis receptis de <lb/> Martino Guorserii quia debebat solvere
                        leydam et non solvit </item>
                     <item> de XV solidis receptis de Perraudo <foreign>de Poylya</foreign><lb/> pro
                        pugna quam habuit ipse et eius filius cum liberis Humberti Maynerii </item>
                     <item> de VI libris receptis de <del rend="overstrike">VI libris<note> Ces mots
                              avaient remplacé une rédaction antérieure, qui avait été
                              effacée.</note> receptis de</del><lb/> LX<hi rend="sup">ta</hi> clamis
                        trium solidorum et inferius per dictum tempus</item>
                  </list></p>
               <p><lb/> summa : XXXVIII libras V solidos fortium </p>
            </div>
            <div xml:id="escheyte">
               <head>escheytie</head>
               <p><lb/> idem reddit computum <list>
                     <item> de XXVI solidis VI denariis receptis de bonis Sale defuncte<note> Ces
                           dix mots remplacent une rédaction antérieure, qui a été effacée, et le
                           nombre XXVI est très raturé.</note> sine herere<note> Pour
                        herede.</note></item>
                     <item> de X solidis VI denariis <lb/> receptis de bonis pedissece prioris de
                           <foreign>Marbo</foreign><note> Aujourd’hui Marboz. Il s’y trouvait un
                           prieuré de l’abbaye Saint-Pierre de Gigny (Jura).</note>, de¬functe sine
                        herede </item>
                     <item> de VII solidis<note> Cette somme remplace une rédaction antérieure, qui
                           a été effacée.</note> VI denariis receptis de quadam <lb/> equa quam
                        ducebat quidam latro et non inveniebatur cuius esset </item>
                     <item> de II solidis receptis de quodam vitulo <lb/> invento </item>
                     <item> de VII solidis VI denariis receptis de quodam runcino <note> On avait
                           commencé à écrire L…, mais la lettre a été effacée.</note> cuiusdam
                        cursoris qui decessit ibidem </item>
                  </list></p>
               <p><lb/> summa : LIIII solidos fortium </p>
            </div>
            <div xml:id="legate_et_introgia">
               <p><lb/><list>
                     <item> De legatis et introgiis nichil per dictum tempus<note> On a signalé dans
                           la marge gauche, sur deux lignes : de legatis et <lb/> introgiis
                           nichil.</note></item>
                  </list></p>
            </div>
            <div xml:id="venditiones">
               <head>venditiones</head>
               <p><lb/> idem reddit computum <list>
                     <item> de XVIII solidis fortium receptis de sex quartallis frumenti venditis ut
                        supra, quodlibet<note> Pour quolibet.</note> quartallo vendito <lb/> III
                           solidos<note> Le complément de prix est ici exprimé par l’accusatif :
                           dans la vente des poules, on lit tres et non tribus.</note> fortium </item>
                     <item> de VI denariis for-tium pro duobus panibus venditis ut supra </item>
                     <item> de IIII libris XIIII solidis <lb/> X denariis <add place="interlinear"
                           >for¬tium</add> receptis de quingentis una gallina<note> Pour
                           gallinis.</note> venditis ut supra, vendita qualibet tres denarios
                        parisiensium </item>
                     <item> de V solidis <lb/> receptis a magistro Hugone pro herba prati siti
                        subtus Saysiriacum<note> Aujourd’hui Ceyzériat.</note> sibi pro tanto
                        accensato dum placuerit <lb/> domino, et debet solvere in Natale<note> Le
                           mot est écrit en toutes lettres dans les librate.</note> Domini </item>
                     <item> de V solidis receptis ab ipso pro eodem, de anno prete¬rito, solvendis
                        in Natale Domini <lb/></item>
                     <item> de XLII solidis VI denariis receptis de triginta quatuor libris<note>
                           Les mots VI denariis receptis de triginta quatuor libris remplacent une
                           rédaction précédente, qui a été effacée.</note> cere vendite ut supra,
                        vendita qualibet libra <lb/> XV denarios fortium</item>
                  </list></p>
               <p><lb/> summa : VIII libras V solidos X<note> Ce nombre remplace une rédaction
                     antérieure, qui a été effacée.</note> denarios fortium </p>
            </div>
            <div>
               <p><lb/> summa totius recepte : III<hi rend="sup">C</hi> XXV libras VII solidos XI
                  denarios pictam fortium <lb/> valent ad viennenses quam si quolibet <del><add
                        place="interlinear">pro</add></del><note>ajouté dans l’interligne supérieur,
                     puis effacé</note> forte <add place="interlinear">pro</add> duobus denariis
                  viennensium : VI<hi rend="sup">C</hi> L <lb/> libras XV solidos X denarios et
                  obolum </p>
               <div xml:id="arreragium">
                  <head>arreragium</head>
                  <p><lb/> idem reddit computum <list>
                        <item> de VII<hi rend="sup">C</hi> XXXV libris X solidis VIII denariis
                           viennensium re¬ceptis a se ipso de remanentia sui computi precedentis
                        </item>
                     </list></p>
               </div>
               <div>
                  <p><lb/> summa totius recepte cum arreragio : XIII<hi rend="sup">C</hi> IIII<hi
                        rend="sup">XX</hi> VI libras VI solidos VI denarios <lb/> et obolum
                     viennensium de quibus idem</p>
               </div>
            </div>
         </div>
         <div xml:id="expense_et_librate">
            <p><lb/> libravit <list>
                  <item> magistro Petro de Cellanova<note> Ce nom a été corrigé : traces
                        d’effacement.</note>, clerico domini, ut per confessio¬nem ipsius presentis
                     : VII<hi rend="sup">XX</hi> VII libras viennensium <lb/> et<note> Ce mot,
                        explétif, remplace une rédaction antérieure, qui a été effacée.</note> de
                     quibus ipse computavit </item>
                  <item> idem libravit Rodulfo de Lyvrone<note> Il s’agit peut-être du même Raoul de
                        Livron, issu d’une famille du pays de Gex, qui négocia en 1320 la
                        capitula¬tion de Genève au nom de l’évêque. Voir Duparc, Pierre, Le comté de
                        Genève, Genève, 1955, p. 262.</note>, clerico, pro quadraginta <lb/> libris
                     gebennensium in quibus dominus sibi tenebatur, ut per litteram domini de debito
                     et litteram ipsius Rodulfi <lb/> de recepta, sigillata sigillo curie officialis
                     Gebennensis, quas reddit : LX<hi rend="sup">ta</hi> libras viennensium </item>
                  <item> idem libravit <lb/> Guillermo de Rosseylyone<note> Aujourd’hui
                        Rossillon.</note>, castellano Montis Diderii<note> Aujourd’hui Montdidier,
                           c<hi rend="sup">ne</hi> d’Aromas (Jura).</note> per litteram do-mini de
                     mandato et litteram ipsius de recepta, quas <lb/> reddit : X libras viennensium </item>
                  <item> idem libravit sibi ipsi pro suis stipendiis et quatuordecim hominum
                        <lb/><del rend="overstrike">secum cum armis</del> quos secum duxit cum armis
                     in cavalcata facta in <lb/> Viennesio quando dominus comes <lb/> erat in
                     Flandrya, per litteram domini Amblardi et magistri Petri quam reddit : LX<hi
                        rend="sup">ta</hi>III libras viennensium <milestone n="5" unit="vue"/><pb
                        n="5"/><lb/></item>
                  <item> idem libravit domine Berarde, relicte domini Petri <foreign>de
                        Boent</foreign><note>Aujourd’hui Buenc, c<hi rend="sup">ne</hi> de
                        Hautecourt-Romanèche.</note>, pro uno molendino empto ab eadem <lb/> apud
                     Montem Diderium, ut per litteram de recepta quam reddit : XXX libras
                     viennensium </item>
                  <item> idem <lb/> libravit Guillermo de Rosseyllyone, castellano Montis Diderii,
                     pro quibusdam operibus ibidem faciendis, ut per <lb/> eius litteram de recepta
                     quam reddit : C solidos </item>
                  <item> idem libravit in loeryo duorum la¬tomorum <lb/> per sex dies et in duobus
                        <foreign>pichit</foreign><note> Pour picis. Voir PIQUUS, Uncus, Gall.
                        Crampon.</note>, ut per eandem<note> Pour eamdem.</note> litteram quam
                     reddidit : XXX solidos viennensium </item>
                  <item> idem <lb/> libravit Hugonino de Monte Diderio, pro octo libratis terre que
                     debebantur sibi pro scambio Montis Diderii <lb/> et tardavit
                        <unclear>asseg[it]amentum</unclear>, <lb/> per primum annum, ut per litteram
                     ipsius de recepta quam reddit : VIII libras <lb/> viennensium </item>
                  <item> item pro calce et una tina que erant apud Montem Diderium emptis ab eodem,
                     ut per <lb/> eandem litteram : L solidos viennensium </item>
                  <item> idem libravit Guil¬lermo de Rosseyllyone, castellano Montis Diderii, pro
                     <lb/> operibus dicti loci faciendis, ut per litteram ipsius de recepta quam
                     reddit : LVI solidos VI denarios viennensium <lb/></item>
                  <item> idem li¬bravit in stipendiis trium clientum quos tenuit apud Montem
                     Diderium per quindecim dies, ut <lb/> per litteram Guillermi de Rosseyllyone de
                     testimonio quam reddit : <lb/> LVI solidos III denarios viennensium </item>
                  <item> idem libravit per <lb/> manum Bartholomei <foreign>de Baysion</foreign>
                     Iohanni Ti-retti pro se &lt;et&gt; decem clientibus custodientibus Pontem
                        Nongon<note> Pour Pontem Hugonis ou Pont Hugon, remplacé depuis par l’actuel
                        Pont-d’Ain.</note>, ut <lb/> per <add place="interlinear">duo paria</add>
                        litterarum<note> La terminaison du mot est raturée pour tenir compte de
                        l’ajout intralinéaire.</note> donni Iohannis <foreign>Flury</foreign> de
                     testimonio et mandato quas reddit, in duabus libratis : XX libras viennensium
                     <lb/></item>
                  <item> idem libravit in quatuor quintal¬lis ferri et in duabus cordis ad opus
                     Pontis Hugonis, ut per <lb/> duo paria litterarum dicti donni Iohannis
                        <foreign>Flory</foreign> de testimonio et mandato, quas reddit : VII libras
                     VI denarios vien¬nensium <lb/></item>
                  <item> idem libravit donno Amici, cappellano, de helemosina debitta altari sancti
                     Georgii pro ipsa capella <lb/> deservienda singulis annis in festo beati
                     Martini, ut per litteram ipsius capellani de recepta, quam <lb/> reddit : VII
                     libras X solidos viennensium </item>
                  <item> item libravit Iohanni, preposito Ambroniaci, quos dominus dedit sibi <lb/>
                     in feudum percipiendos supra leydam Burgi, percipiendos singulis annis in festo
                     beati Michaelis, ut <lb/> per litteram ipsius de recepta quam reddit : C
                     solidos </item>
                  <item> item libravit liberis domini Humberti de Coterello <lb/> quas singulis
                     annis percipit supra macellum Burgi in Natale Domini, per litteram de recepta
                     <lb/> quam reddit : IIII libras viennensium </item>
                  <item> item libravit Girardo <foreign>de Cusirya</foreign><note> Aujourd’hui
                        Cuisery (Saône-et-Loire).</note> pro roba domini <lb/> portanda de Burgo
                     apud Ambroniacum : V solidos viennensium </item>
                  <item> item adlocantur sibi pro suo salario <lb/> unius anni et unius mensis :
                     XXXII libre X solidi viennensium </item>
                  <item> item in stipendiis nunciorum euntium <lb/> pro negociis domini per dictum
                     tempus : IIII libras XIIII solidos VI denarios viennensium </item>
                  <item> item adlocantur sibi <lb/> pro parte sua capienti XII denarios in qualibet
                     libra bannorum : LXIIII solidi viennensium</item>
               </list></p>
         </div>
         <div xml:id="bilan">
            <p><lb/> summa librate : IIII<hi rend="sup">C</hi> X<add place="interlinear">VI</add>
               libras XVI solidos III denarios viennensium et sic debet : IX<hi rend="sup">C</hi>
               LXIX libras X solidos <lb/> III denarios obolum viennensium</p>
         </div>
      </body>
   </text>
</TEI>
