<?xml version="1.0" encoding="UTF-8"?>
<?oxygen RNGSchema="http://www.tei-c.org/release/xml/tei/custom/schema/relaxng/tei_all.rng" type="xml"?>
<TEI xmlns="http://www.tei-c.org/ns/1.0" xml:id="B7080_6">
    <teiHeader>
        <fileDesc>
            <titleStmt>
                <title>Compte de Brun de Montailleur (<hi rend="italics">Brunus de
                    Monteillous</hi>), châtelain, pour la châtellenie de Bourg-en-Bresse et la
                    châtellenie de Châtillon-sur-Chalaronne, du lundi 26 février 1280 (nouveau
                    style) au jeudi 30 mai 1280 <date type="debut" from-iso="12800226" cert="high"
                        /><date type="fin" from-iso="12800530" cert="high"/></title>
                <respStmt>
                    <persName><name xml:lang="fra">Brunet de Montailleur</name><name xml:lang="lat"
                            >Brunus de Moteillous</name></persName>
                    <resp>Châtelain</resp>
                </respStmt>
            </titleStmt>
            <publicationStmt>
                <p>Christian Guilleré, Frédéric Chartrain et Alain Kersuzan, avec la collaboration de Nils Mantilleri, Jean-Michel Poisson, et Marianne Ronot, 
                    <title>Compte de Brun de Montailleur (<hi rend="italics">Brunus de
                        Monteillous</hi>), châtelain, pour la châtellenie de Bourg-en-Bresse et la
                        châtellenie de Châtillon-sur-Chalaronne, du lundi 26 février 1280 (nouveau
                        style) au jeudi 30 mai 1280</title>,
                    Lyon - Chambéry, 2011 (<title>Documents comptables des Etats de Savoie, XIIIe - XVe s.</title>)</p>
            </publicationStmt>
            <seriesStmt>
                <title>Bourg-en-Bresse</title>
                <title>Châtillon-sur-Chalaronne</title>
            </seriesStmt>
            <sourceDesc>
                <p>Information about the source</p>
            </sourceDesc>
        </fileDesc>
    </teiHeader>
    <text>
        <body>
            <div xml:id="cpt1" type="subaccount">
                <milestone n="13" unit="vue"/>
                <pb n="12"/>
                <div xml:id="prologue">
                    <p><lb/> Computus Bruni de <foreign>Montellous</foreign> castellani Burgi a die
                        lune post festum beati Mathie apostoli anno Domini M<hi rend="sup">o</hi>
                            CC<hi rend="sup">o</hi><lb/> LXX<hi rend="sup">o</hi> nono usque ad diem
                        iovis in festo ascensionis Domini que fuit III<hi rend="sup">o</hi> kalendas
                        iunii anno LXXX<hi rend="sup">o</hi> videlicet de XII septimanis et IIII<hi
                            rend="sup">or</hi> diebus </p>
                </div>
                <div xml:id="recepte">
                    <div xml:id="frumentum">
                        <head>frumentum</head>
                        <p><lb/> idem reddit computum <list>
                                <item> de XXII sestariis I quartallo frumenti receptis de remanentia
                                    computi sui precedentis </item>
                                <item> de exitu coponagii fori per dictum tempus non computat quia
                                    <lb/> nundum mensuravit bladum et nescit quantum est ibi de
                                    dicto blado </item>
                                <item><lb/> summa : XXII sestarii I quartallus frumenti — et
                                    remanent </item>
                            </list></p>
                    </div>
                    <div xml:id="siligo">
                        <head>siligo</head>
                        <p><lb/> idem reddit computum <list>
                                <item> de VII<hi rend="sup">XX</hi> XIX sestariis II quartallis II
                                    cupis siliginis receptis de remanentia computi sui anni
                                    precedentis — et remanent </item>
                            </list></p>
                    </div>
                    <div xml:id="avena">
                        <head>avena</head>
                        <p><lb/> idem reddit computum <list>
                                <item> de XLVI sestariis I quartallo II rasis avene receptis de
                                    remanentia computi sui anni precedentis — et remanent </item>
                            </list></p>
                    </div>
                    <div xml:id="fabe">
                        <head>fabe</head>
                        <p><lb/> idem reddit computum <list>
                                <item> de III quartallis fabarum receptis de remanentia computi sui
                                    precedentis — et remanent </item>
                            </list></p>
                    </div>
                    <div xml:id="iayssie">
                        <head>iayssie</head>
                        <p><lb/> idem reddit computum <list>
                                <item> de II quartallis II cupis iayssiarum receptis de remanentia
                                    computi sui precedentis — et remanent </item>
                            </list></p>
                    </div>
                    <div xml:id="milium">
                        <head>milium</head>
                        <p><lb/> idem reddit computum <list>
                                <item> de III sestariis milii receptis de remanentia computi sui
                                    precedentis — et remanent </item>
                            </list></p>
                    </div>
                    <div xml:id="galline">
                        <head>galline</head>
                        <p><lb/> idem reddit computum <list>
                                <item> de III<hi rend="sup">C</hi> IIII<hi rend="sup">XX</hi> II
                                    gallinis receptis de redditu et prepositura per annum ut in
                                    particulis computi precedentis — et remanent </item>
                            </list></p>
                    </div>
                    <div xml:id="fenum">
                        <head>fenum</head>
                        <p><lb/> idem reddit computum <list>
                                <item> de XIII charratis feni receptis de remanentia computi sui
                                    precedentis </item>
                                <item> de quibus in venditione ut infra : VII charrate </item>
                                <item><lb/> et restant VI charrate feni videlicet quinque charrate
                                    in grangia domini et una charrata apud
                                        <foreign>Chatelet</foreign> — et remanent </item>
                            </list></p>
                    </div>
                    <div xml:id="denarii_census">
                        <head>denarii census</head>
                        <p><list>
                                <item><lb/> de denariis census — de gardis — de talliis — teysis
                                    domorum — et macello nichil per dictum tempus quia recuperantur
                                    quolibet anno a festo beati Martini<note type="césure"><hi
                                            rend="italics">marti<lb/>ni</hi></note><lb/> usque ad
                                    epiphaniam Domini </item>
                            </list></p>
                    </div>
                    <div xml:id="leyda_fori_et_exitus_domus_fori">
                        <head>leyda fori et exitus domus fori<note type="césure"><hi rend="italics"
                                    >leyda fori et <lb/> exitus domus fori</hi></note></head>
                        <p><lb/> idem reddit computum <list>
                                <item> de XII libris viennensium receptis de exitu leyde fori Burgi
                                    per dictum tempus </item>
                                <item> de XXXI solidis viennensium receptis de exitu domus fori de
                                    non habentibus <lb/> banchas locatas per dictum tempus </item>
                                <item> de grosso banchagio fori de banchis locatis non
                                        computat<note> On a écrit <hi rend="italics"
                                        >conputat</hi>.</note> quia levatur in festo beati Martini </item>
                                <item><lb/> summa : XIII lb. XI s. vien. </item>
                            </list></p>
                    </div>
                    <div xml:id="firme">
                        <head>firme</head>
                        <p><list>
                                <item><lb/> de firmis furnorum et quarumdam aliarum rerum ut in
                                    computo precedenti non computat quia solvuntur in nativitate
                                    Domini et in festo beati Iohannis baptiste </item>
                            </list></p>
                    </div>
                    <div xml:id="passonagium">
                        <head>passonagium</head>
                        <p><list>
                                <item><lb/> de passonagio nichil per dictum tempus </item>
                            </list></p>
                    </div>
                    <div xml:id="laudes_et_vende">
                        <head>laudes et vende</head>
                        <p><lb/> idem reddit computum <list>
                                <item> de XXIIII solidis II denariis viennensium receptis de Ponceto
                                    de <foreign>Chales</foreign> pro laudibus et vendis terre quam
                                    emit de Peroneto <foreign>Beraut</foreign> pretio<note> On lit
                                        ici <hi rend="italics">precio</hi>, <hi rend="italics"
                                            >servitio</hi>, <hi rend="italics">tercia</hi>, <hi
                                            rend="italics">tocius</hi>, <hi rend="italics"
                                            >expedicione negociorum</hi>, <hi rend="italics"
                                            >capiencium</hi>, que l’on transcrit – selon la
                                        convention d’édition prescrivant l’usage général de la
                                        graphie classique –<hi rend="italics">pretio</hi>, <hi
                                            rend="italics">servitio</hi>, <hi rend="italics"
                                            >tertia</hi>, <hi rend="italics">totius</hi>, <hi
                                            rend="italics">expeditione negotiorum</hi>, <hi
                                            rend="italics">capientium</hi>.</note> septem librarum
                                    et quinque solidorum </item>
                                <item><lb/> de IIII libris VI solidis VIII denariis viennensium
                                    receptis de Petro <foreign>Beraut</foreign> pro domo empta de
                                    liberis Roberti <foreign>Meschin</foreign> pretio viginti sex
                                    librarum </item>
                                <item> de XXIII solidis IIII <lb/> denariis receptis de Bernardo
                                    Femine pro terra empta de Hugone <foreign>Eschacerat</foreign>
                                    pretio septem librarum </item>
                                <item> de XX solidis receptis de eodem Bernardo pro prato empto de
                                    relicta <lb/> Berteti de <foreign>Aucinges</foreign> pretio sex
                                    librarum </item>
                                <item> de III solidis receptis de Christineto de
                                        <foreign>Rost</foreign> pro servitio empto de Guichardo
                                        <foreign>Tamiser</foreign> pretio XVIII solidorum </item>
                                <item> de X solidis receptis de Hugone de Serna pro terra empta de
                                    relicta <foreign>Rollon</foreign> pretio sexaginta solidorum </item>
                                <item> de VI solidis VIII denariis receptis de Iocerando
                                        <foreign>Burgont</foreign> pro prato empto <lb/> de liberis
                                        <foreign>Marion de Corjonon</foreign> pretio quadraginta
                                    solidorum </item>
                                <item> de II solidis receptis de Andrea <foreign>Pigna</foreign> pro
                                    servitio empto de relicta <foreign>Rollon</foreign></item>
                                <item> de XXIII solidis <add place="interlinear">IIII denariis</add>
                                    receptis de <lb/> Stephano <foreign>Maschira</foreign> pro domo
                                    empta de Gubernatore pretio septem librarum </item>
                                <item> de XXXIII solidis IIII denariis receptis de Paysano pro
                                    dimidia domo empta de fratre <lb/> suo pretio decem librarum </item>
                                <item> de XVI solidis VIII denariis receptis de Iocerando de
                                        <foreign>Brou</foreign> pro domo empta de relicta
                                        <foreign>Roberzon</foreign> pretio centum solidorum </item>
                                <item> de XXVI solidis VIII <lb/> denariis receptis de Ruffo de
                                        <foreign>Foysia</foreign> pro tertia parte domus empte de
                                    Guioneto de <foreign>Sellon</foreign> pretio octo librarum </item>
                                <item><lb/> summa : XIII lb. XV s. X d. vien. </item>
                            </list></p>
                    </div>
                    <div xml:id="banna">
                        <head>banna</head>
                        <p><lb/> idem reddit computum <list>
                                <item> de VI libris viennensium receptis de quadam muliere de
                                        <foreign>Monz La Ferta</foreign> pro banno quia fecit
                                    quamdam ymaginem ceream pro falsa credencia </item>
                                <item> de <lb/> XL solidis receptis de Ponceto
                                        <foreign>Chanbril</foreign> pro eo quod fregit saysinam
                                    castellani </item>
                                <item> de XL solidis receptis de Hugone <foreign>Clenchin</foreign>
                                    pro eo quod percussit quemdam de cutello </item>
                                <item> de XII solidis <lb/> receptis de duabus minutis clamis per
                                    dictum tempus </item>
                                <item><lb/> summa : X lb. XII s. vien. </item>
                            </list></p>
                    </div>
                    <div xml:id="pedagium">
                        <head>pedagium</head>
                        <p><lb/> idem reddit computum <list>
                                <item> de IIII solidis viennensium receptis de uno equo
                                        transseunte<note> Lire <hi rend="italics"
                                        >transeunte</hi>.</note> per dictum tempus et levantur pro
                                    quolibet equo tringinta<note> Lire <hi rend="italics"
                                            >triginta</hi>.</note> tres denarii fortium </item>
                                <item> de VII solidis VI denariis viennensium <lb/> receptis de
                                    aliis duobus equis affollatis transseuntibus per idem tempus </item>
                                <item> de XXX solidis receptis de sex chargiis mercerie
                                    transseuntibus per dictum tempus et levantur pro qualibet tres
                                    solidi fortium </item>
                                <item> de II solidis receptis de exitu minuti pedagii per dictum
                                    tempus </item>
                                <item><lb/> summa : XLIII s. VI d. vien. </item>
                            </list></p>
                    </div>
                    <div xml:id="venditiones">
                        <head>venditiones</head>
                        <p><lb/> idem reddit computum <list>
                                <item> de C solidis viennensium receptis de septem charratis feni
                                    venditis ut supra pro tanto </item>
                                <item><lb/> summa : C s. vien. </item>
                            </list></p>
                    </div>
                    <div xml:id="iudei">
                        <head>iudei</head>
                        <p><lb/> idem reddit computum <list>
                                <item> de L libris viennensium receptis de Ioceto iudeo morante apud
                                    Burgum de anno incepto in paschate nuper preterito </item>
                                <item> de corsinis non computat quia <lb/> solvunt in festo
                                    purificationis beate Marie </item>
                                <item><lb/> summa : L lb. vien. </item>
                            </list></p>
                    </div>
                    <div xml:id="bilan_recepte">
                        <p><list>
                                <item><lb/> summa totius recepte : IIII<hi rend="sup">XX</hi> XV lb.
                                    II s. IIII d. vien. — de quibus respondet in computo sequenti de
                                    Castellione</item>
                            </list></p>
                    </div>
                </div>
            </div>
            <div xml:id="cpt2" type="subaccount">
                <div xml:id="prologue_2">
                    <p><lb/> Computus eiusdem castellani de exitu castellanie Castellionis per idem
                        tempus</p>
                </div>
                <div xml:id="recepte_2">
                    <div xml:id="siligo_2">
                        <head>siligo</head>
                        <p><lb/> idem reddit computum <list>
                                <item> de XLVI asinatis VII bichetis siliginis receptis de
                                    remanentia computi sui anni precedentis </item>
                                <item> de firma coponagii non computat quia debetur in festo beati
                                    <lb/> Iohannis. </item>
                                <item> summa : XLVI asinate VII bicheti siliginis — et remanent
                                </item>
                            </list></p>
                    </div>
                    <div xml:id="avena_2">
                        <head>avena</head>
                        <p><lb/> idem reddit computum <list>
                                <item> de XXIII asinatis et dimidia avene receptis de remanentia
                                    computi sui precedentis — et remanent </item>
                            </list></p>
                    </div>
                    <div xml:id="galline_2">
                        <head>galline</head>
                        <p><lb/> idem reddit computum <list>
                                <item> de XI gallinis receptis de redditu per annum in carniprivio
                                    ut in particulis in computo precedenti — venduntur ut infra
                                </item>
                            </list></p>
                    </div>
                    <div xml:id="cera_2">
                        <head>cera</head>
                        <p><list>
                                <item><lb/> de cera non computat quia recuperatur in festo beati
                                    Martini </item>
                            </list></p>
                    </div>
                    <div xml:id="denarii_census_2">
                        <head>denarii census</head>
                        <p><list>
                                <item><lb/> de denariis census — macello — et gardis non computat
                                    quia recuperantur a festo beati Martini usque ad epiphaniam
                                    Domini </item>
                            </list></p>
                    </div>
                    <div xml:id="firme_2">
                        <head>firme</head>
                        <p><list>
                                <item><lb/> de firmis nichil per dictum tempus et solvuntur ut in
                                    computo precedenti </item>
                            </list></p>
                    </div>
                    <div xml:id="laudes_et_vende_2">
                        <head>laudes et vende</head>
                        <p><lb/> idem reddit computum <list>
                                <item> de XVI solidis VIII denariis viennensium receptis de magistro
                                    Guillermo pro laudibus et vendis domus [quam] emit de Maschardo
                                    pretio centum solidorum </item>
                                <item> de XXV solidis receptis <lb/> de Aymone de Cletis pro domo
                                    empta de Hugone <foreign>Syont</foreign> pretio septem librarum
                                    et dimidie </item>
                                <item> de XV solidis receptis de donno Bernardo presbitero pro domo
                                    quam emit <lb/> de Iaqueta de <foreign>Illia</foreign> pretio
                                    quatuor librarum et dimidie </item>
                                <item><lb/> summa : LVI s. VIII d. vien. </item>
                            </list></p>
                    </div>
                    <div xml:id="banna_2">
                        <head>banna</head>
                        <p><list>
                                <item><lb/> de bannis nichil per dictum tempus </item>
                            </list></p>
                    </div>
                    <div xml:id="venditiones_2">
                        <head>venditiones</head>
                        <p><lb/> idem reddit computum <list>
                                <item> de III solidis VIII denariis receptis de undecim gallinis
                                    venditis ut supra pro tanto </item>
                                <item><lb/> summa : III s. VIII d. vien. </item>
                            </list></p>
                    </div>
                    <div xml:id="bilan_recepte_2">
                        <p><list>
                                <item><lb/> summa totius recepte : LX s. IIII d. vien. </item>
                            </list></p>
                        <div xml:id="arreragium">
                            <head>arreragium</head>
                            <p><lb/> idem reddit computum <list>
                                    <item> de IIII<hi rend="sup">XX</hi> XV libris II solidis IIII
                                        denariis viennensium receptis de remanentia computi sui
                                        dicti temporis de castellania Burgi proxime precedentis </item>
                                    <item> de VI<hi rend="sup">C</hi> XXVII libris V solidis <lb/>
                                        III obolis viennensium receptis de remanentia computi sui
                                        precedentis anni <del rend="overstrike">de</del> de
                                        predictis duabus castellaniis </item>
                                </list></p>
                        </div>
                        <div>
                            <p><list>
                                    <item><lb/> summa totius recepte cum arreragio : VII<hi
                                            rend="sup">C</hi> XXV lb. VII s. IX d. ob. vien. de
                                        quibus </item>
                                </list></p>
                        </div>
                    </div>
                </div>
                <div xml:id="expense_et_librate">
                    <p><list>
                            <item><lb/> in muro facto subtus duas columpnas in domo fori Burgi : VI
                                solidos viennensium </item>
                            <item> in stipendiis nunciorum per idem tempus : VI solidos </item>
                            <item> in stipendiis ipsius castellani per dictum <lb/> tempus capientis
                                per annum viginti quinque libras viennensium : XI libras viennensium </item>
                            <item> in stipendiis duorum clientum quos secum tenuit pro expeditione
                                negotiorum domini ultra conventionem <lb/> factam cum eo capientium
                                decem libras per annum a festo beate Lucie anno Domini LXXIX<hi
                                    rend="sup">o</hi> usque ad diem iovis predictam in ascensione
                                Domini videlicet per viginti quatuor septimanas <lb/> per litteram
                                domini de mandato quam ostendit : IIII libras XII solidos
                                viennensium </item>
                            <item> in stipendiis unius hominis recolligentis leydam per dictum
                                tempus : XIII solidos viennensium <lb/></item>
                            <item> idem libravit donno Bosoni capellano per litteram ipsius de
                                recepta quam reddit datam apud Sanctum Sinphorianum<note> Lire <hi
                                        rend="italics">Symphorianum</hi>. Aujourd’hui
                                    Saint-Symphorien d’Ozon (Rhône).</note> die veneris qua cantatur
                                    <foreign>Letare Iehrusalem</foreign><note> Lire <hi
                                        rend="italics">Hierusalem</hi>.</note> anno LXXIX<hi
                                    rend="sup">o</hi><note> Le vendredi 29 mars 1280 (nouveau style)
                                    : il faut probablement lire <hi rend="italics">die veneris [ante
                                        dominicam] qua cantatur</hi>.</note> : VI<hi rend="sup"
                                    >C</hi> libras viennensium </item>
                            <item><lb/> summa expense salarii et librate : VI<hi rend="sup">C</hi>
                                XVI lb. XVII s. vien. </item>
                        </list></p>
                </div>
                <div xml:id="bilan">
                    <p><list>
                            <item> et sic debet : CVIII libras X solidos IX denarios obolum
                                viennensium </item>
                            <item> de quibus deducuntur infrascripta de consilio donni Nicholai
                                donni Bosonis et Aymonis clerici videlicet IIII libre
                                    viennensium<note> L’original est ponctué ainsi : <hi
                                        rend="italics">de quibus deducuntur infrascripta de consilio
                                        donni Nicholai • donni Bosonis • et Aymonis clerici •
                                        videlicet IIII libre viennensium</hi>.</note> pro quibusdam
                                teysis Burgi nimis computatis <lb/> supra ipsum tempore quo fuit
                                castellanus dicti loci prout continetur in quadam littera iudicis
                                qui hoc inquisivit </item>
                            <item> item deducuntur C solidi viennensium pro stipendiis Hugonis de
                                Sancto Iohanne recolligentis<note type="césure"><hi rend="italics"
                                        >recolligen<lb/>tis</hi></note><lb/> coponagium fori Burgi
                                per duos annos minus tribus septimanis quibus tenuit dictum
                                coponagium ad manum suam ut in computis ipsius continetur </item>
                            <item> item <lb/> deducuntur LXX <sic>solidi solidi</sic><note> Le
                                    premier <hi rend="italics">solidi</hi> paraît raturé.</note>
                                viennensium pro sex solidis viennensium <add place="interlinear"
                                    >census</add> nimis computatis supra Anthonium clericum per
                                quatuor annos et pro <del rend="overstrike">sex</del><add
                                    place="interlinear">quinque</add> solidis et sex <del
                                    rend="overstrike">solidis et s</del> denariis nimis computatis
                                <lb/> per dictum tempus supra <foreign>La Pasqueta</foreign> et pro
                                quinque solidis nimis computatis per dictum tempus supra Petrum
                                    <foreign>Pigna</foreign> et pro duodecim denariis nimis
                                computatis supra <foreign>La Burbayna</foreign> per dictum <lb/>
                                tempus prout inventum est per probos homines </item>
                            <item><lb/> summa deducti : XII lb. X s. vien. </item>
                            <item> et sic debet finaliter : IIII<hi rend="sup">XX</hi> XVI lb. IX d.
                                vien. </item>
                            <item> de <lb/> quibus incontinenti solvit domino Iohanni Floridis per
                                confessionem ipsius presentis : XV libras viennensium </item>
                            <item> et sic debet : IIII<hi rend="sup">XX</hi> I libras IX denarios
                                viennensium <lb/> sciendum quod de dicto blado quod remanet ut supra
                                debent sibi allocari <del rend="overstrike">ut</del> VI sestarios I
                                quartallum siliginis qui nimis supra ipsum computati fuerunt tempore
                                <lb/> quo fuit castellanus prout probatum fuit coram iudicem</item>
                        </list></p>
                </div>
            </div>
        </body>
    </text>
</TEI>
