<?xml version="1.0" encoding="UTF-8"?>
<?xml-model href="http://www.tei-c.org/release/xml/tei/custom/schema/relaxng/tei_all.rng" type="application/xml" schematypens="http://relaxng.org/ns/structure/1.0"?><?xml-model href="http://www.tei-c.org/release/xml/tei/custom/schema/relaxng/tei_all.rng" type="application/xml"
	schematypens="http://purl.oclc.org/dsdl/schematron"?>
<TEI xmlns="http://www.tei-c.org/ns/1.0" xml:id="B7086_2">
   <teiHeader>
      <fileDesc>
         <titleStmt>
            <title>Compte de Barthélémy Guyot <hi rend="italics">(Bartholomeus Guyoti)</hi>, receveur
               du péage de Bourg-en-Bresse <hi rend="italics">(receptor pedagii de Burgo in
                  Brissia)</hi>, du lundi 31 janvier 1300 (nouveau style) au mardi 11 avril
               1301 <date type="debut" from-iso="13000131"
                  cert="high"/><date type="fin" from-iso="13010411" cert="high"/></title>
            <respStmt>
               <persName><name xml:lang="fra">Barthélémy Guyot</name><name xml:lang="lat">Bartholomeus Guyoti</name></persName>
               <resp>Châtelain</resp>
            </respStmt>
         </titleStmt>
         <publicationStmt>
            <p>Christian Guilleré, Frédéric Chartrain et Alain Kersuzan, avec la collaboration de Nils Mantilleri, Jean-Michel Poisson, et Marianne Ronot, 
               <title>Compte de Barthélémy Guyot <hi rend="italics">(Bartholomeus Guyoti)</hi>, receveur
                  du péage de Bourg-en-Bresse <hi rend="italics">(receptor pedagii de Burgo in
                     Brissia)</hi>, du lundi 31 janvier 1300 (nouveau style) au mardi 11 avril
                  1301</title>,
               Lyon - Chambéry, 2014 (<title>Documents comptables des Etats de Savoie, XIIIe - XVe s.</title>)</p>
         </publicationStmt>
         <seriesStmt>
            <title>Bourg-en-Bresse</title>
         </seriesStmt>
         <sourceDesc>
            <p>Information about the source</p>
         </sourceDesc>
      </fileDesc>
   </teiHeader>
   <text>
      <body>
         <milestone n="5" unit="vue"/>
         <pb n="6"/>
         <div xml:id="prologue">
            <p><lb/> Computus Bartholomei Guyoti receptoris pedagii de Burgo in Brissia a die lune
               ante Purificationem beate Marie <lb/> virginis anno nonagesimo nono<note> Le lundi 31
                  janvier 1300 (nouveau style).</note> usque ad diem martis, undecima die
                  intrantis<note> Pour <hi rend="italics">undecimam diem intrantem</hi>.</note>
               aprili, videlicet de uno anno novem septimanis <lb/> quinque diebus, receptus apud
               Chambariacum in presentia domini comitis per Hugonem Pontey et donnum Rodulfum de
                  <unclear>Berch[eria]</unclear>, capellanum. </p>
         </div>
         <div xml:id="recepte">
            <div xml:id="pedagium">
               <p><lb/> idem reddit computum <list>
                     <item> de IIIIXX XV libris VII solidis IIII denariis viennensium receptis de
                        duodecim viginti quatuordecim ballis uno quintallo et uno <lb/> quarto
                        quintalli pagnorum Francie transeuntium per dictum tempus, et levantur pro
                        qualibet balla septe<note> Pour <hi rend="italics">septem</hi>.</note>
                        solidi sex denarii viennensium, <lb/> videlicet<note><hi rend="italics"
                              >vide<lb/>licet</hi></note> pro pedagio Baugiaci decem octo denarii,
                        pro pedagio Burgi quatuor solidi, pro pedagio Sancti Andree duo solidi </item>
                     <item> de XII solidis IIII denariis <lb/> viennensium receptis de
                           bullionibus<note> Voir Godefroy, vol. 1, p. 107, <hi rend="italics">s.
                              v.</hi> boullage : " action de marquer d’un plomb nommé <hi
                              rend="italics">bouille</hi> les pièces de drap défectueuses ".</note>
                        dictarum ballarum per idem tempus, <del rend="underlined_dotted">et levantur
                           pro qualibet balla tres solidis novem</del></item>
                     <item> de XXXV libris XVI solidis <lb/> III denariis viennensium receptis de
                        novies undecim ballis lane transeuntium per idem tempus, et levantur pro
                        qualibet balla tres solidi novem <lb/> denarii, videlicet pro pedagio
                        Baugiaci novem denarii, pro pedagio Burgi duo solidi, pro pedagio Sancti
                        Andree duodecim denarii <lb/></item>
                     <item> de bulllionibus dictarum ballarum per dictum tempus nichil </item>
                     <item> de XX solidis III denariis receptis de quinque ballis et dymidia
                        fustanorum transeuntium per dictum <lb/> tempus<note> La graphie est
                           aberrante : <hi rend="italics">tpp</hi> pour <hi rend="italics"
                           >tps</hi>.</note>, et levatur de balla fustanorum secundum quod de balla
                        lane </item>
                     <item> de IIII libris XII solidis X denariis receptis de decem ballis uno
                        quintallo <lb/> mercerie<note><hi rend="italics">mer<lb/>cerie</hi></note>,
                        averi ponderis<note> Pour <hi rend="italics">averii ponderis</hi>. La
                           graphie de <hi rend="italics">ponderis</hi> est aberrante.</note>,
                        specierum, ballarum Venisie et rerum similium transeuntium per idem tempus,
                        et levantur pro qualibet balla <lb/> novem solidi, videlicet pro pedagio
                        Baugiaci decem octo denarii, pro pedagio Burgi quinque solidi, pro pedagio
                        Sancti Andree duo <lb/> solidi et sex denarii </item>
                     <item> de III solidis VI denariis receptis pro bullionibus dictarum ballarum </item>
                     <item> de XXXVII solidis III obolis receptis de sex chargiis <lb/> tribus
                        quintallis pellaterie chivrotinorum et similium transeuntium per idem
                        tempus, et levantur pro qualibet chargia quinque solidi<note>
                           soli<lb/>di</note><lb/> sex dena¬rii, videlicet pro pedagio Baugiaci
                        duodecim denarii, pro pedagio de Burgo tres solidi, pro pedagio Sancti
                        Andree decem octo <lb/> denarii </item>
                     <item> de bullionibus nichil </item>
                     <item> de VI libris XVI solidis X denariis obolo receptis de decem octo
                        chargiis uno quintallo cere transeun-tium per <lb/> idem tempus, et levantur
                        pro qualibet chargia septem solidi sex denarii, videlicet apud Baugiacum
                        decem octo denarii, apud Burgum quatuor solidi, <lb/> pro pedagio Sancti
                        Andree duo solidi </item>
                     <item> de XIIII libris XIX solidis receptis de oties<note> Pour octies.</note>
                        viginti tribus chargiis dymi¬dio quintallo cere, coriorum, <lb/>
                           alectium<note> Pour allectium.</note>, ferri, calibz<note> Pour chalybs
                           ou, mieux, chalybis.</note> et similibus transeuntibus<note> On
                           attendrait et similium transeuntium.</note> per idem tempus, et levantur
                        pro qualibet viginti duo denarii, videlicet apud Burgum <lb/> duodecim
                        denarii, apud Baugiacum quatuor denarii <del rend="underlined_dotted"
                           >denarii</del>, apud Sanctum Andream sex denarii </item>
                     <item> de bullionibus nichil de chargia pannorum Alamanie<note>
                           alama<lb/>nie</note><lb/> nichil per idem tempus </item>
                     <item> de XXXV libris IX solidis VI denariis receptis de quaterviginti sex
                        equis transeuntibus per dictum tempus, et <lb/> levantur pro quolibet
                           equo<note> La phrase est demeurée inachevée, bien qu’une ligne ait été
                           réservée à cet effet.</note><lb/></item>
                     <item> de VI libris XVIII denariis receptis de supradictis chargiis pro
                           sosta<note> Pour solta.</note>, et levantur pro qualibet tres dena¬rii
                        pro sosta Pontis <lb/> Vallis, Baugiaci et Burgi, exceptis oties<note> Pour
                           octies.</note> viginti tribus ballis ferri &lt;et&gt; alectium de quibus
                        nichil levatur pro sosta. </item>
                     <item> de <lb/> XLta solidis VI denariis receptis de exitu ponderis dictarum
                        ballarum et chargiarum, et levatur pro qualibet unus denarius </item>
                     <item> de XVII solidis <lb/> III denariis receptis de duobus centum<note> Pour
                           de ducentum.</note> tribus ballis chareatis<note> Pour carreatis.</note>
                        per currus loci</item>
                  </list></p>
               <p><lb/> summa : IIC V libre XIIII solidi III denarii</p>
            </div>
            <div xml:id="arreragium">
               <head>arreragium</head>
               <p><lb/> idem reddit computum <list>
                     <item> de IXXX XVII libris VII solidis VII denariis receptis de rema¬nentia
                           cumputi<note> Pour computi.</note> sui precedentis</item>
                  </list></p>
            </div>
            <div>
               <p><lb/> summa totius recepte cum arreragio : IIIIC III libre XXII denarii
                  viennensium</p>
            </div>
         </div>
         <div xml:id="expense_et_librate">
            <p>de quibus <lb/> idem libravit <list>
                  <item> ad expensas domini comitis factas per manum Hugonis de Voyrone<note>
                        Aujourd’hui Voiron (Isère).</note>, per litteras ipsius domini comitis et
                     dicti Hugonis de recepta <lb/> quas reddit, datas die mercurii ante Ramos
                     Palmarum, anno Domini Mo CCo nonagesimo nono<note> Le mercredi 30 mars 1300
                        (nouveau style).</note> : XXV libras viennensium </item>
                  <item> idem libravit <lb/> Bernardo, preposito Fossiaci<note> Aujourd’hui
                        Foissiat.</note>, per litteras do¬mini de mandato et litteras ipsius de
                     recepta datas in vigilia beati Michaelis<note> Le mercredi 28 septembre
                        1300.</note> quas reddit, pro <lb/> porcis emendis : XL libras </item>
                  <item> idem libravit per litteras domine comitisse uxori Morelli, lavanderie dicte
                     domine comitisse, in sex ulnis <lb/> et dymidia persi et in iocalibus emptis ad
                     opus ipsius per litteras domine comitisse datas dominica ante festum beati
                     Michaelis anno trecentesimo<note> Le dimanche 25 septembre 1300.</note> : <lb/>
                     IX libras XVI solidos viennensium </item>
                  <item> idem libravit Iaquemino Malbaylia<note> Giacomino Malabaila.</note> pro
                     debito trescentum librarum parvorum turonensium et centum librarum <lb/>
                     viennensium, quas litteras dictus Iaqueminus debet reddere quia solutus est tam
                     per dominum comitem quam per dictum Bertholomeum, et per litteram dicti
                        Iaquemini<note> iaquemi<lb/>ni</note><lb/> datam die veneris post festum
                     beate Marie Magdalene, anno tercentesimo<note> Le vendredi 29 juillet
                        1300.</note>, quas reddit : IIC LX libras viennensium <lb/></item>
                  <item> idem libravit in duodecim centum carpis emptis et positis in stagno de
                        <foreign>Chivriou</foreign><note> Aujourd’hui Chevroux ?</note> et porta¬gio
                     earum : XLVII libras XIX solidos VI denarios <lb/> monete Lugduni </item>
                  <item> idem libravit Milono terralono pro calciata de sex pedibus de alta ad
                     plumbum quam debuit facere in nemore <lb/><foreign>del Says</foreign><note>
                        Aujourd’hui Le Saix, c<hi rend="sup">ne</hi> de Péronnas.</note> de tachia
                     sibi data per dominum comitem : XXVII libras viennensium </item>
                  <item> item pro estalonibus<note> Voir Godefroy, vol. 3, p. 595, s.v. estalon : "
                        baliveau de l’âge de la dernière coupe ".</note> de albepinis emptis et
                     plantatis in fossatis <lb/> novis dicti nemoris <foreign>del Says </foreign>:
                     XXIII solidos VIII denarios viennensium </item>
                  <item> item pro duabus piochis de novo factis pro dictis fossatis quas penes se
                     habet : <lb/> X solidos viennensium </item>
                  <item> in centum carpis emptis de Guichardeto de Perosa positis in stagno de Burgo
                     in vigilia pasche anno <lb/> preterito : IIII libras V solidos viennensium </item>
                  <item> item in quatercentum quatraginta<note> Pour quadraginta.</note> octo carpis
                     emptis et positis in dicto stagno quadragesima proxime preterita <lb/> et
                     portagio earum : XVI libras VIII solidos </item>
                  <item> in sepibus factis anno preterito in dechargitorio stagni : XXXIII solidos X
                     denarios viennensium </item>
                  <item> in <lb/> reficiendo touo ipsius stagni tam in stipendiis tringinta<note>
                        Pour triginta.</note> terra¬lonum ibidem operantium et duodecim fayssis de
                     vorgiis emptis <lb/> et postibus positis ibidem de novo : XLI solidos VI
                     denarios viennensium </item>
                  <item> in vino presentato comiti Sancti Pauli ex parte domini comitis Sabaudie,
                     <lb/> ut per litteram domini de mandato quam reddit : VI libras XVI solidos X
                     denarios viennensium </item>
                  <item> in expensis unius poylloni domini pili grisi factis in domo <lb/> sua : XIX
                     solidos VII denarios viennensium </item>
                  <item> in duabus seris emptis et positis in dicto touo dicti stagni : VI solidos
                     viennensium</item>
               </list></p>
         </div>
         <milestone n="6" unit="vue"/>
         <pb n="7"/>
         <div xml:id="bilan">
            <p><lb/>summa expense et librate : IIIC IIIIXX XVI libre V denarii viennensium et XL VII
               libre XIX solidi VI denarii monete Lugduni et <lb/> sic debet : VII libras XVII
               denarios viennensium, et debentur ei : XL VII libras XIX solidos VI denarios monete
               Lugduni, de quibus viennensibus deducuntur <lb/> C solidi pro salario suo unius anni,
               et sic debet : XLI solidos V denarios viennensium, quibus aduntur : VII libre
               viennensium pro bona <lb/> moneta<note> mo<lb/>neta</note> quam recepit a festo
               Omnium Sanctorum citra, et sic debet : IX libras XVII denarios viennensium, qui
               deducuntur de supradictis quatra-ginta<note> Pour quadraginta.</note> septem libris
               decem novem solidis sex denariis qui supra sibi debentur de moneta Lugduni, et sic
               debentur ei : <lb/> XXXVIII libre XVIII solidi I denarius monete Lugduni, de quibus
               sibi satisfactum est per manum Ioffredi Guyoti, castellani quondam <lb/> Sancti
                  Sinphoriani<note> Aujourd’hui Saint-Symphorien-d’Ozon (Rhône).</note>. Memorandum
               est quod dictus Bartholomeus debet recuperare de Iaquemino Malabali litte¬ras quas
               habet idem Iaqueminus super debito triumcentum<note> Pour trecentum
                  (trecentarum).</note> librarum parvorum <lb/> turonensium et super debito centum
               librarum viennensium de quibus idem Iaqueminus solutus est ut supra, quas – si
               reddere recusavit – iniunctum est <lb/> dicto Bertholomeo quod ipse pecuniam quam
               solvit ipsi Iaquemino sibi supra alloquatam recuperet ab eodem in continenti</p>
         </div>
      </body>
   </text>
</TEI>
