<?xml version="1.0" encoding="UTF-8"?>
<?xml-model href="http://www.tei-c.org/release/xml/tei/custom/schema/relaxng/tei_all.rng" schematypens="http://relaxng.org/ns/structure/1.0"?>
<TEI xmlns:math="http://www.w3.org/1998/Math/MathML" xmlns="http://www.tei-c.org/ns/1.0"
    xmlns:xi="http://www.w3.org/2001/XInclude" xmlns:svg="http://www.w3.org/2000/svg"
    xml:id="B7082_6">
    <teiHeader>
        <fileDesc>
            <titleStmt>
                <title>Compte de Pierre de La Balme (<hi rend="italics">Petrus de Balma</hi>),
                    bailli de la Terre de Bâgé et de Coligny, châtelain de Bourg-en-Bresse, pour le
                    bailliage de la Terre de Bâgé et de Coligny et la châtellenie de
                    Bourg-en-Bresse, du jeudi 20 mai 1294 au samedi 16 avril 1295 <date type="debut"
                        from-iso="12940520" cert="high"/><date type="fin" from-iso="12950416"
                        cert="high"/></title>
                <respStmt>
                    <persName><name xml:lang="fra">Pierre de La Balme</name><name xml:lang="lat"
                            >Petrus de Balma</name></persName>
                    <resp>Châtelain</resp>
                </respStmt>
            </titleStmt>
            <publicationStmt>
                <p>Christian Guilleré, Frédéric Chartrain et Alain Kersuzan, avec la collaboration de Nils Mantilleri, Jean-Michel Poisson, et Marianne Ronot, 
                    <title>Compte de Pierre de La Balme (<hi rend="italics">Petrus de Balma</hi>),
                        bailli de la Terre de Bâgé et de Coligny, châtelain de Bourg-en-Bresse, pour le
                        bailliage de la Terre de Bâgé et de Coligny et la châtellenie de
                        Bourg-en-Bresse, du jeudi 20 mai 1294 au samedi 16 avril 1295</title>,
                    Lyon - Chambéry, 2011 (<title>Documents comptables des Etats de Savoie, XIIIe - XVe s.</title>)</p>
            </publicationStmt>
            <seriesStmt>
                <title>Bourg-en-Bresse</title>
            </seriesStmt>
            <sourceDesc>
                <p>Information about the source</p>
            </sourceDesc>
        </fileDesc>
    </teiHeader>
    <text>
        <body>
            <milestone n="7" unit="vue"/>
            <pb n="6"/>
            <div xml:id="prologue">
                <p><lb/><note> La peau a été numérotée <hi rend="italics">5</hi> par le crayon d’un
                        archiviste moderne.</note> Computus domini Petri de Balma baillivi<note> On
                        emploie toujours ici la forme <hi rend="italics">baillivus</hi>.</note>
                    terre Baugiaci et Coloigniaci et castellani Burgi <lb/> in Breysia a die iovis
                    ante festum beati Urbani anno Domini M<hi rend="sup">o</hi> CC<hi rend="sup"
                        >o</hi><sic>nonogesimo</sic><note> On emploie toujours ici <hi
                            rend="italics">nonogesimus</hi> pour <hi rend="italics"
                        >nonagesimus</hi>.</note> quarto usque ad diem sabbati decimam sextam <lb/>
                    diem mensis aprilis anno nonogesimo quinto, videlicet de quadraginta et octo
                    septimanis, receptus apud <lb/> Chambayriacum </p>
            </div>
            <div xml:id="recepte">
                <div xml:id="passonagium">
                    <head>passonagium</head>
                    <p><lb/> idem reddit computum <list>
                            <item> de XXX solidis fortium receptis de Martino Mailleti pro
                                passonagio nemoris <foreign>dou Sais</foreign> sibi vendito hoc anno
                                <lb/> pro tanto post passonagium ducentorum porcorum domini qui ibi
                                fuerant ante dictam venditionem </item>
                            <item> de exitu <lb/> passonagii <foreign>vavre</foreign> de
                                    <foreign>Corgenon</foreign> non computat quia nichil inde habuit </item>
                            <item><lb/> summa eadem : XXX s. fort. </item>
                        </list></p>
                </div>
                <div xml:id="introgia">
                    <head>introgia</head>
                    <p><lb/> idem reddit computum <list>
                            <item> de XXX solidis fortium receptis de Iohanne, Iaqueto et Andrea de
                                    <foreign>Drenc</foreign> fratribus pro introgio in
                                    burgesiam<note> burge<lb/>siam</note><lb/> Burgi hoc anno </item>
                            <item> de L solidis fortium receptis de hominibus de
                                    <foreign>Viria</foreign> pro introgio in gardam domini, et debet
                                <lb/> dare quilibet focus unam libram cere pro garda de qua decetero
                                computabit </item>
                            <item> de II solidis VI denariis <lb/> receptis de Petro
                                    <foreign>Lanicier</foreign> pro introgio in
                                    <sic>burgisiam</sic><note> On vient de lire distinctement <hi
                                        rend="italics">burgesiam</hi>, et le mot est ici raturé.
                                    Aurait-on d’abord commencé à écrire <hi rend="italics"
                                        >burgundiam</hi> ?</note> Burgi </item>
                            <item><lb/> summa : IIII lb. II s. VI d. fort. </item>
                        </list></p>
                </div>
                <div xml:id="banna">
                    <head>banna</head>
                    <p><lb/> idem reddit computum <list>
                            <item> de X solidis fortium receptis de fabro de Chavayriaco pro
                                fractura saysine </item>
                            <item> de X solidis receptis de <lb/><foreign>Goyrant</foreign> de
                                Chavayriaco pro rixa habita cum quodam leproso </item>
                            <item> de X solidis receptis de Galtero de Grueta <lb/> quia ligaverat
                                canem Humberti de <foreign>Cortaban</foreign> et duxerat ad domum
                                suam </item>
                            <item> de X solidis receptis de filio Bernarde <lb/> de
                                    <foreign>Lesinars</foreign> pro sanguine facto cuidam puero </item>
                            <item> de VII solidis VI denariis receptis de Hugoneto
                                    <foreign>Chevaler</foreign> quia verberavit uxorem<note
                                    type="césure"><hi rend="italics">uxo<lb/>rem</hi></note><lb/>
                                suam atrociter </item>
                            <item> de X solidis receptis a Petro de <foreign>Poillia</foreign> pro
                                sanguine facto bubulco Petri de Bosco </item>
                            <item> de XXV solidis <lb/> receptis de Petro <foreign>Prein</foreign>
                                quia inventi fuerunt boves sui in prato Guidonis Alver de nocte </item>
                            <item> de XXX solidis receptis de Guillermo
                                    <lb/><foreign>Chasaignart</foreign> pro sanguine facto filio
                                Coilli Vayri </item>
                            <item> de XXX solidis receptis de dicto <foreign>Lo Blen</foreign> pro
                                pena sibi imposita </item>
                            <item> de X libris <lb/> receptis de <foreign>Emendant</foreign> iudeo
                                quia de nocte arripuit quendam<note> On lira plus loin <hi
                                        rend="italics">quorundam</hi>, pour <hi rend="italics"
                                        >quorumdam</hi>, et c’est la seule occurrence où la consonne
                                    nasale qui précède le <hi rend="italics">d</hi> du suffixe de
                                    l’adjectif indéfini n’est pas abrégée.</note> puerum
                                    <sic>christinum</sic> et nescitur quid intendebat <lb/> facere
                                de eo </item>
                            <item> de XL solidis de Aymone de Villa Nova pro banno furti </item>
                            <item> de XXX solidis receptis a filio Guillermi <lb/> de Marlia pro
                                sanguine facto Iohanni de Marlia </item>
                            <item> de XX solidis receptis de Matheo <foreign>Coillon</foreign> de
                                Viriaco pro sanguine <lb/> facto Iohanni Chasaignola </item>
                            <item> de XXV solidis receptis a Bleyerio
                                    <foreign>d’Estrees</foreign><note> On a écrit <hi rend="italics"
                                        >destrees</hi>.</note> pro <del rend="overstrike">ux</del>
                                sanguine facto uxori Iohannis <foreign>Beteint</foreign></item>
                            <item><lb/> de X solidis receptis de Petro Gleverii de
                                    <foreign>Jaya</foreign> quia deportaverat leydam </item>
                            <item> de XXV solidis receptis de Galterono de Matiscone <del
                                    rend="overstrike">quia</del><lb/> pro eodem facto </item>
                            <item> de XIII solidis receptis de Iocerando de Tresselva pro consimili
                                facto </item>
                            <item> de XX solidis receptis de Girarda uxore <lb/> Guillermi
                                Pelliparii pro banno furti </item>
                            <item> de VII libris X solidis receptis de Vincentio<note> On lit ici
                                        <hi rend="italics">vincencio, tocius, negociis,
                                    euncium</hi>, que l’on transcrit – selon la convention d’édition
                                    prescrivant l’usage général de la graphie classique – <hi
                                        rend="italics">Vincentio, totius, negotiis,
                                    euntium</hi>.</note> Lauru de Foysiaco pro banno furti<note
                                    type="césure"><hi rend="italics">fur<lb/>ti</hi></note></item>
                            <item><lb/> de X solidis receptis de Petro de Molari de Longo Campo pro
                                banno furti </item>
                            <item> de X solidis receptis ab uxore Andree Sacheti <lb/> pro consimili
                                facto </item>
                            <item> de XL solidis receptis de Balbo de <foreign>Brou</foreign> pro
                                consimili facto </item>
                            <item> de L solidis receptis de filio dicti Fossorer pro consimili<note
                                    type="césure"><hi rend="italics">consimi<lb/>li</hi></note><lb/>
                                facto </item>
                            <item> de XII solidis VI denariis receptis de quodam homine de
                                Montelaferta pro itinere occupato </item>
                            <item> de XV solidis receptis de <lb/> Tonduto
                                    <foreign>d’Estres</foreign><note> On a écrit <hi rend="italics"
                                        >destres</hi>.</note> pro consimili facto </item>
                            <item> de XV solidis receptis de Clemenco<note> On attendrait <hi
                                        rend="italics"
                                    >clemente</hi>.</note><foreign>Baron</foreign><note> On avait
                                    commencé par écrire <hi rend="italics">-ar</hi> en abrégé, mais
                                    il était effectivement plus sage d’y renoncer.</note> de
                                    <foreign>Cra</foreign> quia conatus fuit capere equam <lb/>
                                curati de <foreign>Cra</foreign></item>
                            <item> de X solidis receptis ab uxore Guillon pro sanguine facto
                                magistro Iohanni </item>
                            <item> de V solidis receptis a <lb/> Martino<note type="césure"><hi
                                        rend="italics">mar<lb/>tino</hi></note> Mailleti quia porci
                                sui intraverunt nemus <foreign>del Says</foreign> et comederunt
                                glandes domini </item>
                            <item> de LX solidis receptis de Iohanne <lb/> Carpentarii pro banno
                                furti </item>
                        </list></p>
                    <div type="sub">
                        <head>clame </head>
                        <p><list>
                                <item> de IIII libris IX solidis VI denariis fortium receptis de
                                    triginta una clamis trium solidorum et inferius <lb/> per dictum
                                    tempus ut in particulis quas ostendit </item>
                            </list></p>
                    </div>
                    <div>
                        <p><list>
                                <item><lb/> summa : XLVII lb. III s. VI d. fort. — deductis
                                    quadraginta novem solidis <del rend="overstrike">quos</del><lb/>
                                    pro parte dicti baillivi capientis duodecim denarios in libra
                                </item>
                            </list></p>
                    </div>
                </div>
                <div xml:id="bilan_recepte">
                    <p><list>
                            <item><lb/> summa totius recepte : LII lb. XVI s. fort. de quibus
                            </item>
                        </list></p>
                </div>
            </div>
            <div xml:id="expense_et_librate">
                <p><list>
                        <item><lb/> in stipendiis quorundam nuntiorum missorum per idem tempus pro
                            negotiis domini : XIII solidos <del rend="overstrike">fortium</del>
                            viennensium </item>
                        <item><lb/> in expensis equi morelli domini et garcionis ipsum custodientis
                            quos tenuit a festo <sic>kathedre</sic><note> Lire <hi rend="italics"
                                    >cathedre</hi>.</note> sancti Petri usque ad diem confectionis
                            <lb/> presentis computi, videlicet per quinquaginta tres dies : IIII
                            libras viennensium </item>
                        <item> in expensis ipsius baillivi et Humberti de Bacino <lb/> euntium apud
                            Parisius de mandato domini et morando ibidem et redeundo per viginti
                            quinque dies inclusis triginta duobus <lb/> solidis quos Humbertus de
                            Bacino expendidit a Burgeto usque apud Burgum expectando ibidem dictum
                            baillivum per duos vel tres <lb/><supplied reason="support endommagé"
                                >dies</supplied> et inclusis triginta solidis pro expensis unius
                            somerii qui remansit infirmus apud <foreign>Chanceuz</foreign> cum uno
                                garcione<note> On a écrit <hi rend="italics">garione</hi>, assez
                                gauchement corrigé par l’ajout d’un signe d’abréviation dans
                                l’interligne supérieur.</note><lb/><supplied
                                reason="support endommagé">[… X]XXVII</supplied> libras XV solidos
                            viennensium </item>
                        <item> in expensis ipsius et magistri Guillermi de Sancto Germano et
                            procuratoris <lb/><supplied reason="support détruit">… …urra
                                    <foreign>(ajouté dans l’interligne supérieur)</foreign>
                                …chium</supplied> ad quandam diem assignatam cum dominis de
                            Trichastel et de Grancie super negotiis Symonini <lb/><supplied
                                reason="support détruit"> …</supplied><note> La lettre que l’on
                                distingue avant <hi rend="italics">IIII denarios</hi> ne paraît pas
                                appartenir à l’abréviation de <hi rend="italics">solidos</hi>,
                                peut-être plutôt à celle de <hi rend="italics">libras</hi>.</note>
                            IIII denarios viennensium </item>
                        <item> in stipendiis ipsius baillivi pro custodia Burgi et regimine sue
                            baillivie per <lb/><supplied reason="support détruit">unum annum
                                finiendum die</supplied> iovis ante festum beati Urbani anno
                            nonogesimo quinto : IIII<hi rend="sup">XX</hi> libras viennensium </item>
                        <item><supplied reason="support détruit">…</supplied> sibi debentur de
                            remanentia sui computi precedentis : XXIIII libras XI solidos IX
                            denarios viennensium </item>
                        <item><lb/> summa expense, salarii et librate : VII<hi rend="sup">XX</hi>
                            VIII lb. XIIII s. I d. vien.</item>
                    </list></p>
            </div>
            <div xml:id="bilan">
                <p><list>
                        <item> et <lb/><supplied reason="support détruit">sic debentur ei</supplied>
                            : XLIII libre II solidi I denarius viennensium computatis duobus
                            denariis viennensium pro uno forti de <lb/><supplied
                                reason="support détruit">[quibus satisfac]tum</supplied> est in
                            computo anni sequentis </item>
                        <item><lb/> vult dominus quod de isto computo deducantur XXV solidi
                            viennensium de expensis quas supra computavit pro equo domini et
                            garcione <lb/> ipsum custodiente quia intentionis domini erat quod
                            faceret ipsum custodari per<note> On a écrit <hi rend="italics"
                                >pro</hi>, mais l’écriture de tout cet ajout, probablement d’une
                                autre main, paraît peu soignée et assez cursive, comme s’il avait
                                été ajouté hâtivement.</note> suum garcionem et non per alium </item>
                        <item><lb/> item sciendum quod decetero non debet sibi allocari aliquid pro
                            salario</item>
                    </list></p>
            </div>
        </body>
    </text>
</TEI>
