<?xml version="1.0" encoding="UTF-8"?>
<?oxygen RNGSchema="http://www.tei-c.org/release/xml/tei/custom/schema/relaxng/tei_all.rng" type="xml"?>
<TEI xmlns="http://www.tei-c.org/ns/1.0" xml:id="B7081_7">
    <teiHeader>
        <fileDesc>
            <titleStmt>
                <title>Compte de Rodolphe de Riottiers (<hi rend="italics">Rodulphus de
                        Riorters</hi>), châtelain, pour la châtellenie de Bourg-en-Bresse, du 6
                    janvier 1288 (nouveau style) au mercredi 12 mai 1288 <date type="debut"
                        from-iso="12880106" cert="high"/><date type="fin" from-iso="12880512"
                        cert="high"/></title>
                <respStmt>
                    <persName><name xml:lang="fra">Rodolphe de Riottiers</name><name xml:lang="lat"
                            >Rodulphus de Riorters</name></persName>
                    <resp>Châtelain</resp>
                </respStmt>
            </titleStmt>
            <publicationStmt>
                <p>Christian Guilleré, Frédéric Chartrain et Alain Kersuzan, avec la collaboration de Nils Mantilleri, Jean-Michel Poisson, et Marianne Ronot, 
                    <title>Compte de Rodolphe de Riottiers (<hi rend="italics">Rodulphus de
                        Riorters</hi>), châtelain, pour la châtellenie de Bourg-en-Bresse, du 6
                        janvier 1288 (nouveau style) au mercredi 12 mai 1288</title>,
                    Lyon - Chambéry, 2012 (<title>Documents comptables des Etats de Savoie, XIIIe - XVe s.</title>)</p>
            </publicationStmt>
            <seriesStmt>
                <title>Bourg-en-Bresse</title>
            </seriesStmt>
            <sourceDesc>
                <p>Information about the source</p>
            </sourceDesc>
        </fileDesc>
    </teiHeader>
    <text>
        <body>
            <milestone n="9" unit="vue"/>
            <pb n="7"/>
            <div xml:id="prologue">
                <p><lb/> Computus<note> Ce compte a été numéroté <hi rend="italics">VII</hi> en
                        tête.</note> domini Rodulphi de Riorters militis castellani de Burgo in
                    Breyssia ab epiphanya<note> Lire <hi rend="italics">epiphania</hi>.</note><lb/>
                    Domini anno eiusdem M<hi rend="sup">o</hi> CC<hi rend="sup">o</hi> octogesimo
                    septimo sumendo millesimum in paschate usque ad diem mercurii quarto idus maii
                    anno sequenti videlicet <lb/> pro decem octo edomadis et duobus diebus </p>
            </div>
            <div xml:id="recepte">
                <div xml:id="banna">
                    <head>banna</head>
                    <p><lb/> idem reddit computum <list>
                            <item> de VII solidis VI denariis fortium receptis a Iohanne
                                    <foreign>Chavayria</foreign> pro eo quod fecerat sanguinem
                                clerico fratri suo </item>
                            <item> de XXV solidis receptis a dicto <foreign>Lo
                                    Charrer</foreign><lb/><foreign>de Ala</foreign> pro eo quod
                                percusserat quandam<note> Le rédacteur écrit <hi rend="italics"
                                        >quemdam</hi>, mais <hi rend="italics">quandam</hi> et non
                                        <hi rend="italics">quamdam</hi>, ainsi que <hi
                                        rend="italics">septenbris</hi> pour <hi rend="italics"
                                        >septembris</hi>.</note> mulierem euntem de nocte per domum
                                mercati </item>
                            <item> de VII solidis VI denariis receptis de Petro
                                    <foreign>Baruca</foreign> pro eo quod filius eius <lb/>
                                accusabatur fecisse sanguinem cuidam clerico </item>
                            <item> de XXV solidis receptis de Rosseto de
                                    <foreign>Montaignia</foreign> pro eo quod fraudulenter
                                mensurabat pannum quem <lb/> vendebat ad ulnam </item>
                            <item> de VII solidis VI denariis receptis de matre liberorum de
                                Stephano Rolino pro eo quod fecerat murum intra<note> On avait
                                    d’abord écrit <hi rend="italics">in</hi>, et le mot est
                                    raturé.</note> carreriam plus quam<note> On avait d’abord écrit
                                        <hi rend="italics">quod</hi>, et le mot est raturé.</note>
                                debebat </item>
                            <item><lb/> de XXX solidis receptis de Guichardo de
                                    <foreign>Molari</foreign> pro eo quod de quodam apro capto in
                                terra domini comitis non reddidit domino comite pedes apri sed
                                    tantummodo<note type="césure"><hi rend="italics"
                                        >tantum<lb/>modo</hi></note><lb/> capud<note> Lire <hi
                                        rend="italics">caput</hi>.</note></item>
                            <item> de X solidis receptis a dicto <foreign>Veysons</foreign>
                                macellario pro eo quod quandam gallinam non suam tenuit pro sua in
                                domo sua </item>
                            <item> de VII solidis VI denariis <lb/> receptis de Guinardo de
                                    <foreign>Poillia</foreign> pro eo quod accusabatur per vim
                                cognovisse quandam mulierem </item>
                            <item> de VII solidis VI denariis receptis de Hugone de
                                    <foreign>Cra</foreign> tabernario<note type="césure"><hi
                                        rend="italics">taber<lb/>nario</hi></note><lb/> pro banno
                                sanguinis facti per filium suum cuidam alteri </item>
                            <item> de VI solidis receptis de Broerio de <foreign>Poillia</foreign>
                                pro eo quod non manifestaverat castellano sanguinem<note
                                    type="césure"><hi rend="italics">sangui<lb/>nem</hi></note><lb/>
                                sibi factum per quemdam alium </item>
                            <item> de L solidis receptis de Agino iudeo pro eo quod vocavit
                                proditorem Borrelatum de Burgo </item>
                            <item> de<note> Une rédaction antérieure a été ici effacée puis
                                    biffée.</note> LXX solidis <lb/> receptis de Petro <del
                                    rend="overstrike">me</del> lathomo pro eo quod accusabatur
                                furtive cepisse in bacigno<note> Lire <hi rend="italics"
                                        >baccino</hi>.</note> de oblationibus factis altari beate
                                Marie quas recipiebat </item>
                        </list></p>
                    <div type="sub">
                        <head>clame</head>
                        <p><list>
                                <item><lb/> de II solidis receptis de Guillermo Moyroudi pro clama </item>
                                <item> de III solidis receptis de Petro <foreign>Porter</foreign>
                                    filio <foreign>a La Porterata</foreign> pro eodem </item>
                                <item> de II solidis VI denariis receptis de <foreign>La
                                        Barba</foreign><lb/> pro eodem </item>
                                <item> de XVIII denariis receptis <foreign>del Pignyer</foreign> pro
                                    eodem </item>
                                <item> de III solidis receptis a dicto <foreign>Lo Pensare</foreign>
                                    pro eodem </item>
                                <item> de II solidis receptis de Bernardo Fornerii pro eodem </item>
                                <item><lb/> de III solidis receptis de Guillermo
                                        <foreign>Salamon</foreign> pro eodem </item>
                            </list></p>
                    </div>
                    <div>
                        <p><list>
                                <item> summa : XIII libre X solidi VI denarii fortium — in quibus
                                    castellanus <lb/> percipit duos solidos in libra — et remanent
                                    domino : XII libre III solidi VI denarii fortium </item>
                            </list></p>
                    </div>
                </div>
                <div xml:id="introgia">
                    <head>intragia</head>
                    <p><lb/> idem reddit computum <list>
                            <item> de X solidis fortium receptis de Stephano de <foreign>La
                                    Vernea</foreign> pro intragio cuiusdam vercherie site apud
                                    <foreign>Vernea</foreign><del rend="overstrike">tra[dite]</del>
                                sibi tradite <lb/> et inde est homo domini talliabilis </item>
                        </list></p>
                </div>
                <div xml:id="escheyte">
                    <head>escheyte</head>
                    <p><list>
                            <item> de XX denariis receptis de decem cupis millii habitis de bonis
                                cuiusdam hominis de Selva defuncti sine herede </item>
                            <item><lb/> summa : XI solidi VIII denarii<note> Cette <hi
                                        rend="italics">summa</hi> paraît avoir été
                                ajoutée.</note></item>
                        </list></p>
                </div>
                <div xml:id="arreragium">
                    <head>arreragium</head>
                    <p><lb/> idem reddit computum <list>
                            <item> de <del rend="overstrike">XII libris XIX denariis
                                    obolo</del><note> On a omis d’effacer et de biffer la
                                    préposition.</note> de XIIII libris XIII solidis V denariis
                                fortium receptis a se ipso de remanentia computi sui Sancti Triverii
                                finiti prima <lb/> die mayi<note> Lire <hi rend="italics"
                                    >maii</hi>.</note> anno octogesimo septimo videlicet pro decem
                                novem libris undecim solidis tribus denariis parisiensium </item>
                            <item> de C XIIII solidis VII denariis <add place="interlinear"
                                    >obolo</add> receptis a se ipso de remanentia <lb/> computi sui
                                precedentis ut patet in ipso videlicet pro undecim libris novem
                                solidis tribus denariis viennensium </item>
                            <item><lb/> summa : XX libre VIII solidi obolus fortium </item>
                        </list></p>
                </div>
                <div xml:id="exitus_ponderis">
                    <head>exitus ponderis</head>
                    <p><lb/> idem reddit computum <list>
                            <item> de XXXVI solidis II denariis obolo fortium receptis de exitu
                                ponderis bladi per tempus supradictum </item>
                            <item><lb/> summa eadem </item>
                        </list></p>
                </div>
                <div xml:id="exitus_molendini">
                    <head>exitus molendini</head>
                    <p><lb/> idem reddit computum <list>
                            <item> de IIII solidis fortium receptis de quatuor meiteriis siliginis
                                receptis <add place="interlinear">circa carniprivium</add> de exitu
                                molendini subtus alam mercati quod solebat tenere <lb/> Stephanus
                                Terleti et a carniprivio citra cessavit propter deffectum<note> Lire
                                        <hi rend="italics">defectum</hi>.</note> aquarum </item>
                            <item> de molendino stangni quod tenebat dictus Stephanus nichil propter
                                <lb/> deffectum aquarum </item>
                            <item><lb/> summa : IIII solidi fortium</item>
                        </list></p>
                </div>
                <div xml:id="remanentia">
                    <p><lb/> idem reddit computum <list>
                            <item> de C solidis fortium receptis pro decem libris viennensium quas
                                dominus Iocerandus Burgondi debebat de remanentia computi <lb/> sui
                                de tempore quo fuit receptor reddituum Burgi </item>
                            <item> summa eadem </item>
                        </list></p>
                </div>
                <div xml:id="bilan_recepte">
                    <p><list>
                            <item><lb/> summa totius<note> On lit ici <hi rend="italics">tocius,
                                        negociis, portancium, adicio</hi>, que l’on transcrit –
                                    suivant la convention générale d’édition qui prescrit dans ce
                                    cas l’usage des formes classiques – <hi rend="italics">totius,
                                        negotiis, portantium, aditio</hi>.</note> recepte : XL libre
                                III solidi V denarii fortium — valent <lb/> ad viennenses uno forti
                                computato pro duobus denariis viennensium : IIII<hi rend="sup"
                                    >XX</hi> libras VI solidos X denarios viennensium de quibus
                            </item>
                        </list></p>
                </div>
            </div>
            <div xml:id="expense_et_librate">
                <p><note> On n’a pas jugé utile la rubrique <hi rend="italics">expense</hi>.</note><list>
                        <item><lb/> in diversis nunciis missis ad diversa loca pro negotiis domini :
                            III solidos IIII denarios viennensium </item>
                        <item> item in locagio bestiarum portantium blada ad molendinum que <lb/>
                            ponderabantur ad pondus domini comitis et chivillis<note> Lire <hi
                                    rend="italics">chevilliis</hi>.</note> bustie ponderis et sera
                            posita in archa iuxta pondus qua reponebantur <lb/> moldure bladi et una
                            cupa et uno capono<note> Il s’agit vraisemblablement d’un " capon ", "
                                crochet de fer accroché à un câble passant dans une poulie ". Voir
                                    <hi rend="italics">FEW</hi> II-1, 342a : <hi rend="italics"
                                    >caput</hi>.</note> factis pro molduris recipiendis : LIX
                            solidos V denarios </item>
                        <item> item expensis Guichardi <foreign>Luysat</foreign> recipientis <lb/>
                            exitum ponderis per dictum tempus : XXII solidos </item>
                        <item> item pro carreandis piscibus emptis a preposito Foissiaci et positis
                            in stangno domini apud <lb/> Burgum : IIII solidos </item>
                        <item> item <del rend="overstrike">in</del> pro uno tenptorio<note> Lire <hi
                                    rend="italics">tentorio</hi>.</note> portando de Burgo apud
                            Sanctum Triverium in paschate preterito<note> Le genre de cet épithète
                                signale l’usage de la forme neutre <hi rend="italics">Pascha,
                                    -tis</hi>.</note> quo dominus comes tenuit <lb/> ibi festum :
                            III solidos </item>
                        <item> item pro canali molendini desubtus alam mercati quod solebat tenere
                            Stephanus <sic>Terlleti</sic> curanda subtus <lb/> rotam ipsius
                            molendini et curssu<note> Lire <hi rend="italics">cursu</hi>.</note><del
                                rend="overstrike">dic[ti]</del> aque dicti molendini reparando : XX
                            solidos III denarios </item>
                        <item> item pro calciata stangni domini que <lb/> fracta fuerat propter
                                inundationes<note> On a écrit <hi rend="italics">in
                                undationes</hi>.</note> aquarum aptanda : IIII solidos VIII denarios </item>
                        <item> item pro mingaillya<note> Pour <hi rend="italics">mangeaille</hi>, "
                                ce qui se mange, nourriture " : voir <hi rend="italics">FEW</hi>
                                VI-1, 166a : <hi rend="italics">manducare</hi>.</note> et custodia
                            Guillermi de <foreign>Morestel</foreign><lb/> domicelli qui captus fuit
                            ante Ambrogniacum cum quibusdam aliis durante guerra pro viginti duabus
                            edomadis <lb/> finitis in vigilia nativitatis beate Marie
                                septenbris<note> Lire <hi rend="italics">septembris</hi>.</note>
                            anno octogesimo septimo et tunc mortuus fuit in dicta prisione : VI
                            libras </item>
                        <item><lb/> item in migaillia<note> Lire <hi rend="italics"
                                >mingaillia</hi>.</note> cuiusdam dicti Laurii qui fuit captus cum
                            eodem pro triginta una edomadis finitis in festo beati Martini <lb/>
                                hyemalis<note> Lire <hi rend="italics">hiemalis</hi>.</note> anno
                            octogesimo septimo et tunc mortuus fuit in prisione : LXV solidos </item>
                        <item> item in mingaillia filii Iohannis de
                            <foreign>Crespignia</foreign><lb/> et Benedicti de
                                <foreign>Breyssses</foreign> et bastardi Guidonis de
                                <foreign>Moyria</foreign> qui capti fuerunt cum predictis <del
                                rend="overstrike">ap[ud]</del> ante Ambrogniacum quos castellanus
                            <lb/> custodivit per octo edomadas tam pro tempore quo capti fuerunt
                            apud Ambrogniacum quam pro tempore quos<note> On attendrait <hi
                                    rend="italics">quo</hi>.</note> ipsos tenuit apud Burgum <lb/>
                            et post fuerunt missi <del rend="overstrike">et</del> apud Cusiriacum et
                            traditi Petro de Balma castellano ibidem de cuius prisione evaserunt :
                            IIII libras X solidos </item>
                    </list></p>
                <div xml:id="librata">
                    <head>librata</head>
                    <p><list>
                            <item> idem libravit <del rend="overstrike">Petri</del> in expensis
                                Petri Falconerii, Aquarie de Chavannes, Hunberti et Othonini
                                falconeriorum domini comitis factis <lb/> apud Burgum de mandato
                                domini comitis ut dicit et patet per litteram dicti Petri Falconerii
                                datam in vigilia purificationis <lb/> beate Marie anno octogesimo
                                    septimo<note> 1288 (nouveau style).</note> : LXXVI solidos
                                <lb/></item>
                            <item> item libravit eisdem falconeriis pro expensis factis apud Burgum
                                et pro expensis Stephani falconerii domini de Anthone cum ipsis
                                <lb/> ut per litteram domini comitis de mandato datam die iovis ante
                                mediam quadragesimam<note> On a écrit <hi rend="italics">XL<hi
                                            rend="sup">am</hi></hi>.</note> anno octogesimo
                                    septimo<note> 1288 (nouveau style).</note> et per litteram
                                dictorum Petri <lb/> et Othonini falconeriorum de recepta : XVI
                                libras III solidos </item>
                            <item><lb/> item donno Iacobo capellano domine comitisse ad expensas
                                ipsius domine factas apud Burgum ut per litteram eius datam die
                                <lb/> veneris post pascha anno octogesimo octavo : XXIII solidos </item>
                            <item><lb/> item domino Amedeo comiti Sabaudie per manum Andree de
                                Voyrone clerici ut per litteram domini comitis datam <lb/> die
                                veneris post pascha anno octogesimo octavo : C solidos </item>
                            <item><lb/> item libravit domino Guillermo de <foreign>Juys</foreign>
                                cui debebantur de expensis suis factis redeundo a rege Anglie ultra
                                id quod inde habuit <lb/> a domino Eynardo de Bardonesca baillivo
                                Baugiaci : XX libras </item>
                            <item><lb/> item libravit sibi ipsi pro salario suo per tempus
                                supradictum ad rationem triginta quinque librarum de salario per
                                annum : XII libras VII solidos </item>
                            <item><lb/> summa tottalis<note> Lire <hi rend="italics"
                                    >totalis</hi>.</note> expense et librate : LXXVIII libre VIII
                                denarii viennensium </item>
                            <item><lb/> et sic debet dictus castellanus domino comiti : XLVI solidos
                                II denarios viennensium </item>
                            <item> quibus <lb/> aduntur<note> Lire <hi rend="italics"
                                    >adduntur</hi>.</note> C V solidi viennensium recepti de
                                quadraginta libris cere quas debebat de remanentia computi sui
                                Sancti Treverii </item>
                            <item> item LIIII solidi viennensium quos <lb/> recepit de domino
                                Iohanne de <foreign>Genos</foreign> pro banno saisine fracte
                                deductis sex solidis pro parte castellani videlicet in qualibet
                                libra duo solidi<note> Le numéral <hi rend="italics">duo</hi>
                                    signale l’usage ici du nominatif.</note></item>
                            <item><lb/> item LXIII solidi viennensium quos recepit de bonis <add
                                    place="interlinear">mobilibus</add> cuiusdam mulieris de
                                Monlaferta commissis domino comiti ex eo quod infantem suum proprium
                                proiecit <lb/> furtive apud Baugiacum Villam et dimisit ibi et fugit
                            </item>
                        </list></p>
                </div>
            </div>
            <div xml:id="recepte_2">
                <div xml:id="additio_recepte">
                    <head>item aditio recepte<note> Cette rubrique a été ajoutée sur sept lignes
                            dans la marge gauche : <hi rend="italics">item aditio recepte <lb/> de
                                XXXIII solidis <lb/> receptis de redditu <lb/> feudi Alasie <lb/> de
                                Sachins ut <lb/> in dorsso presentis <lb/>
                        rotuli.</hi></note></head>
                    <p><list>
                            <item> de XXXIII solidis receptis de redditu feudi Alasie de Sachins ut
                                in dorsso<note> Lire <hi rend="italics">dorso</hi>.</note> presentis
                                rotuli </item>
                        </list></p>
                </div>
                <div xml:id="bilan_recepte_2">
                    <p><list>
                            <item><lb/> summa huius aditionis : XV libre XIIII denarios
                                    viennensium<note> On avait d’abord écrit <hi rend="italics">XIII
                                        libre VIII solidi II denarii</hi>. Cette première rédaction
                                    a été lourdement raturée et imparfaitement effacée pour prendre
                                    en compte l’ajout marginal.</note> de quibus </item>
                        </list></p>
                </div>
            </div>
            <div xml:id="expense_et_librate_2">
                <p><list>
                        <item><lb/> in duodecim libris cere emptis ad faciendum <del
                                rend="overstrike">unum</del> unam ymaginem<note> Lire <hi
                                    rend="italics">imaginem</hi>.</note> hominis ad offerendum beate
                            Marie Burgi de mandato domine comitisse : <lb/> XXXI solidos VI denarios
                            viennensium </item>
                        <item> item in factura dicte ymaginis et ipsa pingenda de rubeo <del
                                rend="overstrike">et una</del> ad unam crucem de armis domini
                            comitis : XX solidos </item>
                        <item><lb/> item in<note> On avait d’abord écrit, et le mot est
                                raturé.</note> octo libris cere emptis ad faciendum unam ymaginem
                            infantis <del rend="overstrike">et unum</del> de quatuor libris cere et
                            unum anulum cere de una libra cere <lb/> et unum crus hominis de tribus
                            libris cere ad offerendum beate Marie Burgi de mandato domine comitisse
                            : XXI solidos </item>
                        <item> item pro tribus prisionibus <lb/> qui capti fuerunt apud
                                <foreign>Ambrognay</foreign> ducendis apud Cusiriacum : VI solidos </item>
                        <item><lb/> summa : LXXVIII solidi VI denarii viennensium </item>
                    </list></p>
            </div>
            <div xml:id="bilan">
                <p><list>
                        <item><lb/> et sic debet dictus castellanus : XI libras II solidos VIII
                            denarios viennensium</item>
                    </list></p>
            </div>
        </body>
    </text>
</TEI>
