<?xml version="1.0" encoding="UTF-8"?>
<?xml-model href="http://www.tei-c.org/release/xml/tei/custom/schema/relaxng/tei_all.rng" schematypens="http://relaxng.org/ns/structure/1.0"?>
<TEI xmlns:math="http://www.w3.org/1998/Math/MathML" xmlns="http://www.tei-c.org/ns/1.0"
    xmlns:xi="http://www.w3.org/2001/XInclude" xmlns:svg="http://www.w3.org/2000/svg"
    xml:id="B7082_2">
    <teiHeader>
        <fileDesc>
            <titleStmt>
                <title>Compte de Compte de Pierre de Châtillon (Petrus de Castellione), bailli de la
                    Terre de Bâgé et de Coligny, châtelain de Bourg-en-Bresse, pour la châtellenie
                    de Bourg-en-Bresse du dimanche 1er avril 1291 (nouveau style) au lundi 1er
                    septembre 1292 <date type="debut" from-iso="12910401" cert="high"/><date
                        type="fin" from-iso="12920901" cert="high"/></title>
                <respStmt>
                    <persName><name xml:lang="fra">Pierre de Châtillon</name><name xml:lang="lat"
                            >Petrus de Castellione</name></persName>
                    <resp>Châtelain</resp>
                </respStmt>
            </titleStmt>
            <publicationStmt>
                <p>Christian Guilleré, Frédéric Chartrain et Alain Kersuzan, avec la collaboration de Nils Mantilleri, Jean-Michel Poisson, et Marianne Ronot, 
                    <title>Compte de Compte de Pierre de Châtillon (Petrus de Castellione), bailli de la
                        Terre de Bâgé et de Coligny, châtelain de Bourg-en-Bresse, pour la châtellenie
                        de Bourg-en-Bresse du dimanche 1er avril 1291 (nouveau style) au lundi 1er
                        septembre 1292</title>,
                    Lyon - Chambéry, 2011 (<title>Documents comptables des Etats de Savoie, XIIIe - XVe s.</title>)</p>
            </publicationStmt>
            <seriesStmt>
                <title>Bourg-en-Bresse</title>
            </seriesStmt>
            <sourceDesc>
                <p>Information about the source</p>
            </sourceDesc>
        </fileDesc>
    </teiHeader>
    <text>
        <body>
            <milestone n="3" unit="vue"/>
            <pb n="2"/>
            <div xml:id="prologue">
                <p><lb/><note> Le parchemin a été numéroté 2 par le crayon d’un archiviste
                        moderne.</note><note> Le compte a été numéroté <hi rend="italics">II</hi> à
                        l’époque de sa rédaction.</note> Cumputus<note> On écrit toujours ici <hi
                            rend="italics">cumputus</hi> pour <hi rend="italics">computus</hi>, mais
                        aussi régulièrement <hi rend="italics">compositione</hi>.</note> domini
                    Petri de Castellione ballivi terre Baugiaci et Cologniaci<note> Les terminaison
                            -<hi rend="italics">acum</hi> et -<hi rend="italics">iacum</hi> sont
                        l’une et l’autre attestées après le digramme -<hi rend="italics">gn-</hi>,
                        mais on rencontrera ici <hi rend="italics">Ambrogniaci</hi> écrit en toutes
                        lettres.</note> et castellani de Burgo a prima die mensis aprilis anno <lb/>
                    Domini M<hi rend="sup">o</hi> CC<hi rend="sup">o</hi> nonagesimo usque ad diem
                    lune que est prima dies mensis septembris anno<note> On avait commencé à écrire
                            <hi rend="italics">secundo</hi>, et le début du mot est raturé.</note>
                    nonagesimo secundo, videlicet de uno anno integro <lb/> et quinque mensibus,
                    factus per donnum Iohannem Floridi die sabbati et die dominica in fine augusti
                    anno nonagesimo secundo </p>
            </div>
            <div xml:id="recepte">
                <div xml:id="banna">
                    <head>banna</head>
                    <p><lb/> idem<note> On a fait ici précéder chaque rubrique ou paragraphe du
                            signe §.</note> reddit cumputum <list>
                            <item> de XXX<note> Le dernier chiffre a été corrigé après effacement
                                    d’une rédaction antérieure.</note> libris XVIII<note> Les quatre
                                    derniers chiffres ont été corrigés après effacement d’une
                                    rédaction antérieure.</note> solidis fortium receptis bannis
                                obvenientibus per idem tempus ut in particulis in dorso positis </item>
                            <item> de VI libris <lb/> II solidis receptis de quadraginta <del
                                    rend="overstrike">clamis</del> quinque clamis in dorso positis </item>
                            <item> de XXIX solidis receptis de novem hominibus por banno cavalcate
                                <lb/> ut in particulis in dorso </item>
                            <item> summa recepte : XXX VIII lb. IX s. fort. </item>
                        </list></p>
                </div>
                <div xml:id="compositiones">
                    <head>compositiones<note> La rubrique a été ajoutée sur deux lignes dans la
                            marge gauche : <hi rend="italics">composi<lb/>tiones</hi>.</note></head>
                    <p><lb/> idem reddit cumputum <list>
                            <item> de XXV libris fortium receptis de priorissa de
                                    <foreign>Sartines</foreign><note> On a écrit <hi rend="italics"
                                        >desartines</hi> : il s’agit du prieuré de l’abbaye
                                    Saint-André-le-Haut de Vienne à Certines.</note> ex compositione
                                facta pro Aymoneto nepote suo qui <lb/> quemdam hominem occidit apud
                                    <foreign>Sartines</foreign></item>
                            <item> de XV libris receptis de Guillermeto Cellerarii ex compositione
                                facta cum eo super <lb/> saysina<note type="césure"><hi
                                        rend="italics">say<lb/>sina</hi></note> bonorum quondam
                                Andree Borellati </item>
                            <item><lb/> summa recepte : XL lb. fort. </item>
                        </list></p>
                </div>
                <div xml:id="circuli">
                    <head>circuli</head>
                    <p><list>
                            <item><lb/> idem reddit cumputum </item>
                            <item> de VII libris X solidis fortium receptis de Guillermo circulario
                                de Masticone<note> Lire <hi rend="italics">Matiscone</hi>.</note>
                                pro circulis factis <del rend="overstrike">in nemore de
                                        <foreign>Tassongi</foreign></del><del rend="overstrike"><add
                                        place="interlinear">prioratus de
                                        <foreign>Treffort</foreign></add></del><note> On a écrit <hi
                                        rend="italics">Treffo-</hi> dans l’interligne supérieur et
                                        <hi rend="italics">–rt</hi> en fin de ligne, et l’on a omis
                                    de biffer ces deux lettres.</note><lb/> a paschate<note> On a
                                    écrit <hi rend="italics">apasch[ate</hi>]. La forme neutre est
                                    attestée plus loin par l’accusatif <hi rend="italics">post
                                        pascha</hi>.</note> citra anno nonagesimo secundo<note> On
                                    paraît avoir écrit <hi rend="italics">secunda</hi>.</note> in
                                nemore de <foreign>Bu</foreign> quod est prioratus de
                                    <foreign>Treffort</foreign></item>
                            <item><lb/> summa recepte : VII lb. X s. fort.<note> On a effacé un mot
                                    après <hi rend="italics">fort[ium]</hi>.</note></item>
                        </list></p>
                </div>
                <div xml:id="bilan_recepte">
                    <p><list>
                            <item><lb/> summa totius recepte : IIII<hi rend="sup">XX</hi> V lb. XIX
                                s. fort. </item>
                        </list></p>
                </div>
            </div>
            <div xml:id="expense_et_librate">
                <p><list>
                        <item> de quibus <lb/> in expensis triginta octo hominum qui ad mandatum
                            ballivi venerunt apud Ambrogniacum die lune post pascha anno Domini
                            <lb/> nonagesimo primo cum rex <unclear>S[ec]cilie</unclear><note>
                                L’épaisseur du trait rend la première syllabe très confuse. Lire <hi
                                    rend="italics">Sicilie</hi>.</note> ivit versus regem Alamanie </item>
                        <item> item in expensis quindecim dictorum hominum die martis sequenti <lb/>
                            apud Burgum ubi pernoctaverunt<note> Ici, c’est la deuxième syllabe qui
                                est indistincte et peut-être raturée. Ce verbe est écrit plus loin
                                beaucoup plus clairement. Le rédacteur paraît avoir des difficultés
                                à écrire convenablement le groupe <hi rend="italics"
                                >-ct-</hi>.</note> : XIII libras V solidos viennensium </item>
                        <item> item in expensis <del rend="overstrike">quin</del><note> On avait
                                commencé à écrire à nouveau <hi rend="italics">quindecim</hi>, mais
                                on a biffé la première syllabe.</note> decem hominum cum armis quos
                            duxit <lb/> de Burgo apud Sanctum Laurentium de Masticone pro negotio
                            Perrini Ysnardi dominica in quindena paschatis anno nonagesimo primo :
                            <lb/> XXXV solidos </item>
                        <item> item in expensis plurium hominum cum armis quos tenuit pro eodem
                            negotio Perrini die lune die martis die mercuri<note> On écrit toujours
                                ici <hi rend="italics">die mercuri</hi> pour <hi rend="italics">die
                                    mercurii</hi>.</note><lb/> sequentibus : LXII solidos </item>
                        <item> in expensis tresdecim<note> On écrit toujours ici <hi rend="italics"
                                    >tresdecim</hi> et <hi rend="italics">sexdecim</hi> pour <hi
                                    rend="italics">tredecim et sedecim</hi>.</note> hominum cum
                            armis quos misit de Burgo apud Castellionem pro adducendo Iocerando
                            <lb/> de <foreign>Bullieu</foreign> et primo miserat pro eodem sex
                            homines cum armis qui non adduxerunt eum : XL solidos </item>
                        <item> in expensis tresdecim hominum<note type="césure"><hi rend="italics"
                                    >homi<lb/>num</hi></note><lb/> cum armis quos habuit apud
                                <foreign>Lent</foreign> in insultu ibidem facto<note> Lent faisait
                                partie de la seigneurie de Beaujeu.</note> quorum sex pernoctaverunt
                            apud Burgum duabus noctibus <lb/> et alii una nocte : LXX solidos </item>
                        <item> in expensis Guillermi de <foreign>Vergon</foreign> castellani
                            Cologniaci qui reveniendo de <foreign>Lent</foreign> remanxit infirmus
                            <lb/> apud Burgum et expensis equi sui qui similiter remanxit ibidem
                            infirmus per plures dies : LX solidos </item>
                        <item> in expensis quater viginti <lb/> clientum de Treffortio qui ad
                            mandamentum venerunt apud <foreign>Lent</foreign> : LXX solidos V
                            denarios </item>
                        <item> in expensis decem<note> Le rédacteur se décide enfin à utiliser une
                                plume moins émoussée, et le changement est bien apparent.</note> et
                            octo hominum cum <lb/> armis quos mandavit pro comite Altisiodorensi et
                            fuerunt contramandati a dicto<note> On écrit <hi rend="italics"
                                    >adicto</hi>.</note> comite : LXVII solidos </item>
                        <item> in expensis quindecim <lb/> hominum cum armis quos duxit apud
                            Ambrogniacum cum dalphinus<note> Ce mot, apparemment peu familier au
                                rédacteur, est raturé, le <hi rend="italics">ph</hi> notamment lui
                                ayant créé des difficultés.</note> transivit in Gebennesii pro facto
                            Gebenne : LX solidos </item>
                        <item> in expensis <lb/> sexdecim<note type="césure"><hi rend="italics"
                                    >sex<lb/>decim</hi></note> hominum cum armis quos duxit secum ad
                            vastandum et comburendum una die apud Ambariacum et alia die apud <lb/>
                            Vareium et pernoctaverunt apud Burgum cum mandati fuerunt videlicet pro
                            dictis tribus diebus : IX libras </item>
                        <item> in expensis viginti novem <lb/> hominum cum armis die lune ante
                            festum beati Michaelis apud Ambrogniacum : VII libras viennensium </item>
                        <item> in expensis sexaginta novem <lb/> equorum dictorum viginti novem
                            hominum pro die martis sequenti et fuerunt sibi librata cibaria : C
                            solidos </item>
                        <item> in expensis viginti <lb/> clientum existentium Ambrogniaci per
                            quatuor dies finitos prima die augusti anno nonagesimo primo et tunc
                            facta fuit <lb/> conventio cum preposito<note> La dernière lettre paraît
                                raturée.</note> Ambrogniaci et aliis de viginti clientibus tenendis
                            et dabantur cuilibet duodecim denarii et <lb/> capitaneo<note
                                type="césure"><hi rend="italics">capi<lb/>taneo</hi></note>
                            quatuordecim denarii : IIII libras VIII denarios </item>
                        <item> in expensis quatuor hominum cum armis qui steterunt Ambrogniaci <lb/>
                            tribus diebus inceptis<note> On a effacé un mot qui avait été ajouté
                                dans l’interligne supérieur.</note> prima die augusti anno
                            nonagesimo primo </item>
                        <item> item in expensis septem hominum cum armis pro quinquaginta quatuor
                            <lb/> diebus inceptis quarta die mensis augusti anno nonagesimo primo
                            quorum nomina sunt hec :<note> Chaque nom de l’énumération qui suit est
                                délimité par des points, comme le sont les sommes par exemple. Il
                                est en outre précédé d’un léger trait vertical, qui paraît plutôt
                                l’œuvre d’un vérificateur soucieux de les dénombrer.</note> dominus
                            Aymo de <foreign>Langes</foreign>, Bertholomeus <lb/> de
                                <foreign>Bayseu</foreign>, Guillermus de <foreign>Buenc</foreign>,
                            Guigo de <foreign>Sachins</foreign>, Iohannes de Borna, et Odetus frater
                            eius, Iohannes Lupi — item in expensis eiusdem <lb/> ballivi qui stetit
                            apud Ambrogniacum cum dictis gentibus a prima die augusti usque ad diem
                            mercuri ante festum beati Michaelis <lb/><unclear>qua</unclear><note> On
                                avait d’abord écrit <hi rend="italics">qui</hi>.</note> ivit ad
                            dominum cum gentibus cum armis — item in expensis domini Guigonis
                                <foreign>del Luyat</foreign>, Guillermi de <foreign>La Geleri<note>
                                    La deuxième syllabe paraît raturée, comme si l’on avait voulu
                                    écrire <hi rend="italics">La Gelerri</hi>.</note></foreign>,
                            filii domini Iarentonis<note type="césure"><hi rend="italics"
                                    >iaren<lb/>tonis</hi>. </note><note>On avait commencé à écrire
                                la troisième syllabe en fin de ligne. </note><lb/> de
                                <foreign>Masorna</foreign>, Guerriti de <foreign>Sachins</foreign>,
                            Ogerii de <foreign>Cortos</foreign>, dicti <foreign>Lorat d’Estres<note>
                                    On a écrit <hi rend="italics">destres</hi>.</note></foreign>,
                            Richardi de <foreign>Cormareis</foreign> qui fuerunt <lb/> cum ballivo
                            Ambrogniaci circa nativitatem beate Marie tresdecim diebus — item in
                            expensis Roberti Borserii, Hugonis Bonardi, Stephani
                                <lb/><foreign>Delemmont</foreign> pro tribus diebus — et dantur
                            cuilibet tres solidi sex denarii et ballivo quinque solidi : IIII<hi
                                rend="sup">XX</hi> XIX libras XV solidos </item>
                        <item> in expensis ipsius <lb/> ballivi euntis Lugdunum pro treugis
                            prorogandis ad mandamentum ballivi Viennesii et domini Nicholay de
                                <foreign>Billens</foreign> et duxit secum cum <lb/> armis dominum de
                                <foreign>Corgenon</foreign> cum uno socio, dominum Iohannem Picardi
                            cum uno et plures alios : IIII libras V solidos </item>
                        <item> item in expensis <lb/> decem hominum cum armis quos duxit apud
                            Castellionem in festo beati Laurentii pro die domini Belliioci<note> On
                                distingue ici nettement l’initiale de la seconde partie du nom des
                                autres <hi rend="italics">i</hi> : <hi rend="italics">belli
                                    joci</hi>. Par une convention générale de transcription, on
                                évitera cependant l’usage du <hi rend="italics">j</hi> dans les
                                formes latines.</note> et expensis domini Stephani <lb/> de
                                <foreign>Portabo</foreign>, domini Iohannis Picardi, domini Berardi
                            de <foreign>Sachins</foreign>, domini Berardi de Bello Forti, domini
                            Iohannis de <foreign>Genos</foreign>, domini <sic>Andre</sic><note> On a
                                peut-être cherché à rajouter un second <hi rend="italics">e</hi>
                                dans l’interligne supérieur.</note><lb/> de Nantuaco, magistri
                                Guillermi<note> On avait écrit <hi rend="italics">Guillermo</hi>,
                                mais on a raturé la terminaison.</note> de Sancto<note> On écrit <hi
                                    rend="italics">desancto</hi></note> Germano et magistri
                            Guillermi de Secusia quos pro eodem duxit : LX solidos </item>
                        <item> in expensis <lb/> quindecim hominum quos fecit venire apud Burgum
                            quia dicebatur quod dominus Hugo de Burgundia habebat mandamentum <lb/>
                            et intendebat offendere in terra domini : LII solidos VI denarios </item>
                        <item> in expensis quindecim hominum cum associavit dominum comitem
                            venientem <lb/> de Anglia usque in montem Sancti Regneberti apud
                            Ambrogniacum : LV solidos </item>
                        <item> item in expensis eorumdem et sex aliorum hominum associantium <lb/>
                            quadrigam que deferebat denarios domini <note> On a ici effacé un mot,
                                une rédaction prématurée de la somme apparemment.</note> apud Burgum
                            et apud Ambrogniacum : IIII libras XV solidos </item>
                        <item> in expensis quinquaginta <lb/> hominum cum armis quos duxit secum de
                            Ambrogniaco apud Corberiam pro sex diebus : IIII<hi rend="sup">XX</hi>
                            libras </item>
                        <item> in<note> On constate à partir d’ici un nouveau changement de plume ou
                                d’encre, mais non de main.</note> diversis nunciis missis per idem
                            tempus <lb/><del rend="overstrike">XII</del> et exploratoribus : XII
                            libras III solidos IX denarios </item>
                        <item> in expensis quinque hominum quos misit comiti Altisiodorensi : XLV
                            solidos </item>
                        <item><lb/> in aptanda latrina castri : XII solidos VI denarios </item>
                        <item><lb/> summa expense : CC LX XIII lb. XIII s. X d. vien. </item>
                        <item><lb/> idem libravit sibi ipsi de stipendiis suis Dentasiaci<note> La
                                lecture pourrait sembler très incertaine, mais il est bien plus
                                explicitement question de cette " chevauchée qui alla à la rescousse
                                de Demptézieu " en 1291 à la peau 7 du rouleau, dans le compte de ce
                                même Pierre de Châtillon pour les revenus du prieuré de
                                Treffort.</note> per litteram domini datam die martis ante festum
                            omnium sanctorum anno <lb/> Domini M<hi rend="sup">o</hi> CC<hi
                                rend="sup">o</hi> nonagesimo primo quam reddit : XIIII libras XIX
                            solidos viennensium </item>
                        <item><lb/> idem libravit in expensis quorumdam<note> Il faut sans doute
                                suppléer <hi rend="italics">equorum</hi>.</note> factis apud
                            Bellicium per litteram domini datam dominica qua cantatur <quote>Letare
                                    <sic>Iherusalem</sic></quote><note> Lire <hi rend="italics"
                                    >Hierusalem</hi>.</note><lb/> anno nonagesimo primo<note> Le
                                dimanche 16 mars 1292 (nouveau style).</note> quam reddit : XI
                            libras XIX<note> On avait d’abord écrit <hi rend="italics">XV</hi> et le
                                nombre est raturé.</note> solidos V denarios viennensium </item>
                        <item><lb/> idem libravit in expensis quorumdam equorum factis apud
                            Castellionem in Michellia, apud Bellicium, apud Burgum per litteram
                            <lb/> domini datam dominica qua cantatur <quote>Letare
                                    <sic>Ierhusalem</sic></quote><note> Lire <hi rend="italics"
                                    >Hierusalem</hi>.</note> anno nonagesimo primo<note> On a écrit
                                    <hi rend="italics">anno nonagesimo quam reddit primo</hi>, mais
                                on a indiqué par des signes en forme d’accent aigu surmonté d’un
                                point qu’il fallait rétablir ainsi l’ordre des mots.</note> quam
                            reddit : XV libras XVIII solidos I denarium viennensium </item>
                        <item><lb/> idem libravit Agneti de Cusello in expensis suis morando apud
                            Burgum et ab inde recedendo charreagio eius per litteram <lb/> dicte
                            Agnetis datam die sabbati post nativitatem beati Iohannis baptiste et
                            per duo paria litterarum domini de mandato quas reddit : XVIII libras II
                            solidos IIII denarios viennensium </item>
                        <item><lb/> idem libravit in expensis sex clientum missorum apud Cologniacum
                            quia castellanus erat apud <foreign>Poinrentru</foreign> per litteram
                            donni Iohannis <lb/> Floridi de mandato datam die iovis ante festum
                            beate Marie Magdalene anno nonagesimo primo quam reddit et dabantur
                            <lb/> cuilibet decem octo denarii in die pro sex diebus : LIIII solidos
                            viennensium </item>
                        <item><lb/> idem libravit preposito Ambrogniaci et Iohannis de
                                <foreign>Gardon</foreign> pro munitione quam tenerunt Ambrogniaci
                            per litteram eorum de recepta <lb/> datam die mercuri<note> On pourrait
                                ici transcrire <hi rend="italics">mercurii</hi>, mais ce mot a été
                                rencontré précédemment écrit ainsi en toutes lettres.</note> ante
                            festum decollationis beati Iohannis anno nonagesimo secundo quam reddit
                            : XL libras VII solidos viennensium </item>
                        <item><lb/> idem libravit in expensis domine comitisse factis apud Burgum in
                            septimana rogationum per litteram domine datam Burgi <lb/> dominica ante
                            penthecosten anno nonagesimo primo : XL libras viennensium </item>
                        <item><lb/> idem libravit ad expensas domine comitisse factas per manum
                                donni<note> Le mot est abrégé, et l’on pourrait bien sûr transcrire
                                    <hi rend="italics">domini</hi>, mais il s’agit d’un homme
                                d’Église, et l’on a rencontré précédemment <hi rend="italics">donni
                                    Johannis Floridi</hi>.</note> Iacobi capellani per litteram
                            domine comitisse datam die <lb/> lune post mediam
                                <sic>kadragesimam</sic><note> Lire <hi rend="italics"
                                    >quadragesimam</hi>.</note> anno nonagesimo primo<note> Le lundi
                                17 mars 1292 (nouveau style).</note> quam reddit : X libras
                            viennensium </item>
                        <item><lb/> idem libravit in carreagio pro rafurno Treffortii per litteram
                            domine comitisse datam dominica ante penthecosten <lb/> anno nonagesimo
                            primo quam reddit : L solidos viennensium <lb/></item>
                        <item> idem libravit sibi ipsi pro triginta tribus libris quinque solidis
                            fortium qui sibi debebantur de remanentia cumputi precedentis<note> On a
                                ajouté en marge la sous-rubrique <hi rend="italics"
                                >arreragium</hi>.</note> : LXVI libras X solidos viennensium </item>
                        <item><lb/> idem libravit sibi ipsi pro parte sua bannorum superius
                            cumputatorum et capit duos solidos in libra : VII libras viennensium </item>
                        <item><lb/> idem libravit Guillermo de <foreign>Chandeia</foreign> de
                            septuaginta libris quas debebat ei dominus pro uno equo ab eo empto et
                            castellanus <lb/> Sancti Triverii solvit viginti libras dicto Guillermo
                            de mandato domini per litteram dicti Guillermi de recepta datam mense
                            <lb/> iunii anno nonagesimo secundo : L libras viennensium </item>
                        <item><lb/> idem libravit sibi ipsi pro salario suo unius anni finiti in
                            octabis assumptionis beate Marie anno nonagesimo primo : C libras
                            viennensium </item>
                        <item><lb/> idem libravit sibi ipsi pro salario suo unius anni finiti in
                            octabis assumptionis beate Marie anno nonagesimo secundo : C libras
                                viennensium<note> Cet article n’a pas été distingué du précédent par
                                le rédacteur qui a placé les signes § en tête de chaque article, les
                                deux annuités constituant un tout.</note></item>
                        <item><lb/> summa librate cum arreragio et salario : IIII<hi rend="sup"
                                >C</hi> LXXIX lb. XIX s. X d. vien. </item>
                        <item><lb/> summa librate et expense : VII<hi rend="sup">C</hi> LIII lb.
                            XIII s. VIII d. vien. </item>
                        <item> de quibus deducuntur pro quater <lb/> viginti quinque libris decem
                            novem solidis fortium novorum de totali recepta superius : VIII<hi
                                rend="sup">XX</hi> XI libre XVIII solidi viennensium </item>
                        <item><lb/> et sic debentur ei : V<hi rend="sup">C</hi> IIII<hi rend="sup"
                                >XX</hi> I libre XV solidi VIII denarii viennensium </item>
                        <item> item quos solvit in expensis donni <lb/> Iohannis Floridi et Petri
                            clerici : XX solidi </item>
                        <item> item quos solvit Hugoni Bonardi cui debebantur pro quibusdam expensis
                            quas fecerat <lb/> pro cavalcatis et per hoc debent esse expedite et
                            solute cacherie que facte fuerunt pro custodiendis navibus in portu
                            <lb/> de Enz : VII libre XVIII solidi V denarii viennensium </item>
                        <item> item in expensis Peloux <foreign>del Says</foreign>, Henrici de
                            Vileta, Stephani de <foreign>Bu</foreign> qui <lb/> fuerunt Ambrogniaci
                            in munitione per litteram domini Iohannis de Sancto Albano de testimonio
                            quam reddit datam in vigilia <lb/> beati Sebastiani anno nonagesimo
                                primo<note> Le samedi 19 janvier 1292 (nouveau style)</note> quam
                                reddit<note> Le rédacteur a répété <hi rend="italics">quam
                                    reddit</hi>, qu’il avait déjà écrit par erreur avant la date de
                                la lettre. L’ordre consacré par le formulaire était en effet <hi
                                    rend="italics">per litteram domini Iohannis de Sancto Albano de
                                    testimonio datam in vigilia beati Sebastiani anno nonagesimo
                                    primo quam reddit</hi>.</note> : LIX solidi VI denarii
                            viennensium </item>
                        <item> item in expensis duorum <del rend="overstrike">duorum</del> equorum
                            domini <lb/> Petri <foreign>d’Estavaie</foreign> de duodecim diebus : LV
                            solidi II denarii </item>
                        <item> item pro uno roncino quem dominus dedit Nicholerio fratri
                            Guillermerii per <lb/> testimonium Petri clerici : XII libre viennensium </item>
                        <item> in galilea capelle sancti Georgii de Burgo de mandato domine
                            comitisse : LX solidos </item>
                        <item><lb/> summa : XXIX lb. XIII s. I d. vien.</item>
                    </list></p>
            </div>
            <div xml:id="bilan">
                <p><list>
                        <item> et sic debentur eidem : VI<hi rend="sup">C</hi> XI libre VIII solidi
                            IX denarii viennensium</item>
                    </list></p>
            </div>
        </body>
    </text>
</TEI>
