<?xml version="1.0" encoding="UTF-8"?>
<?oxygen RNGSchema="http://www.tei-c.org/release/xml/tei/custom/schema/relaxng/tei_all.rng" type="xml"?>
<TEI xmlns="http://www.tei-c.org/ns/1.0" xml:id="B7080_2">
    <teiHeader>
        <fileDesc>
            <titleStmt>
                <title>Compte de Brun de Montailleur (<hi rend="italics">Brunus</hi>), châtelain,
                    pour la châtellenie de Bourg-en-Bresse (<hi rend="italics">visio</hi>) et la
                    châtellenie de Châtillon-sur-Chalaronne (<hi rend="italics">visio</hi>), du
                    lundi 1er mars 1278 (nouveau style) au lundi 28 février 1279 (nouveau style)
                        <date type="debut" from-iso="12780301" cert="high"/><date type="fin"
                        from-iso="12790228" cert="high"/></title>
                <respStmt>
                    <persName><name xml:lang="fra">Brunet de Montailleur</name><name xml:lang="lat"
                            >Brunus de Motellous</name></persName>
                    <resp>Châtelain</resp>
                </respStmt>
            </titleStmt>
            <publicationStmt>
                <p>Christian Guilleré, Frédéric Chartrain et Alain Kersuzan, avec la collaboration de Nils Mantilleri, Jean-Michel Poisson, et Marianne Ronot, 
                    <title>Compte de Brun de Montailleur (<hi rend="italics">Brunus</hi>), châtelain,
                        pour la châtellenie de Bourg-en-Bresse (<hi rend="italics">visio</hi>) et la
                        châtellenie de Châtillon-sur-Chalaronne (<hi rend="italics">visio</hi>), du
                        lundi 1er mars 1278 (nouveau style) au lundi 28 février 1279 (nouveau style)</title>,
                    Lyon - Chambéry, 2011 (<title>Documents comptables des Etats de Savoie, XIIIe - XVe s.</title>)</p>
            </publicationStmt>
            <seriesStmt>
                <title>Bourg-en-Bresse</title>
                <title>Châtillon-sur-Chalaronne</title>
            </seriesStmt>
            <sourceDesc>
                <p>Information about the source</p>
            </sourceDesc>
        </fileDesc>
    </teiHeader>
    <text>
        <body>
            <div xml:id="cpt1" type="subaccount">
                <milestone n="5" unit="vue"/>
                <pb n="4"/>
                <div xml:id="prologue">
                    <p><lb/>Visio Bruni castellani Burgi de uno anno finito die lune post <add
                            place="interlinear">festum</add> beati Mathie apostoli anno LXX<hi
                            rend="sup">o</hi> octavo<note> Le lundi 28 février 1279 (nouveau
                            style).</note></p>
                </div>
                <div xml:id="recepte">
                    <div xml:id="frumentum">
                        <head>frumentum</head>
                        <p><list>
                                <item><lb/> idem recepit per idem tempus : I quartallum frumenti, de
                                    redditu per annum — et remanet </item>
                            </list></p>
                    </div>
                    <div xml:id="siligo">
                        <head>siligo</head>
                        <p><list>
                                <item><lb/> idem recepit per idem tempus : XXXIIII sestarios III
                                    bichetos siliginis, de redditu per annum </item>
                                <item> item : XXXIII sestarios III quartallos, pro messe </item>
                                <item><lb/> summa totius<note> On lit ici <hi rend="italics"
                                            >tocius</hi>, <hi rend="italics">forcium</hi>, <hi
                                            rend="italics">vendiciones</hi>, <hi rend="italics"
                                            >remanencia</hi>, que l’on transcrit – selon la
                                        convention d’édition prescrivant dans ce cas l’usage général
                                        de la graphie classique – <hi rend="italics">totius</hi>,
                                            <hi rend="italics">fortium</hi>, <hi rend="italics"
                                            >venditiones</hi>, <hi rend="italics"
                                        >remanentia</hi>.</note> siliginis : LXVIII sestarii I
                                    bichetus siliginis — et remanet </item>
                            </list></p>
                        <div type="sub">
                            <head>arreragium</head>
                            <p><list>
                                    <item><lb/> idem recepit de arreragio : LXXI sestarios I
                                        bichetum I cupam siliginis — venditur ut infra</item>
                                </list></p>
                        </div>
                    </div>
                    <div xml:id="avena">
                        <head>avena</head>
                        <p><list>
                                <item><lb/> idem recepit per idem tempus : XVII sestarios I
                                    quartallum I rassum avene — et remanet </item>
                            </list></p>
                        <div type="sub">
                            <head>arreragium</head>
                            <p><list>
                                    <item><lb/> idem recepit de arreragio : XVII sestarios I
                                        quartallum I rassum avene — et venditur<note> On transcrit
                                            ici la forme abrégée par un singulier, car on a
                                            rencontré <hi rend="italics">remanet</hi> à la ligne
                                            précédente et <hi rend="italics">venditur</hi> dans la
                                            recette de seigle.</note> ut infra </item>
                                </list></p>
                        </div>
                    </div>
                    <div xml:id="pisi">
                        <head>pisa</head>
                        <p><list>
                                <item><lb/> idem recepit : III bichetos <del rend="overstrike">I
                                        quartallum et dimidium</del> pisorum cicerum — et remanent
                                </item>
                            </list></p>
                    </div>
                    <div xml:id="panes">
                        <head>panes</head>
                        <p><list>
                                <item><lb/> idem recepit : II panes, de redditu per annum —
                                    venduntur ut infra </item>
                            </list></p>
                    </div>
                    <div xml:id="canabum">
                        <head>canabum</head>
                        <p><list>
                                <item><lb/> idem recepit : II moyssellos canabi, de redditu per
                                    annum — venduntur ut infra </item>
                            </list></p>
                    </div>
                    <div xml:id="galline">
                        <head>galline</head>
                        <p><list>
                                <item><lb/> idem recepit : CCC IIII<hi rend="sup">XX</hi> II
                                    gallinas, de redditu per annum — venduntur ut infra </item>
                            </list></p>
                    </div>
                    <div xml:id="cera">
                        <head>cera</head>
                        <p><list>
                                <item><lb/> idem recepit : XXIIII libras cere, que debentur pro
                                    garda — venduntur ut infra </item>
                            </list></p>
                    </div>
                    <div xml:id="vinum">
                        <head>vinum</head>
                        <p><list>
                                <item><lb/> idem recepit : XLV sestarios vini, de quinquaginta
                                    duobus sestariis qui debentur pro manso de Grangiis de redditu
                                    per annum, dicens quod residuum <lb/> non potest recuperare
                                    propter defectum vindemiarum </item>
                                <item><lb/> summa : XLV sestarii vini — venduntur ut infra </item>
                            </list></p>
                    </div>
                    <div xml:id="fenum">
                        <head>fenum</head>
                        <p><list>
                                <item><lb/> de feno non computat quia nundum est venditum et ignorat
                                    quot sint ibi carrate </item>
                            </list></p>
                    </div>
                    <div xml:id="denarii_census">
                        <head>denarii census</head>
                        <p><list>
                                <item><lb/> idem recepit : XXXIII libras XV solidos VII denarios
                                    fortium novorum, de redditu antiquo per annum </item>
                                <item> item recepit : XXIIII solidos I obolum, de empto <lb/>
                                    Corteis <foreign>Reynaut</foreign></item>
                                <item> item recepit : IX solidos fortium, de manso de Montagnia, pro
                                    parte domini Bartholomei Tardi, canonici Sancti Iusti defuncti
                                    <lb/> sine herede ut dicitur </item>
                                <item> summa : XXXV lb. VIII s. VII d. fort. nov. </item>
                            </list></p>
                    </div>
                    <div xml:id="teyse">
                        <head>tese</head>
                        <p><list>
                                <item><lb/> idem recepit : XV libras XIIII solidos fortium de tesis
                                    domorum Burgi </item>
                                <item><lb/> summa eadem : XV lb. XIIII s. fort. </item>
                            </list></p>
                    </div>
                    <div xml:id="macellum">
                        <head>macellum</head>
                        <p><list>
                                <item><lb/> idem recepit de valore macelli : VII libras VI solidos
                                    fortium, deductis quatuor libris viennensium quas ibi percipit
                                    dominus Humbertus de <foreign>Cotarel</foreign></item>
                                <item><lb/> summa eadem : VII lb. VI s. fort. </item>
                            </list></p>
                    </div>
                    <div xml:id="garde">
                        <head>garde</head>
                        <p><list>
                                <item><lb/> idem recepit : IIII libras XI solidos II denarios
                                    fortium de garda per annum </item>
                                <item><lb/> summa eadem : IIII lb. XI s. II d. fort. </item>
                            </list></p>
                    </div>
                    <div xml:id="tallie">
                        <head>tallie</head>
                        <p><list>
                                <item><lb/> idem recepit : LX libras fortium pro talliis hoc anno </item>
                                <item><lb/> summa eadem : LX lb. fort. </item>
                            </list></p>
                    </div>
                    <div xml:id="firme">
                        <head>firme</head>
                        <p><list>
                                <item><lb/> idem recepit : XLIIII libras X solidos fortium, de
                                    medietate firme leyde et coponagii Burgi de anno finito in festo
                                    beati Iohannis baptiste, <lb/> anno LXX<hi rend="sup">o</hi>
                                    octavo — de alia medietate computavit in computo precedenti </item>
                                <item> et tunc castellanus incepit levare leydam et coponagium <lb/>
                                    Burgi, et recepit de exitu eiusdem leyde et coponagii, a dicto
                                    festo beati Iohannis baptiste usque ad festum beati Mathie,
                                    videlicet <lb/> per triginta quatuor septimanas<note> On a écrit
                                            <hi rend="italics">septinanas</hi>.</note> :
                                        XXXIII<note> On avait d’abord écrit <hi rend="italics"
                                            >XXXII</hi>.</note> libras XIIII solidos fortium, preter
                                    bladum quod levatur pro coponagio, de quo nescit adhuc valorem </item>
                                <item><lb/> item recepit de medietate<note> On avait commencé à
                                        écire <hi rend="italics">firma</hi>, et le mot est
                                        raturé.</note> firme furnorum de Burgo finite in festo beati
                                    Iohannis baptiste, anno LXX<hi rend="sup">o</hi> octavo : XIII
                                    libras <lb/> II solidos VI denarios </item>
                                <item> item, de medietate firme dictorum furnorum finiende in festo
                                    beati Iohannis baptiste, anno LXX<hi rend="sup">o</hi> nono :
                                    XIII libras, <lb/> et tunc debebit tantumdem </item>
                                <item> idem recepit : XII libras X solidos, de medietate firme
                                    chacipollarie finite in eodem festo beati <lb/> Iohannis, anno
                                        LXX<hi rend="sup">o</hi> octavo </item>
                                <item> item recepit : X libras, de medietate eiusdem firme
                                    chacipollarie de uno anno finiendo in festo <lb/> beati
                                    Iohannis, anno LXX<hi rend="sup">o</hi> nono, et tunc debebit
                                    tantumdem </item>
                                <item> idem recepit : L solidos fortium, pro medietate firme criagii
                                    et champerie <lb/> de anno finito eodem festo beati Iohannis,
                                    anno LXX<hi rend="sup">o</hi> octavo, et de medietate eiusdem
                                    firme incepte eodem termino </item>
                                <item><lb/> item : II solidos VI denarios, pro valore quintalli per
                                    idem tempus </item>
                                <item><lb/> summa : VI<hi rend="sup">XX</hi> IX lb. IX s. fort.
                                </item>
                            </list></p>
                    </div>
                    <div xml:id="valor_domus_fori">
                        <head>valor domus fori<note type="césure"><hi rend="italics">valor domus
                                    <lb/> fori</hi></note></head>
                        <p><list>
                                <item><lb/> idem recepit de valore domus fori : XXI libras XVIII
                                    solidos IX denarios fortium, et levantur in festo beati Martini,
                                    exceptis de non habentibus bancos </item>
                                <item><lb/> summa eadem : XXI lb. XVIII s. IX d. fort. </item>
                            </list></p>
                    </div>
                    <div xml:id="pasqueragium">
                        <head>pasqueragium</head>
                        <p><list>
                                <item><lb/> de pasqueragio nichil hoc anno </item>
                            </list></p>
                    </div>
                    <div xml:id="laudes_et_vende">
                        <head>laudes et vende</head>
                        <p><list>
                                <item><lb/> idem recepit : XII libras V solidos VI denarios, pro
                                    laudibus et vendis per idem tempus </item>
                                <item><lb/> summa eadem : XII lb. V s. VI d. fort. </item>
                            </list></p>
                    </div>
                    <div xml:id="banna">
                        <head>banna</head>
                        <p><list>
                                <item><lb/> idem recepit : XVII libras XVIII solidos fortium, tam de
                                    bannis quam de minutis clamis per idem tempus </item>
                                <item><lb/> summa eadem : XVII lb. XVIII s. fort. </item>
                            </list></p>
                    </div>
                    <div xml:id="pedagium">
                        <head>pedagium</head>
                        <p><list>
                                <item><lb/> idem recepit : XXVII solidos III obolos fortium, de
                                    pedagio minuto per idem tempus </item>
                                <item> de trossellis nichil </item>
                                <item><lb/> summa eadem : XXVII s. III ob. </item>
                            </list></p>
                    </div>
                    <div xml:id="venditiones">
                        <head>venditiones</head>
                        <p><list>
                                <item><lb/> idem recepit : LXXVII libras XVIII solidos viennensium,
                                    de septuaginta uno sestariis I bicheto una cupa siliginis et de
                                    decem septem sestariis uno quartallo <lb/> uno rasso avene
                                    venditis, quolibet sestario siliginis decem et octo solidis et
                                    quolibet sestario avene sexdecim solidis </item>
                                <item> item recepit : VIII denarios, de <lb/> duobus panibus
                                    venditis ut supra. </item>
                                <item> item : IIII solidos, de duobus moyssellis canabi venditis ut
                                    supra </item>
                                <item> item : VI libras VII solidos IIII denarios, <lb/> de
                                    trecentis quaterviginti duabus gallinis venditis ut supra </item>
                                <item> item : XXI libras, de quadraginta quinque sestariis vini
                                    venditis ut supra </item>
                                <item> item : <lb/> LIII solidos IIII denariis, de viginti quatuor
                                    libris cere venditis ut supra, qualibet libra vendita duobus
                                    solidis quatuor denariis </item>
                                <item> item recepit : XX solidos, <lb/> pro herba prati de Combro
                                    hoc anno </item>
                            </list></p>
                        <div type="sub">
                            <head>pisces<note> Cette rubrique est appelée dans le texte par le signe
                                    .</note></head>
                            <p><list>
                                    <item> item recepit : XIII libras de medietate piscium
                                            stagni<note> Le mot est raturé, car on paraît avoir
                                            hésité entre <hi rend="italics">stanni</hi> et <hi
                                                rend="italics">stagni</hi>.</note> de Burgo — aliam
                                        medietatem <lb/> perceperunt liberi prepositi de Burgo
                                    </item>
                                </list></p>
                        </div>
                        <div>
                            <p><list>
                                    <item><lb/> summa : LXI lb. XX d. fort., computatis<note> On a
                                            écrit <hi rend="italics">coputatis</hi>.</note> duobus
                                        viennensibus pro uno forti </item>
                                </list></p>
                        </div>
                    </div>
                    <div xml:id="bilan_recepte">
                        <p><list>
                                <item><lb/> summa totius recepte : CCC LXVI lb. XIX s. IX d. ob.
                                    fort. </item>
                            </list></p>
                        <div xml:id="caorsini_et_iudei">
                            <head>cahorcini et iudei<note type="césure"><hi rend="italics">cahorcini
                                        et <lb/> iudei</hi></note></head>
                            <p><list>
                                    <item><lb/> item recepit : LXX libras viennensium, de cahorcino
                                        morante apud Burgum et Castillionem </item>
                                    <item> item : L libras, de Ioceto, iudeo morante apud Burgum </item>
                                    <item><lb/> summa : LX lb. fort., computatis duobus viennensibus
                                        pro uno forti </item>
                                </list></p>
                        </div>
                        <div>
                            <p><list>
                                    <item><lb/> summa totius recepte, cum iudeo et cahorcino :
                                            IIII<hi rend="sup">C</hi> XXVI lb. XIX s. IX d. ob.
                                        fort. — de <lb/> quibus respondet in <del rend="overstrike"
                                            >computo subtus</del> visione sequenti de
                                        Castillione</item>
                                </list></p>
                        </div>
                    </div>
                </div>
            </div>
            <div xml:id="cpt2" type="subaccount">
                <div xml:id="prologue_2">
                    <p><lb/> Visio eiusdem castellani de exitu Castillionis per idem tempus</p>
                </div>
                <div xml:id="recepte_2">
                    <div xml:id="siligo_2">
                        <head>siligo</head>
                        <p><list>
                                <item><lb/> idem recepit : C X bichetos siliginis, de messe — et
                                        remanent<note> On utilise le pluriel deux lignes plus bas, à
                                        la fin de la recette d’avoine, alors que la <hi
                                            rend="italics">visio</hi> de Bourg-en-Bresse employait
                                        ici le singulier.</note></item>
                            </list></p>
                        <div type="sub">
                            <head>arreragium</head>
                            <p><list>
                                    <item><lb/> idem recepit : C X bichetos siliginis, de arreragio
                                        — venduntur ut infra </item>
                                </list></p>
                        </div>
                    </div>
                    <div xml:id="avena_2">
                        <head>avena</head>
                        <p><list>
                                <item><lb/> idem recepit : XXI meyterios avene, de garda — et
                                    remanent </item>
                            </list></p>
                        <div type="sub">
                            <head>arreragium</head>
                            <p><list>
                                    <item><lb/> idem recepit : XXI meyterios avene, de arreragio —
                                        venduntur ut infra </item>
                                </list></p>
                        </div>
                    </div>
                    <div xml:id="cera_2">
                        <head>cera</head>
                        <p><list>
                                <item><lb/> idem recepit : XXI libras cere — venduntur ut infra
                                </item>
                            </list></p>
                    </div>
                    <div xml:id="galline_2">
                        <head>galline</head>
                        <p><list>
                                <item><lb/> idem recepit : XI gallinas — venduntur ut infra </item>
                            </list></p>
                    </div>
                    <div xml:id="denarii_census_2">
                        <head>denarii census</head>
                        <p><list>
                                <item><lb/> idem recepit : XV libras <add place="interlinear">IX
                                        denarios</add> de denariis census. </item>
                            </list></p>
                    </div>
                    <div xml:id="macellum_2">
                        <head>macellum</head>
                        <p><list>
                                <item><lb/> idem recepit : VIII libras XII solidos viennensium de
                                    macello </item>
                            </list></p>
                    </div>
                    <div xml:id="garde_2">
                        <head>garde</head>
                        <p><list>
                                <item><lb/> idem recepit : XXX solidos VI denarios, pro gardis
                                </item>
                            </list></p>
                    </div>
                    <div xml:id="firme_2">
                        <head>firme</head>
                        <p><list>
                                <item><lb/> idem recepit : C libras, de medietate firme leyde,
                                    eminagii, banchagii, domus fori, chacipollerie, furni, banni
                                    vini, lingarum boum, <lb/> nundinarum Chatillionis anni finiti
                                    in crastino festi beati Iohannis baptiste, anno LXX<hi
                                        rend="sup">o</hi> octavo </item>
                                <item> item recepit <del rend="overstrike">de</del> : C libras, de
                                    medietate <lb/> eiusdem firme finiende in eodem festo beati
                                    Iohannis anno LXX<hi rend="sup">o</hi> nono, et tunc debebit
                                        tantumdem<note> On a écrit <hi rend="italics"
                                        >tancudem</hi>.</note></item>
                                <item> item recepit : XX solidos <sic>de <lb/> de</sic> medietate
                                    firme cridagii et champerie finite eodem festo beati Iohannis,
                                    anno LXX<hi rend="sup">o</hi> octavo </item>
                                <item> item recepit : XXXV solidos, de medietate <lb/> eiusdem firme
                                    finiende eodem festo beati Iohannis, anno LXX<hi rend="sup"
                                        >o</hi> nono </item>
                                <item><lb/> summa : CC II lb. XV s. vien. </item>
                            </list></p>
                    </div>
                    <div xml:id="laudes_et_vende_2">
                        <head>laudes et vende</head>
                        <p><list>
                                <item><lb/> idem recepit : XVI libras VII solidos VIII denarios
                                    viennensium, pro laudibus et vendis </item>
                            </list></p>
                    </div>
                    <div xml:id="banna_2">
                        <head>banna</head>
                        <p><list>
                                <item><lb/> idem recepit : XX solidos, de bannis per idem tempus
                                </item>
                            </list></p>
                    </div>
                    <div xml:id="venditiones_2">
                        <head>venditiones</head>
                        <p><list>
                                <item><lb/> idem recepit, ut dicit : VIII libras II solidos, de
                                    centum decem bichetis siliginis venditis ut supra </item>
                                <item> item : XLVIII solidos, pro viginti uno <lb/> meyteriis avene
                                    venditis ut supra, pro tanto, ut dicit </item>
                                <item> item : XLIX solidos, pro viginti una libris cere venditis ut
                                    supra </item>
                                <item> item : III solidos <lb/> VIII denarios, pro undecim gallinis
                                    venditis ut supra </item>
                                <item><lb/> summa : XIII lb. II s. VIII d. </item>
                            </list></p>
                    </div>
                    <div xml:id="bilan_recepte_2">
                        <p><list>
                                <item><lb/> summa totius recepte : XII<hi rend="sup">XX</hi> XVIII
                                    lb. VIII s. VII d. vien. </item>
                            </list></p>
                        <div xml:id="arreragium">
                            <head>arreragium</head>
                            <p><list>
                                    <item><lb/> idem recepit : IIII<hi rend="sup">C</hi> XXVI libras
                                        XIX solidos IX denarios obolum fortium de remanentia
                                        visionis suprafacte de Burgo </item>
                                    <item> item : IX solidos IIII denarios <lb/> viennensium de
                                        remanentia computi sui anni preteriti </item>
                                    <item><lb/> summa totius recepte, cum arreragio : XII<hi
                                            rend="sup">XX</hi> XVIII lb. XVII s. vien. et IIII<hi
                                            rend="sup">C</hi> XXVI lb. XIX s. IX d. <lb/> ob. fort.
                                        de quibus </item>
                                </list></p>
                        </div>
                    </div>
                </div>
                <div xml:id="expense_et_librate">
                    <p><list>
                            <item><lb/> idem libravit donno Bosoni, in nundinis Sancti Simphoriani,
                                per litteras eius quas ostendit : LXXIIII libras VI solidos
                                viennensium </item>
                            <item> idem eidem libravit, per alias <lb/> litteras quas ostendit :
                                    III<hi rend="sup">C</hi> libras viennensium </item>
                            <item> idem libravit Morello, piscatori, pro decem paneriis piscium de
                                Sallia : XXXVIII libras XI solidos </item>
                            <item><lb/> idem libravit donno Humberto de Porta, pro deservienda
                                capella in domo domini apud Burgum : VII libras X solidos </item>
                            <item> idem libravit Reynaudo<note type="césure"><hi rend="italics"
                                            >reynau<add place="interlinear"
                                >do</add></hi></note><lb/> Corteis, pro empto facto ab ipso, per
                                instrumentum inde confectum : LXI libras </item>
                            <item> in pluribus expensis quas ostendit, videlicet : in domo fori
                                Castillionis <lb/> crescenda, in salario suo de uno anno et octo
                                septimanis, in expensis duorum servientium quos secum tenet : VI<hi
                                    rend="sup">XX</hi> V libras XII solidos </item>
                            <item><lb/> summa totius expense et librate : VI<hi rend="sup">C</hi> VI
                                lb. XIX s. vien. </item>
                        </list></p>
                </div>
                <div xml:id="bilan">
                    <p><list>
                            <item> et sic, scampso<note> Ces deux derniers mots ont corrigé une
                                    rédaction antérieure, préalablement effacée.</note><lb/> uno
                                forti pro duobus viennensibus, debet : V<hi rend="sup">C</hi> V
                                libras XVII solidos VII denarios <add place="interlinear"
                                    >viennensium</add></item>
                            <item> de quibus <lb/> idem solvit donno Bosoni in continenti : III<hi
                                    rend="sup">C</hi> L libras<note><hi rend="italics">L libras</hi>
                                    : corrigé par une autre main</note></item>
                            <item> et sic debet : VII<hi rend="sup">XX</hi> XV libras XVII solidos
                                VII denarios viennensium</item>
                        </list></p>
                </div>
            </div>
        </body>
    </text>
</TEI>
