<?xml version="1.0" encoding="UTF-8"?>
<?oxygen RNGSchema="http://www.tei-c.org/release/xml/tei/custom/schema/relaxng/tei_all.rng" type="xml"?>
<TEI xmlns="http://www.tei-c.org/ns/1.0" xml:id="B7085_1">
    <teiHeader>
        <fileDesc>
            <titleStmt>
                <title>Compte de Pierre de La Balme (<hi rend="italics">Petrus de Balma</hi>) bailli
                    de la Terre de Bâgé et Coligny, châtelain de Bourg-en-Bresse (<hi rend="italics"
                        >ballivus Terre Baugiaci et Cologniaci et castellanus Burgi</hi>), pour la
                    châtellenie de Bourg-en-Bresse, du vendredi 24 juin 1295 (vendredi 22 avril 1295
                    pour les bans et échoites) au dimanche 24 juin 1296 <date type="debut"
                        from-iso="12950422" cert="high"/><date type="fin" from-iso="2960624"
                        cert="high"/></title>
                <respStmt>
                    <persName><name xml:lang="fra">Pierre de la Balme</name><name xml:lang="lat"
                            >Petrus de Balma</name></persName>
                    <resp>Châtelain</resp>
                </respStmt>
            </titleStmt>
            <publicationStmt>
                <p>Christian Guilleré, Frédéric Chartrain et Alain Kersuzan, avec la collaboration de Nils Mantilleri, Jean-Michel Poisson, et Marianne Ronot, 
                    <title>Compte de Pierre de La Balme (<hi rend="italics">Petrus de Balma</hi>) bailli
                        de la Terre de Bâgé et Coligny, châtelain de Bourg-en-Bresse, pour la
                        châtellenie de Bourg-en-Bresse, du vendredi 24 juin 1295 (vendredi 22 avril 1295
                        pour les bans et échoites) au dimanche 24 juin 1296</title>,
                    Lyon - Chambéry, 2012 (<title>Documents comptables des Etats de Savoie, XIIIe - XVe s.</title>)</p>
            </publicationStmt>
            <seriesStmt>
                <title>Bourg-en-Bresse</title>
            </seriesStmt>
            <sourceDesc>
                <p>Information about the source</p>
            </sourceDesc>
        </fileDesc>
    </teiHeader>
    <text>
        <body>
            <milestone n="2" unit="vue"/>
            <pb n="1"/>
            <div xml:id="prologue">
                <p><lb/> Computus domini Petri de Balma, ballivi Terre Baugiaci et Cologniaci et
                    castellani <lb/> Burgi, de redditibus et exitibus dicte castellanie a festo
                    beati Iohannis Baptiste anno Domini M<hi rend="sup">o</hi> CC<hi rend="sup"
                        >o</hi> nonagesimo quinto usque <lb/> ad eamdem diem anno revoluto,
                    videlicet de uno anno integro, et computat scilicet de bannis et escheytis <lb/>
                    dicte castellanie a secunda decima die mensis aprilis anno nonagesimo quinto
                    usque ad festum beati Iohannis predictum. </p>
            </div>
            <div xml:id="recepte">
                <div xml:id="frumentum">
                    <head>frumentum</head>
                    <p><lb/> idem reddit computum <list>
                            <item> de II quartallis IIII cupis frumenti receptis in dicta
                                castellania de redditu per annum, ut in particulis <lb/> extractus
                                extente nove hic adiunctis </item>
                            <item> de V sestariis receptis de Stephano Terleti de redditu per annum
                                de <lb/> novo in Nativitate Domini, pro molendino et quibusdam
                                pratis sibi accensatis per dominum comitem <lb/> summa : V sestarii
                                II quartalli IIII cupe frumenti — venduntur ut infra </item>
                        </list></p>
                </div>
                <div xml:id="siligo">
                    <head>siligo</head>
                    <p><lb/> idem reddit computum <list>
                            <item> de XVII sestariis I quartallo I cupa siliginis receptis in dicta
                                castellania de redditu per annum, ut in particulis dicti <lb/>
                                extractus, excepta siligine de Longo Campo </item>
                            <item> de X quartallis V cupis et quarta parte<note> Il avait d’abord
                                    été écrit <hi rend="italics">quartam partem</hi>, mais l’erreur
                                    paraît avoir été corrigée. Par ailleurs, le texte de cet article
                                    a remplacé une rédaction antérieure après effacement.</note>
                                unius cupe receptis <lb/> apud Longum Canpum<note> Le rédacteur
                                    employait alternativement <hi rend="italics">campus</hi> et <hi
                                        rend="italics">canpus</hi>.</note> de redditu per annum, pro
                                medietate contingente dominum </item>
                            <item> de I quartallo recepto de Guillermo de <lb/><foreign>Mont
                                    Mor</foreign> ibidem, de redditu per annum qui non est in
                                extenta </item>
                            <item> de III quartallis receptis ibidem de taschiis hoc anno </item>
                            <item><lb/> de III sestariis receptis de firma molendini de Longo Canpo
                                finienda in festo beati Iohannis Baptiste anno nonagesimo sexto,
                                <lb/> pro medietate contingente dominum </item>
                            <item> de X quartallis receptis de firma molendini de stagno Burgi
                                finienda eodem <lb/> termino </item>
                            <item> de <lb/> XIIII quartallis receptis apud <foreign>Les
                                    Ripes</foreign> pro messe hoc anno, et levatur in quolibet
                                hospitio excolente <lb/> ad boves unum quartallum, in non excolente
                                ad boves I bichetum, in viduis non excolentibus nichil </item>
                            <item> de <lb/> III bichetis receptis apud <foreign>Perona</foreign> pro
                                eodem </item>
                            <item> de VII quartallis receptis apud <foreign>La Vernea</foreign> pro
                                eodem </item>
                            <item> de VII <lb/> quartallis<note type="césure"><hi rend="italics"
                                        >quar<lb/>tallis</hi></note> receptis apud
                                    <foreign>Verlia</foreign> pro eodem </item>
                            <item> de XXXVI quartallis I bicheto receptis in parrochia Sancti Andree
                                pro eodem </item>
                            <item><lb/> de V quartallis receptis apud <foreign>La Busineri</foreign>
                                pro eodem </item>
                            <item> de V quartallis I bicheto receptis apud
                                    <foreign>Monceuz</foreign> pro eodem </item>
                            <item><lb/> de IIII quartallis receptis apud <foreign>Buela</foreign>
                                pro eodem </item>
                            <item> de V quartallis I bicheto receptis apud <foreign>Mont
                                    Racol</foreign><lb/> pro eodem </item>
                            <item> de IIII quartallis I bicheto receptis apud
                                    <foreign>Pollia</foreign> pro eodem </item>
                            <item><lb/> de XII quartallis I bicheto [receptis] apud
                                    <lb/><foreign>Atignia</foreign><del rend="biffé">pro eodem</del>
                                et <foreign>Crangia</foreign> pro eodem </item>
                            <item><lb/> de XXVI quartallis receptis apud <foreign>Cra</foreign> pro
                                eodem </item>
                            <item> de III quartallis [receptis] <lb/> apud <foreign>Pugia</foreign>
                                pro eodem </item>
                            <item> de XX quartallis receptis apud <foreign>Monz La Ferta</foreign>
                                pro eodem</item>
                            <item><add place="leftMargin">summa messis : VII<hi rend="sup">XX</hi>
                                    XII quartalli siliginis</add><note type="césure"><hi
                                        rend="italics">summa messis : <lb/> VII<hi rend="sup"
                                            >XX</hi>XII <lb/> quartalli siliginis</hi></note></item>
                            <item><lb/> summa : LXIIII sestarii II quartalli et quartum unius cupe
                                siliginis</item>
                            <item> de quibus <lb/> libravit Reynaudo de <foreign>Pagnie</foreign>,
                                de dono domini, per litteram domini de mandato quam reddit et per
                                litteram magistri Hugonis de <foreign>Beys</foreign>, <lb/> jurati
                                curie, de recepta : III sestarios siliginis </item>
                            <item> in locagio unius granerii pro dicto blado reponendo : II
                                quartallos </item>
                            <item><lb/> et restant : LXI sestarii et quartum unius cupe siliginis —
                                venduntur ut infra </item>
                        </list></p>
                </div>
                <div xml:id="avena">
                    <head>avena</head>
                    <p><lb/> idem reddit computum <list>
                            <item> de IX sestariis avene receptis in dicta castellania de redditu
                                per annum, ut in particulis dicti extractus, incluso <lb/> uno
                                sestario quem debet prior de <foreign>Buela</foreign> pro garda </item>
                            <item> de II quartallis receptis apud Longum Canpum pro taschia hoc
                                <lb/> anno </item>
                            <item> de XVII quartallis receptis ibidem pro messe hoc anno, et levatur
                                ut supra in siligine </item>
                            <item> de <lb/> III quartallis I bicheto receptis apud
                                    <foreign>Montagnia</foreign> pro eodem </item>
                            <item> de II quartallis receptis apud <foreign>Crespignia</foreign> pro
                                eodem </item>
                            <item><lb/><del rend="biffé">summa</del> summa : XV sestarii I bichetus
                                avene </item>
                            <item> de quibus <lb/> libravit ad expensas hospitii<note> Nous lisons
                                    ici <hi rend="italics">hospicii, forcium, vendicionibus, marcii,
                                        serviciis, vendencium, pretio, spoliacionis, tocius,
                                        negociis, morancium, municione, servicio, hospicium</hi>,
                                    que nous transcrivons — conformément à la norme d’édition qui
                                    prévoit dans ce cas le recours à la forme classique — <hi
                                        rend="italics">hospitii, fortium, venditionibus, martii,
                                        servitiis, vendentium, pretio, spoliationis, totius,
                                        negotiis, morantium, munitione, servitio,
                                    hospitium</hi>.</note> domini factas per manum Hugonis de
                                Voyrone, per litteras domini et dicti Hugonis de recepta datas <lb/>
                                die martis in festo Omnium Sanctorum, anno nonagesimo quinto, quas
                                reddit : XXXVIII rasos avene </item>
                            <item> idem libravit <lb/> ad easdem expensas, per alias litteras domini
                                et dicti Hugonis datas die mercurii post octabas Omnium Sanctorum,
                                anno eodem : <lb/> III rasos avene </item>
                            <item> idem libravit ad easdem expensas factas per manum eiusdem Hugonis
                                per litteras dicti Hugonis datas dominica <lb/> in octabas Natalis
                                Domini, quas reddit : XXIIII rasos avene </item>
                            <item> summa librati : IIII<hi rend="sup">XX</hi> XV rasi avene — qui
                                <lb/> valent : XXIII quartallos III rasos </item>
                            <item> et restant : IX sestarii II rasi avene — venduntur ut infra
                            </item>
                        </list></p>
                </div>
                <div xml:id="panes">
                    <head>panes</head>
                    <p><lb/> idem reddit computum <list>
                            <item> de II panibus receptis de Stephano Moyroudi de redditu per annum
                                — venduntur ut infra </item>
                        </list></p>
                </div>
                <div xml:id="cera">
                    <head>cera</head>
                    <p><lb/> idem reddit computum <list>
                            <item> de XXIII libris cere receptis de gardis per annum, ut in
                                particulis dicti extractus </item>
                            <item> de XIII libris <lb/> receptis de hominibus abbatis Sancti
                                        Eugendi<note><hi rend="italics">Saint-Oyand</hi>,
                                    aujourd’hui Saint-Claude.</note> apud <foreign>Viria</foreign>
                                pro garda, et levatur in quolibet foco una libra cere <lb/> per
                                annum </item>
                            <item> summa : XXXVI libre cere — et remanent </item>
                        </list></p>
                </div>
                <div xml:id="galline">
                    <head>galline</head>
                    <p><lb/> idem reddit computum <list>
                            <item> de XIX gallinis receptis in dicta castellania de redditu per
                                annum, ut in particulis dicti extractus </item>
                            <item><lb/> de XI gallinis receptis apud Longum Canpum pro eodem, pro
                                medietate contingente dominum </item>
                            <item> de XXXIIII gallinis <lb/> receptis ibidem de consuetudine per
                                annum, et levatur in quolibet foco una gallina </item>
                            <item> de III<hi rend="sup">C</hi> IIII<hi rend="sup">XX</hi> XVI
                                gallinis receptis <lb/> in aliis villis de dicta castellania de
                                consuetudine per annum, et levantur de quolibet foco due galline </item>
                            <item><lb/> summa : IIII<hi rend="sup">C</hi> LX galline — venduntur ut
                                infra </item>
                        </list></p>
                </div>
                <div xml:id="denarii_census">
                    <head>denarii census</head>
                    <p><lb/> idem reddit computum <list>
                            <item> de XXVI libris VIII solidis fortium receptis in castellania Burgi
                                de redditu per annum, ut in particulis extractus <lb/> extente<note
                                    type="césure"><hi rend="italics">ex<lb/>tente</hi></note> hic
                                adiunctis </item>
                            <item> de XLIIII solidis VI denariis receptis de pedis curtilium subtus
                                burgum Ale de redditu per <lb/> annum, ut in particulis dicti
                                extractus </item>
                            <item> de VII libris V solidis V denariis receptis apud Longum Canpum de
                                redditu per annum, <lb/> pro medietate contingente dominum, et aliam
                                medietatem percipit ibi ecclesia Sancti Petri Masticonensis<note>
                                    Pour <hi rend="italics">Matisconensis</hi>.</note></item>
                            <item> de II solidis receptis ibidem <lb/> de Martino
                                    <foreign>Mallet</foreign> de redditu domini proprio per annum </item>
                            <item> de XII denariis receptis ibidem de Guillermo <foreign>de Mont
                                    Mor</foreign> pro eodem </item>
                            <item><lb/> summa : XXXVI libre XI denarii fortium </item>
                        </list></p>
                </div>
                <div xml:id="fenum">
                    <head>fenum</head>
                    <p><list>
                            <item><lb/> de exitu prati subtus Saysiriacum respondet infra in
                                venditionibus </item>
                        </list></p>
                </div>
                <div xml:id="garde_et_recognitiones">
                    <head>garde et recognitiones<note type="césure"><hi rend="italics">garde et
                                <lb/> recognitiones</hi></note></head>
                    <p><lb/> idem reddit computum <list>
                            <item> de IIII libris XI solidis VIII denariis obolo fortium receptis in
                                dicta castellania de gardis et recognitionibus per annum, ut <lb/>
                                in particulis dicti extractus, deductis quinque solidis quos
                                debebant Bernardus <foreign>Davis</foreign>, de Ripis, et Stephanus,
                                filius <lb/> Blancheti<note type="césure"><hi rend="italics"
                                        >blan<lb/>cheti</hi></note>, et duodecim denariis quos
                                debebat <foreign>Chastaneys</foreign> de Donno Petro<note>
                                    Aujourd’hui <hi rend="italics">Dompierre</hi>, c<hi rend="sup"
                                        >ne</hi> de Polliat.</note>, et duobus solidis et sex
                                denariis quos debebant Stephanus <lb/> et Petrus <foreign>de La
                                    Ferrolleri</foreign><note> Aujourd’hui <hi rend="italics">La
                                        Ferrolière</hi>, c<hi rend="sup">ne</hi> de
                                Pressiat.</note>, et duobus solidis quos debebant Iohannes et Hugo
                                    <foreign>Durandaz</foreign>, et novem denariis quos debebat
                                <lb/> Bartholomeus, filius <foreign>Bruian</foreign><note> Il avait
                                    d’abord été écrit <hi rend="italics">Brunan</hi>, mais le mot
                                    est raturé.</note>, et duodecim denariis quos debebat Guillermus
                                    <foreign>Chapoz</foreign></item>
                            <item><lb/> summa : IIII libre XI solidi VIII denarii obolus fortium
                            </item>
                        </list></p>
                </div>
                <div xml:id="firme">
                    <head>firme</head>
                    <p><lb/> idem reddit computum <list>
                            <item> de IIII<hi rend="sup">XX</hi> XV libris fortium receptis de
                                Guichardo de Moterio pro firma leyde, coponagii, martinagii<note>
                                    Voir Godefroy, vol. 5, p. 188, <hi rend="italics">s. v.</hi>
                                    martinage, " redevance qu’on payait à la Saint-Martin ", d’après
                                    le <hi rend="italics">Cartulaire de Bourg-en-Bresse</hi>. Le mot
                                        <hi rend="italics">martinagium</hi> est absent du <hi
                                        rend="italics">Glossarium</hi>.</note>, parvi <lb/> mercati
                                et parvi pedagii finienda in festo beati Iohannis Baptiste, anno
                                nonagesimo sexto </item>
                            <item> de XXXV libris receptis de <lb/> firma trium furnorum domini apud
                                Burgum finienda eodem termino </item>
                            <item> de V solidis receptis de Garnerio <lb/> Francisco<note
                                    type="césure"><hi rend="italics">fran<lb/>cisco</hi></note> pro
                                firma furni sui finienda eodem termino </item>
                            <item> de V solidis receptis de Stephano <foreign>de Espagni</foreign>
                                pro firma furni sui <lb/> finienda eodem termino </item>
                            <item> de XXXV libris receptis de firma chacipularie<note> Pour <hi
                                        rend="italics">chacipolerie</hi>.</note> Burgi et de ultra
                                Veylam finienda <lb/> eodem termino </item>
                            <item> de XXXV solidis receptis de firma cridagii finienda eodem termino </item>
                            <item> de X solidis receptis de <lb/> firma chanperie<note> Pour <hi
                                        rend="italics">champerie</hi>.</note> Burgi finienda prima
                                die marcii, anno eodem<note> Le vendredi 1er mars 1297 (nouveau
                                    style).</note></item>
                            <item> de LXX solidis receptis de firma chanperie <lb/> de ultra Veylam
                                finienda eodem termino </item>
                            <item> de LV solidis receptis de firma chanperie de
                                    <foreign>Cra</foreign>, de <foreign>Monz La Ferta</foreign><lb/>
                                et de <foreign>Atignia</foreign><note> Aujourd’hui
                                    Cras-sur-Reyssouze, Malafretaz et Attignat.</note> finienda
                                eodem termino </item>
                            <item> de XXV solidos receptis de firma chanperie
                                    <foreign>d’Estres</foreign><note> Il est écrit <hi
                                        rend="italics">destres</hi>. Aujourd’hui Étrez.</note>
                                finienda eodem <lb/> termino </item>
                            <item> de IX libris VI solidis IX denariis receptis de firma bancarum
                                macelli finienda in festo beati Iohannis Baptiste, anno <lb/>
                                    nonagesimo<note type="césure"><hi rend="italics"
                                        >no<lb/>nagesimo</hi></note> sexto, deductis quibusdam
                                banchis que vacant propter defectum macellariorum, que solent valere
                                triginta solidos <lb/> fortium </item>
                            <item> de X solidis receptis de firma ponderis quintalli finienda eodem
                                termino </item>
                            <item> de IIII libris III solidos VI denariis <lb/> receptis de exitu
                                ponderis bladi a festo beati Iohannis Baptiste, anno nonagesimo
                                quinto, usque ad diem veneris in festo beati Urbani, <lb/> anno
                                nonagesimo sexto </item>
                            <item> de XXX libris XV solidis IX denariis obolo receptis de teysis
                                domorum Burgi, ut in particulis in <lb/> extenta<note type="césure"
                                        ><hi rend="italics">ex<lb/>tenta</hi></note>, inclusis
                                quibusdam servitiis que debentur pro aliquibus domibus cum dictis
                                teysis, et deductis quinque solidis <add place="interlinear"
                                    >viennensium</add><lb/> qui debebantur pro una peda in burgo
                                Ale, quos dominus dedit domine Petronille <foreign>de
                                    Corent</foreign><note> Aujourd’hui <hi rend="italics"
                                        >Corand</hi>, c<hi rend="sup">ne</hi> de Chaveyriat.</note>
                                ad vitam suam, ut dicit <lb/> ballivus, et deductis decem et septem
                                denariis <add place="interlinear">viennensium</add> qui debebantur
                                pro peda Terlete iuxta domum Iohannis Magnini, que <lb/> peda
                                reducta est ad manum domini, et sex denariis <add
                                    place="interlinear">viennensium</add> quos debet Aymo Mercerii
                                pro quadam peda sibi albergata nuper </item>
                            <item><lb/> summa : II<hi rend="sup">C</hi> XX libre XII denarii obolus
                                fortium </item>
                        </list></p>
                </div>
                <div xml:id="tallie">
                    <head>tallie</head>
                    <p><lb/> idem reddit computum <list>
                            <item> de LX libris fortium receptis in castellania Burgi de hominibus
                                talliabilibus domini pro tallia ad misericordiam hoc anno </item>
                            <item><lb/> summa : LX libre fortium </item>
                        </list></p>
                </div>
                <div xml:id="domus_mercati">
                    <head>domus mercati</head>
                    <p><lb/> idem reddit computum <list>
                            <item> de VI libris VI solidis V denariis fortium receptis de locagio
                                bancarum grossorum mercatorum vendentium <lb/> pannos in domo
                                mercati, [et levantur] pro qualibet teysa, in festo beati Martini,
                                tres solidi fortium </item>
                            <item> de LXXVIII solidis IX <lb/> denariis receptis de locagio triginta
                                quinque bancarum escoferiorum hoc anno, et levantur pro qualibet
                                banca duo solidi <lb/> tres denarii </item>
                            <item> de VI solidis receptis de octo banchis grolleriorum, et levantur
                                pro qualibet banca novem <lb/> denarii </item>
                            <item> de XXII solidis VI denariis receptis de triginta banchis
                                sauneriorum, et levantur pro qualibet teysa novem <lb/> denarii </item>
                            <item> de XII solidis receptis de octo banchis vendentium oleum et
                                sagimen, et levantur a quolibet de <lb/> villa vendente oleum decem
                                et octo denarii et de extraneo tres solidi </item>
                            <item> de XXXIII solidis receptis de triginta <lb/> tribus banchis
                                panateriorum, et levantur pro qualibet duodecim denarii </item>
                            <item> de II solidis receptis de duabus banchis <lb/> coyferiarum hoc
                                anno </item>
                            <item> de III solidis receptis de tribus tupineriis hoc anno </item>
                            <item> de XXVII solidis <lb/> receptis de novem banchis merceriorum, et
                                levantur pro qualibet teysa tres solidi </item>
                            <item> de IIII solidis VI denariis receptis de <lb/> duabus banchis
                                pellipariorum, et levantur pro qualibet duo solidi tres denarii </item>
                            <item><lb/> de XIII solidis VI denariis receptis de <milestone n="3"
                                    unit="vue"/><pb n="2"/><lb/> sex banchis payroleriorum, et
                                levatur de eis sicut de pellipariis </item>
                            <item> de XV solidis receptis de quinque banchis <lb/>
                                    ferrateriorum<note type="césure"><hi rend="italics"
                                        >ferra<lb/>teriorum</hi></note>, et levantur pro qualibet
                                tres solidi </item>
                            <item> de VI solidis IX denariis receptis de duabus banchis vendentium
                                scutellas </item>
                            <item><lb/> de VII solidis X denariis obolo receptis de septem banchis
                                vendentium coria, et levatur de qualibet tresdecim denarios et
                                obolum </item>
                            <item> de IIII solidis VI denariis receptis de banchis in quibus
                                venduntur vadia in die mercati </item>
                            <item><lb/> summa : XVIII libre II solidi IX denarii obolum fortium
                            </item>
                        </list></p>
                </div>
                <div xml:id="passonagium">
                    <head>passonagium</head>
                    <p><list>
                            <item><lb/> de passonagio nemoris <foreign>deL says</foreign> non
                                computat, quia porci domini fuerunt in dicto bosco </item>
                            <item> de passonagio nemoris <lb/> vavre <foreign>de Corgenon</foreign>
                                nichil hoc anno, quia non fuit ibi passonagium </item>
                        </list></p>
                </div>
                <div xml:id="pedagium">
                    <head>pedagium</head>
                    <p><list>
                            <item><lb/> de pedagio non computat, quia levatur cum alio grosso
                                pedagio quod levat Bartholomeus Guyoti </item>
                        </list></p>
                </div>
                <div xml:id="laudes_et_vende">
                    <head>laudes et vende</head>
                    <p><lb/> idem reddit computum <list>
                            <item> de XXXI solidis VIII denariis fortium receptis de
                                    <foreign>Agnesson</foreign> de Burgo pro domo empta de Beatrice
                                    <foreign>Cuysia</foreign><lb/> pretio novem librarum decem
                                solidorum </item>
                            <item> de VIII solidis IIII denariis receptis de liberis Humberti
                                    <foreign>de Bua</foreign><note> Aujourd’hui <hi rend="italics"
                                        >Bohas</hi>, c<hi rend="sup">ne</hi> de
                                    Bohas-Meyriat-Rignat.</note> pro domo empta a Perreto, <lb/>
                                fratre suo, pretio quinquaginta solidorum </item>
                            <item> de VI denariis receptis de Petro Blancheti pro medietate unius
                                banche empte <lb/> de G[uillermo] Boverii pretio trium solidorum </item>
                            <item> de XX denariis receptis de Martino Fornerii pro prato empto de
                                    <foreign>Bel</foreign><lb/><foreign>Garczon</foreign> pretio
                                decem solidorum </item>
                            <item> de III solidis IIII denariis receptis de Martino
                                    <foreign>Curteleres</foreign><note> Voir aujourd’hui <hi
                                        rend="italics">La Curtillière</hi>, c<hi rend="sup">ne</hi>
                                    de Montrevel-en-Bresse.</note> pro terra empta a filio <lb/>
                                Alaysete <foreign>de Cra</foreign> pretio viginti solidorum </item>
                            <item> de VI solidis VIII denariis receptis de Humberto Montis
                                    Fimitat[i]s<note> Aujourd’hui Malafretaz.</note> pro <lb/> terra
                                empta a Stephano Costantini pretio quadraginta solidorum </item>
                            <item> de XXX VI<note> Ces chiffres raturés sont séparés de <hi
                                        rend="italics">XXX</hi> par un point.</note> solidis <add
                                    place="interlinear">VIII denariis</add> receptis de Hugone
                                Quarterii <lb/> pro domo empta de Aymone <foreign>de Bua</foreign>
                                pretio undecim librarum </item>
                            <item><lb/> summa : IIII libre VIII solidi X denarii fortium </item>
                        </list></p>
                </div>
                <div xml:id="banna">
                    <head>banna</head>
                    <p><lb/> idem reddit computum <list>
                            <item> de V solidis fortium receptis de Peroneto <foreign>de
                                    Perona</foreign> pro banno pene sibi inposite<note> Pour <hi
                                        rend="italics">imposite</hi>.</note></item>
                            <item> de XX solidis <lb/> receptis de Stephano <foreign>de
                                    Cortablin</foreign><note> Aujourd’hui <hi rend="italics"
                                        >Curtablanc</hi>, c<hi rend="sup">ne</hi> de
                                    Saint-André-sur-Vieux-Jonc.</note> pro banno sanguinis facti
                                dicto <foreign>Tullardat</foreign></item>
                            <item> de XX solidis receptis de Aymone Bruni <lb/> pro verbis
                                iniuriosis dictis Petro <foreign>Bestent</foreign> coram ballivo </item>
                            <item> de X solidis receptis de dicto Petro <foreign>Bestent</foreign>
                                pro eodem </item>
                            <item><lb/> de XXX solidis receptis de Filiberto de Sancto Triverio,
                                quia spoliavit Iohannetum de Donno Petro de quodam <lb/> suo roncino </item>
                            <item> de X solidis receptis de Iohanneto <foreign>de Perona</foreign>,
                                quia cepit bladum cuiusdam mulieris propria <lb/> auctoritate </item>
                            <item> de XL solidis receptis de dicta <foreign>La Mesgressa</foreign>,
                                quia furata fuit duas anaces que erant Ioffredi <lb/><foreign>de
                                    Corrober</foreign><note> Aujourd’hui <hi rend="italics"
                                        >Corrobert</hi>, c<hi rend="sup">ne</hi> de
                                    Chanoz-Châtenay.</note></item>
                            <item> de XX solidis receptis de medico de ala de Burgo, quia pignoravit
                                quemdam propria auctoritate in <lb/> castellania<note type="césure"
                                        ><hi rend="italics">cas<lb/>tellania</hi></note> Marbosii </item>
                            <item> de XXX solidis receptis de dicto <foreign>Emendam</foreign>,
                                iudeo, pro iniuria facta filio Bartholomei Guyoti </item>
                            <item><lb/> de XV solidis receptis de Peroneto de Bella Villa, quia
                                fregit saysinam castellani </item>
                            <item> de IIII solidis receptis a quodam <lb/> homine de Trenorchio pro
                                furto lintheaminis<note> Pour <hi rend="italics"
                                    >linteaminis</hi>.</note></item>
                            <item> de X solidis receptis de Petro <foreign>de Corrober</foreign>,
                                quia pignoravit <lb/> propria auctoritate quemdam alium </item>
                            <item> de II solidis <add place="interlinear">VI denariis</add> receptis
                                de Matheo<note> Pour <hi rend="italics"
                                    >Mattheo</hi>.</note><foreign>de Charnos</foreign>, quia cepit
                                quemdam hominem et <lb/> ipsum tenuit captum, dimissis ei viginti
                                septem solidis sex denariis per dominum comitem </item>
                            <item> de XXX solidis receptis <lb/> a Peroneto
                                    <foreign>d’Estres</foreign> pro banno furti </item>
                            <item> de X solidis receptis a dicto <foreign>Bocant</foreign> de Sancto
                                Andrea, quia deportavit <lb/> leydam </item>
                            <item> de X solidis receptis a quodam homine de Divione pro banno furti </item>
                            <item> de XX solidis receptis de Stephano
                                    <lb/><foreign>de</foreign><foreign>Cortablin</foreign><note
                                    type="césure"><hi rend="italics">de cor<lb/>tablin</hi></note>
                                pro rixa habita cum dicto <foreign>Boryvint</foreign></item>
                            <item> de X solidis receptis de Laurentio Mayerii, quia plantavit
                                salices <lb/> in terra Guichardi Clavelli </item>
                            <item> de XXX solidis receptis de filio G[uillermi] <foreign>de Mont
                                    Mor</foreign><note> Anciennement <hi rend="italics"
                                        >Montmour</hi>, aujourd’hui <hi rend="italics"
                                        >Montmouth</hi>, c<hi rend="sup">ne</hi> de Lent.</note>,
                                quia pignorari fecerat <lb/> capellanum de Serva per gentes domini
                                Belli Ioci </item>
                            <item> de X solidis receptis de Peroneto de
                                    <foreign>Ripes</foreign><note> Aujourd’hui <hi rend="italics"
                                        >Les Rippes</hi>, c<hi rend="sup">ne</hi> de
                                    Certines.</note> quia percuxit<note> Pour <hi rend="italics"
                                        >percussit</hi>.</note> Iohannetum <lb/> Milleti de quadam
                                securi </item>
                            <item> de XX solidis receptis de fratre Laurentii Mayerii pro banno
                                sanguinis facti Perroneto de <lb/> Sancto Iusto </item>
                            <item> de X solidis receptis de Guichardo de Csabilone<note> Pour <hi
                                        rend="italics">Cabillone</hi>.</note> pro banno spoliationis </item>
                            <item> de XX solidis receptis <lb/> de dicto <foreign>Sala
                                    d’Estres</foreign>, quia impedivit viam publicam </item>
                            <item> de XV solidis receptis de <foreign>Guinart</foreign>, quia
                                pignoravit propria <lb/> auctoritate Matheum de
                                    <foreign>Charnos</foreign></item>
                            <item> de XXX solidis receptis de <foreign>Guillon Salamon</foreign>,
                                quia pignoravit sacristam de <lb/><foreign>Chaveyria</foreign> et
                                quosdam alios auctoritate propria </item>
                            <item> de X solidis receptis de dicto Bolerio, quia inpedivit viam
                                    publicam<note type="césure"><hi rend="italics"
                                        >publi<lb/>cam</hi></note></item>
                            <item><lb/> de X solidis receptis de dicto <foreign>Filant</foreign> et
                                Guichardo <foreign>Longi Espa</foreign> pro rixa habita inter ipsos </item>
                            <item> de X solidis receptis <lb/> de Petro <foreign>Passet</foreign>,
                                quia abstulit Iohanni Ricoudi quendam<note> Pour <hi rend="italics"
                                        >quemdam</hi>.</note><foreign>vego</foreign><note> Sans
                                    doute peut-on rapprocher ce terme de l’italien <hi
                                        rend="italics">veggio</hi>. Voir <hi rend="italics"
                                        >Glossarium</hi> : VEGES, Vas vinarium.</note></item>
                            <item> de X solidis receptis de Hugueta de <lb/> Bioleto pro rixa habita
                                cum G[uillermo] de Bioleto </item>
                            <item> de X solidis receptis de P[etro] et Stephano de Brociis,
                                fratribus, quia ceperunt propria <lb/> auctoritate boves G[uillermi]
                                    <foreign>de Broces</foreign></item>
                            <item> de XX solidis receptis de Garnerio, mugnerio, quia molerat bladum
                                sine <lb/> ponderatione<note type="césure"><hi rend="italics"
                                        >ponde<lb/>ratione</hi></note></item>
                            <item> de XL solidis receptis de <foreign>Lorer</foreign>, mugnerio, pro
                                eodem </item>
                            <item> de XXX solidis receptis de Matheo de Tayssoneria<note>
                                    Aujourd’hui <hi rend="italics">La Teyssonnière</hi>, c<hi
                                        rend="sup">ne</hi> de Buellas.</note>, <lb/> quia fregit
                                arcam Laurentie, sororis sue, ipsa ignorante, et quia cepit in ipsa
                                arca quandam litteram quam dextruxit<note> Pour <hi rend="italics"
                                        >destruxit</hi>.</note></item>
                            <item><lb/> de XL solidis receptis de Aymone de Tayssoneria pro eodem </item>
                            <item> de XV solidis receptis a fratre Martini
                                    <foreign>Parrochin</foreign> pro banno <lb/> spoliationis </item>
                            <item> de V solidis receptis de Petro <foreign>del Riondel</foreign> pro
                                banno pene sibi inposite per castellanum </item>
                            <item> de V solidis <lb/> receptis de dicto Fossorerio quia scinderat
                                quercum alienam </item>
                            <item> de XV solidis receptis de Peroneto de Virgulto pro banno <lb/>
                                sanguinis facti Iohanneto de Virgulto </item>
                            <item> de XII denariis receptis de filio Ruffi <foreign>de
                                    Vergon</foreign>, quia fecit contra cridam <lb/> publicam </item>
                            <item> de XXI denariis receptis de Iohanne <foreign>Buschi Pot</foreign>
                                pro eodem </item>
                            <item> de XII denariis receptis de Martino
                                <foreign>Gurlan</foreign><lb/> pro eodem </item>
                            <item> de XII denariis receptis de Guillermo
                                    <foreign>Batallart</foreign> pro eodem </item>
                            <item> de XII denariis receptis de Petro <foreign>de Nauton</foreign>
                                pro <lb/> eodem </item>
                            <item> de XII denariis receptis de dicto <foreign>Fargot</foreign> pro
                                eodem </item>
                            <item> de XII denariis receptis de Guillermo Ioffredi pro eodem </item>
                            <item><lb/> de XII denariis receptis de Guillermeto <foreign>de
                                    Chaveyria</foreign> pro eodem </item>
                            <item> de XVIII denariis receptis de Michaleto Vayardi pro eodem </item>
                            <item><lb/> de XII denariis receptis de Guicharda de Virgulto pro eodem </item>
                            <item> de XII denariis receptis de Aymone
                                    <foreign>Le</foreign><foreign>Vergon</foreign><note> Il avait
                                    d’abord été écrit <hi rend="italics">de Vergon</hi>, mais la
                                    préposition a été transformée en article</note> pro eodem
                            </item>
                        </list></p>
                </div>
                <div xml:id="clame">
                    <head>clame</head>
                    <p><list>
                            <item><lb/> de CVIII solidis VI denariis receptis de quadraginta duabus
                                clamis trium solidorum et inferius per dictum tempus </item>
                            <item><lb/> summa : XXXVI libre XIIII solidi III denarii fortium,
                                deductis triginta octo solidis <lb/> pro parte dicti ballivi
                                capientis duodecim denarios in libra <lb/></item>
                        </list></p>
                </div>
                <div xml:id="introgia">
                    <head>introgia</head>
                    <p><list>
                            <item><lb/> de introgiis et inventis nichil hoc anno </item>
                        </list></p>
                </div>
                <div xml:id="venditiones">
                    <head>venditiones</head>
                    <p><lb/> idem reddit computum <list>
                            <item> de CXIII solidis IIII denariis fortium receptis de quinque
                                sestariis duobus quartallis et quatuor cupis frumenti venditis <lb/>
                                ut supra, quolibet sestario vendito viginti solidis </item>
                            <item> de XXXVI libris XII solidis I denario obolo receptis de sexaginta
                                uno <lb/> sestariis et quarto unius cupe siliginis venditis ut
                                supra, quolibet sestario vendito duodecim solidis </item>
                            <item> de IIII libris <lb/> XI solidis III denariis receptis de novem
                                sestariis duobus rasis avene venditis ut supra, quolibet sestario
                                decem solidis </item>
                            <item> de VI denariis receptis <lb/> de duobus panibus sic venditis </item>
                            <item> de LXXVI solidis VIII denariis receptis de quater centum
                                sexaginta gallinis venditis <lb/> ut supra, qualibet gallina vendita
                                duobus denariis fortium </item>
                            <item> de VII solidis VI denariis receptis de exitu prati subtus
                                    Saysiriacum<note> Aujourd’hui Ceyzériat.</note> hoc anno </item>
                            <item><lb/> summa : LI libre XVI denarii obolus fortium </item>
                        </list></p>
                </div>
                <div xml:id="bilan_recepte">
                    <p><list>
                            <item><lb/> summa totius recepte : IIII<hi rend="sup">C</hi> XXXI libre
                                X denarii obolus fortium — qui valent, <lb/> campsi ad viennenses :
                                    VIII<hi rend="sup">C</hi> LXII libris XXI denariis viennensium
                            </item>
                        </list></p>
                </div>
                <div xml:id="forinseca">
                    <head>forisseca</head>
                    <p><lb/> idem reddit computum <list>
                            <item> de C libris viennensium receptis de Peronino
                                    <foreign>d’Estres</foreign>, castellano Castellionis </item>
                            <item> de XII libris <lb/> viennensium receptis de Hugone Medici,
                                castellano Pontis Vallium </item>
                            <item> de XXV libris viennensium receptis de Guillermeto de
                                    Chandea<note> Aujourd’hui <hi rend="italics">Chandé</hi>, c<hi
                                        rend="sup">ne</hi> de Vandeins.</note><lb/> castellano
                                Marbosii </item>
                            <item> summa : VI<hi rend="sup">XX</hi> XVII libre viennensium </item>
                            <item><lb/> summa totius recepte cum forissecis : IX<hi rend="sup"
                                    >C</hi> IIII<hi rend="sup">XX</hi> XIX libre XXI denarii
                                viennensium de quibus </item>
                        </list></p>
                </div>
            </div>
            <div xml:id="expense_et_librate">
                <p><list>
                        <item><lb/> in domo furni Baugiaci, que diruta erat, omnino reficienda,
                            fusta et sex milliariis tegularum emptis ad idem, <lb/> et stipendiis
                            operariorum ad hoc operantium, ut in particulis : XIII libras IIII
                            denarios viennensium </item>
                        <item> in domo mercati in <lb/> uno loco aptanda et recooperienda, et una
                            sola ibi posita : X solidos </item>
                        <item> in domo domini apud <foreign>La Bayveri</foreign><note> Aujourd’hui
                                    <hi rend="italics">La Bévière</hi>, c<hi rend="sup">ne</hi> de
                                Malafretaz.</note>, que quondam <lb/> fuit domini Girardi
                                <foreign>de Langes</foreign><note> Aujourd’hui <hi rend="italics"
                                    >Lange</hi>, c<hi rend="sup">ne</hi> de Saint-Sulpice.</note>,
                            que minabatur ruinam, apodianda et aptanda, et trabibus et solis ibi
                                positis<note type="césure"><hi rend="italics"
                                >posi<lb/>tis</hi></note>, <lb/> et ipsa domo recooperienda : VI
                            libras XIIII solidos </item>
                        <item> in uno intrumento facto pro blado ponderando et cordis ad <lb/> idem
                            : X solidos </item>
                        <item> in stipendiis quorumdam terrallionum qui fuerunt cum hominibus
                                Terre<note> C’est-à-dire <hi rend="italics">terre Breyssie</hi>,
                                comme à la ligne suivante.</note> ad faciendum fossata et ad <lb/>
                                obsturandum<note> Pour <hi rend="italics">obturandum</hi>, ou <hi
                                    rend="italics">obstruendum</hi>.</note> passus in aqua Royssose,
                            quando timebatur ne gentes Burgondie intrarent terram Breyssie ad <lb/>
                                offendendum<note type="césure"><hi rend="italics"
                                    >offen<lb/>dendum</hi></note> in dicta terra et in terra domini
                            Belli Ioci, de mandato domini, ut per litteram ipsius quam
                                hostendit<note> Pour <hi rend="italics">ostendit</hi>.</note> : LI
                            solidos viennensium </item>
                        <milestone n="4" unit="vue"/>
                        <pb n="3"/>
                        <item><lb/> in una mola empta et posita in molendino de Longo Canpo<note>
                                Pour <hi rend="italics">campo</hi>. Aujourd’hui <hi rend="italics"
                                    >Longchamp</hi>, c<hi rend="sup">ne</hi> de Lent.</note> pro
                            medietate contingente dominum : X solidos </item>
                        <item> in stipendiis plurium <lb/> nunciorum<note type="césure"><hi
                                    rend="italics">nun<lb/>ciorum</hi></note> missorum pro negotiis
                            domini : LVII solidos VI denarios </item>
                        <item><lb/> summa expense<note> Le mot <hi rend="italics">expense</hi> a été
                                ajouté en fin de ligne et appelé ici.</note> : XXVI libre XII solidi
                            X denarii viennensium </item>
                        <item><lb/> idem libravit Iohanni Belli, in quibus dominus sibi tenebatur,
                            per litteras domini de testimonio et mandato et per litteras dicti
                            Iohannis Belli de recepta, <lb/> quas reddit : IIII<hi rend="sup">C</hi>
                            libras viennensium </item>
                        <item><lb/> idem libravit domino Petro de Castellione, in quibus dominus
                            sibi tenebatur, per predictas litteras domini de testimonio et mandato
                            <lb/> et per litteras de recepta, per manum Iohannis Belli et per manum
                            Stephani Terleti qui ipsas receperunt pro dicto domino <lb/> Petro, ut
                            in litteris de recepta quas reddit continetur : II<hi rend="sup">C</hi>
                            VI libras viennensium </item>
                        <item><lb/> idem libravit Petro de Martigniaco, in quibus dominus sibi
                            tenebatur pro homagio sibi facto, salva fidelitate comitis <lb/>
                                    Altisiodorensis<note><hi rend="italics"
                                    >altisi<lb/>odorensis</hi>. Pour Altissiodorensis. Guillaume de
                                Chalon, comte d’Auxerre, était le gendre d’Amédée V.</note>, per
                            litteras domini de mandato et per litteras de recepta, quas reddit – et
                            littere confecte super dicto homagio reperte sunt in <lb/> arca castri
                            per manum Petri clerici, ut dicit : XXV libras viennensium </item>
                        <item> idem libravit Berardo <foreign>de Vassaleu</foreign><note>
                                Aujourd’hui Versailleux.</note>, in quibus dominus sibi tenebatur
                            pro Reynaudo <foreign>de Teffrens</foreign>, dicto de Monte <lb/>
                            Iustino, per litteras domini de mandato et litteras de recepta et
                            quittatione, quas reddit : XVI libras IIII solidos IIII denarios
                            viennensium </item>
                        <item><lb/> idem libravit donno Petro Boni Amici, capellano, recipienti
                            nomine Hugonis de Voyrone, de helemosina debita altari beati Georgii
                            <lb/> et pro capella dicti loci deservienda singulis annis in festo
                            beati Martini : VII libras X solidos viennensium </item>
                        <item><lb/> idem libravit Iohanni, preposito Ambrogniaci, quas dominus sibi
                            dedit in feudum supra leydam Burgi, percipiendas annis singulis in festo
                            <lb/> beati Michaelis : C solidos viennensium </item>
                        <item><lb/> idem libravit liberis domini Humberti <foreign>de
                                Cotarel</foreign>, quas singulis annis percipiunt supra macellum in
                            Nativitate Domini : IIII libras viennensium </item>
                        <item><lb/> idem libravit in stipendiis quinque balistariorum de Burgo
                            morantium in munitione ville Ambrogniaci a die martis ante Ramos
                            Palmarum, <lb/> anno nonagesimo quinto<note> Le mardi 13 mars 1296
                                (nouveau style).</note>, usque <del rend="biffé">ad</del> in die
                            festi beati Marci evangeliste, videlicet per triginta sex dies, per
                            litteras domini <lb/> Nicholay<note> ni<lb/>cholay</note><foreign>de
                                Billens</foreign> de mandato, qui hoc mandavit de consilio
                            ballivorum Sabaudie, Viennesii et Beugesii quia dicebatur quod <lb/>
                                daphinus<note> Pour dalphinus : le dauphin de Viennois Humbert
                                Ier.</note> debebat habere insimul totum suum mandamentum – et
                            dantur cuilibet in die decem octo denarii : XIII libras X solidos
                            viennensium </item>
                        <item><lb/> idem libravit sibi ipsi qui sibi debebantur de remanentia
                            computi sui precedentis, deductis viginti quinque solidis quos anno
                            preterito <lb/> computavit pro garcione custodiente equum domini, quos
                            dominus precepit deduci : XLI libras XVII solidos I denarium viennensium </item>
                        <item><lb/> idem libravit et restituit sibi ipsi, de servitio quod debetur
                            apud Longum Canpum, videlicet pro manso de Vileta, de quo superius <lb/>
                            ad plenum computavit, et non potuit recuperare propter defectum
                            tenementariorum absentium : LX solidos viennensium </item>
                        <item><lb/> summa librate : VII<hi rend="sup">C</hi> XXII libre XVII denarii
                            viennensium </item>
                        <item><lb/> summa expense et librate : VII<hi rend="sup">C</hi> XLVIII libre
                            XIIII solidi III denarii viennensium </item>
                    </list></p>
            </div>
            <div xml:id="bilan">
                <p><list>
                        <item> et sic <lb/> debet : XII<hi rend="sup">XX</hi> X libras VII solidos
                            VI denarios viennensium<note> Ces trois dernières lignes furent écrites
                                d’une autre main.</note></item>
                        <item><lb/> petit sibi allocari IIII libras X denarios viennensium pro
                            expensis quas fecit pro negotiis domini de Quarto<note> Aujourd’hui
                                Quart (Val d’Aoste).</note> et domini de Castro Vilani<note>
                                Aujourd’hui Château Villain, c<hi rend="sup">ne</hi> de
                                Bourg-de-Sirod (Jura). Jacques de Quart, vassal du comte de Savoie
                                depuis 1287, était, semble-t-il, gendre de Gaucher de Commercy, sire
                                de Châteauvilain et vassal, de ce fait, du sire d’Arlay. Voir
                                notamment : Guillaume, Jean-Baptiste, <hi rend="italics">Histoire
                                    généalogique des sires de Salins</hi>, Besançon, 1757, p.
                                168.</note>, <lb/> videlicet pro nunciis missis et in expensis
                            duodecim equorum, venditorum pro dicto negotio, quos tenuit per tres
                            dies ante quam venderentur, <lb/> ut in particulis quas hostendit<note>
                                Pour <hi rend="italics">ostendit</hi>.</note></item>
                        <item><lb/> item petit sibi allocari C solidos viennensium pro expensis quas
                            fecit pro duabus filiis domini Girardi <foreign>de Langes</foreign>,
                            videlicet pro expensis ipsarum, quas <lb/> tenuit per <del rend="biffé"
                                >quadraginta</del> septem septimanas : L solidos – et pro ipsis
                            ducendis apud Voyronem ad hospitii domini : XXX solidos – et pro ipsis
                            <lb/> ducendis<note type="césure"><hi rend="italics"
                                >du<lb/>cendis</hi></note> apud Burgum : XX solidos
                            viennensium</item>
                    </list></p>
            </div>
        </body>
    </text>
</TEI>
