<?xml version="1.0" encoding="UTF-8"?>
<?oxygen RNGSchema="http://www.tei-c.org/release/xml/tei/custom/schema/relaxng/tei_all.rng" type="xml"?>
<TEI xmlns="http://www.tei-c.org/ns/1.0" xml:id="B7081_9">
    <teiHeader>
        <fileDesc>
            <titleStmt>
                <title>Compte d'Étienne Sterlet (<hi rend="italics">Stephanus Sterleti</hi>),
                    receveur des revenus de Bourg-en-Bresse, pour la châtellenie de Bourg-en-Bresse,
                    du 24 juin 1287 au 24 juin 1288 <date type="debut" from-iso="12870624"
                        cert="high"/><date type="fin" from-iso="12880624" cert="high"/></title>
                <respStmt>
                    <persName><name xml:lang="fra">Étienne Sterlet</name><name xml:lang="lat"
                            >Stephanus Sterleti</name></persName>
                    <resp>Châtelain</resp>
                </respStmt>
            </titleStmt>
            <publicationStmt>
                <p>Christian Guilleré, Frédéric Chartrain et Alain Kersuzan, avec la collaboration de Nils Mantilleri, Jean-Michel Poisson, et Marianne Ronot, 
                    <title>Compte d'Étienne Sterlet (<hi rend="italics">Stephanus Sterleti</hi>),
                        receveur des revenus de Bourg-en-Bresse, pour la châtellenie de Bourg-en-Bresse,
                        du 24 juin 1287 au 24 juin 1288</title>,
                    Lyon - Chambéry, 2012 (<title>Documents comptables des Etats de Savoie, XIIIe - XVe s.</title>)</p>
            </publicationStmt>
            <seriesStmt>
                <title>Bourg-en-Bresse</title>
            </seriesStmt>
            <sourceDesc>
                <p>Information about the source</p>
            </sourceDesc>
        </fileDesc>
    </teiHeader>
    <text>
        <body>
            <milestone n="11" unit="vue"/>
            <pb n="9"/>
            <div xml:id="prologue">
                <p><lb/> Computus<note> Ce compte a été numéroté <hi rend="italics">V</hi> en
                        tête.</note> Stephani Sterleti receptoris reddituum Burgi a die et festo
                    beati Iohannis baptiste <lb/> anno Domini M<hi rend="sup">o</hi> CC<hi
                        rend="sup">o</hi> octogesimo septimo usque ad idem festum anno sequenti
                    videlicet de uno anno integro </p>
            </div>
            <div xml:id="recepte">
                <div xml:id="frumentum">
                    <head>frumentum</head>
                    <p><lb/> idem reddit computum <list>
                            <item> de I quartallo frumenti recepto de liberis Morelli de
                                    <foreign>Puttessard</foreign> de redditu per annum </item>
                            <item> summa eadem — et remanet </item>
                        </list></p>
                </div>
                <div xml:id="siligo">
                    <head>siligo</head>
                    <p><lb/> idem reddit computum <list>
                            <item> de XIX sestariis VII cupis dimidia siliginis receptis apud Burgum
                                et in castellania Burgi de redditu per annum ut in extenta </item>
                            <item> de messe apud <lb/><foreign>Rispes</foreign> nichil computat hoc
                                anno quia propter guerram recesserunt agricole et nichil ibi
                                excolitur </item>
                            <item> de I quartallo dimidio recepto apud <foreign>Perona</foreign> de
                                messe hoc <lb/> anno et levatur<note> On écrit ici <hi
                                        rend="italics">deliberis</hi> pour <hi rend="italics">de
                                        liberis</hi>, <hi rend="italics">etlevatur</hi> pour <hi
                                        rend="italics">et levatur</hi>.</note> in quolibet
                                    hospitio<note> On lit ici <hi rend="italics">hospicio</hi>, <hi
                                        rend="italics">forcium</hi>, <hi rend="italics"
                                        >vendencium</hi>, <hi rend="italics">tercio</hi>, <hi
                                        rend="italics">transeuncium</hi>, <hi rend="italics"
                                        >precio</hi>, que l’on transcrit — conformément à la norme
                                    d’édition qui prévoit dans ce cas le recours à la forme
                                    classique — <hi rend="italics">hospitio</hi>, <hi rend="italics"
                                        >fortium</hi>, <hi rend="italics">vendentium</hi>, <hi
                                        rend="italics">tertio</hi>, <hi rend="italics"
                                        >transeuntium</hi>, <hi rend="italics">pretio</hi>.</note>
                                excolente ad boves unum quartallum, in non excolente ad boves unum
                                    <foreign>bichon</foreign> tantum, in viduis non excolentibus
                                nichil </item>
                            <item><lb/>de VIII quartallis dimidio receptis apud <foreign>La
                                    Vernea</foreign> de messe hoc anno </item>
                            <item> de V quartallis I bicheto<note> Il conviendrait peut-être de lire
                                        <hi rend="italics">bichon</hi> comme précédemment.</note>
                                receptis apud Verlya pro eodem respondent<note> On attendrait <hi
                                        rend="italics">respondet</hi>, puisque le compte est en
                                    principe celui du seul <hi rend="italics">Stephanus
                                        Sterleti</hi>.</note> minus quam solebant <lb/> propter
                                guerram </item>
                            <item> de III quartallis receptis apud Chaissaignola pro eodem </item>
                            <item> de IIII quartallis receptis apud Sanctum Andream et
                                    <foreign>Pontet</foreign> pro eodem </item>
                            <item> de V quartallis I bicheto receptis <lb/> apud Tulliam pro eodem </item>
                            <item> de III quartallis receptis apud Bioletum pro eodem </item>
                            <item> de III quartallis dimidio receptis apud Grilleriam pro eodem </item>
                            <item> de V quartallis dimidio receptis apud <foreign>Malmont</foreign>
                                pro eodem </item>
                            <item><lb/>de VI quartallis receptis apud <foreign>Chillou</foreign> et
                                apud <foreign>Cusia</foreign> pro eodem </item>
                            <item> de III bichetis receptis apud <foreign>La Taissoneri</foreign>
                                pro eodem </item>
                            <item> de V quartallis receptis apud <foreign>Curtinz</foreign> et
                                    <foreign>Cortablin</foreign> pro eodem </item>
                            <item><lb/>de III quartallis dimidio receptis apud <foreign>La
                                    Buysineri</foreign> pro eodem </item>
                            <item> de XI quartallis receptis apud Buellam et
                                    <foreign>Corgeron</foreign> pro eodem </item>
                            <item> de II quartallis receptis apud <foreign>Moncex</foreign> pro
                                eodem </item>
                            <item> de III quartallis receptis <lb/> apud Poillya pro eodem </item>
                            <item> de VI quartallis receptis apud <foreign>Atignya</foreign> pro
                                eodem </item>
                            <item> de XVI quartallis dimidio receptis apud
                                    <foreign>Monlaferta</foreign> pro eodem </item>
                            <item> de XVII quartallis dimidio receptis apud
                                <foreign>Cra</foreign><lb/> pro eodem </item>
                            <item> de III quartallis receptis apud <foreign>Pugya</foreign> pro
                                eodem </item>
                            <item> de I sestario recepto apud Longum Campum de taschiis in terris
                                vacuis tenementariis propter guerram </item>
                            <item> de <lb/> novem sestariis tribus bichetis dimidio que debebantur
                                apud Longum Campum <del rend="overstrike">non</del> de redditu non
                                computat quia tenementarii recesserunt propter guerram </item>
                            <item> de II sestariis <add place="interlinear">I quartallo</add>
                                receptis de exitu <add place="interlinear">seu firma</add><lb/>
                                molendini de Longo Campo pro parte domini hoc anno </item>
                            <item> summa : LI sestaria VII cupe dimidia siliginis de quibus </item>
                            <item><lb/>non potuit recuperare apud <foreign>Pugia</foreign> propter
                                inopiam tenementariorum qui fuerunt gravati de guerra : II
                                quartallos </item>
                            <item> et debet : LI sestaria III quartallos I cupam dimidiam — et
                                remanent </item>
                            <item><lb/>et </item>
                        </list></p>
                </div>
                <div xml:id="avena">
                    <head>avena</head>
                    <p><lb/> idem reddit computum <list>
                            <item> de II quartallis avene receptis <add place="interlinear">de
                                        Hunberto<note> On écrit ici <hi rend="italics">Hunberto</hi>
                                        pour <hi rend="italics">Humberto</hi>.</note> Bergerii</add>
                                apud <foreign>La Vernea</foreign> de redditu per annum </item>
                            <item> de II quartallis receptis de liberis Hunberti Rana et
                                participibus pro eodem </item>
                            <item> de VI quartallis <lb/> receptis apud
                                    <foreign>Chassaignola</foreign> pro eodem </item>
                            <item> de VI quartallis receptis apud <foreign>Malmont</foreign> pro
                                eodem </item>
                            <item> de IIII quartallis receptis de Iohanne <foreign>Chapuys</foreign>
                                apud Sanctum Andream pro eodem </item>
                            <item> de VI quartallis receptis de <lb/> Roberto de <foreign>La
                                    Buysineri</foreign><note> Ou <hi rend="italics">Buysnieri</hi>,
                                    le mot étant raturé. Aujourd’hui <hi rend="italics"
                                        >Buissonnière</hi>, c<hi rend="sup">ne</hi> de
                                    Condeissiat.</note> pro eodem et participibus suis </item>
                            <item> de II quartallis receptis de Peroneto <foreign>dou
                                    Lourein</foreign> et participibus suis pro eodem </item>
                            <item> de III quartallis dimidio receptis de heredibus Bernardi
                                    <foreign>Pelous</foreign><lb/> apud
                                    <foreign>Crespignia</foreign> pro eodem </item>
                            <item> de II quartallis dimidio receptis apud
                                    <foreign>Crespignia</foreign> de messe hoc anno </item>
                            <item> de IIII quartallis receptis de prioratu Buelle de garda per annum </item>
                            <item><lb/>de III quartallis VI cupis receptis apud
                                    <foreign>Montaignia</foreign> de messe hoc anno et levatur ut
                                supra in siligine </item>
                            <item> de VIII quartallis III cupis receptis apud Longum Campum pro
                                eodem </item>
                            <item><lb/>de exitu molendini de Longo Campo nichil in avena </item>
                            <item> summa recepte avene : XII sestaria I quartallus IX cupe — et
                                remanent </item>
                        </list></p>
                </div>
                <div xml:id="panes">
                    <head>panes</head>
                    <p><lb/> idem reddit computum <list>
                            <item> de II panibus receptis de Stephano Moyroudi de
                                    <foreign>Monlaferta</foreign><del rend="overstrike">pro</del> de
                                redditu per annum — <del>venduntur ut infra</del></item>
                        </list></p>
                </div>
                <div xml:id="galline">
                    <head>gualline<note> On écrit ici <hi rend="italics">gualline</hi> et <hi
                                rend="italics">guarde</hi> pour <hi rend="italics">galline</hi> et
                                <hi rend="italics">garde</hi>.</note></head>
                    <p><lb/> idem reddit computum <list>
                            <item> de III<hi rend="sup">C</hi> LXXIII guallinis receptis apud Burgum
                                et in castellania de redditu et caponeria hoc anno — respondet minus
                                propter guerram quia ante <lb/> guerram levabantur quingente
                                gualline </item>
                            <item> summa eadem — et remanent </item>
                        </list></p>
                </div>
                <div xml:id="cera">
                    <head>cera</head>
                    <p><lb/> idem reddit computum <list>
                            <item> de XXIIII libris cere<note> Entre <hi rend="italics">libris</hi>
                                    et <hi rend="italics">cere</hi>, un mot a été biffé et corrigé
                                    dans l’interligne supérieur, puis l’ensemble a été
                                    effacé.</note> receptis de garda in castellania ut in particulis
                                in computo precedenti </item>
                            <item> summa : XXIIII libre cere — et remanent </item>
                        </list></p>
                </div>
                <div xml:id="fenum">
                    <head>fenum</head>
                    <p><lb/> idem reddit computum<note> Ici, comme dans la recette de cire qui
                            précède et dans celle de deniers qui suit, on peut constater que les
                            mots <hi rend="italics">idem reddit computum</hi> ont été écrits, d’une
                            encre brune, préalablement à la suite du texte, écrite d’une encre plus
                            noire. D’où l’incohérence de la phrase.</note><list>
                            <item> de feno non respondet quia venditum fuit in herba ad denarios ut
                                infra </item>
                        </list></p>
                </div>
                <div xml:id="denarii">
                    <head>denarii</head>
                    <p><lb/> idem reddit computum <list>
                            <item> de LXV solidis V denariis obolo fortium receptis apud Burgum de
                                redditu per annum ut in particulis in extenta </item>
                            <item> de XXIII solidis IX denariis receptis ibidem pro eodem <lb/> de
                                empto a domino Cortesio Renaudi </item>
                            <item> de XV solidis receptis de Roleto Terlleti pro cambo<note> Lire
                                        <hi rend="italics">campo</hi>, comme dans les comptes
                                    précédents.</note> de <foreign>Coeron</foreign> et medietate
                                forestarie de <foreign>Brou</foreign> de redditu per <lb/> annum </item>
                            <item> de C solidis receptis de Stephano Terlleti de redditu pro
                                molendino et stangno </item>
                            <item><del rend="overstrike">de</del> de IIII denariis receptis de
                                Guidone de <foreign>Saillons</foreign> pro eodem </item>
                            <item> de XII denariis receptis <lb/> de Guichardo, Guillermo
                                    <foreign>Loreinet</foreign><note> Le mot paraît raturé. Le
                                    compte précédent écrivait <hi rend="italics">Lorent</hi>.</note>
                                et dicto Guidone pro eodem </item>
                            <item><add place="leftMargin">de II denariis receptis de Guillermo
                                        <foreign>Salomon</foreign> pro redditu ut infra in
                                    intragiis</add><note><hi rend="italics">de II denariis <lb/>
                                        receptis de Guillermo </hi>Salamon<hi rend="italics"><lb/>
                                        pro redditu ut infra in intragiis</hi></note></item>
                            <item> de triginta solidis qui solebant percipi apud <foreign>Les
                                    Rispes</foreign> non computat quia nichil potuit <lb/>
                                recuperare propter guerram </item>
                            <item> de IX solidis receptis de exitu mansi Martini de Planchimel in
                                quo non est tenementarius hoc anno et solebat debere <lb/> decem
                                septem solidos fortium </item>
                            <item> de XVI libris VII solidis IIII denariis receptis de redditu in
                                aliis vilagiis castellanie Burgi </item>
                            <item> de XL solidis fortium receptis apud Longum Campum<note
                                    type="césure"><hi rend="italics">cam<lb/>pum</hi></note><lb/>
                                hoc anno pro parte domini de redditu et solebant ibi percipi octo
                                libras decem novem solidos decem denarios obolum fortium sed non
                                possunt recuperari ex eo quod <lb/> homines recesserunt propter
                                guerram et nundum revenerunt </item>
                            <item> summa : XXIX libre II solidos obolus fortium </item>
                        </list></p>
                </div>
                <div xml:id="recognitiones_et_garde_et_tallie_et_teyse">
                    <head>recognitiones et guarde et tallie et teyse<note type="césure"><hi
                                rend="italics">recognitiones et <lb/> guarde et <lb/> tallie et
                                <lb/> teyse</hi></note></head>
                    <p><lb/> idem reddit computum <list>
                            <item> de XLIX solidis IX denariis fortium receptis de recognitionibus
                                in castellania ut in computo precedenti in particulis </item>
                            <item> de LVII solidis IX denariis receptis de guardis<note
                                    type="césure"><hi rend="italics">guar<lb/>dis</hi></note><lb/>
                                in dicta castellania ut in particulis </item>
                            <item><note> Entre <hi rend="italics">in particulis</hi> et <hi
                                        rend="italics">de XXVI libris</hi>, une rédaction antérieure
                                    a été effacée.</note> de XXVI libris XVII solidis receptis de
                                tallia in dicta castellania hoc anno </item>
                            <item><lb/>de XXVIII libris XXI denariis receptis de teysis apud Burgum
                                per annum </item>
                            <item><lb/>summa : LX libre VI solidi III denarii fortium </item>
                        </list></p>
                </div>
                <div xml:id="firme">
                    <head>firme</head>
                    <p><lb/> idem reddit computum <list>
                            <item> de LXXV libris fortium receptis de Hunberto Clavelli pro
                                    firma<note> Par maladresse, on a écrit <hi rend="italics"
                                        >firna</hi>.</note> leyde, copunagii, martinagii et parvi
                                pedagii hoc anno </item>
                            <item> de XXXIII libris X solidis receptis <lb/> de firma furnorum Burgi
                                hoc anno </item>
                            <item> de XXII libris receptis de firma chacipolerie hoc anno </item>
                            <item> de XXV solidis receptis de firma cridagii hoc anno </item>
                            <item> de XXX solidis <lb/> receptis de firma champerie de Ultra Velam
                                pro anno finito in festo beati Iohannis baptiste anno octogesimo
                                septimo </item>
                            <item> de XXV solidis receptis de firma <lb/> eiusdem champerie <sic>hoc
                                    hoc</sic> anno finito in festo beati Iohannis anno octogesimo
                                octavo </item>
                            <item> de champeria Burgi pro anno finito in festo beati Iohannis anno
                                octogesimo <lb/> septimo non computat quia non fuit accensata ut
                                dicit </item>
                            <item> de V solidis receptis de firma champerie Burgi pro anno finito in
                                festo beati Iohannis anno octogesimo octavo </item>
                            <item><lb/>de V solidis receptis de firma champerie de
                                    <foreign>Cra</foreign> pro anno finito in festo beati Iohannis
                                anno octogesimo septimo </item>
                            <item> de X solidis receptis de eadem firma eiusdem champerie <lb/> pro
                                anno finito in festo beati Iohannis anno octogesimo octavo </item>
                            <item> de VI solidis receptis de exitu quintalis hoc anno </item>
                            <item> de VII libris VII solidis receptis de locagio viginti <lb/>
                                bancarum macelli et quatuor bancarum caprarum hoc anno —— respondet
                                minus solito ex eo quod quinque banche vacant </item>
                            <item><lb/>summa : VII<hi rend="sup">XX</hi> III libre III solidi
                                fortium </item>
                        </list></p>
                </div>
                <div xml:id="domus_mercati">
                    <head>domus mercati</head>
                    <p><lb/> idem reddit computum <list>
                            <item> de LI solidis VI denariis fortium receptis de banchis grossorum
                                mercatorum vendentium pannos in domo mercati et levantur pro
                                qualibet teysa in festo <lb/> beati Martini tres solidi fortium —
                                respondet minus solito<note> On avait écrit <hi rend="italics"
                                        >solido</hi>, et le mot est raturé.</note> quia non sunt tot
                                mercatores quot solebant et banche vacue sunt </item>
                            <item> de LXV solidis III denariis receptis de viginti novem <lb/>
                                banchis escoferiorum hoc anno et levantur de qualibet bancha duo
                                solidi tres denarii fortium eodem termino </item>
                            <item> de II solidis III denariis receptis de tribus banchis
                                grolleriorum <lb/> hoc anno et capiuntur pro qualibet teysa novem
                                denarii </item>
                            <item> de XVIII solidis receptis de viginti quatuor banchis sauneriorum
                                et capiuntur pro qualibet teysa novem denarii </item>
                            <item><lb/>de IX solidis receptis de sex banchis oliveriorum et
                                sauneriorum in quibus venditur sal et oleum et levantur pro qualibet
                                    <del rend="overstrike">teysa v</del> teysa decem octo denarii —
                                oliverius extraneus <lb/> debet tres solidos, oliverius de villa
                                debet decem octo denarios </item>
                            <item> de XXXII solidis receptis de triginta duabus banchis
                                    panateriorum<note> Le mot paraît raturé comme si l’on avait
                                    hésité entre <hi rend="italics">panateriorum</hi> et <hi
                                        rend="italics">panateriarum</hi>, mais à la ligne suivante
                                    on a clairement opté pour <hi rend="italics"
                                    >panateriorum</hi>.</note> et levantur de qualibet <del
                                    rend="overstrike">pa</del><lb/> bancha panateriorum duodecim
                                denarii </item>
                            <item> de III solidis receptis de tribus banchis coyferiarum et levantur
                                de qualibet duodecim denarii </item>
                            <item> de II solidis receptis de duobus <lb/> potteriis et levantur de
                                quolibet duodecim denarii </item>
                            <item><lb/>de XVI solidis VI denariis receptis de quinque banchis
                                dimidia merceriorum et levantur pro qualibet teysa tres solidi </item>
                            <item><lb/>de IIII solidis VI denariis receptis de duobus pelateriis et
                                levantur de qualibet banca duo solidi tres denarii </item>
                            <item> de IIII solidis VI denariis <del rend="overstrike">de</del>
                                receptis de banca <del rend="overstrike">una</del> unius
                                    payrolerii<note type="césure"><hi rend="italics"
                                        >payrole<lb/>rii</hi></note><lb/> hoc anno pro qua levantur
                                quatuor solidi sex denarii <add place="interlinear"
                                    >viennensium</add></item>
                            <item> de XVIII solidis receptis de sex banchis sex ferrateriorum et
                                levantur pro qualibet bancha tres solidi </item>
                            <item><lb/>de IIII solidis VI denariis receptis de bancha unius
                                venditoris scutellarum </item>
                            <item> de firma minuti mercati nichil quia accensatum est cum leyda et
                                copunagio supradictis </item>
                            <item><lb/>de VI solidis receptis de locagio bancarum quibus venduntur
                                vadia die mercati </item>
                            <item><lb/>summa : XI libre XVII solidi fortium </item>
                            <item><lb/>de passonagio<note> On n’a pas jugé nécessaire la rubrique
                                        <hi rend="italics">passsonagium</hi>, mais on a commencé à
                                    écrire au bord gauche du support.</note> nemorum de
                                    <foreign>Says</foreign> et <foreign>Vavre de Corgeron</foreign>
                                nichil quia non fuit ibi glans hoc anno </item>
                        </list></p>
                </div>
                <div xml:id="pedagium">
                    <head>pedagium</head>
                    <p><lb/> idem reddit computum <list>
                            <item> de LI solidis IX denariis fortium receptis de triginta quatuor
                                chargiis dimidia seu trossellis chevrotinorum hoc anno et levantur
                                de quolibet trossello <lb/> decem octo denarii </item>
                            <item> de XXII solidis IX denariis receptis de septem trossellis tertio
                                unius troselli<note> On emploie ici alternativement <hi
                                        rend="italics">trossellus</hi> et <hi rend="italics"
                                        >trosellus</hi>.</note> et quarta parte alterius trosselli
                                pannorum Francie transeuntium hoc anno pro pedagio <lb/> et levantur
                                de quolibet trossello tres solidi </item>
                            <item> de III solidis receptis de pedagio sex trosellorum tele hoc anno
                                et levantur de trosello sex denarii </item>
                            <item> de XV denariis receptis de <lb/> pedagio merceriorum et levantur
                                de trosello tres solidi </item>
                            <item> de pedagio equorum pro quo levantur pro quolibet equo triginta
                                tres denarii nichil habuit ut dicit </item>
                            <item><lb/>de II solidis receptis de pedagio triginta
                                    <foreign>balons</foreign> scalibis de quo levantur pro chargia
                                sex denarii </item>
                            <item> de cera de qua levantur pro chargia tres solidi nichil per <lb/>
                                idem tempus </item>
                            <item> de aliis minutis que non veniunt ad pondus nichil computat quia
                                nichil habuit ut dicit </item>
                            <item><lb/>summa : IIII libre IX denarii fortium </item>
                        </list></p>
                </div>
                <div xml:id="laudes_vende">
                    <head>laudes vende</head>
                    <p><lb/> idem reddit computum <list>
                            <item> de C solidis fortium receptis de Iohannino
                                    <foreign>Celarier</foreign> pro laudibus domus empte de liberis
                                Bernardi <foreign>Jotet</foreign> pretio sexaginta librarum
                                viennensium </item>
                            <item><lb/>de L solidis receptis de Roleto Terlleti pro laudibus domus
                                empte de Hunberto de Nucereto pretium triginta librarum viennensium </item>
                            <item><del rend="overstrike">de XI</del> de VI solidis VIII denariis
                                receptis <lb/> de Stephano de Foissiaco pro laudibus pede Bruni de
                                Vercheria empte </item>
                            <item> de XX solidis receptis de Guidone <foreign>Alver</foreign> pro
                                laudibus operatorii empti de <foreign>Adroit</foreign><lb/> pretio
                                sex librarum fortium </item>
                            <item> de II solidis VII denariis receptis de Guillermo <foreign>Bel
                                    Garczon</foreign> pro laudibus orti empti de filio Hunberti de
                                    <foreign>Jasseron</foreign><del rend="overstrike"
                                >[…]</del></item>
                            <item> de XVI solidis VIII denariis receptis <lb/> de
                                    <foreign>Guidoy</foreign> pro laudibus domus empte de
                                    <foreign>Fraignel</foreign></item>
                            <item> summa : IX libre XV solidi XI denarii fortium </item>
                        </list></p>
                </div>
                <div xml:id="introgia">
                    <head>introgia</head>
                    <p><lb/> idem reddit computum <list>
                            <item> de V solidis receptis de Guillermo <foreign>Salamon</foreign> pro
                                intragio concessionis facte de ducendo aquam de subtus terram ex
                                    traversso<note> Lire <hi rend="italics">traverso</hi>.</note>
                                itineris ad molendinum <lb/> suum ad duos denarios fortium redditus </item>
                            <item> summa : V solidi fortium </item>
                        </list></p>
                </div>
                <div xml:id="caorsini_et_iudei">
                    <head>corsini et iudei<note type="césure"><hi rend="italics">corsini et
                                <lb/>iudei</hi></note></head>
                    <p><lb/> idem reddit computum <list>
                            <item> de IIII<hi rend="sup">XX</hi> libris fortium receptis de Iacobo
                                    <foreign>Malabaille</foreign> pro istagio suo Burgi et
                                Castellionis hoc anno in purificatione beate Marie </item>
                            <item> de XII libris X solidis <lb/> receptis de Ioceto iudeo pro censa
                                sua de istagio Burgi in pascate hoc anno </item>
                            <item> de LX solidis receptis de Agino iudeo pro censa sua hoc anno in
                                nativitate Domini </item>
                            <item><lb/>de X solidis receptis ab <foreign>Emendant</foreign> iudeo
                                pro censa sua hoc anno </item>
                            <item> summa : IIII<hi rend="sup">XX</hi> XVI libre fortium </item>
                        </list></p>
                </div>
                <div xml:id="iterum_denarii">
                    <head>iterum denarii</head>
                    <p><lb/> idem reddit computum <list>
                            <item> de V solidis fortium receptis de feno prati de subtus Saysiriacum
                                et prati de <foreign>Crugo</foreign><note> Pour <hi rend="italics"
                                        >Cuegro</hi>, aujourd’hui <hi rend="italics">Cuègres</hi>,
                                        c<hi rend="sup">ne</hi> de Bourg-en-Bresse.</note> vendito
                                in herba in hoc anno </item>
                            <item> de XV solidis receptis de <lb/> feno pratorum domini apud Longum
                                Campum vendito hoc anno in herba videlicet de mansis vacuis </item>
                            <item> summa : XX solidi fortium </item>
                        </list></p>
                </div>
                <div xml:id="bilan_recepte">
                    <p><list>
                            <item><lb/>summa totius recepte : III<hi rend="sup">C</hi> LV libre IX
                                solidi XI denarii obolus fortium</item>
                        </list></p>
                </div>
            </div>
        </body>
    </text>
</TEI>
