<?xml version="1.0" encoding="UTF-8"?>
<?xml-model href="http://www.tei-c.org/release/xml/tei/custom/schema/relaxng/tei_all.rng" schematypens="http://relaxng.org/ns/structure/1.0"?>
<TEI xmlns:math="http://www.w3.org/1998/Math/MathML" xmlns="http://www.tei-c.org/ns/1.0"
    xmlns:xi="http://www.w3.org/2001/XInclude" xmlns:svg="http://www.w3.org/2000/svg"
    xml:id="B7560_15">
    <teiHeader>
        <fileDesc>
            <titleStmt>
                <title>Compte de Pierre d’Estres (Petrus d’Estres), receveur des revenus, pour la
                    châtellenie de Châtillon-sur-Chalaronne, du 18 juin 1298 au 1er mai 1300 <date
                        type="debut" from-iso="12990618" cert="high"/><date type="fin"
                        from-iso="13000501" cert="high"/></title>
                <respStmt>
                    <persName><name xml:lang="fra">Pierre d’Estrés</name><name xml:lang="lat">Petrus
                            de Estres</name></persName>
                    <resp>Châtelain</resp>
                </respStmt>
            </titleStmt>
            <publicationStmt>
                <p>Alain Kersuzan et Frédéric Chartrain, avec la collaboration de Nils Mantilleri et Jean-Michel Poisson, 
                    <title>Compte de Pierre d’Estrés (<hi rend="italics">Petrus d’Estres</hi>), receveur des revenus, pour la
                        châtellenie de Châtillon-sur-Chalaronne, du 18 juin 1298 au 1er mai 1300</title>,
                    Lyon - Chambéry, 2012 (<title>Documents comptables des Etats de Savoie, XIIIe - XVe s.</title>)</p>
            </publicationStmt>
            <seriesStmt>
                <title>Châtillon-sur-Chalaronne</title>
            </seriesStmt>
            <sourceDesc>
                <p>Information about the source</p>
            </sourceDesc>
        </fileDesc>
    </teiHeader>
    <text>
        <body>
            <milestone n="24" unit="vue"/>
            <pb n="26"/>
            <div xml:id="prologue">
                <p><lb/> Computus Petri de <foreign>Estres</foreign>, receptoris reddituum
                    castellanie Castellionis <lb/> de Challarona, a die mercurii ante festum beati
                    Iohannis baptiste anno Domini M<hi rend="sup">o</hi> CC<hi rend="sup">o</hi>
                        nonogesimo<note> On écrit ici <hi rend="italics">nonogesimo</hi> pour <hi
                            rend="italics">nonagesimo</hi>.</note> octavo usque ad <lb/> diem
                    dominicam primam diem maii anno M<hi rend="sup">o</hi> CCC<hi rend="sup">o</hi>
                    receptus, apud Voyronem, per Stephanum de Sancto Ragneberto, <lb/> presente
                    domino comite </p>
            </div>
            <div xml:id="recepte">
                <div xml:id="frumentum">
                    <head>frumentum</head>
                    <p><lb/> idem reddit computum <list>
                            <item> de V asinatis et dimidia frumenti receptis de medietate firme
                                coponagii finite in <lb/> festo beati Petri ad vincula anno
                                nonogesimo octavo, et de alia medietate computavit in computo
                                    precedenti<note type="césure"><hi rend="italics">
                                        preceden<lb/>ti</hi></note></item>
                            <item><lb/>de XI asinatis receptis de eadem firma finita eodem termino
                                anno M<hi rend="sup">o</hi> CCC<hi rend="sup">o</hi></item>
                            <item> de V asinatis et <lb/> dimidia receptis de medietate eiusdem
                                firme finiende eodem festo anno CCC<hi rend="sup">o</hi>, et tunc
                                debebuntur tantumdem </item>
                            <item> de <lb/> exitu decime de <foreign>Buanays</foreign> nichil in
                                frumento per idem tempus, ut dicit</item>
                        </list></p>
                    <div type="sub">
                        <head>arreragium</head>
                        <p><list>
                                <item> de XI asinatis frumenti receptis de remanentia <lb/> sui
                                    computi precedentis </item>
                                <item> summa : XXXIII asinate frumenti</item>
                            </list></p>
                    </div>
                    <div>
                        <p><list>
                                <item> de quibus in venditione ut <lb/> infra, videlicet de
                                    remanentia predicta : XI asinate frumenti </item>
                                <item> et sic debet XXII asinatas frumenti — et remanent</item>
                            </list></p>
                    </div>
                </div>
                <div xml:id="siligo">
                    <head>siligo</head>
                    <p><lb/> idem reddit computum <list>
                            <item> de XVIII asinatis VI <foreign>bichez</foreign> siliginis receptis
                                in castellania Castellionis per duos <lb/> annos, videlicet anno
                                nonogesimo octavo et nono, pro messe, et levantur a quollibet<note>
                                    On écrit ici <hi rend="italics">quollibet, quallibet </hi> pour
                                        <hi rend="italics">quolibet, qualibet</hi>.</note> homine
                                excolente ad duos <lb/> boves vel plures decem bicheti siliginis et
                                ab excolente ad unum bovem quinque bicheti tantum per annum, <lb/>
                                et respondet minus solito quia sunt ibi pauciores boves </item>
                            <item> de XXIIII asinatis receptis de medietate firme <lb/>
                                    coponagii<note type="césure"><hi rend="italics"
                                        >copo<lb/>nagii</hi></note> finite in festo beati Petri ad
                                vincula anno nonogesimo octavo </item>
                            <item> de XLVIII asinatis receptis de eadem <lb/> firma finita in festo
                                predicto anno nonogesimo nono, et tunc dictum coponagium traditum
                                fuit ad firmam per <lb/> unum annum Petro de <foreign>La
                                    Venoyri</foreign> pro quinquaginta tribus asinatis siliginis
                                finiendum in dicto festo anno M<hi rend="sup">o</hi> CCC<hi
                                    rend="sup">o</hi><note> On lira : <hi rend="italics">traditum
                                        fuit ad firmam per unum annum finiendum in dicto festo anno
                                        Mo CCCo Petro de La Venoyri pro quinquaginta tribus asinatis
                                        siliginis</hi>. </note>, et tunc <lb/> debebuntur tantumdem </item>
                            <item> de IIII asinatis receptis de firma decime de
                                    <foreign>Banens</foreign> anno nonogesimo octavo </item>
                            <item><lb/>de IIII asinatis receptis pro eodem anno nonogesimo
                                nono</item>
                        </list></p>
                    <div type="sub">
                        <head>arreragium<note> L’ajout de la rubrique marginale <hi rend="italics"
                                    >arreragium</hi> était ici annoncé dans le texte par un signe de
                                paragraphe.</note></head>
                        <p><list>
                                <item> de XLI asinatis VII <foreign>bichez</foreign> siliginis
                                    receptis de remanentia <lb/> sui computi precedentis </item>
                                <item> summa recepte cum arreragio : VIII<hi rend="sup">XX</hi> VII
                                    asinate I <foreign>bichet</foreign> siliginis</item>
                            </list></p>
                    </div>
                    <div>
                        <p><list>
                                <item> de quibus <lb/> idem libravit in stipendiis Hugonis et
                                    Guillermeti <foreign>Panater</foreign>, quadrigariorum ducentium
                                    duas quadrigas domini pro <lb/> lapidibus carronibus et arena
                                    apportandis ad castrum a die iovis ante festum beati Iohannis
                                    baptiste anno nonogesimo <lb/> octavo usque ad diem dominicam
                                    primam diem maii anno CCC<hi rend="sup">o</hi> usque ad quam
                                    computat, videlicet per unum <lb/> annum quadraginta quatuor
                                    septimanas et tres dies, et allocantur sibi pro ipsis duobus
                                    unum meyterium siliginis quallibet <lb/> septimana, deductis
                                    inde septem meyteriis, videlicet pro sex septimanis per quas,
                                    per idem tempus, circa natale Domini, nichil <lb/>
                                        carreaverunt<note type="césure"><hi rend="italics"
                                            >car<lb/>reaverunt</hi></note> et pro una septimana per
                                    quam carreaverunt apud Trefort et nichil sibi dedit : XXII
                                    asinatas III <foreign>bichez</foreign><lb/> siliginis </item>
                                <item> libravit predictis duobus quadrigariis pro messe sua per idem
                                    tempus : XX meyterios siliginis </item>
                                <item> libravit <lb/> Filiberto, alii quadrigario, de stipendiis
                                    suis cui dabantur per annum inceptum in festo beati Iohannis
                                    baptiste et <lb/> finiendum<note type="césure"><hi
                                            rend="italics">fini<lb/>endum</hi></note> eodem festo,
                                    anno revoluto, quinque asinate siliginis, videlicet per viginti
                                    octo septimanas et quinque dies, scilicet <lb/> a dicto festo
                                    beati Iohannis anno nonogesimo octavo usque ad diem lune in
                                    festo epiphanie Domini et a III<hi rend="sup">a</hi> die
                                        mensis<note type="césure"><hi rend="italics"
                                            >men<lb/>sis</hi></note><lb/> martii intrantis anno
                                    eodem usque ad diem lune proximo sequentem : <lb/> II asinatas
                                    III meyterios siliginis, et de <lb/> residuo<note type="césure"
                                            ><hi rend="italics">re<lb/>siduo</hi></note> dicti
                                    salarii, videlicet de duabus asinatis et uno meyterio siliginis,
                                    debent sibi satisfacere castellanus Pontis <lb/> Vele et
                                    castellanus Trefortii, qui ipsum in opere posuerunt </item>
                                <item> libravit eidem pro messe sua primi anni : I asinatam <lb/>
                                    siliginis </item>
                                <item> libravit in venditione ut infra : <lb/> XLI asinatas VII
                                        <foreign>bichez</foreign> siliginis veteris </item>
                                <item><lb/>summa librate et venditionis : LXXIII asinate siliginis </item>
                                <item> et sic debet IIII<hi rend="sup">XX</hi> XIIII asinatas <lb/>
                                    I <foreign>bichet</foreign> siliginis — et remanent</item>
                            </list></p>
                    </div>
                </div>
                <div xml:id="avena">
                    <head>avena</head>
                    <p><lb/> idem reddit computum <list>
                            <item> de XIIII asinatis avene receptis de medietate firme coponagii
                                finite in festo beati Petri ad vincula <lb/> anno nonogesimo octavo,
                                et de alia medietate computavit in <sic>conputo</sic> precedenti </item>
                            <item> de XXVIII asinatis receptis de eadem <lb/> firma finita eodem
                                festo anno nonogesimo nono </item>
                            <item> de XIIII asinatis receptis de medietate eiusdem firme finiende
                                <lb/> eodem festo anno M<hi rend="sup">o</hi> CCC<hi rend="sup"
                                    >o</hi>, et tunc debebitur tantumdem </item>
                            <item> de V asinatis avene receptis de firma decime de
                                    <lb/><foreign>Buenens</foreign> per dictos duos annos </item>
                            <item> de II meyteriis receptis a Petronilla de Feola de redditu per
                                dictos duos annos </item>
                            <item><lb/>de V asinatis et dimidia avene receptis de gardis per dictos
                                duos annos in dicta castellania, ut in particulis in <lb/>
                                    extractu<note type="césure"><hi rend="italics"
                                        >ex<lb/>tractu</hi></note>, deducto uno meyterio utroque
                                anno pro Payieneto de Fayola qui decessit nullis relictis heredibus
                                nec invenitur <lb/> de bonis eius super quibus possit levari dicta
                                garda</item>
                        </list></p>
                    <div type="sub">
                        <head>arreragium<note> L’ajout de la rubrique marginale <hi rend="italics"
                                    >arreragium</hi> était ici encore annoncé dans le texte par un
                                signe de paragraphe.</note></head>
                        <p><list>
                                <item> de VII asinatis VII <foreign>ras</foreign> et dimidio avene
                                    receptis <lb/> de remanentia sui computi precedentis </item>
                                <item> summa recepte cum arreragio : LXXIIII asinate VII
                                        <foreign>ras</foreign> et dimidius avene </item>
                            </list></p>
                    </div>
                    <div>
                        <p><list>
                                <item> de <lb/> quibus libravit ad expensas hospitii domine
                                        comittisse<note> Lire <hi rend="italics"
                                        >comitisse</hi>.</note> apud Pontem Vele, per litteram
                                    domini Iohannis de Sancto Eugendo, <lb/> senescalli<note
                                        type="césure"><hi rend="italics">se<lb/>nescalli</hi></note>
                                    ipsius domine, per eius litteram de recepta datam die sabbati
                                    ante ramos palmarum anno nonogesimo nono quam reddit : <lb/>
                                    XVII asinatas et XV <foreign>ras</foreign> avene ad mensuram
                                    Castellionis </item>
                                <item> libravit ad expensas unius roncini et unius mule, <lb/>
                                        videlicet<note type="césure"><hi rend="italics"
                                            >vi<lb/>delicet</hi></note> per quater viginti sexdecim
                                    septimanas et quinque dies per quas computat, trahentium ad duas
                                    quadrigas per idem tempus, <lb/> videlicet<note type="césure"
                                            ><hi rend="italics">vide<lb/>licet</hi></note> a die
                                    iovis ante festum beati Iohannis baptiste inclusive anno
                                    nonogesimo octavo usque ad diem dominicam primam <lb/> diem maii
                                    exclusive anno CCC<hi rend="sup">o</hi>, et dantur utrique
                                    bestie tres rasi et dimidius quallibet septimana, deductis inde
                                    <lb/> viginti<note type="césure"><hi rend="italics"
                                            >vi<lb/>ginti</hi></note> uno rasis pro sex septimanis
                                    quasi, pro una de dictis bestiis, per quas laboravit apud
                                    Trefortium et castellanus librare <lb/> debuit : XL
                                        asinate<note> On attendrait <hi rend="italics"
                                        >asinatas</hi>, puisqu’il s’agit du complément de <hi
                                            rend="italics">libravit</hi>, mais ce nominatif est
                                        écrit en toutes lettres et entraîne à lire <hi
                                            rend="italics">meyterius</hi> le nom abrégé qui
                                        suit.</note> I meyterius avene </item>
                                <item> libravit ad expensas eque domini trahentis ad quadricam quam
                                    ducebat Filibertus <lb/> quadrigarius predictus, et dabatur ei
                                    sicut aliis bestiis, per viginti octo septimanas et quinque
                                    dies, ut supra in siligine : <lb/> V asinatas VI
                                        <foreign>ras</foreign> et dimidium avene </item>
                                <item> libravit ad expensas cuiusdam roncine sue trahentis per
                                    intervalla ad <lb/> dictam quadricam, quia mula domini
                                    infirmabatur quasi per septem septimanas : XXIIII
                                        <foreign>ras</foreign> et dimidium </item>
                                <item><lb/>summa librate : LXV asinate II <foreign>ras</foreign>
                                    avene </item>
                                <item> et sic debet : IX asinatas V rasos <lb/> et dimidium avene —
                                    et remanent</item>
                            </list></p>
                    </div>
                </div>
                <div xml:id="fabe_milium">
                    <head>fabe, milium</head>
                    <p><list>
                            <item><lb/>de fabis, milio et nucibus nichil quia includuntur in firma
                                coponagii</item>
                        </list></p>
                </div>
                <div xml:id="galline">
                    <head>galline</head>
                    <p><lb/> idem reddit computum <list>
                            <item> de XXVIII gallinis receptis in dicta castellania de redditu per
                                dictos duos annos in carniprivio </item>
                            <item><lb/>summa recepte eadem : XXVIII galline — et remanent</item>
                        </list></p>
                </div>
                <div xml:id="vinum">
                    <head>vinum</head>
                    <p><list>
                            <item><lb/>de vino nichil quia includitur in firma decime de
                                    <foreign>Buenens</foreign></item>
                        </list></p>
                </div>
                <div xml:id="cera">
                    <head>cera</head>
                    <p><lb/> idem reddit computum <list>
                            <item> de LXIIII libris cere receptis in dicta castellania et extra pro
                                gardis per annum in purificatione beate <lb/> Marie anno nonogesimo
                                octavo, ut in computo precedenti </item>
                            <item> de LXIIII libris cere receptis ibidem et pro <sic>eodem
                                    eodem</sic><lb/> termino anno nonogesimo nono</item>
                        </list></p>
                    <div type="sub">
                        <head>arreragium</head>
                        <p><list>
                                <item><lb/>de LXIIII libris cere receptis de remanentia sui computi
                                    precedentis </item>
                                <item><lb/>summa recepte cum arreragio : IX<hi rend="sup">XX</hi>
                                    XII libre cere</item>
                            </list></p>
                    </div>
                    <div>
                        <p><list>
                                <item> de quibus libravit ad expensas hospitii<note type="césure"
                                            ><hi rend="italics">hospi<lb/>tii</hi></note><lb/>
                                    domine comutisse<note> Lire <hi rend="italics"
                                        >comitisse</hi>.</note> apud Pontem Vele, per litteram
                                    magistri Iohannis de Maurianna, clerici domini, de recepta,
                                    datam <lb/> die mercurii ante carniprivium novum anno M<hi
                                        rend="sup">o</hi> CCC<hi rend="sup">o</hi>, sumpto millesimo
                                    in natali, quam reddit : VI<hi rend="sup">XX</hi> VIII libras
                                    <lb/> cere </item>
                                <item> summa librate eadem : VI<hi rend="sup">XX</hi> VIII libre
                                    cere </item>
                                <item> et restant : LXIIII libre cere — et remanent</item>
                            </list></p>
                    </div>
                </div>
                <div xml:id="denarii_census">
                    <head>denarii census</head>
                    <p><lb/> idem reddit computum <list>
                            <item> de XVII libris XVIII solidis I denario III pictis viennensium
                                receptis in dicta castellania de redditu per annum, ut <lb/> in
                                computo precedenti, in purificatione beate Marie anno nonogesimo
                                octavo </item>
                            <item> de XVII libris XVIII solidis I denario <lb/> III pictis
                                viennensium receptis ibidem et pro <sic>eodem eodem</sic> termino
                                anno nonogesimo nono </item>
                            <item> de XIII libris receptis in villa nova<note type="césure"><hi
                                        rend="italics">no<lb/>va</hi></note><lb/> franca
                                Castellionis pro teysis domorum eodem termino anno nonogesimo
                                octavo, et levantur sex denarii pro quallibet <lb/> teysa </item>
                            <item> de III denariis receptis a Petro de <foreign>La Venoyri</foreign>
                                pro quadam estra facta de novo super quoddam vicum, non consignatis
                                <lb/> in extanta<note> Lire <hi rend="italics">extenta.</hi></note>
                                anno eodem </item>
                            <item> de III obolis receptis de Morella pro quodam renone sibi
                                albergato, non consignatis in extenta<note type="césure"><hi
                                        rend="italics">exten<lb/>ta</hi></note></item>
                            <item><lb/>de XXXIX solidis VII denariis receptis de gardis et
                                recognitionibus per annum anno nonogesimo octavo, ut in computo
                                    precedenti<note type="césure"><hi rend="italics"
                                        >prece<lb/>denti</hi></note></item>
                            <item><lb/>de XIII libris IIII denariis obolo viennensium receptis pro
                                teysis predictis anno nonogesimo nono </item>
                            <item> de VI denariis receptis a <lb/> Guichardeto Colini pro quadam
                                estra facta de novo ante domum suam supra carreriam <add
                                    place="interlinear">de novo</add></item>
                            <item> de XXXIX solidis VI denariis viennensium <lb/> receptis pro
                                predictis gardis et recognitionibus anno nonogesimo nono </item>
                            <item><lb/> summa : LXV libre XVI solidi VI denarii obolus
                                viennensium</item>
                        </list></p>
                </div>
                <milestone n="25" unit="vue"/>
                <pb n="27"/>
                <div xml:id="firme">
                    <head>firme</head>
                    <p><lb/> idem reddit computum <list>
                            <item> de LIIII libris X solidis receptis de medietate firme leyde
                                mercati, bancarum domus mercati, exitus duarum <lb/> nundinarum,
                                ponderis bladi finite in festo beati Petri ad vincula anno
                                nonogesimo octavo </item>
                            <item> de CIX libris <lb/> receptis de dicta firma finita in dicto festo
                                anno nonogesimo nono, et tunc predicta data fuerunt ad firmam per
                                <lb/> unum annum pro centum et quatuordecim libris Petro de
                                    <foreign>Venoyri</foreign></item>
                            <item> de LVII libris receptis de medietate eiusdem firme finiende<note
                                    type="césure"><hi rend="italics">fini<lb/>ende</hi></note><lb/>
                                in dicto festo beati Petri anno M<hi rend="sup">o</hi> CCC<hi
                                    rend="sup">o</hi>, et tunc debentur tantumdem </item>
                            <item> de XXXIIII libris X solidis receptis de firma <lb/> furni
                                Castellionis finita in natale Domini anno nonogesimo octavo </item>
                            <item> de XVII libris X solidis receptis de medietate eiusdem <lb/>
                                firme finite in festo natalis predicte anno nonogesimo nono </item>
                            <item> de XXII libris receptis de medietate eiusdem firme finite <lb/>
                                eodem termino et annuo<note> Lire <hi rend="italics"
                                    >anno</hi>.</note>, et in festo beati Iohannis baptiste anno
                                    M<hi rend="sup">o</hi> CCC<hi rend="sup">o</hi> debebit alias
                                viginti duas libras </item>
                            <item><lb/>de X solidis receptis a liberis Hugonis Charveti et relicta
                                Vuillermi Maschardi pro firma furni sui ad usum suum tantum <lb/>
                                per duos annos predictos </item>
                            <item> de XXVII libris receptis de firma chacipollarie castellanie per
                                unum annum finitum in natale <lb/> Domini anno nonogesimo octavo </item>
                            <item> de XXIX libris receptis de eadem firma per unum annum finitum in
                                dicta natale Domini anno <lb/> nonogesimo nono, et pro medietate
                                eiusdem firme anni futuri debebit in proximo festo beati Iohannis
                                quindecim libras viennensium </item>
                            <item><lb/>de LIII solidis receptis de firma champerie finita in natale
                                Domini anno nonogesimo octavo </item>
                            <item> de LVI solidis receptis de <lb/> eadem firma finita in dicta
                                natale anno nongesimo<note> Lire <hi rend="italics">nonogesimo</hi>,
                                    pour <hi rend="italics">nonagesimo</hi>.</note> nono, et pro
                                medietate eiusdem firme anni fruturi<note> Lire <hi rend="italics"
                                        >futuri</hi>.</note> debebitur in <lb/> festum beati
                                Iohannis baptiste triginta sex solidi </item>
                            <item> de IIII solidis VI denariis receptis de exitu lingarum<note> On a
                                    signalé <hi rend="italics">lingue</hi> dans la marge
                                    gauche.</note> boum ocsisorum<note> Lire <hi rend="italics"
                                        >occisorum.</hi></note> in <lb/> macello, per manum Hueti
                                Burgonnionis, castellani, per sex septimanas, videlicet a XIIII<hi
                                    rend="sup">a</hi> die mensis maii anno <lb/> nonogesimo<note> On
                                    a écrit <hi rend="italics">no<lb/>nonogesimo</hi>.</note> octavo
                                usque ad nativitatem beati Iohannis baptiste proximo
                                    subsequentam<note> Lire <hi rend="italics"
                                    >subsequentem</hi>.</note> anno eodem, et de tempore precedenti
                                <lb/> debuit rendere dominus Guigo de Sancto Germano, castellanus
                                ante ipsum </item>
                            <item> de XL solidis receptis de firma dictarum lingarum <lb/> per unum
                                annum finitum in dicta nativitate beati Iohannis anno nonogesimo
                                nono </item>
                            <item> de XXI solidis receptis de medietate eiusdem firme <lb/> finiende
                                in dicto festo anno M<hi rend="sup">o</hi> CCC<hi rend="sup">o</hi>,
                                et tunc debebitur tantumdem </item>
                            <item> de VI libris receptis a Petro de <lb/><foreign>La
                                    Venoyri</foreign> pro firma scripture sue duorum annorum
                                finitorum in festo purificationis anno nonogesimo nono </item>
                            <item> de XXVI <lb/> libris X solidis receptis de exitu bancarum macelli
                                per duos annos finitos in carniprivio anno nonogesimo nono </item>
                            <item> de <lb/> X libris receptis de firma banni vini mense augusti anno
                                nonogesimo octavo et nono </item>
                            <item> de X libris receptis de censa <lb/><foreign>Nascent</foreign> et
                                    <foreign>Mosse,</foreign> iudeorum<note> On a signalé <hi
                                        rend="italics">iudei</hi> dans la marge gauche. Cette
                                    recette est normalement tout à fait distincte des <hi
                                        rend="italics">firme</hi>.</note>, per duos annos finitos in
                                festo beati Iohannis baptiste anno nonogesimo nono </item>
                            <item><lb/>summa recepte : IIII<hi rend="sup">C</hi> XIII libre IIII
                                solidi VI denarii viennensium</item>
                        </list></p>
                </div>
                <div xml:id="venditiones">
                    <head>venditiones</head>
                    <p><lb/> idem reddit computum <list>
                            <item> de XI libris viennensium receptis de undecim asinatis frumenti
                                veteris venditis ut supra pro tanto anno nonogesimo <lb/> nono circa
                                    penthecosten<note> Lire <hi rend="italics"
                                    >pentecosten</hi>.</note></item>
                            <item> de XXX libris receptis de quadraginta una asinatis et septem
                                bichetis siliginis venditis ut supra <lb/> pro tanto, quallibet
                                asinata quindecim solidis, deductis viginti octo solidis tribus
                                obolis pro quindecim bichetis siliginis <lb/> datis pro ambostis
                                quadraginta asinatarum siliginis predictarum, quallibet asinata
                                vendita quindecim solidis et quollibet bicheto <lb/> viginti duabus
                                denariis et obolo </item>
                            <item> de IX solidis VIII denariis receptis de viginti octo gallinis
                                venditis ut supra pro tanto, <lb/> quallibet vendita quatuor
                                denariis </item>
                            <item> summa : XLI libre IX solidi IIII denarii viennensium </item>
                        </list></p>
                </div>
                <div xml:id="bilan_recepte">
                    <p><list>
                            <item> summa totius recepte : V<hi rend="sup">C</hi> XIX libre X solidi
                                IIII denarii obolus viennensium </item>
                        </list></p>
                    <div xml:id="forinseca">
                        <head>forisseca</head>
                        <p><lb/> idem reddit computum <list>
                                <item> de CVII libris IX solidis VI denariis viennensium receptis a
                                    Guillermo de Chandeya, castellano Marbosii, <lb/> per idem
                                    tempus </item>
                                <item> de IIII<hi rend="sup">xx</hi> III libris XIII solidis VIII
                                    denariis receptis a Bernardo, preposito Foyssiaci, per idem
                                    tempus </item>
                                <item><lb/>summa : IX<hi rend="sup">XX</hi> XI libre III solidi II
                                    denarii viennensium </item>
                            </list></p>
                    </div>
                    <div>
                        <p><list>
                                <item><lb/>summa totius recepte cum forissecis : VII<hi rend="sup"
                                        >C</hi> X libre XIII solidi VI denarii obolus viennensium
                                </item>
                            </list></p>
                    </div>
                </div>
            </div>
            <div xml:id="expense_et_librate">
                <p><list>
                        <item> de quibus, <lb/> in salario duorum quadrigariorum per duos annos
                            finiendos in proximo festo beati Iohannis baptiste anno CCC<hi
                                rend="sup">o</hi> preter siliginem <lb/> et messem de quibus supra
                            computavit in siligine ducentium quadrigas domini pro operibus suis
                            Castellionis : XLII solidos viennensium </item>
                        <item><lb/>in salario Filiberti alterius quadrigarii per viginti octo
                            septimanas : X solidos </item>
                        <item> in stipendiis mulierum et hominum apportantium<note type="césure"><hi
                                    rend="italics">apportan<lb/>tium</hi></note><lb/>aquam pro
                            dictis operibus ut in particulis : LVI solidos I denarium </item>
                        <item> in arcubus furni faciendis et duabus milliariis carronum<note
                                type="césure"><hi rend="italics">carro<lb/>num</hi></note><lb/>
                            emptis ad idem : XVIII solidos VI denarios </item>
                        <item> locagio duarum quadrigarum per duos dies ad dictum opus preter
                            quadrigas <lb/> domini : VIII solidos </item>
                        <item> in nemoribus seu lignis septem fornatarum usque nunc et unius extunc
                            in antea ad <lb/> dequoquendum carrones et in dictis nemoribus
                            scindendis et dilaniandis ut in particulis per idem tempus : XLVII
                            libras III solidos <lb/> I denarium </item>
                        <item> in <sic>pyaisonibus chavandis</sic><hi rend="sup"/>et curandis in
                            taschiam pro tanto : IIII libras XII solidos VI denarios </item>
                        <item> pro <lb/> ferratura<note type="césure"><hi rend="italics"
                                    >fer<lb/>ratura</hi></note> cuiusdam moduli seu exemplaris ligni
                            et ferri pro carronibus faciendis : III solidos </item>
                        <item> in ponte <lb/> castri aptando : IIII solidos </item>
                        <item> in palea ad cooperiendum carrones per duos annos : XI solidos </item>
                        <item> in muro <lb/> veteri qui erat in castro dirupendo cuius carrones
                            fuerunt positi cum aliis in opere novo et pro arcubus <lb/> veteribus
                            furni amovendis et in viginti sex perticis et cletis emptis ad faciendum
                            pontes lathomorum : <lb/> XXXI solidos IIII denarios </item>
                        <item> in quodam roncino empto pro una de quadrigis domini pro tanto quia
                            unam equam trahentem ad <lb/> quadrigam habere voluit Petrus de Monte
                            Miliano pro adtractu faciendo apud Pontem Vele : VII libras </item>
                        <item> in arena <lb/> extrahenda ligonibus et palis emptis ad dictum opus et
                            refectione ligonum ut in particulis : VII libras XX solidos I denarium </item>
                        <item><lb/>in ferratura bestiarum trahentium ad quadrigas et dictarum
                            quadrigarum per idem tempus : CXV solidos IX denarios </item>
                        <item> in feno empto<note type="césure"><hi rend="italics"
                                >emp<lb/>to</hi></note><lb/> per idem tempus pro pascu dictarum
                            bestiarum ut in particulis : XIIII libras III solidos </item>
                        <item> in tecto macelli recooperiendo <lb/> latis<note type="césure"><hi
                                    rend="italics">la<lb/>tis</hi></note>, tegulis et clavino emptis
                            ad idem : XLV solidos </item>
                        <item> in furno ville reaptando quod diruperat : <lb/> XXIIII solidos IX
                            denarios </item>
                        <item> in ala aptanda et postibus emptis ad idem : VI libras XVII solidos X
                            denarios </item>
                        <item> in <lb/> calce empta pro edificiis dicti castri novi : LXV libras X
                            solidos II denarios </item>
                        <item> in quadrigis calceandis emendis et <lb/> borrellis sellis cordis
                                <sic>scingulis</sic> et capistris et corionibus et consimilibus ibi
                            necessariis per idem tempus ut in particulis<note type="césure"><hi
                                    rend="italics">parti<lb/>culis</hi></note> : <lb/> VI libras X
                            solidos </item>
                        <item> in pane <sic>enpto</sic> et dato hominibus qui carreaverunt furnum
                            carrones et <lb/> adduxerunt calcem ibidem per idem tempus : <del
                                rend="overstrike">XV</del> XIIII libras XVIII solidos VIII denarios </item>
                        <item> in duabus repagulis ferri <lb/> positis in castro : VII solidos VI
                            denarios </item>
                        <item> in cindris pro turribus et falsa posterla faciendis et clavellis
                            emptis <lb/> ad idem : XIIII solidos IIII denarios </item>
                        <item> in trabatura duarum novarum turrium : LII solidos X denarios </item>
                        <item> in stipendiis octo <lb/> hominum<note type="césure"><hi
                                    rend="italics">ho<lb/>minum</hi></note> colligentium fustam pro
                            turribus : X solidos IIII denarios </item>
                        <item> in stipendiis Michaleti lathomi facientis <lb/> murum sibi datum in
                            taschiam ipsius castri : LV libras IIII solidos </item>
                        <item> in stipendiis Mayneti carronerii <lb/> de taschia carronum sibi data
                            per ipsum videlicet quod ipse debet facere fornatam continentem viginti
                            quatuor <lb/> milliaria carronum et pro quollibet milliari debent sibi
                            dari sex solidi : LXIII libras XVI solidos<note> On a signalé dans la
                                marge gauche <hi rend="italics">expense edifici<lb/>orum castri :
                                    IIIC <lb/> XVI libre XVI <lb/> solidi IX denarii
                                    viennensium</hi>.</note></item>
                        <item> in locagio<note type="césure"><hi rend="italics"
                                >loca<lb/>gio</hi></note><lb/> cuiusdam domus pro feno quod
                            comederunt bestie trahentes ad quadrigam per idem tempus reponendo : XII
                            <lb/> solidos </item>
                        <item> in locagio cuiusdam granerii ad reponendum blada domini per duos
                            annos finiendos in festo beati <lb/> Iohannis baptiste anno M<hi
                                rend="sup">o</hi> CCC<hi rend="sup">o</hi> : L solidos </item>
                        <item> in degravamine quorumdam hominum quorum pede seu curtilia in <lb/>
                            constructione castri fuerunt occupata, et debent amoveri de extenta et
                            de summa denariorum census<note> On a signalé <hi rend="italics"
                                    >nota</hi> dans la marge gauche.</note>, per duos annos : <lb/>
                            XXX solidos viennensium </item>
                        <item> libravit sibi ipsi pro viginti octo gallinis sibi supra venditis nec
                            vult dominus quod sibi vendantur, <lb/> et propter hoc sibi deducuntur :
                            IX solidos IIII denarios </item>
                        <item><lb/>summa totius expense : III<hi rend="sup">C</hi> XXI libre VI
                            solidi I denarius viennensium</item>
                    </list></p>
                <div xml:id="librate">
                    <head>librate</head>
                    <p><list>
                            <item><lb/>idem libravit donno Iohanni Floridi pro operibus turris et
                                ville Pontis <unclear>Fl[ori]di</unclear> faciendis, per litteram
                                ipsius de recepta <milestone n="x" unit="vue"/><pb n="28"
                                    /><note>peau non numérisée</note><lb/>datam die mercurii ante
                                festum beate Magdalene anno nonogesimo nono quam reddit : L libras
                                viennensium </item>
                            <item><lb/>idem libravit eidem quas solvit Stephano
                                    <unclear>Carleti</unclear> pro ipso, tam pro quarreagio
                                    <unclear>carronum</unclear> suorum quam pro serratoribus quos
                                <lb/> fecit venire ad Pontem de Sura, per aliam ipsius litteram de
                                recepta datam die lune post festum beati Iohannis baptiste <lb/>
                                anno nonogesimo nono quam reddit : XI libras X solidos viennensium </item>
                            <item><lb/>idem libravit domino Petro de <foreign>Frons</foreign>,
                                militi, de debito in quo sibi dominus tenebatur pro feudo aquisito
                                ab eodem, preter <lb/> octaginta octo libras
                                    <unclear>[un]decim</unclear> solidos decem denarios viennensium
                                quas solvit eidem idem P<supplied>etrus</supplied> ut in computo
                                precedenti, <lb/> per litteram debiti et per instrumentum publicum
                                de recepta et per litteram dicti domini de recepta et quitatione
                                quas reddit </item>
                            <item><lb/>idem libravit sibi de mandato domini presentis, et sic solvit
                                ad plenum dictum debitum : IX<hi rend="sup">XX</hi> XI libras III
                                solidos II denarios viennensium </item>
                            <item><lb/> idem libravit Petro de Monte Miliano, clerico domini, per
                                manum <unclear>Hugon[is]</unclear> de Baugiaco et litteram dicti
                                Petri quam reddit de recepta <lb/><unclear>[et per confessionem
                                    eius]</unclear> presentis : LX libras viennensium </item>
                            <item><lb/> idem libravit sibi ipso que sibi debebantur de remanentia
                                sui computi precedentis : VI<hi rend="sup">XX</hi> XIII libras XVI
                                solidos V denarios obolum viennensium </item>
                        </list></p>
                </div>
            </div>
            <div xml:id="bilan">
                <p><list>
                        <item><lb/> summa librate cum arreragio : IIII<hi rend="sup">C</hi> XLVI
                            libre IX solidi VII denarii obolus viennensium </item>
                        <item><lb/>summa totius expense et librate cum arreragio : VII<hi rend="sup"
                                >C</hi> LXVII libre IX solidi VII denarii obolus viennensium</item>
                        <item> et sic <lb/><supplied reason="support endommagé">debetur</supplied>
                            eidem : LVII libras II solidos II denarios viennensium</item>
                        <item> de quibus deducuntur quos recepit de redditu feudi domini <lb/> de
                            Sura reducti ad manum domini <supplied reason="support endommagé"
                                >propter … … …</supplied> oblitus fuit supra computare <supplied
                                reason="support endommagé">… … …</supplied><lb/><supplied
                                reason="support endommagé">…</supplied> XXXVI solidi </item>
                        <item><lb/>et sic debentur eidem LX libre <supplied
                                reason="support endommagé">VI solidi II denarii</supplied>
                            viennensium <lb/><damage extent="3 lignes"/></item>
                    </list></p>
            </div>
        </body>
    </text>
</TEI>
