<?xml version="1.0" encoding="UTF-8"?>
<?xml-model href="http://www.tei-c.org/release/xml/tei/custom/schema/relaxng/tei_all.rng" schematypens="http://relaxng.org/ns/structure/1.0"?>
<TEI xmlns:math="http://www.w3.org/1998/Math/MathML" xmlns="http://www.tei-c.org/ns/1.0"
  xmlns:xi="http://www.w3.org/2001/XInclude" xmlns:svg="http://www.w3.org/2000/svg" xml:id="B7560_8">
  <teiHeader>
    <fileDesc>
      <titleStmt>
        <title>Compte de Pierre d’Estres (Petrus d’Estres), châtelain, pour la châtellenie de
          Châtillon-sur-Chalaronne, du lundi 19 mars 1291 (nouveau style) au mardi 24 juin 1292
            <date type="debut" from-iso="12910319" cert="high"/><date type="fin" from-iso="12920624"
            cert="high"/></title>
        <respStmt>
          <persName><name xml:lang="fra">Pierre d'Estrés</name><name xml:lang="lat">Petrus
              d’Estres</name></persName>
          <resp>Châtelain</resp>
        </respStmt>
      </titleStmt>
      <publicationStmt>
        <p>Alain Kersuzan et Frédéric Chartrain, avec la collaboration de Nils Mantilleri et Jean-Michel Poisson, 
          <title>Compte de Pierre d’Estrés (<hi rend="italics">Petrus d’Estres</hi>), châtelain, pour la châtellenie de
            Châtillon-sur-Chalaronne, du lundi 19 mars 1291 (nouveau style) au mardi 24 juin 1292</title>,
          Lyon - Chambéry, 2011 (<title>Documents comptables des Etats de Savoie, XIIIe - XVe s.</title>)</p>
      </publicationStmt>
      <seriesStmt>
        <title>Châtillon-sur-Chalaronne</title>
      </seriesStmt>
      <sourceDesc>
        <p>Information about the source</p>
      </sourceDesc>
    </fileDesc>
  </teiHeader>
  <text>
    <body>
      <milestone n="12" unit="vue"/>
      <pb n="13"/>
      <div xml:id="prologue">
        <p><lb/><note> Ce compte est numéroté <hi rend="italics">II</hi> en tête, dans l’ordre
            décroissant de la numérotation médiévale des comptes du rouleau.</note> Computus<note>
            On avait écrit une première fois <hi rend="italics">computus</hi> en tête de la peau,
            mais le mot s’est ensuite trouvé sous la couture.</note> Petri
            <foreign>d’Estres</foreign><note> On écrit <hi rend="italics">destres</hi>, <hi
              rend="italics">delafayola</hi>, <hi rend="italics">dayrout</hi>, <hi rend="italics"
              >dousays</hi>, <hi rend="italics">delavenoyri</hi>, <hi rend="italics"
            >daigninens</hi>, <hi rend="italics">delachasaigni</hi>, pour <hi rend="italics"
              >d’Estres</hi>, <hi rend="italics">de La Fayola</hi>, <hi rend="italics"
              >d’Ayrout</hi>,<hi rend="italics"> dou Says</hi>, <hi rend="italics">de La
              Venoyri</hi>, <hi rend="italics">d’Aigninens</hi>,<hi rend="italics"> de La
              Chasaigni</hi>.</note> castellani Chasteillonis de Chalarona a die lune in octabis
          <lb/> beati Gregorii anno Domini M<hi rend="sup">o</hi> CC<hi rend="sup">o</hi>
            nonagesimo<note> Le lundi 19 mars 1291 (nouveau style).</note> usque ad eamdem diem anno
          revoluto et extunc usque ad festum beati Iohannis baptiste anno <lb/> nonagesimo secundo,
          videlicet pro uno anno et quatuordecim edomadis</p>
      </div>
      <div xml:id="recepte">
        <div xml:id="frumentum">
          <head>frumentum<note> On écrit ici <hi rend="italics">ffrumentum</hi> ou <hi
                rend="italics">ffrancheleins</hi>.</note></head>
          <p><lb/> idem reddit computum <list>
              <item> de XII asinatis VII bichetis frumenti receptis de exitu copunagii per tempus
                supradictum </item>
              <item> de decima de <foreign>Buengnens</foreign> nichil in frumento <lb/> hoc
                anno</item>
              <item> summa : XII asinate VII bicheti frumenti — venduntur ut infra</item>
            </list></p>
        </div>
        <div xml:id="siligo">
          <head>siligo</head>
          <p><lb/> idem reddit computum <list>
              <item> de XXXVIII asinatis VI bichetis siliginis receptis de exitu copunagii per idem
                tempus </item>
              <item> de III asinatis receptis de exitu decime de <foreign>Buengnens</foreign><lb/>
                pro parte domini hoc anno in siliginis </item>
              <item> de XL meiteriis receptis in dicta castellania de messe per annum ut in
                particulis tertii computi precedentis <note> Voir B 7560 (5), peau 8 : <milestone
                    n="08" unit="vue"/><list>
                    <item> de V meyteriis receptis a Vincentio filio Guillermi de Rispis <lb/> de
                      messe per annum </item>
                    <item> de V meyteriis receptis de Hugone de Bosco pro eodem </item>
                    <item> de V meyteriis receptis de <sic>Bernerdo</sic> de Bosco pro eodem </item>
                    <item> de V <lb/> meyteriis receptis de Hugone del Chaley pro eodem </item>
                    <item> de V meyteriis receptis de de Laurentio de Verneto pro eodem </item>
                    <item> de V meyteriis receptis de Tenneto de Rossillione <lb/> pro eodem </item>
                    <item> de V meyteriis receptis de Hugone Escoferii pro eodem </item>
                    <item> de V meyteriis quos debebat Petrus Terreczars non conputat quia nichil
                      <lb/> habuit quia in tenemento eius non est tenementarius a quo possuit
                      recuperari </item>
                    <item> de V meyteriis receptis de Guillaudo Syondi pro eodem</item>
                  </list>.</note></item>
              <item> de V meiteriis receptis de Guichardo <lb/> de <foreign>Verney</foreign> de
                messe hoc anno </item>
              <item> de V meiteriis receptis de liberis Guichardi et Bartholomei de
                  <foreign>Goschons</foreign> de messe hoc anno </item>
              <lb/>
              <item> summa : LIIII asinate et II bicheti</item>
              <item> de quibus in venditione ut infra XXX asinate</item>
              <item> et remanent XXIIII asinate II bicheti siliginis</item>
            </list></p>
        </div>
        <div xml:id="avena">
          <head>avena</head>
          <p><lb/> idem reddit computum <list>
              <item> de XXIII asinatis VII rasis avene receptis de exitu copunagii per idem tempus </item>
              <item> de II asinatis receptis de firma decime de <foreign>Buengnens</foreign><lb/>
                hoc anno in avena </item>
              <item> de I meiterio recepto de Petronilla de <foreign>La Fayola</foreign> de redditu
                per annum </item>
              <item> de X meiteriis receptis de gardis et comandis ut in computo precedenti</item>
            </list></p>
          <div type="sub">
            <head>arreragium</head>
            <p><lb/><list>
                <item> de XXVIII asinatis receptis a se ipso de remanentia computi sui precedentis
                </item>
              </list></p>
          </div>
          <div>
            <p><list>
                <item> summa : LVI asinate III rasi avene de quibus <lb/> idem libravit </item>
                <item> in expensis domine comitisse per litteram eius datam die veneris ante mediam
                  quadragesimam anno nonagesimo primo<note> Le vendredi 7 mars 1292 (nouveau
                    style).</note> : XIIII rasos </item>
                <item> item in expensis equorum domini comitis per litteram eius datam dominica qua
                  cantatur reminiscere anno nonagesimo primo<note> Le dimanche 2 mars 1292 (nouveau
                    style). </note> : XLV rasos </item>
                <item> item in expensis eiusdem domini comitis per litteram eius datam dominica post
                  <lb/> nativitatem Domini anno nonagesimo primo : C XIX rasos</item>
                <item> summa, computatis pro asinata sexdecim rasis : XI asinate II rasi </item>
                <lb/>
                <item> et sic debet : XLV asinatas I rasum avene — venduntur ut infra</item>
              </list></p>
          </div>
        </div>
        <div xml:id="fabe">
          <head>fabe</head>
          <p><lb/> idem reddit computum <list>
              <item> de III meiteriis fabarum receptis de exitu copunagii per idem tempus —
                venduntur ut infra</item>
            </list></p>
        </div>
        <div xml:id="milium">
          <head>millium</head>
          <p><lb/> idem reddit computum <list>
              <item> de V meiteriis II cupis millii receptis de exitu copunagii per idem tempus —
                venduntur ut infra</item>
            </list></p>
        </div>
        <div xml:id="nuces">
          <head>nuces</head>
          <p><lb/> idem reddit computum <list>
              <item> de V rasis nucum receptis de exitu copunagii per idem tempus — venduntur ut
                infra</item>
            </list></p>
        </div>
        <div xml:id="pisi">
          <head>pisa </head>
          <p><lb/> idem reddit computum <list>
              <item> de III bichetis pisorum receptis de exitu dicti copunagii per idem tempus —
                venduntur ut infra</item>
            </list></p>
        </div>
        <div xml:id="ordeum">
          <head><supplied>ordeum</supplied></head>
          <p><lb/><list>
              <item>de ordeo nichil hoc anno</item>
            </list></p>
        </div>
        <div xml:id="canabis">
          <head><supplied>canabum</supplied></head>
          <p><list>
              <item> de exitu decime de <foreign>Buengnens</foreign> nichil in canabo quia
                accensatur ad bladum</item>
            </list></p>
        </div>
        <div xml:id="galline">
          <head>gualline<note> Lire <hi rend="italics">galline</hi>.</note></head>
          <p><lb/> idem reddit computum <list>
              <item> de XIIII gallinis receptis in dicta castellania de redditu per annum —
                venduntur ut infra</item>
            </list></p>
        </div>
        <div xml:id="vinum">
          <head>vinum</head>
          <p><lb/><list>
              <item> de vino decime de <foreign>Buengnens</foreign> nichil quia accensatur ad bladum
                ut supra</item>
            </list></p>
        </div>
        <div xml:id="cera">
          <head>cera</head>
          <p><lb/> idem reddit computum <list>
              <item> de XXXVIII libris cere receptis de gardis per annum ut in computo precedenti </item>
              <item> de II libris cere receptis de duobus hominibus quorum nomina sunt in
                  dorsso<note> On écrit ici <hi rend="italics">dorsso</hi>, <hi rend="italics"
                    >corssinorum</hi>, <hi rend="italics">curssus</hi>, pour <hi rend="italics"
                    >dorso</hi>, <hi rend="italics">corsinorum</hi>, <hi rend="italics">cursus</hi>,
                  ainsi que <hi rend="italics">tottalis</hi> pour <hi rend="italics"
                  >totalis</hi>.</note><lb/> qui de novo recepti sunt in garda domini</item>
            </list></p>
          <div type="sub">
            <head>arreragium</head>
            <p><list>
                <item> de LXXV libris cere receptis a se ipso de remanentia computi sui precedentis
                </item>
              </list></p>
          </div>
          <div>
            <p><lb/><list>
                <item> summa : C XV libre cere — et remanent</item>
              </list></p>
          </div>
        </div>
        <div xml:id="denarii">
          <head>denarii</head>
          <p><lb/> idem reddit computum <list>
              <item> de XVI libris XXII denariis viennensium receptis in dicta castellania de
                redditu per annum ut in computo precedenti </item>
              <item> de XII libris XII solidis III denariis receptis de <lb/> teysis ut in computo
                precedenti </item>
              <item> de XLI solidis receptis de gardis et recognitionibus per annum ut in computo
                precedenti </item>
              <item> de XXXVIII solidis VIII denariis receptis <lb/> de feodo quondam Morete reducto
                ad manum domini</item>
              <item> summa : XXXII lb. XIII s. IX d. vien.</item>
            </list></p>
        </div>
        <div xml:id="firme">
          <head>firme</head>
          <p><lb/> idem reddit computum <list>
              <item> de XLVI libris IIII solidis XI denariis viennensium receptis de exitu leyde
                mercati per tempus supradictum </item>
              <item> de IIII libris II solidis receptis de exitu nundinarum <lb/> Chasteyllonis<note
                  type="césure"><hi rend="italics">chast<lb/>teyllonis</hi></note> in festo beati
                Mathei hoc anno </item>
              <item> de XV libris V solidis IIII denariis receptis de exitu nundinarum in festo
                beati Iohannis baptiste anno nonagesimo primo <lb/></item>
              <item> de XXI libris III solidis III denariis receptis de exitu dictarum nundinarum in
                festo beati Iohannis baptiste anno nonagesimo secundo </item>
              <item> de XVII libris X solidis receptis de medietate <lb/> firme furni Chasteillonis
                finita in festo beati Iohannis baptiste anno nonagesimo primo </item>
              <item> de XXXV libris receptis de firma eiusdem furni finita eodem <lb/> festo beati
                Iohannis baptiste anno nonagesimo secundo </item>
              <item> de IX libris V solidis receptis de medietate firme chacipolerie finite in festo
                beati Iohannis anno nonagesimo primo <lb/></item>
              <item> de XIX libris receptis de firma eiusdem chacipolerie finita in festo beati
                Iohannis anno nonagesimo secundo </item>
              <item> de XX solidis receptis de medietate firme <lb/> champerie finite in festo beati
                Iohannis anno nonagesimo primo </item>
              <item> de XL solidis receptis de firma eiusdem champerie finita in festo beati
                Iohannis anno <lb/> nonagesimo secundo </item>
              <item> de C solidis receptis de banno vini in mense augusto anno nonagesimo primo </item>
              <item> de XL solidis receptis de exitu lingarum boum ocisorum<note> Lire <hi
                    rend="italics">occisorum</hi>.</note><lb/> in macello per tempus supradictum
                <lb/></item>
              <item> de X solidis receptis de Hugone Chalveti et relicta Guillermi Maschardi et
                  <foreign>Nacent</foreign> iudeo pro firma furni ad usum <lb/> ipsorum ut in
                computo precedenti </item>
              <item> de IIII libris III solidis receptis de exitu ponderis bladi per dictum tempus </item>
              <item> de II solidis VI denariis receptis de exitu ponderis <lb/> mercandiarum per
                dictum tempus </item>
              <item> de LX solidis receptis de Petro de <foreign>La Venoyri</foreign> pro firma
                scripture Castellionis de anno finito in festo purificationis <lb/> beate Marie anno
                nonagesimo primo<note> Le samedi 2 février 1292 (nouveau style). </note></item>
              <item> de X solidis receptis de firma seu locagio arcarum existentium in domo mercati
                hoc anno </item>
              <item> de IX libris III denariis <lb/> receptis de locagio bancarum domus mercati a
                nativitate Domini anno nonagesimo usque ad festum beati Iohannis anno nonagesimo
                primo videlicet pro medietate anni <lb/></item>
              <item> de XVIII libris IX solidis VI denariis receptis de locagio bancarum domus
                mercati pro anno finito in festo beati Iohannis anno nonagesimo secundo </item>
              <item> de IX libris XVI solidis receptis de <lb/> locagio bancarum macelli pro anno
                finito in <del rend="overstrike">fe[sto]</del> carniprivio anno nonagesimo
                  primo<note> Le mardi 19 février 1292 (nouveau style).</note></item>
              <item> summa : CC XXII lb. XIIII s. IX d. vien.</item>
            </list></p>
        </div>
        <div xml:id="iudei">
          <head>iudei</head>
          <p><lb/> idem reddit computum <list>
              <item> de IIII libris viennensium receptis de <foreign>Nacent</foreign> iudeo pro
                tallia prisie sue pro quarta solutione </item>
              <item> de censa Ioceti iudei et corssinorum non <lb/> computat quia respondent apud
                Burgum</item>
              <item> summa : IIII lb. vien.</item>
            </list></p>
        </div>
        <div xml:id="invente_et_introgia">
          <head><supplied>invente et introgia</supplied></head>
          <p><lb/> de inventis et introgiis nichil, ut dicit</p>
        </div>
        <div xml:id="laudes_et_vende">
          <head>laudes et vende</head>
          <p><lb/> idem reddit computum <list>
              <item> de XIIII libris VIII denariis viennensium receptis de laudibus et vendis per
                idem tempus, ut in particulis in dorsso presentis rotuli<note> Voir vue
                    35.<milestone n="35" unit="vue"/></note></item>
              <lb/>
              <item> summa : XIIII lb. VIII d. vien.</item>
            </list></p>
        </div>
        <div xml:id="perquisita">
          <head>perquisita </head>
          <p><lb/> idem reddit computum <list>
              <item> de XLIIII solidis IIII denariis receptis de bonis Martini
                  <foreign>Corbet</foreign> Sancti Stephani de Chalarona, hominis domini comitis
                defuncti sine herede, videlicet <lb/> pro quatuor bichetis frumenti, uno bicheto
                siliginis, duabus asinatis avene et dimidio bove venditis pro tanto </item>
              <lb/>
              <item> summa : XLIIII s. IIII d. vien.</item>
            </list></p>
        </div>
        <div xml:id="banna">
          <head>banna</head>
          <p><lb/> idem reddit computum <list>
              <item> de XXXIII libris IX solidis viennensium receptis de bannis et clamis per dictum
                tempus, ut in particulis in dorsso presentis rotuli<note> Voir vue 35.<milestone
                    n="35" unit="vue"/></note>, in quibus <lb/> castellanus percipit duos solidos in
                libra</item>
              <item> et remanent domino : XXX libre V solidi viennensium</item>
            </list></p>
        </div>
        <div xml:id="venditiones">
          <head>venditiones</head>
          <p><lb/> idem reddit computum <list>
              <item> de XI libris XI solidis IX denariis viennensium receptis <sic>de de</sic>
                duodecim asinatis septem bichetis frumenti venditis ut supra, qualibet [asinata]
                decem octo solidis viennensium <lb/></item>
              <item> de XXI libris XV solidis receptis de triginta asinatis siliginis venditis ut
                supra, qualibet asinata quatuordecim solidos sex denarios </item>
              <item> de XXI libris VII denariis receptis de quadraginta <lb/> quinque asinatis uno
                raso avene venditis ut supra, qualibet asinata vendita novem solidis quatuor
                denariis </item>
              <item> de XIII solidis VI denariis receptis de tribus meiteriis fabarum venditis ut
                supra, <lb/> quolibet quatuor solidis sex denariis </item>
              <item> de XVIII solidis VIII denariis receptis de quinque meiteriis duabus cupis
                millii venditis ut supra, quolibet meiterio tres solidos sex denarios </item>
              <item> de IIII solidis <lb/> II denariis receptis de quinque rasis nucum venditis ut
                supra </item>
              <item> de VII solidis receptis de tribus bichetis pisorum venditis ut supra </item>
              <item> de IIII solidis VIII denariis receptis de quatuordecim gallinis venditis ut
                supra</item>
              <item> summa : LVI lb. XV s. IIII d.</item>
            </list></p>
        </div>
        <div xml:id="arreragium">
          <head>arreragium</head>
          <p><lb/> idem reddit computum <list>
              <item> de II<hi rend="sup">C</hi> XXXIII libris XVI solidis VIII denariis viennensium
                receptis a se ipso de remanentia computi sui precedentis </item>
            </list></p>
        </div>
        <div xml:id="bilan_recepte">
          <p><lb/><list>
              <item> summa tottalis recepte cum arreragio : V<hi rend="sup">C</hi> IIII<hi
                  rend="sup">XX</hi> XVI lb. X s. VI d. vien. de quibus </item>
            </list></p>
        </div>
      </div>
      <div xml:id="expense_et_librate">
        <p><lb/><list>
            <item> in banchis domus mercati aptandis et perchiis pro banchis merceriorum emptis et
              renonibus seu fossatis dicte domus quos impleverat curssus aque <lb/> curandis : XIII
              solidos X denarios viennensium </item>
            <item> item pro soleari<note> On attendrait <hi rend="italics">solerio</hi>.</note>
              furni et bochia ipsius aptandis : VI solidos VI denarios </item>
            <item> item duabus colunpnis<note> Lire <hi rend="italics">columnis</hi>.</note> positis
              ad infortiandum pontem <lb/> macelli et banchis macelli aptandis : VI solidos VI
              denarios </item>
            <item> item stipendio diversorum nuntiorum et exploratorum missorum pro negotiis domini,
              ut in particulis : LXVI solidos </item>
            <item><lb/>item expensis domini <foreign>d’Ayrout,</foreign> domini Stephani de
                <foreign>Francheleins</foreign>, Ramusi de Bastita et Pelousi <foreign>dou
                Says</foreign> euntium cum armis apud Burgum ad <lb/> mandamentum baillivi Baugiaci,
              pro eundo ad dominum comitem versus Corberiam, et pernoctantium apud Casteillionem
              sabbato post festum beati Mathei apostoli : <lb/> XVI solidos II denarios </item>
            <item> item expensis eorum quatuor et Guespe cum duobus sociis,
                <foreign>Acarion</foreign> et Iohannini <foreign>dou Says</foreign>, et
                <foreign>Estays</foreign>, et <foreign>Jay de Chastenay</foreign>, et <lb/> Peroneti
                <foreign>Breyssent</foreign>, et Perraudi de <foreign>Corrobert</foreign>, Guichardi
              de <foreign>Vauz</foreign>, Henrici de Vileta et Hugonis de <foreign>La
                Chasaigni</foreign> apud Burgum dominica post <lb/> festum beati Mathei <del
                rend="overstrike">apud</del> preter unum panem eis <sic>librata</sic><note> On
                attendrait <hi rend="italics">libratum</hi>.</note> : XLI solidos VIII denarios </item>
            <item> item expensis Guichardi <foreign>Palaym</foreign>, Peroneti de
                <foreign>Monz</foreign>, Stephani de <foreign>Ru</foreign>, <lb/> Henrici de Vileta,
              Hugonis <foreign>Chapiron</foreign> et castellani Casteillionis dominica post festum
              sancti Dyonisii apud Burgum ad mandamentum baillivi <lb/> pro succurrendo castro
              Dentheysiaci : XLIII solidos </item>
            <item> item expensis castellani se quarto cum armis euntium ad mandamentum baillivi apud
                <del rend="overstrike">Burg</del><foreign>Lent</foreign> quando fuit <lb/> ibi
              factus insultus : IX solidos II denarios </item>
            <item> item expensis domini Stephani de <foreign>Portabo</foreign> bis euntis ad dominum
              Bellijoci pro requirendis hominibus quos ceperat et prioris <lb/> de Novilla semel
              euntis cum ipso domino Stephano et expensis dicti domini Stephani venientis una die
              pro die domini de <foreign>Vilars</foreign> : XXII solidos IIII denarios <lb/></item>
            <item> item expensis dicti castellani et Petri de <foreign>La Venoyri</foreign> euntium
              bis apud Lugdunum ad tenendas dies recollectas cum domino Bellijoci coram domino
              Nicolao <lb/> de <foreign>Billens</foreign> videlicet die <del rend="overstrike"
                >lune</del> lune, martis et mercurii post festum apostolorum Philipi et Iacobi anno
              nonagesimo primo et die lune, martis, mercurii, iovis <lb/> post festum beati Iohannis
              eodem anno : XXX solidos </item>
            <item> item expensis factis in prosequendo uno latrone<note> On attendrait : <hi
                  rend="italics">in prosequendo unum latronem</hi>.</note> qui furatus fuerat unam
              peciam tele in mercato <lb/> Castellionis intantum quod fuit captus apud Montem
              Lupellum et suspensus apud Castellionem et duarum mulierarum quarum una fuit signata
              de clave <lb/> ardente et alia fuit deportata in exilium : XXXVI solidos </item>
            <item> item expensis Petri Clerici receptoris presentis computi cum donno Iohanne
              Floridi : X solidos </item>
            <lb/>
            <item> summa : XV lb. XIIII d. vien.</item>
          </list></p>
        <div xml:id="librata">
          <head>librata</head>
          <p><lb/><list>
              <item> idem libravit in expensis domini comitis factis per Hugonem de Voyrone, per
                litteram domini comitis datam dominica post nativitatem domini anno nonagesimo primo
                : XX libras IIII denarios viennensium <lb/></item>
              <item> item libravit ad easdem expensas domini per manum dicti Hugonis, per litteram
                domini datam dominica qua cantatur reminiscere anno nonagesimo primo<note> Le
                  dimanche 2 mars 1292 (nouveau style).</note> : C XIII solidos IX denarios
                <lb/></item>
              <item> item libravit ad expensas domini per manum Iohannis de
                  <foreign>Mayrins</foreign>, per litteram domini comitis datam die mercurii ante
                pentechosten anno nonagesimo primo : XXXIII solidos IX denarios <lb/></item>
              <item> item libravit ad expensas domine comitisse, per litteram eius datam die veneris
                ante mediam quadragesimam anno nonagesimo primo<note> Le vendredi 7 mars 1292
                  (nouveau style).</note> : IIII libras II solidos I denarium <lb/></item>
              <item> item ad expensas eiusdem domini comitis per manum Stephani de Sancto Reneberto,
                per litteram domini comitis datam die lune post purificationis beate Marie anno
                nonagesimo primo<note> Le lundi 4 février 1292 (nouveau style). </note> : LII
                solidos <lb/></item>
              <item> item libravit in expensis domini Andree de Nantuaco factis apud Ambrogniacum,
                ubi missus fuit pro die quam dominus habebat cum dalphino, per litteram <lb/> domini
                comitis datam decimo quinto <del rend="overstrike">kal.</del> iunii anno nonagesimo
                primo : LXV solidos <lb/></item>
              <item> item libravit magistro Petro de Vercellis, phisico, per litteram domini comitis
                de mandato datam sabbato post letare Jerusalem<note> Le samedi 22 mars 1292 (nouveau
                  style).</note> : X libras <lb/></item>
              <item> item libravit donno Iohanni Floridi, per litteram domini de mandato datam in
                octaba nativitate Domini anno nonagesimo primo : XLVII libras X solidos <lb/></item>
              <item> item libravit domine comitisse, per litteram eius datam die mercurii ante ramos
                palmarum anno nonagesimo<note>Le mercredi 11 avril 1291 (nouveau style).</note> : XX
                libras <lb/></item>
              <item> item libravit Stephano <foreign>d’Aigninens</foreign> pro pensione quam
                percipit super furnos Chasteillionis, pro anno finito in festo beati Iohannis anno
                nonagesimo secundo, <del rend="overstrike">XX</del><lb/> per litteram <del
                  rend="overstrike">Steph</del> ipsius de recepta : XXV libras <lb/></item>
              <item> item libravit Guichardo de Vallibus, Hugoni de <foreign>La Chasaigny</foreign>,
                Petro <foreign>Breyssent</foreign>, Guillermo <foreign>dou Says</foreign>, Iohannino
                  <foreign>dou Says</foreign> et dicto <foreign>Lo Jay</foreign>, Iohanni de
                  <foreign>Bussiz</foreign>, pro stipendiis <lb/> suis de Corberia, per litteram
                domini comitis de mandato datam in festo omnium sanctorum anno nonagesimo primo :
                XVI libras XIIII solidos VI denarios <lb/></item>
              <item> item libravit Ramuso de <foreign>Francheleins</foreign>, pro vadiis suis de
                Corberia, et unius socii sui, per litteram domini comitis datam in festo omnium
                sanctorum eodem anno : C II solidos <lb/></item>
              <item> item libravit in expensis quatuor hominum quos habuit apud Baugiacum ad
                mandatum ballivi die lune in quindena paschatis <add place="interlinear">anno
                  nonagesimo primo</add> et expensis Guespe et <foreign>Pelous</foreign> eadem die
                ibidem, <lb/> per litteram dicti baillivi, pro eo quod gentes regis occupaverant
                domum Perrini Ysnardi prope Matisconem : X solidos <lb/></item>
              <item> item libravit in expensis decem hominum cum armis quos duxit apud Burgum ad
                mandamentum baillivi die martis ante festum beati Petri apostoli <add
                  place="interlinear">de</add> augusto <lb/> anno nonagesimo primo, per litteram
                domini Aymonis de <foreign>Langes</foreign>, tenentis locum baillivi, de testimonio
                : XLIII solidos VII denarios <lb/></item>
              <item> item libravit domino Guillermo <foreign>dou Says</foreign>, Ludovico, filio
                suo, et Guespe de <foreign>Varas</foreign>, Pelouso <foreign>dou Says</foreign>,
                Iohanni <foreign>dou Says</foreign> et Acarie<note> On attendrait <hi rend="italics"
                    >Acario</hi> : il faut sans doute compter avec l’influence de Zacharias, dont le
                  datif est <hi rend="italics">Zacharie</hi>. </note><foreign>dou Says</foreign>, de
                  stipendiis<note type="césure"><hi rend="italics">stipen<lb/>diis</hi></note><lb/>
                suis decem dierum quibus fuerunt in cavalcata Denteysiaci<note> Pour <hi
                    rend="italics">Demptezieu</hi>.</note>, preter septem libras quas tradidit eis
                magister Petrus<note> On a écrit <hi rend="italics">P</hi>.</note>, phisicus, et
                preter quadraginta <lb/> solidos quos eis tradidit donnus Iohannes Floridi, per
                litteram dicti donni Iohannis Floridi de testimonio quam reddit : X libras
                  <milestone n="13" unit="vue"/><pb n="14"/></item>
              <item><lb/>idem libravit Perraudo <foreign>Chabua</foreign>, Henrico de
                  <foreign>Mondider</foreign>, Iohanni de <foreign>Basinens</foreign>, de stipendiis
                suis cavalcate Dentheysiaci, de octo diebus, <lb/> per litteram donni Iohannis
                Floridi de <del rend="overstrike">re[cepta]</del> testimonio : IIII libras XVI
                solidos <lb/></item>
              <item> item libravit sibi ipsi et Guichardo <foreign>Palaym</foreign>, Peroneto de
                  <foreign>Monz</foreign>, Henrico de Vileta, Stephano de <foreign>Ru,</foreign>
                Guillermo de <foreign>Basinens</foreign>, pro <lb/> tribus diebus quibus fuerunt in
                cavalcata Dentheysiaci, item Henrico de Vileta et Guillermo de
                  <foreign>Basinens,</foreign> pro quinque allis diebus quibus <lb/> fuerunt ibidem
                plus, per litteram donni Iohannis Floridi de testimonio : VII libras III solidos
                <lb/></item>
              <item> item expensis equi domini Guillermi <foreign>dou Says</foreign> remanentis
                infirmi apud Castellionem in reditu dicte cavalcate per quinque septimanas : LII
                solidos IIII denarios <lb/></item>
              <item> item expensis unius bayete quam tenuit per centum dies <del rend="overstrike">
                  tertia</del> tempore guerre de Corberia et Dentheisiaco et unius bayete <lb/> quam
                tenuit per quindecim dies de mandato baillivi, ut donnus Iohannes Floridi dicit, pro
                gagiamento comitis Altisiodorensis et domini Bellijoci : XL solidos <lb/></item>
              <item> item in stipendiis Guillermi de <foreign>Clarzeins</foreign> recolligentis
                exitum ponderis bladi et leyde et copunagii per tempus supradictum : XL solidos
                <lb/></item>
              <item> item pro sex centum quadraginta bennis calcis sine gietis emptis apud
                  <foreign>Toyssey</foreign> pro clausuris ville Chasteillonis <lb/> in estate anno
                nonagesimo primo : XXXII libras </item>
              <item> item in carreagio dicte calcis preter corvatas : XLII solidos IX denarios
                <lb/></item>
              <item> item libravit sibi ipsi pro salario suo pro uno anno finito septima die mensis
                madii anno nonagesimo secundo : XX libras </item>
              <lb/>
              <item> summa librate : II<hi rend="sup">C</hi> XLVII lb. XIII d.</item>
            </list></p>
        </div>
        <div xml:id="bilan_expense_et_librate">
          <p><lb/><list>
              <item> summa tottalis expense et librate : II<hi rend="sup">C</hi> LXII lb. II s. III
                d. vien.</item>
            </list></p>
        </div>
      </div>
      <div xml:id="bilan">
        <p><lb/><list>
            <item> et sic debet dictus castellanus : CCC XXXIIII libras VIII solidis III denarios
              viennensium</item>
            <item> de quibus <lb/> deducuntur quas dominus comes sibi debebat ex causa mutui, ut per
              eius litteram datam die iovis in vigilia apostolorum Symonis et <lb/> Iude anno domini
                M<hi rend="sup">o</hi> CC<hi rend="sup">o</hi> octogesimo nono quam retinet et cuius
              littere tenor inferius continetur : IIII<hi rend="sup">C </hi>LIII libre III solidi IX
              denarii viennensium</item>
            <lb/>
            <item> et sic debentur dicto castellano : C XVIII libre XV solidi VI denarii
              viennensium</item>
            <item> quibus aduntur <lb/> quas libravit donno Iohanni Floridi, qui de ipsis debet
              respondere, ut per confessionem ipsius : IIII<hi rend="sup">XX</hi> libre
              viennensium</item>
            <lb/>
            <item> et sic debentur dicto castellano : IX<hi rend="sup">XX</hi> XVIII libre XV solidi
              VI denarii viennensium<note>quibus aduntur … VI denarii viennensium] <hi
                  rend="italics">ajouté d’une autre encre, comme la lettre d’Amédée V qui
                suit</hi>.</note></item>
            <lb/>
            <item> Nos Amedeus et cetera <unclear>quod</unclear> nos debemus dilecto nostro Petro
                <foreign>d’Estres</foreign>, burgensi nostro Castellionis super Calaronam, IIII<hi
                rend="sup">C</hi> LIII libras III solidos novem denarios viennensium <lb/> ex causa
              boni et legitimi mutui nobis ab eodem facti, quam summam pecunie confitemur et
              recognoscimus a dicto Petro habuisse et recepisse, tam in <lb/> finis nomine et
              mandato nostro factis per eum quam in denariis numeratis, videlicet </item>
            <item> L libras viennensium quas nobis mutuavit et nos eas misimus preposito <lb/>
              Gebennensi, cui ex dono nostro eas debebamus </item>
            <item> item octies viginti libras viennensium quas ex mutuo ab eodem habuimus per manum
              Stephani de Sancto Regneberto, <lb/> clerici nostri, pro facto obsidionis bastite de
                <foreign>Bragnon</foreign></item>
            <item> item quadraginta libras viennensium per manum Iohannis Floridi, capellani nostri </item>
            <item> item centum tres libras <lb/> tres solidos novem denarios viennensium quos
              finavit pro nobis domino Iocerando de <foreign>Taney</foreign>, cui debebamus ex
              remanentia cumputi<note> Lire <hi rend="italics">computi</hi>.</note> sui de Septimo </item>
            <item> item <lb/> centum libras viennensium quas nobis mutuavit et tradidit Iacobo
              Malaballi nomine nostro, pro acquerimento terre Reversi Montis </item>
            <item> pro quibus summis et <lb/> quantitatibus pecunie dicto Petro obligamus, tradimus
              et commandimus omnes redditus, exitus et proventus ville et castellanie Castellionis
              tenendos, <lb/> percipiendos et habendos donec ex perceptione redituum, exituum et
              proventuum predictorum de predictis summis pecunie et aliis que nobis mutuaverit vel
              <lb/> habere fecerit aut pro nobis se obligavit perfecte et integraliter sit solutus
              aut aliter faciamus <unclear><supplied reason="illisible"
                >contentum</supplied></unclear> suum, promittentes dicto Petro bona fide <lb/> quod
              dictos redditus, exitus et proventus alii non trademus vel obligabimus nec de manum
              eius ammovebimus <del rend="overstrike">quoscu</del> quousque de universis et singulis
              <lb/> debitis memoratis sibi sit integraliter satisfactum in quorum et cetera </item>
            <item> datum apud Burgum in Brissia die jovis in vigilia apostolorum Symonis et Iude
              anno <lb/> domini M<hi rend="sup">o</hi> CC<hi rend="sup">o</hi> nonagesimo<note
                type="refbibl"> Lire <hi rend="italics">octogesimo</hi>.</note> nono</item>
            <item><add resp="autreEncre">hanc litteram reddidit mense maii anno nonagesimo quarto et
                tunc <del rend="overstrike">pos</del> de <lb/> remanentia computi sui datat fuit
                sibi littera nova</add></item>
          </list></p>
      </div>
    </body>
  </text>
</TEI>
