<?xml version="1.0" encoding="UTF-8"?>
<?xml-model href="http://www.tei-c.org/release/xml/tei/custom/schema/relaxng/tei_all.rng" schematypens="http://relaxng.org/ns/structure/1.0"?>
<TEI xmlns:math="http://www.w3.org/1998/Math/MathML" xmlns="http://www.tei-c.org/ns/1.0"
  xmlns:xi="http://www.w3.org/2001/XInclude" xmlns:svg="http://www.w3.org/2000/svg" xml:id="B7560_2">
  <teiHeader>
    <fileDesc>
      <titleStmt>
        <title>Compte de Pierre d’Estrés, dit Péronin (Peroninus d’Estres), receveur des revenus du comte [de
          Savoie Amédée V] à Châtillon-sur-Chalaronne (Castellio de Challarona), du 9 février 1285
          au 9 février 1286 <date type="debut" from-iso="12850209" cert="high"/><date type="fin"
            from-iso="12860209" cert="high"/></title>
        <respStmt>
          <persName><name xml:lang="fra">Pierre d'Estrés</name><name xml:lang="lat"
                ><sic>Peroninus</sic> d’Estres</name></persName>
          <resp>Châtelain</resp>
        </respStmt>
      </titleStmt>
      <publicationStmt>
        <p>Alain Kersuzan et Frédéric Chartrain, avec la collaboration de Nils Mantilleri et Jean-Michel Poisson, 
          <title>Compte de Pierre d'Estrés, dit Péronin (<hi rend="italics">Peroninus d’Estres</hi>), receveur des revenus du comte [de
            Savoie Amédée V] à Châtillon-sur-Chalaronne (Castellio de Challarona), du 9 février 1285
            au 9 février 1286</title>,
          Lyon - Chambéry, 2011 (<title>Documents comptables des Etats de Savoie, XIIIe - XVe s.</title>)</p>
      </publicationStmt>
      <seriesStmt>
        <title>Châtillon-sur-Chalaronne</title>
      </seriesStmt>
      <sourceDesc>
        <p>Information about the source</p>
      </sourceDesc>
    </fileDesc>
  </teiHeader>
  <text>
    <body>
      <milestone n="03" unit="vue"/>
      <pb n="2"/>
      <div xml:id="prologue">
        <p><lb/>Computus<note> Ce compte est numéroté <hi rend="italics">VIII </hi>en tête, dans
            l’ordre décroissant de la numérotation médiévale des comptes du rouleau.</note> Peronini
            <foreign>d’Estres</foreign><note>On écrit <hi rend="italics">destres</hi>.</note>
          receptoris reddituum domini comitis apud Castellionem de Challarona ab octabis
          purificationis <lb/> beate Marie anno Domini M<hi rend="sup">o</hi> CC<hi rend="sup"
            >o</hi> LXXX<hi rend="sup">o</hi> quarto<note> Le vendredi 9 février 1285 (nouveau
            style).</note> usque ad eamdem diem anno revoluto<note> Le samedi 9 février 1286
            (nouveau style).</note> videlicet de uno anno integro</p>
      </div>
      <div xml:id="recepte">
        <div xml:id="frumentum">
          <head>frumentum</head>
          <p><lb/> idem reddit computum <list>
              <item>de V asinatis frumenti receptis de exitu coponagii mercati Castellionis hoc
                anno</item>
            </list></p>
          <div type="sub">
            <head>arreragium</head>
            <p><list>
                <item> de IIII asinatis V bichetis receptis <lb/> de remanentia computi sui
                  precedentis</item>
                <lb/>
                <item> summa : IX asinate V bicheti frumenti</item>
                <item> de quibus in venditione ut infra : VI asinate <lb/> IIII bicheti
                  frumenti</item>
                <item> et restant : III asinate I bichetus frumenti <add place="interlinear"> —
                    venduntur ut infra in additionibus</add></item>
              </list></p>
          </div>
        </div>
        <div xml:id="siligo">
          <head>siligo</head>
          <p><lb/> idem reddit computum <list>
              <item> de XV asinatis VII bichetis siliginis receptis de exitu coponagii mercati
                Castellionis hoc anno </item>
              <item> de V meyteriis receptis de Guillermo <lb/> de Rispis pro messe hoc anno </item>
              <item> de V meyteriis receptis de Ruffo de Bosco pro eodem </item>
              <item> de V meyteriis receptis de Bernardo de Bosco pro eodem </item>
              <item> de <lb/> V meyteriis receptis de Guillaudo <foreign>Syont</foreign> pro eodem </item>
              <item> de V meyteriis receptis de Hugone de <foreign>Chaley</foreign> pro eodem </item>
              <item> de V meyteriis receptis de Laurentio de Verneto <lb/> pro eodem </item>
              <item> de V meyteriis receptis de Teneto de Rossillione pro eodem </item>
              <item> de V meyteriis receptis de Petro <foreign>Terrazart</foreign> pro eodem</item>
            </list></p>
          <div type="sub">
            <head>arreragium</head>
            <lb/>
            <list>
              <item> de XXXI asinatis II meyteriis receptis de remanentia computi sui precedentis </item>
              <lb/>
              <item> summa : LVII asinate III bicheti silignis </item>
              <item> de quibus in venditione ut infra XL asinate <lb/> siliginis </item>
              <item> et restant : XVII asinate III bicheti siliginis — venduntur ut infra</item>
            </list>
          </div>
        </div>
        <div xml:id="fabe">
          <head>fabe</head>
          <p><lb/> idem reddit computum <list>
              <item> de II bichetis I <add place="interlinear">cupa</add> fabarum receptis de exitu
                coponagii hoc anno </item>
              <item> de II meyteriis receptis de remanentia computi sui precedentis </item>
              <lb/>
              <item> summa : III meyteria I cupa fabarum </item>
              <item> de quibus in venditione ut infra : V bicheti </item>
              <item> et restant : I bichetus I cupa <add place="interlinear"> — venduntur ut
                  infra</add></item>
            </list></p>
        </div>
        <div xml:id="milium">
          <head>milium</head>
          <p><lb/> idem reddit computum <list>
              <item> de V bichetis milii receptis de exitu coponagii hoc anno </item>
              <item> de I asinata recepta de remanentia computi sui precedentis</item>
              <lb/>
              <item> summa : I asinata V bicheti</item>
              <item> de quibus in venditione : X bicheti</item>
              <item> et restant : III bicheti <add place="interlinear"> — venduntur ut
                infra</add></item>
            </list></p>
        </div>
        <div xml:id="avena">
          <head>avena</head>
          <p><lb/> idem reddit computum <list>
              <item> de I meyterio avene recepto de Iohanne de Verneto pro comanda per annum </item>
              <item> de IX meyteriis receptis de hominibus Iohannini de Laya <lb/> pro eodem </item>
              <item> de I meyterio recepto de Ogerio <foreign>Lo Nalays</foreign> pro eodem </item>
              <item> de II meyteriis receptis de domina de Fontana pro eodem </item>
              <item> de I meyterio recepto de <lb/> Payneto de <foreign>La Fayola</foreign> pro
                eodem </item>
              <item> de I meyterio recepto de Laurentia de Donno Petro pro eodem </item>
              <item> de I meyterio recepto de Leproso de <foreign>La Fayola</foreign></item>
              <lb/>
              <item> de I meyterio recepto de eodem pro anno preterito</item>
            </list></p>
          <div type="sub">
            <head>arreragium</head>
            <p><list>
                <item> de I meyterio recepto de hominibus Iohannini de Laya quod remansit
                  recuperandum anno preterito </item>
                <item> de <lb/> IX asinatis XIIII rasis avene receptis de exitu coponagii hoc anno </item>
                <item> de XIII asinatis IIII rasis receptis de remanentia computi sui precedentis </item>
                <lb/>
                <item> summa : XXVII asinate X rasi avene</item>
                <item> de quibus in venditione ut infra : XX asinate <lb/> II rasi </item>
                <item> item ad equos computatorum : VI rasi</item>
                <item> et restant : VII asinate II rasi avene <add> — venduntur ut
                  infra</add></item>
              </list></p>
          </div>
        </div>
        <div xml:id="galline">
          <head>galline</head>
          <p><lb/> idem reddit computum <list>
              <item> de XIII gallinis receptis apud Castellionem de redditu per annum ut in
                particulis in extenta — venduntur ut infra</item>
            </list></p>
        </div>
        <div xml:id="cera">
          <head>cera</head>
          <p><lb/> idem reddit computum <list>
              <item> de XXXVIII libris cere receptis de gardis et recognitionibus per annum apud
                Castellionem ut in particulis in extenta, deductis quibusdam quorum <lb/> quidam
                mortui sunt et alii recesserunt propter guerram — venduntur ut infra</item>
            </list></p>
        </div>
        <div xml:id="denarii_census">
          <head>denarii census</head>
          <p><lb/> idem reddit computum <list>
              <item> de XIIII libris VIII solidis VI denariis viennensium receptis apud Castellionem
                de redditu per annum ut in particulis in extenta </item>
              <item> de IIII solidis VI denariis receptis de <lb/> Peronino
                  <foreign>d’Estres</foreign> de redditu per annum pro rebus quas emit a domino
                Petro de <foreign>Rigneu</foreign></item>
              <item> de II denariis receptis de Andrea Jelati pro prato suo versus Clemencia <lb/>
                per annum </item>
              <item> summa : XIIII lb. XIII s. II d. vien.</item>
            </list></p>
        </div>
        <div xml:id="teyse">
          <head>teyse</head>
          <p><lb/> idem reddit computum <list>
              <item> de XI libris XIII solidis viennensium receptis de teysis domorum in villa nova
                Castellionis hoc anno ubi levantur pro qualibet peda domus <lb/> continente quinque
                teysas de latitudine et novem teysas de longitudine duo solidi et sex denarii
                viennensium et si plus vel minus contineat levatur pro rata </item>
              <lb/>
              <item> summa : XI lb. XIII s. vien.</item>
            </list></p>
        </div>
        <div xml:id="garde_et_recognitiones">
          <head>garde et recognitiones</head>
          <p><lb/> idem reddit computum <list>
              <item> de XXV solidis VI denariis receptis de gardis et recognitionibus per annum ut
                in particulis in extenta, deductis decem solidis – de quibus debebat Hugo
                  <lb/><foreign>Rossez</foreign> duos solidos, Guillermus
                  <foreign>Pastours</foreign> tres solidos, Peronetus Milleti tres solidos et
                Iohannes mercerius de Villa Francha duos solidos – qui non possunt recuperari </item>
              <lb/>
              <item> summa : XXV solidi VI denarii viennensium</item>
            </list></p>
        </div>
        <div xml:id="firme">
          <head>firme</head>
          <p><lb/> idem reddit computum <list>
              <item> de XXXII libris VI denariis viennensium receptis de exitu leyde mercati
                Castellionis per dictum annum </item>
              <item> de XVI libris VI solidis receptis de exitu <lb/> nundinarum dicti loci in festo
                beati Iohannis baptiste hoc anno </item>
              <item> de LXXV solidis receptis de exitu nundinarum eiusdem loci in festo beati
                  <sic>Mathei</sic><note> Le sanctoral lyonnais écrit également <hi rend="italics"
                    >Mathei</hi> pour <hi rend="italics">Matthei</hi>.</note> hoc anno </item>
              <lb/>
              <item> de XIII libris receptis de exitu banchagii domus mercati hoc anno </item>
              <item> de XII libris X solidis receptis de medietate firme furni Castellionis finite
                in festo <lb/> beati Iohannis baptiste anno LXXX<hi rend="sup">o</hi> quinto et de
                alia medietate computavit in computo precedenti </item>
              <item> de XIIII libris receptis de Stephano <foreign>La Buatari</foreign> pro
                medietate eiusdem firme <lb/> finiende in festo beati Iohannis baptiste anno LXXX<hi
                  rend="sup">o</hi> sexto et tunc debentur <sic>tantundem</sic><note> Lire <hi
                    rend="italics">tantumdem</hi>.</note></item>
              <item> de IX libris receptis de medietate firme chacipollerie finite <lb/> in festo
                beati Iohannis baptiste anno LXXX<hi rend="sup">o</hi> quinto et de alia medietate
                computavit in computo precedenti </item>
              <item> de X libris receptis de medietate firme chacipollerie et banni <lb/> vini mense
                augusto finiende in festo beati Iohannis baptiste anno LXXX<hi rend="sup">o</hi>
                sexto et tunc debentur tantundem </item>
              <item> de XV solidis receptis de medietate firme <lb/> champerie finite in festo beati
                Iohannis anno LXXX<hi rend="sup">o</hi> quinto et de alia medietate computavit in
                computo precedenti </item>
              <item> de XV solidis receptis de medietate eiusdem firme <lb/> finiende in festo beati
                Iohannis anno LXXX<hi rend="sup">o</hi> sexto et tunc debentur tantundem </item>
              <item> de XIII solidis receptis de medietate firme linguarum boum occisorum in <lb/>
                macello finite eodem termino anno LXXX<hi rend="sup">o</hi> quinto et de alia
                medietate computavit in computo precedenti </item>
              <item> de XIII solidis receptis de medietate eiusdem <add place="interlinear"
                  >firme</add> finiende eodem <lb/> festo anno LXXX<hi rend="sup">o</hi> sexto et
                tunc debentur tantundem </item>
              <item> de VI libris receptis de exitu macelli Castellionis hoc anno et non potuit
                adcensari </item>
              <lb/>
              <item> de VI solidis receptis de Hugone Chalveti pro firma furni sui ad usum suum per
                annum </item>
              <item> de II solidis receptis de Maschardo pro firma furni sui ad usum suum</item>
              <lb/>
              <item> summa : CXIX lb. XV s. VI d. vien.</item>
            </list></p>
        </div>
        <div xml:id="laudes_et_vende">
          <head>laudes et vende</head>
          <p><lb/> idem reddit computum <list>
              <item> de XVI solidis VIII denariis receptis a domino Iohanne de
                  <foreign>Gions</foreign> pro laudibus et vendis domus quam emit de Peronino de
                  <foreign>Buenens</foreign> pretio centum solidorum </item>
              <lb/>
              <item> de XX denariis receptis de Bono Amico pro dimidia peda quam emit de Bartholomeo
                  <foreign>Fouchart</foreign> pretio decem solidorum </item>
              <item> de X solidis receptis de Iohanne <foreign>Clopet</foreign> pro domo <lb/> quam
                emit de Hugone <foreign>Morant</foreign> pretio sexaginta solidorum </item>
              <item> de VII solidis VI denariis receptis de marito <foreign>Ysabelet</foreign> pro
                domo quam emit a <del rend="overstrike"> quoda<supplied>m</supplied></del> Clemente
                  <foreign>dou <lb/> Chapiz</foreign> pretio quadraginta quinque solidorum </item>
              <item> de V solidis receptis de Rodulpho <foreign>Brondel</foreign> pro terra quam
                emit a Guillermo <foreign>Syont</foreign> pretio triginta solidorum </item>
              <item> de <lb/> XVIII solidis receptis de liberis Hugonis <foreign>dou
                  Chaley</foreign> pro prato quod emit de Guillermo <foreign>Syont</foreign> pretio
                centum octo solidorum </item>
              <item> de VII solidis VI denariis receptis de Hugone <lb/> de <foreign>La
                  Chassagni</foreign> et Hugone <foreign>Lo Bret</foreign> pro domo quam vendiderunt
                Vincentio mercerio pretio quadraginta quinque solidorum </item>
              <item> de XX denariis receptis de pueris de <lb/><foreign>Barbarel</foreign> pro
                dimidia peda quam emerunt unus de altero pretio decem solidorum </item>
              <item> de XXX solidis receptis de <foreign>Esteneveres</foreign> pro domo quam emit de
                Petro <foreign>Terrazart</foreign><lb/> pretio novem librarum </item>
              <item> de XLVII solidis receptis de Uldrico Colini pro domo quam emit de Richerio
                  <foreign>Millet</foreign> pretio quatuordecim librarum </item>
              <item> de LXXIII solidis <lb/> IIII denariis receptis de quodam homine de Montelupello
                pro domo quam emit de Martino <foreign>Tirihueil</foreign> pretio viginti duarum
                librarum </item>
              <lb/>
              <item> summa : X lb. XVIII s. IIII d. vien.</item>
            </list></p>
        </div>
        <div xml:id="banna">
          <head>banna</head>
          <p><lb/> idem reddit computum <list>
              <item> de XX solidis receptis de Guillermo <foreign>Masuer</foreign> pro banno </item>
              <item> de XX solidis receptis de Stephano <foreign>Muton</foreign> pro banno leyde </item>
              <item> de X solidis receptis de <lb/> Anthonio de <foreign>Chanpagni</foreign> pro
                eodem </item>
              <item> de aliis bannis computabit castellanus </item>
              <lb/>
              <item> summa : XLV s. — deductis quinque solidis pro parte Guichardi de
                  <foreign>Ru</foreign>, tunc castellani, capientis duos solidos in libra</item>
            </list></p>
        </div>
        <div xml:id="escheytis">
          <head>escheytis</head>
          <p><lb/><list>
              <item> de escheytis et inventis nichil hoc anno</item>
            </list></p>
        </div>
        <div xml:id="venditiones">
          <head>venditiones</head>
          <p><lb/> idem reddit computum <list>
              <item> de VII libris III solidis viennensium receptis de sex asinatis et dimidia
                frumenti venditis ut supra, qualibet asinata vendita viginti duobus solidis </item>
              <lb/>
              <item> de XXXVI libris receptis de quadraginta asinatis siliginis venditis ut supra,
                qualibet asinata vendita decem octo solidis </item>
              <item> de XI solidis III denariis receptis de quinque <lb/> bichetis fabarum venditis
                ut supra pro tanto </item>
              <item> de XX solidis receptis de decem bichetis milii sic venditis ut supra </item>
              <item> de X libris XV denariis receptis de viginti <lb/> asinatis et duobus rasis
                avene venditis ut supra, qualibet asinata vendita decem solidis </item>
              <item> de IIII solidis IIII denariis receptis de tresdecim gallinis venditis ut supra,
                <lb/> qualibet quatuor denariis </item>
              <item> de LXXVI solidis receptis de triginta octo libris cere venditis ut supra,
                qualibet vendita duobus solidis </item>
              <lb/>
              <item> summa : LVIII lb. XV s. X d. vien.</item>
            </list></p>
        </div>
        <div xml:id="iudei">
          <head>iudei</head>
          <p><lb/><list>
              <item> de iudeis non computat quia nichil de ipsis potuit recuperare propter
                  <sic>inhopiam</sic><note> Lire <hi rend="italics">inopiam</hi>.</note> ipsorum et
                solent solvere <del rend="overstrike">de</del> quatuor libras</item>
            </list></p>
        </div>
        <div xml:id="arreragium">
          <head>arreragium</head>
          <p><lb/> idem reddit computum <list>
              <item>de VIII libris XIIII solidis VII denariis viennensium receptis de remanentia
                computi sui precedentis </item>
              <lb/>
              <item> summa : VIII lb. XIIII s. VII d. vien.</item>
            </list></p>
        </div>
        <div xml:id="bilan_recepte">
          <p><lb/><list>
              <item> summa totius recepte cum arreragiis : XI<hi rend="sup">XX</hi> VIII lb. XI d.
                vien.</item>
            </list></p>
        </div>
      </div>
      <div xml:id="expense_et_librate">
        <p>de quibus <lb/><list>
            <item>in banchis domus mercati aptandis hoc anno et pro portis ville custodiendis in
              nundinis beati Iohannis baptiste : XII solidos </item>
            <item> in stipendiis collectoris <lb/> leyde per unum annum finitum in nativitate Domini
              anno LXXX<hi rend="sup">o</hi> quinto : XXX solidos </item>
            <item> in una bayeteria facta supra chaffaudum castri et fusta ad idem : <lb/> XXXI
              solidos III denarios </item>
            <item> in domo furni Castellionis et ipso furno qui diruerant reficiendis quasi de novo
              ut in particulis : X libras II solidos </item>
            <lb/>
            <item> in stipendiis nuntiorum et exploratorum missorum per dictum annum pro negotiis
              domini : XLIX solidos III denarios </item>
            <item> in expensis quorumdam clientum et balistariorum <lb/> quos pluries venire fecit
              ad deffensionem ville quando timebatur ne inimici ibidem venirent : LIIII solidos III
              denarios </item>
            <item> in stipendiis <lb/> septem hominum equitum cum armis quos ducebat ad
                <sic>sucursum</sic><note> Lire <hi rend="italics">succursum</hi>.</note> castri
              Terracie de mandato Oliverii castellani Burgi per octo dies : X libras <lb/> IIII
              solidos </item>
            <item> in stipendiis novem hominum cum armis quos castellanus ducebat versus Durchiam
              quando dicebatur quod dominus Ludovicus <sic>obsiderat</sic><lb/> dictum castrum, per
              unam noctem apud Burgum : XXX solidos </item>
            <item> in locagio unius granerii ad reponendum bladum domini pro anno finiendo in festo
              <lb/> beati Iohannis baptiste anno LXXX<hi rend="sup">o</hi><subst>
                <del>quinto</del>
                <add place="interlinear">sexto</add>
              </subst> : X solidos </item>
            <item> idem restituit sibi ipsi pro quibusdam servitiis et teysis domorum que non
              possunt recuperari <lb/> quia tenementa et pede pro quibus debebantur occupata sunt
              per fossata ville : XXII solidos </item>
            <lb/>
            <item> idem libravit Guichardo de <foreign>Ru</foreign> castellano Castellionis pro se
              et una guaytia pro medietate salarii sui unius anni finiti IIII<hi rend="sup">o
              </hi>nonas iulii anno LXXX<hi rend="sup">o</hi><lb/> quinto et de alia medietate
              solutus fuit in computo precedenti : VII libras X solidos viennensium </item>
            <lb/>
            <item> idem libravit eodem castellano pro salario suo a quarto nonas iulii anno LXXX<hi
                rend="sup">o</hi> quinto usque ad diem martis ante festum omnium sanctorum anno
              eodem <lb/> videlicet per decem septem septimanas pro se una guaytia ut supra et pro
              uno cliente quem secum plus tenuit : CXII solidos VI denarios viennensium </item>
            <lb/>
            <item> idem libravit in stipendiis unius bayete quam secum tenuit per totum predictum
              tempus dicti Guichardi : LII solidos viennensium </item>
            <lb/>
            <item> idem libravit domino Iohanni Picardi que sibi debebantur de remanentia computi
              sui de Cologniaco : XX libras II solidos III denarios viennensium </item>
            <lb/>
            <item> idem libravit donno<note> On peut évidemment lire ici <hi rend="italics"
                  >domino</hi>, mais l’usage du terme <hi rend="italics">donnus</hi> devant les noms
                d’ecclésiastiques, et notamment de celui-ci, est bien attesté par ailleurs.</note>
              Iohanni Floridi capellano domini per litteras ipsius de recepta quas reddit datas
              dominica prima <sic>aventus</sic><note> Pour <hi rend="italics">adventus</hi>.</note>
              Domini anno LXXX<hi rend="sup">o</hi> quinto : C libras viennensium </item>
            <lb/>
            <item> idem libravit ad expensas Rosseti et Durandi audientium computum ipsius : XX
              solidos viennensium </item>
            <lb/>
            <item> summa expense, salarii et librate : VIII<hi rend="sup">XX</hi> IX lb. XVIII d.
              vien. </item>
          </list></p>
      </div>
      <div xml:id="bilan">
        <p><list>
            <item> et sic debet <lb/> LVIII libras XIX solidos V denarios viennensium quibus
              adduntur : </item>
            <item> VI libre V solidi viennensium recepti de tribus asinatis et uno bicheto frumenti
              sic venditis </item>
            <item> item <lb/> XXVII libre XVI solidi recepti de decem septem asinatis et tribus
              bichetis siliginis venditis quolibet bicheto quatuor solidis </item>
            <item> item V solidi recepti de uno bicheto et una cupa <lb/> fabarum sic venditis </item>
            <item> item IX solidi recepti de tribus bichetis milii sic venditis </item>
            <item> item VII libre IX solidi VI denarii recepti de septem asinatis et duobus rasis
              avene <lb/> pro tanto venditis ut supra </item>
            <item> summa additi : XLII lb. IIII s. VI d. vien. </item>
            <item> et sic debet : CI libras III solidos XI denarios viennensium <pb n="3"/></item>
            <lb/>
            <item> de quibus centum una libris tribus solidis undecim denariis idem libravit domino
              Iocerando de <foreign>Franchilens</foreign> militi de centum <lb/> libris viennensium
              in quibus dominus comes sibi tenebatur ex quibusdam conventionibus ultra sexaginta
              libras viennensium quas eidem solvit <lb/> Stephanus <foreign>Borrellaz</foreign>
              receptor reddituum domini apud Baugiacum per litteras dicti domini <subst>
                <del>Stephani</del>
                <add place="interlinear">Jocerandi</add>
              </subst> de recepta quas reddit : XL libras viennensium </item>
            <lb/>
            <item> idem libravit Lurdino de Savyo de mandato Durandi de Fago et Rosseti de Sancto
              Regneberto in quibus dominus comes eidem Lurdino <lb/> tenebatur pro domino Hugone de
                <foreign>Luaysi</foreign> milite per litteras ipsius Lurdini de recepta quas reddit
              : LX libras viennensium</item>
            <lb/>
            <item> summa librate : C lb. vien.</item>
            <item> et sic debet : XXIII solidos XI denarios viennensium</item>
          </list></p>
      </div>
    </body>
  </text>
</TEI>
