<?xml version="1.0" encoding="UTF-8"?>
<?xml-model href="http://www.tei-c.org/release/xml/tei/custom/schema/relaxng/tei_all.rng" schematypens="http://relaxng.org/ns/structure/1.0"?>
<TEI xmlns:math="http://www.w3.org/1998/Math/MathML" xmlns="http://www.tei-c.org/ns/1.0"
    xmlns:xi="http://www.w3.org/2001/XInclude" xmlns:svg="http://www.w3.org/2000/svg"
    xml:id="B7560_16">
    <teiHeader>
        <fileDesc>
            <titleStmt>
                <title>Notes dorsales du rouleau Dijon, Archives Départementales, B7560 (châtellenie de Châtillon-sur-chalaronne, 1284-1300) <date type="debut" from-iso="12840704"
                        cert="high"/><date type="fin" from-iso="13000501" cert="high"/></title>
            </titleStmt>
            <publicationStmt>
                <p>Alain Kersuzan et Frédéric Chartrain, avec la collaboration de Nils Mantilleri et Jean-Michel Poisson, 
                    <title>Notes dorsales du rouleau Dijon, Archives Départementales, B7560 (châtellenie de Châtillon-sur-chalaronne, 1284-1300)</title>,
                Lyon - Chambéry, 2012 (<title>Documents comptables des Etats de Savoie, XIIIe - XVe s.</title>)</p>
            </publicationStmt>
            <seriesStmt>
                <title>Châtillon-sur-Chalaronne</title>
            </seriesStmt>
            <sourceDesc>
                <p>Information about the source</p>
            </sourceDesc>
        </fileDesc>
    </teiHeader>
    <text>
        <body>
            <milestone n="27" unit="vue"/>
            <pb n="2v"/>
            <div>
                <p><lb/> Summa : VIII<hi rend="sup">XX</hi> IX libre XVIII denarii<note> Cette ligne
                        a été écrite en sens inverse, le haut vers le bas du parchemin.</note><lb/>
                    Computus Peronini <foreign>d’Estres</foreign><note> On écrit <hi rend="italics"
                            >destres</hi>. Toutes les apostrophes ont été ajoutées par la
                        transcription.</note> receptoris reddituum Castellionis anno LXXX<hi
                        rend="sup">o</hi> quinto</p>
            </div>
            <milestone n="27" unit="vue"/>
            <pb n="3v"/>
            <div>
                <p><lb/> Computus Peronini de <foreign>Estres</foreign> receptoris reddituum domini
                    apud Castellionem de anno LXXX<hi rend="sup">o</hi> quinto</p>
            </div>
            <milestone n="28" unit="vue"/>
            <pb n="4v"/>
            <div>
                <p><lb/> Summa laudum : XI libre VII solidi I denarius viennensium <lb/> Summa
                    totalis recepte<note> On avait d’abord écrit ici <hi rend="italics">LXV</hi>, et
                        ces chiffres n’ont pas été complètement effacés.</note> : CC LXV libre VIII
                        solidi<note> On avait d’abord écrit ici <hi rend="italics">den[arii]</hi>,
                        et ce mot n’a pas été complètement effacé.</note> IX denarii viennensium</p>
            </div>
            <milestone n="29" unit="vue"/>
            <pb n="6v"/>
            <div xml:id="laudes_et_vende">
                <head>laudes et vende</head>
                <p><lb/> idem reddit computum <list>
                        <item> de VII solidis VI denariis receptis de laudibus et vendis a Roberto
                            de <foreign>Coralyn</foreign> pro medietate domus empte de Martino
                                <foreign>Lo Caponer<note type="césure"><hi rend="italics"
                                        >capo<lb/>ner</hi></note></foreign><lb/> pretio quadraginta
                            quinque solidorum viennensium </item>
                        <item> de XXVI solidis VIII denariis receptis de Stephano <foreign>Lo
                                Voneur</foreign> pro quadam domo empta a Perroneto <lb/> de
                                <foreign>La Veneyri</foreign> pretio octo librarum viennensium </item>
                        <item> de IX solidis IIII denariis receptis de Iohanne Thybaudi pro curtili
                            empto de Iohannino Fornerii pretio <lb/> quinquaginta sex solidorum
                            viennensium </item>
                        <item> de III solidis IIII denariis receptis ab Aymone <foreign>del
                                Byolei</foreign> pro medietate domus empte de uxore Hugonis
                                    <foreign>Bonvin<note type="césure"><hi rend="italics"
                                        >bon<lb/>vin</hi></note></foreign><lb/> pretio viginti
                            solidorum </item>
                        <item> de XII solidis IIII denariis receptis de Guichardo
                                <foreign>Colyn</foreign> pro medietate domus empte de Morello
                                <foreign>Bollier</foreign><lb/> pretio septuaginta quatuor solidorum </item>
                        <item> de III solidis IIII denariis receptis de Iohannino
                                <foreign>Perer</foreign> pro quadam peda empta de Iohannino Fornerii
                            pretio <lb/> viginti solidorum </item>
                        <item> de XXIX solidis II denariis receptis de Guillermo <foreign>del
                                Pont</foreign> pro medietate domus empte de Hugone de Bosco pretio
                            octo <lb/> librarum quindecim solidorum </item>
                        <item> de C XVI solidis VIII denariis receptis de Perrenino
                                <foreign>d’Estres</foreign> pro domo empta de domino Odone de Monte
                            <lb/> Moreti pretio triginta quinque librarum </item>
                        <item> de X solidis receptis de Bartholomeo <foreign>Costantyn</foreign> pro
                            domo empta de Perronino <foreign>d’Estres</foreign><lb/> pretio
                            sexaginta solidorum </item>
                        <item> de IIII denariis receptis de Martino <foreign>Chapelan</foreign> pro
                            quadam pecia vinee empta de Guillaudo <foreign>Syont</foreign> pretio
                            <lb/> duorum solidorum </item>
                        <item> de IIII denariis receptis de Vyncentio Mercerii pro peda empta de
                            fratre suo pretio duorum solidorum </item>
                        <item> de XXXIII solidis IIII denariis receptis de <lb/> clerico
                                <foreign>Maschart</foreign> pro domo empta de relicta Galteri
                            Barbitonsoris pretio decem librarum </item>
                        <item> de XXVIII solidis <del rend="overstrike">receptis</del> IIIII
                            denariis receptis de <lb/> Iohanne <foreign>Hudry</foreign> pro domo
                            empta de Andrea de Molendino pretio octo librarum decem solidorum </item>
                        <item> de V solidis receptis de Iohanne <foreign>Rosel</foreign> pro quadam
                            <lb/> insula empta de Bernardo <foreign>Rolant</foreign> pretio triginta
                            solidorum </item>
                        <item><lb/>summa : XIIII libre V solidi VIII denarii viennensium</item>
                    </list></p>
            </div>
            <div xml:id="particule_bannorum">
                <head>particule bannorum<note type="césure"><hi rend="italics">particule
                            ban<lb/>norum</hi></note></head>
                <p><lb/> idem reddit computum <list>
                        <item> de IIII libris viennensium receptis de quodam homine de
                                <foreign>Mugnyeneins</foreign> ex eo quod furatus fuerat quamdam
                            peciam ferri </item>
                        <item><lb/>de LX solidis receptis de Perreto de <foreign>Ravynes</foreign>
                            ex eo quod filius eius fecerat sanguinem cuidam alteri </item>
                        <item> de IIII libris receptis de fratre capellani<note type="césure"><hi
                                    rend="italics">capella<lb/>ni</hi></note><lb/> de Bysiaco ex eo
                            quod male ceperat quendam<note> On écrit ici <hi rend="italics"
                                    >quendam</hi> et là <hi rend="italics">quamdam</hi>.</note>
                            panem </item>
                        <item> de XX solidis receptis de Iohanne de <foreign>La Palu</foreign> ex eo
                            quod uxor eius celaverat quamdam<note type="césure"><hi rend="italics"
                                    >quam<lb/>dam</hi></note><lb/> guarlandam </item>
                        <item> de LX solidis receptis de Iohanne <foreign>Bayseneins</foreign> ex eo
                            quod filius eius fecerat sanguinem Martino <foreign>Tyri
                            Vuel</foreign></item>
                        <item> de C solidis receptis <lb/> de dicto <foreign>Guanterat</foreign>
                            quia furatus fuerat parum ordei </item>
                        <item> de XL solidis receptis de Martina de Sancto Paulo ex eo quod
                            receptaverat roterios<note type="césure"><hi rend="italics"
                                    >rote<lb/>rios</hi></note><lb/> dalphyni<note> Le <hi
                                    rend="italics">y</hi> paraît avoir été raturé en <hi
                                    rend="italics">i</hi>.</note></item>
                        <item> de XX solidis receptis de relicta dicti <foreign>Bon Amy</foreign> ex
                            eo quod receptaverat malefactores domini comitis </item>
                        <item> de LX solidis receptis de <lb/> Andrea de <foreign>Marcel</foreign>
                            ex eo quod receptaverat malefactores domini comitis </item>
                        <item><del rend="overstrike">de XX libris receptis de Stephano <del
                                    rend="overstrike"><foreign>Lo</foreign> et
                                    Iohanne</del><foreign>Lo Vyto</foreign> et Iohanne
                                    <lb/><foreign>Bachelar</foreign> pro eodem</del></item>
                        <item> de IIII libris receptis de <foreign>La Myeta de Felycia</foreign> et
                            ex eius liberis quia receptabat predictos roterios </item>
                        <item> de XX solidis receptis <lb/><foreign>del Bret de Lordes</foreign>
                            quia accusabatur male cepisse unum cutrum ultra voluntatem illius cuius
                            erat </item>
                        <item> de C solidis receptis de filio <lb/> Petri <foreign>Bel Ami</foreign>
                            ex eo quod non solverat leydam cuiusdam eque quam vendiderat </item>
                        <item> de VI solidis VIII denariis receptis in una asinata avene de filio
                                <lb/><foreign>al Bacheler de Bueneyns</foreign> quia
                                verberaverat<note> On a, semble-t-il, écrit <hi rend="italics"
                                    >verberatierat</hi>.</note> filium Petri de <foreign>La
                                Betola</foreign></item>
                        <item> de IIII libris XVIII solidis receptis de Perraudo
                                <foreign>Morant</foreign><lb/> ex eo quod non solverat leydam unius
                            locelli quem emerat </item>
                        <item> de XX solidis receptis de clamis hoc anno </item>
                        <item><lb/>summa : XLII libre IIII solidi VIII denarii viennensium</item>
                    </list></p>
                <p><list>
                        <item><lb/>redditus qui debetur pro rebus quas Moreta uxor quondam <del
                                rend="overstrike">Petri</del> Guillermi de <foreign>La
                                Foillia</foreign> tenebat a domino comite in feudum, que <lb/>
                            reducta sunt ad manum domini ex eo quod inde non fuit factum homagium
                            domino comiti <list>
                                <item><lb/> liberi Iohannis <foreign>al Guichard</foreign> debent de
                                    redditu : XX solidos viennensium</item>
                                <item><lb/> Bertetus <foreign>Cuars</foreign> : VI denarios</item>
                                <item><lb/> Merlinus : XII denarios</item>
                                <item><lb/> Peronetus Panatris : II solidos II denarios</item>
                                <item><lb/> Martinus de Laya : VIII solidos</item>
                                <item><lb/> Guiotus : V solidos VIII denarios</item>
                                <item><lb/> Peronetus <foreign>Guioz</foreign> : XVI denarios </item>
                                <item> summa : XXX VIII solidi VIII denarii<note> Ce total figure à
                                        droite des lignes précédentes, auxquelles le relie une
                                        accolade.</note></item>
                            </list></item>
                        <item><lb/>redditus feudi Alasie de Sura quod <del rend="overstrike"
                                >redd</del> redactum est ad manum domini <lb/> ex eo quod feudum non
                            fuit factum domino <list>
                                <item><lb/> liberi <foreign>del Chaley</foreign> : II solidos VI
                                    denarios redditus</item>
                                <item><lb/> Poncius <foreign>del Verney</foreign> : XVII
                                    denarios</item>
                                <item><lb/> Peroninus <foreign>del Verney</foreign> : III
                                    obolos</item>
                                <item><lb/> Laurentius <foreign>del Verney</foreign> : IIII solidos
                                    II denarios obolum</item>
                                <item><lb/> Guido <foreign>del Verney</foreign> : V solidos VI
                                    denarios</item>
                                <item><lb/> Iohannes <foreign>Caleindraz</foreign> : II solidos VI
                                    denarios</item>
                                <item><lb/> Andreas de Verneto : III obolos</item>
                                <item><lb/> Peroninus <foreign>d’Estres</foreign> : III denarios et
                                    taschiam</item>
                                <item><lb/> Bartholomeus de <foreign>Chalours</foreign> : IX
                                    denarios et taschiam</item>
                                <item><lb/> Laurentius de Molendino : II solidos et taschiam</item>
                                <item><lb/> Hugo <foreign>Sionz</foreign> et frater : IIII
                                    denarios</item>
                                <item><lb/>summa : XIX solidi VIII denarii obolus</item>
                            </list></item>
                        <item><lb/>Petrus de <foreign>La Venoiry</foreign> clericus tenet a Peronino
                                <foreign>d’Estres</foreign><lb/> duas pedas et tres partes alius
                            pede <del rend="overstrike">sitas</del> terre et prati <lb/> continentes
                            tres meiteriatas terre sitas in prato de <foreign>La Foillia</foreign>
                            ad VI solidos viennensium redditus quos dictus Petrus
                                <foreign>d’Estres</foreign> reddit domino et <lb/> assignat in
                            perpetuum si sibi placuerit pro illis sex solidis quos <lb/> dictus
                            Peroninus debet domino de redditu pro rebus emptis <lb/> a domino Petro
                            de <foreign>Rignieu</foreign> et Guillermo de <foreign>La
                                Foillia</foreign></item>
                        <item><lb/> Pelleparius de <foreign>Yllia</foreign> : I meiterium avene de
                            garda</item>
                        <item><lb/>isti debent guardam cere : <del rend="overstrike">Bar</del><list>
                                <item><lb/> Bartholomeus <foreign>Vyneuz</foreign> : I libram
                                    cere</item>
                                <item><lb/> Stephanus frater <del rend="overstrike">Iohannis</del>
                                    uxoris Iohannis <foreign>Baseneyns</foreign> : I libram</item>
                                <item><lb/> Iohannes Mugnerii : I libram</item>
                                <item><lb/> Gaufredus de <unclear>Campis</unclear> : I libram</item>
                                <item><lb/> Stephanus <foreign>Amicz</foreign> : I libram</item>
                                <item><lb/> Humbertus de <foreign>Felycia</foreign> : I
                                    libram</item>
                                <item><lb/> Petrus <foreign>Belyns</foreign><add
                                        place="interlinear ">de <foreign>Glareyns</foreign> exivit
                                        gardam</add> : I libram</item>
                                <item><lb/> Iohannes <foreign>Mugners</foreign> de
                                        <foreign>Poleins</foreign> : I libram</item>
                                <item><lb/> Aymonetus <foreign>Charboners</foreign> de
                                        <foreign>Condeyssia</foreign> : I libram</item>
                                <item><lb/><del rend="overstrike"> Stephanus</del></item>
                                <item><lb/> Martinus <foreign>del Bos</foreign> de Novilla et frater
                                    eius : I libram</item>
                                <item><lb/> Alardus de <foreign>Lordes</foreign> : I libram</item>
                                <item><lb/><add place="leftMargin ">liberi</add> Bartholomeus<note>
                                        Après l’ajout, on s’est efforcé sans succès de raturer la
                                        terminaison de ce nom pour le transformer en <hi
                                            rend="italics">Bartholomei</hi> : le <hi rend="italics"
                                            >s</hi> est pâle, mais le <hi rend="italics">u</hi>
                                        reste bien visible. </note> Rondet de Sancto Cyrico : I
                                    libram</item>
                                <item><lb/> dicta <foreign>Li Baseta</foreign> : I libram</item>
                                <item><lb/> filius Gaufredi Bergerii de Novilla : I libram</item>
                                <item><lb/> dictus <foreign>Alybranz Li Chapelers</foreign> : I
                                    libram</item>
                                <item><lb/> Stephanus Molus : I libram</item>
                                <item><lb/> Iohannes Borserii : I libram <add resp="autreMain "
                                        place="interlinear ">futuro anno non debet solvere quia emit
                                        domum in villa Chasteillionis</add></item>
                                <item><lb/> Phelibertus Ferrati : I libram</item>
                                <item><lb/> Nicholaus <foreign>Li Bergers</foreign> : I
                                    libram</item>
                                <item><lb/> Iohannes Monachus de Sancto Stephano de Chalarona : I
                                    libram</item>
                                <item><lb/> Iohannes <foreign>Feranz</foreign> : I libram</item>
                                <item><lb/> Perraudus <foreign>Loponas</foreign> : I libram <add
                                        resp="autreMain " place=" enfOfLine ">exivit gardam et
                                        moratur apud Matisconum<note> On attendrait <hi
                                                rend="italics">Matisconem</hi>.</note></add></item>
                                <item><lb/> Guillermeta <foreign>Ly Divina</foreign> de
                                        <foreign>Sulugnya</foreign> : I libram <add
                                        resp="autreMain " place=" enfOfLine ">maritata est apud
                                            <foreign>Francheleins</foreign> et <del
                                            rend="overstrike">re</del> exivit gardam</add></item>
                                <item><lb/> Bartholomeus <foreign>Ly Benna</foreign> de
                                        <foreign>Condeyssia</foreign> : I libram</item>
                                <item><lb/> Iohannes et Stephanus <foreign>Compaignyons</foreign>
                                    fratres : I libram</item>
                                <item><lb/> Guillermus dictus <foreign>Masconez</foreign> : I
                                    libram</item>
                                <item><lb/> Andreas <foreign>Lardenz</foreign> : I libram</item>
                                <item><lb/> Iohannes de <foreign>Condamynes</foreign> : I
                                    libram</item>
                                <item><lb/> Guillermus <foreign>Chyvreuz</foreign> : I libram</item>
                                <item><lb/> Iohannes filius Bernardi Prepositi de
                                        <foreign>Vaneyns</foreign> : I libram</item>
                                <item><lb/> Poncius <foreign>Rebout</foreign> : I libram</item>
                                <item><lb/><unclear>Su[er]dus</unclear> de <foreign>La
                                        Vaurs</foreign> : I libram</item>
                                <item><lb/> Martynus <foreign>Chapelans</foreign> : I libram <add
                                        resp="autreMain " place=" enfOfLines ">amotus est de comanda
                                        ad requisitionem suam factam dominica ante festum beati
                                        Iohannis anno octogesimo IX<hi rend="sup"
                                    >o</hi></add></item>
                                <item><lb/><del rend="grattage">Martinus frater curati de
                                            <foreign>Breneyns</foreign></del></item>
                                <item><lb/> Stephanus Giroudi : I libram</item>
                                <item><lb/> Achardus de Fossis : II solidos viennensium pro
                                        garda<note> La liste des gardes perçues en numéraire
                                        constitue une colonne écrite dans la moitié droite du
                                        parchemin, face aux gardes de cire, dont la nomenclature est
                                        beaucoup plus longue.</note></item>
                                <item><lb/> Stephanus de Nossinis : III solidos</item>
                                <item><lb/> Stephanus <foreign>Pavyoz</foreign> : III solidos</item>
                                <item><lb/> Stephanus <foreign>Vanenz</foreign> de Novilla : <del
                                        rend="overstrike">VIII</del> XVIII denarios</item>
                                <item><lb/> Pennetus <foreign>Li Bergers</foreign> : II
                                    solidos</item>
                                <item><lb/> Bernardus <foreign>Bergers</foreign> et eius frater : II
                                    solidos</item>
                                <item><lb/> Pacallus <foreign>Blanchars</foreign> de
                                        <foreign>Bayont</foreign> : II solidos</item>
                                <item><lb/> Iohannes <foreign>Ly Finanz</foreign> : XII
                                    denarios</item>
                                <item><lb/><foreign>Michelez Li</foreign><del rend="overstrike"
                                            ><foreign>Tiss</foreign></del><foreign>Tisseranz</foreign>
                                    de <foreign>Condeissia</foreign> : II solidos viennensium pro
                                    garda</item>
                            </list></item>
                    </list></p>
            </div>
            <milestone n="29" unit="vue"/>
            <pb n="7v"/>
            <div>
                <p><list>
                        <item><lb/>in stipendiis domini Lurdini <foreign>dou Says</foreign> et filii
                            sui sabbato et dominica post carniprivium vetus anno octogesimo sexto
                            quibus fuerunt apud <lb/> Castellionem cum armis quia timebatur de
                            dalphino : XX solidos </item>
                        <item> item in expensis decem octo clientum quos dictus dominus Lurdynus
                            habuit secum ibidem <lb/> dictis diebus, et Guichardi Moyrondi se sexto
                            de clientibus, et octo aliorum clientum quos misit dominus Jocerandus de
                                <foreign>Francheleyns</foreign>, <lb/> et septem aliorum clientum
                            quos misit Jaquetus et Perraudus <foreign>Chabues</foreign>, et quinque
                            clientum quos misit dominus Philipus<note> Lire <hi rend="italics"
                                    >Philippus</hi>.</note> de Laya, et <lb/> Brunardi<note
                                type="césure"><hi rend="italics">bru<lb/>nardi</hi></note> se tertio
                            de clientibus morantium apud Castellionem dictis duobus diebus : IIII
                            libras XX denarios viennensium </item>
                        <item> item in expensis domini Stephani de <foreign>Bulyeu</foreign><lb/> et
                            filii sui et Francisci de <foreign>Broces</foreign> et sex clientum
                            morantium ibidem cum armis per dictos dies : XXX solidos VI denarios </item>
                        <item> item in stipendiis Hugonis<note type="césure"><hi rend="italics"
                                    >hugo<lb/>nis</hi></note><lb/> de <foreign>La
                                Chassaygni</foreign> morantis tunc ibidem per tres dies et expensis
                            filii <foreign>Challyourat</foreign> se tertio de clientibus : XVI
                            solidos X denarios </item>
                        <item> item in stipendiis <lb/> Aymonis de Palude Pelosi et Iohannis
                                <foreign>dou Says</foreign>, Guigonis de <foreign>Poleyns</foreign>
                            euntium cum castellano ad comburandum domos de dictis
                                <foreign>Les</foreign><lb/><foreign>Fontanelles</foreign> : XXX
                            solidos </item>
                        <item> item in expensis castellani, se quinto cum armis, pro sex diebus
                            quibus fuit apud Gebennam cum domino cum armis, tam ibidem <lb/> morando
                            quam redeundo ad terram Baugiaci, de quibus non fuerat solutus : VII
                            libras X solidos </item>
                        <item> item in stipendiis domini Lurdini <foreign>dou Says</foreign>, pro
                            <lb/> se et quatuor clientibus suis, et dicti Nepotis de Lordis, se
                            quarto de clientibus </item>
                        <item> item et domini Stephani<note> On avait d’abord écrit <hi
                                    rend="italics">domino Stephano</hi>, qui est raturé.</note> de
                                <foreign>Bullyeu</foreign> et filii sui et octo clientum <lb/>
                            suorum morantium cum armis apud Castellionem die iovis et die veneris et
                            sabbati ante ramos palmarum, quia timebatur de dalphino : LX solidos </item>
                        <item><lb/>item in expensis domini Stephani de <foreign>Bullyeu</foreign> et
                            quatuor clientum cum ipso, et sex clientum quos misit Jaquetus
                                <foreign>Chabues</foreign>, et septem aliorum clientum <lb/> quos
                            misit dominus Jocerandus de <foreign>La Bastya</foreign>, et Stephani de
                            Rispa, se secundo, et Pelousi <foreign>dou Says</foreign>, Hugonis de
                                <foreign>La Chassagni</foreign>, Francisci de
                                <lb/><foreign>Broces</foreign> et Hugonis de Riorterio, morantium
                            apud Castellionem cum armis die mercurii et iovis post pascha quia
                            timebatur <lb/> de dalpino<note> Lire <hi rend="italics"
                                >dalphino</hi>.</note> qui erat apud <foreign>Varey</foreign> cum
                            magna quantitate gentium cum armis : LVII solidos VIII denarios </item>
                        <item> item expensis Iohannis de <foreign>Vernuez</foreign> et <lb/>
                            sociorum adducentium ad castellanum duos roterios dalphini quos ceperant
                            et quorum unus fuit suspensus : IIII solidos </item>
                        <item><lb/>summa : XXII libre X solidi VIII denarii viennensium</item>
                    </list></p>
            </div>
            <milestone n="30" unit="vue"/>
            <pb n="8v"/>
            <div xml:id="garde_et_recognitiones">
                <head><lb/>garde et recognitiones<note> Elles sont disposées sur deux colonnes et
                        chacune est précédée d’un signe de récolement.</note></head>
                <p><list>
                        <item><lb/> Micheletus <foreign>Li Tisseranz</foreign> de
                                <foreign>Condeissia</foreign> debet de garda per annum : II solidos
                            viennensium</item>
                        <item><lb/> uxor quondam Stephani <foreign>Vaynel</foreign> de Novilla :
                            XVIII denarios</item>
                        <item><lb/> liberi Achardi de Fossis : II solidos</item>
                        <item><lb/> Iohannetus <foreign>Li Finan</foreign> : XII denarios</item>
                        <item><lb/><foreign>Penez Li Bergers</foreign> : II solidos</item>
                        <item><lb/> Iohannes mercerius de Novilla : II solidos</item>
                        <item><lb/> Stephanus de <foreign>Nossons</foreign> : III solidos</item>
                        <item><lb/> Bernardus Bergerii : II solidos</item>
                        <item><lb/> Boninus <unclear>de <foreign>Nama[n]</foreign></unclear> : XVIII
                            denarios</item>
                        <item><lb/> liberi <foreign>Paviot</foreign> : III solidos</item>
                        <item><lb/> Pascalis <foreign>Blanchars</foreign> : II solidos</item>
                        <item><lb/> faber de <foreign>Sandrens</foreign> : II solidos</item>
                        <item><lb/> Iohannes Escoferii de
                                <unclear><foreign>Nama[n]</foreign></unclear>, de recognitione
                            homagii de novo recepto : II solidos VI denarios</item>
                        <item><lb/> Guionetus de Sancto Germano, clericus, de recognitione : II
                            solidos</item>
                        <item><lb/> Iohannes, filius uxoris Iohannis de Rota, de recognitione : II
                            solidos VI denarios</item>
                        <item><lb/> Iohannes, boverius de <foreign>Condeissia</foreign> : III
                            solidos</item>
                        <item><lb/> Stephanus, filius Hugonis <foreign>Burgat</foreign> : II
                            solidos</item>
                        <item><lb/> summa : XXXVI solidi viennensium</item>
                    </list></p>
            </div>
            <div xml:id="laudes_vende">
                <head>laudes vende</head>
                <p><list>
                        <item><lb/>idem reddit computum de IIII solidis II denariis viennensium
                            receptis de Iohanne <foreign>Trebant</foreign> pro laudibus nemoris
                            empti a Peroneto de <foreign>La Venoyri</foreign> pretio viginti quinque
                            solidorum </item>
                        <item><lb/>de XX denariis receptis de Martino de <foreign>Blavens</foreign>
                            pro laudibus medietatis domus empte de Laurencia de
                                <foreign>Blavens</foreign> pretio decem solidorum </item>
                        <item> de XV solidis receptis de Peroneto <lb/> et Aymoneto
                                <foreign>Czotier</foreign> pro laudibus medietatis domus empte a
                            donno Berardo capellano de <foreign>Ronzuel</foreign> pretio quatuor
                            librarum decem solidorum </item>
                        <item> de XIII solidis IIII denariis <lb/> receptis de Iohanne Thibaudi de
                                <del rend="overstrike">laudibus</del> medietate <add
                                place="interlinear">laudum</add> domus empte ad rehemptionem de
                            Steveneris pretio octo librarum </item>
                        <item> de VIII solidis IIII denariis receptis <lb/> de Guichardo
                                <foreign>Colin</foreign> pro laudibus pecie terre empte de Aymoneto
                            filio Pelliparii pretio quinquaginta solidorum </item>
                        <item> de XX solidis receptis de Iohanne de Sancto <lb/> Germano pro
                            laudibus domus empte de Hugone Escoferii pretio sex librarum </item>
                        <item> de XX solidis receptis de Peroneto de Puteo pro laudibus domus empte
                            <lb/> de Odoneto <foreign>Lo Borrater</foreign> pretio sex librarum </item>
                        <item> de XIII solidis IIII denariis receptis de Iohanne de <foreign>La
                                Baczola</foreign> pro laudibus domus empte de Philiberto pellipario
                            <lb/> pretio quatuor librarum </item>
                        <item> de X solidis receptis de relicta Garini de <foreign>Vereres</foreign>
                            pro laudibus medietatis domus empte de Hudrico de Viriseto pretio
                            sexaginta solidorum </item>
                        <item><lb/>de X solidis VIII denariis receptis de Stephano de
                                <foreign>Chassaigny</foreign> pro laudibus domus empte de Poncio de
                            Grangiis pretio sexaginta quinque solidorum </item>
                        <item><lb/>de VIII solidis IIII denariis receptis de Arnaudo de
                                <foreign>Chaney</foreign> pro laudibus medietatis domus empte a
                            relicta Ogerii Mugnerii pretio quinquaginta solidorum </item>
                        <item> de V solidis receptis de Iohanne Armandi pro laudibus medietatis
                            domus empte de Peroneto <foreign>Chantaney</foreign> pretio triginta
                            solidorum </item>
                        <item> de VIII solidis IIII denariis receptis de Iohanne <lb/> Fabri de
                                <foreign>Sivriou</foreign> pro laudibus medietatis domus empte de
                            domino Stephano <foreign>Faydiz</foreign> capellano pretio quinquaginta
                            solidorum </item>
                        <item> de XXI solidis VIII denariis receptis de Laurentio <lb/> de Condamina
                            pro laudibus medietatis domus empte a Rupho de Bosco pretio sex librarum </item>
                        <item> de VI solidis VI denariis receptis de Guillermo Moyrondi pro laudibus
                            medietatis <lb/> domus empte a Jaqueto de Chapela pretio quadraginta
                            quinque solidorum </item>
                        <item> de quatuor libris receptis de Perrino de <foreign>La
                                Villarderi</foreign> et Stephano <foreign>Morel</foreign> pro
                            laudibus domus empte a relicta Maschardi pretio quatuor librarum<note>
                                Il semble anormal que le montant des lods soit ici égal au prix
                                d’achat de la maison.</note></item>
                        <item> de X solidis receptis de Stephano Prepositi de
                                <foreign>Sivriou</foreign> pro laudibus medietatis domus empte de
                            <lb/> domino Stephano <foreign>Faydiz</foreign> pretio sexaginta
                            solidorum </item>
                        <item> de IIII solidis receptis de filio Hugonis <foreign>Bignet</foreign>
                            pro laudibus medietatis domus empte de Andrea de
                                <foreign>Perrons</foreign><lb/> pretio viginti quatuor solidorum </item>
                        <item> de V solidis receptis de Perrino de <foreign>Montarin</foreign> pro
                            laudibus medietatis domus empte a relicta Ogerii Mugnerii pretio XXX<hi
                                rend="sup">a</hi> solidorum </item>
                        <item><lb/>de XVI solidis VIII denariis receptis de Guillermo de
                                <foreign>Basinens</foreign> et Guichardeto
                                <foreign>Moyront</foreign> pro laudibus domus empte de Iohanne
                            Thibaudi pretio centum solidorum </item>
                        <item><lb/>de X solidis receptis de Guigone <foreign>Barbel</foreign> pro
                            laudibus medietatis domus empte de Poncio de Grangiis pretio sexaginta
                            solidorum </item>
                        <item> de XIII solidis IIII denariis receptis de Iohanne Salvagii <lb/> pro
                            laudibus domus empte de Peneto macellario pretio quatuor librarum </item>
                        <item> de X solidis X denariis receptis de Peronino filio Bachelerii pro
                            laudibus domus empte de Perraudo <lb/> de <foreign>Gormo</foreign>
                            pretio sexaginta quinque solidorum </item>
                        <item> de XX solidis receptis de relicta Maschardi pro laudibus domus quam
                            vendiderat et post eam sibi retinuit </item>
                        <item><lb/>de XX solidis receptis de liberis <foreign>del Curtilet</foreign>
                            pro laudibus medietatis domus empte de <foreign>Chuflet</foreign> pretio
                            sex librarum </item>
                        <item> de V solidis X denariis receptis de Hugoneto de Villarderia <lb/> pro
                            laudibus medietatis domus empte de Charlleto<note> Lire <hi
                                    rend="italics">Charleto</hi>.</note> de
                                <foreign>Buennens</foreign> pretio triginta quinque solidorum </item>
                        <item> summa : XVIII libre II solidi II denarii viennensium</item>
                    </list></p>
            </div>
            <div xml:id="banna">
                <head>banna</head>
                <p><lb/> idem reddit computum <list>
                        <item> de XXX solidis viennensium receptis de Martino
                                <foreign>Kaleindrat</foreign> pro banno quod filius eius ceperat
                            minus bene unam mittanam </item>
                        <item> de XX solidis receptis de <lb/> tegulario de <foreign>La
                                Chassaigny</foreign> pro banno adulterii </item>
                        <item> de LX solidis receptis de Hugone baillo de Ansa <add
                                place="interlinear">pro eo</add> quod <del rend="overstrike"
                                >de</del> recesserat leyda debita non soluta </item>
                        <item> de X solidis <lb/> receptis de Lorino pro eo quod furtive ceperat
                            canem Iohanneti de <foreign>Monteuz</foreign></item>
                        <item> de XXX solidis receptis de Iohanne <unclear>de
                                    <foreign>De[ser]vens</foreign></unclear> pro eo quod non
                            solverat debita <lb/> coponagia<note type="césure"><hi rend="italics"
                                    >copo<lb/>nagia</hi></note></item>
                        <item> de XL solidis receptis de quodam homine pro eo quod cepit in itinere
                            unam tibiam porci et celavit </item>
                        <item> de C IIII solidis receptis de priore de Novilla pro eo <lb/> quod
                            familiares sui verberaverunt Martinum <foreign>Tirinel</foreign> et
                            Bernardum <foreign>Thibaut</foreign> frangendo alteri eorum
                                branchium<note> Lire <hi rend="italics">brachium</hi>.</note>,
                            deductis septuaginta solidis quos habuit <lb/> idem Martinus pro emenda
                            et decem solidis quos habuit idem Bernardus et triginta sex solidis quos
                            habuit barbitonsor pro cura brachii dicti Martini </item>
                        <item><lb/>de XL solidis receptis de Guillermo de Varnagnis pro eo quod ipse
                            Henricum de Villeta vulneraverat de furca ferrea et pro eo quod debita
                            <lb/> copunagia<note type="césure"><hi rend="italics"
                                    >copu<lb/>nagia</hi></note> non solverat </item>
                        <item> de IIII libris XIIII solidis receptis de Perrino
                                <foreign>Poyal</foreign> pro eo quod ipse dixit que Petrus de
                                <foreign>La Venoyri</foreign> quamdam litteram <lb/> falsam fecerat </item>
                        <item> de IIII libris receptis de Iohanne Chalvini pro eo quod ipse fuit
                            deprehensus in adulterio cum quadam muliere </item>
                        <item> de XX solidis <lb/> receptis de filio Guillermi de Rippis pro eo quod
                            ipse in cuidam mulieri sanguinem fecerat </item>
                        <item> de XL solidis receptis ab eodem filio pro <lb/> eo quod ipse ceperat
                            in ovili Martini de Laya quamdam quantitatem mutonum ultra voluntatem
                            dicti Martini </item>
                        <item> de XX solidis receptis <lb/> de Charleto de
                                <foreign>Buenens</foreign> pro eo quod ipse iter publicum
                            delateraverat </item>
                        <item> de X solidis receptis ab eodem pro eo quod ipse quamdam postem
                            furtive <lb/> ceperat in quadam eschifa </item>
                        <item> de XXX solidis receptis de fratre Iohanneti de Montem pro eo quod
                            ipse percusserat de pede filium Iohannis Thibaudi </item>
                        <item><lb/>de X solidis receptis de Nicholao clerico po eo quod ipse
                            percusserat Bernardum <foreign>Raschet</foreign> de pugno ad effusionem
                            sanguinis </item>
                        <item><lb/>de X solidis receptis de Perreto Fabri pro eo quod ipse abstulit
                            violenter Martino <foreign>Tirinel</foreign>, familiari castellani,
                            quemdam equum <lb/> quem ipse ducebat </item>
                        <item> de XXXV [solidis] receptis a quodam mercatore pro eo quod ipse non
                            solverat pedagium consuetum </item>
                        <item><lb/>summa : XXXV libre VIII solidi, in quibus <lb/> castellanus
                            percipit duos solidos in libra, et remanent domino : XXXI libre XVII
                            solidi</item>
                    </list></p>
            </div>
            <milestone n="31" unit="vue"/>
            <pb n="8v"/>
            <div>
                <p><lb/>summa totius recepte : CC IIII<hi rend="sup">XX </hi>X libre V solidi IIII
                    denarii obolus viennensium<note> Cette ligne a été écrite en sens inverse, le
                        haut vers le bas du parchemin.</note></p>
            </div>
            <milestone n="31" unit="vue"/>
            <pb n="9v"/>
            <div>
                <head><lb/> hec sunt ea que non possuit recuperari de redditibus Castellionis
                    :</head>
                <p><list>
                        <item><lb/>Martinus de Laya debebat pro una peda sita subtus castrum : II
                            solidos — dereliquit pedam quare non recuperantur </item>
                        <item><lb/>heredes Ogerii <foreign>Peleter</foreign> de redditu pro quadam
                            pecia terre : IIII solidos — non recuperantur quia traditi fuerunt, ut
                            dicunt, hospitali de <foreign>Coceu</foreign> de tempore comitis
                            Philippi <lb/> in reconpensationem<note> Lire <hi rend="italics"
                                    >recompensationem</hi>.</note> quatuor solidorum quos habebat de
                            redditu in villa nova Castellionis — super quo veritas inquiratur </item>
                        <item><lb/>torculator de Sancto Andrea : II solidos pro peda sua que sita
                            erat subtus castrum — guerpivit pedam </item>
                        <item><lb/>Hugo de Cruce debebat pro domo sua : XVII denarios obolum —
                            guerpivit domum, et fusta et tegula capta sunt et posita in domo furni
                            cooperianda </item>
                        <item><lb/>Jordanus <foreign>Magnin</foreign> debebat XVIII denarios pro
                            peda sua quam occupaverunt fossata ville, et sic nichil solvit </item>
                        <item><lb/>liberi Petri <foreign>Corda</foreign> debebant II solidos pro una
                            peda quam occupaverunt fossata, et sic nichil solvit </item>
                        <item><lb/><damage extent="2 mots ">… <foreign>Maczoner</foreign></damage> :
                            VIII denarios pro quadam peda partem cuius occupavit fossatum ville, et
                            residuum sibi dimissum est ad ipsius <damage extent="1 mot "
                                >[…]</damage></item>
                        <item><lb/>Iohannes <foreign>Manandot</foreign> et Iohannes Vinolli : II
                            solidos VI denarios pro una peda sita versus <foreign>eschisan del
                                Caro</foreign> — vacua est — albergetur per castellanum </item>
                        <item><lb/><unclear>Alb[ius] de <foreign>[Bar]barel</foreign></unclear> : II
                            solidos VI denarios pro una peda sitam<note> On attendrait <hi
                                    rend="italics">sita</hi>.</note> versus <foreign>Lo
                                Caro</foreign> quam dimiserunt — albergetur per castelllanum </item>
                        <item><lb/>Bernardus <foreign>del Gor</foreign> : V denarios pro dimidia
                            peda quam dimisit </item>
                        <item><lb/>item Martinus de Laya pro una peda : II solidos </item>
                        <item> summa : XXI solidi VI denarii obolus viennensium </item>
                        <item><lb/>item sibi ipsi pro remanentia computi sui : LXVI libre XVI
                            denarii <lb/> item pro salario : XL libre </item>
                        <item><lb/>summa expense et librate : IIII<hi rend="sup">C</hi> IIII<hi
                                rend="sup">XX</hi> IIII librate X<damage>[…]</damage> obolus<note>
                                Cette ligne et la suivante ont été écrites à l’envers. De plus, il
                                semble que le chevauchement des peaux lors de la couture ait caché
                                une ou plusieurs lignes précédentes.</note></item>
                        <item><lb/>et sic debetur eidem : IX<hi rend="sup">XX</hi> XIIII libre VIII
                            solidi X denarii <lb/> computi Chasteillionis<note> Ce titre est écrit à
                                l’envers et en gros caractères.</note><foreign> [vue 31 = peau 10
                                dorso]</foreign></item>
                        <item><lb/>pro <unclear>[nunciis]</unclear> : XXVII solidos X denarios<note>
                                La ligne est en partie cachée par la couture.</note></item>
                        <item><lb/>pro VII vachis et IIII<hi rend="sup">XX</hi> mutonibus
                            recolligendis <lb/> et ducendis apud Burgum : XIII solidos obolum </item>
                        <item><lb/>debent deduci de redditibus VIII solidi X denarii
                                viennensium<note> Cette phrase a été écrite à l’envers dans la
                                moitié droite du parchemin.</note></item>
                        <item><lb/>isti debent guardam cere : <list>
                                <item><lb/> Iohanneta relicta Rondeti de Sancto Cirico : I libram
                                    cere</item>
                                <item><lb/> Alardetus de <foreign>Lordes</foreign> : I libram</item>
                                <item><lb/> liberi a <foreign>La Nicoleta</foreign> : I
                                    libram</item>
                                <item><lb/> Guillermetus <foreign>Masconez</foreign> : I
                                    libram</item>
                                <item><lb/> Peronetus <foreign>Poners</foreign> : I libram</item>
                                <item><lb/> Stephanus de Campis : I libram</item>
                                <item><lb/> Humbertus de <foreign>Felicia</foreign> : I
                                    libram</item>
                                <item><lb/> Iohannes, mugnerius de Sancto Stephano : I libram</item>
                                <item><lb/> Iohanninus de <foreign>Vilasoler</foreign> : I
                                    libram</item>
                                <item><lb/> Martinus de Bosco : I libram</item>
                                <item><lb/> Thomas <foreign>Buaters</foreign> de
                                        <foreign>Channens</foreign> : I libram</item>
                                <item><lb/> Iohannes <foreign>Compaignons</foreign> et frater eius :
                                    I libram<note> Cette ligne est liée à la précédente par une
                                        accolade.</note></item>
                                <item><lb/> Stephanus <foreign>Vivonz</foreign><del
                                        rend="overstrike">frater</del> : I libram</item>
                                <item><lb/> Guido <foreign>Vivonz<note> Cette ligne est liée à la
                                            précédente par deux accolades.</note></foreign></item>
                                <item><lb/> Stephanus Gipondi : I libram</item>
                                <item><lb/> Jocerandus munerius : I libram</item>
                                <item><lb/> Stephanus <foreign>Basinens</foreign> : I libram</item>
                                <item><lb/> Hugo Forestius : I libram</item>
                                <item><lb/> Stephanus de <foreign>Condamines</foreign> : I
                                    libram</item>
                                <item><lb/> Petrus, munerius de molendino novo : I libram</item>
                                <item><lb/> Alibranz, chapelerius : I libram</item>
                                <item><lb/> Aymo <foreign>Charboners</foreign> : I libram</item>
                                <item><lb/><foreign>Chivrouz</foreign> : I libram</item>
                                <item><lb/> Iohannes filius Bernardi <foreign>Prost</foreign> : I
                                    libram</item>
                                <item><lb/> Martinus<note> Ce nom a été souligné.</note> de
                                    Villanova : I libram</item>
                                <item><lb/> Petrus <foreign>li bergiers</foreign> : I libram</item>
                                <item><lb/> Poncius <foreign>Ribouz</foreign> : I libram</item>
                                <item><lb/> Bertholomeus de <foreign>La Davieri</foreign> : I
                                    libram</item>
                                <item><lb/> Nicolaus Bergerius : I libram</item>
                                <item><lb/> Poncius, Stephanus, Iohannes de Grangiis</item>
                                <item><lb/> et Stephanus de Monte <foreign>Noel</foreign> : II
                                    libras</item>
                                <item><lb/> Basseta : I libram</item>
                                <item><lb/> Guillermus <foreign>li buers de Gravens</foreign> : I
                                    libram</item>
                                <item><lb/> Bertholomeus <foreign>li benna</foreign> : I
                                    libram</item>
                                <item><lb/> Stephanus <foreign>Colungers</foreign> : I libram</item>
                                <item><lb/> Petrus <foreign>Colungers</foreign> et frater eius : I
                                    libram</item>
                                <item><lb/><foreign>Li Amieta de Felicia</foreign> : I libram</item>
                                <item><lb/> Iohannes <foreign>Feranz</foreign> : I libram</item>
                                <item><lb/> Guillerminus de <foreign>Boyssey</foreign> : I
                                    libram</item>
                            </list></item>
                        <item><lb/>istis tradite sunt pede apud Casteillionem per Petrum
                                <foreign>d’Estres</foreign> hoc anno : <list>
                                <item><lb/> Guichardo <foreign>Colin</foreign> prope turrim de Carro
                                    : I pedam ad II solidos VI denarios <del rend="overstrike"
                                        >redditus</del> pro teysis</item>
                                <item><lb/> Iohanni <foreign>Thiebaut</foreign> ibi prope : I pedam
                                    ad II solidos VI denarios <del rend="overstrike">redditus</del>
                                    pro teysis</item>
                                <item><lb/><foreign>Crignon</foreign> ibi prope : I pedam ad II
                                    solidos VI denarios pro teysis</item>
                                <item><lb/> Iohanni <foreign>Maczoner</foreign> ibi prope : I pedam
                                    ad II solidos VI denarios pro teysis</item>
                                <item><lb/> Martino de Laya : I pedam ad II solidos VI denarios pro
                                    teysis</item>
                                <item><lb/> Guillermeto de Vileta : I pedam ad II solidos VI
                                    denarios pro teysis</item>
                                <item><lb/> Guigoni <foreign>d’Espay</foreign> : I pedam ad II
                                    solidos VI denarios pro teysis</item>
                                <item><lb/><foreign>Esteveneres</foreign> : I pedam ad II solidos VI
                                    denarios pro teysis</item>
                                <item><lb/> Aymoni mercerio de Ponte : dimidiam pedam ad XV denarios
                                    pro teysis</item>
                                <item><lb/> Iohanni <foreign>Pariset</foreign> : dimidiam pedam ad
                                    XV denarios pro teisis<note> On attendrait <hi rend="italics"
                                            >teysis</hi>, comme partout ailleurs dans cette
                                        énumération.</note></item>
                                <item><lb/><foreign>Bertheler</foreign> : I pedam ad II solidos pro
                                    teysis</item>
                                <item><lb/> Iohanni de <foreign>Glenan</foreign> : I pedam ad II
                                    solidos VI denarios pro teysis</item>
                                <item><lb/> Martino de <foreign>Vila Soler</foreign> : I pedam ad II
                                    solidos VI denarios</item>
                            </list></item>
                        <item><lb/>memorandum quod per castellanum albergatum est Stephano
                                <foreign>Pinet</foreign> platea unius operatorii in intragio pontis
                            macelli a parte domus <lb/> Iohanneti <foreign>al Guichard</foreign> ad
                            III solidos redditus de quibus debet computare de cetero</item>
                    </list></p>
            </div>
            <milestone n="32" unit="vue"/>
            <pb n="10v"/>
            <div>
                <head><lb/> particule octo solidorum decem denariorum qui non potuerunt recuperari
                    ut infra in computo</head>
                <p><list>
                        <item><lb/>heredes Ogerii <foreign>Peleter</foreign> de redditu IIII
                            solidorum viennensium, qui non fuerunt recuperati ex eo quod <lb/>
                            traditi fuerunt, ut dicitur, hospitali de <foreign>Cociou</foreign>
                            tempore comitis Philipi<note> Lire <hi rend="italics"
                                >Philippi</hi>.</note>, in <lb/> recompensationem quatuor solidorum
                            quos habebat dictum hospitale in villa Castellionis — super quo veritas
                            inquiratur </item>
                        <item><lb/>item torculator pro peda sua subtus castrum quam guerpivit : II
                            solidos </item>
                        <item><lb/>item Jordanus <foreign>Maignins</foreign> pro peda sua quam
                            occupaverunt fossata ville : X<note> On avait d’abord écrit <hi
                                    rend="italics">XVIII</hi>.</note> denarios </item>
                        <item><lb/>item liberi Petri <foreign>Cordal</foreign> pro peda sua quam
                            occupaverunt fossata : II solidos</item>
                    </list></p>
            </div>
            <milestone n="32" unit="vue"/>
            <pb n="10v"/>
            <div>
                <p><lb/> cumputus<note> Lire <hi rend="italics">computus</hi>.</note> Petri
                        <foreign>d’Estres</foreign> castellani Castellionis</p>
            </div>
            <milestone n="33" unit="vue"/>
            <pb n="11v"/>
            <div>
                <p><list>
                        <item><lb/>item debetur eidem quas libravit post dictum computum, per
                            visionem factam die penthecostes anno nonagesimo <lb/> primo, quas
                            solvit Iacobo <foreign>Malabailli</foreign> pro debito domine comitisse,
                            per litteram eius datam die mercurii ante <lb/> ramos palmarum anno
                            nonagesimo : XX libras </item>
                        <item><lb/>item quas libravit magistro Petro phisico, per litteram domini
                            datam sabbato ante <foreign>letare ierusalem</foreign> eodem anno : X
                            libras </item>
                        <item><lb/>item quas libravit domino Andree de <foreign>Nantuaz</foreign>
                            pro expensis suis factis versus <foreign>Ambrognay</foreign> pro <lb/>
                            die dalphini, per litteram datam XV<hi rend="sup">o</hi> kalendas iunii
                            anno nonagesimo primo : LXV solidos </item>
                        <item><lb/>item in expensis domine apud Chasteillon die veneris ante mediam
                                quadragesimam<note> On a écrit <hi rend="italics">XLm<hi rend="sup "
                                        >am</hi></hi>.</note><hi rend="sup"/>: IIII libras II
                            solidos I denarium </item>
                        <item><lb/>item pro calce ad clausuras Chasteillionis, post computum : XXX
                            libras </item>
                        <item><lb/>item in expensis domini comitis apud Chasteillionem, per manum
                            Iohannis de <foreign>Mayrins</foreign>, per litteram domini <lb/> datam
                            die mercurii ante penthecosten anno nonagesimo : XXXIII solidos IX
                            denarios </item>
                        <item><lb/>item pro IIII hominibus cum armis quos duxit apud Baugiacum ad
                            baillivum die lune post quindenam paschatis, <lb/> de quo habet litteram
                            baillivi, ut dicit : X solidos </item>
                        <item><lb/>summa : LXIX libre X solidi X denarii viennensium </item>
                        <item><lb/>summa cum arreragio computi presentis : II<hi rend="sup">C</hi>
                                IIII<hi rend="sup">XX</hi> VII libre XVII solidi XI denarii
                            viennensium </item>
                        <item> de quibus <lb/> debent deduci quas debet recuperasse in festo beati
                            Iohannis baptiste proximo, de firmis et nundinis dicti <lb/> festi :
                            circa LIIII libre viennensium </item>
                        <item> et sic deberetur sibi : II<hi rend="sup">C</hi> XXXIII libras XVII
                            solidos XI denarios viennensium </item>
                        <item><lb/>et ipse debet : XXVIII asinatas avene et LX <unclear>XV</unclear>
                            libras cere </item>
                        <item> nec computatur aliquid de bannis <unclear>laudibus</unclear></item>
                    </list></p>
            </div>
            <milestone n="34" unit="vue"/>
            <pb n="12v"/>
            <div>
                <p><lb/> computus Petri <foreign>d’Estres</foreign> castellani Castellionis de
                    Challarona de anno nonagesimo </p>
            </div>
            <milestone n="35" unit="vue"/>
            <pb n="13v"/>
            <div xml:id="laudes_et_vende_2">
                <head>laudes et vende</head>
                <p><list>
                        <item><lb/>idem reddit computum de VII solidis VI denariis viennensium
                            receptis de Guichardo Colini pro medietate cuiusdam domus empte a
                            filiabus <lb/> Morelli Bolleti pretio quadraginta quinque solidorum
                            viennensium </item>
                        <item><lb/>idem reddit computum de XX denariis viennensium receptis a
                            Vincentio mercerio pro <lb/> medietate cuiusdam pede empte de Hugone de
                                <foreign>Broci</foreign> pretio decem solidorum viennensium </item>
                        <item> de XXI solidis VIII denariis receptis de fabro de <lb/>
                                Clemenciaco<note type="césure"><hi rend="italics"
                                    >cle<lb/>menciaco</hi></note> pro prato empto de Andrea
                                <foreign>Gela</foreign> pretio sex librarum decem solidorum
                            viennensium </item>
                        <item><lb/>de III solidis VIII denariis receptis <foreign>del
                            Gars</foreign><lb/> pro operatorio de super pontem empto de mercerio
                            pretio viginti duorum solidorum viennensium </item>
                        <item> de V solidis IIII denariis receptis de <foreign>Chichinont<note
                                    type="césure"><hi rend="italics"
                                >chichi<lb/>nont</hi></note></foreign><lb/> pro terra empta de
                            Iohanne de <foreign>La Baczola</foreign> pretio viginti sex solidorum
                            VIII denariorum viennensium et unius meyterii et duarum scuparum <lb/>
                            siliginis </item>
                        <item> de VII solidis II denariis viennensium receptis de <foreign>La
                                Morella</foreign> pro terra empta de <foreign>Breyart</foreign>
                            pretio quadraginta <lb/> trium solidorum viennensium </item>
                        <item> de V meyteriis siliginis receptis de Iohannino <foreign>delz
                                Says</foreign> pro domo empta de cellarerio Gravis Longe pretio
                            <lb/> septem asinatarum siliginis </item>
                        <item> de VI solidis VIII denariis receptis de Stephano
                                <foreign>Pigna</foreign> pro medietate domus empta a Guillermo
                            Fortis pretio <lb/> quadraginta solidorum viennensium </item>
                        <item> de VI solidis VIII denariis receptis de Iohanne de
                                <foreign>Valviveri</foreign> pro medietate domus empta de clerico
                            Maschardi <lb/> pretio quadraginta solidorum viennensium </item>
                        <item> de XX solidis receptis de Berthelerio pro domo empta de donno Durando
                            pretio sex librarum viennensium </item>
                        <item><lb/>de III solidis IIII denariis receptis de Iohanne Uldrici pro
                            medietate domus empta de filio <foreign>al Bacheler</foreign> pretio
                            viginti solidorum viennensium </item>
                        <item><lb/>idem reddit computum de XIII solidis IIII denariis receptis de
                            Estevenerio pro medietate laudum et vendarum domus reempte a relicta
                            Iohannis <lb/> Thibaudi pretio octo librarum viennensium </item>
                        <item> de XVI solidis VIII denariis receptis de mercerio pro domo empta de
                            priore Sancti Christofori pretio <lb/> centum solidorum viennensium </item>
                        <item> de VI solidis VIII denariis receptis de Peroneto
                                <foreign>Cocia</foreign> pro domo empta de Guigoneto de
                                <foreign>Perrons</foreign> pretio <lb/> quadraginta solidorum
                            viennensium </item>
                        <item> de II solidis receptis de Vincentio Mercerii pro domo empta de
                            Jaqueto de Chapola pretio <lb/> duodecim solidorum viennensium </item>
                        <item> de III solidis IIII denariis receptis ab eodem Vincentio pro domo
                            empta de Guillermeto Moyrondi pretio <lb/> viginti solidorum viennensium </item>
                        <item> de X solidis viennensium receptis de filio Hospitis pro medietate
                            domus empta de Bertheto <lb/><foreign>Couart</foreign> pretio sexaginta
                            solidorum viennensium </item>
                        <item> de XV solidis receptis de Bernerdo<note> Lire <hi rend="italics"
                                    >Bernardo</hi>.</note> de Bosco pro domo empta de Iohanne
                            Paschalis <lb/> pretio quatuor librarum quindecim solidorum viennensium </item>
                        <item> de XII denariis receptis de <foreign>Pinachon</foreign> pro terra
                            empta de Martino <foreign>Tiriluel</foreign><lb/> pretio sex solidorum
                            viennensium </item>
                        <item> de X solidis receptis de magistro de Champagnia et suis pareriis pro
                            domo empta de <lb/> Martino Trevanuchi pretio sexaginta solidorum
                            viennensium </item>
                        <item> de II solidis VIII denariis receptis de Hugoneto de
                                <foreign>Blanens</foreign><lb/> pro domo empta a Piquaterio pretio
                            sexdecim solidorum viennensium </item>
                        <item> de X solidis receptis de Borserio pro domo empta de Guigone <lb/>
                            Bardelli pretio sexaginta solidorum </item>
                        <item> de XIII solidis IIII denariis receptis de Iohanne Martini pro domo
                            empta de <foreign>Albiz</foreign> pretio quatuor librarum </item>
                        <item><lb/>de XVI solidis IIII denariis receptis de Bernardo
                                <foreign>Laronda</foreign> pro domo empta de Stephano Paschalis
                            pretio centum solidorum viennensium </item>
                        <item> de IIII solidis <lb/> VIII denariis receptis de
                                <foreign>Baczolart</foreign> pro domo empto<note> On attendrait <hi
                                    rend="italics">empta</hi>.</note> de Stephano <foreign>Lo
                                Buer</foreign> pretio viginti octo solidorum viennensium </item>
                        <item> de IIII solidis receptis de Stephano <lb/> de
                                <foreign>Clarzens</foreign> pro domo empta de Iohanne de
                                <foreign>Monteuz</foreign> pretio viginti quatuor solidorum
                            viennensium </item>
                        <item> de IX solidis II denariis receptis de <lb/> Chufleto pro terra empta
                            de uxore Stephani <foreign>Baysenens</foreign> pretio quinquaginta
                            quinque solidorum viennensium </item>
                        <item> de VII solidis VI denariis receptis de <lb/> Penneto macellario pro
                            domo empta de Maczonerio pretio quadraginta quinque solidorum </item>
                        <item> de VIII solidis receptis de Iohanne <lb/> Martini pro domo empta de
                            clerico Bartholomei Silvestri pretio quinque asinatarum avene, laudibus
                            et vendis avene computatis <lb/> in dictis octo solidis </item>
                        <item> de VII solidis VI denariis receptis de patre
                                <foreign>Chapiron</foreign> pro domo empta de Penneto macellario
                            <lb/> pretio quadraginta quinque solidorum viennensium </item>
                        <item> de XVI solidis VIII denariis receptis de Petro de <foreign>Les
                                Gerperes</foreign> pro medietate domus empta <lb/> de Iohanne de
                                <foreign>Lugoneri</foreign> pretio centum solidorum viennensium
                        </item>
                    </list></p>
            </div>
            <div xml:id="banna_et_clame">
                <head>banna et clame</head>
                <p><lb/> idem reddit computum <list>
                        <item> de XXX solidis receptis de fabro de <foreign>Vonna</foreign> quia
                            percusserat dictum <foreign>Belet</foreign> de quodam baculo </item>
                        <item> de <lb/> XL solidis receptis de Martino <foreign>del Chaley</foreign>
                            quia laceraverat sachiam Martini Capellani </item>
                        <item> de X libris receptis de Humberto <lb/> corsino<note type="césure"><hi
                                    rend="italics">cor<lb/>sino</hi></note> quia evaginaverat suum
                            scutellum contra Iohannem Paneterii et ipsum butaverat </item>
                        <item> de XXV solidis receptis de filio <foreign>Tirellart</foreign><lb/>
                            quia spoliaverat filium Hugonis de <foreign>La Puponeri</foreign>
                            quibusdam piscibus </item>
                        <item> de LX solidis receptis de relicta Iohannis Thibaudi quia <lb/>
                            proiecerat quemdam baculum contra Iohannem Paneterii et aliis causis </item>
                        <item> de X solidis receptis de Petro Capellani quia ipse fecerat quasdam
                            <lb/> feas<note> Pour <hi rend="italics">foveas</hi>.</note> in
                                itenere<note> Lire <hi rend="italics">itinere</hi>.</note></item>
                        <item> de C solidis receptis de filio Petiti de
                                <foreign>Cortrablin</foreign> quia percusserat quemdam alium in
                            itenere mercati <lb/> de quodam tribulo </item>
                        <item> de X solidis receptis de <foreign>Berens de Chanens</foreign> quia
                            ipse cepit equam alterius in foro Castellionis </item>
                        <item><lb/>de X solidis receptis de <foreign>Chichinont</foreign> quia ipse
                            emerat quasdam res et non solverat laudes et vendas infra tempus debitum </item>
                        <item><lb/>de X solidis receptis de quodam homine de Novilla quia ipse cepit
                            quamdam equam apud Castellionem </item>
                        <item> de C solidis receptis de Iohanne <lb/> Roselli, Iohanne
                                <foreign>Pigna</foreign>, Iohanne Panaterii, quia ipsi enses suos
                            evaginaverunt contra Humbertum Corsini et ipsum verberaverunt </item>
                        <item> de V solidis receptis de Andrea fabro quia ipse non venit ad suam
                            estrabliam, facta crida </item>
                        <item><lb/>de V solidis receptis de Guigone <foreign>d’Espay</foreign> pro
                            eodem </item>
                        <item> de V solidis receptis de Marinerio pro quadam plaintia </item>
                        <item><lb/>de III solidis receptis de Ogerio de <foreign>Moncostaz</foreign>
                            pro eodem </item>
                        <item> de VI solidis receptis de quodam homine quia nolebat solvere quamdam
                            <lb/> vaccam quam emerat </item>
                        <item> de VI solidis receptis de quodam homine <foreign>del
                                Boschons</foreign> pro plaintia </item>
                        <item> item de VI solidis receptis de <lb/> quodam alio homine pro eodem </item>
                        <item> de VI solidis receptis de Chufleto pro eodem </item>
                        <item> de XII solidis receptis in nundinibus Castellionis beati <lb/>
                            Iohannis baptiste pro eodem </item>
                        <item> de XX solidis receptis de Andrea fabro quia ipsi<note> On attendrait
                                    <hi rend="italics">ipse</hi>.</note> non fuit nec misit in
                            cavalcata domini comitis</item>
                    </list></p>
            </div>
            <milestone n="36" unit="vue"/>
            <pb n="15v"/>
            <div>
                <p><lb/> idem reddit computum <list>
                        <item> de XIIII denariis receptis de porterio de ponte pro dimidia peda
                            empta de Antonio de Brocio septem solidis </item>
                        <item> de <lb/> VI solidis VIII denariis receptis de Iohanne
                                <foreign>Pina</foreign> pro domo empta de
                                <unclear>[ca]pellano</unclear> de <foreign>Vonna</foreign> pretio
                            quadraginta solidorum </item>
                        <item> de II solidis VI denariis receptis de Guioneto<note type="césure"><hi
                                    rend="italics">guione<lb/>to</hi></note><lb/> de Vileta pro domo
                            empta de domino Iocerando de Balma pretio quindecim solidorum </item>
                        <item> de XX denariis receptis de Iohanne Paneterii pro parte <lb/> pede
                            empte de certo pretio decem solidorum </item>
                        <item> de IIII solidis II denariis receptis de Iohanne fornerio pro curtili
                            empto de picaterio pretio <lb/> viginti quinque solidorum </item>
                        <item> de V solidis receptis de Andrea et Peroneto Chanterelli pro domo
                            empta de <foreign>Eliot</foreign> iudeo pretio triginta solidorum </item>
                        <item><lb/>de III solidis IIII denariis receptis de Guillermeto <foreign>del
                                Charart</foreign> pro terra empta <foreign>del Cort</foreign> de
                                    <unclear><foreign>[Lar]dens</foreign></unclear> pretio viginti
                            solidorum </item>
                        <item> de IX solidis II denariis <lb/> receptis de Hugone Magni pro domo
                            empta de quodam pretio quinquaginta quinque solidorum </item>
                        <item> de V solidis X denariis receptis de Bernardo
                                <foreign>Larronda</foreign> pro domo <lb/> empta de Gerardo de Bosco
                            Petri pretio triginta quinque solidorum </item>
                        <item> de III solidis IIII denariis receptis de Iohanne de Grangiis pro
                            terra empta de Bergerio <lb/> de Siligniaco pretio viginti solidorum </item>
                        <item> de XV solidis receptis de Guillermo filio Benedicti pro domo empta de
                            Charrerio pretio <unclear>quatuor</unclear><lb/> librarum decem
                            solidorum </item>
                    </list></p>
            </div>
            <milestone n="37" unit="vue"/>
            <pb n="16v"/>
            <div>
                <p><lb/> computus Peronini <foreign>d’Estres</foreign> castellani Castellionis de
                    Chalarona de anno nonagesimo secundo <lb/> expeditus<note> Sous la
                        couture.</note></p>
            </div>
            <milestone n="37" unit="vue"/>
            <pb n="17v"/>
            <div xml:id="laudes">
                <head>laudes</head>
                <p><lb/> reddit computum <list>
                        <item> de XIII solidis IIII denariis de Guillo <foreign>Merlet</foreign> pro
                            quadam domo empta de Iohanne Martini de pretio IIII librarum viennensium </item>
                        <item> item de III solidis IIII denariis <lb/> de Petro de Ulmo pro domo
                            empta de Guioneto de Villeta pro pretio XX solidorum </item>
                        <item> item de III solidis IIII denariis de Petro <foreign>Chalant</foreign>
                            pro dimidia <lb/> domo empta de Guioneto de Villeta pro pretio XX
                            solidorum </item>
                        <item> item reddit computum de VI solidis de Stephano de
                                <foreign>Clarzens</foreign> de quodam curtili empto <lb/> de
                            Laurentio de Molendino pro pretio XXXVI solidorum </item>
                        <item> item de XXII solidis VI denariis de Gaufredo <foreign>Finet</foreign>
                            pro domo empta de Guilleta <lb/><foreign>La Pigna</foreign></item>
                        <item> item de VI solidis VIII denariis de Guillo de
                                <foreign>Corleyson</foreign> pro terra empta de Hugone de
                                <foreign>Les Follies</foreign> pro pretio XL solidorum </item>
                        <item> item de VII solidis <lb/> VI denariis de <foreign>Burgat</foreign>
                            pro quadam domo empta de Guillermo de <foreign>La Chassagnola</foreign>
                            pro pretio XLV solidorum </item>
                        <item> item de IIII solidis VI denariis obolo de Hugone <lb/> Magnini de
                            quadam domo empta de relicta Hugonis de <foreign>Roiolet</foreign>
                            pretio XXVII solidorum VI denariorum </item>
                        <item> item de V solidis de
                                <unclear>Aq[uario]</unclear><foreign>Garin</foreign> et <lb/>
                            Jaqueto de Costa pro peda empta de Petro <foreign>de Estres</foreign>
                            pretio XXX solidorum </item>
                        <item> item de XI solidis VIII denariis de Guillo <foreign>Rolant</foreign>
                            pro domo empta de <lb/> Nicholao clerico pretio LXX solidorum </item>
                        <item> item de VII solidis VI denariis Ruffo barberio pro domo empta de
                            magistro de Campagnia pretio XLV solidorum </item>
                        <item><lb/>item de V solidis de Hugone <foreign>Saint Didier</foreign> pro
                            domo empta de Iohanne Uldrici pretio XXX solidorum </item>
                        <item> item de VIII solidis IIII denariis de Martino de Laya <lb/> pro domo
                            empta <foreign>del Charier</foreign><sic>pretio pretio</sic> L solidorum </item>
                        <item> item de V solidis de Aydelinam<note> On attendrait <hi rend="italics"
                                    >de Aydelina</hi>.</note> pro quodam curtili empto a Iohanne
                            fornerio pretio XXX solidorum </item>
                        <item> item de <lb/> II solidis de Guillo Rolandi pro quadam terra empta de
                                <foreign>Fontanel</foreign> pretio XII solidorum </item>
                        <item> item de XXVI solidis VIII denariis Stephano de
                                <foreign>Montronzart</foreign> pro quadam <lb/> domo empta de
                            Stephano de <foreign>La Poponeri</foreign> pretio VIII librarum
                            viennensium </item>
                        <item> item de X solidis de Iohanne Roselli pro domo empta de Stephano
                                <foreign>Bonnart</foreign> pretio <lb/> LX solidorum </item>
                        <item> item de XV solidis de curato de Sancto Cirico pro quadam domo empta
                            de Clemencia de <foreign>La Salveta</foreign> pretio IIII librarum X
                            solidorum </item>
                        <item> item de VI <lb/> solidis de Bernardo <del rend="overstrike"
                                    ><foreign>La Ronda</foreign></del><foreign>Laronda</foreign> pro
                            domo empta pretio XXXVI solidorum </item>
                        <item> item de VI solidis VIII denariis de venatore pro quadam domo <lb/>
                            empta de fabro de <foreign>Rayreu</foreign> pretio XLVI solidorum </item>
                        <item> item de VII solidis II denariis de relicta Morelli
                                <foreign>Bellet</foreign> pro apondere domui
                                <foreign>Breyart</foreign><lb/> pretio XLIII solidorum </item>
                        <item> item de III solidis IIII denariis de Iohanne <foreign>del
                                Chaley</foreign> pro terra empta de illis de <foreign>La
                                Baczola</foreign></item>
                        <item> item de XXIII solidis I denario de Iohanne Uldrici pro <lb/> terra
                            empta de <unclear><foreign>Ve[not]</foreign></unclear> de <foreign>La
                                Baczola</foreign> pretio VI librarum XVIII solidorum VIII denariorum </item>
                        <item> item de III solidis de Bocher de <foreign>Yllia</foreign> pro peda
                            empta <foreign>del curt</foreign><lb/> de <foreign>Romans</foreign>
                            pretio XVIII solidorum </item>
                        <item> summa : X libre XII solidi VII denarii obolus viennensium pro
                            laudibus et ventis</item>
                    </list></p>
            </div>
            <div xml:id="banna_2">
                <head>banna</head>
                <p><list>
                        <item><lb/>reddit computum de XXV solidis de Andrea Patelli quia percussit
                            Bernardum Tibaudi </item>
                        <item> item de XL solidis de Iohanne Belli quia percussit balistarium </item>
                        <item> item de <lb/> XXII solidis de Aymone <foreign>Lo Blanc</foreign> quia
                            non fuit in cavalcata domini </item>
                        <item> item de XX solidis de <foreign>Burgat</foreign> quia intravit domum a
                                <foreign>La Molna</foreign> per quamdam fenestram </item>
                        <item><lb/>item de LXV solidis de <foreign>Rapillon</foreign> quia intravit
                            orreum vicarii de <foreign>Fluriate</foreign></item>
                        <item> item de XL solidis de filio Odoneti Magnini quia percussit picaterium </item>
                        <item><lb/>item de XX solidis de eodem filio predicti Odoneti Magnini quia
                            percussit Guionetum filium Bertheti Coarti </item>
                        <item> item de LX solidis de filio magistri <lb/> Paschalis quia furatus
                            fuit quamdam tunicam </item>
                        <item> item de XV solidis de Anthoyneto de Porta quia celavit furtum
                                <foreign>Charboner</foreign></item>
                        <item> item de <lb/> X solidis <foreign>del Motet de Monteuz</foreign> quia
                            noluit obedire pene apposite per castellanum </item>
                        <item> item de XL solidis de <foreign>Peret Duc</foreign> qui enforcavit
                            quamdam <lb/> mulierem </item>
                        <item> item de X solidis de quodam boaterio quia non solverat pretium rei
                            empte </item>
                        <item> item de XX solidis de <add place="interlinear">Petro</add> filio
                            domini Petri de <foreign>Buenens</foreign> quia furatus<note
                                type="césure"><hi rend="italics">fura<lb/>tus</hi></note><lb/> fuit
                            quemdam panem </item>
                        <item> item de XXV solidis de socio predicti Perroneti pro eodem pane </item>
                        <item> item de X [solidis] de Andra<note> Lire <hi rend="italics"
                                    >Andrea</hi>.</note> de <foreign>Breysi</foreign> quia furatus
                            fuit quamdam <lb/> panem<note type="césure"><hi rend="italics"
                                    >pa<lb/>nem</hi></note></item>
                        <item> item de XXV solidis de preposito domini Iocerandi de
                                <foreign>Frenz</foreign> quia vendiderat vacam que erat
                                <foreign>condaminart</foreign></item>
                        <item> item de VI solidis de nepote <foreign>Caleindrat</foreign><lb/> quia
                            percussit dictum <foreign>Papon</foreign></item>
                        <item> item de II solidis de Stephaneta Paneteri quia cepit capram suam
                            ultra velle bannerii domini </item>
                        <item> item de VI solidis de <foreign>Sachins</foreign> quia <lb/> malefecit
                            vestem dicte <foreign>Borechon</foreign></item>
                        <item> item de VI solidis de Iohanne Uldrici pro pleintia </item>
                        <item> item de III solidis de <foreign>Berout</foreign> pro pleintia </item>
                        <item> de III solidis de <foreign>La</foreign><lb/><foreign>Borra</foreign>
                            pro plaintia </item>
                        <item> item de VI solidis de quodam homine alieno pro plaintia </item>
                        <item> summa : XXIIII libre II solidi</item>
                    </list></p>
            </div>
            <div>
                <p>Computus Chasteyllonis de Chalarona</p>
            </div>
            <milestone n="38" unit="vue"/>
            <pb n="19v"/>
            <div>
                <p>Computus Perrini d’Estres castellani Chateillionis</p>
            </div>
            <milestone n="39" unit="vue"/>
            <pb n="21v"/>
            <div>
                <p><list>
                        <item><lb/>debent sibi allocari IIII asinate I meyteria siliginis quas
                            libravit ad expensas trium hominum ducentium equas <lb/> emptas pro
                            operibus tegularie nove per octo septimanas finitas octava die aprilis,
                            et dantur<note> On attendrait <hi rend="italics">datur</hi>.</note>
                            cuilibet in <lb/> septimana unus bichetus et ad expensas unius alterius
                            hominis recolligentis lapides quos adducunt dicte eque <lb/> per decem
                            septimanas finitas eodem termino </item>
                        <item><lb/>petit sibi allocari XXXVIII libras pro quatuor roncinis quos
                            tradidit ballivo terre Baugiaci pro fideiussione<note type="césure"><hi
                                    rend="italics">fideiussi<lb/>one</hi></note><lb/> in qua dominus
                            tenebatur erga dominum de Castro Vilani pro Iacobo domino de Quarto
                            <lb/> Computus Petri <foreign>d’Estres</foreign> castellani Castellionis
                            anno nonagesimo quinto</item>
                    </list></p>
            </div>
            <milestone n="xx" unit="vue"/>
            <pb n="24v"/>
            <div>
                <p><lb/> Computus Petri <foreign>d’Estres</foreign> receptoris reddituum <lb/>
                    Castellionis de anno nonagesimo sexto</p>
            </div>
            <milestone n="xx" unit="vue"/>
            <pb n="25v"/>
            <div>
                <p><lb/> Computus Petri <foreign>de Estres</foreign> receptoris reddituum
                    Castellionis de Challarona <lb/> de anno nonogesimo<note> Lire <hi
                            rend="italics">nonagesimo</hi>.</note> septimo</p>
            </div>
        </body>
    </text>
</TEI>
