<?xml version="1.0" encoding="UTF-8"?>
<?xml-model href="http://www.tei-c.org/release/xml/tei/custom/schema/relaxng/tei_all.rng" schematypens="http://relaxng.org/ns/structure/1.0"?>
<TEI xmlns:math="http://www.w3.org/1998/Math/MathML" xmlns="http://www.tei-c.org/ns/1.0"
  xmlns:xi="http://www.w3.org/2001/XInclude" xmlns:svg="http://www.w3.org/2000/svg" xml:id="B7561_2">
  <teiHeader>
    <fileDesc>
      <titleStmt>
        <title>Compte de Huet Bourguignon, châtelain, pour la châtellenie de
          Châtillon-sur-Chalaronne, du mercredi 14 mai 1298 au mercredi 18 mars 1299 (nouveau style)
            <date type="debut" from-iso="12980514" cert="high"/><date type="fin" from-iso="12990318"
            cert="high"/></title>
        <respStmt>
          <persName><name xml:lang="fra">Huet Bourguignon</name><name xml:lang="lat">Huetus
              Burgondionis</name></persName>
          <resp>Châtelain</resp>
        </respStmt>
      </titleStmt>
      <publicationStmt>
        <p>Alain Kersuzan et Frédéric Chartrain, avec la collaboration de Nils Mantilleri et Jean-Michel Poisson, 
          <title>Compte de Huet Bourguignon, châtelain, pour la châtellenie de
            Châtillon-sur-Chalaronne, du mercredi 14 mai 1298 au mercredi 18 mars 1299 (nouveau style)</title>,
          Lyon - Chambéry, 2010 (<title>Documents comptables des Etats de Savoie, XIIIe - XVe s.</title>)</p>
      </publicationStmt>
      <seriesStmt>
        <title>Châtillon-sur-Chalaronne</title>
      </seriesStmt>
      <sourceDesc>
        <p>Information about the source</p>
      </sourceDesc>
    </fileDesc>
  </teiHeader>
  <text>
    <body>
      <milestone n="3" unit="vue"/>
      <pb n="2"/>
      <div xml:id="prologue">
        <p><lb/>Computus Hueti Burgondionis castellani Castellionis de Challarona a die <lb/>
          mercurii decima quarta die mense maii anno Domini M<hi rend="sup">o</hi> CC<hi rend="sup"
            >o</hi><sic>nonogesimo</sic> octavo usque ad diem mercurii ante annuntiationem<note> On
            a écrit <hi rend="italics">annuntionem</hi>.</note><lb/> beate Marie anno eodem
          videlicet de quadraginta quatuor septimanis receptus apud Chamberiacum per Stephanum de
          Sancto Ragneberto in festo <lb/> dicte annuntiationis<note> On a écrit <hi rend="italics"
              >annintionis</hi>.</note></p>
      </div>
      <div xml:id="recepte">
        <div xml:id="cera_arreragium">
          <head>cera : arreragium</head>
          <p><lb/> idem reddit computum <list>
              <item>de CXIX libris et dimidia cere receptis de remanentia computi sui castellanie
                Sancti Ragneberti </item>
              <lb/>
              <item> summa eadem : CXIX libre cere </item>
              <item> de quibus libravit ad hospitium domine comitisse factas<note> Lire <hi
                    rend="italics">ad expensas hospitii domine comitisse factas …</hi> ou <hi
                    rend="italics">libravit ad hospitium domine comitisse pro expensis factis</hi>
                  …</note> per <lb/> manum domini Iacobi Dantan capellani sui per ipsius litteram de
                recepta datam die iovis ante festum beati Iohannis baptiste <lb/> anno nonogesimo
                octavo quam reddit : VI<hi rend="sup">XX</hi> II libras et dimidiam cere </item>
              <item> et sic debentur eidem : III libre cere</item>
            </list></p>
        </div>
        <div xml:id="laudes_et_venditiones">
          <head>laudes et venditiones</head>
          <p><lb/> idem reddit computum <list>
              <item> de VI libris viennensium receptis a Iohanne Pinna pro laudibus et venditionibus
                domus empte a Petro Jobert pretio triginta <lb/> sex librarum viennensium </item>
              <item> de VI solidis VIII denariis receptis a Petro del Gor pro domo empta a filio
                Gaufredi Finet pretio quadraginta <lb/> solidorum </item>
              <item> de XIII solidis IIII denariis receptis a Petro filio Iohannis Hudrici pro peda
                empta de Sachino cudurerio pretio quatuor <lb/> librarum </item>
              <item> de IIII solidis receptis de Charlet pro domo empta de clerico de Namari pretio
                viginti quatuor solidorum </item>
              <item> de X solidis receptis a <lb/> Guichardo Collini pro terra empta a liberis
                Rolandi pretio sexaginta solidorum </item>
              <item> de L solidis receptis a Chufleto pro domo empta a Martino <lb/> Collini pretio
                quindecim librarum </item>
              <item> summa : X lb. IIII s. vien.</item>
            </list></p>
        </div>
        <div xml:id="banna">
          <head>banna</head>
          <p><lb/> idem reddit computum <list>
              <item> de XX solidis receptis a Stephano Burgat pro banno quia percussit de quadam
                falce quamdam mulierem </item>
              <lb/>
              <item> de XX solidis receptis a Petro nepote Penneti Loscheti quia percussit de quodam
                baculo Petrum Berout </item>
              <item> de XX solidis <lb/> a Guillermo Marchiant pro fractura saysine </item>
              <item> de XXX solidis receptis a fratre Berardi del Sorber quia violenter <lb/>
                arripuit per gulam in villa Castellionis bannerium </item>
              <item> de XL solidis receptis a Bognerio quia percussit fratrem Berardi <lb/> del
                Sorber in villa Castellionis de quodam baculo </item>
              <item> de XL solidis receptis a Stephano filio Perer Burgo quia <lb/> permutaverat
                quamdam ovem sine mandato illius cuius erat </item>
              <item> de XXX solidis receptis a Durando Cornu quia percussit quemdam <lb/> hominem
                venientem de foro Castellionis de pugno </item>
              <item> de XL solidis receptis a filio Guichardi Bestie quia percussit <lb/> de lapide
                hominem predictum </item>
              <item> de XXV solidis receptis a Guillermo de Orfontana quia celaverat quamdam incudem
                falcis </item>
              <item> de <lb/> XII solidis receptis de Vignion quia vocavit quamdam mulierem
                meretricem </item>
              <item> de XXV solidis receptis a Jobelino quia excussit <lb/> pignora sua familiaribus
                domini </item>
              <item> de XL solidis receptis ab uxore Gaufredi Finet pro banno periurii </item>
              <lb/>
              <item> summa : XVI lb. VIII s. vien. deductis triginta quatuor solidis viennensium de
                mandato <lb/> magistri Petri presentis pro parte ipsius castellani capientis duos
                solidos in libra bannorum</item>
            </list></p>
        </div>
        <div xml:id="clame">
          <head>clame</head>
          <p><lb/><list>
              <item> idem reddit computum de IIII libris XI solidis viennensium receptis de minutis
                clamis sex solidorum et infra ibidem obvenientibus per idem <lb/> tempus </item>
              <item> summa eadem : IIII lb. XI s. vien.</item>
            </list></p>
        </div>
        <div xml:id="saysine">
          <head>saysine</head>
          <p><lb/> idem reddit computum <list>
              <item>de VI solidis receptis de desaysinis factis per dictum castellanum in dicta
                castellania per idem tempus et <lb/> saysinas percipit chacipollus ut dicit et
                levantur pro saysina sex denarii et pro desaysina tantumdem </item>
              <lb/>
              <item> summa eadem : VI s. vien.</item>
            </list></p>
        </div>
        <div xml:id="inventa">
          <head>inventa</head>
          <p><lb/> idem reddit computum <list>
              <item> de VII solidis receptis de uno corio bovis cum pilo invento apud Castellionem
                in foro pro tanto <lb/> vendito </item>
              <lb/>
              <item> summa eadem : VII s. vien.</item>
            </list></p>
        </div>
        <div xml:id="bilan_recepte">
          <p><lb/><list>
              <item> summa totius recepte : XXXI lb. XVI s. vien.</item>
            </list></p>
        </div>
      </div>
      <div xml:id="expense_et_librate">
        <p>de quibus <lb/><list>
            <item> in hostio raterii aptando quadam clave et sera factis ibidem de novo : IIII
              solidos VI denarios </item>
            <item> in portagio sex viginti <lb/> duarum librarum et dimidie cere a Sancto Ragneberto
              usque ad Burgetum de quibus supra computavit et allocantur sibi de <lb/> mandato
              magistri Petri presentis : V solidos </item>
            <item> in expensis cuiusdam latronisse quam tenuit per decem et septem dies et tantum
              <lb/> detinuit pro defectu iudicis ut dicit quem habere non potuit pro ea iudicanda et
              submersa fuit : II solidos III obolos </item>
            <lb/>
            <item> in stipendiis ipsius castellani capientis per annum viginti libras viennensium de
              salario pro se et una gaytia per idem tempus <lb/> de quo computat per testimonium
              magistri Petri presentis ne habet litteram de dicto salario : XVI libras XVIII solidos
              VIII <lb/> denarios viennensium </item>
            <item> idem libravit ad expensas domini Iohannis de Ferrariis factas apud Castellionem
              per ipsum dominum Iohannem, <lb/> morando ibidem pro negotiis domini per litteram
              domini Amblardi et magistri Petri de mandato quam reddit, hospitisse <lb/> dicti
              domini Iohannis in domo relicte Iohannis Theobaudi, et promisit Petro de Monte Miliano
              clerico reddere litteram <lb/> ipsius de recepta, quare percepit idem Petrus sibi
              allocari : LXII solidos </item>
          </list></p>
        <div xml:id="bilan_expense_et_librate">
          <p><lb/><list>
              <item> summa expense salarii et librate : XX lb. XII s. III d. ob. vien.</item>
            </list></p>
        </div>
      </div>
      <div xml:id="bilan">
        <p><list>
            <item> et sic debet : <lb/> XI libras III solidos VIII denarios obolum viennensium quos
              solvit in continenti Iohannino <unclear>Bergnonini</unclear> de mandato magistri Petri
              presentis <lb/> et per confessionem dicti Iohannini presentis </item>
            <item> et sic quitus de denariis et sibi debentur ut supra III libras cere</item>
            <pb n="3"/>
            <lb/>
            <item> Memorandum quod debet inspici computus Petri Destres collectoris reddituum domini
              apud Castellionem ita quod <lb/> sciatur si ipse vel idem Petrus aliquid obmiserant
              computare et si quid per aliquem ex eis obmissum <lb/> fuerit computari recurratur ad
              alterum illorum qui computare debuerit de predictis</item>
          </list></p>
      </div>
    </body>
  </text>
</TEI>
