<?xml version="1.0" encoding="UTF-8"?>
<?xml-model href="http://www.tei-c.org/release/xml/tei/custom/schema/relaxng/tei_all.rng" schematypens="http://relaxng.org/ns/structure/1.0"?>
<TEI xmlns:math="http://www.w3.org/1998/Math/MathML" xmlns="http://www.tei-c.org/ns/1.0"
    xmlns:xi="http://www.w3.org/2001/XInclude" xmlns:svg="http://www.w3.org/2000/svg"
    xml:id="B7560_14">
    <teiHeader>
        <fileDesc>
            <titleStmt>
                <title>Compte de Pierre d’Estres (Petrus d’Estres), châtelain, pour la châtellenie
                    de Châtillon-sur-Chalaronne, du 13 avril 1297 au 18 juin 1298 <date type="debut"
                        from-iso="12970413" cert="high"/><date type="fin" from-iso="12980618"
                        cert="high"/></title>
                <respStmt>
                    <persName>
                        <name xml:lang="fra">Pierre d'Estrés</name>
                        <name xml:lang="lat">Petrus d’Estres</name>
                    </persName>
                    <resp>Châtelain</resp>
                </respStmt>
            </titleStmt>
            <publicationStmt>
                <p>Alain Kersuzan et Frédéric Chartrain, avec la collaboration de Nils Mantilleri et Jean-Michel Poisson, 
                    <title>Compte de Pierre d’Estrés (Petrus d’Estres), châtelain, pour la châtellenie
                        de Châtillon-sur-Chalaronne, du 13 avril 1297 au 18 juin 1298</title>,
                    Lyon - Chambéry, 2012 (<title>Documents comptables des Etats de Savoie, XIIIe - XVe s.</title>)</p>
            </publicationStmt>
            <seriesStmt>
                <title>Châtillon-sur-Chalaronne</title>
            </seriesStmt>
            <sourceDesc>
                <p>Information about the source</p>
            </sourceDesc>
        </fileDesc>
    </teiHeader>
    <text>
        <body>
            <milestone n="23" unit="vue"/>
            <pb n="25"/>
            <div xml:id="prologue">
                <p><lb/> Computus Petri <foreign>d’Estres</foreign><note> On écrit ici <hi
                            rend="italics">destres</hi>.</note> receptoris reddituum castellanie
                    Castellionis de Chalarona a tertia <lb/> die<note> Lire <hi rend="italics">a
                            tertia <lb/> decima die</hi> : l’exercice précédent s’achevait en effet
                        ce samedi 13 avril 1297.</note> mensis aprilis anno Domini M<hi rend="sup"
                        >o</hi> CC<hi rend="sup">o</hi> nonagesimo septimo usque ad diem mercurii
                    ante festum beati Iohannis baptiste anno nonagesimo octavo <lb/> receptus apud
                    Chamberiacum per Rossetum presente magistro Petro </p>
            </div>
            <div xml:id="recepte">
                <div xml:id="frumentum">
                    <head>frumentum</head>
                    <p><lb/> idem reddit computum <list>
                            <item> de V asinatis et dimidia frumenti receptis de medietate firme
                                coponagii finite in festo beati Petri ad <lb/> vincula anno
                                nonagesimo septimo, et de alia medietate computavit in computo
                                precedenti </item>
                            <item> de V asinatis et dimidia frumenti receptis de <lb/> medietate
                                eiusdem firme finiende in festo beati Petri ad vincula anno
                                nonagesimo octavo, et tunc debetur tantumdem </item>
                            <item> de decima <lb/> de <foreign>Bueneys</foreign> nichil in frumento </item>
                            <item> summa : XI asinate frumenti — et remanent</item>
                        </list></p>
                </div>
                <div xml:id="siligo">
                    <head>siligo</head>
                    <p><lb/> idem reddit computum <list>
                            <item> de XI asinatis II bichetis siliginis receptis in castellania
                                Castellionis pro messe hoc anno, et levantur a quolibet <lb/> homine
                                excolente ad duos boves vel plures decem bicheti et ab excolente ad
                                unum bovem quinque bicheti </item>
                            <item> de XXIIII <lb/> asinatis receptis de medietate firme coponagii
                                finite in festo beati Petri ad vincula anno nonagesimo septimo </item>
                            <item> de XXIIII <lb/> asinatis<note type="césure"><hi rend="italics"
                                        >asi<lb/>natis</hi></note> siliginis receptis de medietate
                                eiusdem firme finiende in festo beati Petri ad vincula anno
                                nonagesimo octavo, et tunc debentur <lb/> tantumdem </item>
                            <item> de IIII asinatis siliginis receptis de firma decime de
                                    <foreign>Bueneyns</foreign><lb/></item>
                            <item> summa : LXIII asinate II bicheti </item>
                            <item> de quibus <lb/> idem libravit in stipendiis duorum quadrigariorum
                                ducentium duas quadrigas domini pro lapidibus quarronibus et arena
                                domini apportandis <lb/> ad castrum a prima die maii anno nonagesimo
                                septimo usque ad diem iovis ante festum beati Iohannis baptiste anno
                                    XC<hi rend="sup">o</hi> VIII<hi rend="sup">o</hi>, videlicet per
                                    quinquaginta<note type="césure"><hi rend="italics"
                                        >quinqua<lb/>ginta</hi></note><lb/> novem septimanas, et
                                datur cuilibet qualibet septimana unus bichetus, deductis quinque
                                bichetis pro uno dictorum quadrigariorum <lb/> qui fuit infirmus per
                                quinque septimanas : XIIII asinatas I bichetum </item>
                            <item> item libravit cuidam alii quadrigario ducenti <lb/> unam
                                quadrigam per unum annum finiendum in festo beati Iohannis baptiste
                                anno nonagesimo octavo : VI asinatas </item>
                            <item> item Hugoneto <lb/> quadrigario pro messe sua : X bichetos </item>
                            <item> summa librate : XXI asinatas III bichetos </item>
                            <item> et restant : XLI asinate <lb/> VII bicheti — et remanent</item>
                        </list></p>
                </div>
                <div xml:id="avena">
                    <head>avena</head>
                    <p><lb/> idem reddit computum <list>
                            <item> de XIIII asinatis avene receptis de medietate firme coponagii
                                finite in festo beati Petri ad vincula anno <lb/> nonagesimo septimo </item>
                            <item> de XIIII asinatis avene receptis de medietate eiusdem firme
                                finiende in festo beati Petri ad vincula anno <lb/> nonagesimo
                                octavo, et tunc debentur tantumdem </item>
                            <item> de II asinatis et dimidia avene receptis de decima de
                                    <foreign>Bueneys</foreign> hoc anno </item>
                            <item><lb/> de I meyterio avene recepto de Peronella de Feola de redditu
                                per annum </item>
                            <item> de XI meyteriis receptis de gardis per <lb/> annum</item>
                        </list></p>
                    <div type="sub">
                        <head>arreragium</head>
                        <p><list>
                                <item> de X asinatis receptis de remanentia sui computi precedentis
                                    <lb/></item>
                                <item> summa : XLIII asinate et dimidia </item>
                                <item> de quibus <lb/> idem libravit ad expensas duarum equarum
                                    domini ad supradictas duas quadrigas per predictas quinquaginta
                                    novem septimanas, et dantur eis septem <lb/> rasi qualibet
                                    septimana : XXV asinate<note>On attendrait <hi rend="italics"
                                            >asinatas</hi>.</note> XIII ras </item>
                                <item> item libravit ad expensas unius roncini ducentis unam
                                    quadrigam <lb/> a prima die augusti usque ad festum beati
                                    Iohannis baptiste proximum : X asinatas III ras et dimidium
                                    <lb/></item>
                                <item> summa librate : XXXVI asinate dimidius ras avene </item>
                                <item> et restant : <lb/> VII asinate VII ras et dimidius — et
                                    remanent</item>
                            </list></p>
                    </div>
                </div>
                <div xml:id="fabe">
                    <head>fabe</head>
                    <p><lb/><list>
                            <item> de fabis, de milio, de nucibus : nichil quia includuntur in firma
                                coponagii</item>
                        </list></p>
                </div>
                <div xml:id="galline">
                    <head>galline</head>
                    <p><lb/><list>
                            <item> de gallinis non computat quia castellanus inde debet
                                computare</item>
                        </list></p>
                </div>
                <div xml:id="vinum">
                    <head>vinum</head>
                    <p><lb/><list>
                            <item> de vino nichil quia includitur in firma decime de
                                    <foreign>Bueneyns</foreign></item>
                        </list></p>
                </div>
                <div xml:id="cera">
                    <head>cera</head>
                    <p><lb/> idem reddit computum <list>
                            <item> de LXIII libris cere receptis de gardis per annum ut in computo
                                precedenti, deductis quatuor libris pro <lb/><foreign>Bacheler de
                                    Bueneyns</foreign> et Alibrando chapellerio de Villa Francha et
                                Stephano de Contaminis, qui decesserunt, et pro Ferrando, qui <lb/>
                                recessit a patria propter inopiam </item>
                            <item> de I libra cere recepte de pueris de <foreign>Ripaont</foreign>
                                de garda per annum de novo <lb/></item>
                            <item> summa : LXIIII libre cere — et remanent</item>
                        </list></p>
                </div>
                <div xml:id="denarii_census">
                    <head>denarii census</head>
                    <p><lb/> idem reddit computum <list>
                            <item> de XVII libris XVIII solidis I denario III podrigiis viennensium
                                receptis in dicta castellania de redditu per annum ut in computo
                                <lb/> precedenti </item>
                            <item> de XIII libris receptis in villa nova Castellionis francha de
                                teysis domorum hoc anno, et levantur sex denarii pro <lb/> qualibet
                                teysa </item>
                            <item> de III denariis receptis de Petro de <foreign>La
                                    Vennoyri</foreign> pro quadam estra facta super quoddam vicum </item>
                            <item> de III obolis receptis de <lb/> Morella pro quodam
                                    <foreign>rennon</foreign> sibi albergato </item>
                            <item> de XXXIX solidis VI denariis receptis de gardis et
                                recognitionibus per annum ut in computo <lb/> precedenti </item>
                            <item> summa : XXXII <add place="interlinear">libre</add> XVIII solidi I
                                picta viennensium</item>
                        </list></p>
                </div>
                <div xml:id="firme">
                    <head>firme</head>
                    <p><lb/> idem reddit computum <list>
                            <item> de LIIII libris X solidis receptis de medietate firme leyde
                                mercati, bancharum domus mercati, exitus duarum nundinarum, <lb/>
                                ponderis bladi finite in festo beati Petri ad vincula anno
                                nonagesimo septimo </item>
                            <item> de LIIII libris X solidis receptis de medietate <lb/> eiusdem
                                firme finiende in festo beati Petri ad vincula anno nonagesimo
                                octavo, et tunc debentur tantumdem </item>
                            <item> de XXXIII <lb/> libris XV solidis receptis de firma furni
                                Castellionis finita in natale Domini anno nonagesimo septimo </item>
                            <item> de V solidis receptis de Hugone <lb/> Chalveti et relicta
                                Villermi Machardi pro firma furni sui ad usum suum tantum </item>
                            <item> de XXVII libris receptis de firma <lb/> chacipollarie
                                Castellionis finita in nativitate Domini anno nonagesimo septimo </item>
                            <item> de XLIII solidis receptis de firma champerie <lb/> finita in
                                nativitate Domini predicta</item>
                        </list></p>
                </div>
                <div xml:id="lingue">
                    <head>lingue</head>
                    <p><lb/><list>
                            <item> de firma lingarum boum occisorum in macello debet computare
                                dominus Guigo de Sancto Germano castellanus </item>
                            <item> de LX <lb/> solidis receptis de Petro de <foreign>La
                                    Venoyri</foreign> pro firma scripture sue finita in festo
                                purificationis anno XC<hi rend="sup">o</hi> septimo </item>
                            <item> de <lb/> XIII libris X solidis receptis de exitu bancharum
                                macelli hoc anno finito in carniprivio anno XC<hi rend="sup">o</hi>
                                septimo </item>
                            <item> de C solidis receptis de <lb/> firma banni vini mense augusti
                                anno nonagesimo septimo</item>
                        </list></p>
                </div>
                <div xml:id="iudei">
                    <head>iudei<note> Cette recette n’avait pas été distinguée de la précédente
                            avant l’ajout de la rubrique.</note></head>
                    <p><list>
                            <item> de C solidis receptis de censa <foreign>Nascent</foreign> et
                                    <foreign>Monxe</foreign> iudeorum finita <lb/> in festo beati
                                Iohannis baptiste anno XC<hi rend="sup">o</hi> septimo <lb/></item>
                            <item> summa : IX<hi rend="sup">XX</hi> XVIII libre XIII solidi
                                viennensium</item>
                        </list></p>
                </div>
                <div xml:id="auxilium">
                    <head>auxilium</head>
                    <p><lb/> idem reddit computum <list>
                            <item> de LX libris receptis de hominibus Castellionis pro auxilio facto
                                domino pro dote filie sue uxoris marchionis <lb/> Montis Ferrati </item>
                            <item> summa eadem : LX libre viennensium</item>
                        </list></p>
                </div>
                <div xml:id="bilan_recepte">
                    <p><list>
                            <item><lb/> summa totius recepte : XIIII<hi rend="sup">XX</hi> XI libre
                                XI solidi picta viennensium </item>
                        </list></p>
                </div>
            </div>
            <div xml:id="expense_et_librate">
                <p><list>
                        <item> de quibus <lb/> allocantur sibi in quibus dominus sibi tenebatur ex
                            mutuo ut per litteram domini de debito quam reddit : C libre viennensium </item>
                        <item> item <lb/> allocantur sibi que sibi debebantur ex remanentia computi
                            sui precedentis ut per litteram domini de testimonio quam reddit :
                            XLVIII libre XVIII solidi I denarius III pictas<note> On attendrait <hi
                                    rend="italics">picte</hi>.</note> viennensium </item>
                        <item> item in quibus eidem dominus tenebatur ut per easdem litteras et quas
                            solvit domino <lb/> Petro de <foreign>Franz</foreign> militi pro feodo
                            adquisito ab eodem : LXVIII libras XVI solidos X denarios viennensium </item>
                        <item> in duobus milibus quarronum emptis <lb/> pro arcubus furni : VI
                            solidos </item>
                        <item> in ipsis arcubus faciendis in taschiam per Micheletum lathomum : XII
                            solidos </item>
                        <item> in factura duorum <lb/> muellorum<note type="césure"><hi
                                    rend="italics">mu<lb/>ellorum</hi></note> : V solidos </item>
                        <item> in nemore empto pro quarronibus dequoquendis, et fuerunt cocte septem
                            fornate quarronum, et continet <lb/> qualibet fornata viginti quatuor
                            miliaria quarronum : XIX libras IIII solidos IIII denarios </item>
                        <item> in stipendiis plurium hominum scindentium <lb/> et delaniantium
                            dictum nemus : VIII libras XVIII solidos VI denarios </item>
                        <item> in pane dato bubulcis charreantibus dictum nemus usque <lb/> ad
                            tegulariam et calcem de Toyssiaco apud Castellionem, et datur cuilibet
                            unus denarius pro prandio : XIIII libras VIII solidos VII denarios
                            <lb/></item>
                        <item> in calce empta pro muris castri : XXXI libras XII solidos VI denarios </item>
                        <item> in terra posita circa tornellam : III solidos VI denarios </item>
                        <item> in duabus <lb/> rotis novis ferratis emptis pro quadriga : XLV
                            solidos </item>
                        <item> in quatuor rotis sine ferratura emptis : XXI solidos IIII denarios
                            <lb/></item>
                        <item> in uno curru pro aqua ducenda : II solidos VI denarios </item>
                        <item> in <del rend="overstrike">du<supplied>obus</supplied></del> tribus
                            quadrigis calciandis, <unclear>a[u]xis</unclear> reficiendis, sellis
                            aptandis, <lb/> collaribus emptis, ut in particulis, et cordis, cingulis
                            et capistris : LXX solidos III denarios </item>
                        <item> in tribus bestiis ferrandis per dictum tempus <lb/> et auxis
                            ferrandis : LI solidos VI denarios </item>
                        <item> in feno empto pro tribus bestiis : VIII libras X solidos </item>
                        <item> item tribus quadrigariis pro <lb/> vestibus et calciamentis et
                            salario : LII solidos </item>
                        <item> in turre pro duobus soleriis trabandis : XIIII solidos </item>
                        <item> in scalis et <lb/> cindris faciendis : VIII solidos VI denarios </item>
                        <item> in uno ponte facto iuxta turrem : XVII solidos </item>
                        <item> in arena extrahenda : IIII libras <lb/> VIII solidos VI denarios </item>
                        <item> in curatis turris et muri, et terra extrahenda de turre : LVI solidos </item>
                        <item> in aqua aportanda : XXIX <lb/> solidos VI denarios </item>
                        <item> pro muro domus domini Hulrici de <foreign>Varas</foreign> disruendo :
                            VII solidos VI denarios </item>
                        <item> pro una <foreign>puli</foreign> facienda : VI solidos VI denarios
                            <lb/></item>
                        <item> in corseriis factis supra duas turres et una eschifa in angulo muri :
                            XXXVIII solidos </item>
                        <item> idem libravit Micheleto lathomo pro <lb/> muris faciendis, et dantur
                            sibi pro teysa sex solidi : XXXV libras VI solidos </item>
                        <item> item Mayneto carronerio pro septem fornatis <lb/> quarronum, et
                            dantur pro miliari sex solidi in taschia, et quelibet fornata continet
                            viginti quatuor miliaria : L <lb/> libras VIII solidos </item>
                        <item> pro postibus emptis pro pontibus : L solidos </item>
                        <item> pro ala mercati cooperienda quatuor miliaribus tegularum emptis <lb/>
                            ad idem et pro fusta et pro clavino : VII libras XVIII denarios </item>
                        <item> pro furno ville et una columpna posita in rafurno : VII <lb/> solidos
                            VI denarios </item>
                        <item> pro loerio unius granerii ad reponendum bladum domini : XX solidos </item>
                        <item> in exploratoribus missis de mandato <lb/> bayllivi : XXI solidos </item>
                        <item> in vadiis Rosseti recipientis presentem computum per duas dies : X
                            solidos </item>
                    </list></p>
            </div>
            <div xml:id="bilan">
                <list>
                    <item><lb/>summa expense et librate : IIII<hi rend="sup">C</hi> XXV libre VII
                        solidi V denarii III picte viennensium </item>
                    <item> et sic <lb/> debentur ei VI<hi rend="sup">XX</hi> XIII libre XVI solidi V
                        denarii obolus viennensium</item>
                </list>
            </div>
        </body>
    </text>
</TEI>
