<?xml version="1.0" encoding="UTF-8"?>
<?xml-model href="http://www.tei-c.org/release/xml/tei/custom/schema/relaxng/tei_all.rng" schematypens="http://relaxng.org/ns/structure/1.0"?>
<TEI xmlns:math="http://www.w3.org/1998/Math/MathML" xmlns="http://www.tei-c.org/ns/1.0"
  xmlns:xi="http://www.w3.org/2001/XInclude" xmlns:svg="http://www.w3.org/2000/svg" xml:id="B7560_6">
  <teiHeader>
    <fileDesc>
      <titleStmt>
        <title>Compte de Pierre d’Estres (Petrus d’Estres), châtelain, pour la châtellenie de
          Châtillon-sur-Chalaronne, du dimanche 3 juillet 1289 au dimanche 7 mai 1290 <date
            type="debut" from-iso="12890703" cert="high"/><date type="fin" from-iso="12900507"
            cert="high"/></title>
        <respStmt>
          <persName><name xml:lang="fra">Pierre d'Estrés</name><name xml:lang="lat">Petrus
              d’Estres</name></persName>
          <resp>Châtelain</resp>
        </respStmt>
      </titleStmt>
      <publicationStmt>
        <p>Alain Kersuzan et Frédéric Chartrain, avec la collaboration de Nils Mantilleri et Jean-Michel Poisson, 
          <title>Compte de Pierre d’Estrés (<hi rend="italics">Petrus d’Estres</hi>), châtelain, pour la châtellenie de
            Châtillon-sur-Chalaronne, du dimanche 3 juillet 1289 au dimanche 7 mai 1290
            1289</title>,
          Lyon - Chambéry, 2011 (<title>Documents comptables des Etats de Savoie, XIIIe - XVe s.</title>)</p>
      </publicationStmt>
      <seriesStmt>
        <title>Châtillon-sur-Chalaronne</title>
      </seriesStmt>
      <sourceDesc>
        <p>Information about the source</p>
      </sourceDesc>
    </fileDesc>
  </teiHeader>
  <text>
    <body>
      <milestone n="10" unit="vue"/>
      <pb n="10"/>
      <div xml:id="prologue">
        <p><lb/><note>Ce compte est numéroté <hi rend="italics">IV </hi>en tête, dans l’ordre
            décroissant de la numérotation médiévale des comptes du rouleau.</note>Computus Petri
            <foreign>d’Estres</foreign><note> On écrit <hi rend="italics">destres</hi>.</note>
          castellani Chasteillionis super Chaleronam a dominica post festum apostolorum <lb/> Petri
          et Pauli anno Domini M<hi rend="sup">o</hi> CC<hi rend="sup">o</hi> octogesimo nono usque
          ad dominicam septimam diem intrantis mensis maii anno sequenti videlicet pro <lb/>
          quadraginta quatuor septimanis</p>
      </div>
      <div xml:id="recepte">
        <div xml:id="frumentum">
          <head>frumentum</head>
          <p><lb/> idem reddit computum <list>
              <item> de XII asinatis II bichetis frumenti receptis de exitu copunagii Castellionis
                per dictum tempus </item>
              <item> de IIII bichetis receptis de <lb/> exitu sexte partis quam percipiebat dominus
                Petrus de Rignieu in decima de Buengnens que reducta est ad manum domini ratione qua
                <lb/> in precedenti computo</item>
            </list></p>
          <div type="sub">
            <head>arreragium</head>
            <p><list>
                <item> de XVIII asinatis IIII bichetis dimidio receptis de Bertholomeo Silvestri de
                  remanentia computi sui Castellionis precedentis</item>
              </list></p>
          </div>
          <div>
            <p><lb/><list>
                <item> summa recepte : XXXI asinate II bicheti dimidius frumenti</item>
                <item> de quibus in <lb/> venditione ut infra : XXVII asinate II bicheti
                  dimidius</item>
                <item> et restant : IIII asinate frumenti quas miscuit cum siligine quia
                  desterioratum <lb/> erat et respondet de ipsis infra in computo de siligine</item>
              </list></p>
          </div>
        </div>
        <div xml:id="siligo">
          <head>siligo</head>
          <p><lb/> idem reddit computum <list>
              <item> de XLI asinatis VI bichetis siliginis receptis de exitu copunagii per dictum
                tempus </item>
              <item> de II asinatis II bichetis receptis de exitu sexte partis <lb/> decime de
                  <foreign>Buennens</foreign> ut supra in frumento </item>
              <item> de V meiteriis receptis de Vincentio filio Guillermi de Rispis de messe per
                annum </item>
              <item> de V meiteriis receptis de Hugone <lb/> de Bosco pro eodem </item>
              <item> de V meiteriis receptis de Bernardo de Bosco pro eodem </item>
              <item> de V meiteriis receptis de Hugone de <foreign>Chaley</foreign> pro eodem </item>
              <item> de V meiteriis receptis de Laurentio <lb/> de Verneto pro eodem </item>
              <item> de V meiteriis receptis de Tenneto de Rosseillione pro eodem </item>
              <item> de V meiteriis receptis de Hugone Escoferii pro eodem </item>
              <item> de V meiteriis receptis <lb/> de Guillaudo Siondi pro eodem </item>
              <item> de quinque meiteriis quos debebat Petrus <foreign>Terreczars</foreign> non
                computat quia nichil habuit ex eo quod in tenemento eius non est <lb/> tenementarius
                a quo possit recuperari </item>
              <item><add place="leftMargin">sciendum est quod duo bicheti faciunt meiterium et
                  quatuor meiterii asinatam</add></item>
              <item> summa recepte : LIIII asinate siliginis</item>
            </list></p>
          <div type="sub">
            <head>arreragium</head>
            <p><lb/> idem reddit computum <list>
                <item> de IIII asinatis frumenti receptis videlicet quas miscuit cum siligine ut
                  supra in frumento </item>
                <item> de C asinatis VI bichetis receptis de Bertholomeo <lb/> Silvestri de
                  remanentia computi sui precedentis </item>
              </list></p>
          </div>
          <div>
            <p><list>
                <item> summa totius recepte : VII<hi rend="sup">XX</hi> XVIII asinate VI bicheti
                  siliginis</item>
                <item> de quibus <lb/> in consecatione centum asinatarum receptarum a Bertholomeo
                  Silvestri : V asinate</item>
                <item> et remanent : VII<hi rend="sup">XX</hi> XIII asinate VI bicheti
                  siliginis</item>
              </list></p>
          </div>
        </div>
        <div xml:id="avene">
          <head>avene</head>
          <p><lb/> idem reddit computum <list>
              <item> de XXV asinatis VIII rasis avene receptis de exitu copunagii per dictum tempus </item>
              <item> de I asinata IIII rasis receptis de exitu sexte partis <lb/> decime de
                  <foreign>Buennens</foreign> ut supra </item>
              <item><add place="leftMargin">sciendum est quod quatuor rasi faciunt
                meiterium</add></item>
              <item> de VIII meiteriis receptis de gardis et comandis hoc anno ut in particulis in
                computo precedenti </item>
              <item> sciendum est quod <lb/> anno futuro debet plus computare de uno meiterio quod
                Petronilla de <foreign>La Fayola</foreign> assetavit reddendum per annum super
                tenementum suum, sibi et liberis suis <lb/> traditum in <sic>ephiteosim</sic><note>
                  Lire <hi rend="italics">in emphyteusin</hi>.</note> ab Arduyno de Aula domicello </item>
              <item> summa : XXVIII asinate XII rasi avene </item>
              <item> de quibus <lb/> idem libravit ad expensas hospitii domini comitis per manum
                Stephani de Sancto Reneberto per litteram eius datam die iovis post festum beati
                Andree anno octogesimo <lb/> nono : IIII<hi rend="sup">XX</hi> V rasos </item>
              <item> et debet : XXIII asinatas VII rasos avene — et remanent</item>
            </list></p>
        </div>
        <div xml:id="fabe">
          <head>fabe</head>
          <p><lb/> idem reddit computum <list>
              <item> de II asinatis fabarum receptis de exitu copunagii per idem tempus </item>
              <item> de III bichetis receptis de exitu decime de <foreign>Buennens</foreign> ut
                supra in frumento</item>
            </list></p>
          <div type="sub">
            <head>arreragium</head>
            <p><lb/><list>
                <item>de VI bichetis receptis de Bertholomeo Silvestri de remanentia computi sui
                  precedentis</item>
              </list></p>
          </div>
          <div>
            <p><list>
                <item> summa : III asinate I bichetus fabarum — venduntur ut infra</item>
              </list></p>
          </div>
        </div>
        <div xml:id="milium">
          <head>millium</head>
          <p><lb/> idem reddit computum <list>
              <item> de II asinatis millii receptis de exitu copunagii per idem tempus </item>
              <item> de I bicheto recepto de decima de <foreign>Buennens</foreign> ut supra</item>
            </list></p>
          <div type="sub">
            <head>arreragium</head>
            <p><lb/><list>
                <item> de I asinata recepta de Bertholomeo Silvestri de remanentia computi sui
                  precedentis</item>
              </list></p>
          </div>
          <div>
            <p><list>
                <item> summa : III asinate I bichetus millii — et remanent</item>
              </list></p>
          </div>
        </div>
        <div xml:id="nuces">
          <head>nuces</head>
          <p><lb/> idem reddit computum <list>
              <item> de IIII rasis nucum receptis de exitu copunagii per idem tempus </item>
              <item> de I cupa nucleorum recepta de eodem copunagio</item>
              <lb/>
              <item> summa : IIII rasi nucum et I cupa nucleorum — venduntur ut infra<note> Écrit
                  d’une autre encre et, probablement, d’une autre main.</note></item>
            </list></p>
        </div>
        <div xml:id="pisi">
          <head>pisa</head>
          <p><lb/> idem reddit computum <list>
              <item> de I bicheto pisorum recepto de exitu copunagii per idem tempus </item>
              <item> de I bicheto recepto de decima de <foreign>Buennens</foreign> pro parte domini
                ut supra </item>
              <lb/>
              <item> summa : II bicheti <del rend="overstrike">— et remanent</del> — venduntur ut
                  infra<note> Écrit d’une autre encre et, probablement, d’une autre
                main.</note></item>
            </list></p>
        </div>
        <div xml:id="ordeum">
          <head>ordeum</head>
          <p><lb/><list>
              <item> idem reddit computum de VII bichetis I cupa receptis de decima de
                  <foreign>Buennens</foreign> pro parte domini ut supra — et remanent</item>
            </list></p>
        </div>
        <div xml:id="canabum">
          <head>canabum</head>
          <p><lb/><list>
              <item> idem reddit computum de LX <foreign>naysueres</foreign> canabi receptis de
                decima de <foreign>Buennens</foreign> pro parte domini ut supra — venduntur ut
                infra</item>
            </list></p>
        </div>
        <div xml:id="galline">
          <head><sic>gualline</sic></head>
          <lb/>
          <p><list>
              <item> idem reddit computum de XIIII guallinis receptis in castellania de redditu per
                annum — venduntur ut infra</item>
            </list></p>
        </div>
        <div xml:id="vinum">
          <head>vinum</head>
          <p><lb/><list>
              <item> idem reddit computum de I quarta vini recepta de decima predicta pro parte
                domini ut supra — venditur ut infra</item>
            </list></p>
        </div>
        <div xml:id="cera">
          <head>cera</head>
          <p><lb/><list>
              <item> idem reddit computum de XXXVII libris cere receptis in dicta castellania de
                guarda per annum ut in particulis in <sic>dorsso</sic> presentis computi<note> Voir
                  vue 31 : <hi rend="italics">isti debent guardam cere</hi>.<milestone n="31"
                    unit="vue"/></note></item>
              <lb/>
              <item> summa : XXXVII libre cere</item>
            </list></p>
        </div>
        <div xml:id="denarii">
          <head>denarii</head>
          <p><lb/> idem reddit computum <list>
              <item> de XV libris VII solidis II denariis viennensium receptis de redditu per annum
                ut in computo precedenti, deductis tribus solidis quos debebat Iohanneta de
                  <foreign>Morges</foreign><lb/> et non solvit ex eo quod dominus Guillermus
                  <foreign>dou Says</foreign> probavit terram super quam ipsos assignaverat esse
                suam coram iudice, ut castellanus dicit — super quo sciatur veritas <lb/></item>
              <item> de XII denariis receptis de Iohanne de <foreign>Czut</foreign> de redditu quem
                assignavit super una bichoneta terre sita iuxta <foreign>Los Crues de Czut</foreign>
                ex una parte et iuxta <foreign>La Broyeri</foreign> ex altera <lb/></item>
              <item><add place="leftMargin">de II solidis receptis de <lb/> Margarita de Colunberio
                  <lb/> pro redditu quem assignavit <lb/> super terram suam</add></item>
              <item> de XII denariis receptis de Iohanne <foreign>Maczoner</foreign> de novo
                redditu, quos assignavit super tres meiteratas terre sitas iuxta aquam de
                  <foreign>Durlyva</foreign> ab una parte et terram domini Sancti <lb/> Triverii ex
                altera et terram luminarie de Sancto Cirico ex altera </item>
              <item> de VIII denariis receptis de tenentibus mansum de <foreign>La Beczola</foreign>
                de redditu, qui reducti sunt ad manum <lb/> domini ex eo quod dominus Colinus de
                  <foreign>Basinens</foreign> qui eos tenebat in feudum a domino non fecit feudum
                debitum </item>
              <item> de XI libris II solidis IX denariis receptis de teysis domorum in villa <lb/>
                Casteillionis nova, et levantur pro qualibet teysa continente de longitudine novem
                teysas sex denarii, et si plus vel minus contineat levatur pro rata, <lb/> deductis
                decem solidis tribus denariis qui non potuerunt recuperari ex eo quod pede pro
                quibus debebantur in parte occupate sunt per fossata ville et <lb/> relique vacue
                sunt tenementariis per aliquos annos, sed alique ipsarum albergate sunt modo ut <del
                  rend="overstrike">infra</del> sequitur <add place="leftMargin">respice in
                    dorsso<note> Voir vue 32, <hi rend="italics">particule octo solidorum decem
                      denariorum</hi>.<milestone n="32" unit="vue"/></note></add></item>
              <item> de XX solidis receptis de teysis in <del rend="overstrike">novem</del> octo
                pedis <lb/> hoc anno per castellanum traditis ut in particulis in dorsso presentis
                  rotuli<note> Voir vue 31, <hi rend="italics">istis tradite sunt
                    pede</hi>.<milestone n="31" unit="vue"/></note></item>
              <item> de quatuor pedis ibidem in dorsso contentis non computat quia nichil recepit
                <lb/> hoc primo anno, sed anno futuro debet de ipsis computare </item>
              <item> de XXXVI solidis receptis de gardis et recognitionibus ut in particulis in
                dorsso computi <lb/> precedentis<note>Voir vue 29.<milestone n="29" unit="vue"
                  /></note></item>
              <item> de XXXVIII solidis VIII denariis receptis de feodo quondam Morete reducto ad
                manum domini </item>
              <item> de XIIII solidis receptis de feodo quondam Iohannis de
                  <foreign>Mennay</foreign> reducto <lb/> ad manum domini ut in computo precedenti </item>
              <item> summa : XXXII lb. XV d. vien.</item>
            </list></p>
        </div>
        <div xml:id="firme">
          <head>firme</head>
          <p><lb/> idem reddit computum <list>
              <item> de XL libris IX solidis viennensium receptis de exitu leyde mercati per tempus
                supradictum </item>
              <item> de LXII solidis receptis de exitu nundinarum in festo beati Mathei anno <lb/>
                octogesimo nono </item>
              <item> de VIII libris XV solidis receptis de medietate banchagii domus mercati pro
                anno finiendo in festo beati Iohannis <del rend="overstrike">beati Ioh</del>
                baptiste anno nonagesimo <lb/> et tunc debebit tantumdem vel circa </item>
              <item> de XVII libris X solidis receptis de medietate firme furni finiende in festo
                beati Iohannis anno nonagesimo, et tunc <lb/> debebit tantumdem </item>
              <item> de IX libris V solidis receptis de medietate firme chacipolerie finiende in
                eodem festo beati Iohannis, et tunc debebit tantumdem <lb/></item>
              <item> de VI libris receptis de banno vini mense augusti anno octogesimo nono </item>
              <item> de XX solidis receptis de medietate firme champerie finiende eodem festo, et
                tunc debebit <lb/> tantumdem </item>
              <item> de XXVI solidis receptis de exitu lingarum boum occisorum in macello per dictum
                tempus </item>
              <item> de X libris receptis de locagio bancarum macelli pro anno finito <lb/> in
                carniprivio anno octogesimo nono et non computat de duobus <foreign>traiz</foreign>
                bancarum quia non sunt locati hoc anno </item>
              <item> de III solidis receptis de Hugone Chalveti pro firma <lb/> furni sui ad usum
                suum per annum </item>
              <item> de II solidis receptis de Guillermo Maschardi pro eodem </item>
              <item> de IIII libris receptis de exitu ponderis bladi per dictum tempus </item>
              <item> de XII denariis receptis <lb/> de exitu alterius ponderis mercaturarum </item>
              <item> de LX solidis receptis de Petro de <foreign>La Venoyri</foreign> pro censa
                scripture Castellionis de anno finito in purificatione beate Marie anno <add
                  place="interlinear">nono<note> Le jeudi 2 février 1290 (nouveau
                  style).</note></add><lb/></item>
              <item> de V solidis receptis de <foreign>Nacent</foreign> iudeo pro firma furni sui ad
                usum suum per annum </item>
              <item> de XXX solidis receptis de locagio archarum que sunt in domo mercati hoc anno </item>
              <lb/>
              <item> summa : C VI lb. VIII s. vien.</item>
            </list></p>
        </div>
        <div xml:id="iudei">
          <head>Iudei</head>
          <p><lb/> idem reddit computum <list>
              <item> de IIII libris receptis de <foreign>Nacent</foreign> iudeo videlicet quas
                debebat in festo paschatis preterito pro prisa sua de tallia et hoc pro secunda
                solutione </item>
              <item> de XL solidis <lb/> receptis de Livolino iudeo in paschate predicto pro istagio
                suo Castellionis per annum ubi receptus est de novo </item>
              <item> de corsinis et Ioceto iudeo non computat <lb/> — respondent apud Burgum </item>
              <item> summa : VI lb.</item>
            </list></p>
        </div>
        <div xml:id="reperta">
          <head>reperta</head>
          <p><lb/> idem reddit computum <list>
              <item> de IIII solidis viennensium de sale invento in domo mercati </item>
              <item> de IIII solidis receptis de uno porcello invento </item>
              <item> de II solidis receptis de quadam tunica inventa <lb/></item>
              <item> de IIII solidis receptis de uno porcello invento in domo
                  <foreign>Salmoya</foreign> Domicelli</item>
              <item> summa : XIIII s.</item>
            </list></p>
        </div>
        <div xml:id="laudes">
          <head>laudes</head>
          <p><lb/> idem reddit computum <list>
              <item> de VI solidis VI denariis viennensium receptis de Stephano Escoferii de
                  <foreign>Sandreyns</foreign> pro laudibus domus empte de liberis de
                  <foreign>Chasaigny</foreign> pretio triginta novem solidorum, et levantur <lb/> de
                libra quadraginta denarii </item>
              <item> de VIII solidis IIII denariis receptis de Guillermeta de
                  <foreign>Combes</foreign> pro laudibus dimidie domus empte de Martino
                  <foreign>Crevamichi</foreign></item>
              <item> de X solidis VI denariis receptis de <lb/> Martino filio <del rend="overstrike"
                  >Ioh</del><foreign>Gentan de Lordes</foreign> pro medietate domus empte de Hugone
                  <foreign>Morant</foreign></item>
              <item> de VI solidis VIII denariis receptis de capellano de <foreign>Vongna</foreign>
                pro medietate domus empte <lb/> de Ay[mone] <foreign>Birsson</foreign></item>
              <item> de VI solidis VIII denariis receptis de Hugone <foreign>Borhinint</foreign> pro
                medietate domus empte de Guigone <foreign>Bardel</foreign></item>
              <item> de II solidis II denariis receptis de Guichardo <foreign>Colin</foreign> pro
                terra empta <lb/> de <foreign>Fontanel<note> On a écrit <hi rend="italics"
                      >ffontanel</hi>.</note></foreign></item>
              <item> de II solidis receptis de Martino de Laya pro quarta parte pede empte del
                  <foreign>Charrier</foreign></item>
              <item> de II solidis receptis de Stephano de <foreign>La Puponeri</foreign><note> On
                  avait d’abord écrit <hi rend="italics">delapeponeri</hi>, mais la syllabe <hi
                    rend="italics">pe</hi> a été biffée et on a jouté <hi rend="italics">pu</hi>
                  dans l’interligne supérieur.</note> pro quarta parte <lb/> pede empte a dicto
                  <foreign>Charrier</foreign></item>
              <item> de V solidis III denariis receptis de <foreign>Bercheler</foreign> pro orto
                empto de Berteto <foreign>Rosel</foreign></item>
              <item> de VI solidis VIII denariis receptis de Iohanne <foreign>Buer</foreign> pro
                medietate domus <lb/> empte de <foreign>Breyart</foreign></item>
              <item> de VII solidis <add place="interlinear">X denariis</add> receptis de Peroneto
                de <foreign>Moysiney</foreign> pro domo empta de <foreign>Fontanel</foreign></item>
              <item> de X solidis receptis de Elioto iudeo pro domo empta de Petro
                  <lb/><foreign>Chanterel</foreign></item>
              <item> de VIII solidis receptis de Bolerio de Campis pro medietate domus empte de
                balistario </item>
              <item> de XXIII solidis IIII denariis receptis de priore Sancti Christofori pro
                medietate domus <lb/> empte de magistro Hugone </item>
              <item> de X solidis receptis de Moteto de <foreign>Montey</foreign> pro quarta parte
                domus empte de Stephano fratre suo </item>
              <item> de IIII solidis II denariis receptis de Iohanne de Laya pro <lb/> medietate
                domus empte de Guichardo <foreign>Moyront</foreign></item>
              <item> summa : VI lb. I d.</item>
            </list></p>
        </div>
        <div xml:id="banna">
          <head>banna</head>
          <p><lb/> idem reddit computum <list>
              <item> de XX solidis viennensium receptis de Petro de <foreign>La Baczola</foreign>
                pro banno ex eo quod fecerat unum <foreign>crues</foreign> in itinere </item>
              <item> de XXX solidis receptis de Turrello pro eo quod in domo <lb/> mercati cepit
                unum sacum non suum pro suo </item>
              <item> de LX solidis receptis de Stephano de <foreign>Chasaigny</foreign> pro eo quod
                non fecit in <del rend="overstrike">domo</del> villa Castellionis domum infra tempus
                statutum <lb/></item>
              <item> de IIII libris receptis de <foreign>Czoteyron</foreign> pro eo quod accusabatur
                male cepisse iam est diu unum <foreign>coutro</foreign> in domo avunculi sui </item>
              <item> de LX solidis receptis de Berthelerio pro eo <lb/> quod accusabatur <del
                  rend="overstrike">furtive</del> retinuisse de roba quadam quam faciebat </item>
              <item> de XXV solidis receptis de <foreign>Chuflet</foreign> pro eo quod fecit
                sanguinem alteri in taberna <lb/></item>
              <item> de LX solidis receptis de Hugone <foreign>Morant</foreign> pro eo quod non
                solverat leydam de quodam bove empto apud Casteillionem <lb/></item>
              <item> de LX solidis receptis de quodam mercatore telarum de <lb/> Bellavilla pro
                leyda quam non solverat et recedebat </item>
              <item> de XX solidis receptis de Stephano <foreign>Vivuyeil</foreign> pro eo quod
                cepit in campis unam peciam nemoris non suam <lb/></item>
              <item> de XL solidis receptis de liberis de <foreign>Curtilet</foreign> pro banno
                rescosse </item>
              <item> de XX solidis receptis de Pariseto pro eo quod clam cepit palos communis </item>
              <item> de XX solidis receptis de Guillermo <lb/> de <foreign>Chasaigny</foreign> pro
                banno rescosse</item>
            </list></p>
        </div>
        <div xml:id="clame">
          <head>clame</head>
          <p><list>
              <item> de VI solidis receptis de Moteto de <foreign>Montex</foreign> pro clama </item>
              <item> de VI solidis receptis de Laurentio de <foreign>La Condamina</foreign> pro
                eodem </item>
              <item> de VI solidis receptis <lb/><foreign>del Guars</foreign> pro eodem </item>
              <item> de VI solidis receptis de filio <foreign>Petit de Cortablin</foreign> pro eodem </item>
              <item> de III solidis receptis de Butade pro eodem </item>
              <item> de III solidis receptis de quodam alio pro eodem </item>
              <item> de VI solidis <lb/> receptis de <foreign>Chuflet</foreign> pro eodem</item>
              <item> summa : XXVI lb. XI s. vien. — in quibus castellanus <lb/> percipit duos
                solidos in libra</item>
              <item> et remanent domino : XXIII libre XVIII solidi</item>
            </list></p>
        </div>
        <div xml:id="venditiones">
          <head>venditiones</head>
          <p><lb/> idem reddit computum <list>
              <item> de XVI libris VII solidis IX denariis receptis de viginti septem asinatis
                duobus bichetis dimidio frumenti venditis ut supra qualibet asinata duodecim solidis </item>
              <lb/>
              <item> de XXII solidis XI denariis receptis de tribus asinatis uno bicheto fabarum
                venditis ut supra quolibet bicheto undecim denariis </item>
              <item> de IIII solidis receptis de nucibus et nucleis venditis ut supra <lb/></item>
              <item> de II solidis receptis <add place="interlinear">de</add> pisis venditis ut
                supra </item>
              <item> de IX solidis receptis de canabo vendito ut supra </item>
              <item> de IIII solidis VIII denariis receptis de gallinis venditis ut supra </item>
              <item> de IX denariis receptis de quarta <lb/> vini vendita ut supra</item>
              <item> summa : XVIII lb. XI s. I d.</item>
            </list></p>
        </div>
        <div xml:id="introgia">
          <head>introgia</head>
          <p><lb/><list>
              <item> idem reddit computum de V solidis receptis de quibusdam hominibus pro intragio
                burgesie</item>
            </list></p>
        </div>
        <div xml:id="bilan_recepte">
          <p><list>
              <item><lb/> summa <sic>tottalis</sic> recepte : IX<hi rend="sup">XX</hi> XIII lb. XVII
                s. V d. vien.</item>
            </list></p>
        </div>
      </div>
      <div xml:id="expense_et_librate">
        <p><list>
            <item> de quibus <lb/> in stipendiis diversorum nuntiorum missorum ad diversa loca pro
              negotiis domini : XXVI solidos X denarios viennensium </item>
            <item> item pro expensis factis recolligendo septem vacas <lb/> et quater viginti
              mutones missos ad opus domini in cavalcatam de <foreign>Brigno</foreign> : XIII
              solidos </item>
            <item> item in expensis castellani et quinque hominum cum armis quos secum duxit <lb/>
              in cavalcatam de <foreign>Brigno</foreign> nec habuerunt libratam a domino comiti de
              aliquibus diebus ut per litteram domini Girardi de <foreign>Langes</foreign> : XVII
              solidos </item>
            <item> item in expensis quinque <lb/> hominum cum armis quos castellanus misit apud
              Burgum de mandato domini pro conducendo denarios qui debebant solvi duci Burgundie nec
              habuerunt <lb/> libratam a domino ut dicit : XV solidos</item>
            <item> summa : LXXI s. X d. vien.</item>
          </list></p>
        <div xml:id="librata">
          <head>librata</head>
          <p><lb/><list>
              <item> idem libravit ad expensas domini comitis per manum Stephani de Sancto Reneberto
                ut per litteram eius datam die iovis post festum <lb/> beati Andree apostoli anno
                octogesimo nono : VII libras viennensium <lb/></item>
              <item> item libravit in pondere bladi facto et misso apud Cambariacum de mandato
                domini et pro ipso portando : LXXV solidos <lb/></item>
              <item> item pro uno granerio locato de relicta <foreign>Maschart</foreign> et alio
                granerio locato de Iohanne <foreign>Fouchier</foreign> ad reponendum bladum domini :
                XXX solidos <lb/></item>
              <item> item pro banchis ale seu domus mercati aptandis videlicet pro decem octo
                postibus emptis et stipendio carpentariorum : XX solidos VII denarios <lb/></item>
              <item> item pro banchis macelli aptandis : II solidos </item>
              <item> item <del rend="overstrike">ex</del> in stipendio Andree de Molendino
                recolligentis leydam et copunagium <lb/> per unum annum finiendum in festo beati
                Iohannis anno <del rend="overstrike">octo</del> nonagesimo et custodientium et
                recolligentium exitum ponderis bladi per annum <lb/> unum finiendum in festo beati
                Bartholomei anno eodem : LX solidos <lb/></item>
              <item> item libravit in sexties centum viginti quinque bennis calcis emptis pro
                clausuris ville Chasteillionis per litteram domini de mandato <add
                  place="interlinear">quam retinet castellanus</add> qualibet <lb/> benna empta
                duodecim denariis et implicate fuerunt estate preterita : XXXI libras V solidos
                <lb/></item>
              <item> item pro portagio dicte calcis de <foreign>Toyssey</foreign> apud Castellionem
                : XXXV solidos III denarios <lb/></item>
              <item> item in expensis et custodia <foreign>Marpaut</foreign> pro undecim diebus et
                Guillermini de Matiscone per tres dies <del rend="overstrike">et Bertr</del>, et
                fuerunt suspensi ad furcas, et mengaillia <lb/> Bertrandi per octo dies et
                  <foreign>Butefeu</foreign> per tres dies, et fuerunt fustati per villam et banniti
                de terra, et mengaillia <foreign>Broyerat</foreign> qui interfecerat unum <lb/>
                hominem per quadraginta dies, et fuit redditus domino Iohanni de Rubeo Monte,
                castellano Coloniaci, ubi fuit suspensus : XXV solidos <lb/></item>
              <item> item libravit sibi ipsi pro salario suo per dictum tempus, ad rationem viginti
                librarum de salario per annum, videlicet pro se, uno cliente et una guayta : XVI
                libras XVIII solidos </item>
              <lb/>
              <item> item expense recipientium computum presentem : XV solidos</item>
              <item> summa librate : LXVIII lb. V s. X d. vien.</item>
            </list></p>
        </div>
        <div xml:id="bilan_expense_et_librate">
          <p><lb/><list>
              <item> summa tottalis expense et librate : LXXI lb. XVII s. VIII d. vien.</item>
            </list></p>
        </div>
      </div>
      <div xml:id="bilan_compte">
        <p><lb/><list>
            <item>et sic debet dictus castellanus : VI<hi rend="sup">XX</hi> I libras XIX solidos IX
              denarios viennensium</item>
            <item> de quibus deduncuntur <lb/> quos non potuit recuperare de redditu superius
              computato ut in particulis in dorsso presentis rotuli<note> Voir vue 32.<milestone
                  n="32" unit="vue"/></note> : VIII solidi X denarii viennensium <lb/> et sic restat
              quod debet dictus castellanus : VI<hi rend="sup">XX</hi> I libras X solidos XI
              denarios viennensium</item>
            <lb/>
            <item> memorandum quod debetur dicto Petro per litteram domini comitis datam die iovis
              in vigilia apostolorum Symonis et Iude anno octogesimo nono : <lb/> IIII<hi rend="sup"
                >C</hi> LIII libras III solidos IX denarios viennensium </item>
            <item> videlicet quinquaginta libras quas solvit pro domino preposito Gebennensi </item>
            <item> item octies viginti libras ex mutuo <lb/> facto domino in obsidione bastite de
                <foreign>Brigno</foreign> per manum Stephani de Sancto Reneberto </item>
            <item> item quadraginta libras quas habuit per manum domini Iohannis Floridi
              <lb/></item>
            <item> item centum tres libras tres solidos novem denarios quos pro domino solvit domino
              Iocerando de <foreign>Taney</foreign>, cui debebantur de remanentia computi sui <lb/>
              de Septimo </item>
            <item> item centum libras quas tradidit domino comiti per manum Iacobi Malabaille, de
              mutuo pro conqueremento Reversi Montis</item>
          </list></p>
      </div>
    </body>
  </text>
</TEI>
