<?xml version="1.0" encoding="UTF-8"?>
<?xml-model href="http://www.tei-c.org/release/xml/tei/custom/schema/relaxng/tei_all.rng" schematypens="http://relaxng.org/ns/structure/1.0"?>
<TEI xmlns:math="http://www.w3.org/1998/Math/MathML" xmlns="http://www.tei-c.org/ns/1.0"
        xmlns:xi="http://www.w3.org/2001/XInclude" xmlns:svg="http://www.w3.org/2000/svg"
        xml:id="B7560_3">
        <teiHeader>
                <fileDesc>
                        <titleStmt>
                                <title>Compte de Barthélémy Sylvestre, châtelain, pour la
                                        châtellenie de Châtillon-sur-Chalaronne, du mardi 30 octobre
                                        1285 au dimanche 9 février 1287 (nouveau style) <date
                                                type="debut" from-iso="12851030" cert="high"/><date
                                                type="fin" from-iso="12870209" cert="high"/></title>
                                <respStmt>
                                        <persName><name xml:lang="fra">Barthélémy
                                                  Sylvestre</name><name xml:lang="lat">Bartholomeus
                                                  Silvestris</name></persName>
                                        <resp>Châtelain</resp>
                                </respStmt>
                        </titleStmt>
                        <publicationStmt>
                                <p>Alain Kersuzan et Frédéric Chartrain, avec la collaboration de Nils Mantilleri et Jean-Michel Poisson, 
                                        <title>Compte de Barthélémy Sylvestre, châtelain, pour la
                                                châtellenie de Châtillon-sur-Chalaronne, du mardi 30 octobre
                                                1285 au dimanche 9 février 1287 (nouveau style)</title>,
                                        Lyon - Chambéry, 2011 (<title>Documents comptables des Etats de Savoie, XIIIe - XVe s.</title>)</p>
                        </publicationStmt>
                        <seriesStmt>
                                <title>Châtillon-sur-Chalaronne</title>
                        </seriesStmt>
                        <sourceDesc>
                                <p>Information about the source</p>
                        </sourceDesc>
                </fileDesc>
        </teiHeader>
        <text>
                <body>
                        <milestone n="04" unit="vue"/>
                        <pb n="4"/>
                        <div xml:id="prologue">
                                <p><lb/><note>Ce compte est numéroté <hi rend="italics">VII</hi> en
                                                tête, dans l’ordre décroissant de la numérotation
                                                médiévale des comptes du
                                                rouleau.</note><sic>Conputus</sic><note> On écrit
                                                ici <hi rend="italics">conputus</hi> pour <hi
                                                  rend="italics">computus</hi>, mais on rencontrera
                                                toujours ensuite <hi rend="italics">computum</hi>,
                                                  <hi rend="italics">computavit</hi> ou <hi
                                                  rend="italics">computare</hi> lorsque la première
                                                syllabe sera écrite en toutes lettres<hi
                                                  rend="italics">.</hi></note> Bartholomei
                                        Silvestris castellani Castellionis <lb/> a die martis ante
                                        festum omnium sanctorum anno Domini M<hi rend="sup">o</hi>
                                                CC<hi rend="sup">o</hi> LXXX<hi rend="sup">mo
                                        </hi>quinto usque ad eamdem diem <lb/> anno revoluto et
                                        extento usque ad octabas purificationis beate Marie
                                        sequentes de uno anno integro <lb/> quatuordecim
                                                <sic>edomadis</sic> et quatuor diebus et est
                                        sciendum quod <del rend="overstrike">de</del> a die martis
                                                <add place="interlinear">supradicta</add><sic>qua
                                                ipse qua ipse</sic> cepit <lb/> esse castellanus
                                        usque ad octabas purificationis beate Marie subsequentis
                                        recepit redditus castellanie Petrus
                                                <foreign>d’Estres</foreign><note> On écrit <hi
                                                  rend="italics">destres</hi>.</note><lb/> et inde
                                        computavit et a dictis octabis purificationis beate Marie
                                        usque ad eamdem diem anno sequenti recepit integre <lb/>
                                        castellanus predictus et de hiis conputat ut infra</p>
                        </div>
                        <div xml:id="recepte">
                                <div xml:id="frumentum">
                                        <head>frumentum</head>
                                        <p><lb/> idem reddit computum <list>
                                                  <item> de VI asinatis et dimidia frumenti receptis
                                                  de exitu coponagii Castellionis per eumdem annum
                                                  <lb/></item>
                                                  <item> summa : VI asinate IIII bicheti frumenti </item>
                                                  <item> de quibus in <lb/> venditione ut infra : II
                                                  asinate et I bichetus </item>
                                                  <item> et remanent : IIII asinate III
                                                  bicheti<note>de quibus … III bicheti] <hi
                                                  rend="italics">ajouté par une autre
                                                  main.</hi></note></item>
                                                </list></p>
                                </div>
                                <div xml:id="siligo">
                                        <head>siligo</head>
                                        <p><lb/> idem reddit computum <list>
                                                  <item> de XXV asinatis II bichetis siliginis
                                                  receptis de exitu coponagii predicti hoc anno </item>
                                                  <item> de V <lb/> meyteriis siliginis receptis a
                                                  Guillermo de Rispis pro messe <del
                                                  rend="overstrike">anni</del> hoc anno </item>
                                                  <item> de V meyteriis receptis a Ruffo de Bosco
                                                  pro eodem <lb/></item>
                                                  <item> de V meyteriis receptis a Bernardo de Bosco
                                                  pro eodem </item>
                                                  <item> de V meyteriis receptis a Guillaudo Syaudi
                                                  pro eodem </item>
                                                  <item> de V meyteriis receptis a Hugone
                                                  <lb/><foreign>del Chaley</foreign> pro eodem </item>
                                                  <item> de V meyteriis receptis a Laurentio de
                                                  Verneto pro eodem </item>
                                                  <item> de V meyteriis receptis de Tenneto de
                                                  Rossillione pro eodem <lb/></item>
                                                  <item> de V meyteriis receptis de Petro
                                                  <foreign>Terreczart</foreign> pro eodem
                                                  <lb/></item>
                                                  <item> summa : XXXV asinate siliginis II
                                                  bicheti</item>
                                                  <item> de quibus in <lb/> venditione ut infra :
                                                  XII asinate <add place="interlinear">II
                                                  <foreign>bichez</foreign></add></item>
                                                  <item> et restant : XXIII asinate <del
                                                  rend="grattage">II
                                                  <foreign>biche</foreign></del><note>de quibus …
                                                  XXIII asinate II biche] <hi rend="italics">ajouté
                                                  par une autre main.</hi></note></item>
                                                </list></p>
                                </div>
                                <div xml:id="fabe">
                                        <head>fabe</head>
                                        <p><lb/> idem reddit computum <list>
                                                  <item> de III bichetis II
                                                  scupis<foreign> </foreign>fabarum receptis de
                                                  exitu predicti coponagii hoc anno — et
                                                  remanent</item>
                                                  <lb/>
                                                  <item><del rend="overstrike" resp="autreMain"
                                                  >summa eadem</del></item>
                                                </list></p>
                                </div>
                                <div xml:id="milium">
                                        <head>millium</head>
                                        <p><lb/> idem reddit computum <list>
                                                  <item> de VI bichetis millii receptis de exitu
                                                  dicti coponagii hoc anno</item>
                                                  <lb/>
                                                  <item> summa : VI bicheti millii <add
                                                  resp="autreMain">— remanent</add></item>
                                                </list></p>
                                </div>
                                <div xml:id="nuces">
                                        <head>nuces</head>
                                        <p><lb/>idem reddit computum <list>
                                                  <item> de I raso nucium <del rend="overstrike"
                                                  >ce</del> recepto de exitu dicti coponagii hoc
                                                  anno</item>
                                                  <lb/>
                                                  <item> summa : I rasus nucium <add
                                                  resp="autreMain">— remanent<note> On attendrait
                                                  <hi rend="italics"
                                                  >remanet</hi>.</note></add></item>
                                                </list></p>
                                </div>
                                <div xml:id="avena">
                                        <head>avena</head>
                                        <p><lb/> idem reddit computum <list>
                                                  <item> de XII asinatis I raso avene receptis de
                                                  exitu dicti coponagii hoc anno </item>
                                                  <item> de I meyterio recepto de Iohanne de Verneto
                                                  de commanda <lb/> per annum </item>
                                                  <item> de IX meyteriis receptis ab hominibus
                                                  Iohannis de Laya pro eodem </item>
                                                  <item> de I meyterio recepto de Ogerio <foreign>Lo
                                                  Nalays</foreign> pro eodem </item>
                                                  <item> de II meyteriis receptis a <lb/> domina de
                                                  Fontana pro eodem </item>
                                                  <item> de I meyterio recepto de Payneto de La
                                                  Fayola pro eodem </item>
                                                  <item> de I meyterio recepto de Laurentia<note> On
                                                  lit ici <hi rend="italics">Laurencia</hi>, <hi
                                                  rend="italics">Poncio</hi>, <hi rend="italics"
                                                  >Laurencii</hi>, que l’on transcrit – selon la
                                                  convention d’édition prescrivant l’usage général
                                                  de la graphie classique – <hi rend="italics"
                                                  >Laurentia</hi>, <hi rend="italics">Pontio</hi>,
                                                  <hi rend="italics">Laurentii</hi>.</note> de Donno
                                                  Petro pro eodem <lb/></item>
                                                  <item> de I meyterio recepto de Leproso de La
                                                  Fayola pro eodem</item>
                                                  <lb/>
                                                  <item> summa : XVI asinate I rasus avene</item>
                                                  <item><del rend="overstrike">de quibus</del> de
                                                  quibus<note> Une rédaction antérieure, que le <hi
                                                  rend="italics">de quibus</hi> biffé introduisait
                                                  peut-être, paraît avoir été grattée.</note><lb/>
                                                  in venditione ut infra : VI asinate III
                                                  rasi</item>
                                                  <item> et remanent : IX asinate XIIII rasi<note>de
                                                  quibus … XIIII rasi] <hi rend="italics">ajouté par
                                                  une autre main.</hi></note></item>
                                                </list></p>
                                </div>
                                <div xml:id="galline">
                                        <head>galline</head>
                                        <p><lb/> idem reddit computum <list>
                                                  <item> de XIII gallinis receptis de redditu apud
                                                  Castellionem per annum — venduntur ut infra</item>
                                                </list></p>
                                </div>
                                <div xml:id="cera">
                                        <head>cera</head>
                                        <p><lb/> idem reddit computum <list>
                                                  <item> de XXX<del rend="grattage">V</del>IIII
                                                  libris<note> L’année précédente, la recette avait
                                                  été de trente-huit livres de cire, mais, comme le
                                                  précise le châtelain, « les malheurs du temps »
                                                  avaient affecté cette recette. Le grattage, qui a
                                                  transformé <hi rend="italics">XXXVIII </hi>en <hi
                                                  rend="italics">XXXIIII </hi>indique toutefois que
                                                  l’on avait d’abord omis d’en tenir compte.</note>
                                                  cere receptis de gardis et recognitionibus per
                                                  annum apud Castellionem ut in particulis in
                                                  extenta <lb/> deductis quibusdam quorum quidam
                                                  mortui sunt et alii recesserunt propter
                                                  guerram</item>
                                                  <lb/>
                                                  <item> summa : XXX<del rend="grattage">V</del>IIII
                                                  libre cere</item>
                                                </list></p>
                                </div>
                                <div xml:id="denarii_census">
                                        <head>denarii <del rend="overstrike">census</del><note>
                                                  L’écriture change à partir de cette
                                                ligne.</note></head>
                                        <p><lb/> idem reddit computum <list>
                                                  <item> de XIIII libris VIII solidis VI denariis
                                                  viennensium receptis apud Castellionem de redditu
                                                  per annum ut in particulis in extenta <lb/></item>
                                                  <item> de <unclear reason="rature">VI</unclear>
                                                  solidis <del rend="overstrike">VI denariis</del>
                                                  viennensium receptis de Peronino
                                                  <foreign>d’Estres</foreign> de redditu per annum
                                                  pro rebus quas emit a domino Petro de
                                                  <foreign>Rigneu</foreign> et a Guillermo de
                                                  <lb/><foreign>La Foillia</foreign><del
                                                  rend="overstrike">et a Guichardeto
                                                  <foreign>Colin</foreign> quos assignat domino
                                                  percipiendos de cetero super tribus pedis prati
                                                  siti subtus nemus de <foreign>La Foillia</foreign>
                                                  et super <lb/> medietate curtilis quod tenet
                                                  Peronetus Guioti subtus poipiam de <foreign>La
                                                  Foillia</foreign></del></item>
                                                  <item> de II denariis receptis ab Andrea
                                                  <foreign>Jelati<note> Lire <hi rend="italics"
                                                  >Gelati</hi>.</note></foreign> pro prato suo
                                                  versus <foreign>Clemencia</foreign><lb/> de
                                                  redditu per annum </item>
                                                  <item> de XI libris XIII solidis receptis de
                                                  teisis domorum in villa nova
                                                  <sic>Casteillionis</sic><note> Le second rédacteur
                                                  écrit alternativement <hi rend="italics"
                                                  >Castellio</hi> et <hi rend="italics"
                                                  >Casteillio</hi>.</note> hoc anno ubi levantur pro
                                                  qualibet peda <lb/> domus continente quinque
                                                  teisas de latitudine et novem teysas de
                                                  longitudine duo solidi sex denarii viennensium et
                                                  si plus vel minus <lb/> contineatur levatur pro
                                                  rata </item>
                                                  <item> de XXV solidis VI denariis receptis de
                                                  guardis et recognitionibus hoc anno ut in
                                                  particulis in extenta, deductis decem <lb/>
                                                  solidis <subst>
                                                  <del>de quibus</del>
                                                  <add>quos</add>
                                                  </subst> debebant Hugo <foreign>Rossez</foreign>,
                                                  Guillermus <foreign>Pastours</foreign>, Peronetus
                                                  Milleti et Iohannes Mercerii, a quibus non possunt
                                                  recuperari <lb/></item>
                                                  <item> de XXXIII libris IIII solidis III denariis
                                                  receptis de exitu leyde mercati Casteillionis hoc
                                                  anno </item>
                                                  <item> de XIIII libris VIII solidis VI denariis
                                                  receptis de exitu nundinarum <lb/> dicti loci in
                                                  festo beati Iohannis baptiste hoc anno : respondet
                                                  minus quam anno preterito ex eo quod nundine de
                                                  Vilariis fuerunt in vigilia dicti <lb/> festi
                                                  propter quod non fuerunt tot mercatores </item>
                                                  <item> de IIII libris XV denariis receptis de
                                                  exitu nundinarum eiusdem loci in festo beati
                                                  <sic>Mathei</sic><note> Le sanctoral lyonnais
                                                  écrit également <hi rend="italics">Mathei</hi>
                                                  pour <hi rend="italics">Matthei</hi>.</note> hoc
                                                  anno <lb/></item>
                                                  <item> de XII libris V solidis receptis de exitu
                                                  bancagii domus mercati hoc anno </item>
                                                  <item> de XIIII libris receptis de medietate firme
                                                  furni Castellionis <lb/> finite in festo beati
                                                  Iohannis baptiste anno octogesimo sexto et de alia
                                                  medietate computavit Peroninus
                                                  <foreign>d’Estres</foreign></item>
                                                  <item> de XV libris X solidis receptis a Iohannino
                                                  <lb/> furnerio et La Buateri pro medietate firme
                                                  dicti furni finiende in festo beati Iohannis
                                                  baptiste quod erit anno octogesimo septimo et tunc
                                                  <lb/> debebunt tantumdem </item>
                                                  <item> de X libris receptis de medietate firme
                                                  chacipolerie et banni vini mense augusti finite in
                                                  festo beati Iohannis <lb/> baptiste anno
                                                  octogesimo sexto et de alia medietate computavit
                                                  Peroninus <foreign>d’Estres</foreign></item>
                                                  <item> de VII libris receptis de medietate firme
                                                  chacipolerie <lb/> finiende in festo beati
                                                  Iohannis quod erit anno octogesimo septimo et tunc
                                                  debebitur tantumdem </item>
                                                  <item> de VI libris receptis de banno vini mense
                                                  <lb/> augusti anno octogesimo sexto </item>
                                                  <item> de XV solidis receptis de medietate firme
                                                  <sic>chanperie</sic> finite in festo beati
                                                  Iohannis baptiste anno octogesimo <lb/> sexto et
                                                  de alia medietate computavit dictus Peroninus
                                                  <foreign>d’Estres</foreign></item>
                                                  <item> de XX solidis receptis de medietate firme
                                                  dicte champerie finiende <lb/> in festo beati
                                                  Iohannis anno octogesimo septimo et tunc debentur
                                                  tantumdem </item>
                                                  <item> de XXVIII solidis receptis de firma
                                                  lingarum boum occisorum <lb/> in macello hoc anno </item>
                                                  <item> de VIII libris receptis de locagio
                                                  banchiarum macelli Castellionis hoc anno
                                                  accensatarum </item>
                                                  <item> de VI solidis receptis ab <lb/> Hugone
                                                  Chalveti pro firma furni sui ad usum suum per
                                                  annum </item>
                                                  <item> de II solidis receptis de Maschardo pro
                                                  firma furni sui ad usum suum</item>
                                                  <lb/>
                                                  <item> de LX solidis receptis a Peroneto de La
                                                  Venouy pro censa scripture Castellionis hoc anno </item>
                                                  <lb/>
                                                  <item> summa : VII<hi rend="sup">XX </hi>XVIII lb.
                                                  XIII s. II d. vien.</item>
                                                </list></p>
                                </div>
                                <div xml:id="laudes_vende">
                                        <head>laudes vende</head>
                                        <p><lb/> idem reddit computum <list>
                                                  <item> de L solidis viennensium receptis a Iohanne
                                                  <sic>Borsserii</sic> pro laudibus domus empte ab
                                                  uxore Faidiz </item>
                                                  <item> de II solidis VI denariis receptis de
                                                  Stephano <lb/><foreign>Basinens</foreign> pro
                                                  laudibus quarte partis domus empte a Iohanne de
                                                  <foreign>Rion</foreign></item>
                                                  <item> de XV denariis receptis a dicto Stephano
                                                  eadem de causa </item>
                                                  <item> de II solidis VI denariis receptis <lb/> a
                                                  Guillermo <foreign>Bon Jour</foreign> pro laudibus
                                                  unius pecie terre empte a Stephano <foreign>del
                                                  Pin</foreign></item>
                                                  <item> de III solidis VIII denariis receptis a
                                                  Stephano <foreign>Basinens</foreign> pro laudibus
                                                  unius <lb/> domus empte de Iohanne
                                                  <foreign>Crosier</foreign></item>
                                                  <item> de XX solidis receptis de Stephano de
                                                  <foreign>La Fargi</foreign> pro laudibus domus
                                                  empte a <sic>ffratre</sic><note> On a écrit <hi
                                                  rend="italics">affratre</hi>.</note> Guichardi
                                                  <foreign>Muner</foreign><lb/></item>
                                                  <item> de II solidis receptis a Martino Rollandi
                                                  pro laudibus unius plastri empti a Stephaneto
                                                  Pariseti </item>
                                                  <item> de V solidis receptis de Peneto macellario
                                                  <lb/> pro laudibus unius orti empti de
                                                  <foreign>Terraczart</foreign></item>
                                                  <item> de XXIIII solidis IIII denariis receptis a
                                                  Iohanne Tebaudi pro laudibus domus empte a Petro
                                                  <foreign>Belami</foreign><lb/></item>
                                                  <item> de IIII solidis IIII denariis receptis de
                                                  donno Iohanne curato de
                                                  <foreign>Buennens</foreign> pro laudibus domus
                                                  empte a Clementia et filio suo </item>
                                                  <item> de V solidis X denariis receptis <lb/> de
                                                  clerico Maschardi pro laudibus unius vercherie
                                                  empte a filio Iohannis
                                                  <foreign>Nicolas</foreign></item>
                                                  <item> de IIII solidis receptis a Guichardo
                                                  <foreign>Colyn</foreign> pro laudibus unius <lb/>
                                                  pecie terre empte de Stephano
                                                  <foreign>Basinens</foreign></item>
                                                  <item> de III solidis VIII denariis receptis a
                                                  donno G[uillermo] capellano Sancti Christofori et
                                                  nepotibus suis pro laudibus unius <lb/> domus
                                                  empte a Guichardo <foreign>Colin</foreign></item>
                                                  <item> de V solidis receptis de Stephano
                                                  <foreign>Basinens</foreign> pro laudibus unius
                                                  pecie nemoris empte ab Hudrico
                                                  <lb/><foreign>Baynier</foreign></item>
                                                  <item> de XXX solidis receptis de Stephano de
                                                  <foreign>Bioleys</foreign> et Perraudo de Sancto
                                                  Bartholomeo et nepotibus suis pro laudibus unius
                                                  domus empte <lb/> ab Hudrico
                                                  <foreign>Baynier</foreign></item>
                                                  <item> de III solidis IIII denariis receptis de
                                                  Iohanne de <unclear reason="rature"
                                                  >B[ir]eperro</unclear> pro laudibus domus empte a
                                                  Iohanne <foreign>Pascal</foreign></item>
                                                  <item> de IIII solidis IIII denariis <lb/>
                                                  receptis a Martino <foreign>Chapelan</foreign> pro
                                                  laudibus vinee empte a Guillaudo
                                                  <foreign>Syont</foreign></item>
                                                  <item> de VII solidis receptis de Peroneto
                                                  Guichardi de <foreign>Vyviers</foreign><lb/> pro
                                                  laudibus dimidie domus empte de
                                                  <foreign>Nugan</foreign> et marito eius </item>
                                                  <item> de XXX solidis receptis de Stephano de
                                                  <foreign>Moncey</foreign> et fratre suo pro
                                                  laudibus domus <lb/> empte ab Hugone Barberii </item>
                                                  <item> de XVIII solidis IIII denariis receptis de
                                                  <foreign>Chiflet</foreign> pro laudibus unius
                                                  domus empte de Stephano de Nerveynia pretio <lb/>
                                                  centum solidorum </item>
                                                  <item> de CX solidis receptis de Guioneto de
                                                  Vileta pro laudibus domus empte de
                                                  <foreign>Poleyn</foreign><sic>pretium</sic><note>
                                                  On avait écrit <hi rend="italics">pretio</hi>,
                                                  mais le mot a été raturé.</note> triginta tres
                                                  librarum</item>
                                                  <lb/>
                                                  <item> summa : XVI lb. XVII s. I d.</item>
                                                </list></p>
                                </div>
                                <div xml:id="banna">
                                        <head>banna</head>
                                        <p><lb/> idem reddit computum <list>
                                                  <item> de X solidis viennensium receptis a
                                                  Peroneto <foreign>Reguin</foreign> in octo
                                                  bichetis avene pro banno quia celaverat unum bovem
                                                  <lb/> perczonerio suo </item>
                                                  <item> de LX solidis <del rend="overstrike"
                                                  >re<supplied>ceptis</supplied></del> receptis de
                                                  Bonamico pro eo quod furatus fuerat ordeum </item>
                                                  <item> de XX solidis receptis de Merlino
                                                  barbitonsore <lb/> pro banno de quibusdam offensis
                                                  sic concordatis </item>
                                                  <item> de XX solidis receptis de Petro <foreign>Lo
                                                  Vieil</foreign> pro eo quod accusabat
                                                  <foreign>Nayssent</foreign> de furto unius <lb/>
                                                  supertunicalis et non probavit </item>
                                                  <item> de XX solidis receptis de Guillermo de
                                                  Rispis pro eo quod filius eius ceperat oves in
                                                  ovili Martini de Laya auctoritate <lb/> sua </item>
                                                  <item> de X solidis receptis de Martino de
                                                  <foreign>Chaley</foreign> pro eo quod fecerat
                                                  fossatum in strata publica </item>
                                                  <item> de XV solidis receptis ab Anthoineto Guayte
                                                  pro <lb/> eo quod scisserat auctoritate sua duos
                                                  planczones in terra Petri
                                                  <foreign>Paneter</foreign></item>
                                                  <item> de XL solidis receptis a quodam homine et
                                                  quadam muliere de
                                                  <foreign>Chalamont</foreign><lb/> pro eo quod
                                                  ceperant furtive panem in mercato </item>
                                                  <item> de X solidis receptis de munerio parvi
                                                  molendini pro eo quod ceperat de nocte sepem <lb/>
                                                  cuiusdam vicini sui </item>
                                                  <item> de XXX <supplied>solidis</supplied><note>
                                                  On a, semble-t-il, écrit <hi rend="italics"
                                                  >l</hi>, mais il est exclu de lire <hi
                                                  rend="italics">libris</hi>, puisque le total de la
                                                  recette est de 14 livres.</note> receptis de
                                                  Iaquino de Sancto Triverio pro eo quod
                                                  <sic>austulit</sic> cuidam homini unam equam in
                                                  mercato <lb/></item>
                                                  <item> de XV solidis receptis de Iohanne de
                                                  <foreign>Clerzeins</foreign> pro eo quod ceperat
                                                  capucium Pontii <foreign>Vayro</foreign> ultra
                                                  voluntatem suam </item>
                                                  <item><sic>de decem solidis receptis</sic><note>
                                                  La phrase n’a pas été achevée.</note></item>
                                                  <item><add place="leftMargin"> de XX solidis
                                                  receptis de clamis per dictum tempus</add></item>
                                                  <lb/>
                                                  <item> summa : XIIII lb. vien. — in quibus
                                                  castellanus <lb/> percipit tertiam partem per
                                                  conventionem sibi factam, cum salario
                                                  infrascripto</item>
                                                  <item> et remanent domino : IX libre VI solidi
                                                  VIII denarii<note> Il y a ensuite une
                                                  demi-douzaine de mots qui ont été effacés par
                                                  grattage du parchemin. Peut-être avait-on écrit
                                                  une première fois ici <hi rend="italics">idem
                                                  reddit computum de L libris viennensium</hi>
                                                  …</note></item>
                                                </list></p>
                                </div>
                                <div xml:id="iterum_banna">
                                        <head><add>iterum</add> banna</head>
                                        <p><lb/><list>
                                                  <item> idem reddit computum de L libris
                                                  viennensium receptis a <foreign>Dino</foreign> et
                                                  <foreign>Albiz</foreign> de Florencia
                                                  <sic>cavorcinis</sic><note> Lire <hi
                                                  rend="italics">caorsini</hi>.</note> Chasteillonis
                                                  de concordia facta <lb/> cum domino comite de eo
                                                  quod castellanus <sic>eum</sic><note> On attendait
                                                  <hi rend="italics">eos</hi>.</note> accusabat
                                                  retinuisse <sic>copunagia</sic><note> Lire <hi
                                                  rend="italics">coponagia</hi>.</note> de magnis
                                                  quantitatibus bladi apud Chasteillonem venditis
                                                  per ipsos</item>
                                                </list></p>
                                </div>
                                <div xml:id="iudei">
                                        <head><supplied>iudei</supplied></head>
                                        <p><list>
                                                  <item> idem reddit computum de IIII libris
                                                  viennensium receptis a <foreign>Naissent</foreign>
                                                  iudeo pro intragio garde et mansionis sue a domino
                                                  sibi concesse apud Castellonem ad <lb/> sexaginta
                                                  solidos viennensium de censa annuatim de qua censa
                                                  nichil computat quia iudeus eam non debet usque ad
                                                  nativitatem Domini <lb/> que erit anno octogesimo
                                                  septimo</item>
                                                  <item> summa : IIII lb.</item>
                                                </list></p>
                                </div>
                          <div xml:id="escheyte">
                                        <head>eyscheite</head>
                                        <p><lb/><list>
                                                  <item> idem reddit computum de XX solidis
                                                  viennensium receptis de quinque bichetis siliginis
                                                  inventis in domo sororis Baret apud Novila que
                                                  acusabatur de furto <lb/> et fugit</item>
                                                  <item> summa : XX s.</item>
                                                </list></p>
                                </div>
                                <div xml:id="venditiones">
                                        <head>venditiones</head>
                                        <p><lb/> idem reddit computum <list>
                                                  <item> de IIII libris V solidis viennensium
                                                  receptis de duabus asinatis uno bicheto frumenti
                                                  venditis ut supra, qualibet asinata XL<hi
                                                  rend="sup">ta</hi> solidos <lb/></item>
                                                  <item> de XIX libris IIII solidis receptis de
                                                  duodecim asinatis et duobus bichetis <del
                                                  rend="overstrike">avene</del> siliginis venditis
                                                  ut supra, qualibet asinata triginta duos <lb/>
                                                  solidos, dictis duobus bichetis deductis quia dati
                                                  sunt pro gietis </item>
                                                  <item> de VII libris VIII solidis VI denariis
                                                  receptis de sex asinatis tribus rasis <lb/> avene
                                                  venditis ut supra, qualibet asinata viginti
                                                  quatuor solidos </item>
                                                  <item> de IIII solidis IIII denariis receptis de
                                                  tresdecim gallinis venditis ut supra</item>
                                                  <lb/>
                                                  <item> summa : XXXI lb. XXII d.</item>
                                                </list></p>
                                        <p><lb/> idem reddit computum <list>
                                                  <item> de XXX solidis viennensium receptis de
                                                  feudo quondam Morete quod tenet dominus Hugo
                                                  <foreign>Meschins</foreign><add
                                                  place="interlinear">et valet dictum feudum per
                                                  annum tresdecim solidos — inquiratur</add> nec
                                                  fecit usagium pro tribus annis, deductis <lb/>
                                                  novem solidis traditis pro sepultura dicte Morete </item>
                                                  <item> de V solidis receptis de feudo Iohannis de
                                                  <foreign>Meunay</foreign> quod valet per annum
                                                  quatuordecim solidos <lb/> redditus et reductum
                                                  est ad manum domini ex eo quod non fecit feudum
                                                  domino comiti, et residuum non recuperavit quia
                                                  dictus Iohannes habuerat <milestone n="05"
                                                  unit="vue"/><pb n="5"/><lb/> de feudo Alaisie de
                                                  Sura de quo non est factum usagium domino comiti
                                                  et quod castellanus reduxit ad manum domini : ea
                                                  de causa nichil computat quia nichil habuit <lb/>
                                                  hoc anno, sed debet inde computare anno futuro
                                                  nisi interim concordaverit cum domino comite </item>
                                                  <item> sexta pars decime de
                                                  <foreign>Buennens</foreign> reducta est ad <lb/>
                                                  manum domini quia de ipsa non est factum homagium
                                                  domino et de exitu decime debet computare anno
                                                  futuro nisi interim concordatum fuerit<note> On
                                                  avait d’abord écrit <hi rend="italics"
                                                  >concordavit</hi>, et le mot est raturé.</note>
                                                  cum domino comite</item>
                                                </list></p>
                                </div>
                                <div xml:id="bilan_recepte">
                                        <p><lb/><list>
                                                  <item> summa <sic>tottalis</sic> recepte : CCLXXII
                                                  lb. XIII s. IX d. vien.</item>
                                                </list></p>
                                </div>
                        </div>
                        <div xml:id="expense_et_librate">
                                <p><list>
                                                <item> de quibus <lb/> in caminata castri seu
                                                  donjonis in quo moratur castellanus, que destructa
                                                  erat quasi tota, reficienda et tecto ipsius
                                                  donjonis recohoperiendo <lb/> et una porta facta
                                                  in introitu dicti donjonis : XXV solidos VI
                                                  denarios viennensium </item>
                                                <item> item pro domo mercati recohoperienda a parte
                                                  porte de <foreign>Vilars</foreign> et
                                                  <unclear>terraill[iis]</unclear> dicte domus
                                                  recurandis et fossato quod vadit per medium dicte
                                                  domus platelando : XLIX solidos VII denarios </item>
                                                <item> item in duobus chafallis que sunt in plano
                                                  <sic>castro</sic> ubi <unclear
                                                  reason="support rogné">est</unclear><lb/> capella
                                                  recohoperiendis videlicet pro tegula et carronibus
                                                  et calce emptis et <del rend="overstrike"
                                                  >expensis</del> stipendiis recohoperientium et
                                                  duobus hostiis factis in uno <lb/> dictorum
                                                  chafallorum : XXVIII solidos VI denarios </item>
                                                <item> item pro marremio empto ad sexdecim eschifas
                                                  factas in clausuris ville et castri Chasteillionis
                                                  de mandato domini <lb/> comitis ut per litteram
                                                  eius de mandato quam ostendit : XIIII libras IIII
                                                  solidos VI denarios </item>
                                                <item> item pro clavis emptis ad ipsas : IX solidos
                                                  II denarios </item>
                                                <item> item pane dato hominibus
                                                  <sic>aducentibus</sic> dictum <lb/> marremium ad
                                                  currus : XVI solidos XI denarios </item>
                                                <item> item pro cletis positis in dictis eschifis :
                                                  XII solidos </item>
                                                <item> item pro factura ipsarum eschifarum dato in
                                                  taschiam : CIIII solidos <lb/></item>
                                                <item> item pro postibus <del rend="overstrike"
                                                  >mi</del> positis circa chafallum quo
                                                  custodiebantur Vituper et alii malefactores domini
                                                  et una sera et clave positis in hostio dicti <lb/>
                                                  chafalli : XVIII solidos </item>
                                                <item> item in stipendiis diversorum nuntiorum
                                                  missorum per tempus supradictum et exploratorum
                                                  pro negotiis domini : XLIX solidos XI denarios </item>
                                                <item> item in expensis undecim <lb/> hominum cum
                                                  armis chiminantium inimicos domini versus
                                                  <foreign>Monluel</foreign> et versus
                                                  <foreign>Perroges</foreign> per duos dies et
                                                  expensis factis <del rend="overstrike">ad</del> in
                                                  chiminandis <lb/> roteriis et malefactoribus
                                                  domini pluribus vicibus ut in particulis : VIII
                                                  libras XIX solidos </item>
                                                <item> item in expensis domini Guigonis <foreign>dou
                                                  Says</foreign>, Perraudi
                                                  <foreign>Chaba<unclear>i</unclear>a</foreign><note>
                                                  Le nom paraît raturé. </note>, Pontii
                                                  <lb/><foreign>Breyssent</foreign> et cuiusdam
                                                  alterius morantium una die in garnisone apud
                                                  Chasteillionem dum castellanus erat in obsidione
                                                  de <foreign>Cusie</foreign> : XII solidos </item>
                                                <item> item in expensis <lb/> factis pro hominibus
                                                  cum armis et clientibus quos <del
                                                  rend="overstrike">de</del> duxit secum quando
                                                  cavorcini Sancti Laurentii fuerunt verberati :
                                                  XXIIII solidos IX denarios </item>
                                                <item> item in <lb/> expensis
                                                  <foreign>Franceys</foreign><foreign>de
                                                  Broces</foreign> custodientis unum latronem in una
                                                  ecclesia per tres dies et fuit captus quando
                                                  exibat et amputata fuit <lb/> ei auricula : V
                                                  solidos </item>
                                                <item> item in expensis et custodia <foreign>del
                                                  Berruyer</foreign> qui offendebat dominum per
                                                  tresdecim dies et fuit suspensus ad furcas : <lb/>
                                                  XIX solidos VI denarios </item>
                                                <item> item Andree <foreign>del Mulin</foreign> pro
                                                  labore suo de colligendo leydam quia non potuit
                                                  accensari : XXX solidos </item>
                                                <item> item in stipendiis dicti castellani <lb/> et
                                                  unius socii cum armis apud Burgum in festo beati
                                                  Martini et die sequenti anno octogesimo quinto de
                                                  mandato domini Evvrardi de
                                                  <foreign>Mornay</foreign> tunc <lb/> baillivi et
                                                  expensis trium hominum cum armis per duos dies
                                                  quos tenuit de mandato ipsius apud Burgum mense
                                                  ianuarii eodem anno<note>En janvier 1286 (nouveau
                                                  style).</note> ut <lb/> per litteram ipsius : L
                                                  solidos </item>
                                                <item> item in expensis <foreign>Byart
                                                  </foreign>suspensi ad furcas et dicti Joculatoris
                                                  et cuiusdam alterius latronis quibus amputate
                                                  fuerunt auricule <lb/> et cuiusdam mulieris
                                                  <sic>futisgate</sic><note> On avait commencé à
                                                  écrire <hi rend="italics">fuga</hi> et le mot a
                                                  été maladroitement raturé.</note> per villam et
                                                  expensis clientum ipsos capientium et mingaillia
                                                  dicti <foreign>Byart</foreign> apud
                                                  <foreign>Chalamont</foreign> : XXII solidos VI
                                                  denarios </item>
                                                <item> item in expensis dicti
                                                  <foreign>Bermont</foreign><lb/> factis capiendo
                                                  unum furem suspensum apud Burgum : V solidos<note>
                                                  Cette dernière dépense a été ajoutée après
                                                  coup.</note></item>
                                                <item> summa : XLVII lb. V s. X d. vien.</item>
                                        </list></p>
                                <div xml:id="librata">
                                        <head>librata</head>
                                        <p><lb/><list>
                                                  <item>idem libravit domine comitisse in viginti
                                                  duodenis caseorum emptorum et sibi missorum versus
                                                  Sanctum Georgium <add place="interlinear">mense
                                                  decembris anno octogesimo sexto</add> : CXII
                                                  solidos viennensium <lb/></item>
                                                  <item> item libravit domino Guillermo de
                                                  <foreign>Juys</foreign> baillivo Baugiaci ut per
                                                  confessionem ipsius videlicet in expensis suis
                                                  eundo apud Lugdunum cum decano <lb/> Viennensi et
                                                  expensis equi Guillermi de Chandeya et <del
                                                  rend="overstrike">dena[riis]</del> triginta
                                                  solidis dicto baillivo traditis : IIII libras II
                                                  solidos <lb/></item>
                                                  <item> item libravit abbati et conventui
                                                  Ambrognaci per litteras domini comitis de mandato
                                                  datas die veneris post inventionem sancte crucis
                                                  anno octogesimo sexto <lb/> et litteras dicti
                                                  abbatis de recepta videlicet pro septies viginti
                                                  cartallis frumenti que dominus precepit eis
                                                  liberari : IIII<hi rend="sup">XX </hi>V libras XV
                                                  solidos <lb/></item>
                                                  <item> item libravit domino Evvrardo de Mornay
                                                  quando erat baillivus Baugiaci ut per litteram
                                                  suam datam in quindena<foreign
                                                  > </foreign>purificationis beate Marie anno
                                                  octogesimo quinto<note> Le samedi 16 février 1286
                                                  (nouveau style).</note><lb/> videlicet pro decem
                                                  libris novem solidis uno denario parisiensium : XV
                                                  libras XIII solidos VII denarios viennensium de
                                                  quibus <lb/> dictus baillivus computavit duodecim
                                                  libras quindecim solidos viennensium tantum et
                                                  residuum debet domino <lb/></item>
                                                  <item> item libravit domine comitisse in viginti
                                                  duodenis caseorum et tribus centum ulnis tele ut
                                                  per litteram suam datam die lune post carniprivium
                                                  <lb/> anno octogesimo quinto<note> Le lundi 5 mars
                                                  1286 (nouveau style).</note> : XIIII libras V
                                                  solidos <lb/></item>
                                                  <item> item eidem domine comitisse ut per litteram
                                                  suam datam mense <sic>mayi</sic> anno octogesimo
                                                  sexto : XXXV libras et <lb/> ultra hoc continetur
                                                  in dicta littera quod tradat Hugoni de Gorrevout
                                                  tria meiteria siliginis <lb/></item>
                                                  <item> item Guillermino de Buenc per litteram
                                                  domini comitis de mandato datam die veneris post
                                                  inventionem sancte crucis anno octogesimo sexto et
                                                  per <lb/> litteram ipsius de recepta datam anno
                                                  eodem : XL libras <lb/></item>
                                                  <item> item libravit domino comiti ad expensas
                                                  hospitii sui per manum Hugonis de Voyrone clerici
                                                  ut per litteram domini datam die lune ante festum
                                                  sancti Petri ad <lb/> vincula anno octogesimo
                                                  sexto : XXXIIII libras XVI solidos X denarios
                                                  <lb/></item>
                                                  <item> item libravit Petro de Montemeliano clerico
                                                  per litteram eiusdem datam die martis post festum
                                                  beati Nicolay anno octogesimo sexto ad <lb/>
                                                  emendum porcos et vinum pro domino comite :
                                                  VIII<hi rend="sup">XX</hi> XIX libras viennensium
                                                  <lb/></item>
                                                  <item> item in expensis equi et garcionis
                                                  Achzoneti de Chayssiou a die et festo sancti
                                                  Martini hyemalis anno octogesimo quinto usque ad
                                                  diem veneris post <lb/> adnuntiationem beate Marie
                                                  anno eodem<note> Du dimanche 11 novembre 1285 au
                                                  vendredi 29 mars 1286 (nouveau style).</note>
                                                  videlicet pro viginti edomadis minus duobus diebus
                                                  et tunc fuerunt liberati quitti de mandato domini
                                                  <lb/> comitis ut per litteras suas datas die iovis
                                                  post adnuntiationem beate Marie anno octogesimo
                                                  quinto<note> Le jeudi 28 mars 1286 (nouveau
                                                  style).</note> : X libras VIII solidos
                                                  <lb/></item>
                                                  <item> item libravit sibi ipsi pro salario suo per
                                                  tempus supradictum videlicet pro se et uno socio
                                                  equite, uno cliente, una guayta et una bayeta ad
                                                  rationem <lb/> quadraginta librarum de salario per
                                                  annum : LI libras IIII solidos VI denarios</item>
                                                  <lb/>
                                                  <item> summa librate : CCCCLXXV lb. XVI s. XI
                                                  d.</item>
                                                </list></p>
                                </div>
                                <div xml:id="bilan_recepte_et_librate">
                                        <p><lb/><list>
                                                  <item> summa tottalis expense et librate : V<hi
                                                  rend="sup">C</hi> XXIII lb. II s. IX d.
                                                  vien.</item>
                                                </list></p>
                                </div>
                        </div>
                        <div xml:id="bilan_compte">
                                <p><lb/><list>
                                                <item> et sic debetur dicto castellano CCL libras IX
                                                  solidos viennensium<note> La suite du texte,
                                                  jusqu’à la fin, paraît écrite après coup en
                                                  plusieurs fois, à considérer les variations de
                                                  l’écriture, ce que confirme pleinement le
                                                  contenu.</note></item>
                                                <item> quibus <sic>aduntur</sic><note> Lire <hi
                                                  rend="italics">adduntur</hi>.</note> VII libre XV
                                                  solidi viennensium <lb/> quos tradidit Petro de
                                                  Montemeliano clerico videlicet in doliis emptis
                                                  cum vino portato apud Sanctum Georgium a
                                                  <foreign>Poillat</foreign> et Clemente de <lb/>
                                                  Ponte Vallium</item>
                                                <item> et sic est <unclear>summa</unclear> quod
                                                  debetur eidem : CC LVIII libre IIII solidi
                                                  viennensium</item>
                                                <item> de quibus <lb/> recepit a se ipso de
                                                  remanentia computi sui domus de Chivrous et
                                                  castellanie Pontis Vallium : CCXXVIII libras VIII
                                                  solidos III obolos viennensium</item>
                                                <lb/>
                                                <item> et sic debetur dicto castellano : XXIX libras
                                                  XV solidos X denarios obolum viennensium</item>
                                                <item> quibus aduntur C solidi viennensium <lb/> pro
                                                  parte quam castellanus percipit in quinquaginta
                                                  libris supradictis receptis a Dino et Albiz de
                                                  Florencia cavorcinis ratione qua supra <lb/>
                                                  videlicet in qualibet libra duos solidos de quibus
                                                  dicto castellano nichil est superius allocatum
                                                  <lb/> et sic est summa quod debetur dicto
                                                  castellano : XXXIIII lb. XV s. X d. ob.
                                                  vien.</item>
                                        </list></p>
                        </div>
                </body>
        </text>
</TEI>
