<?xml version="1.0" encoding="UTF-8"?>
<?xml-model href="http://www.tei-c.org/release/xml/tei/custom/schema/relaxng/tei_all.rng" schematypens="http://relaxng.org/ns/structure/1.0"?>
<TEI xmlns:math="http://www.w3.org/1998/Math/MathML" xmlns="http://www.tei-c.org/ns/1.0"
  xmlns:xi="http://www.w3.org/2001/XInclude" xmlns:svg="http://www.w3.org/2000/svg"
  xml:id="B7560_12">
  <teiHeader>
    <fileDesc>
      <titleStmt>
        <title>Compte de Pierre d’Estres (Petrus d’Estres), châtelain, pour la châtellenie de
          Châtillon-sur-Chalaronne, du mercredi 13 avril 1295 au 13 avril 1296 <date type="debut"
            from-iso="12950413" cert="high"/><date type="fin" from-iso="12960413" cert="high"
          /></title>
        <respStmt>
          <persName><name xml:lang="fra">Pierre d'Estrés</name><name xml:lang="lat">Petrus
              d’Estres</name></persName>
          <resp>Châtelain</resp>
        </respStmt>
      </titleStmt>
      <publicationStmt>
        <p>Alain Kersuzan et Frédéric Chartrain, avec la collaboration de Nils Mantilleri et Jean-Michel Poisson, 
          <title>Compte de Pierre d’Estrés (<hi rend="italics">Petrus d’Estres</hi>), châtelain, pour la châtellenie de
            Châtillon-sur-Chalaronne, du mercredi 13 avril 1295 au 13 avril 1296</title>,
          Lyon - Chambéry, 2012 (<title>Documents comptables des Etats de Savoie, XIIIe - XVe s.</title>)</p>
      </publicationStmt>
      <seriesStmt>
        <title>Châtillon-sur-Chalaronne</title>
      </seriesStmt>
      <sourceDesc>
        <p>Information about the source</p>
      </sourceDesc>
    </fileDesc>
  </teiHeader>
  <text>
    <body>
      <milestone n="18" unit="vue"/>
      <pb n="20"/>
      <div xml:id="prologue">
        <p><lb/>Computus Petri <foreign>d'Estres</foreign><note>On écrit ici <hi rend="italics"
              >destres, despay, despinez</hi>, pour <hi rend="italics">d’Estres, d’Espay,
              d’Espinez</hi>.</note> castellani Castellionis de Challarona a tertia decima die
          mensis <lb/> aprilis anno Domini M<hi rend="sup">o</hi> CC nonagesimo quinto usque ad
            <sic>eandem</sic><note>On écrit ici <hi rend="italics">eandem, quendam pour eamdem,
              quemdam</hi>, ainsi que <hi rend="italics">Lonbardi, tonberellis</hi> pour <hi
              rend="italics">Lombardi, tomberellis</hi>, et <hi rend="italics">Canpis, tenpus,
              chanperie</hi> pour <hi rend="italics">Campis, tempus, champerie</hi>. On écrit
            cependant régulièrement <hi rend="italics">computus, -i</hi> ou <hi rend="italics"
              >emptus, -a, -um</hi>.</note> diem anno nonagesimo sexto videlicet de uno anno integro
          <lb/> receptus apud Camberiacum </p>
      </div>
      <div xml:id="recepte">
        <div xml:id="frumentum">
          <head>frumentum</head>
          <p><lb/> idem reddit computum <list>
              <item> de IX asinatis I meyterio frumenti receptis de exitu coponagii a tertia decima
                die mensis aprilis anno <lb/> nonagesimo<note type="césure"><hi rend="italics"
                    >no<lb/>nagesimo</hi></note> quinto usque ad diem veneris sextam diem mensis
                aprilis post octabam paschatis anno nonagesimo sexto videlicet de quinquaginta <lb/>
                una septimanis </item>
              <item> de decima de <foreign>Buenens</foreign> nichil hoc anno in frumento</item>
            </list></p>
          <div type="sub">
            <head>arreragium</head>
            <p><list>
                <item> de X asinatis I bicheto receptis de <lb/> remanentia computi sui precedentis
                </item>
              </list></p>
          </div>
          <div>
            <p><lb/><list>
                <item> summa : XIX asinate III bicheti frumenti </item>
                <item> et remanent</item>
              </list></p>
          </div>
        </div>
        <div xml:id="siligo">
          <head>siligo</head>
          <p><lb/> idem reddit computum <list>
              <item> de XII asinatis IIII bichetis siliginis receptis in castellania Castellionis
                pro messe hoc anno et levantur a quolibet <lb/> homine excolente ad duos boves vel
                plures decem bicheti siliginis ab excolente ad unum bovem tantum quinque bicheti et
                <lb/> respondet minus quam anno preterito de quinque bichetis quia Andreas de
                Verneto solet tenere unum bovem et modo non <lb/> tenet </item>
              <item> de XLVII asinatis I meyterio siliginis receptis de exitu coponagii per dictum
                tempus ut supra in frumento</item>
              <lb/>
              <item> de II asinatis et dimidia receptis de exitu decime de
                  <foreign>Buenens</foreign> hoc anno et respondet minus solito propter
                sterilitatem</item>
            </list></p>
          <div type="sub">
            <head>arreragium</head>
            <p><lb/><list>
                <item> de LXXII asinatis et dimidia receptis de remanentia computi sui precedentis
                </item>
              </list></p>
          </div>
          <div>
            <p><lb/><list>
                <item> summa : VI<hi rend="sup">XX</hi> XIIII asinate VI bicheti siliginis </item>
                <item> venduntur ut infra</item>
              </list></p>
          </div>
        </div>
        <div xml:id="avena">
          <head>avena</head>
          <p><lb/> idem reddit computum <list>
              <item> de XXVII asinatis avene et II rasis receptis de exitu coponagii per dictum
                tempus ut supra in frumento</item>
              <lb/>
              <item> de II asinatis et dimidia receptis de exitu decime de
                  <foreign>Buenens</foreign> hoc anno </item>
              <item> de I meyterio recepto de Petronilla <lb/> de <foreign>La Fayola</foreign> de
                redditu per annum </item>
              <item> de XI meyteriis receptis de gardis per annum ut in particulis in extenta <lb/>
                deducto uno meyterio quem debebat Paynetus de <foreign>La Fayola</foreign> qui
                mortuus est</item>
            </list></p>
          <div type="sub">
            <head>arreragium</head>
            <p><list>
                <item> de XXX asinatis <lb/> et V rasis receptis de remanentia computi sui
                  precedentis </item>
              </list></p>
          </div>
          <div>
            <p><lb/><list>
                <item> summa : LXII asinate XI rasi avene </item>
                <item> de quibus <lb/> libravit ad expensas hospitii domini factas per manum
                    <sic>donni</sic> Iacobi capellani per litteras domini et dicti donni Iacobi
                  datas die martis <lb/> in vigilia beati Bartholomei anno nonagesimo quinto quas
                  reddit : XIIII rasos avene </item>
                <item> item libravit ad expensas trium equarum <lb/> emptarum<note type="césure"><hi
                      rend="italics">emp<lb/>tarum</hi></note> ad opus operum domini apud
                  Castillionem a die mercurii ante vetus carniprivium usque ad quindenam paschatis
                  anno <lb/> nonagesimo<note type="césure"><hi rend="italics"
                    >no<lb/>nagesimo</hi></note> sexto et adduxerunt lapides in castro Castellionis
                  per dictum tempus : IIII asinatas XI rasos </item>
                <item> et <lb/> restant LVII asinate et II rasi avene </item>
                <item> et remanent</item>
              </list></p>
          </div>
        </div>
        <div xml:id="fabe">
          <head>fabe</head>
          <p><lb/> idem reddit computum <list>
              <item> de I asinata pisorum et fabarum receptis de exitu coponagii per dictum tempus </item>
              <item> venditur ut infra</item>
            </list></p>
        </div>
        <div xml:id="milium">
          <head>milium</head>
          <p><lb/> idem reddit computum <list>
              <item> de VII bichetis milii receptis de exitu coponagii per dictum tempus ut supra in
                frumento </item>
              <item> venduntur ut infra</item>
            </list></p>
        </div>
        <div xml:id="nuces">
          <head>nuces</head>
          <p><lb/> idem reddit computum <list>
              <item> de IIII rasis nucium receptis de exitu coponagii per dictum tempus ut supra in
                frumento </item>
              <item> venduntur ut infra</item>
            </list></p>
        </div>
        <div xml:id="galline">
          <head>galline</head>
          <p><lb/> idem reddit computum <list>
              <item> de XIIII gallinis receptis in dicta castellania de redditu per annum </item>
              <item> venduntur ut infra</item>
            </list></p>
        </div>
        <div xml:id="vinum">
          <head>vinum</head>
          <p><lb/> de exitu decime de <foreign>Buenens</foreign> nichil hoc anno</p>
        </div>
        <div xml:id="cera">
          <head>cera</head>
          <p><lb/> idem reddit computum <list>
              <item> de LIIII libris cere receptis de gardis per annum ut in particulis in extenta </item>
              <item> de I libra recepta de <lb/> Iohanne Grussini </item>
              <item> de I libra recepta de donno Petro Fabri et eius sorore pro eodem </item>
              <item> de I libra recepta de Petro Bergerii</item>
              <lb/>
              <item> de I libra recepta de <foreign>Blanchiflour de Clemencia</foreign></item>
              <item> de I libra recepta de filio Boni Amoris de <foreign>Chaseles</foreign></item>
              <item> de <lb/> VIII libris receptis de quibusdam hominibus de nominibus quorum ad
                presens non recolit </item>
            </list></p>
          <div type="sub">
            <head>arreragium</head>
            <p><list>
                <item> De LIII libris et dimidia receptis <lb/> de remanentia computi sui
                  precedentis</item>
              </list></p>
          </div>
          <div>
            <p><lb/><list>
                <item> summa : VI<hi rend="sup">XX</hi> libre et dimidia cere </item>
                <item> et remanent</item>
              </list></p>
          </div>
        </div>
        <div xml:id="denarii_census">
          <head>denarii census</head>
          <p><lb/> idem reddit computum <list>
              <item> de XVII libris XVIII solidis I denario III podigiis<note>On attendrait <hi
                    rend="italics">podrigiis</hi>.</note> viennensium receptis in dicta castellania
                de redditu per annum ut in particulis <lb/> extractus extente </item>
              <item> de XIII libris receptis de teysis domorum in villa franca Castellionis hoc anno </item>
              <item> de <lb/> XXXIX solidis VI denariis receptis de gardis et recognitionibus ut in
                particulis extente </item>
              <lb/>
              <item> summa : XXXII libre XVII solidi VII denarii III podigie viennensium</item>
            </list></p>
        </div>
        <div xml:id="firme">
          <head>firme</head>
          <p><lb/> idem reddit computum <list>
              <item> de LVI libris VI solidis IIII denariis viennensium receptis de exitu leyde
                mercati Castellionis a tertia decima die mensis <lb/> aprilis anno nonagesimo quinto
                usque ad diem dominicam octavam diem eiusdem mensis anno nonagesimo sexto </item>
              <item> de XX libris XVIII <lb/> solidis VI denariis receptis de banchagiis domus
                mercati per dictum tempus et levatur medietas in festo beati Iohannis et alia
                medietas in festo nativitate Domini</item>
              <lb/>
              <item> de XXVIII libris X solidis receptis de exitu duarum nundinarum Castellionis hoc
                anno quarum una est in festo beati <lb/> Iohannis baptiste et alia in festo beati
                Mathie apostoli </item>
              <item> de LXII solidis receptis de exitu ponderis bladi per idem tempus</item>
              <lb/>
              <item> de XVI libris X solidis receptis de medietate firme furni Castellionis finite
                in festo beati Iohannis baptiste anno nonagesimo quinto et <lb/> de alia medietate
                computavit in computo precedenti </item>
              <item> de XVI libris XV solidis receptis de medietate eiusdem firme finiende in <lb/>
                festo beati Iohannis baptiste anno nonagesimo sexto et de alia medietate computavit
                in computo precedenti </item>
              <item><sic>de de</sic> V solidis <lb/> receptis de Hugone Chalveti et relicta
                Guillermi Maschardi pro firma furni sui ad usum suum tantum </item>
              <item> de XIII libris receptis de medietate firme chacipularie Castellionis finite in
                festo beati Iohannis baptiste anno nonagesimo quinto et de <lb/> alia medietate
                computavit in computo precedenti </item>
              <item> de XIII libris receptis de medietate eiusdem firme finiende in festo <lb/>
                beati Iohannis baptiste anno nonagesimo sexto et tunc debentur tantumdem </item>
              <item> de XXIII solidis receptis de medietate firme <lb/> chanperie finite eodem festo
                anno nonagesimo quinto et de alia medietate computavit in computo precedenti </item>
              <item> de XXIII <lb/> solidis receptis de medietate eiusdem firme finiende in festo
                beati Iohannis baptiste anno nonagesimo sexto et tunc debentur tantumdem</item>
              <lb/>
              <item> de XVIII solidis receptis de medietate firme linguarum boum occisorum in
                macello finite eodem festo anno nonagesimo <lb/> quinto </item>
              <item> de XVIII solidis receptis de medietate eiusdem firme finiende in festo eodem
                anno nonagesimo sexto et <lb/> tunc debentur tantumdem </item>
              <item> de LX solidis receptis de Petro de <foreign>La Venoyni</foreign> pro firma
                scripture Castellionis de <lb/> uno anno finito in festo purificationis beate Marie
                anno nonagesimo quinto </item>
              <item> de XII libris XII denariis receptis de exitu <lb/> bancarum macelli de uno anno
                finito in carniprivio anno nonagesimo quinto </item>
              <item> de C solidis receptis de firma <lb/> banni vini mense augusti anno nonagesimo
                quinto </item>
              <lb/>
              <item> summa : IX<hi rend="sup">XX</hi> XII libre IX solidi X denarii viennensium
              </item>
            </list></p>
        </div>
        <div xml:id="iudei">
          <head>iudei</head>
          <p><lb/> idem reddit computum <list>
              <item> de XX solidis receptis de <foreign>Naczant</foreign> iudeo morante apud Sanctum
                Triverium pro censa in festo beati Iohannis baptiste <lb/> per annum </item>
              <item> de IIII libris receptis de Moxe iudeo morante apud Castellionem pro censa sua
                eodem termino per annum </item>
              <lb/>
              <item> summa : C solidi viennensium</item>
            </list></p>
        </div>
        <div xml:id="laudes_et_vende">
          <head>laudes et vende</head>
          <p><lb/> idem reddit computum <list>
              <item> de IIII solidis viennensium receptis de Peroneto <foreign>Baysinens</foreign>
                pro laudibus et venditionibus operatorii empti de relicta <lb/> Pineti pretio
                viginti quatuor solidorum </item>
              <item> de IIII libris XIII solidis IIII denariis receptis de Petro
                  <foreign>d'Estres</foreign> et Iohanne Martino<note>On attendrait <hi
                    rend="italics">Iohanne Martini</hi>.</note><lb/> pro domo empta a liberis de
                  <foreign>La Chassagni</foreign> pretio viginti octo librarum </item>
              <item> de XX denariis receptis de Stephano de <foreign>Sandrens</foreign><lb/> pro
                domo empta a Iohanne de <foreign>Chassagni</foreign> pretio decem solidorum </item>
              <item> de X solidis receptis a Guigone Lonbardi pro domo <lb/> empta a fabro
                  <foreign>del Gor</foreign> pretio sexaginta solidorum </item>
              <item> de XIII solidis IIII denariis receptis a monaco de Sancto Stephano pro <lb/>
                domo empta a Guillermo <foreign>Ga<unclear>ut</unclear>er</foreign> pretio quatuor
                librarum </item>
              <item> de II solidis VI denariis receptis de <foreign>Berteler</foreign> pro terra
                <lb/> empta a Guillermeto Panaterii pretio quindecim solidorum </item>
              <item> de XXXIII solidis IIII denariis receptis de Martino de <foreign>Bisia</foreign>
                pro <lb/> domo empta a Guigone <foreign>d'Eespay</foreign> pretio decem librarum </item>
              <item> de III solidis II denariis receptis de quodam homine de Suiriaco <lb/> pro domo
                empta a Perrino de <foreign>La Rua</foreign> pretio decem et novem solidorum </item>
              <item> de L solidis receptis de Petro <foreign>d'Estres</foreign><lb/> pro domo empta
                ad reemptionem de Guillermo de Vileta pretio triginta sex librarum </item>
              <item> de X solidis receptis a dicto <lb/><foreign>Bochon</foreign> pro domo empta a
                Stephano de <foreign>Les Granges</foreign> pretio sexaginta solidorum </item>
              <item> de VII solidis VI denariis receptis <foreign>d'Espinez <lb/> de
                  Guirens</foreign> pro domo empta de <foreign>La Czolar</foreign> pretio
                quadraginta quinque solidorum </item>
              <item> de V solidis receptis de <foreign>Chalamondat</foreign><note type="césure"><hi
                    rend="italics">chalamon<lb/>dat</hi></note><lb/> pro domo empta a Martino de
                Laya pretio triginta solidorum </item>
              <item> de VI solidis receptis de Guigone <foreign>Bardel</foreign><note type="césure"
                    ><hi rend="italics">bar<lb/>del</hi></note><lb/> pro domo empta de
                  <foreign>Borser</foreign> pretio triginta sex solidorum </item>
              <item> de III solidis IIII denariis receptis de Boscheto de <foreign>Ylia</foreign>
                pro peda <lb/> empta a Iohannone Panaterii pretio viginti solidorum </item>
              <item> de XVI solidis VIII denariis receptis de Guillermo <foreign>Picout</foreign>
                pro domo <lb/> empta a Petro <foreign>d'Estres</foreign> pretio centum solidorum </item>
              <item> de XXV solidis receptis a Iohanne P<unclear>i</unclear>gna pro domo empta a
                Rufo <lb/> de Bosco pretio septem librarum decem solidorum </item>
              <lb/>
              <item> summa : XIIII libre IIII solidi X denarii viennensium</item>
            </list></p>
        </div>
        <div xml:id="banna">
          <head>banna</head>
          <p><lb/> idem reddit computum <list>
              <item> de XX solidis viennensium receptis de Blancheto de <foreign>Maygret</foreign>
                pro fractura saysine </item>
              <item> de XL solidis <lb/> receptis de Aquelino iudeo quia cepit avenam coram quodam
                roncino de nocte </item>
              <item> de XXX solidis receptis de Boconeto <lb/> de Chasno pro fractura saysine </item>
              <item> de X solidis receptis a famulo Iaqueti <foreign>Chays</foreign> pro blado quod
                cepit ultra voluntatem<note type="césure"><hi rend="italics"
                  >volun<lb/>tatem</hi></note><lb/> illius cuius erat </item>
              <item> de X solidis receptis de Vincentio de <foreign>Les Ripes</foreign> quia
                  percuxit<note>On écrit ici <hi rend="italics">percuxit, percuxerunt</hi>, pour <hi
                    rend="italics">percussit, percusserunt</hi>.</note> boverium suum</item>
              <lb/>
              <item> de XXX solidis receptis a Iohanne Bergerii quia signavit ad signum suum unum
                agnum alienum</item>
              <lb/>
              <item> de XX solidis receptis de Stephano de <foreign>Cortablins</foreign> quia
                percuxit quendam hominem in mercato </item>
              <item> de IIII libris <lb/> receptis ab hominibus de <foreign>Chavayrie</foreign> quia
                fecerunt fossatum in via publica </item>
              <item> de XV solidis receptis de Stephano <milestone n="19" unit="vue"/><pb n="21"
                /><lb/> Codurerii quia furatus fuit unum cutellum </item>
              <item> de XIIII solidis receptis de liberis <foreign>Arnolin</foreign> quia
                percuxerunt se ad invicem</item>
              <lb/>
              <item> de XX solidis receptis de Stephano de Rossillione quia percuxit quemdam hominem </item>
              <item> de XX solidis receptis ab uxore <foreign>Sarmoya</foreign> quia <lb/> cepit
                fenum alienum </item>
              <item> de X solidis receptis a Maynerio quia percuxit Guigonem de <foreign>La
                  Baczola</foreign></item>
              <item> de XX solidis receptis <lb/> de Guigone de <foreign>La Baczola</foreign> quia
                percuxit Maynerium </item>
              <item> de VIII solidis receptis a Bernardo de <foreign>Brullia</foreign> quia extraxit
                <lb/> bladum extra terram domini comitis sine licentia </item>
              <item> de XXX solidis receptis de Bulerio de Canpis quia scidit unam <lb/> salicem
                alienam </item>
              <item> de XV solidis receptis a quodam homine de <foreign>Climicia</foreign> quia
                pignoravit unum hominem de quodam vomere <lb/> in campis </item>
              <item> de X solidis receptis de Charleto de <foreign>Buenens</foreign> quia percuxit
                dictum <foreign>Paviot</foreign></item>
              <item> de X solidis receptis de Iohanne <lb/> de Serva quia extraxit ensem suum contra
                Guillermetum de Vileta </item>
              <item> de IIII libris receptis a dicto <foreign>Perruchon</foreign> quia <lb/> non
                revelavit bladum quod fuit furatum eo sciente </item>
              <item> de CX solidis receptis ab uxore Hugonis de <foreign>Benens</foreign><lb/>quia
                consentiebat furto quod maritus suus faciebat </item>
              <item> de X solidis receptis de Petito de Molendino <lb/> quia percuxit Mocetam
                  <foreign>Vilon</foreign></item>
              <item> de LX solidis receptis a Guioneto de Vileta quia percuxit Iohannem
                Uldrici</item>
              <lb/>
              <item> de IIII libris receptis a quodam homine bergerio de Chano quia celabat agnum
                alienum qui erat cum <lb/> ovibus suis </item>
              <item> de C solidis receptis de filio Tibaude, Beroudo, filio Billoudi, Lorino,
                Jocerando Mugnerii <lb/> quia abstulerunt cuidam unum barletum plenum vino violenter </item>
              <item> de XXX solidis receptis a mugnerio <lb/> de Bayo pro fractura saysine </item>
              <item> de XV solidis receptis <foreign>del Goyour</foreign> quia percuxit <foreign>La
                  Goy</foreign></item>
              <item> de <lb/> XX solidis receptis a Guigone <foreign>Bardel</foreign> quia non emit
                domum infra tenpus statutum </item>
              <item> de X solidis receptis de bonis <lb/> cuiusdam latronis capti deductis novem
                solidis pro expensis factis ipsum persequendo </item>
              <item> de XL VIII solidis receptis de <lb/> minutis clamis per dictum tempus </item>
              <lb/>
              <item> summa : XLIII libre XIX solidi viennensium deductis quatuor libris sexdecim /
                solidis pro parte castellani capientis duos solidos in libra</item>
            </list></p>
        </div>
        <div xml:id="introgia">
          <head>introgia</head>
          <p><list>
              <item><lb/> de introgiis escheytis et inventis nichil per dictum tempus</item>
            </list></p>
        </div>
        <div xml:id="venditiones">
          <head>venditiones<note type="césure"><hi rend="italics"
            >venditio<lb/>nes</hi></note></head>
          <p><lb/> idem reddit computum <list>
              <item> de XVIII solidis viennensium receptis de una asinata pisorum et fabarum sic
                vendita </item>
              <item> de XIIII solidis <lb/> receptis de septem bichetis milii venditis ut supra
                  <sic>pro pro</sic> tanto </item>
              <item> de VI solidis receptis de quatuor rasis nucium sic <lb/> venditis </item>
              <item> de IIII solidis VIII denariis receptis de quatuordecim gallinis sic venditis ut
                supra qualibet vendita quatuor <lb/> denariis </item>
              <item><sic>d</sic></item>
              <item> summa : XLII solidi VIII denarii viennensium</item>
            </list></p>
        </div>
        <div xml:id="bilan_recepte">
          <p><list>
              <lb/>
              <item> summa totius recepte : II<hi rend="sup">C</hi> IIII<hi rend="sup">XX</hi> X
                libre XIIII solidi viennensium </item>
            </list></p>
        </div>
      </div>
      <div xml:id="expense_et_librate">
        <p><list>
            <item> de quibus <lb/> in domo furni Castellionis que minabatur ruinam aptanda et
              recooperienda hoc anno ut in particulis : <lb/> XXXVI solidos I denarium </item>
            <item> in duabus banchis factis in domo mercati de novo et in una logia ibidem : XXIII
              solidos</item>
            <lb/>
            <item> in una eschifa de novo facta in clausura castri a parte tegularie et duabus aliis
              eschifis veteribus aptandis <lb/> ibidem et postibus emptis ad idem : XLIIII solidos </item>
            <item> in stipendiis nuntiorum missorum ad plures nobiles quod venirent ad <lb/>
              mandatum ballivi et pro ipsis contramandandis : IIII solidos</item>
            <item> summa : CVII solidi viennensium et I denarium</item>
          </list></p>
        <div xml:id="tegularia">
          <head>tegularia</head>
          <p><lb/><list>
              <item>in factura domus furni tegularie ad coquendum quarrones pro castro Castellionis
                faciendo et in factura unius <lb/> grangie ibidem et in factura unius pontis retro
                castrum in taschia de fusta veteris tegularie et <lb/> chafaudi veteris in taschia :
                C solidos </item>
              <item> in duodecim chivronibus et in uno miliaro latarum <lb/> emptis pro predictis
                domibus : XXXIII solidos II denarios </item>
              <item> in tegula domus et grangie veteris descendenda <lb/> et ponenda ad terram in
                taschia : VIII solidos </item>
              <item> in pane dato boveriis adducentibus predictam fustam <lb/> et tegulam a
                tegularia veteri ad novam tegulariam : XXII solidos IIII denarios </item>
              <item> in quinque milibus clavini ad <lb/> latandum emptis : XII solidos VI denarios </item>
              <item> in predicta domo furni nova et grangia predicta cooperienda de dictis <lb/>
                tegulis in taschia : XXIIII solidos </item>
              <item> in uno novo furno facto <add place="interlinear">in taschia</add> in dicta
                tegularia : LVII solidos VI denarios </item>
              <item> in platea <lb/> iuxta dictum furnum aplananda : III solidos </item>
              <item> in tribus centum cloiis emptis ad cooperiendos carones : XXI denarios</item>
              <lb/>
              <item> in factura unius muelli pro dictis quaronibus et pro ipso ferrando : III
                solidos III denarios </item>
              <item> in una banca <lb/> ad faciendum quarones : II solidos </item>
              <item> in uno ligone et uno picone ponderantibus octo libras et dimidiam emptis <lb/>
                ad trahendum terram : III solidos VI denarios </item>
              <item> in introitu pontis aplanando : IIII solidos </item>
              <item> in bosco empto pro lignis <lb/> ad opus dicte tegularie : CXIIII solidos VI
                denarios </item>
              <item> in stipendium sex hominum scindentium in dicto bosco : III solidos</item>
              <lb/>
              <item> in duabus equis et una mula emptis ad charreandum lapides quarones et ligna :
                XX libras </item>
              <item> in quatuor <lb/> tonberellis emptis : XLIIII solidos </item>
              <item> in tribus colariis : XIII solidos </item>
              <item> in tribus <foreign>sureselles</foreign> tribus bastetis et <lb/> duabus
                croperiis et <sic>scingulis</sic><note>Lire <hi rend="italics">cingulis</hi>.</note>
                capistris et cordis : XIII solidos VIII denarios </item>
              <item> in exilibus pro cadrigis et ipsis exilibus <lb/>ferrandis et sepo pro ipsis
                ungendis : VI solidos X denarios </item>
              <item> in equabus predictis<note>On paraît avoir écrit <hi rend="italics"
                    >predictus</hi>.</note> ferrandis : VII solidos </item>
              <item> in feno <lb/> empto pro dictis equabus : XXX solidos </item>
              <item> in uno camino facto a riparia usque ad dictam tegulariam in <lb/> taschia : XXV
                solidos</item>
              <item> summa : XLVI libre XII solidi viennensium</item>
            </list></p>
        </div>
        <div xml:id="librate">
          <p><lb/><list>
              <item> idem libravit ad expensas hospitii domini factas per manum donni Iacobi
                capellani per litteras domini et dicti capellani datas die <lb/> martis in vigilia
                beati Bartholomei anno Domini M<hi rend="sup">o</hi> CC<hi rend="sup">o</hi>
                nonagesimo quinto quas reddit : LXXVII solidos II denarios viennensium</item>
              <lb/>
              <item> idem libravit domino Petro de Balma ballivo terre Baugiaci de quodam debito
                quater centum librarum quas ipse finaverat <lb/> pro domino in manu Iohannis Belli
                per litteras domini de mandato et litteras dicti ballivi de recepta quas reddit : C
                libras viennensium</item>
              <lb/>
              <item> idem libravit Jofredo Guioti castellano Sancti Symphoriani pro robis emendis
                per litteras domini de mandato <add place="interlinear">et</add> per litteras dicti
                Joffredi de recepta quas reddit : LX libras viennensium</item>
              <lb/>
              <item> idem libravit Rossino Celeyri berruerio in quibus dominus sibi tenebatur pro
                emenda unius sui equi <lb/> quem amisit in servitio domini in cavalcata ante
                Burgondium per litteras domini de mandato et per litteras dicti Rossini <lb/> de
                recepta quas reddit : XXV libras viennensium </item>
              <lb/>
              <item> idem libravit in trescentis et viginti bennis calcis emptis pro clausuris ville
                Castellionis per litteras domini <lb/> de mandato quas
                  <sic>hostendit</sic><note>Lire <hi rend="italics">ostendit</hi>.</note> : XIIII
                libras III solidos</item>
              <lb/>
              <item> idem libravit domino Iohanni Floridi capellano domini pro stagno supra
                Albigniacum faciendo per litteras domini de <lb/> mandato quas reddit et per
                confessionem dicti domini Iohannis presentis : XXX libras viennensium</item>
              <lb/>
              <item> idem libravit Stephano de <foreign>Agninens</foreign> clerico quas percipit
                singulis annis in festo beati Iohannis baptiste supra <lb/> exitus furni
                Castellionis ad vitam suam de dono domini per litteras domini de mandato et litteras
                ipsius de <lb/>recepta quas reddit : XXV libras viennensium</item>
              <lb/>
              <item> idem libravit Guillermo de <foreign>Chastenay</foreign> de quodam banno
                sexaginta solidorum levato ab ipso ut in computo <lb/> precedenti et dominus
                precepit restitui ei medietatem per litteras domini de mandato quas reddit : XXX
                solidos viennensium</item>
              <lb/>
              <item> idem libravit sibi ipsi pro salario suo unius anni finiendi octava die mensis
                maii anno nonagesimo sexto pro <lb/> se uno cliente et una guaytia : X libras
                viennensium</item>
              <lb/>
              <item> idem libravit sibi ipsi qui sibi debentur de remanentia computi sui precedentis
                : II<hi rend="sup">C</hi> XXIX libras VIII denarios viennensium</item>
              <lb/>
              <item> summa librate : IIII<hi rend="sup">C</hi> IIII<hi rend="sup">XX</hi> XVIII
                libre X solidi X denarii viennensium</item>
            </list></p>
        </div>
        <div xml:id="bilan_expense_et_librate">
          <list>
            <item> summa expense salarii et librate : V<hi rend="sup">C</hi> L lb. IX s. XI d. vien. </item>
            <item> et sic <lb/> debentur ei : II<hi rend="sup">C</hi> LIX libre XV solidi XI denarii
              viennensium </item>
            <item> de quibus deducuntur : IIII<hi rend="sup">XX</hi> XIX libre XII solidi
              viennensium <lb/> recepti de septies viginti decem asinatis et dimidia siliginis
              venditis ut supra qualibet asinata vendita sexdecim solidis inclusis sex asinatis pro
              getis et deductis quatuor asinatis et uno meyterio pro expensis quatuor <lb/> hominum
              ut in dorso computi <note> Voir vue 39 : <milestone n="39" unit="vue"/><list>
                  <item> debent sibi allocari IIII asinate I meyteria siliginis quas libravit ad
                    expensas trium hominum ducentium equas <lb/> emptas pro operibus tegularie nove
                    per octo septimanas finitas octava die aprilis et dantur cuilibet in <lb/>
                    septimana unus bichetus et ad expensas unius alterius hominis recolligentis
                    lapides quos adducunt dicte eque <lb/> per decem septimanas finitas eodem
                    termino</item>
                  <lb/>
                  <item> petit sibi allocari XXXVIII libras pro quatuor roncinis quos tradidit
                    ballivo terre Baugiaci pro fideiussione <lb/> in qua dominus tenebatur erga
                    dominum de Castro Vilani pro Iacobo domino de Quarto</item>
                </list>.</note></item>
          </list>
          <p> </p>
        </div>
      </div>
      <div xml:id="bilan">
        <p><lb/><list>
            <item> et sic debentur ei : VIII<hi rend="sup">XX</hi> libre III solidi XI denarii
              viennensium <lb/><add place="bottom" resp="autreMain">respice in dorso</add></item>
          </list></p>
      </div>
    </body>
  </text>
</TEI>
