<?xml version="1.0" encoding="UTF-8"?>
<?xml-model href="http://www.tei-c.org/release/xml/tei/custom/schema/relaxng/tei_all.rng" schematypens="http://relaxng.org/ns/structure/1.0"?>
<TEI xmlns:math="http://www.w3.org/1998/Math/MathML" xmlns="http://www.tei-c.org/ns/1.0"
  xmlns:xi="http://www.w3.org/2001/XInclude" xmlns:svg="http://www.w3.org/2000/svg" xml:id="B7561_4">
  <teiHeader>
    <fileDesc>
      <titleStmt>
        <title>Compte de Guillaume de Chandée, châtelain, pour la châtellenie de
          Châtillon-sur-Chalaronne, du dimanche 1er mai 1300 au jeudi 13 avril 1301 <date
            type="debut" from-iso="13000501" cert="high"/><date type="fin" from-iso="13010413"
            cert="high"/></title>
        <respStmt>
          <persName><name xml:lang="fra">Guillaume de Chandée</name><name xml:lang="lat">Guillermus
              de Chandeia</name></persName>
          <resp>Châtelain</resp>
        </respStmt>
      </titleStmt>
      <publicationStmt>
        <p>Alain Kersuzan et Frédéric Chartrain, avec la collaboration de Nils Mantilleri et Jean-Michel Poisson, 
          <title>Compte de Guillaume de Chandée (<hi rend="italics">Guillermus
            de Chandeia</hi>), châtelain, pour la châtellenie de
            Châtillon-sur-Chalaronne, du dimanche 1er mai 1300 au jeudi 13 avril 1301</title>,
          Lyon - Chambéry, 2010 (<title>Documents comptables des Etats de Savoie, XIIIe - XVe s.</title>)</p>
      </publicationStmt>
      <seriesStmt>
        <title>Châtillon-sur-Chalaronne</title>
      </seriesStmt>
      <sourceDesc>
        <p>Information about the source</p>
      </sourceDesc>
    </fileDesc>
  </teiHeader>
  <text>
    <body>
      <milestone n="5" unit="vue"/>
      <pb n="5"/>
      <div xml:id="prologue">
        <p><lb/><sic>Cumputus</sic> Guillermi de Chandeia castellani Castellionis de Challarona a
          prima die mensis <lb/> maii currentibus annis Domini millesimo <sic>triscentesimo</sic>
          usque ad diem iovis decimam tertiam diem mensis aprilis anno <lb/> millesimo triscentesimo
          primo videlicet de quadraginta novem <sic>egdomadis</sic> quatuor diebus receptus apud
            <sic>Chambariacum</sic><lb/> per Petrum Fancisci presente domino comite </p>
      </div>
      <div xml:id="recepte">
        <div xml:id="frumentum">
          <head>frumentum</head>
          <p><lb/> idem reddit cumputum <list>
              <item> de V asinatis et dimidia receptis de medietate firme coponagii finite in festo
                beati Petri <lb/> ad vincula anno millesimo triscentesimo et de alia medietate
                cumputavit in cumputo precedenti </item>
              <item> de V <lb/> asinatis et dimidia receptis de medietate eiusdem firme coponagii
                  <sic>finiende finiende</sic><note> Le premier <hi rend="italics">finiende</hi> a
                  été souligné et à demi biffé par un relecteur.</note> in festo beati Petri <lb/>
                ad vincula anno <del rend="underlined_dotted">nonogesimo</del> millesimo
                triscentesimo primo et tunc debentur tantumdem </item>
              <item> de V bichetis <lb/> receptis de exitu decime de Buanens hoc anno </item>
              <lb/>
              <item> summa : XI asinate V bicheti frumenti </item>
              <item> et remanent<note>et remanent] <hi rend="italics">ajouté en fin de ligne par une
                    autre main, puis partiellement biffé</hi></note><add place="interlinear"
                  >allocatum est in computo castellani sequentis</add><note> Cet ajout paraît avoir
                  été écrit par une main différente, mais <hi rend="italics">et remanent</hi>
                  également. La suite du compte est par ailleurs écrite d’une main nettement
                  distincte de celle qui en a rédigé le début.</note></item>
            </list></p>
        </div>
        <div xml:id="siligo">
          <head>siligo</head>
          <p><lb/> idem reddit cumputum <list>
              <item> de X annes <add place="interlinear" resp="autreMain">siliginis</add> receptis
                in dicta castellania pro messe et levatur a quolibet homine excolente <lb/> ad duos
                boves vel plures decem bicheti siliginis et ab excolente unum bovem quinque bicheti
                tantum per <lb/> annum </item>
              <item> de XII bichetis receptis pro chacipoleria et levatur a quolibet agricola unus
                bichetus <sic>omnubus</sic> qui <lb/> valent predictos duodecim bichetos rasos </item>
              <item> de XXVI asinatis et dimidia siliginis <add place="interlinear">receptis</add>
                de firma coponagii <lb/><del rend="overstrike">finita</del> videlicet de medietate
                dicte firme finite in festo beati Petri ad <sic>vinculas</sic><note> On a,
                  semble-t-il, écrit <hi rend="italics">adunculas</hi> ou <hi rend="italics"
                    >advunculas</hi>. Les prépositions paraissent ensuite constamment soudées, voire
                  agglutinées, aux substantifs ou aux pronoms qu’elles introduisent : <hi
                    rend="italics">deexitu</hi>, <hi rend="italics">debannuens</hi>, <hi
                    rend="italics">incastrum</hi>, <hi rend="italics">adidem</hi>.</note> anno M<hi
                  rend="sup">o</hi> CCC<hi rend="sup">o</hi></item>
              <item> de <lb/> XXVI asinatis et dimidia receptis de medietate eiusdem firme finiende
                in festo predicto anno M<hi rend="sup">o</hi> CCC<hi rend="sup">o</hi> primo <lb/>
                et tunc debentur tantumdem </item>
              <item> de II asinatis et VI bichetis receptis de exitu decime de Banuens <lb/> hoc
                anno </item>
              <lb/>
              <item> summa : LXVII <sic>asinatis</sic> et III<foreign> </foreign>bichetis siliginis </item>
              <item> de quibus <lb/> idem libravit in expensis Guillermeti Panaterii quadrigarii
                ducentis quadrigam pro lapidibus <sic>quaronibus</sic><lb/> et arena aducendis in
                castrum pro undecim edomadis finitis die presenti et allocatur<note> On avait écrit
                    <hi rend="italics">allocantur</hi>, mais le <hi rend="italics">n</hi> a été
                  exponctué, puisque ce verbe a pour sujet <hi rend="italics">unus
                  bichetus</hi>.</note> sibi pro qualibet septimana <lb/> unus bichetus siliginis :
                I <unclear>ann[atam]</unclear> III bichetos siliginis </item>
              <item> idem libravit Hugoni quadrigario <lb/> pro una septimana ad idem : I bichetum
                siliginis </item>
              <lb/>
              <item> summa librate : I <unclear>ann[ata]</unclear> IIII bicheti siliginis </item>
              <item> et sic <lb/>debet LXV asinatas VI bichetos siliginis </item>
              <item> et remanent <note>et remanent] <hi rend="italics">ajouté en fin de ligne par
                    une autre main </hi></note><add place="interlinear">allocatum est in computo
                  castellani sequentis</add><note> On retrouve la disposition rencontrée à la fin de
                  la recette du froment, avec l’intervention successive de deux mains autres que
                  celle du rédacteur principal. Cette fois, l’ajout est signalé par un dessin en fin
                  de ligne.</note></item>
            </list></p>
        </div>
        <div xml:id="ordeum">
          <head>ordeum</head>
          <p><lb/> idem reddit cumputum <list>
              <item>de III bichetis ordei receptis de exitu decime de Buenens hoc anno </item>
              <lb/>
              <item> summa : III bicheti ordei </item>
              <item> et remanent<note>et remanent] <hi rend="italics">ajouté en fin de ligne par une
                    autre main </hi></note><add place="interlinear">de quibus respondet castellanus
                  sequens</add><note>Ajout d'une troisième main.</note></item>
            </list></p>
        </div>
        <div xml:id="fabe">
          <head>fabe</head>
          <p><lb/> idem reddit cumputum <list>
              <item>de I bicheto fabarum recepto de exitu decime de Buenens hoc anno </item>
              <lb/>
              <item> summa : I bichetus fabarum </item>
              <item> et remanent<note>et remanent] <hi rend="italics">ajouté en fin de ligne par une
                    autre main </hi></note><add place="interlinear">de quibus respondet castellanus
                  sequens</add><note>Ajout d'une troisième main.</note></item>
            </list></p>
        </div>
        <div xml:id="milium">
          <head>milium</head>
          <p><lb/>idem reddit cumputum <list>
              <item>de I meyterio milii recepto de exitu decime de Buenens hoc anno </item>
              <lb/>
              <item> summa : I meyterius <del rend="overstrike">et dimidius</del> milii </item>
              <item> et remanet<note>et remanet] <hi rend="italics">ajouté en fin de ligne par une
                    autre main </hi></note><add place="interlinear">de quibus respondet castellanus
                  sequens</add><note>Ajout d'une troisième main.</note></item>
            </list></p>
        </div>
        <div xml:id="avena">
          <head>avena</head>
          <p><lb/> idem reddit cumputum <list>
              <item> de XIIII asinatis avene receptis de medietate firme coponagii finite <lb/> in
                festo beati Petri ad vincula anno M<hi rend="sup">o</hi> CCC<hi rend="sup">o</hi> et
                de alia medietate computatum fuit in cumputo <lb/> precedenti </item>
              <item> de XIIII asinatis receptis de medietate eiusdem firme finiende in festo beati
                Petri ad <lb/> vincula anno M<hi rend="sup">o</hi> CCC<hi rend="sup">o</hi> primo et
                tunc debentur <sic>tamtumdem</sic></item>
              <item> de X <sic>rasos</sic> et dimidio <lb/> receptis de exitu decime de Buenens hoc
                anno </item>
              <item> de I mayterio recepto a Petronilla de Feola de redditu <lb/> per annum </item>
              <item> de II asinatis IIII rasos avene receptis de guarda per annum ut in particulis
                extente </item>
              <lb/>
              <item> de octo rasos avene quorum Laurentia de Fons debebat unum meyterium et domina
                de <lb/> Fonte unum meyterium minus computat quam in cumputo precedenti quia dicte
                mulieres mortue <lb/> sunt nec habent in bonis de quibus dicta guarda solvi
                  <sic>posit</sic></item>
              <lb/>
              <item> summa : XXXI asinate II rasi<note> On avait probablement écrit <hi
                    rend="italics">rasos</hi>, mais le mot a été fermement corrigé </note> et
                dimidius avene</item>
              <item> de quibus <lb/> idem libravit in expensis roncini dicte quadrige quam ducebat
                dictus Guillermus pro septem<note>Le texte initial, plus développé, a été effacé,
                  bien que l’on distingue encore <hi rend="italics">VII</hi> biffé en fin de ligne.
                  Le mot <hi rend="italics">septem</hi> l’a remplacé : cet ajout emploie une encre
                  nettement distincte et pourrait être l’œuvre d’une autre main.</note><lb/>
                septimanis tribus diebus finitis die presenti et <sic>allocantur</sic> sibi pro
                quolibet sero dimidius rasus <lb/> avene : I <unclear>ann[atam]</unclear> et X rasos
                avene </item>
              <item> idem libravit in expensis alterius <lb/> bestie quadrige quam ducebat dictus
                Hugonetus ad predicta pro viginti quatuor septimanis <lb/> inceptis prima die maii
                anno triscentesimo : V asinatas IIII rasos avene</item>
              <lb/>
              <item> summa librate : VI asinate XIIII rasos<foreign> </foreign>avene </item>
              <item> et sic <lb/> debet : XXIIII asinatas IIII rasos et dimidium avene </item>
              <item> et remanent<note>et remanent] <hi rend="italics">ajouté en fin de ligne par une
                    autre main </hi></note><add place="interlinear">de quibus respondet castellanus
                  sequens</add><note>Ajout d'une troisième main.</note></item>
            </list></p>
        </div>
        <div xml:id="galline">
          <head>galline</head>
          <p><lb/>idem reddit cumputum <list>
              <item>de XIIII gallinis receptis in dicta castellania de redditu per annum</item>
              <lb/>
              <item> summa : XIIII gallinis</item>
              <item> et remanent<note>et remanent] <hi rend="italics">ajouté en fin de ligne par une
                    autre main </hi></note><add place="interlinear">de quibus respondet castellanus
                  sequens</add><note>Ajout d'une troisième main.</note></item>
            </list></p>
        </div>
        <div xml:id="cera">
          <head>cera</head>
          <p> idem reddit cumputum <list>
              <item>de LXIIII libris cere receptis in dicta castellania de redditu per annum </item>
              <lb/>
              <item> summa : LXIIII libre cere </item>
              <item> et remanent<note>et remanent] <hi rend="italics">ajouté en fin de ligne par une
                    autre main </hi></note></item>
            </list></p>
        </div>
        <div xml:id="denarii_census">
          <head>denarii census<note> On constate un changement d’encre à partir d’ici.</note></head>
          <p><lb/> idem reddit cumputum <list>
              <item> de XVII libris XVIII solidis I denario III podrigiis receptis in dicta
                castellania de redditu <lb/> per annum ut in cumputo precedenti </item>
              <item> de XIII libris X denariis obolo receptis in villa nova franca <lb/>
                Castellionis pro teysis domorum et levantur sex denarii pro qualibet teysa in festo
                purificationis beate Marie </item>
              <lb/>
              <item> de XXXIII solidis VI denariis receptis de guardis et recognitionibus per annum
                ut in cumputo precedenti, <lb/> de sex solidis minus cumputat<note> Voir B 7560,
                  peau 26 : <hi rend="italics">de XXXIX solidis VI denariis viennensium receptis pro
                    predictis gardis et recognitionibus anno nonogesimo nono</hi>.</note> quia
                Iohannes escoferius qui debebat duos solidos mortuus <lb/> est neque invenitur in
                bonis ipsius de quibus solvi possit dicta guarda et Stephanus <lb/> Burgauz et
                Guionetus de Sancto Germano recesserunt nullis bonis dimissis penes <lb/> dominum </item>
              <lb/>
              <item> summa : XXXII lb. XII s. VI d. pod. vien.</item>
            </list></p>
        </div>
        <div xml:id="firme">
          <head>firme</head>
          <p><lb/> idem reddit cumputum <list>
              <item> de LVII libris receptis de medietate firme leyde mercati, bancarum <lb/> domus
                mercati, exitus duarum nundinarum et ponderis bladi finite in festo beati Petri ad
                vincula currentibus <lb/> annis Domini M<hi rend="sup">o</hi> triscentesimo et de
                alia medietate cumputavit in cumputo precedenti </item>
              <lb/>
              <item> de LVII libris receptis de medietate eiusdem firme finiende in dicto festo
                beati Petri anno <lb/> M<hi rend="sup">o</hi> triscentesimo primo et tunc debentur
                tantumdem </item>
              <item> de XXII libris receptis de medietate <lb/> firme furni Castellionis finita in
                festo beati Iohannis baptiste anno M<hi rend="sup">o</hi> triscentesimo et de <lb/>
                alia medietate cumputavit in cumputo precedenti </item>
              <item> de XVII libris X solidis receptis de medietate eiusdem <lb/> firme facte ut
                dicit presente Petro Clerici Ruffo de Bosco finiende in festo beati Iohannis
                baptiste <lb/> anno M<hi rend="sup">o</hi> CCC<hi rend="sup">o</hi> primo et tunc
                debentur tantumdem </item>
              <item> de V solidis receptis a liberis Hugonis <lb/> Charveti et Guillermi Maschardi
                pro firma furni sui ad usum ipsorum tantum </item>
              <milestone n="6" unit="vue"/>
              <pb n="6"/>
              <lb/>
              <item> de XV libris receptis de medietate firme chacipollarie finite in festo beati
                Iohannis baptiste anno <lb/> M<hi rend="sup">o</hi> triscentesimo et de residuo
                cumputatum fuit in cumputo precedenti </item>
              <item> de XIX libris receptis de medietate <lb/> eiusdem firme finiende in festo beati
                Iohannis baptiste anno M<hi rend="sup">o</hi> triscentesimo primo et tunc <lb/>
                debentur tantumdem </item>
              <item> de XXXVI solidis receptis de medietate firme champerie finita in festo
                nativitatis <lb/> beati Iohannis baptiste anno M<hi rend="sup">o</hi> triscentesimo
                et de alia medietate cumputatum fuit in cumputo precedenti </item>
              <lb/>
              <item> de XL solidis receptis de medietate eiusdem firme champerie <sic>finienda</sic>
                in festo beati Iohannis baptiste anno M<hi rend="sup">o</hi><lb/> triscentesimo
                primo et tunc debentur tantumdem lingue</item>
              <item> de XXI solidis receptis de exitu<note> Lire <hi rend="italics">firma
                    exitus</hi>.</note> linguarum boum <lb/> occisorum in macello finita in festo
                beati Iohannis baptiste anno CCC<hi rend="sup">o</hi> et de alia medietate
                cumputatum <lb/> fuit in cumputo precedenti </item>
              <item> de XXI solidis receptis de medietate eiusdem firme finiende eodem festo <lb/>
                anno triscentesimo primo et tunc debebitur tantumdem </item>
              <item> de LX solidis receptis a Petro de La Venoyri <lb/> pro firma scripture sue
                finite in festo purificationis anno M<hi rend="sup">o</hi> CCC<hi rend="sup">o</hi>
                sumpto M<hi rend="sup">o</hi> in paschate </item>
              <item> de <lb/> XIII libris XVIII solidis receptis de exitu bancarum macelli finitum
                in carniprivio anno M<hi rend="sup">o</hi> CCC<hi rend="sup">o</hi> sumpto M<hi
                  rend="sup">o</hi> in <lb/> paschate </item>
              <item> de VI libris receptis de firma banni vini mense augusti anno M<hi rend="sup"
                  >o</hi> triscentesimo </item>
              <lb/>
              <item> de XX solidis receptis de censa Nancent iudei per unum annum finitum in festo
                beati Iohannis baptiste anno M<hi rend="sup">o</hi> trescentesimo </item>
              <lb/>
              <item> summa : II<hi rend="sup">C</hi> XVII lb. XI s. vien.</item>
            </list></p>
        </div>
        <div xml:id="inventa">
          <head>inventa</head>
          <p><lb/> idem reddit cumputum <list>
              <item>de VIII denariis receptis de quodam porcho invento<note> On a écrit <hi
                    rend="italics">in vento</hi>. À l’inverse, on a rencontré plus haut <hi
                    rend="italics">incastrum</hi></note> pro tertia parte dominum contingenti et
                dominus de Villariis in loco ubi inventus fuit capit duas partes </item>
              <lb/>
              <item> summa : VIII d. vien.</item>
            </list></p>
        </div>
        <div xml:id="laudes_et_venditiones">
          <head>laudes et venditiones</head>
          <p><lb/> idem reddit cumputum <list>
              <item> de V solidis receptis a Iohanne de Climiciaco pro domo empta a Iohanne Mutonis
                pretio <lb/> triginta solidorum </item>
              <item> de XII solidis receptis de femina magistri Hugonis pro domo empta a Iohanne
                Oudri <lb/> pretio sexaginta duodecim solidorum </item>
              <item> de XXX solidis receptis a liberis Theobalde pro domo <del
                  rend="underlined_dotted">empta</del> permutata <lb/> cum fratre suo et pretio
                novem librarum <note>Note dorsale : <milestone n="10" unit="vue"/><hi rend="italics"
                    >memorandum de permutatione facta de domo a liberis Theobalde</hi></note></item>
              <item> de XXXIII<note> Les chiffres ont été raturés.</note> solidis IIII denariis
                receptis a Iohanne Martini pro domo empta <lb/> a Iohanne Oudrion pretio decem
                librarum </item>
              <item> de C solidis receptis ab Andrea<note> L’abréviation paraît ici purement
                  machinale.</note> Fabri pro domo empta <lb/> ab Ogerio de Fay pretio triginta
                librarum </item>
              <item> de XIII solidis <del rend="overstrike">receptis</del> IIII denariis receptis a
                Petro de Laya pro terra <lb/> empta a Guioneto Cuart pretio quatuor librarum </item>
              <item> de IIII solidis VI denariis receptis a Guillermo Magnini <lb/> pro domo empta a
                clerico de Namari<note> On avait commencé à écrire <hi rend="italics"
                  >Ne</hi>.</note> pretio viginti septem solidorum </item>
              <item> de XVII solidis VI denariis receptis <lb/> a Petro de La Venayri pro quarta
                parte de <foreign>Les Yles</foreign> parvi molendini et unius coste <note> Il y a
                  ici une lettre biffée, peut-être la hampe d’un <hi rend="italics">p</hi>.</note>
                emptis a Peronino <lb/> de Molendino pretio centum et quinque solidorum </item>
              <item> de XVI solidis IIII denariis receptis a Guillermo Magnini pro <lb/> terra empta
                a Iohanne Pigna pretio quatuor librarum decem octo solidorum viennensium </item>
              <lb/>
              <item> summa : XI lb. XII s. vien.</item>
            </list></p>
        </div>
        <div xml:id="banna">
          <head>banna</head>
          <p><lb/> idem reddit computum <list>
              <item> de XX solidis receptis a Guillermo Magnini quia percusserat gaytiam castellani </item>
              <lb/>
              <item> de XX solidis receptis a Peroneto Mugnerii quia vendebat vinum quando bannum
                domini erat in augusto </item>
              <lb/>
              <item> de XX solidis receptis a filio Guichardi Mugnerii quia
                  <unclear>dementiverat</unclear> familiarem castellani coram iudice et <lb/> fuit
                  <sic>condematus</sic> per iudicem </item>
              <item> de XVIII solidis receptis a Iohanneta La Pelliceri quia ceperat pisces alienos,
                <lb/> concordatum per castellanum </item>
              <item> de XX solidis receptis de femina Aymonis de Bilfechi quia recuserat pignus
                <lb/> familiaris castellani et fuit concordatum per castellanum </item>
              <item> de XV solidis receptis de Chapellario quia <lb/> noluit fideiubere per
                familiarem castellani, concordatum cum castellano </item>
              <item> de IIII libris receptis a Ruffo de Bosco quia inventus fuit cum quadam muliere
                uxorata </item>
              <item> de XX solidis receptis de liberis <lb/> Ruffo de Bosco quia verberaverunt
                bubulco Bernardi de Bosco, concordatum cum castellano </item>
              <lb/>
              <item> de XX solidis receptis de filia Parvi Iohanneti quia ceperat sotulares alienos,
                concordatum cum castellano </item>
              <lb/>
              <item> de L solidis receptis a Bosonerio quia percusserat Iohannem Morelli,
                concordatum per iudicem </item>
              <item> de XLIII solidis <lb/> receptis de minutis clamis sex solidorum et inferius
                ibidem obvenientium per dictum tempus </item>
              <item> de V solidis <lb/> receptis de saysinis et de desaysinis per idem tempus </item>
              <lb/>
              <item> summa : XIIII lb. XVIII s. vien. deductis triginta tribus solidis <lb/> pro
                parte castellani capientis in libra duos solidos viennensium </item>
            </list></p>
        </div>
        <div xml:id="bilan_recepte">
          <p><lb/><list>
              <item> summa totius recepte : II<hi rend="sup">C</hi> LXXVI <add place="interlinear"
                  >lb.</add> XIIII s. II d. pod. vien. </item>
            </list></p>
        </div>
      </div>
      <div xml:id="expense_et_librate">
        <p><list>
            <item> de quibus <lb/> idem libravit Magneto caronerio in stipendiis ipsius de tachia
              carronerie videlicet quia debet facere <lb/> fornacem continentem viginti quatuor
              miliaria carronum et pro quolibet miliari dantur sibi sex <lb/> solidi viennensium
              videlicet pro viginti quatuor miliaribus carronum de quibus respondere debet : VII
              libras IIII solidos viennensium </item>
            <lb/>
            <item> idem libravit in lignis emptis a dicto Jay de Chastaney pro dictis fornacibus ad
              dequoquendum carrones <lb/> predictos : XXV libras viennensium </item>
            <item> in expensis factis ad scindendum ligna predicta in tachiam hominibus de <lb/>
              Novilla : IIII libras XV solidos viennensium </item>
            <item> in feno empto pro bestiis quadrigam ducentibus : XXXVIII solidos </item>
            <lb/>
            <item> in una sera empta et posita in domo ubi fenum fuit <sic>recunditum</sic> : X
              denarios </item>
            <item> in loquagio unius <lb/> stabuli pro dictis bestiis reponendis : X solidos </item>
            <item> idem libravit in stipendiis Michaleti lathomi <lb/> facientis murum ipsius castri
              ad tachiam : X libras XVI solidos viennensium </item>
            <item> in una <sic>roperia</sic> ad opus <lb/>quadrigarum <damage
                extent="3 mots environ" type="encre_délavée"/> denarios viennensium </item>
            <item> in capistro pro roncino quadrige et ipsa quadriga <lb/> ungenda <damage
                extent="3 mots environ" type="encre_délavée"/> denarios viennensium </item>
            <item> in duabus rotis emptis ad opus ipsius quadrige : VIII solidos viennensium </item>
            <lb/>
            <item> in pane dato bubulcis qui adduxerunt ligna predicta : XII solidos </item>
            <item> in expensis duodecim hominum <lb/> qui fecerunt pieysones in dicto castro a parte
              ville : XII solidos VI denarios </item>
            <item> pro uno cindro facto <lb/> de novo in ianua turris : II solidos </item>
            <item> pro adaptanda grangia carronerie : IIII solidos VI denarios </item>
            <lb/>
            <item> pro via facta de novo ante carroneriam : II solidos </item>
            <item> pro <sic>scalce</sic> empta videlicet ducentis <lb/> sexaginta bennis a Germaneto
              tiolerio de Toysey pro edificiis ipsius castri : XX libras X solidos viennensium </item>
            <lb/>
            <item> in expensis factis ad extraendum arenam : XV solidos VI denarios </item>
            <item> in locagio duarum quadrigarum per quinque <lb/> dies : XXV solidos viennensium </item>
            <item> quatuor postibus<note> L’absence de préposition est peut-être signalée par
                l’apostrophe qui figure dans l’interligne supérieur.</note> emptis pro cindris et
              pontibus faciendis : <milestone n="7" unit="vue"/><pb n="7"/><lb/> VI solidos
              viennensium </item>
            <item> summa expense : LXXV lb. III s. IIII d. vien.</item>
          </list></p>
        <div xml:id="librate">
          <head>librate</head>
          <p><lb/><list>
              <item>idem libravit Anthonio de Sala castellano Sancti Andree pro operibus ville nove
                Pontis Denz ut per litteram <lb/> domini de mandato datam prima die mensis
                septembris anno M<hi rend="sup">o</hi> CCC<hi rend="sup">o</hi> et per litteram
                dicti Anthonii <lb/> de recepta datam die dominica ante festum nativitatis beate
                Marie eodem anno M<hi rend="sup">o</hi> CCC<hi rend="sup">o</hi> quas reddit : LX
                libras viennensium </item>
              <lb/>
              <item> idem libravit in stipendiis trium <add place="interlinear">hominum</add> cum
                armis qui fuerunt apud Montem Dider et ibi steterunt per duos <lb/> dies capiente
                quolibet quatuor solidos qualibet die ut per litteram domini Hugonis de Boczosello
                ballivi terre <lb/> Baugiaci datam die martis post festum beati Dionisii anno M<hi
                  rend="sup">o</hi> triscentesimo : XXIIII solidos viennensium </item>
              <lb/>
              <item> in expensis unius latronis suspensi quem captum tenuit per duodecim septimanas
                et dantur pro quolibet die duo denarii <lb/> viennensium : XIIII solidos viennensium </item>
              <item> pro consilio habendo super condempnatione dicti latronis : XX solidos
                viennensium </item>
              <lb/>
              <item> in stipendiis ipsius castellani unius anni finiendi prima die madii anno CCC<hi
                  rend="sup">o</hi> primo capientis per annum <lb/> viginti libras viennensium pro
                se et una guaytia : XX libras viennensium </item>
              <lb/>
              <item> summa librate : IIII<hi rend="sup">XX</hi> II lb. XVIII s. vien. </item>
            </list></p>
        </div>
        <div xml:id="bilan_expense_et_librate">
          <p><lb/><list>
              <item> summa expense salarii et librate : VII<hi rend="sup">XX</hi> XVIII lb. XVI d.
                vien. </item>
              <item> et sic <lb/> debet dictus castellanus : C XVIII libras XII solidos X denarios
                podrigiam viennensium </item>
              <item> quibus <lb/> adduntur quos recepit de redditibus feoudi domini Guigonis de Sura
                reducti ad <lb/> manum domini propter deffectum usagiatoris : XVIII solidos IX
                denarios </item>
              <item> et sic <lb/> debet finaliter : C XIX libras XI solidos VII denarios podrigiam
                viennensium </item>
              <item> de quibus <lb/> deducuntur quos libravit in stipendiis unius <add
                  place="interlinear">equitis</add> hominis cum armis qui stetit in cavalcatam
                domini <lb/> apud Voyronem per novem dies ut per litteram domini Hugonis de
                Boczosello ballivi terre <lb/> Baugiaci datam <del rend="overstrike">die</del> mense
                aprilis anno Domini M<hi rend="sup">o</hi> CCC<hi rend="sup">o</hi> primo de
                testimonio quam reddit : <lb/> XXXVI solidos viennensium </item>
              <item> in expensis unius equi Henrici de Villeta <sic>quus</sic> remansit apud <lb/>
                Voyronem vulneratus et stetit ibi per quinque septimanas <damage
                  extent="une demie-ligne" agent="parchemin_froissé"/><lb/> recepto <damage
                  extent="3 mots" type="parchemin_froissé"/> et testimonio castellani ac etiam per
                litteram de testimonio <lb/> prefati ballivi de qua supra fit mentio quam reddidit :
                <lb/> IIII libras XIIII solidos viennensium </item>
              <lb/>
              <item> summa deducti : VI lb. IX s. vien.</item>
            </list></p>
        </div>
      </div>
      <div xml:id="bilan">
        <p><list>
            <item> et sic <lb/> debet finaliter : C XIII libras II solidos VII denarios podrigiam
              viennensium </item>
            <item><supplied>quas</supplied><damage extent="fin de la ligne" type="encre_délavée"
              /><lb/> solvit in continenti Humberteto de Claromonte nomine domini </item>
            <item> et sic eque de pecunia</item>
            <item> idem <unclear reason=" encre pâle et parchemin taché ">debet</unclear><lb/> de
              remanentia cumputi sui Marbosii recepti per Petrum Clerici de Montemeliano : C XVI
              quartauz et dimidium frumenti <lb/> et LV quartalles II cupas siliginis et VIII<hi
                rend="sup">XX</hi> II quartalles dimidium avene</item>
            <item> et remanent<note> De <hi rend="italics">quas solvit in continenti</hi> jusqu’à
                  <hi rend="italics">et remanent</hi>, il s’agit d’un ajout d’une autre
              main.</note></item>
            <lb/>
            <item> idem reddit cumputum de I asinata VII bichetis siliginis receptis de redditibus
              feoudi <lb/> domini Guigonis de Sura redacti ad manum domini propter deffectum
              usagiatoris</item>
            <lb/>
            <item> summa : I asinata VII bicheti siliginis</item>
            <item> et sic <lb/> debet : LXVII asinatas V bichetos siliginis</item>
            <item> et remanent</item>
            <item><unclear reason="parchemin froissé">quas</unclear><lb/> in fine tituli siliginis
              ubi <sic>continuatur</sic> hoc <unclear>a tale frumenti</unclear></item>
          </list></p>
      </div>
      <note>Note au dos de la peau 7 : <hi rend="italics"><lb/>Computus Guillermi de Chandia
          castellani Castellionis de <sic>Challarana</sic><lb/> de anno CCC<hi rend="sup"
          >o</hi></hi></note>
    </body>
  </text>
</TEI>
