<?xml version="1.0" encoding="UTF-8"?>
<?xml-model href="http://www.tei-c.org/release/xml/tei/custom/schema/relaxng/tei_all.rng" schematypens="http://relaxng.org/ns/structure/1.0"?>
<TEI xmlns:math="http://www.w3.org/1998/Math/MathML" xmlns="http://www.tei-c.org/ns/1.0"
  xmlns:xi="http://www.w3.org/2001/XInclude" xmlns:svg="http://www.w3.org/2000/svg" xml:id="B7560_1">
  <teiHeader>
    <fileDesc>
      <titleStmt>
        <title>Compte de Pierre d’Estrés, dit Péronin (Peroninus d’Estres), receveur des revenus de la
          châtellenie de Châtillon<note> Du 4 juillet 1284 au 4 juillet 1285, le châtelain de
            Châtillon fut Guichard de Ru, et Guillaume de Cognin l’avait précédé. </note><date
            type="debut" from-iso="12840704" cert="high"/><date type="fin" from-iso="12850704"
            cert="high"/></title>
        <respStmt>
          <persName><name xml:lang="fra">Pierre d'Estrés</name><name xml:lang="lat"
                ><sic>Peroninus</sic> d’Estres</name></persName>
          <resp>Châtelain</resp>
        </respStmt>
      </titleStmt>
      <publicationStmt>
        <p>Alain Kersuzan et Frédéric Chartrain, avec la collaboration de Nils Mantilleri et Jean-Michel Poisson, 
          <title>Compte de Pierre d'Estrés, dit Péronin (<hi rend="italics">Peroninus d’Estres</hi>), receveur des revenus de la
            châtellenie de Châtillon, du 4 juillet 1284 au 4 juillet 1285</title>,
          Lyon - Chambéry, 2011 (<title>Documents comptables des Etats de Savoie, XIIIe - XVe s.</title>)</p>
      </publicationStmt>
      <seriesStmt>
        <title>Châtillon-sur-Chalaronne</title>
      </seriesStmt>
      <sourceDesc>
        <p>Information about the source</p>
      </sourceDesc>
    </fileDesc>
  </teiHeader>
  <text>
    <body>
      <div xml:id="prologue">
        <p><milestone n="02" unit="vue"/><pb n="1"/><lb/>Computus Peronini d'Estres<note> On écrit
              <hi rend="italics">destres</hi>. On notera d’ailleurs ici que la préposition est
            fréquemment jointe au mot qu’elle introduit : <hi rend="italics">perdictum</hi>, <hi
              rend="italics">inestenta</hi>, <hi rend="italics">inparticulis</hi>, <hi
              rend="italics">infesto</hi>, <hi rend="italics">instipendiis</hi>, <hi rend="italics"
              >promedietate</hi>, pour <hi rend="italics">per dictum</hi>, <hi rend="italics">in
              estenta</hi>, <hi rend="italics">in particulis</hi>, <hi rend="italics">in festo</hi>,
              <hi rend="italics">in stipendiis</hi>, <hi rend="italics">pro medietate</hi>.</note>
          receptoris reddit<supplied reason="support détruit">uum</supplied><damage/><lb/> a die
          martis IIII<hi rend="sup">o</hi> nonas iulii anno Domini M<hi rend="sup">o</hi> CC<hi
            rend="sup">o</hi> LXXXIIII<hi rend="sup">o<note> On avait d’abord écrit <hi
                rend="italics">LXXXIIIo</hi>.</note></hi> usque ad octabas purificationis beate
          Marie <damage/></p>
      </div>
      <div xml:id="recepte">
        <div xml:id="frumentum_1">
          <head>frumentum vide infra <note>ajouté dans la marge droite avec un appel de note en
              forme de croix inscrite dans un cercle</note></head>
        </div>
        <div xml:id="siligo">
          <head>siligo</head>
          <p><lb/> idem reddit computum <list>
              <item> de V meteriis receptis de Guillermeto de Ripis pro messe hoc anno </item>
              <item> de V meteriis receptis de Ru<supplied reason="support détruit">ffo de Bosco
                  de</supplied><damage/></item>
              <item><lb/> V meteriis receptis de Bernardo de Bosco pro eodem </item>
              <item> de V meteriis receptis de Guilliaudo <foreign>Siot</foreign> pro eodem </item>
              <item> de V meteriis receptis de Hugone de <foreign>Chales</foreign><lb/> pro eodem </item>
              <item> de V meteriis receptis de Laurentio<note> On lit ici <hi rend="italics"
                    >Laurencio</hi>, <hi rend="italics">Lorencia</hi>, <hi rend="italics"
                    >audiencium</hi>, <hi rend="italics">recognicionibus</hi>, <hi rend="italics"
                    >recogniciones</hi>, <hi rend="italics">tocius</hi>, <hi rend="italics"
                    >negocio</hi>, <hi rend="italics">serviciis</hi>, que l’on transcrit – selon la
                  convention d’édition prescrivant l’usage général de la graphie classique – <hi
                    rend="italics">Laurentio</hi>, <hi rend="italics">Lorentia</hi>, <hi
                    rend="italics">audientium</hi>, <hi rend="italics">recognitionibus</hi>, <hi
                    rend="italics">recognitiones</hi>, <hi rend="italics">totius</hi>, <hi
                    rend="italics">negotio</hi>, <hi rend="italics">servitiis</hi>.</note> de
                  <sic>Verneito</sic> pro eodem </item>
              <item> de V meteriis receptis de Teneto de Rosselione pro eodem </item>
              <item> de quinque meteriis <lb/> quos solebat solvere Guillermus
                  <foreign>Escofer</foreign> non computat quia moratur infra franchisiam </item>
              <item> de IX asinatis V bichetis receptis de exitu coponagii mercati Castellionis
                <lb/> per dictum tempus de quo computat</item>
            </list></p>
          <div type="sub">
            <head>arreragium</head>
            <list>
              <item> de XIII asinatis I bicheto receptis de Guillermo <foreign>Cognino</foreign>
                quondam castellano Castellionis de remanentia sui ultimi computi</item>
              <item><lb/> summa : XXXI asinate II meterii <subst>
                  <del>avene</del>
                  <add place="interlinear">siliginis</add>
                </subst> — et remanent</item>
            </list>
          </div>
        </div>
        <div xml:id="avena">
          <head>avena</head>
          <p><lb/> idem reddit computum <list>
              <item> de I meiterio<note> La mesure de seigle s’écrit <hi rend="italics">met.</hi> en
                  abrégé, celle d’avoine alternativement <hi rend="italics">meit.</hi> et <hi
                    rend="italics">met</hi>., ou même meid.</note> avene recepto de Iohanne de
                Verneto pro commenda per annum </item>
              <item> de IX<note> Le nombre paraît raturé, et sa lecture n’est pas très
                  assurée.</note> meiteriis receptis de hominibus Iohannini de <foreign>La
                  Aya</foreign> apud <supplied reason="support détruit"
                  ><foreign>Lordes</foreign></supplied><lb/> pro eodem, deducto uno meterio pro uno
                homine qui mortuus est </item>
              <item> de II meiteriis receptis de liberis Berthodi de <foreign>Montneel</foreign> pro
                eodem </item>
              <item> de I meterio <lb/> recepto de Ogerio <foreign>Lu Nalex</foreign> pro eodem </item>
              <item> de II meiteriis receptis de domina de Fontana pro eodem </item>
              <item> de I meiterio recepto de Paineto de <foreign>La Fayola</foreign> pro eodem </item>
              <item><lb/> de II <sic>meideriis</sic> receptis de Iocerando de
                  <foreign>Miseria</foreign> pro garda per annum </item>
              <item> de <add place="interlinear">I</add> meiterio recepto de Lorencia de Donno Petro
                pro eodem </item>
              <item> de uno <lb/> meiterio quem solebat solvere Bernardetus de
                      <foreign><unclear>Co<supplied>ai</supplied>rei</unclear></foreign><note> Le a
                  peut être raturé en e.</note> et aliis duobus quos solvebant Hugo de <foreign>La
                  Miliarderi</foreign> et Leprosus de <foreign>La Fayola</foreign> non computat
                <lb/> quia non possunt solvere propter inopiam </item>
              <item> de sex asinatis I raso receptis de exitu coponagii per dictum tempus</item>
            </list></p>
          <div type="sub">
            <head>arreragium</head>
            <p><list>
                <item> de II asinatis XIIII rasis receptis de Guillermo <lb/> de Cognino de
                  remanentia computi sui</item>
                <item><lb/> summa : XIII asinate XI rasi avene</item>
                <item> de quibus libravit <lb/> ad expensas equorum computatorum audientium computum
                  presentem : VII rasos</item>
                <item> et restant XIII asinate et IIII rasi — et remanent</item>
              </list></p>
          </div>
        </div>
        <div xml:id="galline">
          <head>galline</head>
          <p><list>
              <item><lb/> idem reddit computum de XIII gallinis receptis apud Castellionem de
                redditu per annum ut in <sic>estenta</sic> — venduntur ut infra</item>
            </list></p>
        </div>
        <div xml:id="cera">
          <head>cera</head>
          <p><lb/> idem reddit computum <list>
              <item> de XXXVIII libris cere receptis de gardis et recognitionibus per annum apud
                Castellionem ut in particulis in estenta, deductis <lb/> quibusdam quorum quidam
                mortui sunt et alii recesserunt propter guerram — venduntur ut infra</item>
            </list></p>
        </div>
        <div xml:id="denarii_census">
          <head>denarii census</head>
          <p><lb/> idem reddit computum <list>
              <item> de XIIII libris VIII solidis VI denariis receptis apud Castellionem de redditu
                per annum ut in particulis in estenta </item>
              <item> de IIII solidis VI denariis receptis <lb/> de Peronino
                  <foreign>d’Estres</foreign> de redditu per annum pro rebus quas emit a domino
                Petro de <foreign>Regniou</foreign></item>
              <item> de II denariis receptis de Andree <foreign>Jalati</foreign> pro prato suo
                versus Clemenciam <lb/> per annum</item>
              <item> summa : XIIII lb. XIII s. II d. vien.</item>
            </list></p>
        </div>
        <div xml:id="teyse">
          <head>teyse</head>
          <p><lb/> idem reddit computum <list>
              <item>de XI libris XIII solidis viennensium receptis de teysis domorum in villa nova
                  Castellionis<note> On a écrit villanova castellionis, et l’on pourrait aussi
                  transcrire Villanova Castellionis.</note> hoc anno ubi levantur pro qualibet peda
                domus continente <lb/> quinque teysas de latitudine et novem teisas de longitudine
                duo solidi et sex denarii viennensium, et si plus vel minus contineat levatur pro
                rata </item>
              <item><lb/> summa eadem : XI lb. XIII s. vien.</item>
            </list></p>
        </div>
        <div xml:id="garde_et_recognitiones">
          <head>garde et recognitiones</head>
          <p><lb/> idem reddit computum <list>
              <item>de XXVII solidis VI denariis receptis de gardis et recognitionibus per annum ut
                in particulis in <del rend="underlined_dotted">extractu</del> estenta<note> La
                  terminaison du mot est raturée, car l’on avait d’abord écrit in extractu
                  estente.</note>, deductis octo solidis <lb/> – de quibus debebat Hugonetus Rosez
                duos solidos, Guillermus Pastours tres solidos, Perronetus Millieti tres solidos –
                qui non possunt recuperari, quia duo <lb/> obierunt, tertius fugiit </item>
              <item> summa : XXVII s. VI d. vien.</item>
            </list></p>
        </div>
        <div xml:id="firme">
          <head>firme</head>
          <p><lb/> idem reddit computum <list>
              <item> de XX libris XI solidis X denariis viennensium receptis de exitu leide mercati
                Castellionis per dictum tempus de quo computat </item>
              <item> de LXVI <lb/> solidis receptis de exitu nundinarum Castellionis in festo beati
                  Mathei<note> On avait d’abord écrit Mathie, et le mot est raturé.</note> apostoli
                hoc anno </item>
              <item> de nundinis in festo beati Iohannis baptiste computavit <lb/> castellanus ante
                ipsum </item>
              <item> de CXIII solidis IX denariis receptis de exitu banchagii domus mercati pro
                medietate que levatur mercato proximo ante nativitatem Domini et de <lb/>alia
                medietate que levatur in festo beati Iohannis computavit castellanus ante ipsum </item>
              <item> de XII libris VI solidis receptis de Ruffo de Bosco pro medietate <lb/> firme
                furni Castellionis de anno finiendo in festo beati Iohannis baptiste anno LXXXV<hi
                  rend="sup">o</hi> et tunc debentur tantundem </item>
              <item> de IX libris <lb/> receptis de medietate firme chacipolerie finiende in festo
                beati Iohannis baptiste anno LXXXV<hi rend="sup">o</hi> et tunc debentur tantundem </item>
              <item> de XV solidis <lb/> receptis de medietate firme champerie finiende in festo
                beati Iohannis baptiste anno LXXXV<hi rend="sup">o</hi> et tunc debentur tantundem </item>
              <item> de XIII solidis receptis de <lb/> medietate<note> me<lb/>dietate</note> firme
                lingarum boum occisorum in macello finiende in festo beati Iohannis baptiste anno
                  LXXXV<hi rend="sup">o</hi> et tunc debentur tantundem </item>
              <item><lb/> de IIII libris II solidis VIII denariis receptis de exitu macelli
                Castellionis per dictum tempus et non potuit ascensari hoc anno </item>
              <item> de VI solidis receptis de <lb/> Hugone Chalveti pro firma furni sui ad usum
                suum finita in nativitate Domini </item>
              <item> de II solidis receptis de Maschardo pro firma furni sui <lb/> ad usum
                suum</item>
              <item> summa : LVI lb. XVI s. III d. vien.</item>
            </list></p>
        </div>
        <div xml:id="laudes_et_vende">
          <head>laudes et vende</head>
          <p><lb/> idem reddit computum <list>
              <item> de XX denariis viennensium receptis de Ruffo Blondelli pro laudibus et vendis
                terre quam emit de <foreign>Guilliau Syod</foreign> pretio decem solidorum </item>
              <item><lb/> de XVI denariis receptis de quodam homine de Burgo pro dimidia peda quam
                emit a Philiberta pretio octo solidorum </item>
              <item> de XX solidis receptis de Berteto <lb/> Coardi pro domo quam emit ab Hugone
                  <foreign>de Bunens</foreign> pretio sex librarum viennensium </item>
              <item> de XIII solidis IIII denariis receptis de donno Hugone de
                  <foreign>Crusilie</foreign><lb/> capellano pro dimidio domo quam emit a Berardo
                clerico pretio quatuor librarum viennensium </item>
              <item> de VIII solidis IIII denariis receptis de Ponceto de Sala pro dimidio domo
                <lb/> quam emit ab Andree de Perrosa pretio quinquaginta solidorum </item>
              <item> de XXIIII solidis IIII denariis receptis de Hugone Morandi pro domo quam emit a
                Iohanneto Calloti pretio septem librarum et sex solidorum </item>
              <item> de V solidis receptis de Stephano Ysabeleti pro domo quam emit de Martino de
                  <foreign>Chapiz</foreign> pretio <lb/> triginta solidorum </item>
              <item> de XXX solidis viennensium receptis de Guioneto <foreign>Baratta</foreign> pro
                domo quam emit de Petro de <foreign>Birfeschi</foreign> pretio novem librarum </item>
              <item><lb/> summa : CIIII s. vien.</item>
            </list></p>
        </div>
        <div xml:id="banna_et_clame">
          <head>banna et clame</head>
          <p><lb/> idem reddit computum <list>
              <item> de XL solidis receptis de filio Guiotti Tabernarii quia intravit de nocte domum
                Ruffi de Bosco </item>
              <item> de XL solidis <lb/> receptis de filio Bernarde
                  <foreign>d’Escota</foreign><note> On a écrit <hi rend="italics"
                  >descota</hi>.</note> quia cepit furtive quamdam peciam ferri </item>
              <item> de LX solidis receptis de Guilleto de Vileta quia <sic>percuxit</sic><note>
                  Lire percussit.</note> de <lb/> cutello Bernardum Tibaudi </item>
              <item> de VI solidis receptis de Hugone de <foreign>Vorzei</foreign> pro clama </item>
              <item> de VI solidis receptis de Larga de Sancto Andrea pro eodem </item>
              <item><lb/> de VI solidis receptis de Iocerando Monerii pro eodem </item>
              <item> de VI solidis receptis de Stephano de <foreign>Birfeschi</foreign> pro eodem </item>
              <item> de VI solidis receptis de Berthelerio pellepario <lb/> pro eodem </item>
              <item> de VI solidis receptis de Vincentio mercerio et fratribus suis pro eodem </item>
              <item> de VI solidis receptis de Bernardo <foreign>Tibaud</foreign> pro eodem </item>
              <item><lb/> summa : VIII lb. IIII s. vien. deducta parte castellani capientis duos
                solidos in libra</item>
            </list></p>
        </div>
        <div xml:id="inventa">
          <head>inventa</head>
          <list>
            <item><lb/> de inventis et eschetis nichil per dictum tempus</item>
          </list>
        </div>
        <div xml:id="venditiones">
          <head>venditiones</head>
          <p><lb/> idem reddit computum <list>
              <item> de IIII solidis IIII denariis viennensium receptis de <sic>tresdecim</sic>
                gallinis venditis ut supra pro tanto qualibet gallina vendita quatuor denariis </item>
              <item><lb/> de IIII libris V solidis VI denariis receptis de triginta octo libris cere
                venditis ut supra qualibet vendita duobus solidis tribus denariis </item>
              <item><lb/> summa : IIII lb. IX s. X d. vien.</item>
            </list></p>
        </div>
        <div xml:id="iudei">
          <head>iudei</head>
          <p><lb/> idem reddit computum <list>
              <item> de IIII libris receptis de Rimolino<note> On lit RImolino.</note> et Emendante
                pro censa sua de anno incepto in festo beati Iohannis baptiste <lb/> anno
                  LXXXIIII<hi rend="sup">o</hi> dicit tamen quod non potest recuperare propter
                inopiam dictorum iudeorum et si forte non <sic>pocit</sic><note> Lire possit.</note>
                recuperare debent sibi deduci de <lb/> computo suo</item>
              <item><lb/> summa : IIII lb. vien.</item>
            </list></p>
        </div>
        <div xml:id="bilan_recepte">
          <p><lb/> summa totius recepte : CVI lb. VII s. IX d.</p>
        </div>
      </div>
      <div xml:id="expense_et_librate">
        <p><list>
            <item> de quibus in aqueductu <lb/> domus mercati curando : XVIII denarios </item>
            <item> in blado domini transferendo de uno granerio in aliud : II solidos </item>
            <item> in locagio unius <lb/><sic>grenerii</sic><note> Lire <hi rend="italics"
                  >granerii</hi>.</note> pro blada domini reponenda de uno anno finiendo in festo
              beati Iohannis baptiste anno LXXXV<hi rend="sup">o</hi> : X solidos </item>
            <item> in quadam chauciata <lb/> inter duo fossata subtus villam aptanda : III solidos </item>
            <item> in stipendiis unius nuntii missi ad dominum pro negotio domini Sancti Triverii :
              IIII solidos </item>
            <item><lb/> in quodam pondere <sic>epto</sic><note> Lire empto.</note> ad opus domini in
              mercato : LXXIII solidos </item>
            <item> in stipendiis collectoris leide<note> On avait écrit <hi rend="italics"
                  >leidee</hi>, mais le second e a été annulé par exponctuation.</note> mercati pro
              medietate unius anni finiendi <lb/> in festo beati Iohannis baptiste anno LXXXV<hi
                rend="sup">o</hi> et tunc sibi debentur tantundem : XV solidos </item>
            <item> idem restituit sibi ipsi pro quibusdam servitiis et teisis domorum <lb/> que non
              possunt recuperari ut dicit quia tenementa et pede pro quibus debebantur occupata sunt
              per fossata domini circa villam Castellionis : XVIII solidos </item>
            <item><lb/> idem libravit Uguete filie Guichardi Escoferii pro emenda curtilis sui per
              fossata ville Castellionis occupati per litteras domini de mandato <lb/> quas reddit :
              LX solidos </item>
            <item> in pergameno empto apud Lugdunum per computatores : XV solidos </item>
            <item> in expensis <sic>donni</sic> Petri et Durandi audientium computum <lb/> ipsius et
              veniendo ibidem per<note> On a écrit pro par étourderie.</note> tres dies : XX solidos </item>
            <item> idem libravit in stipendiis Guichardi de Ru castellani Castellionis pro se et una
              <lb/> gastia pro medietate salarii sui unius anni finiendi quarto nonas iulii anno
                LXXXV<hi rend="sup">o</hi> et tunc sibi debentur <sic>tantundem</sic> pro rata <lb/>
              quindecim librarum per annum : VII libras X solidos </item>
            <item> in stipendiis unius bayete quam secum tenuit per unum mensem : IX solidos
              viennensium</item>
            <item><lb/> summa expense et salarii : XIX lb. VI d.</item>
          </list></p>
      </div>
      <div xml:id="bilan">
        <p><list>
            <item> et sic debet : IIII<hi rend="sup">XX</hi> VII libras <lb/> VII solidos III
              denarios viennensium</item>
            <item> quibus adduntur : XXI libre VII solidi IIII denarii viennensium quos ipse
              recuperavit per manum <lb/> Guichardi de <foreign>Ru</foreign> castellani Castellionis
              a quibusdam hominibus eiusdem loci de debitis Wuillermi de <foreign>Cognyns</foreign>
              pro remanentia quam debebat de castellania Castellionis <lb/> de ultimo computo
              suo</item>
            <item> et sic debet : CVIII libras XIIII solidos VII denarios viennensium</item>
            <item> de quibus <lb/> idem libravit sibi ipsi quas sibi dominus comes debebat ex causa
              mutui ei facti per manum donni Iohannis Floridi capellani per litteras <lb/> dicti
              domini comitis de debito quas reddit : C libras viennensium</item>
            <item> et sic debet finaliter : VIII libras XIIII solidos VII denarios viennensium<note>
                Cinq lignes ont été ici laissées en blanc, et cette réserve est signalée par une
                pièce quadrangulaire d’un autre substrat, peut-être du papier, collée en guise de
                mémorandum sur la marge gauche.</note></item>
          </list></p>
      </div>
      <div type="recepte">
        <div xml:id="frumentum">
          <head>frumentum</head>
          <p><lb/> idem reddit computum <list>
              <item> de III asinatis III bichetis frumenti receptis de exitu coponagii per tempus
                supradictum</item>
            </list></p>
        </div>
        <div type="sub">
          <head>arreragium</head>
          <p><list>
              <item> de V meiteriis receptis <lb/> de Guillermo de <foreign>Cognis</foreign><note>
                  Lire Cognins.</note> quondam castellano Castellionis de remanentia ultimi computi
                sui</item>
              <item> summa : IIII asinate V bicheti frumenti — et remanent</item>
            </list></p>
        </div>
        <div xml:id="fabe">
          <head>fabe</head>
          <p><lb/> idem reddit computum <list>
              <item> de I meiterio fabarum recepto de exitu coponagii per dictum tempus </item>
              <item> de I meiterio recepto de Guillermo de <foreign>Cognins</foreign> de remanentia
                computi sui</item>
              <item><lb/> summa : II meiterii fabarum — et remanent</item>
            </list></p>
        </div>
        <div xml:id="milium">
          <head>milium</head>
          <p><lb/> idem reddit computum <list>
              <item> de III meiteriis milii receptis de exitu dicti coponagii per dictum tempus </item>
              <item> de I meiterio recepto de Guillermo de <foreign>Cognins</foreign> de remanentia
                <lb/> computi sui precedentis</item>
              <item> summa : I asinata milii — et remanet<note> Les cinq dernières lignes du
                  parchemin ont été laissées en blanc.</note></item>
            </list></p>
        </div>
      </div>
    </body>
  </text>
</TEI>
