<?xml version="1.0" encoding="UTF-8"?>
<?xml-model href="http://www.tei-c.org/release/xml/tei/custom/schema/relaxng/tei_all.rng" schematypens="http://relaxng.org/ns/structure/1.0"?>
<TEI xmlns:math="http://www.w3.org/1998/Math/MathML" xmlns="http://www.tei-c.org/ns/1.0"
  xmlns:xi="http://www.w3.org/2001/XInclude" xmlns:svg="http://www.w3.org/2000/svg"
  xml:id="B7560_11">
  <teiHeader>
    <fileDesc>
      <titleStmt>
        <title>Compte de Pierre d’Estres (Petrus d’Estres), châtelain, pour la châtellenie de
          Châtillon-sur-Chalaronne, du samedi 8 mai 1294 au mercredi 13 avril 1295 <date
            type="debut" from-iso="12940508" cert="high"/><date type="fin" from-iso="12950413"
            cert="high"/></title>
        <respStmt>
          <persName><name xml:lang="fra">Pierre d'Estrés</name><name xml:lang="lat">Petrus
              d'Estres</name></persName>
          <resp>Châtelain</resp>
        </respStmt>
      </titleStmt>
      <publicationStmt>
        <p>Alain Kersuzan et Frédéric Chartrain, avec la collaboration de Nils Mantilleri et Jean-Michel Poisson, 
          <title>Compte de Pierre d’Estrés (<hi rend="italics">Petrus d’Estres</hi>), châtelain, pour la châtellenie de
            Châtillon-sur-Chalaronne, du samedi 8 mai 1294 au mercredi 13 avril 1295</title>,
          Lyon - Chambéry, 2011 (<title>Documents comptables des Etats de Savoie, XIIIe - XVe s.</title>)</p>
      </publicationStmt>
      <seriesStmt>
        <title>Châtillon-sur-Chalaronne</title>
      </seriesStmt>
      <sourceDesc>
        <p>Information about the source</p>
      </sourceDesc>
    </fileDesc>
  </teiHeader>
  <text>
    <body>
      <milestone n="16" unit="vue"/>
      <pb n="18"/>
      <div xml:id="prologue">
        <p><lb/>Computus Petri d’Estrees<note> On écrit <hi rend="italics">destrees</hi>.</note>
          castellani Castellionis de Chalarona ab octava die <lb/> intrantis mensis maii anno Domini
            M<hi rend="sup">o</hi> CC<hi rend="sup">o</hi> nonogesimo<note> Lire <hi rend="italics"
              >nonagesimo</hi>.</note> quarto usque ad diem mercurii <sic>trertiam</sic> decimam
          diem mensis aprilis <lb/> post pascha anno nonogesimo quinto videlicet de quadraginta octo
          septimanis duobus<note> On attendrait <hi rend="italics">duabus</hi>, puisque <hi
              rend="italics">dies</hi> était précédemment employé au féminin.</note> diebus receptus
          apud Chamberiacum </p>
      </div>
      <div xml:id="recepte">
        <div xml:id="frumentum">
          <head>frumentum</head>
          <p><lb/> idem reddit computum <list>
              <item> de IIII asinatis frumenti receptis de Petro de La Venoyri pro medietate firme
                coponagii finita prima die <lb/> mensis augusti anno nonogesimo quarto et de alia
                medietate computavit in computo precedenti </item>
              <item> de VI asinatis <lb/> I bicheto receptis de exitu dicti coponagii a predicta
                prima die mensis augusti usque ad predictam diem mercurii tertiam decimam diem <lb/>
                mensis aprilis anno nonogesimo quinto </item>
              <item> de decima de Buenens nichil hoc anno in frumento </item>
              <item><lb/> summa : X asinate I bichetus frumenti — et remanent</item>
            </list></p>
        </div>
        <div xml:id="siligo">
          <head>siligo</head>
          <p><lb/> idem reddit computum <list>
              <item> de XIII asinatis I bicheto siliginis receptis in castellania Castellionis pro
                messe hoc anno et levantur <lb/> in quolibet homine excolente ad duos vel plures
                boves decem bicheti siliginis in excolente ad unum bovem tantum quinque <lb/>
                bicheti </item>
              <item> de XX asinatis receptis de medietate firme coponagii finite prima die augusti
                anno nonogesimo quarto et de alia <lb/> medietate computavit in computo precedenti </item>
              <item> de XXXIII asinatis III bichetis receptis de exitu dicti coponagii a predicta
                prima <lb/> die mensis augusti usque ad predictam diem mercurii tertiam decimam diem
                mensis aprilis anno nonogesimo quinto </item>
              <item> de VI <lb/> asinatis receptis de exitu decime de Buenens hoc anno </item>
              <item><lb/> summa : LXXII asinate et dimidia siliginis — et remanent</item>
            </list></p>
        </div>
        <div xml:id="avena">
          <head>avena</head>
          <p><lb/> idem reddit computum <list>
              <item> de XII asinatis et dimidia avene receptis de medietate firme coponagii finite
                prima die <lb/> augusti anno nonogesimo quarto et de alia medietate computavit in
                computo precedenti </item>
              <item> de XV asinatis <del rend="overstrike">receptis</del><lb/> III rasis receptis de
                exitu dicti coponagii a dicta prima die mensis augusti usque ad dictam tertiam
                decimam diem aprilis <lb/> anno nonogesimo quinto </item>
              <item> de I asinata recepta de exitu decime de Buenens hoc anno </item>
              <item> de I meyterio recepto de <lb/> Petronilla<note><hi rend="italics"
                    >Pe<lb/>tronilla</hi></note> de La Faiola de redditu per annum </item>
              <item> de XII meyteriis receptis de gardis per annum ut in extenta </item>
              <item><lb/> summa : XXXI asinate XV rasi avene </item>
              <item> de quibus <lb/> idem libravit ad expensas hospitii domini factas per manum
                Hugonis de Voyrone per litteras domini et dicti Hugonis datas die mercurii <lb/>
                post festum omnium sanctorum anno nonogesimo IIII<hi rend="sup">o </hi>: XXVI rasos
                avene </item>
              <item> et <lb/> restant XXX asinate V rasi avene — et remanent</item>
            </list></p>
        </div>
        <div xml:id="ordeum">
          <head>ordeum</head>
          <p><list>
              <item><lb/> idem reddit computum de I asinata ordei recepta de exitu decime de
                Bueneins hoc anno — venditur ut infra</item>
            </list></p>
        </div>
        <div xml:id="fabe">
          <head>fabe</head>
          <p><list>
              <item><lb/> idem reddit computum de III bichetis pisorum et fabarum receptis de exitu
                coponagii per dictum tempus — venduntur ut infra</item>
            </list></p>
        </div>
        <div xml:id="milium">
          <head>milium</head>
          <p><list>
              <item><lb/> idem reddit computum de I bicheto milii recepto de exitu dicti coponagii
                per dictum tempus — venditur infra</item>
            </list></p>
        </div>
        <div xml:id="nuces">
          <head>nuces</head>
          <p><list>
              <item><lb/> idem reddit computum de VII rasis nucum receptis de exitu dicti coponagii
                per dictum tempus — venduntur infra</item>
            </list></p>
        </div>
        <div xml:id="vinum">
          <head>vinum</head>
          <p><list>
              <item><lb/> de exitu decime de Buenens in vino nichil hoc anno</item>
            </list></p>
        </div>
        <div xml:id="galline">
          <head>galline</head>
          <p><list>
              <item><lb/> idem reddit computum de XIIII gallinis receptis in dicta castellania de
                redditu per annum — venduntur infra</item>
            </list></p>
        </div>
        <div xml:id="cera">
          <head>cera </head>
          <p><lb/> idem reddit computum <list>
              <item> de LIIII libris cere receptis de gardis per annum ut in particulis in extenta </item>
              <item> de I libra cere recepta <lb/> Iohanne Grusini pro garda per annum </item>
              <item> de I libra recepta de donno Petro Fabri et Iohanneta eius sorore pro garda
                <lb/> per annum </item>
              <item> de I libra recepta de Petro Bergerii pro eodem </item>
              <item> de I libra recepta de Blanchiflour pro eodem </item>
              <item> de I libra <lb/> recepta de Guillermino filio Boni Amoris de Chaseles pro eodem </item>
              <item> de IIII libris receptis de quibusdam de nominibus <lb/> quorum ad presens non
                recolit</item>
            </list></p>
          <div xml:id="arreragium">
            <head>arreragium</head>
            <p><list>
                <item> de XL IIII libris et dimidia cere receptis de remanentia sui computi
                  precedentis</item>
              </list></p>
          </div>
          <div>
            <p><list>
                <item><lb/> summa : C VII libre cere</item>
                <item> de quibus <lb/> libravit ad expensas hospitii domini factas per manum Hugonis
                  de Voyrone per litteras domini et dicti Hugonis datas die mercurii <lb/> post
                  festum omnium sanctorum anno nonogesimo quarto : XXIII libras cere </item>
                <item> idem libravit ad easdem expensas factas per manum donni Jacobi cappellani per
                  litteras domini et dicti cappellani datas prima die veneris mensis augusti anno
                  <lb/> nonogesimo IIII<hi rend="sup">o</hi> : XXXI libras cere </item>
                <item> et restant L III libre et dimidia cere — et remanent</item>
              </list></p>
          </div>
        </div>
        <div xml:id="denarii_census">
          <head>denarii census</head>
          <p><lb/> idem reddit computum <list>
              <item> de XVII libris XVIII solidis I denario III podrigiis viennensium receptis in
                dicta castellania de redditu <lb/> per annum ut in particulis extractus extente </item>
              <item> de XIII libris receptis de teysis domorum in villa francha Chastellionis <lb/>
                hoc anno </item>
              <item> de XXXIX solidis VI denariis receptis de gardis et recognitionibus ut in
                particulis extente</item>
              <item><lb/> summa : XXXII lb. XVII s. VII d. III p. vien.</item>
            </list></p>
        </div>
        <div xml:id="firme">
          <head>firme</head>
          <p><lb/> idem reddit computum <list>
              <item> de LI libris X solidis viennensium receptis de Petro de La Venoyri pro
                medietate firme leyde mercati <lb/> et nundinarum, ponderis bladi et bancarum domus
                mercati et loquagii archarum in dicta domo existentium finite <lb/> prima die
                augusti anno nonogesimo quarto et de alia medietate computavit in computo precedenti </item>
              <item> de LI libris IIII solidis<note> Une somme antérieure a été effacée par
                  grattage.</note><lb/> receptis de exitu dictorum leyde et mercati nundinarum
                sancti Mathie<note> Lire <hi rend="italics">Mathei</hi>.</note>, ponderis bladi,
                bancarum domus mercati et loquagii <lb/> archarum a predicta prima die mensis
                augusti anno nonogesimo quarto usque ad diem mercurii tertiam decimam mensis aprilis
                <lb/> anno nonogesimo quinto </item>
              <item> de XVI libris X solidis receptis de medietate <add place="interlinear"
                  >firme</add> furni Castellionis finite in festo beati Iohannis baptiste anno <lb/>
                  nonogesimo<note type="césure"><hi rend="italics">no<lb/>nogesimo</hi></note>
                quarto et de alia medietate computavit in computo precedenti </item>
              <item> de XVI libris X solidis receptis de medietate eiusdem firme<note type="césure"
                    ><hi rend="italics">fir<lb/>me</hi></note><lb/> finiende in dicto festo beati
                Iohannis baptiste anno nonogesimo quinto et tunc debentur tantumdem </item>
              <item> de V solidis receptis <lb/> de Hugone Chalveti et relicta Guillermi Machardi
                pro firma furni sui ad usum suum tantum </item>
              <item> de XIII libris <lb/> receptis de medietate firme chacipolerie finite in festo
                beati Iohannis baptiste anno nonogesimo quarto et de alia medietate computavit<note
                  type="césure"><hi rend="italics">compu<lb/>tavit</hi></note><lb/> in computo
                precedenti </item>
              <item> de XIII libris receptis de medietate eiusdem firme finiende in festo beati
                Iohannis baptiste anno nonogesimo quinto <lb/> et tunc debentur tantumdem </item>
              <item> de XXIII solidis receptis de medietate firme champerie finite in festo beati
                Iohannis baptiste anno <lb/> nonogesimo quarto et de alia medietate comptutavit in
                computi precedenti </item>
              <item> de XXIII solidis receptis de medietate eiusdem firme <lb/> finiende in festo
                beati Iohannis baptiste anno nonogesimo quinto et tunc debentur tantumdem </item>
              <item> de XVIII solidis receptis de medietate <lb/> firme linguarum boum occisorum in
                macello finite in festo beati Iohannis baptiste anno nonogesimo quarto et de alia
                medietate computavit <lb/> in computo precedenti </item>
              <item> de XVIII solidis receptis de alia medietate finiende in festo beati Iohannis
                baptiste anno nonogesimo quinto <lb/> et tunc debentur tantumdem </item>
              <item> de LX solidis receptis de Petro de La Venoyri pro firma scripture Castellionis
                de uno anno <lb/> finito in festo purificationis beate Marie anno nonogesimo
                  quarto<note> Le mercredi 2 février 1295 (nouveau style).</note></item>
              <item> de XI libris XI solidis receptis de firma bancharum macelli <lb/> pro uno anno
                finito in carniprivio anno nonogesimo quarto </item>
              <item> de C solidis receptis de firma banni vini mensis augusti <lb/> anno nonogesimo
                quarto </item>
              <item><lb/> summa : IX<hi rend="sup">XX</hi> V lb. XII s. vien.</item>
            </list></p>
        </div>
        <div xml:id="iudei">
          <head>iudei</head>
          <p><lb/> idem reddit computum <list>
              <item> de XX solidis viennensium receptis de Naczant iudeo <del rend="overstrike">pro
                  cens</del> morante apud Sanctum Triverium pro censa in <lb/> festo beati Iohannis
                baptiste per annum </item>
              <item> de IIII libris receptis de Moxe<note> Lire <hi rend="italics">Mose</hi>.</note>
                iudeo morante apud Castellionem<note> On avait commencé à écrire <hi rend="italics"
                    >Sanct</hi>.</note> pro censa sua eodem <lb/> termino per annum </item>
              <item> summa : C s. vien.</item>
            </list></p>
        </div>
        <div xml:id="laudes_et_vende">
          <head>laudes et vende</head>
          <p><lb/> idem reddit computum <del rend="overstrike">receptis</del><list>
              <item> de IIII solidis receptis de Peroneto Bueydo pro laudibus et vendis cuiusdam
                domus empte a relicta Poncii <lb/> Vayro pretio viginti quatuor solidorum </item>
              <item> de III solidis receptis de Boscheto de Illia pro laudibus et vendis cuiusdam
                pecie terre empte a dicto <lb/> Curt pretio sexdecim solidorum </item>
              <item> de VI solidis VIII denariis receptis de Peroneto Panaterii pro terra empta a
                relicta Martini Tirilueyl <lb/> pretio quadraginta solidorum </item>
              <item> de VI solidis VIII denariis receptis de Stephano <foreign><unclear
                    reason="rature">Joi</unclear>gna</foreign> pro domo empta a filio Ponceti de
                Beyseneins <lb/> pretio quadraginta solidorum </item>
              <item> de XI solidis VI denariis receptis de Escoferio de Sandreyns pro quadam domo
                empta de Stephano Glenan <lb/> pretio sexaginta novem solidorum </item>
              <item> de XIII solidis IIII denariis receptis de Morello de Grangia pro domo empta a
                Guillermo Rollandi <lb/> pretio quatuor librarum </item>
              <item> de XV solidis receptis de Stephano Parpillonis pro domo empta a Iohanne Hudrici
                pretio quatuor librarum <lb/> decem solidorum </item>
              <item> de IIII solidis VIII denariis receptis de Hugone Maignini pro domo empta a
                Ponczeto de Sala pretio viginti octo <lb/> solidorum </item>
              <item> de II solidis VIII denariis receptis de Martino Czoter pro domo empta a Rupho
                Barberii pretio sexdecim solidorum </item>
              <item> de <lb/> VI solidis VIII denariis receptis de preposito de Chastanay pro domo
                empta a Stephano de Combis pretio quadraginta solidorum </item>
              <item> de II solidis VI denariis <lb/> receptis de quodam homine de Novilla pro domo
                empta a Rupho Barberii pretio quindecim solidorum </item>
              <item> de X solidis X denariis receptis de cappellano <lb/> curato de Sancto Ciriaco
                pro domo empta a filio Clementine pretio sexaginta et quinque solidorum </item>
              <item> de XIIII solidis V<note> On avait écrit <hi rend="italics">receptis</hi>, mais
                  le mot a été raturé.</note> denariis receptis <lb/> de Iohanne Udrici pro terra
                empta a Iohanne de Clarczeins pretio quatuor librarum VI solidorum VIII denariorum </item>
              <item> de XVII solidis IIII denariis <lb/> receptis de Petro de Blethonay pro domo
                empta a Vincentio mercerio pretio centum et quinque solidorum </item>
              <item> de XX denariis receptis de <lb/> Guigone<note type="césure"><hi rend="italics"
                    >Gui<lb/>gone</hi></note> Lombardi pro medietate cuiusdam pede empte de Morello
                Micheleti pretio decem solidorum </item>
              <item> de XXXVIII solidis <lb/> IIII denariis receptis de Guichardo Colini pro terra
                empta a liberis Guioti pretio undecim librarum et unius asinate siliginis </item>
              <item><lb/> de XIII solidis VIII denariis receptis de Guichardo Colini et Escoferio de
                Sandrenco pro grangia empta a Petro de La Venoyri <lb/> pretio quatuor librarum </item>
              <item> de III solidis IIII denariis receptis de Iohanne de Les Peteleres pro domo
                empta a Guichardo Colini pretio <lb/> viginti solidorum </item>
              <item> de III solidis IIII denariis receptis a Stephano Corderii pro una peda empta de
                Vincentio mercerio pretio viginti solidorum </item>
              <item><lb/> summa : VIII lb. XIX s. VII d. vien.</item>
            </list></p>
        </div>
        <div xml:id="banna">
          <head>banna</head>
          <p><lb/> idem reddit computum <list>
              <item> de LX solidis receptis de Agn<unclear>ete</unclear> de Vernuel quia abstuli
                pignus nuntio castellani </item>
              <item> de XL solidis receptis de <lb/> Stephano<note type="césure"><hi rend="italics"
                    >Ste<lb/>phano</hi></note> de Combis quia percussit filium Petri Czostuerii de
                quadam securi </item>
              <item> de XL solidis receptis de quodam homine de Bella Villa quia inventus <lb/> fuit
                cum quadam muliere </item>
              <item> de X solidis receptis de Chifleto quia sprevit penam sibi impositam per
                castellanum </item>
              <item> de XX solidis receptis de liberis <lb/> Hugonis Chambecey quia appropriavit
                sibi iter alienum </item>
              <item> de XX solidis receptis de Vincentio mercerio quia celavit latrocinium </item>
              <item> de <lb/> X solidis receptis de munerio de parvo molendino pro eodem </item>
              <item> de VI libris receptis de Iohanne Anthonii quia produxit falsos testes </item>
              <item><lb/> de XL solidis receptis de Ponczeto Rolini quia deportavit leydam </item>
              <item> de XX solidis receptis de filio Iohannis Beyseneins qui percusit <lb/> quemdam
                alium de pede </item>
              <item> de XX solidis receptis de Peroneto nepote Penneti quia percusit quemdam alium </item>
              <item> de XX solidis receptis de uxore <lb/> Andree Biseti quia celavit quedam
                tybialia </item>
              <item> de XXX solidis receptis de quodam homine qui deportavit leydam </item>
              <item> de <lb/> XX solidis receptis de quodam homine qui furatus fuit quemdam caseum </item>
              <item> de LX solidis receptis de Guillermo de Chastenay quia evaginavit <lb/> cutellum
                suum contra quemdam hominem </item>
              <item> de XX solidis receptis de quodam homine qui deportavit leydam </item>
              <item> de XX solidis receptis de <lb/> Iohanne Berteti quia vendidit quamdam vaccam
                duobus hominibus </item>
              <item> de LX XV solidis receptis de minutis clamis<note> On avait ajouté <hi
                    rend="italics">clame</hi> dans la marge gauche, mais le mot a été effacé.</note>
                sex <lb/> solidorum et inferius per dictum tempus</item>
              <item><lb/> summa : XXIX lb. XII d. vien. deductis sexaginta et quatuor solidis <lb/>
                pro parte castellani capientis duos solidos in qualibet libra bannorum et
                clamarum</item>
            </list></p>
        </div>
        <div xml:id="introgia">
          <head>introgia</head>
          <p><list>
              <item><lb/> de introgiis, escheytis et inventis nichil per dictum tempus</item>
            </list></p>
        </div>
        <div xml:id="venditiones">
          <head>venditiones</head>
          <p><lb/> idem reddit computum <list>
              <item> de X solidis viennensium receptis de una asinata ordei sic vendita </item>
              <item> de VI solidis receptis de tribus <lb/> bichetis<note type="césure"><hi
                    rend="italics">bi<lb/>chetis</hi></note> pisorum et fabarum </item>
              <item> de XVIII denariis receptis de uno bicheto milii sic vendito </item>
              <item> de VII solidis receptis de <lb/> septem rasis nucum </item>
              <item> de IIII solidis VIII denariis receptis de quatuordecim gallinis venditis ut
                supra qualibet quatuor denariis </item>
              <item><lb/> summa : XXIX s. II d. vien.</item>
            </list></p>
        </div>
        <milestone n="17" unit="vue"/>
        <pb n="19"/>
        <div xml:id="bilan_recepte">
          <p><list>
              <item><lb/> summa totius recepte: II<hi rend="sup">C</hi> LXII lb. XIX s. IIII d. III
                pod. vien. </item>
            </list></p>
        </div>
      </div>
      <div xml:id="expense_et_librate">
        <p><list>
            <item> de quibus <lb/> in domo mercati <sic>aptanda aptanda</sic><note> Le premier <hi
                  rend="italics">aptanda</hi> est souligné.</note> videlicet billiis positis subtus
              solas dicte domus : XVII solidos XI denarios viennensium </item>
            <item> in <lb/> duabus<note type="césure"><hi rend="italics">du<lb/>abus</hi></note>
              banchis in domo macelli aptandis : XII denariis </item>
            <item> in fusta chafaudi Castellionis quod <sic>dipruptum</sic> est ponenda <lb/> in
              simul : V solidos VIII denarios </item>
            <item> in salario receptoris exitus ponderis bladi pro medietate unius anni finiendi
              prima die <lb/> mensis augusti anno nonogesimo quinto et tunc sibi debentur tantumdem
              : XII solidos VI denarios </item>
            <item> in loquagio unius granerii ad <lb/> reponendum bladum domini : XX solidos </item>
            <item> in stipendiis ipsius castellani pro se, uno cliente et una gaytia per unum <lb/>
              annum finitum octava die mensis maii anno nonogesimo quinto : XX libras viennensium </item>
            <item> in expensis unius latronis suspensi <lb/> et duarum mulierum in frontibus
              signatarum : XX solidos </item>
            <item> in calce empta pro clausuris ville Castellionis hoc <lb/> anno : XVI libras V
              solidos </item>
            <item> idem libravit ad expensas hospitii domini factas per manum Hugonis de Voyrone per
              <lb/> litteras domini et dicti Hugonis datas Burgi dominica in octabis carniprivii
              veteris anno nonogesimo quarto<note> Le dimanche 27 février 1295 (nouveau
                style).</note> quas reddit : <lb/> IIII<hi rend="sup">XX</hi> libras viennensium </item>
            <item> idem libravit ad easdem expensas factas per manum dicti Hugonis per litteras
              domini et dicti <lb/> Hugonis datas die mercurii post festum omnium sanctorum anno
              nonogesimo quarto quas reddit : X libras II solidos viennensium </item>
            <item><lb/> idem libravit Stephano de Agnenens clerico quas percipit singulis annis
              super exitus furni Castellionis de dono <lb/> domini in festo beati Iohannis baptiste
              per litteras domini de mandato quas reddit : XXV libras </item>
            <item> idem libravit <lb/> sibi ipsi que sibi debentur de remanentia sui computi
              precedentis : III<hi rend="sup">C</hi> XXXVI libras XVI solidos viennensium minus
              podrigia </item>
          </list></p>
        <div xml:id="bilan_expense_et_librate">
          <p><list>
              <item><lb/> summa expense salarii et librate : IIII<hi rend="sup">C</hi> IIII<hi
                  rend="sup">XX</hi> XII lb. III pod. vien.</item>
            </list></p>
        </div>
      </div>
      <div xml:id="bilan">
        <p><list>
            <item> et <lb/> sic debentur ei : II<hi rend="sup">C</hi> XXIX libre VIII denarii
              viennensium Nos Amedeus comes Sabaudie notum facimus universis quod nos habuimus et
              recepimus a Petro d’Estres castellano nostro Castellione <lb/> de <sic>Caralona</sic>
              C libras viennensium quas nobis dederunt burgenses nostri Castellionis de subsidio
              nobis facto pro conquerendo terre <lb/> Reversi Montis et pro dote Alienoris filie
              nostre </item>
            <item> quas quidem C libras donnus Iohannis Floridi cappellano nostro nomine nostro a
              domino <lb/> Petro recepit et solvit in secunda solutione facta pro dote Alienoris
              filie nostre predicte </item>
            <item> in cuius rei testimonio sigillum nostrum duximus <lb/> presenti apponendum </item>
            <item> datum decimo octavo kalendas maii anno Domini M° CC° nonogesimo quinto </item>
            <item> quam litteram ostendit castellanus<note> Ces quatre mots paraissent avoir été
                ajoutés par une autre main.</note><lb/> et sic est quittus </item>
            <item><lb/> ordinatum est per dominum que decetero debent dari dicto castellano pro
              salario X libre viennensium tantum<note> Cette phrase a été ajoutée d’une autre
                main.</note></item>
          </list></p>
      </div>
    </body>
  </text>
</TEI>
