<?xml version="1.0" encoding="UTF-8"?>
<?xml-model href="http://www.tei-c.org/release/xml/tei/custom/schema/relaxng/tei_all.rng" schematypens="http://relaxng.org/ns/structure/1.0"?>
<TEI xmlns:math="http://www.w3.org/1998/Math/MathML" xmlns="http://www.tei-c.org/ns/1.0"
  xmlns:xi="http://www.w3.org/2001/XInclude" xmlns:svg="http://www.w3.org/2000/svg" xml:id="B7560_4">
  <teiHeader>
    <fileDesc>
      <titleStmt>
        <title>Compte de Barthélémy Sylvestre (Batholomeus Silvestris), pour la châtellenie de
          Châtillon-sur-Chalaronne, du dimanche 9 février 1287 au lundi 9 février 1288 (nouveau
          style) <date type="debut" from-iso="12870209" cert="high"/><date type="fin"
            from-iso="12880209" cert="high"/></title>
        <respStmt>
          <persName><name xml:lang="fra">Barthélémy Sylvestre</name><name xml:lang="lat"
              >Bartholomeus Silvestris</name></persName>
          <resp>Châtelain</resp>
        </respStmt>
      </titleStmt>
      <publicationStmt>
        <p>Alain Kersuzan et Frédéric Chartrain, avec la collaboration de Nils Mantilleri et Jean-Michel Poisson, 
          <title>Compte de Barthélémy Sylvestre (<hi rend="italics">Batholomeus Silvestris</hi>), pour la châtellenie de
            Châtillon-sur-Chalaronne, du dimanche 9 février 1287 au lundi 9 février 1288 (nouveau
            style)</title>,
          Lyon - Chambéry, 2011 (<title>Documents comptables des Etats de Savoie, XIIIe - XVe s.</title>)</p>
      </publicationStmt>
      <seriesStmt>
        <title>Châtillon-sur-Chalaronne</title>
      </seriesStmt>
      <sourceDesc>
        <p>Information about the source</p>
      </sourceDesc>
    </fileDesc>
  </teiHeader>
  <text>
    <body>
      <milestone n="06" unit="vue"/>
      <pb n="6"/>
      <div xml:id="prologue">
        <p><lb/><note> Ce compte est numéroté <hi rend="italics">VI </hi>en tête, dans l’ordre
            décroissant de la numérotation médiévale des comptes du rouleau.</note> Computus
          Bartholomei Silvestris castellani Castellionis ab octabis purificationis<note> On lit ici
              <hi rend="italics">purificacionis</hi>, <hi rend="italics">remanencia</hi>, <hi
              rend="italics">Laurencio</hi>, <hi rend="italics">Laurencia</hi>, <hi rend="italics"
              >nunciorum</hi>, <hi rend="italics">negociis</hi>, que l’on transcrit – selon la
            convention d’édition prescrivant l’usage général de la graphie classique<hi
              rend="italics"> – purificationis</hi>, <hi rend="italics">remanentia</hi>, <hi
              rend="italics">Laurentio</hi>, <hi rend="italics">Laurentia</hi>, <hi rend="italics"
              >nuntiorum</hi>, <hi rend="italics">negotiis</hi>.</note> beate <lb/> Marie<note
            type="césure"><hi rend="italics">ma<lb/>rie</hi></note> anno Domini M<hi rend="sup"
            >o</hi> CC<hi rend="sup">o </hi>octogesimo sexto<note> Le dimanche 9 février 1287
            (nouveau style).</note> usque ad eandem<note> On lit ici <hi rend="italics">eandem</hi>
            pour <hi rend="italics">eamdem</hi>, et on transcrira donc <hi rend="italics"
              >tantundem</hi> les formes abrégées pour <hi rend="italics">tantumdem</hi>.</note>
          diem anno sequenti videlicet de uno anno integro excepto<note type="césure"><hi
              rend="italics">excep<lb/>to</hi></note><lb/> quod solvitur sibi inferius de salario
          suo usque ad vigiliam epiphanye<note> On écrit ici <hi rend="italics">epiphanye</hi>, mais
              <hi rend="italics">epiphanie</hi> dans la <hi rend="italics"
            >librata</hi>.</note><foreign> </foreign>Domini tantum</p>
      </div>
      <div xml:id="recepte">
        <div xml:id="frumentum">
          <head>frumentum</head>
          <p><lb/> idem reddit computum <list>
              <item> de VIII asinatis III <foreign>bichez</foreign> frumenti receptis de exitu
                coponagii Castellionis per tempus supradictum </item>
              <item> de IX <foreign>bichez</foreign><lb/> receptis de exitu sexte partis quam
                percipiebat dominus Petrus de <foreign>Rygneu</foreign> in decima de
                  <foreign>Bueneyns</foreign> quam castellanus reduxit ad <lb/> manum<note
                  type="césure"><hi rend="italics">ma<lb/>num</hi></note> domini ex eo quod de ipsa
                non fuit factum domino comiti neque predecessori suo homagium consuetum </item>
              <item> de IIII<hi rend="sup">or</hi> asinatis III <foreign>bichez</foreign> receptis
                <lb/> a se ipso de remanentia computi sui precedentis</item>
              <lb/>
              <item> summa : XIII asinate VII <foreign>bichet</foreign> frumenti</item>
              <item>de quibus <lb/> in venditione ut infra : II asinate II bicheti dimidius</item>
              <item>et sic debet : XI asinatas IIII bichetos dimidium — et remanent</item>
            </list></p>
        </div>
        <div xml:id="siligo">
          <head>siligo</head>
          <p><lb/> idem reddit computum <list>
              <item> de XXXIII asinatis V bichetis siliginis receptis de exitu coponagii per tempus
                supradictum </item>
              <item> de III asinatis V bichetis receptis <lb/> de exitu sexte partis decime de
                  <foreign>Bueneyns</foreign> ratione qua supra in frumento </item>
              <item> de XV bichetis receptis de feudo Alasye de <foreign>Sure</foreign> quod
                reductum est ad <lb/> manum domini ex eo quod de ipso non fuit factum homagium
                domino comiti consuetum </item>
              <item> de V meiteriis receptis a Guillermo de Rispis pro messe per annum </item>
              <item> de V <lb/> meiteriis receptis de Hugone de Bosco pro eodem </item>
              <item> de V meiteriis receptis de Bernardo de Bosco pro eodem </item>
              <item> de V meiteriis receptis de Guyllaudo <foreign>Syont</foreign> pro <lb/> eodem </item>
              <item> de V meiteriis receptis de Hugone de <foreign>Chaley</foreign> pro eodem </item>
              <item> de V meiteriis receptis de Laurentio de Verneto pro eodem </item>
              <item> de V meiteriis receptis <lb/> de Tenneto de Rossillyone pro eodem </item>
              <item> de quinque meiteriis quos debebat Petrus <foreign>Terrecars</foreign> pro messe
                non computat quia moratur infra fanchisiam<note type="césure"><hi rend="italics"
                    >franchi<lb/>siam</hi></note><lb/> et est consuetudo ut castellanus dicit quod
                non debet solvere messem nisi quando moratur extra franchisiam </item>
              <item> de messe Guillermi Escoferii <lb/> debet computari anno futuro et ideo non
                computat hic quia moratur infra franchisiam </item>
              <item> de XXIII asinatis receptis a se ipso de remanentia<note type="césure"><hi
                    rend="italics">remanen<lb/>cia</hi></note><lb/> computi sui precedentis </item>
              <item> summa : LXX asinate VII bicheti siliginis </item>
              <item> de quibus <lb/> in venditione ut infra : XXVII asinate V bicheti </item>
              <item> et sic debet : XLIII asinatas II bichetos — et remanent</item>
            </list></p>
        </div>
        <div xml:id="fabe">
          <head>fabe</head>
          <p><lb/> idem reddit computum <list>
              <item> de IIII<hi rend="sup">or</hi> bichetis fabarum I cupa receptis de exitu
                predicti coponagii per dictum tempus </item>
              <item> de dimidio bicheto recepto de exitu <del rend="overstrike">decime</del> sexte
                <lb/> partis decime de <foreign>Bueneyns</foreign> ratione qua supra in frumento </item>
              <item> de III bichetis II cupis receptis a se ipso de remanentia computi sui
                precedentis <lb/></item>
              <item> summa : VIII bicheti I cupa dimidia — et remanent</item>
            </list></p>
        </div>
        <div xml:id="milium">
          <head>milium</head>
          <p><lb/> idem reddit computum <list>
              <item> de VIII bichetis milii receptis de exitu coponagii hoc anno </item>
              <item> de V bichetis receptis de exitu decime de <foreign>Bueneyns</foreign> ratione
                <lb/> qua supra in frumento </item>
              <item> de VI bichetis receptis a se ipso de remanentia computi sui precedentis</item>
              <lb/>
              <item> summa : II asinate III bicheti</item>
              <item> de quibus <lb/> in venditione ut infra : III bicheti</item>
              <item> et sic debet : II asinatas — et remanent</item>
            </list></p>
        </div>
        <div xml:id="nuces">
          <head>nuces</head>
          <p><lb/> idem reddit computum <list>
              <item> de I raso nucum recepto de exitu dicti coponagii hoc anno </item>
              <item> de I raso recepto a se ipso de remanentia computi sui precedentis</item>
              <item> summa : II rasi nucum — <sic>vendantur</sic> ut infra</item>
            </list></p>
        </div>
        <div xml:id="veces">
          <head>veces</head>
          <p><lb/> idem reddit computum <list>
              <item> de dimidio bicheto <foreign>de veces<note> On attendrait <hi rend="italics"
                      >veciarum</hi>, pour <hi rend="italics">viciarum</hi>.</note></foreign>
                recepto de exitu dicte decime de <foreign>Bueneyns</foreign> ratione qua supra in
                frumento — vendantur ut infra</item>
            </list></p>
        </div>
        <div xml:id="avena">
          <head>avena</head>
          <p><lb/> idem reddit computum <list>
              <item> de XVI asinatis V rasis avene receptis de exitu dicti coponagii hoc anno </item>
              <item> de I meiterio recepto de Iohanne de Verneto de <lb/> comanda<note type="césure"
                    ><hi rend="italics">co<lb/>manda</hi></note> per annum </item>
              <item> de I meiterio recepto de Ogerio <foreign>Lo Nalays</foreign> pro eodem </item>
              <item> de II meiteriis receptis de domina de <foreign>La Fontana</foreign> pro eodem </item>
              <item> de I meiterio recepto <lb/> de Payeneto de <foreign>La Fayola</foreign> pro
                eodem </item>
              <item><add place="leftMargin">de I meiterio recepto de Pellipario de <foreign>Yllia
                  </foreign>de garda</add></item>
              <item><add place="leftMargin">de I meiterio recepto ab eodem pro anno
                preterito</add></item>
              <item> de I meiterio recepto de Laurentia de Donno Petro pro eodem </item>
              <item> de I meiterio recepto de Leproso de <foreign>La Fayola</foreign><lb/> pro eodem </item>
              <item> de novem meiteriis quos debebant <add place="interlinear">ratione comande</add>
                homines quondam Iohannis de Laya existentes apud <foreign>Lordes</foreign> qui ad
                presens sunt homines domini <sic>Philipi</sic><note> On écrit toujours ici <hi
                    rend="italics">Philipi</hi> pour <hi rend="italics">Philippi</hi>.</note> de
                Laya non computat<note type="césure"><hi rend="italics"
                >compu<lb/>tat</hi></note><lb/> quia dominus comes quittavit inde dictum dominum
                Philipum ut per litteram domini comitis </item>
              <item> de IX asinatis XIIII rasis receptis a se ipso de remanentia computi <lb/> sui
                precedentis </item>
              <item> de I asinata recepta de exitu decime de <foreign>Bueneyns</foreign> ratione qua
                supra in frumento</item>
              <lb/>
              <item> summa : XXVIIII asinate VII rasi avene</item>
              <item> de quibus <lb/> in liberatione equorum domini per manum Andree de
                  <foreign>Voyron</foreign> ut per litteram domini datam die iovis post
                  penthecosten<note> On lit <hi rend="italics">penchcost[en]</hi>.</note> anno
                octogesimo septimo : XXXVIII rasi </item>
              <item> item <lb/> in liberatione equorum Petri clerici et Iacobi de Secusia <add
                  place="interlinear">audiendo computum</add> : II meiterii</item>
              <item> et sic debet : XXVI asinatas IX rasos avene — et remanent</item>
            </list></p>
        </div>
        <div xml:id="galline">
          <head>galline</head>
          <p><lb/><list>
              <item> idem reddit computum de XIII gallinis receptis de redditu in dicta castellania
                per annum — vendantur ut infra</item>
            </list></p>
        </div>
        <div xml:id="vinum">
          <head>vinum</head>
          <p><lb/><list>
              <item> idem reddit computum de II cartis vini receptis de exitu decime de
                  <foreign>Bueneyns</foreign> ratione qua supra — vendantur ut infra</item>
            </list></p>
        </div>
        <div xml:id="cera">
          <head>cera </head>
          <p><lb/> idem reddit computum <list>
              <item> de XXXIIII libris cere receptis de gardis et recognitionibus hoc anno ut in
                particulis in dorso presentis rotuli<note> Voir <hi rend="italics">isti debent
                    guardam cere</hi> au dos de la peau 6, vue 29.<milestone unit="vue" n="29"
                  /></note><lb/></item>
              <item> de XXXIIII libris receptis a se ipso de remanentia computi sui anni
                precedentis</item>
              <item> summa : LXVIII libre cere</item>
            </list></p>
        </div>
        <div xml:id="denarii">
          <head>denarii</head>
          <p><lb/> idem reddit computum <list>
              <item> de XIIII libris VIII solidis VI denariis receptis de redditu apud Castellionem
                per annum </item>
              <item> de II denariis receptis de Andrea Gelati pro prato suo <lb/> versus
                  <foreign>Clemencya</foreign> de redditu per annum </item>
              <item> de XI libris XIII solidis receptis de teysis domorum in villa nova Castellionis
                hoc anno, et levantur pro <lb/> qualibet teysa continente de longitudine novem
                teysas sex denarii viennensium, et si plus vel minus contineat levatur pro rata </item>
              <item> de XVI solidis VI denariis <lb/> receptis de gardis et recognitionibus hoc
                anno, deductis aliquibus qui mortui sunt et aliquibus aliis qui recesserunt a garda </item>
              <item> de XXXIIII libris III solidis <lb/> receptis de exitu leyde mercati hoc anno </item>
              <item> de XIII libris XV solidis receptis de exitu nundinarum dicti loci in festo
                beati Iohannis baptiste hoc anno </item>
              <item> de XLV solidis <lb/> receptis de exitu nundinarum eiusdem loci in festo beati
                Mathei apostoli </item>
              <item> de XI libris II solidis IX denariis receptis de exitu banchagii domus mercati
                hoc anno <lb/></item>
              <item> de XV libris X solidis receptis de Iohannino Fornerii pro medietate firme furni
                finite in festo beati Iohannis baptiste anno octogesimo septimo et de alia <lb/>
                medietate computavit in computo precedenti </item>
              <item> de XVI libris receptis de medietate firme furni predicti finiende in festo
                beati Iohannis baptiste <lb/> anno octogesimo octavo et tunc debetur tantundem </item>
              <item> de VII libris receptis de medietate <add place="interlinear">firme</add>
                chacipollerie finite in dicto festo beati Iohannis baptiste anno <lb/> octogesimo
                septimo </item>
              <item> de VII libris receptis de medietate firme eiusdem chacipollerie finiende in
                festo beati Iohannis baptiste anno octogesimo octavo et <lb/> tunc debetur tantundem </item>
              <item><add place="leftMargin">de XIIII denariis receptis de exitu ponderis pro
                  presenti et precedenti anno</add><note type="césure"> de XIIII denariis receptis
                  de exitu pon<lb/>deris pro presenti et prece<lb/>denti anno</note></item>
              <item> de C solidis receptis de banno vini mense augusti anno octogesimo septimo </item>
              <item> de XX solidis receptis de medietate firme <lb/> champerie finite in festo beati
                Iohannis anno octogesimo septimo </item>
              <item> de XX solidis receptis de medietate firme dicte champerie finiende in festo
                <lb/> beati Iohannis anno octogesimo octavo et tunc debetur tantundem </item>
              <item> de XXVIII solidis receptis de firma linguarum boum occisorum in macello hoc
                anno <lb/></item>
              <item> de VIII libris receptis de locagio bancharum macelli Castellionis hoc anno </item>
              <item> de III solidis receptis de Hugone Chalveti pro firma furni sui ad usum <lb/>
                suum tantum per annum </item>
              <item> de II solidis receptis de Machardo pro firma furni sui ad usum suum per annum </item>
              <item> de LX solidis receptis de Perroneto <lb/><foreign>La Venoyri</foreign> pro
                censa scripture Castellionis hoc anno </item>
              <item> de XXXVIII solidis VIII denariis receptis de feudo quondam Morete quod reductum
                est ad <lb/> manum<note type="césure"><hi rend="italics">ma<lb/>num</hi></note>
                domini ex eo quod de ipso non fuit factum domino comiti homagium consuetum ut in
                particulis in dorso<note> Voir <hi rend="italics">redditus qui debetur pro rebus
                    quas Moreta…</hi> au dos de la peau 6, vue 29.<milestone unit="vue" n="29"
                  /></note></item>
              <item> de XX solidis receptis de liberis <unclear>Iohannis <lb/><foreign>al
                    Guich[ard]</foreign></unclear> qui eos debebant pro anno precedenti </item>
              <item> de XIX solidis VIII denariis receptis de redditu feudi Alasye de Sura quod
                reductum est ad <lb/> manum domini eadem de causa ut in particulis in dorso
                presentis rotuli<note> Voir redditus feudi Alasie de Sura… au dos de la peau 6, vue
                  29.</note></item>
              <item> de VIII solidis receptis de feudo Iohannis de <foreign>Mennay</foreign> quod
                reductum est <lb/> ad manum domini eadem de causa, deductis sex solidis quos debebat
                  <foreign>Machars</foreign> de redditu pro quadam pecia terre quam guerpivit
                <lb/></item>
              <item> de VI solidis receptis de Peronino <foreign>d’Estres<note> On a écrit <hi
                      rend="italics">destres</hi>.</note></foreign> de redditu per annum pro rebus
                quas emit a domino Petro de <foreign>Rygneu</foreign> et Guillermo de <foreign>La
                  Follya</foreign>, quos sex solidos assignat percipiendos et recuperandos ex nunc
                si domino comiti placuerit super rebus quas Petrus de <foreign>La Venoyri</foreign>
                tenet ab ipso ut in dorso presentis rotuli<note> Voir <hi rend="italics">Petrus de
                    La Venony clericus…</hi> au dos de la peau 6, vue 29. <milestone unit="vue"
                    n="29"/></note></item>
              <lb/>
              <item> summa : VII<hi rend="sup">XX </hi>XVII lb. XIX s. III d. vien.</item>
            </list></p>
        </div>
        <div xml:id="inventa">
          <head>inventa</head>
          <p><lb/><list>
              <item> idem reddit computum de II solidis receptis de tribus bichetis siliginis que
                fuerunt inventa in domo mercati</item>
            </list></p>
        </div>
        <div xml:id="laudes">
          <head>laudes</head>
          <p><lb/><list>
              <item> idem reddit computum de XIIII libris V solidis VIII denariis receptis de
                laudibus et venditionibus per dictum tempus ut in particulis in dorso presentis
                  rotuli<note> Voir <hi rend="italics">laudes et venditiones</hi>, au dos de la peau
                  6, vue 29.<milestone unit="vue" n="29"/></note></item>
              <lb/>
              <item> summa eadem</item>
            </list></p>
        </div>
        <div xml:id="iudei">
          <head>iudei </head>
          <p><lb/><list>
              <item> idem reddit computum de LX solidis receptis de <foreign>Naysent</foreign> iudeo
                pro estagio suo Castellionis in nativitate Domini anno octogesimo septimo </item>
              <item> de corsinis <lb/> et Ioceto iudeo non computat quia respondent apud
                  Burgum<note> Cette seconde phrase paraît avoir été ajoutée après
                coup.</note></item>
              <item> summa : LX s. vien.</item>
            </list></p>
        </div>
        <div xml:id="banna">
          <head>banna</head>
          <p><lb/><list>
              <item> idem reddit computum de XLII libris IIII solidis VIII denariis receptis de
                bannis et clamis per dictum tempus ut in particulis in dorso presentis rotuli<note>
                  Voir particule <hi rend="italics">bannorum</hi> au dos de la peau 6, vue 29.
                    <milestone unit="vue" n="29"/></note> — in <lb/> medietate quorum bannorum
                percipit castellanus tertiam partem quia fuerunt adiudicata ante ascensionem Domini
                et in residuo videlicet in viginti una libris <lb/> percipit duos solidos tantum in
                libra — et sic remanent domino : XXXIII libre II solidi</item>
            </list></p>
        </div>
        <div xml:id="iterum_banna">
          <head>iterum banna</head>
          <p><lb/><list>
              <item> idem reddit computum de XX libris receptis Stephano <foreign>Lo Vito</foreign>
                et Iohanne <foreign>Bachelar</foreign> pro banno ex eo quod receptaverant roterios
                domini de Turre durante <lb/> guerra </item>
              <item> de X libris receptis a Guioneto de Vyleta pro banno ex eo quod filii sui
                vulneraverant de cutello Nycholaum clericum in villa Castellionis <lb/> et pro
                quibusdam aliis offensis in quibus accusabat eum castellanus et ultra hoc, predictis
                de causis, quittavit idem Guionetus domino comiti <lb/> id quod sibi debebat dictus
                dominus comes de remanentia computi sui de tempore quo fuit castellanus Sancti
                Martini Castri </item>
              <lb/>
              <item> summa : XXX lb. — in quibus castellanus <lb/> percipit duos solidos in libra —
                et remanent domino : XXVII libre</item>
            </list></p>
        </div>
        <div xml:id="venditiones">
          <head>venditiones</head>
          <p><lb/> idem reddit computum <list>
              <item> de XLIIII solidis receptis de duabus asinatis duobus bichetis dimidio frumenti
                venditis ut supra, qualibet asinata decemnovem solidos </item>
              <item> de XVI libris <unclear reason="encre délavée"> XVI solidis</unclear><lb/> VI
                denariis receptis de viginti septem asinatis quinque bichetis siliginis venditis ut
                supra, qualibet asinata duodecim solidos, exceptis duodecim asinatis venditis
                qualibet <lb/> duodecim solidos sex denarios </item>
              <item> de VI solidis receptis de tribus bichetis milii venditis ut supra </item>
              <item> de II solidis receptis de duobus rasis nucium venditis ut supra </item>
              <item> de IIII denariis <lb/> receptis de dimidio bicheto <foreign>de veces</foreign>
                vendito ut supra </item>
              <item> de IIII solidis IIII denariis receptis de XIII gallinis venditis ut supra </item>
              <item> de II solidis receptis de duabus cartis vini <lb/> venditis ut supra</item>
              <item> summa : XIX lb. XVI s. II d.</item>
            </list></p>
        </div>
        <div xml:id="bilan_recepte">
          <p><lb/><list>
              <item> summa totius recepte : CCLV lb. VI s. III d. vien.</item>
            </list></p>
        </div>
      </div>
      <div xml:id="expense_et_librate">
        <p><list>
            <item> de quibus <lb/> in domo macelli <sic>rechooperienda</sic> et challatis ponendis
                et<note> On avait d’abord écrit et en abrégé, avant de raturer le mot pour éviter
                une confusion avec esse, puis de le biffer en réécrivant le mot clairement dans
                l’interligne supérieur.</note> pedibus bancharum aptandis et terra ponenda in
              intragium pontis : XV solidos XI denarios viennensium <lb/></item>
            <item> item in duabus archis emptis et positis in domo mercati ad recolligendum
              coponagium : X solidos III denarios </item>
            <item> item in domo Iohannis <foreign>del Verney</foreign> prope alam<note> On avait
                d’abord écrit <hi rend="italics">aulam</hi>, mais le u a été annulé par
                exponctuation.</note><lb/><sic>recohoperienda</sic> quia ibi intendebat castellanus
              recolligere coponagium : III solidos </item>
            <item> item in duabus postibus positis ad reficiendum duas banchas in <lb/> domo mercati
              : IIII solidos </item>
            <item> item in pallicio facto circa poypiam castri a parte ville : XVI solidos </item>
            <item> item in expensis factis diversis vicibus pro gentibus cum armis <milestone n="07"
                unit="vue"/><pb n="7"/><lb/> qui fuerunt apud Castellionem durante guerra ad
                <sic>deffensionem</sic> terre ut in particulis in dorso presentis rotuli : XXII
              libras X solidos VIII denarios<note> Voir <hi rend="italics">in stipendiis domini
                  Lurdini dou Says…</hi> au dos de la peau 7, vue 29.<milestone unit="vue" n="29"
                /></note></item>
            <item> item <lb/> in stipendiis diversorum nuntiorum missorum ad diversa loca pro
              negotiis domini : XXXVI solidos I denario </item>
            <item> item in expensis Guigonis <foreign>Poleyn</foreign> missi ad dominum <lb/>
              comitem apud Sanctum Georgium et ad dalphinum apud Viannam ad requirendum Aymaretum
                <foreign>Lo Fort</foreign> qui captus detinebatur apud
              <foreign>Vylars</foreign><lb/> et non poterat haberi sine mandato dalphini licet
              forefecisset satis in terra domini : X solidos </item>
            <item> item expensis Petri de <foreign>La Venoyri</foreign> missi apud <lb/> Sanctum
              Georgium ad recipiendum litteram domine comitisse super escambio facto cum domino de
              Loysiaco : X solidos </item>
            <item> item expensis domini Guillermi <foreign>d’Esp<unclear reason="encre délavée"
                  >ey</unclear></foreign><note> On peut penser à la seigneurie d’Épey, cne de
                Châtillon-sur-Chalaronne. On écrit <hi rend="italics">desp[ey]</hi>.</note><lb/> una
              die qua positus fuerat pro amico super discordiis vertentibus terre inter gentes
              domini comitis et gentes domini de <foreign>Vylars</foreign> et expensis unius <lb/>
              scutiferi domini Humberti de Balma qui debuit interesse dicte diei nec venit : VII
              solidos VI denarios </item>
            <item> item expensis cuiusdam iurati curie Lugdunensis missi ad <lb/> recipiendum
              fideiussores pro Perrino corsino Cabilonis<note> Lire <hi rend="italics"
                  >Cabillonis</hi>.</note> super pecunia quam mutuabat domino comiti ut per litteram
              eius datam die iovis post festum <lb/> beati Barnabe apostoli anno octogesimo septimo
              et expensis magistri Iacobi clerici domini comitis et dicti castellani euntium apud
              Cabilonem ad loquendum <lb/> dicto Perrino super dicto mutuo : XVII solidos </item>
            <item> item in stipendiis collectoris lede per dictum annum : XXX solidos </item>
            <item> in expensis dicti <foreign>Lo Vito</foreign> et Michaelis
                  <foreign>d’Anthaneyns<note> On écrit <hi rend="italics"
                >danthaneyns</hi>.</note></foreign> quos <lb/> detenuit captos per
                <sic>tresdecim</sic> dies pro furto et fuerunt suspensi ad furcas et pro corda empta
              ad ipsos : X solidos <lb/></item>
            <item> item restituit sibi pro quibusdam servitiis et teysis domorum quas non potuit
              recuperari quia tenementa in parte sunt vacua tenementariis et in parte sunt aliqua
              <lb/> occupata per fossata ville pro presenti et precedenti anno : LXII solidos,
              videlicet pro quolibet anno triginta unum solidos, ut in particulis quas reddidit
              <lb/></item>
            <item> item in mingellia quinque latronum quorum tres fuerunt suspensi ad furcas et
              duobus aliis fuerunt amputate auricule et unius mulieris que <lb/> fuit
                <sic>fugata</sic><note> Peut-être faut-il lire <hi rend="italics">fustigata</hi>,
                comme dans le compte de l’exercice précédent, où cependant l’on notait déjà une
                hésitation avec <hi rend="italics">fugata</hi>.</note> per villam anno quo fuit
              chacipollus Guillermus de <foreign>La Follya</foreign> de quibus non fuerat aliquid
              computatum : XL solidos </item>
            <item> item in expensis factis in <lb/> sternendo furcas quas Hugo de
                <foreign>Bayseneins</foreign> fecerat inter <foreign>Yllia</foreign> et
                <foreign>Baysseneins</foreign> : VI solidos IIII denarios </item>
            <item> item in una carraca feni librata ad equos domini quando <lb/> fuit apud
              Castellionem de qua nichil fuit sibi computatum ut asserit : XII solidos</item>
            <lb/>
            <item> summa : XXXVII lb. IX d.</item>
          </list></p>
        <div xml:id="librata">
          <head>librata</head>
          <p><lb/><list>
              <item> idem libravit domino comiti Sabaudie per manum Andree de
                  <foreign>Voyron</foreign> ut per litteram dicti domini comitis datam die martis
                post festum apostolorum Philipi<foreign> </foreign>et Iacobi <lb/> anno octogesimo
                septimo : C libras <lb/></item>
              <item> item eidem domino comiti quas habuit Iohannes de Vyanna cui dominus debebat pro
                rebus quas cepit ab ipso in feudum <lb/> ut per litteras dicti domini comitis datas
                die sabbati post octabas penthecostes anno octogesimo septimo : C libras
                <lb/></item>
              <item> item eidem domino comiti per manum Andree de Voyrone ut per litteram eius datam
                die iovis post penthecosten anno eodem : VII libras </item>
              <item> item eidem domino comiti per manum Hueti Burgondionis in decem porcis ductis ad
                festum Ville Franchie ut per litteram domini <lb/> datam in festo sancti Petri ad
                vincula anno eodem : VII libras IIII solidos <lb/></item>
              <item> item domino Guillermo de <foreign>Juys</foreign> ballivo Baugiaci ut per
                litteram eius datam dominica post festum apostolorum Philipi et Iacobi anno
                octogesimo septimo : XXXVI libras <lb/></item>
              <item> item libravit sibi ipsi que sibi debebantur de remanentia computi sui
                precedentis ut patet in ipso : XXXIIII libras XV solidos X denarios obolum
                viennensium <lb/></item>
              <item> item libravit sibi ipsi pro salario suo ab octabis purificationis beate Marie
                anno octogesimo sexto<note> Le dimanche 9 février 1287 (nouveau style).</note> usque
                ad vigiliam epiphanie Domini anno octogesimo <lb/> septimo<note> Le lundi 5 janvier
                  1288 (nouveau style).</note> videlicet pro quadraginta septem edomadis ad rationem
                quadraginta librarum viennensium per annum de salario pro quibus debet tenere secum
                unum socium equitem, <lb/> unum clientem, unam guaytam et unam bayetam, deductis
                tamen viginti duobus solidis sex denariis pro eo quod non tenuit bayetam a festo
                <lb/> beati Iohannis baptiste citra : XXXV libras</item>
              <lb/>
              <item> summa librate : CCC XIX lb. XIX s. X d.</item>
            </list></p>
        </div>
        <div xml:id="bilan_expense_et_librate">
          <p><list>
              <lb/>
              <item> summa totalis expense et librate : CCC LVII lb. VII d. vien.</item>
            </list></p>
        </div>
      </div>
      <div xml:id="bilan_compte">
        <p><lb/><list>
            <item> et sic debetur dicto castellano : CI libras XIIII solidos IIII denarios
              viennensium</item>
            <item> quibus <sic>aduntur</sic><note> Lire <hi rend="italics">adduntur</hi>.</note> :
              XVIII solidi, quos castellanus <lb/> sibi restituit pro coponagiis datis in venditione
              bladi supradicti, de quo nichil fuerat superius deductum</item>
            <item> de quibus <lb/> recepit a priore de Novilla, de subsidio facto domino comiti ad
              tenendum duos balistarios pro guerra : XIIII libras </item>
            <item> item, a burgensibus ville <lb/> Castellionis, eadem de causa : XXII libras</item>
            <item> et sic debetur dicto castellano : LXVI libras XII solidos IIII denarios
              viennensium</item>
            <item> quibus <lb/> aduntur pro expensis Petri clerici et Iacobi de Secusia recipientium
              presentem computum per tres dies : XX solidi </item>
            <item> item : IX solidi, pro clientibus qui <lb/> custodierunt nundinas Castellionis in
              festo beati Iohannis baptiste</item>
            <item> et sic debetur eidem : LXVIII libras XVI denarios viennensium</item>
            <item> de quibus <lb/> deducuntur quos habuit a filio a La Bocy de
                <foreign>Chavannes</foreign> quando erat castellanus Pontis Vallium, pro eo quod
              fecerat sanguinem Stephano de <lb/> Molendino, de quo non computaverat, deducta parte
              castellani : XL solidi</item>
            <lb/>
            <item> et sic debetur dicto castellano : LXVI libras XVI denarios viennensium — que
              allocantur <lb/> in computo sequenti</item>
          </list></p>
      </div>
    </body>
  </text>
</TEI>
