<?xml version="1.0" encoding="UTF-8"?>
<?xml-model href="http://www.tei-c.org/release/xml/tei/custom/schema/relaxng/tei_all.rng" schematypens="http://relaxng.org/ns/structure/1.0"?>
<TEI xmlns:math="http://www.w3.org/1998/Math/MathML" xmlns="http://www.tei-c.org/ns/1.0"
  xmlns:xi="http://www.w3.org/2001/XInclude" xmlns:svg="http://www.w3.org/2000/svg"
  xml:id="B7560_10">
  <teiHeader>
    <fileDesc>
      <titleStmt>
        <title>Compte de Pierre d’Estres (Petrus d’Estres), châtelain, pour la châtellenie de
          Châtillon-sur-Chalaronne, du vendredi 10 avril 1293 au samedi 8 mai 1294 <date
            type="debut" from-iso="12930410" cert="high"/><date type="fin" from-iso="12940508"
            cert="high"/></title>
        <respStmt>
          <persName><name xml:lang="fra">Pierre d'Estrés</name><name xml:lang="lat">Petrus
              d’Estres</name></persName>
          <resp>Châtelain</resp>
        </respStmt>
      </titleStmt>
      <publicationStmt>
        <p>Alain Kersuzan et Frédéric Chartrain, avec la collaboration de Nils Mantilleri et Jean-Michel Poisson, 
          <title>Compte de Pierre d’Estrés (<hi rend="italics">Petrus d’Estres</hi>), châtelain, pour la châtellenie de
            Châtillon-sur-Chalaronne, du vendredi 10 avril 1293 au samedi 8 mai 1294</title>,
          Lyon - Chambéry, 2011 (<title>Documents comptables des Etats de Savoie, XIIIe - XVe s.</title>)</p>
      </publicationStmt>
      <seriesStmt>
        <title>Châtillon-sur-Chalaronne</title>
      </seriesStmt>
      <sourceDesc>
        <p>Information about the source</p>
      </sourceDesc>
    </fileDesc>
  </teiHeader>
  <text>
    <body>
      <milestone n="15" unit="vue"/>
      <pb n="17"/>
      <div xml:id="prologue">
        <p><lb/>Computus Petri <foreign>d’Estres</foreign><note> On écrit <hi rend="italics"
              >destres</hi>.</note> castellani Chasteillonis de Chalerona a decima die intrantis
          aprilis <lb/> post pascha anno Domini M<hi rend="sup">o</hi> CC<hi rend="sup">o</hi>
          nonagesimo tertio usque ad octavum diem intrantis mensis maii anno nonagesimo quarto
          videlicet de uno anno <lb/> viginti septem diebus receptus apud Sanctum Simphorianum per
          Petrum de Monte Meliano clericum presente domino comiti </p>
      </div>
      <div xml:id="recepte">
        <div xml:id="frumentum">
          <head>frumentum</head>
          <p><lb/> idem reddit computum <list>
              <item> de II asinatis frumenti receptis de exitu copunagii<note> Lire <hi
                    rend="italics">coponagii</hi>.</note> a decima die intrantis mensis aprilis anno
                nonagesimo tertio post pascha <lb/> usque ad primam diem mensis augusti sequentem
                quo tempore non fuit accensatum et est sciendum quod quatuor meiterii faciunt
                asinatam </item>
              <lb/>
              <item> de IIII asinatis receptis de Petro de <foreign>La Venoyri</foreign> pro
                medietate firme copunagii finiende prima die mensis augusti anno nonagesimo quarto
                <lb/> et tunc debebit tantumdem </item>
              <item> de decima de <foreign>Buengnens</foreign> nichil in frumento </item>
              <lb/>
              <item> summa recepte : VI asinate frumenti — venduntur ut infra</item>
            </list></p>
        </div>
        <div xml:id="siligo">
          <head>siligo</head>
          <p><lb/> idem reddit computum <list>
              <item> de X asinatis I meiterio siliginis receptis de exitu copunagii non accensati
                per tempus quo supra in frumento </item>
              <item> de XX asinatis receptis <lb/> de medietate firme dicti copunagii finiende prima
                die augusti anno nonagesimo quarto et tunc debebit tantumdem </item>
              <item> de II asinatis II meiteriis <lb/> receptis de firma decime de
                  <foreign>Buengnens</foreign> hoc anno in siligine </item>
              <item> de LII meiteriis dimidio receptis de messe in dicta castellania hoc anno ut in
                extenta <lb/> et levatur sic videlicet de quolibet excolente ad duos boves levantur
                quinque meiterii et de excolente ad unum bovem duo meiterii dimidius et <lb/> de non
                excolente ad bovem nichil </item>
              <lb/>
              <item> summa recepte : XLV asinate III meiterii dimidius siliginis — venduntur ut
                infra</item>
            </list></p>
        </div>
        <div xml:id="avena">
          <head>avena</head>
          <p><lb/> idem reddit computum <list>
              <item> de V asinatis avene receptis de exitu dicti copunagii per tempus quo non fuit
                accensatum ut supra in frumento </item>
              <item> de XII asinatis dimidia receptis <lb/> de medietate firme dicti copunagii
                finiende prima die augusti anno nonagesimo quarto et tunc debentur tantumdem </item>
              <item> de II asinatis <lb/> receptis de firma decime de <foreign>Buengnens</foreign>
                hoc anno in avene </item>
              <item> de I meiterio recepto de Petronilla de <foreign>La Fayola</foreign> de redditu
                per annum </item>
              <item> de XII meiteriis <lb/> receptis de gardis in dicta castellania ut in extenta </item>
              <item> de I meiterio recepto de garda oblita anno preterito ad computandum </item>
              <lb/>
              <item> summa recepte : XXIII asinate avene</item>
              <item> de quibus <lb/> idem libravit per manum Hugonis de Voyrone in expensis domini
                comitis factis apud Chasteillonem per litteram ipsius domini comitis datam die lune
                post octabam nativitatem <lb/> Domini anno nonagesimo tertio<note> Le lundi 4
                  janvier 1294 (nouveau style).</note> : VI meiterios III rasos </item>
              <item> item libravit in expensis equorum domini per manum dicti Hugonis per litteram
                ipsius domini datam in festo <lb/> omnium sanctorum anno nonagesimo tertio : XI
                meiterios II rasos </item>
              <lb/>
              <item> summa librate : XVIII meiterii I rasus </item>
              <lb/>
              <item> et sic debet : XVIII asinatas VII rasos avene — venduntur ut infra</item>
            </list></p>
        </div>
        <div xml:id="ordeum_fabe_milium_nuces_pisi">
          <head><supplied>ordeum - fabe - millium - nuces - pisi</supplied></head>
          <p><lb/><list>
              <item> de ordeo, fabis, millio, nucibus et pisis, nichil quia accensatum est
                copunagium ad alia blada</item>
            </list></p>
        </div>
        <div xml:id="vinum">
          <head><supplied>vinum</supplied></head>
          <p><lb/><list>
              <item> de vino decime de <foreign>Buengnens</foreign> nichil quia accensatum est cum
                blado</item>
            </list></p>
        </div>
        <div xml:id="galline">
          <head>galline</head>
          <p><lb/><list>
              <item> idem reddit computum de XIIII gallinis receptis de redditu in dicta castellania
                per annum — venduntur ut infra</item>
            </list></p>
        </div>
        <div xml:id="cera">
          <head>cera</head>
          <p><lb/> idem reddit computum <list>
              <item> de LIIII libris cere receptis de garda in dicta castellania hoc anno ut in
                extenta et sic computat plus de tresdecim<note> Lire <hi rend="italics"
                    >tredecim</hi>.</note> libris <lb/> cere quam anno preterito pro quibusdam qui
                de novo intraverunt gardam </item>
              <item> de I libra recepta que anno preterito fuit oblita ad computandum </item>
              <lb/>
              <item> summa : LV libre cere </item>
              <item> de quibus <lb/> idem libravit ad expensas hospitii domini per manum Hugonis de
                Voyrone per litteram domini datam die lune post <del rend="overstrike"
                    >n<unclear>ativitatem</unclear></del> octabam nativitatis Domini anno <lb/>
                nonagesimo tertio : X libras dimidiam cere </item>
              <lb/>
              <item> et sic debet : XLIIII libras dimidiam cere — et remanent</item>
            </list></p>
        </div>
        <div xml:id="denarii">
          <head>denarii</head>
          <p><lb/> idem reddit computum <list>
              <item> de XVII libris XVIII solidis I denario III pictis viennensium receptis de
                redditu in dicta castellania ut in particulis in extenta computato <lb/> redditu de
                feodo Morete reducto ad manum domini ut in computis precedentibus preter sex
                denarios dimissos <foreign>Trignon</foreign> pro eo quod fossata <lb/> occupaverunt
                domum suam et preter octo denarios dimissos <foreign>al Venour</foreign> pro eo quod
                arena capitur in terra de qua eos debebat de redditu </item>
              <lb/>
              <item> de XIII libris receptis de teysis domorum in villa Chasteillonis ut in extenta </item>
              <item> de XXXIX solidis VI denariis receptis de gardis et recognitionibus <lb/> ut in
                extenta </item>
              <item> de XXI solidis receptis de retentis teysarum minus computatis quatuor annis
                precedentibus quam repertum sit per extentam novam </item>
              <lb/>
              <item> summa : XXXIII lb. XVIII s.<note> On avait d’abord écrit <hi rend="italics"
                    >XXXII lb. XVII s.</hi>, et les chiffres sont raturés.</note> VII d. III p.
                vien.</item>
            </list></p>
        </div>
        <div xml:id="firme">
          <head>firme</head>
          <p><lb/> idem reddit computum <list>
              <item> de VIII libris IX solidis viennensium receptis de exitu leyde mercati non
                accensate a decima die intrantis mensis aprilis anno <lb/> nonagesimo tertio post
                pascha usque ad primam diem mensis augusti anno eodem </item>
              <item> de XVIII libris XII solidis receptis de exitu nundinarum Chasteillonis <lb/> in
                festo beati Iohannis baptiste anno nonagesimo tertio </item>
              <item> de LI libris X solidis receptis de Petro de <foreign>La Venoyri</foreign> pro
                medietate firme leyde mercati et <lb/> nundinarum ponderis bladi et mercandie
                bancarum domus mercati et locagii arcarum in ipsa existentium finiende prima die
                <lb/> augusti anno nonagesimo quarto et tunc debebit tantumdem </item>
              <item> de XVII libris X solidis receptis de medietate firme furni finite in <lb/>
                festo beati Iohannis baptiste anno nonagesimo tertio et de alia medietate computavit
                in computo precedenti </item>
              <item> de XVI libris X solidis receptis de medietate <lb/> firme dicti furni finiende
                in dicto festo beati Iohannis anno nonagesimo quarto et tunc debebit tantumdem </item>
              <item> de V solidis receptis de Hugone Chalveti <lb/> et relicta Guillermi Maschardi
                pro firma furni ad usum suum </item>
              <item> de IX libris X solidis receptis de medietate firme chacipolerie finite in festo
                beati <lb/> Iohannis anno nonagesimo tertio et de alia medietate computavit in
                computo precedenti </item>
              <item> de XIII libris receptis de medietate firme dicte chacipolerie <lb/> finiende in
                festo beati Iohannis anno nonagesimo quarto et tunc debebit tantumdem </item>
              <item> de XX solidis receptis de medietate firme champerie <lb/> finite in festo beati
                Iohannis anno nonagesimo tertio et de alia medietate computavit in computo
                precedenti </item>
              <item> de XXIII solidis receptis de medietate dicte <lb/> firme finiende in festo
                beati Iohannis anno nonagesimo quarto et tunc debentur tantumdem </item>
              <item> de VIII solidis receptis de linguis boum occisorum <lb/> in macello a decima
                die intrantis mensis aprilis anno nonagesimo tertio usque ad festum beati Iohannis
                sequens </item>
              <item> de XVIII solidis receptis de <lb/> medietate firme dictarum lingarum<note> Lire
                    <hi rend="italics">linguarum</hi>.</note> finiende in festo beati Iohannis anno
                nonagesimo quarto et tunc debentur tantumdem </item>
              <lb/>
              <item> de LX solidis receptis de Petro de <foreign>La Venoyri</foreign> pro firma
                scripture Chasteillonis de anno finito in festo purificationis beate Marie anno
                <lb/> nonagesimo tertio<note> Le mardi 2 février 1294 (nouveau style).</note></item>
              <item> de IX libris XI solidis IX denariis receptis de medietate firme locagii
                bancarum domus mercati finite in festo beati Iohannis <lb/> anno nonagesimo tertio
                et de alia medietate computavit in computo precedenti </item>
              <item> de XI libris X solidis receptis de firma bancarum macelli <lb/> pro anno finito
                in carniprivio anno nonagesimo tertio<note> Le mardi 2 mars 1294 (nouveau
                  style).</note></item>
              <item> de C solidis receptis de firma banni vini mense augusti anno nonagesimo tertio </item>
              <lb/>
              <item> de XIIII solidis IIII denariis receptis de exitu ponderis bladi a decima die
                intrantis mensis aprilis usque ad primam diem mensis augusti qua fuit <lb/>
                accensatum cum leyda et copunagio ut supra </item>
              <lb/>
              <item> summa : VIII<hi rend="sup">XX</hi> VIII lb. XI s. I d. vien.</item>
            </list></p>
        </div>
        <div xml:id="iudei_caorsini">
          <head><supplied>iudei - corsini</supplied></head>
          <p><lb/> idem reddit computum <lb/><list>
              <item> de censa quam debebat <foreign>Nacenz</foreign> iudeus non computat quia
                recessit </item>
              <lb/>
              <item> de corssinis non computat quia solverunt domino</item>
            </list></p>
        </div>
        <div xml:id="laudes">
          <head>laudes</head>
          <p><lb/> idem reddit computum <list>
              <item> de X libris XII solidis VII denariis obolo viennensium receptis de laudibus et
                vendis per dictum tempus ut in particulis in dorsso<note> Lire <hi rend="italics"
                    >dorso</hi>.</note> presentis rotuli </item>
              <lb/>
              <item> summa : X lb. XII s. VII d. ob. vien.</item>
            </list></p>
        </div>
        <div xml:id="banna">
          <head>banna</head>
          <p><lb/> idem reddit computum <list>
              <item> de XXI libris XIIII solidis viennensium receptis de bannis et clamis ut in
                particulis in dorsso deductis quadraginta octo <lb/> solidis pro parte castellani
                capientis duos solidos in libra </item>
              <lb/>
              <item> summa : XXI lb. XIIII s.</item>
            </list></p>
        </div>
        <div xml:id="introgia">
          <head>intragio</head>
          <p><lb/> idem reddit computum <list>
              <item> de X solidis viennensium receptis de relicta Morelli <foreign>Boillet</foreign>
                pro intragio unius <foreign>renon</foreign> contigui domui sue sibi albergati </item>
              <lb/>
              <item> summa : X solidi</item>
            </list></p>
        </div>
        <div xml:id="perquisiti_et_inventi">
          <head><supplied>perquisiti et inventi</supplied></head>
          <p><lb/><list>
              <item> de perquisitis et inventis nichil</item>
            </list></p>
        </div>
        <div xml:id="venditiones">
          <head>venditiones</head>
          <p><lb/> idem reddit computum <list>
              <item> de IX libris viennensium receptis de sex asinatis frumenti venditis ut supra
                qualibet asinata vendita triginta solidis </item>
              <item> de LII libris <lb/> XVI solidis receptis de quadraginta quinque asinatis tribus
                meiteriis dimidio siliginis venditis ut supra qualibet asinata viginti quatuor
                solidis viennensium preter septem <lb/> meiterios dimidium datos emptoribus pro
                gietis </item>
              <item> de XV libris XIII solidis VII denariis receptis de decem octo asinatis septem
                rasis avene venditis ut supra qualibet <lb/> decem septem solidis </item>
              <item> de IIII solidis VIII denariis receptis de quartuordecim gallinis venditis ut
                supra </item>
              <lb/>
              <item> summa : LXXVII lb. XIIII s. III d. vien.</item>
            </list></p>
        </div>
        <div xml:id="bilan_recepte">
          <p><lb/><list>
              <item> summa totius recepte : III<hi rend="sup">C</hi> XIII lb. VII d. p. vien.</item>
            </list></p>
        </div>
      </div>
      <div xml:id="expense_et_librate">
        <p> de quibus<lb/><list>
            <item> idem libravit pro quodam fossato facto in domo mercati ad aquam que iacebat in
              dicta domo evacuendam et ipso murando carronibus <lb/>et cohoperiendo platellis
              lignorum et aqua de dicta domo aurienda<note> Lire <hi rend="italics"
                >haurienda</hi>.</note> et locagio unius cadrige apportantis terram : XXXII solidos
              IIII denarios viennensium </item>
            <lb/>
            <item> item loverio quem dictus castellanus misit apud Sanctum Georgium de mandato
              domini comitis pro expensis et suis ingeniis portandis : XV solidos VI denarios </item>
            <lb/>
            <item> item pro domo macelli recohoperienda <del rend="overstrike">et</del> : III
              solidos VI denarios viennensium </item>
            <lb/>
            <item> idem libravit ad expensas hospitii domini comitis per litteram eius datam in
              festo omnium sanctorum anno nonagesimo tertio per manum Hugonis de Voyrone : XXIIII
              libras </item>
            <lb/>
            <item> item libravit ad expensas dicti domini comitis per litteram eius datam die lune
              post octabam nativitatis Domini anno eodem per manum dicti Hugonis : VIII libras </item>
            <lb/>
            <item> item libravit Stephano <foreign>d’Aigninens</foreign><note> On écrit <hi
                  rend="italics">daigninens</hi>.</note> quas percipit annuatim super exitu furni
              Chasteillonis de dono domini in festo beati Iohannis baptiste <lb/> anno nonagesimo
              tertio per litteram domini de mandato et litteram ipsius de recepta : XXV libras </item>
            <lb/>
            <item> item libravit Perrino Ysnardi de quater centum librarum viennensium quas ei
              solvere debet pro domino preter centum libras iam in precedenti computo computatas :
                II<hi rend="sup">C</hi> libras <add place="leftMargin">vide in fine
              librate</add></item>
            <item><lb/>item libravit domino Guillermo de Lissiaco militi pro emenda unius equi
              perditi in Lonbardia<note> Lire <hi rend="italics">Lombardia</hi>.</note> in
                servitio<note> On lit ici <hi rend="italics">servicio</hi>, que l’on transcrit <hi
                  rend="italics">servitio</hi>, selon la convention d’édition prescrivant l’usage
                général de la graphie classique.</note> domini comitis per litteram debiti quam
              reddit <lb/> et litteram domini comitis de mandato datam in festo beate Katarine anno
              nonagesimo secundo <del rend="overstrike">et litter</del> : LX libras </item>
            <lb/>
            <item> item libravit Durando de Fago facienti extentam Chasteillonis pro expensis et
              pergameno empto per litteram eius quam reddit : IIII libras X solidos </item>
            <lb/>
            <item> item libravit Bernardo scribenti extentas terre Baugiaci cum dicto Durando pro
              salario suo per litteram dicti Durandi : C V solidos </item>
            <lb/>
            <item> item libravit in calce empta <del rend="overstrike">pro</del> et lapidibus ad
              calcem faciendam pro clausuris ville Chasteillonis hoc anno : XVIII libras IX solidos </item>
            <lb/>
            <item> item libravit sibi ipsi pro salario suo et pro uno cliente et una guaytia
              tenendis pro anno finito octava die <lb/> mensis maii anno nonagesimo quarto : XX
              libras </item>
            <lb/>
            <item> item libravit sibi ipsi que sibi debebantur de remanentia computi sui precedentis
              ut patet in ipso : IX<hi rend="sup">XX</hi> II libras XV denarios </item>
            <lb/>
            <item> item allocantur sibi quas debet solvere Perrino Ysnardi in festo beati Iohannis
              proximo venturo pro domino comite et <lb/> tunc erit solutus dictus Perrinus de illis
              quater centum libris viennensium quas pro domino comite ei solvere debebat : C libras
              viennensium</item>
          </list></p>
        <div xml:id="bilan_expense_et_librate">
          <p><lb/><list>
              <item> summa <sic>tottalis</sic> librate et expense : VI<hi rend="sup">C</hi> XLIX lb.
                XVI s. VII d. vien.</item>
            </list></p>
        </div>
      </div>
      <div xml:id="bilan">
        <p><lb/><list>
            <item> et sic debentur dicto castellano : III<hi rend="sup">C</hi> XXXVI libre XVI
              solidi viennensium minus picta </item>
            <lb/>
            <item> iniunctum est castellano quod alicui non tradat aliquid sine littera domini
              comitis : quod si fecerit non allocabitur sibi et qui <lb/> allocaverit ab officio et
              servitio domini comitis deponatur</item>
            <lb/>
            <item>summa librate : V<hi rend="sup">C</hi> XLIX lb. <unclear>XVI s.</unclear> VII
              d.</item>
            <lb/>
            <item>et sic debetur eidem II<hi rend="sup">C</hi> XXXVI lb. XVI s. vien. minus picta
                vien.<note> Ces deux dernières lignes, cachées sous la couture des peaux 17 et 18,
                n’apparaissent pas sur la vue numérisée.</note></item>
          </list></p>
      </div>
    </body>
  </text>
</TEI>
