<?xml version="1.0" encoding="UTF-8"?>
<?xml-model href="http://www.tei-c.org/release/xml/tei/custom/schema/relaxng/tei_all.rng" schematypens="http://relaxng.org/ns/structure/1.0"?>
<TEI xmlns:math="http://www.w3.org/1998/Math/MathML" xmlns="http://www.tei-c.org/ns/1.0"
  xmlns:xi="http://www.w3.org/2001/XInclude" xmlns:svg="http://www.w3.org/2000/svg" xml:id="B7560_9">
  <teiHeader>
    <fileDesc>
      <titleStmt>
        <title>Compte de Pierre d’Estres (Petrus d’Estres), châtelain, pour la châtellenie de
          Châtillon-sur-Chalaronne, du mardi 24 juin 1292 au vendredi 10 avril 1293 <date
            type="debut" from-iso="12920624" cert="high"/><date type="fin" from-iso="12930410"
            cert="high"/></title>
        <respStmt>
          <persName><name xml:lang="fra">Pierre d'Estrés</name><name xml:lang="lat">Petrus
              d’Estres</name></persName>
          <resp>Châtelain</resp>
        </respStmt>
      </titleStmt>
      <publicationStmt>
        <p>Alain Kersuzan et Frédéric Chartrain, avec la collaboration de Nils Mantilleri et Jean-Michel Poisson, 
          <title>Compte de Pierre d’Estrés (<hi rend="italics">Petrus d’Estres</hi>), châtelain, pour la châtellenie de
            Châtillon-sur-Chalaronne, du mardi 24 juin 1292 au vendredi 10 avril 1293</title>,
          Lyon - Chambéry, 2011 (<title>Documents comptables des Etats de Savoie, XIIIe - XVe s.</title>)</p>
      </publicationStmt>
      <seriesStmt>
        <title>Châtillon-sur-Chalaronne</title>
      </seriesStmt>
      <sourceDesc>
        <p>Information about the source</p>
      </sourceDesc>
    </fileDesc>
  </teiHeader>
  <text>
    <body>
      <milestone n="13" unit="vue"/>
      <pb n="15"/>
      <div xml:id="prologue">
        <p><lb/>Conputus Petri de <foreign>Estres</foreign> castellani de Castellione de Chalarona a
          festo beati Iohannis <lb/> baptiste anno Domini M<hi rend="sup">o</hi> CC<hi rend="sup"
            >o</hi> nonagesimo secundo usque ad diem veneris decimam aprilis intrantis receptus apud
          Cambayriacum <lb/> in presentia domini comitis et consilii sui </p>
      </div>
      <div xml:id="recepte">
        <div xml:id="frumentum">
          <head>frumentum</head>
          <p><lb/> idem reddit conputum <list>
              <item> de VII asinatis I meyterio frumenti receptis de exitu copunagii per dictum
                tempus </item>
              <item> de decima de <foreign>Buegnens</foreign><lb/> nichil in frumento hoc
                anno</item>
              <item> summa : VII asinate I meyterius frumenti — venduntur ut infra</item>
            </list></p>
        </div>
        <div xml:id="siligo">
          <head>siligo</head>
          <p><lb/> idem reddit conputum <list>
              <item> de XXX asinatis III bichetis siliginis receptis de exitu copunagii per idem
                tempus </item>
              <item> de III asinatis receptis de firma <lb/> decime de <foreign>Buegnens</foreign>
                hoc anno </item>
              <item> de L meyteriis receptis de messe hoc anno in dicta castellania et levantur ab
                illis qui debent <lb/> messem si laborant cum duobus bobus quinque meyterii </item>
              <item> de V bichetis receptis de Andrea de Verneto pro eodem quia non laborat nisi cum
                uno <lb/> bove</item>
            </list></p>
          <div type="sub">
            <head>arreragium</head>
            <p><list>
                <item> de XXIIII asinatis II bichetis receptis de remanentia sui conputi
                  precedentis</item>
              </list></p>
          </div>
          <div>
            <p><lb/><list>
                <item> summa : LXX asinate III meyterii siliginis — venduntur ut infra</item>
              </list></p>
          </div>
        </div>
        <div xml:id="ordeum">
          <head>ordeum</head>
          <p><lb/> idem reddit conputum <list>
              <item> de I asinata ordei recepta de firma decime de <foreign>Buegnens</foreign> hoc
                anno — venditur ut infra</item>
            </list></p>
        </div>
        <div xml:id="avena">
          <head>avena</head>
          <p><lb/> idem reddit conputum <list>
              <item> de XX asinatis IX rasis receptis ad mensuram Sancti Triverii de exitu copunagii
                hoc anno </item>
              <item> de I asinata <lb/> avene recepta de firma decime de <foreign>Buegnens</foreign>
                hoc anno </item>
              <item> de I meyterio recepto de Petronilla de <foreign>La Fayola</foreign> de redditu
                per annum </item>
              <item> de X meyteriis <lb/> receptis de gardis et comandis per annum ut in conputo
                precedenti</item>
              <lb/>
              <item> summa : XXIIII asinate V rasi avene</item>
              <item> de quibus <lb/> libravit ad expensas hospitii domini per manum Hugonis de
                Voyrone, ut per litas<note> Lire <hi rend="italics">litteras</hi>.</note> domini
                datas in vigilia apostolorum Symonis et Iude anno nonagesimo <lb/> secundo : XX
                asinatas IX rasos </item>
              <item> item per alias literas<note> Lire <hi rend="italics">litteras</hi>.</note> per
                manum donni Iohannis capellani Lardonerii datas die sabbati post festum beati <lb/>
                Mikaelis eodem anno : IIII asinatas XV rasos </item>
              <item> item libravit ad expensas equorum domini per manum donni Iohannis capellani ut
                per litteras <lb/> domini datas die veneris post festum beati Martini anno eodem :
                III asinatas V rasos </item>
              <lb/>
              <item> summa : XXVII asinate III meyterii I rasus deducta una asinata quam recepit de
                illis qui <lb/> posuerant se in garda Martini de Laya</item>
              <item> et sic debentur ei : III asinate II rasi avene</item>
            </list></p>
        </div>
        <div xml:id="fabe">
          <head>fabe</head>
          <p><lb/> idem reddit conputum <list>
              <item> de III bichetis fabarum receptis de exitu copunagii per idem tempus — venduntur
                ut infra</item>
            </list></p>
        </div>
        <div xml:id="milium">
          <head>millium</head>
          <p><lb/> idem reddit conputum <list>
              <item> de VI bichetis milii receptis de exitu cupunagii<note> Lire <hi rend="italics"
                    >coponagii</hi>.</note> per idem tempus — venduntur ut infra</item>
            </list></p>
        </div>
        <div xml:id="nuces">
          <head>nuces</head>
          <p><lb/> idem reddit conputum <list>
              <item> de VI rasis receptis de exitu copunagii per idem tempus — venduntur ut
                infra</item>
            </list></p>
        </div>
        <div xml:id="pisi">
          <head>pisa</head>
          <p><lb/> idem reddit conputum <list>
              <item> de I meyterio pisorum receptis de exitu dicti copunagii per idem tempus —
                venditur ut infra</item>
            </list></p>
        </div>
        <div xml:id="galline">
          <head>galline</head>
          <p><lb/> idem reddit conputum <list>
              <item> de XIIII gallinis receptis in dicta castellania de redditu per annum —
                venduntur ut infra</item>
            </list></p>
        </div>
        <div xml:id="vinum">
          <head>vinum</head>
          <p><lb/><list>
              <item> de vino decime de <foreign>Buegnens</foreign><note> Le <hi rend="italics"
                    >u</hi> a été indûment raturé en <hi rend="italics">ai </hi>: <hi rend="italics"
                    >Baiegnens</hi>.</note> nichil hoc anno quia adcensatur ad bladum</item>
            </list></p>
        </div>
        <div xml:id="cera">
          <head>cera</head>
          <p><lb/> idem reddit conputum <list>
              <item> de XL libris cere receptis de gardis per annum ut in conputo precedenti </item>
            </list></p>
          <div type="sub">
            <head>arreragium</head>
            <p><list>
                <item> de CXV libris cere receptis de remanentia <lb/> sui computi
                  precedentis</item>
              </list></p>
          </div>
          <div>
            <p><list>
                <item> summa : VII<hi rend="sup">XX</hi> XV libre cere</item>
                <item> de quibus libravit ad expensas hospitii domini <lb/> per duo paria literarum
                  domini : XXV libras</item>
                <item> et restant : VI<hi rend="sup">XX</hi> X libre cere — venduntur ut
                  infra</item>
              </list></p>
          </div>
        </div>
        <div xml:id="denarii_census">
          <head>denarii census</head>
          <p><lb/> idem reddit conputum <list>
              <item> de XVI libris XXII denariis viennensium receptis de redditu per annum in dicta
                castellania ut in conputo precedenti </item>
              <item> de XII libris <lb/> XII solidis III denariis receptis de teysis domorum ut in
                dicto conputo precedenti </item>
              <item> de XXXVIII solidis VIII denariis receptis de feodo Morete reducto <lb/> ad
                manum domini </item>
              <item> de XLI solidis receptis de gardis et recognitionibus per annum </item>
              <lb/>
              <item> summa : XXXII lb. XIII s. IX d. vien.</item>
            </list></p>
        </div>
        <div xml:id="firme">
          <head>firme</head>
          <p><lb/> idem reddit conputum <list>
              <item> de XXX libris XVI solidis V denariis receptis de exitu leyde mercati per dictum
                tempus </item>
              <item> de CII solidis receptis de exitu <lb/> nundinarum Castellionis in festo beati
                Mathei hoc anno </item>
              <item> de exitu nundinarum in festo beati Iohannis baptiste preterito conputavit <lb/>
                in conputo precedenti </item>
              <item> de XVII libris X solidis receptis de medietate firme furni finiende in festo
                beati Iohannis anno nonagesimo tertio <lb/> et tunc debentur tantumdem </item>
              <item> de IX libris X solidis receptis de medietate firme chacipollarie finiende eodem
                termino et tunc debentur tantumdem <lb/></item>
              <item> de XX solidis receptis de medietate firme champerie finiende in eodem festo
                beati Iohannis et tunc debentur tantumdem </item>
              <item> de C solidis receptis de <lb/> firma banni vini mense augusto anno nonagesimo
                secundo </item>
              <item> de XXX solidis receptis de linguis bovum ocisorum<note> Lire <hi rend="italics"
                    >occisorum</hi>.</note> in macello <lb/> per dictum tempus<note> On a effacé un
                  mot au début de la ligne.</note></item>
              <item> de V solidis receptis de Hugone Chalveti et relicta Guillermi Maschardi pro
                firma furni ad usum suum </item>
              <item> de <lb/> XLV solidis III denariis receptis de exitu ponderis bladi per dictum
                tempus </item>
              <item> de XV denariis receptis de exitu ponderis mercandiarum per idem tempus
                <lb/></item>
              <item> de LX solidis receptis de Petro de <foreign>La Venoyri</foreign> pro firma
                scripture Castellionis de anno finito in festo purificationis anno nonagesimo
                secundo <lb/></item>
              <item> de X solidis receptis de locagio archarum existentium in domo mercati hoc anno </item>
              <item> de IX libris XI solidis IX denariis receptis de locagio bancharum <lb/> domus
                mercati videlicet de medietate firme finiende in festo beati Iohannis et tunc
                debentur tantumdem </item>
              <item> de XI libris X solidis receptis de <lb/> firma bancharum macelli pro anno
                finito in carniprivio anno nonagesimo secundo</item>
              <lb/>
              <item> summa : IIII<hi rend="sup">XX </hi>XVII lb. XI s. VIII d. vien.</item>
            </list></p>
        </div>
        <div xml:id="iudei">
          <head>iudei</head>
          <p><lb/> idem reddit conputum <list>
              <item> de IIII libris receptis de <foreign>Nacent</foreign> iudeo pro tallia prise
                sue, pro quinta solutione </item>
              <item> de censa caorsinorum non computat <lb/> quia respondent apud Burgum</item>
              <item> summa : IIII lb.</item>
            </list></p>
        </div>
        <div xml:id="inventa">
          <head>inventa</head>
          <p><lb/> idem reddit conputum <list>
              <item> de XII solidis receptis de sex bichetis siliginis inventis hoc anno</item>
              <lb/>
              <item> summa eadem : XII s.</item>
            </list></p>
        </div>
        <div xml:id="laudes_et_vende">
          <head>laudes et vende</head>
          <p><lb/> idem reddit conputum <list>
              <item> de LVII solidis X denariis receptis de laudibus et vendis per idem tempus ut in
                particulis in dorso</item>
              <lb/>
              <item> summa eadem : LVII s. X d.</item>
            </list></p>
        </div>
        <div xml:id="perquisita">
          <head>perquisita</head>
          <p><lb/><list>
              <item> de perquisitis nichil per dictum tempus</item>
            </list></p>
        </div>
        <div xml:id="banna">
          <head>banna</head>
          <p><lb/> idem reddit conputum <list>
              <item> de LXX solidis receptis de filio Guichardi de
                    <unclear><foreign>Anandrin</foreign></unclear> quia fregerat archam patris sui </item>
              <item> de L solidis receptis de liberis <lb/> Juliane de <foreign>Corleyson</foreign>
                quia non fecerunt domum apud Castellionem ut debebant </item>
              <item> de X solidis receptis de filio Hugonis de <foreign>Blanens</foreign> quia cepit
                <lb/> nemus alienum </item>
              <item> de XX solidis receptis de bulbulco<note> Lire <hi rend="italics"
                  >bubulco</hi>.</note> Jaqueti de Illiaco quia cepit <foreign>Espay</foreign> per
                gulam </item>
              <item> de XX solidis receptis de <foreign>Sach<unclear>in</unclear></foreign><lb/>
                quia percussit <foreign>Pa<unclear>mo</unclear>t</foreign></item>
              <item> de XV solidis receptis de Penneto macellario quia percussit
                  <foreign>Bylon</foreign></item>
              <item> de IIII libris X solidis <lb/> receptis de charbonerio pro banno furti </item>
              <item> de X solidis receptis de Anthonino ra<unclear>on</unclear>nerio quia percussit
                Rufum picaterium </item>
              <item> de <lb/> VI solidis receptis de Berteto lonbardo pro una clama </item>
              <item> de VI solidis receptis de Porcherio pro eodem </item>
              <item> de III solidis receptis de <foreign>Teyndron</foreign> pro eodem </item>
              <item> de <lb/> III solidis receptis de Anthonio de Curvilo pro eodem </item>
              <item> de V solidis receptis de bergerio Martino<note> Lire <hi rend="italics"
                    >Martini</hi>.</note> de Laya pro eodem</item>
              <lb/>
              <item> summa : XIII lb. XVIII s., deductis triginta solidis pro parte castellani
                capientis <lb/> duos solidos in libra</item>
            </list></p>
        </div>
        <milestone n="14" unit="vue"/>
        <pb n="16"/>
        <div xml:id="venditiones">
          <head>venditiones</head>
          <p><lb/> idem reddit conputum <list>
              <item> de VII libris V solidis receptis de septem asinatis et uno meyterio frumenti
                venditis ut supra, qualibet asinata vendita <lb/> viginti solidis </item>
              <item> de LIIII libris VI solidis VIII denariis receptis de septuaginta asinatis
                tribus meyteriis siliginis venditis ut supra, qualibet asinata <lb/> vendita
                sexdecim solidis, deductis viginti duobus bichetis et duabus cupis pro gietis </item>
              <item> de XIII solidis IIII denariis receptis de una asinata <lb/> ordei sic vendita </item>
              <item> de IX solidis receptis de tribus bichetis fabarum venditis ut supra, quolibet
                bicheto vendito tribus solidis </item>
              <item> de <lb/> X solidis receptis de sex bichetis milii venditis ut supra, bicheto
                vendito viginti denariis </item>
              <item> de VI solidis receptis de sex bichetis <lb/> nucum venditis ut supra pro tanto </item>
              <item> de VI solidis receptis de I meyterio pisorum vendito ut supra pro tanto </item>
              <item> de IIII solidis <lb/> VIII denariis receptis de quatuordecim gallinis venditis
                ut supra pro tanto </item>
              <item> de XVI libris V solidis receptis de sex viginti decem libris <lb/> cere
                venditis ut supra, qualibet libra vendita duobus solidis sex denariis</item>
              <lb/>
              <item> summa : IIII<hi rend="sup">XX</hi> lb. V s. VIII d. vien.</item>
              <lb/>
              <item> summa totius recepte : XI<hi rend="sup">XX</hi> XI lb. XVIII s. XI d.
                vien.</item>
            </list></p>
        </div>
      </div>
      <div xml:id="expense_et_librate">
        <div xml:id="expense">
          <head>expense</head>
          <p>de quibus <lb/><list>
              <item> in banchis macelli aptandis, computatis sex denariis pro domo mercati : V
                solidos II denarios </item>
              <item> in sedimine furni et celo<note> Lire <hi rend="italics">in sedimine et celo
                    furni</hi>.</note> aptandis <lb/> ante nativitatem Domini : X solidos </item>
              <item> in stipendiis recolligentis exitus ponderis bladi et leyde cupunagii per dictum
                tempus : XXX solidos <lb/></item>
              <item> in tribus bichetis frumenti libratis ad expensas hospitii per manum Hugonis de
                Voyrone presentis et confitentis : VII solidos VI denarios </item>
              <item> in <lb/> loerio unius granerii ad reponendum bladum domini : X solidos </item>
              <item> in stipendiis nuntiorum missorum pro negotiis domini per dictum tempus : <lb/>
                XXVII solidos </item>
              <item> in calce empta pro clausuris hoc anno : XLV libras II solidos </item>
              <item> in stipendiis ipsius castellani per unum annum finiendum septima die mensis
                madii : XX libras </item>
              <item> item deducuntur de duabus gardis quia garderii mortui sunt : III solidi VI
                denarii </item>
              <lb/>
              <item> summa expense et salarii : LXIX lb. XV s. II d.</item>
            </list></p>
        </div>
        <div xml:id="librata">
          <head>librata</head>
          <p><lb/><list>
              <item> idem libravit ad expensas hospitii domini per manum donni Iohannis capellani de
                Coquina ut per litteras domini datas die sabbati post festum <lb/> beati Mikaelis
                anno nonagesimo secundo : IIII libras VIII solidos I denarium viennensium </item>
              <item> item libravit ad easdem expensas hospitii per manum Hugonis <lb/> de Voyrone ut
                per litteras domini datas in vigilia apostolorum Symonis et Iude eodem anno : IIII
                libras VII solidos </item>
              <item> item libravit ad easdem expensas <lb/> per manum donni Iohannis capellani de
                Coquina ut per litteras domini datas die veneris post festum beati Martini anno
                eodem : XVI solidos <lb/></item>
              <item> item libravit in stipendiis trium hominum cum armis venientium ad mandamentum
                ballivi versus Sanctum Andream ut per litteras dicti ballivi <lb/> quas reddit datas
                die dominica ante letare Ierusalem<note> Le dimanche 1er mars 1293 (nouveau
                  style).</note> : XIII solidos III denarios </item>
              <item> item libravit in reparando fossata castri per litteras ballivi de testimonio
                <lb/> et mandato quas reddit : XXIIII libras XVI solidos </item>
              <item> item libravit Aymoni preposito de Fuyssiaco pro porcis emendis ad opus <lb/>
                hospitii domini ut per eius literas de recepta quas reddit : VIII libras XIX solidos
                II denarios </item>
              <item> item libravit Perino Ysnardi de debito quatercentum <lb/> librarum viennensium
                quas sibi solvere debet pro domino : C libras </item>
              <item> in stipendiis decem et septem hominum cum armis quos duxit obviam <lb/> domino
                versus Lugdunum ad mandamentum domini ut per eius literas : XXX solidos </item>
              <item> item allocantur sibi que eidem debebantur de remanentia sui <lb/> conputi
                precedentis : IX<hi rend="sup">XX</hi> XVIII libre XV solidi VI denarii </item>
              <lb/>
              <item> summa librate : III<hi rend="sup">C</hi> XLIIII lb. V s. vien.</item>
            </list></p>
        </div>
        <div xml:id="bilan_expense_et_librate">
          <p><lb/><list>
              <item> summa expense salarii et librate : IIII<hi rend="sup">C</hi> XIIII lb. II d.
                vien.</item>
            </list></p>
        </div>
      </div>
      <div xml:id="bilan">
        <p><list>
            <item> et sic debentur <lb/> eidem IX<hi rend="sup">XX</hi> II libre XV denarii
              viennensium</item>
          </list></p>
      </div>
    </body>
  </text>
</TEI>
