<?xml version="1.0" encoding="UTF-8"?>
<?xml-model href="http://www.tei-c.org/release/xml/tei/custom/schema/relaxng/tei_all.rng" schematypens="http://relaxng.org/ns/structure/1.0"?>
<TEI xmlns:math="http://www.w3.org/1998/Math/MathML" xmlns="http://www.tei-c.org/ns/1.0"
  xmlns:xi="http://www.w3.org/2001/XInclude" xmlns:svg="http://www.w3.org/2000/svg" xml:id="B7561_3">
  <teiHeader>
    <fileDesc>
      <titleStmt>
        <title>Compte de Huet Bourguignon, châtelain, pour la châtellenie de
          Châtillon-sur-Chalaronne, du mercredi 18 mars 1299 (nouveau style) au dimanche 1er mai
          1300 <date type="debut" from-iso="12990318" cert="high"/><date type="fin"
            from-iso="13000501" cert="high"/></title>
        <respStmt>
          <persName><name xml:lang="fra">Huet Bourguignon</name><name xml:lang="lat">Huetus
              Burgondionis</name></persName>
          <resp>Châtelain</resp>
        </respStmt>
      </titleStmt>
      <publicationStmt>
        <p>Alain Kersuzan et Frédéric Chartrain, avec la collaboration de Nils Mantilleri et Jean-Michel Poisson, 
          <title>Compte de Huet Bourguignon, châtelain, pour la châtellenie de
            Châtillon-sur-Chalaronne, du mercredi 18 mars 1299 (nouveau style) au dimanche 1er mai
            1300</title>,
          Lyon - Chambéry, 2010 (<title>Documents comptables des Etats de Savoie, XIIIe - XVe s.</title>)</p>
      </publicationStmt>
      <seriesStmt>
        <title>Châtillon-sur-Chalaronne</title>
      </seriesStmt>
      <sourceDesc>
        <p>Information about the source</p>
      </sourceDesc>
    </fileDesc>
  </teiHeader>
  <text>
    <body>
      <milestone n="4" unit="vue"/>
      <pb n="4"/>
      <div xml:id="prologue">
        <p><lb/>Computus Hueti Burgondionis castellani Castellionis<note> La forme abrégée se lit
              <hi rend="italics">Castellanis</hi>.</note> de Challarona a die mercurii <lb/> ante
            annuntiationem<note> On a écrit <hi rend="italics">amunciationem</hi>.</note> beate
          Marie anno Domini M<hi rend="sup">o</hi> CC<hi rend="sup">o</hi><sic>nonogesimo</sic>
          octavo usque ad diem dominicam primam diem <lb/> maii anno M<hi rend="sup">o</hi> CCC<hi
            rend="sup">o</hi> videlicet de uno anno integro et sex septimanis receptus apud Voyronem
          per Stephanum de <lb/> Sancto Ragneberto presente domino comite </p>
      </div>
      <div xml:id="recepte">
        <div xml:id="cera_arreragium">
          <head>cera : arreragium</head>
          <p><lb/><list>
              <item> idem reddit computum de III libris cere receptis de empto per idem tempus </item>
              <item> libravit sibi ipsi quia sibi debebantur ut in computo <lb/> precedenti </item>
              <item> et sic eque de cera</item>
            </list></p>
        </div>
        <div xml:id="laudes_et_venditiones">
          <head>laudes et venditiones</head>
          <p><lb/> idem reddit computum <list>
              <item> de III solidis viennensium receptis de Martino Jaqueti pro domo empta a
                Stephana Enrardi pretio <lb/> decem et octo solidorum </item>
              <item> de XIII solidis IIII denariis receptis de Petro Uldrici pro peda empta de
                Sachins pretio quatuor librarum </item>
              <lb/>
              <item> de XIII solidis IIII denariis receptis a burgense de Chalens pro domo empta a
                Vioneta de Verneto pretio quatuor librarum </item>
              <lb/>
              <item> de VII solidis VI denariis receptis de Escoferio del Gor pro domo empta a
                Stephano mugnerio de Gletanni pretio <lb/> quadraginta quinque solidorum </item>
              <item> de III solidis IIII denariis receptis a Stephano de Mont Ronzar pro peda empta
                de <sic>Bartholemeo</sic> de <lb/> Monz pretio viginti solidorum </item>
              <item> de III solidis IIII denariis receptis a Petro de Verneto pro peda empta a donno
                Stephano <lb/> de Verneto pretio viginti solidorum </item>
              <item> de XII solidis VI denariis receptis de Berardo Chafanio pro domo empta de <lb/>
                Hugone de Lognia pretio septuaginta quinque solidorum </item>
              <item> de IIII solidis II denariis receptis ab Hugone filio Odoneti <lb/> Magnini pro
                curtili empto de Picateria pretio viginti quinque solidorum </item>
              <item> de XXIIII solidis V denariis obolo receptis a Stephano <lb/> preposito Sancti
                Andree et Iohanne de Layia pro domo et curtili emptis a relicta Guillermi de
                    <unclear>Narna<supplied>n</supplied>niaco</unclear> pretio septem <lb/> librarum
                sex solidorum octo denariorum </item>
              <item> de XX solidis receptis a Stephano <del rend="underlined_dotted">B</del>
                Darmondi pro domo empta a Petro de La <lb/> Venoyri pretio sex librarum </item>
              <item> de XV solidis receptis a Iohanne Martini pro terris emptis <sic>dictus</sic>
                Vinonz pretio quatuor <lb/> librarum decem solidorum </item>
              <item> de III solidis IIII denariis receptis a Merlino pro nemore empto a Petro de La
                Venoyri pretio viginti solidorum </item>
              <lb/>
              <item> summa : VI lb. III s. III d. ob. vien.</item>
            </list></p>
        </div>
        <div xml:id="banna">
          <head>banna</head>
          <p>idem reddit computum <list>
              <item> de XL solidis receptis a <sic>Bertholomeo</sic> Chambecei pro banno quia non
                obedivit pene sibi imposite per <lb/> castellanum </item>
              <item> de <add place="interlinear">C</add> solidis receptis a Petro de
                  <sic>Vilgurto</sic> de Burgo quia fecit sanguinem in via publica cuidam <lb/>
                alteri </item>
              <item> de XL solidis receptis a Sarnaiat quia fuit inventus et deprehensus in
                adulterio </item>
              <item> de XL solidis receptis de filio <lb/> Berteti de Don Pioro pro adulterio </item>
              <item> de XL solidis receptis de uxore Perreti Chevaller quia fecit sibi sanguinem
                <lb/> de nocte </item>
              <item> de XX solidis receptis a Iohanne de Illiaco quia tradidit cuidam alii unam ovem
                intendens <sic>commississe</sic> seu <lb/> tradidisse <del rend="underlined_dotted"
                  >a</del> cuidam alteri et non illam quam vendiderat </item>
              <item> de XX solidis receptis a Petro de Layia quia verberavit <lb/> filium Odonis
                Magnini </item>
              <item> de X solidis receptis ab eodem Magnino quia percussit Petrum de Laya de
                  <sic>gonibus</sic> prout <lb/><sic>reperictur</sic> ut dicit </item>
              <item> de XX solidis receptis a Jobelino quia recessit de villa Castellionis contra
                inhibitionem castellani sibi <lb/> factam ne exiret villam donec cuidam alii
                recredisset pignus suum </item>
              <item> de XX solidis receptis a Pitioudo quia <lb/> verberavit familiarem curie et
                vestes suas sibi delaceravit </item>
              <item> de XX solidis receptis a Burgaton quia <lb/> spoliavit vestibus suis quamdam
                mulierem et filiam fornerii verberavit </item>
              <item> de XX solidis receptis de Anthonio <lb/> de Porta quia percussit dictum Les
                Quais </item>
              <item> de XX solidis receptis ab uxore Baysenens quia admovit a capuce cuiusdam <lb/>
                meretricis capitegium suum dicens quod erat suum </item>
              <item> de LX solidis receptis a Iohanne de Orgeleto quia evaginavit <lb/> cutellum
                suum contra Jaquetum de Mont Demengo clame<note> Cette sous-rubrique est appelée
                  dans le texte par un signe .</note></item>
              <item> de IIII libris XV solidis receptis de minutis clamis sex <lb/> solidorum
                viennensium et infra ibidem obvenientium per idem tempus ut in particulis saysine </item>
              <item> de VII solidis receptis de saysinis et dessaysinis <lb/> obvenientibus per idem
                tempus ut in particulis </item>
              <item> summa bannorum clamarum et saysine : XXVI lb. VI s.<note> Les chiffres ont été
                  corrigés.</note> deductis <lb/> quadraginta sex solidis de mandato magistri Petri
                presentis pro parte ipsius castellani capientis duos solidos in qualibet libra <lb/>
                bannorum</item>
            </list></p>
        </div>
        <div xml:id="inventa">
          <head>inventa</head>
          <p><lb/><list>
              <item> de inventis nichil per idem tempus ut dicit</item>
            </list></p>
        </div>
        <div xml:id="bilan_recepte">
          <p><lb/><list>
              <item> summa totius recepte : XXXII lb. IX s. III d. ob. vien.</item>
            </list></p>
        </div>
      </div>
      <div xml:id="expense_et_librate">
        <p><list>
            <item> de quibus <lb/> libravit sibi ipsi pro stipendiis suis, se quinti sociorum,
              videlicet dicti Jay de Chatanea, dicti Rossellionis, socii Hugonis <lb/> Groniet de
              Franchelens, Martini de Ayia et dicti Chauchi Vielli, euntium et morantium apud Burgum
              die mercurii <lb/> post pascha anno nonogesimo nono quia <sic>darphinus</sic>
              mandaverat ut dicitur et allocantur sibi per litteram domini Guillermi de <lb/>
              Peyladru ballivi de mandato et testimonio datam die dominica post pascha anno
              nonogesimo nono quam reddit : XX solidos </item>
            <lb/>
            <item> idem libravit in stipendiis suis et dicti Chauchi Vielli apud Burgum cum armis
              die lune post festum <sic>appostolorum</sic><sic>Phillipi</sic><lb/> et Iacobi ubi
              venit de mandato domini Amblardi et magistri Petri quod veniret apud Ambroniacum quia
              <lb/> darphinus dicebatur habere mandamentum suum per litteram dicti ballivi <del
                rend="overstrike">dets</del> de testimonio datam die martis in crastino <lb/> dicte
              diei anno nonogesimo nono quam reddit : VIII solidos </item>
            <lb/>
            <item> idem libravit sibi ipsi pro stipendiis duorum hominum cum armis videlicet dicti
              Rat et Chauchi Vielli et fuerunt ibi <lb/> et apud Montem Diderii per quatuor dies
              videlicet die lune post festum beati Martini yemalis cum tribus diebus sequentibus
              <lb/> ad pignorandum Humbertum de Villariis et muniendum domum domini de Monte Diderio
              et fuerunt ibi cum <lb/> quatuor equis per litteram dicti ballivi de testimonio datam
              die veneris ante festum beate Katerine anno nonogesimo nono quam <lb/> reddit : XXXII
              solidos </item>
            <lb/>
            <item> idem libravit in stipendiis suis et dicti Jay socii sui cum armis tam apud Burgum
              quam Montem Diderium per duos dies <lb/> videlicet die lune in quindena appostolorum
              Petri et Pauli et die martis sequenti pro eodem : XVI solidos </item>
            <lb/>
            <item> idem libravit in stipendiis suis, se septimi sociorum cum armis, videlicet domini
              Acarionis del Says, militis, Petri <lb/> Destres, Martini de Ayia, Jayi de Chastaney,
              Guillermi de Basanens, Rossellionis armigeri dicti Groniet, apud <lb/> Burgum die
              veneris et die sabbati post pascha anno nonogesimo nono quando dicebatur darphinum
              mandasse ad <lb/> veniendum ad Pontem Indis per litteram dicti ballivi de testimonio
              quam reddit : LVI solidos </item>
            <lb/>
            <item> in stipendiis ipsius castellani <sic>capienti</sic> per annum de salario viginti
              libras viennensium pro se et una gaytia per annum <lb/> pro tempore de quo computat :
                XXII<note> Cette somme a été corrigée. On avait apparemment d’abord écrit <hi
                  rend="italics">XLII</hi>.</note> libras VI solidos viennensium </item>
            <lb/>
            <item> idem libravit in tribus libris cere emptis pro tanto de quibus supra computavit
              in recepta : IX solidos </item>
          </list></p>
        <div xml:id="bilan_expense_et_librate">
          <p><lb/><list>
              <item> summa expense librate et salarii : XXIX lb. VII s. vien. </item>
            </list></p>
        </div>
      </div>
      <div xml:id="bilan">
        <p><list>
            <item> et sic debet : LXII solidos <lb/> III denarios obolum viennensium </item>
            <item> quos solvit in continenti Guigoni Guersi burgensi Chambayriaci per manum
              Guillermi <lb/> Boni et per testimonium<note> On a écrit <hi rend="italics"
                  >testimonum</hi>.</note> ipsius Guillermi presentis </item>
            <item> et eque</item>
          </list></p>
      </div>
    </body>
  </text>
</TEI>
