<?xml version="1.0" encoding="UTF-8"?>
<?xml-model href="http://www.tei-c.org/release/xml/tei/custom/schema/relaxng/tei_all.rng" schematypens="http://relaxng.org/ns/structure/1.0"?>
<TEI xmlns:math="http://www.w3.org/1998/Math/MathML" xmlns="http://www.tei-c.org/ns/1.0"
  xmlns:xi="http://www.w3.org/2001/XInclude" xmlns:svg="http://www.w3.org/2000/svg" xml:id="B7560_7">
  <teiHeader>
    <fileDesc>
      <titleStmt>
        <title>Compte de Pierre d’Estres (Petrus d’Estres), châtelain, pour la châtellenie de
          Châtillon-sur-Chalaronne, du dimanche 7 mai 1290 au lundi 19 mars 1291 (nouveau style)
            <date type="debut" from-iso="12900507" cert="high"/><date type="fin" from-iso="12910319"
            cert="high"/></title>
        <respStmt>
          <persName><name xml:lang="fra">Pierre d'Estrés</name><name xml:lang="lat">Petrus
              d’Estres</name></persName>
          <resp>Châtelain</resp>
        </respStmt>
      </titleStmt>
      <publicationStmt>
        <p>Alain Kersuzan et Frédéric Chartrain, avec la collaboration de Nils Mantilleri et Jean-Michel Poisson, 
          <title>Compte de Pierre d’Estrés (<hi rend="italics">Petrus d’Estres</hi>), châtelain, pour la châtellenie de
            Châtillon-sur-Chalaronne, du dimanche 7 mai 1290 au lundi 19 mars 1291 (nouveau style)</title>,
          Lyon - Chambéry, 2011 (<title>Documents comptables des Etats de Savoie, XIIIe - XVe s.</title>)</p>
      </publicationStmt>
      <seriesStmt>
        <title>Châtillon-sur-Chalaronne</title>
      </seriesStmt>
      <sourceDesc>
        <p>Information about the source</p>
      </sourceDesc>
    </fileDesc>
  </teiHeader>
  <text>
    <body>
      <milestone n="11" unit="vue"/>
      <pb n="11"/>
      <div xml:id="prologue">
        <p><lb/><note>Ce compte est numéroté <hi rend="italics">III</hi> en tête, dans l’ordre
            décroissant de la numérotation médiévale des comptes du rouleau.</note> Conputus<note>
            On a généralement écrit <hi rend="italics">conp.</hi> pour <hi rend="italics">comp.</hi>
            Plus que cette particularité somme toute assez fréquente – et qui voisine ici avec <hi
              rend="italics">champeria</hi> ou <hi rend="italics">tempus</hi> –, la graphie
            idiosyncratique du <hi rend="italics">n</hi> dans les formes abrégées, comme <hi
              rend="italics">dni.</hi> pour <hi rend="italics">domini</hi>, et le recours – fréquent
            sinon généralisé – à la cédille caractérisent assez fortement le rédacteur de ce
            compte.</note> Petri <foreign>d’Estres</foreign><note> On écrit <hi rend="italics"
              >destres</hi>.</note> castellani Castellionis de Chalarona a die septima mensis madii
          anno Domini <lb/> M<hi rend="sup">o</hi> CC<hi rend="sup">o</hi> nonagesimo usque ad diem
          lune in octabis beati Gregorii anno eodem<note> Le lundi 19 mars 1291 (nouveau
            style).</note> videlicet de quadraginta quinque septimanis</p>
      </div>
      <div xml:id="recepte">
        <div xml:id="frumentum">
          <head>frumentum<note> On a écrit <hi rend="italics">ffrumentum</hi>.</note></head>
          <p><lb/> idem reddit conputum <list>
              <item> de XI asinatis I bicheto receptis de exitu coponagii Castellionis per dictum
                tempus </item>
              <item> de decima de <foreign>Buengnens</foreign> nichil <lb/> hoc anno in
                frumento</item>
              <item> summa : XI asinate<note> On a, semble-t-il, écrit <hi rend="italics"
                    >asinatam</hi>.</note> I bichetus</item>
              <item> de quibus libravit ad expensas hospitii domini ut per eius litteram datam die
                <lb/> iovis post purificationem beate Marie anno nonagesimo<note> Le jeudi 8 février
                  1291 (nouveau style).</note> : II meyteria </item>
              <item> item in venditione ut infra : X asinatas et V bichetos</item>
              <item> et sic eque</item>
            </list></p>
        </div>
        <div xml:id="siligo">
          <head>siligo</head>
          <p><lb/> idem reddit conputum <list>
              <item> de XXXV asinatis III meyteriis siliginis receptis de exitu coponagii per dictum
                tempus </item>
              <item> de III asinatis receptis de firma decime <lb/> de <foreign>Buengnens</foreign>
                pro parte domini hoc anno </item>
              <item> de XL meyteriis receptis in dicta castellania de messe per annum ut in
                particulis in conputo precedenti <note> Voir B 7560, peau 10 : <list>
                    <item> de V meiteriis receptis de Vincentio filio Guillermi de Rispis de messe
                      per annum </item>
                    <item> de V meiteriis receptis de Hugone <lb/> de Bosco pro eodem </item>
                    <item> de V meiteriis receptis de Bernardo de Bosco pro eodem </item>
                    <item> de V meiteriis receptis de Hugone de Chaley pro eodem </item>
                    <item> de V meiteriis receptis de Laurentio <lb/> de Verneto pro eodem </item>
                    <item> de V meiteriis receptis de Tenneto de Rosseillione pro eodem </item>
                    <item> de V meiteriis receptis de Hugone Escoferii pro eodem </item>
                    <item> de V meiteriis receptis <lb/> de Guillaudo Siondi pro eodem</item>
                  </list>.</note></item>
              <lb/>
              <item> de V meyteriis receptis de Guichardeto de Verneto de messe per annum </item>
              <item> de quinque meyteriis que debebat Petrus <foreign>Terreçars</foreign> non
                conputat quia nichil <lb/> habuit eo quod in tenemento eius non est tenementarius a
                quo possint recuperari </item>
              <item> summa : L asinate siliginis</item>
            </list></p>
          <div type="sub">
            <head>arreragium</head>
            <p><lb/> idem reddit conputum <list>
                <item> de VII<hi rend="sup">XX</hi> XIII asinatis VI bichetis siliginis receptis de
                  remanentia sui conputi precedentis </item>
              </list></p>
          </div>
          <div>
            <p><lb/><list>
                <item> summa totius cum arreragio : CCIII asinate VI <foreign>bichet</foreign>
                  siliginis — venduntur ut infra</item>
              </list></p>
          </div>
        </div>
        <div xml:id="avena">
          <head>avena</head>
          <p><lb/> idem reddit conputum <list>
              <item> de XX asinatis VI rasis avene receptis de exitu coponagii per dictum tempus </item>
              <item> de II asinatis receptis de firma decime de <foreign>Buengnens</foreign><lb/>
                pro parte domini hoc anno </item>
              <item> de I meyterio recepto de Petronilla de <foreign>La Fayola</foreign> de redditu
                per annum </item>
              <item> de VII meyteriis receptis de garda et comanda <lb/> per annum ut in conputo
                precedenti <add place="interlinear">deducto uno meyterio pro Payneto de Fayola qui
                  non invenitur</add></item>
              <item> de I meyterio recepto de Peroneto de <foreign>La Baçola</foreign> pro garda per
                anno de novo </item>
              <item> de II meyteriis receptis de liberis <lb/> Bertoudi de
                  <foreign>Montrioel</foreign> pro eodem </item>
              <item> summa : XXV asinate II <foreign>ras</foreign> avene</item>
            </list></p>
          <div type="sub">
            <head>arreragium</head>
            <p><lb/><list>
                <item> idem reddit conputum de XXIII asinatis VII rasis avene receptis de remanentia
                  sui conputi precedentis </item>
              </list></p>
          </div>
          <div>
            <p><lb/><list>
                <item> summa totius cum arreragio : XLVIII asinate IX rasi avene</item>
                <item> de quibus libravit <lb/> ad equos domini per litteram<note> On paraît avoir
                    écrit <hi rend="italics">literam</hi>.</note> Iohannis <foreign>Marer</foreign>
                  datam in festo <sic>acensionis</sic> Domini quam reddit anno nonagesimo : XXX <add
                    place="interlinear">IIII</add> rasos </item>
                <item> item per tria paria litterarum domini quas <lb/> reddit : XIIII asinatas VI
                  rasos </item>
                <item> item palafredo morello domini qui fuit ibi per triginta duos dies inceptos
                  die dominica post purificationem <lb/> beate Marie hoc anno : XXXII rasos </item>
                <item> item emissario equarum domini qui fuit ibi infirmus per viginti septem dies :
                  XXVII rasos</item>
                <lb/>
                <item> summa librate : XX asinate III rasi</item>
                <item> et restant XXVIII asinate, deductis sex rasis pro equis conputatorum — et
                  remanent</item>
              </list></p>
          </div>
        </div>
        <div xml:id="fabe">
          <head>fabe</head>
          <p><lb/><list>
              <item> idem reddit conputum de VI meyteriis fabarum receptis de exitu coponagii per
                dictum tempus — venduntur ut infra</item>
            </list></p>
        </div>
        <div xml:id="milium">
          <head>millium</head>
          <p><lb/> idem reddit conputum <list>
              <item> de III asinatis I bicheto millii receptis de remanentia sui conputi precedentis </item>
              <item> de anno presenti nichil — venduntur ut infra</item>
            </list></p>
        </div>
        <div xml:id="nuces">
          <head>nuces</head>
          <p><lb/><list>
              <item> idem reddit conputum de V rasis nucum receptis de exitu coponagii per dictum
                tempus — venduntur ut infra</item>
            </list></p>
        </div>
        <div xml:id="pisi">
          <head>pisa</head>
          <p><lb/> idem reddit conputum <list>
              <item> de I <foreign>bichet</foreign> pisorum recepto de coponagio per idem tempus —
                venduntur ut infra</item>
            </list></p>
        </div>
        <div xml:id="ordeum">
          <head>ordeum</head>
          <p><lb/><list>
              <item> de ordeo nichil hoc anno </item>
              <item> de VII bichetis I cupa ordei receptis de remanentia sui conputi precedentis —
                venduntur ut infra</item>
            </list></p>
        </div>
        <div xml:id="canabum">
          <head>canabum</head>
          <p><lb/><list>
              <item> de exitu decime de <foreign>Buengnens</foreign> nichil in canabo quia fuit
                acensata</item>
            </list></p>
        </div>
        <div xml:id="galline">
          <head>galline</head>
          <p><lb/> idem reddit conputum <list>
              <item> de XIIII gallinis receptis in dicta castellania de redditu per annum —
                venduntur ut infra</item>
            </list></p>
        </div>
        <div xml:id="vinum">
          <head>vinum</head>
          <p><lb/><list>
              <item> de vino decime de <foreign>Buengnens</foreign> nichil hoc anno </item>
            </list></p>
        </div>
        <div xml:id="cera">
          <head>cera</head>
          <p><lb/> idem reddit conputum <list>
              <item> de XXXVII libris cere receptis de gardis per annum ut in conputo precedenti </item>
              <item> de I libra recepta de Iaqueto de <foreign>Don</foreign> de garda <lb/> de novo </item>
              <item> de XXXVII libris cere receptis de remanentia sui conputi precedentis</item>
              <lb/>
              <item> summa : LXXV libras cere — et remanent</item>
            </list></p>
        </div>
        <div xml:id="denarii">
          <head>denarii</head>
          <p><lb/> idem reddit conputum <list>
              <item> de XV libris VII solidis II denariis viennensium receptis in dicta castellania
                de redditu per annum </item>
              <item> de III solidis receptis de Iohanneta<note> On a écrit <hi rend="italics"
                    >Iohannaneta</hi>.</note> de <foreign>Morges</foreign> de redditu per <lb/>
                annum </item>
              <item> de III solidis receptis de eadem pro anno preterito qui fuerunt deducti in
                conputo precedenti </item>
              <item> de XII denariis receptis de Iohanne de <foreign>Czut</foreign><lb/> de redditu
                per annum </item>
              <item> de XII denariis receptis de Iohanne <foreign>Maçoner</foreign> pro eodem </item>
              <item> de II solidis receptis de Margarita de <foreign>Colonber</foreign> pro eodem </item>
              <item> de VIII denariis receptis <lb/> de tenentibus mansum de <foreign>La
                  Beczola</foreign> de redditu per annum </item>
              <item> de XII libris II solidis IX denariis receptis de teysis domorum in villa nova
                Castellionis <lb/> et levantur ut in conputo precedenti </item>
              <item> de IX solidis VI denariis receptis de teysis in quatuor pedis de novo
                  <sic>tradditis</sic> anno preterito ut in conputo <lb/> precedenti </item>
              <item> de IIII solidis receptis de Martino et Stephano de <foreign>Corcelles</foreign>
                fratribus de redditu per annum concesso domino super terra sua in Monte
                  <foreign>Gison</foreign> de novo <lb/></item>
              <item> de XXXVI solidis receptis de gardis et recognitionibus per annum ut in conputo
                precedenti </item>
              <item> de V solidis receptis de donno Iohanne capellano et fratribus suis <lb/> de
                Bosco <add place="interlinear">pro garda de novo</add></item>
              <item> de XXXVIII solidis VIII denariis receptis de feodo quondam Morete reducto ad
                manum domini </item>
              <item> de quatuordecim solidis de feodo Iohannis de <foreign>Meugnay</foreign><lb/>
                non conputat quia dominus illud reddidit Margarita de <foreign>Conbes</foreign><del
                  rend="overstrike">ux</del> relicte dicti Iohannis per testimonium domini Iohannis
                Floridi </item>
              <item> de III solidis receptis <lb/> de Stephano <foreign>Pinet</foreign> de redditu
                per annum pro op[er]atario in introytu pontis</item>
              <item> summa : XXXII lb. XVI s. IX d. vien.</item>
            </list></p>
        </div>
        <div xml:id="firme">
          <head>firme</head>
          <p><lb/> idem reddit conputum <list>
              <item> de XXXVIII libris XIII solidis IX denariis obolo receptis de exitu leyde
                mercati per dictum tempus </item>
              <item> de<note> Cet article est précédé de <hi rend="italics">I</hi>, ajouté dans
                  l’interligne supérieur.</note> VI libris II solidis II denariis receptis de exitu
                nundinarum <lb/> in festo beati Mathei apostoli hoc anno </item>
              <item> de IX libris VI solidis receptis de medietate banchagii domus mercati de anno
                finito in festo beati Iohannis baptiste <lb/></item>
              <item> de IX libris III denariis receptis de locagio bancharum domus mercati a festo
                beati Iohannis baptiste usque ad nativitatem Domini proximo preterito et tunc
                locantur usque <lb/> ad festum beati Iohannis tantumdem vel circa </item>
              <item> de XVII libris X solidis receptis de medietate firme furni Castellionis finite
                in festo beati Iohannis et <lb/> de alia medietate conputavit in conputo precedenti </item>
              <item> de XVII libris X solidis receptis de medietate dicte firme finiende in festo
                beati Iohannis <lb/> baptiste anno nonagesimo primo et tunc debentur tantumdem<hi
                  rend="sup"/></item>
              <item> de<note> Cet article est précédé de <hi rend="italics">II</hi>, ajouté dans
                  l’interligne supérieur.</note> XVII libris XV solidis XI denariis receptis de
                exitu nundinarum in festo beati Iohannis baptiste <lb/> anno nonagesimo </item>
              <item> de IX libris V solidis receptis de medietate firme chacipollarie finite in
                festo beati Iohannis anno nonagesimo </item>
              <item> de IX libris <lb/> V solidis receptis de medietate eiusdem firme finiende in
                festo beati Iohannis anno nonagesimo primo et tunc debentur tantumdem </item>
              <item> de XX solidis receptis de medietate <lb/> firme champerie<note> La même main
                  écrit <hi rend="italics">conputus</hi> et <hi rend="italics"
                  >champeria</hi>.</note> finite in festo beati Iohannis anno nonagesimo </item>
              <item> de XX solidis receptis de medietate eiusdem firme finiende in festo beati
                Iohannis et tunc <lb/> debentur tantumdem </item>
              <item> de C solidis receptis de firma banni vini mense augusto anno [nonagesimo] </item>
              <item> de XXVI solidis receptis de firma linguarum boum <lb/><sic>ocisorum</sic> in
                macello per dictum tempus </item>
              <item> de<note> Le début de cet article est surmonté de trois points dessinant un
                  triangle.</note> X libris VIII solidis receptis de locagio bancharum macelli per
                annum finitum in carniprivio anno <lb/> nonagesimo </item>
              <item> de III solidis receptis de Hugone Chalveti pro firma furni sui ad usum suum per
                annum </item>
              <item> de II solidis receptis de Guillermo Maschardi pro eodem <lb/></item>
              <item> de V solidis receptis de <foreign>Nacent</foreign><add place="interlinear"
                  >iudeo</add> pro firma furni sui per annum ad usum suum </item>
              <item> de LXXVI solidis X denariis obolo receptis de exitu ponderis bladi per dictum
                tempus <lb/></item>
              <item> de XVIII denariis receptis de exitu ponderis marcandiarum per dictum tempus </item>
              <item> de LX solidis receptis de Petro de <foreign>La Venoyri</foreign><note> On avait
                  d’abord écrit <hi rend="italics">Noyri</hi>. La première syllabe a été ajoutée
                  dans l’interligne supérieur.</note> pro firma scripture Castellionis <lb/> de anno
                finito in festo purificationis beate Marie </item>
              <item> de X solidis receptis de locagio archarum in domo mercati hoc anno </item>
              <lb/>
              <item> summa : VIII<hi rend="sup">XX</hi> I lb. VI d. vien.</item>
            </list></p>
        </div>
        <div xml:id="inventa">
          <head>inventa</head>
          <p><lb/> idem reddit conputum <list>
              <item> de II solidis receptis de quibus<supplied>dam</supplied> sotularibus et
                  <unclear>pecunia</unclear> inventis per dictum tempus </item>
              <lb/>
              <item> summa : II s.</item>
            </list></p>
        </div>
        <div xml:id="iudei">
          <head>iudei</head>
          <p><lb/> idem reddit conputum <list>
              <item> de IIII libris receptis de <foreign>Nacent</foreign> iudeo quas debebat pro
                tallia prise sue, scilicet pro tertia solutione </item>
              <item> de quadraginta solidis quos debebat <lb/> Livolinus iudeus non conputat, quia
                recessit </item>
              <item> de censa Ioceti iudei et caorsinorum non conputat, quia respondent apud Burgum </item>
              <lb/>
              <item> summa : IIII lb. vien.</item>
            </list></p>
        </div>
        <div xml:id="laudes_et_venditiones">
          <head>laudes et venditiones</head>
          <p><lb/> idem reddit conputum <list>
              <item> de VI solidis VIII denariis receptis de Vincentio de <foreign>La Ribauderi
                </foreign>pro medietate domus empte de Bartholomeo <foreign>Ragino</foreign> pretio
                quadraginta solidorum </item>
              <item> de <lb/> V solidis X denariis receptis de Hugone <foreign>Chapiron</foreign>
                pro medietate domus empte de <foreign>Maçoner</foreign> pretio triginta quinque
                solidorum </item>
              <item> de XV solidis VIII denariis receptis de Bertoudo <foreign>del
                Chaney</foreign><lb/> et Petro fabro et Guillermo de Burgo pro medietate domus empte
                a Iohanne de <foreign>La Baçola</foreign> et medietate pede <sic>empti</sic> a
                Vincentio <foreign>Mercer</foreign> pretio quatuor librarum quatuordecim <lb/>
                solidorum </item>
              <item> de XVIII solidis X denariis receptis de Bartolomeo <foreign>Rogeret</foreign>
                et Stephano de <foreign>Regeret</foreign> pro medietate domus empte de Humberto de
                  <foreign>Jaongi</foreign> pretio centum tresdecim solidorum <lb/></item>
              <item> de IIII solidis VI denariis receptis de Petro <foreign>Laygro</foreign> pro
                medietate domus empte de filio <foreign>al Bachiller</foreign> pretio viginti septem
                solidorum </item>
              <item> de VIII solidis IIII denariis receptis de
                  <unclear><foreign>Gribaut</foreign></unclear><lb/> pro domo empta ab Huldrico de
                  <foreign>Viriset</foreign> pretio quinquaginta solidorum </item>
              <item> de X solidis VI denariis receptis de Stephano <foreign>del Fayol</foreign> pro
                domo empta de Hugone de <foreign>La Villiarde</foreign><lb/> pretio sexaginta trium
                solidorum </item>
              <item> de XXVII solidis receptis de Perino <foreign>Peal</foreign> pro prato empto de
                heredibus Petri Belli Amici pretio octo librarum duorum solidorum </item>
              <item> de <lb/> XX denariis receptis de Hugone de Bono Campo pro terra empta a Martino
                  <foreign>Tyriluel</foreign> pretio decem solidorum </item>
              <item> de XX solidis receptis de <foreign>Chuflet</foreign> pro medietate domus <lb/>
                empte de liberis Bernardi de <foreign>Sent Gant</foreign> pretio sex librarum </item>
              <item> de X denariis receptis de <foreign>Charrer</foreign> pro parva domo empta de
                Perino de <foreign>Montareu</foreign> pretio <lb/> quinque solidorum </item>
              <item> de V solidis receptis de Martino <foreign>Tyriluel</foreign> pro curtili empto
                de Penneto macellario pretio triginta solidorum </item>
              <item> de V solidis receptis de liberis <lb/> Morelli <foreign>Boylliet</foreign> pro
                cambio unius domus </item>
              <item> de XX denariis receptis de Hugone de <foreign>Les Follies</foreign> pro platea
                empta <foreign>del Charrer</foreign> pretio decem solidorum</item>
              <lb/>
              <item> summa : VI lb. XI s. VI d. vien.</item>
            </list></p>
        </div>
        <div xml:id="banna">
          <head>banna</head>
          <p><lb/> idem reddit conputum <list>
              <item> de X solidis receptis de liberis de Fonte quia percusserunt escoferium de Villa
                  <foreign>Soler</foreign></item>
              <item> de X solidis receptis de Benedicto de <foreign>La Cordeleri</foreign> quia
                cepit <lb/> herbam alienam </item>
              <item> de X solidis de puero <foreign>del Gaugon</foreign> quia celavit cutellum quem
                invenerat </item>
              <item> de XX solidis de Odoneto <foreign>Lo Magni</foreign> quia eius filius <lb/>
                invenit ferrum equi in stabulo caorsini et deportavit secum </item>
              <item> de XX solidis receptis de filio Iohannis de Longo Monte quia cepit furtive
                gerbas <lb/> alienas </item>
              <item> de X solidis receptis de <foreign>Chivart</foreign> quia percussit Petrum
                  <foreign>Chantarel</foreign></item>
              <item> de XXX solidis receptis de puero de <foreign>Monteuz</foreign> quia abstulit
                cuidam mulieri <lb/> vestes suas </item>
              <item> de XX solidis receptis de fratre Ponceti <foreign>Ribout</foreign> quia
                inventus fuit conando seu tentando aperire archam alienam </item>
              <item> de XXX solidis receptis de <lb/> quodam homine de Ambayriaco quia furatus
                fuerat caligas in mercato </item>
              <item> de XL solidis receptis de quadam muliere que fuerat furata capellum in mercato </item>
              <item> de XXVI solidis <lb/> receptis de Iohanne <foreign>Sirvent</foreign> quia
                asportavit coponagium </item>
              <item> de XX solidis receptis de serviente Petri <foreign>Breysent</foreign> quia
                percussit quemdam apud Condeyssiacum </item>
              <item> de V solidis <lb/> receptis de duobus valletis de Masticone quia ceperunt
                caputium cuiusdam alterius et posuerunt ad tabernam </item>
              <item> de VI solidis receptis de Basterio quia percussit garcionem ad <lb/><foreign>La
                  Venoyri</foreign></item>
              <item> de VI solidis receptis de filio <foreign>Bayserens</foreign> quia percussit
                bestias in ala </item>
              <item> de X solidis de Tybaudo de <foreign>Clarzens</foreign> quia scidit unam vergiam
                <lb/> in curtili alieno </item>
              <item> de XX solidis receptis de <foreign>Colet</foreign> quia cepit unam capram in
                mercato ultra voluntatem cuius erat </item>
              <item> de XL solidis receptis de Poncio de <lb/> Grangiis et suis liberis quia
                  <sic>extraerunt</sic> terminum </item>
              <item> de X solidis receptis de Valleto quia ceperat quemdam hominem apud Novillam </item>
              <item> de XX solidis receptis de <foreign>Becart</foreign><lb/> quia percussit quemdam
                  <sic>in inmicum</sic><note> Lire <hi rend="italics">inimicum</hi>.</note> suum
                  <del>qui</del> in guidagio castellani et residuum est sibi remissum </item>
              <item> de X solidis receptis de Guidone <foreign>Batata</foreign> quia percussit <lb/>
                quemdam alium in taberna</item>
            </list></p>
          <div xml:id="clame" type="sub">
            <head>clame</head>
            <p><list>
                <item> de XXXIII solidis receptis de septem clamis per dictum tempus</item>
              </list></p>
          </div>
          <div>
            <p><lb/><list>
                <item> summa : XVIII lb. V s. VI d. vien., deductis quadraginta solidis sex denariis
                  pro parte castellani capientis <lb/> duos solidos in libra</item>
              </list></p>
          </div>
        </div>
        <div xml:id="venditiones">
          <head>venditiones</head>
          <p><lb/> idem reddit conputum <list>
              <item> de IX libris VI denariis viennensium receptis de decem asinatis quinque
                bichetis frumenti venditis pro tanto ut supra </item>
              <item> de VII<hi rend="sup">XX</hi> XII libris XVI solidis <lb/> III denariis
                viennensium receptis de ducentis tribus asinatis et sex bichetis siliginis venditis
                ut supra, qualibet asinata vendita quindecim solidis </item>
              <item> de XXVII solidis receptis de <lb/> sex meyteriis fabarum venditis ut supra,
                quolibet meyterio vendito quatuor solidis sex denariis </item>
              <item> de XLIII solidis IX denariis receptis de tribus asinatis uno bicheto millii
                venditis <lb/> ut supra, qualibet asinata vendita quatuordecim solidis </item>
              <item> de V solidis X denariis receptis de quinque rasis nucum sic venditis ut supra </item>
              <item> de III solidis receptis de uno <lb/> bicheto pisorum sic vendito ut supra </item>
              <item> de VII solidis receptis de septem bichetis ordei sic venditis ut supra </item>
              <item> de IIII solidis VIII denariis receptis de <lb/> quatuordecim gallinis sic
                venditis ut supra</item>
              <lb/>
              <item> summa : VIII<hi rend="sup">XX</hi> VI lb. VIII s. vien.</item>
            </list></p>
        </div>
        <div xml:id="bilan_recepte">
          <p><lb/><list>
              <item> summa : CCC IIII<hi rend="sup">XX</hi> IX lb. IIII s. III d. vien. totius
                  recepte<note> Lire : <hi rend="italics">summa totius recepte : CCC IIIIXX IX lb.
                    IIII s. III d. vien.</hi></note></item>
            </list></p>
          <div type="sub">
            <head>arreragium</head>
            <p><lb/> idem reddit conputum <list>
                <item> de VI<hi rend="sup">XX</hi> I libris X solidis XI denariis viennensium
                  receptis de se ipso de remanentia sui conputi <sic>precentis</sic><note> Lire <hi
                      rend="italics">precedentis</hi>.</note></item>
              </list></p>
          </div>
          <div>
            <p><list>
                <lb/>
                <item> summa totius recepte cum arreragio : V<hi rend="sup">C</hi> X lb. XV s. II d.
                  vien. </item>
              </list></p>
          </div>
        </div>
      </div>
      <div xml:id="expense_et_librate">
        <p><list>
            <item> de quibus <lb/> in stipendiis plurium nuntiorum missorum pro negotiis domini per
              dictum tempus : L solidos I denarium viennensium </item>
            <item> in stipendiis loverii missi apud <lb/> Sanctum Georgium de mandato domini et pro
              ingenio suo portando : XVI solidos VI denarios </item>
            <item> in banchis macelli et ale aptandis : VII solidos </item>
            <lb/>
            <item> pro blado domini removendo ne deterioraretur : XII solidos IX denarios </item>
            <item> pro octo somatis tribus bichetis duabus cupis <del rend="overstrike">datis</del>
              siliginis datis pro getis de siligine <lb/> superius vendita et non fuerunt in
              venditionibus deducte : VI libras VII solidos </item>
            <item> item deducuntur quos conputavit nimis in firma furni : XX solidi </item>
            <pb n="12"/>
            <lb/>
            <item>in stipendiis garcionis custodientis palefredum domini et emissarium et pro feno
              per quinquaginta novem dies et pro marescalciatura : XLII solidos VII denarios </item>
            <item> in <lb/> stipendiis Andree de Molendino custodientis pondus bladi per annum
              finiendum in festo beati Bartholomei et recolligentis leydam per annum finiendum in
              <lb/> festo beati Iohannis : LX solidos </item>
            <item> item pro uno granerio locato de pueris <foreign>des Clarzens</foreign> ad
              reponendum bladum domini per annum : XXX solidos </item>
            <item> in stipendiis <lb/> quorumdam hominum cum armis quos duxit <sic>ad ad</sic>
              sociandum solutionem ducis item alia vice ad mandatum ballivi apud
                <unclear>Burgum</unclear> excepta avena qua<supplied>m</supplied><lb/> sibi libravit
              ballivus : XIIII solidos IIII denarios </item>
            <item> item pro duobus mutonibus emendatis <sic>cuidam hominibus</sic> de Masticone qui
              capti fuerunt et ducti apud <unclear>[…]</unclear><note>un mot illisible</note> :
              <lb/> XI solidos III denarios </item>
            <item> in una ulna et dimidia panni ad conputandum : IIII solidos VI denarios </item>
            <item> in expensis Petri clerici et Rosseti recipientium presentem <lb/> conputum per
              quatuor dies veniendo et stando ibidem : XL solidos viennensium </item>
            <lb/>
            <item> summa expense : XXI lb. XVI s. vien.</item>
          </list></p>
        <div xml:id="librata">
          <head>librata</head>
          <p><lb/><list>
              <item>idem libravit ad expensas equorum domini apud Castellionem in festo acensionis
                Domini anno nonagesimo, ut per litteram Iohannis <foreign>Marer</foreign> datam
                dicta die, quia dominus ibat per <unclear reason="encre délavée">aquam</unclear> :
                <lb/> XLIII solidos </item>
              <item> item libravit domino Iohanni Floridi in expensis hospitii domini factis per
                manum Andree de Voyrone, ut per litteram domini datam <lb/> in festo beati Nycholaii
                anno nonagesimo : XIII libras IX solidos IX denarios viennensium </item>
              <item> item domino Iohanni Floridi in expensis <sic>hospitiis</sic> domini factis per
                manum <lb/> Andree de Voyrone, ut per litteram domini datam die lune ante
                nativitatem Domini anno predicto : XI libras IX solidos X denarios </item>
              <item> item libravit ad expensas hospitii <lb/> domini per manum Andree de Voyrone ut
                per litteram domini datam die iovis post festum purificationis beate Marie anno
                  eodem<note> Le jeudi 8 février 1291 (nouveau style).</note> : XXX libras XIX
                solidos I denarium <lb/></item>
              <item> item libravit domino comiti per manum domini Iohannis Floridi, ut per litteram
                domini datam die iovis post carniprivium vetus anno eodem<note> Le jeudi 15 mars
                  1291 (nouveau style).</note> : <lb/> L libras </item>
              <item> item sibi ipsi pro uno equo bayo vendito domino, ut per litteram <add
                  place="interlinear">domini</add> de testimonio et mandato datam in crastino <lb/>
                acensionis Domini anno nonagesimo : LV libras viennensium </item>
              <item> item libravit domine comitisse, in duodecim napis et duodecim manutergiis, ut
                per litteram <lb/> domine datam die martis ante festum beati Mathei apostoli anno
                nonagesimo : XII libras V solidos VIII denarios </item>
              <item> item in calce empta apud Masticonem, <lb/> apud Bellam Villam, apud Toyssey et
                apud Burgum, et in quatuor navatis lapidum ad faciendum calcem, et pro ipsis et
                dicta calce adducendis pro <lb/> clausuris ville faciendis : LII libras XV solidos
                II denarios </item>
              <item> item sibi ipsi pro suo salario unius anni finiendi septima die mensis
                  madii<foreign> </foreign><lb/> anno nonagesimo primo per conventionem factam cum
                eo : XX libras viennensium </item>
              <item> item libravit Petro clerico, ut per eius confessionem presentis<note> Lire : ut
                  per confessionem eius presentis.</note> : VI libras </item>
              <lb/>
              <item> summa librate : CCLIIII lb. II s. VI d. vien. </item>
            </list></p>
        </div>
        <div xml:id="bilan_expense_et_librate">
          <p><lb/><list>
              <item> summa expense et librate : CCLXXV lb. XVIII s. VI d. vien.</item>
            </list></p>
        </div>
      </div>
      <div xml:id="bilan_compte">
        <p><list>
            <item> et sic debet dictus castellanus : <lb/> CCXXXIIII libras XVI solidos VIII
              denarios viennensium</item>
            <lb/>
            <item> iniunctum est castellano ut <sic>prosedeat</sic><note> Lire <hi rend="italics"
                  >procedeat</hi>. Une main inattentive a ajouté <hi rend="italics">su</hi> devant
                ce mot, comme s’il fallait lire <hi rend="italics">ut supra</hi>.</note> recuperare
              XX solidos de <foreign><unclear>Bre</unclear>art</foreign> usque ad alium conputum vel
              quousque sciverit super hoc voluntatem <lb/> domini</item>
            <lb/>
            <item> memorandum quod nichil est sibi allocatum de hiis que sibi debentur ut in
              memoriali in conputo precedenti <add resp="autreMain">videlicet de IIII<hi rend="sup"
                  >C</hi> LIII libris II solidis <lb/> IX denariis viennensium</add></item>
            <item><add resp="autreMain">et, deducta remanentia <del rend="overstrike">debiti</del>
                  computi<note> La présence d’un <hi rend="italics">m</hi> confirme que la fin de ce
                  paragraphe, depuis <hi rend="italics">videlicet</hi>, est d’une autre
                main.</note>, debentur sibi : II<hi rend="sup">C</hi> XVIII libre VII solidi I
                denarius viennensium</add></item>
          </list></p>
      </div>
    </body>
  </text>
</TEI>
