<?xml version="1.0" encoding="UTF-8"?>
<?xml-model href="http://www.tei-c.org/release/xml/tei/custom/schema/relaxng/tei_all.rng" schematypens="http://relaxng.org/ns/structure/1.0"?>
<TEI xmlns:math="http://www.w3.org/1998/Math/MathML" xmlns="http://www.tei-c.org/ns/1.0"
    xmlns:xi="http://www.w3.org/2001/XInclude" xmlns:svg="http://www.w3.org/2000/svg"
    xml:id="B7560_13">
    <teiHeader>
        <fileDesc>
            <titleStmt>
                <title>Compte de Pierre d’Estres (Petrus d’Estres), châtelain, pour la châtellenie
                    de Châtillon-sur-Chalaronne, du 13 avril 1296 au 13 avril 1297 <date
                        type="debut" from-iso="12960413" cert="high"/><date type="fin"
                        from-iso="12970413" cert="high"/></title>
                <respStmt>
                    <persName><name xml:lang="fra">Pierre d'Estrés</name><name xml:lang="lat">Petrus
                            d’Estres</name></persName>
                    <resp>Châtelain</resp>
                </respStmt>
            </titleStmt>
            <publicationStmt>
                <p>Alain Kersuzan et Frédéric Chartrain, avec la collaboration de Nils Mantilleri et Jean-Michel Poisson, 
                    <title>Compte de Pierre d’Estres (<hi rend="italics">Petrus d’Estres</hi>), châtelain, pour la châtellenie
                        de Châtillon-sur-Chalaronne, du 13 avril 1296 au 13 avril 1297</title>,
                    Lyon - Chambéry, 2012 (<title>Documents comptables des Etats de Savoie, XIIIe - XVe s.</title>)</p>
            </publicationStmt>
            <seriesStmt>
                <title>Châtillon-sur-Chalaronne</title>
            </seriesStmt>
            <sourceDesc>
                <p>Information about the source</p>
            </sourceDesc>
        </fileDesc>
    </teiHeader>
    <text>
        <body>
            <milestone n="20" unit="vue"/>
            <pb n="22"/>
            <div xml:id="prologue">
                <p><lb/>Computus Petri <foreign>d’Estres</foreign><note> On écrit <hi rend="italics"
                            >d’Estres</hi>.</note>, receptoris reddituum castellanie Castellionis de
                        Chararona<note>Lire <hi rend="italics">Chalarona</hi>.</note>, <lb/> a
                    tertia decima die mensis aprilis anno nonagesimo sexto usque ad eandem<note> On
                        écrit ici <hi rend="italics">eandem</hi> pour <hi rend="italics"
                        >eamdem</hi>, et parfois <hi rend="italics">tantundem</hi> pour <hi
                            rend="italics">tantumdem</hi>.</note> diem anno nonagesimo septimo
                    videlicet <lb/> de uno anno integro, receptus apud Chamberiacum in presentia
                    domini comitis per Huguetum <del rend="underlined_dotted"
                        >de</del><foreign>Conteis</foreign></p>
            </div>
            <div xml:id="recepte">
                <div xml:id="frumentum">
                    <head>frumentum</head>
                    <p><lb/> idem reddit computum <list>
                            <item> de II asinatis et dimidia frumenti receptis de exitu coponagii a
                                tertia decima die mensis aprilis<note type="césure"><hi
                                        rend="italics">apri<lb/>lis</hi></note><lb/> anno nonagesimo
                                sexto usque ad diem sabbati ante festum beati Petri ad vincula,
                                videlicet per quindecim <lb/> septimanas<note type="césure"><hi
                                        rend="italics">sep<lb/>timanas</hi></note>, et tunc fuit
                                datus ad firmam Guigoni de <foreign>Poneis</foreign> per unum annum
                                finiendum in festo beati Petri ad vincula <lb/> anno nonagesimo
                                septimo pro undecim asinatis frumenti solvendis medietatem in festo
                                purificationis beate Marie virginis et aliam <lb/> medietatem in
                                fine anni </item>
                            <item> de V asinatis et dimidia receptis de medietate firme coponagii
                                finiende in festo beati Petri <lb/> ad vincula anno nonagesimo
                                septimo et tunc debentur tantundem </item>
                            <item> de decima de <foreign>Bunens</foreign> computabit in <lb/>
                                computo siliginis et avene </item>
                            <item> summa : VIII asinatas frumenti </item>
                        </list></p>
                    <div type="sub">
                        <head>arreragium</head>
                        <p><lb/> idem reddit computum <list>
                                <item> de XIX asinatis et III bichetis frumenti receptis de
                                    remanentia computi sui precedentis <lb/></item>
                                <item> summa eadem : XIX asinatas et III bichetos</item>
                            </list></p>
                        <p><lb/><list>
                                <item> summa cum arreragio : XXVII asinatas et III bichetos frumenti </item>
                                <item> venduntur ut infra</item>
                            </list></p>
                    </div>
                </div>
                <div xml:id="siligo">
                    <head>siligo</head>
                    <p><lb/> idem reddit computum <list>
                            <item> de XI asinatis et II bichetis siliginis receptis in castellania
                                Castellionis pro messe hoc anno, <lb/> et levantur a quolibet homine
                                excolente ad boves duos<note> On a cherché à indiquer par des signes
                                    suscrits qu’il fallait lire <hi rend="italics">duos
                                    boves</hi>.</note> vel plures decem bicheti et ab excolente ad
                                unum bovem <lb/> quinque bicheti, et sciendum quod Marieta
                                    <foreign>del Gauchons</foreign> et Guicherdetus<note> On
                                    attendrait <hi rend="italics">Guichardetus</hi>.</note> de
                                Verneto qui habuerunt anno preterito <lb/> duos boves quilibet
                                    et<note> Cette conjonction paraît avoir été biffée et
                                    effacée.</note> anno isto non habuit quilibet nisi unum et
                                Andreas de Verneto qui habuit anno <lb/> preterito<note
                                    type="césure"><hi rend="italics">pre<lb/>terito</hi></note> unum
                                bovem et anno isto nullum habuit, ut dicit, <add place="interlinear"
                                    >quare</add> respondet minus solito </item>
                            <item> de X asinatis et I meyterio <lb/> siliginis receptis de exitu
                                coponagii per predictas quindecim septimanas ut supra in frumento,
                                et tunc datus <add place="interlinear">fuit</add> ad firmam<note
                                    type="césure"><hi rend="italics">fir<lb/>mam</hi></note><lb/>
                                Guigoni de <foreign>Polein</foreign> per unum annum <add
                                    place="interlinear">incipientem</add> in festo Petri ad vincula
                                anno nonagesimo sexto et finiendum eodem termino <lb/> anno
                                nonagesimo septimo </item>
                            <item> de XXIIII asinatis receptis de firma medietatis coponagii soluta
                                in purificationis beate <lb/> Marie virginis, et in fine anni debet
                                tantumdem </item>
                            <item> de IIII asinatis receptis de exitu decime de
                                    <foreign>Benens</foreign><lb/> hoc anno, deducta una asinata
                                sibi remisa<note> Lire <hi rend="italics">remissa</hi>.</note>
                                propter ovaliam persequtionem <lb/></item>
                            <item> summa : XLIX asinatas et dimidiam </item>
                            <item> de quibus <lb/> libravit in stipendiis duorum quadrigariorum
                                ducentium duas quadrigas domini pro lapidibus quarronibus et <lb/>
                                arena pro castro domini apportandis ab octava die aprilis anno
                                nonagesimo sexto usque ad primam diem maii, videlicet <lb/> in
                                quinquaginta quinque septimanis, et datur cuilibet qualibet
                                septimana unus bichetus siliginis : XIII asinatas <lb/> et V
                                bichetos, deducto uno bicheto pro uno quadrigario qui cessavit per
                                unam septimanam circa natale Domini <lb/></item>
                            <item> libravit dictis quadrigariis pro messe sua : II asinatas
                                siliginis </item>
                            <item> item duobus hominibus scilicet <lb/> in stipendiis ipsorum
                                congregantium lapides, charreantium calcem et lignum, per
                                quadraginta quinque septimanas, <lb/> capientium in ebdomada unum
                                bichetum : V asinatas et V bichetos <lb/></item>
                            <item> summa : XXI asinatas et II bichetos </item>
                            <item> et sic debet : XXVIII asinatas <lb/> et II bichetos — venduntur
                                ut infra</item>
                        </list></p>
                </div>
                <div xml:id="avena">
                    <head>avena</head>
                    <p><lb/> idem reddit computum <list>
                            <item> de V asinatis avene receptis de exitu coponagii per predictum
                                tempus ut in frumento </item>
                            <item> de <lb/> XIIII asinatis receptis de medietate firme coponagii per
                                manum Guigonis de <foreign>Poleins</foreign> finiende in festo beati
                                Petri <lb/> ad vincula et tunc debetur tantumdem </item>
                            <item> de II asinatis receptis de firma decime de
                                    <foreign>Boneins</foreign> hoc anno </item>
                            <item><lb/> de I meyterio recepto de Petronilla de Fayola de redditu per
                                annum </item>
                            <item> de XI meyteriis receptis de garda per annum ut <lb/> in
                                particulis in computo precedenti</item>
                        </list></p>
                    <div type="sub">
                        <head>arreragium</head>
                        <p><list>
                                <item> de LVII asinatis et II rasis receptis de remanentia computi
                                    sui precedentis <lb/></item>
                                <item> summa : IIII<hi rend="sup">XX</hi> I asinatas II rasos avene
                                </item>
                            </list> de quibus <lb/><list>
                                <item>libravit ad expensas hospitii domini per manum donni Iacobi
                                    cappellani factas, per litteras domini et dicti cappellani datas
                                    die veneris <lb/> ante ramos palmarum anno nonagesimo sexto :
                                        IIII<hi rend="sup">XX</hi> X rasos avene </item>
                                <item> item libravit ad expensas dicti hospitii<note type="césure"
                                            ><hi rend="italics">hospi<lb/>tii</hi></note><lb/>
                                    domini per manum Hugonis de Voyrone, receptos a domino Guigone
                                    de Sura castellano Castellionis, per litteras domini <lb/> et
                                    dicti Hugonis datas die sabbati post festum beati Martini quas
                                    reddit : XLV rasos <lb/></item>
                                <item> item libravit ad expensas duarum equarum domini ab octava die
                                    aprilis usque ad primam diem maii anno <lb/> nonagesimo septimo,
                                    videlicet per quinquaginta quinque septimanas, qualibet
                                    septimana septem rasos : XXIII asinatas et I rasum, deducta una
                                    asinata quam non habuerunt diebus non operatoriis <lb/></item>
                                <item> item libravit ad expensas unius sui runcini quem acomodavit
                                    domino comiti ad charreandum atractum <lb/> castri per viginti
                                    quinque septimanas, qualibet ebdomada tres rasos et dimidium : V
                                    asinatas et dimidiam <lb/></item>
                                <item> summa : XXXVII asinatas avene </item>
                                <item> et sic debet : XLIIII asinatas et II rasos avene </item>
                                <item> venduntur ut infra triginta quatuor asinate <add
                                        place="interlinear">duo rasi</add></item>
                                <item> et restant X asinate</item>
                            </list></p>
                    </div>
                </div>
                <div xml:id="fabe_milium_nuces">
                    <head>fabe, milium, nuces<note type="césure"><hi rend="italics">fabe, milium
                                <lb/> nuces</hi></note></head>
                    <p><lb/> idem reddit computum <list>
                            <item> de III bichetis fabarum receptis de exitu coponagii a tertia
                                decima die mensis aprilis <lb/> usque ad vincula sancti Petri,
                                videlicet per quindecim ebdomadas tam pro nucibus, milio quam fabis
                                et pisis, <lb/> et tunc fuit ascensatum coponagium Guigoni de
                                    <foreign>Poleins</foreign> ut in computo frumenti,
                                    sigilinis<note> Lire <hi rend="italics">siliginis</hi>.</note>
                                et avene <lb/> ut supra — venduntur ut infra</item>
                        </list></p>
                </div>
                <div xml:id="galline">
                    <head>galline</head>
                    <p><lb/> idem reddit computum <list>
                            <item> de XIIII gallinis receptis in dicta castellania de redditu per
                                annum — venduntur ut infra</item>
                        </list></p>
                </div>
                <div xml:id="vinum">
                    <head>vinum</head>
                    <p><lb/><list>
                            <item> de vino nichil hoc anno</item>
                        </list></p>
                </div>
                <div xml:id="cera">
                    <head>cera </head>
                    <p><lb/> idem reddit computum <list>
                            <item> de LXVII libris cere receptis de garda per annum ut in particulis
                                in computo precedenti </item>
                        </list></p>
                    <div type="sub">
                        <head>arreragium</head>
                        <p><lb/><list>
                                <item> de VI<hi rend="sup">XX</hi> libris et dimidia cere receptis
                                    de remanentia computi sui precedentis <lb/></item>
                                <item> summa : IX<hi rend="sup">XX</hi> VII libras et dimidiam cere </item>
                                <item> de quibus <lb/> libravit ad expensas hospitii domini per
                                    manum donni Iacobi cappellani, per litteras ipsorum datas die
                                    lune post <lb/> pascha anno nonagesimo septimo quas reddit :
                                    LXXII libras cere <lb/> et sic debet : C XV libras et dimidiam
                                    cere — venduntur ut infra</item>
                            </list></p>
                    </div>
                </div>
                <div xml:id="denarii_census">
                    <head>denarii census</head>
                    <p><lb/> idem reddit computum <list>
                            <item> de XVII libris XVIII solidis I denario III podrigiis viennensium
                                receptis in dicta castellania de redditu per <lb/> annum ut in
                                particulis extractus extente </item>
                            <item> de XIII libris receptis de teysis domorum in villa francha
                                Castellionis <lb/> hoc anno </item>
                            <item> de XXXIX solidis VI denariis receptis de gardis et
                                recognitionibus ut in particulis extente </item>
                            <item><lb/> summa : XXXII libre XVII solidi VII denarii III podrigie
                                viennensium</item>
                        </list></p>
                </div>
                <div xml:id="firme">
                    <head>firme</head>
                    <p><lb/> idem reddit computum <list>
                            <item> de IX libris X solidis II denariis receptis de exitu leyde
                                mercati Castellionis a tertia decima die <lb/> mensis aprilis anno
                                nonagesimo sexto usque ad festum <add place="interlinear"
                                    >beati</add> Petri ad vincula anno eodem, et tunc fuit ascensata
                                <lb/> Guidoni de <foreign>Poleins</foreign> dicta leyda una cum
                                banchis domus mercati et exitu duarum nundinarum et pondere <lb/>
                                bladi pro centum novem libris finienda in dicto festo beati Petri ad
                                vincula anno nonagesimo septimo </item>
                            <item> de X libris <lb/> IX solidis III denariis receptis de <add
                                    place="interlinear">medietate</add> firme bancarum mercati
                                finita in nativitate beati Iohannis baptiste anno nonagesimo sexto,
                                et de alia <lb/> medietate computavit in computo precedenti </item>
                            <item> de XVIII libris VI solidis receptis de exitu nundinarum beati
                                Iohannis baptiste anno <lb/> nonagesimo sexto </item>
                            <item> de X solidis receptis de exitu ponderis<note> En marge, on a
                                    signalé <hi rend="italics">pondus</hi>.</note> bladi a tertia
                                decima die mensis aprilis usque ad festum beati <lb/> Petri ad
                                vincula </item>
                            <item> de LIIII libris X solidis receptis de medietate firme leyde
                                mercati bancarum domus mercati et exitu <lb/> duarum nundinarum et
                                ponderis bladi de anno finiendo in festo beati Petri ad vincula anno
                                nonagesimo septimo, <lb/> et tunc debentur tantundem </item>
                            <item> de XXXIII libris X solidis receptis de firma furni Castellionis
                                de anno nonagesimo <lb/> sexto finito in natale domini preterita </item>
                            <item> de V solidis receptis de Hugone Chalveti et relicta Guillermi
                                    <del rend="overstrike">Macelli</del> Machardi <lb/> pro firma
                                furni sui ad usum suum tantum </item>
                            <item> de XXVI libris receptis de firma chacipulerie<note> Lire <hi
                                        rend="italics">chacipolerie</hi>.</note> Chastellionis
                                    <milestone n="21" unit="vue"/><pb n="23"/><lb/> finita in festo
                                natalis domini anno nonagesimo sexto </item>
                            <item> de XLVI solidis receptis de firma champerie finita in natale
                                domini <sic>pre</sic><lb/> predicta </item>
                            <item> de XXXVI solidis receptis de firma linguarum boum occisorum in
                                macello finita in dicta natale domini <lb/></item>
                            <item> de LX solidis receptis de Perreto de Venoyria pro firma scipture
                                de <foreign>La Venoyre</foreign> de anno finito in festo
                                purificationis <lb/> beate Marie anno nonagesimo sexto </item>
                            <item> de XIII libris XIIII solidis receptis de exitu <add
                                    place="interlinear">macelli</add> bancarum domini de uno anno
                                finito <lb/> in carniprivio anno nonagesimo sexto </item>
                            <item> de C solidis receptis de firma banni vini mense augusti anno
                                nonagesimo <lb/> sexto </item>
                            <item> summa : VIII<hi rend="sup">XX</hi> XVIII libre XVI solidi V
                                denarii viennensium</item>
                        </list></p>
                </div>
                <div xml:id="iudei">
                    <head>iudei</head>
                    <p><lb/> idem reddit computum <list>
                            <item> de C solidis receptis de <foreign>Naczant</foreign> et de
                                    <foreign>Moxe</foreign> iudeis, scilicet a
                                    <foreign>Naczant</foreign> viginti solidos et de
                                    <foreign>Moxe</foreign><lb/>quatuor libras pro censa sua per
                                annum </item>
                            <item> summa eadem : C solidi viennensium</item>
                        </list></p>
                </div>
                <div xml:id="laudes_et_vende">
                    <head>laudes et vende<note type="césure"><hi rend="italics">laudes et <lb/>
                                vende</hi></note></head>
                    <p><lb/> idem reddit computum <list>
                            <item> de IIII libris viennensium receptis de Petro de Venoyria pro domo
                                empta a Stephaneta Panateria pretio <lb/> viginti quatuor librarum </item>
                            <item> de VII libris XIII solidis IIII denariis receptis de Petro
                                    <foreign>d’Estres</foreign> pro domo empta ad reemptionem <lb/>
                                pretio quater viginti duodecim librarum </item>
                            <item> de VI solidis VIII denariis receptis de eodem Petro pro terra
                                empta a filia Petri de <foreign>Pay</foreign><lb/> pretio
                                quadraginta solidorum </item>
                            <item> de V solidis receptis de Humberto corssino<note> Lire <hi
                                        rend="italics">corsino</hi>.</note> pro terra empta de
                                Andrea de Molendino pretio triginta solidorum <lb/></item>
                            <item> de XXX solidis receptis de Martino et Laurentio de Condamina pro
                                domo empta a Iohanne <foreign>Pigna</foreign> pretio novem librarum
                                <lb/></item>
                            <item> de V solidis receptis de cappellano de Sancto Cirico pro peda
                                empta de cappellano de <foreign>Buenens</foreign> pretio triginta
                                solidorum </item>
                            <item> de <lb/> IIII solidis IIII denariis receptis de Thoma
                                    <foreign>Chavaler</foreign> pro domo empta de Martino de
                                Bellijoco pretio viginti sex solidorum <lb/></item>
                            <item> de XXV solidis receptis de Stephano Minoris pro domo empta de
                                Bertheto Machardi pretio quindecim librarum </item>
                            <item> de II solidis XI denariis receptis <lb/> de Guichardo Colini pro
                                terra empta de Mauritio Rolandi pretio decem et septem solidorum sex
                                denariorum </item>
                            <item> de IIII solidis <lb/> receptis de clerico de
                                    <foreign>Namari</foreign> pro domo empta a Stephano Corderii
                                pretio viginti quatuor solidorum </item>
                            <item> de VI solidis VIII denariis receptis de <lb/> Stephano
                                    <foreign>Lo Buey</foreign> pro domo empta a Iohanne Corneti et
                                Iohanneto Micheleti pretio quadraginta solidorum </item>
                            <item> de X solidis receptis de <lb/> Thoma <foreign>Chavaler</foreign>
                                pro domo empta de Peroneto Chanterelli pretio sexaginta solidorum </item>
                            <item> de IIII solidis II denariis <lb/> receptis de Guichardo Colini
                                pro terra empta de Bartholomeo Rollandi pretio viginti quinque
                                solidorum </item>
                            <item> de XX denariis receptis <lb/> de Stephano
                                    <foreign>Paviot</foreign> pro terra empta de Iohannino Fornerii
                                pretio decem solidorum </item>
                            <item> de VIII solidis IIII denariis receptis de Bartholomeo<note
                                    type="césure"><hi rend="italics"
                                >bartholo<lb/>meo</hi></note><lb/> de Chagneto et de Escoferio
                                    <foreign>del Gor</foreign> pro domo empta de Guigoneto Lombardi
                                pretio quinquaginta solidorum <lb/></item>
                            <item> de XVI solidis VIII denariis receptis de Humberto
                                    <foreign>Baynier</foreign> pro domo empta de Stephano
                                    <foreign>del Byoley</foreign> et Perraudo de Sancto <lb/>
                                Bartholomeo pretio centum solidorum </item>
                            <item> de XX solidis receptis de Iohanne Coterii pro domo empta a
                                Guichardo Costerii pretio <lb/> sex librarum </item>
                            <item> summa : XIX lb. III s. IX d. vien.</item>
                        </list></p>
                </div>
                <div xml:id="banna">
                    <head>banna</head>
                    <p><lb/> idem reddit computum <list>
                            <item> de XX solidis receptis de quodam homine de
                                    <foreign>Lordes</foreign> quia deportavit leydam domini </item>
                            <item> de XX solidis receptis de <lb/> Aymoneto de Novavilla quia cepit
                                bladum alienum </item>
                            <item> de XXV solidis receptis <foreign>del Molu</foreign> de
                                Chastellione quia cepit cutellum <lb/> alienum ultra voluntatem
                                illius cuius erat </item>
                            <item> de XV solidis receptis de Petro de Vavra quia cepit pro pignore
                                <lb/> rem alienam </item>
                            <item> summa : LXXII solidi viennensium, deductis octo solidis pro parte
                                castellani capientis in <lb/> libra duos solidos</item>
                        </list></p>
                </div>
                <div xml:id="banna_per_castellanum_recuperata">
                    <head>banna per castellanum recuperata<note type="césure"><hi rend="italics"
                                >banna per <lb/> castellanum <lb/> recuperata</hi></note></head>
                    <p><lb/> idem reddit computum <list>
                            <item> de LX solidis viennensium receptis de clerico de Verneto quia
                                percussit unam mulierem in via <lb/> fori </item>
                            <item> de LX solidis receptis de Iohanne Uldrici quia cepit oves in domo
                                Bernarde de Laya </item>
                            <item> de XX solidis receptis de Humberto <lb/> mugnerio quia celavit
                                latrocinium </item>
                            <item> de XX solidis receptis de Bernardo de
                                    <unclear>Sel[v]o[n]a</unclear> pro fractura saysine</item>
                        </list></p>
                    <div type="sub">
                        <head>clame</head>
                        <p><list>
                                <item> de XIII solidis receptis <lb/> de minutis clamis </item>
                                <item> summa : VII libre XVI solidi viennensium, deductis decem et
                                    septem solidis pro parte castellani <lb/> capientis in libra
                                    duos solidos</item>
                            </list></p>
                    </div>
                </div>
                <div xml:id="introgia">
                    <head>introgia</head>
                    <p><lb/><list>
                            <item> de introgiis nichil</item>
                        </list></p>
                </div>
                <div xml:id="venditiones">
                    <head>venditiones</head>
                    <p><lb/> idem reddit computum <list>
                            <item> de XXXV libris XVIII denariis receptis de viginti septem
                                    assinatis<note> Lire <hi rend="italics">asinatis</hi>.</note> et
                                tribus bichetis frumenti <lb/> venditis ut supra pro tanto, deductis
                                viginti sex solidis datis pro gietis, quarum decem novem quelibet
                                    vendita<note type="césure"><hi rend="italics"
                                    >vendi<lb/>ta</hi></note><lb/> fuit viginti et sex solidis et
                                alie quelibet viginti octo solidis </item>
                            <item> de XXV libris II solidis VI denariis receptis de viginti <lb/>
                                quinque asinatis et uno bicheto siliginis venditis ut supra,
                                qualibet vendita viginti solidis, deductis tribus asinatis<note
                                    type="césure"><hi rend="italics">asina<lb/>tis</hi></note><lb/>
                                pro expensis unius hominis qui per viginti quinque septimanas
                                portavit atracta in castrum <lb/></item>
                            <item> de XXX libris XIIII solidis III denariis receptis de triginta
                                quatuor asinatis duobus rasis avene venditis ut supra <lb/> pro
                                tanto, qualibet asinata vendita decem et octo solidis </item>
                            <item> de X solidis VI denariis receptis de tribus bichetis fabarum
                                <lb/> venditis ut supra pro tanto </item>
                            <item> de IIII solidis VIII denariis receptis de quatuordecim gallinis
                                sic venditis, qualibet <lb/> vendita quatuor denariis </item>
                            <item> de XIIII libris VIII solidis IX denariis receptis de centum et
                                quindecim libris et dimidia cere venditis <lb/> ut supra, qualibet
                                libra duobus solidis sex denariis </item>
                            <item> de C solidis receptis de una equa domini pro tanto vendita </item>
                            <item> de XL solidis receptis <lb/> de quadam quantitate nemoris domini
                                sic vendita </item>
                            <item><lb/> summa : CXIII libre II solidi II denarii viennensium</item>
                        </list></p>
                </div>
                <div xml:id="bilan_recepte">
                    <p><list>
                            <item><lb/> summa totius recepte : III<hi rend="sup">C</hi> LX libre VII
                                solidi XI denarii obolus podrigia viennensium </item>
                        </list></p>
                </div>
            </div>
            <div xml:id="expense_et_librate">
                <p><list>
                        <item> de quibus <lb/> in duobus milliaribus quarronum emptis pro arcubus
                            furni : <lb/> VI solidos </item>
                        <item> in ipsis arcubus factis in taschiam <lb/> per Micheletum lathomum :
                            XI solidos IX denarios </item>
                        <item> in factura unius muelli : II solidos VI denarios </item>
                        <item> in clavinis grossis emptis <lb/> ad latandum : V solidos VI denarios </item>
                        <item> in nemore empto pro quarronibus dequoquendis : LXX solidos </item>
                        <item> in stipendiis plurium <lb/> hominum scindentium et delaniantium
                            dictum nemus : LXXI solidos VI denarios </item>
                        <item> in pane dato bubulcis charreantibus <lb/> dictum nemus de corvata
                            usque ad tegulariam et calcem de Toysiaco apud Chastellionum, et datur
                            cuilibet <lb/> unus denarius pro prandio : <lb/> CXII solidos VI
                            denarios </item>
                        <item> in calce empta pro muris : XVIII libras X solidos </item>
                        <item> in charreagio <lb/> ipsius calcis ultra corvatas : XLVIII solidos </item>
                        <item> in terra posita circa tornellam : XVIII denarios </item>
                        <item> pro calciaturis duorum <lb/> quadrigariorum per tempus de quo
                            computat : XX solidos </item>
                        <item> in quadrigis domini calciandis, ferrandis, <lb/> ungendis borrellis
                            et sellis emendandis, cordis et assis emptis ad idem, ut in <add
                                place="interlinear">particulis</add>, per dictum tempus : LXIX
                            solidos <lb/> VIII denarios </item>
                        <item> in ferratura duarum equarum domini per dictum tempus : XVI solidos </item>
                        <item> in feno empto per dictum tempus <lb/><foreign>[vue 22 = peau
                                24]</foreign> pro dictis duabus equabus : IIII libras XV solidos </item>
                        <item> in trabibus emptis ad faciendum garitam in tornella pro prima <lb/>
                            trabatura : XXVI solidos </item>
                        <item> in loquagio unius granerii pro blado domini reponendo : XX solidos </item>
                        <item> in stipendiis quinque <lb/> hominum cum armis quos secum duxit per
                            duos dies apud Ambroigniacum per litteras domini Petri de Balma baillivi
                            de <lb/> mandato quas reddit : XXX solidos </item>
                        <item> in stipendiis quinque hominum cum armis quos sibi misit dictus <lb/>
                            baillivus ad pignorandum illos de Ansa per litteras baillivi predicti de
                            mandato de solutione ipsis facienda : <lb/> LXVI solidos IX denarios </item>
                        <item> in postibus emptis pro banchis faciendis in domo mercati et in
                            stipendiis carpentatoris : <lb/> XII solidos II denarios </item>
                        <item> in uno chaffallo decooperiendo et ad terram ponendo : V solidos </item>
                        <item> in stipendiis plurimorum hominum<note type="césure"><hi
                                    rend="italics">homi<lb/>num</hi></note><lb/> extraentium arenam
                            ut in particulis : XLV solidos X denarios </item>
                        <item> in quadraginta octo teysis terre curandis pro pisonibus<note
                                type="césure"><hi rend="italics">pisoni<lb/>bus</hi></note><lb/>
                            faciendis : XXVIII solidos </item>
                        <item> in stipendiis plurimorum hominum apportantium aquam in opere castri
                            domini et uno barralle <lb/> et una gerla emptis ad idem : XXIIII
                            solidos I denarium </item>
                        <item> idem libravit Michaeli lathomo pro sexaginta teysis muri <lb/> factis
                            in castro a parte ventus, et dantur pro qualibet sex solidi : XVIII
                            libras </item>
                        <item> in perticis emptis pro sustinendo pontem <lb/> factis ad idem : VI
                            solidos </item>
                        <item> idem libravit dicto <foreign>Meynet</foreign> thegulario<note> Lire
                                    <hi rend="italics">tegulario</hi>.</note> pro quatuor fornatis
                            <lb/> quarronum<note type="césure"><hi rend="italics"
                                    >quar<lb/>ronum</hi></note> dequoquendis et faciendis in
                            taschiam et fuerunt in qualibet fornata viginti miliaria quarronum :
                            XXIIII libras <lb/></item>
                        <item> in porcis domini ductis de Castellione apud Burgum per nuntium
                            castellani : II solidos <lb/></item>
                        <item> libravit sibi ipsi quas mutuavit domino comiti per manus Hugonis de
                            Voyrone, per litteras domini de recepta datas <lb/> tresdecimo<note
                                type="césure"><hi rend="italics">tres<lb/>decimo</hi></note>
                            kalendas decembris anno nonagesimo sexto quas reddit : L libras
                            viennensium <lb/></item>
                        <item> libravit domino Guigoni de Sura castellano Castellionis, ad expensas
                            hospitii domini factas per manum Hugonis de Voyrone, per <lb/> litteras
                            ipsorum datas die sabbati post festum beati Martini hyemalis quas reddit
                            : XIII libras IIII solidos VIII denarios <lb/></item>
                        <item> idem libravit <del rend="overstrike">sibi ipsi</del> ad expensas
                            hospitii domini factas per donnum Iacobum cappellanum, per litteras
                            ipsorum datas die veneris ante <lb/> ramos palmarum anno nonagesimo
                            sexto quas reddit : XIII libras <unclear>VI</unclear> solidos IX
                            denarios <lb/></item>
                        <item> item libravit sibi ipsi pro quatuor asinatis uno meyterio siliginis
                            oblitis computandis de salario trium hominum <lb/> ducentium<note
                                type="césure"><hi rend="italics">du<lb/>centium</hi></note> equas ut
                            in dorso computi precedentis : IIII libras V solidos <lb/></item>
                        <item> idem <add place="interlinear">libravit</add> pro salario suo et dicti
                            domini Guigonis per dictum annum : X libras <lb/></item>
                        <item> idem libravit sibi que sibi debebantur de remanentia computi
                            precedentis : VIII<hi rend="sup">XX</hi> libras III solidos XI denarios
                            <lb/></item>
                        <item> idem libravit sibi pro quatuor equis suis libratis de vadio domino
                            Vaucherio de Commarci, domino de Castro Vilani, <lb/> venditis<note
                                type="césure"><hi rend="italics">ven<lb/>ditis</hi></note> in foro
                            Burgi pro fideiussione in qua dominus comes eidem domino Vaucherio
                            tenebatur pro domino de Quarto, ut per iuramentum<note type="césure"><hi
                                    rend="italics">iuramen<lb/>tum</hi></note><lb/> dicti Peroneti
                            ad sancta Dei euvangelia prestitum et per litteras domini Petri de Balma
                            militis de testimonio quas reddit <lb/> ipse Peronetus : XXXVIII libras
                        </item>
                    </list></p>
            </div>
            <div xml:id="bilan">
                <p><list>
                        <item><lb/> summa expense salarii et librate : IIII<hi rend="sup">C</hi> IX
                            libre VI solidi I denarii obolus viennensium </item>
                        <item> et <lb/> sic debetur ei : XLVIII libras XVIII solidos I denarium III
                            podrigias viennensium</item>
                    </list></p>
            </div>
        </body>
    </text>
</TEI>
