<?xml version="1.0" encoding="UTF-8"?>
<?xml-model href="http://www.tei-c.org/release/xml/tei/custom/schema/relaxng/tei_all.rng" schematypens="http://relaxng.org/ns/structure/1.0"?>
<TEI xmlns:math="http://www.w3.org/1998/Math/MathML" xmlns="http://www.tei-c.org/ns/1.0"
  xmlns:xi="http://www.w3.org/2001/XInclude" xmlns:svg="http://www.w3.org/2000/svg" xml:id="B7560_5">
  <teiHeader>
    <fileDesc>
      <titleStmt>
        <title>Compte de Barthélémy Sylvestre, châtelain, pour la châtellenie de
          Châtillon-sur-Chalaronne, du lundi 9 février 1288 (nouveau style) au dimanche 3 juillet
          1289 <date type="debut" from-iso="12880209" cert="high"/><date type="fin"
            from-iso="12890703" cert="high"/></title>
        <respStmt>
          <persName><name xml:lang="fra">Barthélémy Sylvestre</name><name xml:lang="lat"
              >Bartholomeus Silvestris</name></persName>
          <resp>Châtelain</resp>
        </respStmt>
      </titleStmt>
      <publicationStmt>
        <p>Alain Kersuzan et Frédéric Chartrain, avec la collaboration de Nils Mantilleri et Jean-Michel Poisson, 
          <title>Compte de Barthélémy Sylvestre (<hi rend="italics">Batholomeus Silvestris</hi>), châtelain, pour la châtellenie de
            Châtillon-sur-Chalaronne, du lundi 9 février 1288 (nouveau style) au dimanche 3 juillet
            1289</title>,
          Lyon - Chambéry, 2011 (<title>Documents comptables des Etats de Savoie, XIIIe - XVe s.</title>)</p>
      </publicationStmt>
      <seriesStmt>
        <title>Châtillon-sur-Chalaronne</title>
      </seriesStmt>
      <sourceDesc>
        <p>Information about the source</p>
      </sourceDesc>
    </fileDesc>
  </teiHeader>
  <text>
    <body>
      <milestone n="08" unit="vue"/>
      <pb n="8"/>
      <div xml:id="prologue">
        <p><lb/><note> Ce compte est numéroté <hi rend="italics">V </hi>en tête, dans l’ordre
            décroissant de la numérotation médiévale des comptes du rouleau.</note> Conputus<note>
            On écrit ici <hi rend="italics">conputus</hi> pour <hi rend="italics">computus</hi> et
              <hi rend="italics">Hunbertus</hi> pour <hi rend="italics">Humbertus</hi>.</note>
          Bartholomei <sic>Silvestri</sic><note> Dans les deux comptes précédents, le châtelain est
            dénommé <hi rend="italics">Bartholomeus Silvestris</hi>.</note> castellani Castellionis
          ab octabis purificationis beate Marie virginis <lb/> anno Domini M<hi rend="sup">o</hi>
            CC<hi rend="sup">o</hi> LXXX<hi rend="sup">mo </hi>septimo usque ad eamdem diem anno
            revoluto<note> Du lundi 9 février 1288 (nouveau style) au mercredi 9 février 1289
            (nouveau style).</note> et extunc usque ad festum beati Iohannis <lb/> baptiste sequens
          quod fuit anno Domini M<hi rend="sup">o</hi> CC<hi rend="sup">o</hi> LXXX<hi rend="sup">mo
          </hi>nono videlicet pro uno anno integro decem novem edomadis duobus <lb/> diebus et
          extunc usque ad dominicam post festum apostolorum Petri et Pauli eodem anno videlicet pro
          uno anno viginti edomadis quatuor diebus</p>
      </div>
      <div xml:id="recepte">
        <div xml:id="frumentum">
          <head>frumentum</head>
          <p><lb/> idem reddit conputum <list>
              <item> de XVIII asinatis VIII bichetis frumenti receptis de exitu coponagii
                Castellionis per dictum tempus in frumento </item>
              <item><lb/> de exitu sexte partis quam percipiebat dominus Petrus de
                  <foreign>Rigneu</foreign> in decima de <foreign>Buenens</foreign> que reducta est
                ad manum domini <lb/> ex eo quod de ipsa non fuit factum domino comiti neque
                predecessori suo homagium consuetum nichil in frumento quia ascensata est <lb/> ad
                siliginem ut infra</item>
            </list></p>
          <div type="sub">
            <head>arreragium</head>
            <p><list>
                <item> de XI asinatis IIII bichetis dimidio receptis a se ipso de remanentia conputi
                  sui precedentis</item>
              </list></p>
          </div>
          <div>
            <p><list>
                <item><lb/> summa : XXX asinate IIII bicheti dimidius frumenti</item>
                <item> de quibus <lb/> ipse libravit per manum Stephani de Sancto Reneberto ad
                  expensas hospitii domini ut per litteram dicti Stephani datam in festo apostolorum
                    <sic>Philipi</sic><note> On écrit ici <hi rend="italics">Philipus</hi> pour <hi
                      rend="italics">Philippus</hi>.</note> et Iacobi <lb/> anno octogesimo nono :
                  XLVIII meiterios</item>
                <item> et sic debet : XVIII asinatas IIII bichetos dimidium frumenti — quas solvit
                  Petro <foreign>d’Estres</foreign><note> On écrit <hi rend="italics"
                    >destres</hi>.</note><lb/> castellano post ipsum <add resp="autreMain">ut in
                    computo suo</add></item>
              </list></p>
          </div>
        </div>
        <div xml:id="siligo">
          <head>siligo</head>
          <p><lb/> idem reddit conputum <list>
              <item> de XLVIII asinatis VII bichetis siliginis receptis de exitu coponagii per
                dictum tempus </item>
              <item> de VIII asinatis receptis <lb/> de exitu sexte partis decime de
                  <foreign>Buenens</foreign> pro tanto ascensate hoc anno </item>
              <item> de feodo Alaysie de Sura <del rend="overstrike">nichil</del> quod reductum
                <lb/> fuerat ad manum domini non conputat quia dominus comes ipsum reddit dicte
                Alaysie </item>
              <item><add place="leftMargin"> sciendum est quod II bicheti faciunt meiterium et IIII
                  meiterii faciunt asinatam</add></item>
              <item> de V meyteriis receptis a Vincentio filio Guillermi de Rispis <lb/> de messe
                per annum </item>
              <item> de V meyteriis receptis de Hugone de Bosco pro eodem </item>
              <item> de V meyteriis receptis de <sic>Bernerdo</sic> de Bosco pro eodem </item>
              <item> de V <lb/> meyteriis receptis de Hugone <foreign>del Chaley</foreign> pro eodem </item>
              <item> de V meyteriis receptis de Laurentio de Verneto pro eodem </item>
              <item> de V meyteriis receptis de Tenneto de Rossillione <lb/> pro eodem </item>
              <item> de V meyteriis receptis de Hugone Escoferii pro eodem </item>
              <item> de V meyteriis quos debebat Petrus <foreign>Terreczars</foreign> non conputat
                quia nichil <lb/> habuit quia in tenemento eius non est tenementarius a quo possuit
                recuperari </item>
              <item> de V meyteriis receptis de Guillaudo Syondi pro eodem</item>
            </list></p>
          <div type="sub">
            <head>arreragium</head>
            <p><list>
                <item><lb/> de XLIII asinatis II bichetis receptis a se ipso de remanentia conputi
                  sui precedentis </item>
              </list></p>
          </div>
          <div>
            <p><list>
                <item><lb/> summa : CX asinate I bichetus siliginis </item>
                <item> de quibus libravit sibi ipsi pro <lb/> novem asinatis duobus rasis avene que
                  sibi debentur ut infra in conputo avene : IX asinatas II rasos siliginis </item>
                <item> et sic debet : C asinatas VI bichetos <add place="interlinear">— quas <lb/>
                    solvit Petro <foreign>d’Estres</foreign> castellano post ipsum ut in computo
                    suo</add></item>
              </list></p>
          </div>
        </div>
        <div xml:id="fabe">
          <head>fabe</head>
          <p><lb/> idem reddit conputum <list>
              <item> de I asinata I bicheto fabarum receptis de exitu coponagii per dictum tempus </item>
              <item> de exitu decime de <foreign>Buenens</foreign> nichil</item>
            </list></p>
          <div type="sub">
            <head>arreragium</head>
            <p><list>
                <item><lb/> de VIII bichetis I scupa dimidia receptis a se ipso de remanentia
                  conputi sui precedentis</item>
              </list></p>
          </div>
          <div>
            <lb/>
            <head><del rend="grattage">milium</del></head>
            <p><del rend="grattage">idem reddit conputum de XV bichetis millii receptis
                de</del><note> On avait commencé à enregistrer la recette de mil sans avoir totalisé
                celle de fèves.</note></p>
          </div>
          <div>
            <p><list>
                <item> summa : XVII bicheti I scupa et dimidia fabarum <add place="interlinear"><del
                      rend="overstrike">— et remanent</del><del rend="overstrike">— et
                      remanent</del> — de quibus libravit castellano post ipsum : VI
                  bichetos</add></item>
              </list></p>
          </div>
        </div>
        <div xml:id="millium">
          <head>millium</head>
          <p><lb/> idem reddit conputum <list>
              <item> de XV bichetis millii receptis de exitu dicti coponagii per dictum
                tempus</item>
            </list></p>
          <div type="sub">
            <head>arreragium</head>
            <p><list>
                <item> de II asinatis receptis a se ipso de remanentia conputi <lb/> sui
                  precedentis</item>
              </list></p>
          </div>
          <div>
            <p><list>
                <item> summa : III asinate VII bicheti millii <add place="interlinear"><del
                      rend="overstrike">— et remanent</del> — de quibus castellano post ipsum II
                    asinatas</add></item>
              </list></p>
          </div>
        </div>
        <div xml:id="nuces">
          <head>nuces</head>
          <p><lb/> idem reddit conputum <list>
              <item> de I raso nucium et II scupis nucleorum receptis de exitu coponagii per dictum
                tempus — vendantur<note> Ce subjonctif impératif est écrit en toutes lettres à la
                  fin des titres <hi rend="italics">galline</hi> et <hi rend="italics"
                  >cera</hi>.</note> ut infra</item>
            </list></p>
        </div>
        <div xml:id="avena">
          <head>avena</head>
          <p><lb/> idem reddit conputum <list>
              <item> de XXXIII asinatis XIIII rasis avene receptis de exitu dicti coponagii per
                dictum tempus </item>
              <item> de I meyterio recepto de Iohanne de Verneto <lb/> de comanda per annum </item>
              <item> de I meyterio recepto de Ogerio <foreign>Lo Nalays</foreign> pro eodem </item>
              <item> de II meyteriis receptis de domina de Fontana pro eodem </item>
              <item> de I <lb/> meyterio recepto de Payneto de <foreign>La Fayola</foreign> pro
                eodem </item>
              <item> de I meyterio recepto de Laurentia de Donno Petro pro eodem </item>
              <item> de I meyterio recepto de Leproso de <lb/><foreign>La Fayola</foreign> pro eodem </item>
              <item> de I meyterio recepto de Pellipario de Illiaco pro eodem</item>
            </list></p>
          <div type="sub">
            <head>arreragium</head>
            <p><list>
                <item> de XXVI asinatis IX rasis receptis a se ipso de remanentia conputi <lb/> sui
                  precedentis</item>
              </list></p>
          </div>
          <div>
            <p><list>
                <item> summa : LXI asinate III meyterii XI rasi avene</item>
                <item> de quibus <lb/> ipse libravit ad expensas hospitii domini per manum Andree de
                  Voyrone per litteram dicti domini comitis datam die veneris post epiphaniam Domini
                  <lb/> anno LXXX<hi rend="sup">mo </hi>septimo<note> Le vendredi 9 janvier 1288
                    (nouveau style).</note> : LVIII rasos </item>
                <item> item ad expensas dicti domini comitis per manum domini Petri de Yenna per
                  litteram domini datam die mercurii <lb/> in crastino beati Andree anno LXXX<hi
                    rend="sup">mo </hi>octavo : XXXVII rasos </item>
                <item> item ad expensas eiusdem domini comitis per litteram eius datam die martis
                  <lb/> post festum beati Martini hyemalis anno octogesimo octavo : XXV rasos </item>
                <item> item ad expensas eiusdem domini comitis per litteram eius datam <lb/> sabbato
                  post festum beati Bartholomei anno octogesimo octavo : XXII rasos </item>
                <item> item ad expensas eiusdem domini comitis factas apud Castellionem die veneris
                  <lb/> et sabbato ante festum apostolorum Philipi et Iacobi anno octogesimo nono
                  per manum Stephani de Sancto Ragneberto per litteram quam reddere debet dictus
                  castellanus : <lb/> IIII<hi rend="sup">XX </hi>V meyterios et dimidium </item>
                <item> item ad expensas eiusdem domini comitis per manum dicti Stephani per litteram
                  domini datam sabbato post penthecosten anno octogesimo <lb/> nono : IIII<hi
                    rend="sup">XX</hi> meyterios </item>
                <item> item ad expensas eiusdem domini comitis per manum dicti Stephani per litteram
                  domini datam sabbato ante festum beati Iohannis baptiste <lb/> anno octogesimo
                  nono : XLVI meyterios </item>
                <item> item ad expensas Petri, Othonini, Zaquarie<note> Lire <hi rend="italics"
                      >Zacharie</hi>.</note> de Cabannis et Hunberti falconeriorum domini comitis
                  per <lb/> litteram dicti Petri datam die iovis ante ramos palmarum anno octogesimo
                    septimo<note> Le jeudi 18 mars 1288 (nouveau style).</note> apud Castellionem :
                  <lb/> IIII meyterios </item>
                <item> item ad expensas domini Guillermi <lb/> de Septimo et secum existentium
                  limitando marchias castellanie per litteram eius datam die iovis post penthecosten
                  anno octogesimo nono : <lb/> XVII rasos </item>
                <item><add place="leftMargin">sciendum est quod IIII rasi faciunt meiterium et IIII
                    meiterii faciunt asinatam</add></item>
                <item> item ad expensas domini Hunberti de <foreign>Luyreu</foreign> eundo obviam
                  domino Othoni de Grandi Sono apud Lugdunum per litteram domini de <lb/> mandato et
                  litteram eius de recepta : V rasos </item>
                <item> item in expensis Petri clerici et Iacobi de Secusia audientium presens
                  conputum : I meyterium </item>
                <item> item libravit Stephano <lb/> de Sancto Reneberto ad expensas hospitii domini
                  per litteram eius datam die lune post <lb/> festum beati Iohannis anno octogesimo
                  nono : XXVI meiterios I rasum<note>Cet item a été ajouté d’une autre main, sans
                    marge gauche, mais sur la première moitié de la ligne et de l’interligne
                    inférieur</note></item>
                <item><lb/> summa librate : <add resp="autreMain">LXXI asinate II meiterii I rasus
                    avene</add></item>
                <item><lb/> et sic debentur eidem : <add resp="autreMain">IX asinate II rasi avene —
                    de quibus sibi solvitur superius in siligine</add></item>
              </list></p>
          </div>
        </div>
        <div xml:id="galline">
          <head>galline</head>
          <p><lb/> idem reddit conputum <list>
              <item> de XIII gallinis receptis in dicta castellania de redditu per annum </item>
              <item> de I gallina recepta de Iohanneta de Morges de redditu <lb/> qui non est in
                extenta</item>
              <item><lb/> summa : XIIII galline — vendantur ut infra</item>
            </list></p>
        </div>
        <div xml:id="vinum">
          <head>vinum</head>
          <p><lb/> idem reddit conputum</p>
        </div>
        <div xml:id="cera">
          <head>cera</head>
          <p><lb/> idem reddit conputum <list>
              <item> de XXXI libris cere receptis in dicta castellania de garda hoc anno ut in
                particulis in dorso precedentis conputi<note> Voir <hi rend="italics">isti debent
                    guardam cere…</hi> au dos de la peau 6, vue 29. <milestone n="29" unit="vue"
                  /></note></item>
              <item> de <lb/> I libra recepta de Bartholomeo de <foreign>La Danieri</foreign> qui de
                novo recepta est in garda </item>
              <item> de LXVIII libris cere receptis a se ipso de remanentia conputi <lb/> sui
                precedentis</item>
              <item> summa : C libre cere</item>
              <item> de quibus ipse <lb/> libravit domino Aynardo de Bardonechia tunc ballivo
                Baugiaci ad solvendum altari Sancti Vincentii Matisconensis cui debentur de annua
                elemosina <lb/> septuaginta due libre videlicet in festo beati Vincentii anno
                octogesimo septimo<note> Le jeudi 22 janvier 1288 (nouveau style).</note> ut in
                conputo dicti ballivi in librata cere : L libras </item>
              <item> item libravit <lb/> ad expensas domini comitis per manum Stephani de Sancto
                Ragneberto per litteram domini datam sabbato post penthecosten anno octogesimo nono
                : VII libras </item>
              <item> item quas non potuit recuperare anno preterito a Guillermeta <foreign>La
                  Devina</foreign>, Petro <foreign>Belin</foreign> et Perraudo
                  <foreign>Lopona</foreign> qui eas debebant de garda : III libras</item>
              <item><lb/> summa librate : LX libre</item>
              <item> et sic debet : XL libras — vendantur ut infra</item>
            </list></p>
        </div>
        <div xml:id="denarii">
          <head>denarii</head>
          <p><lb/> item reddit conputum <list>
              <item> de XIIII libris VIII solidis VIII denariis receptis de redditu apud
                Castellionem per annum </item>
              <item> de VI solidis receptis de Peronino <foreign>d’Estres</foreign> de redditu <lb/>
                per annum pro rebus quas emit a domino Petro de <foreign>Rigneu</foreign> et
                Guillermo de <foreign>La Follia</foreign> quos sex solidos assignavit si domino
                placuerit super rebus quas <lb/> Petrus de <foreign>La Venoyri</foreign> tenet ab
                ipso Petro ut in dorso conputi precedentis<note> Voir <hi rend="italics">Petrus de
                    La Venoiry clericus…</hi> au dos de la peau 6, vue 29. <milestone n="29"
                    unit="vue"/></note></item>
              <item> de XI libris XIII solidis receptis de teysis domorum in villa <lb/> nova
                Castellionis et levantur pro qualibet teysa continente de longitudine novem teysas
                sex denarii et si plus vel minus contineat <lb/> levatur pro rata </item>
              <item> de II solidis receptis de Stephano filio Vincentii de Virgulto de redditu quos
                assignavit levandos exnunc ex causa recognitionis <lb/> homagii super quadam pecia
                terre sita in parrochia de <foreign>Chalens</foreign> iuxta terram quam dictus
                Stephanus tenet ab abbate Cluniaci ex una parte et iuxta <lb/> solium dicti patris
                sui a parte boree ex altera </item>
              <item> de III solidis receptis de Iohanneta de <foreign>Morges</foreign> de redditu
                per annum </item>
              <item> de VI denariis receptis de Guillermo <lb/><foreign>Placzart</foreign> de
                  <foreign>Crusilles</foreign> de redditu quos assignavit de novo super nemus
                  <foreign>del Byoley</foreign> et de Rispis et super campum <foreign>del
                  Mespler</foreign> : inquiratur de situ <lb/> nemorum et campi </item>
              <item> de III solidis receptis de Laurentio filio quondam Iohannis Nicholay de redditu
                pro domo quam fecit super pontem macelli in intragio <lb/> pontis </item>
              <item> de tribus solidis sex denariis quos debet exnunc de redditu Aymonetus mercerius
                pro domo quam ibidem de novo fecit non conputat <lb/> ad presens sed anno futuro
                debet inde conputare </item>
              <item> de III solidis VI denariis receptis de Aymone filio Pelliparii pro reddito
                poypie de <foreign>La Follia</foreign> sibi albergate <lb/> ad dictum redditum </item>
              <item> de XXXVI solidis receptis de gardis et recognitionibus hoc anno ut in
                particulis in dorso presentis rotuli<note> Voir <hi rend="italics">garde et
                    recognitiones</hi> au dos de la peau 8, vue 30. <milestone n="30" unit="vue"
                  /></note></item>
              <item> de VII solidis VI denariis receptis de <lb/> gardis recuperatis anno precedenti
                plus quam computaverit in computo ipsius anni </item>
              <item> de LV libris XIIII solidis VII denariis obolo receptis de exitu leyde <lb/>
                mercati per tempus supradictum </item>
              <item> de XII libris XI solidis receptis de exitu nundinarum Castellionis in festo
                beati Iohannis baptiste anno octogesimo octavo <lb/> respondet minus solito ex eo
                quod die dictarum nundinarum et etiam una die ante et alia post stetit dominus
                Bellijoci apud <foreign>Marleu</foreign> cum armis <lb/> propter quod non audebant
                venire mercatores ad nundinas </item>
              <item> de LI solidis III denariis receptis de exitu <del rend="overstrike">leyde</del>
                nundinarum in festo beati Mathei anno <lb/> octogesimo octavo </item>
              <item> de VI libris II solidis III denariis receptis de exitu banchagii domus mercati
                de medietate anni finiti in festo beati Iohannis anno <lb/> octogesimo octavo </item>
              <item> de XIII libris XVI solidis receptis de exitu banchagii dicte domus mercati pro
                anno finito in festo beati Iohannis baptiste anno octogesimo <lb/> nono </item>
              <item><add place="leftMargin">de XLVI solidis IIII denariis receptis de locagio
                  archarum que sunt in domo mercati hoc anno</add></item>
              <item> de XVI libris receptis de medietate firme furni finite in festo beati Iohannis
                baptiste anno octogesimo octavo </item>
              <item> de XXXIII libris receptis de firma <lb/> dicti furni pro anno in fine presentis
                conputi finito </item>
              <item> de VII libris receptis de medietate firme chacipolerie finite in festo beati
                Iohannis anno octogesimo <lb/> octavo </item>
              <item> de XVI libris receptis de firma dicte chacipolerie pro anno in fine presentis
                conputi finito </item>
              <item> de VI libris receptis de banno vini mense <lb/> augusti anno octogesimo octavo </item>
              <item> de XX solidis receptis de medietate firme chanperie finite in festo beati
                Iohannis anno octogesimo octavo </item>
              <item> de XL solidis receptis <lb/> de firma dicte champerie<note> Le première syllabe
                  est écrite en toutes lettres : alternance <hi rend="italics">chanperie /
                    champerie</hi> d’une ligne à la suivante.</note> hoc anno finito in festo beati
                Iohannis anno LXXX<hi rend="sup">o</hi> nono </item>
              <item> de XXXV solidis receptis de exitu <sic>lingarum</sic> boum occisorum in <lb/>
                dicto macello per dictum tempus </item>
              <item> de VII libris XIII solidis receptis de locagio bancharum macelli hoc anno
                videlicet in festo purificationis beate Marie virginis anno octogesimo <lb/>
                  octavo<note> Le mercredi 2 février 1289 (nouveau style).</note> deductis sex
                banchis que non potuerunt locari dicto anno sed locate sunt exceptis duabus pro anno
                futuro </item>
              <item> de III solidis receptis de Hugonone <lb/> Chalveti pro firma furni sui ad usum
                per annum </item>
              <item> de II solidis receptis de Guillermo Maschardi pro firma furni sui ad usum per
                annum </item>
              <item> de IIII libris <lb/> VIII solidis III denariis receptis de exitu ponderis bladi
                et alterius ponderis mercaturarum pro decem mensibus finitis in festo beati Iohannis
                anno octogesimo nono </item>
              <item> de LX solidis receptis <lb/> de Petro de <foreign>La Venoyri</foreign> pro
                censa scripture Castellionis finita in octabis purificationis beate Marie virginis </item>
              <item><add place="leftMargin">respice inferius in fine computi ubi continetur plus de
                  recepta</add></item>
              <item> de XXXVIII solidis VIII denariis receptis de feodo quondam <lb/> Morete quod
                reductum est ad manum domini ut in computo precedenti </item>
              <item> de feodo Alaysie de Sura nichil conputat quia dominus ipsum reddidit ut supra </item>
              <item><lb/> de IX solidis receptis de feodo quondam Iohannis de
                  <foreign>Mennay</foreign> quod reductum est ad manum domini ut in conputo
                precedenti et anno futuro debet conputare plus <lb/> quinque solidos pro pecia terre
                quondam <foreign>Mascherat</foreign> albergate Merlino ad dictos quinque solidos
                redditus </item>
              <item> de V solidis receptis de <foreign>Naczant</foreign> iudeo pro firma furni sui
                <lb/> ad usum suum per annum</item>
              <item> summa : CC XXII lb. XVIII s. VI d. ob. vien.</item>
            </list></p>
        </div>
        <div xml:id="iudei">
          <head>iudei</head>
          <p><lb/> idem reddit conputum <list>
              <item> de IIII libris receptis de Naczant iudeo videlicet quas debebat in festo pasche
                preterito ratione prise sue pro prima solutione </item>
              <item> de corsinis et <lb/> Ioceto iudeo nichil conputat quia respondent apud
                Burgum</item>
              <item> summa : IIII lb.</item>
            </list></p>
        </div>
        <div xml:id="inventa">
          <head>inventa</head>
          <p>nichil</p>
        </div>
        <div xml:id="laudes">
          <head>laudes</head>
          <p><lb/> idem reddit conputum <list>
              <item> de XVIII libris II solidis II denariis viennensium receptis de laudibus et
                venditionibus per tempus de quo conputat <add place="interlinear">ut in particulis
                  in dorso</add><note> Voir <hi rend="italics">laudes venditiones</hi> au dos de la
                  peau 8, vue 30. <milestone n="30" unit="vue"/></note></item>
              <item> de L solidis receptis de domo quondam Aymonis de <lb/> Villa Francha vendita
                pro tanto Iohanni Fluri ex eo quod dicto Aymo eam habebat pro derelicta et cessavit
                in solutione redditus per plures annos</item>
              <item><lb/> summa : XX lb. XII s. II d. vien.</item>
            </list></p>
        </div>
        <div xml:id="charreagium">
          <head>charreagium</head>
          <p><lb/> idem reddit conputum <list>
              <item> de VI libris receptis de priore de Chavayriaco de auxilio facto domino de
                gratia ad charreagium operum Cusiriaci</item>
              <item><lb/> summa : VI lb.</item>
            </list></p>
        </div>
        <div xml:id="banna">
          <head>banna</head>
          <p><lb/> idem reddit conputum <list>
              <item> de XXXIIII libris III solidis receptis de bannis per dictum tempus ut in
                particulis in dorso presentis rotuli<note> Voir <hi rend="italics">banna</hi> au dos
                  de la peau 8, vue 30. <milestone n="30" unit="vue"/></note></item>
              <item> de XXV solidis receptis de clamis per dictum <lb/> tempus </item>
              <item> summa : XXXV lb. VIII s. — in quibus <lb/> castellanus percipit duos solidos in
                libra </item>
              <item> et remanent domino : XXXI libre XVII solidi</item>
            </list></p>
        </div>
        <div xml:id="venditiones">
          <head>venditiones</head>
          <p><lb/> idem reddit conputum <list>
              <item> de III solidis receptis de nucibus et nucleis venditis ut supra </item>
              <item> de IIII solidis VIII denariis de gallinis venditis ut supra </item>
              <item> de IIII libris X solidis receptis de <lb/> quadraginta libris cere venditis ut
                supra</item>
              <item> summa : IIII lb. XVII s. VIII d.</item>
            </list></p>
        </div>
        <div xml:id="bilan_recepte">
          <p><list>
              <item><lb/> summa totius recepte : CC IIII<hi rend="sup">XX</hi> X lb. V s. IIII d.
                ob. vien.</item>
            </list></p>
        </div>
      </div>
      <div xml:id="expense_et_librate">
        <p><list>
            <item> de quibus <lb/> ipse libravit in brachiis chafalli castri chivillandis et parte
              dicti chafalli qui deruerat a parte ecclesie <del rend="overstrike">tre</del>
              torchianda : II solidos IX denarios viennensium </item>
            <item> item pro latis <lb/><add place="leftMargin">et clavino</add> emptis ad opus furni
              : V solidos VIII denarios </item>
            <item> item pro ponte macelli aptando : XVI denarios </item>
            <item> item pro octo postibus emptis ad bancas domus mercati reficiendas et <lb/>
              stipendio charpentariorum ipsas reficientium <del rend="overstrike">XIIII
                solidos</del> et marchonibus positis subtus soleas dicte domus in parte ipsius : XVI
              solidos V denarios viennensium </item>
            <item><lb/> item libravit chacipollo Sancti Martini pro mengellia unius clientis qui
              detinebatur apud Sanctum Martinum et redditus fuit ballivo Matisconensi quando ipse
              reddidit <lb/><foreign>Vituper </foreign>et socios suos : VI solidos </item>
            <item> item in expensis duorum someriorum domini comitis aportantium de roba sua de
              Sancto Anthonio ut castellanus dicit una nocte : <lb/> II solidos II denarios </item>
            <item> item in loquagio unius eque misse apud Sanctum Triverium pro roba domini
              aportanda : XVIII denarios </item>
            <item> item in expensis clientum persequentium Guichardum <foreign>Sala</foreign> et
              socium <lb/> qui offendebant apud Castellionem in treuga et fuerunt eis amputata
              capita : X solidos </item>
            <item> item in expensis domini Guillermi <foreign>d’Espeysi</foreign><note> On écrit <hi
                  rend="italics">despeysi</hi>.</note> et domini Iohannis de Sancto Saturnino <lb/>
              venientium pluries apud Castellionem ad tenendum dies de marchia cum gentibus domini
              Bellijoci et domini de Vilars : XXXII solidos </item>
            <item> item Martino de Laya misso <lb/> ad quoddam negotium domini in expensis : X
              solidos </item>
            <item> item in expensis Perraudi <foreign>d’Espeysi</foreign>, Peroneti de Byaleya et
              Ramosi nepotis Guillermi <foreign>Cadout</foreign> quos dictus castellanus <lb/> fecit
              venire pro pignorando dominum Sancti Triverii die iovis et die veneris post octabas
              purificationis beate Marie pro eo quod tenebat bestias hominum castellanie et <lb/>
              nolebat eas reddere et postmodum fuerunt recredita pignora dicti domini Sancti
              Triverii de mandato domini : XV solidos </item>
            <item> item pro pondere bladi faciendo de novo <lb/> et assedendo et conplendo ex toto :
              LXX solidos </item>
            <item> item in expensis unius somerii domini remanentis apud Castellionem die lune post
              decollationem beati Iohannis quia infirmabatur et pro ipso <lb/> ducendo post apud
              Cusiriacum : III solidos </item>
            <item> item in stipendiis diversorum nuntiorum missorum pro negotiis domini ad diversa
              loca : XXV solidos II denarios </item>
            <item> item in expensis dicti Lamisa et unius equi <lb/> domini quem custodiebat apud
              Castellionem primis tribus diebus madii ut per litteram domini : IIII solidos </item>
            <item> idem in stipendiis collectorum leyde per dictum tempus : XL solidis </item>
            <item> item in stipendiis Andree <lb/> de Molendino et Guillermi de <foreign>Clarzens
              </foreign>recipientium exitum ponderis bladi et bladum ponderantium : XL solidos pro
              uno anno finiendo in festo beati Bartholomei</item>
            <item><lb/> summa : XIIII lb. V s. vien. XIIII lb. V s. <note>XIIII lb. V s.] <hi
                  rend="italics">ajouté dans la marge gauche par une autre main</hi></note></item>
          </list></p>
        <div xml:id="librata">
          <head>librata</head>
          <p><list>
              <item><lb/> idem libravit in septies centum quinquaginta septem bennis calcis emptis
                per dictum tempus ad opus clausure ville Castellionis in qua claudenda dominus <lb/>
                debet administrare calcem ut per litteras dicti domini comitis de mandato et
                litteram domini Guillermi de Septimo quas dictus castellanus retinuit : XXXV libras </item>
              <item><lb/> item pro dicta calce aportanda de Toysiaco ubi empta fuit : XLI solidos II
                denarios </item>
              <item> item libravit<note> Ce verbe a été écrit à la place d’un mot précédemment
                  effacé, et la ligne ni la phrase n’ont été achevées.</note></item>
              <item><lb/> item libravit ad expensas domini per manum Andree de Voyrone per litteram
                domini comitis datam die veneris post epiphaniam Domini anno octogesimo
                  septimo<note> Le vendredi 9 janvier 1288 (nouveau style).</note> : X libras VII
                solidos </item>
              <item><lb/> item libravit ad expensas domini comitis factas apud Castellionem per
                litteram eius datam die martis post festum beati Martini <add place="interlinear"
                  >hyemalis</add> anno octogesimo octavo : VII libras X solidos III denarios </item>
              <item><lb/> item libravit ad expensas dicti domini per manum domini Petri de Yenna per
                litteram domini datam in crastino beati Andree anno octogesimo octavo : C solidos
                VIII denarios </item>
              <item><lb/> item libravit eidem domino comiti ad expensas suas apud Castellionem per
                litteram eius datam die sabbati post festum beati Bartholomei anno octogesimo octavo
                : LX solidos IX denarios </item>
              <item><lb/> item libravit eidem domino comiti per manum Stephani de Sancto Raneberto
                per litteram domini datam die mercurii post festum apostolorum Philipi et Iacobi
                anno octogesimo nono : IIII<hi rend="sup">XX</hi>XIIII libras IIII solidos VII
                denarios </item>
              <item><lb/> item libravit dicto domino comiti per manum dicti Stephani tam in expensis
                quam denariis per litteram domini datam die sabbati post penthecosten anno
                octogesimo nono : LI libras viennensium </item>
              <item><lb/> item eidem domino comiti in t<unclear>ra</unclear>cta expensarum suarum
                per manum dicti Stephani per litteram domini datam sabbato ante festum beati
                Iohannis anno octogesimo nono : XXXII libras XVII solidos XI denarios </item>
              <item><lb/> item libravit Petro de Monte Meliano clerico <del rend="overstrike">pro
                  expe</del> per litteram domini de mandato datam die lune post festum beate Marie
                Magdalene anno octogesimo octavo : XX libras </item>
              <item><lb/> item libravit Stephano de Sancto Raneberto pro expensis suis eundo pro
                sigillando <sic>litteris</sic> pacis per litteram Durandi de Fago et Rosseti clerici
                et litteram domini de mandato <lb/> datam in crastino <sic>pache</sic> anno
                octogesimo octavo : VI libras </item>
              <item><lb/> item libravit domine comitisse per litteram eius datam die mercurii post
                tres edomadas pasche anno Domini M<hi rend="sup">o</hi> CC<hi rend="sup">o</hi>
                octogesimo octavo : X libras </item>
              <item><lb/> item eidem domine in sexviginti ulnis tele emptis et sibi traditis per
                litteram eius de mandato et litteram magistri Iohannis de Maurienna de recepta <lb/>
                datam die veneris post octabas pache anno octogesimo nono : IIII libras XI solidos </item>
              <item><lb/> item libravit Aymoni de Sancto Triverio pro debito domini per litteram
                eius de mandato datam die veneris post octabas purificationis beate Marie anno
                  LXXX<hi rend="sup">o</hi> octavo<note> Le vendredi 11 février 1289 (nouveau
                  style).</note> et per litteram eius <lb/> de recepta videlicet pro remanentia
                cuiusdam computi sui et pro expensis domini Nicholay de <foreign>Billens</foreign> :
                XXXII libras XII solidos VII denarios </item>
              <item><lb/> item libravit domino Stephano de <foreign>Bulleu</foreign> cui dominus
                tenebatur ex dono suo per litteram debiti et litteram de mandato datam in festo
                beati Vincentii anno LXXX<hi rend="sup">o</hi> VII<hi rend="sup">o</hi><note> Le
                  jeudi 22 janvier 1288 (nouveau style).</note> : XX libras viennensium <milestone
                  n="01" unit="vue"/><pb n="1"/><lb/></item>
              <item> idem libravit domine comitisse in expensis Iocerande domicelle sue infirmantis
                apud Castellionem per litteram domine datam in quindena penthecostis <add
                  place="interlinear">anno octogesimo nono</add> : VIII libras IX solidos III
                denarios </item>
              <item><lb/> idem libravit in expensis Zaquarie de Cabannis, Othonini et Hunberti
                falconeriorum domini et Petri falconerii habentium secum octo falcones et duos <lb/>
                leporarios pro tresdecim diebus in principio quadragesime per litteram dicti Petri
                datam die iovis in carniprivium anno octogesimo octavo<note> Le jeudi 24 février
                  1289 (nouveau style).</note> : X libras II solidos VI denarios </item>
              <item><lb/> item libravit in expensis dictorum falconeriorum apud Castellionem pro
                septem diebus per litteram dicti Petri datam die iovis ante ramos palmarum anno
                octogesimo septimo<note> Le jeudi 18 mars 1288 (nouveau style).</note> : IIII libras
                XII denarios </item>
              <item><lb/> item libravit eidem Petro pro querendo falcones domini perditos apud
                  <foreign>Franchelens</foreign> et apud Bellijocum et pro eundo apud Montem
                Melianum ut <lb/> per duo paria litterarum ipsius data mense aprilis anno octogesimo
                  octavo<note> Le manque de précision de la datation est ici particulièrement
                  fâcheux. Dans le style de Pâques, l’année 1288 commence le dimanche 28 mars 1288
                  (nouveau style) et ne s’achève que le 9 avril 1289 (nouveau style). Les neuf
                  premiers jours d’avril y sont donc comptés deux fois : 1er au 9 avril 1288
                  (nouveau style) et 1er au 9 avril 1289 (nouveau style). Comme l’énumération des
                  versements dont bénéficient les fauconniers du comte ne semblent pas suivre un
                  ordre chronologique très rigoureux, le millésime exact reste donc un peu
                  incertain.</note> : XX solidos </item>
              <item><lb/> item libravit Stephano de Sancto Ragneberto per manum relicte Machardi que
                eos debebat de laudibus per confessionem dicti Stephani sabbato ante festum <lb/>
                beati Iohannis anno octogesimo nono : XX solidos </item>
              <item><lb/> item libravit domino Hunberto de Luyreu eunti obviam domino Othoni de
                Grandisono apud Lugdunum per litteram domini de mandato et <lb/> litteram eius de
                recepta datam die veneris post penthecosten anno octogesimo nono : LII solidos VIII
                denarios </item>
              <item><lb/> item libravit in expensis domini Guillermi de Septimo et secum existentium
                pro examinando <sic>marchiis</sic> per litteram eius datam die iovis post <lb/>
                penthecosten anno octogesimo nono : XXXIIII solidos V denarios </item>
              <item><lb/> item restituit sibi quia locati sunt superius in recepta et non
                recuperantur ut in particulis in dorso presentis rotuli : XXI solidos VI denarios
                obolo <lb/><add place="leftMargin">III<hi rend="sup">C</hi> LXIIII lb. VII s. IX d.
                    ob.<note>Somme intermédiaire</note></add></item>
              <item> item libravit sibi ipsi que sibi debentur de remanentia computi sui precedentis
                ut patet in ipso : LXVI libras XVI denarios </item>
              <item><lb/> item libravit sibi ipsi pro salario suo ab epiphanya Domini anno
                octogesimo septimo usque ad idem festum anno sequenti et ex tunc usque <lb/> ad
                dominicam post festum apostolorum Petri et Pauli anno octogesimo nono videlicet pro
                uno anno integro viginti quinque edomadis <lb/> quatuor diebus : XL libras </item>
              <item><lb/> item libravit ad expensas hospitii domini per manum Stephani de Sancto
                Reneberto ut per litteram eius datam die lune post festum beati Iohannis anno <lb/>
                octogesimo nono : VI libras III solidos viennensium </item>
              <item> item in expensis domini Hugonis de Chandeya militis apud Chasteillionem ubi
                venerat pro die recollecta cum domino de Vilars pro negotiis <del rend="overstrike"
                  >domini</del> gentium <lb/> domini in vigilia beati Iohannis baptiste : XII
                solidos VI denarios </item>
              <item> item expensas ridale et garcionis Hunberti de Chastellione et equi sui
                infirmantis <lb/> apud Chasteillionem ut per litteram Stephani de Sancto Reneberto
                datam die <del rend="overstrike">Ioh</del> iovis post octabas beati Iohannis anno
                octogesimo IX<hi rend="sup">o </hi>: XVI solidos VIII denarios </item>
              <item><lb/> item in domo mercati aptanda et fossatis aptandis in locis ubi fuerant
                fracta pro piscando : V solidos IX denarios </item>
              <item> item expensas Petri clerici et <lb/> Iacobi de Secusia recipientium presentem
                computum <del rend="overstrike">XX solidos</del> : XXIIII solidos VIII denarios </item>
              <item> item expensas Stephani de Sancto Paulo infante paupere quem <lb/> tenuit de
                mandato domini per triginta dies per litteram domini de mandato quam dicit se habere
                castellanus : V solidos</item>
              <item><lb/> summa librate : IIII<hi rend="sup">C</hi> LXXIX lb. XVI s. VIII d.
                ob.</item>
            </list></p>
        </div>
        <div xml:id="bilan_expense_et_librate">
          <p><list>
              <item><lb/> summa <sic>tottalis</sic> expense et librate : IIII<hi rend="sup">C</hi>
                  IIII<hi rend="sup">XX</hi> XIIII lb. XX d. ob. vien.</item>
            </list></p>
        </div>
      </div>
      <div xml:id="bilan_compte">
        <p><list>
            <item><lb/> et sic debetur dicto castellano : CC III lb. XVI s. IIII d. vien. </item>
            <item> de quibus <lb/> deducuntur VIII denarii viennensium recepti a tenentibus mansum
              de <foreign>La Beczola</foreign> de redditu pro dicto manso <del rend="overstrike">hoc
                anno</del> per annum qui non sunt in extenta et reducti <lb/> sunt ad manum domini
              ex eo quod dominus Colinus de <foreign>Basinens</foreign> qui eos tenebat in feudum a
              domino non fecit feudum debitum </item>
            <item> de XVI denariis receptis <lb/> ab eisdem pro duobus annis precedentibus </item>
            <item> de XVI solidis VIII denariis receptis de leyda et venditione in duobus foris de
              quibus non fuerat superius <lb/> computatum </item>
            <item> de XIIII libris VII solidis VIII denariis receptis de exitu nundinarum que
              fuerunt in festo beati Iohannis anno octogesimo nono </item>
            <item> de II solidis V denariis <lb/> receptis de locagio stalis unius arche in domo
              mercati de qua non computaverat superius </item>
            <item> de locagio quarumdam archarum que sunt in dicta domo <lb/> a quibus nichil habuit
              debet computare castellanus sequens </item>
            <item> de III solidis I denario receptis de Peroneto de <foreign>La Venoyri</foreign>
              pro laudibus tertie partis molendini empte de Laurentio de Molendino </item>
            <item> summa huius deducti : XV lb. XI s. X d. vien. </item>
            <item><lb/> et sic debetur dicto castellano de claro : C IIII<hi rend="sup">XX</hi> VIII
              lb. IIII s. VI d vien. </item>
            <item> quibus <sic>aduntur</sic><lb/> XXV solidi viennensium pro mingaillia equi domini
              Guillermi <foreign>d’Espeyssi</foreign></item>
            <item><lb/> item XXVII solidi VI denarii pro roba data </item>
            <item><lb/> et sic debetur eidem : IX<hi rend="sup">XX</hi> X lb. XVII s. vien. </item>
            <item> de quibus habuit litteram domini <lb/> comitis quod sibi solvat de
                <sic>exitubus</sic> Sancti Triverii <lb/> petit sibi allocari XXV solidos
              viennensium pro mingaillia equi domini Guillermi <foreign>d’Espeyssi</foreign></item>
            <item><add resp="autreMain">item de consecatione bladorum</add></item>
            <item><lb/> item XXVIII solidos VI denarios pro roba data aucupi Pontis Vallium <del
                rend="overstrike">pro</del> de mandato domini </item>
            <item><lb/><supplied>item pro</supplied> mingaillis Vituper et sociorum : C solidos
              parisiensium</item>
          </list></p>
      </div>
    </body>
  </text>
</TEI>
