<?xml version="1.0" encoding="UTF-8"?>
<?xml-model href="http://www.tei-c.org/release/xml/tei/custom/schema/relaxng/tei_all.rng" schematypens="http://relaxng.org/ns/structure/1.0"?>
<TEI xmlns:math="http://www.w3.org/1998/Math/MathML" xmlns="http://www.tei-c.org/ns/1.0"
  xmlns:xi="http://www.w3.org/2001/XInclude" xmlns:svg="http://www.w3.org/2000/svg" xml:id="B7561_1">
  <teiHeader>
    <fileDesc>
      <titleStmt>
        <title>Compte de Pierre d’Estrés, receveur, pour la châtellenie de Châtillon-sur-Chalaronne,
          du dimanche 1er mai 1300 au jeudi 13 avril 1301 <date type="debut" from-iso="13000501"
            cert="high"/><date type="fin" from-iso="13010413" cert="high"/></title>
        <respStmt>
          <persName><name xml:lang="fra">Pierre d'Estrés</name><name xml:lang="lat">Petrus
              d’Estres</name></persName>
          <resp>Châtelain</resp>
        </respStmt>
      </titleStmt>
      <publicationStmt>
        <p>Alain Kersuzan et Frédéric Chartrain, avec la collaboration de Nils Mantilleri et Jean-Michel Poisson, 
          <title>Compte de Pierre d’Estrés, receveur, pour la châtellenie de Châtillon-sur-Chalaronne,
            du dimanche 1er mai 1300 au jeudi 13 avril 1301</title>,
          Lyon - Chambéry, 2010 (<title>Documents comptables des Etats de Savoie, XIIIe - XVe s.</title>)</p>
      </publicationStmt>
      <seriesStmt>
        <title>Châtillon-sur-Chalaronne</title>
      </seriesStmt>
      <sourceDesc>
        <p>Information about the source</p>
      </sourceDesc>
    </fileDesc>
  </teiHeader>
  <text>
    <body>
      <milestone n="2" unit="vue"/>
      <pb n="1"/>
      <div xml:id="prologue">
        <p><lb/><sic>Cumputus</sic> Petri Destres olim receptoris reddituum castellanie
            <lb/><sic>Castillionis</sic> de Challarona a prima die mensis maii <sic>currentibus
            annis</sic> Domini M<hi rend="sup">o</hi> CCC<hi rend="sup">o</hi> usque ad diem iovis
          decimam <lb/> tertiam diem mensis aprilis anno Domini M<hi rend="sup">o</hi> CCC<hi
            rend="sup">o</hi> primo receptus apud Chamberiacum per Petrum Francisci presente domino
          comite <note>Note au dos de la peau 1: <hi rend="italics"><lb/>Petri Destre <lb/>
              Chatillon /1298 – 1300 – 1301</hi>, écriture moderne (XVIIe siècle ?).</note></p>
      </div>
      <div xml:id="recepte">
        <div xml:id="frumentum">
          <head>frumentum</head>
          <p><lb/> idem reddit cumputum <list>
              <item>de XXII asinatis frumenti receptis de remanentia cumputi sui precedentis
                reddituum predictorum </item>
              <lb/>
              <item> summa : XXII asinate frumenti</item>
            </list></p>
        </div>
        <div xml:id="siligo">
          <head>siligo</head>
          <p><lb/> idem reddit cumputum <list>
              <item>de IIII<hi rend="sup">XX</hi> XIIII asinatis cum I bicheto siliginis receptis de
                remanentia sui cumputi supradicti </item>
              <lb/>
              <item> summa : IIII<hi rend="sup">XX</hi> XIIII asinate I bichetus siliginis </item>
              <item> de quibus <lb/> idem libravit in stipendiis Guillermeti Panaterii quadrigarii
                ducentis unam quadrigam domini pro lapidibus carronibus et arena <lb/> adportandis
                ad castrum a prima die mensis maii usque<note> Il y a devant ce mot, dans
                  l’interligne supérieur, un signe # que l’on retrouve devant <hi rend="italics"
                    >currentibus</hi>. Il indique qu’il faut rétablir l’ordre logique de la phrase :
                    <hi rend="italics">a prima die mensis maii currentibus annis Domini Mo CCC<hi
                      rend="sup">o</hi> usque ad triginta novem septimanas continue
                    subsequentes</hi>.</note> ad triginta novem septimanas continue subsequentes
                currentibus <lb/> annis Domini M<hi rend="sup">o</hi> CCC<hi rend="sup">o</hi> et
                  <sic>alloquantur</sic> sibi pro ipso quadrigario unus bichetus siliginis pro
                qualibet septimana : IIII asinatas VII bichetos </item>
              <lb/>
              <item> libravit eidem quadrigario pro messe sua : I asinatam </item>
              <item> libravit Hugoni alii quadrigario ducenti unam quadrigam <lb/> ad idem pro
                viginti quatuor septimanis inceptis dicta prima die maii anno M<hi rend="sup">o</hi>
                  CCC<hi rend="sup">o</hi> et alloquatur sibi pro ipso quadrigario <lb/> unus
                bichetus pro qualibet septimana : III asinatas </item>
              <item> libravit eidem quadrigario pro messe sua : I asinatam </item>
              <lb/>
              <item> summa librate : IX asinate VII bicheti </item>
              <item> et sic <lb/> debet IIII<hi rend="sup">XX</hi> IIII <sic>asianatas</sic> II
                bichetos</item>
            </list></p>
        </div>
        <div xml:id="avena">
          <head>avena</head>
          <p><lb/> idem reddit cumputum <list>
              <item> de IX asinatis V ras et dimidio receptis de remanentia sui cumputi precedentis </item>
              <item> de quibus <lb/> idem libravit in expensis roncini dicte quadrige quam ducebat
                dictus Guillermus pro quadraginta duabus septimanis <lb/> quinque diebus et
                alloquantur sibi pro quolibet sera dimidius rasus avene : IX asinatas V ras et
                dimidium </item>
              <lb/>
              <item> summa librate : IX asinate V ras et dimidius </item>
              <item> et sic eque de avena</item>
            </list></p>
        </div>
        <div xml:id="galline">
          <head>galline</head>
          <p><lb/>idem reddit cumputum <list>
              <item>de XXVIII gallinis receptis de remanentia sui cumputi precedentis </item>
              <lb/>
              <item> summa : XXVIII galline </item>
              <item> venduntur ut infra</item>
            </list></p>
        </div>
        <div xml:id="cera">
          <head>cera</head>
          <p><lb/> idem reddit cumputum <list>
              <item>de LXIIII libris cere receptis de remanentia sui cumputi precedentis </item>
              <lb/>
              <item> summa : LXIIII libre cere </item>
              <item> de quibus <lb/> idem libravit ad expensas hospitii domini per manum Iohannis de
                Baynolio scutiferi prefati domini comitis ut per litteram dicti Iohannis de recepta
                <lb/> datam die martis post festum assumptionis beate Marie anno M<hi rend="sup"
                  >o</hi> CCC<hi rend="sup">o</hi> quam reddit : LIX libras </item>
              <item> et sic debet : V libras </item>
              <item> venduntur ut infra</item>
            </list></p>
        </div>
        <div xml:id="venditiones">
          <head>venditiones</head>
          <p><lb/> idem reddit cumputum <list>
              <item> de XXVIII libris XI solidis VI denariis receptis de viginti duabus asinatis
                frumenti venditis ut supra pro tanto qualibet <lb/> asinata viginti octo solidos
                deductis <sic>vinginti</sic> quatuor solidis sex denariis pro septem bichetis datis
                pro ambostis dictarum <lb/> vinginti duarum asinatarum frumenti </item>
              <item> de IIII<hi rend="sup">XX</hi> VIII libris XVIII solidis VI denariis receptis de
                quaterviginti quatuor asinatis et duobus <lb/> bichetis siliginis venditis ut supra
                pro tanto qualibet asinata vinginti duos solidos deductis septuaginta septem solidis
                pro viginti <lb/> octo bichetis siliginis datis pro ambostis sive
                  <sic>coponegiis</sic> dictarum quaterviginti quatuor asinatarum siliginis </item>
              <item> de X solidis VI denariis <lb/> receptis de viginti octo gallinis venditis ut
                supra pro tanto qualibet gallina quatuor denarios et obolum </item>
              <item> de XII solidis VI denariis receptis de quinque <lb/> libris cere venditis ut
                supra pro tanto qualibet libra duos solidos sex denarios </item>
              <lb/>
              <item> summa : C XVIII lb. XIII s. vien. </item>
            </list></p>
        </div>
        <div xml:id="bilan_recepte">
          <p><lb/><list>
              <item> summa totius recepte : C XVIII lb. XIII s. vien.</item>
            </list></p>
        </div>
      </div>
      <div xml:id="expense_et_librate">
        <p><list>
            <item> de quibus <lb/> idem libravit in stipendiis Mayneti carronerii de taschia
              carronum sibi data videlicet pro duabus fornacibus quarum quelibet continet <lb/>
              vinginti quatuor miliaria carronum et dantur sibi pro quolibet miliari sex solidi :
              XIIII libras VIII solidos </item>
            <item> idem libravit <lb/> in lignis emptis et <sic>cindendis</sic> in nemore et minutim
                <del rend="overstrike">sc</del> iterum cindendis ante dictas fornaces pro carronibus
              decoquendis : <lb/> XVIII libras VI solidos VI denarios </item>
            <item> in perticis emptis ad faciendum est<unclear>ach</unclear>ias ad murandum in
              castro : X solidos </item>
            <item> in quatuor <lb/> quarratis feni emptis ad expensas duarum bestiarum ad quadrigam
              a prima die maii anno M<hi rend="sup">o</hi> CCC<hi rend="sup">o</hi> usque ad festum
              natalis Domini <lb/> eodem anno : LXV solidos </item>
            <item> idem libravit Micheleto lathomo<note> On avait écrit <hi rend="italics"
                  >latomo</hi>, et le <hi rend="italics">h</hi> est un ajout abusif.</note> de
                taschia<note> Ici encore, on a cru bon de corriger <hi rend="italics">tachia</hi> en
                  <hi rend="italics">taschia</hi>.</note> murorum castri sibi data per ipsum et
              <lb/> dantur sibi pro qualibet teysa septem pedum et dimidium muri continentis quatuor
              pedes in grosso sex solidi : XIII libras <lb/> XII solidos </item>
            <item> in quadrigis aptandis collaribus et cordis et aliis rebus emptis ad idem et ipsis
              quadrigis ungendis : <lb/> XXX solidos II denarios </item>
            <item> in expensis plurium bubulcorum ducentium trescentos currus et dantur pro curru
              cum sex bobus <lb/> tres denarii pro pane cum quatuor duo denariis qui adduxerunt
              calcem de Toysiey versus Castellionem et ligna ad <lb/>fornaces predictas : LVI
              solidos VII denarios </item>
            <item> in bestiis dictarum quadrigarum ferrandis et ipsis quadrigis videlicet
                assidibus<note> Ici encore, la transformation, par ajout dans l’interligne
                supérieur, du mot <hi rend="italics">assibus</hi> en <hi rend="italics"
                  >assidibus</hi> – pour autant que cette lecture puisse être certaine – paraît
                abusive, et témoigne, semble-t-il, d’une incompréhension entre le scribe et son
                correcteur : le second a remplacé par des « ais », ou planches, les « essieux » dont
                traitait le premier. </note> dictarum <lb/> quadrigarum similiter ferrandis per
              quinquaginta septimanas inceptas prima die maii anno millesimo CCC<hi rend="sup"
                >o</hi> : LIII solidos VII denarios </item>
            <lb/>
            <item> in expensis factis ad diruendum<note> On avait écrit <hi rend="italics"
                  >adiruendum</hi>. Cette fois, la correction, également par ajout dans l’interligne
                supérieur, est pleinement justifiée.</note> quemdam chafallum situm in castro quia
              debebat ibi fieri murus ubi erat dictus chafallus : X solidos </item>
            <lb/>
            <item> in uno cindro facto pro hostio turris castri : II solidos VI denarios </item>
            <item> in viginti hominibus qui fecerunt piaysones turris <lb/> et alterius muri ibi
              contigui capiente quolibet duodecim denarios et uno ex ipsis sex denarios : XIX
              solidos VI denarios </item>
            <lb/>
            <item> in postibus emptis pro cindris faciendis : VIII solidos </item>
            <item> in sexties viginti quindecim bennis calcis empte ad idem : <lb/> VIII libras
              XVIII solidos </item>
            <item> in expensis factis ad diruendum quemdam murum veterem situm in castro : XIII
              solidos VII denarios </item>
            <lb/>
            <item> in expensis factis in apportando aquam in castrum in operibus dicti castri : VIII
              solidos </item>
            <item> in extrahendo arenam ad idem <lb/> opus viginti quinque hominibus : XX solidos X
              denarios </item>
            <item> in mayeria empta pro edificio furni ville Castellionis preparando : <lb/> VII
              solidos </item>
            <item> idem libravit dictis Guillermeto et Hugoneto quadrigariis pro salario ipsorum
              videlicet dicti Guillermeti de <lb/> uno anno integro et dicti Hugonis de dimidio anno
              et dabantur cuilibet decem solidi in anno pro calciamentis et <lb/> vestimentis : XV
              solidos </item>
            <item> idem libravit sibi ipsi de quibus qui sibi <sic>destrahuntur</sic> de viginti
              novem libris de quibus <lb/> pro chascipoleria<note> On avait d’abord écrit <hi
                  rend="italics">cascipoleria</hi>.</note> cumputaverat in cumputo precedenti ut per
              litteram domini de mandato datam die sabbati ante festum beati Michaelis <lb/> anno
                M<hi rend="sup">o</hi> CCC<hi rend="sup">o</hi> quam sibi retinuit pro aliis in
              dicta littera contentis : XX solidos </item>
            <lb/>
            <item> idem libravit sibi ipsi que sibi debebantur de remanentia sui cumputi precedentis
              : LV libras VI solidos II denarios </item>
            <lb/>
            <item> summa expense et librate : VI<hi rend="sup">XX</hi> VII lb. X s. V d.</item>
          </list></p>
      </div>
      <div xml:id="bilan">
        <p><list>
            <item> de quibus <lb/> deducuntur pro quindecim mayteriis siliginis de quibus
                <sic>obmiserat</sic> cumputare in cumputo precedenti quas recepit de redditu feudi
              <lb/> domini Guigonis de Sura redacti ad manum domini : IIII libre II solidi VI
              denarii </item>
            <item> item deducuntur quos recepit de fusta <lb/> chafalli <sic>quam</sic> dirui
              fecerat vendita pro tanto Jocerando de Bullieri : C solidos </item>
            <item> item deducuntur quos recepit <lb/> de corio unius mule vendito pro tanto : X
              solidos </item>
            <lb/>
            <item> summa deducti : IX lb. XII s. VI d. </item>
            <item> et sic <lb/> debet XV solidos I denarium viennensium</item>
          </list></p>
      </div>
    </body>
  </text>
</TEI>
