<?xml version="1.0" encoding="UTF-8"?>
<?xml-model href="http://www.tei-c.org/release/xml/tei/custom/schema/relaxng/tei_all.rng" schematypens="http://relaxng.org/ns/structure/1.0"?>
<TEI xmlns:math="http://www.w3.org/1998/Math/MathML" xmlns="http://www.tei-c.org/ns/1.0"
  xmlns:xi="http://www.w3.org/2001/XInclude" xmlns:svg="http://www.w3.org/2000/svg" xml:id="B9155_2">
  <teiHeader>
    <fileDesc>
      <titleStmt>
        <title>Compte de Guêpe de Varax (Guespa de Varas), châtelain, pour la châtellenie de
          Pont-de-Vaux, jeudi 1<hi rend="sup">er</hi> janvier 1288 (nouveau style) au dimanche 25
          avril 1288 <date type="debut" from-iso="12880101" cert="high"/><date type="fin"
            from-iso="12880425" cert="high"/></title>
        <respStmt>
          <persName><name xml:lang="fra">Guêpe de Varax</name><name xml:lang="lat">Guespa de
              Varas</name></persName>
          <resp>Châtelain</resp>
        </respStmt>
      </titleStmt>
      <publicationStmt>
        <p>Alain Kersuzan et Frédéric Chartrain, avec la collaboration de Nils Mantilleri, Jean-Michel Poisson et Marianne Ronot, 
          <title>Compte de Guêpe de Varax (<hi rend="italics">Guespa de Varas</hi>), châtelain, pour la châtellenie de
            Pont-de-Vaux, jeudi 1er janvier 1288 (nouveau style) au dimanche 25
            avril 1288</title>,
          Lyon - Chambéry, 2011 (<title>Documents comptables des Etats de Savoie, XIIIe - XVe s.</title>)</p>
      </publicationStmt>
      <seriesStmt>
        <title>Pont-de-Vaux</title>
      </seriesStmt>
      <sourceDesc>
        <p>Information about the source</p>
      </sourceDesc>
    </fileDesc>
  </teiHeader>
  <text>
    <body>
      <milestone n="2" unit="vue"/>
      <pb n="1"/>
      <div xml:id="prologue">
        <p><lb/>item computus dicte Guespe de Varas castellani Pontis Vallium a circumcisione Domini
          anno Eiusdem <lb/> millesimo CC<hi rend="sup">o</hi> octogesimo septimo finiendo millesimo
          in paschate usque ad dominicam post festum beati Georgii anno sequenti videlicet <lb/> pro
          XVI edomadis et duobus diebus </p>
      </div>
      <div xml:id="recepte">
        <div xml:id="frumentum">
          <head>frumentum</head>
          <p><lb/> idem reddit computum <list>
              <item> de V meiteriis III cupis dimidia frumenti ad mensuram Baugiaci receptis a se
                ipso de remanentia computi sui precedentis </item>
              <item> de <lb/> exitu sexte partis quam percipit dominus in molendino de Marceseys de
                empto ab Hugonino de Gorrevout nichil in frumento per <lb/> dictum tempus </item>
              <item> de <sic>copunagio</sic> nichil quia accensatur ad denarios ut infra </item>
              <lb/>
              <item> summa : V meiteria III cupe dimidia — venduntur ut infra </item>
            </list></p>
        </div>
        <div xml:id="siligo">
          <head>siligo</head>
          <p><lb/> idem reddit computum <list>
              <item> de XLIIII meiteriis IIII cupis siliginis receptis a se ipso de remanentia
                computi sui precedentis </item>
              <item> de III cupis receptis <sic>de <lb/> de</sic> exitu sexte partis molendini de
                Marceseys ratione qua supra in frumento </item>
              <item> de copunagio nichil ut supra in frumento </item>
              <item> summa : XLV meiteria I cupa siliginis </item>
              <item> de quibus in venditione <del rend="overstrike">ut infra</del><lb/> ut infra
                XXXIII meiteria I cupa </item>
              <item> et sic debet XII meiteria </item>
            </list></p>
        </div>
        <div xml:id="avena">
          <head>avena</head>
          <p><lb/><list>
              <item> idem reddit computum de XXXI meiteriis dimidio avene receptis a se ipso de
                remanentia computi sui precedentis </item>
              <item> de quibus <lb/> libravit ad expensas equorum domini comitis per manum Andree de
                Voyrone ut per litteras ipsius domini comitis datas in octabis epiphanye Domini
                <lb/> anno octogesimo VII<hi rend="sup">o</hi> : IX meiteria </item>
              <item> et sic debet XXII meiteria dimidium avene — venduntur ut infra </item>
            </list></p>
        </div>
        <div xml:id="denarii">
          <head>denarii</head>
          <p><lb/> idem reddit computum <list>
              <item>de VII libris VI solidis parisiensium receptis in octabis paschatis de teysis in
                villa Pontis Vallium per annum </item>
              <item> de IIII solidis VI denariis <lb/> receptis de firma trium bancarum macelli
                debita in octabis paschatis annuatim videlicet de qualibet banca decem octo denarios </item>
              <item> de <lb/> quindecim solidis qui debentur de medietate firme furni pro parte
                domini non computat quia non debentur usque ad festum <lb/> beati Christofori et
                tunc debet de ipsis computare castellanus qui erit post istum </item>
              <item> de VIII solidis receptis de exitu minuti pedagii <lb/> per dictum tempus </item>
              <item> de grosso pedagio nichil </item>
              <item> de II solidis receptis de exitu cridagii et exegagii per dictum tempus </item>
              <item> de XXXIII solidis IIII denariis <lb/> receptis in octabis paschatis de Renaudo
                Corbet de firma exitu gagiamentorum seu pignorationum Pontis Vallium </item>
              <item><add place="endOfPar">de firma leyde <lb/> et copunagii a nativitate Domini
                  citra debet respondere Hugo Grassi</add></item>
              <item> summa : IX lb. XIII s. X d. par. </item>
            </list></p>
        </div>
        <div xml:id="laudes_et_vende">
          <head>laudes et vende</head>
          <p><lb/><list>
              <item> idem reddit computum de XXXVI solidis III obolis parisiensium receptis de
                laudibus et venditionibus per dictum tempus ut<note> On avait d’abord écrit <hi
                    rend="italics">in</hi> une première fois, et le mot est raturé.</note> in
                particulis presentis computi in <sic>dorsso</sic><note> Voir vue 11 :<milestone
                    unit="vue" n="11"/><p rend="head"><lb/> particule laudum et venditionum secundi
                    computi Guespe de <foreign>Varas</foreign> castellani Pontis Vallium
                    </p><p><lb/> idem reddit computum <list>
                      <item> de VIII denariis parisiensium receptis de Bernardo de Quercu pro
                        laudibus unius pecie terre sibi vendite a dicto
                          <lb/><foreign>Catin</foreign> pretio octo solidorum </item>
                      <item> de XII solidis receptis de Bernardo de Foresta pro laudibus unius domus
                          <del rend="overstrike">em[pte]</del> que quondam fuit <lb/> Catine empte
                        pretio quatuor librarum parisiensium </item>
                      <item> de XVIII solidis VIII denariis receptis de Matheo de Montibus pro
                        laudibus domus empte <lb/> a Lusco a <foreign>La Vize</foreign> de Ponte
                        pretio sex librarum </item>
                      <item> de III solidis receptis de donna Berthouda pro laudibus plastri empti a
                        Bernardo <lb/><foreign>Perrin</foreign> pretio viginti solidorum </item>
                      <item> de XVI denariis receptis de Hugone filio Guillermi de
                          <foreign>Cesoz</foreign> pro laudibus plastri empti a dicta <foreign>La
                          <lb/> Crota</foreign> pretio quinque solidorum quatuor denariorum </item>
                      <item> de XIII denariis obolo receptis de quodam homine de ultra Sagonam pro
                        laudibus plastri <lb/> empti de Hugone Grasso pretio octo solidorum
                        parisiensium </item>
                      <lb/>
                      <item> summa : XXXVI solidi III oboli par.</item>
                    </list></p></note></item>
              <lb/>
              <item> summa eadem </item>
            </list></p>
        </div>
        <div xml:id="banna">
          <head>banna</head>
          <p><lb/><list>
              <item> idem reddit computum de C X solidis VIII denariis parisiensium receptis de
                bannis et clamis per dictum tempus ut in particulis in dorsso presentis <lb/>
                  computi<note> Voir vue 11 :<milestone unit="vue" n="11"/><p rend="head"><lb/>
                    particule bannorum</p><p><lb/> idem reddit computum <list>
                      <item> de VI solidis parisiensium receptis de <foreign>Popon</foreign> de
                        Raiscusa pro banno ex eo quod ad requisitionem nuncii <lb/> castellani
                        noluit fideiubere de stando iuri </item>
                      <item> de XVI solidis VIII denariis receptis de Peroneto
                          <foreign>Burdin</foreign> de concordia facta <lb/> de eo quod accusabatur
                        de furto quodam facto in domo dicti <foreign>Vargne</foreign> de Cabannis </item>
                      <item> de VIII solidis receptis de <lb/><del rend="overstrike">Peroneto
                            <foreign>Burdin</foreign></del> de dicto<hi rend="italics"
                          /><foreign>Bateillart</foreign> ex eo quod iniuriatus fuit <foreign>Le
                          Laceor</foreign> de Salmoiaco </item>
                      <item> de XIII solidis IIII denariis de <lb/> Perreto de Cortestrillo pro
                        fractura cuiusdam saisine </item>
                      <item> de XXVI solidis VIII denariis receptis de uxore Daeti Iudei ex eo <lb/>
                        quod accusabatur cepisse in domo testoris quedam mantilia sine consensu
                        illius cuius erant</item>
                    </list></p><p rend="head"><lb/>clame</p><p><lb/><list>
                      <item> de VI solidis VIII denariis receptis de Guillermo
                          <foreign>Valer</foreign> pro diversis clamis </item>
                      <item> de II solidis VIII denariis receptis de Guioneto
                          <foreign>Borser</foreign> pro clamis </item>
                      <lb/>
                      <item> de II solidis receptis de uxore <foreign>Rater</foreign> pro eodem </item>
                      <item> de II solidis VIII denariis receptis de Peroneto
                          <foreign>Busser</foreign> pro eodem </item>
                      <item> de II solidis receptis de uxore <foreign>Lanbequin</foreign> pro eodem </item>
                      <lb/>
                      <item> de II solidis VIII denariis receptis de Stephano
                          <foreign>Oreiliart</foreign> pro eodem </item>
                      <item> de XVI denariis receptis de Valeto de <foreign>Tornant</foreign> pro
                        eodem </item>
                      <lb/>
                      <item> de II solidis receptis de Renout pro eodem </item>
                      <item> de XX denariis receptis de liberis Vicari de Ponte Vallium pro eodem </item>
                      <item> de II solidis receptis de Stephano <foreign>Maillet</foreign><lb/> pro
                        eodem </item>
                      <item> de II solidis receptis de Martino <foreign>Perey</foreign> pro eodem </item>
                      <item> de III solidis receptis de Bernardo <foreign>Baruz</foreign> et filio
                        Guidonis Borserii pro eodem </item>
                      <lb/>
                      <item> de II solidis receptis de Iohanne <foreign>Bardet</foreign> pro eodem </item>
                      <item> de XVI denariis receptis de Poncio <foreign>Durestal</foreign> pro
                        eodem </item>
                      <item> de II solidis receptis de Bernardo <foreign>Girard</foreign><lb/> de
                        Albigniaco pro eodem </item>
                      <item> de II solidis receptis de Andrea <foreign>Vaner</foreign> pro eodem </item>
                      <item> de II solidis receptis de Peroneto <foreign>del Bez</foreign> de
                          <foreign>Tornant</foreign> pro eodem </item>
                      <item><lb/> summa bannorum et clamarum : C X s. VIII d. par.</item>
                    </list></p></note> — in quibus castellanus percipit per conventionem sibi factam
                duos solidos in qualibet libra </item>
              <item> et remanent domino comiti IIII libre XIX solidi VIII denarii
                parisiensium</item>
            </list></p>
        </div>
        <div xml:id="venditiones">
          <head>venditiones</head>
          <p><lb/> idem reddit computum <list>
              <item> de XIII solidis parisiensium receptis de quinque meiteriis tribus cupis de
                frumenti venditis ut supra </item>
              <item> de XLIIII solidis <lb/> receptis de triginta tribus meiteriis una cupa
                siliginis venditis ut supra </item>
              <item> de XXXV solidis VII denariis receptis de viginti duobus meiteriis dimidio <lb/>
                avene venditis ut supra </item>
              <item> summa : IIII lb. XII s. VII d. par.</item>
            </list></p>
        </div>
        <div xml:id="bilan_recepte">
          <p><lb/><list>
              <item> summa totius recepte : XXI lb. II s. II d. ob. par. — valent <lb/> ad
                viennenses XXXI libras XIII solidos III denarios viennensium </item>
              <item> quibus <sic>aduntur</sic> LIII libre IX solidi IX denarii viennensium recepti
                <lb/> a se ipso de remanentia computi sui precedentis</item>
              <item> sic est summa totalis recepte : IIII<hi rend="sup">XX</hi> V lb. III s.
                vien.</item>
            </list></p>
        </div>
      </div>
      <div xml:id="expense_et_librate">
        <p><list>
            <item> de quibus <lb/> libravit per manum Andree de Voyrone clerici ad expensas domini
              comitis Sabaudie ut per litteras dicti domini comitis <lb/> datam in octabis epiphanye
              Domini anno octogesimo septimo : VIII libras XV solidos VIII denarios viennensium </item>
            <lb/>
            <item> item libravit sibi ipsi pro salario suo de sexdecim edomadis duobus diebus
              supradictis : VII libras</item>
          </list></p>
        <div xml:id="bilan_expense_et_librate">
          <p><lb/><list>
              <item> summa librate : XV lb. XV s. VIII d. vien.</item>
            </list></p>
        </div>
      </div>
      <div xml:id="bilan">
        <p><list>
            <lb/>
            <item> et sic debet dictus Guespa domino comiti LXIX libras VII solidos IIII denarios
              viennensium</item>
          </list></p>
      </div>
    </body>
  </text>
</TEI>
