<?xml version="1.0" encoding="UTF-8"?>
<?oxygen RNGSchema="http://www.tei-c.org/release/xml/tei/custom/schema/relaxng/tei_all.rng" type="xml"?>
<TEI xmlns="http://www.tei-c.org/ns/1.0" xml:id="B9155_7">
    <teiHeader>
        <fileDesc>
            <titleStmt>
                <title>Compte de Guigonet de Saint-Germain (<hi rend="itlics">Guigonetus de Sancto
                    Germano</hi>), châtelain, pour la châtellenie de Pont-de-Vaux, du jeudi 1er
                    mai 1292 au vendredi 1er mai 1293 / lundi 13 avril 1293 pour les casuels <date
                        type="debut" from-iso="12920501" cert="high"/><date type="fin"
                        from-iso="12930501" cert="high"/></title>
                <respStmt>
                    <persName><name xml:lang="fra">Guigues / Guigonet de Saint-Germain</name><name
                            xml:lang="lat">Guigonetus de Sancto Jermano</name></persName>
                    <resp>Châtelain</resp>
                </respStmt>
            </titleStmt>
            <publicationStmt>
                <p>Alain Kersuzan et Frédéric Chartrain, avec la collaboration de Nils Mantilleri, Jean-Michel Poisson et Marianne Ronot, 
                    <title>Compte de Guigonet de Saint-Germain (<hi rend="itlics">Guigonetus de Sancto
                        Germano</hi>), châtelain, pour la châtellenie de Pont-de-Vaux, du jeudi 1er
                        mai 1292 au vendredi 1er mai 1293 / lundi 13 avril 1293 pour les casuels</title>,
                    Lyon - Chambéry, 2011 (<title>Documents comptables des Etats de Savoie, XIIIe - XVe s.</title>)</p>
            </publicationStmt>
            <seriesStmt>
                <title>Pont-de-Vaux</title>
            </seriesStmt>
            <sourceDesc>
                <p>Information about the source</p>
            </sourceDesc>
        </fileDesc>
    </teiHeader>
    <text>
        <body>
            <milestone n="8" unit="vue"/>
            <pb n="7"/>
            <div xml:id="prologue">
                <p><lb/><note> Ce compte est numéroté <hi rend="italics">I</hi> en tête.</note>
                    Computus Guigoneti de Sancto Germano castellani Pontis Vallium a prima die maii
                    anno Domini M<hi rend="sup">o</hi> CC<hi rend="sup"
                        >o</hi><lb/><sic>nonogesimo</sic> secundo usque ad <sic>eandem</sic> diem
                    anno revoluto nonogesimo tertio videlicet de uno anno integro preterquam de
                        bannis<note type="césure"><hi rend="italics">ban<lb/>nis</hi></note><lb/> et
                    escheytis de quibus non computat nisi usque ad diem lune XIII diem aprilis
                    intrantis receptus per Stephanum de Sancto <lb/> Ragneberto apud Chambariacum
                    presente domino comite </p>
            </div>
            <div xml:id="recepte">
                <div xml:id="frumentum">
                    <head>frumentum<note> On trouve un signe de paragraphe en tête de chacune des
                            rubriques.</note></head>
                    <p><lb/> idem reddit computum <list>
                            <item> de exitu molendini de <foreign>Marceseys</foreign> in quo dominus
                                percipit sextam partem non computat ratione <lb/> qua in computo
                                precedenti </item>
                            <item> de exitu coponagii Pontis Vallium nichil in frumento hoc anno
                                quia adcensatum est ad <lb/> denarios<note type="césure"><hi
                                        rend="italics">de<lb/>narios</hi></note> cum minuto pedagio
                                cridagio et leyda et similibus ut infra in computo denariorum et
                                finietur dicta censa XV<hi rend="sup">a</hi> die <lb/> maii anno
                                nonogesimo tertio </item>
                            <item> de II meyteriis frumenti receptis de Martino mugnerio de exitu
                                molendini empti olim <lb/> de Guidone <foreign>d’Espinoux<note> On a
                                        écrit <hi rend="italics">despinoux</hi>.</note></foreign> a
                                prima die maii anno nonogesimo secundo usque ad receptionem huius
                                computi et ita parum respondet<note type="césure"><hi rend="italics"
                                        >respon<lb/>det</hi></note><lb/> quia fuit dilaniatum cum
                                alio molendino quod est ibi destructum </item>
                            <item> de manso <foreign>Chalvet</foreign> non computat quia illi <lb/>
                                de <foreign>Trembley</foreign> qui illum tenere solent et dabant
                                inde duo meyteria et dimidium frumenti ad mensuram Baugiaci
                                    <sic>reccesserunt</sic> nec <lb/> fuit excultus sed datur
                                excolendus quibusdam hominibus de Baugiaco per Petrum clericum ita
                                quod inde debet dictus castellanus <lb/> in suo primo computo
                                respondere </item>
                            <item> de II meyteriis receptis de terragio mansi Hugoneti de
                                    <foreign>Fromentauz</foreign> redacti ad <lb/> manum<note
                                    type="césure"><hi rend="italics">ma<lb/>num</hi></note> domini
                                hoc anno </item>
                            <item> de coponagio quem capitur apud Sanctum Benignum in nundinis beati
                                Christofori non computat quia adcensatum est cum <lb/> alio
                                coponagio </item>
                            <item> summa : IIII meyteria frumenti — de quibus respondet in computo
                                suo de <foreign>Chevrous</foreign></item>
                        </list></p>
                </div>
                <div xml:id="siligo">
                    <head>siligo</head>
                    <p><list>
                            <item><lb/> de exitu molendini de <foreign>Marceseys</foreign> in quo
                                capit dominus sextam partem non computat ratione qua supra in
                                frumento </item>
                            <item> de exitu coponagii <lb/> non computat quia adcensatur ad denarios
                                ut supra in frumento </item>
                            <item> de X meyteriis receptis de hominibus de vico Albigniaci de
                                redditu per annum </item>
                            <item><lb/> de IIII meyteriis receptis in villa Sancti Benigni de
                                prepositura per annum </item>
                            <item> de XVIII meyteriis receptis apud Boscum pro eodem </item>
                            <item> de IX meyteriis <lb/> receptis ibidem de chacipoleria per annum </item>
                            <item> de IIII meyteriis receptis de Guillermo de Belevro pro manso
                                    <foreign>al Chapotaz</foreign> de redditu per annum </item>
                            <item><lb/> de duobus meyteriis et dimidio que debebant illi de
                                    <foreign>Trembley</foreign> pro manso <foreign>Chalvet</foreign>
                                non computat ratione qua supra in frumento sed
                                    <sic>admodo</sic><note> Lire <hi rend="italics"
                                    >admodum</hi>.</note><lb/> ut supra de dicto manso respondebit </item>
                            <item> de II meyteriis receptis de Martino mugnerio de exitu unius
                                molendinorum emptorum <lb/> olim de Guidone
                                    <foreign>d’Espinous</foreign> a prima die maii anno nonogesimo
                                secundo usque ad receptionem presentis computi et ita parum
                                    respondet<note type="césure"><hi rend="italics"
                                        >respon<lb/>det</hi></note><lb/> ratione qua supra in
                                frumento </item>
                            <item> de exitu mansi Hugonis de <foreign>Fromentauz</foreign> nichil in
                                siligine </item>
                            <item> summa : XLVII meyteria siliginis — de quibus respondet in computo
                                de <foreign>Chevrous</foreign></item>
                        </list></p>
                </div>
                <div xml:id="avena">
                    <head>avena</head>
                    <p><lb/> idem reddit computum <list>
                            <item> de XXVII meyteriis avene receptis de gardis in castellania Pontis
                                Vallium hoc anno ut in particulis extente </item>
                            <item><lb/> de manso <foreign>Chalvet</foreign> sito apud
                                    <foreign>Boyssey</foreign> quod tenere solent illi de<foreign>
                                    Trembley</foreign> non computat ratione qua supra in siligine et
                                frumento </item>
                            <item> de II meyteriis <lb/> et dimidio receptis de terrragio mansi
                                Hugonis de <foreign>Fromentauz</foreign> quod est ad manum domini ut
                                supra in frumento </item>
                            <item> de coponagio nichil <lb/> computat quia adcensatum est ad
                                denarios ut supra in siligine et frumento </item>
                            <item><lb/> summa : XXIX meyteria et dimidium avene — de quibus
                                respondet in computo de <foreign>Chevrous</foreign></item>
                        </list></p>
                </div>
                <div xml:id="panes">
                    <head>panes</head>
                    <p><list>
                            <item><lb/> idem reddit computum de IIII panibus receptis de hominibus
                                de Albigniaco de redditu per annum — venduntur ut infra </item>
                        </list></p>
                </div>
                <div xml:id="cera">
                    <head>cera</head>
                    <p><list>
                            <item><lb/> idem reddit computum de XXVII libris cere receptis de gardis
                                per annum ut in computis precedentibus et extenta — de quibus
                                respondet in computo de <foreign>Chevrous</foreign></item>
                        </list></p>
                </div>
                <div xml:id="galline">
                    <head>galline</head>
                    <p><list>
                            <item><lb/> idem reddit computum de CIII gallinis receptis in
                                castellania de hominibus domini apud vicum Albigniaci ubi levatur
                                una gallina in quolibet <lb/> foco et apud Boscum et apud Sanctum
                                Benignum ubi levantur due galline in quolibet foco </item>
                            <item><lb/> summa : CIII galline — de quibus respondet in computo suo de
                                    <foreign>Chevrous</foreign></item>
                        </list></p>
                </div>
                <div xml:id="carrelli">
                    <head>carelli</head>
                    <p><lb/> idem reddit computum <list>
                            <item> de C carellis ferri ad balistas receptis de heredibus Guillermi
                                Fabri de redditu per annum pro porteria porte <lb/> deversus
                                Cusiriacum </item>
                            <item> de C <sic>carrellis</sic> receptis ab Hugoneto Corbeti pro
                                porteria porte deversus Baugiacum hoc anno </item>
                            <item> de VI<hi rend="sup">C</hi><lb/> carellis receptis de remanentia
                                computi sui precedentis </item>
                            <item> summa recepte cum arreragio : VIII<hi rend="sup">C</hi> carelli —
                                et remanent </item>
                        </list></p>
                </div>
                <div xml:id="fenum">
                    <head>fenum</head>
                    <p><lb/> idem reddit computum <list>
                            <item> de I carrata feni recepta de exitu prati de
                                    <foreign>Planeteuz</foreign> pro iure quod habet in eo dominus
                                pro empto de heredibus Hugonis de <lb/><foreign>Viriset</foreign> et
                                de uxore dicti <lb/><foreign>Tochart</foreign> et de uxore Iohannis
                                    <foreign>Poysat</foreign></item>
                            <item> de I carrata recepta de exitu pratorum mansi illorum <foreign>del
                                    Trembley</foreign><lb/> dicti <foreign>Chalvet</foreign> et nunc
                                datus est excolendus dictus mansus ut supra in frumento </item>
                            <item> summa : II carrate feni — de quibus respondet in computo de
                                    <foreign>Chevrous </foreign></item>
                        </list></p>
                </div>
                <div xml:id="denarii">
                    <head>denarii</head>
                    <p><lb/> idem reddit computum <list>
                            <item> de XXVII solidis III denariis <add place="intelinear"
                                    >parisiensium</add> receptis in dicta castellania de redditu per
                                annum </item>
                            <item> de quinque solidis quos debebat Hugo de
                                    <foreign>Fromentauz</foreign><lb/> et de sexdecim solidis quos
                                debebant illi <foreign>del Trembley</foreign> pro manso
                                    <foreign>Chalvet</foreign> non computat quia dimiserunt dictum
                                mansum ut <lb/> supra in frumento sed modo datus est excolendus ut
                                supra </item>
                            <item> de IIII solidis VI denariis receptis de tribus banchis macelli de
                                redditu per annum et dantur <lb/> pro qualibet bancha decem octo
                                denarios </item>
                            <item> de porcis <sic>ocisis</sic> in macello de quorum quolibet capitur
                                obolus non computat quia adcensatum est cum leyda<note type="césure"
                                        ><hi rend="italics">ley<lb/>da</hi></note><lb/> ut infra </item>
                            <item> de VI libris XIIII solidis receptis de teysis in villa Pontis
                                Vallium que levantur in octabis paschatis singulis annis pro anno
                                <lb/> nonogesimo<note type="césure"><hi rend="italics"
                                        >no<lb/>nogesimo</hi></note> tertio </item>
                            <item> de VIII solidis VIII denariis receptis de firma forestagii et
                                dominii ripparie de <foreign>Marceseys</foreign> finita in paschate
                                anno <lb/> nonogesimo<note type="césure"><hi rend="italics"
                                        >nono<lb/>gesimo</hi></note> tertio et levatur forestagium
                                in nativitate Domini anno quolibet </item>
                            <item> de VI libris XIII solidis IIII denariis receptis de firma furni
                                Pontis Vallium <lb/> finienda prima die maii anno nonogesimo tertio </item>
                            <item> de XX solidis receptis de medietate firme fornagii hominum
                                existentium extra portam <lb/> finienda prima die maii anno
                                nonogesimo tertio </item>
                            <item> de XX solidis receptis de medietate firme fornagii hominum
                                existentium extra portam <lb/> Pontis Vallium qua itur versus
                                Cusiriacum finita in festo beati Luce evvangeliste anno nonogesimo
                                secundo et de alia medietate <lb/> computavit in computo precedenti </item>
                            <item> de XX solidis receptis de medietate eiusdem firme finiende in
                                festo beati Luce predicto anno nonogesimo tertio et tunc debentur
                                tantumdem </item>
                            <item> de XVI solidis VIII denariis receptis de firma fornagii hominum
                                existentium extra portam a parte Baugiaci finita<note type="césure"
                                        ><hi rend="italics">fini<lb/>ta</hi></note><lb/> prima die
                                martii anno nonogesimo secundo </item>
                            <item> de XIII libris VI solidis VIII denariis receptis de firma minuti
                                et <del rend="overstrike">grossi</del> pedagii leyde <lb/> coponagii
                                et nundinarum Baugiaci sancti Andree cridagii essegagii porcorum
                                occisorum in macello et nundinarum Sancti Benigni <lb/> finienda
                                decima quinta die mensis maii anno nonogesimo tertio </item>
                            <item> de exitu nundinarum et de pedagio Iudeorum <lb/> et de magno
                                pedagio non computat quia continentur in firma supra proximo
                                nominata ut dicit castellanus </item>
                            <item> de pontanagio <lb/> quod levatur in incremento aquarum ad portam
                                de versus Baugiacum non computat quia poni debet ut dicit in itinere
                                elevando <lb/> et aptando a dicta porta usque ad pontem </item>
                            <item> de IIII libris receptis de talliis apud Sanctum Benignum in
                                festis beati Bartholomei et sancti <lb/> Andree<note type="césure"
                                        ><hi rend="italics">An<lb/>dree</hi></note> hoc anno </item>
                            <item> de XVIII libris receptis de talliis apud Boscum in supradictis
                                festis beati Bartholomei et sancti Andree hoc anno </item>
                            <item> de <lb/> censa Iudeorum non computat quia solvunt per
                                compositionem factam cum domino </item>
                            <item> de XIII solidis IIII denariis receptis de exitu minuti bosci
                                scisi in <lb/> nemore de poypia hoc anno </item>
                            <item> de censa corsinorum non computat quia solverunt domino ut dicit </item>
                            <item> summa : LIIII lb. IIII s. V d. par. </item>
                        </list></p>
                </div>
                <div xml:id="complainte">
                    <head>[complaincte]</head>
                    <p><list>
                            <item><lb/> de complainctis non computat quia non fuerunt facte hoc anno
                            </item>
                        </list></p>
                </div>
                <div xml:id="inventa">
                    <head>[inventa]</head>
                    <p><list>
                            <item> de inventis nichil hoc anno </item>
                        </list></p>
                </div>
                <div xml:id="garde">
                    <head>garde</head>
                    <p><list>
                            <item><lb/> idem reddit computum de V solidis VIII denariis parisiensium
                                receptis de gardis per annum ut in particulis extente </item>
                            <item><lb/> summa eadem : V s. VIII d. par. </item>
                        </list></p>
                </div>
                <div xml:id="introgia">
                    <head>introgia</head>
                    <p><list>
                            <item><lb/> de introgiis nichil hoc anno </item>
                        </list></p>
                </div>
                <div xml:id="laudes_et_vende">
                    <head>laudes et vende</head>
                    <p><lb/> idem reddit computum <list>
                            <item> de II solidis parisiensium receptis de Comite <foreign>del
                                    Truchal</foreign> pro laudibus et vendis tertie partis domus
                                vendite magistro <lb/><foreign>Cudurer</foreign> pretio tresdecim
                                solidorum quatuor denariorum parisiensium </item>
                            <item> de XL solidis receptis de Humberto Grandis Veretri pro domo quam
                                emit a Iohanne Berthoudi pretio quatuordecim librarum parisiensium </item>
                            <item> de VI solidis receptis a Jaqueta <foreign>La Bollieta</foreign>
                                pro domo empta ab uxore Guillermi de <lb/> Foresta pretio
                                quadraginta solidorum </item>
                            <item> de X solidis parisiensium receptis a monacho de Monz pro domo
                                empta a fratre suo pretio sexaginta <milestone n="9" unit="vue"/><pb
                                    n="8"/><lb/> sex solidorum octo denariorum </item>
                            <item> de XIIII solidis parisiensium receptis ab Hugone Corbeti pro domo
                                empta a dicto Scutifero pretio quatuor librarum tresdecim solidorum
                                <lb/> et quatuor denariorum </item>
                            <item> de XII denariis receptis de Iohanne <foreign>del Chagno</foreign>
                                pro pecia terre empta pro medietate laudum et venditionum a fratre
                                suo vel sorore pretio <lb/> duodecim<note type="césure"><hi
                                        rend="italics">duo<lb/>decim</hi></note> solidorum </item>
                            <item> de XIII solidis IIII denariis receptis a Grasso Budello pro prato
                                empto a Iohanne de <foreign>Faol</foreign> pretio quinquaginta trium
                                solidorum et quatuor <lb/> denariorum </item>
                            <item> de XII denariis receptis ab Evrardo de Curtile Martini pro peda
                                empta a Iohanne Carrel pretio sex librarum octo denariorum </item>
                            <item><lb/> summa : IIII lb. IX s. IIII d. par. </item>
                        </list></p>
                </div>
                <div xml:id="banna">
                    <head>banna</head>
                    <p><lb/> idem reddit computum <list>
                            <item> de LXXIII solidis IIII denariis parisiensium receptis de uxore
                                Stephani <foreign>Bolen</foreign> pro banno quia furata fuit quoddam
                                <lb/> linteamen<note type="césure"><hi rend="italics"
                                        >linte<lb/>amen</hi></note></item>
                            <item> de XX solidis parisiensium receptis de uxore Collie quia vidit
                                nec revelavit </item>
                            <item> de VI solidis VIII denariis receptis de filio Iohannis Palmerii
                                <lb/> quia cepit in nemore de <foreign>Marceseys</foreign> ligna
                                aliena </item>
                            <item> de XX solidis receptis de hospitalario Pontis Vallium quia
                                percussit <lb/><sic>quendam</sic> ribaldum de
                                    <unclear>Vern[io]</unclear> in tybia </item>
                            <item> de X solidis receptis de dicto <foreign>Gueyner</foreign> quia
                                percussit socrum suam de pugno<note type="césure"><hi rend="italics"
                                        >pug<lb/>no</hi></note></item>
                            <item> de XIII solidis IIII denariis receptis de
                                    <foreign>Derria</foreign> de Sancto Benigno quia percusserat
                                quandam mulierem </item>
                            <item> de LXXIII solidis IIII denariis receptis <lb/> de minutis clamis
                                trium solidorum et inferius obvenientium per dictum tempus ut in
                                particulis </item>
                            <item><lb/> summa : X lb. VI s. VIII d. par. — deductis decem solidis
                                pro parte castellani capientis <lb/> duodecim<note type="césure"><hi
                                        rend="italics">duo<lb/>decim</hi></note> denarios in libra
                            </item>
                        </list></p>
                </div>
                <div xml:id="venditiones">
                    <head>venditiones</head>
                    <p><lb/> idem reddit computum <list>
                            <item> de III solidis IIII denariis parisiensium receptis de quatuor
                                panibus venditis ut supra pro tanto </item>
                            <item><lb/> summa eadem : III s. IIII d. par. </item>
                        </list></p>
                </div>
                <div xml:id="bilan_recepte">
                    <p><list>
                            <item><lb/> summa totius recepte : LXIX lb. IX s. V d. par. </item>
                        </list></p>
                </div>
            </div>
            <div xml:id="expense_et_librate">
                <p><list>
                        <item> de quibus <lb/> in piesonibus et curatis muri cortinarum poypie
                            faciendis de duodecim navatis lapidum que erant ibi et sunt ibi facte
                            <lb/> iuxta poypiam pro medietate vel circa et in stipendiis Bochardi
                            lathomi et duorum sociorum suorum qui fecerunt predicta in <lb/>
                                taschiam<note type="césure"><hi rend="italics"
                                >tas<lb/>chiam</hi></note> pro quadraginta solidis viennensium et in
                            stipendiis plurium hominum ibidem operantium et apportantium manuoperam
                            et aptantium<note type="césure"><hi rend="italics"
                                >aptanti<lb/>um</hi></note> : <lb/> IIII libras viennensium </item>
                        <item> in sex viginti meyteriis calcis emptis ad idem et pro chafallo
                            embochiendo et dealbando et dantur <lb/> pro quolibet meyterio novem
                            denarii viennensium, de qua calce remanent circa decem meyteria : IIII
                            libras X solidos viennensium </item>
                        <item> in <sic>harena</sic> ibi <lb/> apportanda : XX solidos viennensium </item>
                        <item> in chafallo poypie plastrando et dealbando et fuit ibi positum de
                            calce predicta : XL solidos </item>
                        <item><lb/> in stipendiis magistri Iohannis carpentarii et Stephani de
                            Molendino carpentarii facientium quandam domum iuxta dictum <lb/>
                                chafallum<note type="césure"><hi rend="italics"
                                >cha<lb/>fallum</hi></note> et fuerunt ibi per decem dies et dantur
                            cuilibet per diem duo solidi viennensium : XL solidos viennensium </item>
                        <item> fusta empta ad idem preter trabes <lb/> captas in nemore domini retro
                            poypiam : XXXV solidos </item>
                        <item> uno miliari latarum empto ad idem : XV solidos </item>
                        <item> tribus miliariis tegularum <lb/> emptis ad idem et ibi positis : LVI
                            solidos </item>
                        <item> clavino ad idem : VI solidos </item>
                        <item> in dicta domo palatanda et torcheanda et induenda <lb/> intus et
                            extra : XXX solidos </item>
                        <item> in mutis trium girfaldorum et duorum falconum domini faciendis
                                <unclear>[vig…bus]</unclear> et fusta emptis ad <lb/> idem : XV
                            solidos </item>
                        <item> in viginti ulnis tele ibi emptis et positis ibidem : XV solidos </item>
                        <item> expensis magistri Iohannis falconerii <lb/> et trium
                                <sic>gilfardorum</sic> et duorum falconum apud Pontem Vallium a
                            festo sancti Laurentii usque ad festum beati Andree subsequens <lb/>
                                videlicet<note type="césure"><hi rend="italics"
                                >vide<lb/>licet</hi></note> per sexdecim septimanas et roncini dicti
                            magistri Iohannis per unum mensem et dicte expense taxate <lb/> fuerunt
                            per diem duos solidos sex denarios viennensium : XIIII libras
                            viennensium </item>
                        <item> item expensis dicti magistri Iohannis, domini Reynaudi<note
                                type="césure"><hi rend="italics">Reynau<lb/>di</hi></note><lb/> de
                            Viriset, Acarie de Chavannes et Humberti fratris sui recedendo de dicto
                            loco et apportando apud <lb/> Costam dictas aves per litteram domini de
                            mandato quam reddit : LX solidos viennensium </item>
                        <item> locagio unius roncine ad opus dicti <lb/> magistri Iohannis per novem
                            dies et dabantur sibi per diem <del rend="overstrike">no</del> duodecim
                            denarii : IX solidos viennensium </item>
                        <item> in stipendiis nuntiorum missorum <lb/> per idem tempus pro negotiis
                            domini : X solidos </item>
                        <item> idem libravit Petro clerico de Montemeliano pro operibus <add
                                place="interlinear">domini</add> de Treforcio faciendis<note
                                type="césure"><hi rend="italics">facien<lb/>dis</hi></note><lb/> per
                            litteram dicti Petri de testimonio et recepta datam die iovis post
                            octabas paschatis anno nonogesimo tertio quam reddit : X libras </item>
                        <item><lb/> idem libravit in fusta pro domo Thome scisoris domini carreanda
                            et ducenda apud Lugdunum per Sagonam per <lb/> litteram domine comitisse
                            de mandato et dicti Thome de confessione quas reddit : LX solidos
                            viennensium </item>
                        <item><lb/> idem libravit Guillermerio de Camera familiari domini comitis in
                            quibus idem dominus comes sibi tenebatur <lb/> per litteram dicti domini
                            comitis de mandato datam die dominica post festum decollationis beati
                            Iohannis baptiste anno nonogesimo <lb/> secundo et per confessionem
                            dicti Guillermerii presentis : C solidos viennensium </item>
                        <item><lb/> idem libravit Berteto Reynaudi pro vadiis suis et custodia
                            equarum domini per litteram Petri de Montemeliano de <lb/> mandato datam
                            die iovis post octabas paschatis anno nonogesimo tertio et litteram
                            dicti Berteti de recepta quas reddit : C solidos </item>
                        <item><lb/> idem libravit in stipendiis quatuor hominum cum armis quos misit
                            apud Burgum de mandato domini Petri <lb/> de Castellione ballivi
                            Baugiaci per duo paria litterarum ipsius ballivi quarum una data est
                            dominica qua cantatur <lb/><quote>letare iherusalem</quote> anno
                            nonogesimo secundo et altera eodem anno quas reddit : XLI solidos </item>
                        <item><lb/> idem libravit sibi ipsi pro salario suo de Ponte Vallium et de
                                <foreign>Chevroux</foreign> ab ultima die mensis iunii <lb/> anno
                            nonogesimo secundo usque ad primam diem maii usque ad quam computat
                            videlicet pro undecim mensibus <lb/> et dantur sibi per annum quindecim
                            libre viennensium ex conventione facta cum eo : XIII libras XV solidos </item>
                        <item><lb/> idem libravit in decem carratis feni emptis pro tanto de mandato
                            Petri clerici ad opus equorum et equarum domini <lb/> et remanent : C
                            solidos viennensium </item>
                        <item><lb/> summa expense salarii et librate : IIII<hi rend="sup">XX</hi>
                            III lb. XVII s. vien. </item>
                    </list></p>
            </div>
            <div xml:id="bilan">
                <p><list>
                        <item> et sic computatis duobus parisiensium pro tribus viennensium<note>
                                Lire <hi rend="italics">computatis duobus denariis parisiensium pro
                                    tribus denariis viennensium</hi>. On pourrait être tenté de lire
                                    <hi rend="italics">duobus parisiensibus pro tribus
                                    viennensibus</hi>.</note> debet : XIII libras XI solidos V
                            denarios parisiensium, de quibus respondet in recepta in computo <lb/>
                            suo de <foreign>Chevroux</foreign> et eque in denariis </item>
                        <item><lb/> memorandum quod castellanus dixit quod in septuaginta tribus
                            solidis quatuor denariis computatis pro minutis [clamis ut supra] <lb/>
                            in titulo bannorum includuntur XL solidi parisiensium quos habuit de
                            Petro Bertoudi de Ponte Vallium</item>
                    </list></p>
            </div>
        </body>
    </text>
</TEI>
