<?xml version="1.0" encoding="UTF-8"?>
<?xml-model href="http://www.tei-c.org/release/xml/tei/custom/schema/relaxng/tei_all.rng" schematypens="http://relaxng.org/ns/structure/1.0"?>
<TEI xmlns:math="http://www.w3.org/1998/Math/MathML" xmlns="http://www.tei-c.org/ns/1.0"
    xmlns:xi="http://www.w3.org/2001/XInclude" xmlns:svg="http://www.w3.org/2000/svg"
    xml:id="B9157_5">
    <teiHeader>
        <fileDesc>
            <titleStmt>
                <title>Compte de Guiffrey du Chaney (Guifredus de Channeto), châtelain, pour la châtellenie de
                    Pont-de-Vaux, du mardi 26 avril 1300 au mardi 24 mai 1300 (nouveau style)
                    <date type="debut" from-iso="13000426" cert="high"/><date type="fin"
                        from-iso="13000426" cert="high"/></title>
                <respStmt>
                    <persName><name xml:lang="fra">Guiffrey du Chaney</name><name xml:lang="lat"
                            >Guifredus de Channeto</name></persName>
                    <resp>Châtelain</resp>
                </respStmt>
            </titleStmt>
            <publicationStmt>
                <p>Alain Kersuzan et Frédéric Chartrain, avec la collaboration de Nils Mantilleri, Jean-Michel Poisson et Marianne Ronot, 
                    <title>Compte de Guiffrey du Chaney (<hi rend="italics">Guifredus de Chaneto</hi>), châtelain, pour la châtellenie de
                        Pont-de-Vaux,  du mardi 26 avril 1300 au mardi 24 mai 1300 (nouveau style)</title>,
                    Lyon - Chambéry, 2011 (<title>Documents comptables des Etats de Savoie, XIIIe - XVe s.</title>)</p>
            </publicationStmt>
            <seriesStmt>
                <title>Pont-de-Vaux</title>
            </seriesStmt>
            <sourceDesc>
                <p>Information about the source</p>
            </sourceDesc>
        </fileDesc>
    </teiHeader>
    <text>
        <body>
            <milestone n="10" unit="vue"/>
            <pb n="9"/>
            <div xml:id="prologue">
                <p><lb/>Computus Guifredi de Channeto castellani Pontis Vallium<note> On a écrit <hi
                            rend="italics">pontisvallium</hi>.</note> a die martis in crastino beati
                    Marci evangeliste <lb/> anno Domini M<hi rend="sup">o</hi> CCC<hi rend="sup"
                        >o</hi> usque ad diem martis ante <sic>penthecostem</sic> eodem anno
                    videlicet de uno mense </p>
            </div>
            <div xml:id="recepte">
                <div xml:id="frumentum">
                    <head>frumentum</head>
                    <p><lb/> idem reddit computum <list>
                            <item> de XXIX meiteriis frumenti receptis de remanentia computi sui
                                precedentis </item>
                            <item> de II copis receptis de exitu <lb/> molendini<note type="césure"
                                        ><hi rend="italics">mo<lb/>lendini</hi></note> Pontis
                                Vallium per dictum tempus in frumento </item>
                            <item><lb/> summa : XXIX meiteria II cope frumenti </item>
                        </list></p>
                </div>
                <div xml:id="siligo">
                    <head>siligo</head>
                    <p><lb/> idem reddit computum <list>
                            <item> de CXV meiteriis IIII copis dimidia et quarto unius cupe
                                siliginis receptis de remanentia computi sui <lb/> precedentis </item>
                            <item> de II meiteriis III copis receptis de exitu molendini Pontis
                                Vallium per dictum tempus </item>
                            <item><lb/> summa : C XVIII meiteria I cupa dimidia et quartum unius
                                cupe siliginis </item>
                            <item> de quibus <lb/> in venditione ut infra : XL meiteria </item>
                            <item><lb/> et debet LXXVIII meiteria I cupam dimidiam et quartum unius
                                cupe siliginis </item>
                        </list></p>
                </div>
                <div xml:id="avena">
                    <head>avena</head>
                    <p><lb/> idem reddit computum <list>
                            <item> de XXIIII meiteriis VI cupis avene receptis de remanentia computi
                                sui precedentis </item>
                            <item><lb/> summa : XXIIII meiteria VI cupe avene </item>
                        </list></p>
                </div>
                <div xml:id="carrelli">
                    <head>karrelli</head>
                    <p><lb/> idem reddit computum <list>
                            <item> de VI<hi rend="sup">M</hi> C karrellorum ferri sive flechonibus
                                excepto uno mileari recepto de remanentia computi <lb/> precedentis </item>
                            <item> de quibus <lb/> libravit Petro de Montemeliano ad portandum apud
                                Sanctum Martinum <sic>V<hi rend="sup">C</hi> karrellorum</sic><note>
                                    Sous l’influence de <hi rend="italics">V<hi rend="sup">M</hi>
                                        karrellorum</hi>.</note></item>
                            <item><lb/> et restant V<hi rend="sup">M</hi> VI<hi rend="sup">C</hi>
                                karrellorum </item>
                        </list></p>
                </div>
                <div xml:id="baliste">
                    <head>baliste</head>
                    <p><lb/> idem reddit computum <list>
                            <item> de XXII balistis ligneis receptis de remanentia computi sui
                                precedentis </item>
                            <item> de quibus <lb/> libravit Petro de Montemeliano ad portandum et
                                ponendum apud Sanctum Martinum Castrum : VI balistas </item>
                            <item><lb/> et restant XVI baliste </item>
                        </list></p>
                </div>
                <div xml:id="denarii">
                    <head>denarii</head>
                    <p><lb/> idem reddit computum <list>
                            <item> de X solidis viennensium receptis de Perroneto
                                    <foreign>Gerento</foreign> pro banno unius saisine fracte </item>
                            <item> de XII <lb/> solidis receptis de tribus agnis inventis et
                                venditis pro tanto </item>
                            <item> de XII libris viennensium receptis de quadraginta meiteriis <lb/>
                                siliginis venditis ut supra quolibet sex solidis viennensium </item>
                        </list></p>
                </div>
                <div>
                    <p><list>
                            <item><lb/> pro ferro et stupo molendini<note> Cette mention figure tout
                                    au bas du parchemin.</note></item>
                        </list></p>
                </div>
                <div xml:id="bilan_recepte"/>
            </div>
            <div xml:id="expense_et_librate"/>
            <div xml:id="bilan"/>
        </body>
    </text>
</TEI>
