<?xml version="1.0" encoding="UTF-8"?>
<?oxygen RNGSchema="http://www.tei-c.org/release/xml/tei/custom/schema/relaxng/tei_all.rng" type="xml"?>
<TEI xmlns="http://www.tei-c.org/ns/1.0" xml:id="B9155_6">
    <teiHeader>
        <fileDesc>
            <titleStmt>
                <title>Compte de Guigonet de Saint-Germain (<hi rend="itlics">Guigonetus de Sancto
                        Germano</hi>), châtelain, pour la châtellenie de Pont-de-Vaux, du jeudi 1er
                    mars 1291 (nouveau style) au jeudi 1er mai 1292 <date type="debut"
                        from-iso="12910301" cert="high"/><date type="fin" from-iso="12920501"
                        cert="high"/></title>
                <respStmt>
                    <persName><name xml:lang="fra">Guigues / Guigonet de Saint-Germain</name><name
                            xml:lang="lat">Guigonetus de Sancto Jermano</name></persName>
                    <resp>Châtelain</resp>
                </respStmt>
            </titleStmt>
            <publicationStmt>
                <p>Alain Kersuzan et Frédéric Chartrain, avec la collaboration de Nils Mantilleri, Jean-Michel Poisson et Marianne Ronot, 
                    <title>Compte de Guigonet de Saint-Germain (<hi rend="itlics">Guigonetus de Sancto
                        Germano</hi>), châtelain, pour la châtellenie de Pont-de-Vaux, du jeudi 1er
                        mars 1291 (nouveau style) au jeudi 1er mai 1292</title>,
                    Lyon - Chambéry, 2011 (<title>Documents comptables des Etats de Savoie, XIIIe - XVe s.</title>)</p>
            </publicationStmt>
            <seriesStmt>
                <title>Pont-de-Vaux</title>
            </seriesStmt>
            <sourceDesc>
                <p>Information about the source</p>
            </sourceDesc>
        </fileDesc>
    </teiHeader>
    <text>
        <body>
            <milestone n="7" unit="vue"/>
            <pb n="6"/>
            <div xml:id="prologue">
                <p><lb/><note> Ce compte est numéroté <hi rend="italics">II</hi> en
                        tête.</note><sic>Cumputus</sic> Guigoneti de Sancto Germano castellani<note>
                        On avait d’abord écrit <hi rend="italics">castellano</hi>, mais cette fois
                        la terminaison a été corrigée.</note> Pontis Vallium a prima die martii anno
                    Domini M<hi rend="sup">o</hi> CC<hi rend="sup">o</hi> nonagesimo <lb/> usque ad
                        <sic>eandem</sic> diem anno nonagesimo primo et ab inde usque ad primam diem
                    maii anno Domini M<hi rend="sup">o</hi> CC<hi rend="sup">o</hi> nonagesimo
                    secundo <lb/> videlicet de uno anno integro et duobus mensibus </p>
            </div>
            <div xml:id="recepte">
                <div xml:id="frumentum">
                    <head>frumentum<note> On trouve un signe de paragraphe en tête de chacune des
                            rubriques.</note></head>
                    <p><list>
                            <item><lb/> de exitu molendini de <foreign>Marceseys</foreign> non
                                computat in quo dominus percipit sextam partem quia exitus pro parte
                                domini traditus est Iohanni <foreign>Chanel</foreign><lb/> pro
                                factura dicti molendini donec solutus sit de dicta factura, dictus
                                autem Iohannes de exitu debet respondere et in solutionem sibi
                                compensare : <lb/> hoc factum fuit per Petrum clericum ut dicit
                                castellanus </item>
                            <item> de exitu coponagii Pontis Vallium nichil in frumento hoc anno
                                quia <sic>ascensatum</sic> est <lb/> ad denarios <sic>cu</sic><note>
                                    Lire <hi rend="italics">cum</hi>.</note> minuto pedagio cridagio
                                et leyda et similibus ut infra in cumputo denariorum et
                                    finietur<note> On avait d’abord écrit <hi rend="italics"
                                        >finitur</hi> et la correction est fléchée.</note> dicta
                                censa decima quinta die <lb/> maii </item>
                            <item> de X meiteriis frumenti receptis de magistro Bernardo carpentario
                                de firma molendinorum que empta fuerunt de Guidone de
                                    <foreign>Espinoux</foreign><lb/> finita in nativitate Domini
                                anno nonagesimo primo </item>
                            <item> de exitu dictorum molendinorum a fine<note> On a écrit <hi
                                        rend="italics">afine</hi>.</note> dicte cense usque ad diem
                                huius cumputi nichil <lb/> cumputat quia molendina destructa sunt </item>
                            <item> de manso <foreign>Chalvet</foreign> quod tenere solent illi
                                    <foreign>del Trembley</foreign> et dabant duos meiteria et
                                dimidium <lb/> frumenti ad mensuram Baugiaci non cumputat quia
                                tenementarii dimiserunt nec aliquid in eo excrevit quia non fuit
                                cultus ut dicit </item>
                            <item><lb/> de II meiteriis receptis de terragio mansi Hugoneti de
                                    <foreign>Fromentauz</foreign> redacti ad manum domini </item>
                            <item> de coponagio quod capitur apud Sanctum Benignum <lb/> in nundinis
                                beati Christofori non cumputat quia ascensatum est cum alio
                                coponagio </item>
                            <item><lb/> summa recepte : XII meiteria frumenti — de quibus<note> On
                                    écrit toujours <hi rend="italics">dequibus</hi>.</note>
                                respondet in cumputo suo de <foreign>Chivroux</foreign></item>
                        </list></p>
                </div>
                <div xml:id="siligo">
                    <head>siligo</head>
                    <p><list>
                            <item><lb/> de exitu molendini de <foreign>Marceseys</foreign> in quo
                                capit dominus sextam partem non cumputat ratione qua supra in
                                frumento </item>
                            <item> de exitu coponagii <lb/> non cumputat quia ascensatur ad denarios
                                ut supra in frumento </item>
                            <item> de X meiteriis receptis de hominibus de vico Albigniaci de
                                redditu per annum </item>
                            <item> de IIII meiteriis <lb/> receptis in villa Sancti Benigni de
                                prepositura per annum </item>
                            <item> de XVIII meiteriis receptis apud Boscum pro eodem </item>
                            <item> de IX meiteriis receptis ibidem de <sic>cacipoleria</sic> per
                                annum </item>
                            <item><lb/> de IIII meiteriis receptis de Guillermo de Belevro pro manso
                                    <foreign>al Chapotaz</foreign> de redditu per annum </item>
                            <item> de duobus meiteriis et dimidio que debebant illi <foreign>del
                                    Trembley</foreign><lb/> pro manso <foreign>Chalvet</foreign> non
                                cumputat ratione qua supra in frumento </item>
                            <item> de XX<note> On avait probablement écrit d’abord <hi
                                        rend="italics">X</hi>.</note> meiteriis receptis de firma
                                molendinorum emptorum de Guidone de
                                <foreign>L’Espinos</foreign><lb/> data magistro Bernardo carpentario
                                finita in nativitate Domini anno nonagesimo primo </item>
                            <item> de exitu dictorum molendinorum non cumputat a fine dicte <lb/>
                                firme usque nunc quia destructa sunt ut supra </item>
                            <item> de exitu mansi Hugonis de <foreign>Fromentaux</foreign> nichil in
                                siligine </item>
                            <item> summa recepte : LXV meiteria siliginis — de quibus respondet in
                                cumputo de <foreign>Chivroux</foreign></item>
                        </list></p>
                </div>
                <div xml:id="avena">
                    <head>avena</head>
                    <p><lb/> idem reddit cumputum <list>
                            <item> de XXVII meiteriis avene receptis de gardis in castellania Pontis
                                Vallium hoc anno ut in particulis extente </item>
                            <item> de manso <foreign>Chalvet</foreign><lb/> sito apud
                                    <foreign>Boysey</foreign> quod tenere solent illi <foreign>del
                                    Trembley</foreign> non cumputat ratione qua supra in siligine </item>
                            <item> de II meiteriis et dimidio receptis de terragio<note> Le mot est
                                    clairement écrit dans le compte suivant.</note><lb/> mansi
                                Hugonis de <foreign>Fromentauz</foreign> quod est ad manum domini ut
                                supra in frumento </item>
                            <item> de coponagio nichil cumputat quia ascensatum est ad denarios ut
                                supra in frumento et siligine </item>
                            <item><lb/> summa recepte : XXIX meiteria et dimidium avene — de quibus
                                respondet in cumputo suo de <foreign>Chivroux</foreign></item>
                        </list></p>
                </div>
                <div xml:id="panes">
                    <head>panes</head>
                    <p><list>
                            <item><lb/> idem reddit cumputum de IIII panibus receptis de hominibus
                                de Albigniaco de redditu per annum — venduntur ut infra </item>
                        </list></p>
                </div>
                <div xml:id="cera">
                    <head>cera</head>
                    <p><lb/> idem reddit cumputum <list>
                            <item> de XXVII libris cere receptis de gardis per annum ut in cumputo
                                precedenti detracta una libra cere pro Iohanne
                                    <foreign>Palmer</foreign> quia burgensis <lb/> ville Pontis
                                Vallium effectus est </item>
                            <item> summa recepte : XXVII libre cere — de quibus respondet in cumputo
                                suo de <foreign>Chivroux</foreign></item>
                        </list></p>
                </div>
                <div xml:id="galline">
                    <head>galline</head>
                    <p><list>
                            <item><lb/> idem reddit cumputum de CIII gallinis receptis in
                                castellania de hominibus domini apud vicum Albigniaci ubi levatur
                                una gallina in quolibet foco et apud Boscum et <lb/> apud Sanctum
                                Benignum ubi levantur due galline in quolibet foco </item>
                            <item><lb/> summa recepte : CIII galline — de quibus respondet in
                                cumputo suo de <foreign>Chivroux </foreign></item>
                        </list></p>
                </div>
                <div xml:id="carrelli">
                    <head>carelli</head>
                    <p><lb/> idem reddit cumputum <list>
                            <item> de C carellis ferri ad balistam receptis de heredibus Guillermi
                                Fabri de redditu per annum pro porteria porte deversus Cusiriacum </item>
                            <item> de centum <lb/> carellis quos debet porterius porte deversus
                                Baugiacum non cumputat quia non possunt recuperari ab eo propter
                                paupertatem eius </item>
                            <item> de V<hi rend="sup">C</hi><sic>carrellis</sic> receptis de
                                remanentia <lb/> cumputi sui precedentis </item>
                            <item> summa recepte cum arreragio : VI<hi rend="sup">C</hi> carelli —
                                et remanent </item>
                        </list></p>
                </div>
                <div xml:id="fenum">
                    <head>fenum</head>
                    <p><lb/> idem reddit cumputum <list>
                            <item> de I carrata feni recepta de exitu prati de
                                    <foreign>Planeteuz</foreign> pro iure quod habet in eo dominus
                                pro empto de heredibus Hugonis de <foreign>Viriset</foreign> et de
                                uxore dicti <lb/><foreign>Thochart</foreign> et de uxore Iohannis
                                    <foreign>Poysat</foreign></item>
                            <item> de I carrata recepta de exitu pratorum mansi illorum <foreign>del
                                    Trembley</foreign> dicti <foreign>Chalvet</foreign> ut supra in
                                frumento </item>
                            <item> summa recepte : II carrate feni — de quibus respondet in cumputo
                                de <foreign>Chivroux </foreign></item>
                        </list></p>
                </div>
                <div xml:id="denarii">
                    <head>denarii</head>
                    <p><lb/> idem reddit cumputum <list>
                            <item> de XXVII solidis III denariis parisiensium receptis in dicta
                                castellania de redditu per annum </item>
                            <item> de quinque solidis quos debebat Hugo de
                                    <foreign>Fromentauz</foreign> et de <lb/> sexdecim solidis quos
                                debebant illi <foreign>del Trembley</foreign> pro manso
                                    <foreign>Chalvet</foreign> non cumputat quia dimiserunt dictum
                                mansum ut supra in frumento </item>
                            <item> de IIII solidis VI denariis <lb/> receptis de tribus banchis
                                    <sic>mascelli</sic> de redditu per annum et dantur pro qualibet
                                bancha decem octo denarios </item>
                            <item> de porcis occisis in mascello de quorum quolibet capitur obolus
                                <lb/> non cumputat quia ascensatum est cum leyda ut infra </item>
                            <item> de VI libris XIIII solidis receptis de teysis in villa Pontis
                                Vallium que levantur in octabis paschatis <lb/> singulis annis pro
                                anno nonagesimo primo </item>
                            <item> de VI libris XIIII solidis receptis de teisis ibidem pro anno
                                finito in octabis paschatis anno nonagesimo secundo </item>
                            <item> de VIII solidis VIII denariis <lb/> receptis de firma forestagii
                                et dominii riparie de <foreign>Marceseys</foreign> finita in
                                paschate anno nonagesimo secundo et levatur forestagium in
                                nativitate Domini anno quolibet </item>
                            <item> de <lb/> LXVI solidis VIII denariis receptis de medietate firme
                                    furni<note> On avait écrit <hi rend="italics">de medietate firme
                                        Pontis Vallium furni</hi>, mais on a corrigé l’ordre des
                                    mots en usant d’appels de note.</note> Pontis Vallium finite
                                decima die<note> Il faut probablement lire <hi rend="italics">decima
                                        quinta die</hi>. <hi rend="italics">Cf.</hi> compte
                                    précédent : <hi rend="italics">finiende quindecima die mensis
                                        intrantis maii</hi>.</note> mensis intrantis maii anno
                                nonagesimo primo </item>
                            <item> de CV solidis IIII denariis <lb/> receptis de exitu furni Pontis
                                Vallium usque ad diem huius cumputi quia non potuit ascensari ut
                                dicit castellanus </item>
                            <item> de XX solidis receptis de medietate <lb/> firme fornagii hominum
                                existentium extra portam Pontis Vallium qua itur versus <del
                                    rend="overstrike">Pontem Vallium</del> Cusiriacum finita in
                                festo beati Luce <lb/> evvangeliste anno nonagesimo primo </item>
                            <item> de XX solidis receptis de medietate firme fornagii dictorum
                                hominum existentium extra portam qua itur versus <lb/> Cusiriacum
                                finiende in festo beati Luce evvangeliste anno nonagesimo secundo et
                                tunc debentur tantumdem </item>
                            <item> de XVI solidis VIII denariis receptis de firma <lb/> fornagii
                                hominum existentium extra portam a parte Baugiaci finita prima die
                                martii anno nonagesimo primo </item>
                            <item> de VI libris XIII solidis IIII denariis <lb/> receptis de
                                medietate firme minuti et grossi pedagii, leyde, copunagii et
                                nundinarum Baugiaci sancti Andree, cridagii, essegagii, porcorum
                                <lb/> occisorum in mascello et nundinarum Sancti Benigni finita
                                decima quinta die mensis maii anno nonagesimo primo </item>
                            <item> de XIII libris VI solidis <lb/> VIII denariis receptis de eadem
                                firma finienda decima quinta die mensis maii anno nonagesimo secundo </item>
                            <item> de exitu nundinarum et de pedagio <lb/> Iudeorum et de magno
                                pedagio non cumputat quia continentur in firma supra proximo
                                nominata ut dicit castellanus <add place="leftMargin">quere <lb/>
                                        inferius<note type="césure"><hi rend="italics"
                                            >in<lb/>ferius</hi></note> in dorso<note type="césure"
                                            ><hi rend="italics">dor<lb/>so</hi></note><lb/>
                                    presentis <lb/> computi </add></item>
                            <item> de pontanagio quod <lb/> levatur in incremento aquarum ad portam
                                deversus Baugiacum non cumputat quia ut dicit castellanus poni debet
                                in itinere elevando <lb/> et aptando a dicta porta usque ad pontem </item>
                            <item> de IIII libris receptis de talliis apud <del rend="overstrike"
                                    >Boscum</del><add place="enfOfLine">Sanctum Benignum</add> in
                                festis beati <sic>Bertholomei</sic> et sancti Andree </item>
                            <item><lb/> de XVIII libris receptis de talliis apud Boscum in
                                supradictis festis beati Bertholomei et beati Andree </item>
                            <item> de censa Iudeorum non cumputat quia <lb/> solverunt per
                                compositionem factam cum eis per dominum </item>
                            <item> de minuto bosco scisso in nemore de poypia non cumputat quia
                                nichil capitur in eo <lb/> nisi ad tempus quo mundatur vel
                                interscinditur </item>
                            <item> de censa corsinorum non cumputat quia solverunt domino in ultima
                                solutione facta domino <lb/> duci per manum <sic>donni</sic>
                                Iohannis Floridi </item>
                            <item> summa recepte : LXVIII lb. XVII s. I d. par. </item>
                        </list></p>
                </div>
                <div xml:id="complainte">
                    <head>[complainte]</head>
                    <p><list>
                            <item><lb/> de complaintis non cumputat quia non fuerunt facte hoc anno
                            </item>
                        </list></p>
                </div>
                <div xml:id="inventa">
                    <head>[inventa]</head>
                    <p><list>
                            <item> de inventis nichil hoc anno </item>
                        </list></p>
                </div>
                <div xml:id="garde">
                    <head>garde</head>
                    <p><list>
                            <item><lb/> idem reddit cumputum de V solidis VIII denariis parisiensium
                                receptis de gardis per annum ut in particulis extente </item>
                            <item><lb/> summa recepte : V s. VIII d. par. </item>
                        </list></p>
                </div>
                <div xml:id="introgia">
                    <head>[introgia]</head>
                    <p><list>
                            <item><lb/> de introgiis nichil hoc anno </item>
                        </list></p>
                </div>
                <div xml:id="laudes_et_vende">
                    <head>laudes et vende</head>
                    <p><lb/> idem reddit cumputum <list>
                            <item> de VI denariis parisiensium receptis de uxore Mathei de Monte pro
                                domo empta de Peroneto <foreign>Mariton</foreign> quinque solidis </item>
                            <item> de II solidis receptis <lb/> de Hugone <foreign>Ribout</foreign>
                                pro terra empta a Guillermo <foreign>Cusel</foreign> triginta sex
                                solidis </item>
                            <item> de V solidis receptis de Bernardo <foreign>Lavat</foreign> pro
                                medietate domus empta de sorore<note type="césure"><hi
                                        rend="italics">soro<lb/>re</hi></note><lb/> sua sex libris
                                tresdecim solidis IIII<hi rend="sup">or</hi> denariis </item>
                            <item> de XVII denariis receptis de Bernardo <foreign>del
                                    Chano</foreign> pro pecia terre empta de liberis
                                    <foreign>Castin</foreign> decem septem <lb/> solidis </item>
                            <item> de X denariis receptis de Bernardo filio Ponceti
                                    <foreign>Tallifer</foreign> pro terra empta de Hugone
                                    <foreign>del Verney</foreign> decem solidis </item>
                            <item> de V denariis receptis de Petito <foreign>Iulian<note
                                        type="césure"><hi rend="italics"
                                    >Iuli<lb/>an</hi></note></foreign><lb/> pro terra empta de filio
                                    <foreign>Castin</foreign> quinque solidis </item>
                            <item> de II solidis receptis de Balbo <foreign>d’Avistes</foreign> pro
                                plaustro empto a dicto <foreign>Garnier</foreign> viginti solidis </item>
                            <item><lb/> de XVI denariis receptis de Moyrondo de
                                    <foreign>Avistes</foreign> pro plaustro empto ab Humberto Chanel
                                decem octo solidis </item>
                            <item> de XII solidis receptis de clerico de <foreign>Cessor</foreign>
                                pro <lb/> domo empta ab Hugone fratre suo quatuor libris </item>
                            <item> de XX solidis receptis de dicto <foreign>Ramus</foreign> pro domo
                                empta de quadam muliere de <foreign>Chavannes</foreign><lb/>
                                quinquaginta solidis </item>
                            <item> de II solidis receptis de Regelino pro domo empta de dicto
                                    <foreign>L’Escuer</foreign> sexdecim solidis octo denariis </item>
                            <item> de XV denariis receptis de Aymone <lb/> de Curia pro terra empta
                                de Laurentia sorore sua quindecim solidis </item>
                            <item><lb/> summa recepte : LI s. IX d. par. </item>
                        </list></p>
                </div>
                <div xml:id="banna">
                    <head>banna</head>
                    <p><lb/> idem reddit cumputum <list>
                            <item> de LXVI solidis VIII denariis parisiensium receptis de Martino
                                Picardi de Bosco quia inventus fuit piscari de nocte in riparia de
                                    <unclear reason="support endommagé">Oisa</unclear></item>
                            <item><lb/> de XIII solidis IIII denariis receptis de Perrino de
                                    <foreign>Beys</foreign> quia cepit boscum alienum contra
                                voluntatem suam </item>
                            <item> de XIII solidis IIII denariis receptis de <unclear>Po[nceto]
                                    Pele[terii]</unclear><lb/> pro eodem </item>
                            <item> de XIII<note> Le nombre a été très raturé.</note> solidis IIII
                                denariis receptis de Jaqueto Blanchardi quia percussit quandam
                                mulierem </item>
                            <item> de XVI solidis receptis de Iohanne <foreign>Palmer</foreign> quia
                                noluit obedire <lb/> cuidam compromisso facto per castellanum </item>
                            <item> de XX solidis receptis de Iohanne Berthoudi quia percussit
                                quendam hominem in foro </item>
                            <item> de XL solidis receptis de Benedicto <lb/> de Faola pro eo quod
                                cepit bladum in molendino minus iuste </item>
                            <item> de XXVI solidis VIII denariis receptis de Stephano filio
                                    <foreign>Rater</foreign> pro banno sanguinis </item>
                            <item> de <lb/> III solidis IIII denariis receptis de vicario Pontis
                                Vallium pro eo quod percussit dictum Stephanum </item>
                            <item> de VI solidis VIII denariis receptis de Girardino nepote
                                    <unclear>[Incu]rati</unclear><note type="césure"><hi
                                        rend="italics"> [incu]<lb/>rati</hi></note><lb/> quia
                                percussit predictum Stephanum </item>
                            <item> de LXXIII solidis VI denariis receptis de quadraginta clamis per
                                dictum [tempus] </item>
                            <item> de XIII solidis IIII denariis receptis de Bernardo
                                    <lb/><foreign>del Chano</foreign> pro eo quod cepit bovem in
                                domo parçonerii sui violenter </item>
                            <item><lb/> summa recepte deductis quindecim solidis pro parte
                                castellani capientis duodecim denariis in libra : XIIII lb. XI s. II
                                d. par. </item>
                        </list></p>
                </div>
                <div xml:id="venditiones">
                    <head>venditiones<note> On observe un changement de plume à partir de cette
                            rubrique.</note></head>
                    <p><list>
                            <item><lb/> idem reddit cumputum de III solidis IIII denariis
                                parisiensium receptis de quatuor panibus venditis ut supra pro tanto </item>
                            <item><lb/> summa recepte : III s. IIII d. par. </item>
                        </list></p>
                </div>
                <div xml:id="bilan_recepte">
                    <p><list>
                            <item><lb/> summa totius recepte : IIII<hi rend="sup">XX</hi> VI lb. III
                                s. IIII d. par., valent : VI<hi rend="sup">XX</hi> IX lb. V s. vien.
                            </item>
                        </list></p>
                </div>
            </div>
            <div xml:id="expense_et_librate">
                <div xml:id="cafallum">
                    <head>cafallum</head>
                    <p><list>
                            <item> de quibus <lb/> in pisione cafalli de muro facta et stipendiis
                                lathomorum et calce ad idem : LXV solidos viennensium </item>
                            <item> in fusta empta columpnis et <lb/> trabibus<note type="césure"><hi
                                        rend="italics">tra<lb/>bibus</hi></note> pro postibus
                                faciendis latis charreagio fuste et palorum ut in particulis : XII
                                libras XVIII denarios viennensium </item>
                            <item> in factura dicti caphalli et palicii circumquaque cafallum in
                                taschiam : XX libras viennensium </item>
                            <item> in clavino et una corda empta pro fusta levanda : XXXI solidos </item>
                            <item> in <lb/> sex milibus tegule<note> On attendrait <hi
                                        rend="italics">tegularum</hi>, mais il s’agit apparemment
                                    ici d’un singulier collectif.</note> et portagio de
                                    <sic>Masticone</sic> apud Pontem Vallium : VI libras viennensium </item>
                            <item> in cooperiendo dicto caphallo<note> On attendrait <hi
                                        rend="italics">in cooperiendo dictum caphallum</hi> ou <hi
                                        rend="italics">in dicto caphallo cooperiendo</hi>.</note> in
                                taschiam : <lb/> XVIII solidos viennensium </item>
                            <item> in torcheando et paliciando dicto caphallo : LXII solidos VI
                                denarios viennensium </item>
                            <item> summa caphalli : XLVI lb. XVIII s. vien. </item>
                        </list></p>
                </div>
                <div xml:id="polleni">
                    <head>polleni</head>
                    <p><list>
                            <item><lb/> in expensis quinque pullitiorum de equabus domini qui
                                venerunt apud Pontem Vallium prima die aprilis anno nonagesimo et
                                fuerunt ibidem [usque] <lb/> ad epiphaniam Domini videlicet
                                quadraginta septimanas et tunc quatuor de ipsis missi fuerunt apud
                                Burgetum, in sexaginta decem meiteriis <lb/> avene : XIIII libris
                                viennensium </item>
                            <item> in expensis quinti pulli qui <sic>remanxit</sic> ab epiphania
                                Domini anno nonagesimo primo citra usque ad diem huius cumputi <lb/>
                                et in expensis cuiusdam alterius pulli qui venit ad Pontem Vallium
                                in nativitate Domini anno nonagesimo primo et fuit unus sexdecim
                                septimanas <supplied reason="support endommagé">[…]</supplied><lb/>
                                    die<note> Du 6 janvier au 1er mai, on dénombre seize semaines et
                                    deux jours, si l’on n’inclut pas les deux extrêmes, ce qui
                                    paraît être le cas puisque l’on ne compte que seize semaines
                                    pour l’autre poulain : on pourrait admettre un complément de
                                    durée à l’ablatif, bien que ce ne soit pas le cas le plus
                                    courant dans l’usage classique, mais le singulier reste
                                    difficile à justifier. </note> et alius decem et octo
                                septimanas, in quindecim meiteriis avene : LX solidos viennensium </item>
                            <item> in feno videlicet tresdecim quarratis emptis <supplied
                                    reason="support endommagé">[de Iohan]neto<note type="césure"><hi
                                            rend="italics">
                                [Iohan]<lb/>neto</hi></note></supplied><lb/> Berthoudi qualibet
                                quarrata viginti solidis viennensium et sex quarratis emptis de
                                Petro clerico qualibet quindecim solidis item septem quarratis <lb/>
                                emptis apud <foreign>Chavannes</foreign> qualibet viginti solidis
                                duabus quarratis emptis apud <foreign>Chevroux</foreign> triginta
                                octo solidis pro sex pullis predictis per dictum tempus : <lb/> XXVI
                                libras VI solidos viennensium </item>
                            <item> in vadiis duorum garcionum dictos pullos custodientium per
                                quadraginta septimanas ut supra videlicet usque ad epiphaniam
                                    <lb/><del rend="overstrike">et expensis unius garcionis
                                    custodientis duos pullos de predictis ab epiphania
                                    citra</del><note> Cette dépense a été reportée à la fin du
                                    paragraphe.</note> quorum unius capiebat octo denarios per diem
                                et alter <lb/> sex denarios : XVI libras VI solidos VIII denarios
                                viennensium </item>
                            <item> in ferratura et in quatuor frenis et expensis quatuor
                                    <sic>pullonum</sic> et garcionum ducentium<note type="césure"
                                        ><hi rend="italics">ducen<lb/>tium</hi></note><lb/> de Ponte
                                Vallium apud Burgetum : LIX solidos viennensium </item>
                            <item> in expensis unius garcionis custodientis duos pullos remanentes
                                ab epiphania <lb/> Domini usque ad finem cumputi videlicet per
                                sexdecim septimanas : LVI solidos viennensium </item>
                            <item><lb/> summa expense pullonum : LXV lb. VII s. VIII d. vien.
                            </item>
                        </list></p>
                </div>
                <div xml:id="equus_domini">
                    <head>equus domini</head>
                    <p><list>
                            <item><lb/> in expensis magni equi domini morelli bauzani quem
                                custodiebat dictus <foreign>Vitupers</foreign> pro duodecim
                                septimanis et tribus diebus finitis in ascensione Domini anno <lb/>
                                nonagesimo primo et tunc ductus fuit ad dominum comitem apud
                                Lugdunum </item>
                            <item> in quindecim meiteriis avene : LX solidos viennensium </item>
                            <item> in una quarrata feni : XIIII solidos </item>
                            <item><lb/> in fabrica et una coopertura et una estrillia et
                                    capistris<note> Le mot est raturé, comme si l’on avait d’abord
                                    écrit <hi rend="italics">capistis</hi>.</note> pro dicto equo :
                                VIII solidos </item>
                            <item> in vadiis dicti <foreign>Vituper</foreign> et calciatura sibi
                                data per dictum tempus : LXIII solidos viennensium </item>
                        </list></p>
                </div>
                <div xml:id="somerii">
                    <head>somerii</head>
                    <p><list>
                            <item> in expensis duorum someriorum domini a die lune ante ramos
                                palmarum anno nonagesimo et remanxerant infirmi <lb/> et
                                marescalciati cum dominus ivit in Franciam usque ad festum beati
                                Iohannis baptiste videlicet per decem septimanas et sex dies in
                                decem et novem meiteriis avene : LXXVI solidos </item>
                            <item><lb/> in feno pro dictis someriis per idem tempus : XVI solidos </item>
                            <item> in vadiis garcionis custodientis dictos somerios per dictum
                                tempus capientis septem denarios per diem de <lb/> mandato Iohannis
                                marescalci ut dicit : XLIIII solidos IIII denarios </item>
                        </list></p>
                </div>
                <div xml:id="nuntii">
                    <head>nuntii</head>
                    <p><list>
                            <item> in nuntiis missis pro negotiis domini : IX solidos </item>
                        </list></p>
                </div>
                <div xml:id="paries">
                    <head>paries</head>
                    <p><list>
                            <item> in reficiendo pariete<note> On attendrait <hi rend="italics">in
                                        reficiendo parietem</hi> ou <hi rend="italics">in pariete
                                        reficiendo</hi>.</note> domus quondam <lb/> Guidonis
                                    <foreign>d’Espinoux</foreign> qui ceciderat : XX solidos
                                viennensium </item>
                            <item><lb/> summa : XV lb. X s. IIII d. vien.</item>
                        </list></p>
                </div>
                <div>
                    <p><list>
                            <item><lb/> idem libravit domino Iohanni Floridi pro mandamento quod
                                fecit dominus apud Burgum die sabbati ante festum beati Luce per
                                litteram domini datam in vigilia <lb/> nativitatis Domini anno
                                nonagesimo primo quam reddit : LXV libras viennensium </item>
                            <item><lb/> idem libravit eidem Iohanni per confessionem ipsius : LX
                                solidos viennensium </item>
                            <item><lb/> idem libravit Petro clerico per litteram ipsius datam die
                                lune post quindenam beati Iohannis baptiste anno nonagesimo primo
                                quam reddit : XXV libras viennensium </item>
                            <item><lb/> idem libravit Bertheto Raynaldi de vadiis suis per litteram
                                Petri clerici de mandato datam die veneris ante penthecosten anno
                                nonagesimo primo : IIII libras viennensium </item>
                            <item><lb/> idem libravit ad expensas hospitii domine comitisse solutas
                                Guioneto de Pellia per litteram eiusdem domine comitisse <lb/> datam
                                die sabbati post quindenam paschatis anno nonagesimo primo quam
                                reddit : LXIIII solidos viennensium </item>
                            <item><lb/> idem libravit ad expensas eiusdem domine comitisse factas
                                per manum domini Iacobi de <foreign>Autan</foreign> per litteram
                                domine comitisse <lb/> datam die mercurii post tres septimanas
                                paschatis anno nonagesimo primo : XII libras II solidos VII denarios
                                viennensium </item>
                            <item> idem libravit Stephano Borellati de expensis domine comitisse
                                factis per manum domini Iacobi <foreign>d’Autan</foreign><note> On a
                                    écrit <hi rend="italics">dautan</hi>.</note> per litteram
                                eiusdem domine <lb/> datam die mercurii ante ramos palmarum anno
                                nonagesimo quam reddit : X libras viennensium </item>
                            <item><lb/> idem libravit sibi ipsi pro stipendiis suis et Guillermi de
                                Laya quos misit dominus de Corberia apud Sanctum Regnebertum et in
                                terram Baugiaci <lb/> pro aliquibus tractatibus et fuerunt in
                                cavalcata de <unclear>[…]</unclear> de decem octo diebus per
                                litteram domini de mandato <lb/> datam die <sic>mercuri</sic> ante
                                festum omnium sanctorum anno nonagesimo primo : IX libras
                                viennensium </item>
                            <item><lb/> idem libravit in expensis domini Rodulphi de Mussiaco et
                                aliquorum scutiferorum domini pro die martis et die mercuri post
                                quindenam <lb/> paschatis et fuerunt apud Sanctum Laurentium de
                                Masticonis quos misit illuc domina comitissa per litteram domine de
                                mandato et per litteram dicti <lb/> domini Rodulphi de recepta datas
                                die mercuri predicta anno <sic>novegesimo</sic> primo quas reddit :
                                XLI solidos II denarios viennensium </item>
                            <item><lb/> idem libravit in expensis quinque hominum cum armis quos
                                duxit ad mandamentum factum apud Burgum in vigilia assumptionis
                                beate Marie <lb/> et fuerunt apud Ambrogniacum<note> Le scribe a du
                                    composer avec une déchirure du parchemin.</note> pro quinque
                                diebus per litteram domini Iohannis Floridi de testimonio datam in
                                festo purificationis beate Marie <lb/> anno nonagesimo primo quam
                                reddit : CIIII solidos viennensium </item>
                            <item><lb/> idem libravit in expensis domini factis per manum Iohannis
                                de Mayrino per litteram domini datam <lb/> die veneris XV<hi
                                    rend="sup">o</hi> kalendas iunii anno nonagesimo primo quam
                                reddit : XXIIII libras XIIII denarios viennensium </item>
                            <item><lb/> idem libravit tribus balistariis quos misit apud Sanctum
                                Andream pro quindecim diebus et dabantur cuilibet decem octo denarii
                                <lb/> per litteram ballivi datam dominica in paschate anno
                                nonagesimo primo quam reddit : LXVII solidos VI denarios viennensium </item>
                            <item><lb/> idem libravit in expensis donni Iohannis Floridi et Andree
                                de Voyrone recipientium cumputum pro duobus diebus : XVI solidos IX
                                denarios viennensium </item>
                            <item><lb/> summa librate : VIII<hi rend="sup">XX</hi> VI lb. XVII s. II
                                d. vien. </item>
                        </list></p>
                </div>
                <div>
                    <p><list>
                            <item><lb/> summa expense et librate : CC IIII<hi rend="sup">XX</hi>
                                XIIII lb. XIII s. II d. vien.</item>
                        </list></p>
                </div>
            </div>
            <div xml:id="bilan">
                <p><list>
                        <item> et sic debentur ei VIII<hi rend="sup">XX</hi> V libre VIII solidi I
                            denarius viennensium <lb/> qui allocantur ei in cumputo de Chivroux : et
                            eque — verte in dorso</item>
                    </list></p>
            </div>
        </body>
    </text>
</TEI>
