<?xml version="1.0" encoding="UTF-8"?>
<?oxygen RNGSchema="http://www.tei-c.org/release/xml/tei/custom/schema/relaxng/tei_all.rng" type="xml"?>
<TEI xmlns="http://www.tei-c.org/ns/1.0" xml:id="B9155_8">
    <teiHeader>
        <fileDesc>
            <titleStmt>
                <title>Notes doirsales du rouleau Dijon, Archives Départementales de la Côte d'Or, B9155 (châtellenie de Pont-de-Vaux, 1287-1293) <date type="debut"
                        from-iso="12870516" cert="high"/><date type="fin" from-iso="12930501"
                        cert="high"/></title>
            </titleStmt>
            <publicationStmt>
                <p>Alain Kersuzan et Frédéric Chartrain, avec la collaboration de Nils Mantilleri, Jean-Michel Poisson et Marianne Ronot, 
                    <title>Notes doirsales du rouleau Dijon, Archives Départementales de la Côte d'Or, B9155 (châtellenie de Pont-de-Vaux, 1287-1293)</title>,
                    Lyon - Chambéry, 2011 (<title>Documents comptables des Etats de Savoie, XIIIe - XVe s.</title>)</p>
            </publicationStmt>
            <seriesStmt>
                <title>Pont-de-Vaux</title>
            </seriesStmt>
            <sourceDesc>
                <p>Information about the source</p>
            </sourceDesc>
        </fileDesc>
    </teiHeader>
    <text>
        <body>
            <div>
                <milestone n="11" unit="vue"/>
                <pb n="1v"/>
                <div xml:id="particule_bannorum">
                    <head>particule bannorum</head>
                    <p><lb/> idem reddit computum <list>
                            <item> de X solidis parisiensium receptis de Stephano
                                    <foreign>Tavarat</foreign> pro banno periurii </item>
                            <item> de XX solidis receptis de Guichardo <foreign>Hudri</foreign> pro
                                eo quod dixerat quod <lb/> frater suus fregerat domum suam nec
                                potuit probare </item>
                            <item> de XXVI solidis VIII denariis receptis de Ballo
                                    <foreign>Jayet</foreign> pro eo quod ceperat de bosco Agye de
                                    <foreign>Chavannes</foreign><lb/> auctoritate sua </item>
                            <item> de VI solidis VIII denariis receptis de uxore
                                    <foreign>Jarento</foreign> quondam pro banno eiusdem nemoris </item>
                            <item> de XX solidis receptis de Boylloudo de Salmoyaco <lb/> quia
                                fecerat sanguinem cuidam alteri </item>
                            <item> de XX solidis receptis de Bernardo Perrini ex eo quod percusserat
                                alium pede </item>
                            <item> de XIII solidis IIII denariis receptis de Stephano
                                    <lb/><foreign>Maillet</foreign> pro banno nemoris de
                                    <foreign>Chavannes</foreign></item>
                            <item> de XXVI solidis VIII denariis receptis de Arthaudo de Altaselva
                                pro quadam saisina fracta </item>
                            <item> de XXVI solidis <lb/> VIII denariis receptis de Bario Pontis
                                Vallium pro eo quod dixerat verba iniuriosa matri Stephani
                                    <foreign>Maillet</foreign></item>
                            <item> de X solidis receptis de <foreign>Barutel</foreign><lb/> de
                                Albigniaco pro eo quod percusserat <sic>quandam</sic> mulierem pede </item>
                            <item> de XIII solidis III denariis receptis de <foreign>Amy</foreign>
                                Iudeo solutis pro quibusdam Iudeis extraneis <lb/> qui adinvincem se
                                verberaverant </item>
                            <item> de LIII solidis IIII denariis receptis de Burgundo Iudeo pro eo
                                quod percusserat garcionem castellani </item>
                            <item> de X solidis receptis <lb/><foreign>del Poillat</foreign> pro
                                banno nemoris Agye de <foreign>Chavannes</foreign></item>
                            <item> de XX solidis receptis de <foreign>Benion</foreign> Iudeo de
                                concordia facta cum eo de eo quod <lb/> accusabatur promisisse
                                cuidam denario ad testificandum falsum </item>
                            <item> summa : XIII lb. XVI s. VIII d. par. </item>
                        </list></p>
                </div>
                <div xml:id="clame">
                    <head>clame</head>
                    <p><list>
                            <item><lb/> idem recepit de uxore Dayeti Iudei IIII solidos viennensium
                                et VI denarios pro uno clamore </item>
                            <item> item de quodam homine de
                                    <unclear><foreign>Lia[igues]</foreign></unclear> : <lb/> II
                                solidos et V denarios viennensium pro uno clamore </item>
                            <item> item de dicta <foreign>La Chalu </foreign>: IIII solidos
                                viennensium pro uno clamore </item>
                            <item><lb/> item de dicto <lb/><foreign>Le Rames</foreign> : III solidos
                                viennensium pro uno clamore </item>
                            <item> item de Laurentio <foreign>Lo Houdri</foreign> : XVIII denarios
                                viennensium pro uno clamore </item>
                            <item><lb/> item de Peronino de <foreign>Correvot</foreign> : II solidos
                                viennensium pro uno clamore </item>
                            <item> item recepit in crastino beati Iohannis <sic>babtiste</sic> novem
                                <lb/> solidos viennensium pro duobus clamoribus </item>
                            <item> item II solidos viennensium de dicto
                                <foreign>Corteis</foreign></item>
                            <item> item : II solidos viennensium de Iohannino
                                    <foreign>Hudri</foreign><lb/> pro uno clamore </item>
                            <item> item de Comite Magnini : II solidos viennensium pro uno clamore </item>
                            <item> item de dicto <foreign>Charreton</foreign> de Chamaranda<note
                                    type="césure"><hi rend="italics">Chamaran<lb/>da</hi>.</note> :
                                <lb/> III solidos viennensium pro uno clamore </item>
                            <item> item de dicto <foreign>Le Rames</foreign><supplied
                                    reason="support endommagé"> […]</supplied> solidos viennensium
                                pro duobus clamoribus </item>
                            <item> item <lb/><foreign>del Truchal </foreign>: II solidos viennensium
                                pro clama </item>
                            <item> item de Iohannone <supplied reason="support endommagé">Mora[…
                                    …]</supplied> solidos viennensium pro clama </item>
                            <item> item de Regnaudo <foreign>Cimer </foreign>: <lb/> III solidos
                                viennensium pro clama </item>
                            <item> item de filio Iohannis
                                    <unclear><foreign>Heriot</foreign></unclear> II <supplied
                                    reason="support endommagé">[solidos viennensium]</supplied> pro
                                clama </item>
                            <item> item de dicto Iohanne II solidos viennensium pro clama </item>
                            <item><lb/> item de uxore Marelli de <foreign>Monglanglons </foreign>:
                                VI solidos viennensium pro duabus clamis </item>
                            <item> item de Bernarda de Bosco : II solidos viennensium pro clama </item>
                            <item><lb/> item <supplied reason="encre pâlie">[…la]</supplied> de
                                    <foreign>Fromental</foreign> : XII denarios parisiensium pro
                                clama </item>
                            <item> item de bubulco Ponceti de <foreign>Correvout </foreign>: II
                                <lb/> solidos viennensium pro clama </item>
                            <item> item de Perroneto Morel : II solidos et dimidio viennensium pro
                                clama </item>
                            <item> item de Guichardo <foreign>Le Vargne </foreign>: III solidos
                                <lb/> viennensium pro clama </item>
                            <item> item de Stephano <foreign>Putet </foreign>: III solidos
                                viennensium pro clama </item>
                            <item> item de Stephano Mallei : II solidos viennensium pro clama </item>
                            <item><lb/> item de bubulco domini Iocerandi de Balma : VI solidos
                                viennensium pro duabus clamis </item>
                            <item> item de Guichardo bubulco Perroneti <foreign>Bertout</foreign> :
                                <lb/> II solidos viennensium pro clama </item>
                            <item> item de Guieto de Marignia : III solidos viennensium pro clama </item>
                            <item> item de Hudrico de Fayola : XV solidos <add place="endOfLine">pro
                                    clama</add></item>
                            <item><lb/> summa clamarum : C VII s. V d. vien.</item>
                        </list></p>
                </div>
            </div>
            <div>
                <milestone n="11" unit="vue"/>
                <pb n="1v (suite)"/>
                <div xml:id="particule_laudum_et_venditionum">
                    <head>particule laudum et venditionum secundi computi Guespe de Varas castellani
                        Pontis Vallium</head>
                    <p><lb/> idem reddit computum <list>
                            <item> de VIII denariis parisiensium receptis de Bernardo de Quercu pro
                                laudibus unius pecie terre sibi vendite a dicto
                                    <lb/><foreign>Catin</foreign> pretio octo solidorum </item>
                            <item> de XII solidis receptis de Bernardo de Foresta pro laudibus unius
                                domus <del rend="overstrike">em[pte]</del> que quondam fuit <lb/>
                                Catine empte pretio quatuor librarum parisiensium </item>
                            <item> de XVIII solidis VIII denariis receptis de Matheo de Montibus pro
                                laudibus domus empte <lb/> a Lusco <foreign>a La Vize<note> On a
                                        écrit <hi rend="italics">alavize</hi>.</note></foreign> de
                                Ponte pretio sex librarum </item>
                            <item> de III solidis receptis de donna Berthouda pro laudibus plastri
                                empti a Bernardo <lb/><foreign>Perrin</foreign> pretio viginti
                                solidorum </item>
                            <item> de XVI denariis receptis de Hugone filio Guillermi de
                                    <foreign>Cesoz</foreign> pro laudibus plastri empti a dicta
                                    <foreign>La</foreign><lb/><foreign>Crota</foreign> pretio
                                quinque solidorum quatuor denariorum </item>
                            <item> de XIII denariis obolo receptis de quodam homine de ultra Sagonam
                                pro laudibus plastri <lb/> empti de Hugone Grasso pretio octo
                                solidorum parisiensium </item>
                            <item><lb/> summa : XXXVI solidi III oboli parisiensium </item>
                        </list></p>
                </div>
                <div xml:id="particule_bannorum_2">
                    <head>particule bannorum<note> On a écrit <hi rend="italics">bannarum</hi>, mais
                            le mot paraît raturé.</note></head>
                    <p><lb/> idem reddit computum <list>
                            <item> de VI solidis parisiensium receptis de <foreign>Popon</foreign>
                                de Raiscusa pro banno ex eo quod ad requisitionem nuncii <lb/>
                                castellani noluit fideiubere de stando iuri </item>
                            <item> de XVI solidis VIII denariis receptis de Peroneto
                                    <foreign>Burdin</foreign> de concordia facta <lb/> de eo quod
                                accusabatur de furto quodam facto in domo dicti
                                    <foreign>Vargne</foreign> de Cabannis </item>
                            <item> de VIII solidis receptis de <lb/><del rend="overstrike">Peroneto
                                        <foreign>Burdin</foreign></del> de dicto
                                    <foreign>Bateillart</foreign> ex eo quod iniuriatus fuit
                                    <foreign>Le Laceor</foreign> de Salmoiaco </item>
                            <item> de XIII solidis IIII denariis de <lb/> Perreto de Cortestrillo
                                pro fractura cuiusdam saisine </item>
                            <item> de XXVI solidis VIII denariis receptis de uxore Daeti Iudei ex eo
                                <lb/> quod accusabatur cepisse in domo testoris quedam mantilia sine
                                consensu illius cuius erant </item>
                        </list></p>
                </div>
                <div xml:id="clame_2">
                    <head>clame</head>
                    <p><list>
                            <item><lb/> de VI solidis VIII denariis receptis de Guillermo
                                    <foreign>Valer</foreign> pro diversis clamis </item>
                            <item> de II solidis VIII denariis receptis de Guioneto
                                    <foreign>Borser</foreign> pro clamis </item>
                            <item><lb/> de II solidis receptis de uxore <foreign>Rater</foreign> pro
                                eodem </item>
                            <item> de II solidis VIII denariis receptis de Peroneto
                                    <foreign>Busser</foreign> pro eodem </item>
                            <item> de II solidis receptis de uxore <foreign>Lanbequin</foreign> pro
                                eodem </item>
                            <item><lb/> de II solidis VIII denariis receptis de Stephano
                                    <foreign>Oreiliart</foreign> pro eodem </item>
                            <item> de XVI denariis receptis de Valeto de <foreign>Tornant</foreign>
                                pro eodem </item>
                            <item><lb/> de II solidis receptis de <foreign>Renout</foreign> pro
                                eodem </item>
                            <item> de XX denariis receptis de liberis Vicari de Ponte Vallium pro
                                eodem </item>
                            <item> de II solidis receptis de Stephano
                                <foreign>Maillet</foreign><lb/> pro eodem </item>
                            <item> de II solidis receptis de Martino <foreign>Perey</foreign> pro
                                eodem </item>
                            <item> de III solidis receptis de Bernardo <foreign>Baruz</foreign> et
                                filio Guidonis Borserii pro eodem </item>
                            <item><lb/> de II solidis receptis de Iohanne <foreign>Bardet</foreign>
                                pro eodem </item>
                            <item> de XVI denariis receptis de Poncio <foreign>Durestal</foreign>
                                pro eodem </item>
                            <item> de II solidis receptis de Bernardo <foreign>Girard</foreign><lb/>
                                de Albigniaco pro eodem </item>
                            <item> de II solidis receptis de Andrea <foreign>Vaner</foreign> pro
                                eodem </item>
                            <item> de II solidis receptis de Peroneto <foreign>del Bez</foreign> de
                                    <foreign>Tornant</foreign> pro eodem </item>
                            <item><lb/> summa bannorum et clamarum : C X s. VIII d. par.</item>
                        </list></p>
                </div>
            </div>
            <div>
                <milestone n="12" unit="vue"/>
                <pb n="2v?"/>
                <div xml:id="particule_laudum_et_venditionum_2">
                    <head>particule laudum et venditionum</head>
                    <p><list>
                            <item><lb/> idem reddit computum </item>
                            <item> de XLIII solidis VI denariis viennensium receptis de Martino de
                                Furno pro laudibus domus unius empte de Hugoneto
                                    <foreign>Corbet</foreign> pretio quatuordecim librarum <add
                                    place="interlinear">decem solidorum</add></item>
                            <item><lb/> de IX solidis viennensium receptis de domino Hugone
                                    <foreign>Pelater</foreign> pro laudibus domus empte de Petro de
                                        <foreign>Bez<note> On a écrit <hi rend="italics"
                                        >debez</hi>.</note></foreign> et participibus pretio
                                sexaginta solidorum </item>
                            <item><del rend="overstrike">de</del><lb/> de II solidis receptis de
                                uxore <foreign>Sangonel</foreign> pro laudibus quarte partis<note>
                                    On avait écrit <hi rend="italics">parte</hi> et le mot est
                                    raturé.</note> domus empte de sorore sua pretio sexdecim
                                solidorum </item>
                            <item> de VII solidis VI denariis receptis de
                                <foreign>Malver</foreign><lb/> pro laudibus <del rend="overstrike"
                                    >domus</del> medietatis unius domus empte de Rosa relicta Petri
                                Fabri </item>
                            <item> de XII solidis <del rend="overstrike">III denariis</del> receptis
                                de Valleto de Belna et Stephano <foreign>Polet</foreign> pro
                                laudibus <lb/> plastri unius domus empte de Bernardo
                                    <foreign>Perrin</foreign> pretio quatuor librarum <del
                                    rend="overstrike">quindecim solidorum</del></item>
                            <item> de XIII solidis VI denariis receptis de Matheo Goutrii pro
                                laudibus <lb/> unius pecie prati empte de Guillermus
                                    <foreign>Copel</foreign> pretio quatuor librarum decem solidorum </item>
                            <item> de VI denariis III pictis receptis de Guillermo Perraudaz pro
                                laudibus pecie plastri empte <lb/> de Clemente filio Fabri pretio
                                sex solidorum </item>
                            <item> de IIII denariis obolo receptis de filio Andree <foreign>de La
                                        Cort<note> On a écrit <hi rend="italics"
                                        >delacort</hi>.</note></foreign> pro <add
                                    place="interlinear">medietate</add> laudum<note> Dans la
                                    première rédaction, <hi rend="italics">laud.</hi> se lisait <hi
                                        rend="italics">laudibus</hi>.</note> piscarie <note> Ici,
                                    une lettre a été effacée.</note> empte en Oysa de Poncio
                                    <foreign>Tallifer</foreign></item>
                            <item><lb/> de IIII denariis obolo receptis de Guillermo
                                    <foreign>Logier</foreign> pro <add place="interlinear"
                                    >medietate</add> laudum<note> Dans la première rédaction, <hi
                                        rend="italics">laud.</hi> se lisait <hi rend="italics"
                                        >laudibus</hi>.</note> trium seillonum terre emptorum apud
                                Boscum de Guioneto <foreign>Cherita</foreign></item>
                            <item> de XVIII denariis receptis de Stephano
                                <foreign>Ribout</foreign><lb/> pro laudibus pecie terre empte de
                                Iohannis <foreign>Mailly</foreign></item>
                            <item> de XXXIII solidis receptis de Rupho garcione Iohannis
                                    <foreign>Chanel</foreign> pro laudibus unius domus permutate cum
                                filio <lb/> a <foreign>La Borgeysa<note> On a écrit <hi
                                            rend="italics">alaborgeysa</hi>.</note></foreign></item>
                            <item> de XII denariis receptis de Poncio <foreign>Tallifer</foreign> de
                                medietate laudum pecie terre empte de Guillermo
                                    <foreign>Cuysel</foreign></item>
                            <item> de XV denariis receptis de Stephano
                                <foreign>Ribout</foreign><lb/> pro medietate laudum pecie terre
                                empte de Costantino </item>
                            <item> de VI solidis receptis de Stephano <foreign>Ribout</foreign>
                                predicto pro laudibus terre empte de Guillermo
                                    <foreign>Cuysel</foreign><lb/> et participibus </item>
                            <item><del rend="overstrike">de IX</del></item>
                            <item> de XIII denariis obolo receptis de Pontio
                                    <foreign>Tallifer</foreign> pro laudibus partis aque <del
                                    rend="overstrike">em</del> de Oysa empte de Guillermo
                                    <foreign>Cuysel</foreign></item>
                            <item><lb/> de XXXVI solidis receptis de Bernardo
                                    <foreign>Anaz</foreign> pro laudibus domus empte de Guidone
                                    <foreign>Lo Bevro</foreign> pretio duodecim librarum viennensium </item>
                            <item><lb/> summa : VIII lb. VIII s. VIII d. vien. — valent ad
                                parisienses C XII solidos V denarios obolum parisiensium </item>
                        </list></p>
                </div>
                <div xml:id="particule_bannorum_3">
                    <head>particule bannorum</head>
                    <p><list>
                            <item><lb/> idem reddit computum </item>
                            <item> de XL solidis viennensium receptis de
                                    <foreign>Bonfillon</foreign> Iudeo pro eo quod filia eius
                                fecerat sanguinem uxori officialis iudei </item>
                            <item> de XXV solidis VII denariis receptis de clerico
                                    <foreign>Corbet</foreign> de denariis quos habuit de tela quam
                                furata fuerat ut dicebatur uxor <foreign>Ratet</foreign></item>
                            <item> de XL solidis receptis <lb/> de uxore dicti
                                    <foreign>Ratet</foreign> de concordia facta pro eo quod
                                accusabatur de furto dicte tele </item>
                            <item> de XL solidis receptis de Guillermo <foreign>Charreton</foreign>
                                de <foreign>Ternant</foreign><lb/> pro periurio </item>
                            <item> de <del rend="overstrike">XXX solidis</del><add
                                    place="interlinear">XXXII solidis</add> receptis de uxore
                                    <foreign>Erraut</foreign> de Salmoya pro eo quod <del
                                    rend="overstrike">verberaverat Berthoudum fa</del> non
                                permittebat se vadiari per familiarem <lb/> castellani </item>
                            <item> de X solidis receptis de Paillereta de Salmoya pro fractura
                                saysine </item>
                            <item> de XV solidis receptis de <foreign>Vay Avant</foreign> de
                                    <foreign>Chavannes</foreign> pro banno saisine <lb/> fracte </item>
                            <item> de XXXVII solidis VI denariis receptis de Iohanne
                                    <foreign>Palmer</foreign><foreign>d’Avites<note> On a écrit <hi
                                            rend="italics">davites</hi>.</note></foreign> pro eo
                                quod ceperat retia vicini sui sine licentia </item>
                            <item> de X solidis receptis de Faverio <lb/> garcione
                                    <foreign>Poillat</foreign><del rend="overstrike">quod v</del>
                                pro eo quod verberavit Sarretum ribaudum </item>
                            <item> de XX solidis receptis de uxore Ruphi de
                                    <foreign>Chavannes</foreign> pro eo quod fecerat sanguinem <lb/>
                                cuidam infanti in naso </item>
                            <item> de XXX solidis receptis de Guidone et Loscho de
                                    <foreign>Vaillie</foreign> hominibus Guidonis de
                                    <foreign>Felinz</foreign> pro banno saysine fracte apud
                                Salmoyacum </item>
                            <item><lb/> de L solidis receptis de dicto Iohanne
                                    <foreign>Palmer</foreign> pro eo quod vocavit alium latronem nec
                                potuit probare </item>
                            <item> de XX solidis receptis de Nicolao de
                                        <unclear><foreign>Monlanglos</foreign></unclear> pro eo
                                <lb/> quod percutiendo alium de nive fecit ei sanguinem in ecclesia
                                Salmoyaci </item>
                            <item> de XV solidis receptis de Guillermo <foreign>Valer</foreign> pro
                                banno saisine fracte </item>
                            <item><lb/> summa : XIX lb. V s. I d. vien. — valent ad parisienses XII
                                libras XVI solidos VIII denarios obolum parisiensium </item>
                            <item> quibus <lb/> aduntur XX solidi parisiensium receptis de Iohanne
                                    <foreign>Quarrel</foreign> pro eo quod accusabatur pignorasse
                                auctoritate propria </item>
                        </list></p>
                </div>
                <div xml:id="clame_3">
                    <head>clame<note> L’écriture change de façon très marquée, ne laissant aucun
                            doute sur le fait que les <hi rend="italics">clame</hi> ont été
                            transcrites par une autre main.</note></head>
                    <p><lb/> idem reddit computum <list>
                            <item> de III solidis viennensium receptis de Perrino carpentario Pontis
                                Vallium pro clama </item>
                            <item> de II solidis receptis ab Hogerio <lb/><foreign>Flandin</foreign>
                                pro eodem </item>
                            <item> de III solidis receptis de Stephano Corbeti pro eodem </item>
                            <item> de II solidis receptis a bubulco Hurici de
                                    <foreign>Salmoie</foreign> clerici <lb/> de VIII solidis
                                receptis a Bollieto de <foreign>Salmoie</foreign> pro duabus clamis </item>
                            <item> de III solidis receptis a Bernardo
                                <foreign>Byatrisat</foreign></item>
                            <item> de IX solidis receptis a Gauterono <foreign>Le <lb/>
                                    Berger</foreign> pro duabus clamis </item>
                            <item> de IIII solidis receptis a dicto <foreign>Plater de
                                    Chavanes</foreign> pro clama </item>
                            <item> de III solidis receptis a domino Guillermo vicario de
                                        <lb/><foreign>Chavanes<note type="césure"><hi rend="italics"
                                            >Cha<lb/>vanes</hi></note></foreign> pro clama </item>
                            <item> de IIII solidis VI denariis receptis a Guillermo
                                    <foreign>Chareton</foreign> pro clama </item>
                            <item> de IX solidis receptis a Guillermo <foreign>Valer</foreign> pro
                                duabus clamis </item>
                            <item> de II solidis <lb/> III denariis receptis a Bernardo
                                    <foreign>Barutz</foreign> pro clama </item>
                            <item> de IIII solidis receptis a Bernardo <foreign>Berchet</foreign>
                                pro clama </item>
                            <item> de IIII solidis VI denariis receptis a Iohanne
                                    <foreign>Palmero</foreign><lb/> pro clama </item>
                            <item> de II solidis III denariis receptis a Morello
                                    <foreign>Creisant</foreign> pro clama </item>
                            <item> de II solidis receptis a Bernardo <foreign>Chofer</foreign> pro
                                clama </item>
                            <item> de XV solidis receptis a Jogueto<note type="césure"><hi
                                        rend="italics">Jogue<lb/>to</hi></note><lb/> de
                                    <foreign>Gorrevot</foreign> pro clama </item>
                            <item> de VI solidis IX denariis receptis a dicto <foreign>Sivot de
                                    Chavanes</foreign> pro tribus clamis </item>
                            <item> de III solidis receptis a Hugonino <foreign>Durestal</foreign>
                                pro clama </item>
                            <item><lb/> de IIII solidis VI denariis receptis ab uxore dicti
                                    <foreign>Le Loche de Salmoie</foreign> pro clama </item>
                            <item> de III solidis receptis a Martino <foreign>Perci</foreign> pro
                                clama </item>
                            <item> de VII solidis receptis <lb/> a dicto <foreign>Mechu de
                                    Tornant</foreign> pro duabus clamis </item>
                            <item> de IIII solidis VI denariis receptis a Girardo <foreign>de
                                    Salmoye</foreign> pro clama </item>
                            <item> de IIII solidis VI denariis receptis a <lb/> Guichardo
                                    <foreign>del Pont<note> On a écrit <hi rend="italics"
                                            >delpont</hi>.</note></foreign> de
                                    <foreign>Sarmoie</foreign> pro clama </item>
                            <item> de IIII solidis receptis a Bernardino <foreign>Girar</foreign> de
                                Arbigniaco pro clama </item>
                            <item> de IIII solidis receptis a Iohanne <lb/> marito filie dicti
                                    <foreign>Colon</foreign> de Ponte Vallium pro clama </item>
                            <item> de III solidis receptis a dicto <foreign>Le Vargne de
                                    Chavanes</foreign> pro clama </item>
                            <item> de IIII solidis <lb/> VI denariis receptis a Bernardo
                                    <foreign>Jaquet</foreign> pro clama </item>
                            <item> de XVIII denariis receptis a Peronino <foreign>Brocart</foreign>
                                pro clama </item>
                            <item> de II solidis receptis a dicto <foreign>La Colli</foreign> pro
                                clama </item>
                            <item><lb/> de II solidis receptis a dicto Segnioreto <foreign>de
                                    Vermont</foreign> pro clama </item>
                            <item> de II solidis receptis a dicto Lescuer garcione Perronini
                                    <foreign>Bertot</foreign> de Ponte <lb/> Vallium pro clama </item>
                            <item> de IIII solidis receptis a Guiberto de Sancto Urbano pro clama </item>
                            <item> de IIII solidis receptis a Regnaudo <foreign>Chivilliar</foreign>
                                pro clama </item>
                            <item><lb/> de V solidis receptis a Perroneto Morelli
                                    <foreign>d’Avites</foreign> pro clama </item>
                            <item> de III solidis receptis a dicto <foreign>Bacelliar de
                                    Salmoye</foreign> pro clama </item>
                            <item><lb/> de III solidis receptis a Petro <foreign>Popet</foreign> pro
                                clama </item>
                            <item> de IIII solidis receptis a Guillermo <foreign>Borgeis</foreign>
                                pro clama </item>
                            <item> de III solidis receptis a Blandino <lb/><foreign>de
                                    Chavanes</foreign> pro clama </item>
                            <item> de IIII solidis VI denariis receptis a Guillermo Mariglerii et a
                                dicto <foreign>Guiochet</foreign> de Sancto Benedicto pro clama </item>
                            <item><lb/> de V solidis receptis a Bernardo <foreign>Bruet</foreign>
                                pro duabus clamis </item>
                            <item> de XII denariis receptis a dicto <foreign>Le Gras</foreign> de
                                Ponte Vallium pro clama <lb/> de III solidis VI denariis receptis a
                                Ponceto <foreign>Durestal</foreign> pro clama </item>
                            <item> de IIII solidis receptis a Benedicto de Feyola pro clama </item>
                            <item> de III solidis <lb/> receptis a Perroneto
                                    <foreign>Popet</foreign><foreign>d’Osen</foreign> pro clama </item>
                            <item> de II solidis VI denariis receptis a Guillermo
                                    <foreign>Grilliar</foreign> de <foreign>Salmoie</foreign> pro
                                clama </item>
                            <item><lb/> summa : IX lb. VII s. III d. vien. — valent ad parisienses
                                VI libras IIII solidos X [denarios]</item>
                        </list></p>
                </div>
            </div>
            <div>
                <milestone n="13" unit="vue"/>
                <pb n="3v?"/>
                <p><lb/> hic sunt domus et plaustra apud Pontem Vallium de quibus non levantur tesie
                    : <list>
                        <item><lb/>domus domini quam emit de Guioneto <foreign>d’Espinoux<note> On a
                                    écrit <hi rend="italics">despinoux</hi>.</note></foreign> contra
                            V tesias et dimidiam</item>
                        <item><lb/>item furnus prope cum plaustro, V <sic>tessias</sic> et
                            dimidiam</item>
                        <item><lb/>item plaustrum paradisi, III tesias</item>
                        <item><lb/>item plaustrum Perronini <foreign>de Correvout</foreign>, X
                            tesias</item>
                        <item><lb/>item aliud plaustrum iuxta domum <foreign>a La Berthouda<note> On
                                    a écrit <hi rend="italics">alaberthoud</hi>.</note></foreign>,
                            XI tesias</item>
                        <item><lb/>item plastrum ecclesie ante et retro, XI tesias</item>
                        <item><lb/>item aliud plaustrum iuxta domus Iohannis Polleti, III tesias et
                            III partes tesie</item>
                    </list></p>
            </div>
            <div>
                <milestone n="14" unit="vue"/>
                <pb n="4v?"/>
                <div xml:id="laudes_et_vende">
                    <head>laudes et vende</head>
                    <p><list>
                            <item><lb/>Johannes <foreign>del Chano </foreign>: II s. vien.</item>
                            <item><lb/>Hugo <foreign>Ribouz</foreign> : <del rend="overstrike">XII
                                    d. </del> XVIII d. vien.</item>
                            <item><lb/>Iohanna de <foreign>Monruersi</foreign> : IIII s. VI d.
                                vien.</item>
                            <item><lb/>Aymo de Lacu : VI s. vien.</item>
                            <item><lb/>dominus Hugo Corvis : III s. vien.</item>
                            <item><lb/>Bernardus de Quercu : XII d. vien.</item>
                            <item><lb/>Poncetus <foreign>Tallifers</foreign> : II s. IIII d. ob.
                                vien.</item>
                            <item><lb/>Aymo de Curia : XVIII d. vien.</item>
                            <item><lb/>dominus Hugo <foreign>Pelleters</foreign> : II s.
                                vien.</item>
                            <item><lb/>Humbertus <foreign>Li Columbari </foreign>: XII d.
                                vien.</item>
                            <item><lb/>Hugo <foreign>de Censors</foreign> : IX d. vien.</item>
                            <item><lb/>Bernardu de Quercu : III d. IIII d. ob. vien.</item>
                            <item><lb/>Raynaudus Iuliani : XXII d. ob. vien.</item>
                        </list></p>
                </div>
                <div xml:id="banna_per_dominum_dimissa">
                    <head>Hic sunt banna per dominum dimissa :</head>
                    <p><list>
                            <item><lb/>domino Henrico de Cabannis pro marito
                                        <unclear><foreign>Rosedothes</foreign></unclear> : VI lb.
                                par.</item>
                            <item><lb/>domino Iohanni de <foreign>Nanton</foreign> pro
                                    <foreign>Pignont</foreign><lb/> pro
                                    <sic>Gichardo</sic><foreign>de Pont</foreign> : VI lb.
                                par.</item>
                            <item><lb/>Guigueto de Nuntiaco pro banerio suo : LX s. par.</item>
                            <item><lb/>domino Gilio de <foreign>Felins</foreign> pro Cosella
                                burgesia sua : LX s. par.</item>
                        </list></p>
                </div>
            </div>
            <div>
                <milestone n="15" unit="vue"/>
                <pb n="?v"/>
                <div xml:id="laudes_et_vende_2">
                    <head>laudes et vende</head>
                    <p><list>
                            <item><lb/>de Gauterio <foreign>Pestorel</foreign> : III denarios
                                parisiensium</item>
                            <item><lb/>de Guichardo de <foreign>Polliat</foreign> : III
                                solidos</item>
                            <item><lb/>de <sic>Iohanni</sic><foreign>Paneter</foreign> : XX
                                denarios</item>
                            <item><lb/>de Meyliant de Bosco : IIII denarios obolum<note> Ces quatre
                                    premiers articles sont liés par une accolade à
                                droite.</note></item>
                            <item><lb/>de Stephano <foreign>Riboudo</foreign> : IIII denarios</item>
                            <item><lb/>de <sic>Guillo</sic><foreign>Hogierio </foreign>: VI
                                denarios</item>
                            <item><lb/>de <foreign>La Cuysela </foreign>: VIII denarios</item>
                            <item><lb/>de Hugone Jacot : XII denarios</item>
                            <item><lb/><sic>d</sic></item>
                            <item><lb/> summa : VII s. IX d. ob. par.</item>
                            <item><lb/>de Pellipario Pontis Vallium : III solidos
                                parisiensium</item>
                            <item><lb/>de <foreign>Requitz</foreign> Pontis Vallium : VII
                                denarios</item>
                            <item><lb/>de Gaynerio : III denarios</item>
                            <item><lb/>de domino Hugone Grosseti : II solidos</item>
                            <item><lb/>de Grosso <foreign>Brudello </foreign>: LIII solidos IIII
                                denarios</item>
                            <item><lb/>de Ponceto <foreign>Duro Seillo </foreign>: VI solidos</item>
                            <item><lb/> summa : LXV s. II d. par.</item>
                        </list></p>
                </div>
            </div>
            <div>
                <milestone n="16" unit="vue"/>
                <pb n="5v?"/>
                <p><del><list>
                            <item><lb/><foreign>Li Enfens</foreign><add place="interlinear">et
                                    frater</add> de Sancto Stephano debebat Poysato <lb/> de redditu
                                ad festum sancti Bartholomei et ad <sic>carniprivum</sic><note
                                    type="césure"><hi rend="italics">carnipri<lb/>vum</hi></note> :
                                <lb/> VI solidos parisiensium <lb/> et II meiteria frumenti et <del
                                    rend="overstrike">XVI cupas</del><add place="interlinear">III
                                    meiteria</add> avene <lb/> et <unclear>deb[ent]</unclear>
                                talliam et II gallinas </item>
                            <item> solverunt XXVI solidos parisiensium</item>
                            <item><lb/>Peronetus de <foreign>Corceles</foreign> homo
                                    <foreign>Poysat</foreign> : X solidos parisiensium redditus et
                                tallie</item>
                            <item><lb/>Guiotus homo quondam <foreign>Margaron</foreign> : III
                                meiteria frumenti <lb/> et I meiterium siliginis <del
                                    rend="overstrike">f</del> et I carrata feni <lb/> que
                                castellanus habuit ex eo quod dominus tenet in saysina</item>
                            <item><lb/> redditum est per dominum comitem</item>
                        </list></del><note> Tout ce paragraphe a été rayé en signe de
                        cancellation.</note></p>
                <p><lb/> conputus Guigonis de Sancto Germano castellanus Pontis Vallium de anno
                    nonagesimo</p>
            </div>
            <div>
                <milestone n="16" unit="vue"/>
                <pb n="5v?"/>
                <p><lb/> cumputus Guigoneti castellani Pontis Vallium nonogesimo secundo<note> Ce
                        titre a été écrit en sens inverse de façon à pouvoir le lire une fois le
                        parchemin roulé.</note></p>
            </div>
            <div>
                <milestone n="17" unit="vue"/>
                <pb n="6v"/>
                <p><lb/> idem reddit <sic>cumputum</sic><list>
                        <item> de LIIII solidis III denariis viennensium receptis de hominibus dicti
                                <foreign>Poysat</foreign> videlicet de Infante de Sancto Stephano
                            super <foreign>Reysouse</foreign><lb/> et fratre suo et de Peroneto de
                                <foreign>Corcelles</foreign> tam pro blado quam denariis in quibus
                            tenebantur dicto <foreign>Poysat</foreign> que redacta sunt <lb/> ad
                            manum domini pro eo quod dictus <foreign>Poysaz</foreign> occidit
                            capellanum de Bysiaco preter talliam de qua nichil fecit dictis
                            hominibus </item>
                        <item> et de Guioto<note type="césure"><hi rend="italics"
                                >Guio<lb/>to</hi></note><lb/> non computat quia dominus desaysivit
                            et reddidit sorori dicte <foreign>Margaron</foreign> et Hugoni de
                                <foreign>Vernuel</foreign> qui inde <del rend="overstrike"
                            >hom</del><lb/> usagiaverunt domino </item>
                        <item> de IIII libris XIII solidis VI denariis receptis de bonis Guidonis
                                    <foreign>d’Espinoux<note> On a écrit <hi rend="italics"
                                        >despinoux</hi>.</note></foreign> saysitis pro hiis que
                            dominus comes <lb/> solvit pro ipso Dayeto Iudeo </item>
                        <item> de XLV solidis receptis de triginta carratis lignorum </item>
                        <item><lb/> summa : IX lb. XII s. IX d. vien. — allocantur in cumputo de
                                <foreign>Chivroux</foreign></item>
                    </list></p>
                <p>Cumputus castellani Pontis Vallium anno nonagesimo secundo</p>
            </div>
        </body>
    </text>
</TEI>
