<?xml version="1.0" encoding="UTF-8"?>
<?xml-model href="http://www.tei-c.org/release/xml/tei/custom/schema/relaxng/tei_all.rng" schematypens="http://relaxng.org/ns/structure/1.0"?>
<TEI xmlns:math="http://www.w3.org/1998/Math/MathML" xmlns="http://www.tei-c.org/ns/1.0"
  xmlns:xi="http://www.w3.org/2001/XInclude" xmlns:svg="http://www.w3.org/2000/svg" xml:id="B9154_2">
  <teiHeader>
    <fileDesc>
      <titleStmt>
        <title>Compte de Barthélémy Sylvestre (Bartholomeus Silvestris), châtelain, pour la
          châtellenie de Pont-de-Vaux, du dimanche 24 juin 1285 au vendredi 2 novembre 1285 <date
            type="debut" from-iso="12850624" cert="high"/><date type="fin" from-iso="12851102"
            cert="high"/></title>
        <respStmt>
          <persName><name xml:lang="fra">Barthélémy Sylvestre</name><name xml:lang="lat"
              >Bartholomeus Silvestris</name></persName>
          <resp>Châtelain</resp>
        </respStmt>
      </titleStmt>
      <publicationStmt>
        <p>Alain Kersuzan et Frédéric Chartrain, avec la collaboration de Nils Mantilleri, Jean-Michel Poisson et Marianne Ronot, 
          <title>Compte de Barthélémy Sylvestre (<hi rend="italics">Bartholomeus Silvestris</hi>), châtelain, pour la
            châtellenie de Pont-de-Vaux, du dimanche 24 juin 1285 au vendredi 2 novembre 1285</title>,
          Lyon - Chambéry, 2011 (<title>Documents comptables des Etats de Savoie, XIIIe - XVe s.</title>)</p>
      </publicationStmt>
      <seriesStmt>
        <title>Pont-de-Vaux</title>
      </seriesStmt>
      <sourceDesc>
        <p>Information about the source</p>
      </sourceDesc>
    </fileDesc>
  </teiHeader>
  <text>
    <body>
      <milestone n="2" unit="vue"/>
      <pb n="1"/>
      <div xml:id="prologue">
        <p><lb/>Computus Bartholomei Silvestris castellani Pontis Vallium a festo beati Iohannis
          <lb/> baptiste anno Domini Mo CCo octogesimo quinto usque ad diem veneris in crastino
          omnium sanctorum </p>
      </div>
      <div xml:id="recepte">
        <div xml:id="frumentum">
          <head><supplied>frumentum</supplied><note> Ce compte est dépourvu de rubriques
              marginales.</note></head>
          <p><lb/> idem reddit computum <list>
              <item> de VII cupis frumenti receptis de exitu coponagii per idem tempus </item>
              <item> de V meiteriis receptis a Petro <lb/><foreign>dou Trembley</foreign> et
                fratribus suis pro servitio mansi quod tenet a domino quod aquisivit dictus
                castellanus videlicet de duobus <lb/> annis quia non debet dictum mansum nisi duo
                meiteria et dimidium </item>
              <item> de II meiteriis et dimidio receptis de manso de <foreign>Fromentaz</foreign>
                scilicet <lb/> de uno anno et est sciendum quod tantumdem debetur de anno preterito
                : iniunctum est Guillermo <foreign>Cadout</foreign> ut recuperet </item>
              <lb/>
              <item> summa frumenti : VIII meiteria IIII cupe ad mensuram Baugiaci — remanent</item>
            </list></p>
        </div>
        <div xml:id="siligo">
          <head><supplied>siligo</supplied></head>
          <p><list>
              <item> de III meiteriis II cupis siliginis receptis de exitu coponagii per dictum
                tempus </item>
              <item> de X meiteriis receptis ab hominibus de vico <foreign>Albignie</foreign> de
                redditu <lb/> asiso per annum </item>
              <item> de IIII meiteriis receptis in villa Sancti Benigni de prepositura </item>
              <item> de XVIII meiteriis receptis apud Boscum de prepositura </item>
              <lb/>
              <item> de IX meiteriis receptis ibidem de chacipolleria </item>
              <item> de IIII meiteriis receptis a Guillermo Bellevro de redditu asiso per annum pro
                <lb/> manso <foreign>au Chapotat</foreign></item>
              <item> de II meiteriis <del rend="overstrike">receptis</del> et dimidio receptis de
                exitu partis quam dominus habet in molendino de <foreign>Marceseys</foreign> empta
                <lb/> de Hugone de
                  <foreign><unclear>Guorr<supplied>evod</supplied></unclear></foreign></item>
              <item> de V meiteriis receptis ad mensuram Baugiaci de Petro <foreign>del
                  Trembley</foreign> et fratribus suis de servitio sui <lb/> mansi ut supra in
                frumento </item>
              <item> summa siliginis ad mensuram Pontis Vallium : LV meiteria II cupe dimidia —
                deductis duabus <lb/> cupis et dimidia pro quinque meiteriis que sunt ad mensuram
                Baugiaci que est tantum minor illa Pontis Vallium</item>
            </list></p>
        </div>
        <div xml:id="avena">
          <head><supplied>avena</supplied></head>
          <p><lb/> idem reddit computum <list>
              <item> de IIII meiteriis avene receptis de Petro <foreign>del Trembley</foreign> ad
                mensuram Baugiaci ut supra in frumento et siligine videlicet <lb/> de duobus annis </item>
              <item> de II meiteriis dimidio receptis de manso <foreign>des Fromentaz</foreign> de
                servitio huius anni </item>
              <item> de <unclear>copp<supplied>onagio nulla</supplied></unclear> per dictum tempus </item>
              <lb/>
              <item> de garda respondebit Guillermus <foreign>Cadouz</foreign> de XXVII meiteriis </item>
              <item> summa : VI meiteria dimidium — valent ad mensuram Pontis Vallium : VI
                  meiteria<note> Cette conversion a été ajouté en fin de ligne et dans l’interligne
                  inférieur.</note></item>
            </list></p>
        </div>
        <div xml:id="milium">
          <head><supplied>milium</supplied></head>
          <p><lb/> idem reddit computum <list>
              <item> de I cupa milii et de I cupa panicii receptis de exitu coponagii per dictum
                tempus</item>
            </list></p>
        </div>
        <div xml:id="nuces">
          <head><supplied>nuces</supplied></head>
          <p><list>
              <item> de medietate cupe nucum <lb/> recepta pro eodem — vendantur ut infra </item>
            </list></p>
        </div>
        <div xml:id="panes_cera_galline">
          <head><supplied>panes cera et galline</supplied></head>
          <p><list>
              <item> de panibus cera et gallinis respondebit Guillermus <foreign>Cadouz</foreign>
                castellanus post ipsum</item>
            </list></p>
        </div>
        <div xml:id="carrelli">
          <head><supplied>carrelli</supplied></head>
          <p><lb/> idem reddit computum <list>
              <item> de C carrellis sive flechonibus receptis a Guillermo Fabri pro porteria porte
                deversus <unclear>Cuys<supplied>erium</supplied></unclear> et de porta <lb/>
                deversus Baugiacum non est solutum sex anni sunt elapsi </item>
              <item> de CC carrellis de remanentia computi sui </item>
              <lb/>
              <item> summa : CCC carrelli — librantur Guillermo <foreign>Cadout</foreign></item>
            </list></p>
        </div>
        <div xml:id="denarii">
          <head><supplied>denarii</supplied></head>
          <p><lb/> idem reddit computum <list>
              <item> de XXXII solidis receptis a Petro <foreign>dou Trembley</foreign> et fratribus
                suis pro servitio sui mansi videlicet de duobus annis </item>
              <lb/>
              <item> de V solidis receptis de redditu mansi de <foreign>Fromentaz</foreign> scilicet
                de uno anno et debet de alio </item>
              <item> de IX solidis receptis de exitu medietatis <lb/> furni per dictum tempus </item>
              <item> de XL solidis receptis de exitu parvi pedagii et leyde fori </item>
              <item> de XXXIIII solidis receptis de exitu nundinarum <lb/> Sancti Benigni que
                fuerunt in festo beati Chistofori </item>
              <item> de VII solidis receptis de exitu <sic>credagii</sic> et exegagii per idem
                tempus </item>
              <item> de XL solidis <lb/> receptis de talliis hominum Sancti Benigni que
                    <unclear>f<supplied>uerun</supplied>t</unclear> in festo sancti Bartholomei </item>
              <item> et est sciendum quod taillia de Bosco <lb/> est obligata hominibus de Ponte
                Vallium quare non computat de eodem </item>
              <item> de VI solidis VIII denariis receptis de <foreign>Benyot</foreign> Iudeo pro
                medietate <lb/> sue cense unius anni </item>
              <item> de censis Iudeorum et <sic>caoucini</sic> respondebit Guillermus
                  <foreign>Cadouz</foreign></item>
              <lb/>
              <item> summa : VIII lb. XIII s. VIII d. </item>
            </list></p>
        </div>
        <div xml:id="banna">
          <head><supplied>banna</supplied></head>
          <p><lb/> idem reddit computum <list>
              <item> de XIII libris VI solidis VIII denariis receptis de bannis per idem tempus </item>
              <item> de XVII solidis receptis de clamis per idem tempus </item>
              <lb/>
              <item> summa : XIIII lb. <sic>XII s.</sic><note> On attendrait <hi rend="italics">III
                    s.</hi></note> VIII d. </item>
              <item> deducuntur IIII libre XVII solidi VI denarii pro tertia parte quam percipit
                castellanus <lb/> per conventionem sibi factam ut in suis litteris </item>
              <item> et restant domino IX libre XV solidi II denarii</item>
            </list><add place="leftMargin"><list>
                <item><lb/>memorandum quod <lb/> de XL solidis parisiensium <lb/> quos debet filus
                        <lb/><foreign><unclear>Alab<supplied>oc</supplied></unclear></foreign><add
                    place="interlinear"><unclear>pro par<supplied>iurio</supplied></unclear></add>
                  non <lb/> computat quia <lb/> non recuperavit <lb/> sed debet recuperare et
                  computare</item>
              </list></add></p>
        </div>
        <div xml:id="venditiones">
          <head><supplied>venditiones</supplied></head>
          <p><lb/> idem reddit computum <list>
              <item> de XVIII denariis receptis de milio panicio et nucibus venditis pro tanto ut
                supra</item>
            </list></p>
        </div>
        <div xml:id="bilan_recepte">
          <p><lb/><list>
              <item> summa totius recepte : XVIII lb. X s. IIII d.</item>
              <item> quibus aduntur XXVII libre II solidi IX denarii <lb/> et sic est summam : XLV
                lb. XIII s. I d.</item>
            </list></p>
        </div>
      </div>
      <div xml:id="expense_et_librate">
        <div xml:id="expense">
          <head><supplied>expense</supplied></head>
          <p><list>
              <item> de quibus <lb/> in expensis cursorum domini de Turre detentorum ibidem per XII
                septimanas : XX solidos </item>
              <item> in expensis plurimorum nuntiorum exploratorum : VI solidos <lb/> IIII denarios </item>
              <item> item <unclear>aucipit<supplied>ori</supplied></unclear> qui
                    <unclear>ten<supplied>dit</supplied></unclear> ad falconem : XX solidos </item>
              <item> in expensis cavalcate facte apud Sanctum Andream de mandato Hugonis <lb/> de
                  <foreign>Luysi</foreign> et domini H<supplied>ugonis</supplied> de Chandeya :
                  XXVIII<note> On avait, semble-t-il, commencé à écrire <hi rend="italics">XV</hi>
                  et le nombre est raturé.</note> solidos </item>
              <item> item in stipendio trium balistarum quos tenuit apud Sagyacum per plures <lb/>
                dies tempore messium et fuerunt IIIIXX et sex quasi per unam diem : IIII libras VI
                solidos </item>
              <lb/>
              <item> summa expense : VIII lb. IIII d.</item>
            </list></p>
        </div>
        <div xml:id="librate">
          <head><supplied>librate</supplied></head>
          <p><lb/><list>
              <item> item libravit Guespe de castellania de <foreign>Marbo</foreign> de mandato
                domini ut per litteram eius, de XL libris viennensium, VI libras XIII solidos IIII
                  <add place="interlinear">denarios parisiensium</add></item>
              <item> item domine mee ut per litteram eius quam reddit : VI libras IIII denarios
                parisiensium </item>
              <lb/>
              <item> item allocantur sibi pro suo salario quatuor <sic>menssium</sic> et dimidii C
                solidi parisiensium </item>
              <lb/>
              <item> summa librate : XVIII lb. VI s. VIII d. par.</item>
            </list></p>
        </div>
        <div xml:id="bilan_expense_et_librate">
          <p><lb/><list>
              <item> summa expense et librate : XXVI lb. VII s. par.</item>
            </list></p>
        </div>
      </div>
      <div xml:id="bilan">
        <p><lb/><list>
            <item> et sic debet XIX libras VI solidos I denarium parisiensium</item>
            <lb/>
            <item> petit sibi allocari XX solidos viennensium quos tradidit cuidam clerico de
              mandato Petri Clerici ut dicit </item>
            <item> item petit salarium pro domo <lb/> de <foreign>Chyvrox</foreign></item>
          </list></p>
      </div>
    </body>
  </text>
</TEI>
