<?xml version="1.0" encoding="UTF-8"?>
<?oxygen RNGSchema="http://www.tei-c.org/release/xml/tei/custom/schema/relaxng/tei_all.rng" type="xml"?>
<TEI xmlns:math="http://www.w3.org/1998/Math/MathML" xmlns="http://www.tei-c.org/ns/1.0"
    xmlns:xi="http://www.w3.org/2001/XInclude" xmlns:svg="http://www.w3.org/2000/svg"
    xml:id="B9152_1">
    <teiHeader>
        <fileDesc>
            <titleStmt>
                <title>Compte de la châtellenie de Pont-de-Vaux (<foreign xml:lang="lat">Pontis
                        Vallium</foreign>), d'une date inconnue jusqu'au lundi 24 juin 1275 <date
                        type="debut" from-iso="12730101" cert="unknown"/><date type="fin"
                        from-iso="12750624" cert="high"/></title>
                <respStmt>
                    <persName><name xml:lang="fra">?</name><name xml:lang="lat">?</name></persName>
                    <resp>Châtelain</resp>
                </respStmt>
            </titleStmt>
            <publicationStmt>
                <p>Alain Kersuzan et Frédéric Chartrain, avec la collaboration de Nils Mantilleri, Jean-Michel Poisson et Marianne Ronot, 
                    <title>Compte de la châtellenie de Pont-de-Vaux, d'une date inconnue jusqu'au lundi 24 juin 1275</title>,
                    Lyon - Chambéry, 2011 (<title>Documents comptables des Etats de Savoie, XIIIe - XVe s.</title>)</p>
            </publicationStmt>
            <seriesStmt>
                <title>Pont-de-Vaux</title>
            </seriesStmt>
            <sourceDesc>
                <p>Information about the source</p>
            </sourceDesc>
        </fileDesc>
    </teiHeader>
    <text>
        <body>
            <milestone n="02" unit="vue"/>
            <pb n="1"/>
            <div xml:id="recepte">
                <div xml:id="siligo">
                    <head><supplied>siligo</supplied></head>
                    <p><lb/>idem reddit computum <list>
                            <item> de <damage extent="un mot" type="support_détruit"/> meyteriis
                                siliginis receptis <supplied reason="support détruit">de
                                    exitu</supplied> [co]punagii hoc anno <add place="interlinear"
                                    >exitu</add> usque <supplied reason="support_détruit">ad
                                    diem</supplied> sabbati predictam et de residuo <damage
                                    extent="deux mots" type="support_détruit">…
                                        <supplied>deret</supplied></damage><lb/> respondere </item>
                            <item> de X meyteriis receptis de hominibus <del
                                    rend="underlined_dotted">de</del><supplied
                                    reason=" support endommagé">vici de
                                    <foreign>Arbignie</foreign></supplied> hoc anno </item>
                            <item> de IIII meiteriis receptis de hominibus Sancti Benigni de
                                prepositura hoc anno </item>
                            <item><lb/>de XVIII meiteriis receptis apud Boscum pro eodem </item>
                            <item> de <unclear>VI</unclear><note> L’entrée correspondante dans le
                                    compte de l’exercice suivant est <hi rend="italics">de IX
                                        meyteriis receptis ibidem de chacipoleria per
                                    annum</hi></note> meiteriis receptis de hominibus de Bosco pro
                                chacipoleria </item>
                            <item> de <unclear>tenementario</unclear> hominum de
                                        <unclear><foreign>Chavanno[z]</foreign></unclear><lb/>
                                nichil hoc anno <damage extent="six mots" type="support_endommagé"/>
                                et est ibi bladum de quo dominus debet habere <add
                                    place="interlinear">secundum</add> usagium terre partem
                                fructuum</item>
                        </list></p>
                    <p><lb/>summa recepte siliginis : LIII meiterios — vendatur ut infra</p>
                </div>
                <div xml:id="avena">
                    <head>avena</head>
                    <p><lb/>idem reddit computum <list>
                            <item> de XV meiteriis avene receptis de hominibus de
                                    <foreign>Sarmoie</foreign> pro garda </item>
                            <item> de I meiterio recepto de manso <foreign>Osan</foreign> pro eodem </item>
                            <item> de I meiterio recepto <lb/> de
                                    <unclear>Per[oneto]</unclear><foreign>Popet</foreign> et fratre
                                eius pro eodem </item>
                            <item> de I meiterio recepto de Perreto Munerii et Martino Bordeiruel
                                pro eodem </item>
                            <item> de I meiterio recepto de Hugone de
                                    <lb/><foreign>Alunzie</foreign> pro eodem </item>
                            <item> de I meiterio recepto de liberis <foreign>Valer</foreign> pro
                                eodem </item>
                            <item> de I meiterio recepto de <unclear>P[erino]</unclear> de
                                        <unclear><foreign>M[on]lufer</foreign></unclear> pro eodem </item>
                            <item> de I meiterio recepto <foreign>des Paleis</foreign><lb/> pro
                                eodem </item>
                            <item> de I meiterio recepto de Petro <foreign>dou Bez</foreign> pro
                                eodem </item>
                            <item> de I meiterio recepto <foreign>dou Devin</foreign> pro eodem </item>
                            <item> de copunagio nichil hoc anno </item>
                        </list></p>
                    <p><lb/>summa : XXIIII meiterios avene</p>
                    <p><lb/>summa : XXIIII meiterios avene, de quibus <list>
                            <item><lb/> ad expensas Thome de Sabaudia factas apud Pontem Vallium die
                                mercurii post festum beati Martini ut patet per litteram suam : III
                                meiterios </item>
                            <item> item magistro <lb/> Pontio facienti extentas apud Pontem Vallium
                                die martis ante festum beati Martini per septem dies ut patet per
                                litteram suam : X cupas </item>
                            <item> item ad expensas <lb/> domini factas apud Pontem Vallium sabbato
                                post pascham quando ibi fuit <foreign>Othon</foreign> de Burgundia :
                                VII cupas </item>
                        </list></p>
                    <p><lb/>summa librate : V meiterios I cupa, sic debet : XVIII meiterios VII
                        cupas — vendantur ut infra</p>
                </div>
                <div xml:id="cera">
                    <head>cera</head>
                    <p><lb/> idem reddit computum <list>
                            <item> de I libra cere recepta de relicta <foreign>Cornay</foreign> pro
                                garda </item>
                            <item> de I libra recepta de Stephaneto de Molendino pro eodem </item>
                        </list></p>
                    <p><lb/>summa : II libras</p>
                </div>
                <div xml:id="fenum">
                    <head>fenum</head>
                    <p><lb/> idem reddit computum <list>
                            <item> de IX carratis feni receptis de exitu pratorum hoc anno </item>
                        </list></p>
                    <p><lb/>summa : IX carratas</p>
                    <p>de quibus <list>
                            <item>ad expensas domini <lb/> Thome de Sabaudia per unam diem et
                                magistri Pontii predicti facientis extentas per septem dies per
                                extimationem : I carratam </item>
                        </list></p>
                    <p><lb/>sic debet : VIII carratas — vendantur</p>
                </div>
                <div xml:id="galline">
                    <head><sic>gualline</sic></head>
                    <p><lb/>idem reddit computum <list>
                            <item>de VI<hi rend="sup">XX</hi> XVII gallinis receptis in castellania
                                Pontis Vallium<note> L’initiale semble raturée.</note> hoc anno ut
                                in extenta </item>
                        </list></p>
                    <p><lb/>summa eadem</p>
                    <p><list>
                            <item><del rend="overstrike"> de qu</del><note> Ce premier <hi
                                        rend="italics">de quibus</hi> n’était pas assez en bout de
                                    ligne.</note></item>
                            <item> de quibus habuit <lb/> dominus Thomas ad expensas suas apud
                                Pontem Vallium ut patet per litteram suam : XXI </item>
                        </list></p>
                    <p><lb/>sic debet : CXVI gallinas — vendantur</p>
                </div>
                <div xml:id="panes">
                    <head>panes</head>
                    <p><lb/>idem reddit computum <list>
                            <item>de IIII panibus receptis in castellania predicta hoc anno et debet
                                esse quilibet panis ut in extenta de I cupa frumenti </item>
                        </list></p>
                    <p><lb/>summa : IIII panes — vendantur</p>
                </div>
                <div xml:id="denarii">
                    <head>denarii</head>
                    <p><lb/> idem reddit computum <list>
                            <item> de XXIIII solidis parisiensium receptis de [red]ditu asiso apud
                                Pontem Vallium ut in extenta </item>
                            <item> de X solidis III denariis receptis ad vicum de
                                    <foreign>Arbignie</foreign><lb/> pro eodem </item>
                            <item> de VII libris VI solidis receptis de teisis apud Pontem Vallium
                                    <add place="interlinear">ut</add> in extenta </item>
                            <item> de XXXI solidis IIII denariis receptis de pedagio nundinarum
                                mensis madii <lb/> hoc anno </item>
                            <item> de XL solidis receptis de exitu alterius pedagii per totum annum </item>
                            <item> de IIII libris X solidis VIII denariis receptis de exitu leyde
                                fori hoc anno </item>
                            <item><lb/>de XIII solidis IIII denariis receptis de exitu cridagii et
                                exegagii hoc anno </item>
                            <item> de L solidis receptis de exitu medietatis furni hoc anno </item>
                            <item> de IIII solidis <lb/> receptis de firma quatuor bancarum macelli
                                hoc anno </item>
                            <item> de IIII solidis VI denariis receptis de exitu firme sexte partis
                                forestagii et riverie hoc anno <lb/><note> On a imparfaitement
                                    effacé ici, sans doute à l’eau, une demi-ligne de texte.
                                </note></item>
                        </list></p>
                    <p> summa : XX lb. XIIII s. I d.</p>
                </div>
                <div xml:id="tallie">
                    <head>tallie</head>
                    <p><lb/> idem reddit computum <list>
                            <item> de XVIII libris receptis de talliis hominum de Bosco duobus
                                terminis per annum </item>
                            <item> de IIII libris receptis de hominibus Sancti Benigni duobus <lb/>
                                terminis pro eodem </item>
                            <item> de VI libris XIII solidis IIII denariis receptis de tribus
                                albergis Iudeorum morantium apud Pontem Vallium ut in extenta
                            </item>
                        </list></p>
                    <p><lb/>summa : XXVIII lb. XIII s. IIII d.</p>
                </div>
                <div xml:id="banna">
                    <head>banna</head>
                    <p><lb/> idem reddit computum <list>
                            <item> de XIII libris IIII solidis receptis de Iohanne <foreign>dou
                                    Truncha</foreign> pro banno ex eo quod posuerat ignem in fenum
                                unius hominis de nocte </item>
                            <item> de LXVI solidis <lb/> VIII denariis receptis de Bernardo
                                    <foreign>Raisin</foreign> pro eodem ex eo quod verbaverat unum
                                famulum castellani </item>
                            <item> de XX solidis receptis de Iohanne <foreign>Nisart</foreign><note>
                                    Le mot est raturé.</note> pro eodem ex eo quod <lb/> suspectus
                                habebatur de furto </item>
                            <item> de XX solidis receptis de Guidone <foreign>Guillaut</foreign> ex
                                eo quod suspectus erat furatus fuisse unum lapidem de
                                    <unclear>[t]ou</unclear></item>
                            <item> de XVI solidis <lb/> VIII denariis receptis de Rupho de
                                    <foreign>Albignie</foreign><add place="interlinear">ex eo</add>
                                quod suspectus habebatur de adulterio </item>
                            <item> de XX solidis receptis de Guillermo de Foresta ex eo quod
                                butaverat in publico foro <lb/><sic>quandam</sic> mulierem </item>
                            <item> de LIII solidis IIII denariis receptis de quodam homine domini
                                Guillermi de Chandeya canonico Sancti Petri pro eo quod acusabatur
                                furtive cepisse <lb/> unam peciam carnium in macello </item>
                        </list></p>
                    <p>summa : XXIII lb. VIII d. — in quibus castellanus percipit tertiam partem per
                        conventionem <lb/> sibi factam et remanent domino : XV libre VII solidi II
                        denarii </p>
                </div>
                <div xml:id="clame">
                    <head>clame</head>
                    <p><lb/> idem reddit computum <list>
                            <item> de III solidis receptis de Guigone <foreign>Biatrat</foreign> pro
                                clama </item>
                            <item> de III solidis receptis de Freperio pro eodem </item>
                            <item> de Guichardo <foreign>Barut</foreign> et filio pro duabus clamis
                                : <lb/> VI solidos </item>
                            <item> de III solidis receptis de <foreign>Caillat</foreign> pro eodem </item>
                            <item> de III solidis receptis de Stephano Mailleti pro eodem </item>
                            <item> de III solidis receptis de <del rend="underlined_dotted"
                                    >Gino</del><foreign> </foreign>Iohanne <foreign>Solaz</foreign>
                                pro eodem </item>
                            <item> de III solidis receptis <lb/> ab eodem pro eodem </item>
                            <item> de III solidis receptis ab eodem et pro eodem </item>
                            <item> de III solidis receptis de domino Hugone
                                    <foreign>Tissot</foreign> capellano </item>
                            <item> de III solidis receptis de Guichardo <foreign>Garin</foreign> pro
                                eodem </item>
                            <item> de VI solidis <lb/> receptis de Bernardo
                                    <foreign>Berchet</foreign> pro duabus clamis </item>
                            <item> de III solidis receptis ab eodem et pro eodem </item>
                            <item> de III solidis receptis ab eodem </item>
                            <item> de VI solidis receptis de <foreign>Popon</foreign> pro eodem </item>
                            <item> de VI solidis <lb/> receptis de <foreign>Castin</foreign> et
                                filio Berardi<note> On avait écrit <hi rend="italics">Bernardi</hi>,
                                    mais le n a été exponctué.</note> pro eodem </item>
                            <item> de III solidis receptis de Hugone de
                                    <foreign>Verney</foreign><note> Pour <hi rend="italics"
                                        >Vernay</hi>, c<hi rend="sup">ne</hi> de Gorrevod.</note>
                                pro eodem </item>
                            <item> de III solidis receptis de filio fabri de
                                    <foreign>Pirignia</foreign><note> Pour <hi rend="italics"
                                        >Pérignat</hi>, c<hi rend="sup">ne</hi> de
                                    Saint-Étienne-sur-Reyssouze.</note> pro eodem </item>
                            <item><lb/>de III solidis receptis de <add place="interlinear"
                                    >dicto</add> Hugone de <foreign>Verney</foreign> pro eodem </item>
                            <item> de VI solidis receptis de dicto Iohanne <foreign>Solaz</foreign>
                                pro eodem </item>
                            <item> de III<note> On avait apparemment commencé à écrire <hi
                                        rend="italics">VI</hi>, mais le chiffre a été gratté.</note>
                                solidis receptis de Hugone <foreign>Bolart</foreign> pro eodem </item>
                            <item> de III solidis receptis <lb/> de Guillermo
                                    <foreign>Flechet</foreign> pro eodem </item>
                            <item> de III solidis receptis de Ramello pro eodem </item>
                            <item> de III solidis receptis de dicto Bernardo
                                    <foreign>Berchet</foreign> pro eodem </item>
                        </list></p>
                    <p><lb/>summa : IIII lb. IIII s.</p>
                </div>
                <div xml:id="laudes">
                    <head>laudes</head>
                    <p><lb/> idem reddit computum <list>
                            <item> de XVIII solidis receptis de Hugone Grasso pro una domo empta de
                                Hugone <foreign>d’Elonzia</foreign><note> Pour <hi rend="italics"
                                        >Allonziat</hi>, c<hi rend="sup">ne</hi> d’Ozan. On avait
                                    écrit <hi rend="italics">dalonzia</hi>, mais la première voyelle
                                    a été raturée.</note></item>
                            <item> de IX solidis receptis de Gauterono <foreign>dou
                                    Truchal</foreign><lb/> ex causa unius pecie terre empte de uxore
                                Guiardi de Bosco </item>
                            <item> de II solidis III denariis receptis de Hugone
                                    <foreign>d’Elonzia</foreign> pro eodem </item>
                            <item> de XIIII solidis receptis de Guillermo
                                    <foreign>Durestal</foreign><lb/> pro laudibus unius domus empte
                                de Guichardo <foreign>Durestal</foreign></item>
                            <item> de LVI solidis receptis de Iohanne <foreign>Quarral</foreign> pro
                                laudibus unius domus permutate cum Guillermo de Marruro </item>
                            <item><lb/>de VI solidis receptis de Iocerando fabro pro laudibus domus
                                empte de Iocerio nepote suo </item>
                        </list></p>
                    <p><lb/>summa : C V s. III d.</p>
                </div>
                <div xml:id="venditiones">
                    <head>venditiones</head>
                    <p><lb/> idem reddit computum <list>
                            <item> de XXVIII solidis receptis de quatuor meiteriis frumenti
                                    venditis<note> On avait apparemment d’abord écrit <hi
                                        rend="italics">vendis</hi>, et le mot est raturé.</note> ut
                                supra quolibet meiterio vendito septem solidis </item>
                            <item> de X libris XIII solidis IIII denariis <lb/> receptis de
                                quadraginta meiteriis siliginis venditis quolibet meiterio V solidis
                                IIII denariis, deductis duobus meiteriis datis pro gietis </item>
                            <item> de LXX solidis receptis de undecim meiteriis <lb/> siliginis
                                quorum quatuor vendita fuerunt quodlibet septem solidis et alia
                                quodlibet sex solidis </item>
                            <item> de CXVII solidis receptis de decem octo meiteriis avene venditis
                                <lb/> quolibet sex solidis dimidio deductis septem cupis libratis
                                scutiferis vadiantibus Guillermum de <foreign>Paignie</foreign>
                                quando ceperat falconem domini </item>
                            <item> de XXXII solidis receptis <lb/> de octo carratis feni venditis ut
                                supra </item>
                            <item> de XXXVIII solidis VIII denariis receptis de centum sexdecim
                                gallinis venditis ut supra </item>
                            <item> de IIII solidis VIII denariis receptis de <lb/> quatuor panibus
                                venditis ut supra </item>
                        </list></p>
                    <p> summa : XXV lb. III s. VIII d.</p>
                    <div type="sub">
                        <head>arreragium</head>
                        <p><lb/> idem reddit computum <list>
                                <item> de XXIIII solidis II denariis receptis a se ipso de
                                    remanentia computi precedentis ut patet in ipso videlicet pro
                                    triginta sex solidis III denariis obolo viennensium </item>
                            </list></p>
                        <p><lb/>summa : XXIIII<note> Le dernier chiffre n’est presque plus visible,
                                mais cela est probablement plutôt la conséquence d’un accident que
                                d’un grattage volontaire.</note> s. I d.<note> On atendrait II
                                d.</note></p>
                    </div>
                </div>
                <div xml:id="bilan_recepte">
                    <p><lb/>summa <sic>tottalis</sic> recepte : C lb. XI s. VIII d par. </p>
                </div>
            </div>
            <div xml:id="expense_et_librate">
                <p><list>
                        <item> de quibus <lb/> idem libravit ad expensas domini Thome de Sabaudia
                            factas apud Pontem Vallium die mercurii et die iovis post festum beati
                            Martini ut patet <lb/> per suam litteram sigillatam : LXIX solidos X
                            denarios parisiensium </item>
                        <item><lb/>item libravit domino Petro de Montefalcone baillivo Baugiaci in
                            diversis particulis ut patet per tria paria litterarum et per
                            confessionem ipsius pro<note> Cette préposition paraît avoir été ajoutée
                                d’une autre encre.</note><lb/> sexaginta octo libris tresdecim
                            solidis viennensium : XLV libras XV solidos IIII denarios parisiensium </item>
                        <item><lb/>item eidem libravit per manum Iudeorum<note> L’initiale est
                                raturée.</note> Pontis Vallium predictorum pro decem libris
                            viennensium : VI libras XIII solidos IIII denarios </item>
                        <item><lb/>item eidem ballivo ut per confessionem ipius : LXVI solidos
                                VIII<note> Le chiffre a été raturé.</note> denarios </item>
                        <item><lb/>item libravit magistro Pontio facienti extentas pro expensis ut
                            patet per litteram suam : XII solidos </item>
                        <item><lb/>item libravit Petro clerico domini Amedei ad expensas Othonis de
                            Burgundia per unam diem : LXXIX solidos III denarios </item>
                        <item><lb/>item expensis clientum euntium ad vadiandum Guillermum de
                                <foreign>Paignie</foreign> quando fuit captus <sic>falconus</sic>
                            domini : XVII solidos X denarios </item>
                        <item><lb/>item pro feno domini supradicto falcando fenando reponendo : XV
                            solidos VIII denarios </item>
                        <item><lb/>item sibi ipsi pro salario suo per conventionem factam pro
                            quindecim libris viennensium : X libras</item>
                    </list></p>
                <p><lb/>summa librate : LXXV lb. IX s. XI d.</p>
            </div>
            <div xml:id="bilan">
                <p><lb/>sic debet domino predicto facto finali computo : XXV libras XXI denarios
                    parisiensium </p>
                <p><list>
                        <item><lb/>memorandum quod baillivus non computat primo computo suo hos
                            ultimos LXVI solidos VIII denarios parisiensium sibi traditos a dicto
                            castellano <lb/> item idem reddit computum </item>
                        <item> de I cupa frumenti recepta de coponagio a die sabbati post festum
                            apostolorum Philipi et Iacobi predictum usque ad festum <lb/> beati
                            Iohannis baptiste </item>
                        <item> de I meyterio siliginis recepto de exitu coponagii per idem tempus </item>
                        <item> venditum est frumentum et siligo X solidis parisiensium<note> Ce
                                paragraphe paraît écrit d’une autre main, ce que semble confirmer
                                l’emploi de coponagium et non de copunagium comme
                                précédemment.</note></item>
                        <item><lb/>Guillermus faber de Ponte Vallium debet annuatim C carrellos ad
                            unum pedem </item>
                        <item><lb/>Iocerandus filius Iohannis fabri : C carrellos </item>
                        <item><lb/>clericus <foreign>Bechaz</foreign> de Sancto Stephano est in
                            garda domini Baugiaci pro I libra cere annuatim</item>
                    </list></p>
            </div>
        </body>
    </text>
</TEI>
