<?xml version="1.0" encoding="UTF-8"?>
<?xml-model href="http://www.tei-c.org/release/xml/tei/custom/schema/relaxng/tei_all.rng" schematypens="http://relaxng.org/ns/structure/1.0"?>
<TEI xmlns:math="http://www.w3.org/1998/Math/MathML" xmlns="http://www.tei-c.org/ns/1.0"
    xmlns:xi="http://www.w3.org/2001/XInclude" xmlns:svg="http://www.w3.org/2000/svg"
    xml:id="B9154_5">
    <teiHeader>
        <fileDesc>
            <titleStmt>
                <title>Compte d'Aynard de Bardonnèche (dominus Aynardus de Bardonesca), châtelain de
                    Pont-de-Vaux et juge de la terre de Bagé tenant la maison de Chevroux (tenens
                    domum de Chivrous), pour la châtellenie de Pont-de-Vaux, du mercredi 1er mai
                    1286 au samedi 22 février 1287 (nouveau style) <date type="debut"
                        from-iso="12860501" cert="high"/><date type="fin" from-iso="12870222"
                        cert="high"/></title>
                <respStmt>
                    <persName><name xml:lang="fra">Aynard de Bardonnèche</name><name xml:lang="lat"
                            >Aynardus de Bardonesca</name><roleName>châtelain de Pont-de-Vaux et
                            juge de la terre de Bâgé tenant la maison de
                        Chevroux</roleName></persName>
                    <resp>Châtelain</resp>
                </respStmt>
            </titleStmt>
            <publicationStmt>
                <p>Alain Kersuzan et Frédéric Chartrain, avec la collaboration de Nils Mantilleri, Jean-Michel Poisson et Marianne Ronot, 
                    <title>Compte d'Aynard de Bardonnèche (<hi rend="italics">dominus Aynardus de Bardonesca</hi>), châtelain de
                        Pont-de-Vaux et juge de la terre de Bagé tenant la maison de Chevroux (tenens
                        domum de Chivrous), pour la châtellenie de Pont-de-Vaux, du mercredi 1er mai
                        1286 au samedi 22 février 1287 (nouveau style)</title>,
                    Lyon - Chambéry, 2011 (<title>Documents comptables des Etats de Savoie, XIIIe - XVe s.</title>)</p>
            </publicationStmt>
            <seriesStmt>
                <title>Pont-de-Vaux</title>
            </seriesStmt>
            <sourceDesc>
                <p>Information about the source</p>
            </sourceDesc>
        </fileDesc>
    </teiHeader>
    <text>
        <body>
            <milestone n="4" unit="vue"/>
            <pb n="3"/>
            <div xml:id="prologue">
                <p><lb/><note> Le compte a été numéroté <hi rend="italics">IX</hi> en tête.</note>
                    Computus dicti domini Aynardi de Bardonesca tenentis domum de
                        <foreign>Chivrous</foreign> a prima die madii anno Domini M<hi rend="sup"
                        >o</hi> CC<hi rend="sup">o</hi> octogesimo sexto usque ad cathedram sancti
                    Petri mense febroarii eodem anno </p>
            </div>
            <div xml:id="recepte">
                <div xml:id="frumentum">
                    <head>frumentum</head>
                    <p><lb/> idem reddit computum <list>
                            <item> de LIX meiteriis I cupa frumenti receptis de redditu ipsius domus
                                de <foreign>Chivrous</foreign> ad mensuram Pontis Vallium exceptis
                                duobus <lb/> meiteriis tribus cupis dimidia <sic>qui</sic>
                                recuperantur apud Pontem Vele ad mensuram Baugiaci </item>
                            <item> de III meiteriis receptis de exitu decime de
                                    <foreign>Chivrous</foreign> hoc anno in <lb/> frumento </item>
                            <item> de XL meiteriis receptis de exitu decime de Ultra
                                    <foreign>Oysi</foreign> hoc anno </item>
                            <item> de IIII meiteriis receptis de exitu decime de Fayola hoc anno </item>
                            <item> de XX meiteriis <lb/> receptis de exitu decime Pontis Vallium hoc
                                anno </item>
                            <item> de IIII meiteriis receptis de exitu decime <add
                                    place="interlinear">et taschie et quartonum</add> de Graysiaco
                                qui de novo venit ad manum domini per mortem <lb/> magistri Iohannis
                                de <foreign>Bez</foreign> qui ipsam tenebat </item>
                            <item> de exitu decime de Riperia et Sancti Andree de Baugiaco et de
                                    <foreign>Chavannes</foreign> nichil hoc anno in <lb/> frumento </item>
                            <item> de exitu molendini de <foreign>Lepona</foreign> in quo <del
                                    rend="overstrike">dominus</del> domus de
                                    <foreign>Chivrous</foreign> percipit medietatem in duabus
                                partibus grani et de taschiis et quartis de
                                    <lb/><foreign>Lepona</foreign> non computat quia accensatur ad
                                denarios ut infra </item>
                            <item> de I meiterio frumenti recepto ad mensuram Baugiaci de Guioneto
                                de <foreign>Val</foreign> apud Graysiacum de redditu </item>
                            <lb/>
                            <item> de IIII cupis receptis ibidem de Guichardo Chanayrie et fratre
                                suo de redditu </item>
                            <item> de III meiteriis et quarta parte unius cupe receptis a filia
                                    <foreign>Careimentrant</foreign><lb/> et Morello
                                    <foreign>d’Arpent</foreign><note> On écrit <hi rend="italics"
                                        >darpent</hi>.</note> et Petro de Trenorchio et
                                    <foreign>Gruyaut</foreign><foreign>d’Arpent</foreign> de redditu
                                anni precedentis </item>
                            <item> de V meiteriis receptis ad mensuram Baugiaci <lb/> a se ipso de
                                remanentia computi precedentis </item>
                            <item> summa recepte : VI<hi rend="sup">XX</hi> XIX meiteria V cupas et
                                quartam partem unius cupe frumenti, quorum tresdecim meiterii <lb/>
                                una cupa dimidia sunt ut dicit ad mensuram Baugiaci </item>
                            <item> de quibus idem libravit abbati et conventui Trenorchii de quater
                                <lb/> viginti quatuordecim bichetis dimidio frumenti ad mensuram
                                Trenorchii que eis debentur de censa annua pro domo de
                                    <foreign>Chivrous</foreign> VII<hi rend="sup">XX</hi> XIIII
                                meiteria <lb/> V cupas ad mensuram Pontis Vallium videlicet pro
                                sexaginta tribus bichetis dimidio ad mensuram Trenorchii ut per
                                litteram granaterii dicti loci <add place="leftMargin">duobus
                                    meiteriis datis de avantagio pro eo quod bladum non erat
                                    mercabilis</add></item>
                            <item> et sic debetur <lb/> adhuc eisdem <del rend="overstrike"
                                    >XXX</del> triginta unum bichetos frumenti </item>
                            <item> et sic debetur dicto iudici, facta sibi recompensatione de eo
                                quod tresdecim meiterii una cupa dimidia <lb/> qui sunt ad mensuram
                                Baugiaci ut supra valent minus quam mensura Pontis Vallium, XVII
                                meiteria ad mensuram Pontis Vallium — de quibus sibi respondetur
                                <lb/> inferius in librata denariorum </item>
                        </list></p>
                </div>
                <div xml:id="siligo">
                    <head>siligo</head>
                    <p><lb/> idem reddit computum <list>
                            <item> de LXXV meiteriis V cupis siliginis receptis de redditu dicte
                                domus de <foreign>Chivrous</foreign> deductis duobus meiteriis
                                dimidio pro manso <foreign>Aschart</foreign><lb/> de
                                    <foreign>Curcia</foreign> in quo non est tenementarius nec
                                potuit ea recuperare </item>
                            <item> de quartis de <foreign>Lepona</foreign> non computat quia
                                accensantur ad denarios cum aliis <lb/> exitibus de
                                    <foreign>Lepona</foreign> ut infra </item>
                            <item> de LXXII meiteriis receptis de exitu decime de
                                    <foreign>Chivrous</foreign> hoc anno in siligine </item>
                            <item> de XXXV meiteriis receptis de exitu <lb/> decime de Ultra
                                    <foreign>Oysi</foreign> hoc anno </item>
                            <item> de XXVIII meiteriis receptis de exitu decime de <foreign>La
                                    Fayola</foreign> hoc anno </item>
                            <item> de C X meiteriis receptis de exitu <lb/> decime Pontis Vallium
                                hoc anno </item>
                            <item> de LXX meiteriis receptis de exitu decime de Riveria hoc
                                    anno<note> Cette entrée remplace une première rédaction,
                                    préalablement effacée.</note></item>
                            <item> de XXIIII meiteriis receptis de exitu <lb/> decime de
                                    <foreign>Chavannes</foreign> hoc anno </item>
                            <item> summa : CCCC XIIII meiteria V cupas siliginis</item>
                        </list></p>
                    <div type="sub">
                        <head>item siligo</head>
                        <p><lb/> idem reddit computum <list>
                                <item> de XXX meiteriis siliginis receptis de exitu decime de
                                    Graysiaco ad mensuram Baugiaci hoc anno </item>
                                <item> de XI meiteriis receptis de <lb/> exitu decime Sancti Andree
                                    de Baugiaco hoc anno </item>
                                <item> summa : XLI meiteria ad mensuram Baugiaci — valent ad
                                    mensuram <del rend="overstrike">Pon</del><lb/> Pontis Vallium ut
                                    dicitur XXXVI meiteria</item>
                            </list></p>
                    </div>
                    <div type="sub">
                        <head>item siligo recepta <lb/> de remanentia <lb/> redditus anni
                            precedentis</head>
                        <p><lb/> idem reddit computum <list>
                                <item> de I meiterio siliginis recepto de filia
                                        <foreign>Careymentrant</foreign> de redditu pro anno
                                    preterito quo <del rend="overstrike">fuit</del> tenuit domum de
                                        <foreign>Chivrous</foreign> Guillermus
                                        <foreign>Cadouz</foreign></item>
                                <lb/>
                                <item> de VII cupis receptis de Hugone <foreign>Freyart</foreign>
                                    pro eodem </item>
                                <item> de II meiteriis siliginis receptis a Faveria pro eodem </item>
                                <item> de I cupa recepta de Stephano <foreign>Maillet</foreign> pro
                                    eodem </item>
                                <item> de III cupis dimidia <lb/> receptis de
                                        <foreign>Poyllat</foreign> pro eodem </item>
                                <item> de I meiterio recepto de Peronino de Trenorchio pro eodem </item>
                                <item> de IX meiteriis receptis de Berardeto
                                        <foreign>Cholet</foreign> et Rupho <foreign>Bastet</foreign>
                                    de remanentia <lb/><add place="leftMargin">firme </add> decime
                                    de <foreign>Chivrous</foreign> et de Riveria de precedenti anno
                                    predicto </item>
                                <item> summa : XIIII meiteria V cupas dimidiam</item>
                            </list></p>
                    </div>
                    <div type="sub">
                        <head>arreragium</head>
                        <p><lb/><list>
                                <item> idem reddit computum de XLIX meiteriis III cupis siliginis
                                    receptis a se ipso de remanentia computi Pontis Vallium
                                    precedentis</item>
                            </list></p>
                    </div>
                    <div>
                        <p><list>
                                <item> summa totius recepte siliginis : V<hi rend="sup">C</hi> XV
                                    meiteria I cupam dimidiam siliginis </item>
                                <item> de quibus <lb/> libravit abbati et conventui Trenorchii de
                                    censa eis debita ratione domus de <foreign>Chivrous</foreign>
                                    videlicet pro quatuor bichetis dimidio ad mensuram <lb/>
                                    Trenorchii : XI meiteria </item>
                                <item> item Stephano oyselatori tendenti ad falcones de dono domini
                                    : II meiteria </item>
                                <item> item in venditione ut infra : XIX meiteria </item>
                                <lb/>
                                <item> summa librate : XXXII<note> On avait écrit <hi rend="italics"
                                            >XXXIII</hi>, mais le dernier chiffre a été effacé,
                                        assez imparfaitement.</note> meiteria </item>
                                <item> et sic debet CCCC IIII<hi rend="sup">XX</hi> III meiteria I
                                    cupam dimidiam — et remanent </item>
                            </list></p>
                    </div>
                </div>
                <div xml:id="avena">
                    <head>avena</head>
                    <p><lb/> idem reddit computum <list>
                            <item> de XVI meiteriis dimidie cupe avene receptis de redditu domus
                                predicte per annum deductis tribus meiteriis dimidio que non possunt
                                <lb/> recuperari quorum <foreign>Puget</foreign> debet unum
                                meiterium et mansum <foreign>Achart</foreign> de
                                    <foreign>Curcia</foreign> duo meiteria dimidium </item>
                            <item> de taschia et quartis de <foreign>Lepona</foreign> nichil quia
                                <lb/> accensatur ad denarios ut infra </item>
                            <item> de XX meiteriis receptis de exitu decime de
                                    <foreign>Chivrous</foreign> hoc anno in avena </item>
                            <item> de XXX meiteriis receptis <lb/> de exitu decime de Ultra
                                    <foreign>Oysi</foreign> hoc anno </item>
                            <item> de XXVIII meiteriis receptis decime de <foreign>La
                                    Fayola</foreign> hoc anno </item>
                            <item> de XL meiteriis receptis de exitu <lb/> decime Pontis Vallium hoc
                                anno </item>
                            <item> de XXX meiteriis receptis de exitu decime de Riveria hoc anno </item>
                            <item> de exitu decime de <lb/><foreign>Chavannes</foreign> nichil hoc
                                anno in avene </item>
                            <item> de VI meiteriis receptis de exitu decime de Graisiaco ad mensuram
                                Baugiaci que equipollet <lb/> mensure Pontis Vallium quantum ad
                                avenam </item>
                            <item> de XI meiteriis receptis de exitu decime Sancti Andree de
                                Baugiaco hoc anno </item>
                            <lb/>
                            <item> de II meiteriis receptis de Guichardo
                                    <foreign>Chanayria</foreign> de Graysiaco de redditu qui de novo
                                venit ad dictam domum</item>
                        </list></p>
                    <div type="sub">
                        <head>arreragium</head>
                        <p><lb/><list>
                                <item> de C V meiteriis receptis a se ipso de remanentia computi sui
                                    Pontis Vallium </item>
                            </list></p>
                    </div>
                    <div>
                        <p><lb/><list>
                                <item> summa cum arreragio : CC IIII<hi rend="sup">XX</hi> VIII
                                    meiteria dimidiam cupam</item>
                            </list></p>
                    </div>
                    <div type="sub">
                        <head>item avena recepta de remanentia anni precedentis</head>
                        <p><lb/><list>
                                <item> de IIII cupis avene receptis de Faveria de redditu anni
                                    precedentis </item>
                                <item> de III partibus unius cupe avene receptis de Tamisia pro
                                    eodem </item>
                                <item> de dimidio meiterio <lb/> de <foreign>Sorel</foreign> de
                                        <foreign>Corbertout</foreign> pro eodem </item>
                                <item> de III cupis et tertio unius cupe receptis de Peronino
                                    Bertoudi pro eodem </item>
                                <item> de XV meiteriis receptis de <lb/> domino Hugone
                                        <foreign>Jayssi</foreign> de remanentia decime Sancti Andree
                                    de Baugiaco pro anno precedenti </item>
                                <item> de XLI meiteriis receptis de Guillermo de Foresta et <lb/>
                                    Guillermo <foreign>Alardet</foreign> de remanentia firme decime
                                    Pontis Vallium pro anno precedenti </item>
                                <item> summa de remanentia precedentis anni : LVII meiteria IIII
                                    cupas</item>
                            </list></p>
                    </div>
                    <div type="sub">
                        <head>item avena</head>
                        <p><lb/><list>
                                <item> de IIII meiteriis dimidio receptis de Petro Corbeti <add
                                        place="interlinear">deducto uno meiterio quod habuit
                                        Guillermus <foreign>Cadouz</foreign></add> de remanentia
                                    computi Iohannis Lupi de anno octogesimo quarto de remanentia
                                    decime de Ultra <foreign>Oysi</foreign></item>
                                <item> de III meiteriis IIII cupis <lb/> receptis a Guidone
                                        <foreign>Poillat</foreign> pro eodem et de eodem termino </item>
                                <item> de VIII meiteriis IIII<note> On avait commencé à écrire <hi
                                            rend="italics">receptis</hi>, que l’on a raturé.</note>
                                    cupis receptis a Guillermo de Foresta pro eodem </item>
                                <item> de XXV<note> On avait écrit <hi rend="italics">XXVI</hi>,
                                        mais le dernier chiffre a été effacé.</note> meiteriis <del
                                        rend="overstrike">V cupis</del> receptis a Iohanne
                                        <lb/><foreign>Puter</foreign> Matheo de
                                        <foreign>Monz</foreign> et Guillermo Alardeti pro eodem
                                    deductis sex meiteriis tribus cupis que inde habuit Guillermus
                                        <foreign>Cadouz</foreign> quando erat castellanus Pontis
                                    Vallium </item>
                                <lb/>
                                <item> de XVII meiteriis dimidio receptis de Stephano
                                        <foreign>Maillet</foreign> Guichardo
                                        <foreign>Roser</foreign> et Guillermo Alardeto pro eodem
                                    deductis quatuordecim meiteriis que habuit Guillermus
                                        <foreign>Cadouz</foreign></item>
                                <lb/>
                                <item> summa huius remanentia de computo Iohannis Lupi : LIX
                                    meiteria</item>
                            </list></p>
                    </div>
                    <div>
                        <p><list>
                                <item> summa totius recepte avene : CCCC IIII meiteria IIII cupas
                                    dimidiam </item>
                                <item> de quibus <lb/> idem libravit que missa fuit per manum
                                    Iohannis Lupi apud Lugdunum ad opus hospitii domini comitis :
                                        VIII<hi rend="sup">XX</hi> XII meiteria III cupas </item>
                                <item> item in venditione <lb/> ut infra : IIII<hi rend="sup"
                                        >XX</hi> XV meiteria V cupas dimidiam </item>
                                <item> item in libatione equorum <del rend="overstrike"
                                            >P<supplied>etri</supplied></del> domini Iohannis
                                    Floridi et Petri clerici recipientium presentem computum : IIII
                                    meiteria </item>
                                <milestone n="5" unit="vue"/>
                                <pb n="4"/>
                                <lb/>
                                <item> summa librate : CCLXXII meiteria dimidiam cupam </item>
                                <item> et restant quod debet VI<hi rend="sup">XX</hi> XII meiteria
                                    IIII cupas <lb/> quibus <sic>aduntur</sic> que habuit de
                                        <sic>Robberto</sic> de <foreign>Chivrous</foreign> et Ogerio
                                    Grassi et sociis eorum de residuo decimarum de Fayola et de
                                    Ultra <lb/><foreign>Oyssi</foreign> de anno precedenti<note> On
                                        avait écrit <hi rend="italics">precendenti</hi>, mais le
                                        premier <hi rend="italics">n</hi> a été annulé par
                                        exponctuation. Le troisième <hi rend="italics">e</hi> rature
                                        le <hi rend="italics">i</hi> qui l’a précédé.</note> :
                                    XXIIII meiteria deductis duobus meiteriis dimidio que dimissa
                                    sunt Roberto <lb/> et sic debet dictus iudex : VII<hi rend="sup"
                                        >XX</hi> XVI meiteria IIII cupas avene — et remanent </item>
                            </list></p>
                    </div>
                </div>
                <div xml:id="vinum">
                    <head>vinum</head>
                    <p><lb/> idem reddit computum <list>
                            <item> de XXII sestariis dimidio vini <add place="interlinear">computato
                                    uno sestario dimidio empto ut infra pro doliis oylliandis</add>
                                receptis de exitu decime patronatus Baugiaci hoc anno </item>
                            <item> de IIII sestariis dimidio et duabus partibus unius sestarii <lb/>
                                vini receptis de redditu asiso dicte domus per annum </item>
                            <item> de exitu vinee de <foreign>Chivrous</foreign> nichil computat
                                quia nichil habuit ut dicit </item>
                            <item> de taschia vinee Peroneti <lb/> de <foreign>Moncuc</foreign> de
                                    <foreign>Lepona</foreign> non computat quia accensatur ad
                                denarios cum aliis exitibus de <foreign>Lepona</foreign></item>
                            <item> summa : XXVII sestarios et duas partes unius sestarii vini </item>
                            <item> de quibus <lb/> in venditione ut infra : III sestarios dimidium
                                et II<note> Le nombre est raturé.</note> partes unius sestarii </item>
                            <item> et sic debet XXIII sesterios dimidium vini — et remanent </item>
                        </list></p>
                </div>
                <div xml:id="nuces">
                    <head>nuces</head>
                    <p><lb/><list>
                            <item> idem reddit computum de IIIII meiteriis nucum receptis de redditu
                                dicte domus per annum — venduntur ut infra </item>
                        </list></p>
                </div>
                <div xml:id="castanee">
                    <head>castanee</head>
                    <p><lb/><list>
                            <item> idem reddit computum de I meiterio castanearum receptis de
                                redditu apud Sonosam per annum — putrefacte fuerunt ut dicit</item>
                        </list></p>
                </div>
                <div xml:id="galline">
                    <head><sic>gualline</sic></head>
                    <p><lb/><list>
                            <item> idem reddit computum de XXXI guallinis dimidia et VIII caponibus
                                receptis de redditu dicte domus per annum deductis duobus caponibus
                                quos debet tenementum <lb/><foreign>Puget</foreign> nec possunt
                                recuperari </item>
                            <item> summa : XXXI guallinas dimidiam et VIII capones — venduntur ut
                                infra </item>
                        </list></p>
                </div>
                <div xml:id="pulli_galline">
                    <head>pulli galline</head>
                    <p><list>
                            <item> idem reddit computum de IX pullis gualline receptis de redditu
                                dicte domus — venduntur ut infra </item>
                        </list></p>
                </div>
                <div xml:id="anseres">
                    <head><sic>amseres</sic></head>
                    <p><lb/><list>
                            <item> idem reddit computum de II amseribus receptis de redditu dicte
                                domus per annum — venduntur ut infra </item>
                        </list></p>
                </div>
                <div xml:id="panes">
                    <head>panes</head>
                    <p><lb/><list>
                            <item> idem reddit computum de XII panibus <del rend="overstrike"
                                    >re</del> quorum quilibet debet valere unam cupam frumenti
                                receptis de redditu dicte domus per annum — venduntur ut infra
                            </item>
                        </list></p>
                </div>
                <div xml:id="fenum">
                    <head>fenum</head>
                    <p><lb/><list>
                            <item> idem reddit computum de III carratis feni receptis de exitu prati
                                desubtus Manziacum et prati desubtus calciatam stangni et prati de
                                    <lb/><foreign>Corceles Nabon</foreign> deductis aliis tribus
                                carratis pro factura feni </item>
                            <item> summa : III carrate feni — venduntur ut infra </item>
                        </list></p>
                </div>
                <div xml:id="denarii">
                    <head>denarii</head>
                    <p><lb/> idem reddit computum <list>
                            <item> de XXIII libris X solidis IX denariis obolo parisiensium receptis
                                de redditu dicte domus per annum deductis novem solidis sex denariis
                                quos non potuit recuperare ut dicit <lb/> quarum mansum
                                    <foreign>Achart</foreign> de <foreign>Curcia</foreign> debet
                                quinque solidos et relicta Bernardi de <foreign>Chasauz</foreign>
                                decem octo denarios et tenementum <foreign>Puget</foreign> tres
                                solidos </item>
                            <item> de IX solidis receptis de Guillermo
                                    <lb/><foreign>Marugler</foreign> de redditu pro condaminis
                                Sancti Benigni sibi <sic>albergatarum</sic><note> Il est possible
                                    que la dernière syllabe soit un ajout malencontreux.</note> de
                                novo </item>
                            <item> de XXXIII solidis IIII denariis receptis de medietate firme de
                                    <foreign>Lepona</foreign> finiende <lb/> in festo beati Iohannis
                                baptiste anno octogesimo septimo a domino Petro de
                                    <foreign>Lepona</foreign> et tunc debebit tantumdem </item>
                            <item> de IIII libris XIII solidis IIII denariis receptis a domino
                                Aymone et <lb/> domino Guichardo capellanis de firma patronatus de
                                    <foreign>Chivrous</foreign> et primitiarum finienda in medio
                                mense madii quod erit anno octogesimo septimo </item>
                            <lb/>
                            <item> de LVI solidis VIII denariis receptis de curato Pontis Vallium
                                pro medietate firme patronatus et primitiarum Pontis Vallium
                                finiende in festo beati Iohannis anno octogesimo <lb/> septimo et in
                                paschate proximo venturo debet tantumdem </item>
                            <item> de XV solidis receptis de exitu patronatus de Graisiaco in
                                denariis a festo beati Iohannis baptiste anno <lb/> octogesimo sexto
                                usque ad festum sancti Vincentii eodem anno </item>
                            <item> de IIII libris receptis de <del rend="overstrike">fir</del>
                                medietate firme patronatus Baugiaci finite in festo <lb/> beati
                                Michaelis anno octogesimo sexto et aliam medietatem habuit
                                Guillermus <foreign>Cadouz </foreign>: nunc autem est datus ad
                                firmam dictus patronatus ad unum annum pro <lb/><del
                                    rend="overstrike">decem</del> decem libris viennensium solvendis
                                medietatem in paschate et aliam medietatem in festo beati Michaelis
                                anno octogesimo septimo et de hoc <sic>patrono</sic><note> Lire <hi
                                        rend="italics">patronato</hi>.</note> nichil computat <lb/>
                                quia nichil recepit </item>
                            <item> de XX solidis IIII denariis obolo receptis de laudibus et
                                venditionibus per tempus supradictum </item>
                            <lb/>
                            <item> summa : XXXVIII lb. XVIII s. VI d. par. </item>
                        </list></p>
                </div>
                <div xml:id="venditiones">
                    <head>venditiones</head>
                    <p><lb/> idem reddit computum <list>
                            <item> de C VII solidis IIII denariis parisiensium receptis de decem
                                novem meiteriis siliginis venditis ut supra pro tanto </item>
                            <item> de XX libris IX solidis IIII denariis receptis de <lb/> quater
                                viginti quindecim meiteriis quinque cupis dimidia avene venditis ut
                                supra pro tanto </item>
                            <item> de VIII solidis IIII denariis receptis de tribus sestariis
                                dimidio et duabus partibus <lb/> unius sestarii vini venditis ut
                                supra </item>
                            <item> de XIII solidis IIII denariis receptis de quatuor meiteriis nucum
                                venditis ut supra </item>
                            <item> de IX solidis VI denariis receptis de guallinis et <lb/>
                                caponibus venditis ut supra </item>
                            <item> de VI denariis receptis de novem pullis venditis ut supra </item>
                            <item> de XII denariis receptis de duobus amseribus venditis ut supra </item>
                            <item> de VIII solidis <lb/> receptis de duodecim panibus venditis ut
                                supra </item>
                            <item> de XVI solidis receptis de tribus carratis feni venditis ut supra </item>
                            <lb/>
                            <item> summa : XXVIII lb. XIII s. IIII d.</item>
                        </list></p>
                    <div type="sub">
                        <head>arreragium</head>
                        <p><lb/><list>
                                <item> idem reddit computum de LXXIIII libris VII denariis obolo
                                    parisiensium receptis a se ipso de remanentia computi <add
                                        place="interlinear">sui</add> Pontis Vallium <del
                                        rend="overstrike">pre</del></item>
                            </list></p>
                    </div>
                </div>
                <div xml:id="bilan_recepte">
                    <p><lb/><list>
                            <item> summa totius recepte : VII<hi rend="sup">XX</hi> I lb. XII s. V
                                d. ob. par.</item>
                        </list></p>
                </div>
            </div>
            <div xml:id="expense_et_librate">
                <p><list>
                        <item>de quibus <lb/> ponte levatorio domus de <foreign>Chivrous</foreign>
                            reficiendo quasi de novo et uno hostio facto in viridario altero in orto
                            et porta parva <lb/> dicte domus reficienda ut in particulis : XLV
                            solidos VIII denarios parisiensium </item>
                        <item> item pro fossato circa viridarium reparando et sepe facienda super
                            <lb/> dictum fossatum et curia domus predicte claudenda : X solidos III
                            denarios </item>
                        <item> item pro locagio unius garconis dicti <foreign>Boyat</foreign>
                            custodientis stangnum de <lb/><foreign>Chivrous</foreign> de avibus a
                            medio mayo uque ad festum beati Iohannis : <lb/> VI solidos II denarios </item>
                        <item> item in uno sestario dimidio vini empto pro oilliandis doliis <lb/>
                            quibus est vinum supradictum : III solidos VII denarios </item>
                        <item> item in expensis factis recolligendo partem bladorum supradictorum et
                            aducendo apud Pontem Vallium : <lb/> XVII solidos VIII denarios </item>
                        <item> item in septem sacis emptis ad recolligendum dictum bladum : IIII
                            solidos VIII denarios </item>
                        <item> item locagio unius domus apud Pontem Vallium <lb/> qua reponitur
                            dictum bladum : XXXVI solidos VIII denarios </item>
                        <item> item pro avena supradicta que portata fuit apud Lugdunum charreanda
                            de Ponte Vallium ad <lb/> ripam Sagone ubi ponebatur in navim et pro
                            vino ponendo in navim : XI solidos VI denarios </item>
                        <item> item dignerio dato sexaginta octo hominibus <lb/> apportantibus
                            servitium de <foreign>Chivrous</foreign> tertia die natalis Domini :
                            XVII solidos </item>
                        <lb/>
                        <item> item libravit celerario Trenorchii de <del rend="overstrike"
                                >pensione</del> eo quod percipit super domum de
                                <foreign>Chivrous</foreign> pro anno precedenti deductis viginti
                            solidis pro <lb/> tribus meiteriis avene receptis a dicto celerario anno
                            precedenti <del rend="overstrike">et</del> minus computatis in computo
                            Pontis Vallium quam deberet : XX solidos parisiensium </item>
                        <lb/>
                        <item> item eidem celerario quos percipit annuatim super dictam domum de
                                <foreign>Chivrous</foreign> pro presenti anno ut per litteram eius :
                            XL solidos </item>
                        <lb/>
                        <item> item pictanciario Trenorchii quos percipit super dictam domum tam pro
                            se quam convinio puerorum ut per eius litteram : LII solidos VI denarios </item>
                        <lb/>
                        <item> item pro supradictis sexaginta tribus bichetis dimidio frumenti et
                            undecim meiteriis siliginis portandis et reddendis de Ponte Vallium apud
                            <lb/> Trenorchium, videlicet pro ipso blado portando ad navem et locagio
                            navis et expensis dictum bladum reddentium<note> Lire <hi rend="italics"
                                    >expensis reddentium dictum bladum</hi>.</note> : XIX solidos
                            VIII denarios </item>
                    </list></p>
                <div xml:id="bilan_expense_et_librate">
                    <p><lb/><list>
                            <item> summa expense et librate : XIIII lb. V s. IIII d. par.</item>
                        </list></p>
                </div>
            </div>
            <div xml:id="bilan">
                <p><lb/><list>
                        <item> et sic debet : VI<hi rend="sup">XX</hi> VII libras VII solidos III
                            obolos parisiensium — valent <lb/> ad viennenses computato uno denario
                            parisiensium pro tribus obolis viennensium : C IIII<hi rend="sup"
                                >XX</hi> XI libras VIII denarios viennensium </item>
                        <item> de quibus <lb/> libravit Petro de Montemeliano clerico ut per
                            litteram eius quam reddit datam sabbato post epiphanyam Domini anno
                            sexto : C libras viennensium </item>
                        <lb/>
                        <item> item libravit Molardo de <foreign>Dron</foreign> in quibus dominus
                            comes sibi tenebatur pro homagio ligio sibi facto ut per litteram
                            eiusdem domini comitis de mandato <lb/> datam die lunes ante festum
                            sancti Petri ad vincula anno sexto et litteram dicti Molardi de recepta
                            quas reddit : XL libras viennensium </item>
                        <lb/>
                        <item> item libravit sibi ipsi pro decem septem meiteriis frumenti que sibi
                            debentur ut supra in computo de frumento : VIII libras V solidos IX
                            denarios viennensium </item>
                        <lb/>
                        <item> summa librate : VII<hi rend="sup">XX</hi> VIII lb. V s. IX d. vien. </item>
                        <item> et sic debet XLII libras XIIII solidos XI denarios viennensium </item>
                        <item> de quibus <lb/> de salario suo solvetur sibi in computo iudicature,
                            quia <sic>nundum</sic><note> Lire <hi rend="italics">nondum</hi>.</note>
                            est sibi aliquid allocatum in expensis domini Iohannis Floridi et Petri
                            clerici recipientium <lb/> presentem computum et computum Pontis Vallium
                            per quatuor dies : XL solidos viennensium</item>
                    </list></p>
            </div>
        </body>
    </text>
</TEI>
