<?xml version="1.0" encoding="UTF-8"?>
<?oxygen RNGSchema="http://www.tei-c.org/release/xml/tei/custom/schema/relaxng/tei_all.rng" type="xml"?>
<TEI xmlns="http://www.tei-c.org/ns/1.0" xml:id="B9155_5">
    <teiHeader>
        <fileDesc>
            <titleStmt>
                <title>Compte de Guigonet de Saint-Germain <hi rend="italics">(Guigonetus de Sancto
                        Germano)</hi>, châtelain, pour la châtellenie de Pont-de-Vaux, du lundi 15
                    mai 1290 au jeudi 1er mars 1291 (nouveau style) <date type="debut"
                        from-iso="12900515" cert="high"/><date type="fin" from-iso="12910301"
                        cert="high"/></title>
                <respStmt>
                    <persName><name xml:lang="fra">Guigues / Guigonet de Saint-Germain</name><name
                            xml:lang="lat">Guigonetus de Sancto Jermano</name></persName>
                    <resp>Châtelain</resp>
                </respStmt>
            </titleStmt>
            <publicationStmt>
                <p>Alain Kersuzan et Frédéric Chartrain, avec la collaboration de Nils Mantilleri, Jean-Michel Poisson et Marianne Ronot, 
                    <title>Compte de Guigonet de Saint-Germain (<hi rend="italics">Guigonetus de Sancto
                        Germano</hi>), châtelain, pour la châtellenie de Pont-de-Vaux, du lundi 15
                        mai 1290 au jeudi 1er mars 1291 (nouveau style)</title>,
                    Lyon - Chambéry, 2011 (<title>Documents comptables des Etats de Savoie, XIIIe - XVe s.</title>)</p>
            </publicationStmt>
            <seriesStmt>
                <title>Pont-de-Vaux</title>
            </seriesStmt>
            <sourceDesc>
                <p>Information about the source</p>
            </sourceDesc>
        </fileDesc>
    </teiHeader>
    <text>
        <body>
            <milestone n="6" unit="vue"/>
            <pb n="5"/>
            <div xml:id="prologue">
                <p><lb/><note> Ce compte est numéroté <hi rend="italics">III</hi> en
                        tête.</note><sic>Conputus</sic> Guigoneti de Sancto Germano
                        <sic>castellano</sic> Pontis Vallium a die quinta <add place="interlinear"
                        >decima</add> intrantis mensis madii <lb/> anno Domini M<hi rend="sup"
                        >o</hi> CC<hi rend="sup">o</hi> nonagesimo usque ad primam diem mensis
                    martii anno eodem sumpto millesimo in paschate videlicet de quadraginta una
                    <lb/> septimanis et duobus diebus receptus et factus apud Pontem Vallium
                        dicta<note> On avait commencé à écrire <hi rend="italics">p[rima]</hi>, et
                        la lettre est raturée.</note> prima die martii per Petrum clericum et
                    Rossetum </p>
            </div>
            <div xml:id="recepte">
                <div xml:id="frumentum">
                    <head>frumentum<note> Le <hi rend="italics">f</hi> initial est
                        doublé.</note></head>
                    <p><lb/> idem reddit conputum <list>
                            <item> de exitu molendini de <foreign>Marceseys</foreign> nichil hoc
                                anno in frumento et capit in eo dominus sextam partem </item>
                            <item><lb/> de exitu coponagii Pontis Vallium nichil hoc anno quia
                                acensatum est cum minuto pedagio cridagio leyda et aliis ut infra
                                <lb/> in conputo denariorum </item>
                            <item> de VII meyteriis frumenti receptis de medietate firme
                                molendinorum emptorum de Guidone <foreign>d’Espinoux<note> On a
                                        écrit <hi rend="italics">despinoux</hi>.</note></foreign>
                                incepte in festo <sic>acensionis</sic><lb/> et est sciendum quod
                                molendinarius fugiit extra patriam : idcirco acensata sunt magistro
                                Bernardo carpentario<note>On avait écrit <hi rend="italics"
                                        >Carpentatoris</hi> et le mot est raturé.</note> per unum
                                annum inceptum <lb/> in nativitate pro triginta meyteriis bladi </item>
                            <item> de duobus meyteriis et dimidio ad mensuram Baugiaci
                                    <sic>quos</sic><note> On emploie ici le masculin <hi
                                        rend="italics">meyterius</hi>, mais dans la recette de
                                    seigle on lit bien <hi rend="italics">que</hi>.</note> debebant
                                illi <foreign>del Trembley</foreign> pro manso Chalvet <lb/> sito
                                apud <foreign>Boyssey</foreign> non <sic>conputat</sic> quia
                                exiverunt terram et est reductum ad manum domini dictum
                                    <sic>manssum</sic></item>
                            <item><lb/> de IIII cupis receptis de exitu <lb/> manssi Hugoneti
                                    <foreign>de Fromentauz</foreign> qui exivit terram propter
                                complaintam sibi factam et est ad manum domini </item>
                            <item> de coponagio quod percipitur <lb/> apud Sanctum Benignum in
                                nundinis beati Christofori non conputat quia <sic>acessatum</sic>
                                est cum alio coponagio </item>
                            <item><lb/> summa : VII meyteria IIII cupe frumenti — de quibus<note> On
                                    écrit toujours <hi rend="italics">dequibus</hi>.</note>
                                respondet in conputo de <foreign>Chivroux</foreign></item>
                        </list></p>
                </div>
                <div xml:id="siligo">
                    <head>siligo</head>
                    <p><lb/> idem reddit conputum <list>
                            <item> de II meyteriis siliginis receptis de exitu molendinorum de
                                        <sic><foreign>Marcesey</foreign></sic> per dictum tempus in
                                quo dominus capit sextam partem </item>
                            <item> de exitu<note type="césure"><hi rend="italics"
                                    >exi<lb/>tu</hi></note><lb/> coponagii nichil quia acensatur ad
                                denarios ut supra in frumento </item>
                            <item> de X meyteriis receptis de hominibus de vico Albigniaci de
                                redditu per annum </item>
                            <item><lb/> de IIII meyteriis receptis in villa Sancti Benigni de
                                prepositura per annum </item>
                            <item> de XVIII meyteriis receptis apud Boscum pro eodem </item>
                            <item> de IX <lb/> meyteriis receptis ibidem de chacipollaria per annum </item>
                            <item> de IIII meyteriis receptis de Guillermo de Belevro pro manso
                                    <foreign>al Chapotat</foreign> de redditu per annum </item>
                            <item><lb/> de duobus meyteriis et dimidio que debebant illi
                                    <foreign>del Trembley</foreign> non conputat ratione ut supra in
                                frumento </item>
                            <item> de X meyteriis receptis de <lb/> medietate firme molendinorum
                                emptorum de Guidone <foreign>d’Espinous</foreign> et sunt acensata
                                ut supra in frumento </item>
                            <item> de II cupis receptis de exitu <lb/> mansi Hugoneti de
                                    <foreign>Fromentauz</foreign> quod est ad manum domini ut supra
                                in frumento </item>
                            <item> summa : LVII meyteria II cupe siliginis — de quibus respondet in
                                conputo de <foreign>Chivrous</foreign></item>
                        </list></p>
                </div>
                <div xml:id="avena">
                    <head>avena</head>
                    <p><lb/> idem reddit conputum <list>
                            <item> de XXVII meyteriis avene receptis de gardis in dicta castellania
                                ut in conputo precedenti </item>
                            <item> de duobus meyteriis apud <lb/><foreign>Boysey</foreign> et duobus
                                meyteriis et dimidio de Hugone de <foreign>Fromentauz</foreign> non
                                computat ratione ut supra in frumento </item>
                            <item> de coponagio nichil ut <lb/> supra in frumento </item>
                            <item> summa : XXVII meyteria avene — de quibus respondebit in conputo
                                de <foreign>Chivrous</foreign></item>
                        </list></p>
                </div>
                <div xml:id="panes">
                    <head>panes</head>
                    <p><list>
                            <item><lb/> idem reddit conputum de IIII panibus receptis de hominibus
                                de Albigniaco de redditu per annum — venduntur ut infra </item>
                        </list></p>
                </div>
                <div xml:id="cera">
                    <head>cera</head>
                    <p><lb/> idem reddit conputum <list>
                            <item> de XXVI libris cere receptis de gardis ut in conputo precedenti </item>
                            <item> de<note> On change ici de plume, mais non de main.</note> II
                                libris receptis de garda de novo </item>
                            <item> summa : XXVIII libre cere — de quibus respondet in conputo de
                                    <foreign>Chivroux</foreign></item>
                        </list></p>
                </div>
                <div xml:id="galline">
                    <head>galline</head>
                    <p><list>
                            <item><lb/> idem reddit conputum de CIII gallinis receptis in
                                castellania de hominibus domini apud vicum de
                                    <foreign>Albignie</foreign> apud Boscum et apud Sanctum Benignum
                                <lb/> ubi levantur in quolibet foco due galline excepto vico de
                                Albigniaco ubi levatur una gallina tantum in quolibet foco </item>
                            <item><lb/> summa : CIII galline — de quibus respondet in conputo de
                                    <foreign>Chivroux</foreign></item>
                        </list></p>
                </div>
                <div xml:id="carrelli">
                    <head>carrelli</head>
                    <p><lb/> idem reddit conputum <list>
                            <item> de C carrellis ferri ad balistam receptis de heredibus Guillermi
                                Fabri de redditu per annum pro porteria porte versus Cusiriacum<note
                                    type="césure"><hi rend="italics"
                                >Cusiri<lb/>acum</hi></note></item>
                            <item><lb/> de centum carrellis quos debet porterius porte de versus
                                Baugiacum non conputat quia non possunt recuperari a dicto porterio
                                propter eius inopiam </item>
                        </list></p>
                    <div type="sub">
                        <head>arreragium</head>
                        <p><list>
                                <item><lb/> idem reddit conputum de IIII<hi rend="sup">C</hi>
                                    carrellis receptis de remanentia sui conputi precedentis </item>
                            </list></p>
                    </div>
                    <div>
                        <p><list>
                                <item> summa : V<hi rend="sup">C</hi> carelli — et remanent </item>
                            </list></p>
                    </div>
                </div>
                <div xml:id="fenum">
                    <head>fenum</head>
                    <p><lb/> idem reddit conputum <list>
                            <item> de II carratis feni receptis de exitu prati de
                                    <foreign>Planetex</foreign> pro iure quod dominus habet ab empto
                                de heredibus Hugonis de <foreign>Viriset</foreign><lb/> et uxore
                                    <foreign>Tochart</foreign> de <foreign>L’Abergement<note> On a
                                        écrit <hi rend="italics"
                                    >delabergement</hi>.</note></foreign> et uxore Iohannis
                                    <foreign>Poysat</foreign></item>
                            <item> de II carratis receptis de exitu mansi illorum <foreign>del
                                    Trembley</foreign> quod est ad manum domini ut <lb/> supra in
                                frumento </item>
                            <item> summa : IIII<note> On avait d’abord écrit <hi rend="italics"
                                        >II</hi>, et le nombre est raturé.</note> carrate feni — de
                                quibus respondet in conputo de <foreign>Chivrous </foreign></item>
                        </list></p>
                </div>
                <div xml:id="denarii">
                    <head>denarii</head>
                    <p><lb/> idem reddit conputum <list>
                            <item> de XXVII solidis III denariis parisiensium receptis in dicta
                                castellania de redditu per annum </item>
                            <item> de quinque solidis quos debebat Hugo de
                                    <foreign>Fromentauz</foreign> et de <lb/> sexdecim solidis quos
                                debebant illi <foreign>del Trembley</foreign> non conputat ratione
                                qua supra in frumento </item>
                            <item> de IIII solidis VI denariis receptis de tribus banchis macelli
                                <lb/> de redditu per<note> Le <hi rend="italics">per</hi> semble
                                    ajouté et paraît joint à <hi rend="italics">annum</hi>.</note>
                                annum videlicet de qualibet bancha decem octo denarios </item>
                            <item> de porcis occisis in <sic>mancello</sic> et capitur pro quolibet
                                obolus non conputat quia acensatum<note> Un neutre impersonnel
                                    semble la lecture la plus probable puisqu’il s’agit d’un
                                    singulier.</note><lb/> est cum leyda et coponagio </item>
                            <item> de teysiis domorum ville Pontis Vallium non conputat quia
                                levantur in octabis <sic>pasche</sic><note> Le mot <hi
                                        rend="italics">pasche</hi> est écrit en toutes lettres,
                                    comme <hi rend="italics">in paschate</hi> à la ligne suivante,
                                    ce qui témoigne d’une hésitation, ou d’une confusion, entre les
                                    deux formes possibles.</note></item>
                        </list></p>
                    <div type="sub">
                        <head>firme</head>
                        <p><list>
                                <item> de VIII solidis <lb/> VIII denariis receptis de firma
                                    forestagii et dominii riparie de
                                            <sic><foreign>Marzeseys</foreign></sic> finienda in
                                    paschate et levatur forestagium in nativitate Domini quolibet
                                    anno </item>
                                <item> de <lb/> LXVI solidis VIII denariis receptis de medietate
                                    firme furni Pontis Vallium finiende quindecima die mensis
                                    intrantis maii et tunc debentur tantumdem </item>
                                <item> de <lb/> XX solidis receptis de medietate firme fornagii
                                    hominum existentium extra portam Cusiriaci finiende in festo
                                    beati Luce evvangeliste anno nonagesimo primo <add
                                        place="interlinear">et tunc debentur tantumdem</add></item>
                                <item><lb/> de V solidis receptis de exitu fornagii hominum
                                    existentium extra portam a parte Baugiaci a festo beati Luce
                                    usque ad primam diem martii quia non fuit acensatum <lb/> per
                                    dictum tempus </item>
                                <item> de VI libris XIII solidis IIII denariis receptis de medietate
                                    firme minuti pedagii leyde coponagii et nundinarum Baugiaci
                                    sancti Andree cridagii <lb/> essegagii et porcorum
                                        <sic>ocisorum</sic> in macello <add place="interlinear">et
                                        nundinarum Sancti Benigni</add> finienda XV<hi rend="sup"
                                        >a</hi> die mensis maii et tunc debentur tantumdem </item>
                                <item> de L solidis receptis de exitu nundinarum <lb/> Baugiaci que
                                    fuerunt prima die maii anno nonagesimo </item>
                                <item> de magno pedagio scilicet de trossellis pannorum et pedagio
                                    equorum nichil per dictum tempus <lb/> de quo levatur ut in
                                    conputo precedenti </item>
                                <item> de XXVI solidis VIII denariis receptis de firma pedagii
                                    Iudeorum finienda in festo beati Iohannis anno nonagesimo <lb/>
                                    primo et <sic>capuntur</sic> de quolibet quatuor denarii
                                    parisiensium </item>
                                <item> de pontanagio quod levatur in incremento aquarum ad portam de
                                    versus Baugiacum quia poni <lb/> debet ut dicitur in itinere
                                    elevando et aptando a dicta porta usque ad pontem </item>
                                <item> de IIII libris receptis de talliis apud Sanctum Benignum in
                                    festis beati Bartholomei <lb/> et sancti Andree </item>
                                <item> de XVIII libris receptis de talliis apud Boscum in dictis
                                    duobus terminis </item>
                                <item> de censa Iudeorum nichil conputat quia nichil solverunt <lb/>
                                    per compositionem factam cum eis per dominum </item>
                                <item> de XXXIIII solidis receptis de minuto bosco sciso in
                                        nemore<note> On avait peut-être commencé à écrire <hi
                                            rend="italics">nemoribus</hi>, car le mot est
                                        raturé.</note> de popia pro ipso mundificando<note> Lire <hi
                                            rend="italics">mundando</hi>.</note></item>
                                <item> de censa <lb/> caorsinorum non computat quia nichil habuit et
                                    dicunt se solvisse domino : super quo inquiratur veritas </item>
                            </list></p>
                    </div>
                    <div>
                        <p><list>
                                <item> summa : XL lb. XVI s. I d. par. </item>
                            </list></p>
                    </div>
                </div>
                <div xml:id="complainta">
                    <head><sic>conplainta</sic></head>
                    <p><lb/> idem reddit conputum <list>
                            <item> de XXXI libris XVIII solidis parisiensium receptis de hominibus
                                de Bosco de conplainta facta pro conqueremento Reversi Montis
                                levatis in festo beati <lb/> Martini<note type="césure"><hi
                                        rend="italics">Mar<lb/>tini</hi></note> ut in
                                    <sic>conpoto</sic> precedenti et de cetero nichil debet levari </item>
                            <item> de VI libris X solidis X denariis receptis de hominibus de Sancto
                                Benigno pro eodem de eodem termino </item>
                            <item><lb/> summa : XXXVIII lb. VIII s. X d. par. </item>
                        </list></p>
                </div>
                <div xml:id="garde">
                    <head>garde</head>
                    <p><list>
                            <item><lb/> idem reddit conputum de V solidis VIII denariis parisiensium
                                receptis de gardis per annum ut in particulis conputi hic annexi </item>
                            <item><lb/> summa : V s. VIII d. par. </item>
                        </list></p>
                </div>
                <div xml:id="inventa_et_introgia">
                    <head>inventa et intragia</head>
                    <p><list>
                            <item><lb/> idem reddit conputum de III solidis parisiensium inventis
                                juxta clausuras ville </item>
                            <item> de III solidis receptis de uno porco invento<note> On écrit <hi
                                        rend="italics">in ventis, in vento</hi>.</note> vendito pro
                                tanto </item>
                            <item> de intragiis <lb/> nichil per dictum tempus </item>
                            <item> summa : VI s. par. </item>
                        </list></p>
                </div>
                <div xml:id="laudes_et_vende">
                    <head>laudes et vende</head>
                    <p><lb/> idem reddit conputum <list>
                            <item> de VII solidis IX denariis obolo parisiensium receptis de
                                laudibus et vendis apud Boscum pro parte domini ut in particulis in
                                dorso rotuli </item>
                            <item> de LXV solidis II denariis receptis <lb/> de laudibus et vendis
                                apud Pontem Vallium per dictum tempus ut in particulis in dorso
                                    rotuli<note> Voir vue 15. <milestone n="15" unit="vue"
                                /></note></item>
                            <item><lb/> summa : LXXII s. XI d. ob. par. </item>
                        </list></p>
                </div>
                <div xml:id="banna">
                    <head>banna</head>
                    <p><lb/> idem reddit conputum <list>
                            <item> de XL solidis parisiensium receptis de Iohanne Palmerii quia
                                spoliavit quamdam mulierem in campo suo de omnibus vestibus ita quod
                                remansit nuda </item>
                            <item><lb/> de XIII solidis IIII denariis receptis de Guichardo
                                Burdelino quia acusabatur quamdam ovem alienam signasse signo suo </item>
                            <item> de XXVI solidis VIII denariis receptis de
                                    <sic>Poncete</sic><foreign> Tallifer</foreign> de Bosco quia
                                occupaverat iter publicum </item>
                            <item> de XXVI solidis VIII denariis receptis de Bollioudo de
                                    <foreign>Salmoya</foreign> pro banno <sic>sancguis</sic></item>
                            <item><lb/> de X solidis receptis de carpentario <foreign>del
                                    Verney</foreign> quia percusit <sic>quamdam</sic> alium de pugno </item>
                            <item> de VI solidis VIII denariis receptis de Guillermo quadrigario
                                quia acusabatur <lb/> de periurio </item>
                            <item> de XVI solidis VIII denariis receptis de Humberto
                                    <foreign>Chanel</foreign> quia vendidit vinum de nocte contra
                                cridam </item>
                        </list></p>
                    <div type="sub">
                        <head>clame</head>
                        <p><list>
                                <item> de XL solidis receptis de sexaginta clamis <lb/> per dictum
                                    tempus et si plus recuperare potest de ipsis debet conputare
                                </item>
                            </list></p>
                    </div>
                    <div>
                        <p><list>
                                <item><lb/> summa : VIII lb. XI s. par. — deductis novem solidis pro
                                    parte castellani capientis duodecim <lb/> denarios in qualibet
                                    libra </item>
                            </list></p>
                    </div>
                </div>
                <div xml:id="venditiones">
                    <head>venditiones</head>
                    <p><list>
                            <item><lb/> idem reddit conputum de III solidis IIII denariis
                                parisiensium receptis de quatuor panibus pro tanto venditis ut supra </item>
                            <item><lb/> summa : III s. IIII d. par. </item>
                        </list></p>
                </div>
                <div xml:id="bilan_recepte">
                    <p><list>
                            <item><lb/> summa : IIII<hi rend="sup">XX</hi> XII lb. III s. X d. ob.
                                par. — valent ad viennenses : VI<hi rend="sup">XX</hi> XVIII libras
                                V solidos IX denarios <lb/> obolum viennensium </item>
                        </list></p>
                </div>
            </div>
            <div xml:id="expense_et_librate">
                <p><list>
                        <item> de quibus in una logia facta in domo domini apud Pontem Vallium pro
                            postibus et quatuor milliariis tegularum emptis <lb/> ad idem : XII
                            libras viennensium </item>
                        <item> pro tela quam emit Borralatus pro domina comitissa mittenda sibi apud
                            Burgetum : XVIII solidos </item>
                        <item> in stipendiis trium balistariorum <lb/> quos misit apud Ambroniacum
                                <add place="interlinear">in quindena <sic>pentechostes</sic></add>
                            de mandato ballivi ut per litteram quam reddit et fuerunt ibidem per
                            viginti octo dies et capiebat quilibet per diem decem octo denarios
                            viennensium : <lb/> VI libras VI solidos viennensium </item>
                        <item> in stipendiis duorum clientum quos misit<note> On avait d’abord écrit
                                    <hi rend="italics">misat</hi>, mais le mot est raturé.</note>
                            apud Ambroniacum et fuerunt ibidem per viginti octo dies finitos die
                            mercurii ante festum <lb/> apostolorum Symonis et Iude et capiebant ut
                            predicti : IIII libras IIII solidos viennensium </item>
                        <item> in stipendiis plurium nuntiorum missorum pro negotiis domini per
                            dictum tempus : <lb/> VIII solidos </item>
                        <item> in chaucia stagni <foreign>de la Rua</foreign> aptanda et sepibus
                            factis ibidem ad deffensionem undarum : XLVIII solidos </item>
                        <item> in portagio plantus <lb/> vinearum que portantur versus
                                <foreign>Chanas</foreign> usque ad Burgum : XVII solidos </item>
                        <item> item Berteto <foreign>Renaldo</foreign> in suo recessu cum equabus
                            pro suis expensis : X solidos VI denarios </item>
                        <item><lb/> item allocantur sibi quas domino sibi debebat pro uno equo empto
                            ab eodem ut per litteram domini de mandato quam reddit datam in festo
                            acensionis <lb/> Domini anno Eiusdem M<hi rend="sup">o</hi> CC<hi
                                rend="sup">°</hi> nonagesimo : LX libras viennensium </item>
                        <item> item allocantur sibi pro suo salario per dictum tempus capienti per
                            annum quindecim libras : <lb/> XI libras XVII solidos VI denarios
                            viennensium </item>
                        <item> item allocantur sibi pro uno roncino vendito domino et
                                <sic>traddito</sic> suo brenerio ut constat Petro clerico : <lb/> X
                            libras viennensium </item>
                        <item> item allocantur ei pro uno roncino morello vendito domino et traddito
                            Acarie de <foreign>Chavanes</foreign> falconerio suo prout constat <lb/>
                            Petro clerico : XII libras viennensium </item>
                        <item> summa : VI<hi rend="sup">XX</hi> I lb. IX s. vien. </item>
                    </list></p>
            </div>
            <div xml:id="bilan">
                <p><list>
                        <item> et sic debet XVI libras XVI solidos IX denarios obolum
                            viennensium</item>
                        <item><lb/> quibus adduntur quos habuit de hominibus dicti
                                <foreign>Poysat</foreign> de redditu per annum qui reducti sunt ad
                            manum domini pro eo quod interfecit capellanum de
                                <foreign>Bysia</foreign> : LIIII solidi viennensium </item>
                        <item><lb/> item adduntur quos habuit de Guioto homine quondam
                                <foreign>Margaron de <unclear>Morri[ns]</unclear></foreign> de
                            redditu quos redditus dominus tenet in saysina pro eo quod non [est]
                            inde <sic>usagiatorem</sic><note> On attendrait <hi rend="italics">non
                                    est inde usagiator</hi>.</note> : <lb/> XXV solidi VI denarii
                            viennensium </item>
                        <item> item adduntur quos habuit de bonis Guidonis
                                <foreign>d’Espinous</foreign> saysitis pro hiis que dominus solvit
                                pro<note> On avait commencé à écrire <hi rend="italics">ipso</hi> et
                                le mot est raturé.</note> ipso Dayeto Iudeo : <lb/> IIII libre XIII
                            solidi VI denarii viennensium </item>
                        <item> summa additi : VIII lb. XIII s. vien. </item>
                        <item> et sic debet XXV libras IX solidos IX denarios obolum viennensium, de
                            <lb/> quibus respondet in conputo de <foreign>Chivroux</foreign> hujus
                                anni<note> La couture des peaux 5 et 6 a caché une ligne de
                                texte.</note></item>
                    </list></p>
            </div>
        </body>
    </text>
</TEI>
