<?xml version="1.0" encoding="UTF-8"?>
<?xml-model href="http://www.tei-c.org/release/xml/tei/custom/schema/relaxng/tei_all.rng" schematypens="http://relaxng.org/ns/structure/1.0"?>
<TEI xmlns:math="http://www.w3.org/1998/Math/MathML" xmlns="http://www.tei-c.org/ns/1.0"
  xmlns:xi="http://www.w3.org/2001/XInclude" xmlns:svg="http://www.w3.org/2000/svg" xml:id="B9155_4">
  <teiHeader>
    <fileDesc>
      <titleStmt>
        <title>Compte de Guigonet de Saint-Germain (Guigonetus de Sancto Jermano), châtelain, pour la
          châtellenie de Pont-de-Vaux, du dimanche 15 mai 1289 au lundi 15 mai 1290 <date
            type="debut" from-iso="12890515" cert="high"/><date type="fin" from-iso="12900515"
            cert="high"/></title>
        <respStmt>
          <persName><name xml:lang="fra">Guigues / Guigonet de Saint-Germain</name><name
              xml:lang="lat">Guigonetus de Sancto Jermano</name></persName>
          <resp>Châtelain</resp>
        </respStmt>
      </titleStmt>
      <publicationStmt>
        <p>Alain Kersuzan et Frédéric Chartrain, avec la collaboration de Nils Mantilleri, Jean-Michel Poisson et Marianne Ronot, 
          <title>Compte de Guigonet de Saint-Germain (<hi rend="italics">Guigonetus de Sancto Jermano</hi>), châtelain, pour la
            châtellenie de Pont-de-Vaux, du dimanche 15 mai 1289 au lundi 15 mai 1290</title>,
          Lyon - Chambéry, 2011 (<title>Documents comptables des Etats de Savoie, XIIIe - XVe s.</title>)</p>
      </publicationStmt>
      <seriesStmt>
        <title>Pont-de-Vaux</title>
      </seriesStmt>
      <sourceDesc>
        <p>Information about the source</p>
      </sourceDesc>
    </fileDesc>
  </teiHeader>
  <text>
    <body>
      <milestone n="4" unit="vue"/>
      <pb n="3"/>
      <div xml:id="prologue">
        <p><lb/><note> Ce compte est numéroté <hi rend="italics">IIII</hi> en
            tête.</note><sic>Cumputus</sic> Guigoneti de Sancto <sic>Jermano</sic> castellani Pontis
          Vallium a die dominica que est decima quinta dies intrantis maii <lb/> anno Domini M<hi
            rend="sup">o</hi> CC<hi rend="sup">o</hi> octogesimo nono usque ad <sic>eandem</sic>
          diem anno nonagesimo videlicet de uno anno integro factus apud Pontem Vallium <lb/> die
          iovis ante festum apostolorum Philipi et Iacobi anno nonagesimo</p>
      </div>
      <div xml:id="recepte">
        <div xml:id="frumentum">
          <head>frumentum</head>
          <p><lb/> idem reddit cumputum <list>
              <item> de exitu molendini de <foreign>Marceseys</foreign> nichil hoc anno in frumento
                et capit in eo dominus sextam partem </item>
              <item> de exitu coponagii Pontis <lb/> Vallium nichil hoc anno quia traditur ad firmam
                finiendam in ascensione Domini proximo ventura Ogereto cum criagio et cum essegagio
                doliorum et minuto <lb/> pedagio pro undecim libris viennensium </item>
              <item> de XV meiteriis frumenti receptis de firma molendinorum emptorum a Guidone
                  <foreign>d’Espinoux</foreign> finienda in ascensione Domini proxima ventura <lb/>
                tradita Perroneto munerio <foreign>d’Osan</foreign></item>
              <item> de II meiteriis dimidio receptis ad mensuram Baugiaci ab illis <foreign>del
                  Tremblay</foreign> pro manso <foreign>Chalvet</foreign> sito apud
                  <foreign>Boysey</foreign> de redditu per annum </item>
              <item><lb/> de II meiteriis dimidio receptis ad mensuram Baugiaci de Hugoneto
                  <foreign>de Fromentauz</foreign> de redditu per annum </item>
              <item> de II cupis receptis ad mensuram Pontis Vallium de exitu coponagii apud <lb/>
                Sanctum Benignum die nundinarum que ibi sunt in festo beati Christofori </item>
              <item><lb/> summa recepte : XIX meiteria IIII cupe frumenti — de quibus respondebit in
                cumputo de <foreign>Chivroux</foreign></item>
            </list></p>
        </div>
        <div xml:id="siligo">
          <head>siligo</head>
          <p><lb/> idem reddit cumputum <list>
              <item> de I meiterio I cupa siliginis receptis de exitu molendini de
                  <foreign>Marceseys</foreign> hoc anno in quo dominus capit sextam partem et
                respondet minus solito <lb/> propter inundationem aquarum que non permiserunt molere </item>
              <item> de exitu coponagii nichil quia <sic>ascensatur</sic> ad denarios ut supra in
                frumento </item>
              <item> de II cupis siliginis receptis de <lb/> exitu coponagii nundinarum Sancti
                Benigni </item>
              <item> de X meiteriis receptis de hominibus de vico Albigniaci de redditu per annum </item>
              <item> de XX meiteriis receptis de eisdem hominibus <lb/> pro servitio hoc anno eis
                triplicato pro subsidio conquerementi terre Reversi Montis </item>
              <item> de IIII meiteriis receptis in villa Sancti Benigni de prepositura per annum </item>
              <item> de XVIII <lb/> meiteriis receptis apud Boscum pro eodem </item>
              <item> de IX meiteriis receptis ibidem de chacipoleria per annum </item>
              <item> de IIII meiteriis receptis de Guillermo Belevro pro manso <foreign>al
                  Chapotaz</foreign> de redditu per annum </item>
              <item><lb/> de II meiteriis I cupa receptis apud Boysey de illis <foreign>del
                  Trembley</foreign> pro duobus meiteriis et dimidio que debent de redditu ad
                mensuram Baugiaci </item>
              <item> de XX meiteriis receptis de firma <lb/> molendinorum emptorum a Guidone
                  <foreign>d’Espinoux</foreign></item>
              <item> summa recepte : IIII<hi rend="sup">XX</hi> VIII meiteria<foreign
                > </foreign>IIII cupe siliginis — de quibus respondet in cumputo de
                  <foreign>Chivroux</foreign></item>
            </list></p>
        </div>
        <div xml:id="avena">
          <head>avena</head>
          <p><lb/> idem reddit cumputum <list>
              <item> de XXVII meiteriis avene receptis de garda in dicta castellania ut in extenta </item>
              <item> de X meiteriis receptis de decem hominibus in garda domini existentibus <lb/>
                quibus garda duplicata est hoc anno pro subsidio conquerementi Reversi Montis et
                aliis garderiis non potuit duplicari </item>
              <item> de II meiteriis receptis apud <foreign>Boysey</foreign><lb/> de illis
                  <foreign>del Trembley</foreign> de redditu per annum </item>
              <item> de II meiteriis dimidio receptis de Hugoneto <foreign>de Fromentauz</foreign>
                pro eodem </item>
              <item> de exitu coponagii Pontis Vallium nichil hoc <lb/> anno quia
                  <sic>ascensatur</sic> ad denarios ut supra in frumento </item>
              <item> summa recepte : XLI meiteria et dimidio avene — de quibus respondet in cumputo
                de <foreign>Chivroux</foreign></item>
            </list></p>
        </div>
        <div xml:id="milium_panicium_fabe_pisi_nuces">
          <head><supplied>milium panicium fabe pisi nuces</supplied></head>
          <p><lb/><list>
              <item>de coponagio milii panicii fabarum pisorum nucium nichil hoc anno quia
                  <sic>ascentur</sic> ad denarios ut supra in frumento </item>
            </list></p>
        </div>
        <div xml:id="panes">
          <head>panes</head>
          <p><list>
              <item><lb/> idem reddit cumputum de IIII panibus receptis de hominibus de Albigniaco
                de redditu et debet valere quilibet unam cupam frumenti — respondet in cumputo de
                  <foreign>Chivroux</foreign></item>
            </list></p>
        </div>
        <div xml:id="cera">
          <head>cera</head>
          <p><lb/> idem reddit cumputum <list>
              <item> de XX libris cere receptis de garda in dicta castellania hoc anno ut in extenta </item>
              <item> de VI libris receptis de nova garda ut in cumputo precedenti </item>
              <item><lb/> de XVI libris <del rend="overstrike">receptis</del> et dimidia cere
                receptis de hominibus in garda exitentibus quibus garda duplicata est pro
                conqueremento Reversi Montis : aliis garderiis non <lb/> potuit duplicari </item>
              <item> summa recepte : XLII libre et dimidia cere — de quibus respondet in cumputo de
                  <foreign>Chivroux</foreign></item>
            </list></p>
        </div>
        <div xml:id="galline">
          <head>galline</head>
          <p><list>
              <item><lb/> idem reddit cumputum de CIII gallinis receptis in castellania de hominibus
                domini apud vicum de Albigniaco apud Boscum apud Sanctum Benignum et levantur de
                quolibet foco due <lb/> galline excepto vico de Albigniaco ubi levatur pro quolibet
                foco una gallina tantum </item>
              <item><lb/> summa recepte : CIII galline — de quibus respondet in cumputo de
                  <foreign>Chivroux </foreign></item>
            </list></p>
        </div>
        <div xml:id="carrelli">
          <head>carelli</head>
          <p><lb/> idem reddit cumputum <list>
              <item> de C carellis ferri ad ballistam receptis de heredibus Guillermi Fabri de
                redditu per annum pro porteria porte versus Cusiriacum </item>
              <item> de C <lb/> carellis ferreis receptis a porterio porte de versus Baugiacum pro
                redditu porterie dicte porte</item>
            </list></p>
          <div type="sub">
            <head>arreragium</head>
            <p><list>
                <item> de CC <sic>carrellis</sic> receptis de remanentia computi precedentis </item>
              </list></p>
          </div>
          <div>
            <p><list>
                <item> summa recepte cum <sic>arragio</sic> : CCCC carelli — et remanent</item>
              </list></p>
          </div>
        </div>
        <div xml:id="fenum">
          <head>fenum</head>
          <p><lb/> idem reddit cumputum <list>
              <item> de II charratis feni receptis de exitu prati de <foreign>Planetex</foreign> pro
                iure quod dominus habet ibidem ab empto de heredibus Hugonis de
                  <foreign>Viriset</foreign><lb/> et uxore <foreign>Tochart de
                  L’Abergement</foreign> et uxore Iohannis <foreign>Poysat</foreign></item>
            </list></p>
          <div type="sub">
            <head>arreragium</head>
            <p><list>
                <item> de IX charratis feni receptis de remanentia cumputi precedentis </item>
              </list></p>
          </div>
          <div>
            <p><list>
                <item> summa recepte cum arreragio : XI charrate — de quibus respondet in cumputo de
                    <foreign>Chivroux </foreign></item>
              </list></p>
          </div>
        </div>
        <div xml:id="denarii">
          <head>denarii</head>
          <p><lb/> idem reddit cumputum <list>
              <item> de XXVII solidis III denariis parisiensium receptis in dicta castellania de
                redditu per annum </item>
              <item> de V solidis receptis de Hugone de <foreign>Fromentauz</foreign> pro eodem </item>
              <item> de XVI solidis receptis <lb/> de Guigoneto et liberis Ponceti <foreign>del
                  Trembley</foreign> pro eodem </item>
              <item> de IIII solidis VI denariis receptis de tribus banchis macelli per annum in
                octabis paschatis videlicet de qualibet <lb/> decem octo denarios </item>
              <item> de XXII denariis receptis de quadraginta quatuor porcis occisis in macello et
                capitur pro quolibet obolus </item>
              <item> de VI libris XIIII solidis receptis de tesiis in villa <lb/> Pontis Vallium et
                levantur in octabis paschatis deductis duodecim solidis qui recuperari non possunt
                de <sic>plaustris</sic> vacantibus et de domo domini ut in particulis in dorso <lb/>
                huius rotuli<note> Voir vue 13 : <milestone unit="vue" n="13"/><p/><lb/> hic sunt
                  domus et plaustra apud Pontem Vallium de quibus non levantur tesie <lb/> domus
                  domini quam emit de Guioneto <foreign>d’Espinoux</foreign> contra V tesias et
                  dimidiam <lb/> item furnus prope cum plaustro, V <sic>tessias</sic> et dimidiam
                  <lb/> item plaustrum paradisi, III tesias <lb/> item plaustrum Perronini
                    <foreign>de Correvout</foreign>, X tesias <lb/> item aliud plaustrum iuxta domum
                    <foreign>a La Berthouda</foreign>, XI tesias <lb/> item plastrum ecclesie ante
                  et retro, XI tesias <lb/> item aliud plaustrum iuxta domus Iohannis Polleti, III
                  tesias et III partes tesie.</note> : preceptum est castellano ut
                  <sic>tenementtaries</sic> plaustrorum quod solvant requirat et si non solvant ad
                manum domini reducat et prout petit ad valorem <lb/> ponat</item>
            </list></p>
        </div>
        <div xml:id="firma">
          <head>firma</head>
          <p><list>
              <item> de VIII solidis VIII denariis receptis de firma forestagii et dominii riparie
                de <foreign>Marzeseys</foreign> finita in paschate et levatur forestagium in
                nativitate Domini quolibet anno </item>
              <item><lb/> de CVI solidis VIII denariis receptis de firma furni Pontis Vallium finita
                ultima die presentis computi videlicet XV<hi rend="sup">a</hi> die intrantis maii </item>
              <item> de III solidis X denariis receptis de <lb/> exitu fornagii hominum existentium
                extra portas Pontis Vallium a festo beati Iohannis baptiste anno octogesimo nono
                usque ad festum beati Luce evvangeliste anno eodem <lb/> et tunc datur ad firmam </item>
              <item> de XL solidis parisiensium receptis de firma fornagii hominum existentium extra
                portam a parte Cusiriaci <sic>finiendam</sic> in festo beati Luce evvangeliste <lb/>
                anno nonagesimo </item>
              <item> de XXVI solidis VIII denariis receptis de firma fornagii hominum existentium
                extra <sic>porta</sic> a parte Baugiaci finienda eodem termino </item>
              <item> de VII libris VI solidis <lb/> VIII denariis receptis de firma minuti pedagii
                leyde coponagii cridagii er essigagii <add place="interlinear">et nundinarum
                  Baugiaci de festo sancti Andree</add> finienda XV<hi rend="sup">a</hi> die
                intrantis maii anno nonagesimo </item>
              <item> de exitu pedagii <lb/> nundinarum Baugiaci non cumputat quia sunt prima die
                maii et nundum fuerunt </item>
              <item> de XXI solidis IIII denariis receptis de exitu magni pedagii per idem tempus,
                videlicet de trossellis <lb/> pannorum et capiuntur pro trossello si non vadat per
                Baugiacum sex denarii viennensium et si vadat per Baugiacum nichil capitur quia
                illuc levatur pedagium </item>
              <item> de pedagio equorum <lb/> non cumputat quia non transierunt et capiuntur sex
                denarii viennensium de quolibet si non vadat per Baugiacum et si vadat per Baugiacum
                nichil capitur quia levatur illuc pedagium </item>
              <item><lb/> de XXVI solidis VIII denariis receptis de firma pedagii Iudeorum finienda
                in festo beati Iohannis baptiste anno octogesimo decimo et capiuntur de quolibet
                quatuor denarii parisiensium </item>
              <item><lb/> de XXII solidis receptis de firma nundinarum Sancti Benigni que sunt in
                festo beati Christofori hoc anno </item>
              <item> de XX solidis receptis de fideiussoribus Guillermeti
                  <foreign>Chapellanet</foreign> qui debebat quadraginta solidos parisiensium de
                chacipoleria sibi concessa a domino pro tanto dum bene ageret per annum et non
                recuperatum est amplius quia amotus fuit de dicta <lb/> chacipoleria </item>
              <item> de pontanagio quod in incremento aquarum levatur ad portam deversus Baugiacum
                non computat quia poni debet ut dicitur in aptando et elevando <lb/> itinere a dicta
                porta usque ad pontem </item>
              <item> de IIII libris receptis de talliis apud Sanctum Benignum in festis beati
                Bartholomei et beati Andree </item>
              <item> de XVIII libris receptis de talliis <lb/> apud Boscum in dictis duobus terminis </item>
              <item> de censa Iudeorum nichil cumputat quia nichil solvunt per compositionem cum eis
                per dominum factam </item>
              <item> de IIII solidis receptis de exitu <unclear reason="support endommagé"
                  >nemoris</unclear><lb/> circa poypiam </item>
              <item> de censa corsini non cumputat quia nichil habuit et dicitur<note> On a écrit
                    <hi rend="italics">dicuntur</hi>, mais le mot a été corrigé par exponctuation du
                    <hi rend="italics">n</hi> et de la seconde moitié du <hi rend="italics"
                  >u</hi>.</note> solvisse domino </item>
              <item> summa recepte : LII lb. XV s. I d. par. </item>
            </list></p>
        </div>
        <div xml:id="complainta">
          <head>complainta</head>
          <p><lb/> idem reddit cumputum <list>
              <item> de XXXI libris XVIII solidis parisiensium receptis de hominibus <foreign>del
                  Bos</foreign> de <sic>compleinta</sic> eis facta pro conqueremento Reversi Montis
                deductis viginti uno solidis quos <lb/> non potuit recuperare propter inopiam
                quorumdam et tantumdem debent in festo beati Martini anno nonagesimo </item>
              <item> de LXVII<note> Ce nombre a été ajouté d’une autre encre, peut-être après
                  effacement d’une première rédaction.</note> solidis parisiensium receptis de
                dictis hominibus <foreign>del Bos</foreign> quos plus recuperavit castellanus quam
                deberet et quam sibi <unclear>impositum</unclear> fuisset et hoc per errorem scripti
                dicte <sic>compleinte</sic> sibi traditi <lb/> et tantum deduci debet de solutione
                quam facturi sunt in festo <lb/> beati Martini anno nonagesimo </item>
              <item> de VI libris X solidis X denariis receptis de hominibus de Sancto Benigno <lb/>
                de compleinta pro dicto conqueremento deductis viginti duobus solidis tribus
                denariis quos non potuit recuperare propter inopiam quorumdam hominum <lb/> et
                tantumdem debent in festo beati Martini anno nonagesimo </item>
              <item> de V solidis VI denariis receptis a dictis hominibus quos plus recupravit
                castellanus quam <lb/> deberet et quam sibi impositum fuisset et hoc per errorem
                scripti de dicta compleinta sibi traditi et tantum deduci debet de solutione quam
                facere debvent in festo <lb/> beati Martini anno nonagesimo </item>
              <item> de IIII libris XXI denariis receptis de servitio nomine compleinte triplicato
                ut in extenta pro conqueremento predicto et quia <lb/> triplicaverunt hoc anno
                dictum servitium nichil solvere debent anno nonagesimo </item>
              <item> de XLVII solidis receptis de Hugonino <foreign>de Fromentauz</foreign> et
                Guigoneto <lb/> et liberis Ponceti <foreign>del Trembley</foreign> de servitio eis
                triplicato pro dicto conqueremento et quia triplicatum est eis servitium hoc anno
                nichil debent anno nonagesimo <lb/> ratione compleinte </item>
              <item> de LXVI libris XIII solidis IIII denariis receptis de burgensibus Pontis
                Vallium pro subsidio domino facto pro conqueremento Reversi Montis et adhuc <lb/>
                debent centum quinquaginta libras viennensium que finate sunt Iacobo Malaballi
                corsino Burgi </item>
              <item><lb/> summa recepte : CXV lb. III s V d. par. </item>
            </list></p>
        </div>
        <div xml:id="garde">
          <head>garde</head>
          <p><lb/> idem reddit cumputum <list>
              <item> de V solidis VIII denariis parisiensium receptis de gardis ut in particulis
                cumputi precedentis </item>
              <item> de XII denariis receptis de Mercerio de Trenorchio cui castellanus duplicavit
                <lb/> gardam pro dicto conqueremento </item>
              <item><lb/> summa : VI s. VIII d. par. </item>
            </list></p>
        </div>
        <div xml:id="inventa">
          <head>inventa</head>
          <p><list>
              <item><lb/> idem reddit cumputum de III solidis parisiensium receptis de una ove et
                uno <sic>anno</sic> repertis hoc anno venditis pro tanto et reperti fuerunt apud
                Fayola </item>
              <item> summa : III s. </item>
            </list></p>
        </div>
        <div xml:id="introgia">
          <head>introgia</head>
          <p><list>
              <item><lb/> idem reddit cumputum de XIII solidis IIII denariis receptis de Guillermeto
                de <foreign>Chayson</foreign> de intragio gagerie Pontis Vallium sibi concesse </item>
              <item> summa eadem : XIII s. IIII d. </item>
            </list></p>
        </div>
        <div xml:id="laudes_et_vende">
          <head>laudes et vende</head>
          <p><list>
              <item><lb/> idem reddit cumputum de XVII solidis III denariis parisiensium receptis de
                laudibus et vendis apud Bos pro parte domini ut in particulis in dorso
                  presentis<note> Suppléer <hi rend="italics">rotuli</hi>.</note></item>
              <item> de VI solidis I denario receptis de laudibus et vendis apud <lb/> Pontem
                Vallium ut in particulis in dorso rotuli presentis<note> Voir vue 14 : <milestone
                    unit="vue" n="14"/><p rend="head"><lb/>laudes et vende</p><p><lb/> Johannes
                      <foreign>del Chano</foreign> : II s. vien. <lb/> Hugo
                      <foreign>Ribouz</foreign> : <del rend="overstrike">XII d.</del> XVIII d. vien.
                    <lb/> Iohanna de Monruersi : IIII s. VI d. vien. <lb/> Aymo de Lacu : VI s.
                    vien. <lb/> dominus Hugo Corvis : III s. vien. <lb/> Bernardus de Quercu : XII
                    d. vien. <lb/> Poncetus <foreign>Tallifers</foreign> : II s. IIII d. ob. vien.
                    <lb/> Aymo de Curia : XVIII d. vien. <lb/> dominus Hugo
                      <foreign>Pelleters</foreign> : II s. vien. <lb/> Humbertus <foreign>Li
                      Columbari</foreign> : XII d. vien. <lb/> Hugo <foreign>de Censors</foreign> :
                    IX d. vien <lb/> Bernardu de Quercu : III s. IIII d. ob. vien. <lb/> Raynaudus
                    Iuliani : XXII d. ob. vien.</p></note></item>
              <item><lb/> summa recepte : XXIII s. IIII d. par. </item>
            </list></p>
        </div>
        <div xml:id="banna">
          <head>banna</head>
          <p><lb/> idem reddit cumputum <list>
              <item> de VIII libris parisiensium receptis de Iohanne <foreign>Puter</foreign> quia
                movit cridam contra gentes domini </item>
              <item> de XXX solidis receptis de Iohanne <foreign>Chagnel</foreign> quia occupaverat
                partem <lb/> itineris publici </item>
              <item> de XX solidis receptis de garcione prioris de <foreign>Pontoux</foreign> quia
                sanguinem fecerat cuidam mulieri apud Pontem Vallium </item>
              <item> de XIII solidis IIII denariis receptis de <lb/> Martino
                  <foreign>Vanel</foreign> quia sanguinem cuidam fecerat </item>
              <item> de X solidis receptis de Iohanne dicto <foreign>Manchet</foreign> quia quandam
                saysinam fregerat </item>
              <item> de XX solidis receptis de Iohanne Girardini <lb/> quia dicebatur reduxisse in
                domum suam quosdam latrones </item>
              <item> de XIII solidis IIII denariis receptis de dicto <foreign>Vi avant</foreign> de
                  <foreign>Cabannes</foreign> quia quemdam morserat in brachio </item>
              <item><lb/> de XL solidis receptis de Guioneto de
                    <unclear><foreign>Fromenttaux</foreign></unclear> quia secum duxerat filiam
                Petri <foreign>Revollion</foreign> et robam dicti Petri secum portavit </item>
              <item> de XIII solidis IIII denariis receptis de filio <foreign>Rater</foreign><lb/>
                quia bladum alterius messuerat </item>
              <item> de XIII solidis IIII denariis receptis de Bernerdo <foreign>Moyront</foreign>
                quia saysinam effregerat apud <foreign>Chavannes</foreign></item>
              <item> de LX solidis receptis de Garino <lb/><foreign>Bruet </foreign>quia cognoverat
                consanguineam uxoris sue </item>
              <item> dominus quedam banna dimisit prout in dorso rotuli continetur<note> Voir vue 14
                  : <hi rend="italics">Hic sunt banna per dominum dimissa : domino Henrico de
                    Cabannis pro marito <unclear><foreign>Rosedothes</foreign></unclear> : VI lb.
                    par. <lb/> domino Iohanni de <foreign>Nanton</foreign> pro
                      <foreign>Pignont</foreign><lb/> pro <sic>Gichardo</sic><foreign>de
                      Pont</foreign> : VI lb. par. <lb/> Guigueto de Nuntiaco pro banerio suo : LX
                    s. par. <lb/> domino Gilio de <foreign>Felins</foreign> pro Cosella burgesia sua
                    : LX s. par.</hi></note><add place="endOfLine">verte</add></item>
            </list></p>
        </div>
        <milestone n="5" unit="vue"/>
        <pb n="4"/>
        <div xml:id="clame">
          <head>clame</head>
          <p><lb/> idem reddit cumputum <list>
              <item> de C solidis parisiensium receptis de centum clamis decriminatis venditis
                Ogereto <foreign>Gras</foreign> pro tanto <lb/> summa <sic>banorum</sic> et
                  clamarum<note> On a écrit une première fois <hi rend="italics">fforiss.</hi> en
                  marge, puis on a biffé cette rubrique pour ajouter la <hi rend="italics">summa
                    banorum et clamarum</hi>.<hi rend="italics"/></note> : XXIIII lb. XIII s. IIII
                d. par. <add place="endOfLine"><lb/>de quibus deducuntur pro parte castellani
                  capientis <lb/> duodecim denarios in libra XXIIII solidi VI denariis et restant
                  <lb/> pro parte domini : XXIII lb. VIII s. X d. par.</add></item>
            </list></p>
        </div>
        <div xml:id="forinseca">
          <head>forisseca</head>
          <p><lb/> idem reddit cumputum <list>
              <item> de LXVI solidis VIII denariis parisiensium receptis de nave Cusiriaci
                  vendita<note> On a écrit <hi rend="italics">cendita</hi>.</note> pro tanto </item>
              <item> summa eadem : LXVI s. VIII d. par. </item>
            </list></p>
        </div>
        <div xml:id="bilan_recepte">
          <p><list>
              <item> summa totalis recepte : IX<hi rend="sup">XX</hi> XVII lb. IIII d. par. — valent
                ad viennenses <lb/> scampsi II<hi rend="sup">C</hi> IIII<hi rend="sup">XX</hi> XV
                libras X solidos VI denarios viennensium </item>
            </list></p>
        </div>
      </div>
      <div xml:id="expense_et_librate">
        <p><list>
            <item> de quibus <lb/> idem libravit Lamberto lathomo de taschia sibi data per dominum
              comitem de factura murorum Sancti Triverii per litteram Stephani de Sancto Regneberto
              de testimonio <lb/> datam die martis ante <sic>penthecosten</sic> anno octogesimo nono
              quam reddit : LX solidos viennensium </item>
            <item><lb/> idem libravit Iohanni de Sancto Eugendo de taschia sibi data a domino in
              operibus Burgeti per eandem litteram : C solidos viennensium </item>
            <item><lb/> idem libravit Stephano de Sancto Regneberto ad expensas hospitii domini per
              litteram eius datam die martis post quindenam penthecostes anno nono : XI libras XVIII
              solidos viennensium </item>
            <item><lb/> idem libravit eidem Stephano ad expensas hospitii per aliam litteram datam
              in vigilia beati Iohannis baptiste anno octogesimo nono : CXIII solidos VI denarios
              viennensium </item>
            <item><lb/> idem libravit eidem Stephano per litteram eius datam dominica post festum
              beati Michaelis anno octogesimo nono : XX solidos viennensium </item>
            <item><lb/> idem libravit eidem Stephano ad expensas hospitii per litteram domini datam
              die iovis ante penthecosten anno octogesimo nono : IIII<hi rend="sup">XX</hi> libras
              viennensium </item>
            <item><lb/> idem libravit eidem Stephano ad expensas hospitii per litteram eius datam
              die martis ante penthecosten anno octogesimo nono : XX solidos viennensium </item>
            <item><lb/> idem libravit Iohanni de <foreign>Mayrins</foreign> ad expensas hospitii
              domini per litteram eius datam die iovis ante bordas anno octogesimo nono : XXIX
              solidos IX denarios viennensium </item>
            <item><lb/> idem libravit eidem Iohanni in tracta mutonum ductorum apud
                <foreign>Bregno</foreign> per litteram eius datam die veneris ante festum beate
              Marie Magdalene anno nono : VI libras X solidos viennensium </item>
            <item><lb/> idem libravit ad expensas hospitii domini per litteram eius datam dominica
              ante festum beati Mathei apostoli anno octogesimo nono : VI libras X solidos IX
              denarios viennensium <lb/><add place="leftMargin">nota</add><note> Cette indication
                concerne la ligne précédente et la ligne suivante, comme l’indiquent une sorte
                d’accolade et des points en forme de triangle sur les <hi rend="italics">idem</hi>
                de ces deux articles.</note></item>
            <item> idem libravit domino Stephano de <foreign>Portabo</foreign> ad expensas hospitii
              per litteram eius datam sabbato post quindena apostolorum Petri et Pauli anno nono :
              XXIX solidos viennensium </item>
            <item><lb/> idem libravit <unclear>Sco<supplied>t</supplied>o</unclear> Atthanatensi pro
              expensis suis qui remanserat infirmus et per litteram eius datam dominica in festo
              beati Dyonisii : V solidos VI denarios viennensium </item>
            <item><lb/> idem libravit in expensis gentium cum armis conducentium denarios versus
              Cabilonem uno sero in eundo alio in veniendo : XLVIII solidos I denarium viennensium </item>
            <item><lb/> idem libravit magistro Bertrando de debito domini per litteram eius datam
              die veneris post octabas beati Michaelis anno nono quam reddit : VII libras X solidos
              viennensium </item>
            <item><lb/> idem libravit Domengeto terreliatori pro taschia sibi data de elevanda
              calciata stagni de Albigniaco tribus pedibus ad plumbum et ea gasonanda <lb/> per
              litteram domini de mandato datam dominica post festum apostolorum Petri et Pauli anno
              octogesimo nono : XVIII libras viennensium </item>
            <item><lb/> idem libravit in factura sepium dicti stagni et in gafactura : X solidos
              viennensium </item>
            <item><lb/> idem libravit in prima solutione facta duci per manum Petri clerici per
              confessionem et litteram dicti Petri : VII<hi rend="sup">XX</hi> libras viennensium </item>
            <item><lb/> idem libravit Iacobo Malaballi de debito domini per eandem litteram et
              confessionem dicti Petri : XX libras viennensium </item>
            <item><lb/> idem libravit ad expensas hospitii domine comitisse per manum domini Iacobi
                <foreign>de Autan</foreign> per litteram domine datam die lune post festum beati
              Michaelis : CXI solidos viennensium </item>
            <item><lb/> idem libravit ad expensas hospitii eiusdem domine comitisse per dua paria
              litterarum : XVI solidos VI denarios viennensium </item>
            <item><lb/> idem libravit ad expensas trium clientum missorum de mandato domini apud
              Sanctam Andream existentium ibidem tribus edomadis : IIII libras X solidos viennensium </item>
            <item><lb/> idem libravit ad expensas falconeriorum domini pro quatuor diebus per
              litteras eorum : XIX solidos VI denarios viennensium </item>
            <item><lb/> idem libravit in gayniis et mutis factis anno preterito et presenti pro
              falconibus domini mutandis : X solidos viennensium </item>
            <item><lb/> idem libravit in mundando blado domini de
                <sic><foreign>Schivroux</foreign></sic> et de Ponte Vallium de mandato Petri clerici
              : XXI solidos VI denarios viennensium </item>
            <item><lb/> idem libravit in duabus duodenis postium pro complendo et perficiendo
              granerio domini et pro eo cooperiendo et pro somerio faciendo et pro terrando dicto
              <lb/> granerio et pro terra extrahenda hostiis et fenestris faciendis et ferramenta ad
              idem et pro granerio Baugiaci aptando : IIII libras VIII solidos viennensium </item>
            <item><lb/> idem libravit in locagio unius arche pro blado domini apud Baugiacum
              custodiendo de tribus annis : VI solidos viennensium </item>
            <item><lb/> idem libravit diversis nuntiis pro negotiis domini missis et cuidam ducenti
              Bayardum de Myolano de Ponte Vallium apud Burgetum et Stephano <lb/> oyselatori
              deferenti falconem unum ad dominum : XX solidos viennensium </item>
            <item><lb/> idem libravit Colino oyselario in expensis suis de quinque septimanis quibus
              fuerunt apud Pontem Vallium et ipse et garcio suus <lb/> de mandato domini pro avibus
              capiendis : XL solidos viennensium </item>
            <item><lb/> idem libravit in expensis duorum custodientium equas domini apud Pontem
              Vallium a festo beate Marie Magdalene usque ad ultimam diem <lb/> aprilis inclusam
              videlicet de novem mensibus et pro robis et calciatura eorum per idem tempus : XIII
              libras X solidos viennensium </item>
            <item><lb/> idem libravit in expensis cuiusdam custodientis pullos domini a festo beati
              Michaelis usque ad primam diem maii videlicet de septem <lb/> mensibus et pro roba et
              calciatura : CV solidos viennensium </item>
            <item><lb/> idem libravit in expensis Bertheti Raynaldi de viginti sex diebus finitis
              ultima die aprilis : XVII solidos viennensium </item>
            <item><lb/> idem libravit eidem in expensis suis et equi quem adduxit de Burgeto ad
              Pontem Vallium : V solidos viennensium </item>
            <item><lb/> idem libravit in locagio grangie pro dictis equabus : XX solidos viennensium </item>
            <item><lb/> idem libravit in sexaginta octo charratis feni emptis pro dictis equabus et
              de quibus remanent pro pullis due <lb/> charrate vel circa et pro capistris preter
              duas charretas quas habuerunt de feno domini : XXXVII libras V solidos viennensium
                <add place="rightMargin">summa : LVIII lb. II s.</add><note> Cette indication,
                ajouté par une autre main, est reliée par une accolade aux six articles précédents :
                elle récapitule les dépenses spéciales occasionnées par les soins aux juments et
                poulains du comte.</note></item>
            <item><lb/> idem libravit in duodecim navatis lapidum emptis apud Trenorchium et
              portagio usque ad Pontem Vallium pro murando <lb/> in poypiam et constat quelibet de
              empto viginti septem solidos viennensium et pro portagio quatuordecim solidos et
              expensis eorum qui <lb/> missi fuerunt pro dictis lapidibus emendis et pro portagio
              procurando : XXIIII libras XVII solidos viennensium </item>
            <item><lb/> idem libravit sibi ipsi de salario suo pro Ponte Vallium et domo de
                <foreign>Chivroux</foreign> tenendis per annum : XV libras viennensium </item>
            <item><lb/> idem libravit Petro clerico pro piscibus emendis et reponendis in stagnis
              domini per manum Ogereti <foreign>Gras </foreign>: C solidos viennensium </item>
          </list></p>
        <div xml:id="bilan_expense_et_librate">
          <p><list>
              <item><lb/> summa librate : IIII<hi rend="sup">C</hi> XXXVI lb. VI s. I d. vien.
              </item>
            </list></p>
        </div>
      </div>
      <div xml:id="bilan">
        <p><list>
            <item> et sic debentur ei VII<hi rend="sup">XX</hi> libre XV solidi VII denarii
              viennensium </item>
            <item> de quibus deducuntur quos habuit de Iordano <sic>mascellario</sic> pro eo quod
              imponebat alii quod furtive ceperat achiam suam : XX solidi viennensium </item>
            <item><lb/> item quos habuit de fratre Laurentii Surdi quia sanguinem fecerat dicto
              Laurentio : XXV solidi viennensium </item>
            <item> et sic <lb/> debentur ei VI<hi rend="sup">XX</hi> XVIII libre X solidi VII
              denarii viennensium — qui sibi allocantur in <lb/> cumputo suo de
                <foreign>Chivroux</foreign> huius anni </item>
            <item><lb/><del rend="overstrike">petit sibi alloquari decem libras viennensium que sibi
                debentur ut dicit de uno roncino vendito domino</del> et dato brognerio domini </item>
            <item><lb/><del rend="overstrike">memorandum quod castellanus debet computare de III
                meiteriis frumenti et uno meiterio siliginis et une carrata feni receptis de
                Guioto</del></item>
            <item><del rend="overstrike"><lb/>item pro <foreign>Poysat</foreign></del></item>
          </list></p>
      </div>
    </body>
  </text>
</TEI>
