<?xml version="1.0" encoding="UTF-8"?>
<?xml-model href="http://www.tei-c.org/release/xml/tei/custom/schema/relaxng/tei_all.rng" schematypens="http://relaxng.org/ns/structure/1.0"?>
<TEI xmlns:math="http://www.w3.org/1998/Math/MathML" xmlns="http://www.tei-c.org/ns/1.0"
    xmlns:xi="http://www.w3.org/2001/XInclude" xmlns:svg="http://www.w3.org/2000/svg"
    xml:id="B9157_4">
    <teiHeader>
        <fileDesc>
            <titleStmt>
                <title>Compte de Guiffrey du Chaney (Guifredus de Chaneto), châtelain, pour la châtellenie de
                    Pont-de-Vaux, du mercredi 25 mars 1299 (nouveau style) au mardi 26 avril 1300 (nouveau style)
                        <date type="debut" from-iso="12990325" cert="high"/><date type="fin"
                        from-iso="13000426" cert="high"/></title>
                <respStmt>
                    <persName><name xml:lang="fra">Guiffrey du Chaney</name><name xml:lang="lat"
                            >Guifredus de Chaneto</name></persName>
                    <resp>Châtelain</resp>
                </respStmt>
            </titleStmt>
            <publicationStmt>
                <p>Alain Kersuzan et Frédéric Chartrain, avec la collaboration de Nils Mantilleri, Jean-Michel Poisson et Marianne Ronot, 
                    <title>Compte de Guiffrey du Chaney (<hi rend="italics">Guifredus de Chaneto</hi>), châtelain, pour la châtellenie de
                        Pont-de-Vaux, du mercredi 25 mars 1299 (nouveau style) au mardi 26 avril 1300 (nouveau style)</title>,
                    Lyon - Chambéry, 2011 (<title>Documents comptables des Etats de Savoie, XIIIe - XVe s.</title>)</p>
            </publicationStmt>
            <seriesStmt>
                <title>Pont-de-Vaux</title>
            </seriesStmt>
            <sourceDesc>
                <p>Information about the source</p>
            </sourceDesc>
        </fileDesc>
    </teiHeader>
    <text>
        <body>
            <milestone n="8" unit="vue"/>
            <pb n="7"/>
            <div xml:id="prologue">
                <p><lb/>Computus Guifredi de Chaneto castellani Pontis Vallium a festo
                    adnuntiationis beate Marie que est octavo <lb/> kalendas aprilis anno nonagesimo
                    octavo usque ad diem martis in crastinum beati Marci evvangeliste anno <del
                        rend="overstrike">nonagesimo</del><add place="interlinear">M<hi rend="sup"
                            >o</hi></add> CCC<hi rend="sup">o</hi> videlicet de uno anno integro
                    quatuor septimanis et quatuor diebus factus apud Voyronem presente domino comite
                    et receptus per dominum Iohannem Floridi </p>
            </div>
            <div xml:id="recepte">
                <div xml:id="frumentum">
                    <head>frumentum</head>
                    <p><lb/> idem reddit computum <list>
                            <item> de IIII cupis frumenti receptis apud Albinacum de tenementariis
                                mansi de <foreign>Chauchalveys</foreign> ut in computo precedenti </item>
                            <item><lb/> de II meyteriis receptis de manso Hugonis de
                                    <foreign>Fromentauz</foreign> de redditu per annum </item>
                            <item> de II meyteriis II cupis receptis de redditu quondam Iohannis
                                    <foreign>Poysat</foreign> per annum </item>
                            <item> de IIII cupis receptis de redditu dicti Iohannis pro quatuor
                                panibus per annum </item>
                            <item> de II cupis receptis de redditu <lb/> eiusdem Iohannis pro
                                prepositura per annum</item>
                        </list></p>
                    <div type="sub">
                        <head>molendinum<note> On a écrit <hi rend="italics"
                            >molendnum</hi>.</note></head>
                        <p><list>
                                <item> de exitu molendini de <foreign>Marceseys</foreign> in quo
                                    percipere debet dominus sextam partem nichil <lb/> computat quia
                                    destructum fuit et modo <sic>redificatum</sic> est et cepit
                                    molere circa carniprivium anno <sic>nonogesimo</sic> nono et
                                    extunc debet de exitu <lb/> in subsequenti computo respondere </item>
                                <item> de V meyteriis receptis de exitu molendini Pontis Vallium
                                    quod de novo reedificatum est et <lb/> cepit molere ante
                                    nativitatem Domini anno nonogesimo nono </item>
                            </list></p>
                    </div>
                    <div>
                        <p><list>
                                <item> de XVIII meyteriis frumenti receptis de remanentia computi
                                    precedentis </item>
                            </list></p>
                    </div>
                    <div>
                        <p><list>
                                <item><lb/> summa recepte cum arreragio : XXIX meyteria frumenti —
                                    et remanent </item>
                            </list></p>
                    </div>
                </div>
                <div xml:id="siligo">
                    <head>siligo</head>
                    <p><lb/> idem reddit computum <list>
                            <item> de LIII meyteriis I cupa et quartum unius cupe siliginis receptis
                                in dicta castellania de redditu per annum ut in computo <lb/>
                                precedenti </item>
                            <item> de XIII meyteriis receptis de exitu molendini Pontis Vallium </item>
                            <item> de V meyteriis receptis de eodem molendino in farina per idem
                                <lb/> tempus </item>
                            <item> de molendino de <foreign>Marceseys </foreign>nichil computat quia
                                nichil inde habuit sed de exitu respondebit ut supradictum est in
                                computo de <lb/> frumento </item>
                        </list></p>
                    <div type="sub">
                        <head>arreragium</head>
                        <p><list>
                                <item> de VI<hi rend="sup">XX</hi> IIII meyteriis III cupis dimidia
                                    siliginis receptis de remanentia computi precedentis </item>
                            </list></p>
                    </div>
                    <div>
                        <p><list>
                                <item><lb/> summa recepte cum arreragio : IX<hi rend="sup">XX</hi>
                                    XV meyteria IIII cupe et dimidia et quartum unius cupe siliginis </item>
                                <item> de quibus <lb/> libravit Stephano oysellerio de dono domini
                                    per litteram domini de credentia datam domino Reynaudo
                                        <foreign>Viriset</foreign> et per testimonium Petri clerici
                                    : XIII meyteria <lb/> siliginis </item>
                                <item> in venditione ut infra : XXI meyteria ad unum pretium </item>
                                <item> in venditione ut infra : XL<add place="interlinear">II</add>
                                    meyteria ad aliud pretium </item>
                                <item> item estalonerio <sic>pre</sic> equabus domini
                                        <sic>scelicet</sic> octo : IIII meyteria </item>
                                <item><lb/> summa : IIII<hi rend="sup">XX</hi> meyteria siliginis </item>
                                <item> et restant : CXV meyteria IIII cupe et dimidia et quartum
                                    <lb/> unius cupe siliginis </item>
                            </list></p>
                    </div>
                </div>
                <div xml:id="avena">
                    <head>avena</head>
                    <p><lb/> idem reddit computum <list>
                            <item> de XXX meyteriis III cupis avene receptis in dicta castellania de
                                redditu et garda per annum ut in computo precedenti </item>
                        </list></p>
                    <div type="sub">
                        <head>arreragium</head>
                        <p><list>
                                <item><lb/> de XLII meyteriis I cupa receptis de remanentia computi
                                    precedentis </item>
                            </list></p>
                    </div>
                    <div>
                        <p><list>
                                <item><lb/> summa recepte cum arreragio : LXXII meyteria IIII cupe
                                    avene </item>
                                <item> de quibus <lb/> idem libravit ad expensas someriorum domini
                                    quos premisit de Anglia factas per manum Ruffi Falacerii pro
                                    novem septimanis finitis <lb/> die sabbati ante festum beati
                                        Anthonii<note> On a exponctué un troisième <hi
                                            rend="italics">i</hi>.</note> et pro expensis
                                    leporariorum domini ut per litteram domini datam in dicto festo
                                    beati Anthonii anno nonogesimo nono <lb/> quam reddit : XLIII
                                    meyteria VI cupas avene </item>
                                <item> idem libravit ad expensas hospitii domini comitis factas per
                                    manum Hugonis de Voyrone clerici <lb/> ut per litteram domini
                                    comitis et dicti Hugonis datam die veneris ante dominicam de
                                    passione anno nonogesimo nono quam reddit : IIII meyteria </item>
                                <item><lb/> summa librate : XLVII meyteria VI cupe avene </item>
                                <item> et restant : XXIIII meyteria VI cupe avene </item>
                            </list></p>
                    </div>
                </div>
                <div xml:id="milium">
                    <head>milium</head>
                    <p><lb/> idem reddit computum <list>
                            <item> de XII meyteriis milii receptis de terragio stagni de Albigniaco
                                dicti <foreign>della Dereri</foreign> hoc anno </item>
                            <item><lb/> summa : XII meyteria milii — venduntur ut infra </item>
                        </list></p>
                </div>
                <div xml:id="fenum">
                    <head>fenum</head>
                    <p><lb/> idem reddit computum <list>
                            <item> de XXX charratis feni receptis de exitu pratorum domini hoc anno </item>
                            <item> de quibus <lb/> idem libravit ad expensas someriorum domini qui
                                premissi fuerunt de Anglia ut per supradictam litteram redditam in
                                avena : VI<hi rend="sup">C</hi> XXX equis </item>
                            <item><lb/> item expensas ut per litteram domini et Hugonis de Voyrone
                                redditam ut supra in avena : XXX equis<note> On a laissé en blanc
                                    les trois lignes suivantes.</note></item>
                        </list></p>
                </div>
                <div xml:id="cera">
                    <head>cera</head>
                    <p><lb/> idem reddit computum <list>
                            <item> de XXI libris cere receptis in dicta castellania de redditu per
                                annum ut in computo precedenti </item>
                            <item><lb/> summa : XXI libre cere — venduntur ut infra </item>
                        </list></p>
                </div>
                <div xml:id="galline">
                    <head>galline</head>
                    <p><lb/> idem reddit computum <list>
                            <item> de VI<hi rend="sup">XX</hi> XV gallinis receptis in dicta
                                castellania de redditu per annum ut in computo precedenti </item>
                            <item><lb/> summa : VI<hi rend="sup">XX</hi> XV galline — venduntur ut
                                infra </item>
                        </list></p>
                </div>
                <div xml:id="carrelli">
                    <head>carrelli</head>
                    <p><lb/> idem reddit computum <list>
                            <item> de C ferris carrellorum ad unum pedem receptis de Guillerma
                                relicta Martini de Furno pro porteria porte Pontis Vallium <lb/> a
                                parte Cuysiriaci de redditu per annum ut in computo precedenti
                            </item>
                        </list></p>
                    <div type="sub">
                        <head>arreragium</head>
                        <p><list>
                                <item> de VI<hi rend="sup">M</hi> carrellis sive flechonibus<note>
                                        On attendrait <hi rend="italics">sex milia carrellorum sive
                                            flechonum</hi>.</note> receptis de remanentia computi
                                    precedentis </item>
                            </list></p>
                    </div>
                    <div>
                        <p><list>
                                <item><lb/> summa : VI<hi rend="sup">M</hi> C carrelli — et remanent
                                </item>
                            </list></p>
                    </div>
                </div>
                <div xml:id="baliste">
                    <head>baliste</head>
                    <p><lb/> idem reddit computum <list>
                            <item> de XXII balistis ligneis receptis de remanentia computi
                                precedentis </item>
                            <item> summa : XXII baliste — et remanent </item>
                        </list></p>
                </div>
                <div xml:id="denarii_census">
                    <head>denarii census</head>
                    <p><lb/> idem reddit computum <list>
                            <item> de XIIII libris XV solidis VI denariis parisiensium receptis in
                                dicta castellania de redditu per annum et de teysis domorum ut in
                                computo precedenti </item>
                            <item><lb/> summa : XIIII lb. XV s. VI d. par. </item>
                        </list></p>
                </div>
                <div xml:id="tallie">
                    <head>tallie</head>
                    <p><lb/> idem reddit computum <list>
                            <item> de XXII libris parisiensium receptis in dicta castellania de
                                talliis hoc anno ut in computo precedenti apud
                                    <foreign>Bos</foreign> et apud Sanctum Benignum </item>
                            <item><lb/> summa : XXII lb. par. </item>
                        </list></p>
                </div>
                <div xml:id="garde">
                    <head>garde</head>
                    <p><lb/> idem reddit computum <list>
                            <item> de III solidis VIII denariis parisiensium de gardis per annum </item>
                            <item><lb/> summa : III s. VIII d. par. </item>
                        </list></p>
                </div>
                <div xml:id="firme">
                    <head>firme</head>
                    <p><lb/> idem reddit computum <list>
                            <item> de VIII solidis VIII denariis parisiensium receptis de firma
                                forestagii et dominii ripparie de <foreign>Marceseys</foreign>
                                finita in festo pasche anno <lb/><sic>nonogesimo<note type="césure"
                                            ><hi rend="italics">no<lb/>nogesimo</hi></note>
                                    CCC°</sic><note> Lire <hi rend="italics">anno millesimo
                                        CCCo.</hi></note></item>
                            <item> de C VI solidis VIII denariis receptis de medietate firme <add
                                    place="interlinear">furni</add> Pontis Vallium infra villam
                                finite in festo beati Dyonisii anno nonogesimo nono </item>
                            <item><lb/> de C <add place="interlinear">VI</add> solidis <add
                                    place="interlinear">VIII denariis</add> parisiensium receptis de
                                medietate eiusdem firme finiende in festo beati Dyonisii <add
                                    place="endOfLine">anno Domini M° CCC<hi rend="sup"
                                    >o</hi></add><note>ajouté en fin de ligne et appelé ici dans le
                                    texte</note> et tunc debentur tantumdem <lb/> et respondet minus
                                solito de sex solidis octo denariis quia duo furni facti sunt de
                                novo et fornerius dequoxit dictos furnos ad <lb/> expensas suas </item>
                            <item> de XXVI solidis VIII denariis receptis de medietate firme furni
                                extra portam Cuysiriaci finite in nativitate Domini anno nonogesimo
                                <lb/> nono </item>
                            <item> de XXX III solidis IIII denariis receptis de medietate eiusdem
                                firme finiende in nativitate Domini anno CCC<hi rend="sup">o</hi> et
                                tunc debentur tantumdem </item>
                            <item><lb/> de VI libris XIII solidis IIII denariis receptis de
                                medietate firme pedagii minuti leyde coponagii nundinarum cridagii
                                essecagii porcorum ocisorum <lb/> in macello finite prima die
                                augusti anno nonogesimo nono </item>
                            <item> de VII libris VI solidis VIII denariis receptis de medietate
                                eiusdem firme finiende in <lb/> prima die augusti anno CCC<hi
                                    rend="sup">o</hi> et tunc debentur tantumdem </item>
                            <item> de XXX solidis receptis de firma pedagii Iudeorum finienda<note>
                                    On avait d’abord écrit <hi rend="italics">finita</hi>.</note> in
                                festa omnium sanctorum <lb/> anno CCC<hi rend="sup">o</hi></item>
                            <item> de VI libris XIII solidis <del rend="overstrike">receptis</del>
                                IIII denariis receptis de medietate firme portagii ballarum finite
                                prima die augusti anno <lb/> nonogesimo nono </item>
                            <item> de XXVI solidis VIII denariis receptis de exitu dicti portagii
                                ballarum a prima die augusti anno nonogesimo nono usque ad <lb/>
                                finem huius computi et respondet minus quia balle non
                                    <sic>transeriunt</sic><note> Lire <hi rend="italics"
                                        >transierunt</hi>.</note></item>
                            <item> de XL solidis receptis de firma chacipollerie finita in paschate
                                <lb/> anno CCC<hi rend="sup">o</hi></item>
                        </list></p>
                    <div type="sub">
                        <head>corsini Iudei</head>
                        <p><list>
                                <item> de Iudeis et corsinis non computat quia veniunt ad manum
                                    domini </item>
                                <item><lb/> summa : XXXIX lb. XII s. par. </item>
                            </list></p>
                    </div>
                </div>
                <div xml:id="laude_et_vende">
                    <head>laude et vende</head>
                    <p><lb/> idem reddit computum <list>
                            <item> de II solidis VI denariis parisiensium receptis de Ponceto
                                    <foreign>Bories</foreign> octava parte cuiusdam <del
                                    rend="overstrike">domus</del> domus empta a Iohanne
                                    <foreign>Grapin</foreign> et eius uxore <lb/> pretio viginti
                                quinque solidorum viennensium </item>
                            <item> de II solidis VI denariis receptis de Guichardo et Iohanneto
                                    <foreign>Buser</foreign> pro terra empta a relicta Hugonis
                                    <foreign>Corbet</foreign> pretio <lb/> viginti solidorum
                                parisiensium in qua terra dominus percipit quatuor partes et dominus
                                Guigo de <foreign>Cheseuz</foreign> miles percipit quintam partem </item>
                            <item> de XVIII solidis parisiensium receptis de <lb/> domino Guillermo
                                Burdini <sic>bresbitero</sic> pro domo et curtili emptis de Hugonino
                                    <foreign>Contat</foreign> pretio sex librarum parisiensium </item>
                            <item> de XXXVI solidis <lb/> parisiensium de Guillermo Lorannis pro
                                domo empta de Stephano de Montemeliano et eius uxore pretio decem
                                octo librarum <add place="interlinear">viennensium</add></item>
                            <item> de IX denariis parisiensium <lb/> receptis de dicta <foreign>La
                                    Guiarda</foreign> pro terra empta de Iohanneta filia Bernardi
                                    <foreign>Blennet</foreign><del rend="overstrike">pretio</del> et
                                uxore Iohannis <foreign>Trabaut</foreign> de Viriseto pretio decem
                                solidorum <lb/> parisiensium et capit dominus tantummodo medietatem
                                et prior Leysiaci capit aliam medietatem </item>
                            <item> de VII denariis receptis de Iohanne <foreign>Oberiat<note> On
                                        avait écrit <hi rend="italics">ioberiat</hi>, mais la lettre
                                        initiale a été exponctuée.</note></foreign> pro <lb/> terra
                                empta de filia Moyrondi <foreign>d’Avites<note> On a écrit <hi
                                            rend="italics">davites</hi>.</note></foreign> pretio
                                quatuor solidorum parisiensium </item>
                            <item> de IIII denariis <sic>receptis obolo parisiensium
                                    receptis</sic><note> Lire <hi rend="italics">de IIII denariis
                                        obolo parisiensium receptis</hi>.</note> de Aymoneto
                                Richalmo pro terra <lb/> empta de Aymonino <foreign>Logier</foreign>
                                et eius uxore pretio quinque solidorum parisiensium et capit dominus
                                medietatem et dictus prior de Loysia capit aliam medietatem </item>
                            <item> de <lb/> VI solidis receptis de Guillermo
                                    <foreign>Brunichat</foreign> pro terris pratis aquis emptis de
                                Stephaneta relicta Talonis et Bernarda filia eiusdem pretio quatuor
                                <lb/> librarum parisiensium et percipit dominus tantummodo
                                medietatem et dictus prior aliam </item>
                            <item> de XXI denariis receptis de Guidone <foreign>Borser</foreign> pro
                                tornis cuiusdam <lb/> domus divise et partite inter ipsum et Hugonem
                                    <foreign>Niczart</foreign> pretio triginta solidorum viennensium </item>
                            <item> de V denariis obolo parisiensium receptis de Reynoudo de Curia
                                pro terra empta de Maentia et liberis suis pretio octo solidorum
                                viennensium et capit dominus medietatem tantum et prior predictus
                                capit aliam medietatem </item>
                            <item> de IIII denariis receptis <lb/> de Iohanne
                                    <foreign>Polen</foreign> pro terra empta de Guichardo
                                    <foreign>Boylet</foreign> et Nicholao fratre suo pretio quatuor
                                solidorum sex denariorum parisiensium et percipit dominus medietatem
                                tantum </item>
                            <item><lb/> de V denariis parisiensium receptis de Petito
                                    <foreign>Tiserant</foreign> pro terra empta de Iohanne
                                    <foreign>Polen</foreign> pretio sex solidorum parisiensium pro
                                medietate dominum contingente </item>
                            <item> de <lb/> II solidis VI denariis receptis de liberis Guichardi
                                    <foreign>Lo Blonda</foreign> pro parcagio empto de Guillermeta
                                sorore ipsorum et dicto <foreign>Bleto</foreign> marito suo pretio
                                quinquaginta <lb/> solidorum viennensium </item>
                            <item> summa : LXXII s. II d. par. </item>
                        </list></p>
                </div>
                <div xml:id="banna">
                    <head>banna</head>
                    <p><lb/> idem reddit computum <list>
                            <item> de XIII solidis IIII denariis parisiensium receptis
                                        <foreign>dell’Orellarda<note> On a écrit <hi rend="italics"
                                            >dellorellarda</hi>.</note></foreign> pro seysina fracta </item>
                            <item><add>de</add><note>ajouté sur le trait de séparation
                                    d’article</note> VI solidis VIII denariis receptis de Ponceto
                                Maleti pro eodem </item>
                            <item><lb/> de XX solidis parisiensium receptis de Guichardo
                                    <foreign>Landre</foreign> pro banno sanguinis per iudicem
                                concordatum </item>
                            <item> de VI solidis VIII denariis parisiensium de Peroneto de Cletis
                                pro seysina <lb/> fracta </item>
                            <item> de VI solidis VIII denariis receptis de Iohanne Picaudi pro banno
                                sanguinis </item>
                            <item> de VI solidis VIII denariis receptis <foreign>della
                                    Breta</foreign> quia fecerat sepem <lb/> suam in terra aliena </item>
                            <item> de X solidis parisiensium receptis de Guillermo Girardini quia
                                percusserat quemdam pastorem iniuste </item>
                            <item> de XXVI solidis <lb/> VIII denariis receptis de Reynaudo
                                    <foreign>Mespler</foreign> pro banno sanguinis </item>
                            <item> de XIII solidis IIII denariis receptis de Bona Muliere de
                                Malignia quia <lb/> araverat<note type="césure"><hi rend="italics"
                                        >ara<lb/>verat</hi></note> terram alienam </item>
                            <item> de XIII solidis IIII denariis receptis de Bernardo Perraudi de
                                Salmoyaco pro eo quia pignoraverat auctoritate sua dictum
                                            <foreign>Butafue<note><hi rend="italics"
                                            >buta<lb/>fue</hi></note></foreign></item>
                            <item><lb/> de XIII solidis IIII denariis receptis de filio Guillermi
                                    <foreign>Mont Simont</foreign> pro sanguine facto Ponceto
                                    <foreign>Luiri</foreign></item>
                            <item> de IIII libris receptis de <lb/> Guillermo Bernardi quia
                                signaverat ovem alienam </item>
                            <item><lb/> summa : IX lb. XVI s. VIII d. par. deductis viginti solidis
                                pro parte castellani capientis duos solidos in libra bannorum
                            </item>
                        </list></p>
                </div>
                <div xml:id="clame">
                    <head>clame</head>
                    <p><lb/> idem reddit computum <list>
                            <item> de XLIII solidis receptis de minutis clamis per dictum tempus </item>
                            <item><lb/> summa : XLIII s. par. </item>
                        </list></p>
                </div>
                <div xml:id="escheyte">
                    <head>escheyte</head>
                    <p><lb/> idem reddit computum <list>
                            <item> de X solidis parisiensium receptis de uno porco qui vulneraverat
                                quemdam hominem in foro Pontis Vallium et ille cuius <lb/> erat
                                dedit eum pro noxa seu dimisit </item>
                            <item> summa : X s. </item>
                        </list></p>
                </div>
                <div xml:id="inventa">
                    <head>inventa</head>
                    <p><lb/> idem reddit computum <list>
                            <item> de IIII solidis receptis de duabus ovibus parvis repertis et
                                venditis pro tanto </item>
                            <item> de una sue inventa<note> On a écrit <hi rend="italics">in
                                        venta</hi>.</note> non <lb/> computat quia mortua est et de
                                ea nichil habuit </item>
                            <item><lb/> summa : IIII s. par. </item>
                        </list></p>
                </div>
                <div xml:id="corvagium">
                    <head>corvagium</head>
                    <p><lb/><list>
                            <item>de corvagio non computat quia nichil levavit <sic>de
                                    deeo</sic><note> Peut-être faut-il lire <hi rend="italics">de eo
                                        de quo</hi>.</note> computavit in computo precedenti </item>
                        </list></p>
                </div>
                <div xml:id="forinseca">
                    <head>forinseca</head>
                    <p><lb/> idem reddit computum <list>
                            <item> de XIII libris VI solidis VIII denariis receptis de domina
                                Beatrice <foreign>dell’Aya<note> On a écrit <hi rend="italics"
                                            >dellaya</hi>.</note></foreign> de remanentia ultimi
                                computi domini Guichardi mariti sui quondam <add place="interlinear"
                                    >de pretio bladi</add></item>
                            <item><lb/> de XXXIIII solidis IIII denariis receptis de Guillermo
                                Bolleyti pro piscibus eidem venditis de
                                    <sic>stagnno</sic><foreign>della Donfreri </foreign></item>
                            <item> de VI libris XIII solidis IIII denariis receptis <lb/> de Petro
                                clerico pro operibus stagni <foreign>dell’Aya</foreign></item>
                            <item> summa : XXI lb. XIIII s. IIII d.</item>
                        </list></p>
                </div>
                <milestone n="8" unit="vue"/>
                <pb n="7"/>
                <div xml:id="venditiones">
                    <head>venditiones</head>
                    <p><lb/> idem reddit computum <list>
                            <item> de IIII libris <foreign>de parisis</foreign> receptis de viginti
                                    <del rend="overstrike">mod</del> meyteriis siliginis venditis ut
                                supra quolibet meyterio quatuor solidis parisiensium adiuncto <lb/>
                                et dato uno meyterio pro ietis </item>
                            <item> de IX libris VI solidis VIII denariis parisiensium receptis de
                                quadraginta meyteriis siliginis venditis ut supra quolibet meyterio
                                vendito <lb/> septem solidis viennensium adiunctis duobus meyteriis
                                datis desuper pro ietis </item>
                            <item> de XLVIII solidis parisiensium receptis de duodecim meyteriis
                                milii venditis <lb/> ut supra quolibet quatuor solidis parisiensium </item>
                            <item> de XLII solidis parisiensium receptis de viginti una
                                    <sic>libra</sic> cere venditis ut supra qualibet libra vendita
                                <lb/> duobus solidis parisiensium </item>
                            <item> de XXXIII solidis IX denariis parisiensium receptis de sex
                                    viginti<note> On a écrit <hi rend="italics">sexviginti</hi>.
                                    Lire <hi rend="italics">sexies viginti</hi>.</note> quindecim
                                gallinis venditis ut supra qualibet tribus denariis parisiensium </item>
                            <item><lb/> summa : XIX lb. X s. V d. par. </item>
                        </list></p>
                </div>
                <div xml:id="bilan_recepte">
                    <p><list>
                            <item><lb/> summa totius recepte cum forinseca : <sic>VI<hi rend="sup"
                                        >XX</hi> lb. XIIII lb.</sic><note> Lire <hi rend="italics"
                                            >VI<hi rend="sup">XX</hi> XIIII lb</hi>.</note> XXI d.
                                par. </item>
                        </list></p>
                </div>
            </div>
            <div xml:id="expense_et_librate">
                <p><list>
                        <item> de quibus <lb/> in expensis hospitii domini factis per manum Hugonis
                            de Voyrone ut per litteram redditam superius in avena : XIII solidos X
                            denarios obolum parisiensium </item>
                        <item><lb/> item in expensis Rufi Phalaterii pro novem gallinis ut in
                            littera domini reddita superius in avena : II solidos III denarios
                            parisiensium </item>
                        <item><lb/> idem libravit de dono domini facto oysellario de Ponte<note>
                                Lire <hi rend="italics">de Ponte Vallium</hi>.</note> per
                            testimonium Petri clerici presentis : XVI solidos VIII denarios
                            parisiensium </item>
                        <item><lb/> in sotularibus valleti <sic>cutodientis</sic> equas domini :
                            XIIII denarios parisiensium </item>
                        <item> item hominibus bastardi de Anthone qui eis restituntur <lb/> de
                            mandato domini ut per litteram <add place="interlinear">domini</add>
                            datam apud <foreign>Beumont</foreign> quarta die mensis ianuarii anno
                            nonogesimo octavo expeditam per dominum Hugonem <lb/> de Chandeya : XX
                            solidos parisiensium </item>
                        <item> summa : L III s. XI d. ob. par. </item>
                    </list></p>
                <div xml:id="expense">
                    <head>expense</head>
                    <p><list>
                            <item><lb/> in rumpenda calciata stanni de <foreign>La
                                    Donrieri</foreign> supra stuphum et in removendis canalibus
                                veteribus et novis canalibus reponendis <lb/> que fuerunt longiora
                                duodecim pedibus quam vetera chanalia pro calciata que de tanto
                                largita est et in veteri deschargio obsturando <lb/> et novo
                                deschargio faciendo </item>
                            <item> in stipendiis centum duodecim magistrorum capientium quolibet
                                quindecim denarios viennensium in die et <lb/> in stipendiis septies
                                centum sexaginta trium manuperiorum capientium uno plus altero minus
                                ut in particulis : XXX libras XV solidos <lb/> viennensium </item>
                            <item> in largianda dicta calciata de tota longitudine sua a parte aque
                                de duodecim pedibus in fondo in <lb/> taschiam datam Stephano de
                                    <foreign>La Broeri</foreign> per castellanum et per Petrum
                                clericum : XXVI libras viennensium </item>
                            <item><lb/> in stipendiis trescentum quatuor charpentariorum scindentium
                                fustam in nemore pro chanalibus dicti stanni et pro <lb/> columpnis
                                stuphi et pro duobus soleriis de fusta et postibus factis in
                                dechargio dicti stanni de quatuor teysis de largo <lb/> et de septem
                                teysis de longitudine vel circa uno plus altero minus : XXII libras
                                VIII solidos viennensium </item>
                            <item><lb/> item serratoribus serrantibus quatuordecim trabes de quibus
                                factum est dictum deschargium : CXIIII solidos viennensium </item>
                            <item><lb/> in pane dato octies viginti octo bubulcis charreantibus
                                dictam fustam : XLII solidos viennensium </item>
                            <item><lb/> in sepibus factis ante stuphum dicti stanni et pro maeria ad
                                idem : VII solidos VI denarios viennensium </item>
                            <item><lb/> in tribus servis factis in stanno supra Albigniacum in
                                taschiam datam Guillermo <foreign>Locho </foreign>: LXXI solidos
                                viennensium </item>
                            <item><lb/> in roba data custodi dictorum stannorum : XV solidos
                                viennensium </item>
                            <item> in factura molendinorum domini in taschiam <lb/> datam Lamberto
                                Revoyllon pro <sic>tringinta</sic> libris viennensium et de residuo
                                computavit in computo precedenti : <lb/> IX libras VII solidos
                                viennensium </item>
                            <item> in factura <del rend="overstrike">esch</del> esclosarum dictorum
                                molendinorum in taschiam datam Iohanni de <foreign>La
                                    Broeri</foreign> et <lb/> protendunt<note type="césure"><hi
                                        rend="italics">pro<lb/>tendunt</hi></note> a molendinis
                                versus poypiam : XXI libras viennensium </item>
                            <item> in esclosa facta inter molendinum et villam : XXXVII solidos
                                <lb/> XI denarios </item>
                            <item> in factura esclose obsturantis intragium magni fossati et fuerunt
                                ibidem viginti magistri <lb/> et quatercentum quaterviginti unus
                                manuperarii : XVII libras X solidos IX denarios </item>
                            <item> in decem et septem duodenis <lb/><foreign>bronde</foreign>
                                positis in dictis esclosis preter id quod positum est ibi de nemore
                                domini : XXXVII solidos VI denarios viennensium </item>
                            <item><lb/> in duabus navatis lapidum tam pro empto quam pro charreagio
                                chargiando et dechargiando et in tresdecim <lb/> quarratis lapidum
                                platorum <del rend="overstrike">et pro ter</del> aductorum in
                                plateam pro furnis domini faciendis et pro terra neccessaria ad
                                dictos <lb/> furnos adducta et pro destruendo veteri furno et pro
                                scindendis columpnis furni et edificio retinendo <lb/> in paletandis
                                et plastriendis parietibus dictorum furnorum et furnis
                                    <sic>chooperiendis</sic> : XI libras X solidos IIII denarios
                                obolum viennensium </item>
                            <item><lb/> in dictis furnis datis in taschiam : X libras viennensium </item>
                            <item> in seccando feno superius computato et eo fenando <lb/>
                                charreando er reponendo : IX libras III solidos IIII denarios obolum
                                viennensium </item>
                            <item> summa expense : VIII<hi rend="sup">XX</hi> XIII lb. XIX s. V d.
                                vien. </item>
                            <item><lb/> idem libravit in stipendiis <sic>tringinta</sic><add
                                    place="interlinear">trium</add> hominum cum armis quos duxit ad
                                quinque mandamenta bayllivi ut per quinque paria <lb/> litterarum
                                dicti bayllivi quas reddit : VI libras XII solidos </item>
                            <item> in diversis nuntiis missis : VI solidos </item>
                        </list></p>
                </div>
                <div type="sub">
                    <head>salarium</head>
                    <p><list>
                            <item> in stipendiis ipsius <lb/> castellani<note type="césure"><hi
                                        rend="italics">cas<lb/>tellani</hi></note> per dictum tempus
                                de quo computat : XV libras viennensium </item>
                            <item><lb/> summa : XXI lb. XVIII s. vien. </item>
                        </list></p>
                </div>
                <div xml:id="arreragium">
                    <head>arreragium</head>
                    <p><list>
                            <item><lb/> idem libravit sibi ipsi de remanentia computi sui
                                precedentis : VIII libras III solidos VI denarios obolum
                                parisiensium </item>
                        </list></p>
                </div>
                <div>
                    <p><list>
                            <item><lb/> summa expense et librate : X lb. XVII s. VI d. par. et IX<hi
                                    rend="sup">XX</hi> XV lb. XVII s. V d. vien. </item>
                        </list></p>
                </div>
            </div>
            <div xml:id="bilan">
                <p><list>
                        <item><lb/> et sic debet VI<hi rend="sup">XX</hi> III libras IIII solidos
                            III denarios parisiensium et debentur ei IX<hi rend="sup">XX</hi> XV
                            libre XVII solidi V denarii viennensium</item>
                    </list></p>
            </div>
        </body>
    </text>
</TEI>
