<?xml version="1.0" encoding="UTF-8"?>
<?xml-model href="http://www.tei-c.org/release/xml/tei/custom/schema/relaxng/tei_all.rng" schematypens="http://relaxng.org/ns/structure/1.0"?>
<TEI xmlns:math="http://www.w3.org/1998/Math/MathML" xmlns="http://www.tei-c.org/ns/1.0"
    xmlns:xi="http://www.w3.org/2001/XInclude" xmlns:svg="http://www.w3.org/2000/svg"
    xml:id="B9156_2">
    <teiHeader>
        <fileDesc>
            <titleStmt>
                <title>Hugues Médecin (Hugo Medici), châtelain, pour la châtellenie de Pont-de-Vaux,
                    du mardi 1er juin 1294 au jeudi 14 avril 1295 <date type="debut"
                        from-iso="12940601" cert="high"/><date type="fin" from-iso="12950414"
                        cert="high"/></title>
                <respStmt>
                    <persName><name xml:lang="fra">Hugues Médecin</name><name xml:lang="lat">Hugo
                            Medici</name></persName>
                    <resp>Châtelain</resp>
                </respStmt>
            </titleStmt>
            <publicationStmt>
                <p>Alain Kersuzan et Frédéric Chartrain, avec la collaboration de Nils Mantilleri, Jean-Michel Poisson et Marianne Ronot, 
                    <title>Hugues Médecin (<hi rend="italics">Hugo Medici</hi>), châtelain, pour la châtellenie de Pont-de-Vaux,
                        du mardi 1er juin 1294 au jeudi 14 avril 1295</title>,
                    Lyon - Chambéry, 2011 (<title>Documents comptables des Etats de Savoie, XIIIe - XVe s.</title>)</p>
            </publicationStmt>
            <seriesStmt>
                <title>Pont-de-Vaux</title>
            </seriesStmt>
            <sourceDesc>
                <p>Information about the source</p>
            </sourceDesc>
        </fileDesc>
    </teiHeader>
    <text>
        <body>
            <milestone n="4" unit="vue"/>
            <pb n="3"/>
            <div xml:id="prologue">
                <p><lb/>Computus Hugonis Medici castellani Pontis Vallium a prima die intrantis
                    iunii anno Domini M<hi rend="sup">o</hi> CC<hi rend="sup">o</hi> XC<hi
                        rend="sup">o</hi> quarto <lb/> usque ad decimam quartam diem intrantis
                    aprilis videlicet de XLV <sic>edopmadis</sic> et duobus diebus anno nonagesimo
                        quinto<note> Lire <hi rend="italics">usque ad decimam quartam diem intrantis
                            aprilis anno nonagesimo quinto videlicet de XLV edomadis et duobus
                            diebus</hi>.</note> factus apud Chamberiacum </p>
            </div>
            <div xml:id="recepte">
                <div xml:id="frumentum">
                    <head>frumentum</head>
                    <p><lb/> idem reddit computum <list>
                            <item> de II meyteriis frumenti receptis <del rend="underlined_dotted"
                                    >de masso</del> a Stephano <foreign>Masuer</foreign> pro masso
                                Hugonis de <foreign>Fromentauz</foreign> de redditu <lb/> per annum </item>
                            <item> de IIII copis receptis apud <foreign>Albignieu</foreign> de
                                tenementariis massi <foreign>al Chaneys</foreign> pro quatuor
                                panibus quos debent de redditu </item>
                            <item> de <lb/> II meyteriis II copis receptis de redditu quondam
                                Iohannis <foreign>Poysat</foreign> redacto ad manum domini ut in
                                extenta </item>
                            <item> de IIII cupis receptis de redditu <lb/> dicti Iohannis pro
                                quatuor panibus ut in extenta </item>
                            <item> de exitu molendini de <foreign>Marceseys</foreign> in quo dominus
                                percipit sextam partem nichil computat quia <lb/> nichil obvenit de
                                frumento </item>
                            <item> de exitu molendini empti de Guidone de
                                    <foreign>Espinous</foreign> nichil in frumento quia acensatum
                                fuit ad <lb/> siliginem ut infra in siligine </item>
                            <item> de copponagio nichil quia accensatur cum mercato ad denarios </item>
                            <item><lb/> summa : V meyteria IIII cupe frumenti</item>
                        </list></p>
                </div>
                <div xml:id="siligo">
                    <head>siligo</head>
                    <p><lb/> idem reddit computum <list>
                            <item> de VII cupis siliginis de exitu molendini de
                                    <foreign>Marcesey</foreign> per idem <sic>tempo</sic> pro sexta
                                parte domini </item>
                            <item> de XXIIII meyteriis receptis de <lb/> firma molendini empti de
                                Guidone de <foreign>Espinous</foreign> pro anno finito in festo
                                beati Bertholomei<note> La syllabe initiale est écrite en toutes
                                    lettres à la ligne suivante.</note> anno XC<hi rend="sup">o</hi>
                                quarto </item>
                            <item> de XXIIII meyteriis receptis <lb/> de firma eiusdem molendini pro
                                anno finiendo in festo beati Bertholomei anno Domini XC<hi
                                    rend="sup">o</hi> quinto </item>
                            <item> de coponagio Pontis Vallium et Sancti Benigni<note type="césure"
                                        ><hi rend="italics">benig<lb/>ni</hi></note><lb/> nichil in
                                siligine quia accensatum est ad denarios ut supra in frumento </item>
                            <item> de X meyteriis receptis de hominibus de vico de Albigniaco de
                                <lb/> redditu per annum </item>
                            <item> de IIII meyteriis receptis in villa Sancti Benigni de prepositura
                                per annum </item>
                            <item> de XXVII meyteriis receptis apud Boschum de <lb/> prepositura et
                                chacipoleria per annum ut in extenta </item>
                            <item> de IIII meyteriis receptis de Guillermo de Beleyvro pro masso
                                    <foreign>al Chapotaz</foreign> de redditu per <lb/> annum </item>
                            <item> de IX cupis receptis de Guillerma relicta Stephani
                                    <foreign>Bechat</foreign> de bonis dicti
                                    <foreign>Poysat</foreign> de redditu per annum ut in extenta </item>
                            <item> de VI <lb/> meyteriis IIII cupis et quatuor partibus unius cupe
                                receptis de redditu Guidonis de Spinoso redacto ad manum domini pro
                                eo quod emendavit dominus pro <lb/> dicto Guidone erga Iudeos Pontis
                                Vallium ut in particulis in extenta </item>
                            <item><lb/> summa : CII meyteria II cupe quatuor partes unius cupe
                                siliginis </item>
                            <item> de quibus deducuntur <del rend="overstrike">octo</del> que
                                    recuperari<note type="césure"><hi rend="italics"
                                        >recupera<lb/>ri</hi></note><lb/> non possunt de Iohanne de
                                    <foreign>La Feola</foreign> de censa molendini quondam Guidonis
                                de Spinoso finita in festo beati Bertholomei anno XC<hi rend="sup"
                                    >o</hi> quarto et <lb/> recessit<note type="césure"><hi
                                        rend="italics">re<lb/>cessit</hi></note> propter paupertatem
                                ut dicit : VIII meyteria siliginis </item>
                            <item><lb/> summa deducti : VIII meyteria </item>
                            <item> et restant : IIII<hi rend="sup">XX</hi> XIIII <del
                                    rend="overstrike underlined_dotted">sestarii</del> meyteria II
                                cupe quatuor partes <lb/> unius cupe siliginis — et remanent <add
                                    resp="autreMain" place="endOfLine">quere in fine
                                        <sic>cumputi</sic></add></item>
                        </list></p>
                </div>
                <div xml:id="avena">
                    <head>avena</head>
                    <p><lb/> idem reddit computum <list>
                            <item> de XV meyteriis avene receptis de hominibus celerarii de
                                Trenorchio in parrochia de Sarmoyaco de garda perpetua per annum </item>
                            <item><lb/> de XI meyteriis receptis de quibusdam hominibus dicte
                                castellanie de garda per annum ut in extenta </item>
                            <item> de II meyteriis receptis de terragio <sic>manssi</sic> Hugonis
                                <lb/> de <foreign>Fromentauz</foreign> quod excoluit Stephanus
                                    <foreign>Masuers</foreign> hoc anno </item>
                            <item> de III cupis receptis de redditu Guidonis de
                                    <foreign>Spinoso</foreign><sic>redacti</sic> ad manum <lb/>
                                domini ut supra </item>
                            <item> de II <del rend="underlined_dotted">se</del> meyteriis receptis
                                de bonis dicti <foreign>Poysat</foreign> de redditu per annum ut in
                                extenta </item>
                            <item><lb/> summa : XXX meyteria III cupe avene <add resp="autreMain"
                                    place="endOfLine">quere in fine</add></item>
                        </list></p>
                </div>
                <div xml:id="panes">
                    <head>panes</head>
                    <p><lb/> de panibus non computat quia superius computavit in frumento </p>
                </div>
                <div xml:id="cera">
                    <head>cera</head>
                    <p><list>
                            <item><lb/> idem reddit computum de XXI libris cere receptis de garda ut
                                in extenta deductis sex libris quas debebant Bernardus
                                    <foreign>Alotes</foreign> qui mortuus est <lb/> Martinus
                                    <foreign>Bordelins</foreign> Guillermus
                                    <foreign>Roygnars</foreign> ut in computo precedenti et Petrus
                                de Divione magister laqueator et Stephanus de Molendino<note
                                    type="césure"><hi rend="italics">molen<lb/>dino</hi></note><lb/>
                                qui recesserunt propter inopiam </item>
                            <item><lb/> summa : XXI libre cere <add resp="autreMain"
                                    place="endOfLine">quere in fine</add></item>
                        </list></p>
                </div>
                <div xml:id="galline">
                    <head>galline</head>
                    <p><list>
                            <item><lb/> idem reddit computum de VI<hi rend="sup">XX</hi> XII
                                gallinis receptis apud Boscum et apud vicum Albigniaci et apud
                                Sanctum Benignum de consuetudine et <lb/> levantur apud Boscum et
                                apud Sanctum Benignum super quolibet foco due galline et apud vicum
                                Albigniaci super quolibet foco una gallina deductis <lb/> quatuor
                                gallinis de Philiberto de Boscho qui suspensus fuit et de stortipide
                                de Neyvro qui recessit propter paupertatem </item>
                            <item> de <lb/> XI gallinis receptis de redditu Guidonis de Spinoso ut
                                in extenta </item>
                            <item> de III pullis receptis de bonis dicti <foreign>Poysat</foreign>
                                ut in extenta </item>
                            <item><lb/> summa : VII<hi rend="sup">XX</hi> III galline III
                                pulli</item>
                        </list></p>
                </div>
                <div xml:id="carrelli">
                    <head>carrelli</head>
                    <p><lb/> idem reddit computum <list>
                            <item><add place="interlinear">de</add> C ferris carrellorum ad unum
                                pedem receptis de Guillerma relicta Martini de Furno pro porteria
                                porte <sic>Potis</sic> Vallium a parte <lb/> Cusiriaci de redditu
                                per annum </item>
                            <item> de C ferris carrellorum ad unum pedem receptis de Hugone Fabro de
                                reddditu porterie a parte <lb/> Baugiaci </item>
                            <item> summa : CC carrelli </item>
                            <item> de <add place="interlinear">ducentis</add> carrellis qui debentur
                                de remanentia computi <del rend="underlined_dotted">p</del> Hugonis
                                de Castro Novo exquirendum est quis eos habuerit </item>
                        </list></p>
                </div>
                <div xml:id="fenum">
                    <head>fenum</head>
                    <p><list>
                            <item><lb/> idem reddit computum de dimidia charrata feni recepta de
                                exitu prati de <foreign>Planateuz</foreign> hoc anno </item>
                            <item><lb/> summa : dimidia charrata feni</item>
                        </list></p>
                </div>
                <div xml:id="denarii_census">
                    <head>denarii census</head>
                    <p><lb/> idem reddit computum <list>
                            <item> de X solidis III denariis parisiensium receptis de tenementariis
                                mansi <foreign>al Chalveys</foreign> de redditu per annum </item>
                            <item> de II solidis parisiensium receptis de Bernardo <lb/> et Perrino
                                    <foreign>dou Charvey</foreign> pro eodem </item>
                            <item> de VI solidis receptis de Peroneto <foreign>del Truchal</foreign>
                                et nepote suo pro eodem </item>
                            <item> de VIII solidis receptis de Guillermo Beleyvro <lb/> pro manso
                                    <foreign>al Chapotaz</foreign> pro eodem </item>
                            <item> de IIII denariis receptis de Devina et genero suo pro eodem </item>
                            <item> de XII denariis receptis de Ogereto Grassi pro eodem </item>
                            <item> de V <lb/> solidis receptis de Stephano <foreign>Masuer</foreign>
                                pro manso Hugonis de <foreign>Fromentauz</foreign> pro eodem </item>
                            <item> de IIII denariis receptis de Iohanne et Humberto
                                    <foreign>Broczart</foreign> de redditu <lb/> dicti
                                    <foreign>Poysat</foreign></item>
                            <item> de III solidis receptis de Guillermeta <foreign>La
                                    Freydi</foreign> pro eodem </item>
                            <item> de VI solidis receptis de Peroneto et Ogereto filiis quondam
                                Girardi Albi pro <lb/> eodem </item>
                            <item> de X solidis receptis de relicta Petri Burdini pro eodem </item>
                            <item> de IIII libris X solidis parisiensium receptis de bonis Guidonis
                                de Spinoso <lb/> de redditu per annum ut in extenta </item>
                            <item> de IIII solidis VI denariis receptis de tribus banchis macelli de
                                redditu per annum et dantur pro qualibet bancha <lb/> decem et octo
                                denarios </item>
                            <item> de porchis occisis in macello de quorum quolibet capitur obolus
                                non computat quia accensatum est cum leyda </item>
                            <item> de VII libris <lb/> VII solidis VII denariis receptis de teysis
                                in villa Pontis Vallium que levantur in octabis pasche </item>
                            <item> de VIII solidis VIII denariis receptis de firma forestagii<note
                                    type="césure"><hi rend="italics"
                                >foresta<lb/>gii</hi></note><lb/> et dominii et riparie de
                                    <foreign>Marceseys</foreign> finita in paschate anno XC<hi
                                    rend="sup">o</hi> quinto et levatur forestagium in nativitate
                                    Domini<note> Le samedi 25 décembre 1294.</note></item>
                            <item> de IX libris <lb/> receptis de firma furni Pontis Vallium et
                                furni extra villam a parte Baugiaci finienda in festo beati Iohannis
                                baptiste anno XC<hi rend="sup">o</hi> quinto </item>
                            <item> de XXV solidis <lb/> receptis de medietate firme furni hominum
                                existentium extra portam Pontis Vallium a parte Cusiriaci finita in
                                festo nativitatis Domini anno XC<hi rend="sup">o</hi> quarto </item>
                            <item><lb/> de XXVI solidis VIII denariis receptis de medietate firme
                                dicti furni finiende in festo nativitatis Domini anno XC<hi
                                    rend="sup">o</hi> quinto quam tenet Stephanus
                                    <foreign>Gentez</foreign> qui tunc <lb/> debebit tantumdem </item>
                            <item> de XII libris receptis de firma minuti pedagii leyde coponagii
                                nundinarum Baugiaci cridagii essegagii porchorum occisorum <lb/> in
                                macello nundinarum Sancti Benigni finiende decima quinta die mensis
                                maii anno XC<hi rend="sup">o</hi> quinto </item>
                            <item> de XXVI solidis VIII denariis receptis de firma<note> Le mot <hi
                                        rend="italics">firma</hi> a remplacé une première rédaction,
                                    que l’on a effacée, vraisemblablement <hi rend="italics"
                                        >censa</hi>.</note><lb/> pedagii Iudeorum a festo omnium
                                sanctorum anno XC<hi rend="sup">o</hi> quarto usque ad idem festum
                                anno XC<hi rend="sup">o</hi> quinto </item>
                            <item> de pontanagio quod levatur in incremento <lb/> aquarum ad portam
                                de versus Baugiacum non computat quia poni debet ut dicit in itinere
                                elevando a dicta porta usque ad pontem </item>
                            <item> de XVIII libris <lb/> receptis de tayllia in hominibus de Boscho
                                videlicet in festo beati Bertholomei et in festo beati Andree anno
                                    XC<hi rend="sup">o</hi> quarto </item>
                            <item> de IIII<hi rend="sup">or</hi> libris receptis de taylliis <lb/>
                                apud Sanctum Benignum in dictis festis hoc anno </item>
                            <item> de censa Iudeorum et corsinorum non computat quia solverunt <del
                                    rend="overstrike">Perrino Isnardi de</del><del rend="overstrike"
                                        ><add place="interlinear">Petro</add></del> mandato <lb/>
                                domini ut dicit </item>
                        </list></p>
                </div>
                <div xml:id="garde">
                    <head>garde<note> Cette rubrique écrite dans la marge gauche est appelée dans le
                            texte par un signe en forme de trait surmontant deux gros
                        points.</note></head>
                    <p><list>
                            <item> de IIII solidis IIII denariis receptis de gardis ut in extenta
                                detractis sexdecim denariis quos debebat Ruffus
                                    <foreign>Bordelins</foreign> qui <lb/> recessit<note
                                    type="césure"><hi rend="italics">re<lb/>cessit</hi></note>
                                propter paupertatem et uxor dicti <foreign>Coyllart</foreign> que
                                mortua est </item>
                            <item> de introgiis et inventis nichil hoc anno </item>
                            <item> de <lb/> nemore fossatarum non computat quia nichil venditum est </item>
                            <item><lb/> summa : LXII lb. V s. IIII d. par.</item>
                        </list></p>
                </div>
                <div xml:id="laudes_et_vende">
                    <head>laudes et vende</head>
                    <p><lb/> idem reddit computum <list>
                            <item> de VIII denariis parisiensium receptis de Renaudo de Curia de
                                Boscho pro medietate laudis contingentis dominum pro quadam pecia
                                terre empte a <lb/> Guidone<note type="césure"><hi rend="italics"
                                        >gui<lb/>done</hi></note><foreign>Tayllifer</foreign> pretio
                                octo solidorum </item>
                            <item> de VII solidis receptis a Guillermo <foreign>Ramus</foreign> pro
                                prato et terra emptis ab uxore Durandi <foreign>Poyllat</foreign>
                                    quadraginta<note type="césure"><hi rend="italics"
                                        >quadra<lb/>ginta</hi></note><lb/> sex solidis octo denariis
                                parisiensium </item>
                            <item> de III solidis IIII denariis receptis a Ponceto
                                    <foreign>Tayllifer</foreign> pro medietate laudis terrarum
                                emptarum a Guidone <foreign>Tayllifer</foreign><lb/> et eius uxore
                                quadraginta solidis </item>
                            <item> de VIII denariis receptis ab Aymone de Curia pro medietate laudis
                                cuiusdam pecie terre empte a Guidone
                                <foreign>Tayllifer</foreign><lb/> pretio octo solidorum </item>
                            <item> de III solidis parisiensium receptis a Stephano
                                    <foreign>Rebout</foreign> de Boscho pro medietate laudis
                                cuiusdam prati empti a Guidone <foreign>dou Verney</foreign>
                                quadraginta solidis </item>
                            <item><lb/> de V <del rend="underlined_dotted overstrike">solidis
                                    IIII</del> denariis et obolo receptis ab Hugone filio Bernardi
                                de Quercu pro medietate laudis terre empte ab Aymone
                                    <foreign>Gascon</foreign> quinque solidis quatuor denariis </item>
                            <item> de <lb/> XVII denariis receptis a Bernardo
                                    <foreign>Tayllifer</foreign> pro medietate laudis terre empte a
                                dicta <foreign>La Breta</foreign> duodecim solidis </item>
                            <item> de IIII denariis obolo receptis a Iohanne de Quercu <lb/> pro
                                medietate laudis sedis unius charrati feni empte a Guillermo
                                Perraudi quatuor solidis et octo denariis </item>
                            <item> de III denariis receptis a Iohanne <foreign>Pesterel</foreign>
                                pro medietate <lb/> laudis terre empte a Guillermo Perraudi tribus
                                solidis </item>
                            <item> de V denariis receptis a Guillermo <foreign>Lo Colan</foreign>
                                pro medietate laudis unius seyllonis terre empti a Guillermo <lb/>
                                Perraudi quinque solidis </item>
                            <item><lb/> de IIII denariis receptis a Guillermo Ogerii pro medietate
                                laudis sexte partis sedis unius carrate feni empte ab Aymone Ogerii
                                tribus <lb/> solidis et octo denariis </item>
                            <item> de II solidis VIII denariis receptis a Stephano de Verneto pro
                                medietate laudis sedis unius charrate feni empte a Guillermo filio
                                    <foreign>Meencin</foreign><note type="césure"><hi rend="italics"
                                        >meen<lb/>cin</hi></note><lb/><sic>tringinta</sic> duobus
                                solidis </item>
                            <item> de V solidis IX denariis receptis a Stephano
                                    <foreign>Rebout</foreign> pro medietate laudis cuiusdam prati
                                empti a Iohanna relicta Iohannis de Verneto <lb/> sexaginta sex
                                solidis octo denariis </item>
                            <item> de II solidis IX denariis obolo pro medietate laudis receptis a
                                Iohanne de Quercu prati empti a Stephano <foreign>Lo
                                    Blandan</foreign> tringinta <lb/> tribus solidis quatuor
                                denariis </item>
                            <item> de XL solidis receptis a <foreign>Beneon</foreign> Iudeo pro
                                quadam domo empta a Clementio fabro tresdecim libris septem solidis </item>
                            <item> de <lb/> XIIII solidis receptis a Guillermo
                                    <foreign>Boyllet</foreign> pro domo empta a Reynaudo fabro
                                quatuor libris tresdecim solidis quatuor denariis </item>
                            <item><lb/> summa : IIII lb. III s. I d. ob. par.</item>
                        </list></p>
                </div>
                <div xml:id="banna">
                    <head>banna<note> Changement radical d’écriture à partir de cette rubrique. On
                            retrouve une main déjà rencontrée dans les comptes de Pont-de-Vaux du
                            rouleau B 9155, celle du scribe qui écrit <hi rend="italics">cumputum
                                pour computum</hi>.</note></head>
                    <p><list>
                            <item><lb/> idem reddit cumputum de VI libris X solidis parisiensium
                                receptis de bannis per idem tempus obvenientibus ut in particulis in
                                dorso rotuli<note> Voir vue 10 :<milestone unit="vue" n="10"/><hi
                                        rend="italics"><lb/> idem reddit computum <list>
                                            <item> de XXX<hi rend="sup">ta</hi> solidis viennensium
                                                receptis ab Amico Iudeo qui adcusabatur pro eo quod
                                                <lb/> pater suus fecerat duo paria litterarum de uno
                                                debito <unclear>concordat[um]</unclear> per iudicem
                                                et procuratorem </item>
                                            <item><lb/> item de quadraginta solidis viennensium
                                                receptis a Iohanne Palmerii qui accusabatur pro eo
                                                quod filius suus <lb/> ceperat furtive quasdam ut
                                                dicebatur <sic>concordatos</sic> per iudicem et
                                                procuratorem </item>
                                            <item><lb/> item de XXti solidis viennensium receptis a
                                                Pariseto de <foreign>Mont Richier</foreign> qui
                                                accusabatur pro eo <lb/> quod ipse redimerat quemdam
                                                chapellum qui non erat suus et quem quedam mulier
                                                <lb/> dederat in pignus in taberna apud Sanctum
                                                Stephanum super Reyssusa in quibus fuit condempnatus
                                                <lb/> per iudicem </item>
                                            <item><lb/> item de X solidis viennensium receptis a
                                                Peroneto Morelli de <foreign>Avites</foreign> in
                                                quibus fuit condempnatus <lb/> per iudicem pro eo
                                                quod ipse erat cum curato de
                                                  <foreign>Gorrevout</foreign> quando fregebat
                                                quoddam hostium </item>
                                            <item><lb/> item <del rend="overstrike">a Ste</del>
                                                reddit computum de XV solidis viennensium receptis a
                                                Stephanino Rebot qui <lb/> accusabatur pro eo quod
                                                ipse ducebat bladum apud Matisconem </item>
                                            <item><lb/> item de X solidis viennensium receptis a
                                                Bernardo Perrini pro eo quod ipse accusatur de furto
                                                <lb/> sed non potuit inveniri et in hiis fuit
                                                concordatus per iudicem </item>
                                            <item><lb/> item de L solidis viennensium receptis a
                                                Iohanne Puterii pro quadam discordia mota inter
                                                ipsum <lb/> Iohannem et Hugonem Corbeti
                                                concordat[um] per iudicem </item>
                                            <item><lb/> item de XXti solidis receptis ab opilione
                                                Iohannis Pala pro eo quod ipse fecerat sanguinem
                                                <lb/> cuidam garcie ut dicebatur.</item>
                                        </list></hi></note></item>
                        </list></p>
                </div>
                <div xml:id="clame">
                    <head>clame</head>
                    <p><list>
                            <item><lb/> de LX X solidis receptis de clamis per idem tempus
                                obvenientibus quarum<note> On avait probablement écrit <hi
                                        rend="italics">quas</hi>, qui a été raturé.</note> oblitus
                                est particulas quas reddere debet et si plus <lb/> contineant plus
                                computabit </item>
                            <item><lb/> summa bannorum et clamarum : X lb. par. </item>
                            <item> de quibus deducuntur pro parte castellani capientis duodecim
                                denarios in libra : X solidi parisiensium — et restant <lb/> pro
                                parte domini : IX libre X solidi parisiensium</item>
                        </list></p>
                </div>
                <div xml:id="complainta">
                    <head>compleinta</head>
                    <p><lb/> idem reddit cumputum <list>
                            <item> de XXVII libris XIII solidis IIII denariis parisiensium receptis
                                de complainta facta in hominibus de <foreign>Bos</foreign> et de
                                    <lb/><foreign>Chavannes</foreign> pro subsidio dotis Alyenore
                                filie domini comitis </item>
                            <item><lb/> summa : XXVII lb. XIII s. IIII d. par. </item>
                        </list></p>
                </div>
                <div xml:id="bilan_recepte">
                    <p><list>
                            <item><lb/> summa totalis recepte : CIII lb. XI s. IX d. ob. par. — qui
                                scampsi ad <lb/> viennenses valent VII<hi rend="sup">XX</hi> XV
                                libras VII solidos VIII denarios viennensium </item>
                        </list></p>
                </div>
            </div>
            <div xml:id="expense_et_librate">
                <p><list>
                        <item> de quibus <lb/> idem libravit ad expensas domini factas per manum
                            Hugonis de Voyrone per litteram domini et dicti Hugonis datam die
                            sabbati <lb/> post carniprivium vetus anno Domini M<hi rend="sup">o</hi>
                                CC<hi rend="sup">o</hi> nonagesimo quarto quam reddit : XX libras
                            VIII solidos viennensium </item>
                        <item><lb/> idem libravit ad expensas domini per manum Hugonis de Voyrone
                            factas per litteram domini et dicti Hugonis datam dominica <lb/> qua
                            cantatur reminiscere anno nonagesimo quarto quam reddit : LXVII solidos
                            VIII denarios obolum viennensium </item>
                        <item><lb/> idem libravit Ogereto carpentario de Baugiaco pro faciendo
                            stupho stagni supra Albigniacum per <lb/> litteram domini de mandato
                            datam die lune post festum beate Marie Magdalene anno nonagesimo quarto
                            <lb/> quam reddit et per testimonium donni Iohannis Floridi : X solidos
                            viennensium </item>
                        <item><lb/> idem libravit donno Iohanni Floridi capellano per manum Petri
                            clerici pro secunda solutione dotis Alyenore <lb/> filie domini comitis
                            facienda et per litteram dicti Iohannis datam die iovis post nativitatem
                            Domini <lb/> anno nonagesimo quarto quam reddit : XL libras viennensium </item>
                        <item><lb/> idem libravit in expensis cuiusdam latronis qui captus fuit apud
                            Baugiacum ubi stetit sex septimanas <lb/> et quia offenderat apud Pontem
                            Vallium sibi redditus fuit et fuit suspensus apud Pontem Vallium <lb/>
                            per litteram castellani Baugiaci de testimonio quam reddit : X solidos
                            VI denarios viennensium </item>
                        <item><lb/> idem libravit Petro clerico qui eas tradidit Guiotho lathomo pro
                            operibus Treffortii per litteram dicti <lb/> Petri datam in crastino
                            sancte crucis anno nonagesimo quarto quam reddit : XVIII libras
                            viennensium </item>
                        <item><lb/> idem libravit Raynaldo <foreign>Chevillart</foreign> de mandato
                            domini pro nemore ab eo empto per litteram <lb/> domini datam
                                <foreign>la dimenchi empres rampauz</foreign> M CC <foreign>nonante
                                quatre</foreign> quam reddit : VII libras viennensium </item>
                        <item><lb/> summa librate : IIII<hi rend="sup">XX</hi> IX lb. XVI s. II d.
                            ob. vien.</item>
                        <milestone n="5" unit="vue"/>
                        <pb n="4"/>
                        <lb/>
                        <item> in charreagio fuste stuphi stagni de Albigniaco et expensis duodecim
                            bubulcorum charreantium scundullas <lb/> a nemore<note> On a écrit <hi
                                    rend="italics">anemore</hi>.</note> de Chamandrey videlicet tres
                            charratas ad Pontem Vele : XVII solidos VI denarios viennensium </item>
                        <item> in expensis Philiberti <lb/> latronis suspensi quem tenuit viginti
                            quatuor diebus quibus vacavit pro inquirendis maleficiis eius :
                                <supplied reason="support endommagé">[…]
                                solidos</supplied><foreign> </foreign>VI denarios </item>
                        <item><lb/> in expensis clientum adducentium de Baugiaco apud Pontem Vallium
                            latronem unum qui suspensus fuit ut supra in librata : <lb/> II solidos
                            VI denarios </item>
                        <item> in cooperiendis domibus et granerio et pro sepe facta ad claudendum
                            nemus fossatorum : V solidos <lb/> II denarios obolum </item>
                        <item> in expensis trium carpentariorum qui fuerunt cum supradicto
                            charreagio ad currus aptandos : <lb/> VII solidos </item>
                        <item> in <del rend="overstrike">tribus</del> quatuor mandamentis nobilium
                            castellanie Pontis Vallium et quatuor contramandamentis factis <lb/> per
                            litteras ballivi quas reddit : XIX solidos </item>
                        <item><lb/> summa expense : LIIII s. VIII d. ob. vien. </item>
                        <item><lb/> in stipendiis sui ipsius castellani pro salario suo unius anni
                            finiendi prima die iunii : XV libras viennensium <lb/> summa : XV lb.
                            vien. </item>
                        <item><lb/> summa librate, expense et salarii : C VII lb. X s. XI d. vien.
                        </item>
                    </list></p>
            </div>
            <div xml:id="bilan">
                <p><list>
                        <item> et sic <lb/> debet XLVII libras XVI solidos IX denarios viennensium </item>
                        <item> de quibus deducuntur quas libravit ad expensas domini factas per
                            <lb/> manum Hugonis de Voyrone factas per litteram domini et dicti
                            Hugonis datam in vigilia<note> On a écrit <hi rend="italics"
                                    >invigilia</hi>.</note> apostolorum Symonis et Iude anno
                            nonagesimo quarto <lb/> quam reddit : VII libre XIX solidi IIII denarii
                            obolus viennensium </item>
                        <item> et sic debet finaliter : XXXIX libras XVII solidos IIII denarios
                            <lb/> obolum viennensium </item>
                    </list></p>
                <div xml:id="siligo_2">
                    <head>siligo</head>
                    <p><list>
                            <item><lb/> debet ut supra : IIII<hi rend="sup">XX</hi> XIIII meiteria
                                II cupas et quatuor partes cupe siliginis </item>
                            <item> de quibus <lb/> idem libravit oyselerio de Ponte Vallium de
                                mandato domini et per litteram eius quam reddit datam die martis
                                <lb/> post ramis palmarum anno nonagesimo quarto : VI meiteria
                                siliginis </item>
                            <item><lb/> summa librate : VI meiteria siliginis </item>
                            <item> et sic debet : IIII<hi rend="sup">XX</hi> VIII meiteria II cupas
                                et quatuor partes <del rend="overstrike">sil</del> cupe siliginis
                            </item>
                        </list></p>
                </div>
                <div xml:id="avena_2">
                    <head>avena</head>
                    <p><lb/> debet ut supra : XXX meiteria III cupas avene <list>
                            <item> de quibus <lb/> idem libravit ad expensas domini factas per manum
                                Hugonis de Voyrone per litteras domini et dicti Hugonis datas <lb/>
                                dominica qua cantatur reminiscere anno nonagesimo quarto quas reddit
                                : VI cupas avene </item>
                            <item><lb/> idem libravit ad expensas domini factas per manum Hugonis de
                                Voyrone per litteram domini et dicti Hugonis datam in vigilia <lb/>
                                apostolorum Symonis et Iude anno nonagesimo quarto quam reddit : III
                                meiteria avene </item>
                            <item><lb/> summa librate : III meiteria VI cupe avene </item>
                            <item> et sic debet XXVI meiteria V cupas avene</item>
                        </list></p>
                </div>
                <div xml:id="cera_2">
                    <head>cera</head>
                    <p><list>
                            <item><lb/> debet ut supra : XXI libras cere : de quibus<note> On a
                                    écrit <hi rend="italics">dequibus</hi>.</note><lb/> idem
                                libravit ad expensas hospitii factas per manum Hugonis de Voyrone
                                per litteram domini et dicti Hugonis datam <lb/> dominica qua
                                cantatur reminiscere anno nonagesimo quarto quam reddit : VI libras
                                et dimidiam cere </item>
                            <item><lb/> summa librate cere : VI libre et dimidia cere </item>
                            <item> et sic <lb/> debet : XIIII libras et dimidiam cere<note> Cette
                                    dernière phrase est écrite d’une encre nettement plus noire,
                                    déjà utilisée deux lignes plus haut pour marquer la
                                    somme.</note></item>
                        </list></p>
                </div>
                <div>
                    <p><list>
                            <item><lb/> memorandum quod debent addi huic computo XXX solidi
                                viennensium quos habuit castellanus de Torto Iudeo Pontis
                                    Vallium<note> Cette note est de la même main que la première
                                    partie du compte.</note></item>
                        </list></p>
                </div>
            </div>
        </body>
    </text>
</TEI>
