<?xml version="1.0" encoding="UTF-8"?>
<?xml-model href="http://www.tei-c.org/release/xml/tei/custom/schema/relaxng/tei_all.rng" schematypens="http://relaxng.org/ns/structure/1.0"?>
<TEI xmlns:math="http://www.w3.org/1998/Math/MathML" xmlns="http://www.tei-c.org/ns/1.0"
  xmlns:xi="http://www.w3.org/2001/XInclude" xmlns:svg="http://www.w3.org/2000/svg" xml:id="B9154_7">
  <teiHeader>
    <fileDesc>
      <titleStmt>
        <title>Compte d'Aynard de Bardonnèche (dominus Aynardus de Bardonesca), châtelain de
          Pont-de-Vaux et juge de la terre de Bagé tenant la maison de Chevroux (tenens domum de
          Chivrous), pour la châtellenie de Pont-de-Vaux, du mercredi 1<hi rend="sup">er</hi> mai
          1286 au jeudi 15 mai 1287 <date type="debut" from-iso="12860501" cert="high"/><date
            type="fin" from-iso="12870515" cert="high"/></title>
        <respStmt>
          <persName><name xml:lang="fra">Aynard de Bardonnèche</name><name xml:lang="lat">Aynardus
              de Bardonesca</name><roleName>châtelain de Pont-de-Vaux et juge de la terre de Bâgé
              tenant la maison de Chevroux</roleName></persName>
          <resp>Châtelain</resp>
        </respStmt>
      </titleStmt>
      <publicationStmt>
        <p>Alain Kersuzan et Frédéric Chartrain, avec la collaboration de Nils Mantilleri, Jean-Michel Poisson et Marianne Ronot, 
          <title>Compte d'Aynard de Bardonnèche (dominus Aynardus de Bardonesca), châtelain de
            Pont-de-Vaux et juge de la terre de Bagé tenant la maison de Chevroux (tenens domum de
            Chivrous), pour la châtellenie de Pont-de-Vaux, du mercredi 1er mai
            1286 au jeudi 15 mai 1287</title>,
          Lyon - Chambéry, 2011 (<title>Documents comptables des Etats de Savoie, XIIIe - XVe s.</title>)</p>
      </publicationStmt>
      <seriesStmt>
        <title>Pont-de-Vaux</title>
      </seriesStmt>
      <sourceDesc>
        <p>Information about the source</p>
      </sourceDesc>
    </fileDesc>
  </teiHeader>
  <text>
    <body>
      <milestone n="5" unit="vue"/>
      <pb n="5"/>
      <div xml:id="prologue">
        <p><lb/>item computus dicti domini Aynardi iudicis Baugiaci a die et festo apostolorum
            <sic>Philipi</sic> et Iacobi anno Domini <lb/> M° CC° octogesimo sexto usque ad
            <sic>eandem</sic> diem anno sequenti et ex tunc usque ad quindecim post finitos
          quintadecima <lb/> die maii videlicet pro uno anno et quindecim dies</p>
      </div>
      <div xml:id="recepte">
        <div>
          <p><lb/> idem reddit computum <list>
              <item> de IIII<hi rend="sup">XX</hi> XV libris XIIII solidis II denariis viennensium,
                receptis de exitu magni sigilli per idem tempus ut in particulis </item>
              <item> de XIIII libris XVII solidis <lb/> VII denariis receptis de exitu parvi sigilli
                per idem tempus </item>
            </list></p>
        </div>
        <div xml:id="bilan_recepte">
          <p><list>
              <item> summa recepte : C X lb. XI s. IX d. vien.</item>
            </list></p>
        </div>
      </div>
      <div xml:id="expense_et_librate">
        <p><list>
            <item> de quibus <lb/> in cera empta pro sigillis per idem tempus <lb/> LVI solidos VIII
              denarios viennensium </item>
            <item> item magistro Thome de Confleto procuratori terre Baugiaci de salario <lb/> suo :
              LX solidos </item>
            <item> item sibi ipsi pro salario suo de iudicatura et castellania Pontis Vallium et
              domo de <foreign>Chivrous</foreign> tenendis per <lb/> dictum tempus : IIII<hi
                rend="sup">XX</hi> III libras XVIII denarios, ad rationem quaterviginti librarum de
              salario per annum </item>
          </list></p>
        <div xml:id="bilan_expense_et_librate">
          <p><lb/><list>
              <item> summa expense et librate : IIII<hi rend="sup">XX</hi> VIII lb. XVIII s. II d.
                vien.</item>
            </list></p>
        </div>
      </div>
      <div xml:id="bilan">
        <p><lb/><list>
            <item> et sic debet XXI libras XIII solidos VII denarios viennensium : valent ad
              parisienses XIIII libras IX solidos obolum parisiensium </item>
            <item> quibus <lb/> aduntur XL libre XVII solidi IIII denarii parisiensium receptis a se
              ipso de remanentia computorum Pontis Vallium et domus de
              <foreign>Chivrous</foreign></item>
            <lb/>
            <item> et sic debet LV libras VI solidos IIII denarios obolum parisiensium </item>
            <item> de quibus computat inferius <lb/> in computo de
              <foreign>Chivrous</foreign></item>
          </list></p>
      </div>
    </body>
  </text>
</TEI>
