<?xml version="1.0" encoding="UTF-8"?>
<?xml-model href="http://www.tei-c.org/release/xml/tei/custom/schema/relaxng/tei_all.rng" schematypens="http://relaxng.org/ns/structure/1.0"?>
<TEI xmlns:math="http://www.w3.org/1998/Math/MathML" xmlns="http://www.tei-c.org/ns/1.0"
    xmlns:xi="http://www.w3.org/2001/XInclude" xmlns:svg="http://www.w3.org/2000/svg"
    xml:id="B9157_3">
    <teiHeader>
        <fileDesc>
            <titleStmt>
                <title>Compte de Guiffrey du Chaney (Guiffredus de Chaneto), châtelain, pour la châtellenie de
                    Pont-de-Vaux, du mardi 13 mai 1298 au mercredi 25 mars 1299 (nouveau style)
                        <date type="debut" from-iso="12980513" cert="high"/><date type="fin"
                        from-iso="12990325" cert="high"/></title>
                <respStmt>
                    <persName><name xml:lang="fra">Guiffrey du Chaney</name><name xml:lang="lat"
                            >Guiffredus de Chaneto</name></persName>
                    <resp>Châtelain</resp>
                </respStmt>
            </titleStmt>
            <publicationStmt>
                <p>Alain Kersuzan et Frédéric Chartrain, avec la collaboration de Nils Mantilleri, Jean-Michel Poisson et Marianne Ronot, 
                    <title>Compte de Guiffrey du Chaney (<hi rend="italics">Guiffredus de Chaneto</hi>), châtelain, pour la châtellenie de
                        Pont-de-Vaux, du mardi 13 mai 1298 au mercredi 25 mars 1299 (nouveau style)</title>,
                    Lyon - Chambéry, 2011 (<title>Documents comptables des Etats de Savoie, XIIIe - XVe s.</title>)</p>
            </publicationStmt>
            <seriesStmt>
                <title>Pont-de-Vaux</title>
            </seriesStmt>
            <sourceDesc>
                <p>Information about the source</p>
            </sourceDesc>
        </fileDesc>
    </teiHeader>
    <text>
        <body>
            <milestone n="6" unit="vue"/>
            <pb n="5"/>
            <div xml:id="prologue">
                <p><lb/> Computus Guiffredi de Chaneto castellani Pontis Vallium a tertia decima die
                    mensis maii anno <sic>nonogesimo</sic> octavo <lb/> usque ad adnuntiationem
                    beate Marie virginis que est VIII<hi rend="sup">o</hi> kalendas aprilis anno
                    eodem videlicet de quadraginta quinque septimanis receptus apud Cambariacum per
                    dominum <lb/> Iohannem Floridi </p>
            </div>
            <div xml:id="recepte">
                <div xml:id="frumentum">
                    <head>frumentum</head>
                    <p><lb/> idem reddit computum <list>
                            <item> de IIII cupis frumenti receptis apud Albiniacum de tenementariis
                                mansi <foreign>auz Chalveys</foreign> ut in computo precedenti </item>
                            <item> de II <foreign>meyters</foreign><lb/> receptis de manso Hugonis
                                de <foreign>Fromentauz</foreign> de redditu per annum </item>
                            <item> de II <foreign>meyters</foreign> II cupis receptis de redditu
                                quondam Iohannis <foreign>Poysat</foreign> per annum </item>
                            <item> de IIII cupis receptis de redditu <lb/> dicti Iohannis pro
                                quatuor panibus per annum </item>
                            <item> de II cupis receptis de eodem Iohanne pro prepositura per annum </item>
                            <item> de exitu molendini de <foreign>Marceseys</foreign><lb/> in quo
                                percipere debet dominus sextam partem nichil computat quia
                                destructum est per inundationem aquarum </item>
                        </list></p>
                    <div type="sub">
                        <head>arreragium</head>
                        <p><list>
                                <item> de XII <foreign>meyters</foreign> frumenti receptis de
                                    remanentia computi sui <lb/> precedentis </item>
                            </list></p>
                    </div>
                    <div>
                        <p><list>
                                <item> summa recepte : XVIII <foreign>meyters</foreign> frumenti —
                                    et remanent </item>
                            </list></p>
                    </div>
                </div>
                <div xml:id="siligo">
                    <head>siligo</head>
                    <p><lb/> idem reddit computum <list>
                            <item> de LIII <foreign>meyters</foreign> I cupa quarto unius cupe
                                siliginis receptis in dicta castellania de redditu per annum ut in
                                particulis computi precedentis </item>
                        </list></p>
                    <div type="sub">
                        <head>arreragium</head>
                        <p><list>
                                <item> de IIII<hi rend="sup">XX</hi><lb/> IIII
                                        <foreign>meyters</foreign> II cupis et quarto unius cupe
                                    receptis de remanentia computi precedentis </item>
                            </list></p>
                    </div>
                    <div>
                        <p><list>
                                <item><lb/> summa recepte cum arreragio : VI<hi rend="sup">XX</hi>
                                    XVII <foreign>meyters</foreign> III cupe dimidia siliginis </item>
                                <item> de quibus <lb/> idem libravit oysellerio Pontis Vallium per
                                    litteram domini de mandato datam tertia die mensis ianuarii anno
                                        <sic>nonogesimo</sic> octavo quam reddit : X
                                        <foreign>meyters</foreign> siliginis <lb/> item in locagio
                                    unius granerii pro dicto blado custodiendo tam pro anno
                                    preterito quam pro presenti : III <foreign>meyters</foreign>
                                    siliginis </item>
                                <item><lb/> summa librate : XIII <foreign>meyters</foreign>
                                    siliginis </item>
                                <item> et restant : VI<hi rend="sup">XX</hi> IIII
                                        <foreign>meyters</foreign> III cupe dimidia siliginis <lb/>
                                    — et remanent </item>
                            </list></p>
                    </div>
                </div>
                <div xml:id="avena">
                    <head>avena</head>
                    <p><lb/> idem reddit computum <list>
                            <item> de XXX <foreign>meyters</foreign> III cupis avene receptis in
                                dicta castellania de redditu et garda per annum ut in particulis
                                computi precedentis </item>
                        </list></p>
                    <div type="sub">
                        <head>arreragium</head>
                        <p><list>
                                <item><lb/> de XXXVII <foreign>meyters</foreign> avene receptis de
                                    remanentia computi precedentis </item>
                            </list></p>
                    </div>
                    <div>
                        <p><list>
                                <item> summa recepte cum arreragio : LXVII
                                        <foreign>meyters</foreign> avene </item>
                                <item> de quibus <lb/> idem libravit ad expensas hospitii domini
                                    comitis factas per manum Hugonis de Voyrone ut per litteram
                                    dictorum domini comitis et Hugonis datam die veneris post
                                    octabas nativitatis Domini <lb/> anno Eiusdem nonogesimo octavo
                                    quam reddit : XI <foreign>meyters</foreign> VI cupas avene </item>
                                <item><lb/> idem libravit ad expensas hospitii domini comitis factas
                                    per manum Hugonis de Voyrone ut per litteram domini comitis et
                                    dicti Hugonis datam die sabbati post nativitatem Domini <lb/>
                                    anno Eiusdem nonogesimo octavo quam reddit : XIII
                                        <foreign>meyters</foreign> dimidium avene </item>
                                <item> summa librate : XXV <foreign>meyters</foreign> II cupe avene </item>
                                <item> et restant : XL II <foreign>meyters</foreign> I cupa — et
                                        remanent<note> Ces deux derniers articles paraissent avoir
                                        été ajoutés dans l’espace laissé libre sur la ligne suivante
                                        par la recette de foin, qui n’en occupe qu’un
                                    tiers.</note></item>
                            </list></p>
                    </div>
                </div>
                <div xml:id="fenum">
                    <head>fenum</head>
                    <p><list>
                            <item><lb/> de feno respondet in fine computi </item>
                        </list></p>
                </div>
                <div xml:id="cera">
                    <head>cera</head>
                    <p><lb/> idem reddit computum <list>
                            <item> de XIX libris cere receptis in dicta castellania de redditu per
                                annum ut in computo precedenti </item>
                            <item> de une libra cere quam debet de novo Bernardus <lb/> Iaqueti pro
                                garda respondebit in computo subsequenti </item>
                            <item> de una libra cere quam debet de novo quidam cuius nomen ignorat
                                respondebit in computo subsequenti </item>
                            <item><lb/> summa recepte : XIX libre cere — venduntur ut infra </item>
                        </list></p>
                </div>
                <div xml:id="galline">
                    <head>galline</head>
                    <p><list>
                            <item><lb/> idem reddit computum de VI<hi rend="sup">XX</hi> XV gallinis
                                receptis in dicta castellania de redditu per annum ut in computo
                                precedenti </item>
                            <item><lb/> summa : VI<hi rend="sup">XX</hi> XV galline — venduntur ut
                                infra </item>
                        </list></p>
                </div>
                <div xml:id="carrelli">
                    <head>carrelli</head>
                    <p><lb/> idem reddit computum <list>
                            <item> de C <foreign>fers</foreign> quarrellorum ad unum pedem receptis
                                de Guillerma relicta Martini de Furno pro porteria porte Pontis
                                Vallium a parte Cussiriaci<note type="césure"><hi rend="italics"
                                        >cussi<lb/>riaci</hi></note><lb/> de redditu per annum </item>
                            <item> de V<hi rend="sup">M</hi> quarrellorum sive flechonibus emptis ut
                                in librata computi precedentis </item>
                        </list></p>
                    <div type="sub">
                        <head>arreragium</head>
                        <p><list>
                                <item> de <sic>IX<hi rend="sup">C</hi> quarellorum</sic><note> Lire
                                        – pour <hi rend="italics">nongentis quarrellis – novem
                                            centis quarellorum</hi>, sous l’influence de <hi
                                            rend="italics">quinque milibus quarrellorum</hi>.</note>
                                    ferri receptis <lb/> de remanentia computi precedentis </item>
                            </list></p>
                    </div>
                    <div>
                        <p><list>
                                <item> summa : VI<hi rend="sup">M</hi> quarrellorum sive flechonibus
                                    — et remanent </item>
                            </list></p>
                    </div>
                </div>
                <div xml:id="baliste">
                    <head>baliste</head>
                    <p><lb/> idem reddit computum <list>
                            <item> de X <sic>abalistis</sic> ligneys emptis ad opus domini et de
                                mandato eius ut in librata computi precedentis </item>
                            <item> de XII balistis ligneys <lb/> receptis de Bertholomeo Silvestri
                                castellano Baugiaci </item>
                            <item> summa recepte : XXII baliste <sic>ligne</sic><note> On attendrait
                                        <hi rend="italics">ligni</hi> ou <hi rend="italics"
                                        >lignee</hi>.</note> — et remanent </item>
                        </list></p>
                </div>
                <div xml:id="denarii_census">
                    <head>denarii census</head>
                    <p><lb/> idem reddit computum <list>
                            <item> de XIIII libris XV solidis VI denariis parisiensium receptis in
                                dicta castellania de redditu per annum et de teysis domorum ut in
                                particulis computi precedentis </item>
                            <item> summa : XIIII lb. XV s. VI d. par. </item>
                        </list></p>
                </div>
                <div xml:id="tallie">
                    <head>tallie</head>
                    <p><lb/> idem reddit computum <list>
                            <item> de XXII libris parisiensium receptis in dicta castellania de
                                talliis ut in computo precedenti </item>
                            <item><lb/> summa : XXII lb. par. </item>
                        </list></p>
                </div>
                <div xml:id="garde">
                    <head>garde</head>
                    <p><lb/> idem reddit computum <list>
                            <item> de III solidis IIII<note> On avait d’abord écrit VIII.</note>
                                denariis parisiensium receptis de gardis per annum
                                    <sic>dedutis</sic> duodecim denariis quos debebat Bernardus
                                Mercerii qui exivit de garda <lb/> et factus est burgensis Sancti
                                Triverii </item>
                            <item> summa : III s. IIII d. par. </item>
                        </list></p>
                </div>
                <div xml:id="firme">
                    <head>firme</head>
                    <p><lb/> idem reddit computum <list>
                            <item> de VIII solidis VIII denariis parisiensium receptis de firma
                                forestagii et dominii ripparum de <foreign>Marceyseys</foreign>
                                    finienda<note> On avait d’abord écrit <hi rend="italics"
                                        >finita</hi>.</note> in festo pasche<note> On avait,
                                    semble-t-il, d’abord commencé à écrire <hi rend="italics"
                                        >barth</hi>.</note> anno nonogesimo nono<note> Le dimanche
                                    19 avril 1299.</note></item>
                            <item><lb/> de C solidis receptis de medietate firme furni Pontis
                                Vallium infra villam finite<note> On avait d’abord écrit <hi
                                        rend="italics">finiende</hi>.</note> in festo beati
                                    <sic>Dyonissii</sic> anno nonogesimo octavo </item>
                            <item> de CVI solidis VIII denariis <lb/> receptis de medietate eiusdem
                                firme finiende in festo beati Dyonissii anno nonogesimo nono et tunc
                                debentur tantumdem </item>
                            <item> de XXVI solidis VIII denariis receptis de medietate firme furni
                                <lb/> extra portam Pontis Vallium a parte Cussiriaci finite in
                                nativitate Domini anno nonogesimo octavo </item>
                            <item> de XXVI solidis VIII denariis receptis de medietate eiusdem firme
                                finiende eo <lb/> termino anno nonogesimo nono et tunc debentur
                                tantumdem </item>
                            <item> de XL solidis receptis de exitu mercati vendarum et ballarum
                                    <sic>stranseuntium</sic> per Pontem Vallium a decima quinta die
                                <lb/> mensis maii anno nonogesimo octavo usque ad primam diem mensis
                                augusti videlicet de undecim septimanis et tunc dedit ad censam </item>
                            <item> de VI libris XIII solidis IIII denariis <lb/> receptis de
                                medietate firme pedagii minuti leyde coponagii nundinarum cridagii
                                    esegagii<note> Le début du mot est raturé.</note> porcorum
                                    <sic>ocissorum</sic> in macello finienda prima die augusti anno
                                nonogesimo nono <lb/> et tunc debentur tantumdem </item>
                            <item> de firma pedagii Iudeorum finienda in festo omnium sanctorum anno
                                nonogesimo nono non computat quia exinde computavit in computo
                                precedenti <lb/> ut ibidem </item>
                            <item> de VI libris XIII solidis IIII denariis receptis de medietate
                                firme partagii ballarum finiende prima die augusti anno nonogesimo
                                nono et tunc debentur tantumdem </item>
                            <item><lb/> de XL solidis receptis de firma chacipollerie finienda in
                                paschate anno nonogesimo nono </item>
                            <item> summa : XXX lb. XV s. IIII d. par. </item>
                        </list></p>
                </div>
                <div xml:id="caorsini">
                    <head>corssini</head>
                    <p><list>
                            <item><lb/> de censa <sic>corcinorum</sic> non computat quia non
                                recuperavit sed habuit dominus ut dicit </item>
                        </list></p>
                </div>
                <div xml:id="iudei">
                    <head>Iudei</head>
                    <p><list>
                            <item><lb/> de Iudeis respondet inferius </item>
                        </list></p>
                </div>
                <div xml:id="laudes_et_vende">
                    <head>laudes et vende</head>
                    <p><lb/> idem reddit computum <list>
                            <item> de IX solidis VI denariis parisiensium receptis de Guidone
                                Carrochi pro domo empta de gagio<note> On a écrit <hi rend="italics"
                                        >degagio</hi>.</note> in mercato Pontis Vallium a domino
                                Henrico de Cabannis milite pretio <lb/> sexaginta trium solidorum
                                quatuor denariorum parisiensium </item>
                            <item> de VIII denariis receptis de Guillermo seu
                                    <foreign>Guillaut</foreign> de Curia pro parte domini et
                                laudibus et vendis cuiusdam pecie terre empte a Iohanne Perraudi
                                pretio <lb/> octo solidorum et octo denariorum </item>
                            <item> de II solidis receptis de Guillermo <foreign>Brunichat</foreign>
                                pro parte domini comitis terrarum et pratorum emptorum de Aymoneto
                                filio quondam Galterii <foreign>Brunichat</foreign> pretio <lb/>
                                viginti sex solidorum octo denariorum </item>
                            <item> de X denariis receptis de domina <foreign>del Laya<note> On a
                                        écrit <hi rend="italics">dellaya</hi>.</note></foreign> pro
                                quodam foramine piscature empto a filio quondam
                                    <foreign>Popon</foreign> in quo dominus percipit sextam partem
                                pretio <lb/> triginta trium solidorum octo denariorum </item>
                            <item> de VII solidis receptis a Girardo <foreign>Putter</foreign>
                                clerico pro prato empto a Iohanne Grasso Budelli pretio quadraginta
                                sex solidorum octo denariorum </item>
                            <item> de II solidis V denariis <lb/> obolo receptis de Aymoneto
                                    <foreign>Lo Blondan</foreign> pro dimidia parte dominum
                                contingente et laudibus et vendis terre empte a liberis Guichardi
                                    <foreign>de Blondan</foreign> pretio triginta trium solidorum </item>
                            <item> de XIII denariis <lb/> obolo receptis a Bernardo
                                    <foreign>Tallifer</foreign> pro parte domini pro terra empta de
                                liberis predictis pretio quindecim solidorum </item>
                            <item> de XVII denariis receptis de sapiente muliere pro quarta parte
                                domus <lb/> empte <foreign>della Louchi Chamberua</foreign> pretio
                                novem solidorum quatuor denariorum </item>
                            <item> de II solidis VI denariis receptis de domino Hugone Grosseti pro
                                parte domus empte a Guillermo Grosseti pretio <lb/> viginti
                                solidorum turonensium </item>
                            <item> de XVI solidis receptis de Evrardo clerico pro domo empta a
                                Reynaudo Chivillardi pretio octo librarum viennensium </item>
                            <item><lb/> summa : XLVI s. III d. par. </item>
                        </list></p>
                </div>
                <div xml:id="banna">
                    <head>banna</head>
                    <p><lb/> idem reddit computum <list>
                            <item> de XX solidis parisiensium receptis de Bernardo Girardini qui
                                inculpatus fuerat celasse quoddam caputium quod ipse vel aliquis de
                                familia sua invenerat </item>
                            <item><lb/> de XX solidis receptis de Boneto Daveres pro eo quod fecerat
                                sanguinem Bernardo Pererii </item>
                            <item> de VI solidis VIII denariis receptis de Clemente de Alba Spina
                                pro eo quod fecerat <lb/> sanguinem socio suo </item>
                            <item> de XIII solidis IIII denariis receptis de Iohanne filio Petri de
                                Dompno Martino pro eo quia ceperat bestias in domo Petronille
                                sororis Sivouz auctoritate <lb/> sua et contra voluntatem eius </item>
                            <item> de VI solidis VIII denariis receptis de Ponceto
                                    <foreign>Tallifer</foreign> pro eo quia
                                    <sic>essaravit</sic><note> Lire <hi rend="italics"
                                    >exaravit</hi>.</note> bladum <foreign>alla Breta<note> On a
                                        écrit <hi rend="italics"
                                >allabreta</hi>.</note></foreign></item>
                            <item> de XIII solidis <add place="interlinear">IIII denariis</add>
                                receptis de Hugone filio <lb/> Bernardi de Quercu quia ceperat et
                                secaverat fenum patris sui ipsum sua possessione spoliando </item>
                            <item> de XX solidis receptis de Guichardo <foreign>del Boyson</foreign>
                                quia <del rend="overstrike">fusso</del><lb/> obturaverat<note
                                    type="césure"><hi rend="italics">ob<lb/>turaverat</hi></note>
                                fontem publicum </item>
                            <item> de XIII solidis IIII denariis receptis de Aymoneto
                                    <foreign>Pinart</foreign> pro eo quia dicebatur se cepisse
                                panicium relicte Aymonis <foreign>Gayet</foreign></item>
                            <item><lb/> de XIII solidis IIII denariis receptis de Bernardo
                                    <foreign>Vincelin</foreign> pro seysina fracta </item>
                            <item><lb/> summa : C XIIII s. VIII d. par. deductis duodecim solidis
                                pro parte castellani capientis duos solidos in libra </item>
                        </list></p>
                </div>
                <div xml:id="clame">
                    <head>clame</head>
                    <p><lb/> idem reddit computum <list>
                            <item> de XL I solidis parisiensium receptis de minutis clamis trium
                                solidorum et inferius per iddem tempus deductis quatuor solidis pro
                                parte castellani capientis in libra <lb/> clamarum duos solidos </item>
                            <item> summa : XLI s. par. </item>
                        </list></p>
                </div>
                <div xml:id="escheyte">
                    <head>escheyte</head>
                    <p><list>
                            <item><lb/> de escheytis nichil hoc anno </item>
                        </list></p>
                </div>
                <div xml:id="inventa">
                    <head>inventa</head>
                    <p><lb/> idem reddit computum <list>
                            <item> de VI solidis <add place="interlinear">VIII denariis</add>
                                parisiensium receptis de uno porcello invento hoc anno vendito pro
                                tanto </item>
                            <item> de VI solidis VIII denariis receptis de uno vitulo invento et
                                <lb/> vendito pro tanto </item>
                            <item> de duobus examinibus apum de quibus fit mentio in computo
                                precedenti non computat quias nichil ex eis habuit sed penes eum
                                <lb/> remanent </item>
                            <item> summa : XIII s. IIII d. par. </item>
                        </list></p>
                </div>
                <div xml:id="corvagium">
                    <head>corvagium</head>
                    <p><lb/> idem reddit computum <list>
                            <item> de XII libris III solidis <add place="interlinear"
                                    >viennensium</add> receptis de <sic>quarter</sic><note> Lire <hi
                                        rend="italics">quater</hi>.</note> viginti septem focis et
                                trescentis sexaginta tribus animalibus et quadraginta uno
                                    <sic>iugo</sic><note> Lire <hi rend="italics">iugis</hi>. De
                                    même, plus loin, <hi rend="italics">de trescentis quadraginta
                                        uno animali</hi>.</note> de parrochia Sancti Benigni<note
                                    type="césure"><hi rend="italics">benig<lb/>ni</hi></note><lb/>
                                et capiuntur pro foco duodecim denarii viennensium pro iugo decem
                                octo denarii pro animali sex denarii viennensium </item>
                            <item> de X libris V solidis VI denariis receptis in parrochia
                                Salmoniaci <lb/> de sexaginta sex focis ducentis tresdecim
                                animalibus viginti duobus in iugis de quibus levatur ut supra </item>
                            <item> de XVI libris X solidis receptis in parrochia <lb/> de Albigniaco
                                pro quaterviginti septem focis et trescentis sexaginta tribus
                                animalibus et quadraginta uno iugo et levatur de hiis ut supra </item>
                            <item> de XVI <lb/> libris VI solidis VI denariis receptis in parrochia
                                de <foreign>Chavannes</foreign> de centum sex focis et trescentis
                                quadraginta uno <sic>animali</sic> et triginta quatuor
                                    <sic>iungis</sic> bovum et levatur de ipsis ut supra </item>
                            <item><lb/> de XI libris IIII solidis VI denariis receptis in parrochia
                                de <foreign>Gorrevouz</foreign> de sexaginta duodecim focis et
                                ducentis sex animalibus et triginta tribus in iugis bovum <lb/> et
                                levatur de ipsis ut supra </item>
                            <item> de XVI libris XII denariis receptis <del rend="underlined_dotted"
                                    >de</del> apud Osan <foreign>al Bos Alloncia Aufay</foreign> de
                                quatuor iugis septem focis trescentis sexaginta <milestone n="7"
                                    unit="vue"/><pb n="6"/><lb/> animalibus et triginta sex iugis
                                bovum et levatur de ipsis ut supra </item>
                            <item> et sciendum quod de quaterviginti decem novem focis existentibus
                                in castellania tam viduarum <lb/> quam pauperum nichil recuperare
                                potuit ut dicit </item>
                            <item> summa corvagii : IIII<hi rend="sup">XX</hi> II lb. X s. VI d.
                                vien. — qui viennenses <sic>scamsi</sic> ad parisienses <lb/> valent
                                LV libras IIII denariis parisiensium </item>
                        </list></p>
                </div>
                <div xml:id="venditiones">
                    <head>venditiones</head>
                    <p><lb/> idem reddit computum <list>
                            <item> de XXXVIII solidis parisiensium receptis de decem novem libris
                                cere venditis ut supra qualibet duobus solidis </item>
                            <item> de XXXIIII solidis VII denariis receptis de sex <lb/> viginti
                                quindecim gallinis venditis ut supra qualibet tribus denariis
                                parisiensium <lb/> summa : LXXII s. VII d. par. </item>
                        </list></p>
                </div>
                <div xml:id="forinseca">
                    <head>forinseca</head>
                    <p><lb/> idem reddit computum <list>
                            <item> de XII libris parisiensium receptis de domino Stephano de
                                    <foreign>Franchelens</foreign> castellano Sancti Triverii de
                                Cortous de mandato domini comitis ut dicit </item>
                            <item> de <lb/> XV libris XX denariis<note> On avait, semble-t-il,
                                    d’abord écrit <hi rend="italics">XII solidis</hi>.</note>
                                parisiensium receptis de preposito Fuyssiaci per idem tempus </item>
                            <item> summa : XXVII lb. XX d. par. </item>
                        </list></p>
                </div>
                <div xml:id="arreragium">
                    <head>arreragium</head>
                    <p><list>
                            <item><lb/> idem reddit computum de X libris XI solidis VI denariis
                                obolo parisiensium receptis de remanentia computi sui precedentis
                                pro quindecim libris decem septem solidis tribus denariis obolo
                                viennensium </item>
                            <item><lb/> summa : X lb. XI s. VI d. ob. par. </item>
                        </list></p>
                </div>
                <div xml:id="bilan_recepte">
                    <p><list>
                            <item><lb/> summa totius recepte cum arreragio : VIII<hi rend="sup"
                                    >XX</hi> XIIII lb. XV s. VI d. ob. par.</item>
                        </list></p>
                </div>
            </div>
            <div xml:id="expense_et_librate">
                <p><list>
                        <item> de quibus <lb/> in stipendiis triginta quatuor hominum extirpantium
                            et trahentium nemus de prato domini renatum <sic>hoc hoc</sic> anno
                            quorum quilibet capiebat per diem quinque denarios <lb/>
                                parisiensium<note type="césure"><hi rend="italics"
                                    >pari<lb/>siensium</hi></note> : XIIII solidos II denarios </item>
                        <item> in stipendiis sexaginta decem octo falcatorum falcantium pratum
                            domini quasi per unam diem quorum aliqui capiebant decem septem denarios
                            parisiensium et aliqui <lb/> sexdecim denarios : C VI solidos II
                            denarios </item>
                        <item> in stipendiis <sic>oties</sic> viginti decem octo fenatorum fenantium
                            fenum domini quasi per unam diem quorum aliqui plus capiebant et <lb/>
                            alii minus ut in particulis quas ostendit : IIII libras XIIII solidos
                            VIII denarios </item>
                        <item> in feno predicto charreando et reponendo in domo domini videlicet
                            <lb/> viginti quinque charratis : XXVIII solidos III denarios
                            parisiensium </item>
                        <item> in una domo domini in qua fenum repositum fuit aptanda et cooperienda
                            de novo : XXVI solidos <lb/> IIII denarios </item>
                        <item> et sciendum quod circa quadraginta charrate feni perdite fuerunt
                            propter inundationem aquarum <lb/> summa : XIII lb. IX s. VII d. par. </item>
                        <item><lb/> in aptando furno Pontis Vallium celum cuius ceciderat et <del
                                rend="underlined_dotted">appoyando</del> refficiendo pro parte de
                            novo : XXIIII solidos VIII denarios </item>
                        <item> in factura molendini Pontis <lb/> Vallium de novo data in taschiam
                            Lamberto <foreign>Remillon</foreign> de <sic>Masticone</sic> carpentario
                            : XIIII libras VIII solidos VIII denarios </item>
                        <item> in aptanda et in groysianda calciata <lb/> stagni de Doureri de
                            duodecim pedibus data in taschiam Mileto terralliatori<note> On avait
                                écrit <hi rend="italics">terreralliatori</hi>, mais le deuxième
                                syllabe a été exponctuée.</note> per Iaquimetum de
                                <sic>Secussia</sic> : XIIII libras XVIII solidos IIII denarios
                            parisiensium </item>
                        <item><lb/> in palis et fusta pro faciendo rolleto in dicta calciata : XXVI
                            solidos VIII denarios </item>
                        <item> in aptando uno foramine quod evenit in calciata stagni de Buteria
                            <lb/> iuxta stufum in taschiam datam Guillermino terraliatori de
                            consilio Jaquemeti de <sic>Sequssia</sic><note> On avait, semble-t-il,
                                écrit <hi rend="italics">sequssisia</hi>, mais le quatrième <hi
                                    rend="italics">s</hi> a été exponctué.</note> : XIIII solidos </item>
                        <item> in obscurando<note> Peut-être confondu avec <hi rend="italics"
                                    >obstruendo</hi>.</note> veteri dechargio dicti stagni et fit
                            novum <lb/> dechargium de quo non computat quia nundum perfectum est in
                            taschiam datam Guillermino terraliatori : XX solidos </item>
                        <item> item custodi stagnorum <foreign>d’Albignia</foreign> pro roba : X
                            solidos </item>
                        <item><lb/> summa : XXXIIII lb. II s. IIII d. <lb/> in stipendiis mille
                            novies centum quinquaginta quinque terraliatorum curantium et
                            reparantium fossata ville Pontis Vallium duplicia ut in particulis quas
                                ostendit<note type="césure"><hi rend="italics"
                                >osten<lb/>dit</hi></note> : <lb/> LXI libras III solidos X denarios </item>
                        <item> in stipendiis quaterviginti quatuor carpentariorum colligentium et
                            facientium fustam <foreign>en Chamandroy</foreign> pro bastimento ville
                            <lb/> Pontis Vallium ut in particulis quas ostendit : VII libras VIII
                            solidos </item>
                        <item> in stipendiis sexaginta octo curruum fustam predictam charreantium de
                                    <lb/><foreign>Chamandrey<note type="césure"><hi rend="italics"
                                        >cha<lb/>mandrey</hi></note></foreign> ad Pontem Vallium in
                            pane dato bubulcis ut in particulis quas ostendit : CVIII solidos<note>
                                Un première abréviation a été exponctuée.</note> parisiensium </item>
                        <item> in factura trium magnorum <lb/> chalfallorum super fossata in
                            taschiam : VIII libras </item>
                        <item> in factura trium eschifarum factarum in taschiam super dicta fossata
                            : LX solidos </item>
                        <item> in factura porte <lb/> colacie facte <del rend="underlined_dotted"
                                >apud</del> in chalvallo iuxta furnum super riperiam : XIII solidos
                            IIII denarios </item>
                        <item> in factura sex bancheriarum palicii facti et positi in taschiam retro
                            domum <lb/> Bertoude<note type="césure"><hi rend="italics"
                                    >ber<lb/>toude</hi></note> : XXX solidos </item>
                        <item> in factura aliarum sex bancharum palicii aut plus in eodem loco et ad
                            portam Cussiriaci retro domum Stephani <foreign>Corbet</foreign> ut in
                            <lb/> particulis : XXX solidos </item>
                        <item> in duobus miliaribus clavorum pro postibus clavandis in eschivis
                            predictis : XIIII solidos VIII denarios </item>
                        <item> in stipendiis serratorum<note type="césure"><hi rend="italics"
                                    >serra<lb/>torum</hi></note><lb/> serrantium postes pro
                            bastimento et eschifis amparandis videlicet in ducentis sexaginta
                            postibus et dantur pro filo septem denarii et in quater
                                <lb/><sic>viginti et sex</sic> postibus et dantur pro filo quinque
                            denarii : IX libras VI solidos VIII denarios </item>
                        <item> de IIII solidis receptis de parte sua clamarum in quibus capit <lb/>
                            duos solidos pro libra qui non fuerunt sibi alloquati in computo
                            precedenti </item>
                    </list></p>
                <div type="sub">
                    <head>salarium</head>
                    <p><list>
                            <item> in stipendiis ipsius castellani capientis per annum quindecim
                                libras viennensium finiendum <lb/> vicesima sexta die mensis aprilis
                                anno nonogesimo nono : X libras parisiensium <lb/> summa expense et
                                salarii : CVIII lb. XVIII s. VI d. par. </item>
                        </list></p>
                </div>
                <div xml:id="librata">
                    <head>librata</head>
                    <p><lb/><list>
                            <item>idem libravit ad expensas hospitii domini comitis factas per manum
                                Hugonis de Voyrone per litteram domini comitis et dicti Hugonis
                                redditam ut supra in avena : <lb/> VI libras XV solidos IIII
                                denarios </item>
                            <item><lb/> idem libravit ad expensas domini comitis factas per manum
                                Hugonis de Voyrone per litteram dictorum domini comitis et Hugonis
                                redditam supra in avena : VIII libras </item>
                            <item><lb/> idem libravit domino comite traditas Bertholomeo Guioti in
                                centum <sic>quatuor decim</sic> libris viennensium ut per litteram
                                domini datam die veneris post festum <lb/> beati Bertholomei anno
                                Domini nonogesimo octavo quam reddit : LXXVI libras parisiensium </item>
                            <item><lb/> idem libravit domino Iohanni Floridi de leva Pontis
                                    <foreign>d’Enz</foreign> anno nonogesimo septimo per
                                confessionem dicti domini Iohannis : X libras parisiensium</item>
                            <item><lb/> summa librate : C lb. XV s. IIII d. par.</item>
                        </list></p>
                </div>
                <div>
                    <p><list>
                            <item><lb/> summa totius expense salarii et librate : II<hi rend="sup"
                                    >C</hi> LVII lb. V s. IX d. par. </item>
                        </list></p>
                </div>
            </div>
            <div xml:id="bilan">
                <p><list>
                        <item> et sic <lb/> debentur<note type="césure"><hi rend="italics"
                                    >de<lb/>bentur</hi></note> ei : IIII<hi rend="sup">XX</hi> II
                            libre X solidi II denarii obolus parisiensium </item>
                        <item> de quibus deducuntur quas habuit de Iudeis Pontis Vallium : LXIIII
                            libre parisiensium <add place="endOfLine">* quere ultra fenum
                            </add></item>
                    </list></p>
                <div xml:id="fenum_2">
                    <head>fenum</head>
                    <p><list>
                            <item><lb/> idem reddit computum de XXV charratis feni receptis de exitu
                                pratorum domini hoc anno </item>
                            <item> de quibus <lb/> idem libravit ad expensas domini factas per manum
                                Hugonis de Voyrone per litteram dictorum domini comitis et Hugonis
                                redditam superius in avena sexaginta tribus equis </item>
                            <item><lb/> idem libravit ad expensas dicti domini comitis factas per
                                manum dicti Hugonis ut per litteram dictorum domini comitis et
                                Hugonis redditam superius in avena quater viginti septem equis </item>
                            <item><lb/> item in expensis domini Iohannis de Greliaco sine littera de
                                mandato Petri clerici ut dicit pro duobus diebus viginti quinque
                                equis </item>
                        </list></p>
                </div>
                <div>
                    <p><list>
                            <item><lb/> * item <sic>deduccuntur</sic> quas habuit de burgensibus
                                Pontis Vallium in subsidium bastimenti : XIII libre VI solidi VIII
                                denarii parisiensium </item>
                            <item><lb/> summa deducti : LXXVII lb. VI s. VIII d. </item>
                            <item> et sic debentur ei : C III solidi VI denarii obolus parisiensium </item>
                            <item><lb/> quibus adduntur pro pretio duodecim balistarum et uno
                                miliari flechonum sive carrellis et uno <foreign>baudrey</foreign>
                                que sibi habere fecit Bertholomeus castellanus <lb/> Baugiaci quorum
                                pretium dicto Bertholomeo reddidit : LX solidi parisiensium </item>
                            <item> et sic debentur ei finaliter : VIII libre III solidi VI denarii
                                obolus parisiensium</item>
                        </list></p>
                </div>
            </div>
        </body>
    </text>
</TEI>
