<?xml version="1.0" encoding="UTF-8"?>
<?xml-model href="http://www.tei-c.org/release/xml/tei/custom/schema/relaxng/tei_all.rng" schematypens="http://relaxng.org/ns/structure/1.0"?>
<TEI xmlns:math="http://www.w3.org/1998/Math/MathML" xmlns="http://www.tei-c.org/ns/1.0"
  xmlns:xi="http://www.w3.org/2001/XInclude" xmlns:svg="http://www.w3.org/2000/svg" xml:id="B9154_9">
  <teiHeader>
    <fileDesc>
      <titleStmt>
        <title>Compte d'Aynard de Bardonnèche (Aynardus de Bardonesca), bailli de la Terre de Bagé
          tenant la maison de Chevroux, pour la châtellenie de Pont-de-Vaux, du mardi 24 juin 1287
          au dimanche 20 juin 1288 <date type="debut" from-iso="12870624" cert="high"/><date
            type="fin" from-iso="12880620" cert="high"/></title>
        <respStmt>
          <persName><name xml:lang="fra">Aynard de Bardonnèche</name><name xml:lang="lat">Aynardus
              de Bardonesca</name><roleName>bailli de la Terre de Bâgé tenant la maison de
              Chevroux</roleName></persName>
          <resp>Châtelain</resp>
        </respStmt>
      </titleStmt>
      <publicationStmt>
        <p>Alain Kersuzan et Frédéric Chartrain, avec la collaboration de Nils Mantilleri, Jean-Michel Poisson et Marianne Ronot, 
          <title>Compte d'Aynard de Bardonnèche (Aynardus de Bardonesca), bailli de la Terre de Bagé
            tenant la maison de Chevroux, pour la châtellenie de Pont-de-Vaux, du mardi 24 juin 1287
            au dimanche 20 juin 1288</title>,
          Lyon - Chambéry, 2011 (<title>Documents comptables des Etats de Savoie, XIIIe - XVe s.</title>)</p>
      </publicationStmt>
      <seriesStmt>
        <title>Pont-de-Vaux</title>
      </seriesStmt>
      <sourceDesc>
        <p>Information about the source</p>
      </sourceDesc>
    </fileDesc>
  </teiHeader>
  <text>
    <body>
      <milestone n="7" unit="vue"/>
      <pb n="7"/>
      <div xml:id="prologue">
        <p><lb/><note> Ce compte est numéroté <hi rend="italics">VI</hi> en tête.</note> Computus
          domini Aynardi de Bardonesca baillivi Baugiaci tenentis domum de Chivrous <lb/> a die et
          festo beati Iohannis baptiste anno Domini M<hi rend="sup">o</hi> CC<hi rend="sup">o</hi>
            LXXX<hi rend="sup">o</hi> septimo usque ad dominicam ante nativitatem beati Iohannis
          baptiste anno sequenti </p>
      </div>
      <div xml:id="frumentum">
        <head>frumentum</head>
        <p><lb/> idem reddit computum <list>
            <item> de LIX meiteriis I cupa frumenti receptis de redditu ipsius domus ad mensuram
              Pontis Vallium exceptis duobus meiteriis <lb/> tribus cupis dimidia qui recuperantur
              apud Pontem Vele ad mensuram Baugiaci </item>
            <item> de L meiteriis receptis de firma decime de Ultra Oyssi hoc <lb/> anno in frumento </item>
            <item> de XL meiteriis receptis de firma decime Pontis Vallium hoc anno </item>
            <item> de X meiteriis receptis de exitu cense decime de Chavannes <lb/> hoc anno in
              frumento </item>
            <item> de XX meiteriis receptis de exitu decime de Chivrous et de Fayola hoc anno in
              frumento </item>
            <item> de exitu decimarum de <lb/> Riperia<hi rend="sup"/>de Sancto Andrea Baugiaci<hi
                rend="sup"/>et de Greysiaco<hi rend="sup"/>nichil in frumento hoc anno </item>
            <item> de exitu molendini de Lepona in quo domus <lb/> de Chivrous percipit medietatem
              in duabus partibus grani et de <del rend="overstrike">duabus</del> taschiis et quartis
              de Lepona non computat, quia accensantur cum <lb/> denariis ut infra </item>
            <item> de decem cupis que debentur de redditu apud Graisiacum non computat quia
              accensantur cum decima ut infra </item>
            <lb/>
            <item> summa : VIII<hi rend="sup">XX</hi> XIX meiteria I cupa frumenti </item>
            <item> de quibus <lb/> ipse libravit abbati et conventui Trenorchii <subst>
                <del rend="overstrike">de</del>
                <add place="interlinear">pro</add>
              </subst> quater viginti quatuordecim bichetis dimidio frumenti ad mensuram Trenorchii
              que eis <lb/> debentur de annua pensione pro masagio domus de Chivrous ultra
              septuaginta quinque meiteria frumenti eis soluta de frumento <lb/> Baugiaci ad
              mensuram Baugiaci ut per litteram fratris Odonis de Nantone granaterii Trenorchii,
                VII<hi rend="sup">XX</hi> XIIII meiteria, et sic soluti sunt de <lb/> presenti anno
              : sciendum est tamen quod de precedenti anno debetur dictis abbati et conventui septem
              bichetos frumenti </item>
            <lb/>
            <item> et sic debet XXV meiteria I cupam frumenti, quorum duo meiteria tres cupe dimidia
              sunt ad mensuram Baugiaci </item>
            <item> quibus <lb/><sic>aduntur</sic> IX meiteria II cupe ad mensuram Pontis Vallium,
              pro decem meiteriis quinque cupis quos ipse debebat de remanentia computi sui Baugiaci
              ut patet in ipso </item>
            <lb/>
            <item> et sic debet dictus baillivus XXXIIII meiteria frumenti ad mensuram Pontis
              Vallium que solvit pro ipso<note> On a voulu, semble-t-il, biffer ou effacer ces deux
                mots.</note> Bartholomeus Silvestri <add place="endOfLine" resp="autreEncre">Petro
                clerico in denariis</add><note> Cet ajout pourrait avoir remplacé une ligne entière
                d’une rédaction précédente, qui a été effacée.</note></item>
          </list></p>
      </div>
      <div xml:id="siligo">
        <head>siligo</head>
        <p><lb/> idem reddit computum <list>
            <item> de LXXV meiteriis V cupis siliginis receptis de redditu dicte domus de Chivrous
              per annum </item>
            <lb/>
            <item> de II meiteriis dimidio receptis de redditu <lb/> a tenentibus mansum Aschart de
              Curcia in quo<note> On a écrit <hi rend="italics">inquo</hi>. Noter la contraction
                assez générale ici de la préposition avec le mot qu’elle introduit : <hi
                  rend="italics">ase</hi>, <hi rend="italics">aquo</hi>, <hi rend="italics"
                  >aberardo</hi>, <hi rend="italics">abenedicto</hi>, etc.</note> non fuit usque
              nunc tenementarius per aliquos annos </item>
            <item> de quartis et taschiis de Lepona <lb/> non computat quia accensantur ad denarios
              ut infra cum aliis <sic>exitubus</sic> de Lepona </item>
            <item> de IIII<hi rend="sup">XX</hi> meiteriis siliginis receptis de exitu decime de
              Ultra Oyssi <lb/> hoc anno <del rend="overstrike">de</del> accensate Benedicto de
              Fayola </item>
            <item> de VI<hi rend="sup">XX</hi> meiteriis receptis de Benedicto de Faiola de exitu
              decime de Riparia hoc anno in siligine </item>
            <lb/>
            <item> de IX<hi rend="sup">XX</hi> meiteriis receptis a Iohanne Bardeti de exitu decime
              Pontis Vallium hoc anno in siligine </item>
            <item> de XL meiteriis receptis de Stephano Coillon de exitu <lb/> decime de Chavannes
              hoc anno in siligine </item>
            <item> de VII<hi rend="sup">XX</hi> meiteriis receptis de Iohanneto Bailleti et sociis
              suis de exitu decime de Chivrous <lb/> et de Fayola hoc anno in siligine </item>
            <item> summa : VI<hi rend="sup">C</hi> XXXVIII meiteria II cupe ad mensuram Pontis
                Vallium<note> Les mots <hi rend="italics">ad mensuram Pontis Vallium</hi> paraissent
                avoir été ajoutés dans un blanc chichement mesuré, car l’écriture en est fort
                resserrée.</note></item>
            <item> item reddit computum de XLV meiteriis <lb/> receptis de exitu decime de
              Graissiaco et redditu et quartis eiusdem loci ad mensuram Baugiaci hoc anno accensatis
              pro tanto Petro clerico </item>
            <lb/>
            <item> de XXV meiteriis receptis a Berardo Cholet de exitu decime Sancti Andree hoc anno
              in siligine </item>
            <item> summa : LXX meiteria ad mensuram Baugiaci — valent <lb/> ad mensuram Pontis
              Vallium LX meiteria videlicet computando septem meiteria ad mensuram Baugiaci pro sex
              meiteriis ad mensuram <lb/> Pontis Vallium </item>
            <item> et sic est summa siliginis ad mensuram Pontis Vallium : VI<hi rend="sup">C</hi>
                IIII<hi rend="sup">XX</hi> XVIII meiteria II cupe siliginis</item>
          </list></p>
        <div type="sub">
          <head>arreragium</head>
          <p><lb/><list>
              <item> item reddit computum de XXXVIII meiteriis siliginis receptis a se ipso de
                remanentia computi sui precedentis ut patet in ipso </item>
            </list></p>
        </div>
        <div>
          <p><lb/><list>
              <item> sic est summa totius recepte siliginis : VII<hi rend="sup">C</hi> XXXVI
                meiteria II cupe </item>
              <item> de quibus <lb/> ipse solvit abbatie Trenorchii pro quatuor bichetis dimidio
                siliginis ad mensuram Trenorchii ei debitis annuatim pro masagio domus de <lb/>
                Chivrous ut baillivus dicit et Robertus de Chivrous testificatur : XI meiteria ad
                mensuram Pontis Vallium </item>
              <item> item libravit magistro Guillermo de <lb/> Sancto Germano iudici Baugiaci ut per
                eius litteram datam die martis post festum beati Barnabe apostoli anno octogesimo
                octavo : VI<hi rend="sup">C</hi> XXX meiteria dimidium siliginis </item>
              <lb/>
              <item> et sic debet IIII<hi rend="sup">XX</hi> XIIII meiteria V cupas </item>
              <item> de quibus ego Petrus clericus respondeo et debeo pro ipso : XXXVIII meiteria
                III cupas </item>
              <item> item <lb/> que sunt in quadam archa in domo Anthonii
                      <foreign><unclear>Estre<supplied>nier</supplied></unclear></foreign> cuius
                arche habet Peyto clavem : XXI meiteria dimidium ad mensuram Pontis Vallium </item>
              <lb/>
              <item> item in putrefactione </item>
            </list><add place="leftMargin"><list>
                <item> reddit dictus baillivus <lb/> que sunt apud Pontem Vallium : VI meiteria
                  <lb/> que debebat de remanentia computi sui Baugiaci</item>
              </list></add><list>
              <item> et restant XXVIII meiteria V cupe </item>
              <item> quibus aduntur XII meiteria II cupe <del rend="overstrike">pro quatu</del> ad
                mensuram Pontis Vallium pro quatuordecim meiteriis tribus cupis </item>
              <item> et sic debet dictus baillivus XLI meiteria I cupam siliginis que solvit pro
                ipso Bartholomeus Silvestri <add place="endOfLine">Petro clerico, in
                  denariis</add><note> Ces mots remplacent un rédaction précédente de cet ajout, qui
                  a été effacée.</note></item>
            </list></p>
        </div>
        <div xml:id="avena">
          <head>avena</head>
          <p><lb/> idem reddit computum <list>
              <item> de XVIII meiteriis V cupis avene ad mensuram Pontis Vallium receptis de redditu
                domus de Chivrous predicte per annum <lb/> computatis duobus meiteriis dimidio pro
                manso Aschart de Curcia quos debet annuatim dictus Aschars nec solvit de quibusdam
                annis <lb/> preteritis deducto pro<note> On avait d’abord écrit <hi rend="italics"
                    >quod</hi><hi rend="italics">(quod debet Puget)</hi>, et le mot a été
                  raturé.</note> uno meiterio quod debet Puget a quo non potest recuperari </item>
              <item> de taschiis et quartis de Lepona nichil quia accensantur <lb/> ad denarios ut
                infra </item>
              <item> de XL meiteriis receptis a Benedicto de Fayola de exitu decime de Ultra Oysi
                hoc anno in avena </item>
              <item> de XL meiteriis receptis ab eodem <lb/> Benedicto de exitu decime de Riparia
                hoc anno in avena </item>
              <item> de LX meiteriis receptis a Iohanne Bardeti de exitu decime Pontis Vallium hoc
                <lb/> anno in avena </item>
              <item> de X meiteriis receptis de Stephano Coillon de exitu decime de Chavannes hoc
                anno </item>
              <item> de XL meiteriis receptis a Iohanne Baillet <lb/> de exitu decime de Chivroux et
                de Fayola hoc anno </item>
              <item> de XV meiteriis receptis a Berardo Cholet de exitu decime Sancti Andree
                Baugiaci <lb/> hoc anno in avena </item>
              <item> summa : CC XXIII meiterii V cupe</item>
            </list></p>
          <div type="sub">
            <head>arreragium</head>
            <p><list>
                <item> quibus aduntur XX meiterii recepti a se ipso de remanentia computi <lb/> sui
                  de Chivroux precedentis </item>
                <item> item aduntur IIII<hi rend="sup">XX</hi> XIII meiterii recepti de partagio
                  guaignagii stangni de Chivroux dati ad colendum <lb/> hoc anno ad medium et
                  decimam deductis quatuor meiteriis datis recollectoribus </item>
              </list></p>
          </div>
          <div>
            <p><lb/><list>
                <item> summa : CCC XXXVI meiterii V cupe avene </item>
                <item> de quibus <lb/> ipse libravit magistro Guillermo de Sancto Germano iudici
                  Baugiaci ut per litteram eius datam die et anno quo supra in frumento : CC X
                  meiterios </item>
                <lb/>
                <item> et sic debet dictus baillivus : VI<hi rend="sup">XX</hi> VI meiterios V cupas
                  — quibus aduntur que<note> On avait d’abord écrit quo, et le mot est
                    raturé.</note> debet de remanentia computi sui Baugiaci : IX meiteria </item>
                <item> sic est summa quod debet VI<hi rend="sup">XX</hi> XV meiterios V cupas avene
                  — de quibus Iohannes de Cava respondet et debet pro ipso XII meiterios </item>
                <item><add resp="autreEncre">verte in dorso</add><note> Voir vue 11 : <milestone
                      unit="vue" n="11"/><p><lb/><list>
                        <item> die lune penthecostes apud Baugiacum anno octogesimo nono </item>
                        <lb/>
                        <item> item respondent et debent pro ipso domino Aynardo Peronetus del
                          Truchal et Peronetus eius patruus <del rend="overstrike">de decima</del>
                          et <lb/> Benedictus de Fayola et Peronetus Chassers, Robertus de Chivrous
                          et Ruphus Bastez : XXXIIII meiterios III cupas cumulas <lb/> et tenetur
                            <sic>quilibet</sic> in solidum fideiussor pro eis Iohannes Bailleti in
                          solidum <del rend="overstrike">et</del></item>
                        <lb/>
                        <item> item debet et respondet pro ipso Ogeretus Grassi de Pontis Vallium :
                          II meiterios II cupas avena </item>
                        <lb/>
                        <item> item Guigonetus de Sancto Germano castellanus Pontis Vallium : XXV
                          meiterios — qui de ipsis computavit </item>
                        <lb/>
                        <item> et sic restant <sic>que debet</sic> LXII meiteria avene — que solvit
                          pro ipso Bartholomeus Silvestri Petro clerico <lb/> in denariis </item>
                        <lb/>
                        <item> et sic debet computare dictus Petrus de recepta facta a dicto
                          Bartholomeo anno octogesimo nono <lb/> pro liberis dicti domini Aynardi ut
                          supra in presenti computo de XXXIIII meiteriis frumenti <lb/> et XLI
                          meiteriis I cupa siliginis et LXII meiteriis avene ad mensuram Pontis
                          Vallium.</item>
                      </list></p></note></item>
              </list></p>
          </div>
        </div>
        <div xml:id="vinum">
          <head>vinum</head>
          <p><lb/> idem reddit computum <list>
              <item> de XL sestariis vini receptis de exitu decime patronatus Sancti Andree Baugiaci
                hoc anno </item>
              <item> de IIII sestariis dimidio et duabus partibus <lb/> unius sestarii vini receptis
                de redditu dicte domus per annum </item>
              <item> de exitu vinee de Chivroux nichil quia nichil habuit ut dicit </item>
              <item> de taschia vinee <lb/> Peroneti de Moncuc de Lepona non computat quia
                accensatur cum aliis exitibus de Lepona ut infra </item>
              <lb/>
              <item>summa : XLIIII sestarios dimidium et II partibus unius sestarii — venduntur ut
                infra</item>
            </list></p>
        </div>
        <div xml:id="nuces">
          <head>nuces</head>
          <p><lb/><list>
              <item> idem reddit computum de IIII meiteriis <sic>nucum</sic> receptis de redditu
                dicte domus per annum — <sic>vendantur</sic> ut infra </item>
            </list></p>
        </div>
        <div xml:id="castanee">
          <head>castanee</head>
          <p><lb/><list>
              <item> idem reddit computum de I meiterio castanearum recepto de redditu apud Sonosam
                per annum : licet debeantur non recuperate sunt hoc anno </item>
            </list></p>
        </div>
        <div xml:id="galline">
          <head><sic>gualline</sic></head>
          <p><lb/><list>
              <item> idem reddit computum de XXXI gallinis dimidia et VIII caponibus receptis de
                redditu dicte domus per annum deductis duobus caponibus quos debet Puget <lb/> nec
                recuperantur ab eo quia non postest </item>
              <item> summa : XXXI galline dimidia et VIII capones — venduntur ut infra </item>
            </list></p>
        </div>
        <div xml:id="pulli">
          <head>pulli</head>
          <p><lb/><list>
              <item> idem reddit computum<note> On avait commencé à écrire conp, mais on a aussitôt
                  transformé le n en m en raturant le p.</note> de IX pullis galline receptis de
                redditu dicte domus — venduntur ut infra </item>
            </list></p>
        </div>
        <div xml:id="anseres">
          <head><sic>amseres</sic></head>
          <p><lb/><list>
              <item> idem reddit computum de II amseribus receptis de redditu dicte domus per annum
                — venduntur ut infra </item>
            </list></p>
        </div>
        <div xml:id="panes">
          <head>panes</head>
          <p><lb/><list>
              <item> idem reddit computum de XII panibus quorum quilibet debet valere unam cupam
                frumenti receptis de redditu dicte domus per annum — venduntur ut infra </item>
            </list></p>
        </div>
        <div xml:id="fenum">
          <head>fenum</head>
          <p><lb/><list>
              <item> idem reddit computum de III carratis dimidia feni receptis de medietate exitus
                feni prati desubtus Manziacum et prati desubtus <lb/> calciatam stangni et prati de
                Corceles Nabon deducta alia medietate pro factura feni </item>
              <item> summa : III carrate dimidia — venduntur ut infra </item>
            </list></p>
        </div>
        <div xml:id="denarii">
          <head>denarii</head>
          <p><lb/> idem reddit computum <list>
              <item> de XXIII libris XVII solidis III denariis obolo parisiensium receptis de
                redditu dicte domus per annum : <del rend="overstrike">deductis</del> petit tamen
                inde deduci <sic>tresdecim</sic><lb/> solidos decem denarios quos non potuit
                recuperare ut dicit </item>
              <item> de IX solidis receptis de Guillermo Marugler de redditu pro condaminis Sancti
                Benigni sibi <lb/><sic>albergatarum</sic><note> Lire <hi rend="italics"
                    >albergatis</hi>.</note> per Iohannem Lupi quando tenebat domum </item>
              <item> de sexaginta sex solidis octo denariis parisiensium quos debet capellanus de
                Lepona pro censa de Lepona <lb/> non computat quia nichil recepit ut dicit </item>
              <item> de C solidis receptis a domino Aymone pro firma patronatus et primitiarum de
                Chivroux finienda in <lb/> festo beati Iohannis anno octogesimo octavo </item>
              <item> de C XIII solidis IIII denariis receptis de curato Pontis Vallium pro firma
                patronatus et primitiarum Pontis Vallium <lb/> finienda eodem festo beati Iohannis </item>
              <item> de XXX solidis receptis a Petro clerico pro firma patronatus et redditus
                Greisiaci finienda eodem festo beati Iohannis </item>
              <item> de LXVI solidis <lb/> VIII denariis receptis de domino Guichardo pro firma <add
                  place="interlinear">medietatis</add> patronatus Sancti Andree Baugiaci finienda in
                festo beati Michaelis anno octogesimo octavo et tunc debebit <lb/> quatuor libras
                parisiensium </item>
              <item> de laudibus et vendis nichil ut dicit habuit baillivus vero dominus Aymo
                capellanus habuit pro eodem : XVII solidos XI denarios obolum parisiensium ut <lb/>
                in particulis in <sic>dorsso</sic> presentis computi<note> Il n’y a aucune mention
                  d’un tel versement au dos de ce rouleau, si l’on en juge par les vues
                  numérisées.</note> de quibus computat hic </item>
              <item> de XXIIII solidis VI denariis receptis de palea vendita </item>
              <item> de LXVI solidis VIII denariis receptis a dicto <lb/> domino Guichardo pro
                medietate patronatus Baugiaci in festo beati Michaelis anno octogesimo septimo
                preterito </item>
              <item> de XXVI solidis VIII denariis receptis de curato <lb/> de Chivroux pro
                balistariis </item>
              <item> de XL solidis receptis de anguillis venditis quando stangnum fuit piscatum </item>
              <lb/>
              <item> summa : XLVIII lb. XII s. I d. par. </item>
            </list></p>
        </div>
        <div xml:id="venditiones">
          <head>venditiones</head>
          <p><lb/> idem reddit computum <list>
              <item> de IIII libris II solidis parisiensium receptis de quadraginta uno sestariis
                vini venditis ut supra </item>
              <item> de VIII solidis receptis de duobus sestariis dimidio et II <unclear>p<supplied
                    reason="support détruit">artibus</supplied></unclear><lb/> unius sestario vini
                venditis ut supra </item>
              <item> de XI solidis VI denariis receptis de quatuor meiteriis nucum venditis ut supra </item>
              <item> de X solidis receptis de guallinis et caponibus <unclear>v<supplied
                    reason="support détruit">enditis</supplied></unclear><lb/> ut supra </item>
              <item> de IX denariis receptis de novem pullis venditis ut supra </item>
              <item> de XII denariis receptis de duobus amseribus venditis ut supra </item>
              <item> de IIII solidis receptis de <unclear>pa<supplied reason="support détruit"
                    >nibus</supplied></unclear><lb/> venditis ut supra </item>
              <item> de XXIII solidis IIII denariis receptis de tribus carratis dimidia feni
                venditis ut supra </item>
              <lb/>
              <item> summa : VII lb. VII d.</item>
            </list></p>
          <div type="sub">
            <head>arreragium</head>
            <p><lb/><list>
                <item> idem reddit computum de LV libris XIII solidis I denario parisiensium
                  receptis a se ipso de remanentia computi sui precedentis ut patet in ipso </item>
              </list></p>
          </div>
        </div>
        <div xml:id="bilan_recepte">
          <p><lb/><list>
              <item> summa totius recepte : C XI lb. V s. IX d. par. </item>
            </list></p>
        </div>
      </div>
      <div xml:id="expense_et_librate">
        <p><list>
            <item> de quibus <lb/> in expensis factis pro reddendo blado debito abbatie Trenorchii
              supradicto : XXVII solidos VI denarios parisiensium </item>
            <item> item pro palitio sepe et <lb/> factura vinee de Chivroux per manum domini
                Ay<supplied>monis</supplied> capellani : XXVI solidos XI denarios </item>
            <item> item dignerio dato hominibus apportantibus servitium <lb/> tertia die nativitatis
              Domini : XII solidos </item>
            <item> item restituit sibi <supplied reason="support endommagé">ipso quos</supplied> non
              potuit recuperare ut dicit de redditu : XIII solidos X denarios </item>
            <lb/>
            <item> item in domo de Chivroux reficiendo ut in particulis <supplied
                reason="support endommagé">per manum</supplied> baillivi : XIIII libras V denarios </item>
            <item> item pro expensis factis recolligendo <lb/> bladum de lunatione et dicto blado
                  <unclear>mens<supplied reason="support détruit">urando</supplied></unclear><damage
                type="support_détruit">… … …</damage> iudici novo et domo qua reponitur bladum
              aptanda : <lb/> XVII solidos II denarios </item>
            <item> item locagio domus <damage type="support_détruit">… … … …</damage> apud Pontem
              Vallium : XXVI solidos VIII denarios </item>
            <lb/>
            <item> item libravit conventui Trenorchii de <damage type="support_détruit">… …
                …</damage><supplied>do</supplied>mo de Chivroux annuatim ut per litteram fratris
              Guidonis <lb/> celerarii Trenorchii : IIII libras <unclear>XI<supplied
                  reason="support détruit">I solidos</supplied></unclear><damage
                type="support_détruit">… … … … …</damage></item>
            <lb/>
            <item> item libravit domino Ay[mone] capellano, de quibus <damage type="support_détruit"
                >… … … … …</damage> solidos IIII denarios parisiensium </item>
          </list></p>
        <div xml:id="bilan_expense_et_librate">
          <p><lb/><list>
              <item><supplied reason="support endommagé">summa expense et lib</supplied>rate :
                XXVIII lb. IX s. IIII d. par. <lb/><damage type="support_endommagé">… … … …</damage>
                lb. XVI s. V d. par. — valent <lb/> ad viennenses <del rend="overstrike">VI<hi
                    rend="sup">XX</hi></del> V<hi rend="sup">XX</hi><damage type="support_endommagé"
                  >… … … …</damage> obolum viennensium de quibus respondet in computo Baugiaci <lb/>
                sciendum est quod de septuaginta <damage type="support_endommagé">… … …</damage>
                denariis parisiensium <damage type="support_endommagé">….</damage> dominus Aymo
                capellanus debebat respondere ut supra solvit <lb/> idem capellanus michi Petro
                prima die <damage type="support_endommagé">… … …</damage> nonagesimo XLI solidos
                viennensium et residuum sibi dimittitur pro labore suo <lb/> ex eo quod recuperavit
                et recollegit <damage type="support_endommagé">… … …</damage></item>
            </list></p>
        </div>
      </div>
    </body>
  </text>
</TEI>
