<?xml version="1.0" encoding="UTF-8"?>
<?xml-model href="http://www.tei-c.org/release/xml/tei/custom/schema/relaxng/tei_all.rng" schematypens="http://relaxng.org/ns/structure/1.0"?>
<TEI xmlns:math="http://www.w3.org/1998/Math/MathML" xmlns="http://www.tei-c.org/ns/1.0"
    xmlns:xi="http://www.w3.org/2001/XInclude" xmlns:svg="http://www.w3.org/2000/svg"
    xml:id="B9157_2">
    <teiHeader>
        <fileDesc>
            <titleStmt>
                <title>Compte de Guiffrey du Chaney (Guiffredus de Chaneto), châtelain, pour la châtellenie de
                    Pont-de-Vaux, du vendredi 26 avril 1297 au mardi 13 mai 1298 <date type="debut"
                        from-iso="12970426" cert="high"/><date type="fin" from-iso="12980513"
                        cert="high"/></title>
                <respStmt>
                    <persName><name xml:lang="fra">Guiffrey du Chaney</name><name xml:lang="lat"
                            >Guiffredus del Chaney</name></persName>
                    <resp>Châtelain</resp>
                </respStmt>
            </titleStmt>
            <publicationStmt>
                <p>Alain Kersuzan et Frédéric Chartrain, avec la collaboration de Nils Mantilleri, Jean-Michel Poisson et Marianne Ronot, 
                    <title>Compte de Guiffrey du Chaney (<hi rend="italics">Guiffredus de Chaneto</hi>), châtelain, pour la châtellenie de
                        Pont-de-Vaux, du vendredi 26 avril 1297 au mardi 13 mai 1298</title>,
                    Lyon - Chambéry, 2011 (<title>Documents comptables des Etats de Savoie, XIIIe - XVe s.</title>)</p>
            </publicationStmt>
            <seriesStmt>
                <title>Pont-de-Vaux</title>
            </seriesStmt>
            <sourceDesc>
                <p>Information about the source</p>
            </sourceDesc>
        </fileDesc>
    </teiHeader>
    <text>
        <body>
            <milestone n="4" unit="vue"/>
            <pb n="3"/>
            <div xml:id="prologue">
                <p><lb/>Computus Guiffredi de Chaneto castellani Pontis Vallium a vicesima sexta
                    <lb/> die mensis aprilis anno Domini M<hi rend="sup">o</hi> CC<hi rend="sup"
                        >o</hi> nonagesimo septimo usque ad diem martis tertiam decimam diem <lb/>
                    mensis maii anno nonagesimo octavo videlicet de uno anno et decem et octo diebus
                    receptus apud Chamberiacum <lb/> per Durandum de Fago presentibus domino
                    Nicholao de <foreign>Billens</foreign> et magistro Petro </p>
            </div>
            <div xml:id="recepte">
                <div xml:id="frumentum">
                    <head>frumentum</head>
                    <p><lb/> idem reddit computum <list>
                            <item> de IIII cupis frumenti receptis apud <foreign>Albigneu</foreign>
                                de tenementariis mansi <foreign>auz
                                    </foreign><lb/><foreign>Charneys</foreign><note type="césure"
                                        ><hi rend="italics">char<lb/>neys</hi></note> pro quatuor
                                panibus quos debent per annum </item>
                            <item> de II meyteriis receptis de manso Hugonis de
                                    <foreign>Fromentauz</foreign><lb/> de redditu per annum </item>
                            <item> de II meyteriis receptis de eodem manso de anno preterito </item>
                            <item> de II meyteriis II cupis <lb/> receptis de redditu quondam
                                Iohannis <foreign>Poysat</foreign> per annum </item>
                            <item> de IIII cupis receptis de redditu dicti Iohannis pro quatuor
                                <lb/> panibus per annum </item>
                            <item> de II cupis receptis de eodem Iohanne pro prepositura per annum </item>
                            <item> de II cupis receptis de eodem <lb/> Iohanne pro anno preterito </item>
                            <item> de exitu molendini de <foreign>Marceseys</foreign> in quo
                                percipit dominus sextam partem nichil hoc <lb/> anno in frumento
                            </item>
                        </list></p>
                    <div type="sub">
                        <head>arreragium</head>
                        <p><list>
                                <item> de III meyteriis IIII cupis receptis de remanentia computi
                                    sui precedentis </item>
                            </list></p>
                    </div>
                    <div>
                        <p><list>
                                <item><lb/> summa : XII meyteria frumenti — et remanent </item>
                            </list></p>
                    </div>
                </div>
                <div xml:id="siligo">
                    <head>siligo</head>
                    <p><lb/> idem reddit computum <list>
                            <item> de X meyteriis <add place="interlinear">siliginis</add> receptis
                                de hominibus de vico Albigniaci de redditu per annum </item>
                            <item> de <lb/> IIII meyteriis receptis in villa Sancti
                                    <sic>Benignini</sic> de prepositura per annum </item>
                            <item> de XXVII meyteriis receptis apud <lb/> Boscum de prepositura et
                                chacipolleria per annum </item>
                            <item> de IIII meyteriis receptis <foreign>deuz Beleyvros</foreign> pro
                                manso <foreign>auz</foreign><lb/><foreign>Chapotaz</foreign> de
                                redditu per annum </item>
                            <item> de VI meyteriis IIII cupis et <sic>quarte partes</sic><note> Lire
                                        <hi rend="italics">quarta parte</hi>.</note> unius cupe
                                receptis de redditu <lb/> Guioneti de <foreign>Espinous</foreign>
                                redacto ad manum domini </item>
                            <item> de IX cupis receptis de Guillerma relicta <lb/> Stephani
                                    <foreign>Bochat</foreign> de redditu per annum </item>
                            <item> de I meyterio recepto de exitu molendini de
                                    <foreign>Marceseys</foreign><lb/> per idem tempus pro sexta
                                parte contingente dominum </item>
                            <item> de XXX meyteriis receptis de firma molendini de
                                        <foreign>Espynous<note type="césure"><hi rend="italics"
                                            >espy<lb/>nous</hi></note></foreign><lb/> finita in
                                festo apostolorum Symonis et Iude anno nonagesimo septimo </item>
                            <item> de I cupa recepta de exitu dicti <lb/><sic>molendi</sic> a dicto
                                festo apostolorum Symonis et Iude usque ad septem dies post et tunc
                                fuit destructum <lb/> propter inundationem aquarum </item>
                            <item><lb/> summa IIII<hi rend="sup">XX</hi> IIII meyteria II cupas et
                                quartum unius cupe siliginis — et remanent </item>
                        </list></p>
                </div>
                <div xml:id="avena">
                    <head>avena</head>
                    <p><lb/> idem reddit computum <list>
                            <item> de XV meyteriis avene receptis de hominibus cellararii de
                                Trenorchio in <lb/> parrochia de Sermoyaco pro garda per annum </item>
                            <item> de XI meyteriis receptis de quibusdam hominibus dicte <lb/>
                                castellanie de garda per annum </item>
                            <item> de II meyteriis receptis de bonis dicti <foreign>Poysat</foreign>
                                de redditu per annum </item>
                            <item><lb/> de II meyteriis receptis de manso Hugonis de
                                    <foreign>Fromentauz</foreign> de redditu per annum </item>
                            <item> de III cupis receptis de <lb/> redditu Guidonis de
                                    <foreign>Espinous</foreign> per annum </item>
                        </list></p>
                    <div type="sub">
                        <head>arreragium</head>
                        <p><list>
                                <item> de V meyteriis IX cupis receptis de remanentia computi sui
                                    precedentis </item>
                            </list></p>
                    </div>
                    <div>
                        <p><list>
                                <item><lb/> summa : XXXVII meyteria avene — et remanent </item>
                            </list></p>
                    </div>
                </div>
                <div xml:id="cera">
                    <head>cera</head>
                    <p><list>
                            <item><lb/> idem reddit computum de XIX libris cere receptis in dicta
                                castellania de redditu per annum ut in computo precedenti </item>
                            <item><lb/> summa eadem : XIX libre cere — venduntur ut infra </item>
                        </list></p>
                </div>
                <div xml:id="galline">
                    <head>galline</head>
                    <p><lb/> idem reddit computum <list>
                            <item> de VI<hi rend="sup">XX</hi> IIII gallinis receptis apud Boscum
                                    <sic>apud Sanctum Benignum apud vicum <lb/> Albigniaci et apud
                                    Sanctum Benignum</sic> de consuetudine et levantur apud Boscum
                                et apud Sanctum <lb/> Benignum<note type="césure"><hi rend="italics"
                                        >be<lb/>nignum</hi></note> in quolibet foco due galline et
                                apud vicum Albigniaci in quolibet foco una gallina </item>
                            <item> de <lb/> XI gallinis receptis de redditu Guidonis de
                                    <foreign>Espinous</foreign><lb/></item>
                            <item> summa : VI<hi rend="sup">XX</hi> XV galline — venduntur ut infra
                            </item>
                        </list></p>
                </div>
                <div xml:id="carrelli">
                    <head>quarrelli</head>
                    <p><lb/> idem reddit computum <list>
                            <item> de C ferris quarrellorum ad unum pedem receptis de Guillerma
                                relicta <lb/> Martini de Furno pro porteria porte Pontis Vallium a
                                parte Cuysiaci de redditu per annum </item>
                            <item><lb/> de centum ferris quarrellorum qui debentur pro porta a parte
                                Baugiaci non computat quia <lb/> ille qui tenebat portam mortuus est
                                sine herede </item>
                        </list></p>
                    <div type="sub">
                        <head>arreragium</head>
                        <p><list>
                                <item> de VIII<hi rend="sup">C</hi> quarrellis receptis de
                                    remanentia computi sui <lb/> precedentis </item>
                            </list></p>
                    </div>
                    <div>
                        <p><list>
                                <item><lb/> summa : IX<hi rend="sup">C</hi> quarrelli ferri — et
                                    remanent </item>
                            </list></p>
                    </div>
                </div>
                <div xml:id="denarii_census">
                    <head>denarii census</head>
                    <p><lb/> idem reddit computum <list>
                            <item> de X solidis III denariis parisiensium receptis de tenementariis
                                mansi <foreign>auz Charneys</foreign> de redditu <lb/> per annum </item>
                            <item> de II solidis receptis de Bernardo et Perrino <foreign>dou
                                    Charney</foreign> pro eodem </item>
                            <item> de VI solidis receptis de <lb/> Peroneto <foreign>dou
                                        Truchayl<note> On a écrit <hi rend="italics"
                                            >doutruchayl</hi>.</note></foreign> et nepote suo pro
                                eodem </item>
                            <item> de VIII solidis receptis <foreign>del Belleyvros</foreign> pro
                                manso <foreign>auz Chapotaz</foreign><lb/> pro eodem </item>
                            <item> de IIII denariis receptis de <foreign>La Devyna</foreign> et
                                genero suo pro eodem </item>
                            <item> de XII denariis receptis de Ogereto Grassi <lb/> pro eodem </item>
                            <item> de V solidis receptis de Stephano <foreign>Masuer</foreign> pro
                                manso Hugonis de <foreign>Fromentauz</foreign> pro eodem </item>
                            <item> de IIII denariis receptis <lb/> de Humberto Brocardi et Iohanne
                                fratre suo pro eodem de redditu <foreign>Poysat</foreign></item>
                            <item> de III solidis receptis de Guillermeta <lb/><foreign>La
                                        Freydi<note> On a écrit <hi rend="italics"
                                        >lafreydi</hi>.</note></foreign> pro eodem </item>
                            <item> de VI solidis receptis de Peroneto et Ogereto filiis quondam
                                Guichardi Albi pro eodem </item>
                            <item> de X solidis <lb/> receptis de relicta Petri Burdini pro eodem </item>
                            <item> de IIII libris X solidis receptis de redditu Guioneti de
                                    <foreign>Espinous</foreign><lb/> quondam per annum </item>
                            <item> de VI solidis receptis de quatuor banchis macelli per annum </item>
                            <item> de VII libris VII solidis <lb/> VII denariis receptis de teysis
                                domorum Pontis Vallium et levantur in octabis pasche </item>
                            <item><lb/> summa : XIIII lb. XV s. VI d. par. </item>
                        </list></p>
                </div>
                <div xml:id="tallia">
                    <head>taillia</head>
                    <p><lb/> idem reddit computum <list>
                            <item> de XVIII libris receptis de hominibus de Bosco pro taillia per
                                annum de quibus levatur medietas in festo <lb/> beati Bartholomei et
                                alia medietas in festo beati Andree </item>
                            <item> de IIII libris receptis apud Sanctum Benignum pro eodem et
                                levatur <lb/> eo modo et eisdem terminis </item>
                            <item> summa : XXII lb. par. </item>
                        </list></p>
                </div>
                <div xml:id="garde">
                    <head>guarde</head>
                    <p><lb/> idem reddit computum <list>
                            <item> de IIII solidis IIII denariis receptis de gardis per annum ut in
                                computo precedenti </item>
                            <item><lb/> summa eadem : IIII s. IIII d. par. </item>
                        </list></p>
                </div>
                <div xml:id="firme">
                    <head>firme</head>
                    <p><lb/> idem reddit computum <list>
                            <item> de VIII solidis VIII denariis parisiensium receptis de firma
                                forestagii et dominii ripparum de <foreign>Marceseys</foreign><lb/>
                                finita in festo pasche anno nonagesimo octavo et levatur in
                                nativitate Domini </item>
                            <item> de C solidis receptis de medietate firme <lb/> furni Pontis
                                Vallium finite in festo beati Dyonisii anno nonagesimo septimo et de
                                alia medietate computavit <lb/> in computo precedenti </item>
                            <item> de C solidis receptis de medietate eiusdem firme finiende in
                                eodem festo beati Dionisii anno <lb/> nonagesimo octavo et tunc
                                debentur tantumdem </item>
                            <item> de XXVI solidis VIII denariis receptis de medietate firme furni
                                <lb/> extra portam <add place="interlinear">a parte</add> Cuysiaci
                                finite in festo nativitatis Domini anno nonagesimo septimo et de
                                alia medietate computavit <lb/> in computo precedenti </item>
                            <item> de XXVI solidis VIII denariis receptis de medietate eiusdem firme
                                finiende eodem termino anno <lb/> nonagesimo octavo et tunc debentur
                                tantumdem </item>
                            <item> de XII libris receptis de firma minuti pedagii leyde <lb/>
                                coponagii nundinarum Baugiaci cridagii essegagii porcorum ossisorum
                                in macello et nundinarum <lb/> Sancti Benigni finienda XV<hi
                                    rend="sup">a</hi> die mensis maii anno nonagesimo octavo </item>
                            <item> de LX solidis receptis de firma <lb/> pedagii Iudeorum per duos
                                annos finiendos in festo omnium sanctorum anno nonagesimo nono </item>
                            <item> de pontanagio <lb/> quod levatur in incremento aquarum ad portam
                                a parte Baugiaci non computat quia positum est in itinere elevando
                                <lb/> a dicta porta usque ad pontem </item>
                            <item><note> On a indiqué par des signes placés dans l’interligne
                                    supérieur qu’il convenait de lire cet article après le suivant
                                    afin de respecter l’ordre chronologique.</note> de IIII libris
                                receptis de firma parcagii ballarum finienda XV<hi rend="sup">a</hi>
                                die <lb/> mensis maii anno nonagesimo octavo </item>
                            <item> de XXVI solidis VIII denariis receptis de medietate firme
                                parcagii ballarum <lb/> finite in festo beati Iohannis baptiste anno
                                nonagesimo septimo et de alia medietate computavit in computo
                                precedenti </item>
                            <item><lb/> de XL solidis receptis de firma chacipollerie finita in
                                festo pasche <damage extent="une demi ligne"/><lb/> summa : XXXV lb.
                                VIII s. VIII d. <supplied reason="support endommagé">
                                    par.</supplied></item>
                        </list></p>
                </div>
                <div xml:id="caorsini">
                    <head>corsini</head>
                    <p><list>
                            <item><lb/> de censa corsinorum : non computat quia solverunt ad
                                hospitium domini ut dicit </item>
                        </list></p>
                </div>
                <div xml:id="iudei">
                    <head>Iudei</head>
                    <p><lb/> idem reddit computum <list>
                            <item> de XI libris VI solidis VIII denariis parisiensium receptis de
                                Burgondio Iudeo de censa sua de anno preterito<note type="césure"
                                        ><hi rend="italics">preteri<lb/>to</hi></note></item>
                            <item><lb/> de aliis Iudeis non computat quia solverunt domino vel
                                mandato suo ut dicit </item>
                            <item><lb/> summa eadem : XI lb. VI s. VIII d. par. </item>
                        </list></p>
                </div>
                <div xml:id="laudes_et_vende">
                    <head>laudes et vende</head>
                    <p><lb/> idem reddit computum <list>
                            <item> de IIII solidis VI denariis parisiensium receptis de Ponceto
                                    <foreign>Taillifer</foreign> de Bosco pro medietate laudum et
                                vendarum <lb/> pro terra empta de Stephano <foreign>Lo
                                    Blondan</foreign> et eius uxore pretio sexaginta solidorum </item>
                            <item> de II denariis receptis de Renaudo de <lb/> Curia pro prato empto
                                de Iohanne Perraudi pretio duorum solidorum </item>
                            <item> de XVIII denariis receptis de dicto Renaudo pro <lb/> prato empto
                                de Iohanneta <foreign>La Breta</foreign> et Stephano eius filio
                                pretio viginti solidorum </item>
                            <item> de III denariis receptis de eodem Renaudo <lb/> pro prato empto a
                                Iohanne Perraudi pretio quinque solidorum </item>
                            <item> de VIII denariis receptis de Iohanne de Quercu pro terra empta
                                <lb/> de <foreign>La Puta</foreign> pretio novem solidorum </item>
                            <item> de V denariis receptis de Petito textore pro aliqua rippa empta
                                de Renoudeto<note type="césure"><hi rend="italics"
                                        >renou<lb/>deto</hi></note><lb/> pretio quinque solidorum
                                quatuor denariorum </item>
                            <item> de IIII denariis obolo receptis de Renaudo de Curia pro curtili
                                empto <lb/> a Iohanne Perraudi pretio quinque solidorum </item>
                            <item> de III denariis receptis de Guillermo
                                    <foreign>Brunichat</foreign> pro ripperia empta a Iohanneto
                                    <lb/><foreign>La Breta</foreign> et Stephano eius filio pretio
                                trium solidorum et quatuor denariorum </item>
                            <item> de XI denariis receptis de Stephano Ruboudi pro tepa <lb/> empta
                                de Martina relicta Humberti <foreign>Colomban</foreign> pretio
                                duodecim solidorum </item>
                            <item> de IIII denariis receptis de Iohanne <foreign>Peterel<note
                                        type="césure"><hi rend="italics"
                                    >pete<lb/>rel</hi></note></foreign><milestone n="5" unit="vue"
                                    /><pb n="4"/><lb/> pro prato empto de Iohanne Perraudi pretio
                                quatuor solidorum </item>
                            <item> de IIII denariis receptis de Stephano <foreign>del
                                    Verney</foreign> pro tepa empta<note type="césure"><hi
                                        rend="italics">emp<lb/>ta</hi></note> de Iohanne
                                    <foreign>Maillant</foreign> pretio quatuor solidorum </item>
                            <item> de V denariis receptis de Guidone de <foreign>Morillon</foreign>
                                pro terra empta <lb/> de Iohanne <foreign>Colent</foreign> pretio
                                sex solidorum </item>
                            <item> de I denario obolo recepto de Iohanne <foreign>Poillen</foreign>
                                pro prato empto a Guichardo <foreign>Colas</foreign><lb/> et fratre
                                suo pretio viginti denariorum </item>
                            <item> de XVIII denariis receptis de Stephano <foreign>del
                                    Verney</foreign> pro prato empto a Mahencia de <lb/> Bosco et
                                eius liberis pretio decem novem solidorum </item>
                            <item><lb/> summa : XI s. IX d. par. </item>
                        </list></p>
                </div>
                <div xml:id="banna">
                    <head>banna</head>
                    <p><lb/> idem reddit computum <list>
                            <item> de XIII solidis IIII denariis parisiensium receptis de Balbo
                                    <foreign>Jayet</foreign> pro saysina fracta </item>
                            <item> de XXVI solidis <lb/> VIII denariis receptis de Bernardino
                                Girerdi pro Guillermo filio <add place="interlinear">suo</add> pro
                                verbis iniuriosis dictis patri suo </item>
                            <item> de XIII solidis IIII denariis receptis de dicto Bernardino pro
                                saysina fracta </item>
                            <item> de XIII solidis IIII denariis receptis de Iohanne <lb/> filio
                                dicto Bernardini pro saysina fracta </item>
                            <item> de XXVI solidis VIII denariis receptis de Stephano textore de
                                Veyllia <lb/> pro verbis iniuriosis dictis Perraudo de Luygnia in
                                presentia castellani </item>
                            <item> de XIII solidis IIII denariis receptis de <lb/> Guillermo
                                    <foreign>Palmer</foreign> pro penis sibi impositis et quia
                                verberavit Peronetum Morelli </item>
                            <item> de XIII solidis IIII denariis <lb/> receptis de Iohanne
                                    <foreign>Palmer</foreign> quia scindit in bosco domine de Laya
                                de nocte </item>
                            <item> de XIII solidis IIII denariis receptis de Guillermo
                                    <lb/><foreign>Pillet</foreign> pro saysina fracta </item>
                            <item> de XIII solidis IIII denariis receptis de Renaudo
                                    <foreign>Meyspler</foreign> pro banno sanguinis </item>
                        </list></p>
                    <div type="sub">
                        <head>clame</head>
                        <p><list>
                                <item><lb/> de XLIII solidis receptis de minutis clamis per idem
                                    tempus trium solidorum et inferius </item>
                                <item> de XIII solidis IIII denariis <lb/> receptis de Iohanne
                                        <foreign>Bataillart</foreign> pro furto unius ciphi </item>
                            </list></p>
                    </div>
                    <div>
                        <p><list>
                                <item><lb/> summa : IX lb. III s. par. deductis viginti solidis pro
                                    parte castellani capientis in libra duos solidos</item>
                            </list></p>
                    </div>
                </div>
                <div xml:id="escheyte">
                    <head>escheyte</head>
                    <p><list>
                            <item><lb/> de escheytis nichil hoc anno </item>
                        </list></p>
                </div>
                <div xml:id="inventa">
                    <head>inventa</head>
                    <p><list>
                            <item><lb/> idem reddit computum de XVI denariis receptis de corio unius
                                vituli inventi sic venditi </item>
                            <item> et sciendum <lb/> quod ipse facit custodi duo <sic>examinis</sic>
                                apium que fuerunt <sic>inventum</sic><note> On attendrait <hi
                                        rend="italics">facit custodi duo examina apium que fuerunt
                                        inventa</hi>.</note> et remanent penes ipsum </item>
                            <item><lb/> summa : XVI d. par. </item>
                        </list></p>
                </div>
                <div xml:id="auxilium">
                    <head>auxilium</head>
                    <p><list>
                            <item><lb/> idem reddit computum de XXXIII libris VI solidis VIII
                                denariis parisiensium receptis de hominibus Pontis Vallium pro
                                auxilio <lb/> facto domino pro dote Margarite filie sue uxoris
                                marchionis Montisferrati pro quinquaginta libris viennensium </item>
                            <item><lb/> summa eadem : XXXIII lb. VI s. VIII d. par. </item>
                        </list></p>
                </div>
                <div xml:id="venditiones">
                    <head>venditiones</head>
                    <p><lb/> idem reddit computum <list>
                            <item> de XXXVIII solidis parisiensium receptis de decem novem libris
                                cere venditis ut supra qualibet duobus <lb/> solidis </item>
                            <item> de XXXIII solidis IX denariis parisiensium receptis de sexies
                                viginti quindecim gallinis venditis ut supra qualibet <lb/> tribus
                                denariis parisiensium </item>
                            <item> summa : LXXI s. IX d. par. </item>
                        </list></p>
                </div>
                <div xml:id="bilan_recepte">
                    <p><list>
                            <item><lb/> summa : VI<hi rend="sup">XX</hi> X lb. IX s. VIII d. par.
                                totius recepte<note> Lire <hi rend="italics">summa totius recepte :
                                            VI<hi rend="sup">XX</hi> X lb. IX s. VIII d.
                                    par.</hi></note></item>
                        </list></p>
                </div>
            </div>
            <div xml:id="expense_et_librate">
                <p><list>
                        <item> de quibus <lb/> in fossatis poypie Pontis Vallium recurandis hoc anno
                            nec ostendit particulas et <unclear><foreign>suns</foreign></unclear>
                            recurata <lb/> dicta fossata de latitudine viginti pedum a parte
                            exteriori : XVIII libras V solidos viennensium </item>
                        <item> in <lb/> una porta et uno hostio factis in domo domini in villa
                            Pontis Vallium et coquina dicte domus solanda <lb/> et terranda : XXV
                            solidos </item>
                        <item> in pane dato bubulcis charreantibus fustam ad opus dechargiatorii
                                <lb/><add place="interlinear">stanni</add> de Albigniaco et fuerunt
                            ibi triginta quatuor currus et in quolibet curru tres bubulci qui
                                aduxerunt<note type="césure"><hi rend="italics"
                                >aduxe<lb/>runt</hi></note><lb/> triginta quatuor trabes : LI
                            solidos </item>
                        <item> in platea in qua debet fieri dictum dechargiatorium <lb/>
                                aplananda<note type="césure"><hi rend="italics"
                                >apla<lb/>nanda</hi></note> et veteri dechargiatore
                                oscurando<foreign> </foreign>in taschiam : XL solidos </item>
                        <item> in stipendiis plurium et diversorum<note type="césure"><hi
                                    rend="italics">diverso<lb/>rum</hi></note><lb/> operariorum
                            estirpantium boscum <foreign>de les Goylles</foreign> ubi factum est
                            unum magnum pratum ad opus domini <lb/> et quodam fossato facto circa
                            dictum pratum pro ipso <sic>cladendo</sic> nec ostendit particulas tamen
                            allocantur <lb/> presente magistro Petro et Petro clerico : XXVII libras
                            XII solidos X denarios obolum </item>
                        <item> in stipendiis nuntiorum <lb/> et exploratorum missorum per dictum
                            tempus : XVIII solidos </item>
                        <item> in expensis trium hominum equitum cum armis <lb/> quos secum duxit
                            die nundinarum Sancti Benigni <add place="interlinear">custodiendo</add>
                            : IIII solidos II denarios </item>
                        <item> in stipendiis trium hominum equitum <lb/> cum armis quos duxit ad
                            mandatum baillivi ad pontem Sancti Andree supra aquam
                                    <foreign>d’Enz<note> On écrit <hi rend="italics"
                                    >denz</hi>.</note></foreign> quando archa <lb/> fuit ibi posita
                            et fuerunt ibi per duos dies per litteras dicti baillivi de testimonio
                            quas reddit : XXII solidos II denarios </item>
                        <item><lb/> in stipendiis suis et sex hominum equitum cum armis quos secum
                            duxit ad mandatum baillivi apud Burgum<note type="césure"><hi
                                    rend="italics">bur<lb/>gum</hi></note><lb/> in Breyssia ubi
                            steterunt per duos dies et dimidium <add place="interlinear">et fuerunt
                                versus <foreign>Laigneu</foreign> ubi combuxerunt</add> in septimana
                            ante carniprivium novum per <lb/> litteras dicti baillivi quas reddit :
                            LXX solidos </item>
                        <item> in stipendiis octo hominum equitum cum armis quos secum duxit <lb/>
                            ad mandatum baillivi apud Burgum in Breyssia et ibi fuerunt per duos
                            dies in septimana post vetus <lb/> carniprivium quia dicebatur quod
                            dalphinus habebat totum suum mandamentum versus Crimiacum per litteras
                            <lb/> dicti baillivi : LXIIII solidos </item>
                        <item> item in stipendiis<note> On a écrit <hi rend="italics"
                                    >instipendiis</hi>.</note> quinque clientum quos tenuit ad
                            pontem Sancti Andree supra <lb/> aquam <foreign>d’Enz</foreign> per octo
                            dies quando archa fuit posita in aqua et <sic>dentur</sic> cuilibet
                            clienti per diem decem <lb/> octo denarii per litteras dicti baillivi
                            quas reddit : LX solidos viennensium </item>
                        <item> in stipendiis ipsius castellani per unum annum <lb/> finitum vicesima
                            sexta die mensis aprilis anno nonagesimo octavo : XV libras viennensium </item>
                        <item><lb/> idem libravit in quinque milibus quarrellorum sive flechonibus
                            emptis ad opus domini et de mandato ipsius ut <lb/> dicit et remanent
                            penes ipsum et dantur pro quolibet miliari triginta unus solidi : <lb/>
                            VII libras V solidos </item>
                        <item> idem libravit in decem balistis ligneis emptis ad opus domini et de
                            mandato ipsius <lb/> ut dicit cum cordis ipsarum et remanent penes ipsum
                            : IIII libras viennensium </item>
                        <item><lb/> idem libravit domino Iohanni Fluridi capellano domini per
                            litteram domini de mandato et litteram dicti domini Iohannis de recepta
                            <lb/> quas reddit de illis denariis quos habuit de auxilio facto domino
                            ut supra : L libras viennensium </item>
                        <item><lb/> idem libravit domino comite per manum magistri Petri phisici
                            ipsas recipientis per litteram domini de recepta <lb/> datam die sabbati
                            post octabas pasche anno nonagesimo octavo : XL libras
                            viennensium</item>
                    </list></p>
            </div>
            <div xml:id="bilan">
                <p><list>
                        <item><lb/> et sic computatis duobus denariis parisiensium pro tribus
                            denariis viennensium debet : XV libras XVII solidos III denarios obolum
                            viennensium</item>
                    </list></p>
            </div>
        </body>
    </text>
</TEI>
