<?xml version="1.0" encoding="UTF-8"?>
<?xml-model href="http://www.tei-c.org/release/xml/tei/custom/schema/relaxng/tei_all.rng" schematypens="http://relaxng.org/ns/structure/1.0"?>
<TEI xmlns:math="http://www.w3.org/1998/Math/MathML" xmlns="http://www.tei-c.org/ns/1.0"
  xmlns:xi="http://www.w3.org/2001/XInclude" xmlns:svg="http://www.w3.org/2000/svg" xml:id="B9154_1">
  <teiHeader>
    <fileDesc>
      <titleStmt>
        <title>Compte de Barthélémy Sylvestre (Bartholomeus Silvestris), châtelain, pour la
          châtellenie de Pont-de-Vaux y compris les dîmes du prieuré de Chevroux (domus de
          Chivrous), du dimanche 24 juin 1285 au vendredi 2 novembre 1285 <date type="debut"
            from-iso="12850624" cert="high"/><date type="fin" from-iso="12851102" cert="high"
          /></title>
        <respStmt>
          <persName><name xml:lang="fra">Barthélémy Sylvestre</name><name xml:lang="lat"
              >Bartholomeus Silvestris</name></persName>
          <resp>Châtelain</resp>
        </respStmt>
      </titleStmt>
      <publicationStmt>
        <p>Alain Kersuzan et Frédéric Chartrain, avec la collaboration de Nils Mantilleri, Jean-Michel Poisson et Marianne Ronot, 
          <title>Compte de Barthélémy Sylvestre (<hi rend="italics">Bartholomeus Silvestris</hi>), châtelain, pour la
            châtellenie de Pont-de-Vaux y compris les dîmes du prieuré de Chevroux, du dimanche 24 juin 1285 au vendredi 2 novembre 1285</title>,
          Lyon - Chambéry, 2011 (<title>Documents comptables des Etats de Savoie, XIIIe - XVe s.</title>)</p>
      </publicationStmt>
      <seriesStmt>
        <title>Pont-de-Vaux</title>
      </seriesStmt>
      <sourceDesc>
        <p>Information about the source</p>
      </sourceDesc>
    </fileDesc>
  </teiHeader>
  <text>
    <body>
      <milestone n="2" unit="vue"/>
      <pb n="1"/>
      <div xml:id="prologue">
        <p><lb/>Computus Bartholomei Silvestris castellani Pontis <sic>Valium</sic> tenens annum
            <lb/><unclear>…</unclear><note>un mot oblitéré par le tampon des Archives
            départementales de la Côte-d’Or</note> a festo beati Iohannis baptiste anno Domini M<hi
            rend="sup">o</hi> CC<hi rend="sup">o</hi> octagesimo quinto usque ad diem veneris
          crastinam <lb/> omnium sanctorum</p>
      </div>
      <div xml:id="recepte">
        <div xml:id="frumentum">
          <head><supplied>frumentum</supplied></head>
          <note type="refbibl"> Le compte est dépourvu de rubriques marginales.</note>
          <p><lb/> idem reddit computum <list>
              <item> de LVI meiteriis frumenti et tribus partibus cupe receptis ad mensuram Pontis
                Vallium <lb/> de redditu asiso per annum et restant quatuor meiteriis recuperandis </item>
              <item> de frumento quod levatur pro <unclear>…</unclear><note>un mot
                illisible</note><lb/> non computat quia solvitur in nativitate Domini </item>
              <item> de XX meiteriis receptis de exitu decime Pontis Vallium acensate <lb/> pro
                tanto hoc anno in frumento </item>
              <item> de II meiteriis dimidio receptis de exitu decime de <foreign>Chyvrous</foreign>
                et de <foreign>La R<unclear>iveri</unclear></foreign><lb/> hoc anno </item>
              <item> de X meiteriis receptis de exitu decime de Fayola hoc anno </item>
              <item> de XXXV meiteriis receptis de exitu <lb/> decime de
                    <foreign><unclear>Tra</unclear> Oysi</foreign> hoc anno </item>
              <item> de III meiteriis receptis de exitu decime de
                <foreign>Chavannes</foreign></item>
              <item> de decime Sancti Andree <lb/> de Baugiaco taschiis et quartis de
                  <foreign>Lopona</foreign> nichil hoc anno in frumento </item>
              <item> de molendino de <lb/><foreign><unclear>Lo</unclear>pona</foreign> nichil hoc
                anno quia acensatum est pro centum solidis hoc anno </item>
              <lb/>
              <item> summa frumenti: VI<hi rend="sup">XX</hi> VI meiteria III cupe tres partes unius
                cupe</item>
            </list></p>
        </div>
        <div xml:id="siligo">
          <head><supplied>siligo</supplied></head>
          <p><lb/> idem reddit computum <list>
              <item> de LXV meiteriis I cupa siliginis receptis de redditu dicte domus de
                  <foreign>Chivrous</foreign> asiso per <lb/> annum et restant duodecim meiteria
                IIII cupe recuperanda per Guillermum <foreign>Cadout</foreign></item>
              <item> de IIII<hi rend="sup">XX</hi>III <lb/> meiteriis receptis de exitu decime
                Pontis Vallium hoc anno </item>
              <item> de CC meiteriis I bicheto receptis de exitu decime <lb/> de
                  <foreign>Chyvrous</foreign> et de <foreign>La Riveri</foreign> hoc anno </item>
              <item> de IIII<hi rend="sup">XX</hi> I meiteriis dimidio receptis de exitu decimarum
                de Fayola <lb/> et de Ultra <foreign>Oyssi</foreign> hoc anno </item>
              <item> de XXI meiteriis et dimidio receptis de exitu decime de
                    <foreign>Cha<supplied>vannes</supplied></foreign> et restant <del
                  rend="overstrike">V</del> VII <lb/> meiteria et dimidium per Guillermum
                  <foreign>Cadout</foreign> recuperanda </item>
              <item> de XV meiteriis receptis de exitu decime Sancti Andree de <lb/> Baugiaco hoc
                anno </item>
              <item> duodecim meiteria de collecturis decimarum restant ad recuperandum de illis qui
                acensaverunt <lb/> decimas </item>
              <item> summa siliginis : IIII<hi rend="sup">C</hi> LXVI meiteria IIII cupe </item>
              <item> quibus adduntur <lb/> XVII <sic>moiteria</sic> dimidium librata a dicto
                Bartholomeo in debitis <foreign>esmallyez</foreign> Guichardo
                  <foreign>Roser</foreign> et Guillermo <unclear reason="encre délavée"
                  >acensatis</unclear><lb/> ut in computo Iohannis Lupi </item>
              <item> deducuntur IIII cupe que espendiderunt collectores vini </item>
              <item> item LVI<note type="refbibl"> On attendrait <hi rend="italics"
                  >LXVI</hi>.</note> moiteria <lb/><sic>aduntur</sic> de octo viginti decem et
                septem meiteriis sibi libratis per Lupum ut in eius computo et residuum habuit <lb/>
                domina ut per litteram eius quam reddit <sic>silicet</sic> centum novem meiteria et
                duo meiteria tradita aucipiti </item>
              <lb/>
              <item> summa totius siliginis : V<hi rend="sup">C</hi> XLIX meiteria </item>
              <item> ista debet librare Guillermo Cadout vel <lb/> debitoribus</item>
            </list></p>
        </div>
        <div xml:id="avena">
          <head><supplied>avena</supplied></head>
          <p><lb/> idem reddit computum <list>
              <item> de XIIII meiteriis avene IIII cupis receptis de exitu dicte domus asiso per
                annum et restant <lb/> recuperanda per Guillermum <foreign>Cadout</foreign> V
                meiteria </item>
              <item> de LXVII meiteriis avene receptis de exitu decime Pontis Vallium hoc anno </item>
              <lb/>
              <item> de XLVII meiteriis receptis de exitu decime de <foreign>Chivrox</foreign> et de
                  <foreign>La Riveri</foreign></item>
              <item> de XIIII meiteriis receptis de exitu <lb/> decimarum de Fayola et
                  <foreign>d’Outroyssi</foreign> et restant recuperanda per Guillermum
                  <foreign>Cadout</foreign> viginti quatuor meiteria et dimidium </item>
              <lb/>
              <item> de XV meiteriis receptis de exitu decime de Baugiaco hoc anno </item>
              <item> de decima de <foreign>Chavannes</foreign> nichil in avena hoc anno </item>
              <item> summa avene : VII<hi rend="sup">XX</hi> XVII meiteria IIII cupe </item>
              <item> quibus aduntur LXVIII <lb/> meiteria III cupe de quibus respondiderunt illi qui
                acensaverant decimas predictas ut in computo Iohannis Lupi <lb/> de quibus librantur
                Guillermo <foreign>Cadout</foreign> castellano Pontis Vallium post dictum
                Bartholomeum in debitoribus LXIIII meiteria <lb/> III cupe </item>
              <item> item de decima de Baugiaco : XV meiteria — et est magister G.<damage
                  type="support_détruit"/> fideiussor </item>
              <item> item in venditione ut infra : IIII meiteria </item>
              <lb/>
              <item> item librat dicto Guillermo <foreign>Cadout</foreign> XLVII meiteria de decima
                de <foreign>Chyvrox</foreign> que <sic>debet</sic> Ruffus <foreign>Bastez</foreign>
                et Berardus <foreign>Cholez</foreign></item>
              <lb/>
              <item> summa librate : VI<hi rend="sup">XX</hi> X meiteria III cupe </item>
              <item> et restant IIII<hi rend="sup">XX</hi> XV meiteria IIII cupe</item>
            </list></p>
        </div>
        <div xml:id="fabe">
          <head><supplied>fabe</supplied></head>
          <p><lb/><list>
              <item> idem reddit computum de I cupa de fabis recepta de partita mansure
                  <foreign>Puget</foreign> que est ad manum domini pro eo quod non solvit <lb/>
                servitium — <unclear reason="support déchiré">venditur</unclear></item>
            </list></p>
        </div>
        <div xml:id="vinum">
          <head><supplied>vinum</supplied></head>
          <p>idem reddit computum <list>
              <item>de LV <del rend="overstrike"
                  >meiteriis</del><foreign><sic>sesters</sic></foreign> receptis de exitu decime
                <lb/> patronatus de Baugiaco hoc anno </item>
              <item> de redditu asiso non computat quia levatur in nativitate ut dicit </item>
              <lb/>
              <item> summa : LV <foreign>sesters</foreign> vini</item>
            </list></p>
        </div>
        <div xml:id="nuces">
          <head><supplied>nuces</supplied></head>
          <p>idem reddit computum <list>
              <item>de II meiteriis VII cupis duabus partibus cupe nucium receptis de redditu asiso
                et restant <lb/> recuperanda I meiterium — <sic>vendantur</sic> ut infra</item>
            </list></p>
        </div>
        <div xml:id="castanee_pulli_galline_anseres_panes">
          <head><supplied>castanee pulli galline anseres et panes</supplied></head>
          <p><list>
              <item> de castaneis pullis gallinis anseribus et <lb/> panibus respondebit Guillermus
                  <foreign>Cadouz</foreign> castellanus</item>
            </list></p>
        </div>
        <div xml:id="fenum">
          <head><supplied>fenum</supplied></head>
          <p><lb/><list>
              <item> idem reddit computum de <del rend="overstrike">XXX solidis receptis</del> X
                carratis feni receptis de exitu pratorum de subtus Manziacum et de subtus <lb/>
                calciatam <sic>stangii</sic> — remanent</item>
            </list></p>
        </div>
        <div xml:id="denarii">
          <head><supplied>denarii</supplied></head>
          <p><lb/> idem reddit computum <list>
              <item> de XXX solidis receptis de exitu primiciarum de
                <foreign>Chivrox</foreign></item>
              <item> de censis patronatus et de servitiis <lb/> respondebit Guillermus
                  <foreign>Cadouz</foreign> quia nundum levantur </item>
              <item> de XXI denariis receptis de exitu jardini vendito pro tanto </item>
              <lb/>
              <item> de VI solidis receptis a Clemente filio Fabri pro laudibus et venditionibus </item>
              <item> de IIII denariis obolo viennensium receptis de Guillermo de
                  <foreign>Seccors</foreign><lb/> pro laudibus et venditionibus </item>
              <item> de XIX solidis receptis de IIII meiteriis avene venditis pro tanto ut supra </item>
              <item> de XV denariis receptis de I <lb/> cupa de fabis vendita pro tanto ut supra </item>
              <item> de XV solidis VI denariis receptis de II meiteriis et septem cupis<note
                  type="refbibl"> Suppléer <hi rend="italics">nucium</hi>. Il s’agissait précisément
                  de <hi rend="italics">II meiteriis VII cupis duabus partibus cupe
                  nucium</hi>.</note> venditis pro tanto ut supra </item>
              <lb/>
              <item> de III solidis receptis <foreign>del Poylliat</foreign> pro laudibus et
                venditionibus </item>
              <lb/>
              <item> summa denariorum : LXX s. X d. ob. vien.</item>
            </list></p>
        </div>
      </div>
      <div xml:id="expense_et_librate">
        <p><list>
            <item> de quibus <lb/> pro feno supradicto faciendo : XXXI solidos IX denarios
              viennensium </item>
            <item> item in expensis recolligentium decimam vini in particulis et tonellis <lb/>
              religandis : VII solidos VI denarios viennensium </item>
          </list></p>
        <div xml:id="bilan_expense_et_librate">
          <p><lb/><list>
              <item> summa expense : XXXIX s. III d.</item>
            </list></p>
        </div>
      </div>
      <div xml:id="bilan">
        <p><lb/> et sic debet XXXI solidos VII denarios obolum viennensium quos in continenti habuit
          et recepit Rassetus de Sancto <lb/> Renemberto clericus </p>
      </div>
    </body>
  </text>
</TEI>
