<?xml version="1.0" encoding="UTF-8"?>
<?xml-model href="http://www.tei-c.org/release/xml/tei/custom/schema/relaxng/tei_all.rng" schematypens="http://relaxng.org/ns/structure/1.0"?>
<TEI xmlns:math="http://www.w3.org/1998/Math/MathML" xmlns="http://www.tei-c.org/ns/1.0"
    xmlns:xi="http://www.w3.org/2001/XInclude" xmlns:svg="http://www.w3.org/2000/svg"
    xml:id="B9156_1">
    <teiHeader>
        <fileDesc>
            <titleStmt>
                <title>Hugonet de Château-Neuf (Hugonetus de Castro Novo), châtelain, pour la
                    châtellenie de Pont-de-Vaux, du 1er mai 1293 au 8 mai 1294 <date type="debut"
                        from-iso="12930501" cert="high"/><date type="fin" from-iso="12940508"
                        cert="high"/></title>
                <respStmt>
                    <persName><name xml:lang="fra">Hugonet de Château-Neuf</name><name
                            xml:lang="lat">Hugonetus de Castro Novo</name></persName>
                    <resp>Châtelain</resp>
                </respStmt>
            </titleStmt>
            <publicationStmt>
                <p>Alain Kersuzan et Frédéric Chartrain, avec la collaboration de Nils Mantilleri, Jean-Michel Poisson et Marianne Ronot, 
                    <title>Hugonet de Château-Neuf (<hi rend="italics">Hugonetus de Castro Novo</hi>), châtelain, pour la
                        châtellenie de Pont-de-Vaux, du 1er mai 1293 au 8 mai 1294</title>,
                    Lyon - Chambéry, 2011 (<title>Documents comptables des Etats de Savoie, XIIIe - XVe s.</title>)</p>
            </publicationStmt>
            <seriesStmt>
                <title>Pont-de-Vaux</title>
            </seriesStmt>
            <sourceDesc>
                <p>Information about the source</p>
            </sourceDesc>
        </fileDesc>
    </teiHeader>
    <text>
        <body>
            <milestone n="2" unit="vue"/>
            <pb n="1"/>
            <div xml:id="prologue">
                <p><lb/><sic>Cumputus</sic> Hugoneti de Castro Novo castellani Pontis Vallium <lb/>
                    a prima die maii anno Domini M<hi rend="sup">o</hi> CC<hi rend="sup">o</hi>
                    nonagesimo tertio usque ad octavum diem eiusdem mensis anno <lb/> nonagesimo
                    quarto videlicet de uno anno integro et septem diebus receptus apud Sanctum
                    <lb/> Symphorianum per Petrum de Monte Meliano clericum presente domino comite
                </p>
            </div>
            <div xml:id="recepte">
                <div xml:id="frumentum">
                    <head>frumentum</head>
                    <p><lb/> idem reddit cumputum <list>
                            <item> de<note> Chaque mention de recette est ici surmontée de trois
                                    points formant un triangle.</note> exitu molendini de
                                    <foreign>Maceseis</foreign> in quo dominus percipit sextam
                                partem <lb/> non computat quia nichil habuit ut dicit ex eo quod
                                Iohannes <foreign>Chaneuz</foreign> ipsum exitum habuit pro <lb/>
                                expensis quas fecit in factura dicti molendini cum quo debet de
                                exitu et expensis computare </item>
                            <item><lb/> de exitu molendini olim empti de Guidone
                                        <foreign>d’Espinouz<note> On a écrit <hi rend="italics"
                                            >despinouz</hi>.</note></foreign> non computat quia
                                delaniatum <lb/> erat et traditum fuit ad firmam Iohanni de Fayuola
                                pro anno finiendo in festo beati Bartholomei<note type="césure"><hi
                                        rend="italics">Bartholo<lb/>mei</hi></note><lb/> anno
                                nonagesimo quarto ad viginti quatuor meyteria siliginis solvenda in
                                messibus anno <lb/> eodem </item>
                            <item> de <sic>copponagio</sic> nichil qui <sic>ascensatur</sic> cum
                                leda et minuto pedagio ut infra cumputo<note> Suppléer <hi
                                        rend="italics">in</hi>.</note> denariorum </item>
                            <item><lb/> de II meyteriis receptis de terragio mansii Hugonis
                                    <foreign>de Fromentauz</foreign> dati ad colendum Stephano
                                    <lb/><foreign>Masuer</foreign> ob defectum tenementarii </item>
                            <item> de IIII copis receptis de hominibus <foreign>d’Albigneu</foreign>
                                pro quatuor <lb/> panibus quos debent de redditu </item>
                            <item> de coponagio quod capitur apud Sanctum Benignum in die nundinarum
                                <lb/> beati Christofori non computat quia ascensatum est cum alio
                                coponagio </item>
                            <item> de II meyteriis II cupis receptis de <lb/> redditu quondam
                                Iohannis <foreign>Poysat</foreign> redacto ad manum domini ut in
                                particulis in extenta </item>
                            <item> de IIII cupis <lb/> receptis de redditu dicti Iohannis pro
                                quatuor panibus <add place="interlinear">ut</add> in extenta </item>
                            <item><lb/> summa : V meyteria IIII cupe frumenti — vendantur ut
                                infra</item>
                        </list></p>
                </div>
                <div xml:id="siligo">
                    <head>siligo</head>
                    <p><lb/> idem reddit computum <list>
                            <item> de exitu molendini de <foreign>Marceseis</foreign> et molendini
                                empti a Guidone <foreign>d’Espinous</foreign><lb/> et coponagii
                                Pontis Vallium et Sancti Benigni non computat rationibus quibus
                                supra in frumento </item>
                            <item> de X meyteriis <lb/> receptis de hominibus de vico de Albigniaco
                                de redditu per annum ut in extenta </item>
                            <item> de IIII meyteriis receptis <lb/> in villa Sancti Benigni de
                                prepositura per annum </item>
                            <item> de XXVII meyteriis receptis apud Boscum de prepositura et <lb/>
                                        chacipolleria<note><hi rend="italics"
                                        >cha<lb/>cipolleria</hi>. Le mot est raturé parce que l’on
                                    avait sauté la seconde syllabe en passant à la ligne.</note> ut
                                in particulis in extenta per annum </item>
                            <item> de IIII meyteriis receptis de Guillermo Belevro pro manso
                                    <lb/><foreign>as Chapotaz</foreign> de redditu per annum </item>
                            <item> de IX cupis receptis de bonis dicti <foreign>Poysat</foreign>
                                videlicet de Guillermeta relicta <lb/> Stephani de
                                    <foreign>Chat</foreign> de redditu per annum ut in extenta </item>
                            <item> de VI meyteriis IIII cupis et quatuor partibus unius cuppe
                                receptis <lb/> de redditu Guidonis <foreign>d’Espinouz</foreign>
                                redacto ad manum domini pro eo quod emendavit dominus pro dicto
                                Guidone erga Iudeos<note type="césure"><hi rend="italics"
                                        >Iude<lb/>os</hi></note><lb/> Pontis Vallium ut in
                                particulis in extenta </item>
                            <item><lb/> summa : LIII meiteria I cupa et quatuor partes unius cupe
                                siliginis — vendantur ut infra</item>
                        </list></p>
                </div>
                <div xml:id="avena">
                    <head>avena</head>
                    <p><lb/> idem reddit computum <list>
                            <item> de XV meyteriis avene receptis de hominibus celerarii de
                                Trenorchio in parrochia de Salmoyaco <lb/> de garda perpetua per
                                annum </item>
                            <item> de XI meyteriis receptis de quibusdam<note> On avait d’abord
                                    écrit <hi rend="italics">quibus</hi>, et la dernière syllabe a
                                    été ajoutée dans l’interligne supérieur. </note> hominibus dicte
                                castellanie de garda ut in particulis in <lb/> extenta </item>
                            <item> de uno meyterio quod debebat Guido de <foreign>Jayfi</foreign> de
                                parrochia de <foreign>Chavanes</foreign> non computat quia exivit
                                <lb/> gardam et propter eius inopiam non potuit recuperare ut dicit </item>
                            <item> de II meyteriis receptis de terragio mansi <lb/> Hugonis de
                                    <foreign>Fromentauz</foreign> quod excoluit Stephanus
                                    <foreign>Masuers</foreign> hoc anno </item>
                            <item> de III cupis receptis de redditu Guidonis
                                    <lb/><foreign>d’Espinouz</foreign> redacto<note> La terminaison
                                    est raturée.</note> ad manum domini ut supra </item>
                            <item> de II meyteriis receptis de bonis dicti <foreign>Poysat</foreign>
                                de redditu per annum ut <lb/> in extenta<foreign> </foreign></item>
                            <item> summa : XXX meyteria III cupe avene </item>
                            <item> de quibus <del>idem libravit</del><lb/> idem libravit in expensis
                                equorum domini comitis per manum Hugonis de Voyrone per litteram
                                ipsius domini comitis <lb/> datam in vigilia <sic>appostolorum</sic>
                                Symonis et Iude anno nonagesimo tertio : XII meyteria IIII cupas </item>
                            <item> et sic debet XVII meyteria VII cupas — vendantur ut infra<note>
                                    Cette phrase, écrite d’une autre encre, à tout le moins, paraît
                                    avoir remplacé une première rédaction effacée.</note></item>
                        </list></p>
                </div>
                <div xml:id="panes">
                    <head>[panes]</head>
                    <p><list>
                            <item><lb/> de panibus computavit superius in frumento</item>
                        </list></p>
                </div>
                <div xml:id="cera">
                    <head>cera</head>
                    <p><list>
                            <item><lb/> idem reddit computum de XXIIII libris cere receptis de garda
                                ut in extenta hoc anno, deductis tribus libris <lb/> quas debebant
                                Bernardus <foreign>Alotes</foreign> qui mortuus est et Martinus
                                    <foreign>Bordellins</foreign> et Guillermus Roigniari <lb/> qui
                                exiverunt terram nec invenientur </item>
                            <item> summa : XXIIII libre cere — et remanent <add resp="autreMain "
                                    place="endOfLine">librantur <lb/> ut infra</add></item>
                        </list></p>
                </div>
                <div xml:id="galline">
                    <head><sic>galine</sic></head>
                    <p><list>
                            <item><lb/> idem reddit computum de VI<hi rend="sup">XX</hi> XVI
                                    <sic>gelinis</sic> receptis apud Boscum, apud vicum Albigniaci,
                                apud Sanctum <lb/> Benignum de consuetudine <add place="interlinear"
                                    >ut</add> in extenta </item>
                            <item> de III pullis receptis de bonis <foreign>Poysaz</foreign> ut in
                                extenta </item>
                            <item> de <lb/> XI galinis receptis de redditu Guidonis
                                    <foreign>d’Espinouz</foreign> ut in extenta </item>
                            <item><lb/> summa : VII<hi rend="sup">XX</hi> VII galline et III pulli —
                                vendantur ut infra</item>
                        </list></p>
                </div>
                <div xml:id="carrelli">
                    <head>carelli</head>
                    <p><lb/> idem reddit cumputum <list>
                            <item> de C ferris carrellorum ad unum pedem de redditu <add
                                    place="interlinear">de relicta Martini de Furno</add> pro
                                porteria porte Pontis <lb/> Vallium a parte Cusiriaci </item>
                            <item> de C ferris carrellorum ad unum pedem receptis de Hugone fabro
                                pro <lb/> redditu porterie a parte <sic>Baugeaci</sic></item>
                            <item> summa : II<hi rend="sup">C</hi> carrelli — et remanent</item>
                        </list></p>
                </div>
                <div xml:id="fenum">
                    <head>fenum</head>
                    <p><list>
                            <item><lb/> de exitu prati de <foreign>Planateus<note> On avait d’abord,
                                        semble-t-il, écrit <hi rend="italics">Planateuz</hi>, et le
                                        mot est raturé.</note></foreign> nichil quia <add
                                    place="interlinear">perditum</add> fuit propter inundationes
                                aquarum ut dicit </item>
                            <item> de feno prati <lb/> mansi <foreign>Charvet</foreign> non computat
                                quia albergatum est et respondet apud Baugiacum<note> On a effacé
                                    les deux lignes suivantes, qui commençaient sans doute par la
                                    rubrique <hi rend="italics">iterum fenum</hi>.</note></item>
                        </list></p>
                </div>
                <div xml:id="denarii">
                    <head>denarii</head>
                    <p><lb/> idem reddit computum <list>
                            <item> de XXVII solidis III denariis parisiensium receptis de redditu in
                                dicta castellania per annum </item>
                            <item> de quinque <lb/> solidis receptis de Stephano
                                    <foreign>Masuer</foreign> pro manso Hugonis de
                                    <foreign>Fromentauz</foreign> de redditu hoc anno </item>
                            <item><lb/> de IIII solidis VI denariis receptis de tribus banchiis
                                macelli de redditu per annum et dantur pro qualibet banca <lb/>
                                decem octo denarii </item>
                            <item> de porcis ocisis in macello de quorum quolibet capitur obolus non
                                computat quia <lb/> ascensatum est cum leda </item>
                            <item> de VI denariis receptis de <foreign>La Devina</foreign> de
                                Albigniaco de redditu quem de novo <lb/> donavit domino super quadam
                                pecia terre </item>
                            <item> de VII libris VII solidis VII denariis receptis de tesis in villa
                                Pontis <lb/> Vallium que levantur in octabis pasche<note> Le
                                    dimanche 5 avril 1293.</note></item>
                            <item> de VIII solidis VIII denariis receptis de firma forestagii et
                                dominii <lb/> et riparie de <foreign>Marcesins</foreign> finita in
                                pasca de anno nonagesimo quarto et levatur forestagium <lb/> in
                                nativitate domini </item>
                            <item> de<note> Il y a ici un changement d’écriture assez net : les
                                    caractères seront dorénavant de moindre taille mais mieux
                                    formés.</note> XV solidis receptis de exitu furni Pontis Vallium
                                a prima die maii anno nonagesimo tertio usque ad festum beati
                                Iohannis <lb/> baptiste sequens </item>
                            <item> de III solidis receptis de exitu furneagii<note> On avait d’abord
                                    écrit <hi rend="italics">furni</hi>, et le mot est
                                    raturé.</note> hominum existentium extra portam Pontis Vallium a
                                parte Baugiaci a prima die martii <lb/> anno nonagesimo secundo
                                usque ad festum beati Iohannis sequens anno nonagesimo tertio </item>
                            <item> de IX libris receptis de firma furni Pontis Vallium <lb/> et
                                furni extra villam a parte Baugiaci finienda in festo beati Iohannis
                                baptiste anno nonagesimo quarto </item>
                            <item> de XX solidis receptis de medietate firme <lb/> furni hominum
                                existentium extra portam Pontis Vallium a parte Cusiriaci finita in
                                festo beati Luce evvangeliste anno nonagesimo tertio et de alia
                                <lb/> medietate computavit castellanus precedens </item>
                            <item> de VI solidis receptis de exitu dicti furni a dicto festo beati
                                Luce usque ad nativitatem Domini sequentem <lb/> quo tempore non
                                fuit accensatum </item>
                            <item> de XXV solidis receptis de medietate <del rend="overstrike"
                                    >dicti</del> firme<note> On avait d’abord écrit <hi
                                        rend="italics">furni</hi> et le mot est raturé.</note> dicti
                                furni finiende in festo nativitatis Domini anno <lb/>
                                    nonagesimo<note type="césure"><hi rend="italics"
                                        >nona<lb/>gesimo</hi></note> quarto et tunc Stephaninus
                                    <foreign>Joantet</foreign> qui tenet dictum furnum debebit
                                tantumdem </item>
                            <item> de XII libris VI solidis VIII denariis receptis de firma <lb/>
                                    minuti<note type="césure"><hi rend="italics"
                                    >mi<lb/>nuti</hi></note> pedagii leyde coponagii et nundinarum
                                Baugiaci cridagii exeguagii porcorum ocisorum in macello nundinarum
                                Sancti Benigni <lb/> finiende decima quinta die mensis maii anno
                                nonagesimo quarto </item>
                            <item><del rend="overstrike">de XL […]<note> Le mot a été effacé et est
                                        maintenant illisible.</note></del></item>
                            <item> de pedagio Iudeorum quod domina comitissa accensavit <lb/> Iudeis
                                quinquaginta solidos viennensium et eos habuit pro anno finiendo in
                                festo omnium sanctorum anno nonagesimo quarto non computat </item>
                            <item><lb/> de pontanagio quod levatur in incremento aquarum ad portam
                                deversus Baugiacum non computat quia poni debet ut dicit in <lb/>
                                itinere elevando a dicta porta usque ad pontem </item>
                            <item> de XVIII libris receptis de tallia in hominibus de Bosco<note>On
                                    a écrit <hi rend="italics">debosco</hi>.</note> videlicet in
                                festo beati Bartholomei et <lb/> in festo beati Andree </item>
                            <item> de IIII libris receptis <add place="interlinear">de talliis</add>
                                apud Sanctum Benignum in dictis festis hoc anno </item>
                            <item> de censa Iudeorum et corsinorum <del rend="overstrike"
                                    >nichil</del> non <lb/> computat quia solverunt Perrino Ysnardi
                                    <add place="interlinear">et domino</add> de mandato
                                domini</item>
                        </list></p>
                </div>
                <div xml:id="garde">
                    <head>garde</head>
                    <p><list>
                            <item><lb/> de V solidis VIII denariis receptis de gardis ut in
                                particulis in extenta </item>
                            <item><lb/> de XIX solidis IIII denariis receptis de redditu dicti
                                    <foreign>Poysat</foreign> ut in extenta </item>
                            <item> de IIII libris XI solidis IIII denariis picta receptis de redditu
                                Guidonis <foreign>d’Espinous</foreign> reducto<note type="césure"
                                        ><hi rend="italics">reduc<lb/>to</hi></note><lb/> ad manum
                                domini ut supra et in particulis in extenta </item>
                            <item> summa : LXII lb. V s. VI d. pict. <del rend="overstrike">vi</del>
                                par.</item>
                        </list></p>
                </div>
                <div xml:id="introgia_et_inventa">
                    <head>[intragia et inventa]</head>
                    <p><list>
                            <item><lb/> de intragiis et inventis non computat quia nichil
                                habuit</item>
                        </list></p>
                </div>
                <div xml:id="nemus_fossatorum">
                    <head>[nemus fossatorum] </head>
                    <p><list>
                            <item><lb/> idem reddit computum de XXVI solidis VIII denariis
                                parisiensium receptis de nemore fossatorum ville Pontis Vallium <del
                                    rend="overstrike">ven</del> scisso et vendito pro tanto </item>
                            <item><lb/> summa : XXVI s. VIII d. par.</item>
                        </list></p>
                </div>
                <div xml:id="laudes_vende">
                    <head>laudes vende</head>
                    <p><lb/> idem reddit computum <list>
                            <item> de VI denariis parisiensium receptis de Iohanne
                                    <foreign>Mignet</foreign> pro laudibus cuiusdam curtilis empti
                                de Carrellis de Albigniaco pretio trium <lb/> solidorum </item>
                            <item> de LIII solidis IIII denariis receptis de Pontio de
                                    <foreign>Marignia</foreign> pro laudibus rerum emptarum de
                                domina Biatrice filia quondam domini Pontii <lb/> de
                                    <foreign>Monruyn</foreign></item>
                            <item> de VII solidis IIII denariis receptis de Guillermeto
                                    <foreign>Logier</foreign> et Guillermeto
                                    <foreign>Cusel</foreign> pro medietate laudis<note> Plutôt que
                                        <hi rend="italics">laudum</hi>, car on trouve trois lignes
                                    plus bas <hi rend="italics">medietate laudis</hi> écrit en
                                    toutes lettres.</note> sexte partis mansi
                                    <foreign>as</foreign><lb/><foreign>Chenteys</foreign> empte de
                                Rolino de <foreign>Basinens</foreign> et eius uxore pretio septem
                                librarum et septem solidorum viennensium </item>
                            <item><del rend="overstrike ">de X solidis receptis de a domino
                                    Petro</del></item>
                            <item><lb/> de X solidis receptis a domino Petro de Monte pro laudibus
                                medietatis domus empte de Guidone <foreign>Poillat</foreign> pretio
                                centum solidorum viennensium </item>
                            <item><lb/> de XX solidis receptis de <foreign>Corteys Lo
                                    Bevro</foreign> pro laudibus pecie terre empte de Iohanne de
                                Fayola </item>
                            <item> de III solidis receptis de Poncio <foreign>Tallifer</foreign> de
                                <lb/> Bosco pro medietate laudis <del rend="overstrike">pecie
                                    terre</del> duarum peciarum terre <sic>empte</sic> de Iohanneta
                                    <foreign>La Breta</foreign><note> On a écrit <hi rend="italics"
                                        >labreta</hi>.</note> et eius filio pretio triginta sex
                                solidorum</item>
                            <milestone n="3" unit="vue"/>
                            <pb n="2"/>
                            <item><lb/> de VII solidis receptis de Renoudo de Curia pro medietate
                                laudis rerum emptarum de Iohanneta <foreign>La
                                    Pereri</foreign><note> On a écrit <hi rend="italics"
                                        >lapereri</hi>.</note> de Bosco et Gautero fratre suo <add
                                    place="interlinear ">de Bosco</add> et aliam <lb/> medietatem
                                capit prior de Leysia </item>
                            <item> de X denariis receptis de Hugone <foreign>Ribout</foreign> pro
                                medietate laudis pecie terre empte de Benedicta<note> On paraît
                                    avoir d’abord écrit <hi rend="italics">Benedicti</hi>, et le mot
                                    est raturé.</note> de Bosco </item>
                            <item> de XII denariis <lb/> receptis de Bernardo de Quercu pro
                                medietate laudis terre empte de Ogereto Grassi </item>
                            <item> de V denariis receptis de Iohanne <foreign>Pesterel</foreign> pro
                                medietate laudis terre empte <lb/> ab Aymoneto
                                    <foreign>Doubeys</foreign></item>
                            <item> de III denariis receptis de Iohanne <foreign>Picart</foreign> pro
                                medietate laudis terre empte a dicta Benedicta </item>
                            <item> de XVI denariis receptis de Stephano <foreign>Rebout<note> On
                                        semble avoir hésité entre <hi rend="italics">Rabout</hi> et
                                            <hi rend="italics">Rebout</hi>, car le mot paraît
                                        raturé. Deux lignes plus bas, on lit <hi rend="italics"
                                            >Rubout</hi>.</note></foreign><lb/> pro medietate
                                    terre<note> Il faut suppléer <hi rend="italics">laudis : de
                                        medietate laudis terre</hi>.</note> empte de Guidone de
                                    <foreign>Verney</foreign></item>
                            <item> de III denariis receptis de Renaudo de Curia pro laudibus </item>
                            <item> de XXI denariis receptis de Iohanne de Quercu pro eodem </item>
                            <item><lb/> de XVIII denariis obolo receptis de Bernardo
                                    <foreign>Tallifer</foreign> pro eodem </item>
                            <item> de <add place="interlinear">IX <foreign>(biffé)</foreign>
                                    VI</add> denariis receptis de Hugonino <foreign>Rubout</foreign>
                                pro eodem </item>
                            <item> de X denariis receptis de Guillermo de Curia </item>
                            <item><lb/> de VIII denariis receptis de Hugone
                                <foreign>Jacob</foreign></item>
                            <item> de XII denariis receptis de Stephano filio Humberti <foreign>Lo
                                    Colonban</foreign> pro eodem </item>
                            <item> de XVIII denariis receptis de Hugone <foreign>del
                                Chano</foreign></item>
                            <item><lb/> de VI denariis receptis de Iohanne
                                    <foreign>Pesterel</foreign></item>
                            <item> de VIII denariis receptis de Hugone <foreign>del
                                Chano</foreign></item>
                            <item> de III denariis obolo receptis de Guillermo Ogerii </item>
                            <item> de VII denariis receptis <lb/> de Guillermo filio quondam
                                    <foreign>Petit Juliant</foreign></item>
                            <item> de V denariis receptis de Ponceto
                                <foreign>Tallifer</foreign></item>
                            <item> de V denariis receptis de Iohanne <foreign>del
                                Chano</foreign></item>
                            <item> de X solidis receptis de Renaudo <lb/><foreign>Lo
                                    Gaynier</foreign> pro eodem </item>
                            <item> de XX solidis receptis de domino Durando de Baugiaco presbitero
                                pro eodem </item>
                            <item> de X denariis receptis de Stephano <foreign>Lo Blondam<note> On
                                        avait d’abord écrit <hi rend="italics">Blondan</hi>, et le
                                        mot est raturé.</note></foreign></item>
                            <item> de X denariis receptis de Stephano
                                <lb/><foreign>Bonet</foreign></item>
                            <item> summa : VII lb. VII s. VII d. par.</item>
                        </list></p>
                </div>
                <div xml:id="banna">
                    <head>banna</head>
                    <p><lb/> idem reddit computum <list>
                            <item> de CVI solidis VIII denariis parisiensium receptis de Stephano
                                Corbeti de compositione facta cum eo de eo quod Jacquemetus frater
                                Guigoneti <lb/> eum accusabat de furto </item>
                            <item> de XIII solidis IIII denariis receptis de Guioneto
                                    <foreign>Colet</foreign> pro eo quod accusabatur furtive
                                recessisse pedagio non soluto </item>
                            <item><lb/> de XVI solidis VIII denariis receptis de Bernardo
                                    <foreign>Baruz</foreign> pro banno spoliationis </item>
                            <item> de XIII solidis IIII denariis receptis de Stephano
                                    <foreign>Bolein</foreign> pro banno spoliationis </item>
                            <item><lb/> de XX solidis receptis ab eodem Stephano pro eo quod
                                accusabatur fuisse consentiens furandi pisces in stangno Iohannis
                                Berthoudi </item>
                            <item> de X solidis receptis <lb/> de <foreign>Marcuyn</foreign> pro eo
                                quod vadiaverat Guichardum de Ponte auctoritate propria </item>
                            <item> de VI solidis VIII denariis receptis de Rupho
                                    <foreign>Tallifer</foreign> pro eo quod abstulerat <lb/>
                                Philiberto parvum nemoris </item>
                            <item> de VI solidis VIII denariis receptis de Iohanneto et Guillermeto
                                de <foreign>Monruyn</foreign> pro eo quod accusabantur<note> On
                                    avait écrit <hi rend="italics">accusanbantur</hi>, mais le
                                    premier n a été cancellé par exponctuation.</note> percusisse
                                matrem suam </item>
                            <item><lb/> de VI solidis VIII denariis receptis <foreign>del Conto del
                                    Truchal</foreign> quia fregerat malitiose quamdam<note> Noter
                                    l’alternance entre le n et le m : ici <hi rend="italics">quamdam
                                        sepem</hi>, deux lignes plus bas <hi rend="italics">quendam
                                        agnum</hi>.</note> sepem </item>
                            <item><del rend="overstrike">de XX</del></item>
                            <item> de XIII solidis IIII denariis receptis de Iogueto de
                                        <foreign>Gorrevout<note type="césure"><hi rend="italics"
                                            >gorre<lb/>vout</hi></note></foreign><lb/> pro eo quod
                                filius suus ceperat roncinum curati de <foreign>Gorrevout</foreign>
                                sine licentia sua </item>
                            <item> de LX solidis receptis de Guillermo <foreign>Lo Folcon</foreign>
                                quia <lb/> accusatus<note type="césure"><hi rend="italics"
                                        >accu<lb/>satus</hi></note> fuit signasse quendam agnum non
                                suum </item>
                            <item> de VI solidis VIII denariis receptis de Stephano
                                    <foreign>Corbet</foreign> pro eo quod vocavit <foreign>Lo
                                    Vizo</foreign> latronem </item>
                            <item> de XX solidis receptis <lb/> de <foreign>La Poudrousa</foreign>
                                de <foreign>Salmoya</foreign> pro eo quod accusabatur de furto </item>
                            <item> de XL solidis receptis de filio Hugonis
                                    <foreign>Montaner</foreign> quia accusatus fuit de furto </item>
                            <item><lb/> de XIII solidis IIII denariis receptis de Peroneto
                                    <foreign>Lo Berthout</foreign> de Sancto Albano quia auctoritate
                                propria ceperat fenum Guidonis de Furno </item>
                            <item> de VI solidis VIII denariis receptis <lb/> de Philiberto de Bosco
                                pro sallicibus scissis </item>
                            <item> de VI solidis VIII denariis receptis de <foreign>Amis</foreign>
                                Iudeo pro eo quod filius suus percusserat unum infantem </item>
                            <item><lb/> de LIII solidis IIII denariis receptis de clamis per dictum
                                tempus de quibus non reddidit particulas quia dicebat eas dimisisse
                                per oblivionem : iniunctum est sibi quod <lb/> in alio computo
                                reddat particulas et secundum plus vel minus eidem computentur </item>
                            <item> summa : XXI lb. par. — in quibus castellanus percipit duodecim
                                denarios in libra </item>
                            <item> et remanent domino comite XIX libre XIX solidi
                                parisiensium</item>
                        </list></p>
                </div>
                <div xml:id="venditiones">
                    <head>venditiones</head>
                    <p><lb/> idem reddit computum <list>
                            <item> de XLII solidis X denariis parisiensium receptis de quinque
                                meiteriis quatuor cupis frumenti venditis ut supra quolibet septem
                                solidis sex denariis parisiensium </item>
                            <item><lb/> de XIIII libris II solidis VIII denariis receptis de
                                quinquaginta tribus meiteriis una cupa quatuor partibus unius cupe
                                siliginis venditis ut supra quolibet meyterio <lb/> quinque solidis
                                quatuor denariis parisiensium </item>
                            <item> de XXXVII solidis receptis de septies viginti septem gallinis
                                tribus pullis venditis ut supra qualibet gallina vendita <lb/> tres
                                denariis parisiensium </item>
                            <item> summa : XVIII lb. II s. VI d. par. </item>
                            <item> quibus aduntur IIII libre parisiensium recepte <lb/> de decem
                                septem meiteriis septem cupis avene venditis ut supra </item>
                            <item> sic est summa : XXII lb. II s. VI d. par. </item>
                        </list></p>
                </div>
                <div xml:id="bilan_recepte">
                    <p><list>
                            <item><lb/> summa <sic>tottalis</sic> recepte : C XIII lb. XV d. pict.
                                par. — valent ad <lb/> viennenses uno parisiensi computato pro
                                tribus obolis viennensium : VIII<hi rend="sup">XX</hi> IX lb. XI s.
                                X d. ob. vien. </item>
                        </list></p>
                </div>
            </div>
            <div xml:id="expense_et_librate">
                <p><list>
                        <item> de quibus <lb/> idem libravit Molario de Geleria castellano Sancti
                            Andree castri pro operibus faciendis per litteram domini comitis de
                            mandato datam die <lb/> lune post assunptionem beate Marie anno
                            nonagesimo tertio et litteram ipsius de recepta : XX libras viennensium </item>
                        <item><lb/> idem libravit domino Iohanni Floridi ad faciendum stangnum de
                            Albigniaco per litteram eius de recepta datam die mercurii ante <lb/>
                            ramos palmarum anno Domini nonagesimo tertio : XI libras V solidos </item>
                        <item><lb/> item eidem domino Iohanni Floridi per litteram eius de recepta
                            datam die mercurii post pascham anno nonagesimo quarto : C I solidos
                            viennensium </item>
                        <item><lb/> item libravit Durando de Fago facienti extentam Pontis Vallium
                            per litteram eius datam die iovis post carniprivium anno nonagesimo
                            tertio : XXX solidos </item>
                        <item><lb/> item libravit sibi que sibi debebantur de remanentia computi sui
                            Dentheysiaci finiti die veneris post festum sancti Petri ad vincula anno
                            nonagesimo primo : XV libras V solidos XI denarios </item>
                        <item><lb/> item libravit quinque hominibus removentibus fenum vetus domini
                            comitis : II solidos VI denarios </item>
                        <item><lb/> item pro domo domini comitis qua moratur castellanus
                                <sic>recohoperienda</sic> : IX solidos </item>
                        <item><lb/> item in expensis dicti castellani euntis pro domino comite ad
                            ducem Burgundie versus Rouro edomada ante festum omnium sanctorum : XII
                            solidos </item>
                        <item><lb/> item cuidam nuntio misso ad Stephanum Sterleti de mandato domini
                            Iohannis Floridi : XII denarios viennensium </item>
                        <item><lb/> item pro sepe facienda ante calciatam stanni de Albigniaco et
                            fagotis ibi ponendis et sepe facta in dechargitorio videlicet <sic>pro
                                <lb/> pro</sic> stipendiis quinquaginta septem hominum scindentium
                            boscum et facientium sepem et pane dato boveriis de corvata : XXXIX
                            solidos IX denarios </item>
                        <item><lb/> item libravit in expensis Humberti de Cabannis et quatuor
                            falconum et unius girfaudi quos custodivit dictus Humbertus apud Pontem
                            Vallium <lb/> a prima die maii anno nonagesimo tertio usque ad festum
                            apostolorum Symonis et Iude sequens videlicet pro novies viginti una
                            <lb/> diebus per litteram domini de mandato et litteram dicti Humberti
                            de testimonio : XVIII libras II solidos </item>
                        <item><lb/> item libravit sibi ipsi pro custo et <unclear>g[rav]a</unclear>
                            centum librarum viennensium <sic>receptas</sic><note> On attendrait <hi
                                    rend="italics">receptarum</hi>.</note> mutuo per dictum
                            castellanum de mandato domini et fuerunt solute <lb/> mistrali Viennensi
                            et postmodum eas solvit <del rend="overstrike">dominus</del> Guillermus
                                <foreign>Juvin</foreign> dicto castellano videlicet pro custo trium
                            mensium : VI libras </item>
                        <item><lb/> item libravit aucupi de Ponte Vallium in tribus meiteriis
                            siliginis de mandato domini comitis : XXIIII solidos </item>
                        <item><lb/> item libravit sibi ipsi pro salario suo de uno anno et septem
                            diebus ut supra per litteram domini comitis ad rationem quindecim
                            librarum de salario <lb/> per annum pro dicta castellania tenenda : XV
                            libras VI solidos </item>
                        <item><lb/> summa librate : IIII<hi rend="sup">XX</hi> XVI lb. XVIII s. II
                            d. vien.</item>
                    </list></p>
            </div>
            <div xml:id="bilan">
                <p><list>
                        <item><lb/> et sic debet dictus castellanus LXXII libras XIII solidos VIII
                            denarios obolum viennensium </item>
                        <item> de quibus<note> La fin du compte des dépenses paraît postérieure au
                                terme de l’exercice, puisqu’on y mentionne des lettres datant de
                                l’été 1294. Elle est d’aileurs écrite d’une autre main, qui emploie
                                par exemple <hi rend="italics">nonogesimo</hi> pour <hi
                                    rend="italics">nonagesimo</hi> et utilise une encre désormais
                                plus brune que noire.</note><lb/> idem libravit domino comite per
                            manum Benedicti Aillaudi per litteras domini de recepta datas apud
                            Sanctum Georgium die <lb/> lune in crastino festi beatorum Iacobi et
                            Christophori anno <sic>nonogesimo</sic> quarto quas reddit : XXII libras
                            viennensium </item>
                        <item><lb/> idem libravit domino Iohanni Floridi capellano domini pro
                            secunda solutione facta Guillermo comiti Altisiodorensi per litteras
                            dicti <lb/> domini Iohannis de recepta datas apud Baugiacum anno
                            nonogesimo quarto quas reddit : L libras viennensium </item>
                        <item><lb/> et sic debet XIII solidos VIII denarios obolum viennensium de
                            quibus respondet in computo suo Sancti Iohannis de Borna </item>
                        <item><lb/> iniunctum est castellano<note> Retour de l’encre noire et
                                probablement de la main initiale.</note> quod non tradat aliquid
                            alicui sine littera domini comitis et si fecerit non allocabitur sibi
                            <lb/> et qui allocaverit a servitio domini comitis deponatur </item>
                        <item><lb/> sciendum<note> Cette note a été rédigée par une troisième (ou
                                quatrième) main, bien distincte de la deuxième, alors qu’elle
                                utilise la même encre brunâtre.</note> quod viginti quatuor libras
                            cere quas remanet debens ut supra libravit domino Rodulpho de Muxiaco
                            militi pro expensis <lb/> hospitii domini comitis per litteras domini de
                            mandato et per litteras dicti militis de recepta datas octava die mensis
                            junii anno <lb/> nonogesimo quarto quas reddit </item>
                        <item><lb/> memorandum<note> Nouveau retour de l’encre noire et de
                                l’écriture initiale.</note> quod per computum de
                                <foreign>Chivroux</foreign> reperitur quod Guigonetus <add
                                place="interlinear">de Sancto Germano</add> debet domino LIX libras
                            cere et XXIII carratas dimidiam feni : <lb/> dicit tamen quod fenum
                            remansit apud Pontem Vallium et de ipso feno fuerunt librati ut patet
                            per litteram domini IIII<hi rend="sup">XX</hi> III equi <lb/> domini
                            comitis </item>
                        <item><lb/> item debet dictus Guigonetus sicut continetur in computo Pontis
                            Vallium VIII<hi rend="sup">C</hi> ferros carrellorum </item>
                        <item><lb/> item debet respondere pro anno de redditu Guidonis
                                <foreign>d’Espinous</foreign> et Iohannis
                            <foreign>Poisat</foreign></item>
                        <item><lb/> item<note> L’écriture change à nouveau, devenant plus fine, mais
                                il pourrait s’agir de la même personne utilisant une plume
                                neuve.</note> dictus Guigonetus non computavit de XXXIIII libris
                            viennensium quas habuit de venditione nemoris de Laya de domino Hugone
                                <lb/><foreign>Pelatier</foreign> et Ogereto Grassi prout dictum est
                            domino comiti quod ipsi dicunt</item>
                    </list></p>
            </div>
        </body>
    </text>
</TEI>
