<?xml version="1.0" encoding="UTF-8"?>
<?xml-model href="http://www.tei-c.org/release/xml/tei/custom/schema/relaxng/tei_all.rng" schematypens="http://relaxng.org/ns/structure/1.0"?>
<TEI xmlns:math="http://www.w3.org/1998/Math/MathML" xmlns="http://www.tei-c.org/ns/1.0"
  xmlns:xi="http://www.w3.org/2001/XInclude" xmlns:svg="http://www.w3.org/2000/svg" xml:id="B9154_8">
  <teiHeader>
    <fileDesc>
      <titleStmt>
        <title>Compte d'Aynard de Bardonnèche (dominus Aynardus de Bardonesca), châtelain de
          Pont-de-Vaux et juge de la terre de Bagé tenant la maison de Chevroux (tenens domum de
          Chivrous), pour la châtellenie de Pont-de-Vaux, du samedi 22 février 1287 (nouveau style)
          au mardi 24 juin 1287 <date type="debut" from-iso="12870222" cert="high"/><date type="fin"
            from-iso="12870624" cert="high"/></title>
        <respStmt>
          <persName><name xml:lang="fra">Aynard de Bardonnèche</name><name xml:lang="lat">Aynardus
              de Bardonesca</name><roleName>châtelain de Pont-de-Vaux et juge de la terre de Bâgé
              tenant la maison de Chevroux</roleName></persName>
          <resp>Châtelain</resp>
        </respStmt>
      </titleStmt>
      <publicationStmt>
        <p>Alain Kersuzan et Frédéric Chartrain, avec la collaboration de Nils Mantilleri, Jean-Michel Poisson et Marianne Ronot, 
          <title>Compte d'Aynard de Bardonnèche (<hi rend="italics">dominus Aynardus de Bardonesca</hi>), châtelain de
            Pont-de-Vaux et juge de la terre de Bagé tenant la maison de Chevroux, pour la châtellenie de Pont-de-Vaux, du samedi 22 février 1287 (nouveau style)
            au mardi 24 juin 1287</title>,
          Lyon - Chambéry, 2011 (<title>Documents comptables des Etats de Savoie, XIIIe - XVe s.</title>)</p>
      </publicationStmt>
      <seriesStmt>
        <title>Pont-de-Vaux</title>
      </seriesStmt>
      <sourceDesc>
        <p>Information about the source</p>
      </sourceDesc>
    </fileDesc>
  </teiHeader>
  <text>
    <body>
      <milestone n="6" unit="vue"/>
      <pb n="6"/>
      <div xml:id="prologue">
        <p><lb/><note> Ce compte est numéroté <hi rend="italics">VII</hi> en tête.</note> item
          computus dicti domini Aynardi factus de domo de <foreign>Chivrous</foreign> a festa
          cathedre sancti Petri <lb/> anno octogesimo sexto usque <del rend="overstrike">ad quintam
            decimam diem madii eodem anno</del> ad festum beati Iohannis baptiste eodem anno </p>
      </div>
      <div xml:id="recepte">
        <div xml:id="siligo">
          <head>siligo</head>
          <p><lb/><list>
              <item> idem reddit computum <del rend="overstrike">de</del> de CCCC IIII<hi rend="sup"
                  >XX</hi> III meiteriis I cupa dimidia siliginis receptis a se ipso de remanentia
                computi sui precedentis ut patet in ipso </item>
              <item> de quibus <lb/> in venditione ut infra : CCCC XLIII meiteria I cupam dimidiam </item>
              <item> item in <sic>mudatione</sic> sexaginta meiteriorum que aliter vendi non
                poterant : <lb/> II meiteria</item>
              <lb/>
              <item> et sic debet XXXVIII meiteria — et remanent</item>
            </list></p>
        </div>
        <div xml:id="avena">
          <head>avena</head>
          <p><lb/><list>
              <item> idem reddit computum de VII<hi rend="sup">XX</hi> XVI meiteriis IIII cupis
                avene receptis a se ipso de remanentia computi sui precedentis ut patet in ipso </item>
              <item> de quibus <lb/> in venditione ut infra : VI<hi rend="sup">XX</hi> XVI meiteria
                IIII cupas </item>
              <item> et sic debet XX meiteria — et remanent </item>
            </list></p>
        </div>
        <div xml:id="vinum">
          <head>vinum</head>
          <p><lb/><list>
              <item> idem reddit computum de XXIII sestariis dimidio vini receptis a se ipso de
                remanentia computi sui <del rend="overstrike">anni</del> precedentis ut patet in
                ipso — venduntur ut infra </item>
            </list></p>
        </div>
        <div xml:id="denarii">
          <head>denarii</head>
          <p><lb/> idem reddit computum <list>
              <item> de XXXIII solidis IIII denariis parisiensium receptis de medietate firme de
                  <foreign>Lepona</foreign> finite in festo beati Iohannis baptiste anno <lb/>
                octogesimo septimo et de alia medietate computavit in computo precedenti </item>
              <item> de LVI solidis VIII denariis receptis de medietate firme <lb/> patronatus et
                primitiarum Pontis Vallium finite in dicto festo beati Iohannis et de alia medietate
                computavit in computo precedenti </item>
              <lb/>
              <item> de XVI denariis receptis de patronatu Greysiaci videlicet de sepultura a festo
                beati Vincentii usque ad dictum festum beati Iohannis </item>
              <item> de LXVI solidis <lb/> VIII denariis receptis a domino Guichardo de medietate
                firme patronatus Baugiaci finiende in festo beati Michaelis anno octogesimo septimo
                et <lb/> tunc debebit tantumdem </item>
              <item> summa : VII lb. XVIII s. par. </item>
            </list></p>
        </div>
        <div xml:id="laudes_vende">
          <head>laudes vende</head>
          <p><lb/> idem reddit computum <list>
              <item> de XVI solidis parisiensium receptis de Bernardo <foreign>Venorat</foreign> pro
                laudibus unius pecie terre empte ab Andrea de <foreign>Martinesches</foreign></item>
              <item> de IIII solidis receptis <lb/> de Stephano <foreign>Forsan</foreign> pro
                laudibus partis vercherie empte a Petro <foreign>Favel</foreign></item>
              <item><sic>de de</sic> II solidis receptis de Martino <foreign>Daganet</foreign> pro
                laudibus unius plastri <lb/> empti … … …<note> On a laissé en blanc l’emplacement du
                  nom du vendeur.</note></item>
              <item> de X denariis obolo receptis de Guidone Mercerii pro laudibus duorum
                  <foreign>seillons</foreign> terre </item>
              <lb/>
              <item> de XVIII denariis receptis de Guillermo <foreign>Marugler</foreign> pro
                laudibus terre empte </item>
              <item> de VII solidis II denariis receptis de Guillermo <foreign>Marugler</foreign>
                pro laudibus unius pecie prati <lb/> empti a liberis
                <foreign>Moyrondat</foreign></item>
              <item> de X solidis receptis a Petro <foreign>del Bez</foreign> pro laudibus terre
                empte a Berardo <foreign>del Bez</foreign></item>
              <lb/>
              <item> summa : XLI s. VI d. ob. par. </item>
            </list></p>
        </div>
        <div xml:id="venditiones">
          <head>venditiones</head>
          <p><lb/> idem reddit computum <list>
              <item> de LIII libris V solidis parisiensium receptis de quater centum quadraginta
                tribus meiteriis una cupa dimidia siliginis venditis ut supra computatis <lb/>
                viginti uno meiteriis datis de avantagio pro gietis </item>
              <item> de XVII libris VIII solidis parisiensium receptis de sexties viginti sexdecim
                meiteriis <lb/> quatuor cupis avene venditis ut supra computatis <note> On avait
                  commencé à écrire <hi rend="italics">datis</hi>, mais le mot a été effacé.</note>
                sex meiteriis datis de avantagio pro gietis </item>
              <item> de XXXI solidis IIII denariis receptis de vino vendito ut supra </item>
            </list></p>
        </div>
        <div xml:id="palea">
          <head>palea</head>
          <p><lb/><list>
              <item> de XVI solidis VIII denariis receptis de palea vendita hoc anno </item>
              <item> summa : LXXIII lb. XII d. par. </item>
            </list></p>
          <div type="sub">
            <head>arreragium</head>
            <note> Toute la ligne d’une première rédaction a été effacée, peut-être parce que l’on
              avait oublié l’arriéré.</note>
            <p><lb/><list>
                <item> idem reddit computum de LV libris VI solidis IIII denariis obolo parisiensium
                  receptis a se ipso de remanentia computi sui precedentis ut patet in ipso </item>
              </list></p>
          </div>
        </div>
        <div xml:id="bilan_recepte">
          <p><lb/><list>
              <item> summa totius recepte : VI<hi rend="sup">XX</hi> XVIII lb. VI s. XI d. par. —
                valent <lb/> ad viennenses CC VII libras X solidos IIII denarios obolum viennensium
              </item>
            </list></p>
        </div>
      </div>
      <div xml:id="expense_et_librate">
        <p><list>
            <item> de quibus <lb/> ipse libravit abbati et conventui Trenorchii <del
                rend="overstrike">in solutionem</del> in viginti quatuor bichetis frumenti emptis et
              eis solutis de illis triginta <lb/> uno bichetis frumenti que sibi debebantur de
              remanentia masagii de <foreign>Chivrous</foreign>, ut supra in precedenti computo de
                <foreign>Chivrous</foreign><lb/> continetur : XXII libras X solidos VII denarios
              obolum viennensium </item>
            <item> et sic debentur adhuc eisdem septem bicheta frumenti pro presenti anno </item>
            <lb/>
            <item> item libravit Symoneto clerico de Sagiaco de mandato Petri clerici circa
              paschatem ad solvendum munitioni de Sagiaco : <lb/> XII libras X solidos viennensium
                <add place="rightMargin">per <lb/> manum <foreign>Borrelat</foreign></add></item>
            <lb/>
            <item> item domino Guillermo <foreign>de Juys</foreign><hi rend="sup"/>baillivo Baugiaci
              ut per litteram eius datam die mercurii post paschatem anno octogesimo septimo : XXX
              libras </item>
            <lb/>
            <item> item libravit domino comite per manum Andree de Voyrone ut per litteram eius
              datam die veneris post octabas penthecostes anno octogesimo septimo : IX libras X
              solidos I denarium </item>
            <lb/>
            <item> item libravit Petro de Montemeliano clerico ad opus domini comitis, ut per
              confessionem dicti Petri : XVII libras </item>
          </list></p>
        <div xml:id="bilan_expense_et_librate">
          <p><lb/><list>
              <item> summa librate : IIII<hi rend="sup">XX</hi> XI lb. X s. VIII d. obol vien.
              </item>
            </list></p>
        </div>
      </div>
      <div xml:id="bilan">
        <p><lb/><list>
            <item> et sic debet dictus iudex C XV libras XIX solidos VIII denarios viennensium </item>
            <item> de quibus ipse <lb/> libravit Iacobo de Secusia pro debito domine comitisse ut
              per litteram ipsius de debito <del rend="overstrike">de</del> et litteram de mandato
              et confessionem dicti Iacobi : XXX libras viennensium </item>
            <lb/>
            <item> item libravit valleto magistri Iohannis de <foreign>Varey</foreign> qui
              custodierat equum domini comitis pro una roba sibi data a domino comite : L solidos
              <lb/> et sic debet IIII<hi rend="sup">XX</hi> III libras IX solidos VIII denarios
              viennensium — de quibus respondet in computo sequenti</item>
          </list></p>
      </div>
      <div>
        <p><del><add><lb/><list>
                <item> debet computare <lb/> de XL solidis viennensium de <lb/> curato de
                    <foreign>Chivrous</foreign><lb/> pro balistariis</item>
              </list></add></del></p>
        <p><del><add><lb/><list>
                <item> item de C solidis de medietate patronatus <lb/> Baugiaci </item>
                <lb/>
                <item> item de <sic>angullis</sic><note> Lire <hi rend="italics"
                    >anguillis</hi>.</note></item>
              </list></add></del></p>
        <p><del><add><lb/><list>
                <item> memorandum quod dominus Aynardus de Bardonesca non computavit <add
                    place="interlinear">pro anno preterito</add> de XVI solidis parisiensium quos
                  debent de redditu Guionetus <foreign>del Trembley</foreign> et <del
                    rend="overstrike">Pontius</del> liberis <lb/> Pontii <foreign>del
                    Trembey</foreign></item>
                <item> item nec de V solidis <add place="interlinear">parisiensium</add> quos
                    debet<note> On avait d’abord écrit <hi rend="italics">debent</hi>, et le mot est
                    raturé.</note> Hugo de <foreign>Fromentauz</foreign></item>
              </list></add></del></p>
      </div>
    </body>
  </text>
</TEI>
