<?xml version="1.0" encoding="UTF-8"?>
<?oxygen RNGSchema="http://www.tei-c.org/release/xml/tei/custom/schema/relaxng/tei_all.rng" type="xml"?>
<TEI xmlns:math="http://www.w3.org/1998/Math/MathML" xmlns="http://www.tei-c.org/ns/1.0"
    xmlns:xi="http://www.w3.org/2001/XInclude" xmlns:svg="http://www.w3.org/2000/svg"
    xml:id="B9153_2">
    <teiHeader>
        <fileDesc>
            <titleStmt>
                <title>Compte d'Ardouin de La Salle (<hi rend="italics">Arduynus de Sala</hi>),
                    châtelain de Pont-de-Vaux (<hi rend="italics">Pontis Vallium</hi>), du lundi 24
                    juin 1275 au mercredi 24 juin 1276 <date type="debut" from-iso="12750624"
                        cert="high"/><date type="fin" from-iso="12760624" cert="high"/></title>
                <respStmt>
                    <persName><name xml:lang="fra">Ardouin de La Salle</name><name xml:lang="lat"
                            >Arduynus de Sala</name></persName>
                    <resp>Châtelain</resp>
                </respStmt>
            </titleStmt>
            <publicationStmt>
                <p>Alain Kersuzan et Frédéric Chartrain, avec la collaboration de Nils Mantilleri, Jean-Michel Poisson et Marianne Ronot, 
                    <title>Compte d'Ardouin de La Salle (<hi rend="italics">Arduynus de Sala</hi>),
                        châtelain de Pont-de-Vaux, du lundi 24
                        juin 1275 au mercredi 24 juin 1276</title>,
                    Lyon - Chambéry, 2011 (<title>Documents comptables des Etats de Savoie, XIIIe - XVe s.</title>)</p>
            </publicationStmt>
            <seriesStmt>
                <title>Pont-de-Vaux</title>
            </seriesStmt>
            <sourceDesc>
                <p>Information about the source</p>
            </sourceDesc>
        </fileDesc>
    </teiHeader>
    <text>
        <body>
            <div xml:id="prologue">
                <p><lb/> Computus Arduyni de Sala castellani Pontis Vallium a die et festo beati
                    Iohannis baptiste anno <lb/> domini M<hi rend="sup">o</hi> CC<hi rend="sup"
                        >o</hi><supplied reason="support troué">LXXV° usque ad</supplied> idem
                    festum anno sequenti ut supra</p>
            </div>
            <div xml:id="recepte">
                <div xml:id="banna">
                    <head>banna </head>
                    <p><lb/> idem reddit computum <list>
                            <item> de LXV solidis VII denariis parisiensium receptis de bannis per
                                dictum tempus ut per partes, deducta tertia parte quam percipit
                                <lb/> ibi castellanus per conventionem sibi factam ut dicit </item>
                            <item> de LVII solidis receptis de clamis per dictum tempus ut in
                                particulis </item>
                            <item> de VI libris VI solidis I denario <lb/> receptis de laudibus et
                                venditionibus per idem tempus ut in particulis </item>
                            <item> de CV solidis receptis de <del rend="overstrike">bonis suis</del>
                                sex meyteriis frumenti duodecim <lb/> meyteriis siliginis que erant
                                de bonis Guillermi Balli de Ponte Vallium defuncti venditis per
                                castellanum predictum et de quibusdam <lb/> minutis debitis
                                recuperatis ut in papiro iudicis et iniunctum est castellano quod
                                residuum debitorum recuperet si potest </item>
                        </list></p>
                </div>
                <div xml:id="bilan_recepte">
                    <p><lb/>summa recepte : XVII lb. XIII s. VIII d. par.</p>
                </div>
            </div>
            <div xml:id="expense_et_librate">
                <p>de quibus <lb/><list>
                        <item>libravit sibi ipsi pro salario suo per<note> On avait commencé à
                                écrire <hi rend="italics">de</hi>.</note> conventionem factam cum eo
                            per dominum Baugiaci sicut dicit : VI libras XIII solidos IIII denarios
                            <lb/></item>
                        <item> item Petro <supplied reason="support troué">clerico domini</supplied>
                            Amedei ut patet per litteram dicti Petri : XXXIII solidos II denarios
                            obolum </item>
                        <lb/>
                        <item> item eidem <supplied reason="support troué">… … …</supplied> per
                            confessionem suam : VI libras XIII solidos IIII denarios </item>
                        <lb/>
                        <item> item in <supplied reason="support troué">… …</supplied> Petro clerico
                            ad ducendum ad opus domini in cavalcatam versus
                                <foreign>Vilars</foreign> : XL solidos </item>
                    </list></p>
                <p><lb/>summa librate : XVI lb. XIX s. X d. ob. <lb/> et debet dictus castellanus
                    XIII solidos IX denarios obolum parisiensium <lb/> item visio remanentie computi
                    Iohannis Channel supradicti : idem reddit computum <list>
                        <item> de XXXVIII solidis <add place="interlinear">VI denariis</add>
                            viennensium receptis de quinque meyteriis quatuor cupis frumenti
                            venditis ut supra <lb/></item>
                        <item> de XIII libris VI solidis receptis de quinquaginta uno meyteriis
                            siliginis quatuor cupis venditis quolibet sex solidis computatis septem
                            meyteriis tam pro gietis quam <lb/> pro consecatione et crapis dicti
                            bladi </item>
                        <item> de XXIIII solidis receptis de quatuor meyteriis avene venditis de
                            avena supradicta et residuum non potest recuperare ut dicit propter
                            <lb/> paupertatem hominum </item>
                        <lb/>
                        <item> summa : XVI lb. VIII s. VI d. vien. </item>
                        <item> de quibus <lb/> idem <supplied reason="support détruit">libravit …
                                …</supplied> Margarite relicte domini Stephani de Cheintriaco de
                            mandato baillivo de <supplied reason="support détruit">… …
                                …as</supplied> dictus dominus Stephanus <lb/><supplied
                                reason="support détruit">… … … …</supplied><note> La consultation de
                                l’original permettrait peut-être de restituer une partie du texte,
                                car un fragment de la peau déchirée s’est conservé en s’enroulant
                                sur lui-même.</note> ut patet per litteram prepositi
                                <sic>Mastichonensis</sic> : X libras </item>
                        <item> item michi Petro clerico <supplied reason="support détruit">Amedei de
                                Sa</supplied>baudia domini mei : IIII libras X solidos
                                <lb/><supplied reason="support détruit">… … … … …ando</supplied>
                            quando debebat vendi : II solidos VI denarios </item>
                        <lb/>
                        <item> summa : XIIII lb. XII s. VI d. </item>
                        <lb/>
                        <item> sic debet XXXVI solidos viennensium </item>
                        <item> de quibus <lb/><supplied reason="support détruit">… … … …
                                …</supplied><note> La consultation de l’original permettrait
                                peut-être de restituer une partie du texte, car un fragment de la
                                peau déchirée s’est conservé en s’enroulant sur lui-même.</note> de
                            XV solidis pro duobus meyteriis dimidio avene </item>
                        <item> et restant XXI solidi quos solvit in continenti </item>
                    </list> sic <lb/> quietus</p>
            </div>
        </body>
    </text>
</TEI>
