<?xml version="1.0" encoding="UTF-8"?>
<?xml-model href="http://www.tei-c.org/release/xml/tei/custom/schema/relaxng/tei_all.rng" schematypens="http://relaxng.org/ns/structure/1.0"?>
<TEI xmlns:math="http://www.w3.org/1998/Math/MathML" xmlns="http://www.tei-c.org/ns/1.0"
    xmlns:xi="http://www.w3.org/2001/XInclude" xmlns:svg="http://www.w3.org/2000/svg"
    xml:id="B9156_5">
    <teiHeader>
        <fileDesc>
            <titleStmt>
                <title>Notes dorsales du rouleau Dijon, Archives Départementales de la Côte-d'Or, B9156 (châtellenie de Pont-de-Vaux, 1294)
                    <date type="debut"
                        from-iso="12930501" cert="high"/><date type="fin" from-iso="12940508"
                            cert="high"/>
                </title>
                <respStmt>
                    <persName><name xml:lang="fra">Hugonet de Château-Neuf</name><name
                        xml:lang="lat">Hugonetus de Castro Novo</name></persName>
                    <resp>Châtelain</resp>
                </respStmt>
            </titleStmt>
            <publicationStmt>
                <p>Alain Kersuzan et Frédéric Chartrain, avec la collaboration de Nils Mantilleri, Jean-Michel Poisson et Marianne Ronot, 
                    <title>Notes dorsales du rouleau Dijon, Archives Départementales de la Côte-d'Or, B9156 (châtellenie de Pont-de-Vaux, 1294)</title>,
                    Lyon - Chambéry, 2011 (<title>Documents comptables des Etats de Savoie, XIIIe - XVe s.</title>)</p>
            </publicationStmt>
            <seriesStmt>
                <title>Pont-de-Vaux</title>
            </seriesStmt>
            <sourceDesc>
                <p>Information about the source</p>
            </sourceDesc>
        </fileDesc>
    </teiHeader>
    <text>
        <body>
            <milestone n="10" unit="vue"/>
            <pb n="2v"/>
            <p><list>
                    <item><lb/>summa : C IX lb. XV d. pict. par. — valent ad viennenses <lb/>
                            VIII<hi rend="sup">XX</hi> III libras XI solidos X denarios obolum
                        viennensium </item>
                    <item><lb/>summa librate : IIII<hi rend="sup">XX</hi> XVI lb. XVIII s. II d.
                        vien. </item>
                    <item><lb/>et sic debet LXVI libras XIII solidos VIII denarios obolum
                            viennensium<note> Ces trois lignes sont écrites le haut vers le bas du
                            parchemin.</note></item>
                </list></p>
            <p><lb/> Computus Hugonis de Castronovo castellani <lb/> Pontis Vallium factus mense
                maii anno nonagesimo quarto<note> Ce titre se trouve en partie sous la couture des
                    peaux 2 et 3.</note></p>
            <milestone n="10" unit="vue"/>
            <pb n="3v"/>
            <div>
                <p><lb/> idem reddit computum <list>
                        <item> de XXX<hi rend="sup">ta</hi> solidis viennensium receptis ab Amico
                            Iudeo qui adcusabatur pro eo quod <lb/> pater suus fecerat duo paria
                            litterarum de uno debito concordatum per iudicem et procuratorem </item>
                        <item><lb/>item de quadraginta solidis viennensium receptis a Iohanne
                            Palmerii qui accusabatur pro eo quod filius suus <lb/> ceperat furtive
                                quasdam<note> Il manque un nom.</note> ut dicebatur
                                <sic>concordatos</sic> per iudicem et procuratorem </item>
                        <item><lb/>item de XX<hi rend="sup">ti</hi> solidis viennensium receptis a
                            Pariseto de <foreign>Mont Richier</foreign> qui accusabatur pro eo <lb/>
                            quod ipse redimerat<note> Il faut probablement lire <hi rend="italics "
                                    >redimierat</hi>, " il avait ceint " et non <hi rend="italics "
                                    >redimerat</hi>, " il avait racheté ".</note> quemdam chapellum
                            qui non erat suus et quem quedam mulier <lb/> dederat in pignus in
                            taberna apud Sanctum Stephanum super Reyssusa in quibus fuit
                            condempnatus <lb/> per iudicem </item>
                        <item><lb/>item de X solidis viennensium receptis a Peroneto Morelli de
                                <foreign>Avites</foreign> in quibus fuit condempnatus <lb/> per
                            iudicem pro eo quod ipse erat cum curato de <foreign>Gorrevout</foreign>
                            quando fregebat quoddam hostium </item>
                        <item><lb/>item <del rend="overstrike ">a Ste</del> reddit computum de XV
                            solidis viennensium receptis a Stephanino <foreign>Rebot</foreign> qui
                            <lb/> accusabatur<note type="césure"><hi rend="italics "
                                    >accu<lb/>sabatur</hi></note> pro eo quod ipse ducebat bladum
                            apud Matisconem </item>
                        <item><lb/>item de X solidis viennensium receptis a Bernardo Perrini pro eo
                            quod ipse accusatur de furto <lb/> sed non potuit inveniri et in hiis
                            fuit concordatus per iudicem </item>
                        <item><lb/>item de L solidis viennensium receptis a Iohanne Puterii pro
                            quadam discordia mota inter ipsum <lb/> Iohannem et Hugonem Corbeti
                            concordat[um] per iudicem </item>
                        <item><lb/>item de XX<hi rend="sup">ti</hi> solidis receptis ab opilione
                            Iohannis <foreign>Pala</foreign> pro eo quod ipse fecerat sanguinem
                            <lb/> cuidam garcie ut dicebatur</item>
                    </list></p>
            </div>
        </body>
    </text>
</TEI>
