<?xml version="1.0" encoding="UTF-8"?>
<?xml-model href="http://www.tei-c.org/release/xml/tei/custom/schema/relaxng/tei_all.rng" schematypens="http://relaxng.org/ns/structure/1.0"?>
<TEI xmlns:math="http://www.w3.org/1998/Math/MathML" xmlns="http://www.tei-c.org/ns/1.0"
    xmlns:xi="http://www.w3.org/2001/XInclude" xmlns:svg="http://www.w3.org/2000/svg"
    xml:id="B9157_6">
    <teiHeader>
        <fileDesc>
            <titleStmt>
                <title>Notes dorsale du rouleau Dijon, Arhives Départementales de la Côte-d'Or, B9157 
                (châtellenie de Pont-de-Vaux, 1296-1300)
                    <date
                        type="debut" from-iso="12961004" cert="high"/>
                    <date type="fin"
                        from-iso="13000426" cert="high"/></title>
            </titleStmt>
            <publicationStmt>
                <p>Alain Kersuzan et Frédéric Chartrain, avec la collaboration de Nils Mantilleri, Jean-Michel Poisson et Marianne Ronot, 
                    <title>Compte de Guiffrey du Chaney (<hi rend="italics">Guifredus de Chaneto</hi>), châtelain, pour la châtellenie de
                        Pont-de-Vaux,  du mardi 26 avril 1300 au mardi 24 mai 1300 (nouveau style)</title>,
                    Lyon - Chambéry, 2011 (<title>Documents comptables des Etats de Savoie, XIIIe - XVe s.</title>)</p>
            </publicationStmt>
            <seriesStmt>
                <title>Pont-de-Vaux</title>
            </seriesStmt>
            <sourceDesc>
                <p>Information about the source</p>
            </sourceDesc>
        </fileDesc>
    </teiHeader>
    <text>
        <body>
            <milestone n="12" unit="vue"/>
            <pb n="2v"/>
            <div>
                <p><lb/> Computus Guiffredi <foreign>del Chaney</foreign> castellani Pontis Vallium
                    de anno <lb/> nonagesimo sexto</p>
            </div>
            <milestone n="13" unit="vue"/>
            <pb n="8v"/>
            <div>
                <p><lb/> Computus Vifredi castellani Pontis Vallium anno nonagesimo nono <lb/> summa
                    : VIII<hi rend="sup">XX</hi> XIII lb. XIX s. V d. <note> Cette ligne est écrite
                        la tête vers le bas du parchemin.</note></p>
            </div>
        </body>
    </text>
</TEI>
