<?xml version="1.0" encoding="UTF-8"?>
<?xml-model href="http://www.tei-c.org/release/xml/tei/custom/schema/relaxng/tei_all.rng" schematypens="http://relaxng.org/ns/structure/1.0"?>
<TEI xmlns:math="http://www.w3.org/1998/Math/MathML" xmlns="http://www.tei-c.org/ns/1.0"
  xmlns:xi="http://www.w3.org/2001/XInclude" xmlns:svg="http://www.w3.org/2000/svg" xml:id="B9158_1">
  <teiHeader>
    <fileDesc>
      <titleStmt>
        <title>Compte de Geoffroy Guiot, châtelain, pour la châtellenie de Pont-de-Vaux, du samedi
          28 mai 1300 au lundi 14 novembre 1300 <date type="debut" from-iso="13000528" cert="high"
            /><date type="fin" from-iso="13001114" cert="high"/></title>
        <respStmt>
          <persName><name xml:lang="fra">Geoffroy Guiot</name><name xml:lang="lat">Iofredus
              Guiot</name></persName>
          <resp>Châtelain</resp>
        </respStmt>
      </titleStmt>
      <publicationStmt>
        <p>Alain Kersuzan et Frédéric Chartrain, avec la collaboration de Nils Mantilleri, Jean-Michel Poisson et Marianne Ronot, 
          <title>Compte de Geoffroy Guiot (<hi rend="italics">Iofredus
            Guiot</hi>), châtelain, pour la châtellenie de Pont-de-Vaux, du samedi
            28 mai 1300 au lundi 14 novembre 1300</title>,
          Lyon - Chambéry, 2011 (<title>Documents comptables des Etats de Savoie, XIIIe - XVe s.</title>)</p>
      </publicationStmt>
      <seriesStmt>
        <title>Pont-de-Vaux</title>
      </seriesStmt>
      <sourceDesc>
        <p>Information about the source</p>
      </sourceDesc>
    </fileDesc>
  </teiHeader>
  <text>
    <body>
      <milestone n="2" unit="vue"/>
      <pb n="1"/>
      <div xml:id="prologue">
        <p><lb/>Computus Iofredi<note> On écrit <hi rend="italics">Jofredi</hi>.</note> Guiot
          castellani Pontis Vallium a die sabbati <unclear reason="support endommagé"
              ><supplied>post</supplied> fest<supplied>um</supplied></unclear> beati <lb/>
            Urbani<note type="césure"> ur<lb/>bani</note> pape et martyris anno Domini millesimo
          tricentesimo usque ad diem lune post festum beati Martini hyemalis anno eodem receptus
          <lb/> apud Chamberiacum per Guillermum Boni presente domino comite et computat de viginti
          quatuor septimanis una die </p>
      </div>
      <div xml:id="recepte">
        <div xml:id="frumentum">
          <head>frumentum</head>
          <p><lb/> idem reddit computum <list>
              <item> de IIII cupis frumenti receptis apud Albiniacum de tenementariis mansi de
                Chauchalveys ut <lb/> in computo precedenti </item>
              <item> de II meyteriis receptis de manso Hugonis de Fromentauz de redditu per annum </item>
              <item> de II meyteriis II cupis <lb/> receptis de redditu quondam Iohannis Poysat per
                annum </item>
              <item> de IIII cupis receptis de redditu dicti Iohannis pro quatuor panibus per annum </item>
              <lb/>
              <item> de II cupis receptis de redditu eiusdem Iohannis pro prepositura per annum </item>
              <item> de exitu molendini de Marceseys nichil quia aqua fuit ita magna <lb/> quod
                nichil moluit de toto anno isto preterito ut dicit castellanus </item>
              <item> de VI meyteriis II cupis receptis de exitu molendini Pontis <lb/> Vallium a
                tempore quo incepit computare usque ad festum omnium sanctorum anno tricentesimo et
                tunc datum fuit ad firmam <lb/> per unum annum Nicholao Channel et Beneon Iudeo pro
                septuaginta meyteriis bladi tertii frumenti tertii siliginis et tertii avene <lb/>
                solvendis medietatem ad pascha anno tricentesimo primo et aliam medietatem in fine
                anni et ab illo tempore citra debet respondere dominus Guigo <lb/> de Sancto Germano
                castellanus post ipsum <lb/> summa : XII meyteria II cupe frumenti </item>
              <item> de quibus <lb/> libravit domino Guigoni de Sancto Germano militi castellano
                post ipsum per confessionem dicti domini Guigonis presentis : VII meyteria II cupas </item>
              <item> et sic debet V meyteria frumenti — venduntur ut infra</item>
            </list></p>
        </div>
        <div xml:id="siligo">
          <head>siligo</head>
          <p><lb/> idem reddit computum : <list>
              <item>de LIII meyteriis I cupa et quarta parte alterius cupe siliginis receptis in
                dicta castellania de redditu per annum <lb/> ut in computo precedenti </item>
              <item> de XIIII meyteriis III cupis receptis de exitu molendini Pontis Vallium<note>
                  On a écrit de exitu Pontis Vallium molendini, mais on a rétabli l’ordre exact des
                  mots à l’aide d’appels de note.</note> per dictum tempus<note> Le mot est ici
                  abrégé tpc et non tps. En sens inverse, on notera plus bas sis pour sic.
                </note></item>
              <item> de <lb/> exitu molendini de Marceseys nichil per idem tempus quia non moluit ut
                supra in frumento </item>
              <lb/>
              <item> summa : LXVII meyteria IIII cupe et quarta <sic>parte</sic> I cupe siliginis </item>
              <item> de quibus <lb/> libravit Stephano oyselerio Pontis de Vaut de mandato domini
                comitis ut per litteram dicti domini comitis datam apud Sanctum Triverium <lb/> in
                festo nativitatis beate Marie virginis anno tricentesimo et litteram dicti Stephani
                de testimonio et recepta quas reddit : X meyteria siliginis </item>
              <lb/>
              <item> libravit Guillermo dicto La Curla custodi equarum domini pro messe sua et
                salario suo decem <sic>edompmadarum</sic> de mandato Petri clerici de <lb/>
                  Montemeliano<note> On a écrit <hi rend="italics">Monte Meliano</hi>.</note> de
                testimonio et duo paria litterarum<note> Il faut sans doute lire <hi rend="italics"
                    >per litteram de mandato et de testimonio Petri clerici de Montemeliano et duo
                    paria litterarum</hi>.</note> dicti Guillermi de recepta quas reddit : III
                meyteria IIII cupas </item>
              <lb/>
              <item> libravit in locagio unius granerii ad reponendum siliginem domini Ogereto
                Grassi : I meyterium </item>
              <lb/>
              <item> libravit domino Guigoni castellano per confessionem ipsius presentis : XLVIII
                meyteria quartam partem I cupe </item>
              <lb/>
              <item> summa librate : LXII meyteria IIII cupe quarta parte I cupe siliginis<note> Ce
                  mot a été ajouté par dessus le trait de liaison.</note></item>
              <item> et <sic>sis</sic><lb/> debet V meyteria siliginis — venduntur ut
                  <sic>imfra</sic></item>
            </list></p>
        </div>
        <div xml:id="avena">
          <head>avena</head>
          <p><lb/> idem reddit computum <list>
              <item> de XXX meyteriis III cupis avene receptis in dicta castellania de redditu per
                annum ut in particulis in computo precedenti </item>
              <lb/>
              <item> summa eadem : XXX meyteria III cupe avene </item>
              <item> de quibus <lb/> libravit ad expensas hospitii domini factas apud Pontem Vallium
                per manum Iohannis de Baygnolio ut per litteras domini datas apud Treffortium <lb/>
                die veneris post festum beati Mathei apostoli anno Domini millesimo tricentesimo
                sigillatas sigillis domini et dicti Iohannis de recepta quas reddit : VI meyteria VI
                cupe </item>
              <lb/>
              <item> libravit Guillermo de Leya ad expensas estaloni domini de mandato Petri clerici
                ut per confessionem ipsius Petri presentis : II meyteria </item>
              <lb/>
              <item> libravit domino Guigoni castellano ad opus domini que custodit ut per
                confessionem eiusdem domini Guigonis presentis : XXI meyteria V cupas </item>
              <lb/>
              <item> summa librate : XXX meyteria III cupe avene </item>
              <item> et sic eque de avena </item>
            </list></p>
        </div>
        <div xml:id="milium">
          <head>milium</head>
          <p><lb/><list>
              <item> de milio nichil quia aqua est in stanno de La Doureri in quo ut in alio computo
                fuerat milium anno precedenti </item>
            </list></p>
        </div>
        <div xml:id="fenum">
          <head>fenum</head>
          <p><lb/> idem reddit computum <list>
              <item> de LXIIII menaturis feni receptis de exitu pratorum domini </item>
              <item> de quibus <lb/> libravit ad expensas equorum domini ut per litteram domini et
                Iohannis de Baygnolio superius redditam in avena : pro LII equis per unam <lb/>
                noctem </item>
              <item> libravit domino Guigoni presenti et confitenti ad opus domini quod sibi
                custodit : residuum dicti feni </item>
              <item> et sic <lb/> eque de feno </item>
            </list></p>
        </div>
        <div xml:id="cera_galline_carrelli_denarii_census_baliste">
          <head>cera galline carrelli denarii census baliste</head>
          <p><lb/><list>
              <item> de cera de gallinis de carrellis de <sic>denarii</sic> census de balistis non
                computat quia nichil inde <lb/> recepit ut dicit sed dominus Guigo castellanus de
                ipsis debet computare </item>
            </list></p>
        </div>
        <div xml:id="tallia">
          <head>tayllie</head>
          <p><lb/> idem reddit computum <list>
              <item> de XI libris <add place="interlinear">parisiensium</add> receptis de medietate
                taylliarum castellanie predicte et de alia medietate debet respondere dominus <lb/>
                Guigo castellanus Pontis Vallium </item>
              <item> summa : XI lb. par. </item>
            </list></p>
        </div>
        <div xml:id="garde">
          <head>garde</head>
          <p><lb/><list>
              <item> de gardis non computat quia eas non recepit sed eius successor de ipsis debet
                respondere </item>
            </list></p>
        </div>
        <div xml:id="firme">
          <head>firme</head>
          <p><lb/> idem reddit computum <list>
              <item> de CVI solidis VIII denariis parisiensium receptis de medietate firme furni
                Pontis Vallium infra<note> On a écrit in fra. L’ajout d’un troisième jambage, visant
                  à transformer le n en m et à ressouder la préposition, a été exponctué.</note>
                villam <lb/> finite in festo beati Dyonisii anno tricentesimo et tunc accensatum
                fuit Iohanni de Faola qui ipsum tenuit per duos menses <lb/> tantum et ab inde in
                antea debet respondere dominus Guigo post ipsum castellanus </item>
              <item> de XXXII solidis parisiensium <sic>receptis receptis</sic> de dicto Iohanne
                <lb/> pro firma dicti furni de duobus mensibus sibi accensata pro tanto finitis die
                dominica ante festum beati Nicholay anno tricentesimo </item>
              <lb/>
              <item> de VII libris VI solidis VIII denariis receptis de medietate firme pedagii
                minuti leyde coponagii nundinarum cridagii essecagii <lb/> porcorum occisorum in
                macello finite prima die augusti anno tricentesimo et tunc <sic>accessata</sic> fuit
                Ogereto Grassi et filio <lb/> Bertoude per unum annum pro viginti libris
                parisiensium </item>
              <item> de firmis forestagii et dominii riparie de Marceseys furni <lb/> extra portam
                Cusiriaci pedagii Iudeorum portagii ballarum chacipolerie Iudeorum<note> On a ajouté
                  une rubrique Iudei dans la marge gauche.</note> non computat quia <lb/> nichil
                inde recepit sed dominus Guigo castellanus post ipsum de ipsis debet respondere
              </item>
            </list></p>
        </div>
        <div xml:id="laudes_et_vende">
          <head>laudes et vende</head>
          <p><lb/><list>
              <item> de laudibus et vendis nichil per dictum tempus quia non obvenerunt </item>
            </list></p>
        </div>
        <div xml:id="banna">
          <head>banna</head>
          <p><lb/> idem reddit computum <list>
              <item> de VI solidis VIII denariis parisiensium receptis de dicto Bariot quia araverat
                terram alienam </item>
              <item> de <lb/> VI solidis receptis de textore de Albigniaco quia non obedierat
                mandato castellani sibi facto </item>
              <item> de III solidis <damage type="support_détruit"
                  ><supplied>receptis</supplied></damage> de Guillermo Ogerii pro una <lb/> clama
                minuta </item>
              <lb/>
              <item> summa : XV s. VIII d. par. </item>
            </list></p>
        </div>
        <div xml:id="escheyte">
          <head>escheyte</head>
          <p><lb/><list>
              <item> de escheytis nichil per dictum tempus </item>
            </list></p>
        </div>
        <div xml:id="inventa">
          <head>inventa</head>
          <p><lb/> idem reddit computum <list>
              <item> de III solidis parisiensium receptis de quodam <sic>porcho</sic> invento
                vendito pro tanto </item>
              <lb/>
              <item> summa : III s. par. </item>
            </list></p>
        </div>
        <div xml:id="corvagium">
          <head>corvagium</head>
          <p><lb/><list>
              <item> de corvagio nichil per idem tempus </item>
            </list></p>
        </div>
        <div xml:id="venditiones">
          <head>venditiones</head>
          <p><lb/> idem reddit computum <list>
              <item> de L solidis parisiensium receptis de quinque <del rend="overstrike">m</del>
                meyteriis frumenti venditis ut supra pro tanto quolibet meyterio vendito <lb/> decem
                solidis parisiensium </item>
              <item> de XXX solidis receptis de quinque meyteriis siliginis venditis ut supra pro
                tanto quolibet meyterio vendito sex solidis <lb/> parisiensium </item>
              <item> summa : IIII lb. par. </item>
            </list></p>
        </div>
        <div xml:id="bilan_recepte">
          <p><lb/><list>
              <item> summa totius recepte : XXX lb. IIII s. par. </item>
            </list></p>
        </div>
      </div>
      <div xml:id="expense_et_librate">
        <p><list>
            <item> de quibus <lb/> idem libravit Stephano oyselerio Pontis Vallium et filio suo de
              mandato domini ut per litteras domini et dicti Stephani superius redditas in siligine
              : <damage type="support_endommagé">… <supplied>solidos</supplied></damage> viennensium </item>
            <lb/>
            <item> in expensis deschargii stanni domini de Doureri factis per ipsum : XXV solidos
              viennensium </item>
            <item> in equabus domini infirmis ducendis <lb/> apud Sanctum Georgium et oblationibus
              factis pro ipsis uno pullo ducendo apud Masticonem uno capistro ad opus ipsius pro
              faciendo sallire <lb/> equas domini emissario ipsius et expensis garcionis ipsius ut
              in particulis : XI solidos V denarios viennensium </item>
            <lb/>
            <item> libravit domino Nicholao de Billeno ad expensas suas eunti stanti et
                <sic>redunti</sic><note> Lire <hi rend="italics">redeunti</hi>. On avait d’abord
                écrit <hi rend="italics">euntis</hi>, <hi rend="italics">stantis</hi> et <hi
                  rend="italics">redundis</hi>, mais les trois formes verbales ont été corrigées par
                effacement ou surcharge.</note> apud Trenorchium ad diem dominorum comitis et ducis
              <lb/> Burgondie per litteram domini datam Chamberiacum die veneris post festum beati
              Michaelis anno tricentesimo de mandato et litteram dicti domini Nicholay <lb/> de
              recepta quas reddit : CII solidos VI denarios viennensium </item>
            <lb/>
            <item> item libravit domino comiti in tribus ulnis de persico et duabus peciis cendalli
              viridis emptis ad <damage type="support_détruit">… … …</damage> ipsius datam die iovis
              <lb/> post festum assumptionis beate Marie virginis anno tricentesimo quam reddit :
                <damage type="support_détruit">… … … …</damage></item>
            <lb/>
            <item> item libravit sibi ipsi pro salario suo capienti quindecim libras per annum ut
              predecessori suo dabatur : <damage type="support_détruit">… … … …</damage><milestone
                n="3" unit="vue"/><pb n="2"/><lb/><note> La moitié droite du support est entièrement
                endommagée ou détruite.</note> in expensis septuaginta sex falcatorum seccantium
              pratum domini capientium sexaginta unus <sic>quillibet</sic><damage
                type="support_endommagé">tres solidos sex denarios viennensium</damage><lb/> et
              quindecim quilibet tres solidos viennensium : XII libras XVIII solidos VI denarios
              viennensium <damage type="support_endommagé">… … … …</damage><lb/> […]torum<note
                type="césure"> […]<lb/>torum</note> tresdecim fenatorum fenantium dictum pratum
              capientium uno plus altero minus et in <damage type="support_endommagé">menda ipsorum
                par[isiensium … …</damage><lb/> diem : VIII libras X V solidos viennensium </item>
            <item> in charreagio dicti feni fuerunt ibidem <damage type="support_endommagé">… … …
                …</damage><lb/> LXIIII solidos </item>
            <item> in dicto feno collocando in domum domini comitis et parte ipsius <damage
                type="support_détruit">… … … … …</damage><lb/> et iterum fenare faciendo et fuerunt
              ibidem viginti tres fenatores capientes <damage type="support_détruit">… … …
                …</damage><lb/> in uno moncello faciendo retro ecclesiam de dicto feno una sepe
              circa dictum fenum facienda <damage type="support_détruit">… … … …</damage><lb/> sepem
              faciendam ut in particulis : XLVIII solidos XI denarios </item>
            <item><add place="leftMargin"><lb/>summa expense feni : <lb/> XXVII lb. XIIII s. <lb/>
                XI d.</add></item>
            <item> in stabulo mondando <damage type="support_détruit">… … … …</damage><lb/> et alio
              stabulo in introitu graduum reparando ut in particulis : VIII solidos VI denarios
              viennensium <damage type="support_détruit">… … … …</damage></item>
          </list></p>
        <div xml:id="bilan_expense_et_librate">
          <p><lb/><list>
              <item> summa expense salarii et librate : LXIX lb. XII s. X d. </item>
            </list></p>
        </div>
      </div>
      <div xml:id="bilan">
        <p><list>
            <item><damage type="support_détruit">… … … …</damage><lb/> debentur ei : LXIX libre XII
              solidi X denarii viennensium </item>
            <item> et ipse debet : XXX libras <damage type="support_détruit">XIIII solidos … … …
                …</damage><lb/> viennenses deni octeni videlicet duodecim parisiensium pro decem
                octo<note> On écrit <hi rend="césure">decemocto</hi>.</note> viennensium valent :
              XLV <damage type="support_détruit">libras … … … …</damage><lb/> debentur ei : XXIIII
              libre VI solidi X denarii viennensium </item>
            <item> de quibus satisfactum est ei in computo <damage type="support_endommagé">… … …
                …</damage></item>
            <lb/>
            <item> sic eque</item>
          </list></p>
      </div>
    </body>
  </text>
</TEI>
