<?xml version="1.0" encoding="UTF-8"?>
<?xml-model href="http://www.tei-c.org/release/xml/tei/custom/schema/relaxng/tei_all.rng" schematypens="http://relaxng.org/ns/structure/1.0"?>
<TEI xmlns:math="http://www.w3.org/1998/Math/MathML" xmlns="http://www.tei-c.org/ns/1.0"
  xmlns:xi="http://www.w3.org/2001/XInclude" xmlns:svg="http://www.w3.org/2000/svg" xml:id="B9155_3">
  <teiHeader>
    <fileDesc>
      <titleStmt>
        <title>Compte de Guigonet de Saint-Germain (Guigonetus de Sancto Germano), châtelain, pour
          la châtellenie de Pont-de-Vaux, du dimanche 20 juin 1288 au dimanche 15 mai 1289 <date
            type="debut" from-iso="12880620" cert="high"/><date type="fin" from-iso="12890515"
            cert="high"/></title>
        <respStmt>
          <persName><name xml:lang="fra">Guêpe de Varax</name><name xml:lang="lat">Guespa de
              Varas</name></persName>
          <resp>Châtelain</resp>
        </respStmt>
      </titleStmt>
      <publicationStmt>
        <p>Alain Kersuzan et Frédéric Chartrain, avec la collaboration de Nils Mantilleri, Jean-Michel Poisson et Marianne Ronot, 
          <title>Compte de Guigonet de Saint-Germain (<hi rend="italics">Guigonetus de Sancto Germano</hi>), châtelain, pour
            la châtellenie de Pont-de-Vaux, du dimanche 20 juin 1288 au dimanche 15 mai 1289</title>,
          Lyon - Chambéry, 2011 (<title>Documents comptables des Etats de Savoie, XIIIe - XVe s.</title>)</p>
      </publicationStmt>
      <seriesStmt>
        <title>Pont-de-Vaux</title>
      </seriesStmt>
      <sourceDesc>
        <p>Information about the source</p>
      </sourceDesc>
    </fileDesc>
  </teiHeader>
  <text>
    <body>
      <milestone n="3" unit="vue"/>
      <pb n="2"/>
      <div xml:id="prologue">
        <p><lb/><note> Ce compte est numéroté <hi rend="italics">V</hi> en tête.</note> Computus
          Guigoneti de Sancto Germano castellani Pontis Vallium a die dominica ante nativitatem
          beati <lb/> Iohannis baptiste anno Domini M<hi rend="sup">o</hi> CC<hi rend="sup">o</hi>
          octogesimo octavo usque ad dominicam XV<hi rend="sup">am</hi> diem intrantis mensis maii
          anno sequenti videlicet pro quadraginta <lb/> septem edomadis </p>
      </div>
      <div xml:id="recepte">
        <div xml:id="frumentum">
          <head>frumentum</head>
          <p><lb/> idem reddit computum <list>
              <item> de I cupa frumenti recepta de exitu molendini de Marceseys <add
                  place="interlinear">in quo dominus capit sextam partem</add> pro parte domini </item>
              <item> de III meiteriis II cupis receptis de exitu <sic>copunagii</sic> Pontis Vallium
                <lb/> quod non est accensatum per tempus supradictum </item>
              <item> de exitu molendinorum et furni emptorum a Guidone d’Espinous<note> On écrit <hi
                    rend="italics">despinous</hi>.</note> debet decetero computare </item>
              <item> de II meiteriis dimidio receptis <lb/> ad mensuram Baugiaci ab illis del
                Trembley pro manso Chalvet sito apud Boyssey de redditu per annum </item>
              <item> de II meiteriis dimidio receptis ad mensuram Baugiaci de Hugoneto <lb/> de
                Fromentauz de redditu per annum </item>
              <item> de I cupa recepta de exitu copunagii <del rend="overstrike">die nu</del> apud
                Sanctum Benignum die nundinarum que ibi sunt in festo beati Christofori</item>
              <lb/>
              <item> summa mensura Baugiaci reducta ad mensuram Pontis Vallium : VIII meiteria
                frumenti</item>
              <item> de quibus <lb/> idem libravit Colino <sic>aucupi</sic> et socio suo tendentibus
                ad falconem pro expensis de mandato domini : I meiterium frumenti </item>
              <item> item Stephano aucupi de dono sibi facto <lb/> a domino comite pro duobus
                falconibus quos ei portavit ultra decem meiteria siliginis allocata inferius ut per
                litteram domini : II meiteria</item>
              <lb/>
              <item> et sic debet V meiteria frumenti de quibus respondet in computo de
                Chivroux</item>
            </list></p>
        </div>
        <div xml:id="siligo">
          <head>siligo</head>
          <p><lb/> idem reddit computum <list>
              <item> de XVI cupis dimidia <add place="interlinear">siliginis</add> receptis de exitu
                molendini de Marceseys per dictum tempus pro parte domini </item>
              <item> de III meiteriis IIII cupis receptis de exitu copunagii <lb/> Pontis Vallium </item>
              <item> de I cupa recepta de exitu copunagii nundinarum Sancti Benigni </item>
              <item> de X meiteriis receptis de hominibus de vico Albigniaci de redditu per annum </item>
              <lb/>
              <item> de IIII meiteriis receptis in villa Sancti Benigni de prepositura per annum </item>
              <item> de XVIII meiteriis receptis apud Boscum de prepositura per annum </item>
              <item> de IX meiteriis receptis ibidem de <lb/> chacipoleria per annum </item>
              <item> de IIII meiteriis receptis de Guillermino Believro de redditu pro manso au
                Chapotat </item>
              <item> de XIII cupis receptis apud Boyssey de illis del Trembley pro duobus meiteriis
                dimidium que debent de redditu ad mensuram Baugiaci per annum</item>
              <item> summa : LIII meiteria IIII cupe dimidia siliginis</item>
              <item> de quibus <lb/> idem libravit Colino aucupi et socio supradictis pro expensis :
                III meiteria </item>
              <item> item Stephano aucupi de dono domini comitis ut per litteram eius datam in
                octabis beati <lb/> Michaelis anno octogesimo octavo : X meiteria</item>
              <item> et restant quod debet XL meiteria IIII cupas siliginis et dimidiam <add
                  place="endOfLine">— de quibus respondet in computo de Chivroux</add></item>
            </list></p>
        </div>
        <div xml:id="avena">
          <head>avena</head>
          <p><lb/> idem reddit computum <list>
              <item> de XXVII meiteriis avene receptis de garda in dicta castellania ut in extenta </item>
              <item> de II meiteriis receptis apud Boissey ab <del rend="overstrike">illis
                  de</del><note> Un défaut du parchemin semble avoir gêné le rédacteur.</note> illis
                de Trembley <lb/> de redditu ad mensuram Baugiaci qui equipollet mensure Pontis
                Vallium quantum ad avenam </item>
              <item> de II meiteriis dimidio receptis <del rend="overstrike">apud</del> de Hugoneto
                de Fromentauz ad <lb/> eamdem<note> On avait d’abord écrit <hi rend="italics"
                    >eandem</hi>, et le mot est raturé.</note> mensuram de redditu </item>
              <item> de II cupis receptis de exitu copunagii per dictum tempus apud Pontem
                Vallium</item>
              <item> summa : XXXI meiteria VI cupe avene</item>
              <item> de quibus <lb/> idem libravit ad expensas domini comitis ut per litteram domini
                Stephani de Portabo datam die martis in festo beati Clementis anno octogesimo octavo
                : VIII meiteria </item>
              <item> item in expensis <lb/><add place="leftMargin">equorum</add> dicti domini
                comitis ut per litteram eius datam dominica ante festum beati Mathei apostoli anno
                eodem : V meiteria dimidium </item>
              <item> item in expensis dictorum equorum ut per litteram Stephani de Sancto Reneberto
                <lb/> datam dominica ante <sic>accensionem</sic> Domini anno octogesimo nono : XXX
                meiteria dimidium avene</item>
              <item> et sic debetur eidem XII meiteria II cupas <add place="endOfLine">de quibus
                  sibi solvit in computo de Chivroux </add></item>
            </list></p>
        </div>
        <div xml:id="milium">
          <head>milium</head>
          <p><lb/><list>
              <item> idem reddit computum de I cupa <sic>millii</sic> et panicii de exitu copunagii
                Pontis Vallium per idem tempus — venditur ut infra</item>
            </list></p>
        </div>
        <div xml:id="fabe_pisi_nuces">
          <head><supplied>fabe pisi nuces</supplied></head>
          <p><lb/><list>
              <item>de fabis pisis nucibus nichil</item>
            </list></p>
        </div>
        <div xml:id="panes">
          <head>panes</head>
          <p><lb/><list>
              <item> idem<note> Le rédacteur a dû composer avec un trou du parchemin.</note> reddit
                computum de IIII panibus receptis de hominibus de Albigniaco de redditu per annum et
                debet valere quilibet unam cupam frumenti — venduntur ut infra</item>
            </list></p>
        </div>
        <div xml:id="cera">
          <head>cera</head>
          <p><lb/> idem reddit computum <list>
              <item> de XX libris cere receptis de garda in dicta castellania hoc anno </item>
              <item> de VI libris cere receptis de Lusco de Furno et <lb/> de Taborello de
                Arbigniaco et de Duce de Bereysie et Petro Filliez et Guillermo Barut d’Alonzie et
                de Bariot de Chamaranda <lb/> a quolibet unam libram de nova garda <add
                  place="interlinear">per annum</add></item>
              <item> de VI libris receptis ab eisdem causa intragii hoc primo anno et ex nunc debent
                quamdiu erunt <lb/> in garda quilibet unam libram cere per annum</item>
              <item> summa : XXXII libre cere — venduntur ut infra</item>
            </list></p>
        </div>
        <div xml:id="galline">
          <head><sic>gualline</sic></head>
          <p><lb/><list>
              <item> idem reddit computum de C III gallinis receptis apud vicum de Albigniaco apud
                Boscum et apud Sanctum Benignum ubi levantur de quolibet foco due gualline <lb/>
                excepto in vico de Albigniaco levatur<note> On avait écrit <hi rend="italics"
                    >levantur</hi>, mais on a pris soin d’annuler le <hi rend="italics">n</hi> par
                  exponctuation.</note> in quolibet foco una guallina et sic levantur aliquando plus
                aliquando minus</item>
              <lb/>
              <item> summa : C III galline</item>
              <item> de quibus<note> On a écrit <hi rend="italics">dequibus</hi>.</note> idem
                libravit ad expensas domini comitis in festo beati Clementis anno octogesimo octavo
                <lb/> ut per litteram domini Stephani de Portabo tunc senescalli : XVII
                guallinas</item>
              <item> et sic debet IIII<hi rend="sup">XX</hi> VI gallinas — venduntur ut infra</item>
            </list></p>
        </div>
        <div xml:id="carrelli">
          <head>carrelli</head>
          <p><lb/> idem reddit computum <list>
              <item> de C carrellis ferri ad balistam receptis de heredibus Guillermi Fabri de
                redditu per annum pro porteria porte versus Cusiriacum </item>
              <lb/>
              <item> de C carrellis ferreis receptis a porterio porte de versus Baugiacum pro
                redditu porterie dicte porte </item>
              <item> de C carrellis receptis de Hugone Grassi qui <lb/> eos debebat de remanentia
                computi Guespe de Varas</item>
              <item> summa : CCC carrelli ferri </item>
              <item><del rend="overstrike">d</del><note> On avait commencé à écrire <hi
                    rend="italics">de quibus</hi> sans laisser l’espace usuel.</note></item>
              <item> de quibus libravit ut dicit domino <lb/> Girardo de Langes baillivo Baugiaci C
                quarrellos</item>
            </list></p>
        </div>
        <div xml:id="fenum">
          <head>fenum</head>
          <p><lb/> idem reddit computum <list>
              <item> de III carratis feni receptis de exitu prati de Planetex juxta nemus de Agya
                pro iure quod dominus habet ibidem de empto ab heredibus Hugonis de Viriset et uxore
                Tochart de Albergamento et ab uxore Iohannis Poisat </item>
              <item> de VII carratis receptis de empto ab Acaries <lb/> de Chavannes qui solutus est
                de pretio <del rend="overstrike">Dayeti</del> per manum Dayeti Iudei</item>
              <item> summa : X carrate feni</item>
              <item> de quibus idem libravit ad expensas <lb/> equorum domini in festo beati
                Clementis ut per litteram domini Stephani de Portabo : I carratam</item>
              <item> et sic debet IX carratas — et remanent</item>
            </list></p>
        </div>
        <div xml:id="denarii">
          <head>denarii</head>
          <p><lb/> idem reddit computum <list>
              <item> de XXVII solidis III denariis parisiensium receptis de redditu asiso in dicta
                castellania per annum </item>
              <item> de VII libris VI solidis receptis in octabis paschatis de teysis in villa
                Pontis <lb/> Vallium per annum </item>
              <item> de IIII solidis VI denariis receptis de firma trium bancarum macelli eodem
                termino annuatim videlicet de qualibet banca decem octo denarios </item>
              <item> de VIII solidis <lb/> receptis de firma forestagii et dominii riperie de
                Marceseys in quibus dominus percipit sextam partem et recuperatur in nativitate
                Domini annuatim </item>
              <item> de XV solidis receptis <lb/> de medietate firme furni pro parte domini finite
                in festo beati Christofori anno octogesimo octavo </item>
              <item> de XXVIII solidis II denariis receptis de exitu furni pro parte domini <lb/> a
                festo beati Christofori anno octogesimo octavo usque ad quintam decimam diem maii
                anno octogesimo nono </item>
              <item> de XVI solidis III obolis receptis de exitu minuti pedagii <lb/> pro tempus quo
                durat presens computus </item>
              <item> de LVII solidis IIII denariis parisiensium receptis de exitu pedagii die
                nundinarum Baugiaci que sunt prima die madii </item>
              <item> de XL solidis receptis <lb/> de exitu copunagii et leyde <del rend="overstrike"
                  >et</del> a nativitate Domini anno octogesimo septimo usque ad festum beati
                Christofori anno octogesimo octavo </item>
              <item> de LXIX solidis IIII denariis <lb/> obolo parisiensium receptis de exitu leyde
                sive copunagio per tempus supradictum finitum XV<hi rend="sup">a</hi> die maii </item>
              <item> de grosso pedagio nichil </item>
              <item> de XXVI solidis VIII denariis receptis de pedagio <lb/> Iudeorum dato ad firmam
                finiendam in festo beati Iohannis baptiste anno octogesimo nono </item>
              <item> de XXIIII solidis VIII denariis receptis de exitu nundinarum Sancti Benigni que
                <lb/> sunt in festo sancti Christofori hoc anno </item>
              <item> de XVI solidis receptis de exitu cridagii et exeguagii per dictum tempus </item>
              <item> de IIII libris receptis de talliis que apud Sanctum Benignum<note> Il faut
                  probablement suppléer un verbe comme <hi rend="italics">levantur</hi>.</note><lb/>
                in festis beati Bartholomei et beati Andree </item>
              <item> de XVIII libris receptis de talliis apud Boscum in dictis duobus terminis </item>
              <item> de censa Iudeorum non computat <lb/> quia nichil solvunt per compositionem
                factam cum eis per dominum comitem </item>
              <item> de V solidis receptis de Hugone de Fromentauz de redditu </item>
              <item> de XVI solidis receptis de Guigoneto del <lb/> Trembley et liberis Ponceti del
                Trembley de redditu </item>
              <item> de censa cavorcini non computat quia solvit domino comiti </item>
              <item> de III solidis receptis de nemore <lb/> circa poypiam vendito</item>
              <item> summa : XLVII lb. III s. I d. par.</item>
              <item><add>quibus <sic>aduntur</sic><del rend="overstrike">XVII</del> XIX denarii
                  recepti de triginta octo <lb/> porcis <sic>ocisis</sic> in macello per dictum
                  tempus videlicet de quolibet I obolum<note>ajouté en fin de ligne et dans
                    l’interligne inférieur</note></add></item>
            </list></p>
        </div>
        <div xml:id="garde">
          <head>guarde</head>
          <p><lb/> idem reddit computum <list>
              <item> de XII denariis parisiensium receptis de Guillermo grangerio Iohannis Chanel de
                garda per annum </item>
              <item> de XII denariis receptis de Peroneto de Cletis pro eodem </item>
              <item> de IIII denariis receptis <lb/> de relicta Coyllart et liberis eius de
                recognitione per annum </item>
              <item> de XVI denariis receptis de Iohanne Ayont de garda </item>
              <item> de XII denariis receptis de Iohanneto Borderin <lb/> d’Avistes de garda per
                annum </item>
              <item> de XII denariis receptis de Bernardo Mercerii de Trenorchio de garda</item>
              <lb/>
              <item> summa : V s. VIII d.</item>
            </list></p>
        </div>
        <div xml:id="introgia_et_perquisiti">
          <head>[introgia et perquisiti]</head>
          <p><lb/><list>
              <item>de introgiis et perquisitis nichil</item>
            </list></p>
        </div>
        <div xml:id="laudes_et_vende">
          <head>laudes et vende</head>
          <p><lb/><list>
              <item> idem reddit computum de C XII solidis V denariis obolo parisiensium receptis de
                exitu laudum et venditionum per tempus supradictum ut in particulis in
                  <sic>dorsso</sic> presentis rotuli<note> Voir vue 12 : <milestone unit="vue"
                    n="12"/><p rend="head"><lb/>particule laudum et vendarum</p><p><lb/> idem reddit
                    computum <list>
                      <item> de XLIII solidis VI denariis viennensium receptis de Martino de Furno
                        pro laudibus domus unius empte de Hugoneto <foreign>Corbet</foreign> pretio
                        quatuordecim librarum <add place="interlinear">decem solidorum</add></item>
                      <lb/>
                      <item> de IX solidis viennensium receptis de domino Hugone
                          <foreign>Pelater</foreign> pro laudibus domus empte de Petro <foreign>de
                          Bez</foreign> et participibus pretio sexaginta solidorum </item>
                      <item><del rend="overstrike">de</del><lb/> de II solidis receptis de uxore
                          <foreign>Sangonel</foreign> pro laudibus quarte partis domus empte de
                        sorore sua pretio sexdecim solidorum </item>
                      <item> de VII solidis VI denariis receptis de <foreign>Malver</foreign><lb/>
                        pro laudibus <del rend="overstrike">domus</del> medietatis unius domus empte
                        de Rosa relicta Petri Fabri </item>
                      <item> de XII solidis <del rend="overstrike">III denariis</del> receptis de
                        Valleto de Belna et Stephano <foreign>Polet</foreign> pro laudibus <lb/>
                        plastri unius domus empte de Bernardo <foreign>Perrin</foreign> pretio
                        quatuor librarum <del rend="overstrike">quindecim solidorum</del></item>
                      <item> de XIII solidis VI denariis receptis de Matheo Goutrii pro laudibus
                        <lb/> unius pecie prati empte de Guillermus <foreign>Copel</foreign> pretio
                        quatuor librarum decem solidorum </item>
                      <item> de VI denariis III pictis receptis de Guillermo
                          <foreign>Perraudaz</foreign> pro laudibus pecie plastri empte <lb/> de
                        Clemente filio Fabri pretio sex solidorum </item>
                      <item> de IIII denariis obolo receptis de filio Andree de <foreign>La
                          Cort</foreign> pro <add place="interlinear">medietate</add> laudum
                        piscarie empte en Oysa de Poncio <foreign>Tallifer</foreign></item>
                      <lb/>
                      <item> de IIII denariis obolo receptis de Guillermo <foreign>Logier</foreign>
                        pro <add place="interlinear">medietate</add> laudum trium seillonum terre
                        emptorum apud Boscum de Guioneto <foreign>Cherita</foreign></item>
                      <item> de XVIII denariis receptis de Stephano <foreign>Ribout</foreign><lb/>
                        pro laudibus pecie terre empte de Iohannis <foreign>Mailly</foreign></item>
                      <item> de XXXIII solidis receptis de Rupho garcione Iohannis
                          <foreign>Chanel</foreign> pro laudibus unius domus permutate cum filio
                        <lb/> a <foreign>La Borgeysa</foreign></item>
                      <item> de XII denariis receptis de Poncio <foreign>Tallifer</foreign> de
                        medietate laudum pecie terre empte de Guillermo
                        <foreign>Cuysel</foreign></item>
                      <item> de XV denariis receptis de Stephano <foreign>Ribout</foreign><lb/> pro
                        medietate laudum pecie terre empte de Costantino </item>
                      <item> de VI solidis receptis de Stephano <foreign>Ribout</foreign> predicto
                        pro laudibus terre empte de Guillermo <foreign>Cuysel</foreign><lb/> et
                        participibus </item>
                      <item><del rend="overstrike">de IX</del></item>
                      <item> de XIII denariis obolo receptis de Poncio <foreign>Tallifer</foreign>
                        pro laudibus partis aque <del rend="overstrike">em</del> de Oysa empte de
                        Guillermo <foreign>Cuysel</foreign></item>
                      <lb/>
                      <item> de XXXVI solidis receptis de Bernardo <foreign>Anaz</foreign> pro
                        laudibus domus empte de Guidone <foreign>Lo Bevro</foreign> pretio duodecim
                        librarum viennensium </item>
                      <lb/>
                      <item> summa : VIII lb. VIII s. VIII d. vien. – valent ad parisienses C XII
                        solidos V denarios obolum parisiensium</item>
                    </list></p></note></item>
              <lb/>
              <item> summa eadem</item>
            </list></p>
        </div>
        <div xml:id="banna">
          <head>banna</head>
          <p><lb/> idem reddit computum <list>
              <item> de XIII libris XVI solidis VIII denariis obolo parisiensium receptis de bannis
                ut in particulis in dorsso presentis rotuli<note> Voir vue 12 : <milestone
                    unit="vue" n="12"/><p rend="head"><lb/>particule bannorum</p><p><lb/> idem
                    reddit computum <list>
                      <item> de XL solidis viennensium receptis de <foreign>Bonfillon</foreign>
                        Iudeo pro eo quod filia eius fecerat sanguinem uxori officialis iudei </item>
                      <item> de XXV solidis VII denariis receptis de clerico
                          <foreign>Corbet</foreign> de denariis quos habuit de tela quam furata
                        fuerat ut dicebatur uxor <foreign>Ratet</foreign></item>
                      <item> de XL solidis receptis <lb/> de uxore dicti <foreign>Ratet</foreign> de
                        concordia facta pro eo quod accusabatur de furto dicte tele </item>
                      <item> de XL solidis receptis de Guillermo <foreign>Charreton</foreign> de
                          <foreign>Ternant</foreign><lb/> pro periurio </item>
                      <item> de <subst>
                          <del rend="overstrike">XXX solidis</del>
                          <add place="interlinear">XXXII solidis</add>
                        </subst> receptis de uxore <foreign>Erraut</foreign> de
                          <foreign>Salmoya</foreign> pro eo quod <del rend="overstrike">verberaverat
                          Berthoudum fa</del> non permittebat se vadiari per familiarem <lb/>
                        castellani </item>
                      <item> de X solidis receptis de Paillereta de <foreign>Salmoya</foreign> pro
                        fractura saysine </item>
                      <item> de XV solidis receptis de <foreign>Vay Avant</foreign> de
                          <foreign>Chavannes</foreign> pro banno saisine <lb/> fracte </item>
                      <item> de XXXVII solidis VI denariis receptis de Iohanne <foreign>Palmer
                          d’Avites</foreign> pro eo quod ceperat retia vicini sui sine licentia </item>
                      <item> de X solidis receptis de Faverio <lb/> garcione
                          <foreign>Poillat</foreign><del rend="overstrike">quod v</del> pro eo quod
                        verberavit Sarretum ribaudum </item>
                      <item> de XX solidis receptis de uxore Ruphi de <foreign>Chavannes</foreign>
                        pro eo quod fecerat sanguinem <lb/> cuidam infanti in naso </item>
                      <item> de XXX solidis receptis de Guidone et Loscho de Vaillie hominibus
                        Guidonis de <foreign>Felinz</foreign> pro banno saysine fracte apud
                        Salmoyacum </item>
                      <lb/>
                      <item> de L solidis receptis de dicto Iohanne <foreign>Palmer</foreign> pro eo
                        quod vocavit alium latronem nec potuit probare </item>
                      <item> de XX solidis receptis de Nicolao de
                            <unclear><foreign>Monlanglos</foreign></unclear> pro eo <lb/> quod
                        percutiendo alium de nive fecit ei sanguinem in ecclesia Salmoyaci </item>
                      <item> de XV solidis receptis de Guillermo <foreign>Valer</foreign> pro banno
                        saisine fracte </item>
                      <lb/>
                      <item> summa : XIX lb. V s. I d. vien. – valent ad parisienses XII libras XVI
                        solidos VIII denarios obolum parisiensium </item>
                      <item> quibus <lb/> aduntur XX solidi parisiensium receptis de Iohanne
                          <foreign>Quarrel</foreign> pro eo quod accusabatur pignorasse auctoritate
                        propria</item>
                    </list></p></note></item>
              <item> de VI libris IIII solidis X denariis receptis <add place="interlinear">ut in
                  particulis</add> de clamis<note> Voir vue 12 : <milestone unit="vue" n="12"/><p
                    rend="head"><lb/>clame</p><p><lb/> idem reddit computum <list>
                      <item> de III solidis viennensium receptis de Perrino carpentario Pontis
                        Vallium pro clama </item>
                      <item> de II solidis receptis ab Hogerio <lb/><foreign>Flandin</foreign> pro
                        eodem </item>
                      <item> de III solidis receptis de Stephano Corbeti pro eodem </item>
                      <item> de III solidis receptis a bubulco Hurici de <foreign>Salmoie</foreign>
                        clerici </item>
                      <lb/>
                      <item> de VIII solidis receptis a Bollieto de <foreign>Salmoie</foreign> pro
                        duabus clamis </item>
                      <item> de III solidis receptis a Bernardo <foreign>Byatrisat</foreign></item>
                      <item> de IX solidis receptis a Gauterono <foreign>Le <lb/> Berger</foreign>
                        pro duabus clamis </item>
                      <item> de IIII solidis receptis a dicto <foreign>Plater</foreign> de
                          <foreign>Chavanes</foreign> pro clama </item>
                      <item> de III solidis receptis a donno Guillermo vicario de
                          <lb/><foreign>Chavanes</foreign> pro clama </item>
                      <item> de IIII solidis VI denariis receptis a Guillermo
                          <foreign>Chareton</foreign> pro clama </item>
                      <item> de IX solidis receptis a Guillermo <foreign>Valer</foreign> pro duabus
                        clamis </item>
                      <item> de II solidis <lb/> III denariis receptis a Bernardo
                          <foreign>Barutz</foreign> pro clama </item>
                      <item> de IIII solidis receptis a Bernardo <foreign>Berchet</foreign> pro
                        clama </item>
                      <item> de IIII solidis VI denariis receptis a Iohanne
                          <foreign>Palmero</foreign><lb/> pro clama </item>
                      <item> de II solidis III denariis receptis a Morello
                          <foreign>Creisant</foreign> pro clama </item>
                      <item> de II solidis receptis a Bernardo <foreign>Chofer</foreign> pro clama </item>
                      <item> de XV solidis receptis a Jogueto <lb/> de <foreign>Gorrevot</foreign>
                        pro clama </item>
                      <item> de VI solidis IX denariis receptis a dicto <foreign>Sivot</foreign> de
                          <foreign>Chavanes</foreign> pro tribus clamis </item>
                      <item> de III solidis receptis a Hugonino <foreign>Durestal</foreign> pro
                        clama </item>
                      <lb/>
                      <item> de IIII solidis VI denariis receptis ab uxore dicti <foreign>Le
                          Loche</foreign> de <foreign>Salmoie</foreign> pro clama </item>
                      <item> de III solidis receptis a Martino <foreign>Perci</foreign> pro clama </item>
                      <item> de VII solidis receptis <lb/> a dicto <foreign>Mechu</foreign> de
                          <foreign>Tornant</foreign> pro duabus clamis </item>
                      <item> de IIII solidis VI denariis receptis a Girardo de
                          <foreign>Salmoye</foreign> pro clama </item>
                      <item> de IIII solidis VI denariis receptis a <lb/> Guichardo <foreign>del
                          Pont</foreign> de <foreign>Sarmoie</foreign> pro clama </item>
                      <item> de IIII solidis receptis a Bernardino <foreign>Girar</foreign> de
                        Arbigniaco pro clama </item>
                      <item> de IIII solidis receptis a Iohanne <lb/> marito filie dicti
                          <foreign>Colon</foreign> de Ponte Vallium pro clama </item>
                      <item> de III solidis receptis a dicto <foreign>Le Vargne</foreign> de
                          <foreign>Chavanes</foreign> pro clama </item>
                      <item> de IIII solidis <lb/> VI denariis receptis a Bernardo
                          <foreign>Jaquet</foreign> pro clama </item>
                      <item> de XVIII denariis receptis a Peronino <foreign>Brocart</foreign> pro
                        clama </item>
                      <item> de II solidis receptis a dicto <foreign>La Colli</foreign> pro clama </item>
                      <lb/>
                      <item> de II solidis receptis a dicto Segnioreto <foreign>de Vermont</foreign>
                        pro clama </item>
                      <item> de II solidis receptis a dicto <foreign>Lescuer</foreign> garcione
                        Perronini <foreign>Bertot</foreign> de Ponte <lb/> Vallium pro clama </item>
                      <item> de IIII solidis receptis a Guiberto de Sancto Urbano pro clama </item>
                      <item> de IIII solidis receptis a Regnaudo <foreign>Chivilliar</foreign> pro
                        clama </item>
                      <lb/>
                      <item> de V solidis receptis a Perroneto Morelli <foreign>d’Avites</foreign>
                        pro clama </item>
                      <item> de III solidis receptis a dicto <foreign>Bacelliar</foreign> de
                          <foreign>Salmoye</foreign> pro clama </item>
                      <lb/>
                      <item> de III solidis receptis a Petro <foreign>Popet</foreign> pro clama </item>
                      <item> de IIII solidis receptis a Guillermo Borgeis pro clama </item>
                      <item> de III solidis receptis a Blandino <lb/> de <foreign>Chavanes</foreign>
                        pro clama </item>
                      <item> de IIII solidis VI denariis receptis a Guillermo Mariglerii et a dicto
                          <foreign>Guiochet</foreign> de Sancto Benedicto pro clama </item>
                      <lb/>
                      <item> de V solidis receptis a Bernardo <foreign>Bruet</foreign> pro duabus
                        clamis </item>
                      <item> de XII denariis receptis a dicto <foreign>Le Gras</foreign> de Ponte
                        Vallium pro clama </item>
                      <lb/>
                      <item> de III solidis VI denariis receptis a Ponceto
                          <foreign>Durestal</foreign> pro clama </item>
                      <item> de IIII solidis receptis a Benedicto de Feyola pro clama </item>
                      <item> de III solidis <lb/> receptis a Perroneto <foreign>Popet
                          d’Osen</foreign> pro clama </item>
                      <item> de II solidis VI denariis receptis a Guillermo
                          <foreign>Grilliar</foreign> de <foreign>Salmoie</foreign> pro clama </item>
                      <lb/>
                      <item> summa : IX lb. VII s. III d. vien. – valent ad parisienses VI libras
                        IIII solidos X <supplied>denarios</supplied></item>
                    </list></p></note> per idem tempus <del><add place="interlinear">ut in
                    particulis</add></del><note> On a jugé que l’ajout serait mieux placé à la fin
                  de la ligne précédente.</note></item>
              <item> de XV solidis X denariis receptis de exitu saysinarum et desaisinarum <del
                  rend="overstrike">de duo</del> videlicet de qualibet saisina duodecim denariis in
                quibus ille qui <lb/> facit saisinam capit duos denarios</item>
              <item> summa : XX lb. XVII s. IIII d. ob.</item>
            </list></p>
        </div>
        <div xml:id="venditiones">
          <head>venditiones</head>
          <p><lb/> idem reddit computum <list>
              <item> de III denariis receptis de cupa millii vendita ut supra </item>
              <item> de XX denariis receptis de quatuor panibus venditis ut supra </item>
              <item> de XLII solidis VIII denariis receptis de <lb/> cera vendita ut supra </item>
              <item> de XXI solidis VI denariis receptis de quater viginti sex guallinis venditis ut
                supra qualibet tres denarios parisiensium</item>
              <item> summa : LXVI s<lb/> I d. par.</item>
            </list></p>
        </div>
        <div xml:id="bilan_recepte">
          <p><list>
              <item> summa totius recepte : LXXVII lb. VI s. <subst>
                  <del rend="overstrike">VIII d.</del>
                  <add place="interlinear">I d.</add>
                </subst> par. — valent ad viennenses <lb/><sic>scampsis</sic> parisiensibus
                videlicet uno parisiensi pro tribus obolis viennensium : C XV libras
                  <sic>XVIIII</sic><note> On avait d’abord écrit <hi rend="italics">XVII</hi>, et il
                  était moins risqué de rajouter <hi rend="italics">II</hi> que de raturer en <hi
                    rend="italics">XIX</hi>.</note> solidos <add place="interlinear">III
                  obolos</add> viennensium</item>
            </list></p>
        </div>
      </div>
      <div xml:id="expense_et_librate">
        <p><list>
            <item> de quibus <lb/> idem libravit magistro Petro de Monbeliart carpentario pro
              faciendo granerio Pontis Vallium videlicet pro solerio faciendo de trabibus <lb/> et
              platellendo et tecto chivronando et latando et hostiis faciendis excepto tamen quod
              ministrentur sibi postes tam per <lb/> manum Iohanneti de Cava quam per manum dicti
              castellani : C X solidos viennensium </item>
            <lb/>
            <item> item sarratoribus sarrantibus postes de quibus platellatum est granerium id quod
              est ibi platellatum videlicet pro […]<note> On a laissé le nombre en blanc.</note>
              duodenis <lb/> postium : IIII libras X solidos </item>
            <item> item dicto magistro Petro pro dicto granerio platellando desuper dato sibi in
              taschia et pro canali facienda <lb/> et ponenda : XXV solidos </item>
            <item> item in sex milibus tegularum emptarum Matisconi quolibet milleari empto undecim
              solidis computato portagio : <lb/> IIII libras XIX solidos </item>
            <item> item stipendio Lamberti latomi facientis foramina ad ponendum trabes solerii et
              muros et oyllias supermurandas <lb/> cum duobus garcionibus secum existentibus : XXXI
              solidos VI denarios </item>
            <item> item calce pro ipso : VIII solidos </item>
            <item> item pro factura mille <sic>clavum</sic> chapeluz factorum de duobus circulis
              ferreis birerii veteris ad opus granerii : V solidos et adhuc remanet penes <del
                rend="overstrike">dictum fabrum videlicet St</del> castellanum unus alius circulus
              ferreus birerii </item>
            <lb/>
            <item> item pane dato hominibus <sic>aducentibus</sic> ad currus <sic>marrennum</sic>
              pro granerio : XII solidos </item>
            <item> item stipendio Oyon de Chavannes <sic>cohoperientis</sic> granerium cum <lb/> uno
              garcione per duos dies : <del rend="overstrike">XIX libras</del> III solidos VI
              denarios</item>
            <item> summa facture granerii : XIX lb. IIII s. vien. <lb/> item libravit Domengeto et
              Miloni terreliatoribus pro factura calciate stangni Albigniaci quam calciatam
              debuerunt reddere ad rationem <lb/> quadraginta quinque pedum de latitudine in sede et
              superius ad latitudine viginti pedum et ad <sic>plunbum</sic> ad rationem duodecim
              <lb/> pedum ultra decem libras viennensium quas habuerunt de Anthonio Estrenier et
              decem libras quas habuerunt a Dayeto Iudeo et ultra viginti <lb/> sex libras quinque
              solidos quas habuerunt de Petro de Montemeliano clerico et ultra quadraginta sex
              solidos sex denarios quos habuerunt de domino Girardo <lb/> de Langes baillivo
              Baugiaci <del rend="overstrike">ut</del> tam per manum suam quam Hugonis Grassi :
              XXVII libras XV solidos V denarios viennensium, et sciendum <lb/> est quod pro dicta
              calciata facienda debebant habere tantum quinquaginta quinque libras viennensium per
              taschiam sibi datam a domino comite </item>
            <lb/>
            <item> item libravit eisdem Domengeto et <sic>Milloni</sic> pro deschargiatore dicti
              stangni faciendo : XXX solidos </item>
            <lb/>
            <item> item libravit Petro de Montemeliano clerico ad opus domini comitis ut per
              confessionem eiusdem Petri : X libras X solidos </item>
            <lb/>
            <item> item libravit ad expensas domini comitis factas apud Chivrous ut per litteram
              dicti domini comitis datam dominica ante festum beati Mathei apostoli anno LXXX<hi
                rend="sup">o</hi> VIII<hi rend="sup">o </hi>: XXXIII solidos VII denarios </item>
            <lb/>
            <item> item libravit Stephano de Sancto Reneberto clerico domini comitis ut per litteram
              eius datam dominica ante accensionem domini anno octogesimo nono ad opus domini
              comitis : XX libras </item>
            <lb/>
            <item> item libravit domino comiti Sabaudie in uno roncino morello sibi tradito et
              vendito ut per confessionem Petri clerici : XII libras </item>
            <lb/>
            <item> item libravit in uno roncino et una cadriga ferrata emptis pro roba domini
              comitis aportanda de Bonay ad terram Baugiaci quando dominus comes <lb/> redibat de
              Parisius ubi fuerat ad regem Anglie someriis dictam robam portantibus mortuis quam
              cadrigam et roncinum tradidit Guillermo cadrigario ad opus operum Cusiriaci ut per
              litteram domini Girardi de Langes baillivi Baugiaci et litteram dicti Guillermi : VIII
              libras XVII solidos VI denarios </item>
            <lb/>
            <item> item libravit in quinquaginta duodenis caseorum emptis et libratis fratri Iohanni
              preceptori domus Templi Lugduni qui eos debuit facere reddi <lb/> apud <sic>Acra</sic>
              domino Iohanni de Graylliaco cui eos mittit dominus comes ut per litteram dicti
              fratris et pro ipsis portandis apud Lugdunum : XIX libras X solidos </item>
            <lb/>
            <item> item libravit dicto Petro de Monbeliart pro factura stuphi stangni de Albigniaco
              ultra quatuor libras decem solidos quas habuit a Petro clerico : XXX solidos </item>
            <lb/>
            <item> item pane dato hominibus carreantibus marronnum dicti stuphi : V solidos X
              denarios </item>
            <lb/>
            <item> item libravit Collino aucupi et Stephano socio suo tendentibus ad falcones apud
              Pontem Vallium pro expensis ut per litteram domini comitis de mandato <lb/> datam die
              lune post exaltationem sancte crucis anno octogesimo octavo ultra tria<note> On avait
                commencé à écrire <hi rend="italics">tres</hi>, et le mot est raturé.</note>
              meiteria siliginis et unum meiterium frumenti superius allocata : XV solidos VI
              denarios </item>
            <lb/>
            <item> item dicto Stephano aucupi cum uno garcione portanti apud Sanctum Simphorianum ad
              dominum comitem duos falcones quos ceperat pro expensis : V solidos </item>
            <lb/>
            <item> item dignerio dato quatuor hominibus apportantibus servitium tertia die
              nativitatis domini : XVIII denarios </item>
            <lb/>
            <item> item expensis Guillermi de Castro Novo et Humberti de <sic>Chavennes</sic>
              custodientium apud Pontem Vallium falcones domini comitis et canes et expensis ipsorum
              canum <lb/> mense novembris quando dominus comes ivit apud Cabillonem : per tres dies
              XV solidos </item>
            <lb/>
            <item> item libravit domine comitisse per manum Jacobi de Secusia ut per litteram dicte
              domine datam die iovis post natale Domini anno octogesimo octavo : C solidos </item>
            <lb/>
            <item> item libravit sibi ipsi pro salario suo pro castellania Pontis Vallium et domo de
              Chivrous tenendis per dictum tempus ad rationem quindecim librarum <lb/> viennensium
              de salario per annum : XIII libras XI solidos II denariis </item>
            <lb/>
            <item> item libravit in uno falcone empto de Beriot et tradito domino comite <del
                rend="overstrike">ultra</del> ut dicit : LXIX solidos</item>
          </list></p>
        <div xml:id="bilan_expense_et_librate">
          <p><lb/><list>
              <item> summa <sic>tottalis</sic> expense et librate : VII<hi rend="sup">XX</hi> VI lb.
                XIII s. VI d. vien.</item>
            </list></p>
        </div>
      </div>
      <div xml:id="bilan">
        <p><lb/><list>
            <item> et sic debetur eidem castellano XXX libras XIIII solidos IIII denarios obolum
              viennensium</item>
            <item> quibus aduntur XII solidi viennensium pro duobus <lb/> doliis emptis ad portandum
              caseos supradictos missos domino Johanni de Graylly </item>
            <item> item aduntur XXX libre viennensium quas ipse solvit Iohanni Channel burgensi
              Pontis Vallium cui dominus comes eas debebat de mutuo a dicto Iohanne sibi facto ad
              opus operum Cusiriaci <lb/> ut per litteram debiti quam reddit datam decima die iunii
              anno octogesimo octavo </item>
            <item> item feno supradicto reponendo et locagio domus qua conservatum est : <lb/> IIII
              solidi </item>
            <item> item aduntur pro factura birerii quod perditum fuerat ultra quinque solidos quos
              solvere debet Bernardus Berchez qui acusabatur de perda veteris birerii : XXV solidi </item>
            <item> item aduntur pro expensis domini Iohannis Flori et Petri clerici recipientium
              presentem computum et computum domus <lb/> de Chivroux : XXX solidi</item>
            <item> et sic debetur eidem castellano LXIIII libras V solidos IIII denarios obolum
              viennensium</item>
            <item> de quibus deducuntur <lb/> XX solidi viennensium quos habuit a quodam homine de
              Chivroux pro banno ex eo quod fecerat unum fossatum in itinere apud Chivroux et hoc
              bannum <lb/> debuisset habuisse castellanus Baugiaci</item>
            <item> et sic restat quod debetur dicto castellano de claro LXIII libras V solidos IIII
              denarios obolum viennensium <lb/> quas sibi solvit in computo de Chivroux ut patet in
              ipso</item>
          </list></p>
      </div>
    </body>
  </text>
</TEI>
