<?xml version="1.0" encoding="UTF-8"?>
<?xml-model href="http://www.tei-c.org/release/xml/tei/custom/schema/relaxng/tei_all.rng" schematypens="http://relaxng.org/ns/structure/1.0"?>
<TEI xmlns:math="http://www.w3.org/1998/Math/MathML" xmlns="http://www.tei-c.org/ns/1.0"
    xmlns:xi="http://www.w3.org/2001/XInclude" xmlns:svg="http://www.w3.org/2000/svg"
    xml:id="B9157_1">
    <teiHeader>
        <fileDesc>
            <titleStmt>
                <title>Compte de Guiffrey du Chaney (Guiffredus del Chaney), châtelain, pour la châtellenie de
                    Pont-de-Vaux, du jeudi 4 octobre 1296 au vendredi 26 avril 1297 <date
                        type="debut" from-iso="12961004" cert="high"/><date type="fin"
                        from-iso="12970426" cert="high"/></title>
                <respStmt>
                    <persName><name xml:lang="fra">Guiffrey du Chaney</name><name xml:lang="lat"
                            >Guiffredus del Chaney</name></persName>
                    <resp>Châtelain</resp>
                </respStmt>
            </titleStmt>
            <publicationStmt>
                <p>Alain Kersuzan et Frédéric Chartrain, avec la collaboration de Nils Mantilleri, Jean-Michel Poisson et Marianne Ronot, 
                    <title>Compte de Guiffrey du Chaney (<hi rend="italics">Guiffredus del Chaney</hi>), châtelain, pour la châtellenie de
                        Pont-de-Vaux, du jeudi 4 octobre 1296 au vendredi 26 avril 1297</title>,
                    Lyon - Chambéry, 2011 (<title>Documents comptables des Etats de Savoie, XIIIe - XVe s.</title>)</p>
            </publicationStmt>
            <seriesStmt>
                <title>Pont-de-Vaux</title>
            </seriesStmt>
            <sourceDesc>
                <p>Information about the source</p>
            </sourceDesc>
        </fileDesc>
    </teiHeader>
    <text>
        <body>
            <milestone n="2" unit="vue"/>
            <pb n="1"/>
            <div xml:id="prologue">
                <p><lb/>Computus Guiffredi <foreign>del Chaney</foreign> castellani Pontis Vallium a
                    quarta die mensis octobris anno <lb/> Domini M<hi rend="sup">o</hi> CC<hi
                        rend="sup">o</hi> nonagesimo sexto usque ad diem veneris post festum beati
                    Marci evvangeliste vicesima sexta die mensis aprilis videlicet de <lb/> viginti
                    novem septimanis receptus per Andream de Voyrone apud Camberiacum in presentia
                    domini comitis scriptus per Emionetum <add place="interlinear endOfLine">de
                        Voyrone</add></p>
            </div>
            <div xml:id="recepte">
                <div xml:id="frumentum">
                    <head>frumentum</head>
                    <p><lb/> idem reddit computum <list>
                            <item> de IIII cupis frumenti receptis apud Albineu de tenementariis
                                mansi <foreign>au Chalveys</foreign> pro quatuor panibus quos debent
                                <lb/> per annum </item>
                            <item> de exitu mansi quondam Hugonis de <foreign>Fromentauz</foreign>
                                nichil hoc anno quia dicit quod Stephanus <foreign>Masuers</foreign>
                                qui tenebat dictum mansum <lb/> recessit a patria et
                                    <sic>dinisit</sic> ipsum propter paupertatem </item>
                            <item> de II <foreign>meyters</foreign> II cupis receptis de redditu
                                quondam Iohannis de <foreign>Poysat</foreign><lb/> redacto<note
                                    type="césure"><hi rend="italics">re<lb/>dacto</hi></note> ad
                                manum domini </item>
                            <item> de IIII cupis receptis de redditu dicti Iohannis pro quatuor
                                panibus ut extenta </item>
                            <item> de exitu molendini de <lb/><foreign>Marceseys</foreign> nichil
                                hoc anno quia nichil venit de frumento in dicto molendino </item>
                            <item> de exitu molendini Pontis Vallium nichil <lb/> quia adcensatum
                                est ad siliginem </item>
                            <item> de coponagio nichil quia accensatum est cum mercato ad denarios </item>
                            <item><lb/> summa : III <foreign>meyters</foreign> IIII cupas frumenti —
                                et remanent </item>
                        </list></p>
                </div>
                <div xml:id="siligo">
                    <head>siligo</head>
                    <p><lb/> idem reddit computum <list>
                            <item> de X <foreign>meyters</foreign> siliginis receptis de hominibus
                                de vico Albigniaci de redditu per annum </item>
                            <item> de IIII <foreign>meyters</foreign> receptis <sic>de <lb/>
                                    de</sic> villa Sancti Benigni </item>
                            <item> de <sic>prepositutura</sic> per annum </item>
                            <item> de XXVII <foreign>meyters</foreign> receptis apud Boscum de
                                prepositura et chacipolleria <lb/> per annum </item>
                            <item> de IIII <foreign>meyters</foreign> receptis <foreign>del
                                    Bellevros</foreign> pro manso <foreign>al Chapototz</foreign> de
                                redditu per annum<note> Le mot <hi rend="italics">annum</hi> n’est
                                    pas toujours correctement abrégé ici : on alterne <hi
                                        rend="italics">annū</hi> et <hi rend="italics">anñ</hi>, et
                                    parfois, comme dans ce cas, on écrit un jambage de trop, ou de
                                    moins. </note></item>
                            <item> de VI <foreign>meyters</foreign> IIII cupis <lb/> et quarta parte
                                unius cupe <add place="interlinear">receptis</add> de redditu
                                Guidonis <foreign>des Spinous</foreign> de redditu per annum redacto
                                ad manum domini pro eo quod emendavit dominus <lb/> pro ipso erga
                                Iudeos </item>
                            <item> de exitu molendini de <foreign>Marceysef</foreign> nichil hoc
                                anno ut supra in frumento in quo molendino dominus percipit <lb/>
                                tantum sextam partem </item>
                            <item> de XV <foreign>meyters</foreign> receptis de firma molendini
                                    <foreign>del Espinous</foreign> finita in festo apostolorum
                                Symonis et Iude </item>
                            <item><lb/> de IX cupis receptis de Guillermeta relicta Stephani
                                    <foreign>Bochart</foreign> de bonis dicti
                                    <foreign>Poysat</foreign> de redditu per annum </item>
                            <item><lb/> summa : LX VIII <foreign>meyters</foreign> I cupam et
                                quartam partem unius cupe siliginis <add
                                    place="interlinear endOfLine">venduntur ut infra</add></item>
                        </list></p>
                </div>
                <div xml:id="avena">
                    <head>avena</head>
                    <p><lb/> idem reddit computum <list>
                            <item> de XV <foreign>meyters</foreign> avene receptis de hominibus
                                    <sic>cellerari</sic><note> Lire <hi rend="italics"
                                        >cellerarii</hi>.</note> de <sic>Trenachio</sic><note> Lire
                                        <hi rend="italics">Trenorchio</hi>.</note> de gardis et
                                recognitionibus per annum </item>
                            <item> de <lb/> XI <foreign>meyters</foreign> receptis de quibusdam
                                hominibus de garda per annum </item>
                            <item> de II <foreign>meyters</foreign> reeptis de bonis dicti
                                    <foreign>Poysat</foreign><note> On a écrit <hi rend="italics"
                                        >poy sat</hi>.</note> de redditu <lb/> per annum </item>
                            <item> de III cupis receptis de bonis Guidonis <foreign>des
                                    Spinous</foreign> redactis ad manum domini ut supra </item>
                            <item> de II <foreign>meyters</foreign><lb/> receptis de bonis dicti
                                    <foreign>Poysat</foreign> de redditu per annum </item>
                            <item> summa : XXX <foreign>meyters</foreign> III cupas avene </item>
                            <item> de quibus <lb/> idem libravit ad expensas domini comitis factas
                                apud Pontem Vallium per manum Hugonis de Voyrone clerici sui per
                                litteras dicti domini <lb/> comitis et dicti Hugonis de recepta quas
                                reddit datas die martis post <sic>obtabas</sic> beati Martini anno
                                nonagesimo sexto : XIIII <lb/><foreign>meyters</foreign><note
                                    type="césure"><hi rend="italics">mey<lb/>ters</hi></note> VI
                                cupas </item>
                            <item> idem libravit ad expensas <del rend="overstrike">dicti</del>
                                domini comitis hospitii factas apud Pontem Vallium per manum domini
                                <lb/> Iacobi capellani sui per litteras dictorum domini comitis et
                                capellani datas die lune post pascha anno nonagesimo septimo quas
                                reddit : <lb/> IX <foreign>meyters</foreign> et dimidium avene </item>
                            <item><del rend="overstrike">idem libravit ad expensas domini Rodulphi
                                    de <foreign>Meyseu</foreign> et Gileti de <lb/> Boscosello et
                                    Guillermi de Sancto Mauritio familiarium domini comitis per
                                    litteras dicti domini Rodulphi de <del rend="overstrike"
                                        >littera</del><add place="interlinear">recepta</add> quas
                                    reddit <lb/> datas die mercurii post octabas <del
                                        rend="overstrike">pasche</del><add place="interlinear"
                                        >epiphanie Domini</add> anno nonagesimo sexto : IX cupas
                                    avene</del><note>les trois lignes ont été biffées en signe de
                                    cancellation</note></item>
                            <item><lb/> summa librate : XX <add place="interlinear"
                                    >IIII</add><foreign>meyters</foreign> II cupas avene </item>
                            <item> et sic <lb/> debet<note type="césure"><hi rend="italics"
                                        >de<lb/>bet</hi></note> V
                                    <foreign>meyters</foreign><sic>avenene</sic> et IX cupas avene —
                                et remanent </item>
                        </list></p>
                </div>
                <div xml:id="milium">
                    <head>milium</head>
                    <p><list>
                            <item><lb/> de milio nichil per dictum tempus </item>
                        </list></p>
                </div>
                <div xml:id="cera">
                    <head>cera</head>
                    <p><lb/> idem reddit computum <list>
                            <item> de XIX libris cere receptis in dicta castellania de gardis per
                                annum ut in computo precedenti deducta <lb/><add place="leftMargin"
                                    >I</add> libra quam debebat Peronetus <foreign>Li
                                    Guers</foreign> qui recessit de terra propter paupertatem <lb/>
                                summa : XIX libras cere </item>
                            <item> de quibus <lb/> idem libravit ad expensas domini comitis factas
                                apud Pontem Vele per manum domini Iacobi capellani ipsius per
                                litteras ipsius domini comitis et <lb/> dicti capellani de recepta
                                quas reddit datas apud Pontem Vele die lune post pascha anno
                                nonagesimo septimo : VI libras et dimidiam cere </item>
                            <item> et sic restant : XII libre et dimidia cere — venduntur ut infra
                            </item>
                        </list></p>
                </div>
                <div xml:id="galline">
                    <head>galline</head>
                    <p><lb/>idem reddit computum <list>
                            <item> de VI<hi rend="sup">XX</hi> IIII gallinis receptis apud Boscum et
                                apud vicum Albigniaci et apud Sanctum Benignum <lb/> de consuetudine
                                et levantur apud Boscum et apud Sanctum Benignum in quolibet foco
                                due galline et apud vicum Albigniaci<note type="césure"><hi
                                        rend="italics">albig<lb/>niaci</hi></note><lb/> in quolibet
                                foco una gallina deductis quatuor gallinis de quibus solvebat
                                    <unclear>Al[is]sia</unclear> Sybouda de Sancto
                                        <unclear><foreign>Beren</foreign></unclear><lb/> duas
                                gallinas et dictus <foreign>de Rias</foreign> de Sancto
                                    <foreign>Beren</foreign> duas gallinas qui recesserunt de patria
                                nec habent domos nec focos </item>
                            <item><lb/> de XI gallinis receptis de redditu Guidonis <foreign>des
                                    Spinous</foreign></item>
                            <item> summa : VI<hi rend="sup">XX</hi> XV galline </item>
                            <item> de quibus libravit ad <lb/> expensas domini factas apud Pontem
                                Vallium per manum Hugonis de Voyrone clerici sui per litteras ipsius
                                domini comitis et dicti Hugonis de recepta <lb/> quas reddit datas
                                ut supra in avena : XX gallinas </item>
                            <item> idem libravit ad expensas domini comitis factas apud Pontem Vele
                                per manum domini <lb/> Iacobi per litteras ipsius domini comitis et
                                dicti domini Iacobi datas ut supra in avena : X gallinas </item>
                            <item> summa librate : XXX galline </item>
                            <item><lb/> et sic restant : C V galline — <sic>vendutur</sic> ut infra
                            </item>
                        </list></p>
                </div>
                <div xml:id="carrelli">
                    <head>carellos</head>
                    <p><lb/> idem reddit computum <list>
                            <item> de C ferris carellorum ad unum pedem receptis de Guillerma
                                relicta Martini de Furno pro porteria porte Pontis<note
                                    type="césure"><hi rend="italics">pon<lb/>tis</hi></note><lb/>
                                Vallium a parte Cuysiriaci de redditu per annum </item>
                            <item> de C ferris carellorum ad unum pedem de redditu per
                                    <sic>anum</sic> a parte <lb/><sic>Baugiauci</sic></item>
                            <item> summa : CC <sic>garelli</sic></item>
                            <item> de VI<hi rend="sup">C</hi><del rend="overstrike">ga</del><note>
                                    On a d’abord essayé de raturer la syllabe, avant de la
                                    biffer.</note> carellis receptis de Hugone Medici castellano
                                ante ipsum de remanentia ultimi <sic>sui computi sui</sic></item>
                            <item> summa : VIII<hi rend="sup">C</hi> carelli — et remanent </item>
                        </list></p>
                </div>
                <div xml:id="fenum">
                    <head>fenum</head>
                    <p><list>
                            <item><lb/> de feno non computat quia Hugo Medici castellanus ante ipsum
                                de ipso computavit </item>
                        </list></p>
                </div>
                <div xml:id="denarii_census">
                    <head>denarii census</head>
                    <p><lb/> idem reddit computum <list>
                            <item> de X solidis <del rend="overstrike">receptis</del> III denariis
                                    <sic>receptis parisiensium receptis</sic> de tenementariis mansi
                                    <foreign>auz Chalveys</foreign> de redditu per annum </item>
                            <item> de <lb/> II solidis receptis de Perrino et Bernardo <foreign>del
                                    Charney</foreign> pro eodem </item>
                            <item> de VI solidis receptis de Peroneto <foreign>del Truchal</foreign>
                                et nepote suo pro <lb/> eodem </item>
                            <item> de VIII solidis receptis <foreign>del Bellevro</foreign> pro
                                manso <foreign>auz Chapototz</foreign> pro eodem </item>
                            <item> de IIII denariis receptis de Divina et genero suo <lb/> pro eodem </item>
                            <item> de XII denariis receptis <sic>de de</sic> Ogereto Grassi pro
                                eodem </item>
                            <item> de V solidis receptis de Stephano <foreign>Masuer</foreign> pro
                                manso Hugonis de <lb/><foreign>Fromentauz</foreign><note
                                    type="césure"><hi rend="italics"
                                >fro<lb/>mentauz</hi></note></item>
                            <item> de IIII denariis receptis de Humberto Broczardi et Iohanne fratre
                                suo de redditu dicti <foreign>Poysat</foreign></item>
                            <item> de III solidis receptis a Guillermeto<note type="césure"><hi
                                        rend="italics">guillerme<lb/>to</hi></note><lb/><foreign>del
                                    Lafredi</foreign> pro eodem </item>
                            <item> de VI solidis receptis de Peroneto et Ogereto filiis<note> Le s
                                    final a été ajouté dans l’interligne supérieur.</note> quondam
                                Guichardi Albi pro eodem </item>
                            <item> de X solidis <lb/> receptis de relicta Petri Burdini pro eodem </item>
                            <item> de IIII libris X solidis receptis de bonis Guidonis <foreign>des
                                    Spinous</foreign> quondam pro redditu per <sic>anum</sic></item>
                            <item> de <lb/> VI solidis receptis de quatuor banchis macelli et
                                levantur pro qualibet banca decem octo denarii </item>
                            <item> de VII libris VII solidis VII denariis <lb/> receptis de teysiis
                                domorum Pontis Vallium que levantur in octabis pasche </item>
                            <item> de IX libris receptis de tallia in hominibus de Bosco que <lb/>
                                levantur in festo beati Andree apostoli et de aliis novem libris que
                                debebantur in festo beati Bartholomei computavit Hugo <lb/> Medici
                                castellanus ante ipsum </item>
                            <item> de XL solidis receptis de tallia apud Sanctum Benignum qui
                                levantur in festo beati Andree apostoli <lb/> et de aliis
                                quadraginta solidis computavit Hugo Medici castellanus ante ipsum </item>
                            <item><lb/> summa : XXV lb. XV s. VI d. par. </item>
                        </list></p>
                </div>
                <div xml:id="garde">
                    <head>garde</head>
                    <p><lb/> idem reddit computum <list>
                            <item> de IIII solidis IIII denariis de gardis per annum deductis
                                sexdecim denariis parisiensium quos debebat Iohannes
                                    <foreign>Ayouz</foreign> de
                                    <lb/><foreign>Chavannes</foreign><note> Le signe d’abréviation
                                    est mal placé : il faudrait lire <hi rend="italics"
                                        >Channanes</hi>.</note> de garda qui non possunt recuperari
                                quia recessit propter paupertatem </item>
                            <item> summa : IIII s. IIII d. </item>
                        </list></p>
                </div>
                <div xml:id="firme">
                    <head>firme</head>
                    <p><lb/> idem reddit computum <list>
                            <item> de VIII solidis VIII denariis receptis de firma forestagii et
                                dominii ripparie de <foreign>Marceseys</foreign> finita in festo
                                pasche <lb/> anno nonagesimo septimo et levatur forestagium in
                                nativitate Domini<note> Le mardi 25 décembre 1296.</note></item>
                            <item> de C solidis receptis de medietate firme Pontis Vallium finiende
                                <lb/> in festo beati Dyonisii anno nonagesimo septimo et tunc debet
                                tantumdem </item>
                            <item> de XXVI solidis VIII denariis receptis de medietate firme <lb/>
                                furni extra <del rend="overstrike">porta</del><note> L’abréviation
                                    de la première syllabe était ambigüe.</note> portam a parte
                                Cuysiriaci finiende in festo nativitatis Domini anno nonagesimo
                                septimo et tunc debet tantumdem </item>
                            <item> de <lb/> XII libris receptis de firma minuti pedagii leyde
                                coponagii nundinarum Baugiaci <sic>credagii et sequagii</sic>
                                porcorum ocissorum <lb/> in macello nundinarum Sancti Benigni
                                finienda quinta decima die mensis mayii anno nonagesimo septimo </item>
                            <item> de XXVI solidis <lb/> VIII denariis receptis de firma pedagii
                                Iudeorum finienda in festo omnium sanctorum anno nonagesimo septimo </item>
                            <item> de pontanagio quod <lb/> levatur in cremento aquarum ad portam
                                versus Baugiacum non computat quia positum est in itinere elevando a
                                dicta <lb/> porta usque ad pontem </item>
                            <item> de censa corsinorum et Iudeorum non computat quia solverunt
                                domino ut dicit </item>
                            <item> de introgiis<note type="césure"><hi rend="italics"
                                        >intro<lb/>giis</hi></note><lb/> inventis et nemore
                                fossatorum nichil hoc anno </item>
                            <item> summa : XX lb. II s. par. </item>
                        </list></p>
                </div>
                <div xml:id="laudes_et_vende">
                    <head>laudes et vende</head>
                    <p><lb/> idem reddit computum <list>
                            <item> de XIII denariis obolo parisiensium receptis de Guillermo
                                    <foreign>Brunichat</foreign> pro parte domini terre empte a
                                dicta <foreign>La Breta</foreign> pretio quindecim solidorum <lb/>
                                parisiensium </item>
                            <item> de VI denariis receptis a dicto Guillermo
                                    <foreign>Brunichat</foreign> pro parte domini terre empte a
                                Iohanneta <foreign>La Puta</foreign> pretio sex solidorum
                                parisiensium </item>
                            <item> de <lb/> II denariis receptis a Reynoudo de Curia pro parte
                                    domini<note> On avait d’abord écrit domus, et le mot est
                                    raturé.</note> terre empte a Iohanne <foreign>dou
                                    Nevro</foreign> pretio duorum solidorum </item>
                            <item> de VI denariis receptis <lb/> de Stephano <del rend="overstrike"
                                        ><foreign>Alboud</foreign></del> Roboudi pro parte domini
                                terre empte a Maencia et liberis suis pretio sex solidorum
                                parisiensium </item>
                            <item> de V denariis <lb/> receptis a dicto <foreign>Bovet</foreign> pro
                                parte domini terre empte a dicta <foreign>La Puta</foreign> pretio
                                quatuor solidorum octo denariorum parisiensium </item>
                            <item> de XXIII denariis <lb/> receptis a Stephano
                                    <foreign>Robouz</foreign> pro parte domini terre empte a Maencia
                                relicta Guichardi <foreign>Lo Blondan</foreign> de Bos </item>
                            <item> de III denariis parisiensium obolo <lb/> viennensium receptis de
                                Iohanne <foreign>del Chano</foreign> de Bosco pro quadam concordia
                                facta super quodam prato quod <add place="interlinear">olim</add>
                                emerat a Iohanne <unclear>Mereli</unclear><lb/> summa : IIII s. XI
                                d. par. </item>
                        </list></p>
                </div>
                <div xml:id="banna">
                    <head>banna</head>
                    <p><lb/> idem reddit computum <list>
                            <item> de XL solidis parisiensium receptis de Iohanne
                                    <foreign>Pinart</foreign> pro eo quod ceperat de paniciis
                                vicinorum suorum de nocte per iudicem <lb/> concordatum </item>
                            <item> de XX solidis receptis a Peroneto Morelli pro eo quia ceperat
                                quamdam vernam in verneto Hugonis <foreign>Contat</foreign> per
                                iudicem concordatum </item>
                            <item><lb/> de XIII solidis IIII denariis receptis de Peroneto
                                    <foreign>Pupet</foreign> pro eo quod filius suus pignoraverat
                                quamdam mulierem in itinere quam invenerat <lb/> scindentem<note
                                    type="césure"><hi rend="italics">scin<lb/>dentem</hi></note> in
                                verneto suo </item>
                            <item> de XX solidis a Guichardo Bergerii pro eo quod ipse fecerat
                                pignorari quamdam mulierem in castellania <lb/> Pontis Vallium per
                                familiam castellani <del rend="overstrike">Pontis</del> de
                                    <foreign>Romanay</foreign></item>
                            <item> de VI solidis VIII denariis receptis de Peronino
                                    <foreign>Tallifer</foreign> de Bosco pro eo <lb/><add
                                    place="leftMargin">quod</add> sciderat nemus alienum </item>
                            <item> de XXVI solidis VIII denariis receptis de Hugonino filio
                                Girardini <del rend="overstrike">dum erat</del> pro eo quod ceperat
                                de <lb/> bonis<note type="césure"><hi rend="italics"
                                    >bo<lb/>nis</hi></note> patris sui contra voluntatem patris sui
                                et pro eo quod uxor dicti Hugonis ceperat canabum alienum </item>
                            <item> de XX solidis receptis a Ber <lb/> [vue 3 = peau 2] Bernardo
                                Girardini et filio suo parvo pro eo quod moluerat bladum cuiusdam
                                hominis loco sui per iudicem concordatum </item>
                            <item> de XIII solidis IIII denariis <lb/> receptis de Iohanne
                                    <foreign>Bacelart</foreign> pro eo quod ipse furatus fuerat ut
                                dicebatur quemdam <sic>cihfum</sic><note> Lire <hi rend="italics"
                                        >scyphum</hi>.</note> extra <sic>iuriditionem</sic> domini </item>
                            <item> de XL solidis receptis a Bernardo <lb/> Perroudi<note
                                    type="césure"><hi rend="italics">per<lb/>roudi</hi></note> pro
                                eo quod ipse recessit de <sic>priysione</sic> castellani sine
                                licentia ipsius </item>
                            <item> de XIII solidis IIII denariis receptis de eodem pro michallia
                                animalium captorum <lb/> de ipsius fideiussoribus que comederant de
                                feno domini </item>
                            <item> de VI solidis VIII denariis receptis de Guidone de Furno pro eo
                                quod non solverat vendam<note type="césure"><hi rend="italics"
                                        >ven<lb/>dam</hi></note><lb/> unius vache quam emerat de
                                pignore in foro Pontis Vallium </item>
                            <item> de XIII solidis IIII denariis receptis de Iohanne
                                    <foreign>Morater</foreign> pro eo quod ceperat <lb/> de nocte
                                rapas alienas </item>
                            <item> de VI solidis VIII denariis receptis de Vito <foreign>Lo
                                        Clopat<note> On a écrit <hi rend="italics"
                                        >loclopat</hi>.</note></foreign> pro eo quod ceperat nemus
                                alienum per iudicem concordatum </item>
                            <item> de XX <lb/> VI solidis VIII denariis receptis de preposito
                                Bergerii <foreign>delles Uches</foreign><note> On a écrit <hi
                                        rend="italics">del les uches</hi>.</note> et de dicto
                                    <foreign>Farson</foreign> pro eo quod non <sic>solverat</sic>
                                pedagium porcorum <sic>stranseuntium</sic><note type="césure"><hi
                                        rend="italics">stranse<lb/>untium</hi></note><lb/> per
                                villam Pontis Vallium quos ducebant ad nundinas
                                    <sic>Scabilonis</sic> causa vendendi </item>
                            <item> de VI solidis VIII denariis receptis de Iohanne <lb/> Cuselli pro
                                eo quod ipse fuit cum filio Peroneti Popet quando pignoravit quamdam
                                mulierem in itinere <lb/><del rend="overstrike">pro parte castellani
                                    capientis in libra duos s</del></item>
                            <item> summa : XII lb. VII s. IIII d. par. — deductis viginti sex
                                solidis <lb/> pro parte castellani capientis in libra duos solidos
                            </item>
                        </list></p>
                </div>
                <div xml:id="clame">
                    <head>clame</head>
                    <p><lb/> idem reddit computum <list>
                            <item> de XXX solidis receptis de minutis clamis per dictum tempus
                                deductis duobus solidis pro parte castellani capientis in <lb/>
                                libra duos solidos </item>
                        </list></p>
                </div>
                <div xml:id="escheyte">
                    <head>escheyte</head>
                    <p><lb/><list>
                            <item>de escheytis nichil hoc anno </item>
                        </list></p>
                </div>
                <div xml:id="venditiones">
                    <head>venditiones</head>
                    <p><lb/> idem reddit computum <list>
                            <item> de XXI solidis X denariis obolo parisiensium receptis de duodecim
                                libris et dimidia cere <sic>vendite</sic> ut supra qualibet libra
                                viginti <lb/> uno denariis parisiensium </item>
                            <item> de XXVI solidis III denariis <sic>receptis parisiensium
                                    receptis</sic> de centum quinque gallinis venditis ut supra
                                qualibet gallina tres denarios parisiensium </item>
                            <item><lb/> summa : XLVIII s. III ob. par. </item>
                        </list></p>
                </div>
                <div xml:id="firme_oblite_computari">
                    <head>firme <sic>olite</sic><note> Lire <hi rend="italics">oblite</hi>.</note>
                        computari</head>
                    <p><lb/> idem reddit computum <list>
                            <item> de XXVI solidis VIII denariis parisiensium receptis de medietate
                                firme arreagii ballarum stranseuntium per Pontem Vallium <lb/>
                                finiende in festo beati Iohannis <sic>bapthiste</sic> anno
                                nonagesimo septimo et tunc debet <sic>tantudem</sic></item>
                        </list></p>
                </div>
                <div xml:id="bilan_recepte">
                    <p><list>
                            <item><lb/> summa totius recepte : LXIII lb. XVIII s. X d. ob.
                                    par.<note> On avait répété dans la marge gauche la rubrique <hi
                                        rend="italics">firme olite computari</hi>, qui a été
                                    biffée.</note></item>
                        </list></p>
                </div>
            </div>
            <div xml:id="expense_et_librate">
                <p><list>
                        <item> de quibus <lb/> in palis de vernis pro
                                <unclear>rol[ev]amento</unclear> calciate stagni de
                                <foreign>Albigneu</foreign> faciendo pro terra dicte calciate
                            tenenda et sepibus ibidem faciendis : <lb/> LXXI solidos X denarios
                            obolum viennensium </item>
                        <item> pro chargiamento dicte calciate bassiando : VII solidos VI denarios
                            viennensium </item>
                        <item> pro duabus calciatis duorum stagnorum <lb/> de
                                <foreign>Albigneu</foreign> altiandis et aptandis et complendis
                            datis in taschiam Stephano de Bruyeria terraliatori per Petrum clericum
                            et per Iacobum de Secusia<note type="césure"><hi rend="italics"
                                    >secu<lb/>sia</hi></note><lb/> per litteras domini de mandato
                            quas reddit : XXXVI libras viennensium </item>
                        <item> pro quadam latrina facta in camera domini : XII solidos X denarios
                            viennensium </item>
                        <item> in <lb/> stipendiis<note type="césure"><hi rend="italics"
                                    >insti<lb/>pendiis</hi></note> ipsius tenentis dictam
                            castellaniam capientis per annum quindecim libras viennensium per dictum
                            tempus de quo computat : VIII libras VII solidos III denarios
                            viennensium </item>
                        <item><lb/> idem libravit ad expensas domini comitis factas apud Pontem
                            Vallium per manum Hugonis de Voyrone clerici sui per litteras de recepta
                            ipsius domini comitis et <lb/> dicti Hugonis quas reddit datas die
                            martis post octabas beati Martini anno nonagesimo sexto : XV libras XVII
                            solidos X denarios viennensium </item>
                        <item> idem libravit<note type="césure"><hi rend="italics"
                                    >libra<lb/>vit</hi></note><lb/> ad expensas hospitii domini
                            comitis factas apud Sanctum Triverium per manum domini Iacobi capellani
                            ipsius per litteras ipsius domini comitis et dicti <lb/> domini Iacobi
                            de recepta quas reddit datas die veneris ante carniprivium vetus anno
                            nonagesimo sexto : LX solidos viennensium </item>
                        <item> idem libravit <lb/> sibi ipsi ex mutuo facto domino per litteras
                            domini comitis super dicto mutuo et debito quas reddit datas die lune
                            post festum beati Martini hyemalis <lb/> anno nonagesimo sexto et per
                            litteras de recepta Bertrandi Malabali quas reddit : L libras
                            viennensium </item>
                        <item><lb/> summa expense salarii et librate : C XVII lb. XVII s. III d. ob.
                            vien. </item>
                    </list></p>
            </div>
            <div xml:id="bilan">
                <p><list>
                        <item> et ipse <lb/> debet<note type="césure"><hi rend="italics"
                                    >de<lb/>bet</hi></note> : LXIII libras XVIII solidos X denarios
                            obolum parisiensium </item>
                        <item> quibus adduntur : XXVI solidi VIII denarii parisiensium recepti de
                            medietate firme <lb/> furni positi extra portam a parte Cuysiriaci
                            finite in nativitate Domini anno nonagesimo sexto </item>
                        <item><lb/> et sic debet : LXV lb. V s. VI d. ob. par. — qui parisienses
                                <sic>scansi</sic> ad viennenses deni <lb/> octeni valent IIII<hi
                                rend="sup">XX</hi> XVII libras XVIII solidos IIII denarios
                            viennensium </item>
                        <item><lb/> et sic debentur ei : XIX libre XVIII solidi XI denarii obolus
                            viennensium </item>
                        <item><del rend="overstrike">de</del><lb/> pro quibus decem novem libris
                            decem octo solidis undecim denariis et obolo viennensium venduntur sibi
                            sexaginta octo <lb/> meyterii<note type="césure"><hi rend="italics"
                                    >mey<lb/>terii</hi></note> una cupa et quarta pars unius cupe
                            siliginis que debebat ut supra in titulo de siligine sibi venditi pro
                            tanto — et sic est quitus de siligine et eque de denariis</item>
                    </list></p>
            </div>
        </body>
    </text>
</TEI>
