<?xml version="1.0" encoding="UTF-8"?>
<?xml-model href="http://www.tei-c.org/release/xml/tei/custom/schema/relaxng/tei_all.rng" schematypens="http://relaxng.org/ns/structure/1.0"?>
<TEI xmlns:math="http://www.w3.org/1998/Math/MathML" xmlns="http://www.tei-c.org/ns/1.0"
  xmlns:xi="http://www.w3.org/2001/XInclude" xmlns:svg="http://www.w3.org/2000/svg" xml:id="B9154_3">
  <teiHeader>
    <fileDesc>
      <titleStmt>
        <title><hi rend="italics">Remanentie</hi> des comptes précédents (1285) de Barthélémy
          Sylvestre (Bartholomeus Silvestris), châtelain, pour la châtellenie de Pont-de-Vaux <date
            type="debut" from-iso="12850624" cert="high"/><date type="fin" from-iso="12851102"
            cert="high"/></title>
        <respStmt>
          <persName><name xml:lang="fra">Barthélémy Sylvestre</name><name xml:lang="lat"
              >Bartholomeus Silvestris</name></persName>
          <resp>Châtelain</resp>
        </respStmt>
      </titleStmt>
      <publicationStmt>
        <p>Alain Kersuzan et Frédéric Chartrain, avec la collaboration de Nils Mantilleri, Jean-Michel Poisson et Marianne Ronot, 
          <title><hi rend="italics">Remanentie</hi> des comptes précédents (1285) de Barthélémy
            Sylvestre (<hi rend="italics">Bartholomeus Silvestris</hi>), châtelain, pour la châtellenie de Pont-de-Vaux (1285)</title>,
          Lyon - Chambéry, 2011 (<title>Documents comptables des Etats de Savoie, XIIIe - XVe s.</title>)</p>
      </publicationStmt>
      <seriesStmt>
        <title>Pont-de-Vaux</title>
      </seriesStmt>
      <sourceDesc>
        <p>Information about the source</p>
      </sourceDesc>
    </fileDesc>
  </teiHeader>
  <text>
    <body>
      <milestone n="3" unit="vue"/>
      <pb n="2"/>
      <div xml:id="prologue">
        <p><lb/><note> Ce compte a été numéroté <hi rend="italics">X</hi> en tête.</note> Computus
            <sic>Bertholomei Silvestri</sic> factus <del rend="overstrike">die</del><note> La
            transcription du compte paraît être restée en suspens sur <hi rend="italics">die</hi>,
            et l’on a laissé un blanc, jusqu’à ce que ce mot soit biffé d’une autre plume, qui a
            complété alors l’indication chronologique, prenant acte du fait que l’on n’était pas, ou
            plus, en mesure de préciser le quantième.</note> mense iulii anno octogesimo sexto <lb/>
          de remanentiis computorum suorum castellanie Pontis Vallium et domus de
            <foreign>Chivrous</foreign> precedentium<note> Le mot <hi rend="italics"
              >pecedentium</hi> est également un ajout, que distinguent l’encre plus vive et le
            tracé des lettres.</note></p>
      </div>
      <div xml:id="recepte">
        <div xml:id="frumentum">
          <head>frumentum</head>
          <p><lb/> idem reddit computum <list>
              <item> de VI<hi rend="sup">XX</hi> VI meiteriis III cupis et tribus partibus unius
                cupe frumenti receptis a se ipso de remanentia computi sui de domo de
                  <foreign>Chivrous</foreign><lb/> ad mensuram Pontis Vallium </item>
              <item> de VII meiteriis III cupis ad mensuram Pontis Vallium a se ipso de remanentia
                computi sui Pontis Vallium videlicet pro octo meiteriis frumenti [quatuor]<note> Le
                  support est endommagé, mais une consultation de l’original permettrait peut-être
                  la lecture, car le fragment déchiré s’est conservé en s’enroulant sur lui-même. Le
                  somme peut toutefois être établie en se référant au compte immédiatement
                  précédent.</note><lb/> cupis que remansit debens ad mensuram Baugiaci<note> La
                  précision introduite par <hi rend="italics">videlicet</hi> paraît avoir été
                  ajoutée d’une autre plume.</note></item>
              <item> summa recepte : VI<hi rend="sup">XX</hi> XIIII meiteria et tres partes unius
                cupe </item>
              <item> de quibus <lb/> ipse libravit Guillermo <foreign>Cadout</foreign>, qui fuit
                factus castellanus Pontis Vallium post ipsum, ut per litteram Girardeti nepotis sui,
                  VI<hi rend="sup">XX</hi> V meiteria dimidium </item>
              <item> et sic debet IX meiteria et tres partes unius cupe frumenti — venduntur ut
                infra</item>
            </list></p>
        </div>
        <div xml:id="siligo">
          <head>siligo</head>
          <p><lb/> idem reddit computum <list>
              <item> de V<hi rend="sup">C</hi> XLIX meiteriis siliginis receptis a se ipso de
                remanentia computi sui domus de <foreign>Chivrous</foreign></item>
              <item> de LV meiteriis II cupis dimidia receptis a se ipso de <lb/> remanentia computi
                sui Pontis Vallium </item>
              <item> summa : VI<hi rend="sup">C</hi> IIII meiteria II cupe dimidia siliginis </item>
              <item> de quibus <lb/> libravit Guillermo <foreign>Cadout</foreign> predicto ut per
                litteram : XIX meiteria </item>
              <item> item domino Aynardo de Bardonesca qui tenuit dictam domum de
                  <foreign>Chivrous</foreign> post Guillermum <lb/><foreign>Cadout</foreign> ut in
                computo suo : IX meiteria que ipse Aynardus recuperavit a Berardo
                  <foreign>Cholet</foreign> et Rupho <foreign>Bastet</foreign> de remanentia firme
                decime de <foreign>Chivrous</foreign><lb/> summa librate : XXVIII meiteria </item>
              <item> item libravit <lb/> Hugoni de <foreign>Gorrevout</foreign> de dono domine
                comitisse <add place="interlinear">III meiteria</add></item>
              <item> et restant V<hi rend="sup">C</hi> LXXIII meiteria II cupe dimidia </item>
              <item> de quibus ipse libravit <lb/> Stephano oyselatori : IIII meiteria </item>
              <item> item in venditione ut infra : V<hi rend="sup">C</hi> LX meiteria</item>
            </list></p>
        </div>
        <div xml:id="avena">
          <head>avena</head>
          <p><lb/> idem reddit computum <list>
              <item> de IIII<hi rend="sup">XX</hi> XV meiteriis I cupa avene receptis a se ipso de
                remanentia computi sui domus de <foreign>Chivrous</foreign> ut patet in ipso </item>
              <item> de XL <supplied reason="support détruit">VII meiteriis</supplied><lb/> receptis
                a Berardo <foreign>Cholet</foreign> et Rupho <foreign>Bastet</foreign> videlicet de
                illis quadraginta septem meiteriis que debuerunt solvere Guillermo
                  <foreign>Cadout</foreign><add place="interlinear">ut</add> in precedenti computo
                <lb/> dicti Bartholomei de domo de <foreign>Chrivrous</foreign></item>
              <item> de VI meiteriis dimidio receptis de se ipso de remanentia computi sui Pontis
                Vallium </item>
              <lb/>
              <item> summa : VII<hi rend="sup">XX</hi> I meiteria V cupe </item>
              <item> de quibus <lb/> ipse libravit Guillermo <foreign>Cadout</foreign> predicto ut
                per litteram : IX meiteria </item>
              <item><del><unclear reason="mots effacés et biffés">item eidem
                de</unclear></del></item>
              <item> item eidem que recuperavit de Guillermo de Foresta et Guillermo
                  <foreign>Alardet</foreign> de <lb/> remanentia firme decime Pontis Vallium : VI
                meiteria </item>
              <item> item dicto domino Aynardo qui ea recuperavit a dictis Guillermo de Foresta et
                Guillermo <foreign>Alardet</foreign> de <lb/> remanentia eiusdem decime de qua
                dictus Bertholomeus computaverat : XLI meiteria, ut in computo dicti domini Aynardi </item>
              <item> item in libatione equorum domini <lb/> comitis apud Chastellionem edomada
                ultima iulii anno octogesimo sexto et libatione equorum mei Petri clerici pluribus
                vicibus pro negotiis domini : XLII <lb/> meiteria </item>
              <lb/>
              <item> summa librate : LXXIII meiteria </item>
              <item> et restant quod debet : LXVIII meiteria V cupe — venduntur ut infra</item>
            </list></p>
        </div>
        <div xml:id="vinum">
          <head>vinum</head>
          <p><lb/><list>
              <item> idem reddit computum de LV sestariis vini receptis de exitu decime patronatus
                Baugiaci hoc anno <add place="enfOfLine">que libravit dicto Guillermo
                    <foreign>Cadout</foreign><lb/> ut per eius litteram</add></item>
            </list></p>
        </div>
        <div xml:id="fenum">
          <head>fenum</head>
          <p><lb/> idem reddit computum <list>
              <item> de X carratis feni receptis de exitu pratorum desubtus Manziacum et calciatam
                stangni ut in computo <add place="endOfLine">precedenti : libratum fuit Guillermo
                    <foreign>Cadout</foreign>, ut dicit</add></item>
              <lb/>
              <item> de aliis redditibus et exitibus dicte domus de <foreign>Chivrous</foreign> et
                castellanie Pontis Vallium de quibus non computavit in precedenti vel<note> Le mot
                  est raturé, et il est difficile de choisir entre les conjonctions <hi
                    rend="italics">vel</hi> et <hi rend="italics">et</hi>.</note> in presenti
                computo <lb/> debet respondere Guillermus <foreign>Cadouz</foreign> vel dictus
                Aynardus</item>
            </list></p>
        </div>
        <div xml:id="venditiones">
          <head>venditiones</head>
          <p><lb/> idem reddit computum <list>
              <item> de C VIII solidis parisiensium receptis de novem meiteriis tribus partibus
                unius cupe frumenti venditis ut supra </item>
              <item> de VIII<hi rend="sup">XX</hi> XV libris XI solidis VIII denariis parisiensium
                <lb/> receptis de quingentis sexaginta meiteriis siliginis venditis ad diversa
                pretia ut supra, computatis viginti quinque meiteriis datis pro gietis </item>
              <lb/>
              <item> de XII libris X solidis parisiensium receptis <del rend="overstrike">a se
                  ipso</del> de sexaginta octo meiteriis quinque cupis avene venditis ut supra </item>
              <lb/>
              <item> summa : C IIII<hi rend="sup">XX</hi> XIII lb. IX s. VIII d. par.</item>
            </list></p>
        </div>
        <div xml:id="arreragium">
          <head>arreragium</head>
          <p><lb/> idem reddit computum <list>
              <item> de XXI solidis parisiensium receptis a se ipso de remanentia computi sui
                precedentis de domo de <foreign>Chivrous</foreign></item>
              <item> de XIX libris VI solidis I denario receptis a se ipso de remanentia <lb/>
                computi sui Pontis Vallium precedentis </item>
              <lb/>
              <item> summa : XX lb. VII s. I d. par. </item>
            </list></p>
        </div>
        <div xml:id="bilan_recepte">
          <p><lb/><list>
              <item> summa <sic>tottalis</sic> recepte : CC XIII lb. XVI s. IX d. par.</item>
            </list></p>
        </div>
      </div>
      <div xml:id="expense_et_librate">
        <p><list>
            <item> de quibus <lb/> libravit abbati et conventui Trenorchii de masagio quod eis
              debetur pro domo de <foreign>Chivrous</foreign> videlicet pro quadraginta quinque
              bichetis frumenti <add>ad <lb/> mensuram Trenorchii<note>ajouté en fin de ligne, puis
                  dans la marge gauche</note></add> ut per litteram et confessionem ipsorum : XLIX
              libras XV solidos VIII denarios parisiensium, et residuum dicti masagii habuerunt a
              Guillermo <foreign>Cadout</foreign> qui tenuit dictam domum </item>
            <lb/>
            <item> item in expensis factis pro parte siliginis et avene supradicte portanda ad
              mercata Matisconis et Baugiaci quia aliter vendi non poterat : XXX solidos IIII
              denarios parisiensium </item>
            <lb/>
            <item> item pro locagio granerii quo repositum fuit dictum bladum apud Pontem Vallium :
              <lb/> XXV solidos IIII denarios parisiensium </item>
            <lb/>
            <item> item pro uno roncino <add place="interlinear"><foreign>bay</foreign></add> empto
              de mandato Petri clerici et tradito Guillermo cadrigario ad atrahendum lapides apud
              Cusiriacum : IIII libras parisiensium </item>
            <lb/>
            <item> item Iocerando Salvagio iurato curie Lugdunensis pro expensis suis eundo ad
              recipiendum quittationem a domina comitissa ad opus Guillermi de
                <foreign>Varey</foreign> quando dominus concordavit <lb/> cum heredibus dicti
              Guillermi : XIII solidos IIII denarios </item>
            <item> item sibi ipsi pro salario suo de tempore quo tenuit <foreign>Chivrous</foreign>
              : LXVI solidos VIII denarios </item>
            <item> in expensis factis recipiendo <lb/> presentem computum : XX solidos</item>
          </list></p>
        <div xml:id="bilan_expense_et_librate">
          <p><list>
              <item> summa expense et librate : LXI lb. XI s. IIII d. par.</item>
            </list></p>
        </div>
      </div>
      <div xml:id="bilan">
        <p><list>
            <item> et sic restant quod debet : VII<hi rend="sup">XX</hi> XII libre V solidi V
              denarii parisiensium </item>
            <item> valent ad viennensium <lb/> tribus obolis computatis pro uno denario parisiensium
              : CC XXVIII libras VIII solidos III obolos de quibus ipse computat in computo suo de
              <lb/> Chasteillione in fine</item>
          </list></p>
      </div>
    </body>
  </text>
</TEI>
