<?xml version="1.0" encoding="UTF-8"?>
<?xml-model href="http://www.tei-c.org/release/xml/tei/custom/schema/relaxng/tei_all.rng" schematypens="http://relaxng.org/ns/structure/1.0"?>
<TEI xmlns:math="http://www.w3.org/1998/Math/MathML" xmlns="http://www.tei-c.org/ns/1.0"
  xmlns:xi="http://www.w3.org/2001/XInclude" xmlns:svg="http://www.w3.org/2000/svg" xml:id="B9155_1">
  <teiHeader>
    <fileDesc>
      <titleStmt>
        <title>Compte de Guêpe de Varax (Guespa de Varas), châtelain, pour la châtellenie de
          Pont-de-Vaux, du vendredi 16 mai 1287 au jeudi 1<hi rend="sup">er</hi> janvier 1288
          (nouveau style) <date type="debut" from-iso="12870516" cert="high"/><date type="fin"
            from-iso="12880101" cert="high"/></title>
        <respStmt>
          <persName><name xml:lang="fra">Guêpe de Varax</name><name xml:lang="lat">Guespa de
              Varas</name></persName>
          <resp>Châtelain</resp>
        </respStmt>
      </titleStmt>
      <publicationStmt>
        <p>Alain Kersuzan et Frédéric Chartrain, avec la collaboration de Nils Mantilleri, Jean-Michel Poisson et Marianne Ronot, 
          <title>Compte de Guêpe de Varax (<hi rend="italics">Guespa de Varas</hi>), châtelain, pour la châtellenie de
            Pont-de-Vaux, du vendredi 16 mai 1287 au jeudi 1<hi rend="sup">er</hi> janvier 1288
            (nouveau style)</title>,
          Lyon - Chambéry, 2011 (<title>Documents comptables des Etats de Savoie, XIIIe - XVe s.</title>)</p>
      </publicationStmt>
      <seriesStmt>
        <title>Pont-de-Vaux</title>
      </seriesStmt>
      <sourceDesc>
        <p>Information about the source</p>
      </sourceDesc>
    </fileDesc>
  </teiHeader>
  <text>
    <body>
      <milestone n="2" unit="vue"/>
      <pb n="1"/>
      <div xml:id="prologue">
        <p><lb/>Computus Guespe de <foreign>Varas</foreign> castellani Pontis Vallium a crastino
            <sic>accensionis</sic> Domini <lb/> qui fuit XVI<hi rend="sup">a</hi> die maii anno
          Domini M<hi rend="sup">o</hi> CC<hi rend="sup">o</hi> octogesimo septimo usque ad
          circumcisionem Domini eodem anno sumpto millesimo <lb/> in paschate videlicet pro </p>
      </div>
      <div xml:id="recepte">
        <div xml:id="frumentum">
          <head>frumentum</head>
          <p><lb/> idem reddit computum <list>
              <item> de dimidia cupa frumenti recepta de exitu molendini de
                  <foreign>Marceseys</foreign> pro parte domini </item>
              <item> de <sic>copunagio</sic> nichil in blado quia accensatum <lb/> est ad denarios
                cum leyda ut infra </item>
              <item> de II meiteriis dimidio receptis ad mensuram Baugiaci ab illis <foreign>del
                  Trembley</foreign> pro manso <foreign>Chalvet</foreign> sito <lb/> apud
                  <foreign>Boissey</foreign> de redditu per annum </item>
              <item> de II meiteriis dimidio receptis de Hugoneto <foreign>de Fromentauz</foreign>
                ad <sic>eandem</sic> mensuram de redditu ratione qua in precedenti <lb/> computo
                continetur </item>
              <item> de dimidio meiterio recepto de exitu copunagii die nundinarum que sunt apud
                Sanctum Benignum in festo <lb/> beati Christofori </item>
              <item> summa : V meiteria III cupe dimidia frumenti ad mensuram Baugiaci </item>
            </list></p>
        </div>
        <div xml:id="siligo">
          <head>siligo</head>
          <p><lb/> idem reddit computum <list>
              <item> de II meiteriis siliginis receptis de exitu molendini de
                  <foreign>Marceseys</foreign><add place="interlinear">in quo dominus capit sextam
                  partem</add> de empto ab Hugonino de <foreign>Guorrevout</foreign><lb/> pro parte
                domini </item>
              <item> de dimidio meiterio recepto de copunagio in nundinis Sancti Benigni </item>
              <item> de X meiteriis receptis ab hominibus de vico Albigniaci de <lb/> redditu per
                annum </item>
              <item> de IIII meiteriis receptis in villa Sancti Begnini de prepositura per annum </item>
              <item> de XVIII meiteriis receptis apud Boscum de prepositura <lb/> per annum </item>
              <item> de IX meiteriis receptis ibidem de chacipoleria per annum </item>
              <item> de IIII meiteriis receptis de Guillermo <foreign>Believro</foreign> de redditu
                pro manso <lb/><foreign>au Chapotat</foreign></item>
              <item> summa : XLVII meiteria dimidium ad mensuram Pontis Vallium</item>
            </list></p>
          <div type="sub">
            <head>item siligo</head>
            <p><lb/><list>
                <item> idem reddit computum de II meiteriis dimidio siliginis receptis ad mensuram
                  Baugiaci apud <foreign>Boissey</foreign> ab illis de <foreign>Trembley</foreign>
                  de redditu — valent ad mensuram <del rend="overstrike">bo</del> Pontis <lb/>
                  Vallium : XIII cupas </item>
                <item> summa recepte siliginis : XLIX meiteria IIII cupe </item>
                <item> de quibus libravit Stephano aucupi <lb/> de mandato domini comitis ut Guespa
                  dicit <del rend="overstrike">VI meiteria</del> V meiteria </item>
                <item> et restant XLIIII meiteria IIII cupe siliginis </item>
              </list></p>
          </div>
        </div>
        <div xml:id="avena">
          <head>avena</head>
          <p><lb/> idem reddit computum <list>
              <item> de XXVII meiteriis avene receptis de garda in dicta castellania ut in extenta </item>
              <item> de II meiteriis receptis apud <foreign>Boissey</foreign> ab illis
                  <foreign>del</foreign><lb/><foreign>Trembley</foreign> de redditu ad mensuram
                Baugiaci que equipollet mensure Pontis Vallium quantum ad avenam </item>
              <item> de II meiteriis dimidio ad eandem mensuram Baugiaci <lb/> de Hugoneto de
                  <foreign>Fromentauz</foreign> de redditu </item>
              <item> summa : XXXI meiteria dimidium avene </item>
            </list></p>
        </div>
        <div xml:id="panes">
          <head>panes</head>
          <p><lb/><list>
              <item> idem reddit computum de IIII panibus quorum quilibet debet valere unam cupam
                frumenti de redditu ab hominibus de Albigniaco — venduntur ut infra </item>
            </list></p>
        </div>
        <div xml:id="cera">
          <head>cera </head>
          <p><lb/><list>
              <item> idem reddit computum de XVII libris cere receptis in dicta castellania de garda
                ut in extenta — venduntur ut infra </item>
            </list></p>
        </div>
        <div xml:id="galline">
          <head><sic>gualline</sic></head>
          <p><lb/><list>
              <item> idem reddit computum de C III guallinis receptis apud vicum de Albigniaco apud
                Boscum et apud Sanctum Benignum ubi levantur de quolibet foco due <lb/> gualline
                excepto in vico de Albigniaco levantur in quolibet foco una gallina tantum et sic
                levantur aliquando plus aliquando minus — venduntur ut infra </item>
            </list></p>
        </div>
        <div xml:id="carrelli">
          <head>carrelli</head>
          <p><lb/><list>
              <item> idem reddit computum de C carrellis ferri ad balistam receptis ab heredibus
                Guillermi Fabri de redditu per annum pro porteria porte versus Cusiriacum <lb/> et
                  <sic>tottidem</sic> debetur pro alia porta — et hos centum carrellos custodit Hugo
                Grassi </item>
            </list></p>
        </div>
        <div xml:id="fenum">
          <head>fenum</head>
          <p><lb/><list>
              <item> idem reddit computum de III carratis feni receptis de exitu prati
                  <foreign>Planetex</foreign> iuxta nemus de <foreign>Agya</foreign> pro iure quod
                dominus habet ibidem de empto <lb/> ab heredibus Hugonis de
                  <foreign>Viriset</foreign> et uxore <foreign>Cochart</foreign> de Albergamento et
                ab uxore Iohannis <foreign>Poisat</foreign></item>
              <lb/>
              <item> summa : III carrate feni — venduntur ut infra </item>
            </list></p>
        </div>
        <div xml:id="denarii">
          <head>denarii</head>
          <p><lb/> idem reddit computum <list>
              <item> de XXVII solidis III denariis parisiensium receptis de redditu in dicta
                castellania per annum </item>
              <item> de teisis <add place="interlinear">et banchis macelli</add> non computat quia
                recuperantur in paschate <lb/> et eas habuit pro preterito termino castellanus
                precedens </item>
              <item> de VIII solidis receptis de firma forestagii et dominii riperie de
                  <foreign>Marceseys</foreign> in quibus <lb/> dominus percipit sextam partem et
                recuperatur in nativitate Domini annuatim </item>
              <item> de II solidis VIII denariis receptis de exitu furni Pontis Vallium in quo
                dominus percipit <lb/> medietatem videlicet a crastino accensionis Domini usque ad
                festum beati Christofori </item>
              <item> de XV solidis receptis de medietate <add place="interlinear">firme</add> exitus
                dicti furni pro parte domini finiende <lb/> in festo beati Christofori anno
                octogesimo octavo et tunc debetur tantumdem domino </item>
              <item> de XXXIIII solidis IIII denariis receptis de exitu minuti <lb/> pedagii per
                tempus supradictum </item>
              <item> de grosso pedagio nichil </item>
              <item> de <note> On avait commencé à écrire <hi rend="italics">V</hi>, mais le chiffre
                  a été biffé.</note> IIII solidis VIII denariis receptis de pedagio Iudeorum a
                crastino accensionis Domini usque ad octabas <lb/> beati Iohannis baptiste </item>
              <item> de XXVI solidis VIII denariis <unclear reason="support endommagé"
                    >rec<supplied>eptis de</supplied> firma</unclear> dicti pedagii finienda in
                festo beati Iohannis baptiste anno octogesimo octavo </item>
              <lb/>
              <item> de XX solidis III denariis receptis de exitu <unclear
                  reason="support endommagé">nundina<supplied>rum Sancti
                  Be</supplied>nigni</unclear> que sunt in festo beati Christofori hoc anno </item>
              <item> de VIII solidis receptis de exitu cridagii <lb/> et exegagii per dictum tempus </item>
              <item> de IIII libris receptis de <unclear reason="support endommagé">ta<supplied>llis
                    receptis</supplied></unclear> in festo beati <del rend="overstrike">An</del>
                Bartholomei et in festo beati Andree apud Sanctum Benignum </item>
              <item> de XVIII libris <lb/> receptis de tallia apud Boscum in dictis duobus terminis </item>
              <item> de <sic>tresdecim</sic> libris sex solidis octo denariis parisiensium quas
                Dayetus Iudeus debebat <lb/> in nativitate Domini anno octogesimo septimo pro se et
                liberis suis de istagio suo Pontis Vallium non computat quia dictus Dayetus eas
                solvit <lb/> anno preterito mense febroarii domine <unclear
                  reason="support endommagé">co<supplied>mitisse</supplied></unclear> Sabaudie ut
                patet per litteram dicte domine comitisse quam dictus Iudeus ostendit </item>
              <item> de censa <lb/><add place="leftMArgin">liberorum</add> Morrelli Iudei et Beniot
                Iudei non <unclear reason="support endommagé"
                  >comp<supplied>utat</supplied></unclear> quia non morantur iam est diu in villa </item>
              <item> de LXIII solidis IIII denariis receptis de medietate firme <lb/> copunagii et
                leyde finite in festo beati Iohannis baptiste anno octogesimo septimo et de alia
                medietate computavit castellanus precedens </item>
              <lb/>
              <item> de LX solidis receptis de exitu copunagii et leyde a festo beati Iohannis
                baptiste anno octogesimo septimo usque ad nativitatem Domini sequentem </item>
              <lb/>
              <item> de V solidis receptis de Hugone de <foreign>Fromentauz</foreign> de redditu </item>
              <item> de XVI solidis receptis de Guioneto <foreign>del Trembley</foreign> et liberis
                Ponceti <sic><foreign>del Trenbley</foreign></sic> de redditu </item>
              <lb/>
              <item> de tresdecim libris sex solidis octo denariis parisiensium quas debebat Iacobus
                cavorcinus <add place="interlinear">in festo beati Michaelis</add> pro istagio suo
                Pontis Vallium non computat quia<note> On a laissé en blanc la fin de la ligne et la
                  ligne suivante, apparemment afin de compléter l’article plus tard.</note></item>
              <lb/>
              <item> de II solidis IIII denariis receptis de gardis ut in extenta </item>
              <item> de XVI denariis receptis de Iohanne Ayont de garda </item>
              <lb/>
              <item> summa : XXXVI lb. XIIII s. X d. par. </item>
            </list></p>
        </div>
        <div xml:id="laudes_vende">
          <head>laudes vende</head>
          <p><lb/> idem reddit computum <list>
              <item> de XI denariis parisiensium receptis de Stephanino <foreign>Ribout</foreign> de
                Bosco de laudibus unius pecie terre empte de <foreign>La Breta</foreign></item>
              <item> de XV solidis receptis de Hugone <lb/><foreign>Cointet</foreign> pro laudibus
                unius domus empte a Payneto apud Pontem Vallium pretium centum solidorum </item>
              <item> de VII solidis receptis de Valleto de Belna pro laudibus <lb/> domus empte a
                filia Ruphi <del rend="overstrike"><foreign>Lu
                  </foreign></del><foreign>Nuguet</foreign></item>
              <item> summa : XXII s. XI d. </item>
            </list></p>
        </div>
        <div xml:id="banna">
          <head>banna</head>
          <p><lb/> idem reddit computum <list>
              <item> de XIII libris XVI solidis VIII denariis parisiensium receptis de bannis ut in
                particulis in <sic>dorsso</sic> presentis rotuli<note> Voir vue 11 :<milestone
                    unit="vue" n="11"/><p rend="head">particule bannorum</p><p><lb/> idem reddit
                    computum <list>
                      <item> de X solidis parisiensium receptis de Stephano
                          <foreign>Tavarat</foreign> pro banno periurii </item>
                      <item> de XX solidis receptis de Guichardo <foreign>Hudri</foreign> pro eo
                        quod dixerat quod <lb/> frater suus fregerat domum suam nec potuit probare </item>
                      <item> de XXVI solidis VIII denariis receptis de Ballo
                          <foreign>Jayet</foreign> pro eo quod ceperat de bosco Agye de
                          <foreign>Chavannes</foreign><lb/> auctoritate sua </item>
                      <item> de VI solidis VIII denariis receptis de uxore Jarento quondam pro banno
                        eiusdem nemoris </item>
                      <item> de XX solidis receptis de Boylloudo de Salmoyaco <lb/> quia fecerat
                        sanguinem cuidam alteri </item>
                      <item> de XX solidis receptis de Bernardo Perrini ex eo quod percusserat alium
                        pede </item>
                      <item> de XIII solidis IIII denariis receptis de Stephano
                          <lb/><foreign>Maillet</foreign> pro banno nemoris de
                          <foreign>Chavannes</foreign></item>
                      <item> de XXVI solidis VIII denariis receptis de Arthaudo de Altaselva pro
                        quadam saisina fracta </item>
                      <item> de XXVI solidis <lb/> VIII denariis receptis de Bario Pontis Vallium
                        pro eo quod dixerat verba iniuriosa matri Stephani
                          <foreign>Maillet</foreign></item>
                      <item> de X solidis receptis de <foreign>Barutel</foreign><lb/> de Albigniaco
                        pro eo quod percusserat <sic>quandam</sic> mulierem pede </item>
                      <item> de XIII solidis III denariis receptis de <foreign>Amy</foreign> Iudeo
                        solutis pro quibusdam Iudeis extraneis <lb/> qui adinvincem se verberaverant </item>
                      <item> de LIII solidis IIII denariis receptis de Burgundo Iudeo pro eo quod
                        percusserat garcionem castellani </item>
                      <item> de X solidis receptis <lb/><foreign>del Poillat</foreign> pro banno
                        nemoris Agye de <foreign>Chavannes</foreign></item>
                      <item> de XX solidis receptis de <foreign>Benion</foreign> Iudeo de concordia
                        facta cum eo de eo quod <lb/> accusabatur promisisse cuidam denario ad
                        testificandum falsum </item>
                      <item> summa : XIII lb. XVI s. VIII d. par.</item>
                    </list></p></note></item>
              <item> de LXXI solidis VII denariis receptis <lb/> de clamis per idem tempus<note>
                  Voir vue 11 :<milestone unit="vue" n="11"/><p rend="head">clame</p><p><lb/><list>
                      <item> idem recepit de uxore Dayeti Iudei IIII solidos viennensium et VI
                        denarios pro uno clamore </item>
                      <item> item de quodam homine de
                              <foreign><unclear>Lia<supplied>igues</supplied></unclear></foreign> :
                        <lb/> II solidos et V denarios viennensium pro uno clamore </item>
                      <item> item de dicta <foreign>La Chalu/foreign</foreign> : IIII solidos
                        viennensium pro uno clamore <lb/></item>
                      <item> item de dicto <lb/><foreign>Le Rames</foreign> : III solidos
                        viennensium pro uno clamore </item>
                      <item> item de Laurentio <foreign>Lo Houdri</foreign> : XVIII denarios
                        viennensium pro uno clamore <lb/></item>
                      <item> item de Peronino de <foreign>Correvot</foreign> : II solidos
                        viennensium pro uno clamore </item>
                      <item> item recepit in crastino beati Iohannis <sic>babtiste</sic> novem <lb/>
                        solidos viennensium pro duobus clamoribus </item>
                      <item> item II solidos viennensium de dicto Corteis </item>
                      <item> item : II solidos viennensium de Iohannino
                        <foreign>Hudri</foreign><lb/> pro uno clamore </item>
                      <item> item de Comite Magnini : II solidos viennensium pro uno clamore </item>
                      <item> item de dicto <foreign>Charreton</foreign> de Chamaranda : <lb/> III
                        solidos viennensium pro uno clamore </item>
                      <item> item de dicto <foreign>Le Rames</foreign><damage
                          type="support_endommagé">…</damage> solidos viennensium pro duobus
                        clamoribus </item>
                      <item> item <lb/><foreign>del Truchal</foreign> : II solidos viennensium pro
                        clama </item>
                      <item> item de Iohannone <damage type="support_endommagé">Mora[… …]</damage>
                        solidos viennensium pro clama </item>
                      <item> item de Regnaudo <foreign>Cimer</foreign>: <lb/> III solidos
                        viennensium pro clama </item>
                      <item> item de filio Iohannis <unclear>Heriot</unclear> II <supplied
                          reason="support_endommagé">solidos viennensium</supplied> pro clama </item>
                      <item> item de dicto Iohanne II solidos viennensium pro clama </item>
                      <lb/>
                      <item> item de uxore Marelli de <foreign>Monglanglons</foreign> : VI solidos
                        viennensium pro duabus clamis </item>
                      <item> item de Bernarda de Bosco : II solidos viennensium pro clama
                        <lb/></item>
                      <item> item <unclear reason="encre délavée">…la</unclear> de
                          <foreign>Fromental</foreign> : XII denarios parisiensium pro clama </item>
                      <item> item de bubulco Ponceti de <foreign>Correvout</foreign> : II <lb/>
                        solidos viennensium pro clama </item>
                      <item> item de Perroneto <foreign>Morel</foreign> : II solidos et dimidio
                        viennensium pro clama </item>
                      <item> item de Guichardo <foreign>Le Vargne</foreign> : III solidos <lb/>
                        viennensium pro clama </item>
                      <item> item de Stephano <foreign>Putet</foreign> : III solidos viennensium pro
                        clama </item>
                      <item> item de Stephano <foreign>Mallei</foreign> : II solidos viennensium pro
                        clama </item>
                      <lb/>
                      <item> item de bubulco domini Jocerandi de Balma : VI solidos viennensium pro
                        duabus clamis </item>
                      <item> item de Guichardo bubulco Perroneti <foreign>Bertout</foreign> : <lb/>
                        II solidos viennensium pro clama </item>
                      <item> item de Guieto de <foreign>Marignia</foreign> : III solidos viennensium
                        pro clama </item>
                      <item> item de Hudrico de Fayola : XV solidos <add place="endOfLine">pro
                          clama</add><lb/></item>
                      <item> summa clamarum : C VII s. V d. vien.</item>
                    </list></p></note></item>
              <item> summa : XVII lb. VIII s. III d. par. — in quibus castellanus <lb/> percipit
                  <del rend="overstrike">tertiam</del> duos solidos in libra</item>
              <item> et remanent domino XV libre XIII solidi III denarii</item>
            </list></p>
        </div>
        <div xml:id="introgia">
          <head>de introgiis et perquisitis nichil</head>
        </div>
        <div xml:id="venditiones">
          <head>venditiones</head>
          <p><lb/> idem reddit computum <list>
              <item> de XX denariis parisiensium receptis de panibus venditis ut supra </item>
              <item> de XXII solidis VIII denariis receptis de cera vendita ut supra </item>
              <item> de XXII solidis VIII denariis <lb/> receptis de guallinis venditis ut supra
                qualibet tres denarios parisiensium </item>
              <item> de XX solidis receptis de feno vendito ut supra </item>
              <lb/>
              <item> summa : LXVII s. </item>
            </list></p>
        </div>
        <div xml:id="balistarii">
          <head>balistarii</head>
          <p><lb/><list>
              <item> idem reddit computum de XVI libris XIII solidis IIII denariis parisiensium
                receptis de burgensibus Pontis Vallium quas donaverunt domino ad tenendum
                balistarios <lb/> pro <sic>deffensione</sic> terre domini comitis </item>
              <lb/>
              <item> summa eadem </item>
            </list></p>
        </div>
        <div xml:id="bilan_recepte">
          <p><lb/><list>
              <item> summa <sic>tottalis</sic> recepte : LXXIII lb. XI s. IIII d. par. — valent
                <lb/> ad viennenses C X libras VII solidos viennensium </item>
            </list></p>
        </div>
      </div>
      <div xml:id="expense_et_librate">
        <p><list>
            <item> de <sic>quibus <lb/> quibus</sic> in domibus quibus iacebant vache domine
              comitisse aptandis et feno empto pro vitulis vacarum : <lb/> XV solidos III denarios
              viennensium </item>
            <lb/>
            <item> item in nundinis Sancti Benigni custodiendis : V solidos </item>
            <item> cuidam nuntio misso pro negotio domini : XII denarios </item>
            <lb/>
            <item> idem libravit domino comite Sabaudie in duobus bobus et viginti mutonibus emptis
              et ductis ad festum Ville franche ad opus domini comitis <lb/> per manum Hueti ut per
              litteram dicti domini comitis datam in festo beati Petri ad vincula anno octogesimo
              septimo : XI libras X solidos </item>
            <lb/>
            <item> item libravit domino Aynardo de Bardonesca baillivo Baugiaci ut per eius litteram
              datam sabbato ante nativitatem Domini anno octogesimo septimo : XVII libras </item>
            <lb/>
            <item> item pro una tunica data Stephaneto aucupi de mandato domini comitis ut Guespa
              dicit : XVI solidos </item>
            <lb/>
            <item> item libravit domino Guillermo de <foreign>Juys</foreign> baillivo Baugiaci circa
              penthecosten anno octogesimo septimo : XIIII libras – de quibus ipse computavit </item>
            <lb/>
            <item> item libravit sibi <add place="interlinear">ipsi</add> pro salario suo pro septem
              mensibus dimidio ad rationem viginti librarum viennensium de salario per annum : XII
              libras X solidos </item>
          </list></p>
        <div xml:id="bilan_expense_et_librate">
          <p><lb/><list>
              <item> summa expense et librate : LVI lb <subst>
                  <del rend="underline_dotted">XVII</del>
                  <add place="interlinear">XVII</add>
                </subst><note>On avait d’abord cherché à raturer <hi rend="italics">XIII</hi> en <hi
                    rend="italics">XVII</hi>.</note> s. III d. vien.</item>
            </list></p>
        </div>
      </div>
      <div xml:id="bilan">
        <p><lb/><list>
            <item> et sic debet LIII libras IX solidos IX denarios viennensium</item>
          </list></p>
      </div>
    </body>
  </text>
</TEI>
