<?xml version="1.0" encoding="UTF-8"?>
<?xml-model href="http://www.tei-c.org/release/xml/tei/custom/schema/relaxng/tei_all.rng" schematypens="http://relaxng.org/ns/structure/1.0"?>
<TEI xmlns:math="http://www.w3.org/1998/Math/MathML" xmlns="http://www.tei-c.org/ns/1.0"
    xmlns:xi="http://www.w3.org/2001/XInclude" xmlns:svg="http://www.w3.org/2000/svg"
    xml:id="B9156_3">
    <teiHeader>
        <fileDesc>
            <titleStmt>
                <title>Hugues Médecin (Hugo Medici), châtelain, pour la châtellenie de Pont-de-Vaux,
                    du jeudi 14 avril 1295 au dimanche 8 avril 1296 <date type="debut"
                        from-iso="12950414" cert="high"/><date type="fin" from-iso="12960408"
                        cert="high"/></title>
                <respStmt>
                    <persName><name xml:lang="fra">Hugues Médecin</name><name xml:lang="lat">Hugo
                            Medici</name></persName>
                    <resp>Châtelain</resp>
                </respStmt>
            </titleStmt>
            <publicationStmt>
                <p>Alain Kersuzan et Frédéric Chartrain, avec la collaboration de Nils Mantilleri, Jean-Michel Poisson et Marianne Ronot, 
                    <title>Hugues Médecin (<hi rend="italics">Hugo Medici</hi>), châtelain, pour la châtellenie de Pont-de-Vaux,
                        du jeudi 14 avril 1295 au dimanche 8 avril 1296</title>,
                    Lyon - Chambéry, 2011 (<title>Documents comptables des Etats de Savoie, XIIIe - XVe s.</title>)</p>
            </publicationStmt>
            <seriesStmt>
                <title>Pont-de-Vaux</title>
            </seriesStmt>
            <sourceDesc>
                <p>Information about the source</p>
            </sourceDesc>
        </fileDesc>
    </teiHeader>
    <text>
        <body>
            <milestone n="6" unit="vue"/>
            <pb n="5"/>
            <div xml:id="prologue">
                <p><lb/><add place="leftMargin ">orig[inalis]</add><lb/> Computus Hugonis Medici
                    castellani Pontis Vallium a die decima quarta intrantis mensis <lb/> aprilis
                    anno Domini M<hi rend="sup">o</hi> CC<hi rend="sup">o</hi> nonagesimo quinto
                    usque ad diem dominicam octavam diem mensis aprilis anno nonagesimo <lb/> sexto
                    videlicet de uno anno integro minus sex diebus receptus apud Chamberiacum<hi
                        rend="sup"/></p>
            </div>
            <div xml:id="recepte">
                <div xml:id="frumentum">
                    <head>frumentum</head>
                    <p><lb/> idem reddit computum <list>
                            <item> de II meyteriis frumenti receptis de exitu mansi quondam Hugonis
                                de <foreign>Fromentauz</foreign></item>
                            <item> de <lb/> IIII cupis receptis apud <foreign>Arbigneu</foreign> de
                                tenementariis mansi <foreign>auz Charneys</foreign> pro quatuor
                                panibus quos debent per annum </item>
                            <item> de <lb/> II meyteriis II cupis receptis de redditu quondam
                                Iohannis <foreign>Poysat</foreign> redacto ad manum domini </item>
                            <item> de IIII cupis receptis <lb/> de redditu dicti Iohannis pro
                                quatuor panibus ut in extenta </item>
                            <item> de exitu molendini de <foreign>Marceseys</foreign> in quo <lb/>
                                dominus percipit sextam partem nichil computat quia nichil evenit de
                                frumento </item>
                            <item> de coponagio nichil <lb/> quia adcensatur cum mercato ad denarios
                            </item>
                        </list></p>
                    <div type="sub">
                        <head>arreragium</head>
                        <p><list>
                                <item> de V meyteriis IIII cupis receptis de remanentia sui computi
                                    precedentis </item>
                            </list></p>
                    </div>
                    <div>
                        <p><list>
                                <item><lb/> summa : XI meyteria II cupe frumenti</item>
                            </list></p>
                    </div>
                </div>
                <div xml:id="siligo">
                    <head>siligo</head>
                    <p><lb/> idem reddit computum <list>
                            <item> de X meyteriis receptis de hominibus de <add place="interlinear"
                                    >vico</add> Arbigniaci de redditu per annum </item>
                            <item> de <lb/> IIII meyteriis receptis in villa Sancti Benigni de
                                prepositura per annum </item>
                            <item> de XXVII meyteriis receptis apud Boscum de prepositura <lb/> et
                                chacipolleria per annum </item>
                            <item> de IIII meyteriis receptis <foreign>deuz Beleyvros</foreign> pro
                                manso <foreign>auz Chapotaz</foreign> de redditu per annum </item>
                            <item><lb/> de IX cupis receptis de Guillerma relicta Stephani
                                    <foreign>Bechat</foreign> de bonis dicti Poysat de redditu per
                                annum </item>
                            <item><lb/> de VI meyteriis IIII cupis et quatuor partibus unius cupe
                                receptis de redditu Guidonis <foreign>d’Espinus<note> On a écrit <hi
                                            rend="italics">despinus</hi>.</note></foreign> redacto
                                ad <lb/> manum domini pro eo quod emendavit dominus pro ipso erga
                                Iudeos </item>
                            <item> de II meyteriis III cupis et tertia parte unius cupe <lb/>
                                receptis de exitu molendini de <foreign>Marceseys</foreign> per idem
                                tempus pro sexta parte domini </item>
                            <item> de IIII cupis et dimidia <lb/> receptis de exitu molendini empti
                                de Guidone de <foreign>L’Espinus<note>On a écrit <hi rend="italics"
                                            >lespinus</hi>.</note></foreign> a festo beati
                                Bartholomei usque ad festum apostolorum <lb/> Symonis et Iude </item>
                            <item> de VIII meyteriis receptis de parte firme dicti molendini
                                finiende in festo apostolorum <lb/> Symonis<note type="césure"><hi
                                        rend="italics">sy<lb/>monis</hi></note> et Iude anno
                                nonagesimo sexto et tunc debentur quindecim meyteria </item>
                            <item> de VIII meyteriis receptis de Iohanne <lb/> de <foreign>La
                                    Fayola</foreign> que deducta fuerant propter paupertatem ipsius
                                in computo precedenti </item>
                        </list></p>
                    <div type="sub">
                        <head>arreragium</head>
                        <p><list>
                                <item> de IIII<hi rend="sup">XX</hi> VIII meyteriis <lb/> II cupis
                                    et quatuor partibus unius cupe receptis a se ipo de remanentia
                                    computi sui precedentis </item>
                            </list></p>
                    </div>
                    <div>
                        <p><list>
                                <item><lb/> summa : VIII<hi rend="sup">XX</hi> I meyteria III
                                        <foreign>quartz</foreign> I cupa siliginis </item>
                                <item> de quibus <lb/> libravit Stephano aucipiti pro falcone domini
                                    custodiendo per litteram Petri clerici de mandato : III
                                    meyteria</item>
                            </list></p>
                    </div>
                </div>
                <div xml:id="avena">
                    <head>avena</head>
                    <p><lb/> idem reddit computum <list>
                            <item> de XV meyteriis avene receptis de hominibus cellararii de
                                Trenorchio in parrochia <lb/> de Salmoyaco de garda perpetua per
                                annum </item>
                            <item><lb/> de XI meyteriis receptis de quibusdam hominibus dicte
                                castellanie <lb/> de garda per annum </item>
                            <item> de II meyteriis receptis de terragio mansi Hugonis de
                                    <foreign>Fromentauz</foreign> hoc anno </item>
                            <item> de <lb/> III cupis receptis de redditu Guidonis
                                    <foreign>d’Espinus</foreign> redacto ad manum domini ut supra </item>
                            <item> de II meyteriis receptis <lb/> de bonis dicti
                                    <foreign>Poysat</foreign> de redditu per annum </item>
                        </list></p>
                    <div type="sub">
                        <head>arreragium</head>
                        <p><list>
                                <item> de XXVI meyteriis V cupis receptis a se ipso de remanentia
                                    <lb/> sui computi precedentis </item>
                            </list></p>
                    </div>
                    <div>
                        <p><list>
                                <item><lb/> summa : LVII meyteria avene</item>
                            </list></p>
                    </div>
                </div>
                <div xml:id="milium">
                    <head>millium</head>
                    <p><list>
                            <item><lb/> idem reddit computum de XII meyteriis receptis de exitu
                                stanni domini de Albigniaco seminati ad medium </item>
                            <item><lb/> summa eadem : XII meyteria millii</item>
                        </list></p>
                </div>
                <div xml:id="cera">
                    <head>cera</head>
                    <p><lb/> idem reddit computum <list>
                            <item> de XX libris cere receptis in dicta castellania de garda per
                                annum ut in computo precedenti <lb/> deducta una libra pro Jogueto
                                de <foreign>Gorrevout</foreign> et aliis qui deducti sunt in computo
                                precedenti </item>
                            <item> de XIIII <lb/> libris et dimidia receptis de remanentia sui
                                computi precedentis </item>
                            <item><lb/> summa : XXXIIII libre et dimidia cere — et remanent</item>
                        </list></p>
                </div>
                <div xml:id="galline">
                    <head>galline</head>
                    <p><lb/> idem reddit computum <list>
                            <item> de VI<hi rend="sup">XX</hi> VIII gallinis receptis apud Boscum et
                                apud vicum Arbigniaci et apud Sanctum Benignum de consuetudine et
                                levantur apud Boscum et apud Sanctum Benignum in quolibet foco due
                                galline et <lb/> apud vicum Albigniaci in quolibet foco una gallina
                                deductis quatuor gallinis pro Benedicta de Bosco que mortua<note
                                    type="césure"><hi rend="italics">mor<lb/>tua</hi></note><lb/>
                                est et Galtero de Curia qui recessit de patria </item>
                            <item> de XI gallinis receptis de redditu Guidonis
                                    <foreign>d’Espinus</foreign></item>
                            <item><lb/> de III pullis receptis de bonis dicti Poysat </item>
                        </list></p>
                    <div type="sub">
                        <head>arreragium</head>
                        <p><list>
                                <item> de VII<hi rend="sup">XX</hi> III gallinis III pullis receptis
                                    de remanentia sui computi<note type="césure"><hi rend="italics"
                                            >compu<lb/>ti</hi></note> precedentis</item>
                            </list></p>
                    </div>
                    <div>
                        <p><list>
                                <item><lb/> summa : XIIII<hi rend="sup">XX</hi> II galline VI pulli
                                    — venduntur ut infra</item>
                            </list></p>
                    </div>
                </div>
                <div xml:id="carrelli">
                    <head>quarelli</head>
                    <p><lb/> idem reddit computum <list>
                            <item> de C ferris quarrellorum ad unum pedem receptis de Guillerma
                                relicta Martini <lb/> de Furno pro porteria porte Pontis Vallium a
                                parte Cuysiriaci de redditu per annum </item>
                            <item> de C ferris <lb/> quarrellorum ad unum pedem receptis de Hugone
                                fabro de redditu porterie a parte Baugiaci </item>
                        </list></p>
                    <div type="sub">
                        <head>arreragium</head>
                        <p><list>
                                <item> de II<hi rend="sup">C</hi> quarrellis <lb/> receptis de
                                    remanentia computi sui precedentis</item>
                            </list></p>
                    </div>
                    <div>
                        <p><list>
                                <item> summa : IIII<hi rend="sup">C</hi> quarrelli — et
                                    remanent</item>
                            </list></p>
                    </div>
                </div>
                <div xml:id="fenum">
                    <head>fenum</head>
                    <p><lb/> idem reddit computum <list>
                            <item> de dimidia charrata feni recepta de exitu prati domini de
                                    <foreign>Pleneteuz</foreign> hoc anno </item>
                            <item> de <lb/> dimidia charrata recepta de remanentia computi sui
                                precedentis <lb/> summa : I charrata feni — venditur ut infra</item>
                        </list></p>
                </div>
                <div xml:id="denarii_census">
                    <head>denarii census</head>
                    <p><lb/> idem reddit computum <list>
                            <item> de X solidis III denariis parisiensium receptis de tenementariis
                                mansi <foreign>auz Charneys</foreign> de redditu per <lb/> annum </item>
                            <item> de II solidis receptis de Bernardo et Perrino <foreign>del
                                    Charney</foreign> pro eodem </item>
                            <item> de VI solidis receptis de Peroneto
                                    <foreign>del</foreign><lb/><foreign>Truchail</foreign> et nepote
                                suo pro eodem </item>
                            <item> de VIII solidis receptis de Guillermo Beleyvro pro manso
                                    <foreign>auz Chapotaz</foreign><lb/> pro eodem </item>
                            <item> de IIII denariis receptis de Divina et genero suo pro eodem </item>
                            <item> de XII denariis receptis de Ogereto Grassi pro <lb/> eodem </item>
                            <item> de V solidis receptis de Stephano <foreign>Masuer</foreign> pro
                                manso Hugonis de <foreign>Fromentauz</foreign> pro eodem </item>
                            <item> de IIII denariis receptis <lb/> de Iohanne et Humberto
                                    <foreign>Broczars</foreign> de redditu dicti
                                    <foreign>Poysat</foreign></item>
                            <item> de III solidis receptis de Guillermeta <foreign>La Freyda<note>
                                        On a écrit <hi rend="italics"
                                >lafreyd</hi>.</note></foreign><lb/> pro eodem </item>
                            <item> de VI solidis receptis de Peroneto et Ogereto filiis quondam
                                Girardi Albi pro eodem </item>
                            <item> de X solidis receptis <lb/> de relicta Petri Burdini pro eodem </item>
                            <item> de IIII libris X solidis receptis de bonis Guidonis
                                    <foreign>d’Espinus</foreign> quondam de <lb/> redditu per annum </item>
                            <item> de VI solidis receptis de quatuor banchis macelli et levantur pro
                                qualibet bancha decem et octo <lb/> denarii </item>
                            <item> de VII libris VII solidis VII denariis receptis de teysis domorum
                                Pontis Vallium que levantur in octabis <lb/> pasche </item>
                            <item> de XVIII libris receptis de tailliis in hominibus de Bosco in
                                festo beati Bartholomei et in festo beati Andree hoc <lb/> anno </item>
                            <item> de IIII libris receptis de tailliis apus Sanctum Benignum in
                                dictis festis hoc anno </item>
                        </list></p>
                    <div type="sub">
                        <head>garde</head>
                        <p><list>
                                <item> de V solidis VIII <lb/> denariis receptis de gardis per annum </item>
                                <item><lb/> summa : XXXVII lb. XIIII d. par.</item>
                            </list></p>
                    </div>
                </div>
                <div xml:id="firme">
                    <head>firme</head>
                    <p><lb/> idem reddit computum <list>
                            <item> de VIII solidis VIII denariis parisiensium receptis de firma
                                forestagii et dominii ripperie de <lb/><foreign>Marceseys</foreign>
                                finita in pascha anno nonagesimo sexto et levatur forestagium in
                                nativitate Domini </item>
                            <item> de VIII libris <lb/> receptis de firma furni Pontis Vallium
                                finienda in festo beati Iohannis baptiste anno nonagesimo sexto </item>
                            <item> de XXVI solidis <lb/> VIII denariis receptis de medietate firme
                                furni extra portam a parte Cuysiriaci finite in nativitate Domini et
                                de alia <lb/> medietate computavit in computo precedenti </item>
                            <item> de XXVI solidis VIII denariis receptis de medietate firme dicti
                                furni finiende <lb/> in nativitate Domini anno nonagesimo sexto et
                                tunc debentur <sic>tumdem</sic></item>
                            <item> de XII libris receptis de firma minuti pedagii <lb/> leyde •
                                coponagii • nundinarum Baugiaci • cridagii • essegagii • porcorum
                                    <sic>oscisorum</sic> in macello • nundinarum Sancti Benigni
                                <lb/> finienda<note type="césure"><hi rend="italics"
                                        >fi<lb/>nienda</hi></note> decima quinta die mensis maii
                                anno nonagesimo sexto </item>
                            <item> de XXVI solidis VIII denariis receptis de firma <lb/> pedagii
                                Iudeorum finienda in festo omnium sanctorum anno nonagesimo sexto </item>
                            <item> de pontanagio quod levatur in <sic>ecremento</sic><note
                                    type="césure"><hi rend="italics"
                                >ecrement<lb/>to</hi></note><lb/> aquarum ad portam de versus
                                Baugiacium nichil hoc anno </item>
                            <item> de censa Iudeorum et corsinorum non computat<note type="césure"
                                        ><hi rend="italics">compu<lb/>tat</hi></note><lb/> quia
                                solverunt domino ut dicit </item>
                            <item> de introgiis, inventis et de nemore fossatorum nichil hoc anno </item>
                            <item><lb/> summa : XXIIII lb. VIII s. VIII d. par.</item>
                        </list></p>
                </div>
                <div xml:id="laudes_et_vende">
                    <head>laudes et vende</head>
                    <p><lb/> idem reddit computum <list>
                            <item> de VIII denariis receptis a Stephano <foreign>Rebout</foreign>
                                pro parte domini terre empte a Stephano <foreign>Lo
                                    Blondan</foreign><lb/> pretio octo solidorum parisiensium </item>
                            <item> de VI solidis parisiensium minus uno viennensium receptis de
                                Iohanne <foreign>Puter</foreign> pro terra empta a <lb/> relicta
                                Hugonis de <foreign>Monz</foreign> et G[uillermo] filio suo pretio
                                quinquaginta octo solidorum et sex denariorum viennensium </item>
                            <item> de VI denariis <lb/> receptis de Guillermo filio quondam Guidonis
                                    <foreign>Brunichat</foreign> pro parte domini terre empte a
                                Guidone et Iohanne filiis quondam <lb/> Guichardi
                                    <foreign>Vayer</foreign> pretio sex solidorum parisiensium </item>
                            <item> de X denariis receptis de Iohanne <foreign>Peystorel</foreign>
                                pro parte domini terre <lb/> empte a Stephanino <foreign>Lo
                                    Blondan</foreign> pretio decem solidorum parisiensium </item>
                            <item> de II solidis VIII denariis receptis de dicto<foreign> Sangonel
                                </foreign><lb/> pro domo empta a Stephaneta <foreign>La
                                    Broczarda</foreign> pretio XX<hi rend="sup">ti</hi> solidorum
                                parisiensium </item>
                            <item> de XVI denariis receptis de Bernardo
                                    <foreign>del</foreign><lb/><foreign>Chano</foreign> pro parte
                                domini terre empte a Ruffo <foreign>Chaffal</foreign> pretio
                                sexdecim solidorum </item>
                            <item> de V solidis receptis de Hugone
                                    <foreign>del</foreign><lb/><foreign>Chano</foreign> et Iohanne
                                    <foreign>del Chano</foreign> pro parte domini terrarum emptarum
                                a dicto Ruffo et parreriorum suorum pretio sexaginta <lb/> solidorum </item>
                            <item> de IX solidis receptis a
                                    <sic>Bernerdo</sic><foreign>Corteys</foreign> pro tertia parte
                                cuiusdam domus empte a G[uillermo] de Chastell[o] pretio <lb/>
                                sexaginta solidorum </item>
                            <item> de III solidis receptis de Reynaudo de Curia pro parte domini
                                terrarum emptarum a <lb/> Guichardo<note type="césure"><hi
                                        rend="italics">gui<lb/>chardo</hi></note> et Aymone de Curia
                                fratribus pretio XL<hi rend="sup">ta</hi>V solidorum parisiensium </item>
                            <item> de XXXVI solidis receptis a Beneon <lb/> Iudeo pro domo empta a
                                Guidone <foreign>Poyllat</foreign> pretio duodecim librarum
                                parisiensium </item>
                            <item> de III solidis II denariis obolo receptis <lb/> de Galtero de
                                    <foreign>Moreyllon</foreign> pro parte domini terrarum et
                                pratorum emptorum ab Hugone Panetarii pretio XL<hi rend="sup"
                                    >ta</hi>II <lb/> solidorum VI denariorum parisiensium </item>
                            <item> de II solidis VI denariis receptis de Stephanino Corbeti et
                                Clemente fabro pro domo empta a <milestone n="7" unit="vue"/><pb
                                    n="6"/><lb/> Petronilla relicta Renaudi Fabri pretio sexdecim
                                solidorum et octo denariorum </item>
                            <item> de VIII denariis receptis a Guillermo
                                    <lb/><foreign>Brunichat</foreign> pro parte domini terre empte a
                                Guidone <foreign>Taillifer</foreign> pretio decem solidorum
                                parisiensium </item>
                            <item> de II solidis I denario <lb/> receptis de Aymone <foreign>Lo
                                    Blondan</foreign> pro parte domini prati et terre
                                    <sic>emptarum</sic> a Stephanino <foreign>Lo Blondan</foreign>
                                et eius uxore <lb/> et Mayhentia et liberis suis pretio viginti
                                unius solidorum parisiensium </item>
                            <item><lb/> summa : LXXIII s. IIII d. ob. par.</item>
                        </list></p>
                </div>
                <div xml:id="banna">
                    <head>banna</head>
                    <p><lb/> idem reddit computum <list>
                            <item> de X solidis parisiensium receptis a Iohanne de
                                    <foreign>Putet</foreign> quia ceperat boves Peroneti de Vaillia
                                auctoritate sua <lb/> propria </item>
                            <item> de XIII solidis IIII denariis receptis a dicto
                                    <foreign>Lorretiz</foreign> de <foreign>Sarmoya</foreign> qui
                                inculpabatur quia signaverat <del rend="overstrike"
                                    >asinum</del><foreign> </foreign><add place="interlinear"
                                    >agnum</add> alienum </item>
                            <item><lb/> de XL solidis receptis a Iohanne Palmerii quia ceperat
                                    <sic>quam</sic> anguillam alienam et levaverat alienam
                                    <sic>nansam</sic></item>
                            <item><lb/> de VI solidis VIII denariis receptis a Peroneto
                                    <foreign>Busser</foreign> quia percussit sororem suam et fecit
                                ei sanguinem </item>
                            <item> de VI solidis <lb/> VIII denariis receptis a Peroneto
                                    <foreign>Boschez</foreign> pro saysina fracta </item>
                            <item> de XVI solidis receptis a Peronino <foreign>del Biez</foreign>
                                quia <sic>tracxit</sic><note> Comme plus bas <hi rend="italics"
                                        >combucxit</hi>.</note><lb/> quarrellum<note type="césure"
                                        ><hi rend="italics">quar<lb/>rellum</hi></note> contra unum
                                hominem venientem de foro Pontis Vallium </item>
                            <item> de XX solidis receptis a Ponceto filio domini <lb/> Mathei de
                                    <foreign>Chavannes</foreign> militis in quibus fuit condempnatus
                                per iudicem quia ceperat boves Guichardi Felis </item>
                            <item><lb/> de XX solidis receptis a <sic>Perroneto</sic> de Vaillia
                                quia fecerat quamdam servam in <sic>itenere</sic> ut dicebatur </item>
                            <item> de XL <lb/> solidis receptis a Peroneto Morelli pro saysina
                                fracta et verberatione cuiusdam hominis </item>
                            <item> de XXVI solidis VIII <lb/> denariis receptis a Vincentio
                                    <foreign>Varpaut</foreign> in quibus fuit condempnatus per
                                iudicem et baillivum pro uno <sic>sancco</sic> quem ceperat </item>
                            <item><lb/> de VI solidis VIII denariis receptis a Guiocheto de Verneto
                                quia fuit cum quibusdam hominibus qui ceperunt quoddam <lb/> examen </item>
                            <item> de VI solidis VIII denariis receptis a filio Galteri
                                    <foreign>Vincelin</foreign> pro eodem </item>
                            <item> de XIII solidis IIII denariis receptis <lb/> a Laurentio
                                    <foreign>Lo Beyvro</foreign> quia abstulerat quemdam panem
                                duabus mulieribus quem ipsi emerant </item>
                            <item> de <lb/> XX solidis receptis a domino Henrico de
                                    <foreign>Chavannes</foreign> quia pignoraverat auctoritate sua
                                propria </item>
                            <item> de XX solidis <lb/> receptis a Guichardo Mutonis pro quadam
                                iniuria facta fratri suo </item>
                            <item> de X solidis VIII denariis receptis de Stephano <lb/> de
                                    <foreign>Sougrant</foreign> pro illo facto in quo est
                                condempnatus Peroninus <foreign>del Biez</foreign></item>
                            <item> de XIII solidis IIII denariis receptis a Iohanne Palmerii <lb/>
                                quia posuerat <foreign>Vernouz</foreign> in aquam <foreign>dou
                                    Lart</foreign></item>
                            <item> de IIII solidis VIII denariis receptis a quodam pauperrimo homine
                                quia solebat <lb/> dimittere quamdam roncinam quam vendiderat cuidam
                                homini </item>
                            <item> de X solidis receptis a Ponceto Rosselli pro banno <lb/>
                                sanguinis </item>
                            <item><lb/> summa : XV lb. IIII s. VIII d. par.</item>
                        </list></p>
                </div>
                <div xml:id="clame">
                    <head>clame</head>
                    <p><list>
                            <item><lb/> idem reddit computum de XLII solidis VIII denariis
                                parisiensium receptis de triginta clamis per idem tempus </item>
                            <item><lb/> summa eadem : XLII s. VIII d. par.</item>
                        </list></p>
                </div>
                <div xml:id="escheyte">
                    <head>escheyte</head>
                    <p><list>
                            <item><lb/> idem reddit computum de XX solidis parisiensium receptis de
                                Torto Iudeo pro eo quod recessit de villa</item>
                        </list></p>
                    <div type="sub">
                        <head>arreragium</head>
                        <p><list>
                                <item><lb/> idem reddit computum de XXVI libris XI solidis VII
                                    denariis <add place="interlinear">receptis</add> pro triginta
                                    novem libris decem septem solidis quatuor denariis obolo <lb/>
                                    viennensium quas debebat de remanentia sui computi precedentis </item>
                                <item><lb/> summa : XXVII lb. XI s. VII d. par. </item>
                            </list></p>
                    </div>
                </div>
                <div xml:id="bilan_recepte">
                    <p><list>
                            <item><lb/> summa totius recepte cum arreragio : CX lb. II s. I d. ob.
                                par.</item>
                        </list></p>
                </div>
            </div>
            <div xml:id="expense_et_librate">
                <div xml:id="expensa">
                    <head>expensa</head>
                    <p><list>
                            <item> de quibus <lb/> pro clusis molendini quondam Guidonis
                                    <foreign>d’Espinus</foreign> reficiendis et pro duobus martellis
                                emptis ad opus dicti <lb/> molendini : VI solidos VI denarios
                                viennensium </item>
                            <item> pro sedimine furni Pontis Vallium reficiendo de novo : <lb/> VIII
                                solidos viennensium </item>
                            <item> in loyerio granerii ubi repositum est bladum domini : XV solidos
                                viennensium </item>
                            <item> in dinario<note type="césure"><hi rend="italics"
                                        >dina<lb/>rio</hi></note><lb/> trium personarum apportantium
                                suum servitium : XVIII denarios </item>
                            <item> in prosequendo quamdam mulierem <lb/> que interfecerat puerum
                                suum et fuit ipse castellanus Lugduni per novem dies et dedit curie
                                sexaginta solidos ut <lb/> eam sibi deliberaret ut dicit et eam
                                    <sic>combucxit</sic><note> Comme plus haut <hi rend="italics"
                                        >tracxit</hi>.</note> apud Pontem Vallium : CV solidos </item>
                            <item> in stipendiis <lb/> nuntiorum missorum pro mandamento domini
                                baillivi : II solidos viennensium </item>
                            <item> in stipendiis ipsius castellani pro suo salario <lb/> unius anni
                                finiendi prima die junii : XV libras viennensium </item>
                            <item><lb/> summa expense et salarii : XXI lb. XVIII s. vien.</item>
                        </list></p>
                </div>
                <div xml:id="librata">
                    <head>librata</head>
                    <p><list>
                            <item><lb/> idem libravit ad expensas hospitii domini per manum Hugonis
                                de Voyrone ut per litteras domini et ipsisus Hugonis quas reddit
                                datas <lb/> die iovis post festum omnium sanctorum anno nonagesimo
                                quinto : IIII libras III solidos V denarios viennensium </item>
                            <item><lb/> item libravit sibi ipsi pro una grangia quam dominus emit ab
                                eo apud Treffortium per litteram domini de testimonio et mandato
                                <lb/> quam reddit : XLV libras viennensium </item>
                            <item> idem libravit pro stanno <foreign>d’Albigneu</foreign><note> On a
                                    écrit <hi rend="italics">dalbigneu</hi>.</note> faciendo per
                                manum domini Iohannis <sic>Fluridi</sic> per litteram domini de
                                mandato et per confessionem <lb/> ipsius domini Iohannis presentis :
                                XV libras viennensium </item>
                            <item><lb/> item libravit pro ferramenta stuphi dicti stanni et
                                quibusdam aliis ibidem faciendis de mandato dicti domini Iohannis :
                                XL solidos </item>
                            <item><lb/> idem libravit domino Petro de Balma baillivo Baugiaci per
                                litteram domini de mandato pro solutione Iohannis
                                    <foreign>Bel</foreign> facienda <lb/> ut per litteram dicti
                                baillivi de recepta : XII libras </item>
                            <item><lb/> item libravit Iacobo Malabailli de quibus ipse Iacobus
                                computavit ut dicit Petrus Clerici : IX libras XVII solidos IIII
                                denarios obolum <add place="endOfLine interlinear"
                                >viennensium</add></item>
                            <item><lb/> idem libravit Guillermo de Laya pro eo quod accepit domum
                                suam de feudo domini per litteram domini de mandato et litteram
                                ipsius Guillermi <lb/> de recepta quas reddit : XXX libras
                                viennensium </item>
                            <item><lb/> item allocantur sibi pro parte quam percipit in bannis
                                videlicet duodecim denarios in libra per litteram domini : XXII
                                solidi VI denarii </item>
                            <item><lb/> summa librate : VI<hi rend="sup">XX</hi> IX lb. III s. III
                                d. ob. vien. </item>
                            <item><lb/> summa expense et librate : VII<hi rend="sup">XX</hi> XI lb.
                                XV d. ob. — qui scampsi ad parisienses <lb/> deni octoni valent C
                                libras XIIII solidos II denarios parisiensium et obolum viennensium
                            </item>
                        </list></p>
                </div>
            </div>
            <div xml:id="bilan">
                <p><list>
                        <item> et sic debet : <lb/> IX libras VII solidos XI denarios parisiensium </item>
                        <item> quibus adduntur pro quatuordecim<note> Employé adverbalement pour <hi
                                    rend="italics">quater decies</hi>.</note><lb/> viginti duabus
                            gallinis sex pullis venditis ut supra, qualibet gallina vendita tribus
                            denariis parisiensium : LXXI solidi parisiensium </item>
                        <item><lb/> item pro una charrata feni vendita ut supra pro tanto : IIII
                            solidi </item>
                        <item> et sic debet finaliter : XIII libras II solidos <lb/>
                                parisiensium<note> On attendrait <hi rend="italics">XIII libras II
                                    solidos XI denarios parisiensium</hi>.</note></item>
                    </list></p>
            </div>
        </body>
    </text>
</TEI>
