<?xml version="1.0" encoding="UTF-8"?>
<?xml-model href="http://www.tei-c.org/release/xml/tei/custom/schema/relaxng/tei_all.rng" schematypens="http://relaxng.org/ns/structure/1.0"?>
<TEI xmlns:math="http://www.w3.org/1998/Math/MathML" xmlns="http://www.tei-c.org/ns/1.0"
  xmlns:xi="http://www.w3.org/2001/XInclude" xmlns:svg="http://www.w3.org/2000/svg" xml:id="B9158_2">
  <teiHeader>
    <fileDesc>
      <titleStmt>
        <title>Compte de Guigues de Saint-Germain, châtelain, pour la châtellenie de Pont-de-Vaux,
          du lundi 14 novembre 1300 au [mardi 2 mai 1301] <date type="debut" from-iso="13001114"
            cert="high"/><date type="fin" from-iso="13010502" cert="high"/></title>
        <respStmt>
          <persName><name xml:lang="fra">Guigues / Guigonet de Saint-Germain</name><name
              xml:lang="lat">Guigo de Sancto Germano</name></persName>
          <resp>Châtelain</resp>
        </respStmt>
      </titleStmt>
      <publicationStmt>
        <p>Alain Kersuzan et Frédéric Chartrain, avec la collaboration de Nils Mantilleri, Jean-Michel Poisson et Marianne Ronot, 
          <title>Compte de Guigues de Saint-Germain (<hi rend="italics">Guigo de Sancto Germano</hi>), châtelain, pour la châtellenie de Pont-de-Vaux,
            du lundi 14 novembre 1300 au mardi 2 mai 1301</title>,
          Lyon - Chambéry, 2011 (<title>Documents comptables des Etats de Savoie, XIIIe - XVe s.</title>)</p>
      </publicationStmt>
      <seriesStmt>
        <title>Pont-de-Vaux</title>
      </seriesStmt>
      <sourceDesc>
        <p>Information about the source</p>
      </sourceDesc>
    </fileDesc>
  </teiHeader>
  <text>
    <body>
      <milestone n="3" unit="vue"/>
      <pb n="3"/>
      <div xml:id="prologue">
        <p><lb/><note> La moitié droite du support est entièrement endommagée ou détruite.</note>
          Computus domini Guigonis de Sancto Germano militis castellani <damage
            type="support_endommagé"><supplied>Pontis Vallium a die lune</supplied></damage><lb/>
          post festum beati Martini hyemalis anno Domini millesimo tricentesimo usque ad diem
            <damage type="support_détruit">… … …</damage><lb/> anno tricentesimo primo videlicet de
          viginti una <sic>edompmadis</sic> duobus diebus receptus <damage type="support_détruit">…
            … … presente domino</damage><lb/> comite </p>
      </div>
      <div xml:id="recepte">
        <div xml:id="frumentum">
          <head>frumentum</head>
          <p><lb/> idem reddit computum <list>
              <item> de XI meyteriis IIII cupis frumenti receptis de medietate <damage
                  type="support_détruit">firme … …</damage><lb/> finiende ad festum omnium sanctorum
                anno tricentesimo primo et tunc debentur tantumdem</item>
            </list></p>
          <div type="sub">
            <head>forinseca</head>
            <p><list>
                <item><damage type="support_détruit">… … …</damage><lb/> de Iofredo
                    <foreign>Guyot</foreign> predecessore suo</item>
              </list></p>
          </div>
          <div>
            <p><lb/><list>
                <item> summa : XIX meyteria frumenti, <damage type="support_détruit">… …
                  …</damage></item>
              </list></p>
          </div>
        </div>
        <div xml:id="siligo">
          <head>siligo</head>
          <p><lb/> idem reddit computum <list>
              <item> de XI meyteriis IIII cupis siliginis receptis de medietate <damage
                  type="support_détruit">firme … … … omnium</damage><lb/> sanctorum anno
                tricentesimo primo et tunc debentur tantumdem</item>
            </list></p>
          <div type="sub">
            <head>forisseca</head>
            <p><list>
                <item> de XLVIII meyteriis <damage type="support_détruit">quarta parte unius cupe
                    receptis de Iofredo</damage><lb/> castellano ante ipsum </item>
              </list></p>
          </div>
          <div>
            <p><list>
                <item> summa : LIX meyteria IIII cupe quarta <sic>parte</sic> I cupe <damage
                    type="support_détruit"><supplied>siliginis</supplied></damage></item>
              </list></p>
          </div>
        </div>
        <div xml:id="avena">
          <head>avena</head>
          <p><lb/> idem reddit computum <list>
              <item> de XI meyteriis VI cupis <add place="interlinear">avene</add> receptis de firma
                dicti molendini <damage type="support_détruit">fini… … … … … …</damage><lb/>
                tantumdem </item>
            </list></p>
          <div type="sub">
            <head>forisseca</head>
            <p><list>
                <item> de XXI meyteriis V cupis receptis de Iofredo castellano ante ipsum <damage
                    type="support_détruit"/></item>
              </list></p>
          </div>
          <div>
            <p><lb/><list>
                <item> summa : XXXIII meyteria III cupe avene <damage type="support_détruit"
                  /></item>
              </list></p>
          </div>
        </div>
        <div xml:id="fenum_forinseca">
          <head>fenum forisseca</head>
          <p><lb/> idem reddit computum <list>
              <item> de LXIII menaturis feni receptis de Iofredo <damage type="support_détruit"
                  >castellano ante ipsum</damage></item>
            </list></p>
        </div>
        <div xml:id="cera">
          <head>cera</head>
          <p><lb/> idem reddit computum <list>
              <item> de XXI libris cere receptis in dicta castellania <damage type="support_détruit"
                  >de … … … </damage></item>
              <lb/>
              <item> summa eadem : XXI libre cere <damage type="support_détruit">… …
                …</damage></item>
            </list></p>
        </div>
        <div xml:id="galline">
          <head>galline</head>
          <p><lb/> idem reddit computum <list>
              <item> de VI<hi rend="sup">XX</hi> XV gallinis receptis in dicta castellania de
                redditu <damage type="support_détruit"><supplied>per
                annum</supplied></damage></item>
              <lb/>
              <item> summa eadem : VI<hi rend="sup">XX</hi> XV galline </item>
            </list></p>
        </div>
        <div xml:id="carrelli">
          <head>carrelli</head>
          <p><lb/> idem reddit computum <list>
              <item> de C carrellis receptis de Guillerma relicta <damage type="support_détruit"
                    >Mar<supplied>tini de Furno</supplied> … …</damage></item>
            </list></p>
          <div type="sub">
            <head>forisseca</head>
            <p><lb/><list>
                <item> de V<hi rend="sup">M</hi> VI<hi rend="sup">C</hi> carrellis receptis de
                  Iofredo <foreign>Guiot</foreign> qui eos receperat a <damage
                    type="support_détruit">Vi… … … …</damage></item>
              </list></p>
          </div>
          <div>
            <p><lb/><list>
                <item> summa : V<hi rend="sup">M</hi> VII<hi rend="sup">C</hi> carrelli <damage
                    type="support_détruit">… … … …</damage></item>
              </list></p>
          </div>
        </div>
        <div xml:id="baliste">
          <head>baliste</head>
          <p><lb/> idem reddit computum <list>
              <item> de V balistis fusteis receptis de Iofredo <damage type="support_détruit"
                      ><foreign>G<supplied>uiot</supplied></foreign> … … … …</damage></item>
              <lb/>
              <item> summa : V baliste <damage type="support_détruit">… … … …</damage></item>
            </list></p>
        </div>
        <div xml:id="denarii_census">
          <head>denarii census</head>
          <p><lb/> idem reddit computum <list>
              <item> de XIIII libris XV solidis VI denariis parisiensium <damage
                  type="support_détruit"><supplied>receptis in dicta castellania de redditu per
                    annum et de teysie domorum ut</supplied></damage><lb/> in computo precedenti </item>
              <item> summa : XIIII lb. XV s. VI d. par. </item>
            </list></p>
        </div>
        <div xml:id="tallia">
          <head>tayllie</head>
          <p><lb/> idem reddit computum <list>
              <item> de XI libris parisiensium receptis de medietate <damage type="support_détruit"
                    >tay<supplied>lliarum castellanie predicte et de alia
                  medietate</supplied></damage><lb/> computavit Iofredus Guioti castellanus ante
                ipsum </item>
              <lb/>
              <item> summa : XI lb. par. </item>
            </list></p>
        </div>
        <div xml:id="garde">
          <head>garde</head>
          <p><lb/> idem reddit computum <list>
              <item> de III solidis VIII denariis parisiensium receptis de gardis per annum <damage
                  type="support_endommagé">…</damage></item>
            </list></p>
        </div>
        <div xml:id="firme">
          <head>firme</head>
          <p><lb/> idem reddit computum <list>
              <item> de VIII solidis VIII denariis parisiensium receptis de <damage
                  type="support_détruit">… … … … …</damage><lb/> in festo pasche anno tricentesimo
                  primo<note> Le dimanche 2 avril 1301.</note></item>
              <item> de <damage type="support_détruit">… … … … …</damage><lb/><sic>imfra</sic>
                villam finiende die dominica ante festum beati <damage type="support_endommagé">… …
                  … … …</damage></item>
              <lb/>
              <item> de X libris receptis de Ogereto Grassi et filio Berthoude pro <damage
                  type="support_endommagé">… … … … …</damage><lb/> porcorum occisorum in macello
                finiende prima die mensis <damage type="support_endommagé">… … … … …</damage></item>
              <lb/>
              <item> de XXXIII solidis IIII denariis receptis de medietate firme furni <damage
                  type="support_endommagé">ex<supplied>tra</supplied> … … … … …</damage><lb/> tunc
                accensata fuit per unum annum Rosseto de Champis <damage type="support_détruit">… …
                  … … …</damage></item>
              <lb/>
              <item> de XXX solidis receptis de firma pedagii Iudeorum finita in festo <damage
                  type="support_détruit">… … … </damage></item>
              <item><damage type="support_détruit"> … …</damage><lb/> portagii ballarum nichil quia
                non est accensata et balle non <damage type="support_détruit">obve[nerunt …
                </damage></item>
              <item><damage type="support_détruit">… … … …</damage><lb/> finita in paschate anno
                tricentesimo primo</item>
            </list></p>
          <div type="sub">
            <head>corsini et Iudei</head>
            <p><list>
                <item> de <damage type="support_détruit">… … … … …</damage></item>
              </list></p>
          </div>
          <div>
            <p><lb/><list>
                <item> summa : XXI lb. XII s. <damage type="support_détruit">… … … …
                  …</damage></item>
              </list></p>
          </div>
        </div>
        <div xml:id="laudes_et_vende">
          <head>laudes et vende</head>
          <p><lb/> idem reddit computum <list>
              <item> de III solidis parisiensium receptis de clerico <foreign>Rosset</foreign> pro
                plastro <damage type="support_détruit">eo<supplied>dem</supplied> … … … …
                …</damage></item>
              <lb/>
              <item> de III solidis receptis de clerico de <foreign>Remonay</foreign><add
                  place="interlinear">pro</add> plastro eodem empto a <damage type="support_détruit"
                  >clerico … … … … …</damage><lb/> de Renaudo Iuliani pro medietate laudum et
                vendarum cuiusdam pecie <damage type="support_détruit">terre … … … …
                  …</damage><foreign> </foreign><lb/> illi de Clugniaco </item>
              <item> de VI denariis receptis de filio Pititi <damage type="support_détruit"
                    >Iu<supplied>dei … … … … pretio</supplied></damage><lb/> sex solidorum
                parisiensium</item>
              <lb/>
              <item> summa : VII s. par. </item>
            </list></p>
        </div>
        <div xml:id="banna">
          <head>banna</head>
          <p><lb/> idem reddit computum <list>
              <item> de XXIIII solidis parisiensium receptis de <damage type="support_détruit">… … …
                  … … …</damage></item>
              <item> de XVI solidis parisiensium receptis de Parpando de Albi<damage
                  type="support_détruit"><supplied>gniaco</supplied> … … … …</damage></item>
              <item><damage type="support_détruit">… …</damage><lb/> solidis receptis de Hugoneto
                  <foreign>Bolier</foreign> et Guyoneto textore <damage type="support_détruit">… … …
                  … … …</damage><lb/> de Ponte Vallium pro banno spoliationis </item>
              <item> de <damage type="support_détruit">… … … … … …</damage></item>
              <lb/>
              <item> summa : IIII lb. <damage type="support_détruit">… … … … … …
                  </damage><lb/><supplied>capi</supplied>entis duos solidos in libra</item>
            </list></p>
        </div>
        <div xml:id="clame">
          <head>clame</head>
          <p><lb/><list>
              <item> de clamis nichil per idem tempus </item>
            </list></p>
        </div>
        <div xml:id="escheyte">
          <head>escheyte</head>
          <p><lb/><list>
              <item> de escheytis nichil</item>
            </list></p>
        </div>
        <div xml:id="inventa">
          <head>inventa</head>
          <p><lb/> idem reddit computum <list>
              <item> de IIII solidis parisiensium receptis de quadam troya inventa per <damage
                  type="support_détruit">… … … … … …</damage></item>
            </list></p>
        </div>
        <div xml:id="venditiones">
          <head>venditiones</head>
          <p><lb/><list>
              <item> de venditionibus nichil </item>
            </list></p>
        </div>
      </div>
      <div xml:id="bilan_recepte">
        <p><lb/><list>
            <item> summa totius recepte : LII lb. <damage type="support_détruit">… … … … …
                …</damage></item>
          </list></p>
      </div>
      <div xml:id="expense_et_librate">
        <p><list>
            <item> de quibus <lb/> in deschargio stanni domini bayssando duobus pedibus in <damage
                type="support_détruit">ta<supplied>schiam</supplied> … … … … …</damage><lb/> in
              molendino quod erat dechavatum aptando calciata <damage type="support_détruit">… … … …
                … …</damage></item>
            <lb/>
            <item> in stipendiis domini Stephani <foreign>de Portabo</foreign> et Petri <damage
                type="support_détruit">clerici … … … … …</damage></item>
            <lb/>
            <item> in stipendiis falconeriorum domini commorantium apud <damage
                type="support_détruit">Pontem Vallium … … … … …</damage><lb/> in trayta vodiorum
              ipsorum et equorum suorum sine feno <damage type="support_détruit">… … … … …
                …</damage><lb/> confessione dicti Petri presentis ad presentem computum <damage
                type="support_détruit">… … … … … …</damage><lb/> domini factis apud Pontem Vallium
              fusta ad eadem empta <damage type="support_détruit">… … … … … …</damage><lb/> LXXVI
              solidos viennensium </item>
            <item> in stipendiis <damage type="support_détruit">tri<supplied>um</supplied> … … … …
                …</damage><lb/> Planeysia et morantium per octo dies : IIII <damage
                type="support_détruit">… … … … … …</damage><lb/> libras viennensium de salario per
              annum per tempus de quo computat <damage type="support_détruit">… … … … …
              …</damage></item>
          </list></p>
        <div xml:id="bilan_expense_et_librate">
          <p><lb/><list>
              <item> summa expense salarii et librate : <damage type="support_détruit">… … … … …
                  …</damage></item>
            </list></p>
        </div>
      </div>
      <div xml:id="bilan">
        <p><lb/><list>
            <item>debet : LII libras VII solidos VI denarios parisiensium <damage
                type="support_détruit">… … … … … …</damage><lb/> scampsi ad parisienses videlicet
              decem octo<note> On a écrit <hi rend="italics">decemocto</hi>.</note> viennensium pro
              duodecim <damage type="support_détruit">… … … … … …</damage><lb/><damage
                type="support_détruit">… …</damage> finaliter <damage type="support_détruit">… … … …
                … …</damage><lb/><damage type="support_détruit">… … … … … … … … …
                …</damage><lb/><damage type="support_détruit">… … … … … … … … … …</damage><lb/>
              duodecim parisiensium <lb/><damage type="support_détruit">… … … … …</damage> quod de
              XXX libris turonensium quas <damage type="support_détruit">… … … … …</damage></item>
          </list></p>
      </div>
    </body>
  </text>
</TEI>
