<?xml version="1.0" encoding="UTF-8"?>
<?oxygen RNGSchema="http://www.tei-c.org/release/xml/tei/custom/schema/relaxng/tei_all.rng" type="xml"?>
<TEI xmlns:math="http://www.w3.org/1998/Math/MathML" xmlns="http://www.tei-c.org/ns/1.0"
    xmlns:xi="http://www.w3.org/2001/XInclude" xmlns:svg="http://www.w3.org/2000/svg"
    xml:id="B9153_1">
    <teiHeader>
        <fileDesc>
            <titleStmt>
                <title>Compte de Jean Channel (<hi rend="italics">Iohannes Channel</hi>), receveur,
                    pour la châtellenie de Pont-de-Vaux (<hi rend="italics">Pontis Vallium</hi>), du
                    lundi 24 juin 1275 au mercredi 24 juin 1276, vérifié par Pierre de Montmélian
                        (<hi rend="italics">Petrus de Montmeliano clericus domini Baugiaci</hi>)
                        <date type="debut" from-iso="12750624" cert="high"/><date type="fin"
                        from-iso="12760624" cert="high"/></title>
                <respStmt>
                    <persName><name xml:lang="fra">Jean Channel</name><name xml:lang="lat">Iohannes
                            Channel</name></persName>
                    <resp>Châtelain</resp>
                </respStmt>
            </titleStmt>
            <publicationStmt>
                <p>Alain Kersuzan et Frédéric Chartrain, avec la collaboration de Nils Mantilleri, Jean-Michel Poisson et Marianne Ronot, 
                    <title>Compte de Jean Channel (<hi rend="italics">Iohannes Channel</hi>), receveur,
                        pour la châtellenie de Pont-de-Vaux, du
                        lundi 24 juin 1275 au mercredi 24 juin 1276</title>,
                    Lyon - Chambéry, 2011 (<title>Documents comptables des Etats de Savoie, XIIIe - XVe s.</title>)</p>
            </publicationStmt>
            <seriesStmt>
                <title>Pont-de-Vaux</title>
            </seriesStmt>
            <sourceDesc>
                <p>Information about the source</p>
            </sourceDesc>
        </fileDesc>
    </teiHeader>
    <text>
        <body>
            <milestone n="02" unit="vue"/>
            <pb n="1"/>
            <div xml:id="prologue">
                <p><lb/>Computus Iohannis Channel recipientis redditus Pontis Vallium a die et festo
                    beati Iohannis baptiste <lb/> anno Domini millesimo CC<hi rend="sup">o</hi>
                        LXXV<hi rend="sup">o</hi> usque ad idem festum anno sequenti</p>
            </div>
            <div xml:id="recepte">
                <div xml:id="frumentum">
                    <head>frumentum</head>
                    <p><lb/><list>
                            <item> idem reddit computum de V meyteriis dimidio et I cupa frumenti
                                receptis de exitu <sic>copunagii</sic> hoc anno</item>
                        </list></p>
                    <p><lb/> summa frumenti recepti : V meyteria I coupa</p>
                </div>
                <div xml:id="siligo">
                    <head>siligo</head>
                    <p><lb/> idem reddit computum <list>
                            <item> de X meyteriis dimidio siliginis receptis de exitu copunagii
                                predicti hoc anno </item>
                            <item> de X meyteriis receptis de hominibus vici de
                                    <foreign>Arbignie</foreign><lb/> per annum de redditu </item>
                            <item> de IIII meyteriis receptis de hominibus Sancti Benigni de
                                prepositura per annum </item>
                            <item> de XVIII meyteriis receptis apud Boscum de prepositura per
                                    annum<note> La fin de la ligne, deux mots peut-être, est
                                    illisible.</note></item>
                            <lb/>
                            <item> de IX meyteriis receptis ibidem de chacipoleria per annum </item>
                            <item> de XIII cupis receptis de manso quod fuit de
                                    <foreign>Chapotaz</foreign> sito apud
                                    <foreign>Chavannes</foreign> dato <lb/> ad colendum cuidam
                                agricole </item>
                        </list></p>
                    <p> summa recepte siliginis : LIII meyteria IIII cupe <list>
                            <item> de quibus Hugone Grasso pro decem <del rend="overstrike">se</del>
                                quinque cupis avene <lb/> que sibi debebantur de mandato <del
                                    rend="overstrike">domini</del> Petri Clerici : II meyteria </item>
                            <item> et remanent : LI meyteria IIII cupe</item>
                        </list></p>
                </div>
                <div xml:id="avene">
                    <head>avene</head>
                    <p><lb/>idem reddit computum <list>
                            <item> de I cupa avene recepta de exitu copunagii hoc anno </item>
                            <item> de XV meyteriis receptis de hominibus de
                                    <foreign>Sarmoye</foreign> de guarda per annum </item>
                            <lb/>
                            <item> de I meyterio recepto de manso <foreign>Osan</foreign> pro eodem </item>
                            <item> de I meyterio recepto de Pereneto <foreign>Popet</foreign> et
                                fratre suo pro eodem </item>
                            <item> de I meyterio recepto de liberis de
                                    <lb/><foreign>Monlufer</foreign> pro eodem </item>
                            <item> de I meyterio recepto de Pereneto <foreign>dou Bez</foreign> pro
                                eodem </item>
                            <item> de I meyterio recepto de liberis de <foreign>Revoyri</foreign>
                                pro eodem </item>
                            <item> de VIII cupis receptis de Peren<supplied reason="support détruit"
                                    >eto</supplied><lb/> Munerii pro eodem </item>
                            <item> de IIII cupis receptis de Bernardo de La Rua pro eodem </item>
                            <item> de I meyterio recepto de <foreign>Devine</foreign> pro eodem </item>
                            <item> de Pereneto de La Rua : IIII cupas <lb/></item>
                            <item> de I meyterio recepto de Iohanne <foreign>Valer</foreign> pro
                                eodem </item>
                            <item> de I meyterio recepto de <foreign>Palains</foreign> pro eodem </item>
                            <item> de I meyterio recepto de Hugone de <foreign>Alunzie</foreign> pro
                                eodem </item>
                            <item> de XXIIII cupis <lb/> receptis de hominibus qui sunt de feudo de
                                    <foreign>Grateil</foreign> hoc anno de quo litigant adinvicem
                                dominus Baugiaci et episcopus <sic>Masthiconensis</sic></item>
                            <lb/>
                            <item> summa : XXIX meyteria I cupa </item>
                            <item> de quibus <lb/> libravit in festo quod tenuit dominus apud
                                Baugiacum in nativitate Domini ad expensas eiusdem domini XII
                                meyteria dimidium que portata fuerunt apud Baugiacum <lb/></item>
                            <item> item pro bobus duobus qui erant de remanentia festi apud Pontem
                                Vallium per unam noctem : II cupas </item>
                            <item> in venditione facta per iudicem : X meyteria </item>
                        </list></p>
                    <p><lb/>summa librate : XXII meyteria VI cupa <lb/>et debet dictus Iohannes VI
                        meyteria III cupas</p>
                </div>
                <div xml:id="milium">
                    <head>millium</head>
                    <p><lb/><list>
                            <item> idem reddit computum de VII cupis receptis de exitu copunagii hoc
                                anno</item>
                        </list></p>
                </div>
                <div xml:id="nuces">
                    <head>nuces</head>
                    <p><lb/><list>
                            <item> de V cupis nucium receptis de exitu copunagii hoc anno</item>
                        </list></p>
                </div>
                <div xml:id="fabe">
                    <head>fabe</head>
                    <p><lb/><list>
                            <item> de I cupa fabarum recepta de exitu dicti copunagii hoc anno —
                                    venduntur<note> Une accolade relie ce verbe ajouté en fin de
                                    ligne aux trois recettes précédentes : <hi rend="italics"
                                        >millium</hi>, <hi rend="italics">nuces</hi> et <hi
                                        rend="italics">fabe</hi>.</note></item>
                        </list></p>
                </div>
                <div xml:id="cera">
                    <head>cera</head>
                    <p><lb/> idem reddit computum <list>
                            <item> de I libra cere recepta de uxore quondam
                                    <foreign>Carena</foreign> pro garda </item>
                            <item> de I libra recepta de Stephano de Molendino pro eodem </item>
                            <lb/>
                            <item> de I libra recepta de clerico <foreign>Bechat</foreign> pro eodem
                            </item>
                        </list></p>
                    <p>summa : III libre cere — quas tradidit ad expensas domini</p>
                </div>
                <div xml:id="fenum">
                    <head>fenum</head>
                    <p><lb/><list>
                            <item> de exitu pratorum nichil propter inundationes aquarum que fenum
                                postquam factum fuit duxerunt et destruxerunt </item>
                            <item> excepta una charrea <lb/> recolleata in prato domini apud
                                    <foreign>Chavannes</foreign> — expendebatur per dominum : sic
                                est quietus — videlicet quod dictum fenum percipitur in manso de
                                    <foreign>Chapotaz</foreign></item>
                        </list></p>
                </div>
                <div xml:id="galline">
                    <head><sic>gualline</sic></head>
                    <p><lb/> idem reddit computum <list>
                            <item> de VI<hi rend="sup">XX</hi> XVII guallinis receptis in
                                castellania Pontis Vallium hoc anno ut in extenta </item>
                            <item> de quibus <lb/> libravit ad expensas domini in festo nativitatis
                                Domini predicto IIII<hi rend="sup">XX</hi> guallinas </item>
                            <item> et debet LVII guallinas</item>
                        </list></p>
                </div>
                <div xml:id="panes">
                    <head>panes</head>
                    <p><lb/> idem reddit computum <list>
                            <item>de IIII panibus receptis in dicta castellania per annum ut in
                                extenta, et debet esse quilibet panis de una cupa frumenti —
                                venduntur</item>
                        </list></p>
                </div>
                <div xml:id="denarii">
                    <head>denarii</head>
                    <p><lb/> idem reddit computum <list>
                            <item> de XXXVIII solidis III denariis parisiensium receptis de redditu
                                asiso in castellania Pontis Vallium ut in extenta </item>
                            <item> de VII libris VI solidis receptis de teisis ut <lb/> in extenta
                                hoc anno </item>
                            <item> de IIII solidis receptis de firma quatuor bancarum macelli hoc
                                anno </item>
                            <item> de IIII solidis VI denariis receptis de exitu firme sexte partis
                                forestagii et riverie <lb/> hoc anno </item>
                            <item> de medietate quam percipit dominus in furno Pontis Vallium nichil
                                quia ordinatum est quod dominus teneat furnum uno anno et Guionetus
                                    <foreign>d’Espinous</foreign><note> On écrit <hi rend="italics"
                                        >despinous</hi>.</note> alio anno </item>
                            <lb/>
                            <item> de IIII libris XV solidis IIII denariis receptis de exitu pedagii
                                nundinarum Baugiaci videlicet prima die madii hoc anno </item>
                            <item> de VII libris XIIII solidis receptis de exitu alterius <lb/>
                                pedagii per totum annum et de exitu leyde fori hoc anno </item>
                            <item> de XIIII solidis VIII denariis receptis de exitu cridagii et
                                exegagii hoc anno</item>
                        </list></p>
                    <p><lb/>summa : XXII lb. XVI s. IX d par.</p>
                </div>
                <div xml:id="tallie">
                    <head>tallie</head>
                    <p><lb/> idem reddit computum <list>
                            <item> de XVIII libris receptis de talliis hominum de Bosco duobus
                                terminis per annum </item>
                            <item> de IIII libris receptis de hominibus Sancti Benigni duobus
                                terminis <lb/> per annum pro eodem </item>
                            <item> de VI libris XIII solidis IIII denariis receptis de tribus
                                albergis Iudeorum morantium apud Pontem Vallium de censa annua ut in
                                extenta <lb/></item>
                            <item> de V solidis receptis de septem cupis millii quinque cupis nucium
                                una cupa fabarum venditis ut supra</item>
                        </list></p>
                    <p><lb/>summa : XXVIII lb. XVIII s. IIII d.</p>
                </div>
                <div xml:id="bilan_recepte">
                    <p><lb/> summa totius recepte : LI lb. XV s. I d. par. — valent ad viennenses :
                        LXXVII libras XII solidos <lb/> VII denarios obolum </p>
                </div>
            </div>
            <div xml:id="expense_et_librate">
                <p> de quibus <lb/><list>
                        <item>idem libravit Petro de Montemeliano clerico domini Baugiaci per manum
                            Arduyni de Sala castellani Pontis Vallium : IIII libras XIIII solidos VI
                            denarios viennensium</item>
                        <lb/>
                        <item> item eidem Petro clerico duabus vicibus ut patet per duo paria
                            litterarum dicti Petri : XL libras V solidos IX denarios </item>
                        <lb/>
                        <item> item eidem per manum Iud<supplied reason="support troué"
                                >eorum</supplied> morantium apud Pontem Vallium : X libras
                            <lb/></item>
                        <item> item eidem per manum Hugonis Grassi : VI libras X solidos
                            <lb/></item>
                        <item> item domino Hugoni de Sala militi de dono sibi facto a domino ut
                            patet per litteram suam : X libras <lb/></item>
                        <item> item in expensis domine apud Pontem Vallium secunda die nativitatis
                            Domini : XXVII solidos VI denarios </item>
                        <lb/>
                        <item> item una tunica data preconizatori Pontis Vallium de mandato domini :
                            VI solidos</item>
                    </list></p>
                <p><lb/> summa librate : LXXIII lb. III s. IX d. <list>
                        <lb/>
                        <item> et debet dictus Iohannes de claro IIII libras VIII solidos X denarios
                            obolum viennensium</item>
                        <item> quibus <sic>aduntur</sic><lb/> LVII solidi IX denarii viennensium
                            quos dictus Iohannes recepit de hominibus de <foreign>Grateil</foreign>
                            quos debent de servitio annuatim</item>
                        <lb/>
                        <item> et sic debet dictus Iohannes per totum : VII libras VI solidos VII
                            denarios obolum viennensium</item>
                        <lb/>
                        <item> memorandum quod in hoc computo non sunt alloquati LII solidi IIII
                            denarii viennensium quos ipse tradidit ut dicit Hugoni Grasso ad
                            faciendum fenum <lb/> quod dominus percipit apud
                                <foreign>Grateil</foreign> et apud <foreign>Chavannes</foreign> et
                            in pratis suis prope Pontem Vallium</item>
                        <lb/>
                        <item> et restant quod debet IIII libras XIIII solidos III denarios et
                            obolum viennensium quas solvit Pereneto clerico domini Baugiaci</item>
                    </list></p>
            </div>
        </body>
    </text>
</TEI>
