<?xml version="1.0" encoding="UTF-8"?>
<?xml-model href="http://www.tei-c.org/release/xml/tei/custom/schema/relaxng/tei_all.rng" schematypens="http://relaxng.org/ns/structure/1.0"?>
<TEI xmlns:math="http://www.w3.org/1998/Math/MathML" xmlns="http://www.tei-c.org/ns/1.0"
  xmlns:xi="http://www.w3.org/2001/XInclude" xmlns:svg="http://www.w3.org/2000/svg"
  xml:id="B9154_10">
  <teiHeader>
    <fileDesc>
      <titleStmt>
        <title>Notes dorsales du rouleau Dijon, Archives Départementales de la Côte-d'Or, B9154 (châtellenie de Pont-de-Vaux, 1286-1287) <date type="debut" from-iso="12860501" cert="high"/><date type="fin"
            from-iso="12870222" cert="high"/></title>
      </titleStmt>
      <publicationStmt>
        <p>Alain Kersuzan et Frédéric Chartrain, avec la collaboration de Nils Mantilleri, Jean-Michel Poisson et Marianne Ronot, 
          <title>Notes dorsales du rouleau Dijon, Archives Départementales de la Côte-d'Or, B9154 (châtellenie de Pont-de-Vaux, 1286-1287)</title>,
          Lyon - Chambéry, 2011 (<title>Documents comptables des Etats de Savoie, XIIIe - XVe s.</title>)</p>
      </publicationStmt>
      <seriesStmt>
        <title>Pont-de-Vaux</title>
      </seriesStmt>
      <sourceDesc>
        <p>Information about the source</p>
      </sourceDesc>
    </fileDesc>
  </teiHeader>
  <text>
    <body>
      <div>
        <milestone n="9" unit="vue"/>
        <pb n="3?"/>
        <p><lb/> Computi castellani Pontis Vallium et de Chyvrous<note> Cette ligne apparaît la tête
            en bas, de façon a être lisible une fois le parchemin enroulé.</note></p>
      </div>
      <div>
        <div xml:id="laudes_vende">
          <head>laudes vende</head>
          <p><lb/> idem reddit computum <list>
              <item> de XVI solidis parisiensium receptis de Iohanne Channel pro laudibus domus
                empte a <unclear>E<supplied>nnar</supplied>do</unclear> de Perignie </item>
              <item> de III solidis receptis de <lb/> Petro de <sic>Tornorchio</sic> pro laudibus
                medietatis unius domus empte retro domum Berthoude </item>
              <item> de XII denariis receptis de Iohanne Channel pro <lb/> laudibus terre empte </item>
              <item> de XVIII solidis receptis de Gileto Marescalci pro tornis super scambio facto
                cum Renaudo Corbet </item>
              <item> de XI denariis obolo <lb/> receptis de <subst>
                  <del rend="overstrike">Petro</del>
                  <add place="interlinear">Ponceto</add>
                </subst> Crochat pro laudibus unius curtilis empti </item>
              <item> de V solidis receptis de Hugone et Stephano Corbet fratribus pro emptione
                cuiusdam domus </item>
              <lb/>
              <item> de VI solidis receptis de Perrino Roser pro emptione cuiusdam domus empte ab
                uxore Guillermi Pibet </item>
              <item> de XX denariis obolo receptis de Renaudo <lb/> Corbet pro emptione tertie
                partis unius domus </item>
              <item> de XX denariis receptis a Petit Julian pro venditione cuiusdam terre et prati </item>
              <item> summa : <del rend="overstrike">LXXIII s.</del> LIII s. IIII d. par.</item>
            </list></p>
        </div>
        <div xml:id="banna">
          <head>banna</head>
          <p><lb/> idem reddit computum <list>
              <item> de XXXII solidis viennensium receptis de quadam muliere domini de Sala pro
                concordia de eo quod accusabatur de furto </item>
              <item> de XX solidis <lb/> receptis de Chipot de Verney pro furto caseorum </item>
              <item> de XXXIX solidis receptis de Stephano Oreillart et Perrino fratre suo pro eo
                quod accusabantur <lb/> de eodem furto </item>
              <item> de XXX solidis receptis de Hugonino Ribet pro accusatione furti </item>
              <item> de L solidis receptis a filio Bernardi Palmerii pro rixa quam habuit <lb/> cum
                filio Poponi cui fecit sanguinem </item>
              <item> de VII libris receptis de Dayeto Iudeo pro eo quod auctoritate sua detinuit in
                nundinis Sancti Benigni <lb/> occasione debiti </item>
              <item> de LX solidis receptis a <del rend="overstrike">Berno</del> Bernardo de
                Albigniaco pro eo quod spoliavit auctoritate sua Guillermum Blanchi de quadam
                quantitate <lb/> bladi </item>
              <item> de L solidis receptis de Putoudo de Monchanin pro fractura saysine </item>
              <item> de LX solidis receptis de Peroneto dou Bez<note> On a écrit <hi rend="italics"
                    >doubez</hi>.</note> pro eo quod ceperat <lb/> de itinere publico </item>
              <item> de IIII libris receptis de Iohanneto Chalvet et uxore sua pro eo quod
                verberavit filium Blanchiflour et habuit rixam <lb/> cum ipso et uxore eius </item>
              <item> de XLVII solidis II denariis receptis de clamis per idem tempus </item>
              <item> de XV solidis IX denariis receptis de exitu saisinarum et desaisinarum <lb/>
                per idem tempus </item>
              <item> summa : XXXI lb. III s. XI d. vien. — valent ad parisienses XX libras XV
                solidos XI denarios</item>
            </list></p>
        </div>
      </div>
      <div>
        <milestone n="10" unit="vue"/>
        <pb n="?"/>
        <p>CCCC XIIII meiteria V cupe</p>
      </div>
      <div>
        <milestone n="11" unit="vue"/>
        <pb n="?"/>
        <p><lb/><list>
            <item> die lune penthecostes apud Baugiacum anno octogesimo nono </item>
            <lb/>
            <item> item respondent et debent pro ipso domino Aynardo Peronetus del Truchal et
              Peronetus eius patruus <del rend="overstrike">de decima</del> et <lb/> Benedictus de
              Fayola et Peronetus Charrers<note> Le mot est raturé.</note> Robertus de Chivrous et
              Ruphus Bastez : XXXIIII meiterios III cupas cumulas <lb/> et tenetur
                <sic>quilibet</sic><note> Lire <hi rend="italics">cuilibet</hi>.</note> in solidum
              fideiussor pro eis Iohannes Bailleti in solidum <del rend="overstrike">et</del></item>
            <lb/>
            <item> item debet et respondet pro ipso Ogeretus Grassi de Pontis Vallium : II meiterios
              II cupas avene </item>
            <lb/>
            <item> item Guigonetus de Sancto Germano castellanus Pontis Vallium : XXV meiterios —
              qui de ipsis computavit </item>
            <lb/>
            <item> et sic restant <sic>que debet</sic> LXII meiteria avene, que solvit pro ipso
              Bartholomeus Silvestri Petro clerico <lb/> in denariis<note> Une précédente rédaction,
                qui occupait toute la longueur de la ligne, a été effacée par grattage.
              </note></item>
            <lb/>
            <item> et sic debet computare dictus Petrus<note> Ce nom remplace une précédente
                rédaction, qui a été effacée par grattage.</note> de recepta facta a dicto
              Bartholomeo anno octogesimo nono <lb/> pro liberis dicti domini Aynardi ut supra in
              presenti computo de XXXIIII meiteriis frumenti <lb/> et XLI meiteriis I cupa siliginis
              et LXII meiteriis avene ad mensuram Pontis Vallium </item>
            <lb/>
            <item> memorandum quod castellanus Pontis Vallium debet respondere ut per litteram suam
              pro Hugonone de Bardonischa de XXV meiteriis de avena<note> Ce <hi rend="italics"
                  >memorandum</hi> a été ajouté d’une encre plus pâle au bas du parchemin, puis
                cancellé.</note></item>
          </list></p>
      </div>
    </body>
  </text>
</TEI>
