<?xml version="1.0" encoding="UTF-8"?>
<?xml-model href="http://www.tei-c.org/release/xml/tei/custom/schema/relaxng/tei_all.rng" schematypens="http://relaxng.org/ns/structure/1.0"?>
<TEI xmlns:math="http://www.w3.org/1998/Math/MathML" xmlns="http://www.tei-c.org/ns/1.0"
  xmlns:xi="http://www.w3.org/2001/XInclude" xmlns:svg="http://www.w3.org/2000/svg" xml:id="B9154_4">
  <teiHeader>
    <fileDesc>
      <titleStmt>
        <title>Compte d'Aynard de Bardonnèche (dominus Aynardus de Bardonesca), châtelain de
          Pont-de-Vaux et juge de la terre de Bagé, pour la châtellenie de Pont-de-Vaux, du mercredi
          1er mai 1286 au samedi 22 février 1287 (nouveau style) <date type="debut"
            from-iso="12860501" cert="high"/><date type="fin" from-iso="12870222" cert="high"
          /></title>
        <respStmt>
          <persName><name xml:lang="fra">Aynard de Bardonnèche</name><name xml:lang="lat">Aynardus
              de Bardonesca</name><roleName>châtelain de Pont-de-Vaux et juge de la terre de
              Bâgé</roleName></persName>
          <resp>Châtelain</resp>
        </respStmt>
      </titleStmt>
      <publicationStmt>
        <p>Alain Kersuzan et Frédéric Chartrain, avec la collaboration de Nils Mantilleri, Jean-Michel Poisson et Marianne Ronot, 
          <title>Compte d'Aynard de Bardonnèche (<hi rend="italics">dominus Aynardus de Bardonesca</hi>), châtelain de
            Pont-de-Vaux et juge de la terre de Bagé, pour la châtellenie de Pont-de-Vaux, du mercredi
            1er mai 1286 au samedi 22 février 1287 (nouveau style)</title>,
          Lyon - Chambéry, 2011 (<title>Documents comptables des Etats de Savoie, XIIIe - XVe s.</title>)</p>
      </publicationStmt>
      <seriesStmt>
        <title>Pont-de-Vaux</title>
      </seriesStmt>
      <sourceDesc>
        <p>Information about the source</p>
      </sourceDesc>
    </fileDesc>
  </teiHeader>
  <text>
    <body>
      <milestone n="4" unit="vue"/>
      <pb n="3"/>
      <div xml:id="prologue">
        <p><lb/>Computus domini Aynardi de Bardonesca castellani Pontis Vallium et iudicis terre
          Baugiaci a die et festo beatorum <lb/> apostolorum <sic>Philipi</sic> et Iacobi mense
          madii anno Domini M<hi rend="sup">o</hi> CC<hi rend="sup">o</hi> octogesimo sexto usque ad
          festum cathedre sancti Petri anno eodem videlicet <lb/> pro quadraginta duabus edomadis et
          tribus diebus </p>
      </div>
      <div xml:id="recepte">
        <div xml:id="frumentum">
          <head>frumentum</head>
          <p><lb/> idem reddit computum <list>
              <item> de copunagio nichil quia accensatum est cum <sic>vendis</sic> ad denarios ut
                infra </item>
              <item> de II meiteriis dimidio frumenti <add place="interlinear">ad mensuram
                  Baugiaci</add> receptis ab illis de <foreign>Trenbley</foreign><lb/> pro manso
                  <foreign>Chalvet</foreign> sito apud <foreign>Boyssey</foreign> de redditu per
                annum qui venit ad <sic>mannus</sic> domini comitis tempore Bartholomei Silvestri ex
                eo quod mansus fuerat tempore <lb/> retroacto de appenditiis mansi talliabilis
                Guichardi de Cortestrillo </item>
              <item> de II meiteriis dimidio receptis ad <sic>eandem</sic> mensuram de Hugoneto de
                  <foreign>Fromentauz</foreign> de redditu <sic>aquisito</sic> eodem <lb/> modo apud
                  <foreign>Boissey</foreign></item>
              <item> de exitu molendini de <foreign>Marceseys</foreign> nichil in frumento </item>
              <item> summa : V meiteria ad mensuram Baugiaci </item>
              <item> respondebit inferius <add>in computo de <foreign>Chivrous</foreign><note>ajout
                    en fin de ligne et dans l’interligne inférieur</note></add></item>
            </list></p>
        </div>
        <div xml:id="siligo">
          <head>siligo</head>
          <p><lb/> idem reddit computum <list>
              <item> de X meiteriis siliginis receptis de hominibus de vico Albigniaci de redditu
                per annum </item>
              <item> de IIII meiteriis receptis in villa Sancti Benigni de prepositura <lb/> per
                annum </item>
              <item> de XVIII meiteriis receptis apud Boscum de prepositura per annum </item>
              <item> de IX meiteriis receptis ibidem de chacipoleria per annum </item>
              <item> de IIII meiteriis receptis de <lb/> Guillermo Believro de redditu pro manso
                  <foreign>au Chapotat</foreign></item>
              <item> de II meiteriis dimidio receptis ad mensuram Baugiaci apud
                  <foreign>Boyssey</foreign> ab illis de <foreign>Trenbley</foreign> de redditu ut
                supra in frumento </item>
              <lb/>
              <item> de IIII cupis receptis de exitu molendini de <foreign>Marceseys</foreign> pro
                parte domini de empto ab Hugonino de <foreign>Gorrevout</foreign></item>
              <item> de IX cupis receptis de exitu dicti <lb/> molendini in quo dominus percipit
                sextam partem pro anno finito in carniprivio anno octogesimo sexto </item>
              <lb/>
              <item> summa : XLIX meiteria IIII cupe siliginis — et remanent </item>
              <item><add>respondet in computo de <foreign>Chivrous</foreign><note>ajouté en fin de
                    ligne et dans l’interligne inférieur</note></add></item>
            </list></p>
        </div>
        <div xml:id="avena">
          <head>avena</head>
          <p><lb/> idem reddit computum <list>
              <item> de XXVII meiteriis avene receptis in dicta castellania de guarda per annum ut
                in extenta </item>
            </list></p>
          <div type="sub">
            <head>remanentia</head>
            <p><list>
                <item> de VI meiteriis receptis a celerario Trenorchii de <lb/> guarde quam debent
                  homines sui pro anno preterito et de residuo ipsius guarde debet computare
                  Guillermus <foreign>Cadouz</foreign></item>
                <item> de II meiteriis ad mensuram Baugiaci receptis <lb/> de Hugoneto de
                    <foreign>Fromentauz</foreign> de redditu aquisito apud
                    <foreign>Boissey</foreign> per Bartholomeum Silvestris supradictum </item>
                <item> de II meiteriis dimidio receptis a dicto Hugono de
                    <foreign>Fromentauz</foreign> ad mensuram <lb/> Baugiaci de aquisito per eundem
                  Bartholomeum </item>
              </list></p>
          </div>
          <div>
            <p><list>
                <item> summa : XXXVII meiteria <add place="interlinear">dimidium</add> avene </item>
                <item> de quibus <lb/> in venditione ut infra : VI meiteria </item>
                <item> et sic debet XXXI<note> Le nombre a été corrigé après effacement d’une
                    rédaction précédente.</note> meiteria, <sic>dimmisso</sic> sibi dimidio meiterio
                  pro eo quod mensura Baugiaci valet minus <lb/> quam mensura Pontis Vallium </item>
                <item> quibus <sic>aduntur</sic> LXXIIII<note> Le nombre a été soigneusement
                    raturé.</note> meiteria recepta de exitu guaignagii stanni de
                    <foreign>Chivrous</foreign></item>
                <item> et sic debet CV meiteria </item>
                <item><add place="endOfLine">respondet inferius</add></item>
              </list></p>
          </div>
        </div>
        <div xml:id="panes">
          <head>panes</head>
          <p><lb/><list>
              <item> idem reddit computum de IIII panibus receptis de hominibus de Albigniaco de
                redditu per annum et debet valere quilibet panis unam cupam frumenti — venduntur ut
                infra </item>
            </list></p>
        </div>
        <div xml:id="cera">
          <head>cera</head>
          <p><lb/> idem reddit computum <list>
              <item> de XVII libris cere receptis in dicta castellania de guarda per annum ut in
                extenta deducta una libra quam debet Bernardus <foreign>Aloces</foreign> a quo non
                potest <lb/> recuperari </item>
              <item> summa : XVII libras cere — et remanent </item>
            </list></p>
        </div>
        <div xml:id="galline">
          <head><sic>gualline</sic></head>
          <p><lb/> idem reddit computum <list>
              <item> de CIII guallinis receptis apud vicum de Albigniaco et apud Boscum et apud
                Sanctum Benignum ubi levantur de quolibet foco due galline excepto <lb/> in vico de
                Albigniaco levatur de quolibet foco una<note> On a écrit, par abréviation et sans
                  doute machinalement, <hi rend="italics">unam</hi>.</note> guallina tantum et sic
                  <del rend="overstrike">u</del> levantur aliquando plus aliquando minus </item>
              <lb/>
              <item> summa : CIII gualline — venduntur ut infra </item>
            </list></p>
        </div>
        <div xml:id="carrelli">
          <head>carrelli</head>
          <p><lb/><list>
              <item> idem reddit computum de C carrellis ferri ad balistas receptis <del
                  rend="overstrike">a G</del> ab heredibus Guillermi fabri de redditu per annum pro
                porteria porte deversus Cusiriacum <lb/> et <sic>tottidem</sic> debet<note> Le signe
                  d’abréviation au-dessus du premier <hi rend="italics">e</hi> paraît dépourvu de
                  sens, le contexte n’inclinant guère au potentiel.</note> ille qui custodit aliam
                portam </item>
              <item> summa : C carrelli </item>
              <item> traditi fuerunt balistariis qui iverunt ad <sic>succurssum</sic> Alte Ville
              </item>
            </list></p>
        </div>
        <div xml:id="fenum">
          <head>fenum</head>
          <p><lb/><list>
              <item> idem reddit computum de I carrata feni percepta de exitu prati
                  <foreign>Planetex</foreign> iuxta nemus<note> Le mot est raturé, très
                  malaisément.</note> de Agya pro iure quod dominus habet ibidem <sic>de
                  empto</sic><note>Lire <hi rend="italics">de emptu</hi>, <hi rend="italics"
                    >dempto</hi> paraissant bien peu probable.</note> ab heredibus <lb/> Hugonis de
                  <foreign>Viriset</foreign> et uxore <foreign>Cochart</foreign> de
                  <foreign>L’Abergiment</foreign> et ab uxore Iohannis
                <foreign>Poysat</foreign></item>
              <item> venduntur ut infra </item>
            </list></p>
        </div>
        <div xml:id="denarii">
          <head>denarii</head>
          <p><lb/> idem reddit computum <list>
              <item> de XXVII solidis III denariis parisiensium receptis de redditu in dicta
                castellania per annum </item>
              <item> de teysis non computat quia levantur in octabis paschatis </item>
              <lb/>
              <item> de firma bancarum macelli non computat quia levatur cum teisis in octabis
                paschatis </item>
              <item> de VIII solidis receptis de firma forestagii et dominii riparie de
                  <lb/><foreign>Marceseys</foreign> in quibus dominus percipit sextam partem et
                recuperatur in nativitate Domini annuatim </item>
              <item> de XVIII solidis receptis de exitu furni in quo dominus percipit medietatem
                <lb/> per tempus supradictum </item>
              <item> de pedagio nundinarum Baugiaci que sunt prima die madii anno octogesimo sexto
                non computat quia Guillermus <foreign>Cadouz</foreign> castellanus ante <lb/> ipsum
                debet computasse </item>
              <item> de LXI solidis II denariis receptis de exitu minuti pedagii per tempus
                supradictum exceptis dictis nundinis Baugiaci </item>
              <item> de XXIIII solidis VIII denariis receptis <lb/> de quadraginta novem trossellis
                pannorum venientium de nundinis Cabillonis </item>
              <item> de XXVI solidis VIII denariis receptis de firma pedagii Iudeorum pro anno <lb/>
                finiendo in festo beati Iohannis baptiste anno octogesimo septimo </item>
              <item> de V solidis receptis de exitu dicti pedagii ab <sic>accensione</sic> Domini
                anno octogesimo sexto usque <lb/> ad festum beati Iohannis anno eodem et tunc fuit
                accensatum ut hic supra </item>
              <item> de XVII solidis IIII denariis receptis de exitu nundinarum de Sancto Benigno
                que sunt die <lb/> et festo beati Christofori ultra novem solidos quatuor denarios
                expensos in custodiendo dictas nundinas : respondet minus quam solebat propter
                guerram </item>
              <item><del rend="overstrike"><unclear reason="biffé">de <supplied>XI</supplied>
                    III</unclear></del></item>
              <lb/>
              <item> de XI solidis XI denariis parisiensium receptis de exitu cridagii et exeguagii
                vini per idem tempus </item>
              <item> de IIII libris receptis de tallia facta apud Sanctum Benignum videlicet<note>
                  Le <hi rend="italics">v</hi> initial est venu raturer un début de rédaction
                  précédente.</note> in festo <lb/> beati Bartholomei et in festo beati Andree </item>
              <item> de tallia facta apud Boscum ubi sunt decem octo libre parisiensium in anno non
                computat quia burgenses Pontis Vallium <lb/> eam percipiunt in solutionem cuiusdam
                summe pecunie quam dominus eis debebat : preceptum est quod videatur littera debiti
                et sciatur si debeant <lb/> plus percipere dictam talliam aut non </item>
              <item><add place="leftMargin">littera visa est <lb/> et reddita mihi <lb/> P[etro]
                  clerico quia <lb/> soluti sunt de <lb/> triginta sex libris <lb/> parisiensium et
                  sic dominus <lb/> debet habere dictam <lb/> talliam deinceps</add></item>
              <item> de XIII libris VI solidis VIII denariis receptis de Daeto Iudeo <del
                  rend="overstrike">de</del> et filiis suis de censa quam dant annuatim in
                nativitate <lb/> Domini pro istagio suo
                  <unclear>Pont<supplied>e</supplied></unclear> Vallium </item>
              <item> de censa liberorum Morelli Iudei non computat quia non morantur in villa sed
                una filia sua moratur apud <lb/> Baugiacum cum Symone Iudeo </item>
              <item> de censa Beniot Iudei qui dabat viginti solidos viennensium per annum non
                computat quia recessit de villa diu est et <lb/> moratur alibi </item>
              <item> de XIII libris VI solidis VIII denariis receptis de censa Iacobi cavorcini in
                festo beati Michaelis pro istagio suo <unclear>Pont<supplied>e</supplied></unclear>
                Vallium </item>
              <item> de XL solidis receptis <lb/> de Hugone Grassi pro <sic>mediete</sic> firme
                copunagii et leyde fori finite in festo beati Iohannis baptiste anno octogesimo
                sexto et de alia medietate debet <lb/> computare Guillermus
                  <foreign>Cadouz</foreign></item>
              <item> de LXIII solidis IIII denariis receptis de medietate dicte firme copunagii et
                leyde finiende in festo beati Iohannis baptiste quod erit <lb/>anno octogesimo
                septimo et tunc debet tantundem </item>
              <item> de II solidis IIII denariis receptis de gardis ut in extenta </item>
              <lb/>
              <item> summa : XLV lb. XIX s. par. </item>
            </list></p>
        </div>
        <div xml:id="laudes_et_vende">
          <head>laudes et vende</head>
          <p><lb/><list>
              <item> idem reddit computum de LIII solidis IIII denariis parisiensium receptis de
                laudibus et vendis per idem tempus ut in particulis in dorso presentis rotuli<note>
                  Voir vue 9 : <milestone n="9" unit="vue"/><p><lb/> idem reddit computum <list>
                      <item> de XVI solidis parisiensium receptis de Iohanne
                          <foreign>Channel</foreign> pro laudibus domus empte a
                            <unclear>E<supplied>nnar</supplied>do</unclear> de
                          <foreign>Perignie</foreign></item>
                      <item> de III solidis receptis de <lb/> Petro de Tornorchio pro laudibus
                        medietatis unius domus empte retro domum Berthoude </item>
                      <item> de XII denariis receptis de Iohanne <foreign>Channel</foreign> pro
                        <lb/> laudibus terre empte </item>
                      <item> de XVIII solidis receptis de Gileto Marescalci pro tornis super scambio
                        facto cum Renaudo <foreign>Corbet</foreign></item>
                      <item> de XI denariis obolo <lb/> receptis de <del rend="overstrike"
                          >Petro</del><add place="interlinear"
                          >Ponceto</add><foreign>Crochat</foreign> pro laudibus unius curtilis empti </item>
                      <item> de V solidis receptis de Hugone et Stephano <foreign>Corbet</foreign>
                        fratribus pro emptione cuiusdam domus </item>
                      <lb/>
                      <item> de VI solidis receptis de Perrino <foreign>Roser</foreign> pro emptione
                        cuiusdam domus empte ab uxore Guillermi <foreign>Pibet</foreign></item>
                      <item> de XX denariis obolo receptis de Renaudo <lb/><foreign>Corbet</foreign>
                        pro emptione tertie partis unius domus </item>
                      <item> de XX denariis receptis a <foreign>Petit Julian</foreign> pro
                        venditione cuiusdam terre et prati.</item>
                    </list></p></note></item>
              <lb/>
              <item> summa : LIII s. IIII d. </item>
            </list></p>
        </div>
        <div xml:id="introgia">
          <head><supplied>introgia</supplied></head>
          <p><list>
              <item><add place="leftMargin">de introgiis nichil ut dicitur</add></item>
            </list></p>
        </div>
        <div xml:id="banna_et_clame">
          <head>banna et clame</head>
          <p><lb/><list>
              <item> idem reddit computum de XX libris XV solidis XI denariis parisiensium receptis
                de bannis et clamis per idem tempus<note> Voir vue 9 :<milestone unit="vue" n="9"
                    /><p><lb/> idem reddit computum <list>
                      <item> de XXXII solidis viennensium receptis de quadam muliere domini de Sala
                        pro concordia de eo quod accusabatur de furto </item>
                      <item> de XX solidis <lb/> receptis de <foreign>Chipot</foreign> de
                          <foreign>Verney</foreign> pro furto caseorum </item>
                      <item> de XXXIX solidis receptis de Stephano <foreign>Oreillart</foreign> et
                        Perrino fratre suo pro eo quod accusabantur <lb/> de eodem furto </item>
                      <item> de XXX solidis receptis de Hugonino <foreign>Ribet</foreign> pro
                        accusatione furti </item>
                      <item> de L solidis receptis a filio Bernardi Palmerii pro rixa quam habuit
                        <lb/> cum filio Poponi cui fecit sanguinem </item>
                      <item> de VII libris receptis de Dayeto Iudeo pro eo quod auctoritate sua
                        detinuit in nundinis Sancti Benigni <lb/> occasione debiti </item>
                      <item> de LX solidis receptis a <del rend="overstrike">Berno</del> Bernardo de
                        Albigniaco pro eo quod spoliavit auctoritate sua Guillermum Blanchi de
                        quadam quantitate <lb/> bladi </item>
                      <item> de L solidis receptis de Putoudo de <foreign>Monchanin</foreign> pro
                        fractura saysine </item>
                      <item> de LX solidis receptis de Peroneto <foreign>dou Bez</foreign> pro eo
                        quod ceperat <lb/> de itinere publico </item>
                      <item> de IIII libris receptis de Iohanneto <foreign>Chalvet</foreign> et
                        uxore sua pro eo quod verberavit filium <foreign>Blanchiflour</foreign> et
                        habuit rixam <lb/> cum ipso et uxore eius </item>
                      <item> de XLVII solidis II denariis receptis de clamis per idem tempus </item>
                      <item> de XV solidis IX denariis receptis de exitu saisinarum et desaisinarum
                        <lb/> per idem tempus </item>
                      <item> summa : XXXI lb. III s. XI d. vien. — valent ad parisienses XX libras
                        XV solidos XI denarios</item>
                    </list></p></note></item>
              <lb/>
              <item> summa : XX lb. XV s. XI d. par. </item>
            </list></p>
        </div>
        <div xml:id="perquisita">
          <head>perquisita</head>
          <p><lb/> idem reddit computum <list>
              <item><add place="interlinear">de</add> VII solidis IIII denariis receptis de duobus
                porcellis et una porcella repertis apud Pontem Vallium et Salmoyacum et Albigniacum
                sine domino </item>
              <lb/>
              <item> de IIII libris VII solidis III denariis <del rend="overstrike">receptis</del>
                parisiensium receptis de bonis <del rend="overstrike">Petri</del> mobilibus Petri de
                  <foreign>Trembley</foreign> qui recessit propter furtum deductis septem solidis
                octo denariis pro expensis factis <lb/> recolligendo dicta bona </item>
              <item> de XI solidis VI denariis receptis de bonis mobilibus dicti
                  <foreign>Tisserant</foreign> de Ponte Vallium qui fuit suspensus apud Matisconem </item>
              <item> summa : CVI s. I d. par. </item>
            </list></p>
        </div>
        <div xml:id="venditiones">
          <head>venditiones</head>
          <p><lb/> idem reddit computum <list>
              <item> de XL solidis parisiensium receptis de sex meiteriis avene venditis ut supra
                quolibet sex solidis octo denariis </item>
              <item> de III solidis IIII denariis receptis de quatuor panibus venditis <lb/> ut
                supra </item>
              <item> de XXIII solidis VI denariis receptis de centum tribus guallinis venditis ut
                supra deductis novem guallinis quas tradidit Colino falconerio ad expensas unius
                falconis quod <lb/> ceperat </item>
              <item> de V solidis IIII denariis receptis de feno vendito ut supra </item>
              <item> summa : LXXII s. II d. par.</item>
            </list></p>
        </div>
        <div xml:id="bilan_recepte">
          <p><list>
              <item> summa tottalis recepte : LXXVIII lb. VI s. VI d. par.</item>
            </list></p>
        </div>
      </div>
      <div xml:id="expense_et_librate">
        <p><list>
            <item> de quibus <lb/> libravit dignerio dato tribus hominibus apportantibus servitium
              tertia die nativitatis Domini : IX denarios parisiensium </item>
            <item> item in raterio aptando bis quod fregerant <lb/> duo latrones : IIII solidos VIII
              denarios </item>
            <item> item in <sic>duabus</sic><note> On avait, semble-t-il, d’abord écrit <hi
                  rend="italics">duobus</hi>, mais on paraît avoir éprouvé le besoin de raturer un
                mot grammaticalement correct.</note> papiris emptis ad scribendum solutiones
              redditus : II solidos II denarios </item>
            <item> item in stipendio diversorum nuntiorum missorum <lb/> ad diversa loca pro
              negotiis domini : X solidos VII denarios obolum </item>
            <item> item in expensis Colini Aucupis oiselatoris tendentis ad falcones a
                <sic>quindenis</sic><note> Il faut probablement lire <hi rend="italics"
                  >quindecim</hi>.</note><del rend="overstrike">beati</del> diebus ante <lb/> festum
              beati Michaelis usque prope nativitatem Domini videlicet pro quater viginti octo
              diebus de mandato domini comitis : LII solidos parisensium pro se et garcione suo </item>
            <lb/>
            <item> item in una roba data eidem Colino de mandato domini comitis : XX solidos </item>
            <item> item expensis Ansemereti <del rend="overstrike">tenentis</del> scutiferi dicti
              iudicis euntis se secundo <lb/> cum armis apud Burgum de mandato baillivi pro domo
                <sic>Hunberti</sic> de Buenc qui mortuus erat retinenda et expensis iudicis ducentis
              secum dominum <lb/> Guichardum de Laya et Perraudum de Luignia cum armis apud Burgum
              pro eundo versus Ambrogniacum de mandato baillivi : XVI solidos VIII denarios </item>
            <lb/>
            <item> de salario suo solvet sibi in computo iudicature</item>
          </list></p>
        <div xml:id="bilan_expense_et_librate">
          <p><list>
              <item> summa : CVI s. X d. ob par.</item>
            </list></p>
        </div>
      </div>
      <div xml:id="bilan">
        <p><lb/><list>
            <item>et sic debet LXXII libras XIX solidos VII denarios obolum parisiensium </item>
            <item> quibus aduntur V solidi parisiensium <lb/> recepti de Hugone de
                <foreign>Fromentauz</foreign> de redditu ut in extenta pro manso Guichardi de
                <foreign>Cortestrillo</foreign></item>
            <item> item XVI solidi parisensium receptis de <add place="interlinear">liberis</add> de
              Pontii de <foreign>Trenbley</foreign> et Guioneto de <lb/><foreign>Trembley</foreign>
              de redditu pro manso Chalvet de novo aquisito </item>
            <item> et sic est summa quod debet LXXIIII libras VII denarios obolum
              parisiensium</item>
          </list></p>
      </div>
    </body>
  </text>
</TEI>
