<?xml version="1.0" encoding="UTF-8"?>
<?xml-model href="http://www.tei-c.org/release/xml/tei/custom/schema/relaxng/tei_all.rng" schematypens="http://relaxng.org/ns/structure/1.0"?>
<TEI xmlns:math="http://www.w3.org/1998/Math/MathML" xmlns="http://www.tei-c.org/ns/1.0"
  xmlns:xi="http://www.w3.org/2001/XInclude" xmlns:svg="http://www.w3.org/2000/svg" xml:id="B9154_6">
  <teiHeader>
    <fileDesc>
      <titleStmt>
        <title>Compte d'Aynard de Bardonnèche (dominus Aynardus de Bardonesca), châtelain de
          Pont-de-Vaux et juge de la terre de Bagé tenant la maison de Chevroux (tenens domum de
          Chivrous), pour la châtellenie de Pont-de-Vaux, du samedi 22 février 1287 (nouveau style)
          au jeudi 15 mai 1287 (nouveau style) <date type="debut" from-iso="12870222" cert="high"
            /><date type="fin" from-iso="12870515" cert="high"/></title>
        <respStmt>
          <persName><name xml:lang="fra">Aynard de Bardonnèche</name><name xml:lang="lat">Aynardus
              de Bardonesca</name><roleName>châtelain de Pont-de-Vaux et juge de la terre de Bâgé
              tenant la maison de Chevroux</roleName></persName>
          <resp>Châtelain</resp>
        </respStmt>
      </titleStmt>
      <publicationStmt>
        <p>Alain Kersuzan et Frédéric Chartrain, avec la collaboration de Nils Mantilleri, Jean-Michel Poisson et Marianne Ronot, 
          <title>Compte d'Aynard de Bardonnèche (<hi rend="italics">dominus Aynardus de Bardonesca</hi>), châtelain de
            Pont-de-Vaux et juge de la terre de Bagé tenant la maison de Chevroux (tenens domum de
            Chivrous), pour la châtellenie de Pont-de-Vaux, du samedi 22 février 1287 (nouveau style)
            au jeudi 15 mai 1287 (nouveau style)</title>,
          Lyon - Chambéry, 2011 (<title>Documents comptables des Etats de Savoie, XIIIe - XVe s.</title>)</p>
      </publicationStmt>
      <seriesStmt>
        <title>Pont-de-Vaux</title>
      </seriesStmt>
      <sourceDesc>
        <p>Information about the source</p>
      </sourceDesc>
    </fileDesc>
  </teiHeader>
  <text>
    <body>
      <milestone n="5" unit="vue"/>
      <pb n="5"/>
      <div xml:id="prologue">
        <p><lb/><note> Le compte est numéroté <hi rend="italics">VIII</hi> en tête.</note> item
          computus dicti domini Aynardi de Bardonesca <del rend="overstrike">cast</del><note> Le mot
            a été biffé parce que l’on a préféré éviter d’écrire sur un accident du parchemin. Voir,
            à la ligne suivante, l’espace laissé entre <hi rend="italics">accen-</hi> et <hi
              rend="italics">-sionis</hi>.</note> castellani Pontis Vallium a die et festo cathedre
          sancti Petri anno Domini M<hi rend="sup">o</hi> CC<hi rend="sup">o</hi> octogesimo sexto
          usque ad diem <sic>accensionis</sic><note> Lire <hi rend="italics">ascensionis
            </hi>!</note> Domini videlicet <lb/> quinta decima die <sic>mayi</sic> anno octogesimo
          septimo : videlicet <lb/><list>
            <item> de exitu molendini de <foreign>Marceseys</foreign> nichil recepit per tempus
              supradictum quare nichil computat sed inde debet computare castellanus
                <lb/><sic>sequems</sic><note>Lire <hi rend="italics">sequens</hi>.</note></item>
            <item> de aliis bladis computavit in computo precedenti </item>
          </list></p>
      </div>
      <div xml:id="recepte">
        <div xml:id="cera">
          <head>cera </head>
          <p><lb/><list>
              <item> idem reddit<note> Suppléer <hi rend="italics">computum</hi>.</note> de XVII
                libris cere receptis a se ipso de remanentia computi sui Pontis Vallium precedentis
                — venduntur ut infra </item>
            </list></p>
        </div>
        <div xml:id="denarii">
          <head>denarii</head>
          <p><lb/> idem reddit computum <list>
              <item> de VII libris VI solidis parisiensium receptis in octabis paschatis de teisis
                in villa Pontis Vallium per annum </item>
              <item> de IIII solidis VI denariis receptis de <lb/> tribus banchis macelli de firma
                in dictis octabis paschatis <del rend="overstrike">reddita</del> debita annuatim
                videlicet de qualibet banca macelli decem octo denarios </item>
              <item> de V solidis IX denariis receptis de exitu furni Pontis Vallium in quo dominus
                percipit medietatem per tempus supradictum </item>
              <item> de LXI solidis IIII denariis receptis de exitu <lb/> pedagii die prima maii qua
                sunt nundine apud Baugiacum hoc anno videlicet octogesimo septimo </item>
              <item> de IIII solidis VIII denariis receptis de exitu <lb/> minuti pedagii per tempus
                supradictum de grosso pedagio nichil </item>
              <item><add place="leftMargin">de XIII denariis obolo <lb/> receptis de porcis <lb/>
                  occisis in macello videlicet de <lb/> quolibet porco unus obolus
                  parisiensium</add><foreign> </foreign></item>
              <lb/>
              <item> de IIII solidis receptis de exitu cridagii et exegagii per idem tempus </item>
              <item> de <lb/> sexaginta tribus solidis quatuor denariis quos debet Hugo Grassi pro
                medietate firme copunagii et leyde non computat quia non <lb/> recuperantur ante
                festum beati Iohannis proximum ut in precedenti computo </item>
              <item> de aliis redditis computavit in computo precedenti ut supra </item>
              <lb/>
              <item> summa : XI lb. VII s. IIII d. ob. par. </item>
            </list></p>
        </div>
        <div xml:id="laudes_et_vende">
          <head>laudes et vende</head>
          <p><lb/> idem reddit computum <list>
              <item> de VI solidis parisiensium receptis de Peroneto de Trenorchio pro laudibus
                domus empte a filio Guichardi de <foreign>Louriour</foreign></item>
              <lb/>
              <item> de XII denariis receptis a Iaqueta <foreign>La Boilleta</foreign> pro laudibus
                partis unius domus empte a Vanneriis </item>
              <item> de XX denariis obolo receptis de Iohanneta <foreign>La Curta</foreign><lb/> pro
                laudibus quarte partis unius domus empte a filio <foreign>Rater</foreign> et uxore
                sua </item>
              <item> summa : VIII s. VIII d. ob. par. </item>
            </list></p>
        </div>
        <div xml:id="banna">
          <head>banna</head>
          <p><lb/> idem reddit computum <list>
              <item> de XIII<note> On avait probablement d’abord écrit <hi rend="italics"
                  >XIIII</hi>, et le dernier chiffre est raturé.</note> solidis IIII denariis
                parisiensium receptis ab uxore Dayeti Iudei pro eo quod verberaverat
                  <sic>pedisicam</sic> suam, et habuit ab eadem ex causa predicta <lb/> unum
                saphirum quem habuit dominus comes </item>
              <lb/>
              <item> de X solidis receptis a Nicholao de Fayola pro saisina fracta </item>
              <item> de IX solidis VIII denariis receptis de quatuor <lb/> clamis per idem tempus </item>
              <item> de II solidis VIII denariis receptis de exitu saisinarum et desaisinarum per
                idem tempus </item>
              <item> summa : XXXV s. VIII d. </item>
            </list></p>
        </div>
        <div xml:id="venditiones">
          <head>venditiones</head>
          <p><lb/><list>
              <item> idem reddit computum de XXIIII solidis parisiensium receptis de cera vendita ut
                supra </item>
              <item> summa eadem </item>
            </list></p>
        </div>
        <div xml:id="bilan_recepte">
          <p><lb/><list>
              <item> summa : XIIII lb. XV s. IX d. par.</item>
            </list></p>
        </div>
      </div>
      <div xml:id="expense_et_librate">
        <p><list>
            <item> de quibus <lb/> in stipendiis diversorum nuntiorum missorum pro negotiis domini
              per idem tempus : XIX solidos II denarios parisiensium </item>
            <item> item expensis<note> Suppléer <hi rend="italics">in </hi>: <hi rend="italics">in
                  expensis</hi>.</note> unius latronus qui furatus fuerat <lb/> panem et fuit
              fugatus per villam : II solidos VI denarios </item>
          </list></p>
        <div xml:id="bilan_expense_et_librate">
          <p><list>
              <item> summa : XXI s. VIII d par.</item>
            </list></p>
        </div>
      </div>
      <div xml:id="bilan">
        <lb/>
        <list>
          <item> et sic debet XIII libras XIIII solidos I denarium parisiensium </item>
          <item> quibus <sic>aduntur</sic><lb/> XXVII libre III solidi III denarii parisiensium
            recepta a se ipso de remanentia computorum suorum de Chivrous et Pontis Vallium
            precedentium </item>
          <lb/>
          <item> et sic est summa quod debet XL libras XVII solidos IIII denarios
            parisiensium</item>
        </list>
      </div>
    </body>
  </text>
</TEI>
