<?xml version="1.0" encoding="UTF-8"?>
<?xml-model href="http://www.tei-c.org/release/xml/tei/custom/schema/relaxng/tei_all.rng" schematypens="http://relaxng.org/ns/structure/1.0"?>
<TEI xmlns:math="http://www.w3.org/1998/Math/MathML" xmlns="http://www.tei-c.org/ns/1.0"
    xmlns:xi="http://www.w3.org/2001/XInclude" xmlns:svg="http://www.w3.org/2000/svg"
    xml:id="B9156_4">
    <teiHeader>
        <fileDesc>
            <titleStmt>
                <title>Hugues Médecin (Hugo Medici), châtelain, pour la châtellenie de Pont-de-Vaux,
                    du dimanche 8 avril 1296 au jeudi 4 octobre 1296 <date type="debut"
                        from-iso="12960408" cert="high"/><date type="fin" from-iso="12961004"
                        cert="high"/></title>
                <respStmt>
                    <persName><name xml:lang="fra">Hugues Médecin</name><name xml:lang="lat">Hugo
                            Medici</name></persName>
                    <resp>Châtelain</resp>
                </respStmt>
            </titleStmt>
            <publicationStmt>
                <p>Alain Kersuzan et Frédéric Chartrain, avec la collaboration de Nils Mantilleri, Jean-Michel Poisson et Marianne Ronot, 
                    <title>Hugues Médecin (<hi rend="italics">Hugo Medici</hi>), châtelain, pour la châtellenie de Pont-de-Vaux,
                        du dimanche 8 avril 1296 au jeudi 4 octobre 1296</title>,
                    Lyon - Chambéry, 2011 (<title>Documents comptables des Etats de Savoie, XIIIe - XVe s.</title>)</p>
            </publicationStmt>
            <seriesStmt>
                <title>Pont-de-Vaux</title>
            </seriesStmt>
            <sourceDesc>
                <p>Information about the source</p>
            </sourceDesc>
        </fileDesc>
    </teiHeader>
    <text>
        <body>
            <milestone n="8" unit="vue"/>
            <pb n="7"/>
            <div xml:id="prologue">
                <p><lb/>Computus Hugonis Medici castellani Pontis Vallium ab octava die intrantis
                    mensis <lb/> aprilis anno Domini M<hi rend="sup">o</hi> CC<hi rend="sup">o</hi>
                    nonagesimo sexto usque ad quartam diem intrantis mensis octobris anno eodem
                    videlicet <lb/> de viginti quinque septimanis quatuor diebus </p>
            </div>
            <div xml:id="recepte">
                <div xml:id="frumentum">
                    <head>frumentum</head>
                    <p><list>
                            <item><lb/> idem reddit computum de XI meiteriis II cupis frumenti
                                receptis a se<note> On écrit généralement <hi rend="italics"
                                        >ase</hi>.</note> ipso de remanentia computi sui precedentis </item>
                            <item> de redditu frumenti non computat <lb/> quia nichil recepit ut
                                dicit </item>
                            <item><lb/> summa recepte : XI meiteria II cupe frumenti — venduntur ut
                                infra </item>
                        </list></p>
                </div>
                <div xml:id="siligo">
                    <head>siligo</head>
                    <p><list>
                            <item><lb/> idem reddit computum </item>
                            <item> de III cupis siliginis receptis de exitu molendini de
                                    <foreign>Marceseys</foreign> per tempus supradictum in quo
                                dominus percipit sextam partem </item>
                            <item><lb/> de residuo siliginis debite per castellaniam non computat
                                quia nichil recepit ut dicit </item>
                            <item> de VII<hi rend="sup">XX</hi> XVIII meiteriis III
                                    <foreign>quars</foreign><lb/> unius cupe siliginis receptis a se
                                ipso de remanentia computi sui precedentis </item>
                            <item><lb/> summa recepte : VII<hi rend="sup">XX</hi> XVIII meiteria III
                                cupe III <foreign>quars</foreign> unius cupe — venduntur ut infra
                            </item>
                        </list></p>
                </div>
                <div xml:id="avena">
                    <head>avena</head>
                    <p><lb/> idem reddit computum <list>
                            <item> de LVII meiteriis avene receptis a se ipso de remanentia computi
                                sui precedentis </item>
                            <item> de alia <del rend="overstrike">v</del> avena debita per
                                castellaniam <lb/> non computat quia nichil recepit ut dicit <lb/>
                                summa : LVII meiteria avene — venduntur ut infra </item>
                        </list></p>
                </div>
                <div xml:id="milium">
                    <head>millium</head>
                    <p><list>
                            <item><lb/> idem reddit computum de XII meiteriis millii receptis a se
                                ipso de remanentia computi precedentis — venduntur ut infra </item>
                        </list></p>
                </div>
                <div xml:id="cera">
                    <head>cera</head>
                    <p><lb/> idem reddit computum <list>
                            <item> de XXXIIII libris dimidia cere receptis a se ipso de remanentia
                                computi sui precedentis </item>
                            <item> de cera huius anni non computat <lb/> quia recuperantur<note> On
                                    attendrait <hi rend="italics">recuperatur</hi>.</note> in
                                nativitate Domini </item>
                            <item><lb/> summa : XXXIIII libre dimidia cere — que venduntur infra in
                                fine computi </item>
                        </list></p>
                </div>
                <div xml:id="galline">
                    <head>[galline]</head>
                    <p><list>
                            <item><lb/> de gallinis non computat quia non recepit </item>
                        </list></p>
                </div>
                <div xml:id="carrelli">
                    <head>quarrelli</head>
                    <p><lb/> idem reddit computum <list>
                            <item> de IIII<hi rend="sup">C</hi> ferris quarrellorum receptis a se
                                ipso de remanentia computi sui precedentis </item>
                            <item> de II<hi rend="sup">C</hi> ferris quarrellorum receptis de <lb/>
                                duobus ianitoribus portarum Pontis Vallium de redditu per annum in
                                festo beati Iohannis baptiste </item>
                        </list></p>
                </div>
                <div xml:id="fenum">
                    <head>fenum</head>
                    <p><lb/><list>
                            <item> idem reddit computum de dimidia<note> On avait commencé à écrire
                                        <hi rend="italics">II</hi>.</note> carrata feni recepta de
                                exitu prati domini de <foreign>Planeteux</foreign> hoc anno —
                                venduntur ut infra </item>
                        </list></p>
                </div>
                <div xml:id="denarii">
                    <head>denarii</head>
                    <p><lb/><list>
                            <item>de denariis census <add place="interlinear">et gardis</add> non
                                computat quia recuperantur in nativitate Domini </item>
                        </list></p>
                </div>
                <div xml:id="tallia">
                    <head>tallia</head>
                    <p><lb/> idem reddit computum <list>
                            <item>de IX libris parisiensium receptis de tallia in hominibus de Bosco
                                in festo beati Bartholomei hoc anno et tantumdem debent in
                                    festo<note> On écrit <hi rend="italics"
                                >infesto</hi>.</note><lb/> beati Andree </item>
                            <item> de XL solidis parisiensium receptis de tallia in hominibus de
                                Sancto Benigno in dicto festo beati Bartholomei et tantumdem debent
                                in festo beati <lb/> Andree </item>
                            <item> summa : XI lb. par. </item>
                        </list></p>
                </div>
                <div xml:id="firme">
                    <head>firme</head>
                    <p><lb/> idem reddit computum <list>
                            <item> de XXX solidis parisiensium receptis de exitu furni Pontis
                                Vallium non accensati a festo<note> On écrit <hi rend="italics"
                                        >afesto</hi>.</note> beati Iohannis baptiste usque ad finem
                                <lb/> presentis computi videlicet pro quatuordecim septimanis
                                quatuor diebus </item>
                            <item> de aliis firmis non computat quia nichil recepit ut dicit </item>
                            <item><lb/> summa : XXX s. par. </item>
                        </list></p>
                </div>
                <div xml:id="laudes">
                    <head>laudes</head>
                    <p><lb/> idem reddit computum <list>
                            <item> de XVI solidis parisiensium receptis de Stephanino
                                    <foreign>Corbet</foreign> pro laudibus domus empte de Hugoneto
                                fratre suo pretio octo librarum viennensium </item>
                            <item><lb/><del rend="overstrike">de</del> de IIII denariis receptis de
                                Stephano <foreign>Rebout</foreign> de Bosco pro laudibus terre empte
                                de Iohanne <foreign>Mally</foreign> pretio quatuor solidorum
                                parisiensium </item>
                            <item> de XVIII denariis receptis de <lb/> Bernardo <foreign>del
                                    Chano</foreign> pro medietate laudum pecie terre empte de Rolino
                                de <foreign>Basinens</foreign> pretio viginti solidorum parisiensium </item>
                            <item> de <unclear>XII</unclear><note> On paraît avoir effacé un nombre
                                    antérieur plus élevé, peut-être <hi rend="italics">XVII</hi>, et
                                    la rature rend la lecture incertaine.</note> denariis receptis
                                <lb/> de Clemencio fabro et Stephano <foreign>Corbet</foreign> pro
                                laudibus quarte partis domus empte de filio Berthoudi de
                                    <foreign>Verney</foreign> pretio decem solidorum viennensium </item>
                            <item><lb/> de X denariis receptis de Hugonino <foreign>Rebout</foreign>
                                de Bosco pro medietate laudum pecie terre empte de Petro de
                                Trenorchio et Peronino Berthoudi pretio decem solidorum parisiensium </item>
                            <item><lb/> de XII solidis receptis de Peroneto <foreign>Lo
                                    Can</foreign> pro laudibus domus empte de Guichardo de Foresta
                                pretio quatuor librarum parisiensium <lb/> summa : XXXI s. VIII d.
                                par.</item>
                        </list></p>
                </div>
                <div xml:id="banna">
                    <head>banna</head>
                    <p><lb/> idem reddit computum <list>
                            <item> de X solidis parisiensium receptis de uxore Iohannis
                                    <foreign>Grabuel</foreign> pro banno sanguinis facti ancille sue </item>
                            <item> de VI solidis VIII denariis receptis de uxore <lb/> filii
                                    <foreign>Tayllifer</foreign> de Bosco pro eo quod vocaverat
                                uxorem Ruphi <foreign>Tallifer</foreign> latronissam </item>
                            <item> de XIII solidis IIII denariis receptis de Guichardo
                                    <foreign>Coyllard</foreign> de <lb/> Albigniaco pro banno
                                saysine fracte </item>
                            <item> de VI solidis VIII denariis receptis de Bernardo
                                    <foreign>Girardin</foreign> de Albigniaco pro banno saysine
                                fracte </item>
                            <item><lb/> de XIII solidis IIII denariis receptis de Jordano carnifice
                                pro banno sanguinis facti Guichardo
                                <foreign>Vaugnier</foreign></item>
                            <item> de XIII solidis IIII denariis receptis <lb/> de Jocerando Bardeti
                                et dicto <foreign>Lo Tirant</foreign> et Guichardo
                                    <foreign>Bardet</foreign> et Rupha <foreign>La Limela</foreign>
                                quia fecerant sepem in itinere </item>
                            <item> de VI solidis VIII denariis <lb/> receptis de Hugonino
                                    <foreign>Rebout</foreign> pro eo quod verberaverat nuntium
                                castellani </item>
                            <item> de XX solidis receptis de Bernardo de <foreign>Charney</foreign>
                                et fratre suo pro eo <lb/> quod occupaverant iter <del
                                    rend="overstrike">domini comitis</del> publicum </item>
                            <item> de XIII solidis IIII denariis receptis de dicto <foreign>Lo
                                    Devin</foreign> de Albigniaco pro consimili causa </item>
                            <item> de XXVI solidis VIII denariis <lb/> receptis de Bernardo Perraudi
                                de Albigniaco quia pignoraverat auctoritate sua de nocte Berardum
                                    <foreign>del Bez</foreign><note> On a écrit <hi rend="italics"
                                        >delbez</hi>.</note></item>
                            <item><lb/> summa : VI lb. III s. VI d. par. — deductis sex solidis sex
                                denariis pro parte castellani capientis duodecim denarios <add
                                    place="interlinear endOfLine">in libra </add></item>
                        </list></p>
                </div>
                <div xml:id="clame">
                    <head>clame</head>
                    <p><list>
                            <item><lb/> idem reddit computum de XV solidis parisiensium receptis de
                                minutis clamis per <del rend="overstrike">idem</del> tempus
                                supradictum </item>
                            <item><lb/> summa : XV s. par. </item>
                        </list></p>
                </div>
                <div xml:id="escheyte_et_inventa">
                    <head>[escheyte et inventa]</head>
                    <p><list>
                            <item><lb/> de escheytis et inventis nichil</item>
                        </list></p>
                </div>
                <div xml:id="venditiones">
                    <head>venditiones</head>
                    <p><lb/> idem reddit computum <list>
                            <item> de LXXVII solidis parisiensium receptis de undecim meiteriis
                                duabus cupis frumenti venditis ut supra quolibet septem solidis
                                parisiensium </item>
                            <item><lb/> de XXX libris XII solidis parisiensium receptis de septies
                                [viginti] decem octo meiteriis tribus cupis tribus quartis unius
                                cupe siliginis venditis ut supra quolibet quatuor solidis <lb/>
                                parisiensium preter quinque meiteria dimidium data pro gyetis </item>
                            <item> de IX libris XII solidis VI denariis receptis de quinquaginta
                                septem meiteriis avene venditis ut supra quolibet <lb/> tres solidis
                                sex denariis parisiensium preter duo meiteria data pro gyetis </item>
                            <item> de XLVIII solidis receptis de duodecim meiteriis millii venditis
                                ut supra <lb/> quolibet quatuor solidis parisiensium </item>
                            <item> de II solidis VIII denariis receptis de dimidia carrata feni
                                vendita ut supra </item>
                            <item><lb/> summa : XLVI lb. XII s. II d. par. </item>
                        </list></p>
                    <div type="sub">
                        <head>arreragium</head>
                        <p><lb/><list>
                                <item> idem reddit computum de XIII libris II solidis XI denariis
                                    parisiensium receptis a se ipso de remanentia computi sui
                                    precedentis</item>
                                <item><lb/> summa eadem</item>
                            </list></p>
                    </div>
                </div>
                <div xml:id="bilan_recepte">
                    <p><list>
                            <item><lb/> summa totius recepte cum arreragio : IIII<hi rend="sup"
                                    >XX</hi> lb. XV s. III d. par. — valent <lb/> scampsi ad
                                viennenses VI<hi rend="sup">XX</hi> I libras II solidos X denarios
                                obolum viennensium </item>
                        </list></p>
                </div>
            </div>
            <div xml:id="expense_et_librate">
                <p><list>
                        <item> de quibus <lb/> idem libravit pro stupho stanni de <del
                                rend="overstrike">Arl</del> Albigniaco aptando et sepibus factis in
                            deschargitorio ipsius stanni : IX solidos viennensium </item>
                        <item><lb/> item pro sepibus factis in deschargitorio<note> On a écrit <hi
                                    rend="italics">indeschargitorio</hi>.</note> stangni novi de
                            Larua que fuerant destructe propter inundationes aquarum : <lb/> V
                            solidos VI denarios viennensium </item>
                        <item> item pro expensis castellani se quarto cum armis apud Burgum ubi
                            venerant ad mandamentum domini Petri de Balma baillivi <lb/> Baugiaci
                            die iovis post festum beati Iohannis baptiste per litteram dicti
                            baillivi : VII solidos V denarios viennensium </item>
                        <item><lb/> idem libravit Iacobo <foreign>Malabailly</foreign> corssino de
                            Burgo ad opus domini comitis per litteram domini comitis de mandato et
                            litteram dicti Iacobi <lb/> de recepta datas die iovis ante penthecosten
                            anno nonagesimo sexto : IIII<hi rend="sup">XX</hi> IX libras XIII
                            solidos viennensium </item>
                        <item><lb/> item libravit sibi ipsi pro salario suo a prima die iunii usque
                            ad finem presentis computi videlicet pro decem octo septimanis quia
                            <lb/> in precedenti computo fuit sibi allocatum salarium usque ad primam
                            diem iunii predictam et dabantur sibi quindecim libre viennensium <lb/>
                            de salario per annum : C III solidos VI denarios viennensium </item>
                        <item> item expensis Petri <lb/> de Montemeliano clerici recipientis
                            presentem computum apud Pontem Vallium : VI solidos viennensium </item>
                        <item><lb/> summa totius expense et librate : IIII<hi rend="sup">XX</hi> XVI
                            lb. IIII s. V d. vien. </item>
                    </list></p>
            </div>
            <div xml:id="bilan">
                <p><list>
                        <item><lb/> et restant quas debet dictus castellanus : XXIIII libras XVIII
                            solidos V denarios obolum viennensium </item>
                        <item> quibus<note> La suite est écrite d’une autre main.</note> aduntur
                            <lb/> IIII libre VI solidi III denarii viennensium receptis de triginta
                            quatuor libris dimidia cere venditis ut supra </item>
                        <item><lb/> et sic debet XXIX libras IIII solidos VIII denarios obolum
                            viennensium — quas<note> La suite est écrite d’une autre main.</note>
                            solvit Bertrando <foreign>Malabaille</foreign><lb/> corssino de Burgo ad
                            opus domini comitis </item>
                    </list></p>
            </div>
        </body>
    </text>
</TEI>
