<?xml version="1.0" encoding="UTF-8"?>
<?oxygen RNGSchema="http://www.tei-c.org/release/xml/tei/custom/schema/relaxng/tei_all.rng" type="xml"?>
<TEI xmlns:math="http://www.w3.org/1998/Math/MathML" xmlns="http://www.tei-c.org/ns/1.0"
    xmlns:xi="http://www.w3.org/2001/XInclude" xmlns:svg="http://www.w3.org/2000/svg"
    xml:id="B9521_3">
    <teiHeader>
        <fileDesc>
            <titleStmt>
                <title>Compte de Jean Picard (dominus Iohannes Picardi, miles), châtelain, pour la
                    châtellenie de Saint-André (Sanctus Andrea in Reverso Monte), du mardi 1er
                    juillet 1298 au dimanche 29 mars 1299 <date type="debut" from-iso="12980701"
                        cert="high"/><date type="fin" from-iso="12990329" cert="high"/></title>
                <respStmt>
                    <persName><name xml:lang="fra">Jean Picard</name><name xml:lang="lat">Iohannes
                            Picardi</name></persName>
                    <resp>Châtelain</resp>
                </respStmt>
            </titleStmt>
            <publicationStmt>
                <p>Alain Kersuzan et Frédéric Chartrain, avec la collaboration de Nils Mantilleri, Jean-Michel Poisson, et Marianne Ronot, 
                    <title>Compte de Jean Picard (<hi rend="italics">dominus Iohannes Picardi, miles</hi>), châtelain, pour la
                        châtellenie de Saint-André, du mardi 1er juillet 1298 au dimanche 29 mars 1299</title>,
                    Lyon - Chambéry, 2011 (<title>Documents comptables des Etats de Savoie, XIIIe - XVe s.</title>)</p>
            </publicationStmt>
            <seriesStmt>
                <title>Saint-André-en-Revermont</title>
            </seriesStmt>
            <sourceDesc>
                <p>Information about the source</p>
            </sourceDesc>
        </fileDesc>
    </teiHeader>
    <text>
        <body>
            <div xml:id="prologue">
                <milestone n="05" unit="vue"/>
                <pb n="4"/>
                <p><lb/>Computus domini Iohannis Picardi militis castellani Sancti Andree in Reverso
                    Monte <lb/> ab octabis festi beati Iohannis baptiste anno Domini M<hi rend="sup"
                        >o</hi> CC<hi rend="sup">o</hi> nonagesimo octavo usque ad dominicam post
                    festum <sic>anuntiationis</sic><lb/> Dominice anno eodem<note> Du mardi 1er
                        juillet 1298 au dimanche 29 mars 1299 (nouveau style).</note> videlicet de
                    triginta octo septimanis quatuor diebus receptus apud Chamberiacum per <lb/>
                    Durandum de Fago</p>
            </div>
            <div xml:id="recepte">
                <div xml:id="frumentum">
                    <head>frumentum</head>
                    <p><lb/> idem reddit computum <list>
                            <item> de XXIX quartalis I bicheto et dimidio frumenti ad mensuram
                                Ambroniaci receptis apud <foreign>Gravelles</foreign><lb/> pro messe
                                hoc anno </item>
                            <item> de XIII quartalis ad mensuram Chalamontis receptis ibidem de
                                redditu per annum </item>
                            <item> de <lb/> II quartalis ad mensuram Ambroniaci receptis de
                                hominibus prioris de Uciaco<note> Lire <hi rend="italics"
                                        >Onciaco</hi>.</note> pro garda per annum </item>
                            <item> de II quartalis <add place="interlinear">et dimidio</add> ad
                                eamdem <lb/> mensuram receptis apud <foreign>Nocuday<note> Pour <hi
                                            rend="italics">Nécudey</hi>, c<hi rend="sup">ne</hi> de
                                        Pont-d’Ain.</note></foreign> pro eodem </item>
                            <item> de I bicheta ad eamdem mensuram recepta apud
                                    <foreign>Gravelles</foreign> pro taschia hoc anno </item>
                            <item><lb/> de I quartalo ad eamdem mensuram recepto de exitu terre
                                Humberti <foreign>Pellons</foreign> qui fugiit pro maleficio </item>
                            <item><lb/> summa : XXXV quartali et dimidio ad mensuram Ambroniaci et
                                XIII quartali frumenti <lb/> ad mensuram Chalamontis — venduntur ut
                                infra</item>
                        </list></p>
                </div>
                <div xml:id="siligo">
                    <head>siligo </head>
                    <p><lb/> idem reddit computum <list>
                            <item> de X quartalis siliginis ad mensuram Ambroniaci receptis in dicta
                                castellania de garda perpetua per <lb/> annum </item>
                            <item> summa eadem : X quartali siliginis — venduntur ut infra</item>
                        </list></p>
                </div>
                <div xml:id="avena">
                    <head>avena</head>
                    <p><lb/><list>
                            <item> idem reddit computum de XIII quartalis avene ad mensuram
                                Chalamontis et de XXVII quartalis I bicheto avene <lb/> ad mensuram
                                Ambroniaci receptis in dicta castellania de redditu per annum </item>
                            <item> de coponagio nichil hoc anno quia non fuit ibi <lb/> mercatum </item>
                            <item><lb/> summa : XIII quartali avene ad mensuram Chalomontis et XXVII
                                quartali I bichetus avene ad <lb/> mensuram Ambroniaci — venduntur
                                ut infra</item>
                        </list></p>
                </div>
                <div xml:id="vinum">
                    <head>vinum</head>
                    <p><lb/> § idem reddit computum de VIII sestariis vini receptis apud
                            <foreign>Gravelles</foreign> de redditu per annum — venduntur ut
                        infra</p>
                </div>
                <div xml:id="fenum">
                    <head>fenum</head>
                    <p><list>
                            <item><lb/> idem reddit computum de VIII trossis feni receptis in dicta
                                castellania de redditu per annum — venduntur ut infra</item>
                        </list></p>
                </div>
                <div xml:id="cera">
                    <head>cera</head>
                    <p><lb/> idem reddit computum <list>
                            <item> de XXVII libris cere receptis in dicta castellania de garda per
                                annum ut in computo precedenti </item>
                            <item><lb/> de I libra cere recepta de relicta Guichardi Lamberti pro
                                garda per annum de novo </item>
                            <item> de I libra recepta de <lb/> Roleto de <foreign>Tol<note> Pour <hi
                                            rend="italics">Thol</hi>, c<hi rend="sup">ne</hi> de
                                        Neuville-sur-Ain.</note></foreign> pro eodem qui se posuit
                                in dicta garda dum dictus dominus Iohannes tenebit dictum castrum </item>
                            <item><lb/> summa : XXIX libre cere — venduntur ut infra</item>
                        </list></p>
                </div>
                <div xml:id="galline">
                    <head>galline</head>
                    <p><lb/><list>
                            <item>idem reddit computum de CI gallinis receptis in dicta castellania
                                de redditu et consuetudine per annum — venduntur ut infra</item>
                        </list></p>
                </div>
                <div xml:id="ligna">
                    <head>ligna</head>
                    <p><lb/> idem reddit computum <list>
                            <item> de VIII charratis lignorum receptis in dicta castellania de
                                redditu seu garda per annum ut <lb/> in computo precedenti —
                                venduntur ut infra</item>
                        </list></p>
                </div>
                <div xml:id="canabum">
                    <head>canabum </head>
                    <p><lb/> idem reddit computum <list>
                            <item>de IX muyssis canabi receptis de exitu cuiusdam chavanerie quam
                                fecerat seminari Molarius <lb/> in quodam curtili infra castrum —
                                venduntur ut infra</item>
                        </list></p>
                </div>
                <div xml:id="denarii_census">
                    <head>denarii census</head>
                    <p><lb/> idem reddit computum <list>
                            <item> de XLVII solidis VI denariis viennensium receptis in dicta
                                castellania de redditu per annum ut in computo precedenti </item>
                            <item><lb/> de VI solidis viennensium receptis de Perreto filio quondam
                                Guillermi <foreign>Gabert</foreign> de novo pro incremento servicii
                                quod debebat </item>
                            <item><lb/> de III solidis receptis de Cusino <foreign>Joffrey</foreign>
                                et Stephana eius sorore pro eodem </item>
                            <item><lb/> summa : LVI s. VI d. vien.</item>
                        </list></p>
                </div>
                <div xml:id="firme">
                    <head>firme</head>
                    <p><lb/> idem reddit computum <list>
                            <item> de X solidis receptis de Iohannerio fornerio pro medietate firme
                                furni Sancti Andree finienda in festo <lb/> beati Iohannis baptiste
                                anno nonagesimo nono<note> Le mercredi 24 juin 1299.</note> et tunc
                                debentur tantumdem </item>
                            <item> de XXV solidis receptis de Guioneto <lb/> de
                                        <foreign>Fromentes<note> Pour <hi rend="italics"
                                            >Fromente</hi>, c<hi rend="sup">ne</hi> de
                                        Neuville-sur-Ain.</note></foreign> et de dicto
                                    <foreign>Pontral</foreign> pro medietate firme gagerie et
                                blaerie de <foreign>Gravelles</foreign> finienda in festo beati
                                <lb/> Iohannis baptiste anno nonagesimo nono et tunc debentur
                                tantumdem </item>
                            <item> de III solidis receptis de linguis boum et lombis porcorum
                                occisorum in macello per dictum tempus </item>
                            <item> de exitu mercati nichil hoc anno quia non fuit ibi mercatum </item>
                            <item><lb/> de banno vini mense augusti nichil hoc anno </item>
                            <item><lb/> summa : XXXVIII s. vien.</item>
                        </list></p>
                </div>
                <div xml:id="tallia">
                    <head>taillie</head>
                    <p><lb/><list>
                            <item> idem reddit computum de XIII libris VII solidis viennensium
                                receptis in dicta castellania de hominibus tailliabilibus domini pro
                                <lb/> taillia ad misericordiam hoc anno tamen non ostendit
                                particulas quia non habet penes se ad presens </item>
                            <item><lb/> summa eadem : XIII lb. VII s. vien.</item>
                        </list></p>
                </div>
                <div xml:id="pedagium">
                    <head>pedagium</head>
                    <p><lb/> idem reddit computum <list>
                            <item> de VIII libris XV solidis V denariis viennensium receptis de
                                exitu minuti pedagii quod levatur apud <lb/><foreign>Panpioyl<note>
                                        Pour <hi rend="italics">Pampier</hi>, c<hi rend="sup"
                                            >ne</hi> de Pont-d’Ain. </note></foreign> et
                                    <foreign>Nocuday</foreign> et apud <foreign>Fabricam</foreign>
                                hoc anno </item>
                            <item> de XXXV solidis receptis de quinque razellis <lb/> descendentibus
                                per aquam <foreign>d’Enz<note> On écrit <hi rend="italics"
                                        >denz</hi>.</note></foreign> per dictum tempus et capiuntur
                                pro quolibet septem solidi </item>
                            <item> de XX solidis receptis de uno <lb/> velerio descendente per
                                eamdem aquam hoc anno </item>
                            <item> et sciendum quod dicitur quod clientes de Sancto Andrea <lb/>
                                solent capere in quolibet razello decem octo denarios et chacipollus
                                sex denarios <del rend="overstrike">quin</del> qui includuntur in
                                dicta <lb/> summa de quibus nichil est eis allocatum donec docuerint
                                de iure suo ut dicit castellanus </item>
                            <item><lb/> summa : XI lb. X s. V d. vien.</item>
                        </list></p>
                </div>
                <div xml:id="laudes_et_vende">
                    <head>laudes et vende</head>
                    <p><lb/> idem reddit computum <list>
                            <item> de III solidis receptis de Aymone de Portu pro domo empta de
                                sorore Marbosii pretio <lb/> decem octo solidorum </item>
                            <item> de VI solidis receptis de Perreto Ponczardi pro terra empta apud
                                    <foreign>Gravelles</foreign> de Uldrico <lb/> de
                                    <foreign>Lent</foreign> pretio quadraginta solidorum </item>
                            <item> de XVIII denariis receptis de Humberto de Vallibus pro terra
                                empta apud <foreign>Gravelles</foreign><lb/> de Beluphino pretio
                                decem solidorum </item>
                            <item> de II solidis II denariis receptis de Puthodeto pro domo empta de
                                    <unclear>r[elic]to</unclear> quondam Guillermete de
                                    Toroigniaco<note> Peut-être pour <hi rend="italics"
                                        >Turignat</hi>, c<hi rend="sup">ne</hi> de Crottet.</note>
                                pretio quatuordecim solidorum </item>
                            <item><lb/> summa : XII s. VIII d. vien.</item>
                        </list></p>
                </div>
                <div xml:id="banna">
                    <head>banna</head>
                    <p><lb/> idem reddit computum <list>
                            <item> de X solidis receptis de <foreign>La Chastel Veri<note> On a
                                        écrit <hi rend="italics">lachastel veri</hi>, et la
                                        terminaison du second mot paraît avoir été corrigée après
                                        effacement. <hi rend="italics">Cf. Châteauvieux</hi>, c<hi
                                            rend="sup">ne</hi> de Neuville-sur-Ain.</note></foreign>
                                pro banno quia proiciendo lapidem contra filium suum percussit <lb/>
                                quemdam alium </item>
                            <item> de X solidis receptis de filio suo quia levaverat nansas alterius
                                de aqua </item>
                            <item> de X solidis receptis de <lb/> uxore Guioneti de
                                        <foreign>Sales<note> Pour <hi rend="italics">Salles</hi>,
                                            c<hi rend="sup">ne</hi> de
                                    Saint-Martin-du-Mont.</note></foreign> quia rescuerat pignus
                                familiaris castellani </item>
                            <item> de XXX solidis receptis de Aymone <lb/><foreign>del
                                    Monteyl</foreign> et de dicto <foreign>Colon</foreign> quia
                                impediverant viam publicam </item>
                            <item> de XX solidis receptis de Vacherio de <lb/> Novilla pro banno
                                sanguinis concordato per iudicem </item>
                            <item> de XXX solidis receptis de <foreign>Troyllat</foreign> de Uciaco
                                quia ipso presente <lb/> fuit interfectus quidam capellanus et non
                                denunciavit castellano </item>
                            <item> de XXI solidis receptis de Billoto Girerdo
                                    <lb/><foreign>Bonsa</foreign> et de dicto
                                    <foreign>Bonet</foreign> quia non obedierant penis sibi
                                impositis per castellanum </item>
                            <item> de XXX solidis receptis de <lb/> Bernardo de Ulmo et de
                                    <foreign>Gabillonat</foreign> de <foreign>Charina<note> Pour <hi
                                            rend="italics">Charine</hi>, c<hi rend="sup">ne</hi> de
                                        Saint-Martin-du-Mont.</note></foreign> quia <add
                                    place="interlinear">non</add> solverant pedagium duorum boum
                                quos ducebant </item>
                            <item><lb/> de XX solidis receptis de Iohanne et Stephano de Vallibus
                                quia impediverant quamdam limitem </item>
                            <item> de X solidis receptis <lb/> de Perreto <foreign>Gabart</foreign>
                                quia extraxerat quemdam arborem in sertam alienam </item>
                            <item> de XXX solidis receptis de <lb/> Amedeo lathomo pro banno
                                sanguinis facti Vacherio </item>
                            <item> de X solidis receptis de Hugone <foreign>Bunin</foreign> pro
                                banno pene <lb/> sibi imposite per castellanum </item>
                            <item> de XX solidis receptis de Stephano de <foreign>Sales</foreign>
                                quia cepit gerbas ultra voluntatem illius qui eas ducebat </item>
                            <item> de XL solidis receptis de quadam muliere de
                                        <foreign>Lentenay<note> Aujourd’hui
                                    Lantenay.</note></foreign> maritata pro banno adulterii </item>
                            <item><lb/> de V solidis receptis de Hugoneto mercerio de Burgo quia non
                                solverat pedagium quod debebat </item>
                            <item> de XX solidis <lb/> receptis de Onfredo de Sancto Regneberto pro
                                consimili facto </item>
                            <item> de V solidis receptis de Laurentio de Hospitali Burgi pro
                                consimili facto </item>
                            <item> de VI solidis receptis de Morgeria pro eo quia deportaverat
                                gerbas terre sine solutione taschie </item>
                            <item><lb/> de XV solidis receptis de filio quondam Uldrici
                                    <foreign>Billont</foreign> quia proiciendo lapidem supra quemdam
                                nucem <sic>et</sic><lb/> vulneravit quemdam </item>
                            <item> de IIII libris receptis de Perreto <foreign>Farget</foreign> et
                                Guillermeto <foreign>Morellat</foreign> quia <lb/> custodiebant
                                bestias suas de nocte in blado alieno et quia excuserunt pignus illi
                                cuius erat <lb/> dictum bladum </item>
                            <item> de XX solidis receptis de Roleto de <foreign>Tol</foreign> quia
                                deportaverat quoddam exametum alienum <lb/> inventum per ipsum </item>
                            <item> de XV solidis receptis de filio Aymonis Berardi quia extraxerat
                                quamdam arborem in sertem <lb/> de terra quam tenebat a domino et
                                plantaverat ipsum in quadam terra quam tenebat de alio <lb/> domino </item>
                            <item> de XL solidis receptis de hominibus de <foreign>Montbego<note>
                                        Pour <hi rend="italics">Monbègue</hi>, c<hi rend="sup"
                                            >ne</hi> de Druillat.</note></foreign> quia impediverant
                                quoddam iter publicum <milestone n="06" unit="vue"/></item>
                            <pb n="5"/>
                            <item><lb/> de XV solidis receptis de Hugone <foreign>Jolen</foreign>
                                pro banno pene sibi imposite per castellanum </item>
                            <item> de X solidis receptis de Hugoneto <lb/> Darmasii pro consimili
                                facto </item>
                            <item> de X solidis receptis de <foreign>La Guilleta</foreign> quia
                                messivit gerbas in campo <lb/> alieno </item>
                            <item> de X solidis receptis de Stephano Castini pro rixa habita cum
                                quodam alio </item>
                            <item> de XV solidis receptis de <lb/> Humberto Castini pro eadem rixa </item>
                            <item> de III solidis receptis de filio Badelli quia deportaverat
                                pedagium <lb/> quod debebat </item>
                        </list></p>
                    <div type="sub">
                        <head>clame</head>
                        <p><list>
                                <item>de XXVI solidis V denariis receptis de minutis clamis et de
                                    saysinis trium solidorum et <lb/> inferius per dictum tempus
                                    summa : XXIX lb. VI s. V d. vien.</item>
                            </list></p>
                    </div>
                </div>
                <div xml:id="introgia">
                    <head>introgia</head>
                    <p><lb/> idem reddit computum <list>
                            <item> de XXI solidis receptis de filio quondam Guillermeti
                                    <foreign>Gabart</foreign> pro tertia parte mansi <lb/>
                                Gabardorum sibi albergata ad sex solidos viennensium per annum cum
                                alio usagio consueto de quibus sex solidos superius <lb/> computavit </item>
                            <item> de XX solidis receptis de Cusino <foreign>Joffrey</foreign> et
                                sorore eius pro tenemento fratris eorum eis albergato <lb/> ad tres
                                solidos per annum cum usagio quod debebat de quibus superius
                                computavit </item>
                            <item><lb/> summa : XLI s. vien.</item>
                        </list></p>
                </div>
                <div xml:id="escheyte">
                    <head>escheyte</head>
                    <p><lb/><list>
                            <item>de escheytis legatis et inventis nichil per dictum tempus</item>
                        </list></p>
                </div>
                <div xml:id="venditiones">
                    <head>venditiones</head>
                    <p><lb/> idem reddit computum <list>
                            <item>de XVI solidis receptis de octo trossis feni venditis ut supra
                                qualibet vendita duobus solidis </item>
                            <item><lb/> de LII solidis III denariis receptis de decem novem libris
                                cere venditis ut supra qualibet duobus solidis novem denariis
                                deductis <lb/> decem libris cere quam libravit ad expensas hospitii
                                domini factas per manum Hugonis de Voyrone per litteras domini et
                                dicti <lb/> Hugoni datas die veneris post festum beate Lucie
                                virginis anno nonagesimo octavo<note> Le vendredi 19 décembre
                                    1298.</note> quas reddit </item>
                            <item> de XLII <lb/> solidis I denario receptis de centum una gallinis
                                venditis ut supra qualibet quinque denariis </item>
                            <item> de X<note> Le chiffre paraît avoir été volontairement effacé,
                                    mais demeure lisible.</note> solidis receptis de octo <lb/>
                                charratis lignorum venditis ut supra pro tanto </item>
                            <item> de III solidis receptis de novem muyssis canabi sic venditis </item>
                            <item><lb/> summa : VI lb. III s. IIII d. vien.</item>
                        </list></p>
                </div>
                <div xml:id="bilan_recepte">
                    <p><list>
                            <item><lb/> summa totius recepte : LXVII lb. XV s. IIII d. vien.</item>
                        </list></p>
                </div>
            </div>
            <div xml:id="expense_et_librate">
                <p><list>
                        <item>de quibus <lb/> in furno burgi Sancti Andree recohoperiendo : XVIII
                            denarios </item>
                        <item> in stipendiis ipsius castellani per dictum tempus <lb/> de quo
                            computat capientis per annum septuaginta libras viennensium pro se
                            quinque clientibus et quatuor <lb/> gaytiis per conventionem factam cum
                            eo : LII libras viennensium </item>
                        <item><lb/> summa expense et salarii : LII lb. XVIII d. </item>
                        <item> et sic <lb/> debet XV libras XIII solidos X denarios
                            viennensium</item>
                    </list></p>
                <div xml:id="iterum_venditiones">
                    <head>iterum venditiones</head>
                    <p><list>
                            <item> quibus adduntur X libre XIII solidi viennensium pro <lb/>
                                triginta quinque<note> La somme a été corrigée après effacement, par
                                    grattage, d’une première rédaction.</note> quartalis et dimidio
                                frumenti ad mensuram Ambroniaci venditis ut supra quolibet sex
                                solidis </item>
                            <item><lb/> item LXV solidi pro tresdecim quartalis frumenti ad mensuram
                                Chalomontis venditis ut supra quolibet quinque solidis </item>
                            <item><lb/> item XL solidi pro decem quartalis siliginis venditis ut
                                supra quolibet quatuor solidis </item>
                            <item> item IIII libre II solidi VI denarii <lb/> pro viginti septem
                                quartalis et dimidio avene ad mensuram Ambroniaci venditis ut supra
                                quolibet tribus solidis </item>
                            <item> item XXXII <lb/> solidi VI denarii pro tresdecim quartalis avene
                                ad mensuram Chalomontis venditis ut supra quolibet duobus solidis et
                                sex denariis </item>
                            <item><lb/> item XL solidis pro octo sestariis vini venditis ut supra
                                quolibet quinque solidis </item>
                            <item><lb/> summa <subst>
                                    <del rend="overstrike">deducti</del>
                                    <add place="interlinear">additi</add>
                                </subst> : XXIII lb. XIII s. vien.</item>
                            <item> et <lb/> sic debet XXXIX libras VI solidos X denarios
                                viennensium</item>
                            <item> de quibus libravit sibi ipsi pro parte ipsum <lb/> contingente in
                                bannis superius computatis videlicet in qualibet libra duodecim
                                denarii : XXVIII solidos viennensium </item>
                            <item><lb/> item libravit sibi ipsi que sibi debentur de remanentia
                                computi sui Sancti Genesii : XXXIIII libras X solidos XI denarios
                                obolum <lb/> viennensium </item>
                            <item> et sic debet LXVII solidos X denarios obolum viennensium</item>
                        </list></p>
                </div>
            </div>
            <div type="verso">
                <p rend="verso" n="5"><lb/>Computus domini Iohannis Picardi militis castellani
                    Sancti Andree / in Reverso Monte de anno nonagesimo octavo</p>
            </div>
        </body>
    </text>
</TEI>
