<?xml version="1.0" encoding="UTF-8"?>
<?oxygen RNGSchema="http://www.tei-c.org/release/xml/tei/custom/schema/relaxng/tei_all.rng" type="xml"?>
<TEI xmlns:math="http://www.w3.org/1998/Math/MathML" xmlns="http://www.tei-c.org/ns/1.0"
    xmlns:xi="http://www.w3.org/2001/XInclude" xmlns:svg="http://www.w3.org/2000/svg"
    xml:id="B9521_2">
    <teiHeader>
        <fileDesc>
            <titleStmt>
                <title>Compte de Molier de La Gelière, châtelain, pour la châtellenie de
                    Saint-André, du mardi 15 avril 1298 au mardi 1er juillet 1298 <date type="debut"
                        from-iso="12980415" cert="high"/><date type="fin" from-iso="12980701"
                        cert="high"/></title>
                <respStmt>
                    <persName><name xml:lang="fra">Molier de La Gelière</name><name xml:lang="lat"
                            >Molarius de Geleria</name></persName>
                    <resp>Châtelain</resp>
                </respStmt>
            </titleStmt>
            <publicationStmt>
                <p>Alain Kersuzan et Frédéric Chartrain, avec la collaboration de Nils Mantilleri, Jean-Michel Poisson, et Marianne Ronot, 
                    <title>Compte de Molier de La Gelière (<hi rend="italics">Molarius de Geleria</hi>),  châtelain, pour la châtellenie de
                        Saint-André, du mardi 15 avril 1298 au mardi 1er juillet 1298</title>,
                    Lyon - Chambéry, 2011 (<title>Documents comptables des Etats de Savoie, XIIIe - XVe s.</title>)</p>
            </publicationStmt>
            <seriesStmt>
                <title>Saint-André-en-Revermont</title>
            </seriesStmt>
            <sourceDesc>
                <p>Information about the source</p>
            </sourceDesc>
        </fileDesc>
    </teiHeader>
    <text>
        <body>
            <div xml:id="prologue">
                <milestone n="02" unit="vue"/>
                <pb n="1"/>
                <p><lb/> Computus Molaris de Geleria castellani Sancti Andree a quindecima die
                    intrantis mensis aprilis <lb/> anno Domini M<hi rend="sup">o</hi> CC<hi
                        rend="sup">o</hi> nonogesimo octavo usque ad <sic>obtabas</sic> beati
                    Iohannis <sic>bapthiste</sic> anno eodem videlicet de decem septimanis et
                    quatuor diebus<note> Du mardi 15 avril 1298 au mardi 1er juillet 1298,
                        l’exercice devrait compter onze semaines.</note><lb/> factus apud
                    Cambariacum et receptus per dominum Iohannem Floridi presentibus domino Amblardo
                    de Intermontibus et magistro Petro</p>
            </div>
            <div xml:id="recepte">
                <div xml:id="garde">
                    <head>garde</head>
                    <p><list>
                            <item><lb/> idem reddit computum de XXXV solidis viennensium receptis de
                                Iohanne de Ruppe de garda pro septem annis quibus vacavit solvere et
                                <lb/> debebat dictam gardam pro loco in quo bastivit domum suam
                                <lb/></item>
                            <item> summa : XXX V s. vien.</item>
                        </list></p>
                </div>
                <div xml:id="banna">
                    <head>banna</head>
                    <p><lb/> idem reddit computum <list>
                            <item> de X libris viennensium receptis de Jocerando de Ponte pro
                                concordia cum eo facta per dominum Petrum de Castillione ballivum
                                <lb/> Baugiaci pro eo quia interfecerat quemdam presbiterum </item>
                            <item> de X solidis receptis de Perreto <foreign>Tissot</foreign> pro
                                banno sanguinis </item>
                            <item> de L solidis receptis de <lb/> Laurentio
                                    <foreign>Troyllat</foreign> quia aperierat clavi archam alienam </item>
                            <item> de V solidis receptis de <foreign>Gravellet</foreign> quia
                                austulerat pignus familiari domini <lb/></item>
                            <item> de V solidis receptis de Perreto de
                                    <foreign>Montcignons</foreign><note> Peut-être pour <hi
                                        rend="italics">Montcignon</hi>, au diocèse de Langres,
                                    habitat déserté depuis.</note> pro banno sanguinis <lb/></item>
                            <item> summa : XIII lb. VII s. vien. deductis tribus solidis pro parte
                                castellani capientis in libra bannorum duodecim denarios <lb/> nec
                                capit aliquid de decem libris in titulo bannorum positis</item>
                        </list></p>
                </div>
                <div xml:id="leva_pontis">
                    <head>leva Pontis</head>
                    <p><lb/> idem reddit computum <list>
                            <item> de IIII libris IIII solidis viennensium de leva Pontis
                                    <foreign>d’Enz</foreign><note> On écrit <hi rend="italics"
                                        >denz</hi>.</note> in parrochia Sancti Martini de Reverso
                                Monte </item>
                            <item> de XI solidis <lb/> receptis apud Sanctum Andream pro eodem </item>
                            <item> de XXV solidis receptis in parrochia de Uciaco<note> Lire <hi
                                        rend="italics">Onciaco</hi>.</note> pro eodem </item>
                            <item> de XXIX solidis VI [denariis] receptis de hominibus Templi <lb/>
                                de Mollisola<note> Pour <hi rend="italics">Mollissole</hi>, c<hi
                                        rend="sup">ne</hi> de Druillat, alors siège d’un
                                    établissement de l’ordre du Temple.</note> pro eodem </item>
                            <item> de XXX solidis receptis in parrochia de Novila pro eodem </item>
                            <item><lb/> summa : VIII lb. XIX s. VI d. vien.</item>
                        </list></p>
                </div>
                <div xml:id="bilan_recepte">
                    <p><list>
                            <item><lb/> summa recepte : XXIIII lb. XVIII d. vien.</item>
                        </list></p>
                </div>
            </div>
            <div xml:id="expense_et_librate">
                <p><list>
                        <item> de quibus <lb/> idem libravit in stipendiis duodecim clientum quos
                            tenuit per sex dies arche pontis et rafurni et dabantur cuilibet
                            quindecim denarios viennensium <lb/> ut in particulis : IIII libras X
                            solidos </item>
                        <item> in stipendiis quatuor hominum cum armis quos secum tenuit et ad
                            expensas suas die qua posita <lb/> fuit dicta archa in aquam : XII
                            solidos </item>
                        <item><lb/> summa expense et librate : CII s. vien.</item>
                        <item> et sic debet <lb/> XVIII libras XIX solidos VI denarios viennensium </item>
                        <item> quibus adduntur quos habet residuos de centum solidis viennensium
                            quos <lb/> sibi libravit dominus Iohannes Floridi pro lapidibus
                            aportandis ad pilas Pontis <foreign>d’Enz</foreign> : XLVI solidos
                            viennensium </item>
                        <item> et sic <lb/> debet XXI libras V solidos VI denarios viennensium </item>
                        <item> de quibus deducuntur de salario suo per dictum tempus et capit
                            sexaginta <lb/><del rend="overstrike">lib</del> decem libras viennensium
                            in anno : XIIII libre IIII solidi viennensium</item>
                        <item> et sic debet finaliter : VII libras XVIII denarios viennensium </item>
                        <item><lb/> item alloquantur sibi que sibi debebantur de remanentia computi
                            precedentis : LXXV libre XI solidi I denarius viennensium </item>
                        <item> de quibus <lb/> deducuntur quas debebat de presenti computo ut in
                            linea precedenti : VII libre XVIII denarii viennensium </item>
                        <item> et sic <lb/> debentur ei omnibus computatis LXVIII libre IX solidi
                            VII denarii viennensium que sibi solvuntur et <lb/> allocantur in
                            computo suo Pontis Vele facto mense aprilis anno Domini M<hi rend="sup"
                                >o</hi> CC<hi rend="sup">o</hi> trecentesimo</item>
                    </list></p>
            </div>
            <div type="verso">
                <p rend="verso" n="3">Computus Molaris de Geleria castellani Sancti Andree de anno
                    nonagesimo octavo</p>
            </div>
        </body>
    </text>
</TEI>
