<?xml version="1.0" encoding="UTF-8"?>
<?oxygen RNGSchema="http://www.tei-c.org/release/xml/tei/custom/schema/relaxng/tei_all.rng" type="xml"?>
<TEI xmlns:math="http://www.w3.org/1998/Math/MathML" xmlns="http://www.tei-c.org/ns/1.0"
    xmlns:xi="http://www.w3.org/2001/XInclude" xmlns:svg="http://www.w3.org/2000/svg"
    xml:id="B9521_1">
    <teiHeader>
        <fileDesc>
            <titleStmt>
                <title>Compte de Molier de La Gelière, châtelain, pour la châtellenie de
                    Saint-André, du lundi 15 avril 1297 au mardi 15 avril 1298 <date type="debut"
                        from-iso="12970415" cert="high"/><date type="fin" from-iso="12980415"
                        cert="high"/></title>
                <respStmt>
                    <persName><name xml:lang="fra">Molier de La Gelière</name><name xml:lang="lat"
                            >Molarius de Geleria</name></persName>
                    <resp>Châtelain</resp>
                </respStmt>
            </titleStmt>
            <publicationStmt>
                <p>Alain Kersuzan et Frédéric Chartrain, avec la collaboration de Nils Mantilleri, Jean-Michel Poisson, et Marianne Ronot, 
                    <title>Compte de Molier de La Gelière (<hi rend="italics">Molarius de Geleria</hi>), châtelain, pour la châtellenie de
                        Saint-André, du lundi 15 avril 1297 au mardi 15 avril 1298</title>,
                        Lyon - Chambéry, 2011 (<title>Documents comptables des Etats de Savoie, XIIIe - XVe s.</title>)</p>
            </publicationStmt>
            <seriesStmt>
                <title>Saint-André-en-Revermont</title>
            </seriesStmt>
            <sourceDesc>
                <p>Information about the source</p>
            </sourceDesc>
        </fileDesc>
    </teiHeader>
    <text>
        <body>
            <div xml:id="prologue">
                <milestone n="02" unit="vue"/>
                <pb n="1"/>
                <p><lb/>Computus Molarii de Geleria castellani Sancti Andree<note> Pour <hi
                            rend="italics">Saint-André</hi>, c<hi rend="sup">ne</hi> de
                        Neuville-sur-Ain.</note> a quindecima <lb/> die intrantis mensis aprilis
                    anno Domini M<hi rend="sup">o</hi> CC<hi rend="sup">o</hi> nonagesimo septimo
                    usque ad <sic>eandem</sic> diem anno nonagesimo <lb/> octavo<note> Du lundi 15
                        avril 1297 au mardi 15 avril 1298.</note> videlicet de uno anno factus apud
                    Chambayriacum et receptus per dominum Iohannem Floridi</p>
            </div>
            <div xml:id="recepte">
                <div xml:id="frumentum">
                    <head>frumentum</head>
                    <p><lb/> idem reddit computum <list>
                            <item> de XXIX <foreign>cartauz</foreign> I bicheto et dimidio frumenti
                                receptis de messe de <foreign>Gravelles<note> Pour <hi
                                            rend="italics">Gravelles</hi>, c<hi rend="sup">ne</hi>
                                        de Saint-Martin-du-Mont.</note></foreign> ad mensuram <lb/>
                                Ambroniaci hoc anno </item>
                            <item> de XIII <foreign>cartauz</foreign> receptis de redditu per annum
                                ad mensuram Chalomontis <lb/> ut in computo precedenti </item>
                            <item> de II <foreign>cartauz</foreign> receptis ad mensuram Ambroniaci
                                de hominibus prioris de Onciaquo <lb/> de guarda per annum </item>
                            <item> de II <foreign>cartauz</foreign> et dimidio receptis apud
                                        <foreign>Necuday<note> Pour <hi rend="italics">Nécudey</hi>,
                                            c<hi rend="sup">ne</hi> de Pont-d’Ain.</note></foreign>
                                ad mensuram Ambroniaci de garda <lb/> per annum </item>
                            <item> de II <foreign>cartauz</foreign> et dimidio receptis apud
                                    <foreign>Necuday</foreign> ad mensuram Ambroniaci de garda <lb/>
                                per annum </item>
                            <item> de quoponagio nichil in frumento </item>
                            <item><lb/> summa : XXXIIII <foreign>cartal</foreign> et
                                    <sic>dimidio</sic> bicheto ad mensuram Ambroniaci et XIII
                                    <foreign>cartauz</foreign> ad <lb/> mensuram Chalomontis —
                                venduntur ut infra</item>
                        </list></p>
                </div>
                <div xml:id="siligo">
                    <head><supplied reason="support détruit">siligo</supplied></head>
                    <p><lb/> [idem] reddit computum <list>
                            <item> de X <foreign>cartauz</foreign> siliginis receptis in dicta
                                castellania de redditu per annum ad mensuram <lb/> [A]mbroniaci </item>
                            <item> summa : X <foreign>cartauz</foreign> siliginis — venduntur ut
                                infra</item>
                        </list></p>
                </div>
                <div xml:id="avena">
                    <head><supplied reason="support détruit">avena</supplied></head>
                    <p><lb/> [idem] reddit computum <list>
                            <item> de XIII <foreign>cartauz</foreign> avene receptis ad mensuram
                                Chalomontis et de XXVII <foreign>cartauz</foreign><lb/> [I bicheto]
                                ad mensuram Ambroniaci receptis in dicta castellania de redditu per
                                annum </item>
                            <item> de I <foreign>cartal</foreign> recepto <lb/><damage>… …
                                    …</damage> per idem tempus </item>
                            <item><lb/> summa : XIII <foreign>cartauz</foreign> ad mensuram
                                Chalomontis et XXVIII <foreign>cartauz</foreign> I bichetus <lb/> ad
                                mensuram Ambroniaci — venduntur ut infra</item>
                        </list></p>
                </div>
                <div xml:id="vinum">
                    <head>vinum</head>
                    <p><lb/><list>
                            <item> idem reddit computum de VIII sestariis vini receptis apud
                                    <foreign>Gravelles</foreign> de redditu per annum <lb/> summa :
                                VIII sestaria vini — venduntur ut infra</item>
                        </list></p>
                </div>
                <div xml:id="fenum">
                    <head>fenum</head>
                    <p><list>
                            <item><lb/> idem reddit computum de VIII trosis feni receptis in dicta
                                castellania de redditu per annum </item>
                            <item><lb/> summa : VIII trosis feni — venduntur ut infra</item>
                        </list></p>
                </div>
                <div xml:id="cera">
                    <head>cera</head>
                    <p><list>
                            <item><lb/> idem reddit computum de XXVII libris cere receptis in dicta
                                    <sic>castellaia</sic> de guarda per annum ut in particulis <lb/>
                                computi precedentis </item>
                            <item> summa : XXVII libre cere — venduntur ut infra</item>
                        </list></p>
                </div>
                <div xml:id="galline">
                    <head>galline</head>
                    <p><list>
                            <item><lb/> idem reddit computum de CI gallinis receptis in dicta
                                castellania de redditu et consuetudine per annum <lb/> summa : CI
                                gallinis — venduntur ut infra</item>
                        </list></p>
                </div>
                <div xml:id="ligna">
                    <head>ligna</head>
                    <p><list>
                            <item><lb/> idem reddit computum de VIII charratis lignorum receptis in
                                dicta castellania de redditu seu guarda per annum </item>
                            <item><lb/> summa : VIII charrate — venduntur ut infra</item>
                        </list></p>
                </div>
                <div xml:id="denarii_census">
                    <head>denarii census</head>
                    <p><lb/> idem reddit computum <list>
                            <item> de XLVII<note> On avait écrit <hi rend="italics">XLVIII</hi>,
                                    mais le dernier chiffre a été effacé ; le montant des deniers
                                    aussi paraît avoir varié.</note> solidis VI denariis viennensium
                                receptis in dicta castellania de redditu par annum </item>
                            <item><lb/> summa : XLVII s. VI d. vien.</item>
                        </list></p>
                </div>
                <div xml:id="firme">
                    <head>firme</head>
                    <p><lb/> idem reddit computum <list>
                            <item> de XX solidis receptis de Aymone de Augusta de firma gagerie et
                                blayerie de <foreign>Gravelle</foreign><lb/> finita in festo beati
                                Michaelis anno nonagesimo septimo<note> Le dimanche 29 septembre
                                    1297.</note></item>
                            <item> de leyda mercati nichil hoc anno </item>
                            <item> de <lb/> XVIII solidis receptis de firma furni hoc anno </item>
                            <item> de VIII solidis receptis de banno vini mense augusti </item>
                            <item> de <lb/> II solidis receptis de linguis bovum et lumbis porchorum
                                    <sic>occisor</sic> in macello </item>
                            <item><lb/> summa : XLVIII s. vien.</item>
                        </list></p>
                </div>
                <div xml:id="tallia">
                    <head><supplied reason="support détruit">taillie</supplied></head>
                    <p><list>
                            <item><lb/> idem reddit computum de XI libris receptis de tailliis ad
                                misericordiam in dicta castellania hoc anno </item>
                            <item><lb/> summa : XI lb. vien.</item>
                        </list></p>
                </div>
                <div xml:id="iudei">
                    <head><supplied reason="support détruit">iudei</supplied></head>
                    <p><lb/> de iudeis nichil</p>
                </div>
                <div xml:id="pedagium">
                    <head><supplied reason="support détruit">pedagium</supplied></head>
                    <p><lb/> idem reddit computum <list>
                            <item> de VI libris VII solidis receptis de minuto pedagio quod levatur
                                apud Pompierum<note> Pour <hi rend="italics">Pampier</hi>, c<hi
                                        rend="sup">ne</hi> de Pont-d’Ain.</note> hoc anno <lb/> et
                                apud Fabricam<note> Probablement pour <hi rend="italics">Le
                                        Farget</hi>, c<hi rend="sup">ne</hi> de
                                    Saint-Martin-du-Mont.</note></item>
                            <item> de <sic>LX XVIII</sic> solidis receptis de duodecim razellis
                                transeuntibus et descendentibus per aquam de
                                <foreign>Enz</foreign><lb/> deductis sex denariis quos percipit de
                                    <sic>cunsuetudine</sic> cacipullus Sancti Andree — clientes
                                auctoritatis Sancti Andree solent capere de dicto pedagio decem et
                                octo denarios : hic non capiunt et iniunctum est castellano ne
                                ulterius <lb/> permittat eis capere nisi hostenderint se ius
                                capiendi habere </item>
                            <item><lb/> summa : X lb. V s.</item>
                        </list></p>
                </div>
                <div xml:id="laudes_et_vende">
                    <head>laudes et vende</head>
                    <p><list>
                            <item><lb/> idem reddit computum de VI <add place="interlinear"
                                    >solidis</add> receptis de dicto <foreign>Pontral</foreign> pro
                                domo empta de Rupho de Filiciaquo<note> Pour <hi rend="italics"
                                        >Féliciat</hi>, c<hi rend="sup">ne</hi> de Vonnas.</note>
                                quadraginta <lb/> solidorum </item>
                            <item><lb/> summa : VI s. vien.</item>
                        </list></p>
                </div>
                <div xml:id="banna">
                    <head>banna</head>
                    <p><lb/> idem reddit computum <list>
                            <item> de X solidis receptis de Petro de <foreign>Maygnens</foreign>
                                quia pignoraverat auctoritate sua</item>
                            <item><lb/> de X solidis receptis de <foreign>Renlens</foreign> quia
                                talaverat quasdam arbores </item>
                            <item> de VIII solidis receptis de hominibus <foreign>d’Oncia<note> On
                                        écrit <hi rend="italics">doncia</hi>.</note></foreign> quia
                                <lb/> ceperant de nemore <foreign>d’Oncia</foreign></item>
                            <item> de X solidis receptis de munerio <foreign>d’Oncia</foreign> quia
                                accusabatur emendasse unum bichetum <lb/> bladi perditum in
                                molendino quem custodiebat </item>
                            <item> de XX solidis receptis de quodam iudeo quia non solverat pedagium </item>
                            <item><lb/> de XIII solidis IIII denariis receptis de quodam alio iudeo
                                qui non solverat similiter pedagium suum </item>
                            <item> de XX solidis receptis de chacipolato <lb/> quia accusavit
                                fratrem suum nec probavit intentionem suam </item>
                            <item> de XX solidis receptis de Ramusio quia cepit <lb/> auctoritate
                                sua quamdam gerbam panicii in domo patris sui contra voluntatem
                                patris </item>
                            <item> de X solidis <lb/> receptis de filia Stephano <foreign>del
                                    Pont</foreign> pro banno sanguinem </item>
                            <item> de X solidis receptis de Guicharda uxore
                                    <foreign>Troilliat</foreign> pro banno sanguinem </item>
                            <item> de <lb/> VI solidis receptis de uxore Morelli Roberti quia rapuit
                                de manibus Stephane <foreign>Cochetan</foreign> unum pane
                                malitiose</item>
                        </list></p>
                </div>
                <div xml:id="clame">
                    <head>clame</head>
                    <p><list>
                            <item><lb/> de XI solidis IX denariis receptis de quatuor clamis
                                obvenientibus per idem tempus </item>
                            <item><lb/> summa deducta parte castellani capientis duodecim denarios
                                in libra : VII lb. II s. I d.</item>
                        </list></p>
                </div>
                <div xml:id="escheyte">
                    <head>escheyte</head>
                    <p><list>
                            <item><lb/> idem reddit computum de XX solidis receptis de dicto
                                    <foreign>Pecol</foreign> in uno sestario frumenti qui obiit sine
                                herede </item>
                            <item><lb/> summa : XX s. vien.</item>
                        </list></p>
                </div>
                <div xml:id="venditiones">
                    <head><supplied reason="support détruit">venditiones</supplied></head>
                    <p><lb/> idem reddit computum <list>
                            <item> de VIII libris XI solidis III denariis viennensium receptis de
                                triginta quatuor quartalis et dimidia bicheti<note> On attendrait
                                        <hi rend="italics">dimidio bicheto</hi>, mais le <hi
                                        rend="italics">i</hi> final est bien lisible. On peut
                                    restituer <hi rend="italics">dimidia bicheti</hi>, attesté au
                                    sens de <hi rend="italics">medietate bicheti</hi>.</note><lb/>
                                frumenti ad mensuram Ambroniaci venditis ut supra quolibet cartallo
                                quinque solidis </item>
                            <item> de LII solidis receptis <sic>de <lb/> de</sic> tresdecim
                                quartalis frumenti ad mensuram Chalomontis venditis ut supra
                                quolibet quatuor solidis </item>
                            <item> de XL solidis <lb/> receptis de decem quartalis siliginis
                                venditis ut supra quolibet quatuor solidis viennensium </item>
                            <item> de LXXI solidis III denariis receptis de <lb/> viginti octo
                                quartalis uno bicheto avene ad mensuram Ambroniaci venditis ut supra
                                quolibet duobus solidis <lb/> sex denariis </item>
                            <item> de XXVI solidis receptis de tresdecim quartalis avene ad mensuram
                                Chalomontis venditis ut supra <lb/> quolibet duobus solidis </item>
                            <item> de XXVI solidis receptis de octo sestariis vini venditis ut supra
                                quolibet tribus solidis </item>
                            <item> de <lb/> XXIIII solidis receptis de octo trosis feni venditis ut
                                supra qualibet duobus solidis </item>
                            <item> de LX XIIII solidis III denariis receptis <lb/> de viginti septem
                                libris cere venditis ut supra qualibet duobus solidis novem denariis </item>
                            <item> de <del rend="overstrike">XLII solidis</del><note> On avait écrit
                                        <hi rend="italics">XL solidis</hi>, puis on a ajouté <hi
                                        rend="italics">II</hi>, non sans difficulté, dans
                                    l’intervalle entre ces deux mots, avant de biffer la forme
                                    raturée pour la réécrire plus clairement.</note> XLII solidis
                                <lb/> I denario receptis de centum una <sic>gallina</sic> venditis
                                ut supra qualibet quinque denariis </item>
                            <item> de X solidis receptis de octo charratis <lb/> lignorum venditis
                                ut supra pro tanto </item>
                            <item><lb/> summa : XXVI lb. XVI s. X d. vien.</item>
                        </list></p>
                </div>
                <div xml:id="bilan_recepte">
                    <p><list>
                            <item><lb/> summa totius : LXI lb. V s. V d.<note> On a omis de préciser
                                        <hi rend="italics">viennensium</hi>.</note></item>
                        </list></p>
                </div>
            </div>
            <div xml:id="expense_et_librate">
                <div xml:id="expense">
                    <p><list>
                            <item> de quibus in rafurno <lb/> quod fecit ad Pontem
                                    <foreign>d’Enz</foreign> sibi dato in tachiam per dominum
                                comitem : XLVIII libras viennensium </item>
                            <item> item pro sala et camera <lb/> domini induenda et dealbanda in
                                tachiam datam Amedeo lathomo : LX XV solidos </item>
                            <item> item in viginti teisiis <lb/> muri factis in clausuris veteribus
                                de recepto a parte occidentali datis eidem in tachiam a domino et
                                dantur <lb/> ei sexdecim solidis pro teisia : <del rend="overstrike"
                                    >XVI</del> XVI libras </item>
                            <item> item pro pariete facto inter salam et <sic>camera</sic> domini
                                pro ipso paletando <lb/> et torchando in tachiam : XXV solidos </item>
                            <item> item in loquatione octo bestiarum aportantium aquam et terram ad
                                opus <lb/> dicti parietis : VIII solidos </item>
                            <item> item quatuor hominibus facientibus palos pro dicto pariete et pro
                                duabus bestiis <lb/> aportantibus dictos palos : IIII solidos </item>
                            <item> item tribus <sic>lattomum</sic> murantibus virgas thirannos et
                                chivrones super <lb/> murum bassum dicte ale : IIII solidos VI
                                denarios </item>
                            <item> item sex manuperariis ministrantibus mortherium ad idem : <lb/>
                                III solidos VI denarios </item>
                            <item> item in loquagio unius asini aportantis arenam et lapidem ad idem
                                : XII denarios </item>
                            <item><del rend="overstrike">item in quadraginta <lb/> asinatis
                                    scalcis</del> item in quater viginti<note> On avait d’abord
                                    écrit <hi rend="italics">viginta</hi>, qui est raturé.</note>
                                asinatis scalcis emptis per dominum qualibet duodecim denariis pro
                                <lb/> faci<supplied reason="support en partie détruit">endo
                                    scaminatas</supplied> et pro sala et camera domini induenda et
                                    dealbanda<note> On a écrit <hi rend="italics">de albanda</hi>,
                                    séparant le préfixe du radical.</note> et pro muratione
                                supradictorum tirannorum <lb/> et virgarum : IIII libras </item>
                            <item> item in portagio dicte scalcis : X solidos </item>
                            <item> item in loquagio sexdecim <lb/> bestiarum aportantium harenam et
                                petram pro dictis scaminatis : <add place="interlinear"> XVI
                                    solidos</add></item>
                            <item> item in viginti quinque operariis qui <lb/> chambrillaverunt
                                cameram domini et planaverunt postes et fecerunt listellos, quorum
                                    <sic>quillibet</sic> capiebat decem <lb/> octo denariis in die :
                                XXXVII solidos VI denarios </item>
                            <item> in septem miliaribus scindularum ad opus fenestrarum
                                francischarum </item>
                            <item><lb/> et aperficiendum<note> Ici, à l’inverse, il aurait fallu
                                    écrire <hi rend="italics">ad perficiendum</hi>.</note>
                                quoperturam sale et pro recoperienda quoquina et domibus castri et
                                dantur in tachiam pro quolibet miliari <lb/> duodecim solidos : IIII
                                libras III solidos </item>
                            <item> in septem miliaribus clavini ad opus sale fenestrarum quoquine et
                                domorum <lb/> et pro camera domini chabrillanda et dantur de miliari
                                tres solidi : XXVI solidos III denarios </item>
                            <item> in uno miliari clavellorum <lb/> bordetorum pro dicta camera
                                chabrillanda : IX solidos </item>
                            <item> item triginta<note> On a voulu corriger en <hi rend="italics"
                                        >triginti</hi>, comme on avait corrigé plus haut <hi
                                        rend="italics">viginta</hi> en <hi rend="italics"
                                        >viginti</hi>.</note> quatuor carpentariis facientibus
                                    <milestone n="03" unit="vue"/><pb n="2"/><lb/> dictas fenestras
                                francischas et quoperientibus eas et salam coquinam et domos
                                capientibus decem octo <lb/> denarios in die : LI solidos </item>
                            <item> item octo operariis ministrantibus <del rend="overstrike"
                                    >pro</del> dictis carpentariis latas et scindulas : IIII solidos </item>
                            <item><lb/> item in aptandis quinque balistis domini et incordandis et
                                in mille quingentis<note> On avait écrit <hi rend="italics"
                                        >quingentum</hi>, peut-être sous l’influence de <hi
                                        rend="italics">mille</hi>, mais on semble s’être avisé que
                                    le second mot, lui, était déclinable, et que ce neutre singulier
                                    ne pouvait pas exister : on a raturé la terminaison sans
                                    toutefois la corriger vraiment.</note> flechonibus vel circa
                                    inpenandis<note> On relèvera à nouveau une tendance à
                                    transformer les préfixes en prépositions : <hi rend="italics">in
                                        cordandis</hi>, <hi rend="italics">in penandis</hi>, comme
                                    auparavant <hi rend="italics">de albanda</hi>.</note><lb/> et
                                carellis eorum limandis : XX solidos </item>
                            <item> item pro octo umgonibus factis ad opus hostiorum et fenestrarum
                                sale <lb/> et pro ponendo dictis enguonibus ad plumbum : V solidos
                                VI denarios </item>
                            <item> item pro domo furni de novo facta : IX solidos </item>
                            <item><lb/> item pro domo Guioneti de Sancto Germano lateranda : X
                                solidos </item>
                            <item><lb/> summa : IIII<hi rend="sup">XX</hi> VIII lb. XV d.
                                vien.</item>
                        </list></p>
                </div>
                <div xml:id="arreragium">
                    <head>arreragium</head>
                    <p><list>
                            <item><lb/> idem libravit sibi ipsi que sibi debebantur de remanentia
                                sui computi precedentis : VI<hi rend="sup">XX</hi> XVI libras XV
                                solidos III denarios</item>
                        </list></p>
                </div>
                <div xml:id="salarium">
                    <head>salarium</head>
                    <p><lb/><list>
                            <item>idem libravit sibi ipsi pro salario suo unius <sic>ani</sic>
                                finiti supradicto<note> On a apparemment oublié de compléter le <hi
                                        rend="italics">s</hi> initial d’un signe d’abréviation, mais
                                    le sens rend la lecture très vraisemblable.</note> die aprilis
                                pro se et quinque clientibus et quatuor <lb/> gaytiis et capit pro
                                persona sua quindecim libras pro cliente septem libras pro gaytia
                                centum solidos :<note> On avait commencé à écrire le montant, mais
                                    on a barré le <hi rend="italics">L</hi> et l’on est passé à la
                                    ligne suivante.</note><lb/> LX X libras</item>
                            <item> summa librate : CC VI lb. XV s. III d.</item>
                        </list></p>
                    <p><list>
                            <item><lb/> summa expense et librate : CC IIII<hi rend="sup">XX</hi>
                                XIIII lb. XVI s. VI. d. vien. </item>
                            <item> et sic <lb/>debentur ei CC XXXIII libre XI solidi I denarius
                                viennensium </item>
                            <item> de quibus habuit et recepit <lb/> per manum domini Iohannis
                                Floridi in <sic>fractura</sic> rafurni <foreign>d’Enz</foreign> :
                                XXXVIII libras </item>
                            <item> item habuit <lb/> de Bartholomeo Guioti pedagiatore Burgi in
                                Breysia : VI<hi rend="sup">XX</hi> libras viennensium </item>
                            <item> summa : VII<hi rend="sup">XX</hi><lb/> XVIII lb. </item>
                            <item> et sic debentur ei finaliter LX XV libre XI solidi I deanrius
                                viennensium </item>
                            <item><lb/> memorandum quod non computavit de VIII libris X solidis
                                viennensium quas habuit de corsino de Burgo <lb/> pro tradendo
                                Aymonino Guioti lathomo pro duabus caminatis faciendis in sala et
                                camera <lb/> Sancti <sic>Andre</sic>, quarum una facta est que sibi
                                non <sic>cumputatur</sic> donec altera fiat, solvit ut <lb/> dicit
                                de dicta summa centum solidos viennensium et solvet residuum lathomo
                                cum venerit <lb/> ut dicit </item>
                            <item><lb/> item memorandum quod nichil computat de leva Pontis scilicet
                                ut dicit prius quam de <lb/> castellania recedat inde computabit cum
                                domino Iohanne Floridi </item>
                            <item><lb/> inhibitum est castellano sub pena quinquaginta librarum
                                viennensium ne faciat <lb/> vel recipiat aliquas drulias : quod si
                                fecerit exigeretur ab eo pena et nulla remissio <lb/> sibi
                                fiat</item>
                        </list></p>
                </div>
            </div>
            <div type="verso">
                <p rend="verso" n="1"><lb/>summa : XXVI lb. XVI s. X d. LXII lb. V s. V d.
                    <lb/>Revermont 1297<note>L’écriture pourrait dater de la fin du XV<hi rend="sup"
                            >e</hi> siècle ou du début du XVI<hi rend="sup">e</hi> siècle.
                    </note><lb/>St. andré en revermont<note>Écriture moderne.</note></p>
                <p rend="verso" n="2"><lb/>Computus Molarii castellani Sancti Andree <del
                        rend="overstrike">aprima</del><lb/> de anno nonagesimo septimo</p>
            </div>
        </body>
    </text>
</TEI>
