<?xml version="1.0" encoding="UTF-8"?>
<?xml-model href="http://www.tei-c.org/release/xml/tei/custom/schema/relaxng/tei_all.rng" schematypens="http://relaxng.org/ns/structure/1.0"?>
<TEI xmlns:math="http://www.w3.org/1998/Math/MathML" xmlns="http://www.tei-c.org/ns/1.0"
    xmlns:xi="http://www.w3.org/2001/XInclude" xmlns:svg="http://www.w3.org/2000/svg"
    xml:id="B9942_1">
    <teiHeader>
        <fileDesc>
            <titleStmt>
                <title>Barthélémy Silvestre (Bartholomeus Silvestri), châtelain, pour la
                    Saint-Trivier-de-Courtes et recette de Bevet, du 12 avril 1293 au 17 mai 1294
                        <date type="debut" from-iso="12930412" cert="high"/><date type="fin"
                        from-iso="12940517" cert="high"/></title>
                <respStmt>
                    <persName><name xml:lang="fra">Barthélémy Sylvestre</name><name xml:lang="lat"
                            >Bartholomeus Silvestri</name></persName>
                    <resp>Châtelain</resp>
                </respStmt>
            </titleStmt>
            <publicationStmt>
                <p>Frédéric Chartrain, avec la collaboration de Alain Kersuzan, Nils Mantilleri et Jean-Michel Poisson, 
                    <title>Compte de Barthélémy Silvestre (<hi rend="italics">Bartholomeus Silvestri</hi>), châtelain, pour la
                        Saint-Trivier-de-Courtes et recette de Bevet, du 12 avril 1293 au 17 mai 1294</title>,
                    Lyon - Chambéry, 2013 (<title>Documents comptables des Etats de Savoie, XIIIe - XVe s.</title>)</p>
            </publicationStmt>
            <seriesStmt>
                <title>Saint-Trivier-de-Courtes</title>                
            </seriesStmt>
            <sourceDesc>
                <p>Information about the source</p>
            </sourceDesc>
        </fileDesc>
    </teiHeader>
    <text>
        <body>
            <milestone n="2" unit="vue"/>
            <pb n="1"/>
            <div type="subaccount">
                <div xml:id="prologue">
                    <p><lb/>Computus Bartholomei Silvestri, castellani Sancti Triverii de Cortos
                        <lb/> a dominica in quindena Pasche, que fuit II<hi rend="sup">o</hi> idus
                        aprilis, anno Domini M<hi rend="sup">o</hi> CC<hi rend="sup">o</hi>
                        nonagesimo tertio, usque ad diem lune <lb/> XVII<hi rend="sup">am</hi> diem
                        mensis maii, anno nonagesimo quarto, videlicet de uno anno sex septimanis
                        duobus diebus, receptus <lb/> apud Sanctum Simphorianum de Auzone, presente
                        domino comite. </p>
                </div>
                <div xml:id="recepte">
                    <div xml:id="frumentum">
                        <head>frumentum</head>
                        <p><lb/> idem reddit computum <list>
                                <item> de X meyteriis frumenti <add place="interlinear"
                                        >receptis</add> de firma decime Sancti Triverii hoc anno </item>
                                <item> de II meyteriis <lb/> IIII cupis receptis de exitu molendini
                                    de stanno, per manum Iohannis Anglici, per dictum tempus,
                                    deducta tertia parte quam percipit<note type="césure"><hi
                                            rend="italics">perci<lb/>pit</hi></note><lb/> dictus
                                    Iohannes pro custodia dicti molendini </item>
                                <item> de V meyteriis receptis de firma molendini de
                                        Servigniaco<note> Aujourd’hui Servignat.</note>, finita
                                    <lb/> in Carniprivio, anno nonagesimo tertio<note> Le mardi 2
                                        mars 1294 (nouveau style).</note></item>
                                <item> de exitu decime cellararii nichil hoc anno in frumento </item>
                                <item> de <supplied reason="support endommagé">VI<hi rend="sup"
                                            >XX</hi></supplied> VI <lb/> meyteriis IIII cupis
                                    frumenti receptis in castellania Sancti Triverii de redditu et
                                    lunatione per annum, ut <supplied>in</supplied> particulis
                                    extractus extente no<supplied reason="support détruit"
                                        >ve</supplied><lb/> hic adiunctis </item>
                                <item> de coponagio respondet infra in firmis cum leyda </item>
                                <item> de chacipolleria ad presens non <lb/> computat, et nichil
                                    inde habuit, et data est ad firmam Amblardeto pro quatuordecim
                                    libris viennensium, per unum annum <lb/> inceptum in Nativitate
                                    Domini, anno nonagesimo tertio, de qua firma debet in sequenti
                                    computo respondere</item>
                            </list></p>
                        <div type="sub">
                            <head>arreragium</head>
                            <p><lb/><list>
                                    <item> de C meyteriis frumenti receptis de remanentia computi
                                        sui precedentis </item>
                                    <item><lb/> summa : XII<hi rend="sup">XX</hi> VI meyterii II
                                        cupe frumenti </item>
                                </list></p>
                        </div>
                        <div>
                            <p><list>
                                    <item> de quibus libravit<note type="césure"><hi rend="italics"
                                                >libra<lb/>vit</hi></note><lb/> ad expensas hospitii
                                        domini factas per manum Hugonis de Voyrone, per litteras
                                        domini datas apud Sanctum Triverium die <lb/> martis ante
                                        festum Omnium Sanctorum, anno nonagesimo tertio, quas reddit
                                        : VI meyterios frumenti </item>
                                    <item> item, libravit fratribus predicatoribus <lb/> de
                                        Matiscone, ex dono domini, per litteras domini quas reddit :
                                        V meyterios frumentum </item>
                                    <item> item, fratribus minoribus de Matiscone, per litteras
                                        domine <lb/> comitisse quas reddit, de dono suo : V
                                        meyterios frumenti </item>
                                    <item> et restant : <lb/> XI<hi rend="sup">XX</hi> X meyterii II
                                        cupe frumenti — venduntur ut infra</item>
                                </list></p>
                        </div>
                    </div>
                    <div xml:id="siligo">
                        <head>siligo</head>
                        <p><lb/> idem reddit computum <list>
                                <item> de LI meyteriis siliginis receptis de firma decime Sancti
                                    Triverii hoc anno, exceptis decima minutorum<note type="césure"
                                            ><hi rend="italics">minu<lb/>torum</hi></note><lb/>
                                    bladorum, quam percipit hospitale dicti loci </item>
                                <item> de II meyteriis receptis de exitu taschiarum mansi
                                        Raffinorum<note> Anciennement <hi rend="italics">Les
                                            Rafins</hi>, c<hi rend="sup">ne</hi> de
                                        Saint-Trivier-de-Courtes. C’est <hi rend="italics"
                                            >Raffin</hi> sur la carte de Cassini.</note> hoc <lb/>
                                    anno </item>
                                <item> de VII meyteriis IIII cupis receptis de exitu molendini de
                                    stanno per dictum tempus </item>
                                <item> de XIX meyteriis receptis <lb/> de firma molendini de
                                    Servigniaco finita in Carniprivio, anno nonagesimo tertio </item>
                                <item> de I cupa recepta de exitu<note type="césure"><hi
                                            rend="italics">exi<lb/>tu</hi></note><lb/> decime
                                    cellarii hoc anno </item>
                                <item> de IIII cupis receptis apud <foreign>La
                                        Chasnea</foreign><note> Aujourd’hui <hi rend="italics"
                                            >Chanée (Basse- et Haute-)</hi>, c<hi rend="sup">ne</hi>
                                        de Courtes.</note> pro decima prepositi hoc anno </item>
                                <item> de IIII<hi rend="sup">XX</hi><lb/> XVI meyteriis receptis in
                                    dicta castellania de redditu prepositura <add
                                        place="interlinear">et gaytia</add> per annum, ut in
                                    particulis extractus extente nove hic adiunctis<note
                                        type="césure"><hi rend="italics"
                                    >adiunc<lb/>tis</hi></note></item>
                                <item><lb/> summa : VIII<hi rend="sup">XX</hi> XVIII meyterii III
                                    cupe siliginis </item>
                                <item> de quibus <lb/> libravit fratribus predicatoribus de
                                    Matiscone, per litteras domini quas reddit, de dono ipsius : V
                                    meyterios </item>
                                <item> item libra<supplied reason="support détruit"
                                    >vit</supplied><lb/> Guigoni <foreign>Bermont</foreign>, ex dono
                                    domini et pro eo quod cepit domum suam de <foreign>La
                                            Bermonderi<note> Écrit <hi rend="italics"
                                                >labermonderi</hi>. Anciennement <hi rend="italics"
                                                >La Bermondière</hi>, c<hi rend="sup">ne</hi> de
                                            Saint-Étienne-sur-Reyssouze.</note></foreign> a domino
                                    in feudum, per litteras <supplied reason="support détruit"
                                        >domini de</supplied><lb/> mandato quas reddit, pro viginti
                                    quinque meyteriis ad mensuram Pontis Vele : XX meyterios </item>
                                <item> item, fratribus minoribus de M<supplied
                                        reason="support détruit">atiscone</supplied>, <lb/> de dono
                                    domine, per litteras ipsius de mandato quas reddit : V meyterios </item>
                                <item> item, Rosse, lotrici<note> lotrix, -cis, f. : lavandière,
                                        blanchisseuse, lingère. Mot absent de la nomenclature du
                                        Glossarium. </note> domine, per litteras domine : IIII
                                    meyterios </item>
                                <item> item, filiabus <lb/> domini Girardi de <foreign>Langes<note>
                                            Aujourd’hui <hi rend="italics">Lange</hi>, c<hi
                                                rend="sup">ne</hi> de
                                        Saint-Sulpice.</note></foreign>: II meyterios </item>
                                <item> et restant : VII<hi rend="sup">XX</hi> II meyterii III cupe
                                    siliginis — venduntur ut infra</item>
                            </list></p>
                    </div>
                    <div xml:id="avena">
                        <head>avena</head>
                        <p><lb/> idem reddit computum <list>
                                <item> de XIIII meyteriis avene receptis de firma decime Sancti
                                    Triverii hoc anno </item>
                                <item> de exitu decime <lb/> prepositi, cellararii et de taschiis,
                                    nichil hoc anno in avena </item>
                                <item> de XXVI meyteriis V cupis receptis in castellania Sancti
                                    Triverii <lb/> de redditu et prepositura per annum, ut in
                                    particulis extractus extente nove </item>
                                <item> de XIIII meyteriis III cupis et dimidia receptis apud <lb/>
                                    Curciacum pro parte domini de redditu per annum, ut in
                                    particulis dicti extractus </item>
                                <item> de VI<hi rend="sup">XX</hi> VIII meyteriis II cupis receptis
                                    in dict<supplied reason="support détruit">a</supplied><lb/>
                                    castellania de lunatione per annum, ut in particulis dicti
                                    extractus</item>
                            </list></p>
                        <div type="sub">
                            <head>arreragium</head>
                            <p><list>
                                    <item> de C meyteriis receptis de remanentia computi sui
                                        precedentis </item>
                                    <item><lb/> summa : II<hi rend="sup">C</hi> IIII<hi rend="sup"
                                            >XX</hi> III meyterii IIII cupe et dimidia avene</item>
                                </list></p>
                        </div>
                        <div>
                            <p><list>
                                    <item> de quibus <lb/> libravit ad expensas hospitii domini
                                        factas per manum Hugonis de Voyrone, per litteras domini de
                                        recepta datas die martis <lb/> ante festum Omnium Sanctorum,
                                        anno nonagesimo tertio, quas reddit : XXX meyterios III
                                        cupas avene </item>
                                    <item> et <lb/> restant : XII<hi rend="sup">XX</hi> XIII
                                        meyterii I cupa et dimidia avene — venduntut ut infra</item>
                                </list></p>
                        </div>
                    </div>
                    <div xml:id="panes">
                        <head>panes</head>
                        <p><lb/> idem reddit computum <list>
                                <item> de XVII panibus receptis in dicta castellania de redditu per
                                    annum </item>
                                <item> de IX panibus et dimidio receptis <lb/> apud Curciacum<note>
                                        Aujourd’hui Curciat-Dongalon.</note>, pro parte domini </item>
                                <item> summa : XXVI panes — venduntut ut inf<supplied
                                        reason="support détruit">ra</supplied></item>
                            </list></p>
                    </div>
                    <div xml:id="galline">
                        <head>galline</head>
                        <p><lb/> idem reddit computum <list>
                                <item> de III<hi rend="sup">C</hi> gallinis receptis in dicta
                                    castellania de redditu et consuetudine hoc anno, ut in
                                        particulis<note type="césure"><hi rend="italics"
                                            >parti<lb/>culis</hi></note><lb/> in extenta</item>
                            </list></p>
                        <div type="sub">
                            <head>arreragium</head>
                            <p><list>
                                    <item> de XIII<hi rend="sup">XX</hi> XII gallinis receptis de
                                        remanentia computi sui precedentis </item>
                                    <item><lb/> summa : V<hi rend="sup">C</hi> LXXII galline </item>
                                </list></p>
                        </div>
                        <div>
                            <p><list>
                                    <item> de quibus libravit ad expensas <lb/> hospitii domini
                                        factas per manum Hugonis de Voyrone, per litteras domini
                                        datas ut supra in avena : LIIII gallinas </item>
                                    <item> et <lb/> restant : V<hi rend="sup">C</hi> XVIII galline —
                                        et remanent</item>
                                </list></p>
                        </div>
                    </div>
                    <div xml:id="fenum">
                        <head>fenum</head>
                        <p><lb/> idem reddit computum <list>
                                <item> de V charratis feni de exitu pratorum mansi <foreign>as
                                        Raffins</foreign> hoc anno </item>
                                <item> de II charratis receptis de exitu vigulti<note> Pour <hi
                                            rend="italics">virgulti</hi>. Cette forme, inconnue du
                                            <hi rend="italics">Glossarium</hi>, est également
                                        attestée, par exemple, dans les comptes de l’hospice du
                                        Grand Saint-Bernard publiés par Lucien Quaglia.</note>
                                    Sancti Triverii hoc anno </item>
                                <item><lb/> summa : VII charrate feni </item>
                                <item> de quibus libravit, ad expensas octies <lb/> viginti decem
                                        septem<note> Pour <hi rend="italics">centum septuaginta
                                            septem</hi>.</note> equorum domini, per dictas litteras
                                    domini, quas reddit : II charratas feni </item>
                                <item> et <lb/> restant : V charrate feni — et remanent</item>
                            </list></p>
                    </div>
                    <div xml:id="trosse_feni">
                        <head>trosse</head>
                        <p><lb/> idem reddit computum <list>
                                <item> de LXXII trossis feni receptis in dicta castellania de
                                    redditu per annum, ut in particulis dicti <lb/> extractus
                                    extente nove — venduntur ut infra</item>
                            </list></p>
                    </div>
                    <div xml:id="cera">
                        <head>cera</head>
                        <p><lb/> idem reddit computum <list>
                                <item> de LXVIII libris cere receptis in dicta castellania de gardis
                                    et recognitionibus per annum, ut <lb/> in particulis dicti
                                    extractus</item>
                            </list></p>
                        <div type="sub">
                            <head>arreragium</head>
                            <p><list>
                                    <item> de CXI libris cere receptis de remanentia computi sui
                                        precedentis </item>
                                    <item><lb/> summa : VIII<hi rend="sup">XX</hi> XIX libre
                                        cere</item>
                                </list></p>
                        </div>
                        <div>
                            <p><list>
                                    <item> de quibus libravit, ad expensas hospitii domini per manum
                                        Hugonis de Voyrone, per litteras domini datas supra in avena
                                        : XXV libras cere </item>
                                    <item> et restant : <lb/> VII<hi rend="sup">XX</hi> XIIII libre
                                        cere — et remanent</item>
                                </list></p>
                        </div>
                    </div>
                    <div xml:id="ferrum">
                        <head>ferrum</head>
                        <p><lb/> idem reddit computum <list>
                                <item> de XV <foreign>chevres </foreign>ferre<note> Lire <hi
                                            rend="italics">ferri</hi>, comme plus loin. En 1789
                                        encore, il est fait mention à Chambéry d’une " chèvre de fer
                                        " dans l’inventaire du mobilier de cuisine d’un gouverneur
                                        de Savoie défunt, mais il s’agit alors probablement d’une
                                        crémaillère, et non, comme ici, d’une simple tige de fer :
                                            <hi rend="italics">Mémoires et documents publiés par la
                                            Société savoisienne d’histoire et d’archéologie</hi>, 42
                                        (1903), p. xii.</note> receptis de exitu ferrerie de grueria
                                    per dictum tempus</item>
                            </list></p>
                        <div type="sub">
                            <head>arreragium</head>
                            <p><lb/><list>
                                    <item> de XXXVIII <foreign>chevrers</foreign> ferri receptis de
                                        remanentia computi sui precedentis </item>
                                    <item><lb/> summa : LIII <foreign>chevres</foreign> ferri — et
                                        remanent</item>
                                </list></p>
                        </div>
                        <div xml:id="aurum">
                            <head>aurum</head>
                            <p><lb/> idem reddit computum <list>
                                    <item> de I obolo auri recepto de Stephano Guillaudi, de
                                            Mespilliaco<note> Aujourd’hui <hi rend="italics"
                                                >Mépillat (Grand- et Petit-)</hi>, c<hi rend="sup"
                                                >ne</hi> de Saint-Nizier-le-Bouchoux.</note>, pro
                                        garda per annum </item>
                                    <item><lb/> summa : I obolus auri — venditur ut infra</item>
                                </list></p>
                        </div>
                        <div xml:id="denarii_census">
                            <head>denarii census</head>
                            <p><lb/> idem reddit computum <list>
                                    <item> de XVI libris XI solidis X denariis parisiensium receptis
                                        in castellania Sancti Triverii de redditu per annum, ut
                                        <lb/> in particulis extractus extente nove hic adiunctis </item>
                                    <item> de CI solidis <add place="interlinear">VI denariis</add>
                                        receptis apud Curciacum, pro parte domini de <lb/> redditu
                                        per annum, ut in particulis dicti extractus </item>
                                    <item><lb/> summa : XXI libre XIII solidi IIII denarii
                                        parisiensium</item>
                                </list></p>
                        </div>
                        <div xml:id="recognitiones_et_garde">
                            <head>recognitiones et garde<note type="césure"><hi rend="italics"
                                        >recognitiones et <lb/> garde</hi></note></head>
                            <p><lb/> idem reddit computum <list>
                                    <item> de VI libris XV solidis parisiensium receptis de
                                        hominibus Montis Merule<note> Aujourd’hui <hi rend="italics"
                                                >Montmerle</hi>, c<hi rend="sup">ne</hi> de
                                            Lescheroux, ancienne chartreuse.</note> pro gardis per
                                        annum, et levantur in <lb/> quolibet foco duodecim denarii
                                        parisiensium in Nativitate Domini </item>
                                    <item> de CXIX solidis VII denariis receptis de gardis per annum
                                        in dicta castellania, <lb/> ut in particulis dicti extractus </item>
                                    <item> de V solidis VII denariis receptis de Hugueta <foreign>La
                                            Vizi,</foreign> de Conda, pro retentione temporis <lb/>
                                        preteriti </item>
                                    <item><lb/> summa : XIII libre II denarii parisiensium</item>
                                </list></p>
                        </div>
                        <div xml:id="tallia">
                            <head>taillie</head>
                            <p><lb/> idem reddit computum <list>
                                    <item> de XL libris parisiensium receptis de hominibus
                                        tailliabilibus domini in dicta castellania, receptis pro
                                        taillia ad <lb/> misericordiam hoc anno, et levatur duobus
                                        terminis, videlicet in Carniprivio et in festo beati
                                        Bartholomei apostoli </item>
                                    <item><lb/> summa eadem : XL libre parisiensium</item>
                                </list></p>
                        </div>
                        <div xml:id="firme">
                            <head>firme</head>
                            <p><lb/> idem reddit computum <list>
                                    <item> de LXVI solidis VIII denariis parisiensium receptis de
                                        firma furni Sancti Triverii finienda in festo <milestone
                                            n="3" unit="vue"/><pb n="2"/><lb/> beati Iohannis
                                        baptiste, anno nonagesimo quarto </item>
                                    <item> de XXXIIII libris XIII solidis IIII denariis receptis de
                                        firma leyde et coponagii<note type="césure"><hi
                                                rend="italics">copona<lb/>gii</hi></note><lb/>
                                        Sancti Triverii finita in festo beate Agate virginis, anno
                                        nonagesimo tertio<note> Le vendredi 5 février 1294 (nouveau
                                            style).</note>, et tunc datur ad firmam Guillermo <lb/>
                                        Christinodi pro quinquaginta septem libris viennensium </item>
                                    <item> de chacipolleria Sancti Triverii non computat, et datur
                                        ad firmam ut supra in frumento </item>
                                    <item> de LXVI solidis VIII denariis receptis de firma
                                            blayerie<note> Pour <hi rend="italics">blaerie</hi>. Cf.
                                                <hi rend="italics">Glossarium</hi> : blaeria, "
                                            tonlieu du blé ".</note> Sancti Triverii finita in festo
                                        <lb/> beati Bartholomei, anno nonagesimo tertio </item>
                                    <item> de VI libris receptis de firma blayerie et chacipollerie
                                        de <foreign>Cormo<note> Aujourd’hui
                                        Cormoz.</note></foreign><lb/> finita in Ramis Palmarum, anno
                                        nonagesimo tertio<note> Le dimanche 11 avril 1294 (nouveau
                                            style).</note></item>
                                    <item> de VI libris receptis de firma chacipollerie et blayerie
                                        <lb/> de <foreign>Tageset<note> Aujourd’hui <hi
                                                  rend="italics">Tagiset</hi>, c<hi rend="sup"
                                                  >ne</hi> de Sainte-Croix
                                            (Saône-et-Loire).</note></foreign> et de
                                                <foreign>Buysseroles<note> Aujourd’hui <hi
                                                  rend="italics">Buisserolle</hi>, c<hi rend="sup"
                                                  >ne</hi> de Varenne-Saint-Sauveur
                                                (Saône-et-Loire).</note></foreign> finita eodem
                                        termino </item>
                                    <item> de XVI solidis VIII denariis receptis de firma blayerie
                                        <lb/> de Curciaco, pro parte domini, finita in festo beati
                                        Bartholomei, anno nonagesimo tertio </item>
                                    <item> de pasonagio<note> Pour <hi rend="italics"
                                                >passonagio</hi>.</note> nemoris de
                                                <lb/><foreign>Chamandrey<note> Aujourd’hui <hi
                                                  rend="italics">Chamandray</hi>, c<hi rend="sup"
                                                  >ne</hi> de Cormoz, ou <hi rend="italics">Le Bois
                                                  de Chamandre</hi>, c<hi rend="sup">ne</hi> de
                                                Foissiat.</note></foreign> et de
                                            <foreign>Arvey</foreign> nichil hoc anno quia non fuit
                                        ibi glans </item>
                                    <item> de LXXIIII solidis receptis de exitu <lb/> nemoris mortui
                                        et alterius bosci, pro circulis et vimine, in nemoribus de
                                            <foreign>Chamandrey</foreign> et de
                                            <foreign>Arvey</foreign>, <lb/> pro tanto venditorum hoc
                                        anno </item>
                                    <item> de XXXVII solidis receptis de teysiis domorum Sancti
                                        Triverii hoc anno, <lb/> et levantur in festo
                                            Penthecostes<note> Pour <hi rend="italics"
                                                >Pentecostes</hi>.</note></item>
                                    <item><lb/> summa : LIX libre XIIII solidi IIII denarii</item>
                                </list></p>
                        </div>
                        <div xml:id="laudes_et_vende">
                            <head>laudes et vende<note type="césure"><hi rend="italics">laudes et
                                        <lb/> vende</hi></note></head>
                            <p><lb/> idem reddit computum <list>
                                    <item> de VII solidis parisiensium receptis de Bererdo
                                            <foreign>dos Das</foreign>, pro laudibus et vendis
                                        cuiusdam pecie terre <lb/> empte a Stephano, filio quondam
                                        dicti <foreign>Vial de Buysseroles</foreign> pretio
                                        quadraginta solidorum et sex denariorum, et levantur <lb/>
                                        pro libra tres solidi </item>
                                    <item> de LXX solidis receptis de Guioneto
                                            <foreign>Borgeys</foreign> pro domo empta a Iohanne
                                                <foreign>Far<unclear>g</unclear>at</foreign><lb/>
                                        pretio viginti trium librarum sex solidorum et octo
                                        denariorum </item>
                                    <item> de XVI solidis receptis de Bererdo <foreign>dos
                                            Das</foreign> et eius fratribus <lb/> pro manso Martini
                                            <foreign>Cocherat</foreign>, Stephani et Bernardi
                                        Baudinat, empto ab Ogerio de Beyrisiaco<note> Aujourd’hui
                                            Béréziat.</note> pretio centum <lb/> sex solidorum et
                                        octo denariorum </item>
                                    <item> de X solidis receptis de Stephano Masuerii pro quadam
                                        pecia terre et bosci empta a dictis <lb/><foreign>Les
                                            Calins</foreign> pretio sexaginta sex solidorum et octo
                                        denariorum </item>
                                    <item> de IIII libris VI solidis VIII denariis receptis de
                                        Iohanne Anglici <lb/> pro rebus de feudo domini libero
                                        emptis de Clementia, sorore dicti <foreign>Vetart</foreign>,
                                        pretio decem septem librarum sex solidorum </item>
                                    <item><lb/> de IIII libris IIII solidis V denariis receptis de
                                        dicto <foreign>Libal del Morey</foreign> pro rebus emptis de
                                        quibusdam hominibus de <foreign>Mastrignia<note> Aujourd’hui
                                                  <hi rend="italics">Matrignat</hi>, c<hi rend="sup"
                                                  >ne</hi> de
                                            Saint-Nizier-le-Bouchoux.</note></foreign><lb/> pretio
                                        quadraginta solidorum parisiensium, quam venditionem dictus
                                        castellanus retinuit et postea vendidit alteri, et pro eo
                                        <lb/> habuit maiorem quantitatem dictarum laudum et
                                        vendarum, quas respondet dictam summam </item>
                                    <item> de XXXVI solidis <lb/> receptis de dicto <foreign>Putin
                                            de Especenas</foreign> pro quadam
                                            mans<unclear>a</unclear> empta a Guillermo Masuer pretio
                                        duodecim librarum <lb/> summa : XV libre X solidi VI denarii
                                        parisiensium</item>
                                </list></p>
                        </div>
                        <div xml:id="introgia">
                            <head>introgia</head>
                            <p><lb/> idem reddit computum <list>
                                    <item> de XXXIII solidis IIII denariis parisiensium receptis de
                                        Peroneto <foreign>Tiart</foreign> pro introgio cuiusdam
                                        tenementi eidem <lb/> albergati, versus nemus
                                                <foreign>d’Arvey<note> Écrit <hi rend="italics"
                                                  >darvey</hi>.</note></foreign>, ad tres cupas
                                        frumenti et tres cupas avene et sex solidos parisiensium
                                        redditus, de quibus decetero <lb/> computabit </item>
                                    <item> de VI libris XIII solidis IIII denariis receptis de
                                        Guidone de <foreign>Cymandres<note> Aujourd’hui <hi
                                                  rend="italics">Simandre</hi>, c<hi rend="sup"
                                                  >ne</hi> de Mantenay-Montlin.</note></foreign> et
                                        Petro Morelli, pro introgio <lb/> medietatis pro indiviso
                                        Vavre Maysoneysa eisdem albergate ad quadraginta solidos
                                        parisiensium, de quibus decetero computabit </item>
                                    <item><lb/> summa : VIII libre VI solidi VIII denarii
                                        parisiensium</item>
                                </list></p>
                        </div>
                        <div xml:id="banna">
                            <head>banna</head>
                            <p><lb/> idem reddit computum <list>
                                    <item> de XIII solidis IIII denariis parisiensium receptis de
                                        Stephano, dicto <foreign>Chierteyns</foreign>, quia araverat
                                        quoddam iter </item>
                                    <item><lb/> de X solidis receptis de Iohanne, filio Guionis
                                        Laurentii, quia invenerat quemdam cultrum et eum celaverat </item>
                                    <item> de <lb/> XXX solidis receptis de Peroneto
                                            <foreign>Canet</foreign>, quia occupaverat quoddam iter </item>
                                    <item> de L solidis receptis de Perrino de Malo <lb/> Monte, pro
                                        eo quod non potuit reddere ad certam diem Iohannem
                                            <foreign>Gubillat</foreign>, qui accusabatur furtum
                                        commisisse </item>
                                    <item><lb/> de VI solidis VIII denariis receptis ab uxore Petri
                                            <foreign>del Sangeys</foreign> pro banno sanguynis<note>
                                            Pour <hi rend="italics">sanguinis</hi>.</note></item>
                                    <item> de XIII solidis IIII denariis receptis de <lb/> Gauterono
                                            <foreign>Savignen</foreign>, quia invenerat de pecunia
                                        et ipsam celaverat </item>
                                    <item> de LX solidis receptis de Petito <foreign>Lo Bal<note>
                                                Écrit <hi rend="italics"
                                            >lobal</hi>.</note></foreign>, quia accusabatur<note
                                            type="césure"><hi rend="italics"
                                            >accusa<lb/>batur</hi></note><lb/><add
                                            place="interlinear">cepisse</add> de postibus donni
                                        Renaudi auctoritate sua propria </item>
                                    <item> de VI solidis VIII denariis receptis de Iohanne
                                            <foreign>del Sangeys</foreign>, pro <lb/> banno saysine
                                        fracte </item>
                                    <item> de XIII solidis IIII denariis receptis de Peroneto, filio
                                        Dureti de <foreign>Jordes</foreign>, pro banno adulterii </item>
                                    <item><lb/> de XL <supplied>solidis</supplied> receptis ab
                                        Hugonino, pro banno adulterii </item>
                                    <item> de XX solidis receptis de Iohanne de Baugiaco,
                                        carpentatore, pro eodem </item>
                                    <item><lb/> de L solidis receptis a donno Guichardo Colombi et
                                        eius fratribus, et liberis Stephani de <foreign>La
                                            Verna</foreign>, quia obstruxerant <lb/> quoddam iter </item>
                                    <item> de XXX solidis receptis de filio Coci de Curciaco, quia
                                        ceperat de nemore <foreign>d’Arvey<note> Écrit <hi
                                                  rend="italics">darvey</hi>.</note></foreign>
                                        auctoritate <lb/> propria </item>
                                    <item> de XIII solidis IIII denariis receptis de Ponczardo de
                                            <foreign>La Merleri</foreign>, pro banno adulterii </item>
                                    <item> de XX solidis receptis de Hugoneto <lb/> Colombi, quia
                                        eiecerat de possessione relictam Guillermi Colombi </item>
                                    <item> de VI solidis VIII denariis receptis de dicto
                                                <foreign>Muriset<note type="césure"><hi
                                                  rend="italics"
                                        >muri<lb/>set</hi></note></foreign><lb/> pro pena cuiusdam
                                        compromissi non observati </item>
                                    <item> de X solidis receptis de Stephano de
                                            <foreign>Lescues</foreign>, quia percusserat munerium
                                        <lb/> de Vayriaco<note> Aujourd’hui <hi rend="italics"
                                                >Veyriat (Grand- et Petit-)</hi>, c<hi rend="sup"
                                                >ne</hi> de Lescheroux.</note></item>
                                    <item> de X solidis receptis de Bartholomeo, <add
                                            place="interlinear">filio</add> Ruffi <foreign>del
                                            Mont</foreign>, pro banno furti </item>
                                    <item> de XL solidis receptis de <lb/> Hugone
                                            <foreign>Masuer</foreign>, pro banno sanguinis </item>
                                    <item> de XVI solidis VIII denariis receptis de liberis
                                            <foreign>a La Masueri<note> Écrit <hi rend="italics"
                                                  >alamasneri</hi>.</note> de La Boyllateri<note>
                                                Aujourd’hui <hi rend="italics">Les Boulatières</hi>,
                                                  c<hi rend="sup">ne</hi> de
                                                Curciat-Dongalon.</note></foreign>, <lb/> pro banno
                                        sanguinis </item>
                                    <item> de VI<note> Il avait d’abord été écrit X, et le nombre
                                            est raturé.</note> solidis VIII denariis receptis de
                                        Bernardo <foreign>Pocherat</foreign>, quia ceperat de bosco
                                        de <foreign>Chimillia<note> Aujourd’hui <hi rend="italics"
                                                  >Chemillat</hi>, c<hi rend="sup">ne</hi> de
                                                Lescheroux.</note></foreign><lb/> propria
                                        auctoritate </item>
                                    <item> de LXVI solidis VIII denariis receptis de dictis
                                            <foreign>Les Puchonz</foreign>, quia sibi
                                        appropriaverant de nemore de <foreign>Chamandrey<note
                                                type="césure"><hi rend="italics"
                                                  >chaman<lb/>drey</hi></note></foreign></item>
                                    <item><lb/> de XIII solidis IIII denariis receptis de Bererdo
                                            <foreign>Moyrout</foreign> et Hugone
                                            <foreign>Farjot</foreign>, pro eodem </item>
                                    <item> de XX solidis <lb/> receptis de Bernardo
                                            <foreign>Brunet</foreign>, quia dixit Bernardo
                                            <foreign>Gayet</foreign> quod furatus fuerat pices<note>
                                            Pour <hi rend="italics">pisces</hi>.</note> dicti
                                        Bernardi <foreign>Brunet<note type="césure"><hi
                                                  rend="italics"
                                        >brun<lb/>net</hi></note></foreign></item>
                                    <item><lb/> de XIII solidis IIII denariis receptis de dicto
                                            <foreign>Budel </foreign>de Grandi Valle<note>
                                            Aujourd’hui <hi rend="italics">Grandval</hi>, c<hi
                                                rend="sup">ne</hi> de
                                            Saint-Trivier-de-Courtes.</note>, quia occupaverat
                                        quoddam iter </item>
                                    <item> de LXVI solidis VIII denariis <lb/> receptis de filio
                                        Guichardi <foreign>Auttrisset</foreign>, pro banno furti </item>
                                    <item> de VI solidis VIII denariis receptis de Iohanne, filio
                                            <foreign>Malacher</foreign>, pro banno <lb/> sanguinis </item>
                                    <item> de XL solidis receptis de Hugonino Royllardi, quia
                                        percusserat Guionem Chastra in via publica </item>
                                    <item><lb/> de XXXIII solidis IIII denariis receptis de Ponceto
                                            <foreign>Chapellan</foreign>, quia ceperat duos bacones
                                        in ecclesia de <foreign>Cormo</foreign> auctoritate propria </item>
                                    <item><lb/> de XX solidis receptis de Perroto Porcherii, quia
                                        scinderat quamdam metam </item>
                                    <item> de LX solidis receptis de Iohanneto
                                            <foreign>Pelleter</foreign>, <lb/> quia occupaverat
                                        pratum Guillermi <foreign>Blondat</foreign> et construxerat
                                        quamdam sepem in terra dicti Guillermi et
                                            appropriaverat<note> Écrit <hi rend="italics"
                                                >apropriaverat</hi>.</note> sibi <lb/> de terra
                                        Iohannis <foreign>Guiart</foreign></item>
                                    <item> de XXVI solidis VIII denariis receptis de Iohanne
                                            <foreign>Guiart</foreign>, quia fecerat quamdam
                                            cepem<note> Pour <hi rend="italics">sepem</hi>.</note>
                                        in terra <lb/> Stephani de <foreign>La
                                        Fontana</foreign></item>
                                    <item> de XL solidis receptis de Guillermo
                                            <foreign>Daniel</foreign>, pro banno sanguinis facti
                                        Guillermo Balbi, de
                                                <foreign>Mont</foreign><lb/><foreign>Symont<note>
                                                Aujourd’hui <hi rend="italics">Mont Simon</hi>, c<hi
                                                  rend="sup">ne</hi> de
                                        Vescours.</note></foreign></item>
                                    <item> de X solidis receptis de Marieta, uxore Humberti
                                            <foreign>Goutron</foreign>, quia celaverat furtum filie
                                        Guionis <lb/> de <foreign>Corgia</foreign></item>
                                    <item> de X solidis receptis de dicta filia dicti Guionis, pro
                                        banno furti </item>
                                    <item> de XX solidis receptis de Guillermo, pellipario de
                                                <foreign>Jassens<note> Aujourd’hui <hi
                                                  rend="italics">Jassans</hi>, c<hi rend="sup"
                                                  >ne</hi> de
                                            Saint-Nizier-le-Bouchoux.</note></foreign>, quia
                                        construxerat quamdam sepem in via publica de
                                            <foreign>Jassens</foreign></item>
                                    <item> de VI solidis VIII denariis receptis de <lb/>
                                            Martino<note type="césure"><hi rend="italics"
                                                >mar<lb/>tino</hi></note><foreign>Tartamare</foreign>,
                                        quia recurserat<note> Pour <hi rend="italics"
                                                >rescusserat</hi> ou <hi rend="italics"
                                                >rescuterat</hi>. </note> pignora familiari
                                        chacipolli de <foreign>Cormo</foreign></item>
                                    <item> de XX solidis receptis <lb/> de Guione de Bosco, quia
                                        ceperat boves Stephani de Bosco in via publica domini
                                        comitis et ipsos verberaverat </item>
                                    <item> de <lb/> XX solidis receptis de dicto <foreign>Chatart de
                                            La Varenna<note> Écrit <hi rend="italics"
                                                >lavarenna</hi>, et le <hi rend="italics">v</hi> est
                                                venu raturer un <hi rend="italics">b</hi>
                                                initialement tracé. Anciennement <hi rend="italics"
                                                  >La Varenne</hi>, aujourd’hui <hi rend="italics"
                                                  >La Varna</hi>, c<hi rend="sup">ne</hi> de
                                                Curciat-Dongalon.</note></foreign>, pro banno
                                        saysine fracte </item>
                                    <item> de LXXV solidis receptis de minutis <lb/> clamis trium
                                        solidorum et inferius per idem tempus </item>
                                    <item><lb/> summa : XLVI libre XIII solidi parisiensium,
                                        deductis centum duobus solidis pro <lb/> parte castellani
                                        capientis duos solidos in libra</item>
                                </list></p>
                        </div>
                        <div xml:id="venditiones">
                            <head>venditiones</head>
                            <p><lb/> idem reddit computum <list>
                                    <item> de IIII<hi rend="sup">XX</hi> VI libris VII solidis V
                                        denariis parisiensium receptis <supplied>de</supplied>
                                        ducentis triginta meyteriis duabus cupis frumenti <lb/>
                                        venditis ut supra, quolibet meyterio vendito septem solidis
                                        sex denariis parisiensium </item>
                                    <item> de XXXVII libris XIX solidis VIII denariis receptis de
                                        <lb/> septies viginti duobus meyteriis tribus cupis
                                        siliginis venditis ut supra, quolibet meyterio vendito
                                        quinque solidis quatuor denariis </item>
                                    <item><lb/> de XLVII libris IX solidis VIII denariis receptis de
                                        ducentis quinquaginta tribus meyteriis I cupa et dimidia
                                        avene venditis ut <lb/> supra, quolibet meyterio vendito
                                        tribus solidis novem denariis </item>
                                    <item> de XXI solidis receptis de viginti sex panibus venditis
                                        ut supra <lb/> pro tanto </item>
                                    <item> de LXII solidis receptis de sexaginta duabus trossis feni
                                        venditis ut supra, qualibet trossa vendita duodecim <lb/>
                                        denariis </item>
                                    <item> de V solidis receptis de uno obolo auri vendito ut supra
                                        pro tanto </item>
                                    <item> de LXX solidis VIII denariis receptis de erba<note> Pour
                                                <hi rend="italics">herba</hi>.</note><lb/> pratorum
                                        vavre communis de <foreign>Buysseroles</foreign> et
                                            <foreign>del Boschat<note> Aujourd’hui <hi
                                                  rend="italics">Le Bouchat</hi>, c<hi rend="sup"
                                                  >ne</hi> de
                                            Varennes-Saint-Sauveur.</note></foreign> vendita pro
                                        tanto hoc anno </item>
                                    <item><sic>de</sic></item>
                                    <item><lb/> summa : VIII<hi rend="sup">XX</hi> XIX libre XV
                                        solidi V denarii parisiensium </item>
                                </list></p>
                        </div>
                        <div xml:id="bilan_recepte">
                            <p><list>
                                    <item><lb/> summa totius recepte huius computi : III<hi
                                            rend="sup">C</hi> IIII<hi rend="sup">XX</hi> IIII libre
                                        XIII solidi V denarii parisiensium </item>
                                    <item> de <lb/> quibus respondet infra in summa totius recepte
                                        duorum computorum</item>
                                </list></p>
                        </div>
                    </div>
                </div>
            </div>
            <div type="subaccount">
                <milestone n="4" unit="vue"/>
                <pb n="3"/>
                <div xml:id="prologue2">
                    <p><lb/>Computus eiusdem castellani de redditibus et exitibus ville Belli
                            Visus<note> Aujourd’hui <hi rend="italics">Bevet</hi>, c<hi rend="sup"
                                >ne</hi> de Beaupont.</note> per idem tempus </p>
                </div>
                <div xml:id="recepte2">
                    <div xml:id="frumentum_2">
                        <head>frumentum</head>
                        <p><lb/> idem reddit computum <list>
                                <item> de I quartallo et dimidio frumenti recepto de Guillermo
                                        <foreign>Masuer</foreign> — venditur ut infra </item>
                                <item> de exitu molendini de <foreign>Cropet<note> Aujourd’hui <hi
                                                rend="italics">Croppet</hi>, c<hi rend="sup">ne</hi>
                                            de Beaupont.</note></foreign> nichil per dictum tempus,
                                    quia destructum est propter in nundationes<note> Pour <hi
                                            rend="italics">inundationes</hi>.</note> aquarum </item>
                            </list></p>
                    </div>
                    <div xml:id="siligo_2">
                        <head>siligo</head>
                        <p><lb/> idem reddit computum <list>
                                <item> de XXIII quartallis siliginis receptis apud Bellum Videre de
                                    lunatione per annum, ut in particulis <lb/> extractus<note
                                        type="césure"><hi rend="italics">ex<lb/>tractus</hi></note>
                                    extente nove hic aiunctis<note> Pour <hi rend="italics"
                                            >adiunctis</hi>.</note> — venduntur ut infra </item>
                            </list></p>
                    </div>
                    <div xml:id="avena_2">
                        <head>avena</head>
                        <p><lb/> idem reddit computum <list>
                                <item> de I quartallo et dimidio recepto de Guillermo
                                        <foreign>Masuer</foreign> de redditu per annum </item>
                                <item> de dimidia cupa recepta <lb/> de Stephano
                                        <foreign>Buer</foreign> pro garda per annum </item>
                                <item> de I quartallo recepto de Aymone de <foreign>Les
                                        Chauz</foreign> et de <foreign>Rubillart</foreign> pro eodem </item>
                                <item><lb/> de dimidio quartallo recepto de liberis Hugonardi de
                                    Cruce pro eodem </item>
                                <item><lb/> summa : III quartalli dimidia cupa avene — venduntur ut
                                    infra </item>
                            </list></p>
                    </div>
                    <div xml:id="galline_2">
                        <head>galline</head>
                        <p><lb/> idem reddit computum <list>
                                <item> de XXI gallinis receptis in dicta villa de redditu et
                                    consuetudine hoc anno — venduntur ut infra </item>
                            </list></p>
                    </div>
                    <div xml:id="denarii_census_2">
                        <head>denarii census</head>
                        <p><lb/> idem reddit computum <list>
                                <item> de V solidis parisiensium receptis de Nicholao et Stephano,
                                    eius filio </item>
                                <item> de V solidis receptis de Iohanne <foreign>La Fianci<note>
                                            Écrit <hi rend="italics"
                                    >lafianci</hi>.</note></foreign></item>
                                <item><lb/> de XII denariis receptis de Henrico pellipario pro eodem </item>
                                <item><lb/> de VI libris X solidis receptis ibidem pro
                                        tailliis<note> La rubrique <hi rend="italics">taillie</hi> a
                                        été ajoutée dans la marge gauche.</note> ad manum hoc anno </item>
                                <item><lb/> de IIII libris XIII solidis IIII denariis receptis de
                                    firma blayerie<note> La rubrique <hi rend="italics">firma</hi>,
                                        ou <hi rend="italics">firma blayerie</hi>, n’a pas été jugée
                                        nécessaire.</note> dicte ville finita in Paschate nuper
                                    preterito </item>
                                <item><lb/> summa : XI libre XIIII solidi IIII denarii parisiensium
                                </item>
                            </list></p>
                    </div>
                    <div xml:id="banna_2">
                        <head>banna</head>
                        <p><list>
                                <item><lb/> de bannis et clamis computavit supra cum aliis bannis
                                </item>
                            </list></p>
                    </div>
                    <div xml:id="venditiones_2">
                        <head>venditiones</head>
                        <p><list>
                                <item><lb/> idem reddit computum </item>
                                <item> de XI solidis III denariis receptis de uno quartallo et
                                    dimidio frumenti vendito ut supra pro tanto </item>
                                <item> de VI libris <lb/> II solidis VIII denariis receptis de
                                    viginti tribus quartallis siliginis venditis ut supra, quolibet
                                    quartalli vendito quinque solidis quatuor denariis </item>
                                <item><lb/> de XII solidis II denariis receptis de tribus quartallis
                                    et dimidia cupa avene venditis ut supra pro tanto </item>
                                <item> de V solidis III denariis receptis de <lb/> viginti una
                                    gallinis venditis ut supra, qualibet tribus denariis</item>
                                <item><lb/> summa : VII libre XI solidi IIII denarii
                                    parisiensium</item>
                            </list></p>
                    </div>
                    <div xml:id="bilan_recepte2">
                        <p><list>
                                <item><lb/> summa totius recepte huius computi : XIX libre V solidi
                                    VIII denarii parisiensium</item>
                                <item><lb/> summa totius recepte dictorum duorum computorum :
                                        IIII<hi rend="sup">C</hi> III libre XIX solidi I denarius
                                    parisiensium</item>
                            </list></p>
                    </div>
                    <div xml:id="arreragium2">
                        <head>arreragium</head>
                        <p><list>
                                <item><lb/> idem reddit computum </item>
                                <item> de XI solidis IIII denariis obolo parisiensium receptis de
                                    remanentia computi sui precedentis pro decem septem solidis uno
                                    denario viennensium </item>
                            </list></p>
                    </div>
                    <div>
                        <p><list>
                                <item><lb/> summa totius recepte cum arreragio : IIII<hi rend="sup"
                                        >C</hi> IIII libre X solidi V denarii obolo
                                    parisiensium</item>
                            </list></p>
                    </div>
                </div>
            </div>
            <div xml:id="expense_et_librate">
                <p> de quibus <list>
                        <item><lb/> in ponte castri aptando <sic>hoc aptando</sic> hoc anno, et
                            capella et granerio recooperiendis hoc anno : XXVIII solidos
                            parisiensium </item>
                        <item><lb/> in sex balistis domini aptandis apud Castellionem : XV solidos
                            IIII denarios </item>
                        <item> in stipendiis hominum facientium trellias<note> Variante de <hi
                                    rend="italics">treilla</hi> ignorée du <hi rend="italics"
                                    >Glossarium</hi>.</note><lb/> et unum pavallonem<note> Variante
                                de <hi rend="italics">pavillo</hi> ignorée du <hi rend="italics"
                                    >Glossarium</hi>.</note> in vigulto<note> Variante de <hi
                                    rend="italics">virgultum</hi> ignorée du <hi rend="italics"
                                    >Glossarium</hi>.</note> domini : LXXI solidos VI denarios </item>
                        <item> in sexaginta sex charratis mayerie positis <lb/> ibidem : LXIIII
                            solidos VI denarios </item>
                        <item> in sileribus<note><hi rend="italics">siler</hi>, " osier ".</note>
                            emptis ad ligandum dictas trellias : XX solidos VIII denarios </item>
                        <item> in vinea <lb/> dicti vigulti putanda<note> Variante de <hi
                                    rend="italics">podare</hi> ignorée du <hi rend="italics"
                                    >Glossarium</hi>.</note> et sarclanda : VI solidos VI denarios </item>
                        <item> in pane dato sexaginta quinque hominibus fossorantibus<note> Variante
                                de <hi rend="italics">fossodare</hi> ignorée du <hi rend="italics"
                                    >Glossarium</hi>.</note><lb/> dictam vineam bis hoc anno ante
                            vindemias : V solidos V denarios </item>
                        <item> in pane dato triginta sex hominibus dictam <lb/> vineam fodentibus
                            hoc anno in martio<note> On lit ici <hi rend="italics">marcio,
                                    hospicium, sepcies, aportancium, servicia, tercia, hospicii,
                                    tercio, Treforcii, Vincencii</hi>, que l’on transcrit – selon la
                                convention d’édition prescrivant l’usage général de la graphie
                                classique – <hi rend="italics">martio, hospitium, septies,
                                    aportantium, servitia, tertia, hospitii, tertia, Trefortii,
                                    Vincentii</hi>.</note> : III solidos </item>
                        <item> in pane dato boveriis adducentibus triginta sex <lb/> charratis
                            lignorum ad hospitium domini quando ibi fuit : V solidos VI denarios </item>
                        <item> in pane dato boveriis adducentibus <lb/> centum tresdecim pecias
                            fuste in castrum, et ibi remanent : XVIII solidos X denarios </item>
                        <item> in calciata parvi stanni aptanda <lb/> per tres vices hoc anno :
                            XXXVII solidos </item>
                        <item> pro dicto stanno piscando et <add place="interlinear">piscibus</add>
                            ponendis in alio stanno : XIX solidos IIII denarios </item>
                        <item><lb/> in septies viginti parvis luciis<note><hi rend="italics"
                                    >lucius</hi>, " brochet ".</note> positis in magno stanno : III
                            solidos IIII denarios </item>
                        <item> in sepultura Guillermi <foreign>Costert</foreign>, quondam <lb/>
                            chacipolli Sancti Triverii : XXXIII solidos IIII denarios </item>
                        <item> in expensis unius latronis qui amisit auriculam : XXI denarios </item>
                        <item><lb/> in feno pratorum <foreign>as Raffins</foreign> et vigulti domini
                            faciendo hoc anno : VI solidos </item>
                        <item> in prandio hominum aportantium<note> Pour <hi rend="italics"
                                    >apportantium</hi>.</note><lb/> servitia domini ad castrum
                            tertia die Nativitatis Domini : VII solidos </item>
                        <item> in stipendiis ipsius castellani per dictum tempus de <lb/> quo
                            computat, capientis per annum viginti quinque libras viennensium, pro
                            se, uno cliente et una guaytia, pro viginti <lb/> octo libris septem
                            solidis quatuor denariis viennensium : XVIII libras XVIII solidos IIII
                            denarios parisiensium </item>
                        <item><lb/> summa expense et salarii : XXXVI libre V solidi IIII denarii
                            parisiensium </item>
                        <item><lb/> idem libravit, ad expensas hospitii domini factas per manum
                            Hugonis de Voyrone, clerici, per litteras domini datas die martis ante
                            <lb/> festum Omnium Sanctorum, anno nonagesimo tertio, quas reddit : XX
                            libras viennensium </item>
                        <item><lb/> idem libravit Guigoni de Sancto Germano, quos dominus sibi
                            debebat pro uno falcone, per litteras domini : C solidos viennensium </item>
                        <item><lb/> idem libravit Petro de Monte Meliano, clerico, pro<note> Écrit
                                    <hi rend="italics">per</hi>.</note> operibus Trefortii, per
                            litteras domini de mandato et confessionem dicti <lb/> Petri, presentis,
                            confitentis se ipsas recepisse : L libras viennensium </item>
                        <item><lb/> idem libravit domine comitisse, in quadraginta ulnis tele, per
                            litteras domine de recepta, quas reddit : LX solidos viennensium </item>
                        <item><lb/> idem libravit domine comitisse, per litteras ipsius de recepta
                            datas in crastino beati Vincentii, anno nonagesimo quarto, sumpto <lb/>
                            millesimo in Nativitate Domini<note> Il s’agit donc bien cette fois du
                                jeudi 21 janvier 1294 (nouveau style).</note>, quas reddit : XI
                            libras viennensium </item>
                        <item><lb/> idem libravit, in octo somatis vini de Vohisia<note> Peut-être
                                pour <hi rend="italics">Voisia</hi>, " Malvoisie ". Ce cépage est
                                encore cultivé aujourd’hui dans la combe de Savoie.</note> emptis
                            pro domina comitissa, et dantur pro quallibet<note> Lire <hi
                                    rend="italics">qualibet</hi>.</note> somata viginti duo <lb/>
                            solidi, et allocantur de mandato domini, presentis : VIII libras XVI
                            solidos viennensium </item>
                        <item><lb/> idem libravit, <supplied>in</supplied> vino empto et posito in
                            uno dolio vini de Trefortio portato apud Sanctum Sinforianum<note> Ce
                                mot est raturé.</note>, ad hospitium dicte <lb/> domine, videlicet
                            pro dicto dolio olliando<note> Voir Godefroy, vol. 5, p. 665, <hi
                                    rend="italics">s. v.</hi> ouillier, " remplir de vin un tonneau
                                ".</note> : VI solidos viennensium </item>
                        <item><lb/> idem libravit, in portagio dicti vini de Vohisia et de Trefortio
                            apud Sanctum Simphorianum : XX solidos </item>
                        <item><lb/> idem libravit Roberto, buticulario, pro expensis boveriorum
                            adducentium undecim charratas vini de Trefortio <lb/> apud Sanctum
                            Triverium, per litteras dicti Roberti de recepta, quas reddit : L
                            solidos viennensium </item>
                        <item><lb/> idem libravit Petro de Monte Beliardo, pro operibus Pontis Vele,
                            per litteram domini de mandato quod traderentur ad <lb/> mandatum Petri,
                            clerici, et dictus Petrus jussit ipsas tradi dicto Petro de Monte
                            Beliardo, per litteras dicti Petri <lb/> de recepta, quas reddit : XXX
                            libras viennensium </item>
                        <item><lb/> idem libravit donno Iohanni Floridi, capellano domini, pro
                            stanno de Albigniaco<note> Aujourd’hui Arbigny, où se trouve <hi
                                    rend="italics">Le Grand Étang</hi>.</note> faciendo, per
                            litteras dicti domini Iohannis de recepta datas <lb/> die mercurii post
                                Pascha<note> Ou <hi rend="italics">post Pascham</hi>. La forme
                                féminine <hi rend="italics">Pascha, -e</hi>, voisine ici avec la
                                forme neutre <hi rend="italics">Pascha, -atis : in quindena
                                    Pasche</hi>, mais <hi rend="italics">in Paschate nuper
                                    preterito</hi>.</note>, anno nonagesimo quarto, quas reddit, et
                            allocantur de mandato domini : XXX libras viennensium </item>
                        <item> idem libravit, ad expensas Durandi de Fago et eius socii per viginti
                                <del rend="underlined_dotted">duos</del> dies, faciendo extentam
                            Sancti <lb/> Triverii, per litteras dicti Durandi de recepta : VI libras
                            viennensium </item>
                        <item><lb/> idem libravit, in pargameno pro dictis extentis et aliis
                            faciendis, per easdem litteras : XXIIII solidos viennensium </item>
                        <item><lb/> idem libravit, in transcripto dicte extente faciendo, quod penes
                            ipsum remanet : XXV solidos viennensium </item>
                        <item><lb/> idem libravit Berardo Vigerii, cui debentur per annum de feudo
                            sibi facto super tallias Sancti Triverii, per litteram <lb/> de recepta
                            quam reddit : XLV solidos viennensium </item>
                        <item><lb/> idem libravit, in portagio unius fayssi pannorum, tele et
                            mantilium emptorum apud Chabillonem<note> Pour <hi rend="italics"
                                    >Cabillonem</hi>.</note> per Iacobus de Secusia, <lb/>
                            portatorum a Sancto Triverio apud Burgum per litteras domine, quas
                            reddit : XVI solidos viennensium </item>
                        <item><lb/> summa librate : VIII<hi rend="sup">XX</hi> XIII libre II solidi
                            viennensium — qui valent : CXV libras VIII solidos parisiensium </item>
                    </list></p>
            </div>
            <div xml:id="bilan">
                <p><list>
                        <item><lb/> summa expense, salarii et librate : VII<hi rend="sup">XX</hi> XI
                            libre XIII solidi IIII <supplied>denarii</supplied> parisiensium </item>
                        <item> et sic <lb/> debet : XII<hi rend="sup">XX</hi> XII libras XVII
                            solidos III obolos parisiensium <lb/> Memorandum quod idem castellanus
                            debet respondere de V meyteriis frumenti, VI meyteriis siliginis, III
                            meyteriis avene et XI solidis parisiensium <lb/> redditus per annum,
                            plus inventis per novam extentam, tam apud Sanctum Triverium quam apud
                            Bellum Videre, quam computavit anno preterito, <lb/> et de hiis debet
                            respondere de tempore quo fuit castellanus dicti loci. <lb/> Debent sibi
                            allocari XIII libre XI solidi III denarii viennensium pro taschia
                            molendini <del>Sancti</del> Belli Visus. Non allocantur, quia nundum est
                            perfectam. <lb/> Iniunctum est castellano quod non tradat alicui persone
                            aliquod de bonis domini, nisi per litteram domini patentem ; si
                            tradiderit, non <lb/> allocabitur. Qui allocaverit<note> Le mot est
                                raturé, parce qu’il avait d’abord été écrit <hi rend="italics"
                                    >allocab</hi>.</note>, ab officio domini expelletur.</item>
                    </list></p>
            </div>
        </body>
    </text>
</TEI>
