<?xml version="1.0" encoding="UTF-8"?>
<?xml-model href="http://www.tei-c.org/release/xml/tei/custom/schema/relaxng/tei_all.rng" type="application/xml" schematypens="http://relaxng.org/ns/structure/1.0"?><?xml-model href="http://www.tei-c.org/release/xml/tei/custom/schema/relaxng/tei_all.rng" type="application/xml"
	schematypens="http://purl.oclc.org/dsdl/schematron"?>
<TEI xmlns="http://www.tei-c.org/ns/1.0" xml:id="B9943_1">
   <teiHeader>
      <fileDesc>
         <titleStmt>
            <title>Jean Arthoud (<foreign>Iohannes Arthoudi</foreign>), châtelain, pour la
               châtellenie de Saint-Trivier-de-Courtes <date type="debut" from-iso="12990711"
                  cert="high"/><date type="fin" from-iso="13000422" cert="high"/></title>
            <respStmt>
               <persName><name xml:lang="fra">Jean Arthoud</name><name xml:lang="lat">Iohannes
                     Arthoudi</name></persName>
               <resp>Châtelain</resp>
            </respStmt>
         </titleStmt>
         <publicationStmt>
            <p>Frédéric Chartrain, avec la collaboration de Alain Kersuzan, Nils Mantilleri et Jean-Michel Poisson, 
               <title>Compte de Jean Arthoud (<hi rend="italics">Iohannes Arthoudi</hi>), châtelain,
                  pour la châtellenie de Saint-Trivier-de-Courtes, du 11 juillet 1299 au 22 avril 1300</title>,
               Lyon - Chambéry, 2013 (<title>Documents comptables des Etats de Savoie, XIIIe - XVe s.</title>)</p>                        
         </publicationStmt>
         <seriesStmt>
            <title>Saint-Trivier-de-Courtes</title>                
         </seriesStmt>
         <sourceDesc>
            <p>Information about the source</p>
         </sourceDesc>
      </fileDesc>
   </teiHeader>
   <text>
      <body>
         <milestone n="2" unit="vue"/>
         <pb n="1"/>
         <div type="subaccount">
            <div xml:id="prologue">
               <p><lb/> Computus domini <supplied reason="support endommagé">[Iohannis
                        Arthoudi]<note> Nous indiquerons ici entre crochets le texte restitué
                        d’après les comptes précédents.</note></supplied>, militis, castellani
                  Sancti Triverii <supplied reason="support endommagé">[de Coultis]</supplied> a die
                     dominica<note> Cette donnée paraît erronée, car la fête et le quantième
                     indiqués correspondent à un samedi. En 1298, ce 11 juillet où l’Église de Lyon
                     fêtait la translation de saint Benoît tomba un vendredi, et un lundi en
                     1300.</note> in Translatione <lb/> beati Benedicti, que est undecima die iulii,
                  anno nonogesimo<note> Pour <hi rend="italics">nonagesimo</hi>.</note> nono,
                     <supplied reason="support endommagé">usque</supplied> ad festum <supplied
                     reason="support endommagé"> […]</supplied>, que est vicesima secunda dies
                  mensis <lb/> aprilis<note> À cette date, l’Église de Lyon fêtait saint Épipode,
                     martyr lyonnais.</note>, anno Domini M<hi rend="sup">o</hi> CCC<hi rend="sup"
                     >o</hi>, videlicet de quadraginta una <supplied reason="support endommagé"
                     >septimanis</supplied> quatuor diebus<note> Ici également, il y a une légère
                     incohérence, car les dates indiquées comprennent une période de quarante-et-une
                     semaines moins un jour.</note>, factus apud Voyronem<note> Aujourd’hui Voiron
                     (Isère).</note>, presente domino comite, <lb/> receptus per domnum Iohannem
                  Floridi </p>
            </div>
            <div xml:id="recepte">
               <div xml:id="frumentum">
                  <head>frumentum </head>
                  <p><lb/> idem reddit computum <list>
                        <item> de X meyteriis frumenti receptis de firma decime Sancti Triverii hoc
                           anno <supplied reason="support endommagé">[in frumento]</supplied></item>
                        <item><supplied reason="support endommagé">[de III meyteriis et dimidio
                              receptis]</supplied><lb/> de me¬dietate firme molendini de stagno <del
                              rend="overstrike">hoc anno</del> in frumento finiende in festo
                              <supplied reason="support endommagé">[beati Andree, anno trecentesimo,
                              et tunc debentur]</supplied><lb/> tantumdem </item>
                        <item> de <supplied reason="support endommagé">[II meiteriis et dimidio
                              receptis]</supplied> de Stephano <foreign>La Quilli</foreign> pro
                           medietate firme molendini de <del rend="overstrike">[<foreign>Silvig
                                 Vya</foreign>]</del> Selvignia<note> Aujourd’hui Servignat.</note>
                           finite <lb/> in Carniprivio novo, anno nonogesimo nono<note> Le mardi 23
                              février 1300 (nouveau style).</note> — de alia medietate respondit
                           dominus Stephanus de <supplied reason="support endommagé"
                                 ><foreign>Fran[che]lens</foreign><note> Aujourd’hui
                                 Francheleins.</note></supplied>, castellanus ante ipsum
                           <lb/></item>
                        <item> de exitu decime cellerarii et decime <foreign>della
                              Chaneia</foreign><note> Écrit <hi rend="italics">dellachaneia</hi>.
                              Aujourd’hui <hi rend="italics">Chanée</hi>, c<hi rend="sup">ne</hi> de
                              Courtes.</note> nichil hoc anno in frumento </item>
                        <item> de VI<hi rend="sup">XX</hi><del rend="overstrike"
                              >meyteriis</del><supplied reason="support endommagé">[VIII]
                              meyteriis</supplied> IIII cupis <lb/> receptis in castellania Sancti
                           Triverii de redditu et lunatione per annum </item>
                        <item> de III cupis receptis de Perreto <foreign>Tytiaut</foreign><note> Le
                              patronyme de ce personnage varie considérablement au fil des comptes
                              et, ici, le délavement du texte rend la lecture encore plus
                              incertaine.</note> pro eodem et non est in <lb/> extenta </item>
                        <item> de coponagio, leyda, chacipolleria respondebit inferius in
                           firmis</item>
                     </list></p>
                  <p><lb/> summa : VII<hi rend="sup">XX</hi> V meyterios<note> Pour l’emploi ici de
                        l’accusatif, voir plus loin la recette de foin, où ce cas est écrit en
                        toutes lettres.</note> I cupam frumenti <lb/><list>
                        <item> idem libravit ad expensas domini comitis <del rend="overstrike">et
                              domine comitisse</del> existentis apud Pontem Vallium, per litteram
                           domini comitis datam die <supplied reason="support détruit">sabbati [ante
                              festum beati]</supplied><lb/><supplied reason="support endommagé"
                              >[Anthonii]</supplied>, anno nonogesimo nono, quam reddit : XVIII
                           meyterios fru¬menti <lb/></item>
                        <item> summa librate : XVIII meyterios frumenti </item>
                        <item> et sic debet : VI<hi rend="sup">XX</hi> VII meyterios I cupam
                           frumenti</item>
                     </list></p>
               </div>
               <div xml:id="siligo">
                  <head>siligo </head>
                  <p><lb/> idem reddit computum <list>
                        <item> de <supplied reason="support endommagé"
                                 ><unclear>XXXVIII</unclear><note> Cette recette variant d’un compte
                                 à l’autre, la consultation des comptes précédents est sans
                                 effet.</note> meyteriis siliginis receptis de firma decime Sancti
                              Triverii in siligine</supplied> hoc anno, excepta <supplied
                              reason="support détruit">[decima mi¬nutorum]</supplied><lb/> bladorum
                           quam percipit hospitale Sancti Triverii </item>
                        <item> de L meyteriis receptis de exitu taschiarum mansi Rafinorum hoc
                           anno</item>
                        <item><supplied reason="support détruit">[de … …]</supplied><lb/> receptis
                           de medietate firme <del rend="overstrike">stag</del> molendini de stagno
                           finiende in festo beati Andree, anno CCC<hi rend="sup">o</hi>, et tunc
                           debentur <supplied reason="support endommagé">tantumdem</supplied></item>
                        <item><supplied reason="support endommagé">[de X…]</supplied><lb/> meyteriis
                           dimidio receptis de medietate firme molendini de Silvigniaco finite in
                           Carnipri¬vio, anno nonogesimo nono </item>
                        <item> de I <supplied reason="support endommagé">[cupa recepta de
                                    exitu<note><hi rend="italics"
                           >exi<lb/>tu</hi></note>]</supplied><lb/> decime cellerarii hoc anno </item>
                        <item> de I cupa recepta de decima prepositi <foreign>della
                              Chaneya</foreign> hoc anno </item>
                        <item> de <supplied reason="support endommagé">[IIII<hi rend="sup">XX</hi>
                              XVI meyteriis]</supplied><lb/> receptis in dicta castellania de
                           redditu prepo¬situra et gaytia per annum </item>
                     </list></p>
                  <p><lb/> summa : VII<hi rend="sup">XX</hi> IX meyterios V cupas siliginis </p>
               </div>
               <div xml:id="avena">
                  <head>avena </head>
                  <p><lb/> idem reddit computum <list>
                        <item> de XXX meyteriis avene receptis de <supplied reason="support détruit"
                              >[firm]a</supplied> decime Sancti Triverii hoc anno, et <supplied
                              reason="support détruit">res[pondet minus]</supplied><lb/> viginti
                           meyteriis propter pravas messes, et hoc idem in <supplied
                              reason="support endommagé">[siligine]</supplied><note> Dans l’exercice
                              précédent, cette ferme avait rapporté cinquante métiers de seigle et
                              cinquante d’avoine.</note></item>
                        <item> de I meyterio re-cepto de taschiis mansi <supplied
                              reason="support détruit">Rafi[norum hoc anno]</supplied></item>
                        <item><supplied reason="support détruit">[de]</supplied><lb/> firma
                           taschiarum prepositi et cellarii nichil hoc anno</item>
                        <item><supplied reason="support détruit">[de XXVI meyteriis ]</supplied> V
                           cupis receptis in dicta <supplied reason="support détruit">[castellania
                              de redditu et prepositura per annum]</supplied><lb/></item>
                        <item> de III cupis receptis de Peroneto <foreign>Tyaut</foreign> de redditu
                              <supplied reason="support détruit">[per annum]</supplied></item>
                        <item> de XIIII meyteriis III cupis dimidia receptis apud <supplied
                              reason="support détruit">[Curciacum<note> Aujourd’hui
                                 Curciat-Dongalon.</note> pro parte]</supplied><lb/> domini de
                           redditu per annum </item>
                        <item> de VI<hi rend="sup">XX</hi> VIII <supplied reason="support détruit"
                              >[meyteriis II]</supplied> cupis receptis in dicta castellania de
                           lunatione per annum </item>
                        <item> de <supplied reason="support détruit">[… … …]</supplied><lb/>
                           receptis de exitu stagni de <supplied reason="support endommagé">Frauxino
                              per manum Iohannis [… …]</supplied> hoc anno </item>
                        <item> de IX meyteriis receptis de forestagio <supplied
                              reason="support détruit"
                                 ><foreign>d’Ar</foreign>[<foreign>vey</foreign>,<foreign> </foreign>de]</supplied><lb/>
                           nemore mortuo dato Laurentio<note>On lit ici <hi rend="italics"
                                 >Laurentio</hi>, <hi rend="italics">hospitii</hi>, <hi
                                 rend="italics">precio</hi>, <hi rend="italics">maliciose</hi>, <hi
                                 rend="italics">palicio</hi>, <hi rend="italics">palicium</hi>, <hi
                                 rend="italics">tocius</hi>, <hi rend="italics">inundaciones</hi>,
                                 <hi rend="italics">extrahencium</hi>, <hi rend="italics"
                                 >iuvancium</hi>, <hi rend="italics">operancium</hi>, <hi
                                 rend="italics">ordinacionem</hi>, <hi rend="italics"
                                 >apportancium</hi>, <hi rend="italics">charreancium</hi>, <hi
                                 rend="italics">convencionem</hi>, <hi rend="italics"
                              >serviciis</hi>, <hi rend="italics">tercia</hi>, <hi rend="italics"
                                 >negotiis</hi>, <hi rend="italics">custodiencium</hi>, <hi
                                 rend="italics">aducencium</hi>, que l’on transcrit – selon la
                              convention d’édition prescrivant l’usage général de la graphie
                              classique – <hi rend="italics">Laurentio</hi>, <hi rend="italics"
                                 >hospi¬tii</hi>, <hi rend="italics">pretio</hi>, <hi rend="italics"
                                 >malitiose</hi>, <hi rend="italics">palitio</hi>, <hi
                                 rend="italics">palitium</hi>, <hi rend="italics">totius</hi>, <hi
                                 rend="italics">inundationes</hi>, <hi rend="italics"
                                 >extrahentium</hi>, <hi rend="italics">iuvantium</hi>, <hi
                                 rend="italics">operantium</hi>, <hi rend="italics"
                                 >ordinationem</hi>, <hi rend="italics">apportan¬tium</hi>, <hi
                                 rend="italics">charreantium</hi>, <hi rend="italics"
                                 >conventionem</hi>, <hi rend="italics">servitiis</hi>, <hi
                                 rend="italics">tertia</hi>, <hi rend="italics">negotiis</hi>, <hi
                                 rend="italics">custodientium</hi>, <hi rend="italics"
                                 >aducentium</hi>.</note> et participibus suis usque ad festum beati
                           Iohannis Bapthiste<note> Pour <hi rend="italics">Baptiste</hi>.</note>,
                           anno CCC<hi rend="sup">o</hi></item>
                     </list></p>
                  <p><lb/> summa : II<hi rend="sup">C</hi> XX meyterios I cupam dimidiam avene <list>
                        <item> de quibus <lb/> idem libravit ad expensas trium palafredorum <del
                              rend="overstrike">domini</del> domini comitis et unius roncini qui
                           fuerunt apud Sanctum Triverium per novem dies : VI meyterios <lb/> avene </item>
                        <item> idem libravit ad expensas hospitii domini comitis <del
                              rend="overstrike">[Je]</del> Gebennensis et pro expensis hospitii
                           domini nostri comitis Sabaudie die martis in Purificatione <lb/> beate
                           Marie virginis, per litteram domini Hugonis de Ruppecula datam dicta die
                           martis, anno nonoge¬simo<note> Lire <hi rend="italics">nonogesimo nono
                              </hi>: le mardi 2 février 1300 (nouveau style). En 1290 (1291 nouveau
                              style), la fête de la Purification fut un vendredi.</note>, quam
                           reddit : XII meyteriis avene <lb/></item>
                        <item> summa librate : XVIII meyterios avene </item>
                        <item> et sic <lb/> debet : II<hi rend="sup">C</hi> II meyterios I cupam
                           dimidiam avene<note> Une rédaction antérieure a été effacée, laissant un
                              espace blanc.</note></item>
                     </list></p>
               </div>
               <div xml:id="milium">
                  <head>milium </head>
                  <p><lb/><list>
                        <item> de milio nichil hoc anno </item>
                     </list></p>
               </div>
               <div xml:id="panes">
                  <head>panes </head>
                  <p><lb/> idem reddit computum <list>
                        <item> de XXVI panibus receptis in dicta castellania de redditu per annum —
                           venduntur ut infra</item>
                     </list></p>
               </div>
               <div xml:id="galline">
                  <head>galline </head>
                  <p><lb/> idem reddit computum <list>
                        <item> de III<hi rend="sup">C</hi> gallinis receptis in dicta castellania de
                           redditu et consuetudine <del rend="underlined_dotted">de redditu</del>
                           per annum — venduntur ut infra</item>
                     </list></p>
               </div>
               <div xml:id="fenum">
                  <head>fenum </head>
                  <p><lb/> idem reddit computum <list>
                        <item> de VIII charratis feni receptis de exitu pratorum mansi Rafino¬rum et
                           virgulti domini hoc anno</item>
                     </list></p>
                  <p><lb/> summa : VIII charratas feni <list>
                        <item> de quibus <lb/> idem libravit in expensis trium balafredorum<note>
                              Pour <hi rend="italics">palafredorum</hi>.</note> et unius roncini
                           domini pro novem diebus, ut supra in avena, et pro quater viginti duobus
                           equis, <lb/> tam domini comitis Gebennensis quam familie domini, ut supra
                           in avena : I charatam<note> Pour <hi rend="italics"
                              >charratam</hi>.</note> et dimidiam feni </item>
                        <item> in terranda camera domini <lb/> et aula supra trabaturam : I
                           charratam et dimidiam <lb/></item>
                        <item> summa : III charratas feni </item>
                        <item> et restant : V charrate feni</item>
                     </list></p>
               </div>
               <div xml:id="trosse_feni">
                  <head>trosse feni </head>
                  <p><lb/> idem reddit computum <list>
                        <item> de LXXII trossis feni receptis in dicta castellania de redditu per
                           annum — venduntur ut infra</item>
                     </list></p>
               </div>
               <div xml:id="cera">
                  <head>cera </head>
                  <p><lb/> idem reddit computum <list>
                        <item> de LXXIII libris <del rend="overstrike">vien</del> cere receptis in
                           dicta castellania de gardis et recognitionibus per annum, ut in computo
                           precedenti <lb/></item>
                        <item> de VII libris receptis de Aymone <foreign>Guietat</foreign> et Aymone
                              <foreign>del Flac</foreign>, Andreto <foreign>del Flac</foreign>,
                           Pasqualino, Iohanne <foreign>Guyetat</foreign> et Petro
                              <foreign>Gayet</foreign>,
                              <unclear><foreign>hoar</foreign></unclear><note> Il semble difficile
                              de lire <hi rend="italics">hominibus</hi>.</note><lb/> Perrini
                              <foreign>de Meysia</foreign>, de nova comanda, quamdiu placuerit
                           do¬mino comiti et dicto Perrino vel alteri ipsorum </item>
                     </list></p>
                  <p><lb/> summa recepte : IIII<hi rend="sup">XX</hi> libras cere de quibus
                     deducuntur, que recuperari non <lb/> possunt, <list>
                        <item> de Hugone de <foreign>Valordel</foreign>, defuncto sine herede : I
                           libra cere </item>
                        <item> de Petro <foreign>Seschanz</foreign>, defuncto : III libre, ut in
                           extractu <lb/> extente </item>
                        <item> de Guidone de Bosco <del rend="overstrike">qui r</del> et de
                           Guillermeto de Crosa, qui fugerunt propter pau¬pertatem : III libre cere </item>
                        <item> de <lb/> fratre Morelli de Fransinia, defuncto sine herede : II libre
                           cere <lb/></item>
                        <item> summa deducti : IX libras cere </item>
                        <item> et restant : LXXI libre cere</item>
                     </list></p>
               </div>
               <div xml:id="ferreria">
                  <head>ferreria </head>
                  <p><lb/><list>
                        <item> de ferreria nichil hoc anno</item>
                     </list></p>
               </div>
               <div xml:id="obolus_auri">
                  <head>obolus auri </head>
                  <p><lb/> idem reddit computum <list>
                        <item> de I obolo auri recepto de Stheveniono<note> Pour <hi rend="italics"
                                 >Stephaniono </hi>?</note><foreign>Guillot</foreign> de garda per
                           annum — venditur ut infra</item>
                     </list></p>
               </div>
               <div xml:id="vinum">
                  <head>vinum </head>
                  <p><lb/> idem reddit computum <list>
                        <item> de III assinatis<note> Pour <hi rend="italics">asinatis.</hi></note>
                           vini receptis de exitu trelliarum virgulti domini hoc anno</item>
                     </list></p>
                  <p><lb/> summa : III assinatas vini — venduntur ut infra </p>
               </div>
               <div xml:id="denarii_census">
                  <head>denarii census </head>
                  <p><lb/> idem reddit computum <list>
                        <item> de XXV libris IX solidis parisiensium receptis in dicta castella¬nia
                           de redditu per annum, ut in computo precedenti </item>
                        <item> de VI denariis receptis <lb/> de Iohanne Anglico pro eodem</item>
                     </list></p>
                  <p><lb/>summa : XXV libras IX solidos VI denarios parisiensium — quere in
                        introgiis<note> Ces trois mots ajoutés sont d’une autre main.</note></p>
               </div>
               <div xml:id="recognitiones_et_garde">
                  <head>recognitiones et garde<note><hi rend="italics">recognitiones <lb/> et
                           garde</hi></note></head>
                  <p><lb/> idem reddit computum <list>
                        <item> de XVI libris VIII solidis VI denariis receptis de gardis et
                           reco¬gnitionibus <del rend="overstrike">per […]</del> hoc anno</item>
                     </list></p>
                  <p><lb/> summa : XVI libras VIII solidos VI denarios parisiensium </p>
               </div>
               <div xml:id="tallie">
                  <head>tallie </head>
                  <p><lb/> idem reddit computum <list>
                        <item> de XL libris parisiensium receptis in dicta castellania de homi¬nibus
                           talliabilibus domini ad misericordiam, et levantur in uno <lb/> anno
                           duobus terminis, videlicet in Carniprivio et in festo beati
                           Bartholomei</item>
                     </list></p>
                  <p><lb/> summa : XL libras parisiensium <add place="leftMargin"><list>
                           <item> memorandum de rebus aquisitis<note> Pour <hi rend="italics"
                                    >adquisitis</hi>.</note> de domino Stephano <foreign>Lo
                                 Budro</foreign>, que valere debent per annum : LXXVI solidos
                              viennensium</item>
                        </list></add></p>
               </div>
               <div xml:id="firme">
                  <head>firme </head>
                  <p><lb/> idem reddit computum <list>
                        <item> de XXXVI solidis VIII denariis parisiensium receptis de me¬dietate
                           firme furni finiende in festo beati Iohannis Bapthiste, anno CCC<hi
                              rend="sup">o</hi>, et <lb/> tunc deben¬tur tantumdem </item>
                        <item> de XVI libris XIII solidis IIII denariis receptis de Iohanne Anglico
                           de firma leyde et coponagii Sancti Triverii finita in festo <lb/> beate
                           Agathes, anno nonogesimo nono<note> Le vendredi 5 février 1300 (nouveau
                              style).</note> – de residuo computavit dominus Stephanus <foreign>de
                              Franchelens</foreign>, castellanus ante ipsum – et est adcensata eidem
                           Iohanni <lb/> quadraginta sex libris tresdecim solidis quatuor denariis
                           parisiensium, de quibus responderi debet in computo subsequenti </item>
                        <item> de XVIII libris <lb/> XIII solidis IIII denariis receptis de firma
                           chacipollerie Sancti Triverii finita in Paschate <del rend="overstrike"
                              >anno C</del> quo incipit annus tricentesimus<note> Le dimanche 10
                              avril 1300 (nouveau style).</note></item>
                        <item> de IIII libris <lb/> receptis de firma blaerie Sancti Triverii finita
                           in festo beati Bartholomei, anno nonogesimo nono </item>
                        <item> de VI libris <del rend="overstrike">re¬ceptis</del> XIII solidis IIII
                           denariis receptis de medietate <lb/> firme blaerie et
                              chaccipolle¬rie<note> Pour <hi rend="italics"
                              >chacipolerie</hi>.</note> de <foreign>Cormo</foreign><note>
                              Aujourd’hui Cormoz.</note> finiende &lt;in festo&gt; beati Iohannis
                           Bapthiste, anno CCC<hi rend="sup">o</hi>, et tunc debebuntur tantumdem </item>
                        <item> de VI libris XIII solidis IIII denariis <lb/> receptis de medietate
                           firme blaerie et chacipollerie de <foreign>Bussiroles</foreign><note>
                              Aujourd’hui <hi rend="italics">Buisserolle</hi>, c<hi rend="sup"
                                 >ne</hi> de Varenne-Saint-Sauveur (Saône-et-Loire).</note> et de
                              <foreign>Tagiset</foreign><note> Aujourd’hui <hi rend="italics"
                                 >Tagiset</hi>, c<hi rend="sup">ne</hi> de Sainte-Croix
                              (Saône-et-Loire).</note> finiende in festo beati Iohannis Bapthiste,
                           anno CCC<hi rend="sup">o</hi>, et tunc debentur <lb/> tantumdem </item>
                        <item> de XXX solidis receptis de firma blaerie de Cur¬ciaco pro parte
                           domini finita in festo beati Bartholomei, anno nonogesimo nono
                           <lb/></item>
                        <item> de paysonagio nemorum <foreign>d’Arvey</foreign> et de
                              <foreign>Chamandrey</foreign><note> Au-jourd’hui <hi rend="italics"
                                 >Chamandray</hi>, c<hi rend="sup">ne</hi> de Cormoz, ou <hi
                                 rend="italics">Le Bois de Chamandre</hi>, c<hi rend="sup">ne</hi>
                              de Foissiat.</note>, nichil hoc anno quia non fuit glans ibi </item>
                        <item> de forestagio nemorum <lb/> predictorum et de nemore mortuo nichil
                           hoc anno, quia nichil leva¬tum est vel venditum </item>
                        <item> de teysis<note> Dans la marge gauche, on a ajouté la rubrique <hi
                                 rend="italics">teysie</hi>.</note> domorum non computat [vue 3 =
                           peau 2] quia levantur in obtabis Penthecostes<note> Pour <hi
                                 rend="italics">in octavis Pentecostes</hi>.</note></item>
                     </list></p>
                  <p><lb/> summa : LVI libras parisiensium </p>
               </div>
               <div xml:id="laudes_et_vende">
                  <head>laudes et vende </head>
                  <p><lb/> idem reddit computum <list>
                        <item> de II solidis parisiensium receptis de Philiberto et Jaqueto
                              <foreign>de Tageset</foreign> pro curtili et campo de virgulto diviso
                           inter ipsos <lb/></item>
                        <item> de IX solidis receptis de Aymone Valerii pro rebus emptis de
                           Guillermo <foreign>Colles Neytes</foreign> pretio sexaginta solidorum </item>
                        <item> de II solidis receptis de Perraudo <lb/><foreign>Juglarat</foreign>
                           pro terra empta de Iohanne <foreign>Minot</foreign> pretio tres¬decim
                           solidorum quatuor denariorum </item>
                        <item> de V solidis receptis de Perrine et Berardo <supplied
                              reason="encre délavée">de D[…]s</supplied><lb/> pro rebus emptis de
                           Stephano <foreign>Tamiserat</foreign> pretio triginta duorum solidorum
                           quatuor denariorum </item>
                        <item> de XVIII denariis receptis de Marieta, relicta Iohannis
                              <lb/><foreign>Audobert</foreign>, pro prato empto de Stephano
                              <foreign>Odobert</foreign> et eius uxore <del rend="overstrike">pro
                              terra empta de</del> pretio decem solidorum octo denariorum </item>
                        <item> de IIII solidis VI denariis receptis <lb/> de magis¬tro Guidone
                              <foreign>de Cimandres</foreign><note> Aujourd’hui <hi rend="italics"
                                 >Simandre</hi>, c<hi rend="sup">ne</hi> de
                           Mantenay-Montlin.</note>, clerico, pro prato empto apud
                              <foreign>Terrentillef</foreign> de Iohanne <foreign>Minot</foreign> et
                           preposito de Foysia<note> Aujourd’hui Foissiat.</note> pretio triginta
                           solidorum <lb/></item>
                        <item> de LX solidis receptis de Girardo <foreign>Dolin</foreign> pro
                           medie¬tate domus empte de Iohanne <foreign>Berlot</foreign> pretio
                           viginti librarum parisiensium </item>
                        <item> de IIII libris re¬ceptis de Stephano <lb/><foreign>La
                              Quilli</foreign><note> Écrit <hi rend="italics">laquilli</hi>.</note>
                           pro domo empta a Perraudo <foreign>Dolin</foreign> pretio qua¬tuor
                           librarum parisiensium</item>
                     </list></p>
                  <p><lb/> summa : VIII libras IIII solidos parisiensium </p>
               </div>
               <div xml:id="introgia">
                  <head>introgia </head>
                  <p><lb/> idem reddit computum <list>
                        <item> de XL solidis parisiensium receptis de Girardo Reynaudi pro introgiis
                           quarumdam broeriarum<note> La <hi rend="italics">broeria</hi> – pour <hi
                                 rend="italics">brugaria</hi> – est étymologiquement une friche où
                              pousse la bruyère. Le toponyme <hi rend="italics">Les Broyères</hi>
                              est fréquent en Bresse.</note> et prati de manso Rafinorum sibi
                           albergati ad <lb/> octo soli¬dos parisiensium annui<note> Il manque un
                              jambage.</note> redditus, de quibus respondebit in computo subsequenti </item>
                        <item> de VI solidis VIII denariis receptis de eodem pro quadam alia broeria
                           de dicto <lb/> manso sibi albergata ad tres solidos parisiensium
                           redditus, de quibus respondebit in computo subse-quenti – et sciendum
                           quod cuidam de Grandi Valle<note> Aujourd’hui <hi rend="italics"
                                 >Grandval</hi>, c<hi rend="sup">ne</hi> de
                              Saint-Trivier-de-Courtes. Le support étant endommagé, la lecture de la
                              dernière syllable reste incertaine.</note> adservisata<note><hi
                                 rend="italics">adservi<lb/>sata</hi>. Voir ASSERVISARE, " … sub
                              annuo servitio seu præstatione concedere, nostris olim <hi
                                 rend="italics">Aservi¬ser</hi>. "</note><lb/> est media pecia terre
                           de manso Raffinorum sine introgiis pro decem octo denariis parisiensium,
                           de quibus respon¬debit in computo subsequenti </item>
                        <item> item <lb/> Iohanni Gay asservisatum est modicum terre, pro qua terra
                           et pro prati suo quod cepit de domino debet dare domino duodecim denarios
                           parisiensium <add place="interlinear">redditus</add>, de quibus in
                           subsequentibus computabit</item>
                     </list></p>
                  <p><lb/> summa : XLVI solidos VIII denarios parisiensium </p>
               </div>
               <div xml:id="banna">
                  <head>banna </head>
                  <p><lb/> idem reddit computum <list>
                        <item> de XX solidis parisiensium receptis de Hugone Columbi pro eo quod
                           verberaverat Iohannetam de Verna de uno baculo </item>
                        <item> de XIII solidis IIII denariis <lb/> receptis de Bartholomeo
                              <foreign>della Chardoneria</foreign><note> Écrit <hi rend="italics"
                                 >dellachardoneria</hi>.</note> pro eo quod malitiose sequtus<note>
                              Pour <hi rend="italics">secutus</hi>.</note> fuerat Guiller¬mum
                              <foreign>Gouter</foreign> volendo eum percutere </item>
                        <item> de XIII solidis IIII denariis de Perroudo de Frayno <lb/> pro eo quod
                           fecerat sanguinem filio Perroni <foreign>de Cimandres</foreign>, ut
                           dicebatur </item>
                        <item> de VI solidis VIII denariis receptis de Hugone
                              <foreign>Rancot</foreign> pro eo quod ceperat tres palos <lb/> de
                           palitio domini </item>
                        <item> de XIII solidis IIII denariis receptis de Girardo
                              <foreign>Morestel</foreign> pro eo quod filius suus verbera¬verat
                           Guillermum <foreign>Coylloy</foreign></item>
                        <item> de XIII solidis IIII denariis receptis <lb/> de dicto
                              <foreign>Pola¬dru</foreign> pro eo quod adcussabatur<note> Pour <hi
                                 rend="italics">accusabatur</hi>.</note> fregisse unam archam et
                              extrauxise<note> Pour <hi rend="italics">extraxisse</hi>.</note> unam
                           arborem entatam que erat fratri suo </item>
                        <item> de XXVI solidis VIII denariis <lb/> receptis de Galterio
                              <foreign>Bossonet</foreign> pro eo quod fece¬rat sanguinem fratri suo </item>
                        <item> de XX solidis receptis de Laurentio <foreign>de
                              Vitria</foreign><note> Aujourd’hui <hi rend="italics">Vitriat</hi>,
                                 c<hi rend="sup">ne</hi> de Curciat-Dongalon.</note> pro eo quod
                           cepe¬rat de nemore
                           <foreign>d’Arvey</foreign><unclear>seys[eo]</unclear><lb/></item>
                        <item> de XIII solidis IIII denariis receptis de dicta <foreign>La
                              Iuglaressa</foreign><note> Écrit <hi rend="italics"
                              >laiuglaressa</hi>.</note> quia adcusabatur furtim cepisse duos caseos </item>
                        <item> de XXX solidis receptis de Stephano de Bosco quia <lb/><del
                              rend="overstrike">pro eo quia</del> in parte obcupaverat<note> Pour
                                 <hi rend="italics">occupaverat</hi>.</note> quoddam iter publi¬cum
                           et filio Iohannis <foreign>Bigot</foreign> fecerat sanguinem, ut
                           dicebatur </item>
                        <item> de XX solidis receptis de Guioneto <lb/><foreign>de Laviat</foreign>
                           pro <add place="interlinear">eo</add> quia abstulerat cuidam duos
                           barrallos et pro penis sibi impositis </item>
                        <item> de VI solidis VIII denariis receptis de Perraudo
                              <foreign>Dolin</foreign> pro eo quia <lb/> ceperat in foro duos
                           libratorios auctoritate propria </item>
                        <item> de XX solidis receptis de Iohanne, filio <foreign>alla
                              Masueri</foreign>, pro eo quod adcusabatur furtim cepisse unum <lb/>
                           capucium apud Sanctum Amorem<note> Aujourd’hui Saint-Amour
                           (Jura).</note></item>
                        <item> de XVI solidis VIII denariis receptis de Aymoneto
                              <foreign>Malveyrat</foreign> pro eo quod rumperat fossatum Stephani
                           Postelat </item>
                        <item><sic>de</sic><lb/></item>
                        <item> de XXX solidis receptis de Io¬hanne <foreign>Delonor</foreign> pro
                           banno adulterii </item>
                        <item> de XIII solidis IIII denariis receptis de dicto
                              <foreign>Quillat</foreign> quia ceperat unum bancum <lb/> in domo
                           prepositi <foreign>delles Moures</foreign> et eum percusserat, ut
                           dicebat, de uno baculo </item>
                        <item> de LXVI solidis VIII denariis receptis de Guillermo
                              <foreign>Masuer</foreign> de Cornillio <lb/> quia adcusabatur male
                           cepisse unum carrellum <foreign>de acier</foreign> et unum cutellum in
                           foro Sancti Triverii </item>
                        <item> de XVI solidis VIII denariis receptis de Perraudo
                              <lb/><foreign>Escouter</foreign> quia obcupaverat quoddam iter
                           privatum </item>
                        <item> de XIII solidis IIII denariis receptis de filio
                              <foreign>Bernout</foreign> pro banno adulterii </item>
                        <item> de X solidis receptis de <lb/> Guichardo <foreign>de
                              Rugon</foreign><note> Peut-être <hi rend="italics">Ronjon</hi>, c<hi
                                 rend="sup">ne</hi> de Cormoz, comme plus loin <hi rend="italics"
                                 >Rugoy</hi> et <hi rend="italics">Rougoy</hi>.</note> quia fecerat
                           sepem suam in itinere </item>
                        <item> de XL solidis receptis de Guillermo
                              <foreign>Lopiot</foreign>,<foreign> del Mont</foreign>, quia
                           adcusabatur male cepisse <lb/> unam peciam de
                              <foreign>tacon</foreign><note> Peut-être <hi rend="italics"
                              >tacon</hi>, " pièce de cuir ou de tissu ", et par extension "
                              parcelle de terrain ", régionalisme francoproven¬çal.</note></item>
                        <item> de XXX solidis receptis de <foreign>Peronon </foreign>de
                              Grueria<note> Aujourd’hui <hi rend="italics">La Gruyère</hi>, c<hi
                                 rend="sup">ne</hi> de Cormoz.</note> quia verberaverat dictum
                              <foreign>Lo Bertat de Rugoy</foreign></item>
                        <item> de XVI solidis <lb/> VIII denariis receptis de Hugone, carpentario de
                              <foreign>Rougoy</foreign>, quia auctoritate sua pignoraverat liberos
                           Hugonis Visis de una <foreign>faucilli</foreign></item>
                        <item> de X solidis <lb/> receptis de Guillermo, filio Guioneti dicti
                              <foreign>Boyllat</foreign>, quia rixaverat cum filio dicti
                              <foreign>Fater</foreign></item>
                        <item> de XIII solidis IIII denariis receptis de Peroneto dicto
                              <foreign>Revener</foreign><lb/> quia spoliaverat quemdam hominem de
                           quadam pecia terre </item>
                        <item> de X solidis receptis de Ruffo de Bossco<note> Pour <hi
                                 rend="italics">Bosco</hi>.</note> quia fregerat seysinam </item>
                        <item> de XVI solidis <lb/> VIII denariis <sic>receptis receptis</sic> de
                           Hugone Co¬lumbi pro frac¬tura seysine et sibi appropriaverat quoddam
                           commune </item>
                        <item> de XXX solidis receptis de fratre Victorii <lb/><foreign>de
                              Cormout</foreign><note> Pour Cormoz. La forme <hi rend="italics"
                                 >Cormouz</hi> est attestée par Édouard Philipon.</note> quia
                           cognoverat carnaliter uxorem consanguinei sui </item>
                        <item> de VIII libris receptis de Iohanne, munerio, quia graviter
                           vulneraverat <lb/> in capite Phili¬bertum <foreign>Trochat</foreign>,
                           hominem talliabilem domini comitis </item>
                        <item> de XIII solidis IIII denariis receptis de Iohanne
                              <foreign>Boler</foreign>, de Colongia, quia fecerat <lb/> palitium
                           suum super iter</item>
                     </list></p>
                  <p><lb/> summa : XXX II libras XI solidos, deductis sexaginta duodecim solidis pro
                     parte castel-lani capientis duos solidos in <lb/> libra bannorum </p>
               </div>
               <div xml:id="clame">
                  <head>clame </head>
                  <p><lb/> idem reddit computum <list>
                        <item> de XXX solidis receptis de minutis clamis obvenientibus in dicta
                           castellania per dictum tempus </item>
                     </list></p>
                  <p><lb/> summa : XXX solidos parisiensium </p>
               </div>
               <div xml:id="herba">
                  <head>herba </head>
                  <p><lb/> idem reddit computum <list>
                        <item> de L solidis parisiensium receptis de exitu herbarum de
                              comu¬nitatibus<note> Pour <hi rend="italics"
                              >communitatibus</hi>.</note> de <foreign>Buxiroles</foreign><note>
                              Aujourd’hui <hi rend="italics">Buisserolle</hi>, c<hi rend="sup"
                                 >ne</hi> de Varenne-Saint-Sauveur (Saône-et-Loire).</note> et
                           aliarum rerum ibidem pro medietate <lb/> dominum contingente et de duabus
                           carratis feni quas percipit dominus in alia parte dictarum communitatum
                           quam te¬net Perrinus de Moysia et participes sui</item>
                     </list></p>
                  <p><lb/> summa : L solidos parisiensium </p>
               </div>
               <div xml:id="perquisita_escheyte_inventa_complainta">
                  <head>perquisita, escheyte, inventa, compleynta<note><hi rend="italics"
                           >perquisita, escheyte <lb/> inventa, compleynta</hi>. Cette rubrique a
                        été ajoutée après coup.</note></head>
                  <p><lb/> de perquisitis, escheytis, inventis et compleyntis nichil per dictum
                     tempus </p>
               </div>
               <div xml:id="venditiones">
                  <head>venditiones </head>
                  <p><lb/> idem reddit computum <list>
                        <item> de XX solidis VIII denariis receptis de viginti sex panibus et
                           dimidio venditis ut supra pro tanto </item>
                        <item> de LXXV solidis parisiensium <lb/> receptis de trescentis gallinis
                           venditis ut supra qualibet tribus denariis parisiensium </item>
                        <item> de LXXII solidis receptis de sexaginta duodecim<note> Pour <hi
                                 rend="italics">septuaginta duabus</hi>.</note> trossis <lb/> feni
                           venditis ut supra, qualibet trossa duodecim denariis pari¬siensium </item>
                        <item> de VI solidis parisiensium receptis de uno obolo auri vendito ut
                           supra <lb/> pro tanto – et Stephanus <foreign>Guillat</foreign>, qui
                           debet dictum obolum, est homo talliabilis domini de novo </item>
                        <item> de XXIIII solidis parisiensium receptis de tribus assinatis <lb/>
                           vini venditis ut supra, qualibet assinata octo solidis
                           parisiensium</item>
                     </list></p>
                  <p><lb/> summa : IX libras XVII solidos VIII denarios parisiensium</p>
               </div>
               <div>
                  <p><lb/> summa totius recepte : IX<hi rend="sup">XX</hi> XIIII libras XVII solidos
                     IIII denarios parisiensium — de quibus respondet inferius in computo Belli
                        Visus<note> Aujourd’hui <hi rend="italics">Bevet</hi>, c<hi rend="sup"
                           >ne</hi> de Beaupont.</note></p>
               </div>
            </div>
         </div>
         <div type="subaccount">
            <div xml:id="prologue_2">
               <p><lb/> Computus <del>Belli Visus</del> eiusdem castellani de exitibus Belli Visus
                  per supradictum <add place="interlinear">tempus</add> de quo computat</p>
            </div>
            <div xml:id="recepte_2">
               <div xml:id="frumentum_2">
                  <head>frumentum </head>
                  <p><lb/> idem reddit computum <list>
                        <item> de I quartallo dimidio frumenti receptis de Guillermo
                              <foreign>Masuer</foreign> de redditu per annum </item>
                        <item> de V quartallis receptis de medietate firme <lb/> molendini Belli
                           Visus finita in Nativitate Domini, anno nonogesimo nono </item>
                        <item> de V quartallis receptis de medietate firme eiusdem molendini <lb/>
                           finiende in Nativitate Domini, anno CCC<hi rend="sup">o</hi>, et tunc
                           debentur tantumdem </item>
                        <item> de II quartallis receptis de medietate firme molendini de
                              <lb/><foreign>Cropet</foreign><note> Aujourd’hui <hi rend="italics"
                                 >Croppet</hi>, c<hi rend="sup">ne</hi> de Beaupont.</note> finita
                           in Nativitate Domini, anno nonogesimo nono — quod molendinum destructum
                           est propter inundationes aquarum ante Nativitatem Domini, <lb/> anno
                           nonogesimo nono</item>
                     </list></p>
                  <p><lb/> summa : XIII quartallos dimidium frumenti </p>
               </div>
               <div xml:id="siligo_2">
                  <head>siligo </head>
                  <p><lb/> idem reddit computum <list>
                        <item> de XIII quartallis siliginis receptis de medietate firme dicti
                           mo¬lendini Belli Visus finite in Nativitate Domini, anno nonogesimo nono
                           <lb/></item>
                        <item> de XIII quartallis receptis de medietate eiusdem firme finiende in
                           Nativitate Domini, anno CCC<hi rend="sup">o</hi>, et tunc debentur
                           tantumdem </item>
                        <item> de III quartallis <lb/> receptis de medietate firme molen¬dini de
                              <foreign>Cropet</foreign> finite in Nativitate Domini, anno nonogesimo
                           nono — quod molendinum destructum est, ut supra <lb/> in frumento </item>
                        <item> de XXIII quartallis receptis de lunatione ibidem per annum</item>
                     </list></p>
                  <p><lb/> summa : LII quartallos siliginis </p>
               </div>
               <div xml:id="avena_2">
                  <head>avena </head>
                  <p><lb/> idem reddit computum <list>
                        <item> de III quartallis dimidia cupa avene receptis de redditu Belli Visus
                           per annum </item>
                     </list></p>
                  <p><lb/> summa : III quartallos dimidiam cupam avene </p>
               </div>
               <div xml:id="galline_2">
                  <head>galline </head>
                  <p><lb/> idem reddit computum <list>
                        <item> de XXI gallinis receptis apud Bellum Visum de redditu et consuetudine
                           per annum</item>
                     </list></p>
                  <p><lb/> summa : XXI gallinas — venduntur ut infra </p>
               </div>
               <div xml:id="denarii_census_2">
                  <head>denarii census </head>
                  <p><lb/> idem reddit computum <list>
                        <item> de XI solidis parisiensium receptis apud Bellum Visum de red¬ditu per
                           annum </item>
                     </list></p>
                  <p><lb/> summa : XI solidos parisiensium </p>
               </div>
               <div xml:id="tallie_2">
                  <head>tallie </head>
                  <p><lb/> idem reddit computum <list>
                        <item> de VIII libris parisiensium receptis apud Bellum Visum de talliis hoc
                           anno</item>
                     </list></p>
                  <p><lb/> summa : VIII libras parisiensium </p>
               </div>
               <div xml:id="blaeria">
                  <head>blaeria </head>
                  <p><lb/> idem reddit computum <list>
                        <item> de IIII libris XIII solidis <add place="interlinear">IIII
                              denariis</add> receptis de medietate firme blaerie et chacipollerie
                           Belli Vissus<note> Pour <hi rend="italics">Visus</hi>.</note> finiende in
                           festo <lb/> beati Iohannis Bapthiste, anno M<hi rend="sup">o</hi> CCC<hi
                              rend="sup">o</hi><note> On a effacé un mot.</note>, et tunc debentur
                           tantumdem</item>
                     </list></p>
               </div>
               <div xml:id="banna_clame">
                  <p><lb/><list>
                        <item> de bannis et clamis computatum est in computo Sancti Triverii</item>
                     </list></p>
               </div>
               <div xml:id="venditiones_2">
                  <head>venditiones </head>
                  <p><lb/> idem reddit computum <list>
                        <item> de V solidis III denariis receptis de viginti una gallinis venditis
                           ut supra, qualibet tribus denariis parisiensium</item>
                     </list></p>
                  <p><lb/> summa : V solidos III denarios parisiensium</p>
               </div>
               <div>
                  <p><lb/> summa totius recepte : XIII libras IX solidos VII denarios
                     parisiensium</p>
                  <div xml:id="arreragium">
                     <head>arreragium</head>
                     <p><lb/> idem reddit computum <list>
                           <item> de IX<hi rend="sup">XX</hi> XIIII libris XVII solidis IIII
                              denariis parisiensium re¬ceptis de remancia<note> Pour <hi
                                    rend="italics">remanentia</hi>.</note> computi Sancti
                              Triverii</item>
                        </list></p>
                  </div>
                  <div>
                     <p><lb/> summa totius recepte duorum computorum Sancti Triverii et Belli Visus
                        : II<hi rend="sup">C</hi> VIII libras VI solidos XI denarios <add
                           place="interlinear">parisiensium</add></p>
                  </div>
               </div>
            </div>
         </div>
         <div xml:id="expense_et_librate">
            <p> de quibus <lb/><list>
                  <item> in una fornata carronum infornanda et defornanda et dequoquenda, que
                     continere debet triginta miliaria<note> Le support est endommagé et le mot
                        raturé.</note> et dantur pro quolibet <lb/> miliare<note><hi rend="italics"
                           >mi <lb/>liare</hi></note> tres solidi octo denarii parisiensium in
                     taschiam datam Roleto, quarronerio : CX solidos parisiensium </item>
                  <item> in septem miliaribus tegularum <lb/> dequoctarum cum dictis quaronibus de
                     meliora¬mento, ad exstima-tionem<note> Pour <hi rend="italics"
                           >estimationem</hi>.</note> quaronum pro dictis tegulis dicto Roleto facto
                     : VIII solidos parisiensium [vue 4 = peau 3] <lb/></item>
                  <item> in septies viginti <add place="interlinear">sex</add> quarratis<note> Pour
                           <hi rend="italics">carratis</hi>.</note> lignorum empto¬rum pro dictis
                     caronibus decoquendis, et dantur pro qualibet octo denarii parisien¬sium : IIII
                     libras <lb/> XVII solidos IIII denarios parisiensium </item>
                  <item> in pane dato bubulcis addu¬centibus quadraginta quartas<note> Lire <hi
                           rend="italics">quarratas</hi>, pour <hi rend="italics"
                        >carratas</hi>.</note> lignorum preter predictas ad corvatam : VI solidos
                     VIII denarios <lb/></item>
                  <item> in pane dato bubulcis adducentibus triginta carratas lapidum pro calce
                     facienda de Brollio<note> On mentionnera à nouveau plus loin ce " Breuil sous
                        Saint-Romain ", aujourd’hui dans la commune de Romenay (Saône-et-Loire), où
                        débarquaient les frets acheminés vers Saint-Trivier-de-Courtes par la Saône
                        et son affluent la Seille.</note> ubi dominus Stephanus <foreign>de
                        Franchelens</foreign> eas <lb/> dimiserat<note> Il manque un jambage.</note>
                     : V solidos parisien¬sum </item>
                  <item> in locagio sex hominum dictos lapides extrahentium de aqua et iuvantium ad
                        curus<note> Pour <hi rend="italics">currus</hi>.</note> honerandos : <lb/>
                     II solidos VI denarios parisiensium </item>
                  <item> in defornandis viginti miliari¬bus vel circa quaronum de tempore domini
                     Stephani <foreign>de Franchelens</foreign> : V solidos, <lb/> in taschiam datam
                     dicto <foreign>Canet</foreign></item>
                  <item> in expensis murorum factorum per dictum castellanum a septimana ante festum
                     beate Marie Magdelene<note> Pour <hi rend="italics">Magdalene</hi>.</note><lb/>
                     usque ad edoma¬dam ante festum beati Thome apos¬toli inclusive, videlicet
                     duodecim septimanis, Lamberto, lathomo<note> Pour <hi rend="italics"
                           >latomo</hi>.</note>, pro viginti septem die-bus <lb/> quibus per dictum
                     tempus operatus est in predictis muris et capit qualibet die sexde¬cim denarios
                     parisiensium : XXXVI solidos pari¬siensium </item>
                  <item> Guillermeto, filio eius, <lb/> pro duodecim diebus quibus operatus est ad
                     idem per dictum tempus, et capit sexdecim dena¬rios in die : XVI solidos
                     parisiensium </item>
                  <item> item dicto <lb/><foreign>Aliay</foreign>, pro viginti diebus quibus capit
                     quatuordecim denarios pro quolibet die et pro tri¬ginta diebus quibus capit pro
                     quolibet duodecim denarios <lb/> parisiensium : LIII solidos IIII denarios
                     parisiensium </item>
                  <item> item Perrino, lathomo, pro viginti sex diebus et capit pro quolibet
                     duodecim denarios parisiensium, et <lb/> pro octo diebus qui¬bus capit quolibet
                     decem denarios parisiensium : XXXII solidos VIII denarios parisiensium </item>
                  <item> item Iohanni, lathomo de Masticone<note> Pour <hi rend="italics"
                           >Matiscone</hi>.</note>, pro tribus <lb/> diebus : III solidos VI
                     denarios parisien¬sium </item>
                  <item> in stipendiis quatercentum triginta trium manupera¬riorum operantium per
                     dictum tempus, et dantur uni <lb/> plus et alteri minus : VII libras XIII
                     solidos IIII denarios parisiensium <add place="leftMargin"><lb/> summa : XIIII
                        libras <lb/>XIIII solidos X denarios <lb/>parisiensium</add></item>
                  <item> in usiria caronum facta in parvo cellario in quo solebat <lb/> esse camera
                     domini : III solidos IIII denarios parisiensium </item>
                  <item> in quinquaginta chandoni¬bus<note> Pour <hi rend="italics">cantonibus</hi>.
                        Voir plus loin <hi rend="italics">chantones</hi> pour <hi rend="italics"
                           >cantones</hi>.</note> lapidum emptis per Iohannem Anglicum apud
                           Trinorgium<note><hi rend="italics">trinor<lb/>gium</hi>. Pour <hi
                           rend="italics">Trenorchium</hi>, aujourd’hui Tournus
                        (Saône-et-Loire).</note>, <lb/> et in charreagio <del rend="overstrike"
                        >de</del> et pasagio<note> Lire <hi rend="italics">passagio</hi>.</note> de
                     Trinorgio apud Brolium subtus Sanctum Roma¬num<note> Aujourd’hui <hi
                           rend="italics">Saint-Romain</hi>, c<hi rend="sup">ne</hi> de Romenay
                        (Saône-et-Loire).</note>, pro chargiando et dechargiando : <lb/> XXXI
                     solidos parisiensium </item>
                  <item> in lapidibus emptis per dictum Iohannem Anglicum apud Montem Belletum<note>
                        Aujourd’hui Montbellet (Saône-et-Loire).</note> pro caminata aule, <lb/> et
                     pro passa¬gio et charreagio, pane dato bubulcis charreantibus ad corvatam
                     dictos chantones<note> Pour <hi rend="italics">cantones</hi>.</note><del
                        rend="overstrike">et dictos lapides</del> a Brolio usque <lb/> ad Sanctum
                     Triverium et dictos lapides de portu Montis Belleti usque ad Sanctum Triverium,
                     et pro extrahendis dictis lapidibus de aqua <lb/> Sagone<note><hi
                           rend="italics">sa<lb/>gone</hi></note> : XXXIIII solidis II denariis
                     parisiensium </item>
                  <item> in tribus uysiriis<note> Pour <hi rend="italics">uiseriis</hi>. Voir
                        Godefroy, vol. 4, p. 524, <hi rend="italics">s. v. </hi>huisserie.</note>
                     factis de supradictis cantonibus in taschiam datam Bertholomeo de <lb/>
                     Masticone, lathomo, per Petrum, cleri¬cum, et per magistrum Tas¬sinum,
                     videlicet in introytu<note> Pour <hi rend="italics">introitu</hi>.</note> aule
                     superioris et in garita inferiori et <lb/> in hostio<note> Pour <hi
                           rend="italics">ostio</hi>.</note> per quod itur de aula in camera domini
                     per alerios<note> Voir Godefroy, vol. 1, p. 217 et 217-218, <hi rend="italics"
                           >s. v.</hi> 2. aleoir et 2.aleor, " allée, passage ". Ici, plutôt "
                        couloir ".</note>, in quibus sunt sexa¬ginta pedes de tallia, et dantur pro
                     quolibet <lb/> pede decem denarii viennensium : XXXIII solidos IIII denarios
                     parisien¬sium </item>
                  <item><del rend="overstrike"> in uyseria caronum facta in parvo cellario in quo
                        solebat esse camera <lb/> domini : III solidos IIII denarios
                        parisiensium</del><note> Signe <hi rend="italics">a</hi>.</note></item>
                  <item> in <del rend="overstrike">fenes¬tra</del> factura fenestre in pi¬none<note>
                        Pour <hi rend="italics">pignione</hi>.</note> camere domini site et in
                     sedibus duarum fenestra¬rum <lb/> aule domini boysiandis et scisura lapidum,
                     qui lapides super erant de hiis qui superius computantur, per taschiam datam
                     Bertholomeo de <lb/><sic>de</sic> Masticone, la¬thomo : XLV solidos
                     parisiensium </item>
                  <item> in aplanan¬dis muris et levigandis aule<note> Lire <hi rend="italics">in
                           muris aule aplanandis et levigandis</hi>.</note> et rutura<note> Pour <hi
                           rend="italics">ruptura</hi>.</note> cami¬nate veteris <lb/>
                           muranda<note><hi rend="italics">mu<lb/>randa</hi></note> et foraminibus
                     in dictis muris obturandis et parietibus embochian¬dis per Lambertum, lathomum,
                     in taschiam da¬tam eidem <lb/> per Petrum, clericum, et per magistrum Tassinum
                     : XX solidos parisiensium </item>
                  <item> in induendis muris dicte aule <add place="interlinear">et camere</add> et
                     aptandis ad dealbandum et <lb/> depingendum<note><hi rend="italics"
                           >de<lb/>pingendum</hi></note> in taschiam datam Iohanni de Masticone,
                     lathomo, ad ordinationem<note>La rédaction tient compte de la suture d’une
                        déchirure du support, qui fut donc préalable.</note> et consilium magistri
                     Iohannis <foreign>Lombardon</foreign>, pictoris : <lb/> LXXIII solidos IIII
                     denarios parisiensium </item>
                  <item> in<note> Signe ?</note> viginti teysis muri factis in turreta in qua sunt
                     latrine et in caminata <del rend="overstrike">basse</del> camere basse <lb/>
                     domini et in muro facto iuxta alerios per quos itur ad cameram domini de
                     taschia data magistro Lam¬berto per Petrum, clericum, videlicet <lb/> tres
                     solidos parisiensium pro teysia de tribus pedi¬bus cum dimidio ut per litteram
                     dicti Lamberti datam dominica qua cantatur <foreign>Quasi modo</foreign>, anno
                     <lb/> CCC<hi rend="sup">o</hi>, quam reddit : LX solidos parisiensium </item>
                  <item> in sabulo extrahendo et aptando in loco ubi capitur, <del rend="overstrike"
                        >XX</del> videlicet quadraginta septem operariis capientibus per diem
                     quolibet octo denarios per diem : XXXI solidos IIII denarios </item>
                  <item> in viginti quatuor libris plombi<note> Pour <hi rend="italics"
                        >plumbi</hi>.</note> emptis pro ponendis <lb/> angonibus<note> Voir <hi
                           rend="italics">TLF</hi>, s. v. angon : <hi rend="italics">Angon</hi> "
                        gond (en forme de fer pointu) " mot de l’est de la France et de la Suisse
                        rom. (<hi rend="italics">Pat. Suisse rom.</hi> t. 1, pp. 422-23) se rattache
                        à l’étymon lat. <hi rend="italics">gomphus</hi> " cheville, clou " avec
                        préf. <hi rend="italics">en-</hi> tiré d’un verbe dial. <hi rend="italics"
                           >engoner</hi> " mettre une porte sur ses gonds " (<hi rend="italics"
                           >FEW,</hi> IV, p. 192b), devenu <hi rend="italics">an-</hi> peut-être
                        sous l’influence de <hi rend="italics">angon</hi> " crochet ".</note> in
                     fenestris et hostiis aule et camere domini : VI solidos VIII denarios
                     parisien¬sium </item>
                  <item> in stipendiis Iohannis de Masticone, lathomi, <lb/> pro duobus diebus
                     quibus vacavit ad ponendos angones supradictos et in veniendo de Masti¬cone et
                     una culleria ferri empta <lb/> pro blombo<note> Pour <hi rend="italics"
                           >plumbo</hi>.</note> fondendo<note> Pour <hi rend="italics"
                        >fundendo</hi>.</note> : IIII solidos II denarios parisien¬sium </item>
                  <item> in quinquaginta sex libris ferri emptis de Stephano <foreign>La
                        Quilli</foreign>, de quibus facte sunt croce <lb/> neccessarie<note> Pour
                           <hi rend="italics">necessarie</hi>.</note> pro gradibus per quos intratur
                     in aula domini ferrandis et pro postibus clavellandis in primis aleriis per
                     <lb/> quos ingreditur in cameram domini, qui des¬tructi sunt de mandato domini
                     co¬mitis, et fabricatura <del rend="overstrike">dictorum</del> dicti ferri de
                        quo<note> Écrit <hi rend="italics">dequo</hi>.</note> facte sunt <lb/> decem
                        esparre<note> Voir Godefroy, vol. 3, p. 512-513, <hi rend="italics">s.
                           v.</hi> esparre.</note> ma¬gne et decem magni angones, que posita sunt in
                     hostio <add place="interlinear">primo</add> magne garite et in hostio dicte
                     aule : XXVI solidis IIII denariis <add place="interlinear"
                     >parisiensium</add><lb/></item>
                  <item> in quatuor duodenis<note> Écrit <hi rend="italics">duo denis</hi>.</note>
                     tribus esparris parvis et totidem angonibus emptis de dicto Maschera, de Burgo,
                     pro hostiis et fenestris <lb/> domificii Sancti Triverii : XXIIII solidos
                     parisiensium </item>
                  <item> in quatuor seris ferri emptis de eodem et positis ibidem : XVI solidos </item>
                  <item> in quatuor <lb/> parvis ferroletis<note> ? <hi rend="italics">Ferrolet</hi>
                        est par ailleurs un patronyme assez répandu en Bresse.</note> emptis pro
                     duabus fenestris camere domini et garde robe et hostio camere domini : II
                     solidos </item>
                  <item> in una sera empta <lb/> et posita in ostio parve garite, et uno crocheto
                     ferri pro ponte <del rend="overstrike">pro p</del> levatili serrando, et pro
                     una cavilla ferrea et cathena<note><hi rend="italics">cathe<lb/>na</hi>. Pour
                           <hi rend="italics">catena</hi>.</note><lb/> ferri qua penditur dicta
                     ca¬villa, sera porte castri aptanda, clave ibidem de novo facta, et quatuor
                     cavillis ferris positis in <lb/> caminata<note><hi rend="italics"
                           >ca<lb/>minata</hi></note> camere domini : V solidos </item>
                  <item> in duobus raderiis<note> Voir TLF, s. v. radier : radier " plancher à
                        claire voie de bois ou de pierre entre les piles d'un pont ".</note> ferri
                     refficiendis et ferro empto ad idem : III solidos </item>
                  <item> in septem miliaribus <lb/> clavini<note> Voir le glossaire d’Alain Kersuzan
                        et Jean-Michel Poisson, s. v. clavinus, " clou pour fixer les bardeaux sur
                        une toiture ".</note> emptis et positis in camera domini, latanda <add
                        place="interlinear">turreta</add> et in primis aleriis <del
                        rend="overstrike">cooperiendis</del>, garda roba, secundis aleriis
                     cooperiendis : XXI solidos <lb/> VIII denarios parisiensium </item>
                  <item> in novem miliaribus clavorum <foreign>bordet</foreign> emptis pro postibus
                        <add place="interlinear">et listellis</add> camere domini, aule, garde robe
                     serrandis <lb/> seu firmandis – quolibet miliari empto decem solidis
                     parisiensium : IIII libras X solidos parisiensium </item>
                  <item> in quatuor miliari¬bus <lb/> et dimidio clavorum alborum emptis pro hostiis
                     et fenestris duplicandis : LIIII solidos parisiensium </item>
                  <item> in stipendiis nunciorum apportantium <lb/> dictos clavos de Masti¬cone et
                     de Trenorchio in pluribus vicibus : III solidos parisiensium </item>
                  <item> in serrandis quindecim sapinis de sexdecim <lb/> qui adducti fuerunt de
                     Ponte Vele<note> Aujourd’hui Pont-de-Veyle.</note> apud Sanctum Trive¬rium, pro
                     ducentis quindecim filis<note> ?</note> datis in taschiam Bernardo
                        <foreign>Plat</foreign> et Stephano <foreign>de Cues</foreign><lb/> per
                     castellanum et magistrum Martinum, carpentarium, et dantur pro quolibet filo
                     duode¬cim denarii parisiensium : X libras XV solidos </item>
                  <item> item <lb/> pane dato bubulcis sexdecim cur¬ruum charreantium dictos
                     sexdecim sapinos pro duobus diebus – et dantur cuilibet duo denarii : <lb/> V
                     solidos IIII denarios </item>
                  <item> in quatuor trabibus de quercu pro aleriis postellandis<note> Voir Godefroy,
                        vol. 6, p. 334, <hi rend="italics">s. v. </hi>posteler, " garnir de poteaux
                        ".</note> et amparandis et chamerandis<note> Voir CAMERARE</note> et garda
                     roba <lb/> postellanda datis in taschiam, et dantur pro quolibet filo sex
                     denarii : XXVIII solidos parisiensium </item>
                  <item> in serrandis duobus magnis trabi¬bus de <lb/> quercu maioribus in taschiam,
                     et dantur de filio<note> ?</note> unius septem denarii et de filio alterius
                     septem denarii trabebus<note> Lire <hi rend="italics">trabium</hi> (<hi
                           rend="italics">unius … et alterius … trabium</hi>) ?</note> : XX solidos
                     VI denarios obolum pari¬siensium </item>
                  <item> in factura trabium pro retinendis muris <add place="interlinear">aule</add>
                     et ligandis a parte terrallii et in eis ponendis <add place="interlinear">et
                        muris rompendis</add> et alia fusta ad hoc necessa¬ria et charreagio dicte
                     fuste : <lb/> XVI solidos VIII denarios parisiensium </item>
                  <item> in factura fuste pro domificio camere garde robe turrete in qua sunt
                     latrine et pro charreagio dicte <lb/> fuste et pro dictis edificiis faciendis
                     in taschiam datam per dictum castellanum et per Pe¬trum, clericum, magistro
                     Martino, carpentario <lb/> et pro decem hominibus iuvantibus ad fustam levandam
                     per conventionem in dicta taschia factam : XVI libras VII solidos VI denarios
                     <lb/></item>
                  <item> in quinque charratis de furonibus<note> Voir le glossaire d’Alain Kersuzan
                        et Jean-Michel Poisson, <hi rend="italics">s. v. </hi>furo et furonus, "
                        perche d’échafaudage ".</note> ad faciendos pontes pro chambri-liando<note>
                        Voir Godefroy, vol. 2, p. 46, <hi rend="italics">s. v. </hi>chambriller, "
                        lambrisser ".</note>, et in charrea¬gio eorumdem et sindularum<note> Pour
                           <hi rend="italics">scindularum</hi>. Voir SCINDULA.</note> pro
                     cooperiendis <lb/> primis aleriis : III solidos X dena¬rios </item>
                  <item> in chambrilianda aula, listellis faciendis, postibus planandis et ap¬tandis
                     ad depingen¬dum <lb/> in taschiam datam magistro Martino et Iofredo,
                     carpentariis, ut per litteram eorum de recepta, quam reddit : VIII libras VIII
                     denarios parisiensium <lb/></item>
                  <item> in factura gradus per quos itur de quoquina<note> Pour <hi rend="italics"
                           >coquina</hi>.</note> in camera<note> On attendrait <hi rend="italics"
                           >cameram</hi>.</note> domini in taschiam datam magistro Ioffredo,
                     carpenta¬rio : V solidos parisiensium <lb/></item>
                  <item> in terranda camera domini et seerio<note> ?</note> faciendo in taschiam :
                     IX solidos </item>
                  <item> in terranda aula de super trabamentum : LVIII solidos <lb/> VIII denarios
                     pari¬siensium </item>
                  <item> in duabus cordis emptis pro fusta levanda : VI solidos VIII denarios </item>
                  <item> in vin¬demianda trelia <lb/> virgulti et vindemia apportanda : II solidos </item>
                  <item> in vinea predicta sarclanda et arboribus virgulti <add place="interlinear"
                        >vetere</add> fosse¬randis : III solidos, <lb/> mense iulii, anno nonogesimo
                     nono </item>
                  <item> in dictis trelliis <add place="interlinear">et dicta vinea</add> putandis,
                        vinolandis<note> Voir Godefroy, vol. 8, p. 237, <hi rend="italics">s. v.
                        </hi>vignoler, " cultiver la vigne ".</note> et fosserandis<note> Voir <hi
                           rend="italics">TLF</hi>, s. v. fossoir, " <hi rend="italics"
                           >fosserer</hi>, labourer une vigne avec un fossoir ".</note> in
                        cadragio<note> ?</note> : LX solidos parisiensium <lb/> [vue 5 = peau 4] </item>
                  <item> in villone<note> Voir Godefroy, vol. 8, p. 244, <hi rend="italics">s. v.
                        </hi>villon, osier : " villon propre à lier les vignes ". </note> pro dictis
                     trelliis : XX denarios </item>
                  <item> in quatuorde¬cim charratis perticarum emptis pro trelliis faciendis : XVII
                     solidos VI denarios parisiensium <lb/></item>
                  <item> in tribus duodenis planczonum<note> Voir Godefroy, vol. 6, p. 197, et TLF,
                           s<hi rend="italics">. v. </hi>plançon, jeune plant.</note> emptorum ad
                     inserendum poma et pira in virgulto domini et pro ipsis inseren¬dis<note> Écrit
                           <hi rend="italics">in serendis</hi>.</note> : IIII solidos parisiensium
                     <lb/></item>
                  <item> hominibus apportanti¬bus servitiis tertia die in Nativitate Domini, pro
                     prandio, de consuetudine : VII solidos </item>
                  <item> in pratis domini secandis <lb/> et feno faciendo, aportando<note> Pour <hi
                           rend="italics">apportando</hi>.</note> et reponendo in gran¬gia : VIII
                     solidos parisiensium </item>
                  <item> in diversis nunciis missis pro negotiis domini per dic¬tum <lb/> tempus, ut
                     in particulis : V solidos parisiensium </item>
                  <item> in uno pillirico<note> Pilori : voir PILLIRICUM et PILLERETUM.</note> facto
                     in taschiam : VII solidos parisiensium </item>
                  <item> in <lb/> grangia domini, in qua fenum reponitur, recoperienda<note> Pour
                           <hi rend="italics">recooperienda</hi>.</note> duo¬bus miliaribus <add
                        place="interlinear">et dimidio</add> scindularum in taschiam, pane dato
                     bubulcis charreantibus dictas scindulas : XXIIII solidos <add
                        place="interlinear">IIII denarios</add></item>
               </list><add place="leftMArgin"><list>
                     <item> in una mola posita in molendino Belli Visus et charreagio dicte mole :
                        XVII solidos parisiensium </item>
                     <item> in logagio<note> Pour <hi rend="italics">locagio</hi>.</note> granerii
                        pro blado veteri : XX solidos parisien¬sium <note>ajouté dans la marge
                           gauche sur sept lignes <hi rend="italics">in una mola posi<lb/>ta in
                              molendino Belli <lb/> Visus et charreagio <lb/> dicte mole : XVII
                              solidos <lb/> parisiensium ; in logagio <lb/> granerii pro blado <lb/>
                              veteri : XX solidos parisiensium</hi> et appelé en fin de paragraphe
                           par un signe rappelant la croix de Jérusalem)</note></item>
                  </list></add></p>
            <p><lb/> summa expensarum : CVII libras V solidos obolum parisiensium </p>
            <div xml:id="librate">
               <head>librate</head>
               <p><lb/><list>
                     <item> idem libravit Berardo Vigerii, cui debentur per annum super talliis
                        Sancti Triverii que sunt in Carniprivio veteri, ut per litteram iudicis
                        <lb/> de testimonio datam die mercurii ante Ramos palmarum, anno nonogesimo
                           nono<note> Le mercredi 30 mars 1300 (nouveau style).</note>, quam reddit
                        : XXX<note> Le dernier chiffre est raturé.</note> solidos parisiensium
                        <lb/></item>
                     <item> idem libravit ad expensas hospitii domini comitis factas per manum
                        Hugonis de Voyrone, ut per litteram domini comitis et dicti Hugonis datam
                        die sabbati <lb/> ante fes¬tum beati Anthonii<note> Pour <hi rend="italics"
                              >Antonii</hi>.</note>, anno nonogesimo nono<note> Le samedi 16 janvier
                           1300 (nouveau style).</note>, quam reddit : VI libras XIII solidos IIII
                        denarios parisiensium </item>
                     <item> idem libravit domino Hugoni de Ruppecula, ad expensas hos¬pitii domini
                        comitis, ut per litteram eius datam die martis in Purificatione beate Marie,
                        anno <lb/> nonogesimo<note> Lire <hi rend="italics">nonogesimo nono </hi>:
                           le mardi 2 février 1300 (nouveau style).</note>, quam reddit, ut supra in
                        avena : VI libras XII solidos VIII denarios <lb/></item>
                     <item> idem libravit ad expensas duorum garcionum domini qui steterant novem
                        diebus apud Sanctum Triverium custodientium palafredos et unum <lb/>
                        roncinum, ut supra in avena : VII solidos parisiensium <lb/></item>
                     <item> idem libravit magistro Iohanni, Lombardo, pictori, per litteram Petri,
                        clerici, de mandato datam die mercurii post festum beati Valentini, anno
                        nonogesimo <lb/> nono<note> Le mercredi 17 février 1300 (nouveau
                           style).</note>, et per litteram dicti Iohannis, Lombardi, de recepta
                        datam die iovis ante Pascha, anno eodem<note> Le jeudi 7 avril 1300 (nouveau
                           style).</note>, quas reddit : XIII libras VI solidos VIII denarios <add
                           place="interlinear">parisiensium</add><lb/></item>
                     <item> idem libravit in stipendiis septem hominum cum armis quos tenuit die
                        lune et die martis post festum beati Martini hyemalis<note> Pour <hi
                              rend="italics">hiemalis</hi>.</note> ad <lb/> mandamentum ballivi qui
                        fuit apud Montem Diderium<note> Aujourd’hui <hi rend="italics"
                              >Montdidier</hi>, c<hi rend="sup">ne</hi> d’Aromas (Jura).</note> pro
                        custodiendis cibariis positis in castro et ad pignorandum <lb/> Humbertum de
                        Vilariis, ut per litteram ballivi de testimonio datam dominica post obtabas
                        sancti Martini, anno nonogesimo<note> Lire <hi rend="italics">nonogesimo
                              nono</hi>.</note>, <lb/> quam reddit : XL VI solidos VIII denarios
                        parisien¬sium <lb/></item>
                     <item> idem libravit domino Stephano <foreign>Bendro</foreign>, de
                           Cusello<note> Aujourd’hui Cuiseaux (Saône-et-Loire).</note>, militi, pro
                        rebus ab eo emptis apud <foreign>Mespillia</foreign><note> Aujourd’hui <hi
                              rend="italics">Mépillat</hi>, c<hi rend="sup">ne</hi> de
                           Cruzilles-lès-Méppillat.</note> – et agricole solverunt alteram partem,
                        <lb/> per confessionem et testimonium Petri Clerici presentis : XX libras
                        parisiensium <lb/></item>
                     <item> idem libravit in factura granerii<note> On a ajouté la rubrique <hi
                              rend="italics">granerium</hi> dans la marge gauche.</note><del
                           rend="overstrike"> : XX</del> in turre castri, ut in particulis : XXIIII
                        solidos II denarios <lb/></item>
                     <item> idem libravit Iohanni <foreign>de Varenes</foreign> pro gaieria<note>
                           Lire <hi rend="italics">gajeria</hi>, pour <hi rend="italics"
                              >gageria</hi>.</note> rerum quas habet apud Treforcium<note>
                           Aujourd’hui <hi rend="italics">Treffort</hi>, c<hi rend="sup">ne</hi> de
                           Treffort-Cuisiat.</note> : VIII libras parisiensium <lb/></item>
                     <item> idem in locagio unius quadrige attrahentis carones, sabulum et calcem ad
                        castrum Sancti Triverii predictis operibus faciendis <lb/> et terram pro
                        septem miliaribus tegularum faciendis, videlicet per viginti octo septimanas
                           inceptas<note> Écrit <hi rend="italics">in ceptas</hi>.</note> die
                        veneris ante festum beati <unclear>Iohannis</unclear>, <lb/> anno nonagesimo
                        nono, in quibus fuerunt sex viginti<note> Pour <hi rend="italics">sexies
                              viginti</hi>.</note> decem septem dies operabiles, inclusis stipendiis
                        Girardi, quadrigarii <lb/> ducentis dictam quadrigam per dictum tempus, et
                        dabantur die quolibet pro dicta quadriga et quadrigario duo solidi
                        parisiensium : <lb/> XIII libras XIIII solidos parisiensium <lb/></item>
                     <item> item in conductione duodecim curruum aduc-centium<note> Pour <hi
                              rend="italics">adducentium</hi>.</note> sabulum, quarones et calcem
                        per partes<note> Écrit <hi rend="italics">perpartes</hi>.</note> ad dictum
                        opus, quia dicta <lb/> quadriga non sufficiebat, et dantur pro quolibet
                        curru qualibet die viginti denarii parisiensium : XX solidos parisiensium
                        <lb/></item>
                     <item> item in stipendiis ipsius castellani unius anni finiendi undecima die
                        mensis iulii, anno M<hi rend="sup">o</hi> CCC<hi rend="sup">o</hi>,
                        capientis per annum <lb/> viginti quinque libras viennensium pro se, duobus
                        clientibus, una gaytia, scampsis dictis viennensibus denis octenis<note>
                           Écrit <hi rend="italics">denisoctenis</hi>.</note> ad parissien¬ses<note>
                           Pour <hi rend="italics">parisienses</hi>.</note> : <lb/> XVI libras XIII
                        solidos IIII denarios parisiensium </item>
                  </list></p>
               <p><lb/> summa librate et salarii : IIII<hi rend="sup">XX</hi> XI libras VII solidos
                  X denarios parisiensium</p>
            </div>
            <div>
               <p><lb/> summa expense, salarii et librate : IX<hi rend="sup">XX</hi> XVIII libras
                  XII solidos X denarios parisien¬sium obolum</p>
            </div>
         </div>
         <div xml:id="bilan">
            <p> et <lb/> sic debet : IX libras XIIII solidos <del rend="overstrike">I denarium</del>
               obolum parisiensium <lb/> memorandum quod opera et expense quas et que factas fuisse
               dicit dictus castellanus in edificiis supradictis adhuc<note> Écrit <hi
                     rend="italics">ad huc</hi>.</note><lb/> advideri et examinari debent per gentes
               domini, non ostante<note> Pour <hi rend="italics">obstante</hi>.</note> quod expense
               predictorum sunt inprecedenti hoc computo allocate</p>
         </div>
      </body>
   </text>
</TEI>
