<?xml version="1.0" encoding="UTF-8"?>
<?xml-model href="http://www.tei-c.org/release/xml/tei/custom/schema/relaxng/tei_all.rng" type="application/xml" schematypens="http://relaxng.org/ns/structure/1.0"?><?xml-model href="http://www.tei-c.org/release/xml/tei/custom/schema/relaxng/tei_all.rng" type="application/xml"
	schematypens="http://purl.oclc.org/dsdl/schematron"?>
<TEI xmlns="http://www.tei-c.org/ns/1.0" xml:id="B9942_7">
   <teiHeader>
      <fileDesc>
         <titleStmt>
            <title>Étienne de Francheleins (<foreign>Stephanus de Franchelens</foreign>), châtelain,
               pour la châtellenie de Saint-Trivier-de-Courtes et revenus de Bevet, du 30 avril 1297 au 16 mai 1298<date
                  type="debut" from-iso="12970430" cert="high"/><date type="fin" from-iso="12980516"
               /></title>
            <respStmt>
               <persName><name xml:lang="fra">Étienne de Francheleins</name><name xml:lang="lat"
                     >Stephanus de Franchilens</name></persName>
               <resp>Châtelain</resp>
            </respStmt>
         </titleStmt>
         <publicationStmt>
            <p>Frédéric Chartrain, avec la collaboration de Alain Kersuzan, Nils Mantilleri et Jean-Michel Poisson, 
               <title>Compte d'Étienne de Francheleins (<hi rend="italics">Stephanus de Franchelens</hi>), châtelain,
                  pour la châtellenie de Saint-Trivier-de-Courtes et revenus de Bevet, du 30 avril 1297 au 16 mai 1298</title>,
               Lyon - Chambéry, 2013 (<title>Documents comptables des Etats de Savoie, XIIIe - XVe s.</title>)</p>            
         </publicationStmt>
         <seriesStmt>
            <title>Saint-Trivier-de-Courtes</title>                
         </seriesStmt>         
         <sourceDesc>
            <p>Information about the source</p>
         </sourceDesc>
      </fileDesc>
   </teiHeader>
   <text>
      <body>
         <milestone n="18" unit="vue"/>
         <pb n="20"/>
         <div type="subaccount">
            <div xml:id="prologue">
               <p><lb/> Computus domini Stephani <foreign>de Franchelens</foreign><note> Aujourd’hui
                     Francheleins.</note>, militis, castellani Sancti Triverii, ab ultima die mensis
                  aprilis, <lb/> anno Domini M<hi rend="sup">o</hi> CC<hi rend="sup">o</hi>
                  nonagesimo septimo, usque ad diem veneris post Adcensionem<note> Pour <hi
                        rend="italics">Adscensionem</hi>.</note> Domini, sexdecima die mensis maii,
                  anno nonagesimo octavo, <lb/> videlicet de uno anno et sexdecim diebus, receptus
                  apud Cambariacum<note> Aujourd’hui Chambéry (Savoie).</note> per An¬dream de
                     Voyrone<note> Aujourd’hui Voiron (Isère).</note> in presentia domini Nicholay
                  de <foreign>Billens</foreign><note> Aujourd’hui <hi rend="italics">Billens</hi>,
                        c<hi rend="sup">ne</hi> de Billens-Hennens (canton de Fribourg, Suisse). Sur
                     Nicolas de Billens, voir la notice de Bernard Andenmatten dans le <hi
                        rend="italics">Dictionnaire historique de la Suisse</hi> :
                     http://www.hls-dhs-dss.ch/textes/f/F43738.php </note> et <lb/> magistri
                     Petri<foreign> </foreign></p>
            </div>
            <div xml:id="recepte">
               <div xml:id="frumentum">
                  <head>frumentum </head>
                  <p><lb/> idem reddit computum <list>
                        <item> de X <foreign>meyters</foreign> frumenti receptis de firma decime
                           Sancti Triverii hoc anno in frumento </item>
                        <item> de II cupis receptis de exitu molendini <lb/> de stagno, deducta
                              tertia<note> Nous lisons ici <hi rend="italics">tercia</hi>, <hi
                                 rend="italics">recognicionibus</hi>, <hi rend="italics"
                                 >servicium</hi>, <hi rend="italics">negociis</hi>, que nous
                              transcrivons – puisque la convention d’édition prescrit dans ce cas
                              l’usage généralisé de la graphie classique – <hi rend="italics"
                                 >tertia</hi>, <hi rend="italics">recognitionibus</hi>, <hi
                                 rend="italics">servitium</hi>, <hi rend="italics"
                              >negotiis</hi>.</note> parte quam ibi percipit Anglicus pro custodia
                           molendini – et respondet minus solito quia rota molendini fuit <lb/>
                                 delacerata<note><hi rend="italics">de<lb/>lacerata</hi></note> et
                           pro eo quod dictum stagnum fuit piscatum </item>
                        <item> de V <foreign>meyters</foreign> receptis de firma molendini de
                              <foreign>Selvinia</foreign><note> Aujourd’hui Servignat.</note> finita
                           in Carniprivio, <lb/> anno nonagesimo septimo<note> Le mardi 18 février
                              1298 (nouveau style).</note></item>
                        <item> de exitu decime <del rend="underlined_dotted">chall</del> cellararii
                           et decime <foreign>della Chaneya</foreign><note> Écrit <hi rend="italics"
                                 >dellachaneya</hi>. Aujourd’hui <hi rend="italics">Chanée</hi>,
                                 c<hi rend="sup">ne</hi> de Courtes.</note> nichil hoc anno in
                              frumento<note> Écrit <hi rend="italics">infro</hi>.</note></item>
                        <item> de VI<hi rend="sup">XX</hi><lb/> VIII <foreign>meyters</foreign> IIII
                           cupis receptis in castellania Sancti Triverii de redditu er lunatione per
                           annum </item>
                        <item> de III cupis receptis de Peroneto <foreign>Tiaut</foreign><lb/> pro
                           eodem – et non est in extenta </item>
                        <item> de coponagio, leyda et chacipollaria respondet infra in firmis</item>
                     </list></p>
                  <p><lb/> summa : VII<hi rend="sup">XX</hi> IIII <foreign>meyters</foreign> III
                     cupe frumenti — et remanent </p>
               </div>
               <div xml:id="siligo">
                  <head>siligo </head>
                  <p><lb/> idem reddit computum <list>
                        <item> de LXXIIII <foreign>meyters</foreign> III cupis siliginis receptis de
                           firma decime Sancti Triverii in siligine hoc anno, excepta <lb/> decima
                           minutorum bladorum quam percipit hospitale Sancti Triverii </item>
                        <item> de V cupis receptis de exitu taschiarum mansi Rafinorum<note> Voir
                                 <hi rend="italics">Raffin</hi> sur la carte de Cassini de
                              Saint-Trivier-de-Courtes.</note> hoc anno </item>
                        <item><lb/> de IIII cupis receptis de exitu dicti molendini de stagno </item>
                        <item> de XIX <foreign>meyters</foreign> receptis de firma molendini de
                              Salviniaco<note> Aujourd’hui Servignat.</note> finita in <lb/>
                           Carniprivio, anno nonagesimo septimo<note> Le mardi 18 février 1298
                              (nouveau style).</note></item>
                        <item> de I cupa recepta de exitu decime cellerarii hoc anno </item>
                        <item> de II cupis receptis de decima prepositi <lb/><foreign>della
                              Chaneya</foreign><note> Écrit <hi rend="italics">dellachaneya</hi>.
                              Aujourd’hui <hi rend="italics">Chanée</hi>, c<hi rend="sup">ne</hi> de
                              Courtes.</note> hoc anno </item>
                        <item> de IIII<hi rend="sup">XX</hi> XVI<note> Pour <hi rend="italics"
                                 >nonaginta sex</hi>.</note><foreign>meyters</foreign> receptis in
                           dicta castellania de redditu, prepositura et gaytia per annum </item>
                     </list></p>
                  <p><lb/> summa : IX<hi rend="sup">XX</hi> XI <foreign>meyters</foreign> III cupe
                     siliginis — et remanent </p>
               </div>
               <div xml:id="avena">
                  <head>avena </head>
                  <p><lb/> idem reddit computum <list>
                        <item> de XV <foreign>meyters</foreign> III cupis avene receptis de firma
                           decime Sancti Triverii hoc anno </item>
                        <item> de decima prepositi, cellerarii <lb/> et taschiarum mansi Rafinorum,
                           nichil hoc anno in avena, ut dicit </item>
                        <item> de XX VI <foreign>meyters</foreign> V cupis receptis in dicta
                           castellania de red¬ditu <lb/> et prepositura per annum </item>
                        <item> de III cupis receptis de Peroneto <foreign>Tyaut</foreign> de
                           redditu, qui non est in extenta </item>
                        <item> de XIIII <foreign>meyters</foreign> III cupis <lb/> dimidia receptis
                           apud Curciacum<note> Aujourd’hui Curciat-Dongalon.</note> pro parte
                           domini de redditu per annum </item>
                        <item> de VI<hi rend="sup">XX</hi> VIII <foreign>meyters</foreign> II cupis
                           receptis in dicta castellania de <lb/> lunatione per annum </item>
                        <item> de VI <foreign>meyters</foreign> receptis de dictis <foreign>Lo
                              Fillatrons</foreign><note> Écrit <hi rend="italics"
                              >lofillatrons</hi>.</note> et Laurentio <foreign>de
                              Vitria</foreign><note> Aujourd’hui <hi rend="italics">Vitriat</hi>,
                                 c<hi rend="sup">ne</hi> de Curciat-Dongalon.</note> et Hugone
                              <foreign>de Clapuys</foreign><note> Toponyme non identifié<hi
                                 rend="italics">.</hi></note>, qui aforestati<note> Voir Godefroy,
                              vol. 8, p. 42, <hi rend="italics">s. v. </hi>aforester, mod.
                              afforester : " concéder un droit d’usage dans une forêt, dans une
                              garenne, donner le droit d’y mener paître les bêtes ".</note><lb/>
                           sunt in nemore domini <foreign>d’Arnay</foreign><note> Écrit <hi
                                 rend="italics">darnay</hi>.</note> usque ad festum beati
                              Iohannis<note> Il est écrit ici <hi rend="italics">Johannis, Johanne,
                                 Johanni, Johanneta, Johannetam, Johannino, Jacobo</hi>, <hi
                                 rend="italics">Jacobi</hi>, <hi rend="italics">Jacobus</hi>, mais
                              il a été convenu par le comité d’édition de réserver l’emploi du <hi
                                 rend="italics">j</hi> aux termes vernaculaires.</note>
                              Bapthiste<note> Pour <hi rend="italics">Baptiste</hi>.</note>, anno
                           nonagesimo octavo</item>
                     </list></p>
                  <p><lb/> summa : IX<hi rend="sup">XX</hi> XI <foreign>meyters</foreign> IIII cupe
                     dimidia avene <list>
                        <item> de quibus <lb/> libravit ad expensas unius equi domini comitis
                           morantis ibidem a die martis ante dominicam qua cantatur <hi
                              rend="italics">Letare Ierusalem</hi><note> Écrit en abrégé <hi
                                 rend="italics">ielrm</hi> !</note> usque ad <add
                              place="interlinear">diem</add> martis <lb/> post Penthecosten, anno
                           nonagesimo octavo, videlicet per undecim septi¬manas : XXII
                              <foreign>meyters</foreign> avene </item>
                        <item> et restant : <lb/> VIII<hi rend="sup">XX</hi> VIIII
                              <foreign>meyter</foreign><note> Le singulier est dans le texte
                              original.</note> IIII cupe dimidia avene — et remanent</item>
                     </list></p>
               </div>
               <div xml:id="panes">
                  <head>panes </head>
                  <p><lb/> idem reddit computum <list>
                        <item> de XVII panibus receptis in dicta castellania de redditu per an¬num </item>
                        <item> de IX panibus dimidio receptis apud Curtiacum<note> Dans le
                              Dictionnaire topographique du département de l’Ain, on voit, dès 950,
                              les formes Curtiacum et Curciacum alterner dans les chartes de Cluny.
                              La plus récente attestation de Curtiat, pour l’actuel Curciat, fournie
                              par Édouard Philippon date de 1790. </note> pro parte domini per annum
                        </item>
                     </list></p>
                  <p><lb/> summa : XXVI panes dimidius — venduntur ut infra </p>
               </div>
               <div xml:id="galline">
                  <head>galline </head>
                  <p><lb/> idem reddit computus <list>
                        <item> de III<hi rend="sup">C</hi> gallinis receptis in dicta castellania de
                           redditu et consue¬tudine hoc anno </item>
                     </list></p>
                  <p><lb/> summa : III<hi rend="sup">C</hi> galline — venduntur ut infra </p>
               </div>
               <div xml:id="fenum">
                  <head>fenum </head>
                  <p><lb/> idem reddit computum <list>
                        <item> de VIII charratis feni receptis de exitu mansi Rafinorum et
                              vi¬gulti<note> Pour virgulti.</note> domini hoc anno </item>
                     </list></p>
                  <p><lb/> summa : VIII charrate feni </p>
               </div>
               <div xml:id="trosse_feni">
                  <head>trosse feni </head>
                  <p><lb/> idem reddit computum <list>
                        <item> de LXXII trossis feni receptis in dicta castellania de redditu per
                           annum — venduntur ut infra</item>
                     </list></p>
               </div>
               <div xml:id="cera">
                  <head>cera </head>
                  <p><lb/> idem reddit computum <list>
                        <item> de LXXIII libris cere receptis in dicta castellania de gardis et
                           recognitionibus hoc anno</item>
                     </list></p>
                  <p><lb/> summa : LXXIII libre cere — et remanent </p>
               </div>
               <div xml:id="ferreria">
                  <head>ferraria </head>
                  <p><list>
                        <item><lb/> de ferraria non computat quia non fuerunt ibi ferrarii</item>
                     </list></p>
               </div>
               <div xml:id="obolus_auri">
                  <head>obolus auri </head>
                  <p><lb/> idem reddit computum <list>
                        <item> de I obolo auri recepto de Stephano Guillaudi de garda per an¬num —
                           venditur ut infra</item>
                     </list></p>
               </div>
               <div xml:id="vinum">
                  <head>vinum </head>
                  <p><lb/> idem reddit computum <list>
                        <item> de III assinatis<note> Pour asinatis.</note> vini receptis de exitu
                           treliarum vilgulti<note> Pour virgulti.</note> domini<note> La rédaction
                              primitive a été raturée.</note> in vindemiis, anno nonagesimo septimo
                        </item>
                     </list></p>
                  <p><lb/> summa : III asinate vini </p>
               </div>
               <div xml:id="denarii_census">
                  <head>denarii census </head>
                  <p><lb/> idem reddit computum <list>
                        <item> de XVI libris XIIII solidis II denariis parisiensium receptis de
                           redditu in dicta castellania per annum ut in computo precedenti </item>
                        <item> de VIII denariis <lb/> receptis de Humberto Laurenti et fratribus
                           suis pro eodem </item>
                        <item> de II solidis receptis de Humberteto de Bosco pro eodem </item>
                        <item> de VIII denariis receptis de Guillermo de
                              <lb/><foreign>Chichineres</foreign> pro eodem </item>
                        <item> de VI solidis VIII denariis receptis de Stephano Porterii et filio
                           Humberti <foreign>Goutru</foreign> pro eodem </item>
                        <item> de CVII solidis VI denariis <lb/> receptis apud Curciacum pro parte
                           do¬mini </item>
                        <item> de XL solidis receptis de Iohanne <foreign>della
                              Varena</foreign><note> Écrit dellavarena.</note> et aliis pareriis
                           suis pro <foreign>vavra Mayso¬neyra</foreign> pro <lb/> parte domini </item>
                        <item> de VII solidis receptis de Hugone <foreign>Pinol</foreign> pro eodem </item>
                        <item> de III solidis IIII denariis receptis de Guillermo
                              <foreign>Chrispinout</foreign> pro eodem </item>
                        <item> de V solidis receptis de <lb/> filio Stephani
                              <foreign>Putout</foreign> pro rebus <foreign>del Parchet</foreign>
                           sibi albergatis de novo pro tanto </item>
                        <item> de II solidis receptis de Ponceto<note> On avait d’abord écrit
                              Ponceti, et la terminaison est raturée.</note> Vialeti pro quibusdam
                           <lb/> rebus sibi dimissis per dominum comitem </item>
                     </list></p>
                  <p><lb/> summa : XXV libre IX solidi parisiensium </p>
               </div>
               <div xml:id="recognitiones_et_garde">
                  <head>recognitiones et garde<note> recognitiones <lb/> et garde</note></head>
                  <p><lb/> idem reddit computum <list>
                        <item> de VIII libris parisiensium receptis de hominibus Montis
                              Me¬rule<note> Aujourd’hui Montmerle, c<hi rend="sup">ne</hi> de
                              Lescheroux, ancienne chartreuse.</note> de gardis per annum, que
                           levantur in Nativitate Domini, videlicet de quolibet <lb/> foco duodecim
                           denarii parisiensium, et sic valet aliquando plus aliquando minus </item>
                        <item> de VIII libris VIII solidis VI denariis receptis in dicta castellania
                           de gardis <lb/> et recognitionibus per an¬num ut in computo
                           precedenti</item>
                     </list></p>
                  <p><lb/> summa : XVI libre VIII solidi VI denarii parisiensium </p>
               </div>
               <div xml:id="tallie">
                  <head>tallie </head>
                  <p><lb/> idem reddit computum <list>
                        <item> de XL libris parisiensium receptis de hominibus talliabilibus domini
                              <add place="interlinear">receptis</add> in dicta castellania ad
                              missericordiam<note> Pour misericordiam.</note>, et levantur in anno
                           duobus <lb/> terminis, videlicet in Carniprivio et festo beati
                           Bertholomei</item>
                     </list></p>
                  <p><lb/> summa : XL libre parisiensium </p>
               </div>
               <div xml:id="firme">
                  <head>firme </head>
                  <p><lb/> idem reddit computum <list>
                        <item> de LXXIII solidis IIII denariis parisiensium receptis de firma furni
                           Sancti Triverii finienda in festo beati Iohannis Bapthiste, anno <lb/>
                              nonagesimo<note> no<lb/>nagesimo</note> octavo </item>
                        <item> de XLII libris VIII<note> On avait d’abord écrit XIII, et le nombre a
                              été raturé.</note> solidis IIII denariis receptis de Iohanne
                              <foreign>Sanon</foreign> de firma leyde et copona¬gii Sancti Triverii
                           finita in festo <lb/> beate Agathes, anno nonagesimo septimo<note> Le
                              mercredi 5 février 1298 (nouveau style).</note>, et tunc data fuit ad
                           firmam Iohanni Englico per unum annum pro quadraginta una libris sex
                           <lb/> solidis octo denariis parisiensium </item>
                        <item> de XII libris receptis de firma chacipollarie Sancti Triverii finita
                           in vigilia Pasche, anno nonagesimo <lb/> septimo, sumpto millesimo in
                              Pascha<note> Le samedi 5 avril 1298 (nouveau style).</note></item>
                        <item> de IIII libris receptis de firma blaerie Sancti Triverii finita in
                           festo beati Bertholomei, anno <lb/><sic>anno</sic> nonagesimo septimo </item>
                        <item> de XII libris receptis de firma blaerie et chaci¬pollarie<note> Pour
                              chacipollerie.</note> de <foreign>Cormo</foreign><note> Aujourd’hui
                              Cormoz. </note> finienda in festo beati Iohannis Bapthiste, <lb/> anno
                           nonagesimo octavo </item>
                        <item> de VIII libris receptis de <add place="interlinear">medietate</add>
                              firme<note> On avait d’abord écrit firma, mais la dernière lettre a
                              été effacée et corrigée.</note> blaerie et chaci¬pollarie de
                              <foreign>Buysiroles</foreign><note> Aujourd’hui Buisserolle, c<hi
                                 rend="sup">ne</hi> de Varenne-Saint-Sauveur
                              (Saône-et-Loire).</note> et de <foreign>Tageyset</foreign><note>
                              Aujourd’hui Tagiset, c<hi rend="sup">ne</hi> de Sainte-Croix
                              (Saône-et-Loire).</note> finita in <lb/> festo beati Iohannis
                           Bapthiste, anno nonagesimo septimo, et de alia medietate computavit<note>
                              Ces cinq mots ont remplacé une rédaction précédente, qui a été
                              effacée.</note> in computo precedenti </item>
                        <item> de VIII libris receptis de <lb/> medietate eiusdem firme finiende in
                           festo beati Iohannis Bapthiste, anno nonagesimo octavo, et tunc debetur
                           tantumdem </item>
                        <item> de XXVI solidis <lb/> VIII denariis receptis de firma blaerie de
                           Curciaco pro parte domini finita in festo beati Bartholomei, anno
                           nonagesimo septimo </item>
                        <item> de X solidis <lb/> receptis de paysonagio nemoris
                              <foreign>d’Arnay</foreign><note> Écrit darnay.</note> pro parte domini </item>
                        <item> de LIII solidis IIII denariis receptis de paysonagio nemoris de
                              <foreign>Chamandrey</foreign><note> Écrit ici Chanandrey par
                              inadvertance, ce toponyme reprend sa forme habituelle à la ligne
                              suivante. Au¬jourd’hui Chamandray, c<hi rend="sup">ne</hi> de Cormoz,
                              ou Le Bois de Chamandre, c<hi rend="sup">ne</hi> de
                           Foissiat.</note></item>
                        <item><lb/> de XXXVII solidis receptis de teysis domorum Sancti Triverii,
                           que levantur in octabis Penthecostes<note> Pour
                           Pentecostes.</note></item>
                        <item> de exitu nemoris de <foreign>Chamandrey</foreign> mortui<note>
                              mor<lb/>tui</note><lb/> et <foreign>d’Arnay</foreign> nichil
                              computat<note> On a écrit computa, puis ajouté le t final dans
                              l’interligne supérieur.</note>, quia dominus inhibuit quod nichil
                           scinderetur in dictis nemoribus </item>
                     </list></p>
                  <p><lb/> summa : IIII<hi rend="sup">XX</hi> XVI libre XIII solidi VIII denarii
                     parisiensium </p>
               </div>
               <div xml:id="laudes_et_vende">
                  <head>laudes et vende </head>
                  <p><lb/> idem reddit computum <list>
                        <item> de XX solidis parisiensium receptis de Bernardo
                              <foreign>Raschet</foreign>, de <foreign>Pri-vaios</foreign><note>
                              Vraisemblablement Privage, c<hi rend="sup">ne</hi> de
                              Saint-Julien-sur-Reyssouze.</note>, pro laudibus et vendis rerum
                           emptarum a liberis Aymonis, fratris sui, <lb/> pretio sex librarum
                           tresdecim solidorum et quatuor denariorum parisiensium </item>
                        <item> de IIII solidis receptis de Ponceto <foreign>della
                              Rueta</foreign><note> Écrit dellarueta.</note> pro iure et partagio
                           quod habet Guillermo <foreign>della <lb/> Rueta</foreign><note>
                              del<lb/>larueta</note>, frater suus, in manso <foreign>della
                              Rueta</foreign> vendito eidem Ponceto pretio viginti sex solidorum
                           octo denariorum </item>
                        <item> de XXVI solidis VIII denariis receptis de Stephano
                              <foreign>Channel</foreign><note> chan<lb/>nel</note><lb/> et fratribus
                           suis pro rebus emp¬tis a dicta Bruna, filia quondam Bernardi
                              <foreign>Channel</foreign>, pretio octo librarum </item>
                        <item> de III solidis receptis de Iohanneta, relicta <lb/><foreign>al
                              Gros</foreign><note> Écrit algros.</note> pro quittatione sibi facta
                           per Iohannetam, filiam quondam a <foreign>Donguczon</foreign><note> Écrit
                              adonguczon.</note> pretio viginti solidorum parisiensium </item>
                        <item> de XII denariis receptis de Guillermo Perroudini <lb/> pro novem
                           denariis parisiensium census sibi venditis a Guioneto <foreign>delles
                              Chavanes</foreign><note> Écrit delleschavanes.</note> pretio novem
                           solidorum parisiensium </item>
                        <item> de III solidis receptis de Guioto <foreign>Coytous</foreign> pro
                           <lb/> rebus adquisitis a dompno Petro <foreign>Croysart</foreign> pretio
                           viginti solidorum parisiensium </item>
                        <item> de VI solidis receptis de Perraudo <foreign>Cusin</foreign> pro
                           laudibus et vendis rerum emptarum <lb/> a Io¬hanne
                              <foreign>Margaron</foreign> et eius uxore pretio quadraginta solidorum </item>
                        <item> de XII solidis receptis de Ste¬phano <foreign>La
                              Quilli</foreign><note> Écrit laquilli.</note> pro laudibus et vendis
                           rerum emptarum a dicto
                              <foreign>Gras</foreign><lb/><foreign>Buel</foreign> et eius uxore
                           pretio quatuor librarum </item>
                        <item> de XVI solidis receptis de dicto Stephano pro rebus emptis de Iohanne
                              <foreign>Margaron</foreign> pretio centum sex solidorum octo <lb/>
                           denariorum</item>
                     </list></p>
                  <p><lb/>summa : IIII libre XI solidi VIII denarii parisiensium </p>
               </div>
               <div xml:id="introgia_perquisita_escheyte_inventa">
                  <head>introgia, perquisita, escheyte, inventa<note> introgia per <lb/>quisita
                        eschoyte <lb/>in venta</note></head>
                  <p><list>
                        <item><lb/> de introgiis, perquisitis, escheytis et inventis nichil</item>
                     </list></p>
               </div>
               <div xml:id="complainte">
                  <head>complainte </head>
                  <p><lb/> idem reddit computum <list>
                        <item> de XL libris parisiensium receptis de burgensibus Sancti Triverii pro
                           subsidio facto domino pro dote solvenda Margarite, filie sue</item>
                     </list></p>
                  <p><lb/> summa : XL libre parisiensium </p>
               </div>
               <div xml:id="banna">
                  <head>banna </head>
                  <p><lb/> idem reddit computum <list>
                        <item> de VI libris XIII solidis IIII denariis parisiensium receptis de
                           Galtero <foreign>della Varena</foreign><note> Écrit dellavarena.</note>
                           pro banno furti </item>
                        <item> de XX solidis receptis de filio Perroudi
                              <foreign>Juglerot</foreign><note> iugle<lb/>rot</note><lb/> pro banno
                           sanguinis </item>
                        <item> de LIII solidis IIII denariis receptis de Iohanne Ranerii pro eo quod
                           quoddam supertunicale et quoddam capucium qui sibi committebantur ad
                           <lb/> reddendum Hugoni Graterii non reddiderat ut debuisset sed de hiis
                           usus fuerat </item>
                        <item> de LXVI solidis VIII denariis receptis de dicto
                              <foreign>Refranart</foreign> pro banno <lb/> furti </item>
                        <item> de XXVI solidis VIII denariis receptis de Humberto
                              <foreign>Goutru</foreign> pro seysina fracta </item>
                        <item> de XX solidis receptis de dicto <foreign>Bertin</foreign> pro eodem </item>
                        <item> de XL solidis receptis de <lb/> Bernardo <foreign>Vetos</foreign> pro
                           eodem </item>
                        <item> de X solidis receptis de Benedicta <foreign>de Nancia</foreign><note>
                              Aujourd’hui Nanciat, c<hi rend="sup">ne</hi> de
                              Saint-Nizier-le-Bouchoux.</note> pro banno adulterii </item>
                        <item> de LX solidis receptis de Morelleto <foreign>deuz
                           Chaneys</foreign><lb/> quia adcusabatur male cepisse de maeria </item>
                        <item> de XX VI solidis VIII denariis receptis de Stephano <foreign>della
                              Chardeneri</foreign><note> Écrit dellachardeneri.</note> pro fractura
                           seysine </item>
                        <item> de <lb/> XX solidis receptis de Guillermo <foreign>Lorent</foreign>
                           pro banno sanguinis </item>
                        <item> de X solidis receptis de Iohannino <foreign>Ty¬baudot</foreign> quia
                           dixerat cuidam quod erat latro </item>
                        <item><lb/> de XII solidis receptis de Bernardo <foreign>Rangoys</foreign>
                           pro banno furti </item>
                        <item> de XXVI solidis VIII denariis receptis de Stephano <foreign>de
                              Ronjon</foreign><note> Écrit ronion. Aujourd’hui Ronjon, c<hi
                                 rend="sup">ne</hi> de Cormoz.</note> quia custodie¬rat animalia
                           <lb/> sua de nocte in faveria<note> Voir Godefroy, vol. 3, p. 737, s. v.
                              faviere, " champ de fèves ".</note> aliena </item>
                        <item> de XIII solidis IIII denariis receptis de Laurentio <foreign>de
                              Mastrinia</foreign><note> Aujourd’hui Matrignat, c<hi rend="sup"
                                 >ne</hi> de Saint-Nizier-le-Bouchoux.</note> quia male cepit, ut
                           dicebatur, de nemore <lb/><foreign>d’Arney</foreign></item>
                        <item> de XL solidis receptis de Guillermo <foreign>Chalviat</foreign> quia
                           male ceperat, ut dicebatur, quemdam cutellum </item>
                        <item> de XL solidis receptis de dicto <foreign>Upet</foreign> quia <lb/>
                           celaverat ius domini </item>
                        <item> de XIII solidis IIII denariis receptis de Guioneto
                              <foreign>Germanat</foreign> quia male inposuerat<note> Pour
                              imposuerat.</note> sociis suis sinbolum<note> Pour symbolum.
                              Vraisemblablement, dans ce contexte, " écot ".</note> in taberna </item>
                        <item><lb/> de XIII solidis IIII denariis receptis de dicto
                              <foreign>Marcellat</foreign> quia ceperat quemdam sacum salis et eum
                           non reddiderat </item>
                        <item> de XIII solidis IIII denariis receptis de quadam <lb/> muliere quia
                           fecerat sanguinem cuidam mulieri </item>
                        <item> de XX solidis receptis de Bernardo <foreign>Bercat</foreign> pro
                           banno sanguinis </item>
                        <item> de XL solidis receptis de Guillermo <lb/> Pilleti pro banno furti </item>
                        <item> de XIII solidis IIII denariis receptis de Stephano Guillaudi quia
                           vocaverat quamdam mulierem " veterem hereticam " </item>
                        <item> de XXXIII solidis <lb/> IIII denariis receptis de Stephano
                              <foreign>Polen</foreign> quia adcusabatur male ce¬pisse quamdam vangam </item>
                        <item> de XL solidis receptis de filio Iocerandi et filio Humberti
                              <lb/><foreign>Testtu </foreign>quia verberaverant de nocte filium
                           Aymonardi </item>
                        <item> de XXVI solidis VIII denariis receptis de Stephano
                              <foreign>Putouz</foreign> pro seysina fracta </item>
                        <item> de XX solidis receptis <lb/> de filio Iohannis
                              <foreign>Guitart</foreign> pro banno sanguinis </item>
                        <item> de XIIII solidis recep¬tis de dicto <foreign>Jacout</foreign> et eius
                           filio, qui adcussabantur<note> Lire accusabantur.</note> male cepisse de
                           nemore <lb/> Peroneti de Fuysiaco<note> Aujourd’hui
                           Foissiat.</note></item>
                        <item> de XIII solidis IIII denariis receptis de dicto
                              <foreign>Pancer</foreign> quia adcusabatur quamdam mulierem
                              verberase<note> Lire verberasse.</note></item>
                        <item> de XX solidis receptis de Pofeto, <lb/> filio Thome
                              <foreign>Charreton</foreign>, quia adcusabatur quamdam mulierem ultra
                           voluntatem eius carnaliter cognovisse </item>
                     </list></p>
                  <p><lb/> summa : XL libre XI solidi IIII denarii parisiensium, deductis quatuor
                     libris octo solidis pro parte castellani, capientis <lb/> in libra duos solidos
                  </p>
               </div>
               <div xml:id="clame">
                  <head>clame </head>
                  <p><lb/> idem reddit computum <list>
                        <item> de XL solidis receptis de minutis clamis per iddem<note> Lire
                              idem.</note> tempus</item>
                     </list></p>
                  <p><lb/> summa : XL solidi parisiensium </p>
               </div>
               <milestone n="19" unit="vue"/>
               <pb n="21"/>
               <note> Les trois premières lignes de la peau sont restées blanches.</note>
               <div xml:id="herba">
                  <head>herba </head>
                  <p><lb/> idem reddit computum <list>
                        <item> de IIII libris parisiensium receptis de herba pratorum
                              <foreign>delles co¬munes de Buysiroles</foreign> hoc anno</item>
                     </list></p>
                  <p><lb/> summa : IIII libre parisiensium </p>
               </div>
               <div xml:id="corvagium">
                  <head>corvagium </head>
                  <p><lb/> idem reddit computum <list>
                        <item> de LX libris parisiensium receptis de corvagio castellanie Sancti
                           Triverii, de hiis que recepit de dicto corvagio usque ad presentem <lb/>
                           diem, et iniunctum est ei quod id quod remanet ad recuperandum de dicto
                           corvagio ipse recuperet — quod qui¬dem corvagium levat et recuperat <lb/>
                           magister Hugo <foreign>Cusers</foreign>, qui debet recuperare illud quod
                           restat ad recuperandum et inde computare — et levatur dictum corvagium de
                           quolibet <lb/> bove seu vaca habentibus unum annum et supra existentibus
                           in dicta castellania et de qualibet equa seu roncino habente unum annum
                           et <lb/> supra quatuor denarii parisiensium </item>
                     </list></p>
                  <p> summa : LX libre parisiensium </p>
               </div>
               <div xml:id="leva_pontis">
                  <head>leva Pontis d’Entz<note> leva pontis <lb/> dentz</note></head>
                  <p><lb/> idem reddit computum <list>
                        <item> de XXVI libris XIII solidis IIII denariis parisiensium receptis de
                           leva Pontis de Entz<note> Aujourd’hui Pont-d’Ain.</note> in dicta
                           castellania, et levatur pro quolibet iugo bovum <lb/> in dicta
                           castellania quatuor denarios parisiensium et pro uno bove duo denarios
                           parisiensium et pro foco quolibet in quo non sunt boves quatuor denarios
                           parisiensium </item>
                     </list></p>
                  <p><lb/> summa : XXVI libre XIII solidi IIII denarii parisiensium </p>
               </div>
               <div xml:id="venditiones">
                  <head>venditiones </head>
                  <p><lb/> idem reddit computum <list>
                        <item> de XX solidis VIII denariis parisiensium receptis de viginti sex
                           panibus et dimidio venditis ut supra pro tanto </item>
                        <item> de LXXV solidis receptis <lb/> de trescentum<note> Pour trecentis.
                              Une rédaction antérieure a été effacée.</note> gallinis venditis ut
                           supra, qualibet gallina tribus denariis parisiensium </item>
                        <item> de LXXII solidis receptis de sexaginta duodecim trossis feni <lb/>
                           venditis ut supra, qualibet trossa vendita duo¬decim denariis
                           parisiensium </item>
                        <item> de VI solidis receptis de uno obolo auri vendito ut supra pro tanto
                        </item>
                     </list></p>
                  <p><lb/> summa : VIII libre XIII solidi VIII denarii parisiensium</p>
               </div>
               <div>
                  <p><lb/> summa recepte : III<hi rend="sup">C</hi> LX V libre XIIII denarii
                     parisiensium</p>
               </div>
            </div>
         </div>
         <div type="subaccount">
            <div xml:id="prologue_2">
               <p><lb/> Computus eiusdem castellani de exitibus Belli Visus<note> Aujourd’hui Bevet,
                        c<hi rend="sup">ne</hi> de Beaupont.</note> per supradictum tempus de quo
                  computat </p>
            </div>
            <div xml:id="recepte_2">
               <div xml:id="frumentum_2">
                  <head>frumentum </head>
                  <p><lb/> idem reddit computum <list>
                        <item> de I quartallo dimidio frumenti recepto de Guillermo
                              <foreign>Masuer</foreign> de redditu per annum </item>
                        <item> de III quartallis dimidio receptis de medietate firme molendini <lb/>
                           Belli Visus finita<note> Il faudaitt lire finite et finiende, car ces
                              mots déterminent firme et non medietate. Logique et grammaire sont
                              mieux respectées dans la recette de seigle.</note> in festo Omnium
                           Sanctorum, anno nonagesimo septimo, et de alia medietate computavit in
                           computo precedenti </item>
                        <item> de IIII quartallis receptis de medietate <lb/> firme dicto¬rum
                           molendinorum finienda in Nativitate Domini, anno nonagesimo octavo, et
                           tunc de¬betur tantumdem </item>
                        <item> de exitu molendini de <foreign>Cropet</foreign><note> Aujourd’hui
                              Croppet, c<hi rend="sup">ne</hi> de Beaupont.</note> nichil, quia
                           <lb/> nundum est refectum dic¬tum molendinum</item>
                     </list></p>
                  <p> summa : IX quartalli frumenti — et remanent </p>
               </div>
               <div xml:id="siligo_2">
                  <head>siligo </head>
                  <p><lb/> idem reddit computum <list>
                        <item> de XII quartallis dimidio siliginis receptis de medietate firme dicti
                           molendini Belli Visus finite in festo Omnium Sanctorum, anno nonagesimo
                           <lb/> septimo, et de alia medietate computavit in computo precedenti </item>
                        <item> de XIII quartallis re¬ceptis de medietate firme dicti molendini Belli
                           Visus finiende <lb/> in Nativitate Domini, anno nonagesimo octavo, et
                           tunc debetur tantumdem </item>
                        <item> de XXIII quartallis receptis de lunatione per annum </item>
                     </list></p>
                  <p><lb/> summa : XL VIII quartalli dimidius siliginis — et remanent </p>
               </div>
               <div xml:id="avena_2">
                  <head>avena </head>
                  <p><lb/> idem reddit computum <list>
                        <item> de III quartallis dimidia cupa avene receptis de redditu Belli Visus
                           per annum </item>
                     </list></p>
                  <p><lb/> summa : III quartalli dimidia cupa avene — et remanent </p>
               </div>
               <div xml:id="galline_2">
                  <head>galline </head>
                  <p><lb/> idem reddit computum <list>
                        <item> de XXI gallinis receptis apud Bellum Visum de redditu et consuetudine
                           per annum</item>
                     </list></p>
                  <p><lb/> summa : XXI galline — venduntur ut infra </p>
               </div>
               <div xml:id="denarii">
                  <head>denarii</head>
                  <p><lb/> idem reddit computum <list>
                        <item> de XI solidis parisiensium receptis in dicta villa de redditu per
                           annum </item>
                        <item> de VIII libris receptis ibidem de tallia hoc anno </item>
                        <item> de VIII <lb/> libris receptis de firma blaerie et chacipollarie<note>
                              Pour chacipollerie.</note> Belli Vissus<note> Lire Visus.</note>
                           finienda in festo beati Iohannis Bapthiste, anno nonage¬simo octavo
                        </item>
                     </list></p>
                  <p><lb/> summa : XVI libre XI solidi parisiensium </p>
               </div>
               <div xml:id="banna_clame_laudes">
                  <head>banna - clame - laudes<note> banna clame <lb/> laudes. La rubrique introgia
                        et inventa n’a pas été jugée nécessaire.</note></head>
                  <p><list>
                        <item><lb/> de bannis, clamis et laudibus que obvenerunt computavit supra in
                           computo Sancti Tri¬verii </item>
                        <item> de introgiis et inventis<note> Écrit in ventis.</note> nichil per
                           <lb/> dictum tempus </item>
                     </list></p>
               </div>
               <div xml:id="venditiones_2">
                  <head>venditiones </head>
                  <p><lb/> idem reddit computum <list>
                        <item> de V solidis III denariis parisiensium receptis de viginti una
                           gallinis venditis ut supra, qualibet gallina vendita tribus denariis
                           parisiensium </item>
                     </list></p>
                  <p><lb/> summa : V solidi III denarii parisiensium</p>
               </div>
               <div>
                  <p><lb/> summa recepte huius computi : XVI libre XVI solidi III denarii
                     parisiensium <lb/> summa recepte duorum computorum : III<hi rend="sup">C</hi>
                        IIII<hi rend="sup">XX</hi> I libre XVII solidi V denarii parisien¬sium </p>
                  <div xml:id="arreragium">
                     <head>arreragium </head>
                     <p><lb/> idem reddit computum <list>
                           <item> de VII<hi rend="sup">XX</hi> IIII libris IIII solidis XI denarii
                              parisiensium receptis de remanentia computi sui precedentis</item>
                        </list></p>
                  </div>
                  <div>
                     <p><lb/> summa recepte cum arreragio predictorum computorum : V<hi rend="sup"
                           >C</hi> XXVI libre II solidi IIII denarii parisiensium</p>
                  </div>
               </div>
            </div>
         </div>
         <div xml:id="expense_et_librate">
            <p><list>
                  <item> de quibus <lb/> pro domibus castri Sancti Triverii et pro domo in qua
                     reponitur fenum do¬mini recoperiendis : VIII solidos parisiensium </item>
                  <item> pro ponte quo itur ad viridarium <lb/> aptando : VI solidos </item>
                  <item> in stipendiis viginti quatuor operariorum facientium piesones<note> Voir
                        Glossaire de la construction, p. 74, s. v. piesona, " pieso : fossé,
                        tranchée de fondation ".</note> ab aula domini usque ad muros clausure
                     castri et piesones<note> pieso<lb/>nes</note><lb/> duorum pilarum que sunt
                     prope pontem versus vilgultum<note> Pour virgultum.</note> : XVI solidos </item>
                  <item> pro treliis vigulti<note> Pour virgulti.</note> domini putandis et
                        trellandis<note> Voir Godefroy, vol. 8, p. 37, s. v. treillier, "
                        treillisser, grillager ".</note>, perticis et <lb/> maeria emptis ad idem et
                     carreagio ipsarum, ut in particulis : LIX solidos IIII denarios parisiensium </item>
                  <item> pro dicta trellia fossoranda mense martii, anno <lb/> nonagesimo<note> On a
                        écrit no<lb/>nonagesimo.</note><foreign> </foreign>septimo : X solidos </item>
                  <item> pro dicta trellia vindemianda : II solidos VI denarios </item>
                  <item> una domo locata <foreign>della Curvilli</foreign> pro blado domini <lb/>
                        reponendo<note> repo<lb/>nendo</note>, quod non poterat poni in castro
                     propter nova edificia que ibi fiunt : XX solidos </item>
                  <item> pro solerio dicte domus plastrando<note> Voir Godefroy, vol. 6, p. 205, s.
                        v. plastrir, " enduire de plâtre ".</note> et hostiis<note> Pour
                        ostiis.</note> dicte <lb/> domus aptandis et una sera ibidem posita : II
                     solidos VIII denarios </item>
                  <item> in pane dato bubulcis qui apportaverunt et carreaverunt virgas <lb/> pro
                     grangia domini iuxta castrum clau¬denda : XX denarios </item>
                  <item> sex balistis finis de cornu ad duos pedes et una balista fina de
                        cornu<note> cor<lb/>nu</note><lb/> ad turnum emptis apud Castillionem de
                        corcinis<note> Pour corsinis.</note> de mandato Petri de Monte Meliano<note>
                        Aujourd’hui Montmélian (Savoie).</note>, clerici presentis ad computum, et
                     portatis apud Sanctum <lb/> Triverium, et rema¬nent ibi penes castellanum : IX
                     libras VI solidos VIII denarios parisiensium </item>
                  <item> in septem balistis domini aptandis et cordis factis <lb/> de novo in ipsis
                     balistis, que remanent ibidem penes castellanum : X solidos </item>
                  <item> in quater viginti<note> Écrit quaterviginti.</note> doliis factis de novo
                     de mandato domini comitis, <lb/> ut dicit, quolibet existente de quatuor
                     pedibus de longitudine, carreagio, fuste ad opus dictorum doliorum et
                     stipendiis duodecim viginti carpentariorum <lb/> operantium<note> On avait
                        d’abord écrit operentium, et le mot est raturé.</note> in dictis doliis
                     tempore vindemiarum, quolibet capiente per diem viginti denarios parisien¬sium,
                     et viginti octo faysis<note> Pour fayssis.</note> circulorum emptis ad idem
                     <lb/> preter circulos factos de nemore domini, et viminibus emptis ad
                        idem<note> Écrit adidem.</note>, et carreagio dictorum circulorum : XXV
                     libras IIII solidos <lb/> VI denarios parisiensium — de quibus doliis tradidit
                     et deliberavit Iacobo de Secuysia<note> Aujourd’hui Susa (Torino).</note> :
                     XXIIII vayssela<note> Voir Godefroy, vol. 8, p. 137, s. v. vaissel, " tonneau
                        ". À défaut d’indication fournie par le texte lui-même, on optera pour le
                        genre neutre de vasculum, mot classique d’où provient celui-ci.</note> seu
                     dolia, per <lb/> litteram ipsius Iacobi de recepta quam red¬dit – que quidem
                     dolia duxit dictus Iacobus apud Pontem Vele pro vino domini ibidem reponendo
                     <lb/> — item tradidit et deliberavit dictus castellanus Hugoni<note> L’initiale
                        est raturée, comme si l’on avait hésité sur le nom.</note> Medici et dompno
                     Guillermo Iosteti, incurato de Buella<note> Aujourd’hui Buellas.</note>, pro
                     vino domini de Treforcio<note> Aujourd’hui Treffort, c<hi rend="sup">ne</hi> de
                        Treffort-Cuisiat.</note> reponendo apud <lb/> Treforcium, per litteras dicti
                     dompni Guillermi et dicti Hugonis de recepta, quas reddit : LVI dolia </item>
                  <item> pro prandio dato hominibus apportantibus servitium domini tertia die
                     Nativi¬tatis Domini : VII solidos </item>
                  <item> in prato domini secando, fenando et recolligendo : VI solidos </item>
                  <item><lb/> in stipendiis Roberti, Anglici custodientis equum<note> Écrit
                        equm.</note> domini apud Sanctum Triverium per undecim septimanas, ut supra
                     in avena, capientis per diem octo denarios viennensium : <lb/> XXX IIII solidos
                     II denarios parisiensium </item>
                  <item> pro ferratura dicti equi per dictum tempus : XVI denarios </item>
                  <item> in stipendiis ipsius castellani pro se, duobus clientibus et una
                        gaytia<note> gay<lb/>tia</note>, <lb/> per unum annum finitum ultima die
                     mensis aprilis, anno nonagesimo octavo, pro viginti quin¬que libris viennensium
                     scampsis ad parisienses denis otenis<note> Pour octonis.</note> : <lb/> XVI
                     libras XIII solidos IIII denarios parisiensium<note> Ce mot a remplacé une
                        rédaction antérieure, qui a été effacée.</note></item>
                  <item> idem libravit Beraudo <foreign>de Vassaleuf</foreign><note> Aujourd’hui
                        Versailleux. Beraud de Versailleux est mentionné à plusieurs reprises dans
                        les notices de la Topographie historique du département de l’Ain, accessible
                        par Gallica : p. 26, p. 131, p. 187, p. 274, p. 291, p. 338, p. 392.</note>,
                     per litteras domini de man¬dato et litteras dicti Beraudi <lb/> de recepta,
                     quas reddit, in quadraginta libris viennensium scampsis ad parisienses : XXVI
                     libras XIII solidos IIII denarios <lb/> parisiensium </item>
                  <item> idem li¬bravit domino comiti per manum Rosseti, clerici ipsius, per
                     litteras ipsius domini et dicti Rosseti de recepta, quas reddit, in triginta
                     <lb/> novem<note> no<lb/>vem</note> libris octo solidis quatuor denariis
                     vien¬nensium, scampsis viennensibus denisoctenis ad parisienses : XXVI libras V
                     solidos VI denarios obolum <lb/> parisiensium </item>
                  <item> idem libravit Viffredo de Chaneto, castellano Pontis Vallium<note>
                        Aujourd’hui Pont-de-Vaux.</note>, de mandato Petri de Monte Meliano, clerici
                     presentis ad computum, per <lb/> duo paria litterarum dicti Guiffredi de
                     recepta, quas reddit, in decem octo libris viennensium : XII libras
                        parisiensium<note> Ces trois mots ont remplacés une rédaction antérieure,
                        qui a été effacée.</note></item>
                  <item><lb/> idem libravit Beraudo Vigerii, cui debentur per annum de feudo sibi
                     facto super<note> On avait d’abord écrit sub, et le mot est raturé.</note>
                     talliis Sancti Triverii que fiunt in Carniprivio, per litteras ipsius de <lb/>
                     recepta quas reddit : XXX solidos parisiensium </item>
                  <item><lb/> idem libravit Iohanni de Franchelens, pro stipendiis suis, moranti in
                     cavalcata Viennesii per decem octo dies, capienti per diem octo solidos, pro
                     sexaginta <lb/> duodecim<note> Pour septuaginta duos.</note> solidis
                     viennensium, per litteras domini Amblardi et magistri Petri de mandato et
                     testimonio, quas reddit : XLVIII solidos parisiensium </item>
                  <item><lb/> idem libravit dompno Iohanni Floridi, de quibus idem dompnus Iohannes
                     computavit, ut in computo ipsius pro hiis que receperat de burgensibus Sancti
                     Triverii <lb/> pro subsidio facto domino per eos in sexaginta libris
                     viennensium : XL libras parisiensium </item>
                  <item><lb/> idem li¬bravit eidem dompno Iohanni Floridi, de quibus idem dompnus
                     Iohannes computavit, ut in computo ipsius pro leva facta in castellania Sancti
                     Triverii pro ponte de Enz <lb/> faciendo ad Portum Nugon<note> Aujourd’hui
                        Pont-d’Ain. Le Port Hugon (ou Nugon) est attesté prope Ambroniacum.</note>,
                     in viginti libris viennensium : XIII libras VI solidos VIII denarios
                     pari¬siensium </item>
                  <item><lb/> idem libravit dicto Roberto Anglico, garcioni domini custodienti equum
                     ip¬sius, pro calciatura ipsius, et pro expensis ipsius et equi a Sancto
                     Triverio <lb/> veniendo ad Burgetum<note> Aujourd’hui Le Bourget-du-Lac
                        (Savoie).</note> : VIII solidos VIII denarios parisiensium </item>
                  <item><lb/> idem libravit in stipendiis quinde¬cim hominum cum armis quos secum
                     duxit ad mandatum ballivi in cursa que fuit ante
                        <foreign>La¬nef</foreign><note> Pour Laniacus, aujourd’hui Lagnieu, comme
                        précédemment Vassaleuf pour Vassaliacus<lb/>Versailleux.</note> die martis
                     et die mercurii<note> Cette ligne a remplacé une rédaction antérieure, qui a
                        été effacée.</note><lb/> ante Carniprivium novum et die mercurii sequenti
                     per maio¬rem partem diei, per litteras dicti ballivi de mandato et de
                     testimonio, quas reddit, in octo libris <lb/> viennensium : C VI<note> Une
                        rédaction antérieure a été effacée.</note> solidos VIII denarios
                     parisiensium </item>
               </list></p>
            <p><lb/> summa expense, salarii et librate : IX<hi rend="sup">XX</hi> IX libre II solidi
               VIII denarii parisiensium </p>
         </div>
         <div xml:id="bilan">
            <p> et sic debet : III<hi rend="sup">C</hi> XXX VI <lb/> libras XIX solidos VIII
               denarios parisiensium <milestone n="20" unit="vue"/><pb n="22"/><list>
                  <item><lb/> petit sibi allocari castellanus expensas factas in edificio castri per
                     Miletum, cui data fuerunt in taschiam, et non habet litteram de <lb/> solutione
                     nec de recepta dicti <foreign>Milet</foreign></item>
                  <item> item petit allocari palos emptos pro palicio faciendo circa vigultum, quod
                     non <lb/> erat completum </item>
                  <item> item petit allocari lapides emptos et scisos pro fenestris et uysiriis
                     fa¬cien¬dis, que non erant facte </item>
                  <item><lb/> item petit allocari opera que debet facere in dicto castro Joffredus
                     Barberius, carpentarius, ad taschiam, que opera nundum sunt completa </item>
                  <item> item petit sibi allocari refectionem furni caronerie datam in taschiam
                     filio magistri Lamberti et de V<hi rend="sup">M</hi><lb/> caronum positis in
                     dicto furno refficiendo </item>
                  <item> item petit sibi allocari expensas factas in recoperiendo grangiam de
                     carroneria </item>
                  <item><lb/> item petit allocari expensas quas fecit cum genti¬bus cum armis apud
                        Burgum<note> Aujourd’hui Bourg-en-Bresse.</note> de mandato ballivi, ut
                     dicit </item>
                  <item><lb/> iniunctum est castellano, sub pena quinquaginta librarum, ne faciat de
                     cetero in negotiis domini drualiam<note> DRUAYLIA, Accessio, corollarium,
                        Drouilles, … quod vulgo dicimus Pot de vin.</note> — quod, si fecerit,
                     dominus comes recuperabit <lb/> integre dictam penam</item>
               </list></p>
         </div>
      </body>
   </text>
</TEI>
