<?xml version="1.0" encoding="UTF-8"?>
<?xml-model href="http://www.tei-c.org/release/xml/tei/custom/schema/relaxng/tei_all.rng" type="application/xml" schematypens="http://relaxng.org/ns/structure/1.0"?><?xml-model href="http://www.tei-c.org/release/xml/tei/custom/schema/relaxng/tei_all.rng" type="application/xml"
	schematypens="http://purl.oclc.org/dsdl/schematron"?>
<TEI xmlns="http://www.tei-c.org/ns/1.0" xml:id="B9942_6">
   <teiHeader>
      <fileDesc>
         <titleStmt>
            <title>Compte d'Étienne de Francheleins (Stephanus de Franchilens), châtelain, pour la
               Saint-Trivier-de-Courtes, du 25 juillet 1296 au 30 avril 1297
               <date type="debut" from-iso="12960725" cert="high"/><date type="fin"
                  from-iso="12970430" cert="high"/></title>
         </titleStmt>
         <publicationStmt>
            <p>Frédéric Chartrain, avec la collaboration de Alain Kersuzan, Nils Mantilleri et Jean-Michel Poisson, 
               <title>Compte d'Étienne de Francheleins (<hi rend="italics">Stephanus de Franchilens</hi>), châtelain, pour la
                  Saint-Trivier-de-Courtes, du 25 juillet 1296 au 30 avril 1297</title>,
               Lyon - Chambéry, 2013 (<title>Documents comptables des Etats de Savoie, XIIIe - XVe s.</title>)</p>
         </publicationStmt>
         <seriesStmt>
            <title>Saint-Trivier-de-Courtes</title>                
         </seriesStmt>
         <sourceDesc>
            <p>Information about the source</p>
         </sourceDesc>
      </fileDesc>
   </teiHeader>
   <text>
      <body>
         <milestone n="15" unit="vue"/>
         <pb n="16"/>
         <div type="subaccount">
            <div xml:id="prologue">
               <p><lb/> Computus domini Stephani <foreign>de Franchilens</foreign>, militis,
                  castellani Sancti Triverii, a die et festo <lb/> sancti Christophori, anno Domini
                     M<hi rend="sup">o</hi> CC<hi rend="sup">o</hi> nonagesimo sexto, usque ad
                  ultimam diem mensis aprilis, anno nonagesimo septimo, <lb/> videlicet de novem
                  mensibus septem diebus, receptus apud Chambayriacum per Petrum de Monte Meliano,
                  clericum, presente <lb/> domino comite, et scriptus per Bernardum Chastaigni,
                  clericum. </p>
            </div>
            <div xml:id="recepte">
               <div xml:id="frumentum">
                  <head>frumentum</head>
                  <p><lb/> idem reddit computum <list>
                        <item> de X meyteriis frumenti receptis de firma decime Sancti Triverii hoc
                           anno in frumento </item>
                        <item> de I <lb/> meyterio II cupis et dimidia receptis de exitu molendini
                           de stanno, deducta tertia<note> Nous lisons ici <hi rend="italics"
                                 >tercia</hi>, <hi rend="italics">recognicionibus</hi>, <hi
                                 rend="italics">hospicii</hi>, <hi rend="italics">Laurencii</hi>,
                                 <hi rend="italics">maliciose</hi>, <hi rend="italics"
                                 >lunacione</hi>, <hi rend="italics">marcio</hi>, <hi rend="italics"
                                 >servicium</hi>, que nous transcrivons – puisque la convention
                              d’édition prescrit dans ce cas l’usage généralisé de la graphie
                              classique – <hi rend="italics">tertia</hi>, <hi rend="italics"
                                 >reco¬gnitionibus</hi>, <hi rend="italics">hos¬pitii</hi>, <hi
                                 rend="italics">Laurentii</hi>, <hi rend="italics">malitiose</hi>,
                                 <hi rend="italics">lunatione</hi>, <hi rend="italics">martio</hi>,
                                 <hi rend="italics">servitium</hi>.</note> parte quam percipit
                           Anglicus pro custodia molendini, <lb/> – respondet minus solito quia
                           cessavit propter deffectum aque, ut dicit </item>
                        <item> de V meyteriis receptis de firma molendini <lb/> de
                              <foreign>Silvignia</foreign><note> Aujourd’hui Servignat.</note>
                           finita in Carniprivio, anno nonagesimo sexto<note> Le mardi 27 février
                              1297 (nouveau style).</note></item>
                        <item> de exitu de¬cime cellararii et decime de <foreign>La <lb/>
                              Chasnea</foreign><note> Aujourd’hui <hi rend="italics">Chanée</hi>,
                                 c<hi rend="sup">ne</hi> de Courtes.</note> nichil hoc anno in
                           frumento </item>
                        <item> de VI<hi rend="sup">XX</hi> VIII meyteriis IIII cupis receptis in
                           castellania Sancti Triverii de redditu <lb/> et donatione per annum </item>
                        <item> de III cupis receptis de Peroneto <foreign>Thiaut</foreign> pro
                           eodem, et non est in extenta </item>
                        <item> de coponagio, <lb/> leyda et chacipolleria respondet infra in
                           firmis</item>
                     </list></p>
                  <p><lb/> summa : VII<hi rend="sup">XX</hi> V meyterie<note> Ce compte utilise la
                        forme féminine <hi rend="italics">meyteria</hi>, comme on le verra à la fin
                        de la recette d’avoine.</note> III cupe frumenti et dimidia <list>
                        <item> de quibus <lb/> libravit domino Iocerando<note> Il est écrit ici <hi
                                 rend="italics">Jacobi</hi>, <hi rend="italics">Jacobo</hi>, <hi
                                 rend="italics">Jaqueto</hi>, <hi rend="italics">Jocerando</hi>, <hi
                                 rend="italics">Joffredo</hi>, <hi rend="italics">Johanne</hi>, <hi
                                 rend="italics">Johanneto</hi>, <hi rend="italics">Johannis</hi>,
                                 <hi rend="italics">jovis</hi>, <hi rend="italics">juvantibus</hi>,
                              mais il a été convenu par le comité d’édition de réserver l’emploi du
                                 <hi rend="italics">j</hi> aux termes vernaculaires.</note> de
                           Balma, militi, per litteram domini comitis de mandato datam die veneris
                           ante Carniprivium <lb/> vetus, anno nonagesimo sexto<note> Le vendredi 2
                              mars 1297 (nouveau style).</note>, quam red¬dit : X meyterias
                           frumenti, de dono domini comitis </item>
                        <lb/>
                        <item> et restant : VI<hi rend="sup">XX</hi> XV meyterie III cupe dimidia
                           frumenti — venduntur ut infra</item>
                     </list></p>
               </div>
               <div xml:id="siligo">
                  <head>siligo</head>
                  <p><lb/> idem reddit computum <list>
                        <item> de LX meyteriis receptis de firma decime Sancti Triverii hoc anno in
                           siligine, excepta decima <lb/> minutorum<note><hi rend="italics"
                                 >minu<lb/>torum</hi></note> bladorum, quam percipit hospitale </item>
                        <item> de IIII cupis receptis de exitu taschie mansi Raffinorum<note> Voir
                                 <hi rend="italics">Raffin</hi> sur la carte de Cassini de
                              Saint-Trivier-de-Courtes.</note> hoc anno </item>
                        <lb/>
                        <item> de VII meyteriis recep¬tis de exitu dicti molendini de stanno hoc
                           anno </item>
                        <item> de XIX meyteriis receptis de firma <lb/> molendini de Silvigniaco
                           finita in Carniprivio, anno nonagesimo sexto </item>
                        <item> de I cupa recepta de exitu cellararie <lb/> hoc anno </item>
                        <item> de III cupis receptis de decima prepositi de <foreign>La
                              Chasnea</foreign> hoc anno </item>
                        <item> de IIII<hi rend="sup">XX</hi> XVI meyteriis receptis <lb/> in dicta
                           castellania de redditu, prepositura et gaytis per annum</item>
                     </list></p>
                  <p><lb/><list>
                        <item> summa : IX<hi rend="sup">XX</hi> III meyterie II cupe siliginis </item>
                        <item> de quibus <lb/> libravit dicto domino Iocerando de Balma, de dono
                           domini comitis, per litte¬ram ipsius datam ut supra in frumento : X
                           meyterias </item>
                        <lb/>
                        <item> item libravit Girerdo Chadrigarii atrahenti<note> On attendrait <hi
                                 rend="italics">Girardo, quadrigario adtrahenti</hi>.</note>
                           sablonem quarrones<note> Lire <hi rend="italics">sablonem et
                                 quarrones</hi> ou <hi rend="italics">sablonem
                              quarronum</hi>.</note> ad castrum, pro messe sua anni preteriti : II
                           meyterias, <lb/> et amodo<note> Il est écrit <hi rend="italics">a
                                 modo</hi>.</note> non debet habere messem quia castellanus debet
                           facere opera in taschia </item>
                        <item> summa librate : XII meyterie </item>
                        <lb/>
                        <item> et sic debet dictus castellanus : VIII<hi rend="sup">XX</hi> XI
                           meyterias II cupas siliginis — venduntur ut supra </item>
                     </list></p>
               </div>
               <div xml:id="avena">
                  <head>avena</head>
                  <p><lb/> idem reddit computum <list>
                        <item> de XX meyteriis avene receptis de firma decime Sancti Triverii hoc
                           anno </item>
                        <item> de decima prepositi <lb/> et cellararii et taschis mansi Raffinorum
                           nichil hoc anno in avena, ut dicit </item>
                        <item> de XXVI meyteriis V cupis <lb/> receptis in castellania Sancti
                           Triverii de redditu et prepositura per annum </item>
                        <item> de III cupis receptis de Peroneto <foreign>Thiaut</foreign> de
                           redditu <lb/> qui non est in extenta </item>
                        <item> de XIIII meyteriis III cupis et dimidia receptis apud Curciacum<note>
                              Aujourd’hui Curciat-Dongalon.</note> pro parte domini de redditu <lb/>
                           per annum </item>
                        <item> de VI<hi rend="sup">XX</hi> VIII meyteriis II cupis receptis in dicta
                           castellania de lunatione per annum </item>
                        <lb/>
                        <item> summa : IX<hi rend="sup">XX</hi> X meyterie I cupa dimidia avene </item>
                        <item> de quibus <lb/> idem libravit ad expensas equorum domini comitis, per
                           manum donni Iacobi, capellani, per litteram ipsius domini comitis et
                           dicti capellani <lb/> datam die martis post <add place="interlinear"
                              >oc¬tabas</add> Epiphanie Domini, anno nonagesimo sexto<note> Le mardi
                              15 janvier 1297 (nouveau style).</note> : VIII meyterias </item>
                        <item> item libravit ad expensas <lb/> dictorum equorum domini comitis, per
                           ma¬num dicti capellani, per litteram ipsius et domini comitis datam die
                           iovis ante Carniprivium <lb/> vetus, anno nonagesimo sexto<note> Le jeudi
                              1er mars 1297 (nouveau style).</note> : XXV meyterias III cupas avene </item>
                        <item> item libravit ad expen¬sas dictorum equorum domini, <lb/> per manum
                           dicti capellani, per litteram datam do-minica de Passione, anno
                           nonagesimo sexto<note> Le dimanche 31 mars 1297 (nouveau style).</note> :
                           XXIIII meyterias I cupam </item>
                        <lb/>
                        <item> item libravit ad expensas equorum dicti domini comitis, per manum
                           dicti capellani, per litteram datam die iovis post Pascha<note> En
                              l’absence d’indication fournie par le texte, nous optons ici pour la
                              forme neutre, la plus fréquemment attestée dans les comptes de Bresse.
                              On pourrait cependant lire <hi rend="italics">Pascham</hi> et <hi
                                 rend="italics">Pasche</hi> au lieu de <hi rend="italics"
                                 >Pascha</hi> et <hi rend="italics">Paschatis</hi>.</note>, anno
                           <lb/> nonagesimo septimo : VIII meyterias </item>
                        <item> item libravit duobus equis <del rend="overstrike">catrig</del>
                              cadrige<note> Pour <hi rend="italics">quadrige</hi>.</note> domini
                              atrahentibus<note> Pour <hi rend="italics">adtrahentibus</hi>.</note>
                           arenam, sablonem<note><hi rend="italics">sablo<lb/>nem</hi></note><lb/>
                           et quarrones ad opera domini a crastino Assumptionis beate Marie, anno
                           nonagesimo sexto, usque ad diem <lb/> mercurii post Epiphaniam Domini,
                           anno eodem, sumpto millesimo in Paschate<note> Le mercredi 9 janvier 1297
                              (nouveau style).</note>, qua domi¬nus Stephanus recepit opera in
                           taschiam, videlicet <lb/> pro septies viginti tresdecim diebus : XXXVIII
                           meyterias I cupam et dimidiam </item>
                        <lb/>
                        <item> summa librate : CIII meyterie V cupas et dimidiam avene <lb/></item>
                        <item> et restant, quas<note> Ce pronom féminin décèle le recours à la forme
                              féminine <hi rend="italics">meyteria</hi>. Voir 2. MEITERIA</note>
                           debet dictus castellanus : IIII<hi rend="sup">XX</hi> VI meyterie II cupe
                           avene — vendun¬tur ut infra</item>
                     </list></p>
               </div>
               <div xml:id="panes">
                  <head>panes</head>
                  <p><lb/> idem reddit computum <list>
                        <item> de XVII panibus receptis in dicta castellania de redditu per an¬num </item>
                        <item> de IX panibus et dimidio receptis <lb/> apud Curciacum pro parte
                           domini per annum </item>
                        <item> summa : XXVI panes et dimidius — venduntur ut infra</item>
                     </list></p>
               </div>
               <div xml:id="galline">
                  <head>galline</head>
                  <p><lb/> idem reddit computum <list>
                        <item> de III<hi rend="sup">C</hi> gallinis receptis in dicta castellania de
                           redditu et consuetudine hoc anno </item>
                        <lb/>
                        <item> summa : III<hi rend="sup">C</hi> galline </item>
                        <item> de quibus <lb/> libravit ad expensas domini comitis, per manum donni
                           Iacobi, capellani, per duo paria litterarum dicti domini comitis et
                           ipsius capellani : <lb/> VII<hi rend="sup">XX</hi> III gallinas </item>
                        <item> item ad expensas ipsius domini comitis, per manum Hugonis de Voyrone
                           : XXXII gallinas </item>
                        <lb/>
                        <item> summa librate : VIII<hi rend="sup">XX</hi> XV galline </item>
                        <lb/>
                        <item> et debet dictus castellanus : VI<hi rend="sup">XX</hi> V gallinas —
                           venduntur ut infra </item>
                     </list></p>
               </div>
               <div xml:id="fenum">
                  <head>fenum</head>
                  <p><lb/> idem reddit computum <list>
                        <item> de XVI charratis feni receptis a domino Guigone de Sura<note>
                              Aujourd’hui <hi rend="italics">Sure</hi>, c<hi rend="sup">ne</hi> de
                              Saint-André-de-Corcy.</note>, castel¬lano ante ipsum, qui fecerat fena
                           ante <lb/> adventum dicti domini Stephani, ut in com¬puto ipsius
                           precedenti de exitu pratorum domini, de quibus pratis recurratur<note>
                              Pour <hi rend="italics">recuratur </hi>?</note><lb/> in <del
                              rend="overstrike">secundo</del> computo precedenti</item>
                     </list></p>
                  <p><lb/>summa : XVI charrate <list>
                        <item> de quibus libravit ad expensas <lb/> sexaginta undecim<note> Pour <hi
                                 rend="italics">septuaginta unius</hi>.</note> equorum domini, per
                           manum donni Iacobi et Hugonis de Voyrone : I charratam </item>
                        <item> item libravit <lb/> ad expensas <add place="interlinear">duorum</add>
                           equorum chadrige<note> Pour <hi rend="italics">quadrige</hi>.</note>
                           domini a die quo dominus Guigo de Sura de¬buit recessisse a castellania
                           usque <lb/> ad diem mercurii post octabas Epiphanie Domini, vi¬delicet
                           tribus centum<note> Pour <hi rend="italics">trecentis</hi>.</note>
                           quinquaginta equis quasi per unam diem : <lb/> VII charratis, quia
                           dici¬tur quod non sunt charrate sed sunt
                              <foreign>menoures</foreign><note> ?</note></item>
                        <item> et debet : <lb/> VIII charratas feni </item>
                        <item><del rend="overstrike">summa librate : VIII charrate</del> — venduntur
                           ut infra </item>
                     </list></p>
               </div>
               <div xml:id="trosse_feni">
                  <head>trosse feni</head>
                  <p><lb/> idem reddit computum <list>
                        <item> de LXXII trossis feni receptis in dicta castellania de redditu per
                           annum — venduntur ut infra </item>
                     </list></p>
               </div>
               <div xml:id="cera">
                  <head>cera</head>
                  <p><lb/> idem reddit computum <list>
                        <item> de <del rend="overstrike">LXIII libris L</del> de LXXIII libris cere
                           receptis in dicta castellania de gardis et recognitionibus <lb/> hoc anno </item>
                        <lb/>
                        <item> summa : LXXIII libre cere </item>
                        <item> de quibus <lb/> libravit ad expensas domini comitis, per manum donni
                           Iacobi, capellani sui, per duo paria litterarum ipsius : LXII libras cere </item>
                        <lb/>
                        <item> et sic debet : XI libras cere — venduntur ut infra </item>
                        <item> de ferreria non computat quia non fuerunt ibi ferrarii nec in adventu
                           suo, scilicet dicti castellani</item>
                     </list></p>
               </div>
               <div xml:id="obolus_auri">
                  <head>obolus auri</head>
                  <p><lb/> idem reddit computum <list>
                        <item> de I obolo auri recepto de Stephano Guillaudi de garda per an¬num —
                           venditur ut infra </item>
                     </list></p>
               </div>
               <div xml:id="vinum">
                  <head>vinum</head>
                  <p><lb/> idem reddit computum <list>
                        <item> de I asinata et dimidia vini recepta de exitu treylliarum
                              vigulti<note> Pour <hi rend="italics">de exitu treilliarum
                                 virgulti</hi>.</note> in vindemiis, anno<note>
                           an<lb/>no</note><lb/> nonagesimo sexto — quod vinum libravit ad expensas
                           hospitii domini comitis, per manum <lb/> donni Iacobi, per litteram datam
                           die martis post octabas Epiphanie Domini, anno nonagesimo sexto</item>
                     </list></p>
               </div>
               <div xml:id="denarii_census">
                  <head>denarii census</head>
                  <p><lb/> idem reddit computum <list>
                        <item> de XVI libris XIIII solidis II denariis parisiensium receptis de
                           redditu in dicta castellania per annum, ut in computo <lb/> precedenti </item>
                        <item> de VIII denariis recep¬tis de Humberto Laurentii et fratribus suis de
                           redditu pro quadam pecia terre sibi albergate<note> On attendrait
                              albergata.</note><lb/> apud <foreign>Mastrignia</foreign><note>
                              Aujourd’hui Matrignat, c<hi rend="sup">ne</hi> de
                              Saint-Nizier-le-Bouchoux.</note></item>
                        <item> de II solidis receptis de Humberteto de Bosco pro quadam pecia terre
                           et prati sibi albergata <foreign>en Digliseis</foreign><note>
                              digli<lb/>seis</note></item>
                        <item><lb/> de VIII denariis receptis de Guillermo <foreign>de
                              Chichineres</foreign> pro quodam curtile sibi albergato pro
                           tanto</item>
                        <item><add place="leftMargin"><lb/>de VI solidis VIII denariis <lb/>
                              receptis de Ste¬phano Porterii <lb/> et filio Humberti
                                 <lb/><foreign>Gotron</foreign> de redditu, <lb/> pro rebus uxorum
                              suarum </add></item>
                        <item> de CVII <lb/> solidis VI denariis receptis apud Curciacum de redditu
                           per annum, pro parte domini </item>
                        <item> de XL solidis receptis de Iohanne <foreign>de La
                           Baremia</foreign><lb/> et de Reynaudo, clerico, de Petro Morelli,
                           Guillermo Christinoudi et de Hugone Bosoneti, de redditu, pro
                              <foreign>Vavra <lb/>Maysoneysa</foreign><note> May<lb/>soneysa</note>,
                           pro parte domini </item>
                        <item> de VII solidis receptis de Hugone <foreign>Pi¬gnout</foreign>,
                              <foreign>del Bioley</foreign>, de redditu per annum, ut in computo
                           precedenti </item>
                        <lb/>
                        <item> de III solidis IIII denariis receptis de Guillermo
                              <foreign>Christinout</foreign>, de redditu per annum, ut in computo
                           prece¬denti</item>
                     </list></p>
                  <p><lb/> summa : XXV libre II solidi parisiensium </p>
               </div>
               <div xml:id="recognitiones_et_garde">
                  <head>recognitiones et garde<note> recognitiones <lb/> et garde</note></head>
                  <p><lb/> idem reddit computum <list>
                        <item> de VIII libris parisiensium receptis de hominibus Montisme¬rule<note>
                              Aujourd’hui Montmerle, c<hi rend="sup">ne</hi> de Lescheroux, ancienne
                              chartreuse.</note>, de garda per annum, que levatur in Nativitate
                           Domini, <lb/> videlicet de quolibet foco duodecim denarii parisiensium,
                           et sic valet aliquando plus aliquando minus </item>
                        <item> de VIII libris VIII solidis VI denariis receptis de <lb/> gardis et
                           recognitionibus in dicta castellania per an¬num ut in computo
                           precedenti</item>
                     </list></p>
                  <p><lb/> summa : XVI libre VIII solidi VI denarii parisiensium</p>
               </div>
               <milestone n="16" unit="vue"/>
               <pb n="17"/>
               <div xml:id="tallia">
                  <head>taillie</head>
                  <p><lb/> idem reddit computum <list>
                        <item> de XL libris parisiensium receptis de hominibus tailliabilibus domini
                           in dicta castellania ad misericordiam et levantur in anno duobus <lb/>
                           terminis, videlicet in Carniprivio et in festo beati Bartholomei </item>
                        <lb/>
                        <item> summa : XL libre parisiensium</item>
                     </list></p>
               </div>
               <div xml:id="firme">
                  <head>firme</head>
                  <p><lb/> idem reddit computum <list>
                        <item> de LXX solidis parisiensium receptis de firma furni Sancti Tri¬verii
                           finienda in festo Nativitatis beati Iohannis baptiste, <lb/> anno
                           nonagesimo septimo </item>
                        <item> de XV libris receptis de Guillermo Christinoudi de firma leyde et
                           coponagii Sancti Triverii finita in <lb/> festo beate Agates<note> Pour
                              Agathes.</note>, anno nonagesimo sexto<note> Le mardi 5 février 1297
                              (nouveau style).</note>, et de residuo <add place="interlinear">dicte
                              firme</add> computavit castellanus ante ipsum </item>
                        <item> de firma chacipollerie Sancti Triverii finita in vigilia Pasche, anno
                           nonagesimo sexto<note> Le samedi 13 avril 1297 (nouveau style).</note>,
                           non computat, quia castellanus ante ipsum <lb/> inde computavit,
                           videlicet de duodecim libris parisiensium </item>
                        <item> de IIII libris re¬ceptis de firma blayerie<note> Pour blaerie.</note>
                           Sancti Triverii finita in festo <lb/> beati Bartholomei, anno nonage¬simo
                           sexto </item>
                        <item> de VI libris XIII solidis IIII denariis receptis de firma blayerie et
                           chacipollerie de <lb/><foreign>Cormout</foreign><note> cor<lb/>mout.
                              Aujourd’hui Cormoz. Cormout plutôt que Cormont, la forme Cormouz étant
                              bien attestée, contraire¬ment à celles-là.</note> finita in Ramis
                           Palmarum, anno nonagesimo sexto<note> Le dimanche 7 avril 1297 (nouveau
                              style).</note></item>
                        <item> de VIII libris receptis de medietate firme blayerie et <lb/>
                              chacipollerie<note> chaci<lb/>pollerie</note> de
                              <foreign>Buxeroles</foreign><note> Aujourd’hui Buisserolle, c<hi
                                 rend="sup">ne</hi> de Varenne-Saint-Sauveur
                              (Saône-et-Loire).</note> et de <del rend="overstrike"
                                 ><foreign>Taseg</foreign></del><foreign>Tageset</foreign><note>
                              Aujourd’hui Tagiset, c<hi rend="sup">ne</hi> de Sainte-Croix
                              (Saône-et-Loire).</note> fi¬nienda in festo beati Iohannis baptiste,
                           anno nonagesimo septimo, et tunc debentur <lb/> tantumdem </item>
                        <item> de XXVI solidis VIII denariis receptis de firma blayerie de Curciaco,
                           pro parte domini, finita in festo beati Bartholomei, <lb/> anno
                           nonagesimo sexto </item>
                        <item> de passonagio nemoris <foreign>d’Arvey</foreign> nichil computat quia
                           non fuit ibi glans </item>
                        <item> de <lb/> XL solidis receptis de passo¬nagio nemoris de
                              <foreign>Chamandrey</foreign><note> Aujourd’hui Chamandray, c<hi
                                 rend="sup">ne</hi> de Cormoz, ou Le Bois de Chamandre, c<hi
                                 rend="sup">ne</hi> de Foissiat.</note> hoc anno </item>
                        <item> de XXIII solidis receptis de exitu nemoris de
                              <lb/><foreign>Chamandrey</foreign> et <foreign>d’Arvey</foreign> pro
                           circulis, chivronibus et carbonibus faciendis, vendito pro tanto </item>
                        <item> de teysis domorum, <lb/> que levantur in octabis Penthecostes<note>
                              Pour Pentecostes.</note>, &lt;nichil&gt;<note> Ce mot a été
                              omis.</note> quia castellanus ante ipsum ipsas recepit et de
                              ipsas<note> Lire ipsis.</note> computavit</item>
                     </list></p>
                  <p><lb/> summa : XLI libre XIII solidi parisiensium </p>
               </div>
               <div xml:id="laudes_et_vende">
                  <head>laudes et vende</head>
                  <p><lb/> idem reddit computum <list>
                        <item> de XV solidis parisiensium receptis de Petro Masuerii pro lau¬dibus
                           medietatis mansi empte a Guicharda et Petronilla, <lb/> filiabus Iohannis
                              <foreign>Raschez</foreign>, pretio centum solidorum parisiensium </item>
                        <item> de IIII solidis receptis de Perronino, filio Durandi <foreign>de
                              Tageset</foreign><lb/> pro rebus emptis a Iaqueto <foreign>de
                              Tageset</foreign> pretio viginti sex solidorum parisiensium </item>
                        <item> de VI solidis receptis de Perraudo <foreign>Juglarat</foreign><lb/>
                           pro rebus emptis de Perroneto <foreign>Petart</foreign> pretio
                           quadraginta solidorum </item>
                        <item> de VI solidis receptis de Stephano <foreign>Bricolas</foreign> pro
                           rebus emptis <lb/> de Perroneto Hugonini et eius sorore, de Bello
                              Visu<note> Aujourd’hui Bevet, c<hi rend="sup">ne</hi> de
                              Beaupont.</note>, pretio quadraginta solidorum </item>
                        <item> de IIII solidis VI denariis receptis de Bernerdo<note> On écrit ici,
                              le plus souvent, Bernerdus, Bererdus, Girerdus, pour Bernardus,
                              Berardus, Girardus.</note><lb/><foreign>Rangoys</foreign> pro
                           medietate domus et curtilis empta a liberis Ruffi <foreign>de
                              Varennes</foreign><note> Aujourd’hui Les Varennes, c<hi rend="sup"
                                 >ne</hi> de Romenay (Saône-et-Loire).</note>, pretio triginta
                           solidorum </item>
                        <item> de III solidis VI denariis <lb/> receptis de Iohanne
                              <foreign>Chieczat</foreign> pro rebus emptis a Margarita, filia
                           Humberti Balistarii, pretio viginti trium solidorum quatuor <lb/>
                           denariorum </item>
                        <item> de III solidis IIII denariis receptis de Ste¬phano <foreign>a
                              L’Espessea</foreign><note> Ce nom désigne peut-être un dépendant de la
                              commanderie hospitalière d’Épaisse, c<hi rend="sup">ne</hi> de
                              Bâgé-la-Ville.</note> pro rebus emptis de Peroneto, filio quondam
                              <foreign>a L’Arbalester</foreign>, pretio <lb/> viginti trium
                           solidorum </item>
                        <item> de VI solidis receptis de Bernerdo Thome pro rebus emptis de
                           Guillermo, filio quondam Boneti de Grandi<note> gran<lb/>di</note><lb/>
                           Valle, pretio quadraginta solidorum </item>
                        <item> de X solidis receptis de Arnoudo <foreign>de Varennes</foreign> pro
                           rebus emptis ab Arnoleto <lb/> et Guillermo <foreign>Borrel</foreign>
                           pretio sexaginta sex solidis octo denariis </item>
                        <item> de VIII solidis receptis de <foreign>Juglerio de
                              Vernouz</foreign><note> Aujourd’hui Vernoux.</note> pro rebus emptis
                           de <lb/> Guillermo <foreign>Contat</foreign> pretio quinquaginta trium
                           solidorum quatuor denariorum </item>
                        <item> de IIII solidis receptis de Bererdo et Perroneto
                              <foreign>Dosdas</foreign> pro rebus <lb/> emptis a Stephano, filio
                           dicti <foreign>Vial</foreign>, pretio viginti sex solidorum octo
                           denariorum </item>
                        <item> de II solidis receptis de Perroneto <foreign>Lo Pelleter</foreign>
                           pro rebus emptis de Peroneto <foreign>Lamarant</foreign> pretio tresdecim
                           solidorum quatuor denariorum</item>
                     </list></p>
                  <p><lb/> summa : LXXII solidi IIII denarii parisiensium </p>
               </div>
               <div xml:id="introgia">
                  <head>introgia</head>
                  <p><lb/> idem reddit computum <list>
                        <item> de XX solidis parisiensium receptis de Stephano
                              <foreign>Pichout</foreign> pro terra <foreign>del Parchet</foreign>
                           filio suo albergata ad quinque solidos parisiensium <lb/> de quibus debet
                           com¬putare anno futuro </item>
                     </list></p>
                  <p> summa : XX solidi parisiensium </p>
               </div>
               <div xml:id="perquisita_et_escheyte">
                  <head>perquisita et escheyte<note> perquisita et <lb/> escheyte</note></head>
                  <p><lb/> idem reddit computum <list>
                        <item> de VI libris XIII solidis IIII denariis parisiensium receptis de
                           Renaudo <foreign>Costert</foreign> de dono facto domino ex eo quod
                           dominus comes <lb/><del rend="overstrike">retinuit et</del> concessit
                           eidem quod unum filium suum naturalem possit instituere heredem in bonis
                           suis </item>
                        <item> de XL solidis <lb/> receptis de Iohanneto <foreign>Iriczay</foreign>,
                           homine episcopi Matisconensis, pro eo quod dominus eidem concessit quod
                           teneat masuram quam tenet pro uxore sua, <lb/> que erat homo nostra, ita
                           quod inde debet reddere domino comite unum filium suum in hominem ligium
                           quando habebit etatem </item>
                        <lb/>
                        <item> de X libris parisiensium receptis de Ponceto Vialeti de concordia
                           facta cum domino de masura sua, quam castellanus dicebat<note>
                              dice<lb/>bat</note><lb/> esse commissam domino, et est sibi dimissa
                           pro duobus solidis de servitio </item>
                     </list></p>
                  <p><lb/> summa : XVIII libre XIII solidi IIII denarii parisiensium </p>
               </div>
               <div xml:id="complainte_et_inventa">
                  <p><lb/><list>
                        <item> de compleintis et inventis nichil hoc anno</item>
                     </list></p>
               </div>
               <div xml:id="banna">
                  <head>banna</head>
                  <p><lb/> idem reddit computum <list>
                        <item> de VI solidis VIII denariis parisiensium receptis de <foreign>La
                              Jugleressa</foreign>, quia accusabatur male cepisse quasdam caligas </item>
                        <lb/>
                        <item> de XL solidis receptis de Thoma <foreign>de La Varenna</foreign>,
                           quia dicebatur vocasse chacipollum homicidam </item>
                        <item> de X solidis receptis <lb/> de Aymonardo de Campis, pro recossa unius
                           equi </item>
                        <item> de III solidis IIII denariis receptis de Guioneto
                              <foreign>Cayffi</foreign>, quia verberaverat <lb/> filium Aymonardi de
                           Campis </item>
                        <item> de VI solidis VIII denariis receptis de Matheo <foreign>de Mont
                              Liiart</foreign><note> Pour Mont Lijart. Aujourd’hui Montléger, c<hi
                                 rend="sup">ne</hi> de Mantenay-Montlin.</note>, quia accusabatur
                           <lb/> quamdam mulierem gravidam verberasse </item>
                        <item> de VI solidis VIII denariis receptis de genero Iohannis
                              <foreign>Pinet</foreign>, quia percusserat <lb/> quemdam puerum </item>
                        <item> de XX solidis receptis de filio Guillermi
                              <foreign>Alguietan</foreign> pro banno adulterii </item>
                        <item> de VI solidis VIII denariis <lb/> receptis de Guillermo
                              <foreign>Badout</foreign>, quia malitiose percuterat<note> Pour
                              percusserat.</note> quemdam vitulum </item>
                        <item> de VI solidis VIII denariis receptis de Guillermo <lb/><foreign>Lo
                              Terraillon</foreign>, quia accusabatur male cepisse de blado </item>
                        <item> de X solidis receptis de Hugone Masuer, quia dixerat Hugoni
                              <lb/><foreign>Arbuer</foreign> quod male ceperat quamdam ferraturam </item>
                        <item> de LIII solidis IIII denariis receptis de Guillermo
                              <foreign>Comtat</foreign>, quia fraudulanter<note> fraudu<lb/>lanter.
                              Pour fraudulenter. Le premier u a été ajouté dans l’interligne
                              supérieur.</note><lb/> imposuerat aquam in blado decime de
                              <foreign>Vernous</foreign></item>
                        <item> de XIII solidis IIII denariis receptis de Iohanne de Operatorio,
                           <lb/> quia dixerat verba iniuriosa uxori Chrispinoudi </item>
                        <item> de XIII solidis IIII denariis receptis de Iohanne
                              <foreign>Odebert</foreign>, quia <lb/> canabum suum in cauda parvi
                           stanni vexa¬verat </item>
                        <item> de XXVI solidis VIII denariis receptis de filio
                              <foreign>Chasta</foreign> pro banno<note> ban<lb/>no</note><lb/> furti </item>
                        <item> de XIII solidis IIII denariis receptis de dicto
                              <foreign>Veelet</foreign>, quia fuit inventus in vinea vigulti<note>
                              Pour virgulti.</note> Sancti Triverii </item>
                        <lb/>
                        <item> de XIII solidis IIII denariis receptis de quodam homine versus domum
                           Giroudi <foreign>Gaytout</foreign> pro banno adulterii </item>
                        <item> de LX solidis <lb/> receptis de filio <foreign>a La Beyssi</foreign>
                           pro banno sangui¬nis </item>
                        <item> de XX solidis receptis de Durando <foreign>de Mont
                              Raschier</foreign><note> Aujourd’hui Montrachy, c<hi rend="sup"
                                 >ne</hi> de Saint-Nizier-le-Bouchoux.</note>, quia invaserat <lb/>
                           iniuste filium <foreign>a La Bayssi</foreign></item>
                        <item> de LXXIII solidis IIII denariis receptis de Andrea de Monte pro banno
                           furti </item>
                        <item> de <lb/> VI libris XIII solidis IIII denariis receptis de Peroneto
                              <foreign>Chantalou</foreign> pro banno furti </item>
                        <item> de XXXIII solidis IIII denariis receptis <foreign>deuz
                              Rossaz</foreign><note> ros<lb/>saz</note><lb/><foreign>del Boschat
                           </foreign>pro saysina fracta </item>
                        <item> de XXVI solidis VIII denariis receptis de Aymone
                              <foreign>Manea</foreign> pro saysina fracta </item>
                        <lb/>
                        <item> de XL solidis receptis de Guillermeta <foreign>La Dublici</foreign>,
                           quia dixerat verba iniuriosa sorori sue </item>
                        <item> de VI solidis VIII denariis <lb/> receptis de Bernardo
                              <foreign>Chantalou</foreign>, quia inventus fuit de nocte in quadam
                           vinea </item>
                        <item> de VI solidis VIII denariis receptis <lb/> de Aymoneto
                              <foreign>Pinot</foreign>, quia accusabatur eradicasse quamdam arborem </item>
                        <item> de XL solidis receptis de Pancerio pro penis <lb/> sibi impositis </item>
                        <item> de XXXIII solidis IIII denariis receptis de Stephano
                              <foreign>Puthoudi</foreign>, quia occupaverat de terra Hu¬gonoudi </item>
                        <item> de XL solidis receptis <lb/> a dicto Pancerio pro banno <del
                              rend="overstrike">Pan</del> adulterii </item>
                        <item> de XIII solidis IIII denariis receptis de dicta<note> On avait
                              d’abord écrit dicto, et le mot est raturé.</note><foreign>La
                              Varonda</foreign> pro saysina fracta </item>
                        <lb/>
                        <item> de XIII solidis IIII denariis receptis de Thoma <foreign>de La
                              Varenna</foreign> pro spoliatione terre </item>
                        <item> de XIII solidis IIII denariis receptis de Guioneto<note>
                              guio<lb/>neto</note><lb/> Ambruseti pro saysina fracta </item>
                        <item> de XLVI solidis VIII denariis receptis de Renaudo
                              <foreign>Costert</foreign>, quia Perretum
                              <lb/><foreign>Vetos</foreign> ebrium maletractari permi¬sit expendendo
                           pecuniam suam in domo sua </item>
                        <item> de XIII solidis IIII denariis receptis <lb/> de Hugueta, uxore
                           Bernerdi <foreign>Bochart</foreign>, pro banno sanguinis </item>
                        <item> de XIII solidis IIII denariis receptis de filio Guichardeti<note>
                              guichar<lb/>deti</note><lb/><foreign>Oler</foreign>, quia invenerat
                           quamdam bursam nec eam reddiderat </item>
                        <item> de LX solidis receptis de dicto <foreign>Losto</foreign> pro saysina
                           <lb/> fracta </item>
                        <item> de XX solidis receptis de quadam muliere de Monte Pavone<note>
                              Toponyme non identifié.</note><del rend="overstrike">pro
                              b&lt;anno&gt;</del>, quia accusabatur de furto <lb/></item>
                        <item> de VI libris XIII solidis IIII denariis receptis de dicto
                              <foreign>Hupet</foreign>, Humberto, Bernardo, Chrispino Pothelli,
                           Peroneto, eius filio, et <lb/> Petro Potelli, quia non insecuti fuerunt
                           ut deberent dominum Per¬cevallum <foreign>de Binay</foreign><note>
                              Toponyme non identifié.</note> et eius socios cum armis
                              transeuntes<note> transe<lb/>untes</note><lb/> per terram domini
                           comitis </item>
                        <item> de XXVI solidis VIII denariis receptis de Galtero et Iohanne Potelli
                           pro eodem </item>
                        <item> de XX solidis <lb/> receptis de Stephano Potel pro eodem </item>
                        <item> de XVI solidis VIII denariis receptis de Hugonino, filio <foreign>a
                              La Prosta de Chimillia</foreign><note> Aujourd’hui Chemillat, c<hi
                                 rend="sup">ne</hi> de Lescheroux.</note>, quia <lb/> accusabatur
                           eradicasse quamdam arbo¬rem in orto dicti
                           <foreign>Freschet</foreign></item>
                        <item> de XIII solidis IIII denariis receptis de <lb/> Girerdo, filio dicti
                              <foreign>al Den de Mont Desert</foreign><note> Aujourd’hui Montdésert,
                                 c<hi rend="sup">ne</hi> de Curciat-Dongalon</note>, quia
                           accusabatur male cepisse quamdam gerbam et scidisse <lb/> de ne¬more
                           Peroneti <foreign>Thiaut</foreign> auctoritate sua </item>
                        <item> de XXVI solidis VIII denariis receptis de Bernerdo
                              <foreign>Vetos</foreign> pro pena sibi <lb/> imposita non observata </item>
                        <item> de XX solidis receptis de Rosseto de Bosco, quia in taberna
                           fraudulenter gravabas<note> Lire gravabat.</note> in expensis <lb/>
                           homines domini comitis</item>
                     </list></p>
                  <p> summa : LIIII libre XII solidi IIII denarii parisiensium — deductis sex libris
                     duodecim denariis pro parte castellani <lb/> capientis duos solidos in qualibet
                     libra </p>
               </div>
               <div xml:id="clame">
                  <head>clame</head>
                  <p><lb/> idem reddit computum <list>
                        <item> de XL solidis receptis de minutis clamis per idem tempus</item>
                     </list></p>
                  <p><lb/> summa : XL solidi </p>
               </div>
               <div xml:id="herba">
                  <head>herba</head>
                  <p><lb/> idem reddit computum <list>
                        <item> de IIII libris parisiensium receptis de herba pratorum de
                              <foreign>Les Communes de Buyxeroles</foreign> hoc anno </item>
                     </list></p>
                  <p><lb/> summa : IIII libre </p>
               </div>
               <div xml:id="venditiones">
                  <head>venditiones</head>
                  <p><lb/> idem reddit computum <list>
                        <item> de LXXI libris III solidis VI denariis viennensium receptis de
                              sexcies<note> Pour sexies.</note> viginti quindecim meyteriis tribus
                           cupis et dimidia frumenti <lb/> venditis ut supra, quolibet meyterio
                           decem solidos sex denarios viennensium </item>
                        <item> de XLVII libris II solidis II denariis receptis de octies viginti
                           <lb/> undecim<note> un<lb/>decim</note> meyteriis duabus cupis siliginis
                           venditis ut supra, quolibet meyterio quinque solidos sex denarios
                           viennensium </item>
                        <item> de XXXI solidis VI [vue 17 = peau 18] <lb/> denariis viennensium
                           receptis de viginti sex panibus et dimidio venditis ut supra </item>
                        <item> de XLVI solidis X denariis obolo receptis de sexcieviginti<note> Pour
                              sexies viginti.</note><lb/> quinque gallinis venditis ut supra,
                           qualibet tres<note> On le voit, le prix s’exprime ici à
                              l’accusatif.</note> denarios parisiensium </item>
                        <item> de XL solidis receptis de octo charratis feni venditis ut supra </item>
                        <lb/>
                        <item> de CVIII solidis receptis de septuaginta duabus trossis feni venditis
                           ut supra </item>
                        <item> de XXX solidis III denariis receptis de undecim libris <lb/> cere
                           venditis ut supra </item>
                        <item> de VII solidis VI denariis receptis de uno obolo auri vendito ut
                           supra </item>
                        <item> de XXV libris XVIII solidis vienniensium <lb/> receptis de
                              quaterviginti<note> Pour quater viginti.</note> sex meyteriis dua¬bus
                           cupis avene venditis ut supra, quolibet meyterio sex solidos
                           viennensium</item>
                     </list></p>
                  <p><lb/> summa : VII<hi rend="sup">XX</hi> XVII libre VII solidi IX denarii obolus
                     viennensium — valent ad pari¬sienses : <lb/> C IIII libris XVIII solidis VI
                     denariis obolo parisiensium</p>
               </div>
               <div>
                  <p><lb/> summa totius recepte : III<hi rend="sup">C</hi> XII libre I obolus
                     parisiensium </p>
               </div>
            </div>
         </div>
         <div type="subaccount">
            <div xml:id="prologue_2">
               <p><lb/> Computus eiusdem castellani de redditibus et exitibus Belli Visus<note>
                     Aujourd’hui Bevet, c<hi rend="sup">ne</hi> de Beaupont.</note> per tempus
                  supradic-tum</p>
            </div>
            <div xml:id="recepte_2">
               <div xml:id="frumentum_2">
                  <head>frumentum</head>
                  <p><lb/> idem reddit computum <list>
                        <item> de I quartallo<note> En l’absence d’indication fournie par le texte
                              lui-même, nous choisissons la forme quartallus, bien attestée en
                              Bresse par la charte d’affranchissement de Jasseron, mais on ne peut
                              exclure d’autres lectures, telles quartal¬lum ou même quartale.
                           </note> et dimidio frumenti recepto de Guillermo
                              <foreign>Masuer</foreign> de redditu per annum </item>
                        <item> de III <lb/> quartallis et dimidio receptis de medietate firme
                           molendini Belli Visus finita in festo Omnium Sanctorum, anno nonagesimo
                           sexto </item>
                        <lb/>
                        <item> de III quartallis et dimidio receptis de medietate firme dicti
                           molendini finienda in festo Omnium Sancto¬rum, anno nonagesimo <lb/>
                           septimo, et tunc debebit tantumdem </item>
                        <item> de exitu molendini de <foreign>Cro¬pet</foreign><note> Aujourd’hui
                              Croppet, c<hi rend="sup">ne</hi> de Beaupont.</note> nichil quia non
                           est perfectus </item>
                     </list></p>
                  <p><lb/> summa : VIII quartalli dimidius frumenti — venduntur ut infra </p>
               </div>
               <div xml:id="siligo_2">
                  <head>siligo</head>
                  <p><lb/> idem reddit computum <list>
                        <item> de XII quartallis siliginis receptis de medietate firme molendini
                           Belli Visus finita in festo Omnium <lb/> Sanctorum, anno nonagesimo sexto </item>
                        <item> de XII quartallis et dimidio receptis de medietate eiusdem firme
                           dicti molendini finienda in <lb/> festo Omnium Sanctorum, anno nonagesimo
                           septimo, et tunc debentur tantumdem </item>
                        <item> de XXIII quartallis receptis de lunatione per annum</item>
                     </list></p>
                  <p><lb/> summa : XLVII quartalli et dimidius siliginis — venduntur ut infra </p>
               </div>
               <div xml:id="avena_2">
                  <head>avena</head>
                  <p><lb/> idem reddit computum <list>
                        <item> de III quartallis dimidia cupa avene receptis de redditu apud Bellum
                           Visum per annum</item>
                     </list></p>
                  <p><lb/> summa : III quartalli dimidia cupa avene — venduntur ut infra </p>
               </div>
               <div xml:id="galline_2">
                  <head>galline</head>
                  <p><lb/> idem reddit computum <list>
                        <item> de XXI gallinis receptis apud Bellum Visum de redditu et consuetudine
                           per annum</item>
                     </list></p>
                  <p><lb/><list>
                        <item> summa : XXI galline — venduntur ut infra</item>
                     </list></p>
               </div>
               <div xml:id="denarii">
                  <head>denarii</head>
                  <p><lb/> idem reddit computum <list>
                        <item> de XI solidis parisiensium receptis in dicta villa de redditu per
                           annum </item>
                        <item> de VIII libris receptis ibidem de <lb/> tailliis hoc anno </item>
                        <item> de CVI solidis VIII denariis receptis de firma blayerie Belli Visus
                           finita in festo Paschatis <lb/> nuper preterito</item>
                     </list></p>
                  <p><lb/> summa : XIII libre XVII solidi VIII denarii parisiensium</p>
               </div>
               <div xml:id="banna_clame_introgie">
                  <p><lb/><list>
                        <item> de bannis, clamis, <del rend="overstrike">introgia</del> et laudibus
                           que obvenerunt computavit supra in computo Sancti Triverii</item>
                     </list></p>
               </div>
               <div xml:id="introgie_inventa">
                  <p><lb/><list>
                        <item> de introgiis et inventis nichil per dictum tempus</item>
                     </list></p>
               </div>
               <div xml:id="venditiones_2">
                  <head>venditiones</head>
                  <p><lb/> idem reddit computum <list>
                        <item> de LXII solidis IIII denariis parisiensium receptis de octo
                           quartallis dimidio frumenti venditis ut supra, <lb/> quolibet septem
                           solidos quatuor denarios parisiensium </item>
                        <item> de IX libris X solidis parisiensium receptis de quadraginta septem
                           quartallis et dimidio <lb/> siliginis venditis ut supra, quolibet quatuor
                           solidos parisiensium </item>
                        <item> de XIII solidis receptis de tribus quartallis dimidia cupa avene
                           venditis <lb/> ut supra, quolibet quatuor solidos parisiensium </item>
                        <item> de V solidis III denariis receptis de viginti una gallinis ven¬ditis
                           ut supra, qualibet tres denarios <lb/> parisiensium</item>
                     </list></p>
                  <p><lb/> summa : XIII libre X solidi VII denarii parisiensium</p>
               </div>
               <div>
                  <p><lb/> summa totius recepte : XXVII libre VIII solidi III denarii parisiensium </p>
                  <div xml:id="forinseca">
                     <head>forisseca<note> Pour forinseca.</note></head>
                     <p><lb/> idem reddit computum <list>
                           <item> de X libris XIII solidis IIII denariis parisiensium receptis a
                              do¬mino in uno roncino, quarronibus<note> Voir Godefroy, vol. 1, p.
                                 789, s. v. carron : " brique " en territoire francoprovençal.
                              </note> et calce <lb/> sibi vendis<note> Pour venditis.</note> quando
                              accepit a domino tas¬chiam murorum et operum faciendorum</item>
                        </list></p>
                  </div>
               </div>
            </div>
            <div>
               <p><lb/> summa totius recepte duorum computorum cum forisseca : III<hi rend="sup"
                     >C</hi> L libre XIX denarii obolus parisiensium de quibus </p>
            </div>
         </div>
         <div xml:id="expense_et_librate">
            <div>
               <p><lb/><list>
                     <item> pro domibus castri recohoperiendis<note> Pour recooperiendis.</note>,
                        coquina, soturno<note> Pour subtulo ou sotulo.</note> et sepe ante latrinam
                           torchiandis<note> Voir Godefroy, vol. 10, p. 778, s. v. torchier : "
                           faire (une cloison, un mur) avec du torchis ".</note>, barra et posterla
                        aptandis, <lb/> tribus hostiis<note> Pour ostiis.</note> in cameris
                        faciendis, ut in particu¬lis : XXII solidos II denarios parisiensium </item>
                     <item> item in duabus canalibus emptis et <lb/> positis super tectum coquine et
                        stabulum : XIII solidos IIII denarios </item>
                     <item> item pro duobus seylliis<note> Voir Godefroy, vol. 7, p. 363, s. v.
                           seille : " seau ".</note> et uno alio magno seyllio <lb/> factis et
                        ferrandis ad aquam auriendam<note> Pour hauriendam.</note> de puteo, et una
                        corda empta ad idem : XVII solidos IIII denarios </item>
                     <lb/>
                     <item> item tela empta ad facienda forraturas de¬cem culcitrarum domini in
                        parte : VII solidos III denarios </item>
                     <item> item pro decem <lb/> novem pilis muri factis in sala et camera domini
                        pro sedibus pilorum sustinentium garitas et trabatio¬nes<note> Voir
                           Glossaire technique dans Le bois dans le château de pierre au Moyen Âge,
                           p. 444, s. v. trabatio : " poutraison ".</note> sale <lb/> et camere :
                        IIII libras parisiensium </item>
                     <item> item libravit Ioffredo, barberio facienti in taschia trabationem bassam
                        sale et camere<note> Tâche plutôt surprenante pour un barbier, non
                        ?</note><lb/> domini comitis de trabibus, unum prope alium ad unum digitum
                           filerii<note> Voir Godefroy, vol. 4, p. 2, s. v. filier : " petites
                           pièces de bois sur lesquelles portent les chevrons, dans les charpentes
                           ", mais le sens reste à préciser.</note>, et &lt;pro&gt; pilariis
                           neccessariis<note> Pour necessariis.</note> ad idem, et in solerio <lb/>
                        dicte sale altiori debet ponere inter duos trabes<note> En principe, trabs
                           est un substantif du genre féminin.</note> unum et unum pilarium cum
                        duabus anyllis<note> Voir Godefroy, vol. 1, p. 295, s. v. anille, " potence,
                           étai pour soutenir une voûte, un mur ".</note> et una fileria<note> 1.
                           FILERIA, Species trabis, qualis est illa, quæ portat canterios in
                           ædificiis, Gall. Filiere.</note><lb/> de super in taschia : XII libras
                        parisiensium </item>
                     <item> item pane dato hominibus char¬reantibus de corvata quinquaginta una
                        trabes <lb/> neccessarias ad dictam garitam et scissa<note> On attendrait
                           scissas.</note> per dictum Ioffredum ratione dicte taschie : IX solidis </item>
                     <item> item duabus cordis <lb/> emptis ad trabes levandas, et remanent penes
                        castellanum, qui eas debet custodire : XXIII solidos VI denarios </item>
                     <lb/>
                     <item> item pro arcubus furni quarronerie<note> Pour carronerie.</note>
                        aptandis et reficiendis : XV solidos III denarios </item>
                     <item> item duabus fornatis quarronum, <lb/> quarum qualibet debet continere
                        viginti octo milliaria et dimidium, et tribus millibus quarronum positis in
                        refectione <lb/> dictorum arcuum, videlicet pro sexaginta millibus
                        quarronum, et dantur pro quolibet milliario fa¬ciendo, decoquendo, <lb/>
                        infornando, defornando quatuor solidi parisiensium : XII libras parisiensium </item>
                     <item> in tribus centum<note> Pour trecentis !</note> undecim charratis <lb/>
                        lignorum emptis, qualibet charrata novem denarios parisiensium, de quibus
                           decoqte<note> Pour decocte. Voir DECOQTIO, pour decoctio.</note> sunt
                        dicte due fornate : XI libras <lb/> XIII solidos III denarios </item>
                     <item> pane dato boveriis adducentibus de corvata ligna pro quarro¬neria et
                        lapides de brolio <lb/> Sancti Romani<note> Aujourd’hui Saint-Romain, c<hi
                              rend="sup">ne</hi> de Romeney (Saône-et-Loire), où les matériaux
                           étaient acheminés par la Saône et la Seille.</note> pro calce facienda :
                        XVII solidos VIII denarios </item>
                     <item> item libravit magistro Lamberto, lathomo<note> Pour latomo.</note>
                        facienti <lb/> muros castri, et dantur sibi pro fac¬tura cuiuslibet
                           teysie<note> Pour teisie.</note> duo solidi octo denarii parisiensium,
                        per litteram eius de recepta <lb/> quam reddit : XI libras XV solidos IX
                        denarios </item>
                     <item> item pro septem archeriis de lapidibus factis, quarum sex posite <lb/>
                        sunt in muris factis per dictum magistrum Lambertum et altera remanet penes
                        dictum castellanum, videlicet <lb/> pro emptione dictarum archeriarum apud
                           Tresnorchium<note> Aujourd’hui Tournus (Saône-et-Loire).</note> et
                        charreagio ipsarum et pro factura facta per dictum magistrum <lb/> Lambertum
                        : LXV solidos VI denarios </item>
                     <item> item sablono<note> Il semble qu’alternent ici les formes sablonum, -i et
                           sablo, -nis. </note> extractu ad dictos muros facien¬dos : XIIII solidos </item>
                     <lb/>
                     <item> locagio<note> lo<lb/>cagio</note> unius chadrige<note> Pour
                           quadrige.</note> adtrahentis quarrones et sablonem per qua-tuordecim dies
                        : XIIII solidos </item>
                     <item> item pane <lb/> dato triginta hominibus charreantibus<note> Pour
                           carreantibus.</note> ad quindecim currus de corvata quarrones, calcem et
                        sablonem : <lb/> II solidos VI denarios </item>
                     <item> item sex hominibus iuvantibus ad idem : III solidos II denarios </item>
                     <item> item pro una croperia<note> Voir Godefroy, vol. 9, p. 255, s. v.
                           cropiere, " mod. croupière ", et le Glossarium, s. v. CROPRIA.</note> et
                        una <foreign>suresella</foreign><note> Voir Godefroy, vol. 7, p. 541, s. v.
                           soursele, " couverture de selle ".</note><lb/> et uno pare de traez<note>
                           Voir Godefroy, vol. 8, p. 4, s. v. trait, " pour .IIII. paires de trais…
                           (Arch. Tournai) ", et TLF, s. v. trait 1. b) α), " pièce de harnais
                           servant à tirer une voiture attelée : une paire de traits ".</note> et
                        una venteria<note> Pour ventreria. Voir Godefroy, vol. 10, p. 842, s. v.
                           ventriere, et TLF, s. v. ventrière A. 1., " large courroie de cuir qui
                           passe sous le ventre dans le harnais d'un cheval ". Le Glossarium
                           n’indique pas ce sens de ventreria.</note> ad opus quadrige domini, ex
                           sillis<note> Pour sellis.</note>, sagimine ad idem, et <lb/>
                           quadriga<note> qua<lb/>driga</note> recalcianda, et ferratura equorum a
                        crastino Assumptionis beate Marie usque ad diem mercurii <lb/> post octabas
                        Epiphanie Domini, ut in particulis : XXX solidos VIII denarios </item>
                     <item> item in stipendiis Girardi, quadrigarii <lb/> ducentis dictam
                        qua¬drigam, pro salario suo, ad rationem decem librarum viennensium de
                        salario per annum : <lb/> LV solidos VII denarios </item>
                     <item> in triginta trabibus, quenlibet<note> Lire qualibet.</note> de quinque
                        teysis, factis in ne¬more de <foreign>Chamandrey</foreign> et missis <lb/>
                        apud Pontem Vele<note> Aujourd’hui Pont-de-Veyle.</note> pro opere dicti
                        loci, de mandato <del rend="overstrike">dicti loci</del> domini comitis :
                        XXXVI solidos VIII denarios </item>
                     <item> item <lb/> in duabus molis pro molendino de <foreign>Cropet</foreign>
                        emptis apud Chabilonem<note> Pour Cabillonem. Aujourd’hui Chalon-sur-Saône
                           (Saône-et-Loire).</note> : L solidos IIII denarios </item>
                     <item> item pro treylliis <lb/> vigulti domini putandis, treylliandis<note>
                           Pour treilliandis.</note> et mayeria scindenda ad idem, ut in particulis
                        : LX solidos V denarios parisiensium </item>
                     <item> item <lb/> pro ipsis fossorandis<note> Voir TLF, s. v. fossoir :
                           fosserer, " labourer la vigne avec un fossoir ". Le verbe est absent du
                           Glossarium, mais Godefroy mentionne, s. v. fosser, vol. 4, p. 104 :
                           bressan feussero, bêcher.</note> mense martio<note> Dans l’usage
                           médiéval, martius est rarement employé adjectivement. On lit donc
                           généralement mense martii.</note>, anno nonagesimo sexto<note> Le mois de
                           mars 1297 (nouveau style).</note> : X solidos </item>
                     <item> item ipsis vindemiandis eodem anno : <lb/> XIX denarios </item>
                     <item> item pro septem duodecim<note> Lire septies duodecim ou septem
                           duodenis.</note> planczonum<note> Voir Godefroy, s. v. plançon, et TLF,
                           plançon " jeune plant ; en partic. branche (de feuillus à bois tendre)
                           taillée en biseau et repiquée en terre pour qu’elle prenne racine
                           ".</note>, <del rend="overstrike">et ip&lt;sis&gt;</del> plantatorum in
                        vigulto, et pro ipsis inserendis : <lb/> IIII solidos II denarios </item>
                     <item> item prandio dato hominibus apportanti¬bus servitium tertia die
                        Nativitatis Domini : VII solidos </item>
                     <lb/>
                     <item> item Chapellario<note> Il s’agit probablement ici d’un nom
                           propre.</note>, portanti litte¬ras domini comitis apud Burgetum, quas
                        donnus Iohannes, capellanus, apportaverat <lb/> de Francia, ubi dominus
                        erat, apud Sanctum Triverium : III solidos IIII denarios</item>
                  </list></p>
               <p><lb/> summa : LXXV libre XIII solidi V denarii parisiensium</p>
            </div>
            <div xml:id="librata">
               <head>librata<note> La mise en page des librata se distingue de celle du reste du
                     compte : recours à des paragraphes distincts pour chaque article et alignement
                     à droite des sommes.</note></head>
               <p><lb/><list>
                     <item> idem libravit Hugoni de Voyrone, ad expensas hospitii domini comitis,
                        per litteram ipsius et dicti Hugonis datam in vigilia <lb/> sancti Petri ad
                           vincula<note> Écrit advincula.</note>, anno nonagesimo sexto<note> On
                           avait d’abord écrit seulement sex, et la deuxième syllabe est un
                           ajout.</note>, quam reddit : XX libras VII solidos VI denarios
                        viennensium </item>
                     <lb/>
                     <item> item libravit dicto Hu¬goni, ad expensas hospitii domini, per litteram
                        ipsius et dicti Hugonis datam die martis post octabas beati <lb/> Martini
                        hyemalis, anno nonagesimo sexto, quam reddit : XL libras viennen¬sium </item>
                     <lb/>
                     <item> item libravit domino<note> L’abréviation se lisait donno devant Iacobo –
                           cf. ensuite donni Iacobi, capellani –, mais se lit domino devant
                           comiti.</note><del rend="overstrike">Iacobo</del> comiti, ad expensas
                        hospi¬tii sui factas per manum donni Iacobi, capellani, per litteram domini
                        et <lb/> ipsius capel¬lani datam die martis post octabas Epiphanie Domini,
                        anno nonagesimo sexto<note> Le mardi 15 janvier 1297 (nouveau style).</note>
                        : X libras viennensium </item>
                     <lb/>
                     <item> item libravit eidem domino comiti, per manum dicti capellani sui, in
                        ex¬pensis hospitii domini, per litteram ipsius et dicti capellani <lb/>
                        datam die iovis ante Carnipri¬vium vetus, anno nona¬gesimo sexto<note> Le
                           jeudi 1er mars 1297 (nouveau style).</note> : XXV libras XII solidos IIII
                        denarios viennensium </item>
                     <lb/>
                     <item> item libravit eidem domino comiti, ad expensas hospitii sui, per manum
                        dicti capellani, per litteram domini et ipsius capellani datam <lb/>
                        dominica de Passione, anno nonagesimo sexto<note> Le dimanche 31 mars 1297
                           (nouveau style).</note> : XVI libras III solidos X denarios obolum
                        viennensium </item>
                     <lb/>
                     <item> item libravit eidem domino comiti, ad ex¬pensas hospitii sui factas apud
                        Pontem Vele in festo Paschatis et apud Sanctum Triverium<note>
                           trive<lb/>rium</note><lb/> die lune sequenti, per litteram domini et
                        ipsius capellani datam die iovis post Pascha, anno nonagesimo septimo, <lb/>
                        quam reddit : XI libras X solidos III denarios viennensium </item>
                     <lb/>
                     <item> idem libravit Bererdo Vigerii, cui debentur per annum de feudo sibi
                        facto super tailliis Sancti Triverii que fiunt in <lb/> Carniprivio, per
                        litteram ipsius de recepta, videlicet pro triginta solidis parisiensium :
                        XLV solidos viennensium </item>
                  </list><pb n="19"/><note> La vue 18 reproduit la peau 20. La peau 19, dont on voit
                     le haut au bas de la vue 17, n’a pas été reproduite.</note></p>
            </div>
         </div>
      </body>
   </text>
</TEI>
