<?xml version="1.0" encoding="UTF-8"?>
<?xml-model href="http://www.tei-c.org/release/xml/tei/custom/schema/relaxng/tei_all.rng" type="application/xml" schematypens="http://relaxng.org/ns/structure/1.0"?><?xml-model href="http://www.tei-c.org/release/xml/tei/custom/schema/relaxng/tei_all.rng" type="application/xml"
	schematypens="http://purl.oclc.org/dsdl/schematron"?>
<TEI xmlns="http://www.tei-c.org/ns/1.0" xml:id="B9942_8">
   <teiHeader>
      <fileDesc>
         <titleStmt>
            <title>Étienne de Francheleins (<foreign>Stephanus de Franchelens</foreign>), châtelain,
               pour la châtellenie de Saint-Trivier-de-Courtes et revenus de Bevet <date
                  type="debut" from-iso="12980516" cert="high"/><date type="fin" from-iso="12990401"
                  cert="high"/></title>
            <respStmt>
               <persName><name xml:lang="fra">Étienne de Francheleins</name><name xml:lang="lat"
                     >Stephanus de Franchilens</name></persName>
               <resp>Châtelain</resp>
            </respStmt>
         </titleStmt>
         <publicationStmt>
            <p>Frédéric Chartrain, avec la collaboration de Alain Kersuzan, Nils Mantilleri et Jean-Michel Poisson, 
               <title>Compte d'Étienne de Francheleins (<hi rend="italics">Stephanus de Franchelens</hi>), châtelain,
                  pour la châtellenie de Saint-Trivier-de-Courtes et revenus de Bevet, du 16 mais 1298 au 1er avril 1299</title>,
               Lyon - Chambéry, 2013 (<title>Documents comptables des Etats de Savoie, XIIIe - XVe s.</title>)</p>            
         </publicationStmt>
         <seriesStmt>
            <title>Saint-Trivier-de-Courtes</title>                
         </seriesStmt>
         <sourceDesc>
            <p>Information about the source</p>
         </sourceDesc>
      </fileDesc>
   </teiHeader>
   <text>
      <body>
         <div type="subaccount">
            <milestone n="20" unit="vue"/>
            <pb n="23"/>
            <div xml:id="prologue">
               <p><lb/> Computus domini Stephani <foreign>de Franchelens</foreign><note> Aujourd’hui
                     Francheleins.</note>, militis, castellani Sancti <del rend="overstrike"
                     >Trisverii</del><note>raturé, puis biffé</note> Triverii a sexdecima die <lb/>
                  mensis maii, anno nonogesimo<note> Pour <hi rend="italics">nonagesimo</hi>.</note>
                  oc¬tavo, usque ad diem martis, primam diem mensis aprilis, anno eodem<note> Le
                     mercredi 1er avril 1299 (nouveau style).</note>, videlicet de quadra¬ginta
                  <lb/> quinque septimanis tribus diebus, factus apud Cambariacum<note> Aujourd’hui
                     Chambéry (Savoie).</note> et receptus per domp¬num<note> La forme est attestée
                     plus bas dans les lods et ventes.</note> Iohannem Floridi, presentibus domino
                  Amblardo de Intermontibus et magistro Petro </p>
            </div>
            <div xml:id="recepte">
               <div xml:id="frumentum">
                  <head>frumentum </head>
                  <p><lb/> idem reddit computum <list>
                        <item> de X meyteriis frumenti receptis de firma decime Sancti Triverii hoc
                           anno in frumento </item>
                        <item> de exitu molendini de stagno nichil <lb/> in frumento hoc anno quia
                           vacavit, et fuit ibi milium de quo inferius computabit, et est datum
                           dictum molendinum ad firmam Iohanni Anglico <lb/> finiendam<note><hi
                                 rend="italics">fini<lb/>endam</hi></note> in festo beati Andree,
                           anno nonogesimo<note> Pour <hi rend="italics">nonagesimo</hi>.</note>
                           nono, videli¬cet pro septem meyteriis frumenti et duodecim meyteriis
                           siliginis, de quibus respon¬debitur <lb/> in computo subsequenti </item>
                        <item> de V meyteriis receptis de firma molendini de
                              <foreign>Selvinia</foreign><note> Aujourd’hui Servignat. On avait
                              d’abord écrit <hi rend="italics">Selvonia</hi>, et le mot est
                              raturé.</note> finita in Carniprivio, anno nonogesimo octavo<note> Le
                              mardi 3 mars 1299 (nouveau style).</note><lb/></item>
                        <item> de exitu decime cellerarii et decime <foreign>della
                              Chaneya</foreign><note> Aujourd’hui <hi rend="italics">Chanée</hi>,
                                 c<hi rend="sup">ne</hi> de Courtes.</note> nichil hoc anno in
                           frumento </item>
                        <item> de VI<hi rend="sup">XX</hi> VIII meyteriis IIII cupis frumenti
                           recep¬tis in <lb/> castellania Sancti Triverii de redditu et lunatione
                           per annum </item>
                        <item> de III cupis receptis de Peroneto <foreign>Piaut</foreign> pro eodem,
                           et non est in extenta </item>
                        <item> de <lb/> III meyteriis receptis de exitu terre <foreign>del
                              Parchet</foreign>, que redacta fuit ad manum domini pro eo quod non
                           fuit recognita ab eodem — et est adsenssata<note><hi rend="italics"
                                 >adsenssa<lb/>ta</hi>. Pour <hi rend="italics">adcensata</hi>. Le
                                 <hi rend="italics">e</hi> a été ajouté dans l’interligne supérieur,
                              car le mot avait été écrit fautivement.</note><lb/> ad denarios, de
                           quibus in denariis censualibus inferius computa¬bit </item>
                        <item> de coponagio, leyda, chacipolleria respondebit inferius in firmis ad
                           <lb/> denarios </item>
                     </list></p>
                  <p><lb/> summa : VII<hi rend="sup">XX</hi> VII <foreign>meyters</foreign> I cupa
                     frumenti </p>
                  <div type="sub">
                     <head>arreragium</head>
                     <p><lb/> idem reddit computum <list>
                           <item> de VII<hi rend="sup">XX</hi> IIII <foreign>meyters</foreign> III
                              cupis frumenti receptis de remanentia computi precedentis</item>
                        </list></p>
                  </div>
                  <div>
                     <p><lb/> summa recepte cum arreragio : II<hi rend="sup">C</hi> IIII<hi
                           rend="sup">XX</hi> XI <foreign>meyters</foreign> IIII cupe frumenti — et
                        remanent </p>
                  </div>
               </div>
               <div xml:id="siligo">
                  <head>siligo </head>
                  <p><lb/> idem reddit computum <list>
                        <item> de L <foreign>meyters</foreign> siliginis receptis de firma decime
                           Sancti Triverii in siligine hoc anno, excepta decima minutorum bladorum,
                           quam percipit hospitale Sancti Triverii </item>
                        <item> de III cupis receptis de exitu taschiarum mansi Rafinorum<note> Voir
                                 <hi rend="italics">Raffin</hi> sur la carte de Cassini de
                              Saint-Trivier-de-Courtes.</note> hoc anno </item>
                        <item> de exitu molendini de stagno computabitur <lb/> in computo
                           subsequenti, quia<note> Le mot est raturé.</note> datum est ad firmam ut
                           superius in frumento </item>
                        <item> de XIX <foreign>meyters</foreign> receptis de firma molendini de
                              Salviniaco<note> Aujourd’hui Servignat.</note> finita <lb/> prima die
                              martii<note> Nous lisons ici <hi rend="italics">marcii</hi>, <hi
                                 rend="italics">Laurencio</hi>, <hi rend="italics">morancium</hi>,
                                 <hi rend="italics">precio</hi>, <hi rend="italics">tocius</hi>, <hi
                                 rend="italics">servicium</hi>, <hi rend="italics">tercia</hi>, que
                              nous transcrivons – puisque la convention d’édition prescrit dans ce
                              cas l’usage généralisé de la graphie classique – <hi rend="italics"
                                 >martii</hi>, <hi rend="italics">Laurentio</hi>, <hi rend="italics"
                                 >morantium</hi>, <hi rend="italics">pretio</hi>, <hi rend="italics"
                                 >totius</hi>, <hi rend="italics">servitium</hi>, <hi rend="italics"
                                 >tertia</hi>.</note>, anno nonogesimo octavo<note> Le dimanche 1er
                              mars 1299 (nouveau style).</note></item>
                        <item> de III cupis receptis de exitu decime cellera¬rii hoc anno </item>
                        <item> de II cupis receptis de decima <lb/> prepositi <foreign>della
                              Chaneya</foreign><note> Écrit <hi rend="italics"
                              >dellachaneya</hi>.</note> hoc anno </item>
                        <item> de IIII<hi rend="sup">XX</hi> XVI <foreign>meyters</foreign> receptis
                           in dicta castellania de redditu prepositura et gaytia per annum </item>
                     </list></p>
                  <p><lb/> summa : VIII<hi rend="sup">XX</hi> VI <foreign>meyters</foreign> II cupe
                     siliginis </p>
                  <div type="sub">
                     <head>arreragium</head>
                     <p><lb/> idem reddit computum <list>
                           <item> de IX<hi rend="sup">XX</hi> XI <foreign>meyters</foreign> III
                              cupis siliginis receptis de remanentia com¬puti precedentis</item>
                        </list></p>
                     <p><lb/> summa recepte cum arreragio : III<hi rend="sup">C</hi> LVII
                           <foreign>meyters</foreign> V cupe siliginis — et remanent </p>
                  </div>
               </div>
               <div xml:id="avena">
                  <head>avena </head>
                  <p><lb/> idem reddit computum <list>
                        <item> de L <foreign>meyters</foreign> avene receptis de firma decime Sancti
                           Triverii hoc anno </item>
                        <item> de firma prepositi, cellerarii et taschiarum <lb/> mansi Rafinorum
                           nichil hoc anno in avena </item>
                        <item> de XXVI <foreign>meyters</foreign> V cupis receptis in dicta
                           castellania de redditu et prepositura per annum </item>
                        <item> de <lb/> III cupis receptis de Peroneto <foreign>Piauz</foreign> de
                           redditu per annum </item>
                        <item> de XIIII <foreign>meyters</foreign> III cupis dimidia receptis apud
                              Curciacum<note> Aujourd’hui Curciat-Dongalon.</note> pro parte domini
                           de redditu per annum <lb/></item>
                        <item> de VI<hi rend="sup">XX</hi> VIII <foreign>meyters</foreign> II cupis
                           receptis in dicta castellania de lunatione per annum </item>
                        <item> de IX <foreign>meyters</foreign> re¬ceptis de forestagio
                              <foreign>d’Arney</foreign> de <lb/> nemore<note><hi rend="italics"
                                 >ne<lb/>more</hi></note> mortuo dato Laurentio
                              <foreign>Roberiat</foreign> et Bernardo, fratri¬bus, Guillermo
                              <foreign>Ariay</foreign>, Berardo <foreign>Dodas</foreign>, Guichardo
                              <foreign>Perusat</foreign>, Peronino, fratri eius, <lb/> et Stephano
                              <foreign>della Chardoneri</foreign><note> Écrit <hi rend="italics"
                                 >dellachardoneri</hi>.</note><foreign> </foreign>usque ad festum
                           beati Iohannis, anno nonogesimo nono</item>
                     </list></p>
                  <p><lb/> summa : II<hi rend="sup">C</hi> XXIX <foreign>meyters</foreign> I cupa
                     dimidia avene </p>
                  <div type="sub">
                     <head>arreragium</head>
                     <p><lb/> idem reddit computum <list>
                           <item> de VIII<hi rend="sup">XX</hi> IX <foreign>meyters</foreign> IIII
                              cupis dimidia avene receptis de rema¬nentia computi precedentis</item>
                        </list></p>
                  </div>
                  <div>
                     <p><lb/> summa recepte cum arreragio : III<hi rend="sup">C</hi> IIII<hi
                           rend="sup">XX</hi> XIX <foreign>meyters</foreign> avene <list>
                           <item> de quibus <lb/> idem libravit ad expensas domini comitis factas
                              per manum Hugonis de Voyrone<note> Aujourd’hui Voiron (Isère).</note>,
                              ut per litteram domini et dicti Hugonis datam die lune post
                              Nativitatis Do¬mini, anno <lb/> nonogesimo octavo, quam reddit :
                              XXXVII <foreign>meyters</foreign> V cupe avene </item>
                           <item> in expensis unius palafredi et quatuor someriorum domini et
                              roncini Girardi <foreign>de Cusiria</foreign><note> Aujourd’hui
                                 Cuisery (Saône-et-Loire).</note> et Colini, suto¬rum morancium apud
                              Sanctum Triverium pro <lb/> robis domini faciendis, ut per litteram
                              dicti Girardi datam die veneris post Circumcissionem<note> Pour <hi
                                    rend="italics">Circumcisionem</hi>.</note> Domini, anno
                              nonogesimo octavo<note> Le vendredi 2 janvier 1299 (nouveau
                                 style).</note>, quam reddit : IIII <foreign>meyters</foreign>
                              avene</item>
                        </list></p>
                     <p><lb/> summa librate : XL I <foreign>meyters</foreign> V cupe avene <list>
                           <item> et restant : III<hi rend="sup">C</hi> L VII
                                 <foreign>meyters</foreign> I cupa avene — et <lb/> remanent</item>
                        </list></p>
                  </div>
                  <div xml:id="milium">
                     <head>milium </head>
                     <p><lb/> idem reddit computum <list>
                           <item> de IIII <foreign>meyters</foreign> milii receptis de parte domini
                              habita in stagno Sancti Triverii hoc anno — venduntur ut infra </item>
                        </list></p>
                  </div>
                  <div xml:id="panes">
                     <head>panes </head>
                     <p><lb/> idem reddit computum <list>
                           <item> de XXVI panibus dimidio receptis in dicta castellania de red¬ditu
                              per annum, ut in particulis computi precedentis — venduntur ut infra
                           </item>
                        </list></p>
                  </div>
                  <div xml:id="galline">
                     <head>galline </head>
                     <p><lb/> idem reddit computum <list>
                           <item> de III<hi rend="sup">C</hi> gallinis receptis in dicta castellania
                              de redditu et consuetudine hoc anno</item>
                        </list></p>
                     <p><lb/> summa : III<hi rend="sup">C</hi> galline <list>
                           <item> de quibus <lb/> in expensis domini factis per manum Hugonis de
                              Voyrone, ut per litteram redditam supra in avena : IIII<hi rend="sup"
                                 >XX</hi> XVI gallinas <lb/></item>
                           <item> restant : II<hi rend="sup">C</hi> IIII galline — venduntur ut
                              infra </item>
                        </list></p>
                  </div>
                  <div xml:id="fenum">
                     <head>fenum - arreragium </head>
                     <p><lb/> idem reddit computum <list>
                           <item> de VIII charratis feni receptis de exitu pratorum mansi Rafino¬rum
                              et virgulti domini hoc anno </item>
                           <item> de VIII charratis <lb/> feni receptis de remanentia computi
                              precedentis </item>
                        </list></p>
                     <p><lb/> summa recepte cum arreragio : XVI charrate feni <list>
                           <item> de quibus <lb/> libravit, in expensis domini factis per manum
                              Hugonis de Voyrone, ut per litteram redditam superius in avena, pro
                              ducentis viginti quatuor <lb/> equis, et in expensis balafredi<note>
                                 Pour <hi rend="italics">palafredi</hi>.</note> et quatuor
                              someriorum domini et roncinorum Girardi de Cussiriaco et Colini, qui
                              steterunt per quatuor <lb/> dies : IIII charratas feni </item>
                           <item> et restant : XII charrate feni — et remanent</item>
                        </list></p>
                  </div>
                  <div xml:id="trosse_feni">
                     <head>trosse feni </head>
                     <p><lb/> idem reddit computum <list>
                           <item> de LXXII trossis feni receptis in dicta castellania de redditu per
                              annum — venduntur ut infra </item>
                        </list></p>
                  </div>
                  <div xml:id="cera">
                     <head>cera - arreragium </head>
                     <p><lb/> idem reddit computum <list>
                           <item> de LXXIII libris cere receptis in dicta castellania de gardis et
                              recognitionibus hoc anno </item>
                           <item> de LXXIII libris receptis de remanentia <lb/> computi sui
                              prece¬dentis </item>
                        </list></p>
                     <p><lb/> summa recepte cum arreragio : VII<hi rend="sup">XX</hi> VI libre cere <list>
                           <item> de quibus <lb/> libravit ad expensas domini factas per manum
                              Hugonis de Voyrone, ut per litteram redditam superius in avena : XX
                              libras cere </item>
                           <item> et <lb/> restant : VI<hi rend="sup">XX</hi> VI libre cere —
                              venduntur ut infra</item>
                        </list></p>
                  </div>
                  <div xml:id="ferreria">
                     <head>ferreria </head>
                     <p><lb/><list>
                           <item> de ferreria nichil hoc anno quia ferrerii non fuerunt </item>
                        </list></p>
                  </div>
                  <div xml:id="obolus_auri">
                     <head>obolus auri </head>
                     <p><lb/> idem reddit computum <list>
                           <item> de I obolo auri recepti de Stephano Guillaudi de garda per annum —
                              venditur ut infra </item>
                        </list></p>
                  </div>
                  <div xml:id="vinum">
                     <head>vinum </head>
                     <p><lb/> idem reddit computum <list>
                           <item> de IIII asinatis vini receptis de exitu trelliarum virgulti domini
                              in vindemiis, anno nonogesimo octavo</item>
                        </list></p>
                     <p><lb/> summa : IIII assinate<note> Pour <hi rend="italics"
                           >asinate</hi>.</note> vini — venduntur ut infra </p>
                  </div>
                  <div xml:id="denarii_census">
                     <head>denarii census<note> On pourrait aussi lire <hi rend="italics"
                              >censuales</hi>.</note></head>
                     <p><lb/> idem reddit computum <list>
                           <item> de XXV libris IX solidis parisiensium receptis in dicta
                              castella¬nia de redditu per annum, ut in particulis computi
                              precedentis </item>
                           <item> de VI denariis receptis de <lb/> Iohanne Anglico de novo redditu
                              per annum</item>
                        </list></p>
                     <p><lb/> summa : XXV libre IX solidi VI denarii parisiensium </p>
                  </div>
                  <div xml:id="recognitiones_et_garde">
                     <head>recognitiones et garde </head>
                     <p><lb/> idem reddit computum <list>
                           <item> de XVI libris VIII solidis VI denariis parisiensium receptis in
                              dicta castellania de gardis et recognitionibus hoc anno, ut in
                              particulis computi precedentis </item>
                        </list></p>
                     <p><lb/> summa : XVI libre VIII solidi VI denarii parisiensium </p>
                  </div>
                  <div xml:id="tallie">
                     <head>tallie </head>
                     <p><lb/> idem reddit computum <list>
                           <item> de XL libris parisiensium receptis in dicta castellania de
                              homi¬nibus talliabilibus domini ad missericordiam<note> Pour <hi
                                    rend="italics">misericordiam</hi>.</note>, et levantur in uno
                              anno duobus <lb/> terminis, videlicet in Carniprivio et in festo beati
                              Bartholomei</item>
                        </list></p>
                     <p><lb/> summa : XL libre parisiensium </p>
                  </div>
                  <milestone n="21" unit="vue"/>
                  <pb n="24"/>
                  <note> La première ligne de la peau est restée blanche.</note>
                  <div xml:id="firme">
                     <head>firme </head>
                     <p><lb/> idem reddit computum <list>
                           <item> de XXXVI solidis VIII denariis parisiensium receptis de me¬dietate
                              firme furni Sancti Triverii finiende in festo beati Iohannis
                                 Bapthiste<note> Pour <hi rend="italics">Baptiste</hi>.</note>, anno
                              <lb/> nonogesimo<note><hi rend="italics">no<lb/>nogesimo</hi></note>
                              nono </item>
                           <item> de XLI libris VI solidis VIII denariis receptis de Iohanne Anglico
                              de firma leyde et coponagii Sancti Triverii finita in festo beate
                              Agathes, <lb/> anno nonogesimo octavo<note> Le jeudi 5 février 1299
                                 (nouveau style).</note>, et est adcensata eidem quadraginta tribus
                              libris sex solidis octo denariis parisien¬sium, de quibus<note> Écrit
                                    <hi rend="italics">dequibus</hi>.</note> respondebit in computo
                              <lb/> subsequenti </item>
                           <item> de XII libris XIII solidis IIII denariis receptis de firma
                              chacipollerie Sancti Triverii finienda in vigilia Pasche, anno
                                 nonogesimo<note> Écrit <hi rend="italics">nogesimo</hi>.</note>
                                 octavo<note> Le samedi 18 avril 1299 (nouveau
                              style).</note><lb/></item>
                           <item> de IIII libris receptis de firma blaerie Sancti Triverii finita in
                              festo beati Bartholomei, anno nonogesimo octavo </item>
                           <item> de VI libris receptis de <lb/> medietate firme blaerie et
                              chacipollerie de <foreign>Cormo</foreign><note> Aujourd’hui
                                 Cormoz.</note> finiende in festo beati Iohannis Bapthiste, anno
                              nonoge¬simo nono, et tunc debentur tantumdem </item>
                           <item> de <del rend="overstrike">VI<note> On a essayé de raturer le
                                    nombre pour écrire <hi rend="italics">VIII</hi>.</note> libris
                                 <lb/> XIII solidis IIII denariis receptis de medietate firme
                                 blaerie et chacipollerie</del></item>
                           <item> de VIII libris receptis de medietate firme blaerie et
                              chacipollerie de <foreign>Boyseroles</foreign><note> Aujourd’hui <hi
                                    rend="italics">Buisserolle</hi>, c<hi rend="sup">ne</hi> de
                                 Varenne-Saint-Sauveur (Saône-et-Loire).</note><lb/> et de
                                 <foreign>Tageyset</foreign><note> Aujourd’hui <hi rend="italics"
                                    >Tagiset</hi>, c<hi rend="sup">ne</hi> de Sainte-Croix
                                 (Saône-et-Loire).</note> finita in festo beati Iohannis Bapthiste,
                              anno nonogesimo octavo </item>
                           <item> de VI libris XIII solidis IIII denariis receptis de medietate
                              eius¬dem firme <lb/> finiende in festo beati Iohannis Bapthiste, anno
                              nonogesimo nono, et tunc debentur tantumdem </item>
                           <item> de XXX solidis receptis de firma blaerie de Curciaco, pro <lb/>
                              parte domini, finita in festo beati Bartholomei, anno nonogesimo
                              octavo </item>
                           <item> de payssonagio nemo¬rum <foreign>d’Arney</foreign> et de
                                 <foreign>Chamandrey</foreign><note> Au¬jourd’hui <hi rend="italics"
                                    >Chamandray</hi>, c<hi rend="sup">ne</hi> de Cormoz, ou <hi
                                    rend="italics">Le Bois de Chamandre</hi>, c<hi rend="sup"
                                    >ne</hi> de Foissiat.</note> nichil <lb/> hoc anno quia non fuit
                              glans ibi </item>
                           <item> de X solidis recep¬tis de nemore mortuo<note> Dans la marge
                                 gauche, on a ajouté <hi rend="italics">nemus mortuum</hi>.</note>
                              capto <foreign>en Chamandrey</foreign> hoc anno – hoc fuit factum
                              ignorante <lb/> castellano </item>
                           <item> de XXXVII solidis receptis de teysis domorum Sancti Triverii que
                              levantur in obtabis<note> Lire <hi rend="italics">octabis</hi>, pour
                                    <hi rend="italics">octavis</hi>.</note> Penthecostes<note> Pour
                                    <hi rend="italics">Pentecostes</hi>.</note></item>
                        </list></p>
                     <p><lb/> summa : IIII<hi rend="sup">XX</hi> IIII libre VII solidi parisiensium
                     </p>
                  </div>
                  <div xml:id="laudes_et_vende">
                     <head>laudes et vende </head>
                     <p><lb/> idem reddit computum <list>
                           <item> de VI solidis parisiensium receptis de Guillermo
                                 <foreign>Chipot</foreign> pro me¬dietate mansi
                                 <foreign>Chapotet</foreign> empti de Iohanneta Chapoteta pretio
                              quadraginta solidorum pari¬siensium <lb/></item>
                           <item> de XXI solidis receptis de Bernardo et Stephano, merceriis, pro
                              domo empta de relicta Bernardi Fabri pretio septem librarum </item>
                           <item> de XII solidis receptis de dicti <lb/><foreign>Marmont de
                                 Privages</foreign><note> Aujourd’hui <hi rend="italics"
                                    >Privage</hi>, c<hi rend="sup">ne</hi> de
                                 Saint-Julien-sur-Reyssouze.</note> pro rebus sibi quittatis a
                              relicta et liberis Bernardi Artoudi,
                                 <foreign>d’Espenay</foreign><note> Écrit <hi rend="italics"
                                    >despenay</hi>.</note>, pretio quatuor librarum </item>
                           <item> de III solidis <lb/> receptis de <foreign>Davi Fariot</foreign>
                              pro tertia parte curtilis et cassalis empti de Stephano
                                 <foreign>Faiot</foreign> pretio viginti solidorum </item>
                           <item> de II solidis receptis de Stephano Al<supplied
                                 reason="support endommagé">tis</supplied><lb/> pro tertia parte
                              mansi <foreign>Bochosan</foreign> empti de Hugueta, relicta Ste¬phani
                                 <foreign>Bossonet</foreign> pretio tresdecim solidorum quatuor
                              denariorum </item>
                           <item> de XVIII denariis receptis de Bernardo, <lb/> mercatore, pro terra
                              empta <foreign>della Bocella</foreign> pretio decem solidorum </item>
                           <item> de II solidis VI denariis receptis de dictis <foreign>deuz
                                 Chanens</foreign> pro rebus emptis a Stephano
                                 <foreign>Chavi</foreign> pre¬tio sexdecim <lb/> solidorum </item>
                           <item> de V solidis receptis de eisdem pro rebus emptis de liberis
                              quondam Guionardi pretio triginta trium solidorum quatuor denariorum </item>
                           <item> de XII denariis receptis de Stephano Masuerii <lb/> pro rebus
                              emptis de Hugone Massuerii pretio octo solido¬rum </item>
                           <item> de XXVIII solidis VI denariis receptis de dictis <foreign>Les
                                 Chanenz</foreign><note> Écrit <hi rend="italics"
                                 >leschanenz</hi>.</note> pro manso quondam Hugonis
                                 <foreign>Chanel</foreign><lb/> empto de Guillermo Ioculatoris et
                              Blonda, eius uxore, et de Guillermo <foreign>de Chammes</foreign> et
                              Stephana, eius uxore, pretio novem librarum undecim solidorum <lb/>
                              quatuor denariorum </item>
                           <item> de II solidis receptis de Bernardo <foreign>Pillet</foreign> pro
                              terra empta de Laurentio de Curia pretio tresdecim solidorum quatuor
                              denariorum </item>
                           <item> de IX solidis receptis de Iohanne de Voyrone pro prato empto a
                              Stephano <foreign>Chapellan</foreign> pretio sexaginta solidorum </item>
                           <item> de XVI solidis receptis de Hugone <foreign>Cuysia</foreign> pro
                              prato empto de dicto <lb/> Stephano <foreign>Chapellan</foreign>
                              pre¬tio centum sex solidorum octo denariorum </item>
                           <item> de XII solidis receptis a dicto Hugone pro medietate curtilis
                              empti a Stephano Regis pretio quatuor librarum <lb/></item>
                           <item> de XXII solidis re¬ceptis de dicto Hugone pro curtili et prato
                              emptis a dompno Petro Croysardi pretio septem librarum sex solidorum
                              octo denariorum </item>
                           <item> de II solidis viennensium <lb/> receptis de Perraudo
                                 <foreign>Cussin</foreign> pro quadam pecia terre empta de liberis
                                 <foreign>delles Chaumes</foreign><note> Écrit <hi rend="italics"
                                    >delleschaumes</hi>. Le <hi rend="italics">s</hi> de <hi
                                    rend="italics">delles</hi> a été ajouté dans l’interligne
                                 supérieur.</note> pretio tresdecim solidorum quatuor denariorum </item>
                           <item> de III solidis receptis de Guioneto <lb/> Burgensis pro terra <del
                                 rend="overstrike">empta</del> et quatuor denariis census emptis a
                              dicto dompno Petro pretio viginti solidorum</item>
                        </list></p>
                     <p><lb/> summa : VII libre VIII solidi VI denarii parisiensium </p>
                  </div>
                  <div xml:id="introgia">
                     <head>introgia </head>
                     <p><lb/> idem reddit computum <list>
                           <item> de V solidis parisiensium receptis de Iohanne Anglico pro
                              in¬trogiis incrementi retro domum suam sibi albergati</item>
                        </list></p>
                     <p><lb/> summa : V solidi parisiensium </p>
                  </div>
                  <div xml:id="perquisita">
                     <head>perquisita </head>
                     <p><lb/><list>
                           <item> de perquisitis, eschetis, inventis et compleyntis nichil hoc
                              anno</item>
                        </list></p>
                  </div>
                  <div xml:id="banna">
                     <head>banna </head>
                     <p><lb/> idem reddit computum <list>
                           <item> de XXVI solidis VIII denariis parisiensium receptis de
                                 Hun¬berto<note> Pour <hi rend="italics"
                                 >Humberto</hi>.</note><foreign>de Mont Desert</foreign><note>
                                 Aujourd’hui <hi rend="italics">Montdésert</hi>, c<hi rend="sup"
                                    >ne</hi> de Curciat-Dongalon.</note> pro fractura seysine </item>
                           <item> de XIII solidis IIII denariis receptis de <lb/>
                                    Bertholomeo<note><hi rend="italics">Ber<lb/>tholomeo</hi></note>
                              Columbi pro banno sanguinis facti <foreign>Davi
                              Colomb</foreign></item>
                           <item> de VI solidis VIII denariis receptis de Girardo <foreign>de
                                 Molari</foreign> quia percusserat Humbertum <foreign>Lo
                                 Blet</foreign><lb/></item>
                           <item> de LXVI solidis VIII denariis receptis de Ponceto, filio quondam
                                 <foreign>al Clop</foreign><note> Écrit <hi rend="italics"
                                    >alclop</hi>.</note>, quia male ceperat de postibus pontis de
                                 <foreign>Solonan</foreign><note> Le Solnan, affluent de la Seille.
                                 La route de Saint-Amour à Cormoz le franchit près de Bevet, dans la
                                 com-mune de Beaupont.</note></item>
                           <item> de XL solidis receptis de Iohanne Christinolii <lb/> quia
                              adcusaba¬tur violasse quamdam mulierem </item>
                           <item> de XL solidis receptis de Guillermo <foreign>del Monceys</foreign>
                              pro banno sanguinis facti Ruffo <foreign>Hugaut</foreign></item>
                           <item> de XX solidis <lb/> receptis de dicto Ruffo pro banno sanguinis
                              facti dicto Guillermo </item>
                           <item> de XL solidis receptis de Iohanne <foreign>Meyer</foreign>, quia
                              cela¬verat quamdam fortunam auri repertam per ipsum, <lb/> quod aurum
                              vendidit cuidam homini alieno et nescitur cui </item>
                           <item> de X solidis receptis de Guioneto <foreign>della
                                 Mar</foreign><note> Écrit <hi rend="italics">dellamar</hi>.</note>
                              pro banno sanguinis </item>
                           <item> de VI solidis VIII denariis <lb/> receptis de dicto
                                 <foreign>Chapotin</foreign> pro banno sanguinis facti Hu¬gono
                                 <foreign>Rancot</foreign></item>
                           <item> de X solidis receptis filio Guillermi <foreign>Chalinat</foreign>
                              pro banno sanguinis facti cuidam puero <lb/></item>
                           <item> de X solidis receptis de Stephano <foreign>Gorenonz</foreign> pro
                              banno sanguinis facti sorori sue </item>
                           <item> de XIII solidis IIII denariis receptis de Perroneto
                                 <foreign>Meyer</foreign> pro banno <lb/> sanguinis facti
                                 Ia¬queto<note> Écrit <hi rend="italics"
                                 >Jaqueto</hi>.</note><foreign>de Montmeyn</foreign><note>
                                 Aujourd’hui <hi rend="italics">Montmain</hi>, c<hi rend="sup"
                                    >ne</hi> de Servignat.</note></item>
                           <item> de LX solidis receptis de dicto <foreign>Pancier</foreign> quia
                              adcusabatur male cepisse quamdam cathenam<note> Pour <hi
                                    rend="italics">catenam</hi>.</note> ferri et vocaverat <lb/>
                                 themere<note>Pour <hi rend="italics">temere</hi>.</note> in iudicio
                              Humbertum <foreign>Lo Bler</foreign><note> Écrit <hi rend="italics"
                                    >lobler</hi>.</note><foreign> </foreign></item>
                           <item> de LX solidis receptis de pellipario de <foreign>Vercors</foreign>
                              pro fractura seysine </item>
                           <item> de XX <add place="interlinear">VI</add> solidis receptis de fratre
                              <lb/> domini Guichardi Columbi, quia ceperat de nemore de
                                 <foreign>Chamadrei</foreign><note> Pour <hi rend="italics"
                                    >Chamandrey</hi>.</note></item>
                           <item> de XXVI solidis VIII denariis receptis de Bernardo
                                 <foreign>Poter</foreign> pro frac¬tura seysine <lb/></item>
                           <item> de XXVI solidis VIII denariis receptis de Othonino de
                                 <foreign>Vernos</foreign><note> Aujourd’hui Vernoux.</note> pro
                              banno sanguinis facti dicto <foreign>Pecarer</foreign></item>
                           <item> de XIII solidis IIII denariis receptis de Matheo <lb/><foreign>de
                                 Montbiart</foreign> pro banno sanguinis facti Aymoneto <del
                                 rend="underlined_dotted">del
                              Imp</del><foreign>Donet</foreign></item>
                           <item> de XX solidis receptis de Iohanne <foreign>Fariot</foreign> quia
                              adcusabatur cepisse de <lb/> ferro Philiberti <foreign>Troiat
                                 </foreign><add place="interlinear">indebite</add></item>
                           <item> de XX VI solidis VIII denariis receptis de Aymoneto
                                 <foreign>Filol</foreign>, quia ad¬cussabatur<note> Pour <hi
                                    rend="italics">adcusabatur</hi>.</note> auctoritate sua cepisse
                              animalia Hugonis <foreign>Troyer</foreign><lb/></item>
                           <item> de LX solidis receptis de Bernardo <foreign>della
                                 Verna</foreign><note> Écrit <hi rend="italics"
                                 >dellaverna</hi>.</note>, quia ceperat auctoritate sua de nemore de
                                 <foreign>Chamandrey</foreign></item>
                           <item> de XX solidis receptis de Guioneto <foreign>della
                                 Mar</foreign><note> Écrit <hi rend="italics">dellamar</hi>.</note>,
                              quia <lb/> vendiderat carnes caprinas pro carnibus mutonis </item>
                           <item> de XX VI solidis VIII denariis receptis de Hugone Columbi pro
                              fractura seysine </item>
                           <item> de <lb/> XIII libris VI solidis VIII denariis receptis de
                              Philiberto, filii<note> Lire <hi rend="italics">filio</hi>.</note>
                              Guillermini <foreign>de Tageyset</foreign>, quia adcussabatur quoddam
                              ferrum molendini male cepisse </item>
                           <item> de XVI solidis <lb/> VIII denariis receptis de Andrea, familiari
                                 <foreign>alla Quilli</foreign><note> Écrit <hi rend="italics"
                                    >allaquilli</hi>.</note>, pro banno sanguinis </item>
                           <item> de LX solidis receptis de Iohanne Raverii, &lt;quia&gt; celaverat
                              quemdam goyardum<note> GOYARDUS, nostris <hi rend="italics"
                                    >Goyart</hi>, Falcis species.</note> repertum per ipsum
                              <lb/></item>
                           <item> de LXVI solidis VIII denariis receptis de Humberto Munerii, quia
                              proiciendo lapidem ad unum pererium<note> Pour <hi rend="italics"
                                    >perrerium</hi>.</note> percussit dictum
                                 <foreign>Sennalot</foreign></item>
                           <item> de XXX solidis receptis de <lb/> Ponczardo <foreign>della
                                 Channey</foreign><note> Écrit <hi rend="italics"
                                 >dellachanney</hi>.</note> pro banno sanguinis </item>
                           <item> de L III solidis IIII denariis receptis de dicto
                                 <foreign>Upet</foreign>, quia male ceperat quemdam cutellum</item>
                        </list></p>
                     <p><lb/> summa : L II libre VI solidi VIII denarii parisiensium, deductis
                        centum sexdecim solidis pro parte castellani capientis <lb/> in libra
                        bannorum duos solidos ut in computo precedenti </p>
                  </div>
                  <div xml:id="clame">
                     <head>clame </head>
                     <p><lb/> idem reddit computum <list>
                           <item> de XL solidis parisiensium receptis de minutis clamis per idem
                              tempus de quibus<note> Écrit <hi rend="italics">dequibus</hi>.</note>
                              non habet particulas penes se </item>
                        </list></p>
                  </div>
                  <div xml:id="herba">
                     <head>herba </head>
                     <p><lb/> idem reddit computum <list>
                           <item> de L solidis parisiensium receptis de exitu herbarum de
                              com¬munitatibus de <foreign>Buysiroles</foreign> et aliarum rerum
                              ibidem pro medietate dominum contingente et de <lb/> duabus carratis
                              feni quas percipit dominus in alia parte dictarum communitatum quam
                              tenet Perrinus <foreign>de Moysia</foreign> et participes sui</item>
                        </list></p>
                     <p><lb/> summa : L solidi parisiensium </p>
                  </div>
                  <div xml:id="corvagium">
                     <head>corvagium </head>
                     <p><lb/><list>
                           <item> de corvagio non computat, sed magister Hugo
                                 <foreign>Cusies</foreign> respondere debet de eo quod re¬mansit
                              recuperandum in computo precedenti, ut ibidem </item>
                        </list></p>
                  </div>
                  <div xml:id="venditiones">
                     <head>venditiones </head>
                     <p><lb/> idem reddit computum <list>
                           <item> de XVI solidis parisiensium receptis de quatuor meyteriis milii
                              venditis <sic>ut ut</sic> supra pro tanto </item>
                           <item> de XX solidis VIII denariis receptis de viginti <lb/> sex panibus
                              et dimidio venditis ut supra pro tanto </item>
                           <item> de LI solidis receptis de ducentis quatuor gallinis venditis ut
                              supra, <add place="interlinear">qualibet</add> tribus denariis
                              parisien¬sium </item>
                           <item> de <lb/><sic>de</sic> LXXII solidis receptis de sexaginta
                                 duodecim<note> Pour <hi rend="italics">septuaginta duabus</hi>.
                              </note> trossis feni venditis ut supra, qualibet duodecim denariis
                              parisiensium </item>
                           <item> de XII libris XII solidis receptis de sex <lb/> viginti sex libris
                              cere venditis ut supra, qualibet libra duobus solidis parisiensium </item>
                           <item> de VI solidis receptis de uno obolo auri vendito supra pro tanto
                              <lb/></item>
                           <item> de XVI solidis receptis de quatuor assinatis<note> Pour <hi
                                    rend="italics">asinatis</hi>.</note> vini venditis ut supra pro
                              tanto</item>
                        </list></p>
                     <p><lb/> summa : XXI libre XIII solidi VIII denarii parisiensium</p>
                  </div>
                  <div>
                     <p><lb/> summa totius recepte : II<hi rend="sup">C</hi> L II libre VIII solidi
                        X denarii parisiensium — respondet in computo Belli Vissus<note> Pour <hi
                              rend="italics">Belli Visus</hi>. Aujourd’hui <hi rend="italics"
                              >Bevet</hi>, c<hi rend="sup">ne</hi> de Beaupont.</note></p>
                  </div>
               </div>
            </div>
         </div>
         <div type="subaccount">
            <div xml:id="prologue_2">
               <p><lb/> Computus eiusdem castellani de exitibus Belli Visus per supradictum tempus
                  de quo computat</p>
            </div>
            <div xml:id="recepte_2">
               <div xml:id="frumentum_2">
                  <head>frumentum</head>
                  <p><lb/> idem reddit computum <list>
                        <item> de I quartallo dimidio frumenti recepto de Guillermo
                              <foreign>Masuer</foreign> de redditu per annum </item>
                        <item> de IIII quartallis receptis de medietate firme molendinorum Belli
                           Vi¬sus <lb/> finita in Nativitate Domini, anno nonogesimo octavo </item>
                        <item> de V quartallis receptis de medietate firme dicti molendini finienda
                           in Nativitate Domini, anno nonogesimo nono, <lb/> et tunc debentur
                           tantumdem </item>
                        <item> de II quartallis receptis de medietate firme molendini de
                              <foreign>Cropet</foreign><note> Aujourd’hui <hi rend="italics"
                                 >Croppet</hi>, c<hi rend="sup">ne</hi> de Beaupont.</note> finiende
                           in Nativitate Domini, anno nonogesimo nono, et tunc <lb/> debentur
                           tantum¬dem</item>
                     </list></p>
                  <p><lb/> summa recepte : XII <foreign>quartauz</foreign> dimidius frumenti</p>
                  <div type="sub">
                     <head>arreragium</head>
                     <p><lb/> idem reddit computum <list>
                           <item> de IX quartallis frumenti receptis de remanentia computi
                              prece¬dentis</item>
                        </list></p>
                  </div>
                  <div>
                     <p><lb/> summa recepte cum arreragio : XXI quartalli dimidius frumenti — et
                        remanent</p>
                  </div>
               </div>
               <div xml:id="siligo_2">
                  <head>siligo</head>
                  <p><lb/> idem reddit computum <list>
                        <item> de XIII quartallis siliginis receptis de medietate firme molendini
                           Belli Visus finite in Nativitate Domini, anno nonogesimo octavo <lb/>
                           [vue 22 = peau 25] </item>
                        <item> de XIII quartallis receptis de medietate firme dicti molendini
                           finiende in Nativitate Do¬mini, anno nonogesimo nono, et tunc debentur
                           tantumdem </item>
                        <item> de III quartallis <lb/> receptis de medietate firme molendini de
                              <foreign>Cropet</foreign> finiende in Nativitate Domini, anno
                           nonogesimo nono, et tunc debentur tantumdem </item>
                        <item> de XXIII quartallis receptis de <lb/> lunatione recepta ibidem per
                           annum</item>
                     </list></p>
                  <p><lb/> summa : LII <foreign>quartauz</foreign> siliginis</p>
                  <div xml:id="sub">
                     <head>arreragium</head>
                     <p><lb/> idem reddit computum <list>
                           <item> de XLVIII quartallis dimidio siliginis receptis de remanentia
                              computi precedentis</item>
                        </list></p>
                  </div>
                  <div>
                     <p><lb/> summa recepte cum arreragio : C quartalli dimidius siliginis — et
                        remanent </p>
                  </div>
               </div>
               <div xml:id="avena_2">
                  <head>avena - arreragium </head>
                  <p><lb/> idem reddit computum <list>
                        <item> de III quartallis dimidia cupa avene receptis de redditu Belli Visus
                           per annum </item>
                        <item> de III quartallis dimidia cupa receptis de remanentia computi
                           preceden¬tis</item>
                     </list></p>
                  <p><lb/> summa recepte cum arreragio : VI quartalli dimidius avene — et remanent
                  </p>
               </div>
               <div xml:id="galline_2">
                  <head>galline </head>
                  <p><lb/> idem reddit computum <list>
                        <item> de XXI gallinis receptis apud Bellum Vissum<note> Pour <hi
                                 rend="italics">Visum</hi>.</note> de redditu et consuetudine per
                           annum</item>
                     </list></p>
                  <p><lb/> summa : XXI galline — venduntur ut infra </p>
               </div>
               <div xml:id="denarii_census_2">
                  <head>denarii census </head>
                  <p><lb/> idem reddit computum <list>
                        <item> de XI solidis parisiensium receptis apud Bellum Vissum de red¬ditu
                           per annum</item>
                     </list></p>
                  <p><lb/> summa : XI solidi parisiensium </p>
               </div>
               <div xml:id="tallie_2">
                  <head>tallie </head>
                  <p><lb/> idem reddit computum <list>
                        <item> de VIII libris parisiensium receptis apud Bellum Vissum de talliis
                           hoc anno</item>
                     </list></p>
                  <p><lb/> summa : VIII libre parisiensium </p>
               </div>
               <div xml:id="blaeria">
                  <head>blaeria</head>
                  <p><lb/> idem reddit computum <list>
                        <item> de IIII libris parisiensium receptis de medietate firme blaerie et
                           chacipolerie Belli Vissus finiende in festo beati Iohannis
                              Bapthiste<note> Pour <hi rend="italics">Baptiste</hi>.</note>, <lb/>
                           anno nonogesimo nono</item>
                        <item><del rend="overstrike"> de invention</del></item>
                     </list></p>
               </div>
               <div xml:id="inventa">
                  <head>inventa<note> Écrit <hi rend="italics">in venta</hi>.</note></head>
                  <p><lb/> idem reddit computum <list>
                        <item> de II solidis receptis de una libra cere habita de uno exsamine<note>
                              Pour <hi rend="italics">examine</hi>.</note> apium invento<note> Écrit
                                 <hi rend="italics">in vendo</hi>.</note> apud Bellum Vissum</item>
                     </list></p>
                  <p><lb/> summa : II solidi parisiensium </p>
               </div>
               <div xml:id="banna_et_clame">
                  <head>banna et clame </head>
                  <p><lb/><list>
                        <item> de bannis et clamis computatum est supra in computo Sancti
                           Triverii</item>
                     </list></p>
               </div>
               <div xml:id="venditiones_2">
                  <head>venditiones </head>
                  <p><lb/> idem reddit computum <list>
                        <item> de V solidis III denariis parisiensium receptis de viginti una
                           gallinis venditis ut supra, qualibet tribus denariis parisiensium</item>
                     </list></p>
                  <p><lb/> summa : V solidi III denarii parisiensium</p>
               </div>
               <div>
                  <p><lb/> summa totius recepte : XII libre XVIII solidi III denarii parisiensium </p>
                  <div xml:id="arreragium">
                     <head>arreragium </head>
                     <p><lb/> idem reddit computum <list>
                           <item> de II<hi rend="sup">C</hi> LII libris VIII solidis X denariis
                              parisiensium receptis de <del rend="overstrike">remanentia</del>
                              recepta computi Sancti Triverii huius anni nonogesimi octavi </item>
                        </list></p>
                  </div>
                  <div xml:id="arreragium_2">
                     <head>arreragium </head>
                     <p><lb/> idem reddit computum <list>
                           <item> de III<hi rend="sup">C</hi> XXXVI libris XIX solidis VIII denariis
                              parisiensium receptis de remanentia computi precedentis de anno
                              preterito</item>
                        </list></p>
                  </div>
                  <div>
                     <p><lb/> summa totius recepte duorum computorum cum arraragiis<note> Pour <hi
                              rend="italics">arreragiis</hi>.</note> : VI<hi rend="sup">C</hi> II
                        libre VI solidi IX denarii parisiensium</p>
                  </div>
               </div>
            </div>
         </div>
         <div xml:id="expense_et_librate">
            <p><lb/> de quibus <list>
                  <item> in locagio unius <lb/> granerii in quo reponitur bladum domini, et uno
                     somerio ibidem posito pro blado domini sustinendo, et in coperiendo dicto
                     granerio <lb/> quod ventus discoperierat : XXXVI solidos viennensium </item>
                  <item> in prandio dato apportantibus servitium ter¬tia die Nattalis<note> Pour <hi
                           rend="italics">Natalis</hi>.</note> Domini, de consuetudine : <lb/> VII
                     solidos <add place="interlinear">parisiensium</add></item>
                  <item> in pratis domini secandis et feno faciendo et apportando : VI solidos
                     parisien¬sium</item>
               </list></p>
            <p><lb/> summa, scampsis viennensibus : XXXVII solidi parisiensium </p>
            <div xml:id="librate">
               <head>librate </head>
               <p><lb/><list>
                     <item> libravit Girardo <foreign>de Cussiria</foreign><note> Aujourd’hui
                           Cuisery (Saône-et-Loire).</note><foreign> </foreign>et Colino Chapotino
                        et fratri suo Galopino et Morello et Richardo et dicto <foreign>La
                           Bayeta</foreign> et <foreign>Lo Gui</foreign>, custodientibus<note><hi
                              rend="italics">custodi<lb/>entibus</hi></note><lb/> gardam robam et
                        equos domini pro quatuor diebus, ut<foreign> </foreign>per litteram dicti
                        Girardi redditam superius in avena : XVIII solidos II denarios obolum
                        parisiensium <lb/></item>
                     <item> idem libravit ad expensas domini comitis factas per manum Hugonis de
                        Voyrone, ut per litteram redditam superius in avena : XX libras
                        pari¬siensium <lb/></item>
                     <item> idem libravit ad expensas domini comitis factas per manum Hugonis de
                        Voyrone, ut per litteras domini comitis et dicti Hugonis datas die sabbati
                        post octabas Natalis <lb/> Domini, anno nonogesimo octavo<note> Le samedi 3
                           janvier 1299 (nouveau style).</note>, quas reddit : XIII libras VI
                        solidos VIII denarios parisiensium <lb/></item>
                     <item> idem libravit Berardo Vigerii, cui debentur per annum super talliis
                        Sancti Triverii, que fiunt in Carniprivio, per testimonium magistri <lb/>
                              Guidonis<note><hi rend="italics">Gui<lb/>donis</hi></note> : XXX
                        solidos parisiensium</item>
                  </list></p>
            </div>
            <div xml:id="salarium">
               <head>salarium </head>
               <p><lb/><list>
                     <item> idem libravit sibi ipsi pro salario suo per idem tempus cui dantur
                        viginti quinque<note> Ce mot paraît partiellement effacé.</note> libre
                        viennensium per annum, pro viginti una libra<note> Lire <hi rend="italics"
                              >libris</hi>.</note> septem solidis <lb/> sex denariis viennensium que
                        sibi obvenierunt per dictum tempus : XIIII libras V solidos parisiensium
                        <lb/></item>
                     <item> summa librate : XL IX libre XIX solidi X denarii obolus parisiensium
                        <lb/></item>
                     <item> summa expense, salarii et librate : LI libre XVI solidi X denarii obolus
                        parisiensium</item>
                  </list></p>
            </div>
         </div>
         <div xml:id="bilan">
            <p> et <lb/> sic debet : V<hi rend="sup">C</hi> L libras IX solidos X denarios obolum
               parisiensium</p>
         </div>
      </body>
   </text>
</TEI>
