<?xml version="1.0" encoding="UTF-8"?>
<?xml-model href="http://www.tei-c.org/release/xml/tei/custom/schema/relaxng/tei_all.rng" type="application/xml" schematypens="http://relaxng.org/ns/structure/1.0"?><?xml-model href="http://www.tei-c.org/release/xml/tei/custom/schema/relaxng/tei_all.rng" type="application/xml"
	schematypens="http://purl.oclc.org/dsdl/schematron"?>
<TEI xmlns="http://www.tei-c.org/ns/1.0" xml:id="B9942_9">
   <teiHeader>
      <fileDesc>
         <titleStmt>
            <title>Étienne de Francheleins (Stephanus de Francheleyns), châtelain, pour la
               châtellenie de Saint-Trivier-de-Courtes et revenus de Bevet <date type="debut"
                  from-iso="12990401" cert="high"/><date type="fin" from-iso="12990709" cert="high"
               /></title>
            <respStmt>
               <persName><name xml:lang="fra">Étienne de Francheleins</name><name xml:lang="lat"
                     >Stephanus de Franchilens</name></persName>
               <resp>Châtelain</resp>
            </respStmt>
         </titleStmt>
         <publicationStmt>
            <p>Frédéric Chartrain, avec la collaboration de Alain Kersuzan, Nils Mantilleri et Jean-Michel Poisson, 
               <title>Compte d'Étienne de Francheleins (<hi rend="italics">Stephanus de Francheleyns</hi>), châtelain,
                  pour la châtellenie de Saint-Trivier-de-Courtes et revenus de Bevet, du 1er avril 1299 au 9 juillet 1299</title>,
               Lyon - Chambéry, 2013 (<title>Documents comptables des Etats de Savoie, XIIIe - XVe s.</title>)</p>                        
         </publicationStmt>
         <seriesStmt>
            <title>Saint-Trivier-de-Courtes</title>                
         </seriesStmt>
         <sourceDesc>
            <p>Information about the source</p>
         </sourceDesc>
      </fileDesc>
   </teiHeader>
   <text>
      <body>
         <div type="subaccount">
            <milestone n="23" unit="vue"/>
            <pb n="26"/>
            <div xml:id="prologue">
               <p><lb/> Computus domini Stephani <foreign>de Francheleyns</foreign><note>
                     Aujourd’hui Francheleins.</note>, militis, castellani Sancti Trive¬rii,
                     <supplied reason="support détruit">[a prima die]</supplied><lb/> mensis
                  aprilis, anno nonagesimo octavo ante Pascha, usque ad nonam diem intrantis
                     <supplied reason="support détruit">[mensis julii, anno]</supplied><lb/>
                  nonagesimo nono, videlicet per quatuordecim septimanas </p>
            </div>
            <div xml:id="recepte">
               <div xml:id="frumentum">
                  <head>frumentum</head>
                  <p><lb/> idem reddit computum <list>
                        <item> de VII meiteriis frumenti receptis de firma molendini de stanno
                           finienda in festo beati <lb/> Andree, anno nonagesimo nono, videlicet de
                           Iohanne Anglici, qui ipsum tenet ad firmam </item>
                        <item> de II meiteriis et dimidio <lb/> receptis de dicto <foreign>La
                              Quilly</foreign> pro medie¬tate firme molendini de
                              <foreign>Servignia</foreign><note> Aujourd’hui Servignat.</note>
                           finienda in Carniprivio novo, anno <lb/> nonagesimo<note><hi
                                 rend="italics">nona<lb/>gesimo</hi></note> nono<note> Le mardi 23
                              février 1300 (nouveau style).</note>, et tunc debentur
                           tantumdem</item>
                     </list></p>
                  <div xml:id="arreragium">
                     <head>arreragium</head>
                     <p><list>
                           <item> de II<hi rend="sup">C</hi> IIII<hi rend="sup">XX</hi> XI meiteriis
                              IIII cuppis frumenti receptis a se <supplied
                                 reason="support endommagé"> [ipso]</supplied><lb/> de remanentia
                              computi sui Sancti Triverii precedentis </item>
                           <item><del rend="overstrike">de XXI quartallis frumenti et dimidio
                                 frumenti receptis de remanentia computi sui Belli <lb/> Visus ad
                                 mensuram eiusdem loci</del><note> Cet ajout, qui a été biffé, est
                                 d’une seconde main, à laquelle on doit toutes les autres mentions
                                 du compte du successeur d’Étienne de Francheleins.</note></item>
                        </list></p>
                  </div>
                  <div>
                     <p> summa : III<hi rend="sup">C</hi> meiterii VII cuppe frumenti <list>
                           <item> de quibus <lb/> libravit in venditione facta ut infra in
                              additionibus in fine computi : IIII<hi rend="sup">XX</hi> II meiterios
                              frumenti </item>
                           <item> et <lb/> restant : CC XVIII meiterii VII cuppe frumenti —
                                 alloquantur<note> Pour <hi rend="italics">allocantur</hi>.</note>
                              ut in computo do¬mini <add place="interlinear">Iohannis</add> Artoudi,
                              castellani post ipsum </item>
                        </list></p>
                  </div>
               </div>
               <div xml:id="siligo">
                  <head><supplied reason="support détruit">[siligo]</supplied></head>
                  <p><lb/> idem reddit computum <list>
                        <item> de XII meiteriis siliginis receptis de Iohanne Anglico pro firma
                           molendini de stanno finienda in <lb/><supplied reason="support détruit"
                              >[fes]to</supplied> beati Andree ut supra in fru¬mento </item>
                        <item> de IX meiteriis et dimidio receptis de medietate firme molendini
                              <lb/><supplied reason="support détruit"
                              >[de]</supplied><foreign>Servignya</foreign> finienda in Carniprivio
                           ut supra in frumento </item>
                        <item> de III<hi rend="sup">C</hi> LVII meiteriis V cuppis siliginis <lb/>
                           receptis a se ipso de remanentia<note> Nous lisons ici <hi rend="italics"
                                 >remanencia</hi>, <hi rend="italics">precio</hi>, <hi
                                 rend="italics">tocius</hi>, <hi rend="italics">presencium</hi>, que
                              nous transcrivons – puisque la convention d’édition prescrit dans ce
                              cas l’usage généralisé de la graphie classique – <hi rend="italics"
                                 >remanentia</hi>, <hi rend="italics">pretio</hi>, <hi
                                 rend="italics">totius</hi>, <hi rend="italics"
                              >presentium</hi>.</note> computi sui precedentis</item>
                     </list></p>
                  <p><lb/> summa : III<hi rend="sup">C</hi> LXXIX meiterii II cuppe siliginis <list>
                        <item> de quibus <lb/> libravit in venditione facta ut infra in additionibus
                           : IIII<hi rend="sup">XX</hi> XVIII meiterios IIII cuppas siliginis </item>
                        <item> et restant <lb/> que debet : II<hi rend="sup">C</hi> IIII<hi
                              rend="sup">XX</hi> meiterios IIII cuppas siliginis — alloquantur in
                              cum-puto<note> Pour <hi rend="italics">computo</hi>. Cette graphie
                              caractérise la seconde main.</note> dicti domini Iohannis Arthoudi,
                           castellani post ipsum </item>
                     </list></p>
               </div>
               <div xml:id="avena">
                  <head>avena </head>
                  <p><lb/> idem reddit computum <list>
                        <item> de III<hi rend="sup">C</hi> LVII meiteriis I cuppa avene receptis a
                           se ipso de <supplied reason="support endommagé"> [re¬manentia computi sui
                              Sancti]</supplied><lb/> Treverii<note> Pour <hi rend="italics"
                                 >Triverii</hi>.</note> precedentis </item>
                     </list></p>
                  <p><lb/> summa : III<hi rend="sup">C</hi> LVII meiterii I cuppa avene <list>
                        <item><supplied reason="support endommagé">de quibus [libravit
                              in]</supplied><lb/> libratione equorum magistri Tassini et Gi¬rardi
                           Guioti et magistri Iohannis, carpentarii de Sancto Simphoriano<note>
                              Aujourd’hui Saint-Symphorien-d’Ozon (Rhône).</note>, et Petri de
                              <supplied reason="support endommagé">Montemeliano<note> Aujourd’hui
                                 Montmélian (Savoie).</note> per tres [dies]</supplied><lb/> apud
                           Sanctum Triverium recipientium opera castri : III meiterios III<note> On
                              avait d’abord écrit <hi rend="italics">II</hi>.</note> cuppas </item>
                        <item> item in venditione ut infra in additioni-bus : CC XVI <supplied
                              reason="support endommagé"> [meiterios III cuppas …]</supplied><lb/>
                           alloquantur in cumputo dicti domini Iohannis, castellani post ipsum
                        </item>
                     </list></p>
               </div>
               <div xml:id="fenum">
                  <head>fenum </head>
                  <p><lb/> idem reddit computum <list>
                        <item> de XII charratis feni receptis a se ipso de remanentia computi sui
                           Sancti Triverii precedentis </item>
                     </list></p>
                  <p><lb/> summa : XII charrate feni — venduntur ut infra </p>
               </div>
               <div xml:id="denarii_firme">
                  <head>denarii <lb/> firme </head>
                  <p><lb/> idem reddit computum <list>
                        <item> de XXXVI solidis VIII denariis parisiensium receptis de me¬dietate
                           firme furni Sancti Triverii finite in <lb/> festo beati Iohannis
                           Baptiste, anno nonagesimo nono, et de alia medietate computavit in
                           computo precedenti </item>
                        <item> de firma chacipollerie<note><hi rend="italics"
                                 >chacipol<lb/>lerie</hi></note><lb/> Sancti Triverii non computat
                           quia de ea computavit in computo suo precedenti </item>
                        <item> de firma blaerie Sancti Triverii <lb/> et de medietate firme blaerie
                           de Curciaco<note> Aujourd’hui Curciat-Dongalon.</note> non computat, quia
                           non recuperantur ante festum beati Bartholomei <lb/></item>
                        <item> de VI libris receptis de medietate firme blaerie et chacipollerie de
                              <foreign>Cormo</foreign><note> Aujourd’hui Cormoz.</note> finite in
                           festo beati Iohannis Baptiste, <lb/> anno nonagesimo nono, et de alia
                           medietate computavit in computo precedenti </item>
                        <item> de VII libris XIII solidis IIII denariis <lb/> receptis de medietate
                           firme blaerie et chacipollerie de <foreign>Buyssiroles</foreign><note>
                              Aujourd’hui <hi rend="italics">Buisserolle</hi>, c<hi rend="sup"
                                 >ne</hi> de Varenne-Saint-Sauveur (Saône-et-Loire).</note> et de
                              <foreign>Tage¬set</foreign><note> Aujourd’hui <hi rend="italics"
                                 >Tagiset</hi>, c<hi rend="sup">ne</hi> de Sainte-Croix
                              (Saône-et-Loire).</note> finite in eodem festo beati Iohannis, <lb/>
                           et de alia medietate computavit in computo prece-denti </item>
                        <item> de XXXVII solidis receptis de teysis domorum Sancti Triverii, que
                           <lb/> levantur in octabis Penthecostes<note> Pour <hi rend="italics"
                                 >Pentecostes</hi>.</note></item>
                        <item> de XXVI libris XIII solidis IIII denariis receptis de Iohanne Anglico
                           de firma leyde et coponagii <lb/> finienda in festo beate Agathes, anno
                           nonagesimo nono<note> Le vendredi 5 février 1300 (nouveau style).</note>,
                           et tunc debentur XVI libre XIII solidi IIII denarii parisiensium </item>
                     </list></p>
                  <p><lb/> summa : XLIII libre IIII denarii parisiensium </p>
               </div>
               <div xml:id="laudes_et_vende">
                  <head>laudes et vende </head>
                  <p><lb/> idem reddit computum <list>
                        <item> de XXIIII solidis parisiensium receptis de Hugone
                              <foreign>Cuysia</foreign>, cle¬rico, pro medietate cuiusdam plastri
                           siti <supplied reason="support détruit">iu[xta domum]</supplied><lb/>
                           Guidonis <foreign>de La Mayt</foreign> et pro medietate alterius plastri
                           siti iuxta domum Ogerii <foreign>Putorelly</foreign> emptis a Perro¬nino
                           filio <supplied reason="support détruit"><foreign>a La
                                    R[…]nola</foreign><note><hi rend="italics"
                                 >alar[…]<lb/>nola</hi></note></supplied><foreign> </foreign><lb/>
                           pretio duodecim librarum viennensium </item>
                     </list></p>
                  <p><lb/> summa : XXIIII solidi parisiensium </p>
               </div>
               <div xml:id="banna">
                  <head>banna </head>
                  <p><lb/> idem reddit computum <list>
                        <item> de XL solidis parisiensium receptis de Galtero <foreign>de La
                              Grueri</foreign><note> Aujourd’hui <hi rend="italics">La Gruyère</hi>,
                                 c<hi rend="sup">ne</hi> de Cormoz.</note> pro eo quod filius suus
                           auctoritate sua propria sciderat de <lb/> nemore <foreign>de
                              Chamandrey</foreign><note> Aujourd’hui <hi rend="italics"
                                 >Chamandray</hi>, c<hi rend="sup">ne</hi> de Cormoz, ou <hi
                                 rend="italics">Le Bois de Chamandre</hi>, c<hi rend="sup">ne</hi>
                              de Foissiat.</note></item>
                        <item> item de <del rend="overstrike">XX</del> XIII solidis IIII denariis
                           receptis de Laurentio <foreign>de Vitrea</foreign><note> Aujourd’hui <hi
                                 rend="italics">Vitriat</hi>, c<hi rend="sup">ne</hi> de
                              Curciat-Dongalon.</note> quia auctoritate sua propria ceperat <lb/> in
                           nemore <foreign>d’Arney</foreign> quamdam trabem non suam </item>
                        <item> de XXVI solidis VIII denariis receptis de Guichardeto, mugnerio
                           Iohannis <foreign>Salignyon</foreign><note><hi rend="italics"
                                 >salig<lb/>nyon</hi></note>, <lb/> quia accusabatur male cepisse de
                           piscibus, anguillis, pallis, blado et farina dicti Iohannis </item>
                        <item> de XX solidis re¬ceptis <lb/> de filio Hugoneti
                              <foreign>Bosonet</foreign> pro eo quod accusabatur cepisse de pecunia
                           dicti <foreign>Chastra</foreign> et fuisse consentiens latrocinii</item>
                     </list></p>
                  <p><lb/> summa : IIII libre X solidi, deductis decem solidis pro parte castellani
                     capientis in <lb/> libra duos solidos </p>
               </div>
               <div xml:id="clame">
                  <head>clame </head>
                  <p><lb/> idem reddit computum <list>
                        <item> de X solidis parisiensium receptis de minutis clamis per idem
                           tempus</item>
                     </list></p>
                  <p><lb/> summa : X solidi parisiensium</p>
               </div>
               <div xml:id="fenum_et_herba">
                  <p><lb/><list>
                        <item> de feno<note> On n’a pas jugé utile la rubrique <hi rend="italics"
                                 >fenum</hi>, mais on a placé dans la marge gauche un signe <hi
                                 rend="italics">Ç</hi>.</note> novo et herba pratorum de
                              <foreign>Les Communes de Buyssiroles</foreign> non computat </item>
                     </list></p>
               </div>
               <div xml:id="corvagium">
                  <head>corvagium </head>
                  <p><lb/> idem reddit computum <list>
                        <item> de X libris XVI solidis IIII denariis parisiensium receptis de
                           quatuor milibus quatuor centum quadraginta novem bestiarum<note><hi
                                 rend="italics">besti<lb/>arum</hi></note>, <lb/> tam equorum,
                           vaccarum quam bovinarum, de corvagio anno preterito levato, preterquam
                           sexaginta libras parisien¬sium computatas in computo precedenti<note><hi
                                 rend="italics">preceden<lb/>ti</hi></note><lb/> et preter centum
                           solidos viennensium datos magistro Hugoni et magistro Othoni, qui dictum
                           corvagium recuperaverunt </item>
                     </list></p>
                  <p><lb/> summa dicti corvagii : X libras XVI solidos IIII denarios parisiensium
                  </p>
               </div>
               <div xml:id="venditiones">
                  <head>venditiones </head>
                  <p><lb/> idem reddit computum <list>
                        <item> de L solidis parisiensium receptis de duodecim quarratis<note> Pour
                                 <hi rend="italics">carratis</hi>.</note> feni venditis ut supra, et
                           venditur peius quia in parte erat <lb/> peioratum<note><hi rend="italics"
                                 >peio<lb/>ratum</hi></note></item>
                     </list></p>
                  <p><lb/> summa : L solidi parisiensium</p>
               </div>
               <div>
                  <p><lb/><list>
                        <item> summa totius recepte hujus computi : LXII libre X solidi VIII denarii
                           parisiensium</item>
                     </list></p>
               </div>
            </div>
         </div>
         <div type="subaccount">
            <div xml:id="prologue_2">
               <p><lb/> Computus eiusdem castellani Belli Visus<note> Aujourd’hui <hi rend="italics"
                        >Bevet</hi>, c<hi rend="sup">ne</hi> de Beaupont.</note> per tempus
                  supradictum </p>
            </div>
            <div xml:id="recepte_2">
               <div xml:id="frumentum_2">
                  <head>frumentum</head>
                  <p><lb/> idem reddit computum <list>
                        <item> de quinque quartallis frumenti qui debentur de medietate firme
                           molendinorum Belli Visus et duobus <lb/> quartallis<note><hi
                                 rend="italics">quar<lb/>tallis</hi></note> pro medietate firme
                           molendini de <foreign>Cropet</foreign><note> Aujourd’hui <hi
                                 rend="italics">Croppet</hi>, c<hi rend="sup">ne</hi> de
                              Beaupont.</note> finiendarum in Nativitatis Domini, anno nonagesimo
                           nono, non computat quia debentur <lb/> in dicta Nativitate et non ante,
                           ut in computo precedenti</item>
                     </list></p>
                  <div type="sub">
                     <head>arreragium</head>
                     <p><lb/> idem reddit computum <list>
                           <item> de XXI quartallis et dimidio frumenti receptis a se ipso de
                              re¬manentia computi sui Belli Visus precedentis</item>
                        </list></p>
                  </div>
                  <div>
                     <p><lb/> summa : XXI quartalli et dimidius frumenti — alloquantur in cumputo
                        dicti domini Iohannis Artoudi, <lb/> castellani post ipsum<note> Cette
                           phrase a été ajoutée par le seconde main, qui écrit <hi rend="italics"
                              >cumputus</hi> pour <hi rend="italics">computus</hi>.</note></p>
                  </div>
               </div>
               <div xml:id="siligo_2">
                  <head>siligo </head>
                  <p><lb/> idem reddit computum <list>
                        <item> de C quartallis et dimidio siliginis receptis a se ipso de
                           rema¬nentia computi sui precedentis </item>
                        <item> de medietate <lb/> firmarum<note><hi rend="italics"
                                 >fir<lb/>marum</hi></note> dictorum molendinorum non computat
                           ratione qua supra in frumento, et summa dicte firme reperietur in computo
                           <lb/> precedenti</item>
                     </list></p>
                  <p><lb/> summa : C quartalli et dimidius siliginis — allocantur in cumputo dicti
                     domini Iohannis Artoudi, <lb/> castellani post ipsum </p>
               </div>
               <div xml:id="avena_2">
                  <head>avena </head>
                  <p><lb/> idem reddit computum <list>
                        <item> de VI quartallis et dimidio avene receptis de remanentia com¬puti sui
                           precedentis</item>
                     </list></p>
                  <p><lb/> summa : VI quartalli et dimidius avene — allocantur in cumputo dicti
                     domini Iohannis Artoudi, castellani post ipsum </p>
               </div>
               <div xml:id="denarii">
                  <head>denarii</head>
                  <p><lb/> idem reddit computum <list>
                        <item> de IIII libris parisiensium receptis de medietate firme blaerie et
                              chacipullerie<note> Pour <hi rend="italics">chacipollerie</hi>.</note>
                           Belli Visus finite in festo <lb/> beati Iohannis Baptiste, anno
                           nonagesimo nono, et de alia medietate computavit in computo suo
                           precedenti</item>
                     </list></p>
               </div>
               <div>
                  <p><lb/> summa recepte huius computi : IIII libre parisiensium</p>
                  <p><lb/><list>
                        <item> summa totius recepte duorum computorum presentium : LXVI libre X
                           solidi VIII denarii parisiensium</item>
                     </list></p>
                  <div xml:id="arreragium_2">
                     <head>arreragium </head>
                     <p><lb/> idem reddit computum <list>
                           <item> de V<hi rend="sup">C</hi> L libris IX solidis X denariis obolo
                              parisiensium receptis a se ipso de remanentia computi sui
                              precedentis</item>
                        </list></p>
                  </div>
                  <div>
                     <p><lb/> summa totius recepte cum arreragio : VI<hi rend="sup">C</hi> XVII
                        libre VI denarii obolus parisiensium, quibus adduntur : LXXIIII solidi <lb/>
                        VIII denarii parisiensium receptis de Petro de Montemeliano, clerico, in
                        septem asinatis et dimidia vini traditis Miloni, terrallioni, in solutione
                        tasche <lb/> [vue 24 = peau 27] fossatorum de vino domini comitis, quod
                        dictus Petrus apportari fecit apud Sanctum Triverium </p>
                     <p><lb/> summa totius recepte : VI<hi rend="sup">C</hi> XX libre XV solidi II
                        denarii obolus parisiensium</p>
                  </div>
               </div>
            </div>
         </div>
         <div xml:id="expense_et_librate">
            <p><list>
                  <item> de quibus <lb/> pro cavando aulam et cameram domini comitis inferiores ad
                     hoc quod ibi fiat suturnum et garita, et pro terra inde <lb/> amovenda<note><hi
                           rend="italics">amo<lb/>venda</hi></note> ad duos pedes de profundo et
                     portando extra <supplied reason="support détruit">por[tam]</supplied> a parte
                     ville, et pro muro existente inter dictam cameram veterem <lb/> et aulam
                     baissiando de duobus pedibus, dato in <supplied reason="support détruit"
                        >[tas]chiam</supplied> Mi¬leto, terraillioni : LX solidos parisiensium </item>
                  <item> item, pro sala superiori <supplied reason="support détruit"
                              >ter[ran]da<note><hi rend="italics"
                        >ter[ran]<lb/>da</hi></note></supplied>, <lb/> dato in taschiam dicto
                        <foreign>Agnyellet</foreign> et Iaqueto <foreign>al Rybaut </foreign>: XVIII
                     solidos VIII denarios </item>
                  <item> item pro augmentatione sale a parte <lb/><supplied reason="support détruit"
                              >v[iri]darii<note><hi rend="italics"
                        >v[iri]<lb/>darii</hi></note></supplied> garitanda, videlicet pro triginta
                     trabibus, quolibet<note> Le mot <hi rend="italics">trabs</hi>, de genre féminin
                        dans l’usage classique, est ici masculin.</note> de tribus teysis et
                     dimidia, ibi positis et duabus fileriis ad idem, <lb/> videlicet<note><hi
                           rend="italics">vi<lb/>delicet</hi></note> quolibet trabe computato <add
                        place="interlinear">duos solidos parisiensium</add> per taschiam datam a
                     domino comite barbitonsori Ioffredo, preter tres trabes ibidem plus
                           existentes<note><hi rend="italics">existen<lb/>tes</hi></note><lb/> nec
                     computantur ex eo quod duo trabes deficiunt in trabatione superiori dicte aule
                     : LXIIII solidos parisiensium </item>
                  <item> item pro quindecim <lb/> trabibus existentibus, quo¬libet de sex teysis de
                     longitudine, positis in superiori trabatione aule, videlicet in augmento dicte
                     <lb/> aule, quolibet trabe computato quatuor solidos parisiensium, et pro
                     duabus fileriis ibidem positis, <supplied reason="support endommagé">computata
                        qualibet duos solidos parisiensium :</supplied><lb/> LXIIII solidos </item>
                  <item> item pro domificio augmentationis dicte saule<note> Hybride de <hi
                           rend="italics">sale </hi>et <hi rend="italics">aule</hi>.</note> faciendo
                     et latando <supplied reason="support endommagé">per taschiam datam Ioffredo
                        barbitonsori :</supplied><lb/> VIII libras </item>
                  <item> item factura duo¬rum milium latarum ad idem : XII solidos </item>
                  <item> item <supplied reason="support détruit">[pane dato hominibus charrreantibus
                        …]</supplied><lb/> ad idem : V solidos </item>
                  <item> item quatuor milibus clavorum ad idem : VI solidos VIII denarios </item>
                  <item> item <supplied reason="support endommagé">quinque [milibus …
                              domi]ficio<note><hi rend="italics"
                        >[domi]<lb/>ficio</hi></note></supplied><lb/> cooperiendo : L solidos </item>
                  <item> item dicto <foreign>Jay</foreign> ipsam cooperiendam datam in taschiam :
                     XII <supplied reason="support endommagé">[…]</supplied></item>
                  <item><supplied reason="support endommagé">[…] </supplied><lb/> tegularum a
                        Matiscone<note> Aujourd’hui Macon (Saône-et-Loire).</note> apud bro¬lium
                     Sancti Romanis<note> Aujourd’hui <hi rend="italics">Saint-Romain</hi>, c<hi
                           rend="sup">ne</hi> de Romenay (Saône-et-Loire). La cargaison de tuiles
                        avait remonté la Saône, puis la Seille.</note> et a dicto brolio apud
                        <supplied reason="support endommagé"> [Sanctum Triverium : … solidos VI
                        denarios]</supplied></item>
                  <item> item pro viginti sex trabibus positis in garita chamere<note> Pour <hi
                           rend="italics">camere </hi>!</note> nove domini comitis, quolibet
                     computato quatuor solidos viennensium, et <supplied reason="support endommagé"
                        >duabus</supplied><lb/> fileriis et una charreria et uno pilario positis in
                     eadem : LXXVII solidos IIII denarios <lb/></item>
                  <item> item pro pisionibus seu curatis tornelle in qua facte sunt latrine iuxta
                     chameram novam domini comitis, dato in taschiam <supplied
                        reason="support détruit">[Mileto] :</supplied><lb/> XIII solidos IIII
                     denarios </item>
                  <item> item pro pisionibus caminate domini camere nove domini comitis, dato eidem
                     in taschiam : III solidos <supplied reason="support déruit"
                     >[…]</supplied><lb/></item>
                  <item> item pro terra dictarum pisionum por¬tanda extra <del rend="overstrike"
                        >foss</del> inter duo fossata et quodam parvo fossato in fine dicti
                        <supplied reason="support détruit">vigul[ti<note> Pour <hi rend="italics"
                              >virgulti</hi>.</note> a parte]</supplied><lb/> porte Pontis
                        Vallium<note> Aujourd’hui Pont-de-Vaux.</note> reficiendo : XVI solidos VIII
                     denarios </item>
                  <item> item pro quodam acervo terre existente in fundo <supplied
                        reason="support détruit">foss[ati]</supplied><lb/> retro domum dicti
                        <foreign>Coster</foreign>, iuxta pratum, a parte ville, amovendo et portando
                     versus magnum vigultum inter duo fossata, <lb/> dato in taschiam eidem : XXX
                     solidos </item>
                  <item> item pro quaterviginti teysis fossati habentis viginti pede<note> Lire <hi
                           rend="italics">pedes</hi>.</note> in latitudine et <lb/> octo pedes in
                     fundo factis per dictum Miletum per taschiam datam eidem a domino comite, et
                     dabantur sibi octo solidi <lb/> viennensium pro qualibet teysa : XXI libras VI
                     solidos VIII denarios </item>
                  <item> item pro quodam fossato facto in vinea vigulti ad hauriendum aquam <lb/>
                           magnorum<note><hi rend="italics">mag<lb/>norum</hi></note> fossatorum,
                     dato eidem in taschiam : X solidos </item>
                  <item> item pro rumppendo<note> Pour <hi rend="italics">rumpendo</hi>.</note>
                     terram super stuphum magnorum fossatorum et pro aptando <lb/> dictum stuphum
                     quia non poterat tenere aquam, dato in taschiam eidem : XI solidos IIII
                     denarios </item>
                  <item> item pro quinquaginta teysis <supplied reason="support détruit"
                              >[…]ti<note><hi rend="italics">[…]<lb/>ti</hi></note></supplied><lb/>
                     a <del rend="overstrike">clau</del> posterla vigulti usque ad introitum
                     fossatorum ville Sancti Triverii a parte porte Burgi, et <del rend="overstrike"
                        >factis</del><supplied reason="support détruit">repa[rando]
                     […]</supplied><lb/> per manum dicti Mileti in tas¬chiam : X libras II solidos </item>
                  <item> item pro profundando et reparando fossatum ubi erat <supplied
                        reason="support détruit">[… …]</supplied><lb/> in introitu castri Sancti
                     Triverii et pro apportando terram inter magnum pontem et parvum, dato in
                        <supplied reason="support détruit">tas[chiam dicto Mile]to<note><hi
                              rend="italics">[Mile]<lb/>to</hi></note> :</supplied><lb/> XX solidos
                     VIII denarios </item>
                  <item> item lapidibus emptis apud Trenorchium<note> Aujourd’hui Tournus
                        (Saône-et-Loire).</note> ad faciendum quatuor fenestras anglicas, unam <lb/>
                           caminatam<note><hi rend="italics">cami<lb/>natam</hi></note>, quatuor
                     fenestras in latrina domini, tres huysserias<note> Voir <hi rend="italics"
                           >huysseries</hi> dans les exemples attestés par Godefroy, vol. 4, p. 524,
                           <hi rend="italics">s. v. </hi>huisserie.</note>, duas fenestras ad
                     columpnas, duas huysserias et <lb/> duas fenestras ad columpnas et unam
                     cami¬natam : LXVI solidos VIII denarios </item>
                  <item> item pane dato hominibus adducentibus ad <lb/> corvatam<note><hi
                           rend="italics">cor<lb/>vatam</hi></note> dictos lapides a brollio Sancti
                     Romani apud Sanctum Triverium : VI solidos VIII denarios </item>
                  <item> item pro predictis huysseriis, <lb/> fenestris et caminatis faciendis, dato
                     in tas¬chiam Bartholomeo, lathomo<note> Pour <hi rend="italics"
                        >latomo</hi>.</note> : IX libras XIII solidos IIII denarios </item>
                  <item> item pro <supplied reason="support endommagé">du[obus]</supplied><lb/>
                     pontibus <del rend="overstrike">videlicet pontem levatorium</del> factis in
                     introitu castri et ponte levatorio facto in maiori ponte : <supplied
                        reason="support détruit">VI[… …]</supplied><lb/></item>
                  <item> item pane dato triginta curribus adducentibus maieriam pro dictis pontibus
                     faciendis : V solidos </item>
                  <item> item <supplied reason="support détruit">[…]</supplied><lb/> milibus
                     pallorum factorum ad vigultum, parvum pratum et circa grangiam feni claudendum
                     : XIII<note> On avait d’abord écrit <hi rend="italics">XXIII</hi>.</note>
                     solidos IIII denarios<note> Les nombres ont été lourdement
                     raturés.</note></item>
                  <item> item <supplied reason="support détruit">[pane dato]</supplied><lb/>
                     hominibus adducentibus ad corvatam dictos pallos : III solidos IIII denarios </item>
                  <item> item loca¬gio hominum facientium pallos <supplied reason="support détruit"
                        >[…]</supplied><lb/> et posterla vigulti facienda a parte ecclesie : XXII
                     solidos IX denarios </item>
                  <item> item, pro grangia quarronerie recoperienda, <supplied
                        reason="support détruit">[dato]</supplied><lb/> in taschiam Roleto,
                     quarronerio : XVI solidos VIII denarios </item>
                  <item> item in reficiendo furnum quarronerie de novo, quod erat quasi <lb/>
                     destructum, dato in taschiam dicto <foreign>al Jay</foreign> et Guillermo,
                     filio magistri Lamberti : IIII libras </item>
                  <item> item in quinque milibus <lb/> quarronum<note><hi rend="italics"
                           >quar<lb/>ronum</hi></note> coctorum positis in dicto furno reficiendo,
                     ut dictus castellanus asserit : XL solidos </item>
                  <item> item, pro trelliis putandis <supplied reason="support détruit"
                        >[et]</supplied><lb/> trelliandis vigulti<note> Lire <hi rend="italics">pro
                           trelliis vigulti putandis et trelliandis</hi>.</note> et ligandis et
                     fossorandis, et arboribus dicti vigulti fossorandis : LVIII solidos </item>
                  <item> item cuidam <lb/> nuncio misso apud Sanctum Georgium<note> Aujourd’hui
                        Saint-Georges-d’Espéranche (Isère).</note> ad magistrum Tassinum, ut veniret
                     apud Sanctum Trive¬rium pro teysandis operibus castri Sancti <lb/> Triverii
                     factis per dictum castellanum : III solidos </item>
                  <item> item pro quinquaginta <foreign>chantons</foreign><note> Voir <hi
                           rend="italics">chanton</hi>, dans Godefroy, vol. 1, p. 778, <hi
                           rend="italics">s. v. </hi>canton, " coin, angle ".</note> lapidum, duobus
                     bochetis lapidum pro <supplied reason="support endommagé"> […]no<note><hi
                              rend="italics">[…]<lb/>no</hi></note></supplied><lb/> faciendo in
                     camera nova domini comitis emptis apud Trinorchium et pro faciendis huisseriis
                     et fenestris et <supplied reason="support endommagé">[… char]reagio<note><hi
                              rend="italics">[char]<lb/>reagio</hi></note> :</supplied><lb/> L
                     solidos </item>
                  <item> item Bartho¬lomeo, lathomo, pro factura caminate domini et unius huysserie
                     de lapidibus predic¬tis, et debet <lb/> dictam huisseriam et caminatam scissas
                     reddere, videlicet pro triginta diebus quibus operatus est in eisdem : L
                     solidos </item>
               </list></p>
            <p><lb/> summa : CII libre IIII solidi XI denarii parisiensium<note> On a également
                  écrit cette somme dans la marge gauche.</note></p>
            <milestone n="25" unit="vue"/>
            <pb n="28"/>
            <div xml:id="muri">
               <head>muri </head>
               <p><lb/><list>
                     <item> item pro decem teysis et dimidia muri de tribus pedibus et dimidio in
                        grossitudine in muro clausure prope puteum, qualibet teysa <lb/>
                              computata<note><hi rend="italics">com<lb/>putata</hi></note> viginti
                           solidos<note> L’accusatif est attesté plus loin : <hi rend="italics"
                              >computata … tres obolos</hi>.</note> viennensium : X libras X solidos
                        viennensium </item>
                     <item> item pro octo teysis et dimidia panceriarum et merlorum de uno pede et
                        dimidio <lb/> in grossitudine, qualibet teysa computata octo solidos septem
                        denarios viennensium : LXXII solidos XI denarios viennensium </item>
                     <item> item pro quatuor teysis <lb/> grossi muri facti versus veterem latrinam
                        : IIII libras </item>
                     <item> item pro tresdecim teysis et dimi¬dia muri de duobus pedibus in
                              grossitudine<note><hi rend="italics"
                        >grossi<lb/>tudine</hi></note><lb/> facti in gardaroba iuxta posterlam,
                        qualibet teysa computata undecim solidos quinque denarios viennensium :
                        <lb/> XIIII solidos I denarium obolum </item>
                     <item> item pro viginti novem teysis muri de tribus pedibus facti in duobus
                        muris chamere domini, <lb/> qualibet computata decem septem solidos tres
                        obolos : XXIIII libras VI solidos VII denarios obolum </item>
                     <item> item pro triginta tribus teysis grossi <lb/> muri facti in muro <add
                           place="interlinear">facienti</add> clausuram chamere domini et se¬quenti
                        usque ad posterlam et ultra : XXXIII libras </item>
                     <item> item pro tribus <lb/> teysis et dimidia
                           <foreign>d’avanpiez</foreign><note> Écrit <hi rend="italics"
                              >davanpiez</hi>. Équivalent vernaculaire de l’<hi rend="italics"
                              >antepectus</hi>. Voir les attestations d’<hi rend="italics">avant
                              pis</hi> chez Godefroy, vol. 1, p. 511, <hi rend="italics">s. v.
                           </hi>avant pic et le <hi rend="italics">Glossaire de la construction
                              castrale</hi>. Ces parapets <hi rend="italics">stricto sensu</hi>
                           devaient être en principe un peu plus hauts que les <hi rend="italics"
                              >pansières</hi>. La caractéristique qui distingue ici les <hi
                              rend="italics">merles</hi> est moins évidente.</note>
                           :<foreign> </foreign>XXX solidos obolum </item>
                     <item> item pro septem teysis et dimidia grossi muri facti a chamera domini
                        usque ad portam <lb/> castri : VII libras X solidos </item>
                     <item> item pro undecim teysis et dimidia panceriarum et merlorum ibidem : C
                        solidos II denarios </item>
                     <item> item pro novem <lb/> teysis et dimidia grossi muri in caminata chamere
                        domini, computata pissone : IX libras X solidos </item>
                     <item> item pro <supplied reason="support détruit">[… …]</supplied><lb/> grossi
                        muri in parva turre in qua sunt latrine : XXX libras </item>
                     <item> item in augmentatione saule domini <supplied reason="support détruit"
                           >[…]</supplied><lb/> sexaginta duabus teysis, deductis duabus teysis et
                        dimidia pro eo quod murus non habebat preter tres pedes : LX <supplied
                           reason="support détruit">[solidos]</supplied><lb/></item>
                     <item> item pro viginti quatuor teysis de duobus pedibus in grossitudine
                        panceriorum et merlorum in muro augmentationis <supplied
                           reason="support détruit">d[icte]</supplied><lb/> saule, qualibet teysa
                        computata undecim solidos quinque denarios : XIII libras XIIII solidos </item>
                     <item> item in duabus pilis <supplied reason="support détruit"
                           >[inter]</supplied><lb/> posterlam et sau-lam, videlicet pro quinque
                        teysis : C solidos </item>
                  </list></p>
               <p><lb/> summa : CC XVII libras VII solidos X denarios obolum viennensium — valent :
                     VII<hi rend="sup">XX</hi> IIII libras XVIII solidos VI denarios <lb/>
                  parisiensium </p>
            </div>
            <div xml:id="librata">
               <head>librata </head>
               <p><lb/><list>
                     <item> idem libravit in stipendiis quinque hominum cum armis quos dictus
                        castellanus misit apud Burgum ad mandamentum <supplied
                           reason="support détruit">[bal]livi<note><hi rend="italics"
                                 >[bal]<lb/>livi</hi></note></supplied>, <lb/> per litteram ipsius
                        de testimo¬nio, pro eundo in Sabaudia ad mandamentum domini Amblardi et
                        magistri Petri, die vene¬ris post <lb/> Pascha, et in crastino fuerunt
                        contramandati, quolibet ipsorum capiente quatuor solidos viennensium
                        qualibet die : XIII solidos IIII denarios <lb/></item>
                     <item> item in stipendiis quatuor hominum cum armis una die missorum apud
                           <foreign>Ambronay</foreign> de mandato ballivi, videlicet die <supplied
                           reason="support détruit">mar[tis]</supplied><lb/> post festum apostolorum
                        Philippi et Iacobi, per litteram dicti ballivi de testimonio quam reddit : X
                        solidos VIII denarios </item>
                     <item> item in stipendiis dicti castel¬lani et quatuor hominum cum armis cum
                        ipso euntium ad Pontem <foreign>de Enz</foreign><note> Aujourd’hui
                           Pont-d’Ain.</note>, quia dicebatur quod dalphinus <supplied
                           reason="support détruit">deb[ebat]</supplied><lb/> ibidem invadere, per
                        litteram ballivi de testi¬monio, videlicet pro una die et dimidia : XXI
                        solidos </item>
                     <item> item libravit sibi ipsi pro salario <lb/> suo per tempus de quo
                        computat, ad rationem viginti quinque librarum viennensium : IIII libras X
                        solidos </item>
                     <item> item libravit Petro <lb/> de Montemeliano, clerico, per manum corsini de
                        Burgo, in quaterviginti libris viennensium, per confessionem dicti Petri :
                        LIII libras <lb/> VIII denarios parisiensium </item>
                     <item> item libravit in expensis Petri, clerici, Girardi Guioti et ma¬gistri
                        Iohannis de Sancto Simphoriano, <supplied reason="support détruit"
                                 >car[pen]tarii<note><hi rend="italics"
                              >car[pen]<lb/>tarii</hi></note></supplied><lb/> et magistri Tassini
                        apud Sanctum Triverium, recipientium opera facta per dominum Stephanum per
                        quatuor dies, et expensis <supplied reason="support détruit"
                           >d[icti]</supplied><lb/> magistri Tassini euntis cum dicto Petro ad
                        viden¬dum opera Treffortii et Pontis <foreign>de Enz</foreign>, et pro
                        expensis suis <supplied reason="support détruit">venien[do]</supplied><lb/>
                        Sancto Georgio et redeundo, cum duobus equis, videlicet pro decem diebus,
                        mense iulii, anno nonagesimo nono : <supplied reason="support détruit">VIII
                           [libras]</supplied><lb/></item>
                     <item> item libravit domino comiti, per manum Bartholomei Guioti, qui de ipsis
                        domino comiti computavit, per litteram domini de <supplied
                           reason="support détruit">recep[ta]</supplied><lb/> datam die veneris post
                        festum beati Bartholomei, anno nona¬gesimo octavo, videlicet pro septies
                        viginti libris <del>viennensium</del><lb/> viennensium : IIII<hi rend="sup"
                           >XX</hi> XIII libras VI solidos VIII denarios parisiensium </item>
                     <item> item libravit Petro de Montemeliano, clerico, per manum corsini de
                           <supplied reason="support détruit">[Bur]go<note><hi rend="italics"
                                 >[bur]<lb/>go</hi></note></supplied><lb/> in festo Purifica¬tionis
                        beate Marie, anno nonagesimo nono, sumpto millesimo in Paschate<note> Le
                           mardi 2 février 1300 (nouveau style).</note>, videli¬cet in quater
                        viginti decem novem libris <supplied reason="support détruit"
                        >[…]</supplied><lb/> viennensium : LXVI libras parisiensium </item>
                     <item> item libravit dicto Petro, per manum magistri Guidonis, videlicet de
                        denariis recuperatis de <supplied reason="support détruit"
                                 >[Iohan]neto<note><hi rend="italics"
                           >[Iohan]<lb/>neto</hi></note></supplied><lb/><foreign>Chilllie</foreign>
                        et de Iohanne <foreign>Chapelan</foreign>, videlicet in octo libris quinque
                        solidis viennensium : CX solidos parisiensium </item>
                     <item> item alloquantur dicto domino <lb/> Stephano, pro duabus fornatis
                        quarronum vel circa et pro sabulo et calce que remanserunt apud Sanctum
                        Triverium quando dictus dominus Stephanus <lb/> recessit a cas¬tellania et
                        de quibus operatum<note> Lire <hi rend="italics">computatum</hi>.</note> est
                        per dominum Iohannem <foreign>Arthout</foreign>, castellanum post ip¬sum,
                        videlicet pro quadraginta <supplied reason="support détruit"
                           >qua[tuor]</supplied><lb/> libris viennensium : XXIX libris VI solidos
                        VIII denarios parisiensium </item>
                  </list></p>
               <p><lb/> summa librate : CC LVIII libre V solidi parisiensium </p>
            </div>
            <div>
               <p><lb/> summa totalis expense murorum et librate : V<hi rend="sup">C</hi> V libre
                  VIII solidi VI denarii parisien¬sium</p>
            </div>
         </div>
         <div xml:id="bilan">
            <p><list>
                  <item> et <lb/> sic debet dictus dominus Stephanus : CXV libras VI solidos VIII
                     denarios obolum parisiensium </item>
                  <item> quibus adduntur, <lb/> quas recepit de quaterviginti duobus meiteriis
                     frumenti venditis ut supra, quolibet octo solidos<note> L’usage de l’accusatif
                        est confirmé plus loin par l’emploi de <hi rend="italics">tres.</hi></note>
                     parisiensium : <supplied reason="support détruit">XXXII [libre XVI solidi
                           parisiensium<note> Somme restituée par
                     calcul.</note>]</supplied><lb/></item>
                  <item> item adduntur, quas recepit de quaterviginti decem octo meiteriis quatuor
                     cup¬pis siliginis venditis ut supra, quolibet <supplied
                        reason="support détruit">q[uinque]<note> Lecture confirmée par un calcul
                           approximatif.</note></supplied><lb/> solidos quatuor dena¬rios
                     parisiensium : XXVI libre VI solidi II denarii obolus parisiensium </item>
                  <item> item adduntur, quas recepit de ducentis sexdecim meiteriis tribus cuppis
                     avene venditis ut supra, quolibet tres solidos octo denarios parisiensium :
                     XXXIX libre XIII solidi X denarii parisiensium </item>
                  <item> summa additionis : IIII<hi rend="sup">XX</hi> XVIII libre <lb/> XVI solidi
                     obolus parisiensium </item>
                  <item> et sic debet dictus dominus Stephanus : CC XIIII libras II solidos IX
                     denarios parisien-sium </item>
                  <item> de quibus <lb/> deducuntur pro expensis Petri de Montemeliano complentis
                     presentem com¬putum edomada ante Carniprivium, anno nonagesimo nono<note> La
                        semaine du 16 au 23 février 1300 (nouveau style).</note> : <lb/> XVI solidi
                     I denarius parisien¬sium </item>
                  <item> et restant, quas debet de finali computo : CC XIII libre VI solidi VIII
                     denarii parisien-sium</item>
               </list></p>
         </div>
      </body>
   </text>
</TEI>
