<?xml version="1.0" encoding="UTF-8"?>
<!--<!DOCTYPE TEI SYSTEM "../../../../SVN/Schemas/renaissance.dtd">-->
<TEI xml:lang="fr" xmlns="http://www.tei-c.org/ns/1.0" xml:id="B330636101_D55869_tei">
 <teiHeader>
    <fileDesc>
      <titleStmt>
       <title>Lettre d&#x2019;Elie Vinet, 26 novembre 1583</title>
        <respStmt>
          <name key="MLD">Marie-Luce Demonet</name>
          <resp>
            <date>2010</date>Responsable BVH CESR, relecture</resp>
        </respStmt>
       <respStmt>
        <name xml:id="ND">Nicole Dufournaud</name>
        <resp><date>2010</date>Transcription et encodage</resp>
       </respStmt>
        <respStmt>
          <name key="JF">Jorge Fins</name>
          <resp>
            <date>2012</date>Contrôle de l&#x2019;encodage</resp>
        </respStmt>
      </titleStmt>
      <editionStmt>
       <edition n="1" xml:base="http://www.bvh.univ-tours.fr:8080/xtf/view?docId=tei/B330636101_D55869/B330636101_D55869_tei.xml;query=;brand=default">
        <date type="mise_en_ligne" when="2013-07-18" n="1">18/07/2013</date>
          <date type="mise_a_jour" when="2014-03-19" n="1">19/03/2014</date>
        </edition>
        <respStmt>
          <name key="TU">Toshinori Uetani</name>
          <resp>Révision</resp>
        </respStmt>
      </editionStmt>
     <extent>24 ko</extent>
      <publicationStmt>
        <authority>Université François-Rabelais</authority>
        <address>
          <addrLine>3 rue des Tanneurs</addrLine>
          <addrLine>37041 TOURS Cedex 1 France</addrLine>
        </address>
        <authority>Centre National de la Recherche Scientifique (CNRS)</authority>
        <address>
          <addrLine>3 rue Michel-Ange</addrLine>
          <addrLine>75794 Paris France</addrLine>
        </address>
        <authority xml:base="http://www.cesr.univ-tours.fr">Centre d&#x2019;Etudes Supérieures de la Renaissance (CESR)</authority>
        <address>
          <addrLine>59 rue Néricault-Destouches</addrLine>
          <addrLine>BP 11328</addrLine>
          <addrLine>37013 Tours Cedex France</addrLine>
        </address>
        <availability>
          <p>Creative Commons Attribution - Pas d’Utilisation Commerciale - Partage dans les Mêmes Conditions 3.0 France (CC BY-NC-SA 3.0 FR)
            <date when="2014">2014</date>
          </p>
        </availability>
      </publicationStmt>
      <notesStmt>
        <note>Lettre autographe insérée dans un livre</note></notesStmt>
      <sourceDesc>
        <msDesc>
          <msIdentifier xml:id="D55869">
            <country>France</country>
            <settlement>Bordeaux</settlement>
           <institution>Bibliothèque municipale</institution>
           <repository key="B330636101">Réserve, fonds patrimoniaux</repository>
           <idno type="cote">D 55869 Rés. C</idno>
          </msIdentifier>
          <msContents>
            <p>
             <biblStruct>
                <monogr>
                 <author role="auteur">
                    <persName key="pers1">
                      <surname>Vinet</surname><forename>Élie</forename>
                    </persName>
                  </author>
                 <title type="titre_court">Lettre d&#x2019;Elie Vinet à Pierre Pithou (?)</title>
                 <title type="titre_long">Lettre d&#x2019;Elie Vinet à Pierre Pithou (?), 26 novembre 1583</title>
                  <imprint>
                   <date when="1583">1583</date>
                  </imprint>
                </monogr>
              </biblStruct>
            </p>
          </msContents>
          <physDesc>
            <objectDesc>
              <supportDesc>
               <support>
                <material corresp="lettre">Lettrre écrite sur la moitié d'une feuille. L'adresse figure au centre du verso.</material>
                <watermark corresp="lettre">filigrane à la main</watermark>
                <watermark corresp="discours">Filigranes au cornet</watermark>
               </support>
               <extent>
                <dimensions>
                 <dim>255 x 184 mm</dim>
                </dimensions>
               </extent>
                <collation>
                  <dimensions>
                    <dim unit="lignes" rend="medium"/>
                  </dimensions>
                </collation>
               <condition><p>quelques ratures</p></condition>
              </supportDesc>
            </objectDesc>
           <bindingDesc>
            <binding>
             <p>Rel. janséniste signée de Trautz-Bauzonnet, maroquin rouge, doublée de maroquin vert estampé à chaud, à la dentelle, dos à cinq nerfs, titre poussé, gardes peignées, tranches dorées, XIXe siècle
              Marque au titre
              signature H. Renoz sur les gardes</p>
            </binding>
           </bindingDesc>
           <accMat>Relié avec 1 lettre autographe manuscrite signée d&#x2019;Elie Vinet à [Pierre Pithou] (?) datée "De Bourd[eaulx], ce 26 de Novembre 1583. Double feuillet in folio, écrit sur 1 recto seul, 255 X184 mm, filigrane à la main, transcription par Desgraves, Elie Vinet p. 148</accMat>
          </physDesc>
         <history>
          <provenance><p>Ex-libris gravé aux armes du Comte de Lurde et du baron de Ruble.</p>
           <p>Ex-libris étiquette d&#x2019;Edouard Moura.</p>
           <p>Une notice découpée d&#x2019;un catalogue de vente non daté joint au document fait état de la provenance de la bibliothèque du baron de Ruble et de L. Loviot.</p>
            <p>L&#x2019;original a appartenu à la collection de R. Dezeimeris.</p>
          </provenance>
          <acquisition>Achat : Couturier, 1982</acquisition>
         </history>
          <additional>
            <adminInfo>
              <recordHist>
                <source>
                  <listBibl type="refbiblio" xml:base="#Index_refbiblio.xml">
                    <bibl>
                     <author>Desgraves, Louis</author>,
                     <title><hi rend="it">Elie Vinet, humaniste de Bordeaux (1509-1587). Vie, Bibliographie, Correspondance, Bibliothèque</hi></title>,
                     <pubPlace>Genève</pubPlace>,<publisher>Librairie Droz</publisher>,
                     <date>1977</date>, <biblScope type="page">p. 148-149</biblScope>
                    </bibl>
                    <bibl xml:base="http://gallica.bnf.fr/ark:/12148/bpt6k34129j.image.r=archives+historiques+gironde.langFR.f109.tableDesMatieres">
                    <author>Barrère, Joseph</author>,
                     <title><hi rend="it">Elie Vinet</hi></title>,
                    <publisher>Archives historiques de la Gironde</publisher>, <date>1895</date>,
                    <biblScope type="tome">tome XXX</biblScope>, <biblScope type="page">p. 72-73</biblScope>,
                   </bibl>
                   <bibl>
                    <author>Dezeimeris (R.)</author>, <author>Courteault (P.)</author>,
                    <title>A la mémoire du saintongeais Elie Vinet...</title>, <title type="contribution">Lettres d&#x2019;Elie Vinet</title>,
                    <pubPlace>Bordeaux</pubPlace>, <date>1910</date>, <biblScope type="page">p. 153-173</biblScope>
                   </bibl>
                  </listBibl>
                </source>
              </recordHist>
            </adminInfo>
          </additional>
        </msDesc>
      <listPerson>
       <person xml:id="antoine_loisel" resp="#ND"><persName>Antoine Loisel</persName></person>
       <person xml:id="antoine_foquelin" resp="#ND"><persName>Antoine Foquelin</persName></person>
       <person xml:id="joseph_scaliger" resp="#ND"><persName>Joseph Scaliger</persName></person>
       <person xml:id="francois_de_foix_candale" resp="#ND"><persName>François de Foix-Candale</persName></person>
       <person xml:id="christophe_clavius" resp="#ND"><persName>Christophe Clavius</persName></person>
       <person xml:id="oronce_fine" resp="#ND"><persName>Oronce Fine</persName></person>
       <person xml:id="sebastien_munster" resp="#ND"><persName>Sébastien Munster</persName></person>
       <person xml:id="johannes_de_sacrobosco" resp="#ND"><persName>Johannes de Sacrobosco</persName></person>
      </listPerson>
      </sourceDesc>
    </fileDesc>
    <encodingDesc>
      <p>Les langues sont encodées selon la norme iso 639-3. Pour les dialectes qui n&#x2019;ont pas encore
        de code iso, un code non standard est appliqué sur le modèle "oci-gascon".</p>
      <projectDesc>
        <p>BVH : programme Bibliothèques Virtuelles Humanistes</p>
      </projectDesc>
     <editorialDecl>
      <hyphenation>
       <p>La division des mots en fin de ligne respecte l&#x2019;original.</p>
      </hyphenation>
      <normalization>
       <p>La transcription respecte scrupuleusement l&#x2019;original. Les
        abbréviations graphiques dits brévigraphes sont transcrites ; seules quelques contractions ne sont pas désagglutinées.</p>
      </normalization>
      <interpretation>
       <p>Les notes sont tirées du livre de <bibl><author>Louis Desgraves</author> <title>Elie Vinet humaniste de Bordeaux (1509-1587)</title> <biblScope>pp. 148 et 149</biblScope></bibl>.</p>
      </interpretation>
     </editorialDecl>
      <classDecl xml:base="#BVH_classDecl.xml">
        <taxonomy corresp="#corpus-BVH"/>
        <taxonomy corresp="#fac-simile_BVH"/>
        <taxonomy corresp="#texte_tei"/>
        <taxonomy corresp="#tei"/>
        <taxonomy corresp="#version"/>
      </classDecl>
    </encodingDesc>
    <profileDesc>
      <textClass>
        <keywords scheme="#Index_matiere.xml">
          <list>
            <item corresp="matiere5">Littérature</item>
          </list>
        </keywords>
        <catRef scheme="corpus-BVH" target="#epistemon"/>
        <catRef scheme="corpus-BVH" target="#manuscrits"/>
        <catRef scheme="version" target="#dissimile #non_dissimile #non_desabrege"/>
        <catRef scheme="version" target="#v3"/>
      </textClass>
      <langUsage>
        <language ident="frm">Français</language>
       <language ident="lat">Latin</language>
      </langUsage>
    </profileDesc>
    <revisionDesc>
     <change>
      <date when="2010-02-24">24 février 2010</date>
      <persName><surname>Dufournaud</surname><forename>Nicole</forename></persName>
      Création du fichier en TEI P5 pour encodage. Transcription et encodage
     </change>
      <change>
        <date type="publication" when="2013-07-18">18/07/2013</date>
        <persName key="resp6"><surname>Fins</surname><forename>Jorge</forename>
        </persName> Première publication
      </change>
    </revisionDesc>
  </teiHeader>
 <text xml:lang="frm" type="Lettre">
  <body>
   <div xml:id="n1" type="Lettre">
    <pb n="1" xml:id="B330636101_D55869_1"/>
    <head rend="hidden">[Lettre d&#x2019;Elie Vinet, 26 novembre 1583]</head>
    <opener>
     <lb n="1"/>Monsieur,
     </opener>
    <ab rend="runon"><choice><orig>ie</orig><reg>je</reg></choice> vous ai escript <date notBefore="1583-11-04" notAfter="1583-11-18"><offset>vers</offset> <date when="1583-11-11">la S. Martin</date></date>, et
     <lb n="2"/><choice><orig>enuoie</orig><reg>envoie</reg></choice> nostre arpenterie, et ensemble a <name key="antoine_loisel">Monsieur
       <lb n="3"/>Loisel</name>, pour vous faire entendre, que si <choice><orig>i&#x2019;auois</orig><reg>j&#x2019;avois</reg></choice> <expan>quelque</expan>
      <lb n="4"/>chose de bon, <choice><orig>ie</orig><reg>je</reg></choice> vous en feroie volentiers part. <choice><orig>Ie</orig><reg>Je</reg></choice>
      <lb n="5"/>vous ai aussi escript, qu&#x2019;on <choice><orig>auoit</orig><reg>avoit</reg></choice> imprime <expan>quelques</expan> nouveaus
     <lb n="6"/>glozeurs Alemans aveque <name key="antoine_foquelin"><expan>Foquelinus</expan></name>, sur Perse: desquelz
     <lb n="7"/>vous vous pourres passer fort <expan>bien</expan>. Le <choice><orig>liure</orig><reg>livre</reg></choice> de <name key="joseph_scaliger">Monsieur
       <lb n="8"/>de la Scala</name>, n&#x2019;a pas este si tost <choice><orig>arriue</orig><reg>arrive</reg></choice>, quon la <choice><orig>enleué</orig><reg>enlevé</reg></choice>.
    </ab>
    <ab>
     <lb n="9"/><name key="francois_de_foix_candale">Monsieur de Candale</name>, qui a
     <expan>present</expan> est en <placeName>Medouc</placeName>, a
      <lb n="10"/>eu nouveles de son <choice><orig>liure</orig><reg>livre</reg></choice>, escript au pape, touchant
     <lb n="11"/>la reformation des Equinoc. etc. Le <name><choice><sic>Cadinal</sic><corr>Cardinal</corr></choice> Borro-
       <lb rend="hyphen" n="12"/>mee</name> lui a escript, que <name key="christophe_clavius"><choice><orig>Clauius Iesuita</orig><reg>Clavius Jesuita</reg></choice></name>, qui faict a
      <lb n="13"/><placeName type="ville">Rome</placeName> grand esta<del>t<unclear reason="biffe"/></del> et profession des Mathematiques.<note resp="#AL">Peut-être rupture de construction</note>
     <lb n="14"/>(il a <subst><del>glosse</del><add>Gloze</add></subst>
     <del><unclear>Eus</unclear><gap/></del> <name>Euclides</name>,
     escript <bibl><title>de <choice><orig>homolo-
       <lb rend="hyphen" n="15"/>gijs</orig><reg>homolo-<lb rend="hyphen" n="15"/>giis</reg></choice></title></bibl> plus que
     <name key="oronce_fine">Orontius</name> ni <name key="sebastien_munster">Monsterus</name>, et fait com-
      <lb rend="hyphen" n="16"/>mentaires sur le petit <choice><orig>liure</orig><reg>livre</reg></choice> de <name key="johannes_de_sacrobosco">De
      Sacrobosco</name>, plus <expan>long</expan>
      <lb n="17"/>qu&#x2019;un <choice><orig>iour</orig><reg>jour</reg></choice> sans pain) que ce bon seigneur<del>s</del>, <choice><orig>trouuoit</orig><reg>trouvoit</reg></choice> a-
      <lb rend="hyphen" n="18"/>dire <expan>quelque</expan> chose (<choice><orig>ie</orig><reg>je</reg></choice> ne <add place="top">le</add> sai que <add
        place="top">par</add> oui dire. Car <choice><orig>ie</orig><reg>je</reg></choice> nai veu le-
     <lb rend="hyphen" n="19"/>dit seigneur despuis ladite response receu de
     <placeName type="ville">Rome</placeName>)
     <lb n="20"/>au discours de <name key="francois_de_foix_candale">Monsieur de
      Candale</name>: et dit <name key="francois_de_foix_candale"><abbr>Mons.</abbr> de
      <lb n="21"/>Candale</name>, que <del>i est</del> tout i est: mais qu&#x2019;il n&#x2019;a leu tout
      <lb n="22"/>son <choice><orig>liure</orig><reg>livre</reg></choice>, ou sil l&#x2019;a leu, qu&#x2019;il <del><gap/></del> ne la entendu. Il
     <lb n="23"/>est apres a droisser sa response <foreign xml:lang="lat">apud Medulos</foreign>.
    </ab>
    <ab rend="runon">
      <lb n="24"/>Mais qu&#x2019;il soit de retour, <choice><orig>ientendrai</orig><reg>j&#x2019;entendrai</reg></choice> le tout, et en sau-
     <lb rend="hyphen" n="25"/>res, <del><gap/></del> ce qu&#x2019;en <del>aprins</del> aurai aprins. Je n&#x2019;ai autre cho-
      <lb rend="hyphen" n="26"/>se, de <del><gap/></del> <choice><orig>nouueau</orig><reg>nouveau</reg></choice>. Si
     <name>monsieur Loisel</name> voioit les <expan>pre-
      <lb rend="hyphen" n="27"/>sentes</expan>, il pourroit entendre, que <name><abbr>Mons.</abbr> de Montagne</name>
     <lb n="28"/>a receu son <choice><orig>liure</orig><reg>livre</reg></choice>. Il est en cete ville des <date>Dimanche
      <lb n="29"/>dernier</date>.</ab> <closer>Je prie Dieu, <expan>Monsieur</expan>, qu&#x2019;il vous aie <del>sa</del>
      <lb n="30"/>en sa garde. De <placeName type="ville"><expan>Bourdeaux</expan></placeName>, ce <date when="1583-11-26">26 de <choice><abbr>Nouemb.</abbr><expan>Novembre</expan></choice> 1583</date>.

     <salute rend="center">
       <lb n="31"/>Vostre humble <choice><orig>seruiteur</orig><reg>serviteur</reg></choice>
     </salute>
     <lb/><signed><name>Elie Vinet</name></signed>
     </closer>
   </div>
  </body>
 </text>
</TEI>
