<?xml version="1.0" encoding="UTF-8"?>
<!--<!DOCTYPE TEI SYSTEM "http://10.105.50.55:8080/xtf/dtd/renaissance.dtd">-->
<TEI xmlns="http://www.tei-c.org/ns/1.0" xml:lang="fra" xml:id="B693836101_355925_tei">
    <teiHeader>
        <fileDesc>
            <titleStmt>
                <title><hi rend="it">La Saulsaye</hi>, Lyon, 1547</title>
                <respStmt>
                    <name xml:id="MLD">Marie-Luce Demonet</name>
                    <resp>
                        <date>2009</date>
                        Responsable BVH CESR, relecture
                    </resp>
                </respStmt>
                <respStmt>
                    <persName resp="transcription">Pierre Martin</persName>
                    <resp><date>1998</date>Transcription</resp>
                </respStmt>
                <respStmt>
                    <name xml:id="VLR">Vanessa Le Rolle</name>
                    <resp>
                        <date>
                            2009
                        </date>
                        encodage
                    </resp>
                </respStmt>
                <respStmt>
                    <name xml:id="LD">Lydie Danjean</name>
                    <resp>
                        <date>
                            2010
                        </date>
                        Contrôle de l'encodage
                    </resp>
                </respStmt>
            </titleStmt>
            <editionStmt>
                <edition xml:base="http://www.bvh.univ-tours.fr:8080/xtf/view?docId=tei/B693836101_355925/B693836101_355925_tei.xml;query=;brand=default" n="2">
                    <date type="mise_en_ligne" when="1998-07-14" n="1">14/07/1998</date>
                 <!--<date type="mise_a_jour" when="2013-11-28" n="1">28/11/2013</date>-->
                    <date type="mise_a_jour" when="2014-03-19" n="1">19/03/2014</date>
                </edition>
                <respStmt>
                    <name xml:id="TU">Toshinori Uetani</name>
                    <resp>Révision</resp>
                </respStmt>
            </editionStmt>
            <extent>78 Ko</extent>
            <publicationStmt>
                <authority>Université François-Rabelais</authority>
                <address>
                    <addrLine>3 rue des Tanneurs</addrLine>
                    <addrLine>37041 TOURS Cedex 1 France</addrLine>
                </address>
                <authority>Centre National de la Recherche Scientifique (CNRS)</authority>
                <address>
                    <addrLine>3 rue Michel-Ange</addrLine>
                    <addrLine>75794 Paris France</addrLine>
                </address>
                <authority xml:base="http://www.cesr.univ-tours.fr">Centre d'Etudes Supérieures de la
                    Renaissance (CESR)</authority>
                <address>
                    <addrLine>59 rue Néricault-Destouches</addrLine>
                    <addrLine>BP 11328</addrLine>
                    <addrLine>37013 Tours Cedex France</addrLine>
                </address>
                <availability>
                    <p>Creative Commons Attribution - Pas d’Utilisation Commerciale - Partage dans les Mêmes Conditions 3.0 France (CC BY-NC-SA 3.0 FR)
                      <date when="2014">2014</date>
                    </p>
                </availability>
            </publicationStmt>
            <notesStmt>
                <note>Cette transcription a été mise en ligne en HTML le 14 Juillet 1998 © Université de Poitiers.</note>
            </notesStmt>
            <sourceDesc>


                <msDesc>
                    <msIdentifier xml:id="Res_355925">
                        <country>France</country>
                        <settlement>Lyon</settlement>
                        <institution>Bibliothèque municipale</institution>
                        <repository key="B693836101">Réserve</repository>
                        <idno type="cote">Rés 355925</idno>
                        <altIdentifier>
                            <repository>Gallica</repository>
                            <idno type="cote">NUMM-79302</idno>
                        </altIdentifier>
                    </msIdentifier>
                    <msContents>
                        <p>
                            <biblStruct>

                                <monogr>
                                    <author role="auteur"><persName key="pers1"><surname>Scève</surname><forename>Maurice</forename></persName></author>
                                    <title type="titre_long">Saulsaye. Eglogue de la vie solitaire</title>
                                    <title type="titre_court">Saulsaye</title>
                                    <editor role="illustrateur"><persName key="pers1"><surname>Salomon</surname><forename>Bernard</forename></persName></editor>
                                    <imprint>
                                        <pubPlace>Lyon</pubPlace>
                                        <respStmt>
                                            <resp>imprimeur-libraire</resp>
                                        <persName key="pers12"><surname>Tournes</surname><forename>Jean de</forename></persName></respStmt>
                                        <date>1547</date>
                                    </imprint>
                                </monogr>
                            </biblStruct>
                        </p>
                    </msContents>
                    <physDesc>
                        <objectDesc>
                            <supportDesc>
                                <collation>
                                    <p>32 p. (sig A-D<hi rend="sup">4</hi>) ill. (gr. s. b.)</p>
                                    <dimensions>
                                        <dim type="format">8°</dim>
                                        <dim rend="small" unit="lignes"/>
                                    </dimensions>
                                </collation>
                            </supportDesc>
                        </objectDesc>
                    </physDesc>
                    <additional>
                        <adminInfo>
                            <recordHist>
                                <source>
                                    <listBibl type="refbiblio" xml:base="#Index_refbiblio.xml">
                                        <bibl>
                                            <author>Cartier (A.)</author>,
                                            <title><hi rend="it">Bibliographie des éditions des De Tournes</hi></title>,
                                            <pubPlace>Genève</pubPlace>, <date>1970</date>,
                                            <biblScope>t.1</biblScope>, <biblScope>n°102</biblScope>.
                                        </bibl>
                                    </listBibl>
                                </source>
                            </recordHist>
                        </adminInfo>
                        <surrogates>
                            <bibl>
                                <ref target="http://gallica.bnf.fr/ark:/12148/bpt6k793023"/>
                                <relatedItem type="original">
                                    <ref target="#Res_355925">Gallica</ref>
                                </relatedItem>
                            </bibl>
                        </surrogates>
                    </additional>
                </msDesc>
            </sourceDesc>
        </fileDesc>
        <encodingDesc>
            <projectDesc>
                <p>BVH: programme Bibliothèques Virtuelles Humanistes</p>
            </projectDesc>
            <editorialDecl>
                <hyphenation>
                    <p>La division des mots en fin de ligne respecte l'original.
                    </p>
                </hyphenation>
            </editorialDecl>
            <classDecl xml:base="#BVH_classDecl.xml">
                <taxonomy corresp="#corpus-BVH"/>
                <taxonomy corresp="#fac-simile_BVH"/>
                <taxonomy corresp="#texte_tei"/>
                <taxonomy corresp="#tei"/>
                <taxonomy corresp="version"/>
            </classDecl>
        </encodingDesc>
        <profileDesc>
            <textClass>
                <keywords scheme="#Index_matiere.xml">
                    <list>
                        <item corresp="matiere5">Littérature</item>
                    </list>
                </keywords>
                <catRef scheme="corpus-BVH" target="#epistemon"/>
                <catRef scheme="version" target="#dissimile #desabrege"/>
                <catRef scheme="version" target="#v2"/>
            </textClass>
            <langUsage>
                <language ident="frm">Français</language>
            </langUsage>
        </profileDesc>
        <revisionDesc>
            <change>
                <date when="2009-06-25">25-06-2009</date>
                <name>Vanessa Le Rolle</name>
                Création du fichier en TEI P5 pour encodage
            </change>
            <change>
                <date when="2010-05-27">27-05-2010</date>
                <name>Lydie Danjean</name>
                Contrôle d'encodage
            </change>
            <change when="2010-07-19" who="LB">Finalisation du fichier pour la publication</change>
            <change>
                <date type="publication" when="2010-07-20">20 juillet 2010</date>
                <name/>
            </change>
        </revisionDesc>
    </teiHeader>
    <text xml:lang="frm" type="Eglogue" subtype="Vers">

        <pb n="1" xml:id="B693836101_355925_0001"/>
        <fw place="top-right" type="pageNum"/>

        <front>
            <titlePage rend="center">
                <figure>
                    <graphic url="B693836101_355925.jpg" xml:base="http://gallica.bnf.fr/ark:/12148/bpt6k793023.r"/>
                <figDesc>Courtesy of Gallica</figDesc>
                </figure>
                <docTitle>
                    <titlePart>SAULSAYE.
                        <lb/><lb/>EGLOGUE,
                        <lb/>DE LA VIE SO-
                        <lb rend="hyphen"/>LITAIRE.</titlePart>
                </docTitle>
                <docImprint>
                    <lb/>A <pubPlace>LYON</pubPlace>,
                    <lb/>Par <publisher><name>Jean de Tournes</name></publisher>.
                    <lb/>
                    <lb/><docDate when="1547">1547.</docDate>
                </docImprint>
            </titlePage>
        </front>
        <body>
            <div type="eglogue" subtype="vers" xml:id="n1">
                <pb n="2" xml:id="B693836101_355925_0002"/>
                <fw place="top-left" type="pageNum">[2] [page blanche]</fw>
                <pb n="3" xml:id="B693836101_355925_0003"/>
                <fw place="top-right" type="pageNum">3</fw>
                <head rend="center"><lb/>SAULSAYE.
                    <figure/>
                    <lb/>EGLOGUE.

                </head>
                <castList rend="center">
                    <castGroup>
                        <castItem><role xml:id="antire">ANTIRE,</role></castItem> <castItem><role xml:id="philerme">PHILERME.</role></castItem>
                    </castGroup>
                </castList>
                <sp who="#antire" rend="runon">
                    <lg rend="runon">
                        <l><g ref=""/><hi rend="larger">N</hi>on sans raison je me suis resveillé</l>
                        <l>Au premier somme, et fort esmerveillé</l>
                        <l>Oyant, <name>Philerme</name>, une voix long temps
                            <lb/><space unit="cm" quantity="0.3"/>plaindre</l>
                        <l>Piteusement, &amp; qui sans point se feindre</l>
                        <l>Se lamentant monstroit par sa complainte</l>
                        <fw place="bot-center" type="sig">A 2</fw>
                        <fw place="bot-right" type="catch">Une</fw>
                        <pb n="4" xml:id="B693836101_355925_0004"/>
                        <fw place="top-left" type="pageNum">4</fw>
                        <fw place="top-center" type="head">EGLOGUE</fw>
                        <l>Une ame triste, &amp; de douleur attainte.</l>
                        <l>Je ne povois en sommeillant comprendre,</l>
                        <l>Que ce fust toy, qui le m&#x2019;as fait entendre</l>
                        <l>Par tant de fois: si bien j&#x2019;eusse ouvert l&#x2019;oeil,</l>
                        <l>Qui m&#x2019;es congnu plus qu&#x2019;à toy ce Soleil.</l>
                        <l>Et mesmement dès que tu soulois paistre</l>
                        <l>Sur la montaigne, &amp; non en ce champestre</l>
                        <l>Lieu solitaire, ou la Saulsaye espaisse</l>
                        <l>Soubs doulce horreur est de mort une espece,</l>
                        <l>Ou nul (fors toy, &amp; tout desespoir) vient.</l>
                        <l rend="positif">Car je t&#x2019;ay veu (&amp; tresbien m&#x2019;en souvient)</l>
                        <l>Quand tu suyvois Doris la camusette,</l>
                        <l>Tout ententif au son de ta musette,</l>
                        <l>Dont tu faisois resonner la valee.</l>
                        <l>Ores tout morne avec chere avalee,</l>
                        <l>La barbe longue, &amp; les cheveux sans ordre,</l>
                        <l>Je ne te voy fors bras &amp; mains destordre</l>
                        <l>A basse voix, &amp; mots entrecouppez</l>
                        <l>De maints souspirs par sanglots sincopez,</l>
                        <l>Qui (tout ainsi qu&#x2019;en estroite fornaise</l>
                        <l>On voit grand feu sortir mal à son ayse)</l>
                        <l>Dedens ta bouche ensemble s&#x2019;entrebattent:</l>
                        <l>Voire, &amp; de sorte entre eux ilz se debattent,</l>
                        <l>Qu&#x2019;on te diroit, non en le recitant,</l>
                        <l>Mais à te voir, quelque febricitant,</l>
                        <l>Qui à sa fin douloureusement tire.</l>
                    </lg>
                </sp>
                <fw place="bot-right" type="catch">PHIL.</fw>
                <pb n="5" xml:id="B693836101_355925_0005"/>
                <fw place="top-right" type="pageNum">5</fw>
                <fw place="top-center" type="head">DE LA VIE SOLITAIRE.</fw>

                <lb/><sp who="#philerme" rend="runon"><speaker><name rend="it"><choice><abbr>PHIL.</abbr><expan>PHILERME</expan></choice></name></speaker>
                    <lg rend="runon">
                        <l rend="runon">O fortuné, &amp; bienheureux <name>Antire</name>,</l>
                        <l>Depuis <name>Doris</name>, ma premiere liesse,</l>
                        <l>Ou je passay sans ennuy ma jeunesse,</l>
                        <l>Je me perdis en ceste autre Belline,</l>
                        <l>A qui mon ame, &amp; ma vie s&#x2019;incline,</l>
                        <l>M&#x2019;asservissant soubs celle grand&#x2019; beauté,</l>
                        <l>Qui cele en soy la douce cruauté,</l>
                        <l>Ou me nourrit ce jeune Enfant aveugle:</l>
                        <l>Qui tellement nous, ses amans, aveugle,</l>
                        <l>Que par rigueur, qu&#x2019;on nous tient, nous attire</l>
                        <l>Trop voulenteux à tout aspre martyre.</l>
                        <l rend="positif">Quoy congnoissant ceste douce rebelle,</l>
                        <l>Se monstre à moy si cruellement belle,</l>
                        <l>Que rien ne vault prier, plaindre, plorer,</l>
                        <l>Crier mercy, à genoux l&#x2019;adorer:</l>
                        <l>Ne par presens, ne par pleurs, qu&#x2019;ay sceu rendre,</l>
                        <l>Onc n&#x2019;ha voulu (ô Dieux piteux) entendre</l>
                        <l>A me donner tant soit peu d&#x2019;esperance</l>
                        <l>D&#x2019;avoir un jour de mes maux allegeance:</l>
                        <l>Parquoy ma vie est de moy tant haye.</l>
                        <l rend="positif">O vous heureux, Pastoureaux d&#x2019;Achaye,</l>
                        <l>Qui en Argire avez celle fontaine</l>
                        <l>Contre l&#x2019;amour, &amp; son feu souveraine</l>
                        <l>Sur le rivage au fluant Selemnon,</l>
                        <l>Fontaine, au vray, de tresexcellent nom,</l>
                        <l>Ou vous allez estaindre vostre ardeur.</l>
                        <fw place="bot-center" type="sig">A 3</fw>
                        <fw place="bot-right" type="catch">Eusse</fw>
                        <pb n="6" xml:id="B693836101_355925_0006"/>
                        <fw place="top-left" type="pageNum">6</fw>
                        <fw place="top-center" type="head">EGLOGUE</fw>
                        <l>Eusse je, làs, autant de bien &amp; d&#x2019;heur,</l>
                        <l>Que vous avez, &amp; dequoy j&#x2019;ay envie,</l>
                        <l>Comme à present fort duisant à ma vie,</l>
                        <l>Vie plus morte, &amp; pire que la Mort,</l>
                        <l>Dont le desir tresdoucement me mord,</l>
                        <l>Puis que me voy d&#x2019;elle desavoué.</l>
                        <l rend="positif">Mais que me sert de m&#x2019;estre tant voué</l>
                        <l>Au monument de <placeName>Thrace</placeName>, &amp; de <placeName>Samos</placeName>,</l>
                        <l>Y murmurant maints magiciens mots,</l>
                        <l>Veu que mon mal plus aigrement s&#x2019;indigne,</l>
                        <l>Que n&#x2019;ont souffert Leontiche, &amp; Radine?</l>
                        <l rend="positif">Làs, si j&#x2019;estois en Leucade en ce temple,</l>
                        <l>Ou d&#x2019;<name>Apollo</name> flourit le renom ample,</l>
                        <l>Je saulterois à desesperez saults</l>
                        <l>Pour mettre fin à mes mortelz assaults:</l>
                        <l>Aumoins ma rage en saultant passeroit.</l>
                        <l rend="positif">Certes je croy que point ne cesseroit,</l>
                        <l>Veu que sur moy cent mille experiments</l>
                        <l>Ne m&#x2019;ont fait, làs, qu&#x2019;agraver mes torments.</l>
                        <l rend="positif">J&#x2019;ay de mes Boucz beu l&#x2019;urine puante</l>
                        <l>Entremeslee avec Nerte odorante.</l>
                        <l>Souventesfois de si grand&#x2019; flamme oultré</l>
                        <l>Ay couché nud là, ou s&#x2019;estoit veautré</l>
                        <l>Sur le sablon Mule froide &amp; sterile.</l>
                        <l>Et tout moyen, que j&#x2019;ay cuydé utile</l>
                        <l>Pour me jetter dehors de ceste rage,</l>
                        <fw place="bot-right" type="catch">Dont</fw>
                        <pb n="7" xml:id="B693836101_355925_0007"/>
                        <fw place="top-right" type="pageNum">7</fw>
                        <fw place="top-center" type="head">DE LA VIE SOLITAIRE.</fw>
                        <l>Dont jour &amp; nuict plus mort, que vif, j&#x2019;enrage,</l>
                        <l>Je l&#x2019;ay cherché, &amp; l&#x2019;ay mis à effect.</l>
                        <l rend="positif">Encor, Amy, tu me peux voir de fait</l>
                        <l>Pendante au col, sans que point elle bouge</l>
                        <l>De son cuyr vierge, une Ranette rouge,</l>
                        <l>Et si m&#x2019;occit ce mal, qui tous excede.</l>
                        <l rend="positif">Parquoy je pris pour souverain remede</l>
                        <l>De m&#x2019;eslongner de ce lieu, ou habite</l>
                        <l>Celle cruelle, ingrate, &amp; si despite,</l>
                        <l>Qu&#x2019;onc ne daigna recevoir la garlande</l>
                        <l>D&#x2019;un vert tissu parfumé de lavande,</l>
                        <l>Qui fut jadis à <name>Doris</name> la benigne,</l>
                        <l>Et son miroir, qu&#x2019;elle reputoit digne</l>
                        <l>Pour une Nymphe, &amp; un panier d&#x2019;osier,</l>
                        <l>Et ses costeaux poingnants comme un rosier,</l>
                        <l>Dons pour donner à la mere des Dieux,</l>
                        <l>Lesquelz j&#x2019;avois plus chers, que mes deux yeux.</l>
                        <l>Et toutesfois elle les refusa,</l>
                        <l>Si grand desdaing envers moy elle usa,</l>
                        <l>Dont bien pensay crever de dueil &amp; d&#x2019;ire.</l>
                        <l rend="positif">Heureux Compaing, ouys tu onques dire,</l>
                        <l>Qu&#x2019;en corps parfait d&#x2019;une telle beauté</l>
                        <l>Regnast fierté, desdaing, &amp; cruauté?</l>
                        <l>Jamais ne fut rose sans son espine.</l>
                        <l rend="positif">Ainsi voyant ma totale ruyne,</l>
                        <l>Deliberay du tout de m&#x2019;absenter</l>
                        <fw place="bot-right" type="catch">De sa</fw>
                        <pb n="8" xml:id="B693836101_355925_0008"/>
                        <fw place="top-left" type="pageNum">8</fw>
                        <fw place="top-center" type="head">EGLOGUE</fw>
                        <l>De sa presence, aussi de m&#x2019;exempter</l>
                        <l>De peine, ennuy, cure, &amp; solicitude:</l>
                        <l>Et vins icy en ceste solitude</l>
                        <l>Pour resjouyr quelque peu mes esprits,</l>
                        <l>Qui tant estoyent de mortel dueil surpris,</l>
                        <l>Ou me sentant loing de nostre parroisse,</l>
                        <l>De peu à peu j&#x2019;amoindris mon angoisse.</l>
                        <l>Car le matin je vois là, ou la <geogName>Saone</geogName></l>
                        <l>Vient à se joindre à son espoux le <geogName>Rhosne</geogName>,</l>
                        <l>Et le contraint à roidement courir</l>
                        <l>Jusqu&#x2019;à la Mer, ou tous deux vont mourir.</l>
                        <l rend="positif">Là je me lave &amp; les mains &amp; la face:</l>
                        <l>Puis me contemple en l&#x2019;eau par quelque espace</l>
                        <l>Couché sus l&#x2019;herbe. Et quand ma soif m&#x2019;altere,</l>
                        <l>J&#x2019;espuise à coup de leur eau fresche &amp; clere</l>
                        <l>Dens ma main creuse, &amp; en beuvant leur prie,</l>
                        <l>Que tout ainsi, qu&#x2019;à eux, Amour me rye:</l>
                        <l>Ou que leur eau de leur amour coulpable</l>
                        <l>Puisse assoupir mon feu intolerable.</l>
                        <l rend="positif">Et celà fait, je m&#x2019;esbas par la plaine,</l>
                        <l>Ou çà, &amp; là vagabond me pourmaine</l>
                        <l>Seul avec moy, qui de rien ne me chault.</l>
                        <l>Et à Mydi pour eviter le chauld</l>
                        <l>Tost je me renge en la verte Saulsaye,</l>
                        <l>Que pas à pas je mesure, &amp; m&#x2019;esgaye</l>
                        <l>A regarder par admiration</l>
                        <fw place="bot-right" type="catch">La cou</fw>
                        <pb n="9" xml:id="B693836101_355925_0009"/>
                        <fw place="top-right" type="pageNum">9</fw>
                        <fw place="top-center" type="head">DE LA VIE SOLITAIRE.</fw>
                        <l>La couleur vive, &amp; variation</l>
                        <l>De mainte fleur naïve &amp; proprelette.</l>
                        <l>Et les voyant si fort je me delecte,</l>
                        <l>Que mon plein sein une à une en amasse.</l>
                        <l>Puis je choisis quelque umbrageuse place</l>
                        <l>Pres du rivage, &amp; ce neantmoins seure</l>
                        <l>Pour me garder de la poingnant&#x2019; morsure</l>
                        <l>D&#x2019;aucune fiere, &amp; oultrageuse beste.</l>
                        <l rend="positif">Lors je respans mes fleurs dessoubs ma teste,</l>
                        <l>En attendant qu&#x2019;à dormir me convie</l>
                        <l>Le son de l&#x2019;eau murmurant, comme pluye,</l>
                        <l>Qui lentement sur les arbres descend:</l>
                        <l>Ou comme autour de ces estangz on sent</l>
                        <l>Le vent souef parmy les cannes bruire.</l>
                        <l rend="positif">Le soir venu je m&#x2019;en revois desduire</l>
                        <l>Du long de l&#x2019;eau par les preaux herbus,</l>
                        <l>Lors que les rayz du tresardant Phebus</l>
                        <l>Sont abaissez. Et sur la nuict paoureuse</l>
                        <l>Je me retire en la vallee umbreuse</l>
                        <l>Soubs quelque roc pendant &amp; caverneux,</l>
                        <l>Qui point ne soit moiste, ny espineux,</l>
                        <l>Ou sur ces peaux estendu à l&#x2019;envers</l>
                        <l>Je voy du Ciel les mouvements divers,</l>
                        <l>Et le discours de la Lune croissante</l>
                        <l>S&#x2019;elle sera proufitable, ou nuisante,</l>
                        <l>Contemplant tout selon mon rude sens</l>
                        <fw place="bot-center" type="sig">B</fw>
                        <fw place="bot-right" type="catch">Jusques</fw>
                        <pb n="10" xml:id="B693836101_355925_0010"/>
                        <fw place="top-left" type="pageNum">10</fw>
                        <fw place="top-center" type="head">EGLOGUE</fw>
                        <l>Jusques à tant, que ravir je me sens</l>
                        <l>Par le sommeil en paisible sejour</l>
                        <l>Sans pensement jusqu&#x2019;à l&#x2019;aube du jour,</l>
                        <l>Qu&#x2019;elle blanchit, &amp; vers le Matin monte.</l>
                        <l rend="positif">Adonc me prend d&#x2019;avoir tant dormy honte,</l>
                        <l>Mesmes oyant l&#x2019;Alouette annonçante</l>
                        <l>Le jour venant, &amp; la clarté plaisante,</l>
                        <l>Que tout oyseau de quelconque plumage</l>
                        <l>Salue apres au chant de son ramage,</l>
                        <l>Qui tant m&#x2019;est doux, que me sens derechef</l>
                        <l>Apesantir &amp; les yeux, &amp; le chef</l>
                        <l>En transe oyant leur son melodieux.</l>
                        <l rend="positif">A peine ay clos deux ou trois fois les yeux,</l>
                        <l>Qu&#x2019;augmenter j&#x2019;oy par hayes, &amp; buissons</l>
                        <l>Les resonnants, &amp; harmonieux sons</l>
                        <l>Des oysillons, qui s&#x2019;entrejouants volent,</l>
                        <l>Et doucement de leurs gousiers flageolent:</l>
                        <l>Entre lesquelz l&#x2019;Aronde se desgoise</l>
                        <l>Avec sa soeur menant si haulte noise,</l>
                        <l>Qu&#x2019;en m&#x2019;estendant du tout je me resveille</l>
                        <l>Pour à leur bruit presser toute l&#x2019;oreille.</l>
                        <l rend="positif">Quand j&#x2019;ay assez pris plaisir d&#x2019;escouter,</l>
                        <l>Que mes Brebis commencent à brouter,</l>
                        <l>Je les conduis en la plaine estendue,</l>
                        <l>Ou j&#x2019;apperçoy l&#x2019;herbe freschement drue.</l>
                        <l>Ainsi vivant seulet en la Saulsaye,</l>
                        <fw place="bot-right" type="catch">A me</fw>
                        <pb n="11" xml:id="B693836101_355925_0011"/>
                        <fw place="top-right" type="pageNum">11</fw>
                        <fw place="top-center" type="head">DE LA VIE SOLITAIRE.</fw>
                        <l>A me guerir de mon mal je m&#x2019;essaye.</l>
                    </lg>
                </sp>
                <lb/><sp who="#antire"><speaker><name rend="it"><choice><abbr>ANT.</abbr><expan>ANTIRE</expan></choice></name></speaker>
                    <lg rend="runon">
                        <l rend="runon">Certes je prens de toy compassion,</l>
                        <l>Oyant par toy la tribulation,</l>
                        <l>Que ta Belline incessamment te donne.</l>
                        <l>Et m&#x2019;esbahys qu&#x2019;elle ne te guerdonne,</l>
                        <l>Ou recongnoit l&#x2019;amour, que tu luy portes,</l>
                        <l>Dont à present ainsi te desconfortes.</l>
                        <l>Et d&#x2019;autre part, ta solitaire vie</l>
                        <l>En t&#x2019;escoutant m&#x2019;engendre presque envie</l>
                        <l>De te suyvir, &amp; tost m&#x2019;y rengeroit,</l>
                        <l>Si ce n&#x2019;estoit que chacun jugeroit,</l>
                        <l>Que ne la sçay estre peu convenante</l>
                        <l>Aux hommes forts, comme elle est consonante</l>
                        <l>Au naturel de toute fiere beste.</l>
                        <l>Pource n&#x2019;est point à l&#x2019;homme chose honneste,</l>
                        <l>Quand des liens d&#x2019;amour si fort se lie,</l>
                        <l>Qu&#x2019;à chef de temps le malheureux s&#x2019;oublie,</l>
                        <l>Et, comme beste, au temps present regarde.</l>
                        <l>Car, vivant seul, le matin il luy tarde,</l>
                        <l>Que le soir n&#x2019;est pour son repos venu:</l>
                        <l>Et reposant de la nuict detenu</l>
                        <l>Voudroit jà voir l&#x2019;aube, &amp; le jour venir.</l>
                        <l>Ainsi ne peult ses desirs contenir,</l>
                        <l>Ains en souhaits languit insatiable.</l>
                        <l>Et tant est il oysif, &amp; miserable,</l>
                        <l>Que tous ses faits sont chasteaux en <placeName type="pays">Espaigne</placeName>,</l>
                        <fw place="bot-center" type="sig">B 2</fw>
                        <fw place="bot-right" type="catch">Ou</fw>
                        <pb n="12" xml:id="B693836101_355925_0012"/>
                        <fw place="top-left" type="pageNum">12</fw>
                        <fw place="top-center" type="head">EGLOGUE</fw>
                        <l>Ou tout le jour inutil il se baigne.</l>
                        <l>Pource qu&#x2019;il est sans occupation,</l>
                        <l>Sans exercice, &amp; recreation,</l>
                        <l>Qu&#x2019;il trouveroit frequentant compaignie,</l>
                        <l>Ou demeurant avecques sa mesgnie.</l>
                        <l rend="positif">Et pour autant je ne m&#x2019;esbahy point,</l>
                        <l>Si orendroit tu n&#x2019;es plus en tel poinct,</l>
                        <l>Comme autresfois je t&#x2019;ay sainement veu,</l>
                        <l>Plein de plaisir, &amp; de tout bien pourveu.</l>
                        <l>Mais &amp; comment pourrois tu vivre allaigre</l>
                        <l>En ce lieu cy, qui est de plaisir maigre?</l>
                        <l>Car, nonobstant que Saulx espais verdoyent,</l>
                        <l>Pource qu&#x2019;ilz sont pres des lieux, qui undoyent,</l>
                        <l>Si sont ilz bien pour plus grande raison</l>
                        <l>Joints aux ruisseaux, voire toute saison.</l>
                        <l>Et te diray (mais que tu ne t&#x2019;en fasches)</l>
                        <l>L&#x2019;histoire d&#x2019;eux, à fin que tu la saches.</l>
                        <l>Mais premier fault idoine lieu choisir</l>
                        <l>Pour mieux l&#x2019;estendre au long, &amp; à loysir</l>
                        <l>Hors du Soleil, qui jà nous donne encombre.</l>
                        <l>Et ce pendant que noz brebis à l&#x2019;umbre</l>
                        <l>Rumineront, Hardy, ton chien puissant,</l>
                        <l>Fera le guet sur le Loup ravissant.</l>
                    </lg>
                </sp>
                <lb/><sp who="#philerme"><speaker><name rend="it"><choice><abbr>PHIL.</abbr><expan>PHILERME</expan></choice></name></speaker>
                    <lg rend="runon">
                        <l rend="runon">Or allons donc (pour veu que tu le vueilles)</l>
                        <l>Seoir soubz cest Orme à si espaisses fueilles.</l>
                        <l>Car là se plaint la Tourte vefve &amp; triste,</l>
                        <fw place="bot-right" type="catch">Et la</fw>
                        <pb n="13" xml:id="B693836101_355925_0013"/>
                        <fw place="top-right" type="pageNum">13</fw>
                        <fw place="top-center" type="head">DE LA VIE SOLITAIRE.</fw>
                        <l>Et la Palombe, aupres qui se contriste:</l>
                        <l>L&#x2019;aure, &amp; le vent y sifflent, &amp; frisonnent:</l>
                        <l>Et tout autour les undes y bouillonnent:</l>
                        <l>Ou ma voisine Echo t&#x2019;escoutera,</l>
                        <l>Qui apres toy tes beaux vers chantera.</l>
                    </lg>
                </sp>

                <figure/>
                <lb/>
                <sp who="#antire"><speaker><name rend="it"><choice><abbr>ANT.</abbr><expan>ANTIRE</expan></choice></name></speaker>
                    <lg rend="runon">
                        <l rend="runon">Un jour parmy les Genetz verts flouris.</l>
                        <l>Maints Dieux ensemble, &amp; en ce lieu nourris,</l>
                        <l>Joints avec eux Satyres demychievres,</l>
                        <l>Faunes aussi trop plus legers, que Lievres,</l>
                        <l>Et les Sylvans hideusement cornuz,</l>
                        <l>Et la plus part pour le chault demy nuds,</l>
                        <l>Hors de tout hasle estoyent tous à l&#x2019;umbrage</l>
                        <l>Là, ou la <geogName>Saone</geogName> engresse son rivage,</l>
                        <l>Plaisant repos des prochaines forestz,</l>
                        <fw place="bot-center" type="sig">B 3</fw>
                        <fw place="bot-right" type="catch">En</fw>
                        <pb n="14" xml:id="B693836101_355925_0014"/>
                        <fw place="top-left" type="pageNum">14</fw>
                        <fw place="top-center" type="head">EGLOGUE</fw>
                        <l>En maint endroit costoyant ces marests.</l>
                        <l rend="positif">Et ce pendant que la chaleur bruslante</l>
                        <l>Exercitoit la Cigalle mourante</l>
                        <l>(Tout oyseau coy sur son fueilleux Ormeau)</l>
                        <l>En s&#x2019;esbattant jouoyent du chalumeau.</l>
                        <l rend="positif">Lors comme tous avec les doigts pressez</l>
                        <l>Cherchoyent maints sons distamment compassez</l>
                        <l>Des instruments clouez de cire tendre,</l>
                        <l>Nymphes du lieu pour les voir, &amp; entendre</l>
                        <l>Leur melodie, ainsi que curieuses,</l>
                        <l>Se tapissants parmy hayes fueilleuses,</l>
                        <l>Et forts halliers de ces plus prochains boys,</l>
                        <l>Prestoyent l&#x2019;oreille aux resonants haubois,</l>
                        <l>Qui de sonner, &amp; bruire faisoyent rage,</l>
                        <l>Tant que souvent elles prenoyent courage</l>
                        <l>De s&#x2019;approcher pour les ouyr de près:</l>
                        <l>Mais aussi tost se retiroyent après,</l>
                        <l>Craingnans qu&#x2019;ainsi, ou bien pis, ne leur vinst,</l>
                        <l>Comme à l&#x2019;amye au Dieu d&#x2019;Archade advint.</l>
                        <l>Et pour autant qu&#x2019;asseurément sçavoyent,</l>
                        <l>Que tous telz Dieux les Nymphes decevoyent,</l>
                        <l>Taschoyent de loing au son d&#x2019;eux s&#x2019;esjouyr,</l>
                        <l>Mais avec bruit, qui tost les feit ouyr.</l>
                        <l rend="positif">Parquoy ces Dieux lascifz les apperceurent:</l>
                        <l>Et dens leurs coeurs occultement conceurent</l>
                        <l>Un feu ardent, qui tant les estraingnit</l>
                        <fw place="bot-right" type="catch">Au</fw>
                        <pb n="15" xml:id="B693836101_355925_0015"/>
                        <fw place="top-right" type="pageNum">15</fw>
                        <fw place="top-center" type="head">DE LA VIE SOLITAIRE.</fw>
                        <l>Au long aller, qu&#x2019;en fin les contraingnit</l>
                        <l>A convier ces Nymphes à danser.</l>
                        <l>Et pour à droit leurs desirs commencer,</l>
                        <l>Userent lors de voix loingtaine &amp; forte,</l>
                        <l>Les conviant, peu près, en ceste sorte.</l>
                        <l rend="positif">Approchez vous, Nymphes de la contree:</l>
                        <l>Venez icy dessus la verte pree</l>
                        <l>A coeur joyeux, &amp; vuyde d&#x2019;amertume.</l>
                        <l>Venez danser, comme avez de coustume:</l>
                        <l>Car aussi bien avec noz flustes lourdes</l>
                        <l>Chantons en vain à ces grands forests sourdes.</l>
                        <l rend="positif">A ceste voix les Nymphes effrayees</l>
                        <l>(Qui à fuyr s&#x2019;estoyent jà essayees)</l>
                        <l>Troussoyent à coup leurs cottes pour la fuyte,</l>
                        <l>Craingnans ces Dieux, &amp; leur soudaine suyte:</l>
                        <l>Jà en leurs coeurs pensoyent à trouver lieu</l>
                        <l>(Si l&#x2019;eust permis le Sort, ou autre <name>Dieu</name>)</l>
                        <l>Pour se sauver par les rocz droits &amp; haults:</l>
                        <l>Mais tout soudain ces Dieux jeunes &amp; caults</l>
                        <l>Avec doux mots leur fuyte revoquerent.</l>
                        <l>Et follement ces sottes s&#x2019;appliquerent</l>
                        <l>A les ouyr disants: Chassez la crainte,</l>
                        <l>Qui dens voz coeurs sans raison est emprainte.</l>
                        <l>Icy n&#x2019;y ha fraude pour vous seduire:</l>
                        <l>Ne chose aussi, qui bien ne puisse duire</l>
                        <l>A ce, qui est à vostre honneur conforme,</l>
                        <fw place="bot-right" type="catch">Bien</fw>
                        <pb n="16" xml:id="B693836101_355925_0016"/>
                        <fw place="top-left" type="pageNum">16</fw>
                        <fw place="top-center" type="head">EGLOGUE</fw>
                        <l>Bien que soyons d&#x2019;estrange, &amp; laide forme.</l>
                        <l>N&#x2019;ayez peur, non. Nous ne sommes point nez</l>
                        <l>De Loups, ny d&#x2019;Ours, ne tant infortunez,</l>
                        <l>Qu&#x2019;offensissions personnes raisonnables.</l>
                        <l>Nous sommes tous, comme vous, convenables</l>
                        <l>A equité: Nous sommes Demydieux,</l>
                        <l>Qui conversons avec vous par ces lieux.</l>
                        <l>Et pour autant venez cy sur la rive,</l>
                        <l>Ou la place est verte &amp; recreative:</l>
                        <l>Et ce pendant qu&#x2019;ensemble danserez,</l>
                        <l>Nous jouerons, &amp; puis vous chanterez.</l>
                        <l rend="positif">Legerement ces jeunes filles lors</l>
                        <l>Eurent chassé toute crainte dehors,</l>
                        <l>Et toute honte au paravant montee</l>
                        <l>Dessus leur face à la fin eshontee</l>
                        <l>Pour mieux se joindre à ces Dieux convoyteux,</l>
                        <l>Qui de chanter ne furent point honteux.</l>
                        <l rend="positif">Ainsi cuydant (ô povres malheurees)</l>
                        <l>Estre aupres d&#x2019;eux plus que bien asseurees,</l>
                        <l>En carollant les mains s&#x2019;entrelasserent,</l>
                        <l>Et en dansant maints tours recommencerent.</l>
                        <l>Aucunesfois, et selon les accords,</l>
                        <l>Bransloyent les bras, jettoyent en l&#x2019;air le corps,</l>
                        <l>En se mouvants par alternatifz pas,</l>
                        <l>Sans separer leur mesuré compas.</l>
                        <l>Les instruments faisoyent bruire la plaine. </l>
                        <fw place="bot-right" type="catch">Et quand</fw>
                        <pb n="17" xml:id="B693836101_355925_0017"/>
                        <fw place="top-right" type="pageNum">17</fw>
                        <fw place="top-center" type="head">DE LA VIE SOLITAIRE.</fw>
                        <l>Et quand ces Dieux estoyent dehors d&#x2019;alaine,</l>
                        <l>Consequemment elles recommençoyent</l>
                        <l>Autres chansons, &amp; ensemble dansoyent.</l>
                        <l rend="positif">Mais nonobstant que ces Satyres veissent</l>
                        <l>Leur grand&#x2019; beauté, &amp; leurs doux chants ouyssent:</l>
                        <l>Les membres blancs soubs desliez attours,</l>
                        <l>Les cleres voix en chantant à leurs tours</l>
                        <l>Ne peurent onc les rendre pitoyables.</l>
                        <l>Car leurs desirs croissoyent insatiables,</l>
                        <l>Beuvans le feu de rage furieuse</l>
                        <l>Par les yeux pleins de soif luxurieuse:</l>
                        <l>Qui tellement d&#x2019;une ardeur les atterre,</l>
                        <l>Que d&#x2019;un accord jetterent tous par terre</l>
                        <l>Leurs instrumens, &amp; en un tel effroy,</l>
                        <l>Que tout à coup convertiz en desroy,</l>
                        <l>Toute seurté, &amp; toute paix brisee,</l>
                        <l>Et toute foy (que Dieux ont) mesprisee,</l>
                        <l>Soudainement à courses travaillantes</l>
                        <l>Coururent sus à ces Nymphes tremblantes.</l>
                        <l>Comme les Loups, qui noz Brebis ravissent,</l>
                        <l>Quand en la plaine elles se resjouyssent,</l>
                        <l>Et que noz Chiens, &amp; nous sommes au loing,</l>
                        <l>Ou que n&#x2019;avons d&#x2019;elles autrement soing:</l>
                        <l>Semblablement ces Satyres meschants</l>
                        <l>Couroyent apres les Nymphes par les champs.</l>
                        <l>Lesquelles, làs, furent tant estonnees,</l>
                        <fw place="bot-center" type="sig">C</fw>
                        <fw place="bot-right" type="catch">Qu&#x2019;en</fw>
                        <pb n="18" xml:id="B693836101_355925_0018"/>
                        <fw place="top-left" type="pageNum">18</fw>
                        <fw place="top-center" type="head">EGLOGUE</fw>
                        <l>Qu&#x2019;eussent voulu alors non estre nees.</l>
                        <l rend="positif">De leurs haults crys les forestz remplissoyent,</l>
                        <l>Ausquelz les rocz piteux retentissoyent,</l>
                        <l>Tant que ne cuyde estre si dur Tartare,</l>
                        <l>Ne de nature, &amp; de moeurs si barbare,</l>
                        <l>Qui n&#x2019;en eust eu compassion du moins</l>
                        <l>A les voir plaindre, &amp; se battre les poings:</l>
                        <l>Et mesmement qu&#x2019;elles lors ne sçavoyent,</l>
                        <l>Ou se sauver, &amp; que secours n&#x2019;avoyent,</l>
                        <l>Estant autour la montaigne trop droite,</l>
                        <l>Et d&#x2019;autre part des rocz la voye estroite.</l>
                        <l rend="positif">Parquoy voyans qu&#x2019;elles n&#x2019;avoyent secours,</l>
                        <l>Ne retrait seur, n&#x2019;eurent autre recours,</l>
                        <l>Que cil, qu&#x2019;on prend à son extreme affaire,</l>
                        <l>C&#x2019;est de sa vie, &amp; de soy se deffaire.</l>
                        <l>Dieux supernelz foudroyez de voz mains</l>
                        <l>Telz, non point Dieux, mais Diables inhumains.</l>
                        <l rend="positif">Or tout espoir de secours mis arriere,</l>
                        <l>Les tristes, làs, vindrent sur la riviere,</l>
                        <l>Se dessirans les cheveux, &amp; la face,</l>
                        <l>Dont de leur sang faisoyent rougir la place,</l>
                        <l>Crians Arar, de la <geogName>Saone</geogName> grand <name>Dieu</name>,</l>
                        <l>Pour leur ayder en si dangereux lieu:</l>
                        <l>Aussi leurs soeurs liquides, &amp; profondes.</l>
                        <l rend="positif">Arar sortit la teste de ses undes</l>
                        <l>Avec la barbe, &amp; les cheveux mouillez,</l>
                        <fw place="bot-right" type="catch">D&#x2019;herbe,</fw>
                        <pb n="19" xml:id="B693836101_355925_0019"/>
                        <fw place="top-right" type="pageNum">19</fw>
                        <fw place="top-center" type="head">DE LA VIE SOLITAIRE.</fw>
                        <l>D&#x2019;herbe, &amp; de joncs sans ordre entortillez:</l>
                        <l>Et toutesfois ayant la larme à l&#x2019;oeil.</l>
                        <l>Le fleuve aussi meu de pitié eut dueil</l>
                        <l>De leur angoisse, &amp; mort intempestive.</l>
                        <l>Et desbordant s&#x2019;enfla hault sur la rive,</l>
                        <l>Leur demonstrant qu&#x2019;ainsi haulsant son cours</l>
                        <l>Son sein estoit leur extreme recours,</l>
                        <l>Ou s&#x2019;achevoit la fin determinee</l>
                        <l>De leur fatale &amp; dure destinee.</l>
                        <l>Mais que leur vault <name>Arar</name> avec leurs soeurs,</l>
                        <l>Qui de leur mort se tenoyent pour tous seurs?</l>
                        <l rend="positif">Jà sur le bort de la riviere empeintes</l>
                        <l>De mort prochaine ayant les joues peintes,</l>
                        <l>Et hors d&#x2019;alaine estoyent les Nymphes prestes</l>
                        <l>Pour se noyer, &amp; clinoyent jà leurs testes,</l>
                        <l>Quand tout soudain leurs pieds tendres roidirent,</l>
                        <l>Qui des arteilz grand&#x2019; racine estendirent,</l>
                        <l>En retardant tout court leurs pas courants,</l>
                        <l>Leurs membres vifz subitement mourants.</l>
                        <l rend="positif">De peu à peu (ô mortelle douleur)</l>
                        <l>Le corps perdit toute vive couleur:</l>
                        <l>L&#x2019;esprit troublé çà &amp; là fremissant</l>
                        <l>Se despartit, le corps en boys croissant:</l>
                        <l>Et la chaleur perdit toute sa force:</l>
                        <l>Et le cuyr doux devint tresrude escorce:</l>
                        <l>Leurs blonds cheveux furent fueilles chanues:</l>
                        <fw place="bot-center" type="sig">C 2</fw>
                        <fw place="bot-right" type="catch">Les</fw>
                        <pb n="20" xml:id="B693836101_355925_0020"/>
                        <fw place="top-left" type="pageNum">20</fw>
                        <fw place="top-center" type="head">EGLOGUE</fw>
                        <l>Les blanches mains en rameaux devenues.</l>
                        <l>Finablement feirent ceste Saulsaye,</l>
                        <l>Dont par pitié il fault que dueil j&#x2019;en aye.</l>
                        <l rend="positif">Or t&#x2019;ay je bien voulu compter l&#x2019;histoire</l>
                        <l>Pour te monstrer par raison peremptoire,</l>
                        <l>Que tous telz lieux se voyent convenables</l>
                        <l>A ceux, qui sont en tout desraisonnables:</l>
                        <l>Car, ne pouvans à leur gré prosperer,</l>
                        <l>Viennent icy pour se desesperer:</l>
                        <l>Et mal semblable à ces Nymphes les mord,</l>
                        <l>Qui vindrent cy pour se donner la mort.</l>
                        <l>Et certain est, comme chose facile,</l>
                        <l>Que qui vit seul il luy est difficile</l>
                        <l>Qu&#x2019;avec le temps en desespoir ne meure.</l>
                        <l>Car, qui en lieu solitaire demeure,</l>
                        <l>Facilement tombe en tentation:</l>
                        <l>Pource qu&#x2019;il n&#x2019;ha qui consolation,</l>
                        <l>Ny ayde aussi luy donne, ny confort.</l>
                        <l>Et n&#x2019;est celuy, tant soit constamment fort,</l>
                        <l>Que vain desir ne puisse tost plier:</l>
                        <l>Veu qu&#x2019;il se vient en ses lyens lier.</l>
                        <l>Certes celuy est bien aysé à prendre,</l>
                        <l>Qui donne lieu, &amp; se laisse surprendre.</l>
                        <l rend="positif">Et pour autant retourne à toy, Amy:</l>
                        <l>Et ne permets que si foible ennemy</l>
                        <l>Voise sur toy sa puissance croissant,</l>
                        <fw place="bot-right" type="catch">Ce</fw>
                        <pb n="21" xml:id="B693836101_355925_0021"/>
                        <fw place="top-right" type="pageNum">21</fw>
                        <fw place="top-center" type="head">DE LA VIE SOLITAIRE.</fw>
                        <l>Ce qu&#x2019;il peult faire en te mescongnoissant.</l>
                        <l>Et si tu dis que l&#x2019;ardeur incurable</l>
                        <l>Te rend ainsi dolent &amp; miserable:</l>
                        <l>Pour la vouloir estaindre entierement,</l>
                        <l>Certes il fault, &amp; necessairement</l>
                        <l>Il te convient chasser oysiveté,</l>
                        <l>Qui nous engendre amour, &amp; povreté.</l>
                        <l>Car en vivant sans avoir soing, ny cure,</l>
                        <l>Comme tu fais, paresse adonc procure,</l>
                        <l>Et te contraint à vainement aymer,</l>
                        <l>Dont tu ne peux tirer que fruit amer.</l>
                        <l>Que t&#x2019;ont valu tes vains experiments</l>
                        <l>Pour te guerir, sinon maints detriments,</l>
                        <l>Qui ont ton corps mis en plus grand&#x2019; destresse?</l>
                        <l>Car avec toy tu as encor paresse,</l>
                        <l>Qui de ton mal est premier fondement,</l>
                        <l>Et qui te toult sens, &amp; entendement.</l>
                        <l rend="positif">Il te fault donc prendre le frein aux dents</l>
                        <l>Pour eviter les perilz evidents,</l>
                        <l>Ou tu vas cheoir seul en ceste campaigne.</l>
                        <l>Vien travailler lassus en la montaigne.</l>
                        <l>Et ne crains point que pour voir ta maistresse</l>
                        <l>Ta douleur vienne à plus grande destresse.</l>
                        <l>Car destournant ailleurs ton pensement</l>
                        <l>Et travaillant labourieusement,</l>
                        <l>Sans grande peine, &amp; tost l&#x2019;oublieras,</l>
                        <fw place="bot-center" type="sig">B 3</fw>
                        <fw place="bot-right" type="catch">Et</fw>
                        <pb n="22" xml:id="B693836101_355925_0022"/>
                        <fw place="top-left" type="pageNum">22</fw>
                        <fw place="top-center" type="head">EGLOGUE</fw>
                        <l>Et de ses faits, &amp; des tiens tu riras.</l>
                        <l>Et pourroit estre encor qu&#x2019;elle auroit honte,</l>
                        <l>Voyant que plus d&#x2019;elle ne tiendras compte,</l>
                        <l>Et par ce point qu&#x2019;humble elle deviendroit,</l>
                        <l>Dont ton desir à sa fin parviendroit.</l>
                        <l>Vien donc mettre ordre en ton petit mesnage,</l>
                        <l>Et fineras en liesse ton aage.</l>
                    </lg>
                </sp>
                <lb/><sp who="#philerme"><speaker><name rend="it"><choice><abbr>PHIL.</abbr><expan>PHILERME</expan></choice></name></speaker>
                    <lg rend="runon">
                        <l rend="runon">Il t&#x2019;est facile à faire, &amp; bien aysé,</l>
                        <l>Qui as l&#x2019;esprit à ton vueil appaisé,</l>
                        <l>Comme celuy, qui de soy delibere,</l>
                        <l>Quand il se sent &amp; coeur &amp; corps libere.</l>
                        <l>Làs, que me vault, si de mes ennemis</l>
                        <l>Je suis navré, &amp; puis en seurté mis</l>
                        <l>Je meurs, combien qu&#x2019;à vivre je m&#x2019;essaye?</l>
                        <l>L&#x2019;arc desbendé ne guerit pas la playe.</l>
                        <l rend="positif">Cuyderois tu que je n&#x2019;aye desir</l>
                        <l>(Mais bien aurois tressingulier plaisir)</l>
                        <l>D&#x2019;estre avec toy en ma maison paisible?</l>
                        <l>Certes si ay, mais il m&#x2019;est impossible.</l>
                        <l>Comment vivrois je en aucune liesse</l>
                        <l>En sa presence, &amp; sentant sa rudesse?</l>
                        <l>Ne penses point que jamais on la voye</l>
                        <l>Moins rigoureuse, ne qu&#x2019;à mon mal pourvoye.</l>
                        <l>Ne penses point que pour la mespriser,</l>
                        <l>Elle se vueille envers moy raviser,</l>
                        <l>Mais deviendra encores plus haultaine,</l>
                        <fw place="bot-right" type="catch">Tant</fw>
                        <pb n="23" xml:id="B693836101_355925_0023"/>
                        <fw place="top-right" type="pageNum">23</fw>
                        <fw place="top-center" type="head">DE LA VIE SOLITAIRE.</fw>
                        <l>Tant je la sens de mes desirs loingtaine:</l>
                        <l>Qui me feroit, non certes meilleurer,</l>
                        <l>Ains pour un rien à coup desesperer.</l>
                        <l>Voy, qu&#x2019;estant loing, sa recente memoire</l>
                        <l>M&#x2019;est, fors d&#x2019;espoir, un ardent Purgatoire.</l>
                    </lg>
                </sp>
                <lb/><sp who="#antire"><speaker><name rend="it"><choice><abbr>ANT.</abbr><expan>ANTIRE</expan></choice></name></speaker>
                    <lg rend="runon">
                        <l rend="runon">Pource que n&#x2019;as ton coeur en autre part.</l>
                        <l>Mais celuy là, qui en maint lieu despart,</l>
                        <l>Et sa pensee, &amp; son affection,</l>
                        <l>Certes il est hors la subjection</l>
                        <l>Du mol Archier, qui ainsi te tormente.</l>
                        <l>Et pour vray dire (&amp; sans que je t&#x2019;en mente)</l>
                        <l>Quiconques vit sans autre pensement,</l>
                        <l>Couve l&#x2019;amour en son entendement,</l>
                        <l>Qui le maistrise, &amp; en fait son vouloir,</l>
                        <l>S&#x2019;abandonnant luy mesme à nonchaloir.</l>
                        <l>Et pource ceux, qui les villes habitent,</l>
                        <l>Ou les cités, certes ilz se habilitent</l>
                        <l>Modestement en marchés, jeux, &amp; festes,</l>
                        <l>Pour estre veuz differer loing des bestes.</l>
                        <l>Qui fait de soy aux bestes difference,</l>
                        <l>Aura honneur, &amp; soy en reverence.</l>
                        <l rend="positif">Et tu en vois, que, nonobstant qu&#x2019;ilz ayent</l>
                        <l>Du bien assez, toutesfois ilz s&#x2019;essayent</l>
                        <l>De travailler, non pour plus acquerir,</l>
                        <l>Ou conserver ce, qu&#x2019;ilz ont, de perir:</l>
                        <l>Mais seulement pour se voir davantage</l>
                        <fw place="bot-right" type="catch">Avoir</fw>
                        <pb n="24" xml:id="B693836101_355925_0024"/>
                        <fw place="top-left" type="pageNum">24</fw>
                        <fw place="top-center" type="head">EGLOGUE</fw>
                        <l>Avoir gaigné ce renom devant aage,</l>
                        <l>Que lon acquiert pour celle vertu suyvre,</l>
                        <l>Qui nous fera apres la mort revivre.</l>
                    </lg>
                </sp>
                <lb/><sp who="#philerme"><speaker><name rend="it"><choice><abbr>PHIL.</abbr><expan>PHILERME</expan></choice></name></speaker>
                    <lg rend="runon">
                        <l rend="runon">Que serviront grands thresors amassez,</l>
                        <l>Quand, ayant tout, on n&#x2019;ha jamais assez?</l>
                        <l>Et si tu dis que pour vertu conquerre,</l>
                        <l>Et renommee, il fault des biens acquerre:</l>
                        <l>Comment veux tu que biens vertu on nomme,</l>
                        <l>Puis que par eux il n&#x2019;est si prudent homme,</l>
                        <l>Soit par science, ou par sens vertueux,</l>
                        <l>Qui ne devienne en fin voluptueux,</l>
                        <l>Et qu&#x2019;aux plaisirs du tout ne s&#x2019;asservice?</l>
                    </lg>
                </sp>
                <lb/><sp who="#antire"><speaker><name rend="it"><choice><abbr>ANT.</abbr><expan>ANTIRE</expan></choice></name></speaker>
                    <lg rend="runon">
                        <l rend="runon">Mais acquerant on evite le vice</l>
                        <l>D&#x2019;oysiveté, dont maints grands maux procedent.</l>
                        <l>Et puis l&#x2019;acquis à ceux, qui le possedent</l>
                        <l>Par leur vertu, un si hault bien leur fait,</l>
                        <l>Que pour l&#x2019;honneur se gardent de meffait.</l>
                    </lg>
                </sp>
                <lb/><sp who="#philerme"><speaker><name rend="it"><choice><abbr>PHIL.</abbr><expan>PHILERME</expan></choice></name></speaker>
                    <lg rend="runon">
                        <l rend="runon">Comment veux tu qu&#x2019;aucun icy mefface,</l>
                        <l>Quand seul il n&#x2019;ha à qui injure il face?</l>
                        <l>Oultre, le moindre en ceste solitude</l>
                        <l>Facilement, &amp; sans solicitude</l>
                        <l>Est le plus grand, &amp; le premier aussi,</l>
                        <l>Ce qu&#x2019;en la ville il ne peult sans soucy.</l>
                        <l>Et pour ne voir icy plus grand que soy,</l>
                        <l>Il ha tousjours, comme je l&#x2019;apperçoy,</l>
                        <l>Contentement loing de l&#x2019;adversité:</l>
                        <fw place="bot-right" type="catch">Ou con</fw>
                        <pb n="25" xml:id="B693836101_355925_0025"/>
                        <fw place="top-right" type="pageNum">25</fw>
                        <fw place="top-center" type="head">DE LA VIE SOLITAIRE.</fw>
                        <l>Ou congnoissant plusieurs en la cité</l>
                        <l>De plus pompeuse &amp; opulente vie,</l>
                        <l>Impossible est qu&#x2019;il ne leur porte envie,</l>
                        <l>Se reputant estre mal fortuné.</l>
                        <l rend="positif">Puis en ce lieu, sans estre importuné</l>
                        <l>D&#x2019;aucun voisin, qui de ses faits s&#x2019;informe,</l>
                        <l>Vit seulement à la raison conforme,</l>
                        <l>Qui le conduit soubz paisible union,</l>
                        <l>Et non subjet à mainte opinion.</l>
                    </lg>
                </sp>
                <lb/><sp who="#antire"><speaker><name rend="it"><choice><abbr>ANT.</abbr><expan>ANTIRE</expan></choice></name></speaker>
                    <lg rend="runon">
                        <l rend="runon">Opinion est bien la sienne estrange,</l>
                        <l>Quand en ce lieu solitaire il se range,</l>
                        <l>Ou de l&#x2019;horreur les Saules verts paslissent,</l>
                        <l>Et leurs vertus de tristesse amoindrissent.</l>
                        <l>Car y croissants en repos, &amp; sans bruit,</l>
                        <l>Ne portent point toutesfois aucun fruit,</l>
                        <l>Non plus que ceux, qui cy oysifz demeurent,</l>
                        <l>Ou en tous temps ilz cuydent vivre, &amp; meurent,</l>
                        <l>Comme en ce monde inutilement morts,</l>
                        <l>De desespoir, &amp; de folie mords.</l>
                    </lg>
                </sp>

                <lb/><sp who="#philerme"><speaker><name rend="it"><choice><abbr>PHIL.</abbr><expan>PHILERME</expan></choice></name></speaker>
                    <lg rend="runon">
                        <l rend="runon">Celuy n&#x2019;est mort, qui ha pour sa compagne</l>
                        <l>Simplicité, qui tousjours l&#x2019;accompagne:</l>
                        <l>Et qui par tout, sans de rien se douloir,</l>
                        <l>Donner luy peult tout ayse à son vouloir.</l>
                        <l>Ou aux cités la reputation</l>
                        <l>Luy est d&#x2019;esprit grand&#x2019; perturbation.</l>
                        <l>Et seul icy seurement il se hante,</l>
                        <fw place="bot-center" type="sig">D</fw>
                        <fw place="bot-right" type="catch">Seur</fw>
                        <pb n="26" xml:id="B693836101_355925_0026"/>
                        <fw place="top-left" type="pageNum">26</fw>
                        <fw place="top-center" type="head">EGLOGUE</fw>
                        <l>Seurement crie, &amp; à haulte voix chante:</l>
                        <l>Et là il n&#x2019;ose à grand&#x2019; peine parler.</l>
                        <l>Icy il court: &amp; là il n&#x2019;ose aller.</l>
                        <l>Icy tout hault descouvre ses secrets:</l>
                        <l>Et là ayant au coeur mille regrets,</l>
                        <l>N&#x2019;en diroit un à son propre parent:</l>
                        <l>Qui est un cas, certes, trop apparent,</l>
                        <l>Que les buissons j&#x2019;ay pour secrets amys,</l>
                        <l>Ou ses prochains il craint, comme ennemys.</l>
                    </lg>
                </sp>
                <lb/><sp who="#antire"><speaker><name rend="it"><choice><abbr>ANT.</abbr><expan>ANTIRE</expan></choice></name></speaker>
                    <lg rend="runon">
                        <l rend="runon">Aussi alors qu&#x2019;il neige, pleut, ou gresle,</l>
                        <l>Ou que la Bise avec Auster se mesle,</l>
                        <l>Et que l&#x2019;Automne, &amp; l&#x2019;Yver pluvieux</l>
                        <l>Rendent le temps longuement ennuyeux,</l>
                        <l>Tu n&#x2019;as icy esbat, qui te detienne,</l>
                        <l>Ny ame avec, qui la voulenté tienne</l>
                        <l>(Sans autrement au besoing me fonder)</l>
                        <l>Puisse en devis, ou ennuy seconder</l>
                        <l>Jusqu&#x2019;au beautemps. A nous les jours &amp; nuicts</l>
                        <l>(Soyent beaux, soyent laids) ne nous donnent ennuys</l>
                        <l>Pour l&#x2019;exercice &amp; plaisant &amp; utile,</l>
                        <l>Qui nous occupe.</l>
                    </lg>
                </sp>

                <lb/><sp who="#philerme"><speaker><name rend="it"><choice><abbr>PHIL.</abbr><expan>PHILERME</expan></choice></name></speaker>
                    <lg rend="runon">
                        <l rend="runon">Il est bien vray qu&#x2019;en ville</l>
                        <l>Les passetemps y sont plus grans qu&#x2019;icy:</l>
                        <l>Et les soucys y sont plus grans aussi.</l>
                        <l>Vous inventez maints &amp; divers esbats:</l>
                        <l>Vous suscitez aussi plusieurs debats.</l>
                        <fw place="bot-right" type="catch">Ainsi</fw>
                        <pb n="27" xml:id="B693836101_355925_0027"/>
                        <fw place="top-right" type="pageNum">27</fw>
                        <fw place="top-center" type="head">DE LA VIE SOLITAIRE.</fw>
                        <l>Ainsi vaquant à ce, que plus vous duyt,</l>
                        <l>Ore au proufit, &amp; ores au desduyt,</l>
                        <l>Le moys entier ne dure point un jour.</l>
                        <l>Et en ce mien delectable sejour</l>
                        <l>Le moindre jour pres qu&#x2019;autant qu&#x2019;un moys monte.</l>
                        <l>Car en tout temps la matinee est prompte,</l>
                        <l>Et le soir est plus tardif à venir.</l>
                        <l>Et sans avoir cure de l&#x2019;advenir,</l>
                        <l>Jusqu&#x2019;à un poinct l&#x2019;annee je mesure,</l>
                        <l>L&#x2019;employant toute en treslouable usure,</l>
                        <l>Et en desduits, desquelz, sans que j&#x2019;y pense</l>
                        <l>Aucunement, vous faites la despence</l>
                        <l>En chiens, oyseaux, &amp; serviteurs nourrir.</l>
                        <l>Car si voulez ou le Lievre courir,</l>
                        <l>Ou bien voler, estant icy à part</l>
                        <l>De vostre esbat je prens la meilleur part,</l>
                        <l>Que tous les jours chacun de vous me baille,</l>
                        <l>Sans que d&#x2019;esprit, &amp; de corps me travaille:</l>
                        <l>Et vous courez tout le long de la plaine</l>
                        <l>En grand&#x2019; sueur, &amp; souvent hors d&#x2019;alaine.</l>
                        <l>Parquoy je n&#x2019;ay soulas, qui ne me plaise,</l>
                        <l>Ou vous n&#x2019;avez un plaisir qu&#x2019;à malaise.</l>
                    </lg>
                </sp>
                <lb/><sp who="#antire"><speaker><name rend="it"><choice><abbr>ANT.</abbr><expan>ANTIRE</expan></choice></name></speaker>
                    <lg rend="runon">
                        <l rend="runon">Or tout plaisir, qui le voudra chercher,</l>
                        <l>N&#x2019;est jamais bon, sinon qu&#x2019;il couste cher:</l>
                        <l>Et jamais bien ne sera bon trouvé,</l>
                        <l>Si par le mal il n&#x2019;est premier prouvé.</l>
                        <fw place="bot-center" type="sig">D 2</fw>
                        <fw place="bot-right" type="catch">Ne</fw>
                        <pb n="28" xml:id="B693836101_355925_0028"/>
                        <fw place="top-left" type="pageNum">28</fw>
                        <fw place="top-center" type="head">EGLOGUE</fw>
                        <l>Ne vois tu point (puis qu&#x2019;il fault que le preuve)</l>
                        <l>Que par la nuict plus beau le jour on treuve?</l>
                        <l>Aussi les biens par grand labeur acquis</l>
                        <l>Sont mieux aymez, &amp; cherement exquis.</l>
                        <l>Et quand quelcun est par l&#x2019;acquis venu</l>
                        <l>En hault degré, il est de tous tenu</l>
                        <l>En reverence, &amp; beaucoup plus prisé,</l>
                        <l>Que s&#x2019;il avoit esté favorisé.</l>
                    </lg>
                </sp>

                <lb/><sp who="#philerme"><speaker><name rend="it"><choice><abbr>PHI.</abbr><expan>PHILERME</expan></choice></name></speaker>
                    <lg rend="runon">
                        <l rend="runon">Mais bien celuy est tressemblable aux Dieux,</l>
                        <l>Qui aux honneurs clost, &amp; bende les yeux:</l>
                        <l>Lequel aussi n&#x2019;est point de vaine gloire</l>
                        <l>Solicité, ne de bien transitoire:</l>
                        <l>Mais laisse aller les jours soubs coye sente,</l>
                        <l>Et vit paisible en sa vie innocente</l>
                        <l>Loing des cités, vie tumultueuse,</l>
                        <l>Voire encor plus (certes) voluptueuse.</l>
                        <l>Et vit aux champs, n&#x2019;ayant de rien besoing,</l>
                        <l>Comme qui n&#x2019;ha, fors de ses brebis, soing.</l>
                        <l rend="positif">Il ne luy chault de Royale coronne.</l>
                        <l>Il ne luy chault à qui le sceptre on donne.</l>
                        <l>Il ne luy chault de nom, ne tiltre insigne.</l>
                        <l>Il ne luy chault que denote le signe,</l>
                        <l>Et la splendeur de la longue Comette.</l>
                        <l>Il ne craint point que lon l&#x2019;eslieve, ou mette</l>
                        <l>En si hault lieu, que puis bas il descende.</l>
                        <l>Il ne craint point qu&#x2019;on commande, ou deffende.</l>
                        <fw place="bot-right" type="catch">Il se</fw>
                        <pb n="29" xml:id="B693836101_355925_0029"/>
                        <fw place="top-right" type="pageNum">29</fw>
                        <fw place="top-center" type="head">DE LA VIE SOLITAIRE.</fw>
                        <l>Il se sent vuyde, &amp; nette conscience.</l>
                        <l>Et prise plus sa rurale science,</l>
                        <l>Que le savoir, qui par labeur est quis.</l>
                        <l>Il ne craint poinct que pour ses biens acquis</l>
                        <l>Soit en danger des Tyrans, vrays Saturnes.</l>
                        <l>Il ne craint point que les larrons nocturnes</l>
                        <l>Viennent la nuict entrerompre son somme,</l>
                        <l>Pour luy embler d&#x2019;or, ou d&#x2019;argent grand&#x2019; somme:</l>
                        <l>Mais bien se dort en tranquille seurté</l>
                        <l>Hors des aguets de mainte malheurté.</l>
                        <l rend="positif">O du Pasteur la tresdouce richesse!</l>
                        <l>Heureux repos eslongné de tristesse,</l>
                        <l>Qui en Yver, Printemps, Automne, Esté</l>
                        <l>Nourrit en soy toute joyeuseté:</l>
                        <l>Car il ignore hayne, &amp; deception.</l>
                        <l>Il est exempt de vaine ambition,</l>
                        <l>Vuyde de crainte, &amp; d&#x2019;espoir est delivre,</l>
                        <l>Qui nous abuse, &amp; maints desirs nous livre.</l>
                        <l>Il vit à soy sans tesmoing, qui le juge.</l>
                        <l>Il pend de soy, comme qui est son juge.</l>
                        <l>S&#x2019;il n&#x2019;ha palais, superbes edifices,</l>
                        <l>Et sumptueux d&#x2019;utensiles propices,</l>
                        <l>En son coeur hault mesprise, &amp; ha en hayne</l>
                        <l>L&#x2019;avoir des Roys, richesse certes vaine.</l>
                        <l>Et vit content en sa logette honneste,</l>
                        <l>Seure de vents, de pluye, &amp; de tempeste,</l>
                        <fw place="bot-center" type="sig">D 3</fw>
                        <fw place="bot-right" type="catch">De</fw>
                        <pb n="30" xml:id="B693836101_355925_0030"/>
                        <fw place="top-left" type="pageNum">30</fw>
                        <fw place="top-center" type="head">EGLOGUE</fw>
                        <l>De terre close, &amp; couverte de chaume,</l>
                        <l>Ceinte de fleurs plus odorans, que Baume,</l>
                        <l>Ou qu&#x2019;autre odeur Asienne, &amp; lascive,</l>
                        <l>Humble, &amp; sans art, ny despence excessive</l>
                        <l>Pour son tropeau, &amp; soy rendre contents</l>
                        <l>D&#x2019;estre couverts aux injures du temps:</l>
                        <l>Dedens laquelle auront crainte d&#x2019;entrer</l>
                        <l>Cure, &amp; frayeur, lesquelz se vont encrer</l>
                        <l>Jusques au lict, ou dort tout puissant Roy,</l>
                        <l>Sans redoubter son magnifique arroy.</l>
                        <l rend="positif">Il est Seigneur des boys grans &amp; espais,</l>
                        <l>Desquelz il n&#x2019;ha que doux sejour &amp; paix.</l>
                        <l>Autour de soy sa tourbe vigilante,</l>
                        <l>Treshardys chiens, au besoing travaillante</l>
                        <l>Garde tousjours que ne diminuisse</l>
                        <l>Le nombre entier, ou que lon ne ravisse</l>
                        <l>Quelque brebis de son laneux tropeau,</l>
                        <l>Duquel il garde, &amp; tient chere la peau.</l>
                        <l rend="positif">Les cailloux ronds luy donnent feu trisé,</l>
                        <l>Les fleuves vin avec la main puisé,</l>
                        <l>La terre pain, Arbres fruit, Chievres laict.</l>
                        <l>De quelque tronche, ou lieu, peult estre, laid</l>
                        <l>Luy sort le miel tresnet, &amp; copieux,</l>
                        <l>A savourer doux, &amp; delicieux.</l>
                        <l rend="positif">Il ha tousjours au coeur les buissons verts,</l>
                        <l>Les Papillons coulourez, &amp; divers:</l>
                        <fw place="bot-right" type="catch">Ruisse</fw>
                        <pb n="31" xml:id="B693836101_355925_0031"/>
                        <fw place="top-right" type="pageNum">31</fw>
                        <fw place="top-center" type="head">DE LA VIE SOLITAIRE.</fw>
                        <l>Ruisseaux bruyans, argentins, &amp; fluides:</l>
                        <l>Les Rocz moussuz: les cavernes humides:</l>
                        <l>Les boys flouris: les poingnans Esglantiers,</l>
                        <l>Les Haultbepins parfumans les sentiers:</l>
                        <l>Les vents souefz, &amp; les fontaines froides:</l>
                        <l>Combes aussi profondes &amp; tresroides.</l>
                        <l>Et n&#x2019;ha soucy en son contentement,</l>
                        <l>Qu&#x2019;à cueillir fleurs pour son esbatement,</l>
                        <l>En escoutant des oyseaux les doux sons.</l>
                        <l rend="positif">Il fait les Rocz respondre à ses chansons,</l>
                        <l>Ayant tousjours fluste, ou musette au bec,</l>
                        <l>Qu&#x2019;il ayme plus, que harpe, ne rebec.</l>
                        <l rend="positif">Mousches à miel luy causent doux sommeil.</l>
                        <l>Et quand il dort, son grand <name>Dieu</name>, <name>Pan</name> vermeil,</l>
                        <l>Prend de luy garde avec mainte Nymphette:</l>
                        <l>Sylvan cornu, &amp; Faunus font la guette,</l>
                        <l>Quant à souhait il dort les membres nuds,</l>
                        <l>Qui sont plaisirs aux villes incongnus.</l>
                        <l>Heureux Pasteur, si se peult dire heureux</l>
                        <l>Homme, qui vive en ce val tenebreux.</l>
                        <l rend="positif">Or quant à moy, trescher amy <name>Antire</name>,</l>
                        <l>Pour te vouloir mon intention dire,</l>
                        <l>J&#x2019;ay desormais deliberé de vivre</l>
                        <l>En ce lieu cy sans plus les villes suyvre,</l>
                        <l>Ou je vivray paisible sans remord,</l>
                        <l>Qui face craindre, ou souhaiter la mort.</l>
                        <fw place="bot-right" type="catch">Et</fw>
                        <pb n="32" xml:id="B693836101_355925_0032"/>
                        <fw place="top-left" type="pageNum">32</fw>
                        <fw place="top-center" type="head">EGLOGUE</fw>
                        <l>Et quant à toy, ceste nuict dormiras</l>
                        <l>Avecques moy, &amp; demain t&#x2019;en iras.</l>
                        <l>Mais ce pendant que je r&#x2019;assembleray</l>
                        <l>Nostre bestail, &amp; que l&#x2019;enserreray,</l>
                        <l>Prens le bissac, &amp; la bouteille ensemble,</l>
                        <l>Et puis irons dormir, si bon te semble:</l>
                        <l>Car la nuict vient, qui desjà nous encombre.</l>
                        <l>Voy tout autour le <placeName>Daulphiné</placeName> à l&#x2019;umbre</l>
                        <l>Pour le Soleil, qui delà la riviere</l>
                        <l>S&#x2019;en va coucher oultre le <geogName>mont Forviere</geogName>.</l>
                    </lg>
                </sp>
                <trailer rend="center">
                    <lb/>FIN.
                    <lb/>
                    <lb/><heraldry rend="center">SOUFFRIR NON SOUFFRIR</heraldry>
                </trailer>
            </div>
        </body>
    </text>
</TEI>