<?xml version="1.0" encoding="UTF-8"?>
<!--<!DOCTYPE TEI SYSTEM "http://10.105.50.55:8080/xtf/dtd/renaissance.dtd">-->
<TEI xmlns="http://www.tei-c.org/ns/1.0" xml:lang="fra" xml:id="B751131015_Z1918_tei">
 <teiHeader>
  <fileDesc>
   <titleStmt>
    <title><hi rend="it">La Mouche</hi> et <hi rend="it">La Manière de parler et se taire</hi> traduits par Geoffroy Tory, Paris, 1533</title>
    <respStmt>
     <name xml:id="MLD">Marie-Luce Demonet</name>
     <resp>
      <date>2009</date>
      Responsable BVH CESR, relecture
     </resp>
    </respStmt>
    <respStmt>
    <persName resp="transcription">Cécile Pacor</persName>
    <resp>Transcription<date>2005</date></resp></respStmt>
    <respStmt>
     <name xml:id="ND">Nicole Dufournaud</name>
     <resp>
      <date>2007</date>
     encodage
    </resp>
   </respStmt>
   <respStmt>
    <name xml:id="VLR">Vanessa Le Rolle</name>
    <resp>
     <date>2009</date>
     Contrôle de l'encodage
    </resp>
   </respStmt>
    <respStmt>
     <name xml:id="JF">Jorge Fins</name>
     <resp>
      <date>2011</date>
      Révision de l'encodage
     </resp>
    </respStmt>
 </titleStmt>
   <editionStmt>
    <edition n="1" xml:base="http://www.bvh.univ-tours.fr:8080/xtf/view?docId=tei/B751131015_Z1918/B751131015_Z1918_tei.xml;query=;brand=default">
     <date type="mise_en_ligne" when="2010-07-20" n="1">20/07/2010</date>
      <!--<date type="mise_a_jour" when="2011-12-02" n="1">2 décembre 2011</date>-->
<!--      <date type="mise_a_jour" when="2012-07-24" n="1">24/07/2012</date>-->
      <!--<date type="mise_a_jour" when="2013-11-28" n="1">28/11/2013</date>-->
      <date type="mise_a_jour" when="2014-03-19" n="1">19/03/2014</date>
  </edition>
  <respStmt>
   <name xml:id="TU">Toshinori Uetani</name>
   <resp>Révision</resp>
  </respStmt>
 </editionStmt>
 <extent>
 45 Ko
 </extent>
   <publicationStmt>
  <authority>Université François-Rabelais</authority>
   <address>
    <addrLine>3 rue des Tanneurs</addrLine>
    <addrLine>37041 TOURS Cedex 1 France</addrLine>
   </address>
   <authority>Centre National de la Recherche Scientifique (CNRS)</authority>
   <address>
    <addrLine>3 rue Michel-Ange</addrLine>
    <addrLine>75794 Paris France</addrLine>
   </address>
   <authority xml:base="http://www.cesr.univ-tours.fr">Centre d'Etudes Supérieures de la
    Renaissance (CESR)</authority>
   <address>
    <addrLine>59 rue Néricault-Destouches</addrLine>
    <addrLine>BP 11328</addrLine>
    <addrLine>37013 Tours Cedex France</addrLine>
   </address>
   <availability>
     <p>Creative Commons Paternité–Pas d'Utilisation Commerciale–Pas de Modification 2.0 France.
      <date when="2010">2010</date>
    </p>
   </availability>
  </publicationStmt>
  <sourceDesc>
    <msDesc>
     <msIdentifier xml:id="Res_Z_2685">
     <country>France</country>
      <settlement>Paris</settlement>
      <repository key="B751131015">Bibliothèque nationale de France</repository>
      <idno type="cote">res-Z-2685</idno>
      <altIdentifier>
       <repository>Gallica</repository>
       <idno type="cote">NUMM-70518</idno>
      </altIdentifier>
     </msIdentifier>
      <msContents><p><biblStruct>
        <monogr>
          <author role="auteur"><persName key="pers1">Lucien de Samosate</persName></author>
          <author role="auteur_presume"><persName key="pers1"><surname>Maffei</surname><forename>Raffaele</forename></persName></author>
          <title type="titre_long">La mouche de Lucian. Et, La maniere de Parler &amp; de se
            Taire. La Mousche, est translatee de Grec et Latin en Langaige
            François. La maniere de parler &amp; se taire est translatee
            seullement de Latin en François. Le tout par Maistre Geofroy
            Tory de Bourges, ...</title>
          <title type="titre_court">La mouche</title>
          <editor role="traducteur"><persName key="pers1"><surname>Tory</surname><forename>Geoffroy</forename></persName></editor>
          <imprint>
            <pubPlace>Paris</pubPlace>
            <respStmt>
              <resp>imprimeur-libraire</resp>
            <persName key="pers12"><surname>Tory</surname><forename>Geoffroy</forename></persName></respStmt>
            <date>1533</date>
          </imprint>
        </monogr>
      </biblStruct></p></msContents>

      <physDesc>
        <objectDesc>
          <supportDesc>
            <collation>
              <p>[1] II-VIII f. (sig. a<hi rend="sup">8</hi>)</p>
              <dimensions>
                <dim type="format">8°</dim>
                <dim unit="ligne" rend="medium"/>
              </dimensions>
            </collation>
          </supportDesc>
        </objectDesc>
      </physDesc>
     <additional>
      <adminInfo>
       <recordHist>
        <source>
        </source>
       </recordHist>
      </adminInfo>
      <surrogates>
       <bibl>
        <ref target="http://gallica.bnf.fr/ark:/12148/bpt6k70518v.r"/>
        <relatedItem type="original">
         <ref target="#Res_Z_2685">Gallica</ref>
        </relatedItem>
       </bibl>
      </surrogates>
     </additional>
    </msDesc>
   </sourceDesc>
  </fileDesc>
  <encodingDesc>
   <charDecl>
    <glyph xml:id="mouche"/>
   </charDecl>
   <p>Les langues sont encodées selon la norme iso 639-3. Pour les dialectes qui n'ont pas encore de code iso, un code non standard est appliqué sur le modèle "oci-gascon".</p>
   <projectDesc>
    <p>BVH : programme Bibliothèques Virtuelles Humanistes</p>
   </projectDesc>
   <editorialDecl>
    <correction>
     <p><list type="gloss">
      <head>Liste des corrections</head>
      <label>1v, ligne 14 :</label> <item>"inven-sion"
       corrigé en "inven-tion"</item>
      <label>II, lignes 22-23 :</label> <item>doublon "de de"
       corrigé en "de"</item>
      <label>2v, ligne 31 :</label> <item>"laqnelle" corrigé en "laquelle"</item>
      <label>IIII, ligne 12 :</label><item>"poid" corrigé en "poind"</item>
      <label>4v, ligne 12 :</label> <item>"rerourne"
       corrigé en "retourne"</item>
      <label>4v, ligne 32 :</label> <item>"deça &amp; del-"
       corrigé en "deça &amp; dela"</item>
      <label>V, ligne 24 :</label> <item>"soubzriot" corrigé en "soubzrioit"</item>
      <label>VIII, pagination :</label> <item>"VIII" corrigé en "VII"</item>

      </list></p>
    </correction>
    <hyphenation>
     <p>La division des mots en fin de ligne respecte l'original. Les tirets de fin de ligne manquants sont marqués par des $.
     </p>
    </hyphenation>
   </editorialDecl>
   <classDecl xml:base="#BVH_classDecl.xml">
    <taxonomy corresp="#corpus-BVH"/>
    <taxonomy corresp="#fac-simile_BVH"/>
    <taxonomy corresp="#texte_tei"/>
    <taxonomy corresp="#tei"/>
    <taxonomy corresp="#version"/>
   </classDecl>
  </encodingDesc>
  <profileDesc>
   <textClass>
    <keywords scheme="BVH-matiere">
     <list>
      <item>Littérature</item>
     </list>
    </keywords>
     <catRef scheme="corpus-BVH" target="#epistemon"/>
     <catRef scheme="version" target="#dissimile #desabrege"/>
    <catRef scheme="version" target="#v2"/>
   </textClass>
   <langUsage>
    <language ident="frm">Français</language>
    <language ident="lat">Latin</language>
   </langUsage>
  </profileDesc>
  <revisionDesc>
   <change>
   <date>2007-11-26</date>
   <name>Nicole Dufournaud</name>
   	Création du fichier en TEI P5 pour encodage
   	</change>
   	<change>
   	<date>2008-06-9</date>
   	Contrôle du fichier
   	</change>
   	<change>
   	<date>2009-03-06</date>
   	</change>
   <change><date>2009-03-12</date><name>Vanessa Le Rolle</name>
   contrôle encodage
   </change>
   <change><date>2010-03-16</date><name>Laetitia Bontemps</name>
   reprise du contrôle encodage, harmonisation du teiHeader.</change>
   <change>
    <date type="publication" when="2010-07-20">20 juillet 2010</date>
    <name>Sébastien Busson</name>Mise en ligne
   </change>
   <change>
    <date type="révision" when="2011-05-07"> 11 juillet 2011</date>
    <name corresp="#JF">Jorge Fins</name>Révision de l'encodage pour affichage sur XTF 3
   </change>
  </revisionDesc>
 </teiHeader>
 <text xml:lang="frm" type="Traduction">
  <pb n="1" xml:id="B751131015_Z1918_0001"/>
  <fw place="top-right" type="pageNum"/>
  <front>
   <titlePage>
    <figure>
     <graphic url="B751131015_Z1918.jpg" xml:base="http://gallica.bnf.fr/ark:/12148/bpt6k70518v/f2.image"/>
    <figDesc>Courtesy of Gallica</figDesc>
    </figure>
    <docTitle>
     <titlePart rend="center">
     <lb/>LA MOUCHE DE <name>LUCIAN</name>.
     <lb/>Et,
     <lb/>La maniere de Parler / &amp; se Taire.
     </titlePart>
     <titlePart>
     <lb/>La Mousche, est translatee de Grec et Latin
     <lb/><space quantity="0.5" unit="cm"/>en Langaige François.
     <lb/>
      <lb/>La maniere de parler / &amp; se taire, est translatee
      <lb/><space quantity="0.5" unit="cm"/>seullement de Latin en François.
     </titlePart>
    </docTitle>
    <docImprint>
    <lb/>Le tout par Maistre <name>Geofroy Tory</name> de <placeName type="ville">Bour-
    <lb rend="hyphen"/>ges</placeName>, Imprimeur du Roy, Et libraire juré en
     <lb/><space quantity="0.5" unit="cm"/>L&#x2019;université de <placeName type="ville">Paris</placeName>.
     <lb/>
     <lb/><space quantity="0.5" unit="cm"/>On les vend A <placeName type="ville">Paris</placeName> devant L&#x2019;<placeName type="batiment">esglise de la
      <lb/><space quantity="0.5" unit="cm"/><name>Magdeleine</name></placeName> A L&#x2019;enseigne du <placeName type="enseigne">Pot Cassé</placeName>.
      </docImprint>
   </titlePage>


   <div type="preface" xml:id="n1">
  <pb n="2" xml:id="B751131015_Z1918_0002"/>
    <fw place="top-left" type="pageNum">[1v]</fw>
    <head rend="center">
     <lb/>Aux Lecteurs. <choice><abbr>S.</abbr><expan>Salut</expan></choice>
    </head>
    <p>
     <lb/><hi rend="larger">V</hi>Ous avez icy ung petit Oeuvre / ou est con
			<lb rend="hyphen"/>tenu / la Description / &amp; Nature de la Mous
			<lb rend="hyphen"/>che, Par lequel vous pouvez non seullement co-
     <lb rend="hyphen"/>gnoistre mainte bonne chose en la ditte Natu
			<lb rend="hyphen"/>re dicelle Mousche, Mais y verrez l&#x2019;excellent
     <lb/>esprit &amp; sçavoir de L&#x2019;autheur <persName>Lucian</persName>, qui come
     <lb/>ingenieux &amp; parfaict Orateur monstre a tous,
     <lb/>Que les Petites choses ne sont a despriser. Et
     <lb/>que l&#x2019;eficace de l&#x2019;art D&#x2019;oratorie est de pouvoir
     <lb/>faire ample description non seullement d&#x2019;une
     <lb/>grande chose, Mais aussi bien de une petite. Ce
     <lb/>dict Petit Oeuvre n&#x2019;est a despriser en son inven
			<lb rend="hyphen"/><choice><sic>sion</sic><corr>tion</corr></choice> / &amp; Style courant, emplus qu&#x2019;est le Poete
     <lb/><name>Persius</name> en ses Metres. Du quel L&#x2019;epigrammatai
			<lb rend="hyphen"/>re Poete <name>Martial</name> a dit.
     <lb/><quote>
      <foreign xml:lang="lat">Saepius in Libro memoratur Persius uno,
      <lb/><space quantity="0.2" unit="cm"/>Quam levis in tota Marsus Amazonide.</foreign>
     </quote>
    </p>
    <p>
     <lb/>L&#x2019;autre Petit Oeuvre y adjouxté, est Enseigne
			<lb rend="hyphen"/>ment bref pour se contenir de trop parler, &amp;
     <lb/>user souvent de Silence Ensuyvant le beau Dict
     <lb/>D&#x2019;<persName>hesiode</persName>, qui nous a laissé par escript. Que c&#x2019;est
     <lb/>le plus beau tresor qu&#x2019;on peut avoir, quant il dit.
     <lb/><quote>
      <foreign xml:lang="lat">Optimus est Homini linguae thesaurus. &amp; ingens
      <lb/>Gratia quae parcis mensurat singula verbis</foreign>.
     </quote>
    </p>
   </div>
  </front>



  <body>
   <div type="eloge" subtype="paradoxe" xml:id="n2">
    <pb n="3" xml:id="B751131015_Z1918_0003"/>
      <fw place="top-right" type="pageNum">II.</fw>
      <head rend="center">
       <lb/>La Mousche de <name>Lucian</name>. Translatee de Grec
     <lb/>&amp; Latin en Langaige François.</head>
      <p>
       <lb/><g ref=""/><hi rend="larger">C</hi>Ertes la Mousche n&#x2019;est le pluspetit
     <lb/>Animau de tous ceulx qui vollent. Si
     <lb/>on en veult faire comparaison aux pe-
     <lb rend="hyphen"/>tits Caquereaulx (Que aucuns ap-
     <lb rend="hyphen"/>pellent Mouscherons) &amp; aux autres Mousches
     <lb/>plusgrosses qu&#x2019;elle n&#x2019;est, Ce nonpourtant elle ex-
     <lb rend="hyphen"/>cede iceulx Caquereaulx en corpulence / d&#x2019;autant
     <lb/>qu&#x2019;ell&#x2019;est inferieure / &amp; moindre que les Mous-
     <lb rend="hyphen"/>ches a Myel, (Que aucuns disent &amp; nomment
     <lb/>Avettes) <g ref="#mouche"/> Elle volle en autre maniere que ne
     <lb/>vollent tous les autres Animaulx vollages. Des
     <lb/>quelz les aucuns ont le corps tout emplumé &amp;
     <lb/>les autres usent de leurs Aisles moult subtiles &amp;
     <lb/>legieres. Mais en la maniere des Sauterelles /
     <lb/>des Cigalles / &amp; des Avettes / elle a des Aisles
     <lb/>come de subtil &amp; tresdelicat parchemain vierge
     <lb/>qu&#x2019;on dit, Avorton. Et les a plus delicattes / que
     <lb/>toutes les autres Mousches, d&#x2019;autant, que le Taf
			<lb rend="hyphen"/>fetas indien est plus delié / &amp; plus mol, que n&#x2019;est
     <lb/>le drap vulgaire des Grecs. <g ref="#mouche"/> Elle reluyst <choice><sic>de de</sic><corr>de</corr></choice>
     <lb/>moult belle façon &amp; quasi comme les Paons
     <lb/>reluysent en leurs plumes verdoyantes / &amp; asu
			<lb rend="hyphen"/>rees. Mesmement si quelc&#x2019;un la consideroit / &amp; re-
     <lb rend="hyphen"/>guardoit attentivement &amp; diligemment au beau So
			<lb rend="hyphen"/>leil. Mais (Voirement) Elle ne volle continu-
     <lb rend="hyphen"/>ellement / ne d&#x2019;un mouvement ordinaire d&#x2019;aisles /
     <lb/>comme les Chauchessouryz vollent. Ne aussi en
     <lb/>saultant / comme les Saulterelles que (aucuns
     <lb/>appellent Locustes). Ne en sifflant come Guespes.
     <fw place="bot-center" type="sig">a ij</fw>
     <pb n="4" xml:id="B751131015_Z1918_0004"/>


     <fw place="top-left" type="pageNum">[2v]</fw>
     <fw place="top-center" type="head">LA MOUSCHE</fw>
       <lb/>Mais aptement &amp; decemment se transporte en tel
     <lb/>endroit &amp; partie de l&#x2019;air qu&#x2019;elle veult. Au fort,
     <lb/>il luy est propre / &amp; peculier de ne voller sans
     <lb/>aucun son. Mais ce est avec ung petit chant / qui
     <lb/>n&#x2019;est pas peu fade. &amp; est quasi tel / come est celluy
     <lb/>des Caquereaulx. <g ref="#mouche"/> Son chant n&#x2019;est bourdon-
     <lb rend="hyphen"/>nant comme est celluy des Mousches a Myel.
     <lb/>Il n&#x2019;est bruyant / &amp; a craindre / comme celluy des
     <lb/>Guespes. Mais est ung peu plus doulcet / &amp; reso
			<lb rend="hyphen"/>nant, tout ainsi comme les Flustes sont plus amy
			<lb rend="hyphen"/>ables en Armonie / que n&#x2019;est une Trompete / ou
     <lb/>Cloche. <g ref="#mouche"/> En tant qu&#x2019;il affiert a la bonne gra-
     <lb rend="hyphen"/>ce de son corps, Elle a, pour vray, sa petite teste
     <lb/>mobile / &amp; joincte a son col. en sorte / qu&#x2019;elle n&#x2019;est
     <lb/>incontinent / &amp; d&#x2019;un tenent annexee a son dict
     <lb/>corps. Comme il est veu es Saulterelles. <g ref="#mouche"/> Sa-
     <lb rend="hyphen"/>chez qu&#x2019;elle a ses yeulx ung peu eminens, durets
     <lb/>&amp; comme de corne. / Son Estomac est traitif /
     <lb/>&amp; bien faict. <g ref="#mouche"/> Ses pieds / sont longuets / &amp; non
     <lb/>substraictz comme sont ceulx des Guespes. <g ref="#mouche"/> Son
     <lb/>ventre aussi n&#x2019;est gueres different de son Esto-
     <lb rend="hyphen"/>mac, &amp; est lié de petites ceinturettes / &amp; tout
     <lb/>couvert de subtiles esquailles, les unes aux au-
     <lb rend="hyphen"/>tres singulierement bien alliees. <g ref="#mouche"/> Elle ne poind
     <lb/>d&#x2019;esguillon par sa queue / ne ne se venge a la ma
			<lb rend="hyphen"/>niere des Guespes / mais de sa bouche / &amp; de son
     <lb/>petit groing. Du quel en la maniere des Ele/
			<lb rend="hyphen"/>phans elle prent sa viande / &amp; se repaist. Et en se re-
     <lb rend="hyphen"/>paissant / &amp; mengeant / elle tient son past de ses
     <lb/>deux pieds de devant, Comme une Seiche faict
     <lb/>de ses plusieurs bras. <g ref="#mouche"/> Du Mylieu de son dict
     <lb/>Groing / elle a une dent / de <choice><sic>laqnelle</sic><corr>laquelle</corr></choice> elle poind
     <pb n="5" xml:id="B751131015_Z1918_0005"/>


     <fw place="top-center" type="head">DE LUCIAN.</fw>
     <fw place="top-right" type="pageNum">III.</fw>
      <lb/>jusques au sang, &amp; de icelluy sang elle boyt come
     <lb/>de Laict, Pour vray, le Sang luy est doulx bre-
     <lb rend="hyphen"/>vaige sur toutes autres Liqueurs. Elle tire icel
			<lb rend="hyphen"/>luy Sang sans grande douleur de ceulx qu&#x2019;elle
     <lb/>poind. <g ref="#mouche"/> Je soubzhaitte que la veissiez quant
     <lb/>ell&#x2019;est assise sur ses quatre pieds / &amp; qu&#x2019;elle men-
     <lb rend="hyphen"/>geust quelque sienne viande, commant de ses
     <lb/>deux autres piedz (que j&#x2019;ay dit de devant) en lieu
     <lb/>de mains / elle manye sa dicte viande en la ma-
     <lb rend="hyphen"/>niere que font les Hommes. <g ref="#mouche"/> Pour vous icy di-
     <lb rend="hyphen"/>re la verité. Quant elle n&#x2019;aist / elle ne apparoist
     <lb/>tout incontinent telle. Mais premierement de
     <lb/>Charoingne D&#x2019;homme / ou de Femme / ou de Be-
     <lb rend="hyphen"/>ste brute se concroist comme ung ver, &amp; peu a peu
     <lb/>apres / elle prent forme de pieds / &amp; D&#x2019;aisles, tel
			<lb rend="hyphen"/>lement que de ver / elle devient Animau vollant,
     <lb/><g ref="#mouche"/> Elle devient par temps enseinte &amp; groisse de
     <lb/>fruict vital / en sorte qu&#x2019;elle produict de son corps
     <lb/>ung petit ver / qui est en sa naissance trespetit /
     <lb/>mais il devient incontinent grosset, &amp; se transfor-
     <lb rend="hyphen"/>me en Mousche. <g ref="#mouche"/> La Mousche vit avec nous.
     <lb/>Elle use de nostre mesme viande / &amp; Table, Elle
     <lb/>taste / &amp; mengeust de tout. Excepté de l&#x2019;huylle.
     <lb/>(Car l&#x2019;huylle luy est contraire jusque a la Mort).
     <lb/><g ref="#mouche"/> Touchant ce qu&#x2019;ell&#x2019;est de fragile &amp; breve vie,
     <lb/>(Car sa dicte vie luy est prescripte bien courte)
     <lb/>Si toutesfois sur touteschoses / elle s&#x2019;esjouist
     <lb/>d&#x2019;estre en la clarté du beau jour, &amp; en icelle clar
			<lb rend="hyphen"/>té se exerce / &amp; vit. Au temps de la nuyt elle se
     <lb/>repose, &amp; mussee se abstient de voller / &amp; de chan
			<lb rend="hyphen"/>ter. <g ref="#mouche"/> Je veulx icy dire sa merveilleuse pruden-
     <lb rend="hyphen"/>ce / qui est, Qu&#x2019;elle escheue / &amp; fuit son insidia-
     <fw place="bot-center" type="sig">a iii</fw>
     <pb n="6" xml:id="B751131015_Z1918_0006"/>


     <fw place="top-left" type="pageNum">[3v]</fw>
     <fw place="top-center" type="head">LA MOUSCHE</fw>
        <lb rend="hyphen"/>teur / &amp; naturel Ennemy L&#x2019;areigne. Car elle le
     <lb/>considere en ses espies, &amp; de l&#x2019;opposite se donne
     <lb/>garde qu&#x2019;elle ne soit prise &amp;, envelopee dedans
     <lb/>les Retz &amp; Filoppes d&#x2019;icelluy qui tousjours l&#x2019;es
			<lb rend="hyphen"/>chauguete. <g ref="#mouche"/> Qu&#x2019;est il besoing (voirement) de re
			<lb rend="hyphen"/>citer icy sa fortitude, &amp; vigueur d&#x2019;esperit, qui ne
     <lb/>le vouldroit croyre? quant le treseloquent de tous
     <lb/>les Anciens Poetes Grecs <name>Homere</name>, voulant lou
			<lb rend="hyphen"/>er, exalter, &amp; dire ung grant Prince, &amp; demy
     <lb/>Dieu estre plain de toute Magnanimité, &amp;
     <lb/>Strenuité, ne le comparoit n&#x2019;y a la force d&#x2019;un
     <lb/>Lion, ny d&#x2019;un Leopard, ne d&#x2019;un Sangler. Mais
     <lb/>a l&#x2019;audace, au grant courage, &amp; a l&#x2019;aleigre har-
     <lb rend="hyphen"/>diesse d&#x2019;une Mousche? Certes icelluy noble Poe
			<lb rend="hyphen"/>te <name>Homere</name> n&#x2019;a point attribué Temerité a la
     <lb/>Mousche, Mais une tresadvisee &amp; provide Au
			<lb rend="hyphen"/>dace. Car il dit, que quant elle se voit enclose, elle
     <lb/>ne s&#x2019;efforce tant a pouvoir eschaper qu&#x2019;elle s&#x2019;e-
     <lb rend="hyphen"/>vertue a mordre. <g ref="#mouche"/> Veritablement il loue, &amp; re
			<lb rend="hyphen"/>commande tant la Mousche / qu&#x2019;il en faict sou-
     <lb rend="hyphen"/>vent mension, &amp; en escript tresamplement en
     <lb/>grande multitude de beaulx Metres. Et par ce,
     <lb/>Les vers Poetiques sont doncques bien souvent
     <lb/>exornez de la commemoration de Ma Dame la
     <lb/>Mousche. <g ref="#mouche"/> Il en parle tellement que mainte-
     <lb rend="hyphen"/>nant il dit &amp; explique commant avec tout son
     <lb/>Trouppeau elle s&#x2019;envolle boyre du Laict. Et
     <lb/>comme aussi tantost il dit. Que <name>Minerve</name> detour
			<lb rend="hyphen"/>noit les coups, &amp; traicts d&#x2019;armes qu&#x2019;ilz ne pene-
       <lb rend="hyphen"/>trassent es Entrailles de son Bien amé <name>Mene-
     <lb rend="hyphen"/>laus</name>, l&#x2019;accomparant a une Nourrice qui studi-
     <lb rend="hyphen"/>eusement (&amp; comme la Mousche va &amp; vient di-
     <pb n="7" xml:id="B751131015_Z1918_0007"/>


     <fw place="top-center" type="head">DE LUCIAN.</fw>
     <fw place="top-right" type="pageNum">IIII.</fw>
        <lb rend="hyphen"/>ligentement ça &amp; la) garde, &amp; deffend son pe-
     <lb rend="hyphen"/>tit Enfant. <g ref="#mouche"/> Le dict <name>Homere</name> a moult exorné
     <lb/>les Mousches, quant il les a dictes par bel
     <lb/>Epithete grec, Adinas. C&#x2019;est a dire intrepides,
     <lb/>&amp; vollans en trouppe. Et que leurs Bendes
     <lb/>aussi / Il les nomme, Amast de Animaulx discrets
     <lb/>&amp; de semblable generation. <g ref="#mouche"/> La Fortitude
     <lb/>de la Mousche est telle. Que de sa morseure, elle
     <lb/>ne blece le Cuyr de L&#x2019;homme seullement, Mais
     <lb/>aussi bien celluy du Beuf, &amp; du Cheval. Et si elle
     <lb/>n&#x2019;est pas ung peu moleste a L&#x2019;elephant, quant
     <lb/>elle le <choice><sic>poid</sic><corr>poind</corr></choice> entre ses Riddes, &amp; qu&#x2019;elle luy per-
     <lb rend="hyphen"/>ce la peau qui est toute entregaufree d&#x2019;iceulx Rid
			<lb rend="hyphen"/>des. Et aussi selon la Raison de la grandeur de
     <lb/>son Corps, qu&#x2019;elle luy esguillonne jusques au
     <lb/>Sang son grand &amp; admirable Groing, que les
     <lb/>Escumeurs de Grec &amp; Latin appellent, Probo
			<lb rend="hyphen"/>scide. <g ref="#mouche"/> Au regard de la maniere de sa Combi-
     <lb rend="hyphen"/>nation venerienne / &amp; maritale, elle y a une
     <lb/>merveilleusement grande liberté. Car le Masle
     <lb/>incontinent qu&#x2019;il est monté dessus sa Femel-
     <lb rend="hyphen"/>le, ne s&#x2019;en descend pas si tost / que le Cocq de
     <lb/>dessus sa Poulle, mais il est quelque temps cer-
     <lb rend="hyphen"/>tain porté de sa dicte Femelle. Et qui encores
     <lb/>plus est. Les Mousches ne se combinent seulle-
     <lb rend="hyphen"/>ment a ferme, mais aussi bien en vollant / &amp;
     <lb/>disperses en l&#x2019;air. <g ref="#mouche"/> Notez en oultre que quant
     <lb/>la Mousche a la Teste ostee / son corps spire, &amp;
     <lb/>vit encores quelque espace de temps. <g ref="#mouche"/> Mais
     <lb/>en ce qui est la plus admirable chose de la Na
			<lb rend="hyphen"/>ture des Mousches, tout a ceste heure je le
     <fw place="bot-center" type="sig">A iiii</fw>
     <pb n="8" xml:id="B751131015_Z1918_0008"/>



     <fw place="top-left" type="pageNum">[4v]</fw>
     <fw place="top-center" type="head">LA MOUSCHE.</fw>
     <lb/>vous voys dire. Et en ce (voirement) <name>Platon</name>
     <lb/>le Divin philosophe au livre ouquel il a traicté
     <lb/>de L&#x2019;immortalité de L&#x2019;ame. Me semble avoir
     <lb/>assez froiddement advisé, &amp; oultre passé. Car
     <lb/>quant la Mousche est morte / si on L&#x2019;asperge / &amp;
     <lb/>coeuvre de Cendres / elle reprent esperit, &amp; en
     <lb/>elle se faict Je ne sçay quelle regeneration / &amp; in-
     <lb rend="hyphen"/>stauration d&#x2019;une autre vie. Tellement que aucun
     <lb/>ne doibt a ceste heure faire doubte. Que L&#x2019;ame
     <lb/>ne soit es Mousches Immortelle. Car s&#x2019;il advient
     <lb/>que son Ame (qui est par cy devant Issue de son
       <lb/>Corps) s&#x2019;en <choice><sic>rerourne</sic><corr>retourne</corr></choice>, elle recongnoist son dict
     <lb/>Corps, &amp; le suscite en maniere qu&#x2019;elle devient en
			<lb rend="hyphen"/>cores Mousche / &amp; s&#x2019;en volle. <g ref="#mouche"/> Elle faict de faict
     <lb/>que ce qu&#x2019;on fable (&amp; semble estre hors de Rai-
     <lb rend="hyphen"/>son) &amp; qui est escript du
     Philosophe nommé <name>Her-
	 <lb rend="hyphen"/>motime</name> / est vray semblable. C&#x2019;est a savoir. Que
     <lb/>son Ame par certaines fois en aucun temps sor-
     <lb rend="hyphen"/>toit de son Corps / &amp; s&#x2019;en alloit vagabunde, puis
     <lb/>s&#x2019;en retournoit, &amp; le corps qu&#x2019;elle avoit laissé
       <lb/>vuyde, elle le restauroit, &amp; faisoit que icelluy <name>He-
     <lb rend="hyphen"/>motime</name> ressuscitoit. <g ref="#mouche"/> Elle ne sçait aucun arti-
     <lb rend="hyphen"/>fice de maniere de vivre. Mais si toutesfois elle
     <lb/>vit du labeur d&#x2019;autruy. Car de tous costez elle a
     <lb/>sa Table garnie / &amp; preste. Et le Laict des Chie-
     <lb rend="hyphen"/>vres est pour elle tiré. Et croyez davantage, que
     <lb/>les Mousches a Myel ne font seullement leur
     <lb/>Myel pour les Hommes, mais aussi bien pour les
     <lb/>Mousches. <g ref="#mouche"/> Pour la Mousche, les Cuysiniers
     <lb/>font maintes bonnes / &amp; savoureuses Fricassees
     <lb/>&amp; si en taste premierement que iceulx, ne que les
     <lb/>Roys. Tellement que elle vollant deça &amp; <choice><sic>del-</sic><corr>dela</corr></choice>
     <pb n="9" xml:id="B751131015_Z1918_0009"/>


     <fw place="top-center" type="head">DE LUCIAN.</fw>
     <fw place="top-right" type="pageNum">V.</fw>
     <lb/>au tour des Tables Royalles / &amp; autres, se assiet
     <lb/>dessus, &amp; en mengeust la premiere, &amp; de tout ce
     <lb/>qui y est, en prent a son bon plaisir. Elle n&#x2019;esta-
     <lb rend="hyphen"/>blist / ne constitue / ne arreste pareillement son
     <lb/>Nid &amp; logeis en ung certain lieu, Mais en vol-
     <lb rend="hyphen"/>lant deça &amp; dela tout par tout, en environnant
     <lb/>maints, &amp; plusieurs endroicts, en la maniere des
     <lb/>Scythiens, ou elle se treuve, elle faict / &amp; prent
     <lb/>son logeis, &amp; en icelluy se repose. <g ref="#mouche"/> En tenebres
     <lb/>(comme j&#x2019;ay dit) la Mousche ne faict rien. Ne
     <lb/>jamais elle ne se musse pour quelque ouvrage
     <lb/>qu&#x2019;elle vueille fare. Jour de sa vie ne faict occul
			<lb rend="hyphen"/>tement chose deshonneste, ne qui aucunement
     <lb/>luy peust en plain jour estre a deshonneur, ou
     <lb/>contumelie. <g ref="#mouche"/> On fable que jadis on temps passé
     <lb/>des quasi premiers Anciens, Il y eut une moult
     <lb/>belle Femme, facunde, &amp; moult bien chantant qui fut
     <lb/>faicte / &amp; convertie en Mousche, &amp; qu&#x2019;elle ayma
     <lb/>ung certain jeune philosophe Astrologue nom-
     <lb rend="hyphen"/>mé <name>Endymion</name>, tellement qu&#x2019;elle estoit Envy-
     <lb rend="hyphen"/>euse &amp; Subretice D&#x2019;amy, de la Dame la Lune.
     <lb/>Si bien que une fois qu&#x2019;elle estant aupres du-
       <lb rend="hyphen"/>dict Adolescent <name>Endymion</name> qui dormoit, elle
     <lb/>se <choice><sic>soubzriot</sic><corr>soubzrioit</corr></choice> de luy, chantant / &amp; le fachant tant,
     <lb/>qu&#x2019;elle l&#x2019;esveilla de son profund sommeil, En
     <lb/>maniere / que le pouvret s&#x2019;en courrouça, &amp; tout
     <lb/>despité la debouta, parquoy ma Dame la Lu-
     <lb rend="hyphen"/>ne voyant son bel Amy ainsi fasché, s&#x2019;en ven-
     <lb rend="hyphen"/>gea si amairement / que en Mousche la transmua.
     <lb/>Dont en memoire de ce / la Mousche depuis ce
     <lb/>temps la / empesche le Sommeil aux dormans. &amp;
     <lb/>principallement aux jouvenceaulx, &amp; petits
     <pb n="10" xml:id="B751131015_Z1918_0010"/>


     <fw place="top-left" type="pageNum">[5v]</fw>
     <fw place="top-center" type="head">LA MOUSCHE</fw>
     <lb/>Enfans / se souvenant tousjours de son bel / &amp; jeu-
     <lb rend="hyphen"/>ne Amoureux <name>Endymion</name>. <g ref="#mouche"/> Sa Morseure / ne
     <lb/>le desir qu&#x2019;ell&#x2019;a de boyre du Sang / ne luy proce-
     <lb rend="hyphen"/>de aucunement de Cruaulté ne de Hayne. Mais
     <lb/>d&#x2019;amour quelle a a nostre Humanité. Car (pour
     <lb/>certain) elle prent plaisir a Beaulté, &amp; Use d&#x2019;icel
			<lb rend="hyphen"/>le tant qu&#x2019;elle peut. <g ref="#mouche"/> En ces Vieulx temps cy
     <lb/>dessus mensionnez. Il fut Une aultre certaine
     <lb/>Femme de ce mesme Nom, &amp; qui estoit appellee
     <lb/>Mousche, qui fut moult Studieuse de l&#x2019;Art poe
			<lb rend="hyphen"/>tique, belle a merveilles, &amp; sage
     a l&#x2019;advenant.
      </p>
      <p>
       <lb/><g ref="#mouche"/> Il fut en oultre / Une autre Mousche en la Ci
			<lb rend="hyphen"/>té D&#x2019;<placeName type="ville">athenes</placeName> grandement excelente / &amp; Noble
     <lb/>Cortisane, C&#x2019;est a dire. Dame de plaisir amou-
     <lb rend="hyphen"/>reux pour argent. De laquelle le Poete
     Grec <name>Co-
      <lb rend="hyphen"/>mic</name> a ainsi escript. La Mousche l&#x2019;a mordu jusques
     <lb/>au pres du Cueur. Et oultre ce / toute la Come-
     <lb rend="hyphen"/>die fut Intitulee / &amp; nommee, La Mousche si bien
     <lb/>qu&#x2019;elle fut receue pour Vraye Comedie, &amp; reci-
     <lb rend="hyphen"/>tee en pleine Scene / &amp; Theatre. <g ref="#mouche"/> Voycy en-
     <lb rend="hyphen"/>cores en oultre belle chose a savoir. C&#x2019;est que les
     <lb/>Anciens Peres au temps passé, n&#x2019;avoyent hon
			<lb rend="hyphen"/>te d&#x2019;appeller / &amp; nommer leurs propres Filles /
     <lb/>Mousches. Et pource, Il est escript en une cer-
       <lb rend="hyphen"/>taine Tragedie / ou est faict mension d&#x2019;une qui Mous
			<lb rend="hyphen"/>che estoit nommee. Qu&#x2019;il estoit aussi grief / &amp; nuy-
     <lb rend="hyphen"/>sant d&#x2019;estre surpris / &amp; attaint de l&#x2019;amour d&#x2019;icelle
     <lb/>Mousche, que d&#x2019;estre blecé de la Lance de son
     <lb/>Ennemy. <g ref="#mouche"/> Je pourrois en oultre dire beaucop
     <lb/>de belles / &amp; bonnes choses de la Mousche, &amp; mes
			<lb rend="hyphen"/>mement de celle de <name>Pytagoras</name>, si ce n&#x2019;estoit qu&#x2019;el
			<lb rend="hyphen"/>le est congneue / &amp; manifeste a tous en general.
     <pb n="11" xml:id="B751131015_Z1918_0011"/>


     <fw place="top-center" type="head">DE LUCIAN.</fw>
     <fw place="top-right" type="pageNum">VI.</fw>
     <lb/><g ref="#mouche"/> Je dys toutesfois qu&#x2019;il y a des Mousches si bel
			<lb rend="hyphen"/>les / &amp; grandes, qu&#x2019;on les appelle / &amp; nomme Mi
			<lb rend="hyphen"/>litaires. C&#x2019;est a dire, Guerroyantes. Comme sont
     <lb/>celles que nous appellons Vulgairement Fre-
     <lb rend="hyphen"/>lons. <g ref="#mouche"/> Autres en ya qui sont Chienieres, &amp; icel
			<lb rend="hyphen"/>les sont merveilleuses en leur bruyt, en leur vol
			<lb rend="hyphen"/>ler. &amp; en leur Vivacité. <g ref="#mouche"/> Je ne Veulx icy ou-
     <lb rend="hyphen"/>blier a dire. Que les Mousches estant occultees
     <lb/>en leurs petits toitz / passent tout l&#x2019;hyver sans
     <lb/>boyre ne menger aucunement. Desquelles ce-
     <lb rend="hyphen"/>cy est encores admirable, Que les Masles devien
			<lb rend="hyphen"/>nent Femelles, &amp; Icelles /
     Masles. Comme on fa-
       <lb rend="hyphen"/>ble, Que fut Jadis le Filz de
       <name>Mercure</name> / &amp; de <name>Ve-
	<lb rend="hyphen"/>nus</name>, nommé <name>Hermaphrodite</name>, qui fut de double
     <lb/>Nature, de double Sexe, &amp; de double Forme.
      </p>
    <p>
       <lb/>Au surplus, Jaçoit qu&#x2019;il y aye beaucoup d&#x2019;au-
     <lb rend="hyphen"/>tres belles / &amp; merveilleuses choses / qui pourroient
     <lb/>a present en ce propos estre bien dittes, si tou-
     <lb rend="hyphen"/>tesfois Je y mettray fin, qu&#x2019;il n&#x2019;adviegne par avan-
     <lb rend="hyphen"/>ture, que quelc&#x2019;un ne cuyde (comme il est dit en
     <lb/>Prouverbe) Que je vueille faire d&#x2019;une Mousche
     <lb/>ung Elephant.
    </p>
    <lb/>
     <trailer rend="center">LA FIN.</trailer>
     </div>


     <div type="traite" xml:id="n3">
     <pb n="12" xml:id="B751131015_Z1918_0012"/>
     <fw place="top-left" type="pageNum">[6v]</fw>
     <fw place="top-center" type="head">PARLER ET</fw>
      <head rend="alinea">
     <lb/>Maniere de Parler / &amp; se Taire. Transla-
     <lb rend="hyphen"/>tee de Latin, en Langaige François. Et
     <lb/>extraicte du .xxviii. Livre de la Philolo-
       <lb rend="hyphen"/>gie de <name>Volaterran</name>.
    </head>
      <p>
     <lb/><g ref=""/><name><hi rend="larger">S</hi>Ocrates</name> (comme tesmoigne L&#x2019;autheur
     <lb/>Ancien nommé <name>Stobeus</name>) mettoit deux
     <lb/>temps opportuns a bien parler. L&#x2019;ung
     <lb/>pour les choses desquelles il est neces
			<lb rend="hyphen"/>saire. Et l&#x2019;aultre pour celle en quoy il se fault tai
			<lb rend="hyphen"/>re. Et a ceste cause / jamais il ne voulut faire n&#x2019;es
			<lb rend="hyphen"/>crire livre ne lettre, disant. Que ses escripts ne
     <lb/>vauldroient le papier qui y seroit gasté. <g ref="#mouche"/> <name>Marc
      <lb/>Antoine</name> Orateur (comme dit <name>Cicero</name>) n&#x2019;escriveit
     <lb/>oncq Oraison qu&#x2019;il feist. Afin qu&#x2019;il peust clere-
     <lb rend="hyphen"/>ment nyer s&#x2019;il eust erré en sesdictes Oraisons.
    </p>
      <p>
     <lb/><g ref="#mouche"/> <name>Pythagoras</name> nous enseigne. Que / en nous / doibt
     <lb/>estre opportune Taciturnité, ou que debvons
     <lb/>parler de chose utile. Aussi il commandoit a ses
     <lb/>Disciples qu&#x2019;ilz se abstinsent de parler Cinq Ans.
     <lb/><g ref="#mouche"/> <name>Solon</name> fut ung jour interrogué par <name>Periander</name>
     <lb/>Pourquoy en estant en Banquet / il ne parloit.
     <lb/>Et si c&#x2019;estoit qu&#x2019;il eust faulte de langaige, ou qu&#x2019;il
     <lb/>fust fol? Au quel il respondit. Qu&#x2019;il n&#x2019;est homme
     <lb/>fol / qui se peust contenir de parler en ung Ban-
     <lb rend="hyphen"/>quet. Certes (dist il) noz parolles doibvent estre
     <lb/>emmurees de Silence, &amp; Silence D&#x2019;opportunité
     <lb/>de temps. <g ref="#mouche"/> Le Philosophe <name>Epictete</name> com-
     <lb rend="hyphen"/>mandoit en son temps, qu&#x2019;on se deportast de par-
     <lb rend="hyphen"/>ler de plusieurs choses, ou parler des plus neces
     <lb/>saires, &amp; bien peu d&#x2019;icelles. <g ref="#mouche"/> <name>Zeno</name> feit ung
     <lb/>jour ung Banquet aux Ambassadeurs du Roy
       <pb n="13" xml:id="B751131015_Z1918_0013"/>


     <fw place="top-center" type="head">TAIRE.</fw>
     <fw place="top-right" type="pageNum">VIII.</fw>
     <lb/><name>Antigone</name> qui estoient venuz en <placeName type="ville">Athenes</placeName>, durant
     <lb/>lequel Banquet / en parlant &amp; devisant de diver-
     <lb rend="hyphen"/>se doctrine / &amp; autres choses, ilz faisoient gran-
     <lb rend="hyphen"/>de ostentation de leur savoir. Et luy seul a part
     <lb/>soy les escoutoit sans prouferer aucun mot, tel
			<lb rend="hyphen"/>lement que eulx le voyant ainsi quoy. Luy vont
     <lb/>dire. Que s&#x2019;il avoit quelque afaire envers leur
     <lb/>Roy qu&#x2019;ilz luy feroient service de tresbon cueur si
     <lb/>leur vouloit faire response? Il leur dist. Je soubz-
     <lb rend="hyphen"/>haicte de luy ce que vous voyez. C&#x2019;est a dire qu&#x2019;il
     <lb/>est tresdificile entre toutes choses pouvoir con
			<lb rend="hyphen"/>tenir sa parolle. <g ref="#mouche"/> A ung certain Philosophe
     <lb/>qui contendoit / &amp; disputoit assez demesurement
     <lb/>dist <name>Diogenes</name>. Meschant homme (que tu es) tu
     <lb/>corromps icy en Philosophant ce qui est tresbon
     <lb/>en ung Philosophe. <g ref="#mouche"/> Les Egyptiens jadis ce-
     <lb rend="hyphen"/>lebroient &amp; avoient en grande reverence ung
     <lb/>leur certain Dieu qu&#x2019;ilz nommoient <name>Harpocra
			<lb rend="hyphen"/>tes</name>, &amp; icelluy estoit le Dieu des Muetz. <g ref="#mouche"/> Pa-
     <lb rend="hyphen"/>reillement les Romains avoient aussi une Dees-
     <lb rend="hyphen"/>se nommee <name>Angerone</name>, qu&#x2019;ilz avoient effigiee en
     <lb/>sorte qu&#x2019;elle avoit le doit lié &amp; joinct a sa bou-
     <lb rend="hyphen"/>che. Et icelle Deesse estoit celebree / &amp; adoree
     <lb/>sus L&#x2019;are / &amp; Autel de la Deesse voulupté. Signi
			<lb rend="hyphen"/>fiant que Silence en fin aporte grande voulupté
     <lb/>a ceulx qui de parler se savent bien contenir.
    </p>
      <p>
     <lb/><g ref="#mouche"/> <name>Aristote</name> fut ung jour interrogué. Quelle cho
			<lb rend="hyphen"/>se estoit / entre autres / tres difficile? &amp; il respon-
     <lb rend="hyphen"/>dit que c&#x2019;estoit se contenir de parler &amp; dire ce qu&#x2019;on
     <lb/>ne doibt aucunement dire. <g ref="#mouche"/> Nicostrate disoit que
     <lb/>le vray signe de Folie estoit dire legierement &amp;
     <lb/>incontinent beaucop de choses. Et qu&#x2019;il estoit
       <pb n="14" xml:id="B751131015_Z1918_0014"/>


     <fw place="top-left" type="pageNum">[7v]</fw>
     <fw place="top-center" type="head">MANIERE DE PARLER</fw>
     <lb/>necessaire accommoder sa parolle a la nature
     <lb/>de L&#x2019;oreille de L&#x2019;auditeur. <g ref="#mouche"/> <name>Zeno</name> disoit Que
     <lb/>Dieu nous a baillé Deux oreilles / &amp; une Lan-
     <lb rend="hyphen"/>gue, afin que oyons Deux fois / &amp; beaucop plus
     <lb/>que ne parlions. <g ref="#mouche"/> Semblable chose (quasi) nous
     <lb/>a dict <name>Sainct Jaques</name> en ses Epistres, quant il es-
     <lb rend="hyphen"/>cript, Que tout Homme doibt estre legier a ouyr
     <lb/>parler &amp; tard a prouferer. <g ref="#mouche"/> <name>Menander</name> estoit d&#x2019;o
			<lb rend="hyphen"/>pinion, Qu&#x2019;il n&#x2019;est chose tant Utile / que Silence.
     <lb/><g ref="#mouche"/> <name>Sophocles</name> avoit souvent en propos. Que Si
			<lb rend="hyphen"/>lence contenoit en soy moult de belles &amp; bon-
     <lb rend="hyphen"/>nes choses. <g ref="#mouche"/> <name>Athenodore</name> a laissé par escript.
     <lb/>Que le loyer de Silence est sans peril. <g ref="#mouche"/> <name>Plutar
			<lb rend="hyphen"/>che</name> tesmoigne par ses Escripts. Que Silence n&#x2019;est
     <lb/>aucunement subject a rendre compte de son estat
     <lb/>Icelluy mesme <name>Plutarche</name> disoit en oultre, Que
     <lb/>c&#x2019;estoit tresgrande partie de Vertus, d&#x2019;avoir Lan
			<lb rend="hyphen"/>gue qui optemperast a Raison. <g ref="#mouche"/> <name>Apollonius</name>
     <lb/>disoit, Que longue parolle peche en maintes
     <lb/>manieres, &amp; que Silence est chose tresseure. Il
     <lb/>estoit encores d&#x2019;advis. Que ceulx qui parloient
     <lb/>peu / estoient bons sur tous autres Hommes. Et
     <lb/>que tous les Langars ne seroient jamais grans
     <lb/>Langaigiers, S&#x2019;ilz enduroient autant de mole-
     <lb rend="hyphen"/>stie qu&#x2019;ilz en font a ceulx qui les oyent parler.
     <lb/><g ref="#mouche"/> <name>Platon</name> dist ung jour a <name>Antisthene</name> (qui en
     <lb/>disputant estoit en ses parolles trop long &amp; pro
			<lb rend="hyphen"/>lixe) Ignore tu que celluy qui escoute parler /
     <lb/>ne doibve aussi bien mesurer les parolles, que
     <lb/>celluy qui les proufere? <g ref="#mouche"/>
     <name>Euripide</name> estoit d&#x2019;opi-
     <lb rend="hyphen"/>nion. Que Meschanceté &amp; Infortune sont la
     <lb/>fin d&#x2019;une Langue sans frain. Il disoit en oul-
       <pb n="15" xml:id="B751131015_Z1918_0015"/>


     <fw place="top-center" type="head">ET TAIRE.</fw>
       <fw place="top-right" type="pageNum"><choice><sic>VIII.</sic><corr>VII.</corr></choice></fw>
        <lb rend="hyphen"/>tre, Qu&#x2019;il n&#x2019;y avoit aucune fiance en la Langue
     <lb/>par la quelle on peut dire beaucop d&#x2019;honnestes
     <lb/>choses aux Hommes, &amp; ce non pourtant elle pos
			<lb rend="hyphen"/>sede Innumerables maulx. <g ref="#mouche"/>
     <name>Hesiode</name> nous a
     <lb/>laissé par escript, Que le refrain de la Langue /
     <lb/>est ung tresbon tresor. <g ref="#mouche"/> <name>Homere</name> disoit jadis.
     <lb/>Que la Langue est si Vollage que en peu d&#x2019;heu-
     <lb rend="hyphen"/>re elle disperse parolles Innumerables. <g ref="#mouche"/> Et la
     <lb/>Loy de parler est coupieuse, tant en bien qu&#x2019;en
     <lb/>mal, Et que L&#x2019;homme peut ouyr de soy / telles pa
			<lb rend="hyphen"/>rolles qu&#x2019;il aura contre ung autre prouferees.
    </p>
      <p>
     <lb/><g ref="#mouche"/> <name>Platon</name> nous recite. Que ainsi que la Cité D&#x2019;<placeName type="ville">a
      <lb/>thenes</placeName> (selon que Jugeoient tous les Grecs)
     <lb/>estoit pleine de diverse Doctrine, Ainsi aussi
     <lb/>estoit elle pleine de grande Infinité de parolle
     <lb/>Mais la Cité de <placeName type="ville">Lacedemone</placeName> estoit breve en
     <lb/>son Langaige, &amp; pleine de bonnes Loix. <g ref="#mouche"/> Le
     <lb/>Langaige des Lacedemoniens estoit si bref, qu&#x2019;il
     <lb/>Vint en Prouverbe. Que Laconiser / signifioit.
     <lb/>Bref parler. Au Roy <name>Philippe de Macedone</name> de
			<lb rend="hyphen"/>mandant aux dicts Lacedemoniens. S&#x2019;ilz le vou
			<lb rend="hyphen"/>loient recevoir en leur Cité pour leur Seigneur,
     <lb/>Luy envoyerent en grosse lettre pour response
     <lb/>ce seul mot. NON. De cecy <name>Plutarche</name> nous est
     <lb/>excellent Autheur en ung sien Livre qu&#x2019;il a In
			<lb rend="hyphen"/>titulé. Le Traicté de Janglerie / &amp; Garrulité.
     <lb/>Auquel Livre il a aussi mis par escript Trois ma-
     <lb rend="hyphen"/>nieres de Response. C&#x2019;est a savoir, Une necessai
			<lb rend="hyphen"/>re. Comme qui seroit Interrogué. <name>Socrates</name> est
     <lb/>il ceans? &amp; qu&#x2019;on respondist seullement. Il y est.
     <lb/>L&#x2019;autre maniere de Response, est que en respondant
       <pb n="16" xml:id="B751131015_Z1918_0016"/>


     <fw place="top-left" type="pageNum">[8v]</fw>
     <fw place="top-center" type="head">PARLER. ET TAIRE.</fw>
       <lb/>brevement on y adjouxte quelque mot de gra-
     <lb rend="hyphen"/>ce comme disant. Il y est nagueres entré. La Troi
			<lb rend="hyphen"/>siesme maniere de respondre, est Mensongiere.
     <lb/>Comme quant on respond beaucop plus qu&#x2019;on
     <lb/>n&#x2019;est interrogué, et que on y dit choses qui ne convie
     <lb/>nent a propos. <g ref="#mouche"/> En ce mesme Livre ledict bon
     <lb/>autheur <name>Plutarche</name> dit. Que si ung homme de bien
     <lb/>&amp; d&#x2019;authorité parloit intempestivement &amp; oul
			<lb rend="hyphen"/>tre mesure qu&#x2019;il fascheroit plus les auditeurs / que
     <lb/>ne feroit ung meschant coquin qui parleroit hon
			<lb rend="hyphen"/>nestement. <g ref="#mouche"/> Mais en cest endroit cy allegon
     <lb/>noz sainctz &amp; devotz Autheurs. Comme <name>Sainct
	<lb/>Ambroise</name> qui dit au sien Livre des Offices. La
     <lb/>patience de se contenir en Silence, L&#x2019;opportunité
     <lb/>de parler, &amp; la deprisance des Richesses / sont les
     <lb/>tresgrans fondemens de toutes bonnes vertus.
     <lb/><g ref="#mouche"/> <name>Isidore</name> dit. Si tu as desir de tes vertus augmen
			<lb rend="hyphen"/>ter / ne les declare poinct. &amp; ne parle / si tu ne es
     <lb/>premierement interrogué, ne avant que tu ayes
     <lb/>ouy parler. <g ref="#mouche"/> Finablement Le prophete <name>David</name>
     <lb/>en tout le Livre de son Psaultier ne demande / ne
     <lb/>n&#x2019;extolle rien plus. Que l&#x2019;innocence de la Lan-
     <lb rend="hyphen"/>gue &amp; Silence. <g ref="#mouche"/> Breveté de Langaige entre les
     <lb/>Romains a esté tresexcellente en <name>Brutus</name>, en <name>Ce
      <lb/>sar</name>, en <name>Attique</name>, &amp; en <name>Salluste</name>. Et entre les Grecz
     <lb/>en <name>Socrates</name>, en <name>Lysias</name>, en <name>Thucydide</name>, &amp; es La
			<lb rend="hyphen"/>cedemoniens. En Dicacité &amp; Janglerie, <name>Marc
      <lb/>Caton</name>, <name>Cicero</name>, &amp; <name>Favorinus</name> ont este reputez
     <lb/>excessifz.</p>
     <trailer rend="center">FIN.</trailer>
     </div>
    </body>
   </text>
</TEI>