<?xml version="1.0" encoding="UTF-8"?>
<!--<!DOCTYPE TEI SYSTEM "http://www.bvh.univ-tours.fr:8080/xtf/dtd/renaissance.dtd">-->
<TEI xmlns="http://www.tei-c.org/ns/1.0"
     xml:lang="fra"
     xml:id="XUVA_Gordon1563_R66_tei">
   <teiHeader>
      <fileDesc>
         <titleStmt>
            <title>
               <hi rend="it">Institution pour l'adolescence du roy très chrétien Charles neuvième de ce nom</hi>, Lyon, 1563
    </title>
            <respStmt>
               <name xml:id="MLD">Marie-Luce Demonet</name><resp><date>2010</date>Responsable BVH CESR, relecture</resp>
            </respStmt>
            <respStmt><persName resp="transcription">Prestataire</persName><resp>Transcription<date>2008</date></resp>
            </respStmt>
            <respStmt><name xml:id="LD">Lydie Danjean</name><resp><date>2010</date>encodage</resp>
            </respStmt>
            <respStmt><name>Nicole Dufournaud</name><resp><date>2010</date>Contrôle de l'encodage</resp>
            </respStmt>
            <respStmt><name xml:id="JF">Jorge Fins</name><resp><date>2011</date>Révision de l'encodage</resp>
            </respStmt>
         </titleStmt>
         <editionStmt>
            <edition n="1" xml:base="http://www.bvh.univ-tours.fr:8080/xtf/view?docId=tei/XUVA_Gordon1563_R66/XUVA_Gordon1563_R66_tei.xml;query=;brand=default">
               <date type="mise_en_ligne" when="2010-07-20" n="1">20/07/2010</date>
              <!--<date type="mise_a_jour" when="2013-11-28" n="1">28/11/2013</date>-->
               <date type="mise_a_jour" when="2014-03-19" n="1">19/03/2014</date>
            </edition>
            <respStmt><name xml:id="TU">Toshinori Uetani</name><resp>Révision</resp>
            </respStmt>
         </editionStmt>
         <extent>24 ko</extent>
         <publicationStmt>
            <authority>Université François-Rabelais</authority>
            <address>
               <addrLine>3 rue des Tanneurs</addrLine>
               <addrLine>37041 TOURS Cedex 1 France</addrLine>
            </address>
            <authority>Centre National de la Recherche Scientifique (CNRS)</authority>
            <address>
               <addrLine>3 rue Michel-Ange</addrLine>
               <addrLine>75794 Paris France</addrLine>
            </address>
            <authority xml:base="http://www.cesr.univ-tours.fr">Centre d'Etudes Supérieures de la
     Renaissance (CESR)</authority>
            <address>
               <addrLine>59 rue Néricault-Destouches</addrLine>
               <addrLine>BP 11328</addrLine>
               <addrLine>37013 Tours Cedex France</addrLine>
            </address>
            <availability>
               <p>Creative Commons Attribution - Pas d’Utilisation Commerciale - Partage dans les Mêmes Conditions 3.0 France (CC BY-NC-SA 3.0 FR)
       <date when="2014">2014</date>
               </p>
            </availability>
         </publicationStmt>
         <sourceDesc>


            <msDesc>
               <msIdentifier xml:id="Gordon_1563_R66">
                  <country>Etats-Unis</country>
                  <settlement>Charlottesville</settlement>
                  <institution>Université de Virginie</institution>
                  <repository>Bibliothèque de l'université de Virginie</repository>
                  <collection>Douglas H. Gordon Collection</collection>
                  <idno type="cote">Gordon 1563_R66</idno>
               </msIdentifier>
               <msContents>
                  <p>
                     <biblStruct>

                        <monogr>
                           <author role="auteur"><persName key="pers1"><surname>Ronsard</surname><forename>Pierre de</forename></persName></author>
                           <title type="titre_long">Institution pour l'adolescence du roy treschrestien Charles neufviesme de ce nom.</title>
                           <title type="titre_court">Institution pour l'adolescence du roy Charles neufviesme</title>
                           <imprint>
                              <pubPlace>Lyon</pubPlace>
                              <respStmt>
                                 <resp>imprimeur-libraire</resp>
                                 <persName key="pers12">Sine nomine</persName>
                              </respStmt>
                              <date>1563</date>
                           </imprint>
                        </monogr>

                     </biblStruct>
                  </p>
               </msContents>
               <physDesc>
                  <objectDesc>
                     <supportDesc>
                        <collation>
                           <p>[11, 1 bl.] p. (sig. A<hi rend="sup">4</hi>-B<hi rend="sup">2</hi>)</p>
                           <dimensions>
                              <dim type="format">8°</dim>
                              <dim rend="medium" unit="lignes"/>
                           </dimensions>
                        </collation>
                     </supportDesc>
                  </objectDesc>
               </physDesc>
               <additional>
                  <adminInfo>
                     <recordHist>
                        <source>
                           <listBibl type="refbiblio" xml:base="#refbibl.xml">
                              <bibl xml:id="Gordon_1564_R65">
                                 <author>Ronsard (P. de)</author>,
           <title rend="it">Institution pour l'adolescence du roy treschrestien Charles neufuiesme de ce nom</title>,
           <pubPlace>Paris</pubPlace>, <publisher>Gabriel Buon</publisher>, <date>1564</date>, <orgName>Université de Virginie</orgName>,
            <idno type="cote">Gordon 1564 R65</idno>.
                              </bibl>
                              <bibl>
                                 <author>Barbier (J. P.)</author>,
           <title rend="it">Bibliographie des discours politiques de Ronsard</title>,
           <pubPlace>Genève</pubPlace>, <publisher>Droz</publisher>, <date>1984</date>,
           <biblScope unit="notice">n° 22</biblScope>, <biblScope unit="page">p. 49-50</biblScope>.
                              </bibl>
                           </listBibl>
                        </source>
                        <change/>
                     </recordHist>
                  </adminInfo>
                  <surrogates>
                     <bibl>
                        <ref target="http://iris.lib.virginia.edu/speccol/gordon/gordonimages/Gordon1563_R66/"/>
                        <relatedItem type="original">
                           <ref target="#Gordon_1563_R66">Gordon Collection</ref>
                        </relatedItem>
                     </bibl>
                     <bibl>
                        <ref target="http://iris.lib.virginia.edu/speccol/gordon/gordonimages/Gordon1564_R65/"/>
                        <ref target="#Gordon_1564_R65">Gordon Collection (autre édition)</ref>
                     </bibl>
                  </surrogates>
               </additional>
            </msDesc>
         </sourceDesc>
      </fileDesc>
      <encodingDesc>
         <projectDesc>
            <p>BVH : programme Bibliothèques Virtuelles Humanistes</p>
         </projectDesc>
         <editorialDecl>
            <correction>
               <p>Les interventions sont signalées par l'encodage.</p>
            </correction>
            <hyphenation>
               <p>La division des mots en fin de ligne respecte l'original.
     </p>
            </hyphenation>
         </editorialDecl>
         <classDecl xml:base="#BVH_classDecl.xml">
            <taxonomy corresp="#corpus-BVH"/>
            <taxonomy corresp="#fac-simile_BVH"/>
            <taxonomy corresp="#texte_tei"/>
            <taxonomy corresp="#tei"/>
            <taxonomy corresp="version"/>
         </classDecl>
      </encodingDesc>
      <profileDesc>
         <textClass>
            <keywords scheme="#Index_matiere.xml">
               <list>
                  <item corresp="matiere5">Littérature</item>
               </list>
            </keywords>
            <catRef scheme="corpus-BVH" target="#epistemon"/>
            <catRef scheme="version" target="#non_dissimile #dissimile #desabrege"/>
            <catRef scheme="version" target="#v3"/>
         </textClass>
         <langUsage>
            <language ident="frm">Français</language>
         </langUsage>
      </profileDesc>
      <revisionDesc>
         <change><date>25/03/10</date><name>Lydie Danjean</name>Création du fichier en TEI P5 pour encodage
   </change>
         <change><date>26-03-2010</date><name>Nicole Dufournaud</name>
         </change>
         <change><date>16/04/10</date><name>Lydie Danjean</name>Modifications après contrôle d'encodage
   </change>
         <change when="2010-07-15" who="LB">Finalisation du fichier pour la mise en ligne</change>
         <change><date type="publication" when="2010-07-20">20 juillet 2010</date><name/>
         </change>
         <change><date type="révision" when="2011-07-11">11 juillet 2011</date><name corresp="#JF">Jorge Fins</name>Révision de l'encodage pour affichage sur XTF 3
   </change>
      </revisionDesc>
   </teiHeader>
   <text xml:lang="frm" type="Institution" subtype="Vers">
      <pb n="1" xml:id="XUVA_Gordon1563_R66_0001"/>
      <fw place="top-right" type="pageNum"/>
      <front>
         <titlePage rend="center">
            <figure>
               <graphic url="XUVA_Gordon1563_R66.jpg"
                        xml:base="http://iris.lib.virginia.edu/speccol/gordon/gordonimages/Gordon1563_R66/source/0012_title.htm"/>
               <figDesc>Courtesy of Gordon Collection</figDesc>
            </figure>
            <docTitle>
               <titlePart type="main">
                  <lb/>
                  <hi rend="large"><choice><orig>INSTITVTION</orig><reg>INSTITUTION</reg></choice>
                  </hi>
                  <lb/><choice><orig>POVR</orig><reg>POUR</reg></choice> L&#x2019;ADOLESCENCE
      <lb/><choice><orig>DV</orig><reg>DU</reg></choice> ROY TRESCHRESTIEN
                  <lb/>CHARLES <choice><orig>NEVFVIESME</orig><reg>NEUFVIESME</reg></choice>
      <lb/>DE CE NOM.
     </titlePart>
               <titlePart rend="it" type="subtitle">
                  <lb/>Par P. de Ronsard Vandomois
     </titlePart>
            </docTitle>
            <lb/>
            <lb/>
            <docImprint>
               <lb/>A <pubPlace>LYON,</pubPlace>
               <lb/>
               <lb/>
               <docDate when="1563">1563</docDate>
            </docImprint>
         </titlePage>
      </front>
      <body>
         <div type="institution" subtype="vers" xml:id="n1">
            <pb n="2" xml:id="XUVA_Gordon1563_R66_0002"/>
            <fw place="top-left" type="pageNum">[2] [page blanche]</fw>
            <pb n="3" xml:id="XUVA_Gordon1563_R66_0003"/>
            <fw place="top-left" type="pageNum">[3]</fw>
            <head rend="center">
               <lb/>
               <hi rend="large"><choice><orig>INSTITVTION</orig><reg>INSTITUTION</reg></choice>
               </hi>
               <lb/><choice><orig>POVR</orig><reg>POUR</reg></choice> L&#x2019;ADOLESCENCE
     <lb/><choice><orig>DV</orig><reg>DU</reg></choice> ROY TRESCHRESTIEN
               <lb/>CHARLES <choice><orig>NEVFIESME</orig><reg>NEUFIESME</reg></choice> DE
     <lb/>CE NOM.
    </head>
            <lg>
               <l>
                  <g ref=""/>
                  <hi rend="larger">S</hi>IRE, ce n&#x2019;est pas tout que d&#x2019;e-
      <lb rend="hyphen"/>
                  <space quantity="0.2" unit="cm"/>stre Roy de <placeName type="pays">France</placeName>,</l>
               <l>Il faut que la vertu honore vo-
      <lb rend="hyphen"/>
                  <space quantity="0.2" unit="cm"/>stre enfance:</l>
               <l>Car <choice><orig>vn</orig><reg>un</reg></choice> Roy sans vertu porte le
      <lb/>
                  <space quantity="0.2" unit="cm"/>sceptre en vain,</l>
               <l>Et luy sert de fardeau qui luy charge la main:</l>
            </lg>
            <lg>
               <l rend="negatif">Pource on dit que <name>Thetis</name> la femme de <name>Pelee</name>,</l>
               <l>Apres <choice><orig>auoir</orig><reg>avoir</reg></choice> la peau de son enfant bruslee</l>
               <l>Pour le rendre immortel le prist en son giron,</l>
               <l>Et de nuict l&#x2019;emporta dans l&#x2019;antre de <name>Chiron</name>:</l>
               <l>
                  <name>Chiron</name> noble Centaure, à fin de luy apprendre</l>
               <l>Les plus rares vertus dés sa <choice><orig>ieunesse</orig><reg>jeunesse</reg></choice> tendre,</l>
               <fw place="bot-right" type="sig">A ij</fw>
               <pb n="4" xml:id="XUVA_Gordon1563_R66_0004"/>
               <fw place="top-left" type="pageNum">[4]</fw>
               <fw place="top-center" type="head"><choice><orig>INSTITVTION</orig><reg>INSTITUTION</reg></choice>
               </fw>
               <l>Et de science &amp; d&#x2019;art son <name>Achille</name> honnorer:</l>
               <l>"Car l&#x2019;esprit d&#x2019;<choice><orig>vn</orig><reg>un</reg></choice> grand Roy ne doit rien ignorer.</l>
            </lg>
            <lg>
               <l rend="negatif">Il ne doit seulement <choice><orig>scauoir</orig><reg>scavoir</reg></choice> l&#x2019;art de la guerre,</l>
               <l>De garder les cités, ou les ruer par terre,</l>
               <l>De piquer les <choice><orig>cheuaux</orig><reg>chevaux</reg></choice>, ou contre son harnois</l>
               <l><choice><orig>Receuoir</orig><reg>Recevoir</reg></choice> milles coups de lances aux tournois:</l>
               <l>De <choice><orig>scauoir</orig><reg>scavoir</reg></choice> comme il faut dresser <choice><orig>vne</orig><reg>une</reg></choice> Embuscade,</l>
               <l>Ou donner <choice><orig>vne</orig><reg>une</reg></choice> Cargue, ou <choice><orig>vne</orig><reg>une</reg></choice> Camisade,</l>
               <l>Se renger en bataille, &amp; soubs les estandars</l>
               <l>Mettre par artifice en ordre ses soldars.</l>
            </lg>
            <lg>
               <l rend="negatif">Les Roys les plus brutaux telles choses n&#x2019;ignorent,</l>
               <l>Et par le sang versé leurs couronnes honnorent:</l>
               <l>Tout ainsi que Lyons, qui s&#x2019;estiment alors</l>
               <l>De tous les animaux estre veuz les plus fors,</l>
               <l>Quand ils se sont repeuz d&#x2019;<choice><orig>vn</orig><reg>un</reg></choice> Cerf au grand corsage,</l>
               <l>Et ont remply les champs de meurtre &amp; de carnage.</l>
            </lg>
            <lg>
               <l rend="negatif">Mais les princes Chrestiens n&#x2019;estiment leur vertu,</l>
               <l>Proceder ny de sang ny de <choice><orig>glaiue</orig><reg>glaive</reg></choice> pointu:</l>
               <l>Ains par les beaux mestiers qui des muses procedent</l>
               <l>Et qui de <choice><orig>grauité</orig><reg>gravité</reg></choice> tous les autres excedent:</l>
            </lg>
            <lg>
               <l rend="negatif">Quand les muses qui sont filles de <name><choice><orig>Iupiter</orig><reg>Jupiter</reg></choice>
                  </name>
               </l>
               <l>(Dont les Roys sont issus) les Roys daignent hanter,</l>
               <l>Elles les font marcher en toute <choice><orig>reuerence</orig><reg>reverence</reg></choice>:</l>
               <l>Loing de leur <choice><orig>maiesté</orig><reg>majesté</reg></choice> banissent l&#x2019;ignorance,</l>
               <l>Et tous remplis de grace &amp; de <choice><orig>diuinité</orig><reg>divinité</reg></choice>,</l>
               <fw place="bot-right" type="catch">Les</fw>
               <pb n="5" xml:id="XUVA_Gordon1563_R66_0005"/>
               <fw place="top-left" type="pageNum">[5]</fw>
               <fw place="top-center" type="head"><choice><orig>AV</orig><reg>AU</reg></choice> ROY.</fw>
               <l>Les font parmy le peuple ordonner equité.</l>
            </lg>
            <lg>
               <l rend="negatif">Ils <choice><orig>deuiennent</orig><reg>deviennent</reg></choice> apris en la mathematique,</l>
               <l>En l&#x2019;art de bien parler, en histoire, &amp; musique,</l>
               <l>En Physiognomie, à fin de mieux <choice><orig>scauoir</orig><reg>scavoir</reg></choice>
               </l>
               <l><choice><orig>Iuger</orig><reg>Juger</reg></choice> de leurs <choice><orig>subiects</orig><reg>subjects</reg></choice> seulement à les veoir.</l>
            </lg>
            <lg>
               <l rend="negatif">Telle science sceut le <choice><orig>ieune</orig><reg>jeune</reg></choice> prince <name>Achille</name>,</l>
               <l>Puis <choice><orig>scauant</orig><reg>scavant</reg></choice> &amp; vaillant il fit mourir <name>Troille</name>
               </l>
               <l>Sur le champ Phrygien, &amp; fit mourir encor</l>
               <l>Le magnanime orgueil du furieux <name>Hector</name>,</l>
               <l>Il tua <name>Sarpedon</name>, tua <name>Pentasilee</name>
               </l>
               <l>Et par luy la cité de <placeName type="ville">Troye</placeName> fut brulee.</l>
            </lg>
            <lg>
               <l rend="negatif">Tel fut <choice><orig>iadis</orig><reg>jadis</reg></choice>
                  <name>Thesee</name>, <name>Hercules</name>, &amp; <name><choice><orig>Iason</orig><reg>Jason</reg></choice>
                  </name>,</l>
               <l>Et tous les vaillans Preux de l&#x2019;antique saison.</l>
               <l>Tel vous serez aussi, si la parque cruelle</l>
               <l>Ne tranche <choice><orig>auant</orig><reg>avant</reg></choice> le temps vostre trame <choice><orig>nouuelle</orig><reg>nouvelle</reg></choice>:</l>
            </lg>
            <lg>
               <l rend="negatif">Car <name>Charles</name> vostre nom tant commun à nos Roys,</l>
               <l>Nom du ciel <choice><orig>reuenu</orig><reg>revenu</reg></choice> en <placeName type="pays">France</placeName> par neuf fois</l>
               <l>Neuf fois nombre parfait, comme cil qui assemble</l>
               <l>Pour sa perfection trois Triades ensemble,</l>
               <l>Monstre que vous aurez l&#x2019;Empire, &amp; le renom</l>
               <l>Des huict <name>Charles</name> passez dont vous portés le nom.</l>
               <l>Mais pour vous faire tel, il faut de l&#x2019;artifice</l>
               <l>Et dès <choice><orig>ieunesse</orig><reg>jeunesse</reg></choice> apprendre à combatre le vice.</l>
            </lg>
            <lg>
               <l rend="negatif">Il faut premierement aprendre à craindre Dieu</l>
               <l>Dont vous estes l&#x2019;image: &amp; portés au milieu</l>
               <fw place="bot-right" type="sig">A iij</fw>
               <pb n="6" xml:id="XUVA_Gordon1563_R66_0006"/>
               <fw place="top-left" type="pageNum">[6]</fw>
               <fw place="top-center" type="head"><choice><orig>INSTITVTION</orig><reg>INSTITUTION</reg></choice>
               </fw>
               <l>De vostre cueur son nom, &amp; sa saincte parolle,</l>
               <l>Comme le seul secours dont l&#x2019;homme se consolle.</l>
            </lg>
            <lg>
               <l rend="negatif">Apres si vous voulés en terre prosperer</l>
               <l>Il vous faut vostre mere humblement honorer,</l>
               <l>La craindre &amp; la <choice><orig>seruir</orig><reg>servir</reg></choice>, qui seulement de mere</l>
               <l>Ne vous ser pas icy: mais de garde, &amp; de pere.</l>
            </lg>
            <lg>
               <l rend="negatif">Apres il faut tenir la loy de vos ayeulx,</l>
               <l>Qui furent Roys en terre, &amp; sont la hault aux cieux</l>
               <l>Et garder que le peuple imprime en sa <choice><orig>ceruelle</orig><reg>cervelle</reg></choice>
               </l>
               <l>Les curieux discours d&#x2019;<choice><orig>vne</orig><reg>une</reg></choice> secte <choice>
                     <sic>noueulle</sic>
                     <corr><choice><orig>nouuelle</orig><reg>nouvelle</reg></choice></corr>
                  </choice>.</l>
            </lg>
            <lg>
               <l rend="negatif">Apres il faut aprendre à bien imaginer,</l>
               <l>Autrement la raison ne pourroit <choice><orig>gouuerner</orig><reg>gouverner</reg></choice>:</l>
               <l>Car tout le mal qui vient à homme prend naissance,</l>
               <l>Quand par sus la Raison le Cuider a puissance:</l>
            </lg>
            <lg>
               <l rend="negatif">Tout ainsi que le corps s&#x2019;exerce en <choice><orig>trauaillant</orig><reg>travaillant</reg></choice>.</l>
               <l>Il faut que la raison s&#x2019;exerce en bataillant</l>
               <l>Contre la monstrueuse &amp; faulse fantasie,</l>
               <l>De peur que vainement l&#x2019;ame n&#x2019;en soit saisie,</l>
               <l>Car ce n&#x2019;est pas le tout de <choice><orig>scauoir</orig><reg>scavoir</reg></choice> la vertu,</l>
               <l>Il faut cognoistre aussi le vice <choice><orig>reuestu</orig><reg>revestu</reg></choice>
               </l>
               <l>D&#x2019;<choice><orig>vn</orig><reg>un</reg></choice> habit vertueux, qui d&#x2019;autant plus offence</l>
               <l>Qu&#x2019;il se monstre honorable, &amp; a belle aparence.</l>
            </lg>
            <lg>
               <l rend="negatif">Delà vous aprendrés à vous cognoistre bien,</l>
               <l>Et en vous cognoissant vous ferés <choice><orig>tousiours</orig><reg>tousjours</reg></choice> bien:</l>
               <l>Le vray commencement pour en vertus acroistre,</l>
               <pb n="7" xml:id="XUVA_Gordon1563_R66_0007"/>
               <fw place="top-left" type="pageNum">[7]</fw>
               <fw place="top-center" type="head"><choice><orig>AV</orig><reg>AU</reg></choice> ROY.</fw>
               <l>C&#x2019;est (disoit <name>Apollon</name>) soymesme se cognoistre,</l>
               <l>Celuy qui se cognoist, est seul maistre de soy</l>
               <l>Et sans <choice><orig>auoir</orig><reg>avoir</reg></choice> Royaume, il est vrayment <choice><orig>vn</orig><reg>un</reg></choice> Roy.</l>
            </lg>
            <lg>
               <l rend="negatif">Commencés doncq ainsi: puis si tost que par l&#x2019;age</l>
               <l>Vous serés homme fait de corps, &amp; de courage,</l>
               <l>Il fauldra de vous mesmes aprendre à commander,</l>
               <l>A ouyr vos <choice><orig>subiects</orig><reg>subjects</reg></choice>, les voir, &amp; demander,</l>
               <l>Les cognoistre par nom, &amp; leur faire <choice><orig>Iustice</orig><reg>Justice</reg></choice>,</l>
               <l>Honorer la vertu &amp; corriger le vice.</l>
            </lg>
            <lg>
               <l rend="negatif">Malheureux sont les Roys qui fondent leur apuy</l>
               <l>Sur l&#x2019;ayde d&#x2019;vu commis, qui par les yeux d&#x2019;autruy</l>
               <l>Voyent l&#x2019;estat du peuple, &amp; oyent par l&#x2019;oreille</l>
               <l>D&#x2019;<choice><orig>vn</orig><reg>un</reg></choice> flateur mensonger qui leur conte <choice><orig>merueille</orig><reg>merveille</reg></choice>.</l>
               <l>Tel Roy ne regne pas, ou bien il regne en peur</l>
               <l>(D&#x2019;autant qu&#x2019;il ne scait rien) d&#x2019;offencer <choice><orig>vn</orig><reg>un</reg></choice> flateur.</l>
            </lg>
            <lg>
               <l rend="negatif">Mais (Sire) ou <choice><orig>ie</orig><reg>je</reg></choice> me trompe en voyant vostre grace</l>
               <l>Ou vous tiendrez d&#x2019;<choice><orig>vn</orig><reg>un</reg></choice> Roy la legitime place:</l>
               <l>Vous ferez vostre charge, &amp; comme <choice><orig>vn</orig><reg>un</reg></choice>
                  <choice>
                     <sic>price</sic>
                     <corr source="1564">prince</corr>
                  </choice> doux</l>
               <l>Audience &amp; <choice><orig>faueur</orig><reg>faveur</reg></choice> vous donnerés à tous.</l>
            </lg>
            <lg>
               <l rend="negatif">Vostre palais Royal cognoistrés en presence:</l>
               <l>Et ne commetrés point <choice><orig>vne</orig><reg>une</reg></choice> petite offence:</l>
               <l>Si <choice><orig>vn</orig><reg>un</reg></choice> pilote faut, tant soit peu, sur la mer</l>
               <l>Il fera desoubs l&#x2019;eau la <choice><orig>nauire</orig><reg>navire</reg></choice> abismer.</l>
               <l>Aussi faillant <choice><orig>vn</orig><reg>un</reg></choice> Roy tant soit peu: la <choice><orig>prouince</orig><reg>province</reg></choice>
               </l>
               <l>Se perd, car volontiers le peuple suit son prince.</l>
               <pb n="8" xml:id="XUVA_Gordon1563_R66_0008"/>
               <fw place="top-left" type="pageNum">[8]</fw>
               <fw place="top-center" type="head"><choice><orig>INSTITVTION</orig><reg>INSTITUTION</reg></choice>
               </fw>
            </lg>
            <lg>
               <l rend="negatif">Aussi pour estre Roy vous ne deués penser</l>
               <l>Vouloir comme <choice><orig>vn</orig><reg>un</reg></choice> Tyran vos <choice><orig>subiects</orig><reg>subjects</reg></choice> offencer,</l>
               <l>Car comme nostre corps, vostre corps est de boüe.</l>
               <l>"Des petis &amp; des grands la fortune se <choice><orig>ioüe</orig><reg>joüe</reg></choice>:</l>
               <l>Tous les regnes mondains de font &amp; se defont,</l>
               <l>Et au gré de fortune il viennent &amp; s&#x2019;en vont,</l>
               <l>Et ne durent non plus qu&#x2019;<choice><orig>vne</orig><reg>une</reg></choice> flamme allumee</l>
               <l>Qui soudain est esprise &amp; soudain consumee:</l>
            </lg>
            <lg>
               <l rend="negatif">Or Sire imitez Dieu lequel vous a donné</l>
               <l>Le Sceptre, &amp; vous a fait <choice><orig>vn</orig><reg>un</reg></choice> grand Roy couronné.</l>
               <l>Faites misericorde à celuy qui supplie,</l>
               <l>Punissés l&#x2019;orgueilleux qui s&#x2019;arme en sa follie,</l>
               <l>Ne poussés par <choice><orig>faueur</orig><reg>faveur</reg></choice> <choice><orig>vn</orig><reg>un</reg></choice> homme en dignité,</l>
               <l>Mais choisissés celuy qui l&#x2019;a bien merité.</l>
               <l>Ne baillés pour argent ny estats ny <choice>
                     <sic>offiices</sic>
                     <corr source="1564">offices</corr>
                  </choice>,</l>
               <l>Ne donnés aux premiers les vaccans benefices,</l>
               <l>Ne souffrés pres de vous ne flateurs, ne vanteurs,</l>
               <l>Fuyés ces plaisans fols qui ne sont que menteurs,</l>
               <l>Et n&#x2019;endurés <choice><orig>iamais</orig><reg>jamais</reg></choice> que les langues legeres</l>
               <l>Mesdisent des Seigneurs des terres estrangeres.</l>
            </lg>
            <lg>
               <l rend="negatif">Ne soyés point moqueur ny trop haut à la main:</l>
               <l>Vous <choice><orig>souuenant</orig><reg>souvenant</reg></choice> <choice><orig>touiours</orig><reg>toujours</reg></choice> que vous estes humain.</l>
               <l>Ne pillés vos <choice><orig>subiects</orig><reg>subjects</reg></choice> par rancons ny par tailles,</l>
               <l>Ne prenés sans raison ny guerres ny batailles,</l>
               <fw place="bot-right" type="catch">Gardés</fw>
               <pb n="9" xml:id="XUVA_Gordon1563_R66_0009"/>
               <fw place="top-left" type="pageNum">[9]</fw>
               <fw place="top-center" type="head"><choice><orig>AV</orig><reg>AU</reg></choice> ROY.</fw>
               <l>Gardés le vostre propre, &amp; vos biens amassés</l>
               <l>Car pour <choice><orig>viure</orig><reg>vivre</reg></choice> content vous en <choice><orig>aués</orig><reg>avés</reg></choice> assés</l>
            </lg>
            <lg>
               <l rend="negatif">S&#x2019;il vous plaist vous garder sans archer de la garde,</l>
               <l>Il faut que d&#x2019;<choice><orig>vn</orig><reg>un</reg></choice> bon oeil le peuple vous regarde,</l>
               <l>Qu&#x2019;il vous ayme sans creinte, ainsi les puissans
      <lb/>
                  <space quantity="0.2" unit="cm"/>Roys</l>
               <l>Ont gardé leur Empire, &amp; non par le harnois.</l>
            </lg>
            <lg>
               <l rend="negatif">Comme le corps Royal ayés l&#x2019;ame Royalle,</l>
               <l>Tirés le peuple à vous d&#x2019;<choice><orig>vne</orig><reg>une</reg></choice> main liberalle,</l>
               <l>Et pensés que le mal le plus pernicieux</l>
               <l>C&#x2019;est <choice><orig>vn</orig><reg>un</reg></choice> prince sordide &amp; <choice><orig>auaricieux</orig><reg>avaricieux</reg></choice>.</l>
            </lg>
            <lg>
               <l rend="negatif">Ayés au tour de vous des personnes notables,</l>
               <l>Et les oyés parler volontiers à vos tables,</l>
               <l>Soyés leur auditeur comme fut vostre ayeul</l>
               <l>Ce grand <name>Francois</name> qui vit encores au <choice>
                     <sic>circueil</sic>
                     <corr source="1564">cercueil</corr>
                  </choice>:</l>
            </lg>
            <lg>
               <l rend="negatif">Soyés comme <choice><orig>vn</orig><reg>un</reg></choice> bon prince amoureux de la gloire,</l>
               <l>Et faites que de vous se remplisse <choice><orig>vne</orig><reg>une</reg></choice> histoire</l>
               <l>Du temps victorieux, vous faisant immortel</l>
               <l>Comme <name>Charles le grand</name>, ou bien <name>Charles Martel</name>.</l>
            </lg>
            <lg>
               <l rend="negatif">Ne souffrés que les grands blessent le populaire,</l>
               <l>Ne souffrés que le peuple au grand puisse desplaire,</l>
               <l><choice><orig>Gouuernés</orig><reg>Gouvernés</reg></choice> vostre argent par sagesse &amp; raison:</l>
               <l>"Le prince qui ne peut <choice><orig>gouuerner</orig><reg>gouverner</reg></choice> sa maison,</l>
               <l>"Sa femme, ses enfans, &amp; son bien domestique,</l>
               <fw place="bot-right" type="sig">B</fw>
               <pb n="10" xml:id="XUVA_Gordon1563_R66_0010"/>
               <fw place="top-left" type="pageNum">[10]</fw>
               <fw place="top-center" type="head"><choice><orig>INSTITVTION</orig><reg>INSTITUTION</reg></choice>
               </fw>
               <l>"Ne scauroit <choice><orig>gouuerner</orig><reg>gouverner</reg></choice> <choice><orig>vne</orig><reg>une</reg></choice> grand republique.</l>
            </lg>
            <lg>
               <l rend="negatif">Pensés long temps <choice><orig>deuant</orig><reg>devant</reg></choice> que faire aucuns Edicts,</l>
               <l>Mais si tost qu&#x2019;ils seront <choice><orig>deuant</orig><reg>devant</reg></choice> le peuple mis</l>
               <l>Qu&#x2019;ils soient pour tout <choice><orig>iamais</orig><reg>jamais</reg></choice> d&#x2019;<choice><sic>inuicible</sic><corr><choice><orig>inuincible</orig><reg>invincible</reg></choice></corr></choice> puis-
      <lb rend="hyphen"/>
                  <space quantity="0.2" unit="cm"/>sance,</l>
               <l>Car autrement <choice>
                     <sic>vox</sic>
                     <corr source="1564">vos</corr>
                  </choice> loix sentiroient leur enfance.</l>
            </lg>
            <lg>
               <l rend="negatif">Ne vous monstrés <choice><orig>iamais</orig><reg>jamais</reg></choice> pompeusement vestu,</l>
               <l>"L&#x2019;habillement des Roys est la seule vertu,</l>
               <l>Que vostre corps reluise en vertus glorieuses,</l>
               <l>Et non pas vos habits de perles precieuses.</l>
            </lg>
            <lg>
               <l rend="negatif">D&#x2019;amis plus que d&#x2019;argent monstrés vous desireux,</l>
               <l>Les Princes sans amis sont <choice><orig>tousiours</orig><reg>tousjours</reg></choice> malheureux,</l>
               <l>Aymés les gens de bien ayant <choice><orig>touiours</orig><reg>toujours</reg></choice> <choice><orig>enuie</orig><reg>envie</reg></choice>
               </l>
               <l>De ressembler à ceux qui sont de bonne vie.</l>
               <l>Punissés les malins &amp; les seditieux:</l>
               <l>Ne soyés point chagrin, despit, ne furieux,</l>
               <l>Mais honeste &amp; gaillard, portant sur le visage,</l>
               <l>De vostre gentil&#x2019;ame <choice><orig>vn</orig><reg>un</reg></choice> gentil tesmoignage.</l>
            </lg>
            <lg>
               <l rend="negatif">Or Sire pour autant que nul n&#x2019;a le <choice><orig>pouuoir</orig><reg>pouvoir</reg></choice>
               </l>
               <l>De chastier les Roys qui font mal leur <choice><orig>deuoir</orig><reg>devoir</reg></choice>,</l>
               <l>Punissés vous vous mesme, à fin que la <choice><orig>Iustice</orig><reg>Justice</reg></choice>
               </l>
               <l>De Dieu, qui est plus grand, vos fautes ne punisse.</l>
            </lg>
            <lg>
               <l rend="negatif"><choice><orig>Ie</orig><reg>Je</reg></choice> dy ce puissant Dieu dont L&#x2019;Empire est sans bout,</l>
               <l>Qui de son trosne assis en la terre voit tout,</l>
               <pb n="11" xml:id="XUVA_Gordon1563_R66_0011"/>
               <fw place="top-left" type="pageNum">[11]</fw>
               <fw place="top-center" type="head"><choice><orig>AV</orig><reg>AU</reg></choice> ROY.</fw>
               <l>Et fait à <choice><orig>vn</orig><reg>un</reg></choice> chascun ses <choice><orig>Iustices</orig><reg>Justices</reg></choice> égalles:</l>
               <l>Autant aux Laboureurs qu&#x2019;aux personnes Ro-
      <lb rend="hyphen"/>
                  <space quantity="0.2" unit="cm"/>yalles:</l>
               <l>Lequel <choice><orig>ie</orig><reg>je</reg></choice> suppliray vous tenir en sa loy.</l>
               <l>Et vous aymer autant qu&#x2019;il fit <name><choice><orig>Dauid</orig><reg>David</reg></choice>
                  </name> son Roy.</l>
               <l>Et rendre comme à luy vostre sceptre tranquile:</l>
               <l>Car sans l&#x2019;ayde de Dieu la force est inutile.</l>
            </lg>
            <trailer rend="center">
               <lb/>FIN.
    </trailer>
         </div>
      </body>
   </text>
</TEI>
