<?xml version="1.0" encoding="UTF-8"?>
<TEI xmlns="http://www.tei-c.org/ns/1.0" xml:lang="fra" xml:id="XUVA_Gordon1563_R656_tei">
	  <teiHeader>
		    <fileDesc>
			      <titleStmt>
				        <title>
					          <hi rend="it">Elégie sur les troubles d'Amboise</hi>, Lyon, 1563
				</title>
				        <respStmt><name xml:id="MLD">Marie-Luce Demonet</name><resp><date>2010</date>Responsable BVH CESR, relecture</resp>
				        </respStmt>
				        <respStmt><persName resp="transcription">Prestataire</persName><resp>Transcription<date>2009</date></resp>
            </respStmt>

				        <respStmt><name>Lydie Danjean</name><resp><date>2010</date>encodage</resp>
				        </respStmt>
				        <respStmt><name>Laetitia Bontemps</name><resp><date>juin 2010</date>Contrôle de l'encodage</resp>
				        </respStmt>
				        <respStmt><name xml:id="JF">Jorge Fins</name><resp><date>2011</date>Révision de l'encodage</resp>
				        </respStmt>
			      </titleStmt>
			      <editionStmt>
				        <edition n="1" xml:base="http://www.bvh.univ-tours.fr:8080/xtf/view?docId=tei/XUVA_Gordon1563_R656/XUVA_Gordon1563_R656_tei.xml;query=;brand=default">
					          <date type="mise_en_ligne" when="2010-07-20" n="1">20/07/2010</date>
					        <!--<date type="mise_a_jour" when="2013-11-28" n="1">28/11/2013</date>-->
				        	<date type="mise_a_jour" when="2014-03-19" n="1">19/03/2014</date>
				        </edition>
				        <respStmt><name xml:id="TU">Toshinori Uetani</name><resp>Révision</resp>
				        </respStmt>
			      </editionStmt>
			      <extent>27 Ko</extent>
			      <publicationStmt>
				        <authority>Université François-Rabelais</authority>
				        <address>
					          <addrLine>3 rue des Tanneurs</addrLine>
					          <addrLine>37041 TOURS Cedex 1 France</addrLine>
				        </address>
				        <authority>Centre National de la Recherche Scientifique (CNRS)</authority>
				        <address>
					          <addrLine>3 rue Michel-Ange</addrLine>
					          <addrLine>75794 Paris France</addrLine>
				        </address>
				        <authority xml:base="http://www.cesr.univ-tours.fr">Centre d'Etudes Supérieures de la
					Renaissance (CESR)</authority>
				        <address>
					          <addrLine>59 rue Néricault-Destouches</addrLine>
					          <addrLine>BP 11328</addrLine>
					          <addrLine>37013 Tours Cedex France</addrLine>
				        </address>
				        <availability>
				        	<p>Creative Commons Attribution - Pas d’Utilisation Commerciale - Partage dans les Mêmes Conditions 3.0 France (CC BY-NC-SA 3.0 FR)
					  <date when="2014">2014</date>
					          </p>
				        </availability>
			      </publicationStmt>
			      <sourceDesc>


				        <msDesc>
					          <msIdentifier xml:id="Gordon_1563_R656">
						            <country>Etats-Unis</country>
						            <settlement>Charlottesville</settlement>
						            <institution>Université de Virginie</institution>
						            <repository>Bibliothèque de l'université de Virginie</repository>
						            <collection>Douglas H. Gordon Collection</collection>
						            <idno type="cote">Gordon 1563_R656</idno>
					          </msIdentifier>
					          <msContents>
                  <p>
                     <biblStruct>

						                  <monogr>
							                    <author role="auteur">
							    <persName key="pers1"><surname>Ronsard</surname><forename>Pierre de</forename></persName>
                           </author>
							                    <title type="titre_long">Elegie de P. de Ronsard Vandomois, sur les troubles d'Amboise, mil cinq cens soixante.</title>
							                    <title type="titre_court">Elegie sur les troubles d'Amboise</title>
							                    <imprint>
								                      <pubPlace>Lyon</pubPlace>
							                    	<respStmt>
							                    		<resp>imprimeur-libraire</resp>
								                      <persName key="pers12">Sine nomine</persName>
							                    	</respStmt>
                              
								                      <date>1563</date>
							                    </imprint>
						                  </monogr>

					                </biblStruct>
                  </p>
               </msContents>
					          <physDesc>
						            <objectDesc>
							              <supportDesc>
								                <collation>
									                  <p>[1, 1 bl., 11, 3 bl.] p. (sig. A-B<hi rend="sup">4</hi>)</p>
								                   <dimensions>
									                     <dim type="format">8°</dim>
									                     <dim rend="medium" unit="lignes"/>
								                   </dimensions>
								                </collation>
							              </supportDesc>
						            </objectDesc>
					          </physDesc>
					          <additional>
						            <adminInfo>
							              <recordHist>
								                <source>
									                  <listBibl type="refbiblio" xml:base="#refbibl.xml">
										                    <bibl>
											                      <author>Barbier (J. P.)</author>,
											<title rend="it">Bibliographie des discours politiques de Ronsard</title>,
											<pubPlace>Genève</pubPlace>, <publisher>Droz</publisher>, <date>1984</date>,
											<biblScope unit="notice">n° 11</biblScope>, <biblScope unit="page">p. 27-28</biblScope>.
										</bibl>
									                  </listBibl>
								                </source>
								                <change/>
							              </recordHist>
						            </adminInfo>
						            <surrogates>
							              <bibl>
								                <ref target="http://iris.lib.virginia.edu/speccol/gordon/gordonimages/Gordon1563_R656/index4.html"/>
								                <relatedItem>
									                  <ref target="#Gordon_1563_R656">Gordon Collection</ref>
								                </relatedItem>
							              </bibl>
						            </surrogates>
					          </additional>
				        </msDesc>
			      </sourceDesc>
		    </fileDesc>
		    <encodingDesc>
			      <projectDesc>
				        <p>BVH : programme Bibliothèques Virtuelles Humanistes</p>
			      </projectDesc>
			      <editorialDecl>
				        <correction>
					          <p>Les rares interventions sont encodées.</p>
				        </correction>
				        <hyphenation>
					          <p>La division des mots en fin de ligne respecte l'original.
					</p>
				        </hyphenation>
			      </editorialDecl>
			      <classDecl xml:base="#BVH_classDecl.xml">
				        <taxonomy corresp="#corpus-BVH"/>
				        <taxonomy corresp="#fac-simile_BVH"/>
				        <taxonomy corresp="#texte_tei"/>
				        <taxonomy corresp="#tei"/>
				        <taxonomy corresp="version"/>
			      </classDecl>
		    </encodingDesc>
		    <profileDesc>
			      <textClass>
				        <keywords scheme="#Index_matiere.xml">
					          <list>
						            <item corresp="matiere5">Littérature</item>
					          </list>
				        </keywords>
			      	<catRef scheme="corpus-BVH" target="#epistemon"/>
			      	<catRef scheme="version" target="#non_dissimile #desabrege #non_desabrege"/>
				        <catRef scheme="version" target="#v3"/>
			      </textClass>
			      <langUsage>
				        <language ident="frm">Français</language>
			      </langUsage>
		    </profileDesc>
		    <revisionDesc>
			      <change>
				        <date>19/03/10</date>
				        <name>Lydie Danjean</name>
				Création du fichier en TEI P5 pour encodage
			</change>
			      <change when="2010-06-30" who="LB">Contrôle de l'encodage</change>
			      <change><date type="publication" when="2010-07-20">20 juillet 2010</date></change>
			      <change><date type="révision" when="2011-05-07"> 7 juillet 2011</date><name corresp="#JF">Jorge Fins</name>Révision de l'encodage pour affichage sur XTF 3
			</change>
		    </revisionDesc>
	  </teiHeader>
	  <text xml:lang="frm" type="Elegie" subtype="Vers">

		    <front>
			      <pb n="1" xml:id="XUVA_Gordon1563_R656_0001"/>
			      <titlePage rend="center">
				        <figure>
					          <graphic url="XUVA_Gordon1563_R656.jpg"
                        xml:base="http://iris.lib.virginia.edu/speccol/gordon/gordonimages/Gordon1563_R656/source/0014_title_r.html"/>
					          <figDesc>Courtesy of Gordon Collection</figDesc>
					       </figure>
				        <docTitle>
					          <titlePart type="main">
						            <hi rend="large">ELEGIE DE</hi>
						            <lb/>
                  <name>
                     <choice>
                        <abbr>P.</abbr>
                        <expan>Pierre</expan>
                     </choice> DE RONSARD</name> VAN-
						<lb rend="hyphen"/>DOMOIS, <choice><orig>SVR</orig><reg>SUR</reg></choice> LES <choice><orig>TROV-
							<lb rend="hyphen"/>BLES</orig><reg>TROU-<lb rend="hyphen"/>BLES</reg></choice> D&#x2019;AMBOISE, MIL CINQ
						<lb/>CENS SOIXANTE.</titlePart>
					          <lb/>
               <titlePart type="subtitle">A
						<lb/>
                  <hi rend="small">
                     <hi rend="it">
                        <name>
                           <choice>
                              <abbr>G.</abbr>
                              <expan>Guillaume</expan>
                           </choice> des Autels</name> Gentilhomme Charrolois.</hi>
                  </hi>
					          </titlePart>
				        </docTitle>
				        <docImprint>
					          <lb/>
               <lb/>A <pubPlace>LYON</pubPlace>,
					<lb/>
					          <lb/>
               <docDate when="1563">1563</docDate>
				        </docImprint>
			      </titlePage>

		    </front>
		    <body>
			      <div type="elegie" subtype="vers" xml:id="n1">
				        <pb n="2" xml:id="XUVA_Gordon1563_R656_0002"/>
				        <fw place="top-left" type="pageNum">[2] [page blanche]</fw>
				        <pb n="3" xml:id="XUVA_Gordon1563_R656_0003"/>
				        <fw place="top-left" type="pageNum">[3]</fw>
				        <head rend="center">
					          <lb/>ELEGIE
					<lb/>A <name>
                  <choice>
                     <abbr>G.</abbr>
                     <expan>Guillaume</expan>
                  </choice> des Autels</name>
					          <lb/>GENTILHOMME
					<lb/>CHARROLOIS.</head>

				        <lg>
					          <l rend="positif">
                  <g ref=""/>
                  <name>
                     <hi rend="larger">D</hi>Es Autels</name>, que la Loy &amp; que la
						<lb/>
                  <space quantity="0.2" unit="cm"/>Rethorique,</l>
					          <l>Et la Muse cherist comme son fils
						<lb/>
                  <space quantity="0.2" unit="cm"/><choice><orig>vnique</orig><reg>unique</reg></choice>:</l>
					          <l><choice><orig>Ie</orig><reg>Je</reg></choice> suis <choice><orig>esmerueillé</orig><reg>esmerveillé</reg></choice> que les Grands
						<lb/>
                  <space quantity="0.2" unit="cm"/>de la Court.</l>
					          <l>(Veu le temps orageux qui par la <placeName type="pays">France</placeName> court)</l>
					          <l>Ne s&#x2019;arment les costez d&#x2019;hommes qui ont puissance</l>
					          <l>Comme toy de plaider <choice>
                     <sic>leur</sic>
                     <corr>leurs</corr>
                  </choice> causes en la <placeName type="pays">France</placeName>:</l>
					          <l>Et <choice><orig>reuenger</orig><reg>revenger</reg></choice> d&#x2019;<choice><orig>vn</orig><reg>un</reg></choice> art par toy <choice><orig>renouuellé</orig><reg>renouvellé</reg></choice>,</l>
					          <l>Le sceptre que le peuple <sic>à</sic> par terre foulé.</l>
					          <l>C&#x2019;est <choice><orig>dōcques</orig><reg>doncques</reg></choice> <choice><orig>auiourd</orig><reg>aujourd</reg></choice>&#x2019;huy que les Roys et <choice>
                     <sic>le</sic>
                     <corr>les</corr>
                  </choice> Princes</l>
					          <l>Ont besoin de garder par armes leurs <choice><orig>prouinces</orig><reg>provinces</reg></choice>,</l>

					          <lb/>
					          <fw type="sig" place="bot-right">A ij</fw>
					          <pb n="4" xml:id="XUVA_Gordon1563_R656_0004"/>
					          <lb/>
					          <fw place="top-left" type="pageNum">[4]</fw>
					          <fw type="head" place="top-center">ELEGIE.</fw>

					          <lb/>

					          <l>Et contre leurs <choice><orig>suiets</orig><reg>sujets</reg></choice> opposer le harnois,</l>
					          <l><choice><orig>Vsant</orig><reg>Usant</reg></choice> &amp; de la force &amp; de la douce voix</l>
					          <l>Qui pourra dextrement de la tourbe mutine</l>
					          <l>Appaiser le courage &amp; flatter la poictrine:</l>
					          <l>Car il faut desormais deffendre nos maisons,</l>
					          <l>Et par le fert trenchant &amp; par <choice><orig>viues</orig><reg>vives</reg></choice> raisons,</l>
					          <l>Et courageusement nos ennemis abbatre</l>
					          <l>Par les mesmes bastons dont il nous veullent battre.</l>

				        </lg>
				        <lg>

					          <l rend="positif">Ainsi que l&#x2019;ennemy par <choice><orig>liures</orig><reg>livres</reg></choice> a seduict</l>
					          <l>Le peuple <choice><orig>deuoyé</orig><reg>devoyé</reg></choice> qui faucement le suit,</l>
					          <l>Il faut en disputant par <choice><orig>liures</orig><reg>livres</reg></choice> le confondre,</l>
					          <l>Par armes l&#x2019;assaillir, par armes luy respondre,</l>
					          <l>Sans monstrer au besoing nos courages faillis,</l>
					          <l>Mais plus fort resister plus serons assaillis.</l>
				        </lg>
				        <lg>
					          <l rend="positif">Si ne voy-<choice><orig>ie</orig><reg>je</reg></choice> pourtant personne qui se pousse,</l>
					          <l>Sur le hault de la bresche &amp; l&#x2019;ennemy repousse,</l>
					          <l>Qui <choice><orig>braue</orig><reg>brave</reg></choice> nous assault, &amp; personne ne prend</l>
					          <l>La picque, &amp; le rempart brusquement ne deffend:</l>
					          <l>Les peuples ont recours à la bonté celeste.</l>
					          <l>Et par priere à Dieu recommandent le reste,</l>
					          <l>Et sans <choice><orig>ioüer</orig><reg>joüer</reg></choice> des mains demeurent ocieux:</l>
					          <l>Ce pendant les mutins se font victorieux.</l>
				        </lg>
				        <lg>
					          <l rend="positif">Durant la guerre à <placeName type="ville">Troye</placeName>, à l&#x2019;heure que la <placeName type="pays">Grece</placeName>
               </l>
					          <l>Pressoit contre <choice>
                     <sic>le</sic>
                     <corr>les</corr>
                  </choice> murs la Troyenne <choice><orig>ieunesse</orig><reg>jeunesse</reg></choice>,</l>
					          <l>Et que le grand <name>Achille</name> empeschoit les ruisseaux</l>

					          <pb n="5" xml:id="XUVA_Gordon1563_R656_0005"/>
					          <lb/>
					          <fw place="top-left" type="pageNum">[5]</fw>
					          <fw type="head" place="top-center">ELEGIE.</fw>



					          <l>De porter à <name>Thetis</name> le tribut de leurs eaux:</l>
					          <l>Ceux qui estoient dedans la muraille assiegee,</l>
					          <l>Ceux qui estoient dehors dans le port de <placeName type="ville">Sigee</placeName>,</l>
					          <l>Failloient egallement: mon <name>Desautels</name>, ainsi.</l>
					          <l>Nos ennemis font faulte &amp; nous faillons aussi.</l>
					          <l>Ils faillent de vouloir <choice><orig>renuerser</orig><reg>renverser</reg></choice> nostre Empire,</l>
					          <l>Et de vouloir par force aux Princes contredire</l>
					          <l>Et de presumer trop de leur sens orgueilleux,</l>
					          <l>Et par songes <choice><orig>nouueaux</orig><reg>nouveaux</reg></choice> forcer la loy des vieux:</l>
					          <l>Ils faillent de laisser le chemin de leurs peres</l>
					          <l>Pour <choice><orig>ensuyure</orig><reg>ensuyvre</reg></choice> le train des sectes estrangeres,</l>
					          <l>Ils faillent de semer libelles &amp; placars</l>
					          <l>Plains de derisions, d&#x2019;<choice><orig>enuie</orig><reg>envie</reg></choice>, &amp; de brocars,</l>
					          <l>(Diffamans les plus grands de nostre court Royalle,)</l>
					          <l>Qui ne <choice><orig>seruent</orig><reg>servent</reg></choice> de rien qu&#x2019;a nourrir <choice><orig>vn</orig><reg>un</reg></choice> scandale:</l>
					          <l>Ils faillent de penser que tous soient <choice><orig>aueuglez</orig><reg>aveuglez</reg></choice>,</l>
					          <l>Que seuls ils ont des yeux, que seuls il sont reiglez,</l>
					          <l>Et que nous <choice><orig>foruoyez</orig><reg>forvoyez</reg></choice> <choice><orig>ensuyuons</orig><reg>ensuyvons</reg></choice> la doctrine</l>
					          <l>Humaine &amp; corrompue, &amp; non pas la <choice><orig>diuine</orig><reg>divine</reg></choice>:</l>
					          <l>Ils faillent de penser qu&#x2019;a <name>Luther</name> seulement</l>
					          <l>Dieu se soit apparu: &amp; generalement</l>
					          <l>Que depuis neuf cens ans l&#x2019;Eglise est <choice><orig>deprauee</orig><reg>depravee</reg></choice>,</l>
					          <l>Du vin d&#x2019;Ypocrisie à long traicts <choice><orig>abreuuee</orig><reg>abreuvee</reg></choice>:</l>
					          <l>Et que le seul escrit d&#x2019;<choice><orig>vn</orig><reg>un</reg></choice>
                  <name>Bucere</name> vaut mieux,</l>
					          <l>D&#x2019;<choice><orig>vn</orig><reg>un</reg></choice>
                  <name><choice><orig>Zuingle</orig><reg>Zvingle</reg></choice>
                  </name>, d&#x2019;<choice><orig>vn</orig><reg>un</reg></choice>
                  <name><choice><orig>Caluin</orig><reg>Calvin</reg></choice>
                  </name> (hommes seditieux)</l>
					          <fw type="sig" place="bot-right">A iij</fw>
					          <pb n="6" xml:id="XUVA_Gordon1563_R656_0006"/>
					          <lb/>
					          <fw place="top-left" type="pageNum">[6]</fw>
					          <fw type="head" place="top-center">ELEGIE.</fw>

					          <l>Que l&#x2019;accord de l&#x2019;Eglise, &amp; les statuts de mille</l>
					          <l>Docteurs poussez de Dieu, <choice><orig>conuocquez</orig><reg>convocquez</reg></choice> au concile:</l>
				        </lg>
				        <lg>
					          <l rend="positif">Que faudroit il de Dieu desormais esperer!</l>
					          <l>Si luy doux &amp; clement <choice><orig>auoit</orig><reg>avoit</reg></choice> souffert errer</l>
					          <l>Si long temps son Eglise? est il autheur de faute?</l>
					          <l>Quel gain en <choice><orig>reuiendroit</orig><reg>reviendroit</reg></choice> à sa <choice><orig>maiesté</orig><reg>majesté</reg></choice> haute?</l>
					          <l>Quel honneur, quel proufict? de s&#x2019;estre tant celé,</l>
					          <l>Pour s&#x2019;estre à <name>Luther</name> seulement <choice><orig>reuelé</orig><reg>revelé</reg></choice>?</l>
				        </lg>
				        <lg>
					          <l rend="positif">Or nous faillons aussi, car depuis <name>S.Gregoire</name>
               </l>
					          <l>Nul Pape (dont le nom soit escrit en histoire)</l>
					          <l>En chaire ne prescha, &amp; faillons d&#x2019;autre part</l>
					          <l>Que le bien de l&#x2019;Eglise aux enfans se depart:</l>
					          <l>Il ne faut s&#x2019;estonner, Chrestiens, si la nacelle</l>
					          <l>Du bon pasteur <name>sainct Pierre</name> en ce monde chancelle,</l>
					          <l>Puis que les ignorans, les enfans de quinze ans,</l>
					          <l><choice><orig>Ie</orig><reg>Je</reg></choice> ne scay quel muguets, <choice><orig>ie</orig><reg>je</reg></choice> ne scay quel plaisans</l>
					          <l>Tiennent le <choice><orig>gouuernail</orig><reg>gouvernail</reg></choice>, puis que les benefices</l>
					          <l>Se vendent par argent, ainsi que les offices.</l>
				        </lg>
				        <lg>
					          <l rend="positif">Mais que diroit <name>sainct Paul</name> s&#x2019;il <choice><orig>reuenoit</orig><reg>revenoit</reg></choice> icy</l>
					          <l>De nos <choice><orig>ieunes</orig><reg>jeunes</reg></choice> prelats, qui n&#x2019;ont point de soucy</l>
					          <l>De leur <choice><orig>pauure</orig><reg>pauvre</reg></choice> troupeau, dont il prennent la laine,</l>
					          <l>Et quelque fois le cuir: qui tous <choice><orig>viuent</orig><reg>vivent</reg></choice> sans peine,</l>
					          <l>Sans prescher, sans prier, sans bon exemple d&#x2019;eux.</l>
					          <l>Parfumez, decoupez courtizans, amoureux,</l>
					          <l>Veneurs, &amp; fauconniers, &amp; <choice><orig>auecq</orig><reg>avecq</reg></choice>&#x2019; la paillarde</l>
					          <pb n="7" xml:id="XUVA_Gordon1563_R656_0007"/>
					          <lb/>
					          <fw place="top-left" type="pageNum">[7]</fw>
					          <fw type="head" place="top-center">ELEGIE.</fw>

					          <l>Perdent les biens de Dieu, dont ils n&#x2019;ont que la garde.</l>
					          <l>Que diroit-il de voir l&#x2019;Eglise à <name><choice><orig>Iesuchrist</orig><reg>Jesuchrist</reg></choice>
                  </name>,</l>
					          <l>Qui fut <choice><orig>iadis</orig><reg>jadis</reg></choice> fondee en humblesse d&#x2019;esprit,</l>
					          <l>En toute patience, en toute obeissance,</l>
					          <l>Sans argent, sanscredit, <choice>
                     <sic>san</sic>
                     <corr>sans</corr>
                  </choice> force, ny puissance,</l>
					          <l><choice><orig>Pauure</orig><reg>Pauvre</reg></choice>, nue, exilee, ayant <choice><orig>iusque</orig><reg>jusque</reg></choice> aux os</l>
					          <l>Les verges &amp; les foets imprimé sur le dos,</l>
					          <l>Et la voir <choice><orig>auiourd</orig><reg>aujourd</reg></choice>&#x2019;huy riche, grasse &amp; hautaine,</l>
					          <l>Toute pleine d&#x2019;escus, de rentes, &amp; dommaine</l>
					          <l>Ses Ministres enflez, &amp; ses <choice>
                     <sic>Pape</sic>
                     <corr>Papes</corr>
                  </choice> encor,</l>
					          <l>Pompeusement vestus de soye &amp; de drap d&#x2019;or?</l>
					          <l>Il se repentiroit d&#x2019;<choice><orig>auoir</orig><reg>avoir</reg></choice> souffert pour elle</l>
					          <l>Tant de coups de baston, tant de peine cruelle,</l>
					          <l>Tant de banissemens, &amp; voyant tel mechef</l>
					          <l>Priroit qu&#x2019;<choice><orig>vn</orig><reg>un</reg></choice> traict de feu luy accablast le chef:</l>
				        </lg>
				        <lg>
					          <l rend="positif">Il faut donc corriger de nostre saincte Eglise</l>
					          <l>Cent mille abus commis par l&#x2019;<choice><orig>auare</orig><reg>avare</reg></choice> prestrise,</l>
					          <l>De peur que le corroux du Seigneur tout puissant</l>
					          <l>N&#x2019;aille <choice><orig>auecques</orig><reg>avecques</reg></choice> le feu nos fautes punissant.</l>
				        </lg>
				        <lg>
					          <l rend="positif">Quelle fureur <choice><orig>nouuelle</orig><reg>nouvelle</reg></choice>
                  <sic>à</sic> corrompu nostre aise?</l>
					          <l>Las! des Lutheriens la cause est <choice><orig>tresmauuaise</orig><reg>tresmauvaise</reg></choice>
               </l>
					          <l>Et la deffendent bien: &amp; par malheur fatal</l>
					          <l>La nostre est bonne &amp; saincte &amp; la deffendons mal.</l>
				        </lg>
				        <lg>
					          <l rend="positif">O heureuse la gent que la mort fortunee</l>
					          <l>Ha depuis neuf cens ans soubs la tombe emmenee!</l>
					          <pb n="8" xml:id="XUVA_Gordon1563_R656_0008"/>
					          <lb/>
					          <fw place="top-left" type="pageNum">[8]</fw>
					          <fw type="head" place="top-center">ELEGIE.</fw>

					          <l>Heureux les peres vieux des bons siecles passés,</l>
					          <l>Qui sont sans varier en leur foy trespassés,</l>
					          <l>Ains que de tant d&#x2019;abus l&#x2019;Eglise fust malade:</l>
					          <l>Qui n&#x2019;ouyrent <choice><orig>iamais</orig><reg>jamais</reg></choice> parler d&#x2019;<name>Oecolampade</name>
               </l>
					          <l>De <name><choice><orig>Zuingle</orig><reg>Zvingle</reg></choice>
                  </name>, de <name>Bucer</name>, de <name>Luther</name>, de <name><choice><orig>Caluin</orig><reg>Calvin</reg></choice>
                  </name>:</l>
					          <l>Mais sans rien innoüer au <choice><orig>seruice</orig><reg>service</reg></choice> <choice><orig>diuin</orig><reg>divin</reg></choice>,</l>
					          <l>Ont vescu longuement, puis d&#x2019;<choice><orig>vne</orig><reg>une</reg></choice> fin heureuse</l>
					          <l>En <name><choice><orig>Iesus</orig><reg>Jesus</reg></choice>
                  </name> ont rendu leur ame <choice>
                     <sic>geneureuse</sic>
                     <corr>genereuse</corr>
                  </choice>.</l>
				        </lg>
				        <lg>
					          <l rend="positif">Las! <choice><orig>pauure</orig><reg>pauvre</reg></choice> France helas! comme <choice><orig>vne</orig><reg>une</reg></choice> Opinion</l>
					          <l><choice><orig>Diuerse</orig><reg>Diverse</reg></choice> a corrompu ta premiere <choice><orig>vnion</orig><reg>union</reg></choice>!</l>
					          <l>Tes enfans qui <choice><orig>deuroyent</orig><reg>devroyent</reg></choice> te garder te <choice><orig>trauaillent</orig><reg>travaillent</reg></choice>,</l>
					          <l>Et pour <choice><orig>vn</orig><reg>un</reg></choice> poil de bouc entre eux mesmes bataillent</l>
					          <l>Et comme <choice><orig>reprouués</orig><reg>reprouvés</reg></choice>, d&#x2019;<choice><orig>vn</orig><reg>un</reg></choice> courage meschant!</l>
					          <l>Contre ton estomach tournent le fert trenchant!</l>
				        </lg>
				        <lg>
					          <l rend="positif">N&#x2019;<choice><orig>auions</orig><reg>avions</reg></choice> nous pas assez engresse la campaigne</l>
					          <l>De <placeName>Flandres</placeName>, de <placeName>Piedmont</placeName>, de <placeName type="ville">Naples</placeName>, &amp; d&#x2019;<placeName type="pays">Espaigne</placeName>
               </l>
					          <l>En nostre propre sang? sans tourner les cousteaux</l>
					          <l>Contre toy, nostre mere, &amp; tes propres boyaux?</l>
					          <l>Afin que du grand Turc les peuples infidelles</l>
					          <l>Rissent, en nous voyant sanglans de nos querelles?</l>
					          <l>Et en lieu qu&#x2019;on les deust par armes surmonter,</l>
					          <l>Nous vissent de <choice>
                     <sic>nous</sic>
                     <corr>nos</corr>
                  </choice> mains nous mesmes nous <choice><orig>dōter</orig><reg>domter</reg></choice>?</l>
					          <l>Ou par l&#x2019;ire de Dieu, ou par la destinee</l>
					          <l>Qui te rend par les tiens, ô <placeName type="pays">France</placeName>, exterminee?</l>
				        </lg>
				        <lg>
					          <l rend="positif">Las! faut-il ô destin, que le sceptre François</l>
					          <lb/>
					          <fw type="catch" place="bot-right">Que</fw>
					          <pb n="9" xml:id="XUVA_Gordon1563_R656_0009"/>
					          <lb/>
					          <fw place="top-left" type="pageNum">[9]</fw>
					          <fw type="head" place="top-center">ELEGIE.</fw>

					          <l>Que le fier Allemant, <choice>
                     <sic>l</sic>
                     <corr>l&#x2019;</corr>
                  </choice>Espagnol, &amp; l&#x2019;Anglois</l>
					          <l>N&#x2019;a sceu <choice><orig>iamais</orig><reg>jamais</reg></choice> froisser: tombe soubs la puissance</l>
					          <l>Du peuple qui <choice><orig>deuroit</orig><reg>devroit</reg></choice> luy rendre obeissance?</l>
					          <l>Sceptre qui fut <choice><orig>iadis</orig><reg>jadis</reg></choice> tant craint de toutes pars!</l>
					          <l>Qui <choice><orig>iadis</orig><reg>jadis</reg></choice> <choice><orig>enuoya</orig><reg>envoya</reg></choice> outre mer ses souldars</l>
					          <l>Gaigner la <placeName>Palestine</placeName>, &amp; toute l&#x2019;<placeName>Idumee</placeName>,</l>
					          <l>
                  <placeName type="ville">Tyr</placeName>, <placeName type="ville">Sydon</placeName>, <placeName type="ville">Antioche</placeName>, &amp; la ville nommee</l>
					          <l>Du sainct nom, ou <name><choice><orig>Iesus</orig><reg>Jesus</reg></choice>
                  </name> en la croix attaché,</l>
					          <l>De son precieux sang <choice><orig>laua</orig><reg>lava</reg></choice> nostre peché!</l>
					          <l>Sceptre, qui fut <choice><orig>iadis</orig><reg>jadis</reg></choice> la terreur des barbares,</l>
					          <l>Des Turcs, des Mammelus, des Perses &amp; Tartares:</l>
					          <l>Bref, par tout l&#x2019;<choice><orig>vniuers</orig><reg>univers</reg></choice> tant craint &amp; redouté</l>
					          <l>Faut il que par les siens luy mesme soit douté!</l>
				        </lg>
				        <lg>
					          <l rend="positif">France, de ton malheur tu es cause en partie,</l>
					          <l><choice><orig>Ie</orig><reg>Je</reg></choice> t&#x2019;en ay par mes vers mille fois <choice><orig>aduertie</orig><reg>advertie</reg></choice>,</l>
					          <l>Tu es marastre <choice>
                     <sic>au</sic>
                     <corr>aux</corr>
                  </choice> tiens, &amp; mere aux estrangers,</l>
					          <l>Qui se mocquent de toy quand tu es aux dangers,</l>
					          <l>Car la plus grande part des estrangers obtiennent</l>
					          <l>Les biens qui à tes fils <choice><orig>iustement</orig><reg>justement</reg></choice> appartiennent.</l>
				        </lg>
				        <lg>
					          <l rend="positif">Pour exemple te soit ce docte <name>Desautels</name>,</l>
					          <l>Qui à ton los a fait des <choice><orig>liures</orig><reg>livres</reg></choice> immortels,</l>
					          <l>Qui <choice><orig>poursuyuoit</orig><reg>poursuyvoit</reg></choice> en court des long temps <choice><orig>vn</orig><reg>un</reg></choice> affaire</l>
					          <l>De bien peu de valleur, &amp; ne la <choice><orig>pouuoit</orig><reg>pouvoit</reg></choice> faire</l>
					          <l>Sans ce bon Cardinal qui rompant le <choice><orig>seiour</orig><reg>sejour</reg></choice>
                  <choice>
                     <sic>.</sic>
                     <corr>,</corr>
                  </choice>
               </l>
					          <l>Le <choice><orig>renuoya</orig><reg>renvoya</reg></choice> content en l&#x2019;espace d&#x2019;<choice><orig>vn</orig><reg>un</reg></choice> <choice><orig>iour</orig><reg>jour</reg></choice>.</l>
					          <lb/>
					          <fw type="sig" place="bot-right">B</fw>
					          <pb n="10" xml:id="XUVA_Gordon1563_R656_0010"/>
					          <lb/>
               <fw place="top-left" type="pageNum">[10]</fw>
					          <fw type="head" place="top-center">ELEGIE.</fw>

					          <l>Voila comme des tiens tu fais bien peu de conte,</l>
					          <l>Dont tu <choice><orig>deurois</orig><reg>devrois</reg></choice> au front touterougir de honte.</l>
				        </lg>
				        <lg>
					          <l rend="positif">Tu te mocques aussi des prophettes que Dieu</l>
					          <l>Choisit en tes enfans, &amp; les faict au millieu</l>
					          <l>De ton sein apparoistre, à fin de te predire</l>
					          <l>Ton malheur <choice><orig>aduenir</orig><reg>advenir</reg></choice>.  mais tu n&#x2019;en fais que rire.</l>
				        </lg>
				        <lg>
					          <l rend="positif">Ou soit que, du grand Dieu l&#x2019;immense eternité</l>
					          <l>Ait de <name>Nostradamus</name> l&#x2019;entousiasme excité,</l>
					          <l>Ou soit que le Daimon bon ou <choice><orig>mauuais</orig><reg>mauvais</reg></choice> l&#x2019;agite,</l>
					          <l>Ou soit que de nature il ait l&#x2019;ame subite,</l>
					          <l>Et outre le mortel, s&#x2019;eslance <choice><orig>iusqu</orig><reg>jusqu</reg></choice>&#x2019;aux cieux,</l>
					          <l>Et de là nous redit des faict prodigieux,</l>
					          <l>Ou soit que son esprit sombre &amp; melancolique</l>
					          <l>D&#x2019;humeurs grasses repeu, le rendent fantastique,</l>
					          <l>Bref, il est ce qu&#x2019;il est, si est-ce toutesfois</l>
					          <l>Que par les mots douteux de sa prophette voix,</l>
					          <l>Comme <choice><orig>vn</orig><reg>un</reg></choice> oracle antique, il a des mainte annee</l>
					          <l>Predit la plus grand part de nostre destinee.</l>
				        </lg>
				        <lg>
					          <l rend="positif"><choice><orig>Ie</orig><reg>Je</reg></choice> ne l&#x2019;eusse pas creu, si le ciel qui depart</l>
					          <l>Bien &amp; mal aux humains, n&#x2019;eust esté de sa part:</l>
					          <l>Certainement le ciel marry de la ruyne</l>
					          <l>D&#x2019;<choice><orig>vn</orig><reg>un</reg></choice> sceptre si gaillard en a monstré le signe:</l>
					          <l>Depuis <choice><orig>vn</orig><reg>un</reg></choice> an entier n&#x2019;a cessé de pleurer:</l>
					          <l>On a veu la comette ardente demeurer</l>
					          <pb n="11" xml:id="XUVA_Gordon1563_R656_0011"/>
					          <lb/>
					          <fw place="top-left" type="pageNum">[11]</fw>
					          <fw type="head" place="top-center">ELEGIE.</fw>

					          <l>Droict sur nostre pays &amp; du ciel descendante</l>
					          <l>Tomber à <placeName type="ville">sainct Germain</placeName> <choice><orig>vne</orig><reg>une</reg></choice> collonne ardente</l>
					          <l>Nostre prince au <sic>meillieu</sic> de ses plaisirs est mort:</l>
					          <l>Et son fils <choice><orig>ieune</orig><reg>jeune</reg></choice> d&#x2019;ans a soustenu l&#x2019;effort</l>
					          <l>De ses propres <choice><orig>subiects</orig><reg>subjects</reg></choice>, &amp; la chambre honoree</l>
					          <l>De son palais Royal ne luy fut asseuree:</l>
				        </lg>
				        <lg>
					          <l rend="positif">Doncques ny les hauts faicts des princes ses ayeux</l>
					          <l>Ny tant de temples <choice>
                     <sic>sainsts</sic>
                     <corr>saincts</corr>
                  </choice> <choice><orig>esleuez</orig><reg>eslevez</reg></choice> <choice><orig>iusques</orig><reg>jusques</reg></choice> aux cieux</l>
					          <l>Par ses peres bastis, ny sa terre puissante</l>
					          <l>Aux guerres furieuse, aux lettres fleurissante,</l>
					          <l>Ny sa propre vertu, bonté &amp; pieté,</l>
					          <l>Ny ses ans bien apris en toute honnesteté,</l>
					          <l>Ny la <choice><orig>deuotion</orig><reg>devotion</reg></choice>, la foy, ny la priere</l>
					          <l>De sa femme pudicque, &amp; de sa chaste mere,</l>
					          <l>N&#x2019;ont <choice><orig>enuers</orig><reg>envers</reg></choice> le destin tant de graces <choice><orig>trouué</orig><reg>trouvé</reg></choice>,</l>
					          <l>Que malheur si <choice><orig>nouueau</orig><reg>nouveau</reg></choice> ne luy soit <choice><orig>arriué</orig><reg>arrivé</reg></choice>:</l>
					          <l>Et que l&#x2019;air infecté du <sic>terroy</sic> Saxonicque</l>
					          <l>N&#x2019;ait empuenty l&#x2019;air de sa terre Gallicque.</l>
				        </lg>
				        <lg>
					          <l rend="positif">Que si des Guysiens le courage haultain</l>
					          <l>N&#x2019;eust au besoin esté nostre rempart certain,</l>
					          <l>Voire &amp; si tant soit peu leur ame genereuse</l>
					          <l>
                  <choice>
                     <sic>Ce</sic>
                     <corr>Se</corr>
                  </choice> fust alors monstree, ou <choice><orig>tardiue</orig><reg>tardive</reg></choice> ou poureuse
                  ,</l>
					          <l>C&#x2019;estoit fait que du sceptre, &amp; la contagion</l>
					          <l>De <name>Luther</name> eust gasté nostre religion:</l>
					          <lb/>
					          <fw type="sig" place="bot-right">B ij</fw>
					          <pb n="12" xml:id="XUVA_Gordon1563_R656_0012"/>
					          <lb/>
					          <fw place="top-left" type="pageNum">[12]</fw>
					          <fw type="head" place="top-center">ELEGIE.</fw>

					          <l>Mais Francois d&#x2019;<choice><orig>vne</orig><reg>une</reg></choice> part, tout seul <choice><orig>auecq</orig><reg>avecq</reg></choice>&#x2019; les
						<lb/>
                  <space quantity="0.2" unit="cm"/>armes<choice>
                     <sic>.</sic>
                     <corr>,</corr>
                  </choice>
               </l>
					          <l>Opposa sa poictrine à si chaudes alarmes,</l>
					          <l>Et <name>Charles</name> d&#x2019;autrepart, <choice><orig>auecq</orig><reg>avecq</reg></choice>&#x2019; <choice><orig>deuotions</orig><reg>devotions</reg></choice>
               </l>
					          <l>Et sermons, s&#x2019;opposa à <choice>
                     <sic>leur</sic>
                     <corr>leurs</corr>
                  </choice> seditions,</l>
					          <l>Et par sa <choice><orig>preuoyance</orig><reg>prevoyance</reg></choice> &amp; doctrine <choice><orig>seuere</orig><reg>severe</reg></choice>
               </l>
					          <l>Par le peuple en garda de plus courir l&#x2019;<choice><orig>vlcere</orig><reg>ulcere</reg></choice>,</l>
					          <l rend="positif">Ils ont maugré l&#x2019;<choice><orig>enuye</orig><reg>envye</reg></choice>, &amp; maugré le destin,</l>
					          <l>Et l&#x2019;infidelle foy du vulgaire mutin,</l>
					          <l>A l&#x2019;<choice><orig>enuy</orig><reg>envy</reg></choice> combatu la troupe sacrilege,</l>
					          <l>Et la religion ont remise en son siege.</l>
				        </lg>
				        <lg>
					          <l rend="positif">O Seigneur tout puissant! pour loyer des biens-
						<lb rend="hyphen"/>
                  <space quantity="0.5" unit="cm"/>faicts</l>
					          <l>Que ces princes Lorreins au besoing nous ont faicts,</l>
					          <l>Et si mes humbles voeus <choice><orig>trouuent</orig><reg>trouvent</reg></choice> <choice><orig>deuant</orig><reg>devant</reg></choice> ta face</l>
					          <l>Quelque peu de credit, <choice><orig>ie</orig><reg>je</reg></choice> te supply de grace,</l>
					          <l>Que ses deux Guysiens, qui pour l&#x2019;amour de toy</l>
					          <l>Ont r&#x2019;amassé l&#x2019;honneur de nostre antique foy</l>
					          <l>Fleurissent à <choice><orig>iamais</orig><reg>jamais</reg></choice> en <choice><orig>faueur</orig><reg>faveur</reg></choice> vers le <choice>
                     <sic>pince</sic>
                     <corr>Prince</corr>
                  </choice>,</l>
					          <l>Et que <choice><orig>iamais</orig><reg>jamais</reg></choice> le bec des peuples ne les <choice>
                     <sic>prince</sic>
                     <corr>pince</corr>
                  </choice>.</l>
				        </lg>
				        <lg>
					          <l rend="positif">Donne que les enfans des enfans yssus d&#x2019;eux</l>
					          <l>Soyent aussi bons chrestiens, &amp; aussi genereux,</l>
					          <l>Plus grands que nulle <choice><orig>enuye</orig><reg>envye</reg></choice>: &amp; qu&#x2019;en paix eternelle</l>
					          <l>Ils puissent habiter leur maison paternelle.</l>
				        </lg>
				        <pb n="13" xml:id="XUVA_Gordon1563_R656_0013"/>
				        <lb/>
				        <fw place="top-left" type="pageNum">[13]</fw>
				        <fw type="head" place="top-center">ELEGIE.</fw>
				        <lg>
					          <l rend="positif">Ou si quelque desastre, ou le cruel malheur</l>
					          <l>Les menace tous deux, <choice><orig>ialoux</orig><reg>jaloux</reg></choice> de leur valeur,</l>
					          <l>Tourne sur les mutins la menace &amp; l&#x2019;<choice><orig>iniure</orig><reg>injure</reg></choice>,</l>
					          <l>Ou sur l&#x2019;ignare chef du vulgaire <choice><orig>pariure</orig><reg>parjure</reg></choice>,</l>
					          <l>Ny digne du soleil, ny digne de tirer</l>
					          <l>L&#x2019;air, qui nous faict la vie es poulmons respirer.</l>
				        </lg>
				        <lb/>
            <lb/>
				        <trailer rend="center">FIN</trailer>
				        <lb/>

				        <fw type="sig" place="bot-right">B iij</fw>

			      </div>
		    </body>
	  </text>
</TEI>
