<?xml version="1.0"?>
<TEI xmlns="http://www.tei-c.org/ns/1.0" xml:lang="fr">
    <teiHeader>
        <fileDesc>
            <titleStmt>
                <title>CCFM-Graal</title>
                <author>generated by Roma 2.10</author>
            </titleStmt>
            <publicationStmt>
                <p>for use by whoever wants it</p>
            </publicationStmt>
            <sourceDesc>
                <p>created on Monday 14th May 2007 04:33:22 PM by the form at
                    http://www.tei-c.org.uk/Roma/</p>
            </sourceDesc>
        </fileDesc>
    </teiHeader>
    <text>
        <front>
            <divGen type="toc"/>
        </front>
        <body>
            <p>CCFM - minimale + header BFM + Graal</p>
            <schemaSpec ident="ccfm-graal" xml:lang="en" targetLang="en" docLang="fr"  source="tei:1.9.0">
                <moduleRef key="tei"/>
       
                <moduleRef key="textstructure"/>
                <elementSpec module="textstructure" ident="argument" mode="delete"/>
                <elementSpec module="textstructure" ident="byline" mode="delete"/>
                <elementSpec module="textstructure" ident="closer" mode="delete"/>
                <elementSpec module="textstructure" ident="dateline" mode="delete"/>
                <elementSpec module="textstructure" ident="div1" mode="delete"/>
                <elementSpec module="textstructure" ident="div2" mode="delete"/>
                <elementSpec module="textstructure" ident="div3" mode="delete"/>
                <elementSpec module="textstructure" ident="div4" mode="delete"/>
                <elementSpec module="textstructure" ident="div5" mode="delete"/>
                <elementSpec module="textstructure" ident="div6" mode="delete"/>
                <elementSpec module="textstructure" ident="div7" mode="delete"/>
                <elementSpec module="textstructure" ident="docAuthor" mode="delete"/>
                <elementSpec module="textstructure" ident="docDate" mode="delete"/>
                <elementSpec module="textstructure" ident="docEdition" mode="delete"/>
                <elementSpec module="textstructure" ident="docImprint" mode="delete"/>
                <elementSpec module="textstructure" ident="docTitle" mode="delete"/>
                <elementSpec module="textstructure" ident="epigraph" mode="delete"/>
                <elementSpec module="textstructure" ident="floatingText" mode="delete"/>
                <elementSpec module="textstructure" ident="imprimatur" mode="delete"/>
                <elementSpec module="textstructure" ident="opener" mode="delete"/>
                <elementSpec module="textstructure" ident="salute" mode="delete"/>
                <elementSpec module="textstructure" ident="signed" mode="delete"/>
                <elementSpec module="textstructure" ident="titlePage" mode="delete"/>
                <elementSpec module="textstructure" ident="titlePart" mode="delete"/>
                <elementSpec module="textstructure" ident="trailer" mode="delete"/>
                <elementSpec module="core" ident="altIdent" mode="delete"/>
                <elementSpec module="core" ident="analytic" mode="delete"/>
                <elementSpec module="core" ident="biblFull" mode="delete"/>
                <elementSpec module="core" ident="biblScope" mode="delete"/>
                <elementSpec module="core" ident="binaryObject" mode="delete"/>
                <elementSpec module="core" ident="cb" mode="delete"/>
                <elementSpec module="core" ident="cit" mode="delete"/>
                <elementSpec module="core" ident="desc" mode="delete"/>
                <elementSpec module="core" ident="distinct" mode="delete"/>
                <elementSpec module="core" ident="divGen" mode="delete"/>
                <elementSpec module="core" ident="email" mode="delete"/>
                <elementSpec module="core" ident="emph" mode="delete"/>
                <elementSpec module="core" ident="equiv" mode="delete"/>
                <elementSpec module="core" ident="expan" mode="delete"/>
                <elementSpec module="core" ident="foreign" mode="delete"/>
                <elementSpec module="core" ident="gloss" mode="delete"/>
                <elementSpec module="core" ident="graphic" mode="delete"/>
                <elementSpec module="core" ident="headItem" mode="delete"/>
                <elementSpec module="core" ident="headLabel" mode="delete"/>
                <elementSpec module="core" ident="index" mode="delete"/>
                <elementSpec module="core" ident="item" mode="delete"/>
                <elementSpec module="core" ident="l" mode="delete"/>
                <elementSpec module="core" ident="label" mode="delete"/>
                <elementSpec module="core" ident="list" mode="delete"/>
                <elementSpec module="core" ident="listBibl" mode="delete"/>
                <elementSpec module="core" ident="meeting" mode="delete"/>
                <elementSpec module="core" ident="mentioned" mode="delete"/>
                <elementSpec module="core" ident="postBox" mode="delete"/>
                <elementSpec module="core" ident="postCode" mode="delete"/>
                <elementSpec module="core" ident="relatedItem" mode="delete"/>
                <elementSpec module="core" ident="rs" mode="delete"/>
                <elementSpec module="core" ident="series" mode="delete"/>
                <elementSpec module="core" ident="soCalled" mode="delete"/>
                <elementSpec module="core" ident="sp" mode="delete"/>
                <elementSpec module="core" ident="speaker" mode="delete"/>
                <elementSpec module="core" ident="stage" mode="delete"/>
                <elementSpec module="core" ident="street" mode="delete"/>
                <elementSpec module="core" ident="teiCorpus" mode="delete"/>
                <elementSpec module="core" ident="term" mode="delete"/>
                <elementSpec module="core" ident="time" mode="delete"/>
                <moduleRef key="linking"/>
                <elementSpec module="linking" ident="alt" mode="delete"/>
                <elementSpec module="linking" ident="altGrp" mode="delete"/>
                <elementSpec module="linking" ident="anchor" mode="delete"/>
                <elementSpec module="linking" ident="join" mode="delete"/>
                <elementSpec module="linking" ident="joinGrp" mode="delete"/>
                <elementSpec module="linking" ident="linkGrp" mode="delete"/>
                <elementSpec module="linking" ident="timeline" mode="delete"/>
                <elementSpec module="linking" ident="when" mode="delete"/>
                <moduleRef key="analysis"/>
                <elementSpec module="analysis" ident="c" mode="delete"/>
                <elementSpec module="analysis" ident="cl" mode="delete"/>
                <elementSpec module="analysis" ident="interp" mode="delete"/>
                <elementSpec module="analysis" ident="interpGrp" mode="delete"/>
                <elementSpec module="analysis" ident="m" mode="delete"/>
                <elementSpec module="analysis" ident="phr" mode="delete"/>
                <elementSpec module="analysis" ident="span" mode="delete"/>
                <elementSpec module="analysis" ident="spanGrp" mode="delete"/>
                <moduleRef key="gaiji"/>
                <elementSpec module="gaiji" ident="char" mode="delete"/>
                <elementSpec module="gaiji" ident="charName" mode="delete"/>
                <elementSpec module="gaiji" ident="charProp" mode="delete"/>
                <elementSpec module="gaiji" ident="glyph" mode="delete"/>
                <elementSpec module="gaiji" ident="glyphName" mode="delete"/>
                <elementSpec module="gaiji" ident="localName" mode="delete"/>
                <elementSpec module="gaiji" ident="mapping" mode="delete"/>
                <elementSpec module="gaiji" ident="unicodeName" mode="delete"/>
                <elementSpec module="gaiji" ident="value" mode="delete"/>
                <moduleRef key="header"/>
                <elementSpec module="header" ident="appInfo" mode="delete"/>
                <elementSpec module="header" ident="application" mode="delete"/>
                <elementSpec module="header" ident="authority" mode="delete"/>
                <elementSpec module="header" ident="cRefPattern" mode="delete"/>
                <elementSpec module="header" ident="classCode" mode="delete"/>
                <elementSpec module="header" ident="correction" mode="delete"/>
                <elementSpec module="header" ident="funder" mode="delete"/>
                <elementSpec module="header" ident="geoDecl" mode="delete"/>
                <elementSpec module="header" ident="handNote" mode="delete"/>
                <elementSpec module="header" ident="hyphenation" mode="delete"/>
                <elementSpec module="header" ident="interpretation" mode="delete"/>
                <elementSpec module="header" ident="keywords" mode="delete"/>
                <elementSpec module="header" ident="namespace" mode="delete"/>
                <elementSpec module="header" ident="notesStmt" mode="delete"/>
                <elementSpec module="header" ident="principal" mode="delete"/>
                <elementSpec module="header" ident="quotation" mode="delete"/>
                <elementSpec module="header" ident="refState" mode="delete"/>
                <elementSpec module="header" ident="refsDecl" mode="delete"/>
                <elementSpec module="header" ident="rendition" mode="delete"/>
                <elementSpec module="header" ident="seriesStmt" mode="delete"/>
                <elementSpec module="header" ident="sponsor" mode="delete"/>
                <elementSpec module="header" ident="stdVals" mode="delete"/>
                <elementSpec module="header" ident="tagUsage" mode="delete"/>
                <elementSpec module="header" ident="tagsDecl" mode="delete"/>
                <moduleRef key="core"/>
                <moduleRef key="corpus"/>
                <elementSpec module="corpus" ident="activity" mode="delete"/>
                <elementSpec module="corpus" ident="locale" mode="delete"/>
                <elementSpec module="corpus" ident="particDesc" mode="delete"/>
                <elementSpec module="corpus" ident="setting" mode="delete"/>
                <elementSpec module="corpus" ident="settingDesc" mode="delete"/>
                <elementSpec module="header" ident="segmentation" mode="delete"/>
                <elementSpec ident="domain" module="corpus" mode="change" >
                    <content xmlns="http://www.tei-c.org/ns/1.0">
                        <rng:ref xmlns:rng="http://relaxng.org/ns/structure/1.0"
                            name="macro.phraseSeq.limited"/>
                    </content>
                    <attList>
                        <attDef ident="type" mode="replace" usage="opt">
                            <desc>categorizes the domain of use.</desc>
                            <datatype minOccurs="1" maxOccurs="1">
                                <rng:list xmlns:rng="http://relaxng.org/ns/structure/1.0">
                                    <rng:oneOrMore>
                                        <rng:choice xmlns:rng="http://relaxng.org/ns/structure/1.0">
                                            <rng:value>didactique</rng:value>
                                            <rng:value>historique</rng:value>
                                            <rng:value>juridique</rng:value>
                                            <rng:value>litteraire</rng:value>
                                            <rng:value>politique</rng:value>
                                            <rng:value>religieux</rng:value>
                                            <rng:value>vie_quotidienne</rng:value>
                                            <rng:value>autre</rng:value>
                                        </rng:choice>
                                    </rng:oneOrMore>
                                </rng:list>
                            </datatype>
                        </attDef>
                        <attDef ident="n" mode="replace" usage="opt">
                            <desc>Sp&#xE9;cifie si le domaine du texte est unique ou multiple</desc>
                            <datatype minOccurs="1" maxOccurs="1">
                                <rng:ref xmlns:rng="http://relaxng.org/ns/structure/1.0"
                                    name="data.word"/>
                            </datatype>
                            <valList type="closed" mode="replace">
                                <valItem ident="unique"/>
                                <valItem ident="multiple"/>
                            </valList>
                        </attDef>
                    </attList>
                </elementSpec>
                <elementSpec ident="purpose" module="corpus" mode="change">
                    <content xmlns="http://www.tei-c.org/ns/1.0">
                        <rng:ref xmlns:rng="http://relaxng.org/ns/structure/1.0"
                            name="macro.phraseSeq.limited"/>
                    </content>
                    <attList>
                        <attDef ident="type" mode="replace" usage="opt">
                            <desc>specifies a particular kind of purpose.</desc>
                            <datatype minOccurs="1" maxOccurs="1">
                                <rng:list xmlns:rng="http://relaxng.org/ns/structure/1.0">
                                    <rng:oneOrMore>
                                        <rng:choice>
                                            <rng:value>argumentative</rng:value>
                                            <rng:value>narrative</rng:value>
                                            <rng:value>dialogale</rng:value>
                                            <rng:value>autre</rng:value>
                                        </rng:choice>
                                    </rng:oneOrMore>
                                </rng:list>
                            </datatype>
                        </attDef>
                        <attDef ident="n" mode="replace" usage="opt">
                            <desc>Sp&#xE9;cifie si la fonction du texte est unique ou multiple</desc>
                            <datatype minOccurs="1" maxOccurs="1">
                                <rng:ref xmlns:rng="http://relaxng.org/ns/structure/1.0"
                                    name="data.word"/>
                            </datatype>
                            <valList type="closed" mode="replace">
                                <valItem ident="unique"/>
                                <valItem ident="multiple"/>
                            </valList>
                        </attDef>
                    </attList>
                </elementSpec>
                <elementSpec module="header" ident="normalization" mode="delete"/>
                <moduleRef key="msdescription"/>
                <moduleRef key="transcr"/>
                <moduleRef key="namesdates"/>
                <elementSpec module="namesdates" ident="addName" mode="delete"/>
                <elementSpec module="namesdates" ident="age" mode="delete"/>
                <elementSpec module="namesdates" ident="birth" mode="delete"/>
                <elementSpec module="namesdates" ident="bloc" mode="delete"/>
                <elementSpec module="namesdates" ident="climate" mode="delete"/>
                <elementSpec module="namesdates" ident="death" mode="delete"/>
                <elementSpec module="namesdates" ident="district" mode="delete"/>
                <elementSpec module="namesdates" ident="education" mode="delete"/>
                <elementSpec module="namesdates" ident="event" mode="delete"/>
                <elementSpec module="namesdates" ident="faith" mode="delete"/>
                <elementSpec module="namesdates" ident="floruit" mode="delete"/>
                <elementSpec module="namesdates" ident="forename" mode="delete"/>
                <elementSpec module="namesdates" ident="genName" mode="delete"/>
                <elementSpec module="namesdates" ident="geo" mode="delete"/>
                <elementSpec module="namesdates" ident="geogFeat" mode="delete"/>
                <elementSpec module="namesdates" ident="geogName" mode="delete"/>
                <elementSpec module="namesdates" ident="langKnowledge" mode="delete"/>
                <elementSpec module="namesdates" ident="langKnown" mode="delete"/>
                <elementSpec module="namesdates" ident="listNym" mode="delete"/>
                <elementSpec module="namesdates" ident="listOrg" mode="delete"/>
                <elementSpec module="namesdates" ident="listPerson" mode="delete"/>
                <elementSpec module="namesdates" ident="listPlace" mode="delete"/>
                <elementSpec module="namesdates" ident="location" mode="delete"/>
                <elementSpec module="namesdates" ident="nameLink" mode="delete"/>
                <elementSpec module="namesdates" ident="nationality" mode="delete"/>
                <elementSpec module="namesdates" ident="nym" mode="delete"/>
                <elementSpec module="namesdates" ident="occupation" mode="delete"/>
                <elementSpec module="namesdates" ident="offset" mode="delete"/>
                <elementSpec module="namesdates" ident="org" mode="delete"/>
                <elementSpec module="namesdates" ident="orgName" mode="delete"/>
                <elementSpec module="namesdates" ident="persName" mode="delete"/>
                <elementSpec module="namesdates" ident="person" mode="delete"/>
                <elementSpec module="namesdates" ident="personGrp" mode="delete"/>
                <elementSpec module="namesdates" ident="place" mode="delete"/>
                <elementSpec module="namesdates" ident="placeName" mode="delete"/>
                <elementSpec module="namesdates" ident="population" mode="delete"/>
                <elementSpec module="namesdates" ident="region" mode="delete"/>
                <elementSpec module="namesdates" ident="relation" mode="delete"/>
                <elementSpec module="namesdates" ident="relationGrp" mode="delete"/>
                <elementSpec module="namesdates" ident="residence" mode="delete"/>
                <elementSpec module="namesdates" ident="roleName" mode="delete"/>
                <elementSpec module="namesdates" ident="sex" mode="delete"/>
                <elementSpec module="namesdates" ident="socecStatus" mode="delete"/>
                <elementSpec module="namesdates" ident="state" mode="delete"/>
                <elementSpec module="namesdates" ident="surname" mode="delete"/>
                <elementSpec module="namesdates" ident="terrain" mode="delete"/>
                <elementSpec module="namesdates" ident="trait" mode="delete"/>
                <elementSpec ident="seg" module="linking" mode="change">
                    <attList>
                        <attDef ident="type" mode="change" usage="opt">
                            <desc>characterizes the type of segment.</desc>
                            <datatype minOccurs="1" maxOccurs="1">
                                <rng:ref xmlns:rng="http://relaxng.org/ns/structure/1.0"
                                    name="data.enumerated"/>
                            </datatype>
                            <valList type="closed" mode="replace">
                                <valItem ident="word_part"/>
                                <valItem ident="multi_s"/>
                            </valList>
                        </attDef>
                        <attDef ident="rend" mode="change" usage="opt">
                            <desc>indicates how the element in question was rendered or&#xD;
                                presented in the source text.</desc>
                            <datatype minOccurs="1" maxOccurs="unbounded">
                                <rng:ref xmlns:rng="http://relaxng.org/ns/structure/1.0"
                                    name="data.word"/>
                            </datatype>
                            <valList type="closed" mode="replace">
                                <valItem ident="degl"/>
                            </valList>
                        </attDef>
                    </attList>
                </elementSpec>
                <elementSpec ident="supplied" module="transcr" mode="change">
                    <attList>
                        <attDef ident="rend" mode="change" usage="opt">
                            <desc>indicates how the element in question was rendered or&#xD;
                                presented in the source text.</desc>
                            <datatype minOccurs="1" maxOccurs="unbounded">
                                <rng:ref xmlns:rng="http://relaxng.org/ns/structure/1.0"
                                    name="data.word"/>
                            </datatype>
                            <valList type="closed" mode="replace">
                                <valItem ident="word_part"/>
                                <valItem ident="multi_s"/>
                            </valList>
                        </attDef>
                    </attList>
                </elementSpec>
                <elementSpec ident="del" module="core" mode="change">
                    <attList>
                        <attDef ident="type" mode="change" usage="opt">
                            <desc>characterizes the element in some sense, using any
                                convenient&#xD; classification scheme or typology.</desc>
                            <datatype minOccurs="1" maxOccurs="1">
                                <rng:ref xmlns:rng="http://relaxng.org/ns/structure/1.0"
                                    name="data.enumerated"/>
                            </datatype>
                            <valList type="closed" mode="replace">
                                <valItem ident="word_part"/>
                                <valItem ident="multi_s"/>
                            </valList>
                        </attDef>
                    </attList>
                </elementSpec>
                <elementSpec ident="w" module="analysis" mode="change">
                    <attList>
                        <attDef ident="rend" mode="change" usage="opt">
                            <desc>indicates how the element in question was rendered or&#xD;
                                presented in the source text.</desc>
                            <datatype minOccurs="1" maxOccurs="unbounded">
                                <rng:ref xmlns:rng="http://relaxng.org/ns/structure/1.0"
                                    name="data.word"/>
                            </datatype>
                            <valList type="closed" mode="replace">
                                <valItem ident="aggl"/>
                            </valList>
                        </attDef>
                    </attList>
                </elementSpec>
                <classSpec ident="att.global" type="atts" mode="change" module="tei">
                    <attList>
                        <attDef ident="rend" mode="change" usage="opt">
                            <desc>indicates how the element in question was rendered or&#xD;
                                presented in the source text.</desc>
                            <datatype minOccurs="1" maxOccurs="unbounded">
                                <rng:ref xmlns:rng="http://relaxng.org/ns/structure/1.0"
                                    name="data.word"/>
                            </datatype>
                            <valList type="closed" mode="replace">
                                <valItem ident="ital"/>
                                <valItem ident="gras"/>
                                <valItem ident="maj"/>
                                <valItem ident="pmaj"/>
                                <valItem ident="exp"/>
                                <valItem ident="crochets"/>
                                <valItem ident="susp"/>
                                <valItem ident="points"/>
                                <valItem ident="crochets-ital"/>
                                <valItem ident="crochets-pmaj"/>
                                <valItem ident="crochets-susp"/>
                                <valItem ident="points_dessous"/>
                            </valList>
                        </attDef>
                    </attList>
                </classSpec>
            </schemaSpec>
        </body>
    </text>
</TEI>
