<?xml version="1.0" encoding="UTF-8"?>

<?xml-stylesheet type="text/xsl" href="teibp.xsl"?>
<TEI xmlns="http://www.tei-c.org/ns/1.0">
    <teiHeader>
        <fileDesc>
            <titleStmt>
                <title>Spirales : version TEI</title>
                <author>Paul Dermée </author>
                <respStmt>
                    <resp>Transcription Word de </resp>
                    <name>Barbara Meazzi</name>
                </respStmt>
                <respStmt>
                    <resp>Conversion TEI de </resp>
                    <name>Lou Burnard</name>
                </respStmt>
            </titleStmt>
            <editionStmt>
                <edition><date>decembre 2014</date></edition>
            </editionStmt>
            <publicationStmt>
                <p>Pas encore disponible</p>
            </publicationStmt>
            <sourceDesc>
                <bibl>DERMÉE, Paul (1886-1951). Spirales. Paris: imprimerie Paul Birault, 30 octobre
                    1917.</bibl>
            </sourceDesc>

        </fileDesc>

        <encodingDesc>
            <appInfo>
                <application xml:id="doxtotei" ident="TEI_fromDOCX" version="2.15.0">
                    <label>DOCX to TEI</label>
                </application>
            </appInfo>
            <tagsDecl>
                <rendition xml:id="titre-1" scheme="css"> display:block; text-align:center;
                    padding-bottom:3em; </rendition>
                <rendition xml:id="titre-2" n="wibble" scheme="css"> text-align:right;
                    font-variant:small-caps; font-size:70%; padding-bottom:2em; text-color:blue;
                    <!-- rjust smallcaps whitespace below -->
                </rendition>
                <rendition xml:id="titre-3" scheme="css"
                    >display:block;text-align:center;padding-top:24em;padding-bottom:2em;</rendition>
                <rendition xml:id="titre-4" scheme="css"
                    >display:block;text-align:center;font-variant:small-caps;padding-top:18em;padding-bottom:2em;</rendition>
                <rendition xml:id="i" scheme="css"> font-style:italic; </rendition>
                <rendition xml:id="punchline">
                    <!-- caps -->
                </rendition>
                <rendition xml:id="smallcaps">
                    <!-- smallcaps bigger than #titre2, inline -->
                </rendition>
                <rendition xml:id="indent-1" scheme="css"> display:block; padding-left:4em;
                    text-indent:-2em; </rendition>
                <rendition xml:id="indent-2" scheme="css"> display:block; padding-left:6em;
                    text-indent:-2em; </rendition>
                <rendition xml:id="indent-3" scheme="css"> display:block; padding-left:8em;
                    text-indent:-2em; </rendition>
                <rendition xml:id="indent-4" scheme="css"> display:block; padding-left:10em;
                    text-indent:-2em; </rendition>
                <rendition xml:id="indent-5" scheme="css"> display:block; padding-left:12em;
                    text-indent:-2em; </rendition>
                <rendition xml:id="indent-6" scheme="css"> display:block; padding-left:14em;
                    text-indent:-2em; </rendition>
                <rendition xml:id="indent-7" scheme="css"> display:block; padding-left:16em;
                    text-indent:-2em; </rendition>
                <rendition xml:id="space-2"> padding-left:2em; </rendition>
                <rendition xml:id="space-3"> padding-left:4em; </rendition>
                <!-- nb in custom.css <space> already has 2 em padding -->
                <rendition xml:id="gap"> display:block; text-color:red; content:" L A C U N E ";
                    font:size: 120%; </rendition>

            </tagsDecl>
            <projectDesc>
                <p>Textes spatialisées en TEI: partie du projet LIVRESC</p>
            </projectDesc>
        </encodingDesc>

        <revisionDesc>
            <listChange>
                <change when="2015-01-05">Completed structural markup</change>
                <change when="2014-12-02T17:18:29Z">Initial conversion</change>
            </listChange>
        </revisionDesc>
    </teiHeader>
    <!-- <facsimile>
        <surface>
            <graphic url="../images/bljd_D_IV_1_Spirales/bljd_D_IV_1_018.jpg"/>
        </surface>
    </facsimile>-->
    <text>
        <body>
            <note place="margin">DERMEE, Paul, Spirales, Paris, Birault, 1917.</note>
            <pb n="1" facs="../images/bljd_D_IV_1_018.jpg"/>
            <div>
                <head rendition="#titre-2">a <name>pablo picasso</name></head>
                <head rendition="#titre-1">N&#x1D52; 13</head>
                <lg>
                    <l>Années d'autrefois</l>
                    <l rendition="#indent-4">statues dans cinq quartiers de Paris</l>
                    <l rendition="#indent-1">Fleurons de ma couronne</l>
                    <l rendition="#indent-4">les chiens vous compissent à l'envi</l>
                </lg>
                <lg>
                    <l>Tu portes dans tes mains l'avenir</l>
                </lg>
                <lg>
                    <l rendition="#indent-3">Avec quelle candeur lyrique</l>
                    <l rendition="#indent-1">Tu traînais tes bottes éculées sur le pavé ardent</l>
                    <l rendition="#indent-1">où tremble</l>
                    <l rendition="#indent-4">Sphéroïdal</l>
                    <l rendition="#indent-6">l'élixir de dix siècles</l>
                    <l rendition="#indent-1">Carrefour focal de l'univers</l>
                </lg>
                <pb n="2" facs="../images/bljd_D_IV_1_019.jpg"/>
                <lg>
                    <l>Les servantes puait la graisse</l>
                    <l rendition="#indent-4">les ouvriers sentant le fer</l>
                    <l rendition="#indent-5">boivent au bar</l>
                    <l>Les poètes et les maquereaux</l>
                    <l rendition="#indent-2">ratissent l'argent d'une chartiste</l>
                    <l rendition="#indent-5">Echec et mat</l>
                    <l>Soir d'améthyste</l>
                </lg>
                <lg>
                    <l rendition="#indent-1">M. Bordeaux allume sa lanterne au bord de l'eau</l>
                </lg>
                <lg>
                    <l rendition="#indent-1">L'amant des phoques et des sirènes</l>
                    <l rendition="#indent-4">rêvait à l'ombre du Panthéon</l>
                    <l>Ce dirigeable en baudruche</l>
                    <l rendition="#indent-6">Cochon</l>
                    <l rendition="#indent-2">roulant mollement dans le ciel</l>
                </lg>
                <lg>
                    <l>Avenir ... Avenir ...</l>
                </lg>
                <lg>
                    <l rendition="#indent-5">qu'un aigle te crève</l>
                    <l rendition="#indent-3">Flambe en une bouffée d'enfer</l>
                    <l rendition="#indent-3">Le poète dédaigne les parachutes</l>
                    <l rendition="#indent-2">Mais il me faut des cailloux plein les poches</l>
                    <l rendition="#indent-4">des sacs remplis de sable pur</l>
                    <l rendition="#indent-2">Sinon les astres m'inspireraient</l>
                    <l rendition="#indent-6">rosée terrestre</l>
                </lg>
                <pb n="3" facs="../images/bljd_D_IV_1_020.jpg"/>
                <l rendition="#indent-1">"Tout le long du Missouri...."</l>
                <l rendition="#indent-3">" Flotte petit drapeau ..."</l>
                <l>Chante de ta bouche meurtrie dans un duel féroce</l>
                <l rendition="#indent-2">rose qui fait penser à l'autre rose</l>
                <l rendition="#indent-5"><space rendition="#indent-3"/>que tu portes</l>
                <l rendition="#indent-2">Petite putain tu t'es battue pour ton mâle</l>
                <l rendition="#indent-3">ardeur invincible de la race</l>
                <l rendition="#indent-1">La gloire est une belle guerrière jamais lasse</l>
                <l>Années d'autrefois...</l>
                <l rendition="#indent-4">Petits vieillards qui gravissiez la butte</l>
                <l rendition="#indent-2">Vous ne saviez pas qu'au sabbat du N° 13</l>
                <l rendition="#indent-3">bouillait un philtre de sorcière</l>
                <l rendition="#indent-4">Nous en écumons le bouillons</l>
                <l rendition="#indent-2">Un aéroplane lyrique</l>
                <l rendition="#indent-3">s'élève de la terrasse du Sacré-Coeur</l>
                <l>Compissez mes statues<space rendition="#indent-2"/>cabots lubriques</l>
                <l rendition="#indent-1">Elles élèvent une étoile au-dessus de leur tête</l>
                <l rendition="#indent-3">et me montrent au plein de la nuit</l>
                <l rendition="#indent-2">des points d'atterrissage dans Paris</l>
                <pb n="4" facs="../images/bljd_D_IV_1_021.jpg"/>
                <l>Voeux ardents vous montez de toutes les fenêtres</l>
                <l rendition="#indent-2">Panthéon<space rendition="#indent-1"/>Institut <space
                        rendition="#indent-1"/>grosses cloches</l>
                <l rendition="#indent-4">sonnent le glas des morts </l>
                <l rendition="#indent-1">J'adopte tous les enfants qui vagissent</l>
                <l rendition="#indent-2">Vagabonds Solitaires perdus dans Paris</l>
                <l rendition="#indent-1">cette lumière féconde les vierges</l>
                <l>Mes commandes vibrantes sont des nerfs</l>
                <l rendition="#indent-3">Chiens qui compissez mes statues</l>
                <l rendition="#indent-2">Vous hurlez longuement à la lune</l>
                <l>MON AVION BOUCLE LA BOUCLE</l>
            </div>
            <div>
                <!-- more vertical space throughout -->
                <pb n="5" facs="../images/bljd_D_IV_1_022.jpg"/>
                <head rendition="#titre-2">per carina mia</head>
                <l>Nuit lasse<space rendition="#indent-3"/>gloire d'or</l>
                <l rendition="#indent-2">Je veille solitaire flamme</l>
                <l>Dormez en paix après cette rude bataille</l>
                <l rendition="#indent-3">Sublimes vainqueurs alanguis</l>
                <l>Chaque lanterne s'en va dans l'ombre cherchant ses morts</l>
                <l rendition="#indent-4">QUI VIVE ! </l>
                <l rendition="#indent-1">Ce ciel d'étoiles étendu sur Paris</l>
            </div>
            <div>
                <pb n="6" facs="../images/bljd_D_IV_1_023.jpg"/>
                <head rendition="#titre-2">a <name>henri laurens</name></head>
                <l>C'est l'élan de l'escarpolette</l>
                <l>Mon coeur est demeuré sur le quai</l>
                <l rendition="#indent-5">O ce trou à la poitrine</l>
                <l rendition="#indent-5"> où le sang glousse</l>
                <l rendition="#indent-2">Partir</l>
                <l>Le soleil rôde comme une abeille</l>
                <l rendition="#indent-2"> 7 1/2 heures</l>
                <l rendition="#indent-1">Mes souliers sont lavés de rosée</l>
                <l>Quel baptême pour ce front</l>
                <l rendition="#indent-4">Orage lourd à l'horizon</l>
                <l rendition="#indent-5">une blancheur</l>
                <l rendition="#indent-3">Ma voisine a déplié son journal</l>
                <l rendition="#indent-4">Mon voisin crache</l>
                <l>Il est des eaux teintes d'azur</l>
                <l rendition="#indent-1">Gouttelettes sur ton sein pur</l>
                <l>Les rails nous mènent sur des gouffres</l>
                <l rendition="#indent-2">Raison lucide qui me conduit</l>
                <l rendition="#indent-2">Tu bailles au soleil et tu joues</l>
                <l rendition="#indent-1">Un tressaut</l>
                <l rendition="#indent-3">Est-ce la chute dans la nuit...</l>
                <pb n="7" facs="../images/bljd_D_IV_1_024.jpg"/>
                <l rendition="#indent-1">Plus vite</l>
                <l rendition="#indent-2">Sans la piste d'acier</l>
                <l rendition="#indent-1">La fumée s'accroche aux buissons</l>
                <l rendition="#indent-2">ma main qui pend à la portière</l>
                <l>Soldat qui chante</l>
                <l rendition="#indent-4">toi seul</l>
                <l rendition="#indent-6">a le coeur de chanter</l>
                <l rendition="#indent-3">Maisons heureuses<space rendition="#indent-1"/>collines
                    vertes</l>
                <l rendition="#indent-2">La source coule entre mes doigts </l>
                <l rendition="#indent-1">Si mes yeux pleurent ce sont les escarbilles</l>
                <l rendition="#indent-5">Une lampe</l>
                <l rendition="#indent-5">dans une chambre déserte</l>
                <l rendition="#indent-2">PARIS</l>
                <l rendition="#indent-4">Pas un sourire</l>
                <l rendition="#indent-2">Dans une nuit de zeppelins</l>
                <l rendition="#indent-2">Ma raison éclaire mon chemin</l>
            </div>
            <div>
                <pb n="8" facs="../images/bljd_D_IV_1_025.jpg"/>
                <head rendition="#titre-1">AUTOBUS</head>
                <l>Les autobus en feu traversent la nuit des ponts</l>
                <l rendition="#indent-1">TOUS ils s'élancent<space rendition="#indent-3"/>Zèbres</l>
                <l rendition="#indent-1">dans la même direction</l>
                <l rendition="#indent-5"><space rendition="#indent-2"/>Trempe ta plume dans
                    l'encrier</l>
                <l rendition="#indent-5"><space rendition="#indent-2"/>Où tremble un reflet de
                    lumière</l>
                <l rendition="#indent-3">Un frôlement <space rendition="#indent-1"/>un vol
                    s'étend</l>
                <l rendition="#indent-3">Quelle aile douce a le souffle qui passe</l>
                <l rendition="#indent-3">Phalènes rôdeuses comme des lunes</l>
                <l rendition="#indent-3">Voici un astre qui vient en dansant</l>
                <l rendition="#indent-4">tout ébloui de sa jeunesse</l>
                <l rendition="#indent-1">Amours</l>
                <l rendition="#indent-2">O solitude</l>
                <l rendition="#indent-4">Et vous</l>
                <l rendition="#indent-6">Exaltations</l>
                <l rendition="#indent-2">Mon oeil cligne à l'éclat des réverbères</l>
                <l>1916<space rendition="#indent-6"/>un an de plus</l>
                <l>Quand arrivera-t-il à la place des bicoques vibrantes</l>
                <l>Celui dont le coeur est une torche et la tête un manomètre</l>
                <pb n="9" facs="../images/bljd_D_IV_1_026.jpg"/>
                <l>Toujours passent les autobus</l>
                <l>Pleins de gens que je ne connais plus</l>
                <l rendition="#indent-5"><space rendition="#indent-2"/>OLLE</l>
                <l rendition="#indent-6">J'ai brisé mes tables de jeu</l>
                <l rendition="#indent-6">Et les éclats jetés aux cieux</l>
                <l rendition="#indent-5"><space rendition="#indent-2"/>sont mes étoiles</l>
                <l rendition="#indent-3">Par le ruelles les plus sombres</l>
                <l rendition="#indent-3">Où pas une prostituée ne rôde</l>
                <l rendition="#indent-3">Où l'on marche sur des bêtes molles et chaudes</l>
                <l rendition="#indent-3">Je vais<space rendition="#indent-1"/>éclairant la place
                    seule de mes pas</l>
                <l>SUR MES TALONS LA NUIT SE REFERME</l>
                <l rendition="#indent-3">AVEC UN BRUIT DE PORTE</l>
            </div>
            <div>
                <pb n="10" facs="../images/bljd_D_IV_1_027.jpg"/>
                <head rendition="#titre-2">a <name>guillaume apollinaire</name></head>
                <head rendition="#titre-1">ASTRE</head>
                <l>L'eau bouillonne au pied du <name>Pont Neuf</name></l>
                <l rendition="#indent-1">Marchandes de fleurs<space rendition="#indent-1"/>ô
                    bouquinistes</l>
                <l rendition="#indent-1">Bouges discrets de <name>la rue de Seine</name></l>
                <l rendition="#indent-2">l'Orient est rouge et bistre</l>
                <l>Un astre est tombé droit du ciel</l>
                <l rendition="#indent-1">Hennissements</l>
                <l rendition="#indent-4">Un vol tournoie</l>
                <l rendition="#indent-1">Margot a roulé sous la table</l>
                <l rendition="#indent-3">En ce limpide soir de printemps</l>
                <l rendition="#indent-4">plumes teintes de mon sang</l>
                <l rendition="#indent-3">tournpie l'oeil ardent d'un cigare</l>
                <l rendition="#indent-1">Petites gens</l>
                <l rendition="#indent-2">vos coeurs éclatent comme des grenades</l>
                <l>Vivre et mourir au soleil qui m'éclaire...</l>
                <l rendition="#indent-1">Chacun de vous n'a-t-il pas une étoile</l>
                <l rendition="#indent-3">sous les paupières</l>
                <l rendition="#indent-1">Avivez votre feu tremblant</l>
                <l rendition="#indent-4">Au <name>quai des Saints-Pères</name></l>
                <l rendition="#indent-4">Deux poètes se querellèrent</l>
                <l rendition="#indent-4">Et les voyous riaient riaient</l>
                <pb n="11" facs="../images/bljd_D_IV_1_028.jpg"/>
                <l>Une nébuleuse tournoie et siffle</l>
                <l rendition="#indent-2">Feu lustral<space rendition="#indent-1"/>Nudité
                    première</l>
                <l rendition="#indent-2">Bourre ta pipe</l>
                <l rendition="#indent-5">chausse tes bottes</l>
                <l rendition="#indent-2">Apprends à ton coeur à battre en cadence</l>
                <l rendition="#indent-2">La haine pure vole devant toi</l>
                <l rendition="#indent-2">L'ombre se tord dans la poussière</l>
                <l>O Victoire sur le passé<space rendition="#indent-2"/>FULGURANCE</l>
                <l rendition="#indent-2">Margot un astre t'a visitée</l>
                <l rendition="#indent-2">Viens au champs te rouler dans l'herbe</l>
                <l rendition="#indent-2">L'ivraie agacera tes fesses</l>
                <l rendition="#indent-3">Amour </l>
                <l rendition="#indent-4">rosée brillante sur ton sein</l>
                <l rendition="#indent-2">grappe de ciel</l>
                <l rendition="#indent-5">ivresse sainte</l>
                <l rendition="#indent-3">Aspiration vers la lumière</l>
                <l>O nuits à mes lèvres avides</l>
                <l rendition="#indent-3">Coupe écumante jusau'au bord</l>
                <l rendition="#indent-3">Astres pétillez sur mes lèvres</l>
                <l rendition="#indent-2">LA LUNE TOURNE ET ROUE</l>
            </div>
            <div>
                <pb n="12" facs="../images/bljd_D_IV_1_029.jpg"/>
                <head rendition="#titre-2">a <name>max jacob</name></head>
                <head rendition="#titre-1">NIETZSCHE</head>
                <l>Je danse sur la corde raide</l>
                <gap rendition="#gap" extent="17"/>
                <pb n="13" facs="../images/bljd_D_IV_1_030.jpg"/>
                <l>Il y a un rocher près de l'étoile de l'aube</l>
                <gap rendition="#gap" extent="21"/>
            </div>
            <pb n="14" facs="../images/bljd_D_IV_1_031.jpg"/>

            <div>
                <head rendition="#titre-2">a <name>emile dantinne</name></head>
                <l>Mes mains vibrent à l'eau qui passe</l>
                <l rendition="#indent-4">frileuse harpe</l>
                <l rendition="#indent-1">Les jours anciens<space rendition="#indent-2"/>guêpes dans
                    ma mémoire</l>
                <l rendition="#indent-3">Chantent</l>
                <l>Soleil</l>
                <l rendition="#indent-2">fleur qui naît sur la jour</l>
                <l rendition="#indent-1">Ma yole tourne dans les remous</l>
                <l rendition="#indent-2">Maisons jumelles dans l'eau qui glisse</l>
                <l rendition="#indent-1">passez</l>
                <l rendition="#indent-2">Une ombrelle me dit <space rendition="#indent-1"
                    />Espère...</l>
                <l rendition="#indent-3">Blessé qui te chauffes au soleil</l>
                <l rendition="#indent-2">Je m'en vais au fil de ma vie</l>
                <l rendition="#indent-4">mais tes plaies font souffrir ma chair</l>
                <l>Des roses</l>
                <l rendition="#indent-4">Un cheval nu</l>
                <l rendition="#indent-5"><space rendition="#indent-2"/>Lumière</l>
                <l rendition="#indent-1">Tu me tends en riant la touffe de bruyères</l>
                <l rendition="#indent-5"><space rendition="#indent-3"/>O blonde</l>
                <l rendition="#indent-2">mes mains plongent dans l'avenir</l>
                <l rendition="#indent-4">CONQUERIR...</l>
                <pb n="15" facs="../images/bljd_D_IV_1_032.jpg"/>
                <l rendition="#indent-2">Les voûtes m'ont happé</l>
                <l rendition="#indent-4">Mort proche</l>
                <l rendition="#indent-5"><space rendition="#indent-2"/>et seul</l>
                <l rendition="#indent-3">Mes lèvres tremblent</l>
                <l rendition="#indent-1">Brusques ténèbres je suis lumière</l>
                <l rendition="#indent-1">N'ai-je embarqué un tonnelet d'amour</l>
                <l rendition="#indent-6">Bois à la ronde</l>
                <l rendition="#indent-5">et danse avec l'aviron</l>
                <l rendition="#indent-1">Et quel falot que la gloire sur les eaux sombres</l>
                <l rendition="#indent-4">Une lueur</l>
                <l rendition="#indent-5"><space rendition="#indent-2"/>Hardi les coeurs</l>
                <l rendition="#indent-2">Mes bras battent comme des bielles</l>
                <l>Avenir</l>
                <l rendition="#indent-3">Ohé la chanson des rameurs</l>
                <l>La brune</l>
                <l rendition="#indent-2">en pleurs</l>
                <l rendition="#indent-4">dit sa</l>
                <l rendition="#indent-5">douleur</l>
                <l rendition="#indent-2">Je vais comme un poisson volant</l>
                <l rendition="#indent-4">qui passe d'une mer à l'autre</l>
                <l rendition="#indent-3">Vif aviron plonge et t'explore</l>
                <l rendition="#indent-2">VOICI DES ETOILES NOUVELLES</l>
            </div>
            <div>

                <pb n="16" facs="../images/bljd_D_IV_1_033.jpg"/>

                <head rendition="#titre-1">ROMANCE</head>
                <lg>
                    <l>Le pavé sonne sous la semelle</l>
                    <l>En route le joyeux troupier</l>
                    <l>Mon bâton ferré sème des étincelles</l>
                    <l>L'avenir s'ouvre comme une rose au coeur pommé</l>
                </lg>
                <lg>
                    <l rendition="#indent-1">Les dernières maisons <space/>ô chant de l'alouette</l>
                    <l>Têtes jointes</l>
                    <l rendition="#indent-4">en rire</l>
                    <l rendition="#indent-7">en pleurs</l>
                </lg>
                <lg>
                    <l rendition="#indent-5">Années d'autrefois</l>
                    <l rendition="#indent-3">Vous errez à l'ombre épaisse des bois</l>
                </lg>
                <lg>
                    <l>Mon bâton ferré</l>
                    <l rendition="#indent-3">volez étincelles</l>
                    <l rendition="#indent-1">Des regards plus doux que la pimprenelle</l>
                    <l rendition="#indent-6">ou le blond lilas</l>
                    <l rendition="#indent-3">m'attendent là-bas</l>
                </lg>
                <lg>
                    <l rendition="#indent-5">Tragiques années </l>
                    <l rendition="#indent-3">O mes souvenirs O mon pur désir</l>
                    <l rendition="#indent-3">Corolles par le sang tachées</l>
                </lg>
                <pb n="17" facs="../images/bljd_D_IV_1_034.jpg"/>
                <lg>
                    <l>Trimardeur pose ton paquet</l>
                    <l rendition="#indent-1">flatte ton chien</l>
                    <l rendition="#indent-4">Est-ce la pluie</l>
                    <l rendition="#indent-1">ou sa langue sur tes mains ...</l>
                    <l rendition="#indent-1">Le ciel sinistre <space/> quel noir mélange</l>
                    <l rendition="#indent-1">Tu laisses tomber ton baton</l>
                    <l rendition="#indent-5">Tu pleures</l>
                </lg>
                <lg>
                    <l rendition="#indent-1">Un peu de liqueur espérance</l>
                    <l rendition="#indent-3">tache le ciel à l'Orient</l>
                    <l rendition="#indent-1">Bois a ta gourde<space/>grand flandrin </l>
                    <l rendition="#indent-1">Prends ton bâton<space/>flatte ton chien</l>
                    <l rendition="#indent-1">Vivent les routes et les filles de France</l>
                </lg>
                <lg>
                    <l>Je vois là-bas une lumière ....</l>
                    <l rendition="#indent-1">Le pain dur craque sous mes dents</l>
                    <l>Je sens là-bas une chaleur...</l>
                    <l rendition="#indent-1">Soleil</l>
                    <l rendition="#indent-2">que<space/><space/><space/>Gloire pure comme
                        l'olive</l>
                    <l rendition="#indent-3">mon<space/>
                        <space/><space/>regards ardents</l>
                    <l rendition="#indent-4">orgueil<space/><space/>Victoire</l>
                    <l rendition="#indent-5">attend<space/>
                        <space/>Rire</l>
                </lg>
                <l rendition="#indent-1">Mon bâton sème des étoiles</l>
                <l rendition="#indent-1">Je chante au rythme de mes pas</l>
                <l>L'AVENIR qui croissait sur le bord du chemin</l>
                <l rendition="#indent-6">s'épanouira dans ma main</l>
            </div>
            <pb n="18" facs="../images/bljd_D_IV_1_035.jpg"/>
            <div n="8">
                <head rendition="#titre-2">a <name>juan gris</name></head>
                <head rendition="#titre-1">NORD-SUD</head>
                <lg>
                    <l>De <name>Montmartre</name> à <name>Montparnasse</name></l>
                    <l rendition="#indent-2">cheval de Troie</l>
                    <l rendition="#indent-5">pour la paix et la guerre</l>
                    <l>Tu vas et viens</l>
                    <l rendition="#indent-4">NORD-SUD</l>
                    <l>Coursier sonnaillant de lumière</l>
                </lg>
                <lg>
                    <l>Voûte de la chapelle</l>
                    <l rendition="#indent-5">grotte humide</l>
                    <l>Usine où l'huile coule sur les pièces d'acier</l>
                    <l rendition="#indent-2">Chambre des morts aux flammes de cierges</l>
                    <l>GARES</l>
                    <l rendition="#indent-2">refuges contre la beauté du ciel</l>
                    <l rendition="#indent-5">&#338;uvres d'art</l>
                    <l>Vos quais frémissent comme des embarcadères</l>
                </lg>
                <l rendition="#indent-3"
                    >T&#x2003;r&#x2003;a&#x2003;v&#x2003;e&#x2003;r&#x2003;s&#x2003;é&#x2003;e</l>
                <pb n="19" facs="../images/bljd_D_IV_1_036.jpg"/>
                <lg>
                    <l>La demoiselle qui perse les tickets</l>
                    <l rendition="#indent-2">jamais n'est remontée au jours</l>
                    <l>Comme les chevaux de mine aux robes couleurs de bière</l>
                    <l rendition="#indent-2">à mille pieds sous la terre elle fait l'amour</l>
                    <l>Nostalgique des Etoiles elle y mourra un jour</l>
                </lg>
                <lg>
                    <l>Rapides nous passons</l>
                    <l rendition="#indent-4">Nous émergeons dans la lumière</l>
                    <l><name>VAVIN</name><space rendition="#space-3"/><hi rend="curve">R o t o n d e</hi></l>
                    <l rendition="#indent-1">Cette station devrait s'appeler</l>
                    <l rendition="#indent-2">Nombril du monde</l>
                </lg>

                <lg>
                    <l>Par un trou de sape nous nous acheminons </l>
                    <l rendition="#indent-2">Paris là-haut nous ignore</l>
                    <l>Epanouissement d'une rose</l>
                    <l rendition="#indent-6 #i">Aurore</l>
                    <l rendition="#indent-1">Les belles filles au rire humide...</l>
                    <l>Comme les nihilistes</l>
                    <l rendition="#indent-2">c'est sous le regard de grands yeux peints</l>
                    <l rendition="#indent-1">que nous édifions un monde</l>
                    <l rendition="#indent-6">l'Avenir</l>
                </lg>
                <lg>
                    <l>Luttes ardentes</l>
                    <l rendition="#indent-3">Jeunes lions dans la caverne</l>
                    <l rendition="#indent-2">Morsures de haine ou d'amour on ne sait</l>
                    <l rendition="#indent-2">Flamme ronflante des lampes à souder</l>
                    <l rendition="#indent-3">Jeunesse et force puissamment se marient</l>
                    <l rendition="#indent-5">Vie</l>
                    <pb n="20" facs="../images/bljd_D_IV_1_037.jpg"/>
                    <l rendition="#indent-2">Pôle Nord</l>
                    <l rendition="#indent-7">Pôle Sud</l>
                </lg>
                <lg>
                    <l>Montmartre où laboure un géant</l>
                    <l rendition="#indent-1">où de bons ouvriers travaillent</l>
                    <l>Montparnasse qui tressaille</l>
                    <l rendition="#indent-3">locomotive lancée en un galop furieux</l>
                </lg>
                <lg>
                    <l rendition="#indent-1">Un peu de braise incandescente</l>
                    <l rendition="#indent-4">Gare à vos yeux </l>
                    <l rendition="#indent-2">Suprême badaud dilettante</l>
                </lg>
                <lg>
                    <l>Seins jumeaux</l>
                    <l rendition="#indent-5">Pôles de Paris</l>
                </lg>
                <l>L'ARC VOLTAIQUE JAILLIT</l>
                <l rendition="#indent-5">DANS LA NUIT</l>
            </div>
            <pb n="21" facs="../images/bljd_D_IV_1_038.jpg"/>
            <div n="12">
                <head rendition="#titre-2">a <name>marthe laurens</name></head>
                <lg>
                    <l>Est-ce un avion dans le ciel</l>
                    <l rendition="#indent-6">une abeille</l>
                </lg>
                <lg>
                    <l>O Souvenir tu chantes dans ma pensée</l>
                </lg>
                <lg>
                    <l>Rose blanche</l>
                    <l rendition="#indent-3">ton rire</l>
                    <l rendition="#indent-5">l'ombrelle verte</l>
                    <l rendition="#indent-1">Un papillon butin l'herbe</l>
                    <l rendition="#indent-1">La carpe saute au ruisseau d'acier</l>
                </lg>
                <lg>
                    <l rendition="#indent-1">Ma cigarette dans les arbres</l>
                    <l rendition="#indent-7">air de flûte</l>
                    <l rendition="#indent-1">Soleil<space/>ma tête bourdonne</l>
                </lg>
                <lg>
                    <l>Cette basse éternelle à l'horizon</l>
                    <l>Est-ce la chute d'eau</l>
                    <l rendition="#indent-5">OU LE CANON</l>
                </lg>
            </div>
            <pb n="22" facs="../images/bljd_D_IV_1_039.jpg"/>
            <div n="16">
                <head rendition="#titre-1">SPIRALES</head>
                <lg>
                    <l>Spirales qui percez l'inconnu de mon ciel</l>
                    <l>Ondoiements</l>
                    <l rendition="#indent-3">Coupes dans l'air tiède</l>
                    <l rendition="#indent-7">Verres</l>
                    <l>Une jeune lumière tremble sur ma tête</l>
                </lg>
                <lg>
                    <l rendition="#indent-4">O mare bleue dans l'oeil des biches</l>
                    <l rendition="#indent-6">Des rides vous plissent</l>
                    <l>Roseaux serpents frénétiques</l>
                    <l>Premières branches fraîches encore</l>
                    <l>Soies qui se froissent</l>
                    <l rendition="#indent-4">Je m'élève</l>
                    <l rendition="#indent-3">Un coup de talon bon nageur</l>
                    <l>NAISSANCE MAGNIFIQUE <space/>LA</l>
                    <l rendition="#indent-6"> LUMIERE</l>
                </lg>
                <lg>
                    <l>Plumes au vent</l>
                    <l rendition="#indent-3">oscille<space/>hésite</l>
                    <l>Monter<space/>virer <space/> ou redescendre</l>
                    <l>Mes poches sont pleines de cailloux</l>
                    <l rendition="#indent-1">Je nargue la bonne chance</l>
                </lg>
                <pb n="23" facs="../images/bljd_D_IV_1_040.jpg"/>
                <lg>
                    <l>Les routes du ciel montent devant moi</l>
                    <l rendition="#indent-6">Irai-je seul...</l>
                    <l>En route précieux amis</l>
                    <l rendition="#indent-2">A l'horizon fument les toits</l>
                    <l>Mettez vos gros souliers à clous</l>
                </lg>
                <lg>
                    <l>Fumer fumer sa pipe sur le borde du chemin</l>
                    <l>Faire naître un soleil rouge dans sa main<space/>EN</l>
                    <l>C'est ainsi que Dieu passe son temps<space/> ROUTE</l>
                    <l>lui pour qui tout manque d'imprévu...</l>
                    <l>lui que manque d'espérance...</l>
                </lg>
                <lg>
                    <l>Du courage ô toi que j'aimais</l>
                    <l rendition="#indent-3">Ton astre tremble au bout de l'avenue</l>
                    <l rendition="#indent-3">Couvre ton coeur du pur acier</l>
                    <l rendition="#indent-6">LUTTE</l>
                    <l rendition="#indent-2">Volutes</l>
                    <l>Vous frémissez au vent comme un drapeau</l>
                    <l>Chant de Victoire montez<space/>montez montez</l>
                    <l rendition="#indent-1">La route tremble sous mes sabots</l>
                    <l rendition="#indent-2">Mon poing brandit l'ardente torche</l>
                </lg>
                <lg>
                    <l>Sublime spirale d'acier</l>
                </lg>
                <l>LE CIEL POUDROIE D'ETOILES MORTES</l>
            </div>
            <div>
                <pb n="24" facs="../images/bljd_D_IV_1_041.jpg"/>
                <head rendition="#titre-2">a <name>alfredo casella</name></head>
                <l>Cette foule qui croit souffler la tempête</l>
                <lg>
                    <l rendition="#indent-2">Du vent dans les oreilles</l>
                    <l rendition="#indent-3">Et mes cheveux désespérés comme des vipères</l>
                </lg>
                <lg>
                    <l rendition="#indent-1">Danse </l>
                    <l rendition="#indent-3">ballotte</l>
                </lg>
                <lg>
                    <l>Vide ton coeur par dessus le bordage</l>
                    <l>Le pur éclair est tombé sur le mât</l>
                </lg>
                <lg>
                    <l rendition="#indent-2">Je me glisse par les manches à air</l>
                    <l rendition="#indent-1">Et remue d'étranges choses dans la cale</l>
                    <l rendition="#indent-2">Bible fripée</l>
                    <l rendition="#indent-3">Chat à neuf queues</l>
                    <l rendition="#indent-4">Habit brodé</l>
                </lg>
                <lg>
                    <l>La blanche écume déferle dans ton ame</l>
                </lg>
                <lg>
                    <l rendition="#indent-1">O pavillons des phonographes</l>
                    <l rendition="#indent-1">Le vent vous étouffe d'un poing dans la gorge</l>
                    <l rendition="#indent-1">Mais au coeur de la première nuit d'étoiles</l>
                    <l>Votre voix éraillée insultera encore la beauté et la force</l>
                    <l rendition="#indent-2">Impossible de vous tuer</l>
                </lg>
                <pb n="25" facs="../images/bljd_D_IV_1_042.jpg"/>
                <lg>
                    <l>Louvoyer</l>
                    <l rendition="indent-3">Non</l>
                    <l rendition="indent-5">VENT DEBOUT</l>
                    <l rendition="indent-1">Crachez-moi l'embrun à la face</l>
                    <l rendition="indent-1">Le ciel se fend<space/> Quelle Grimace</l>
                </lg>
                <lg>
                    <l rendition="#indent-4">Faim des requins</l>
                    <l rendition="#indent-4">haine des astres</l>

                    <l>Je vais</l>
                    <l rendition="#indent-3">la poitrine labourée des vents</l>
                    <l rendition="#indent-2">les yeux en pleurs dans la bourrasque</l>
                </lg>
                <lg>
                    <l rendition="#indent-1">Brille lanterne à l'étambot</l>
                    <l rendition="#indent-1">Inflexible <space/>l'aiguille demeure</l>
                </lg>
                <lg>
                    <l>Je sais où je veux aborder</l>
                    <l rendition="#indent-3">Je te vois Ile des Poètes</l>
                    <l rendition="#indent-2">Les cadavres s'y changent en fleurs</l>
                </lg>
                <l rendition="#indent-1">J'avance nu CONTRE LA TEMPETE</l>
            </div>
            <div>
                <pb n="26" facs="../images/bljd_D_IV_1_043.jpg"/>
                <head rendition="#titre-2">a <name>félix bodson</name></head>
                <!--l>A part la disposition typographique, rien d'intéressant</l>
         --><l>Je te poursuis biche lyrique</l>
                <gap extent="16" rendition="#gap"/>
                <pb n="27" facs="../images/bljd_D_IV_1_044.jpg"/>
                <l rendition="#indent-1">Mais tu me fuis</l>
                <gap extent="16" rendition="#gap"/>
                
            </div>

            <div>
                <pb n="28" facs="../images/bljd_D_IV_1_045.jpg"/>
                <head rendition="#titre-1">BOUTEFEU</head>
                <gap rendition="#gap" extent="16"/>
                <pb n="29" facs="../images/bljd_D_IV_1_046.jpg"/>
                <l>Les serpents dansent sur l'herbe seche</l>
                <gap rendition="#gap"/>
            </div>
            <div>
                <pb n="30" facs="../images/bljd_D_IV_1_047.jpg"/>
                <head rendition="#titre-2">a <name>emile mouzon</name></head>
                <head rendition="#titre-1">TOMBE</head>
                <l>Une aube blanche s'est épandue</l>
                <gap rendition="#gap"/>
                <pb n="31" facs="../images/bljd_D_IV_1_048.jpg"/>
                <l>Celui qui vint semant le soufre</l>
            </div>
            <div>
                <pb n="32" facs="../images/bljd_D_IV_1_049.jpg"/>
                <head rendition="#titre-2">l'étang la ville</head>
                <l>Les allumettes ne prennent pas</l>
                <l>Si la poudre était détrempée</l>
                <l rendition="#indent-3">Un jour froid</l>
                <l rendition="#indent-5">désespéré</l>
                <l>point mort de l'année</l>
                <l>Des ailes lourdes</l>
                <l rendition="#indent-3">Un rossignol</l>
                <l rendition="#indent-5">une source</l>
                <l>Le tabac est trop humide</l>
                <l>La pipe ne tire pas</l>
                <l>Bois donc un coup de vin Bibi</l>
                <l rendition="#indent-4">Mets du soleil dans tes entrailles</l>
                <l>Au loin </l>
                <l rendition="#indent-2">Le train siffle et passe sur des tôles</l>
                <l>L'étincelle butine la paille</l>
                <pb n="33" facs="../images/bljd_D_IV_1_050.jpg"/>
                <l rendition="#indent-1">Un lambeau de soleil traîne sur l'herbe</l>
                <l>VIF ECLAT</l>
                <l rendition="#indent-2">c'est un papillon blanc qui passe</l>
                <l rendition="#indent-2">Je fais s'essaimer les abeilles<space rendition="#indent-1"
                    />L</l>
                <l rendition="#indent-2">O sublime lampe qui m'éclaires<space rendition="#indent-1"
                    /> U</l>
                <l rendition="#indent-1">La ronde dans la clairière<space rendition="#indent-3"/>
                    M</l>
                <l rendition="#indent-3">Orgueil d'être vainqueur<space rendition="#indent-2"/>
                    I</l>
                <l rendition="#indent-4">Regards d'azur<space rendition="#indent-3"/> E</l>
                <l rendition="#indent-5"><space rendition="#indent-4"/> R</l>
                <l rendition="#indent-5"><space rendition="#indent-5"/> E</l>
                <l rendition="#indent-1">UN HOMME VIENT AVEC</l>
                <l rendition="#indent-2">UNE ETOILE DANS LE COEUR</l>
            </div>
            <div>
                <pb n="34" facs="../images/bljd_D_IV_1_051.jpg"/>
                <head rendition="#titre-2">a <name>madame greta prozor</name></head>
                <!-- <l>la disposition typographique rappelle le poème précédent.</l>
           -->
                <l>Les rails luisent</l>
                <gap rendition="#gap"/>
                <pb n="35" facs="../images/bljd_D_IV_1_052.jpg"/>
                <l>Alors adieu</l>
                <gap rendition="#gap"/>
            </div>
            <div>
                <pb n="36" facs="../images/bljd_D_IV_1_053.jpg"/>
                <head rendition="#titre-2">a <name>martini-zamai</name></head>
                <l>Eau de moire<space rendition="#indent-4"/>Soleil en gouttelettes</l>
                <gap rendition="#gap"/>
                <pb n="37" facs="../images/bljd_D_IV_1_054.jpg"/>
                <l rendition="indent-3">Etirement <space/>deux larmes perlent</l>
                <gap rendition="#gap"/>
            </div>
            <div>
                <pb n="38" facs="../images/bljd_D_IV_1_055.jpg"/>
                <head rendition="#titre-1">12 OCTOBRE</head>
                <!-- <l>rien de particulièrement futuriste : images d'animaux, en part. le serpent
                    et...</l>
            <l>(...) </l>-->
                <l> SIFFLE <space rendition="#indent-1"/>siffle serpent d'acier</l>
                <pb n="39" facs="../images/bljd_D_IV_1_056.jpg"/>
                <l>J'ai la haine du métal</l>
                <l rendition="#indent-5">et je l'admire</l>
                <l rendition="#indent-2">Fidèle émissaire du canon</l>
                <l rendition="#indent-1">Tu portes la mort dans l'air qui vibre</l>
                <gap rendition="#gap"/>
            </div>
            <div>
                <pb n="40" facs="../images/bljd_D_IV_1_057.jpg"/>
                <head rendition="#titre-1">GUETTEUR</head>
                <lg>
                    <l>Guetteur de ce matin pluvieux</l>
                    <gap rendition="#gap"/>
                </lg>
                <pb n="41" facs="../images/bljd_D_IV_1_058.jpg"/>
                <l>Pourquoi t'en viens-tu mon jeune desir</l>
                <gap rendition="#gap"/>
            </div>
            <div>
                <pb n="42" facs="../images/bljd_D_IV_1_059.jpg"/>
                <head rendition="#titre-1">EN CINQUIEME LIGNE</head>
                <l>Seche tes pleurs<space/>la laine file</l>
                <gap rendition="#gap"/>
                <!-- <l>la guerre en arrière plan</l>
           -->
                <pb n="43" facs="../images/bljd_D_IV_1_060.jpg"/>
                <l>Au bord des sources</l>
                <gap rendition="#gap"/>
            </div>
            <div>
                <pb n="44" facs="../images/bljd_D_IV_1_061.jpg"/>
                <head rendition="#titre-1">L'ANNEAU</head>
                <!-- <l>pas terrible, encore des serpents</l>
         -->
                <l>Je me love autour de ton coeur</l>
                <gap rendition="#gap"/>
                <pb n="45" facs="../images/bljd_D_IV_1_062.jpg"/>
                <l>Etire-toi voluptueusement</l>
                <gap rendition="#gap"/>
            </div>
            <div>
                <pb n="46" facs="../images/bljd_D_IV_1_063.jpg"/>
                <head rendition="#titre-2">a <name>henri matisse</name></head>
                <l>Cette aile pure dans les rues de Paris</l>
                <l rendition="#indent-3">Tramways blanches bastides</l>
                <l>Métros ombreux<space rendition="#indent-2"/>sous-bois constellés de lumières</l>
                <l rendition="#indent-3">Haleine âcre de la fougère</l>
                <l>Je presse &lt;&lt;Le Matin&gt;&gt; comme un billet d'amour</l>
                <l>Des ruisseaux courent dans les rails</l>
                <l rendition="#indent-5"><space rendition="#indent-2"/>si loin si loin</l>
                <l rendition="#indent-1">Une abeille au Pont Saint-Michel</l>
                <l rendition="#indent-5">Voyez mes larmes</l>
                <l>Aux Tuileries ont fait les foins</l>
                <l>Couleuvres de vos regards<space rendition="#indent-1"/>poudre de riz</l>
                <l rendition="#indent-3">ô demoiselles</l>
                <pb n="47" facs="../images/bljd_D_IV_1_064.jpg"/>
                <gap rendition="#gap"/>
                <l>L'AMOUR TOURBILLONNE COMME UN ASTRE</l>
            </div>
            <div>
                <pb n="48" facs="../images/bljd_D_IV_1_065.jpg"/>
                <head rendition="#titre-2">a <name>pierre reverdy</name></head>
                <!-- <l>disposition typographique plus dispersée dans l'espace, mais à part cela, aucune
                    image futuriste</l>-->
                <l>Saute a la corde</l>
                <gap rendition="#gap"/>
                <pb n="49" facs="../images/bljd_D_IV_1_066.jpg"/>
                <l>Quand tu danseras a <name>la Galette</name></l>
                <gap rendition="#gap"/>
                <pb n="50" facs="../images/bljd_D_IV_1_067.jpg"/>
                <l>O toi qui sautes</l>
                <gap rendition="#gap"/>
                <!-- graphic and blank page here in BLJD version -->
                <pb facs="../images/bljd_D_IV_1_0xx.jpg"/>
            </div>
            <div>
                <head rendition="#titre-2">a <name>carlos-lozano</name></head>
                <head rendition="#titre-1">SISLEY</head>
                <l>Les tramways chantent sur leurs rails</l>
                <l>Matinée aux rives du fleuve</l>
                <l>Ta pipe<space rendition="#indent-1"/>tes souliers à clous<space
                        rendition="#indent-1"/>ton chandail</l>
                <l rendition="#indent-2">Promène ta candeur</l>
                <l>Le ciel d'été vibre comme une cloche</l>
                <l>Jeunes années qui passez tendrement</l>
                <l>Le miel coule par toutes mes blessures</l>
                <l rendition="#indent-4">Tes reproches</l>
                <l>Bouleua d'argent</l>
                <l rendition="#indent-4">Chaînette à mes poignets</l>
                <l rendition="#indent-4">l'azur</l>
                <l>VA MODELE LE MONDE</l>
                <l rendition="#indent-2">AU GRE DE TES DESIRS</l>
            </div>
            <div>
                <pb facs="../images/bljd_D_IV_1_071.jpg"/>
                <l rendition="#titre-3">DOULEUR</l>
                <pb facs="../images/bljd_D_IV_1_072.jpg"/>
                <l>ET L'ORIENT</l>
                <l rendition="#indent-2">DES TENDRESSES HUMAINES</l>
                <l rendition="#indent-6">DEMAIN</l>
                <l rendition="#indent-3">Et le laurier plus âcre que la mer</l>
                <l>Un éclair pur ondule dans ta chair</l>
                <l>Regards d'orgueil <space rendition="#indent-4"/>Victoire</l>
                <l>MAIS LA MARGELLE DE TES LEVRES USEES</l>
            </div>
            <div>
                <pb facs="../images/bljd_D_IV_1_073.jpg"/>
                <head rendition="#titre-1">FLAMMES</head>
                <!-- <l>bof.....</l>
          -->
                <l>Cette plaie qui saigne a mon flanc...</l>
                <gap rendition="#gap"/>
                <pb facs="../images/bljd_D_IV_1_074.jpg"/>
                <l>Je me cramponne de mes mains tatonnantes</l>
                <gap rendition="#gap"/>
            </div>
            <div>
                <pb facs="../images/bljd_D_IV_1_075.jpg"/>
                <head rendition="#titre-2">a <name>vincent huidobro</name></head>
                <l>Tu te bandes comme un arc</l>
                <gap rendition="#gap"/>
                <pb facs="../images/bljd_D_IV_1_076.jpg"/>
                <l>Est-ce un monde en formation</l>
                <l rendition="#indent-1">qui tourne en sifflant tout au fond de mon être</l>
                <l>Il brûle</l>
                <l rendition="#indent-2">S'il allait apparaître</l>
                <l>Rosaire sanglant à la fenêtre</l>
                <l rendition="#indent-5">soleil couchant sur les marais</l>
                <l>LA BETE MORD</l>
                <l rendition="#indent-3">Voussure</l>
                <l rendition="#indent-4">Contracte le silence</l>
                <l>Ferme les yeux pour passer le gué</l>
                <l rendition="#indent-5"><space rendition="#indent-2"/> V</l>
                <l>A<space rendition="#indent-1"/>Je la piétine avec une ineffable rage I</l>
                <l rendition="#indent-5"><space rendition="#indent-4"/>C</l>
                <l>h<space rendition="#indent-1"/>Chant de triomphe<space rendition="#indent-5"/>
                    T</l>
                <l rendition="#indent-5"><space rendition="#indent-4"/> O</l>
                <l>!<space rendition="#indent-2"/>sur mon ennemi vaincu<space rendition="#indent-3"
                    /> I</l>
                <l rendition="#indent-5"><space rendition="#indent-4"/> R</l>
                <l rendition="#indent-5"><space rendition="#indent-5"/>E</l>
                <l>L'HOLOCAUSTE MONTE EN SPIRALES</l>
            </div>
            <div>
                <pb facs="../images/bljd_D_IV_1_077.jpg"/>
                <head rendition="#titre-2">a <name>blaise cendrars</name></head>
                <l>Etendu sur le dos dans la jeune bruyere</l>
                <gap rendition="#gap"/>
                <pb facs="../images/bljd_D_IV_1_078.jpg"/>
                <l>Un nuage de plui pour ma peine infinie</l>
                <gap rendition="#gap"/>
                <l rendition="#indent-2">MA TETE S'ECLAIRE</l>
                <l>COMME UNE AMPOULE INCANDESCENTE</l>
            </div>
            <div>
                <pb facs="../images/bljd_D_IV_1_079.jpg"/>
                <head rendition="#titre-1">MELUSINE</head>
                <l>Circee</l>
                <gap rendition="#gap"/>
                <pb facs="../images/bljd_D_IV_1_080.jpg"/>
                <l>Le suc frais de l'angelique</l>
                <gap rendition="#gap"/>
            </div>
            <div>
                <pb facs="../images/bljd_D_IV_1_081.jpg"/>
                <head rendition="#titre-2">sans dédicace</head>
                <!-- <l>encore des vipères</l>-->
                <l>Tes yeux loyaux</l>
                <gap rendition="#gap"/>
                <pb facs="../images/bljd_D_IV_1_082.jpg"/>
                <l>Du soleil sur le gazon</l>
                <gap rendition="#gap"/>
            </div>
            <div>
                <pb facs="../images/bljd_D_IV_1_083.jpg"/>
                <head rendition="#titre-3">GUERRE</head>
                <pb facs="../images/bljd_D_IV_1_084.jpg"/>
                <l rendition="#titre-4">a georges braque</l>
                <pb facs="../images/bljd_D_IV_1_085.jpg"/>
            </div>
            <div>
                <head rendition="#titre-1">Festin</head>
                <l>Ils ont tant canonne le Ciel que le voila crible de trous</l>
                <gap rendition="#gap"/>
                <l>Et ce carnage se poursuit depuis cent jours</l>
                <l rendition="#indent-2">J'ai plongée ma main dans toutes les blessures</l>
                <l rendition="#indent-1">il y a tant de morts que j'en ai oublié le nombre</l>
                <gap rendition="#gap"/>
                <pb facs="../images/bljd_D_IV_1_086.jpg"/>
                <l>Au ciel des Iles Anthropophages</l>
                <gap rendition="#gap"/>
                <l>Mais je ne veux pas qu'on voie tout ce carnage</l>
                <gap rendition="#gap"/>
                <l>ET LE PREMIER QUI S'APPROCHE</l>
                <l rendition="#indent-4">JE L'ABATS</l>
            </div>
            <div>
                <pb facs="../images/bljd_D_IV_1_087.jpg"/>
                <head rendition="#titre-2">a <name>erik satie</name></head>
                <head rendition="#titre-1">ECLAIRS</head>
                <l>Une chevelure de lumiere</l>
                <gap rendition="#gap"/>
                <l>Kodak tu immobilises des aspects du monde</l>
                <gap rendition="#gap"/>
                <l rendition="#indent-2">Mon passé est tombé dans l'herbe</l>
                <gap rendition="#gap"/>
                <l>Fusées éclairantes dans la nuit</l>
                <pb facs="../images/bljd_D_IV_1_088.jpg"/>
                <l>Que ta figure est pale</l>
                <gap rendition="#gap"/>
                <l>Ceux d'en face nous bombardent</l>
                <gap rendition="#gap"/>
                <l>C'est aujourd'hui</l>
                <l rendition="#indent-4">que j'ai lu</l>
                <l rendition="#indent-5"><space rendition="#indent-2"/>l'avenir</l>
                <pb facs="../images/bljd_D_IV_1_089.jpg"/>
                <l>Lave ton front dans les eclairs</l>
                <gap rendition="#gap"/>
                <l>MAIS LE DERNIER ECLAIR</l>
                <l rendition="#indent-3">M'A TROUE LA CERVELLE</l>
            </div>
            <div>
                <pb facs="../images/bljd_D_IV_1_090.jpg"/>
                <head rendition="#titre-2">a <name>jean cocteau</name></head>
                <l>Je joue à la paume avec les obus</l>
                <l rendition="#indent-2">Sur le bord du chemin</l>
                <l rendition="#indent-6">si pâle</l>
                <l>Madame</l>
                <l rendition="#indent-2">Le portrait est crevé d'une étoile de sang</l>
                <l>Pleure ton amant</l>
                <l rendition="#indent-1">QUI NE REVIENDRA PLUS</l>
            </div>
            <div>
                <pb facs="../images/bljd_D_IV_1_091.jpg"/>
                <head rendition="#titre-1">PLEURS</head>
                <l>Vos yeux laves</l>
                <gap rendition="#gap"/>
                <pb facs="../images/bljd_D_IV_1_092.jpg"/>
                <l>Jamais les astres n'ont ete si pres de nous</l>
                <gap rendition="#gap"/>
                <pb facs="../images/bljd_D_IV_1_093.jpg"/>
                <l>La guerre est entrée dans la vie</l>
                <gap rendition="#gap"/>
                <l>Vibration folle du volant</l>
                <l>Je veux piétiner les années</l>
                <gap rendition="#gap"/>
                <l rendition="#indent-2">QU'ILS SONT TENDRES</l>
                <l>LES YEUX DES FEMMES APRES L'ONDEE</l>
            </div>
            <div>
                <pb facs="../images/bljd_D_IV_1_094.jpg"/>
                <head rendition="#titre-2">a <name>kisling</name></head>
                <l>Etoile qui brille</l>
                <l rendition="#indent-4">Regarde humide</l>
                <l>Fil de la vierge</l>
                <l rendition="#indent-4">Pitié</l>
                <l rendition="#indent-5">flotte au vent</l>
                <l>Cette compresse sur mon coeur</l>
                <l rendition="#indent-1">Trop vite<space rendition="#indent-2"/>trop vite</l>
                <l rendition="#indent-5">et quel délire</l>
                <l rendition="#indent-1">Quelque chose vient de se casser</l>
                <l>dans la MECANIQUE DE MA VIE</l>
            </div>
            <div>
                <pb facs="../images/bljd_D_IV_1_095.jpg"/>
                <head rendition="#titre-2">a <name>edmond delsa</name></head>
                <head rendition="#titre-1">SPIRALES</head>
                <l>Montez au ciel fumées tragiques</l>
                <l>Si loin</l>
                <l rendition="#indent-3">Retourne-toi</l>
                <l>La bucolique sur sa flûte</l>
                <l>Chante la rivière rapide</l>
                <l>Dans les près passent les troupeaux</l>
                <l rendition="#indent-3">Volutes paisibles</l>
                <l rendition="#indent-2">Vous montiez aux toits des hameaux</l>
                <l>BATAILLES</l>
                <l rendition="#indent-3">et pillages</l>
                <l>Les exilés aux mains ouvertes</l>
                <l>Errent en tremblent dans la nuit</l>
                <l>Mon passé est une charogne dans l'herbe</l>
                <l>Fuis devant</l>
                <l rendition="#indent-3">ma cavale</l>
                <l rendition="#indent-5">fuis</l>
                <pb facs="../images/bljd_D_IV_1_096.jpg"/>
                <l>Torches rouges à l'horizon</l>
                <l>Ma bête la route est claire</l>
                <gap rendition="#gap"/>
                <l rendition="#indent-3">Vois les lourdes tornades</l>
                <l>De fumée âcre et de bétel</l>
                <l>Emplir la coupole du ciel</l>
                <l>ET TOUT NOTRE PASSE</l>
                <l rendition="#indent-1">QUI S'EN VA EN SPIRALES</l>
            </div>
            <div rendition="#landscape">
                <pb facs="../images/bljd_D_IV_1_097.jpg"/>
                <head rendition="#titre-2">a <name>jacques lipchitz</name></head>
                <head rendition="#titre-1">LE GRAND SACRIFICE</head>
                <l>Berger tanne comme une peau de bique</l>
                <gap rendition="#gap"/>
                <pb facs="../images/bljd_D_IV_1_098.jpg"/>
                <l>Trois soldats s'en allaient chantant</l>
                <gap rendition="#gap"/>
                <pb facs="../images/bljd_D_IV_1_099.jpg"/>
                <l>Ce grand oiseau qui monte au ciel</l>
                <gap rendition="#gap"/>
                <pb facs="../images/bljd_D_IV_1_100.jpg"/>
                <l>Ne rentre pas Berger</l>
                <gap rendition="#gap"/>
            </div>
            <div rendition="#portrait">
                <pb facs="../images/bljd_D_IV_1_101.jpg"/>
                <head rendition="#titre-2">a <name>marie blanchard</name></head>
                <l>Seul en mission dans l'air qui vibre</l>
                <l>Avion <space rendition="#indent-2"/>Avion</l>
                <l rendition="#indent-3">Je te mène comme mon corps</l>
                <l>Volonté</l>
                <l rendition="#indent-4">nerfs qui se tendent</l>
                <l rendition="#indent-2">Les ailerons se lèvent sans effort</l>
                <l rendition="#indent-5">MONTEE LYRIQUE</l>
                <l rendition="#indent-5">dans l'air qui tremble</l>
                <l>Ce bruit de moteur dans les nuages</l>
                <l rendition="#indent-5">Au dessous de moi</l>
                <l>Ami</l>
                <l rendition="#indent-2">Ennemi</l>
                <l rendition="#indent-4">Ma main sois sans émoi</l>
                <l rendition="#indent-2">C'est la vie</l>
                <l rendition="#indent-5">Vise</l>
                <pb facs="../images/bljd_D_IV_1_102.jpg"/>
                <l>Touché</l>
                <l rendition="#indent-6">Frère</l>
                <l rendition="#indent-5">Tu t'abîmes en spirales</l>
                <l rendition="#indent-6">tes ailes sifflent</l>
                <l>Hélas</l>
                <l rendition="#indent-1">Le ciel n'est-il pas assez vaste</l>
                <l rendition="#indent-2">Et l'Art</l>
                <l rendition="#indent-4">Et la Douleur...</l>
                <l>Mes lèvres frémissent</l>
                <l rendition="#indent-4">J'annonce à grands cris l'avenir</l>
                <l>Voici</l>
                <l rendition="#indent-1">J'apporte à tous le rameau d'olivier</l>
                <l>Je sème les roses premières</l>
                <l rendition="#indent-1">Que votre front se ceigne de laurier</l>
                <l>Mes mains sont pleines de lumière</l>
                <l rendition="#indent-2">Rivalité des avirons</l>
                <l>Planer sur d'heureuses campagnes</l>
                <l rendition="#indent-2">Montons</l>
                <l rendition="#indent-4">Toujours plus de hauteur</l>
                <l>Que nos moteurs fassent chanter le ciel</l>
                <l>Allons</l>
                <l rendition="#indent-2">Lequel de nous te crèvera</l>
                <l rendition="#indent-5"><space rendition="#indent-2"/>SOLEIL</l>
            </div>
            <div>
                <pb facs="../images/bljd_D_IV_1_103.jpg"/>
                <head rendition="#titre-2">a <name>andré derain</name></head>
                <l>Grimpé sur le plus haut des pins</l>
                <l rendition="#indent-4">marinier des amours errantes</l>
                <l rendition="#indent-5">Je te guette</l>
                <l rendition="#indent-1">Astre de France</l>
                <l rendition="#indent-4">Une voile flotte sur ton sein</l>
                <l rendition="#indent-3">Serre bien la rude écorce</l>
                <l rendition="#indent-4">VIGIE</l>
                <l rendition="#indent-2">De tes mains tièdes comme la nuit</l>
                <l>O tous ces yeux de hiboux qui me percent</l>
                <l rendition="#indent-5">Passé...</l>
                <l rendition="#indent-4">Fantômes au regard d'acier</l>
                <pb facs="../images/bljd_D_IV_1_104.jpg"/>
                <l>Est-ce le ciel d'été entre les branches</l>
                <l>Son <space rendition="#indent-5"/>Une dentelle sur se poitrine</l>
                <l rendition="#indent-1">pas</l>
                <l rendition="#indent-2">fait</l>
                <l rendition="#indent-3">craquer<space rendition="#indent-2"/>SILENCE</l>
                <l>Voici mon coeur<space rendition="#indent-2"/>des</l>
                <l rendition="#indent-2"> pour les abeilles<space rendition="#indent-1"/>choses</l>
                <l>Et mes yeux pour l'aigle tragique<space rendition="#indent-2"/>mortes</l>
                <l>Mes mains sont des fontaines où mes amis s'abreuvent</l>
                <l>Un grand cri monte comme une fusée éclairante</l>
                <l rendition="#indent-1">Serait-ce enfin la délivrance...</l>
                <l>Marinier des amours errantes</l>
                <l>Chaque nuits je viens te guetter</l>
                <l rendition="#indent-6">Voile où palpite l'espérance</l>
                <l rendition="#indent-6">Regards en pleurs</l>
                <l rendition="#indent-5"><space rendition="#indent-3"/>Orgueil altier</l>
                <l rendition="#indent-1">LA LUNE VIENT PER LE SENTIER</l>
            </div>
            <div>
                <pb facs="../images/bljd_D_IV_1_105.jpg"/>
                <l>LES POETES</l>
                <l rendition="#indent-4">auront <space rendition="#indent-4"/>désormais</l>
                <l>une corde de plus à leur lyre</l>
                <l>Elle sera faite</l>
                <l rendition="#indent-2">DU MEME ACIER QUE LES CANONS</l>
            </div>
        </body>
    </text>
</TEI>
