<?xml version="1.0" encoding="UTF-8"?>
<?xml-model href="http://www.tei-c.org/release/xml/tei/custom/schema/relaxng/tei_all.rng" schematypens="http://relaxng.org/ns/structure/1.0"?>
<?xml-stylesheet type="text/xsl" href="teibp.xsl"?>
<TEI xmlns:xi="http://www.w3.org/2001/XInclude" xmlns:svg="http://www.w3.org/2000/svg" xmlns:math="http://www.w3.org/1998/Math/MathML" xmlns="http://www.tei-c.org/ns/1.0" 
xmlns:html="http://www.w3.org/1999/xhtml">
	<teiHeader>
		<fileDesc>
			<titleStmt>
				<title type="main">TEI Boilerplate</title>
				<title type="sub">A template for TEI P5</title>
			</titleStmt>
			<publicationStmt>
			
				<publisher>Digital Culture Lab, School of Library &amp; Information Science, Indiana University</publisher>
				<pubPlace>Bloomington, IN</pubPlace>
				<availability status="free">
					<p>Copyright © 2012. TEI Boilerplate</p>
					<p>
					<ref n="license" target="http://creativecommons.org/licenses/by/3.0/"><figure style="border-width:0;"><figDesc>Creative Commons License</figDesc><graphic url="http://i.creativecommons.org/l/by/3.0/80x15.png"/></figure></ref><lb />TEI Boilerplate is licensed under a <ref n="license" target="http://creativecommons.org/licenses/by/3.0/">Creative Commons Attribution 3.0 Unported License</ref>.
					</p>
				</availability>
			</publicationStmt>
			<sourceDesc>
			<!-- For born digital documents, use something like: -->
                 <p>This TEI/XML document is the original source</p>
         	<!-- For documents transcribed from another source or sources, use <biblStruct>. -->
         	<!--
				<biblStruct>
					<analytic>
						<author>
						</author>
						<title>
						</title>
					</analytic>
					<monogr>
						<editor>
						</editor>
						<title>
						</title>
						<imprint>
							<pubPlace>
							</pubPlace>
							<publisher>
							</publisher>
							<date when="2011" /> 
						</imprint>
					</monogr>
				</biblStruct>
			-->
			<!-- The loosely structured <bibl> is also an option -->
			<!--
			<bibl></bibl>
			-->
			</sourceDesc>
		</fileDesc>
		<encodingDesc>
			<tagsDecl>	
				<!-- Basic text formatting: bold, italic, underline, "normal," etc. -->
				<rendition xml:id="b" n="tiebp:bold" scheme="css">
					font-weight:bold;
				</rendition> 
				
				<rendition xml:id="i" n="tiebp:italic" scheme="css">
					font-style:italic;
				</rendition> 
				
				<rendition xml:id="u" n="tiebp:underline" scheme="css">
					text-decoration:underline;
				</rendition> 
				
				<rendition xml:id="n" n="teibp:normal" scheme="css">
					font-weight:normal;
					text-decoration:none;
					font-style:normal;
				</rendition>
				
				<rendition xml:id="mono" n="teibp:mono" scheme="css">
					font-family:Monaco,Courier,monospace;
				</rendition>
				
				<rendition xml:id="super" n="tiebp:super" scheme="css">
					vertical-align:super;
					font-size:80%;
				</rendition>
				
				<rendition xml:id="sub" n="tiebp:sub" scheme="css">
					vertical-align:sub;
					font-size:80%;
				</rendition>
				
				<rendition xml:id="lowercase" n="tiebp:lowercase" scheme="css">
					text-transform:lowercase;
				</rendition>
				
				<rendition xml:id="uppercase" n="tiebp:uppercase" scheme="css">
					text-transform:uppercase;
				</rendition>
				
				<rendition xml:id="capitalize" n="tiebp:capitalize" scheme="css">
					text-transform:capitalize;
				</rendition>
				
				<rendition xml:id="small-caps" n="tiebp:small-caps" scheme="css">
					font-variant:small-caps;
				</rendition>
				
				<!-- Blocks. -->
				<rendition xml:id="block" n="tiebp:block" scheme="css">
					display:block;
				</rendition> 
				<rendition xml:id="block-margins" n="teibp:block-margins" scheme="css">
					display:block;
					margin-top:1em;
					margin-bottom:1em;
				</rendition>
				<rendition xml:id="blockquote" n="tiebp:blockquote" scheme="css">
					display:block;
					font-size:90%;
					margin-left:3em;
					padding-left:1em;
					border-left: 1px solid gray;
					margin-top:.75em;
					margin-bottom:.75em;
					padding-top:.75em;
					padding-bottom:.75em;
				</rendition>
				
				<rendition corresp="#blockquote" n="tiebp:blockquote" scheme="css" scope="before">
					<!-- This turns off the default generated quotes for block quotes. -->
					content:"" !important;
				</rendition>
				
				<rendition corresp="#blockquote" n="tiebp:blockquote" scheme="css" scope="after">
					<!-- This turns off the default generated quotes for block quotes. -->
					content:"" !important;
				</rendition>
				
				<rendition xml:id="codeblock" n="teibp:codeblock" scheme="css">
					display: block;
					font-size: 80%;
					margin-left: 1em;
					padding-left: 1em;
					border-left: 1px solid gray;
					margin-top: .75em;
					margin-bottom: .75em;
					padding-top: .75em;
					padding-bottom: .75em;
					font-family:Monaco,Courier,monospace;
					white-space:pre;
				</rendition>
				
				<!-- Inline -->
				
				<rendition xml:id="inline" n="teibp:inline" scheme="css">
					display:inline;
				</rendition>
				
				<!-- Alignment. -->
				<rendition xml:id="center" n="tiebp:center" scheme="css">
					display:block;
					text-align:center;
					margin-left:auto;
					margin-right:auto;
				</rendition>
				
				<rendition xml:id="left" n="teibp:left" scheme="css">
					text-align:left;
				</rendition>
				
				<rendition xml:id="right" n="teibp:right" scheme="css">
					text-align:right;
				</rendition>
				
				<rendition xml:id="justify" n="teibp:justify" scheme="css">
					text-align:justify;
				</rendition>
				
				<rendition xml:id="center-block" n="tiebp:center-block" scheme="css">
					display:block;
					margin-left:auto;
					margin-right:auto;
				</rendition>
				
				<!-- Indentation -->
				<rendition xml:id="hang" n="teibp:hang" scheme="css">
					display:block;
					padding-left:2.5em;
					text-indent:-2.5em;
				</rendition>
				
				<!-- Indentation for verse lines. Results in a “hanging” indent if
					the line wraps. -->
				<rendition xml:id="l-indent-01" n="tiebp:l-indent-01" scheme="css">
					display:block;
					padding-left:4em;
					text-indent:-2em;
				</rendition>
				
				<rendition xml:id="l-indent-02" n="tiebp:l-indent-02" scheme="css">
					display:block;
					padding-left:6em;
					text-indent:-2em;
				</rendition>
				
				<rendition xml:id="l-indent-03" n="tiebp:l-indent-03" scheme="css">
					display:block;
					padding-left:8em;
					text-indent:-2em;
				</rendition>
				
				<rendition xml:id="l-indent-04" n="tiebp:l-indent-04" scheme="css">
					display:block;
					padding-left:10em;
					text-indent:-2em;
				</rendition>
				
				<rendition xml:id="l-indent-05" n="tiebp:l-indent-05" scheme="css">
					display:block;
					padding-left:12em;
					text-indent:-2em;
				</rendition>
				
				<rendition xml:id="l-indent-06" n="tiebp:l-indent-06" scheme="css">
					display:block;
					padding-left:14em;
					text-indent:-2em;
				</rendition>
				
				<rendition xml:id="l-indent-07" n="tiebp:l-indent-07" scheme="css">
					display:block;
					padding-left:16em;
					text-indent:-2em;
				</rendition>
				
				<rendition xml:id="l-indent-08" n="tiebp:l-indent-08" scheme="css">
					display:block;
					padding-left:18em;
					text-indent:-2em;
				</rendition>
				
				<rendition xml:id="indent" n="tiebp:indent" scheme="css" scope="before">
					/* text-indent:4em; */
					/* The above method of describing an indentation for, say, a paragraph is preferred.
					The method being used is in response to a bug in some browsers whereby a block
					element, like a paragraph, is erroneously re-indented after interruption by another 
					block element (like a list, which is valid inside a paragraph). */
					content:"\A0\A0\A0\A0\A0\A0";
				</rendition>
				
				<!-- font sizes -->
				
				<rendition xml:id="small" n="tiebp:small" scheme="css">
					font-size:80%;
				</rendition>
				
				<rendition xml:id="x-small" n="tiebp:x-small" scheme="css">
					font-size:70%;
				</rendition>
				
				<rendition xml:id="xx-small" n="tiebp:xx-small" scheme="css">
					font-size:60%;
				</rendition>
				
				<rendition xml:id="large" n="tiebp:large" scheme="css">
					font-size:110%;
				</rendition>
				
				<rendition xml:id="x-large" n="tiebp:x-large" scheme="css">
					font-size:115%;
				</rendition>
				
				<rendition xml:id="xxx-large" n="tiebp:xxx-large" scheme="css">
					font-size:120%;
				</rendition>
				
				<rendition xml:id="bracket" n="teibp:bracket" scheme="css"/>
				
				<rendition corresp="#bracket" n="tiebp:bracket" scheme="css" scope="before">
					content:"&lt;";
				</rendition>
				
				<rendition corresp="#bracket" n="tiebp:bracket" scheme="css" scope="after">
					content:">";
				</rendition>
				<rendition xml:id="red" scheme="css" n="custom:red">
					color:red;
				</rendition>
			</tagsDecl>
		</encodingDesc>
	</teiHeader>
	<text>
		<body>
			<div type="dedication" xml:id="acs0000001-02-i000">
				<index corresp="acs0000001-02-i000-md.xml" indexName="text"/>
				<pb n="[v]" facs="../images/acs0000001-02-010.jpg"/>
				<head rendition="#center #uppercase">Dedication
					<hi rendition="#x-small #block"
						style="margin-top:2em;">to</hi>
					<persName key="mazzini" rendition="#block"
						style="margin-top:0;">Joseph
						Mazzini</persName>
				</head>
				<lg>
					<l n="1">
						<hi rendition="#small-caps"> Take</hi>, since you bade it should bear,</l>
					<l n="2" rendition="#l-indent-01"> These, of the seed of your sowing,</l>
					<l n="3" rendition="#l-indent-02"> Blossom or berry or weed.</l>
					<l n="4"> Sweet though they be not, or fair,</l>
					<l n="5" rendition="#l-indent-01"> That the dew of your word kept growing,</l>
					<l n="6" rendition="#l-indent-02"> Sweet at least was the seed.</l>
				</lg>
				<lg>
					<l n="7"> Men bring you love-offerings of tears,</l>
					<l n="8" rendition="#l-indent-01"> And sorrow the kiss that assuages,</l>
					<l n="9" rendition="#l-indent-02"> And slaves the hate-offering of wrongs,</l>
					<l n="10"> And time the thanksgiving of years,</l>
					<l n="11" rendition="#l-indent-01"> And years the thanksgiving of ages;</l>
					<l n="12" rendition="#l-indent-02"> I bring you my handful of songs.</l>
				</lg>
				<lg>
					<l n="13"> If a perfume be left, if a bloom,</l>
					<l n="14" rendition="#l-indent-01"> Let it live till <placeName>
						<country key="it">Italia</country>
					</placeName> be risen,</l>
					<l n="15" rendition="#l-indent-02"> To be strewn in the dust of her car</l>
					<l n="16"> When her voice shall awake from the tomb</l>
					<l n="17" rendition="#l-indent-01">
						<placeName><country key="gb-eng">England</country></placeName>, and <placeName><country key="fr">France</country></placeName> from her prison,</l>
					<l n="18" rendition="#l-indent-02"> Sisters, a star by a star.</l>
				</lg>
				<pb n="vi" facs="../images/acs0000001-02-011.jpg"/>
				<lg>
					<l n="19"> I bring you the sword of a song,</l>
					<l n="20" rendition="#l-indent-01"> The sword of my spirit's desire,</l>
					<l n="21" rendition="#l-indent-02"> Feeble; but laid at your feet,</l>
					<l n="22"> That which was weak shall be strong,</l>
					<l n="23" rendition="#l-indent-01"> That which was cold shall take fire,</l>
					<l n="24" rendition="#l-indent-02"> That which was bitter be sweet.</l>
				</lg>
				<lg>
					<l n="25"> It was wrought not with hands to smite,</l>
					<l n="26" rendition="#l-indent-01"> Nor hewn after swordsmiths' fashion,</l>
					<l n="27" rendition="#l-indent-02"> Nor tempered on anvil of steel;</l>
					<l n="28"> But with visions and dreams of the night,</l>
					<l n="29" rendition="#l-indent-01"> But with hope, and the patience of passion,</l>
					<l n="30" rendition="#l-indent-02"> And the signet of love for a seal.</l>
				</lg>
				<lg>
					<l n="31"> Be it witness, till one more strong,</l>
					<l n="32" rendition="#l-indent-01"> Till a loftier lyre, till a rarer</l>
					<l n="33" rendition="#l-indent-02"> Lute praise her better than I,</l>
					<l n="34"> Be it witness before you, my song,</l>
					<l n="35" rendition="#l-indent-01"> That I knew her, the world's banner-bearer,</l>
					<l n="36" rendition="#l-indent-02"> Who shall cry the republican cry.</l>
				</lg>
				<lg>
					<l n="37"> Yea, even she as at first,</l>
					<l n="38" rendition="#l-indent-01"> Yea, she alone and none other,</l>
					<l n="39" rendition="#l-indent-02"> Shall cast down, shall build up, shall bring home;</l>
					<l n="40"> Slake earth's hunger and thirst,</l>
					<l n="41" rendition="#l-indent-01"> Lighten, and lead as a mother;</l>
					<l n="42" rendition="#l-indent-02"> First name of the world's names, <placeName><settlement key="rome" type="city">Rome</settlement></placeName>.</l>
				</lg>
			</div>
		</body>
	</text>
</TEI>
