<?xml version="1.0" encoding="UTF-8"?>
<listPerson xmlns:tei="http://www.tei-c.org/ns/1.0">
    
    <person>
        <persName>pablo picasso</persName>
        <ref target="http://en.wikipedia.org/wiki/Pablo_Picasso"/>
    </person>
    <person>
        <persName>henri laurens</persName>
        <ref target="http://en.wikipedia.org/wiki/Henri_Laurens"/>
    </person>
    <person>
        <persName>guillaume apollinaire</persName>
        <ref target="http://en.wikipedia.org/wiki/Guillaume_Apollinaire"/>
    </person>
    <person>
        <persName>Pont Neuf</persName>
        <ref target=""/>
    </person>
    <person>
        <persName>la rue de Seine</persName>
        <ref target=""/>
    </person>
    <person>
        <persName>quai des Saints-Pères</persName>
        <ref target=""/>
    </person>
    <person>
        <persName>max jacob</persName>
        <ref target="http://en.wikipedia.org/wiki/Max_Jacob"/>
    </person>
    <person>
        <persName>emile dantinne</persName>
        <ref target="http://en.wikipedia.org/wiki/%C3%89mile_Dantinne"/>
    </person>
    <person>
        <persName>juan gris</persName>
        <ref target="http://en.wikipedia.org/wiki/Juan_Gris"/>
    </person>
    <person>
        <persName>Montmartre</persName>
        <ref target=""/>
    </person>
    <person>
        <persName>Montparnasse</persName>
        <ref target=""/>
    </person>
    <person>
        <persName>VAVIN</persName>
        <ref target=""/>
    </person>
    <person>
        <persName>marthe laurens</persName>
        <ref target="http://bluemountain.princeton.edu/bluemtn/cgi-bin/bluemtn?a=d&amp;d=bmtnaab192003-01.2.15.4&amp;e=-------en-20-bmtnaap-1--txt-txIN-doesburg------"/>
        <ref target="http://www.findagrave.com/cgi-bin/fg.cgi?page=gr&GRid=68901874ase"
    </person>
    <person>
        <persName>alfredo casella</persName>
        <ref target="http://en.wikipedia.org/wiki/Alfredo_Casella"/>
    </person>
    <person>
        <persName>félix bodson</persName>
        <ref target="http://www.aml-cfwb.be/catalogues/general/auteurs/3646"/>
    </person>
    <person>
        <persName>emile mouzon</persName>
        <ref target=""/>
    </person>
    <person>
        <persName>madame greta prozor</persName>
        <ref target="http://www.henri-matisse.net/paintings/ca.html"/>
    </person>
    <person>
        <persName>martini-zamai</persName>
        <ref target=""/>
    </person>
    <person>
        <persName>henri matisse</persName>
        <ref target="http://en.wikipedia.org/wiki/Henri_Matisse"/>
    </person>
    <person>
        <persName>pierre reverdy</persName>
        <ref target="http://en.wikipedia.org/wiki/Pierre_Reverdy"/>
    </person>
    <person>
        <persName>la Galette</persName>
        <ref target=""/>
    </person>
    <person>
        <persName>carlos-lozano</persName>
        <ref target=""/>
    </person>
    <person>
        <persName>vincent huidobro</persName>
        <ref target="http://en.wikipedia.org/wiki/Vicente_Huidobro"/>
    </person>
    <person>
        <persName>blaise cendrars</persName>
        <ref target="http://en.wikipedia.org/wiki/Blaise_Cendrars"/>
    </person>
    <person>
        <persName>erik satie</persName>
        <ref target="http://en.wikipedia.org/wiki/Erik_Satie"/>
    </person>
    <person>
        <persName>jean cocteau</persName>
        <ref target="http://en.wikipedia.org/wiki/Jean_Cocteau"/>
    </person>
    <person>
        <persName>kisling</persName>
        <ref target="http://en.wikipedia.org/wiki/Mo%C3%AFse_Kisling"/>
    </person>
    <person>
        <persName>edmond delsa</persName>
        <ref target="http://www.blouinartinfo.com/artists/49304-edmond-delsa"/>
    </person>
    <person>
        <persName>jacques lipchitz</persName>
        <ref target="http://en.wikipedia.org/wiki/Jacques_Lipchitz"/>
    </person>
    <person>
        <persName>marie blanchard</persName>
        <ref target="http://fr.wikipedia.org/wiki/Mar%C3%ADa_Blanchard">(?)</ref>
    </person>
    <person>
        <persName>andré derain</persName>
        <ref target="http://en.wikipedia.org/wiki/Andr%C3%A9_Derain"/>
    </person>
</listPerson>
