<?xml version="1.0" encoding="UTF-8"?>
<?xml-stylesheet type="text/xsl" href="teibp.xsl"?>
<TEI xmlns="http://www.tei-c.org/ns/1.0">
   <teiHeader>
      <fileDesc>
         <titleStmt>
            <title>Demonstrateur SPIRALES</title>
	    <respStmt>
<resp>version TEI</resp>
<name>Lou Burnard Consulting</name></respStmt>
<resp>Transcription en Word</resp>
<name>Barbara Meazzi</name>
</titleStmt>
         <publicationStmt>
            <p>Version demonstrateur: a ne pas diffuser</p>
         </publicationStmt>
         <sourceDesc>
            <bibl><title>Spirales</title>
<author>Paul Dermee</author>
<publisher></publisher>
<date>1917</date>
</bibl>
         </sourceDesc>
      </fileDesc>
   </teiHeader>
   <text>
      <body>
	<figure>
	<graphic url="PaulDermeePortrait.jpg"/>
	</figure>
        <list>
           <item><ref target="spirales-ms.xml">Pages manuscrites</ref></item>
           <item><ref target="pp33a40.tei.xml">Version imprimée, pages 33 - 40</ref></item>
<item><ref target="complete.tei.xml">Version imprimée, complète</ref></item>
        </list>
      </body>
   </text>
</TEI>
