<?xml version="1.0" encoding="UTF-8"?>
<?xml-stylesheet type="text/css" href="monster.css"?>
<XML>

    <Titel>Einleitung: "Monster" von <Band>Wir sind Helden</Band></Titel>
    <Einleitung>
        <Absatz>"<Album>Die Reklamation</Album> ist das erste Album der deutschen Musikgruppe
                <Band>Wir sind Helden</Band> und wurde am 7. Juli 2003 veröffentlicht. Unmittelbar
            nach der Veröffentlichung stieg es auf Platz 6 der deutschen Album-Charts ein und
            erreichte später Platz 2. </Absatz>
        <Absatz><Album>Die Reklamation</Album> gehört zu einem der meistverkauften deutschen Alben
            überhaupt und erreichte Doppel-Platin. In Österreich erreichte das Album Platz 3 der
            Charts und in der Schweiz Platz 38. 2004 erschien das Album in einer neuen Version mit
            rotem Titelbild und einer Bonus-DVD, die es auch separat zu kaufen gab."
            (Wikipedia)</Absatz>
    </Einleitung>

    <Lied typ="Deutschpop">
        <Titel>Monster</Titel>

        <Strophe>
            <Zeile>Jetzt stehst du da in deiner Drachentöterhose</Zeile>
            <Zeile>Du sagst du willst mich und du ziehst jetzt bei mir ein</Zeile>
            <Zeile>Weißt du ich mag dich und ich mag sogar die Rose</Zeile>
            <Zeile>Aber weißt du ich wohn hier nicht allein</Zeile>
        </Strophe>

        <Strophe>
            <Zeile>Ich glaub du kannst es hören da im Nebenzimmer </Zeile>
            <Zeile>Hörst du es atmen hörst du es kratzen an der Wand </Zeile>
            <Zeile>Denk dir ein großes Tier und denk es dir noch schlimmer </Zeile>
            <Zeile>mein Monster beißt nicht es frisst dich aus der Hand</Zeile>
        </Strophe>

        <Refrain>
            <Zeile>Kannst du mein Monster halten </Zeile>
            <Zeile>Kannst du mein Monster halten </Zeile>
            <Zeile>Kannst du kannst du?</Zeile>
        </Refrain>

        <Strophe>
            <Zeile>Ein gefräßiges Feuer wärmt ihm seine Glieder </Zeile>
            <Zeile>Sein Atem brennt sein Blick ist tot und kalt </Zeile>
            <Zeile>Mein Monster ist blind es trampelt alles nieder </Zeile>
            <Zeile>Wenn es sich losreißt rufst du dann vielleicht halt? </Zeile>
            <Zeile>Siehst du die scharfen Krallen? Siehst du die Zähne? </Zeile>
            <Zeile>Hörst du das Grollen tief in seinem Bauch? </Zeile>
            <Zeile>Ich seh deine Beine zittern- nur dass ich´s erwähne- </Zeile>
            <Zeile>wenn ich das merke merkt mein Monster das auch</Zeile>
        </Strophe>

        <Refrain>
            <Zeile>Kannst du mein Monster halten </Zeile>
            <Zeile>Kannst du mein Monster halten </Zeile>
            <Zeile>Kannst du kannst du?</Zeile>
        </Refrain>

        <Schlussrefrain>
            <Zeile>Kannst du mein Monster halten </Zeile>
            <Zeile>Hältst du es aus? </Zeile>
            <Zeile>Kannst du mein Monster halten </Zeile>
            <Zeile>ansonsten ... Raus</Zeile>
        </Schlussrefrain>
    </Lied>
</XML>
