<?xml version="1.0" encoding="UTF-8"?>
<TEI xmlns="http://www.tei-c.org/ns/1.0" xmlns:rng="http://relaxng.org/ns/structure/1.0" xml:lang="en"><teiHeader><fileDesc><titleStmt><title>TEIOpenedition10</title><author>Romain Boistel</author></titleStmt><publicationStmt><availability status="free"><p>This template file is freely available and you are hereby authorised to copy,
						modify, and redistribute it in any way without further reference or
						permissions.</p><p>When making such modifications, you are strongly recommended to change the
						present text to include an accurate statement of the licencing conditions
						applicable to your modified text.</p></availability></publicationStmt><notesStmt><note type="ns">http://www.lodel.org/701</note></notesStmt><sourceDesc><p>Written from scratch.</p></sourceDesc></fileDesc></teiHeader><text><body><head>TEI Complete</head><p/><p>However, this particular TEI customization is <emph>not recommended</emph> for actual
				use for encoding documents. It produces schemas and reference documentation that
				will be much larger, and include many more elements, than almost anyone could
				conceivably ever need. Tempting though it may be simply to have absolutely
				everything, and <q>just ignore</q> elements not required, experience has shown that
				their presence makes the documentation harder to read and use, and makes a schema
				that is far more lax than desired.</p><schemaSpec ident="tei.openedition.1.0" start="TEI teiCorpus" prefix="" docLang="en"><moduleRef key="tei"/><!-- required --><moduleRef key="core" except="add addrLine address analytic biblStruct binaryObject cb choice cit citedRange corr del distinct divGen emph expan foreign gap gb gloss headItem headLabel imprint index l lg measure measureGrp media mentioned milestone monogr num orig postBox postCode quote reg rs said series sic soCalled sp speaker stage street teiCorpus term textLang time unclear"/><!-- required --><moduleRef key="analysis" except="c cl interp interpGrp m pc phr span spanGrp w"/><moduleRef key="figures" except="figDesc formula notatedMusic"/><moduleRef key="header" except="authority cRefPattern calendar calendarDesc catDesc catRef category change classCode classDecl correction creation distributor editionStmt editorialDecl funder geoDecl handNote hyphenation interpretation licence listChange listPrefixDef namespace normalization prefixDef principal quotation refState refsDecl revisionDesc samplingDecl scriptNote segmentation seriesStmt sponsor stdVals styleDefDecl tagUsage taxonomy typeNote"/><!-- required --><moduleRef key="linking" except="alt altGrp join joinGrp link linkGrp seg timeline when"/><moduleRef key="namesdates" except="addName age birth bloc climate country death district education event faith floruit genName geo geogFeat geogName langKnowledge langKnown listEvent listNym listOrg listPerson listPlace listRelation location nameLink nationality nym occupation offset org person personGrp place placeName population region relation relationGrp residence settlement sex socecStatus state terrain trait"/><moduleRef key="textstructure" except="argument byline closer dateline div1 div2 div3 div4 div5 div6 div7 docAuthor docDate docEdition docImprint docTitle epigraph floatingText group imprimatur opener postscript salute signed titlePage titlePart trailer"/><!-- required --><elementSpec ident="TEI" module="textstructure" mode="change"><content><rng:group xmlns="http://relaxng.org/ns/structure/1.0"><rng:ref name="teiHeader"/><rng:ref name="text"/></rng:group></content><attList><attDef ident="ana" mode="delete"/><attDef ident="change" mode="delete"/><attDef ident="copyOf" mode="delete"/><attDef ident="corresp" mode="delete"/><attDef ident="exclude" mode="delete"/><attDef ident="facs" mode="delete"/><attDef ident="n" mode="delete"/><attDef ident="next" mode="delete"/><attDef ident="prev" mode="delete"/><attDef ident="rend" mode="delete"/><attDef ident="rendition" mode="delete"/><attDef ident="sameAs" mode="delete"/><attDef ident="select" mode="delete"/><attDef ident="style" mode="delete"/><attDef ident="synch" mode="delete"/><attDef ident="version" mode="delete"/><attDef ident="xml:base" mode="delete"/><attDef ident="xml:lang" mode="delete"/><attDef ident="xml:space" mode="delete"/></attList></elementSpec><elementSpec ident="teiHeader" module="header" mode="change"><content><rng:group xmlns="http://relaxng.org/ns/structure/1.0"><rng:ref name="fileDesc"/><rng:zeroOrMore><rng:ref name="model.teiHeaderPart"/></rng:zeroOrMore></rng:group></content><attList><attDef ident="ana" mode="delete"/><attDef ident="change" mode="delete"/><attDef ident="copyOf" mode="delete"/><attDef ident="corresp" mode="delete"/><attDef ident="exclude" mode="delete"/><attDef ident="facs" mode="delete"/><attDef ident="n" mode="delete"/><attDef ident="next" mode="delete"/><attDef ident="prev" mode="delete"/><attDef ident="rend" mode="delete"/><attDef ident="rendition" mode="delete"/><attDef ident="sameAs" mode="delete"/><attDef ident="select" mode="delete"/><attDef ident="style" mode="delete"/><attDef ident="synch" mode="delete"/><attDef ident="type" mode="delete"/><attDef ident="xml:base" mode="delete"/><attDef ident="xml:space" mode="delete"/></attList></elementSpec><elementSpec ident="fileDesc" module="header" mode="change"><content><rng:group xmlns:rng="http://relaxng.org/ns/structure/1.0"><rng:group><rng:ref name="titleStmt"/><rng:ref name="publicationStmt"/></rng:group><rng:oneOrMore><rng:ref name="sourceDesc"/></rng:oneOrMore></rng:group></content><attList><attDef ident="ana" mode="delete"/><attDef ident="change" mode="delete"/><attDef ident="copyOf" mode="delete"/><attDef ident="corresp" mode="delete"/><attDef ident="exclude" mode="delete"/><attDef ident="facs" mode="delete"/><attDef ident="n" mode="delete"/><attDef ident="next" mode="delete"/><attDef ident="prev" mode="delete"/><attDef ident="rend" mode="delete"/><attDef ident="rendition" mode="delete"/><attDef ident="sameAs" mode="delete"/><attDef ident="select" mode="delete"/><attDef ident="style" mode="delete"/><attDef ident="synch" mode="delete"/><attDef ident="xml:base" mode="delete"/><attDef ident="xml:lang" mode="delete"/><attDef ident="xml:space" mode="delete"/></attList></elementSpec><elementSpec ident="titleStmt" module="header" mode="change"><content><rng:group xmlns="http://relaxng.org/ns/structure/1.0"><rng:oneOrMore><rng:ref name="title"/></rng:oneOrMore><rng:zeroOrMore><choice><ref name="author"/><ref name="editor"/><ref name="respStmt"/></choice></rng:zeroOrMore></rng:group></content><attList><attDef ident="ana" mode="delete"/><attDef ident="change" mode="delete"/><attDef ident="copyOf" mode="delete"/><attDef ident="corresp" mode="delete"/><attDef ident="exclude" mode="delete"/><attDef ident="facs" mode="delete"/><attDef ident="n" mode="delete"/><attDef ident="next" mode="delete"/><attDef ident="prev" mode="delete"/><attDef ident="rend" mode="delete"/><attDef ident="rendition" mode="delete"/><attDef ident="sameAs" mode="delete"/><attDef ident="select" mode="delete"/><attDef ident="style" mode="delete"/><attDef ident="synch" mode="delete"/><attDef ident="xml:base" mode="delete"/><attDef ident="xml:lang" mode="delete"/><attDef ident="xml:space" mode="delete"/></attList></elementSpec><elementSpec ident="title" module="core" mode="change" ns=""><content><rng:zeroOrMore><rng:choice><rng:text/><rng:ref name="model.segLike"/><rng:ref name="model.hiLike"/><rng:ref name="model.noteLike"/><rng:ref name="model.milestoneLike"/></rng:choice></rng:zeroOrMore></content><attList><attDef ident="ana" mode="delete"/><attDef ident="change" mode="delete"/><attDef ident="copyOf" mode="delete"/><attDef ident="corresp" mode="delete"/><attDef ident="exclude" mode="delete"/><attDef ident="facs" mode="delete"/><attDef ident="key" mode="delete"/><attDef ident="n" mode="delete"/><attDef ident="next" mode="delete"/><attDef ident="prev" mode="delete"/><attDef ident="ref" mode="delete"/><attDef ident="rend" mode="delete"/><attDef ident="sameAs" mode="delete"/><attDef ident="select" mode="delete"/><attDef ident="style" mode="delete"/><attDef ident="subtype" mode="delete"/><attDef ident="synch" mode="delete"/><attDef ident="xml:base" mode="delete"/><attDef ident="xml:space" mode="delete"/></attList></elementSpec><elementSpec ident="author" module="core" mode="change" ns=""><attList><attDef ident="ana" mode="delete"/><attDef ident="change" mode="delete"/><attDef ident="copyOf" mode="delete"/><attDef ident="corresp" mode="delete"/><attDef ident="exclude" mode="delete"/><attDef ident="facs" mode="delete"/><attDef ident="key" mode="delete"/><attDef ident="n" mode="delete"/><attDef ident="next" mode="delete"/><attDef ident="nymRef" mode="delete"/><attDef ident="prev" mode="delete"/><attDef ident="ref" mode="delete"/><attDef ident="rend" mode="delete"/><attDef ident="rendition" mode="delete"/><attDef ident="role" mode="delete"/><attDef ident="sameAs" mode="delete"/><attDef ident="select" mode="delete"/><attDef ident="style" mode="delete"/><attDef ident="synch" mode="delete"/><attDef ident="xml:base" mode="delete"/><attDef ident="xml:lang" mode="delete"/><attDef ident="xml:space" mode="delete"/></attList><content><rng:zeroOrMore xmlns="http://relaxng.org/ns/structure/1.0"><rng:choice xmlns="http://relaxng.org/ns/structure/1.0"><rng:text/><rng:ref name="model.segLike"/><rng:ref name="model.hiLike"/><rng:ref name="model.ptrLike"/><rng:ref name="model.milestoneLike"/><rng:ref name="model.noteLike"/><rng:ref name="model.addressLike"/><rng:ref name="surname"/><rng:ref name="forename"/><rng:ref name="orgName"/><rng:ref name="roleName"/><rng:ref name="name"/><rng:ref name="persName"/></rng:choice></rng:zeroOrMore></content></elementSpec><elementSpec ident="editor" module="core" mode="change" ns=""><attList><attDef ident="ana" mode="delete"/><attDef ident="change" mode="delete"/><attDef ident="copyOf" mode="delete"/><attDef ident="corresp" mode="delete"/><attDef ident="exclude" mode="delete"/><attDef ident="facs" mode="delete"/><attDef ident="key" mode="delete"/><attDef ident="n" mode="delete"/><attDef ident="next" mode="delete"/><attDef ident="nymRef" mode="delete"/><attDef ident="prev" mode="delete"/><attDef ident="ref" mode="delete"/><attDef ident="rend" mode="delete"/><attDef ident="rendition" mode="delete"/><attDef ident="sameAs" mode="delete"/><attDef ident="select" mode="delete"/><attDef ident="style" mode="delete"/><attDef ident="synch" mode="delete"/><attDef ident="xml:base" mode="delete"/><attDef ident="xml:lang" mode="delete"/><attDef ident="xml:space" mode="delete"/><attDef ident="role" mode="change"><datatype minOccurs="1" maxOccurs="1"><rng:ref name="data.enumerated"/></datatype><valList type="closed" mode="replace"><valItem ident="translator"/></valList></attDef></attList><content><rng:zeroOrMore xmlns="http://relaxng.org/ns/structure/1.0"><rng:choice xmlns="http://relaxng.org/ns/structure/1.0"><rng:text/><rng:ref name="model.segLike"/><rng:ref name="model.hiLike"/><rng:ref name="model.ptrLike"/><rng:ref name="model.milestoneLike"/><rng:ref name="model.noteLike"/><rng:ref name="model.addressLike"/><rng:ref name="surname"/><rng:ref name="forename"/><rng:ref name="orgName"/><rng:ref name="roleName"/><rng:ref name="name"/><rng:ref name="persName"/></rng:choice></rng:zeroOrMore></content></elementSpec><elementSpec ident="name" module="core" mode="change"><content><rng:zeroOrMore xmlns="http://relaxng.org/ns/structure/1.0"><rng:choice xmlns="http://relaxng.org/ns/structure/1.0"><rng:text xmlns="http://relaxng.org/ns/structure/1.0"/><rng:ref xmlns="http://relaxng.org/ns/structure/1.0" name="model.hiLike"/><rng:ref xmlns="http://relaxng.org/ns/structure/1.0" name="model.segLike"/><rng:ref xmlns="http://relaxng.org/ns/structure/1.0" name="model.milestoneLike"/><rng:ref xmlns="http://relaxng.org/ns/structure/1.0" name="model.noteLike"/></rng:choice></rng:zeroOrMore></content><attList><attDef ident="ana" mode="delete"/><attDef ident="atLeast" mode="delete"/><attDef ident="atMost" mode="delete"/><attDef ident="calendar" mode="delete"/><attDef ident="cert" mode="delete"/><attDef ident="change" mode="delete"/><attDef ident="confidence" mode="delete"/><attDef ident="copyOf" mode="delete"/><attDef ident="corresp" mode="delete"/><attDef ident="datingMethod" mode="delete"/><attDef ident="datingPoint" mode="delete"/><attDef ident="evidence" mode="delete"/><attDef ident="exclude" mode="delete"/><attDef ident="extent" mode="delete"/><attDef ident="facs" mode="delete"/><attDef ident="from" mode="delete"/><attDef ident="from-custom" mode="delete"/><attDef ident="from-iso" mode="delete"/><attDef ident="instant" mode="delete"/><attDef ident="key" mode="delete"/><attDef ident="max" mode="delete"/><attDef ident="min" mode="delete"/><attDef ident="n" mode="delete"/><attDef ident="next" mode="delete"/><attDef ident="notAfter" mode="delete"/><attDef ident="notAfter-custom" mode="delete"/><attDef ident="notAfter-iso" mode="delete"/><attDef ident="notBefore" mode="delete"/><attDef ident="notBefore-custom" mode="delete"/><attDef ident="notBefore-iso" mode="delete"/><attDef ident="nymRef" mode="delete"/><attDef ident="period" mode="delete"/><attDef ident="precision" mode="delete"/><attDef ident="prev" mode="delete"/><attDef ident="quantity" mode="delete"/><attDef ident="ref" mode="delete"/><attDef ident="rend" mode="delete"/><attDef ident="rendition" mode="delete"/><attDef ident="resp" mode="delete"/><attDef ident="role" mode="delete"/><attDef ident="sameAs" mode="delete"/><attDef ident="scope" mode="delete"/><attDef ident="select" mode="delete"/><attDef ident="sort" mode="delete"/><attDef ident="source" mode="delete"/><attDef ident="style" mode="delete"/><attDef ident="subtype" mode="delete"/><attDef ident="synch" mode="delete"/><attDef ident="to" mode="delete"/><attDef ident="to-custom" mode="delete"/><attDef ident="to-iso" mode="delete"/><attDef ident="type" mode="delete"/><attDef ident="unit" mode="delete"/><attDef ident="when" mode="delete"/><attDef ident="when-custom" mode="delete"/><attDef ident="when-iso" mode="delete"/><attDef ident="xml:base" mode="delete"/><attDef ident="xml:space" mode="delete"/></attList></elementSpec><elementSpec ident="email" module="core" mode="change"><content xmlns:default="http://relaxng.org/ns/structure/1.0"><default:zeroOrMore xmlns="http://relaxng.org/ns/structure/1.0"><default:choice xmlns="http://relaxng.org/ns/structure/1.0"><default:text xmlns="http://relaxng.org/ns/structure/1.0"/><default:ref xmlns="http://relaxng.org/ns/structure/1.0" name="model.hiLike"/><default:ref xmlns="http://relaxng.org/ns/structure/1.0" name="model.segLike"/><default:ref xmlns="http://relaxng.org/ns/structure/1.0" name="model.milestoneLike"/><default:ref xmlns="http://relaxng.org/ns/structure/1.0" name="model.noteLike"/></default:choice></default:zeroOrMore></content><attList><attDef ident="ana" mode="delete"/><attDef ident="change" mode="delete"/><attDef ident="copyOf" mode="delete"/><attDef ident="corresp" mode="delete"/><attDef ident="exclude" mode="delete"/><attDef ident="facs" mode="delete"/><attDef ident="n" mode="delete"/><attDef ident="next" mode="delete"/><attDef ident="prev" mode="delete"/><attDef ident="rend" mode="delete"/><attDef ident="rendition" mode="delete"/><attDef ident="sameAs" mode="delete"/><attDef ident="select" mode="delete"/><attDef ident="style" mode="delete"/><attDef ident="synch" mode="delete"/><attDef ident="xml:base" mode="delete"/><attDef ident="xml:lang" mode="delete"/><attDef ident="xml:space" mode="delete"/></attList></elementSpec><elementSpec ident="affiliation" module="namesdates" mode="change"><content><rng:zeroOrMore xmlns="http://relaxng.org/ns/structure/1.0"><rng:choice xmlns="http://relaxng.org/ns/structure/1.0"><rng:text xmlns="http://relaxng.org/ns/structure/1.0"/><rng:ref xmlns="http://relaxng.org/ns/structure/1.0" name="model.hiLike"/><rng:ref xmlns="http://relaxng.org/ns/structure/1.0" name="model.segLike"/><rng:ref xmlns="http://relaxng.org/ns/structure/1.0" name="model.milestoneLike"/><rng:ref xmlns="http://relaxng.org/ns/structure/1.0" name="model.noteLike"/><rng:ref xmlns="http://relaxng.org/ns/structure/1.0" name="email"/></rng:choice></rng:zeroOrMore></content><attList><attDef ident="ana" mode="delete"/><attDef ident="atLeast" mode="delete"/><attDef ident="atMost" mode="delete"/><attDef ident="calendar" mode="delete"/><attDef ident="cert" mode="delete"/><attDef ident="change" mode="delete"/><attDef ident="confidence" mode="delete"/><attDef ident="copyOf" mode="delete"/><attDef ident="corresp" mode="delete"/><attDef ident="datingMethod" mode="delete"/><attDef ident="datingPoint" mode="delete"/><attDef ident="evidence" mode="delete"/><attDef ident="exclude" mode="delete"/><attDef ident="extent" mode="delete"/><attDef ident="facs" mode="delete"/><attDef ident="from" mode="delete"/><attDef ident="from-custom" mode="delete"/><attDef ident="from-iso" mode="delete"/><attDef ident="instant" mode="delete"/><attDef ident="key" mode="delete"/><attDef ident="max" mode="delete"/><attDef ident="min" mode="delete"/><attDef ident="n" mode="delete"/><attDef ident="next" mode="delete"/><attDef ident="notAfter" mode="delete"/><attDef ident="notAfter-custom" mode="delete"/><attDef ident="notAfter-iso" mode="delete"/><attDef ident="notBefore" mode="delete"/><attDef ident="notBefore-custom" mode="delete"/><attDef ident="notBefore-iso" mode="delete"/><attDef ident="nymRef" mode="delete"/><attDef ident="period" mode="delete"/><attDef ident="precision" mode="delete"/><attDef ident="prev" mode="delete"/><attDef ident="quantity" mode="delete"/><attDef ident="ref" mode="delete"/><attDef ident="rend" mode="delete"/><attDef ident="rendition" mode="delete"/><attDef ident="resp" mode="delete"/><attDef ident="role" mode="delete"/><attDef ident="sameAs" mode="delete"/><attDef ident="scope" mode="delete"/><attDef ident="select" mode="delete"/><attDef ident="source" mode="delete"/><attDef ident="style" mode="delete"/><attDef ident="synch" mode="delete"/><attDef ident="to" mode="delete"/><attDef ident="to-custom" mode="delete"/><attDef ident="to-iso" mode="delete"/><attDef ident="unit" mode="delete"/><attDef ident="when" mode="delete"/><attDef ident="when-custom" mode="delete"/><attDef ident="when-iso" mode="delete"/><attDef ident="xml:base" mode="delete"/><attDef ident="xml:space" mode="delete"/></attList></elementSpec><elementSpec ident="roleName" module="namesdates" mode="change"><content><rng:zeroOrMore xmlns="http://relaxng.org/ns/structure/1.0"><rng:choice xmlns="http://relaxng.org/ns/structure/1.0"><rng:text xmlns="http://relaxng.org/ns/structure/1.0"/><rng:ref xmlns="http://relaxng.org/ns/structure/1.0" name="model.hiLike"/><rng:ref xmlns="http://relaxng.org/ns/structure/1.0" name="model.segLike"/><rng:ref xmlns="http://relaxng.org/ns/structure/1.0" name="model.milestoneLike"/><rng:ref xmlns="http://relaxng.org/ns/structure/1.0" name="model.noteLike"/><rng:ref xmlns="http://relaxng.org/ns/structure/1.0" name="email"/></rng:choice></rng:zeroOrMore></content><attList><attDef ident="ana" mode="delete"/><attDef ident="change" mode="delete"/><attDef ident="copyOf" mode="delete"/><attDef ident="corresp" mode="delete"/><attDef ident="exclude" mode="delete"/><attDef ident="facs" mode="delete"/><attDef ident="full" mode="delete"/><attDef ident="key" mode="delete"/><attDef ident="n" mode="delete"/><attDef ident="next" mode="delete"/><attDef ident="nymRef" mode="delete"/><attDef ident="prev" mode="delete"/><attDef ident="ref" mode="delete"/><attDef ident="rend" mode="delete"/><attDef ident="rendition" mode="delete"/><attDef ident="role" mode="delete"/><attDef ident="sameAs" mode="delete"/><attDef ident="select" mode="delete"/><attDef ident="sort" mode="delete"/><attDef ident="style" mode="delete"/><attDef ident="subtype" mode="delete"/><attDef ident="synch" mode="delete"/><attDef ident="xml:base" mode="delete"/><attDef ident="xml:lang" mode="delete"/><attDef ident="xml:space" mode="delete"/></attList></elementSpec><elementSpec ident="orgName" module="namesdates" mode="change"><content><rng:zeroOrMore xmlns="http://relaxng.org/ns/structure/1.0"><rng:choice xmlns="http://relaxng.org/ns/structure/1.0"><rng:text xmlns="http://relaxng.org/ns/structure/1.0"/><rng:ref xmlns="http://relaxng.org/ns/structure/1.0" name="model.hiLike"/><rng:ref xmlns="http://relaxng.org/ns/structure/1.0" name="model.segLike"/><rng:ref xmlns="http://relaxng.org/ns/structure/1.0" name="model.milestoneLike"/><rng:ref xmlns="http://relaxng.org/ns/structure/1.0" name="model.noteLike"/><rng:ref xmlns="http://relaxng.org/ns/structure/1.0" name="email"/></rng:choice></rng:zeroOrMore></content><attList><attDef ident="ana" mode="delete"/><attDef ident="atLeast" mode="delete"/><attDef ident="atMost" mode="delete"/><attDef ident="calendar" mode="delete"/><attDef ident="cert" mode="delete"/><attDef ident="change" mode="delete"/><attDef ident="confidence" mode="delete"/><attDef ident="copyOf" mode="delete"/><attDef ident="corresp" mode="delete"/><attDef ident="datingMethod" mode="delete"/><attDef ident="datingPoint" mode="delete"/><attDef ident="evidence" mode="delete"/><attDef ident="exclude" mode="delete"/><attDef ident="extent" mode="delete"/><attDef ident="facs" mode="delete"/><attDef ident="from" mode="delete"/><attDef ident="from-custom" mode="delete"/><attDef ident="from-iso" mode="delete"/><attDef ident="full" mode="delete"/><attDef ident="instant" mode="delete"/><attDef ident="key" mode="delete"/><attDef ident="max" mode="delete"/><attDef ident="min" mode="delete"/><attDef ident="n" mode="delete"/><attDef ident="next" mode="delete"/><attDef ident="notAfter" mode="delete"/><attDef ident="notAfter-custom" mode="delete"/><attDef ident="notAfter-iso" mode="delete"/><attDef ident="notBefore" mode="delete"/><attDef ident="notBefore-custom" mode="delete"/><attDef ident="notBefore-iso" mode="delete"/><attDef ident="nymRef" mode="delete"/><attDef ident="period" mode="delete"/><attDef ident="precision" mode="delete"/><attDef ident="prev" mode="delete"/><attDef ident="quantity" mode="delete"/><attDef ident="ref" mode="delete"/><attDef ident="rend" mode="delete"/><attDef ident="rendition" mode="delete"/><attDef ident="resp" mode="delete"/><attDef ident="role" mode="delete"/><attDef ident="sameAs" mode="delete"/><attDef ident="scope" mode="delete"/><attDef ident="select" mode="delete"/><attDef ident="sort" mode="delete"/><attDef ident="source" mode="delete"/><attDef ident="style" mode="delete"/><attDef ident="subtype" mode="delete"/><attDef ident="synch" mode="delete"/><attDef ident="to" mode="delete"/><attDef ident="to-custom" mode="delete"/><attDef ident="to-iso" mode="delete"/><attDef ident="type" mode="delete"/><attDef ident="unit" mode="delete"/><attDef ident="when" mode="delete"/><attDef ident="when-custom" mode="delete"/><attDef ident="when-iso" mode="delete"/><attDef ident="xml:base" mode="delete"/><attDef ident="xml:lang" mode="delete"/><attDef ident="xml:space" mode="delete"/></attList></elementSpec><elementSpec ident="resp" module="core" mode="change"><content><rng:zeroOrMore xmlns="http://relaxng.org/ns/structure/1.0"><rng:text/></rng:zeroOrMore></content><attList><attDef ident="ana" mode="delete"/><attDef ident="change" mode="delete"/><attDef ident="copyOf" mode="delete"/><attDef ident="corresp" mode="delete"/><attDef ident="exclude" mode="delete"/><attDef ident="facs" mode="delete"/><attDef ident="key" mode="delete"/><attDef ident="n" mode="delete"/><attDef ident="next" mode="delete"/><attDef ident="prev" mode="delete"/><attDef ident="ref" mode="delete"/><attDef ident="rend" mode="delete"/><attDef ident="rendition" mode="delete"/><attDef ident="sameAs" mode="delete"/><attDef ident="select" mode="delete"/><attDef ident="style" mode="delete"/><attDef ident="synch" mode="delete"/><attDef ident="xml:base" mode="delete"/><attDef ident="xml:lang" mode="delete"/><attDef ident="xml:space" mode="delete"/></attList></elementSpec><elementSpec ident="availability" module="header" mode="change"><content><rng:oneOrMore xmlns:rng="http://relaxng.org/ns/structure/1.0"><rng:ref name="model.pLike"/></rng:oneOrMore></content><attList><attDef ident="ana" mode="delete"/><attDef ident="change" mode="delete"/><attDef ident="copyOf" mode="delete"/><attDef ident="corresp" mode="delete"/><attDef ident="default" mode="delete"/><attDef ident="exclude" mode="delete"/><attDef ident="facs" mode="delete"/><attDef ident="n" mode="delete"/><attDef ident="next" mode="delete"/><attDef ident="prev" mode="delete"/><attDef ident="rend" mode="delete"/><attDef ident="rendition" mode="delete"/><attDef ident="sameAs" mode="delete"/><attDef ident="select" mode="delete"/><attDef ident="style" mode="delete"/><attDef ident="synch" mode="delete"/><attDef ident="xml:base" mode="delete"/><attDef ident="xml:lang" mode="delete"/><attDef ident="xml:space" mode="delete"/></attList></elementSpec><elementSpec ident="idno" module="header" mode="change"><content><rng:text/></content><attList><attDef ident="ana" mode="delete"/><attDef ident="change" mode="delete"/><attDef ident="copyOf" mode="delete"/><attDef ident="corresp" mode="delete"/><attDef ident="exclude" mode="delete"/><attDef ident="facs" mode="delete"/><attDef ident="n" mode="delete"/><attDef ident="next" mode="delete"/><attDef ident="prev" mode="delete"/><attDef ident="rend" mode="delete"/><attDef ident="rendition" mode="delete"/><attDef ident="sameAs" mode="delete"/><attDef ident="select" mode="delete"/><attDef ident="sortKey" mode="delete"/><attDef ident="style" mode="delete"/><attDef ident="synch" mode="delete"/><attDef ident="xml:base" mode="delete"/><attDef ident="xml:lang" mode="delete"/><attDef ident="xml:space" mode="delete"/></attList></elementSpec><elementSpec ident="date" module="core" mode="change" ns=""><content><rng:zeroOrMore xmlns="http://relaxng.org/ns/structure/1.0"><rng:choice xmlns="http://relaxng.org/ns/structure/1.0"><rng:text xmlns:rng="http://relaxng.org/ns/structure/1.0"/><rng:ref xmlns:rng="http://relaxng.org/ns/structure/1.0" name="model.hiLike"/><rng:ref xmlns:rng="http://relaxng.org/ns/structure/1.0" name="model.segLike"/><rng:ref xmlns:rng="http://relaxng.org/ns/structure/1.0" name="model.milestoneLike"/></rng:choice></rng:zeroOrMore></content><attList><attDef ident="ana" mode="delete"/><attDef ident="atLeast" mode="delete"/><attDef ident="atMost" mode="delete"/><attDef ident="calendar" mode="delete"/><attDef ident="cert" mode="delete"/><attDef ident="change" mode="delete"/><attDef ident="confidence" mode="delete"/><attDef ident="copyOf" mode="delete"/><attDef ident="corresp" mode="delete"/><attDef ident="datingMethod" mode="delete"/><attDef ident="datingPoint" mode="delete"/><attDef ident="dur" mode="delete"/><attDef ident="dur-iso" mode="delete"/><attDef ident="evidence" mode="delete"/><attDef ident="exclude" mode="delete"/><attDef ident="extent" mode="delete"/><attDef ident="facs" mode="delete"/><attDef ident="from" mode="delete"/><attDef ident="from-custom" mode="delete"/><attDef ident="from-iso" mode="delete"/><attDef ident="instant" mode="delete"/><attDef ident="max" mode="delete"/><attDef ident="min" mode="delete"/><attDef ident="n" mode="delete"/><attDef ident="next" mode="delete"/><attDef ident="notAfter" mode="delete"/><attDef ident="notAfter-custom" mode="delete"/><attDef ident="notAfter-iso" mode="delete"/><attDef ident="notBefore" mode="delete"/><attDef ident="notBefore-custom" mode="delete"/><attDef ident="notBefore-iso" mode="delete"/><attDef ident="period" mode="delete"/><attDef ident="precision" mode="delete"/><attDef ident="prev" mode="delete"/><attDef ident="quantity" mode="delete"/><attDef ident="rend" mode="delete"/><attDef ident="rendition" mode="delete"/><attDef ident="resp" mode="delete"/><attDef ident="sameAs" mode="delete"/><attDef ident="scope" mode="delete"/><attDef ident="select" mode="delete"/><attDef ident="source" mode="delete"/><attDef ident="style" mode="delete"/><attDef ident="subtype" mode="delete"/><attDef ident="synch" mode="delete"/><attDef ident="to" mode="delete"/><attDef ident="to-custom" mode="delete"/><attDef ident="to-iso" mode="delete"/><attDef ident="type" mode="delete"/><attDef ident="unit" mode="delete"/><attDef ident="when-custom" mode="delete"/><attDef ident="when-iso" mode="delete"/><attDef ident="xml:base" mode="delete"/><attDef ident="xml:lang" mode="delete"/><attDef ident="xml:space" mode="delete"/><attDef ident="when" mode="change"><datatype minOccurs="0" maxOccurs="1"><rng:text/></datatype></attDef></attList></elementSpec><elementSpec ident="sourceDesc" module="header" mode="change" ns=""><content><rng:choice xmlns="http://relaxng.org/ns/structure/1.0"><rng:oneOrMore><rng:ref name="model.pLike"/></rng:oneOrMore><rng:oneOrMore><rng:choice><rng:ref name="biblFull"/></rng:choice></rng:oneOrMore></rng:choice></content><attList><attDef ident="ana" mode="delete"/><attDef ident="change" mode="delete"/><attDef ident="copyOf" mode="delete"/><attDef ident="corresp" mode="delete"/><attDef ident="default" mode="delete"/><attDef ident="exclude" mode="delete"/><attDef ident="facs" mode="delete"/><attDef ident="n" mode="delete"/><attDef ident="next" mode="delete"/><attDef ident="prev" mode="delete"/><attDef ident="rend" mode="delete"/><attDef ident="rendition" mode="delete"/><attDef ident="sameAs" mode="delete"/><attDef ident="select" mode="delete"/><attDef ident="style" mode="delete"/><attDef ident="synch" mode="delete"/><attDef ident="xml:base" mode="delete"/><attDef ident="xml:lang" mode="delete"/><attDef ident="xml:space" mode="delete"/></attList></elementSpec><elementSpec ident="biblFull" module="header" mode="change"><content xmlns:default="http://relaxng.org/ns/structure/1.0"><default:group xmlns="http://relaxng.org/ns/structure/1.0"><default:ref name="titleStmt"/><default:optional><default:ref name="editionStmt"/></default:optional><default:ref name="publicationStmt"/><default:optional><default:ref name="notesStmt"/></default:optional></default:group></content><attList><attDef ident="ana" mode="delete"/><attDef ident="change" mode="delete"/><attDef ident="copyOf" mode="delete"/><attDef ident="corresp" mode="delete"/><attDef ident="default" mode="delete"/><attDef ident="exclude" mode="delete"/><attDef ident="facs" mode="delete"/><attDef ident="n" mode="delete"/><attDef ident="next" mode="delete"/><attDef ident="prev" mode="delete"/><attDef ident="rend" mode="delete"/><attDef ident="rendition" mode="delete"/><attDef ident="sameAs" mode="delete"/><attDef ident="select" mode="delete"/><attDef ident="sortKey" mode="delete"/><attDef ident="status" mode="delete"/><attDef ident="style" mode="delete"/><attDef ident="synch" mode="delete"/><attDef ident="xml:base" mode="delete"/><attDef ident="xml:lang" mode="delete"/><attDef ident="xml:space" mode="delete"/></attList></elementSpec><elementSpec ident="label" module="core" mode="change"><content><rng:zeroOrMore xmlns="http://relaxng.org/ns/structure/1.0"><rng:choice xmlns="http://relaxng.org/ns/structure/1.0"><rng:text xmlns="http://relaxng.org/ns/structure/1.0"/><rng:ref xmlns="http://relaxng.org/ns/structure/1.0" name="model.pLike"/><rng:ref xmlns="http://relaxng.org/ns/structure/1.0" name="model.milestoneLike"/></rng:choice></rng:zeroOrMore></content><attList><attDef ident="ana" mode="delete"/><attDef ident="change" mode="delete"/><attDef ident="copyOf" mode="delete"/><attDef ident="corresp" mode="delete"/><attDef ident="exclude" mode="delete"/><attDef ident="facs" mode="delete"/><attDef ident="n" mode="delete"/><attDef ident="next" mode="delete"/><attDef ident="place" mode="delete"/><attDef ident="prev" mode="delete"/><attDef ident="rend" mode="delete"/><attDef ident="rendition" mode="delete"/><attDef ident="sameAs" mode="delete"/><attDef ident="select" mode="delete"/><attDef ident="style" mode="delete"/><attDef ident="subtype" mode="delete"/><attDef ident="synch" mode="delete"/><attDef ident="type" mode="delete"/><attDef ident="xml:base" mode="delete"/><attDef ident="xml:lang" mode="delete"/><attDef ident="xml:space" mode="delete"/></attList></elementSpec><elementSpec ident="desc" module="core" mode="change"><content><rng:zeroOrMore xmlns="http://relaxng.org/ns/structure/1.0"><rng:choice xmlns="http://relaxng.org/ns/structure/1.0"><rng:text xmlns="http://relaxng.org/ns/structure/1.0"/><rng:ref xmlns="http://relaxng.org/ns/structure/1.0" name="model.pLike"/><rng:ref xmlns="http://relaxng.org/ns/structure/1.0" name="model.milestoneLike"/><rng:ref xmlns="http://relaxng.org/ns/structure/1.0" name="model.ptrLike"/></rng:choice></rng:zeroOrMore></content><attList><attDef ident="ana" mode="delete"/><attDef ident="change" mode="delete"/><attDef ident="copyOf" mode="delete"/><attDef ident="corresp" mode="delete"/><attDef ident="exclude" mode="delete"/><attDef ident="facs" mode="delete"/><attDef ident="n" mode="delete"/><attDef ident="next" mode="delete"/><attDef ident="prev" mode="delete"/><attDef ident="rend" mode="delete"/><attDef ident="rendition" mode="delete"/><attDef ident="sameAs" mode="delete"/><attDef ident="select" mode="delete"/><attDef ident="style" mode="delete"/><attDef ident="synch" mode="delete"/><attDef ident="versionDate" mode="delete"/><attDef ident="xml:base" mode="delete"/><attDef ident="xml:lang" mode="delete"/><attDef ident="xml:space" mode="delete"/></attList></elementSpec><elementSpec ident="tagsDecl" module="header" mode="change"><content><rng:group xmlns="http://relaxng.org/ns/structure/1.0"><rng:zeroOrMore><rng:ref name="rendition"/></rng:zeroOrMore></rng:group></content><attList><attDef ident="ana" mode="delete"/><attDef ident="change" mode="delete"/><attDef ident="copyOf" mode="delete"/><attDef ident="corresp" mode="delete"/><attDef ident="exclude" mode="delete"/><attDef ident="facs" mode="delete"/><attDef ident="n" mode="delete"/><attDef ident="next" mode="delete"/><attDef ident="prev" mode="delete"/><attDef ident="rend" mode="delete"/><attDef ident="rendition" mode="delete"/><attDef ident="sameAs" mode="delete"/><attDef ident="select" mode="delete"/><attDef ident="style" mode="delete"/><attDef ident="synch" mode="delete"/><attDef ident="xml:base" mode="delete"/><attDef ident="xml:lang" mode="delete"/><attDef ident="xml:space" mode="delete"/></attList></elementSpec><elementSpec ident="rendition" module="header" mode="change"><content><rng:text xmlns="http://relaxng.org/ns/structure/1.0"/></content><attList><attDef ident="ana" mode="delete"/><attDef ident="change" mode="delete"/><attDef ident="copyOf" mode="delete"/><attDef ident="corresp" mode="delete"/><attDef ident="exclude" mode="delete"/><attDef ident="facs" mode="delete"/><attDef ident="n" mode="delete"/><attDef ident="next" mode="delete"/><attDef ident="prev" mode="delete"/><attDef ident="rend" mode="delete"/><attDef ident="rendition" mode="delete"/><attDef ident="sameAs" mode="delete"/><attDef ident="scope" mode="delete"/><attDef ident="select" mode="delete"/><attDef ident="style" mode="delete"/><attDef ident="synch" mode="delete"/><attDef ident="xml:base" mode="delete"/><attDef ident="xml:lang" mode="delete"/><attDef ident="xml:space" mode="delete"/></attList></elementSpec><elementSpec ident="language" module="header" mode="change"><content><rng:text xmlns="http://relaxng.org/ns/structure/1.0"/></content><attList><attDef ident="ana" mode="delete"/><attDef ident="change" mode="delete"/><attDef ident="copyOf" mode="delete"/><attDef ident="corresp" mode="delete"/><attDef ident="exclude" mode="delete"/><attDef ident="facs" mode="delete"/><attDef ident="n" mode="delete"/><attDef ident="next" mode="delete"/><attDef ident="prev" mode="delete"/><attDef ident="rend" mode="delete"/><attDef ident="rendition" mode="delete"/><attDef ident="sameAs" mode="delete"/><attDef ident="select" mode="delete"/><attDef ident="style" mode="delete"/><attDef ident="synch" mode="delete"/><attDef ident="usage" mode="delete"/><attDef ident="xml:base" mode="delete"/><attDef ident="xml:lang" mode="delete"/><attDef ident="xml:space" mode="delete"/></attList></elementSpec><elementSpec ident="textClass" module="header" mode="change"><content><rng:zeroOrMore xmlns="http://relaxng.org/ns/structure/1.0"><rng:ref name="keywords"/></rng:zeroOrMore></content><attList><attDef ident="ana" mode="delete"/><attDef ident="change" mode="delete"/><attDef ident="copyOf" mode="delete"/><attDef ident="corresp" mode="delete"/><attDef ident="default" mode="delete"/><attDef ident="exclude" mode="delete"/><attDef ident="facs" mode="delete"/><attDef ident="n" mode="delete"/><attDef ident="next" mode="delete"/><attDef ident="prev" mode="delete"/><attDef ident="rend" mode="delete"/><attDef ident="rendition" mode="delete"/><attDef ident="sameAs" mode="delete"/><attDef ident="select" mode="delete"/><attDef ident="style" mode="delete"/><attDef ident="synch" mode="delete"/><attDef ident="xml:base" mode="delete"/><attDef ident="xml:lang" mode="delete"/><attDef ident="xml:space" mode="delete"/></attList></elementSpec><elementSpec ident="keywords" module="header" mode="change"><content><rng:choice xmlns="http://relaxng.org/ns/structure/1.0"><rng:ref name="list"/></rng:choice></content><attList><attDef ident="ana" mode="delete"/><attDef ident="change" mode="delete"/><attDef ident="copyOf" mode="delete"/><attDef ident="corresp" mode="delete"/><attDef ident="exclude" mode="delete"/><attDef ident="facs" mode="delete"/><attDef ident="n" mode="delete"/><attDef ident="next" mode="delete"/><attDef ident="prev" mode="delete"/><attDef ident="rend" mode="delete"/><attDef ident="rendition" mode="delete"/><attDef ident="sameAs" mode="delete"/><attDef ident="select" mode="delete"/><attDef ident="style" mode="delete"/><attDef ident="synch" mode="delete"/><attDef ident="xml:base" mode="delete"/><attDef ident="xml:space" mode="delete"/></attList></elementSpec><elementSpec ident="text" module="textstructure" mode="change"><content><rng:group xmlns="http://relaxng.org/ns/structure/1.0"><rng:zeroOrMore><rng:ref name="model.milestoneLike"/></rng:zeroOrMore><rng:optional><rng:ref name="front"/><rng:zeroOrMore><rng:ref name="model.milestoneLike"/></rng:zeroOrMore></rng:optional><rng:ref name="body"/><rng:zeroOrMore><rng:ref name="model.milestoneLike"/></rng:zeroOrMore><rng:optional><rng:ref name="back"/><rng:zeroOrMore><rng:ref name="model.milestoneLike"/></rng:zeroOrMore></rng:optional></rng:group></content><attList><attDef ident="ana" mode="delete"/><attDef ident="change" mode="delete"/><attDef ident="copyOf" mode="delete"/><attDef ident="corresp" mode="delete"/><attDef ident="decls" mode="delete"/><attDef ident="exclude" mode="delete"/><attDef ident="facs" mode="delete"/><attDef ident="n" mode="delete"/><attDef ident="next" mode="delete"/><attDef ident="prev" mode="delete"/><attDef ident="rend" mode="delete"/><attDef ident="rendition" mode="delete"/><attDef ident="sameAs" mode="delete"/><attDef ident="select" mode="delete"/><attDef ident="style" mode="delete"/><attDef ident="subtype" mode="delete"/><attDef ident="synch" mode="delete"/><attDef ident="type" mode="delete"/><attDef ident="xml:base" mode="delete"/><attDef ident="xml:space" mode="delete"/></attList></elementSpec><elementSpec ident="front" module="textstructure" mode="change"><content><rng:zeroOrMore><rng:choice><rng:ref name="model.divLike"/><rng:ref name="model.milestoneLike"/><rng:ref name="model.noteLike"/><rng:ref name="model.pLike"/></rng:choice></rng:zeroOrMore></content><attList><attDef ident="ana" mode="delete"/><attDef ident="change" mode="delete"/><attDef ident="copyOf" mode="delete"/><attDef ident="corresp" mode="delete"/><attDef ident="decls" mode="delete"/><attDef ident="exclude" mode="delete"/><attDef ident="facs" mode="delete"/><attDef ident="n" mode="delete"/><attDef ident="next" mode="delete"/><attDef ident="prev" mode="delete"/><attDef ident="rend" mode="delete"/><attDef ident="rendition" mode="delete"/><attDef ident="sameAs" mode="delete"/><attDef ident="select" mode="delete"/><attDef ident="style" mode="delete"/><attDef ident="synch" mode="delete"/><attDef ident="xml:base" mode="delete"/><attDef ident="xml:space" mode="delete"/></attList></elementSpec><elementSpec ident="body" module="textstructure" mode="change" ns=""><content><rng:group xmlns:rng="http://relaxng.org/ns/structure/1.0"><rng:zeroOrMore><rng:choice><rng:ref name="model.global"/><rng:ref name="model.pLike"/><rng:ref name="list"/><rng:ref name="table"/><rng:ref name="model.qLike"/><rng:ref name="model.ptrLike"/></rng:choice></rng:zeroOrMore><rng:optional><rng:group><rng:ref name="head"/><rng:zeroOrMore><rng:choice><rng:ref name="model.global"/><rng:ref name="model.pLike"/><rng:ref name="list"/><rng:ref name="table"/><rng:ref name="model.qLike"/><rng:ref name="model.ptrLike"/></rng:choice></rng:zeroOrMore></rng:group></rng:optional><rng:zeroOrMore> </rng:zeroOrMore><rng:zeroOrMore><rng:group><rng:group><rng:ref name="model.divLike"/></rng:group><rng:zeroOrMore><rng:ref name="model.milestoneLike"/></rng:zeroOrMore></rng:group></rng:zeroOrMore></rng:group></content><attList><attDef ident="ana" mode="delete"/><attDef ident="change" mode="delete"/><attDef ident="copyOf" mode="delete"/><attDef ident="corresp" mode="delete"/><attDef ident="decls" mode="delete"/><attDef ident="exclude" mode="delete"/><attDef ident="facs" mode="delete"/><attDef ident="n" mode="delete"/><attDef ident="next" mode="delete"/><attDef ident="prev" mode="delete"/><attDef ident="rend" mode="delete"/><attDef ident="rendition" mode="delete"/><attDef ident="sameAs" mode="delete"/><attDef ident="select" mode="delete"/><attDef ident="style" mode="delete"/><attDef ident="synch" mode="delete"/><attDef ident="xml:base" mode="delete"/><attDef ident="xml:space" mode="delete"/></attList></elementSpec><elementSpec ident="back" module="textstructure" mode="change" ns=""><content xmlns:default="http://relaxng.org/ns/structure/1.0"><default:group xmlns="http://relaxng.org/ns/structure/1.0"><default:zeroOrMore><default:choice><default:ref name="model.divLike"/><default:ref name="model.milestoneLike"/></default:choice></default:zeroOrMore></default:group></content><attList><attDef ident="ana" mode="delete"/><attDef ident="change" mode="delete"/><attDef ident="copyOf" mode="delete"/><attDef ident="corresp" mode="delete"/><attDef ident="decls" mode="delete"/><attDef ident="exclude" mode="delete"/><attDef ident="facs" mode="delete"/><attDef ident="n" mode="delete"/><attDef ident="next" mode="delete"/><attDef ident="prev" mode="delete"/><attDef ident="rend" mode="delete"/><attDef ident="rendition" mode="delete"/><attDef ident="sameAs" mode="delete"/><attDef ident="select" mode="delete"/><attDef ident="style" mode="delete"/><attDef ident="synch" mode="delete"/><attDef ident="xml:base" mode="delete"/><attDef ident="xml:space" mode="delete"/></attList></elementSpec><elementSpec ident="div" module="textstructure" mode="change" ns=""><content><rng:choice xmlns:rng="http://relaxng.org/ns/structure/1.0"><rng:group xmlns:rng="http://relaxng.org/ns/structure/1.0"><rng:zeroOrMore><rng:choice><rng:ref name="model.global"/><rng:ref name="model.pLike"/><rng:ref name="list"/><rng:ref name="table"/><rng:ref name="model.qLike"/><rng:ref name="model.ptrLike"/></rng:choice></rng:zeroOrMore><rng:optional><rng:group><rng:ref name="head"/><rng:zeroOrMore><rng:choice><rng:ref name="model.global"/><rng:ref name="model.pLike"/><rng:ref name="list"/><rng:ref name="table"/><rng:ref name="model.qLike"/><rng:ref name="model.ptrLike"/></rng:choice></rng:zeroOrMore></rng:group></rng:optional><rng:zeroOrMore> </rng:zeroOrMore><rng:zeroOrMore><rng:group><rng:group><rng:ref name="model.divLike"/></rng:group><rng:zeroOrMore><rng:ref name="model.milestoneLike"/></rng:zeroOrMore></rng:group></rng:zeroOrMore></rng:group><rng:group xmlns:rng="http://relaxng.org/ns/structure/1.0"><rng:ref name="listBibl"/></rng:group></rng:choice></content><attList><attDef ident="ana" mode="delete"/><attDef ident="change" mode="delete"/><attDef ident="copyOf" mode="delete"/><attDef ident="corresp" mode="delete"/><attDef ident="decls" mode="delete"/><attDef ident="exclude" mode="delete"/><attDef ident="facs" mode="delete"/><attDef ident="met" mode="delete"/><attDef ident="n" mode="delete"/><attDef ident="next" mode="delete"/><attDef ident="org" mode="delete"/><attDef ident="part" mode="delete"/><attDef ident="prev" mode="delete"/><attDef ident="real" mode="delete"/><attDef ident="rend" mode="delete"/><attDef ident="rendition" mode="delete"/><attDef ident="rhyme" mode="delete"/><attDef ident="sameAs" mode="delete"/><attDef ident="sample" mode="delete"/><attDef ident="select" mode="delete"/><attDef ident="style" mode="delete"/><attDef ident="subtype" mode="delete"/><attDef ident="synch" mode="delete"/><attDef ident="xml:base" mode="delete"/><attDef ident="xml:space" mode="delete"/></attList></elementSpec><elementSpec ident="p" module="core" mode="change" ns=""><attList><attDef ident="ana" mode="delete"/><attDef ident="change" mode="delete"/><attDef ident="copyOf" mode="delete"/><attDef ident="corresp" mode="delete"/><attDef ident="decls" mode="delete"/><attDef ident="exclude" mode="delete"/><attDef ident="facs" mode="delete"/><attDef ident="n" mode="delete"/><attDef ident="next" mode="delete"/><attDef ident="part" mode="delete"/><attDef ident="prev" mode="delete"/><attDef ident="sameAs" mode="delete"/><attDef ident="select" mode="delete"/><attDef ident="style" mode="delete"/><attDef ident="synch" mode="delete"/><attDef ident="xml:base" mode="delete"/><attDef ident="xml:space" mode="delete"/></attList><content><rng:zeroOrMore xmlns="http://relaxng.org/ns/structure/1.0"><rng:choice xmlns="http://relaxng.org/ns/structure/1.0"><rng:text xmlns="http://relaxng.org/ns/structure/1.0"/><rng:ref xmlns="http://relaxng.org/ns/structure/1.0" name="model.hiLike"/><rng:ref xmlns="http://relaxng.org/ns/structure/1.0" name="model.segLike"/><rng:ref xmlns="http://relaxng.org/ns/structure/1.0" name="model.global"/><rng:ref xmlns="http://relaxng.org/ns/structure/1.0" name="model.ptrLike"/><rng:ref xmlns="http://relaxng.org/ns/structure/1.0" name="bibl"/><rng:ref xmlns="http://relaxng.org/ns/structure/1.0" name="code"/></rng:choice></rng:zeroOrMore></content></elementSpec><elementSpec ident="ab" module="linking" mode="change"><content><rng:zeroOrMore xmlns="http://relaxng.org/ns/structure/1.0"><rng:choice xmlns="http://relaxng.org/ns/structure/1.0"><rng:text xmlns="http://relaxng.org/ns/structure/1.0"/><rng:ref xmlns="http://relaxng.org/ns/structure/1.0" name="model.hiLike"/><rng:ref xmlns="http://relaxng.org/ns/structure/1.0" name="model.segLike"/><rng:ref xmlns="http://relaxng.org/ns/structure/1.0" name="model.global"/><rng:ref xmlns="http://relaxng.org/ns/structure/1.0" name="model.ptrLike"/></rng:choice></rng:zeroOrMore></content><attList><attDef ident="ana" mode="delete"/><attDef ident="change" mode="delete"/><attDef ident="copyOf" mode="delete"/><attDef ident="corresp" mode="delete"/><attDef ident="decls" mode="delete"/><attDef ident="exclude" mode="delete"/><attDef ident="facs" mode="delete"/><attDef ident="n" mode="delete"/><attDef ident="part" mode="delete"/><attDef ident="prev" mode="delete"/><attDef ident="rendition" mode="delete"/><attDef ident="sameAs" mode="delete"/><attDef ident="select" mode="delete"/><attDef ident="style" mode="delete"/><attDef ident="synch" mode="delete"/><attDef ident="xml:base" mode="delete"/><attDef ident="xml:space" mode="delete"/><attDef ident="next" mode="delete"/></attList></elementSpec><elementSpec ident="q" module="core" mode="change" ns=""><attList><attDef ident="ana" mode="delete"/><attDef ident="change" mode="delete"/><attDef ident="copyOf" mode="delete"/><attDef ident="corresp" mode="delete"/><attDef ident="exclude" mode="delete"/><attDef ident="facs" mode="delete"/><attDef ident="n" mode="delete"/><attDef ident="next" mode="delete"/><attDef ident="prev" mode="delete"/><attDef ident="sameAs" mode="delete"/><attDef ident="select" mode="delete"/><attDef ident="source" mode="delete"/><attDef ident="style" mode="delete"/><attDef ident="synch" mode="delete"/><attDef ident="type" mode="delete"/><attDef ident="who" mode="delete"/><attDef ident="xml:base" mode="delete"/><attDef ident="xml:space" mode="delete"/></attList><content><rng:zeroOrMore xmlns="http://relaxng.org/ns/structure/1.0"><rng:choice xmlns="http://relaxng.org/ns/structure/1.0"><rng:text xmlns="http://relaxng.org/ns/structure/1.0"/><rng:ref xmlns="http://relaxng.org/ns/structure/1.0" name="model.hiLike"/><rng:ref xmlns="http://relaxng.org/ns/structure/1.0" name="model.segLike"/><rng:ref xmlns="http://relaxng.org/ns/structure/1.0" name="model.global"/><rng:ref xmlns="http://relaxng.org/ns/structure/1.0" name="model.ptrLike"/><rng:ref xmlns="http://relaxng.org/ns/structure/1.0" name="list"/></rng:choice></rng:zeroOrMore></content></elementSpec><elementSpec ident="head" module="core" mode="change"><content><rng:zeroOrMore xmlns="http://relaxng.org/ns/structure/1.0"><rng:choice xmlns="http://relaxng.org/ns/structure/1.0"><rng:text xmlns="http://relaxng.org/ns/structure/1.0"/><rng:ref xmlns="http://relaxng.org/ns/structure/1.0" name="model.hiLike"/><rng:ref xmlns="http://relaxng.org/ns/structure/1.0" name="model.segLike"/><rng:ref xmlns="http://relaxng.org/ns/structure/1.0" name="model.milestoneLike"/><rng:ref xmlns="http://relaxng.org/ns/structure/1.0" name="model.noteLike"/><rng:ref xmlns="http://relaxng.org/ns/structure/1.0" name="model.ptrLike"/></rng:choice></rng:zeroOrMore></content><attList><attDef ident="ana" mode="delete"/><attDef ident="change" mode="delete"/><attDef ident="copyOf" mode="delete"/><attDef ident="corresp" mode="delete"/><attDef ident="exclude" mode="delete"/><attDef ident="facs" mode="delete"/><attDef ident="n" mode="delete"/><attDef ident="next" mode="delete"/><attDef ident="prev" mode="delete"/><attDef ident="rend" mode="delete"/><attDef ident="rendition" mode="delete"/><attDef ident="sameAs" mode="delete"/><attDef ident="select" mode="delete"/><attDef ident="style" mode="delete"/><attDef ident="synch" mode="delete"/><attDef ident="type" mode="delete"/><attDef ident="xml:base" mode="delete"/><attDef ident="xml:lang" mode="delete"/><attDef ident="xml:space" mode="delete"/></attList></elementSpec><elementSpec ident="figure" module="figures" mode="change"><content><rng:ref name="graphic"/></content><attList><attDef ident="ana" mode="delete"/><attDef ident="change" mode="delete"/><attDef ident="copyOf" mode="delete"/><attDef ident="corresp" mode="delete"/><attDef ident="exclude" mode="delete"/><attDef ident="facs" mode="delete"/><attDef ident="n" mode="delete"/><attDef ident="next" mode="delete"/><attDef ident="place" mode="delete"/><attDef ident="prev" mode="delete"/><attDef ident="rend" mode="delete"/><attDef ident="rendition" mode="delete"/><attDef ident="sameAs" mode="delete"/><attDef ident="select" mode="delete"/><attDef ident="style" mode="delete"/><attDef ident="subtype" mode="delete"/><attDef ident="synch" mode="delete"/><attDef ident="type" mode="delete"/><attDef ident="xml:base" mode="delete"/><attDef ident="xml:lang" mode="delete"/><attDef ident="xml:space" mode="delete"/></attList></elementSpec><elementSpec ident="graphic" module="core" mode="change"><content><rng:empty xmlns="http://relaxng.org/ns/structure/1.0"/></content><attList><attDef ident="ana" mode="delete"/><attDef ident="change" mode="delete"/><attDef ident="copyOf" mode="delete"/><attDef ident="corresp" mode="delete"/><attDef ident="decls" mode="delete"/><attDef ident="exclude" mode="delete"/><attDef ident="facs" mode="delete"/><attDef ident="height" mode="delete"/><attDef ident="mimeType" mode="delete"/><attDef ident="n" mode="delete"/><attDef ident="next" mode="delete"/><attDef ident="prev" mode="delete"/><attDef ident="rend" mode="delete"/><attDef ident="rendition" mode="delete"/><attDef ident="sameAs" mode="delete"/><attDef ident="scale" mode="delete"/><attDef ident="select" mode="delete"/><attDef ident="style" mode="delete"/><attDef ident="synch" mode="delete"/><attDef ident="width" mode="delete"/><attDef ident="xml:base" mode="delete"/><attDef ident="xml:lang" mode="delete"/><attDef ident="xml:space" mode="delete"/></attList></elementSpec><elementSpec ident="hi" module="core" mode="change"><content><rng:zeroOrMore xmlns="http://relaxng.org/ns/structure/1.0"><rng:choice xmlns="http://relaxng.org/ns/structure/1.0"><rng:text xmlns="http://relaxng.org/ns/structure/1.0"/><rng:ref xmlns="http://relaxng.org/ns/structure/1.0" name="model.hiLike"/><rng:ref xmlns="http://relaxng.org/ns/structure/1.0" name="model.segLike"/><rng:ref xmlns="http://relaxng.org/ns/structure/1.0" name="model.milestoneLike"/><rng:ref xmlns="http://relaxng.org/ns/structure/1.0" name="model.noteLike"/><rng:ref xmlns="http://relaxng.org/ns/structure/1.0" name="model.ptrLike"/></rng:choice></rng:zeroOrMore></content><attList><attDef ident="ana" mode="delete"/><attDef ident="change" mode="delete"/><attDef ident="copyOf" mode="delete"/><attDef ident="corresp" mode="delete"/><attDef ident="exclude" mode="delete"/><attDef ident="facs" mode="delete"/><attDef ident="n" mode="delete"/><attDef ident="next" mode="delete"/><attDef ident="prev" mode="delete"/><attDef ident="sameAs" mode="delete"/><attDef ident="select" mode="delete"/><attDef ident="style" mode="delete"/><attDef ident="synch" mode="delete"/><attDef ident="xml:base" mode="delete"/><attDef ident="xml:space" mode="delete"/></attList></elementSpec><elementSpec ident="s" module="analysis" mode="change"><content><rng:zeroOrMore xmlns="http://relaxng.org/ns/structure/1.0"><rng:choice xmlns="http://relaxng.org/ns/structure/1.0"><rng:text xmlns="http://relaxng.org/ns/structure/1.0"/><rng:ref xmlns="http://relaxng.org/ns/structure/1.0" name="model.hiLike"/><rng:ref xmlns="http://relaxng.org/ns/structure/1.0" name="model.ptrLike"/><rng:ref xmlns="http://relaxng.org/ns/structure/1.0" name="model.milestoneLike"/><rng:ref xmlns="http://relaxng.org/ns/structure/1.0" name="model.noteLike"/></rng:choice></rng:zeroOrMore></content><attList><attDef ident="ana" mode="delete"/><attDef ident="change" mode="delete"/><attDef ident="copyOf" mode="delete"/><attDef ident="corresp" mode="delete"/><attDef ident="datcat" mode="delete"/><attDef ident="exclude" mode="delete"/><attDef ident="facs" mode="delete"/><attDef ident="function" mode="delete"/><attDef ident="met" mode="delete"/><attDef ident="n" mode="delete"/><attDef ident="next" mode="delete"/><attDef ident="part" mode="delete"/><attDef ident="prev" mode="delete"/><attDef ident="real" mode="delete"/><attDef ident="rhyme" mode="delete"/><attDef ident="sameAs" mode="delete"/><attDef ident="select" mode="delete"/><attDef ident="style" mode="delete"/><attDef ident="subtype" mode="delete"/><attDef ident="synch" mode="delete"/><attDef ident="type" mode="delete"/><attDef ident="valueDatcat" mode="delete"/><attDef ident="xml:base" mode="delete"/><attDef ident="xml:space" mode="delete"/></attList></elementSpec><elementSpec ident="note" module="core" mode="change" ns=""><attList><attDef ident="ana" mode="delete"/><attDef ident="anchored" mode="delete"/><attDef ident="cert" mode="delete"/><attDef ident="change" mode="delete"/><attDef ident="copyOf" mode="delete"/><attDef ident="corresp" mode="delete"/><attDef ident="evaluate" mode="delete"/><attDef ident="exclude" mode="delete"/><attDef ident="facs" mode="delete"/><attDef ident="next" mode="delete"/><attDef ident="prev" mode="delete"/><attDef ident="rend" mode="delete"/><attDef ident="rendition" mode="delete"/><attDef ident="sameAs" mode="delete"/><attDef ident="select" mode="delete"/><attDef ident="style" mode="delete"/><attDef ident="subtype" mode="delete"/><attDef ident="synch" mode="delete"/><attDef ident="target" mode="delete"/><attDef ident="targetEnd" mode="delete"/><attDef ident="targetLang" mode="delete"/><attDef ident="xml:base" mode="delete"/><attDef ident="xml:lang" mode="delete"/><attDef ident="xml:space" mode="delete"/><attDef ident="place" mode="change"><valList type="closed" mode="replace"><valItem ident="foot"/><valItem ident="end"/></valList></attDef></attList><content><rng:zeroOrMore xmlns="http://relaxng.org/ns/structure/1.0"><rng:choice xmlns="http://relaxng.org/ns/structure/1.0"><rng:text xmlns="http://relaxng.org/ns/structure/1.0"/><rng:ref xmlns="http://relaxng.org/ns/structure/1.0" name="model.hiLike"/><rng:ref xmlns="http://relaxng.org/ns/structure/1.0" name="model.segLike"/><rng:ref xmlns="http://relaxng.org/ns/structure/1.0" name="model.milestoneLike"/><rng:ref xmlns="http://relaxng.org/ns/structure/1.0" name="model.noteLike"/><rng:ref xmlns="http://relaxng.org/ns/structure/1.0" name="model.ptrLike"/><rng:ref xmlns="http://relaxng.org/ns/structure/1.0" name="author"/><rng:ref xmlns="http://relaxng.org/ns/structure/1.0" name="editor"/><rng:ref xmlns="http://relaxng.org/ns/structure/1.0" name="meeting"/><rng:ref xmlns="http://relaxng.org/ns/structure/1.0" name="edition"/><rng:ref xmlns="http://relaxng.org/ns/structure/1.0" name="title"/><rng:ref xmlns="http://relaxng.org/ns/structure/1.0" name="abbr"/><rng:ref xmlns="http://relaxng.org/ns/structure/1.0" name="pubPlace"/><rng:ref xmlns="http://relaxng.org/ns/structure/1.0" name="publisher"/><rng:ref xmlns="http://relaxng.org/ns/structure/1.0" name="date"/><rng:ref xmlns="http://relaxng.org/ns/structure/1.0" name="biblScope"/><rng:ref xmlns="http://relaxng.org/ns/structure/1.0" name="relatedItem"/><rng:ref xmlns="http://relaxng.org/ns/structure/1.0" name="extent"/><rng:ref xmlns="http://relaxng.org/ns/structure/1.0" name="bibl"/><rng:ref xmlns="http://relaxng.org/ns/structure/1.0" name="p"/><rng:ref xmlns="http://relaxng.org/ns/structure/1.0" name="list"/></rng:choice></rng:zeroOrMore></content></elementSpec><elementSpec ident="ref" module="core" mode="change"><content><rng:zeroOrMore xmlns="http://relaxng.org/ns/structure/1.0"><rng:choice xmlns="http://relaxng.org/ns/structure/1.0"><rng:text xmlns="http://relaxng.org/ns/structure/1.0"/><rng:ref xmlns="http://relaxng.org/ns/structure/1.0" name="model.hiLike"/><rng:ref xmlns="http://relaxng.org/ns/structure/1.0" name="model.segLike"/><rng:ref xmlns="http://relaxng.org/ns/structure/1.0" name="model.milestoneLike"/><rng:ref xmlns="http://relaxng.org/ns/structure/1.0" name="model.noteLike"/></rng:choice></rng:zeroOrMore></content><attList><attDef ident="ana" mode="delete"/><attDef ident="cRef" mode="delete"/><attDef ident="change" mode="delete"/><attDef ident="copyOf" mode="delete"/><attDef ident="corresp" mode="delete"/><attDef ident="decls" mode="delete"/><attDef ident="evaluate" mode="delete"/><attDef ident="exclude" mode="delete"/><attDef ident="facs" mode="delete"/><attDef ident="mimeType" mode="delete"/><attDef ident="n" mode="delete"/><attDef ident="next" mode="delete"/><attDef ident="prev" mode="delete"/><attDef ident="rend" mode="delete"/><attDef ident="rendition" mode="delete"/><attDef ident="sameAs" mode="delete"/><attDef ident="select" mode="delete"/><attDef ident="style" mode="delete"/><attDef ident="subtype" mode="delete"/><attDef ident="synch" mode="delete"/><attDef ident="targetLang" mode="delete"/><attDef ident="xml:base" mode="delete"/><attDef ident="xml:lang" mode="delete"/><attDef ident="xml:space" mode="delete"/></attList></elementSpec><elementSpec ident="listBibl" module="core" mode="change"><content><rng:zeroOrMore><rng:ref name="model.milestoneLike"/></rng:zeroOrMore><rng:oneOrMore><rng:ref name="bibl"/></rng:oneOrMore><rng:zeroOrMore><rng:ref name="model.milestoneLike"/></rng:zeroOrMore></content><attList><attDef ident="ana" mode="delete"/><attDef ident="change" mode="delete"/><attDef ident="copyOf" mode="delete"/><attDef ident="corresp" mode="delete"/><attDef ident="default" mode="delete"/><attDef ident="exclude" mode="delete"/><attDef ident="facs" mode="delete"/><attDef ident="n" mode="delete"/><attDef ident="next" mode="delete"/><attDef ident="prev" mode="delete"/><attDef ident="rend" mode="delete"/><attDef ident="rendition" mode="delete"/><attDef ident="sameAs" mode="delete"/><attDef ident="select" mode="delete"/><attDef ident="sortKey" mode="delete"/><attDef ident="style" mode="delete"/><attDef ident="subtype" mode="delete"/><attDef ident="synch" mode="delete"/><attDef ident="type" mode="delete"/><attDef ident="xml:base" mode="delete"/><attDef ident="xml:lang" mode="delete"/><attDef ident="xml:space" mode="delete"/></attList></elementSpec><elementSpec ident="bibl" module="core" mode="change" ns=""><content><rng:zeroOrMore xmlns="http://relaxng.org/ns/structure/1.0"><rng:choice xmlns="http://relaxng.org/ns/structure/1.0"><rng:text xmlns="http://relaxng.org/ns/structure/1.0"/><rng:ref xmlns="http://relaxng.org/ns/structure/1.0" name="model.hiLike"/><rng:ref xmlns="http://relaxng.org/ns/structure/1.0" name="model.segLike"/><rng:ref xmlns="http://relaxng.org/ns/structure/1.0" name="model.milestoneLike"/><rng:ref xmlns="http://relaxng.org/ns/structure/1.0" name="model.noteLike"/><rng:ref xmlns="http://relaxng.org/ns/structure/1.0" name="model.ptrLike"/><rng:ref xmlns="http://relaxng.org/ns/structure/1.0" name="author"/><rng:ref xmlns="http://relaxng.org/ns/structure/1.0" name="editor"/><rng:ref xmlns="http://relaxng.org/ns/structure/1.0" name="meeting"/><rng:ref xmlns="http://relaxng.org/ns/structure/1.0" name="edition"/><rng:ref xmlns="http://relaxng.org/ns/structure/1.0" name="title"/><rng:ref xmlns="http://relaxng.org/ns/structure/1.0" name="abbr"/><rng:ref xmlns="http://relaxng.org/ns/structure/1.0" name="pubPlace"/><rng:ref xmlns="http://relaxng.org/ns/structure/1.0" name="publisher"/><rng:ref xmlns="http://relaxng.org/ns/structure/1.0" name="date"/><rng:ref xmlns="http://relaxng.org/ns/structure/1.0" name="biblScope"/><rng:ref xmlns="http://relaxng.org/ns/structure/1.0" name="relatedItem"/><rng:ref xmlns="http://relaxng.org/ns/structure/1.0" name="extent"/></rng:choice></rng:zeroOrMore></content><attList><attDef ident="ana" mode="delete"/><attDef ident="change" mode="delete"/><attDef ident="copyOf" mode="delete"/><attDef ident="corresp" mode="delete"/><attDef ident="default" mode="delete"/><attDef ident="exclude" mode="delete"/><attDef ident="facs" mode="delete"/><attDef ident="n" mode="delete"/><attDef ident="next" mode="delete"/><attDef ident="prev" mode="delete"/><attDef ident="rend" mode="delete"/><attDef ident="sameAs" mode="delete"/><attDef ident="select" mode="delete"/><attDef ident="sortKey" mode="delete"/><attDef ident="status" mode="delete"/><attDef ident="style" mode="delete"/><attDef ident="synch" mode="delete"/><attDef ident="xml:base" mode="delete"/><attDef ident="xml:lang" mode="delete"/><attDef ident="xml:space" mode="delete"/></attList></elementSpec><elementSpec ident="list" module="core" mode="change" ns=""><content><rng:oneOrMore><rng:ref name="item"/></rng:oneOrMore></content><attList><attDef ident="ana" mode="delete"/><attDef ident="change" mode="delete"/><attDef ident="copyOf" mode="delete"/><attDef ident="corresp" mode="delete"/><attDef ident="exclude" mode="delete"/><attDef ident="facs" mode="delete"/><attDef ident="n" mode="delete"/><attDef ident="next" mode="delete"/><attDef ident="prev" mode="delete"/><attDef ident="sameAs" mode="delete"/><attDef ident="select" mode="delete"/><attDef ident="sortKey" mode="delete"/><attDef ident="style" mode="delete"/><attDef ident="synch" mode="delete"/><attDef ident="xml:base" mode="delete"/><attDef ident="xml:lang" mode="delete"/><attDef ident="xml:space" mode="delete"/><attDef ident="type" mode="change"><valList type="closed" mode="replace"><valItem ident="ordered"/><valItem ident="unordered"/></valList></attDef></attList></elementSpec><elementSpec ident="item" module="core" mode="change" ns=""><attList><attDef ident="ana" mode="delete"/><attDef ident="change" mode="delete"/><attDef ident="copyOf" mode="delete"/><attDef ident="corresp" mode="delete"/><attDef ident="exclude" mode="delete"/><attDef ident="facs" mode="delete"/><attDef ident="n" mode="delete"/><attDef ident="next" mode="delete"/><attDef ident="prev" mode="delete"/><attDef ident="rend" mode="delete"/><attDef ident="rendition" mode="delete"/><attDef ident="sameAs" mode="delete"/><attDef ident="select" mode="delete"/><attDef ident="sortKey" mode="delete"/><attDef ident="style" mode="delete"/><attDef ident="synch" mode="delete"/><attDef ident="xml:base" mode="delete"/><attDef ident="xml:lang" mode="delete"/><attDef ident="xml:space" mode="delete"/></attList><content><rng:zeroOrMore xmlns="http://relaxng.org/ns/structure/1.0"><rng:choice xmlns="http://relaxng.org/ns/structure/1.0"><rng:text xmlns="http://relaxng.org/ns/structure/1.0"/><rng:ref xmlns="http://relaxng.org/ns/structure/1.0" name="model.hiLike"/><rng:ref xmlns="http://relaxng.org/ns/structure/1.0" name="model.segLike"/><rng:ref xmlns="http://relaxng.org/ns/structure/1.0" name="model.milestoneLike"/><rng:ref xmlns="http://relaxng.org/ns/structure/1.0" name="model.noteLike"/><rng:ref xmlns="http://relaxng.org/ns/structure/1.0" name="model.ptrLike"/><rng:ref xmlns="http://relaxng.org/ns/structure/1.0" name="p"/><rng:ref xmlns="http://relaxng.org/ns/structure/1.0" name="list"/></rng:choice></rng:zeroOrMore></content></elementSpec><elementSpec ident="table" module="figures" mode="change" ns=""><content><rng:oneOrMore xmlns="http://relaxng.org/ns/structure/1.0"><rng:ref name="row"/></rng:oneOrMore></content><attList><attDef ident="ana" mode="delete"/><attDef ident="change" mode="delete"/><attDef ident="copyOf" mode="delete"/><attDef ident="corresp" mode="delete"/><attDef ident="exclude" mode="delete"/><attDef ident="facs" mode="delete"/><attDef ident="n" mode="delete"/><attDef ident="next" mode="delete"/><attDef ident="prev" mode="delete"/><attDef ident="sameAs" mode="delete"/><attDef ident="select" mode="delete"/><attDef ident="style" mode="delete"/><attDef ident="synch" mode="delete"/><attDef ident="xml:base" mode="delete"/><attDef ident="xml:lang" mode="delete"/><attDef ident="xml:space" mode="delete"/></attList></elementSpec><elementSpec ident="cell" module="figures" mode="change"><content><rng:zeroOrMore xmlns="http://relaxng.org/ns/structure/1.0"><rng:choice xmlns="http://relaxng.org/ns/structure/1.0"><rng:text xmlns="http://relaxng.org/ns/structure/1.0"/><rng:ref xmlns="http://relaxng.org/ns/structure/1.0" name="model.hiLike"/><rng:ref xmlns="http://relaxng.org/ns/structure/1.0" name="model.segLike"/><rng:ref xmlns="http://relaxng.org/ns/structure/1.0" name="model.milestoneLike"/><rng:ref xmlns="http://relaxng.org/ns/structure/1.0" name="model.noteLike"/><rng:ref xmlns="http://relaxng.org/ns/structure/1.0" name="model.ptrLike"/><rng:ref xmlns="http://relaxng.org/ns/structure/1.0" name="table"/></rng:choice></rng:zeroOrMore></content><attList><attDef ident="ana" mode="delete"/><attDef ident="change" mode="delete"/><attDef ident="copyOf" mode="delete"/><attDef ident="corresp" mode="delete"/><attDef ident="exclude" mode="delete"/><attDef ident="facs" mode="delete"/><attDef ident="n" mode="delete"/><attDef ident="next" mode="delete"/><attDef ident="prev" mode="delete"/><attDef ident="rend" mode="delete"/><attDef ident="role" mode="delete"/><attDef ident="sameAs" mode="delete"/><attDef ident="select" mode="delete"/><attDef ident="style" mode="delete"/><attDef ident="synch" mode="delete"/><attDef ident="xml:base" mode="delete"/><attDef ident="xml:lang" mode="delete"/><attDef ident="xml:space" mode="delete"/></attList></elementSpec><elementSpec ident="publicationStmt" module="header" mode="change" ns=""><content><rng:choice xmlns="http://relaxng.org/ns/structure/1.0"><rng:oneOrMore><rng:ref name="model.pLike"/></rng:oneOrMore><rng:oneOrMore><rng:choice><rng:ref name="date"/><rng:ref name="idno"/><rng:ref name="availability"/></rng:choice></rng:oneOrMore></rng:choice></content><attList><attDef ident="ana" mode="delete"/><attDef ident="change" mode="delete"/><attDef ident="copyOf" mode="delete"/><attDef ident="corresp" mode="delete"/><attDef ident="exclude" mode="delete"/><attDef ident="facs" mode="delete"/><attDef ident="n" mode="delete"/><attDef ident="next" mode="delete"/><attDef ident="prev" mode="delete"/><attDef ident="rend" mode="delete"/><attDef ident="rendition" mode="delete"/><attDef ident="sameAs" mode="delete"/><attDef ident="select" mode="delete"/><attDef ident="style" mode="delete"/><attDef ident="synch" mode="delete"/><attDef ident="xml:base" mode="delete"/><attDef ident="xml:lang" mode="delete"/><attDef ident="xml:space" mode="delete"/></attList></elementSpec><elementSpec ident="edition" module="header" mode="change" ns=""><content><rng:zeroOrMore xmlns="http://relaxng.org/ns/structure/1.0"><rng:choice xmlns="http://relaxng.org/ns/structure/1.0"><rng:text xmlns:rng="http://relaxng.org/ns/structure/1.0"/><rng:ref xmlns:rng="http://relaxng.org/ns/structure/1.0" name="model.hiLike"/><rng:ref xmlns:rng="http://relaxng.org/ns/structure/1.0" name="date"/></rng:choice></rng:zeroOrMore></content><attList><attDef ident="ana" mode="delete"/><attDef ident="change" mode="delete"/><attDef ident="copyOf" mode="delete"/><attDef ident="corresp" mode="delete"/><attDef ident="exclude" mode="delete"/><attDef ident="facs" mode="delete"/><attDef ident="n" mode="delete"/><attDef ident="next" mode="delete"/><attDef ident="prev" mode="delete"/><attDef ident="rend" mode="delete"/><attDef ident="rendition" mode="delete"/><attDef ident="sameAs" mode="delete"/><attDef ident="select" mode="delete"/><attDef ident="style" mode="delete"/><attDef ident="synch" mode="delete"/><attDef ident="xml:base" mode="delete"/><attDef ident="xml:lang" mode="delete"/><attDef ident="xml:space" mode="delete"/></attList></elementSpec><elementSpec ident="abbr" module="core" mode="change" ns=""><content><rng:zeroOrMore xmlns="http://relaxng.org/ns/structure/1.0"><rng:choice xmlns="http://relaxng.org/ns/structure/1.0"><rng:text xmlns:rng="http://relaxng.org/ns/structure/1.0"/><rng:ref xmlns:rng="http://relaxng.org/ns/structure/1.0" name="model.hiLike"/></rng:choice></rng:zeroOrMore></content><attList><attDef ident="ana" mode="delete"/><attDef ident="cert" mode="delete"/><attDef ident="change" mode="delete"/><attDef ident="copyOf" mode="delete"/><attDef ident="corresp" mode="delete"/><attDef ident="exclude" mode="delete"/><attDef ident="facs" mode="delete"/><attDef ident="n" mode="delete"/><attDef ident="next" mode="delete"/><attDef ident="prev" mode="delete"/><attDef ident="rend" mode="delete"/><attDef ident="rendition" mode="delete"/><attDef ident="resp" mode="delete"/><attDef ident="sameAs" mode="delete"/><attDef ident="select" mode="delete"/><attDef ident="style" mode="delete"/><attDef ident="subtype" mode="delete"/><attDef ident="synch" mode="delete"/><attDef ident="type" mode="delete"/><attDef ident="xml:base" mode="delete"/><attDef ident="xml:space" mode="delete"/></attList></elementSpec><elementSpec ident="pubPlace" module="core" mode="change" ns=""><content><rng:zeroOrMore xmlns="http://relaxng.org/ns/structure/1.0"><rng:choice xmlns="http://relaxng.org/ns/structure/1.0"><rng:text xmlns:rng="http://relaxng.org/ns/structure/1.0"/><rng:ref xmlns:rng="http://relaxng.org/ns/structure/1.0" name="model.hiLike"/></rng:choice></rng:zeroOrMore></content><attList><attDef ident="ana" mode="delete"/><attDef ident="change" mode="delete"/><attDef ident="copyOf" mode="delete"/><attDef ident="corresp" mode="delete"/><attDef ident="exclude" mode="delete"/><attDef ident="facs" mode="delete"/><attDef ident="key" mode="delete"/><attDef ident="n" mode="delete"/><attDef ident="next" mode="delete"/><attDef ident="nymRef" mode="delete"/><attDef ident="prev" mode="delete"/><attDef ident="ref" mode="delete"/><attDef ident="rend" mode="delete"/><attDef ident="rendition" mode="delete"/><attDef ident="role" mode="delete"/><attDef ident="sameAs" mode="delete"/><attDef ident="select" mode="delete"/><attDef ident="style" mode="delete"/><attDef ident="synch" mode="delete"/><attDef ident="xml:base" mode="delete"/><attDef ident="xml:lang" mode="delete"/><attDef ident="xml:space" mode="delete"/></attList></elementSpec><elementSpec ident="publisher" module="core" mode="change" ns=""><content><rng:zeroOrMore xmlns="http://relaxng.org/ns/structure/1.0"><rng:choice xmlns="http://relaxng.org/ns/structure/1.0"><rng:text xmlns:rng="http://relaxng.org/ns/structure/1.0"/><rng:ref xmlns:rng="http://relaxng.org/ns/structure/1.0" name="model.hiLike"/></rng:choice></rng:zeroOrMore></content><attList><attDef ident="ana" mode="delete"/><attDef ident="change" mode="delete"/><attDef ident="copyOf" mode="delete"/><attDef ident="corresp" mode="delete"/><attDef ident="exclude" mode="delete"/><attDef ident="facs" mode="delete"/><attDef ident="n" mode="delete"/><attDef ident="next" mode="delete"/><attDef ident="prev" mode="delete"/><attDef ident="rend" mode="delete"/><attDef ident="rendition" mode="delete"/><attDef ident="sameAs" mode="delete"/><attDef ident="select" mode="delete"/><attDef ident="style" mode="delete"/><attDef ident="synch" mode="delete"/><attDef ident="xml:base" mode="delete"/><attDef ident="xml:lang" mode="delete"/><attDef ident="xml:space" mode="delete"/></attList></elementSpec><elementSpec ident="biblScope" module="core" mode="change" ns=""><content><rng:zeroOrMore xmlns="http://relaxng.org/ns/structure/1.0"><rng:choice xmlns="http://relaxng.org/ns/structure/1.0"><rng:text xmlns:rng="http://relaxng.org/ns/structure/1.0"/><rng:ref xmlns:rng="http://relaxng.org/ns/structure/1.0" name="model.hiLike"/></rng:choice></rng:zeroOrMore></content><attList><attDef ident="ana" mode="delete"/><attDef ident="change" mode="delete"/><attDef ident="copyOf" mode="delete"/><attDef ident="corresp" mode="delete"/><attDef ident="exclude" mode="delete"/><attDef ident="facs" mode="delete"/><attDef ident="from" mode="delete"/><attDef ident="n" mode="delete"/><attDef ident="next" mode="delete"/><attDef ident="prev" mode="delete"/><attDef ident="rend" mode="delete"/><attDef ident="rendition" mode="delete"/><attDef ident="sameAs" mode="delete"/><attDef ident="select" mode="delete"/><attDef ident="style" mode="delete"/><attDef ident="synch" mode="delete"/><attDef ident="to" mode="delete"/><attDef ident="xml:base" mode="delete"/><attDef ident="xml:lang" mode="delete"/><attDef ident="xml:space" mode="delete"/><attDef ident="type" mode="delete"/></attList></elementSpec><elementSpec ident="relatedItem" module="core" mode="change"><content><rng:group xmlns="http://relaxng.org/ns/structure/1.0"><rng:ref xmlns:rng="http://relaxng.org/ns/structure/1.0" name="bibl"/></rng:group></content><attList><attDef ident="ana" mode="delete"/><attDef ident="change" mode="delete"/><attDef ident="copyOf" mode="delete"/><attDef ident="corresp" mode="delete"/><attDef ident="exclude" mode="delete"/><attDef ident="facs" mode="delete"/><attDef ident="n" mode="delete"/><attDef ident="next" mode="delete"/><attDef ident="prev" mode="delete"/><attDef ident="rend" mode="delete"/><attDef ident="rendition" mode="delete"/><attDef ident="sameAs" mode="delete"/><attDef ident="select" mode="delete"/><attDef ident="style" mode="delete"/><attDef ident="subtype" mode="delete"/><attDef ident="synch" mode="delete"/><attDef ident="target" mode="delete"/><attDef ident="xml:base" mode="delete"/><attDef ident="xml:lang" mode="delete"/><attDef ident="xml:space" mode="delete"/></attList></elementSpec><elementSpec ident="meeting" module="core" mode="change" ns=""><content><rng:zeroOrMore xmlns="http://relaxng.org/ns/structure/1.0"><rng:choice xmlns="http://relaxng.org/ns/structure/1.0"><rng:text xmlns:rng="http://relaxng.org/ns/structure/1.0"/><rng:ref xmlns:rng="http://relaxng.org/ns/structure/1.0" name="model.hiLike"/><rng:ref xmlns:rng="http://relaxng.org/ns/structure/1.0" name="date"/></rng:choice></rng:zeroOrMore></content><attList><attDef ident="ana" mode="delete"/><attDef ident="change" mode="delete"/><attDef ident="copyOf" mode="delete"/><attDef ident="corresp" mode="delete"/><attDef ident="exclude" mode="delete"/><attDef ident="facs" mode="delete"/><attDef ident="n" mode="delete"/><attDef ident="next" mode="delete"/><attDef ident="prev" mode="delete"/><attDef ident="rend" mode="delete"/><attDef ident="rendition" mode="delete"/><attDef ident="sameAs" mode="delete"/><attDef ident="select" mode="delete"/><attDef ident="style" mode="delete"/><attDef ident="synch" mode="delete"/><attDef ident="xml:base" mode="delete"/><attDef ident="xml:lang" mode="delete"/><attDef ident="xml:space" mode="delete"/></attList></elementSpec><elementSpec ident="extent" module="header" mode="change" ns=""><content><rng:zeroOrMore><rng:choice xmlns:rng="http://relaxng.org/ns/structure/1.0"><rng:text xmlns:rng="http://relaxng.org/ns/structure/1.0"/><rng:ref xmlns:rng="http://relaxng.org/ns/structure/1.0" name="model.hiLike"/></rng:choice></rng:zeroOrMore></content><attList><attDef ident="ana" mode="delete"/><attDef ident="change" mode="delete"/><attDef ident="copyOf" mode="delete"/><attDef ident="corresp" mode="delete"/><attDef ident="exclude" mode="delete"/><attDef ident="facs" mode="delete"/><attDef ident="n" mode="delete"/><attDef ident="next" mode="delete"/><attDef ident="prev" mode="delete"/><attDef ident="rend" mode="delete"/><attDef ident="rendition" mode="delete"/><attDef ident="sameAs" mode="delete"/><attDef ident="select" mode="delete"/><attDef ident="style" mode="delete"/><attDef ident="synch" mode="delete"/><attDef ident="xml:base" mode="delete"/><attDef ident="xml:lang" mode="delete"/><attDef ident="xml:space" mode="delete"/></attList></elementSpec><elementSpec ident="forename" module="namesdates" mode="change" ns=""><content><rng:zeroOrMore xmlns="http://relaxng.org/ns/structure/1.0"><rng:choice xmlns="http://relaxng.org/ns/structure/1.0"><rng:text xmlns="http://relaxng.org/ns/structure/1.0"/><rng:ref xmlns="http://relaxng.org/ns/structure/1.0" name="model.hiLike"/><rng:ref xmlns="http://relaxng.org/ns/structure/1.0" name="model.segLike"/><rng:ref xmlns="http://relaxng.org/ns/structure/1.0" name="model.milestoneLike"/><rng:ref xmlns="http://relaxng.org/ns/structure/1.0" name="model.noteLike"/></rng:choice></rng:zeroOrMore></content><attList><attDef ident="ana" mode="delete"/><attDef ident="change" mode="delete"/><attDef ident="copyOf" mode="delete"/><attDef ident="corresp" mode="delete"/><attDef ident="exclude" mode="delete"/><attDef ident="facs" mode="delete"/><attDef ident="key" mode="delete"/><attDef ident="n" mode="delete"/><attDef ident="next" mode="delete"/><attDef ident="nymRef" mode="delete"/><attDef ident="prev" mode="delete"/><attDef ident="ref" mode="delete"/><attDef ident="rend" mode="delete"/><attDef ident="rendition" mode="delete"/><attDef ident="role" mode="delete"/><attDef ident="sameAs" mode="delete"/><attDef ident="select" mode="delete"/><attDef ident="sort" mode="delete"/><attDef ident="style" mode="delete"/><attDef ident="subtype" mode="delete"/><attDef ident="synch" mode="delete"/><attDef ident="type" mode="delete"/><attDef ident="xml:base" mode="delete"/><attDef ident="xml:lang" mode="delete"/><attDef ident="xml:space" mode="delete"/></attList></elementSpec><elementSpec ident="surname" module="namesdates" mode="change"><content><rng:zeroOrMore xmlns="http://relaxng.org/ns/structure/1.0"><rng:choice xmlns="http://relaxng.org/ns/structure/1.0"><rng:text xmlns="http://relaxng.org/ns/structure/1.0"/><rng:ref xmlns="http://relaxng.org/ns/structure/1.0" name="model.hiLike"/><rng:ref xmlns="http://relaxng.org/ns/structure/1.0" name="model.segLike"/><rng:ref xmlns="http://relaxng.org/ns/structure/1.0" name="model.milestoneLike"/><rng:ref xmlns="http://relaxng.org/ns/structure/1.0" name="model.noteLike"/></rng:choice></rng:zeroOrMore></content><attList><attDef ident="ana" mode="delete"/><attDef ident="change" mode="delete"/><attDef ident="copyOf" mode="delete"/><attDef ident="corresp" mode="delete"/><attDef ident="exclude" mode="delete"/><attDef ident="facs" mode="delete"/><attDef ident="key" mode="delete"/><attDef ident="n" mode="delete"/><attDef ident="next" mode="delete"/><attDef ident="nymRef" mode="delete"/><attDef ident="prev" mode="delete"/><attDef ident="ref" mode="delete"/><attDef ident="rend" mode="delete"/><attDef ident="rendition" mode="delete"/><attDef ident="role" mode="delete"/><attDef ident="sameAs" mode="delete"/><attDef ident="select" mode="delete"/><attDef ident="sort" mode="delete"/><attDef ident="style" mode="delete"/><attDef ident="subtype" mode="delete"/><attDef ident="synch" mode="delete"/><attDef ident="type" mode="delete"/><attDef ident="xml:base" mode="delete"/><attDef ident="xml:lang" mode="delete"/><attDef ident="xml:space" mode="delete"/></attList></elementSpec><elementSpec ident="anchor" module="linking" mode="change"><attList><attDef ident="ana" mode="delete"/><attDef ident="change" mode="delete"/><attDef ident="copyOf" mode="delete"/><attDef ident="exclude" mode="delete"/><attDef ident="facs" mode="delete"/><attDef ident="n" mode="delete"/><attDef ident="next" mode="delete"/><attDef ident="prev" mode="delete"/><attDef ident="rend" mode="delete"/><attDef ident="rendition" mode="delete"/><attDef ident="sameAs" mode="delete"/><attDef ident="select" mode="delete"/><attDef ident="style" mode="delete"/><attDef ident="subtype" mode="delete"/><attDef ident="synch" mode="delete"/><attDef ident="xml:base" mode="delete"/><attDef ident="xml:lang" mode="delete"/><attDef ident="xml:space" mode="delete"/></attList></elementSpec><elementSpec ident="appInfo" module="header" mode="change"><attList><attDef ident="ana" mode="delete"/><attDef ident="change" mode="delete"/><attDef ident="copyOf" mode="delete"/><attDef ident="corresp" mode="delete"/><attDef ident="exclude" mode="delete"/><attDef ident="facs" mode="delete"/><attDef ident="n" mode="delete"/><attDef ident="next" mode="delete"/><attDef ident="prev" mode="delete"/><attDef ident="rend" mode="delete"/><attDef ident="rendition" mode="delete"/><attDef ident="sameAs" mode="delete"/><attDef ident="select" mode="delete"/><attDef ident="style" mode="delete"/><attDef ident="synch" mode="delete"/><attDef ident="xml:base" mode="delete"/><attDef ident="xml:lang" mode="delete"/><attDef ident="xml:space" mode="delete"/></attList></elementSpec><elementSpec ident="application" module="header" mode="change"><attList><attDef ident="ana" mode="delete"/><attDef ident="calendar" mode="delete"/><attDef ident="change" mode="delete"/><attDef ident="copyOf" mode="delete"/><attDef ident="corresp" mode="delete"/><attDef ident="datingMethod" mode="delete"/><attDef ident="datingPoint" mode="delete"/><attDef ident="exclude" mode="delete"/><attDef ident="facs" mode="delete"/><attDef ident="from" mode="delete"/><attDef ident="from-custom" mode="delete"/><attDef ident="from-iso" mode="delete"/><attDef ident="n" mode="delete"/><attDef ident="next" mode="delete"/><attDef ident="notAfter" mode="delete"/><attDef ident="notAfter-custom" mode="delete"/><attDef ident="notAfter-iso" mode="delete"/><attDef ident="notBefore" mode="delete"/><attDef ident="notBefore-custom" mode="delete"/><attDef ident="notBefore-iso" mode="delete"/><attDef ident="period" mode="delete"/><attDef ident="prev" mode="delete"/><attDef ident="rend" mode="delete"/><attDef ident="rendition" mode="delete"/><attDef ident="sameAs" mode="delete"/><attDef ident="select" mode="delete"/><attDef ident="style" mode="delete"/><attDef ident="subtype" mode="delete"/><attDef ident="synch" mode="delete"/><attDef ident="to" mode="delete"/><attDef ident="to-custom" mode="delete"/><attDef ident="to-iso" mode="delete"/><attDef ident="type" mode="delete"/><attDef ident="when" mode="delete"/><attDef ident="when-custom" mode="delete"/><attDef ident="when-iso" mode="delete"/><attDef ident="xml:base" mode="delete"/><attDef ident="xml:lang" mode="delete"/><attDef ident="xml:space" mode="delete"/></attList></elementSpec><elementSpec ident="encodingDesc" module="header" mode="change"><attList><attDef ident="ana" mode="delete"/><attDef ident="change" mode="delete"/><attDef ident="copyOf" mode="delete"/><attDef ident="corresp" mode="delete"/><attDef ident="exclude" mode="delete"/><attDef ident="facs" mode="delete"/><attDef ident="n" mode="delete"/><attDef ident="next" mode="delete"/><attDef ident="prev" mode="delete"/><attDef ident="rend" mode="delete"/><attDef ident="rendition" mode="delete"/><attDef ident="sameAs" mode="delete"/><attDef ident="select" mode="delete"/><attDef ident="style" mode="delete"/><attDef ident="synch" mode="delete"/><attDef ident="xml:base" mode="delete"/><attDef ident="xml:lang" mode="delete"/><attDef ident="xml:space" mode="delete"/></attList></elementSpec><elementSpec ident="langUsage" module="header" mode="change"><attList><attDef ident="ana" mode="delete"/><attDef ident="change" mode="delete"/><attDef ident="copyOf" mode="delete"/><attDef ident="corresp" mode="delete"/><attDef ident="default" mode="delete"/><attDef ident="exclude" mode="delete"/><attDef ident="facs" mode="delete"/><attDef ident="n" mode="delete"/><attDef ident="next" mode="delete"/><attDef ident="prev" mode="delete"/><attDef ident="rend" mode="delete"/><attDef ident="rendition" mode="delete"/><attDef ident="sameAs" mode="delete"/><attDef ident="select" mode="delete"/><attDef ident="style" mode="delete"/><attDef ident="synch" mode="delete"/><attDef ident="xml:base" mode="delete"/><attDef ident="xml:lang" mode="delete"/><attDef ident="xml:space" mode="delete"/></attList></elementSpec><elementSpec ident="lb" module="core" mode="change"><attList><attDef ident="ana" mode="delete"/><attDef ident="break" mode="delete"/><attDef ident="change" mode="delete"/><attDef ident="copyOf" mode="delete"/><attDef ident="corresp" mode="delete"/><attDef ident="ed" mode="delete"/><attDef ident="edRef" mode="delete"/><attDef ident="exclude" mode="delete"/><attDef ident="facs" mode="delete"/><attDef ident="n" mode="delete"/><attDef ident="next" mode="delete"/><attDef ident="prev" mode="delete"/><attDef ident="rend" mode="delete"/><attDef ident="rendition" mode="delete"/><attDef ident="sameAs" mode="delete"/><attDef ident="select" mode="delete"/><attDef ident="spanTo" mode="delete"/><attDef ident="style" mode="delete"/><attDef ident="subtype" mode="delete"/><attDef ident="synch" mode="delete"/><attDef ident="type" mode="delete"/><attDef ident="xml:base" mode="delete"/><attDef ident="xml:lang" mode="delete"/><attDef ident="xml:space" mode="delete"/></attList></elementSpec><elementSpec ident="notesStmt" module="header" mode="change"><attList><attDef ident="ana" mode="delete"/><attDef ident="change" mode="delete"/><attDef ident="copyOf" mode="delete"/><attDef ident="corresp" mode="delete"/><attDef ident="exclude" mode="delete"/><attDef ident="facs" mode="delete"/><attDef ident="n" mode="delete"/><attDef ident="next" mode="delete"/><attDef ident="prev" mode="delete"/><attDef ident="rend" mode="delete"/><attDef ident="rendition" mode="delete"/><attDef ident="sameAs" mode="delete"/><attDef ident="select" mode="delete"/><attDef ident="style" mode="delete"/><attDef ident="synch" mode="delete"/><attDef ident="xml:base" mode="delete"/><attDef ident="xml:lang" mode="delete"/><attDef ident="xml:space" mode="delete"/></attList></elementSpec><elementSpec ident="pb" module="core" mode="change"><attList><attDef ident="ana" mode="delete"/><attDef ident="break" mode="delete"/><attDef ident="change" mode="delete"/><attDef ident="copyOf" mode="delete"/><attDef ident="corresp" mode="delete"/><attDef ident="ed" mode="delete"/><attDef ident="edRef" mode="delete"/><attDef ident="exclude" mode="delete"/><attDef ident="facs" mode="delete"/><attDef ident="n" mode="delete"/><attDef ident="next" mode="delete"/><attDef ident="prev" mode="delete"/><attDef ident="rend" mode="delete"/><attDef ident="rendition" mode="delete"/><attDef ident="sameAs" mode="delete"/><attDef ident="select" mode="delete"/><attDef ident="spanTo" mode="delete"/><attDef ident="style" mode="delete"/><attDef ident="subtype" mode="delete"/><attDef ident="synch" mode="delete"/><attDef ident="type" mode="delete"/><attDef ident="xml:base" mode="delete"/><attDef ident="xml:lang" mode="delete"/><attDef ident="xml:space" mode="delete"/></attList></elementSpec><elementSpec ident="profileDesc" module="header" mode="change"><attList><attDef ident="ana" mode="delete"/><attDef ident="change" mode="delete"/><attDef ident="copyOf" mode="delete"/><attDef ident="corresp" mode="delete"/><attDef ident="exclude" mode="delete"/><attDef ident="facs" mode="delete"/><attDef ident="n" mode="delete"/><attDef ident="next" mode="delete"/><attDef ident="prev" mode="delete"/><attDef ident="rend" mode="delete"/><attDef ident="rendition" mode="delete"/><attDef ident="sameAs" mode="delete"/><attDef ident="select" mode="delete"/><attDef ident="style" mode="delete"/><attDef ident="synch" mode="delete"/><attDef ident="xml:base" mode="delete"/><attDef ident="xml:lang" mode="delete"/><attDef ident="xml:space" mode="delete"/></attList></elementSpec><elementSpec ident="projectDesc" module="header" mode="change"><attList><attDef ident="ana" mode="delete"/><attDef ident="change" mode="delete"/><attDef ident="copyOf" mode="delete"/><attDef ident="corresp" mode="delete"/><attDef ident="default" mode="delete"/><attDef ident="exclude" mode="delete"/><attDef ident="facs" mode="delete"/><attDef ident="n" mode="delete"/><attDef ident="next" mode="delete"/><attDef ident="prev" mode="delete"/><attDef ident="rend" mode="delete"/><attDef ident="rendition" mode="delete"/><attDef ident="sameAs" mode="delete"/><attDef ident="select" mode="delete"/><attDef ident="style" mode="delete"/><attDef ident="synch" mode="delete"/><attDef ident="xml:base" mode="delete"/><attDef ident="xml:lang" mode="delete"/><attDef ident="xml:space" mode="delete"/></attList></elementSpec><elementSpec ident="ptr" module="core" mode="change"><attList><attDef ident="ana" mode="delete"/><attDef ident="cRef" mode="delete"/><attDef ident="change" mode="delete"/><attDef ident="copyOf" mode="delete"/><attDef ident="corresp" mode="delete"/><attDef ident="decls" mode="delete"/><attDef ident="evaluate" mode="delete"/><attDef ident="exclude" mode="delete"/><attDef ident="facs" mode="delete"/><attDef ident="mimeType" mode="delete"/><attDef ident="n" mode="delete"/><attDef ident="next" mode="delete"/><attDef ident="prev" mode="delete"/><attDef ident="rend" mode="delete"/><attDef ident="rendition" mode="delete"/><attDef ident="sameAs" mode="delete"/><attDef ident="select" mode="delete"/><attDef ident="style" mode="delete"/><attDef ident="subtype" mode="delete"/><attDef ident="synch" mode="delete"/><attDef ident="targetLang" mode="delete"/><attDef ident="type" mode="delete"/><attDef ident="xml:base" mode="delete"/><attDef ident="xml:lang" mode="delete"/><attDef ident="xml:space" mode="delete"/></attList></elementSpec><elementSpec ident="respStmt" module="core" mode="change"><attList><attDef ident="ana" mode="delete"/><attDef ident="change" mode="delete"/><attDef ident="copyOf" mode="delete"/><attDef ident="corresp" mode="delete"/><attDef ident="exclude" mode="delete"/><attDef ident="facs" mode="delete"/><attDef ident="n" mode="delete"/><attDef ident="next" mode="delete"/><attDef ident="prev" mode="delete"/><attDef ident="rend" mode="delete"/><attDef ident="rendition" mode="delete"/><attDef ident="sameAs" mode="delete"/><attDef ident="select" mode="delete"/><attDef ident="style" mode="delete"/><attDef ident="synch" mode="delete"/><attDef ident="xml:base" mode="delete"/><attDef ident="xml:lang" mode="delete"/><attDef ident="xml:space" mode="delete"/></attList></elementSpec><elementSpec ident="row" module="figures" mode="change"><attList><attDef ident="ana" mode="delete"/><attDef ident="change" mode="delete"/><attDef ident="cols" mode="delete"/><attDef ident="copyOf" mode="delete"/><attDef ident="corresp" mode="delete"/><attDef ident="exclude" mode="delete"/><attDef ident="facs" mode="delete"/><attDef ident="n" mode="delete"/><attDef ident="next" mode="delete"/><attDef ident="prev" mode="delete"/><attDef ident="rend" mode="delete"/><attDef ident="rendition" mode="delete"/><attDef ident="role" mode="delete"/><attDef ident="rows" mode="delete"/><attDef ident="sameAs" mode="delete"/><attDef ident="select" mode="delete"/><attDef ident="style" mode="delete"/><attDef ident="synch" mode="delete"/><attDef ident="xml:base" mode="delete"/><attDef ident="xml:lang" mode="delete"/><attDef ident="xml:space" mode="delete"/></attList></elementSpec><elementSpec ident="persName" module="namesdates" mode="change" ns=""><attList><attDef ident="ana" mode="delete"/><attDef ident="atLeast" mode="delete"/><attDef ident="atMost" mode="delete"/><attDef ident="calendar" mode="delete"/><attDef ident="cert" mode="delete"/><attDef ident="change" mode="delete"/><attDef ident="confidence" mode="delete"/><attDef ident="copyOf" mode="delete"/><attDef ident="corresp" mode="delete"/><attDef ident="datingMethod" mode="delete"/><attDef ident="datingPoint" mode="delete"/><attDef ident="evidence" mode="delete"/><attDef ident="exclude" mode="delete"/><attDef ident="extent" mode="delete"/><attDef ident="facs" mode="delete"/><attDef ident="from" mode="delete"/><attDef ident="from-custom" mode="delete"/><attDef ident="from-iso" mode="delete"/><attDef ident="full" mode="delete"/><attDef ident="instant" mode="delete"/><attDef ident="key" mode="delete"/><attDef ident="max" mode="delete"/><attDef ident="min" mode="delete"/><attDef ident="n" mode="delete"/><attDef ident="next" mode="delete"/><attDef ident="notAfter" mode="delete"/><attDef ident="notAfter-custom" mode="delete"/><attDef ident="notAfter-iso" mode="delete"/><attDef ident="notBefore" mode="delete"/><attDef ident="notBefore-custom" mode="delete"/><attDef ident="notBefore-iso" mode="delete"/><attDef ident="nymRef" mode="delete"/><attDef ident="period" mode="delete"/><attDef ident="precision" mode="delete"/><attDef ident="prev" mode="delete"/><attDef ident="quantity" mode="delete"/><attDef ident="ref" mode="delete"/><attDef ident="rend" mode="delete"/><attDef ident="rendition" mode="delete"/><attDef ident="resp" mode="delete"/><attDef ident="role" mode="delete"/><attDef ident="sameAs" mode="delete"/><attDef ident="scope" mode="delete"/><attDef ident="select" mode="delete"/><attDef ident="sort" mode="delete"/><attDef ident="source" mode="delete"/><attDef ident="style" mode="delete"/><attDef ident="subtype" mode="delete"/><attDef ident="synch" mode="delete"/><attDef ident="to" mode="delete"/><attDef ident="to-custom" mode="delete"/><attDef ident="to-iso" mode="delete"/><attDef ident="type" mode="delete"/><attDef ident="unit" mode="delete"/><attDef ident="when" mode="delete"/><attDef ident="when-custom" mode="delete"/><attDef ident="when-iso" mode="delete"/><attDef ident="xml:base" mode="delete"/><attDef ident="xml:space" mode="delete"/></attList><content><rng:zeroOrMore xmlns="http://relaxng.org/ns/structure/1.0"><rng:choice xmlns="http://relaxng.org/ns/structure/1.0"><rng:ref name="model.segLike"/><rng:ref name="model.hiLike"/><rng:ref name="model.milestoneLike"/><rng:ref name="model.noteLike"/><rng:ref name="surname"/><rng:ref name="forename"/></rng:choice></rng:zeroOrMore></content></elementSpec><moduleRef key="tagdocs" except="altIdent att attDef attList attRef classRef classSpec classes constraint constraintSpec content datatype defaultVal eg egXML elementRef elementSpec equiv exemplum gi ident listRef macroRef macroSpec memberOf moduleRef moduleSpec remarks schemaSpec specDesc specGrp specGrpRef specList tag val valDesc valItem valList"/><elementSpec ident="code" module="tagdocs" mode="change"><attList><attDef ident="ana" mode="delete"/><attDef ident="change" mode="delete"/><attDef ident="copyOf" mode="delete"/><attDef ident="corresp" mode="delete"/><attDef ident="exclude" mode="delete"/><attDef ident="facs" mode="delete"/><attDef ident="n" mode="delete"/><attDef ident="next" mode="delete"/><attDef ident="prev" mode="delete"/><attDef ident="rend" mode="delete"/><attDef ident="rendition" mode="delete"/><attDef ident="sameAs" mode="delete"/><attDef ident="select" mode="delete"/><attDef ident="style" mode="delete"/><attDef ident="synch" mode="delete"/><attDef ident="xml:base" mode="delete"/><attDef ident="xml:lang" mode="delete"/><attDef ident="xml:space" mode="delete"/></attList></elementSpec></schemaSpec></body></text></TEI>
