<?xml version="1.0"?>
<TEI xmlns="http://www.tei-c.org/ns/1.0" xml:lang="en"><teiHeader><fileDesc><titleStmt><title>  TEI</title><author>  generated by Roma 3.12</author></titleStmt><publicationStmt><p>

for use by whoever wants it</p></publicationStmt><notesStmt><note type="ns">  http://www.example.org/ns/nonTEI</note></notesStmt><sourceDesc><p>

created on Monday 21st June 2010 04:54:19 AM</p></sourceDesc></fileDesc></teiHeader><text><front><divGen type="toc"/></front><body><p>Generic TEI Customization starts with modules tei, core, textstructure, header and Xinclude. For publishig work.</p><schemaSpec ident="tei" docLang="fr" prefix="tei_" start="TEI" xml:lang="en" targetLang="en"><moduleRef key="core"/><moduleRef key="tei"/><moduleRef key="header"/><moduleRef key="textstructure"/><moduleRef key="figures"/><elementSpec xmlns:rng="http://relaxng.org/ns/structure/1.0" ident="include" ns="http://www.w3.org/2001/XInclude" mode="add"><desc>

The W3C XInclude element</desc><classes><memberOf key="model.common"/><memberOf key="model.headerPart"/></classes><content><rng:optional><rng:ref name="fallback"/></rng:optional></content><attList><attDef ident="href"><desc>

pointer to the resource being included</desc><datatype><rng:ref name="data.pointer"/></datatype></attDef><attDef ident="parse" usage="opt"><defaultVal>

xml</defaultVal><valList type="closed"><valItem ident="xml"/><valItem ident="text"/></valList></attDef><attDef ident="xpointer" usage="opt"><datatype><rng:text/></datatype></attDef><attDef ident="encoding" usage="opt"><datatype><rng:text/></datatype></attDef><attDef ident="accept" usage="opt"><datatype><rng:text/></datatype></attDef><attDef ident="accept-charset" usage="opt"><datatype><rng:text/></datatype></attDef><attDef ident="accept-language" usage="opt"><datatype><rng:text/></datatype></attDef></attList></elementSpec><elementSpec xmlns:rng="http://relaxng.org/ns/structure/1.0" ident="fallback" ns="http://www.w3.org/2001/XInclude" mode="add"><desc>

Wrapper for fallback elements if an XInclude fails</desc><content><oneOrMore xmlns="http://relaxng.org/ns/structure/1.0"><choice><text/><ref name="macro.anyThing"/></choice></oneOrMore></content></elementSpec><elementSpec module="core" ident="add" mode="delete"/><elementSpec module="core" ident="addrLine" mode="delete"/><elementSpec module="core" ident="binaryObject" mode="delete"/><elementSpec module="core" ident="choice" mode="delete"/><elementSpec module="core" ident="corr" mode="delete"/><elementSpec module="core" ident="del" mode="delete"/><elementSpec module="core" ident="distinct" mode="delete"/><elementSpec module="core" ident="divGen" mode="delete"/><elementSpec module="core" ident="gap" mode="delete"/><elementSpec module="core" ident="measure" mode="delete"/><elementSpec module="core" ident="measureGrp" mode="delete"/><elementSpec module="core" ident="meeting" mode="delete"/><elementSpec module="core" ident="mentioned" mode="delete"/><elementSpec module="core" ident="orig" mode="delete"/><elementSpec module="core" ident="reg" mode="delete"/><elementSpec module="core" ident="relatedItem" mode="delete"/><elementSpec module="core" ident="rs" mode="delete"/><elementSpec module="core" ident="said" mode="delete"/><elementSpec module="core" ident="sic" mode="delete"/><elementSpec module="core" ident="soCalled" mode="delete"/><elementSpec module="core" ident="time" mode="delete"/><elementSpec module="core" ident="unclear" mode="delete"/><elementSpec module="header" ident="cRefPattern" mode="delete"/><elementSpec module="header" ident="catDesc" mode="delete"/><elementSpec module="header" ident="catRef" mode="delete"/><elementSpec module="header" ident="category" mode="delete"/><elementSpec module="header" ident="classCode" mode="delete"/><elementSpec module="header" ident="classDecl" mode="delete"/><elementSpec module="header" ident="correction" mode="delete"/><elementSpec module="header" ident="distributor" mode="delete"/><elementSpec module="header" ident="geoDecl" mode="delete"/><elementSpec module="header" ident="handNote" mode="delete"/><elementSpec module="header" ident="hyphenation" mode="delete"/><elementSpec module="header" ident="interpretation" mode="delete"/><elementSpec module="header" ident="principal" mode="delete"/><elementSpec module="header" ident="refState" mode="delete"/><elementSpec module="header" ident="refsDecl" mode="delete"/><elementSpec module="header" ident="rendition" mode="delete"/><elementSpec module="header" ident="samplingDecl" mode="delete"/><elementSpec module="header" ident="segmentation" mode="delete"/><elementSpec module="header" ident="stdVals" mode="delete"/><elementSpec module="header" ident="tagUsage" mode="delete"/><elementSpec module="header" ident="tagsDecl" mode="delete"/><elementSpec module="header" ident="taxonomy" mode="delete"/><elementSpec module="header" ident="typeNote" mode="delete"/><elementSpec module="textstructure" ident="argument" mode="delete"><attList><attDef ident="rendition" mode="delete"/></attList></elementSpec><elementSpec module="textstructure" ident="closer" mode="delete"/><elementSpec module="textstructure" ident="div1" mode="delete"/><elementSpec module="textstructure" ident="div2" mode="delete"/><elementSpec module="textstructure" ident="div3" mode="delete"/><elementSpec module="textstructure" ident="div4" mode="delete"/><elementSpec module="textstructure" ident="div5" mode="delete"/><elementSpec module="textstructure" ident="div6" mode="delete"/><elementSpec module="textstructure" ident="div7" mode="delete"/><elementSpec module="textstructure" ident="opener" mode="delete"/><elementSpec module="textstructure" ident="postscript" mode="delete"/><elementSpec module="textstructure" ident="salute" mode="delete"/><elementSpec module="textstructure" ident="signed" mode="delete"/><elementSpec module="textstructure" ident="trailer" mode="delete"/><elementSpec ident="back" module="textstructure" mode="change"><attList><attDef ident="rendition" mode="delete"/></attList></elementSpec><elementSpec ident="figDesc" module="figures" mode="change"><attList><attDef ident="rendition" mode="delete"/></attList></elementSpec><classSpec ident="att.global" mode="change" type="atts" module="tei"><attList><attDef ident="rendition" mode="delete"/><attDef ident="xml:base" mode="delete"/><attDef ident="pstyle" mode="add" ns="http://ns.adobe.com/AdobeInDesign/4.0/"><desc>

Correspondance de mise en forme dans Indesign (&#xE0; l'&#xE9;chelle du paragraphe).</desc></attDef><attDef ident="cstyle" mode="add" ns="http://ns.adobe.com/AdobeInDesign/4.0/"><desc>

Correspondance de mise en forme dans Indesign (&#xE0; l'&#xE9;chelle de la s&#xE9;quence de caract&#xE8;res).</desc></attDef></attList></classSpec><elementSpec module="core" ident="teiCorpus" mode="delete"/><elementSpec module="header" ident="namespace" mode="delete"/><elementSpec ident="cell" module="figures" mode="change"><attList><attDef ident="table" mode="add" ns="http://ns.adobe.com/AdobeInDesign/4.0/"><desc>
Type d'&#xE9;l&#xE9;ment de tableau (pour Indesign)</desc></attDef><attDef ident="crows" mode="add" ns="http://ns.adobe.com/AdobeInDesign/4.0/"><desc>
Nombre de rang&#xE9;es sur lesquelles une cellule peut s'&#xE9;tendre (pour Indesign)</desc></attDef><attDef ident="ccols" mode="add" ns="http://ns.adobe.com/AdobeInDesign/4.0/"><desc>
Nombre de colonnes sur lesquelles une cellule peut s'&#xE9;tendre (pour Indesign)</desc></attDef><attDef ident="cellstyle" mode="add" ns="http://ns.adobe.com/AdobeInDesign/5.0/"><desc>
Style de mise en forme de la cellule (pour Indesign)</desc></attDef></attList></elementSpec><elementSpec ident="table" module="figures" mode="change"><attList><attDef ident="table" mode="add" ns="http://ns.adobe.com/AdobeInDesign/4.0/"><desc>
Type d'&#xE9;l&#xE9;ment de tableau (pour Indesign)</desc></attDef><attDef ident="tcols" mode="add" ns="http://ns.adobe.com/AdobeInDesign/4.0/"><desc>
Nombre de colonnes du tableau (pour Indesign)</desc></attDef><attDef ident="trows" mode="add" ns="http://ns.adobe.com/AdobeInDesign/4.0/"><desc>
Nombre de rang&#xE9;es du tableau (pour Indesign)</desc></attDef><attDef ident="tablestyle" mode="add" ns="http://ns.adobe.com/AdobeInDesign/5.0/"><desc>
Style de mise en forme du tableau (pour Indesign)</desc></attDef></attList></elementSpec><moduleRef key="linking" except="alt altGrp join joinGrp link linkGrp timeline when"/><moduleRef key="namesdates" except="addName age birth bloc climate country death district education event faith floruit forename genName geo geogFeat geogName langKnowledge langKnown listEvent listNym listOrg listPerson listPlace location nameLink nationality nym occupation offset org persName person personGrp place placeName population region relation relationGrp residence settlement sex socecStatus state surname terrain trait"/><moduleRef key="analysis" except="c cl interp interpGrp m pc phr span spanGrp w"/></schemaSpec></body></text></TEI>
