<?xml version="1.0" encoding="UTF-8"?>

<TEI xmlns="http://www.tei-c.org/ns/1.0">
  <teiHeader>
    <fileDesc>
      <titleStmt>
        <title>Title</title>
      </titleStmt>
      <publicationStmt>
        <p>Publication information</p>
      </publicationStmt>
      <sourceDesc>
        <p>Information about the source</p>
      </sourceDesc>
    </fileDesc>
  </teiHeader>
  <text>
    <body>
      <div>
        <head>Further Reading</head>
        <p>The <ref target="http//www.tei-c.org">TEI website</ref> maintains a page of links to
          online tutorial materials at <ptr
            target="http://www.tei-c.org/Support/Learn/tutorials.xml"/>; we list a few of these
          below.</p>
        <p>The <ref target="http://www.tei-c.org/P5/">TEI Guidelines</ref> include a large reading
          list of publications about markup theory and the TEI in particular at <ptr
            target="http://www.tei-c.org/release/doc/tei-p5-doc/en/html/BIB.html#BIB-RDG"/>. We list
          below a few items from it which the general reader may find helpful or informative. </p>
        <p>The Zotero website hosts two public TEI-related collections of citations: a generic one
          at <ptr target="https://www.zotero.org/groups/tei/items"/>, and one more focussed on
          linguistic issues at <ptr target="https://www.zotero.org/groups/tei-lingsig/items/"/>
        </p>
        <div >
          <head>Tutorial articles and manuals</head>
          <listBibl>
            <bibl xml:id="Bertrand">
              <editor>
                <forename>Lauranne</forename>
                <surname>Bertrand</surname>
              </editor>
              <editor>
                <forename>Marie Luce</forename>
                <surname>Demonet</surname>
              </editor>
              <editor>
                <forename>Jorge</forename>
                <surname>Fins</surname>
              </editor>
              <title level="m" xml:lang="fr">Manuel d’encodage XML-TEI Renaissance et temps modernes (Imprimés -
                manuscrits)</title>
             
              <ptr target="http://www.bvh.univ-tours.fr/XML-TEI/index.asp"/>
              <note>Detailed encoding manual for early print materials; in French.</note>
            </bibl>
            <bibl xml:id="Bingenheimer2009">
              <editor>
                <forename>Marcus</forename>
                <surname>Bingenheimer</surname>
              </editor>
              <title level="m" xml:lang="zh">TEI使用指南──運用TEI處理中 文文獻</title>
              <title level="m" xml:lang="en"> Chinese TEI – A guide to using TEI with Chinese
                texts</title>
              <pubPlace>Taiwan</pubPlace>
              <publisher>Taiwan E-learning and Digital Archive Program 數位典藏與數位學習國家型科技計畫</publisher>
              <date>2009</date>
              <ptr target="http://www.tei-c.org/Support/Learn/TEI-ChinLoc-2ndPrintEd.pdf"/>
              <note>Chinese translation of the TEI Lite tutorial (P5 edition) and accompanying
                articles. </note>
            </bibl>
            <bibl xml:id="Bodard">
              <editor>
                <forename>Gabriel</forename>
                <surname>Bodard</surname>
              </editor>
              <editor>
                <forename>Tom</forename>
                <surname>Elliott</surname>
              </editor>
              <editor>
                <forename>Elli</forename>
                <surname>Mylonas</surname>
              </editor>
              <title level="m">EpiDoc Guidelines: Ancient documents in TEI XML</title>
              <ptr target="http://www.stoa.org/epidoc/gl/latest/"/>
              <note>Detailed encoding manual for epigraphical and other ancient primary source
                materials.</note>
            </bibl>
            <bibl xml:id="BurnardSperberg">
              <author>
                <forename>Lou</forename>
                <surname>Burnard</surname>
              </author>
              <author>
                <forename>C.M.</forename>
                <surname>Sperberg-McQueen</surname>
              </author>
              <title level="m">TEI Lite: Encoding for Interchange: an introduction to the TEI: final
                revised edition for TEI P5</title>
              <ptr target="http://www.tei-c.org/release/doc/tei-p5-exemplars/html/tei_lite.doc.html"/>
              <date>August 2012</date>
              <note>The original one-stop generic tutorial introduction to using the TEI. </note>
            </bibl>
            <bibl xml:id="BurnardDavidTrans">
              <author>
                <forename>Lou</forename>
                <surname>Burnard</surname>
              </author>
              <author>
                <forename>C.M.</forename>
                <surname>Sperberg-McQueen</surname>
              </author>
              <editor role="trans"><forename>Sophie</forename><surname>David</surname></editor>
              <title xml:lang="fr">Encoder pour échanger : une introduction à la TEI</title>
              <ptr
                target="http://www.tei-c.org/release/doc/tei-p5-exemplars/html/tei_lite_fr.doc.html"/>
              <note>French translation of the latest revision of the TEI Lite tutorial.</note>
            </bibl>
            <bibl xml:id="Ciottied2005">
              <editor>
                <forename>Fabio</forename>
                <surname>Ciotti</surname>
              </editor>
              <title level="m" xml:lang="it">Il Manuale TEI Lite: Introduzione Alla Codifica
                Elettronica Dei Testi Letterari</title>
              <pubPlace>Milano</pubPlace>
              <publisher>Sylvestre Bonnard</publisher>
              <date>2005</date>
              <note>Italian translation of the TEI Lite tutorial (P4 edition); accompanied by
                introductory articles on XML, on the transition from P4 to P5, and on TEI tools and
                techniques. </note>
            </bibl>
            <bibl xml:id="Dalmau">
              <editor>
                <forename>Michelle</forename>
                <surname>Dalmau</surname>
              </editor>
              <editor>
                <forename>Kevin</forename>
                <surname>Hawkins</surname>
              </editor>
              <title level="m">Best Practices for TEI in Libraries</title>
              <ptr target="http://purl.oclc.org/NET/teiinlibraries"/>
              <note>Detailed specification of a subset of TEI appropriate for use in capture of
                primary sources for digital library work.</note>
            </bibl>
            <bibl xml:id="Flanders">
              <editor>
                <forename>Julia</forename>
                <surname>Flanders</surname>
              </editor>
              <editor>
                <forename>Syd</forename>
                <surname>Bauman</surname>
              </editor>
              <title level="m">Women Writers Project Guide to Scholarly Text Encoding</title>
              <ptr target="http://www.wwp.brown.edu/research/publications/guide/"/>
              <date>2007</date>
              <note>Website providing documentation and guidance on using the TEI for the encoding
                of early printed books.</note>
            </bibl>
            <bibl xml:id="HawkinsIntro">
              <author>
                <forename>Kevin</forename>
                <surname>Hawkins</surname>
              </author>
              <title level="m">Introduction to XML for Text</title>
              <date>2010</date>
              <ptr target="www.ultraslavonic.info/intro-to-xml"/>
              <note>Short introduction to encoding with XML for absolute beginners.</note>
            </bibl>
            <bibl xml:id="Loiseau2002">
              <author>
                <forename>Sylvain</forename>
                <surname>Loiseau</surname>
              </author>
              <title level="m" xml:lang="fr">Les standards : autour d'XML et de la TEI</title>
              <ptr target="http://www.revue-texto.net/Corpus/Manufacture/standards/sommaire.html"/>
              <date>2002</date>
              <note>Detailed overview of TEI P4 and related XML standards; in French.</note>
            </bibl>
            <bibl xml:id="VanDen">
              <editor>
                <forename>Ron</forename>
                <surname>Van den Branden</surname>
              </editor>
              <editor>
                <forename>Edward</forename>
                <surname>Vanhoutte</surname>
              </editor>
              <title level="m">TEI By Example</title>
              <ptr target="http://www.teibyexample.org"/>
              <note>Online tutorial site providing practical exercises and examples for the full
                range of TEI (P4) modules.</note>
            </bibl>
          </listBibl>
        </div>
        <div>
          <head>Journal articles and books</head>
          <listBibl>
            <bibl xml:id="Barnardetal1996">
              <author>
                <forename>David</forename>
                <forename>T.</forename>
                <surname>Barnard</surname>
              </author>
              <author>
                <forename>Lou</forename>
                <surname>Burnard</surname>
              </author>
              <author>
                <forename>C.</forename>
                <forename>Michael</forename>
                <surname>Sperberg-McQueen</surname>
              </author>
              <title level="a">Lessons learned from using SGML in the Text Encoding
                Initiative</title>
              <title level="j">Computer Standards &amp; Interfaces</title>
              <biblScope type="vol">18</biblScope>
              <biblScope type="issue">1</biblScope>
              <date>1996</date>
              <biblScope type="pp">3–10</biblScope>
              <ptr target="http://dx.doi.org/10.1016/0920-5489(95)00035-6"/>
              <note>Technical article summarizing how SGML was used in TEI P3 to implement
                modularity, customization, and hyperlinking. Of interest in the history of
                ODD.</note>
            </bibl>
            <bibl xml:id="BurnardRahtz2004">
              <author>
                <forename>Lou</forename>
                <surname>Burnard</surname>
              </author>
              <author>
                <forename>Sebastian</forename>
                <surname>Rahtz</surname>
              </author>
              <title level="a">RelaxNG with Son of ODD</title>
              <title level="m">Proceedings of Extreme Markup Languages 2004</title>
              <date>2004</date>
              <ref
                target="http://www.mulberrytech.com/Extreme/Proceedings/html/2004/Burnard01/EML2004Burnard01.pdf"/>
              <note>Technical description of the new ODD system developed for TEI P5.</note>
            </bibl>
            <bibl xml:id="Burnard2000">
              <author>
                <forename>Lou</forename>
                <surname>Burnard</surname>
              </author>
              <title level="a">Text Encoding for Interchange: A New Consortium</title>
              <ptr target="http://www.ariadne.ac.uk/issue24/tei/"/>
              <title level="j">Ariadne, Issue 24</title>
              <date>June 2000</date>
              <note>Press release describing the relaunch of the TEI as a membership
                Consortium.</note>
            </bibl>
            <bibl xml:id="Burnard2001">
              <author>
                <forename>Lou</forename>
                <surname>Burnard</surname>
              </author>
              <title level="a">On the Hermeneutic Implications of Text Encoding</title>
              <ptr target="http://users.ox.ac.uk/~lou/wip/herman.htm"/>
              <editor>
                <forename>Domenico</forename>
                <surname>Fiormonte</surname>
              </editor>
              <editor>
                <forename>Jonathan</forename>
                <surname>Usher</surname>
              </editor>
              <title level="m">New Media and the Humanities: Research and Applications</title>
              <pubPlace>Oxford</pubPlace>
              <publisher>Humanities Computing Unit</publisher>
              <date>2001</date>
              <biblScope type="pp">31–38</biblScope>
              <!-- note>last accessed on August 12, 2007</note-->
              <note>Brief article stressing the interpretive nature of markup and placing it within
                an ancient scholarly tradition.</note>
            </bibl>
            <bibl xml:id="Burnard2013">
              <author>
                <forename>Lou</forename>
                <surname>Burnard</surname>
              </author>
              <title level="a">The Evolution of the Text Encoding Initiative: From Research Project
                to Research Infrastructure </title>
              <title level="j">Journal of the Text Encoding Initiative</title>
              <biblScope type="issue">5</biblScope>
              <date>2013</date>
              <ptr target="http://jtei.revues.org/811"/>
              <note>Historical review of the development of the TEI to date.</note>
            </bibl>
            <bibl xml:id="Coombsetal1987">
              <author>
                <forename>James</forename>
                <forename>H.</forename>
                <surname>Coombs</surname>
              </author>
              <author>
                <forename>Allen</forename>
                <surname>Renear</surname>
              </author>
              <author>
                <forename>Steven</forename>
                <forename>J.</forename>
                <surname>DeRose</surname>
              </author>
              <title level="a">Markup Systems and The Future of Scholarly Text Processing</title>
              <ref target="http://xml.coverpages.org/coombs-hallgren.html"/>
              <ref target="http://xml.coverpages.org/coombs.html"/>
              <title level="j">Communications of the ACM</title>
              <biblScope type="vol">30</biblScope>
              <biblScope type="issue">11</biblScope>
              <date>1987</date>
              <biblScope type="pp">933–947</biblScope>
              <ptr target="http://doi.acm.org/10.1145/32206.32209"/>
              <!-- note>last accessed August 12, 2007</note-->
              <!--idno type="doi">10.1145/32206.32209</idno-->
              <!-- note>last accessed August 12, 2007</note-->
              <!-- note>last accessed August 12, 2007</note-->
              <!--note>Reprinted with new commentary in <ptr target="#Landow1993a"/>, pp
					85–118</note-->
              <note>Classic and influential polemic arguing for descriptive rather than procedural
                markup as a scholarly activity.</note>
            </bibl>
            <bibl xml:id="DeRose1997a">
              <author>
                <forename>Steven</forename>
                <forename>J.</forename>
                <surname>DeRose</surname>
              </author>
              <author>
                <forename>David</forename>
                <forename>G.</forename>
                <surname>Durand</surname>
              </author>
              <author>
                <forename>Elli</forename>
                <surname>Mylonas</surname>
              </author>
              <author>
                <forename>Allen</forename>
                <forename>H.</forename>
                <surname>Renear</surname>
              </author>
              <title level="a">What is Text, Really?</title>
              <title level="j">Journal of Computer Documentation</title>
              <biblScope type="vol">21</biblScope>
              <biblScope type="issue">3</biblScope>
              <date>1997</date>
              <biblScope type="pp">1–24</biblScope>
              <ptr target="http://doi.acm.org/10.1145/264842.264843"/>
              <!--idno type="doi">10.1145/264842.264843</idno-->
              <note>Classic statement of the <soCalled>OHCO</soCalled> hypothesis according to which
                text is fundamentally an "Ordered Hierarchy of Content".</note>
            </bibl>
            <bibl xml:id="HolmesRomary2010">
              <author>
                <forename>Martin</forename>
                <surname>Holmes</surname>
              </author>
              <author>
                <forename>Laurent</forename>
                <surname>Romary</surname>
              </author>
              <title type="main" level="a">Encoding models for scholarly literature</title>
              <title level="m" type="main">Publishing and digital libraries: Legal and
                organizational issues</title>
              <publisher>IGI Global</publisher>
              <biblScope type="pp">88-110</biblScope>
              <!--idno type="doi">10.4018/978-1-60960-031-0</idno>
				<idno type="HALid">http://hal.archives-ouvertes.fr/hal-00390966</idno-->
              <ptr
                target="http://hal.archives-ouvertes.fr/hal-00390966/PDF/romary_chap_iglezakis_book.pdf"/>
              <note>Discusses use of TEI for the encoding and management of academic
                publications.</note>
            </bibl>
            <bibl xml:id="Ide1995b">
              <editor>
                <forename>Nancy</forename>
                <surname>Ide</surname>
              </editor>
              <editor>
                <forename>Jean</forename>
                <surname>Veronis</surname>
              </editor>
              <title level="m">The Text Encoding Initiative: Background and Contexts</title>
              <pubPlace>Dordrecht</pubPlace>
              <pubPlace>Boston</pubPlace>
              <publisher>Kluwer Academic Publisher</publisher>
              <date>1995</date>
              <note>Essential collection of 17 articles originally published as a double issue of
                Computers and the Humanities in 1994. Major TEI contributors of the first generation
                provide overviews of the TEI approach to encoding specific text types, complemented
                by classic articles on TEI objectives and design, and on SGML. </note>
            </bibl>
            <bibl xml:id="IdeRomary">
              <author><forename>Nancy</forename><surname>Ide</surname></author>
              <author><forename>Laurent</forename><surname>Romary</surname>
              </author>
              <title type="main" level="a">A Registry of Standard Data Categories for Linguistic
                Annotation</title>
              <title>Proceedings of the 4th International Conference on Language Resources and
                Evaluation - LREC'04</title>
              <pubPlace>Lisbon, Portugal</pubPlace>
              <date>2004</date>
              <biblScope type="pp">135-138</biblScope>
              <ref type="HALid">http://hal.inria.fr/inria-00099858</ref>
              <note>Describes the development of a Data Category Registry (DCR) component for the
                Linguistic Annotation Framework; an ISO standard of major importance in the encoding
                of linguistic analysis. </note>
            </bibl>
            <bibl xml:id="Mertz2003">
              <author>
                <forename>David</forename>
                <surname>Mertz</surname>
              </author>
              <title level="m" type="main">XML Matters: TEI — the Text Encoding Initiative</title>
              <title level="m" type="sub"> An XML Dialect for Archival and Complex Documents</title>
              <date>2003</date>
              <ref target="http://www-106.ibm.com/developerworks/xml/library/x-matters30.html"/>
              <!-- note>last accessed January 27, 2005</note-->
              <note>Interesting perspective on TEI-XML as seen from outside the scholarly
                community.</note>
            </bibl>
            <bibl xml:id="MylonasandRenear1999">
              <author>
                <forename>Elli</forename>
                <surname>Mylonas</surname>
              </author>
              <author>
                <forename>Allen</forename>
                <surname>Renear</surname>
              </author>
              <title level="a">The Text Encoding Initiative at 10: Not Just an Interchange Format
                Anymore — But a New Research Community</title>
              <title level="j">Computers and the Humanities</title>
              <biblScope type="vol">33</biblScope>
              <biblScope type="issue">1-2</biblScope>
              <date>1999</date>
              <idno type="DOI">http://dx.doi.org/10.1023/A:1001832310939</idno>
              <note>Introduction to a retrospective collection of 12 selected papers produced for
                the TEI 10th Anniversary Conference, held at Brown University in November 1997.
              </note>
            </bibl>
            <bibl xml:id="Schmidt2011">
              <author>
                <forename>Thomas</forename>
                <surname>Schmidt</surname>
              </author>
              <title level="a">A TEI-based Approach to Standardising Spoken Language
                Transcription</title>
              <title level="j">Journal of the Text Encoding Initiative</title>
              <biblScope type="issue">1</biblScope>
              <date>2011</date>
              <ptr target="http://jtei.revues.org/142"/>
              <note>Surveys existing transcription schemes for spoken language and the feasibility
                of using TEI as an interlingua amongst them.</note>
            </bibl>


            <bibl>
              <author>
                <forename>C.</forename>
                <forename>Michael</forename>
                <surname>Sperberg-McQueen</surname>
              </author>
              <title level="a">Text in the Electronic Age: Textual Study and Text Encoding, with
                Examples from Medieval Texts</title>
              <title level="j">Literary &amp; Linguistic Computing</title>
              <biblScope type="vol">6</biblScope>
              <biblScope type="issue">1</biblScope>
              <date>1991</date>
              <biblScope type="pp">34-46</biblScope>
              <ptr target="http://dx.doi.org/10.1093/llc/6.1.34"/>
              <!-- note>last accessed August 12, 2007</note-->
              <!--idno type="doi">10.1093/llc/6.1.34</idno-->
              <note>Classic statement of markup theory as applied to the editing of primary
                sources.</note>
            </bibl>
            <bibl xml:id="Unsworthetaleds2004">
              <editor>
                <forename>John</forename>
                <surname>Unsworth</surname>
              </editor>
              <editor>
                <forename>Katherine</forename>
                <surname>O'Brien</surname>
                <surname>O'Keeffe</surname>
              </editor>
              <editor>
                <forename>Lou</forename>
                <surname>Burnard</surname>
              </editor>
              <title level="m">Electronic Textual Editing</title>
              <pubPlace>New York</pubPlace>
              <publisher>Modern Languages Association</publisher>
              <date>2006</date>
              <note>Collection of articles by 24 leading practioners covering all aspects of
                electronic textual editing within the TEI paradigm. An early version is available
                from the TEI website. </note>
            </bibl>
            <bibl xml:id="WitternEtAl2009">
              <author>
                <forename>Christian</forename>
                <surname>Wittern</surname>
              </author>
              <author>
                <forename>Conal</forename>
                <surname>Tuohy</surname>
              </author>
              <author>
                <forename>Arianna</forename><surname>Ciula</surname>. </author>
              <title level="a">The making of TEI P5</title>
              <title level="j">Literary and Linguistic Computing</title>
              <biblScope type="vol">24</biblScope>
              <biblScope type="issue">3</biblScope>
              <date>2009</date>
              <biblScope type="pp">281-96</biblScope>
              <ptr target="http://dx.doi.org/10.1093/llc/fqp017"/>
              <note>Detailed report on the editorial work leading up to the first edition of TEI
                P5.</note>
            </bibl>
          </listBibl>
        </div>
      </div>
    </body>
  </text>
</TEI>
