<?xml version="1.0" encoding="UTF-8"?><TEI xmlns="http://www.tei-c.org/ns/1.0">
  <teiHeader>
    <fileDesc>
      <titleStmt>
        <title>Title</title>
      </titleStmt>
      <publicationStmt>
        <p>Publication information</p>
      </publicationStmt>
      <sourceDesc>
        <p>Information about the source</p>
      </sourceDesc>
    </fileDesc>
  </teiHeader>
  <text>
    <body>
      <div>
        <head>Further Reading</head>
        <p>The <ref target="http//www.tei-c.org">TEI website</ref> maintains a page of links to
          online tutorial materials at <ptr target="http://www.tei-c.org/Support/Learn/tutorials.xml"/>; we list a few of these
          below.</p>
        <p>The <ref target="http://www.tei-c.org/P5/">TEI Guidelines</ref> include a large reading
          list of publications about markup theory and the TEI in particular at <ptr target="http://www.tei-c.org/release/doc/tei-p5-doc/en/html/BIB.html#BIB-RDG"/>. We list
          below a few items from it which the general reader may find helpful or informative. </p>
        <p>The Zotero website hosts two public TEI-related collections of citations: a generic one
          at <ptr target="https://www.zotero.org/groups/tei/items"/>, and one more focussed on
          linguistic issues at <ptr target="https://www.zotero.org/groups/tei-lingsig/items/"/>
        </p>
        <div>
          <head>Tutorial articles and manuals</head>
          <listBibl>
            <bibl><hi rend="sc">Bertrand</hi> Lauranne et <hi rend="sc">Demonet</hi> Marie Luce et <hi rend="sc">Fins</hi> Jorge éd., <hi rend="it" xml:lang="fr">Manuel d’encodage XML-TEI Renaissance et temps modernes (Imprimés -
                manuscrits)</hi>,  [URL : http://www.bvh.univ-tours.fr/XML-TEI/index.asp] Consulté le 2 dec 2013.  (Detailed encoding manual for early print materials; in French.)</bibl>
            
        
            <bibl><hi rend="sc">Bingenheimer</hi> Marcus éd., 2009, <hi rend="it" xml:lang="zh">TEI使用指南──運用TEI處理中 文文獻</hi><hi rend="it" xml:lang="en"> Chinese TEI – A guide to using TEI with Chinese
                texts</hi>, Taiwan, Taiwan E-learning and Digital Archive Program 數位典藏與數位學習國家型科技計畫,  [URL : http://www.tei-c.org/Support/Learn/TEI-ChinLoc-2ndPrintEd.pdf] Consulté le 2 dec 2013.  (Chinese translation of the TEI Lite tutorial (P5 edition) and accompanying
                articles. )</bibl>
            
        
            <bibl><hi rend="sc">Bodard</hi> Gabriel et <hi rend="sc">Elliott</hi> Tom et <hi rend="sc">Mylonas</hi> Elli éd., <hi rend="it" xml:lang="en">EpiDoc Guidelines: Ancient documents in TEI XML</hi>,  [URL : http://www.stoa.org/epidoc/gl/latest/] Consulté le 2 dec 2013.  (Detailed encoding manual for epigraphical and other ancient primary source
                materials.)</bibl>
            
        
            <bibl><hi rend="sc">Burnard</hi> Lou, <hi rend="sc">Sperberg-McQueen</hi> C.M., August 2012, <hi rend="it" xml:lang="en">TEI Lite: Encoding for Interchange: an introduction to the TEI: final
                revised edition for TEI P5</hi>,  [URL : http://www.tei-c.org/release/doc/tei-p5-exemplars/html/tei_lite.doc.html] Consulté le 2 dec 2013.  (The original one-stop generic tutorial introduction to using the TEI. )</bibl>
            
        
            <bibl><hi rend="sc">Burnard</hi> Lou, <hi rend="sc">Sperberg-McQueen</hi> C.M., <hi rend="sc">David</hi> Sophie trans., <title xml:lang="fr">Encoder pour échanger : une introduction à la TEI</title>,  [URL : http://www.tei-c.org/release/doc/tei-p5-exemplars/html/tei_lite_fr.doc.html] Consulté le 2 dec 2013.  (French translation of the latest revision of the TEI Lite tutorial.)</bibl>
            
        
            <bibl><hi rend="sc">Ciotti</hi> Fabio éd., 2005, <hi rend="it" xml:lang="it">Il Manuale TEI Lite: Introduzione Alla Codifica
                Elettronica Dei Testi Letterari</hi>, Milano, Sylvestre Bonnard,  (Italian translation of the TEI Lite tutorial (P4 edition); accompanied by
                introductory articles on XML, on the transition from P4 to P5, and on TEI tools and
                techniques. )</bibl>
            
        
            <bibl><hi rend="sc">Dalmau</hi> Michelle et <hi rend="sc">Hawkins</hi> Kevin éd., <hi rend="it" xml:lang="en">Best Practices for TEI in Libraries</hi>,  [URL : http://purl.oclc.org/NET/teiinlibraries] Consulté le 2 dec 2013.  (Detailed specification of a subset of TEI appropriate for use in capture of
                primary sources for digital library work.)</bibl>
            
        
            <bibl><hi rend="sc">Flanders</hi> Julia et <hi rend="sc">Bauman</hi> Syd éd., 2007, <hi rend="it" xml:lang="en">Women Writers Project Guide to Scholarly Text Encoding</hi>,  [URL : http://www.wwp.brown.edu/research/publications/guide/] Consulté le 2 dec 2013.  (Website providing documentation and guidance on using the TEI for the encoding
                of early printed books.)</bibl>
            
        
            <bibl><hi rend="sc">Hawkins</hi> Kevin, 2010, <hi rend="it" xml:lang="en">Introduction to XML for Text</hi>,  [URL : www.ultraslavonic.info/intro-to-xml] Consulté le 2 dec 2013.  (Short introduction to encoding with XML for absolute beginners.)</bibl>
            
        
            <bibl><hi rend="sc">Loiseau</hi> Sylvain, 2002, <hi rend="it" xml:lang="fr">Les standards : autour d'XML et de la TEI</hi>,  [URL : http://www.revue-texto.net/Corpus/Manufacture/standards/sommaire.html] Consulté le 2 dec 2013.  (Detailed overview of TEI P4 and related XML standards; in French.)</bibl>
            
        
            <bibl><hi rend="sc">Van den Branden</hi> Ron et <hi rend="sc">Vanhoutte</hi> Edward éd., <hi rend="it" xml:lang="en">TEI By Example</hi>,  [URL : http://www.teibyexample.org] Consulté le 2 dec 2013.  (Online tutorial site providing practical exercises and examples for the full
                range of TEI (P4) modules.)</bibl>
            
        
          </listBibl>
        </div>
        <div>
          <head>Journal articles and books</head>
          <listBibl>
            <bibl><hi rend="sc">Barnard</hi> David T., <hi rend="sc">Burnard</hi> Lou, <hi rend="sc">Sperberg-McQueen</hi> C. Michael, 1996,  «Lessons learned from using SGML in the Text Encoding
                Initiative» <hi rend="it">Computer Standards &amp; Interfaces</hi>, vol. 18, no. 1, p. 3–10 [URL : http://dx.doi.org/10.1016/0920-5489(95)00035-6] Consulté le 2 dec 2013.  (Technical article summarizing how SGML was used in TEI P3 to implement
                modularity, customization, and hyperlinking. Of interest in the history of
                ODD.)</bibl>
            
        
            <bibl><hi rend="sc">Burnard</hi> Lou, <hi rend="sc">Rahtz</hi> Sebastian, 2004,  «RelaxNG with Son of ODD» <hi rend="it" xml:lang="en">Proceedings of Extreme Markup Languages 2004</hi>,  [URL : http://www.mulberrytech.com/Extreme/Proceedings/html/2004/Burnard01/EML2004Burnard01.pdf] Consulté le 2 dec 2013.  (Technical description of the new ODD system developed for TEI P5.)</bibl>
            
        
            <bibl><hi rend="sc">Burnard</hi> Lou, June 2000,  «Text Encoding for Interchange: A New Consortium» <hi rend="it">Ariadne, Issue 24</hi>,  [URL : http://www.ariadne.ac.uk/issue24/tei/] Consulté le 2 dec 2013.  (Press release describing the relaunch of the TEI as a membership
                Consortium.)</bibl>
            
        
            <bibl><hi rend="sc">Burnard</hi> Lou, <hi rend="sc">Fiormonte</hi> Domenico et <hi rend="sc">Usher</hi> Jonathan éd., 2001,  «On the Hermeneutic Implications of Text Encoding» <hi rend="it" xml:lang="en">New Media and the Humanities: Research and Applications</hi>, Oxford, Humanities Computing Unit, p. 31–38 [URL : http://users.ox.ac.uk/~lou/wip/herman.htm] Consulté le 2 dec 2013.  (Brief article stressing the interpretive nature of markup and placing it within
                an ancient scholarly tradition.)</bibl>
            
        
            <bibl><hi rend="sc">Burnard</hi> Lou, 2013,  «The Evolution of the Text Encoding Initiative: From Research Project
                to Research Infrastructure » <hi rend="it">Journal of the Text Encoding Initiative</hi>, no. 5,  [URL : http://jtei.revues.org/811] Consulté le 2 dec 2013.  (Historical review of the development of the TEI to date.)</bibl>
            
        
            <bibl><hi rend="sc">Coombs</hi> James H., <hi rend="sc">Renear</hi> Allen, <hi rend="sc">DeRose</hi> Steven J., 1987,  «Markup Systems and The Future of Scholarly Text Processing» <hi rend="it">Communications of the ACM</hi>, vol. 30, no. 11, p. 933–947 [URL : http://xml.coverpages.org/coombs-hallgren.html] Consulté le 2 dec 2013.  [URL : http://xml.coverpages.org/coombs.html] Consulté le 2 dec 2013.  [URL : http://doi.acm.org/10.1145/32206.32209] Consulté le 2 dec 2013.  (Classic and influential polemic arguing for descriptive rather than procedural
                markup as a scholarly activity.)</bibl>
            
        
            <bibl><hi rend="sc">DeRose</hi> Steven J., <hi rend="sc">Durand</hi> David G., <hi rend="sc">Mylonas</hi> Elli, <hi rend="sc">Renear</hi> Allen H., 1997,  «What is Text, Really?» <hi rend="it">Journal of Computer Documentation</hi>, vol. 21, no. 3, p. 1–24 [URL : http://doi.acm.org/10.1145/264842.264843] Consulté le 2 dec 2013.  (Classic statement of the OHCO hypothesis according to which
                text is fundamentally an "Ordered Hierarchy of Content".)</bibl>
            
        
            <bibl><hi rend="sc">Holmes</hi> Martin, <hi rend="sc">Romary</hi> Laurent,  «Encoding models for scholarly literature» <hi rend="it" xml:lang="en">Publishing and digital libraries: Legal and
                organizational issues</hi>, IGI Global, p. 88-110 [URL : http://hal.archives-ouvertes.fr/hal-00390966/PDF/romary_chap_iglezakis_book.pdf] Consulté le 2 dec 2013.  (Discusses use of TEI for the encoding and management of academic
                publications.)</bibl>
            
        
            <bibl><hi rend="sc">Ide</hi> Nancy et <hi rend="sc">Veronis</hi> Jean éd., 1995, <hi rend="it" xml:lang="en">The Text Encoding Initiative: Background and Contexts</hi>, Dordrecht, Boston, Kluwer Academic Publisher,  (Essential collection of 17 articles originally published as a double issue of
                Computers and the Humanities in 1994. Major TEI contributors of the first generation
                provide overviews of the TEI approach to encoding specific text types, complemented
                by classic articles on TEI objectives and design, and on SGML. )</bibl>
            
        
            <bibl><hi rend="sc">Ide</hi> Nancy, <hi rend="sc">Romary</hi> Laurent, 2004,  «A Registry of Standard Data Categories for Linguistic
                Annotation» <title>Proceedings of the 4th International Conference on Language Resources and
                Evaluation - LREC'04</title>, Lisbon, Portugal, p. 135-138 [URL : ] Consulté le 2 dec 2013.  (Describes the development of a Data Category Registry (DCR) component for the
                Linguistic Annotation Framework; an ISO standard of major importance in the encoding
                of linguistic analysis. )</bibl>
            
        
            <bibl><hi rend="sc">Mertz</hi> David, 2003, <hi rend="it" xml:lang="en">XML Matters: TEI — the Text Encoding Initiative</hi><hi rend="it" xml:lang="en"> An XML Dialect for Archival and Complex Documents</hi>,  [URL : http://www-106.ibm.com/developerworks/xml/library/x-matters30.html] Consulté le 2 dec 2013.  (Interesting perspective on TEI-XML as seen from outside the scholarly
                community.)</bibl>
            
        
            <bibl><hi rend="sc">Mylonas</hi> Elli, <hi rend="sc">Renear</hi> Allen, 1999,  «The Text Encoding Initiative at 10: Not Just an Interchange Format
                Anymore — But a New Research Community» <hi rend="it">Computers and the Humanities</hi>, vol. 33, no. 1-2,  (Introduction to a retrospective collection of 12 selected papers produced for
                the TEI 10th Anniversary Conference, held at Brown University in November 1997.
              )</bibl>
            
        
            <bibl><hi rend="sc">Schmidt</hi> Thomas, 2011,  «A TEI-based Approach to Standardising Spoken Language
                Transcription» <hi rend="it">Journal of the Text Encoding Initiative</hi>, no. 1,  [URL : http://jtei.revues.org/142] Consulté le 2 dec 2013.  (Surveys existing transcription schemes for spoken language and the feasibility
                of using TEI as an interlingua amongst them.)</bibl>
            
        


            <bibl><hi rend="sc">Sperberg-McQueen</hi> C. Michael, 1991,  «Text in the Electronic Age: Textual Study and Text Encoding, with
                Examples from Medieval Texts» <hi rend="it">Literary &amp; Linguistic Computing</hi>, vol. 6, no. 1, p. 34-46 [URL : http://dx.doi.org/10.1093/llc/6.1.34] Consulté le 2 dec 2013.  (Classic statement of markup theory as applied to the editing of primary
                sources.)</bibl>
            
        
            <bibl><hi rend="sc">Unsworth</hi> John et <hi rend="sc">O'Brien O'Keeffe</hi> Katherine et <hi rend="sc">Burnard</hi> Lou éd., 2006, <hi rend="it" xml:lang="en">Electronic Textual Editing</hi>, New York, Modern Languages Association,  (Collection of articles by 24 leading practioners covering all aspects of
                electronic textual editing within the TEI paradigm. An early version is available
                from the TEI website. )</bibl>
            
        
            <bibl><hi rend="sc">Wittern</hi> Christian, <hi rend="sc">Tuohy</hi> Conal, <hi rend="sc">Ciula</hi> Arianna, 2009,  «The making of TEI P5» <hi rend="it">Literary and Linguistic Computing</hi>, vol. 24, no. 3, p. 281-96 [URL : http://dx.doi.org/10.1093/llc/fqp017] Consulté le 2 dec 2013.  (Detailed report on the editorial work leading up to the first edition of TEI
                P5.)</bibl>
            
        
          </listBibl>
        </div>
      </div>
    </body>
  </text>
</TEI>