<?xml version="1.0" encoding="UTF-8"?>
<?xml-model href="http://www.tei-c.org/release/xml/tei/custom/schema/relaxng/tei_lite.rng" type="application/xml" schematypens="http://relaxng.org/ns/structure/1.0"?>
<?xml-model href="http://www.tei-c.org/release/xml/tei/custom/schema/relaxng/tei_lite.rng" type="application/xml"
	schematypens="http://purl.oclc.org/dsdl/schematron"?>
<TEI xmlns="http://www.tei-c.org/ns/1.0">
   <teiHeader>
      <fileDesc>
         <titleStmt>
            <title>Title</title>
         </titleStmt>
         <publicationStmt>
            <p>Publication information</p>
         </publicationStmt>
         <sourceDesc>
            <p>Information about the source</p>
         </sourceDesc>
      </fileDesc>
   </teiHeader>
   <text>
      <body>
         <p>Some text here.</p>
         <figure>
            <graphic url="http://www.tei-c.org/logos/TEI-glow.png"/>
            <head>A figure head</head>
         </figure>
         <div xml:id="D1" type="fooo">
            <head>Part 1</head>
            <p>Start of part</p>
            <div xml:id="D1.1" type="foo">
               <head>Sub part</head>
               <div>
                  <head>subsubpart</head>
                  <p>ping</p>
               </div>
               <div xml:id="D1.1.1">
                  <head>another subsubpart</head>
                  <p>ping</p>
               </div>
            </div>
         </div>
         <div>
            <head>Part two</head>
            <div>
               <p>Some text here.</p>
               <p>Heres a paragraph with a list in it: <list>
                     <item>this is an item</item>
                  </list> and some text after that with <foreign>other stuff</foreign> as well.</p>
               <p>And heres a paragraph with a block quote in it: <quote>
               Materia appetit formam ut virum foemina</quote> and some text after that with <q>an inline quote</q> as well.</p> </div>
         </div>
      </body>
   </text>
</TEI>
