<table>
<row role='label'><cell>Element</cell><cell>lodel</cell><cell>tei</cell><cell>score</cell></row>
<!-- 2 --><row><cell><ref target='http://www.tei-c.org/release/doc/tei-p5-doc/en/html/ref-TEI.html'>TEI</ref></cell> <cell>change</cell> <cell>use</cell><cell>2</cell></row>
<!-- 2 --><row><cell><ref target='http://www.tei-c.org/release/doc/tei-p5-doc/en/html/ref-ab.html'>ab</ref></cell> <cell>use</cell> <cell>use</cell><cell>2</cell></row>
<!-- 2 --><row><cell><ref target='http://www.tei-c.org/release/doc/tei-p5-doc/en/html/ref-abbr.html'>abbr</ref></cell> <cell>use</cell> <cell>use</cell><cell>2</cell></row>
<!-- 1 --><row><cell><ref target='http://www.tei-c.org/release/doc/tei-p5-doc/en/html/ref-address.html'>address</ref></cell> <cell> - </cell> <cell>use</cell><cell>1</cell></row>
<!-- 2 --><row><cell><ref target='http://www.tei-c.org/release/doc/tei-p5-doc/en/html/ref-affiliation.html'>affiliation</ref></cell> <cell>use</cell> <cell>use</cell><cell>2</cell></row>
<!-- 1 --><row><cell><ref target='http://www.tei-c.org/release/doc/tei-p5-doc/en/html/ref-analytic.html'>analytic</ref></cell> <cell> - </cell> <cell>use</cell><cell>1</cell></row>
<!-- 2 --><row><cell><ref target='http://www.tei-c.org/release/doc/tei-p5-doc/en/html/ref-anchor.html'>anchor</ref></cell> <cell>use</cell> <cell>use</cell><cell>2</cell></row>
<!-- 2 --><row><cell><ref target='http://www.tei-c.org/release/doc/tei-p5-doc/en/html/ref-appInfo.html'>appInfo</ref></cell> <cell>use</cell> <cell>use</cell><cell>2</cell></row>
<!-- 2 --><row><cell><ref target='http://www.tei-c.org/release/doc/tei-p5-doc/en/html/ref-application.html'>application</ref></cell> <cell>use</cell> <cell>use</cell><cell>2</cell></row>
<!-- 2 --><row><cell><ref target='http://www.tei-c.org/release/doc/tei-p5-doc/en/html/ref-author.html'>author</ref></cell> <cell>use</cell> <cell>use</cell><cell>2</cell></row>
<!-- 1 --><row><cell><ref target='http://www.tei-c.org/release/doc/tei-p5-doc/en/html/ref-authority.html'>authority</ref></cell> <cell> - </cell> <cell>use</cell><cell>1</cell></row>
<!-- 2 --><row><cell><ref target='http://www.tei-c.org/release/doc/tei-p5-doc/en/html/ref-availability.html'>availability</ref></cell> <cell>use</cell> <cell>use</cell><cell>2</cell></row>
<!-- 2 --><row><cell><ref target='http://www.tei-c.org/release/doc/tei-p5-doc/en/html/ref-back.html'>back</ref></cell> <cell>use</cell> <cell>change</cell><cell>2</cell></row>
<!-- 2 --><row><cell><ref target='http://www.tei-c.org/release/doc/tei-p5-doc/en/html/ref-bibl.html'>bibl</ref></cell> <cell>use</cell> <cell>use</cell><cell>2</cell></row>
<!-- 2 --><row><cell><ref target='http://www.tei-c.org/release/doc/tei-p5-doc/en/html/ref-biblFull.html'>biblFull</ref></cell> <cell>use</cell> <cell>use</cell><cell>2</cell></row>
<!-- 2 --><row><cell><ref target='http://www.tei-c.org/release/doc/tei-p5-doc/en/html/ref-biblScope.html'>biblScope</ref></cell> <cell>change</cell> <cell>use</cell><cell>2</cell></row>
<!-- 1 --><row><cell><ref target='http://www.tei-c.org/release/doc/tei-p5-doc/en/html/ref-biblStruct.html'>biblStruct</ref></cell> <cell> - </cell> <cell>use</cell><cell>1</cell></row>
<!-- 2 --><row><cell><ref target='http://www.tei-c.org/release/doc/tei-p5-doc/en/html/ref-body.html'>body</ref></cell> <cell>use</cell> <cell>use</cell><cell>2</cell></row>
<!-- 1 --><row><cell><ref target='http://www.tei-c.org/release/doc/tei-p5-doc/en/html/ref-byline.html'>byline</ref></cell> <cell> - </cell> <cell>use</cell><cell>1</cell></row>
<!-- 1 --><row><cell><ref target='http://www.tei-c.org/release/doc/tei-p5-doc/en/html/ref-cb.html'>cb</ref></cell> <cell> - </cell> <cell>use</cell><cell>1</cell></row>
<!-- 2 --><row><cell><ref target='http://www.tei-c.org/release/doc/tei-p5-doc/en/html/ref-cell.html'>cell</ref></cell> <cell>use</cell> <cell>change</cell><cell>2</cell></row>
<!-- 1 --><row><cell><ref target='http://www.tei-c.org/release/doc/tei-p5-doc/en/html/ref-change.html'>change</ref></cell> <cell> - </cell> <cell>use</cell><cell>1</cell></row>
<!-- 1 --><row><cell><ref target='http://www.tei-c.org/release/doc/tei-p5-doc/en/html/ref-cit.html'>cit</ref></cell> <cell> - </cell> <cell>use</cell><cell>1</cell></row>
<!-- 1 --><row><cell><ref target='http://www.tei-c.org/release/doc/tei-p5-doc/en/html/ref-code.html'>code</ref></cell> <cell>use</cell> <cell> - </cell><cell>1</cell></row>
<!-- 1 --><row><cell><ref target='http://www.tei-c.org/release/doc/tei-p5-doc/en/html/ref-creation.html'>creation</ref></cell> <cell> - </cell> <cell>use</cell><cell>1</cell></row>
<!-- 2 --><row><cell><ref target='http://www.tei-c.org/release/doc/tei-p5-doc/en/html/ref-date.html'>date</ref></cell> <cell>use</cell> <cell>use</cell><cell>2</cell></row>
<!-- 1 --><row><cell><ref target='http://www.tei-c.org/release/doc/tei-p5-doc/en/html/ref-dateline.html'>dateline</ref></cell> <cell> - </cell> <cell>use</cell><cell>1</cell></row>
<!-- 2 --><row><cell><ref target='http://www.tei-c.org/release/doc/tei-p5-doc/en/html/ref-desc.html'>desc</ref></cell> <cell>use</cell> <cell>use</cell><cell>2</cell></row>
<!-- 2 --><row><cell><ref target='http://www.tei-c.org/release/doc/tei-p5-doc/en/html/ref-div.html'>div</ref></cell> <cell>use</cell> <cell>use</cell><cell>2</cell></row>
<!-- 1 --><row><cell><ref target='http://www.tei-c.org/release/doc/tei-p5-doc/en/html/ref-docAuthor.html'>docAuthor</ref></cell> <cell> - </cell> <cell>use</cell><cell>1</cell></row>
<!-- 1 --><row><cell><ref target='http://www.tei-c.org/release/doc/tei-p5-doc/en/html/ref-docDate.html'>docDate</ref></cell> <cell> - </cell> <cell>use</cell><cell>1</cell></row>
<!-- 1 --><row><cell><ref target='http://www.tei-c.org/release/doc/tei-p5-doc/en/html/ref-docEdition.html'>docEdition</ref></cell> <cell> - </cell> <cell>use</cell><cell>1</cell></row>
<!-- 1 --><row><cell><ref target='http://www.tei-c.org/release/doc/tei-p5-doc/en/html/ref-docImprint.html'>docImprint</ref></cell> <cell> - </cell> <cell>use</cell><cell>1</cell></row>
<!-- 1 --><row><cell><ref target='http://www.tei-c.org/release/doc/tei-p5-doc/en/html/ref-docTitle.html'>docTitle</ref></cell> <cell> - </cell> <cell>use</cell><cell>1</cell></row>
<!-- 2 --><row><cell><ref target='http://www.tei-c.org/release/doc/tei-p5-doc/en/html/ref-edition.html'>edition</ref></cell> <cell>use</cell> <cell>use</cell><cell>2</cell></row>
<!-- 1 --><row><cell><ref target='http://www.tei-c.org/release/doc/tei-p5-doc/en/html/ref-editionStmt.html'>editionStmt</ref></cell> <cell> - </cell> <cell>use</cell><cell>1</cell></row>
<!-- 2 --><row><cell><ref target='http://www.tei-c.org/release/doc/tei-p5-doc/en/html/ref-editor.html'>editor</ref></cell> <cell>use</cell> <cell>use</cell><cell>2</cell></row>
<!-- 1 --><row><cell><ref target='http://www.tei-c.org/release/doc/tei-p5-doc/en/html/ref-editorialDecl.html'>editorialDecl</ref></cell> <cell> - </cell> <cell>use</cell><cell>1</cell></row>
<!-- 2 --><row><cell><ref target='http://www.tei-c.org/release/doc/tei-p5-doc/en/html/ref-email.html'>email</ref></cell> <cell>use</cell> <cell>use</cell><cell>2</cell></row>
<!-- 1 --><row><cell><ref target='http://www.tei-c.org/release/doc/tei-p5-doc/en/html/ref-emph.html'>emph</ref></cell> <cell> - </cell> <cell>use</cell><cell>1</cell></row>
<!-- 2 --><row><cell><ref target='http://www.tei-c.org/release/doc/tei-p5-doc/en/html/ref-encodingDesc.html'>encodingDesc</ref></cell> <cell>use</cell> <cell>use</cell><cell>2</cell></row>
<!-- 1 --><row><cell><ref target='http://www.tei-c.org/release/doc/tei-p5-doc/en/html/ref-epigraph.html'>epigraph</ref></cell> <cell> - </cell> <cell>use</cell><cell>1</cell></row>
<!-- 1 --><row><cell><ref target='http://www.tei-c.org/release/doc/tei-p5-doc/en/html/ref-expan.html'>expan</ref></cell> <cell> - </cell> <cell>use</cell><cell>1</cell></row>
<!-- 2 --><row><cell><ref target='http://www.tei-c.org/release/doc/tei-p5-doc/en/html/ref-extent.html'>extent</ref></cell> <cell>use</cell> <cell>use</cell><cell>2</cell></row>
<!-- 1 --><row><cell><ref>fallback</ref></cell> <cell> - </cell> <cell>add</cell><cell>1</cell></row>
<!-- 1 --><row><cell><ref target='http://www.tei-c.org/release/doc/tei-p5-doc/en/html/ref-figDesc.html'>figDesc</ref></cell> <cell> - </cell> <cell>change</cell><cell>1</cell></row>
<!-- 2 --><row><cell><ref target='http://www.tei-c.org/release/doc/tei-p5-doc/en/html/ref-figure.html'>figure</ref></cell> <cell>use</cell> <cell>use</cell><cell>2</cell></row>
<!-- 2 --><row><cell><ref target='http://www.tei-c.org/release/doc/tei-p5-doc/en/html/ref-fileDesc.html'>fileDesc</ref></cell> <cell>use</cell> <cell>use</cell><cell>2</cell></row>
<!-- 1 --><row><cell><ref target='http://www.tei-c.org/release/doc/tei-p5-doc/en/html/ref-floatingText.html'>floatingText</ref></cell> <cell> - </cell> <cell>use</cell><cell>1</cell></row>
<!-- 1 --><row><cell><ref target='http://www.tei-c.org/release/doc/tei-p5-doc/en/html/ref-foreign.html'>foreign</ref></cell> <cell> - </cell> <cell>use</cell><cell>1</cell></row>
<!-- 1 --><row><cell><ref target='http://www.tei-c.org/release/doc/tei-p5-doc/en/html/ref-forename.html'>forename</ref></cell> <cell>use</cell> <cell> - </cell><cell>1</cell></row>
<!-- 1 --><row><cell><ref target='http://www.tei-c.org/release/doc/tei-p5-doc/en/html/ref-formula.html'>formula</ref></cell> <cell> - </cell> <cell>use</cell><cell>1</cell></row>
<!-- 2 --><row><cell><ref target='http://www.tei-c.org/release/doc/tei-p5-doc/en/html/ref-front.html'>front</ref></cell> <cell>use</cell> <cell>use</cell><cell>2</cell></row>
<!-- 1 --><row><cell><ref target='http://www.tei-c.org/release/doc/tei-p5-doc/en/html/ref-funder.html'>funder</ref></cell> <cell> - </cell> <cell>use</cell><cell>1</cell></row>
<!-- 1 --><row><cell><ref target='http://www.tei-c.org/release/doc/tei-p5-doc/en/html/ref-gloss.html'>gloss</ref></cell> <cell> - </cell> <cell>use</cell><cell>1</cell></row>
<!-- 2 --><row><cell><ref target='http://www.tei-c.org/release/doc/tei-p5-doc/en/html/ref-graphic.html'>graphic</ref></cell> <cell>use</cell> <cell>use</cell><cell>2</cell></row>
<!-- 1 --><row><cell><ref target='http://www.tei-c.org/release/doc/tei-p5-doc/en/html/ref-group.html'>group</ref></cell> <cell> - </cell> <cell>use</cell><cell>1</cell></row>
<!-- 2 --><row><cell><ref target='http://www.tei-c.org/release/doc/tei-p5-doc/en/html/ref-head.html'>head</ref></cell> <cell>use</cell> <cell>use</cell><cell>2</cell></row>
<!-- 1 --><row><cell><ref target='http://www.tei-c.org/release/doc/tei-p5-doc/en/html/ref-headItem.html'>headItem</ref></cell> <cell> - </cell> <cell>use</cell><cell>1</cell></row>
<!-- 1 --><row><cell><ref target='http://www.tei-c.org/release/doc/tei-p5-doc/en/html/ref-headLabel.html'>headLabel</ref></cell> <cell> - </cell> <cell>use</cell><cell>1</cell></row>
<!-- 2 --><row><cell><ref target='http://www.tei-c.org/release/doc/tei-p5-doc/en/html/ref-hi.html'>hi</ref></cell> <cell>use</cell> <cell>use</cell><cell>2</cell></row>
<!-- 2 --><row><cell><ref target='http://www.tei-c.org/release/doc/tei-p5-doc/en/html/ref-idno.html'>idno</ref></cell> <cell>use</cell> <cell>use</cell><cell>2</cell></row>
<!-- 1 --><row><cell><ref target='http://www.tei-c.org/release/doc/tei-p5-doc/en/html/ref-imprimatur.html'>imprimatur</ref></cell> <cell> - </cell> <cell>use</cell><cell>1</cell></row>
<!-- 1 --><row><cell><ref target='http://www.tei-c.org/release/doc/tei-p5-doc/en/html/ref-imprint.html'>imprint</ref></cell> <cell> - </cell> <cell>use</cell><cell>1</cell></row>
<!-- 1 --><row><cell><ref>include</ref></cell> <cell> - </cell> <cell>add</cell><cell>1</cell></row>
<!-- 1 --><row><cell><ref target='http://www.tei-c.org/release/doc/tei-p5-doc/en/html/ref-index.html'>index</ref></cell> <cell> - </cell> <cell>use</cell><cell>1</cell></row>
<!-- 2 --><row><cell><ref target='http://www.tei-c.org/release/doc/tei-p5-doc/en/html/ref-item.html'>item</ref></cell> <cell>use</cell> <cell>use</cell><cell>2</cell></row>
<!-- 2 --><row><cell><ref target='http://www.tei-c.org/release/doc/tei-p5-doc/en/html/ref-keywords.html'>keywords</ref></cell> <cell>use</cell> <cell>use</cell><cell>2</cell></row>
<!-- 1 --><row><cell><ref target='http://www.tei-c.org/release/doc/tei-p5-doc/en/html/ref-l.html'>l</ref></cell> <cell> - </cell> <cell>use</cell><cell>1</cell></row>
<!-- 2 --><row><cell><ref target='http://www.tei-c.org/release/doc/tei-p5-doc/en/html/ref-label.html'>label</ref></cell> <cell>use</cell> <cell>use</cell><cell>2</cell></row>
<!-- 2 --><row><cell><ref target='http://www.tei-c.org/release/doc/tei-p5-doc/en/html/ref-langUsage.html'>langUsage</ref></cell> <cell>use</cell> <cell>use</cell><cell>2</cell></row>
<!-- 2 --><row><cell><ref target='http://www.tei-c.org/release/doc/tei-p5-doc/en/html/ref-language.html'>language</ref></cell> <cell>change</cell> <cell>use</cell><cell>2</cell></row>
<!-- 2 --><row><cell><ref target='http://www.tei-c.org/release/doc/tei-p5-doc/en/html/ref-lb.html'>lb</ref></cell> <cell>use</cell> <cell>use</cell><cell>2</cell></row>
<!-- 1 --><row><cell><ref target='http://www.tei-c.org/release/doc/tei-p5-doc/en/html/ref-lg.html'>lg</ref></cell> <cell> - </cell> <cell>use</cell><cell>1</cell></row>
<!-- 2 --><row><cell><ref target='http://www.tei-c.org/release/doc/tei-p5-doc/en/html/ref-list.html'>list</ref></cell> <cell>change</cell> <cell>use</cell><cell>2</cell></row>
<!-- 2 --><row><cell><ref target='http://www.tei-c.org/release/doc/tei-p5-doc/en/html/ref-listBibl.html'>listBibl</ref></cell> <cell>use</cell> <cell>use</cell><cell>2</cell></row>
<!-- 1 --><row><cell><ref target='http://www.tei-c.org/release/doc/tei-p5-doc/en/html/ref-meeting.html'>meeting</ref></cell> <cell>use</cell> <cell> - </cell><cell>1</cell></row>
<!-- 1 --><row><cell><ref target='http://www.tei-c.org/release/doc/tei-p5-doc/en/html/ref-milestone.html'>milestone</ref></cell> <cell> - </cell> <cell>use</cell><cell>1</cell></row>
<!-- 1 --><row><cell><ref target='http://www.tei-c.org/release/doc/tei-p5-doc/en/html/ref-monogr.html'>monogr</ref></cell> <cell> - </cell> <cell>use</cell><cell>1</cell></row>
<!-- 2 --><row><cell><ref target='http://www.tei-c.org/release/doc/tei-p5-doc/en/html/ref-name.html'>name</ref></cell> <cell>use</cell> <cell>use</cell><cell>2</cell></row>
<!-- 1 --><row><cell><ref target='http://www.tei-c.org/release/doc/tei-p5-doc/en/html/ref-normalization.html'>normalization</ref></cell> <cell> - </cell> <cell>use</cell><cell>1</cell></row>
<!-- 2 --><row><cell><ref target='http://www.tei-c.org/release/doc/tei-p5-doc/en/html/ref-note.html'>note</ref></cell> <cell>change</cell> <cell>use</cell><cell>2</cell></row>
<!-- 2 --><row><cell><ref target='http://www.tei-c.org/release/doc/tei-p5-doc/en/html/ref-notesStmt.html'>notesStmt</ref></cell> <cell>use</cell> <cell>use</cell><cell>2</cell></row>
<!-- 1 --><row><cell><ref target='http://www.tei-c.org/release/doc/tei-p5-doc/en/html/ref-num.html'>num</ref></cell> <cell> - </cell> <cell>use</cell><cell>1</cell></row>
<!-- 2 --><row><cell><ref target='http://www.tei-c.org/release/doc/tei-p5-doc/en/html/ref-orgName.html'>orgName</ref></cell> <cell>use</cell> <cell>use</cell><cell>2</cell></row>
<!-- 2 --><row><cell><ref target='http://www.tei-c.org/release/doc/tei-p5-doc/en/html/ref-p.html'>p</ref></cell> <cell>use</cell> <cell>use</cell><cell>2</cell></row>
<!-- 2 --><row><cell><ref target='http://www.tei-c.org/release/doc/tei-p5-doc/en/html/ref-pb.html'>pb</ref></cell> <cell>use</cell> <cell>use</cell><cell>2</cell></row>
<!-- 1 --><row><cell><ref target='http://www.tei-c.org/release/doc/tei-p5-doc/en/html/ref-persName.html'>persName</ref></cell> <cell>use</cell> <cell> - </cell><cell>1</cell></row>
<!-- 1 --><row><cell><ref target='http://www.tei-c.org/release/doc/tei-p5-doc/en/html/ref-postBox.html'>postBox</ref></cell> <cell> - </cell> <cell>use</cell><cell>1</cell></row>
<!-- 1 --><row><cell><ref target='http://www.tei-c.org/release/doc/tei-p5-doc/en/html/ref-postCode.html'>postCode</ref></cell> <cell> - </cell> <cell>use</cell><cell>1</cell></row>
<!-- 2 --><row><cell><ref target='http://www.tei-c.org/release/doc/tei-p5-doc/en/html/ref-profileDesc.html'>profileDesc</ref></cell> <cell>use</cell> <cell>use</cell><cell>2</cell></row>
<!-- 2 --><row><cell><ref target='http://www.tei-c.org/release/doc/tei-p5-doc/en/html/ref-projectDesc.html'>projectDesc</ref></cell> <cell>use</cell> <cell>use</cell><cell>2</cell></row>
<!-- 2 --><row><cell><ref target='http://www.tei-c.org/release/doc/tei-p5-doc/en/html/ref-ptr.html'>ptr</ref></cell> <cell>use</cell> <cell>use</cell><cell>2</cell></row>
<!-- 2 --><row><cell><ref target='http://www.tei-c.org/release/doc/tei-p5-doc/en/html/ref-pubPlace.html'>pubPlace</ref></cell> <cell>use</cell> <cell>use</cell><cell>2</cell></row>
<!-- 2 --><row><cell><ref target='http://www.tei-c.org/release/doc/tei-p5-doc/en/html/ref-publicationStmt.html'>publicationStmt</ref></cell> <cell>use</cell> <cell>use</cell><cell>2</cell></row>
<!-- 2 --><row><cell><ref target='http://www.tei-c.org/release/doc/tei-p5-doc/en/html/ref-publisher.html'>publisher</ref></cell> <cell>use</cell> <cell>use</cell><cell>2</cell></row>
<!-- 2 --><row><cell><ref target='http://www.tei-c.org/release/doc/tei-p5-doc/en/html/ref-q.html'>q</ref></cell> <cell>change</cell> <cell>use</cell><cell>2</cell></row>
<!-- 1 --><row><cell><ref target='http://www.tei-c.org/release/doc/tei-p5-doc/en/html/ref-quotation.html'>quotation</ref></cell> <cell> - </cell> <cell>use</cell><cell>1</cell></row>
<!-- 1 --><row><cell><ref target='http://www.tei-c.org/release/doc/tei-p5-doc/en/html/ref-quote.html'>quote</ref></cell> <cell> - </cell> <cell>use</cell><cell>1</cell></row>
<!-- 2 --><row><cell><ref target='http://www.tei-c.org/release/doc/tei-p5-doc/en/html/ref-ref.html'>ref</ref></cell> <cell>use</cell> <cell>use</cell><cell>2</cell></row>
<!-- 1 --><row><cell><ref target='http://www.tei-c.org/release/doc/tei-p5-doc/en/html/ref-relatedItem.html'>relatedItem</ref></cell> <cell>change</cell> <cell> - </cell><cell>1</cell></row>
<!-- 1 --><row><cell><ref target='http://www.tei-c.org/release/doc/tei-p5-doc/en/html/ref-rendition.html'>rendition</ref></cell> <cell>use</cell> <cell> - </cell><cell>1</cell></row>
<!-- 2 --><row><cell><ref target='http://www.tei-c.org/release/doc/tei-p5-doc/en/html/ref-resp.html'>resp</ref></cell> <cell>use</cell> <cell>use</cell><cell>2</cell></row>
<!-- 2 --><row><cell><ref target='http://www.tei-c.org/release/doc/tei-p5-doc/en/html/ref-respStmt.html'>respStmt</ref></cell> <cell>use</cell> <cell>use</cell><cell>2</cell></row>
<!-- 1 --><row><cell><ref target='http://www.tei-c.org/release/doc/tei-p5-doc/en/html/ref-revisionDesc.html'>revisionDesc</ref></cell> <cell> - </cell> <cell>use</cell><cell>1</cell></row>
<!-- 2 --><row><cell><ref target='http://www.tei-c.org/release/doc/tei-p5-doc/en/html/ref-roleName.html'>roleName</ref></cell> <cell>use</cell> <cell>use</cell><cell>2</cell></row>
<!-- 2 --><row><cell><ref target='http://www.tei-c.org/release/doc/tei-p5-doc/en/html/ref-row.html'>row</ref></cell> <cell>use</cell> <cell>use</cell><cell>2</cell></row>
<!-- 2 --><row><cell><ref target='http://www.tei-c.org/release/doc/tei-p5-doc/en/html/ref-s.html'>s</ref></cell> <cell>use</cell> <cell>use</cell><cell>2</cell></row>
<!-- 1 --><row><cell><ref target='http://www.tei-c.org/release/doc/tei-p5-doc/en/html/ref-seg.html'>seg</ref></cell> <cell> - </cell> <cell>use</cell><cell>1</cell></row>
<!-- 1 --><row><cell><ref target='http://www.tei-c.org/release/doc/tei-p5-doc/en/html/ref-series.html'>series</ref></cell> <cell> - </cell> <cell>use</cell><cell>1</cell></row>
<!-- 1 --><row><cell><ref target='http://www.tei-c.org/release/doc/tei-p5-doc/en/html/ref-seriesStmt.html'>seriesStmt</ref></cell> <cell> - </cell> <cell>use</cell><cell>1</cell></row>
<!-- 2 --><row><cell><ref target='http://www.tei-c.org/release/doc/tei-p5-doc/en/html/ref-sourceDesc.html'>sourceDesc</ref></cell> <cell>use</cell> <cell>use</cell><cell>2</cell></row>
<!-- 1 --><row><cell><ref target='http://www.tei-c.org/release/doc/tei-p5-doc/en/html/ref-sp.html'>sp</ref></cell> <cell> - </cell> <cell>use</cell><cell>1</cell></row>
<!-- 1 --><row><cell><ref target='http://www.tei-c.org/release/doc/tei-p5-doc/en/html/ref-speaker.html'>speaker</ref></cell> <cell> - </cell> <cell>use</cell><cell>1</cell></row>
<!-- 1 --><row><cell><ref target='http://www.tei-c.org/release/doc/tei-p5-doc/en/html/ref-sponsor.html'>sponsor</ref></cell> <cell> - </cell> <cell>use</cell><cell>1</cell></row>
<!-- 1 --><row><cell><ref target='http://www.tei-c.org/release/doc/tei-p5-doc/en/html/ref-stage.html'>stage</ref></cell> <cell> - </cell> <cell>use</cell><cell>1</cell></row>
<!-- 1 --><row><cell><ref target='http://www.tei-c.org/release/doc/tei-p5-doc/en/html/ref-street.html'>street</ref></cell> <cell> - </cell> <cell>use</cell><cell>1</cell></row>
<!-- 1 --><row><cell><ref target='http://www.tei-c.org/release/doc/tei-p5-doc/en/html/ref-surname.html'>surname</ref></cell> <cell>use</cell> <cell> - </cell><cell>1</cell></row>
<!-- 2 --><row><cell><ref target='http://www.tei-c.org/release/doc/tei-p5-doc/en/html/ref-table.html'>table</ref></cell> <cell>use</cell> <cell>change</cell><cell>2</cell></row>
<!-- 1 --><row><cell><ref target='http://www.tei-c.org/release/doc/tei-p5-doc/en/html/ref-tagsDecl.html'>tagsDecl</ref></cell> <cell>use</cell> <cell> - </cell><cell>1</cell></row>
<!-- 2 --><row><cell><ref target='http://www.tei-c.org/release/doc/tei-p5-doc/en/html/ref-teiHeader.html'>teiHeader</ref></cell> <cell>change</cell> <cell>use</cell><cell>2</cell></row>
<!-- 1 --><row><cell><ref target='http://www.tei-c.org/release/doc/tei-p5-doc/en/html/ref-term.html'>term</ref></cell> <cell> - </cell> <cell>use</cell><cell>1</cell></row>
<!-- 2 --><row><cell><ref target='http://www.tei-c.org/release/doc/tei-p5-doc/en/html/ref-text.html'>text</ref></cell> <cell>use</cell> <cell>use</cell><cell>2</cell></row>
<!-- 2 --><row><cell><ref target='http://www.tei-c.org/release/doc/tei-p5-doc/en/html/ref-textClass.html'>textClass</ref></cell> <cell>use</cell> <cell>use</cell><cell>2</cell></row>
<!-- 2 --><row><cell><ref target='http://www.tei-c.org/release/doc/tei-p5-doc/en/html/ref-title.html'>title</ref></cell> <cell>use</cell> <cell>use</cell><cell>2</cell></row>
<!-- 1 --><row><cell><ref target='http://www.tei-c.org/release/doc/tei-p5-doc/en/html/ref-titlePage.html'>titlePage</ref></cell> <cell> - </cell> <cell>use</cell><cell>1</cell></row>
<!-- 1 --><row><cell><ref target='http://www.tei-c.org/release/doc/tei-p5-doc/en/html/ref-titlePart.html'>titlePart</ref></cell> <cell> - </cell> <cell>use</cell><cell>1</cell></row>
<!-- 2 --><row><cell><ref target='http://www.tei-c.org/release/doc/tei-p5-doc/en/html/ref-titleStmt.html'>titleStmt</ref></cell> <cell>use</cell> <cell>use</cell><cell>2</cell></row>
</table>
