<?xml version="1.0" encoding="UTF-8"?>
<TEI xmlns="http://www.tei-c.org/ns/1.0" xmlns:xsi="http://www.w3.org/2001/XMLSchema-instance"
	xsi:schemaLocation="http://www.tei-c.org/ns/1.0 http://www.lodel.org/ns/tei.openedition.1.0.xsd">
	<teiHeader>
		<fileDesc>
			<titleStmt>
				<title type="main" xml:lang="fr">Creating a TEI document in Lodel 1.0</title>
				<author>
					<name>Jean-François Rivière</name>
				</author>
				<author>
					<name>Nahuel Angelinetti</name>
				</author>
			</titleStmt>
			<publicationStmt>
				<date/>
			</publicationStmt>
			<sourceDesc>
				<biblFull>
					<titleStmt>
						<title/>
						<respStmt>
							<resp>author</resp>
							<name>Jean-François Rivière</name>
						</respStmt>
					</titleStmt>
					<publicationStmt>
						<date/>
					</publicationStmt>
				</biblFull>
			</sourceDesc>
		</fileDesc>
		<encodingDesc>
			<projectDesc>
				<p/>
			</projectDesc>
			<appInfo>
				<application version="2.32" ident="OTX">
					<label>Opentext - CLEO / Revues.org</label>
					<desc>
						<ref target="http://www.tei-c.org/">We use TEI</ref>
					</desc>
				</application>
			</appInfo>
			<tagsDecl>
				<rendition xml:id="T5" scheme="css">font-style:italic;font-weight:bold</rendition>
				<rendition xml:id="T6" scheme="css"
					>font-style:italic;text-decoration:underline</rendition>
				<rendition xml:id="T7" scheme="css"
					>font-style:italic;text-decoration:underline;font-weight:bold</rendition>
				<rendition xml:id="T10" scheme="css"
					>text-decoration:underline;font-weight:bold</rendition>
				<rendition xml:id="T12" scheme="css">vertical-align:super</rendition>
				<rendition xml:id="XML" scheme="css">color:#000096 </rendition>
				<rendition xml:id="warning" scheme="css">color:red;font-size:2em</rendition>
				<rendition xml:id="XMLattribut" scheme="css">color:#F5844C</rendition>

			</tagsDecl>

		</encodingDesc>
		<profileDesc>
			<langUsage>
				<language ident="fr"/>
			</langUsage>
			<textClass/>
		</profileDesc>
	</teiHeader>
	<text>
		<front>
			<div type="abstract" xml:lang="en">
				<p>These instructions look at XML markup for documents due to be imported into Lodel
					1.0. The Xpaths suggested here feature in Revues.org’s editorial model.</p>
			</div>
			<div type="abstract" xml:lang="fr">
				<p>Ce document présente les spécifications pour le balisage XML de documents en vue
					de leur importation dans Lodel 1.0. Les Xpath proposés ici sont définis dans le
					modèle éditorial de Revues.org. Voyez en français : <ref
						target="http://www.lodel.org/701"
						>Composer un document en TEI pour Lodel 1.0</ref>.</p>
			</div>
		</front>
		<body>
			<p>These instructions look at XML markup for documents intended for import into Lodel
				1.0. The Xpaths suggested here feature in Revues.org’s editorial model. An example
				TEI document is provided in the annex: <hi rend="italic"
					>Lorem-ipsum-Lodel1.0.xml</hi>. You will also find this documentation in its TEI
				version here: <hi rend="italic">Styler-en-XML-pour-lodel-1.0.xml</hi></p>
			<p>The TEI Openedition TEI schema is available at this address: <ref
					target="http://www.lodel.org/ns/tei.openedition.1.0.xsd"
					>http://www.lodel.org/ns/tei.openedition.1.0.xsd</ref>. Its technical
				documentation is available at this address: <ref target="http://www.lodel.org/715"
					>http://www.lodel.org/715</ref></p>
			<div type="div1">
				<head subtype="level1">teiHeader</head>
				<div type="div2">
					<head subtype="level2">Title, subtitle, suptitle, translated titles</head>
					<p>Make sure that each title:</p>
					<list type="unordered">
						<item>
							<p>Is a single paragraph, without line break (<hi rendition="#XML"
									>&lt;lb /&gt;</hi>) ; </p>
						</item>
						<item>
							<p>Is in lower case, except the first letter;</p>
						</item>
						<item>
							<p>Does not finish with a fullstop.</p>
						</item>
					</list>
					<p>
						<hi rend="bold">Xpath:</hi>
					</p>
					<list type="unordered">
						<item>
							<p>Title<lb/>
								/tei:TEI/tei:teiHeader/tei:fileDesc/tei:titleStmt/tei:title[@type='main']
							</p>
						</item>
						<item>
							<p>Subtitle<lb/>
								/tei:TEI/tei:teiHeader/tei:fileDesc/tei:titleStmt/tei:title[@type='sub']
							</p>
						</item>
						<item>
							<p>Suptitle<lb/>
								/tei:TEI/tei:teiHeader/tei:fileDesc/tei:titleStmt/tei:title[@type='sup']
							</p>
						</item>
						<item>
							<p>Translated titles<lb/>
								/tei:TEI/tei:teiHeader/tei:fileDesc/tei:titleStmt/tei:title[@type='alt'
								and @xml:lang] <lb/> Pout les titres traduits, l'attribut "xml:lang"
								est obligatoire avec un valeur au format ISO 639-1. </p>
						</item>
					</list>
					<p>
						<hi rend="bold">Example:</hi>
					</p>
					<p rend="noindent">
						<code lang="xml">
							<![CDATA[
[...]
<teiHeader>
    <fileDesc>
      <titleStmt>
        <title type="sup">Dolor sit amet</title>
        <title type="main">Lorem ipsum pour Opentext</title>
        <title type="sub">Basé sur le modèle éditorial pour Lodel de Revues.org</title>
        <title type="alt" xml:lang="en">Other travelling salesmen live a life of luxury</title>
        <title type="alt" xml:lang="es">Las preocupaciones son mucho mayores</title>
[...]
]]>
						</code>
					</p>

				</div>
				<div type="div2">
					<head subtype="level2">Authors, translators, academic editor and their
						description</head>
					<p>You can, of course, associate several authors, translators and editors to the
						document.</p>
					<p>Make sure both first names and surnames are displayed in this order and in
						small case, apart from the first letter. This order is important as Lodel
						detects the first name as the first word and the surname as the second when
						the document is imported. In the case of a composite surname, non-breaking
						spaces (<ref target="http://en.wikipedia.org/wiki/Non-breaking_space"
							>http://en.wikipedia.org/wiki/Non-breaking_space</ref>) should be used
						between the different parts of the composite surname to help Lodel correctly
						distinguish first names and surnames. Non-breaking spaces are not necessary
						for composite first names.</p>
					<p>You must always use the same form for author names. Pay special attention to
						the case and spelling of first names. E.g. If two documents from the same
						author are imported into Lodel, and the author is spelled <hi rend="italic"
							>John-Arthur Smith</hi> in the first and <hi rend="italic">John Arthur
							Smith</hi>, without the hyphen, in the second, Lodel will consider them
						as two different authors and will create separate entries in the author
						index.</p>
					<p>
						<hi rend="bold">Xpath:</hi>
					</p>
					<list>
						<item>
							<p>Author<lb/>
								/tei:TEI/tei:teiHeader/tei:fileDesc/tei:titleStmt/tei:author/tei:name
							</p>
						</item>
						<item>
							<p>Translator<lb/>
								/tei:TEI/tei:teiHeader/tei:fileDesc/tei:titleStmt/tei:editor[@role='translator']/tei:name
							</p>
						</item>
						<item>
							<p>Editor<lb/>
								/tei:TEI/tei:teiHeader/tei:fileDesc/tei:titleStmt/tei:editor[not(@role)]/tei:name
							</p>
						</item>
					</list>
					<p>For each contributor, you can also provide a description using the <hi
							rendition="#XML">&lt;affiliation&gt;</hi> tag. You can also use other
						tags to indicate a contributor’s affiliation, position, email address, title
						and web site.</p>
					<p>
						<hi rend="bold">Xpath:</hi>
					</p>
					<list>
						<item>
							<p>Author descriptions<lb/>
								/tei:TEI/tei:teiHeader/tei:fileDesc/tei:titleStmt/tei:author/tei:affiliation/tei:s
								|
								/tei:TEI/tei:teiHeader/tei:fileDesc/tei:titleStmt/tei:editor/tei:affiliation/tei:s
							</p>
						</item>
						<item>
							<p>Affiliation<lb/>
								/tei:TEI/tei:teiHeader/tei:fileDesc/tei:titleStmt/tei:author/tei:orgName/tei:s
								|
								/tei:TEI/tei:teiHeader/tei:fileDesc/tei:titleStmt/tei:editor/tei:orgName/tei:s
							</p>
						</item>
						<item>
							<p>Position<lb/>
								/tei:TEI/tei:teiHeader/tei:fileDesc/tei:titleStmt/tei:author/tei:roleName/tei:s
								|
								/tei:TEI/tei:teiHeader/tei:fileDesc/tei:titleStmt/tei:editor/tei:roleName/tei:s
							</p>
						</item>
						<item>
							<p>Title<lb/>
								/tei:TEI/tei:teiHeader/tei:fileDesc/tei:titleStmt/tei:author/tei:roleName[@type='honorific']/tei:s
								|
								/tei:TEI/tei:teiHeader/tei:fileDesc/tei:titleStmt/tei:editor/tei:roleName[@type='honorific']/tei:s
							</p>
						</item>
						<item>
							<p>Email<lb/>
								/tei:TEI/tei:teiHeader/tei:fileDesc/tei:titleStmt/tei:author/tei:email/tei:s
								|
								/tei:TEI/tei:teiHeader/tei:fileDesc/tei:titleStmt/tei:editor/tei:email/tei:s
							</p>
						</item>
						<item>
							<p>Web<lb/>
								/tei:TEI/tei:teiHeader/tei:fileDesc/tei:titleStmt/tei:author/tei:ref
								|
								/tei:TEI/tei:teiHeader/tei:fileDesc/tei:titleStmt/tei:editor/tei:ref
							</p>
						</item>

					</list>
					<p>
						<hi rend="bold">Example:</hi>
					</p>
					<p rend="noindent">
						<code lang="xml">
							<![CDATA[
[...]
<titleStmt>
[...]
	<author>
		<name>Marin Dacos</name>
		<affiliation>
			Director of the Centre for Open Electronic Publishing (Cléo)
		</affiliation>
		<roleName>
			<s>Director</s>
		</roleName>
		<orgName>
			<s>Cléo</s>
		</orgName>
		<email>
			<s>contact@revues.org</s>
		</email>
		<ref target="http://www.revues.org" type="website">http://www.revues.org</ref>
		<roleName type="honorific">
			<s>M.</s>
		</roleName>
	</author>
	<editor role="translator">
		<name>Jean-François Rivière</name>
		<affiliation>Cléo publishing manager</affiliation>
	</editor>
	<editor>
		<name>Nahuel Angelinetti</name>
		<affiliation>Cléo developer</affiliation>
	</editor>
</titleStmt>
[...]
]]>
						</code>
					</p>
				</div>
				<div type="div2">
					<head subtype="level2">Index: Keywords; geography; chronology; themes</head>
					<p>As for author names, spelling and the case used in index entries should
						always be the same in order to avoid any duplicates in the index.</p>
					<p>
						<hi rend="bold">Xpath:</hi>
					</p>
					<list type="unordered">
						<item>
							<p>Keywords<lb/>
								/tei:TEI/tei:teiHeader/tei:profileDesc/tei:textClass/tei:keywords[@scheme='keyword'
								and xml:lang]/tei:list/tei:item <lb/> For keywords, the "xml:lang"
								attribute is obligatory with a value in ISO 639-1 format.</p>
						</item>
						<item>
							<p>Geographical index<lb/>
								/tei:TEI/tei:teiHeader/tei:profileDesc/tei:textClass/tei:keywords[@scheme='geographical']/tei:list/tei:item
							</p>
						</item>
						<item>
							<p>Chronological index<lb/>
								/tei:TEI/tei:teiHeader/tei:profileDesc/tei:textClass/tei:keywords[@scheme='chronological']/tei:list/tei:item
							</p>
						</item>
						<item>
							<p>Thematic index<lb/>
								/tei:TEI/tei:teiHeader/tei:profileDesc/tei:textClass/tei:keywords[@scheme='subject']/tei:list/tei:item
							</p>
						</item>
					</list>
					<p>
						<hi rend="bold">Example:</hi>
					</p>
					<p rend="noindent">
						<code lang="xml">
							<![CDATA[
<profileDesc>
[...]
	<textClass>
		<keywords scheme="keyword" xml:lang="fr">
			<list>
				<item>aenean</item>
				<item>commodo</item>
				<item>ligula</item>
				<item>eget</item>
				<item>dolor</item>
			</list>
		</keywords>
		<keywords scheme="chronological">
			<list>
				<item>21<hi rend="sup">st</hi> century</item>
			</list>
		</keywords>
		<keywords scheme="geographical">
			<list>
				<item>United Kingdom</item>
				<item>Greater Manchester</item>
				<item>Oldham</item>
			</list>
		</keywords>
[...]
]]>
						</code>
					</p>

				</div>
				<div type="div2">
					<head subtype="level2">Print and electronic publication dates</head>
					<p>The publication dates of print and electronic issues of a document should be
						distinguished.</p>
					<p>If the electronic publication date is not indicated in the document, it will
						be automatically set by Lodel during import at the date of import. If the
						document is reloaded into Lodel, if the date of electronic publication is
						not indicated in the document, it will be automatically set when the
						document is reloaded. In order to retain a stable electronic publication
						date, in the event the document is reloaded, the publication date should be
						indicated in the document imported into Lodel.</p>
					<p>
						<hi rend="bold">Xpath :</hi>
					</p>
					<list type="unordered">
						<item>
							<p>Electronic publication date<lb/>
								/tei:TEI/tei:teiHeader/tei:fileDesc/tei:publicationStmt/tei:date
								<lb/>with the date in the DD/MM/YYYY format</p>
						</item>
						<item>
							<p>Print publication date<lb/>
								/tei:TEI/tei:teiHeader/tei:fileDesc/tei:sourceDesc/tei:biblFull/tei:publicationStmt/tei:date
								<lb/>with the date in the DD/MM/YYYY format</p>
						</item>
					</list>
					<p>
						<hi rend="bold">Example: </hi>
					</p>
					<p rend="noindent">
						<code lang="xml">
							<![CDATA[
<fileDesc>
[...]
	<publicationStmt>
		<date>01/07/2010</date> <!--date of electronic publication-->
[...]
	</publicationStmt>
	<sourceDesc>
		<biblFull>
			<publicationStmt>
				<date>01/07/2008</date> <!--date of print publication-->
			</publicationStmt>
[...]
		</biblFull>
	</sourceDesc>
[...]
]]>
						</code>
					</p>
					<div type="div3">
						<head subtype="level3">Electronic publication dates and embargo
							periods</head>
						<p>For Revues.org journals published with an “embargo period”, Lodel uses
							the electronic publication date to manage display of the article in
							summary or full-text form. For articles with an electronic publishing
							date later than the article’s consultation date, only metadata will be
							displayed (title, author, summary, abstract, etc), while articles with
							an electronic publication date prior to the article’s consultation date
							will be displayed in full text. For a two year “embargo period”, the
							electronic publishing date should be set two years after the print
							publication date. The article will thus become available in full-text
							two years after publication of the print version.</p>
					</div>
				</div>
				<div type="div2">
					<head subtype="level2">Other metadata</head>
					<p>
						<hi rend="bold">Xpath:</hi>
					</p>
					<list type="unordered">
						<item>
							<p>Language<lb/>
								/tei:TEI/tei:teiHeader/tei:profileDesc/tei:langUsage/tei:language
								<lb/>with a value in ISO 639-1 format</p>
						</item>
						<item>
							<p>Pagination<lb/>
								/tei:TEI/tei:teiHeader/tei:fileDesc/tei:sourceDesc/tei:biblFull/tei:publicationStmt/tei:idno[@type='pp']
								<lb/>The print pagination of a document can be set in various ways:
								in Roman numbers or and small capitals (V-XXV), or Arabic numbes
								(5-25). All values are valid. Pagination is indicated without using
								entering p. or pp., as these are generally added automatically. </p>
						</item>
						<item>
							<p>Document number<lb/>
								/tei:TEI/tei:teiHeader/tei:fileDesc/tei:publicationStmt/tei:idno[@type='documentnumber']
								<lb/>This is editorial information that can be displayed in the
								layout and in the document’s electronic reference. The document
								number can be used, for example, to facilitate the citation of
								electronic documents. </p>
						</item>
						<item>
							<p>Licence<lb/>
								/tei:TEI/tei:teiHeader/tei:fileDesc/tei:publicationStmt/tei:availability
							</p>
						</item>
						<item>
							<p>Bibliographical notice for the document<lb/>
								/tei:TEI/tei:teiHeader/tei:fileDesc/tei:sourceDesc/tei:biblFull/tei:notesStmt/tei:note[@type='bibl']
								<lb/>Here you can note the bibliographical reference of the
								document’s print edition</p>
						</item>
					</list>
					<p>
						<hi rend="bold">Example:</hi>
					</p>
					<p rend="noindent">
						<code lang="xml">
							<![CDATA[
<fileDesc>
[...]
	<publicationStmt>
		<date>01/07/2010</date>
		<availability>
			Creative Commons Attribution-NoDerivs 3.0 Unported License
		</availability>
		<idno type="documentnumber">25</idno>
	</publicationStmt>
	<sourceDesc>
		<biblFull>
			<publicationStmt>
				<date>01/07/2008</date>
				<idno type="pp">10-27</idno>
			</publicationStmt>
			<notesStmt>
				<note type="bibl">Bibliographical reference of the article’s print edition.</note>
			</notesStmt>
		</biblFull>
	</sourceDesc>
</fileDesc>
[...]
<profileDesc>
	<langUsage>
		<language>fr</language>
	</langUsage>
[...]
]]>
						</code>
					</p>

				</div>
			</div>
			<div type="div1">
				<head subtype="level1">Text</head>
				<div type="div2">
					<head subtype="level2">Front</head>
					<div type="div3">
						<head subtype="level3">Summaries</head>
						<p>
							<hi rend="bold">Xpath:</hi>
						</p>
						<list type="unordered">
							<item>
								<p>Summaries<lb/>
									/tei:TEI/tei:text/tei:front/tei:div[@type='abstract' and
									@xml:lang] <lb/>As for translated titles, the "xml:lang"
									attribute is obligatory with a value in ISO 639-1 format. </p>
							</item>
						</list>
						<p>
							<hi rend="bold">Example:</hi>
						</p>
						<p rend="noindent">
							<code lang="xml">
								<![CDATA[
[...]
<text>
	<front>
[...]
		<div type="abstract" xml:lang="fr">
			<p>Il était sur le dos, un dos aussi dur qu’une carapace, et, en relevant un peu la tête, il vit, bombé, brun, cloisonné par des arceaux plus rigides, son abdomen sur le haut duquel la couverture, prête à glisser tout à fait, ne tenait plus qu’à peine. Ses nombreuses pattes, lamentablement grêles par comparaison avec la corpulence qu’il avait par ailleurs, grouillaient désespérément sous ses yeux. « Qu’est-ce qui m’est arrivé ? » pensa-t-il.</p>
			<p>Ce n’était pas un rêve. [...]</p>
		</div>
		<div type="abstract" xml:lang="en">
			<p>"Oh, God", he thought, "what a strenuous career it is that I've chosen! Travelling day in and day out. Doing business like this takes much more effort than doing your own business at home, and on top of that there's the curse of travelling, worries about making train connections, bad and irregular food, contact with different people all the time so that you can never get to know anyone or become friendly with them. It can all go to Hell! "He felt a slight itch up on his belly; pushed himself slowly up on his back towards the headboard so that he could lift his head better; found where the itch was, and saw that it was covered with lots of little white spots which he didn't know what to make of; and when he tried to feel the place with one of his legs he drew it quickly back because as soon as he touched it he was overcome by a cold shudder. He slid back into his former position. "Getting up early all the time", he thought, "it makes you stupid. You've got to get enough sleep. Other travelling salesmen live a life of luxury. For instance, whenever I go back to the guest house during the morning to copy out the contract, these gentlemen are always still sitting there eating their breakfasts. I ought to just try that with my boss; I'd get kicked out on the spot. But who knows, maybe that would be the best thing for me. If I didn't have my parents to think about I'd have given in my notice a long time ago, I'd have gone up to the boss and told him just what I think, tell him everything I would, let him know just what I feel. He'd fall right off his desk! And it's a funny sort of business to be sitting up there at your desk, talking down at your subordinates from up there, especially when you have to go right up close because the boss is hard of hearing. Well, there's still some hope; once I've got the money together to pay off my parents' debt to him - another five or six years I suppose - that's definitely what I'll do. That's when I'll make the big change.</p>
		</div>
		<div type="abstract" xml:lang="es">
			<p>Las preocupaciones son mucho mayores cuando se trabaja fuera, por no hablar de las molestias propias de los viajes: estar pendiente de los enlaces de los trenes; la comida mala, irregular; relaciones que cambian constantemente, que nunca llegan a ser verdaderamente cordiales, y en las que no tienen cabida los sentimientos. amsa era viajante de comercio-, y de la pared colgaba una estampa recientemente recortada de una revista ilustrada y puesta en un marco dorado.</p>
		</div>
[...]
]]>
							</code>
						</p>
					</div>
					<div type="div3">
						<head subtype="level3">Reading notes and reviews</head>
						<p>Reading notes and reviews should be styled separately, in separate files.
							They should not be entitled “Reading notes”.</p>
						<p>If the entry does not have its own distinct title, the “Title” style is
							applied to author and title of the reviewed work. It is also possible to
							style bibliographical elements (publisher, place and year of
							publishing…) as a “subtitle”; this means the bibliographical notice also
							features in the summary.</p>
						<p>The title, author name, bibliographical notice and date of publication of
							reviewed works can also be styled as descriptive elements of the
							document.</p>
						<p>This information allows for better referencing and offers the possibility
							to create specific indexes (an index of authors of reviewed works for
							example). This information may be displayed in the layout.</p>
						<p>The document should also be given a title, even if the title is the same
							as content featuring in the “reviewed work” styles.</p>
						<p>
							<hi rend="bold">Xpath:</hi>
						</p>
						<list type="unordered">
							<item>
								<p>Title of the reviewed work <lb/>
									/tei:TEI/tei:text/tei:front/tei:div[@type='review']/tei:p[@rend='review-title']
								</p>
							</item>
							<item>
								<p>Author of the reviewed work<lb/>
									/tei:TEI/tei:text/tei:front/tei:div[@type='review']/tei:p[@rend='review-author']
								</p>
							</item>
							<item>
								<p>Bibliographical notice of the reviewed work<lb/>
									/tei:TEI/tei:text/tei:front/tei:div[@type='review']/tei:p[@rend='review-bibliography']
								</p>
							</item>
							<item>
								<p>Publication date of the reviewed work<lb/>
									/tei:TEI/tei:text/tei:front/tei:div[@type='review']/tei:p[@rend='review-date']
								</p>
							</item>
						</list>
						<p>
							<hi rend="bold">Example:</hi>
						</p>
						<p rend="noindent">
							<code lang="xml">
								<![CDATA[
[...]
<text>
	<front>
[...]
		<div type="review">
			<p rend="review-title">Metamorphosis</p>
			<p rend="review-author">Franz Kafka</p>
			<p rend="review-bibliography"Franz Kafka, <hi rend="italic">The Metamorphosis</hi> [2007], translated by David Wyllie, 60 pages, Echo Library. ISBN 1406819255.</p>
			<p rend="review-date">2009</p>
		</div>
[...]
]]>
							</code>
						</p>
					</div>
					<div type="div3">
						<head subtype="level3">Author notes, editors notes, errata, acknowledgements
							and epigraphs</head>
						<p>
							<hi rend="bold">Xpath:</hi>
						</p>
						<list type="unordered">
							<item>
								<p>Author notes<lb/>
									/tei:TEI/tei:text/tei:front/tei:note[@resp='author']/tei:p </p>
							</item>
							<item>
								<p>Editor notes<lb/>
									/tei:TEI/tei:text/tei:front/tei:note[@resp='editor']/tei:p </p>
							</item>
							<item>
								<p>Erratum<lb/>
									/tei:TEI/tei:text/tei:front/tei:div[@type='correction']/tei:p
								</p>
							</item>
							<item>
								<p>Dedications<lb/>
									/tei:TEI/tei:text/tei:front/tei:div[@type='dedication']/tei:p
								</p>
							</item>
							<item>
								<p>Acknowledgements<lb/>
									/tei:TEI/tei:text/tei:front/tei:div[@type='ack']/tei:p </p>
							</item>
							<item>
								<p>Epigraph<lb/> /tei:TEI/tei:text//tei:div/tei:p[@rend='epigraph']
									<lb/> Epigraphs can be used in the front or within the body of
									the text (at the start of a chapter, for example).</p>
							</item>
						</list>
						<p>
							<hi rend="bold">Example:</hi>
						</p>
						<p rend="noindent">
							<code lang="xml">
								<![CDATA[
[...]
<text>
	<front>
[...]
	<div type="ack">
			<p>I wish to thank the Blind Text Generator website, which provided all the dummy text for this document.</p>
		</div>
		<div type="correction">
			<p>The errata signal all text modifications made after publication.</p>
		</div>
		<note resp="editor">
			<p>
				The dummy text of this document was generated using<ref target="http://www.blindtextgenerator.com/">http://www.blindtextgenerator.com
			</p>
		</note>
		<note resp="author">
			<p>
				The French, English and Spanish summaries are extracts from <hi rend="italic">The Metamorphosis</hi> by Franz Kafka.
			</p>
		</note>
		<div>
			<p rend="epigraph">
				<hi rend="italic">"> One morning, when Gregor Samsa woke from troubled dreams, he found himself transformed in his bed into a horrible vermin.</hi>
				<lb />
				Franz Kafka,
				<hi rend="italic">The Metamorphosis</hi>
			</p>
		</div>
	</front>
[...]
]]>
							</code>
						</p>
					</div>
				</div>
				<div type="div2">
					<head subtype="level2">Body</head>
					<div type="div3">
						<head subtype="level3">Structure of the text and section titles</head>
						<p>The document text should be structured by sections (tags <hi
								rendition="#XML">&lt;div&gt;</hi>).</p>
						<p>Section titles should be indicated as the first element of the section in
							a <hi rendition="#XML">&lt;head&gt;</hi> tag with an attribute of the
							subtype="level1" form</p>
						<p>
							<hi rend="bold">Example:</hi>
						</p>
						<p rend="noindent">
							<code lang="xml">
								<![CDATA[
	<text>
		<div>
			<head subtype="level1">1. ...</head>
			<div>
				<head subtype="level2">1.1. ...</head>
				<p>...</p>
				<div>
					<head subtype="level3">1.1.1. ...</head>
					<p>...</p>
				</div>
				<div>
					<head subtype="level3">1.1.2. ...</head>
					<p>...</p>
				</div>
			</div>
			<div>
				<head  subtype="level2">1.2. ...</head>
				<p>...</p>
			</div>
		</div>
		<div>
			<head subtype="level1">2. ...</head>
			<p>...</p>
		</div>
[...]
]]>
							</code>
						</p>

					</div>

					<div type="div3">
						<head subtype="level3">Footnotes and endnotes</head>
						<p>Footnotes and endnotes should be inserted in the text using <hi
								rendition="#XML">&lt;note&gt;</hi> tags with a <hi
								rendition="#XMLattribut">place</hi> attribute to indicate the type
							of note and an <hi rendition="#XMLattribut">n</hi> attribute to indicate
							the note number. The note content should imperatively be placed in one
							or several paragraphs.</p>
						<p>
							<hi rend="bold">Xpath:</hi>
						</p>
						<list type="unordered">
							<item>
								<p>Footnotes<lb/> //tei:note[@place='foot' and @n]/tei:p </p>
							</item>
							<item>
								<p>Endnotes<lb/> //tei:note[@place='end'and @n]/tei:p </p>
							</item>

						</list>

						<p>
							<hi rend="bold">Example:</hi>
						</p>
						<p rend="noindent">
							<code lang="xml">
								<![CDATA[
[...] 
Curabitur ullamcorper ultricies nisi<note place="foot" n="4">
	<p>Nulla consequat massa quis enim.</p>
</note>. Nam eget dui.<note place="end" n="i">
	<p>Etiam rhoncus.</p>
</note>
[...]
]]>
							</code>
						</p>
						<p>
							<hi rend="bold">Result:</hi>
						</p>
						<p rend="noindent">Curabitur ullamcorper ultricies nisi<note place="foot"
								n="4">
								<p>Nulla consequat massa quis enim.</p>
							</note>. Nam eget dui.<note place="end" n="i">
								<p>Etiam rhoncus.</p>
							</note>
						</p>
					</div>

					<div type="div3">
						<head subtype="level3">Text layout: <hi rendition="#XML">&lt;hi&gt;</hi> 
							tags, <hi rend="italic">rend</hi> and <hi rend="italic">rendition</hi> 
							attributes</head>
						<p>To apply text layouts, you can use the <hi rendition="#XML"
								>&lt;hi&gt;</hi> tag with a rend attribute with the following value:
							italic, bold, sup, sub, uppercase, smallcaps, underline.</p>
						<p>You can also use the <hi rendition="#XML">&lt;hi&gt;</hi> tag with a
							rendition attribute referring to a defined css format style in the
							header (/tei:TEI/tei:teiHeader/tei:encodingDesc/tei:tagsDecl)</p>
						<p>
							<hi rend="bold">Example:</hi>
						</p>
						<p rend="noindent">
							<code lang="xml">
								<![CDATA[
<teiHeader>
[...]
	<fileDesc>
[...]
		<encodingDesc>
[...]
			<tagsDecl>
				<rendition xml:id="T5" scheme="css">font-style:italic;font-weight:bold</rendition>
				<rendition xml:id="T6" scheme="css">font-style:italic;text-decoration:underline</rendition>
				<rendition xml:id="T7" scheme="css">font-style:italic;text-decoration:underline;font-weight:bold</rendition>
				<rendition xml:id="T10" scheme="css">text-decoration:underline;font-weight:bold</rendition>
			</tagsDecl>
		</encodingDesc>
[...]
</teiHeader>
<body>
	<text>
		<div>
			<p>
				<hi rend="italic">Aenean <hi rend="sup">commodo</hi></hi> ligula eget dolor. Aenean massa. 
				<hi rendition="#T5">Cum sociis</hi> 
				natoque 
				<hi rendition="#T6">penatibus et magnis</hi> 
				dis 
				<hi rendition="#T7">parturient montes</hi>, nascetur 
				<hi rendition="#T10">ridiculus mus</hi>.
			</p>
		</div>
[...]
]]>
							</code>
						</p>
						<p>
							<hi rend="bold">Result:</hi>
						</p>
						<p rend="noindent">
							<hi rend="italic">Aenean <hi rend="sup">commodo</hi></hi> ligula eget
							dolor. Aenean massa. <hi rendition="#T5">Cum sociis</hi> natoque <hi
								rendition="#T6">penatibus et magnis</hi> dis <hi rendition="#T7"
								>parturient montes</hi>, nascetur <hi rendition="#T10">ridiculus
								mus</hi>.</p>
					</div>
					<div type="div3">
						<head subtype="level3">Quotations and paragraph styles (questions, answers,
							paragraphs without indents, boxes)</head>
						<p>The following internal styles feature in the editorial model</p>
						<p>
							<hi rend="bold">Xpath :</hi>
						</p>
						<list type="unordered">
							<item>
								<p>Quotation<lb/> //tei:q[@rend='quotation'] </p>
							</item>
							<item>
								<p>Quotation 2<lb/> //tei:q[@rend='quotation2'] </p>
							</item>
							<item>
								<p>Quotation 3<lb/> //tei:q[@rend='quotation3'] </p>
							</item>
							<item>
								<p>Question<lb/> //tei:p[@rend='question'] </p>
							</item>
							<item>
								<p>Answer<lb/> //tei:p[@rend='answer'] </p>
							</item>
							<item>
								<p>Paragraphs without indent <lb/> //tei:p[@rend='noindent'] </p>
							</item>
							<item>
								<p>Box<lb/> //tei:p[@rend='box'] </p>
							</item>
						</list>
						<p>
							<hi rend="bold">Example:</hi>
						</p>
						<p rend="noindent">
							<code lang="xml">
								<![CDATA[
[...]

<q rend="quotation">
	Quotation: Lorem ipsum dolor sit amet, consectetur adipiscing elit. Phasellus condimentum accumsan quam, non hendrerit lacus posuere vel. 
</q>
<q rend="quotation2">
	Quotation 2: Lorem ipsum dolor sit amet, consectetur adipiscing elit. Phasellus condimentum accumsan quam, non hendrerit lacus posuere vel. 
</q>
<q rend="quotation3">
	Quotation 3: Lorem ipsum dolor sit amet, consectetur adipiscing elit. Phasellus condimentum accumsan quam, non hendrerit lacus posuere vel.
</q>
<p rend="question">
	Question: Lorem ipsum dolor sit amet, consectetur adipiscing elit. Phasellus condimentum accumsan quam, non hendrerit lacus posuere vel.
</p>
<p rend="answer">
	Answer: Lorem ipsum dolor sit amet, consectetur adipiscing elit. Phasellus condimentum accumsan quam, non hendrerit lacus posuere vel.  
</p>
<p rend="noindent">
	Paragraph with no indent: Lorem ipsum dolor sit amet, consectetur adipiscing elit. Phasellus condimentum accumsan quam, non hendrerit lacus posuere vel. 
</p>
<p rend="box">
	Box: Lorem ipsum dolor sit amet, consectetur adipiscing elit. Phasellus condimentum accumsan quam, non hendrerit lacus posuere vel. 
</p>
[...]
]]>
							</code>
						</p>
						<p>
							<hi rend="bold">Result:</hi>
						</p>
						<q rend="quotation">Quotation: Lorem ipsum dolor sit amet, consectetur
							adipiscing elit. Phasellus condimentum accumsan quam, non hendrerit
							lacus posuere vel. </q>
						<q rend="quotation2">Quotation 2: Lorem ipsum dolor sit amet, consectetur
							adipiscing elit. Phasellus condimentum accumsan quam, non hendrerit
							lacus posuere vel. </q>
						<q rend="quotation3">Quotation 3: Lorem ipsum dolor sit amet, consectetur
							adipiscing elit. Phasellus condimentum accumsan quam, non hendrerit
							lacus posuere vel. </q>
						<p rend="question">Question: Lorem ipsum dolor sit amet, consectetur
							adipiscing elit. Phasellus condimentum accumsan quam, non hendrerit
							lacus posuere vel. </p>
						<p rend="answer">Answer: Lorem ipsum dolor sit amet, consectetur adipiscing
							elit. Phasellus condimentum accumsan quam, non hendrerit lacus posuere
							vel. </p>
						<p rend="noindent">Paragraph with no indent: Lorem ipsum dolor sit amet,
							consectetur adipiscing elit. Phasellus condimentum accumsan quam, non
							hendrerit lacus posuere vel. </p>
						<p rend="box">Box: Lorem ipsum dolor sit amet, consectetur adipiscing elit.
							Phasellus condimentum accumsan quam, non hendrerit lacus posuere vel.
						</p>
					</div>
					<div type="div3">
						<head subtype="level3">Lists</head>
						<p>Ordered or non-ordered lists are possible and can be interlinked.</p>
						<p>
							<hi rend="bold">Xpath:</hi>
						</p>
						<list type="unordered">
							<item>
								<p>Elements of non-ordered list<lb/>
									//tei:list[@type='unordered']/tei:item </p>
							</item>
							<item>
								<p>Elements of ordered list<lb/>
									//tei:list[@type='ordered']/tei:item </p>
							</item>
						</list>
						<p>
							<hi rend="bold">Example:</hi>
						</p>
						<p rend="noindent">
							<code lang="xml">
								<![CDATA[
[...]
<list xml:id="list2094761347" type="unordered">
	<item>
		Fusce fermentum.
		<list type="unordered">
			<item>
				Nullam cursus lacinia erat.
			</item>
			<item>
				Praesent blandit laoreet nibh. 
			</item>
		</list>
	</item>
	<item>
		Fusce convallis metus id felis luctus adipiscing.
		<list type="ordered">
			<item>
				Pellentesque egestas, 
			</item>
			<item>
				neque sit amet convallis pulvinar,
			</item>
			<item>
				justo nulla eleifend augue, 
			</item>
			<item>
				ac auctor orci leo non est. 
			</item>
		</list>
	</item>
</list>
[...]
]]>
							</code>
						</p>
						<p>
							<hi rend="bold">Result:</hi>
						</p>
						<list xml:id="list2094761347" type="unordered">
							<item> Fusce fermentum. <list type="unordered">
									<item> Nullam cursus lacinia erat. </item>
									<item> Praesent blandit laoreet nibh. </item>
								</list>
							</item>
							<item> Fusce convallis metus id felis luctus adipiscing. <list
									type="ordered">
									<item> Pellentesque egestas, </item>
									<item> neque sit amet convallis pulvinar, </item>
									<item> justo nulla eleifend augue, </item>
									<item> ac auctor orci leo non est. </item>
								</list>
							</item>
						</list>
					</div>
					<div type="div3">
						<head subtype="level3">Tables</head>
						<p>Tables should be formatted using <hi rendition="#XML">&lt;table&gt;</hi>, 
								<hi rendition="#XML">&lt;row&gt;</hi> and <hi rendition="#XML"
								>&lt;cell&gt;</hi> tags. The attributes <hi rendition="#XMLattribut"
								>rows</hi> and <hi rendition="#XMLattribut">cols</hi> enable fusion
							of cells.</p>
						<p>
							<hi rend="bold">Xpath:</hi>
						</p>
						<list type="unordered">
							<item>
								<p> //tei:table </p>
							</item>
							<item>
								<p> //tei:row </p>
							</item>
							<item>
								<p> //tei:cell[@rows and @cols] </p>
							</item>
						</list>
						<p>
							<hi rend="bold">Example:</hi>
						</p>
						<p rend="noindent">
							<code lang="xml">
								<![CDATA[
[...]
<table>
	<row>
		<cell rows="2">
			<s>Batches</s>
		</cell>
		<cell rows="2">
			<s>Data 1</s>
		</cell>
		<cell rows="2">
			<s>Data 2</s>
		</cell>
		<cell cols="2">
			<s>Total</s>
		</cell>
	</row>
	<row>
		<cell>
			<s>
				Total 1<hi rendition="#T12">st</hi> part
			</s>
		</cell>
		<cell>
			<s>
				Total 2<hi rendition="#T12">nd</hi> part
			</s>
		</cell>
	</row>
	<!-- <pb/> -->
	<row>
		<cell rows="2">
			<s>
				 1<hi rendition="#T12">st</hi> batch
			</s>
		</cell>
		<cell>
			<s>12 %</s>
		</cell>
		<cell>
			<s>27 %</s>
		</cell>
		<cell>
			<s>91 %</s>
		</cell>
		<cell>
			<s>98 %</s>
		</cell>
	</row>
	<row>
		<cell>
			<s>26 %</s>
		</cell>
		<cell>
			<s>45 %</s>
		</cell>
		<cell>
			<s>97 %</s>
		</cell>
		<cell>
			<s>92 %</s>
		</cell>
	</row>
	<row>
		<cell rows="2">
			<s>
				2<hi rendition="#T12">nd</hi> batch
			</s>
		</cell>
		<cell>
			<s>24 %</s>
		</cell>
		<cell>
			<s>85 %</s>
		</cell>
		<cell>
			<s>91 %</s>
		</cell>
		<cell>
			<s>94 %</s>
		</cell>
	</row>
	<row>
		<cell>
			<s>54 %</s>
		</cell>
		<cell>
			<s>54 %</s>
		</cell>
		<cell>
			<s>92 %</s>
		</cell>
		<cell>
			<s>92 %</s>
		</cell>
	</row>
</table>
[...]
]]>
							</code>
						</p>
						<p>
							<hi rend="bold">Result :</hi>
						</p>
						<table>
							<row>
								<cell rows="2">
									<s>Batches</s>
								</cell>
								<cell rows="2">
									<s>Data 1</s>
								</cell>
								<cell rows="2">
									<s>Data 2</s>
								</cell>
								<cell cols="2">
									<s>Total</s>
								</cell>
							</row>
							<row>
								<cell>
									<s> Total 1<hi rendition="#T12">st</hi> part </s>
								</cell>
								<cell>
									<s> Total 2<hi rendition="#T12">nd</hi> part </s>
								</cell>
							</row>
							<!-- <pb/> -->
							<row>
								<cell rows="2">
									<s> 1<hi rendition="#T12">st</hi> batch </s>
								</cell>
								<cell>
									<s>12 %</s>
								</cell>
								<cell>
									<s>27 %</s>
								</cell>
								<cell>
									<s>91 %</s>
								</cell>
								<cell>
									<s>98 %</s>
								</cell>
							</row>
							<row>
								<cell>
									<s>26 %</s>
								</cell>
								<cell>
									<s>45 %</s>
								</cell>
								<cell>
									<s>97 %</s>
								</cell>
								<cell>
									<s>92 %</s>
								</cell>
							</row>
							<row>
								<cell rows="2">
									<s> 2<hi rendition="#T12">nd</hi> batch </s>
								</cell>
								<cell>
									<s>24 %</s>
								</cell>
								<cell>
									<s>85 %</s>
								</cell>
								<cell>
									<s>91 %</s>
								</cell>
								<cell>
									<s>94 %</s>
								</cell>
							</row>
							<row>
								<cell>
									<s>54 %</s>
								</cell>
								<cell>
									<s>54 %</s>
								</cell>
								<cell>
									<s>92 %</s>
								</cell>
								<cell>
									<s>92 %</s>
								</cell>
							</row>
						</table>
					</div>


					<div type="div3">
						<head subtype="level3">Hypertext links</head>
						<p>
							<hi rend="bold">Xpath :</hi>
						</p>
						<list type="unordered">
							<item>
								<p> //tei:ref[@target] </p>
							</item>
						</list>
						<p>
							<hi rend="bold">Example:</hi>
						</p>
						<p rend="noindent">
							<code lang="xml">
								<![CDATA[
[...]
<ref target="http://www.openedition.org/">
	OpenEdition: the electronic resource platform for the humanities and social sciences
</ref>
[...]
]]>
							</code>
						</p>
						<p>
							<hi rend="bold">Résultat :</hi>
						</p>
						<p rend="noindent">
							<ref target="http://www.openedition.org/">OpenEdition: the electronic
								resource platform for the humanities and social sciences</ref>
						</p>
					</div>
					<div type="div3">
						<head subtype="level3">Images</head>
						<p>To insert images in a document, you should create a zip archive
							containing the TEI file of the article at the root of the archive and
							the illustrations (in png, jpg or gif format) which can be placed in a
							directory arborescence in the zip archive.</p>
						<p>To insert an illustration in the document, use the <hi rendition="#XML"
								>&lt;graphic&gt;</hi> tag and indicate the path for the image in the
								<hi rendition="#XMLattribut">url</hi> attribute.</p>
						<p>Titles, captions and credits for the image should be styled in the
							paragraphs with a <hi rendition="#XMLattribut">rend="figure-title"</hi>,
								<hi rendition="#XMLattribut">rend="figure-legend"</hi> or <hi
								rendition="#XMLattribut">rend="figure-license"</hi> attribute.</p>
						<p>If you are using the thumbnail filter developed by Revues.org, you must
							respect the following paragraph order:</p>
						<list>
							<item><p>Title of image</p></item>
							<item><p>Image</p></item>
							<item><p>Image caption</p></item>
							<item><p>Image credits</p></item>
						</list>
						<p rend="noindent">None of the descriptive elements (title, caption,
							credits) are obligatory.</p>
						<p>
							<hi rend="bold">Example:</hi>
						</p>
						<p rend="noindent">
							<code lang="xml">
								<![CDATA[
[...]
<p rend="figure-title">Opentext functioning</p>
<p>
	<figure>
		<graphic url="relative/path/to/image/img-1.jpg" />
	</figure>
</p>
<p rend="figure-legend">Diagram produced in September 2009</p>
<p rend="figure-license">Surletoit - licence Creative Commons by-nc-sa</p>
[...]
]]>
							</code>
						</p>

					</div>
					<div type="div3">
						<head subtype="level3">Code</head>
						<p>The <hi rendition="#XML">&lt;code&gt;</hi> tag can contain programming
							language instructions. This code should be included in a CDATA.</p>
						<p>
							<hi rend="bold">Xpath :</hi>
						</p>
						<list type="unordered">
							<item>
								<p> //tei:p/tei:code </p>
							</item>
						</list>
						<p>
							<hi rend="bold">Example:</hi>
						</p>
						<p rend="noindent">
							<code lang="xml"> &lt;p rend="noindent"&gt; &lt;code lang="xml"&gt;
								&lt;]]&gt;&lt;![CDATA[![CDATA[ [...] &lt;ref
								target="http://www.openedition.org/"&gt; OpenEdition: the electronic
								resource platform for the humanities and social sciences
								&lt;/ref&gt; [...] ]]]]&gt;&lt;![CDATA[&gt; &lt;/code&gt; &lt;/p&gt;
							</code>
						</p>
						<p>
							<hi rend="bold">Result:</hi>
						</p>
						<p rend="noindent">
							<code lang="xml">
								<![CDATA[
[...]
<ref target="http://www.openedition.org/">
OpenEdition: the electronic resource platform for the humanities and social sciences
</ref>
[...]
]]>
							</code>
						</p>
					</div>
				</div>
				<div type="div2">
					<head subtype="level2">Back</head>
					<div type="div3">
						<head subtype="level3">Bibliography</head>
						<p>Bibliographies are created using the <hi rendition="#XML"
							>&lt;listBibl&gt;</hi> and <hi rendition="#XML">&lt;bibl&gt;</hi> tags. The bibliography cannot contain sections (<hi rendition="#XML"
								>&lt;div&gt;</hi>), but <hi
									rendition="#XML">&lt;bibl&gt;</hi> tags can be used to insert section titles (see the Xpath).</p>
						<p>
							<hi rend="bold">Xpath:</hi>
						</p>
						<list type="unordered">
							<item>
								<p>Bibliography section<lb/>
									/tei:TEI/tei:text/tei:back/tei:div[@type='bibliography'] </p>
							</item>
							<item>
								<p>Bibliographical reference<lb/>
									/tei:TEI/tei:text/tei:back/tei:div[@type='bibliography']/tei:listBibl/tei:bibl
								</p>
							</item>
							<item>
								<p>Section titles<lb/>
									/tei:TEI/tei:text/tei:back/tei:div[@type='bibliography']/tei:listBibl/tei:bibl[@type='head'
									and @subtype='leveln']<lb/> where 'leveln' has values between 'level1' and 'level6'. </p>
							</item>
						</list>
						<p>
							<hi rend="bold">Example:</hi>
						</p>
						<p rend="noindent">
							<code lang="xml">
								<![CDATA[
[...]
<back>
<div type="bibliography">
	<listBibl>
		<bibl>
			Bennett, Francis et Michael Holdsworth.
			<hi rend="italic" xml:lang="en">Embracing the Digital Age. An Opportunity for Booksellers and the Book Trade</hi>
			. Londres : The Booksellers Association of the United Kingdom &amp; Ireland, 2007.
		</bibl>
		<bibl type="head" subtype="level1">Partie 1</bibl>
		<bibl>
			Carrérot, Olivier, éd.
			hi rend="italic">Qu’est-ce qu’un livre aujourd’hui ? Pages, marges, écrans</hi>
			. Les Cahiers de la Librairie. Paris : La Découverte, 2009.
		</bibl>
[...]
	</listBibl>
</div
[...]
]]>
							</code>
						</p>
					</div>
					<div type="div3">
						<head subtype="level3">Annexes</head>
						<p>Annexes should be placed in an “appendix” type section. The section can contain all elements applicable in the <hi
							rendition="#XML">&lt;body&gt;</hi>: quotations, illustrations, etc.</p>
						<p>
							<hi rend="bold">Xpath :</hi>
						</p>
						<list type="unordered">
							<item>
								<p> /tei:TEI/tei:text/tei:back/tei:div[@type='appendix'] </p>
							</item>
						</list>
						<p>
							<hi rend="bold">Example:</hi>
						</p>
						<p rend="noindent">
							<code lang="xml">
								<![CDATA[
<back>
[...]
	<div type="appendix">
		<div type="div1">
			<head subtype="level1">Vivamus laoreet</head>
			<p>
				Nullam tincidunt adipiscing enim. 
			</p>
			<div type="div2">
				<head subtype="level2">Lorem ipsum</head>
				<p>
					Aenean commodo ligula eget dolor. 
				</p>
				<p rend="figure-title">Fonctionnement d'Opentext</p>
				<p>
					<figure>
						<graphic url="relative/path/to/image/img-1.jpg" />
					</figure>
				</p>
				<p rend="figure-legend">Schéma réalisé en septembre 2009</p>
				<p rend="figure-license">Surletoit - licence Creative Commons by-nc-sa</p>
				<p>
					Quisque rutrum. Aenean imperdiet. Etiam ultricies nisi vel augue. Curabitur ullamcorper ultricies nisi. 
				</p>
				<q rend="quotation">
					Vestibulum purus quam, scelerisque ut, mollis sed, nonummy id, metus. 
				</q>
				<p>
					<hi xml:lang="en">Nunc nonummy metus. </hi>
					Vestibulum volutpat pretium libero.
				</p>
				
			</div>
		</div>
	</div>
[...]
</back>
]]>
							</code>
						</p>
					</div>
				</div>
			</div>
		</body>
		<back/>
	</text>
</TEI>
